;FLAVOR:RepRap
;TIME:1403
;Filament used: 0.637383m
;Layer height: 0.1
;MINX:24.7
;MINY:39.836
;MINZ:0.3
;MAXX:76.164
;MAXY:60.164
;MAXZ:8
;TARGET_MACHINE.NAME:Unknown
;Generated with Cura_SteamEngine 5.10.2
T0
M104 S200
M109 S200
G28 ;Home
G1 Z15.0 F6000 ;Move the platform down 15mm
;Prime the extruder
G92 E0
G1 F200 E3
G92 E0
M82 ;absolute extrusion mode
M83 ;relative extrusion mode
G1 F1500 E-6.5
;LAYER_COUNT:78
;LAYER:0
M107
;MESH:pin.stl
G0 F3600 X33.8 Y58.57 Z0.3
;TYPE:WALL-INNER
G1 F1500 E6.5
G1 F2039.7 X27.1 Y58.575 E0.29499
G1 F1920 X26.542 Y58.223 E0.03086
G1 F1800 X25.9 Y56.615 E0.08638
G1 X25.9 Y43.5 E0.65431
G1 X25.942 Y43.277 E0.01132
G1 X26.542 Y41.777 E0.0806
G1 F1904.8 X27 Y41.43 E0.02709
G1 F2039.7 X33.7 Y41.425 E0.29499
G1 F1555.1 X34.281 Y41.63 E0.03558
G1 F1250 X34.387 Y42.029 E0.02966
G1 X34.812 Y41.674 E0.03978
G1 X34.812 Y41.188 E0.03492
G1 X34.524 Y41.188 E0.02069
G1 F1555.1 X33.7 Y41.075 E0.04803
G1 F2057.1 X27.1 Y41.075 E0.28812
G1 F1920 X26.084 Y41.1 E0.04753
G1 F1800 X25.101 Y41.101 E0.04904
G1 X25.1 Y58.9 E0.888
G1 X26.084 Y58.9 E0.04909
G1 F1920 X27.1 Y58.925 E0.04753
G1 F2039.7 X33.83 Y58.922 E0.29631
G1 F1545.1 X34.524 Y58.812 E0.04084
G1 F1250 X34.812 Y58.812 E0.02069
G1 X34.812 Y58.323 E0.03513
G1 X34.388 Y57.969 E0.03968
G1 X34.281 Y58.37 E0.02982
G1 F1545.1 X33.8 Y58.57 E0.03028
G0 F3600 X33.9 Y58
;TYPE:WALL-OUTER
G1 F1800 X33.869 Y58.108 E0.00561
G1 X33.735 Y58.198 E0.00805
G1 X27.1 Y58.2 E0.33102
G1 X26.914 Y58.075 E0.01118
G1 X26.302 Y56.535 E0.08268
G1 X26.3 Y43.46 E0.65231
G1 X26.914 Y41.925 E0.08248
G1 X27.065 Y41.802 E0.00972
G1 X33.7 Y41.8 E0.33102
G1 X33.869 Y41.892 E0.0096
G1 X33.9 Y42 E0.00561
G1 X33.899 Y43.072 E0.05348
G1 X35.3 Y41.902 E0.09106
G1 X35.3 Y41.018 E0.0441
G1 X35.213 Y40.799 E0.01176
G1 X35.016 Y40.7 E0.011
G1 X25.016 Y40.7 E0.4989
G1 X24.799 Y40.786 E0.01165
G1 X24.7 Y40.98 E0.01087
G1 X24.7 Y58.981 E0.89807
G1 X24.786 Y59.201 E0.01178
G1 X24.98 Y59.3 E0.01087
G1 X34.978 Y59.3 E0.4988
G1 X35.201 Y59.213 E0.01194
G1 X35.3 Y59.016 E0.011
G1 X35.3 Y58.094 E0.046
G1 X33.9 Y56.928 E0.0909
G1 X33.9 Y58 E0.05348
G0 F3600 X33.869 Y58.108
G0 X33.796 Y58.157
G0 X34.552 Y58.32
G0 X26.8 Y58.443
G0 X26.051 Y56.586
G0 X26.051 Y44.731
G0 X26.14 Y41.604
;TYPE:SKIN
G1 F1457.5 X25.53 Y43.161 E0.10303
G1 X25.536 Y41.536 E0.10012
G1 F1411.8 X26.202 Y41.529 E0.04237
G1 X26.14 Y41.604 E0.00619
G0 F3600 X25.502 Y43.458
G1 F1621.6 X25.501 Y56.686 E0.73254
G0 F3600 X26.14 Y58.393
G1 F1406.2 X26.21 Y58.47 E0.00665
G1 X25.536 Y58.461 E0.04305
G1 F1454.5 X25.508 Y56.732 E0.10676
G1 X26.14 Y58.393 E0.10972
G0 F3600 X25.98 Y58.29
G1 F1500 E-6.5
G0 F3600 X35.07 Y58.57
G0 X36.165 Y58.57
G0 X43.835 Y58.57
G0 X53.8 Y58.57
;TYPE:WALL-INNER
G1 F1500 E6.5
G1 F2039.7 X47.1 Y58.575 E0.29499
G1 F1920 X46.542 Y58.223 E0.03086
G1 F1800 X45.9 Y56.615 E0.08638
G1 X45.9 Y43.5 E0.65431
G1 X45.942 Y43.277 E0.01132
G1 X46.542 Y41.777 E0.0806
G1 F1904.8 X47 Y41.43 E0.02709
G1 F2039.7 X53.7 Y41.425 E0.29499
G1 F1555.1 X54.281 Y41.63 E0.03558
G1 F1250 X54.387 Y42.029 E0.02966
G1 X54.812 Y41.674 E0.03978
G1 X54.812 Y41.188 E0.03492
G1 X54.524 Y41.188 E0.02069
G1 F1555.1 X53.7 Y41.075 E0.04803
G1 F2057.1 X47.1 Y41.075 E0.28812
G1 F1920 X46.084 Y41.1 E0.04753
G1 F1800 X45.101 Y41.101 E0.04904
G1 X45.1 Y58.9 E0.888
G1 X46.084 Y58.9 E0.04909
G1 F1920 X47.1 Y58.925 E0.04753
G1 F2039.7 X53.83 Y58.922 E0.29631
G1 F1545.1 X54.524 Y58.812 E0.04084
G1 F1250 X54.812 Y58.812 E0.02069
G1 X54.812 Y58.323 E0.03513
G1 X54.388 Y57.969 E0.03968
G1 X54.281 Y58.37 E0.02982
G1 F1545.1 X53.8 Y58.57 E0.03028
G0 F3600 X53.9 Y58
;TYPE:WALL-OUTER
G1 F1800 X53.869 Y58.108 E0.00561
G1 X53.735 Y58.198 E0.00805
G1 X47.1 Y58.2 E0.33102
G1 X46.914 Y58.075 E0.01118
G1 X46.302 Y56.535 E0.08268
G1 X46.3 Y43.46 E0.65231
G1 X46.914 Y41.925 E0.08248
G1 X47.065 Y41.802 E0.00972
G1 X53.7 Y41.8 E0.33102
G1 X53.869 Y41.892 E0.0096
G1 X53.9 Y42 E0.00561
G1 X53.899 Y43.072 E0.05348
G1 X55.3 Y41.902 E0.09106
G1 X55.3 Y41.018 E0.0441
G1 X55.213 Y40.799 E0.01176
G1 X55.016 Y40.7 E0.011
G1 X45.016 Y40.7 E0.4989
G1 X44.799 Y40.786 E0.01165
G1 X44.7 Y40.98 E0.01087
G1 X44.7 Y58.981 E0.89807
G1 X44.786 Y59.201 E0.01178
G1 X44.98 Y59.3 E0.01087
G1 X54.978 Y59.3 E0.4988
G1 X55.201 Y59.213 E0.01194
G1 X55.3 Y59.016 E0.011
G1 X55.3 Y58.094 E0.046
G1 X53.9 Y56.928 E0.0909
G1 X53.9 Y58 E0.05348
G0 F3600 X53.869 Y58.108
G0 X53.796 Y58.157
G0 X54.552 Y58.32
G0 X46.8 Y58.443
G0 X46.051 Y56.586
G0 X46.051 Y44.731
G0 X46.14 Y41.604
;TYPE:SKIN
G1 F1457.5 X45.53 Y43.161 E0.10303
G1 X45.536 Y41.536 E0.10012
G1 F1411.8 X46.202 Y41.529 E0.04237
G1 X46.14 Y41.604 E0.00619
G0 F3600 X45.502 Y43.458
G1 F1621.6 X45.501 Y56.686 E0.73254
G0 F3600 X46.14 Y58.393
G1 F1406.2 X46.21 Y58.47 E0.00665
G1 X45.536 Y58.461 E0.04305
G1 F1454.5 X45.508 Y56.732 E0.10676
G1 X46.14 Y58.393 E0.10972
G0 F3600 X45.98 Y58.29
G1 F1500 E-6.5
G0 F3600 X55.07 Y58.57
G0 X56.165 Y58.57
G0 X63.835 Y58.57
G0 X73.8 Y58.57
;TYPE:WALL-INNER
G1 F1500 E6.5
G1 F2039.7 X67.1 Y58.575 E0.29499
G1 F1920 X66.542 Y58.223 E0.03086
G1 F1800 X65.9 Y56.615 E0.08638
G1 X65.9 Y43.5 E0.65431
G1 X65.942 Y43.277 E0.01132
G1 X66.542 Y41.777 E0.0806
G1 F1904.8 X67 Y41.43 E0.02709
G1 F2039.7 X73.7 Y41.425 E0.29499
G1 F1555.1 X74.281 Y41.63 E0.03558
G1 F1250 X74.387 Y42.029 E0.02966
G1 X74.812 Y41.674 E0.03978
G1 X74.812 Y41.188 E0.03492
G1 X74.524 Y41.188 E0.02069
G1 F1555.1 X73.7 Y41.075 E0.04803
G1 F2057.1 X67.1 Y41.075 E0.28812
G1 F1920 X66.084 Y41.1 E0.04753
G1 F1800 X65.101 Y41.101 E0.04904
G1 X65.1 Y58.9 E0.888
G1 X66.084 Y58.9 E0.04909
G1 F1920 X67.1 Y58.925 E0.04753
G1 F2039.7 X73.83 Y58.922 E0.29631
G1 F1545.1 X74.524 Y58.812 E0.04084
G1 F1250 X74.812 Y58.812 E0.02069
G1 X74.812 Y58.323 E0.03513
G1 X74.388 Y57.969 E0.03968
G1 X74.281 Y58.37 E0.02982
G1 F1545.1 X73.8 Y58.57 E0.03028
G0 F3600 X73.9 Y58
;TYPE:WALL-OUTER
G1 F1800 X73.869 Y58.108 E0.00561
G1 X73.735 Y58.198 E0.00805
G1 X67.1 Y58.2 E0.33102
G1 X66.914 Y58.075 E0.01118
G1 X66.302 Y56.535 E0.08268
G1 X66.3 Y43.46 E0.65231
G1 X66.914 Y41.925 E0.08248
G1 X67.065 Y41.802 E0.00972
G1 X73.7 Y41.8 E0.33102
G1 X73.869 Y41.892 E0.0096
G1 X73.9 Y42 E0.00561
G1 X73.899 Y43.072 E0.05348
G1 X75.3 Y41.902 E0.09106
G1 X75.3 Y41.018 E0.0441
G1 X75.213 Y40.799 E0.01176
G1 X75.016 Y40.7 E0.011
G1 X65.016 Y40.7 E0.4989
G1 X64.799 Y40.786 E0.01165
G1 X64.7 Y40.98 E0.01087
G1 X64.7 Y58.981 E0.89807
G1 X64.786 Y59.201 E0.01178
G1 X64.98 Y59.3 E0.01087
G1 X74.978 Y59.3 E0.4988
G1 X75.201 Y59.213 E0.01194
G1 X75.3 Y59.016 E0.011
G1 X75.3 Y58.094 E0.046
G1 X73.9 Y56.928 E0.0909
G1 X73.9 Y58 E0.05348
G0 F3600 X73.869 Y58.108
G0 X73.796 Y58.157
G0 X74.552 Y58.32
G0 X66.8 Y58.443
G0 X66.051 Y56.586
G0 X66.051 Y44.731
G0 X66.14 Y41.604
;TYPE:SKIN
G1 F1457.5 X65.53 Y43.161 E0.10303
G1 X65.536 Y41.536 E0.10012
G1 F1411.8 X66.202 Y41.529 E0.04237
G1 X66.14 Y41.604 E0.00619
G0 F3600 X65.502 Y43.458
G1 F1621.6 X65.501 Y56.686 E0.73254
G0 F3600 X66.14 Y58.393
G1 F1406.2 X66.21 Y58.47 E0.00665
G1 X65.536 Y58.461 E0.04305
G1 F1454.5 X65.508 Y56.732 E0.10676
G1 X66.14 Y58.393 E0.10972
G0 F3600 X65.98 Y58.29
G1 F1500 E-6.5
;MESH:NONMESH
G0 F600 X65.98 Y58.29 Z0.4
G0 F3600 X64.93 Y58.57
G0 X63.835 Y58.57
G0 X55.065 Y60.164
G0 X44.777 Y60.163
G0 X36.165 Y58.57
G0 X33.8 Y58.57
;TIME_ELAPSED:25.175762
;LAYER:1
M106 S255
;TYPE:WALL-INNER
;MESH:pin.stl
G1 F1500 E6.5
G1 F3059.5 X27.1 Y58.575 E0.09833
G1 F2880 X26.542 Y58.223 E0.01029
G1 F2700 X25.9 Y56.615 E0.02879
G1 X25.9 Y43.5 E0.2181
G1 X25.942 Y43.277 E0.00377
G1 X26.542 Y41.777 E0.02687
G1 F2857.1 X27 Y41.43 E0.00903
G1 F3059.5 X33.7 Y41.425 E0.09833
G1 F2332.6 X34.281 Y41.63 E0.01186
G1 F1875 X34.387 Y42.029 E0.00989
G1 X34.812 Y41.674 E0.01326
G1 X34.812 Y41.188 E0.01164
G1 X34.524 Y41.188 E0.0069
G1 F2332.6 X33.7 Y41.075 E0.01601
G1 F3085.7 X27.1 Y41.075 E0.09604
G1 F2880 X26.084 Y41.1 E0.01584
G1 F2700 X25.101 Y41.101 E0.01635
G1 X25.1 Y58.9 E0.296
G1 X26.084 Y58.9 E0.01636
G1 F2880 X27.1 Y58.925 E0.01584
G1 F3059.5 X33.83 Y58.922 E0.09877
G1 F2317.6 X34.524 Y58.812 E0.01361
G1 F1875 X34.812 Y58.812 E0.0069
G1 X34.812 Y58.323 E0.01171
G1 X34.388 Y57.969 E0.01323
G1 X34.281 Y58.37 E0.00994
G1 F2317.6 X33.8 Y58.57 E0.01009
G0 F5400 X33.9 Y58
;TYPE:WALL-OUTER
G1 F1800 X33.869 Y58.108 E0.00187
G1 X33.735 Y58.198 E0.00268
G1 X27.1 Y58.2 E0.11034
G1 X26.914 Y58.075 E0.00373
G1 X26.302 Y56.535 E0.02756
G1 X26.3 Y43.46 E0.21744
G1 X26.914 Y41.925 E0.02749
G1 X27.065 Y41.802 E0.00324
G1 X33.7 Y41.8 E0.11034
G1 X33.869 Y41.892 E0.0032
G1 X33.9 Y42 E0.00187
G1 X33.899 Y43.072 E0.01783
G1 X35.3 Y41.902 E0.03035
G1 X35.3 Y41.018 E0.0147
G1 X35.213 Y40.799 E0.00392
G1 X35.016 Y40.7 E0.00367
G1 X25.016 Y40.7 E0.1663
G1 X24.799 Y40.786 E0.00388
G1 X24.7 Y40.98 E0.00362
G1 X24.7 Y58.981 E0.29936
G1 X24.786 Y59.201 E0.00393
G1 X24.98 Y59.3 E0.00362
G1 X34.978 Y59.3 E0.16627
G1 X35.201 Y59.213 E0.00398
G1 X35.3 Y59.016 E0.00367
G1 X35.3 Y58.094 E0.01533
G1 X33.9 Y56.928 E0.0303
G1 X33.9 Y58 E0.01783
G0 F5400 X33.869 Y58.108
G0 X33.796 Y58.157
G0 X34.552 Y58.32
G0 X26.8 Y58.443
G0 X26.051 Y56.586
G0 X26.051 Y44.731
G0 X26.14 Y41.604
;TYPE:SKIN
G1 F1457.5 X25.53 Y43.161 E0.03434
G1 X25.536 Y41.536 E0.03337
G1 F1411.8 X26.202 Y41.529 E0.01412
G1 X26.14 Y41.604 E0.00206
G0 F5400 X25.502 Y43.458
G1 F1621.6 X25.501 Y56.686 E0.24418
G0 F5400 X26.14 Y58.393
G1 F1406.2 X26.21 Y58.47 E0.00222
G1 X25.536 Y58.461 E0.01435
G1 F1454.5 X25.508 Y56.732 E0.03559
G1 X26.14 Y58.393 E0.03657
G0 F5400 X25.98 Y58.29
G1 F1500 E-6.5
G0 F5400 X35.07 Y58.57
G0 X36.165 Y58.57
G0 X43.835 Y58.57
G0 X53.8 Y58.57
;TYPE:WALL-INNER
G1 F1500 E6.5
G1 F3059.5 X47.1 Y58.575 E0.09833
G1 F2880 X46.542 Y58.223 E0.01029
G1 F2700 X45.9 Y56.615 E0.02879
G1 X45.9 Y43.5 E0.2181
G1 X45.942 Y43.277 E0.00377
G1 X46.542 Y41.777 E0.02687
G1 F2857.1 X47 Y41.43 E0.00903
G1 F3059.5 X53.7 Y41.425 E0.09833
G1 F2332.6 X54.281 Y41.63 E0.01186
G1 F1875 X54.387 Y42.029 E0.00989
G1 X54.812 Y41.674 E0.01326
G1 X54.812 Y41.188 E0.01164
G1 X54.524 Y41.188 E0.0069
G1 F2332.6 X53.7 Y41.075 E0.01601
G1 F3085.7 X47.1 Y41.075 E0.09604
G1 F2880 X46.084 Y41.1 E0.01584
G1 F2700 X45.101 Y41.101 E0.01635
G1 X45.1 Y58.9 E0.296
G1 X46.084 Y58.9 E0.01636
G1 F2880 X47.1 Y58.925 E0.01584
G1 F3059.5 X53.83 Y58.922 E0.09877
G1 F2317.6 X54.524 Y58.812 E0.01361
G1 F1875 X54.812 Y58.812 E0.0069
G1 X54.812 Y58.323 E0.01171
G1 X54.388 Y57.969 E0.01323
G1 X54.281 Y58.37 E0.00994
G1 F2317.6 X53.8 Y58.57 E0.01009
G0 F5400 X53.9 Y58
;TYPE:WALL-OUTER
G1 F1800 X53.869 Y58.108 E0.00187
G1 X53.735 Y58.198 E0.00268
G1 X47.1 Y58.2 E0.11034
G1 X46.914 Y58.075 E0.00373
G1 X46.302 Y56.535 E0.02756
G1 X46.3 Y43.46 E0.21744
G1 X46.914 Y41.925 E0.02749
G1 X47.065 Y41.802 E0.00324
G1 X53.7 Y41.8 E0.11034
G1 X53.869 Y41.892 E0.0032
G1 X53.9 Y42 E0.00187
G1 X53.899 Y43.072 E0.01783
G1 X55.3 Y41.902 E0.03035
G1 X55.3 Y41.018 E0.0147
G1 X55.213 Y40.799 E0.00392
G1 X55.016 Y40.7 E0.00367
G1 X45.016 Y40.7 E0.1663
G1 X44.799 Y40.786 E0.00388
G1 X44.7 Y40.98 E0.00362
G1 X44.7 Y58.981 E0.29936
G1 X44.786 Y59.201 E0.00393
G1 X44.98 Y59.3 E0.00362
G1 X54.978 Y59.3 E0.16627
G1 X55.201 Y59.213 E0.00398
G1 X55.3 Y59.016 E0.00367
G1 X55.3 Y58.094 E0.01533
G1 X53.9 Y56.928 E0.0303
G1 X53.9 Y58 E0.01783
G0 F5400 X53.869 Y58.108
G0 X53.796 Y58.157
G0 X54.552 Y58.32
G0 X46.8 Y58.443
G0 X46.051 Y56.586
G0 X46.051 Y44.731
G0 X46.14 Y41.604
;TYPE:SKIN
G1 F1457.5 X45.53 Y43.161 E0.03434
G1 X45.536 Y41.536 E0.03337
G1 F1411.8 X46.202 Y41.529 E0.01412
G1 X46.14 Y41.604 E0.00206
G0 F5400 X45.502 Y43.458
G1 F1621.6 X45.501 Y56.686 E0.24418
G0 F5400 X46.14 Y58.393
G1 F1406.2 X46.21 Y58.47 E0.00222
G1 X45.536 Y58.461 E0.01435
G1 F1454.5 X45.508 Y56.732 E0.03559
G1 X46.14 Y58.393 E0.03657
G0 F5400 X45.98 Y58.29
G1 F1500 E-6.5
G0 F5400 X55.07 Y58.57
G0 X56.165 Y58.57
G0 X63.835 Y58.57
G0 X73.8 Y58.57
;TYPE:WALL-INNER
G1 F1500 E6.5
G1 F3059.5 X67.1 Y58.575 E0.09833
G1 F2880 X66.542 Y58.223 E0.01029
G1 F2700 X65.9 Y56.615 E0.02879
G1 X65.9 Y43.5 E0.2181
G1 X65.942 Y43.277 E0.00377
G1 X66.542 Y41.777 E0.02687
G1 F2857.1 X67 Y41.43 E0.00903
G1 F3059.5 X73.7 Y41.425 E0.09833
G1 F2332.6 X74.281 Y41.63 E0.01186
G1 F1875 X74.387 Y42.029 E0.00989
G1 X74.812 Y41.674 E0.01326
G1 X74.812 Y41.188 E0.01164
G1 X74.524 Y41.188 E0.0069
G1 F2332.6 X73.7 Y41.075 E0.01601
G1 F3085.7 X67.1 Y41.075 E0.09604
G1 F2880 X66.084 Y41.1 E0.01584
G1 F2700 X65.101 Y41.101 E0.01635
G1 X65.1 Y58.9 E0.296
G1 X66.084 Y58.9 E0.01636
G1 F2880 X67.1 Y58.925 E0.01584
G1 F3059.5 X73.83 Y58.922 E0.09877
G1 F2317.6 X74.524 Y58.812 E0.01361
G1 F1875 X74.812 Y58.812 E0.0069
G1 X74.812 Y58.323 E0.01171
G1 X74.388 Y57.969 E0.01323
G1 X74.281 Y58.37 E0.00994
G1 F2317.6 X73.8 Y58.57 E0.01009
G0 F5400 X73.9 Y58
;TYPE:WALL-OUTER
G1 F1800 X73.869 Y58.108 E0.00187
G1 X73.735 Y58.198 E0.00268
G1 X67.1 Y58.2 E0.11034
G1 X66.914 Y58.075 E0.00373
G1 X66.302 Y56.535 E0.02756
G1 X66.3 Y43.46 E0.21744
G1 X66.914 Y41.925 E0.02749
G1 X67.065 Y41.802 E0.00324
G1 X73.7 Y41.8 E0.11034
G1 X73.869 Y41.892 E0.0032
G1 X73.9 Y42 E0.00187
G1 X73.899 Y43.072 E0.01783
G1 X75.3 Y41.902 E0.03035
G1 X75.3 Y41.018 E0.0147
G1 X75.213 Y40.799 E0.00392
G1 X75.016 Y40.7 E0.00367
G1 X65.016 Y40.7 E0.1663
G1 X64.799 Y40.786 E0.00388
G1 X64.7 Y40.98 E0.00362
G1 X64.7 Y58.981 E0.29936
G1 X64.786 Y59.201 E0.00393
G1 X64.98 Y59.3 E0.00362
G1 X74.978 Y59.3 E0.16627
G1 X75.201 Y59.213 E0.00398
G1 X75.3 Y59.016 E0.00367
G1 X75.3 Y58.094 E0.01533
G1 X73.9 Y56.928 E0.0303
G1 X73.9 Y58 E0.01783
G0 F5400 X73.869 Y58.108
G0 X73.796 Y58.157
G0 X74.552 Y58.32
G0 X66.8 Y58.443
G0 X66.051 Y56.586
G0 X66.051 Y44.731
G0 X66.14 Y41.604
;TYPE:SKIN
G1 F1457.5 X65.53 Y43.161 E0.03434
G1 X65.536 Y41.536 E0.03337
G1 F1411.8 X66.202 Y41.529 E0.01412
G1 X66.14 Y41.604 E0.00206
G0 F5400 X65.502 Y43.458
G1 F1621.6 X65.501 Y56.686 E0.24418
G0 F5400 X66.14 Y58.393
G1 F1406.2 X66.21 Y58.47 E0.00222
G1 X65.536 Y58.461 E0.01435
G1 F1454.5 X65.508 Y56.732 E0.03559
G1 X66.14 Y58.393 E0.03657
G0 F5400 X65.98 Y58.29
G1 F1500 E-6.5
;MESH:NONMESH
G0 F600 X65.98 Y58.29 Z0.5
G0 F5400 X64.93 Y58.57
G0 X63.835 Y58.57
G0 X55.065 Y60.164
G0 X44.777 Y60.163
G0 X36.165 Y58.57
G0 X33.8 Y58.57
;TIME_ELAPSED:44.409516
;LAYER:2
;TYPE:WALL-INNER
;MESH:pin.stl
G1 F1500 E6.5
G1 F4079.3 X27.1 Y58.575 E0.09833
G1 F3840 X26.542 Y58.223 E0.01029
G1 F3600 X25.9 Y56.615 E0.02879
G1 X25.9 Y43.5 E0.2181
G1 X25.942 Y43.277 E0.00377
G1 X26.542 Y41.777 E0.02687
G1 F3809.5 X27 Y41.43 E0.00903
G1 F4079.3 X33.7 Y41.425 E0.09833
G1 F3110.2 X34.281 Y41.63 E0.01186
G1 F2500 X34.387 Y42.029 E0.00989
G1 X34.812 Y41.674 E0.01326
G1 X34.812 Y41.188 E0.01164
G1 X34.524 Y41.188 E0.0069
G1 F3110.2 X33.7 Y41.075 E0.01601
G1 F4114.3 X27.1 Y41.075 E0.09604
G1 F3840 X26.084 Y41.1 E0.01584
G1 F3600 X25.101 Y41.101 E0.01635
G1 X25.1 Y58.9 E0.296
G1 X26.084 Y58.9 E0.01636
G1 F3840 X27.1 Y58.925 E0.01584
G1 F4079.3 X33.83 Y58.922 E0.09877
G1 F3090.1 X34.524 Y58.812 E0.01361
G1 F2500 X34.812 Y58.812 E0.0069
G1 X34.812 Y58.323 E0.01171
G1 X34.388 Y57.969 E0.01323
G1 X34.281 Y58.37 E0.00994
G1 F3090.1 X33.8 Y58.57 E0.01009
G0 F7200 X33.9 Y58
;TYPE:WALL-OUTER
G1 F1800 X33.869 Y58.108 E0.00187
G1 X33.735 Y58.198 E0.00268
G1 X27.1 Y58.2 E0.11034
G1 X26.914 Y58.075 E0.00373
G1 X26.302 Y56.535 E0.02756
G1 X26.3 Y43.46 E0.21744
G1 X26.914 Y41.925 E0.02749
G1 X27.065 Y41.802 E0.00324
G1 X33.7 Y41.8 E0.11034
G1 X33.869 Y41.892 E0.0032
G1 X33.9 Y42 E0.00187
G1 X33.899 Y43.072 E0.01783
G1 X35.3 Y41.902 E0.03035
G1 X35.3 Y41.018 E0.0147
G1 X35.213 Y40.799 E0.00392
G1 X35.016 Y40.7 E0.00367
G1 X25.016 Y40.7 E0.1663
G1 X24.799 Y40.786 E0.00388
G1 X24.7 Y40.98 E0.00362
G1 X24.7 Y58.981 E0.29936
G1 X24.786 Y59.201 E0.00393
G1 X24.98 Y59.3 E0.00362
G1 X34.978 Y59.3 E0.16627
G1 X35.201 Y59.213 E0.00398
G1 X35.3 Y59.016 E0.00367
G1 X35.3 Y58.094 E0.01533
G1 X33.9 Y56.928 E0.0303
G1 X33.9 Y58 E0.01783
G0 F7200 X33.869 Y58.108
G0 X33.796 Y58.157
G0 X34.552 Y58.32
G0 X26.8 Y58.443
G0 X26.051 Y56.586
G0 X26.051 Y44.731
G0 X26.14 Y41.604
;TYPE:SKIN
G1 F1457.5 X25.53 Y43.161 E0.03434
G1 X25.536 Y41.536 E0.03337
G1 F1411.8 X26.202 Y41.529 E0.01412
G1 X26.14 Y41.604 E0.00206
G0 F7200 X25.502 Y43.458
G1 F1621.6 X25.501 Y56.686 E0.24418
G0 F7200 X26.14 Y58.393
G1 F1406.2 X26.21 Y58.47 E0.00222
G1 X25.536 Y58.461 E0.01435
G1 F1454.5 X25.508 Y56.732 E0.03559
G1 X26.14 Y58.393 E0.03657
G0 F7200 X25.98 Y58.29
G1 F1500 E-6.5
G0 F7200 X35.07 Y58.57
G0 X36.165 Y58.57
G0 X43.835 Y58.57
G0 X53.8 Y58.57
;TYPE:WALL-INNER
G1 F1500 E6.5
G1 F4079.3 X47.1 Y58.575 E0.09833
G1 F3840 X46.542 Y58.223 E0.01029
G1 F3600 X45.9 Y56.615 E0.02879
G1 X45.9 Y43.5 E0.2181
G1 X45.942 Y43.277 E0.00377
G1 X46.542 Y41.777 E0.02687
G1 F3809.5 X47 Y41.43 E0.00903
G1 F4079.3 X53.7 Y41.425 E0.09833
G1 F3110.2 X54.281 Y41.63 E0.01186
G1 F2500 X54.387 Y42.029 E0.00989
G1 X54.812 Y41.674 E0.01326
G1 X54.812 Y41.188 E0.01164
G1 X54.524 Y41.188 E0.0069
G1 F3110.2 X53.7 Y41.075 E0.01601
G1 F4114.3 X47.1 Y41.075 E0.09604
G1 F3840 X46.084 Y41.1 E0.01584
G1 F3600 X45.101 Y41.101 E0.01635
G1 X45.1 Y58.9 E0.296
G1 X46.084 Y58.9 E0.01636
G1 F3840 X47.1 Y58.925 E0.01584
G1 F4079.3 X53.83 Y58.922 E0.09877
G1 F3090.1 X54.524 Y58.812 E0.01361
G1 F2500 X54.812 Y58.812 E0.0069
G1 X54.812 Y58.323 E0.01171
G1 X54.388 Y57.969 E0.01323
G1 X54.281 Y58.37 E0.00994
G1 F3090.1 X53.8 Y58.57 E0.01009
G0 F7200 X53.9 Y58
;TYPE:WALL-OUTER
G1 F1800 X53.869 Y58.108 E0.00187
G1 X53.735 Y58.198 E0.00268
G1 X47.1 Y58.2 E0.11034
G1 X46.914 Y58.075 E0.00373
G1 X46.302 Y56.535 E0.02756
G1 X46.3 Y43.46 E0.21744
G1 X46.914 Y41.925 E0.02749
G1 X47.065 Y41.802 E0.00324
G1 X53.7 Y41.8 E0.11034
G1 X53.869 Y41.892 E0.0032
G1 X53.9 Y42 E0.00187
G1 X53.899 Y43.072 E0.01783
G1 X55.3 Y41.902 E0.03035
G1 X55.3 Y41.018 E0.0147
G1 X55.213 Y40.799 E0.00392
G1 X55.016 Y40.7 E0.00367
G1 X45.016 Y40.7 E0.1663
G1 X44.799 Y40.786 E0.00388
G1 X44.7 Y40.98 E0.00362
G1 X44.7 Y58.981 E0.29936
G1 X44.786 Y59.201 E0.00393
G1 X44.98 Y59.3 E0.00362
G1 X54.978 Y59.3 E0.16627
G1 X55.201 Y59.213 E0.00398
G1 X55.3 Y59.016 E0.00367
G1 X55.3 Y58.094 E0.01533
G1 X53.9 Y56.928 E0.0303
G1 X53.9 Y58 E0.01783
G0 F7200 X53.869 Y58.108
G0 X53.796 Y58.157
G0 X54.552 Y58.32
G0 X46.8 Y58.443
G0 X46.051 Y56.586
G0 X46.051 Y44.731
G0 X46.14 Y41.604
;TYPE:SKIN
G1 F1457.5 X45.53 Y43.161 E0.03434
G1 X45.536 Y41.536 E0.03337
G1 F1411.8 X46.202 Y41.529 E0.01412
G1 X46.14 Y41.604 E0.00206
G0 F7200 X45.502 Y43.458
G1 F1621.6 X45.501 Y56.686 E0.24418
G0 F7200 X46.14 Y58.393
G1 F1406.2 X46.21 Y58.47 E0.00222
G1 X45.536 Y58.461 E0.01435
G1 F1454.5 X45.508 Y56.732 E0.03559
G1 X46.14 Y58.393 E0.03657
G0 F7200 X45.98 Y58.29
G1 F1500 E-6.5
G0 F7200 X55.07 Y58.57
G0 X56.165 Y58.57
G0 X63.835 Y58.57
G0 X73.8 Y58.57
;TYPE:WALL-INNER
G1 F1500 E6.5
G1 F4079.3 X67.1 Y58.575 E0.09833
G1 F3840 X66.542 Y58.223 E0.01029
G1 F3600 X65.9 Y56.615 E0.02879
G1 X65.9 Y43.5 E0.2181
G1 X65.942 Y43.277 E0.00377
G1 X66.542 Y41.777 E0.02687
G1 F3809.5 X67 Y41.43 E0.00903
G1 F4079.3 X73.7 Y41.425 E0.09833
G1 F3110.2 X74.281 Y41.63 E0.01186
G1 F2500 X74.387 Y42.029 E0.00989
G1 X74.812 Y41.674 E0.01326
G1 X74.812 Y41.188 E0.01164
G1 X74.524 Y41.188 E0.0069
G1 F3110.2 X73.7 Y41.075 E0.01601
G1 F4114.3 X67.1 Y41.075 E0.09604
G1 F3840 X66.084 Y41.1 E0.01584
G1 F3600 X65.101 Y41.101 E0.01635
G1 X65.1 Y58.9 E0.296
G1 X66.084 Y58.9 E0.01636
G1 F3840 X67.1 Y58.925 E0.01584
G1 F4079.3 X73.83 Y58.922 E0.09877
G1 F3090.1 X74.524 Y58.812 E0.01361
G1 F2500 X74.812 Y58.812 E0.0069
G1 X74.812 Y58.323 E0.01171
G1 X74.388 Y57.969 E0.01323
G1 X74.281 Y58.37 E0.00994
G1 F3090.1 X73.8 Y58.57 E0.01009
G0 F7200 X73.9 Y58
;TYPE:WALL-OUTER
G1 F1800 X73.869 Y58.108 E0.00187
G1 X73.735 Y58.198 E0.00268
G1 X67.1 Y58.2 E0.11034
G1 X66.914 Y58.075 E0.00373
G1 X66.302 Y56.535 E0.02756
G1 X66.3 Y43.46 E0.21744
G1 X66.914 Y41.925 E0.02749
G1 X67.065 Y41.802 E0.00324
G1 X73.7 Y41.8 E0.11034
G1 X73.869 Y41.892 E0.0032
G1 X73.9 Y42 E0.00187
G1 X73.899 Y43.072 E0.01783
G1 X75.3 Y41.902 E0.03035
G1 X75.3 Y41.018 E0.0147
G1 X75.213 Y40.799 E0.00392
G1 X75.016 Y40.7 E0.00367
G1 X65.016 Y40.7 E0.1663
G1 X64.799 Y40.786 E0.00388
G1 X64.7 Y40.98 E0.00362
G1 X64.7 Y58.981 E0.29936
G1 X64.786 Y59.201 E0.00393
G1 X64.98 Y59.3 E0.00362
G1 X74.978 Y59.3 E0.16627
G1 X75.201 Y59.213 E0.00398
G1 X75.3 Y59.016 E0.00367
G1 X75.3 Y58.094 E0.01533
G1 X73.9 Y56.928 E0.0303
G1 X73.9 Y58 E0.01783
G0 F7200 X73.869 Y58.108
G0 X73.796 Y58.157
G0 X74.552 Y58.32
G0 X66.8 Y58.443
G0 X66.051 Y56.586
G0 X66.051 Y44.731
G0 X66.14 Y41.604
;TYPE:SKIN
G1 F1457.5 X65.53 Y43.161 E0.03434
G1 X65.536 Y41.536 E0.03337
G1 F1411.8 X66.202 Y41.529 E0.01412
G1 X66.14 Y41.604 E0.00206
G0 F7200 X65.502 Y43.458
G1 F1621.6 X65.501 Y56.686 E0.24418
G0 F7200 X66.14 Y58.393
G1 F1406.2 X66.21 Y58.47 E0.00222
G1 X65.536 Y58.461 E0.01435
G1 F1454.5 X65.508 Y56.732 E0.03559
G1 X66.14 Y58.393 E0.03657
G0 F7200 X65.98 Y58.29
G1 F1500 E-6.5
;MESH:NONMESH
G0 F600 X65.98 Y58.29 Z0.6
G0 F7200 X64.93 Y58.57
G0 X63.835 Y58.57
G0 X55.065 Y60.164
G0 X44.777 Y60.163
G0 X36.165 Y58.57
G0 X33.8 Y58.57
;TIME_ELAPSED:62.208550
;LAYER:3
;TYPE:WALL-INNER
;MESH:pin.stl
G1 F1500 E6.5
G1 F4079.3 X27.1 Y58.575 E0.09833
G1 F3840 X26.542 Y58.223 E0.01029
G1 F3600 X25.9 Y56.615 E0.02879
G1 X25.9 Y43.5 E0.2181
G1 X25.942 Y43.277 E0.00377
G1 X26.542 Y41.777 E0.02687
G1 F3809.5 X27 Y41.43 E0.00903
G1 F4079.3 X33.7 Y41.425 E0.09833
G1 F3110.2 X34.281 Y41.63 E0.01186
G1 F2500 X34.387 Y42.029 E0.00989
G1 X34.812 Y41.674 E0.01326
G1 X34.812 Y41.188 E0.01164
G1 X34.524 Y41.188 E0.0069
G1 F3110.2 X33.7 Y41.075 E0.01601
G1 F4114.3 X27.1 Y41.075 E0.09604
G1 F3840 X26.084 Y41.1 E0.01584
G1 F3600 X25.101 Y41.101 E0.01635
G1 X25.1 Y58.9 E0.296
G1 X26.084 Y58.9 E0.01636
G1 F3840 X27.1 Y58.925 E0.01584
G1 F4079.3 X33.83 Y58.922 E0.09877
G1 F3090.1 X34.524 Y58.812 E0.01361
G1 F2500 X34.812 Y58.812 E0.0069
G1 X34.812 Y58.323 E0.01171
G1 X34.388 Y57.969 E0.01323
G1 X34.281 Y58.37 E0.00994
G1 F3090.1 X33.8 Y58.57 E0.01009
G0 F7200 X33.9 Y58
;TYPE:WALL-OUTER
G1 F1800 X33.869 Y58.108 E0.00187
G1 X33.735 Y58.198 E0.00268
G1 X27.1 Y58.2 E0.11034
G1 X26.914 Y58.075 E0.00373
G1 X26.302 Y56.535 E0.02756
G1 X26.3 Y43.46 E0.21744
G1 X26.914 Y41.925 E0.02749
G1 X27.065 Y41.802 E0.00324
G1 X33.7 Y41.8 E0.11034
G1 X33.869 Y41.892 E0.0032
G1 X33.9 Y42 E0.00187
G1 X33.899 Y43.072 E0.01783
G1 X35.3 Y41.902 E0.03035
G1 X35.3 Y41.018 E0.0147
G1 X35.213 Y40.799 E0.00392
G1 X35.016 Y40.7 E0.00367
G1 X25.016 Y40.7 E0.1663
G1 X24.799 Y40.786 E0.00388
G1 X24.7 Y40.98 E0.00362
G1 X24.7 Y58.981 E0.29936
G1 X24.786 Y59.201 E0.00393
G1 X24.98 Y59.3 E0.00362
G1 X34.978 Y59.3 E0.16627
G1 X35.201 Y59.213 E0.00398
G1 X35.3 Y59.016 E0.00367
G1 X35.3 Y58.094 E0.01533
G1 X33.9 Y56.928 E0.0303
G1 X33.9 Y58 E0.01783
G0 F7200 X33.869 Y58.108
G0 X33.796 Y58.157
G0 X34.552 Y58.32
G0 X26.8 Y58.443
G0 X26.051 Y56.586
G0 X26.051 Y44.731
G0 X26.14 Y41.604
;TYPE:SKIN
G1 F1457.5 X25.53 Y43.161 E0.03434
G1 X25.536 Y41.536 E0.03337
G1 F1411.8 X26.202 Y41.529 E0.01412
G1 X26.14 Y41.604 E0.00206
G0 F7200 X25.502 Y43.458
G1 F1621.6 X25.501 Y56.686 E0.24418
G0 F7200 X26.14 Y58.393
G1 F1406.2 X26.21 Y58.47 E0.00222
G1 X25.536 Y58.461 E0.01435
G1 F1454.5 X25.508 Y56.732 E0.03559
G1 X26.14 Y58.393 E0.03657
G0 F7200 X25.98 Y58.29
G1 F1500 E-6.5
G0 F7200 X35.07 Y58.57
G0 X36.165 Y58.57
G0 X43.835 Y58.57
G0 X53.8 Y58.57
;TYPE:WALL-INNER
G1 F1500 E6.5
G1 F4079.3 X47.1 Y58.575 E0.09833
G1 F3840 X46.542 Y58.223 E0.01029
G1 F3600 X45.9 Y56.615 E0.02879
G1 X45.9 Y43.5 E0.2181
G1 X45.942 Y43.277 E0.00377
G1 X46.542 Y41.777 E0.02687
G1 F3809.5 X47 Y41.43 E0.00903
G1 F4079.3 X53.7 Y41.425 E0.09833
G1 F3110.2 X54.281 Y41.63 E0.01186
G1 F2500 X54.387 Y42.029 E0.00989
G1 X54.812 Y41.674 E0.01326
G1 X54.812 Y41.188 E0.01164
G1 X54.524 Y41.188 E0.0069
G1 F3110.2 X53.7 Y41.075 E0.01601
G1 F4114.3 X47.1 Y41.075 E0.09604
G1 F3840 X46.084 Y41.1 E0.01584
G1 F3600 X45.101 Y41.101 E0.01635
G1 X45.1 Y58.9 E0.296
G1 X46.084 Y58.9 E0.01636
G1 F3840 X47.1 Y58.925 E0.01584
G1 F4079.3 X53.83 Y58.922 E0.09877
G1 F3090.1 X54.524 Y58.812 E0.01361
G1 F2500 X54.812 Y58.812 E0.0069
G1 X54.812 Y58.323 E0.01171
G1 X54.388 Y57.969 E0.01323
G1 X54.281 Y58.37 E0.00994
G1 F3090.1 X53.8 Y58.57 E0.01009
G0 F7200 X53.9 Y58
;TYPE:WALL-OUTER
G1 F1800 X53.869 Y58.108 E0.00187
G1 X53.735 Y58.198 E0.00268
G1 X47.1 Y58.2 E0.11034
G1 X46.914 Y58.075 E0.00373
G1 X46.302 Y56.535 E0.02756
G1 X46.3 Y43.46 E0.21744
G1 X46.914 Y41.925 E0.02749
G1 X47.065 Y41.802 E0.00324
G1 X53.7 Y41.8 E0.11034
G1 X53.869 Y41.892 E0.0032
G1 X53.9 Y42 E0.00187
G1 X53.899 Y43.072 E0.01783
G1 X55.3 Y41.902 E0.03035
G1 X55.3 Y41.018 E0.0147
G1 X55.213 Y40.799 E0.00392
G1 X55.016 Y40.7 E0.00367
G1 X45.016 Y40.7 E0.1663
G1 X44.799 Y40.786 E0.00388
G1 X44.7 Y40.98 E0.00362
G1 X44.7 Y58.981 E0.29936
G1 X44.786 Y59.201 E0.00393
G1 X44.98 Y59.3 E0.00362
G1 X54.978 Y59.3 E0.16627
G1 X55.201 Y59.213 E0.00398
G1 X55.3 Y59.016 E0.00367
G1 X55.3 Y58.094 E0.01533
G1 X53.9 Y56.928 E0.0303
G1 X53.9 Y58 E0.01783
G0 F7200 X53.869 Y58.108
G0 X53.796 Y58.157
G0 X54.552 Y58.32
G0 X46.8 Y58.443
G0 X46.051 Y56.586
G0 X46.051 Y44.731
G0 X46.14 Y41.604
;TYPE:SKIN
G1 F1457.5 X45.53 Y43.161 E0.03434
G1 X45.536 Y41.536 E0.03337
G1 F1411.8 X46.202 Y41.529 E0.01412
G1 X46.14 Y41.604 E0.00206
G0 F7200 X45.502 Y43.458
G1 F1621.6 X45.501 Y56.686 E0.24418
G0 F7200 X46.14 Y58.393
G1 F1406.2 X46.21 Y58.47 E0.00222
G1 X45.536 Y58.461 E0.01435
G1 F1454.5 X45.508 Y56.732 E0.03559
G1 X46.14 Y58.393 E0.03657
G0 F7200 X45.98 Y58.29
G1 F1500 E-6.5
G0 F7200 X55.07 Y58.57
G0 X56.165 Y58.57
G0 X63.835 Y58.57
G0 X73.8 Y58.57
;TYPE:WALL-INNER
G1 F1500 E6.5
G1 F4079.3 X67.1 Y58.575 E0.09833
G1 F3840 X66.542 Y58.223 E0.01029
G1 F3600 X65.9 Y56.615 E0.02879
G1 X65.9 Y43.5 E0.2181
G1 X65.942 Y43.277 E0.00377
G1 X66.542 Y41.777 E0.02687
G1 F3809.5 X67 Y41.43 E0.00903
G1 F4079.3 X73.7 Y41.425 E0.09833
G1 F3110.2 X74.281 Y41.63 E0.01186
G1 F2500 X74.387 Y42.029 E0.00989
G1 X74.812 Y41.674 E0.01326
G1 X74.812 Y41.188 E0.01164
G1 X74.524 Y41.188 E0.0069
G1 F3110.2 X73.7 Y41.075 E0.01601
G1 F4114.3 X67.1 Y41.075 E0.09604
G1 F3840 X66.084 Y41.1 E0.01584
G1 F3600 X65.101 Y41.101 E0.01635
G1 X65.1 Y58.9 E0.296
G1 X66.084 Y58.9 E0.01636
G1 F3840 X67.1 Y58.925 E0.01584
G1 F4079.3 X73.83 Y58.922 E0.09877
G1 F3090.1 X74.524 Y58.812 E0.01361
G1 F2500 X74.812 Y58.812 E0.0069
G1 X74.812 Y58.323 E0.01171
G1 X74.388 Y57.969 E0.01323
G1 X74.281 Y58.37 E0.00994
G1 F3090.1 X73.8 Y58.57 E0.01009
G0 F7200 X73.9 Y58
;TYPE:WALL-OUTER
G1 F1800 X73.869 Y58.108 E0.00187
G1 X73.735 Y58.198 E0.00268
G1 X67.1 Y58.2 E0.11034
G1 X66.914 Y58.075 E0.00373
G1 X66.302 Y56.535 E0.02756
G1 X66.3 Y43.46 E0.21744
G1 X66.914 Y41.925 E0.02749
G1 X67.065 Y41.802 E0.00324
G1 X73.7 Y41.8 E0.11034
G1 X73.869 Y41.892 E0.0032
G1 X73.9 Y42 E0.00187
G1 X73.899 Y43.072 E0.01783
G1 X75.3 Y41.902 E0.03035
G1 X75.3 Y41.018 E0.0147
G1 X75.213 Y40.799 E0.00392
G1 X75.016 Y40.7 E0.00367
G1 X65.016 Y40.7 E0.1663
G1 X64.799 Y40.786 E0.00388
G1 X64.7 Y40.98 E0.00362
G1 X64.7 Y58.981 E0.29936
G1 X64.786 Y59.201 E0.00393
G1 X64.98 Y59.3 E0.00362
G1 X74.978 Y59.3 E0.16627
G1 X75.201 Y59.213 E0.00398
G1 X75.3 Y59.016 E0.00367
G1 X75.3 Y58.094 E0.01533
G1 X73.9 Y56.928 E0.0303
G1 X73.9 Y58 E0.01783
G0 F7200 X73.869 Y58.108
G0 X73.796 Y58.157
G0 X74.552 Y58.32
G0 X66.8 Y58.443
G0 X66.051 Y56.586
G0 X66.051 Y44.731
G0 X66.14 Y41.604
;TYPE:SKIN
G1 F1457.5 X65.53 Y43.161 E0.03434
G1 X65.536 Y41.536 E0.03337
G1 F1411.8 X66.202 Y41.529 E0.01412
G1 X66.14 Y41.604 E0.00206
G0 F7200 X65.502 Y43.458
G1 F1621.6 X65.501 Y56.686 E0.24418
G0 F7200 X66.14 Y58.393
G1 F1406.2 X66.21 Y58.47 E0.00222
G1 X65.536 Y58.461 E0.01435
G1 F1454.5 X65.508 Y56.732 E0.03559
G1 X66.14 Y58.393 E0.03657
G0 F7200 X65.98 Y58.29
G1 F1500 E-6.5
;MESH:NONMESH
G0 F600 X65.98 Y58.29 Z0.7
G0 F7200 X64.93 Y58.57
G0 X63.835 Y58.57
G0 X55.065 Y60.164
G0 X44.777 Y60.163
G0 X36.165 Y58.57
G0 X33.8 Y58.57
;TIME_ELAPSED:80.007584
;LAYER:4
;TYPE:WALL-INNER
;MESH:pin.stl
G1 F1500 E6.5
G1 F4079.3 X27.1 Y58.575 E0.09833
G1 F3840 X26.542 Y58.223 E0.01029
G1 F3600 X25.9 Y56.615 E0.02879
G1 X25.9 Y43.5 E0.2181
G1 X25.942 Y43.277 E0.00377
G1 X26.542 Y41.777 E0.02687
G1 F3809.5 X27 Y41.43 E0.00903
G1 F4079.3 X33.7 Y41.425 E0.09833
G1 F3110.2 X34.281 Y41.63 E0.01186
G1 F2500 X34.387 Y42.029 E0.00989
G1 X34.812 Y41.674 E0.01326
G1 X34.812 Y41.188 E0.01164
G1 X34.524 Y41.188 E0.0069
G1 F3110.2 X33.7 Y41.075 E0.01601
G1 F4114.3 X27.1 Y41.075 E0.09604
G1 F3840 X26.084 Y41.1 E0.01584
G1 F3600 X25.101 Y41.101 E0.01635
G1 X25.1 Y58.9 E0.296
G1 X26.084 Y58.9 E0.01636
G1 F3840 X27.1 Y58.925 E0.01584
G1 F4079.3 X33.83 Y58.922 E0.09877
G1 F3090.1 X34.524 Y58.812 E0.01361
G1 F2500 X34.812 Y58.812 E0.0069
G1 X34.812 Y58.323 E0.01171
G1 X34.388 Y57.969 E0.01323
G1 X34.281 Y58.37 E0.00994
G1 F3090.1 X33.8 Y58.57 E0.01009
G0 F7200 X33.9 Y58
;TYPE:WALL-OUTER
G1 F1800 X33.869 Y58.108 E0.00187
G1 X33.735 Y58.198 E0.00268
G1 X27.1 Y58.2 E0.11034
G1 X26.914 Y58.075 E0.00373
G1 X26.302 Y56.535 E0.02756
G1 X26.3 Y43.46 E0.21744
G1 X26.914 Y41.925 E0.02749
G1 X27.065 Y41.802 E0.00324
G1 X33.7 Y41.8 E0.11034
G1 X33.869 Y41.892 E0.0032
G1 X33.9 Y42 E0.00187
G1 X33.899 Y43.072 E0.01783
G1 X35.3 Y41.902 E0.03035
G1 X35.3 Y41.018 E0.0147
G1 X35.213 Y40.8 E0.0039
G1 X35.013 Y40.7 E0.00372
G1 X25.016 Y40.7 E0.16625
G1 X24.799 Y40.785 E0.00388
G1 X24.7 Y40.984 E0.0037
G1 X24.701 Y59.075 E0.30085
G1 X24.786 Y59.2 E0.00251
G1 X24.984 Y59.3 E0.00369
G1 X34.978 Y59.3 E0.1662
G1 X35.201 Y59.213 E0.00398
G1 X35.3 Y59.013 E0.00371
G1 X35.3 Y58.094 E0.01528
G1 X33.9 Y56.928 E0.0303
G1 X33.9 Y58 E0.01783
G0 F7200 X33.869 Y58.108
G0 X33.796 Y58.157
G0 X34.552 Y58.32
G0 X26.8 Y58.443
G0 X26.051 Y56.586
G0 X26.051 Y44.731
G0 X26.14 Y41.604
;TYPE:SKIN
G1 F1457.5 X25.53 Y43.161 E0.03434
G1 X25.536 Y41.536 E0.03337
G1 F1411.8 X26.202 Y41.529 E0.01412
G1 X26.14 Y41.604 E0.00206
G0 F7200 X25.502 Y43.458
G1 F1621.6 X25.501 Y56.686 E0.24418
G0 F7200 X26.14 Y58.393
G1 F1406.2 X26.21 Y58.47 E0.00222
G1 X25.536 Y58.461 E0.01435
G1 F1454.5 X25.508 Y56.732 E0.03559
G1 X26.14 Y58.393 E0.03657
G0 F7200 X25.98 Y58.29
G1 F1500 E-6.5
G0 F7200 X35.07 Y58.57
G0 X36.165 Y58.57
G0 X43.835 Y58.57
G0 X53.8 Y58.57
;TYPE:WALL-INNER
G1 F1500 E6.5
G1 F4079.3 X47.1 Y58.575 E0.09833
G1 F3840 X46.542 Y58.223 E0.01029
G1 F3600 X45.9 Y56.615 E0.02879
G1 X45.9 Y43.5 E0.2181
G1 X45.942 Y43.277 E0.00377
G1 X46.542 Y41.777 E0.02687
G1 F3809.5 X47 Y41.43 E0.00903
G1 F4079.3 X53.7 Y41.425 E0.09833
G1 F3110.2 X54.281 Y41.63 E0.01186
G1 F2500 X54.387 Y42.029 E0.00989
G1 X54.812 Y41.674 E0.01326
G1 X54.812 Y41.188 E0.01164
G1 X54.524 Y41.188 E0.0069
G1 F3110.2 X53.7 Y41.075 E0.01601
G1 F4114.3 X47.1 Y41.075 E0.09604
G1 F3840 X46.084 Y41.1 E0.01584
G1 F3600 X45.101 Y41.101 E0.01635
G1 X45.1 Y58.9 E0.296
G1 X46.084 Y58.9 E0.01636
G1 F3840 X47.1 Y58.925 E0.01584
G1 F4079.3 X53.83 Y58.922 E0.09877
G1 F3090.1 X54.524 Y58.812 E0.01361
G1 F2500 X54.812 Y58.812 E0.0069
G1 X54.812 Y58.323 E0.01171
G1 X54.388 Y57.969 E0.01323
G1 X54.281 Y58.37 E0.00994
G1 F3090.1 X53.8 Y58.57 E0.01009
G0 F7200 X53.9 Y58
;TYPE:WALL-OUTER
G1 F1800 X53.869 Y58.108 E0.00187
G1 X53.735 Y58.198 E0.00268
G1 X47.1 Y58.2 E0.11034
G1 X46.914 Y58.075 E0.00373
G1 X46.302 Y56.535 E0.02756
G1 X46.3 Y43.46 E0.21744
G1 X46.914 Y41.925 E0.02749
G1 X47.065 Y41.802 E0.00324
G1 X53.7 Y41.8 E0.11034
G1 X53.869 Y41.892 E0.0032
G1 X53.9 Y42 E0.00187
G1 X53.899 Y43.072 E0.01783
G1 X55.3 Y41.902 E0.03035
G1 X55.3 Y41.018 E0.0147
G1 X55.213 Y40.8 E0.0039
G1 X55.013 Y40.7 E0.00372
G1 X45.016 Y40.7 E0.16625
G1 X44.799 Y40.785 E0.00388
G1 X44.7 Y40.984 E0.0037
G1 X44.701 Y59.075 E0.30085
G1 X44.786 Y59.2 E0.00251
G1 X44.984 Y59.3 E0.00369
G1 X54.978 Y59.3 E0.1662
G1 X55.201 Y59.213 E0.00398
G1 X55.3 Y59.013 E0.00371
G1 X55.3 Y58.094 E0.01528
G1 X53.9 Y56.928 E0.0303
G1 X53.9 Y58 E0.01783
G0 F7200 X53.869 Y58.108
G0 X53.796 Y58.157
G0 X54.552 Y58.32
G0 X46.8 Y58.443
G0 X46.051 Y56.586
G0 X46.051 Y44.731
G0 X46.14 Y41.604
;TYPE:SKIN
G1 F1457.5 X45.53 Y43.161 E0.03434
G1 X45.536 Y41.536 E0.03337
G1 F1411.8 X46.202 Y41.529 E0.01412
G1 X46.14 Y41.604 E0.00206
G0 F7200 X45.502 Y43.458
G1 F1621.6 X45.501 Y56.686 E0.24418
G0 F7200 X46.14 Y58.393
G1 F1406.2 X46.21 Y58.47 E0.00222
G1 X45.536 Y58.461 E0.01435
G1 F1454.5 X45.508 Y56.732 E0.03559
G1 X46.14 Y58.393 E0.03657
G0 F7200 X45.98 Y58.29
G1 F1500 E-6.5
G0 F7200 X55.07 Y58.57
G0 X56.165 Y58.57
G0 X63.835 Y58.57
G0 X73.8 Y58.57
;TYPE:WALL-INNER
G1 F1500 E6.5
G1 F4079.3 X67.1 Y58.575 E0.09833
G1 F3840 X66.542 Y58.223 E0.01029
G1 F3600 X65.9 Y56.615 E0.02879
G1 X65.9 Y43.5 E0.2181
G1 X65.942 Y43.277 E0.00377
G1 X66.542 Y41.777 E0.02687
G1 F3809.5 X67 Y41.43 E0.00903
G1 F4079.3 X73.7 Y41.425 E0.09833
G1 F3110.2 X74.281 Y41.63 E0.01186
G1 F2500 X74.387 Y42.029 E0.00989
G1 X74.812 Y41.674 E0.01326
G1 X74.812 Y41.188 E0.01164
G1 X74.524 Y41.188 E0.0069
G1 F3110.2 X73.7 Y41.075 E0.01601
G1 F4114.3 X67.1 Y41.075 E0.09604
G1 F3840 X66.084 Y41.1 E0.01584
G1 F3600 X65.101 Y41.101 E0.01635
G1 X65.1 Y58.9 E0.296
G1 X66.084 Y58.9 E0.01636
G1 F3840 X67.1 Y58.925 E0.01584
G1 F4079.3 X73.83 Y58.922 E0.09877
G1 F3090.1 X74.524 Y58.812 E0.01361
G1 F2500 X74.812 Y58.812 E0.0069
G1 X74.812 Y58.323 E0.01171
G1 X74.388 Y57.969 E0.01323
G1 X74.281 Y58.37 E0.00994
G1 F3090.1 X73.8 Y58.57 E0.01009
G0 F7200 X73.9 Y58
;TYPE:WALL-OUTER
G1 F1800 X73.869 Y58.108 E0.00187
G1 X73.735 Y58.198 E0.00268
G1 X67.1 Y58.2 E0.11034
G1 X66.914 Y58.075 E0.00373
G1 X66.302 Y56.535 E0.02756
G1 X66.3 Y43.46 E0.21744
G1 X66.914 Y41.925 E0.02749
G1 X67.065 Y41.802 E0.00324
G1 X73.7 Y41.8 E0.11034
G1 X73.869 Y41.892 E0.0032
G1 X73.9 Y42 E0.00187
G1 X73.899 Y43.072 E0.01783
G1 X75.3 Y41.902 E0.03035
G1 X75.3 Y41.018 E0.0147
G1 X75.213 Y40.8 E0.0039
G1 X75.013 Y40.7 E0.00372
G1 X65.016 Y40.7 E0.16625
G1 X64.799 Y40.785 E0.00388
G1 X64.7 Y40.984 E0.0037
G1 X64.701 Y59.075 E0.30085
G1 X64.786 Y59.2 E0.00251
G1 X64.984 Y59.3 E0.00369
G1 X74.978 Y59.3 E0.1662
G1 X75.201 Y59.213 E0.00398
G1 X75.3 Y59.013 E0.00371
G1 X75.3 Y58.094 E0.01528
G1 X73.9 Y56.928 E0.0303
G1 X73.9 Y58 E0.01783
G0 F7200 X73.869 Y58.108
G0 X73.796 Y58.157
G0 X74.552 Y58.32
G0 X66.8 Y58.443
G0 X66.051 Y56.586
G0 X66.051 Y44.731
G0 X66.14 Y41.604
;TYPE:SKIN
G1 F1457.5 X65.53 Y43.161 E0.03434
G1 X65.536 Y41.536 E0.03337
G1 F1411.8 X66.202 Y41.529 E0.01412
G1 X66.14 Y41.604 E0.00206
G0 F7200 X65.502 Y43.458
G1 F1621.6 X65.501 Y56.686 E0.24418
G0 F7200 X66.14 Y58.393
G1 F1406.2 X66.21 Y58.47 E0.00222
G1 X65.536 Y58.461 E0.01435
G1 F1454.5 X65.508 Y56.732 E0.03559
G1 X66.14 Y58.393 E0.03657
G0 F7200 X65.98 Y58.29
G1 F1500 E-6.5
;MESH:NONMESH
G0 F600 X65.98 Y58.29 Z0.8
G0 F7200 X64.93 Y58.57
G0 X63.835 Y58.57
G0 X55.065 Y60.164
G0 X44.781 Y60.163
G0 X36.165 Y58.57
G0 X33.8 Y58.57
;TIME_ELAPSED:97.807399
;LAYER:5
;TYPE:WALL-INNER
;MESH:pin.stl
G1 F1500 E6.5
G1 F4079.3 X27.1 Y58.575 E0.09833
G1 F3840 X26.542 Y58.223 E0.01029
G1 F3600 X25.9 Y56.615 E0.02879
G1 X25.9 Y43.5 E0.2181
G1 X25.942 Y43.277 E0.00377
G1 X26.542 Y41.777 E0.02687
G1 F3809.5 X27 Y41.43 E0.00903
G1 F4079.3 X33.7 Y41.425 E0.09833
G1 F3110.2 X34.281 Y41.63 E0.01186
G1 F2500 X34.387 Y42.029 E0.00989
G1 X34.812 Y41.674 E0.01326
G1 X34.812 Y41.188 E0.01164
G1 X34.524 Y41.188 E0.0069
G1 F3110.2 X33.7 Y41.075 E0.01601
G1 F4114.3 X27.1 Y41.075 E0.09604
G1 F3840 X26.084 Y41.1 E0.01584
G1 F3600 X25.101 Y41.101 E0.01635
G1 X25.1 Y58.9 E0.296
G1 X26.084 Y58.9 E0.01636
G1 F3840 X27.1 Y58.925 E0.01584
G1 F4079.3 X33.83 Y58.922 E0.09877
G1 F3090.1 X34.524 Y58.812 E0.01361
G1 F2500 X34.812 Y58.812 E0.0069
G1 X34.812 Y58.323 E0.01171
G1 X34.388 Y57.969 E0.01323
G1 X34.281 Y58.37 E0.00994
G1 F3090.1 X33.8 Y58.57 E0.01009
G0 F7200 X33.9 Y58
;TYPE:WALL-OUTER
G1 F1800 X33.869 Y58.108 E0.00187
G1 X33.735 Y58.198 E0.00268
G1 X27.1 Y58.2 E0.11034
G1 X26.914 Y58.075 E0.00373
G1 X26.302 Y56.535 E0.02756
G1 X26.3 Y43.46 E0.21744
G1 X26.914 Y41.925 E0.02749
G1 X27.065 Y41.802 E0.00324
G1 X33.7 Y41.8 E0.11034
G1 X33.869 Y41.892 E0.0032
G1 X33.9 Y42 E0.00187
G1 X33.899 Y43.072 E0.01783
G1 X35.3 Y41.902 E0.03035
G1 X35.3 Y41.018 E0.0147
G1 X35.213 Y40.799 E0.00392
G1 X35.016 Y40.7 E0.00367
G1 X25.016 Y40.7 E0.1663
G1 X24.799 Y40.786 E0.00388
G1 X24.7 Y40.98 E0.00362
G1 X24.7 Y58.981 E0.29936
G1 X24.786 Y59.201 E0.00393
G1 X24.98 Y59.3 E0.00362
G1 X34.978 Y59.3 E0.16627
G1 X35.201 Y59.213 E0.00398
G1 X35.3 Y59.016 E0.00367
G1 X35.3 Y58.094 E0.01533
G1 X33.9 Y56.928 E0.0303
G1 X33.9 Y58 E0.01783
G0 F7200 X33.869 Y58.108
G0 X33.796 Y58.157
G0 X34.552 Y58.32
G0 X26.8 Y58.443
G0 X26.051 Y56.586
G0 X26.051 Y44.731
G0 X26.14 Y41.604
;TYPE:SKIN
G1 F1457.5 X25.53 Y43.161 E0.03434
G1 X25.536 Y41.536 E0.03337
G1 F1411.8 X26.202 Y41.529 E0.01412
G1 X26.14 Y41.604 E0.00206
G0 F7200 X25.502 Y43.458
G1 F1621.6 X25.501 Y56.686 E0.24418
G0 F7200 X26.14 Y58.393
G1 F1406.2 X26.21 Y58.47 E0.00222
G1 X25.536 Y58.461 E0.01435
G1 F1454.5 X25.508 Y56.732 E0.03559
G1 X26.14 Y58.393 E0.03657
G0 F7200 X25.98 Y58.29
G1 F1500 E-6.5
G0 F7200 X35.07 Y58.57
G0 X36.165 Y58.57
G0 X43.835 Y58.57
G0 X53.8 Y58.57
;TYPE:WALL-INNER
G1 F1500 E6.5
G1 F4079.3 X47.1 Y58.575 E0.09833
G1 F3840 X46.542 Y58.223 E0.01029
G1 F3600 X45.9 Y56.615 E0.02879
G1 X45.9 Y43.5 E0.2181
G1 X45.942 Y43.277 E0.00377
G1 X46.542 Y41.777 E0.02687
G1 F3809.5 X47 Y41.43 E0.00903
G1 F4079.3 X53.7 Y41.425 E0.09833
G1 F3110.2 X54.281 Y41.63 E0.01186
G1 F2500 X54.387 Y42.029 E0.00989
G1 X54.812 Y41.674 E0.01326
G1 X54.812 Y41.188 E0.01164
G1 X54.524 Y41.188 E0.0069
G1 F3110.2 X53.7 Y41.075 E0.01601
G1 F4114.3 X47.1 Y41.075 E0.09604
G1 F3840 X46.084 Y41.1 E0.01584
G1 F3600 X45.101 Y41.101 E0.01635
G1 X45.1 Y58.9 E0.296
G1 X46.084 Y58.9 E0.01636
G1 F3840 X47.1 Y58.925 E0.01584
G1 F4079.3 X53.83 Y58.922 E0.09877
G1 F3090.1 X54.524 Y58.812 E0.01361
G1 F2500 X54.812 Y58.812 E0.0069
G1 X54.812 Y58.323 E0.01171
G1 X54.388 Y57.969 E0.01323
G1 X54.281 Y58.37 E0.00994
G1 F3090.1 X53.8 Y58.57 E0.01009
G0 F7200 X53.9 Y58
;TYPE:WALL-OUTER
G1 F1800 X53.869 Y58.108 E0.00187
G1 X53.735 Y58.198 E0.00268
G1 X47.1 Y58.2 E0.11034
G1 X46.914 Y58.075 E0.00373
G1 X46.302 Y56.535 E0.02756
G1 X46.3 Y43.46 E0.21744
G1 X46.914 Y41.925 E0.02749
G1 X47.065 Y41.802 E0.00324
G1 X53.7 Y41.8 E0.11034
G1 X53.869 Y41.892 E0.0032
G1 X53.9 Y42 E0.00187
G1 X53.899 Y43.072 E0.01783
G1 X55.3 Y41.902 E0.03035
G1 X55.3 Y41.018 E0.0147
G1 X55.213 Y40.799 E0.00392
G1 X55.016 Y40.7 E0.00367
G1 X45.016 Y40.7 E0.1663
G1 X44.799 Y40.786 E0.00388
G1 X44.7 Y40.98 E0.00362
G1 X44.7 Y58.981 E0.29936
G1 X44.786 Y59.201 E0.00393
G1 X44.98 Y59.3 E0.00362
G1 X54.978 Y59.3 E0.16627
G1 X55.201 Y59.213 E0.00398
G1 X55.3 Y59.016 E0.00367
G1 X55.3 Y58.094 E0.01533
G1 X53.9 Y56.928 E0.0303
G1 X53.9 Y58 E0.01783
G0 F7200 X53.869 Y58.108
G0 X53.796 Y58.157
G0 X54.552 Y58.32
G0 X46.8 Y58.443
G0 X46.051 Y56.586
G0 X46.051 Y44.731
G0 X46.14 Y41.604
;TYPE:SKIN
G1 F1457.5 X45.53 Y43.161 E0.03434
G1 X45.536 Y41.536 E0.03337
G1 F1411.8 X46.202 Y41.529 E0.01412
G1 X46.14 Y41.604 E0.00206
G0 F7200 X45.502 Y43.458
G1 F1621.6 X45.501 Y56.686 E0.24418
G0 F7200 X46.14 Y58.393
G1 F1406.2 X46.21 Y58.47 E0.00222
G1 X45.536 Y58.461 E0.01435
G1 F1454.5 X45.508 Y56.732 E0.03559
G1 X46.14 Y58.393 E0.03657
G0 F7200 X45.98 Y58.29
G1 F1500 E-6.5
G0 F7200 X55.07 Y58.57
G0 X56.165 Y58.57
G0 X63.835 Y58.57
G0 X73.8 Y58.57
;TYPE:WALL-INNER
G1 F1500 E6.5
G1 F4079.3 X67.1 Y58.575 E0.09833
G1 F3840 X66.542 Y58.223 E0.01029
G1 F3600 X65.9 Y56.615 E0.02879
G1 X65.9 Y43.5 E0.2181
G1 X65.942 Y43.277 E0.00377
G1 X66.542 Y41.777 E0.02687
G1 F3809.5 X67 Y41.43 E0.00903
G1 F4079.3 X73.7 Y41.425 E0.09833
G1 F3110.2 X74.281 Y41.63 E0.01186
G1 F2500 X74.387 Y42.029 E0.00989
G1 X74.812 Y41.674 E0.01326
G1 X74.812 Y41.188 E0.01164
G1 X74.524 Y41.188 E0.0069
G1 F3110.2 X73.7 Y41.075 E0.01601
G1 F4114.3 X67.1 Y41.075 E0.09604
G1 F3840 X66.084 Y41.1 E0.01584
G1 F3600 X65.101 Y41.101 E0.01635
G1 X65.1 Y58.9 E0.296
G1 X66.084 Y58.9 E0.01636
G1 F3840 X67.1 Y58.925 E0.01584
G1 F4079.3 X73.83 Y58.922 E0.09877
G1 F3090.1 X74.524 Y58.812 E0.01361
G1 F2500 X74.812 Y58.812 E0.0069
G1 X74.812 Y58.323 E0.01171
G1 X74.388 Y57.969 E0.01323
G1 X74.281 Y58.37 E0.00994
G1 F3090.1 X73.8 Y58.57 E0.01009
G0 F7200 X73.9 Y58
;TYPE:WALL-OUTER
G1 F1800 X73.869 Y58.108 E0.00187
G1 X73.735 Y58.198 E0.00268
G1 X67.1 Y58.2 E0.11034
G1 X66.914 Y58.075 E0.00373
G1 X66.302 Y56.535 E0.02756
G1 X66.3 Y43.46 E0.21744
G1 X66.914 Y41.925 E0.02749
G1 X67.065 Y41.802 E0.00324
G1 X73.7 Y41.8 E0.11034
G1 X73.869 Y41.892 E0.0032
G1 X73.9 Y42 E0.00187
G1 X73.899 Y43.072 E0.01783
G1 X75.3 Y41.902 E0.03035
G1 X75.3 Y41.018 E0.0147
G1 X75.213 Y40.799 E0.00392
G1 X75.016 Y40.7 E0.00367
G1 X65.016 Y40.7 E0.1663
G1 X64.799 Y40.786 E0.00388
G1 X64.7 Y40.98 E0.00362
G1 X64.7 Y58.981 E0.29936
G1 X64.786 Y59.201 E0.00393
G1 X64.98 Y59.3 E0.00362
G1 X74.978 Y59.3 E0.16627
G1 X75.201 Y59.213 E0.00398
G1 X75.3 Y59.016 E0.00367
G1 X75.3 Y58.094 E0.01533
G1 X73.9 Y56.928 E0.0303
G1 X73.9 Y58 E0.01783
G0 F7200 X73.869 Y58.108
G0 X73.796 Y58.157
G0 X74.552 Y58.32
G0 X66.8 Y58.443
G0 X66.051 Y56.586
G0 X66.051 Y44.731
G0 X66.14 Y41.604
;TYPE:SKIN
G1 F1457.5 X65.53 Y43.161 E0.03434
G1 X65.536 Y41.536 E0.03337
G1 F1411.8 X66.202 Y41.529 E0.01412
G1 X66.14 Y41.604 E0.00206
G0 F7200 X65.502 Y43.458
G1 F1621.6 X65.501 Y56.686 E0.24418
G0 F7200 X66.14 Y58.393
G1 F1406.2 X66.21 Y58.47 E0.00222
G1 X65.536 Y58.461 E0.01435
G1 F1454.5 X65.508 Y56.732 E0.03559
G1 X66.14 Y58.393 E0.03657
G0 F7200 X65.98 Y58.29
G1 F1500 E-6.5
;MESH:NONMESH
G0 F600 X65.98 Y58.29 Z0.9
G0 F7200 X64.93 Y58.57
G0 X63.835 Y58.57
G0 X55.065 Y60.164
G0 X44.777 Y60.163
G0 X36.165 Y58.57
G0 X33.8 Y58.57
;TIME_ELAPSED:115.606433
;LAYER:6
;TYPE:WALL-INNER
;MESH:pin.stl
G1 F1500 E6.5
G1 F4079.3 X27.1 Y58.575 E0.09833
G1 F3840 X26.542 Y58.223 E0.01029
G1 F3600 X25.9 Y56.615 E0.02879
G1 X25.9 Y43.5 E0.2181
G1 X25.942 Y43.277 E0.00377
G1 X26.542 Y41.777 E0.02687
G1 F3809.5 X27 Y41.43 E0.00903
G1 F4079.3 X33.7 Y41.425 E0.09833
G1 F3110.2 X34.281 Y41.63 E0.01186
G1 F2500 X34.387 Y42.029 E0.00989
G1 X34.812 Y41.674 E0.01326
G1 X34.812 Y41.188 E0.01164
G1 X34.524 Y41.188 E0.0069
G1 F3110.2 X33.7 Y41.075 E0.01601
G1 F4114.3 X27.1 Y41.075 E0.09604
G1 F3840 X26.084 Y41.1 E0.01584
G1 F3600 X25.101 Y41.101 E0.01635
G1 X25.1 Y58.9 E0.296
G1 X26.084 Y58.9 E0.01636
G1 F3840 X27.1 Y58.925 E0.01584
G1 F4079.3 X33.83 Y58.922 E0.09877
G1 F3090.1 X34.524 Y58.812 E0.01361
G1 F2500 X34.812 Y58.812 E0.0069
G1 X34.812 Y58.323 E0.01171
G1 X34.388 Y57.969 E0.01323
G1 X34.281 Y58.37 E0.00994
G1 F3090.1 X33.8 Y58.57 E0.01009
G0 F7200 X33.9 Y58
;TYPE:WALL-OUTER
G1 F1800 X33.869 Y58.108 E0.00187
G1 X33.735 Y58.198 E0.00268
G1 X27.1 Y58.2 E0.11034
G1 X26.914 Y58.075 E0.00373
G1 X26.302 Y56.535 E0.02756
G1 X26.3 Y43.46 E0.21744
G1 X26.914 Y41.925 E0.02749
G1 X27.065 Y41.802 E0.00324
G1 X33.7 Y41.8 E0.11034
G1 X33.869 Y41.892 E0.0032
G1 X33.9 Y42 E0.00187
G1 X33.899 Y43.072 E0.01783
G1 X35.3 Y41.902 E0.03035
G1 X35.3 Y41.018 E0.0147
G1 X35.213 Y40.799 E0.00392
G1 X35.016 Y40.7 E0.00367
G1 X25.016 Y40.7 E0.1663
G1 X24.799 Y40.786 E0.00388
G1 X24.7 Y40.98 E0.00362
G1 X24.7 Y58.981 E0.29936
G1 X24.786 Y59.201 E0.00393
G1 X24.98 Y59.3 E0.00362
G1 X34.978 Y59.3 E0.16627
G1 X35.201 Y59.213 E0.00398
G1 X35.3 Y59.016 E0.00367
G1 X35.3 Y58.094 E0.01533
G1 X33.9 Y56.928 E0.0303
G1 X33.9 Y58 E0.01783
G0 F7200 X33.869 Y58.108
G0 X33.796 Y58.157
G0 X34.552 Y58.32
G0 X26.8 Y58.443
G0 X26.051 Y56.586
G0 X26.051 Y44.731
G0 X26.14 Y41.604
;TYPE:SKIN
G1 F1457.5 X25.53 Y43.161 E0.03434
G1 X25.536 Y41.536 E0.03337
G1 F1411.8 X26.202 Y41.529 E0.01412
G1 X26.14 Y41.604 E0.00206
G0 F7200 X25.502 Y43.458
G1 F1621.6 X25.501 Y56.686 E0.24418
G0 F7200 X26.14 Y58.393
G1 F1406.2 X26.21 Y58.47 E0.00222
G1 X25.536 Y58.461 E0.01435
G1 F1454.5 X25.508 Y56.732 E0.03559
G1 X26.14 Y58.393 E0.03657
G0 F7200 X25.98 Y58.29
G1 F1500 E-6.5
G0 F7200 X35.07 Y58.57
G0 X36.165 Y58.57
G0 X43.835 Y58.57
G0 X53.8 Y58.57
;TYPE:WALL-INNER
G1 F1500 E6.5
G1 F4079.3 X47.1 Y58.575 E0.09833
G1 F3840 X46.542 Y58.223 E0.01029
G1 F3600 X45.9 Y56.615 E0.02879
G1 X45.9 Y43.5 E0.2181
G1 X45.942 Y43.277 E0.00377
G1 X46.542 Y41.777 E0.02687
G1 F3809.5 X47 Y41.43 E0.00903
G1 F4079.3 X53.7 Y41.425 E0.09833
G1 F3110.2 X54.281 Y41.63 E0.01186
G1 F2500 X54.387 Y42.029 E0.00989
G1 X54.812 Y41.674 E0.01326
G1 X54.812 Y41.188 E0.01164
G1 X54.524 Y41.188 E0.0069
G1 F3110.2 X53.7 Y41.075 E0.01601
G1 F4114.3 X47.1 Y41.075 E0.09604
G1 F3840 X46.084 Y41.1 E0.01584
G1 F3600 X45.101 Y41.101 E0.01635
G1 X45.1 Y58.9 E0.296
G1 X46.084 Y58.9 E0.01636
G1 F3840 X47.1 Y58.925 E0.01584
G1 F4079.3 X53.83 Y58.922 E0.09877
G1 F3090.1 X54.524 Y58.812 E0.01361
G1 F2500 X54.812 Y58.812 E0.0069
G1 X54.812 Y58.323 E0.01171
G1 X54.388 Y57.969 E0.01323
G1 X54.281 Y58.37 E0.00994
G1 F3090.1 X53.8 Y58.57 E0.01009
G0 F7200 X53.9 Y58
;TYPE:WALL-OUTER
G1 F1800 X53.869 Y58.108 E0.00187
G1 X53.735 Y58.198 E0.00268
G1 X47.1 Y58.2 E0.11034
G1 X46.914 Y58.075 E0.00373
G1 X46.302 Y56.535 E0.02756
G1 X46.3 Y43.46 E0.21744
G1 X46.914 Y41.925 E0.02749
G1 X47.065 Y41.802 E0.00324
G1 X53.7 Y41.8 E0.11034
G1 X53.869 Y41.892 E0.0032
G1 X53.9 Y42 E0.00187
G1 X53.899 Y43.072 E0.01783
G1 X55.3 Y41.902 E0.03035
G1 X55.3 Y41.018 E0.0147
G1 X55.213 Y40.799 E0.00392
G1 X55.016 Y40.7 E0.00367
G1 X45.016 Y40.7 E0.1663
G1 X44.799 Y40.786 E0.00388
G1 X44.7 Y40.98 E0.00362
G1 X44.7 Y58.981 E0.29936
G1 X44.786 Y59.201 E0.00393
G1 X44.98 Y59.3 E0.00362
G1 X54.978 Y59.3 E0.16627
G1 X55.201 Y59.213 E0.00398
G1 X55.3 Y59.016 E0.00367
G1 X55.3 Y58.094 E0.01533
G1 X53.9 Y56.928 E0.0303
G1 X53.9 Y58 E0.01783
G0 F7200 X53.869 Y58.108
G0 X53.796 Y58.157
G0 X54.552 Y58.32
G0 X46.8 Y58.443
G0 X46.051 Y56.586
G0 X46.051 Y44.731
G0 X46.14 Y41.604
;TYPE:SKIN
G1 F1457.5 X45.53 Y43.161 E0.03434
G1 X45.536 Y41.536 E0.03337
G1 F1411.8 X46.202 Y41.529 E0.01412
G1 X46.14 Y41.604 E0.00206
G0 F7200 X45.502 Y43.458
G1 F1621.6 X45.501 Y56.686 E0.24418
G0 F7200 X46.14 Y58.393
G1 F1406.2 X46.21 Y58.47 E0.00222
G1 X45.536 Y58.461 E0.01435
G1 F1454.5 X45.508 Y56.732 E0.03559
G1 X46.14 Y58.393 E0.03657
G0 F7200 X45.98 Y58.29
G1 F1500 E-6.5
G0 F7200 X55.07 Y58.57
G0 X56.165 Y58.57
G0 X63.835 Y58.57
G0 X73.8 Y58.57
;TYPE:WALL-INNER
G1 F1500 E6.5
G1 F4079.3 X67.1 Y58.575 E0.09833
G1 F3840 X66.542 Y58.223 E0.01029
G1 F3600 X65.9 Y56.615 E0.02879
G1 X65.9 Y43.5 E0.2181
G1 X65.942 Y43.277 E0.00377
G1 X66.542 Y41.777 E0.02687
G1 F3809.5 X67 Y41.43 E0.00903
G1 F4079.3 X73.7 Y41.425 E0.09833
G1 F3110.2 X74.281 Y41.63 E0.01186
G1 F2500 X74.387 Y42.029 E0.00989
G1 X74.812 Y41.674 E0.01326
G1 X74.812 Y41.188 E0.01164
G1 X74.524 Y41.188 E0.0069
G1 F3110.2 X73.7 Y41.075 E0.01601
G1 F4114.3 X67.1 Y41.075 E0.09604
G1 F3840 X66.084 Y41.1 E0.01584
G1 F3600 X65.101 Y41.101 E0.01635
G1 X65.1 Y58.9 E0.296
G1 X66.084 Y58.9 E0.01636
G1 F3840 X67.1 Y58.925 E0.01584
G1 F4079.3 X73.83 Y58.922 E0.09877
G1 F3090.1 X74.524 Y58.812 E0.01361
G1 F2500 X74.812 Y58.812 E0.0069
G1 X74.812 Y58.323 E0.01171
G1 X74.388 Y57.969 E0.01323
G1 X74.281 Y58.37 E0.00994
G1 F3090.1 X73.8 Y58.57 E0.01009
G0 F7200 X73.9 Y58
;TYPE:WALL-OUTER
G1 F1800 X73.869 Y58.108 E0.00187
G1 X73.735 Y58.198 E0.00268
G1 X67.1 Y58.2 E0.11034
G1 X66.914 Y58.075 E0.00373
G1 X66.302 Y56.535 E0.02756
G1 X66.3 Y43.46 E0.21744
G1 X66.914 Y41.925 E0.02749
G1 X67.065 Y41.802 E0.00324
G1 X73.7 Y41.8 E0.11034
G1 X73.869 Y41.892 E0.0032
G1 X73.9 Y42 E0.00187
G1 X73.899 Y43.072 E0.01783
G1 X75.3 Y41.902 E0.03035
G1 X75.3 Y41.018 E0.0147
G1 X75.213 Y40.799 E0.00392
G1 X75.016 Y40.7 E0.00367
G1 X65.016 Y40.7 E0.1663
G1 X64.799 Y40.786 E0.00388
G1 X64.7 Y40.98 E0.00362
G1 X64.7 Y58.981 E0.29936
G1 X64.786 Y59.201 E0.00393
G1 X64.98 Y59.3 E0.00362
G1 X74.978 Y59.3 E0.16627
G1 X75.201 Y59.213 E0.00398
G1 X75.3 Y59.016 E0.00367
G1 X75.3 Y58.094 E0.01533
G1 X73.9 Y56.928 E0.0303
G1 X73.9 Y58 E0.01783
G0 F7200 X73.869 Y58.108
G0 X73.796 Y58.157
G0 X74.552 Y58.32
G0 X66.8 Y58.443
G0 X66.051 Y56.586
G0 X66.051 Y44.731
G0 X66.14 Y41.604
;TYPE:SKIN
G1 F1457.5 X65.53 Y43.161 E0.03434
G1 X65.536 Y41.536 E0.03337
G1 F1411.8 X66.202 Y41.529 E0.01412
G1 X66.14 Y41.604 E0.00206
G0 F7200 X65.502 Y43.458
G1 F1621.6 X65.501 Y56.686 E0.24418
G0 F7200 X66.14 Y58.393
G1 F1406.2 X66.21 Y58.47 E0.00222
G1 X65.536 Y58.461 E0.01435
G1 F1454.5 X65.508 Y56.732 E0.03559
G1 X66.14 Y58.393 E0.03657
G0 F7200 X65.98 Y58.29
G1 F1500 E-6.5
;MESH:NONMESH
G0 F600 X65.98 Y58.29 Z1
G0 F7200 X64.93 Y58.57
G0 X63.835 Y58.57
G0 X55.065 Y60.164
G0 X44.777 Y60.163
G0 X36.165 Y58.57
G0 X33.8 Y58.57
;TIME_ELAPSED:133.405468
;LAYER:7
;TYPE:WALL-INNER
;MESH:pin.stl
G1 F1500 E6.5
G1 F4079.3 X27.1 Y58.575 E0.09833
G1 F3840 X26.542 Y58.223 E0.01029
G1 F3600 X25.9 Y56.615 E0.02879
G1 X25.9 Y43.5 E0.2181
G1 X25.942 Y43.277 E0.00377
G1 X26.542 Y41.777 E0.02687
G1 F3809.5 X27 Y41.43 E0.00903
G1 F4079.3 X33.7 Y41.425 E0.09833
G1 F3110.2 X34.281 Y41.63 E0.01186
G1 F2500 X34.387 Y42.029 E0.00989
G1 X34.812 Y41.674 E0.01326
G1 X34.812 Y41.188 E0.01164
G1 X34.524 Y41.188 E0.0069
G1 F3110.2 X33.7 Y41.075 E0.01601
G1 F4114.3 X27.1 Y41.075 E0.09604
G1 F3840 X26.084 Y41.1 E0.01584
G1 F3600 X25.101 Y41.101 E0.01635
G1 X25.1 Y58.9 E0.296
G1 X26.084 Y58.9 E0.01636
G1 F3840 X27.1 Y58.925 E0.01584
G1 F4079.3 X33.83 Y58.922 E0.09877
G1 F3090.1 X34.524 Y58.812 E0.01361
G1 F2500 X34.812 Y58.812 E0.0069
G1 X34.812 Y58.323 E0.01171
G1 X34.388 Y57.969 E0.01323
G1 X34.281 Y58.37 E0.00994
G1 F3090.1 X33.8 Y58.57 E0.01009
G0 F7200 X33.9 Y58
;TYPE:WALL-OUTER
G1 F1800 X33.869 Y58.108 E0.00187
G1 X33.735 Y58.198 E0.00268
G1 X27.1 Y58.2 E0.11034
G1 X26.914 Y58.075 E0.00373
G1 X26.302 Y56.535 E0.02756
G1 X26.3 Y43.46 E0.21744
G1 X26.914 Y41.925 E0.02749
G1 X27.065 Y41.802 E0.00324
G1 X33.7 Y41.8 E0.11034
G1 X33.869 Y41.892 E0.0032
G1 X33.9 Y42 E0.00187
G1 X33.899 Y43.072 E0.01783
G1 X35.3 Y41.902 E0.03035
G1 X35.3 Y41.018 E0.0147
G1 X35.213 Y40.799 E0.00392
G1 X35.016 Y40.7 E0.00367
G1 X25.016 Y40.7 E0.1663
G1 X24.799 Y40.786 E0.00388
G1 X24.7 Y40.98 E0.00362
G1 X24.7 Y58.981 E0.29936
G1 X24.786 Y59.201 E0.00393
G1 X24.98 Y59.3 E0.00362
G1 X34.978 Y59.3 E0.16627
G1 X35.201 Y59.213 E0.00398
G1 X35.3 Y59.016 E0.00367
G1 X35.3 Y58.094 E0.01533
G1 X33.9 Y56.928 E0.0303
G1 X33.9 Y58 E0.01783
G0 F7200 X33.869 Y58.108
G0 X33.796 Y58.157
G0 X34.552 Y58.32
G0 X26.8 Y58.443
G0 X26.051 Y56.586
G0 X26.051 Y44.731
G0 X26.14 Y41.604
;TYPE:SKIN
G1 F1457.5 X25.53 Y43.161 E0.03434
G1 X25.536 Y41.536 E0.03337
G1 F1411.8 X26.202 Y41.529 E0.01412
G1 X26.14 Y41.604 E0.00206
G0 F7200 X25.502 Y43.458
G1 F1621.6 X25.501 Y56.686 E0.24418
G0 F7200 X26.14 Y58.393
G1 F1406.2 X26.21 Y58.47 E0.00222
G1 X25.536 Y58.461 E0.01435
G1 F1454.5 X25.508 Y56.732 E0.03559
G1 X26.14 Y58.393 E0.03657
G0 F7200 X25.98 Y58.29
G1 F1500 E-6.5
G0 F7200 X35.07 Y58.57
G0 X36.165 Y58.57
G0 X43.835 Y58.57
G0 X53.8 Y58.57
;TYPE:WALL-INNER
G1 F1500 E6.5
G1 F4079.3 X47.1 Y58.575 E0.09833
G1 F3840 X46.542 Y58.223 E0.01029
G1 F3600 X45.9 Y56.615 E0.02879
G1 X45.9 Y43.5 E0.2181
G1 X45.942 Y43.277 E0.00377
G1 X46.542 Y41.777 E0.02687
G1 F3809.5 X47 Y41.43 E0.00903
G1 F4079.3 X53.7 Y41.425 E0.09833
G1 F3110.2 X54.281 Y41.63 E0.01186
G1 F2500 X54.387 Y42.029 E0.00989
G1 X54.812 Y41.674 E0.01326
G1 X54.812 Y41.188 E0.01164
G1 X54.524 Y41.188 E0.0069
G1 F3110.2 X53.7 Y41.075 E0.01601
G1 F4114.3 X47.1 Y41.075 E0.09604
G1 F3840 X46.084 Y41.1 E0.01584
G1 F3600 X45.101 Y41.101 E0.01635
G1 X45.1 Y58.9 E0.296
G1 X46.084 Y58.9 E0.01636
G1 F3840 X47.1 Y58.925 E0.01584
G1 F4079.3 X53.83 Y58.922 E0.09877
G1 F3090.1 X54.524 Y58.812 E0.01361
G1 F2500 X54.812 Y58.812 E0.0069
G1 X54.812 Y58.323 E0.01171
G1 X54.388 Y57.969 E0.01323
G1 X54.281 Y58.37 E0.00994
G1 F3090.1 X53.8 Y58.57 E0.01009
G0 F7200 X53.9 Y58
;TYPE:WALL-OUTER
G1 F1800 X53.869 Y58.108 E0.00187
G1 X53.735 Y58.198 E0.00268
G1 X47.1 Y58.2 E0.11034
G1 X46.914 Y58.075 E0.00373
G1 X46.302 Y56.535 E0.02756
G1 X46.3 Y43.46 E0.21744
G1 X46.914 Y41.925 E0.02749
G1 X47.065 Y41.802 E0.00324
G1 X53.7 Y41.8 E0.11034
G1 X53.869 Y41.892 E0.0032
G1 X53.9 Y42 E0.00187
G1 X53.899 Y43.072 E0.01783
G1 X55.3 Y41.902 E0.03035
G1 X55.3 Y41.018 E0.0147
G1 X55.213 Y40.799 E0.00392
G1 X55.016 Y40.7 E0.00367
G1 X45.016 Y40.7 E0.1663
G1 X44.799 Y40.786 E0.00388
G1 X44.7 Y40.98 E0.00362
G1 X44.7 Y58.981 E0.29936
G1 X44.786 Y59.201 E0.00393
G1 X44.98 Y59.3 E0.00362
G1 X54.978 Y59.3 E0.16627
G1 X55.201 Y59.213 E0.00398
G1 X55.3 Y59.016 E0.00367
G1 X55.3 Y58.094 E0.01533
G1 X53.9 Y56.928 E0.0303
G1 X53.9 Y58 E0.01783
G0 F7200 X53.869 Y58.108
G0 X53.796 Y58.157
G0 X54.552 Y58.32
G0 X46.8 Y58.443
G0 X46.051 Y56.586
G0 X46.051 Y44.731
G0 X46.14 Y41.604
;TYPE:SKIN
G1 F1457.5 X45.53 Y43.161 E0.03434
G1 X45.536 Y41.536 E0.03337
G1 F1411.8 X46.202 Y41.529 E0.01412
G1 X46.14 Y41.604 E0.00206
G0 F7200 X45.502 Y43.458
G1 F1621.6 X45.501 Y56.686 E0.24418
G0 F7200 X46.14 Y58.393
G1 F1406.2 X46.21 Y58.47 E0.00222
G1 X45.536 Y58.461 E0.01435
G1 F1454.5 X45.508 Y56.732 E0.03559
G1 X46.14 Y58.393 E0.03657
G0 F7200 X45.98 Y58.29
G1 F1500 E-6.5
G0 F7200 X55.07 Y58.57
G0 X56.165 Y58.57
G0 X63.835 Y58.57
G0 X73.8 Y58.57
;TYPE:WALL-INNER
G1 F1500 E6.5
G1 F4079.3 X67.1 Y58.575 E0.09833
G1 F3840 X66.542 Y58.223 E0.01029
G1 F3600 X65.9 Y56.615 E0.02879
G1 X65.9 Y43.5 E0.2181
G1 X65.942 Y43.277 E0.00377
G1 X66.542 Y41.777 E0.02687
G1 F3809.5 X67 Y41.43 E0.00903
G1 F4079.3 X73.7 Y41.425 E0.09833
G1 F3110.2 X74.281 Y41.63 E0.01186
G1 F2500 X74.387 Y42.029 E0.00989
G1 X74.812 Y41.674 E0.01326
G1 X74.812 Y41.188 E0.01164
G1 X74.524 Y41.188 E0.0069
G1 F3110.2 X73.7 Y41.075 E0.01601
G1 F4114.3 X67.1 Y41.075 E0.09604
G1 F3840 X66.084 Y41.1 E0.01584
G1 F3600 X65.101 Y41.101 E0.01635
G1 X65.1 Y58.9 E0.296
G1 X66.084 Y58.9 E0.01636
G1 F3840 X67.1 Y58.925 E0.01584
G1 F4079.3 X73.83 Y58.922 E0.09877
G1 F3090.1 X74.524 Y58.812 E0.01361
G1 F2500 X74.812 Y58.812 E0.0069
G1 X74.812 Y58.323 E0.01171
G1 X74.388 Y57.969 E0.01323
G1 X74.281 Y58.37 E0.00994
G1 F3090.1 X73.8 Y58.57 E0.01009
G0 F7200 X73.9 Y58
;TYPE:WALL-OUTER
G1 F1800 X73.869 Y58.108 E0.00187
G1 X73.735 Y58.198 E0.00268
G1 X67.1 Y58.2 E0.11034
G1 X66.914 Y58.075 E0.00373
G1 X66.302 Y56.535 E0.02756
G1 X66.3 Y43.46 E0.21744
G1 X66.914 Y41.925 E0.02749
G1 X67.065 Y41.802 E0.00324
G1 X73.7 Y41.8 E0.11034
G1 X73.869 Y41.892 E0.0032
G1 X73.9 Y42 E0.00187
G1 X73.899 Y43.072 E0.01783
G1 X75.3 Y41.902 E0.03035
G1 X75.3 Y41.018 E0.0147
G1 X75.213 Y40.799 E0.00392
G1 X75.016 Y40.7 E0.00367
G1 X65.016 Y40.7 E0.1663
G1 X64.799 Y40.786 E0.00388
G1 X64.7 Y40.98 E0.00362
G1 X64.7 Y58.981 E0.29936
G1 X64.786 Y59.201 E0.00393
G1 X64.98 Y59.3 E0.00362
G1 X74.978 Y59.3 E0.16627
G1 X75.201 Y59.213 E0.00398
G1 X75.3 Y59.016 E0.00367
G1 X75.3 Y58.094 E0.01533
G1 X73.9 Y56.928 E0.0303
G1 X73.9 Y58 E0.01783
G0 F7200 X73.869 Y58.108
G0 X73.796 Y58.157
G0 X74.552 Y58.32
G0 X66.8 Y58.443
G0 X66.051 Y56.586
G0 X66.051 Y44.731
G0 X66.14 Y41.604
;TYPE:SKIN
G1 F1457.5 X65.53 Y43.161 E0.03434
G1 X65.536 Y41.536 E0.03337
G1 F1411.8 X66.202 Y41.529 E0.01412
G1 X66.14 Y41.604 E0.00206
G0 F7200 X65.502 Y43.458
G1 F1621.6 X65.501 Y56.686 E0.24418
G0 F7200 X66.14 Y58.393
G1 F1406.2 X66.21 Y58.47 E0.00222
G1 X65.536 Y58.461 E0.01435
G1 F1454.5 X65.508 Y56.732 E0.03559
G1 X66.14 Y58.393 E0.03657
G0 F7200 X65.98 Y58.29
G1 F1500 E-6.5
;MESH:NONMESH
G0 F600 X65.98 Y58.29 Z1.1
G0 F7200 X64.93 Y42.231
G0 X63.835 Y42.231
G0 X55.223 Y39.837
G0 X44.935 Y39.836
G0 X36.165 Y41.8
G0 X35.072 Y41.8
G0 X34.138 Y41.562
G0 X26.8 Y41.557
G0 X25.41 Y42.231
G0 X25.26 Y42.231
;TIME_ELAPSED:151.450419
;LAYER:8
;TYPE:FILL
;MESH:pin.stl
G1 F1500 E6.5
G1 F3600 X25.924 Y42.895 E0.01562
G1 X25.994 Y42.965
G0 F7200 X25.771 Y42.875
G0 X25.59 Y45.975
G0 X25.739 Y45.975
G1 F3600 X25.261 Y46.454 E0.01125
G0 F7200 X25.41 Y46.454
G0 X25.41 Y47.887
G0 X25.26 Y47.887
G1 F3600 X25.74 Y48.368 E0.0113
G0 F7200 X25.59 Y48.368
G0 X25.59 Y51.632
G0 X25.739 Y51.632
G1 F3600 X25.261 Y52.111 E0.01125
G0 F7200 X25.41 Y52.111
G0 X25.41 Y53.544
G0 X25.26 Y53.544
G1 F3600 X25.74 Y54.024 E0.01129
G0 F7200 X25.59 Y54.024
G0 X25.651 Y56.663
G0 X25.923 Y57.106
G1 F3600 X25.261 Y57.768 E0.01557
G1 X25.191 Y57.838
G0 F7200 X25.41 Y57.838
G0 X26.051 Y43.414
G0 X26.8 Y41.557
G0 X29.98 Y41.294
G1 F3600 X29.896 Y41.21 E0.00198
G0 F7200 X30.421 Y41.294
G1 F3600 X30.505 Y41.21 E0.00198
G0 F7200 X26.8 Y41.557
G0 X26.051 Y43.414
G0 X26.051 Y56.586
G0 X26.8 Y58.443
G0 X34.61 Y58.57
G0 X33.8 Y58.57
;TYPE:WALL-INNER
G1 F4079.3 X27.1 Y58.575 E0.09833
G1 F3840 X26.542 Y58.223 E0.01029
G1 F3600 X25.9 Y56.615 E0.02879
G1 X25.9 Y43.5 E0.2181
G1 X25.942 Y43.277 E0.00377
G1 X26.542 Y41.777 E0.02687
G1 F3809.5 X27 Y41.43 E0.00903
G1 F4079.3 X33.7 Y41.425 E0.09833
G1 F3110.2 X34.281 Y41.63 E0.01186
G1 F2500 X34.387 Y42.029 E0.00989
G1 X34.812 Y41.674 E0.01326
G1 X34.812 Y41.188 E0.01164
G1 X34.524 Y41.188 E0.0069
G1 F3110.2 X33.7 Y41.075 E0.01601
G1 F4114.3 X27.1 Y41.075 E0.09604
G1 F3840 X26.084 Y41.1 E0.01584
G1 F3600 X25.101 Y41.101 E0.01635
G1 X25.1 Y58.9 E0.296
G1 X26.084 Y58.9 E0.01636
G1 F3840 X27.1 Y58.925 E0.01584
G1 F4079.3 X33.83 Y58.922 E0.09877
G1 F3090.1 X34.524 Y58.812 E0.01361
G1 F2500 X34.812 Y58.812 E0.0069
G1 X34.812 Y58.323 E0.01171
G1 X34.388 Y57.969 E0.01323
G1 X34.281 Y58.37 E0.00994
G1 F3090.1 X33.8 Y58.57 E0.01009
G0 F7200 X33.9 Y58
;TYPE:WALL-OUTER
G1 F1800 X33.869 Y58.108 E0.00187
G1 X33.735 Y58.198 E0.00268
G1 X27.1 Y58.2 E0.11034
G1 X26.914 Y58.075 E0.00373
G1 X26.302 Y56.535 E0.02756
G1 X26.3 Y43.46 E0.21744
G1 X26.914 Y41.925 E0.02749
G1 X27.065 Y41.802 E0.00324
G1 X33.7 Y41.8 E0.11034
G1 X33.869 Y41.892 E0.0032
G1 X33.9 Y42 E0.00187
G1 X33.899 Y43.072 E0.01783
G1 X35.3 Y41.902 E0.03035
G1 X35.3 Y41.018 E0.0147
G1 X35.213 Y40.799 E0.00392
G1 X35.016 Y40.7 E0.00367
G1 X25.016 Y40.7 E0.1663
G1 X24.799 Y40.786 E0.00388
G1 X24.7 Y40.98 E0.00362
G1 X24.7 Y58.981 E0.29936
G1 X24.786 Y59.201 E0.00393
G1 X24.98 Y59.3 E0.00362
G1 X34.978 Y59.3 E0.16627
G1 X35.201 Y59.213 E0.00398
G1 X35.3 Y59.016 E0.00367
G1 X35.3 Y58.094 E0.01533
G1 X33.9 Y56.928 E0.0303
G1 X33.9 Y58 E0.01783
G0 F7200 X33.869 Y58.108
G0 X33.796 Y58.157
G1 F1500 E-6.5
G0 F7200 X34.552 Y58.32
G0 X36.165 Y58.2
G0 X43.835 Y58.2
G0 X44.93 Y58.2
G0 X45.41 Y56.573
G0 X45.26 Y56.573
;TYPE:FILL
G1 F1500 E6.5
G1 F3600 X46.012 Y57.326 E0.0177
G1 X46.082 Y57.396
G0 F7200 X45.907 Y57.466
G0 X46.422 Y58.634
G0 X47.008 Y58.647
G1 F3600 X46.877 Y58.779 E0.00309
G0 F7200 X46.422 Y58.634
G0 X45.651 Y56.663
G0 X45.41 Y54.739
G0 X45.26 Y54.739
G1 F3600 X45.74 Y54.259 E0.01129
G0 F7200 X45.59 Y54.259
G0 X45.59 Y51.397
G0 X45.741 Y51.397
G1 F3600 X45.26 Y50.917 E0.0113
G0 F7200 X45.41 Y50.917
G0 X45.41 Y49.082
G0 X45.26 Y49.082
G1 F3600 X45.74 Y48.602 E0.01129
G0 F7200 X45.59 Y48.602
G0 X45.59 Y45.741
G0 X45.741 Y45.741
G1 F3600 X45.26 Y45.26 E0.01131
G0 F7200 X45.41 Y45.26
G0 X45.41 Y43.425
G0 X45.26 Y43.425
G1 F3600 X46.011 Y42.674 E0.01766
G1 X46.081 Y42.604
G0 F7200 X45.908 Y42.534
G0 X46.422 Y41.366
G0 X46.964 Y41.307
G1 F3600 X46.878 Y41.221 E0.00202
G0 F7200 X47.39 Y41.296
G1 F3600 X47.475 Y41.21 E0.00201
G0 F7200 X52.524 Y41.21
G1 F3600 X52.605 Y41.291 E0.0019
G0 F7200 X53.051 Y41.291
G1 F3600 X53.132 Y41.21 E0.0019
G0 F7200 X46.8 Y41.557
G0 X46.051 Y43.414
G0 X46.051 Y56.586
G0 X46.8 Y58.443
G0 X54.61 Y58.57
G0 X53.8 Y58.57
;TYPE:WALL-INNER
G1 F4079.3 X47.1 Y58.575 E0.09833
G1 F3840 X46.542 Y58.223 E0.01029
G1 F3600 X45.9 Y56.615 E0.02879
G1 X45.9 Y43.5 E0.2181
G1 X45.942 Y43.277 E0.00377
G1 X46.542 Y41.777 E0.02687
G1 F3809.5 X47 Y41.43 E0.00903
G1 F4079.3 X53.7 Y41.425 E0.09833
G1 F3110.2 X54.281 Y41.63 E0.01186
G1 F2500 X54.387 Y42.029 E0.00989
G1 X54.812 Y41.674 E0.01326
G1 X54.812 Y41.188 E0.01164
G1 X54.524 Y41.188 E0.0069
G1 F3110.2 X53.7 Y41.075 E0.01601
G1 F4114.3 X47.1 Y41.075 E0.09604
G1 F3840 X46.084 Y41.1 E0.01584
G1 F3600 X45.101 Y41.101 E0.01635
G1 X45.1 Y58.9 E0.296
G1 X46.084 Y58.9 E0.01636
G1 F3840 X47.1 Y58.925 E0.01584
G1 F4079.3 X53.83 Y58.922 E0.09877
G1 F3090.1 X54.524 Y58.812 E0.01361
G1 F2500 X54.812 Y58.812 E0.0069
G1 X54.812 Y58.323 E0.01171
G1 X54.388 Y57.969 E0.01323
G1 X54.281 Y58.37 E0.00994
G1 F3090.1 X53.8 Y58.57 E0.01009
G0 F7200 X53.9 Y58
;TYPE:WALL-OUTER
G1 F1800 X53.869 Y58.108 E0.00187
G1 X53.735 Y58.198 E0.00268
G1 X47.1 Y58.2 E0.11034
G1 X46.914 Y58.075 E0.00373
G1 X46.302 Y56.535 E0.02756
G1 X46.3 Y43.46 E0.21744
G1 X46.914 Y41.925 E0.02749
G1 X47.065 Y41.802 E0.00324
G1 X53.7 Y41.8 E0.11034
G1 X53.869 Y41.892 E0.0032
G1 X53.9 Y42 E0.00187
G1 X53.899 Y43.072 E0.01783
G1 X55.3 Y41.902 E0.03035
G1 X55.3 Y41.018 E0.0147
G1 X55.213 Y40.799 E0.00392
G1 X55.016 Y40.7 E0.00367
G1 X45.016 Y40.7 E0.1663
G1 X44.799 Y40.786 E0.00388
G1 X44.7 Y40.98 E0.00362
G1 X44.7 Y58.981 E0.29936
G1 X44.786 Y59.201 E0.00393
G1 X44.98 Y59.3 E0.00362
G1 X54.978 Y59.3 E0.16627
G1 X55.201 Y59.213 E0.00398
G1 X55.3 Y59.016 E0.00367
G1 X55.3 Y58.094 E0.01533
G1 X53.9 Y56.928 E0.0303
G1 X53.9 Y58 E0.01783
G0 F7200 X53.869 Y58.108
G0 X53.796 Y58.157
G1 F1500 E-6.5
G0 F7200 X54.552 Y58.32
G0 X56.165 Y58.2
G0 X63.835 Y58.2
G0 X64.93 Y58.2
G0 X65.41 Y57.366
G0 X65.26 Y57.366
;TYPE:FILL
G1 F1500 E6.5
G1 F3600 X65.808 Y56.818 E0.01289
G0 F7200 X65.67 Y56.873
G0 X65.59 Y54.427
G0 X65.74 Y54.427
G1 F3600 X65.26 Y53.946 E0.0113
G0 F7200 X65.41 Y53.946
G0 X65.41 Y51.709
G0 X65.26 Y51.709
G1 F3600 X65.74 Y51.23 E0.01128
G0 F7200 X65.59 Y51.23
G0 X65.59 Y48.77
G0 X65.74 Y48.77
G1 F3600 X65.26 Y48.29 E0.01129
G0 F7200 X65.41 Y48.29
G0 X65.41 Y46.052
G0 X65.261 Y46.052
G1 F3600 X65.74 Y45.573 E0.01127
G0 F7200 X65.59 Y45.573
G0 X65.671 Y43.125
G0 X65.808 Y43.181
G1 F3600 X65.26 Y42.633 E0.01289
G0 F7200 X65.41 Y42.633
G0 X66.8 Y41.557
G0 X69.494 Y41.21
G1 F3600 X69.577 Y41.293 E0.00195
G0 F7200 X70.02 Y41.293
G1 F3600 X70.103 Y41.21 E0.00195
G0 F7200 X66.8 Y41.557
G0 X66.051 Y43.414
G0 X66.051 Y56.586
G0 X66.8 Y58.443
G0 X74.61 Y58.57
G0 X73.8 Y58.57
;TYPE:WALL-INNER
G1 F4079.3 X67.1 Y58.575 E0.09833
G1 F3840 X66.542 Y58.223 E0.01029
G1 F3600 X65.9 Y56.615 E0.02879
G1 X65.9 Y43.5 E0.2181
G1 X65.942 Y43.277 E0.00377
G1 X66.542 Y41.777 E0.02687
G1 F3809.5 X67 Y41.43 E0.00903
G1 F4079.3 X73.7 Y41.425 E0.09833
G1 F3110.2 X74.281 Y41.63 E0.01186
G1 F2500 X74.387 Y42.029 E0.00989
G1 X74.812 Y41.674 E0.01326
G1 X74.812 Y41.188 E0.01164
G1 X74.524 Y41.188 E0.0069
G1 F3110.2 X73.7 Y41.075 E0.01601
G1 F4114.3 X67.1 Y41.075 E0.09604
G1 F3840 X66.084 Y41.1 E0.01584
G1 F3600 X65.101 Y41.101 E0.01635
G1 X65.1 Y58.9 E0.296
G1 X66.084 Y58.9 E0.01636
G1 F3840 X67.1 Y58.925 E0.01584
G1 F4079.3 X73.83 Y58.922 E0.09877
G1 F3090.1 X74.524 Y58.812 E0.01361
G1 F2500 X74.812 Y58.812 E0.0069
G1 X74.812 Y58.323 E0.01171
G1 X74.388 Y57.969 E0.01323
G1 X74.281 Y58.37 E0.00994
G1 F3090.1 X73.8 Y58.57 E0.01009
G0 F7200 X73.9 Y58
;TYPE:WALL-OUTER
G1 F1800 X73.869 Y58.108 E0.00187
G1 X73.735 Y58.198 E0.00268
G1 X67.1 Y58.2 E0.11034
G1 X66.914 Y58.075 E0.00373
G1 X66.302 Y56.535 E0.02756
G1 X66.3 Y43.46 E0.21744
G1 X66.914 Y41.925 E0.02749
G1 X67.065 Y41.802 E0.00324
G1 X73.7 Y41.8 E0.11034
G1 X73.869 Y41.892 E0.0032
G1 X73.9 Y42 E0.00187
G1 X73.899 Y43.072 E0.01783
G1 X75.3 Y41.902 E0.03035
G1 X75.3 Y41.018 E0.0147
G1 X75.213 Y40.799 E0.00392
G1 X75.016 Y40.7 E0.00367
G1 X65.016 Y40.7 E0.1663
G1 X64.799 Y40.786 E0.00388
G1 X64.7 Y40.98 E0.00362
G1 X64.7 Y58.981 E0.29936
G1 X64.786 Y59.201 E0.00393
G1 X64.98 Y59.3 E0.00362
G1 X74.978 Y59.3 E0.16627
G1 X75.201 Y59.213 E0.00398
G1 X75.3 Y59.016 E0.00367
G1 X75.3 Y58.094 E0.01533
G1 X73.9 Y56.928 E0.0303
G1 X73.9 Y58 E0.01783
G0 F7200 X73.869 Y58.108
G0 X73.796 Y58.157
G1 F1500 E-6.5
;MESH:NONMESH
G0 F600 X73.796 Y58.157 Z1.2
G0 F7200 X74.552 Y58.32
G0 X66.8 Y58.443
G0 X66.051 Y56.586
G0 X64.93 Y42.231
G0 X63.835 Y42.231
G0 X55.223 Y39.837
G0 X44.935 Y39.836
G0 X36.165 Y41.8
G0 X35.072 Y41.8
G0 X34.138 Y41.562
G0 X26.8 Y41.557
G0 X25.41 Y42.231
G0 X25.26 Y42.231
;TIME_ELAPSED:168.679220
;LAYER:9
;TYPE:FILL
;MESH:pin.stl
G1 F1500 E6.5
G1 F3600 X25.924 Y42.895 E0.01562
G1 X25.994 Y42.965
G0 F7200 X25.771 Y42.875
G0 X25.59 Y45.975
G0 X25.739 Y45.975
G1 F3600 X25.261 Y46.454 E0.01125
G0 F7200 X25.41 Y46.454
G0 X25.41 Y47.887
G0 X25.26 Y47.887
G1 F3600 X25.74 Y48.368 E0.0113
G0 F7200 X25.59 Y48.368
G0 X25.59 Y51.632
G0 X25.739 Y51.632
G1 F3600 X25.261 Y52.111 E0.01125
G0 F7200 X25.41 Y52.111
G0 X25.41 Y53.544
G0 X25.26 Y53.544
G1 F3600 X25.74 Y54.024 E0.01129
G0 F7200 X25.59 Y54.024
G0 X25.651 Y56.663
G0 X25.923 Y57.106
G1 F3600 X25.261 Y57.768 E0.01557
G1 X25.191 Y57.838
G0 F7200 X25.41 Y57.838
G0 X26.051 Y43.414
G0 X26.8 Y41.557
G0 X29.98 Y41.294
G1 F3600 X29.896 Y41.21 E0.00198
G0 F7200 X30.421 Y41.294
G1 F3600 X30.505 Y41.21 E0.00198
G0 F7200 X26.8 Y41.557
G0 X26.051 Y43.414
G0 X26.051 Y56.586
G0 X26.8 Y58.443
G0 X34.61 Y58.57
G0 X33.8 Y58.57
;TYPE:WALL-INNER
G1 F4079.3 X27.1 Y58.575 E0.09833
G1 F3840 X26.542 Y58.223 E0.01029
G1 F3600 X25.9 Y56.615 E0.02879
G1 X25.9 Y43.5 E0.2181
G1 X25.942 Y43.277 E0.00377
G1 X26.542 Y41.777 E0.02687
G1 F3809.5 X27 Y41.43 E0.00903
G1 F4079.3 X33.7 Y41.425 E0.09833
G1 F3110.2 X34.281 Y41.63 E0.01186
G1 F2500 X34.387 Y42.029 E0.00989
G1 X34.812 Y41.674 E0.01326
G1 X34.812 Y41.188 E0.01164
G1 X34.524 Y41.188 E0.0069
G1 F3110.2 X33.7 Y41.075 E0.01601
G1 F4114.3 X27.1 Y41.075 E0.09604
G1 F3840 X26.084 Y41.1 E0.01584
G1 F3600 X25.101 Y41.101 E0.01635
G1 X25.1 Y58.9 E0.296
G1 X26.084 Y58.9 E0.01636
G1 F3840 X27.1 Y58.925 E0.01584
G1 F4079.3 X33.83 Y58.922 E0.09877
G1 F3090.1 X34.524 Y58.812 E0.01361
G1 F2500 X34.812 Y58.812 E0.0069
G1 X34.812 Y58.323 E0.01171
G1 X34.388 Y57.969 E0.01323
G1 X34.281 Y58.37 E0.00994
G1 F3090.1 X33.8 Y58.57 E0.01009
G0 F7200 X33.9 Y58
;TYPE:WALL-OUTER
G1 F1800 X33.869 Y58.108 E0.00187
G1 X33.735 Y58.198 E0.00268
G1 X27.1 Y58.2 E0.11034
G1 X26.914 Y58.075 E0.00373
G1 X26.302 Y56.535 E0.02756
G1 X26.3 Y43.46 E0.21744
G1 X26.914 Y41.925 E0.02749
G1 X27.065 Y41.802 E0.00324
G1 X33.7 Y41.8 E0.11034
G1 X33.869 Y41.892 E0.0032
G1 X33.9 Y42 E0.00187
G1 X33.899 Y43.072 E0.01783
G1 X35.3 Y41.902 E0.03035
G1 X35.3 Y41.018 E0.0147
G1 X35.213 Y40.799 E0.00392
G1 X35.016 Y40.7 E0.00367
G1 X25.016 Y40.7 E0.1663
G1 X24.799 Y40.786 E0.00388
G1 X24.7 Y40.98 E0.00362
G1 X24.7 Y58.981 E0.29936
G1 X24.786 Y59.201 E0.00393
G1 X24.98 Y59.3 E0.00362
G1 X34.978 Y59.3 E0.16627
G1 X35.201 Y59.213 E0.00398
G1 X35.3 Y59.016 E0.00367
G1 X35.3 Y58.094 E0.01533
G1 X33.9 Y56.928 E0.0303
G1 X33.9 Y58 E0.01783
G0 F7200 X33.869 Y58.108
G0 X33.796 Y58.157
G1 F1500 E-6.5
G0 F7200 X34.552 Y58.32
G0 X36.165 Y58.2
G0 X43.835 Y58.2
G0 X44.93 Y58.2
G0 X45.41 Y56.573
G0 X45.26 Y56.573
;TYPE:FILL
G1 F1500 E6.5
G1 F3600 X46.012 Y57.326 E0.0177
G1 X46.082 Y57.396
G0 F7200 X45.907 Y57.466
G0 X46.422 Y58.634
G0 X47.008 Y58.647
G1 F3600 X46.877 Y58.779 E0.00309
G0 F7200 X46.422 Y58.634
G0 X45.651 Y56.663
G0 X45.41 Y54.739
G0 X45.26 Y54.739
G1 F3600 X45.74 Y54.259 E0.01129
G0 F7200 X45.59 Y54.259
G0 X45.59 Y51.397
G0 X45.741 Y51.397
G1 F3600 X45.26 Y50.917 E0.0113
G0 F7200 X45.41 Y50.917
G0 X45.41 Y49.082
G0 X45.26 Y49.082
G1 F3600 X45.74 Y48.602 E0.01129
G0 F7200 X45.59 Y48.602
G0 X45.59 Y45.741
G0 X45.741 Y45.741
G1 F3600 X45.26 Y45.26 E0.01131
G0 F7200 X45.41 Y45.26
G0 X45.41 Y43.425
G0 X45.26 Y43.425
G1 F3600 X46.011 Y42.674 E0.01766
G1 X46.081 Y42.604
G0 F7200 X45.908 Y42.534
G0 X46.422 Y41.366
G0 X46.964 Y41.307
G1 F3600 X46.878 Y41.221 E0.00202
G0 F7200 X47.39 Y41.296
G1 F3600 X47.475 Y41.21 E0.00201
G0 F7200 X52.524 Y41.21
G1 F3600 X52.605 Y41.291 E0.0019
G0 F7200 X53.051 Y41.291
G1 F3600 X53.132 Y41.21 E0.0019
G0 F7200 X46.8 Y41.557
G0 X46.051 Y43.414
G0 X46.051 Y56.586
G0 X46.8 Y58.443
G0 X54.61 Y58.57
G0 X53.8 Y58.57
;TYPE:WALL-INNER
G1 F4079.3 X47.1 Y58.575 E0.09833
G1 F3840 X46.542 Y58.223 E0.01029
G1 F3600 X45.9 Y56.615 E0.02879
G1 X45.9 Y43.5 E0.2181
G1 X45.942 Y43.277 E0.00377
G1 X46.542 Y41.777 E0.02687
G1 F3809.5 X47 Y41.43 E0.00903
G1 F4079.3 X53.7 Y41.425 E0.09833
G1 F3110.2 X54.281 Y41.63 E0.01186
G1 F2500 X54.387 Y42.029 E0.00989
G1 X54.812 Y41.674 E0.01326
G1 X54.812 Y41.188 E0.01164
G1 X54.524 Y41.188 E0.0069
G1 F3110.2 X53.7 Y41.075 E0.01601
G1 F4114.3 X47.1 Y41.075 E0.09604
G1 F3840 X46.084 Y41.1 E0.01584
G1 F3600 X45.101 Y41.101 E0.01635
G1 X45.1 Y58.9 E0.296
G1 X46.084 Y58.9 E0.01636
G1 F3840 X47.1 Y58.925 E0.01584
G1 F4079.3 X53.83 Y58.922 E0.09877
G1 F3090.1 X54.524 Y58.812 E0.01361
G1 F2500 X54.812 Y58.812 E0.0069
G1 X54.812 Y58.323 E0.01171
G1 X54.388 Y57.969 E0.01323
G1 X54.281 Y58.37 E0.00994
G1 F3090.1 X53.8 Y58.57 E0.01009
G0 F7200 X53.9 Y58
;TYPE:WALL-OUTER
G1 F1800 X53.869 Y58.108 E0.00187
G1 X53.735 Y58.198 E0.00268
G1 X47.1 Y58.2 E0.11034
G1 X46.914 Y58.075 E0.00373
G1 X46.302 Y56.535 E0.02756
G1 X46.3 Y43.46 E0.21744
G1 X46.914 Y41.925 E0.02749
G1 X47.065 Y41.802 E0.00324
G1 X53.7 Y41.8 E0.11034
G1 X53.869 Y41.892 E0.0032
G1 X53.9 Y42 E0.00187
G1 X53.899 Y43.072 E0.01783
G1 X55.3 Y41.902 E0.03035
G1 X55.3 Y41.018 E0.0147
G1 X55.213 Y40.799 E0.00392
G1 X55.016 Y40.7 E0.00367
G1 X45.016 Y40.7 E0.1663
G1 X44.799 Y40.786 E0.00388
G1 X44.7 Y40.98 E0.00362
G1 X44.7 Y58.981 E0.29936
G1 X44.786 Y59.201 E0.00393
G1 X44.98 Y59.3 E0.00362
G1 X54.978 Y59.3 E0.16627
G1 X55.201 Y59.213 E0.00398
G1 X55.3 Y59.016 E0.00367
G1 X55.3 Y58.094 E0.01533
G1 X53.9 Y56.928 E0.0303
G1 X53.9 Y58 E0.01783
G0 F7200 X53.869 Y58.108
G0 X53.796 Y58.157
G1 F1500 E-6.5
G0 F7200 X54.552 Y58.32
G0 X56.165 Y58.2
G0 X63.835 Y58.2
G0 X64.93 Y58.2
G0 X65.41 Y57.366
G0 X65.26 Y57.366
;TYPE:FILL
G1 F1500 E6.5
G1 F3600 X65.808 Y56.818 E0.01289
G0 F7200 X65.67 Y56.873
G0 X65.59 Y54.427
G0 X65.74 Y54.427
G1 F3600 X65.26 Y53.946 E0.0113
G0 F7200 X65.41 Y53.946
G0 X65.41 Y51.709
G0 X65.26 Y51.709
G1 F3600 X65.74 Y51.23 E0.01128
G0 F7200 X65.59 Y51.23
G0 X65.59 Y48.77
G0 X65.74 Y48.77
G1 F3600 X65.26 Y48.29 E0.01129
G0 F7200 X65.41 Y48.29
G0 X65.41 Y46.052
G0 X65.261 Y46.052
G1 F3600 X65.74 Y45.573 E0.01127
G0 F7200 X65.59 Y45.573
G0 X65.671 Y43.125
G0 X65.808 Y43.181
G1 F3600 X65.26 Y42.633 E0.01289
G0 F7200 X65.41 Y42.633
G0 X66.8 Y41.557
G0 X69.494 Y41.21
G1 F3600 X69.577 Y41.293 E0.00195
G0 F7200 X70.02 Y41.293
G1 F3600 X70.103 Y41.21 E0.00195
G0 F7200 X66.8 Y41.557
G0 X66.051 Y43.414
G0 X66.051 Y56.586
G0 X66.8 Y58.443
G0 X74.61 Y58.57
G0 X73.8 Y58.57
;TYPE:WALL-INNER
G1 F4079.3 X67.1 Y58.575 E0.09833
G1 F3840 X66.542 Y58.223 E0.01029
G1 F3600 X65.9 Y56.615 E0.02879
G1 X65.9 Y43.5 E0.2181
G1 X65.942 Y43.277 E0.00377
G1 X66.542 Y41.777 E0.02687
G1 F3809.5 X67 Y41.43 E0.00903
G1 F4079.3 X73.7 Y41.425 E0.09833
G1 F3110.2 X74.281 Y41.63 E0.01186
G1 F2500 X74.387 Y42.029 E0.00989
G1 X74.812 Y41.674 E0.01326
G1 X74.812 Y41.188 E0.01164
G1 X74.524 Y41.188 E0.0069
G1 F3110.2 X73.7 Y41.075 E0.01601
G1 F4114.3 X67.1 Y41.075 E0.09604
G1 F3840 X66.084 Y41.1 E0.01584
G1 F3600 X65.101 Y41.101 E0.01635
G1 X65.1 Y58.9 E0.296
G1 X66.084 Y58.9 E0.01636
G1 F3840 X67.1 Y58.925 E0.01584
G1 F4079.3 X73.83 Y58.922 E0.09877
G1 F3090.1 X74.524 Y58.812 E0.01361
G1 F2500 X74.812 Y58.812 E0.0069
G1 X74.812 Y58.323 E0.01171
G1 X74.388 Y57.969 E0.01323
G1 X74.281 Y58.37 E0.00994
G1 F3090.1 X73.8 Y58.57 E0.01009
G0 F7200 X73.9 Y58
;TYPE:WALL-OUTER
G1 F1800 X73.869 Y58.108 E0.00187
G1 X73.735 Y58.198 E0.00268
G1 X67.1 Y58.2 E0.11034
G1 X66.914 Y58.075 E0.00373
G1 X66.302 Y56.535 E0.02756
G1 X66.3 Y43.46 E0.21744
G1 X66.914 Y41.925 E0.02749
G1 X67.065 Y41.802 E0.00324
G1 X73.7 Y41.8 E0.11034
G1 X73.869 Y41.892 E0.0032
G1 X73.9 Y42 E0.00187
G1 X73.899 Y43.072 E0.01783
G1 X75.3 Y41.902 E0.03035
G1 X75.3 Y41.018 E0.0147
G1 X75.213 Y40.799 E0.00392
G1 X75.016 Y40.7 E0.00367
G1 X65.016 Y40.7 E0.1663
G1 X64.799 Y40.786 E0.00388
G1 X64.7 Y40.98 E0.00362
G1 X64.7 Y58.981 E0.29936
G1 X64.786 Y59.201 E0.00393
G1 X64.98 Y59.3 E0.00362
G1 X74.978 Y59.3 E0.16627
G1 X75.201 Y59.213 E0.00398
G1 X75.3 Y59.016 E0.00367
G1 X75.3 Y58.094 E0.01533
G1 X73.9 Y56.928 E0.0303
G1 X73.9 Y58 E0.01783
G0 F7200 X73.869 Y58.108
G0 X73.796 Y58.157
G1 F1500 E-6.5
;MESH:NONMESH
G0 F600 X73.796 Y58.157 Z1.3
G0 F7200 X74.552 Y58.32
G0 X66.8 Y58.443
G0 X66.051 Y56.586
G0 X64.93 Y42.231
G0 X63.835 Y42.231
G0 X55.223 Y39.837
G0 X44.935 Y39.836
G0 X36.165 Y41.8
G0 X35.072 Y41.8
G0 X34.138 Y41.562
G0 X26.8 Y41.557
G0 X25.41 Y42.231
G0 X25.26 Y42.231
;TIME_ELAPSED:185.908022
;LAYER:10
;TYPE:FILL
;MESH:pin.stl
G1 F1500 E6.5
G1 F3600 X25.924 Y42.895 E0.01562
G1 X25.994 Y42.965
G0 F7200 X25.771 Y42.875
G0 X25.59 Y45.975
G0 X25.739 Y45.975
G1 F3600 X25.261 Y46.454 E0.01125
G0 F7200 X25.41 Y46.454
G0 X25.41 Y47.887
G0 X25.26 Y47.887
G1 F3600 X25.74 Y48.368 E0.0113
G0 F7200 X25.59 Y48.368
G0 X25.59 Y51.632
G0 X25.739 Y51.632
G1 F3600 X25.261 Y52.111 E0.01125
G0 F7200 X25.41 Y52.111
G0 X25.41 Y53.544
G0 X25.26 Y53.544
G1 F3600 X25.74 Y54.024 E0.01129
G0 F7200 X25.59 Y54.024
G0 X25.651 Y56.663
G0 X25.923 Y57.106
G1 F3600 X25.261 Y57.768 E0.01557
G1 X25.191 Y57.838
G0 F7200 X25.41 Y57.838
G0 X26.051 Y43.414
G0 X26.8 Y41.557
G0 X29.98 Y41.294
G1 F3600 X29.896 Y41.21 E0.00198
G0 F7200 X30.421 Y41.294
G1 F3600 X30.505 Y41.21 E0.00198
G0 F7200 X26.8 Y41.557
G0 X26.051 Y43.414
G0 X26.051 Y56.586
G0 X26.8 Y58.443
G0 X34.61 Y58.57
G0 X33.8 Y58.57
;TYPE:WALL-INNER
G1 F4079.3 X27.1 Y58.575 E0.09833
G1 F3840 X26.542 Y58.223 E0.01029
G1 F3600 X25.9 Y56.615 E0.02879
G1 X25.9 Y43.5 E0.2181
G1 X25.942 Y43.277 E0.00377
G1 X26.542 Y41.777 E0.02687
G1 F3809.5 X27 Y41.43 E0.00903
G1 F4079.3 X33.7 Y41.425 E0.09833
G1 F3110.2 X34.281 Y41.63 E0.01186
G1 F2500 X34.387 Y42.029 E0.00989
G1 X34.812 Y41.674 E0.01326
G1 X34.812 Y41.188 E0.01164
G1 X34.524 Y41.188 E0.0069
G1 F3110.2 X33.7 Y41.075 E0.01601
G1 F4114.3 X27.1 Y41.075 E0.09604
G1 F3840 X26.084 Y41.1 E0.01584
G1 F3600 X25.101 Y41.101 E0.01635
G1 X25.1 Y58.9 E0.296
G1 X26.084 Y58.9 E0.01636
G1 F3840 X27.1 Y58.925 E0.01584
G1 F4079.3 X33.83 Y58.922 E0.09877
G1 F3090.1 X34.524 Y58.812 E0.01361
G1 F2500 X34.812 Y58.812 E0.0069
G1 X34.812 Y58.323 E0.01171
G1 X34.388 Y57.969 E0.01323
G1 X34.281 Y58.37 E0.00994
G1 F3090.1 X33.8 Y58.57 E0.01009
G0 F7200 X33.9 Y58
;TYPE:WALL-OUTER
G1 F1800 X33.869 Y58.108 E0.00187
G1 X33.735 Y58.198 E0.00268
G1 X27.1 Y58.2 E0.11034
G1 X26.914 Y58.075 E0.00373
G1 X26.302 Y56.535 E0.02756
G1 X26.3 Y43.46 E0.21744
G1 X26.914 Y41.925 E0.02749
G1 X27.065 Y41.802 E0.00324
G1 X33.7 Y41.8 E0.11034
G1 X33.869 Y41.892 E0.0032
G1 X33.9 Y42 E0.00187
G1 X33.899 Y43.072 E0.01783
G1 X35.3 Y41.902 E0.03035
G1 X35.3 Y41.018 E0.0147
G1 X35.213 Y40.799 E0.00392
G1 X35.016 Y40.7 E0.00367
G1 X25.016 Y40.7 E0.1663
G1 X24.799 Y40.786 E0.00388
G1 X24.7 Y40.98 E0.00362
G1 X24.7 Y58.981 E0.29936
G1 X24.786 Y59.201 E0.00393
G1 X24.98 Y59.3 E0.00362
G1 X34.978 Y59.3 E0.16627
G1 X35.201 Y59.213 E0.00398
G1 X35.3 Y59.016 E0.00367
G1 X35.3 Y58.094 E0.01533
G1 X33.9 Y56.928 E0.0303
G1 X33.9 Y58 E0.01783
G0 F7200 X33.869 Y58.108
G0 X33.796 Y58.157
G1 F1500 E-6.5
G0 F7200 X34.552 Y58.32
G0 X36.165 Y58.2
G0 X43.835 Y58.2
G0 X44.93 Y58.2
G0 X45.41 Y56.573
G0 X45.26 Y56.573
;TYPE:FILL
G1 F1500 E6.5
G1 F3600 X46.012 Y57.326 E0.0177
G1 X46.082 Y57.396
G0 F7200 X45.907 Y57.466
G0 X46.422 Y58.634
G0 X47.008 Y58.647
G1 F3600 X46.877 Y58.779 E0.00309
G0 F7200 X46.422 Y58.634
G0 X45.651 Y56.663
G0 X45.41 Y54.739
G0 X45.26 Y54.739
G1 F3600 X45.74 Y54.259 E0.01129
G0 F7200 X45.59 Y54.259
G0 X45.59 Y51.397
G0 X45.741 Y51.397
G1 F3600 X45.26 Y50.917 E0.0113
G0 F7200 X45.41 Y50.917
G0 X45.41 Y49.082
G0 X45.26 Y49.082
G1 F3600 X45.74 Y48.602 E0.01129
G0 F7200 X45.59 Y48.602
G0 X45.59 Y45.741
G0 X45.741 Y45.741
G1 F3600 X45.26 Y45.26 E0.01131
G0 F7200 X45.41 Y45.26
G0 X45.41 Y43.425
G0 X45.26 Y43.425
G1 F3600 X46.011 Y42.674 E0.01766
G1 X46.081 Y42.604
G0 F7200 X45.908 Y42.534
G0 X46.422 Y41.366
G0 X46.964 Y41.307
G1 F3600 X46.878 Y41.221 E0.00202
G0 F7200 X47.39 Y41.296
G1 F3600 X47.475 Y41.21 E0.00201
G0 F7200 X52.524 Y41.21
G1 F3600 X52.605 Y41.291 E0.0019
G0 F7200 X53.051 Y41.291
G1 F3600 X53.132 Y41.21 E0.0019
G0 F7200 X46.8 Y41.557
G0 X46.051 Y43.414
G0 X46.051 Y56.586
G0 X46.8 Y58.443
G0 X54.61 Y58.57
G0 X53.8 Y58.57
;TYPE:WALL-INNER
G1 F4079.3 X47.1 Y58.575 E0.09833
G1 F3840 X46.542 Y58.223 E0.01029
G1 F3600 X45.9 Y56.615 E0.02879
G1 X45.9 Y43.5 E0.2181
G1 X45.942 Y43.277 E0.00377
G1 X46.542 Y41.777 E0.02687
G1 F3809.5 X47 Y41.43 E0.00903
G1 F4079.3 X53.7 Y41.425 E0.09833
G1 F3110.2 X54.281 Y41.63 E0.01186
G1 F2500 X54.387 Y42.029 E0.00989
G1 X54.812 Y41.674 E0.01326
G1 X54.812 Y41.188 E0.01164
G1 X54.524 Y41.188 E0.0069
G1 F3110.2 X53.7 Y41.075 E0.01601
G1 F4114.3 X47.1 Y41.075 E0.09604
G1 F3840 X46.084 Y41.1 E0.01584
G1 F3600 X45.101 Y41.101 E0.01635
G1 X45.1 Y58.9 E0.296
G1 X46.084 Y58.9 E0.01636
G1 F3840 X47.1 Y58.925 E0.01584
G1 F4079.3 X53.83 Y58.922 E0.09877
G1 F3090.1 X54.524 Y58.812 E0.01361
G1 F2500 X54.812 Y58.812 E0.0069
G1 X54.812 Y58.323 E0.01171
G1 X54.388 Y57.969 E0.01323
G1 X54.281 Y58.37 E0.00994
G1 F3090.1 X53.8 Y58.57 E0.01009
G0 F7200 X53.9 Y58
;TYPE:WALL-OUTER
G1 F1800 X53.869 Y58.108 E0.00187
G1 X53.735 Y58.198 E0.00268
G1 X47.1 Y58.2 E0.11034
G1 X46.914 Y58.075 E0.00373
G1 X46.302 Y56.535 E0.02756
G1 X46.3 Y43.46 E0.21744
G1 X46.914 Y41.925 E0.02749
G1 X47.065 Y41.802 E0.00324
G1 X53.7 Y41.8 E0.11034
G1 X53.869 Y41.892 E0.0032
G1 X53.9 Y42 E0.00187
G1 X53.899 Y43.072 E0.01783
G1 X55.3 Y41.902 E0.03035
G1 X55.3 Y41.018 E0.0147
G1 X55.213 Y40.799 E0.00392
G1 X55.016 Y40.7 E0.00367
G1 X45.016 Y40.7 E0.1663
G1 X44.799 Y40.786 E0.00388
G1 X44.7 Y40.98 E0.00362
G1 X44.7 Y58.981 E0.29936
G1 X44.786 Y59.201 E0.00393
G1 X44.98 Y59.3 E0.00362
G1 X54.978 Y59.3 E0.16627
G1 X55.201 Y59.213 E0.00398
G1 X55.3 Y59.016 E0.00367
G1 X55.3 Y58.094 E0.01533
G1 X53.9 Y56.928 E0.0303
G1 X53.9 Y58 E0.01783
G0 F7200 X53.869 Y58.108
G0 X53.796 Y58.157
G1 F1500 E-6.5
G0 F7200 X54.552 Y58.32
G0 X56.165 Y58.2
G0 X63.835 Y58.2
G0 X64.93 Y58.2
G0 X65.41 Y57.366
G0 X65.26 Y57.366
;TYPE:FILL
G1 F1500 E6.5
G1 F3600 X65.808 Y56.818 E0.01289
G0 F7200 X65.67 Y56.873
G0 X65.59 Y54.427
G0 X65.74 Y54.427
G1 F3600 X65.26 Y53.946 E0.0113
G0 F7200 X65.41 Y53.946
G0 X65.41 Y51.709
G0 X65.26 Y51.709
G1 F3600 X65.74 Y51.23 E0.01128
G0 F7200 X65.59 Y51.23
G0 X65.59 Y48.77
G0 X65.74 Y48.77
G1 F3600 X65.26 Y48.29 E0.01129
G0 F7200 X65.41 Y48.29
G0 X65.41 Y46.052
G0 X65.261 Y46.052
G1 F3600 X65.74 Y45.573 E0.01127
G0 F7200 X65.59 Y45.573
G0 X65.671 Y43.125
G0 X65.808 Y43.181
G1 F3600 X65.26 Y42.633 E0.01289
G0 F7200 X65.41 Y42.633
G0 X66.8 Y41.557
G0 X69.494 Y41.21
G1 F3600 X69.577 Y41.293 E0.00195
G0 F7200 X70.02 Y41.293
G1 F3600 X70.103 Y41.21 E0.00195
G0 F7200 X66.8 Y41.557
G0 X66.051 Y43.414
G0 X66.051 Y56.586
G0 X66.8 Y58.443
G0 X74.61 Y58.57
G0 X73.8 Y58.57
;TYPE:WALL-INNER
G1 F4079.3 X67.1 Y58.575 E0.09833
G1 F3840 X66.542 Y58.223 E0.01029
G1 F3600 X65.9 Y56.615 E0.02879
G1 X65.9 Y43.5 E0.2181
G1 X65.942 Y43.277 E0.00377
G1 X66.542 Y41.777 E0.02687
G1 F3809.5 X67 Y41.43 E0.00903
G1 F4079.3 X73.7 Y41.425 E0.09833
G1 F3110.2 X74.281 Y41.63 E0.01186
G1 F2500 X74.387 Y42.029 E0.00989
G1 X74.812 Y41.674 E0.01326
G1 X74.812 Y41.188 E0.01164
G1 X74.524 Y41.188 E0.0069
G1 F3110.2 X73.7 Y41.075 E0.01601
G1 F4114.3 X67.1 Y41.075 E0.09604
G1 F3840 X66.084 Y41.1 E0.01584
G1 F3600 X65.101 Y41.101 E0.01635
G1 X65.1 Y58.9 E0.296
G1 X66.084 Y58.9 E0.01636
G1 F3840 X67.1 Y58.925 E0.01584
G1 F4079.3 X73.83 Y58.922 E0.09877
G1 F3090.1 X74.524 Y58.812 E0.01361
G1 F2500 X74.812 Y58.812 E0.0069
G1 X74.812 Y58.323 E0.01171
G1 X74.388 Y57.969 E0.01323
G1 X74.281 Y58.37 E0.00994
G1 F3090.1 X73.8 Y58.57 E0.01009
G0 F7200 X73.9 Y58
;TYPE:WALL-OUTER
G1 F1800 X73.869 Y58.108 E0.00187
G1 X73.735 Y58.198 E0.00268
G1 X67.1 Y58.2 E0.11034
G1 X66.914 Y58.075 E0.00373
G1 X66.302 Y56.535 E0.02756
G1 X66.3 Y43.46 E0.21744
G1 X66.914 Y41.925 E0.02749
G1 X67.065 Y41.802 E0.00324
G1 X73.7 Y41.8 E0.11034
G1 X73.869 Y41.892 E0.0032
G1 X73.9 Y42 E0.00187
G1 X73.899 Y43.072 E0.01783
G1 X75.3 Y41.902 E0.03035
G1 X75.3 Y41.018 E0.0147
G1 X75.213 Y40.799 E0.00392
G1 X75.016 Y40.7 E0.00367
G1 X65.016 Y40.7 E0.1663
G1 X64.799 Y40.786 E0.00388
G1 X64.7 Y40.98 E0.00362
G1 X64.7 Y58.981 E0.29936
G1 X64.786 Y59.201 E0.00393
G1 X64.98 Y59.3 E0.00362
G1 X74.978 Y59.3 E0.16627
G1 X75.201 Y59.213 E0.00398
G1 X75.3 Y59.016 E0.00367
G1 X75.3 Y58.094 E0.01533
G1 X73.9 Y56.928 E0.0303
G1 X73.9 Y58 E0.01783
G0 F7200 X73.869 Y58.108
G0 X73.796 Y58.157
G1 F1500 E-6.5
;MESH:NONMESH
G0 F600 X73.796 Y58.157 Z1.4
G0 F7200 X74.552 Y58.32
G0 X66.8 Y58.443
G0 X66.051 Y56.586
G0 X64.93 Y42.231
G0 X63.835 Y42.231
G0 X55.223 Y39.837
G0 X44.935 Y39.836
G0 X36.165 Y41.8
G0 X35.072 Y41.8
G0 X34.138 Y41.562
G0 X26.8 Y41.557
G0 X25.41 Y42.231
G0 X25.26 Y42.231
;TIME_ELAPSED:203.136823
;LAYER:11
;TYPE:FILL
;MESH:pin.stl
G1 F1500 E6.5
G1 F3600 X25.924 Y42.895 E0.01562
G1 X25.994 Y42.965
G0 F7200 X25.771 Y42.875
G0 X25.59 Y45.975
G0 X25.739 Y45.975
G1 F3600 X25.261 Y46.454 E0.01125
G0 F7200 X25.41 Y46.454
G0 X25.41 Y47.887
G0 X25.26 Y47.887
G1 F3600 X25.74 Y48.368 E0.0113
G0 F7200 X25.59 Y48.368
G0 X25.59 Y51.632
G0 X25.739 Y51.632
G1 F3600 X25.261 Y52.111 E0.01125
G0 F7200 X25.41 Y52.111
G0 X25.41 Y53.544
G0 X25.26 Y53.544
G1 F3600 X25.74 Y54.024 E0.01129
G0 F7200 X25.59 Y54.024
G0 X25.651 Y56.663
G0 X25.923 Y57.106
G1 F3600 X25.261 Y57.768 E0.01557
G1 X25.191 Y57.838
G0 F7200 X25.41 Y57.838
G0 X26.051 Y43.414
G0 X26.8 Y41.557
G0 X29.98 Y41.294
G1 F3600 X29.896 Y41.21 E0.00198
G0 F7200 X30.421 Y41.294
G1 F3600 X30.505 Y41.21 E0.00198
G0 F7200 X26.8 Y41.557
G0 X26.051 Y43.414
G0 X26.051 Y56.586
G0 X26.8 Y58.443
G0 X34.61 Y58.57
G0 X33.8 Y58.57
;TYPE:WALL-INNER
G1 F4079.3 X27.1 Y58.575 E0.09833
G1 F3840 X26.542 Y58.223 E0.01029
G1 F3600 X25.9 Y56.615 E0.02879
G1 X25.9 Y43.5 E0.2181
G1 X25.942 Y43.277 E0.00377
G1 X26.542 Y41.777 E0.02687
G1 F3809.5 X27 Y41.43 E0.00903
G1 F4079.3 X33.7 Y41.425 E0.09833
G1 F3110.2 X34.281 Y41.63 E0.01186
G1 F2500 X34.387 Y42.029 E0.00989
G1 X34.812 Y41.674 E0.01326
G1 X34.812 Y41.188 E0.01164
G1 X34.524 Y41.188 E0.0069
G1 F3110.2 X33.7 Y41.075 E0.01601
G1 F4114.3 X27.1 Y41.075 E0.09604
G1 F3840 X26.084 Y41.1 E0.01584
G1 F3600 X25.101 Y41.101 E0.01635
G1 X25.1 Y58.9 E0.296
G1 X26.084 Y58.9 E0.01636
G1 F3840 X27.1 Y58.925 E0.01584
G1 F4079.3 X33.83 Y58.922 E0.09877
G1 F3090.1 X34.524 Y58.812 E0.01361
G1 F2500 X34.812 Y58.812 E0.0069
G1 X34.812 Y58.323 E0.01171
G1 X34.388 Y57.969 E0.01323
G1 X34.281 Y58.37 E0.00994
G1 F3090.1 X33.8 Y58.57 E0.01009
G0 F7200 X33.9 Y58
;TYPE:WALL-OUTER
G1 F1800 X33.869 Y58.108 E0.00187
G1 X33.735 Y58.198 E0.00268
G1 X27.1 Y58.2 E0.11034
G1 X26.914 Y58.075 E0.00373
G1 X26.302 Y56.535 E0.02756
G1 X26.3 Y43.46 E0.21744
G1 X26.914 Y41.925 E0.02749
G1 X27.065 Y41.802 E0.00324
G1 X33.7 Y41.8 E0.11034
G1 X33.869 Y41.892 E0.0032
G1 X33.9 Y42 E0.00187
G1 X33.899 Y43.072 E0.01783
G1 X35.3 Y41.902 E0.03035
G1 X35.3 Y41.018 E0.0147
G1 X35.213 Y40.799 E0.00392
G1 X35.016 Y40.7 E0.00367
G1 X25.016 Y40.7 E0.1663
G1 X24.799 Y40.786 E0.00388
G1 X24.7 Y40.98 E0.00362
G1 X24.7 Y58.981 E0.29936
G1 X24.786 Y59.201 E0.00393
G1 X24.98 Y59.3 E0.00362
G1 X34.978 Y59.3 E0.16627
G1 X35.201 Y59.213 E0.00398
G1 X35.3 Y59.016 E0.00367
G1 X35.3 Y58.094 E0.01533
G1 X33.9 Y56.928 E0.0303
G1 X33.9 Y58 E0.01783
G0 F7200 X33.869 Y58.108
G0 X33.796 Y58.157
G1 F1500 E-6.5
G0 F7200 X34.552 Y58.32
G0 X36.165 Y58.2
G0 X43.835 Y58.2
G0 X44.93 Y58.2
G0 X45.41 Y56.573
G0 X45.26 Y56.573
;TYPE:FILL
G1 F1500 E6.5
G1 F3600 X46.012 Y57.326 E0.0177
G1 X46.082 Y57.396
G0 F7200 X45.907 Y57.466
G0 X46.422 Y58.634
G0 X47.008 Y58.647
G1 F3600 X46.877 Y58.779 E0.00309
G0 F7200 X46.422 Y58.634
G0 X45.651 Y56.663
G0 X45.41 Y54.739
G0 X45.26 Y54.739
G1 F3600 X45.74 Y54.259 E0.01129
G0 F7200 X45.59 Y54.259
G0 X45.59 Y51.397
G0 X45.741 Y51.397
G1 F3600 X45.26 Y50.917 E0.0113
G0 F7200 X45.41 Y50.917
G0 X45.41 Y49.082
G0 X45.26 Y49.082
G1 F3600 X45.74 Y48.602 E0.01129
G0 F7200 X45.59 Y48.602
G0 X45.59 Y45.741
G0 X45.741 Y45.741
G1 F3600 X45.26 Y45.26 E0.01131
G0 F7200 X45.41 Y45.26
G0 X45.41 Y43.425
G0 X45.26 Y43.425
G1 F3600 X46.011 Y42.674 E0.01766
G1 X46.081 Y42.604
G0 F7200 X45.908 Y42.534
G0 X46.422 Y41.366
G0 X46.964 Y41.307
G1 F3600 X46.878 Y41.221 E0.00202
G0 F7200 X47.39 Y41.296
G1 F3600 X47.475 Y41.21 E0.00201
G0 F7200 X52.524 Y41.21
G1 F3600 X52.605 Y41.291 E0.0019
G0 F7200 X53.051 Y41.291
G1 F3600 X53.132 Y41.21 E0.0019
G0 F7200 X46.8 Y41.557
G0 X46.051 Y43.414
G0 X46.051 Y56.586
G0 X46.8 Y58.443
G0 X54.61 Y58.57
G0 X53.8 Y58.57
;TYPE:WALL-INNER
G1 F4079.3 X47.1 Y58.575 E0.09833
G1 F3840 X46.542 Y58.223 E0.01029
G1 F3600 X45.9 Y56.615 E0.02879
G1 X45.9 Y43.5 E0.2181
G1 X45.942 Y43.277 E0.00377
G1 X46.542 Y41.777 E0.02687
G1 F3809.5 X47 Y41.43 E0.00903
G1 F4079.3 X53.7 Y41.425 E0.09833
G1 F3110.2 X54.281 Y41.63 E0.01186
G1 F2500 X54.387 Y42.029 E0.00989
G1 X54.812 Y41.674 E0.01326
G1 X54.812 Y41.188 E0.01164
G1 X54.524 Y41.188 E0.0069
G1 F3110.2 X53.7 Y41.075 E0.01601
G1 F4114.3 X47.1 Y41.075 E0.09604
G1 F3840 X46.084 Y41.1 E0.01584
G1 F3600 X45.101 Y41.101 E0.01635
G1 X45.1 Y58.9 E0.296
G1 X46.084 Y58.9 E0.01636
G1 F3840 X47.1 Y58.925 E0.01584
G1 F4079.3 X53.83 Y58.922 E0.09877
G1 F3090.1 X54.524 Y58.812 E0.01361
G1 F2500 X54.812 Y58.812 E0.0069
G1 X54.812 Y58.323 E0.01171
G1 X54.388 Y57.969 E0.01323
G1 X54.281 Y58.37 E0.00994
G1 F3090.1 X53.8 Y58.57 E0.01009
G0 F7200 X53.9 Y58
;TYPE:WALL-OUTER
G1 F1800 X53.869 Y58.108 E0.00187
G1 X53.735 Y58.198 E0.00268
G1 X47.1 Y58.2 E0.11034
G1 X46.914 Y58.075 E0.00373
G1 X46.302 Y56.535 E0.02756
G1 X46.3 Y43.46 E0.21744
G1 X46.914 Y41.925 E0.02749
G1 X47.065 Y41.802 E0.00324
G1 X53.7 Y41.8 E0.11034
G1 X53.869 Y41.892 E0.0032
G1 X53.9 Y42 E0.00187
G1 X53.899 Y43.072 E0.01783
G1 X55.3 Y41.902 E0.03035
G1 X55.3 Y41.018 E0.0147
G1 X55.213 Y40.799 E0.00392
G1 X55.016 Y40.7 E0.00367
G1 X45.016 Y40.7 E0.1663
G1 X44.799 Y40.786 E0.00388
G1 X44.7 Y40.98 E0.00362
G1 X44.7 Y58.981 E0.29936
G1 X44.786 Y59.201 E0.00393
G1 X44.98 Y59.3 E0.00362
G1 X54.978 Y59.3 E0.16627
G1 X55.201 Y59.213 E0.00398
G1 X55.3 Y59.016 E0.00367
G1 X55.3 Y58.094 E0.01533
G1 X53.9 Y56.928 E0.0303
G1 X53.9 Y58 E0.01783
G0 F7200 X53.869 Y58.108
G0 X53.796 Y58.157
G1 F1500 E-6.5
G0 F7200 X54.552 Y58.32
G0 X56.165 Y58.2
G0 X63.835 Y58.2
G0 X64.93 Y58.2
G0 X65.41 Y57.366
G0 X65.26 Y57.366
;TYPE:FILL
G1 F1500 E6.5
G1 F3600 X65.808 Y56.818 E0.01289
G0 F7200 X65.67 Y56.873
G0 X65.59 Y54.427
G0 X65.74 Y54.427
G1 F3600 X65.26 Y53.946 E0.0113
G0 F7200 X65.41 Y53.946
G0 X65.41 Y51.709
G0 X65.26 Y51.709
G1 F3600 X65.74 Y51.23 E0.01128
G0 F7200 X65.59 Y51.23
G0 X65.59 Y48.77
G0 X65.74 Y48.77
G1 F3600 X65.26 Y48.29 E0.01129
G0 F7200 X65.41 Y48.29
G0 X65.41 Y46.052
G0 X65.261 Y46.052
G1 F3600 X65.74 Y45.573 E0.01127
G0 F7200 X65.59 Y45.573
G0 X65.671 Y43.125
G0 X65.808 Y43.181
G1 F3600 X65.26 Y42.633 E0.01289
G0 F7200 X65.41 Y42.633
G0 X66.8 Y41.557
G0 X69.494 Y41.21
G1 F3600 X69.577 Y41.293 E0.00195
G0 F7200 X70.02 Y41.293
G1 F3600 X70.103 Y41.21 E0.00195
G0 F7200 X66.8 Y41.557
G0 X66.051 Y43.414
G0 X66.051 Y56.586
G0 X66.8 Y58.443
G0 X74.61 Y58.57
G0 X73.8 Y58.57
;TYPE:WALL-INNER
G1 F4079.3 X67.1 Y58.575 E0.09833
G1 F3840 X66.542 Y58.223 E0.01029
G1 F3600 X65.9 Y56.615 E0.02879
G1 X65.9 Y43.5 E0.2181
G1 X65.942 Y43.277 E0.00377
G1 X66.542 Y41.777 E0.02687
G1 F3809.5 X67 Y41.43 E0.00903
G1 F4079.3 X73.7 Y41.425 E0.09833
G1 F3110.2 X74.281 Y41.63 E0.01186
G1 F2500 X74.387 Y42.029 E0.00989
G1 X74.812 Y41.674 E0.01326
G1 X74.812 Y41.188 E0.01164
G1 X74.524 Y41.188 E0.0069
G1 F3110.2 X73.7 Y41.075 E0.01601
G1 F4114.3 X67.1 Y41.075 E0.09604
G1 F3840 X66.084 Y41.1 E0.01584
G1 F3600 X65.101 Y41.101 E0.01635
G1 X65.1 Y58.9 E0.296
G1 X66.084 Y58.9 E0.01636
G1 F3840 X67.1 Y58.925 E0.01584
G1 F4079.3 X73.83 Y58.922 E0.09877
G1 F3090.1 X74.524 Y58.812 E0.01361
G1 F2500 X74.812 Y58.812 E0.0069
G1 X74.812 Y58.323 E0.01171
G1 X74.388 Y57.969 E0.01323
G1 X74.281 Y58.37 E0.00994
G1 F3090.1 X73.8 Y58.57 E0.01009
G0 F7200 X73.9 Y58
;TYPE:WALL-OUTER
G1 F1800 X73.869 Y58.108 E0.00187
G1 X73.735 Y58.198 E0.00268
G1 X67.1 Y58.2 E0.11034
G1 X66.914 Y58.075 E0.00373
G1 X66.302 Y56.535 E0.02756
G1 X66.3 Y43.46 E0.21744
G1 X66.914 Y41.925 E0.02749
G1 X67.065 Y41.802 E0.00324
G1 X73.7 Y41.8 E0.11034
G1 X73.869 Y41.892 E0.0032
G1 X73.9 Y42 E0.00187
G1 X73.899 Y43.072 E0.01783
G1 X75.3 Y41.902 E0.03035
G1 X75.3 Y41.018 E0.0147
G1 X75.213 Y40.799 E0.00392
G1 X75.016 Y40.7 E0.00367
G1 X65.016 Y40.7 E0.1663
G1 X64.799 Y40.786 E0.00388
G1 X64.7 Y40.98 E0.00362
G1 X64.7 Y58.981 E0.29936
G1 X64.786 Y59.201 E0.00393
G1 X64.98 Y59.3 E0.00362
G1 X74.978 Y59.3 E0.16627
G1 X75.201 Y59.213 E0.00398
G1 X75.3 Y59.016 E0.00367
G1 X75.3 Y58.094 E0.01533
G1 X73.9 Y56.928 E0.0303
G1 X73.9 Y58 E0.01783
G0 F7200 X73.869 Y58.108
G0 X73.796 Y58.157
G1 F1500 E-6.5
;MESH:NONMESH
G0 F600 X73.796 Y58.157 Z1.5
G0 F7200 X74.552 Y58.32
G0 X66.8 Y58.443
G0 X66.051 Y56.586
G0 X64.93 Y42.231
G0 X63.835 Y42.231
G0 X55.223 Y39.837
G0 X44.935 Y39.836
G0 X36.165 Y41.8
G0 X35.072 Y41.8
G0 X34.138 Y41.562
G0 X26.8 Y41.557
G0 X25.41 Y42.231
G0 X25.26 Y42.231
;TIME_ELAPSED:220.365624
;LAYER:12
;TYPE:FILL
;MESH:pin.stl
G1 F1500 E6.5
G1 F3600 X25.924 Y42.895 E0.01562
G1 X25.994 Y42.965
G0 F7200 X25.771 Y42.875
G0 X25.59 Y45.975
G0 X25.739 Y45.975
G1 F3600 X25.261 Y46.454 E0.01125
G0 F7200 X25.41 Y46.454
G0 X25.41 Y47.887
G0 X25.26 Y47.887
G1 F3600 X25.74 Y48.368 E0.0113
G0 F7200 X25.59 Y48.368
G0 X25.59 Y51.632
G0 X25.739 Y51.632
G1 F3600 X25.261 Y52.111 E0.01125
G0 F7200 X25.41 Y52.111
G0 X25.41 Y53.544
G0 X25.26 Y53.544
G1 F3600 X25.74 Y54.024 E0.01129
G0 F7200 X25.59 Y54.024
G0 X25.651 Y56.663
G0 X25.923 Y57.106
G1 F3600 X25.261 Y57.768 E0.01557
G1 X25.191 Y57.838
G0 F7200 X25.41 Y57.838
G0 X26.051 Y43.414
G0 X26.8 Y41.557
G0 X29.98 Y41.294
G1 F3600 X29.896 Y41.21 E0.00198
G0 F7200 X30.421 Y41.294
G1 F3600 X30.505 Y41.21 E0.00198
G0 F7200 X26.8 Y41.557
G0 X26.051 Y43.414
G0 X26.051 Y56.586
G0 X26.8 Y58.443
G0 X34.61 Y58.57
G0 X33.8 Y58.57
;TYPE:WALL-INNER
G1 F4079.3 X27.1 Y58.575 E0.09833
G1 F3840 X26.542 Y58.223 E0.01029
G1 F3600 X25.9 Y56.615 E0.02879
G1 X25.9 Y43.5 E0.2181
G1 X25.942 Y43.277 E0.00377
G1 X26.542 Y41.777 E0.02687
G1 F3809.5 X27 Y41.43 E0.00903
G1 F4079.3 X33.7 Y41.425 E0.09833
G1 F3110.2 X34.281 Y41.63 E0.01186
G1 F2500 X34.387 Y42.029 E0.00989
G1 X34.812 Y41.674 E0.01326
G1 X34.812 Y41.188 E0.01164
G1 X34.524 Y41.188 E0.0069
G1 F3110.2 X33.7 Y41.075 E0.01601
G1 F4114.3 X27.1 Y41.075 E0.09604
G1 F3840 X26.084 Y41.1 E0.01584
G1 F3600 X25.101 Y41.101 E0.01635
G1 X25.1 Y58.9 E0.296
G1 X26.084 Y58.9 E0.01636
G1 F3840 X27.1 Y58.925 E0.01584
G1 F4079.3 X33.83 Y58.922 E0.09877
G1 F3090.1 X34.524 Y58.812 E0.01361
G1 F2500 X34.812 Y58.812 E0.0069
G1 X34.812 Y58.323 E0.01171
G1 X34.388 Y57.969 E0.01323
G1 X34.281 Y58.37 E0.00994
G1 F3090.1 X33.8 Y58.57 E0.01009
G0 F7200 X33.9 Y58
;TYPE:WALL-OUTER
G1 F1800 X33.869 Y58.108 E0.00187
G1 X33.735 Y58.198 E0.00268
G1 X27.1 Y58.2 E0.11034
G1 X26.914 Y58.075 E0.00373
G1 X26.302 Y56.535 E0.02756
G1 X26.3 Y43.46 E0.21744
G1 X26.914 Y41.925 E0.02749
G1 X27.065 Y41.802 E0.00324
G1 X33.7 Y41.8 E0.11034
G1 X33.869 Y41.892 E0.0032
G1 X33.9 Y42 E0.00187
G1 X33.899 Y43.072 E0.01783
G1 X35.3 Y41.902 E0.03035
G1 X35.3 Y41.018 E0.0147
G1 X35.213 Y40.799 E0.00392
G1 X35.016 Y40.7 E0.00367
G1 X25.016 Y40.7 E0.1663
G1 X24.799 Y40.786 E0.00388
G1 X24.7 Y40.98 E0.00362
G1 X24.7 Y58.981 E0.29936
G1 X24.786 Y59.201 E0.00393
G1 X24.98 Y59.3 E0.00362
G1 X34.978 Y59.3 E0.16627
G1 X35.201 Y59.213 E0.00398
G1 X35.3 Y59.016 E0.00367
G1 X35.3 Y58.094 E0.01533
G1 X33.9 Y56.928 E0.0303
G1 X33.9 Y58 E0.01783
G0 F7200 X33.869 Y58.108
G0 X33.796 Y58.157
G1 F1500 E-6.5
G0 F7200 X34.552 Y58.32
G0 X36.165 Y58.2
G0 X43.835 Y58.2
G0 X44.93 Y58.2
G0 X45.41 Y56.573
G0 X45.26 Y56.573
;TYPE:FILL
G1 F1500 E6.5
G1 F3600 X46.012 Y57.326 E0.0177
G1 X46.082 Y57.396
G0 F7200 X45.907 Y57.466
G0 X46.422 Y58.634
G0 X47.008 Y58.647
G1 F3600 X46.877 Y58.779 E0.00309
G0 F7200 X46.422 Y58.634
G0 X45.651 Y56.663
G0 X45.41 Y54.739
G0 X45.26 Y54.739
G1 F3600 X45.74 Y54.259 E0.01129
G0 F7200 X45.59 Y54.259
G0 X45.59 Y51.397
G0 X45.741 Y51.397
G1 F3600 X45.26 Y50.917 E0.0113
G0 F7200 X45.41 Y50.917
G0 X45.41 Y49.082
G0 X45.26 Y49.082
G1 F3600 X45.74 Y48.602 E0.01129
G0 F7200 X45.59 Y48.602
G0 X45.59 Y45.741
G0 X45.741 Y45.741
G1 F3600 X45.26 Y45.26 E0.01131
G0 F7200 X45.41 Y45.26
G0 X45.41 Y43.425
G0 X45.26 Y43.425
G1 F3600 X46.011 Y42.674 E0.01766
G1 X46.081 Y42.604
G0 F7200 X45.908 Y42.534
G0 X46.422 Y41.366
G0 X46.964 Y41.307
G1 F3600 X46.878 Y41.221 E0.00202
G0 F7200 X47.39 Y41.296
G1 F3600 X47.475 Y41.21 E0.00201
G0 F7200 X52.524 Y41.21
G1 F3600 X52.605 Y41.291 E0.0019
G0 F7200 X53.051 Y41.291
G1 F3600 X53.132 Y41.21 E0.0019
G0 F7200 X46.8 Y41.557
G0 X46.051 Y43.414
G0 X46.051 Y56.586
G0 X46.8 Y58.443
G0 X54.61 Y58.57
G0 X53.8 Y58.57
;TYPE:WALL-INNER
G1 F4079.3 X47.1 Y58.575 E0.09833
G1 F3840 X46.542 Y58.223 E0.01029
G1 F3600 X45.9 Y56.615 E0.02879
G1 X45.9 Y43.5 E0.2181
G1 X45.942 Y43.277 E0.00377
G1 X46.542 Y41.777 E0.02687
G1 F3809.5 X47 Y41.43 E0.00903
G1 F4079.3 X53.7 Y41.425 E0.09833
G1 F3110.2 X54.281 Y41.63 E0.01186
G1 F2500 X54.387 Y42.029 E0.00989
G1 X54.812 Y41.674 E0.01326
G1 X54.812 Y41.188 E0.01164
G1 X54.524 Y41.188 E0.0069
G1 F3110.2 X53.7 Y41.075 E0.01601
G1 F4114.3 X47.1 Y41.075 E0.09604
G1 F3840 X46.084 Y41.1 E0.01584
G1 F3600 X45.101 Y41.101 E0.01635
G1 X45.1 Y58.9 E0.296
G1 X46.084 Y58.9 E0.01636
G1 F3840 X47.1 Y58.925 E0.01584
G1 F4079.3 X53.83 Y58.922 E0.09877
G1 F3090.1 X54.524 Y58.812 E0.01361
G1 F2500 X54.812 Y58.812 E0.0069
G1 X54.812 Y58.323 E0.01171
G1 X54.388 Y57.969 E0.01323
G1 X54.281 Y58.37 E0.00994
G1 F3090.1 X53.8 Y58.57 E0.01009
G0 F7200 X53.9 Y58
;TYPE:WALL-OUTER
G1 F1800 X53.869 Y58.108 E0.00187
G1 X53.735 Y58.198 E0.00268
G1 X47.1 Y58.2 E0.11034
G1 X46.914 Y58.075 E0.00373
G1 X46.302 Y56.535 E0.02756
G1 X46.3 Y43.46 E0.21744
G1 X46.914 Y41.925 E0.02749
G1 X47.065 Y41.802 E0.00324
G1 X53.7 Y41.8 E0.11034
G1 X53.869 Y41.892 E0.0032
G1 X53.9 Y42 E0.00187
G1 X53.899 Y43.072 E0.01783
G1 X55.3 Y41.902 E0.03035
G1 X55.3 Y41.018 E0.0147
G1 X55.213 Y40.799 E0.00392
G1 X55.016 Y40.7 E0.00367
G1 X45.016 Y40.7 E0.1663
G1 X44.799 Y40.786 E0.00388
G1 X44.7 Y40.98 E0.00362
G1 X44.7 Y58.981 E0.29936
G1 X44.786 Y59.201 E0.00393
G1 X44.98 Y59.3 E0.00362
G1 X54.978 Y59.3 E0.16627
G1 X55.201 Y59.213 E0.00398
G1 X55.3 Y59.016 E0.00367
G1 X55.3 Y58.094 E0.01533
G1 X53.9 Y56.928 E0.0303
G1 X53.9 Y58 E0.01783
G0 F7200 X53.869 Y58.108
G0 X53.796 Y58.157
G1 F1500 E-6.5
G0 F7200 X54.552 Y58.32
G0 X56.165 Y58.2
G0 X63.835 Y58.2
G0 X64.93 Y58.2
G0 X65.41 Y57.366
G0 X65.26 Y57.366
;TYPE:FILL
G1 F1500 E6.5
G1 F3600 X65.808 Y56.818 E0.01289
G0 F7200 X65.67 Y56.873
G0 X65.59 Y54.427
G0 X65.74 Y54.427
G1 F3600 X65.26 Y53.946 E0.0113
G0 F7200 X65.41 Y53.946
G0 X65.41 Y51.709
G0 X65.26 Y51.709
G1 F3600 X65.74 Y51.23 E0.01128
G0 F7200 X65.59 Y51.23
G0 X65.59 Y48.77
G0 X65.74 Y48.77
G1 F3600 X65.26 Y48.29 E0.01129
G0 F7200 X65.41 Y48.29
G0 X65.41 Y46.052
G0 X65.261 Y46.052
G1 F3600 X65.74 Y45.573 E0.01127
G0 F7200 X65.59 Y45.573
G0 X65.671 Y43.125
G0 X65.808 Y43.181
G1 F3600 X65.26 Y42.633 E0.01289
G0 F7200 X65.41 Y42.633
G0 X66.8 Y41.557
G0 X69.494 Y41.21
G1 F3600 X69.577 Y41.293 E0.00195
G0 F7200 X70.02 Y41.293
G1 F3600 X70.103 Y41.21 E0.00195
G0 F7200 X66.8 Y41.557
G0 X66.051 Y43.414
G0 X66.051 Y56.586
G0 X66.8 Y58.443
G0 X74.61 Y58.57
G0 X73.8 Y58.57
;TYPE:WALL-INNER
G1 F4079.3 X67.1 Y58.575 E0.09833
G1 F3840 X66.542 Y58.223 E0.01029
G1 F3600 X65.9 Y56.615 E0.02879
G1 X65.9 Y43.5 E0.2181
G1 X65.942 Y43.277 E0.00377
G1 X66.542 Y41.777 E0.02687
G1 F3809.5 X67 Y41.43 E0.00903
G1 F4079.3 X73.7 Y41.425 E0.09833
G1 F3110.2 X74.281 Y41.63 E0.01186
G1 F2500 X74.387 Y42.029 E0.00989
G1 X74.812 Y41.674 E0.01326
G1 X74.812 Y41.188 E0.01164
G1 X74.524 Y41.188 E0.0069
G1 F3110.2 X73.7 Y41.075 E0.01601
G1 F4114.3 X67.1 Y41.075 E0.09604
G1 F3840 X66.084 Y41.1 E0.01584
G1 F3600 X65.101 Y41.101 E0.01635
G1 X65.1 Y58.9 E0.296
G1 X66.084 Y58.9 E0.01636
G1 F3840 X67.1 Y58.925 E0.01584
G1 F4079.3 X73.83 Y58.922 E0.09877
G1 F3090.1 X74.524 Y58.812 E0.01361
G1 F2500 X74.812 Y58.812 E0.0069
G1 X74.812 Y58.323 E0.01171
G1 X74.388 Y57.969 E0.01323
G1 X74.281 Y58.37 E0.00994
G1 F3090.1 X73.8 Y58.57 E0.01009
G0 F7200 X73.9 Y58
;TYPE:WALL-OUTER
G1 F1800 X73.869 Y58.108 E0.00187
G1 X73.735 Y58.198 E0.00268
G1 X67.1 Y58.2 E0.11034
G1 X66.914 Y58.075 E0.00373
G1 X66.302 Y56.535 E0.02756
G1 X66.3 Y43.46 E0.21744
G1 X66.914 Y41.925 E0.02749
G1 X67.065 Y41.802 E0.00324
G1 X73.7 Y41.8 E0.11034
G1 X73.869 Y41.892 E0.0032
G1 X73.9 Y42 E0.00187
G1 X73.899 Y43.072 E0.01783
G1 X75.3 Y41.902 E0.03035
G1 X75.3 Y41.018 E0.0147
G1 X75.213 Y40.799 E0.00392
G1 X75.016 Y40.7 E0.00367
G1 X65.016 Y40.7 E0.1663
G1 X64.799 Y40.786 E0.00388
G1 X64.7 Y40.98 E0.00362
G1 X64.7 Y58.981 E0.29936
G1 X64.786 Y59.201 E0.00393
G1 X64.98 Y59.3 E0.00362
G1 X74.978 Y59.3 E0.16627
G1 X75.201 Y59.213 E0.00398
G1 X75.3 Y59.016 E0.00367
G1 X75.3 Y58.094 E0.01533
G1 X73.9 Y56.928 E0.0303
G1 X73.9 Y58 E0.01783
G0 F7200 X73.869 Y58.108
G0 X73.796 Y58.157
G1 F1500 E-6.5
;MESH:NONMESH
G0 F600 X73.796 Y58.157 Z1.6
G0 F7200 X74.552 Y58.32
G0 X66.8 Y58.443
G0 X66.051 Y56.586
G0 X64.93 Y44.994
G0 X63.835 Y44.994
G0 X55.81 Y40.134
G0 X44.935 Y39.836
G0 X44.134 Y40.19
G0 X43.836 Y43.168
G0 X27.414 Y44.994
;TIME_ELAPSED:237.629343
;LAYER:13
;TYPE:WALL-OUTER
;MESH:pin.stl
G1 F1500 E6.5
G1 F2117.6 X26.716 Y44.996 E0.00987
G1 F1500 E-6.5
G0 F7200 X25.59 Y45.975
G0 X25.74 Y45.975
;TYPE:FILL
G1 F1500 E6.5
G1 F3600 X25.261 Y46.454 E0.01127
G0 F7200 X25.41 Y46.454
G0 X25.41 Y47.887
G0 X25.26 Y47.887
G1 F3600 X25.74 Y48.368 E0.0113
G0 F7200 X25.59 Y48.368
G0 X25.59 Y51.632
G0 X25.74 Y51.632
G1 F3600 X25.261 Y52.111 E0.01127
G0 F7200 X25.41 Y52.111
G0 X25.41 Y53.544
G0 X25.26 Y53.544
G1 F3600 X25.74 Y54.024 E0.01129
G0 F7200 X25.59 Y54.024
G0 X25.651 Y56.663
G0 X25.923 Y57.106
G1 F3600 X25.261 Y57.768 E0.01557
G1 X25.191 Y57.838
G0 F7200 X25.41 Y57.838
G0 X25.651 Y43.337
G0 X25.924 Y42.895
G1 F3600 X25.26 Y42.231 E0.01562
G1 X25.19 Y42.161
G0 F7200 X25.41 Y42.161
G0 X26.8 Y41.557
G0 X29.896 Y41.21
G1 F3600 X29.98 Y41.294 E0.00198
G0 F7200 X30.421 Y41.294
G1 F3600 X30.505 Y41.21 E0.00198
G0 F7200 X26.8 Y41.557
G0 X26.051 Y43.414
G0 X26.051 Y56.586
G0 X26.8 Y58.443
G0 X34.61 Y58.57
G0 X33.8 Y58.57
;TYPE:WALL-INNER
G1 F4079.3 X27.1 Y58.575 E0.09833
G1 F3840 X26.542 Y58.223 E0.01029
G1 F3600 X25.9 Y56.615 E0.02879
G1 X25.9 Y55.125 E0.02478
G1 X25.941 Y54.998 E0.00222
G1 X25.9 Y54.861 E0.00238
G1 X25.9 Y43.5 E0.18893
G1 X25.942 Y43.277 E0.00377
G1 X26.542 Y41.777 E0.02687
G1 F3809.5 X27 Y41.43 E0.00903
G1 F4079.3 X33.7 Y41.425 E0.09833
G1 F3110.2 X34.281 Y41.63 E0.01186
G1 F2500 X34.387 Y42.029 E0.00989
G1 X34.812 Y41.674 E0.01326
G1 X34.812 Y41.188 E0.01164
G1 X34.524 Y41.188 E0.0069
G1 F3110.2 X33.7 Y41.075 E0.01601
G1 F4114.3 X27.1 Y41.075 E0.09604
G1 F3840 X26.084 Y41.1 E0.01584
G1 F3600 X25.101 Y41.101 E0.01635
G1 X25.1 Y58.9 E0.296
G1 X26.084 Y58.9 E0.01636
G1 F3840 X27.1 Y58.925 E0.01584
G1 F4079.3 X33.83 Y58.922 E0.09877
G1 F3090.1 X34.524 Y58.812 E0.01361
G1 F2500 X34.812 Y58.812 E0.0069
G1 X34.812 Y58.323 E0.01171
G1 X34.388 Y57.969 E0.01323
G1 X34.281 Y58.37 E0.00994
G1 F3090.1 X33.8 Y58.57 E0.01009
G0 F7200 X33.9 Y58
;TYPE:WALL-OUTER
G1 F1800 X33.869 Y58.108 E0.00187
G1 X33.735 Y58.198 E0.00268
G1 X27.1 Y58.2 E0.11034
G1 X26.914 Y58.075 E0.00373
G1 X26.302 Y56.535 E0.02756
G1 X26.304 Y55.142 E0.02317
G1 F1734.9 X26.482 Y54.998 E0.00395
G1 X26.302 Y54.853 E0.00399
G1 F1800 X26.3 Y43.46 E0.18947
G1 X26.914 Y41.925 E0.02749
G1 X27.065 Y41.802 E0.00324
G1 X33.7 Y41.8 E0.11034
G1 X33.869 Y41.892 E0.0032
G1 X33.9 Y42 E0.00187
G1 X33.899 Y43.072 E0.01783
G1 X35.3 Y41.902 E0.03035
G1 X35.3 Y41.018 E0.0147
G1 X35.213 Y40.799 E0.00392
G1 X35.016 Y40.7 E0.00367
G1 X25.016 Y40.7 E0.1663
G1 X24.799 Y40.786 E0.00388
G1 X24.7 Y40.98 E0.00362
G1 X24.7 Y58.981 E0.29936
G1 X24.786 Y59.201 E0.00393
G1 X24.98 Y59.3 E0.00362
G1 X34.978 Y59.3 E0.16627
G1 X35.201 Y59.213 E0.00398
G1 X35.3 Y59.016 E0.00367
G1 X35.3 Y58.094 E0.01533
G1 X33.9 Y56.928 E0.0303
G1 X33.9 Y58 E0.01783
G0 F7200 X33.869 Y58.108
G0 X33.796 Y58.157
G1 F1500 E-6.5
G0 F7200 X34.552 Y58.32
G0 X34.118 Y57.393
G0 X33.047 Y57.347
G0 X28.165 Y54.998
G0 X27.286 Y54.998
G1 F1500 E6.5
G1 F1678.3 X26.482 Y54.998 E0.01434
G1 F1500 E-6.5
G0 F7200 X25.59 Y54.998
G0 X26.07 Y44.994
G0 X27.153 Y44.192
G0 X33.8 Y44.274
G0 X44.551 Y39.913
G0 X55.223 Y39.837
G0 X56.087 Y40.551
G0 X56.161 Y42.309
G0 X53.8 Y44.274
G0 X47.153 Y44.192
G0 X47.414 Y44.994
G1 F1500 E6.5
G1 F2117.6 X46.716 Y44.996 E0.00987
G1 F1500 E-6.5
G0 F7200 X45.59 Y45.74
G0 X45.74 Y45.74
;TYPE:FILL
G1 F1500 E6.5
G1 F3600 X45.26 Y45.26 E0.01129
G0 F7200 X45.41 Y45.26
G0 X45.41 Y43.425
G0 X45.26 Y43.425
G1 F3600 X46.011 Y42.674 E0.01766
G1 X46.081 Y42.604
G0 F7200 X45.908 Y42.534
G0 X46.422 Y41.366
G0 X46.964 Y41.307
G1 F3600 X46.878 Y41.221 E0.00202
G0 F7200 X47.39 Y41.296
G1 F3600 X47.475 Y41.21 E0.00201
G0 F7200 X52.524 Y41.21
G1 F3600 X52.605 Y41.291 E0.0019
G0 F7200 X53.051 Y41.291
G1 F3600 X53.132 Y41.21 E0.0019
G0 F7200 X46.8 Y41.557
G0 X46.051 Y43.414
G0 X45.59 Y48.602
G0 X45.74 Y48.602
G1 F3600 X45.26 Y49.082 E0.01129
G0 F7200 X45.41 Y49.082
G0 X45.41 Y50.917
G0 X45.26 Y50.917
G1 F3600 X45.74 Y51.397 E0.01129
G0 F7200 X45.59 Y51.397
G0 X45.59 Y54.259
G0 X45.74 Y54.259
G1 F3600 X45.26 Y54.739 E0.01129
G0 F7200 X45.41 Y54.739
G0 X45.41 Y56.573
G0 X45.26 Y56.573
G1 F3600 X46.012 Y57.326 E0.0177
G1 X46.082 Y57.396
G0 F7200 X45.907 Y57.466
G0 X46.422 Y58.634
G0 X47.008 Y58.647
G1 F3600 X46.877 Y58.779 E0.00309
G0 F7200 X46.381 Y58.65
G0 X54.61 Y58.57
G0 X53.8 Y58.57
;TYPE:WALL-INNER
G1 F4079.3 X47.1 Y58.575 E0.09833
G1 F3840 X46.542 Y58.223 E0.01029
G1 F3600 X45.9 Y56.615 E0.02879
G1 X45.9 Y55.125 E0.02478
G1 X45.941 Y54.998 E0.00222
G1 X45.9 Y54.861 E0.00238
G1 X45.9 Y43.5 E0.18893
G1 X45.942 Y43.277 E0.00377
G1 X46.542 Y41.777 E0.02687
G1 F3809.5 X47 Y41.43 E0.00903
G1 F4079.3 X53.7 Y41.425 E0.09833
G1 F3110.2 X54.281 Y41.63 E0.01186
G1 F2500 X54.387 Y42.029 E0.00989
G1 X54.812 Y41.674 E0.01326
G1 X54.812 Y41.188 E0.01164
G1 X54.524 Y41.188 E0.0069
G1 F3110.2 X53.7 Y41.075 E0.01601
G1 F4114.3 X47.1 Y41.075 E0.09604
G1 F3840 X46.084 Y41.1 E0.01584
G1 F3600 X45.101 Y41.101 E0.01635
G1 X45.1 Y58.9 E0.296
G1 X46.084 Y58.9 E0.01636
G1 F3840 X47.1 Y58.925 E0.01584
G1 F4079.3 X53.83 Y58.922 E0.09877
G1 F3090.1 X54.524 Y58.812 E0.01361
G1 F2500 X54.812 Y58.812 E0.0069
G1 X54.812 Y58.323 E0.01171
G1 X54.388 Y57.969 E0.01323
G1 X54.281 Y58.37 E0.00994
G1 F3090.1 X53.8 Y58.57 E0.01009
G0 F7200 X53.9 Y58
;TYPE:WALL-OUTER
G1 F1800 X53.869 Y58.108 E0.00187
G1 X53.735 Y58.198 E0.00268
G1 X47.1 Y58.2 E0.11034
G1 X46.914 Y58.075 E0.00373
G1 X46.302 Y56.535 E0.02756
G1 X46.304 Y55.142 E0.02317
G1 F1734.9 X46.482 Y54.998 E0.00395
G1 X46.302 Y54.853 E0.00399
G1 F1800 X46.3 Y43.46 E0.18947
G1 X46.914 Y41.925 E0.02749
G1 X47.065 Y41.802 E0.00324
G1 X53.7 Y41.8 E0.11034
G1 X53.869 Y41.892 E0.0032
G1 X53.9 Y42 E0.00187
G1 X53.899 Y43.072 E0.01783
G1 X55.3 Y41.902 E0.03035
G1 X55.3 Y41.018 E0.0147
G1 X55.213 Y40.799 E0.00392
G1 X55.016 Y40.7 E0.00367
G1 X45.016 Y40.7 E0.1663
G1 X44.799 Y40.786 E0.00388
G1 X44.7 Y40.98 E0.00362
G1 X44.7 Y58.981 E0.29936
G1 X44.786 Y59.201 E0.00393
G1 X44.98 Y59.3 E0.00362
G1 X54.978 Y59.3 E0.16627
G1 X55.201 Y59.213 E0.00398
G1 X55.3 Y59.016 E0.00367
G1 X55.3 Y58.094 E0.01533
G1 X53.9 Y56.928 E0.0303
G1 X53.9 Y58 E0.01783
G0 F7200 X53.869 Y58.108
G0 X53.796 Y58.157
G1 F1500 E-6.5
G0 F7200 X54.552 Y58.32
G0 X47.286 Y58.43
G0 X47.545 Y57.342
G0 X47.286 Y55.879
G0 X47.286 Y54.998
G1 F1500 E6.5
G1 F1678.3 X46.482 Y54.998 E0.01434
G1 F1500 E-6.5
G0 F7200 X45.59 Y54.998
G0 X46.07 Y44.994
G0 X47.153 Y44.192
G0 X53.8 Y44.274
G0 X64.551 Y39.913
G0 X75.223 Y39.837
G0 X76.087 Y40.551
G0 X76.161 Y42.309
G0 X73.8 Y44.274
G0 X67.153 Y44.192
G0 X67.414 Y44.994
G1 F1500 E6.5
G1 F2117.6 X66.716 Y44.996 E0.00987
G1 F1500 E-6.5
G0 F7200 X65.59 Y45.573
G0 X65.74 Y45.573
;TYPE:FILL
G1 F1500 E6.5
G1 F3600 X65.261 Y46.052 E0.01127
G0 F7200 X65.41 Y46.052
G0 X65.41 Y48.29
G0 X65.26 Y48.29
G1 F3600 X65.74 Y48.769 E0.01128
G0 F7200 X65.59 Y48.769
G0 X65.59 Y51.23
G0 X65.74 Y51.23
G1 F3600 X65.26 Y51.709 E0.01128
G0 F7200 X65.41 Y51.709
G0 X65.41 Y53.946
G0 X65.26 Y53.946
G1 F3600 X65.74 Y54.426 E0.01129
G0 F7200 X65.59 Y54.426
G0 X65.67 Y56.873
G0 X65.808 Y56.818
G1 F3600 X65.26 Y57.366 E0.01289
G0 F7200 X65.41 Y57.366
G0 X65.671 Y43.125
G0 X65.808 Y43.181
G1 F3600 X65.26 Y42.633 E0.01289
G0 F7200 X65.41 Y42.633
G0 X66.8 Y41.557
G0 X69.494 Y41.21
G1 F3600 X69.577 Y41.293 E0.00195
G0 F7200 X70.02 Y41.293
G1 F3600 X70.103 Y41.21 E0.00195
G0 F7200 X66.8 Y41.557
G0 X66.051 Y43.414
G0 X66.051 Y56.586
G0 X66.8 Y58.443
G0 X74.61 Y58.57
G0 X73.8 Y58.57
;TYPE:WALL-INNER
G1 F4079.3 X67.1 Y58.575 E0.09833
G1 F3840 X66.542 Y58.223 E0.01029
G1 F3600 X65.9 Y56.615 E0.02879
G1 X65.9 Y55.125 E0.02478
G1 X65.941 Y54.998 E0.00222
G1 X65.9 Y54.861 E0.00238
G1 X65.9 Y43.5 E0.18893
G1 X65.942 Y43.277 E0.00377
G1 X66.542 Y41.777 E0.02687
G1 F3809.5 X67 Y41.43 E0.00903
G1 F4079.3 X73.7 Y41.425 E0.09833
G1 F3110.2 X74.281 Y41.63 E0.01186
G1 F2500 X74.387 Y42.029 E0.00989
G1 X74.812 Y41.674 E0.01326
G1 X74.812 Y41.188 E0.01164
G1 X74.524 Y41.188 E0.0069
G1 F3110.2 X73.7 Y41.075 E0.01601
G1 F4114.3 X67.1 Y41.075 E0.09604
G1 F3840 X66.084 Y41.1 E0.01584
G1 F3600 X65.101 Y41.101 E0.01635
G1 X65.1 Y58.9 E0.296
G1 X66.084 Y58.9 E0.01636
G1 F3840 X67.1 Y58.925 E0.01584
G1 F4079.3 X73.83 Y58.922 E0.09877
G1 F3090.1 X74.524 Y58.812 E0.01361
G1 F2500 X74.812 Y58.812 E0.0069
G1 X74.812 Y58.323 E0.01171
G1 X74.388 Y57.969 E0.01323
G1 X74.281 Y58.37 E0.00994
G1 F3090.1 X73.8 Y58.57 E0.01009
G0 F7200 X73.9 Y58
;TYPE:WALL-OUTER
G1 F1800 X73.869 Y58.108 E0.00187
G1 X73.735 Y58.198 E0.00268
G1 X67.1 Y58.2 E0.11034
G1 X66.914 Y58.075 E0.00373
G1 X66.302 Y56.535 E0.02756
G1 X66.304 Y55.142 E0.02317
G1 F1734.9 X66.482 Y54.998 E0.00395
G1 X66.302 Y54.853 E0.00399
G1 F1800 X66.3 Y43.46 E0.18947
G1 X66.914 Y41.925 E0.02749
G1 X67.065 Y41.802 E0.00324
G1 X73.7 Y41.8 E0.11034
G1 X73.869 Y41.892 E0.0032
G1 X73.9 Y42 E0.00187
G1 X73.899 Y43.072 E0.01783
G1 X75.3 Y41.902 E0.03035
G1 X75.3 Y41.018 E0.0147
G1 X75.213 Y40.799 E0.00392
G1 X75.016 Y40.7 E0.00367
G1 X65.016 Y40.7 E0.1663
G1 X64.799 Y40.786 E0.00388
G1 X64.7 Y40.98 E0.00362
G1 X64.7 Y58.981 E0.29936
G1 X64.786 Y59.201 E0.00393
G1 X64.98 Y59.3 E0.00362
G1 X74.978 Y59.3 E0.16627
G1 X75.201 Y59.213 E0.00398
G1 X75.3 Y59.016 E0.00367
G1 X75.3 Y58.094 E0.01533
G1 X73.9 Y56.928 E0.0303
G1 X73.9 Y58 E0.01783
G0 F7200 X73.869 Y58.108
G0 X73.796 Y58.157
G1 F1500 E-6.5
G0 F7200 X74.552 Y58.32
G0 X67.286 Y58.43
G0 X67.545 Y57.342
G0 X67.286 Y55.879
G0 X67.286 Y54.998
G1 F1500 E6.5
G1 F1678.3 X66.482 Y54.998 E0.01434
G1 F1500 E-6.5
;MESH:NONMESH
G0 F600 X66.482 Y54.998 Z1.7
G0 F7200 X65.59 Y54.998
G0 X64.93 Y44.995
G0 X63.835 Y44.995
G0 X55.81 Y40.134
G0 X44.935 Y39.836
G0 X44.134 Y40.19
G0 X43.836 Y43.168
G0 X28.229 Y44.995
G0 X27.235 Y44.995
;TIME_ELAPSED:259.571662
;LAYER:14
;TYPE:WALL-OUTER
;MESH:pin.stl
G1 F1500 E6.5
G1 F1094.2 X26.893 Y44.995 E0.00936
G1 F1500 E-6.5
G0 F7200 X26.07 Y44.995
G0 X25.59 Y45.975
G0 X25.74 Y45.975
;TYPE:FILL
G1 F1500 E6.5
G1 F3600 X25.261 Y46.454 E0.01127
G0 F7200 X25.41 Y46.454
G0 X25.41 Y47.887
G0 X25.26 Y47.887
G1 F3600 X25.74 Y48.368 E0.0113
G0 F7200 X25.59 Y48.368
G0 X25.59 Y51.632
G0 X25.74 Y51.632
G1 F3600 X25.261 Y52.111 E0.01127
G0 F7200 X25.41 Y52.111
G0 X25.41 Y53.544
G0 X25.26 Y53.544
G1 F3600 X25.74 Y54.024 E0.01129
G0 F7200 X25.59 Y54.024
G0 X25.651 Y56.663
G0 X25.923 Y57.106
G1 F3600 X25.261 Y57.768 E0.01557
G1 X25.191 Y57.838
G0 F7200 X25.41 Y57.838
G0 X25.651 Y43.337
G0 X25.924 Y42.895
G1 F3600 X25.26 Y42.231 E0.01562
G1 X25.19 Y42.161
G0 F7200 X25.41 Y42.161
G0 X26.8 Y41.557
G0 X29.896 Y41.21
G1 F3600 X29.98 Y41.294 E0.00198
G0 F7200 X30.421 Y41.294
G1 F3600 X30.505 Y41.21 E0.00198
G0 F7200 X26.8 Y41.557
G0 X26.051 Y43.414
G0 X26.051 Y56.586
G0 X26.8 Y58.443
G0 X34.61 Y58.57
G0 X33.8 Y58.57
;TYPE:WALL-INNER
G1 F4079.3 X27.1 Y58.575 E0.09833
G1 F3840 X26.542 Y58.223 E0.01029
G1 F3600 X25.9 Y56.615 E0.02879
G1 X25.9 Y55.356 E0.02094
G1 X25.937 Y55.147 E0.00353
G1 X26.016 Y54.998 E0.0028
G1 X25.9 Y54.715 E0.00509
G1 X25.9 Y43.5 E0.18651
G1 X25.942 Y43.277 E0.00377
G1 X26.542 Y41.777 E0.02687
G1 F3809.5 X27 Y41.43 E0.00903
G1 F4079.3 X33.7 Y41.425 E0.09833
G1 F3110.2 X34.281 Y41.63 E0.01186
G1 F2500 X34.387 Y42.029 E0.00989
G1 X34.812 Y41.674 E0.01326
G1 X34.812 Y41.188 E0.01164
G1 X34.524 Y41.188 E0.0069
G1 F3110.2 X33.7 Y41.075 E0.01601
G1 F4114.3 X27.1 Y41.075 E0.09604
G1 F3840 X26.084 Y41.1 E0.01584
G1 F3600 X25.101 Y41.101 E0.01635
G1 X25.1 Y58.9 E0.296
G1 X26.084 Y58.9 E0.01636
G1 F3840 X27.1 Y58.925 E0.01584
G1 F4079.3 X33.83 Y58.922 E0.09877
G1 F3090.1 X34.524 Y58.812 E0.01361
G1 F2500 X34.812 Y58.812 E0.0069
G1 X34.812 Y58.323 E0.01171
G1 X34.388 Y57.969 E0.01323
G1 X34.281 Y58.37 E0.00994
G1 F3090.1 X33.8 Y58.57 E0.01009
G0 F7200 X33.9 Y58
;TYPE:WALL-OUTER
G1 F1800 X33.869 Y58.108 E0.00187
G1 X33.735 Y58.198 E0.00268
G1 X27.1 Y58.2 E0.11034
G1 X26.914 Y58.075 E0.00373
G1 X26.302 Y56.535 E0.02756
G1 X26.3 Y55.356 E0.01961
G1 X26.339 Y55.237 E0.00208
G1 F1894.7 X26.484 Y55.177 E0.00248
G1 F2011.2 X27.321 Y55.177 E0.01246
G1 X27.321 Y54.819 E0.00533
G1 X26.484 Y54.819 E0.01246
G1 F1894.7 X26.339 Y54.759 E0.00248
G1 F1800 X26.302 Y54.675 E0.00153
G1 X26.3 Y43.46 E0.18651
G1 X26.914 Y41.925 E0.02749
G1 X27.065 Y41.802 E0.00324
G1 X33.7 Y41.8 E0.11034
G1 X33.869 Y41.892 E0.0032
G1 X33.9 Y42 E0.00187
G1 X33.899 Y43.072 E0.01783
G1 X35.3 Y41.902 E0.03035
G1 X35.3 Y41.018 E0.0147
G1 X35.213 Y40.799 E0.00392
G1 X35.016 Y40.7 E0.00367
G1 X25.016 Y40.7 E0.1663
G1 X24.799 Y40.786 E0.00388
G1 X24.7 Y40.98 E0.00362
G1 X24.7 Y58.981 E0.29936
G1 X24.786 Y59.201 E0.00393
G1 X24.98 Y59.3 E0.00362
G1 X34.978 Y59.3 E0.16627
G1 X35.201 Y59.213 E0.00398
G1 X35.3 Y59.016 E0.00367
G1 X35.3 Y58.094 E0.01533
G1 X33.9 Y56.928 E0.0303
G1 X33.9 Y58 E0.01783
G0 F7200 X33.869 Y58.108
G0 X33.796 Y58.157
G1 F1500 E-6.5
G0 F7200 X34.552 Y58.32
G0 X35.771 Y57.361
G0 X44.134 Y40.19
G0 X44.935 Y39.836
G0 X55.223 Y39.837
G0 X56.087 Y40.551
G0 X56.161 Y42.309
G0 X53.8 Y44.274
G0 X48.217 Y45.976
G0 X47.153 Y45.977
G0 X47.235 Y44.995
G1 F1500 E6.5
G1 F1094.2 X46.893 Y44.995 E0.00936
G1 F1500 E-6.5
G0 F7200 X46.07 Y44.995
G0 X45.59 Y45.74
G0 X45.74 Y45.74
;TYPE:FILL
G1 F1500 E6.5
G1 F3600 X45.26 Y45.26 E0.01129
G0 F7200 X45.41 Y45.26
G0 X45.41 Y43.425
G0 X45.26 Y43.425
G1 F3600 X46.011 Y42.674 E0.01766
G1 X46.081 Y42.604
G0 F7200 X45.908 Y42.534
G0 X46.422 Y41.366
G0 X46.964 Y41.307
G1 F3600 X46.878 Y41.221 E0.00202
G0 F7200 X47.39 Y41.296
G1 F3600 X47.475 Y41.21 E0.00201
G0 F7200 X52.524 Y41.21
G1 F3600 X52.605 Y41.291 E0.0019
G0 F7200 X53.051 Y41.291
G1 F3600 X53.132 Y41.21 E0.0019
G0 F7200 X46.8 Y41.557
G0 X46.051 Y43.414
G0 X45.59 Y48.602
G0 X45.74 Y48.602
G1 F3600 X45.26 Y49.082 E0.01129
G0 F7200 X45.41 Y49.082
G0 X45.41 Y50.917
G0 X45.26 Y50.917
G1 F3600 X45.74 Y51.397 E0.01129
G0 F7200 X45.59 Y51.397
G0 X45.59 Y54.259
G0 X45.74 Y54.259
G1 F3600 X45.26 Y54.739 E0.01129
G0 F7200 X45.41 Y54.739
G0 X45.41 Y56.573
G0 X45.26 Y56.573
G1 F3600 X46.012 Y57.326 E0.0177
G1 X46.082 Y57.396
G0 F7200 X45.907 Y57.466
G0 X46.422 Y58.634
G0 X47.008 Y58.647
G1 F3600 X46.877 Y58.779 E0.00309
G0 F7200 X46.381 Y58.65
G0 X54.61 Y58.57
G0 X53.8 Y58.57
;TYPE:WALL-INNER
G1 F4079.3 X47.1 Y58.575 E0.09833
G1 F3840 X46.542 Y58.223 E0.01029
G1 F3600 X45.9 Y56.615 E0.02879
G1 X45.9 Y55.356 E0.02094
G1 X45.937 Y55.147 E0.00353
G1 X46.016 Y54.998 E0.0028
G1 X45.9 Y54.715 E0.00509
G1 X45.9 Y43.5 E0.18651
G1 X45.942 Y43.277 E0.00377
G1 X46.542 Y41.777 E0.02687
G1 F3809.5 X47 Y41.43 E0.00903
G1 F4079.3 X53.7 Y41.425 E0.09833
G1 F3110.2 X54.281 Y41.63 E0.01186
G1 F2500 X54.387 Y42.029 E0.00989
G1 X54.812 Y41.674 E0.01326
G1 X54.812 Y41.188 E0.01164
G1 X54.524 Y41.188 E0.0069
G1 F3110.2 X53.7 Y41.075 E0.01601
G1 F4114.3 X47.1 Y41.075 E0.09604
G1 F3840 X46.084 Y41.1 E0.01584
G1 F3600 X45.101 Y41.101 E0.01635
G1 X45.1 Y58.9 E0.296
G1 X46.084 Y58.9 E0.01636
G1 F3840 X47.1 Y58.925 E0.01584
G1 F4079.3 X53.83 Y58.922 E0.09877
G1 F3090.1 X54.524 Y58.812 E0.01361
G1 F2500 X54.812 Y58.812 E0.0069
G1 X54.812 Y58.323 E0.01171
G1 X54.388 Y57.969 E0.01323
G1 X54.281 Y58.37 E0.00994
G1 F3090.1 X53.8 Y58.57 E0.01009
G0 F7200 X53.9 Y58
;TYPE:WALL-OUTER
G1 F1800 X53.869 Y58.108 E0.00187
G1 X53.735 Y58.198 E0.00268
G1 X47.1 Y58.2 E0.11034
G1 X46.914 Y58.075 E0.00373
G1 X46.302 Y56.535 E0.02756
G1 X46.3 Y55.356 E0.01961
G1 X46.339 Y55.237 E0.00208
G1 F1894.7 X46.484 Y55.177 E0.00248
G1 F2011.2 X47.321 Y55.177 E0.01246
G1 X47.321 Y54.819 E0.00533
G1 X46.484 Y54.819 E0.01246
G1 F1894.7 X46.339 Y54.759 E0.00248
G1 F1800 X46.302 Y54.675 E0.00153
G1 X46.3 Y43.46 E0.18651
G1 X46.914 Y41.925 E0.02749
G1 X47.065 Y41.802 E0.00324
G1 X53.7 Y41.8 E0.11034
G1 X53.869 Y41.892 E0.0032
G1 X53.9 Y42 E0.00187
G1 X53.899 Y43.072 E0.01783
G1 X55.3 Y41.902 E0.03035
G1 X55.3 Y41.018 E0.0147
G1 X55.213 Y40.799 E0.00392
G1 X55.016 Y40.7 E0.00367
G1 X45.016 Y40.7 E0.1663
G1 X44.799 Y40.786 E0.00388
G1 X44.7 Y40.98 E0.00362
G1 X44.7 Y58.981 E0.29936
G1 X44.786 Y59.201 E0.00393
G1 X44.98 Y59.3 E0.00362
G1 X54.978 Y59.3 E0.16627
G1 X55.201 Y59.213 E0.00398
G1 X55.3 Y59.016 E0.00367
G1 X55.3 Y58.094 E0.01533
G1 X53.9 Y56.928 E0.0303
G1 X53.9 Y58 E0.01783
G0 F7200 X53.869 Y58.108
G0 X53.796 Y58.157
G1 F1500 E-6.5
G0 F7200 X54.552 Y58.32
G0 X55.771 Y57.361
G0 X64.134 Y40.19
G0 X64.935 Y39.836
G0 X75.223 Y39.837
G0 X76.087 Y40.551
G0 X76.161 Y42.309
G0 X73.8 Y44.274
G0 X68.217 Y45.976
G0 X67.153 Y45.977
G0 X67.235 Y44.995
G1 F1500 E6.5
G1 F1094.2 X66.893 Y44.995 E0.00936
G1 F1500 E-6.5
G0 F7200 X66.07 Y44.995
G0 X65.74 Y45.573
;TYPE:FILL
G1 F1500 E6.5
G1 F3600 X65.261 Y46.052 E0.01127
G0 F7200 X65.41 Y46.052
G0 X65.41 Y48.29
G0 X65.26 Y48.29
G1 F3600 X65.74 Y48.77 E0.01129
G0 F7200 X65.59 Y48.77
G0 X65.59 Y51.23
G0 X65.74 Y51.23
G1 F3600 X65.26 Y51.709 E0.01128
G0 F7200 X65.41 Y51.709
G0 X65.41 Y53.946
G0 X65.26 Y53.946
G1 F3600 X65.74 Y54.427 E0.0113
G0 F7200 X65.59 Y54.427
G0 X65.67 Y56.873
G0 X65.808 Y56.818
G1 F3600 X65.26 Y57.366 E0.01289
G0 F7200 X65.41 Y57.366
G0 X65.671 Y43.125
G0 X65.808 Y43.181
G1 F3600 X65.26 Y42.633 E0.01289
G0 F7200 X65.41 Y42.633
G0 X66.8 Y41.557
G0 X69.494 Y41.21
G1 F3600 X69.577 Y41.293 E0.00195
G0 F7200 X70.02 Y41.293
G1 F3600 X70.103 Y41.21 E0.00195
G0 F7200 X66.8 Y41.557
G0 X66.051 Y43.414
G0 X66.051 Y56.586
G0 X66.8 Y58.443
G0 X74.61 Y58.57
G0 X73.8 Y58.57
;TYPE:WALL-INNER
G1 F4079.3 X67.1 Y58.575 E0.09833
G1 F3840 X66.542 Y58.223 E0.01029
G1 F3600 X65.9 Y56.615 E0.02879
G1 X65.9 Y55.356 E0.02094
G1 X65.937 Y55.147 E0.00353
G1 X66.016 Y54.998 E0.0028
G1 X65.9 Y54.715 E0.00509
G1 X65.9 Y43.5 E0.18651
G1 X65.942 Y43.277 E0.00377
G1 X66.542 Y41.777 E0.02687
G1 F3809.5 X67 Y41.43 E0.00903
G1 F4079.3 X73.7 Y41.425 E0.09833
G1 F3110.2 X74.281 Y41.63 E0.01186
G1 F2500 X74.387 Y42.029 E0.00989
G1 X74.812 Y41.674 E0.01326
G1 X74.812 Y41.188 E0.01164
G1 X74.524 Y41.188 E0.0069
G1 F3110.2 X73.7 Y41.075 E0.01601
G1 F4114.3 X67.1 Y41.075 E0.09604
G1 F3840 X66.084 Y41.1 E0.01584
G1 F3600 X65.101 Y41.101 E0.01635
G1 X65.1 Y58.9 E0.296
G1 X66.084 Y58.9 E0.01636
G1 F3840 X67.1 Y58.925 E0.01584
G1 F4079.3 X73.83 Y58.922 E0.09877
G1 F3090.1 X74.524 Y58.812 E0.01361
G1 F2500 X74.812 Y58.812 E0.0069
G1 X74.812 Y58.323 E0.01171
G1 X74.388 Y57.969 E0.01323
G1 X74.281 Y58.37 E0.00994
G1 F3090.1 X73.8 Y58.57 E0.01009
G0 F7200 X73.9 Y58
;TYPE:WALL-OUTER
G1 F1800 X73.869 Y58.108 E0.00187
G1 X73.735 Y58.198 E0.00268
G1 X67.1 Y58.2 E0.11034
G1 X66.914 Y58.075 E0.00373
G1 X66.302 Y56.535 E0.02756
G1 X66.3 Y55.356 E0.01961
G1 X66.339 Y55.237 E0.00208
G1 F1894.7 X66.484 Y55.177 E0.00248
G1 F2011.2 X67.321 Y55.177 E0.01246
G1 X67.321 Y54.819 E0.00533
G1 X66.484 Y54.819 E0.01246
G1 F1894.7 X66.339 Y54.759 E0.00248
G1 F1800 X66.302 Y54.675 E0.00153
G1 X66.3 Y43.46 E0.18651
G1 X66.914 Y41.925 E0.02749
G1 X67.065 Y41.802 E0.00324
G1 X73.7 Y41.8 E0.11034
G1 X73.869 Y41.892 E0.0032
G1 X73.9 Y42 E0.00187
G1 X73.899 Y43.072 E0.01783
G1 X75.3 Y41.902 E0.03035
G1 X75.3 Y41.018 E0.0147
G1 X75.213 Y40.799 E0.00392
G1 X75.016 Y40.7 E0.00367
G1 X65.016 Y40.7 E0.1663
G1 X64.799 Y40.786 E0.00388
G1 X64.7 Y40.98 E0.00362
G1 X64.7 Y58.981 E0.29936
G1 X64.786 Y59.201 E0.00393
G1 X64.98 Y59.3 E0.00362
G1 X74.978 Y59.3 E0.16627
G1 X75.201 Y59.213 E0.00398
G1 X75.3 Y59.016 E0.00367
G1 X75.3 Y58.094 E0.01533
G1 X73.9 Y56.928 E0.0303
G1 X73.9 Y58 E0.01783
G0 F7200 X73.869 Y58.108
G0 X73.796 Y58.157
G1 F1500 E-6.5
;MESH:NONMESH
G0 F600 X73.796 Y58.157 Z1.8
G0 F7200 X74.552 Y58.32
G0 X66.8 Y58.443
G0 X66.051 Y56.586
G0 X64.93 Y45.203
G0 X63.835 Y45.203
G0 X55.81 Y40.134
G0 X44.935 Y39.836
G0 X44.134 Y40.19
G0 X43.836 Y43.287
G0 X28.229 Y45.203
G0 X27.355 Y45.203
;TIME_ELAPSED:279.470480
;LAYER:15
;TYPE:WALL-OUTER
;MESH:pin.stl
G1 F1500 E6.5
G1 F1722.5 X26.773 Y45.203 E0.01011
G1 X26.773 Y44.785 E0.00726
G1 X27.355 Y44.785 E0.01011
G1 X27.355 Y45.203 E0.00726
G0 F7200 X27.155 Y45.203
G1 F1500 E-6.5
G0 F7200 X27.084 Y45.038
G0 X26.07 Y45.038
G0 X25.59 Y45.975
G0 X25.74 Y45.975
;TYPE:FILL
G1 F1500 E6.5
G1 F3600 X25.261 Y46.454 E0.01127
G0 F7200 X25.41 Y46.454
G0 X25.41 Y47.887
G0 X25.26 Y47.887
G1 F3600 X25.74 Y48.368 E0.0113
G0 F7200 X25.59 Y48.368
G0 X25.59 Y51.632
G0 X25.74 Y51.632
G1 F3600 X25.261 Y52.111 E0.01127
G0 F7200 X25.41 Y52.111
G0 X25.41 Y53.544
G0 X25.26 Y53.544
G1 F3600 X25.74 Y54.024 E0.01129
G0 F7200 X25.59 Y54.024
G0 X25.651 Y56.663
G0 X25.923 Y57.106
G1 F3600 X25.261 Y57.768 E0.01557
G1 X25.191 Y57.838
G0 F7200 X25.41 Y57.838
G0 X25.651 Y43.337
G0 X25.924 Y42.895
G1 F3600 X25.26 Y42.231 E0.01562
G1 X25.19 Y42.161
G0 F7200 X25.41 Y42.161
G0 X26.8 Y41.557
G0 X29.896 Y41.21
G1 F3600 X29.98 Y41.294 E0.00198
G0 F7200 X30.421 Y41.294
G1 F3600 X30.505 Y41.21 E0.00198
G0 F7200 X26.8 Y41.557
G0 X26.051 Y43.414
G0 X26.051 Y56.586
G0 X26.8 Y58.443
G0 X34.61 Y58.57
G0 X33.8 Y58.57
;TYPE:WALL-INNER
G1 F4079.3 X27.1 Y58.575 E0.09833
G1 F3840 X26.542 Y58.223 E0.01029
G1 F3600 X25.9 Y56.615 E0.02879
G1 X25.9 Y55.432 E0.01967
G1 X25.953 Y55.184 E0.00422
G1 X26.115 Y55 E0.00408
G1 X25.953 Y54.816 E0.00408
G1 X25.9 Y54.646 E0.00296
G1 X25.9 Y43.5 E0.18536
G1 X25.942 Y43.277 E0.00377
G1 X26.542 Y41.777 E0.02687
G1 F3809.5 X27 Y41.43 E0.00903
G1 F4079.3 X33.7 Y41.425 E0.09833
G1 F3110.2 X34.281 Y41.63 E0.01186
G1 F2500 X34.387 Y42.029 E0.00989
G1 X34.812 Y41.674 E0.01326
G1 X34.812 Y41.188 E0.01164
G1 X34.524 Y41.188 E0.0069
G1 F3110.2 X33.7 Y41.075 E0.01601
G1 F4114.3 X27.1 Y41.075 E0.09604
G1 F3840 X26.084 Y41.1 E0.01584
G1 F3600 X25.101 Y41.101 E0.01635
G1 X25.1 Y58.9 E0.296
G1 X26.084 Y58.9 E0.01636
G1 F3840 X27.1 Y58.925 E0.01584
G1 F4079.3 X33.83 Y58.922 E0.09877
G1 F3090.1 X34.524 Y58.812 E0.01361
G1 F2500 X34.812 Y58.812 E0.0069
G1 X34.812 Y58.323 E0.01171
G1 X34.388 Y57.969 E0.01323
G1 X34.281 Y58.37 E0.00994
G1 F3090.1 X33.8 Y58.57 E0.01009
G0 F7200 X33.9 Y58
;TYPE:WALL-OUTER
G1 F1800 X33.869 Y58.108 E0.00187
G1 X33.735 Y58.198 E0.00268
G1 X27.1 Y58.2 E0.11034
G1 X26.914 Y58.075 E0.00373
G1 X26.302 Y56.535 E0.02756
G1 X26.3 Y55.432 E0.01834
G1 X26.351 Y55.297 E0.0024
G1 F1726.6 X26.481 Y55.216 E0.00266
G1 F1666.7 X27.285 Y55.213 E0.01444
G1 F1670.5 X27.285 Y54.783 E0.00771
G1 F1666.7 X26.481 Y54.784 E0.01444
G1 F1726.6 X26.351 Y54.703 E0.00266
G1 F1800 X26.302 Y54.603 E0.00185
G1 X26.3 Y43.46 E0.18531
G1 X26.914 Y41.925 E0.02749
G1 X27.065 Y41.802 E0.00324
G1 X33.7 Y41.8 E0.11034
G1 X33.869 Y41.892 E0.0032
G1 X33.9 Y42 E0.00187
G1 X33.899 Y43.072 E0.01783
G1 X35.3 Y41.902 E0.03035
G1 X35.3 Y41.018 E0.0147
G1 X35.213 Y40.799 E0.00392
G1 X35.016 Y40.7 E0.00367
G1 X25.016 Y40.7 E0.1663
G1 X24.799 Y40.786 E0.00388
G1 X24.7 Y40.98 E0.00362
G1 X24.7 Y58.981 E0.29936
G1 X24.786 Y59.201 E0.00393
G1 X24.98 Y59.3 E0.00362
G1 X34.978 Y59.3 E0.16627
G1 X35.201 Y59.213 E0.00398
G1 X35.3 Y59.016 E0.00367
G1 X35.3 Y58.094 E0.01533
G1 X33.9 Y56.928 E0.0303
G1 X33.9 Y58 E0.01783
G0 F7200 X33.869 Y58.108
G0 X33.796 Y58.157
G1 F1500 E-6.5
G0 F7200 X34.552 Y58.32
G0 X35.771 Y57.361
G0 X44.134 Y40.19
G0 X44.935 Y39.836
G0 X55.223 Y39.837
G0 X56.087 Y40.551
G0 X56.161 Y42.309
G0 X53.8 Y44.274
G0 X48.217 Y46.066
G0 X47.153 Y46.067
G0 X47.355 Y45.203
G1 F1500 E6.5
G1 F1722.5 X46.773 Y45.203 E0.01011
G1 X46.773 Y44.785 E0.00726
G1 X47.355 Y44.785 E0.01011
G1 X47.355 Y45.203 E0.00726
G0 F7200 X47.155 Y45.203
G1 F1500 E-6.5
G0 F7200 X47.084 Y45.038
G0 X46.07 Y45.038
G0 X45.59 Y45.74
G0 X45.74 Y45.74
;TYPE:FILL
G1 F1500 E6.5
G1 F3600 X45.26 Y45.26 E0.01129
G0 F7200 X45.41 Y45.26
G0 X45.41 Y43.425
G0 X45.26 Y43.425
G1 F3600 X46.011 Y42.674 E0.01766
G1 X46.081 Y42.604
G0 F7200 X45.908 Y42.534
G0 X46.422 Y41.366
G0 X46.964 Y41.307
G1 F3600 X46.878 Y41.221 E0.00202
G0 F7200 X47.39 Y41.296
G1 F3600 X47.475 Y41.21 E0.00201
G0 F7200 X52.524 Y41.21
G1 F3600 X52.605 Y41.291 E0.0019
G0 F7200 X53.051 Y41.291
G1 F3600 X53.132 Y41.21 E0.0019
G0 F7200 X46.8 Y41.557
G0 X46.051 Y43.414
G0 X45.59 Y48.602
G0 X45.74 Y48.602
G1 F3600 X45.26 Y49.082 E0.01129
G0 F7200 X45.41 Y49.082
G0 X45.41 Y50.917
G0 X45.26 Y50.917
G1 F3600 X45.74 Y51.397 E0.01129
G0 F7200 X45.59 Y51.397
G0 X45.59 Y54.259
G0 X45.74 Y54.259
G1 F3600 X45.26 Y54.739 E0.01129
G0 F7200 X45.41 Y54.739
G0 X45.41 Y56.573
G0 X45.26 Y56.573
G1 F3600 X46.012 Y57.326 E0.0177
G1 X46.082 Y57.396
G0 F7200 X45.907 Y57.466
G0 X46.422 Y58.634
G0 X47.008 Y58.647
G1 F3600 X46.877 Y58.779 E0.00309
G0 F7200 X46.381 Y58.65
G0 X54.61 Y58.57
G0 X53.8 Y58.57
;TYPE:WALL-INNER
G1 F4079.3 X47.1 Y58.575 E0.09833
G1 F3840 X46.542 Y58.223 E0.01029
G1 F3600 X45.9 Y56.615 E0.02879
G1 X45.9 Y55.432 E0.01967
G1 X45.953 Y55.184 E0.00422
G1 X46.115 Y55 E0.00408
G1 X45.953 Y54.816 E0.00408
G1 X45.9 Y54.646 E0.00296
G1 X45.9 Y43.5 E0.18536
G1 X45.942 Y43.277 E0.00377
G1 X46.542 Y41.777 E0.02687
G1 F3809.5 X47 Y41.43 E0.00903
G1 F4079.3 X53.7 Y41.425 E0.09833
G1 F3110.2 X54.281 Y41.63 E0.01186
G1 F2500 X54.387 Y42.029 E0.00989
G1 X54.812 Y41.674 E0.01326
G1 X54.812 Y41.188 E0.01164
G1 X54.524 Y41.188 E0.0069
G1 F3110.2 X53.7 Y41.075 E0.01601
G1 F4114.3 X47.1 Y41.075 E0.09604
G1 F3840 X46.084 Y41.1 E0.01584
G1 F3600 X45.101 Y41.101 E0.01635
G1 X45.1 Y58.9 E0.296
G1 X46.084 Y58.9 E0.01636
G1 F3840 X47.1 Y58.925 E0.01584
G1 F4079.3 X53.83 Y58.922 E0.09877
G1 F3090.1 X54.524 Y58.812 E0.01361
G1 F2500 X54.812 Y58.812 E0.0069
G1 X54.812 Y58.323 E0.01171
G1 X54.388 Y57.969 E0.01323
G1 X54.281 Y58.37 E0.00994
G1 F3090.1 X53.8 Y58.57 E0.01009
G0 F7200 X53.9 Y58
;TYPE:WALL-OUTER
G1 F1800 X53.869 Y58.108 E0.00187
G1 X53.735 Y58.198 E0.00268
G1 X47.1 Y58.2 E0.11034
G1 X46.914 Y58.075 E0.00373
G1 X46.302 Y56.535 E0.02756
G1 X46.3 Y55.432 E0.01834
G1 X46.351 Y55.297 E0.0024
G1 F1726.6 X46.481 Y55.216 E0.00266
G1 F1666.7 X47.285 Y55.213 E0.01444
G1 F1670.5 X47.285 Y54.783 E0.00771
G1 F1666.7 X46.481 Y54.784 E0.01444
G1 F1726.6 X46.351 Y54.703 E0.00266
G1 F1800 X46.302 Y54.603 E0.00185
G1 X46.3 Y43.46 E0.18531
G1 X46.914 Y41.925 E0.02749
G1 X47.065 Y41.802 E0.00324
G1 X53.7 Y41.8 E0.11034
G1 X53.869 Y41.892 E0.0032
G1 X53.9 Y42 E0.00187
G1 X53.899 Y43.072 E0.01783
G1 X55.3 Y41.902 E0.03035
G1 X55.3 Y41.018 E0.0147
G1 X55.213 Y40.799 E0.00392
G1 X55.016 Y40.7 E0.00367
G1 X45.016 Y40.7 E0.1663
G1 X44.799 Y40.786 E0.00388
G1 X44.7 Y40.98 E0.00362
G1 X44.7 Y58.981 E0.29936
G1 X44.786 Y59.201 E0.00393
G1 X44.98 Y59.3 E0.00362
G1 X54.978 Y59.3 E0.16627
G1 X55.201 Y59.213 E0.00398
G1 X55.3 Y59.016 E0.00367
G1 X55.3 Y58.094 E0.01533
G1 X53.9 Y56.928 E0.0303
G1 X53.9 Y58 E0.01783
G0 F7200 X53.869 Y58.108
G0 X53.796 Y58.157
G1 F1500 E-6.5
G0 F7200 X54.552 Y58.32
G0 X55.771 Y57.361
G0 X64.134 Y40.19
G0 X64.935 Y39.836
G0 X75.223 Y39.837
G0 X76.087 Y40.551
G0 X76.161 Y42.309
G0 X73.8 Y44.274
G0 X68.217 Y46.066
G0 X67.153 Y46.067
G0 X67.355 Y45.203
G1 F1500 E6.5
G1 F1722.5 X66.773 Y45.203 E0.01011
G1 X66.773 Y44.785 E0.00726
G1 X67.355 Y44.785 E0.01011
G1 X67.355 Y45.203 E0.00726
G0 F7200 X67.155 Y45.203
G1 F1500 E-6.5
G0 F7200 X67.084 Y45.038
G0 X66.07 Y45.038
G0 X65.74 Y45.573
;TYPE:FILL
G1 F1500 E6.5
G1 F3600 X65.261 Y46.052 E0.01127
G0 F7200 X65.41 Y46.052
G0 X65.41 Y48.29
G0 X65.26 Y48.29
G1 F3600 X65.74 Y48.77 E0.01129
G0 F7200 X65.59 Y48.77
G0 X65.59 Y51.23
G0 X65.74 Y51.23
G1 F3600 X65.26 Y51.709 E0.01128
G0 F7200 X65.41 Y51.709
G0 X65.41 Y53.946
G0 X65.26 Y53.946
G1 F3600 X65.74 Y54.427 E0.0113
G0 F7200 X65.59 Y54.427
G0 X65.67 Y56.873
G0 X65.808 Y56.818
G1 F3600 X65.26 Y57.366 E0.01289
G0 F7200 X65.41 Y57.366
G0 X65.671 Y43.125
G0 X65.808 Y43.181
G1 F3600 X65.26 Y42.633 E0.01289
G0 F7200 X65.41 Y42.633
G0 X66.8 Y41.557
G0 X69.494 Y41.21
G1 F3600 X69.577 Y41.293 E0.00195
G0 F7200 X70.02 Y41.293
G1 F3600 X70.103 Y41.21 E0.00195
G0 F7200 X66.8 Y41.557
G0 X66.051 Y43.414
G0 X66.051 Y56.586
G0 X66.8 Y58.443
G0 X74.61 Y58.57
G0 X73.8 Y58.57
;TYPE:WALL-INNER
G1 F4079.3 X67.1 Y58.575 E0.09833
G1 F3840 X66.542 Y58.223 E0.01029
G1 F3600 X65.9 Y56.615 E0.02879
G1 X65.9 Y55.432 E0.01967
G1 X65.953 Y55.184 E0.00422
G1 X66.115 Y55 E0.00408
G1 X65.953 Y54.816 E0.00408
G1 X65.9 Y54.646 E0.00296
G1 X65.9 Y43.5 E0.18536
G1 X65.942 Y43.277 E0.00377
G1 X66.542 Y41.777 E0.02687
G1 F3809.5 X67 Y41.43 E0.00903
G1 F4079.3 X73.7 Y41.425 E0.09833
G1 F3110.2 X74.281 Y41.63 E0.01186
G1 F2500 X74.387 Y42.029 E0.00989
G1 X74.812 Y41.674 E0.01326
G1 X74.812 Y41.188 E0.01164
G1 X74.524 Y41.188 E0.0069
G1 F3110.2 X73.7 Y41.075 E0.01601
G1 F4114.3 X67.1 Y41.075 E0.09604
G1 F3840 X66.084 Y41.1 E0.01584
G1 F3600 X65.101 Y41.101 E0.01635
G1 X65.1 Y58.9 E0.296
G1 X66.084 Y58.9 E0.01636
G1 F3840 X67.1 Y58.925 E0.01584
G1 F4079.3 X73.83 Y58.922 E0.09877
G1 F3090.1 X74.524 Y58.812 E0.01361
G1 F2500 X74.812 Y58.812 E0.0069
G1 X74.812 Y58.323 E0.01171
G1 X74.388 Y57.969 E0.01323
G1 X74.281 Y58.37 E0.00994
G1 F3090.1 X73.8 Y58.57 E0.01009
G0 F7200 X73.9 Y58
;TYPE:WALL-OUTER
G1 F1800 X73.869 Y58.108 E0.00187
G1 X73.735 Y58.198 E0.00268
G1 X67.1 Y58.2 E0.11034
G1 X66.914 Y58.075 E0.00373
G1 X66.302 Y56.535 E0.02756
G1 X66.3 Y55.432 E0.01834
G1 X66.351 Y55.297 E0.0024
G1 F1726.6 X66.481 Y55.216 E0.00266
G1 F1666.7 X67.285 Y55.213 E0.01444
G1 F1670.5 X67.285 Y54.783 E0.00771
G1 F1666.7 X66.481 Y54.784 E0.01444
G1 F1726.6 X66.351 Y54.703 E0.00266
G1 F1800 X66.302 Y54.603 E0.00185
G1 X66.3 Y43.46 E0.18531
G1 X66.914 Y41.925 E0.02749
G1 X67.065 Y41.802 E0.00324
G1 X73.7 Y41.8 E0.11034
G1 X73.869 Y41.892 E0.0032
G1 X73.9 Y42 E0.00187
G1 X73.899 Y43.072 E0.01783
G1 X75.3 Y41.902 E0.03035
G1 X75.3 Y41.018 E0.0147
G1 X75.213 Y40.799 E0.00392
G1 X75.016 Y40.7 E0.00367
G1 X65.016 Y40.7 E0.1663
G1 X64.799 Y40.786 E0.00388
G1 X64.7 Y40.98 E0.00362
G1 X64.7 Y58.981 E0.29936
G1 X64.786 Y59.201 E0.00393
G1 X64.98 Y59.3 E0.00362
G1 X74.978 Y59.3 E0.16627
G1 X75.201 Y59.213 E0.00398
G1 X75.3 Y59.016 E0.00367
G1 X75.3 Y58.094 E0.01533
G1 X73.9 Y56.928 E0.0303
G1 X73.9 Y58 E0.01783
G0 F7200 X73.869 Y58.108
G0 X73.796 Y58.157
G1 F1500 E-6.5
;MESH:NONMESH
G0 F600 X73.796 Y58.157 Z1.9
G0 F7200 X74.552 Y58.32
G0 X66.8 Y58.443
G0 X66.051 Y56.586
G0 X64.93 Y45.038
G0 X63.835 Y45.038
G0 X55.81 Y40.134
G0 X44.935 Y39.836
G0 X44.134 Y40.19
G0 X43.836 Y43.193
G0 X28.229 Y45.038
G0 X26.798 Y45.229
;TIME_ELAPSED:299.633227
;LAYER:16
;TYPE:WALL-OUTER
;MESH:pin.stl
G1 F1500 E6.5
G1 F1538.5 X26.798 Y44.762 E0.00909
G1 X27.331 Y44.761 E0.01037
G1 F1541.8 X27.331 Y45.227 E0.00905
G1 F1538.5 X26.798 Y45.229 E0.01037
G0 F7200 X26.798 Y45.029
G1 F1500 E-6.5
G0 F7200 X27.074 Y45.029
G0 X26.07 Y45.04
G0 X25.59 Y45.975
G0 X25.74 Y45.975
;TYPE:FILL
G1 F1500 E6.5
G1 F3600 X25.261 Y46.454 E0.01127
G0 F7200 X25.41 Y46.454
G0 X25.41 Y47.887
G0 X25.26 Y47.887
G1 F3600 X25.74 Y48.368 E0.0113
G0 F7200 X25.59 Y48.368
G0 X25.59 Y51.632
G0 X25.74 Y51.632
G1 F3600 X25.261 Y52.111 E0.01127
G0 F7200 X25.41 Y52.111
G0 X25.41 Y53.544
G0 X25.26 Y53.544
G1 F3600 X25.74 Y54.024 E0.01129
G0 F7200 X25.59 Y54.024
G0 X25.651 Y56.663
G0 X25.923 Y57.106
G1 F3600 X25.261 Y57.768 E0.01557
G1 X25.191 Y57.838
G0 F7200 X25.41 Y57.838
G0 X25.651 Y43.337
G0 X25.924 Y42.895
G1 F3600 X25.26 Y42.231 E0.01562
G1 X25.19 Y42.161
G0 F7200 X25.41 Y42.161
G0 X26.8 Y41.557
G0 X29.896 Y41.21
G1 F3600 X29.98 Y41.294 E0.00198
G0 F7200 X30.421 Y41.294
G1 F3600 X30.505 Y41.21 E0.00198
G0 F7200 X26.8 Y41.557
G0 X26.051 Y43.414
G0 X26.051 Y56.586
G0 X26.8 Y58.443
G0 X34.61 Y58.57
G0 X33.8 Y58.57
;TYPE:WALL-INNER
G1 F4079.3 X27.1 Y58.575 E0.09833
G1 F3840 X26.542 Y58.223 E0.01029
G1 F3600 X25.9 Y56.615 E0.02879
G1 X25.9 Y55.472 E0.01901
G1 X25.963 Y55.202 E0.00461
G1 X26.076 Y55.046 E0.0032
G1 X26.182 Y54.998 E0.00194
G1 X26.076 Y54.95 E0.00194
G1 X25.963 Y54.794 E0.0032
G1 X25.9 Y54.604 E0.00333
G1 X25.9 Y43.5 E0.18466
G1 X25.942 Y43.277 E0.00377
G1 X26.542 Y41.777 E0.02687
G1 F3809.5 X27 Y41.43 E0.00903
G1 F4079.3 X33.7 Y41.425 E0.09833
G1 F3110.2 X34.281 Y41.63 E0.01186
G1 F2500 X34.387 Y42.029 E0.00989
G1 X34.812 Y41.674 E0.01326
G1 X34.812 Y41.188 E0.01164
G1 X34.524 Y41.188 E0.0069
G1 F3110.2 X33.7 Y41.075 E0.01601
G1 F4114.3 X27.1 Y41.075 E0.09604
G1 F3840 X26.084 Y41.1 E0.01584
G1 F3600 X25.101 Y41.101 E0.01635
G1 X25.1 Y58.9 E0.296
G1 X26.084 Y58.9 E0.01636
G1 F3840 X27.1 Y58.925 E0.01584
G1 F4079.3 X33.83 Y58.922 E0.09877
G1 F3090.1 X34.524 Y58.812 E0.01361
G1 F2500 X34.812 Y58.812 E0.0069
G1 X34.812 Y58.323 E0.01171
G1 X34.388 Y57.969 E0.01323
G1 X34.281 Y58.37 E0.00994
G1 F3090.1 X33.8 Y58.57 E0.01009
G0 F7200 X33.9 Y58
;TYPE:WALL-OUTER
G1 F1800 X33.869 Y58.108 E0.00187
G1 X33.735 Y58.198 E0.00268
G1 X27.1 Y58.2 E0.11034
G1 X26.914 Y58.075 E0.00373
G1 X26.302 Y56.535 E0.02756
G1 X26.3 Y55.402 E0.01884
G1 F1643.8 X26.479 Y55.235 E0.00446
G1 F1515.8 X27.263 Y55.235 E0.01548
G1 F1519 X27.263 Y54.761 E0.00934
G1 F1515.8 X26.479 Y54.761 E0.01548
G1 F1643.8 X26.358 Y54.666 E0.0028
G1 F1800 X26.302 Y54.559 E0.00201
G1 X26.3 Y43.46 E0.18458
G1 X26.914 Y41.925 E0.02749
G1 X27.065 Y41.802 E0.00324
G1 X33.7 Y41.8 E0.11034
G1 X33.869 Y41.892 E0.0032
G1 X33.9 Y42 E0.00187
G1 X33.899 Y43.072 E0.01783
G1 X35.3 Y41.902 E0.03035
G1 X35.3 Y41.018 E0.0147
G1 X35.213 Y40.799 E0.00392
G1 X35.016 Y40.7 E0.00367
G1 X25.016 Y40.7 E0.1663
G1 X24.799 Y40.786 E0.00388
G1 X24.7 Y40.98 E0.00362
G1 X24.7 Y58.981 E0.29936
G1 X24.786 Y59.201 E0.00393
G1 X24.98 Y59.3 E0.00362
G1 X34.978 Y59.3 E0.16627
G1 X35.201 Y59.213 E0.00398
G1 X35.3 Y59.016 E0.00367
G1 X35.3 Y58.094 E0.01533
G1 X33.9 Y56.928 E0.0303
G1 X33.9 Y58 E0.01783
G0 F7200 X33.869 Y58.108
G0 X33.796 Y58.157
G1 F1500 E-6.5
G0 F7200 X34.552 Y58.32
G0 X35.771 Y57.361
G0 X44.134 Y40.19
G0 X44.935 Y39.836
G0 X55.223 Y39.837
G0 X56.087 Y40.551
G0 X56.161 Y42.309
G0 X53.8 Y44.274
G0 X48.217 Y46.115
G0 X47.153 Y46.116
G0 X46.798 Y45.229
G1 F1500 E6.5
G1 F1538.5 X46.798 Y44.762 E0.00909
G1 X47.331 Y44.761 E0.01037
G1 F1541.8 X47.331 Y45.227 E0.00905
G1 F1538.5 X46.798 Y45.229 E0.01037
G0 F7200 X46.798 Y45.029
G1 F1500 E-6.5
G0 F7200 X47.074 Y45.029
G0 X46.07 Y45.04
G0 X45.59 Y45.74
G0 X45.74 Y45.74
;TYPE:FILL
G1 F1500 E6.5
G1 F3600 X45.26 Y45.26 E0.01129
G0 F7200 X45.41 Y45.26
G0 X45.41 Y43.425
G0 X45.26 Y43.425
G1 F3600 X46.011 Y42.674 E0.01766
G1 X46.081 Y42.604
G0 F7200 X45.908 Y42.534
G0 X46.422 Y41.366
G0 X46.964 Y41.307
G1 F3600 X46.878 Y41.221 E0.00202
G0 F7200 X47.39 Y41.296
G1 F3600 X47.475 Y41.21 E0.00201
G0 F7200 X52.524 Y41.21
G1 F3600 X52.605 Y41.291 E0.0019
G0 F7200 X53.051 Y41.291
G1 F3600 X53.132 Y41.21 E0.0019
G0 F7200 X46.8 Y41.557
G0 X46.051 Y43.414
G0 X45.59 Y48.602
G0 X45.74 Y48.602
G1 F3600 X45.26 Y49.082 E0.01129
G0 F7200 X45.41 Y49.082
G0 X45.41 Y50.917
G0 X45.26 Y50.917
G1 F3600 X45.74 Y51.397 E0.01129
G0 F7200 X45.59 Y51.397
G0 X45.59 Y54.259
G0 X45.74 Y54.259
G1 F3600 X45.26 Y54.739 E0.01129
G0 F7200 X45.41 Y54.739
G0 X45.41 Y56.573
G0 X45.26 Y56.573
G1 F3600 X46.012 Y57.326 E0.0177
G1 X46.082 Y57.396
G0 F7200 X45.907 Y57.466
G0 X46.422 Y58.634
G0 X47.008 Y58.647
G1 F3600 X46.877 Y58.779 E0.00309
G0 F7200 X46.381 Y58.65
G0 X54.61 Y58.57
G0 X53.8 Y58.57
;TYPE:WALL-INNER
G1 F4079.3 X47.1 Y58.575 E0.09833
G1 F3840 X46.542 Y58.223 E0.01029
G1 F3600 X45.9 Y56.615 E0.02879
G1 X45.9 Y55.472 E0.01901
G1 X45.963 Y55.202 E0.00461
G1 X46.076 Y55.046 E0.0032
G1 X46.182 Y54.998 E0.00194
G1 X46.076 Y54.95 E0.00194
G1 X45.963 Y54.794 E0.0032
G1 X45.9 Y54.604 E0.00333
G1 X45.9 Y43.5 E0.18466
G1 X45.942 Y43.277 E0.00377
G1 X46.542 Y41.777 E0.02687
G1 F3809.5 X47 Y41.43 E0.00903
G1 F4079.3 X53.7 Y41.425 E0.09833
G1 F3110.2 X54.281 Y41.63 E0.01186
G1 F2500 X54.387 Y42.029 E0.00989
G1 X54.812 Y41.674 E0.01326
G1 X54.812 Y41.188 E0.01164
G1 X54.524 Y41.188 E0.0069
G1 F3110.2 X53.7 Y41.075 E0.01601
G1 F4114.3 X47.1 Y41.075 E0.09604
G1 F3840 X46.084 Y41.1 E0.01584
G1 F3600 X45.101 Y41.101 E0.01635
G1 X45.1 Y58.9 E0.296
G1 X46.084 Y58.9 E0.01636
G1 F3840 X47.1 Y58.925 E0.01584
G1 F4079.3 X53.83 Y58.922 E0.09877
G1 F3090.1 X54.524 Y58.812 E0.01361
G1 F2500 X54.812 Y58.812 E0.0069
G1 X54.812 Y58.323 E0.01171
G1 X54.388 Y57.969 E0.01323
G1 X54.281 Y58.37 E0.00994
G1 F3090.1 X53.8 Y58.57 E0.01009
G0 F7200 X53.9 Y58
;TYPE:WALL-OUTER
G1 F1800 X53.869 Y58.108 E0.00187
G1 X53.735 Y58.198 E0.00268
G1 X47.1 Y58.2 E0.11034
G1 X46.914 Y58.075 E0.00373
G1 X46.302 Y56.535 E0.02756
G1 X46.3 Y55.402 E0.01884
G1 F1643.8 X46.479 Y55.235 E0.00446
G1 F1515.8 X47.263 Y55.235 E0.01548
G1 F1519 X47.263 Y54.761 E0.00934
G1 F1515.8 X46.479 Y54.761 E0.01548
G1 F1643.8 X46.358 Y54.666 E0.0028
G1 F1800 X46.302 Y54.559 E0.00201
G1 X46.3 Y43.46 E0.18458
G1 X46.914 Y41.925 E0.02749
G1 X47.065 Y41.802 E0.00324
G1 X53.7 Y41.8 E0.11034
G1 X53.869 Y41.892 E0.0032
G1 X53.9 Y42 E0.00187
G1 X53.899 Y43.072 E0.01783
G1 X55.3 Y41.902 E0.03035
G1 X55.3 Y41.018 E0.0147
G1 X55.213 Y40.799 E0.00392
G1 X55.016 Y40.7 E0.00367
G1 X45.016 Y40.7 E0.1663
G1 X44.799 Y40.786 E0.00388
G1 X44.7 Y40.98 E0.00362
G1 X44.7 Y58.981 E0.29936
G1 X44.786 Y59.201 E0.00393
G1 X44.98 Y59.3 E0.00362
G1 X54.978 Y59.3 E0.16627
G1 X55.201 Y59.213 E0.00398
G1 X55.3 Y59.016 E0.00367
G1 X55.3 Y58.094 E0.01533
G1 X53.9 Y56.928 E0.0303
G1 X53.9 Y58 E0.01783
G0 F7200 X53.869 Y58.108
G0 X53.796 Y58.157
G1 F1500 E-6.5
G0 F7200 X54.552 Y58.32
G0 X55.771 Y57.361
G0 X64.134 Y40.19
G0 X64.935 Y39.836
G0 X75.223 Y39.837
G0 X76.087 Y40.551
G0 X76.161 Y42.309
G0 X73.8 Y44.274
G0 X68.217 Y46.115
G0 X67.153 Y46.116
G0 X66.798 Y45.229
G1 F1500 E6.5
G1 F1538.5 X66.798 Y44.762 E0.00909
G1 X67.331 Y44.761 E0.01037
G1 F1541.8 X67.331 Y45.227 E0.00905
G1 F1538.5 X66.798 Y45.229 E0.01037
G0 F7200 X66.798 Y45.029
G1 F1500 E-6.5
G0 F7200 X67.074 Y45.029
G0 X66.07 Y45.04
G0 X65.74 Y45.573
;TYPE:FILL
G1 F1500 E6.5
G1 F3600 X65.261 Y46.052 E0.01127
G0 F7200 X65.41 Y46.052
G0 X65.41 Y48.29
G0 X65.26 Y48.29
G1 F3600 X65.74 Y48.769 E0.01128
G0 F7200 X65.59 Y48.769
G0 X65.59 Y51.23
G0 X65.74 Y51.23
G1 F3600 X65.26 Y51.709 E0.01128
G0 F7200 X65.41 Y51.709
G0 X65.41 Y53.946
G0 X65.26 Y53.946
G1 F3600 X65.74 Y54.426 E0.01129
G0 F7200 X65.59 Y54.426
G0 X65.67 Y56.873
G0 X65.808 Y56.818
G1 F3600 X65.26 Y57.366 E0.01289
G0 F7200 X65.41 Y57.366
G0 X65.671 Y43.125
G0 X65.808 Y43.181
G1 F3600 X65.26 Y42.633 E0.01289
G0 F7200 X65.41 Y42.633
G0 X66.8 Y41.557
G0 X69.494 Y41.21
G1 F3600 X69.577 Y41.293 E0.00195
G0 F7200 X70.02 Y41.293
G1 F3600 X70.103 Y41.21 E0.00195
G0 F7200 X66.8 Y41.557
G0 X66.051 Y43.414
G0 X66.051 Y56.586
G0 X66.8 Y58.443
G0 X74.61 Y58.57
G0 X73.8 Y58.57
;TYPE:WALL-INNER
G1 F4079.3 X67.1 Y58.575 E0.09833
G1 F3840 X66.542 Y58.223 E0.01029
G1 F3600 X65.9 Y56.615 E0.02879
G1 X65.9 Y55.472 E0.01901
G1 X65.963 Y55.202 E0.00461
G1 X66.076 Y55.046 E0.0032
G1 X66.182 Y54.998 E0.00194
G1 X66.076 Y54.95 E0.00194
G1 X65.963 Y54.794 E0.0032
G1 X65.9 Y54.604 E0.00333
G1 X65.9 Y43.5 E0.18466
G1 X65.942 Y43.277 E0.00377
G1 X66.542 Y41.777 E0.02687
G1 F3809.5 X67 Y41.43 E0.00903
G1 F4079.3 X73.7 Y41.425 E0.09833
G1 F3110.2 X74.281 Y41.63 E0.01186
G1 F2500 X74.387 Y42.029 E0.00989
G1 X74.812 Y41.674 E0.01326
G1 X74.812 Y41.188 E0.01164
G1 X74.524 Y41.188 E0.0069
G1 F3110.2 X73.7 Y41.075 E0.01601
G1 F4114.3 X67.1 Y41.075 E0.09604
G1 F3840 X66.084 Y41.1 E0.01584
G1 F3600 X65.101 Y41.101 E0.01635
G1 X65.1 Y58.9 E0.296
G1 X66.084 Y58.9 E0.01636
G1 F3840 X67.1 Y58.925 E0.01584
G1 F4079.3 X73.83 Y58.922 E0.09877
G1 F3090.1 X74.524 Y58.812 E0.01361
G1 F2500 X74.812 Y58.812 E0.0069
G1 X74.812 Y58.323 E0.01171
G1 X74.388 Y57.969 E0.01323
G1 X74.281 Y58.37 E0.00994
G1 F3090.1 X73.8 Y58.57 E0.01009
G0 F7200 X73.9 Y58
;TYPE:WALL-OUTER
G1 F1800 X73.869 Y58.108 E0.00187
G1 X73.735 Y58.198 E0.00268
G1 X67.1 Y58.2 E0.11034
G1 X66.914 Y58.075 E0.00373
G1 X66.302 Y56.535 E0.02756
G1 X66.3 Y55.402 E0.01884
G1 F1643.8 X66.479 Y55.235 E0.00446
G1 F1515.8 X67.263 Y55.235 E0.01548
G1 F1519 X67.263 Y54.761 E0.00934
G1 F1515.8 X66.479 Y54.761 E0.01548
G1 F1643.8 X66.358 Y54.666 E0.0028
G1 F1800 X66.302 Y54.559 E0.00201
G1 X66.3 Y43.46 E0.18458
G1 X66.914 Y41.925 E0.02749
G1 X67.065 Y41.802 E0.00324
G1 X73.7 Y41.8 E0.11034
G1 X73.869 Y41.892 E0.0032
G1 X73.9 Y42 E0.00187
G1 X73.899 Y43.072 E0.01783
G1 X75.3 Y41.902 E0.03035
G1 X75.3 Y41.018 E0.0147
G1 X75.213 Y40.799 E0.00392
G1 X75.016 Y40.7 E0.00367
G1 X65.016 Y40.7 E0.1663
G1 X64.799 Y40.786 E0.00388
G1 X64.7 Y40.98 E0.00362
G1 X64.7 Y58.981 E0.29936
G1 X64.786 Y59.201 E0.00393
G1 X64.98 Y59.3 E0.00362
G1 X74.978 Y59.3 E0.16627
G1 X75.201 Y59.213 E0.00398
G1 X75.3 Y59.016 E0.00367
G1 X75.3 Y58.094 E0.01533
G1 X73.9 Y56.928 E0.0303
G1 X73.9 Y58 E0.01783
G0 F7200 X73.869 Y58.108
G0 X73.796 Y58.157
G1 F1500 E-6.5
;MESH:NONMESH
G0 F600 X73.796 Y58.157 Z2
G0 F7200 X74.552 Y58.32
G0 X66.8 Y58.443
G0 X66.051 Y56.586
G0 X64.93 Y44.983
G0 X63.835 Y44.983
G0 X55.81 Y40.134
G0 X44.935 Y39.836
G0 X44.134 Y40.19
G0 X43.836 Y43.161
G0 X28.229 Y44.983
G0 X27.318 Y45.242
;TIME_ELAPSED:319.849812
;LAYER:17
;TYPE:WALL-OUTER
;MESH:pin.stl
G1 F1500 E6.5
G1 F1460.4 X26.81 Y45.242 E0.01041
G1 X26.81 Y44.75 E0.01008
G1 X27.318 Y44.747 E0.01041
G1 X27.318 Y45.242 E0.01015
G0 F7200 X27.118 Y45.242
G1 F1500 E-6.5
G0 F7200 X27.118 Y44.978
G0 X26.07 Y45.065
G0 X25.59 Y45.975
G0 X25.74 Y45.975
;TYPE:FILL
G1 F1500 E6.5
G1 F3600 X25.261 Y46.454 E0.01127
G0 F7200 X25.41 Y46.454
G0 X25.41 Y47.887
G0 X25.26 Y47.887
G1 F3600 X25.74 Y48.368 E0.0113
G0 F7200 X25.59 Y48.368
G0 X25.59 Y51.632
G0 X25.74 Y51.632
G1 F3600 X25.261 Y52.111 E0.01127
G0 F7200 X25.41 Y52.111
G0 X25.41 Y53.544
G0 X25.26 Y53.544
G1 F3600 X25.74 Y54.024 E0.01129
G0 F7200 X25.59 Y54.024
G0 X25.651 Y56.663
G0 X25.923 Y57.106
G1 F3600 X25.261 Y57.768 E0.01557
G1 X25.191 Y57.838
G0 F7200 X25.41 Y57.838
G0 X25.651 Y43.337
G0 X25.924 Y42.895
G1 F3600 X25.26 Y42.231 E0.01562
G1 X25.19 Y42.161
G0 F7200 X25.41 Y42.161
G0 X26.8 Y41.557
G0 X29.896 Y41.21
G1 F3600 X29.98 Y41.294 E0.00198
G0 F7200 X30.421 Y41.294
G1 F3600 X30.505 Y41.21 E0.00198
G0 F7200 X26.8 Y41.557
G0 X26.051 Y43.414
G0 X26.051 Y56.586
G0 X26.8 Y58.443
G0 X34.61 Y58.57
G0 X33.8 Y58.57
;TYPE:WALL-INNER
G1 F4079.3 X27.1 Y58.575 E0.09833
G1 F3840 X26.542 Y58.223 E0.01029
G1 F3600 X25.9 Y56.615 E0.02879
G1 X25.9 Y55.496 E0.01861
G1 X25.969 Y55.215 E0.00481
G1 X26.087 Y55.06 E0.00324
G1 X26.221 Y55 E0.00244
G1 X26.087 Y54.94 E0.00244
G1 X25.969 Y54.785 E0.00324
G1 X25.9 Y54.585 E0.00352
G1 X25.9 Y43.5 E0.18434
G1 X25.942 Y43.277 E0.00377
G1 X26.542 Y41.777 E0.02687
G1 F3809.5 X27 Y41.43 E0.00903
G1 F4079.3 X33.7 Y41.425 E0.09833
G1 F3110.2 X34.281 Y41.63 E0.01186
G1 F2500 X34.387 Y42.029 E0.00989
G1 X34.812 Y41.674 E0.01326
G1 X34.812 Y41.188 E0.01164
G1 X34.524 Y41.188 E0.0069
G1 F3110.2 X33.7 Y41.075 E0.01601
G1 F4114.3 X27.1 Y41.075 E0.09604
G1 F3840 X26.084 Y41.1 E0.01584
G1 F3600 X25.101 Y41.101 E0.01635
G1 X25.1 Y58.9 E0.296
G1 X26.084 Y58.9 E0.01636
G1 F3840 X27.1 Y58.925 E0.01584
G1 F4079.3 X33.83 Y58.922 E0.09877
G1 F3090.1 X34.524 Y58.812 E0.01361
G1 F2500 X34.812 Y58.812 E0.0069
G1 X34.812 Y58.323 E0.01171
G1 X34.388 Y57.969 E0.01323
G1 X34.281 Y58.37 E0.00994
G1 F3090.1 X33.8 Y58.57 E0.01009
G0 F7200 X33.9 Y58
;TYPE:WALL-OUTER
G1 F1800 X33.869 Y58.108 E0.00187
G1 X33.735 Y58.198 E0.00268
G1 X27.1 Y58.2 E0.11034
G1 X26.914 Y58.075 E0.00373
G1 X26.302 Y56.535 E0.02756
G1 X26.3 Y55.425 E0.01846
G1 F1603.6 X26.478 Y55.248 E0.00469
G1 F1451.6 X27.253 Y55.245 E0.01598
G1 F1454.5 X27.253 Y54.751 E0.01017
G1 F1451.6 X26.478 Y54.752 E0.01598
G1 F1603.6 X26.302 Y54.577 E0.00463
G1 F1800 X26.3 Y43.46 E0.18488
G1 X26.914 Y41.925 E0.02749
G1 X27.065 Y41.802 E0.00324
G1 X33.7 Y41.8 E0.11034
G1 X33.869 Y41.892 E0.0032
G1 X33.9 Y42 E0.00187
G1 X33.899 Y43.072 E0.01783
G1 X35.3 Y41.902 E0.03035
G1 X35.3 Y41.018 E0.0147
G1 X35.213 Y40.799 E0.00392
G1 X35.016 Y40.7 E0.00367
G1 X25.016 Y40.7 E0.1663
G1 X24.799 Y40.786 E0.00388
G1 X24.7 Y40.98 E0.00362
G1 X24.7 Y58.981 E0.29936
G1 X24.786 Y59.201 E0.00393
G1 X24.98 Y59.3 E0.00362
G1 X34.978 Y59.3 E0.16627
G1 X35.201 Y59.213 E0.00398
G1 X35.3 Y59.016 E0.00367
G1 X35.3 Y58.094 E0.01533
G1 X33.9 Y56.928 E0.0303
G1 X33.9 Y58 E0.01783
G0 F7200 X33.869 Y58.108
G0 X33.796 Y58.157
G1 F1500 E-6.5
G0 F7200 X34.552 Y58.32
G0 X35.771 Y57.361
G0 X44.134 Y40.19
G0 X44.935 Y39.836
G0 X55.223 Y39.837
G0 X56.087 Y40.551
G0 X56.161 Y42.309
G0 X53.8 Y44.274
G0 X48.217 Y46.14
G0 X47.153 Y46.141
G0 X47.318 Y45.242
G1 F1500 E6.5
G1 F1460.4 X46.81 Y45.242 E0.01041
G1 X46.81 Y44.75 E0.01008
G1 X47.318 Y44.747 E0.01041
G1 X47.318 Y45.242 E0.01015
G0 F7200 X47.118 Y45.242
G1 F1500 E-6.5
G0 F7200 X47.118 Y44.978
G0 X46.07 Y45.065
G0 X45.59 Y45.74
G0 X45.74 Y45.74
;TYPE:FILL
G1 F1500 E6.5
G1 F3600 X45.26 Y45.26 E0.01129
G0 F7200 X45.41 Y45.26
G0 X45.41 Y43.425
G0 X45.26 Y43.425
G1 F3600 X46.011 Y42.674 E0.01766
G1 X46.081 Y42.604
G0 F7200 X45.908 Y42.534
G0 X46.422 Y41.366
G0 X46.964 Y41.307
G1 F3600 X46.878 Y41.221 E0.00202
G0 F7200 X47.39 Y41.296
G1 F3600 X47.475 Y41.21 E0.00201
G0 F7200 X52.524 Y41.21
G1 F3600 X52.605 Y41.291 E0.0019
G0 F7200 X53.051 Y41.291
G1 F3600 X53.132 Y41.21 E0.0019
G0 F7200 X46.8 Y41.557
G0 X46.051 Y43.414
G0 X45.59 Y48.602
G0 X45.74 Y48.602
G1 F3600 X45.26 Y49.082 E0.01129
G0 F7200 X45.41 Y49.082
G0 X45.41 Y50.917
G0 X45.26 Y50.917
G1 F3600 X45.74 Y51.397 E0.01129
G0 F7200 X45.59 Y51.397
G0 X45.59 Y54.259
G0 X45.74 Y54.259
G1 F3600 X45.26 Y54.739 E0.01129
G0 F7200 X45.41 Y54.739
G0 X45.41 Y56.573
G0 X45.26 Y56.573
G1 F3600 X46.012 Y57.326 E0.0177
G1 X46.082 Y57.396
G0 F7200 X45.907 Y57.466
G0 X46.422 Y58.634
G0 X47.008 Y58.647
G1 F3600 X46.877 Y58.779 E0.00309
G0 F7200 X46.381 Y58.65
G0 X54.61 Y58.57
G0 X53.8 Y58.57
;TYPE:WALL-INNER
G1 F4079.3 X47.1 Y58.575 E0.09833
G1 F3840 X46.542 Y58.223 E0.01029
G1 F3600 X45.9 Y56.615 E0.02879
G1 X45.9 Y55.496 E0.01861
G1 X45.969 Y55.215 E0.00481
G1 X46.087 Y55.06 E0.00324
G1 X46.221 Y55 E0.00244
G1 X46.087 Y54.94 E0.00244
G1 X45.969 Y54.785 E0.00324
G1 X45.9 Y54.585 E0.00352
G1 X45.9 Y43.5 E0.18434
G1 X45.942 Y43.277 E0.00377
G1 X46.542 Y41.777 E0.02687
G1 F3809.5 X47 Y41.43 E0.00903
G1 F4079.3 X53.7 Y41.425 E0.09833
G1 F3110.2 X54.281 Y41.63 E0.01186
G1 F2500 X54.387 Y42.029 E0.00989
G1 X54.812 Y41.674 E0.01326
G1 X54.812 Y41.188 E0.01164
G1 X54.524 Y41.188 E0.0069
G1 F3110.2 X53.7 Y41.075 E0.01601
G1 F4114.3 X47.1 Y41.075 E0.09604
G1 F3840 X46.084 Y41.1 E0.01584
G1 F3600 X45.101 Y41.101 E0.01635
G1 X45.1 Y58.9 E0.296
G1 X46.084 Y58.9 E0.01636
G1 F3840 X47.1 Y58.925 E0.01584
G1 F4079.3 X53.83 Y58.922 E0.09877
G1 F3090.1 X54.524 Y58.812 E0.01361
G1 F2500 X54.812 Y58.812 E0.0069
G1 X54.812 Y58.323 E0.01171
G1 X54.388 Y57.969 E0.01323
G1 X54.281 Y58.37 E0.00994
G1 F3090.1 X53.8 Y58.57 E0.01009
G0 F7200 X53.9 Y58
;TYPE:WALL-OUTER
G1 F1800 X53.869 Y58.108 E0.00187
G1 X53.735 Y58.198 E0.00268
G1 X47.1 Y58.2 E0.11034
G1 X46.914 Y58.075 E0.00373
G1 X46.302 Y56.535 E0.02756
G1 X46.3 Y55.425 E0.01846
G1 F1603.6 X46.478 Y55.248 E0.00469
G1 F1451.6 X47.253 Y55.245 E0.01598
G1 F1454.5 X47.253 Y54.751 E0.01017
G1 F1451.6 X46.478 Y54.752 E0.01598
G1 F1603.6 X46.302 Y54.577 E0.00463
G1 F1800 X46.3 Y43.46 E0.18488
G1 X46.914 Y41.925 E0.02749
G1 X47.065 Y41.802 E0.00324
G1 X53.7 Y41.8 E0.11034
G1 X53.869 Y41.892 E0.0032
G1 X53.9 Y42 E0.00187
G1 X53.899 Y43.072 E0.01783
G1 X55.3 Y41.902 E0.03035
G1 X55.3 Y41.018 E0.0147
G1 X55.213 Y40.799 E0.00392
G1 X55.016 Y40.7 E0.00367
G1 X45.016 Y40.7 E0.1663
G1 X44.799 Y40.786 E0.00388
G1 X44.7 Y40.98 E0.00362
G1 X44.7 Y58.981 E0.29936
G1 X44.786 Y59.201 E0.00393
G1 X44.98 Y59.3 E0.00362
G1 X54.978 Y59.3 E0.16627
G1 X55.201 Y59.213 E0.00398
G1 X55.3 Y59.016 E0.00367
G1 X55.3 Y58.094 E0.01533
G1 X53.9 Y56.928 E0.0303
G1 X53.9 Y58 E0.01783
G0 F7200 X53.869 Y58.108
G0 X53.796 Y58.157
G1 F1500 E-6.5
G0 F7200 X54.552 Y58.32
G0 X55.771 Y57.361
G0 X64.134 Y40.19
G0 X64.935 Y39.836
G0 X75.223 Y39.837
G0 X76.087 Y40.551
G0 X76.161 Y42.309
G0 X73.8 Y44.274
G0 X68.217 Y46.14
G0 X67.153 Y46.141
G0 X67.318 Y45.242
G1 F1500 E6.5
G1 F1460.4 X66.81 Y45.242 E0.01041
G1 X66.81 Y44.75 E0.01008
G1 X67.318 Y44.747 E0.01041
G1 X67.318 Y45.242 E0.01015
G0 F7200 X67.118 Y45.242
G1 F1500 E-6.5
G0 F7200 X67.118 Y44.978
G0 X66.07 Y45.065
G0 X65.74 Y45.573
;TYPE:FILL
G1 F1500 E6.5
G1 F3600 X65.261 Y46.052 E0.01127
G0 F7200 X65.41 Y46.052
G0 X65.41 Y48.29
G0 X65.26 Y48.29
G1 F3600 X65.74 Y48.769 E0.01128
G0 F7200 X65.59 Y48.769
G0 X65.59 Y51.23
G0 X65.74 Y51.23
G1 F3600 X65.26 Y51.709 E0.01128
G0 F7200 X65.41 Y51.709
G0 X65.41 Y53.946
G0 X65.26 Y53.946
G1 F3600 X65.74 Y54.426 E0.01129
G0 F7200 X65.59 Y54.426
G0 X65.67 Y56.873
G0 X65.808 Y56.818
G1 F3600 X65.26 Y57.366 E0.01289
G0 F7200 X65.41 Y57.366
G0 X65.671 Y43.125
G0 X65.808 Y43.181
G1 F3600 X65.26 Y42.633 E0.01289
G0 F7200 X65.41 Y42.633
G0 X66.8 Y41.557
G0 X69.494 Y41.21
G1 F3600 X69.577 Y41.293 E0.00195
G0 F7200 X70.02 Y41.293
G1 F3600 X70.103 Y41.21 E0.00195
G0 F7200 X66.8 Y41.557
G0 X66.051 Y43.414
G0 X66.051 Y56.586
G0 X66.8 Y58.443
G0 X74.61 Y58.57
G0 X73.8 Y58.57
;TYPE:WALL-INNER
G1 F4079.3 X67.1 Y58.575 E0.09833
G1 F3840 X66.542 Y58.223 E0.01029
G1 F3600 X65.9 Y56.615 E0.02879
G1 X65.9 Y55.496 E0.01861
G1 X65.969 Y55.215 E0.00481
G1 X66.087 Y55.06 E0.00324
G1 X66.221 Y55 E0.00244
G1 X66.087 Y54.94 E0.00244
G1 X65.969 Y54.785 E0.00324
G1 X65.9 Y54.585 E0.00352
G1 X65.9 Y43.5 E0.18434
G1 X65.942 Y43.277 E0.00377
G1 X66.542 Y41.777 E0.02687
G1 F3809.5 X67 Y41.43 E0.00903
G1 F4079.3 X73.7 Y41.425 E0.09833
G1 F3110.2 X74.281 Y41.63 E0.01186
G1 F2500 X74.387 Y42.029 E0.00989
G1 X74.812 Y41.674 E0.01326
G1 X74.812 Y41.188 E0.01164
G1 X74.524 Y41.188 E0.0069
G1 F3110.2 X73.7 Y41.075 E0.01601
G1 F4114.3 X67.1 Y41.075 E0.09604
G1 F3840 X66.084 Y41.1 E0.01584
G1 F3600 X65.101 Y41.101 E0.01635
G1 X65.1 Y58.9 E0.296
G1 X66.084 Y58.9 E0.01636
G1 F3840 X67.1 Y58.925 E0.01584
G1 F4079.3 X73.83 Y58.922 E0.09877
G1 F3090.1 X74.524 Y58.812 E0.01361
G1 F2500 X74.812 Y58.812 E0.0069
G1 X74.812 Y58.323 E0.01171
G1 X74.388 Y57.969 E0.01323
G1 X74.281 Y58.37 E0.00994
G1 F3090.1 X73.8 Y58.57 E0.01009
G0 F7200 X73.9 Y58
;TYPE:WALL-OUTER
G1 F1800 X73.869 Y58.108 E0.00187
G1 X73.735 Y58.198 E0.00268
G1 X67.1 Y58.2 E0.11034
G1 X66.914 Y58.075 E0.00373
G1 X66.302 Y56.535 E0.02756
G1 X66.3 Y55.425 E0.01846
G1 F1603.6 X66.478 Y55.248 E0.00469
G1 F1451.6 X67.253 Y55.245 E0.01598
G1 F1454.5 X67.253 Y54.751 E0.01017
G1 F1451.6 X66.478 Y54.752 E0.01598
G1 F1603.6 X66.302 Y54.577 E0.00463
G1 F1800 X66.3 Y43.46 E0.18488
G1 X66.914 Y41.925 E0.02749
G1 X67.065 Y41.802 E0.00324
G1 X73.7 Y41.8 E0.11034
G1 X73.869 Y41.892 E0.0032
G1 X73.9 Y42 E0.00187
G1 X73.899 Y43.072 E0.01783
G1 X75.3 Y41.902 E0.03035
G1 X75.3 Y41.018 E0.0147
G1 X75.213 Y40.799 E0.00392
G1 X75.016 Y40.7 E0.00367
G1 X65.016 Y40.7 E0.1663
G1 X64.799 Y40.786 E0.00388
G1 X64.7 Y40.98 E0.00362
G1 X64.7 Y58.981 E0.29936
G1 X64.786 Y59.201 E0.00393
G1 X64.98 Y59.3 E0.00362
G1 X74.978 Y59.3 E0.16627
G1 X75.201 Y59.213 E0.00398
G1 X75.3 Y59.016 E0.00367
G1 X75.3 Y58.094 E0.01533
G1 X73.9 Y56.928 E0.0303
G1 X73.9 Y58 E0.01783
G0 F7200 X73.869 Y58.108
G0 X73.796 Y58.157
G1 F1500 E-6.5
;MESH:NONMESH
G0 F600 X73.796 Y58.157 Z2.1
G0 F7200 X74.552 Y58.32
G0 X66.8 Y58.443
G0 X66.051 Y56.586
G0 X64.93 Y45.008
G0 X63.835 Y45.008
G0 X55.81 Y40.134
G0 X44.935 Y39.836
G0 X44.134 Y40.19
G0 X43.836 Y43.176
G0 X28.229 Y45.008
G0 X27.313 Y45.243
;TIME_ELAPSED:340.086503
;LAYER:18
;TYPE:WALL-OUTER
;MESH:pin.stl
G1 F1500 E6.5
G1 F1445.8 X26.813 Y45.243 E0.01035
G1 X26.813 Y44.745 E0.01031
G1 X27.313 Y44.745 E0.01035
G1 X27.313 Y45.243 E0.01031
G0 F7200 X27.113 Y45.243
G1 F1500 E-6.5
G0 F7200 X27.113 Y44.983
G0 X26.07 Y45.069
G0 X25.59 Y45.975
G0 X25.74 Y45.975
;TYPE:FILL
G1 F1500 E6.5
G1 F3600 X25.261 Y46.454 E0.01127
G0 F7200 X25.41 Y46.454
G0 X25.41 Y47.887
G0 X25.26 Y47.887
G1 F3600 X25.74 Y48.368 E0.0113
G0 F7200 X25.59 Y48.368
G0 X25.59 Y51.632
G0 X25.74 Y51.632
G1 F3600 X25.261 Y52.111 E0.01127
G0 F7200 X25.41 Y52.111
G0 X25.41 Y53.544
G0 X25.26 Y53.544
G1 F3600 X25.74 Y54.024 E0.01129
G0 F7200 X25.59 Y54.024
G0 X25.651 Y56.663
G0 X25.923 Y57.106
G1 F3600 X25.261 Y57.768 E0.01557
G1 X25.191 Y57.838
G0 F7200 X25.41 Y57.838
G0 X25.651 Y43.337
G0 X25.924 Y42.895
G1 F3600 X25.26 Y42.231 E0.01562
G1 X25.19 Y42.161
G0 F7200 X25.41 Y42.161
G0 X26.8 Y41.557
G0 X29.896 Y41.21
G1 F3600 X29.98 Y41.294 E0.00198
G0 F7200 X30.421 Y41.294
G1 F3600 X30.505 Y41.21 E0.00198
G0 F7200 X26.8 Y41.557
G0 X26.051 Y43.414
G0 X26.051 Y56.586
G0 X26.8 Y58.443
G0 X34.61 Y58.57
G0 X33.8 Y58.57
;TYPE:WALL-INNER
G1 F4079.3 X27.1 Y58.575 E0.09833
G1 F3840 X26.542 Y58.223 E0.01029
G1 F3600 X25.9 Y56.615 E0.02879
G1 X25.9 Y55.492 E0.01868
G1 X25.968 Y55.212 E0.00479
G1 X26.086 Y55.056 E0.00325
G1 X26.217 Y54.998 E0.00238
G1 X26.086 Y54.94 E0.00238
G1 X25.968 Y54.784 E0.00325
G1 X25.9 Y54.585 E0.0035
G1 X25.9 Y43.5 E0.18434
G1 X25.942 Y43.277 E0.00377
G1 X26.542 Y41.777 E0.02687
G1 F3809.5 X27 Y41.43 E0.00903
G1 F4079.3 X33.7 Y41.425 E0.09833
G1 F3110.2 X34.281 Y41.63 E0.01186
G1 F2500 X34.387 Y42.029 E0.00989
G1 X34.812 Y41.674 E0.01326
G1 X34.812 Y41.188 E0.01164
G1 X34.524 Y41.188 E0.0069
G1 F3110.2 X33.7 Y41.075 E0.01601
G1 F4114.3 X27.1 Y41.075 E0.09604
G1 F3840 X26.084 Y41.1 E0.01584
G1 F3600 X25.101 Y41.101 E0.01635
G1 X25.1 Y58.9 E0.296
G1 X26.084 Y58.9 E0.01636
G1 F3840 X27.1 Y58.925 E0.01584
G1 F4079.3 X33.83 Y58.922 E0.09877
G1 F3090.1 X34.524 Y58.812 E0.01361
G1 F2500 X34.812 Y58.812 E0.0069
G1 X34.812 Y58.323 E0.01171
G1 X34.388 Y57.969 E0.01323
G1 X34.281 Y58.37 E0.00994
G1 F3090.1 X33.8 Y58.57 E0.01009
G0 F7200 X33.9 Y58
;TYPE:WALL-OUTER
G1 F1800 X33.869 Y58.108 E0.00187
G1 X33.735 Y58.198 E0.00268
G1 X27.1 Y58.2 E0.11034
G1 X26.914 Y58.075 E0.00373
G1 X26.302 Y56.535 E0.02756
G1 X26.3 Y55.42 E0.01854
G1 F1607.1 X26.478 Y55.245 E0.00465
G1 F1454.5 X27.253 Y55.245 E0.01595
G1 F1457.5 X27.253 Y54.751 E0.01015
G1 F1454.5 X26.478 Y54.751 E0.01595
G1 F1607.1 X26.302 Y54.578 E0.0046
G1 F1800 X26.3 Y43.46 E0.18489
G1 X26.914 Y41.925 E0.02749
G1 X27.065 Y41.802 E0.00324
G1 X33.7 Y41.8 E0.11034
G1 X33.869 Y41.892 E0.0032
G1 X33.9 Y42 E0.00187
G1 X33.899 Y43.072 E0.01783
G1 X35.3 Y41.902 E0.03035
G1 X35.3 Y41.018 E0.0147
G1 X35.213 Y40.799 E0.00392
G1 X35.016 Y40.7 E0.00367
G1 X25.016 Y40.7 E0.1663
G1 X24.799 Y40.786 E0.00388
G1 X24.7 Y40.98 E0.00362
G1 X24.7 Y58.981 E0.29936
G1 X24.786 Y59.201 E0.00393
G1 X24.98 Y59.3 E0.00362
G1 X34.978 Y59.3 E0.16627
G1 X35.201 Y59.213 E0.00398
G1 X35.3 Y59.016 E0.00367
G1 X35.3 Y58.094 E0.01533
G1 X33.9 Y56.928 E0.0303
G1 X33.9 Y58 E0.01783
G0 F7200 X33.869 Y58.108
G0 X33.796 Y58.157
G1 F1500 E-6.5
G0 F7200 X34.552 Y58.32
G0 X35.771 Y57.361
G0 X44.134 Y40.19
G0 X44.935 Y39.836
G0 X55.223 Y39.837
G0 X56.087 Y40.551
G0 X56.161 Y42.309
G0 X53.8 Y44.274
G0 X48.217 Y46.146
G0 X47.153 Y46.146
G0 X47.313 Y45.243
G1 F1500 E6.5
G1 F1445.8 X46.813 Y45.243 E0.01035
G1 X46.813 Y44.745 E0.01031
G1 X47.313 Y44.745 E0.01035
G1 X47.313 Y45.243 E0.01031
G0 F7200 X47.113 Y45.243
G1 F1500 E-6.5
G0 F7200 X47.113 Y44.983
G0 X46.07 Y45.069
G0 X45.59 Y45.74
G0 X45.74 Y45.74
;TYPE:FILL
G1 F1500 E6.5
G1 F3600 X45.26 Y45.26 E0.01129
G0 F7200 X45.41 Y45.26
G0 X45.41 Y43.425
G0 X45.26 Y43.425
G1 F3600 X46.011 Y42.674 E0.01766
G1 X46.081 Y42.604
G0 F7200 X45.908 Y42.534
G0 X46.422 Y41.366
G0 X46.964 Y41.307
G1 F3600 X46.878 Y41.221 E0.00202
G0 F7200 X47.39 Y41.296
G1 F3600 X47.475 Y41.21 E0.00201
G0 F7200 X52.524 Y41.21
G1 F3600 X52.605 Y41.291 E0.0019
G0 F7200 X53.051 Y41.291
G1 F3600 X53.132 Y41.21 E0.0019
G0 F7200 X46.8 Y41.557
G0 X46.051 Y43.414
G0 X45.59 Y48.602
G0 X45.74 Y48.602
G1 F3600 X45.26 Y49.082 E0.01129
G0 F7200 X45.41 Y49.082
G0 X45.41 Y50.917
G0 X45.26 Y50.917
G1 F3600 X45.74 Y51.397 E0.01129
G0 F7200 X45.59 Y51.397
G0 X45.59 Y54.259
G0 X45.74 Y54.259
G1 F3600 X45.26 Y54.739 E0.01129
G0 F7200 X45.41 Y54.739
G0 X45.41 Y56.573
G0 X45.26 Y56.573
G1 F3600 X46.012 Y57.326 E0.0177
G1 X46.082 Y57.396
G0 F7200 X45.907 Y57.466
G0 X46.422 Y58.634
G0 X47.008 Y58.647
G1 F3600 X46.877 Y58.779 E0.00309
G0 F7200 X46.381 Y58.65
G0 X54.61 Y58.57
G0 X53.8 Y58.57
;TYPE:WALL-INNER
G1 F4079.3 X47.1 Y58.575 E0.09833
G1 F3840 X46.542 Y58.223 E0.01029
G1 F3600 X45.9 Y56.615 E0.02879
G1 X45.9 Y55.492 E0.01868
G1 X45.968 Y55.212 E0.00479
G1 X46.086 Y55.056 E0.00325
G1 X46.217 Y54.998 E0.00238
G1 X46.086 Y54.94 E0.00238
G1 X45.968 Y54.784 E0.00325
G1 X45.9 Y54.585 E0.0035
G1 X45.9 Y43.5 E0.18434
G1 X45.942 Y43.277 E0.00377
G1 X46.542 Y41.777 E0.02687
G1 F3809.5 X47 Y41.43 E0.00903
G1 F4079.3 X53.7 Y41.425 E0.09833
G1 F3110.2 X54.281 Y41.63 E0.01186
G1 F2500 X54.387 Y42.029 E0.00989
G1 X54.812 Y41.674 E0.01326
G1 X54.812 Y41.188 E0.01164
G1 X54.524 Y41.188 E0.0069
G1 F3110.2 X53.7 Y41.075 E0.01601
G1 F4114.3 X47.1 Y41.075 E0.09604
G1 F3840 X46.084 Y41.1 E0.01584
G1 F3600 X45.101 Y41.101 E0.01635
G1 X45.1 Y58.9 E0.296
G1 X46.084 Y58.9 E0.01636
G1 F3840 X47.1 Y58.925 E0.01584
G1 F4079.3 X53.83 Y58.922 E0.09877
G1 F3090.1 X54.524 Y58.812 E0.01361
G1 F2500 X54.812 Y58.812 E0.0069
G1 X54.812 Y58.323 E0.01171
G1 X54.388 Y57.969 E0.01323
G1 X54.281 Y58.37 E0.00994
G1 F3090.1 X53.8 Y58.57 E0.01009
G0 F7200 X53.9 Y58
;TYPE:WALL-OUTER
G1 F1800 X53.869 Y58.108 E0.00187
G1 X53.735 Y58.198 E0.00268
G1 X47.1 Y58.2 E0.11034
G1 X46.914 Y58.075 E0.00373
G1 X46.302 Y56.535 E0.02756
G1 X46.3 Y55.42 E0.01854
G1 F1607.1 X46.478 Y55.245 E0.00465
G1 F1454.5 X47.253 Y55.245 E0.01595
G1 F1457.5 X47.253 Y54.751 E0.01015
G1 F1454.5 X46.478 Y54.751 E0.01595
G1 F1607.1 X46.302 Y54.578 E0.0046
G1 F1800 X46.3 Y43.46 E0.18489
G1 X46.914 Y41.925 E0.02749
G1 X47.065 Y41.802 E0.00324
G1 X53.7 Y41.8 E0.11034
G1 X53.869 Y41.892 E0.0032
G1 X53.9 Y42 E0.00187
G1 X53.899 Y43.072 E0.01783
G1 X55.3 Y41.902 E0.03035
G1 X55.3 Y41.018 E0.0147
G1 X55.213 Y40.799 E0.00392
G1 X55.016 Y40.7 E0.00367
G1 X45.016 Y40.7 E0.1663
G1 X44.799 Y40.786 E0.00388
G1 X44.7 Y40.98 E0.00362
G1 X44.7 Y58.981 E0.29936
G1 X44.786 Y59.201 E0.00393
G1 X44.98 Y59.3 E0.00362
G1 X54.978 Y59.3 E0.16627
G1 X55.201 Y59.213 E0.00398
G1 X55.3 Y59.016 E0.00367
G1 X55.3 Y58.094 E0.01533
G1 X53.9 Y56.928 E0.0303
G1 X53.9 Y58 E0.01783
G0 F7200 X53.869 Y58.108
G0 X53.796 Y58.157
G1 F1500 E-6.5
G0 F7200 X54.552 Y58.32
G0 X55.771 Y57.361
G0 X64.134 Y40.19
G0 X64.935 Y39.836
G0 X75.223 Y39.837
G0 X76.087 Y40.551
G0 X76.161 Y42.309
G0 X73.8 Y44.274
G0 X68.217 Y46.146
G0 X67.153 Y46.146
G0 X67.313 Y45.243
G1 F1500 E6.5
G1 F1445.8 X66.813 Y45.243 E0.01035
G1 X66.813 Y44.745 E0.01031
G1 X67.313 Y44.745 E0.01035
G1 X67.313 Y45.243 E0.01031
G0 F7200 X67.113 Y45.243
G1 F1500 E-6.5
G0 F7200 X67.113 Y44.983
G0 X66.07 Y45.069
G0 X65.74 Y45.573
;TYPE:FILL
G1 F1500 E6.5
G1 F3600 X65.261 Y46.052 E0.01127
G0 F7200 X65.41 Y46.052
G0 X65.41 Y48.29
G0 X65.26 Y48.29
G1 F3600 X65.74 Y48.769 E0.01128
G0 F7200 X65.59 Y48.769
G0 X65.59 Y51.23
G0 X65.74 Y51.23
G1 F3600 X65.26 Y51.709 E0.01128
G0 F7200 X65.41 Y51.709
G0 X65.41 Y53.946
G0 X65.26 Y53.946
G1 F3600 X65.74 Y54.426 E0.01129
G0 F7200 X65.59 Y54.426
G0 X65.67 Y56.873
G0 X65.808 Y56.818
G1 F3600 X65.26 Y57.366 E0.01289
G0 F7200 X65.41 Y57.366
G0 X65.671 Y43.125
G0 X65.808 Y43.181
G1 F3600 X65.26 Y42.633 E0.01289
G0 F7200 X65.41 Y42.633
G0 X66.8 Y41.557
G0 X69.494 Y41.21
G1 F3600 X69.577 Y41.293 E0.00195
G0 F7200 X70.02 Y41.293
G1 F3600 X70.103 Y41.21 E0.00195
G0 F7200 X66.8 Y41.557
G0 X66.051 Y43.414
G0 X66.051 Y56.586
G0 X66.8 Y58.443
G0 X74.61 Y58.57
G0 X73.8 Y58.57
;TYPE:WALL-INNER
G1 F4079.3 X67.1 Y58.575 E0.09833
G1 F3840 X66.542 Y58.223 E0.01029
G1 F3600 X65.9 Y56.615 E0.02879
G1 X65.9 Y55.492 E0.01868
G1 X65.968 Y55.212 E0.00479
G1 X66.086 Y55.056 E0.00325
G1 X66.217 Y54.998 E0.00238
G1 X66.086 Y54.94 E0.00238
G1 X65.968 Y54.784 E0.00325
G1 X65.9 Y54.585 E0.0035
G1 X65.9 Y43.5 E0.18434
G1 X65.942 Y43.277 E0.00377
G1 X66.542 Y41.777 E0.02687
G1 F3809.5 X67 Y41.43 E0.00903
G1 F4079.3 X73.7 Y41.425 E0.09833
G1 F3110.2 X74.281 Y41.63 E0.01186
G1 F2500 X74.387 Y42.029 E0.00989
G1 X74.812 Y41.674 E0.01326
G1 X74.812 Y41.188 E0.01164
G1 X74.524 Y41.188 E0.0069
G1 F3110.2 X73.7 Y41.075 E0.01601
G1 F4114.3 X67.1 Y41.075 E0.09604
G1 F3840 X66.084 Y41.1 E0.01584
G1 F3600 X65.101 Y41.101 E0.01635
G1 X65.1 Y58.9 E0.296
G1 X66.084 Y58.9 E0.01636
G1 F3840 X67.1 Y58.925 E0.01584
G1 F4079.3 X73.83 Y58.922 E0.09877
G1 F3090.1 X74.524 Y58.812 E0.01361
G1 F2500 X74.812 Y58.812 E0.0069
G1 X74.812 Y58.323 E0.01171
G1 X74.388 Y57.969 E0.01323
G1 X74.281 Y58.37 E0.00994
G1 F3090.1 X73.8 Y58.57 E0.01009
G0 F7200 X73.9 Y58
;TYPE:WALL-OUTER
G1 F1800 X73.869 Y58.108 E0.00187
G1 X73.735 Y58.198 E0.00268
G1 X67.1 Y58.2 E0.11034
G1 X66.914 Y58.075 E0.00373
G1 X66.302 Y56.535 E0.02756
G1 X66.3 Y55.42 E0.01854
G1 F1607.1 X66.478 Y55.245 E0.00465
G1 F1454.5 X67.253 Y55.245 E0.01595
G1 F1457.5 X67.253 Y54.751 E0.01015
G1 F1454.5 X66.478 Y54.751 E0.01595
G1 F1607.1 X66.302 Y54.578 E0.0046
G1 F1800 X66.3 Y43.46 E0.18489
G1 X66.914 Y41.925 E0.02749
G1 X67.065 Y41.802 E0.00324
G1 X73.7 Y41.8 E0.11034
G1 X73.869 Y41.892 E0.0032
G1 X73.9 Y42 E0.00187
G1 X73.899 Y43.072 E0.01783
G1 X75.3 Y41.902 E0.03035
G1 X75.3 Y41.018 E0.0147
G1 X75.213 Y40.799 E0.00392
G1 X75.016 Y40.7 E0.00367
G1 X65.016 Y40.7 E0.1663
G1 X64.799 Y40.786 E0.00388
G1 X64.7 Y40.98 E0.00362
G1 X64.7 Y58.981 E0.29936
G1 X64.786 Y59.201 E0.00393
G1 X64.98 Y59.3 E0.00362
G1 X74.978 Y59.3 E0.16627
G1 X75.201 Y59.213 E0.00398
G1 X75.3 Y59.016 E0.00367
G1 X75.3 Y58.094 E0.01533
G1 X73.9 Y56.928 E0.0303
G1 X73.9 Y58 E0.01783
G0 F7200 X73.869 Y58.108
G0 X73.796 Y58.157
G1 F1500 E-6.5
;MESH:NONMESH
G0 F600 X73.796 Y58.157 Z2.2
G0 F7200 X74.552 Y58.32
G0 X66.8 Y58.443
G0 X66.051 Y56.586
G0 X64.93 Y45.013
G0 X63.835 Y45.013
G0 X55.81 Y40.134
G0 X44.935 Y39.836
G0 X44.134 Y40.19
G0 X43.836 Y43.179
G0 X28.229 Y45.013
G0 X27.323 Y45.235
;TIME_ELAPSED:360.323225
;LAYER:19
;TYPE:WALL-OUTER
;MESH:pin.stl
G1 F1500 E6.5
G1 F1493.8 X26.805 Y45.235 E0.01038
G1 X26.805 Y44.753 E0.00966
G1 X27.323 Y44.753 E0.01038
G1 X27.323 Y45.235 E0.00966
G0 F7200 X27.123 Y45.235
G1 F1500 E-6.5
G0 F7200 X27.124 Y44.968
G0 X26.07 Y45.053
G0 X25.59 Y45.975
G0 X25.74 Y45.975
;TYPE:FILL
G1 F1500 E6.5
G1 F3600 X25.261 Y46.454 E0.01127
G0 F7200 X25.41 Y46.454
G0 X25.41 Y47.887
G0 X25.26 Y47.887
G1 F3600 X25.74 Y48.368 E0.0113
G0 F7200 X25.59 Y48.368
G0 X25.59 Y51.632
G0 X25.74 Y51.632
G1 F3600 X25.261 Y52.111 E0.01127
G0 F7200 X25.41 Y52.111
G0 X25.41 Y53.544
G0 X25.26 Y53.544
G1 F3600 X25.74 Y54.024 E0.01129
G0 F7200 X25.59 Y54.024
G0 X25.651 Y56.663
G0 X25.923 Y57.106
G1 F3600 X25.261 Y57.768 E0.01557
G1 X25.191 Y57.838
G0 F7200 X25.41 Y57.838
G0 X25.651 Y43.337
G0 X25.924 Y42.895
G1 F3600 X25.26 Y42.231 E0.01562
G1 X25.19 Y42.161
G0 F7200 X25.41 Y42.161
G0 X26.8 Y41.557
G0 X29.896 Y41.21
G1 F3600 X29.98 Y41.294 E0.00198
G0 F7200 X30.421 Y41.294
G1 F3600 X30.505 Y41.21 E0.00198
G0 F7200 X26.8 Y41.557
G0 X26.051 Y43.414
G0 X26.051 Y56.586
G0 X26.8 Y58.443
G0 X34.61 Y58.57
G0 X33.8 Y58.57
;TYPE:WALL-INNER
G1 F4079.3 X27.1 Y58.575 E0.09833
G1 F3840 X26.542 Y58.223 E0.01029
G1 F3600 X25.9 Y56.615 E0.02879
G1 X25.9 Y55.472 E0.01901
G1 X25.963 Y55.202 E0.00461
G1 X26.076 Y55.046 E0.0032
G1 X26.182 Y54.998 E0.00194
G1 X26.076 Y54.95 E0.00194
G1 X25.963 Y54.794 E0.0032
G1 X25.9 Y54.604 E0.00333
G1 X25.9 Y43.5 E0.18466
G1 X25.942 Y43.277 E0.00377
G1 X26.542 Y41.777 E0.02687
G1 F3809.5 X27 Y41.43 E0.00903
G1 F4079.3 X33.7 Y41.425 E0.09833
G1 F3110.2 X34.281 Y41.63 E0.01186
G1 F2500 X34.387 Y42.029 E0.00989
G1 X34.812 Y41.674 E0.01326
G1 X34.812 Y41.188 E0.01164
G1 X34.524 Y41.188 E0.0069
G1 F3110.2 X33.7 Y41.075 E0.01601
G1 F4114.3 X27.1 Y41.075 E0.09604
G1 F3840 X26.084 Y41.1 E0.01584
G1 F3600 X25.101 Y41.101 E0.01635
G1 X25.1 Y58.9 E0.296
G1 X26.084 Y58.9 E0.01636
G1 F3840 X27.1 Y58.925 E0.01584
G1 F4079.3 X33.83 Y58.922 E0.09877
G1 F3090.1 X34.524 Y58.812 E0.01361
G1 F2500 X34.812 Y58.812 E0.0069
G1 X34.812 Y58.323 E0.01171
G1 X34.388 Y57.969 E0.01323
G1 X34.281 Y58.37 E0.00994
G1 F3090.1 X33.8 Y58.57 E0.01009
G0 F7200 X33.9 Y58
;TYPE:WALL-OUTER
G1 F1800 X33.869 Y58.108 E0.00187
G1 X33.735 Y58.198 E0.00268
G1 X27.1 Y58.2 E0.11034
G1 X26.914 Y58.075 E0.00373
G1 X26.302 Y56.535 E0.02756
G1 X26.3 Y55.402 E0.01884
G1 F1643.8 X26.479 Y55.235 E0.00446
G1 F1515.8 X27.263 Y55.235 E0.01548
G1 F1519 X27.263 Y54.761 E0.00934
G1 F1515.8 X26.479 Y54.761 E0.01548
G1 F1643.8 X26.358 Y54.666 E0.0028
G1 F1800 X26.302 Y54.559 E0.00201
G1 X26.3 Y43.46 E0.18458
G1 X26.914 Y41.925 E0.02749
G1 X27.065 Y41.802 E0.00324
G1 X33.7 Y41.8 E0.11034
G1 X33.869 Y41.892 E0.0032
G1 X33.9 Y42 E0.00187
G1 X33.899 Y43.072 E0.01783
G1 X35.3 Y41.902 E0.03035
G1 X35.3 Y41.018 E0.0147
G1 X35.213 Y40.799 E0.00392
G1 X35.016 Y40.7 E0.00367
G1 X25.016 Y40.7 E0.1663
G1 X24.799 Y40.786 E0.00388
G1 X24.7 Y40.98 E0.00362
G1 X24.7 Y58.981 E0.29936
G1 X24.786 Y59.201 E0.00393
G1 X24.98 Y59.3 E0.00362
G1 X34.978 Y59.3 E0.16627
G1 X35.201 Y59.213 E0.00398
G1 X35.3 Y59.016 E0.00367
G1 X35.3 Y58.094 E0.01533
G1 X33.9 Y56.928 E0.0303
G1 X33.9 Y58 E0.01783
G0 F7200 X33.869 Y58.108
G0 X33.796 Y58.157
G1 F1500 E-6.5
G0 F7200 X34.552 Y58.32
G0 X35.771 Y57.361
G0 X44.134 Y40.19
G0 X44.935 Y39.836
G0 X55.223 Y39.837
G0 X56.087 Y40.551
G0 X56.161 Y42.309
G0 X53.8 Y44.274
G0 X48.217 Y46.132
G0 X47.153 Y46.131
G0 X47.323 Y45.235
G1 F1500 E6.5
G1 F1493.8 X46.805 Y45.235 E0.01038
G1 X46.805 Y44.753 E0.00966
G1 X47.323 Y44.753 E0.01038
G1 X47.323 Y45.235 E0.00966
G0 F7200 X47.123 Y45.235
G1 F1500 E-6.5
G0 F7200 X47.124 Y44.968
G0 X46.07 Y45.053
G0 X45.59 Y45.74
G0 X45.74 Y45.74
;TYPE:FILL
G1 F1500 E6.5
G1 F3600 X45.26 Y45.26 E0.01129
G0 F7200 X45.41 Y45.26
G0 X45.41 Y43.425
G0 X45.26 Y43.425
G1 F3600 X46.011 Y42.674 E0.01766
G1 X46.081 Y42.604
G0 F7200 X45.908 Y42.534
G0 X46.422 Y41.366
G0 X46.964 Y41.307
G1 F3600 X46.878 Y41.221 E0.00202
G0 F7200 X47.39 Y41.296
G1 F3600 X47.475 Y41.21 E0.00201
G0 F7200 X52.524 Y41.21
G1 F3600 X52.605 Y41.291 E0.0019
G0 F7200 X53.051 Y41.291
G1 F3600 X53.132 Y41.21 E0.0019
G0 F7200 X46.8 Y41.557
G0 X46.051 Y43.414
G0 X45.59 Y48.602
G0 X45.74 Y48.602
G1 F3600 X45.26 Y49.082 E0.01129
G0 F7200 X45.41 Y49.082
G0 X45.41 Y50.917
G0 X45.26 Y50.917
G1 F3600 X45.74 Y51.397 E0.01129
G0 F7200 X45.59 Y51.397
G0 X45.59 Y54.259
G0 X45.74 Y54.259
G1 F3600 X45.26 Y54.739 E0.01129
G0 F7200 X45.41 Y54.739
G0 X45.41 Y56.573
G0 X45.26 Y56.573
G1 F3600 X46.012 Y57.326 E0.0177
G1 X46.082 Y57.396
G0 F7200 X45.907 Y57.466
G0 X46.422 Y58.634
G0 X47.008 Y58.647
G1 F3600 X46.877 Y58.779 E0.00309
G0 F7200 X46.381 Y58.65
G0 X54.61 Y58.57
G0 X53.8 Y58.57
;TYPE:WALL-INNER
G1 F4079.3 X47.1 Y58.575 E0.09833
G1 F3840 X46.542 Y58.223 E0.01029
G1 F3600 X45.9 Y56.615 E0.02879
G1 X45.9 Y55.472 E0.01901
G1 X45.963 Y55.202 E0.00461
G1 X46.076 Y55.046 E0.0032
G1 X46.182 Y54.998 E0.00194
G1 X46.076 Y54.95 E0.00194
G1 X45.963 Y54.794 E0.0032
G1 X45.9 Y54.604 E0.00333
G1 X45.9 Y43.5 E0.18466
G1 X45.942 Y43.277 E0.00377
G1 X46.542 Y41.777 E0.02687
G1 F3809.5 X47 Y41.43 E0.00903
G1 F4079.3 X53.7 Y41.425 E0.09833
G1 F3110.2 X54.281 Y41.63 E0.01186
G1 F2500 X54.387 Y42.029 E0.00989
G1 X54.812 Y41.674 E0.01326
G1 X54.812 Y41.188 E0.01164
G1 X54.524 Y41.188 E0.0069
G1 F3110.2 X53.7 Y41.075 E0.01601
G1 F4114.3 X47.1 Y41.075 E0.09604
G1 F3840 X46.084 Y41.1 E0.01584
G1 F3600 X45.101 Y41.101 E0.01635
G1 X45.1 Y58.9 E0.296
G1 X46.084 Y58.9 E0.01636
G1 F3840 X47.1 Y58.925 E0.01584
G1 F4079.3 X53.83 Y58.922 E0.09877
G1 F3090.1 X54.524 Y58.812 E0.01361
G1 F2500 X54.812 Y58.812 E0.0069
G1 X54.812 Y58.323 E0.01171
G1 X54.388 Y57.969 E0.01323
G1 X54.281 Y58.37 E0.00994
G1 F3090.1 X53.8 Y58.57 E0.01009
G0 F7200 X53.9 Y58
;TYPE:WALL-OUTER
G1 F1800 X53.869 Y58.108 E0.00187
G1 X53.735 Y58.198 E0.00268
G1 X47.1 Y58.2 E0.11034
G1 X46.914 Y58.075 E0.00373
G1 X46.302 Y56.535 E0.02756
G1 X46.3 Y55.402 E0.01884
G1 F1643.8 X46.479 Y55.235 E0.00446
G1 F1515.8 X47.263 Y55.235 E0.01548
G1 F1519 X47.263 Y54.761 E0.00934
G1 F1515.8 X46.479 Y54.761 E0.01548
G1 F1643.8 X46.358 Y54.666 E0.0028
G1 F1800 X46.302 Y54.559 E0.00201
G1 X46.3 Y43.46 E0.18458
G1 X46.914 Y41.925 E0.02749
G1 X47.065 Y41.802 E0.00324
G1 X53.7 Y41.8 E0.11034
G1 X53.869 Y41.892 E0.0032
G1 X53.9 Y42 E0.00187
G1 X53.899 Y43.072 E0.01783
G1 X55.3 Y41.902 E0.03035
G1 X55.3 Y41.018 E0.0147
G1 X55.213 Y40.799 E0.00392
G1 X55.016 Y40.7 E0.00367
G1 X45.016 Y40.7 E0.1663
G1 X44.799 Y40.786 E0.00388
G1 X44.7 Y40.98 E0.00362
G1 X44.7 Y58.981 E0.29936
G1 X44.786 Y59.201 E0.00393
G1 X44.98 Y59.3 E0.00362
G1 X54.978 Y59.3 E0.16627
G1 X55.201 Y59.213 E0.00398
G1 X55.3 Y59.016 E0.00367
G1 X55.3 Y58.094 E0.01533
G1 X53.9 Y56.928 E0.0303
G1 X53.9 Y58 E0.01783
G0 F7200 X53.869 Y58.108
G0 X53.796 Y58.157
G1 F1500 E-6.5
G0 F7200 X54.552 Y58.32
G0 X55.771 Y57.361
G0 X64.134 Y40.19
G0 X64.935 Y39.836
G0 X75.223 Y39.837
G0 X76.087 Y40.551
G0 X76.161 Y42.309
G0 X73.8 Y44.274
G0 X68.217 Y46.132
G0 X67.153 Y46.131
G0 X67.323 Y45.235
G1 F1500 E6.5
G1 F1493.8 X66.805 Y45.235 E0.01038
G1 X66.805 Y44.753 E0.00966
G1 X67.323 Y44.753 E0.01038
G1 X67.323 Y45.235 E0.00966
G0 F7200 X67.123 Y45.235
G1 F1500 E-6.5
G0 F7200 X67.124 Y44.968
G0 X66.07 Y45.053
G0 X65.74 Y45.573
;TYPE:FILL
G1 F1500 E6.5
G1 F3600 X65.261 Y46.052 E0.01127
G0 F7200 X65.41 Y46.052
G0 X65.41 Y48.29
G0 X65.26 Y48.29
G1 F3600 X65.74 Y48.769 E0.01128
G0 F7200 X65.59 Y48.769
G0 X65.59 Y51.23
G0 X65.74 Y51.23
G1 F3600 X65.26 Y51.709 E0.01128
G0 F7200 X65.41 Y51.709
G0 X65.41 Y53.946
G0 X65.26 Y53.946
G1 F3600 X65.74 Y54.426 E0.01129
G0 F7200 X65.59 Y54.426
G0 X65.67 Y56.873
G0 X65.808 Y56.818
G1 F3600 X65.26 Y57.366 E0.01289
G0 F7200 X65.41 Y57.366
G0 X65.671 Y43.125
G0 X65.808 Y43.181
G1 F3600 X65.26 Y42.633 E0.01289
G0 F7200 X65.41 Y42.633
G0 X66.8 Y41.557
G0 X69.494 Y41.21
G1 F3600 X69.577 Y41.293 E0.00195
G0 F7200 X70.02 Y41.293
G1 F3600 X70.103 Y41.21 E0.00195
G0 F7200 X66.8 Y41.557
G0 X66.051 Y43.414
G0 X66.051 Y56.586
G0 X66.8 Y58.443
G0 X74.61 Y58.57
G0 X73.8 Y58.57
;TYPE:WALL-INNER
G1 F4079.3 X67.1 Y58.575 E0.09833
G1 F3840 X66.542 Y58.223 E0.01029
G1 F3600 X65.9 Y56.615 E0.02879
G1 X65.9 Y55.472 E0.01901
G1 X65.963 Y55.202 E0.00461
G1 X66.076 Y55.046 E0.0032
G1 X66.182 Y54.998 E0.00194
G1 X66.076 Y54.95 E0.00194
G1 X65.963 Y54.794 E0.0032
G1 X65.9 Y54.604 E0.00333
G1 X65.9 Y43.5 E0.18466
G1 X65.942 Y43.277 E0.00377
G1 X66.542 Y41.777 E0.02687
G1 F3809.5 X67 Y41.43 E0.00903
G1 F4079.3 X73.7 Y41.425 E0.09833
G1 F3110.2 X74.281 Y41.63 E0.01186
G1 F2500 X74.387 Y42.029 E0.00989
G1 X74.812 Y41.674 E0.01326
G1 X74.812 Y41.188 E0.01164
G1 X74.524 Y41.188 E0.0069
G1 F3110.2 X73.7 Y41.075 E0.01601
G1 F4114.3 X67.1 Y41.075 E0.09604
G1 F3840 X66.084 Y41.1 E0.01584
G1 F3600 X65.101 Y41.101 E0.01635
G1 X65.1 Y58.9 E0.296
G1 X66.084 Y58.9 E0.01636
G1 F3840 X67.1 Y58.925 E0.01584
G1 F4079.3 X73.83 Y58.922 E0.09877
G1 F3090.1 X74.524 Y58.812 E0.01361
G1 F2500 X74.812 Y58.812 E0.0069
G1 X74.812 Y58.323 E0.01171
G1 X74.388 Y57.969 E0.01323
G1 X74.281 Y58.37 E0.00994
G1 F3090.1 X73.8 Y58.57 E0.01009
G0 F7200 X73.9 Y58
;TYPE:WALL-OUTER
G1 F1800 X73.869 Y58.108 E0.00187
G1 X73.735 Y58.198 E0.00268
G1 X67.1 Y58.2 E0.11034
G1 X66.914 Y58.075 E0.00373
G1 X66.302 Y56.535 E0.02756
G1 X66.3 Y55.402 E0.01884
G1 F1643.8 X66.479 Y55.235 E0.00446
G1 F1515.8 X67.263 Y55.235 E0.01548
G1 F1519 X67.263 Y54.761 E0.00934
G1 F1515.8 X66.479 Y54.761 E0.01548
G1 F1643.8 X66.358 Y54.666 E0.0028
G1 F1800 X66.302 Y54.559 E0.00201
G1 X66.3 Y43.46 E0.18458
G1 X66.914 Y41.925 E0.02749
G1 X67.065 Y41.802 E0.00324
G1 X73.7 Y41.8 E0.11034
G1 X73.869 Y41.892 E0.0032
G1 X73.9 Y42 E0.00187
G1 X73.899 Y43.072 E0.01783
G1 X75.3 Y41.902 E0.03035
G1 X75.3 Y41.018 E0.0147
G1 X75.213 Y40.799 E0.00392
G1 X75.016 Y40.7 E0.00367
G1 X65.016 Y40.7 E0.1663
G1 X64.799 Y40.786 E0.00388
G1 X64.7 Y40.98 E0.00362
G1 X64.7 Y58.981 E0.29936
G1 X64.786 Y59.201 E0.00393
G1 X64.98 Y59.3 E0.00362
G1 X74.978 Y59.3 E0.16627
G1 X75.201 Y59.213 E0.00398
G1 X75.3 Y59.016 E0.00367
G1 X75.3 Y58.094 E0.01533
G1 X73.9 Y56.928 E0.0303
G1 X73.9 Y58 E0.01783
G0 F7200 X73.869 Y58.108
G0 X73.796 Y58.157
G1 F1500 E-6.5
;MESH:NONMESH
G0 F600 X73.796 Y58.157 Z2.3
G0 F7200 X74.552 Y58.32
G0 X66.8 Y58.443
G0 X66.051 Y56.586
G0 X64.93 Y44.998
G0 X63.835 Y44.998
G0 X55.81 Y40.134
G0 X44.935 Y39.836
G0 X44.134 Y40.19
G0 X43.836 Y43.17
G0 X28.229 Y44.998
G0 X27.343 Y45.215
;TIME_ELAPSED:380.543555
;LAYER:20
;TYPE:WALL-OUTER
;MESH:pin.stl
G1 F1500 E6.5
G1 F1629 X26.785 Y45.215 E0.01025
G1 X26.785 Y44.773 E0.00812
G1 X27.343 Y44.773 E0.01025
G1 X27.343 Y45.215 E0.00812
G0 F7200 X27.143 Y45.215
G1 F1500 E-6.5
G0 F7200 X27.143 Y45.013
G0 X26.07 Y45.015
G0 X25.59 Y45.975
G0 X25.74 Y45.975
;TYPE:FILL
G1 F1500 E6.5
G1 F3600 X25.261 Y46.454 E0.01127
G0 F7200 X25.41 Y46.454
G0 X25.41 Y47.887
G0 X25.26 Y47.887
G1 F3600 X25.74 Y48.368 E0.0113
G0 F7200 X25.59 Y48.368
G0 X25.59 Y51.632
G0 X25.74 Y51.632
G1 F3600 X25.261 Y52.111 E0.01127
G0 F7200 X25.41 Y52.111
G0 X25.41 Y53.544
G0 X25.26 Y53.544
G1 F3600 X25.74 Y54.024 E0.01129
G0 F7200 X25.59 Y54.024
G0 X25.651 Y56.663
G0 X25.923 Y57.106
G1 F3600 X25.261 Y57.768 E0.01557
G1 X25.191 Y57.838
G0 F7200 X25.41 Y57.838
G0 X25.651 Y43.337
G0 X25.924 Y42.895
G1 F3600 X25.26 Y42.231 E0.01562
G1 X25.19 Y42.161
G0 F7200 X25.41 Y42.161
G0 X26.8 Y41.557
G0 X29.896 Y41.21
G1 F3600 X29.98 Y41.294 E0.00198
G0 F7200 X30.421 Y41.294
G1 F3600 X30.505 Y41.21 E0.00198
G0 F7200 X26.8 Y41.557
G0 X26.051 Y43.414
G0 X26.051 Y56.586
G0 X26.8 Y58.443
G0 X34.61 Y58.57
G0 X33.8 Y58.57
;TYPE:WALL-INNER
G1 F4079.3 X27.1 Y58.575 E0.09833
G1 F3840 X26.542 Y58.223 E0.01029
G1 F3600 X25.9 Y56.615 E0.02879
G1 X25.9 Y55.428 E0.01974
G1 X25.952 Y55.181 E0.0042
G1 X26.111 Y54.998 E0.00403
G1 X25.952 Y54.815 E0.00403
G1 X25.9 Y54.646 E0.00294
G1 X25.9 Y43.5 E0.18536
G1 X25.942 Y43.277 E0.00377
G1 X26.542 Y41.777 E0.02687
G1 F3809.5 X27 Y41.43 E0.00903
G1 F4079.3 X33.7 Y41.425 E0.09833
G1 F3110.2 X34.281 Y41.63 E0.01186
G1 F2500 X34.387 Y42.029 E0.00989
G1 X34.812 Y41.674 E0.01326
G1 X34.812 Y41.188 E0.01164
G1 X34.524 Y41.188 E0.0069
G1 F3110.2 X33.7 Y41.075 E0.01601
G1 F4114.3 X27.1 Y41.075 E0.09604
G1 F3840 X26.084 Y41.1 E0.01584
G1 F3600 X25.101 Y41.101 E0.01635
G1 X25.1 Y58.9 E0.296
G1 X26.084 Y58.9 E0.01636
G1 F3840 X27.1 Y58.925 E0.01584
G1 F4079.3 X33.83 Y58.922 E0.09877
G1 F3090.1 X34.524 Y58.812 E0.01361
G1 F2500 X34.812 Y58.812 E0.0069
G1 X34.812 Y58.323 E0.01171
G1 X34.388 Y57.969 E0.01323
G1 X34.281 Y58.37 E0.00994
G1 F3090.1 X33.8 Y58.57 E0.01009
G0 F7200 X33.9 Y58
;TYPE:WALL-OUTER
G1 F1800 X33.869 Y58.108 E0.00187
G1 X33.735 Y58.198 E0.00268
G1 X27.1 Y58.2 E0.11034
G1 X26.914 Y58.075 E0.00373
G1 X26.302 Y56.535 E0.02756
G1 X26.3 Y55.428 E0.01841
G1 X26.351 Y55.294 E0.00238
G1 F1730.8 X26.481 Y55.213 E0.00265
G1 F1670.5 X27.285 Y55.213 E0.01441
G1 F1674.4 X27.285 Y54.783 E0.00769
G1 F1670.5 X26.481 Y54.783 E0.01441
G1 F1730.8 X26.351 Y54.702 E0.00265
G1 F1800 X26.302 Y54.603 E0.00184
G1 X26.3 Y43.46 E0.18531
G1 X26.914 Y41.925 E0.02749
G1 X27.065 Y41.802 E0.00324
G1 X33.7 Y41.8 E0.11034
G1 X33.869 Y41.892 E0.0032
G1 X33.9 Y42 E0.00187
G1 X33.899 Y43.072 E0.01783
G1 X35.3 Y41.902 E0.03035
G1 X35.3 Y41.018 E0.0147
G1 X35.213 Y40.799 E0.00392
G1 X35.016 Y40.7 E0.00367
G1 X25.016 Y40.7 E0.1663
G1 X24.799 Y40.786 E0.00388
G1 X24.7 Y40.98 E0.00362
G1 X24.7 Y58.981 E0.29936
G1 X24.786 Y59.201 E0.00393
G1 X24.98 Y59.3 E0.00362
G1 X34.978 Y59.3 E0.16627
G1 X35.201 Y59.213 E0.00398
G1 X35.3 Y59.016 E0.00367
G1 X35.3 Y58.094 E0.01533
G1 X33.9 Y56.928 E0.0303
G1 X33.9 Y58 E0.01783
G0 F7200 X33.869 Y58.108
G0 X33.796 Y58.157
G1 F1500 E-6.5
G0 F7200 X34.552 Y58.32
G0 X35.771 Y57.361
G0 X44.134 Y40.19
G0 X44.935 Y39.836
G0 X55.223 Y39.837
G0 X56.087 Y40.551
G0 X56.161 Y42.309
G0 X53.8 Y44.274
G0 X48.217 Y46.092
G0 X47.153 Y46.092
G0 X47.343 Y45.215
G1 F1500 E6.5
G1 F1629 X46.785 Y45.215 E0.01025
G1 X46.785 Y44.773 E0.00812
G1 X47.343 Y44.773 E0.01025
G1 X47.343 Y45.215 E0.00812
G0 F7200 X47.143 Y45.215
G1 F1500 E-6.5
G0 F7200 X47.143 Y45.013
G0 X46.07 Y45.015
G0 X45.59 Y45.74
G0 X45.74 Y45.74
;TYPE:FILL
G1 F1500 E6.5
G1 F3600 X45.26 Y45.26 E0.01129
G0 F7200 X45.41 Y45.26
G0 X45.41 Y43.425
G0 X45.26 Y43.425
G1 F3600 X46.011 Y42.674 E0.01766
G1 X46.081 Y42.604
G0 F7200 X45.908 Y42.534
G0 X46.422 Y41.366
G0 X46.964 Y41.307
G1 F3600 X46.878 Y41.221 E0.00202
G0 F7200 X47.39 Y41.296
G1 F3600 X47.475 Y41.21 E0.00201
G0 F7200 X52.524 Y41.21
G1 F3600 X52.605 Y41.291 E0.0019
G0 F7200 X53.051 Y41.291
G1 F3600 X53.132 Y41.21 E0.0019
G0 F7200 X46.8 Y41.557
G0 X46.051 Y43.414
G0 X45.59 Y48.602
G0 X45.74 Y48.602
G1 F3600 X45.26 Y49.082 E0.01129
G0 F7200 X45.41 Y49.082
G0 X45.41 Y50.917
G0 X45.26 Y50.917
G1 F3600 X45.74 Y51.397 E0.01129
G0 F7200 X45.59 Y51.397
G0 X45.59 Y54.259
G0 X45.74 Y54.259
G1 F3600 X45.26 Y54.739 E0.01129
G0 F7200 X45.41 Y54.739
G0 X45.41 Y56.573
G0 X45.26 Y56.573
G1 F3600 X46.012 Y57.326 E0.0177
G1 X46.082 Y57.396
G0 F7200 X45.907 Y57.466
G0 X46.422 Y58.634
G0 X47.008 Y58.647
G1 F3600 X46.877 Y58.779 E0.00309
G0 F7200 X46.381 Y58.65
G0 X54.61 Y58.57
G0 X53.8 Y58.57
;TYPE:WALL-INNER
G1 F4079.3 X47.1 Y58.575 E0.09833
G1 F3840 X46.542 Y58.223 E0.01029
G1 F3600 X45.9 Y56.615 E0.02879
G1 X45.9 Y55.428 E0.01974
G1 X45.952 Y55.181 E0.0042
G1 X46.111 Y54.998 E0.00403
G1 X45.952 Y54.815 E0.00403
G1 X45.9 Y54.646 E0.00294
G1 X45.9 Y43.5 E0.18536
G1 X45.942 Y43.277 E0.00377
G1 X46.542 Y41.777 E0.02687
G1 F3809.5 X47 Y41.43 E0.00903
G1 F4079.3 X53.7 Y41.425 E0.09833
G1 F3110.2 X54.281 Y41.63 E0.01186
G1 F2500 X54.387 Y42.029 E0.00989
G1 X54.812 Y41.674 E0.01326
G1 X54.812 Y41.188 E0.01164
G1 X54.524 Y41.188 E0.0069
G1 F3110.2 X53.7 Y41.075 E0.01601
G1 F4114.3 X47.1 Y41.075 E0.09604
G1 F3840 X46.084 Y41.1 E0.01584
G1 F3600 X45.101 Y41.101 E0.01635
G1 X45.1 Y58.9 E0.296
G1 X46.084 Y58.9 E0.01636
G1 F3840 X47.1 Y58.925 E0.01584
G1 F4079.3 X53.83 Y58.922 E0.09877
G1 F3090.1 X54.524 Y58.812 E0.01361
G1 F2500 X54.812 Y58.812 E0.0069
G1 X54.812 Y58.323 E0.01171
G1 X54.388 Y57.969 E0.01323
G1 X54.281 Y58.37 E0.00994
G1 F3090.1 X53.8 Y58.57 E0.01009
G0 F7200 X53.9 Y58
;TYPE:WALL-OUTER
G1 F1800 X53.869 Y58.108 E0.00187
G1 X53.735 Y58.198 E0.00268
G1 X47.1 Y58.2 E0.11034
G1 X46.914 Y58.075 E0.00373
G1 X46.302 Y56.535 E0.02756
G1 X46.3 Y55.428 E0.01841
G1 X46.351 Y55.294 E0.00238
G1 F1730.8 X46.481 Y55.213 E0.00265
G1 F1670.5 X47.285 Y55.213 E0.01441
G1 F1674.4 X47.285 Y54.783 E0.00769
G1 F1670.5 X46.481 Y54.783 E0.01441
G1 F1730.8 X46.351 Y54.702 E0.00265
G1 F1800 X46.302 Y54.603 E0.00184
G1 X46.3 Y43.46 E0.18531
G1 X46.914 Y41.925 E0.02749
G1 X47.065 Y41.802 E0.00324
G1 X53.7 Y41.8 E0.11034
G1 X53.869 Y41.892 E0.0032
G1 X53.9 Y42 E0.00187
G1 X53.899 Y43.072 E0.01783
G1 X55.3 Y41.902 E0.03035
G1 X55.3 Y41.018 E0.0147
G1 X55.213 Y40.799 E0.00392
G1 X55.016 Y40.7 E0.00367
G1 X45.016 Y40.7 E0.1663
G1 X44.799 Y40.786 E0.00388
G1 X44.7 Y40.98 E0.00362
G1 X44.7 Y58.981 E0.29936
G1 X44.786 Y59.201 E0.00393
G1 X44.98 Y59.3 E0.00362
G1 X54.978 Y59.3 E0.16627
G1 X55.201 Y59.213 E0.00398
G1 X55.3 Y59.016 E0.00367
G1 X55.3 Y58.094 E0.01533
G1 X53.9 Y56.928 E0.0303
G1 X53.9 Y58 E0.01783
G0 F7200 X53.869 Y58.108
G0 X53.796 Y58.157
G1 F1500 E-6.5
G0 F7200 X54.552 Y58.32
G0 X55.771 Y57.361
G0 X64.134 Y40.19
G0 X64.935 Y39.836
G0 X75.223 Y39.837
G0 X76.087 Y40.551
G0 X76.161 Y42.309
G0 X73.8 Y44.274
G0 X68.217 Y46.092
G0 X67.153 Y46.092
G0 X67.343 Y45.215
G1 F1500 E6.5
G1 F1629 X66.785 Y45.215 E0.01025
G1 X66.785 Y44.773 E0.00812
G1 X67.343 Y44.773 E0.01025
G1 X67.343 Y45.215 E0.00812
G0 F7200 X67.143 Y45.215
G1 F1500 E-6.5
G0 F7200 X67.143 Y45.013
G0 X66.07 Y45.015
G0 X65.74 Y45.573
;TYPE:FILL
G1 F1500 E6.5
G1 F3600 X65.261 Y46.052 E0.01127
G0 F7200 X65.41 Y46.052
G0 X65.41 Y48.29
G0 X65.26 Y48.29
G1 F3600 X65.74 Y48.769 E0.01128
G0 F7200 X65.59 Y48.769
G0 X65.59 Y51.23
G0 X65.74 Y51.23
G1 F3600 X65.26 Y51.709 E0.01128
G0 F7200 X65.41 Y51.709
G0 X65.41 Y53.946
G0 X65.26 Y53.946
G1 F3600 X65.74 Y54.426 E0.01129
G0 F7200 X65.59 Y54.426
G0 X65.67 Y56.873
G0 X65.808 Y56.818
G1 F3600 X65.26 Y57.366 E0.01289
G0 F7200 X65.41 Y57.366
G0 X65.671 Y43.125
G0 X65.808 Y43.181
G1 F3600 X65.26 Y42.633 E0.01289
G0 F7200 X65.41 Y42.633
G0 X66.8 Y41.557
G0 X69.494 Y41.21
G1 F3600 X69.577 Y41.293 E0.00195
G0 F7200 X70.02 Y41.293
G1 F3600 X70.103 Y41.21 E0.00195
G0 F7200 X66.8 Y41.557
G0 X66.051 Y43.414
G0 X66.051 Y56.586
G0 X66.8 Y58.443
G0 X74.61 Y58.57
G0 X73.8 Y58.57
;TYPE:WALL-INNER
G1 F4079.3 X67.1 Y58.575 E0.09833
G1 F3840 X66.542 Y58.223 E0.01029
G1 F3600 X65.9 Y56.615 E0.02879
G1 X65.9 Y55.428 E0.01974
G1 X65.952 Y55.181 E0.0042
G1 X66.111 Y54.998 E0.00403
G1 X65.952 Y54.815 E0.00403
G1 X65.9 Y54.646 E0.00294
G1 X65.9 Y43.5 E0.18536
G1 X65.942 Y43.277 E0.00377
G1 X66.542 Y41.777 E0.02687
G1 F3809.5 X67 Y41.43 E0.00903
G1 F4079.3 X73.7 Y41.425 E0.09833
G1 F3110.2 X74.281 Y41.63 E0.01186
G1 F2500 X74.387 Y42.029 E0.00989
G1 X74.812 Y41.674 E0.01326
G1 X74.812 Y41.188 E0.01164
G1 X74.524 Y41.188 E0.0069
G1 F3110.2 X73.7 Y41.075 E0.01601
G1 F4114.3 X67.1 Y41.075 E0.09604
G1 F3840 X66.084 Y41.1 E0.01584
G1 F3600 X65.101 Y41.101 E0.01635
G1 X65.1 Y58.9 E0.296
G1 X66.084 Y58.9 E0.01636
G1 F3840 X67.1 Y58.925 E0.01584
G1 F4079.3 X73.83 Y58.922 E0.09877
G1 F3090.1 X74.524 Y58.812 E0.01361
G1 F2500 X74.812 Y58.812 E0.0069
G1 X74.812 Y58.323 E0.01171
G1 X74.388 Y57.969 E0.01323
G1 X74.281 Y58.37 E0.00994
G1 F3090.1 X73.8 Y58.57 E0.01009
G0 F7200 X73.9 Y58
;TYPE:WALL-OUTER
G1 F1800 X73.869 Y58.108 E0.00187
G1 X73.735 Y58.198 E0.00268
G1 X67.1 Y58.2 E0.11034
G1 X66.914 Y58.075 E0.00373
G1 X66.302 Y56.535 E0.02756
G1 X66.3 Y55.428 E0.01841
G1 X66.351 Y55.294 E0.00238
G1 F1730.8 X66.481 Y55.213 E0.00265
G1 F1670.5 X67.285 Y55.213 E0.01441
G1 F1674.4 X67.285 Y54.783 E0.00769
G1 F1670.5 X66.481 Y54.783 E0.01441
G1 F1730.8 X66.351 Y54.702 E0.00265
G1 F1800 X66.302 Y54.603 E0.00184
G1 X66.3 Y43.46 E0.18531
G1 X66.914 Y41.925 E0.02749
G1 X67.065 Y41.802 E0.00324
G1 X73.7 Y41.8 E0.11034
G1 X73.869 Y41.892 E0.0032
G1 X73.9 Y42 E0.00187
G1 X73.899 Y43.072 E0.01783
G1 X75.3 Y41.902 E0.03035
G1 X75.3 Y41.018 E0.0147
G1 X75.213 Y40.799 E0.00392
G1 X75.016 Y40.7 E0.00367
G1 X65.016 Y40.7 E0.1663
G1 X64.799 Y40.786 E0.00388
G1 X64.7 Y40.98 E0.00362
G1 X64.7 Y58.981 E0.29936
G1 X64.786 Y59.201 E0.00393
G1 X64.98 Y59.3 E0.00362
G1 X74.978 Y59.3 E0.16627
G1 X75.201 Y59.213 E0.00398
G1 X75.3 Y59.016 E0.00367
G1 X75.3 Y58.094 E0.01533
G1 X73.9 Y56.928 E0.0303
G1 X73.9 Y58 E0.01783
G0 F7200 X73.869 Y58.108
G0 X73.796 Y58.157
G1 F1500 E-6.5
;MESH:NONMESH
G0 F600 X73.796 Y58.157 Z2.4
G0 F7200 X74.552 Y58.32
G0 X66.8 Y58.443
G0 X66.051 Y56.586
G0 X64.93 Y45.013
G0 X63.835 Y45.013
G0 X55.81 Y40.134
G0 X44.935 Y39.836
G0 X44.134 Y40.19
G0 X43.836 Y43.179
G0 X28.229 Y45.013
G0 X27.376 Y45.184
;TIME_ELAPSED:400.719672
;LAYER:21
;TYPE:WALL-OUTER
;MESH:pin.stl
G1 F1500 E6.5
G1 F1914.9 X26.752 Y45.184 E0.00975
G1 X26.752 Y44.808 E0.00588
G1 X27.376 Y44.808 E0.00975
G1 X27.376 Y45.184 E0.00588
G0 F7200 X27.176 Y45.184
G1 F1500 E-6.5
G0 F7200 X26.07 Y45.184
G0 X25.59 Y45.975
G0 X25.74 Y45.975
;TYPE:FILL
G1 F1500 E6.5
G1 F3600 X25.261 Y46.454 E0.01127
G0 F7200 X25.41 Y46.454
G0 X25.41 Y47.887
G0 X25.26 Y47.887
G1 F3600 X25.74 Y48.368 E0.0113
G0 F7200 X25.59 Y48.368
G0 X25.59 Y51.632
G0 X25.74 Y51.632
G1 F3600 X25.261 Y52.111 E0.01127
G0 F7200 X25.41 Y52.111
G0 X25.41 Y53.544
G0 X25.26 Y53.544
G1 F3600 X25.74 Y54.024 E0.01129
G0 F7200 X25.59 Y54.024
G0 X25.651 Y56.663
G0 X25.923 Y57.106
G1 F3600 X25.261 Y57.768 E0.01557
G1 X25.191 Y57.838
G0 F7200 X25.41 Y57.838
G0 X25.651 Y43.337
G0 X25.924 Y42.895
G1 F3600 X25.26 Y42.231 E0.01562
G1 X25.19 Y42.161
G0 F7200 X25.41 Y42.161
G0 X26.8 Y41.557
G0 X29.896 Y41.21
G1 F3600 X29.98 Y41.294 E0.00198
G0 F7200 X30.421 Y41.294
G1 F3600 X30.505 Y41.21 E0.00198
G0 F7200 X26.8 Y41.557
G0 X26.051 Y43.414
G0 X26.051 Y56.586
G0 X26.8 Y58.443
G0 X34.61 Y58.57
G0 X33.8 Y58.57
;TYPE:WALL-INNER
G1 F4079.3 X27.1 Y58.575 E0.09833
G1 F3840 X26.542 Y58.223 E0.01029
G1 F3600 X25.9 Y56.615 E0.02879
G1 X25.9 Y55.356 E0.02094
G1 X25.937 Y55.147 E0.00353
G1 X26.016 Y54.998 E0.0028
G1 X25.9 Y54.715 E0.00509
G1 X25.9 Y43.5 E0.18651
G1 X25.942 Y43.277 E0.00377
G1 X26.542 Y41.777 E0.02687
G1 F3809.5 X27 Y41.43 E0.00903
G1 F4079.3 X33.7 Y41.425 E0.09833
G1 F3110.2 X34.281 Y41.63 E0.01186
G1 F2500 X34.387 Y42.029 E0.00989
G1 X34.812 Y41.674 E0.01326
G1 X34.812 Y41.188 E0.01164
G1 X34.524 Y41.188 E0.0069
G1 F3110.2 X33.7 Y41.075 E0.01601
G1 F4114.3 X27.1 Y41.075 E0.09604
G1 F3840 X26.084 Y41.1 E0.01584
G1 F3600 X25.101 Y41.101 E0.01635
G1 X25.1 Y58.9 E0.296
G1 X26.084 Y58.9 E0.01636
G1 F3840 X27.1 Y58.925 E0.01584
G1 F4079.3 X33.83 Y58.922 E0.09877
G1 F3090.1 X34.524 Y58.812 E0.01361
G1 F2500 X34.812 Y58.812 E0.0069
G1 X34.812 Y58.323 E0.01171
G1 X34.388 Y57.969 E0.01323
G1 X34.281 Y58.37 E0.00994
G1 F3090.1 X33.8 Y58.57 E0.01009
G0 F7200 X33.9 Y58
;TYPE:WALL-OUTER
G1 F1800 X33.869 Y58.108 E0.00187
G1 X33.735 Y58.198 E0.00268
G1 X27.1 Y58.2 E0.11034
G1 X26.914 Y58.075 E0.00373
G1 X26.302 Y56.535 E0.02756
G1 X26.3 Y55.356 E0.01961
G1 X26.339 Y55.237 E0.00208
G1 F1894.7 X26.484 Y55.177 E0.00248
G1 F2011.2 X27.321 Y55.177 E0.01246
G1 X27.321 Y54.819 E0.00533
G1 X26.484 Y54.819 E0.01246
G1 F1894.7 X26.339 Y54.759 E0.00248
G1 F1800 X26.302 Y54.675 E0.00153
G1 X26.3 Y43.46 E0.18651
G1 X26.914 Y41.925 E0.02749
G1 X27.065 Y41.802 E0.00324
G1 X33.7 Y41.8 E0.11034
G1 X33.869 Y41.892 E0.0032
G1 X33.9 Y42 E0.00187
G1 X33.899 Y43.072 E0.01783
G1 X35.3 Y41.902 E0.03035
G1 X35.3 Y41.018 E0.0147
G1 X35.213 Y40.799 E0.00392
G1 X35.016 Y40.7 E0.00367
G1 X25.016 Y40.7 E0.1663
G1 X24.799 Y40.786 E0.00388
G1 X24.7 Y40.98 E0.00362
G1 X24.7 Y58.981 E0.29936
G1 X24.786 Y59.201 E0.00393
G1 X24.98 Y59.3 E0.00362
G1 X34.978 Y59.3 E0.16627
G1 X35.201 Y59.213 E0.00398
G1 X35.3 Y59.016 E0.00367
G1 X35.3 Y58.094 E0.01533
G1 X33.9 Y56.928 E0.0303
G1 X33.9 Y58 E0.01783
G0 F7200 X33.869 Y58.108
G0 X33.796 Y58.157
G1 F1500 E-6.5
G0 F7200 X34.552 Y58.32
G0 X35.771 Y57.361
G0 X44.134 Y40.19
G0 X44.935 Y39.836
G0 X55.223 Y39.837
G0 X56.087 Y40.551
G0 X56.161 Y42.309
G0 X53.8 Y44.274
G0 X48.217 Y46.027
G0 X47.153 Y46.026
G0 X47.376 Y45.184
G1 F1500 E6.5
G1 F1914.9 X46.752 Y45.184 E0.00975
G1 X46.752 Y44.808 E0.00588
G1 X47.376 Y44.808 E0.00975
G1 X47.376 Y45.184 E0.00588
G0 F7200 X47.176 Y45.184
G1 F1500 E-6.5
G0 F7200 X46.07 Y45.184
G0 X45.74 Y45.74
;TYPE:FILL
G1 F1500 E6.5
G1 F3600 X45.26 Y45.26 E0.01129
G0 F7200 X45.41 Y45.26
G0 X45.41 Y43.425
G0 X45.26 Y43.425
G1 F3600 X46.011 Y42.674 E0.01766
G1 X46.081 Y42.604
G0 F7200 X45.908 Y42.534
G0 X46.422 Y41.366
G0 X46.964 Y41.307
G1 F3600 X46.878 Y41.221 E0.00202
G0 F7200 X47.39 Y41.296
G1 F3600 X47.475 Y41.21 E0.00201
G0 F7200 X52.524 Y41.21
G1 F3600 X52.605 Y41.291 E0.0019
G0 F7200 X53.051 Y41.291
G1 F3600 X53.132 Y41.21 E0.0019
G0 F7200 X46.8 Y41.557
G0 X46.051 Y43.414
G0 X45.59 Y48.602
G0 X45.74 Y48.602
G1 F3600 X45.26 Y49.082 E0.01129
G0 F7200 X45.41 Y49.082
G0 X45.41 Y50.917
G0 X45.26 Y50.917
G1 F3600 X45.74 Y51.397 E0.01129
G0 F7200 X45.59 Y51.397
G0 X45.59 Y54.259
G0 X45.74 Y54.259
G1 F3600 X45.26 Y54.739 E0.01129
G0 F7200 X45.41 Y54.739
G0 X45.41 Y56.573
G0 X45.26 Y56.573
G1 F3600 X46.012 Y57.326 E0.0177
G1 X46.082 Y57.396
G0 F7200 X45.907 Y57.466
G0 X46.422 Y58.634
G0 X47.008 Y58.647
G1 F3600 X46.877 Y58.779 E0.00309
G0 F7200 X46.381 Y58.65
G0 X54.61 Y58.57
G0 X53.8 Y58.57
;TYPE:WALL-INNER
G1 F4079.3 X47.1 Y58.575 E0.09833
G1 F3840 X46.542 Y58.223 E0.01029
G1 F3600 X45.9 Y56.615 E0.02879
G1 X45.9 Y55.356 E0.02094
G1 X45.937 Y55.147 E0.00353
G1 X46.016 Y54.998 E0.0028
G1 X45.9 Y54.715 E0.00509
G1 X45.9 Y43.5 E0.18651
G1 X45.942 Y43.277 E0.00377
G1 X46.542 Y41.777 E0.02687
G1 F3809.5 X47 Y41.43 E0.00903
G1 F4079.3 X53.7 Y41.425 E0.09833
G1 F3110.2 X54.281 Y41.63 E0.01186
G1 F2500 X54.387 Y42.029 E0.00989
G1 X54.812 Y41.674 E0.01326
G1 X54.812 Y41.188 E0.01164
G1 X54.524 Y41.188 E0.0069
G1 F3110.2 X53.7 Y41.075 E0.01601
G1 F4114.3 X47.1 Y41.075 E0.09604
G1 F3840 X46.084 Y41.1 E0.01584
G1 F3600 X45.101 Y41.101 E0.01635
G1 X45.1 Y58.9 E0.296
G1 X46.084 Y58.9 E0.01636
G1 F3840 X47.1 Y58.925 E0.01584
G1 F4079.3 X53.83 Y58.922 E0.09877
G1 F3090.1 X54.524 Y58.812 E0.01361
G1 F2500 X54.812 Y58.812 E0.0069
G1 X54.812 Y58.323 E0.01171
G1 X54.388 Y57.969 E0.01323
G1 X54.281 Y58.37 E0.00994
G1 F3090.1 X53.8 Y58.57 E0.01009
G0 F7200 X53.9 Y58
;TYPE:WALL-OUTER
G1 F1800 X53.869 Y58.108 E0.00187
G1 X53.735 Y58.198 E0.00268
G1 X47.1 Y58.2 E0.11034
G1 X46.914 Y58.075 E0.00373
G1 X46.302 Y56.535 E0.02756
G1 X46.3 Y55.356 E0.01961
G1 X46.339 Y55.237 E0.00208
G1 F1894.7 X46.484 Y55.177 E0.00248
G1 F2011.2 X47.321 Y55.177 E0.01246
G1 X47.321 Y54.819 E0.00533
G1 X46.484 Y54.819 E0.01246
G1 F1894.7 X46.339 Y54.759 E0.00248
G1 F1800 X46.302 Y54.675 E0.00153
G1 X46.3 Y43.46 E0.18651
G1 X46.914 Y41.925 E0.02749
G1 X47.065 Y41.802 E0.00324
G1 X53.7 Y41.8 E0.11034
G1 X53.869 Y41.892 E0.0032
G1 X53.9 Y42 E0.00187
G1 X53.899 Y43.072 E0.01783
G1 X55.3 Y41.902 E0.03035
G1 X55.3 Y41.018 E0.0147
G1 X55.213 Y40.799 E0.00392
G1 X55.016 Y40.7 E0.00367
G1 X45.016 Y40.7 E0.1663
G1 X44.799 Y40.786 E0.00388
G1 X44.7 Y40.98 E0.00362
G1 X44.7 Y58.981 E0.29936
G1 X44.786 Y59.201 E0.00393
G1 X44.98 Y59.3 E0.00362
G1 X54.978 Y59.3 E0.16627
G1 X55.201 Y59.213 E0.00398
G1 X55.3 Y59.016 E0.00367
G1 X55.3 Y58.094 E0.01533
G1 X53.9 Y56.928 E0.0303
G1 X53.9 Y58 E0.01783
G0 F7200 X53.869 Y58.108
G0 X53.796 Y58.157
G1 F1500 E-6.5
G0 F7200 X54.552 Y58.32
G0 X55.771 Y57.361
G0 X64.134 Y40.19
G0 X64.935 Y39.836
G0 X75.223 Y39.837
G0 X76.087 Y40.551
G0 X76.161 Y42.309
G0 X73.8 Y44.274
G0 X68.217 Y46.027
G0 X67.153 Y46.026
G0 X67.376 Y45.184
G1 F1500 E6.5
G1 F1914.9 X66.752 Y45.184 E0.00975
G1 X66.752 Y44.808 E0.00588
G1 X67.376 Y44.808 E0.00975
G1 X67.376 Y45.184 E0.00588
G0 F7200 X67.176 Y45.184
G1 F1500 E-6.5
G0 F7200 X66.07 Y45.184
G0 X65.74 Y45.573
;TYPE:FILL
G1 F1500 E6.5
G1 F3600 X65.261 Y46.052 E0.01127
G0 F7200 X65.41 Y46.052
G0 X65.41 Y48.29
G0 X65.26 Y48.29
G1 F3600 X65.74 Y48.77 E0.01129
G0 F7200 X65.59 Y48.77
G0 X65.59 Y51.23
G0 X65.74 Y51.23
G1 F3600 X65.26 Y51.709 E0.01128
G0 F7200 X65.41 Y51.709
G0 X65.41 Y53.946
G0 X65.26 Y53.946
G1 F3600 X65.74 Y54.427 E0.0113
G0 F7200 X65.59 Y54.427
G0 X65.67 Y56.873
G0 X65.808 Y56.818
G1 F3600 X65.26 Y57.366 E0.01289
G0 F7200 X65.41 Y57.366
G0 X65.671 Y43.125
G0 X65.808 Y43.181
G1 F3600 X65.26 Y42.633 E0.01289
G0 F7200 X65.41 Y42.633
G0 X66.8 Y41.557
G0 X69.494 Y41.21
G1 F3600 X69.577 Y41.293 E0.00195
G0 F7200 X70.02 Y41.293
G1 F3600 X70.103 Y41.21 E0.00195
G0 F7200 X66.8 Y41.557
G0 X66.051 Y43.414
G0 X66.051 Y56.586
G0 X66.8 Y58.443
G0 X74.61 Y58.57
G0 X73.8 Y58.57
;TYPE:WALL-INNER
G1 F4079.3 X67.1 Y58.575 E0.09833
G1 F3840 X66.542 Y58.223 E0.01029
G1 F3600 X65.9 Y56.615 E0.02879
G1 X65.9 Y55.356 E0.02094
G1 X65.937 Y55.147 E0.00353
G1 X66.016 Y54.998 E0.0028
G1 X65.9 Y54.715 E0.00509
G1 X65.9 Y43.5 E0.18651
G1 X65.942 Y43.277 E0.00377
G1 X66.542 Y41.777 E0.02687
G1 F3809.5 X67 Y41.43 E0.00903
G1 F4079.3 X73.7 Y41.425 E0.09833
G1 F3110.2 X74.281 Y41.63 E0.01186
G1 F2500 X74.387 Y42.029 E0.00989
G1 X74.812 Y41.674 E0.01326
G1 X74.812 Y41.188 E0.01164
G1 X74.524 Y41.188 E0.0069
G1 F3110.2 X73.7 Y41.075 E0.01601
G1 F4114.3 X67.1 Y41.075 E0.09604
G1 F3840 X66.084 Y41.1 E0.01584
G1 F3600 X65.101 Y41.101 E0.01635
G1 X65.1 Y58.9 E0.296
G1 X66.084 Y58.9 E0.01636
G1 F3840 X67.1 Y58.925 E0.01584
G1 F4079.3 X73.83 Y58.922 E0.09877
G1 F3090.1 X74.524 Y58.812 E0.01361
G1 F2500 X74.812 Y58.812 E0.0069
G1 X74.812 Y58.323 E0.01171
G1 X74.388 Y57.969 E0.01323
G1 X74.281 Y58.37 E0.00994
G1 F3090.1 X73.8 Y58.57 E0.01009
G0 F7200 X73.9 Y58
;TYPE:WALL-OUTER
G1 F1800 X73.869 Y58.108 E0.00187
G1 X73.735 Y58.198 E0.00268
G1 X67.1 Y58.2 E0.11034
G1 X66.914 Y58.075 E0.00373
G1 X66.302 Y56.535 E0.02756
G1 X66.3 Y55.356 E0.01961
G1 X66.339 Y55.237 E0.00208
G1 F1894.7 X66.484 Y55.177 E0.00248
G1 F2011.2 X67.321 Y55.177 E0.01246
G1 X67.321 Y54.819 E0.00533
G1 X66.484 Y54.819 E0.01246
G1 F1894.7 X66.339 Y54.759 E0.00248
G1 F1800 X66.302 Y54.675 E0.00153
G1 X66.3 Y43.46 E0.18651
G1 X66.914 Y41.925 E0.02749
G1 X67.065 Y41.802 E0.00324
G1 X73.7 Y41.8 E0.11034
G1 X73.869 Y41.892 E0.0032
G1 X73.9 Y42 E0.00187
G1 X73.899 Y43.072 E0.01783
G1 X75.3 Y41.902 E0.03035
G1 X75.3 Y41.018 E0.0147
G1 X75.213 Y40.799 E0.00392
G1 X75.016 Y40.7 E0.00367
G1 X65.016 Y40.7 E0.1663
G1 X64.799 Y40.786 E0.00388
G1 X64.7 Y40.98 E0.00362
G1 X64.7 Y58.981 E0.29936
G1 X64.786 Y59.201 E0.00393
G1 X64.98 Y59.3 E0.00362
G1 X74.978 Y59.3 E0.16627
G1 X75.201 Y59.213 E0.00398
G1 X75.3 Y59.016 E0.00367
G1 X75.3 Y58.094 E0.01533
G1 X73.9 Y56.928 E0.0303
G1 X73.9 Y58 E0.01783
G0 F7200 X73.869 Y58.108
G0 X73.796 Y58.157
G1 F1500 E-6.5
;MESH:NONMESH
G0 F600 X73.796 Y58.157 Z2.5
G0 F7200 X74.552 Y58.32
G0 X66.8 Y58.443
G0 X66.051 Y56.586
G0 X64.93 Y44.994
G0 X63.835 Y44.994
G0 X55.81 Y40.134
G0 X44.935 Y39.836
G0 X44.134 Y40.19
G0 X43.836 Y43.168
G0 X28.229 Y44.994
G0 X27.306 Y44.994
;TIME_ELAPSED:420.793527
;LAYER:22
;TYPE:WALL-OUTER
;MESH:pin.stl
G1 F1500 E6.5
G1 F1395.3 X26.822 Y44.994 E0.01038
G1 F1500 E-6.5
G0 F7200 X25.59 Y45.975
G0 X25.74 Y45.975
;TYPE:FILL
G1 F1500 E6.5
G1 F3600 X25.261 Y46.454 E0.01127
G0 F7200 X25.41 Y46.454
G0 X25.41 Y47.887
G0 X25.26 Y47.887
G1 F3600 X25.74 Y48.368 E0.0113
G0 F7200 X25.59 Y48.368
G0 X25.59 Y51.632
G0 X25.74 Y51.632
G1 F3600 X25.261 Y52.111 E0.01127
G0 F7200 X25.41 Y52.111
G0 X25.41 Y53.544
G0 X25.26 Y53.544
G1 F3600 X25.74 Y54.024 E0.01129
G0 F7200 X25.59 Y54.024
G0 X25.651 Y56.663
G0 X25.923 Y57.106
G1 F3600 X25.261 Y57.768 E0.01557
G1 X25.191 Y57.838
G0 F7200 X25.41 Y57.838
G0 X25.651 Y43.337
G0 X25.924 Y42.895
G1 F3600 X25.26 Y42.231 E0.01562
G1 X25.19 Y42.161
G0 F7200 X25.41 Y42.161
G0 X26.8 Y41.557
G0 X29.896 Y41.21
G1 F3600 X29.98 Y41.294 E0.00198
G0 F7200 X30.421 Y41.294
G1 F3600 X30.505 Y41.21 E0.00198
G0 F7200 X26.8 Y41.557
G0 X26.051 Y43.414
G0 X26.051 Y56.586
G0 X26.8 Y58.443
G0 X34.61 Y58.57
G0 X33.8 Y58.57
;TYPE:WALL-INNER
G1 F4079.3 X27.1 Y58.575 E0.09833
G1 F3840 X26.542 Y58.223 E0.01029
G1 F3600 X25.9 Y56.615 E0.02879
G1 X25.9 Y55.125 E0.02478
G1 X25.941 Y54.998 E0.00222
G1 X25.9 Y54.861 E0.00238
G1 X25.9 Y43.5 E0.18893
G1 X25.942 Y43.277 E0.00377
G1 X26.542 Y41.777 E0.02687
G1 F3809.5 X27 Y41.43 E0.00903
G1 F4079.3 X33.7 Y41.425 E0.09833
G1 F3110.2 X34.281 Y41.63 E0.01186
G1 F2500 X34.387 Y42.029 E0.00989
G1 X34.812 Y41.674 E0.01326
G1 X34.812 Y41.188 E0.01164
G1 X34.524 Y41.188 E0.0069
G1 F3110.2 X33.7 Y41.075 E0.01601
G1 F4114.3 X27.1 Y41.075 E0.09604
G1 F3840 X26.084 Y41.1 E0.01584
G1 F3600 X25.101 Y41.101 E0.01635
G1 X25.1 Y58.9 E0.296
G1 X26.084 Y58.9 E0.01636
G1 F3840 X27.1 Y58.925 E0.01584
G1 F4079.3 X33.83 Y58.922 E0.09877
G1 F3090.1 X34.524 Y58.812 E0.01361
G1 F2500 X34.812 Y58.812 E0.0069
G1 X34.812 Y58.323 E0.01171
G1 X34.388 Y57.969 E0.01323
G1 X34.281 Y58.37 E0.00994
G1 F3090.1 X33.8 Y58.57 E0.01009
G0 F7200 X33.9 Y58
;TYPE:WALL-OUTER
G1 F1800 X33.869 Y58.108 E0.00187
G1 X33.735 Y58.198 E0.00268
G1 X27.1 Y58.2 E0.11034
G1 X26.914 Y58.075 E0.00373
G1 X26.302 Y56.535 E0.02756
G1 X26.304 Y55.142 E0.02317
G1 F1734.9 X26.482 Y54.998 E0.00395
G1 X26.302 Y54.853 E0.00399
G1 F1800 X26.3 Y43.46 E0.18947
G1 X26.914 Y41.925 E0.02749
G1 X27.065 Y41.802 E0.00324
G1 X33.7 Y41.8 E0.11034
G1 X33.869 Y41.892 E0.0032
G1 X33.9 Y42 E0.00187
G1 X33.899 Y43.072 E0.01783
G1 X35.3 Y41.902 E0.03035
G1 X35.3 Y41.018 E0.0147
G1 X35.213 Y40.799 E0.00392
G1 X35.016 Y40.7 E0.00367
G1 X25.016 Y40.7 E0.1663
G1 X24.799 Y40.786 E0.00388
G1 X24.7 Y40.98 E0.00362
G1 X24.7 Y58.981 E0.29936
G1 X24.786 Y59.201 E0.00393
G1 X24.98 Y59.3 E0.00362
G1 X34.978 Y59.3 E0.16627
G1 X35.201 Y59.213 E0.00398
G1 X35.3 Y59.016 E0.00367
G1 X35.3 Y58.094 E0.01533
G1 X33.9 Y56.928 E0.0303
G1 X33.9 Y58 E0.01783
G0 F7200 X33.869 Y58.108
G0 X33.796 Y58.157
G1 F1500 E-6.5
G0 F7200 X34.552 Y58.32
G0 X34.118 Y57.393
G0 X33.047 Y57.347
G0 X28.165 Y54.998
G0 X27.286 Y54.998
G1 F1500 E6.5
G1 F1678.3 X26.482 Y54.998 E0.01434
G1 F1500 E-6.5
G0 F7200 X25.59 Y54.998
G0 X26.07 Y44.994
G0 X27.153 Y44.085
G0 X33.697 Y44.22
G0 X44.551 Y39.913
G0 X55.223 Y39.837
G0 X56.087 Y40.551
G0 X56.161 Y42.309
G0 X53.8 Y44.274
G0 X51.919 Y44.09
G0 X47.153 Y44.085
G0 X47.306 Y44.994
G1 F1500 E6.5
G1 F1395.3 X46.822 Y44.994 E0.01038
G1 F1500 E-6.5
G0 F7200 X45.59 Y45.74
G0 X45.74 Y45.74
;TYPE:FILL
G1 F1500 E6.5
G1 F3600 X45.26 Y45.26 E0.01129
G0 F7200 X45.41 Y45.26
G0 X45.41 Y43.425
G0 X45.26 Y43.425
G1 F3600 X46.011 Y42.674 E0.01766
G1 X46.081 Y42.604
G0 F7200 X45.908 Y42.534
G0 X46.422 Y41.366
G0 X46.964 Y41.307
G1 F3600 X46.878 Y41.221 E0.00202
G0 F7200 X47.39 Y41.296
G1 F3600 X47.475 Y41.21 E0.00201
G0 F7200 X52.524 Y41.21
G1 F3600 X52.605 Y41.291 E0.0019
G0 F7200 X53.051 Y41.291
G1 F3600 X53.132 Y41.21 E0.0019
G0 F7200 X46.8 Y41.557
G0 X46.051 Y43.414
G0 X45.59 Y48.602
G0 X45.74 Y48.602
G1 F3600 X45.26 Y49.082 E0.01129
G0 F7200 X45.41 Y49.082
G0 X45.41 Y50.917
G0 X45.26 Y50.917
G1 F3600 X45.74 Y51.397 E0.01129
G0 F7200 X45.59 Y51.397
G0 X45.59 Y54.259
G0 X45.74 Y54.259
G1 F3600 X45.26 Y54.739 E0.01129
G0 F7200 X45.41 Y54.739
G0 X45.41 Y56.573
G0 X45.26 Y56.573
G1 F3600 X46.012 Y57.326 E0.0177
G1 X46.082 Y57.396
G0 F7200 X45.907 Y57.466
G0 X46.422 Y58.634
G0 X47.008 Y58.647
G1 F3600 X46.877 Y58.779 E0.00309
G0 F7200 X46.381 Y58.65
G0 X54.61 Y58.57
G0 X53.8 Y58.57
;TYPE:WALL-INNER
G1 F4079.3 X47.1 Y58.575 E0.09833
G1 F3840 X46.542 Y58.223 E0.01029
G1 F3600 X45.9 Y56.615 E0.02879
G1 X45.9 Y55.125 E0.02478
G1 X45.941 Y54.998 E0.00222
G1 X45.9 Y54.861 E0.00238
G1 X45.9 Y43.5 E0.18893
G1 X45.942 Y43.277 E0.00377
G1 X46.542 Y41.777 E0.02687
G1 F3809.5 X47 Y41.43 E0.00903
G1 F4079.3 X53.7 Y41.425 E0.09833
G1 F3110.2 X54.281 Y41.63 E0.01186
G1 F2500 X54.387 Y42.029 E0.00989
G1 X54.812 Y41.674 E0.01326
G1 X54.812 Y41.188 E0.01164
G1 X54.524 Y41.188 E0.0069
G1 F3110.2 X53.7 Y41.075 E0.01601
G1 F4114.3 X47.1 Y41.075 E0.09604
G1 F3840 X46.084 Y41.1 E0.01584
G1 F3600 X45.101 Y41.101 E0.01635
G1 X45.1 Y58.9 E0.296
G1 X46.084 Y58.9 E0.01636
G1 F3840 X47.1 Y58.925 E0.01584
G1 F4079.3 X53.83 Y58.922 E0.09877
G1 F3090.1 X54.524 Y58.812 E0.01361
G1 F2500 X54.812 Y58.812 E0.0069
G1 X54.812 Y58.323 E0.01171
G1 X54.388 Y57.969 E0.01323
G1 X54.281 Y58.37 E0.00994
G1 F3090.1 X53.8 Y58.57 E0.01009
G0 F7200 X53.9 Y58
;TYPE:WALL-OUTER
G1 F1800 X53.869 Y58.108 E0.00187
G1 X53.735 Y58.198 E0.00268
G1 X47.1 Y58.2 E0.11034
G1 X46.914 Y58.075 E0.00373
G1 X46.302 Y56.535 E0.02756
G1 X46.304 Y55.142 E0.02317
G1 F1734.9 X46.482 Y54.998 E0.00395
G1 X46.302 Y54.853 E0.00399
G1 F1800 X46.3 Y43.46 E0.18947
G1 X46.914 Y41.925 E0.02749
G1 X47.065 Y41.802 E0.00324
G1 X53.7 Y41.8 E0.11034
G1 X53.869 Y41.892 E0.0032
G1 X53.9 Y42 E0.00187
G1 X53.899 Y43.072 E0.01783
G1 X55.3 Y41.902 E0.03035
G1 X55.3 Y41.018 E0.0147
G1 X55.213 Y40.799 E0.00392
G1 X55.016 Y40.7 E0.00367
G1 X45.016 Y40.7 E0.1663
G1 X44.799 Y40.786 E0.00388
G1 X44.7 Y40.98 E0.00362
G1 X44.7 Y58.981 E0.29936
G1 X44.786 Y59.201 E0.00393
G1 X44.98 Y59.3 E0.00362
G1 X54.978 Y59.3 E0.16627
G1 X55.201 Y59.213 E0.00398
G1 X55.3 Y59.016 E0.00367
G1 X55.3 Y58.094 E0.01533
G1 X53.9 Y56.928 E0.0303
G1 X53.9 Y58 E0.01783
G0 F7200 X53.869 Y58.108
G0 X53.796 Y58.157
G1 F1500 E-6.5
G0 F7200 X54.552 Y58.32
G0 X47.286 Y58.43
G0 X47.545 Y57.342
G0 X47.286 Y55.88
G0 X47.286 Y54.998
G1 F1500 E6.5
G1 F1678.3 X46.482 Y54.998 E0.01434
G1 F1500 E-6.5
G0 F7200 X45.59 Y54.998
G0 X46.07 Y44.994
G0 X47.153 Y44.085
G0 X53.697 Y44.22
G0 X64.551 Y39.913
G0 X75.223 Y39.837
G0 X76.087 Y40.551
G0 X76.161 Y42.309
G0 X73.8 Y44.274
G0 X71.919 Y44.09
G0 X67.153 Y44.085
G0 X67.306 Y44.994
G1 F1500 E6.5
G1 F1395.3 X66.822 Y44.994 E0.01038
G1 F1500 E-6.5
G0 F7200 X65.59 Y45.573
G0 X65.74 Y45.573
;TYPE:FILL
G1 F1500 E6.5
G1 F3600 X65.261 Y46.052 E0.01127
G0 F7200 X65.41 Y46.052
G0 X65.41 Y48.29
G0 X65.26 Y48.29
G1 F3600 X65.74 Y48.769 E0.01128
G0 F7200 X65.59 Y48.769
G0 X65.59 Y51.23
G0 X65.74 Y51.23
G1 F3600 X65.26 Y51.709 E0.01128
G0 F7200 X65.41 Y51.709
G0 X65.41 Y53.946
G0 X65.26 Y53.946
G1 F3600 X65.74 Y54.426 E0.01129
G0 F7200 X65.59 Y54.426
G0 X65.67 Y56.873
G0 X65.808 Y56.818
G1 F3600 X65.26 Y57.366 E0.01289
G0 F7200 X65.41 Y57.366
G0 X65.671 Y43.125
G0 X65.808 Y43.181
G1 F3600 X65.26 Y42.633 E0.01289
G0 F7200 X65.41 Y42.633
G0 X66.8 Y41.557
G0 X69.494 Y41.21
G1 F3600 X69.577 Y41.293 E0.00195
G0 F7200 X70.02 Y41.293
G1 F3600 X70.103 Y41.21 E0.00195
G0 F7200 X66.8 Y41.557
G0 X66.051 Y43.414
G0 X66.051 Y56.586
G0 X66.8 Y58.443
G0 X74.61 Y58.57
G0 X73.8 Y58.57
;TYPE:WALL-INNER
G1 F4079.3 X67.1 Y58.575 E0.09833
G1 F3840 X66.542 Y58.223 E0.01029
G1 F3600 X65.9 Y56.615 E0.02879
G1 X65.9 Y55.125 E0.02478
G1 X65.941 Y54.998 E0.00222
G1 X65.9 Y54.861 E0.00238
G1 X65.9 Y43.5 E0.18893
G1 X65.942 Y43.277 E0.00377
G1 X66.542 Y41.777 E0.02687
G1 F3809.5 X67 Y41.43 E0.00903
G1 F4079.3 X73.7 Y41.425 E0.09833
G1 F3110.2 X74.281 Y41.63 E0.01186
G1 F2500 X74.387 Y42.029 E0.00989
G1 X74.812 Y41.674 E0.01326
G1 X74.812 Y41.188 E0.01164
G1 X74.524 Y41.188 E0.0069
G1 F3110.2 X73.7 Y41.075 E0.01601
G1 F4114.3 X67.1 Y41.075 E0.09604
G1 F3840 X66.084 Y41.1 E0.01584
G1 F3600 X65.101 Y41.101 E0.01635
G1 X65.1 Y58.9 E0.296
G1 X66.084 Y58.9 E0.01636
G1 F3840 X67.1 Y58.925 E0.01584
G1 F4079.3 X73.83 Y58.922 E0.09877
G1 F3090.1 X74.524 Y58.812 E0.01361
G1 F2500 X74.812 Y58.812 E0.0069
G1 X74.812 Y58.323 E0.01171
G1 X74.388 Y57.969 E0.01323
G1 X74.281 Y58.37 E0.00994
G1 F3090.1 X73.8 Y58.57 E0.01009
G0 F7200 X73.9 Y58
;TYPE:WALL-OUTER
G1 F1800 X73.869 Y58.108 E0.00187
G1 X73.735 Y58.198 E0.00268
G1 X67.1 Y58.2 E0.11034
G1 X66.914 Y58.075 E0.00373
G1 X66.302 Y56.535 E0.02756
G1 X66.304 Y55.142 E0.02317
G1 F1734.9 X66.482 Y54.998 E0.00395
G1 X66.302 Y54.853 E0.00399
G1 F1800 X66.3 Y43.46 E0.18947
G1 X66.914 Y41.925 E0.02749
G1 X67.065 Y41.802 E0.00324
G1 X73.7 Y41.8 E0.11034
G1 X73.869 Y41.892 E0.0032
G1 X73.9 Y42 E0.00187
G1 X73.899 Y43.072 E0.01783
G1 X75.3 Y41.902 E0.03035
G1 X75.3 Y41.018 E0.0147
G1 X75.213 Y40.799 E0.00392
G1 X75.016 Y40.7 E0.00367
G1 X65.016 Y40.7 E0.1663
G1 X64.799 Y40.786 E0.00388
G1 X64.7 Y40.98 E0.00362
G1 X64.7 Y58.981 E0.29936
G1 X64.786 Y59.201 E0.00393
G1 X64.98 Y59.3 E0.00362
G1 X74.978 Y59.3 E0.16627
G1 X75.201 Y59.213 E0.00398
G1 X75.3 Y59.016 E0.00367
G1 X75.3 Y58.094 E0.01533
G1 X73.9 Y56.928 E0.0303
G1 X73.9 Y58 E0.01783
G0 F7200 X73.869 Y58.108
G0 X73.796 Y58.157
G1 F1500 E-6.5
G0 F7200 X74.552 Y58.32
G0 X67.286 Y58.43
G0 X67.545 Y57.342
G0 X67.286 Y55.88
G0 X67.286 Y54.998
G1 F1500 E6.5
G1 F1678.3 X66.482 Y54.998 E0.01434
G1 F1500 E-6.5
;MESH:NONMESH
G0 F600 X66.482 Y54.998 Z2.6
G0 F7200 X65.59 Y54.998
G0 X64.93 Y42.231
G0 X63.835 Y42.231
G0 X55.223 Y39.837
G0 X44.935 Y39.836
G0 X36.165 Y41.8
G0 X35.072 Y41.8
G0 X34.138 Y41.562
G0 X26.8 Y41.557
G0 X25.41 Y42.231
G0 X25.26 Y42.231
;TIME_ELAPSED:442.705374
;LAYER:23
;TYPE:FILL
;MESH:pin.stl
G1 F1500 E6.5
G1 F3600 X25.924 Y42.895 E0.01562
G1 X25.994 Y42.965
G0 F7200 X25.771 Y42.875
G0 X25.59 Y45.975
G0 X25.739 Y45.975
G1 F3600 X25.261 Y46.454 E0.01125
G0 F7200 X25.41 Y46.454
G0 X25.41 Y47.887
G0 X25.26 Y47.887
G1 F3600 X25.74 Y48.368 E0.0113
G0 F7200 X25.59 Y48.368
G0 X25.59 Y51.632
G0 X25.739 Y51.632
G1 F3600 X25.261 Y52.111 E0.01125
G0 F7200 X25.41 Y52.111
G0 X25.41 Y53.544
G0 X25.26 Y53.544
G1 F3600 X25.74 Y54.024 E0.01129
G0 F7200 X25.59 Y54.024
G0 X25.651 Y56.663
G0 X25.923 Y57.106
G1 F3600 X25.261 Y57.768 E0.01557
G1 X25.191 Y57.838
G0 F7200 X25.41 Y57.838
G0 X26.051 Y43.414
G0 X26.8 Y41.557
G0 X29.98 Y41.294
G1 F3600 X29.896 Y41.21 E0.00198
G0 F7200 X30.421 Y41.294
G1 F3600 X30.505 Y41.21 E0.00198
G0 F7200 X26.8 Y41.557
G0 X26.051 Y43.414
G0 X26.051 Y56.586
G0 X26.8 Y58.443
G0 X34.61 Y58.57
G0 X33.8 Y58.57
;TYPE:WALL-INNER
G1 F4079.3 X27.1 Y58.575 E0.09833
G1 F3840 X26.542 Y58.223 E0.01029
G1 F3600 X25.9 Y56.615 E0.02879
G1 X25.9 Y43.5 E0.2181
G1 X25.942 Y43.277 E0.00377
G1 X26.542 Y41.777 E0.02687
G1 F3809.5 X27 Y41.43 E0.00903
G1 F4079.3 X33.7 Y41.425 E0.09833
G1 F3110.2 X34.281 Y41.63 E0.01186
G1 F2500 X34.387 Y42.029 E0.00989
G1 X34.812 Y41.674 E0.01326
G1 X34.812 Y41.188 E0.01164
G1 X34.524 Y41.188 E0.0069
G1 F3110.2 X33.7 Y41.075 E0.01601
G1 F4114.3 X27.1 Y41.075 E0.09604
G1 F3840 X26.084 Y41.1 E0.01584
G1 F3600 X25.101 Y41.101 E0.01635
G1 X25.1 Y58.9 E0.296
G1 X26.084 Y58.9 E0.01636
G1 F3840 X27.1 Y58.925 E0.01584
G1 F4079.3 X33.83 Y58.922 E0.09877
G1 F3090.1 X34.524 Y58.812 E0.01361
G1 F2500 X34.812 Y58.812 E0.0069
G1 X34.812 Y58.323 E0.01171
G1 X34.388 Y57.969 E0.01323
G1 X34.281 Y58.37 E0.00994
G1 F3090.1 X33.8 Y58.57 E0.01009
G0 F7200 X33.9 Y58
;TYPE:WALL-OUTER
G1 F1800 X33.869 Y58.108 E0.00187
G1 X33.735 Y58.198 E0.00268
G1 X27.1 Y58.2 E0.11034
G1 X26.914 Y58.075 E0.00373
G1 X26.302 Y56.535 E0.02756
G1 X26.3 Y43.46 E0.21744
G1 X26.914 Y41.925 E0.02749
G1 X27.065 Y41.802 E0.00324
G1 X33.7 Y41.8 E0.11034
G1 X33.869 Y41.892 E0.0032
G1 X33.9 Y42 E0.00187
G1 X33.899 Y43.072 E0.01783
G1 X35.3 Y41.902 E0.03035
G1 X35.3 Y41.018 E0.0147
G1 X35.213 Y40.799 E0.00392
G1 X35.016 Y40.7 E0.00367
G1 X25.016 Y40.7 E0.1663
G1 X24.799 Y40.786 E0.00388
G1 X24.7 Y40.98 E0.00362
G1 X24.7 Y58.981 E0.29936
G1 X24.786 Y59.201 E0.00393
G1 X24.98 Y59.3 E0.00362
G1 X34.978 Y59.3 E0.16627
G1 X35.201 Y59.213 E0.00398
G1 X35.3 Y59.016 E0.00367
G1 X35.3 Y58.094 E0.01533
G1 X33.9 Y56.928 E0.0303
G1 X33.9 Y58 E0.01783
G0 F7200 X33.869 Y58.108
G0 X33.796 Y58.157
G1 F1500 E-6.5
G0 F7200 X34.552 Y58.32
G0 X36.165 Y58.2
G0 X43.835 Y58.2
G0 X44.93 Y58.2
G0 X45.41 Y56.573
G0 X45.26 Y56.573
;TYPE:FILL
G1 F1500 E6.5
G1 F3600 X46.012 Y57.326 E0.0177
G1 X46.082 Y57.396
G0 F7200 X45.907 Y57.466
G0 X46.422 Y58.634
G0 X47.008 Y58.647
G1 F3600 X46.877 Y58.779 E0.00309
G0 F7200 X46.422 Y58.634
G0 X45.651 Y56.663
G0 X45.41 Y54.739
G0 X45.26 Y54.739
G1 F3600 X45.74 Y54.259 E0.01129
G0 F7200 X45.59 Y54.259
G0 X45.59 Y51.397
G0 X45.741 Y51.397
G1 F3600 X45.26 Y50.917 E0.0113
G0 F7200 X45.41 Y50.917
G0 X45.41 Y49.082
G0 X45.26 Y49.082
G1 F3600 X45.74 Y48.602 E0.01129
G0 F7200 X45.59 Y48.602
G0 X45.59 Y45.741
G0 X45.741 Y45.741
G1 F3600 X45.26 Y45.26 E0.01131
G0 F7200 X45.41 Y45.26
G0 X45.41 Y43.425
G0 X45.26 Y43.425
G1 F3600 X46.011 Y42.674 E0.01766
G1 X46.081 Y42.604
G0 F7200 X45.908 Y42.534
G0 X46.422 Y41.366
G0 X46.964 Y41.307
G1 F3600 X46.878 Y41.221 E0.00202
G0 F7200 X47.39 Y41.296
G1 F3600 X47.475 Y41.21 E0.00201
G0 F7200 X52.524 Y41.21
G1 F3600 X52.605 Y41.291 E0.0019
G0 F7200 X53.051 Y41.291
G1 F3600 X53.132 Y41.21 E0.0019
G0 F7200 X46.8 Y41.557
G0 X46.051 Y43.414
G0 X46.051 Y56.586
G0 X46.8 Y58.443
G0 X54.61 Y58.57
G0 X53.8 Y58.57
;TYPE:WALL-INNER
G1 F4079.3 X47.1 Y58.575 E0.09833
G1 F3840 X46.542 Y58.223 E0.01029
G1 F3600 X45.9 Y56.615 E0.02879
G1 X45.9 Y43.5 E0.2181
G1 X45.942 Y43.277 E0.00377
G1 X46.542 Y41.777 E0.02687
G1 F3809.5 X47 Y41.43 E0.00903
G1 F4079.3 X53.7 Y41.425 E0.09833
G1 F3110.2 X54.281 Y41.63 E0.01186
G1 F2500 X54.387 Y42.029 E0.00989
G1 X54.812 Y41.674 E0.01326
G1 X54.812 Y41.188 E0.01164
G1 X54.524 Y41.188 E0.0069
G1 F3110.2 X53.7 Y41.075 E0.01601
G1 F4114.3 X47.1 Y41.075 E0.09604
G1 F3840 X46.084 Y41.1 E0.01584
G1 F3600 X45.101 Y41.101 E0.01635
G1 X45.1 Y58.9 E0.296
G1 X46.084 Y58.9 E0.01636
G1 F3840 X47.1 Y58.925 E0.01584
G1 F4079.3 X53.83 Y58.922 E0.09877
G1 F3090.1 X54.524 Y58.812 E0.01361
G1 F2500 X54.812 Y58.812 E0.0069
G1 X54.812 Y58.323 E0.01171
G1 X54.388 Y57.969 E0.01323
G1 X54.281 Y58.37 E0.00994
G1 F3090.1 X53.8 Y58.57 E0.01009
G0 F7200 X53.9 Y58
;TYPE:WALL-OUTER
G1 F1800 X53.869 Y58.108 E0.00187
G1 X53.735 Y58.198 E0.00268
G1 X47.1 Y58.2 E0.11034
G1 X46.914 Y58.075 E0.00373
G1 X46.302 Y56.535 E0.02756
G1 X46.3 Y43.46 E0.21744
G1 X46.914 Y41.925 E0.02749
G1 X47.065 Y41.802 E0.00324
G1 X53.7 Y41.8 E0.11034
G1 X53.869 Y41.892 E0.0032
G1 X53.9 Y42 E0.00187
G1 X53.899 Y43.072 E0.01783
G1 X55.3 Y41.902 E0.03035
G1 X55.3 Y41.018 E0.0147
G1 X55.213 Y40.799 E0.00392
G1 X55.016 Y40.7 E0.00367
G1 X45.016 Y40.7 E0.1663
G1 X44.799 Y40.786 E0.00388
G1 X44.7 Y40.98 E0.00362
G1 X44.7 Y58.981 E0.29936
G1 X44.786 Y59.201 E0.00393
G1 X44.98 Y59.3 E0.00362
G1 X54.978 Y59.3 E0.16627
G1 X55.201 Y59.213 E0.00398
G1 X55.3 Y59.016 E0.00367
G1 X55.3 Y58.094 E0.01533
G1 X53.9 Y56.928 E0.0303
G1 X53.9 Y58 E0.01783
G0 F7200 X53.869 Y58.108
G0 X53.796 Y58.157
G1 F1500 E-6.5
G0 F7200 X54.552 Y58.32
G0 X56.165 Y58.2
G0 X63.835 Y58.2
G0 X64.93 Y58.2
G0 X65.41 Y57.366
G0 X65.26 Y57.366
;TYPE:FILL
G1 F1500 E6.5
G1 F3600 X65.808 Y56.818 E0.01289
G0 F7200 X65.67 Y56.873
G0 X65.59 Y54.427
G0 X65.74 Y54.427
G1 F3600 X65.26 Y53.946 E0.0113
G0 F7200 X65.41 Y53.946
G0 X65.41 Y51.709
G0 X65.26 Y51.709
G1 F3600 X65.74 Y51.23 E0.01128
G0 F7200 X65.59 Y51.23
G0 X65.59 Y48.77
G0 X65.74 Y48.77
G1 F3600 X65.26 Y48.29 E0.01129
G0 F7200 X65.41 Y48.29
G0 X65.41 Y46.052
G0 X65.261 Y46.052
G1 F3600 X65.74 Y45.573 E0.01127
G0 F7200 X65.59 Y45.573
G0 X65.671 Y43.125
G0 X65.808 Y43.181
G1 F3600 X65.26 Y42.633 E0.01289
G0 F7200 X65.41 Y42.633
G0 X66.8 Y41.557
G0 X69.494 Y41.21
G1 F3600 X69.577 Y41.293 E0.00195
G0 F7200 X70.02 Y41.293
G1 F3600 X70.103 Y41.21 E0.00195
G0 F7200 X66.8 Y41.557
G0 X66.051 Y43.414
G0 X66.051 Y56.586
G0 X66.8 Y58.443
G0 X74.61 Y58.57
G0 X73.8 Y58.57
;TYPE:WALL-INNER
G1 F4079.3 X67.1 Y58.575 E0.09833
G1 F3840 X66.542 Y58.223 E0.01029
G1 F3600 X65.9 Y56.615 E0.02879
G1 X65.9 Y43.5 E0.2181
G1 X65.942 Y43.277 E0.00377
G1 X66.542 Y41.777 E0.02687
G1 F3809.5 X67 Y41.43 E0.00903
G1 F4079.3 X73.7 Y41.425 E0.09833
G1 F3110.2 X74.281 Y41.63 E0.01186
G1 F2500 X74.387 Y42.029 E0.00989
G1 X74.812 Y41.674 E0.01326
G1 X74.812 Y41.188 E0.01164
G1 X74.524 Y41.188 E0.0069
G1 F3110.2 X73.7 Y41.075 E0.01601
G1 F4114.3 X67.1 Y41.075 E0.09604
G1 F3840 X66.084 Y41.1 E0.01584
G1 F3600 X65.101 Y41.101 E0.01635
G1 X65.1 Y58.9 E0.296
G1 X66.084 Y58.9 E0.01636
G1 F3840 X67.1 Y58.925 E0.01584
G1 F4079.3 X73.83 Y58.922 E0.09877
G1 F3090.1 X74.524 Y58.812 E0.01361
G1 F2500 X74.812 Y58.812 E0.0069
G1 X74.812 Y58.323 E0.01171
G1 X74.388 Y57.969 E0.01323
G1 X74.281 Y58.37 E0.00994
G1 F3090.1 X73.8 Y58.57 E0.01009
G0 F7200 X73.9 Y58
;TYPE:WALL-OUTER
G1 F1800 X73.869 Y58.108 E0.00187
G1 X73.735 Y58.198 E0.00268
G1 X67.1 Y58.2 E0.11034
G1 X66.914 Y58.075 E0.00373
G1 X66.302 Y56.535 E0.02756
G1 X66.3 Y43.46 E0.21744
G1 X66.914 Y41.925 E0.02749
G1 X67.065 Y41.802 E0.00324
G1 X73.7 Y41.8 E0.11034
G1 X73.869 Y41.892 E0.0032
G1 X73.9 Y42 E0.00187
G1 X73.899 Y43.072 E0.01783
G1 X75.3 Y41.902 E0.03035
G1 X75.3 Y41.018 E0.0147
G1 X75.213 Y40.799 E0.00392
G1 X75.016 Y40.7 E0.00367
G1 X65.016 Y40.7 E0.1663
G1 X64.799 Y40.786 E0.00388
G1 X64.7 Y40.98 E0.00362
G1 X64.7 Y58.981 E0.29936
G1 X64.786 Y59.201 E0.00393
G1 X64.98 Y59.3 E0.00362
G1 X74.978 Y59.3 E0.16627
G1 X75.201 Y59.213 E0.00398
G1 X75.3 Y59.016 E0.00367
G1 X75.3 Y58.094 E0.01533
G1 X73.9 Y56.928 E0.0303
G1 X73.9 Y58 E0.01783
G0 F7200 X73.869 Y58.108
G0 X73.796 Y58.157
G1 F1500 E-6.5
;MESH:NONMESH
G0 F600 X73.796 Y58.157 Z2.7
G0 F7200 X74.552 Y58.32
G0 X66.8 Y58.443
G0 X66.051 Y56.586
G0 X64.93 Y42.231
G0 X63.835 Y42.231
G0 X55.223 Y39.837
G0 X44.935 Y39.836
G0 X36.165 Y41.8
G0 X35.072 Y41.8
G0 X34.138 Y41.562
G0 X26.8 Y41.557
G0 X25.41 Y42.231
G0 X25.26 Y42.231
;TIME_ELAPSED:459.934175
;LAYER:24
;TYPE:FILL
;MESH:pin.stl
G1 F1500 E6.5
G1 F3600 X25.924 Y42.895 E0.01562
G1 X25.994 Y42.965
G0 F7200 X25.771 Y42.875
G0 X25.59 Y45.975
G0 X25.739 Y45.975
G1 F3600 X25.261 Y46.454 E0.01125
G0 F7200 X25.41 Y46.454
G0 X25.41 Y47.887
G0 X25.26 Y47.887
G1 F3600 X25.74 Y48.368 E0.0113
G0 F7200 X25.59 Y48.368
G0 X25.59 Y51.632
G0 X25.739 Y51.632
G1 F3600 X25.261 Y52.111 E0.01125
G0 F7200 X25.41 Y52.111
G0 X25.41 Y53.544
G0 X25.26 Y53.544
G1 F3600 X25.74 Y54.024 E0.01129
G0 F7200 X25.59 Y54.024
G0 X25.651 Y56.663
G0 X25.923 Y57.106
G1 F3600 X25.261 Y57.768 E0.01557
G1 X25.191 Y57.838
G0 F7200 X25.41 Y57.838
G0 X26.051 Y43.414
G0 X26.8 Y41.557
G0 X29.98 Y41.294
G1 F3600 X29.896 Y41.21 E0.00198
G0 F7200 X30.421 Y41.294
G1 F3600 X30.505 Y41.21 E0.00198
G0 F7200 X26.8 Y41.557
G0 X26.051 Y43.414
G0 X26.051 Y56.586
G0 X26.8 Y58.443
G0 X34.61 Y58.57
G0 X33.8 Y58.57
;TYPE:WALL-INNER
G1 F4079.3 X27.1 Y58.575 E0.09833
G1 F3840 X26.542 Y58.223 E0.01029
G1 F3600 X25.9 Y56.615 E0.02879
G1 X25.9 Y43.5 E0.2181
G1 X25.942 Y43.277 E0.00377
G1 X26.542 Y41.777 E0.02687
G1 F3809.5 X27 Y41.43 E0.00903
G1 F4079.3 X33.7 Y41.425 E0.09833
G1 F3110.2 X34.281 Y41.63 E0.01186
G1 F2500 X34.387 Y42.029 E0.00989
G1 X34.812 Y41.674 E0.01326
G1 X34.812 Y41.188 E0.01164
G1 X34.524 Y41.188 E0.0069
G1 F3110.2 X33.7 Y41.075 E0.01601
G1 F4114.3 X27.1 Y41.075 E0.09604
G1 F3840 X26.084 Y41.1 E0.01584
G1 F3600 X25.101 Y41.101 E0.01635
G1 X25.1 Y58.9 E0.296
G1 X26.084 Y58.9 E0.01636
G1 F3840 X27.1 Y58.925 E0.01584
G1 F4079.3 X33.83 Y58.922 E0.09877
G1 F3090.1 X34.524 Y58.812 E0.01361
G1 F2500 X34.812 Y58.812 E0.0069
G1 X34.812 Y58.323 E0.01171
G1 X34.388 Y57.969 E0.01323
G1 X34.281 Y58.37 E0.00994
G1 F3090.1 X33.8 Y58.57 E0.01009
G0 F7200 X33.9 Y58
;TYPE:WALL-OUTER
G1 F1800 X33.869 Y58.108 E0.00187
G1 X33.735 Y58.198 E0.00268
G1 X27.1 Y58.2 E0.11034
G1 X26.914 Y58.075 E0.00373
G1 X26.302 Y56.535 E0.02756
G1 X26.3 Y43.46 E0.21744
G1 X26.914 Y41.925 E0.02749
G1 X27.065 Y41.802 E0.00324
G1 X33.7 Y41.8 E0.11034
G1 X33.869 Y41.892 E0.0032
G1 X33.9 Y42 E0.00187
G1 X33.899 Y43.072 E0.01783
G1 X35.3 Y41.902 E0.03035
G1 X35.3 Y41.018 E0.0147
G1 X35.213 Y40.799 E0.00392
G1 X35.016 Y40.7 E0.00367
G1 X25.016 Y40.7 E0.1663
G1 X24.799 Y40.786 E0.00388
G1 X24.7 Y40.98 E0.00362
G1 X24.7 Y58.981 E0.29936
G1 X24.786 Y59.201 E0.00393
G1 X24.98 Y59.3 E0.00362
G1 X34.978 Y59.3 E0.16627
G1 X35.201 Y59.213 E0.00398
G1 X35.3 Y59.016 E0.00367
G1 X35.3 Y58.094 E0.01533
G1 X33.9 Y56.928 E0.0303
G1 X33.9 Y58 E0.01783
G0 F7200 X33.869 Y58.108
G0 X33.796 Y58.157
G1 F1500 E-6.5
G0 F7200 X34.552 Y58.32
G0 X36.165 Y58.2
G0 X43.835 Y58.2
G0 X44.93 Y58.2
G0 X45.41 Y56.573
G0 X45.26 Y56.573
;TYPE:FILL
G1 F1500 E6.5
G1 F3600 X46.012 Y57.326 E0.0177
G1 X46.082 Y57.396
G0 F7200 X45.907 Y57.466
G0 X46.422 Y58.634
G0 X47.008 Y58.647
G1 F3600 X46.877 Y58.779 E0.00309
G0 F7200 X46.422 Y58.634
G0 X45.651 Y56.663
G0 X45.41 Y54.739
G0 X45.26 Y54.739
G1 F3600 X45.74 Y54.259 E0.01129
G0 F7200 X45.59 Y54.259
G0 X45.59 Y51.397
G0 X45.741 Y51.397
G1 F3600 X45.26 Y50.917 E0.0113
G0 F7200 X45.41 Y50.917
G0 X45.41 Y49.082
G0 X45.26 Y49.082
G1 F3600 X45.74 Y48.602 E0.01129
G0 F7200 X45.59 Y48.602
G0 X45.59 Y45.741
G0 X45.741 Y45.741
G1 F3600 X45.26 Y45.26 E0.01131
G0 F7200 X45.41 Y45.26
G0 X45.41 Y43.425
G0 X45.26 Y43.425
G1 F3600 X46.011 Y42.674 E0.01766
G1 X46.081 Y42.604
G0 F7200 X45.908 Y42.534
G0 X46.422 Y41.366
G0 X46.964 Y41.307
G1 F3600 X46.878 Y41.221 E0.00202
G0 F7200 X47.39 Y41.296
G1 F3600 X47.475 Y41.21 E0.00201
G0 F7200 X52.524 Y41.21
G1 F3600 X52.605 Y41.291 E0.0019
G0 F7200 X53.051 Y41.291
G1 F3600 X53.132 Y41.21 E0.0019
G0 F7200 X46.8 Y41.557
G0 X46.051 Y43.414
G0 X46.051 Y56.586
G0 X46.8 Y58.443
G0 X54.61 Y58.57
G0 X53.8 Y58.57
;TYPE:WALL-INNER
G1 F4079.3 X47.1 Y58.575 E0.09833
G1 F3840 X46.542 Y58.223 E0.01029
G1 F3600 X45.9 Y56.615 E0.02879
G1 X45.9 Y43.5 E0.2181
G1 X45.942 Y43.277 E0.00377
G1 X46.542 Y41.777 E0.02687
G1 F3809.5 X47 Y41.43 E0.00903
G1 F4079.3 X53.7 Y41.425 E0.09833
G1 F3110.2 X54.281 Y41.63 E0.01186
G1 F2500 X54.387 Y42.029 E0.00989
G1 X54.812 Y41.674 E0.01326
G1 X54.812 Y41.188 E0.01164
G1 X54.524 Y41.188 E0.0069
G1 F3110.2 X53.7 Y41.075 E0.01601
G1 F4114.3 X47.1 Y41.075 E0.09604
G1 F3840 X46.084 Y41.1 E0.01584
G1 F3600 X45.101 Y41.101 E0.01635
G1 X45.1 Y58.9 E0.296
G1 X46.084 Y58.9 E0.01636
G1 F3840 X47.1 Y58.925 E0.01584
G1 F4079.3 X53.83 Y58.922 E0.09877
G1 F3090.1 X54.524 Y58.812 E0.01361
G1 F2500 X54.812 Y58.812 E0.0069
G1 X54.812 Y58.323 E0.01171
G1 X54.388 Y57.969 E0.01323
G1 X54.281 Y58.37 E0.00994
G1 F3090.1 X53.8 Y58.57 E0.01009
G0 F7200 X53.9 Y58
;TYPE:WALL-OUTER
G1 F1800 X53.869 Y58.108 E0.00187
G1 X53.735 Y58.198 E0.00268
G1 X47.1 Y58.2 E0.11034
G1 X46.914 Y58.075 E0.00373
G1 X46.302 Y56.535 E0.02756
G1 X46.3 Y43.46 E0.21744
G1 X46.914 Y41.925 E0.02749
G1 X47.065 Y41.802 E0.00324
G1 X53.7 Y41.8 E0.11034
G1 X53.869 Y41.892 E0.0032
G1 X53.9 Y42 E0.00187
G1 X53.899 Y43.072 E0.01783
G1 X55.3 Y41.902 E0.03035
G1 X55.3 Y41.018 E0.0147
G1 X55.213 Y40.799 E0.00392
G1 X55.016 Y40.7 E0.00367
G1 X45.016 Y40.7 E0.1663
G1 X44.799 Y40.786 E0.00388
G1 X44.7 Y40.98 E0.00362
G1 X44.7 Y58.981 E0.29936
G1 X44.786 Y59.201 E0.00393
G1 X44.98 Y59.3 E0.00362
G1 X54.978 Y59.3 E0.16627
G1 X55.201 Y59.213 E0.00398
G1 X55.3 Y59.016 E0.00367
G1 X55.3 Y58.094 E0.01533
G1 X53.9 Y56.928 E0.0303
G1 X53.9 Y58 E0.01783
G0 F7200 X53.869 Y58.108
G0 X53.796 Y58.157
G1 F1500 E-6.5
G0 F7200 X54.552 Y58.32
G0 X56.165 Y58.2
G0 X63.835 Y58.2
G0 X64.93 Y58.2
G0 X65.41 Y57.366
G0 X65.26 Y57.366
;TYPE:FILL
G1 F1500 E6.5
G1 F3600 X65.808 Y56.818 E0.01289
G0 F7200 X65.67 Y56.873
G0 X65.59 Y54.427
G0 X65.74 Y54.427
G1 F3600 X65.26 Y53.946 E0.0113
G0 F7200 X65.41 Y53.946
G0 X65.41 Y51.709
G0 X65.26 Y51.709
G1 F3600 X65.74 Y51.23 E0.01128
G0 F7200 X65.59 Y51.23
G0 X65.59 Y48.77
G0 X65.74 Y48.77
G1 F3600 X65.26 Y48.29 E0.01129
G0 F7200 X65.41 Y48.29
G0 X65.41 Y46.052
G0 X65.261 Y46.052
G1 F3600 X65.74 Y45.573 E0.01127
G0 F7200 X65.59 Y45.573
G0 X65.671 Y43.125
G0 X65.808 Y43.181
G1 F3600 X65.26 Y42.633 E0.01289
G0 F7200 X65.41 Y42.633
G0 X66.8 Y41.557
G0 X69.494 Y41.21
G1 F3600 X69.577 Y41.293 E0.00195
G0 F7200 X70.02 Y41.293
G1 F3600 X70.103 Y41.21 E0.00195
G0 F7200 X66.8 Y41.557
G0 X66.051 Y43.414
G0 X66.051 Y56.586
G0 X66.8 Y58.443
G0 X74.61 Y58.57
G0 X73.8 Y58.57
;TYPE:WALL-INNER
G1 F4079.3 X67.1 Y58.575 E0.09833
G1 F3840 X66.542 Y58.223 E0.01029
G1 F3600 X65.9 Y56.615 E0.02879
G1 X65.9 Y43.5 E0.2181
G1 X65.942 Y43.277 E0.00377
G1 X66.542 Y41.777 E0.02687
G1 F3809.5 X67 Y41.43 E0.00903
G1 F4079.3 X73.7 Y41.425 E0.09833
G1 F3110.2 X74.281 Y41.63 E0.01186
G1 F2500 X74.387 Y42.029 E0.00989
G1 X74.812 Y41.674 E0.01326
G1 X74.812 Y41.188 E0.01164
G1 X74.524 Y41.188 E0.0069
G1 F3110.2 X73.7 Y41.075 E0.01601
G1 F4114.3 X67.1 Y41.075 E0.09604
G1 F3840 X66.084 Y41.1 E0.01584
G1 F3600 X65.101 Y41.101 E0.01635
G1 X65.1 Y58.9 E0.296
G1 X66.084 Y58.9 E0.01636
G1 F3840 X67.1 Y58.925 E0.01584
G1 F4079.3 X73.83 Y58.922 E0.09877
G1 F3090.1 X74.524 Y58.812 E0.01361
G1 F2500 X74.812 Y58.812 E0.0069
G1 X74.812 Y58.323 E0.01171
G1 X74.388 Y57.969 E0.01323
G1 X74.281 Y58.37 E0.00994
G1 F3090.1 X73.8 Y58.57 E0.01009
G0 F7200 X73.9 Y58
;TYPE:WALL-OUTER
G1 F1800 X73.869 Y58.108 E0.00187
G1 X73.735 Y58.198 E0.00268
G1 X67.1 Y58.2 E0.11034
G1 X66.914 Y58.075 E0.00373
G1 X66.302 Y56.535 E0.02756
G1 X66.3 Y43.46 E0.21744
G1 X66.914 Y41.925 E0.02749
G1 X67.065 Y41.802 E0.00324
G1 X73.7 Y41.8 E0.11034
G1 X73.869 Y41.892 E0.0032
G1 X73.9 Y42 E0.00187
G1 X73.899 Y43.072 E0.01783
G1 X75.3 Y41.902 E0.03035
G1 X75.3 Y41.018 E0.0147
G1 X75.213 Y40.799 E0.00392
G1 X75.016 Y40.7 E0.00367
G1 X65.016 Y40.7 E0.1663
G1 X64.799 Y40.786 E0.00388
G1 X64.7 Y40.98 E0.00362
G1 X64.7 Y58.981 E0.29936
G1 X64.786 Y59.201 E0.00393
G1 X64.98 Y59.3 E0.00362
G1 X74.978 Y59.3 E0.16627
G1 X75.201 Y59.213 E0.00398
G1 X75.3 Y59.016 E0.00367
G1 X75.3 Y58.094 E0.01533
G1 X73.9 Y56.928 E0.0303
G1 X73.9 Y58 E0.01783
G0 F7200 X73.869 Y58.108
G0 X73.796 Y58.157
G1 F1500 E-6.5
;MESH:NONMESH
G0 F600 X73.796 Y58.157 Z2.8
G0 F7200 X74.552 Y58.32
G0 X66.8 Y58.443
G0 X66.051 Y56.586
G0 X64.93 Y42.231
G0 X63.835 Y42.231
G0 X55.223 Y39.837
G0 X44.935 Y39.836
G0 X36.165 Y41.8
G0 X35.072 Y41.8
G0 X34.138 Y41.562
G0 X26.8 Y41.557
G0 X25.41 Y42.231
G0 X25.26 Y42.231
;TIME_ELAPSED:477.162976
;LAYER:25
;TYPE:FILL
;MESH:pin.stl
G1 F1500 E6.5
G1 F3600 X25.924 Y42.895 E0.01562
G1 X25.994 Y42.965
G0 F7200 X25.771 Y42.875
G0 X25.59 Y45.975
G0 X25.739 Y45.975
G1 F3600 X25.261 Y46.454 E0.01125
G0 F7200 X25.41 Y46.454
G0 X25.41 Y47.887
G0 X25.26 Y47.887
G1 F3600 X25.74 Y48.368 E0.0113
G0 F7200 X25.59 Y48.368
G0 X25.59 Y51.632
G0 X25.739 Y51.632
G1 F3600 X25.261 Y52.111 E0.01125
G0 F7200 X25.41 Y52.111
G0 X25.41 Y53.544
G0 X25.26 Y53.544
G1 F3600 X25.74 Y54.024 E0.01129
G0 F7200 X25.59 Y54.024
G0 X25.651 Y56.663
G0 X25.923 Y57.106
G1 F3600 X25.261 Y57.768 E0.01557
G1 X25.191 Y57.838
G0 F7200 X25.41 Y57.838
G0 X26.051 Y43.414
G0 X26.8 Y41.557
G0 X29.98 Y41.294
G1 F3600 X29.896 Y41.21 E0.00198
G0 F7200 X30.421 Y41.294
G1 F3600 X30.505 Y41.21 E0.00198
G0 F7200 X26.8 Y41.557
G0 X26.051 Y43.414
G0 X26.051 Y56.586
G0 X26.8 Y58.443
G0 X34.61 Y58.57
G0 X33.8 Y58.57
;TYPE:WALL-INNER
G1 F4079.3 X27.1 Y58.575 E0.09833
G1 F3840 X26.542 Y58.223 E0.01029
G1 F3600 X25.9 Y56.615 E0.02879
G1 X25.9 Y43.5 E0.2181
G1 X25.942 Y43.277 E0.00377
G1 X26.542 Y41.777 E0.02687
G1 F3809.5 X27 Y41.43 E0.00903
G1 F4079.3 X33.7 Y41.425 E0.09833
G1 F3110.2 X34.281 Y41.63 E0.01186
G1 F2500 X34.387 Y42.029 E0.00989
G1 X34.812 Y41.674 E0.01326
G1 X34.812 Y41.188 E0.01164
G1 X34.524 Y41.188 E0.0069
G1 F3110.2 X33.7 Y41.075 E0.01601
G1 F4114.3 X27.1 Y41.075 E0.09604
G1 F3840 X26.084 Y41.1 E0.01584
G1 F3600 X25.101 Y41.101 E0.01635
G1 X25.1 Y58.9 E0.296
G1 X26.084 Y58.9 E0.01636
G1 F3840 X27.1 Y58.925 E0.01584
G1 F4079.3 X33.83 Y58.922 E0.09877
G1 F3090.1 X34.524 Y58.812 E0.01361
G1 F2500 X34.812 Y58.812 E0.0069
G1 X34.812 Y58.323 E0.01171
G1 X34.388 Y57.969 E0.01323
G1 X34.281 Y58.37 E0.00994
G1 F3090.1 X33.8 Y58.57 E0.01009
G0 F7200 X33.9 Y58
;TYPE:WALL-OUTER
G1 F1800 X33.869 Y58.108 E0.00187
G1 X33.735 Y58.198 E0.00268
G1 X27.1 Y58.2 E0.11034
G1 X26.914 Y58.075 E0.00373
G1 X26.302 Y56.535 E0.02756
G1 X26.3 Y43.46 E0.21744
G1 X26.914 Y41.925 E0.02749
G1 X27.065 Y41.802 E0.00324
G1 X33.7 Y41.8 E0.11034
G1 X33.869 Y41.892 E0.0032
G1 X33.9 Y42 E0.00187
G1 X33.899 Y43.072 E0.01783
G1 X35.3 Y41.902 E0.03035
G1 X35.3 Y41.018 E0.0147
G1 X35.213 Y40.799 E0.00392
G1 X35.016 Y40.7 E0.00367
G1 X25.016 Y40.7 E0.1663
G1 X24.799 Y40.786 E0.00388
G1 X24.7 Y40.98 E0.00362
G1 X24.7 Y58.981 E0.29936
G1 X24.786 Y59.201 E0.00393
G1 X24.98 Y59.3 E0.00362
G1 X34.978 Y59.3 E0.16627
G1 X35.201 Y59.213 E0.00398
G1 X35.3 Y59.016 E0.00367
G1 X35.3 Y58.094 E0.01533
G1 X33.9 Y56.928 E0.0303
G1 X33.9 Y58 E0.01783
G0 F7200 X33.869 Y58.108
G0 X33.796 Y58.157
G1 F1500 E-6.5
G0 F7200 X34.552 Y58.32
G0 X36.165 Y58.2
G0 X43.835 Y58.2
G0 X44.93 Y58.2
G0 X45.41 Y56.573
G0 X45.26 Y56.573
;TYPE:FILL
G1 F1500 E6.5
G1 F3600 X46.012 Y57.326 E0.0177
G1 X46.082 Y57.396
G0 F7200 X45.907 Y57.466
G0 X46.422 Y58.634
G0 X47.008 Y58.647
G1 F3600 X46.877 Y58.779 E0.00309
G0 F7200 X46.422 Y58.634
G0 X45.651 Y56.663
G0 X45.41 Y54.739
G0 X45.26 Y54.739
G1 F3600 X45.74 Y54.259 E0.01129
G0 F7200 X45.59 Y54.259
G0 X45.59 Y51.397
G0 X45.741 Y51.397
G1 F3600 X45.26 Y50.917 E0.0113
G0 F7200 X45.41 Y50.917
G0 X45.41 Y49.082
G0 X45.26 Y49.082
G1 F3600 X45.74 Y48.602 E0.01129
G0 F7200 X45.59 Y48.602
G0 X45.59 Y45.741
G0 X45.741 Y45.741
G1 F3600 X45.26 Y45.26 E0.01131
G0 F7200 X45.41 Y45.26
G0 X45.41 Y43.425
G0 X45.26 Y43.425
G1 F3600 X46.011 Y42.674 E0.01766
G1 X46.081 Y42.604
G0 F7200 X45.908 Y42.534
G0 X46.422 Y41.366
G0 X46.964 Y41.307
G1 F3600 X46.878 Y41.221 E0.00202
G0 F7200 X47.39 Y41.296
G1 F3600 X47.475 Y41.21 E0.00201
G0 F7200 X52.524 Y41.21
G1 F3600 X52.605 Y41.291 E0.0019
G0 F7200 X53.051 Y41.291
G1 F3600 X53.132 Y41.21 E0.0019
G0 F7200 X46.8 Y41.557
G0 X46.051 Y43.414
G0 X46.051 Y56.586
G0 X46.8 Y58.443
G0 X54.61 Y58.57
G0 X53.8 Y58.57
;TYPE:WALL-INNER
G1 F4079.3 X47.1 Y58.575 E0.09833
G1 F3840 X46.542 Y58.223 E0.01029
G1 F3600 X45.9 Y56.615 E0.02879
G1 X45.9 Y43.5 E0.2181
G1 X45.942 Y43.277 E0.00377
G1 X46.542 Y41.777 E0.02687
G1 F3809.5 X47 Y41.43 E0.00903
G1 F4079.3 X53.7 Y41.425 E0.09833
G1 F3110.2 X54.281 Y41.63 E0.01186
G1 F2500 X54.387 Y42.029 E0.00989
G1 X54.812 Y41.674 E0.01326
G1 X54.812 Y41.188 E0.01164
G1 X54.524 Y41.188 E0.0069
G1 F3110.2 X53.7 Y41.075 E0.01601
G1 F4114.3 X47.1 Y41.075 E0.09604
G1 F3840 X46.084 Y41.1 E0.01584
G1 F3600 X45.101 Y41.101 E0.01635
G1 X45.1 Y58.9 E0.296
G1 X46.084 Y58.9 E0.01636
G1 F3840 X47.1 Y58.925 E0.01584
G1 F4079.3 X53.83 Y58.922 E0.09877
G1 F3090.1 X54.524 Y58.812 E0.01361
G1 F2500 X54.812 Y58.812 E0.0069
G1 X54.812 Y58.323 E0.01171
G1 X54.388 Y57.969 E0.01323
G1 X54.281 Y58.37 E0.00994
G1 F3090.1 X53.8 Y58.57 E0.01009
G0 F7200 X53.9 Y58
;TYPE:WALL-OUTER
G1 F1800 X53.869 Y58.108 E0.00187
G1 X53.735 Y58.198 E0.00268
G1 X47.1 Y58.2 E0.11034
G1 X46.914 Y58.075 E0.00373
G1 X46.302 Y56.535 E0.02756
G1 X46.3 Y43.46 E0.21744
G1 X46.914 Y41.925 E0.02749
G1 X47.065 Y41.802 E0.00324
G1 X53.7 Y41.8 E0.11034
G1 X53.869 Y41.892 E0.0032
G1 X53.9 Y42 E0.00187
G1 X53.899 Y43.072 E0.01783
G1 X55.3 Y41.902 E0.03035
G1 X55.3 Y41.018 E0.0147
G1 X55.213 Y40.799 E0.00392
G1 X55.016 Y40.7 E0.00367
G1 X45.016 Y40.7 E0.1663
G1 X44.799 Y40.786 E0.00388
G1 X44.7 Y40.98 E0.00362
G1 X44.7 Y58.981 E0.29936
G1 X44.786 Y59.201 E0.00393
G1 X44.98 Y59.3 E0.00362
G1 X54.978 Y59.3 E0.16627
G1 X55.201 Y59.213 E0.00398
G1 X55.3 Y59.016 E0.00367
G1 X55.3 Y58.094 E0.01533
G1 X53.9 Y56.928 E0.0303
G1 X53.9 Y58 E0.01783
G0 F7200 X53.869 Y58.108
G0 X53.796 Y58.157
G1 F1500 E-6.5
G0 F7200 X54.552 Y58.32
G0 X56.165 Y58.2
G0 X63.835 Y58.2
G0 X64.93 Y58.2
G0 X65.41 Y57.366
G0 X65.26 Y57.366
;TYPE:FILL
G1 F1500 E6.5
G1 F3600 X65.808 Y56.818 E0.01289
G0 F7200 X65.67 Y56.873
G0 X65.59 Y54.427
G0 X65.74 Y54.427
G1 F3600 X65.26 Y53.946 E0.0113
G0 F7200 X65.41 Y53.946
G0 X65.41 Y51.709
G0 X65.26 Y51.709
G1 F3600 X65.74 Y51.23 E0.01128
G0 F7200 X65.59 Y51.23
G0 X65.59 Y48.77
G0 X65.74 Y48.77
G1 F3600 X65.26 Y48.29 E0.01129
G0 F7200 X65.41 Y48.29
G0 X65.41 Y46.052
G0 X65.261 Y46.052
G1 F3600 X65.74 Y45.573 E0.01127
G0 F7200 X65.59 Y45.573
G0 X65.671 Y43.125
G0 X65.808 Y43.181
G1 F3600 X65.26 Y42.633 E0.01289
G0 F7200 X65.41 Y42.633
G0 X66.8 Y41.557
G0 X69.494 Y41.21
G1 F3600 X69.577 Y41.293 E0.00195
G0 F7200 X70.02 Y41.293
G1 F3600 X70.103 Y41.21 E0.00195
G0 F7200 X66.8 Y41.557
G0 X66.051 Y43.414
G0 X66.051 Y56.586
G0 X66.8 Y58.443
G0 X74.61 Y58.57
G0 X73.8 Y58.57
;TYPE:WALL-INNER
G1 F4079.3 X67.1 Y58.575 E0.09833
G1 F3840 X66.542 Y58.223 E0.01029
G1 F3600 X65.9 Y56.615 E0.02879
G1 X65.9 Y43.5 E0.2181
G1 X65.942 Y43.277 E0.00377
G1 X66.542 Y41.777 E0.02687
G1 F3809.5 X67 Y41.43 E0.00903
G1 F4079.3 X73.7 Y41.425 E0.09833
G1 F3110.2 X74.281 Y41.63 E0.01186
G1 F2500 X74.387 Y42.029 E0.00989
G1 X74.812 Y41.674 E0.01326
G1 X74.812 Y41.188 E0.01164
G1 X74.524 Y41.188 E0.0069
G1 F3110.2 X73.7 Y41.075 E0.01601
G1 F4114.3 X67.1 Y41.075 E0.09604
G1 F3840 X66.084 Y41.1 E0.01584
G1 F3600 X65.101 Y41.101 E0.01635
G1 X65.1 Y58.9 E0.296
G1 X66.084 Y58.9 E0.01636
G1 F3840 X67.1 Y58.925 E0.01584
G1 F4079.3 X73.83 Y58.922 E0.09877
G1 F3090.1 X74.524 Y58.812 E0.01361
G1 F2500 X74.812 Y58.812 E0.0069
G1 X74.812 Y58.323 E0.01171
G1 X74.388 Y57.969 E0.01323
G1 X74.281 Y58.37 E0.00994
G1 F3090.1 X73.8 Y58.57 E0.01009
G0 F7200 X73.9 Y58
;TYPE:WALL-OUTER
G1 F1800 X73.869 Y58.108 E0.00187
G1 X73.735 Y58.198 E0.00268
G1 X67.1 Y58.2 E0.11034
G1 X66.914 Y58.075 E0.00373
G1 X66.302 Y56.535 E0.02756
G1 X66.3 Y43.46 E0.21744
G1 X66.914 Y41.925 E0.02749
G1 X67.065 Y41.802 E0.00324
G1 X73.7 Y41.8 E0.11034
G1 X73.869 Y41.892 E0.0032
G1 X73.9 Y42 E0.00187
G1 X73.899 Y43.072 E0.01783
G1 X75.3 Y41.902 E0.03035
G1 X75.3 Y41.018 E0.0147
G1 X75.213 Y40.799 E0.00392
G1 X75.016 Y40.7 E0.00367
G1 X65.016 Y40.7 E0.1663
G1 X64.799 Y40.786 E0.00388
G1 X64.7 Y40.98 E0.00362
G1 X64.7 Y58.981 E0.29936
G1 X64.786 Y59.201 E0.00393
G1 X64.98 Y59.3 E0.00362
G1 X74.978 Y59.3 E0.16627
G1 X75.201 Y59.213 E0.00398
G1 X75.3 Y59.016 E0.00367
G1 X75.3 Y58.094 E0.01533
G1 X73.9 Y56.928 E0.0303
G1 X73.9 Y58 E0.01783
G0 F7200 X73.869 Y58.108
G0 X73.796 Y58.157
G1 F1500 E-6.5
;MESH:NONMESH
G0 F600 X73.796 Y58.157 Z2.9
G0 F7200 X74.552 Y58.32
G0 X66.8 Y58.443
G0 X66.051 Y56.586
G0 X64.93 Y42.231
G0 X63.835 Y42.231
G0 X55.223 Y39.837
G0 X44.935 Y39.836
G0 X36.165 Y41.8
G0 X35.072 Y41.8
G0 X34.138 Y41.562
G0 X26.8 Y41.557
G0 X25.41 Y42.231
G0 X25.26 Y42.231
;TIME_ELAPSED:494.391778
;LAYER:26
;TYPE:FILL
;MESH:pin.stl
G1 F1500 E6.5
G1 F3600 X25.924 Y42.895 E0.01562
G1 X25.994 Y42.965
G0 F7200 X25.771 Y42.875
G0 X25.59 Y45.975
G0 X25.739 Y45.975
G1 F3600 X25.261 Y46.454 E0.01125
G0 F7200 X25.41 Y46.454
G0 X25.41 Y47.887
G0 X25.26 Y47.887
G1 F3600 X25.74 Y48.368 E0.0113
G0 F7200 X25.59 Y48.368
G0 X25.59 Y51.632
G0 X25.739 Y51.632
G1 F3600 X25.261 Y52.111 E0.01125
G0 F7200 X25.41 Y52.111
G0 X25.41 Y53.544
G0 X25.26 Y53.544
G1 F3600 X25.74 Y54.024 E0.01129
G0 F7200 X25.59 Y54.024
G0 X25.651 Y56.663
G0 X25.923 Y57.106
G1 F3600 X25.261 Y57.768 E0.01557
G1 X25.191 Y57.838
G0 F7200 X25.41 Y57.838
G0 X26.051 Y43.414
G0 X26.8 Y41.557
G0 X29.98 Y41.294
G1 F3600 X29.896 Y41.21 E0.00198
G0 F7200 X30.421 Y41.294
G1 F3600 X30.505 Y41.21 E0.00198
G0 F7200 X26.8 Y41.557
G0 X26.051 Y43.414
G0 X26.051 Y56.586
G0 X26.8 Y58.443
G0 X34.61 Y58.57
G0 X33.8 Y58.57
;TYPE:WALL-INNER
G1 F4079.3 X27.1 Y58.575 E0.09833
G1 F3840 X26.542 Y58.223 E0.01029
G1 F3600 X25.9 Y56.615 E0.02879
G1 X25.9 Y43.5 E0.2181
G1 X25.942 Y43.277 E0.00377
G1 X26.542 Y41.777 E0.02687
G1 F3809.5 X27 Y41.43 E0.00903
G1 F4079.3 X33.7 Y41.425 E0.09833
G1 F3110.2 X34.281 Y41.63 E0.01186
G1 F2500 X34.387 Y42.029 E0.00989
G1 X34.812 Y41.674 E0.01326
G1 X34.812 Y41.188 E0.01164
G1 X34.524 Y41.188 E0.0069
G1 F3110.2 X33.7 Y41.075 E0.01601
G1 F4114.3 X27.1 Y41.075 E0.09604
G1 F3840 X26.084 Y41.1 E0.01584
G1 F3600 X25.101 Y41.101 E0.01635
G1 X25.1 Y58.9 E0.296
G1 X26.084 Y58.9 E0.01636
G1 F3840 X27.1 Y58.925 E0.01584
G1 F4079.3 X33.83 Y58.922 E0.09877
G1 F3090.1 X34.524 Y58.812 E0.01361
G1 F2500 X34.812 Y58.812 E0.0069
G1 X34.812 Y58.323 E0.01171
G1 X34.388 Y57.969 E0.01323
G1 X34.281 Y58.37 E0.00994
G1 F3090.1 X33.8 Y58.57 E0.01009
G0 F7200 X33.9 Y58
;TYPE:WALL-OUTER
G1 F1800 X33.869 Y58.108 E0.00187
G1 X33.735 Y58.198 E0.00268
G1 X27.1 Y58.2 E0.11034
G1 X26.914 Y58.075 E0.00373
G1 X26.302 Y56.535 E0.02756
G1 X26.3 Y43.46 E0.21744
G1 X26.914 Y41.925 E0.02749
G1 X27.065 Y41.802 E0.00324
G1 X33.7 Y41.8 E0.11034
G1 X33.869 Y41.892 E0.0032
G1 X33.9 Y42 E0.00187
G1 X33.899 Y43.072 E0.01783
G1 X35.3 Y41.902 E0.03035
G1 X35.3 Y41.018 E0.0147
G1 X35.213 Y40.799 E0.00392
G1 X35.016 Y40.7 E0.00367
G1 X25.016 Y40.7 E0.1663
G1 X24.799 Y40.786 E0.00388
G1 X24.7 Y40.98 E0.00362
G1 X24.7 Y58.981 E0.29936
G1 X24.786 Y59.201 E0.00393
G1 X24.98 Y59.3 E0.00362
G1 X34.978 Y59.3 E0.16627
G1 X35.201 Y59.213 E0.00398
G1 X35.3 Y59.016 E0.00367
G1 X35.3 Y58.094 E0.01533
G1 X33.9 Y56.928 E0.0303
G1 X33.9 Y58 E0.01783
G0 F7200 X33.869 Y58.108
G0 X33.796 Y58.157
G1 F1500 E-6.5
G0 F7200 X34.552 Y58.32
G0 X36.165 Y58.2
G0 X43.835 Y58.2
G0 X44.93 Y58.2
G0 X45.41 Y56.573
G0 X45.26 Y56.573
;TYPE:FILL
G1 F1500 E6.5
G1 F3600 X46.012 Y57.326 E0.0177
G1 X46.082 Y57.396
G0 F7200 X45.907 Y57.466
G0 X46.422 Y58.634
G0 X47.008 Y58.647
G1 F3600 X46.877 Y58.779 E0.00309
G0 F7200 X46.422 Y58.634
G0 X45.651 Y56.663
G0 X45.41 Y54.739
G0 X45.26 Y54.739
G1 F3600 X45.74 Y54.259 E0.01129
G0 F7200 X45.59 Y54.259
G0 X45.59 Y51.397
G0 X45.741 Y51.397
G1 F3600 X45.26 Y50.917 E0.0113
G0 F7200 X45.41 Y50.917
G0 X45.41 Y49.082
G0 X45.26 Y49.082
G1 F3600 X45.74 Y48.602 E0.01129
G0 F7200 X45.59 Y48.602
G0 X45.59 Y45.741
G0 X45.741 Y45.741
G1 F3600 X45.26 Y45.26 E0.01131
G0 F7200 X45.41 Y45.26
G0 X45.41 Y43.425
G0 X45.26 Y43.425
G1 F3600 X46.011 Y42.674 E0.01766
G1 X46.081 Y42.604
G0 F7200 X45.908 Y42.534
G0 X46.422 Y41.366
G0 X46.964 Y41.307
G1 F3600 X46.878 Y41.221 E0.00202
G0 F7200 X47.39 Y41.296
G1 F3600 X47.475 Y41.21 E0.00201
G0 F7200 X52.524 Y41.21
G1 F3600 X52.605 Y41.291 E0.0019
G0 F7200 X53.051 Y41.291
G1 F3600 X53.132 Y41.21 E0.0019
G0 F7200 X46.8 Y41.557
G0 X46.051 Y43.414
G0 X46.051 Y56.586
G0 X46.8 Y58.443
G0 X54.61 Y58.57
G0 X53.8 Y58.57
;TYPE:WALL-INNER
G1 F4079.3 X47.1 Y58.575 E0.09833
G1 F3840 X46.542 Y58.223 E0.01029
G1 F3600 X45.9 Y56.615 E0.02879
G1 X45.9 Y43.5 E0.2181
G1 X45.942 Y43.277 E0.00377
G1 X46.542 Y41.777 E0.02687
G1 F3809.5 X47 Y41.43 E0.00903
G1 F4079.3 X53.7 Y41.425 E0.09833
G1 F3110.2 X54.281 Y41.63 E0.01186
G1 F2500 X54.387 Y42.029 E0.00989
G1 X54.812 Y41.674 E0.01326
G1 X54.812 Y41.188 E0.01164
G1 X54.524 Y41.188 E0.0069
G1 F3110.2 X53.7 Y41.075 E0.01601
G1 F4114.3 X47.1 Y41.075 E0.09604
G1 F3840 X46.084 Y41.1 E0.01584
G1 F3600 X45.101 Y41.101 E0.01635
G1 X45.1 Y58.9 E0.296
G1 X46.084 Y58.9 E0.01636
G1 F3840 X47.1 Y58.925 E0.01584
G1 F4079.3 X53.83 Y58.922 E0.09877
G1 F3090.1 X54.524 Y58.812 E0.01361
G1 F2500 X54.812 Y58.812 E0.0069
G1 X54.812 Y58.323 E0.01171
G1 X54.388 Y57.969 E0.01323
G1 X54.281 Y58.37 E0.00994
G1 F3090.1 X53.8 Y58.57 E0.01009
G0 F7200 X53.9 Y58
;TYPE:WALL-OUTER
G1 F1800 X53.869 Y58.108 E0.00187
G1 X53.735 Y58.198 E0.00268
G1 X47.1 Y58.2 E0.11034
G1 X46.914 Y58.075 E0.00373
G1 X46.302 Y56.535 E0.02756
G1 X46.3 Y43.46 E0.21744
G1 X46.914 Y41.925 E0.02749
G1 X47.065 Y41.802 E0.00324
G1 X53.7 Y41.8 E0.11034
G1 X53.869 Y41.892 E0.0032
G1 X53.9 Y42 E0.00187
G1 X53.899 Y43.072 E0.01783
G1 X55.3 Y41.902 E0.03035
G1 X55.3 Y41.018 E0.0147
G1 X55.213 Y40.799 E0.00392
G1 X55.016 Y40.7 E0.00367
G1 X45.016 Y40.7 E0.1663
G1 X44.799 Y40.786 E0.00388
G1 X44.7 Y40.98 E0.00362
G1 X44.7 Y58.981 E0.29936
G1 X44.786 Y59.201 E0.00393
G1 X44.98 Y59.3 E0.00362
G1 X54.978 Y59.3 E0.16627
G1 X55.201 Y59.213 E0.00398
G1 X55.3 Y59.016 E0.00367
G1 X55.3 Y58.094 E0.01533
G1 X53.9 Y56.928 E0.0303
G1 X53.9 Y58 E0.01783
G0 F7200 X53.869 Y58.108
G0 X53.796 Y58.157
G1 F1500 E-6.5
G0 F7200 X54.552 Y58.32
G0 X56.165 Y58.2
G0 X63.835 Y58.2
G0 X64.93 Y58.2
G0 X65.41 Y57.366
G0 X65.26 Y57.366
;TYPE:FILL
G1 F1500 E6.5
G1 F3600 X65.808 Y56.818 E0.01289
G0 F7200 X65.67 Y56.873
G0 X65.59 Y54.427
G0 X65.74 Y54.427
G1 F3600 X65.26 Y53.946 E0.0113
G0 F7200 X65.41 Y53.946
G0 X65.41 Y51.709
G0 X65.26 Y51.709
G1 F3600 X65.74 Y51.23 E0.01128
G0 F7200 X65.59 Y51.23
G0 X65.59 Y48.77
G0 X65.74 Y48.77
G1 F3600 X65.26 Y48.29 E0.01129
G0 F7200 X65.41 Y48.29
G0 X65.41 Y46.052
G0 X65.261 Y46.052
G1 F3600 X65.74 Y45.573 E0.01127
G0 F7200 X65.59 Y45.573
G0 X65.671 Y43.125
G0 X65.808 Y43.181
G1 F3600 X65.26 Y42.633 E0.01289
G0 F7200 X65.41 Y42.633
G0 X66.8 Y41.557
G0 X69.494 Y41.21
G1 F3600 X69.577 Y41.293 E0.00195
G0 F7200 X70.02 Y41.293
G1 F3600 X70.103 Y41.21 E0.00195
G0 F7200 X66.8 Y41.557
G0 X66.051 Y43.414
G0 X66.051 Y56.586
G0 X66.8 Y58.443
G0 X74.61 Y58.57
G0 X73.8 Y58.57
;TYPE:WALL-INNER
G1 F4079.3 X67.1 Y58.575 E0.09833
G1 F3840 X66.542 Y58.223 E0.01029
G1 F3600 X65.9 Y56.615 E0.02879
G1 X65.9 Y43.5 E0.2181
G1 X65.942 Y43.277 E0.00377
G1 X66.542 Y41.777 E0.02687
G1 F3809.5 X67 Y41.43 E0.00903
G1 F4079.3 X73.7 Y41.425 E0.09833
G1 F3110.2 X74.281 Y41.63 E0.01186
G1 F2500 X74.387 Y42.029 E0.00989
G1 X74.812 Y41.674 E0.01326
G1 X74.812 Y41.188 E0.01164
G1 X74.524 Y41.188 E0.0069
G1 F3110.2 X73.7 Y41.075 E0.01601
G1 F4114.3 X67.1 Y41.075 E0.09604
G1 F3840 X66.084 Y41.1 E0.01584
G1 F3600 X65.101 Y41.101 E0.01635
G1 X65.1 Y58.9 E0.296
G1 X66.084 Y58.9 E0.01636
G1 F3840 X67.1 Y58.925 E0.01584
G1 F4079.3 X73.83 Y58.922 E0.09877
G1 F3090.1 X74.524 Y58.812 E0.01361
G1 F2500 X74.812 Y58.812 E0.0069
G1 X74.812 Y58.323 E0.01171
G1 X74.388 Y57.969 E0.01323
G1 X74.281 Y58.37 E0.00994
G1 F3090.1 X73.8 Y58.57 E0.01009
G0 F7200 X73.9 Y58
;TYPE:WALL-OUTER
G1 F1800 X73.869 Y58.108 E0.00187
G1 X73.735 Y58.198 E0.00268
G1 X67.1 Y58.2 E0.11034
G1 X66.914 Y58.075 E0.00373
G1 X66.302 Y56.535 E0.02756
G1 X66.3 Y43.46 E0.21744
G1 X66.914 Y41.925 E0.02749
G1 X67.065 Y41.802 E0.00324
G1 X73.7 Y41.8 E0.11034
G1 X73.869 Y41.892 E0.0032
G1 X73.9 Y42 E0.00187
G1 X73.899 Y43.072 E0.01783
G1 X75.3 Y41.902 E0.03035
G1 X75.3 Y41.018 E0.0147
G1 X75.213 Y40.799 E0.00392
G1 X75.016 Y40.7 E0.00367
G1 X65.016 Y40.7 E0.1663
G1 X64.799 Y40.786 E0.00388
G1 X64.7 Y40.98 E0.00362
G1 X64.7 Y58.981 E0.29936
G1 X64.786 Y59.201 E0.00393
G1 X64.98 Y59.3 E0.00362
G1 X74.978 Y59.3 E0.16627
G1 X75.201 Y59.213 E0.00398
G1 X75.3 Y59.016 E0.00367
G1 X75.3 Y58.094 E0.01533
G1 X73.9 Y56.928 E0.0303
G1 X73.9 Y58 E0.01783
G0 F7200 X73.869 Y58.108
G0 X73.796 Y58.157
G1 F1500 E-6.5
;MESH:NONMESH
G0 F600 X73.796 Y58.157 Z3
G0 F7200 X74.552 Y58.32
G0 X66.8 Y58.443
G0 X66.051 Y56.586
G0 X64.93 Y42.231
G0 X63.835 Y42.231
G0 X55.223 Y39.837
G0 X44.935 Y39.836
G0 X36.165 Y41.8
G0 X35.072 Y41.8
G0 X34.138 Y41.562
G0 X26.8 Y41.557
G0 X25.41 Y42.231
G0 X25.26 Y42.231
;TIME_ELAPSED:511.620579
;LAYER:27
;TYPE:FILL
;MESH:pin.stl
G1 F1500 E6.5
G1 F3600 X25.924 Y42.895 E0.01562
G1 X25.994 Y42.965
G0 F7200 X25.771 Y42.875
G0 X25.59 Y45.975
G0 X25.739 Y45.975
G1 F3600 X25.261 Y46.454 E0.01125
G0 F7200 X25.41 Y46.454
G0 X25.41 Y47.887
G0 X25.26 Y47.887
G1 F3600 X25.74 Y48.368 E0.0113
G0 F7200 X25.59 Y48.368
G0 X25.59 Y51.632
G0 X25.739 Y51.632
G1 F3600 X25.261 Y52.111 E0.01125
G0 F7200 X25.41 Y52.111
G0 X25.41 Y53.544
G0 X25.26 Y53.544
G1 F3600 X25.74 Y54.024 E0.01129
G0 F7200 X25.59 Y54.024
G0 X25.651 Y56.663
G0 X25.923 Y57.106
G1 F3600 X25.261 Y57.768 E0.01557
G1 X25.191 Y57.838
G0 F7200 X25.41 Y57.838
G0 X26.051 Y43.414
G0 X26.8 Y41.557
G0 X29.98 Y41.294
G1 F3600 X29.896 Y41.21 E0.00198
G0 F7200 X30.421 Y41.294
G1 F3600 X30.505 Y41.21 E0.00198
G0 F7200 X26.8 Y41.557
G0 X26.051 Y43.414
G0 X26.051 Y56.586
G0 X26.8 Y58.443
G0 X34.61 Y58.57
G0 X33.8 Y58.57
;TYPE:WALL-INNER
G1 F4079.3 X27.1 Y58.575 E0.09833
G1 F3840 X26.542 Y58.223 E0.01029
G1 F3600 X25.9 Y56.615 E0.02879
G1 X25.9 Y43.5 E0.2181
G1 X25.942 Y43.277 E0.00377
G1 X26.542 Y41.777 E0.02687
G1 F3809.5 X27 Y41.43 E0.00903
G1 F4079.3 X33.7 Y41.425 E0.09833
G1 F3110.2 X34.281 Y41.63 E0.01186
G1 F2500 X34.387 Y42.029 E0.00989
G1 X34.812 Y41.674 E0.01326
G1 X34.812 Y41.188 E0.01164
G1 X34.524 Y41.188 E0.0069
G1 F3110.2 X33.7 Y41.075 E0.01601
G1 F4114.3 X27.1 Y41.075 E0.09604
G1 F3840 X26.084 Y41.1 E0.01584
G1 F3600 X25.101 Y41.101 E0.01635
G1 X25.1 Y58.9 E0.296
G1 X26.084 Y58.9 E0.01636
G1 F3840 X27.1 Y58.925 E0.01584
G1 F4079.3 X33.83 Y58.922 E0.09877
G1 F3090.1 X34.524 Y58.812 E0.01361
G1 F2500 X34.812 Y58.812 E0.0069
G1 X34.812 Y58.323 E0.01171
G1 X34.388 Y57.969 E0.01323
G1 X34.281 Y58.37 E0.00994
G1 F3090.1 X33.8 Y58.57 E0.01009
G0 F7200 X33.9 Y58
;TYPE:WALL-OUTER
G1 F1800 X33.869 Y58.108 E0.00187
G1 X33.735 Y58.198 E0.00268
G1 X27.1 Y58.2 E0.11034
G1 X26.914 Y58.075 E0.00373
G1 X26.302 Y56.535 E0.02756
G1 X26.3 Y43.46 E0.21744
G1 X26.914 Y41.925 E0.02749
G1 X27.065 Y41.802 E0.00324
G1 X33.7 Y41.8 E0.11034
G1 X33.869 Y41.892 E0.0032
G1 X33.9 Y42 E0.00187
G1 X33.899 Y43.072 E0.01783
G1 X35.3 Y41.902 E0.03035
G1 X35.3 Y41.018 E0.0147
G1 X35.213 Y40.799 E0.00392
G1 X35.016 Y40.7 E0.00367
G1 X25.016 Y40.7 E0.1663
G1 X24.799 Y40.786 E0.00388
G1 X24.7 Y40.98 E0.00362
G1 X24.7 Y58.981 E0.29936
G1 X24.786 Y59.201 E0.00393
G1 X24.98 Y59.3 E0.00362
G1 X34.978 Y59.3 E0.16627
G1 X35.201 Y59.213 E0.00398
G1 X35.3 Y59.016 E0.00367
G1 X35.3 Y58.094 E0.01533
G1 X33.9 Y56.928 E0.0303
G1 X33.9 Y58 E0.01783
G0 F7200 X33.869 Y58.108
G0 X33.796 Y58.157
G1 F1500 E-6.5
G0 F7200 X34.552 Y58.32
G0 X36.165 Y58.2
G0 X43.835 Y58.2
G0 X44.93 Y58.2
G0 X45.41 Y56.573
G0 X45.26 Y56.573
;TYPE:FILL
G1 F1500 E6.5
G1 F3600 X46.012 Y57.326 E0.0177
G1 X46.082 Y57.396
G0 F7200 X45.907 Y57.466
G0 X46.422 Y58.634
G0 X47.008 Y58.647
G1 F3600 X46.877 Y58.779 E0.00309
G0 F7200 X46.422 Y58.634
G0 X45.651 Y56.663
G0 X45.41 Y54.739
G0 X45.26 Y54.739
G1 F3600 X45.74 Y54.259 E0.01129
G0 F7200 X45.59 Y54.259
G0 X45.59 Y51.397
G0 X45.741 Y51.397
G1 F3600 X45.26 Y50.917 E0.0113
G0 F7200 X45.41 Y50.917
G0 X45.41 Y49.082
G0 X45.26 Y49.082
G1 F3600 X45.74 Y48.602 E0.01129
G0 F7200 X45.59 Y48.602
G0 X45.59 Y45.741
G0 X45.741 Y45.741
G1 F3600 X45.26 Y45.26 E0.01131
G0 F7200 X45.41 Y45.26
G0 X45.41 Y43.425
G0 X45.26 Y43.425
G1 F3600 X46.011 Y42.674 E0.01766
G1 X46.081 Y42.604
G0 F7200 X45.908 Y42.534
G0 X46.422 Y41.366
G0 X46.964 Y41.307
G1 F3600 X46.878 Y41.221 E0.00202
G0 F7200 X47.39 Y41.296
G1 F3600 X47.475 Y41.21 E0.00201
G0 F7200 X52.524 Y41.21
G1 F3600 X52.605 Y41.291 E0.0019
G0 F7200 X53.051 Y41.291
G1 F3600 X53.132 Y41.21 E0.0019
G0 F7200 X46.8 Y41.557
G0 X46.051 Y43.414
G0 X46.051 Y56.586
G0 X46.8 Y58.443
G0 X54.61 Y58.57
G0 X53.8 Y58.57
;TYPE:WALL-INNER
G1 F4079.3 X47.1 Y58.575 E0.09833
G1 F3840 X46.542 Y58.223 E0.01029
G1 F3600 X45.9 Y56.615 E0.02879
G1 X45.9 Y43.5 E0.2181
G1 X45.942 Y43.277 E0.00377
G1 X46.542 Y41.777 E0.02687
G1 F3809.5 X47 Y41.43 E0.00903
G1 F4079.3 X53.7 Y41.425 E0.09833
G1 F3110.2 X54.281 Y41.63 E0.01186
G1 F2500 X54.387 Y42.029 E0.00989
G1 X54.812 Y41.674 E0.01326
G1 X54.812 Y41.188 E0.01164
G1 X54.524 Y41.188 E0.0069
G1 F3110.2 X53.7 Y41.075 E0.01601
G1 F4114.3 X47.1 Y41.075 E0.09604
G1 F3840 X46.084 Y41.1 E0.01584
G1 F3600 X45.101 Y41.101 E0.01635
G1 X45.1 Y58.9 E0.296
G1 X46.084 Y58.9 E0.01636
G1 F3840 X47.1 Y58.925 E0.01584
G1 F4079.3 X53.83 Y58.922 E0.09877
G1 F3090.1 X54.524 Y58.812 E0.01361
G1 F2500 X54.812 Y58.812 E0.0069
G1 X54.812 Y58.323 E0.01171
G1 X54.388 Y57.969 E0.01323
G1 X54.281 Y58.37 E0.00994
G1 F3090.1 X53.8 Y58.57 E0.01009
G0 F7200 X53.9 Y58
;TYPE:WALL-OUTER
G1 F1800 X53.869 Y58.108 E0.00187
G1 X53.735 Y58.198 E0.00268
G1 X47.1 Y58.2 E0.11034
G1 X46.914 Y58.075 E0.00373
G1 X46.302 Y56.535 E0.02756
G1 X46.3 Y43.46 E0.21744
G1 X46.914 Y41.925 E0.02749
G1 X47.065 Y41.802 E0.00324
G1 X53.7 Y41.8 E0.11034
G1 X53.869 Y41.892 E0.0032
G1 X53.9 Y42 E0.00187
G1 X53.899 Y43.072 E0.01783
G1 X55.3 Y41.902 E0.03035
G1 X55.3 Y41.018 E0.0147
G1 X55.213 Y40.799 E0.00392
G1 X55.016 Y40.7 E0.00367
G1 X45.016 Y40.7 E0.1663
G1 X44.799 Y40.786 E0.00388
G1 X44.7 Y40.98 E0.00362
G1 X44.7 Y58.981 E0.29936
G1 X44.786 Y59.201 E0.00393
G1 X44.98 Y59.3 E0.00362
G1 X54.978 Y59.3 E0.16627
G1 X55.201 Y59.213 E0.00398
G1 X55.3 Y59.016 E0.00367
G1 X55.3 Y58.094 E0.01533
G1 X53.9 Y56.928 E0.0303
G1 X53.9 Y58 E0.01783
G0 F7200 X53.869 Y58.108
G0 X53.796 Y58.157
G1 F1500 E-6.5
G0 F7200 X54.552 Y58.32
G0 X56.165 Y58.2
G0 X63.835 Y58.2
G0 X64.93 Y58.2
G0 X65.41 Y57.366
G0 X65.26 Y57.366
;TYPE:FILL
G1 F1500 E6.5
G1 F3600 X65.808 Y56.818 E0.01289
G0 F7200 X65.67 Y56.873
G0 X65.59 Y54.427
G0 X65.74 Y54.427
G1 F3600 X65.26 Y53.946 E0.0113
G0 F7200 X65.41 Y53.946
G0 X65.41 Y51.709
G0 X65.26 Y51.709
G1 F3600 X65.74 Y51.23 E0.01128
G0 F7200 X65.59 Y51.23
G0 X65.59 Y48.77
G0 X65.74 Y48.77
G1 F3600 X65.26 Y48.29 E0.01129
G0 F7200 X65.41 Y48.29
G0 X65.41 Y46.052
G0 X65.261 Y46.052
G1 F3600 X65.74 Y45.573 E0.01127
G0 F7200 X65.59 Y45.573
G0 X65.671 Y43.125
G0 X65.808 Y43.181
G1 F3600 X65.26 Y42.633 E0.01289
G0 F7200 X65.41 Y42.633
G0 X66.8 Y41.557
G0 X69.494 Y41.21
G1 F3600 X69.577 Y41.293 E0.00195
G0 F7200 X70.02 Y41.293
G1 F3600 X70.103 Y41.21 E0.00195
G0 F7200 X66.8 Y41.557
G0 X66.051 Y43.414
G0 X66.051 Y56.586
G0 X66.8 Y58.443
G0 X74.61 Y58.57
G0 X73.8 Y58.57
;TYPE:WALL-INNER
G1 F4079.3 X67.1 Y58.575 E0.09833
G1 F3840 X66.542 Y58.223 E0.01029
G1 F3600 X65.9 Y56.615 E0.02879
G1 X65.9 Y43.5 E0.2181
G1 X65.942 Y43.277 E0.00377
G1 X66.542 Y41.777 E0.02687
G1 F3809.5 X67 Y41.43 E0.00903
G1 F4079.3 X73.7 Y41.425 E0.09833
G1 F3110.2 X74.281 Y41.63 E0.01186
G1 F2500 X74.387 Y42.029 E0.00989
G1 X74.812 Y41.674 E0.01326
G1 X74.812 Y41.188 E0.01164
G1 X74.524 Y41.188 E0.0069
G1 F3110.2 X73.7 Y41.075 E0.01601
G1 F4114.3 X67.1 Y41.075 E0.09604
G1 F3840 X66.084 Y41.1 E0.01584
G1 F3600 X65.101 Y41.101 E0.01635
G1 X65.1 Y58.9 E0.296
G1 X66.084 Y58.9 E0.01636
G1 F3840 X67.1 Y58.925 E0.01584
G1 F4079.3 X73.83 Y58.922 E0.09877
G1 F3090.1 X74.524 Y58.812 E0.01361
G1 F2500 X74.812 Y58.812 E0.0069
G1 X74.812 Y58.323 E0.01171
G1 X74.388 Y57.969 E0.01323
G1 X74.281 Y58.37 E0.00994
G1 F3090.1 X73.8 Y58.57 E0.01009
G0 F7200 X73.9 Y58
;TYPE:WALL-OUTER
G1 F1800 X73.869 Y58.108 E0.00187
G1 X73.735 Y58.198 E0.00268
G1 X67.1 Y58.2 E0.11034
G1 X66.914 Y58.075 E0.00373
G1 X66.302 Y56.535 E0.02756
G1 X66.3 Y43.46 E0.21744
G1 X66.914 Y41.925 E0.02749
G1 X67.065 Y41.802 E0.00324
G1 X73.7 Y41.8 E0.11034
G1 X73.869 Y41.892 E0.0032
G1 X73.9 Y42 E0.00187
G1 X73.899 Y43.072 E0.01783
G1 X75.3 Y41.902 E0.03035
G1 X75.3 Y41.018 E0.0147
G1 X75.213 Y40.799 E0.00392
G1 X75.016 Y40.7 E0.00367
G1 X65.016 Y40.7 E0.1663
G1 X64.799 Y40.786 E0.00388
G1 X64.7 Y40.98 E0.00362
G1 X64.7 Y58.981 E0.29936
G1 X64.786 Y59.201 E0.00393
G1 X64.98 Y59.3 E0.00362
G1 X74.978 Y59.3 E0.16627
G1 X75.201 Y59.213 E0.00398
G1 X75.3 Y59.016 E0.00367
G1 X75.3 Y58.094 E0.01533
G1 X73.9 Y56.928 E0.0303
G1 X73.9 Y58 E0.01783
G0 F7200 X73.869 Y58.108
G0 X73.796 Y58.157
G1 F1500 E-6.5
;MESH:NONMESH
G0 F600 X73.796 Y58.157 Z3.1
G0 F7200 X74.552 Y58.32
G0 X66.8 Y58.443
G0 X66.051 Y56.586
G0 X64.93 Y42.231
G0 X63.835 Y42.231
G0 X55.223 Y39.837
G0 X44.935 Y39.836
G0 X36.165 Y41.8
G0 X35.072 Y41.8
G0 X34.138 Y41.562
G0 X26.8 Y41.557
G0 X25.41 Y42.231
G0 X25.26 Y42.231
;TIME_ELAPSED:528.849380
;LAYER:28
;TYPE:FILL
;MESH:pin.stl
G1 F1500 E6.5
G1 F3600 X25.924 Y42.895 E0.01562
G1 X25.994 Y42.965
G0 F7200 X25.771 Y42.875
G0 X25.59 Y45.975
G0 X25.739 Y45.975
G1 F3600 X25.261 Y46.454 E0.01125
G0 F7200 X25.41 Y46.454
G0 X25.41 Y47.887
G0 X25.26 Y47.887
G1 F3600 X25.74 Y48.368 E0.0113
G0 F7200 X25.59 Y48.368
G0 X25.59 Y51.632
G0 X25.739 Y51.632
G1 F3600 X25.261 Y52.111 E0.01125
G0 F7200 X25.41 Y52.111
G0 X25.41 Y53.544
G0 X25.26 Y53.544
G1 F3600 X25.74 Y54.024 E0.01129
G0 F7200 X25.59 Y54.024
G0 X25.651 Y56.663
G0 X25.923 Y57.106
G1 F3600 X25.261 Y57.768 E0.01557
G1 X25.191 Y57.838
G0 F7200 X25.41 Y57.838
G0 X26.051 Y43.414
G0 X26.8 Y41.557
G0 X29.98 Y41.294
G1 F3600 X29.896 Y41.21 E0.00198
G0 F7200 X30.421 Y41.294
G1 F3600 X30.505 Y41.21 E0.00198
G0 F7200 X26.8 Y41.557
G0 X26.051 Y43.414
G0 X26.051 Y56.586
G0 X26.8 Y58.443
G0 X34.61 Y58.57
G0 X33.8 Y58.57
;TYPE:WALL-INNER
G1 F4079.3 X27.1 Y58.575 E0.09833
G1 F3840 X26.542 Y58.223 E0.01029
G1 F3600 X25.9 Y56.615 E0.02879
G1 X25.9 Y43.5 E0.2181
G1 X25.942 Y43.277 E0.00377
G1 X26.542 Y41.777 E0.02687
G1 F3809.5 X27 Y41.43 E0.00903
G1 F4079.3 X33.7 Y41.425 E0.09833
G1 F3110.2 X34.281 Y41.63 E0.01186
G1 F2500 X34.387 Y42.029 E0.00989
G1 X34.812 Y41.674 E0.01326
G1 X34.812 Y41.188 E0.01164
G1 X34.524 Y41.188 E0.0069
G1 F3110.2 X33.7 Y41.075 E0.01601
G1 F4114.3 X27.1 Y41.075 E0.09604
G1 F3840 X26.084 Y41.1 E0.01584
G1 F3600 X25.101 Y41.101 E0.01635
G1 X25.1 Y58.9 E0.296
G1 X26.084 Y58.9 E0.01636
G1 F3840 X27.1 Y58.925 E0.01584
G1 F4079.3 X33.83 Y58.922 E0.09877
G1 F3090.1 X34.524 Y58.812 E0.01361
G1 F2500 X34.812 Y58.812 E0.0069
G1 X34.812 Y58.323 E0.01171
G1 X34.388 Y57.969 E0.01323
G1 X34.281 Y58.37 E0.00994
G1 F3090.1 X33.8 Y58.57 E0.01009
G0 F7200 X33.9 Y58
;TYPE:WALL-OUTER
G1 F1800 X33.869 Y58.108 E0.00187
G1 X33.735 Y58.198 E0.00268
G1 X27.1 Y58.2 E0.11034
G1 X26.914 Y58.075 E0.00373
G1 X26.302 Y56.535 E0.02756
G1 X26.3 Y43.46 E0.21744
G1 X26.914 Y41.925 E0.02749
G1 X27.065 Y41.802 E0.00324
G1 X33.7 Y41.8 E0.11034
G1 X33.869 Y41.892 E0.0032
G1 X33.9 Y42 E0.00187
G1 X33.899 Y43.072 E0.01783
G1 X35.3 Y41.902 E0.03035
G1 X35.3 Y41.018 E0.0147
G1 X35.213 Y40.799 E0.00392
G1 X35.016 Y40.7 E0.00367
G1 X25.016 Y40.7 E0.1663
G1 X24.799 Y40.786 E0.00388
G1 X24.7 Y40.98 E0.00362
G1 X24.7 Y58.981 E0.29936
G1 X24.786 Y59.201 E0.00393
G1 X24.98 Y59.3 E0.00362
G1 X34.978 Y59.3 E0.16627
G1 X35.201 Y59.213 E0.00398
G1 X35.3 Y59.016 E0.00367
G1 X35.3 Y58.094 E0.01533
G1 X33.9 Y56.928 E0.0303
G1 X33.9 Y58 E0.01783
G0 F7200 X33.869 Y58.108
G0 X33.796 Y58.157
G1 F1500 E-6.5
G0 F7200 X34.552 Y58.32
G0 X36.165 Y58.2
G0 X43.835 Y58.2
G0 X44.93 Y58.2
G0 X45.41 Y56.573
G0 X45.26 Y56.573
;TYPE:FILL
G1 F1500 E6.5
G1 F3600 X46.012 Y57.326 E0.0177
G1 X46.082 Y57.396
G0 F7200 X45.907 Y57.466
G0 X46.422 Y58.634
G0 X47.008 Y58.647
G1 F3600 X46.877 Y58.779 E0.00309
G0 F7200 X46.422 Y58.634
G0 X45.651 Y56.663
G0 X45.41 Y54.739
G0 X45.26 Y54.739
G1 F3600 X45.74 Y54.259 E0.01129
G0 F7200 X45.59 Y54.259
G0 X45.59 Y51.397
G0 X45.741 Y51.397
G1 F3600 X45.26 Y50.917 E0.0113
G0 F7200 X45.41 Y50.917
G0 X45.41 Y49.082
G0 X45.26 Y49.082
G1 F3600 X45.74 Y48.602 E0.01129
G0 F7200 X45.59 Y48.602
G0 X45.59 Y45.741
G0 X45.741 Y45.741
G1 F3600 X45.26 Y45.26 E0.01131
G0 F7200 X45.41 Y45.26
G0 X45.41 Y43.425
G0 X45.26 Y43.425
G1 F3600 X46.011 Y42.674 E0.01766
G1 X46.081 Y42.604
G0 F7200 X45.908 Y42.534
G0 X46.422 Y41.366
G0 X46.964 Y41.307
G1 F3600 X46.878 Y41.221 E0.00202
G0 F7200 X47.39 Y41.296
G1 F3600 X47.475 Y41.21 E0.00201
G0 F7200 X52.524 Y41.21
G1 F3600 X52.605 Y41.291 E0.0019
G0 F7200 X53.051 Y41.291
G1 F3600 X53.132 Y41.21 E0.0019
G0 F7200 X46.8 Y41.557
G0 X46.051 Y43.414
G0 X46.051 Y56.586
G0 X46.8 Y58.443
G0 X54.61 Y58.57
G0 X53.8 Y58.57
;TYPE:WALL-INNER
G1 F4079.3 X47.1 Y58.575 E0.09833
G1 F3840 X46.542 Y58.223 E0.01029
G1 F3600 X45.9 Y56.615 E0.02879
G1 X45.9 Y43.5 E0.2181
G1 X45.942 Y43.277 E0.00377
G1 X46.542 Y41.777 E0.02687
G1 F3809.5 X47 Y41.43 E0.00903
G1 F4079.3 X53.7 Y41.425 E0.09833
G1 F3110.2 X54.281 Y41.63 E0.01186
G1 F2500 X54.387 Y42.029 E0.00989
G1 X54.812 Y41.674 E0.01326
G1 X54.812 Y41.188 E0.01164
G1 X54.524 Y41.188 E0.0069
G1 F3110.2 X53.7 Y41.075 E0.01601
G1 F4114.3 X47.1 Y41.075 E0.09604
G1 F3840 X46.084 Y41.1 E0.01584
G1 F3600 X45.101 Y41.101 E0.01635
G1 X45.1 Y58.9 E0.296
G1 X46.084 Y58.9 E0.01636
G1 F3840 X47.1 Y58.925 E0.01584
G1 F4079.3 X53.83 Y58.922 E0.09877
G1 F3090.1 X54.524 Y58.812 E0.01361
G1 F2500 X54.812 Y58.812 E0.0069
G1 X54.812 Y58.323 E0.01171
G1 X54.388 Y57.969 E0.01323
G1 X54.281 Y58.37 E0.00994
G1 F3090.1 X53.8 Y58.57 E0.01009
G0 F7200 X53.9 Y58
;TYPE:WALL-OUTER
G1 F1800 X53.869 Y58.108 E0.00187
G1 X53.735 Y58.198 E0.00268
G1 X47.1 Y58.2 E0.11034
G1 X46.914 Y58.075 E0.00373
G1 X46.302 Y56.535 E0.02756
G1 X46.3 Y43.46 E0.21744
G1 X46.914 Y41.925 E0.02749
G1 X47.065 Y41.802 E0.00324
G1 X53.7 Y41.8 E0.11034
G1 X53.869 Y41.892 E0.0032
G1 X53.9 Y42 E0.00187
G1 X53.899 Y43.072 E0.01783
G1 X55.3 Y41.902 E0.03035
G1 X55.3 Y41.018 E0.0147
G1 X55.213 Y40.799 E0.00392
G1 X55.016 Y40.7 E0.00367
G1 X45.016 Y40.7 E0.1663
G1 X44.799 Y40.786 E0.00388
G1 X44.7 Y40.98 E0.00362
G1 X44.7 Y58.981 E0.29936
G1 X44.786 Y59.201 E0.00393
G1 X44.98 Y59.3 E0.00362
G1 X54.978 Y59.3 E0.16627
G1 X55.201 Y59.213 E0.00398
G1 X55.3 Y59.016 E0.00367
G1 X55.3 Y58.094 E0.01533
G1 X53.9 Y56.928 E0.0303
G1 X53.9 Y58 E0.01783
G0 F7200 X53.869 Y58.108
G0 X53.796 Y58.157
G1 F1500 E-6.5
G0 F7200 X54.552 Y58.32
G0 X56.165 Y58.2
G0 X63.835 Y58.2
G0 X64.93 Y58.2
G0 X65.41 Y57.366
G0 X65.26 Y57.366
;TYPE:FILL
G1 F1500 E6.5
G1 F3600 X65.808 Y56.818 E0.01289
G0 F7200 X65.67 Y56.873
G0 X65.59 Y54.427
G0 X65.74 Y54.427
G1 F3600 X65.26 Y53.946 E0.0113
G0 F7200 X65.41 Y53.946
G0 X65.41 Y51.709
G0 X65.26 Y51.709
G1 F3600 X65.74 Y51.23 E0.01128
G0 F7200 X65.59 Y51.23
G0 X65.59 Y48.77
G0 X65.74 Y48.77
G1 F3600 X65.26 Y48.29 E0.01129
G0 F7200 X65.41 Y48.29
G0 X65.41 Y46.052
G0 X65.261 Y46.052
G1 F3600 X65.74 Y45.573 E0.01127
G0 F7200 X65.59 Y45.573
G0 X65.671 Y43.125
G0 X65.808 Y43.181
G1 F3600 X65.26 Y42.633 E0.01289
G0 F7200 X65.41 Y42.633
G0 X66.8 Y41.557
G0 X69.494 Y41.21
G1 F3600 X69.577 Y41.293 E0.00195
G0 F7200 X70.02 Y41.293
G1 F3600 X70.103 Y41.21 E0.00195
G0 F7200 X66.8 Y41.557
G0 X66.051 Y43.414
G0 X66.051 Y56.586
G0 X66.8 Y58.443
G0 X74.61 Y58.57
G0 X73.8 Y58.57
;TYPE:WALL-INNER
G1 F4079.3 X67.1 Y58.575 E0.09833
G1 F3840 X66.542 Y58.223 E0.01029
G1 F3600 X65.9 Y56.615 E0.02879
G1 X65.9 Y43.5 E0.2181
G1 X65.942 Y43.277 E0.00377
G1 X66.542 Y41.777 E0.02687
G1 F3809.5 X67 Y41.43 E0.00903
G1 F4079.3 X73.7 Y41.425 E0.09833
G1 F3110.2 X74.281 Y41.63 E0.01186
G1 F2500 X74.387 Y42.029 E0.00989
G1 X74.812 Y41.674 E0.01326
G1 X74.812 Y41.188 E0.01164
G1 X74.524 Y41.188 E0.0069
G1 F3110.2 X73.7 Y41.075 E0.01601
G1 F4114.3 X67.1 Y41.075 E0.09604
G1 F3840 X66.084 Y41.1 E0.01584
G1 F3600 X65.101 Y41.101 E0.01635
G1 X65.1 Y58.9 E0.296
G1 X66.084 Y58.9 E0.01636
G1 F3840 X67.1 Y58.925 E0.01584
G1 F4079.3 X73.83 Y58.922 E0.09877
G1 F3090.1 X74.524 Y58.812 E0.01361
G1 F2500 X74.812 Y58.812 E0.0069
G1 X74.812 Y58.323 E0.01171
G1 X74.388 Y57.969 E0.01323
G1 X74.281 Y58.37 E0.00994
G1 F3090.1 X73.8 Y58.57 E0.01009
G0 F7200 X73.9 Y58
;TYPE:WALL-OUTER
G1 F1800 X73.869 Y58.108 E0.00187
G1 X73.735 Y58.198 E0.00268
G1 X67.1 Y58.2 E0.11034
G1 X66.914 Y58.075 E0.00373
G1 X66.302 Y56.535 E0.02756
G1 X66.3 Y43.46 E0.21744
G1 X66.914 Y41.925 E0.02749
G1 X67.065 Y41.802 E0.00324
G1 X73.7 Y41.8 E0.11034
G1 X73.869 Y41.892 E0.0032
G1 X73.9 Y42 E0.00187
G1 X73.899 Y43.072 E0.01783
G1 X75.3 Y41.902 E0.03035
G1 X75.3 Y41.018 E0.0147
G1 X75.213 Y40.799 E0.00392
G1 X75.016 Y40.7 E0.00367
G1 X65.016 Y40.7 E0.1663
G1 X64.799 Y40.786 E0.00388
G1 X64.7 Y40.98 E0.00362
G1 X64.7 Y58.981 E0.29936
G1 X64.786 Y59.201 E0.00393
G1 X64.98 Y59.3 E0.00362
G1 X74.978 Y59.3 E0.16627
G1 X75.201 Y59.213 E0.00398
G1 X75.3 Y59.016 E0.00367
G1 X75.3 Y58.094 E0.01533
G1 X73.9 Y56.928 E0.0303
G1 X73.9 Y58 E0.01783
G0 F7200 X73.869 Y58.108
G0 X73.796 Y58.157
G1 F1500 E-6.5
;MESH:NONMESH
G0 F600 X73.796 Y58.157 Z3.2
G0 F7200 X74.552 Y58.32
G0 X66.8 Y58.443
G0 X66.051 Y56.586
G0 X64.93 Y42.231
G0 X63.835 Y42.231
G0 X55.223 Y39.837
G0 X44.935 Y39.836
G0 X36.165 Y41.8
G0 X35.072 Y41.8
G0 X34.138 Y41.562
G0 X26.8 Y41.557
G0 X25.41 Y42.231
G0 X25.26 Y42.231
;TIME_ELAPSED:546.078182
;LAYER:29
;TYPE:FILL
;MESH:pin.stl
G1 F1500 E6.5
G1 F3600 X25.924 Y42.895 E0.01562
G1 X25.994 Y42.965
G0 F7200 X25.771 Y42.875
G0 X25.59 Y45.975
G0 X25.739 Y45.975
G1 F3600 X25.261 Y46.454 E0.01125
G0 F7200 X25.41 Y46.454
G0 X25.41 Y47.887
G0 X25.26 Y47.887
G1 F3600 X25.74 Y48.368 E0.0113
G0 F7200 X25.59 Y48.368
G0 X25.59 Y51.632
G0 X25.739 Y51.632
G1 F3600 X25.261 Y52.111 E0.01125
G0 F7200 X25.41 Y52.111
G0 X25.41 Y53.544
G0 X25.26 Y53.544
G1 F3600 X25.74 Y54.024 E0.01129
G0 F7200 X25.59 Y54.024
G0 X25.651 Y56.663
G0 X25.923 Y57.106
G1 F3600 X25.261 Y57.768 E0.01557
G1 X25.191 Y57.838
G0 F7200 X25.41 Y57.838
G0 X26.051 Y43.414
G0 X26.8 Y41.557
G0 X29.98 Y41.294
G1 F3600 X29.896 Y41.21 E0.00198
G0 F7200 X30.421 Y41.294
G1 F3600 X30.505 Y41.21 E0.00198
G0 F7200 X26.8 Y41.557
G0 X26.051 Y43.414
G0 X26.051 Y56.586
G0 X26.8 Y58.443
G0 X34.61 Y58.57
G0 X33.8 Y58.57
;TYPE:WALL-INNER
G1 F4079.3 X27.1 Y58.575 E0.09833
G1 F3840 X26.542 Y58.223 E0.01029
G1 F3600 X25.9 Y56.615 E0.02879
G1 X25.9 Y43.5 E0.2181
G1 X25.942 Y43.277 E0.00377
G1 X26.542 Y41.777 E0.02687
G1 F3809.5 X27 Y41.43 E0.00903
G1 F4079.3 X33.7 Y41.425 E0.09833
G1 F3110.2 X34.281 Y41.63 E0.01186
G1 F2500 X34.387 Y42.029 E0.00989
G1 X34.812 Y41.674 E0.01326
G1 X34.812 Y41.188 E0.01164
G1 X34.524 Y41.188 E0.0069
G1 F3110.2 X33.7 Y41.075 E0.01601
G1 F4114.3 X27.1 Y41.075 E0.09604
G1 F3840 X26.084 Y41.1 E0.01584
G1 F3600 X25.101 Y41.101 E0.01635
G1 X25.1 Y58.9 E0.296
G1 X26.084 Y58.9 E0.01636
G1 F3840 X27.1 Y58.925 E0.01584
G1 F4079.3 X33.83 Y58.922 E0.09877
G1 F3090.1 X34.524 Y58.812 E0.01361
G1 F2500 X34.812 Y58.812 E0.0069
G1 X34.812 Y58.323 E0.01171
G1 X34.388 Y57.969 E0.01323
G1 X34.281 Y58.37 E0.00994
G1 F3090.1 X33.8 Y58.57 E0.01009
G0 F7200 X33.9 Y58
;TYPE:WALL-OUTER
G1 F1800 X33.869 Y58.108 E0.00187
G1 X33.735 Y58.198 E0.00268
G1 X27.1 Y58.2 E0.11034
G1 X26.914 Y58.075 E0.00373
G1 X26.302 Y56.535 E0.02756
G1 X26.3 Y43.46 E0.21744
G1 X26.914 Y41.925 E0.02749
G1 X27.065 Y41.802 E0.00324
G1 X33.7 Y41.8 E0.11034
G1 X33.869 Y41.892 E0.0032
G1 X33.9 Y42 E0.00187
G1 X33.899 Y43.072 E0.01783
G1 X35.3 Y41.902 E0.03035
G1 X35.3 Y41.018 E0.0147
G1 X35.213 Y40.799 E0.00392
G1 X35.016 Y40.7 E0.00367
G1 X25.016 Y40.7 E0.1663
G1 X24.799 Y40.786 E0.00388
G1 X24.7 Y40.98 E0.00362
G1 X24.7 Y58.981 E0.29936
G1 X24.786 Y59.201 E0.00393
G1 X24.98 Y59.3 E0.00362
G1 X34.978 Y59.3 E0.16627
G1 X35.201 Y59.213 E0.00398
G1 X35.3 Y59.016 E0.00367
G1 X35.3 Y58.094 E0.01533
G1 X33.9 Y56.928 E0.0303
G1 X33.9 Y58 E0.01783
G0 F7200 X33.869 Y58.108
G0 X33.796 Y58.157
G1 F1500 E-6.5
G0 F7200 X34.552 Y58.32
G0 X36.165 Y58.2
G0 X43.835 Y58.2
G0 X44.93 Y58.2
G0 X45.41 Y56.573
G0 X45.26 Y56.573
;TYPE:FILL
G1 F1500 E6.5
G1 F3600 X46.012 Y57.326 E0.0177
G1 X46.082 Y57.396
G0 F7200 X45.907 Y57.466
G0 X46.422 Y58.634
G0 X47.008 Y58.647
G1 F3600 X46.877 Y58.779 E0.00309
G0 F7200 X46.422 Y58.634
G0 X45.651 Y56.663
G0 X45.41 Y54.739
G0 X45.26 Y54.739
G1 F3600 X45.74 Y54.259 E0.01129
G0 F7200 X45.59 Y54.259
G0 X45.59 Y51.397
G0 X45.741 Y51.397
G1 F3600 X45.26 Y50.917 E0.0113
G0 F7200 X45.41 Y50.917
G0 X45.41 Y49.082
G0 X45.26 Y49.082
G1 F3600 X45.74 Y48.602 E0.01129
G0 F7200 X45.59 Y48.602
G0 X45.59 Y45.741
G0 X45.741 Y45.741
G1 F3600 X45.26 Y45.26 E0.01131
G0 F7200 X45.41 Y45.26
G0 X45.41 Y43.425
G0 X45.26 Y43.425
G1 F3600 X46.011 Y42.674 E0.01766
G1 X46.081 Y42.604
G0 F7200 X45.908 Y42.534
G0 X46.422 Y41.366
G0 X46.964 Y41.307
G1 F3600 X46.878 Y41.221 E0.00202
G0 F7200 X47.39 Y41.296
G1 F3600 X47.475 Y41.21 E0.00201
G0 F7200 X52.524 Y41.21
G1 F3600 X52.605 Y41.291 E0.0019
G0 F7200 X53.051 Y41.291
G1 F3600 X53.132 Y41.21 E0.0019
G0 F7200 X46.8 Y41.557
G0 X46.051 Y43.414
G0 X46.051 Y56.586
G0 X46.8 Y58.443
G0 X54.61 Y58.57
G0 X53.8 Y58.57
;TYPE:WALL-INNER
G1 F4079.3 X47.1 Y58.575 E0.09833
G1 F3840 X46.542 Y58.223 E0.01029
G1 F3600 X45.9 Y56.615 E0.02879
G1 X45.9 Y43.5 E0.2181
G1 X45.942 Y43.277 E0.00377
G1 X46.542 Y41.777 E0.02687
G1 F3809.5 X47 Y41.43 E0.00903
G1 F4079.3 X53.7 Y41.425 E0.09833
G1 F3110.2 X54.281 Y41.63 E0.01186
G1 F2500 X54.387 Y42.029 E0.00989
G1 X54.812 Y41.674 E0.01326
G1 X54.812 Y41.188 E0.01164
G1 X54.524 Y41.188 E0.0069
G1 F3110.2 X53.7 Y41.075 E0.01601
G1 F4114.3 X47.1 Y41.075 E0.09604
G1 F3840 X46.084 Y41.1 E0.01584
G1 F3600 X45.101 Y41.101 E0.01635
G1 X45.1 Y58.9 E0.296
G1 X46.084 Y58.9 E0.01636
G1 F3840 X47.1 Y58.925 E0.01584
G1 F4079.3 X53.83 Y58.922 E0.09877
G1 F3090.1 X54.524 Y58.812 E0.01361
G1 F2500 X54.812 Y58.812 E0.0069
G1 X54.812 Y58.323 E0.01171
G1 X54.388 Y57.969 E0.01323
G1 X54.281 Y58.37 E0.00994
G1 F3090.1 X53.8 Y58.57 E0.01009
G0 F7200 X53.9 Y58
;TYPE:WALL-OUTER
G1 F1800 X53.869 Y58.108 E0.00187
G1 X53.735 Y58.198 E0.00268
G1 X47.1 Y58.2 E0.11034
G1 X46.914 Y58.075 E0.00373
G1 X46.302 Y56.535 E0.02756
G1 X46.3 Y43.46 E0.21744
G1 X46.914 Y41.925 E0.02749
G1 X47.065 Y41.802 E0.00324
G1 X53.7 Y41.8 E0.11034
G1 X53.869 Y41.892 E0.0032
G1 X53.9 Y42 E0.00187
G1 X53.899 Y43.072 E0.01783
G1 X55.3 Y41.902 E0.03035
G1 X55.3 Y41.018 E0.0147
G1 X55.213 Y40.799 E0.00392
G1 X55.016 Y40.7 E0.00367
G1 X45.016 Y40.7 E0.1663
G1 X44.799 Y40.786 E0.00388
G1 X44.7 Y40.98 E0.00362
G1 X44.7 Y58.981 E0.29936
G1 X44.786 Y59.201 E0.00393
G1 X44.98 Y59.3 E0.00362
G1 X54.978 Y59.3 E0.16627
G1 X55.201 Y59.213 E0.00398
G1 X55.3 Y59.016 E0.00367
G1 X55.3 Y58.094 E0.01533
G1 X53.9 Y56.928 E0.0303
G1 X53.9 Y58 E0.01783
G0 F7200 X53.869 Y58.108
G0 X53.796 Y58.157
G1 F1500 E-6.5
G0 F7200 X54.552 Y58.32
G0 X56.165 Y58.2
G0 X63.835 Y58.2
G0 X64.93 Y58.2
G0 X65.41 Y57.366
G0 X65.26 Y57.366
;TYPE:FILL
G1 F1500 E6.5
G1 F3600 X65.808 Y56.818 E0.01289
G0 F7200 X65.67 Y56.873
G0 X65.59 Y54.427
G0 X65.74 Y54.427
G1 F3600 X65.26 Y53.946 E0.0113
G0 F7200 X65.41 Y53.946
G0 X65.41 Y51.709
G0 X65.26 Y51.709
G1 F3600 X65.74 Y51.23 E0.01128
G0 F7200 X65.59 Y51.23
G0 X65.59 Y48.77
G0 X65.74 Y48.77
G1 F3600 X65.26 Y48.29 E0.01129
G0 F7200 X65.41 Y48.29
G0 X65.41 Y46.052
G0 X65.261 Y46.052
G1 F3600 X65.74 Y45.573 E0.01127
G0 F7200 X65.59 Y45.573
G0 X65.671 Y43.125
G0 X65.808 Y43.181
G1 F3600 X65.26 Y42.633 E0.01289
G0 F7200 X65.41 Y42.633
G0 X66.8 Y41.557
G0 X69.494 Y41.21
G1 F3600 X69.577 Y41.293 E0.00195
G0 F7200 X70.02 Y41.293
G1 F3600 X70.103 Y41.21 E0.00195
G0 F7200 X66.8 Y41.557
G0 X66.051 Y43.414
G0 X66.051 Y56.586
G0 X66.8 Y58.443
G0 X74.61 Y58.57
G0 X73.8 Y58.57
;TYPE:WALL-INNER
G1 F4079.3 X67.1 Y58.575 E0.09833
G1 F3840 X66.542 Y58.223 E0.01029
G1 F3600 X65.9 Y56.615 E0.02879
G1 X65.9 Y43.5 E0.2181
G1 X65.942 Y43.277 E0.00377
G1 X66.542 Y41.777 E0.02687
G1 F3809.5 X67 Y41.43 E0.00903
G1 F4079.3 X73.7 Y41.425 E0.09833
G1 F3110.2 X74.281 Y41.63 E0.01186
G1 F2500 X74.387 Y42.029 E0.00989
G1 X74.812 Y41.674 E0.01326
G1 X74.812 Y41.188 E0.01164
G1 X74.524 Y41.188 E0.0069
G1 F3110.2 X73.7 Y41.075 E0.01601
G1 F4114.3 X67.1 Y41.075 E0.09604
G1 F3840 X66.084 Y41.1 E0.01584
G1 F3600 X65.101 Y41.101 E0.01635
G1 X65.1 Y58.9 E0.296
G1 X66.084 Y58.9 E0.01636
G1 F3840 X67.1 Y58.925 E0.01584
G1 F4079.3 X73.83 Y58.922 E0.09877
G1 F3090.1 X74.524 Y58.812 E0.01361
G1 F2500 X74.812 Y58.812 E0.0069
G1 X74.812 Y58.323 E0.01171
G1 X74.388 Y57.969 E0.01323
G1 X74.281 Y58.37 E0.00994
G1 F3090.1 X73.8 Y58.57 E0.01009
G0 F7200 X73.9 Y58
;TYPE:WALL-OUTER
G1 F1800 X73.869 Y58.108 E0.00187
G1 X73.735 Y58.198 E0.00268
G1 X67.1 Y58.2 E0.11034
G1 X66.914 Y58.075 E0.00373
G1 X66.302 Y56.535 E0.02756
G1 X66.3 Y43.46 E0.21744
G1 X66.914 Y41.925 E0.02749
G1 X67.065 Y41.802 E0.00324
G1 X73.7 Y41.8 E0.11034
G1 X73.869 Y41.892 E0.0032
G1 X73.9 Y42 E0.00187
G1 X73.899 Y43.072 E0.01783
G1 X75.3 Y41.902 E0.03035
G1 X75.3 Y41.018 E0.0147
G1 X75.213 Y40.799 E0.00392
G1 X75.016 Y40.7 E0.00367
G1 X65.016 Y40.7 E0.1663
G1 X64.799 Y40.786 E0.00388
G1 X64.7 Y40.98 E0.00362
G1 X64.7 Y58.981 E0.29936
G1 X64.786 Y59.201 E0.00393
G1 X64.98 Y59.3 E0.00362
G1 X74.978 Y59.3 E0.16627
G1 X75.201 Y59.213 E0.00398
G1 X75.3 Y59.016 E0.00367
G1 X75.3 Y58.094 E0.01533
G1 X73.9 Y56.928 E0.0303
G1 X73.9 Y58 E0.01783
G0 F7200 X73.869 Y58.108
G0 X73.796 Y58.157
G1 F1500 E-6.5
;MESH:NONMESH
G0 F600 X73.796 Y58.157 Z3.3
G0 F7200 X74.552 Y58.32
G0 X66.8 Y58.443
G0 X66.051 Y56.586
G0 X64.93 Y42.231
G0 X63.835 Y42.231
G0 X55.223 Y39.837
G0 X44.935 Y39.836
G0 X36.165 Y41.8
G0 X35.072 Y41.8
G0 X34.138 Y41.562
G0 X26.8 Y41.557
G0 X25.41 Y42.231
G0 X25.26 Y42.231
;TIME_ELAPSED:563.306983
;LAYER:30
;TYPE:FILL
;MESH:pin.stl
G1 F1500 E6.5
G1 F3600 X25.924 Y42.895 E0.01562
G1 X25.994 Y42.965
G0 F7200 X25.771 Y42.875
G0 X25.59 Y45.975
G0 X25.739 Y45.975
G1 F3600 X25.261 Y46.454 E0.01125
G0 F7200 X25.41 Y46.454
G0 X25.41 Y47.887
G0 X25.26 Y47.887
G1 F3600 X25.74 Y48.368 E0.0113
G0 F7200 X25.59 Y48.368
G0 X25.59 Y51.632
G0 X25.739 Y51.632
G1 F3600 X25.261 Y52.111 E0.01125
G0 F7200 X25.41 Y52.111
G0 X25.41 Y53.544
G0 X25.26 Y53.544
G1 F3600 X25.74 Y54.024 E0.01129
G0 F7200 X25.59 Y54.024
G0 X25.651 Y56.663
G0 X25.923 Y57.106
G1 F3600 X25.261 Y57.768 E0.01557
G1 X25.191 Y57.838
G0 F7200 X25.41 Y57.838
G0 X26.051 Y43.414
G0 X26.8 Y41.557
G0 X29.98 Y41.294
G1 F3600 X29.896 Y41.21 E0.00198
G0 F7200 X30.421 Y41.294
G1 F3600 X30.505 Y41.21 E0.00198
G0 F7200 X26.8 Y41.557
G0 X26.051 Y43.414
G0 X26.051 Y56.586
G0 X26.8 Y58.443
G0 X34.61 Y58.57
G0 X33.8 Y58.57
;TYPE:WALL-INNER
G1 F4079.3 X27.1 Y58.575 E0.09833
G1 F3840 X26.542 Y58.223 E0.01029
G1 F3600 X25.9 Y56.615 E0.02879
G1 X25.9 Y43.5 E0.2181
G1 X25.942 Y43.277 E0.00377
G1 X26.542 Y41.777 E0.02687
G1 F3809.5 X27 Y41.43 E0.00903
G1 F4079.3 X33.7 Y41.425 E0.09833
G1 F3110.2 X34.281 Y41.63 E0.01186
G1 F2500 X34.387 Y42.029 E0.00989
G1 X34.812 Y41.674 E0.01326
G1 X34.812 Y41.188 E0.01164
G1 X34.524 Y41.188 E0.0069
G1 F3110.2 X33.7 Y41.075 E0.01601
G1 F4114.3 X27.1 Y41.075 E0.09604
G1 F3840 X26.084 Y41.1 E0.01584
G1 F3600 X25.101 Y41.101 E0.01635
G1 X25.1 Y58.9 E0.296
G1 X26.084 Y58.9 E0.01636
G1 F3840 X27.1 Y58.925 E0.01584
G1 F4079.3 X33.83 Y58.922 E0.09877
G1 F3090.1 X34.524 Y58.812 E0.01361
G1 F2500 X34.812 Y58.812 E0.0069
G1 X34.812 Y58.323 E0.01171
G1 X34.388 Y57.969 E0.01323
G1 X34.281 Y58.37 E0.00994
G1 F3090.1 X33.8 Y58.57 E0.01009
G0 F7200 X33.9 Y58
;TYPE:WALL-OUTER
G1 F1800 X33.869 Y58.108 E0.00187
G1 X33.735 Y58.198 E0.00268
G1 X27.1 Y58.2 E0.11034
G1 X26.914 Y58.075 E0.00373
G1 X26.302 Y56.535 E0.02756
G1 X26.3 Y43.46 E0.21744
G1 X26.914 Y41.925 E0.02749
G1 X27.065 Y41.802 E0.00324
G1 X33.7 Y41.8 E0.11034
G1 X33.869 Y41.892 E0.0032
G1 X33.9 Y42 E0.00187
G1 X33.899 Y43.072 E0.01783
G1 X35.3 Y41.902 E0.03035
G1 X35.3 Y41.018 E0.0147
G1 X35.213 Y40.799 E0.00392
G1 X35.016 Y40.7 E0.00367
G1 X25.016 Y40.7 E0.1663
G1 X24.799 Y40.786 E0.00388
G1 X24.7 Y40.98 E0.00362
G1 X24.7 Y58.981 E0.29936
G1 X24.786 Y59.201 E0.00393
G1 X24.98 Y59.3 E0.00362
G1 X34.978 Y59.3 E0.16627
G1 X35.201 Y59.213 E0.00398
G1 X35.3 Y59.016 E0.00367
G1 X35.3 Y58.094 E0.01533
G1 X33.9 Y56.928 E0.0303
G1 X33.9 Y58 E0.01783
G0 F7200 X33.869 Y58.108
G0 X33.796 Y58.157
G1 F1500 E-6.5
G0 F7200 X34.552 Y58.32
G0 X36.165 Y58.2
G0 X43.835 Y58.2
G0 X44.93 Y58.2
G0 X45.41 Y56.573
G0 X45.26 Y56.573
;TYPE:FILL
G1 F1500 E6.5
G1 F3600 X46.012 Y57.326 E0.0177
G1 X46.082 Y57.396
G0 F7200 X45.907 Y57.466
G0 X46.422 Y58.634
G0 X47.008 Y58.647
G1 F3600 X46.877 Y58.779 E0.00309
G0 F7200 X46.422 Y58.634
G0 X45.651 Y56.663
G0 X45.41 Y54.739
G0 X45.26 Y54.739
G1 F3600 X45.74 Y54.259 E0.01129
G0 F7200 X45.59 Y54.259
G0 X45.59 Y51.397
G0 X45.741 Y51.397
G1 F3600 X45.26 Y50.917 E0.0113
G0 F7200 X45.41 Y50.917
G0 X45.41 Y49.082
G0 X45.26 Y49.082
G1 F3600 X45.74 Y48.602 E0.01129
G0 F7200 X45.59 Y48.602
G0 X45.59 Y45.741
G0 X45.741 Y45.741
G1 F3600 X45.26 Y45.26 E0.01131
G0 F7200 X45.41 Y45.26
G0 X45.41 Y43.425
G0 X45.26 Y43.425
G1 F3600 X46.011 Y42.674 E0.01766
G1 X46.081 Y42.604
G0 F7200 X45.908 Y42.534
G0 X46.422 Y41.366
G0 X46.964 Y41.307
G1 F3600 X46.878 Y41.221 E0.00202
G0 F7200 X47.39 Y41.296
G1 F3600 X47.475 Y41.21 E0.00201
G0 F7200 X52.524 Y41.21
G1 F3600 X52.605 Y41.291 E0.0019
G0 F7200 X53.051 Y41.291
G1 F3600 X53.132 Y41.21 E0.0019
G0 F7200 X46.8 Y41.557
G0 X46.051 Y43.414
G0 X46.051 Y56.586
G0 X46.8 Y58.443
G0 X54.61 Y58.57
G0 X53.8 Y58.57
;TYPE:WALL-INNER
G1 F4079.3 X47.1 Y58.575 E0.09833
G1 F3840 X46.542 Y58.223 E0.01029
G1 F3600 X45.9 Y56.615 E0.02879
G1 X45.9 Y43.5 E0.2181
G1 X45.942 Y43.277 E0.00377
G1 X46.542 Y41.777 E0.02687
G1 F3809.5 X47 Y41.43 E0.00903
G1 F4079.3 X53.7 Y41.425 E0.09833
G1 F3110.2 X54.281 Y41.63 E0.01186
G1 F2500 X54.387 Y42.029 E0.00989
G1 X54.812 Y41.674 E0.01326
G1 X54.812 Y41.188 E0.01164
G1 X54.524 Y41.188 E0.0069
G1 F3110.2 X53.7 Y41.075 E0.01601
G1 F4114.3 X47.1 Y41.075 E0.09604
G1 F3840 X46.084 Y41.1 E0.01584
G1 F3600 X45.101 Y41.101 E0.01635
G1 X45.1 Y58.9 E0.296
G1 X46.084 Y58.9 E0.01636
G1 F3840 X47.1 Y58.925 E0.01584
G1 F4079.3 X53.83 Y58.922 E0.09877
G1 F3090.1 X54.524 Y58.812 E0.01361
G1 F2500 X54.812 Y58.812 E0.0069
G1 X54.812 Y58.323 E0.01171
G1 X54.388 Y57.969 E0.01323
G1 X54.281 Y58.37 E0.00994
G1 F3090.1 X53.8 Y58.57 E0.01009
G0 F7200 X53.9 Y58
;TYPE:WALL-OUTER
G1 F1800 X53.869 Y58.108 E0.00187
G1 X53.735 Y58.198 E0.00268
G1 X47.1 Y58.2 E0.11034
G1 X46.914 Y58.075 E0.00373
G1 X46.302 Y56.535 E0.02756
G1 X46.3 Y43.46 E0.21744
G1 X46.914 Y41.925 E0.02749
G1 X47.065 Y41.802 E0.00324
G1 X53.7 Y41.8 E0.11034
G1 X53.869 Y41.892 E0.0032
G1 X53.9 Y42 E0.00187
G1 X53.899 Y43.072 E0.01783
G1 X55.3 Y41.902 E0.03035
G1 X55.3 Y41.018 E0.0147
G1 X55.213 Y40.799 E0.00392
G1 X55.016 Y40.7 E0.00367
G1 X45.016 Y40.7 E0.1663
G1 X44.799 Y40.786 E0.00388
G1 X44.7 Y40.98 E0.00362
G1 X44.7 Y58.981 E0.29936
G1 X44.786 Y59.201 E0.00393
G1 X44.98 Y59.3 E0.00362
G1 X54.978 Y59.3 E0.16627
G1 X55.201 Y59.213 E0.00398
G1 X55.3 Y59.016 E0.00367
G1 X55.3 Y58.094 E0.01533
G1 X53.9 Y56.928 E0.0303
G1 X53.9 Y58 E0.01783
G0 F7200 X53.869 Y58.108
G0 X53.796 Y58.157
G1 F1500 E-6.5
G0 F7200 X54.552 Y58.32
G0 X56.165 Y58.2
G0 X63.835 Y58.2
G0 X64.93 Y58.2
G0 X65.41 Y57.366
G0 X65.26 Y57.366
;TYPE:FILL
G1 F1500 E6.5
G1 F3600 X65.808 Y56.818 E0.01289
G0 F7200 X65.67 Y56.873
G0 X65.59 Y54.427
G0 X65.74 Y54.427
G1 F3600 X65.26 Y53.946 E0.0113
G0 F7200 X65.41 Y53.946
G0 X65.41 Y51.709
G0 X65.26 Y51.709
G1 F3600 X65.74 Y51.23 E0.01128
G0 F7200 X65.59 Y51.23
G0 X65.59 Y48.77
G0 X65.74 Y48.77
G1 F3600 X65.26 Y48.29 E0.01129
G0 F7200 X65.41 Y48.29
G0 X65.41 Y46.052
G0 X65.261 Y46.052
G1 F3600 X65.74 Y45.573 E0.01127
G0 F7200 X65.59 Y45.573
G0 X65.671 Y43.125
G0 X65.808 Y43.181
G1 F3600 X65.26 Y42.633 E0.01289
G0 F7200 X65.41 Y42.633
G0 X66.8 Y41.557
G0 X69.494 Y41.21
G1 F3600 X69.577 Y41.293 E0.00195
G0 F7200 X70.02 Y41.293
G1 F3600 X70.103 Y41.21 E0.00195
G0 F7200 X66.8 Y41.557
G0 X66.051 Y43.414
G0 X66.051 Y56.586
G0 X66.8 Y58.443
G0 X74.61 Y58.57
G0 X73.8 Y58.57
;TYPE:WALL-INNER
G1 F4079.3 X67.1 Y58.575 E0.09833
G1 F3840 X66.542 Y58.223 E0.01029
G1 F3600 X65.9 Y56.615 E0.02879
G1 X65.9 Y43.5 E0.2181
G1 X65.942 Y43.277 E0.00377
G1 X66.542 Y41.777 E0.02687
G1 F3809.5 X67 Y41.43 E0.00903
G1 F4079.3 X73.7 Y41.425 E0.09833
G1 F3110.2 X74.281 Y41.63 E0.01186
G1 F2500 X74.387 Y42.029 E0.00989
G1 X74.812 Y41.674 E0.01326
G1 X74.812 Y41.188 E0.01164
G1 X74.524 Y41.188 E0.0069
G1 F3110.2 X73.7 Y41.075 E0.01601
G1 F4114.3 X67.1 Y41.075 E0.09604
G1 F3840 X66.084 Y41.1 E0.01584
G1 F3600 X65.101 Y41.101 E0.01635
G1 X65.1 Y58.9 E0.296
G1 X66.084 Y58.9 E0.01636
G1 F3840 X67.1 Y58.925 E0.01584
G1 F4079.3 X73.83 Y58.922 E0.09877
G1 F3090.1 X74.524 Y58.812 E0.01361
G1 F2500 X74.812 Y58.812 E0.0069
G1 X74.812 Y58.323 E0.01171
G1 X74.388 Y57.969 E0.01323
G1 X74.281 Y58.37 E0.00994
G1 F3090.1 X73.8 Y58.57 E0.01009
G0 F7200 X73.9 Y58
;TYPE:WALL-OUTER
G1 F1800 X73.869 Y58.108 E0.00187
G1 X73.735 Y58.198 E0.00268
G1 X67.1 Y58.2 E0.11034
G1 X66.914 Y58.075 E0.00373
G1 X66.302 Y56.535 E0.02756
G1 X66.3 Y43.46 E0.21744
G1 X66.914 Y41.925 E0.02749
G1 X67.065 Y41.802 E0.00324
G1 X73.7 Y41.8 E0.11034
G1 X73.869 Y41.892 E0.0032
G1 X73.9 Y42 E0.00187
G1 X73.899 Y43.072 E0.01783
G1 X75.3 Y41.902 E0.03035
G1 X75.3 Y41.018 E0.0147
G1 X75.213 Y40.799 E0.00392
G1 X75.016 Y40.7 E0.00367
G1 X65.016 Y40.7 E0.1663
G1 X64.799 Y40.786 E0.00388
G1 X64.7 Y40.98 E0.00362
G1 X64.7 Y58.981 E0.29936
G1 X64.786 Y59.201 E0.00393
G1 X64.98 Y59.3 E0.00362
G1 X74.978 Y59.3 E0.16627
G1 X75.201 Y59.213 E0.00398
G1 X75.3 Y59.016 E0.00367
G1 X75.3 Y58.094 E0.01533
G1 X73.9 Y56.928 E0.0303
G1 X73.9 Y58 E0.01783
G0 F7200 X73.869 Y58.108
G0 X73.796 Y58.157
G1 F1500 E-6.5
;MESH:NONMESH
G0 F600 X73.796 Y58.157 Z3.4
G0 F7200 X74.552 Y58.32
G0 X66.8 Y58.443
G0 X66.051 Y56.586
G0 X64.93 Y42.231
G0 X63.835 Y42.231
G0 X55.223 Y39.837
G0 X44.935 Y39.836
G0 X36.165 Y41.8
G0 X35.072 Y41.8
G0 X34.138 Y41.562
G0 X26.8 Y41.557
G0 X25.41 Y42.231
G0 X25.26 Y42.231
;TIME_ELAPSED:580.535785
;LAYER:31
;TYPE:FILL
;MESH:pin.stl
G1 F1500 E6.5
G1 F3600 X25.924 Y42.895 E0.01562
G1 X25.994 Y42.965
G0 F7200 X25.771 Y42.875
G0 X25.59 Y45.975
G0 X25.739 Y45.975
G1 F3600 X25.261 Y46.454 E0.01125
G0 F7200 X25.41 Y46.454
G0 X25.41 Y47.887
G0 X25.26 Y47.887
G1 F3600 X25.74 Y48.368 E0.0113
G0 F7200 X25.59 Y48.368
G0 X25.59 Y51.632
G0 X25.739 Y51.632
G1 F3600 X25.261 Y52.111 E0.01125
G0 F7200 X25.41 Y52.111
G0 X25.41 Y53.544
G0 X25.26 Y53.544
G1 F3600 X25.74 Y54.024 E0.01129
G0 F7200 X25.59 Y54.024
G0 X25.651 Y56.663
G0 X25.923 Y57.106
G1 F3600 X25.261 Y57.768 E0.01557
G1 X25.191 Y57.838
G0 F7200 X25.41 Y57.838
G0 X26.051 Y43.414
G0 X26.8 Y41.557
G0 X29.98 Y41.294
G1 F3600 X29.896 Y41.21 E0.00198
G0 F7200 X30.421 Y41.294
G1 F3600 X30.505 Y41.21 E0.00198
G0 F7200 X26.8 Y41.557
G0 X26.051 Y43.414
G0 X26.051 Y56.586
G0 X26.8 Y58.443
G0 X34.61 Y58.57
G0 X33.8 Y58.57
;TYPE:WALL-INNER
G1 F4079.3 X27.1 Y58.575 E0.09833
G1 F3840 X26.542 Y58.223 E0.01029
G1 F3600 X25.9 Y56.615 E0.02879
G1 X25.9 Y43.5 E0.2181
G1 X25.942 Y43.277 E0.00377
G1 X26.542 Y41.777 E0.02687
G1 F3809.5 X27 Y41.43 E0.00903
G1 F4079.3 X33.7 Y41.425 E0.09833
G1 F3110.2 X34.281 Y41.63 E0.01186
G1 F2500 X34.387 Y42.029 E0.00989
G1 X34.812 Y41.674 E0.01326
G1 X34.812 Y41.188 E0.01164
G1 X34.524 Y41.188 E0.0069
G1 F3110.2 X33.7 Y41.075 E0.01601
G1 F4114.3 X27.1 Y41.075 E0.09604
G1 F3840 X26.084 Y41.1 E0.01584
G1 F3600 X25.101 Y41.101 E0.01635
G1 X25.1 Y58.9 E0.296
G1 X26.084 Y58.9 E0.01636
G1 F3840 X27.1 Y58.925 E0.01584
G1 F4079.3 X33.83 Y58.922 E0.09877
G1 F3090.1 X34.524 Y58.812 E0.01361
G1 F2500 X34.812 Y58.812 E0.0069
G1 X34.812 Y58.323 E0.01171
G1 X34.388 Y57.969 E0.01323
G1 X34.281 Y58.37 E0.00994
G1 F3090.1 X33.8 Y58.57 E0.01009
G0 F7200 X33.9 Y58
;TYPE:WALL-OUTER
G1 F1800 X33.869 Y58.108 E0.00187
G1 X33.735 Y58.198 E0.00268
G1 X27.1 Y58.2 E0.11034
G1 X26.914 Y58.075 E0.00373
G1 X26.302 Y56.535 E0.02756
G1 X26.3 Y43.46 E0.21744
G1 X26.914 Y41.925 E0.02749
G1 X27.065 Y41.802 E0.00324
G1 X33.7 Y41.8 E0.11034
G1 X33.869 Y41.892 E0.0032
G1 X33.9 Y42 E0.00187
G1 X33.899 Y43.072 E0.01783
G1 X35.3 Y41.902 E0.03035
G1 X35.3 Y41.018 E0.0147
G1 X35.213 Y40.799 E0.00392
G1 X35.016 Y40.7 E0.00367
G1 X25.016 Y40.7 E0.1663
G1 X24.799 Y40.786 E0.00388
G1 X24.7 Y40.98 E0.00362
G1 X24.7 Y58.981 E0.29936
G1 X24.786 Y59.201 E0.00393
G1 X24.98 Y59.3 E0.00362
G1 X34.978 Y59.3 E0.16627
G1 X35.201 Y59.213 E0.00398
G1 X35.3 Y59.016 E0.00367
G1 X35.3 Y58.094 E0.01533
G1 X33.9 Y56.928 E0.0303
G1 X33.9 Y58 E0.01783
G0 F7200 X33.869 Y58.108
G0 X33.796 Y58.157
G1 F1500 E-6.5
G0 F7200 X34.552 Y58.32
G0 X36.165 Y58.2
G0 X43.835 Y58.2
G0 X44.93 Y58.2
G0 X45.41 Y56.573
G0 X45.26 Y56.573
;TYPE:FILL
G1 F1500 E6.5
G1 F3600 X46.012 Y57.326 E0.0177
G1 X46.082 Y57.396
G0 F7200 X45.907 Y57.466
G0 X46.422 Y58.634
G0 X47.008 Y58.647
G1 F3600 X46.877 Y58.779 E0.00309
G0 F7200 X46.422 Y58.634
G0 X45.651 Y56.663
G0 X45.41 Y54.739
G0 X45.26 Y54.739
G1 F3600 X45.74 Y54.259 E0.01129
G0 F7200 X45.59 Y54.259
G0 X45.59 Y51.397
G0 X45.741 Y51.397
G1 F3600 X45.26 Y50.917 E0.0113
G0 F7200 X45.41 Y50.917
G0 X45.41 Y49.082
G0 X45.26 Y49.082
G1 F3600 X45.74 Y48.602 E0.01129
G0 F7200 X45.59 Y48.602
G0 X45.59 Y45.741
G0 X45.741 Y45.741
G1 F3600 X45.26 Y45.26 E0.01131
G0 F7200 X45.41 Y45.26
G0 X45.41 Y43.425
G0 X45.26 Y43.425
G1 F3600 X46.011 Y42.674 E0.01766
G1 X46.081 Y42.604
G0 F7200 X45.908 Y42.534
G0 X46.422 Y41.366
G0 X46.964 Y41.307
G1 F3600 X46.878 Y41.221 E0.00202
G0 F7200 X47.39 Y41.296
G1 F3600 X47.475 Y41.21 E0.00201
G0 F7200 X52.524 Y41.21
G1 F3600 X52.605 Y41.291 E0.0019
G0 F7200 X53.051 Y41.291
G1 F3600 X53.132 Y41.21 E0.0019
G0 F7200 X46.8 Y41.557
G0 X46.051 Y43.414
G0 X46.051 Y56.586
G0 X46.8 Y58.443
G0 X54.61 Y58.57
G0 X53.8 Y58.57
;TYPE:WALL-INNER
G1 F4079.3 X47.1 Y58.575 E0.09833
G1 F3840 X46.542 Y58.223 E0.01029
G1 F3600 X45.9 Y56.615 E0.02879
G1 X45.9 Y43.5 E0.2181
G1 X45.942 Y43.277 E0.00377
G1 X46.542 Y41.777 E0.02687
G1 F3809.5 X47 Y41.43 E0.00903
G1 F4079.3 X53.7 Y41.425 E0.09833
G1 F3110.2 X54.281 Y41.63 E0.01186
G1 F2500 X54.387 Y42.029 E0.00989
G1 X54.812 Y41.674 E0.01326
G1 X54.812 Y41.188 E0.01164
G1 X54.524 Y41.188 E0.0069
G1 F3110.2 X53.7 Y41.075 E0.01601
G1 F4114.3 X47.1 Y41.075 E0.09604
G1 F3840 X46.084 Y41.1 E0.01584
G1 F3600 X45.101 Y41.101 E0.01635
G1 X45.1 Y58.9 E0.296
G1 X46.084 Y58.9 E0.01636
G1 F3840 X47.1 Y58.925 E0.01584
G1 F4079.3 X53.83 Y58.922 E0.09877
G1 F3090.1 X54.524 Y58.812 E0.01361
G1 F2500 X54.812 Y58.812 E0.0069
G1 X54.812 Y58.323 E0.01171
G1 X54.388 Y57.969 E0.01323
G1 X54.281 Y58.37 E0.00994
G1 F3090.1 X53.8 Y58.57 E0.01009
G0 F7200 X53.9 Y58
;TYPE:WALL-OUTER
G1 F1800 X53.869 Y58.108 E0.00187
G1 X53.735 Y58.198 E0.00268
G1 X47.1 Y58.2 E0.11034
G1 X46.914 Y58.075 E0.00373
G1 X46.302 Y56.535 E0.02756
G1 X46.3 Y43.46 E0.21744
G1 X46.914 Y41.925 E0.02749
G1 X47.065 Y41.802 E0.00324
G1 X53.7 Y41.8 E0.11034
G1 X53.869 Y41.892 E0.0032
G1 X53.9 Y42 E0.00187
G1 X53.899 Y43.072 E0.01783
G1 X55.3 Y41.902 E0.03035
G1 X55.3 Y41.018 E0.0147
G1 X55.213 Y40.799 E0.00392
G1 X55.016 Y40.7 E0.00367
G1 X45.016 Y40.7 E0.1663
G1 X44.799 Y40.786 E0.00388
G1 X44.7 Y40.98 E0.00362
G1 X44.7 Y58.981 E0.29936
G1 X44.786 Y59.201 E0.00393
G1 X44.98 Y59.3 E0.00362
G1 X54.978 Y59.3 E0.16627
G1 X55.201 Y59.213 E0.00398
G1 X55.3 Y59.016 E0.00367
G1 X55.3 Y58.094 E0.01533
G1 X53.9 Y56.928 E0.0303
G1 X53.9 Y58 E0.01783
G0 F7200 X53.869 Y58.108
G0 X53.796 Y58.157
G1 F1500 E-6.5
G0 F7200 X54.552 Y58.32
G0 X56.165 Y58.2
G0 X63.835 Y58.2
G0 X64.93 Y58.2
G0 X65.41 Y57.366
G0 X65.26 Y57.366
;TYPE:FILL
G1 F1500 E6.5
G1 F3600 X65.808 Y56.818 E0.01289
G0 F7200 X65.67 Y56.873
G0 X65.59 Y54.427
G0 X65.74 Y54.427
G1 F3600 X65.26 Y53.946 E0.0113
G0 F7200 X65.41 Y53.946
G0 X65.41 Y51.709
G0 X65.26 Y51.709
G1 F3600 X65.74 Y51.23 E0.01128
G0 F7200 X65.59 Y51.23
G0 X65.59 Y48.77
G0 X65.74 Y48.77
G1 F3600 X65.26 Y48.29 E0.01129
G0 F7200 X65.41 Y48.29
G0 X65.41 Y46.052
G0 X65.261 Y46.052
G1 F3600 X65.74 Y45.573 E0.01127
G0 F7200 X65.59 Y45.573
G0 X65.671 Y43.125
G0 X65.808 Y43.181
G1 F3600 X65.26 Y42.633 E0.01289
G0 F7200 X65.41 Y42.633
G0 X66.8 Y41.557
G0 X69.494 Y41.21
G1 F3600 X69.577 Y41.293 E0.00195
G0 F7200 X70.02 Y41.293
G1 F3600 X70.103 Y41.21 E0.00195
G0 F7200 X66.8 Y41.557
G0 X66.051 Y43.414
G0 X66.051 Y56.586
G0 X66.8 Y58.443
G0 X74.61 Y58.57
G0 X73.8 Y58.57
;TYPE:WALL-INNER
G1 F4079.3 X67.1 Y58.575 E0.09833
G1 F3840 X66.542 Y58.223 E0.01029
G1 F3600 X65.9 Y56.615 E0.02879
G1 X65.9 Y43.5 E0.2181
G1 X65.942 Y43.277 E0.00377
G1 X66.542 Y41.777 E0.02687
G1 F3809.5 X67 Y41.43 E0.00903
G1 F4079.3 X73.7 Y41.425 E0.09833
G1 F3110.2 X74.281 Y41.63 E0.01186
G1 F2500 X74.387 Y42.029 E0.00989
G1 X74.812 Y41.674 E0.01326
G1 X74.812 Y41.188 E0.01164
G1 X74.524 Y41.188 E0.0069
G1 F3110.2 X73.7 Y41.075 E0.01601
G1 F4114.3 X67.1 Y41.075 E0.09604
G1 F3840 X66.084 Y41.1 E0.01584
G1 F3600 X65.101 Y41.101 E0.01635
G1 X65.1 Y58.9 E0.296
G1 X66.084 Y58.9 E0.01636
G1 F3840 X67.1 Y58.925 E0.01584
G1 F4079.3 X73.83 Y58.922 E0.09877
G1 F3090.1 X74.524 Y58.812 E0.01361
G1 F2500 X74.812 Y58.812 E0.0069
G1 X74.812 Y58.323 E0.01171
G1 X74.388 Y57.969 E0.01323
G1 X74.281 Y58.37 E0.00994
G1 F3090.1 X73.8 Y58.57 E0.01009
G0 F7200 X73.9 Y58
;TYPE:WALL-OUTER
G1 F1800 X73.869 Y58.108 E0.00187
G1 X73.735 Y58.198 E0.00268
G1 X67.1 Y58.2 E0.11034
G1 X66.914 Y58.075 E0.00373
G1 X66.302 Y56.535 E0.02756
G1 X66.3 Y43.46 E0.21744
G1 X66.914 Y41.925 E0.02749
G1 X67.065 Y41.802 E0.00324
G1 X73.7 Y41.8 E0.11034
G1 X73.869 Y41.892 E0.0032
G1 X73.9 Y42 E0.00187
G1 X73.899 Y43.072 E0.01783
G1 X75.3 Y41.902 E0.03035
G1 X75.3 Y41.018 E0.0147
G1 X75.213 Y40.799 E0.00392
G1 X75.016 Y40.7 E0.00367
G1 X65.016 Y40.7 E0.1663
G1 X64.799 Y40.786 E0.00388
G1 X64.7 Y40.98 E0.00362
G1 X64.7 Y58.981 E0.29936
G1 X64.786 Y59.201 E0.00393
G1 X64.98 Y59.3 E0.00362
G1 X74.978 Y59.3 E0.16627
G1 X75.201 Y59.213 E0.00398
G1 X75.3 Y59.016 E0.00367
G1 X75.3 Y58.094 E0.01533
G1 X73.9 Y56.928 E0.0303
G1 X73.9 Y58 E0.01783
G0 F7200 X73.869 Y58.108
G0 X73.796 Y58.157
G1 F1500 E-6.5
;MESH:NONMESH
G0 F600 X73.796 Y58.157 Z3.5
G0 F7200 X74.552 Y58.32
G0 X66.8 Y58.443
G0 X66.051 Y56.586
G0 X64.93 Y42.231
G0 X63.835 Y42.231
G0 X55.223 Y39.837
G0 X44.935 Y39.836
G0 X36.165 Y41.8
G0 X35.072 Y41.8
G0 X34.138 Y41.562
G0 X26.8 Y41.557
G0 X25.41 Y42.231
G0 X25.26 Y42.231
;TIME_ELAPSED:597.764586
;LAYER:32
;TYPE:FILL
;MESH:pin.stl
G1 F1500 E6.5
G1 F3600 X25.924 Y42.895 E0.01562
G1 X25.994 Y42.965
G0 F7200 X25.771 Y42.875
G0 X25.59 Y45.975
G0 X25.739 Y45.975
G1 F3600 X25.261 Y46.454 E0.01125
G0 F7200 X25.41 Y46.454
G0 X25.41 Y47.887
G0 X25.26 Y47.887
G1 F3600 X25.74 Y48.368 E0.0113
G0 F7200 X25.59 Y48.368
G0 X25.59 Y51.632
G0 X25.739 Y51.632
G1 F3600 X25.261 Y52.111 E0.01125
G0 F7200 X25.41 Y52.111
G0 X25.41 Y53.544
G0 X25.26 Y53.544
G1 F3600 X25.74 Y54.024 E0.01129
G0 F7200 X25.59 Y54.024
G0 X25.651 Y56.663
G0 X25.923 Y57.106
G1 F3600 X25.261 Y57.768 E0.01557
G1 X25.191 Y57.838
G0 F7200 X25.41 Y57.838
G0 X26.051 Y43.414
G0 X26.8 Y41.557
G0 X29.98 Y41.294
G1 F3600 X29.896 Y41.21 E0.00198
G0 F7200 X30.421 Y41.294
G1 F3600 X30.505 Y41.21 E0.00198
G0 F7200 X26.8 Y41.557
G0 X26.051 Y43.414
G0 X26.051 Y56.586
G0 X26.8 Y58.443
G0 X34.61 Y58.57
G0 X33.8 Y58.57
;TYPE:WALL-INNER
G1 F4079.3 X27.1 Y58.575 E0.09833
G1 F3840 X26.542 Y58.223 E0.01029
G1 F3600 X25.9 Y56.615 E0.02879
G1 X25.9 Y43.5 E0.2181
G1 X25.942 Y43.277 E0.00377
G1 X26.542 Y41.777 E0.02687
G1 F3809.5 X27 Y41.43 E0.00903
G1 F4079.3 X33.7 Y41.425 E0.09833
G1 F3110.2 X34.281 Y41.63 E0.01186
G1 F2500 X34.387 Y42.029 E0.00989
G1 X34.812 Y41.674 E0.01326
G1 X34.812 Y41.188 E0.01164
G1 X34.524 Y41.188 E0.0069
G1 F3110.2 X33.7 Y41.075 E0.01601
G1 F4114.3 X27.1 Y41.075 E0.09604
G1 F3840 X26.084 Y41.1 E0.01584
G1 F3600 X25.101 Y41.101 E0.01635
G1 X25.1 Y58.9 E0.296
G1 X26.084 Y58.9 E0.01636
G1 F3840 X27.1 Y58.925 E0.01584
G1 F4079.3 X33.83 Y58.922 E0.09877
G1 F3090.1 X34.524 Y58.812 E0.01361
G1 F2500 X34.812 Y58.812 E0.0069
G1 X34.812 Y58.323 E0.01171
G1 X34.388 Y57.969 E0.01323
G1 X34.281 Y58.37 E0.00994
G1 F3090.1 X33.8 Y58.57 E0.01009
G0 F7200 X33.9 Y58
;TYPE:WALL-OUTER
G1 F1800 X33.869 Y58.108 E0.00187
G1 X33.735 Y58.198 E0.00268
G1 X27.1 Y58.2 E0.11034
G1 X26.914 Y58.075 E0.00373
G1 X26.302 Y56.535 E0.02756
G1 X26.3 Y43.46 E0.21744
G1 X26.914 Y41.925 E0.02749
G1 X27.065 Y41.802 E0.00324
G1 X33.7 Y41.8 E0.11034
G1 X33.869 Y41.892 E0.0032
G1 X33.9 Y42 E0.00187
G1 X33.899 Y43.072 E0.01783
G1 X35.3 Y41.902 E0.03035
G1 X35.3 Y41.018 E0.0147
G1 X35.213 Y40.799 E0.00392
G1 X35.016 Y40.7 E0.00367
G1 X25.016 Y40.7 E0.1663
G1 X24.799 Y40.786 E0.00388
G1 X24.7 Y40.98 E0.00362
G1 X24.7 Y58.981 E0.29936
G1 X24.786 Y59.201 E0.00393
G1 X24.98 Y59.3 E0.00362
G1 X34.978 Y59.3 E0.16627
G1 X35.201 Y59.213 E0.00398
G1 X35.3 Y59.016 E0.00367
G1 X35.3 Y58.094 E0.01533
G1 X33.9 Y56.928 E0.0303
G1 X33.9 Y58 E0.01783
G0 F7200 X33.869 Y58.108
G0 X33.796 Y58.157
G1 F1500 E-6.5
G0 F7200 X34.552 Y58.32
G0 X36.165 Y58.2
G0 X43.835 Y58.2
G0 X44.93 Y58.2
G0 X45.41 Y56.573
G0 X45.26 Y56.573
;TYPE:FILL
G1 F1500 E6.5
G1 F3600 X46.012 Y57.326 E0.0177
G1 X46.082 Y57.396
G0 F7200 X45.907 Y57.466
G0 X46.422 Y58.634
G0 X47.008 Y58.647
G1 F3600 X46.877 Y58.779 E0.00309
G0 F7200 X46.422 Y58.634
G0 X45.651 Y56.663
G0 X45.41 Y54.739
G0 X45.26 Y54.739
G1 F3600 X45.74 Y54.259 E0.01129
G0 F7200 X45.59 Y54.259
G0 X45.59 Y51.397
G0 X45.741 Y51.397
G1 F3600 X45.26 Y50.917 E0.0113
G0 F7200 X45.41 Y50.917
G0 X45.41 Y49.082
G0 X45.26 Y49.082
G1 F3600 X45.74 Y48.602 E0.01129
G0 F7200 X45.59 Y48.602
G0 X45.59 Y45.741
G0 X45.741 Y45.741
G1 F3600 X45.26 Y45.26 E0.01131
G0 F7200 X45.41 Y45.26
G0 X45.41 Y43.425
G0 X45.26 Y43.425
G1 F3600 X46.011 Y42.674 E0.01766
G1 X46.081 Y42.604
G0 F7200 X45.908 Y42.534
G0 X46.422 Y41.366
G0 X46.964 Y41.307
G1 F3600 X46.878 Y41.221 E0.00202
G0 F7200 X47.39 Y41.296
G1 F3600 X47.475 Y41.21 E0.00201
G0 F7200 X52.524 Y41.21
G1 F3600 X52.605 Y41.291 E0.0019
G0 F7200 X53.051 Y41.291
G1 F3600 X53.132 Y41.21 E0.0019
G0 F7200 X46.8 Y41.557
G0 X46.051 Y43.414
G0 X46.051 Y56.586
G0 X46.8 Y58.443
G0 X54.61 Y58.57
G0 X53.8 Y58.57
;TYPE:WALL-INNER
G1 F4079.3 X47.1 Y58.575 E0.09833
G1 F3840 X46.542 Y58.223 E0.01029
G1 F3600 X45.9 Y56.615 E0.02879
G1 X45.9 Y43.5 E0.2181
G1 X45.942 Y43.277 E0.00377
G1 X46.542 Y41.777 E0.02687
G1 F3809.5 X47 Y41.43 E0.00903
G1 F4079.3 X53.7 Y41.425 E0.09833
G1 F3110.2 X54.281 Y41.63 E0.01186
G1 F2500 X54.387 Y42.029 E0.00989
G1 X54.812 Y41.674 E0.01326
G1 X54.812 Y41.188 E0.01164
G1 X54.524 Y41.188 E0.0069
G1 F3110.2 X53.7 Y41.075 E0.01601
G1 F4114.3 X47.1 Y41.075 E0.09604
G1 F3840 X46.084 Y41.1 E0.01584
G1 F3600 X45.101 Y41.101 E0.01635
G1 X45.1 Y58.9 E0.296
G1 X46.084 Y58.9 E0.01636
G1 F3840 X47.1 Y58.925 E0.01584
G1 F4079.3 X53.83 Y58.922 E0.09877
G1 F3090.1 X54.524 Y58.812 E0.01361
G1 F2500 X54.812 Y58.812 E0.0069
G1 X54.812 Y58.323 E0.01171
G1 X54.388 Y57.969 E0.01323
G1 X54.281 Y58.37 E0.00994
G1 F3090.1 X53.8 Y58.57 E0.01009
G0 F7200 X53.9 Y58
;TYPE:WALL-OUTER
G1 F1800 X53.869 Y58.108 E0.00187
G1 X53.735 Y58.198 E0.00268
G1 X47.1 Y58.2 E0.11034
G1 X46.914 Y58.075 E0.00373
G1 X46.302 Y56.535 E0.02756
G1 X46.3 Y43.46 E0.21744
G1 X46.914 Y41.925 E0.02749
G1 X47.065 Y41.802 E0.00324
G1 X53.7 Y41.8 E0.11034
G1 X53.869 Y41.892 E0.0032
G1 X53.9 Y42 E0.00187
G1 X53.899 Y43.072 E0.01783
G1 X55.3 Y41.902 E0.03035
G1 X55.3 Y41.018 E0.0147
G1 X55.213 Y40.799 E0.00392
G1 X55.016 Y40.7 E0.00367
G1 X45.016 Y40.7 E0.1663
G1 X44.799 Y40.786 E0.00388
G1 X44.7 Y40.98 E0.00362
G1 X44.7 Y58.981 E0.29936
G1 X44.786 Y59.201 E0.00393
G1 X44.98 Y59.3 E0.00362
G1 X54.978 Y59.3 E0.16627
G1 X55.201 Y59.213 E0.00398
G1 X55.3 Y59.016 E0.00367
G1 X55.3 Y58.094 E0.01533
G1 X53.9 Y56.928 E0.0303
G1 X53.9 Y58 E0.01783
G0 F7200 X53.869 Y58.108
G0 X53.796 Y58.157
G1 F1500 E-6.5
G0 F7200 X54.552 Y58.32
G0 X56.165 Y58.2
G0 X63.835 Y58.2
G0 X64.93 Y58.2
G0 X65.41 Y57.366
G0 X65.26 Y57.366
;TYPE:FILL
G1 F1500 E6.5
G1 F3600 X65.808 Y56.818 E0.01289
G0 F7200 X65.67 Y56.873
G0 X65.59 Y54.427
G0 X65.74 Y54.427
G1 F3600 X65.26 Y53.946 E0.0113
G0 F7200 X65.41 Y53.946
G0 X65.41 Y51.709
G0 X65.26 Y51.709
G1 F3600 X65.74 Y51.23 E0.01128
G0 F7200 X65.59 Y51.23
G0 X65.59 Y48.77
G0 X65.74 Y48.77
G1 F3600 X65.26 Y48.29 E0.01129
G0 F7200 X65.41 Y48.29
G0 X65.41 Y46.052
G0 X65.261 Y46.052
G1 F3600 X65.74 Y45.573 E0.01127
G0 F7200 X65.59 Y45.573
G0 X65.671 Y43.125
G0 X65.808 Y43.181
G1 F3600 X65.26 Y42.633 E0.01289
G0 F7200 X65.41 Y42.633
G0 X66.8 Y41.557
G0 X69.494 Y41.21
G1 F3600 X69.577 Y41.293 E0.00195
G0 F7200 X70.02 Y41.293
G1 F3600 X70.103 Y41.21 E0.00195
G0 F7200 X66.8 Y41.557
G0 X66.051 Y43.414
G0 X66.051 Y56.586
G0 X66.8 Y58.443
G0 X74.61 Y58.57
G0 X73.8 Y58.57
;TYPE:WALL-INNER
G1 F4079.3 X67.1 Y58.575 E0.09833
G1 F3840 X66.542 Y58.223 E0.01029
G1 F3600 X65.9 Y56.615 E0.02879
G1 X65.9 Y43.5 E0.2181
G1 X65.942 Y43.277 E0.00377
G1 X66.542 Y41.777 E0.02687
G1 F3809.5 X67 Y41.43 E0.00903
G1 F4079.3 X73.7 Y41.425 E0.09833
G1 F3110.2 X74.281 Y41.63 E0.01186
G1 F2500 X74.387 Y42.029 E0.00989
G1 X74.812 Y41.674 E0.01326
G1 X74.812 Y41.188 E0.01164
G1 X74.524 Y41.188 E0.0069
G1 F3110.2 X73.7 Y41.075 E0.01601
G1 F4114.3 X67.1 Y41.075 E0.09604
G1 F3840 X66.084 Y41.1 E0.01584
G1 F3600 X65.101 Y41.101 E0.01635
G1 X65.1 Y58.9 E0.296
G1 X66.084 Y58.9 E0.01636
G1 F3840 X67.1 Y58.925 E0.01584
G1 F4079.3 X73.83 Y58.922 E0.09877
G1 F3090.1 X74.524 Y58.812 E0.01361
G1 F2500 X74.812 Y58.812 E0.0069
G1 X74.812 Y58.323 E0.01171
G1 X74.388 Y57.969 E0.01323
G1 X74.281 Y58.37 E0.00994
G1 F3090.1 X73.8 Y58.57 E0.01009
G0 F7200 X73.9 Y58
;TYPE:WALL-OUTER
G1 F1800 X73.869 Y58.108 E0.00187
G1 X73.735 Y58.198 E0.00268
G1 X67.1 Y58.2 E0.11034
G1 X66.914 Y58.075 E0.00373
G1 X66.302 Y56.535 E0.02756
G1 X66.3 Y43.46 E0.21744
G1 X66.914 Y41.925 E0.02749
G1 X67.065 Y41.802 E0.00324
G1 X73.7 Y41.8 E0.11034
G1 X73.869 Y41.892 E0.0032
G1 X73.9 Y42 E0.00187
G1 X73.899 Y43.072 E0.01783
G1 X75.3 Y41.902 E0.03035
G1 X75.3 Y41.018 E0.0147
G1 X75.213 Y40.799 E0.00392
G1 X75.016 Y40.7 E0.00367
G1 X65.016 Y40.7 E0.1663
G1 X64.799 Y40.786 E0.00388
G1 X64.7 Y40.98 E0.00362
G1 X64.7 Y58.981 E0.29936
G1 X64.786 Y59.201 E0.00393
G1 X64.98 Y59.3 E0.00362
G1 X74.978 Y59.3 E0.16627
G1 X75.201 Y59.213 E0.00398
G1 X75.3 Y59.016 E0.00367
G1 X75.3 Y58.094 E0.01533
G1 X73.9 Y56.928 E0.0303
G1 X73.9 Y58 E0.01783
G0 F7200 X73.869 Y58.108
G0 X73.796 Y58.157
G1 F1500 E-6.5
;MESH:NONMESH
G0 F600 X73.796 Y58.157 Z3.6
G0 F7200 X74.552 Y58.32
G0 X66.8 Y58.443
G0 X66.051 Y56.586
G0 X64.93 Y42.231
G0 X63.835 Y42.231
G0 X55.223 Y39.837
G0 X44.935 Y39.836
G0 X36.165 Y41.8
G0 X35.072 Y41.8
G0 X34.138 Y41.562
G0 X26.8 Y41.557
G0 X25.41 Y42.231
G0 X25.26 Y42.231
;TIME_ELAPSED:614.993387
;LAYER:33
;TYPE:FILL
;MESH:pin.stl
G1 F1500 E6.5
G1 F3600 X25.924 Y42.895 E0.01562
G1 X25.994 Y42.965
G0 F7200 X25.771 Y42.875
G0 X25.59 Y45.975
G0 X25.739 Y45.975
G1 F3600 X25.261 Y46.454 E0.01125
G0 F7200 X25.41 Y46.454
G0 X25.41 Y47.887
G0 X25.26 Y47.887
G1 F3600 X25.74 Y48.368 E0.0113
G0 F7200 X25.59 Y48.368
G0 X25.59 Y51.632
G0 X25.739 Y51.632
G1 F3600 X25.261 Y52.111 E0.01125
G0 F7200 X25.41 Y52.111
G0 X25.41 Y53.544
G0 X25.26 Y53.544
G1 F3600 X25.74 Y54.024 E0.01129
G0 F7200 X25.59 Y54.024
G0 X25.651 Y56.663
G0 X25.923 Y57.106
G1 F3600 X25.261 Y57.768 E0.01557
G1 X25.191 Y57.838
G0 F7200 X25.41 Y57.838
G0 X26.051 Y43.414
G0 X26.8 Y41.557
G0 X29.98 Y41.294
G1 F3600 X29.896 Y41.21 E0.00198
G0 F7200 X30.421 Y41.294
G1 F3600 X30.505 Y41.21 E0.00198
G0 F7200 X26.8 Y41.557
G0 X26.051 Y43.414
G0 X26.051 Y56.586
G0 X26.8 Y58.443
G0 X34.61 Y58.57
G0 X33.8 Y58.57
;TYPE:WALL-INNER
G1 F4079.3 X27.1 Y58.575 E0.09833
G1 F3840 X26.542 Y58.223 E0.01029
G1 F3600 X25.9 Y56.615 E0.02879
G1 X25.9 Y43.5 E0.2181
G1 X25.942 Y43.277 E0.00377
G1 X26.542 Y41.777 E0.02687
G1 F3809.5 X27 Y41.43 E0.00903
G1 F4079.3 X33.7 Y41.425 E0.09833
G1 F3110.2 X34.281 Y41.63 E0.01186
G1 F2500 X34.387 Y42.029 E0.00989
G1 X34.812 Y41.674 E0.01326
G1 X34.812 Y41.188 E0.01164
G1 X34.524 Y41.188 E0.0069
G1 F3110.2 X33.7 Y41.075 E0.01601
G1 F4114.3 X27.1 Y41.075 E0.09604
G1 F3840 X26.084 Y41.1 E0.01584
G1 F3600 X25.101 Y41.101 E0.01635
G1 X25.1 Y58.9 E0.296
G1 X26.084 Y58.9 E0.01636
G1 F3840 X27.1 Y58.925 E0.01584
G1 F4079.3 X33.83 Y58.922 E0.09877
G1 F3090.1 X34.524 Y58.812 E0.01361
G1 F2500 X34.812 Y58.812 E0.0069
G1 X34.812 Y58.323 E0.01171
G1 X34.388 Y57.969 E0.01323
G1 X34.281 Y58.37 E0.00994
G1 F3090.1 X33.8 Y58.57 E0.01009
G0 F7200 X33.9 Y58
;TYPE:WALL-OUTER
G1 F1800 X33.869 Y58.108 E0.00187
G1 X33.735 Y58.198 E0.00268
G1 X27.1 Y58.2 E0.11034
G1 X26.914 Y58.075 E0.00373
G1 X26.302 Y56.535 E0.02756
G1 X26.3 Y43.46 E0.21744
G1 X26.914 Y41.925 E0.02749
G1 X27.065 Y41.802 E0.00324
G1 X33.7 Y41.8 E0.11034
G1 X33.869 Y41.892 E0.0032
G1 X33.9 Y42 E0.00187
G1 X33.899 Y43.072 E0.01783
G1 X35.3 Y41.902 E0.03035
G1 X35.3 Y41.018 E0.0147
G1 X35.213 Y40.799 E0.00392
G1 X35.016 Y40.7 E0.00367
G1 X25.016 Y40.7 E0.1663
G1 X24.799 Y40.786 E0.00388
G1 X24.7 Y40.98 E0.00362
G1 X24.7 Y58.981 E0.29936
G1 X24.786 Y59.201 E0.00393
G1 X24.98 Y59.3 E0.00362
G1 X34.978 Y59.3 E0.16627
G1 X35.201 Y59.213 E0.00398
G1 X35.3 Y59.016 E0.00367
G1 X35.3 Y58.094 E0.01533
G1 X33.9 Y56.928 E0.0303
G1 X33.9 Y58 E0.01783
G0 F7200 X33.869 Y58.108
G0 X33.796 Y58.157
G1 F1500 E-6.5
G0 F7200 X34.552 Y58.32
G0 X36.165 Y58.2
G0 X43.835 Y58.2
G0 X44.93 Y58.2
G0 X45.41 Y56.573
G0 X45.26 Y56.573
;TYPE:FILL
G1 F1500 E6.5
G1 F3600 X46.012 Y57.326 E0.0177
G1 X46.082 Y57.396
G0 F7200 X45.907 Y57.466
G0 X46.422 Y58.634
G0 X47.008 Y58.647
G1 F3600 X46.877 Y58.779 E0.00309
G0 F7200 X46.422 Y58.634
G0 X45.651 Y56.663
G0 X45.41 Y54.739
G0 X45.26 Y54.739
G1 F3600 X45.74 Y54.259 E0.01129
G0 F7200 X45.59 Y54.259
G0 X45.59 Y51.397
G0 X45.741 Y51.397
G1 F3600 X45.26 Y50.917 E0.0113
G0 F7200 X45.41 Y50.917
G0 X45.41 Y49.082
G0 X45.26 Y49.082
G1 F3600 X45.74 Y48.602 E0.01129
G0 F7200 X45.59 Y48.602
G0 X45.59 Y45.741
G0 X45.741 Y45.741
G1 F3600 X45.26 Y45.26 E0.01131
G0 F7200 X45.41 Y45.26
G0 X45.41 Y43.425
G0 X45.26 Y43.425
G1 F3600 X46.011 Y42.674 E0.01766
G1 X46.081 Y42.604
G0 F7200 X45.908 Y42.534
G0 X46.422 Y41.366
G0 X46.964 Y41.307
G1 F3600 X46.878 Y41.221 E0.00202
G0 F7200 X47.39 Y41.296
G1 F3600 X47.475 Y41.21 E0.00201
G0 F7200 X52.524 Y41.21
G1 F3600 X52.605 Y41.291 E0.0019
G0 F7200 X53.051 Y41.291
G1 F3600 X53.132 Y41.21 E0.0019
G0 F7200 X46.8 Y41.557
G0 X46.051 Y43.414
G0 X46.051 Y56.586
G0 X46.8 Y58.443
G0 X54.61 Y58.57
G0 X53.8 Y58.57
;TYPE:WALL-INNER
G1 F4079.3 X47.1 Y58.575 E0.09833
G1 F3840 X46.542 Y58.223 E0.01029
G1 F3600 X45.9 Y56.615 E0.02879
G1 X45.9 Y43.5 E0.2181
G1 X45.942 Y43.277 E0.00377
G1 X46.542 Y41.777 E0.02687
G1 F3809.5 X47 Y41.43 E0.00903
G1 F4079.3 X53.7 Y41.425 E0.09833
G1 F3110.2 X54.281 Y41.63 E0.01186
G1 F2500 X54.387 Y42.029 E0.00989
G1 X54.812 Y41.674 E0.01326
G1 X54.812 Y41.188 E0.01164
G1 X54.524 Y41.188 E0.0069
G1 F3110.2 X53.7 Y41.075 E0.01601
G1 F4114.3 X47.1 Y41.075 E0.09604
G1 F3840 X46.084 Y41.1 E0.01584
G1 F3600 X45.101 Y41.101 E0.01635
G1 X45.1 Y58.9 E0.296
G1 X46.084 Y58.9 E0.01636
G1 F3840 X47.1 Y58.925 E0.01584
G1 F4079.3 X53.83 Y58.922 E0.09877
G1 F3090.1 X54.524 Y58.812 E0.01361
G1 F2500 X54.812 Y58.812 E0.0069
G1 X54.812 Y58.323 E0.01171
G1 X54.388 Y57.969 E0.01323
G1 X54.281 Y58.37 E0.00994
G1 F3090.1 X53.8 Y58.57 E0.01009
G0 F7200 X53.9 Y58
;TYPE:WALL-OUTER
G1 F1800 X53.869 Y58.108 E0.00187
G1 X53.735 Y58.198 E0.00268
G1 X47.1 Y58.2 E0.11034
G1 X46.914 Y58.075 E0.00373
G1 X46.302 Y56.535 E0.02756
G1 X46.3 Y43.46 E0.21744
G1 X46.914 Y41.925 E0.02749
G1 X47.065 Y41.802 E0.00324
G1 X53.7 Y41.8 E0.11034
G1 X53.869 Y41.892 E0.0032
G1 X53.9 Y42 E0.00187
G1 X53.899 Y43.072 E0.01783
G1 X55.3 Y41.902 E0.03035
G1 X55.3 Y41.018 E0.0147
G1 X55.213 Y40.799 E0.00392
G1 X55.016 Y40.7 E0.00367
G1 X45.016 Y40.7 E0.1663
G1 X44.799 Y40.786 E0.00388
G1 X44.7 Y40.98 E0.00362
G1 X44.7 Y58.981 E0.29936
G1 X44.786 Y59.201 E0.00393
G1 X44.98 Y59.3 E0.00362
G1 X54.978 Y59.3 E0.16627
G1 X55.201 Y59.213 E0.00398
G1 X55.3 Y59.016 E0.00367
G1 X55.3 Y58.094 E0.01533
G1 X53.9 Y56.928 E0.0303
G1 X53.9 Y58 E0.01783
G0 F7200 X53.869 Y58.108
G0 X53.796 Y58.157
G1 F1500 E-6.5
G0 F7200 X54.552 Y58.32
G0 X56.165 Y58.2
G0 X63.835 Y58.2
G0 X64.93 Y58.2
G0 X65.41 Y57.366
G0 X65.26 Y57.366
;TYPE:FILL
G1 F1500 E6.5
G1 F3600 X65.808 Y56.818 E0.01289
G0 F7200 X65.67 Y56.873
G0 X65.59 Y54.427
G0 X65.74 Y54.427
G1 F3600 X65.26 Y53.946 E0.0113
G0 F7200 X65.41 Y53.946
G0 X65.41 Y51.709
G0 X65.26 Y51.709
G1 F3600 X65.74 Y51.23 E0.01128
G0 F7200 X65.59 Y51.23
G0 X65.59 Y48.77
G0 X65.74 Y48.77
G1 F3600 X65.26 Y48.29 E0.01129
G0 F7200 X65.41 Y48.29
G0 X65.41 Y46.052
G0 X65.261 Y46.052
G1 F3600 X65.74 Y45.573 E0.01127
G0 F7200 X65.59 Y45.573
G0 X65.671 Y43.125
G0 X65.808 Y43.181
G1 F3600 X65.26 Y42.633 E0.01289
G0 F7200 X65.41 Y42.633
G0 X66.8 Y41.557
G0 X69.494 Y41.21
G1 F3600 X69.577 Y41.293 E0.00195
G0 F7200 X70.02 Y41.293
G1 F3600 X70.103 Y41.21 E0.00195
G0 F7200 X66.8 Y41.557
G0 X66.051 Y43.414
G0 X66.051 Y56.586
G0 X66.8 Y58.443
G0 X74.61 Y58.57
G0 X73.8 Y58.57
;TYPE:WALL-INNER
G1 F4079.3 X67.1 Y58.575 E0.09833
G1 F3840 X66.542 Y58.223 E0.01029
G1 F3600 X65.9 Y56.615 E0.02879
G1 X65.9 Y43.5 E0.2181
G1 X65.942 Y43.277 E0.00377
G1 X66.542 Y41.777 E0.02687
G1 F3809.5 X67 Y41.43 E0.00903
G1 F4079.3 X73.7 Y41.425 E0.09833
G1 F3110.2 X74.281 Y41.63 E0.01186
G1 F2500 X74.387 Y42.029 E0.00989
G1 X74.812 Y41.674 E0.01326
G1 X74.812 Y41.188 E0.01164
G1 X74.524 Y41.188 E0.0069
G1 F3110.2 X73.7 Y41.075 E0.01601
G1 F4114.3 X67.1 Y41.075 E0.09604
G1 F3840 X66.084 Y41.1 E0.01584
G1 F3600 X65.101 Y41.101 E0.01635
G1 X65.1 Y58.9 E0.296
G1 X66.084 Y58.9 E0.01636
G1 F3840 X67.1 Y58.925 E0.01584
G1 F4079.3 X73.83 Y58.922 E0.09877
G1 F3090.1 X74.524 Y58.812 E0.01361
G1 F2500 X74.812 Y58.812 E0.0069
G1 X74.812 Y58.323 E0.01171
G1 X74.388 Y57.969 E0.01323
G1 X74.281 Y58.37 E0.00994
G1 F3090.1 X73.8 Y58.57 E0.01009
G0 F7200 X73.9 Y58
;TYPE:WALL-OUTER
G1 F1800 X73.869 Y58.108 E0.00187
G1 X73.735 Y58.198 E0.00268
G1 X67.1 Y58.2 E0.11034
G1 X66.914 Y58.075 E0.00373
G1 X66.302 Y56.535 E0.02756
G1 X66.3 Y43.46 E0.21744
G1 X66.914 Y41.925 E0.02749
G1 X67.065 Y41.802 E0.00324
G1 X73.7 Y41.8 E0.11034
G1 X73.869 Y41.892 E0.0032
G1 X73.9 Y42 E0.00187
G1 X73.899 Y43.072 E0.01783
G1 X75.3 Y41.902 E0.03035
G1 X75.3 Y41.018 E0.0147
G1 X75.213 Y40.799 E0.00392
G1 X75.016 Y40.7 E0.00367
G1 X65.016 Y40.7 E0.1663
G1 X64.799 Y40.786 E0.00388
G1 X64.7 Y40.98 E0.00362
G1 X64.7 Y58.981 E0.29936
G1 X64.786 Y59.201 E0.00393
G1 X64.98 Y59.3 E0.00362
G1 X74.978 Y59.3 E0.16627
G1 X75.201 Y59.213 E0.00398
G1 X75.3 Y59.016 E0.00367
G1 X75.3 Y58.094 E0.01533
G1 X73.9 Y56.928 E0.0303
G1 X73.9 Y58 E0.01783
G0 F7200 X73.869 Y58.108
G0 X73.796 Y58.157
G1 F1500 E-6.5
;MESH:NONMESH
G0 F600 X73.796 Y58.157 Z3.7
G0 F7200 X74.552 Y58.32
G0 X66.8 Y58.443
G0 X66.051 Y56.586
G0 X64.93 Y42.231
G0 X63.835 Y42.231
G0 X55.223 Y39.837
G0 X44.935 Y39.836
G0 X36.165 Y41.8
G0 X35.072 Y41.8
G0 X34.138 Y41.562
G0 X26.8 Y41.557
G0 X25.41 Y42.231
G0 X25.26 Y42.231
;TIME_ELAPSED:632.222189
;LAYER:34
;TYPE:FILL
;MESH:pin.stl
G1 F1500 E6.5
G1 F3600 X25.924 Y42.895 E0.01562
G1 X25.994 Y42.965
G0 F7200 X25.771 Y42.875
G0 X25.59 Y45.975
G0 X25.739 Y45.975
G1 F3600 X25.261 Y46.454 E0.01125
G0 F7200 X25.41 Y46.454
G0 X25.41 Y47.887
G0 X25.26 Y47.887
G1 F3600 X25.74 Y48.368 E0.0113
G0 F7200 X25.59 Y48.368
G0 X25.59 Y51.632
G0 X25.739 Y51.632
G1 F3600 X25.261 Y52.111 E0.01125
G0 F7200 X25.41 Y52.111
G0 X25.41 Y53.544
G0 X25.26 Y53.544
G1 F3600 X25.74 Y54.024 E0.01129
G0 F7200 X25.59 Y54.024
G0 X25.651 Y56.663
G0 X25.923 Y57.106
G1 F3600 X25.261 Y57.768 E0.01557
G1 X25.191 Y57.838
G0 F7200 X25.41 Y57.838
G0 X26.051 Y43.414
G0 X26.8 Y41.557
G0 X29.98 Y41.294
G1 F3600 X29.896 Y41.21 E0.00198
G0 F7200 X30.421 Y41.294
G1 F3600 X30.505 Y41.21 E0.00198
G0 F7200 X26.8 Y41.557
G0 X26.051 Y43.414
G0 X26.051 Y56.586
G0 X26.8 Y58.443
G0 X34.61 Y58.57
G0 X33.8 Y58.57
;TYPE:WALL-INNER
G1 F4079.3 X27.1 Y58.575 E0.09833
G1 F3840 X26.542 Y58.223 E0.01029
G1 F3600 X25.9 Y56.615 E0.02879
G1 X25.9 Y43.5 E0.2181
G1 X25.942 Y43.277 E0.00377
G1 X26.542 Y41.777 E0.02687
G1 F3809.5 X27 Y41.43 E0.00903
G1 F4079.3 X33.7 Y41.425 E0.09833
G1 F3110.2 X34.281 Y41.63 E0.01186
G1 F2500 X34.387 Y42.029 E0.00989
G1 X34.812 Y41.674 E0.01326
G1 X34.812 Y41.188 E0.01164
G1 X34.524 Y41.188 E0.0069
G1 F3110.2 X33.7 Y41.075 E0.01601
G1 F4114.3 X27.1 Y41.075 E0.09604
G1 F3840 X26.084 Y41.1 E0.01584
G1 F3600 X25.101 Y41.101 E0.01635
G1 X25.1 Y58.9 E0.296
G1 X26.084 Y58.9 E0.01636
G1 F3840 X27.1 Y58.925 E0.01584
G1 F4079.3 X33.83 Y58.922 E0.09877
G1 F3090.1 X34.524 Y58.812 E0.01361
G1 F2500 X34.812 Y58.812 E0.0069
G1 X34.812 Y58.323 E0.01171
G1 X34.388 Y57.969 E0.01323
G1 X34.281 Y58.37 E0.00994
G1 F3090.1 X33.8 Y58.57 E0.01009
G0 F7200 X33.9 Y58
;TYPE:WALL-OUTER
G1 F1800 X33.869 Y58.108 E0.00187
G1 X33.735 Y58.198 E0.00268
G1 X27.1 Y58.2 E0.11034
G1 X26.914 Y58.075 E0.00373
G1 X26.302 Y56.535 E0.02756
G1 X26.3 Y43.46 E0.21744
G1 X26.914 Y41.925 E0.02749
G1 X27.065 Y41.802 E0.00324
G1 X33.7 Y41.8 E0.11034
G1 X33.869 Y41.892 E0.0032
G1 X33.9 Y42 E0.00187
G1 X33.899 Y43.072 E0.01783
G1 X35.3 Y41.902 E0.03035
G1 X35.3 Y41.018 E0.0147
G1 X35.213 Y40.799 E0.00392
G1 X35.016 Y40.7 E0.00367
G1 X25.016 Y40.7 E0.1663
G1 X24.799 Y40.786 E0.00388
G1 X24.7 Y40.98 E0.00362
G1 X24.7 Y58.981 E0.29936
G1 X24.786 Y59.201 E0.00393
G1 X24.98 Y59.3 E0.00362
G1 X34.978 Y59.3 E0.16627
G1 X35.201 Y59.213 E0.00398
G1 X35.3 Y59.016 E0.00367
G1 X35.3 Y58.094 E0.01533
G1 X33.9 Y56.928 E0.0303
G1 X33.9 Y58 E0.01783
G0 F7200 X33.869 Y58.108
G0 X33.796 Y58.157
G1 F1500 E-6.5
G0 F7200 X34.552 Y58.32
G0 X36.165 Y58.2
G0 X43.835 Y58.2
G0 X44.93 Y58.2
G0 X45.41 Y56.573
G0 X45.26 Y56.573
;TYPE:FILL
G1 F1500 E6.5
G1 F3600 X46.012 Y57.326 E0.0177
G1 X46.082 Y57.396
G0 F7200 X45.907 Y57.466
G0 X46.422 Y58.634
G0 X47.008 Y58.647
G1 F3600 X46.877 Y58.779 E0.00309
G0 F7200 X46.422 Y58.634
G0 X45.651 Y56.663
G0 X45.41 Y54.739
G0 X45.26 Y54.739
G1 F3600 X45.74 Y54.259 E0.01129
G0 F7200 X45.59 Y54.259
G0 X45.59 Y51.397
G0 X45.741 Y51.397
G1 F3600 X45.26 Y50.917 E0.0113
G0 F7200 X45.41 Y50.917
G0 X45.41 Y49.082
G0 X45.26 Y49.082
G1 F3600 X45.74 Y48.602 E0.01129
G0 F7200 X45.59 Y48.602
G0 X45.59 Y45.741
G0 X45.741 Y45.741
G1 F3600 X45.26 Y45.26 E0.01131
G0 F7200 X45.41 Y45.26
G0 X45.41 Y43.425
G0 X45.26 Y43.425
G1 F3600 X46.011 Y42.674 E0.01766
G1 X46.081 Y42.604
G0 F7200 X45.908 Y42.534
G0 X46.422 Y41.366
G0 X46.964 Y41.307
G1 F3600 X46.878 Y41.221 E0.00202
G0 F7200 X47.39 Y41.296
G1 F3600 X47.475 Y41.21 E0.00201
G0 F7200 X52.524 Y41.21
G1 F3600 X52.605 Y41.291 E0.0019
G0 F7200 X53.051 Y41.291
G1 F3600 X53.132 Y41.21 E0.0019
G0 F7200 X46.8 Y41.557
G0 X46.051 Y43.414
G0 X46.051 Y56.586
G0 X46.8 Y58.443
G0 X54.61 Y58.57
G0 X53.8 Y58.57
;TYPE:WALL-INNER
G1 F4079.3 X47.1 Y58.575 E0.09833
G1 F3840 X46.542 Y58.223 E0.01029
G1 F3600 X45.9 Y56.615 E0.02879
G1 X45.9 Y43.5 E0.2181
G1 X45.942 Y43.277 E0.00377
G1 X46.542 Y41.777 E0.02687
G1 F3809.5 X47 Y41.43 E0.00903
G1 F4079.3 X53.7 Y41.425 E0.09833
G1 F3110.2 X54.281 Y41.63 E0.01186
G1 F2500 X54.387 Y42.029 E0.00989
G1 X54.812 Y41.674 E0.01326
G1 X54.812 Y41.188 E0.01164
G1 X54.524 Y41.188 E0.0069
G1 F3110.2 X53.7 Y41.075 E0.01601
G1 F4114.3 X47.1 Y41.075 E0.09604
G1 F3840 X46.084 Y41.1 E0.01584
G1 F3600 X45.101 Y41.101 E0.01635
G1 X45.1 Y58.9 E0.296
G1 X46.084 Y58.9 E0.01636
G1 F3840 X47.1 Y58.925 E0.01584
G1 F4079.3 X53.83 Y58.922 E0.09877
G1 F3090.1 X54.524 Y58.812 E0.01361
G1 F2500 X54.812 Y58.812 E0.0069
G1 X54.812 Y58.323 E0.01171
G1 X54.388 Y57.969 E0.01323
G1 X54.281 Y58.37 E0.00994
G1 F3090.1 X53.8 Y58.57 E0.01009
G0 F7200 X53.9 Y58
;TYPE:WALL-OUTER
G1 F1800 X53.869 Y58.108 E0.00187
G1 X53.735 Y58.198 E0.00268
G1 X47.1 Y58.2 E0.11034
G1 X46.914 Y58.075 E0.00373
G1 X46.302 Y56.535 E0.02756
G1 X46.3 Y43.46 E0.21744
G1 X46.914 Y41.925 E0.02749
G1 X47.065 Y41.802 E0.00324
G1 X53.7 Y41.8 E0.11034
G1 X53.869 Y41.892 E0.0032
G1 X53.9 Y42 E0.00187
G1 X53.899 Y43.072 E0.01783
G1 X55.3 Y41.902 E0.03035
G1 X55.3 Y41.018 E0.0147
G1 X55.213 Y40.799 E0.00392
G1 X55.016 Y40.7 E0.00367
G1 X45.016 Y40.7 E0.1663
G1 X44.799 Y40.786 E0.00388
G1 X44.7 Y40.98 E0.00362
G1 X44.7 Y58.981 E0.29936
G1 X44.786 Y59.201 E0.00393
G1 X44.98 Y59.3 E0.00362
G1 X54.978 Y59.3 E0.16627
G1 X55.201 Y59.213 E0.00398
G1 X55.3 Y59.016 E0.00367
G1 X55.3 Y58.094 E0.01533
G1 X53.9 Y56.928 E0.0303
G1 X53.9 Y58 E0.01783
G0 F7200 X53.869 Y58.108
G0 X53.796 Y58.157
G1 F1500 E-6.5
G0 F7200 X54.552 Y58.32
G0 X56.165 Y58.2
G0 X63.835 Y58.2
G0 X64.93 Y58.2
G0 X65.41 Y57.366
G0 X65.26 Y57.366
;TYPE:FILL
G1 F1500 E6.5
G1 F3600 X65.808 Y56.818 E0.01289
G0 F7200 X65.67 Y56.873
G0 X65.59 Y54.427
G0 X65.74 Y54.427
G1 F3600 X65.26 Y53.946 E0.0113
G0 F7200 X65.41 Y53.946
G0 X65.41 Y51.709
G0 X65.26 Y51.709
G1 F3600 X65.74 Y51.23 E0.01128
G0 F7200 X65.59 Y51.23
G0 X65.59 Y48.77
G0 X65.74 Y48.77
G1 F3600 X65.26 Y48.29 E0.01129
G0 F7200 X65.41 Y48.29
G0 X65.41 Y46.052
G0 X65.261 Y46.052
G1 F3600 X65.74 Y45.573 E0.01127
G0 F7200 X65.59 Y45.573
G0 X65.671 Y43.125
G0 X65.808 Y43.181
G1 F3600 X65.26 Y42.633 E0.01289
G0 F7200 X65.41 Y42.633
G0 X66.8 Y41.557
G0 X69.494 Y41.21
G1 F3600 X69.577 Y41.293 E0.00195
G0 F7200 X70.02 Y41.293
G1 F3600 X70.103 Y41.21 E0.00195
G0 F7200 X66.8 Y41.557
G0 X66.051 Y43.414
G0 X66.051 Y56.586
G0 X66.8 Y58.443
G0 X74.61 Y58.57
G0 X73.8 Y58.57
;TYPE:WALL-INNER
G1 F4079.3 X67.1 Y58.575 E0.09833
G1 F3840 X66.542 Y58.223 E0.01029
G1 F3600 X65.9 Y56.615 E0.02879
G1 X65.9 Y43.5 E0.2181
G1 X65.942 Y43.277 E0.00377
G1 X66.542 Y41.777 E0.02687
G1 F3809.5 X67 Y41.43 E0.00903
G1 F4079.3 X73.7 Y41.425 E0.09833
G1 F3110.2 X74.281 Y41.63 E0.01186
G1 F2500 X74.387 Y42.029 E0.00989
G1 X74.812 Y41.674 E0.01326
G1 X74.812 Y41.188 E0.01164
G1 X74.524 Y41.188 E0.0069
G1 F3110.2 X73.7 Y41.075 E0.01601
G1 F4114.3 X67.1 Y41.075 E0.09604
G1 F3840 X66.084 Y41.1 E0.01584
G1 F3600 X65.101 Y41.101 E0.01635
G1 X65.1 Y58.9 E0.296
G1 X66.084 Y58.9 E0.01636
G1 F3840 X67.1 Y58.925 E0.01584
G1 F4079.3 X73.83 Y58.922 E0.09877
G1 F3090.1 X74.524 Y58.812 E0.01361
G1 F2500 X74.812 Y58.812 E0.0069
G1 X74.812 Y58.323 E0.01171
G1 X74.388 Y57.969 E0.01323
G1 X74.281 Y58.37 E0.00994
G1 F3090.1 X73.8 Y58.57 E0.01009
G0 F7200 X73.9 Y58
;TYPE:WALL-OUTER
G1 F1800 X73.869 Y58.108 E0.00187
G1 X73.735 Y58.198 E0.00268
G1 X67.1 Y58.2 E0.11034
G1 X66.914 Y58.075 E0.00373
G1 X66.302 Y56.535 E0.02756
G1 X66.3 Y43.46 E0.21744
G1 X66.914 Y41.925 E0.02749
G1 X67.065 Y41.802 E0.00324
G1 X73.7 Y41.8 E0.11034
G1 X73.869 Y41.892 E0.0032
G1 X73.9 Y42 E0.00187
G1 X73.899 Y43.072 E0.01783
G1 X75.3 Y41.902 E0.03035
G1 X75.3 Y41.018 E0.0147
G1 X75.213 Y40.799 E0.00392
G1 X75.016 Y40.7 E0.00367
G1 X65.016 Y40.7 E0.1663
G1 X64.799 Y40.786 E0.00388
G1 X64.7 Y40.98 E0.00362
G1 X64.7 Y58.981 E0.29936
G1 X64.786 Y59.201 E0.00393
G1 X64.98 Y59.3 E0.00362
G1 X74.978 Y59.3 E0.16627
G1 X75.201 Y59.213 E0.00398
G1 X75.3 Y59.016 E0.00367
G1 X75.3 Y58.094 E0.01533
G1 X73.9 Y56.928 E0.0303
G1 X73.9 Y58 E0.01783
G0 F7200 X73.869 Y58.108
G0 X73.796 Y58.157
G1 F1500 E-6.5
;MESH:NONMESH
G0 F600 X73.796 Y58.157 Z3.8
G0 F7200 X74.552 Y58.32
G0 X66.8 Y58.443
G0 X66.051 Y56.586
G0 X64.93 Y42.231
G0 X63.835 Y42.231
G0 X55.223 Y39.837
G0 X44.935 Y39.836
G0 X36.165 Y41.8
G0 X35.072 Y41.8
G0 X34.138 Y41.562
G0 X26.8 Y41.557
G0 X25.41 Y42.231
G0 X25.26 Y42.231
;TIME_ELAPSED:649.450990
;LAYER:35
;TYPE:FILL
;MESH:pin.stl
G1 F1500 E6.5
G1 F3600 X25.924 Y42.895 E0.01562
G1 X25.994 Y42.965
G0 F7200 X25.771 Y42.875
G0 X25.59 Y45.975
G0 X25.739 Y45.975
G1 F3600 X25.261 Y46.454 E0.01125
G0 F7200 X25.41 Y46.454
G0 X25.41 Y47.887
G0 X25.26 Y47.887
G1 F3600 X25.74 Y48.368 E0.0113
G0 F7200 X25.59 Y48.368
G0 X25.59 Y51.632
G0 X25.739 Y51.632
G1 F3600 X25.261 Y52.111 E0.01125
G0 F7200 X25.41 Y52.111
G0 X25.41 Y53.544
G0 X25.26 Y53.544
G1 F3600 X25.74 Y54.024 E0.01129
G0 F7200 X25.59 Y54.024
G0 X25.651 Y56.663
G0 X25.923 Y57.106
G1 F3600 X25.261 Y57.768 E0.01557
G1 X25.191 Y57.838
G0 F7200 X25.41 Y57.838
G0 X26.051 Y43.414
G0 X26.8 Y41.557
G0 X29.98 Y41.294
G1 F3600 X29.896 Y41.21 E0.00198
G0 F7200 X30.421 Y41.294
G1 F3600 X30.505 Y41.21 E0.00198
G0 F7200 X26.8 Y41.557
G0 X26.051 Y43.414
G0 X26.051 Y56.586
G0 X26.8 Y58.443
G0 X34.61 Y58.57
G0 X33.8 Y58.57
;TYPE:WALL-INNER
G1 F4079.3 X27.1 Y58.575 E0.09833
G1 F3840 X26.542 Y58.223 E0.01029
G1 F3600 X25.9 Y56.615 E0.02879
G1 X25.9 Y43.5 E0.2181
G1 X25.942 Y43.277 E0.00377
G1 X26.542 Y41.777 E0.02687
G1 F3809.5 X27 Y41.43 E0.00903
G1 F4079.3 X33.7 Y41.425 E0.09833
G1 F3110.2 X34.281 Y41.63 E0.01186
G1 F2500 X34.387 Y42.029 E0.00989
G1 X34.812 Y41.674 E0.01326
G1 X34.812 Y41.188 E0.01164
G1 X34.524 Y41.188 E0.0069
G1 F3110.2 X33.7 Y41.075 E0.01601
G1 F4114.3 X27.1 Y41.075 E0.09604
G1 F3840 X26.084 Y41.1 E0.01584
G1 F3600 X25.101 Y41.101 E0.01635
G1 X25.1 Y58.9 E0.296
G1 X26.084 Y58.9 E0.01636
G1 F3840 X27.1 Y58.925 E0.01584
G1 F4079.3 X33.83 Y58.922 E0.09877
G1 F3090.1 X34.524 Y58.812 E0.01361
G1 F2500 X34.812 Y58.812 E0.0069
G1 X34.812 Y58.323 E0.01171
G1 X34.388 Y57.969 E0.01323
G1 X34.281 Y58.37 E0.00994
G1 F3090.1 X33.8 Y58.57 E0.01009
G0 F7200 X33.9 Y58
;TYPE:WALL-OUTER
G1 F1800 X33.869 Y58.108 E0.00187
G1 X33.735 Y58.198 E0.00268
G1 X27.1 Y58.2 E0.11034
G1 X26.914 Y58.075 E0.00373
G1 X26.302 Y56.535 E0.02756
G1 X26.3 Y43.46 E0.21744
G1 X26.914 Y41.925 E0.02749
G1 X27.065 Y41.802 E0.00324
G1 X33.7 Y41.8 E0.11034
G1 X33.869 Y41.892 E0.0032
G1 X33.9 Y42 E0.00187
G1 X33.899 Y43.072 E0.01783
G1 X35.3 Y41.902 E0.03035
G1 X35.3 Y41.018 E0.0147
G1 X35.213 Y40.799 E0.00392
G1 X35.016 Y40.7 E0.00367
G1 X25.016 Y40.7 E0.1663
G1 X24.799 Y40.786 E0.00388
G1 X24.7 Y40.98 E0.00362
G1 X24.7 Y58.981 E0.29936
G1 X24.786 Y59.201 E0.00393
G1 X24.98 Y59.3 E0.00362
G1 X34.978 Y59.3 E0.16627
G1 X35.201 Y59.213 E0.00398
G1 X35.3 Y59.016 E0.00367
G1 X35.3 Y58.094 E0.01533
G1 X33.9 Y56.928 E0.0303
G1 X33.9 Y58 E0.01783
G0 F7200 X33.869 Y58.108
G0 X33.796 Y58.157
G1 F1500 E-6.5
G0 F7200 X34.552 Y58.32
G0 X36.165 Y58.2
G0 X43.835 Y58.2
G0 X44.93 Y58.2
G0 X45.41 Y56.573
G0 X45.26 Y56.573
;TYPE:FILL
G1 F1500 E6.5
G1 F3600 X46.012 Y57.326 E0.0177
G1 X46.082 Y57.396
G0 F7200 X45.907 Y57.466
G0 X46.422 Y58.634
G0 X47.008 Y58.647
G1 F3600 X46.877 Y58.779 E0.00309
G0 F7200 X46.422 Y58.634
G0 X45.651 Y56.663
G0 X45.41 Y54.739
G0 X45.26 Y54.739
G1 F3600 X45.74 Y54.259 E0.01129
G0 F7200 X45.59 Y54.259
G0 X45.59 Y51.397
G0 X45.741 Y51.397
G1 F3600 X45.26 Y50.917 E0.0113
G0 F7200 X45.41 Y50.917
G0 X45.41 Y49.082
G0 X45.26 Y49.082
G1 F3600 X45.74 Y48.602 E0.01129
G0 F7200 X45.59 Y48.602
G0 X45.59 Y45.741
G0 X45.741 Y45.741
G1 F3600 X45.26 Y45.26 E0.01131
G0 F7200 X45.41 Y45.26
G0 X45.41 Y43.425
G0 X45.26 Y43.425
G1 F3600 X46.011 Y42.674 E0.01766
G1 X46.081 Y42.604
G0 F7200 X45.908 Y42.534
G0 X46.422 Y41.366
G0 X46.964 Y41.307
G1 F3600 X46.878 Y41.221 E0.00202
G0 F7200 X47.39 Y41.296
G1 F3600 X47.475 Y41.21 E0.00201
G0 F7200 X52.524 Y41.21
G1 F3600 X52.605 Y41.291 E0.0019
G0 F7200 X53.051 Y41.291
G1 F3600 X53.132 Y41.21 E0.0019
G0 F7200 X46.8 Y41.557
G0 X46.051 Y43.414
G0 X46.051 Y56.586
G0 X46.8 Y58.443
G0 X54.61 Y58.57
G0 X53.8 Y58.57
;TYPE:WALL-INNER
G1 F4079.3 X47.1 Y58.575 E0.09833
G1 F3840 X46.542 Y58.223 E0.01029
G1 F3600 X45.9 Y56.615 E0.02879
G1 X45.9 Y43.5 E0.2181
G1 X45.942 Y43.277 E0.00377
G1 X46.542 Y41.777 E0.02687
G1 F3809.5 X47 Y41.43 E0.00903
G1 F4079.3 X53.7 Y41.425 E0.09833
G1 F3110.2 X54.281 Y41.63 E0.01186
G1 F2500 X54.387 Y42.029 E0.00989
G1 X54.812 Y41.674 E0.01326
G1 X54.812 Y41.188 E0.01164
G1 X54.524 Y41.188 E0.0069
G1 F3110.2 X53.7 Y41.075 E0.01601
G1 F4114.3 X47.1 Y41.075 E0.09604
G1 F3840 X46.084 Y41.1 E0.01584
G1 F3600 X45.101 Y41.101 E0.01635
G1 X45.1 Y58.9 E0.296
G1 X46.084 Y58.9 E0.01636
G1 F3840 X47.1 Y58.925 E0.01584
G1 F4079.3 X53.83 Y58.922 E0.09877
G1 F3090.1 X54.524 Y58.812 E0.01361
G1 F2500 X54.812 Y58.812 E0.0069
G1 X54.812 Y58.323 E0.01171
G1 X54.388 Y57.969 E0.01323
G1 X54.281 Y58.37 E0.00994
G1 F3090.1 X53.8 Y58.57 E0.01009
G0 F7200 X53.9 Y58
;TYPE:WALL-OUTER
G1 F1800 X53.869 Y58.108 E0.00187
G1 X53.735 Y58.198 E0.00268
G1 X47.1 Y58.2 E0.11034
G1 X46.914 Y58.075 E0.00373
G1 X46.302 Y56.535 E0.02756
G1 X46.3 Y43.46 E0.21744
G1 X46.914 Y41.925 E0.02749
G1 X47.065 Y41.802 E0.00324
G1 X53.7 Y41.8 E0.11034
G1 X53.869 Y41.892 E0.0032
G1 X53.9 Y42 E0.00187
G1 X53.899 Y43.072 E0.01783
G1 X55.3 Y41.902 E0.03035
G1 X55.3 Y41.018 E0.0147
G1 X55.213 Y40.799 E0.00392
G1 X55.016 Y40.7 E0.00367
G1 X45.016 Y40.7 E0.1663
G1 X44.799 Y40.786 E0.00388
G1 X44.7 Y40.98 E0.00362
G1 X44.7 Y58.981 E0.29936
G1 X44.786 Y59.201 E0.00393
G1 X44.98 Y59.3 E0.00362
G1 X54.978 Y59.3 E0.16627
G1 X55.201 Y59.213 E0.00398
G1 X55.3 Y59.016 E0.00367
G1 X55.3 Y58.094 E0.01533
G1 X53.9 Y56.928 E0.0303
G1 X53.9 Y58 E0.01783
G0 F7200 X53.869 Y58.108
G0 X53.796 Y58.157
G1 F1500 E-6.5
G0 F7200 X54.552 Y58.32
G0 X56.165 Y58.2
G0 X63.835 Y58.2
G0 X64.93 Y58.2
G0 X65.41 Y57.366
G0 X65.26 Y57.366
;TYPE:FILL
G1 F1500 E6.5
G1 F3600 X65.808 Y56.818 E0.01289
G0 F7200 X65.67 Y56.873
G0 X65.59 Y54.427
G0 X65.74 Y54.427
G1 F3600 X65.26 Y53.946 E0.0113
G0 F7200 X65.41 Y53.946
G0 X65.41 Y51.709
G0 X65.26 Y51.709
G1 F3600 X65.74 Y51.23 E0.01128
G0 F7200 X65.59 Y51.23
G0 X65.59 Y48.77
G0 X65.74 Y48.77
G1 F3600 X65.26 Y48.29 E0.01129
G0 F7200 X65.41 Y48.29
G0 X65.41 Y46.052
G0 X65.261 Y46.052
G1 F3600 X65.74 Y45.573 E0.01127
G0 F7200 X65.59 Y45.573
G0 X65.671 Y43.125
G0 X65.808 Y43.181
G1 F3600 X65.26 Y42.633 E0.01289
G0 F7200 X65.41 Y42.633
G0 X66.8 Y41.557
G0 X69.494 Y41.21
G1 F3600 X69.577 Y41.293 E0.00195
G0 F7200 X70.02 Y41.293
G1 F3600 X70.103 Y41.21 E0.00195
G0 F7200 X66.8 Y41.557
G0 X66.051 Y43.414
G0 X66.051 Y56.586
G0 X66.8 Y58.443
G0 X74.61 Y58.57
G0 X73.8 Y58.57
;TYPE:WALL-INNER
G1 F4079.3 X67.1 Y58.575 E0.09833
G1 F3840 X66.542 Y58.223 E0.01029
G1 F3600 X65.9 Y56.615 E0.02879
G1 X65.9 Y43.5 E0.2181
G1 X65.942 Y43.277 E0.00377
G1 X66.542 Y41.777 E0.02687
G1 F3809.5 X67 Y41.43 E0.00903
G1 F4079.3 X73.7 Y41.425 E0.09833
G1 F3110.2 X74.281 Y41.63 E0.01186
G1 F2500 X74.387 Y42.029 E0.00989
G1 X74.812 Y41.674 E0.01326
G1 X74.812 Y41.188 E0.01164
G1 X74.524 Y41.188 E0.0069
G1 F3110.2 X73.7 Y41.075 E0.01601
G1 F4114.3 X67.1 Y41.075 E0.09604
G1 F3840 X66.084 Y41.1 E0.01584
G1 F3600 X65.101 Y41.101 E0.01635
G1 X65.1 Y58.9 E0.296
G1 X66.084 Y58.9 E0.01636
G1 F3840 X67.1 Y58.925 E0.01584
G1 F4079.3 X73.83 Y58.922 E0.09877
G1 F3090.1 X74.524 Y58.812 E0.01361
G1 F2500 X74.812 Y58.812 E0.0069
G1 X74.812 Y58.323 E0.01171
G1 X74.388 Y57.969 E0.01323
G1 X74.281 Y58.37 E0.00994
G1 F3090.1 X73.8 Y58.57 E0.01009
G0 F7200 X73.9 Y58
;TYPE:WALL-OUTER
G1 F1800 X73.869 Y58.108 E0.00187
G1 X73.735 Y58.198 E0.00268
G1 X67.1 Y58.2 E0.11034
G1 X66.914 Y58.075 E0.00373
G1 X66.302 Y56.535 E0.02756
G1 X66.3 Y43.46 E0.21744
G1 X66.914 Y41.925 E0.02749
G1 X67.065 Y41.802 E0.00324
G1 X73.7 Y41.8 E0.11034
G1 X73.869 Y41.892 E0.0032
G1 X73.9 Y42 E0.00187
G1 X73.899 Y43.072 E0.01783
G1 X75.3 Y41.902 E0.03035
G1 X75.3 Y41.018 E0.0147
G1 X75.213 Y40.799 E0.00392
G1 X75.016 Y40.7 E0.00367
G1 X65.016 Y40.7 E0.1663
G1 X64.799 Y40.786 E0.00388
G1 X64.7 Y40.98 E0.00362
G1 X64.7 Y58.981 E0.29936
G1 X64.786 Y59.201 E0.00393
G1 X64.98 Y59.3 E0.00362
G1 X74.978 Y59.3 E0.16627
G1 X75.201 Y59.213 E0.00398
G1 X75.3 Y59.016 E0.00367
G1 X75.3 Y58.094 E0.01533
G1 X73.9 Y56.928 E0.0303
G1 X73.9 Y58 E0.01783
G0 F7200 X73.869 Y58.108
G0 X73.796 Y58.157
G1 F1500 E-6.5
;MESH:NONMESH
G0 F600 X73.796 Y58.157 Z3.9
G0 F7200 X74.552 Y58.32
G0 X66.8 Y58.443
G0 X66.051 Y56.586
G0 X64.93 Y42.231
G0 X63.835 Y42.231
G0 X55.223 Y39.837
G0 X44.935 Y39.836
G0 X36.165 Y41.8
G0 X35.072 Y41.8
G0 X34.138 Y41.562
G0 X26.8 Y41.557
G0 X25.41 Y42.231
G0 X25.26 Y42.231
;TIME_ELAPSED:666.679791
;LAYER:36
;TYPE:FILL
;MESH:pin.stl
G1 F1500 E6.5
G1 F3600 X25.924 Y42.895 E0.01562
G1 X25.994 Y42.965
G0 F7200 X25.771 Y42.875
G0 X25.59 Y45.975
G0 X25.739 Y45.975
G1 F3600 X25.261 Y46.454 E0.01125
G0 F7200 X25.41 Y46.454
G0 X25.41 Y47.887
G0 X25.26 Y47.887
G1 F3600 X25.74 Y48.368 E0.0113
G0 F7200 X25.59 Y48.368
G0 X25.59 Y51.632
G0 X25.739 Y51.632
G1 F3600 X25.261 Y52.111 E0.01125
G0 F7200 X25.41 Y52.111
G0 X25.41 Y53.544
G0 X25.26 Y53.544
G1 F3600 X25.74 Y54.024 E0.01129
G0 F7200 X25.59 Y54.024
G0 X25.651 Y56.663
G0 X25.923 Y57.106
G1 F3600 X25.261 Y57.768 E0.01557
G1 X25.191 Y57.838
G0 F7200 X25.41 Y57.838
G0 X26.051 Y43.414
G0 X26.8 Y41.557
G0 X29.98 Y41.294
G1 F3600 X29.896 Y41.21 E0.00198
G0 F7200 X30.421 Y41.294
G1 F3600 X30.505 Y41.21 E0.00198
G0 F7200 X26.8 Y41.557
G0 X26.051 Y43.414
G0 X26.051 Y56.586
G0 X26.8 Y58.443
G0 X34.61 Y58.57
G0 X33.8 Y58.57
;TYPE:WALL-INNER
G1 F4079.3 X27.1 Y58.575 E0.09833
G1 F3840 X26.542 Y58.223 E0.01029
G1 F3600 X25.9 Y56.615 E0.02879
G1 X25.9 Y43.5 E0.2181
G1 X25.942 Y43.277 E0.00377
G1 X26.542 Y41.777 E0.02687
G1 F3809.5 X27 Y41.43 E0.00903
G1 F4079.3 X33.7 Y41.425 E0.09833
G1 F3110.2 X34.281 Y41.63 E0.01186
G1 F2500 X34.387 Y42.029 E0.00989
G1 X34.812 Y41.674 E0.01326
G1 X34.812 Y41.188 E0.01164
G1 X34.524 Y41.188 E0.0069
G1 F3110.2 X33.7 Y41.075 E0.01601
G1 F4114.3 X27.1 Y41.075 E0.09604
G1 F3840 X26.084 Y41.1 E0.01584
G1 F3600 X25.101 Y41.101 E0.01635
G1 X25.1 Y58.9 E0.296
G1 X26.084 Y58.9 E0.01636
G1 F3840 X27.1 Y58.925 E0.01584
G1 F4079.3 X33.83 Y58.922 E0.09877
G1 F3090.1 X34.524 Y58.812 E0.01361
G1 F2500 X34.812 Y58.812 E0.0069
G1 X34.812 Y58.323 E0.01171
G1 X34.388 Y57.969 E0.01323
G1 X34.281 Y58.37 E0.00994
G1 F3090.1 X33.8 Y58.57 E0.01009
G0 F7200 X33.9 Y58
;TYPE:WALL-OUTER
G1 F1800 X33.869 Y58.108 E0.00187
G1 X33.735 Y58.198 E0.00268
G1 X27.1 Y58.2 E0.11034
G1 X26.914 Y58.075 E0.00373
G1 X26.302 Y56.535 E0.02756
G1 X26.3 Y43.46 E0.21744
G1 X26.914 Y41.925 E0.02749
G1 X27.065 Y41.802 E0.00324
G1 X33.7 Y41.8 E0.11034
G1 X33.869 Y41.892 E0.0032
G1 X33.9 Y42 E0.00187
G1 X33.899 Y43.072 E0.01783
G1 X35.3 Y41.902 E0.03035
G1 X35.3 Y41.018 E0.0147
G1 X35.213 Y40.799 E0.00392
G1 X35.016 Y40.7 E0.00367
G1 X25.016 Y40.7 E0.1663
G1 X24.799 Y40.786 E0.00388
G1 X24.7 Y40.98 E0.00362
G1 X24.7 Y58.981 E0.29936
G1 X24.786 Y59.201 E0.00393
G1 X24.98 Y59.3 E0.00362
G1 X34.978 Y59.3 E0.16627
G1 X35.201 Y59.213 E0.00398
G1 X35.3 Y59.016 E0.00367
G1 X35.3 Y58.094 E0.01533
G1 X33.9 Y56.928 E0.0303
G1 X33.9 Y58 E0.01783
G0 F7200 X33.869 Y58.108
G0 X33.796 Y58.157
G1 F1500 E-6.5
G0 F7200 X34.552 Y58.32
G0 X36.165 Y58.2
G0 X43.835 Y58.2
G0 X44.93 Y58.2
G0 X45.41 Y56.573
G0 X45.26 Y56.573
;TYPE:FILL
G1 F1500 E6.5
G1 F3600 X46.012 Y57.326 E0.0177
G1 X46.082 Y57.396
G0 F7200 X45.907 Y57.466
G0 X46.422 Y58.634
G0 X47.008 Y58.647
G1 F3600 X46.877 Y58.779 E0.00309
G0 F7200 X46.422 Y58.634
G0 X45.651 Y56.663
G0 X45.41 Y54.739
G0 X45.26 Y54.739
G1 F3600 X45.74 Y54.259 E0.01129
G0 F7200 X45.59 Y54.259
G0 X45.59 Y51.397
G0 X45.741 Y51.397
G1 F3600 X45.26 Y50.917 E0.0113
G0 F7200 X45.41 Y50.917
G0 X45.41 Y49.082
G0 X45.26 Y49.082
G1 F3600 X45.74 Y48.602 E0.01129
G0 F7200 X45.59 Y48.602
G0 X45.59 Y45.741
G0 X45.741 Y45.741
G1 F3600 X45.26 Y45.26 E0.01131
G0 F7200 X45.41 Y45.26
G0 X45.41 Y43.425
G0 X45.26 Y43.425
G1 F3600 X46.011 Y42.674 E0.01766
G1 X46.081 Y42.604
G0 F7200 X45.908 Y42.534
G0 X46.422 Y41.366
G0 X46.964 Y41.307
G1 F3600 X46.878 Y41.221 E0.00202
G0 F7200 X47.39 Y41.296
G1 F3600 X47.475 Y41.21 E0.00201
G0 F7200 X52.524 Y41.21
G1 F3600 X52.605 Y41.291 E0.0019
G0 F7200 X53.051 Y41.291
G1 F3600 X53.132 Y41.21 E0.0019
G0 F7200 X46.8 Y41.557
G0 X46.051 Y43.414
G0 X46.051 Y56.586
G0 X46.8 Y58.443
G0 X54.61 Y58.57
G0 X53.8 Y58.57
;TYPE:WALL-INNER
G1 F4079.3 X47.1 Y58.575 E0.09833
G1 F3840 X46.542 Y58.223 E0.01029
G1 F3600 X45.9 Y56.615 E0.02879
G1 X45.9 Y43.5 E0.2181
G1 X45.942 Y43.277 E0.00377
G1 X46.542 Y41.777 E0.02687
G1 F3809.5 X47 Y41.43 E0.00903
G1 F4079.3 X53.7 Y41.425 E0.09833
G1 F3110.2 X54.281 Y41.63 E0.01186
G1 F2500 X54.387 Y42.029 E0.00989
G1 X54.812 Y41.674 E0.01326
G1 X54.812 Y41.188 E0.01164
G1 X54.524 Y41.188 E0.0069
G1 F3110.2 X53.7 Y41.075 E0.01601
G1 F4114.3 X47.1 Y41.075 E0.09604
G1 F3840 X46.084 Y41.1 E0.01584
G1 F3600 X45.101 Y41.101 E0.01635
G1 X45.1 Y58.9 E0.296
G1 X46.084 Y58.9 E0.01636
G1 F3840 X47.1 Y58.925 E0.01584
G1 F4079.3 X53.83 Y58.922 E0.09877
G1 F3090.1 X54.524 Y58.812 E0.01361
G1 F2500 X54.812 Y58.812 E0.0069
G1 X54.812 Y58.323 E0.01171
G1 X54.388 Y57.969 E0.01323
G1 X54.281 Y58.37 E0.00994
G1 F3090.1 X53.8 Y58.57 E0.01009
G0 F7200 X53.9 Y58
;TYPE:WALL-OUTER
G1 F1800 X53.869 Y58.108 E0.00187
G1 X53.735 Y58.198 E0.00268
G1 X47.1 Y58.2 E0.11034
G1 X46.914 Y58.075 E0.00373
G1 X46.302 Y56.535 E0.02756
G1 X46.3 Y43.46 E0.21744
G1 X46.914 Y41.925 E0.02749
G1 X47.065 Y41.802 E0.00324
G1 X53.7 Y41.8 E0.11034
G1 X53.869 Y41.892 E0.0032
G1 X53.9 Y42 E0.00187
G1 X53.899 Y43.072 E0.01783
G1 X55.3 Y41.902 E0.03035
G1 X55.3 Y41.018 E0.0147
G1 X55.213 Y40.799 E0.00392
G1 X55.016 Y40.7 E0.00367
G1 X45.016 Y40.7 E0.1663
G1 X44.799 Y40.786 E0.00388
G1 X44.7 Y40.98 E0.00362
G1 X44.7 Y58.981 E0.29936
G1 X44.786 Y59.201 E0.00393
G1 X44.98 Y59.3 E0.00362
G1 X54.978 Y59.3 E0.16627
G1 X55.201 Y59.213 E0.00398
G1 X55.3 Y59.016 E0.00367
G1 X55.3 Y58.094 E0.01533
G1 X53.9 Y56.928 E0.0303
G1 X53.9 Y58 E0.01783
G0 F7200 X53.869 Y58.108
G0 X53.796 Y58.157
G1 F1500 E-6.5
G0 F7200 X54.552 Y58.32
G0 X56.165 Y58.2
G0 X63.835 Y58.2
G0 X64.93 Y58.2
G0 X65.41 Y57.366
G0 X65.26 Y57.366
;TYPE:FILL
G1 F1500 E6.5
G1 F3600 X65.808 Y56.818 E0.01289
G0 F7200 X65.67 Y56.873
G0 X65.59 Y54.427
G0 X65.74 Y54.427
G1 F3600 X65.26 Y53.946 E0.0113
G0 F7200 X65.41 Y53.946
G0 X65.41 Y51.709
G0 X65.26 Y51.709
G1 F3600 X65.74 Y51.23 E0.01128
G0 F7200 X65.59 Y51.23
G0 X65.59 Y48.77
G0 X65.74 Y48.77
G1 F3600 X65.26 Y48.29 E0.01129
G0 F7200 X65.41 Y48.29
G0 X65.41 Y46.052
G0 X65.261 Y46.052
G1 F3600 X65.74 Y45.573 E0.01127
G0 F7200 X65.59 Y45.573
G0 X65.671 Y43.125
G0 X65.808 Y43.181
G1 F3600 X65.26 Y42.633 E0.01289
G0 F7200 X65.41 Y42.633
G0 X66.8 Y41.557
G0 X69.494 Y41.21
G1 F3600 X69.577 Y41.293 E0.00195
G0 F7200 X70.02 Y41.293
G1 F3600 X70.103 Y41.21 E0.00195
G0 F7200 X66.8 Y41.557
G0 X66.051 Y43.414
G0 X66.051 Y56.586
G0 X66.8 Y58.443
G0 X74.61 Y58.57
G0 X73.8 Y58.57
;TYPE:WALL-INNER
G1 F4079.3 X67.1 Y58.575 E0.09833
G1 F3840 X66.542 Y58.223 E0.01029
G1 F3600 X65.9 Y56.615 E0.02879
G1 X65.9 Y43.5 E0.2181
G1 X65.942 Y43.277 E0.00377
G1 X66.542 Y41.777 E0.02687
G1 F3809.5 X67 Y41.43 E0.00903
G1 F4079.3 X73.7 Y41.425 E0.09833
G1 F3110.2 X74.281 Y41.63 E0.01186
G1 F2500 X74.387 Y42.029 E0.00989
G1 X74.812 Y41.674 E0.01326
G1 X74.812 Y41.188 E0.01164
G1 X74.524 Y41.188 E0.0069
G1 F3110.2 X73.7 Y41.075 E0.01601
G1 F4114.3 X67.1 Y41.075 E0.09604
G1 F3840 X66.084 Y41.1 E0.01584
G1 F3600 X65.101 Y41.101 E0.01635
G1 X65.1 Y58.9 E0.296
G1 X66.084 Y58.9 E0.01636
G1 F3840 X67.1 Y58.925 E0.01584
G1 F4079.3 X73.83 Y58.922 E0.09877
G1 F3090.1 X74.524 Y58.812 E0.01361
G1 F2500 X74.812 Y58.812 E0.0069
G1 X74.812 Y58.323 E0.01171
G1 X74.388 Y57.969 E0.01323
G1 X74.281 Y58.37 E0.00994
G1 F3090.1 X73.8 Y58.57 E0.01009
G0 F7200 X73.9 Y58
;TYPE:WALL-OUTER
G1 F1800 X73.869 Y58.108 E0.00187
G1 X73.735 Y58.198 E0.00268
G1 X67.1 Y58.2 E0.11034
G1 X66.914 Y58.075 E0.00373
G1 X66.302 Y56.535 E0.02756
G1 X66.3 Y43.46 E0.21744
G1 X66.914 Y41.925 E0.02749
G1 X67.065 Y41.802 E0.00324
G1 X73.7 Y41.8 E0.11034
G1 X73.869 Y41.892 E0.0032
G1 X73.9 Y42 E0.00187
G1 X73.899 Y43.072 E0.01783
G1 X75.3 Y41.902 E0.03035
G1 X75.3 Y41.018 E0.0147
G1 X75.213 Y40.799 E0.00392
G1 X75.016 Y40.7 E0.00367
G1 X65.016 Y40.7 E0.1663
G1 X64.799 Y40.786 E0.00388
G1 X64.7 Y40.98 E0.00362
G1 X64.7 Y58.981 E0.29936
G1 X64.786 Y59.201 E0.00393
G1 X64.98 Y59.3 E0.00362
G1 X74.978 Y59.3 E0.16627
G1 X75.201 Y59.213 E0.00398
G1 X75.3 Y59.016 E0.00367
G1 X75.3 Y58.094 E0.01533
G1 X73.9 Y56.928 E0.0303
G1 X73.9 Y58 E0.01783
G0 F7200 X73.869 Y58.108
G0 X73.796 Y58.157
G1 F1500 E-6.5
;MESH:NONMESH
G0 F600 X73.796 Y58.157 Z4
G0 F7200 X74.552 Y58.32
G0 X66.8 Y58.443
G0 X66.051 Y56.586
G0 X64.93 Y42.231
G0 X63.835 Y42.231
G0 X55.223 Y39.837
G0 X44.935 Y39.836
G0 X36.165 Y41.8
G0 X35.072 Y41.8
G0 X34.138 Y41.562
G0 X26.8 Y41.557
G0 X25.41 Y42.231
G0 X25.26 Y42.231
;TIME_ELAPSED:683.908593
;LAYER:37
;TYPE:FILL
;MESH:pin.stl
G1 F1500 E6.5
G1 F3600 X25.924 Y42.895 E0.01562
G1 X25.994 Y42.965
G0 F7200 X25.771 Y42.875
G0 X25.59 Y45.975
G0 X25.739 Y45.975
G1 F3600 X25.261 Y46.454 E0.01125
G0 F7200 X25.41 Y46.454
G0 X25.41 Y47.887
G0 X25.26 Y47.887
G1 F3600 X25.74 Y48.368 E0.0113
G0 F7200 X25.59 Y48.368
G0 X25.59 Y51.632
G0 X25.739 Y51.632
G1 F3600 X25.261 Y52.111 E0.01125
G0 F7200 X25.41 Y52.111
G0 X25.41 Y53.544
G0 X25.26 Y53.544
G1 F3600 X25.74 Y54.024 E0.01129
G0 F7200 X25.59 Y54.024
G0 X25.651 Y56.663
G0 X25.923 Y57.106
G1 F3600 X25.261 Y57.768 E0.01557
G1 X25.191 Y57.838
G0 F7200 X25.41 Y57.838
G0 X26.051 Y43.414
G0 X26.8 Y41.557
G0 X29.98 Y41.294
G1 F3600 X29.896 Y41.21 E0.00198
G0 F7200 X30.421 Y41.294
G1 F3600 X30.505 Y41.21 E0.00198
G0 F7200 X26.8 Y41.557
G0 X26.051 Y43.414
G0 X26.051 Y56.586
G0 X26.8 Y58.443
G0 X34.61 Y58.57
G0 X33.8 Y58.57
;TYPE:WALL-INNER
G1 F4079.3 X27.1 Y58.575 E0.09833
G1 F3840 X26.542 Y58.223 E0.01029
G1 F3600 X25.9 Y56.615 E0.02879
G1 X25.9 Y43.5 E0.2181
G1 X25.942 Y43.277 E0.00377
G1 X26.542 Y41.777 E0.02687
G1 F3809.5 X27 Y41.43 E0.00903
G1 F4079.3 X33.7 Y41.425 E0.09833
G1 F3110.2 X34.281 Y41.63 E0.01186
G1 F2500 X34.387 Y42.029 E0.00989
G1 X34.812 Y41.674 E0.01326
G1 X34.812 Y41.188 E0.01164
G1 X34.524 Y41.188 E0.0069
G1 F3110.2 X33.7 Y41.075 E0.01601
G1 F4114.3 X27.1 Y41.075 E0.09604
G1 F3840 X26.084 Y41.1 E0.01584
G1 F3600 X25.101 Y41.101 E0.01635
G1 X25.1 Y58.9 E0.296
G1 X26.084 Y58.9 E0.01636
G1 F3840 X27.1 Y58.925 E0.01584
G1 F4079.3 X33.83 Y58.922 E0.09877
G1 F3090.1 X34.524 Y58.812 E0.01361
G1 F2500 X34.812 Y58.812 E0.0069
G1 X34.812 Y58.323 E0.01171
G1 X34.388 Y57.969 E0.01323
G1 X34.281 Y58.37 E0.00994
G1 F3090.1 X33.8 Y58.57 E0.01009
G0 F7200 X33.9 Y58
;TYPE:WALL-OUTER
G1 F1800 X33.869 Y58.108 E0.00187
G1 X33.735 Y58.198 E0.00268
G1 X27.1 Y58.2 E0.11034
G1 X26.914 Y58.075 E0.00373
G1 X26.302 Y56.535 E0.02756
G1 X26.3 Y43.46 E0.21744
G1 X26.914 Y41.925 E0.02749
G1 X27.065 Y41.802 E0.00324
G1 X33.7 Y41.8 E0.11034
G1 X33.869 Y41.892 E0.0032
G1 X33.9 Y42 E0.00187
G1 X33.899 Y43.072 E0.01783
G1 X35.3 Y41.902 E0.03035
G1 X35.3 Y41.018 E0.0147
G1 X35.213 Y40.799 E0.00392
G1 X35.016 Y40.7 E0.00367
G1 X25.016 Y40.7 E0.1663
G1 X24.799 Y40.786 E0.00388
G1 X24.7 Y40.98 E0.00362
G1 X24.7 Y58.981 E0.29936
G1 X24.786 Y59.201 E0.00393
G1 X24.98 Y59.3 E0.00362
G1 X34.978 Y59.3 E0.16627
G1 X35.201 Y59.213 E0.00398
G1 X35.3 Y59.016 E0.00367
G1 X35.3 Y58.094 E0.01533
G1 X33.9 Y56.928 E0.0303
G1 X33.9 Y58 E0.01783
G0 F7200 X33.869 Y58.108
G0 X33.796 Y58.157
G1 F1500 E-6.5
G0 F7200 X34.552 Y58.32
G0 X36.165 Y58.2
G0 X43.835 Y58.2
G0 X44.93 Y58.2
G0 X45.41 Y56.573
G0 X45.26 Y56.573
;TYPE:FILL
G1 F1500 E6.5
G1 F3600 X46.012 Y57.326 E0.0177
G1 X46.082 Y57.396
G0 F7200 X45.907 Y57.466
G0 X46.422 Y58.634
G0 X47.008 Y58.647
G1 F3600 X46.877 Y58.779 E0.00309
G0 F7200 X46.422 Y58.634
G0 X45.651 Y56.663
G0 X45.41 Y54.739
G0 X45.26 Y54.739
G1 F3600 X45.74 Y54.259 E0.01129
G0 F7200 X45.59 Y54.259
G0 X45.59 Y51.397
G0 X45.741 Y51.397
G1 F3600 X45.26 Y50.917 E0.0113
G0 F7200 X45.41 Y50.917
G0 X45.41 Y49.082
G0 X45.26 Y49.082
G1 F3600 X45.74 Y48.602 E0.01129
G0 F7200 X45.59 Y48.602
G0 X45.59 Y45.741
G0 X45.741 Y45.741
G1 F3600 X45.26 Y45.26 E0.01131
G0 F7200 X45.41 Y45.26
G0 X45.41 Y43.425
G0 X45.26 Y43.425
G1 F3600 X46.011 Y42.674 E0.01766
G1 X46.081 Y42.604
G0 F7200 X45.908 Y42.534
G0 X46.422 Y41.366
G0 X46.964 Y41.307
G1 F3600 X46.878 Y41.221 E0.00202
G0 F7200 X47.39 Y41.296
G1 F3600 X47.475 Y41.21 E0.00201
G0 F7200 X52.524 Y41.21
G1 F3600 X52.605 Y41.291 E0.0019
G0 F7200 X53.051 Y41.291
G1 F3600 X53.132 Y41.21 E0.0019
G0 F7200 X46.8 Y41.557
G0 X46.051 Y43.414
G0 X46.051 Y56.586
G0 X46.8 Y58.443
G0 X54.61 Y58.57
G0 X53.8 Y58.57
;TYPE:WALL-INNER
G1 F4079.3 X47.1 Y58.575 E0.09833
G1 F3840 X46.542 Y58.223 E0.01029
G1 F3600 X45.9 Y56.615 E0.02879
G1 X45.9 Y43.5 E0.2181
G1 X45.942 Y43.277 E0.00377
G1 X46.542 Y41.777 E0.02687
G1 F3809.5 X47 Y41.43 E0.00903
G1 F4079.3 X53.7 Y41.425 E0.09833
G1 F3110.2 X54.281 Y41.63 E0.01186
G1 F2500 X54.387 Y42.029 E0.00989
G1 X54.812 Y41.674 E0.01326
G1 X54.812 Y41.188 E0.01164
G1 X54.524 Y41.188 E0.0069
G1 F3110.2 X53.7 Y41.075 E0.01601
G1 F4114.3 X47.1 Y41.075 E0.09604
G1 F3840 X46.084 Y41.1 E0.01584
G1 F3600 X45.101 Y41.101 E0.01635
G1 X45.1 Y58.9 E0.296
G1 X46.084 Y58.9 E0.01636
G1 F3840 X47.1 Y58.925 E0.01584
G1 F4079.3 X53.83 Y58.922 E0.09877
G1 F3090.1 X54.524 Y58.812 E0.01361
G1 F2500 X54.812 Y58.812 E0.0069
G1 X54.812 Y58.323 E0.01171
G1 X54.388 Y57.969 E0.01323
G1 X54.281 Y58.37 E0.00994
G1 F3090.1 X53.8 Y58.57 E0.01009
G0 F7200 X53.9 Y58
;TYPE:WALL-OUTER
G1 F1800 X53.869 Y58.108 E0.00187
G1 X53.735 Y58.198 E0.00268
G1 X47.1 Y58.2 E0.11034
G1 X46.914 Y58.075 E0.00373
G1 X46.302 Y56.535 E0.02756
G1 X46.3 Y43.46 E0.21744
G1 X46.914 Y41.925 E0.02749
G1 X47.065 Y41.802 E0.00324
G1 X53.7 Y41.8 E0.11034
G1 X53.869 Y41.892 E0.0032
G1 X53.9 Y42 E0.00187
G1 X53.899 Y43.072 E0.01783
G1 X55.3 Y41.902 E0.03035
G1 X55.3 Y41.018 E0.0147
G1 X55.213 Y40.799 E0.00392
G1 X55.016 Y40.7 E0.00367
G1 X45.016 Y40.7 E0.1663
G1 X44.799 Y40.786 E0.00388
G1 X44.7 Y40.98 E0.00362
G1 X44.7 Y58.981 E0.29936
G1 X44.786 Y59.201 E0.00393
G1 X44.98 Y59.3 E0.00362
G1 X54.978 Y59.3 E0.16627
G1 X55.201 Y59.213 E0.00398
G1 X55.3 Y59.016 E0.00367
G1 X55.3 Y58.094 E0.01533
G1 X53.9 Y56.928 E0.0303
G1 X53.9 Y58 E0.01783
G0 F7200 X53.869 Y58.108
G0 X53.796 Y58.157
G1 F1500 E-6.5
G0 F7200 X54.552 Y58.32
G0 X56.165 Y58.2
G0 X63.835 Y58.2
G0 X64.93 Y58.2
G0 X65.41 Y57.366
G0 X65.26 Y57.366
;TYPE:FILL
G1 F1500 E6.5
G1 F3600 X65.808 Y56.818 E0.01289
G0 F7200 X65.67 Y56.873
G0 X65.59 Y54.427
G0 X65.74 Y54.427
G1 F3600 X65.26 Y53.946 E0.0113
G0 F7200 X65.41 Y53.946
G0 X65.41 Y51.709
G0 X65.26 Y51.709
G1 F3600 X65.74 Y51.23 E0.01128
G0 F7200 X65.59 Y51.23
G0 X65.59 Y48.77
G0 X65.74 Y48.77
G1 F3600 X65.26 Y48.29 E0.01129
G0 F7200 X65.41 Y48.29
G0 X65.41 Y46.052
G0 X65.261 Y46.052
G1 F3600 X65.74 Y45.573 E0.01127
G0 F7200 X65.59 Y45.573
G0 X65.671 Y43.125
G0 X65.808 Y43.181
G1 F3600 X65.26 Y42.633 E0.01289
G0 F7200 X65.41 Y42.633
G0 X66.8 Y41.557
G0 X69.494 Y41.21
G1 F3600 X69.577 Y41.293 E0.00195
G0 F7200 X70.02 Y41.293
G1 F3600 X70.103 Y41.21 E0.00195
G0 F7200 X66.8 Y41.557
G0 X66.051 Y43.414
G0 X66.051 Y56.586
G0 X66.8 Y58.443
G0 X74.61 Y58.57
G0 X73.8 Y58.57
;TYPE:WALL-INNER
G1 F4079.3 X67.1 Y58.575 E0.09833
G1 F3840 X66.542 Y58.223 E0.01029
G1 F3600 X65.9 Y56.615 E0.02879
G1 X65.9 Y43.5 E0.2181
G1 X65.942 Y43.277 E0.00377
G1 X66.542 Y41.777 E0.02687
G1 F3809.5 X67 Y41.43 E0.00903
G1 F4079.3 X73.7 Y41.425 E0.09833
G1 F3110.2 X74.281 Y41.63 E0.01186
G1 F2500 X74.387 Y42.029 E0.00989
G1 X74.812 Y41.674 E0.01326
G1 X74.812 Y41.188 E0.01164
G1 X74.524 Y41.188 E0.0069
G1 F3110.2 X73.7 Y41.075 E0.01601
G1 F4114.3 X67.1 Y41.075 E0.09604
G1 F3840 X66.084 Y41.1 E0.01584
G1 F3600 X65.101 Y41.101 E0.01635
G1 X65.1 Y58.9 E0.296
G1 X66.084 Y58.9 E0.01636
G1 F3840 X67.1 Y58.925 E0.01584
G1 F4079.3 X73.83 Y58.922 E0.09877
G1 F3090.1 X74.524 Y58.812 E0.01361
G1 F2500 X74.812 Y58.812 E0.0069
G1 X74.812 Y58.323 E0.01171
G1 X74.388 Y57.969 E0.01323
G1 X74.281 Y58.37 E0.00994
G1 F3090.1 X73.8 Y58.57 E0.01009
G0 F7200 X73.9 Y58
;TYPE:WALL-OUTER
G1 F1800 X73.869 Y58.108 E0.00187
G1 X73.735 Y58.198 E0.00268
G1 X67.1 Y58.2 E0.11034
G1 X66.914 Y58.075 E0.00373
G1 X66.302 Y56.535 E0.02756
G1 X66.3 Y43.46 E0.21744
G1 X66.914 Y41.925 E0.02749
G1 X67.065 Y41.802 E0.00324
G1 X73.7 Y41.8 E0.11034
G1 X73.869 Y41.892 E0.0032
G1 X73.9 Y42 E0.00187
G1 X73.899 Y43.072 E0.01783
G1 X75.3 Y41.902 E0.03035
G1 X75.3 Y41.018 E0.0147
G1 X75.213 Y40.799 E0.00392
G1 X75.016 Y40.7 E0.00367
G1 X65.016 Y40.7 E0.1663
G1 X64.799 Y40.786 E0.00388
G1 X64.7 Y40.98 E0.00362
G1 X64.7 Y58.981 E0.29936
G1 X64.786 Y59.201 E0.00393
G1 X64.98 Y59.3 E0.00362
G1 X74.978 Y59.3 E0.16627
G1 X75.201 Y59.213 E0.00398
G1 X75.3 Y59.016 E0.00367
G1 X75.3 Y58.094 E0.01533
G1 X73.9 Y56.928 E0.0303
G1 X73.9 Y58 E0.01783
G0 F7200 X73.869 Y58.108
G0 X73.796 Y58.157
G1 F1500 E-6.5
;MESH:NONMESH
G0 F600 X73.796 Y58.157 Z4.1
G0 F7200 X74.552 Y58.32
G0 X66.8 Y58.443
G0 X66.051 Y56.586
G0 X64.93 Y42.231
G0 X63.835 Y42.231
G0 X55.223 Y39.837
G0 X44.935 Y39.836
G0 X36.165 Y41.8
G0 X35.072 Y41.8
G0 X34.138 Y41.562
G0 X26.8 Y41.557
G0 X25.41 Y42.231
G0 X25.26 Y42.231
;TIME_ELAPSED:701.137394
;LAYER:38
;TYPE:FILL
;MESH:pin.stl
G1 F1500 E6.5
G1 F3600 X25.924 Y42.895 E0.01562
G1 X25.994 Y42.965
G0 F7200 X25.771 Y42.875
G0 X25.59 Y45.975
G0 X25.739 Y45.975
G1 F3600 X25.261 Y46.454 E0.01125
G0 F7200 X25.41 Y46.454
G0 X25.41 Y47.887
G0 X25.26 Y47.887
G1 F3600 X25.74 Y48.368 E0.0113
G0 F7200 X25.59 Y48.368
G0 X25.59 Y51.632
G0 X25.739 Y51.632
G1 F3600 X25.261 Y52.111 E0.01125
G0 F7200 X25.41 Y52.111
G0 X25.41 Y53.544
G0 X25.26 Y53.544
G1 F3600 X25.74 Y54.024 E0.01129
G0 F7200 X25.59 Y54.024
G0 X25.651 Y56.663
G0 X25.923 Y57.106
G1 F3600 X25.261 Y57.768 E0.01557
G1 X25.191 Y57.838
G0 F7200 X25.41 Y57.838
G0 X26.051 Y43.414
G0 X26.8 Y41.557
G0 X29.98 Y41.294
G1 F3600 X29.896 Y41.21 E0.00198
G0 F7200 X30.421 Y41.294
G1 F3600 X30.505 Y41.21 E0.00198
G0 F7200 X26.8 Y41.557
G0 X26.051 Y43.414
G0 X26.051 Y56.586
G0 X26.8 Y58.443
G0 X34.61 Y58.57
G0 X33.8 Y58.57
;TYPE:WALL-INNER
G1 F4079.3 X27.1 Y58.575 E0.09833
G1 F3840 X26.542 Y58.223 E0.01029
G1 F3600 X25.9 Y56.615 E0.02879
G1 X25.9 Y43.5 E0.2181
G1 X25.942 Y43.277 E0.00377
G1 X26.542 Y41.777 E0.02687
G1 F3809.5 X27 Y41.43 E0.00903
G1 F4079.3 X33.7 Y41.425 E0.09833
G1 F3110.2 X34.281 Y41.63 E0.01186
G1 F2500 X34.387 Y42.029 E0.00989
G1 X34.812 Y41.674 E0.01326
G1 X34.812 Y41.188 E0.01164
G1 X34.524 Y41.188 E0.0069
G1 F3110.2 X33.7 Y41.075 E0.01601
G1 F4114.3 X27.1 Y41.075 E0.09604
G1 F3840 X26.084 Y41.1 E0.01584
G1 F3600 X25.101 Y41.101 E0.01635
G1 X25.1 Y58.9 E0.296
G1 X26.084 Y58.9 E0.01636
G1 F3840 X27.1 Y58.925 E0.01584
G1 F4079.3 X33.83 Y58.922 E0.09877
G1 F3090.1 X34.524 Y58.812 E0.01361
G1 F2500 X34.812 Y58.812 E0.0069
G1 X34.812 Y58.323 E0.01171
G1 X34.388 Y57.969 E0.01323
G1 X34.281 Y58.37 E0.00994
G1 F3090.1 X33.8 Y58.57 E0.01009
G0 F7200 X33.9 Y58
;TYPE:WALL-OUTER
G1 F1800 X33.869 Y58.108 E0.00187
G1 X33.735 Y58.198 E0.00268
G1 X27.1 Y58.2 E0.11034
G1 X26.914 Y58.075 E0.00373
G1 X26.302 Y56.535 E0.02756
G1 X26.3 Y43.46 E0.21744
G1 X26.914 Y41.925 E0.02749
G1 X27.065 Y41.802 E0.00324
G1 X33.7 Y41.8 E0.11034
G1 X33.869 Y41.892 E0.0032
G1 X33.9 Y42 E0.00187
G1 X33.899 Y43.072 E0.01783
G1 X35.3 Y41.902 E0.03035
G1 X35.3 Y41.018 E0.0147
G1 X35.213 Y40.799 E0.00392
G1 X35.016 Y40.7 E0.00367
G1 X25.016 Y40.7 E0.1663
G1 X24.799 Y40.786 E0.00388
G1 X24.7 Y40.98 E0.00362
G1 X24.7 Y58.981 E0.29936
G1 X24.786 Y59.201 E0.00393
G1 X24.98 Y59.3 E0.00362
G1 X34.978 Y59.3 E0.16627
G1 X35.201 Y59.213 E0.00398
G1 X35.3 Y59.016 E0.00367
G1 X35.3 Y58.094 E0.01533
G1 X33.9 Y56.928 E0.0303
G1 X33.9 Y58 E0.01783
G0 F7200 X33.869 Y58.108
G0 X33.796 Y58.157
G1 F1500 E-6.5
G0 F7200 X34.552 Y58.32
G0 X36.165 Y58.2
G0 X43.835 Y58.2
G0 X44.93 Y58.2
G0 X45.41 Y56.573
G0 X45.26 Y56.573
;TYPE:FILL
G1 F1500 E6.5
G1 F3600 X46.012 Y57.326 E0.0177
G1 X46.082 Y57.396
G0 F7200 X45.907 Y57.466
G0 X46.422 Y58.634
G0 X47.008 Y58.647
G1 F3600 X46.877 Y58.779 E0.00309
G0 F7200 X46.422 Y58.634
G0 X45.651 Y56.663
G0 X45.41 Y54.739
G0 X45.26 Y54.739
G1 F3600 X45.74 Y54.259 E0.01129
G0 F7200 X45.59 Y54.259
G0 X45.59 Y51.397
G0 X45.741 Y51.397
G1 F3600 X45.26 Y50.917 E0.0113
G0 F7200 X45.41 Y50.917
G0 X45.41 Y49.082
G0 X45.26 Y49.082
G1 F3600 X45.74 Y48.602 E0.01129
G0 F7200 X45.59 Y48.602
G0 X45.59 Y45.741
G0 X45.741 Y45.741
G1 F3600 X45.26 Y45.26 E0.01131
G0 F7200 X45.41 Y45.26
G0 X45.41 Y43.425
G0 X45.26 Y43.425
G1 F3600 X46.011 Y42.674 E0.01766
G1 X46.081 Y42.604
G0 F7200 X45.908 Y42.534
G0 X46.422 Y41.366
G0 X46.964 Y41.307
G1 F3600 X46.878 Y41.221 E0.00202
G0 F7200 X47.39 Y41.296
G1 F3600 X47.475 Y41.21 E0.00201
G0 F7200 X52.524 Y41.21
G1 F3600 X52.605 Y41.291 E0.0019
G0 F7200 X53.051 Y41.291
G1 F3600 X53.132 Y41.21 E0.0019
G0 F7200 X46.8 Y41.557
G0 X46.051 Y43.414
G0 X46.051 Y56.586
G0 X46.8 Y58.443
G0 X54.61 Y58.57
G0 X53.8 Y58.57
;TYPE:WALL-INNER
G1 F4079.3 X47.1 Y58.575 E0.09833
G1 F3840 X46.542 Y58.223 E0.01029
G1 F3600 X45.9 Y56.615 E0.02879
G1 X45.9 Y43.5 E0.2181
G1 X45.942 Y43.277 E0.00377
G1 X46.542 Y41.777 E0.02687
G1 F3809.5 X47 Y41.43 E0.00903
G1 F4079.3 X53.7 Y41.425 E0.09833
G1 F3110.2 X54.281 Y41.63 E0.01186
G1 F2500 X54.387 Y42.029 E0.00989
G1 X54.812 Y41.674 E0.01326
G1 X54.812 Y41.188 E0.01164
G1 X54.524 Y41.188 E0.0069
G1 F3110.2 X53.7 Y41.075 E0.01601
G1 F4114.3 X47.1 Y41.075 E0.09604
G1 F3840 X46.084 Y41.1 E0.01584
G1 F3600 X45.101 Y41.101 E0.01635
G1 X45.1 Y58.9 E0.296
G1 X46.084 Y58.9 E0.01636
G1 F3840 X47.1 Y58.925 E0.01584
G1 F4079.3 X53.83 Y58.922 E0.09877
G1 F3090.1 X54.524 Y58.812 E0.01361
G1 F2500 X54.812 Y58.812 E0.0069
G1 X54.812 Y58.323 E0.01171
G1 X54.388 Y57.969 E0.01323
G1 X54.281 Y58.37 E0.00994
G1 F3090.1 X53.8 Y58.57 E0.01009
G0 F7200 X53.9 Y58
;TYPE:WALL-OUTER
G1 F1800 X53.869 Y58.108 E0.00187
G1 X53.735 Y58.198 E0.00268
G1 X47.1 Y58.2 E0.11034
G1 X46.914 Y58.075 E0.00373
G1 X46.302 Y56.535 E0.02756
G1 X46.3 Y43.46 E0.21744
G1 X46.914 Y41.925 E0.02749
G1 X47.065 Y41.802 E0.00324
G1 X53.7 Y41.8 E0.11034
G1 X53.869 Y41.892 E0.0032
G1 X53.9 Y42 E0.00187
G1 X53.899 Y43.072 E0.01783
G1 X55.3 Y41.902 E0.03035
G1 X55.3 Y41.018 E0.0147
G1 X55.213 Y40.799 E0.00392
G1 X55.016 Y40.7 E0.00367
G1 X45.016 Y40.7 E0.1663
G1 X44.799 Y40.786 E0.00388
G1 X44.7 Y40.98 E0.00362
G1 X44.7 Y58.981 E0.29936
G1 X44.786 Y59.201 E0.00393
G1 X44.98 Y59.3 E0.00362
G1 X54.978 Y59.3 E0.16627
G1 X55.201 Y59.213 E0.00398
G1 X55.3 Y59.016 E0.00367
G1 X55.3 Y58.094 E0.01533
G1 X53.9 Y56.928 E0.0303
G1 X53.9 Y58 E0.01783
G0 F7200 X53.869 Y58.108
G0 X53.796 Y58.157
G1 F1500 E-6.5
G0 F7200 X54.552 Y58.32
G0 X56.165 Y58.2
G0 X63.835 Y58.2
G0 X64.93 Y58.2
G0 X65.41 Y57.366
G0 X65.26 Y57.366
;TYPE:FILL
G1 F1500 E6.5
G1 F3600 X65.808 Y56.818 E0.01289
G0 F7200 X65.67 Y56.873
G0 X65.59 Y54.427
G0 X65.74 Y54.427
G1 F3600 X65.26 Y53.946 E0.0113
G0 F7200 X65.41 Y53.946
G0 X65.41 Y51.709
G0 X65.26 Y51.709
G1 F3600 X65.74 Y51.23 E0.01128
G0 F7200 X65.59 Y51.23
G0 X65.59 Y48.77
G0 X65.74 Y48.77
G1 F3600 X65.26 Y48.29 E0.01129
G0 F7200 X65.41 Y48.29
G0 X65.41 Y46.052
G0 X65.261 Y46.052
G1 F3600 X65.74 Y45.573 E0.01127
G0 F7200 X65.59 Y45.573
G0 X65.671 Y43.125
G0 X65.808 Y43.181
G1 F3600 X65.26 Y42.633 E0.01289
G0 F7200 X65.41 Y42.633
G0 X66.8 Y41.557
G0 X69.494 Y41.21
G1 F3600 X69.577 Y41.293 E0.00195
G0 F7200 X70.02 Y41.293
G1 F3600 X70.103 Y41.21 E0.00195
G0 F7200 X66.8 Y41.557
G0 X66.051 Y43.414
G0 X66.051 Y56.586
G0 X66.8 Y58.443
G0 X74.61 Y58.57
G0 X73.8 Y58.57
;TYPE:WALL-INNER
G1 F4079.3 X67.1 Y58.575 E0.09833
G1 F3840 X66.542 Y58.223 E0.01029
G1 F3600 X65.9 Y56.615 E0.02879
G1 X65.9 Y43.5 E0.2181
G1 X65.942 Y43.277 E0.00377
G1 X66.542 Y41.777 E0.02687
G1 F3809.5 X67 Y41.43 E0.00903
G1 F4079.3 X73.7 Y41.425 E0.09833
G1 F3110.2 X74.281 Y41.63 E0.01186
G1 F2500 X74.387 Y42.029 E0.00989
G1 X74.812 Y41.674 E0.01326
G1 X74.812 Y41.188 E0.01164
G1 X74.524 Y41.188 E0.0069
G1 F3110.2 X73.7 Y41.075 E0.01601
G1 F4114.3 X67.1 Y41.075 E0.09604
G1 F3840 X66.084 Y41.1 E0.01584
G1 F3600 X65.101 Y41.101 E0.01635
G1 X65.1 Y58.9 E0.296
G1 X66.084 Y58.9 E0.01636
G1 F3840 X67.1 Y58.925 E0.01584
G1 F4079.3 X73.83 Y58.922 E0.09877
G1 F3090.1 X74.524 Y58.812 E0.01361
G1 F2500 X74.812 Y58.812 E0.0069
G1 X74.812 Y58.323 E0.01171
G1 X74.388 Y57.969 E0.01323
G1 X74.281 Y58.37 E0.00994
G1 F3090.1 X73.8 Y58.57 E0.01009
G0 F7200 X73.9 Y58
;TYPE:WALL-OUTER
G1 F1800 X73.869 Y58.108 E0.00187
G1 X73.735 Y58.198 E0.00268
G1 X67.1 Y58.2 E0.11034
G1 X66.914 Y58.075 E0.00373
G1 X66.302 Y56.535 E0.02756
G1 X66.3 Y43.46 E0.21744
G1 X66.914 Y41.925 E0.02749
G1 X67.065 Y41.802 E0.00324
G1 X73.7 Y41.8 E0.11034
G1 X73.869 Y41.892 E0.0032
G1 X73.9 Y42 E0.00187
G1 X73.899 Y43.072 E0.01783
G1 X75.3 Y41.902 E0.03035
G1 X75.3 Y41.018 E0.0147
G1 X75.213 Y40.799 E0.00392
G1 X75.016 Y40.7 E0.00367
G1 X65.016 Y40.7 E0.1663
G1 X64.799 Y40.786 E0.00388
G1 X64.7 Y40.98 E0.00362
G1 X64.7 Y58.981 E0.29936
G1 X64.786 Y59.201 E0.00393
G1 X64.98 Y59.3 E0.00362
G1 X74.978 Y59.3 E0.16627
G1 X75.201 Y59.213 E0.00398
G1 X75.3 Y59.016 E0.00367
G1 X75.3 Y58.094 E0.01533
G1 X73.9 Y56.928 E0.0303
G1 X73.9 Y58 E0.01783
G0 F7200 X73.869 Y58.108
G0 X73.796 Y58.157
G1 F1500 E-6.5
;MESH:NONMESH
G0 F600 X73.796 Y58.157 Z4.2
G0 F7200 X74.552 Y58.32
G0 X66.8 Y58.443
G0 X66.051 Y56.586
G0 X64.93 Y42.231
G0 X63.835 Y42.231
G0 X55.223 Y39.837
G0 X44.935 Y39.836
G0 X36.165 Y41.8
G0 X35.072 Y41.8
G0 X34.138 Y41.562
G0 X26.8 Y41.557
G0 X25.41 Y42.231
G0 X25.26 Y42.231
;TIME_ELAPSED:718.366195
;LAYER:39
;TYPE:FILL
;MESH:pin.stl
G1 F1500 E6.5
G1 F3600 X25.924 Y42.895 E0.01562
G1 X25.994 Y42.965
G0 F7200 X25.771 Y42.875
G0 X25.59 Y45.975
G0 X25.739 Y45.975
G1 F3600 X25.261 Y46.454 E0.01125
G0 F7200 X25.41 Y46.454
G0 X25.41 Y47.887
G0 X25.26 Y47.887
G1 F3600 X25.74 Y48.368 E0.0113
G0 F7200 X25.59 Y48.368
G0 X25.59 Y51.632
G0 X25.739 Y51.632
G1 F3600 X25.261 Y52.111 E0.01125
G0 F7200 X25.41 Y52.111
G0 X25.41 Y53.544
G0 X25.26 Y53.544
G1 F3600 X25.74 Y54.024 E0.01129
G0 F7200 X25.59 Y54.024
G0 X25.651 Y56.663
G0 X25.923 Y57.106
G1 F3600 X25.261 Y57.768 E0.01557
G1 X25.191 Y57.838
G0 F7200 X25.41 Y57.838
G0 X26.051 Y43.414
G0 X26.8 Y41.557
G0 X29.98 Y41.294
G1 F3600 X29.896 Y41.21 E0.00198
G0 F7200 X30.421 Y41.294
G1 F3600 X30.505 Y41.21 E0.00198
G0 F7200 X26.8 Y41.557
G0 X26.051 Y43.414
G0 X26.051 Y56.586
G0 X26.8 Y58.443
G0 X34.61 Y58.57
G0 X33.8 Y58.57
;TYPE:WALL-INNER
G1 F4079.3 X27.1 Y58.575 E0.09833
G1 F3840 X26.542 Y58.223 E0.01029
G1 F3600 X25.9 Y56.615 E0.02879
G1 X25.9 Y43.5 E0.2181
G1 X25.942 Y43.277 E0.00377
G1 X26.542 Y41.777 E0.02687
G1 F3809.5 X27 Y41.43 E0.00903
G1 F4079.3 X33.7 Y41.425 E0.09833
G1 F3110.2 X34.281 Y41.63 E0.01186
G1 F2500 X34.387 Y42.029 E0.00989
G1 X34.812 Y41.674 E0.01326
G1 X34.812 Y41.188 E0.01164
G1 X34.524 Y41.188 E0.0069
G1 F3110.2 X33.7 Y41.075 E0.01601
G1 F4114.3 X27.1 Y41.075 E0.09604
G1 F3840 X26.084 Y41.1 E0.01584
G1 F3600 X25.101 Y41.101 E0.01635
G1 X25.1 Y58.9 E0.296
G1 X26.084 Y58.9 E0.01636
G1 F3840 X27.1 Y58.925 E0.01584
G1 F4079.3 X33.83 Y58.922 E0.09877
G1 F3090.1 X34.524 Y58.812 E0.01361
G1 F2500 X34.812 Y58.812 E0.0069
G1 X34.812 Y58.323 E0.01171
G1 X34.388 Y57.969 E0.01323
G1 X34.281 Y58.37 E0.00994
G1 F3090.1 X33.8 Y58.57 E0.01009
G0 F7200 X33.9 Y58
;TYPE:WALL-OUTER
G1 F1800 X33.869 Y58.108 E0.00187
G1 X33.735 Y58.198 E0.00268
G1 X27.1 Y58.2 E0.11034
G1 X26.914 Y58.075 E0.00373
G1 X26.302 Y56.535 E0.02756
G1 X26.3 Y43.46 E0.21744
G1 X26.914 Y41.925 E0.02749
G1 X27.065 Y41.802 E0.00324
G1 X33.7 Y41.8 E0.11034
G1 X33.869 Y41.892 E0.0032
G1 X33.9 Y42 E0.00187
G1 X33.899 Y43.072 E0.01783
G1 X35.3 Y41.902 E0.03035
G1 X35.3 Y41.018 E0.0147
G1 X35.213 Y40.799 E0.00392
G1 X35.016 Y40.7 E0.00367
G1 X25.016 Y40.7 E0.1663
G1 X24.799 Y40.786 E0.00388
G1 X24.7 Y40.98 E0.00362
G1 X24.7 Y58.981 E0.29936
G1 X24.786 Y59.201 E0.00393
G1 X24.98 Y59.3 E0.00362
G1 X34.978 Y59.3 E0.16627
G1 X35.201 Y59.213 E0.00398
G1 X35.3 Y59.016 E0.00367
G1 X35.3 Y58.094 E0.01533
G1 X33.9 Y56.928 E0.0303
G1 X33.9 Y58 E0.01783
G0 F7200 X33.869 Y58.108
G0 X33.796 Y58.157
G1 F1500 E-6.5
G0 F7200 X34.552 Y58.32
G0 X36.165 Y58.2
G0 X43.835 Y58.2
G0 X44.93 Y58.2
G0 X45.41 Y56.573
G0 X45.26 Y56.573
;TYPE:FILL
G1 F1500 E6.5
G1 F3600 X46.012 Y57.326 E0.0177
G1 X46.082 Y57.396
G0 F7200 X45.907 Y57.466
G0 X46.422 Y58.634
G0 X47.008 Y58.647
G1 F3600 X46.877 Y58.779 E0.00309
G0 F7200 X46.422 Y58.634
G0 X45.651 Y56.663
G0 X45.41 Y54.739
G0 X45.26 Y54.739
G1 F3600 X45.74 Y54.259 E0.01129
G0 F7200 X45.59 Y54.259
G0 X45.59 Y51.397
G0 X45.741 Y51.397
G1 F3600 X45.26 Y50.917 E0.0113
G0 F7200 X45.41 Y50.917
G0 X45.41 Y49.082
G0 X45.26 Y49.082
G1 F3600 X45.74 Y48.602 E0.01129
G0 F7200 X45.59 Y48.602
G0 X45.59 Y45.741
G0 X45.741 Y45.741
G1 F3600 X45.26 Y45.26 E0.01131
G0 F7200 X45.41 Y45.26
G0 X45.41 Y43.425
G0 X45.26 Y43.425
G1 F3600 X46.011 Y42.674 E0.01766
G1 X46.081 Y42.604
G0 F7200 X45.908 Y42.534
G0 X46.422 Y41.366
G0 X46.964 Y41.307
G1 F3600 X46.878 Y41.221 E0.00202
G0 F7200 X47.39 Y41.296
G1 F3600 X47.475 Y41.21 E0.00201
G0 F7200 X52.524 Y41.21
G1 F3600 X52.605 Y41.291 E0.0019
G0 F7200 X53.051 Y41.291
G1 F3600 X53.132 Y41.21 E0.0019
G0 F7200 X46.8 Y41.557
G0 X46.051 Y43.414
G0 X46.051 Y56.586
G0 X46.8 Y58.443
G0 X54.61 Y58.57
G0 X53.8 Y58.57
;TYPE:WALL-INNER
G1 F4079.3 X47.1 Y58.575 E0.09833
G1 F3840 X46.542 Y58.223 E0.01029
G1 F3600 X45.9 Y56.615 E0.02879
G1 X45.9 Y43.5 E0.2181
G1 X45.942 Y43.277 E0.00377
G1 X46.542 Y41.777 E0.02687
G1 F3809.5 X47 Y41.43 E0.00903
G1 F4079.3 X53.7 Y41.425 E0.09833
G1 F3110.2 X54.281 Y41.63 E0.01186
G1 F2500 X54.387 Y42.029 E0.00989
G1 X54.812 Y41.674 E0.01326
G1 X54.812 Y41.188 E0.01164
G1 X54.524 Y41.188 E0.0069
G1 F3110.2 X53.7 Y41.075 E0.01601
G1 F4114.3 X47.1 Y41.075 E0.09604
G1 F3840 X46.084 Y41.1 E0.01584
G1 F3600 X45.101 Y41.101 E0.01635
G1 X45.1 Y58.9 E0.296
G1 X46.084 Y58.9 E0.01636
G1 F3840 X47.1 Y58.925 E0.01584
G1 F4079.3 X53.83 Y58.922 E0.09877
G1 F3090.1 X54.524 Y58.812 E0.01361
G1 F2500 X54.812 Y58.812 E0.0069
G1 X54.812 Y58.323 E0.01171
G1 X54.388 Y57.969 E0.01323
G1 X54.281 Y58.37 E0.00994
G1 F3090.1 X53.8 Y58.57 E0.01009
G0 F7200 X53.9 Y58
;TYPE:WALL-OUTER
G1 F1800 X53.869 Y58.108 E0.00187
G1 X53.735 Y58.198 E0.00268
G1 X47.1 Y58.2 E0.11034
G1 X46.914 Y58.075 E0.00373
G1 X46.302 Y56.535 E0.02756
G1 X46.3 Y43.46 E0.21744
G1 X46.914 Y41.925 E0.02749
G1 X47.065 Y41.802 E0.00324
G1 X53.7 Y41.8 E0.11034
G1 X53.869 Y41.892 E0.0032
G1 X53.9 Y42 E0.00187
G1 X53.899 Y43.072 E0.01783
G1 X55.3 Y41.902 E0.03035
G1 X55.3 Y41.018 E0.0147
G1 X55.213 Y40.799 E0.00392
G1 X55.016 Y40.7 E0.00367
G1 X45.016 Y40.7 E0.1663
G1 X44.799 Y40.786 E0.00388
G1 X44.7 Y40.98 E0.00362
G1 X44.7 Y58.981 E0.29936
G1 X44.786 Y59.201 E0.00393
G1 X44.98 Y59.3 E0.00362
G1 X54.978 Y59.3 E0.16627
G1 X55.201 Y59.213 E0.00398
G1 X55.3 Y59.016 E0.00367
G1 X55.3 Y58.094 E0.01533
G1 X53.9 Y56.928 E0.0303
G1 X53.9 Y58 E0.01783
G0 F7200 X53.869 Y58.108
G0 X53.796 Y58.157
G1 F1500 E-6.5
G0 F7200 X54.552 Y58.32
G0 X56.165 Y58.2
G0 X63.835 Y58.2
G0 X64.93 Y58.2
G0 X65.41 Y57.366
G0 X65.26 Y57.366
;TYPE:FILL
G1 F1500 E6.5
G1 F3600 X65.808 Y56.818 E0.01289
G0 F7200 X65.67 Y56.873
G0 X65.59 Y54.427
G0 X65.74 Y54.427
G1 F3600 X65.26 Y53.946 E0.0113
G0 F7200 X65.41 Y53.946
G0 X65.41 Y51.709
G0 X65.26 Y51.709
G1 F3600 X65.74 Y51.23 E0.01128
G0 F7200 X65.59 Y51.23
G0 X65.59 Y48.77
G0 X65.74 Y48.77
G1 F3600 X65.26 Y48.29 E0.01129
G0 F7200 X65.41 Y48.29
G0 X65.41 Y46.052
G0 X65.261 Y46.052
G1 F3600 X65.74 Y45.573 E0.01127
G0 F7200 X65.59 Y45.573
G0 X65.671 Y43.125
G0 X65.808 Y43.181
G1 F3600 X65.26 Y42.633 E0.01289
G0 F7200 X65.41 Y42.633
G0 X66.8 Y41.557
G0 X69.494 Y41.21
G1 F3600 X69.577 Y41.293 E0.00195
G0 F7200 X70.02 Y41.293
G1 F3600 X70.103 Y41.21 E0.00195
G0 F7200 X66.8 Y41.557
G0 X66.051 Y43.414
G0 X66.051 Y56.586
G0 X66.8 Y58.443
G0 X74.61 Y58.57
G0 X73.8 Y58.57
;TYPE:WALL-INNER
G1 F4079.3 X67.1 Y58.575 E0.09833
G1 F3840 X66.542 Y58.223 E0.01029
G1 F3600 X65.9 Y56.615 E0.02879
G1 X65.9 Y43.5 E0.2181
G1 X65.942 Y43.277 E0.00377
G1 X66.542 Y41.777 E0.02687
G1 F3809.5 X67 Y41.43 E0.00903
G1 F4079.3 X73.7 Y41.425 E0.09833
G1 F3110.2 X74.281 Y41.63 E0.01186
G1 F2500 X74.387 Y42.029 E0.00989
G1 X74.812 Y41.674 E0.01326
G1 X74.812 Y41.188 E0.01164
G1 X74.524 Y41.188 E0.0069
G1 F3110.2 X73.7 Y41.075 E0.01601
G1 F4114.3 X67.1 Y41.075 E0.09604
G1 F3840 X66.084 Y41.1 E0.01584
G1 F3600 X65.101 Y41.101 E0.01635
G1 X65.1 Y58.9 E0.296
G1 X66.084 Y58.9 E0.01636
G1 F3840 X67.1 Y58.925 E0.01584
G1 F4079.3 X73.83 Y58.922 E0.09877
G1 F3090.1 X74.524 Y58.812 E0.01361
G1 F2500 X74.812 Y58.812 E0.0069
G1 X74.812 Y58.323 E0.01171
G1 X74.388 Y57.969 E0.01323
G1 X74.281 Y58.37 E0.00994
G1 F3090.1 X73.8 Y58.57 E0.01009
G0 F7200 X73.9 Y58
;TYPE:WALL-OUTER
G1 F1800 X73.869 Y58.108 E0.00187
G1 X73.735 Y58.198 E0.00268
G1 X67.1 Y58.2 E0.11034
G1 X66.914 Y58.075 E0.00373
G1 X66.302 Y56.535 E0.02756
G1 X66.3 Y43.46 E0.21744
G1 X66.914 Y41.925 E0.02749
G1 X67.065 Y41.802 E0.00324
G1 X73.7 Y41.8 E0.11034
G1 X73.869 Y41.892 E0.0032
G1 X73.9 Y42 E0.00187
G1 X73.899 Y43.072 E0.01783
G1 X75.3 Y41.902 E0.03035
G1 X75.3 Y41.018 E0.0147
G1 X75.213 Y40.799 E0.00392
G1 X75.016 Y40.7 E0.00367
G1 X65.016 Y40.7 E0.1663
G1 X64.799 Y40.786 E0.00388
G1 X64.7 Y40.98 E0.00362
G1 X64.7 Y58.981 E0.29936
G1 X64.786 Y59.201 E0.00393
G1 X64.98 Y59.3 E0.00362
G1 X74.978 Y59.3 E0.16627
G1 X75.201 Y59.213 E0.00398
G1 X75.3 Y59.016 E0.00367
G1 X75.3 Y58.094 E0.01533
G1 X73.9 Y56.928 E0.0303
G1 X73.9 Y58 E0.01783
G0 F7200 X73.869 Y58.108
G0 X73.796 Y58.157
G1 F1500 E-6.5
;MESH:NONMESH
G0 F600 X73.796 Y58.157 Z4.3
G0 F7200 X74.552 Y58.32
G0 X66.8 Y58.443
G0 X66.051 Y56.586
G0 X64.93 Y42.231
G0 X63.835 Y42.231
G0 X55.223 Y39.837
G0 X44.935 Y39.836
G0 X36.165 Y41.8
G0 X35.072 Y41.8
G0 X34.138 Y41.562
G0 X26.8 Y41.557
G0 X25.41 Y42.231
G0 X25.26 Y42.231
;TIME_ELAPSED:735.594997
;LAYER:40
;TYPE:FILL
;MESH:pin.stl
G1 F1500 E6.5
G1 F3600 X25.924 Y42.895 E0.01562
G1 X25.994 Y42.965
G0 F7200 X25.771 Y42.875
G0 X25.59 Y45.975
G0 X25.739 Y45.975
G1 F3600 X25.261 Y46.454 E0.01125
G0 F7200 X25.41 Y46.454
G0 X25.41 Y47.887
G0 X25.26 Y47.887
G1 F3600 X25.74 Y48.368 E0.0113
G0 F7200 X25.59 Y48.368
G0 X25.59 Y51.632
G0 X25.739 Y51.632
G1 F3600 X25.261 Y52.111 E0.01125
G0 F7200 X25.41 Y52.111
G0 X25.41 Y53.544
G0 X25.26 Y53.544
G1 F3600 X25.74 Y54.024 E0.01129
G0 F7200 X25.59 Y54.024
G0 X25.651 Y56.663
G0 X25.923 Y57.106
G1 F3600 X25.261 Y57.768 E0.01557
G1 X25.191 Y57.838
G0 F7200 X25.41 Y57.838
G0 X26.051 Y43.414
G0 X26.8 Y41.557
G0 X29.98 Y41.294
G1 F3600 X29.896 Y41.21 E0.00198
G0 F7200 X30.421 Y41.294
G1 F3600 X30.505 Y41.21 E0.00198
G0 F7200 X26.8 Y41.557
G0 X26.051 Y43.414
G0 X26.051 Y56.586
G0 X26.8 Y58.443
G0 X34.61 Y58.57
G0 X33.8 Y58.57
;TYPE:WALL-INNER
G1 F4079.3 X27.1 Y58.575 E0.09833
G1 F3840 X26.542 Y58.223 E0.01029
G1 F3600 X25.9 Y56.615 E0.02879
G1 X25.9 Y43.5 E0.2181
G1 X25.942 Y43.277 E0.00377
G1 X26.542 Y41.777 E0.02687
G1 F3809.5 X27 Y41.43 E0.00903
G1 F4079.3 X33.7 Y41.425 E0.09833
G1 F3110.2 X34.281 Y41.63 E0.01186
G1 F2500 X34.387 Y42.029 E0.00989
G1 X34.812 Y41.674 E0.01326
G1 X34.812 Y41.188 E0.01164
G1 X34.524 Y41.188 E0.0069
G1 F3110.2 X33.7 Y41.075 E0.01601
G1 F4114.3 X27.1 Y41.075 E0.09604
G1 F3840 X26.084 Y41.1 E0.01584
G1 F3600 X25.101 Y41.101 E0.01635
G1 X25.1 Y58.9 E0.296
G1 X26.084 Y58.9 E0.01636
G1 F3840 X27.1 Y58.925 E0.01584
G1 F4079.3 X33.83 Y58.922 E0.09877
G1 F3090.1 X34.524 Y58.812 E0.01361
G1 F2500 X34.812 Y58.812 E0.0069
G1 X34.812 Y58.323 E0.01171
G1 X34.388 Y57.969 E0.01323
G1 X34.281 Y58.37 E0.00994
G1 F3090.1 X33.8 Y58.57 E0.01009
G0 F7200 X33.9 Y58
;TYPE:WALL-OUTER
G1 F1800 X33.869 Y58.108 E0.00187
G1 X33.735 Y58.198 E0.00268
G1 X27.1 Y58.2 E0.11034
G1 X26.914 Y58.075 E0.00373
G1 X26.302 Y56.535 E0.02756
G1 X26.3 Y43.46 E0.21744
G1 X26.914 Y41.925 E0.02749
G1 X27.065 Y41.802 E0.00324
G1 X33.7 Y41.8 E0.11034
G1 X33.869 Y41.892 E0.0032
G1 X33.9 Y42 E0.00187
G1 X33.899 Y43.072 E0.01783
G1 X35.3 Y41.902 E0.03035
G1 X35.3 Y41.018 E0.0147
G1 X35.213 Y40.799 E0.00392
G1 X35.016 Y40.7 E0.00367
G1 X25.016 Y40.7 E0.1663
G1 X24.799 Y40.786 E0.00388
G1 X24.7 Y40.98 E0.00362
G1 X24.7 Y58.981 E0.29936
G1 X24.786 Y59.201 E0.00393
G1 X24.98 Y59.3 E0.00362
G1 X34.978 Y59.3 E0.16627
G1 X35.201 Y59.213 E0.00398
G1 X35.3 Y59.016 E0.00367
G1 X35.3 Y58.094 E0.01533
G1 X33.9 Y56.928 E0.0303
G1 X33.9 Y58 E0.01783
G0 F7200 X33.869 Y58.108
G0 X33.796 Y58.157
G1 F1500 E-6.5
G0 F7200 X34.552 Y58.32
G0 X36.165 Y58.2
G0 X43.835 Y58.2
G0 X44.93 Y58.2
G0 X45.41 Y56.573
G0 X45.26 Y56.573
;TYPE:FILL
G1 F1500 E6.5
G1 F3600 X46.012 Y57.326 E0.0177
G1 X46.082 Y57.396
G0 F7200 X45.907 Y57.466
G0 X46.422 Y58.634
G0 X47.008 Y58.647
G1 F3600 X46.877 Y58.779 E0.00309
G0 F7200 X46.422 Y58.634
G0 X45.651 Y56.663
G0 X45.41 Y54.739
G0 X45.26 Y54.739
G1 F3600 X45.74 Y54.259 E0.01129
G0 F7200 X45.59 Y54.259
G0 X45.59 Y51.397
G0 X45.741 Y51.397
G1 F3600 X45.26 Y50.917 E0.0113
G0 F7200 X45.41 Y50.917
G0 X45.41 Y49.082
G0 X45.26 Y49.082
G1 F3600 X45.74 Y48.602 E0.01129
G0 F7200 X45.59 Y48.602
G0 X45.59 Y45.741
G0 X45.741 Y45.741
G1 F3600 X45.26 Y45.26 E0.01131
G0 F7200 X45.41 Y45.26
G0 X45.41 Y43.425
G0 X45.26 Y43.425
G1 F3600 X46.011 Y42.674 E0.01766
G1 X46.081 Y42.604
G0 F7200 X45.908 Y42.534
G0 X46.422 Y41.366
G0 X46.964 Y41.307
G1 F3600 X46.878 Y41.221 E0.00202
G0 F7200 X47.39 Y41.296
G1 F3600 X47.475 Y41.21 E0.00201
G0 F7200 X52.524 Y41.21
G1 F3600 X52.605 Y41.291 E0.0019
G0 F7200 X53.051 Y41.291
G1 F3600 X53.132 Y41.21 E0.0019
G0 F7200 X46.8 Y41.557
G0 X46.051 Y43.414
G0 X46.051 Y56.586
G0 X46.8 Y58.443
G0 X54.61 Y58.57
G0 X53.8 Y58.57
;TYPE:WALL-INNER
G1 F4079.3 X47.1 Y58.575 E0.09833
G1 F3840 X46.542 Y58.223 E0.01029
G1 F3600 X45.9 Y56.615 E0.02879
G1 X45.9 Y43.5 E0.2181
G1 X45.942 Y43.277 E0.00377
G1 X46.542 Y41.777 E0.02687
G1 F3809.5 X47 Y41.43 E0.00903
G1 F4079.3 X53.7 Y41.425 E0.09833
G1 F3110.2 X54.281 Y41.63 E0.01186
G1 F2500 X54.387 Y42.029 E0.00989
G1 X54.812 Y41.674 E0.01326
G1 X54.812 Y41.188 E0.01164
G1 X54.524 Y41.188 E0.0069
G1 F3110.2 X53.7 Y41.075 E0.01601
G1 F4114.3 X47.1 Y41.075 E0.09604
G1 F3840 X46.084 Y41.1 E0.01584
G1 F3600 X45.101 Y41.101 E0.01635
G1 X45.1 Y58.9 E0.296
G1 X46.084 Y58.9 E0.01636
G1 F3840 X47.1 Y58.925 E0.01584
G1 F4079.3 X53.83 Y58.922 E0.09877
G1 F3090.1 X54.524 Y58.812 E0.01361
G1 F2500 X54.812 Y58.812 E0.0069
G1 X54.812 Y58.323 E0.01171
G1 X54.388 Y57.969 E0.01323
G1 X54.281 Y58.37 E0.00994
G1 F3090.1 X53.8 Y58.57 E0.01009
G0 F7200 X53.9 Y58
;TYPE:WALL-OUTER
G1 F1800 X53.869 Y58.108 E0.00187
G1 X53.735 Y58.198 E0.00268
G1 X47.1 Y58.2 E0.11034
G1 X46.914 Y58.075 E0.00373
G1 X46.302 Y56.535 E0.02756
G1 X46.3 Y43.46 E0.21744
G1 X46.914 Y41.925 E0.02749
G1 X47.065 Y41.802 E0.00324
G1 X53.7 Y41.8 E0.11034
G1 X53.869 Y41.892 E0.0032
G1 X53.9 Y42 E0.00187
G1 X53.899 Y43.072 E0.01783
G1 X55.3 Y41.902 E0.03035
G1 X55.3 Y41.018 E0.0147
G1 X55.213 Y40.799 E0.00392
G1 X55.016 Y40.7 E0.00367
G1 X45.016 Y40.7 E0.1663
G1 X44.799 Y40.786 E0.00388
G1 X44.7 Y40.98 E0.00362
G1 X44.7 Y58.981 E0.29936
G1 X44.786 Y59.201 E0.00393
G1 X44.98 Y59.3 E0.00362
G1 X54.978 Y59.3 E0.16627
G1 X55.201 Y59.213 E0.00398
G1 X55.3 Y59.016 E0.00367
G1 X55.3 Y58.094 E0.01533
G1 X53.9 Y56.928 E0.0303
G1 X53.9 Y58 E0.01783
G0 F7200 X53.869 Y58.108
G0 X53.796 Y58.157
G1 F1500 E-6.5
G0 F7200 X54.552 Y58.32
G0 X56.165 Y58.2
G0 X63.835 Y58.2
G0 X64.93 Y58.2
G0 X65.41 Y57.366
G0 X65.26 Y57.366
;TYPE:FILL
G1 F1500 E6.5
G1 F3600 X65.808 Y56.818 E0.01289
G0 F7200 X65.67 Y56.873
G0 X65.59 Y54.427
G0 X65.74 Y54.427
G1 F3600 X65.26 Y53.946 E0.0113
G0 F7200 X65.41 Y53.946
G0 X65.41 Y51.709
G0 X65.26 Y51.709
G1 F3600 X65.74 Y51.23 E0.01128
G0 F7200 X65.59 Y51.23
G0 X65.59 Y48.77
G0 X65.74 Y48.77
G1 F3600 X65.26 Y48.29 E0.01129
G0 F7200 X65.41 Y48.29
G0 X65.41 Y46.052
G0 X65.261 Y46.052
G1 F3600 X65.74 Y45.573 E0.01127
G0 F7200 X65.59 Y45.573
G0 X65.671 Y43.125
G0 X65.808 Y43.181
G1 F3600 X65.26 Y42.633 E0.01289
G0 F7200 X65.41 Y42.633
G0 X66.8 Y41.557
G0 X69.494 Y41.21
G1 F3600 X69.577 Y41.293 E0.00195
G0 F7200 X70.02 Y41.293
G1 F3600 X70.103 Y41.21 E0.00195
G0 F7200 X66.8 Y41.557
G0 X66.051 Y43.414
G0 X66.051 Y56.586
G0 X66.8 Y58.443
G0 X74.61 Y58.57
G0 X73.8 Y58.57
;TYPE:WALL-INNER
G1 F4079.3 X67.1 Y58.575 E0.09833
G1 F3840 X66.542 Y58.223 E0.01029
G1 F3600 X65.9 Y56.615 E0.02879
G1 X65.9 Y43.5 E0.2181
G1 X65.942 Y43.277 E0.00377
G1 X66.542 Y41.777 E0.02687
G1 F3809.5 X67 Y41.43 E0.00903
G1 F4079.3 X73.7 Y41.425 E0.09833
G1 F3110.2 X74.281 Y41.63 E0.01186
G1 F2500 X74.387 Y42.029 E0.00989
G1 X74.812 Y41.674 E0.01326
G1 X74.812 Y41.188 E0.01164
G1 X74.524 Y41.188 E0.0069
G1 F3110.2 X73.7 Y41.075 E0.01601
G1 F4114.3 X67.1 Y41.075 E0.09604
G1 F3840 X66.084 Y41.1 E0.01584
G1 F3600 X65.101 Y41.101 E0.01635
G1 X65.1 Y58.9 E0.296
G1 X66.084 Y58.9 E0.01636
G1 F3840 X67.1 Y58.925 E0.01584
G1 F4079.3 X73.83 Y58.922 E0.09877
G1 F3090.1 X74.524 Y58.812 E0.01361
G1 F2500 X74.812 Y58.812 E0.0069
G1 X74.812 Y58.323 E0.01171
G1 X74.388 Y57.969 E0.01323
G1 X74.281 Y58.37 E0.00994
G1 F3090.1 X73.8 Y58.57 E0.01009
G0 F7200 X73.9 Y58
;TYPE:WALL-OUTER
G1 F1800 X73.869 Y58.108 E0.00187
G1 X73.735 Y58.198 E0.00268
G1 X67.1 Y58.2 E0.11034
G1 X66.914 Y58.075 E0.00373
G1 X66.302 Y56.535 E0.02756
G1 X66.3 Y43.46 E0.21744
G1 X66.914 Y41.925 E0.02749
G1 X67.065 Y41.802 E0.00324
G1 X73.7 Y41.8 E0.11034
G1 X73.869 Y41.892 E0.0032
G1 X73.9 Y42 E0.00187
G1 X73.899 Y43.072 E0.01783
G1 X75.3 Y41.902 E0.03035
G1 X75.3 Y41.018 E0.0147
G1 X75.213 Y40.799 E0.00392
G1 X75.016 Y40.7 E0.00367
G1 X65.016 Y40.7 E0.1663
G1 X64.799 Y40.786 E0.00388
G1 X64.7 Y40.98 E0.00362
G1 X64.7 Y58.981 E0.29936
G1 X64.786 Y59.201 E0.00393
G1 X64.98 Y59.3 E0.00362
G1 X74.978 Y59.3 E0.16627
G1 X75.201 Y59.213 E0.00398
G1 X75.3 Y59.016 E0.00367
G1 X75.3 Y58.094 E0.01533
G1 X73.9 Y56.928 E0.0303
G1 X73.9 Y58 E0.01783
G0 F7200 X73.869 Y58.108
G0 X73.796 Y58.157
G1 F1500 E-6.5
;MESH:NONMESH
G0 F600 X73.796 Y58.157 Z4.4
G0 F7200 X74.552 Y58.32
G0 X66.8 Y58.443
G0 X66.051 Y56.586
G0 X64.93 Y42.231
G0 X63.835 Y42.231
G0 X55.223 Y39.837
G0 X44.935 Y39.836
G0 X36.165 Y41.8
G0 X35.072 Y41.8
G0 X34.138 Y41.562
G0 X26.8 Y41.557
G0 X25.41 Y42.231
G0 X25.26 Y42.231
;TIME_ELAPSED:752.823798
;LAYER:41
;TYPE:FILL
;MESH:pin.stl
G1 F1500 E6.5
G1 F3600 X25.924 Y42.895 E0.01562
G1 X25.994 Y42.965
G0 F7200 X25.771 Y42.875
G0 X25.59 Y45.975
G0 X25.739 Y45.975
G1 F3600 X25.261 Y46.454 E0.01125
G0 F7200 X25.41 Y46.454
G0 X25.41 Y47.887
G0 X25.26 Y47.887
G1 F3600 X25.74 Y48.368 E0.0113
G0 F7200 X25.59 Y48.368
G0 X25.59 Y51.632
G0 X25.739 Y51.632
G1 F3600 X25.261 Y52.111 E0.01125
G0 F7200 X25.41 Y52.111
G0 X25.41 Y53.544
G0 X25.26 Y53.544
G1 F3600 X25.74 Y54.024 E0.01129
G0 F7200 X25.59 Y54.024
G0 X25.651 Y56.663
G0 X25.923 Y57.106
G1 F3600 X25.261 Y57.768 E0.01557
G1 X25.191 Y57.838
G0 F7200 X25.41 Y57.838
G0 X26.051 Y43.414
G0 X26.8 Y41.557
G0 X29.98 Y41.294
G1 F3600 X29.896 Y41.21 E0.00198
G0 F7200 X30.421 Y41.294
G1 F3600 X30.505 Y41.21 E0.00198
G0 F7200 X26.8 Y41.557
G0 X26.051 Y43.414
G0 X26.051 Y56.586
G0 X26.8 Y58.443
G0 X34.61 Y58.57
G0 X33.8 Y58.57
;TYPE:WALL-INNER
G1 F4079.3 X27.1 Y58.575 E0.09833
G1 F3840 X26.542 Y58.223 E0.01029
G1 F3600 X25.9 Y56.615 E0.02879
G1 X25.9 Y43.5 E0.2181
G1 X25.942 Y43.277 E0.00377
G1 X26.542 Y41.777 E0.02687
G1 F3809.5 X27 Y41.43 E0.00903
G1 F4079.3 X33.7 Y41.425 E0.09833
G1 F3110.2 X34.281 Y41.63 E0.01186
G1 F2500 X34.387 Y42.029 E0.00989
G1 X34.812 Y41.674 E0.01326
G1 X34.812 Y41.188 E0.01164
G1 X34.524 Y41.188 E0.0069
G1 F3110.2 X33.7 Y41.075 E0.01601
G1 F4114.3 X27.1 Y41.075 E0.09604
G1 F3840 X26.084 Y41.1 E0.01584
G1 F3600 X25.101 Y41.101 E0.01635
G1 X25.1 Y58.9 E0.296
G1 X26.084 Y58.9 E0.01636
G1 F3840 X27.1 Y58.925 E0.01584
G1 F4079.3 X33.83 Y58.922 E0.09877
G1 F3090.1 X34.524 Y58.812 E0.01361
G1 F2500 X34.812 Y58.812 E0.0069
G1 X34.812 Y58.323 E0.01171
G1 X34.388 Y57.969 E0.01323
G1 X34.281 Y58.37 E0.00994
G1 F3090.1 X33.8 Y58.57 E0.01009
G0 F7200 X33.9 Y58
;TYPE:WALL-OUTER
G1 F1800 X33.869 Y58.108 E0.00187
G1 X33.735 Y58.198 E0.00268
G1 X27.1 Y58.2 E0.11034
G1 X26.914 Y58.075 E0.00373
G1 X26.302 Y56.535 E0.02756
G1 X26.3 Y43.46 E0.21744
G1 X26.914 Y41.925 E0.02749
G1 X27.065 Y41.802 E0.00324
G1 X33.7 Y41.8 E0.11034
G1 X33.869 Y41.892 E0.0032
G1 X33.9 Y42 E0.00187
G1 X33.899 Y43.072 E0.01783
G1 X35.3 Y41.902 E0.03035
G1 X35.3 Y41.018 E0.0147
G1 X35.213 Y40.799 E0.00392
G1 X35.016 Y40.7 E0.00367
G1 X25.016 Y40.7 E0.1663
G1 X24.799 Y40.786 E0.00388
G1 X24.7 Y40.98 E0.00362
G1 X24.7 Y58.981 E0.29936
G1 X24.786 Y59.201 E0.00393
G1 X24.98 Y59.3 E0.00362
G1 X34.978 Y59.3 E0.16627
G1 X35.201 Y59.213 E0.00398
G1 X35.3 Y59.016 E0.00367
G1 X35.3 Y58.094 E0.01533
G1 X33.9 Y56.928 E0.0303
G1 X33.9 Y58 E0.01783
G0 F7200 X33.869 Y58.108
G0 X33.796 Y58.157
G1 F1500 E-6.5
G0 F7200 X34.552 Y58.32
G0 X36.165 Y58.2
G0 X43.835 Y58.2
G0 X44.93 Y58.2
G0 X45.41 Y56.573
G0 X45.26 Y56.573
;TYPE:FILL
G1 F1500 E6.5
G1 F3600 X46.012 Y57.326 E0.0177
G1 X46.082 Y57.396
G0 F7200 X45.907 Y57.466
G0 X46.422 Y58.634
G0 X47.008 Y58.647
G1 F3600 X46.877 Y58.779 E0.00309
G0 F7200 X46.422 Y58.634
G0 X45.651 Y56.663
G0 X45.41 Y54.739
G0 X45.26 Y54.739
G1 F3600 X45.74 Y54.259 E0.01129
G0 F7200 X45.59 Y54.259
G0 X45.59 Y51.397
G0 X45.741 Y51.397
G1 F3600 X45.26 Y50.917 E0.0113
G0 F7200 X45.41 Y50.917
G0 X45.41 Y49.082
G0 X45.26 Y49.082
G1 F3600 X45.74 Y48.602 E0.01129
G0 F7200 X45.59 Y48.602
G0 X45.59 Y45.741
G0 X45.741 Y45.741
G1 F3600 X45.26 Y45.26 E0.01131
G0 F7200 X45.41 Y45.26
G0 X45.41 Y43.425
G0 X45.26 Y43.425
G1 F3600 X46.011 Y42.674 E0.01766
G1 X46.081 Y42.604
G0 F7200 X45.908 Y42.534
G0 X46.422 Y41.366
G0 X46.964 Y41.307
G1 F3600 X46.878 Y41.221 E0.00202
G0 F7200 X47.39 Y41.296
G1 F3600 X47.475 Y41.21 E0.00201
G0 F7200 X52.524 Y41.21
G1 F3600 X52.605 Y41.291 E0.0019
G0 F7200 X53.051 Y41.291
G1 F3600 X53.132 Y41.21 E0.0019
G0 F7200 X46.8 Y41.557
G0 X46.051 Y43.414
G0 X46.051 Y56.586
G0 X46.8 Y58.443
G0 X54.61 Y58.57
G0 X53.8 Y58.57
;TYPE:WALL-INNER
G1 F4079.3 X47.1 Y58.575 E0.09833
G1 F3840 X46.542 Y58.223 E0.01029
G1 F3600 X45.9 Y56.615 E0.02879
G1 X45.9 Y43.5 E0.2181
G1 X45.942 Y43.277 E0.00377
G1 X46.542 Y41.777 E0.02687
G1 F3809.5 X47 Y41.43 E0.00903
G1 F4079.3 X53.7 Y41.425 E0.09833
G1 F3110.2 X54.281 Y41.63 E0.01186
G1 F2500 X54.387 Y42.029 E0.00989
G1 X54.812 Y41.674 E0.01326
G1 X54.812 Y41.188 E0.01164
G1 X54.524 Y41.188 E0.0069
G1 F3110.2 X53.7 Y41.075 E0.01601
G1 F4114.3 X47.1 Y41.075 E0.09604
G1 F3840 X46.084 Y41.1 E0.01584
G1 F3600 X45.101 Y41.101 E0.01635
G1 X45.1 Y58.9 E0.296
G1 X46.084 Y58.9 E0.01636
G1 F3840 X47.1 Y58.925 E0.01584
G1 F4079.3 X53.83 Y58.922 E0.09877
G1 F3090.1 X54.524 Y58.812 E0.01361
G1 F2500 X54.812 Y58.812 E0.0069
G1 X54.812 Y58.323 E0.01171
G1 X54.388 Y57.969 E0.01323
G1 X54.281 Y58.37 E0.00994
G1 F3090.1 X53.8 Y58.57 E0.01009
G0 F7200 X53.9 Y58
;TYPE:WALL-OUTER
G1 F1800 X53.869 Y58.108 E0.00187
G1 X53.735 Y58.198 E0.00268
G1 X47.1 Y58.2 E0.11034
G1 X46.914 Y58.075 E0.00373
G1 X46.302 Y56.535 E0.02756
G1 X46.3 Y43.46 E0.21744
G1 X46.914 Y41.925 E0.02749
G1 X47.065 Y41.802 E0.00324
G1 X53.7 Y41.8 E0.11034
G1 X53.869 Y41.892 E0.0032
G1 X53.9 Y42 E0.00187
G1 X53.899 Y43.072 E0.01783
G1 X55.3 Y41.902 E0.03035
G1 X55.3 Y41.018 E0.0147
G1 X55.213 Y40.799 E0.00392
G1 X55.016 Y40.7 E0.00367
G1 X45.016 Y40.7 E0.1663
G1 X44.799 Y40.786 E0.00388
G1 X44.7 Y40.98 E0.00362
G1 X44.7 Y58.981 E0.29936
G1 X44.786 Y59.201 E0.00393
G1 X44.98 Y59.3 E0.00362
G1 X54.978 Y59.3 E0.16627
G1 X55.201 Y59.213 E0.00398
G1 X55.3 Y59.016 E0.00367
G1 X55.3 Y58.094 E0.01533
G1 X53.9 Y56.928 E0.0303
G1 X53.9 Y58 E0.01783
G0 F7200 X53.869 Y58.108
G0 X53.796 Y58.157
G1 F1500 E-6.5
G0 F7200 X54.552 Y58.32
G0 X56.165 Y58.2
G0 X63.835 Y58.2
G0 X64.93 Y58.2
G0 X65.41 Y57.366
G0 X65.26 Y57.366
;TYPE:FILL
G1 F1500 E6.5
G1 F3600 X65.808 Y56.818 E0.01289
G0 F7200 X65.67 Y56.873
G0 X65.59 Y54.427
G0 X65.74 Y54.427
G1 F3600 X65.26 Y53.946 E0.0113
G0 F7200 X65.41 Y53.946
G0 X65.41 Y51.709
G0 X65.26 Y51.709
G1 F3600 X65.74 Y51.23 E0.01128
G0 F7200 X65.59 Y51.23
G0 X65.59 Y48.77
G0 X65.74 Y48.77
G1 F3600 X65.26 Y48.29 E0.01129
G0 F7200 X65.41 Y48.29
G0 X65.41 Y46.052
G0 X65.261 Y46.052
G1 F3600 X65.74 Y45.573 E0.01127
G0 F7200 X65.59 Y45.573
G0 X65.671 Y43.125
G0 X65.808 Y43.181
G1 F3600 X65.26 Y42.633 E0.01289
G0 F7200 X65.41 Y42.633
G0 X66.8 Y41.557
G0 X69.494 Y41.21
G1 F3600 X69.577 Y41.293 E0.00195
G0 F7200 X70.02 Y41.293
G1 F3600 X70.103 Y41.21 E0.00195
G0 F7200 X66.8 Y41.557
G0 X66.051 Y43.414
G0 X66.051 Y56.586
G0 X66.8 Y58.443
G0 X74.61 Y58.57
G0 X73.8 Y58.57
;TYPE:WALL-INNER
G1 F4079.3 X67.1 Y58.575 E0.09833
G1 F3840 X66.542 Y58.223 E0.01029
G1 F3600 X65.9 Y56.615 E0.02879
G1 X65.9 Y43.5 E0.2181
G1 X65.942 Y43.277 E0.00377
G1 X66.542 Y41.777 E0.02687
G1 F3809.5 X67 Y41.43 E0.00903
G1 F4079.3 X73.7 Y41.425 E0.09833
G1 F3110.2 X74.281 Y41.63 E0.01186
G1 F2500 X74.387 Y42.029 E0.00989
G1 X74.812 Y41.674 E0.01326
G1 X74.812 Y41.188 E0.01164
G1 X74.524 Y41.188 E0.0069
G1 F3110.2 X73.7 Y41.075 E0.01601
G1 F4114.3 X67.1 Y41.075 E0.09604
G1 F3840 X66.084 Y41.1 E0.01584
G1 F3600 X65.101 Y41.101 E0.01635
G1 X65.1 Y58.9 E0.296
G1 X66.084 Y58.9 E0.01636
G1 F3840 X67.1 Y58.925 E0.01584
G1 F4079.3 X73.83 Y58.922 E0.09877
G1 F3090.1 X74.524 Y58.812 E0.01361
G1 F2500 X74.812 Y58.812 E0.0069
G1 X74.812 Y58.323 E0.01171
G1 X74.388 Y57.969 E0.01323
G1 X74.281 Y58.37 E0.00994
G1 F3090.1 X73.8 Y58.57 E0.01009
G0 F7200 X73.9 Y58
;TYPE:WALL-OUTER
G1 F1800 X73.869 Y58.108 E0.00187
G1 X73.735 Y58.198 E0.00268
G1 X67.1 Y58.2 E0.11034
G1 X66.914 Y58.075 E0.00373
G1 X66.302 Y56.535 E0.02756
G1 X66.3 Y43.46 E0.21744
G1 X66.914 Y41.925 E0.02749
G1 X67.065 Y41.802 E0.00324
G1 X73.7 Y41.8 E0.11034
G1 X73.869 Y41.892 E0.0032
G1 X73.9 Y42 E0.00187
G1 X73.899 Y43.072 E0.01783
G1 X75.3 Y41.902 E0.03035
G1 X75.3 Y41.018 E0.0147
G1 X75.213 Y40.799 E0.00392
G1 X75.016 Y40.7 E0.00367
G1 X65.016 Y40.7 E0.1663
G1 X64.799 Y40.786 E0.00388
G1 X64.7 Y40.98 E0.00362
G1 X64.7 Y58.981 E0.29936
G1 X64.786 Y59.201 E0.00393
G1 X64.98 Y59.3 E0.00362
G1 X74.978 Y59.3 E0.16627
G1 X75.201 Y59.213 E0.00398
G1 X75.3 Y59.016 E0.00367
G1 X75.3 Y58.094 E0.01533
G1 X73.9 Y56.928 E0.0303
G1 X73.9 Y58 E0.01783
G0 F7200 X73.869 Y58.108
G0 X73.796 Y58.157
G1 F1500 E-6.5
;MESH:NONMESH
G0 F600 X73.796 Y58.157 Z4.5
G0 F7200 X74.552 Y58.32
G0 X66.8 Y58.443
G0 X66.051 Y56.586
G0 X64.93 Y42.231
G0 X63.835 Y42.231
G0 X55.223 Y39.837
G0 X44.935 Y39.836
G0 X36.165 Y41.8
G0 X35.072 Y41.8
G0 X34.138 Y41.562
G0 X26.8 Y41.557
G0 X25.41 Y42.231
G0 X25.26 Y42.231
;TIME_ELAPSED:770.052600
;LAYER:42
;TYPE:FILL
;MESH:pin.stl
G1 F1500 E6.5
G1 F3600 X25.924 Y42.895 E0.01562
G1 X25.994 Y42.965
G0 F7200 X25.771 Y42.875
G0 X25.59 Y45.975
G0 X25.739 Y45.975
G1 F3600 X25.261 Y46.454 E0.01125
G0 F7200 X25.41 Y46.454
G0 X25.41 Y47.887
G0 X25.26 Y47.887
G1 F3600 X25.74 Y48.368 E0.0113
G0 F7200 X25.59 Y48.368
G0 X25.59 Y51.632
G0 X25.739 Y51.632
G1 F3600 X25.261 Y52.111 E0.01125
G0 F7200 X25.41 Y52.111
G0 X25.41 Y53.544
G0 X25.26 Y53.544
G1 F3600 X25.74 Y54.024 E0.01129
G0 F7200 X25.59 Y54.024
G0 X25.651 Y56.663
G0 X25.923 Y57.106
G1 F3600 X25.261 Y57.768 E0.01557
G1 X25.191 Y57.838
G0 F7200 X25.41 Y57.838
G0 X26.051 Y43.414
G0 X26.8 Y41.557
G0 X29.98 Y41.294
G1 F3600 X29.896 Y41.21 E0.00198
G0 F7200 X30.421 Y41.294
G1 F3600 X30.505 Y41.21 E0.00198
G0 F7200 X26.8 Y41.557
G0 X26.051 Y43.414
G0 X26.051 Y56.586
G0 X26.8 Y58.443
G0 X34.61 Y58.57
G0 X33.8 Y58.57
;TYPE:WALL-INNER
G1 F4079.3 X27.1 Y58.575 E0.09833
G1 F3840 X26.542 Y58.223 E0.01029
G1 F3600 X25.9 Y56.615 E0.02879
G1 X25.9 Y43.5 E0.2181
G1 X25.942 Y43.277 E0.00377
G1 X26.542 Y41.777 E0.02687
G1 F3809.5 X27 Y41.43 E0.00903
G1 F4079.3 X33.7 Y41.425 E0.09833
G1 F3110.2 X34.281 Y41.63 E0.01186
G1 F2500 X34.387 Y42.029 E0.00989
G1 X34.812 Y41.674 E0.01326
G1 X34.812 Y41.188 E0.01164
G1 X34.524 Y41.188 E0.0069
G1 F3110.2 X33.7 Y41.075 E0.01601
G1 F4114.3 X27.1 Y41.075 E0.09604
G1 F3840 X26.084 Y41.1 E0.01584
G1 F3600 X25.101 Y41.101 E0.01635
G1 X25.1 Y58.9 E0.296
G1 X26.084 Y58.9 E0.01636
G1 F3840 X27.1 Y58.925 E0.01584
G1 F4079.3 X33.83 Y58.922 E0.09877
G1 F3090.1 X34.524 Y58.812 E0.01361
G1 F2500 X34.812 Y58.812 E0.0069
G1 X34.812 Y58.323 E0.01171
G1 X34.388 Y57.969 E0.01323
G1 X34.281 Y58.37 E0.00994
G1 F3090.1 X33.8 Y58.57 E0.01009
G0 F7200 X33.9 Y58
;TYPE:WALL-OUTER
G1 F1800 X33.869 Y58.108 E0.00187
G1 X33.735 Y58.198 E0.00268
G1 X27.1 Y58.2 E0.11034
G1 X26.914 Y58.075 E0.00373
G1 X26.302 Y56.535 E0.02756
G1 X26.3 Y43.46 E0.21744
G1 X26.914 Y41.925 E0.02749
G1 X27.065 Y41.802 E0.00324
G1 X33.7 Y41.8 E0.11034
G1 X33.869 Y41.892 E0.0032
G1 X33.9 Y42 E0.00187
G1 X33.899 Y43.072 E0.01783
G1 X35.3 Y41.902 E0.03035
G1 X35.3 Y41.018 E0.0147
G1 X35.213 Y40.799 E0.00392
G1 X35.016 Y40.7 E0.00367
G1 X25.016 Y40.7 E0.1663
G1 X24.799 Y40.786 E0.00388
G1 X24.7 Y40.98 E0.00362
G1 X24.7 Y58.981 E0.29936
G1 X24.786 Y59.201 E0.00393
G1 X24.98 Y59.3 E0.00362
G1 X34.978 Y59.3 E0.16627
G1 X35.201 Y59.213 E0.00398
G1 X35.3 Y59.016 E0.00367
G1 X35.3 Y58.094 E0.01533
G1 X33.9 Y56.928 E0.0303
G1 X33.9 Y58 E0.01783
G0 F7200 X33.869 Y58.108
G0 X33.796 Y58.157
G1 F1500 E-6.5
G0 F7200 X34.552 Y58.32
G0 X36.165 Y58.2
G0 X43.835 Y58.2
G0 X44.93 Y58.2
G0 X45.41 Y56.573
G0 X45.26 Y56.573
;TYPE:FILL
G1 F1500 E6.5
G1 F3600 X46.012 Y57.326 E0.0177
G1 X46.082 Y57.396
G0 F7200 X45.907 Y57.466
G0 X46.422 Y58.634
G0 X47.008 Y58.647
G1 F3600 X46.877 Y58.779 E0.00309
G0 F7200 X46.422 Y58.634
G0 X45.651 Y56.663
G0 X45.41 Y54.739
G0 X45.26 Y54.739
G1 F3600 X45.74 Y54.259 E0.01129
G0 F7200 X45.59 Y54.259
G0 X45.59 Y51.397
G0 X45.741 Y51.397
G1 F3600 X45.26 Y50.917 E0.0113
G0 F7200 X45.41 Y50.917
G0 X45.41 Y49.082
G0 X45.26 Y49.082
G1 F3600 X45.74 Y48.602 E0.01129
G0 F7200 X45.59 Y48.602
G0 X45.59 Y45.741
G0 X45.741 Y45.741
G1 F3600 X45.26 Y45.26 E0.01131
G0 F7200 X45.41 Y45.26
G0 X45.41 Y43.425
G0 X45.26 Y43.425
G1 F3600 X46.011 Y42.674 E0.01766
G1 X46.081 Y42.604
G0 F7200 X45.908 Y42.534
G0 X46.422 Y41.366
G0 X46.964 Y41.307
G1 F3600 X46.878 Y41.221 E0.00202
G0 F7200 X47.39 Y41.296
G1 F3600 X47.475 Y41.21 E0.00201
G0 F7200 X52.524 Y41.21
G1 F3600 X52.605 Y41.291 E0.0019
G0 F7200 X53.051 Y41.291
G1 F3600 X53.132 Y41.21 E0.0019
G0 F7200 X46.8 Y41.557
G0 X46.051 Y43.414
G0 X46.051 Y56.586
G0 X46.8 Y58.443
G0 X54.61 Y58.57
G0 X53.8 Y58.57
;TYPE:WALL-INNER
G1 F4079.3 X47.1 Y58.575 E0.09833
G1 F3840 X46.542 Y58.223 E0.01029
G1 F3600 X45.9 Y56.615 E0.02879
G1 X45.9 Y43.5 E0.2181
G1 X45.942 Y43.277 E0.00377
G1 X46.542 Y41.777 E0.02687
G1 F3809.5 X47 Y41.43 E0.00903
G1 F4079.3 X53.7 Y41.425 E0.09833
G1 F3110.2 X54.281 Y41.63 E0.01186
G1 F2500 X54.387 Y42.029 E0.00989
G1 X54.812 Y41.674 E0.01326
G1 X54.812 Y41.188 E0.01164
G1 X54.524 Y41.188 E0.0069
G1 F3110.2 X53.7 Y41.075 E0.01601
G1 F4114.3 X47.1 Y41.075 E0.09604
G1 F3840 X46.084 Y41.1 E0.01584
G1 F3600 X45.101 Y41.101 E0.01635
G1 X45.1 Y58.9 E0.296
G1 X46.084 Y58.9 E0.01636
G1 F3840 X47.1 Y58.925 E0.01584
G1 F4079.3 X53.83 Y58.922 E0.09877
G1 F3090.1 X54.524 Y58.812 E0.01361
G1 F2500 X54.812 Y58.812 E0.0069
G1 X54.812 Y58.323 E0.01171
G1 X54.388 Y57.969 E0.01323
G1 X54.281 Y58.37 E0.00994
G1 F3090.1 X53.8 Y58.57 E0.01009
G0 F7200 X53.9 Y58
;TYPE:WALL-OUTER
G1 F1800 X53.869 Y58.108 E0.00187
G1 X53.735 Y58.198 E0.00268
G1 X47.1 Y58.2 E0.11034
G1 X46.914 Y58.075 E0.00373
G1 X46.302 Y56.535 E0.02756
G1 X46.3 Y43.46 E0.21744
G1 X46.914 Y41.925 E0.02749
G1 X47.065 Y41.802 E0.00324
G1 X53.7 Y41.8 E0.11034
G1 X53.869 Y41.892 E0.0032
G1 X53.9 Y42 E0.00187
G1 X53.899 Y43.072 E0.01783
G1 X55.3 Y41.902 E0.03035
G1 X55.3 Y41.018 E0.0147
G1 X55.213 Y40.799 E0.00392
G1 X55.016 Y40.7 E0.00367
G1 X45.016 Y40.7 E0.1663
G1 X44.799 Y40.786 E0.00388
G1 X44.7 Y40.98 E0.00362
G1 X44.7 Y58.981 E0.29936
G1 X44.786 Y59.201 E0.00393
G1 X44.98 Y59.3 E0.00362
G1 X54.978 Y59.3 E0.16627
G1 X55.201 Y59.213 E0.00398
G1 X55.3 Y59.016 E0.00367
G1 X55.3 Y58.094 E0.01533
G1 X53.9 Y56.928 E0.0303
G1 X53.9 Y58 E0.01783
G0 F7200 X53.869 Y58.108
G0 X53.796 Y58.157
G1 F1500 E-6.5
G0 F7200 X54.552 Y58.32
G0 X56.165 Y58.2
G0 X63.835 Y58.2
G0 X64.93 Y58.2
G0 X65.41 Y57.366
G0 X65.26 Y57.366
;TYPE:FILL
G1 F1500 E6.5
G1 F3600 X65.808 Y56.818 E0.01289
G0 F7200 X65.67 Y56.873
G0 X65.59 Y54.427
G0 X65.74 Y54.427
G1 F3600 X65.26 Y53.946 E0.0113
G0 F7200 X65.41 Y53.946
G0 X65.41 Y51.709
G0 X65.26 Y51.709
G1 F3600 X65.74 Y51.23 E0.01128
G0 F7200 X65.59 Y51.23
G0 X65.59 Y48.77
G0 X65.74 Y48.77
G1 F3600 X65.26 Y48.29 E0.01129
G0 F7200 X65.41 Y48.29
G0 X65.41 Y46.052
G0 X65.261 Y46.052
G1 F3600 X65.74 Y45.573 E0.01127
G0 F7200 X65.59 Y45.573
G0 X65.671 Y43.125
G0 X65.808 Y43.181
G1 F3600 X65.26 Y42.633 E0.01289
G0 F7200 X65.41 Y42.633
G0 X66.8 Y41.557
G0 X69.494 Y41.21
G1 F3600 X69.577 Y41.293 E0.00195
G0 F7200 X70.02 Y41.293
G1 F3600 X70.103 Y41.21 E0.00195
G0 F7200 X66.8 Y41.557
G0 X66.051 Y43.414
G0 X66.051 Y56.586
G0 X66.8 Y58.443
G0 X74.61 Y58.57
G0 X73.8 Y58.57
;TYPE:WALL-INNER
G1 F4079.3 X67.1 Y58.575 E0.09833
G1 F3840 X66.542 Y58.223 E0.01029
G1 F3600 X65.9 Y56.615 E0.02879
G1 X65.9 Y43.5 E0.2181
G1 X65.942 Y43.277 E0.00377
G1 X66.542 Y41.777 E0.02687
G1 F3809.5 X67 Y41.43 E0.00903
G1 F4079.3 X73.7 Y41.425 E0.09833
G1 F3110.2 X74.281 Y41.63 E0.01186
G1 F2500 X74.387 Y42.029 E0.00989
G1 X74.812 Y41.674 E0.01326
G1 X74.812 Y41.188 E0.01164
G1 X74.524 Y41.188 E0.0069
G1 F3110.2 X73.7 Y41.075 E0.01601
G1 F4114.3 X67.1 Y41.075 E0.09604
G1 F3840 X66.084 Y41.1 E0.01584
G1 F3600 X65.101 Y41.101 E0.01635
G1 X65.1 Y58.9 E0.296
G1 X66.084 Y58.9 E0.01636
G1 F3840 X67.1 Y58.925 E0.01584
G1 F4079.3 X73.83 Y58.922 E0.09877
G1 F3090.1 X74.524 Y58.812 E0.01361
G1 F2500 X74.812 Y58.812 E0.0069
G1 X74.812 Y58.323 E0.01171
G1 X74.388 Y57.969 E0.01323
G1 X74.281 Y58.37 E0.00994
G1 F3090.1 X73.8 Y58.57 E0.01009
G0 F7200 X73.9 Y58
;TYPE:WALL-OUTER
G1 F1800 X73.869 Y58.108 E0.00187
G1 X73.735 Y58.198 E0.00268
G1 X67.1 Y58.2 E0.11034
G1 X66.914 Y58.075 E0.00373
G1 X66.302 Y56.535 E0.02756
G1 X66.3 Y43.46 E0.21744
G1 X66.914 Y41.925 E0.02749
G1 X67.065 Y41.802 E0.00324
G1 X73.7 Y41.8 E0.11034
G1 X73.869 Y41.892 E0.0032
G1 X73.9 Y42 E0.00187
G1 X73.899 Y43.072 E0.01783
G1 X75.3 Y41.902 E0.03035
G1 X75.3 Y41.018 E0.0147
G1 X75.213 Y40.799 E0.00392
G1 X75.016 Y40.7 E0.00367
G1 X65.016 Y40.7 E0.1663
G1 X64.799 Y40.786 E0.00388
G1 X64.7 Y40.98 E0.00362
G1 X64.7 Y58.981 E0.29936
G1 X64.786 Y59.201 E0.00393
G1 X64.98 Y59.3 E0.00362
G1 X74.978 Y59.3 E0.16627
G1 X75.201 Y59.213 E0.00398
G1 X75.3 Y59.016 E0.00367
G1 X75.3 Y58.094 E0.01533
G1 X73.9 Y56.928 E0.0303
G1 X73.9 Y58 E0.01783
G0 F7200 X73.869 Y58.108
G0 X73.796 Y58.157
G1 F1500 E-6.5
;MESH:NONMESH
G0 F600 X73.796 Y58.157 Z4.6
G0 F7200 X74.552 Y58.32
G0 X66.8 Y58.443
G0 X66.051 Y56.586
G0 X64.93 Y42.231
G0 X63.835 Y42.231
G0 X55.223 Y39.837
G0 X44.935 Y39.836
G0 X36.165 Y41.8
G0 X35.072 Y41.8
G0 X34.138 Y41.562
G0 X26.8 Y41.557
G0 X25.41 Y42.231
G0 X25.26 Y42.231
;TIME_ELAPSED:787.281401
;LAYER:43
;TYPE:FILL
;MESH:pin.stl
G1 F1500 E6.5
G1 F3600 X25.924 Y42.895 E0.01562
G1 X25.994 Y42.965
G0 F7200 X25.771 Y42.875
G0 X25.59 Y45.975
G0 X25.739 Y45.975
G1 F3600 X25.261 Y46.454 E0.01125
G0 F7200 X25.41 Y46.454
G0 X25.41 Y47.887
G0 X25.26 Y47.887
G1 F3600 X25.74 Y48.368 E0.0113
G0 F7200 X25.59 Y48.368
G0 X25.59 Y51.632
G0 X25.739 Y51.632
G1 F3600 X25.261 Y52.111 E0.01125
G0 F7200 X25.41 Y52.111
G0 X25.41 Y53.544
G0 X25.26 Y53.544
G1 F3600 X25.74 Y54.024 E0.01129
G0 F7200 X25.59 Y54.024
G0 X25.651 Y56.663
G0 X25.923 Y57.106
G1 F3600 X25.261 Y57.768 E0.01557
G1 X25.191 Y57.838
G0 F7200 X25.41 Y57.838
G0 X26.051 Y43.414
G0 X26.8 Y41.557
G0 X29.98 Y41.294
G1 F3600 X29.896 Y41.21 E0.00198
G0 F7200 X30.421 Y41.294
G1 F3600 X30.505 Y41.21 E0.00198
G0 F7200 X26.8 Y41.557
G0 X26.051 Y43.414
G0 X26.051 Y56.586
G0 X26.8 Y58.443
G0 X34.61 Y58.57
G0 X33.8 Y58.57
;TYPE:WALL-INNER
G1 F4079.3 X27.1 Y58.575 E0.09833
G1 F3840 X26.542 Y58.223 E0.01029
G1 F3600 X25.9 Y56.615 E0.02879
G1 X25.9 Y43.5 E0.2181
G1 X25.942 Y43.277 E0.00377
G1 X26.542 Y41.777 E0.02687
G1 F3809.5 X27 Y41.43 E0.00903
G1 F4079.3 X33.7 Y41.425 E0.09833
G1 F3110.2 X34.281 Y41.63 E0.01186
G1 F2500 X34.387 Y42.029 E0.00989
G1 X34.812 Y41.674 E0.01326
G1 X34.812 Y41.188 E0.01164
G1 X34.524 Y41.188 E0.0069
G1 F3110.2 X33.7 Y41.075 E0.01601
G1 F4114.3 X27.1 Y41.075 E0.09604
G1 F3840 X26.084 Y41.1 E0.01584
G1 F3600 X25.101 Y41.101 E0.01635
G1 X25.1 Y58.9 E0.296
G1 X26.084 Y58.9 E0.01636
G1 F3840 X27.1 Y58.925 E0.01584
G1 F4079.3 X33.83 Y58.922 E0.09877
G1 F3090.1 X34.524 Y58.812 E0.01361
G1 F2500 X34.812 Y58.812 E0.0069
G1 X34.812 Y58.323 E0.01171
G1 X34.388 Y57.969 E0.01323
G1 X34.281 Y58.37 E0.00994
G1 F3090.1 X33.8 Y58.57 E0.01009
G0 F7200 X33.9 Y58
;TYPE:WALL-OUTER
G1 F1800 X33.869 Y58.108 E0.00187
G1 X33.735 Y58.198 E0.00268
G1 X27.1 Y58.2 E0.11034
G1 X26.914 Y58.075 E0.00373
G1 X26.302 Y56.535 E0.02756
G1 X26.3 Y43.46 E0.21744
G1 X26.914 Y41.925 E0.02749
G1 X27.065 Y41.802 E0.00324
G1 X33.7 Y41.8 E0.11034
G1 X33.869 Y41.892 E0.0032
G1 X33.9 Y42 E0.00187
G1 X33.899 Y43.072 E0.01783
G1 X35.3 Y41.902 E0.03035
G1 X35.3 Y41.018 E0.0147
G1 X35.213 Y40.799 E0.00392
G1 X35.016 Y40.7 E0.00367
G1 X25.016 Y40.7 E0.1663
G1 X24.799 Y40.786 E0.00388
G1 X24.7 Y40.98 E0.00362
G1 X24.7 Y58.981 E0.29936
G1 X24.786 Y59.201 E0.00393
G1 X24.98 Y59.3 E0.00362
G1 X34.978 Y59.3 E0.16627
G1 X35.201 Y59.213 E0.00398
G1 X35.3 Y59.016 E0.00367
G1 X35.3 Y58.094 E0.01533
G1 X33.9 Y56.928 E0.0303
G1 X33.9 Y58 E0.01783
G0 F7200 X33.869 Y58.108
G0 X33.796 Y58.157
G1 F1500 E-6.5
G0 F7200 X34.552 Y58.32
G0 X36.165 Y58.2
G0 X43.835 Y58.2
G0 X44.93 Y58.2
G0 X45.41 Y56.573
G0 X45.26 Y56.573
;TYPE:FILL
G1 F1500 E6.5
G1 F3600 X46.012 Y57.326 E0.0177
G1 X46.082 Y57.396
G0 F7200 X45.907 Y57.466
G0 X46.422 Y58.634
G0 X47.008 Y58.647
G1 F3600 X46.877 Y58.779 E0.00309
G0 F7200 X46.422 Y58.634
G0 X45.651 Y56.663
G0 X45.41 Y54.739
G0 X45.26 Y54.739
G1 F3600 X45.74 Y54.259 E0.01129
G0 F7200 X45.59 Y54.259
G0 X45.59 Y51.397
G0 X45.741 Y51.397
G1 F3600 X45.26 Y50.917 E0.0113
G0 F7200 X45.41 Y50.917
G0 X45.41 Y49.082
G0 X45.26 Y49.082
G1 F3600 X45.74 Y48.602 E0.01129
G0 F7200 X45.59 Y48.602
G0 X45.59 Y45.741
G0 X45.741 Y45.741
G1 F3600 X45.26 Y45.26 E0.01131
G0 F7200 X45.41 Y45.26
G0 X45.41 Y43.425
G0 X45.26 Y43.425
G1 F3600 X46.011 Y42.674 E0.01766
G1 X46.081 Y42.604
G0 F7200 X45.908 Y42.534
G0 X46.422 Y41.366
G0 X46.964 Y41.307
G1 F3600 X46.878 Y41.221 E0.00202
G0 F7200 X47.39 Y41.296
G1 F3600 X47.475 Y41.21 E0.00201
G0 F7200 X52.524 Y41.21
G1 F3600 X52.605 Y41.291 E0.0019
G0 F7200 X53.051 Y41.291
G1 F3600 X53.132 Y41.21 E0.0019
G0 F7200 X46.8 Y41.557
G0 X46.051 Y43.414
G0 X46.051 Y56.586
G0 X46.8 Y58.443
G0 X54.61 Y58.57
G0 X53.8 Y58.57
;TYPE:WALL-INNER
G1 F4079.3 X47.1 Y58.575 E0.09833
G1 F3840 X46.542 Y58.223 E0.01029
G1 F3600 X45.9 Y56.615 E0.02879
G1 X45.9 Y43.5 E0.2181
G1 X45.942 Y43.277 E0.00377
G1 X46.542 Y41.777 E0.02687
G1 F3809.5 X47 Y41.43 E0.00903
G1 F4079.3 X53.7 Y41.425 E0.09833
G1 F3110.2 X54.281 Y41.63 E0.01186
G1 F2500 X54.387 Y42.029 E0.00989
G1 X54.812 Y41.674 E0.01326
G1 X54.812 Y41.188 E0.01164
G1 X54.524 Y41.188 E0.0069
G1 F3110.2 X53.7 Y41.075 E0.01601
G1 F4114.3 X47.1 Y41.075 E0.09604
G1 F3840 X46.084 Y41.1 E0.01584
G1 F3600 X45.101 Y41.101 E0.01635
G1 X45.1 Y58.9 E0.296
G1 X46.084 Y58.9 E0.01636
G1 F3840 X47.1 Y58.925 E0.01584
G1 F4079.3 X53.83 Y58.922 E0.09877
G1 F3090.1 X54.524 Y58.812 E0.01361
G1 F2500 X54.812 Y58.812 E0.0069
G1 X54.812 Y58.323 E0.01171
G1 X54.388 Y57.969 E0.01323
G1 X54.281 Y58.37 E0.00994
G1 F3090.1 X53.8 Y58.57 E0.01009
G0 F7200 X53.9 Y58
;TYPE:WALL-OUTER
G1 F1800 X53.869 Y58.108 E0.00187
G1 X53.735 Y58.198 E0.00268
G1 X47.1 Y58.2 E0.11034
G1 X46.914 Y58.075 E0.00373
G1 X46.302 Y56.535 E0.02756
G1 X46.3 Y43.46 E0.21744
G1 X46.914 Y41.925 E0.02749
G1 X47.065 Y41.802 E0.00324
G1 X53.7 Y41.8 E0.11034
G1 X53.869 Y41.892 E0.0032
G1 X53.9 Y42 E0.00187
G1 X53.899 Y43.072 E0.01783
G1 X55.3 Y41.902 E0.03035
G1 X55.3 Y41.018 E0.0147
G1 X55.213 Y40.799 E0.00392
G1 X55.016 Y40.7 E0.00367
G1 X45.016 Y40.7 E0.1663
G1 X44.799 Y40.786 E0.00388
G1 X44.7 Y40.98 E0.00362
G1 X44.7 Y58.981 E0.29936
G1 X44.786 Y59.201 E0.00393
G1 X44.98 Y59.3 E0.00362
G1 X54.978 Y59.3 E0.16627
G1 X55.201 Y59.213 E0.00398
G1 X55.3 Y59.016 E0.00367
G1 X55.3 Y58.094 E0.01533
G1 X53.9 Y56.928 E0.0303
G1 X53.9 Y58 E0.01783
G0 F7200 X53.869 Y58.108
G0 X53.796 Y58.157
G1 F1500 E-6.5
G0 F7200 X54.552 Y58.32
G0 X56.165 Y58.2
G0 X63.835 Y58.2
G0 X64.93 Y58.2
G0 X65.41 Y57.366
G0 X65.26 Y57.366
;TYPE:FILL
G1 F1500 E6.5
G1 F3600 X65.808 Y56.818 E0.01289
G0 F7200 X65.67 Y56.873
G0 X65.59 Y54.427
G0 X65.74 Y54.427
G1 F3600 X65.26 Y53.946 E0.0113
G0 F7200 X65.41 Y53.946
G0 X65.41 Y51.709
G0 X65.26 Y51.709
G1 F3600 X65.74 Y51.23 E0.01128
G0 F7200 X65.59 Y51.23
G0 X65.59 Y48.77
G0 X65.74 Y48.77
G1 F3600 X65.26 Y48.29 E0.01129
G0 F7200 X65.41 Y48.29
G0 X65.41 Y46.052
G0 X65.261 Y46.052
G1 F3600 X65.74 Y45.573 E0.01127
G0 F7200 X65.59 Y45.573
G0 X65.671 Y43.125
G0 X65.808 Y43.181
G1 F3600 X65.26 Y42.633 E0.01289
G0 F7200 X65.41 Y42.633
G0 X66.8 Y41.557
G0 X69.494 Y41.21
G1 F3600 X69.577 Y41.293 E0.00195
G0 F7200 X70.02 Y41.293
G1 F3600 X70.103 Y41.21 E0.00195
G0 F7200 X66.8 Y41.557
G0 X66.051 Y43.414
G0 X66.051 Y56.586
G0 X66.8 Y58.443
G0 X74.61 Y58.57
G0 X73.8 Y58.57
;TYPE:WALL-INNER
G1 F4079.3 X67.1 Y58.575 E0.09833
G1 F3840 X66.542 Y58.223 E0.01029
G1 F3600 X65.9 Y56.615 E0.02879
G1 X65.9 Y43.5 E0.2181
G1 X65.942 Y43.277 E0.00377
G1 X66.542 Y41.777 E0.02687
G1 F3809.5 X67 Y41.43 E0.00903
G1 F4079.3 X73.7 Y41.425 E0.09833
G1 F3110.2 X74.281 Y41.63 E0.01186
G1 F2500 X74.387 Y42.029 E0.00989
G1 X74.812 Y41.674 E0.01326
G1 X74.812 Y41.188 E0.01164
G1 X74.524 Y41.188 E0.0069
G1 F3110.2 X73.7 Y41.075 E0.01601
G1 F4114.3 X67.1 Y41.075 E0.09604
G1 F3840 X66.084 Y41.1 E0.01584
G1 F3600 X65.101 Y41.101 E0.01635
G1 X65.1 Y58.9 E0.296
G1 X66.084 Y58.9 E0.01636
G1 F3840 X67.1 Y58.925 E0.01584
G1 F4079.3 X73.83 Y58.922 E0.09877
G1 F3090.1 X74.524 Y58.812 E0.01361
G1 F2500 X74.812 Y58.812 E0.0069
G1 X74.812 Y58.323 E0.01171
G1 X74.388 Y57.969 E0.01323
G1 X74.281 Y58.37 E0.00994
G1 F3090.1 X73.8 Y58.57 E0.01009
G0 F7200 X73.9 Y58
;TYPE:WALL-OUTER
G1 F1800 X73.869 Y58.108 E0.00187
G1 X73.735 Y58.198 E0.00268
G1 X67.1 Y58.2 E0.11034
G1 X66.914 Y58.075 E0.00373
G1 X66.302 Y56.535 E0.02756
G1 X66.3 Y43.46 E0.21744
G1 X66.914 Y41.925 E0.02749
G1 X67.065 Y41.802 E0.00324
G1 X73.7 Y41.8 E0.11034
G1 X73.869 Y41.892 E0.0032
G1 X73.9 Y42 E0.00187
G1 X73.899 Y43.072 E0.01783
G1 X75.3 Y41.902 E0.03035
G1 X75.3 Y41.018 E0.0147
G1 X75.213 Y40.799 E0.00392
G1 X75.016 Y40.7 E0.00367
G1 X65.016 Y40.7 E0.1663
G1 X64.799 Y40.786 E0.00388
G1 X64.7 Y40.98 E0.00362
G1 X64.7 Y58.981 E0.29936
G1 X64.786 Y59.201 E0.00393
G1 X64.98 Y59.3 E0.00362
G1 X74.978 Y59.3 E0.16627
G1 X75.201 Y59.213 E0.00398
G1 X75.3 Y59.016 E0.00367
G1 X75.3 Y58.094 E0.01533
G1 X73.9 Y56.928 E0.0303
G1 X73.9 Y58 E0.01783
G0 F7200 X73.869 Y58.108
G0 X73.796 Y58.157
G1 F1500 E-6.5
;MESH:NONMESH
G0 F600 X73.796 Y58.157 Z4.7
G0 F7200 X74.552 Y58.32
G0 X66.8 Y58.443
G0 X66.051 Y56.586
G0 X64.93 Y42.231
G0 X63.835 Y42.231
G0 X55.223 Y39.837
G0 X44.935 Y39.836
G0 X36.165 Y41.8
G0 X35.072 Y41.8
G0 X34.138 Y41.562
G0 X26.8 Y41.557
G0 X25.41 Y42.231
G0 X25.26 Y42.231
;TIME_ELAPSED:804.510202
;LAYER:44
;TYPE:FILL
;MESH:pin.stl
G1 F1500 E6.5
G1 F3600 X25.924 Y42.895 E0.01562
G1 X25.994 Y42.965
G0 F7200 X25.771 Y42.875
G0 X25.59 Y45.975
G0 X25.739 Y45.975
G1 F3600 X25.261 Y46.454 E0.01125
G0 F7200 X25.41 Y46.454
G0 X25.41 Y47.887
G0 X25.26 Y47.887
G1 F3600 X25.74 Y48.368 E0.0113
G0 F7200 X25.59 Y48.368
G0 X25.59 Y51.632
G0 X25.739 Y51.632
G1 F3600 X25.261 Y52.111 E0.01125
G0 F7200 X25.41 Y52.111
G0 X25.41 Y53.544
G0 X25.26 Y53.544
G1 F3600 X25.74 Y54.024 E0.01129
G0 F7200 X25.59 Y54.024
G0 X25.651 Y56.663
G0 X25.923 Y57.106
G1 F3600 X25.261 Y57.768 E0.01557
G1 X25.191 Y57.838
G0 F7200 X25.41 Y57.838
G0 X26.051 Y43.414
G0 X26.8 Y41.557
G0 X29.98 Y41.294
G1 F3600 X29.896 Y41.21 E0.00198
G0 F7200 X30.421 Y41.294
G1 F3600 X30.505 Y41.21 E0.00198
G0 F7200 X26.8 Y41.557
G0 X26.051 Y43.414
G0 X26.051 Y56.586
G0 X26.8 Y58.443
G0 X34.61 Y58.57
G0 X33.8 Y58.57
;TYPE:WALL-INNER
G1 F4079.3 X27.1 Y58.575 E0.09833
G1 F3840 X26.542 Y58.223 E0.01029
G1 F3600 X25.9 Y56.615 E0.02879
G1 X25.9 Y43.5 E0.2181
G1 X25.942 Y43.277 E0.00377
G1 X26.542 Y41.777 E0.02687
G1 F3809.5 X27 Y41.43 E0.00903
G1 F4079.3 X33.7 Y41.425 E0.09833
G1 F3110.2 X34.281 Y41.63 E0.01186
G1 F2500 X34.387 Y42.029 E0.00989
G1 X34.812 Y41.674 E0.01326
G1 X34.812 Y41.188 E0.01164
G1 X34.524 Y41.188 E0.0069
G1 F3110.2 X33.7 Y41.075 E0.01601
G1 F4114.3 X27.1 Y41.075 E0.09604
G1 F3840 X26.084 Y41.1 E0.01584
G1 F3600 X25.101 Y41.101 E0.01635
G1 X25.1 Y58.9 E0.296
G1 X26.084 Y58.9 E0.01636
G1 F3840 X27.1 Y58.925 E0.01584
G1 F4079.3 X33.83 Y58.922 E0.09877
G1 F3090.1 X34.524 Y58.812 E0.01361
G1 F2500 X34.812 Y58.812 E0.0069
G1 X34.812 Y58.323 E0.01171
G1 X34.388 Y57.969 E0.01323
G1 X34.281 Y58.37 E0.00994
G1 F3090.1 X33.8 Y58.57 E0.01009
G0 F7200 X33.9 Y58
;TYPE:WALL-OUTER
G1 F1800 X33.869 Y58.108 E0.00187
G1 X33.735 Y58.198 E0.00268
G1 X27.1 Y58.2 E0.11034
G1 X26.914 Y58.075 E0.00373
G1 X26.302 Y56.535 E0.02756
G1 X26.3 Y43.46 E0.21744
G1 X26.914 Y41.925 E0.02749
G1 X27.065 Y41.802 E0.00324
G1 X33.7 Y41.8 E0.11034
G1 X33.869 Y41.892 E0.0032
G1 X33.9 Y42 E0.00187
G1 X33.899 Y43.072 E0.01783
G1 X35.3 Y41.902 E0.03035
G1 X35.3 Y41.018 E0.0147
G1 X35.213 Y40.799 E0.00392
G1 X35.016 Y40.7 E0.00367
G1 X25.016 Y40.7 E0.1663
G1 X24.799 Y40.786 E0.00388
G1 X24.7 Y40.98 E0.00362
G1 X24.7 Y58.981 E0.29936
G1 X24.786 Y59.201 E0.00393
G1 X24.98 Y59.3 E0.00362
G1 X34.978 Y59.3 E0.16627
G1 X35.201 Y59.213 E0.00398
G1 X35.3 Y59.016 E0.00367
G1 X35.3 Y58.094 E0.01533
G1 X33.9 Y56.928 E0.0303
G1 X33.9 Y58 E0.01783
G0 F7200 X33.869 Y58.108
G0 X33.796 Y58.157
G1 F1500 E-6.5
G0 F7200 X34.552 Y58.32
G0 X36.165 Y58.2
G0 X43.835 Y58.2
G0 X44.93 Y58.2
G0 X45.41 Y56.573
G0 X45.26 Y56.573
;TYPE:FILL
G1 F1500 E6.5
G1 F3600 X46.012 Y57.326 E0.0177
G1 X46.082 Y57.396
G0 F7200 X45.907 Y57.466
G0 X46.422 Y58.634
G0 X47.008 Y58.647
G1 F3600 X46.877 Y58.779 E0.00309
G0 F7200 X46.422 Y58.634
G0 X45.651 Y56.663
G0 X45.41 Y54.739
G0 X45.26 Y54.739
G1 F3600 X45.74 Y54.259 E0.01129
G0 F7200 X45.59 Y54.259
G0 X45.59 Y51.397
G0 X45.741 Y51.397
G1 F3600 X45.26 Y50.917 E0.0113
G0 F7200 X45.41 Y50.917
G0 X45.41 Y49.082
G0 X45.26 Y49.082
G1 F3600 X45.74 Y48.602 E0.01129
G0 F7200 X45.59 Y48.602
G0 X45.59 Y45.741
G0 X45.741 Y45.741
G1 F3600 X45.26 Y45.26 E0.01131
G0 F7200 X45.41 Y45.26
G0 X45.41 Y43.425
G0 X45.26 Y43.425
G1 F3600 X46.011 Y42.674 E0.01766
G1 X46.081 Y42.604
G0 F7200 X45.908 Y42.534
G0 X46.422 Y41.366
G0 X46.964 Y41.307
G1 F3600 X46.878 Y41.221 E0.00202
G0 F7200 X47.39 Y41.296
G1 F3600 X47.475 Y41.21 E0.00201
G0 F7200 X52.524 Y41.21
G1 F3600 X52.605 Y41.291 E0.0019
G0 F7200 X53.051 Y41.291
G1 F3600 X53.132 Y41.21 E0.0019
G0 F7200 X46.8 Y41.557
G0 X46.051 Y43.414
G0 X46.051 Y56.586
G0 X46.8 Y58.443
G0 X54.61 Y58.57
G0 X53.8 Y58.57
;TYPE:WALL-INNER
G1 F4079.3 X47.1 Y58.575 E0.09833
G1 F3840 X46.542 Y58.223 E0.01029
G1 F3600 X45.9 Y56.615 E0.02879
G1 X45.9 Y43.5 E0.2181
G1 X45.942 Y43.277 E0.00377
G1 X46.542 Y41.777 E0.02687
G1 F3809.5 X47 Y41.43 E0.00903
G1 F4079.3 X53.7 Y41.425 E0.09833
G1 F3110.2 X54.281 Y41.63 E0.01186
G1 F2500 X54.387 Y42.029 E0.00989
G1 X54.812 Y41.674 E0.01326
G1 X54.812 Y41.188 E0.01164
G1 X54.524 Y41.188 E0.0069
G1 F3110.2 X53.7 Y41.075 E0.01601
G1 F4114.3 X47.1 Y41.075 E0.09604
G1 F3840 X46.084 Y41.1 E0.01584
G1 F3600 X45.101 Y41.101 E0.01635
G1 X45.1 Y58.9 E0.296
G1 X46.084 Y58.9 E0.01636
G1 F3840 X47.1 Y58.925 E0.01584
G1 F4079.3 X53.83 Y58.922 E0.09877
G1 F3090.1 X54.524 Y58.812 E0.01361
G1 F2500 X54.812 Y58.812 E0.0069
G1 X54.812 Y58.323 E0.01171
G1 X54.388 Y57.969 E0.01323
G1 X54.281 Y58.37 E0.00994
G1 F3090.1 X53.8 Y58.57 E0.01009
G0 F7200 X53.9 Y58
;TYPE:WALL-OUTER
G1 F1800 X53.869 Y58.108 E0.00187
G1 X53.735 Y58.198 E0.00268
G1 X47.1 Y58.2 E0.11034
G1 X46.914 Y58.075 E0.00373
G1 X46.302 Y56.535 E0.02756
G1 X46.3 Y43.46 E0.21744
G1 X46.914 Y41.925 E0.02749
G1 X47.065 Y41.802 E0.00324
G1 X53.7 Y41.8 E0.11034
G1 X53.869 Y41.892 E0.0032
G1 X53.9 Y42 E0.00187
G1 X53.899 Y43.072 E0.01783
G1 X55.3 Y41.902 E0.03035
G1 X55.3 Y41.018 E0.0147
G1 X55.213 Y40.799 E0.00392
G1 X55.016 Y40.7 E0.00367
G1 X45.016 Y40.7 E0.1663
G1 X44.799 Y40.786 E0.00388
G1 X44.7 Y40.98 E0.00362
G1 X44.7 Y58.981 E0.29936
G1 X44.786 Y59.201 E0.00393
G1 X44.98 Y59.3 E0.00362
G1 X54.978 Y59.3 E0.16627
G1 X55.201 Y59.213 E0.00398
G1 X55.3 Y59.016 E0.00367
G1 X55.3 Y58.094 E0.01533
G1 X53.9 Y56.928 E0.0303
G1 X53.9 Y58 E0.01783
G0 F7200 X53.869 Y58.108
G0 X53.796 Y58.157
G1 F1500 E-6.5
G0 F7200 X54.552 Y58.32
G0 X56.165 Y58.2
G0 X63.835 Y58.2
G0 X64.93 Y58.2
G0 X65.41 Y57.366
G0 X65.26 Y57.366
;TYPE:FILL
G1 F1500 E6.5
G1 F3600 X65.808 Y56.818 E0.01289
G0 F7200 X65.67 Y56.873
G0 X65.59 Y54.427
G0 X65.74 Y54.427
G1 F3600 X65.26 Y53.946 E0.0113
G0 F7200 X65.41 Y53.946
G0 X65.41 Y51.709
G0 X65.26 Y51.709
G1 F3600 X65.74 Y51.23 E0.01128
G0 F7200 X65.59 Y51.23
G0 X65.59 Y48.77
G0 X65.74 Y48.77
G1 F3600 X65.26 Y48.29 E0.01129
G0 F7200 X65.41 Y48.29
G0 X65.41 Y46.052
G0 X65.261 Y46.052
G1 F3600 X65.74 Y45.573 E0.01127
G0 F7200 X65.59 Y45.573
G0 X65.671 Y43.125
G0 X65.808 Y43.181
G1 F3600 X65.26 Y42.633 E0.01289
G0 F7200 X65.41 Y42.633
G0 X66.8 Y41.557
G0 X69.494 Y41.21
G1 F3600 X69.577 Y41.293 E0.00195
G0 F7200 X70.02 Y41.293
G1 F3600 X70.103 Y41.21 E0.00195
G0 F7200 X66.8 Y41.557
G0 X66.051 Y43.414
G0 X66.051 Y56.586
G0 X66.8 Y58.443
G0 X74.61 Y58.57
G0 X73.8 Y58.57
;TYPE:WALL-INNER
G1 F4079.3 X67.1 Y58.575 E0.09833
G1 F3840 X66.542 Y58.223 E0.01029
G1 F3600 X65.9 Y56.615 E0.02879
G1 X65.9 Y43.5 E0.2181
G1 X65.942 Y43.277 E0.00377
G1 X66.542 Y41.777 E0.02687
G1 F3809.5 X67 Y41.43 E0.00903
G1 F4079.3 X73.7 Y41.425 E0.09833
G1 F3110.2 X74.281 Y41.63 E0.01186
G1 F2500 X74.387 Y42.029 E0.00989
G1 X74.812 Y41.674 E0.01326
G1 X74.812 Y41.188 E0.01164
G1 X74.524 Y41.188 E0.0069
G1 F3110.2 X73.7 Y41.075 E0.01601
G1 F4114.3 X67.1 Y41.075 E0.09604
G1 F3840 X66.084 Y41.1 E0.01584
G1 F3600 X65.101 Y41.101 E0.01635
G1 X65.1 Y58.9 E0.296
G1 X66.084 Y58.9 E0.01636
G1 F3840 X67.1 Y58.925 E0.01584
G1 F4079.3 X73.83 Y58.922 E0.09877
G1 F3090.1 X74.524 Y58.812 E0.01361
G1 F2500 X74.812 Y58.812 E0.0069
G1 X74.812 Y58.323 E0.01171
G1 X74.388 Y57.969 E0.01323
G1 X74.281 Y58.37 E0.00994
G1 F3090.1 X73.8 Y58.57 E0.01009
G0 F7200 X73.9 Y58
;TYPE:WALL-OUTER
G1 F1800 X73.869 Y58.108 E0.00187
G1 X73.735 Y58.198 E0.00268
G1 X67.1 Y58.2 E0.11034
G1 X66.914 Y58.075 E0.00373
G1 X66.302 Y56.535 E0.02756
G1 X66.3 Y43.46 E0.21744
G1 X66.914 Y41.925 E0.02749
G1 X67.065 Y41.802 E0.00324
G1 X73.7 Y41.8 E0.11034
G1 X73.869 Y41.892 E0.0032
G1 X73.9 Y42 E0.00187
G1 X73.899 Y43.072 E0.01783
G1 X75.3 Y41.902 E0.03035
G1 X75.3 Y41.018 E0.0147
G1 X75.213 Y40.799 E0.00392
G1 X75.016 Y40.7 E0.00367
G1 X65.016 Y40.7 E0.1663
G1 X64.799 Y40.786 E0.00388
G1 X64.7 Y40.98 E0.00362
G1 X64.7 Y58.981 E0.29936
G1 X64.786 Y59.201 E0.00393
G1 X64.98 Y59.3 E0.00362
G1 X74.978 Y59.3 E0.16627
G1 X75.201 Y59.213 E0.00398
G1 X75.3 Y59.016 E0.00367
G1 X75.3 Y58.094 E0.01533
G1 X73.9 Y56.928 E0.0303
G1 X73.9 Y58 E0.01783
G0 F7200 X73.869 Y58.108
G0 X73.796 Y58.157
G1 F1500 E-6.5
;MESH:NONMESH
G0 F600 X73.796 Y58.157 Z4.8
G0 F7200 X74.552 Y58.32
G0 X66.8 Y58.443
G0 X66.051 Y56.586
G0 X64.93 Y42.231
G0 X63.835 Y42.231
G0 X55.223 Y39.837
G0 X44.935 Y39.836
G0 X36.165 Y41.8
G0 X35.072 Y41.8
G0 X34.138 Y41.562
G0 X26.8 Y41.557
G0 X25.41 Y42.231
G0 X25.26 Y42.231
;TIME_ELAPSED:821.739004
;LAYER:45
;TYPE:FILL
;MESH:pin.stl
G1 F1500 E6.5
G1 F3600 X25.924 Y42.895 E0.01562
G1 X25.994 Y42.965
G0 F7200 X25.771 Y42.875
G0 X25.59 Y45.975
G0 X25.739 Y45.975
G1 F3600 X25.261 Y46.454 E0.01125
G0 F7200 X25.41 Y46.454
G0 X25.41 Y47.887
G0 X25.26 Y47.887
G1 F3600 X25.74 Y48.368 E0.0113
G0 F7200 X25.59 Y48.368
G0 X25.59 Y51.632
G0 X25.739 Y51.632
G1 F3600 X25.261 Y52.111 E0.01125
G0 F7200 X25.41 Y52.111
G0 X25.41 Y53.544
G0 X25.26 Y53.544
G1 F3600 X25.74 Y54.024 E0.01129
G0 F7200 X25.59 Y54.024
G0 X25.651 Y56.663
G0 X25.923 Y57.106
G1 F3600 X25.261 Y57.768 E0.01557
G1 X25.191 Y57.838
G0 F7200 X25.41 Y57.838
G0 X26.051 Y43.414
G0 X26.8 Y41.557
G0 X29.98 Y41.294
G1 F3600 X29.896 Y41.21 E0.00198
G0 F7200 X30.421 Y41.294
G1 F3600 X30.505 Y41.21 E0.00198
G0 F7200 X26.8 Y41.557
G0 X26.051 Y43.414
G0 X26.051 Y56.586
G0 X26.8 Y58.443
G0 X34.61 Y58.57
G0 X33.8 Y58.57
;TYPE:WALL-INNER
G1 F4079.3 X27.1 Y58.575 E0.09833
G1 F3840 X26.542 Y58.223 E0.01029
G1 F3600 X25.9 Y56.615 E0.02879
G1 X25.9 Y43.5 E0.2181
G1 X25.942 Y43.277 E0.00377
G1 X26.542 Y41.777 E0.02687
G1 F3809.5 X27 Y41.43 E0.00903
G1 F4079.3 X33.7 Y41.425 E0.09833
G1 F3110.2 X34.281 Y41.63 E0.01186
G1 F2500 X34.387 Y42.029 E0.00989
G1 X34.812 Y41.674 E0.01326
G1 X34.812 Y41.188 E0.01164
G1 X34.524 Y41.188 E0.0069
G1 F3110.2 X33.7 Y41.075 E0.01601
G1 F4114.3 X27.1 Y41.075 E0.09604
G1 F3840 X26.084 Y41.1 E0.01584
G1 F3600 X25.101 Y41.101 E0.01635
G1 X25.1 Y58.9 E0.296
G1 X26.084 Y58.9 E0.01636
G1 F3840 X27.1 Y58.925 E0.01584
G1 F4079.3 X33.83 Y58.922 E0.09877
G1 F3090.1 X34.524 Y58.812 E0.01361
G1 F2500 X34.812 Y58.812 E0.0069
G1 X34.812 Y58.323 E0.01171
G1 X34.388 Y57.969 E0.01323
G1 X34.281 Y58.37 E0.00994
G1 F3090.1 X33.8 Y58.57 E0.01009
G0 F7200 X33.9 Y58
;TYPE:WALL-OUTER
G1 F1800 X33.869 Y58.108 E0.00187
G1 X33.735 Y58.198 E0.00268
G1 X27.1 Y58.2 E0.11034
G1 X26.914 Y58.075 E0.00373
G1 X26.302 Y56.535 E0.02756
G1 X26.3 Y43.46 E0.21744
G1 X26.914 Y41.925 E0.02749
G1 X27.065 Y41.802 E0.00324
G1 X33.7 Y41.8 E0.11034
G1 X33.869 Y41.892 E0.0032
G1 X33.9 Y42 E0.00187
G1 X33.899 Y43.072 E0.01783
G1 X35.3 Y41.902 E0.03035
G1 X35.3 Y41.018 E0.0147
G1 X35.213 Y40.799 E0.00392
G1 X35.016 Y40.7 E0.00367
G1 X25.016 Y40.7 E0.1663
G1 X24.799 Y40.786 E0.00388
G1 X24.7 Y40.98 E0.00362
G1 X24.7 Y58.981 E0.29936
G1 X24.786 Y59.201 E0.00393
G1 X24.98 Y59.3 E0.00362
G1 X34.978 Y59.3 E0.16627
G1 X35.201 Y59.213 E0.00398
G1 X35.3 Y59.016 E0.00367
G1 X35.3 Y58.094 E0.01533
G1 X33.9 Y56.928 E0.0303
G1 X33.9 Y58 E0.01783
G0 F7200 X33.869 Y58.108
G0 X33.796 Y58.157
G1 F1500 E-6.5
G0 F7200 X34.552 Y58.32
G0 X36.165 Y58.2
G0 X43.835 Y58.2
G0 X44.93 Y58.2
G0 X45.41 Y56.573
G0 X45.26 Y56.573
;TYPE:FILL
G1 F1500 E6.5
G1 F3600 X46.012 Y57.326 E0.0177
G1 X46.082 Y57.396
G0 F7200 X45.907 Y57.466
G0 X46.422 Y58.634
G0 X47.008 Y58.647
G1 F3600 X46.877 Y58.779 E0.00309
G0 F7200 X46.422 Y58.634
G0 X45.651 Y56.663
G0 X45.41 Y54.739
G0 X45.26 Y54.739
G1 F3600 X45.74 Y54.259 E0.01129
G0 F7200 X45.59 Y54.259
G0 X45.59 Y51.397
G0 X45.741 Y51.397
G1 F3600 X45.26 Y50.917 E0.0113
G0 F7200 X45.41 Y50.917
G0 X45.41 Y49.082
G0 X45.26 Y49.082
G1 F3600 X45.74 Y48.602 E0.01129
G0 F7200 X45.59 Y48.602
G0 X45.59 Y45.741
G0 X45.741 Y45.741
G1 F3600 X45.26 Y45.26 E0.01131
G0 F7200 X45.41 Y45.26
G0 X45.41 Y43.425
G0 X45.26 Y43.425
G1 F3600 X46.011 Y42.674 E0.01766
G1 X46.081 Y42.604
G0 F7200 X45.908 Y42.534
G0 X46.422 Y41.366
G0 X46.964 Y41.307
G1 F3600 X46.878 Y41.221 E0.00202
G0 F7200 X47.39 Y41.296
G1 F3600 X47.475 Y41.21 E0.00201
G0 F7200 X52.524 Y41.21
G1 F3600 X52.605 Y41.291 E0.0019
G0 F7200 X53.051 Y41.291
G1 F3600 X53.132 Y41.21 E0.0019
G0 F7200 X46.8 Y41.557
G0 X46.051 Y43.414
G0 X46.051 Y56.586
G0 X46.8 Y58.443
G0 X54.61 Y58.57
G0 X53.8 Y58.57
;TYPE:WALL-INNER
G1 F4079.3 X47.1 Y58.575 E0.09833
G1 F3840 X46.542 Y58.223 E0.01029
G1 F3600 X45.9 Y56.615 E0.02879
G1 X45.9 Y43.5 E0.2181
G1 X45.942 Y43.277 E0.00377
G1 X46.542 Y41.777 E0.02687
G1 F3809.5 X47 Y41.43 E0.00903
G1 F4079.3 X53.7 Y41.425 E0.09833
G1 F3110.2 X54.281 Y41.63 E0.01186
G1 F2500 X54.387 Y42.029 E0.00989
G1 X54.812 Y41.674 E0.01326
G1 X54.812 Y41.188 E0.01164
G1 X54.524 Y41.188 E0.0069
G1 F3110.2 X53.7 Y41.075 E0.01601
G1 F4114.3 X47.1 Y41.075 E0.09604
G1 F3840 X46.084 Y41.1 E0.01584
G1 F3600 X45.101 Y41.101 E0.01635
G1 X45.1 Y58.9 E0.296
G1 X46.084 Y58.9 E0.01636
G1 F3840 X47.1 Y58.925 E0.01584
G1 F4079.3 X53.83 Y58.922 E0.09877
G1 F3090.1 X54.524 Y58.812 E0.01361
G1 F2500 X54.812 Y58.812 E0.0069
G1 X54.812 Y58.323 E0.01171
G1 X54.388 Y57.969 E0.01323
G1 X54.281 Y58.37 E0.00994
G1 F3090.1 X53.8 Y58.57 E0.01009
G0 F7200 X53.9 Y58
;TYPE:WALL-OUTER
G1 F1800 X53.869 Y58.108 E0.00187
G1 X53.735 Y58.198 E0.00268
G1 X47.1 Y58.2 E0.11034
G1 X46.914 Y58.075 E0.00373
G1 X46.302 Y56.535 E0.02756
G1 X46.3 Y43.46 E0.21744
G1 X46.914 Y41.925 E0.02749
G1 X47.065 Y41.802 E0.00324
G1 X53.7 Y41.8 E0.11034
G1 X53.869 Y41.892 E0.0032
G1 X53.9 Y42 E0.00187
G1 X53.899 Y43.072 E0.01783
G1 X55.3 Y41.902 E0.03035
G1 X55.3 Y41.018 E0.0147
G1 X55.213 Y40.799 E0.00392
G1 X55.016 Y40.7 E0.00367
G1 X45.016 Y40.7 E0.1663
G1 X44.799 Y40.786 E0.00388
G1 X44.7 Y40.98 E0.00362
G1 X44.7 Y58.981 E0.29936
G1 X44.786 Y59.201 E0.00393
G1 X44.98 Y59.3 E0.00362
G1 X54.978 Y59.3 E0.16627
G1 X55.201 Y59.213 E0.00398
G1 X55.3 Y59.016 E0.00367
G1 X55.3 Y58.094 E0.01533
G1 X53.9 Y56.928 E0.0303
G1 X53.9 Y58 E0.01783
G0 F7200 X53.869 Y58.108
G0 X53.796 Y58.157
G1 F1500 E-6.5
G0 F7200 X54.552 Y58.32
G0 X56.165 Y58.2
G0 X63.835 Y58.2
G0 X64.93 Y58.2
G0 X65.41 Y57.366
G0 X65.26 Y57.366
;TYPE:FILL
G1 F1500 E6.5
G1 F3600 X65.808 Y56.818 E0.01289
G0 F7200 X65.67 Y56.873
G0 X65.59 Y54.427
G0 X65.74 Y54.427
G1 F3600 X65.26 Y53.946 E0.0113
G0 F7200 X65.41 Y53.946
G0 X65.41 Y51.709
G0 X65.26 Y51.709
G1 F3600 X65.74 Y51.23 E0.01128
G0 F7200 X65.59 Y51.23
G0 X65.59 Y48.77
G0 X65.74 Y48.77
G1 F3600 X65.26 Y48.29 E0.01129
G0 F7200 X65.41 Y48.29
G0 X65.41 Y46.052
G0 X65.261 Y46.052
G1 F3600 X65.74 Y45.573 E0.01127
G0 F7200 X65.59 Y45.573
G0 X65.671 Y43.125
G0 X65.808 Y43.181
G1 F3600 X65.26 Y42.633 E0.01289
G0 F7200 X65.41 Y42.633
G0 X66.8 Y41.557
G0 X69.494 Y41.21
G1 F3600 X69.577 Y41.293 E0.00195
G0 F7200 X70.02 Y41.293
G1 F3600 X70.103 Y41.21 E0.00195
G0 F7200 X66.8 Y41.557
G0 X66.051 Y43.414
G0 X66.051 Y56.586
G0 X66.8 Y58.443
G0 X74.61 Y58.57
G0 X73.8 Y58.57
;TYPE:WALL-INNER
G1 F4079.3 X67.1 Y58.575 E0.09833
G1 F3840 X66.542 Y58.223 E0.01029
G1 F3600 X65.9 Y56.615 E0.02879
G1 X65.9 Y43.5 E0.2181
G1 X65.942 Y43.277 E0.00377
G1 X66.542 Y41.777 E0.02687
G1 F3809.5 X67 Y41.43 E0.00903
G1 F4079.3 X73.7 Y41.425 E0.09833
G1 F3110.2 X74.281 Y41.63 E0.01186
G1 F2500 X74.387 Y42.029 E0.00989
G1 X74.812 Y41.674 E0.01326
G1 X74.812 Y41.188 E0.01164
G1 X74.524 Y41.188 E0.0069
G1 F3110.2 X73.7 Y41.075 E0.01601
G1 F4114.3 X67.1 Y41.075 E0.09604
G1 F3840 X66.084 Y41.1 E0.01584
G1 F3600 X65.101 Y41.101 E0.01635
G1 X65.1 Y58.9 E0.296
G1 X66.084 Y58.9 E0.01636
G1 F3840 X67.1 Y58.925 E0.01584
G1 F4079.3 X73.83 Y58.922 E0.09877
G1 F3090.1 X74.524 Y58.812 E0.01361
G1 F2500 X74.812 Y58.812 E0.0069
G1 X74.812 Y58.323 E0.01171
G1 X74.388 Y57.969 E0.01323
G1 X74.281 Y58.37 E0.00994
G1 F3090.1 X73.8 Y58.57 E0.01009
G0 F7200 X73.9 Y58
;TYPE:WALL-OUTER
G1 F1800 X73.869 Y58.108 E0.00187
G1 X73.735 Y58.198 E0.00268
G1 X67.1 Y58.2 E0.11034
G1 X66.914 Y58.075 E0.00373
G1 X66.302 Y56.535 E0.02756
G1 X66.3 Y43.46 E0.21744
G1 X66.914 Y41.925 E0.02749
G1 X67.065 Y41.802 E0.00324
G1 X73.7 Y41.8 E0.11034
G1 X73.869 Y41.892 E0.0032
G1 X73.9 Y42 E0.00187
G1 X73.899 Y43.072 E0.01783
G1 X75.3 Y41.902 E0.03035
G1 X75.3 Y41.018 E0.0147
G1 X75.213 Y40.799 E0.00392
G1 X75.016 Y40.7 E0.00367
G1 X65.016 Y40.7 E0.1663
G1 X64.799 Y40.786 E0.00388
G1 X64.7 Y40.98 E0.00362
G1 X64.7 Y58.981 E0.29936
G1 X64.786 Y59.201 E0.00393
G1 X64.98 Y59.3 E0.00362
G1 X74.978 Y59.3 E0.16627
G1 X75.201 Y59.213 E0.00398
G1 X75.3 Y59.016 E0.00367
G1 X75.3 Y58.094 E0.01533
G1 X73.9 Y56.928 E0.0303
G1 X73.9 Y58 E0.01783
G0 F7200 X73.869 Y58.108
G0 X73.796 Y58.157
G1 F1500 E-6.5
;MESH:NONMESH
G0 F600 X73.796 Y58.157 Z4.9
G0 F7200 X74.552 Y58.32
G0 X66.8 Y58.443
G0 X66.051 Y56.586
G0 X64.93 Y42.231
G0 X63.835 Y42.231
G0 X55.223 Y39.837
G0 X44.935 Y39.836
G0 X36.165 Y41.8
G0 X35.072 Y41.8
G0 X34.138 Y41.562
G0 X26.8 Y41.557
G0 X25.41 Y42.231
G0 X25.26 Y42.231
;TIME_ELAPSED:838.967805
;LAYER:46
;TYPE:FILL
;MESH:pin.stl
G1 F1500 E6.5
G1 F3600 X25.924 Y42.895 E0.01562
G1 X25.994 Y42.965
G0 F7200 X25.771 Y42.875
G0 X25.59 Y45.975
G0 X25.739 Y45.975
G1 F3600 X25.261 Y46.454 E0.01125
G0 F7200 X25.41 Y46.454
G0 X25.41 Y47.887
G0 X25.26 Y47.887
G1 F3600 X25.74 Y48.368 E0.0113
G0 F7200 X25.59 Y48.368
G0 X25.59 Y51.632
G0 X25.739 Y51.632
G1 F3600 X25.261 Y52.111 E0.01125
G0 F7200 X25.41 Y52.111
G0 X25.41 Y53.544
G0 X25.26 Y53.544
G1 F3600 X25.74 Y54.024 E0.01129
G0 F7200 X25.59 Y54.024
G0 X25.651 Y56.663
G0 X25.923 Y57.106
G1 F3600 X25.261 Y57.768 E0.01557
G1 X25.191 Y57.838
G0 F7200 X25.41 Y57.838
G0 X26.051 Y43.414
G0 X26.8 Y41.557
G0 X29.98 Y41.294
G1 F3600 X29.896 Y41.21 E0.00198
G0 F7200 X30.421 Y41.294
G1 F3600 X30.505 Y41.21 E0.00198
G0 F7200 X26.8 Y41.557
G0 X26.051 Y43.414
G0 X26.051 Y56.586
G0 X26.8 Y58.443
G0 X34.61 Y58.57
G0 X33.8 Y58.57
;TYPE:WALL-INNER
G1 F4079.3 X27.1 Y58.575 E0.09833
G1 F3840 X26.542 Y58.223 E0.01029
G1 F3600 X25.9 Y56.615 E0.02879
G1 X25.9 Y43.5 E0.2181
G1 X25.942 Y43.277 E0.00377
G1 X26.542 Y41.777 E0.02687
G1 F3809.5 X27 Y41.43 E0.00903
G1 F4079.3 X33.7 Y41.425 E0.09833
G1 F3110.2 X34.281 Y41.63 E0.01186
G1 F2500 X34.387 Y42.029 E0.00989
G1 X34.812 Y41.674 E0.01326
G1 X34.812 Y41.188 E0.01164
G1 X34.524 Y41.188 E0.0069
G1 F3110.2 X33.7 Y41.075 E0.01601
G1 F4114.3 X27.1 Y41.075 E0.09604
G1 F3840 X26.084 Y41.1 E0.01584
G1 F3600 X25.101 Y41.101 E0.01635
G1 X25.1 Y58.9 E0.296
G1 X26.084 Y58.9 E0.01636
G1 F3840 X27.1 Y58.925 E0.01584
G1 F4079.3 X33.83 Y58.922 E0.09877
G1 F3090.1 X34.524 Y58.812 E0.01361
G1 F2500 X34.812 Y58.812 E0.0069
G1 X34.812 Y58.323 E0.01171
G1 X34.388 Y57.969 E0.01323
G1 X34.281 Y58.37 E0.00994
G1 F3090.1 X33.8 Y58.57 E0.01009
G0 F7200 X33.9 Y58
;TYPE:WALL-OUTER
G1 F1800 X33.869 Y58.108 E0.00187
G1 X33.735 Y58.198 E0.00268
G1 X27.1 Y58.2 E0.11034
G1 X26.914 Y58.075 E0.00373
G1 X26.302 Y56.535 E0.02756
G1 X26.3 Y43.46 E0.21744
G1 X26.914 Y41.925 E0.02749
G1 X27.065 Y41.802 E0.00324
G1 X33.7 Y41.8 E0.11034
G1 X33.869 Y41.892 E0.0032
G1 X33.9 Y42 E0.00187
G1 X33.899 Y43.072 E0.01783
G1 X35.3 Y41.902 E0.03035
G1 X35.3 Y41.018 E0.0147
G1 X35.213 Y40.799 E0.00392
G1 X35.016 Y40.7 E0.00367
G1 X25.016 Y40.7 E0.1663
G1 X24.799 Y40.786 E0.00388
G1 X24.7 Y40.98 E0.00362
G1 X24.7 Y58.981 E0.29936
G1 X24.786 Y59.201 E0.00393
G1 X24.98 Y59.3 E0.00362
G1 X34.978 Y59.3 E0.16627
G1 X35.201 Y59.213 E0.00398
G1 X35.3 Y59.016 E0.00367
G1 X35.3 Y58.094 E0.01533
G1 X33.9 Y56.928 E0.0303
G1 X33.9 Y58 E0.01783
G0 F7200 X33.869 Y58.108
G0 X33.796 Y58.157
G1 F1500 E-6.5
G0 F7200 X34.552 Y58.32
G0 X36.165 Y58.2
G0 X43.835 Y58.2
G0 X44.93 Y58.2
G0 X45.41 Y56.573
G0 X45.26 Y56.573
;TYPE:FILL
G1 F1500 E6.5
G1 F3600 X46.012 Y57.326 E0.0177
G1 X46.082 Y57.396
G0 F7200 X45.907 Y57.466
G0 X46.422 Y58.634
G0 X47.008 Y58.647
G1 F3600 X46.877 Y58.779 E0.00309
G0 F7200 X46.422 Y58.634
G0 X45.651 Y56.663
G0 X45.41 Y54.739
G0 X45.26 Y54.739
G1 F3600 X45.74 Y54.259 E0.01129
G0 F7200 X45.59 Y54.259
G0 X45.59 Y51.397
G0 X45.741 Y51.397
G1 F3600 X45.26 Y50.917 E0.0113
G0 F7200 X45.41 Y50.917
G0 X45.41 Y49.082
G0 X45.26 Y49.082
G1 F3600 X45.74 Y48.602 E0.01129
G0 F7200 X45.59 Y48.602
G0 X45.59 Y45.741
G0 X45.741 Y45.741
G1 F3600 X45.26 Y45.26 E0.01131
G0 F7200 X45.41 Y45.26
G0 X45.41 Y43.425
G0 X45.26 Y43.425
G1 F3600 X46.011 Y42.674 E0.01766
G1 X46.081 Y42.604
G0 F7200 X45.908 Y42.534
G0 X46.422 Y41.366
G0 X46.964 Y41.307
G1 F3600 X46.878 Y41.221 E0.00202
G0 F7200 X47.39 Y41.296
G1 F3600 X47.475 Y41.21 E0.00201
G0 F7200 X52.524 Y41.21
G1 F3600 X52.605 Y41.291 E0.0019
G0 F7200 X53.051 Y41.291
G1 F3600 X53.132 Y41.21 E0.0019
G0 F7200 X46.8 Y41.557
G0 X46.051 Y43.414
G0 X46.051 Y56.586
G0 X46.8 Y58.443
G0 X54.61 Y58.57
G0 X53.8 Y58.57
;TYPE:WALL-INNER
G1 F4079.3 X47.1 Y58.575 E0.09833
G1 F3840 X46.542 Y58.223 E0.01029
G1 F3600 X45.9 Y56.615 E0.02879
G1 X45.9 Y43.5 E0.2181
G1 X45.942 Y43.277 E0.00377
G1 X46.542 Y41.777 E0.02687
G1 F3809.5 X47 Y41.43 E0.00903
G1 F4079.3 X53.7 Y41.425 E0.09833
G1 F3110.2 X54.281 Y41.63 E0.01186
G1 F2500 X54.387 Y42.029 E0.00989
G1 X54.812 Y41.674 E0.01326
G1 X54.812 Y41.188 E0.01164
G1 X54.524 Y41.188 E0.0069
G1 F3110.2 X53.7 Y41.075 E0.01601
G1 F4114.3 X47.1 Y41.075 E0.09604
G1 F3840 X46.084 Y41.1 E0.01584
G1 F3600 X45.101 Y41.101 E0.01635
G1 X45.1 Y58.9 E0.296
G1 X46.084 Y58.9 E0.01636
G1 F3840 X47.1 Y58.925 E0.01584
G1 F4079.3 X53.83 Y58.922 E0.09877
G1 F3090.1 X54.524 Y58.812 E0.01361
G1 F2500 X54.812 Y58.812 E0.0069
G1 X54.812 Y58.323 E0.01171
G1 X54.388 Y57.969 E0.01323
G1 X54.281 Y58.37 E0.00994
G1 F3090.1 X53.8 Y58.57 E0.01009
G0 F7200 X53.9 Y58
;TYPE:WALL-OUTER
G1 F1800 X53.869 Y58.108 E0.00187
G1 X53.735 Y58.198 E0.00268
G1 X47.1 Y58.2 E0.11034
G1 X46.914 Y58.075 E0.00373
G1 X46.302 Y56.535 E0.02756
G1 X46.3 Y43.46 E0.21744
G1 X46.914 Y41.925 E0.02749
G1 X47.065 Y41.802 E0.00324
G1 X53.7 Y41.8 E0.11034
G1 X53.869 Y41.892 E0.0032
G1 X53.9 Y42 E0.00187
G1 X53.899 Y43.072 E0.01783
G1 X55.3 Y41.902 E0.03035
G1 X55.3 Y41.018 E0.0147
G1 X55.213 Y40.799 E0.00392
G1 X55.016 Y40.7 E0.00367
G1 X45.016 Y40.7 E0.1663
G1 X44.799 Y40.786 E0.00388
G1 X44.7 Y40.98 E0.00362
G1 X44.7 Y58.981 E0.29936
G1 X44.786 Y59.201 E0.00393
G1 X44.98 Y59.3 E0.00362
G1 X54.978 Y59.3 E0.16627
G1 X55.201 Y59.213 E0.00398
G1 X55.3 Y59.016 E0.00367
G1 X55.3 Y58.094 E0.01533
G1 X53.9 Y56.928 E0.0303
G1 X53.9 Y58 E0.01783
G0 F7200 X53.869 Y58.108
G0 X53.796 Y58.157
G1 F1500 E-6.5
G0 F7200 X54.552 Y58.32
G0 X56.165 Y58.2
G0 X63.835 Y58.2
G0 X64.93 Y58.2
G0 X65.41 Y57.366
G0 X65.26 Y57.366
;TYPE:FILL
G1 F1500 E6.5
G1 F3600 X65.808 Y56.818 E0.01289
G0 F7200 X65.67 Y56.873
G0 X65.59 Y54.427
G0 X65.74 Y54.427
G1 F3600 X65.26 Y53.946 E0.0113
G0 F7200 X65.41 Y53.946
G0 X65.41 Y51.709
G0 X65.26 Y51.709
G1 F3600 X65.74 Y51.23 E0.01128
G0 F7200 X65.59 Y51.23
G0 X65.59 Y48.77
G0 X65.74 Y48.77
G1 F3600 X65.26 Y48.29 E0.01129
G0 F7200 X65.41 Y48.29
G0 X65.41 Y46.052
G0 X65.261 Y46.052
G1 F3600 X65.74 Y45.573 E0.01127
G0 F7200 X65.59 Y45.573
G0 X65.671 Y43.125
G0 X65.808 Y43.181
G1 F3600 X65.26 Y42.633 E0.01289
G0 F7200 X65.41 Y42.633
G0 X66.8 Y41.557
G0 X69.494 Y41.21
G1 F3600 X69.577 Y41.293 E0.00195
G0 F7200 X70.02 Y41.293
G1 F3600 X70.103 Y41.21 E0.00195
G0 F7200 X66.8 Y41.557
G0 X66.051 Y43.414
G0 X66.051 Y56.586
G0 X66.8 Y58.443
G0 X74.61 Y58.57
G0 X73.8 Y58.57
;TYPE:WALL-INNER
G1 F4079.3 X67.1 Y58.575 E0.09833
G1 F3840 X66.542 Y58.223 E0.01029
G1 F3600 X65.9 Y56.615 E0.02879
G1 X65.9 Y43.5 E0.2181
G1 X65.942 Y43.277 E0.00377
G1 X66.542 Y41.777 E0.02687
G1 F3809.5 X67 Y41.43 E0.00903
G1 F4079.3 X73.7 Y41.425 E0.09833
G1 F3110.2 X74.281 Y41.63 E0.01186
G1 F2500 X74.387 Y42.029 E0.00989
G1 X74.812 Y41.674 E0.01326
G1 X74.812 Y41.188 E0.01164
G1 X74.524 Y41.188 E0.0069
G1 F3110.2 X73.7 Y41.075 E0.01601
G1 F4114.3 X67.1 Y41.075 E0.09604
G1 F3840 X66.084 Y41.1 E0.01584
G1 F3600 X65.101 Y41.101 E0.01635
G1 X65.1 Y58.9 E0.296
G1 X66.084 Y58.9 E0.01636
G1 F3840 X67.1 Y58.925 E0.01584
G1 F4079.3 X73.83 Y58.922 E0.09877
G1 F3090.1 X74.524 Y58.812 E0.01361
G1 F2500 X74.812 Y58.812 E0.0069
G1 X74.812 Y58.323 E0.01171
G1 X74.388 Y57.969 E0.01323
G1 X74.281 Y58.37 E0.00994
G1 F3090.1 X73.8 Y58.57 E0.01009
G0 F7200 X73.9 Y58
;TYPE:WALL-OUTER
G1 F1800 X73.869 Y58.108 E0.00187
G1 X73.735 Y58.198 E0.00268
G1 X67.1 Y58.2 E0.11034
G1 X66.914 Y58.075 E0.00373
G1 X66.302 Y56.535 E0.02756
G1 X66.3 Y43.46 E0.21744
G1 X66.914 Y41.925 E0.02749
G1 X67.065 Y41.802 E0.00324
G1 X73.7 Y41.8 E0.11034
G1 X73.869 Y41.892 E0.0032
G1 X73.9 Y42 E0.00187
G1 X73.899 Y43.072 E0.01783
G1 X75.3 Y41.902 E0.03035
G1 X75.3 Y41.018 E0.0147
G1 X75.213 Y40.799 E0.00392
G1 X75.016 Y40.7 E0.00367
G1 X65.016 Y40.7 E0.1663
G1 X64.799 Y40.786 E0.00388
G1 X64.7 Y40.98 E0.00362
G1 X64.7 Y58.981 E0.29936
G1 X64.786 Y59.201 E0.00393
G1 X64.98 Y59.3 E0.00362
G1 X74.978 Y59.3 E0.16627
G1 X75.201 Y59.213 E0.00398
G1 X75.3 Y59.016 E0.00367
G1 X75.3 Y58.094 E0.01533
G1 X73.9 Y56.928 E0.0303
G1 X73.9 Y58 E0.01783
G0 F7200 X73.869 Y58.108
G0 X73.796 Y58.157
G1 F1500 E-6.5
;MESH:NONMESH
G0 F600 X73.796 Y58.157 Z5
G0 F7200 X74.552 Y58.32
G0 X66.8 Y58.443
G0 X66.051 Y56.586
G0 X64.93 Y42.231
G0 X63.835 Y42.231
G0 X55.223 Y39.837
G0 X44.935 Y39.836
G0 X36.165 Y41.8
G0 X35.072 Y41.8
G0 X34.138 Y41.562
G0 X26.8 Y41.557
G0 X25.41 Y42.231
G0 X25.26 Y42.231
;TIME_ELAPSED:856.196606
;LAYER:47
;TYPE:FILL
;MESH:pin.stl
G1 F1500 E6.5
G1 F3600 X25.924 Y42.895 E0.01562
G1 X25.994 Y42.965
G0 F7200 X25.771 Y42.875
G0 X25.59 Y45.975
G0 X25.739 Y45.975
G1 F3600 X25.261 Y46.454 E0.01125
G0 F7200 X25.41 Y46.454
G0 X25.41 Y47.887
G0 X25.26 Y47.887
G1 F3600 X25.74 Y48.368 E0.0113
G0 F7200 X25.59 Y48.368
G0 X25.59 Y51.632
G0 X25.739 Y51.632
G1 F3600 X25.261 Y52.111 E0.01125
G0 F7200 X25.41 Y52.111
G0 X25.41 Y53.544
G0 X25.26 Y53.544
G1 F3600 X25.74 Y54.024 E0.01129
G0 F7200 X25.59 Y54.024
G0 X25.651 Y56.663
G0 X25.923 Y57.106
G1 F3600 X25.261 Y57.768 E0.01557
G1 X25.191 Y57.838
G0 F7200 X25.41 Y57.838
G0 X26.051 Y43.414
G0 X26.8 Y41.557
G0 X29.98 Y41.294
G1 F3600 X29.896 Y41.21 E0.00198
G0 F7200 X30.421 Y41.294
G1 F3600 X30.505 Y41.21 E0.00198
G0 F7200 X26.8 Y41.557
G0 X26.051 Y43.414
G0 X26.051 Y56.586
G0 X26.8 Y58.443
G0 X34.61 Y58.57
G0 X33.8 Y58.57
;TYPE:WALL-INNER
G1 F4079.3 X27.1 Y58.575 E0.09833
G1 F3840 X26.542 Y58.223 E0.01029
G1 F3600 X25.9 Y56.615 E0.02879
G1 X25.9 Y43.5 E0.2181
G1 X25.942 Y43.277 E0.00377
G1 X26.542 Y41.777 E0.02687
G1 F3809.5 X27 Y41.43 E0.00903
G1 F4079.3 X33.7 Y41.425 E0.09833
G1 F3110.2 X34.281 Y41.63 E0.01186
G1 F2500 X34.387 Y42.029 E0.00989
G1 X34.812 Y41.674 E0.01326
G1 X34.812 Y41.188 E0.01164
G1 X34.524 Y41.188 E0.0069
G1 F3110.2 X33.7 Y41.075 E0.01601
G1 F4114.3 X27.1 Y41.075 E0.09604
G1 F3840 X26.084 Y41.1 E0.01584
G1 F3600 X25.101 Y41.101 E0.01635
G1 X25.1 Y58.9 E0.296
G1 X26.084 Y58.9 E0.01636
G1 F3840 X27.1 Y58.925 E0.01584
G1 F4079.3 X33.83 Y58.922 E0.09877
G1 F3090.1 X34.524 Y58.812 E0.01361
G1 F2500 X34.812 Y58.812 E0.0069
G1 X34.812 Y58.323 E0.01171
G1 X34.388 Y57.969 E0.01323
G1 X34.281 Y58.37 E0.00994
G1 F3090.1 X33.8 Y58.57 E0.01009
G0 F7200 X33.9 Y58
;TYPE:WALL-OUTER
G1 F1800 X33.869 Y58.108 E0.00187
G1 X33.735 Y58.198 E0.00268
G1 X27.1 Y58.2 E0.11034
G1 X26.914 Y58.075 E0.00373
G1 X26.302 Y56.535 E0.02756
G1 X26.3 Y43.46 E0.21744
G1 X26.914 Y41.925 E0.02749
G1 X27.065 Y41.802 E0.00324
G1 X33.7 Y41.8 E0.11034
G1 X33.869 Y41.892 E0.0032
G1 X33.9 Y42 E0.00187
G1 X33.899 Y43.072 E0.01783
G1 X35.3 Y41.902 E0.03035
G1 X35.3 Y41.018 E0.0147
G1 X35.213 Y40.799 E0.00392
G1 X35.016 Y40.7 E0.00367
G1 X25.016 Y40.7 E0.1663
G1 X24.799 Y40.786 E0.00388
G1 X24.7 Y40.98 E0.00362
G1 X24.7 Y58.981 E0.29936
G1 X24.786 Y59.201 E0.00393
G1 X24.98 Y59.3 E0.00362
G1 X34.978 Y59.3 E0.16627
G1 X35.201 Y59.213 E0.00398
G1 X35.3 Y59.016 E0.00367
G1 X35.3 Y58.094 E0.01533
G1 X33.9 Y56.928 E0.0303
G1 X33.9 Y58 E0.01783
G0 F7200 X33.869 Y58.108
G0 X33.796 Y58.157
G1 F1500 E-6.5
G0 F7200 X34.552 Y58.32
G0 X36.165 Y58.2
G0 X43.835 Y58.2
G0 X44.93 Y58.2
G0 X45.41 Y56.573
G0 X45.26 Y56.573
;TYPE:FILL
G1 F1500 E6.5
G1 F3600 X46.012 Y57.326 E0.0177
G1 X46.082 Y57.396
G0 F7200 X45.907 Y57.466
G0 X46.422 Y58.634
G0 X47.008 Y58.647
G1 F3600 X46.877 Y58.779 E0.00309
G0 F7200 X46.422 Y58.634
G0 X45.651 Y56.663
G0 X45.41 Y54.739
G0 X45.26 Y54.739
G1 F3600 X45.74 Y54.259 E0.01129
G0 F7200 X45.59 Y54.259
G0 X45.59 Y51.397
G0 X45.741 Y51.397
G1 F3600 X45.26 Y50.917 E0.0113
G0 F7200 X45.41 Y50.917
G0 X45.41 Y49.082
G0 X45.26 Y49.082
G1 F3600 X45.74 Y48.602 E0.01129
G0 F7200 X45.59 Y48.602
G0 X45.59 Y45.741
G0 X45.741 Y45.741
G1 F3600 X45.26 Y45.26 E0.01131
G0 F7200 X45.41 Y45.26
G0 X45.41 Y43.425
G0 X45.26 Y43.425
G1 F3600 X46.011 Y42.674 E0.01766
G1 X46.081 Y42.604
G0 F7200 X45.908 Y42.534
G0 X46.422 Y41.366
G0 X46.964 Y41.307
G1 F3600 X46.878 Y41.221 E0.00202
G0 F7200 X47.39 Y41.296
G1 F3600 X47.475 Y41.21 E0.00201
G0 F7200 X52.524 Y41.21
G1 F3600 X52.605 Y41.291 E0.0019
G0 F7200 X53.051 Y41.291
G1 F3600 X53.132 Y41.21 E0.0019
G0 F7200 X46.8 Y41.557
G0 X46.051 Y43.414
G0 X46.051 Y56.586
G0 X46.8 Y58.443
G0 X54.61 Y58.57
G0 X53.8 Y58.57
;TYPE:WALL-INNER
G1 F4079.3 X47.1 Y58.575 E0.09833
G1 F3840 X46.542 Y58.223 E0.01029
G1 F3600 X45.9 Y56.615 E0.02879
G1 X45.9 Y43.5 E0.2181
G1 X45.942 Y43.277 E0.00377
G1 X46.542 Y41.777 E0.02687
G1 F3809.5 X47 Y41.43 E0.00903
G1 F4079.3 X53.7 Y41.425 E0.09833
G1 F3110.2 X54.281 Y41.63 E0.01186
G1 F2500 X54.387 Y42.029 E0.00989
G1 X54.812 Y41.674 E0.01326
G1 X54.812 Y41.188 E0.01164
G1 X54.524 Y41.188 E0.0069
G1 F3110.2 X53.7 Y41.075 E0.01601
G1 F4114.3 X47.1 Y41.075 E0.09604
G1 F3840 X46.084 Y41.1 E0.01584
G1 F3600 X45.101 Y41.101 E0.01635
G1 X45.1 Y58.9 E0.296
G1 X46.084 Y58.9 E0.01636
G1 F3840 X47.1 Y58.925 E0.01584
G1 F4079.3 X53.83 Y58.922 E0.09877
G1 F3090.1 X54.524 Y58.812 E0.01361
G1 F2500 X54.812 Y58.812 E0.0069
G1 X54.812 Y58.323 E0.01171
G1 X54.388 Y57.969 E0.01323
G1 X54.281 Y58.37 E0.00994
G1 F3090.1 X53.8 Y58.57 E0.01009
G0 F7200 X53.9 Y58
;TYPE:WALL-OUTER
G1 F1800 X53.869 Y58.108 E0.00187
G1 X53.735 Y58.198 E0.00268
G1 X47.1 Y58.2 E0.11034
G1 X46.914 Y58.075 E0.00373
G1 X46.302 Y56.535 E0.02756
G1 X46.3 Y43.46 E0.21744
G1 X46.914 Y41.925 E0.02749
G1 X47.065 Y41.802 E0.00324
G1 X53.7 Y41.8 E0.11034
G1 X53.869 Y41.892 E0.0032
G1 X53.9 Y42 E0.00187
G1 X53.899 Y43.072 E0.01783
G1 X55.3 Y41.902 E0.03035
G1 X55.3 Y41.018 E0.0147
G1 X55.213 Y40.799 E0.00392
G1 X55.016 Y40.7 E0.00367
G1 X45.016 Y40.7 E0.1663
G1 X44.799 Y40.786 E0.00388
G1 X44.7 Y40.98 E0.00362
G1 X44.7 Y58.981 E0.29936
G1 X44.786 Y59.201 E0.00393
G1 X44.98 Y59.3 E0.00362
G1 X54.978 Y59.3 E0.16627
G1 X55.201 Y59.213 E0.00398
G1 X55.3 Y59.016 E0.00367
G1 X55.3 Y58.094 E0.01533
G1 X53.9 Y56.928 E0.0303
G1 X53.9 Y58 E0.01783
G0 F7200 X53.869 Y58.108
G0 X53.796 Y58.157
G1 F1500 E-6.5
G0 F7200 X54.552 Y58.32
G0 X56.165 Y58.2
G0 X63.835 Y58.2
G0 X64.93 Y58.2
G0 X65.41 Y57.366
G0 X65.26 Y57.366
;TYPE:FILL
G1 F1500 E6.5
G1 F3600 X65.808 Y56.818 E0.01289
G0 F7200 X65.67 Y56.873
G0 X65.59 Y54.427
G0 X65.74 Y54.427
G1 F3600 X65.26 Y53.946 E0.0113
G0 F7200 X65.41 Y53.946
G0 X65.41 Y51.709
G0 X65.26 Y51.709
G1 F3600 X65.74 Y51.23 E0.01128
G0 F7200 X65.59 Y51.23
G0 X65.59 Y48.77
G0 X65.74 Y48.77
G1 F3600 X65.26 Y48.29 E0.01129
G0 F7200 X65.41 Y48.29
G0 X65.41 Y46.052
G0 X65.261 Y46.052
G1 F3600 X65.74 Y45.573 E0.01127
G0 F7200 X65.59 Y45.573
G0 X65.671 Y43.125
G0 X65.808 Y43.181
G1 F3600 X65.26 Y42.633 E0.01289
G0 F7200 X65.41 Y42.633
G0 X66.8 Y41.557
G0 X69.494 Y41.21
G1 F3600 X69.577 Y41.293 E0.00195
G0 F7200 X70.02 Y41.293
G1 F3600 X70.103 Y41.21 E0.00195
G0 F7200 X66.8 Y41.557
G0 X66.051 Y43.414
G0 X66.051 Y56.586
G0 X66.8 Y58.443
G0 X74.61 Y58.57
G0 X73.8 Y58.57
;TYPE:WALL-INNER
G1 F4079.3 X67.1 Y58.575 E0.09833
G1 F3840 X66.542 Y58.223 E0.01029
G1 F3600 X65.9 Y56.615 E0.02879
G1 X65.9 Y43.5 E0.2181
G1 X65.942 Y43.277 E0.00377
G1 X66.542 Y41.777 E0.02687
G1 F3809.5 X67 Y41.43 E0.00903
G1 F4079.3 X73.7 Y41.425 E0.09833
G1 F3110.2 X74.281 Y41.63 E0.01186
G1 F2500 X74.387 Y42.029 E0.00989
G1 X74.812 Y41.674 E0.01326
G1 X74.812 Y41.188 E0.01164
G1 X74.524 Y41.188 E0.0069
G1 F3110.2 X73.7 Y41.075 E0.01601
G1 F4114.3 X67.1 Y41.075 E0.09604
G1 F3840 X66.084 Y41.1 E0.01584
G1 F3600 X65.101 Y41.101 E0.01635
G1 X65.1 Y58.9 E0.296
G1 X66.084 Y58.9 E0.01636
G1 F3840 X67.1 Y58.925 E0.01584
G1 F4079.3 X73.83 Y58.922 E0.09877
G1 F3090.1 X74.524 Y58.812 E0.01361
G1 F2500 X74.812 Y58.812 E0.0069
G1 X74.812 Y58.323 E0.01171
G1 X74.388 Y57.969 E0.01323
G1 X74.281 Y58.37 E0.00994
G1 F3090.1 X73.8 Y58.57 E0.01009
G0 F7200 X73.9 Y58
;TYPE:WALL-OUTER
G1 F1800 X73.869 Y58.108 E0.00187
G1 X73.735 Y58.198 E0.00268
G1 X67.1 Y58.2 E0.11034
G1 X66.914 Y58.075 E0.00373
G1 X66.302 Y56.535 E0.02756
G1 X66.3 Y43.46 E0.21744
G1 X66.914 Y41.925 E0.02749
G1 X67.065 Y41.802 E0.00324
G1 X73.7 Y41.8 E0.11034
G1 X73.869 Y41.892 E0.0032
G1 X73.9 Y42 E0.00187
G1 X73.899 Y43.072 E0.01783
G1 X75.3 Y41.902 E0.03035
G1 X75.3 Y41.018 E0.0147
G1 X75.213 Y40.799 E0.00392
G1 X75.016 Y40.7 E0.00367
G1 X65.016 Y40.7 E0.1663
G1 X64.799 Y40.786 E0.00388
G1 X64.7 Y40.98 E0.00362
G1 X64.7 Y58.981 E0.29936
G1 X64.786 Y59.201 E0.00393
G1 X64.98 Y59.3 E0.00362
G1 X74.978 Y59.3 E0.16627
G1 X75.201 Y59.213 E0.00398
G1 X75.3 Y59.016 E0.00367
G1 X75.3 Y58.094 E0.01533
G1 X73.9 Y56.928 E0.0303
G1 X73.9 Y58 E0.01783
G0 F7200 X73.869 Y58.108
G0 X73.796 Y58.157
G1 F1500 E-6.5
;MESH:NONMESH
G0 F600 X73.796 Y58.157 Z5.1
G0 F7200 X74.552 Y58.32
G0 X66.8 Y58.443
G0 X66.051 Y56.586
G0 X64.93 Y42.231
G0 X63.835 Y42.231
G0 X55.223 Y39.837
G0 X44.935 Y39.836
G0 X36.165 Y41.8
G0 X35.072 Y41.8
G0 X34.138 Y41.562
G0 X26.8 Y41.557
G0 X25.41 Y42.231
G0 X25.26 Y42.231
;TIME_ELAPSED:873.425408
;LAYER:48
;TYPE:FILL
;MESH:pin.stl
G1 F1500 E6.5
G1 F3600 X25.924 Y42.895 E0.01562
G1 X25.994 Y42.965
G0 F7200 X25.771 Y42.875
G0 X25.59 Y45.975
G0 X25.739 Y45.975
G1 F3600 X25.261 Y46.454 E0.01125
G0 F7200 X25.41 Y46.454
G0 X25.41 Y47.887
G0 X25.26 Y47.887
G1 F3600 X25.74 Y48.368 E0.0113
G0 F7200 X25.59 Y48.368
G0 X25.59 Y51.632
G0 X25.739 Y51.632
G1 F3600 X25.261 Y52.111 E0.01125
G0 F7200 X25.41 Y52.111
G0 X25.41 Y53.544
G0 X25.26 Y53.544
G1 F3600 X25.74 Y54.024 E0.01129
G0 F7200 X25.59 Y54.024
G0 X25.651 Y56.663
G0 X25.923 Y57.106
G1 F3600 X25.261 Y57.768 E0.01557
G1 X25.191 Y57.838
G0 F7200 X25.41 Y57.838
G0 X26.051 Y43.414
G0 X26.8 Y41.557
G0 X29.98 Y41.294
G1 F3600 X29.896 Y41.21 E0.00198
G0 F7200 X30.421 Y41.294
G1 F3600 X30.505 Y41.21 E0.00198
G0 F7200 X26.8 Y41.557
G0 X26.051 Y43.414
G0 X26.051 Y56.586
G0 X26.8 Y58.443
G0 X34.61 Y58.57
G0 X33.8 Y58.57
;TYPE:WALL-INNER
G1 F4079.3 X27.1 Y58.575 E0.09833
G1 F3840 X26.542 Y58.223 E0.01029
G1 F3600 X25.9 Y56.615 E0.02879
G1 X25.9 Y43.5 E0.2181
G1 X25.942 Y43.277 E0.00377
G1 X26.542 Y41.777 E0.02687
G1 F3809.5 X27 Y41.43 E0.00903
G1 F4079.3 X33.7 Y41.425 E0.09833
G1 F3110.2 X34.281 Y41.63 E0.01186
G1 F2500 X34.387 Y42.029 E0.00989
G1 X34.812 Y41.674 E0.01326
G1 X34.812 Y41.188 E0.01164
G1 X34.524 Y41.188 E0.0069
G1 F3110.2 X33.7 Y41.075 E0.01601
G1 F4114.3 X27.1 Y41.075 E0.09604
G1 F3840 X26.084 Y41.1 E0.01584
G1 F3600 X25.101 Y41.101 E0.01635
G1 X25.1 Y58.9 E0.296
G1 X26.084 Y58.9 E0.01636
G1 F3840 X27.1 Y58.925 E0.01584
G1 F4079.3 X33.83 Y58.922 E0.09877
G1 F3090.1 X34.524 Y58.812 E0.01361
G1 F2500 X34.812 Y58.812 E0.0069
G1 X34.812 Y58.323 E0.01171
G1 X34.388 Y57.969 E0.01323
G1 X34.281 Y58.37 E0.00994
G1 F3090.1 X33.8 Y58.57 E0.01009
G0 F7200 X33.9 Y58
;TYPE:WALL-OUTER
G1 F1800 X33.869 Y58.108 E0.00187
G1 X33.735 Y58.198 E0.00268
G1 X27.1 Y58.2 E0.11034
G1 X26.914 Y58.075 E0.00373
G1 X26.302 Y56.535 E0.02756
G1 X26.3 Y43.46 E0.21744
G1 X26.914 Y41.925 E0.02749
G1 X27.065 Y41.802 E0.00324
G1 X33.7 Y41.8 E0.11034
G1 X33.869 Y41.892 E0.0032
G1 X33.9 Y42 E0.00187
G1 X33.899 Y43.072 E0.01783
G1 X35.3 Y41.902 E0.03035
G1 X35.3 Y41.018 E0.0147
G1 X35.213 Y40.799 E0.00392
G1 X35.016 Y40.7 E0.00367
G1 X25.016 Y40.7 E0.1663
G1 X24.799 Y40.786 E0.00388
G1 X24.7 Y40.98 E0.00362
G1 X24.7 Y58.981 E0.29936
G1 X24.786 Y59.201 E0.00393
G1 X24.98 Y59.3 E0.00362
G1 X34.978 Y59.3 E0.16627
G1 X35.201 Y59.213 E0.00398
G1 X35.3 Y59.016 E0.00367
G1 X35.3 Y58.094 E0.01533
G1 X33.9 Y56.928 E0.0303
G1 X33.9 Y58 E0.01783
G0 F7200 X33.869 Y58.108
G0 X33.796 Y58.157
G1 F1500 E-6.5
G0 F7200 X34.552 Y58.32
G0 X36.165 Y58.2
G0 X43.835 Y58.2
G0 X44.93 Y58.2
G0 X45.41 Y56.573
G0 X45.26 Y56.573
;TYPE:FILL
G1 F1500 E6.5
G1 F3600 X46.012 Y57.326 E0.0177
G1 X46.082 Y57.396
G0 F7200 X45.907 Y57.466
G0 X46.422 Y58.634
G0 X47.008 Y58.647
G1 F3600 X46.877 Y58.779 E0.00309
G0 F7200 X46.422 Y58.634
G0 X45.651 Y56.663
G0 X45.41 Y54.739
G0 X45.26 Y54.739
G1 F3600 X45.74 Y54.259 E0.01129
G0 F7200 X45.59 Y54.259
G0 X45.59 Y51.397
G0 X45.741 Y51.397
G1 F3600 X45.26 Y50.917 E0.0113
G0 F7200 X45.41 Y50.917
G0 X45.41 Y49.082
G0 X45.26 Y49.082
G1 F3600 X45.74 Y48.602 E0.01129
G0 F7200 X45.59 Y48.602
G0 X45.59 Y45.741
G0 X45.741 Y45.741
G1 F3600 X45.26 Y45.26 E0.01131
G0 F7200 X45.41 Y45.26
G0 X45.41 Y43.425
G0 X45.26 Y43.425
G1 F3600 X46.011 Y42.674 E0.01766
G1 X46.081 Y42.604
G0 F7200 X45.908 Y42.534
G0 X46.422 Y41.366
G0 X46.964 Y41.307
G1 F3600 X46.878 Y41.221 E0.00202
G0 F7200 X47.39 Y41.296
G1 F3600 X47.475 Y41.21 E0.00201
G0 F7200 X52.524 Y41.21
G1 F3600 X52.605 Y41.291 E0.0019
G0 F7200 X53.051 Y41.291
G1 F3600 X53.132 Y41.21 E0.0019
G0 F7200 X46.8 Y41.557
G0 X46.051 Y43.414
G0 X46.051 Y56.586
G0 X46.8 Y58.443
G0 X54.61 Y58.57
G0 X53.8 Y58.57
;TYPE:WALL-INNER
G1 F4079.3 X47.1 Y58.575 E0.09833
G1 F3840 X46.542 Y58.223 E0.01029
G1 F3600 X45.9 Y56.615 E0.02879
G1 X45.9 Y43.5 E0.2181
G1 X45.942 Y43.277 E0.00377
G1 X46.542 Y41.777 E0.02687
G1 F3809.5 X47 Y41.43 E0.00903
G1 F4079.3 X53.7 Y41.425 E0.09833
G1 F3110.2 X54.281 Y41.63 E0.01186
G1 F2500 X54.387 Y42.029 E0.00989
G1 X54.812 Y41.674 E0.01326
G1 X54.812 Y41.188 E0.01164
G1 X54.524 Y41.188 E0.0069
G1 F3110.2 X53.7 Y41.075 E0.01601
G1 F4114.3 X47.1 Y41.075 E0.09604
G1 F3840 X46.084 Y41.1 E0.01584
G1 F3600 X45.101 Y41.101 E0.01635
G1 X45.1 Y58.9 E0.296
G1 X46.084 Y58.9 E0.01636
G1 F3840 X47.1 Y58.925 E0.01584
G1 F4079.3 X53.83 Y58.922 E0.09877
G1 F3090.1 X54.524 Y58.812 E0.01361
G1 F2500 X54.812 Y58.812 E0.0069
G1 X54.812 Y58.323 E0.01171
G1 X54.388 Y57.969 E0.01323
G1 X54.281 Y58.37 E0.00994
G1 F3090.1 X53.8 Y58.57 E0.01009
G0 F7200 X53.9 Y58
;TYPE:WALL-OUTER
G1 F1800 X53.869 Y58.108 E0.00187
G1 X53.735 Y58.198 E0.00268
G1 X47.1 Y58.2 E0.11034
G1 X46.914 Y58.075 E0.00373
G1 X46.302 Y56.535 E0.02756
G1 X46.3 Y43.46 E0.21744
G1 X46.914 Y41.925 E0.02749
G1 X47.065 Y41.802 E0.00324
G1 X53.7 Y41.8 E0.11034
G1 X53.869 Y41.892 E0.0032
G1 X53.9 Y42 E0.00187
G1 X53.899 Y43.072 E0.01783
G1 X55.3 Y41.902 E0.03035
G1 X55.3 Y41.018 E0.0147
G1 X55.213 Y40.799 E0.00392
G1 X55.016 Y40.7 E0.00367
G1 X45.016 Y40.7 E0.1663
G1 X44.799 Y40.786 E0.00388
G1 X44.7 Y40.98 E0.00362
G1 X44.7 Y58.981 E0.29936
G1 X44.786 Y59.201 E0.00393
G1 X44.98 Y59.3 E0.00362
G1 X54.978 Y59.3 E0.16627
G1 X55.201 Y59.213 E0.00398
G1 X55.3 Y59.016 E0.00367
G1 X55.3 Y58.094 E0.01533
G1 X53.9 Y56.928 E0.0303
G1 X53.9 Y58 E0.01783
G0 F7200 X53.869 Y58.108
G0 X53.796 Y58.157
G1 F1500 E-6.5
G0 F7200 X54.552 Y58.32
G0 X56.165 Y58.2
G0 X63.835 Y58.2
G0 X64.93 Y58.2
G0 X65.41 Y57.366
G0 X65.26 Y57.366
;TYPE:FILL
G1 F1500 E6.5
G1 F3600 X65.808 Y56.818 E0.01289
G0 F7200 X65.67 Y56.873
G0 X65.59 Y54.427
G0 X65.74 Y54.427
G1 F3600 X65.26 Y53.946 E0.0113
G0 F7200 X65.41 Y53.946
G0 X65.41 Y51.709
G0 X65.26 Y51.709
G1 F3600 X65.74 Y51.23 E0.01128
G0 F7200 X65.59 Y51.23
G0 X65.59 Y48.77
G0 X65.74 Y48.77
G1 F3600 X65.26 Y48.29 E0.01129
G0 F7200 X65.41 Y48.29
G0 X65.41 Y46.052
G0 X65.261 Y46.052
G1 F3600 X65.74 Y45.573 E0.01127
G0 F7200 X65.59 Y45.573
G0 X65.671 Y43.125
G0 X65.808 Y43.181
G1 F3600 X65.26 Y42.633 E0.01289
G0 F7200 X65.41 Y42.633
G0 X66.8 Y41.557
G0 X69.494 Y41.21
G1 F3600 X69.577 Y41.293 E0.00195
G0 F7200 X70.02 Y41.293
G1 F3600 X70.103 Y41.21 E0.00195
G0 F7200 X66.8 Y41.557
G0 X66.051 Y43.414
G0 X66.051 Y56.586
G0 X66.8 Y58.443
G0 X74.61 Y58.57
G0 X73.8 Y58.57
;TYPE:WALL-INNER
G1 F4079.3 X67.1 Y58.575 E0.09833
G1 F3840 X66.542 Y58.223 E0.01029
G1 F3600 X65.9 Y56.615 E0.02879
G1 X65.9 Y43.5 E0.2181
G1 X65.942 Y43.277 E0.00377
G1 X66.542 Y41.777 E0.02687
G1 F3809.5 X67 Y41.43 E0.00903
G1 F4079.3 X73.7 Y41.425 E0.09833
G1 F3110.2 X74.281 Y41.63 E0.01186
G1 F2500 X74.387 Y42.029 E0.00989
G1 X74.812 Y41.674 E0.01326
G1 X74.812 Y41.188 E0.01164
G1 X74.524 Y41.188 E0.0069
G1 F3110.2 X73.7 Y41.075 E0.01601
G1 F4114.3 X67.1 Y41.075 E0.09604
G1 F3840 X66.084 Y41.1 E0.01584
G1 F3600 X65.101 Y41.101 E0.01635
G1 X65.1 Y58.9 E0.296
G1 X66.084 Y58.9 E0.01636
G1 F3840 X67.1 Y58.925 E0.01584
G1 F4079.3 X73.83 Y58.922 E0.09877
G1 F3090.1 X74.524 Y58.812 E0.01361
G1 F2500 X74.812 Y58.812 E0.0069
G1 X74.812 Y58.323 E0.01171
G1 X74.388 Y57.969 E0.01323
G1 X74.281 Y58.37 E0.00994
G1 F3090.1 X73.8 Y58.57 E0.01009
G0 F7200 X73.9 Y58
;TYPE:WALL-OUTER
G1 F1800 X73.869 Y58.108 E0.00187
G1 X73.735 Y58.198 E0.00268
G1 X67.1 Y58.2 E0.11034
G1 X66.914 Y58.075 E0.00373
G1 X66.302 Y56.535 E0.02756
G1 X66.3 Y43.46 E0.21744
G1 X66.914 Y41.925 E0.02749
G1 X67.065 Y41.802 E0.00324
G1 X73.7 Y41.8 E0.11034
G1 X73.869 Y41.892 E0.0032
G1 X73.9 Y42 E0.00187
G1 X73.899 Y43.072 E0.01783
G1 X75.3 Y41.902 E0.03035
G1 X75.3 Y41.018 E0.0147
G1 X75.213 Y40.799 E0.00392
G1 X75.016 Y40.7 E0.00367
G1 X65.016 Y40.7 E0.1663
G1 X64.799 Y40.786 E0.00388
G1 X64.7 Y40.98 E0.00362
G1 X64.7 Y58.981 E0.29936
G1 X64.786 Y59.201 E0.00393
G1 X64.98 Y59.3 E0.00362
G1 X74.978 Y59.3 E0.16627
G1 X75.201 Y59.213 E0.00398
G1 X75.3 Y59.016 E0.00367
G1 X75.3 Y58.094 E0.01533
G1 X73.9 Y56.928 E0.0303
G1 X73.9 Y58 E0.01783
G0 F7200 X73.869 Y58.108
G0 X73.796 Y58.157
G1 F1500 E-6.5
;MESH:NONMESH
G0 F600 X73.796 Y58.157 Z5.2
G0 F7200 X74.552 Y58.32
G0 X66.8 Y58.443
G0 X66.051 Y56.586
G0 X64.93 Y42.231
G0 X63.835 Y42.231
G0 X55.223 Y39.837
G0 X44.935 Y39.836
G0 X36.165 Y41.8
G0 X35.072 Y41.8
G0 X34.138 Y41.562
G0 X26.8 Y41.557
G0 X25.41 Y42.231
G0 X25.26 Y42.231
;TIME_ELAPSED:890.654209
;LAYER:49
;TYPE:FILL
;MESH:pin.stl
G1 F1500 E6.5
G1 F3600 X25.924 Y42.895 E0.01562
G1 X25.994 Y42.965
G0 F7200 X25.771 Y42.875
G0 X25.59 Y45.975
G0 X25.739 Y45.975
G1 F3600 X25.261 Y46.454 E0.01125
G0 F7200 X25.41 Y46.454
G0 X25.41 Y47.887
G0 X25.26 Y47.887
G1 F3600 X25.74 Y48.368 E0.0113
G0 F7200 X25.59 Y48.368
G0 X25.59 Y51.632
G0 X25.739 Y51.632
G1 F3600 X25.261 Y52.111 E0.01125
G0 F7200 X25.41 Y52.111
G0 X25.41 Y53.544
G0 X25.26 Y53.544
G1 F3600 X25.74 Y54.024 E0.01129
G0 F7200 X25.59 Y54.024
G0 X25.651 Y56.663
G0 X25.923 Y57.106
G1 F3600 X25.261 Y57.768 E0.01557
G1 X25.191 Y57.838
G0 F7200 X25.41 Y57.838
G0 X26.051 Y43.414
G0 X26.8 Y41.557
G0 X29.98 Y41.294
G1 F3600 X29.896 Y41.21 E0.00198
G0 F7200 X30.421 Y41.294
G1 F3600 X30.505 Y41.21 E0.00198
G0 F7200 X26.8 Y41.557
G0 X26.051 Y43.414
G0 X26.051 Y56.586
G0 X26.8 Y58.443
G0 X34.61 Y58.57
G0 X33.8 Y58.57
;TYPE:WALL-INNER
G1 F4079.3 X27.1 Y58.575 E0.09833
G1 F3840 X26.542 Y58.223 E0.01029
G1 F3600 X25.9 Y56.615 E0.02879
G1 X25.9 Y43.5 E0.2181
G1 X25.942 Y43.277 E0.00377
G1 X26.542 Y41.777 E0.02687
G1 F3809.5 X27 Y41.43 E0.00903
G1 F4079.3 X33.7 Y41.425 E0.09833
G1 F3110.2 X34.281 Y41.63 E0.01186
G1 F2500 X34.387 Y42.029 E0.00989
G1 X34.812 Y41.674 E0.01326
G1 X34.812 Y41.188 E0.01164
G1 X34.524 Y41.188 E0.0069
G1 F3110.2 X33.7 Y41.075 E0.01601
G1 F4114.3 X27.1 Y41.075 E0.09604
G1 F3840 X26.084 Y41.1 E0.01584
G1 F3600 X25.101 Y41.101 E0.01635
G1 X25.1 Y58.9 E0.296
G1 X26.084 Y58.9 E0.01636
G1 F3840 X27.1 Y58.925 E0.01584
G1 F4079.3 X33.83 Y58.922 E0.09877
G1 F3090.1 X34.524 Y58.812 E0.01361
G1 F2500 X34.812 Y58.812 E0.0069
G1 X34.812 Y58.323 E0.01171
G1 X34.388 Y57.969 E0.01323
G1 X34.281 Y58.37 E0.00994
G1 F3090.1 X33.8 Y58.57 E0.01009
G0 F7200 X33.9 Y58
;TYPE:WALL-OUTER
G1 F1800 X33.869 Y58.108 E0.00187
G1 X33.735 Y58.198 E0.00268
G1 X27.1 Y58.2 E0.11034
G1 X26.914 Y58.075 E0.00373
G1 X26.302 Y56.535 E0.02756
G1 X26.3 Y43.46 E0.21744
G1 X26.914 Y41.925 E0.02749
G1 X27.065 Y41.802 E0.00324
G1 X33.7 Y41.8 E0.11034
G1 X33.869 Y41.892 E0.0032
G1 X33.9 Y42 E0.00187
G1 X33.899 Y43.072 E0.01783
G1 X35.3 Y41.902 E0.03035
G1 X35.3 Y41.018 E0.0147
G1 X35.213 Y40.799 E0.00392
G1 X35.016 Y40.7 E0.00367
G1 X25.016 Y40.7 E0.1663
G1 X24.799 Y40.786 E0.00388
G1 X24.7 Y40.98 E0.00362
G1 X24.7 Y58.981 E0.29936
G1 X24.786 Y59.201 E0.00393
G1 X24.98 Y59.3 E0.00362
G1 X34.978 Y59.3 E0.16627
G1 X35.201 Y59.213 E0.00398
G1 X35.3 Y59.016 E0.00367
G1 X35.3 Y58.094 E0.01533
G1 X33.9 Y56.928 E0.0303
G1 X33.9 Y58 E0.01783
G0 F7200 X33.869 Y58.108
G0 X33.796 Y58.157
G1 F1500 E-6.5
G0 F7200 X34.552 Y58.32
G0 X36.165 Y58.2
G0 X43.835 Y58.2
G0 X44.93 Y58.2
G0 X45.41 Y56.573
G0 X45.26 Y56.573
;TYPE:FILL
G1 F1500 E6.5
G1 F3600 X46.012 Y57.326 E0.0177
G1 X46.082 Y57.396
G0 F7200 X45.907 Y57.466
G0 X46.422 Y58.634
G0 X47.008 Y58.647
G1 F3600 X46.877 Y58.779 E0.00309
G0 F7200 X46.422 Y58.634
G0 X45.651 Y56.663
G0 X45.41 Y54.739
G0 X45.26 Y54.739
G1 F3600 X45.74 Y54.259 E0.01129
G0 F7200 X45.59 Y54.259
G0 X45.59 Y51.397
G0 X45.741 Y51.397
G1 F3600 X45.26 Y50.917 E0.0113
G0 F7200 X45.41 Y50.917
G0 X45.41 Y49.082
G0 X45.26 Y49.082
G1 F3600 X45.74 Y48.602 E0.01129
G0 F7200 X45.59 Y48.602
G0 X45.59 Y45.741
G0 X45.741 Y45.741
G1 F3600 X45.26 Y45.26 E0.01131
G0 F7200 X45.41 Y45.26
G0 X45.41 Y43.425
G0 X45.26 Y43.425
G1 F3600 X46.011 Y42.674 E0.01766
G1 X46.081 Y42.604
G0 F7200 X45.908 Y42.534
G0 X46.422 Y41.366
G0 X46.964 Y41.307
G1 F3600 X46.878 Y41.221 E0.00202
G0 F7200 X47.39 Y41.296
G1 F3600 X47.475 Y41.21 E0.00201
G0 F7200 X52.524 Y41.21
G1 F3600 X52.605 Y41.291 E0.0019
G0 F7200 X53.051 Y41.291
G1 F3600 X53.132 Y41.21 E0.0019
G0 F7200 X46.8 Y41.557
G0 X46.051 Y43.414
G0 X46.051 Y56.586
G0 X46.8 Y58.443
G0 X54.61 Y58.57
G0 X53.8 Y58.57
;TYPE:WALL-INNER
G1 F4079.3 X47.1 Y58.575 E0.09833
G1 F3840 X46.542 Y58.223 E0.01029
G1 F3600 X45.9 Y56.615 E0.02879
G1 X45.9 Y43.5 E0.2181
G1 X45.942 Y43.277 E0.00377
G1 X46.542 Y41.777 E0.02687
G1 F3809.5 X47 Y41.43 E0.00903
G1 F4079.3 X53.7 Y41.425 E0.09833
G1 F3110.2 X54.281 Y41.63 E0.01186
G1 F2500 X54.387 Y42.029 E0.00989
G1 X54.812 Y41.674 E0.01326
G1 X54.812 Y41.188 E0.01164
G1 X54.524 Y41.188 E0.0069
G1 F3110.2 X53.7 Y41.075 E0.01601
G1 F4114.3 X47.1 Y41.075 E0.09604
G1 F3840 X46.084 Y41.1 E0.01584
G1 F3600 X45.101 Y41.101 E0.01635
G1 X45.1 Y58.9 E0.296
G1 X46.084 Y58.9 E0.01636
G1 F3840 X47.1 Y58.925 E0.01584
G1 F4079.3 X53.83 Y58.922 E0.09877
G1 F3090.1 X54.524 Y58.812 E0.01361
G1 F2500 X54.812 Y58.812 E0.0069
G1 X54.812 Y58.323 E0.01171
G1 X54.388 Y57.969 E0.01323
G1 X54.281 Y58.37 E0.00994
G1 F3090.1 X53.8 Y58.57 E0.01009
G0 F7200 X53.9 Y58
;TYPE:WALL-OUTER
G1 F1800 X53.869 Y58.108 E0.00187
G1 X53.735 Y58.198 E0.00268
G1 X47.1 Y58.2 E0.11034
G1 X46.914 Y58.075 E0.00373
G1 X46.302 Y56.535 E0.02756
G1 X46.3 Y43.46 E0.21744
G1 X46.914 Y41.925 E0.02749
G1 X47.065 Y41.802 E0.00324
G1 X53.7 Y41.8 E0.11034
G1 X53.869 Y41.892 E0.0032
G1 X53.9 Y42 E0.00187
G1 X53.899 Y43.072 E0.01783
G1 X55.3 Y41.902 E0.03035
G1 X55.3 Y41.018 E0.0147
G1 X55.213 Y40.799 E0.00392
G1 X55.016 Y40.7 E0.00367
G1 X45.016 Y40.7 E0.1663
G1 X44.799 Y40.786 E0.00388
G1 X44.7 Y40.98 E0.00362
G1 X44.7 Y58.981 E0.29936
G1 X44.786 Y59.201 E0.00393
G1 X44.98 Y59.3 E0.00362
G1 X54.978 Y59.3 E0.16627
G1 X55.201 Y59.213 E0.00398
G1 X55.3 Y59.016 E0.00367
G1 X55.3 Y58.094 E0.01533
G1 X53.9 Y56.928 E0.0303
G1 X53.9 Y58 E0.01783
G0 F7200 X53.869 Y58.108
G0 X53.796 Y58.157
G1 F1500 E-6.5
G0 F7200 X54.552 Y58.32
G0 X56.165 Y58.2
G0 X63.835 Y58.2
G0 X64.93 Y58.2
G0 X65.41 Y57.366
G0 X65.26 Y57.366
;TYPE:FILL
G1 F1500 E6.5
G1 F3600 X65.808 Y56.818 E0.01289
G0 F7200 X65.67 Y56.873
G0 X65.59 Y54.427
G0 X65.74 Y54.427
G1 F3600 X65.26 Y53.946 E0.0113
G0 F7200 X65.41 Y53.946
G0 X65.41 Y51.709
G0 X65.26 Y51.709
G1 F3600 X65.74 Y51.23 E0.01128
G0 F7200 X65.59 Y51.23
G0 X65.59 Y48.77
G0 X65.74 Y48.77
G1 F3600 X65.26 Y48.29 E0.01129
G0 F7200 X65.41 Y48.29
G0 X65.41 Y46.052
G0 X65.261 Y46.052
G1 F3600 X65.74 Y45.573 E0.01127
G0 F7200 X65.59 Y45.573
G0 X65.671 Y43.125
G0 X65.808 Y43.181
G1 F3600 X65.26 Y42.633 E0.01289
G0 F7200 X65.41 Y42.633
G0 X66.8 Y41.557
G0 X69.494 Y41.21
G1 F3600 X69.577 Y41.293 E0.00195
G0 F7200 X70.02 Y41.293
G1 F3600 X70.103 Y41.21 E0.00195
G0 F7200 X66.8 Y41.557
G0 X66.051 Y43.414
G0 X66.051 Y56.586
G0 X66.8 Y58.443
G0 X74.61 Y58.57
G0 X73.8 Y58.57
;TYPE:WALL-INNER
G1 F4079.3 X67.1 Y58.575 E0.09833
G1 F3840 X66.542 Y58.223 E0.01029
G1 F3600 X65.9 Y56.615 E0.02879
G1 X65.9 Y43.5 E0.2181
G1 X65.942 Y43.277 E0.00377
G1 X66.542 Y41.777 E0.02687
G1 F3809.5 X67 Y41.43 E0.00903
G1 F4079.3 X73.7 Y41.425 E0.09833
G1 F3110.2 X74.281 Y41.63 E0.01186
G1 F2500 X74.387 Y42.029 E0.00989
G1 X74.812 Y41.674 E0.01326
G1 X74.812 Y41.188 E0.01164
G1 X74.524 Y41.188 E0.0069
G1 F3110.2 X73.7 Y41.075 E0.01601
G1 F4114.3 X67.1 Y41.075 E0.09604
G1 F3840 X66.084 Y41.1 E0.01584
G1 F3600 X65.101 Y41.101 E0.01635
G1 X65.1 Y58.9 E0.296
G1 X66.084 Y58.9 E0.01636
G1 F3840 X67.1 Y58.925 E0.01584
G1 F4079.3 X73.83 Y58.922 E0.09877
G1 F3090.1 X74.524 Y58.812 E0.01361
G1 F2500 X74.812 Y58.812 E0.0069
G1 X74.812 Y58.323 E0.01171
G1 X74.388 Y57.969 E0.01323
G1 X74.281 Y58.37 E0.00994
G1 F3090.1 X73.8 Y58.57 E0.01009
G0 F7200 X73.9 Y58
;TYPE:WALL-OUTER
G1 F1800 X73.869 Y58.108 E0.00187
G1 X73.735 Y58.198 E0.00268
G1 X67.1 Y58.2 E0.11034
G1 X66.914 Y58.075 E0.00373
G1 X66.302 Y56.535 E0.02756
G1 X66.3 Y43.46 E0.21744
G1 X66.914 Y41.925 E0.02749
G1 X67.065 Y41.802 E0.00324
G1 X73.7 Y41.8 E0.11034
G1 X73.869 Y41.892 E0.0032
G1 X73.9 Y42 E0.00187
G1 X73.899 Y43.072 E0.01783
G1 X75.3 Y41.902 E0.03035
G1 X75.3 Y41.018 E0.0147
G1 X75.213 Y40.799 E0.00392
G1 X75.016 Y40.7 E0.00367
G1 X65.016 Y40.7 E0.1663
G1 X64.799 Y40.786 E0.00388
G1 X64.7 Y40.98 E0.00362
G1 X64.7 Y58.981 E0.29936
G1 X64.786 Y59.201 E0.00393
G1 X64.98 Y59.3 E0.00362
G1 X74.978 Y59.3 E0.16627
G1 X75.201 Y59.213 E0.00398
G1 X75.3 Y59.016 E0.00367
G1 X75.3 Y58.094 E0.01533
G1 X73.9 Y56.928 E0.0303
G1 X73.9 Y58 E0.01783
G0 F7200 X73.869 Y58.108
G0 X73.796 Y58.157
G1 F1500 E-6.5
;MESH:NONMESH
G0 F600 X73.796 Y58.157 Z5.3
G0 F7200 X74.552 Y58.32
G0 X66.8 Y58.443
G0 X66.051 Y56.586
G0 X64.93 Y42.231
G0 X63.835 Y42.231
G0 X55.223 Y39.837
G0 X44.935 Y39.836
G0 X36.165 Y41.8
G0 X35.072 Y41.8
G0 X34.138 Y41.562
G0 X26.8 Y41.557
G0 X25.41 Y42.231
G0 X25.26 Y42.231
;TIME_ELAPSED:907.883010
;LAYER:50
;TYPE:FILL
;MESH:pin.stl
G1 F1500 E6.5
G1 F3600 X25.924 Y42.895 E0.01562
G1 X25.994 Y42.965
G0 F7200 X25.771 Y42.875
G0 X25.59 Y45.975
G0 X25.739 Y45.975
G1 F3600 X25.261 Y46.454 E0.01125
G0 F7200 X25.41 Y46.454
G0 X25.41 Y47.887
G0 X25.26 Y47.887
G1 F3600 X25.74 Y48.368 E0.0113
G0 F7200 X25.59 Y48.368
G0 X25.59 Y51.632
G0 X25.739 Y51.632
G1 F3600 X25.261 Y52.111 E0.01125
G0 F7200 X25.41 Y52.111
G0 X25.41 Y53.544
G0 X25.26 Y53.544
G1 F3600 X25.74 Y54.024 E0.01129
G0 F7200 X25.59 Y54.024
G0 X25.651 Y56.663
G0 X25.923 Y57.106
G1 F3600 X25.261 Y57.768 E0.01557
G1 X25.191 Y57.838
G0 F7200 X25.41 Y57.838
G0 X26.051 Y43.414
G0 X26.8 Y41.557
G0 X29.98 Y41.294
G1 F3600 X29.896 Y41.21 E0.00198
G0 F7200 X30.421 Y41.294
G1 F3600 X30.505 Y41.21 E0.00198
G0 F7200 X26.8 Y41.557
G0 X26.051 Y43.414
G0 X26.051 Y56.586
G0 X26.8 Y58.443
G0 X34.61 Y58.57
G0 X33.8 Y58.57
;TYPE:WALL-INNER
G1 F4079.3 X27.1 Y58.575 E0.09833
G1 F3840 X26.542 Y58.223 E0.01029
G1 F3600 X25.9 Y56.615 E0.02879
G1 X25.9 Y43.5 E0.2181
G1 X25.942 Y43.277 E0.00377
G1 X26.542 Y41.777 E0.02687
G1 F3809.5 X27 Y41.43 E0.00903
G1 F4079.3 X33.7 Y41.425 E0.09833
G1 F3110.2 X34.281 Y41.63 E0.01186
G1 F2500 X34.387 Y42.029 E0.00989
G1 X34.812 Y41.674 E0.01326
G1 X34.812 Y41.188 E0.01164
G1 X34.524 Y41.188 E0.0069
G1 F3110.2 X33.7 Y41.075 E0.01601
G1 F4114.3 X27.1 Y41.075 E0.09604
G1 F3840 X26.084 Y41.1 E0.01584
G1 F3600 X25.101 Y41.101 E0.01635
G1 X25.1 Y58.9 E0.296
G1 X26.084 Y58.9 E0.01636
G1 F3840 X27.1 Y58.925 E0.01584
G1 F4079.3 X33.83 Y58.922 E0.09877
G1 F3090.1 X34.524 Y58.812 E0.01361
G1 F2500 X34.812 Y58.812 E0.0069
G1 X34.812 Y58.323 E0.01171
G1 X34.388 Y57.969 E0.01323
G1 X34.281 Y58.37 E0.00994
G1 F3090.1 X33.8 Y58.57 E0.01009
G0 F7200 X33.9 Y58
;TYPE:WALL-OUTER
G1 F1800 X33.869 Y58.108 E0.00187
G1 X33.735 Y58.198 E0.00268
G1 X27.1 Y58.2 E0.11034
G1 X26.914 Y58.075 E0.00373
G1 X26.302 Y56.535 E0.02756
G1 X26.3 Y43.46 E0.21744
G1 X26.914 Y41.925 E0.02749
G1 X27.065 Y41.802 E0.00324
G1 X33.7 Y41.8 E0.11034
G1 X33.869 Y41.892 E0.0032
G1 X33.9 Y42 E0.00187
G1 X33.899 Y43.072 E0.01783
G1 X35.3 Y41.902 E0.03035
G1 X35.3 Y41.018 E0.0147
G1 X35.213 Y40.799 E0.00392
G1 X35.016 Y40.7 E0.00367
G1 X25.016 Y40.7 E0.1663
G1 X24.799 Y40.786 E0.00388
G1 X24.7 Y40.98 E0.00362
G1 X24.7 Y58.981 E0.29936
G1 X24.786 Y59.201 E0.00393
G1 X24.98 Y59.3 E0.00362
G1 X34.978 Y59.3 E0.16627
G1 X35.201 Y59.213 E0.00398
G1 X35.3 Y59.016 E0.00367
G1 X35.3 Y58.094 E0.01533
G1 X33.9 Y56.928 E0.0303
G1 X33.9 Y58 E0.01783
G0 F7200 X33.869 Y58.108
G0 X33.796 Y58.157
G1 F1500 E-6.5
G0 F7200 X34.552 Y58.32
G0 X36.165 Y58.2
G0 X43.835 Y58.2
G0 X44.93 Y58.2
G0 X45.41 Y56.573
G0 X45.26 Y56.573
;TYPE:FILL
G1 F1500 E6.5
G1 F3600 X46.012 Y57.326 E0.0177
G1 X46.082 Y57.396
G0 F7200 X45.907 Y57.466
G0 X46.422 Y58.634
G0 X47.008 Y58.647
G1 F3600 X46.877 Y58.779 E0.00309
G0 F7200 X46.422 Y58.634
G0 X45.651 Y56.663
G0 X45.41 Y54.739
G0 X45.26 Y54.739
G1 F3600 X45.74 Y54.259 E0.01129
G0 F7200 X45.59 Y54.259
G0 X45.59 Y51.397
G0 X45.741 Y51.397
G1 F3600 X45.26 Y50.917 E0.0113
G0 F7200 X45.41 Y50.917
G0 X45.41 Y49.082
G0 X45.26 Y49.082
G1 F3600 X45.74 Y48.602 E0.01129
G0 F7200 X45.59 Y48.602
G0 X45.59 Y45.741
G0 X45.741 Y45.741
G1 F3600 X45.26 Y45.26 E0.01131
G0 F7200 X45.41 Y45.26
G0 X45.41 Y43.425
G0 X45.26 Y43.425
G1 F3600 X46.011 Y42.674 E0.01766
G1 X46.081 Y42.604
G0 F7200 X45.908 Y42.534
G0 X46.422 Y41.366
G0 X46.964 Y41.307
G1 F3600 X46.878 Y41.221 E0.00202
G0 F7200 X47.39 Y41.296
G1 F3600 X47.475 Y41.21 E0.00201
G0 F7200 X52.524 Y41.21
G1 F3600 X52.605 Y41.291 E0.0019
G0 F7200 X53.051 Y41.291
G1 F3600 X53.132 Y41.21 E0.0019
G0 F7200 X46.8 Y41.557
G0 X46.051 Y43.414
G0 X46.051 Y56.586
G0 X46.8 Y58.443
G0 X54.61 Y58.57
G0 X53.8 Y58.57
;TYPE:WALL-INNER
G1 F4079.3 X47.1 Y58.575 E0.09833
G1 F3840 X46.542 Y58.223 E0.01029
G1 F3600 X45.9 Y56.615 E0.02879
G1 X45.9 Y43.5 E0.2181
G1 X45.942 Y43.277 E0.00377
G1 X46.542 Y41.777 E0.02687
G1 F3809.5 X47 Y41.43 E0.00903
G1 F4079.3 X53.7 Y41.425 E0.09833
G1 F3110.2 X54.281 Y41.63 E0.01186
G1 F2500 X54.387 Y42.029 E0.00989
G1 X54.812 Y41.674 E0.01326
G1 X54.812 Y41.188 E0.01164
G1 X54.524 Y41.188 E0.0069
G1 F3110.2 X53.7 Y41.075 E0.01601
G1 F4114.3 X47.1 Y41.075 E0.09604
G1 F3840 X46.084 Y41.1 E0.01584
G1 F3600 X45.101 Y41.101 E0.01635
G1 X45.1 Y58.9 E0.296
G1 X46.084 Y58.9 E0.01636
G1 F3840 X47.1 Y58.925 E0.01584
G1 F4079.3 X53.83 Y58.922 E0.09877
G1 F3090.1 X54.524 Y58.812 E0.01361
G1 F2500 X54.812 Y58.812 E0.0069
G1 X54.812 Y58.323 E0.01171
G1 X54.388 Y57.969 E0.01323
G1 X54.281 Y58.37 E0.00994
G1 F3090.1 X53.8 Y58.57 E0.01009
G0 F7200 X53.9 Y58
;TYPE:WALL-OUTER
G1 F1800 X53.869 Y58.108 E0.00187
G1 X53.735 Y58.198 E0.00268
G1 X47.1 Y58.2 E0.11034
G1 X46.914 Y58.075 E0.00373
G1 X46.302 Y56.535 E0.02756
G1 X46.3 Y43.46 E0.21744
G1 X46.914 Y41.925 E0.02749
G1 X47.065 Y41.802 E0.00324
G1 X53.7 Y41.8 E0.11034
G1 X53.869 Y41.892 E0.0032
G1 X53.9 Y42 E0.00187
G1 X53.899 Y43.072 E0.01783
G1 X55.3 Y41.902 E0.03035
G1 X55.3 Y41.018 E0.0147
G1 X55.213 Y40.799 E0.00392
G1 X55.016 Y40.7 E0.00367
G1 X45.016 Y40.7 E0.1663
G1 X44.799 Y40.786 E0.00388
G1 X44.7 Y40.98 E0.00362
G1 X44.7 Y58.981 E0.29936
G1 X44.786 Y59.201 E0.00393
G1 X44.98 Y59.3 E0.00362
G1 X54.978 Y59.3 E0.16627
G1 X55.201 Y59.213 E0.00398
G1 X55.3 Y59.016 E0.00367
G1 X55.3 Y58.094 E0.01533
G1 X53.9 Y56.928 E0.0303
G1 X53.9 Y58 E0.01783
G0 F7200 X53.869 Y58.108
G0 X53.796 Y58.157
G1 F1500 E-6.5
G0 F7200 X54.552 Y58.32
G0 X56.165 Y58.2
G0 X63.835 Y58.2
G0 X64.93 Y58.2
G0 X65.41 Y57.366
G0 X65.26 Y57.366
;TYPE:FILL
G1 F1500 E6.5
G1 F3600 X65.808 Y56.818 E0.01289
G0 F7200 X65.67 Y56.873
G0 X65.59 Y54.427
G0 X65.74 Y54.427
G1 F3600 X65.26 Y53.946 E0.0113
G0 F7200 X65.41 Y53.946
G0 X65.41 Y51.709
G0 X65.26 Y51.709
G1 F3600 X65.74 Y51.23 E0.01128
G0 F7200 X65.59 Y51.23
G0 X65.59 Y48.77
G0 X65.74 Y48.77
G1 F3600 X65.26 Y48.29 E0.01129
G0 F7200 X65.41 Y48.29
G0 X65.41 Y46.052
G0 X65.261 Y46.052
G1 F3600 X65.74 Y45.573 E0.01127
G0 F7200 X65.59 Y45.573
G0 X65.671 Y43.125
G0 X65.808 Y43.181
G1 F3600 X65.26 Y42.633 E0.01289
G0 F7200 X65.41 Y42.633
G0 X66.8 Y41.557
G0 X69.494 Y41.21
G1 F3600 X69.577 Y41.293 E0.00195
G0 F7200 X70.02 Y41.293
G1 F3600 X70.103 Y41.21 E0.00195
G0 F7200 X66.8 Y41.557
G0 X66.051 Y43.414
G0 X66.051 Y56.586
G0 X66.8 Y58.443
G0 X74.61 Y58.57
G0 X73.8 Y58.57
;TYPE:WALL-INNER
G1 F4079.3 X67.1 Y58.575 E0.09833
G1 F3840 X66.542 Y58.223 E0.01029
G1 F3600 X65.9 Y56.615 E0.02879
G1 X65.9 Y43.5 E0.2181
G1 X65.942 Y43.277 E0.00377
G1 X66.542 Y41.777 E0.02687
G1 F3809.5 X67 Y41.43 E0.00903
G1 F4079.3 X73.7 Y41.425 E0.09833
G1 F3110.2 X74.281 Y41.63 E0.01186
G1 F2500 X74.387 Y42.029 E0.00989
G1 X74.812 Y41.674 E0.01326
G1 X74.812 Y41.188 E0.01164
G1 X74.524 Y41.188 E0.0069
G1 F3110.2 X73.7 Y41.075 E0.01601
G1 F4114.3 X67.1 Y41.075 E0.09604
G1 F3840 X66.084 Y41.1 E0.01584
G1 F3600 X65.101 Y41.101 E0.01635
G1 X65.1 Y58.9 E0.296
G1 X66.084 Y58.9 E0.01636
G1 F3840 X67.1 Y58.925 E0.01584
G1 F4079.3 X73.83 Y58.922 E0.09877
G1 F3090.1 X74.524 Y58.812 E0.01361
G1 F2500 X74.812 Y58.812 E0.0069
G1 X74.812 Y58.323 E0.01171
G1 X74.388 Y57.969 E0.01323
G1 X74.281 Y58.37 E0.00994
G1 F3090.1 X73.8 Y58.57 E0.01009
G0 F7200 X73.9 Y58
;TYPE:WALL-OUTER
G1 F1800 X73.869 Y58.108 E0.00187
G1 X73.735 Y58.198 E0.00268
G1 X67.1 Y58.2 E0.11034
G1 X66.914 Y58.075 E0.00373
G1 X66.302 Y56.535 E0.02756
G1 X66.3 Y43.46 E0.21744
G1 X66.914 Y41.925 E0.02749
G1 X67.065 Y41.802 E0.00324
G1 X73.7 Y41.8 E0.11034
G1 X73.869 Y41.892 E0.0032
G1 X73.9 Y42 E0.00187
G1 X73.899 Y43.072 E0.01783
G1 X75.3 Y41.902 E0.03035
G1 X75.3 Y41.018 E0.0147
G1 X75.213 Y40.799 E0.00392
G1 X75.016 Y40.7 E0.00367
G1 X65.016 Y40.7 E0.1663
G1 X64.799 Y40.786 E0.00388
G1 X64.7 Y40.98 E0.00362
G1 X64.7 Y58.981 E0.29936
G1 X64.786 Y59.201 E0.00393
G1 X64.98 Y59.3 E0.00362
G1 X74.978 Y59.3 E0.16627
G1 X75.201 Y59.213 E0.00398
G1 X75.3 Y59.016 E0.00367
G1 X75.3 Y58.094 E0.01533
G1 X73.9 Y56.928 E0.0303
G1 X73.9 Y58 E0.01783
G0 F7200 X73.869 Y58.108
G0 X73.796 Y58.157
G1 F1500 E-6.5
;MESH:NONMESH
G0 F600 X73.796 Y58.157 Z5.4
G0 F7200 X74.552 Y58.32
G0 X66.8 Y58.443
G0 X66.051 Y56.586
G0 X64.93 Y42.231
G0 X63.835 Y42.231
G0 X55.223 Y39.837
G0 X44.935 Y39.836
G0 X36.165 Y41.8
G0 X35.072 Y41.8
G0 X34.138 Y41.562
G0 X26.8 Y41.557
G0 X25.41 Y42.231
G0 X25.26 Y42.231
;TIME_ELAPSED:925.111812
;LAYER:51
;TYPE:FILL
;MESH:pin.stl
G1 F1500 E6.5
G1 F3600 X25.924 Y42.895 E0.01562
G1 X25.994 Y42.965
G0 F7200 X25.771 Y42.875
G0 X25.59 Y45.975
G0 X25.739 Y45.975
G1 F3600 X25.261 Y46.454 E0.01125
G0 F7200 X25.41 Y46.454
G0 X25.41 Y47.887
G0 X25.26 Y47.887
G1 F3600 X25.74 Y48.368 E0.0113
G0 F7200 X25.59 Y48.368
G0 X25.59 Y51.632
G0 X25.739 Y51.632
G1 F3600 X25.261 Y52.111 E0.01125
G0 F7200 X25.41 Y52.111
G0 X25.41 Y53.544
G0 X25.26 Y53.544
G1 F3600 X25.74 Y54.024 E0.01129
G0 F7200 X25.59 Y54.024
G0 X25.651 Y56.663
G0 X25.923 Y57.106
G1 F3600 X25.261 Y57.768 E0.01557
G1 X25.191 Y57.838
G0 F7200 X25.41 Y57.838
G0 X26.051 Y43.414
G0 X26.8 Y41.557
G0 X29.98 Y41.294
G1 F3600 X29.896 Y41.21 E0.00198
G0 F7200 X30.421 Y41.294
G1 F3600 X30.505 Y41.21 E0.00198
G0 F7200 X26.8 Y41.557
G0 X26.051 Y43.414
G0 X26.051 Y56.586
G0 X26.8 Y58.443
G0 X34.61 Y58.57
G0 X33.8 Y58.57
;TYPE:WALL-INNER
G1 F4079.3 X27.1 Y58.575 E0.09833
G1 F3840 X26.542 Y58.223 E0.01029
G1 F3600 X25.9 Y56.615 E0.02879
G1 X25.9 Y43.5 E0.2181
G1 X25.942 Y43.277 E0.00377
G1 X26.542 Y41.777 E0.02687
G1 F3809.5 X27 Y41.43 E0.00903
G1 F4079.3 X33.7 Y41.425 E0.09833
G1 F3110.2 X34.281 Y41.63 E0.01186
G1 F2500 X34.387 Y42.029 E0.00989
G1 X34.812 Y41.674 E0.01326
G1 X34.812 Y41.188 E0.01164
G1 X34.524 Y41.188 E0.0069
G1 F3110.2 X33.7 Y41.075 E0.01601
G1 F4114.3 X27.1 Y41.075 E0.09604
G1 F3840 X26.084 Y41.1 E0.01584
G1 F3600 X25.101 Y41.101 E0.01635
G1 X25.1 Y58.9 E0.296
G1 X26.084 Y58.9 E0.01636
G1 F3840 X27.1 Y58.925 E0.01584
G1 F4079.3 X33.83 Y58.922 E0.09877
G1 F3090.1 X34.524 Y58.812 E0.01361
G1 F2500 X34.812 Y58.812 E0.0069
G1 X34.812 Y58.323 E0.01171
G1 X34.388 Y57.969 E0.01323
G1 X34.281 Y58.37 E0.00994
G1 F3090.1 X33.8 Y58.57 E0.01009
G0 F7200 X33.9 Y58
;TYPE:WALL-OUTER
G1 F1800 X33.869 Y58.108 E0.00187
G1 X33.735 Y58.198 E0.00268
G1 X27.1 Y58.2 E0.11034
G1 X26.914 Y58.075 E0.00373
G1 X26.302 Y56.535 E0.02756
G1 X26.3 Y43.46 E0.21744
G1 X26.914 Y41.925 E0.02749
G1 X27.065 Y41.802 E0.00324
G1 X33.7 Y41.8 E0.11034
G1 X33.869 Y41.892 E0.0032
G1 X33.9 Y42 E0.00187
G1 X33.899 Y43.072 E0.01783
G1 X35.3 Y41.902 E0.03035
G1 X35.3 Y41.018 E0.0147
G1 X35.213 Y40.799 E0.00392
G1 X35.016 Y40.7 E0.00367
G1 X25.016 Y40.7 E0.1663
G1 X24.799 Y40.786 E0.00388
G1 X24.7 Y40.98 E0.00362
G1 X24.7 Y58.981 E0.29936
G1 X24.786 Y59.201 E0.00393
G1 X24.98 Y59.3 E0.00362
G1 X34.978 Y59.3 E0.16627
G1 X35.201 Y59.213 E0.00398
G1 X35.3 Y59.016 E0.00367
G1 X35.3 Y58.094 E0.01533
G1 X33.9 Y56.928 E0.0303
G1 X33.9 Y58 E0.01783
G0 F7200 X33.869 Y58.108
G0 X33.796 Y58.157
G1 F1500 E-6.5
G0 F7200 X34.552 Y58.32
G0 X36.165 Y58.2
G0 X43.835 Y58.2
G0 X44.93 Y58.2
G0 X45.41 Y56.573
G0 X45.26 Y56.573
;TYPE:FILL
G1 F1500 E6.5
G1 F3600 X46.012 Y57.326 E0.0177
G1 X46.082 Y57.396
G0 F7200 X45.907 Y57.466
G0 X46.422 Y58.634
G0 X47.008 Y58.647
G1 F3600 X46.877 Y58.779 E0.00309
G0 F7200 X46.422 Y58.634
G0 X45.651 Y56.663
G0 X45.41 Y54.739
G0 X45.26 Y54.739
G1 F3600 X45.74 Y54.259 E0.01129
G0 F7200 X45.59 Y54.259
G0 X45.59 Y51.397
G0 X45.741 Y51.397
G1 F3600 X45.26 Y50.917 E0.0113
G0 F7200 X45.41 Y50.917
G0 X45.41 Y49.082
G0 X45.26 Y49.082
G1 F3600 X45.74 Y48.602 E0.01129
G0 F7200 X45.59 Y48.602
G0 X45.59 Y45.741
G0 X45.741 Y45.741
G1 F3600 X45.26 Y45.26 E0.01131
G0 F7200 X45.41 Y45.26
G0 X45.41 Y43.425
G0 X45.26 Y43.425
G1 F3600 X46.011 Y42.674 E0.01766
G1 X46.081 Y42.604
G0 F7200 X45.908 Y42.534
G0 X46.422 Y41.366
G0 X46.964 Y41.307
G1 F3600 X46.878 Y41.221 E0.00202
G0 F7200 X47.39 Y41.296
G1 F3600 X47.475 Y41.21 E0.00201
G0 F7200 X52.524 Y41.21
G1 F3600 X52.605 Y41.291 E0.0019
G0 F7200 X53.051 Y41.291
G1 F3600 X53.132 Y41.21 E0.0019
G0 F7200 X46.8 Y41.557
G0 X46.051 Y43.414
G0 X46.051 Y56.586
G0 X46.8 Y58.443
G0 X54.61 Y58.57
G0 X53.8 Y58.57
;TYPE:WALL-INNER
G1 F4079.3 X47.1 Y58.575 E0.09833
G1 F3840 X46.542 Y58.223 E0.01029
G1 F3600 X45.9 Y56.615 E0.02879
G1 X45.9 Y43.5 E0.2181
G1 X45.942 Y43.277 E0.00377
G1 X46.542 Y41.777 E0.02687
G1 F3809.5 X47 Y41.43 E0.00903
G1 F4079.3 X53.7 Y41.425 E0.09833
G1 F3110.2 X54.281 Y41.63 E0.01186
G1 F2500 X54.387 Y42.029 E0.00989
G1 X54.812 Y41.674 E0.01326
G1 X54.812 Y41.188 E0.01164
G1 X54.524 Y41.188 E0.0069
G1 F3110.2 X53.7 Y41.075 E0.01601
G1 F4114.3 X47.1 Y41.075 E0.09604
G1 F3840 X46.084 Y41.1 E0.01584
G1 F3600 X45.101 Y41.101 E0.01635
G1 X45.1 Y58.9 E0.296
G1 X46.084 Y58.9 E0.01636
G1 F3840 X47.1 Y58.925 E0.01584
G1 F4079.3 X53.83 Y58.922 E0.09877
G1 F3090.1 X54.524 Y58.812 E0.01361
G1 F2500 X54.812 Y58.812 E0.0069
G1 X54.812 Y58.323 E0.01171
G1 X54.388 Y57.969 E0.01323
G1 X54.281 Y58.37 E0.00994
G1 F3090.1 X53.8 Y58.57 E0.01009
G0 F7200 X53.9 Y58
;TYPE:WALL-OUTER
G1 F1800 X53.869 Y58.108 E0.00187
G1 X53.735 Y58.198 E0.00268
G1 X47.1 Y58.2 E0.11034
G1 X46.914 Y58.075 E0.00373
G1 X46.302 Y56.535 E0.02756
G1 X46.3 Y43.46 E0.21744
G1 X46.914 Y41.925 E0.02749
G1 X47.065 Y41.802 E0.00324
G1 X53.7 Y41.8 E0.11034
G1 X53.869 Y41.892 E0.0032
G1 X53.9 Y42 E0.00187
G1 X53.899 Y43.072 E0.01783
G1 X55.3 Y41.902 E0.03035
G1 X55.3 Y41.018 E0.0147
G1 X55.213 Y40.799 E0.00392
G1 X55.016 Y40.7 E0.00367
G1 X45.016 Y40.7 E0.1663
G1 X44.799 Y40.786 E0.00388
G1 X44.7 Y40.98 E0.00362
G1 X44.7 Y58.981 E0.29936
G1 X44.786 Y59.201 E0.00393
G1 X44.98 Y59.3 E0.00362
G1 X54.978 Y59.3 E0.16627
G1 X55.201 Y59.213 E0.00398
G1 X55.3 Y59.016 E0.00367
G1 X55.3 Y58.094 E0.01533
G1 X53.9 Y56.928 E0.0303
G1 X53.9 Y58 E0.01783
G0 F7200 X53.869 Y58.108
G0 X53.796 Y58.157
G1 F1500 E-6.5
G0 F7200 X54.552 Y58.32
G0 X56.165 Y58.2
G0 X63.835 Y58.2
G0 X64.93 Y58.2
G0 X65.41 Y57.366
G0 X65.26 Y57.366
;TYPE:FILL
G1 F1500 E6.5
G1 F3600 X65.808 Y56.818 E0.01289
G0 F7200 X65.67 Y56.873
G0 X65.59 Y54.427
G0 X65.74 Y54.427
G1 F3600 X65.26 Y53.946 E0.0113
G0 F7200 X65.41 Y53.946
G0 X65.41 Y51.709
G0 X65.26 Y51.709
G1 F3600 X65.74 Y51.23 E0.01128
G0 F7200 X65.59 Y51.23
G0 X65.59 Y48.77
G0 X65.74 Y48.77
G1 F3600 X65.26 Y48.29 E0.01129
G0 F7200 X65.41 Y48.29
G0 X65.41 Y46.052
G0 X65.261 Y46.052
G1 F3600 X65.74 Y45.573 E0.01127
G0 F7200 X65.59 Y45.573
G0 X65.671 Y43.125
G0 X65.808 Y43.181
G1 F3600 X65.26 Y42.633 E0.01289
G0 F7200 X65.41 Y42.633
G0 X66.8 Y41.557
G0 X69.494 Y41.21
G1 F3600 X69.577 Y41.293 E0.00195
G0 F7200 X70.02 Y41.293
G1 F3600 X70.103 Y41.21 E0.00195
G0 F7200 X66.8 Y41.557
G0 X66.051 Y43.414
G0 X66.051 Y56.586
G0 X66.8 Y58.443
G0 X74.61 Y58.57
G0 X73.8 Y58.57
;TYPE:WALL-INNER
G1 F4079.3 X67.1 Y58.575 E0.09833
G1 F3840 X66.542 Y58.223 E0.01029
G1 F3600 X65.9 Y56.615 E0.02879
G1 X65.9 Y43.5 E0.2181
G1 X65.942 Y43.277 E0.00377
G1 X66.542 Y41.777 E0.02687
G1 F3809.5 X67 Y41.43 E0.00903
G1 F4079.3 X73.7 Y41.425 E0.09833
G1 F3110.2 X74.281 Y41.63 E0.01186
G1 F2500 X74.387 Y42.029 E0.00989
G1 X74.812 Y41.674 E0.01326
G1 X74.812 Y41.188 E0.01164
G1 X74.524 Y41.188 E0.0069
G1 F3110.2 X73.7 Y41.075 E0.01601
G1 F4114.3 X67.1 Y41.075 E0.09604
G1 F3840 X66.084 Y41.1 E0.01584
G1 F3600 X65.101 Y41.101 E0.01635
G1 X65.1 Y58.9 E0.296
G1 X66.084 Y58.9 E0.01636
G1 F3840 X67.1 Y58.925 E0.01584
G1 F4079.3 X73.83 Y58.922 E0.09877
G1 F3090.1 X74.524 Y58.812 E0.01361
G1 F2500 X74.812 Y58.812 E0.0069
G1 X74.812 Y58.323 E0.01171
G1 X74.388 Y57.969 E0.01323
G1 X74.281 Y58.37 E0.00994
G1 F3090.1 X73.8 Y58.57 E0.01009
G0 F7200 X73.9 Y58
;TYPE:WALL-OUTER
G1 F1800 X73.869 Y58.108 E0.00187
G1 X73.735 Y58.198 E0.00268
G1 X67.1 Y58.2 E0.11034
G1 X66.914 Y58.075 E0.00373
G1 X66.302 Y56.535 E0.02756
G1 X66.3 Y43.46 E0.21744
G1 X66.914 Y41.925 E0.02749
G1 X67.065 Y41.802 E0.00324
G1 X73.7 Y41.8 E0.11034
G1 X73.869 Y41.892 E0.0032
G1 X73.9 Y42 E0.00187
G1 X73.899 Y43.072 E0.01783
G1 X75.3 Y41.902 E0.03035
G1 X75.3 Y41.018 E0.0147
G1 X75.213 Y40.799 E0.00392
G1 X75.016 Y40.7 E0.00367
G1 X65.016 Y40.7 E0.1663
G1 X64.799 Y40.786 E0.00388
G1 X64.7 Y40.98 E0.00362
G1 X64.7 Y58.981 E0.29936
G1 X64.786 Y59.201 E0.00393
G1 X64.98 Y59.3 E0.00362
G1 X74.978 Y59.3 E0.16627
G1 X75.201 Y59.213 E0.00398
G1 X75.3 Y59.016 E0.00367
G1 X75.3 Y58.094 E0.01533
G1 X73.9 Y56.928 E0.0303
G1 X73.9 Y58 E0.01783
G0 F7200 X73.869 Y58.108
G0 X73.796 Y58.157
G1 F1500 E-6.5
;MESH:NONMESH
G0 F600 X73.796 Y58.157 Z5.5
G0 F7200 X74.552 Y58.32
G0 X66.8 Y58.443
G0 X66.051 Y56.586
G0 X64.93 Y42.231
G0 X63.835 Y42.231
G0 X55.223 Y39.837
G0 X44.935 Y39.836
G0 X36.165 Y41.8
G0 X35.072 Y41.8
G0 X34.138 Y41.562
G0 X26.8 Y41.557
G0 X25.41 Y42.231
G0 X25.26 Y42.231
;TIME_ELAPSED:942.340613
;LAYER:52
;TYPE:FILL
;MESH:pin.stl
G1 F1500 E6.5
G1 F3600 X25.924 Y42.895 E0.01562
G1 X25.994 Y42.965
G0 F7200 X25.771 Y42.875
G0 X25.59 Y45.975
G0 X25.739 Y45.975
G1 F3600 X25.261 Y46.454 E0.01125
G0 F7200 X25.411 Y46.455
G0 X25.411 Y47.888
G0 X25.26 Y47.887
G1 F3600 X25.74 Y48.368 E0.0113
G0 F7200 X25.59 Y48.368
G0 X25.59 Y51.632
G0 X25.739 Y51.632
G1 F3600 X25.261 Y52.111 E0.01125
G0 F7200 X25.41 Y52.112
G0 X25.41 Y53.545
G0 X25.26 Y53.544
G1 F3600 X25.74 Y54.024 E0.01129
G0 F7200 X25.59 Y54.024
G0 X25.651 Y56.663
G0 X25.923 Y57.106
G1 F3600 X25.261 Y57.768 E0.01557
G1 X25.191 Y57.838
G0 F7200 X25.41 Y57.839
G0 X26.051 Y43.414
G0 X26.8 Y41.557
G0 X29.98 Y41.294
G1 F3600 X29.896 Y41.21 E0.00198
G0 F7200 X30.421 Y41.294
G1 F3600 X30.505 Y41.21 E0.00198
G0 F7200 X26.8 Y41.557
G0 X26.051 Y43.414
G0 X26.051 Y56.586
G0 X26.8 Y58.443
G0 X34.61 Y58.57
G0 X33.8 Y58.57
;TYPE:WALL-INNER
G1 F4090.9 X27.1 Y58.574 E0.09805
G1 F3850.3 X26.542 Y58.223 E0.01025
G1 F3600 X25.9 Y56.615 E0.02879
G1 X25.9 Y43.5 E0.2181
G1 X25.942 Y43.277 E0.00377
G1 X26.542 Y41.777 E0.02687
G1 F3809.5 X27 Y41.43 E0.00903
G1 F4079.3 X33.7 Y41.425 E0.09833
G1 F3110.2 X34.281 Y41.63 E0.01186
G1 F2500 X34.387 Y42.029 E0.00989
G1 X34.812 Y41.674 E0.01326
G1 X34.812 Y41.188 E0.01164
G1 X34.524 Y41.188 E0.0069
G1 F3110.2 X33.7 Y41.075 E0.01601
G1 F4114.3 X27.1 Y41.075 E0.09604
G1 F3840 X26.084 Y41.1 E0.01584
G1 F3600 X25.101 Y41.101 E0.01635
G1 X25.1 Y58.896 E0.29593
G1 X26.087 Y58.896 E0.01641
G1 F3850.3 X27.1 Y58.922 E0.01576
G1 F4090.9 X33.83 Y58.922 E0.09849
G1 F3090.1 X34.523 Y58.812 E0.01359
G1 F2504.3 X34.809 Y58.812 E0.00684
G1 X34.811 Y58.322 E0.01171
G1 X34.387 Y57.966 E0.01324
G1 X34.28 Y58.37 E0.00999
G1 F3090.1 X33.8 Y58.57 E0.01007
G0 F7200 X33.9 Y58
;TYPE:WALL-OUTER
G1 F1800 X33.869 Y58.108 E0.00187
G1 X33.735 Y58.198 E0.00268
G1 X27.1 Y58.2 E0.11034
G1 X26.914 Y58.075 E0.00373
G1 X26.302 Y56.535 E0.02756
G1 X26.3 Y43.46 E0.21744
G1 X26.914 Y41.925 E0.02749
G1 X27.065 Y41.802 E0.00324
G1 X33.7 Y41.8 E0.11034
G1 X33.869 Y41.892 E0.0032
G1 X33.9 Y42 E0.00187
G1 X33.899 Y43.072 E0.01783
G1 X35.3 Y41.902 E0.03035
G1 X35.3 Y41.017 E0.01472
G1 X35.213 Y40.798 E0.00392
G1 X35.023 Y40.7 E0.00356
G1 X25.015 Y40.7 E0.16643
G1 X24.798 Y40.783 E0.00386
G1 X24.7 Y40.973 E0.00356
G1 X24.7 Y58.981 E0.29947
G1 X24.783 Y59.198 E0.00386
G1 X24.973 Y59.296 E0.00356
G1 X34.979 Y59.299 E0.1664
G1 X35.198 Y59.213 E0.00391
G1 X35.296 Y59.023 E0.00356
G1 X35.299 Y58.094 E0.01545
G1 X33.9 Y56.928 E0.03029
G1 X33.9 Y58 E0.01783
G0 F7200 X33.869 Y58.108
G0 X33.796 Y58.157
G1 F1500 E-6.5
G0 F7200 X34.552 Y58.32
G0 X36.166 Y58.201
G0 X43.835 Y58.202
G0 X44.93 Y58.202
G0 X45.41 Y56.574
G0 X45.26 Y56.573
;TYPE:FILL
G1 F1500 E6.5
G1 F3600 X46.012 Y57.326 E0.0177
G1 X46.082 Y57.396
G0 F7200 X45.907 Y57.466
G0 X46.421 Y58.632
G0 X47.01 Y58.646
G1 F3600 X46.878 Y58.778 E0.0031
G0 F7200 X46.421 Y58.632
G0 X45.651 Y56.663
G0 X45.41 Y54.74
G0 X45.26 Y54.739
G1 F3600 X45.74 Y54.259 E0.01129
G0 F7200 X45.59 Y54.259
G0 X45.59 Y51.397
G0 X45.741 Y51.397
G1 F3600 X45.26 Y50.917 E0.0113
G0 F7200 X45.41 Y50.918
G0 X45.411 Y49.083
G0 X45.26 Y49.082
G1 F3600 X45.74 Y48.602 E0.01129
G0 F7200 X45.59 Y48.602
G0 X45.59 Y45.741
G0 X45.741 Y45.741
G1 F3600 X45.26 Y45.26 E0.01131
G0 F7200 X45.411 Y45.261
G0 X45.411 Y43.426
G0 X45.26 Y43.425
G1 F3600 X46.011 Y42.674 E0.01766
G1 X46.081 Y42.604
G0 F7200 X45.908 Y42.534
G0 X46.422 Y41.366
G0 X46.964 Y41.307
G1 F3600 X46.878 Y41.221 E0.00202
G0 F7200 X47.39 Y41.296
G1 F3600 X47.475 Y41.21 E0.00201
G0 F7200 X52.524 Y41.21
G1 F3600 X52.605 Y41.291 E0.0019
G0 F7200 X53.051 Y41.291
G1 F3600 X53.132 Y41.21 E0.0019
G0 F7200 X46.8 Y41.557
G0 X46.051 Y43.414
G0 X46.051 Y56.586
G0 X46.8 Y58.443
G0 X54.61 Y58.57
G0 X53.8 Y58.57
;TYPE:WALL-INNER
G1 F4090.9 X47.1 Y58.574 E0.09805
G1 F3850.3 X46.542 Y58.223 E0.01025
G1 F3600 X45.9 Y56.615 E0.02879
G1 X45.9 Y43.5 E0.2181
G1 X45.942 Y43.277 E0.00377
G1 X46.542 Y41.777 E0.02687
G1 F3809.5 X47 Y41.43 E0.00903
G1 F4079.3 X53.7 Y41.425 E0.09833
G1 F3110.2 X54.281 Y41.63 E0.01186
G1 F2500 X54.387 Y42.029 E0.00989
G1 X54.812 Y41.674 E0.01326
G1 X54.812 Y41.188 E0.01164
G1 X54.524 Y41.188 E0.0069
G1 F3110.2 X53.7 Y41.075 E0.01601
G1 F4114.3 X47.1 Y41.075 E0.09604
G1 F3840 X46.084 Y41.1 E0.01584
G1 F3600 X45.101 Y41.101 E0.01635
G1 X45.1 Y58.896 E0.29593
G1 X46.087 Y58.896 E0.01641
G1 F3850.3 X47.1 Y58.922 E0.01576
G1 F4090.9 X53.83 Y58.922 E0.09849
G1 F3090.1 X54.523 Y58.812 E0.01359
G1 F2504.3 X54.809 Y58.812 E0.00684
G1 X54.811 Y58.322 E0.01171
G1 X54.387 Y57.966 E0.01324
G1 X54.28 Y58.37 E0.00999
G1 F3090.1 X53.8 Y58.57 E0.01007
G0 F7200 X53.9 Y58
;TYPE:WALL-OUTER
G1 F1800 X53.869 Y58.108 E0.00187
G1 X53.735 Y58.198 E0.00268
G1 X47.1 Y58.2 E0.11034
G1 X46.914 Y58.075 E0.00373
G1 X46.302 Y56.535 E0.02756
G1 X46.3 Y43.46 E0.21744
G1 X46.914 Y41.925 E0.02749
G1 X47.065 Y41.802 E0.00324
G1 X53.7 Y41.8 E0.11034
G1 X53.869 Y41.892 E0.0032
G1 X53.9 Y42 E0.00187
G1 X53.899 Y43.072 E0.01783
G1 X55.3 Y41.902 E0.03035
G1 X55.3 Y41.017 E0.01472
G1 X55.213 Y40.798 E0.00392
G1 X55.023 Y40.7 E0.00356
G1 X45.015 Y40.7 E0.16643
G1 X44.798 Y40.783 E0.00386
G1 X44.7 Y40.973 E0.00356
G1 X44.7 Y58.981 E0.29947
G1 X44.783 Y59.198 E0.00386
G1 X44.973 Y59.296 E0.00356
G1 X54.979 Y59.299 E0.1664
G1 X55.198 Y59.213 E0.00391
G1 X55.296 Y59.023 E0.00356
G1 X55.299 Y58.094 E0.01545
G1 X53.9 Y56.928 E0.03029
G1 X53.9 Y58 E0.01783
G0 F7200 X53.869 Y58.108
G0 X53.796 Y58.157
G1 F1500 E-6.5
G0 F7200 X54.552 Y58.32
G0 X56.166 Y58.201
G0 X63.835 Y58.202
G0 X64.93 Y58.202
G0 X65.41 Y57.367
G0 X65.26 Y57.366
;TYPE:FILL
G1 F1500 E6.5
G1 F3600 X65.808 Y56.818 E0.01289
G0 F7200 X65.67 Y56.873
G0 X65.59 Y54.427
G0 X65.74 Y54.427
G1 F3600 X65.26 Y53.946 E0.0113
G0 F7200 X65.41 Y53.947
G0 X65.41 Y51.71
G0 X65.26 Y51.709
G1 F3600 X65.74 Y51.23 E0.01128
G0 F7200 X65.59 Y51.23
G0 X65.59 Y48.77
G0 X65.74 Y48.77
G1 F3600 X65.26 Y48.29 E0.01129
G0 F7200 X65.411 Y48.291
G0 X65.411 Y46.053
G0 X65.261 Y46.052
G1 F3600 X65.74 Y45.573 E0.01127
G0 F7200 X65.59 Y45.573
G0 X65.671 Y43.125
G0 X65.808 Y43.181
G1 F3600 X65.26 Y42.633 E0.01289
G0 F7200 X65.411 Y42.634
G0 X66.8 Y41.557
G0 X69.494 Y41.21
G1 F3600 X69.577 Y41.293 E0.00195
G0 F7200 X70.02 Y41.293
G1 F3600 X70.103 Y41.21 E0.00195
G0 F7200 X66.8 Y41.557
G0 X66.051 Y43.414
G0 X66.051 Y56.586
G0 X66.8 Y58.443
G0 X74.61 Y58.57
G0 X73.8 Y58.57
;TYPE:WALL-INNER
G1 F4090.9 X67.1 Y58.574 E0.09805
G1 F3850.3 X66.542 Y58.223 E0.01025
G1 F3600 X65.9 Y56.615 E0.02879
G1 X65.9 Y43.5 E0.2181
G1 X65.942 Y43.277 E0.00377
G1 X66.542 Y41.777 E0.02687
G1 F3809.5 X67 Y41.43 E0.00903
G1 F4079.3 X73.7 Y41.425 E0.09833
G1 F3110.2 X74.281 Y41.63 E0.01186
G1 F2500 X74.387 Y42.029 E0.00989
G1 X74.812 Y41.674 E0.01326
G1 X74.812 Y41.188 E0.01164
G1 X74.524 Y41.188 E0.0069
G1 F3110.2 X73.7 Y41.075 E0.01601
G1 F4114.3 X67.1 Y41.075 E0.09604
G1 F3840 X66.084 Y41.1 E0.01584
G1 F3600 X65.101 Y41.101 E0.01635
G1 X65.1 Y58.896 E0.29593
G1 X66.087 Y58.896 E0.01641
G1 F3850.3 X67.1 Y58.922 E0.01576
G1 F4090.9 X73.83 Y58.922 E0.09849
G1 F3090.1 X74.523 Y58.812 E0.01359
G1 F2504.3 X74.809 Y58.812 E0.00684
G1 X74.811 Y58.322 E0.01171
G1 X74.387 Y57.966 E0.01324
G1 X74.28 Y58.37 E0.00999
G1 F3090.1 X73.8 Y58.57 E0.01007
G0 F7200 X73.9 Y58
;TYPE:WALL-OUTER
G1 F1800 X73.869 Y58.108 E0.00187
G1 X73.735 Y58.198 E0.00268
G1 X67.1 Y58.2 E0.11034
G1 X66.914 Y58.075 E0.00373
G1 X66.302 Y56.535 E0.02756
G1 X66.3 Y43.46 E0.21744
G1 X66.914 Y41.925 E0.02749
G1 X67.065 Y41.802 E0.00324
G1 X73.7 Y41.8 E0.11034
G1 X73.869 Y41.892 E0.0032
G1 X73.9 Y42 E0.00187
G1 X73.899 Y43.072 E0.01783
G1 X75.3 Y41.902 E0.03035
G1 X75.3 Y41.017 E0.01472
G1 X75.213 Y40.798 E0.00392
G1 X75.023 Y40.7 E0.00356
G1 X65.015 Y40.7 E0.16643
G1 X64.798 Y40.783 E0.00386
G1 X64.7 Y40.973 E0.00356
G1 X64.7 Y58.981 E0.29947
G1 X64.783 Y59.198 E0.00386
G1 X64.973 Y59.296 E0.00356
G1 X74.979 Y59.299 E0.1664
G1 X75.198 Y59.213 E0.00391
G1 X75.296 Y59.023 E0.00356
G1 X75.299 Y58.094 E0.01545
G1 X73.9 Y56.928 E0.03029
G1 X73.9 Y58 E0.01783
G0 F7200 X73.869 Y58.108
G0 X73.796 Y58.157
G1 F1500 E-6.5
;MESH:NONMESH
G0 F600 X73.796 Y58.157 Z5.6
G0 F7200 X74.552 Y58.32
G0 X66.8 Y58.443
G0 X66.051 Y56.586
G0 X64.931 Y42.238
G0 X63.836 Y42.238
G0 X55.23 Y39.839
G0 X44.935 Y39.836
G0 X36.165 Y41.8
G0 X35.072 Y41.8
G0 X34.138 Y41.562
G0 X26.8 Y41.557
G0 X25.411 Y42.232
G0 X25.26 Y42.231
;TIME_ELAPSED:959.567897
;LAYER:53
;TYPE:FILL
;MESH:pin.stl
G1 F1500 E6.5
G1 F3600 X25.924 Y42.895 E0.01562
G1 X25.994 Y42.965
G0 F7200 X25.771 Y42.875
G0 X25.59 Y45.975
G0 X25.74 Y45.975
G1 F3600 X25.261 Y46.454 E0.01127
G0 F7200 X25.41 Y46.454
G0 X25.41 Y47.887
G0 X25.26 Y47.887
G1 F3600 X25.74 Y48.368 E0.0113
G0 F7200 X25.59 Y48.368
G0 X25.59 Y51.632
G0 X25.74 Y51.632
G1 F3600 X25.261 Y52.111 E0.01127
G0 F7200 X25.41 Y52.111
G0 X25.41 Y53.544
G0 X25.26 Y53.544
G1 F3600 X25.74 Y54.024 E0.01129
G0 F7200 X25.59 Y54.024
G0 X25.651 Y56.663
G0 X25.923 Y57.106
G1 F3600 X25.261 Y57.768 E0.01557
G1 X25.191 Y57.838
G0 F7200 X25.41 Y57.838
G0 X26.051 Y43.414
G0 X26.8 Y41.557
G0 X29.98 Y41.294
G1 F3600 X29.896 Y41.21 E0.00198
G0 F7200 X30.421 Y41.294
G1 F3600 X30.505 Y41.21 E0.00198
G0 F7200 X26.8 Y41.557
G0 X26.051 Y43.414
G0 X26.051 Y56.586
G0 X26.8 Y58.443
G0 X34.61 Y58.57
G0 X33.8 Y58.57
;TYPE:WALL-INNER
G1 F4079.3 X27.1 Y58.575 E0.09833
G1 F3840 X26.542 Y58.223 E0.01029
G1 F3600 X25.9 Y56.615 E0.02879
G1 X25.9 Y55.125 E0.02478
G1 X25.941 Y54.998 E0.00222
G1 X25.9 Y54.861 E0.00238
G1 X25.9 Y45.212 E0.16046
G1 X25.941 Y44.998 E0.00362
G1 X25.9 Y44.861 E0.00238
G1 X25.9 Y43.5 E0.02263
G1 X25.942 Y43.277 E0.00377
G1 X26.542 Y41.777 E0.02687
G1 F3809.5 X27 Y41.43 E0.00903
G1 F4079.3 X33.7 Y41.425 E0.09833
G1 F3110.2 X34.281 Y41.63 E0.01186
G1 F2500 X34.387 Y42.029 E0.00989
G1 X34.812 Y41.674 E0.01326
G1 X34.812 Y41.188 E0.01164
G1 X34.524 Y41.188 E0.0069
G1 F3110.2 X33.7 Y41.075 E0.01601
G1 F4114.3 X27.1 Y41.075 E0.09604
G1 F3840 X26.084 Y41.1 E0.01584
G1 F3600 X25.101 Y41.101 E0.01635
G1 X25.1 Y58.9 E0.296
G1 X26.084 Y58.9 E0.01636
G1 F3840 X27.1 Y58.925 E0.01584
G1 F4079.3 X33.83 Y58.922 E0.09877
G1 F3090.1 X34.524 Y58.812 E0.01361
G1 F2500 X34.812 Y58.812 E0.0069
G1 X34.812 Y58.323 E0.01171
G1 X34.388 Y57.969 E0.01323
G1 X34.281 Y58.37 E0.00994
G1 F3090.1 X33.8 Y58.57 E0.01009
G0 F7200 X33.9 Y58
;TYPE:WALL-OUTER
G1 F1800 X33.869 Y58.108 E0.00187
G1 X33.735 Y58.198 E0.00268
G1 X27.1 Y58.2 E0.11034
G1 X26.914 Y58.075 E0.00373
G1 X26.302 Y56.535 E0.02756
G1 X26.304 Y55.142 E0.02317
G1 F1734.9 X26.482 Y54.998 E0.00395
G1 X26.302 Y54.853 E0.00399
G1 F1800 X26.304 Y45.142 E0.16149
G1 F1734.9 X26.482 Y44.998 E0.00395
G1 X26.302 Y44.853 E0.00399
G1 F1800 X26.3 Y43.46 E0.02317
G1 X26.914 Y41.925 E0.02749
G1 X27.065 Y41.802 E0.00324
G1 X33.7 Y41.8 E0.11034
G1 X33.869 Y41.892 E0.0032
G1 X33.9 Y42 E0.00187
G1 X33.899 Y43.072 E0.01783
G1 X35.3 Y41.902 E0.03035
G1 X35.3 Y41.018 E0.0147
G1 X35.213 Y40.799 E0.00392
G1 X35.016 Y40.7 E0.00367
G1 X25.016 Y40.7 E0.1663
G1 X24.799 Y40.786 E0.00388
G1 X24.7 Y40.98 E0.00362
G1 X24.7 Y58.981 E0.29936
G1 X24.786 Y59.201 E0.00393
G1 X24.98 Y59.3 E0.00362
G1 X34.978 Y59.3 E0.16627
G1 X35.201 Y59.213 E0.00398
G1 X35.3 Y59.016 E0.00367
G1 X35.3 Y58.094 E0.01533
G1 X33.9 Y56.928 E0.0303
G1 X33.9 Y58 E0.01783
G0 F7200 X33.869 Y58.108
G0 X33.796 Y58.157
G1 F1500 E-6.5
G0 F7200 X34.552 Y58.32
G0 X34.118 Y57.393
G0 X33.047 Y57.347
G0 X28.165 Y54.998
G0 X27.286 Y54.998
G1 F1500 E6.5
G1 F1678.3 X26.482 Y54.998 E0.01434
G0 F7200 X25.59 Y54.998
G0 X25.59 Y44.998
G0 X26.482 Y44.998
G1 F1678.3 X27.286 Y44.998 E0.01434
G1 F1500 E-6.5
G0 F7200 X28.165 Y44.998
G0 X43.835 Y44.998
G0 X44.93 Y44.998
G0 X45.26 Y45.26
;TYPE:FILL
G1 F1500 E6.5
G1 F3600 X45.74 Y45.74 E0.01129
G0 F7200 X45.59 Y45.74
G0 X45.41 Y43.425
G0 X45.26 Y43.425
G1 F3600 X46.011 Y42.674 E0.01766
G1 X46.081 Y42.604
G0 F7200 X45.908 Y42.534
G0 X46.422 Y41.366
G0 X46.964 Y41.307
G1 F3600 X46.878 Y41.221 E0.00202
G0 F7200 X47.39 Y41.296
G1 F3600 X47.475 Y41.21 E0.00201
G0 F7200 X52.524 Y41.21
G1 F3600 X52.605 Y41.291 E0.0019
G0 F7200 X53.051 Y41.291
G1 F3600 X53.132 Y41.21 E0.0019
G0 F7200 X46.8 Y41.557
G0 X46.051 Y43.414
G0 X45.59 Y48.602
G0 X45.74 Y48.602
G1 F3600 X45.26 Y49.082 E0.01129
G0 F7200 X45.41 Y49.082
G0 X45.41 Y50.917
G0 X45.26 Y50.917
G1 F3600 X45.74 Y51.397 E0.01129
G0 F7200 X45.59 Y51.397
G0 X45.59 Y54.259
G0 X45.74 Y54.259
G1 F3600 X45.26 Y54.739 E0.01129
G0 F7200 X45.41 Y54.739
G0 X45.41 Y56.573
G0 X45.26 Y56.573
G1 F3600 X46.012 Y57.326 E0.0177
G1 X46.082 Y57.396
G0 F7200 X45.907 Y57.466
G0 X46.422 Y58.634
G0 X47.008 Y58.647
G1 F3600 X46.877 Y58.779 E0.00309
G0 F7200 X46.381 Y58.65
G0 X54.61 Y58.57
G0 X53.8 Y58.57
;TYPE:WALL-INNER
G1 F4079.3 X47.1 Y58.575 E0.09833
G1 F3840 X46.542 Y58.223 E0.01029
G1 F3600 X45.9 Y56.615 E0.02879
G1 X45.9 Y55.125 E0.02478
G1 X45.941 Y54.998 E0.00222
G1 X45.9 Y54.861 E0.00238
G1 X45.9 Y45.212 E0.16046
G1 X45.941 Y44.998 E0.00362
G1 X45.9 Y44.861 E0.00238
G1 X45.9 Y43.5 E0.02263
G1 X45.942 Y43.277 E0.00377
G1 X46.542 Y41.777 E0.02687
G1 F3809.5 X47 Y41.43 E0.00903
G1 F4079.3 X53.7 Y41.425 E0.09833
G1 F3110.2 X54.281 Y41.63 E0.01186
G1 F2500 X54.387 Y42.029 E0.00989
G1 X54.812 Y41.674 E0.01326
G1 X54.812 Y41.188 E0.01164
G1 X54.524 Y41.188 E0.0069
G1 F3110.2 X53.7 Y41.075 E0.01601
G1 F4114.3 X47.1 Y41.075 E0.09604
G1 F3840 X46.084 Y41.1 E0.01584
G1 F3600 X45.101 Y41.101 E0.01635
G1 X45.1 Y58.9 E0.296
G1 X46.084 Y58.9 E0.01636
G1 F3840 X47.1 Y58.925 E0.01584
G1 F4079.3 X53.83 Y58.922 E0.09877
G1 F3090.1 X54.524 Y58.812 E0.01361
G1 F2500 X54.812 Y58.812 E0.0069
G1 X54.812 Y58.323 E0.01171
G1 X54.388 Y57.969 E0.01323
G1 X54.281 Y58.37 E0.00994
G1 F3090.1 X53.8 Y58.57 E0.01009
G0 F7200 X53.9 Y58
;TYPE:WALL-OUTER
G1 F1800 X53.869 Y58.108 E0.00187
G1 X53.735 Y58.198 E0.00268
G1 X47.1 Y58.2 E0.11034
G1 X46.914 Y58.075 E0.00373
G1 X46.302 Y56.535 E0.02756
G1 X46.304 Y55.142 E0.02317
G1 F1734.9 X46.482 Y54.998 E0.00395
G1 X46.302 Y54.853 E0.00399
G1 F1800 X46.304 Y45.142 E0.16149
G1 F1734.9 X46.482 Y44.998 E0.00395
G1 X46.302 Y44.853 E0.00399
G1 F1800 X46.3 Y43.46 E0.02317
G1 X46.914 Y41.925 E0.02749
G1 X47.065 Y41.802 E0.00324
G1 X53.7 Y41.8 E0.11034
G1 X53.869 Y41.892 E0.0032
G1 X53.9 Y42 E0.00187
G1 X53.899 Y43.072 E0.01783
G1 X55.3 Y41.902 E0.03035
G1 X55.3 Y41.018 E0.0147
G1 X55.213 Y40.799 E0.00392
G1 X55.016 Y40.7 E0.00367
G1 X45.016 Y40.7 E0.1663
G1 X44.799 Y40.786 E0.00388
G1 X44.7 Y40.98 E0.00362
G1 X44.7 Y58.981 E0.29936
G1 X44.786 Y59.201 E0.00393
G1 X44.98 Y59.3 E0.00362
G1 X54.978 Y59.3 E0.16627
G1 X55.201 Y59.213 E0.00398
G1 X55.3 Y59.016 E0.00367
G1 X55.3 Y58.094 E0.01533
G1 X53.9 Y56.928 E0.0303
G1 X53.9 Y58 E0.01783
G0 F7200 X53.869 Y58.108
G0 X53.796 Y58.157
G1 F1500 E-6.5
G0 F7200 X54.552 Y58.32
G0 X47.286 Y58.43
G0 X47.545 Y57.342
G0 X47.287 Y55.877
G0 X47.286 Y54.998
G1 F1500 E6.5
G1 F1678.3 X46.482 Y54.998 E0.01434
G0 F7200 X45.59 Y54.998
G0 X45.59 Y44.998
G0 X46.482 Y44.998
G1 F1678.3 X47.286 Y44.998 E0.01434
G1 F1500 E-6.5
G0 F7200 X48.165 Y44.998
G0 X63.835 Y44.998
G0 X64.93 Y44.998
G0 X65.41 Y46.052
G0 X65.261 Y46.052
;TYPE:FILL
G1 F1500 E6.5
G1 F3600 X65.74 Y45.573 E0.01127
G0 F7200 X65.59 Y45.573
G0 X65.671 Y43.125
G0 X65.808 Y43.181
G1 F3600 X65.26 Y42.633 E0.01289
G0 F7200 X65.41 Y42.633
G0 X66.8 Y41.557
G0 X69.494 Y41.21
G1 F3600 X69.577 Y41.293 E0.00195
G0 F7200 X70.02 Y41.293
G1 F3600 X70.103 Y41.21 E0.00195
G0 F7200 X66.8 Y41.557
G0 X66.051 Y43.414
G0 X65.41 Y48.29
G0 X65.26 Y48.29
G1 F3600 X65.74 Y48.769 E0.01128
G0 F7200 X65.59 Y48.769
G0 X65.59 Y51.23
G0 X65.74 Y51.23
G1 F3600 X65.26 Y51.709 E0.01128
G0 F7200 X65.41 Y51.709
G0 X65.41 Y53.946
G0 X65.26 Y53.946
G1 F3600 X65.74 Y54.426 E0.01129
G0 F7200 X65.59 Y54.426
G0 X65.67 Y56.873
G0 X65.808 Y56.818
G1 F3600 X65.26 Y57.366 E0.01289
G0 F7200 X65.41 Y57.366
G0 X66.8 Y58.443
G0 X74.61 Y58.57
G0 X73.8 Y58.57
;TYPE:WALL-INNER
G1 F4079.3 X67.1 Y58.575 E0.09833
G1 F3840 X66.542 Y58.223 E0.01029
G1 F3600 X65.9 Y56.615 E0.02879
G1 X65.9 Y55.125 E0.02478
G1 X65.941 Y54.998 E0.00222
G1 X65.9 Y54.861 E0.00238
G1 X65.9 Y45.212 E0.16046
G1 X65.941 Y44.998 E0.00362
G1 X65.9 Y44.861 E0.00238
G1 X65.9 Y43.5 E0.02263
G1 X65.942 Y43.277 E0.00377
G1 X66.542 Y41.777 E0.02687
G1 F3809.5 X67 Y41.43 E0.00903
G1 F4079.3 X73.7 Y41.425 E0.09833
G1 F3110.2 X74.281 Y41.63 E0.01186
G1 F2500 X74.387 Y42.029 E0.00989
G1 X74.812 Y41.674 E0.01326
G1 X74.812 Y41.188 E0.01164
G1 X74.524 Y41.188 E0.0069
G1 F3110.2 X73.7 Y41.075 E0.01601
G1 F4114.3 X67.1 Y41.075 E0.09604
G1 F3840 X66.084 Y41.1 E0.01584
G1 F3600 X65.101 Y41.101 E0.01635
G1 X65.1 Y58.9 E0.296
G1 X66.084 Y58.9 E0.01636
G1 F3840 X67.1 Y58.925 E0.01584
G1 F4079.3 X73.83 Y58.922 E0.09877
G1 F3090.1 X74.524 Y58.812 E0.01361
G1 F2500 X74.812 Y58.812 E0.0069
G1 X74.812 Y58.323 E0.01171
G1 X74.388 Y57.969 E0.01323
G1 X74.281 Y58.37 E0.00994
G1 F3090.1 X73.8 Y58.57 E0.01009
G0 F7200 X73.9 Y58
;TYPE:WALL-OUTER
G1 F1800 X73.869 Y58.108 E0.00187
G1 X73.735 Y58.198 E0.00268
G1 X67.1 Y58.2 E0.11034
G1 X66.914 Y58.075 E0.00373
G1 X66.302 Y56.535 E0.02756
G1 X66.304 Y55.142 E0.02317
G1 F1734.9 X66.482 Y54.998 E0.00395
G1 X66.302 Y54.853 E0.00399
G1 F1800 X66.304 Y45.142 E0.16149
G1 F1734.9 X66.482 Y44.998 E0.00395
G1 X66.302 Y44.853 E0.00399
G1 F1800 X66.3 Y43.46 E0.02317
G1 X66.914 Y41.925 E0.02749
G1 X67.065 Y41.802 E0.00324
G1 X73.7 Y41.8 E0.11034
G1 X73.869 Y41.892 E0.0032
G1 X73.9 Y42 E0.00187
G1 X73.899 Y43.072 E0.01783
G1 X75.3 Y41.902 E0.03035
G1 X75.3 Y41.018 E0.0147
G1 X75.213 Y40.799 E0.00392
G1 X75.016 Y40.7 E0.00367
G1 X65.016 Y40.7 E0.1663
G1 X64.799 Y40.786 E0.00388
G1 X64.7 Y40.98 E0.00362
G1 X64.7 Y58.981 E0.29936
G1 X64.786 Y59.201 E0.00393
G1 X64.98 Y59.3 E0.00362
G1 X74.978 Y59.3 E0.16627
G1 X75.201 Y59.213 E0.00398
G1 X75.3 Y59.016 E0.00367
G1 X75.3 Y58.094 E0.01533
G1 X73.9 Y56.928 E0.0303
G1 X73.9 Y58 E0.01783
G0 F7200 X73.869 Y58.108
G0 X73.796 Y58.157
G1 F1500 E-6.5
G0 F7200 X74.552 Y58.32
G0 X67.286 Y58.43
G0 X67.545 Y57.342
G0 X67.287 Y55.877
G0 X67.286 Y54.998
G1 F1500 E6.5
G1 F1678.3 X66.482 Y54.998 E0.01434
G0 F7200 X65.59 Y54.998
G0 X65.59 Y44.998
G0 X66.482 Y44.998
G1 F1678.3 X67.286 Y44.998 E0.01434
G1 F1500 E-6.5
;MESH:NONMESH
G0 F600 X67.286 Y44.998 Z5.7
G0 F7200 X67.153 Y44.133
G0 X73.8 Y44.274
G0 X76.161 Y42.309
G0 X76.164 Y40.935
G0 X75.81 Y40.134
G0 X44.935 Y39.836
G0 X36.165 Y41.8
G0 X35.072 Y41.8
G0 X34.138 Y41.562
G0 X26.8 Y41.557
G0 X25.41 Y42.231
G0 X25.26 Y42.231
;TIME_ELAPSED:979.382618
;LAYER:54
;TYPE:FILL
;MESH:pin.stl
G1 F1500 E6.5
G1 F3600 X25.924 Y42.895 E0.01562
G1 X25.994 Y42.965
G0 F7200 X25.771 Y42.875
G0 X25.59 Y45.975
G0 X25.74 Y45.975
G1 F3600 X25.261 Y46.454 E0.01127
G0 F7200 X25.41 Y46.454
G0 X25.41 Y47.887
G0 X25.26 Y47.887
G1 F3600 X25.74 Y48.368 E0.0113
G0 F7200 X25.59 Y48.368
G0 X25.59 Y51.632
G0 X25.74 Y51.632
G1 F3600 X25.261 Y52.111 E0.01127
G0 F7200 X25.41 Y52.111
G0 X25.41 Y53.544
G0 X25.26 Y53.544
G1 F3600 X25.74 Y54.024 E0.01129
G0 F7200 X25.59 Y54.024
G0 X25.651 Y56.663
G0 X25.923 Y57.106
G1 F3600 X25.261 Y57.768 E0.01557
G1 X25.191 Y57.838
G0 F7200 X25.41 Y57.838
G0 X26.051 Y43.414
G0 X26.8 Y41.557
G0 X29.98 Y41.294
G1 F3600 X29.896 Y41.21 E0.00198
G0 F7200 X30.421 Y41.294
G1 F3600 X30.505 Y41.21 E0.00198
G0 F7200 X26.8 Y41.557
G0 X26.051 Y43.414
G0 X26.051 Y56.586
G0 X26.8 Y58.443
G0 X34.61 Y58.57
G0 X33.8 Y58.57
;TYPE:WALL-INNER
G1 F4079.3 X27.1 Y58.575 E0.09833
G1 F3840 X26.542 Y58.223 E0.01029
G1 F3600 X25.9 Y56.615 E0.02879
G1 X25.9 Y55.356 E0.02094
G1 X25.937 Y55.147 E0.00353
G1 X26.016 Y54.998 E0.0028
G1 X25.9 Y54.715 E0.00509
G1 X25.9 Y45.356 E0.15564
G1 X25.937 Y45.147 E0.00353
G1 X26.016 Y44.998 E0.0028
G1 X25.9 Y44.715 E0.00509
G1 X25.9 Y43.5 E0.02021
G1 X25.942 Y43.277 E0.00377
G1 X26.542 Y41.777 E0.02687
G1 F3809.5 X27 Y41.43 E0.00903
G1 F4079.3 X33.7 Y41.425 E0.09833
G1 F3110.2 X34.281 Y41.63 E0.01186
G1 F2500 X34.387 Y42.029 E0.00989
G1 X34.812 Y41.674 E0.01326
G1 X34.812 Y41.188 E0.01164
G1 X34.524 Y41.188 E0.0069
G1 F3110.2 X33.7 Y41.075 E0.01601
G1 F4114.3 X27.1 Y41.075 E0.09604
G1 F3840 X26.084 Y41.1 E0.01584
G1 F3600 X25.101 Y41.101 E0.01635
G1 X25.1 Y58.9 E0.296
G1 X26.084 Y58.9 E0.01636
G1 F3840 X27.1 Y58.925 E0.01584
G1 F4079.3 X33.83 Y58.922 E0.09877
G1 F3090.1 X34.524 Y58.812 E0.01361
G1 F2500 X34.812 Y58.812 E0.0069
G1 X34.812 Y58.323 E0.01171
G1 X34.388 Y57.969 E0.01323
G1 X34.281 Y58.37 E0.00994
G1 F3090.1 X33.8 Y58.57 E0.01009
G0 F7200 X33.9 Y58
;TYPE:WALL-OUTER
G1 F1800 X33.869 Y58.108 E0.00187
G1 X33.735 Y58.198 E0.00268
G1 X27.1 Y58.2 E0.11034
G1 X26.914 Y58.075 E0.00373
G1 X26.302 Y56.535 E0.02756
G1 X26.3 Y55.356 E0.01961
G1 X26.339 Y55.237 E0.00208
G1 F1894.7 X26.484 Y55.177 E0.00248
G1 F2011.2 X27.321 Y55.177 E0.01246
G1 X27.321 Y54.819 E0.00533
G1 X26.484 Y54.819 E0.01246
G1 F1894.7 X26.339 Y54.759 E0.00248
G1 F1800 X26.302 Y54.675 E0.00153
G1 X26.3 Y45.356 E0.15498
G1 X26.339 Y45.237 E0.00208
G1 F1894.7 X26.484 Y45.177 E0.00248
G1 F2011.2 X27.321 Y45.177 E0.01246
G1 X27.321 Y44.819 E0.00533
G1 X26.484 Y44.819 E0.01246
G1 F1894.7 X26.339 Y44.759 E0.00248
G1 F1800 X26.302 Y44.675 E0.00153
G1 X26.3 Y43.46 E0.02021
G1 X26.914 Y41.925 E0.02749
G1 X27.065 Y41.802 E0.00324
G1 X33.7 Y41.8 E0.11034
G1 X33.869 Y41.892 E0.0032
G1 X33.9 Y42 E0.00187
G1 X33.899 Y43.072 E0.01783
G1 X35.3 Y41.902 E0.03035
G1 X35.3 Y41.018 E0.0147
G1 X35.213 Y40.799 E0.00392
G1 X35.016 Y40.7 E0.00367
G1 X25.016 Y40.7 E0.1663
G1 X24.799 Y40.786 E0.00388
G1 X24.7 Y40.98 E0.00362
G1 X24.7 Y58.981 E0.29936
G1 X24.786 Y59.201 E0.00393
G1 X24.98 Y59.3 E0.00362
G1 X34.978 Y59.3 E0.16627
G1 X35.201 Y59.213 E0.00398
G1 X35.3 Y59.016 E0.00367
G1 X35.3 Y58.094 E0.01533
G1 X33.9 Y56.928 E0.0303
G1 X33.9 Y58 E0.01783
G0 F7200 X33.869 Y58.108
G0 X33.796 Y58.157
G1 F1500 E-6.5
G0 F7200 X34.552 Y58.32
G0 X36.165 Y58.2
G0 X43.835 Y58.2
G0 X44.93 Y58.2
G0 X45.41 Y56.573
G0 X45.26 Y56.573
;TYPE:FILL
G1 F1500 E6.5
G1 F3600 X46.012 Y57.326 E0.0177
G1 X46.082 Y57.396
G0 F7200 X45.907 Y57.466
G0 X46.422 Y58.634
G0 X47.008 Y58.647
G1 F3600 X46.877 Y58.779 E0.00309
G0 F7200 X46.422 Y58.634
G0 X45.651 Y56.663
G0 X45.41 Y54.739
G0 X45.26 Y54.739
G1 F3600 X45.74 Y54.259 E0.01129
G0 F7200 X45.59 Y54.259
G0 X45.59 Y51.397
G0 X45.74 Y51.397
G1 F3600 X45.26 Y50.917 E0.01129
G0 F7200 X45.41 Y50.917
G0 X45.41 Y49.082
G0 X45.26 Y49.082
G1 F3600 X45.74 Y48.602 E0.01129
G0 F7200 X45.59 Y48.602
G0 X45.59 Y45.74
G0 X45.74 Y45.74
G1 F3600 X45.26 Y45.26 E0.01129
G0 F7200 X45.41 Y45.26
G0 X45.41 Y43.425
G0 X45.26 Y43.425
G1 F3600 X46.011 Y42.674 E0.01766
G1 X46.081 Y42.604
G0 F7200 X45.908 Y42.534
G0 X46.422 Y41.366
G0 X46.964 Y41.307
G1 F3600 X46.878 Y41.221 E0.00202
G0 F7200 X47.39 Y41.296
G1 F3600 X47.475 Y41.21 E0.00201
G0 F7200 X52.524 Y41.21
G1 F3600 X52.605 Y41.291 E0.0019
G0 F7200 X53.051 Y41.291
G1 F3600 X53.132 Y41.21 E0.0019
G0 F7200 X46.8 Y41.557
G0 X46.051 Y43.414
G0 X46.051 Y56.586
G0 X46.8 Y58.443
G0 X54.61 Y58.57
G0 X53.8 Y58.57
;TYPE:WALL-INNER
G1 F4079.3 X47.1 Y58.575 E0.09833
G1 F3840 X46.542 Y58.223 E0.01029
G1 F3600 X45.9 Y56.615 E0.02879
G1 X45.9 Y55.356 E0.02094
G1 X45.937 Y55.147 E0.00353
G1 X46.016 Y54.998 E0.0028
G1 X45.9 Y54.715 E0.00509
G1 X45.9 Y45.356 E0.15564
G1 X45.937 Y45.147 E0.00353
G1 X46.016 Y44.998 E0.0028
G1 X45.9 Y44.715 E0.00509
G1 X45.9 Y43.5 E0.02021
G1 X45.942 Y43.277 E0.00377
G1 X46.542 Y41.777 E0.02687
G1 F3809.5 X47 Y41.43 E0.00903
G1 F4079.3 X53.7 Y41.425 E0.09833
G1 F3110.2 X54.281 Y41.63 E0.01186
G1 F2500 X54.387 Y42.029 E0.00989
G1 X54.812 Y41.674 E0.01326
G1 X54.812 Y41.188 E0.01164
G1 X54.524 Y41.188 E0.0069
G1 F3110.2 X53.7 Y41.075 E0.01601
G1 F4114.3 X47.1 Y41.075 E0.09604
G1 F3840 X46.084 Y41.1 E0.01584
G1 F3600 X45.101 Y41.101 E0.01635
G1 X45.1 Y58.9 E0.296
G1 X46.084 Y58.9 E0.01636
G1 F3840 X47.1 Y58.925 E0.01584
G1 F4079.3 X53.83 Y58.922 E0.09877
G1 F3090.1 X54.524 Y58.812 E0.01361
G1 F2500 X54.812 Y58.812 E0.0069
G1 X54.812 Y58.323 E0.01171
G1 X54.388 Y57.969 E0.01323
G1 X54.281 Y58.37 E0.00994
G1 F3090.1 X53.8 Y58.57 E0.01009
G0 F7200 X53.9 Y58
;TYPE:WALL-OUTER
G1 F1800 X53.869 Y58.108 E0.00187
G1 X53.735 Y58.198 E0.00268
G1 X47.1 Y58.2 E0.11034
G1 X46.914 Y58.075 E0.00373
G1 X46.302 Y56.535 E0.02756
G1 X46.3 Y55.356 E0.01961
G1 X46.339 Y55.237 E0.00208
G1 F1894.7 X46.484 Y55.177 E0.00248
G1 F2011.2 X47.321 Y55.177 E0.01246
G1 X47.321 Y54.819 E0.00533
G1 X46.484 Y54.819 E0.01246
G1 F1894.7 X46.339 Y54.759 E0.00248
G1 F1800 X46.302 Y54.675 E0.00153
G1 X46.3 Y45.356 E0.15498
G1 X46.339 Y45.237 E0.00208
G1 F1894.7 X46.484 Y45.177 E0.00248
G1 F2011.2 X47.321 Y45.177 E0.01246
G1 X47.321 Y44.819 E0.00533
G1 X46.484 Y44.819 E0.01246
G1 F1894.7 X46.339 Y44.759 E0.00248
G1 F1800 X46.302 Y44.675 E0.00153
G1 X46.3 Y43.46 E0.02021
G1 X46.914 Y41.925 E0.02749
G1 X47.065 Y41.802 E0.00324
G1 X53.7 Y41.8 E0.11034
G1 X53.869 Y41.892 E0.0032
G1 X53.9 Y42 E0.00187
G1 X53.899 Y43.072 E0.01783
G1 X55.3 Y41.902 E0.03035
G1 X55.3 Y41.018 E0.0147
G1 X55.213 Y40.799 E0.00392
G1 X55.016 Y40.7 E0.00367
G1 X45.016 Y40.7 E0.1663
G1 X44.799 Y40.786 E0.00388
G1 X44.7 Y40.98 E0.00362
G1 X44.7 Y58.981 E0.29936
G1 X44.786 Y59.201 E0.00393
G1 X44.98 Y59.3 E0.00362
G1 X54.978 Y59.3 E0.16627
G1 X55.201 Y59.213 E0.00398
G1 X55.3 Y59.016 E0.00367
G1 X55.3 Y58.094 E0.01533
G1 X53.9 Y56.928 E0.0303
G1 X53.9 Y58 E0.01783
G0 F7200 X53.869 Y58.108
G0 X53.796 Y58.157
G1 F1500 E-6.5
G0 F7200 X54.552 Y58.32
G0 X56.165 Y58.2
G0 X63.835 Y58.2
G0 X64.93 Y58.2
G0 X65.41 Y57.366
G0 X65.26 Y57.366
;TYPE:FILL
G1 F1500 E6.5
G1 F3600 X65.808 Y56.818 E0.01289
G0 F7200 X65.67 Y56.873
G0 X65.59 Y54.427
G0 X65.74 Y54.427
G1 F3600 X65.26 Y53.946 E0.0113
G0 F7200 X65.41 Y53.946
G0 X65.41 Y51.709
G0 X65.26 Y51.709
G1 F3600 X65.74 Y51.23 E0.01128
G0 F7200 X65.59 Y51.23
G0 X65.59 Y48.77
G0 X65.74 Y48.77
G1 F3600 X65.26 Y48.29 E0.01129
G0 F7200 X65.41 Y48.29
G0 X65.41 Y46.052
G0 X65.261 Y46.052
G1 F3600 X65.74 Y45.573 E0.01127
G0 F7200 X65.59 Y45.573
G0 X65.671 Y43.125
G0 X65.808 Y43.181
G1 F3600 X65.26 Y42.633 E0.01289
G0 F7200 X65.41 Y42.633
G0 X66.8 Y41.557
G0 X69.494 Y41.21
G1 F3600 X69.577 Y41.293 E0.00195
G0 F7200 X70.02 Y41.293
G1 F3600 X70.103 Y41.21 E0.00195
G0 F7200 X66.8 Y41.557
G0 X66.051 Y43.414
G0 X66.051 Y56.586
G0 X66.8 Y58.443
G0 X74.61 Y58.57
G0 X73.8 Y58.57
;TYPE:WALL-INNER
G1 F4079.3 X67.1 Y58.575 E0.09833
G1 F3840 X66.542 Y58.223 E0.01029
G1 F3600 X65.9 Y56.615 E0.02879
G1 X65.9 Y55.356 E0.02094
G1 X65.937 Y55.147 E0.00353
G1 X66.016 Y54.998 E0.0028
G1 X65.9 Y54.715 E0.00509
G1 X65.9 Y45.356 E0.15564
G1 X65.937 Y45.147 E0.00353
G1 X66.016 Y44.998 E0.0028
G1 X65.9 Y44.715 E0.00509
G1 X65.9 Y43.5 E0.02021
G1 X65.942 Y43.277 E0.00377
G1 X66.542 Y41.777 E0.02687
G1 F3809.5 X67 Y41.43 E0.00903
G1 F4079.3 X73.7 Y41.425 E0.09833
G1 F3110.2 X74.281 Y41.63 E0.01186
G1 F2500 X74.387 Y42.029 E0.00989
G1 X74.812 Y41.674 E0.01326
G1 X74.812 Y41.188 E0.01164
G1 X74.524 Y41.188 E0.0069
G1 F3110.2 X73.7 Y41.075 E0.01601
G1 F4114.3 X67.1 Y41.075 E0.09604
G1 F3840 X66.084 Y41.1 E0.01584
G1 F3600 X65.101 Y41.101 E0.01635
G1 X65.1 Y58.9 E0.296
G1 X66.084 Y58.9 E0.01636
G1 F3840 X67.1 Y58.925 E0.01584
G1 F4079.3 X73.83 Y58.922 E0.09877
G1 F3090.1 X74.524 Y58.812 E0.01361
G1 F2500 X74.812 Y58.812 E0.0069
G1 X74.812 Y58.323 E0.01171
G1 X74.388 Y57.969 E0.01323
G1 X74.281 Y58.37 E0.00994
G1 F3090.1 X73.8 Y58.57 E0.01009
G0 F7200 X73.9 Y58
;TYPE:WALL-OUTER
G1 F1800 X73.869 Y58.108 E0.00187
G1 X73.735 Y58.198 E0.00268
G1 X67.1 Y58.2 E0.11034
G1 X66.914 Y58.075 E0.00373
G1 X66.302 Y56.535 E0.02756
G1 X66.3 Y55.356 E0.01961
G1 X66.339 Y55.237 E0.00208
G1 F1894.7 X66.484 Y55.177 E0.00248
G1 F2011.2 X67.321 Y55.177 E0.01246
G1 X67.321 Y54.819 E0.00533
G1 X66.484 Y54.819 E0.01246
G1 F1894.7 X66.339 Y54.759 E0.00248
G1 F1800 X66.302 Y54.675 E0.00153
G1 X66.3 Y45.356 E0.15498
G1 X66.339 Y45.237 E0.00208
G1 F1894.7 X66.484 Y45.177 E0.00248
G1 F2011.2 X67.321 Y45.177 E0.01246
G1 X67.321 Y44.819 E0.00533
G1 X66.484 Y44.819 E0.01246
G1 F1894.7 X66.339 Y44.759 E0.00248
G1 F1800 X66.302 Y44.675 E0.00153
G1 X66.3 Y43.46 E0.02021
G1 X66.914 Y41.925 E0.02749
G1 X67.065 Y41.802 E0.00324
G1 X73.7 Y41.8 E0.11034
G1 X73.869 Y41.892 E0.0032
G1 X73.9 Y42 E0.00187
G1 X73.899 Y43.072 E0.01783
G1 X75.3 Y41.902 E0.03035
G1 X75.3 Y41.018 E0.0147
G1 X75.213 Y40.799 E0.00392
G1 X75.016 Y40.7 E0.00367
G1 X65.016 Y40.7 E0.1663
G1 X64.799 Y40.786 E0.00388
G1 X64.7 Y40.98 E0.00362
G1 X64.7 Y58.981 E0.29936
G1 X64.786 Y59.201 E0.00393
G1 X64.98 Y59.3 E0.00362
G1 X74.978 Y59.3 E0.16627
G1 X75.201 Y59.213 E0.00398
G1 X75.3 Y59.016 E0.00367
G1 X75.3 Y58.094 E0.01533
G1 X73.9 Y56.928 E0.0303
G1 X73.9 Y58 E0.01783
G0 F7200 X73.869 Y58.108
G0 X73.796 Y58.157
G1 F1500 E-6.5
;MESH:NONMESH
G0 F600 X73.796 Y58.157 Z5.8
G0 F7200 X74.552 Y58.32
G0 X66.8 Y58.443
G0 X66.051 Y56.586
G0 X64.93 Y42.231
G0 X63.835 Y42.231
G0 X55.223 Y39.837
G0 X44.935 Y39.836
G0 X36.165 Y41.8
G0 X35.072 Y41.8
G0 X34.138 Y41.562
G0 X26.8 Y41.557
G0 X25.41 Y42.231
G0 X25.26 Y42.231
;TIME_ELAPSED:997.017126
;LAYER:55
;TYPE:FILL
;MESH:pin.stl
G1 F1500 E6.5
G1 F3600 X25.924 Y42.895 E0.01562
G1 X25.994 Y42.965
G0 F7200 X25.771 Y42.875
G0 X25.59 Y45.975
G0 X25.74 Y45.975
G1 F3600 X25.261 Y46.454 E0.01127
G0 F7200 X25.41 Y46.454
G0 X25.41 Y47.887
G0 X25.26 Y47.887
G1 F3600 X25.74 Y48.368 E0.0113
G0 F7200 X25.59 Y48.368
G0 X25.59 Y51.632
G0 X25.74 Y51.632
G1 F3600 X25.261 Y52.111 E0.01127
G0 F7200 X25.41 Y52.111
G0 X25.41 Y53.544
G0 X25.26 Y53.544
G1 F3600 X25.74 Y54.024 E0.01129
G0 F7200 X25.59 Y54.024
G0 X25.651 Y56.663
G0 X25.923 Y57.106
G1 F3600 X25.261 Y57.768 E0.01557
G1 X25.191 Y57.838
G0 F7200 X25.41 Y57.838
G0 X26.051 Y43.414
G0 X26.8 Y41.557
G0 X29.98 Y41.294
G1 F3600 X29.896 Y41.21 E0.00198
G0 F7200 X30.421 Y41.294
G1 F3600 X30.505 Y41.21 E0.00198
G0 F7200 X26.8 Y41.557
G0 X26.051 Y43.414
G0 X26.051 Y56.586
G0 X26.8 Y58.443
G0 X34.61 Y58.57
G0 X33.8 Y58.57
;TYPE:WALL-INNER
G1 F4079.3 X27.1 Y58.575 E0.09833
G1 F3840 X26.542 Y58.223 E0.01029
G1 F3600 X25.9 Y56.615 E0.02879
G1 X25.9 Y55.432 E0.01967
G1 X25.953 Y55.184 E0.00422
G1 X26.055 Y55.028 E0.0031
G1 X26.114 Y55 E0.00109
G1 X26.055 Y54.972 E0.00109
G1 X25.9 Y54.646 E0.006
G1 X25.9 Y45.432 E0.15323
G1 X25.953 Y45.184 E0.00422
G1 X26.055 Y45.028 E0.0031
G1 X26.114 Y45 E0.00109
G1 X26.055 Y44.972 E0.00109
G1 X25.9 Y44.646 E0.006
G1 X25.9 Y43.5 E0.01906
G1 X25.942 Y43.277 E0.00377
G1 X26.542 Y41.777 E0.02687
G1 F3809.5 X27 Y41.43 E0.00903
G1 F4079.3 X33.7 Y41.425 E0.09833
G1 F3110.2 X34.281 Y41.63 E0.01186
G1 F2500 X34.387 Y42.029 E0.00989
G1 X34.812 Y41.674 E0.01326
G1 X34.812 Y41.188 E0.01164
G1 X34.524 Y41.188 E0.0069
G1 F3110.2 X33.7 Y41.075 E0.01601
G1 F4114.3 X27.1 Y41.075 E0.09604
G1 F3840 X26.084 Y41.1 E0.01584
G1 F3600 X25.101 Y41.101 E0.01635
G1 X25.1 Y58.9 E0.296
G1 X26.084 Y58.9 E0.01636
G1 F3840 X27.1 Y58.925 E0.01584
G1 F4079.3 X33.83 Y58.922 E0.09877
G1 F3090.1 X34.524 Y58.812 E0.01361
G1 F2500 X34.812 Y58.812 E0.0069
G1 X34.812 Y58.323 E0.01171
G1 X34.388 Y57.969 E0.01323
G1 X34.281 Y58.37 E0.00994
G1 F3090.1 X33.8 Y58.57 E0.01009
G0 F7200 X33.9 Y58
;TYPE:WALL-OUTER
G1 F1800 X33.869 Y58.108 E0.00187
G1 X33.735 Y58.198 E0.00268
G1 X27.1 Y58.2 E0.11034
G1 X26.914 Y58.075 E0.00373
G1 X26.302 Y56.535 E0.02756
G1 X26.3 Y55.432 E0.01834
G1 X26.351 Y55.297 E0.0024
G1 F1726.6 X26.481 Y55.216 E0.00266
G1 F1662.8 X27.284 Y55.216 E0.01446
G1 F1666.7 X27.284 Y54.784 E0.00776
G1 F1662.8 X26.481 Y54.784 E0.01446
G1 F1726.6 X26.351 Y54.703 E0.00266
G1 F1800 X26.302 Y54.603 E0.00185
G1 X26.3 Y45.432 E0.15251
G1 X26.351 Y45.297 E0.0024
G1 F1726.6 X26.481 Y45.216 E0.00266
G1 F1662.8 X27.284 Y45.216 E0.01446
G1 F1666.7 X27.284 Y44.784 E0.00776
G1 F1662.8 X26.481 Y44.784 E0.01446
G1 F1726.6 X26.351 Y44.703 E0.00266
G1 F1800 X26.302 Y44.603 E0.00185
G1 X26.3 Y43.46 E0.01901
G1 X26.914 Y41.925 E0.02749
G1 X27.065 Y41.802 E0.00324
G1 X33.7 Y41.8 E0.11034
G1 X33.869 Y41.892 E0.0032
G1 X33.9 Y42 E0.00187
G1 X33.899 Y43.072 E0.01783
G1 X35.3 Y41.902 E0.03035
G1 X35.3 Y41.018 E0.0147
G1 X35.213 Y40.799 E0.00392
G1 X35.016 Y40.7 E0.00367
G1 X25.016 Y40.7 E0.1663
G1 X24.799 Y40.786 E0.00388
G1 X24.7 Y40.98 E0.00362
G1 X24.7 Y58.981 E0.29936
G1 X24.786 Y59.201 E0.00393
G1 X24.98 Y59.3 E0.00362
G1 X34.978 Y59.3 E0.16627
G1 X35.201 Y59.213 E0.00398
G1 X35.3 Y59.016 E0.00367
G1 X35.3 Y58.094 E0.01533
G1 X33.9 Y56.928 E0.0303
G1 X33.9 Y58 E0.01783
G0 F7200 X33.869 Y58.108
G0 X33.796 Y58.157
G1 F1500 E-6.5
G0 F7200 X34.552 Y58.32
G0 X36.165 Y58.2
G0 X43.835 Y58.2
G0 X44.93 Y58.2
G0 X45.41 Y56.573
G0 X45.26 Y56.573
;TYPE:FILL
G1 F1500 E6.5
G1 F3600 X46.012 Y57.326 E0.0177
G1 X46.082 Y57.396
G0 F7200 X45.907 Y57.466
G0 X46.422 Y58.634
G0 X47.008 Y58.647
G1 F3600 X46.877 Y58.779 E0.00309
G0 F7200 X46.422 Y58.634
G0 X45.651 Y56.663
G0 X45.41 Y54.739
G0 X45.26 Y54.739
G1 F3600 X45.74 Y54.259 E0.01129
G0 F7200 X45.59 Y54.259
G0 X45.59 Y51.397
G0 X45.74 Y51.397
G1 F3600 X45.26 Y50.917 E0.01129
G0 F7200 X45.41 Y50.917
G0 X45.41 Y49.082
G0 X45.26 Y49.082
G1 F3600 X45.74 Y48.602 E0.01129
G0 F7200 X45.59 Y48.602
G0 X45.59 Y45.74
G0 X45.74 Y45.74
G1 F3600 X45.26 Y45.26 E0.01129
G0 F7200 X45.41 Y45.26
G0 X45.41 Y43.425
G0 X45.26 Y43.425
G1 F3600 X46.011 Y42.674 E0.01766
G1 X46.081 Y42.604
G0 F7200 X45.908 Y42.534
G0 X46.422 Y41.366
G0 X46.964 Y41.307
G1 F3600 X46.878 Y41.221 E0.00202
G0 F7200 X47.39 Y41.296
G1 F3600 X47.475 Y41.21 E0.00201
G0 F7200 X52.524 Y41.21
G1 F3600 X52.605 Y41.291 E0.0019
G0 F7200 X53.051 Y41.291
G1 F3600 X53.132 Y41.21 E0.0019
G0 F7200 X46.8 Y41.557
G0 X46.051 Y43.414
G0 X46.051 Y56.586
G0 X46.8 Y58.443
G0 X54.61 Y58.57
G0 X53.8 Y58.57
;TYPE:WALL-INNER
G1 F4079.3 X47.1 Y58.575 E0.09833
G1 F3840 X46.542 Y58.223 E0.01029
G1 F3600 X45.9 Y56.615 E0.02879
G1 X45.9 Y55.432 E0.01967
G1 X45.953 Y55.184 E0.00422
G1 X46.055 Y55.028 E0.0031
G1 X46.114 Y55 E0.00109
G1 X46.055 Y54.972 E0.00109
G1 X45.9 Y54.646 E0.006
G1 X45.9 Y45.432 E0.15323
G1 X45.953 Y45.184 E0.00422
G1 X46.055 Y45.028 E0.0031
G1 X46.114 Y45 E0.00109
G1 X46.055 Y44.972 E0.00109
G1 X45.9 Y44.646 E0.006
G1 X45.9 Y43.5 E0.01906
G1 X45.942 Y43.277 E0.00377
G1 X46.542 Y41.777 E0.02687
G1 F3809.5 X47 Y41.43 E0.00903
G1 F4079.3 X53.7 Y41.425 E0.09833
G1 F3110.2 X54.281 Y41.63 E0.01186
G1 F2500 X54.387 Y42.029 E0.00989
G1 X54.812 Y41.674 E0.01326
G1 X54.812 Y41.188 E0.01164
G1 X54.524 Y41.188 E0.0069
G1 F3110.2 X53.7 Y41.075 E0.01601
G1 F4114.3 X47.1 Y41.075 E0.09604
G1 F3840 X46.084 Y41.1 E0.01584
G1 F3600 X45.101 Y41.101 E0.01635
G1 X45.1 Y58.9 E0.296
G1 X46.084 Y58.9 E0.01636
G1 F3840 X47.1 Y58.925 E0.01584
G1 F4079.3 X53.83 Y58.922 E0.09877
G1 F3090.1 X54.524 Y58.812 E0.01361
G1 F2500 X54.812 Y58.812 E0.0069
G1 X54.812 Y58.323 E0.01171
G1 X54.388 Y57.969 E0.01323
G1 X54.281 Y58.37 E0.00994
G1 F3090.1 X53.8 Y58.57 E0.01009
G0 F7200 X53.9 Y58
;TYPE:WALL-OUTER
G1 F1800 X53.869 Y58.108 E0.00187
G1 X53.735 Y58.198 E0.00268
G1 X47.1 Y58.2 E0.11034
G1 X46.914 Y58.075 E0.00373
G1 X46.302 Y56.535 E0.02756
G1 X46.3 Y55.432 E0.01834
G1 X46.351 Y55.297 E0.0024
G1 F1726.6 X46.481 Y55.216 E0.00266
G1 F1662.8 X47.284 Y55.216 E0.01446
G1 F1666.7 X47.284 Y54.784 E0.00776
G1 F1662.8 X46.481 Y54.784 E0.01446
G1 F1726.6 X46.351 Y54.703 E0.00266
G1 F1800 X46.302 Y54.603 E0.00185
G1 X46.3 Y45.432 E0.15251
G1 X46.351 Y45.297 E0.0024
G1 F1726.6 X46.481 Y45.216 E0.00266
G1 F1662.8 X47.284 Y45.216 E0.01446
G1 F1666.7 X47.284 Y44.784 E0.00776
G1 F1662.8 X46.481 Y44.784 E0.01446
G1 F1726.6 X46.351 Y44.703 E0.00266
G1 F1800 X46.302 Y44.603 E0.00185
G1 X46.3 Y43.46 E0.01901
G1 X46.914 Y41.925 E0.02749
G1 X47.065 Y41.802 E0.00324
G1 X53.7 Y41.8 E0.11034
G1 X53.869 Y41.892 E0.0032
G1 X53.9 Y42 E0.00187
G1 X53.899 Y43.072 E0.01783
G1 X55.3 Y41.902 E0.03035
G1 X55.3 Y41.018 E0.0147
G1 X55.213 Y40.799 E0.00392
G1 X55.016 Y40.7 E0.00367
G1 X45.016 Y40.7 E0.1663
G1 X44.799 Y40.786 E0.00388
G1 X44.7 Y40.98 E0.00362
G1 X44.7 Y58.981 E0.29936
G1 X44.786 Y59.201 E0.00393
G1 X44.98 Y59.3 E0.00362
G1 X54.978 Y59.3 E0.16627
G1 X55.201 Y59.213 E0.00398
G1 X55.3 Y59.016 E0.00367
G1 X55.3 Y58.094 E0.01533
G1 X53.9 Y56.928 E0.0303
G1 X53.9 Y58 E0.01783
G0 F7200 X53.869 Y58.108
G0 X53.796 Y58.157
G1 F1500 E-6.5
G0 F7200 X54.552 Y58.32
G0 X56.165 Y58.2
G0 X63.835 Y58.2
G0 X64.93 Y58.2
G0 X65.41 Y57.366
G0 X65.26 Y57.366
;TYPE:FILL
G1 F1500 E6.5
G1 F3600 X65.808 Y56.818 E0.01289
G0 F7200 X65.67 Y56.873
G0 X65.59 Y54.427
G0 X65.74 Y54.427
G1 F3600 X65.26 Y53.946 E0.0113
G0 F7200 X65.41 Y53.946
G0 X65.41 Y51.709
G0 X65.26 Y51.709
G1 F3600 X65.74 Y51.229 E0.01129
G0 F7200 X65.59 Y51.229
G0 X65.59 Y48.77
G0 X65.74 Y48.77
G1 F3600 X65.26 Y48.29 E0.01129
G0 F7200 X65.41 Y48.29
G0 X65.41 Y46.052
G0 X65.261 Y46.052
G1 F3600 X65.74 Y45.572 E0.01128
G0 F7200 X65.59 Y45.572
G0 X65.671 Y43.125
G0 X65.808 Y43.181
G1 F3600 X65.26 Y42.633 E0.01289
G0 F7200 X65.41 Y42.633
G0 X66.8 Y41.557
G0 X69.494 Y41.21
G1 F3600 X69.577 Y41.293 E0.00195
G0 F7200 X70.02 Y41.293
G1 F3600 X70.103 Y41.21 E0.00195
G0 F7200 X66.8 Y41.557
G0 X66.051 Y43.414
G0 X66.051 Y56.586
G0 X66.8 Y58.443
G0 X74.61 Y58.57
G0 X73.8 Y58.57
;TYPE:WALL-INNER
G1 F4079.3 X67.1 Y58.575 E0.09833
G1 F3840 X66.542 Y58.223 E0.01029
G1 F3600 X65.9 Y56.615 E0.02879
G1 X65.9 Y55.432 E0.01967
G1 X65.953 Y55.184 E0.00422
G1 X66.055 Y55.028 E0.0031
G1 X66.114 Y55 E0.00109
G1 X66.055 Y54.972 E0.00109
G1 X65.9 Y54.646 E0.006
G1 X65.9 Y45.432 E0.15323
G1 X65.953 Y45.184 E0.00422
G1 X66.055 Y45.028 E0.0031
G1 X66.114 Y45 E0.00109
G1 X66.055 Y44.972 E0.00109
G1 X65.9 Y44.646 E0.006
G1 X65.9 Y43.5 E0.01906
G1 X65.942 Y43.277 E0.00377
G1 X66.542 Y41.777 E0.02687
G1 F3809.5 X67 Y41.43 E0.00903
G1 F4079.3 X73.7 Y41.425 E0.09833
G1 F3110.2 X74.281 Y41.63 E0.01186
G1 F2500 X74.387 Y42.029 E0.00989
G1 X74.812 Y41.674 E0.01326
G1 X74.812 Y41.188 E0.01164
G1 X74.524 Y41.188 E0.0069
G1 F3110.2 X73.7 Y41.075 E0.01601
G1 F4114.3 X67.1 Y41.075 E0.09604
G1 F3840 X66.084 Y41.1 E0.01584
G1 F3600 X65.101 Y41.101 E0.01635
G1 X65.1 Y58.9 E0.296
G1 X66.084 Y58.9 E0.01636
G1 F3840 X67.1 Y58.925 E0.01584
G1 F4079.3 X73.83 Y58.922 E0.09877
G1 F3090.1 X74.524 Y58.812 E0.01361
G1 F2500 X74.812 Y58.812 E0.0069
G1 X74.812 Y58.323 E0.01171
G1 X74.388 Y57.969 E0.01323
G1 X74.281 Y58.37 E0.00994
G1 F3090.1 X73.8 Y58.57 E0.01009
G0 F7200 X73.9 Y58
;TYPE:WALL-OUTER
G1 F1800 X73.869 Y58.108 E0.00187
G1 X73.735 Y58.198 E0.00268
G1 X67.1 Y58.2 E0.11034
G1 X66.914 Y58.075 E0.00373
G1 X66.302 Y56.535 E0.02756
G1 X66.3 Y55.432 E0.01834
G1 X66.351 Y55.297 E0.0024
G1 F1726.6 X66.481 Y55.216 E0.00266
G1 F1662.8 X67.284 Y55.216 E0.01446
G1 F1666.7 X67.284 Y54.784 E0.00776
G1 F1662.8 X66.481 Y54.784 E0.01446
G1 F1726.6 X66.351 Y54.703 E0.00266
G1 F1800 X66.302 Y54.603 E0.00185
G1 X66.3 Y45.432 E0.15251
G1 X66.351 Y45.297 E0.0024
G1 F1726.6 X66.481 Y45.216 E0.00266
G1 F1662.8 X67.284 Y45.216 E0.01446
G1 F1666.7 X67.284 Y44.784 E0.00776
G1 F1662.8 X66.481 Y44.784 E0.01446
G1 F1726.6 X66.351 Y44.703 E0.00266
G1 F1800 X66.302 Y44.603 E0.00185
G1 X66.3 Y43.46 E0.01901
G1 X66.914 Y41.925 E0.02749
G1 X67.065 Y41.802 E0.00324
G1 X73.7 Y41.8 E0.11034
G1 X73.869 Y41.892 E0.0032
G1 X73.9 Y42 E0.00187
G1 X73.899 Y43.072 E0.01783
G1 X75.3 Y41.902 E0.03035
G1 X75.3 Y41.018 E0.0147
G1 X75.213 Y40.799 E0.00392
G1 X75.016 Y40.7 E0.00367
G1 X65.016 Y40.7 E0.1663
G1 X64.799 Y40.786 E0.00388
G1 X64.7 Y40.98 E0.00362
G1 X64.7 Y58.981 E0.29936
G1 X64.786 Y59.201 E0.00393
G1 X64.98 Y59.3 E0.00362
G1 X74.978 Y59.3 E0.16627
G1 X75.201 Y59.213 E0.00398
G1 X75.3 Y59.016 E0.00367
G1 X75.3 Y58.094 E0.01533
G1 X73.9 Y56.928 E0.0303
G1 X73.9 Y58 E0.01783
G0 F7200 X73.869 Y58.108
G0 X73.796 Y58.157
G1 F1500 E-6.5
;MESH:NONMESH
G0 F600 X73.796 Y58.157 Z5.9
G0 F7200 X74.552 Y58.32
G0 X66.8 Y58.443
G0 X66.051 Y56.586
G0 X64.93 Y42.231
G0 X63.835 Y42.231
G0 X55.223 Y39.837
G0 X44.935 Y39.836
G0 X36.165 Y41.8
G0 X35.072 Y41.8
G0 X34.138 Y41.562
G0 X26.8 Y41.557
G0 X25.41 Y42.231
G0 X25.26 Y42.231
;TIME_ELAPSED:1014.734746
;LAYER:56
;TYPE:FILL
;MESH:pin.stl
G1 F1500 E6.5
G1 F3600 X25.924 Y42.895 E0.01562
G1 X25.994 Y42.965
G0 F7200 X25.771 Y42.875
G0 X25.59 Y45.975
G0 X25.74 Y45.975
G1 F3600 X25.261 Y46.454 E0.01127
G0 F7200 X25.41 Y46.454
G0 X25.41 Y47.887
G0 X25.26 Y47.887
G1 F3600 X25.74 Y48.368 E0.0113
G0 F7200 X25.59 Y48.368
G0 X25.59 Y51.632
G0 X25.74 Y51.632
G1 F3600 X25.261 Y52.111 E0.01127
G0 F7200 X25.41 Y52.111
G0 X25.41 Y53.544
G0 X25.26 Y53.544
G1 F3600 X25.74 Y54.024 E0.01129
G0 F7200 X25.59 Y54.024
G0 X25.651 Y56.663
G0 X25.923 Y57.106
G1 F3600 X25.261 Y57.768 E0.01557
G1 X25.191 Y57.838
G0 F7200 X25.41 Y57.838
G0 X26.051 Y43.414
G0 X26.8 Y41.557
G0 X29.98 Y41.294
G1 F3600 X29.896 Y41.21 E0.00198
G0 F7200 X30.421 Y41.294
G1 F3600 X30.505 Y41.21 E0.00198
G0 F7200 X26.8 Y41.557
G0 X26.051 Y43.414
G0 X26.051 Y56.586
G0 X26.8 Y58.443
G0 X34.61 Y58.57
G0 X33.8 Y58.57
;TYPE:WALL-INNER
G1 F4079.3 X27.1 Y58.575 E0.09833
G1 F3840 X26.542 Y58.223 E0.01029
G1 F3600 X25.9 Y56.615 E0.02879
G1 X25.9 Y55.472 E0.01901
G1 X25.963 Y55.202 E0.00461
G1 X26.076 Y55.046 E0.0032
G1 X26.182 Y54.998 E0.00194
G1 X26.076 Y54.95 E0.00194
G1 X25.963 Y54.794 E0.0032
G1 X25.9 Y54.604 E0.00333
G1 X25.9 Y45.472 E0.15187
G1 X25.963 Y45.202 E0.00461
G1 X26.076 Y45.046 E0.0032
G1 X26.182 Y44.998 E0.00194
G1 X26.076 Y44.95 E0.00194
G1 X25.963 Y44.794 E0.0032
G1 X25.9 Y44.604 E0.00333
G1 X25.9 Y43.5 E0.01836
G1 X25.942 Y43.277 E0.00377
G1 X26.542 Y41.777 E0.02687
G1 F3809.5 X27 Y41.43 E0.00903
G1 F4079.3 X33.7 Y41.425 E0.09833
G1 F3110.2 X34.281 Y41.63 E0.01186
G1 F2500 X34.387 Y42.029 E0.00989
G1 X34.812 Y41.674 E0.01326
G1 X34.812 Y41.188 E0.01164
G1 X34.524 Y41.188 E0.0069
G1 F3110.2 X33.7 Y41.075 E0.01601
G1 F4114.3 X27.1 Y41.075 E0.09604
G1 F3840 X26.084 Y41.1 E0.01584
G1 F3600 X25.101 Y41.101 E0.01635
G1 X25.1 Y58.9 E0.296
G1 X26.084 Y58.9 E0.01636
G1 F3840 X27.1 Y58.925 E0.01584
G1 F4079.3 X33.83 Y58.922 E0.09877
G1 F3090.1 X34.524 Y58.812 E0.01361
G1 F2500 X34.812 Y58.812 E0.0069
G1 X34.812 Y58.323 E0.01171
G1 X34.388 Y57.969 E0.01323
G1 X34.281 Y58.37 E0.00994
G1 F3090.1 X33.8 Y58.57 E0.01009
G0 F7200 X33.9 Y58
;TYPE:WALL-OUTER
G1 F1800 X33.869 Y58.108 E0.00187
G1 X33.735 Y58.198 E0.00268
G1 X27.1 Y58.2 E0.11034
G1 X26.914 Y58.075 E0.00373
G1 X26.302 Y56.535 E0.02756
G1 X26.3 Y55.402 E0.01884
G1 F1643.8 X26.479 Y55.235 E0.00446
G1 F1515.8 X27.263 Y55.235 E0.01548
G1 F1519 X27.263 Y54.761 E0.00934
G1 F1515.8 X26.479 Y54.761 E0.01548
G1 F1643.8 X26.358 Y54.666 E0.0028
G1 F1800 X26.302 Y54.559 E0.00201
G1 X26.3 Y45.402 E0.15228
G1 F1643.8 X26.479 Y45.235 E0.00446
G1 F1515.8 X27.263 Y45.235 E0.01548
G1 F1519 X27.263 Y44.761 E0.00934
G1 F1515.8 X26.479 Y44.761 E0.01548
G1 F1643.8 X26.358 Y44.666 E0.0028
G1 F1800 X26.302 Y44.559 E0.00201
G1 X26.3 Y43.46 E0.01828
G1 X26.914 Y41.925 E0.02749
G1 X27.065 Y41.802 E0.00324
G1 X33.7 Y41.8 E0.11034
G1 X33.869 Y41.892 E0.0032
G1 X33.9 Y42 E0.00187
G1 X33.899 Y43.072 E0.01783
G1 X35.3 Y41.902 E0.03035
G1 X35.3 Y41.018 E0.0147
G1 X35.213 Y40.799 E0.00392
G1 X35.016 Y40.7 E0.00367
G1 X25.016 Y40.7 E0.1663
G1 X24.799 Y40.786 E0.00388
G1 X24.7 Y40.98 E0.00362
G1 X24.7 Y58.981 E0.29936
G1 X24.786 Y59.201 E0.00393
G1 X24.98 Y59.3 E0.00362
G1 X34.978 Y59.3 E0.16627
G1 X35.201 Y59.213 E0.00398
G1 X35.3 Y59.016 E0.00367
G1 X35.3 Y58.094 E0.01533
G1 X33.9 Y56.928 E0.0303
G1 X33.9 Y58 E0.01783
G0 F7200 X33.869 Y58.108
G0 X33.796 Y58.157
G1 F1500 E-6.5
G0 F7200 X34.552 Y58.32
G0 X36.165 Y58.2
G0 X43.835 Y58.2
G0 X44.93 Y58.2
G0 X45.41 Y56.573
G0 X45.26 Y56.573
;TYPE:FILL
G1 F1500 E6.5
G1 F3600 X46.012 Y57.326 E0.0177
G1 X46.082 Y57.396
G0 F7200 X45.907 Y57.466
G0 X46.422 Y58.634
G0 X47.008 Y58.647
G1 F3600 X46.877 Y58.779 E0.00309
G0 F7200 X46.422 Y58.634
G0 X45.651 Y56.663
G0 X45.41 Y54.739
G0 X45.26 Y54.739
G1 F3600 X45.74 Y54.259 E0.01129
G0 F7200 X45.59 Y54.259
G0 X45.59 Y51.397
G0 X45.74 Y51.397
G1 F3600 X45.26 Y50.917 E0.01129
G0 F7200 X45.41 Y50.917
G0 X45.41 Y49.082
G0 X45.26 Y49.082
G1 F3600 X45.74 Y48.602 E0.01129
G0 F7200 X45.59 Y48.602
G0 X45.59 Y45.74
G0 X45.74 Y45.74
G1 F3600 X45.26 Y45.26 E0.01129
G0 F7200 X45.41 Y45.26
G0 X45.41 Y43.425
G0 X45.26 Y43.425
G1 F3600 X46.011 Y42.674 E0.01766
G1 X46.081 Y42.604
G0 F7200 X45.908 Y42.534
G0 X46.422 Y41.366
G0 X46.964 Y41.307
G1 F3600 X46.878 Y41.221 E0.00202
G0 F7200 X47.39 Y41.296
G1 F3600 X47.475 Y41.21 E0.00201
G0 F7200 X52.524 Y41.21
G1 F3600 X52.605 Y41.291 E0.0019
G0 F7200 X53.051 Y41.291
G1 F3600 X53.132 Y41.21 E0.0019
G0 F7200 X46.8 Y41.557
G0 X46.051 Y43.414
G0 X46.051 Y56.586
G0 X46.8 Y58.443
G0 X54.61 Y58.57
G0 X53.8 Y58.57
;TYPE:WALL-INNER
G1 F4079.3 X47.1 Y58.575 E0.09833
G1 F3840 X46.542 Y58.223 E0.01029
G1 F3600 X45.9 Y56.615 E0.02879
G1 X45.9 Y55.472 E0.01901
G1 X45.963 Y55.202 E0.00461
G1 X46.076 Y55.046 E0.0032
G1 X46.182 Y54.998 E0.00194
G1 X46.076 Y54.95 E0.00194
G1 X45.963 Y54.794 E0.0032
G1 X45.9 Y54.604 E0.00333
G1 X45.9 Y45.472 E0.15187
G1 X45.963 Y45.202 E0.00461
G1 X46.076 Y45.046 E0.0032
G1 X46.182 Y44.998 E0.00194
G1 X46.076 Y44.95 E0.00194
G1 X45.963 Y44.794 E0.0032
G1 X45.9 Y44.604 E0.00333
G1 X45.9 Y43.5 E0.01836
G1 X45.942 Y43.277 E0.00377
G1 X46.542 Y41.777 E0.02687
G1 F3809.5 X47 Y41.43 E0.00903
G1 F4079.3 X53.7 Y41.425 E0.09833
G1 F3110.2 X54.281 Y41.63 E0.01186
G1 F2500 X54.387 Y42.029 E0.00989
G1 X54.812 Y41.674 E0.01326
G1 X54.812 Y41.188 E0.01164
G1 X54.524 Y41.188 E0.0069
G1 F3110.2 X53.7 Y41.075 E0.01601
G1 F4114.3 X47.1 Y41.075 E0.09604
G1 F3840 X46.084 Y41.1 E0.01584
G1 F3600 X45.101 Y41.101 E0.01635
G1 X45.1 Y58.9 E0.296
G1 X46.084 Y58.9 E0.01636
G1 F3840 X47.1 Y58.925 E0.01584
G1 F4079.3 X53.83 Y58.922 E0.09877
G1 F3090.1 X54.524 Y58.812 E0.01361
G1 F2500 X54.812 Y58.812 E0.0069
G1 X54.812 Y58.323 E0.01171
G1 X54.388 Y57.969 E0.01323
G1 X54.281 Y58.37 E0.00994
G1 F3090.1 X53.8 Y58.57 E0.01009
G0 F7200 X53.9 Y58
;TYPE:WALL-OUTER
G1 F1800 X53.869 Y58.108 E0.00187
G1 X53.735 Y58.198 E0.00268
G1 X47.1 Y58.2 E0.11034
G1 X46.914 Y58.075 E0.00373
G1 X46.302 Y56.535 E0.02756
G1 X46.3 Y55.402 E0.01884
G1 F1643.8 X46.479 Y55.235 E0.00446
G1 F1515.8 X47.263 Y55.235 E0.01548
G1 F1519 X47.263 Y54.761 E0.00934
G1 F1515.8 X46.479 Y54.761 E0.01548
G1 F1643.8 X46.358 Y54.666 E0.0028
G1 F1800 X46.302 Y54.559 E0.00201
G1 X46.3 Y45.402 E0.15228
G1 F1643.8 X46.479 Y45.235 E0.00446
G1 F1515.8 X47.263 Y45.235 E0.01548
G1 F1519 X47.263 Y44.761 E0.00934
G1 F1515.8 X46.479 Y44.761 E0.01548
G1 F1643.8 X46.358 Y44.666 E0.0028
G1 F1800 X46.302 Y44.559 E0.00201
G1 X46.3 Y43.46 E0.01828
G1 X46.914 Y41.925 E0.02749
G1 X47.065 Y41.802 E0.00324
G1 X53.7 Y41.8 E0.11034
G1 X53.869 Y41.892 E0.0032
G1 X53.9 Y42 E0.00187
G1 X53.899 Y43.072 E0.01783
G1 X55.3 Y41.902 E0.03035
G1 X55.3 Y41.018 E0.0147
G1 X55.213 Y40.799 E0.00392
G1 X55.016 Y40.7 E0.00367
G1 X45.016 Y40.7 E0.1663
G1 X44.799 Y40.786 E0.00388
G1 X44.7 Y40.98 E0.00362
G1 X44.7 Y58.981 E0.29936
G1 X44.786 Y59.201 E0.00393
G1 X44.98 Y59.3 E0.00362
G1 X54.978 Y59.3 E0.16627
G1 X55.201 Y59.213 E0.00398
G1 X55.3 Y59.016 E0.00367
G1 X55.3 Y58.094 E0.01533
G1 X53.9 Y56.928 E0.0303
G1 X53.9 Y58 E0.01783
G0 F7200 X53.869 Y58.108
G0 X53.796 Y58.157
G1 F1500 E-6.5
G0 F7200 X54.552 Y58.32
G0 X56.165 Y58.2
G0 X63.835 Y58.2
G0 X64.93 Y58.2
G0 X65.41 Y57.366
G0 X65.26 Y57.366
;TYPE:FILL
G1 F1500 E6.5
G1 F3600 X65.808 Y56.818 E0.01289
G0 F7200 X65.67 Y56.873
G0 X65.59 Y54.426
G0 X65.74 Y54.426
G1 F3600 X65.26 Y53.946 E0.01129
G0 F7200 X65.41 Y53.946
G0 X65.41 Y51.709
G0 X65.26 Y51.709
G1 F3600 X65.74 Y51.23 E0.01128
G0 F7200 X65.59 Y51.23
G0 X65.59 Y48.769
G0 X65.74 Y48.769
G1 F3600 X65.26 Y48.29 E0.01128
G0 F7200 X65.41 Y48.29
G0 X65.41 Y46.052
G0 X65.261 Y46.052
G1 F3600 X65.74 Y45.573 E0.01127
G0 F7200 X65.59 Y45.573
G0 X65.671 Y43.125
G0 X65.808 Y43.181
G1 F3600 X65.26 Y42.633 E0.01289
G0 F7200 X65.41 Y42.633
G0 X66.8 Y41.557
G0 X69.494 Y41.21
G1 F3600 X69.577 Y41.293 E0.00195
G0 F7200 X70.02 Y41.293
G1 F3600 X70.103 Y41.21 E0.00195
G0 F7200 X66.8 Y41.557
G0 X66.051 Y43.414
G0 X66.051 Y56.586
G0 X66.8 Y58.443
G0 X74.61 Y58.57
G0 X73.8 Y58.57
;TYPE:WALL-INNER
G1 F4079.3 X67.1 Y58.575 E0.09833
G1 F3840 X66.542 Y58.223 E0.01029
G1 F3600 X65.9 Y56.615 E0.02879
G1 X65.9 Y55.472 E0.01901
G1 X65.963 Y55.202 E0.00461
G1 X66.076 Y55.046 E0.0032
G1 X66.182 Y54.998 E0.00194
G1 X66.076 Y54.95 E0.00194
G1 X65.963 Y54.794 E0.0032
G1 X65.9 Y54.604 E0.00333
G1 X65.9 Y45.472 E0.15187
G1 X65.963 Y45.202 E0.00461
G1 X66.076 Y45.046 E0.0032
G1 X66.182 Y44.998 E0.00194
G1 X66.076 Y44.95 E0.00194
G1 X65.963 Y44.794 E0.0032
G1 X65.9 Y44.604 E0.00333
G1 X65.9 Y43.5 E0.01836
G1 X65.942 Y43.277 E0.00377
G1 X66.542 Y41.777 E0.02687
G1 F3809.5 X67 Y41.43 E0.00903
G1 F4079.3 X73.7 Y41.425 E0.09833
G1 F3110.2 X74.281 Y41.63 E0.01186
G1 F2500 X74.387 Y42.029 E0.00989
G1 X74.812 Y41.674 E0.01326
G1 X74.812 Y41.188 E0.01164
G1 X74.524 Y41.188 E0.0069
G1 F3110.2 X73.7 Y41.075 E0.01601
G1 F4114.3 X67.1 Y41.075 E0.09604
G1 F3840 X66.084 Y41.1 E0.01584
G1 F3600 X65.101 Y41.101 E0.01635
G1 X65.1 Y58.9 E0.296
G1 X66.084 Y58.9 E0.01636
G1 F3840 X67.1 Y58.925 E0.01584
G1 F4079.3 X73.83 Y58.922 E0.09877
G1 F3090.1 X74.524 Y58.812 E0.01361
G1 F2500 X74.812 Y58.812 E0.0069
G1 X74.812 Y58.323 E0.01171
G1 X74.388 Y57.969 E0.01323
G1 X74.281 Y58.37 E0.00994
G1 F3090.1 X73.8 Y58.57 E0.01009
G0 F7200 X73.9 Y58
;TYPE:WALL-OUTER
G1 F1800 X73.869 Y58.108 E0.00187
G1 X73.735 Y58.198 E0.00268
G1 X67.1 Y58.2 E0.11034
G1 X66.914 Y58.075 E0.00373
G1 X66.302 Y56.535 E0.02756
G1 X66.3 Y55.402 E0.01884
G1 F1643.8 X66.479 Y55.235 E0.00446
G1 F1515.8 X67.263 Y55.235 E0.01548
G1 F1519 X67.263 Y54.761 E0.00934
G1 F1515.8 X66.479 Y54.761 E0.01548
G1 F1643.8 X66.358 Y54.666 E0.0028
G1 F1800 X66.302 Y54.559 E0.00201
G1 X66.3 Y45.402 E0.15228
G1 F1643.8 X66.479 Y45.235 E0.00446
G1 F1515.8 X67.263 Y45.235 E0.01548
G1 F1519 X67.263 Y44.761 E0.00934
G1 F1515.8 X66.479 Y44.761 E0.01548
G1 F1643.8 X66.358 Y44.666 E0.0028
G1 F1800 X66.302 Y44.559 E0.00201
G1 X66.3 Y43.46 E0.01828
G1 X66.914 Y41.925 E0.02749
G1 X67.065 Y41.802 E0.00324
G1 X73.7 Y41.8 E0.11034
G1 X73.869 Y41.892 E0.0032
G1 X73.9 Y42 E0.00187
G1 X73.899 Y43.072 E0.01783
G1 X75.3 Y41.902 E0.03035
G1 X75.3 Y41.018 E0.0147
G1 X75.213 Y40.799 E0.00392
G1 X75.016 Y40.7 E0.00367
G1 X65.016 Y40.7 E0.1663
G1 X64.799 Y40.786 E0.00388
G1 X64.7 Y40.98 E0.00362
G1 X64.7 Y58.981 E0.29936
G1 X64.786 Y59.201 E0.00393
G1 X64.98 Y59.3 E0.00362
G1 X74.978 Y59.3 E0.16627
G1 X75.201 Y59.213 E0.00398
G1 X75.3 Y59.016 E0.00367
G1 X75.3 Y58.094 E0.01533
G1 X73.9 Y56.928 E0.0303
G1 X73.9 Y58 E0.01783
G0 F7200 X73.869 Y58.108
G0 X73.796 Y58.157
G1 F1500 E-6.5
;MESH:NONMESH
G0 F600 X73.796 Y58.157 Z6
G0 F7200 X74.552 Y58.32
G0 X66.8 Y58.443
G0 X66.051 Y56.586
G0 X64.93 Y42.231
G0 X63.835 Y42.231
G0 X55.223 Y39.837
G0 X44.935 Y39.836
G0 X36.165 Y41.8
G0 X35.072 Y41.8
G0 X34.138 Y41.562
G0 X26.8 Y41.557
G0 X25.41 Y42.231
G0 X25.26 Y42.231
;TIME_ELAPSED:1032.490504
;LAYER:57
;TYPE:FILL
;MESH:pin.stl
G1 F1500 E6.5
G1 F3600 X25.924 Y42.895 E0.01562
G1 X25.994 Y42.965
G0 F7200 X25.771 Y42.875
G0 X25.59 Y45.975
G0 X25.74 Y45.975
G1 F3600 X25.261 Y46.454 E0.01127
G0 F7200 X25.41 Y46.454
G0 X25.41 Y47.887
G0 X25.26 Y47.887
G1 F3600 X25.74 Y48.368 E0.0113
G0 F7200 X25.59 Y48.368
G0 X25.59 Y51.632
G0 X25.74 Y51.632
G1 F3600 X25.261 Y52.111 E0.01127
G0 F7200 X25.41 Y52.111
G0 X25.41 Y53.544
G0 X25.26 Y53.544
G1 F3600 X25.74 Y54.024 E0.01129
G0 F7200 X25.59 Y54.024
G0 X25.651 Y56.663
G0 X25.923 Y57.106
G1 F3600 X25.261 Y57.768 E0.01557
G1 X25.191 Y57.838
G0 F7200 X25.41 Y57.838
G0 X26.051 Y43.414
G0 X26.8 Y41.557
G0 X29.98 Y41.294
G1 F3600 X29.896 Y41.21 E0.00198
G0 F7200 X30.421 Y41.294
G1 F3600 X30.505 Y41.21 E0.00198
G0 F7200 X26.8 Y41.557
G0 X26.051 Y43.414
G0 X26.051 Y56.586
G0 X26.8 Y58.443
G0 X34.61 Y58.57
G0 X33.8 Y58.57
;TYPE:WALL-INNER
G1 F4079.3 X27.1 Y58.575 E0.09833
G1 F3840 X26.542 Y58.223 E0.01029
G1 F3600 X25.9 Y56.615 E0.02879
G1 X25.9 Y55.496 E0.01861
G1 X25.969 Y55.215 E0.00481
G1 X26.087 Y55.06 E0.00324
G1 X26.222 Y55 E0.00246
G1 X26.087 Y54.94 E0.00246
G1 X25.969 Y54.785 E0.00324
G1 X25.9 Y54.585 E0.00352
G1 X25.9 Y45.496 E0.15115
G1 X25.969 Y45.215 E0.00481
G1 X26.087 Y45.06 E0.00324
G1 X26.222 Y45 E0.00246
G1 X26.087 Y44.94 E0.00246
G1 X25.969 Y44.785 E0.00324
G1 X25.9 Y44.585 E0.00352
G1 X25.9 Y43.5 E0.01804
G1 X25.942 Y43.277 E0.00377
G1 X26.542 Y41.777 E0.02687
G1 F3809.5 X27 Y41.43 E0.00903
G1 F4079.3 X33.7 Y41.425 E0.09833
G1 F3110.2 X34.281 Y41.63 E0.01186
G1 F2500 X34.387 Y42.029 E0.00989
G1 X34.812 Y41.674 E0.01326
G1 X34.812 Y41.188 E0.01164
G1 X34.524 Y41.188 E0.0069
G1 F3110.2 X33.7 Y41.075 E0.01601
G1 F4114.3 X27.1 Y41.075 E0.09604
G1 F3840 X26.084 Y41.1 E0.01584
G1 F3600 X25.101 Y41.101 E0.01635
G1 X25.1 Y58.9 E0.296
G1 X26.084 Y58.9 E0.01636
G1 F3840 X27.1 Y58.925 E0.01584
G1 F4079.3 X33.83 Y58.922 E0.09877
G1 F3090.1 X34.524 Y58.812 E0.01361
G1 F2500 X34.812 Y58.812 E0.0069
G1 X34.812 Y58.323 E0.01171
G1 X34.388 Y57.969 E0.01323
G1 X34.281 Y58.37 E0.00994
G1 F3090.1 X33.8 Y58.57 E0.01009
G0 F7200 X33.9 Y58
;TYPE:WALL-OUTER
G1 F1800 X33.869 Y58.108 E0.00187
G1 X33.735 Y58.198 E0.00268
G1 X27.1 Y58.2 E0.11034
G1 X26.914 Y58.075 E0.00373
G1 X26.302 Y56.535 E0.02756
G1 X26.3 Y55.425 E0.01846
G1 F1603.6 X26.478 Y55.248 E0.00469
G1 F1448.7 X27.252 Y55.248 E0.01599
G1 F1451.6 X27.252 Y54.752 E0.01023
G1 F1448.7 X26.478 Y54.752 E0.01599
G1 F1603.6 X26.302 Y54.577 E0.00463
G1 F1800 X26.3 Y45.425 E0.1522
G1 F1603.6 X26.478 Y45.248 E0.00469
G1 F1448.7 X27.252 Y45.248 E0.01599
G1 F1451.6 X27.252 Y44.752 E0.01023
G1 F1448.7 X26.478 Y44.752 E0.01599
G1 F1603.6 X26.302 Y44.577 E0.00463
G1 F1800 X26.3 Y43.46 E0.01858
G1 X26.914 Y41.925 E0.02749
G1 X27.065 Y41.802 E0.00324
G1 X33.7 Y41.8 E0.11034
G1 X33.869 Y41.892 E0.0032
G1 X33.9 Y42 E0.00187
G1 X33.899 Y43.072 E0.01783
G1 X35.3 Y41.902 E0.03035
G1 X35.3 Y41.018 E0.0147
G1 X35.213 Y40.799 E0.00392
G1 X35.016 Y40.7 E0.00367
G1 X25.016 Y40.7 E0.1663
G1 X24.799 Y40.786 E0.00388
G1 X24.7 Y40.98 E0.00362
G1 X24.7 Y58.981 E0.29936
G1 X24.786 Y59.201 E0.00393
G1 X24.98 Y59.3 E0.00362
G1 X34.978 Y59.3 E0.16627
G1 X35.201 Y59.213 E0.00398
G1 X35.3 Y59.016 E0.00367
G1 X35.3 Y58.094 E0.01533
G1 X33.9 Y56.928 E0.0303
G1 X33.9 Y58 E0.01783
G0 F7200 X33.869 Y58.108
G0 X33.796 Y58.157
G1 F1500 E-6.5
G0 F7200 X34.552 Y58.32
G0 X36.165 Y58.2
G0 X43.835 Y58.2
G0 X44.93 Y58.2
G0 X45.41 Y56.573
G0 X45.26 Y56.573
;TYPE:FILL
G1 F1500 E6.5
G1 F3600 X46.012 Y57.326 E0.0177
G1 X46.082 Y57.396
G0 F7200 X45.907 Y57.466
G0 X46.422 Y58.634
G0 X47.008 Y58.647
G1 F3600 X46.877 Y58.779 E0.00309
G0 F7200 X46.422 Y58.634
G0 X45.651 Y56.663
G0 X45.41 Y54.739
G0 X45.26 Y54.739
G1 F3600 X45.74 Y54.259 E0.01129
G0 F7200 X45.59 Y54.259
G0 X45.59 Y51.397
G0 X45.74 Y51.397
G1 F3600 X45.26 Y50.917 E0.01129
G0 F7200 X45.41 Y50.917
G0 X45.41 Y49.082
G0 X45.26 Y49.082
G1 F3600 X45.74 Y48.602 E0.01129
G0 F7200 X45.59 Y48.602
G0 X45.59 Y45.74
G0 X45.74 Y45.74
G1 F3600 X45.26 Y45.26 E0.01129
G0 F7200 X45.41 Y45.26
G0 X45.41 Y43.425
G0 X45.26 Y43.425
G1 F3600 X46.011 Y42.674 E0.01766
G1 X46.081 Y42.604
G0 F7200 X45.908 Y42.534
G0 X46.422 Y41.366
G0 X46.964 Y41.307
G1 F3600 X46.878 Y41.221 E0.00202
G0 F7200 X47.39 Y41.296
G1 F3600 X47.475 Y41.21 E0.00201
G0 F7200 X52.524 Y41.21
G1 F3600 X52.605 Y41.291 E0.0019
G0 F7200 X53.051 Y41.291
G1 F3600 X53.132 Y41.21 E0.0019
G0 F7200 X46.8 Y41.557
G0 X46.051 Y43.414
G0 X46.051 Y56.586
G0 X46.8 Y58.443
G0 X54.61 Y58.57
G0 X53.8 Y58.57
;TYPE:WALL-INNER
G1 F4079.3 X47.1 Y58.575 E0.09833
G1 F3840 X46.542 Y58.223 E0.01029
G1 F3600 X45.9 Y56.615 E0.02879
G1 X45.9 Y55.496 E0.01861
G1 X45.969 Y55.215 E0.00481
G1 X46.087 Y55.06 E0.00324
G1 X46.222 Y55 E0.00246
G1 X46.087 Y54.94 E0.00246
G1 X45.969 Y54.785 E0.00324
G1 X45.9 Y54.585 E0.00352
G1 X45.9 Y45.496 E0.15115
G1 X45.969 Y45.215 E0.00481
G1 X46.087 Y45.06 E0.00324
G1 X46.222 Y45 E0.00246
G1 X46.087 Y44.94 E0.00246
G1 X45.969 Y44.785 E0.00324
G1 X45.9 Y44.585 E0.00352
G1 X45.9 Y43.5 E0.01804
G1 X45.942 Y43.277 E0.00377
G1 X46.542 Y41.777 E0.02687
G1 F3809.5 X47 Y41.43 E0.00903
G1 F4079.3 X53.7 Y41.425 E0.09833
G1 F3110.2 X54.281 Y41.63 E0.01186
G1 F2500 X54.387 Y42.029 E0.00989
G1 X54.812 Y41.674 E0.01326
G1 X54.812 Y41.188 E0.01164
G1 X54.524 Y41.188 E0.0069
G1 F3110.2 X53.7 Y41.075 E0.01601
G1 F4114.3 X47.1 Y41.075 E0.09604
G1 F3840 X46.084 Y41.1 E0.01584
G1 F3600 X45.101 Y41.101 E0.01635
G1 X45.1 Y58.9 E0.296
G1 X46.084 Y58.9 E0.01636
G1 F3840 X47.1 Y58.925 E0.01584
G1 F4079.3 X53.83 Y58.922 E0.09877
G1 F3090.1 X54.524 Y58.812 E0.01361
G1 F2500 X54.812 Y58.812 E0.0069
G1 X54.812 Y58.323 E0.01171
G1 X54.388 Y57.969 E0.01323
G1 X54.281 Y58.37 E0.00994
G1 F3090.1 X53.8 Y58.57 E0.01009
G0 F7200 X53.9 Y58
;TYPE:WALL-OUTER
G1 F1800 X53.869 Y58.108 E0.00187
G1 X53.735 Y58.198 E0.00268
G1 X47.1 Y58.2 E0.11034
G1 X46.914 Y58.075 E0.00373
G1 X46.302 Y56.535 E0.02756
G1 X46.3 Y55.425 E0.01846
G1 F1603.6 X46.478 Y55.248 E0.00469
G1 F1448.7 X47.252 Y55.248 E0.01599
G1 F1451.6 X47.252 Y54.752 E0.01023
G1 F1448.7 X46.478 Y54.752 E0.01599
G1 F1603.6 X46.302 Y54.577 E0.00463
G1 F1800 X46.3 Y45.425 E0.1522
G1 F1603.6 X46.478 Y45.248 E0.00469
G1 F1448.7 X47.252 Y45.248 E0.01599
G1 F1451.6 X47.252 Y44.752 E0.01023
G1 F1448.7 X46.478 Y44.752 E0.01599
G1 F1603.6 X46.302 Y44.577 E0.00463
G1 F1800 X46.3 Y43.46 E0.01858
G1 X46.914 Y41.925 E0.02749
G1 X47.065 Y41.802 E0.00324
G1 X53.7 Y41.8 E0.11034
G1 X53.869 Y41.892 E0.0032
G1 X53.9 Y42 E0.00187
G1 X53.899 Y43.072 E0.01783
G1 X55.3 Y41.902 E0.03035
G1 X55.3 Y41.018 E0.0147
G1 X55.213 Y40.799 E0.00392
G1 X55.016 Y40.7 E0.00367
G1 X45.016 Y40.7 E0.1663
G1 X44.799 Y40.786 E0.00388
G1 X44.7 Y40.98 E0.00362
G1 X44.7 Y58.981 E0.29936
G1 X44.786 Y59.201 E0.00393
G1 X44.98 Y59.3 E0.00362
G1 X54.978 Y59.3 E0.16627
G1 X55.201 Y59.213 E0.00398
G1 X55.3 Y59.016 E0.00367
G1 X55.3 Y58.094 E0.01533
G1 X53.9 Y56.928 E0.0303
G1 X53.9 Y58 E0.01783
G0 F7200 X53.869 Y58.108
G0 X53.796 Y58.157
G1 F1500 E-6.5
G0 F7200 X54.552 Y58.32
G0 X56.165 Y58.2
G0 X63.835 Y58.2
G0 X64.93 Y58.2
G0 X65.41 Y57.366
G0 X65.26 Y57.366
;TYPE:FILL
G1 F1500 E6.5
G1 F3600 X65.808 Y56.818 E0.01289
G0 F7200 X65.67 Y56.873
G0 X65.59 Y54.426
G0 X65.74 Y54.426
G1 F3600 X65.26 Y53.946 E0.01129
G0 F7200 X65.41 Y53.946
G0 X65.41 Y51.709
G0 X65.26 Y51.709
G1 F3600 X65.74 Y51.23 E0.01128
G0 F7200 X65.59 Y51.23
G0 X65.59 Y48.769
G0 X65.74 Y48.769
G1 F3600 X65.26 Y48.29 E0.01128
G0 F7200 X65.41 Y48.29
G0 X65.41 Y46.052
G0 X65.261 Y46.052
G1 F3600 X65.74 Y45.573 E0.01127
G0 F7200 X65.59 Y45.573
G0 X65.671 Y43.125
G0 X65.808 Y43.181
G1 F3600 X65.26 Y42.633 E0.01289
G0 F7200 X65.41 Y42.633
G0 X66.8 Y41.557
G0 X69.494 Y41.21
G1 F3600 X69.577 Y41.293 E0.00195
G0 F7200 X70.02 Y41.293
G1 F3600 X70.103 Y41.21 E0.00195
G0 F7200 X66.8 Y41.557
G0 X66.051 Y43.414
G0 X66.051 Y56.586
G0 X66.8 Y58.443
G0 X74.61 Y58.57
G0 X73.8 Y58.57
;TYPE:WALL-INNER
G1 F4079.3 X67.1 Y58.575 E0.09833
G1 F3840 X66.542 Y58.223 E0.01029
G1 F3600 X65.9 Y56.615 E0.02879
G1 X65.9 Y55.496 E0.01861
G1 X65.969 Y55.215 E0.00481
G1 X66.087 Y55.06 E0.00324
G1 X66.222 Y55 E0.00246
G1 X66.087 Y54.94 E0.00246
G1 X65.969 Y54.785 E0.00324
G1 X65.9 Y54.585 E0.00352
G1 X65.9 Y45.496 E0.15115
G1 X65.969 Y45.215 E0.00481
G1 X66.087 Y45.06 E0.00324
G1 X66.222 Y45 E0.00246
G1 X66.087 Y44.94 E0.00246
G1 X65.969 Y44.785 E0.00324
G1 X65.9 Y44.585 E0.00352
G1 X65.9 Y43.5 E0.01804
G1 X65.942 Y43.277 E0.00377
G1 X66.542 Y41.777 E0.02687
G1 F3809.5 X67 Y41.43 E0.00903
G1 F4079.3 X73.7 Y41.425 E0.09833
G1 F3110.2 X74.281 Y41.63 E0.01186
G1 F2500 X74.387 Y42.029 E0.00989
G1 X74.812 Y41.674 E0.01326
G1 X74.812 Y41.188 E0.01164
G1 X74.524 Y41.188 E0.0069
G1 F3110.2 X73.7 Y41.075 E0.01601
G1 F4114.3 X67.1 Y41.075 E0.09604
G1 F3840 X66.084 Y41.1 E0.01584
G1 F3600 X65.101 Y41.101 E0.01635
G1 X65.1 Y58.9 E0.296
G1 X66.084 Y58.9 E0.01636
G1 F3840 X67.1 Y58.925 E0.01584
G1 F4079.3 X73.83 Y58.922 E0.09877
G1 F3090.1 X74.524 Y58.812 E0.01361
G1 F2500 X74.812 Y58.812 E0.0069
G1 X74.812 Y58.323 E0.01171
G1 X74.388 Y57.969 E0.01323
G1 X74.281 Y58.37 E0.00994
G1 F3090.1 X73.8 Y58.57 E0.01009
G0 F7200 X73.9 Y58
;TYPE:WALL-OUTER
G1 F1800 X73.869 Y58.108 E0.00187
G1 X73.735 Y58.198 E0.00268
G1 X67.1 Y58.2 E0.11034
G1 X66.914 Y58.075 E0.00373
G1 X66.302 Y56.535 E0.02756
G1 X66.3 Y55.425 E0.01846
G1 F1603.6 X66.478 Y55.248 E0.00469
G1 F1448.7 X67.252 Y55.248 E0.01599
G1 F1451.6 X67.252 Y54.752 E0.01023
G1 F1448.7 X66.478 Y54.752 E0.01599
G1 F1603.6 X66.302 Y54.577 E0.00463
G1 F1800 X66.3 Y45.425 E0.1522
G1 F1603.6 X66.478 Y45.248 E0.00469
G1 F1448.7 X67.252 Y45.248 E0.01599
G1 F1451.6 X67.252 Y44.752 E0.01023
G1 F1448.7 X66.478 Y44.752 E0.01599
G1 F1603.6 X66.302 Y44.577 E0.00463
G1 F1800 X66.3 Y43.46 E0.01858
G1 X66.914 Y41.925 E0.02749
G1 X67.065 Y41.802 E0.00324
G1 X73.7 Y41.8 E0.11034
G1 X73.869 Y41.892 E0.0032
G1 X73.9 Y42 E0.00187
G1 X73.899 Y43.072 E0.01783
G1 X75.3 Y41.902 E0.03035
G1 X75.3 Y41.018 E0.0147
G1 X75.213 Y40.799 E0.00392
G1 X75.016 Y40.7 E0.00367
G1 X65.016 Y40.7 E0.1663
G1 X64.799 Y40.786 E0.00388
G1 X64.7 Y40.98 E0.00362
G1 X64.7 Y58.981 E0.29936
G1 X64.786 Y59.201 E0.00393
G1 X64.98 Y59.3 E0.00362
G1 X74.978 Y59.3 E0.16627
G1 X75.201 Y59.213 E0.00398
G1 X75.3 Y59.016 E0.00367
G1 X75.3 Y58.094 E0.01533
G1 X73.9 Y56.928 E0.0303
G1 X73.9 Y58 E0.01783
G0 F7200 X73.869 Y58.108
G0 X73.796 Y58.157
G1 F1500 E-6.5
;MESH:NONMESH
G0 F600 X73.796 Y58.157 Z6.1
G0 F7200 X74.552 Y58.32
G0 X66.8 Y58.443
G0 X66.051 Y56.586
G0 X64.93 Y42.231
G0 X63.835 Y42.231
G0 X55.223 Y39.837
G0 X44.935 Y39.836
G0 X36.165 Y41.8
G0 X35.072 Y41.8
G0 X34.138 Y41.562
G0 X26.8 Y41.557
G0 X25.41 Y42.231
G0 X25.26 Y42.231
;TIME_ELAPSED:1050.272314
;LAYER:58
;TYPE:FILL
;MESH:pin.stl
G1 F1500 E6.5
G1 F3600 X25.924 Y42.895 E0.01562
G1 X25.994 Y42.965
G0 F7200 X25.771 Y42.875
G0 X25.59 Y45.975
G0 X25.74 Y45.975
G1 F3600 X25.261 Y46.454 E0.01127
G0 F7200 X25.41 Y46.454
G0 X25.41 Y47.887
G0 X25.26 Y47.887
G1 F3600 X25.74 Y48.368 E0.0113
G0 F7200 X25.59 Y48.368
G0 X25.59 Y51.632
G0 X25.74 Y51.632
G1 F3600 X25.261 Y52.111 E0.01127
G0 F7200 X25.41 Y52.111
G0 X25.41 Y53.544
G0 X25.26 Y53.544
G1 F3600 X25.74 Y54.024 E0.01129
G0 F7200 X25.59 Y54.024
G0 X25.651 Y56.663
G0 X25.923 Y57.106
G1 F3600 X25.261 Y57.768 E0.01557
G1 X25.191 Y57.838
G0 F7200 X25.41 Y57.838
G0 X26.051 Y43.414
G0 X26.8 Y41.557
G0 X29.98 Y41.294
G1 F3600 X29.896 Y41.21 E0.00198
G0 F7200 X30.421 Y41.294
G1 F3600 X30.505 Y41.21 E0.00198
G0 F7200 X26.8 Y41.557
G0 X26.051 Y43.414
G0 X26.051 Y56.586
G0 X26.8 Y58.443
G0 X34.61 Y58.57
G0 X33.8 Y58.57
;TYPE:WALL-INNER
G1 F4079.3 X27.1 Y58.575 E0.09833
G1 F3840 X26.542 Y58.223 E0.01029
G1 F3600 X25.9 Y56.615 E0.02879
G1 X25.9 Y55.492 E0.01868
G1 X25.968 Y55.212 E0.00479
G1 X26.086 Y55.056 E0.00325
G1 X26.217 Y54.998 E0.00238
G1 X26.086 Y54.94 E0.00238
G1 X25.968 Y54.784 E0.00325
G1 X25.9 Y54.585 E0.0035
G1 X25.9 Y45.492 E0.15122
G1 X25.968 Y45.212 E0.00479
G1 X26.086 Y45.056 E0.00325
G1 X26.217 Y44.998 E0.00238
G1 X26.086 Y44.94 E0.00238
G1 X25.968 Y44.784 E0.00325
G1 X25.9 Y44.585 E0.0035
G1 X25.9 Y43.5 E0.01804
G1 X25.942 Y43.277 E0.00377
G1 X26.542 Y41.777 E0.02687
G1 F3809.5 X27 Y41.43 E0.00903
G1 F4079.3 X33.7 Y41.425 E0.09833
G1 F3110.2 X34.281 Y41.63 E0.01186
G1 F2500 X34.387 Y42.029 E0.00989
G1 X34.812 Y41.674 E0.01326
G1 X34.812 Y41.188 E0.01164
G1 X34.524 Y41.188 E0.0069
G1 F3110.2 X33.7 Y41.075 E0.01601
G1 F4114.3 X27.1 Y41.075 E0.09604
G1 F3840 X26.084 Y41.1 E0.01584
G1 F3600 X25.101 Y41.101 E0.01635
G1 X25.1 Y58.9 E0.296
G1 X26.084 Y58.9 E0.01636
G1 F3840 X27.1 Y58.925 E0.01584
G1 F4079.3 X33.83 Y58.922 E0.09877
G1 F3090.1 X34.524 Y58.812 E0.01361
G1 F2500 X34.812 Y58.812 E0.0069
G1 X34.812 Y58.323 E0.01171
G1 X34.388 Y57.969 E0.01323
G1 X34.281 Y58.37 E0.00994
G1 F3090.1 X33.8 Y58.57 E0.01009
G0 F7200 X33.9 Y58
;TYPE:WALL-OUTER
G1 F1800 X33.869 Y58.108 E0.00187
G1 X33.735 Y58.198 E0.00268
G1 X27.1 Y58.2 E0.11034
G1 X26.914 Y58.075 E0.00373
G1 X26.302 Y56.535 E0.02756
G1 X26.3 Y55.42 E0.01854
G1 F1607.1 X26.478 Y55.245 E0.00465
G1 F1454.5 X27.253 Y55.245 E0.01595
G1 F1457.5 X27.253 Y54.751 E0.01015
G1 F1454.5 X26.478 Y54.751 E0.01595
G1 F1607.1 X26.302 Y54.578 E0.0046
G1 F1800 X26.3 Y45.42 E0.1523
G1 F1607.1 X26.478 Y45.245 E0.00465
G1 F1454.5 X27.253 Y45.245 E0.01595
G1 F1457.5 X27.253 Y44.751 E0.01015
G1 F1454.5 X26.478 Y44.751 E0.01595
G1 F1607.1 X26.302 Y44.578 E0.0046
G1 F1800 X26.3 Y43.46 E0.01859
G1 X26.914 Y41.925 E0.02749
G1 X27.065 Y41.802 E0.00324
G1 X33.7 Y41.8 E0.11034
G1 X33.869 Y41.892 E0.0032
G1 X33.9 Y42 E0.00187
G1 X33.899 Y43.072 E0.01783
G1 X35.3 Y41.902 E0.03035
G1 X35.3 Y41.018 E0.0147
G1 X35.213 Y40.799 E0.00392
G1 X35.016 Y40.7 E0.00367
G1 X25.016 Y40.7 E0.1663
G1 X24.799 Y40.786 E0.00388
G1 X24.7 Y40.98 E0.00362
G1 X24.7 Y58.981 E0.29936
G1 X24.786 Y59.201 E0.00393
G1 X24.98 Y59.3 E0.00362
G1 X34.978 Y59.3 E0.16627
G1 X35.201 Y59.213 E0.00398
G1 X35.3 Y59.016 E0.00367
G1 X35.3 Y58.094 E0.01533
G1 X33.9 Y56.928 E0.0303
G1 X33.9 Y58 E0.01783
G0 F7200 X33.869 Y58.108
G0 X33.796 Y58.157
G1 F1500 E-6.5
G0 F7200 X34.552 Y58.32
G0 X36.165 Y58.2
G0 X43.835 Y58.2
G0 X44.93 Y58.2
G0 X45.41 Y56.573
G0 X45.26 Y56.573
;TYPE:FILL
G1 F1500 E6.5
G1 F3600 X46.012 Y57.326 E0.0177
G1 X46.082 Y57.396
G0 F7200 X45.907 Y57.466
G0 X46.422 Y58.634
G0 X47.008 Y58.647
G1 F3600 X46.877 Y58.779 E0.00309
G0 F7200 X46.422 Y58.634
G0 X45.651 Y56.663
G0 X45.41 Y54.739
G0 X45.26 Y54.739
G1 F3600 X45.74 Y54.259 E0.01129
G0 F7200 X45.59 Y54.259
G0 X45.59 Y51.397
G0 X45.74 Y51.397
G1 F3600 X45.26 Y50.917 E0.01129
G0 F7200 X45.41 Y50.917
G0 X45.41 Y49.082
G0 X45.26 Y49.082
G1 F3600 X45.74 Y48.602 E0.01129
G0 F7200 X45.59 Y48.602
G0 X45.59 Y45.74
G0 X45.74 Y45.74
G1 F3600 X45.26 Y45.26 E0.01129
G0 F7200 X45.41 Y45.26
G0 X45.41 Y43.425
G0 X45.26 Y43.425
G1 F3600 X46.011 Y42.674 E0.01766
G1 X46.081 Y42.604
G0 F7200 X45.908 Y42.534
G0 X46.422 Y41.366
G0 X46.964 Y41.307
G1 F3600 X46.878 Y41.221 E0.00202
G0 F7200 X47.39 Y41.296
G1 F3600 X47.475 Y41.21 E0.00201
G0 F7200 X52.524 Y41.21
G1 F3600 X52.605 Y41.291 E0.0019
G0 F7200 X53.051 Y41.291
G1 F3600 X53.132 Y41.21 E0.0019
G0 F7200 X46.8 Y41.557
G0 X46.051 Y43.414
G0 X46.051 Y56.586
G0 X46.8 Y58.443
G0 X54.61 Y58.57
G0 X53.8 Y58.57
;TYPE:WALL-INNER
G1 F4079.3 X47.1 Y58.575 E0.09833
G1 F3840 X46.542 Y58.223 E0.01029
G1 F3600 X45.9 Y56.615 E0.02879
G1 X45.9 Y55.492 E0.01868
G1 X45.968 Y55.212 E0.00479
G1 X46.086 Y55.056 E0.00325
G1 X46.217 Y54.998 E0.00238
G1 X46.086 Y54.94 E0.00238
G1 X45.968 Y54.784 E0.00325
G1 X45.9 Y54.585 E0.0035
G1 X45.9 Y45.492 E0.15122
G1 X45.968 Y45.212 E0.00479
G1 X46.086 Y45.056 E0.00325
G1 X46.217 Y44.998 E0.00238
G1 X46.086 Y44.94 E0.00238
G1 X45.968 Y44.784 E0.00325
G1 X45.9 Y44.585 E0.0035
G1 X45.9 Y43.5 E0.01804
G1 X45.942 Y43.277 E0.00377
G1 X46.542 Y41.777 E0.02687
G1 F3809.5 X47 Y41.43 E0.00903
G1 F4079.3 X53.7 Y41.425 E0.09833
G1 F3110.2 X54.281 Y41.63 E0.01186
G1 F2500 X54.387 Y42.029 E0.00989
G1 X54.812 Y41.674 E0.01326
G1 X54.812 Y41.188 E0.01164
G1 X54.524 Y41.188 E0.0069
G1 F3110.2 X53.7 Y41.075 E0.01601
G1 F4114.3 X47.1 Y41.075 E0.09604
G1 F3840 X46.084 Y41.1 E0.01584
G1 F3600 X45.101 Y41.101 E0.01635
G1 X45.1 Y58.9 E0.296
G1 X46.084 Y58.9 E0.01636
G1 F3840 X47.1 Y58.925 E0.01584
G1 F4079.3 X53.83 Y58.922 E0.09877
G1 F3090.1 X54.524 Y58.812 E0.01361
G1 F2500 X54.812 Y58.812 E0.0069
G1 X54.812 Y58.323 E0.01171
G1 X54.388 Y57.969 E0.01323
G1 X54.281 Y58.37 E0.00994
G1 F3090.1 X53.8 Y58.57 E0.01009
G0 F7200 X53.9 Y58
;TYPE:WALL-OUTER
G1 F1800 X53.869 Y58.108 E0.00187
G1 X53.735 Y58.198 E0.00268
G1 X47.1 Y58.2 E0.11034
G1 X46.914 Y58.075 E0.00373
G1 X46.302 Y56.535 E0.02756
G1 X46.3 Y55.42 E0.01854
G1 F1607.1 X46.478 Y55.245 E0.00465
G1 F1454.5 X47.253 Y55.245 E0.01595
G1 F1457.5 X47.253 Y54.751 E0.01015
G1 F1454.5 X46.478 Y54.751 E0.01595
G1 F1607.1 X46.302 Y54.578 E0.0046
G1 F1800 X46.3 Y45.42 E0.1523
G1 F1607.1 X46.478 Y45.245 E0.00465
G1 F1454.5 X47.253 Y45.245 E0.01595
G1 F1457.5 X47.253 Y44.751 E0.01015
G1 F1454.5 X46.478 Y44.751 E0.01595
G1 F1607.1 X46.302 Y44.578 E0.0046
G1 F1800 X46.3 Y43.46 E0.01859
G1 X46.914 Y41.925 E0.02749
G1 X47.065 Y41.802 E0.00324
G1 X53.7 Y41.8 E0.11034
G1 X53.869 Y41.892 E0.0032
G1 X53.9 Y42 E0.00187
G1 X53.899 Y43.072 E0.01783
G1 X55.3 Y41.902 E0.03035
G1 X55.3 Y41.018 E0.0147
G1 X55.213 Y40.799 E0.00392
G1 X55.016 Y40.7 E0.00367
G1 X45.016 Y40.7 E0.1663
G1 X44.799 Y40.786 E0.00388
G1 X44.7 Y40.98 E0.00362
G1 X44.7 Y58.981 E0.29936
G1 X44.786 Y59.201 E0.00393
G1 X44.98 Y59.3 E0.00362
G1 X54.978 Y59.3 E0.16627
G1 X55.201 Y59.213 E0.00398
G1 X55.3 Y59.016 E0.00367
G1 X55.3 Y58.094 E0.01533
G1 X53.9 Y56.928 E0.0303
G1 X53.9 Y58 E0.01783
G0 F7200 X53.869 Y58.108
G0 X53.796 Y58.157
G1 F1500 E-6.5
G0 F7200 X54.552 Y58.32
G0 X56.165 Y58.2
G0 X63.835 Y58.2
G0 X64.93 Y58.2
G0 X65.41 Y57.366
G0 X65.26 Y57.366
;TYPE:FILL
G1 F1500 E6.5
G1 F3600 X65.808 Y56.818 E0.01289
G0 F7200 X65.67 Y56.873
G0 X65.59 Y54.426
G0 X65.74 Y54.426
G1 F3600 X65.26 Y53.946 E0.01129
G0 F7200 X65.41 Y53.946
G0 X65.41 Y51.709
G0 X65.26 Y51.709
G1 F3600 X65.74 Y51.23 E0.01128
G0 F7200 X65.59 Y51.23
G0 X65.59 Y48.769
G0 X65.74 Y48.769
G1 F3600 X65.26 Y48.29 E0.01128
G0 F7200 X65.41 Y48.29
G0 X65.41 Y46.052
G0 X65.261 Y46.052
G1 F3600 X65.74 Y45.573 E0.01127
G0 F7200 X65.59 Y45.573
G0 X65.671 Y43.125
G0 X65.808 Y43.181
G1 F3600 X65.26 Y42.633 E0.01289
G0 F7200 X65.41 Y42.633
G0 X66.8 Y41.557
G0 X69.494 Y41.21
G1 F3600 X69.577 Y41.293 E0.00195
G0 F7200 X70.02 Y41.293
G1 F3600 X70.103 Y41.21 E0.00195
G0 F7200 X66.8 Y41.557
G0 X66.051 Y43.414
G0 X66.051 Y56.586
G0 X66.8 Y58.443
G0 X74.61 Y58.57
G0 X73.8 Y58.57
;TYPE:WALL-INNER
G1 F4079.3 X67.1 Y58.575 E0.09833
G1 F3840 X66.542 Y58.223 E0.01029
G1 F3600 X65.9 Y56.615 E0.02879
G1 X65.9 Y55.492 E0.01868
G1 X65.968 Y55.212 E0.00479
G1 X66.086 Y55.056 E0.00325
G1 X66.217 Y54.998 E0.00238
G1 X66.086 Y54.94 E0.00238
G1 X65.968 Y54.784 E0.00325
G1 X65.9 Y54.585 E0.0035
G1 X65.9 Y45.492 E0.15122
G1 X65.968 Y45.212 E0.00479
G1 X66.086 Y45.056 E0.00325
G1 X66.217 Y44.998 E0.00238
G1 X66.086 Y44.94 E0.00238
G1 X65.968 Y44.784 E0.00325
G1 X65.9 Y44.585 E0.0035
G1 X65.9 Y43.5 E0.01804
G1 X65.942 Y43.277 E0.00377
G1 X66.542 Y41.777 E0.02687
G1 F3809.5 X67 Y41.43 E0.00903
G1 F4079.3 X73.7 Y41.425 E0.09833
G1 F3110.2 X74.281 Y41.63 E0.01186
G1 F2500 X74.387 Y42.029 E0.00989
G1 X74.812 Y41.674 E0.01326
G1 X74.812 Y41.188 E0.01164
G1 X74.524 Y41.188 E0.0069
G1 F3110.2 X73.7 Y41.075 E0.01601
G1 F4114.3 X67.1 Y41.075 E0.09604
G1 F3840 X66.084 Y41.1 E0.01584
G1 F3600 X65.101 Y41.101 E0.01635
G1 X65.1 Y58.9 E0.296
G1 X66.084 Y58.9 E0.01636
G1 F3840 X67.1 Y58.925 E0.01584
G1 F4079.3 X73.83 Y58.922 E0.09877
G1 F3090.1 X74.524 Y58.812 E0.01361
G1 F2500 X74.812 Y58.812 E0.0069
G1 X74.812 Y58.323 E0.01171
G1 X74.388 Y57.969 E0.01323
G1 X74.281 Y58.37 E0.00994
G1 F3090.1 X73.8 Y58.57 E0.01009
G0 F7200 X73.9 Y58
;TYPE:WALL-OUTER
G1 F1800 X73.869 Y58.108 E0.00187
G1 X73.735 Y58.198 E0.00268
G1 X67.1 Y58.2 E0.11034
G1 X66.914 Y58.075 E0.00373
G1 X66.302 Y56.535 E0.02756
G1 X66.3 Y55.42 E0.01854
G1 F1607.1 X66.478 Y55.245 E0.00465
G1 F1454.5 X67.253 Y55.245 E0.01595
G1 F1457.5 X67.253 Y54.751 E0.01015
G1 F1454.5 X66.478 Y54.751 E0.01595
G1 F1607.1 X66.302 Y54.578 E0.0046
G1 F1800 X66.3 Y45.42 E0.1523
G1 F1607.1 X66.478 Y45.245 E0.00465
G1 F1454.5 X67.253 Y45.245 E0.01595
G1 F1457.5 X67.253 Y44.751 E0.01015
G1 F1454.5 X66.478 Y44.751 E0.01595
G1 F1607.1 X66.302 Y44.578 E0.0046
G1 F1800 X66.3 Y43.46 E0.01859
G1 X66.914 Y41.925 E0.02749
G1 X67.065 Y41.802 E0.00324
G1 X73.7 Y41.8 E0.11034
G1 X73.869 Y41.892 E0.0032
G1 X73.9 Y42 E0.00187
G1 X73.899 Y43.072 E0.01783
G1 X75.3 Y41.902 E0.03035
G1 X75.3 Y41.018 E0.0147
G1 X75.213 Y40.799 E0.00392
G1 X75.016 Y40.7 E0.00367
G1 X65.016 Y40.7 E0.1663
G1 X64.799 Y40.786 E0.00388
G1 X64.7 Y40.98 E0.00362
G1 X64.7 Y58.981 E0.29936
G1 X64.786 Y59.201 E0.00393
G1 X64.98 Y59.3 E0.00362
G1 X74.978 Y59.3 E0.16627
G1 X75.201 Y59.213 E0.00398
G1 X75.3 Y59.016 E0.00367
G1 X75.3 Y58.094 E0.01533
G1 X73.9 Y56.928 E0.0303
G1 X73.9 Y58 E0.01783
G0 F7200 X73.869 Y58.108
G0 X73.796 Y58.157
G1 F1500 E-6.5
;MESH:NONMESH
G0 F600 X73.796 Y58.157 Z6.2
G0 F7200 X74.552 Y58.32
G0 X66.8 Y58.443
G0 X66.051 Y56.586
G0 X64.93 Y42.231
G0 X63.835 Y42.231
G0 X55.223 Y39.837
G0 X44.935 Y39.836
G0 X36.165 Y41.8
G0 X35.072 Y41.8
G0 X34.138 Y41.562
G0 X26.8 Y41.557
G0 X25.41 Y42.231
G0 X25.26 Y42.231
;TIME_ELAPSED:1068.051986
;LAYER:59
;TYPE:FILL
;MESH:pin.stl
G1 F1500 E6.5
G1 F3600 X25.924 Y42.895 E0.01562
G1 X25.994 Y42.965
G0 F7200 X25.771 Y42.875
G0 X25.59 Y45.975
G0 X25.74 Y45.975
G1 F3600 X25.261 Y46.454 E0.01127
G0 F7200 X25.41 Y46.454
G0 X25.41 Y47.887
G0 X25.26 Y47.887
G1 F3600 X25.74 Y48.368 E0.0113
G0 F7200 X25.59 Y48.368
G0 X25.59 Y51.632
G0 X25.74 Y51.632
G1 F3600 X25.261 Y52.111 E0.01127
G0 F7200 X25.41 Y52.111
G0 X25.41 Y53.544
G0 X25.26 Y53.544
G1 F3600 X25.74 Y54.024 E0.01129
G0 F7200 X25.59 Y54.024
G0 X25.651 Y56.663
G0 X25.923 Y57.106
G1 F3600 X25.261 Y57.768 E0.01557
G1 X25.191 Y57.838
G0 F7200 X25.41 Y57.838
G0 X26.051 Y43.414
G0 X26.8 Y41.557
G0 X29.98 Y41.294
G1 F3600 X29.896 Y41.21 E0.00198
G0 F7200 X30.421 Y41.294
G1 F3600 X30.505 Y41.21 E0.00198
G0 F7200 X26.8 Y41.557
G0 X26.051 Y43.414
G0 X26.051 Y56.586
G0 X26.8 Y58.443
G0 X34.61 Y58.57
G0 X33.8 Y58.57
;TYPE:WALL-INNER
G1 F4079.3 X27.1 Y58.575 E0.09833
G1 F3840 X26.542 Y58.223 E0.01029
G1 F3600 X25.9 Y56.615 E0.02879
G1 X25.9 Y55.472 E0.01901
G1 X25.963 Y55.202 E0.00461
G1 X26.076 Y55.046 E0.0032
G1 X26.182 Y54.998 E0.00194
G1 X26.076 Y54.95 E0.00194
G1 X25.963 Y54.794 E0.0032
G1 X25.9 Y54.604 E0.00333
G1 X25.9 Y45.472 E0.15187
G1 X25.963 Y45.202 E0.00461
G1 X26.076 Y45.046 E0.0032
G1 X26.182 Y44.998 E0.00194
G1 X26.076 Y44.95 E0.00194
G1 X25.963 Y44.794 E0.0032
G1 X25.9 Y44.604 E0.00333
G1 X25.9 Y43.5 E0.01836
G1 X25.942 Y43.277 E0.00377
G1 X26.542 Y41.777 E0.02687
G1 F3809.5 X27 Y41.43 E0.00903
G1 F4079.3 X33.7 Y41.425 E0.09833
G1 F3110.2 X34.281 Y41.63 E0.01186
G1 F2500 X34.387 Y42.029 E0.00989
G1 X34.812 Y41.674 E0.01326
G1 X34.812 Y41.188 E0.01164
G1 X34.524 Y41.188 E0.0069
G1 F3110.2 X33.7 Y41.075 E0.01601
G1 F4114.3 X27.1 Y41.075 E0.09604
G1 F3840 X26.084 Y41.1 E0.01584
G1 F3600 X25.101 Y41.101 E0.01635
G1 X25.1 Y58.9 E0.296
G1 X26.084 Y58.9 E0.01636
G1 F3840 X27.1 Y58.925 E0.01584
G1 F4079.3 X33.83 Y58.922 E0.09877
G1 F3090.1 X34.524 Y58.812 E0.01361
G1 F2500 X34.812 Y58.812 E0.0069
G1 X34.812 Y58.323 E0.01171
G1 X34.388 Y57.969 E0.01323
G1 X34.281 Y58.37 E0.00994
G1 F3090.1 X33.8 Y58.57 E0.01009
G0 F7200 X33.9 Y58
;TYPE:WALL-OUTER
G1 F1800 X33.869 Y58.108 E0.00187
G1 X33.735 Y58.198 E0.00268
G1 X27.1 Y58.2 E0.11034
G1 X26.914 Y58.075 E0.00373
G1 X26.302 Y56.535 E0.02756
G1 X26.3 Y55.402 E0.01884
G1 F1643.8 X26.479 Y55.235 E0.00446
G1 F1515.8 X27.263 Y55.235 E0.01548
G1 F1519 X27.263 Y54.761 E0.00934
G1 F1515.8 X26.479 Y54.761 E0.01548
G1 F1643.8 X26.358 Y54.666 E0.0028
G1 F1800 X26.302 Y54.559 E0.00201
G1 X26.3 Y45.402 E0.15228
G1 F1643.8 X26.479 Y45.235 E0.00446
G1 F1515.8 X27.263 Y45.235 E0.01548
G1 F1519 X27.263 Y44.761 E0.00934
G1 F1515.8 X26.479 Y44.761 E0.01548
G1 F1643.8 X26.358 Y44.666 E0.0028
G1 F1800 X26.302 Y44.559 E0.00201
G1 X26.3 Y43.46 E0.01828
G1 X26.914 Y41.925 E0.02749
G1 X27.065 Y41.802 E0.00324
G1 X33.7 Y41.8 E0.11034
G1 X33.869 Y41.892 E0.0032
G1 X33.9 Y42 E0.00187
G1 X33.899 Y43.072 E0.01783
G1 X35.3 Y41.902 E0.03035
G1 X35.3 Y41.018 E0.0147
G1 X35.213 Y40.799 E0.00392
G1 X35.016 Y40.7 E0.00367
G1 X25.016 Y40.7 E0.1663
G1 X24.799 Y40.786 E0.00388
G1 X24.7 Y40.98 E0.00362
G1 X24.7 Y58.981 E0.29936
G1 X24.786 Y59.201 E0.00393
G1 X24.98 Y59.3 E0.00362
G1 X34.978 Y59.3 E0.16627
G1 X35.201 Y59.213 E0.00398
G1 X35.3 Y59.016 E0.00367
G1 X35.3 Y58.094 E0.01533
G1 X33.9 Y56.928 E0.0303
G1 X33.9 Y58 E0.01783
G0 F7200 X33.869 Y58.108
G0 X33.796 Y58.157
G1 F1500 E-6.5
G0 F7200 X34.552 Y58.32
G0 X36.165 Y58.2
G0 X43.835 Y58.2
G0 X44.93 Y58.2
G0 X45.41 Y56.573
G0 X45.26 Y56.573
;TYPE:FILL
G1 F1500 E6.5
G1 F3600 X46.012 Y57.326 E0.0177
G1 X46.082 Y57.396
G0 F7200 X45.907 Y57.466
G0 X46.422 Y58.634
G0 X47.008 Y58.647
G1 F3600 X46.877 Y58.779 E0.00309
G0 F7200 X46.422 Y58.634
G0 X45.651 Y56.663
G0 X45.41 Y54.739
G0 X45.26 Y54.739
G1 F3600 X45.74 Y54.259 E0.01129
G0 F7200 X45.59 Y54.259
G0 X45.59 Y51.397
G0 X45.74 Y51.397
G1 F3600 X45.26 Y50.917 E0.01129
G0 F7200 X45.41 Y50.917
G0 X45.41 Y49.082
G0 X45.26 Y49.082
G1 F3600 X45.74 Y48.602 E0.01129
G0 F7200 X45.59 Y48.602
G0 X45.59 Y45.74
G0 X45.74 Y45.74
G1 F3600 X45.26 Y45.26 E0.01129
G0 F7200 X45.41 Y45.26
G0 X45.41 Y43.425
G0 X45.26 Y43.425
G1 F3600 X46.011 Y42.674 E0.01766
G1 X46.081 Y42.604
G0 F7200 X45.908 Y42.534
G0 X46.422 Y41.366
G0 X46.964 Y41.307
G1 F3600 X46.878 Y41.221 E0.00202
G0 F7200 X47.39 Y41.296
G1 F3600 X47.475 Y41.21 E0.00201
G0 F7200 X52.524 Y41.21
G1 F3600 X52.605 Y41.291 E0.0019
G0 F7200 X53.051 Y41.291
G1 F3600 X53.132 Y41.21 E0.0019
G0 F7200 X46.8 Y41.557
G0 X46.051 Y43.414
G0 X46.051 Y56.586
G0 X46.8 Y58.443
G0 X54.61 Y58.57
G0 X53.8 Y58.57
;TYPE:WALL-INNER
G1 F4079.3 X47.1 Y58.575 E0.09833
G1 F3840 X46.542 Y58.223 E0.01029
G1 F3600 X45.9 Y56.615 E0.02879
G1 X45.9 Y55.472 E0.01901
G1 X45.963 Y55.202 E0.00461
G1 X46.076 Y55.046 E0.0032
G1 X46.182 Y54.998 E0.00194
G1 X46.076 Y54.95 E0.00194
G1 X45.963 Y54.794 E0.0032
G1 X45.9 Y54.604 E0.00333
G1 X45.9 Y45.472 E0.15187
G1 X45.963 Y45.202 E0.00461
G1 X46.076 Y45.046 E0.0032
G1 X46.182 Y44.998 E0.00194
G1 X46.076 Y44.95 E0.00194
G1 X45.963 Y44.794 E0.0032
G1 X45.9 Y44.604 E0.00333
G1 X45.9 Y43.5 E0.01836
G1 X45.942 Y43.277 E0.00377
G1 X46.542 Y41.777 E0.02687
G1 F3809.5 X47 Y41.43 E0.00903
G1 F4079.3 X53.7 Y41.425 E0.09833
G1 F3110.2 X54.281 Y41.63 E0.01186
G1 F2500 X54.387 Y42.029 E0.00989
G1 X54.812 Y41.674 E0.01326
G1 X54.812 Y41.188 E0.01164
G1 X54.524 Y41.188 E0.0069
G1 F3110.2 X53.7 Y41.075 E0.01601
G1 F4114.3 X47.1 Y41.075 E0.09604
G1 F3840 X46.084 Y41.1 E0.01584
G1 F3600 X45.101 Y41.101 E0.01635
G1 X45.1 Y58.9 E0.296
G1 X46.084 Y58.9 E0.01636
G1 F3840 X47.1 Y58.925 E0.01584
G1 F4079.3 X53.83 Y58.922 E0.09877
G1 F3090.1 X54.524 Y58.812 E0.01361
G1 F2500 X54.812 Y58.812 E0.0069
G1 X54.812 Y58.323 E0.01171
G1 X54.388 Y57.969 E0.01323
G1 X54.281 Y58.37 E0.00994
G1 F3090.1 X53.8 Y58.57 E0.01009
G0 F7200 X53.9 Y58
;TYPE:WALL-OUTER
G1 F1800 X53.869 Y58.108 E0.00187
G1 X53.735 Y58.198 E0.00268
G1 X47.1 Y58.2 E0.11034
G1 X46.914 Y58.075 E0.00373
G1 X46.302 Y56.535 E0.02756
G1 X46.3 Y55.402 E0.01884
G1 F1643.8 X46.479 Y55.235 E0.00446
G1 F1515.8 X47.263 Y55.235 E0.01548
G1 F1519 X47.263 Y54.761 E0.00934
G1 F1515.8 X46.479 Y54.761 E0.01548
G1 F1643.8 X46.358 Y54.666 E0.0028
G1 F1800 X46.302 Y54.559 E0.00201
G1 X46.3 Y45.402 E0.15228
G1 F1643.8 X46.479 Y45.235 E0.00446
G1 F1515.8 X47.263 Y45.235 E0.01548
G1 F1519 X47.263 Y44.761 E0.00934
G1 F1515.8 X46.479 Y44.761 E0.01548
G1 F1643.8 X46.358 Y44.666 E0.0028
G1 F1800 X46.302 Y44.559 E0.00201
G1 X46.3 Y43.46 E0.01828
G1 X46.914 Y41.925 E0.02749
G1 X47.065 Y41.802 E0.00324
G1 X53.7 Y41.8 E0.11034
G1 X53.869 Y41.892 E0.0032
G1 X53.9 Y42 E0.00187
G1 X53.899 Y43.072 E0.01783
G1 X55.3 Y41.902 E0.03035
G1 X55.3 Y41.018 E0.0147
G1 X55.213 Y40.799 E0.00392
G1 X55.016 Y40.7 E0.00367
G1 X45.016 Y40.7 E0.1663
G1 X44.799 Y40.786 E0.00388
G1 X44.7 Y40.98 E0.00362
G1 X44.7 Y58.981 E0.29936
G1 X44.786 Y59.201 E0.00393
G1 X44.98 Y59.3 E0.00362
G1 X54.978 Y59.3 E0.16627
G1 X55.201 Y59.213 E0.00398
G1 X55.3 Y59.016 E0.00367
G1 X55.3 Y58.094 E0.01533
G1 X53.9 Y56.928 E0.0303
G1 X53.9 Y58 E0.01783
G0 F7200 X53.869 Y58.108
G0 X53.796 Y58.157
G1 F1500 E-6.5
G0 F7200 X54.552 Y58.32
G0 X56.165 Y58.2
G0 X63.835 Y58.2
G0 X64.93 Y58.2
G0 X65.41 Y57.366
G0 X65.26 Y57.366
;TYPE:FILL
G1 F1500 E6.5
G1 F3600 X65.808 Y56.818 E0.01289
G0 F7200 X65.67 Y56.873
G0 X65.59 Y54.426
G0 X65.74 Y54.426
G1 F3600 X65.26 Y53.946 E0.01129
G0 F7200 X65.41 Y53.946
G0 X65.41 Y51.709
G0 X65.26 Y51.709
G1 F3600 X65.74 Y51.23 E0.01128
G0 F7200 X65.59 Y51.23
G0 X65.59 Y48.769
G0 X65.74 Y48.769
G1 F3600 X65.26 Y48.29 E0.01128
G0 F7200 X65.41 Y48.29
G0 X65.41 Y46.052
G0 X65.261 Y46.052
G1 F3600 X65.74 Y45.573 E0.01127
G0 F7200 X65.59 Y45.573
G0 X65.671 Y43.125
G0 X65.808 Y43.181
G1 F3600 X65.26 Y42.633 E0.01289
G0 F7200 X65.41 Y42.633
G0 X66.8 Y41.557
G0 X69.494 Y41.21
G1 F3600 X69.577 Y41.293 E0.00195
G0 F7200 X70.02 Y41.293
G1 F3600 X70.103 Y41.21 E0.00195
G0 F7200 X66.8 Y41.557
G0 X66.051 Y43.414
G0 X66.051 Y56.586
G0 X66.8 Y58.443
G0 X74.61 Y58.57
G0 X73.8 Y58.57
;TYPE:WALL-INNER
G1 F4079.3 X67.1 Y58.575 E0.09833
G1 F3840 X66.542 Y58.223 E0.01029
G1 F3600 X65.9 Y56.615 E0.02879
G1 X65.9 Y55.472 E0.01901
G1 X65.963 Y55.202 E0.00461
G1 X66.076 Y55.046 E0.0032
G1 X66.182 Y54.998 E0.00194
G1 X66.076 Y54.95 E0.00194
G1 X65.963 Y54.794 E0.0032
G1 X65.9 Y54.604 E0.00333
G1 X65.9 Y45.472 E0.15187
G1 X65.963 Y45.202 E0.00461
G1 X66.076 Y45.046 E0.0032
G1 X66.182 Y44.998 E0.00194
G1 X66.076 Y44.95 E0.00194
G1 X65.963 Y44.794 E0.0032
G1 X65.9 Y44.604 E0.00333
G1 X65.9 Y43.5 E0.01836
G1 X65.942 Y43.277 E0.00377
G1 X66.542 Y41.777 E0.02687
G1 F3809.5 X67 Y41.43 E0.00903
G1 F4079.3 X73.7 Y41.425 E0.09833
G1 F3110.2 X74.281 Y41.63 E0.01186
G1 F2500 X74.387 Y42.029 E0.00989
G1 X74.812 Y41.674 E0.01326
G1 X74.812 Y41.188 E0.01164
G1 X74.524 Y41.188 E0.0069
G1 F3110.2 X73.7 Y41.075 E0.01601
G1 F4114.3 X67.1 Y41.075 E0.09604
G1 F3840 X66.084 Y41.1 E0.01584
G1 F3600 X65.101 Y41.101 E0.01635
G1 X65.1 Y58.9 E0.296
G1 X66.084 Y58.9 E0.01636
G1 F3840 X67.1 Y58.925 E0.01584
G1 F4079.3 X73.83 Y58.922 E0.09877
G1 F3090.1 X74.524 Y58.812 E0.01361
G1 F2500 X74.812 Y58.812 E0.0069
G1 X74.812 Y58.323 E0.01171
G1 X74.388 Y57.969 E0.01323
G1 X74.281 Y58.37 E0.00994
G1 F3090.1 X73.8 Y58.57 E0.01009
G0 F7200 X73.9 Y58
;TYPE:WALL-OUTER
G1 F1800 X73.869 Y58.108 E0.00187
G1 X73.735 Y58.198 E0.00268
G1 X67.1 Y58.2 E0.11034
G1 X66.914 Y58.075 E0.00373
G1 X66.302 Y56.535 E0.02756
G1 X66.3 Y55.402 E0.01884
G1 F1643.8 X66.479 Y55.235 E0.00446
G1 F1515.8 X67.263 Y55.235 E0.01548
G1 F1519 X67.263 Y54.761 E0.00934
G1 F1515.8 X66.479 Y54.761 E0.01548
G1 F1643.8 X66.358 Y54.666 E0.0028
G1 F1800 X66.302 Y54.559 E0.00201
G1 X66.3 Y45.402 E0.15228
G1 F1643.8 X66.479 Y45.235 E0.00446
G1 F1515.8 X67.263 Y45.235 E0.01548
G1 F1519 X67.263 Y44.761 E0.00934
G1 F1515.8 X66.479 Y44.761 E0.01548
G1 F1643.8 X66.358 Y44.666 E0.0028
G1 F1800 X66.302 Y44.559 E0.00201
G1 X66.3 Y43.46 E0.01828
G1 X66.914 Y41.925 E0.02749
G1 X67.065 Y41.802 E0.00324
G1 X73.7 Y41.8 E0.11034
G1 X73.869 Y41.892 E0.0032
G1 X73.9 Y42 E0.00187
G1 X73.899 Y43.072 E0.01783
G1 X75.3 Y41.902 E0.03035
G1 X75.3 Y41.018 E0.0147
G1 X75.213 Y40.799 E0.00392
G1 X75.016 Y40.7 E0.00367
G1 X65.016 Y40.7 E0.1663
G1 X64.799 Y40.786 E0.00388
G1 X64.7 Y40.98 E0.00362
G1 X64.7 Y58.981 E0.29936
G1 X64.786 Y59.201 E0.00393
G1 X64.98 Y59.3 E0.00362
G1 X74.978 Y59.3 E0.16627
G1 X75.201 Y59.213 E0.00398
G1 X75.3 Y59.016 E0.00367
G1 X75.3 Y58.094 E0.01533
G1 X73.9 Y56.928 E0.0303
G1 X73.9 Y58 E0.01783
G0 F7200 X73.869 Y58.108
G0 X73.796 Y58.157
G1 F1500 E-6.5
;MESH:NONMESH
G0 F600 X73.796 Y58.157 Z6.3
G0 F7200 X74.552 Y58.32
G0 X66.8 Y58.443
G0 X66.051 Y56.586
G0 X64.93 Y42.231
G0 X63.835 Y42.231
G0 X55.223 Y39.837
G0 X44.935 Y39.836
G0 X36.165 Y41.8
G0 X35.072 Y41.8
G0 X34.138 Y41.562
G0 X26.8 Y41.557
G0 X25.41 Y42.231
G0 X25.26 Y42.231
;TIME_ELAPSED:1085.807743
;LAYER:60
;TYPE:FILL
;MESH:pin.stl
G1 F1500 E6.5
G1 F3600 X25.924 Y42.895 E0.01562
G1 X25.994 Y42.965
G0 F7200 X25.771 Y42.875
G0 X25.59 Y45.975
G0 X25.739 Y45.975
G1 F3600 X25.261 Y46.454 E0.01125
G0 F7200 X25.41 Y46.455
G0 X25.41 Y47.888
G0 X25.26 Y47.887
G1 F3600 X25.74 Y48.368 E0.0113
G0 F7200 X25.59 Y48.368
G0 X25.59 Y51.632
G0 X25.739 Y51.632
G1 F3600 X25.261 Y52.111 E0.01125
G0 F7200 X25.41 Y52.112
G0 X25.41 Y53.545
G0 X25.26 Y53.544
G1 F3600 X25.74 Y54.024 E0.01129
G0 F7200 X25.59 Y54.024
G0 X25.651 Y56.663
G0 X25.923 Y57.106
G1 F3600 X25.261 Y57.768 E0.01557
G1 X25.191 Y57.838
G0 F7200 X25.41 Y57.839
G0 X26.051 Y43.414
G0 X26.8 Y41.557
G0 X29.98 Y41.294
G1 F3600 X29.896 Y41.21 E0.00198
G0 F7200 X30.421 Y41.294
G1 F3600 X30.505 Y41.21 E0.00198
G0 F7200 X26.8 Y41.557
G0 X26.051 Y43.414
G0 X26.051 Y56.586
G0 X26.8 Y58.443
G0 X34.61 Y58.57
G0 X33.8 Y58.57
;TYPE:WALL-INNER
G1 F4090.9 X27.1 Y58.574 E0.09805
G1 F3850.3 X26.542 Y58.223 E0.01025
G1 F3600 X25.9 Y56.615 E0.02879
G1 X25.9 Y55.428 E0.01974
G1 X25.952 Y55.181 E0.0042
G1 X26.111 Y54.998 E0.00403
G1 X25.952 Y54.815 E0.00403
G1 X25.9 Y54.646 E0.00294
G1 X25.9 Y45.428 E0.1533
G1 X25.952 Y45.181 E0.0042
G1 X26.111 Y44.998 E0.00403
G1 X25.952 Y44.815 E0.00403
G1 X25.9 Y44.646 E0.00294
G1 X25.9 Y43.5 E0.01906
G1 X25.942 Y43.277 E0.00377
G1 X26.542 Y41.777 E0.02687
G1 F3809.5 X27 Y41.43 E0.00903
G1 F4079.3 X33.7 Y41.425 E0.09833
G1 F3110.2 X34.281 Y41.63 E0.01186
G1 F2500 X34.387 Y42.029 E0.00989
G1 X34.812 Y41.674 E0.01326
G1 X34.812 Y41.188 E0.01164
G1 X34.524 Y41.188 E0.0069
G1 F3110.2 X33.7 Y41.075 E0.01601
G1 F4114.3 X27.1 Y41.075 E0.09604
G1 F3840 X26.084 Y41.1 E0.01584
G1 F3600 X25.101 Y41.101 E0.01635
G1 X25.1 Y58.896 E0.29593
G1 X26.087 Y58.896 E0.01641
G1 F3850.3 X27.1 Y58.922 E0.01576
G1 F4090.9 X33.83 Y58.922 E0.09849
G1 F3096.8 X34.523 Y58.811 E0.01357
G1 F2508.7 X34.809 Y58.811 E0.00683
G1 X34.811 Y58.322 E0.01167
G1 X34.387 Y57.966 E0.01321
G1 X34.281 Y58.37 E0.00997
G1 F3096.8 X33.8 Y58.57 E0.01007
G0 F7200 X33.9 Y58
;TYPE:WALL-OUTER
G1 F1800 X33.869 Y58.108 E0.00187
G1 X33.735 Y58.198 E0.00268
G1 X27.1 Y58.2 E0.11034
G1 X26.914 Y58.075 E0.00373
G1 X26.302 Y56.535 E0.02756
G1 X26.3 Y55.428 E0.01841
G1 X26.351 Y55.294 E0.00238
G1 F1730.8 X26.481 Y55.213 E0.00265
G1 F1670.5 X27.285 Y55.213 E0.01441
G1 F1674.4 X27.285 Y54.783 E0.00769
G1 F1670.5 X26.481 Y54.783 E0.01441
G1 F1730.8 X26.351 Y54.702 E0.00265
G1 F1800 X26.302 Y54.603 E0.00184
G1 X26.3 Y45.428 E0.15258
G1 X26.351 Y45.294 E0.00238
G1 F1730.8 X26.481 Y45.213 E0.00265
G1 F1670.5 X27.285 Y45.213 E0.01441
G1 F1674.4 X27.285 Y44.783 E0.00769
G1 F1670.5 X26.481 Y44.783 E0.01441
G1 F1730.8 X26.351 Y44.702 E0.00265
G1 F1800 X26.302 Y44.603 E0.00184
G1 X26.3 Y43.46 E0.01901
G1 X26.914 Y41.925 E0.02749
G1 X27.065 Y41.802 E0.00324
G1 X33.7 Y41.8 E0.11034
G1 X33.869 Y41.892 E0.0032
G1 X33.9 Y42 E0.00187
G1 X33.899 Y43.072 E0.01783
G1 X35.3 Y41.902 E0.03035
G1 X35.3 Y41.017 E0.01472
G1 X35.207 Y40.792 E0.00405
G1 X34.998 Y40.7 E0.0038
G1 X24.911 Y40.7 E0.16775
G1 X24.7 Y40.913 E0.00499
G1 X24.7 Y59.073 E0.302
G1 X24.789 Y59.207 E0.00268
G1 X24.998 Y59.296 E0.00378
G1 X34.979 Y59.299 E0.16598
G1 X35.207 Y59.207 E0.00409
G1 X35.296 Y58.998 E0.00378
G1 X35.299 Y58.094 E0.01503
G1 X33.9 Y56.928 E0.03029
G1 X33.9 Y58 E0.01783
G0 F7200 X33.869 Y58.108
G0 X33.796 Y58.157
G1 F1500 E-6.5
G0 F7200 X34.552 Y58.32
G0 X36.165 Y58.2
G0 X43.835 Y58.202
G0 X44.93 Y58.202
G0 X45.41 Y56.574
G0 X45.26 Y56.573
;TYPE:FILL
G1 F1500 E6.5
G1 F3600 X46.012 Y57.326 E0.0177
G1 X46.082 Y57.396
G0 F7200 X45.907 Y57.466
G0 X46.422 Y58.633
G0 X47.01 Y58.646
G1 F3600 X46.878 Y58.778 E0.0031
G0 F7200 X46.422 Y58.633
G0 X45.651 Y56.663
G0 X45.41 Y54.74
G0 X45.26 Y54.739
G1 F3600 X45.74 Y54.259 E0.01129
G0 F7200 X45.59 Y54.259
G0 X45.59 Y51.397
G0 X45.74 Y51.397
G1 F3600 X45.26 Y50.917 E0.01129
G0 F7200 X45.41 Y50.918
G0 X45.41 Y49.083
G0 X45.26 Y49.082
G1 F3600 X45.74 Y48.602 E0.01129
G0 F7200 X45.59 Y48.602
G0 X45.59 Y45.74
G0 X45.74 Y45.74
G1 F3600 X45.26 Y45.26 E0.01129
G0 F7200 X45.41 Y45.261
G0 X45.41 Y43.426
G0 X45.26 Y43.425
G1 F3600 X46.011 Y42.674 E0.01766
G1 X46.081 Y42.604
G0 F7200 X45.908 Y42.534
G0 X46.422 Y41.366
G0 X46.964 Y41.307
G1 F3600 X46.878 Y41.221 E0.00202
G0 F7200 X47.39 Y41.296
G1 F3600 X47.475 Y41.21 E0.00201
G0 F7200 X52.524 Y41.21
G1 F3600 X52.605 Y41.291 E0.0019
G0 F7200 X53.051 Y41.291
G1 F3600 X53.132 Y41.21 E0.0019
G0 F7200 X46.8 Y41.557
G0 X46.051 Y43.414
G0 X46.051 Y56.586
G0 X46.8 Y58.443
G0 X54.61 Y58.57
G0 X53.8 Y58.57
;TYPE:WALL-INNER
G1 F4090.9 X47.1 Y58.574 E0.09805
G1 F3850.3 X46.542 Y58.223 E0.01025
G1 F3600 X45.9 Y56.615 E0.02879
G1 X45.9 Y55.428 E0.01974
G1 X45.952 Y55.181 E0.0042
G1 X46.111 Y54.998 E0.00403
G1 X45.952 Y54.815 E0.00403
G1 X45.9 Y54.646 E0.00294
G1 X45.9 Y45.428 E0.1533
G1 X45.952 Y45.181 E0.0042
G1 X46.111 Y44.998 E0.00403
G1 X45.952 Y44.815 E0.00403
G1 X45.9 Y44.646 E0.00294
G1 X45.9 Y43.5 E0.01906
G1 X45.942 Y43.277 E0.00377
G1 X46.542 Y41.777 E0.02687
G1 F3809.5 X47 Y41.43 E0.00903
G1 F4079.3 X53.7 Y41.425 E0.09833
G1 F3110.2 X54.281 Y41.63 E0.01186
G1 F2500 X54.387 Y42.029 E0.00989
G1 X54.812 Y41.674 E0.01326
G1 X54.812 Y41.188 E0.01164
G1 X54.524 Y41.188 E0.0069
G1 F3110.2 X53.7 Y41.075 E0.01601
G1 F4114.3 X47.1 Y41.075 E0.09604
G1 F3840 X46.084 Y41.1 E0.01584
G1 F3600 X45.101 Y41.101 E0.01635
G1 X45.1 Y58.896 E0.29593
G1 X46.087 Y58.896 E0.01641
G1 F3850.3 X47.1 Y58.922 E0.01576
G1 F4090.9 X53.83 Y58.922 E0.09849
G1 F3096.8 X54.523 Y58.811 E0.01357
G1 F2508.7 X54.809 Y58.811 E0.00683
G1 X54.811 Y58.322 E0.01167
G1 X54.387 Y57.966 E0.01321
G1 X54.281 Y58.37 E0.00997
G1 F3096.8 X53.8 Y58.57 E0.01007
G0 F7200 X53.9 Y58
;TYPE:WALL-OUTER
G1 F1800 X53.869 Y58.108 E0.00187
G1 X53.735 Y58.198 E0.00268
G1 X47.1 Y58.2 E0.11034
G1 X46.914 Y58.075 E0.00373
G1 X46.302 Y56.535 E0.02756
G1 X46.3 Y55.428 E0.01841
G1 X46.351 Y55.294 E0.00238
G1 F1730.8 X46.481 Y55.213 E0.00265
G1 F1670.5 X47.285 Y55.213 E0.01441
G1 F1674.4 X47.285 Y54.783 E0.00769
G1 F1670.5 X46.481 Y54.783 E0.01441
G1 F1730.8 X46.351 Y54.702 E0.00265
G1 F1800 X46.302 Y54.603 E0.00184
G1 X46.3 Y45.428 E0.15258
G1 X46.351 Y45.294 E0.00238
G1 F1730.8 X46.481 Y45.213 E0.00265
G1 F1670.5 X47.285 Y45.213 E0.01441
G1 F1674.4 X47.285 Y44.783 E0.00769
G1 F1670.5 X46.481 Y44.783 E0.01441
G1 F1730.8 X46.351 Y44.702 E0.00265
G1 F1800 X46.302 Y44.603 E0.00184
G1 X46.3 Y43.46 E0.01901
G1 X46.914 Y41.925 E0.02749
G1 X47.065 Y41.802 E0.00324
G1 X53.7 Y41.8 E0.11034
G1 X53.869 Y41.892 E0.0032
G1 X53.9 Y42 E0.00187
G1 X53.899 Y43.072 E0.01783
G1 X55.3 Y41.902 E0.03035
G1 X55.3 Y41.017 E0.01472
G1 X55.207 Y40.792 E0.00405
G1 X54.998 Y40.7 E0.0038
G1 X44.911 Y40.7 E0.16775
G1 X44.7 Y40.913 E0.00499
G1 X44.7 Y59.073 E0.302
G1 X44.789 Y59.207 E0.00268
G1 X44.998 Y59.296 E0.00378
G1 X54.979 Y59.299 E0.16598
G1 X55.207 Y59.207 E0.00409
G1 X55.296 Y58.998 E0.00378
G1 X55.299 Y58.094 E0.01503
G1 X53.9 Y56.928 E0.03029
G1 X53.9 Y58 E0.01783
G0 F7200 X53.869 Y58.108
G0 X53.796 Y58.157
G1 F1500 E-6.5
G0 F7200 X54.552 Y58.32
G0 X56.165 Y58.2
G0 X63.835 Y58.202
G0 X64.93 Y58.202
G0 X65.41 Y57.367
G0 X65.26 Y57.366
;TYPE:FILL
G1 F1500 E6.5
G1 F3600 X65.808 Y56.818 E0.01289
G0 F7200 X65.67 Y56.873
G0 X65.59 Y54.427
G0 X65.74 Y54.427
G1 F3600 X65.26 Y53.946 E0.0113
G0 F7200 X65.41 Y53.947
G0 X65.41 Y51.71
G0 X65.26 Y51.709
G1 F3600 X65.74 Y51.23 E0.01128
G0 F7200 X65.59 Y51.23
G0 X65.59 Y48.77
G0 X65.74 Y48.77
G1 F3600 X65.26 Y48.29 E0.01129
G0 F7200 X65.41 Y48.291
G0 X65.41 Y46.053
G0 X65.261 Y46.052
G1 F3600 X65.74 Y45.573 E0.01127
G0 F7200 X65.59 Y45.573
G0 X65.671 Y43.125
G0 X65.808 Y43.181
G1 F3600 X65.26 Y42.633 E0.01289
G0 F7200 X65.41 Y42.634
G0 X66.8 Y41.557
G0 X69.494 Y41.21
G1 F3600 X69.577 Y41.293 E0.00195
G0 F7200 X70.02 Y41.293
G1 F3600 X70.103 Y41.21 E0.00195
G0 F7200 X66.8 Y41.557
G0 X66.051 Y43.414
G0 X66.051 Y56.586
G0 X66.8 Y58.443
G0 X74.61 Y58.57
G0 X73.8 Y58.57
;TYPE:WALL-INNER
G1 F4090.9 X67.1 Y58.574 E0.09805
G1 F3850.3 X66.542 Y58.223 E0.01025
G1 F3600 X65.9 Y56.615 E0.02879
G1 X65.9 Y55.428 E0.01974
G1 X65.952 Y55.181 E0.0042
G1 X66.111 Y54.998 E0.00403
G1 X65.952 Y54.815 E0.00403
G1 X65.9 Y54.646 E0.00294
G1 X65.9 Y45.428 E0.1533
G1 X65.952 Y45.181 E0.0042
G1 X66.111 Y44.998 E0.00403
G1 X65.952 Y44.815 E0.00403
G1 X65.9 Y44.646 E0.00294
G1 X65.9 Y43.5 E0.01906
G1 X65.942 Y43.277 E0.00377
G1 X66.542 Y41.777 E0.02687
G1 F3809.5 X67 Y41.43 E0.00903
G1 F4079.3 X73.7 Y41.425 E0.09833
G1 F3110.2 X74.281 Y41.63 E0.01186
G1 F2500 X74.387 Y42.029 E0.00989
G1 X74.812 Y41.674 E0.01326
G1 X74.812 Y41.188 E0.01164
G1 X74.524 Y41.188 E0.0069
G1 F3110.2 X73.7 Y41.075 E0.01601
G1 F4114.3 X67.1 Y41.075 E0.09604
G1 F3840 X66.084 Y41.1 E0.01584
G1 F3600 X65.101 Y41.101 E0.01635
G1 X65.1 Y58.896 E0.29593
G1 X66.087 Y58.896 E0.01641
G1 F3850.3 X67.1 Y58.922 E0.01576
G1 F4090.9 X73.83 Y58.922 E0.09849
G1 F3096.8 X74.523 Y58.811 E0.01357
G1 F2508.7 X74.809 Y58.811 E0.00683
G1 X74.811 Y58.322 E0.01167
G1 X74.387 Y57.966 E0.01321
G1 X74.281 Y58.37 E0.00997
G1 F3096.8 X73.8 Y58.57 E0.01007
G0 F7200 X73.9 Y58
;TYPE:WALL-OUTER
G1 F1800 X73.869 Y58.108 E0.00187
G1 X73.735 Y58.198 E0.00268
G1 X67.1 Y58.2 E0.11034
G1 X66.914 Y58.075 E0.00373
G1 X66.302 Y56.535 E0.02756
G1 X66.3 Y55.428 E0.01841
G1 X66.351 Y55.294 E0.00238
G1 F1730.8 X66.481 Y55.213 E0.00265
G1 F1670.5 X67.285 Y55.213 E0.01441
G1 F1674.4 X67.285 Y54.783 E0.00769
G1 F1670.5 X66.481 Y54.783 E0.01441
G1 F1730.8 X66.351 Y54.702 E0.00265
G1 F1800 X66.302 Y54.603 E0.00184
G1 X66.3 Y45.428 E0.15258
G1 X66.351 Y45.294 E0.00238
G1 F1730.8 X66.481 Y45.213 E0.00265
G1 F1670.5 X67.285 Y45.213 E0.01441
G1 F1674.4 X67.285 Y44.783 E0.00769
G1 F1670.5 X66.481 Y44.783 E0.01441
G1 F1730.8 X66.351 Y44.702 E0.00265
G1 F1800 X66.302 Y44.603 E0.00184
G1 X66.3 Y43.46 E0.01901
G1 X66.914 Y41.925 E0.02749
G1 X67.065 Y41.802 E0.00324
G1 X73.7 Y41.8 E0.11034
G1 X73.869 Y41.892 E0.0032
G1 X73.9 Y42 E0.00187
G1 X73.899 Y43.072 E0.01783
G1 X75.3 Y41.902 E0.03035
G1 X75.3 Y41.017 E0.01472
G1 X75.207 Y40.792 E0.00405
G1 X74.998 Y40.7 E0.0038
G1 X64.911 Y40.7 E0.16775
G1 X64.7 Y40.913 E0.00499
G1 X64.7 Y59.073 E0.302
G1 X64.789 Y59.207 E0.00268
G1 X64.998 Y59.296 E0.00378
G1 X74.979 Y59.299 E0.16598
G1 X75.207 Y59.207 E0.00409
G1 X75.296 Y58.998 E0.00378
G1 X75.299 Y58.094 E0.01503
G1 X73.9 Y56.928 E0.03029
G1 X73.9 Y58 E0.01783
G0 F7200 X73.869 Y58.108
G0 X73.796 Y58.157
G1 F1500 E-6.5
;MESH:NONMESH
G0 F600 X73.796 Y58.157 Z6.4
G0 F7200 X74.552 Y58.32
G0 X66.8 Y58.443
G0 X66.051 Y56.586
G0 X64.93 Y42.236
G0 X63.835 Y42.236
G0 X55.092 Y39.837
G0 X44.935 Y39.836
G0 X36.165 Y41.8
G0 X35.072 Y41.8
G0 X34.138 Y41.562
G0 X26.8 Y41.557
G0 X25.41 Y42.232
G0 X25.26 Y42.231
;TIME_ELAPSED:1103.512921
;LAYER:61
;TYPE:FILL
;MESH:pin.stl
G1 F1500 E6.5
G1 F3600 X25.924 Y42.895 E0.01562
G1 X25.994 Y42.965
G0 F7200 X25.771 Y42.875
G0 X25.59 Y45.975
G0 X25.74 Y45.975
G1 F3600 X25.261 Y46.454 E0.01127
G0 F7200 X25.41 Y46.455
G0 X25.41 Y47.888
G0 X25.26 Y47.887
G1 F3600 X25.74 Y48.368 E0.0113
G0 F7200 X25.59 Y48.368
G0 X25.59 Y51.632
G0 X25.74 Y51.632
G1 F3600 X25.261 Y52.111 E0.01127
G0 F7200 X25.41 Y52.112
G0 X25.41 Y53.545
G0 X25.26 Y53.544
G1 F3600 X25.74 Y54.024 E0.01129
G0 F7200 X25.59 Y54.024
G0 X25.651 Y56.663
G0 X25.923 Y57.106
G1 F3600 X25.261 Y57.768 E0.01557
G1 X25.191 Y57.838
G0 F7200 X25.41 Y57.839
G0 X26.051 Y43.414
G0 X26.8 Y41.557
G0 X29.98 Y41.294
G1 F3600 X29.896 Y41.21 E0.00198
G0 F7200 X30.421 Y41.294
G1 F3600 X30.505 Y41.21 E0.00198
G0 F7200 X26.8 Y41.557
G0 X26.051 Y43.414
G0 X26.051 Y56.586
G0 X26.8 Y58.443
G0 X34.61 Y58.57
G0 X33.8 Y58.57
;TYPE:WALL-INNER
G1 F4090.9 X27.1 Y58.574 E0.09805
G1 F3850.3 X26.542 Y58.223 E0.01025
G1 F3600 X25.9 Y56.615 E0.02879
G1 X25.9 Y55.356 E0.02094
G1 X25.937 Y55.147 E0.00353
G1 X26.016 Y54.998 E0.0028
G1 X25.9 Y54.715 E0.00509
G1 X25.9 Y45.356 E0.15564
G1 X25.937 Y45.147 E0.00353
G1 X26.016 Y44.998 E0.0028
G1 X25.9 Y44.715 E0.00509
G1 X25.9 Y43.5 E0.02021
G1 X25.942 Y43.277 E0.00377
G1 X26.542 Y41.777 E0.02687
G1 F3809.5 X27 Y41.43 E0.00903
G1 F4079.3 X33.7 Y41.425 E0.09833
G1 F3110.2 X34.281 Y41.63 E0.01186
G1 F2500 X34.387 Y42.029 E0.00989
G1 X34.812 Y41.674 E0.01326
G1 X34.812 Y41.188 E0.01164
G1 X34.524 Y41.188 E0.0069
G1 F3110.2 X33.7 Y41.075 E0.01601
G1 F4114.3 X27.1 Y41.075 E0.09604
G1 F3840 X26.084 Y41.1 E0.01584
G1 F3600 X25.101 Y41.101 E0.01635
G1 X25.1 Y58.896 E0.29593
G1 X26.087 Y58.896 E0.01641
G1 F3850.3 X27.1 Y58.922 E0.01576
G1 F4090.9 X33.83 Y58.922 E0.09849
G1 F3096.8 X34.523 Y58.811 E0.01357
G1 F2508.7 X34.809 Y58.811 E0.00683
G1 X34.811 Y58.322 E0.01167
G1 X34.387 Y57.966 E0.01321
G1 X34.281 Y58.37 E0.00997
G1 F3096.8 X33.8 Y58.57 E0.01007
G0 F7200 X33.9 Y58
;TYPE:WALL-OUTER
G1 F1800 X33.869 Y58.108 E0.00187
G1 X33.735 Y58.198 E0.00268
G1 X27.1 Y58.2 E0.11034
G1 X26.914 Y58.075 E0.00373
G1 X26.302 Y56.535 E0.02756
G1 X26.3 Y55.356 E0.01961
G1 X26.339 Y55.237 E0.00208
G1 F1894.7 X26.484 Y55.177 E0.00248
G1 F2011.2 X27.321 Y55.177 E0.01246
G1 X27.321 Y54.819 E0.00533
G1 X26.484 Y54.819 E0.01246
G1 F1894.7 X26.339 Y54.759 E0.00248
G1 F1800 X26.302 Y54.675 E0.00153
G1 X26.3 Y45.356 E0.15498
G1 X26.339 Y45.237 E0.00208
G1 F1894.7 X26.484 Y45.177 E0.00248
G1 F2011.2 X27.321 Y45.177 E0.01246
G1 X27.321 Y44.819 E0.00533
G1 X26.484 Y44.819 E0.01246
G1 F1894.7 X26.339 Y44.759 E0.00248
G1 F1800 X26.302 Y44.675 E0.00153
G1 X26.3 Y43.46 E0.02021
G1 X26.914 Y41.925 E0.02749
G1 X27.065 Y41.802 E0.00324
G1 X33.7 Y41.8 E0.11034
G1 X33.869 Y41.892 E0.0032
G1 X33.9 Y42 E0.00187
G1 X33.899 Y43.072 E0.01783
G1 X35.3 Y41.902 E0.03035
G1 X35.3 Y41.017 E0.01472
G1 X35.207 Y40.792 E0.00405
G1 X34.998 Y40.7 E0.0038
G1 X24.911 Y40.7 E0.16775
G1 X24.7 Y40.912 E0.00497
G1 X24.7 Y59.074 E0.30204
G1 X24.789 Y59.207 E0.00266
G1 X25.001 Y59.296 E0.00382
G1 X34.979 Y59.299 E0.16593
G1 X35.207 Y59.207 E0.00409
G1 X35.296 Y58.998 E0.00378
G1 X35.299 Y58.094 E0.01503
G1 X33.9 Y56.928 E0.03029
G1 X33.9 Y58 E0.01783
G0 F7200 X33.869 Y58.108
G0 X33.796 Y58.157
G1 F1500 E-6.5
G0 F7200 X34.552 Y58.32
G0 X36.165 Y58.2
G0 X43.835 Y58.202
G0 X44.93 Y58.202
G0 X45.41 Y56.574
G0 X45.26 Y56.573
;TYPE:FILL
G1 F1500 E6.5
G1 F3600 X46.012 Y57.326 E0.0177
G1 X46.082 Y57.396
G0 F7200 X45.907 Y57.466
G0 X46.422 Y58.633
G0 X47.01 Y58.646
G1 F3600 X46.878 Y58.778 E0.0031
G0 F7200 X46.422 Y58.633
G0 X45.651 Y56.663
G0 X45.41 Y54.74
G0 X45.26 Y54.739
G1 F3600 X45.74 Y54.259 E0.01129
G0 F7200 X45.59 Y54.259
G0 X45.59 Y51.397
G0 X45.74 Y51.397
G1 F3600 X45.26 Y50.917 E0.01129
G0 F7200 X45.41 Y50.918
G0 X45.41 Y49.083
G0 X45.26 Y49.082
G1 F3600 X45.74 Y48.602 E0.01129
G0 F7200 X45.59 Y48.602
G0 X45.59 Y45.74
G0 X45.74 Y45.74
G1 F3600 X45.26 Y45.26 E0.01129
G0 F7200 X45.41 Y45.261
G0 X45.41 Y43.426
G0 X45.26 Y43.425
G1 F3600 X46.011 Y42.674 E0.01766
G1 X46.081 Y42.604
G0 F7200 X45.908 Y42.534
G0 X46.422 Y41.366
G0 X46.964 Y41.307
G1 F3600 X46.878 Y41.221 E0.00202
G0 F7200 X47.39 Y41.296
G1 F3600 X47.475 Y41.21 E0.00201
G0 F7200 X52.524 Y41.21
G1 F3600 X52.605 Y41.291 E0.0019
G0 F7200 X53.051 Y41.291
G1 F3600 X53.132 Y41.21 E0.0019
G0 F7200 X46.8 Y41.557
G0 X46.051 Y43.414
G0 X46.051 Y56.586
G0 X46.8 Y58.443
G0 X54.61 Y58.57
G0 X53.8 Y58.57
;TYPE:WALL-INNER
G1 F4090.9 X47.1 Y58.574 E0.09805
G1 F3850.3 X46.542 Y58.223 E0.01025
G1 F3600 X45.9 Y56.615 E0.02879
G1 X45.9 Y55.356 E0.02094
G1 X45.937 Y55.147 E0.00353
G1 X46.016 Y54.998 E0.0028
G1 X45.9 Y54.715 E0.00509
G1 X45.9 Y45.356 E0.15564
G1 X45.937 Y45.147 E0.00353
G1 X46.016 Y44.998 E0.0028
G1 X45.9 Y44.715 E0.00509
G1 X45.9 Y43.5 E0.02021
G1 X45.942 Y43.277 E0.00377
G1 X46.542 Y41.777 E0.02687
G1 F3809.5 X47 Y41.43 E0.00903
G1 F4079.3 X53.7 Y41.425 E0.09833
G1 F3110.2 X54.281 Y41.63 E0.01186
G1 F2500 X54.387 Y42.029 E0.00989
G1 X54.812 Y41.674 E0.01326
G1 X54.812 Y41.188 E0.01164
G1 X54.524 Y41.188 E0.0069
G1 F3110.2 X53.7 Y41.075 E0.01601
G1 F4114.3 X47.1 Y41.075 E0.09604
G1 F3840 X46.084 Y41.1 E0.01584
G1 F3600 X45.101 Y41.101 E0.01635
G1 X45.1 Y58.896 E0.29593
G1 X46.087 Y58.896 E0.01641
G1 F3850.3 X47.1 Y58.922 E0.01576
G1 F4090.9 X53.83 Y58.922 E0.09849
G1 F3096.8 X54.523 Y58.811 E0.01357
G1 F2508.7 X54.809 Y58.811 E0.00683
G1 X54.811 Y58.322 E0.01167
G1 X54.387 Y57.966 E0.01321
G1 X54.281 Y58.37 E0.00997
G1 F3096.8 X53.8 Y58.57 E0.01007
G0 F7200 X53.9 Y58
;TYPE:WALL-OUTER
G1 F1800 X53.869 Y58.108 E0.00187
G1 X53.735 Y58.198 E0.00268
G1 X47.1 Y58.2 E0.11034
G1 X46.914 Y58.075 E0.00373
G1 X46.302 Y56.535 E0.02756
G1 X46.3 Y55.356 E0.01961
G1 X46.339 Y55.237 E0.00208
G1 F1894.7 X46.484 Y55.177 E0.00248
G1 F2011.2 X47.321 Y55.177 E0.01246
G1 X47.321 Y54.819 E0.00533
G1 X46.484 Y54.819 E0.01246
G1 F1894.7 X46.339 Y54.759 E0.00248
G1 F1800 X46.302 Y54.675 E0.00153
G1 X46.3 Y45.356 E0.15498
G1 X46.339 Y45.237 E0.00208
G1 F1894.7 X46.484 Y45.177 E0.00248
G1 F2011.2 X47.321 Y45.177 E0.01246
G1 X47.321 Y44.819 E0.00533
G1 X46.484 Y44.819 E0.01246
G1 F1894.7 X46.339 Y44.759 E0.00248
G1 F1800 X46.302 Y44.675 E0.00153
G1 X46.3 Y43.46 E0.02021
G1 X46.914 Y41.925 E0.02749
G1 X47.065 Y41.802 E0.00324
G1 X53.7 Y41.8 E0.11034
G1 X53.869 Y41.892 E0.0032
G1 X53.9 Y42 E0.00187
G1 X53.899 Y43.072 E0.01783
G1 X55.3 Y41.902 E0.03035
G1 X55.3 Y41.017 E0.01472
G1 X55.207 Y40.792 E0.00405
G1 X54.998 Y40.7 E0.0038
G1 X44.911 Y40.7 E0.16775
G1 X44.7 Y40.912 E0.00497
G1 X44.7 Y59.074 E0.30204
G1 X44.789 Y59.207 E0.00266
G1 X45.001 Y59.296 E0.00382
G1 X54.979 Y59.299 E0.16593
G1 X55.207 Y59.207 E0.00409
G1 X55.296 Y58.998 E0.00378
G1 X55.299 Y58.094 E0.01503
G1 X53.9 Y56.928 E0.03029
G1 X53.9 Y58 E0.01783
G0 F7200 X53.869 Y58.108
G0 X53.796 Y58.157
G1 F1500 E-6.5
G0 F7200 X54.552 Y58.32
G0 X56.165 Y58.2
G0 X63.835 Y58.202
G0 X64.93 Y58.202
G0 X65.41 Y57.367
G0 X65.26 Y57.366
;TYPE:FILL
G1 F1500 E6.5
G1 F3600 X65.808 Y56.818 E0.01289
G0 F7200 X65.67 Y56.873
G0 X65.59 Y54.427
G0 X65.74 Y54.427
G1 F3600 X65.26 Y53.946 E0.0113
G0 F7200 X65.41 Y53.947
G0 X65.41 Y51.71
G0 X65.26 Y51.709
G1 F3600 X65.74 Y51.23 E0.01128
G0 F7200 X65.59 Y51.23
G0 X65.59 Y48.77
G0 X65.74 Y48.77
G1 F3600 X65.26 Y48.29 E0.01129
G0 F7200 X65.41 Y48.291
G0 X65.41 Y46.053
G0 X65.261 Y46.052
G1 F3600 X65.74 Y45.573 E0.01127
G0 F7200 X65.59 Y45.573
G0 X65.671 Y43.125
G0 X65.808 Y43.181
G1 F3600 X65.26 Y42.633 E0.01289
G0 F7200 X65.41 Y42.634
G0 X66.8 Y41.557
G0 X69.494 Y41.21
G1 F3600 X69.577 Y41.293 E0.00195
G0 F7200 X70.02 Y41.293
G1 F3600 X70.103 Y41.21 E0.00195
G0 F7200 X66.8 Y41.557
G0 X66.051 Y43.414
G0 X66.051 Y56.586
G0 X66.8 Y58.443
G0 X74.61 Y58.57
G0 X73.8 Y58.57
;TYPE:WALL-INNER
G1 F4090.9 X67.1 Y58.574 E0.09805
G1 F3850.3 X66.542 Y58.223 E0.01025
G1 F3600 X65.9 Y56.615 E0.02879
G1 X65.9 Y55.356 E0.02094
G1 X65.937 Y55.147 E0.00353
G1 X66.016 Y54.998 E0.0028
G1 X65.9 Y54.715 E0.00509
G1 X65.9 Y45.356 E0.15564
G1 X65.937 Y45.147 E0.00353
G1 X66.016 Y44.998 E0.0028
G1 X65.9 Y44.715 E0.00509
G1 X65.9 Y43.5 E0.02021
G1 X65.942 Y43.277 E0.00377
G1 X66.542 Y41.777 E0.02687
G1 F3809.5 X67 Y41.43 E0.00903
G1 F4079.3 X73.7 Y41.425 E0.09833
G1 F3110.2 X74.281 Y41.63 E0.01186
G1 F2500 X74.387 Y42.029 E0.00989
G1 X74.812 Y41.674 E0.01326
G1 X74.812 Y41.188 E0.01164
G1 X74.524 Y41.188 E0.0069
G1 F3110.2 X73.7 Y41.075 E0.01601
G1 F4114.3 X67.1 Y41.075 E0.09604
G1 F3840 X66.084 Y41.1 E0.01584
G1 F3600 X65.101 Y41.101 E0.01635
G1 X65.1 Y58.896 E0.29593
G1 X66.087 Y58.896 E0.01641
G1 F3850.3 X67.1 Y58.922 E0.01576
G1 F4090.9 X73.83 Y58.922 E0.09849
G1 F3096.8 X74.523 Y58.811 E0.01357
G1 F2508.7 X74.809 Y58.811 E0.00683
G1 X74.811 Y58.322 E0.01167
G1 X74.387 Y57.966 E0.01321
G1 X74.281 Y58.37 E0.00997
G1 F3096.8 X73.8 Y58.57 E0.01007
G0 F7200 X73.9 Y58
;TYPE:WALL-OUTER
G1 F1800 X73.869 Y58.108 E0.00187
G1 X73.735 Y58.198 E0.00268
G1 X67.1 Y58.2 E0.11034
G1 X66.914 Y58.075 E0.00373
G1 X66.302 Y56.535 E0.02756
G1 X66.3 Y55.356 E0.01961
G1 X66.339 Y55.237 E0.00208
G1 F1894.7 X66.484 Y55.177 E0.00248
G1 F2011.2 X67.321 Y55.177 E0.01246
G1 X67.321 Y54.819 E0.00533
G1 X66.484 Y54.819 E0.01246
G1 F1894.7 X66.339 Y54.759 E0.00248
G1 F1800 X66.302 Y54.675 E0.00153
G1 X66.3 Y45.356 E0.15498
G1 X66.339 Y45.237 E0.00208
G1 F1894.7 X66.484 Y45.177 E0.00248
G1 F2011.2 X67.321 Y45.177 E0.01246
G1 X67.321 Y44.819 E0.00533
G1 X66.484 Y44.819 E0.01246
G1 F1894.7 X66.339 Y44.759 E0.00248
G1 F1800 X66.302 Y44.675 E0.00153
G1 X66.3 Y43.46 E0.02021
G1 X66.914 Y41.925 E0.02749
G1 X67.065 Y41.802 E0.00324
G1 X73.7 Y41.8 E0.11034
G1 X73.869 Y41.892 E0.0032
G1 X73.9 Y42 E0.00187
G1 X73.899 Y43.072 E0.01783
G1 X75.3 Y41.902 E0.03035
G1 X75.3 Y41.017 E0.01472
G1 X75.207 Y40.792 E0.00405
G1 X74.998 Y40.7 E0.0038
G1 X64.911 Y40.7 E0.16775
G1 X64.7 Y40.912 E0.00497
G1 X64.7 Y59.074 E0.30204
G1 X64.789 Y59.207 E0.00266
G1 X65.001 Y59.296 E0.00382
G1 X74.979 Y59.299 E0.16593
G1 X75.207 Y59.207 E0.00409
G1 X75.296 Y58.998 E0.00378
G1 X75.299 Y58.094 E0.01503
G1 X73.9 Y56.928 E0.03029
G1 X73.9 Y58 E0.01783
G0 F7200 X73.869 Y58.108
G0 X73.796 Y58.157
G1 F1500 E-6.5
;MESH:NONMESH
G0 F600 X73.796 Y58.157 Z6.5
G0 F7200 X74.552 Y58.32
G0 X66.8 Y58.443
G0 X66.051 Y56.586
G0 X64.93 Y42.236
G0 X63.835 Y42.236
G0 X55.089 Y39.837
G0 X44.935 Y39.836
G0 X36.165 Y41.8
G0 X35.072 Y41.8
G0 X34.138 Y41.562
G0 X26.8 Y41.557
G0 X25.41 Y42.232
G0 X25.26 Y42.231
;TIME_ELAPSED:1121.148517
;LAYER:62
;TYPE:FILL
;MESH:pin.stl
G1 F1500 E6.5
G1 F3600 X25.924 Y42.895 E0.01562
G1 X25.994 Y42.965
G0 F7200 X25.771 Y42.875
G0 X25.59 Y45.975
G0 X25.74 Y45.975
G1 F3600 X25.261 Y46.454 E0.01127
G0 F7200 X25.41 Y46.455
G0 X25.41 Y47.888
G0 X25.26 Y47.887
G1 F3600 X25.74 Y48.368 E0.0113
G0 F7200 X25.59 Y48.368
G0 X25.59 Y51.632
G0 X25.74 Y51.632
G1 F3600 X25.261 Y52.111 E0.01127
G0 F7200 X25.41 Y52.112
G0 X25.41 Y53.545
G0 X25.26 Y53.544
G1 F3600 X25.74 Y54.024 E0.01129
G0 F7200 X25.59 Y54.024
G0 X25.651 Y56.663
G0 X25.923 Y57.106
G1 F3600 X25.261 Y57.768 E0.01557
G1 X25.191 Y57.838
G0 F7200 X25.41 Y57.839
G0 X26.051 Y43.414
G0 X26.8 Y41.557
G0 X29.98 Y41.294
G1 F3600 X29.896 Y41.21 E0.00198
G0 F7200 X30.421 Y41.294
G1 F3600 X30.505 Y41.21 E0.00198
G0 F7200 X26.8 Y41.557
G0 X26.051 Y43.414
G0 X26.051 Y56.586
G0 X26.8 Y58.443
G0 X34.61 Y58.57
G0 X33.8 Y58.57
;TYPE:WALL-INNER
G1 F4090.9 X27.1 Y58.574 E0.09805
G1 F3850.3 X26.542 Y58.223 E0.01025
G1 F3600 X25.9 Y56.615 E0.02879
G1 X25.9 Y55.125 E0.02478
G1 X25.941 Y54.998 E0.00222
G1 X25.9 Y54.861 E0.00238
G1 X25.9 Y45.212 E0.16046
G1 X25.941 Y44.998 E0.00362
G1 X25.9 Y44.861 E0.00238
G1 X25.9 Y43.5 E0.02263
G1 X25.942 Y43.277 E0.00377
G1 X26.542 Y41.777 E0.02687
G1 F3809.5 X27 Y41.43 E0.00903
G1 F4079.3 X33.7 Y41.425 E0.09833
G1 F3110.2 X34.281 Y41.63 E0.01186
G1 F2500 X34.387 Y42.029 E0.00989
G1 X34.812 Y41.674 E0.01326
G1 X34.812 Y41.188 E0.01164
G1 X34.524 Y41.188 E0.0069
G1 F3110.2 X33.7 Y41.075 E0.01601
G1 F4114.3 X27.1 Y41.075 E0.09604
G1 F3840 X26.084 Y41.1 E0.01584
G1 F3600 X25.101 Y41.101 E0.01635
G1 X25.1 Y58.896 E0.29593
G1 X26.087 Y58.896 E0.01641
G1 F3850.3 X27.1 Y58.922 E0.01576
G1 F4090.9 X33.83 Y58.922 E0.09849
G1 F3090.1 X34.522 Y58.812 E0.01358
G1 F2504.3 X34.809 Y58.812 E0.00686
G1 X34.811 Y58.322 E0.01171
G1 X34.387 Y57.966 E0.01324
G1 X34.28 Y58.37 E0.00999
G1 F3090.1 X33.8 Y58.57 E0.01007
G0 F7200 X33.9 Y58
;TYPE:WALL-OUTER
G1 F1800 X33.869 Y58.108 E0.00187
G1 X33.735 Y58.198 E0.00268
G1 X27.1 Y58.2 E0.11034
G1 X26.914 Y58.075 E0.00373
G1 X26.302 Y56.535 E0.02756
G1 X26.304 Y55.142 E0.02317
G1 F1734.9 X26.482 Y54.998 E0.00395
G1 X26.302 Y54.853 E0.00399
G1 F1800 X26.304 Y45.142 E0.16149
G1 F1734.9 X26.482 Y44.998 E0.00395
G1 X26.302 Y44.853 E0.00399
G1 F1800 X26.3 Y43.46 E0.02317
G1 X26.914 Y41.925 E0.02749
G1 X27.065 Y41.802 E0.00324
G1 X33.7 Y41.8 E0.11034
G1 X33.869 Y41.892 E0.0032
G1 X33.9 Y42 E0.00187
G1 X33.899 Y43.072 E0.01783
G1 X35.3 Y41.902 E0.03035
G1 X35.3 Y40.916 E0.0164
G1 X35.084 Y40.7 E0.00508
G1 X24.911 Y40.7 E0.16918
G1 X24.7 Y40.912 E0.00497
G1 X24.7 Y59.074 E0.30204
G1 X24.789 Y59.207 E0.00266
G1 X25.001 Y59.296 E0.00382
G1 X34.979 Y59.299 E0.16593
G1 X35.207 Y59.207 E0.00409
G1 X35.296 Y59.073 E0.00268
G1 X35.299 Y58.094 E0.01628
G1 X33.9 Y56.928 E0.03029
G1 X33.9 Y58 E0.01783
G0 F7200 X33.869 Y58.108
G0 X33.796 Y58.157
G1 F1500 E-6.5
G0 F7200 X34.552 Y58.32
G0 X34.118 Y57.393
G0 X33.047 Y57.347
G0 X28.165 Y54.998
G0 X27.286 Y54.998
G1 F1500 E6.5
G1 F1678.3 X26.482 Y54.998 E0.01434
G0 F7200 X25.59 Y54.998
G0 X25.59 Y44.998
G0 X26.482 Y44.998
G1 F1678.3 X27.286 Y44.998 E0.01434
G1 F1500 E-6.5
G0 F7200 X28.165 Y44.998
G0 X43.835 Y45
G0 X44.93 Y45
G0 X45.26 Y45.26
;TYPE:FILL
G1 F1500 E6.5
G1 F3600 X45.74 Y45.74 E0.01129
G0 F7200 X45.59 Y45.74
G0 X45.41 Y43.426
G0 X45.26 Y43.425
G1 F3600 X46.011 Y42.674 E0.01766
G1 X46.081 Y42.604
G0 F7200 X45.908 Y42.534
G0 X46.422 Y41.366
G0 X46.964 Y41.307
G1 F3600 X46.878 Y41.221 E0.00202
G0 F7200 X47.39 Y41.296
G1 F3600 X47.475 Y41.21 E0.00201
G0 F7200 X52.524 Y41.21
G1 F3600 X52.605 Y41.291 E0.0019
G0 F7200 X53.051 Y41.291
G1 F3600 X53.132 Y41.21 E0.0019
G0 F7200 X46.8 Y41.557
G0 X46.051 Y43.414
G0 X45.59 Y48.602
G0 X45.74 Y48.602
G1 F3600 X45.26 Y49.082 E0.01129
G0 F7200 X45.41 Y49.083
G0 X45.41 Y50.918
G0 X45.26 Y50.917
G1 F3600 X45.74 Y51.397 E0.01129
G0 F7200 X45.59 Y51.397
G0 X45.59 Y54.259
G0 X45.74 Y54.259
G1 F3600 X45.26 Y54.739 E0.01129
G0 F7200 X45.41 Y54.74
G0 X45.41 Y56.574
G0 X45.26 Y56.573
G1 F3600 X46.012 Y57.326 E0.0177
G1 X46.082 Y57.396
G0 F7200 X45.907 Y57.466
G0 X46.422 Y58.633
G0 X47.01 Y58.646
G1 F3600 X46.878 Y58.778 E0.0031
G0 F7200 X46.381 Y58.649
G0 X54.61 Y58.57
G0 X53.8 Y58.57
;TYPE:WALL-INNER
G1 F4090.9 X47.1 Y58.574 E0.09805
G1 F3850.3 X46.542 Y58.223 E0.01025
G1 F3600 X45.9 Y56.615 E0.02879
G1 X45.9 Y55.125 E0.02478
G1 X45.941 Y54.998 E0.00222
G1 X45.9 Y54.861 E0.00238
G1 X45.9 Y45.212 E0.16046
G1 X45.941 Y44.998 E0.00362
G1 X45.9 Y44.861 E0.00238
G1 X45.9 Y43.5 E0.02263
G1 X45.942 Y43.277 E0.00377
G1 X46.542 Y41.777 E0.02687
G1 F3809.5 X47 Y41.43 E0.00903
G1 F4079.3 X53.7 Y41.425 E0.09833
G1 F3110.2 X54.281 Y41.63 E0.01186
G1 F2500 X54.387 Y42.029 E0.00989
G1 X54.812 Y41.674 E0.01326
G1 X54.812 Y41.188 E0.01164
G1 X54.524 Y41.188 E0.0069
G1 F3110.2 X53.7 Y41.075 E0.01601
G1 F4114.3 X47.1 Y41.075 E0.09604
G1 F3840 X46.084 Y41.1 E0.01584
G1 F3600 X45.101 Y41.101 E0.01635
G1 X45.1 Y58.896 E0.29593
G1 X46.087 Y58.896 E0.01641
G1 F3850.3 X47.1 Y58.922 E0.01576
G1 F4090.9 X53.83 Y58.922 E0.09849
G1 F3090.1 X54.522 Y58.812 E0.01358
G1 F2504.3 X54.809 Y58.812 E0.00686
G1 X54.811 Y58.322 E0.01171
G1 X54.387 Y57.966 E0.01324
G1 X54.28 Y58.37 E0.00999
G1 F3090.1 X53.8 Y58.57 E0.01007
G0 F7200 X53.9 Y58
;TYPE:WALL-OUTER
G1 F1800 X53.869 Y58.108 E0.00187
G1 X53.735 Y58.198 E0.00268
G1 X47.1 Y58.2 E0.11034
G1 X46.914 Y58.075 E0.00373
G1 X46.302 Y56.535 E0.02756
G1 X46.304 Y55.142 E0.02317
G1 F1734.9 X46.482 Y54.998 E0.00395
G1 X46.302 Y54.853 E0.00399
G1 F1800 X46.304 Y45.142 E0.16149
G1 F1734.9 X46.482 Y44.998 E0.00395
G1 X46.302 Y44.853 E0.00399
G1 F1800 X46.3 Y43.46 E0.02317
G1 X46.914 Y41.925 E0.02749
G1 X47.065 Y41.802 E0.00324
G1 X53.7 Y41.8 E0.11034
G1 X53.869 Y41.892 E0.0032
G1 X53.9 Y42 E0.00187
G1 X53.899 Y43.072 E0.01783
G1 X55.3 Y41.902 E0.03035
G1 X55.3 Y40.916 E0.0164
G1 X55.084 Y40.7 E0.00508
G1 X44.911 Y40.7 E0.16918
G1 X44.7 Y40.912 E0.00497
G1 X44.7 Y59.074 E0.30204
G1 X44.789 Y59.207 E0.00266
G1 X45.001 Y59.296 E0.00382
G1 X54.979 Y59.299 E0.16593
G1 X55.207 Y59.207 E0.00409
G1 X55.296 Y59.073 E0.00268
G1 X55.299 Y58.094 E0.01628
G1 X53.9 Y56.928 E0.03029
G1 X53.9 Y58 E0.01783
G0 F7200 X53.869 Y58.108
G0 X53.796 Y58.157
G1 F1500 E-6.5
G0 F7200 X54.552 Y58.32
G0 X47.286 Y58.43
G0 X47.545 Y57.342
G0 X47.286 Y55.878
G0 X47.286 Y54.998
G1 F1500 E6.5
G1 F1678.3 X46.482 Y54.998 E0.01434
G0 F7200 X45.59 Y54.998
G0 X45.59 Y44.998
G0 X46.482 Y44.998
G1 F1678.3 X47.286 Y44.998 E0.01434
G1 F1500 E-6.5
G0 F7200 X48.165 Y44.998
G0 X63.835 Y45
G0 X64.93 Y45
G0 X65.41 Y46.053
G0 X65.261 Y46.052
;TYPE:FILL
G1 F1500 E6.5
G1 F3600 X65.74 Y45.573 E0.01127
G0 F7200 X65.59 Y45.573
G0 X65.671 Y43.125
G0 X65.808 Y43.181
G1 F3600 X65.26 Y42.633 E0.01289
G0 F7200 X65.41 Y42.634
G0 X66.8 Y41.557
G0 X69.494 Y41.21
G1 F3600 X69.577 Y41.293 E0.00195
G0 F7200 X70.02 Y41.293
G1 F3600 X70.103 Y41.21 E0.00195
G0 F7200 X66.8 Y41.557
G0 X66.051 Y43.414
G0 X65.41 Y48.291
G0 X65.26 Y48.29
G1 F3600 X65.74 Y48.769 E0.01128
G0 F7200 X65.59 Y48.769
G0 X65.59 Y51.23
G0 X65.74 Y51.23
G1 F3600 X65.26 Y51.709 E0.01128
G0 F7200 X65.41 Y51.71
G0 X65.41 Y53.947
G0 X65.26 Y53.946
G1 F3600 X65.74 Y54.426 E0.01129
G0 F7200 X65.59 Y54.426
G0 X65.67 Y56.873
G0 X65.808 Y56.818
G1 F3600 X65.26 Y57.366 E0.01289
G0 F7200 X65.41 Y57.367
G0 X66.8 Y58.443
G0 X74.61 Y58.57
G0 X73.8 Y58.57
;TYPE:WALL-INNER
G1 F4090.9 X67.1 Y58.574 E0.09805
G1 F3850.3 X66.542 Y58.223 E0.01025
G1 F3600 X65.9 Y56.615 E0.02879
G1 X65.9 Y55.125 E0.02478
G1 X65.941 Y54.998 E0.00222
G1 X65.9 Y54.861 E0.00238
G1 X65.9 Y45.212 E0.16046
G1 X65.941 Y44.998 E0.00362
G1 X65.9 Y44.861 E0.00238
G1 X65.9 Y43.5 E0.02263
G1 X65.942 Y43.277 E0.00377
G1 X66.542 Y41.777 E0.02687
G1 F3809.5 X67 Y41.43 E0.00903
G1 F4079.3 X73.7 Y41.425 E0.09833
G1 F3110.2 X74.281 Y41.63 E0.01186
G1 F2500 X74.387 Y42.029 E0.00989
G1 X74.812 Y41.674 E0.01326
G1 X74.812 Y41.188 E0.01164
G1 X74.524 Y41.188 E0.0069
G1 F3110.2 X73.7 Y41.075 E0.01601
G1 F4114.3 X67.1 Y41.075 E0.09604
G1 F3840 X66.084 Y41.1 E0.01584
G1 F3600 X65.101 Y41.101 E0.01635
G1 X65.1 Y58.896 E0.29593
G1 X66.087 Y58.896 E0.01641
G1 F3850.3 X67.1 Y58.922 E0.01576
G1 F4090.9 X73.83 Y58.922 E0.09849
G1 F3090.1 X74.522 Y58.812 E0.01358
G1 F2504.3 X74.809 Y58.812 E0.00686
G1 X74.811 Y58.322 E0.01171
G1 X74.387 Y57.966 E0.01324
G1 X74.28 Y58.37 E0.00999
G1 F3090.1 X73.8 Y58.57 E0.01007
G0 F7200 X73.9 Y58
;TYPE:WALL-OUTER
G1 F1800 X73.869 Y58.108 E0.00187
G1 X73.735 Y58.198 E0.00268
G1 X67.1 Y58.2 E0.11034
G1 X66.914 Y58.075 E0.00373
G1 X66.302 Y56.535 E0.02756
G1 X66.304 Y55.142 E0.02317
G1 F1734.9 X66.482 Y54.998 E0.00395
G1 X66.302 Y54.853 E0.00399
G1 F1800 X66.304 Y45.142 E0.16149
G1 F1734.9 X66.482 Y44.998 E0.00395
G1 X66.302 Y44.853 E0.00399
G1 F1800 X66.3 Y43.46 E0.02317
G1 X66.914 Y41.925 E0.02749
G1 X67.065 Y41.802 E0.00324
G1 X73.7 Y41.8 E0.11034
G1 X73.869 Y41.892 E0.0032
G1 X73.9 Y42 E0.00187
G1 X73.899 Y43.072 E0.01783
G1 X75.3 Y41.902 E0.03035
G1 X75.3 Y40.916 E0.0164
G1 X75.084 Y40.7 E0.00508
G1 X64.911 Y40.7 E0.16918
G1 X64.7 Y40.912 E0.00497
G1 X64.7 Y59.074 E0.30204
G1 X64.789 Y59.207 E0.00266
G1 X65.001 Y59.296 E0.00382
G1 X74.979 Y59.299 E0.16593
G1 X75.207 Y59.207 E0.00409
G1 X75.296 Y59.073 E0.00268
G1 X75.299 Y58.094 E0.01628
G1 X73.9 Y56.928 E0.03029
G1 X73.9 Y58 E0.01783
G0 F7200 X73.869 Y58.108
G0 X73.796 Y58.157
G1 F1500 E-6.5
G0 F7200 X74.552 Y58.32
G0 X67.286 Y58.43
G0 X67.545 Y57.342
G0 X67.286 Y55.878
G0 X67.286 Y54.998
G1 F1500 E6.5
G1 F1678.3 X66.482 Y54.998 E0.01434
G0 F7200 X65.59 Y54.998
G0 X65.59 Y44.998
G0 X66.482 Y44.998
G1 F1678.3 X67.286 Y44.998 E0.01434
G1 F1500 E-6.5
;MESH:NONMESH
G0 F600 X67.286 Y44.998 Z6.6
G0 F7200 X67.153 Y44.134
G0 X73.8 Y44.274
G0 X76.161 Y42.309
G0 X76.164 Y40.935
G0 X75.833 Y40.167
G0 X75.088 Y39.837
G0 X44.935 Y39.836
G0 X36.165 Y41.8
G0 X35.072 Y41.8
G0 X34.138 Y41.562
G0 X26.8 Y41.557
G0 X25.41 Y42.232
G0 X25.26 Y42.231
;TIME_ELAPSED:1140.969328
;LAYER:63
;TYPE:FILL
;MESH:pin.stl
G1 F1500 E6.5
G1 F3600 X25.924 Y42.895 E0.01562
G1 X25.994 Y42.965
G0 F7200 X25.771 Y42.875
G0 X25.59 Y45.975
G0 X25.739 Y45.975
G1 F3600 X25.261 Y46.454 E0.01125
G0 F7200 X25.41 Y46.455
G0 X25.41 Y47.888
G0 X25.26 Y47.887
G1 F3600 X25.74 Y48.368 E0.0113
G0 F7200 X25.59 Y48.368
G0 X25.59 Y51.632
G0 X25.739 Y51.632
G1 F3600 X25.261 Y52.111 E0.01125
G0 F7200 X25.41 Y52.112
G0 X25.41 Y53.545
G0 X25.26 Y53.544
G1 F3600 X25.74 Y54.024 E0.01129
G0 F7200 X25.59 Y54.024
G0 X25.651 Y56.663
G0 X25.923 Y57.106
G1 F3600 X25.261 Y57.768 E0.01557
G1 X25.191 Y57.838
G0 F7200 X25.41 Y57.839
G0 X26.051 Y43.414
G0 X26.8 Y41.557
G0 X29.98 Y41.294
G1 F3600 X29.896 Y41.21 E0.00198
G0 F7200 X30.421 Y41.294
G1 F3600 X30.505 Y41.21 E0.00198
G0 F7200 X26.8 Y41.557
G0 X26.051 Y43.414
G0 X26.051 Y56.586
G0 X26.8 Y58.443
G0 X34.61 Y58.57
G0 X33.8 Y58.57
;TYPE:WALL-INNER
G1 F4090.9 X27.1 Y58.574 E0.09805
G1 F3850.3 X26.542 Y58.223 E0.01025
G1 F3600 X25.9 Y56.615 E0.02879
G1 X25.9 Y43.5 E0.2181
G1 X25.942 Y43.277 E0.00377
G1 X26.542 Y41.777 E0.02687
G1 F3809.5 X27 Y41.43 E0.00903
G1 F4079.3 X33.7 Y41.425 E0.09833
G1 F3110.2 X34.281 Y41.63 E0.01186
G1 F2500 X34.387 Y42.029 E0.00989
G1 X34.812 Y41.674 E0.01326
G1 X34.812 Y41.188 E0.01164
G1 X34.524 Y41.188 E0.0069
G1 F3110.2 X33.7 Y41.075 E0.01601
G1 F4114.3 X27.1 Y41.075 E0.09604
G1 F3840 X26.084 Y41.1 E0.01584
G1 F3600 X25.101 Y41.101 E0.01635
G1 X25.1 Y58.896 E0.29593
G1 X26.087 Y58.896 E0.01641
G1 F3850.3 X27.1 Y58.922 E0.01576
G1 F4090.9 X33.83 Y58.922 E0.09849
G1 F3090.1 X34.523 Y58.812 E0.01359
G1 F2504.3 X34.809 Y58.812 E0.00684
G1 X34.811 Y58.322 E0.01171
G1 X34.387 Y57.966 E0.01324
G1 X34.28 Y58.37 E0.00999
G1 F3090.1 X33.8 Y58.57 E0.01007
G0 F7200 X33.9 Y58
;TYPE:WALL-OUTER
G1 F1800 X33.869 Y58.108 E0.00187
G1 X33.735 Y58.198 E0.00268
G1 X27.1 Y58.2 E0.11034
G1 X26.914 Y58.075 E0.00373
G1 X26.302 Y56.535 E0.02756
G1 X26.3 Y43.46 E0.21744
G1 X26.914 Y41.925 E0.02749
G1 X27.065 Y41.802 E0.00324
G1 X33.7 Y41.8 E0.11034
G1 X33.869 Y41.892 E0.0032
G1 X33.9 Y42 E0.00187
G1 X33.899 Y43.072 E0.01783
G1 X35.3 Y41.902 E0.03035
G1 X35.3 Y41.017 E0.01472
G1 X35.214 Y40.799 E0.0039
G1 X35.02 Y40.7 E0.00362
G1 X25.015 Y40.7 E0.16638
G1 X24.799 Y40.782 E0.00384
G1 X24.7 Y40.976 E0.00362
G1 X24.7 Y58.981 E0.29942
G1 X24.782 Y59.197 E0.00384
G1 X24.976 Y59.296 E0.00362
G1 X34.979 Y59.3 E0.16635
G1 X35.197 Y59.214 E0.0039
G1 X35.296 Y59.019 E0.00364
G1 X35.299 Y58.094 E0.01538
G1 X33.9 Y56.928 E0.03029
G1 X33.9 Y58 E0.01783
G0 F7200 X33.869 Y58.108
G0 X33.796 Y58.157
G1 F1500 E-6.5
G0 F7200 X34.552 Y58.32
G0 X36.165 Y58.2
G0 X43.835 Y58.202
G0 X44.93 Y58.202
G0 X45.41 Y56.574
G0 X45.26 Y56.573
;TYPE:FILL
G1 F1500 E6.5
G1 F3600 X46.012 Y57.326 E0.0177
G1 X46.082 Y57.396
G0 F7200 X45.907 Y57.466
G0 X46.422 Y58.633
G0 X47.01 Y58.646
G1 F3600 X46.878 Y58.778 E0.0031
G0 F7200 X46.422 Y58.633
G0 X45.651 Y56.663
G0 X45.41 Y54.74
G0 X45.26 Y54.739
G1 F3600 X45.74 Y54.259 E0.01129
G0 F7200 X45.59 Y54.259
G0 X45.59 Y51.397
G0 X45.741 Y51.397
G1 F3600 X45.26 Y50.917 E0.0113
G0 F7200 X45.41 Y50.918
G0 X45.41 Y49.083
G0 X45.26 Y49.082
G1 F3600 X45.74 Y48.602 E0.01129
G0 F7200 X45.59 Y48.602
G0 X45.59 Y45.741
G0 X45.741 Y45.741
G1 F3600 X45.26 Y45.26 E0.01131
G0 F7200 X45.41 Y45.261
G0 X45.41 Y43.426
G0 X45.26 Y43.425
G1 F3600 X46.011 Y42.674 E0.01766
G1 X46.081 Y42.604
G0 F7200 X45.908 Y42.534
G0 X46.422 Y41.366
G0 X46.964 Y41.307
G1 F3600 X46.878 Y41.221 E0.00202
G0 F7200 X47.39 Y41.296
G1 F3600 X47.475 Y41.21 E0.00201
G0 F7200 X52.524 Y41.21
G1 F3600 X52.605 Y41.291 E0.0019
G0 F7200 X53.051 Y41.291
G1 F3600 X53.132 Y41.21 E0.0019
G0 F7200 X46.8 Y41.557
G0 X46.051 Y43.414
G0 X46.051 Y56.586
G0 X46.8 Y58.443
G0 X54.61 Y58.57
G0 X53.8 Y58.57
;TYPE:WALL-INNER
G1 F4090.9 X47.1 Y58.574 E0.09805
G1 F3850.3 X46.542 Y58.223 E0.01025
G1 F3600 X45.9 Y56.615 E0.02879
G1 X45.9 Y43.5 E0.2181
G1 X45.942 Y43.277 E0.00377
G1 X46.542 Y41.777 E0.02687
G1 F3809.5 X47 Y41.43 E0.00903
G1 F4079.3 X53.7 Y41.425 E0.09833
G1 F3110.2 X54.281 Y41.63 E0.01186
G1 F2500 X54.387 Y42.029 E0.00989
G1 X54.812 Y41.674 E0.01326
G1 X54.812 Y41.188 E0.01164
G1 X54.524 Y41.188 E0.0069
G1 F3110.2 X53.7 Y41.075 E0.01601
G1 F4114.3 X47.1 Y41.075 E0.09604
G1 F3840 X46.084 Y41.1 E0.01584
G1 F3600 X45.101 Y41.101 E0.01635
G1 X45.1 Y58.896 E0.29593
G1 X46.087 Y58.896 E0.01641
G1 F3850.3 X47.1 Y58.922 E0.01576
G1 F4090.9 X53.83 Y58.922 E0.09849
G1 F3090.1 X54.523 Y58.812 E0.01359
G1 F2504.3 X54.809 Y58.812 E0.00684
G1 X54.811 Y58.322 E0.01171
G1 X54.387 Y57.966 E0.01324
G1 X54.28 Y58.37 E0.00999
G1 F3090.1 X53.8 Y58.57 E0.01007
G0 F7200 X53.9 Y58
;TYPE:WALL-OUTER
G1 F1800 X53.869 Y58.108 E0.00187
G1 X53.735 Y58.198 E0.00268
G1 X47.1 Y58.2 E0.11034
G1 X46.914 Y58.075 E0.00373
G1 X46.302 Y56.535 E0.02756
G1 X46.3 Y43.46 E0.21744
G1 X46.914 Y41.925 E0.02749
G1 X47.065 Y41.802 E0.00324
G1 X53.7 Y41.8 E0.11034
G1 X53.869 Y41.892 E0.0032
G1 X53.9 Y42 E0.00187
G1 X53.899 Y43.072 E0.01783
G1 X55.3 Y41.902 E0.03035
G1 X55.3 Y41.017 E0.01472
G1 X55.214 Y40.799 E0.0039
G1 X55.02 Y40.7 E0.00362
G1 X45.015 Y40.7 E0.16638
G1 X44.799 Y40.782 E0.00384
G1 X44.7 Y40.976 E0.00362
G1 X44.7 Y58.981 E0.29942
G1 X44.782 Y59.197 E0.00384
G1 X44.976 Y59.296 E0.00362
G1 X54.979 Y59.3 E0.16635
G1 X55.197 Y59.214 E0.0039
G1 X55.296 Y59.019 E0.00364
G1 X55.299 Y58.094 E0.01538
G1 X53.9 Y56.928 E0.03029
G1 X53.9 Y58 E0.01783
G0 F7200 X53.869 Y58.108
G0 X53.796 Y58.157
G1 F1500 E-6.5
G0 F7200 X54.552 Y58.32
G0 X56.165 Y58.2
G0 X63.835 Y58.202
G0 X64.93 Y58.202
G0 X65.41 Y57.367
G0 X65.26 Y57.366
;TYPE:FILL
G1 F1500 E6.5
G1 F3600 X65.808 Y56.818 E0.01289
G0 F7200 X65.67 Y56.873
G0 X65.59 Y54.427
G0 X65.74 Y54.427
G1 F3600 X65.26 Y53.946 E0.0113
G0 F7200 X65.41 Y53.947
G0 X65.41 Y51.71
G0 X65.26 Y51.709
G1 F3600 X65.74 Y51.23 E0.01128
G0 F7200 X65.59 Y51.23
G0 X65.59 Y48.77
G0 X65.74 Y48.77
G1 F3600 X65.26 Y48.29 E0.01129
G0 F7200 X65.41 Y48.291
G0 X65.41 Y46.053
G0 X65.261 Y46.052
G1 F3600 X65.74 Y45.573 E0.01127
G0 F7200 X65.59 Y45.573
G0 X65.671 Y43.125
G0 X65.808 Y43.181
G1 F3600 X65.26 Y42.633 E0.01289
G0 F7200 X65.41 Y42.634
G0 X66.8 Y41.557
G0 X69.494 Y41.21
G1 F3600 X69.577 Y41.293 E0.00195
G0 F7200 X70.02 Y41.293
G1 F3600 X70.103 Y41.21 E0.00195
G0 F7200 X66.8 Y41.557
G0 X66.051 Y43.414
G0 X66.051 Y56.586
G0 X66.8 Y58.443
G0 X74.61 Y58.57
G0 X73.8 Y58.57
;TYPE:WALL-INNER
G1 F4090.9 X67.1 Y58.574 E0.09805
G1 F3850.3 X66.542 Y58.223 E0.01025
G1 F3600 X65.9 Y56.615 E0.02879
G1 X65.9 Y43.5 E0.2181
G1 X65.942 Y43.277 E0.00377
G1 X66.542 Y41.777 E0.02687
G1 F3809.5 X67 Y41.43 E0.00903
G1 F4079.3 X73.7 Y41.425 E0.09833
G1 F3110.2 X74.281 Y41.63 E0.01186
G1 F2500 X74.387 Y42.029 E0.00989
G1 X74.812 Y41.674 E0.01326
G1 X74.812 Y41.188 E0.01164
G1 X74.524 Y41.188 E0.0069
G1 F3110.2 X73.7 Y41.075 E0.01601
G1 F4114.3 X67.1 Y41.075 E0.09604
G1 F3840 X66.084 Y41.1 E0.01584
G1 F3600 X65.101 Y41.101 E0.01635
G1 X65.1 Y58.896 E0.29593
G1 X66.087 Y58.896 E0.01641
G1 F3850.3 X67.1 Y58.922 E0.01576
G1 F4090.9 X73.83 Y58.922 E0.09849
G1 F3090.1 X74.523 Y58.812 E0.01359
G1 F2504.3 X74.809 Y58.812 E0.00684
G1 X74.811 Y58.322 E0.01171
G1 X74.387 Y57.966 E0.01324
G1 X74.28 Y58.37 E0.00999
G1 F3090.1 X73.8 Y58.57 E0.01007
G0 F7200 X73.9 Y58
;TYPE:WALL-OUTER
G1 F1800 X73.869 Y58.108 E0.00187
G1 X73.735 Y58.198 E0.00268
G1 X67.1 Y58.2 E0.11034
G1 X66.914 Y58.075 E0.00373
G1 X66.302 Y56.535 E0.02756
G1 X66.3 Y43.46 E0.21744
G1 X66.914 Y41.925 E0.02749
G1 X67.065 Y41.802 E0.00324
G1 X73.7 Y41.8 E0.11034
G1 X73.869 Y41.892 E0.0032
G1 X73.9 Y42 E0.00187
G1 X73.899 Y43.072 E0.01783
G1 X75.3 Y41.902 E0.03035
G1 X75.3 Y41.017 E0.01472
G1 X75.214 Y40.799 E0.0039
G1 X75.02 Y40.7 E0.00362
G1 X65.015 Y40.7 E0.16638
G1 X64.799 Y40.782 E0.00384
G1 X64.7 Y40.976 E0.00362
G1 X64.7 Y58.981 E0.29942
G1 X64.782 Y59.197 E0.00384
G1 X64.976 Y59.296 E0.00362
G1 X74.979 Y59.3 E0.16635
G1 X75.197 Y59.214 E0.0039
G1 X75.296 Y59.019 E0.00364
G1 X75.299 Y58.094 E0.01538
G1 X73.9 Y56.928 E0.03029
G1 X73.9 Y58 E0.01783
G0 F7200 X73.869 Y58.108
G0 X73.796 Y58.157
G1 F1500 E-6.5
;MESH:NONMESH
G0 F600 X73.796 Y58.157 Z6.7
G0 F7200 X74.552 Y58.32
G0 X66.8 Y58.443
G0 X66.051 Y56.586
G0 X64.93 Y42.236
G0 X63.835 Y42.236
G0 X55.226 Y39.838
G0 X44.935 Y39.836
G0 X36.165 Y41.8
G0 X35.072 Y41.8
G0 X34.138 Y41.562
G0 X26.8 Y41.557
G0 X25.41 Y42.232
G0 X25.26 Y42.231
;TIME_ELAPSED:1158.196356
;LAYER:64
;TYPE:FILL
;MESH:pin.stl
G1 F1500 E6.5
G1 F3600 X25.924 Y42.895 E0.01562
G1 X25.994 Y42.965
G0 F7200 X25.771 Y42.875
G0 X25.59 Y45.975
G0 X25.739 Y45.975
G1 F3600 X25.261 Y46.454 E0.01125
G0 F7200 X25.41 Y46.455
G0 X25.41 Y47.888
G0 X25.26 Y47.887
G1 F3600 X25.74 Y48.368 E0.0113
G0 F7200 X25.59 Y48.368
G0 X25.59 Y51.632
G0 X25.739 Y51.632
G1 F3600 X25.261 Y52.111 E0.01125
G0 F7200 X25.41 Y52.112
G0 X25.41 Y53.545
G0 X25.26 Y53.544
G1 F3600 X25.74 Y54.024 E0.01129
G0 F7200 X25.59 Y54.024
G0 X25.651 Y56.663
G0 X25.923 Y57.106
G1 F3600 X25.261 Y57.768 E0.01557
G1 X25.191 Y57.838
G0 F7200 X25.41 Y57.839
G0 X26.051 Y43.414
G0 X26.8 Y41.557
G0 X29.98 Y41.294
G1 F3600 X29.896 Y41.21 E0.00198
G0 F7200 X30.421 Y41.294
G1 F3600 X30.505 Y41.21 E0.00198
G0 F7200 X26.8 Y41.557
G0 X26.051 Y43.414
G0 X26.051 Y56.586
G0 X26.8 Y58.443
G0 X34.61 Y58.57
G0 X33.8 Y58.57
;TYPE:WALL-INNER
G1 F4090.9 X27.1 Y58.574 E0.09805
G1 F3850.3 X26.542 Y58.223 E0.01025
G1 F3600 X25.9 Y56.615 E0.02879
G1 X25.9 Y43.5 E0.2181
G1 X25.942 Y43.277 E0.00377
G1 X26.542 Y41.777 E0.02687
G1 F3809.5 X27 Y41.43 E0.00903
G1 F4079.3 X33.7 Y41.425 E0.09833
G1 F3110.2 X34.281 Y41.63 E0.01186
G1 F2500 X34.387 Y42.029 E0.00989
G1 X34.812 Y41.674 E0.01326
G1 X34.812 Y41.188 E0.01164
G1 X34.524 Y41.188 E0.0069
G1 F3110.2 X33.7 Y41.075 E0.01601
G1 F4114.3 X27.1 Y41.075 E0.09604
G1 F3840 X26.084 Y41.1 E0.01584
G1 F3600 X25.101 Y41.101 E0.01635
G1 X25.1 Y58.896 E0.29593
G1 X26.087 Y58.896 E0.01641
G1 F3850.3 X27.1 Y58.922 E0.01576
G1 F4090.9 X33.83 Y58.922 E0.09849
G1 F3090.1 X34.523 Y58.812 E0.01359
G1 F2504.3 X34.809 Y58.812 E0.00684
G1 X34.811 Y58.322 E0.01171
G1 X34.387 Y57.966 E0.01324
G1 X34.28 Y58.37 E0.00999
G1 F3090.1 X33.8 Y58.57 E0.01007
G0 F7200 X33.9 Y58
;TYPE:WALL-OUTER
G1 F1800 X33.869 Y58.108 E0.00187
G1 X33.735 Y58.198 E0.00268
G1 X27.1 Y58.2 E0.11034
G1 X26.914 Y58.075 E0.00373
G1 X26.302 Y56.535 E0.02756
G1 X26.3 Y43.46 E0.21744
G1 X26.914 Y41.925 E0.02749
G1 X27.065 Y41.802 E0.00324
G1 X33.7 Y41.8 E0.11034
G1 X33.869 Y41.892 E0.0032
G1 X33.9 Y42 E0.00187
G1 X33.899 Y43.072 E0.01783
G1 X35.3 Y41.902 E0.03035
G1 X35.3 Y41.017 E0.01472
G1 X35.214 Y40.799 E0.0039
G1 X35.02 Y40.7 E0.00362
G1 X25.015 Y40.7 E0.16638
G1 X24.799 Y40.782 E0.00384
G1 X24.7 Y40.976 E0.00362
G1 X24.7 Y58.981 E0.29942
G1 X24.782 Y59.197 E0.00384
G1 X24.976 Y59.296 E0.00362
G1 X34.979 Y59.3 E0.16635
G1 X35.197 Y59.214 E0.0039
G1 X35.296 Y59.019 E0.00364
G1 X35.299 Y58.094 E0.01538
G1 X33.9 Y56.928 E0.03029
G1 X33.9 Y58 E0.01783
G0 F7200 X33.869 Y58.108
G0 X33.796 Y58.157
G1 F1500 E-6.5
G0 F7200 X34.552 Y58.32
G0 X36.165 Y58.2
G0 X43.835 Y58.202
G0 X44.93 Y58.202
G0 X45.41 Y56.574
G0 X45.26 Y56.573
;TYPE:FILL
G1 F1500 E6.5
G1 F3600 X46.012 Y57.326 E0.0177
G1 X46.082 Y57.396
G0 F7200 X45.907 Y57.466
G0 X46.422 Y58.633
G0 X47.01 Y58.646
G1 F3600 X46.878 Y58.778 E0.0031
G0 F7200 X46.422 Y58.633
G0 X45.651 Y56.663
G0 X45.41 Y54.74
G0 X45.26 Y54.739
G1 F3600 X45.74 Y54.259 E0.01129
G0 F7200 X45.59 Y54.259
G0 X45.59 Y51.397
G0 X45.741 Y51.397
G1 F3600 X45.26 Y50.917 E0.0113
G0 F7200 X45.41 Y50.918
G0 X45.41 Y49.083
G0 X45.26 Y49.082
G1 F3600 X45.74 Y48.602 E0.01129
G0 F7200 X45.59 Y48.602
G0 X45.59 Y45.741
G0 X45.741 Y45.741
G1 F3600 X45.26 Y45.26 E0.01131
G0 F7200 X45.41 Y45.261
G0 X45.41 Y43.426
G0 X45.26 Y43.425
G1 F3600 X46.011 Y42.674 E0.01766
G1 X46.081 Y42.604
G0 F7200 X45.908 Y42.534
G0 X46.422 Y41.366
G0 X46.964 Y41.307
G1 F3600 X46.878 Y41.221 E0.00202
G0 F7200 X47.39 Y41.296
G1 F3600 X47.475 Y41.21 E0.00201
G0 F7200 X52.524 Y41.21
G1 F3600 X52.605 Y41.291 E0.0019
G0 F7200 X53.051 Y41.291
G1 F3600 X53.132 Y41.21 E0.0019
G0 F7200 X46.8 Y41.557
G0 X46.051 Y43.414
G0 X46.051 Y56.586
G0 X46.8 Y58.443
G0 X54.61 Y58.57
G0 X53.8 Y58.57
;TYPE:WALL-INNER
G1 F4090.9 X47.1 Y58.574 E0.09805
G1 F3850.3 X46.542 Y58.223 E0.01025
G1 F3600 X45.9 Y56.615 E0.02879
G1 X45.9 Y43.5 E0.2181
G1 X45.942 Y43.277 E0.00377
G1 X46.542 Y41.777 E0.02687
G1 F3809.5 X47 Y41.43 E0.00903
G1 F4079.3 X53.7 Y41.425 E0.09833
G1 F3110.2 X54.281 Y41.63 E0.01186
G1 F2500 X54.387 Y42.029 E0.00989
G1 X54.812 Y41.674 E0.01326
G1 X54.812 Y41.188 E0.01164
G1 X54.524 Y41.188 E0.0069
G1 F3110.2 X53.7 Y41.075 E0.01601
G1 F4114.3 X47.1 Y41.075 E0.09604
G1 F3840 X46.084 Y41.1 E0.01584
G1 F3600 X45.101 Y41.101 E0.01635
G1 X45.1 Y58.896 E0.29593
G1 X46.087 Y58.896 E0.01641
G1 F3850.3 X47.1 Y58.922 E0.01576
G1 F4090.9 X53.83 Y58.922 E0.09849
G1 F3090.1 X54.523 Y58.812 E0.01359
G1 F2504.3 X54.809 Y58.812 E0.00684
G1 X54.811 Y58.322 E0.01171
G1 X54.387 Y57.966 E0.01324
G1 X54.28 Y58.37 E0.00999
G1 F3090.1 X53.8 Y58.57 E0.01007
G0 F7200 X53.9 Y58
;TYPE:WALL-OUTER
G1 F1800 X53.869 Y58.108 E0.00187
G1 X53.735 Y58.198 E0.00268
G1 X47.1 Y58.2 E0.11034
G1 X46.914 Y58.075 E0.00373
G1 X46.302 Y56.535 E0.02756
G1 X46.3 Y43.46 E0.21744
G1 X46.914 Y41.925 E0.02749
G1 X47.065 Y41.802 E0.00324
G1 X53.7 Y41.8 E0.11034
G1 X53.869 Y41.892 E0.0032
G1 X53.9 Y42 E0.00187
G1 X53.899 Y43.072 E0.01783
G1 X55.3 Y41.902 E0.03035
G1 X55.3 Y41.017 E0.01472
G1 X55.214 Y40.799 E0.0039
G1 X55.02 Y40.7 E0.00362
G1 X45.015 Y40.7 E0.16638
G1 X44.799 Y40.782 E0.00384
G1 X44.7 Y40.976 E0.00362
G1 X44.7 Y58.981 E0.29942
G1 X44.782 Y59.197 E0.00384
G1 X44.976 Y59.296 E0.00362
G1 X54.979 Y59.3 E0.16635
G1 X55.197 Y59.214 E0.0039
G1 X55.296 Y59.019 E0.00364
G1 X55.299 Y58.094 E0.01538
G1 X53.9 Y56.928 E0.03029
G1 X53.9 Y58 E0.01783
G0 F7200 X53.869 Y58.108
G0 X53.796 Y58.157
G1 F1500 E-6.5
G0 F7200 X54.552 Y58.32
G0 X56.165 Y58.2
G0 X63.835 Y58.202
G0 X64.93 Y58.202
G0 X65.41 Y57.367
G0 X65.26 Y57.366
;TYPE:FILL
G1 F1500 E6.5
G1 F3600 X65.808 Y56.818 E0.01289
G0 F7200 X65.67 Y56.873
G0 X65.59 Y54.427
G0 X65.74 Y54.427
G1 F3600 X65.26 Y53.946 E0.0113
G0 F7200 X65.41 Y53.947
G0 X65.41 Y51.71
G0 X65.26 Y51.709
G1 F3600 X65.74 Y51.23 E0.01128
G0 F7200 X65.59 Y51.23
G0 X65.59 Y48.77
G0 X65.74 Y48.77
G1 F3600 X65.26 Y48.29 E0.01129
G0 F7200 X65.41 Y48.291
G0 X65.41 Y46.053
G0 X65.261 Y46.052
G1 F3600 X65.74 Y45.573 E0.01127
G0 F7200 X65.59 Y45.573
G0 X65.671 Y43.125
G0 X65.808 Y43.181
G1 F3600 X65.26 Y42.633 E0.01289
G0 F7200 X65.41 Y42.634
G0 X66.8 Y41.557
G0 X69.494 Y41.21
G1 F3600 X69.577 Y41.293 E0.00195
G0 F7200 X70.02 Y41.293
G1 F3600 X70.103 Y41.21 E0.00195
G0 F7200 X66.8 Y41.557
G0 X66.051 Y43.414
G0 X66.051 Y56.586
G0 X66.8 Y58.443
G0 X74.61 Y58.57
G0 X73.8 Y58.57
;TYPE:WALL-INNER
G1 F4090.9 X67.1 Y58.574 E0.09805
G1 F3850.3 X66.542 Y58.223 E0.01025
G1 F3600 X65.9 Y56.615 E0.02879
G1 X65.9 Y43.5 E0.2181
G1 X65.942 Y43.277 E0.00377
G1 X66.542 Y41.777 E0.02687
G1 F3809.5 X67 Y41.43 E0.00903
G1 F4079.3 X73.7 Y41.425 E0.09833
G1 F3110.2 X74.281 Y41.63 E0.01186
G1 F2500 X74.387 Y42.029 E0.00989
G1 X74.812 Y41.674 E0.01326
G1 X74.812 Y41.188 E0.01164
G1 X74.524 Y41.188 E0.0069
G1 F3110.2 X73.7 Y41.075 E0.01601
G1 F4114.3 X67.1 Y41.075 E0.09604
G1 F3840 X66.084 Y41.1 E0.01584
G1 F3600 X65.101 Y41.101 E0.01635
G1 X65.1 Y58.896 E0.29593
G1 X66.087 Y58.896 E0.01641
G1 F3850.3 X67.1 Y58.922 E0.01576
G1 F4090.9 X73.83 Y58.922 E0.09849
G1 F3090.1 X74.523 Y58.812 E0.01359
G1 F2504.3 X74.809 Y58.812 E0.00684
G1 X74.811 Y58.322 E0.01171
G1 X74.387 Y57.966 E0.01324
G1 X74.28 Y58.37 E0.00999
G1 F3090.1 X73.8 Y58.57 E0.01007
G0 F7200 X73.9 Y58
;TYPE:WALL-OUTER
G1 F1800 X73.869 Y58.108 E0.00187
G1 X73.735 Y58.198 E0.00268
G1 X67.1 Y58.2 E0.11034
G1 X66.914 Y58.075 E0.00373
G1 X66.302 Y56.535 E0.02756
G1 X66.3 Y43.46 E0.21744
G1 X66.914 Y41.925 E0.02749
G1 X67.065 Y41.802 E0.00324
G1 X73.7 Y41.8 E0.11034
G1 X73.869 Y41.892 E0.0032
G1 X73.9 Y42 E0.00187
G1 X73.899 Y43.072 E0.01783
G1 X75.3 Y41.902 E0.03035
G1 X75.3 Y41.017 E0.01472
G1 X75.214 Y40.799 E0.0039
G1 X75.02 Y40.7 E0.00362
G1 X65.015 Y40.7 E0.16638
G1 X64.799 Y40.782 E0.00384
G1 X64.7 Y40.976 E0.00362
G1 X64.7 Y58.981 E0.29942
G1 X64.782 Y59.197 E0.00384
G1 X64.976 Y59.296 E0.00362
G1 X74.979 Y59.3 E0.16635
G1 X75.197 Y59.214 E0.0039
G1 X75.296 Y59.019 E0.00364
G1 X75.299 Y58.094 E0.01538
G1 X73.9 Y56.928 E0.03029
G1 X73.9 Y58 E0.01783
G0 F7200 X73.869 Y58.108
G0 X73.796 Y58.157
G1 F1500 E-6.5
;MESH:NONMESH
G0 F600 X73.796 Y58.157 Z6.8
G0 F7200 X74.552 Y58.32
G0 X66.8 Y58.443
G0 X66.051 Y56.586
G0 X64.93 Y42.236
G0 X63.835 Y42.236
G0 X55.226 Y39.838
G0 X44.935 Y39.836
G0 X36.165 Y41.8
G0 X35.072 Y41.8
G0 X34.138 Y41.562
G0 X26.8 Y41.557
G0 X25.41 Y42.232
G0 X25.26 Y42.231
;TIME_ELAPSED:1175.423383
;LAYER:65
;TYPE:FILL
;MESH:pin.stl
G1 F1500 E6.5
G1 F3600 X25.924 Y42.895 E0.01562
G1 X25.994 Y42.965
G0 F7200 X25.771 Y42.875
G0 X25.59 Y45.975
G0 X25.739 Y45.975
G1 F3600 X25.261 Y46.454 E0.01125
G0 F7200 X25.41 Y46.455
G0 X25.41 Y47.888
G0 X25.26 Y47.887
G1 F3600 X25.74 Y48.368 E0.0113
G0 F7200 X25.59 Y48.368
G0 X25.59 Y51.632
G0 X25.739 Y51.632
G1 F3600 X25.261 Y52.111 E0.01125
G0 F7200 X25.41 Y52.112
G0 X25.41 Y53.545
G0 X25.26 Y53.544
G1 F3600 X25.74 Y54.024 E0.01129
G0 F7200 X25.59 Y54.024
G0 X25.651 Y56.663
G0 X25.923 Y57.106
G1 F3600 X25.261 Y57.768 E0.01557
G1 X25.191 Y57.838
G0 F7200 X25.41 Y57.839
G0 X26.051 Y43.414
G0 X26.8 Y41.557
G0 X29.98 Y41.294
G1 F3600 X29.896 Y41.21 E0.00198
G0 F7200 X30.421 Y41.294
G1 F3600 X30.505 Y41.21 E0.00198
G0 F7200 X26.8 Y41.557
G0 X26.051 Y43.414
G0 X26.051 Y56.586
G0 X26.8 Y58.443
G0 X34.61 Y58.57
G0 X33.8 Y58.57
;TYPE:WALL-INNER
G1 F4090.9 X27.1 Y58.574 E0.09805
G1 F3850.3 X26.542 Y58.223 E0.01025
G1 F3600 X25.9 Y56.615 E0.02879
G1 X25.9 Y43.5 E0.2181
G1 X25.942 Y43.277 E0.00377
G1 X26.542 Y41.777 E0.02687
G1 F3809.5 X27 Y41.43 E0.00903
G1 F4079.3 X33.7 Y41.425 E0.09833
G1 F3110.2 X34.281 Y41.63 E0.01186
G1 F2500 X34.387 Y42.029 E0.00989
G1 X34.812 Y41.674 E0.01326
G1 X34.812 Y41.188 E0.01164
G1 X34.524 Y41.188 E0.0069
G1 F3110.2 X33.7 Y41.075 E0.01601
G1 F4114.3 X27.1 Y41.075 E0.09604
G1 F3840 X26.084 Y41.1 E0.01584
G1 F3600 X25.101 Y41.101 E0.01635
G1 X25.1 Y58.896 E0.29593
G1 X26.087 Y58.896 E0.01641
G1 F3850.3 X27.1 Y58.922 E0.01576
G1 F4090.9 X33.83 Y58.922 E0.09849
G1 F3090.1 X34.523 Y58.812 E0.01359
G1 F2504.3 X34.809 Y58.812 E0.00684
G1 X34.811 Y58.322 E0.01171
G1 X34.387 Y57.966 E0.01324
G1 X34.28 Y58.37 E0.00999
G1 F3090.1 X33.8 Y58.57 E0.01007
G0 F7200 X33.9 Y58
;TYPE:WALL-OUTER
G1 F1800 X33.869 Y58.108 E0.00187
G1 X33.735 Y58.198 E0.00268
G1 X27.1 Y58.2 E0.11034
G1 X26.914 Y58.075 E0.00373
G1 X26.302 Y56.535 E0.02756
G1 X26.3 Y43.46 E0.21744
G1 X26.914 Y41.925 E0.02749
G1 X27.065 Y41.802 E0.00324
G1 X33.7 Y41.8 E0.11034
G1 X33.869 Y41.892 E0.0032
G1 X33.9 Y42 E0.00187
G1 X33.899 Y43.072 E0.01783
G1 X35.3 Y41.902 E0.03035
G1 X35.3 Y41.017 E0.01472
G1 X35.214 Y40.799 E0.0039
G1 X35.02 Y40.7 E0.00362
G1 X25.015 Y40.7 E0.16638
G1 X24.799 Y40.782 E0.00384
G1 X24.7 Y40.976 E0.00362
G1 X24.7 Y58.981 E0.29942
G1 X24.782 Y59.197 E0.00384
G1 X24.976 Y59.296 E0.00362
G1 X34.979 Y59.3 E0.16635
G1 X35.197 Y59.214 E0.0039
G1 X35.296 Y59.019 E0.00364
G1 X35.299 Y58.094 E0.01538
G1 X33.9 Y56.928 E0.03029
G1 X33.9 Y58 E0.01783
G0 F7200 X33.869 Y58.108
G0 X33.796 Y58.157
G1 F1500 E-6.5
G0 F7200 X34.552 Y58.32
G0 X36.165 Y58.2
G0 X43.835 Y58.202
G0 X44.93 Y58.202
G0 X45.41 Y56.574
G0 X45.26 Y56.573
;TYPE:FILL
G1 F1500 E6.5
G1 F3600 X46.012 Y57.326 E0.0177
G1 X46.082 Y57.396
G0 F7200 X45.907 Y57.466
G0 X46.422 Y58.633
G0 X47.01 Y58.646
G1 F3600 X46.878 Y58.778 E0.0031
G0 F7200 X46.422 Y58.633
G0 X45.651 Y56.663
G0 X45.41 Y54.74
G0 X45.26 Y54.739
G1 F3600 X45.74 Y54.259 E0.01129
G0 F7200 X45.59 Y54.259
G0 X45.59 Y51.397
G0 X45.741 Y51.397
G1 F3600 X45.26 Y50.917 E0.0113
G0 F7200 X45.41 Y50.918
G0 X45.41 Y49.083
G0 X45.26 Y49.082
G1 F3600 X45.74 Y48.602 E0.01129
G0 F7200 X45.59 Y48.602
G0 X45.59 Y45.741
G0 X45.741 Y45.741
G1 F3600 X45.26 Y45.26 E0.01131
G0 F7200 X45.41 Y45.261
G0 X45.41 Y43.426
G0 X45.26 Y43.425
G1 F3600 X46.011 Y42.674 E0.01766
G1 X46.081 Y42.604
G0 F7200 X45.908 Y42.534
G0 X46.422 Y41.366
G0 X46.964 Y41.307
G1 F3600 X46.878 Y41.221 E0.00202
G0 F7200 X47.39 Y41.296
G1 F3600 X47.475 Y41.21 E0.00201
G0 F7200 X52.524 Y41.21
G1 F3600 X52.605 Y41.291 E0.0019
G0 F7200 X53.051 Y41.291
G1 F3600 X53.132 Y41.21 E0.0019
G0 F7200 X46.8 Y41.557
G0 X46.051 Y43.414
G0 X46.051 Y56.586
G0 X46.8 Y58.443
G0 X54.61 Y58.57
G0 X53.8 Y58.57
;TYPE:WALL-INNER
G1 F4090.9 X47.1 Y58.574 E0.09805
G1 F3850.3 X46.542 Y58.223 E0.01025
G1 F3600 X45.9 Y56.615 E0.02879
G1 X45.9 Y43.5 E0.2181
G1 X45.942 Y43.277 E0.00377
G1 X46.542 Y41.777 E0.02687
G1 F3809.5 X47 Y41.43 E0.00903
G1 F4079.3 X53.7 Y41.425 E0.09833
G1 F3110.2 X54.281 Y41.63 E0.01186
G1 F2500 X54.387 Y42.029 E0.00989
G1 X54.812 Y41.674 E0.01326
G1 X54.812 Y41.188 E0.01164
G1 X54.524 Y41.188 E0.0069
G1 F3110.2 X53.7 Y41.075 E0.01601
G1 F4114.3 X47.1 Y41.075 E0.09604
G1 F3840 X46.084 Y41.1 E0.01584
G1 F3600 X45.101 Y41.101 E0.01635
G1 X45.1 Y58.896 E0.29593
G1 X46.087 Y58.896 E0.01641
G1 F3850.3 X47.1 Y58.922 E0.01576
G1 F4090.9 X53.83 Y58.922 E0.09849
G1 F3090.1 X54.523 Y58.812 E0.01359
G1 F2504.3 X54.809 Y58.812 E0.00684
G1 X54.811 Y58.322 E0.01171
G1 X54.387 Y57.966 E0.01324
G1 X54.28 Y58.37 E0.00999
G1 F3090.1 X53.8 Y58.57 E0.01007
G0 F7200 X53.9 Y58
;TYPE:WALL-OUTER
G1 F1800 X53.869 Y58.108 E0.00187
G1 X53.735 Y58.198 E0.00268
G1 X47.1 Y58.2 E0.11034
G1 X46.914 Y58.075 E0.00373
G1 X46.302 Y56.535 E0.02756
G1 X46.3 Y43.46 E0.21744
G1 X46.914 Y41.925 E0.02749
G1 X47.065 Y41.802 E0.00324
G1 X53.7 Y41.8 E0.11034
G1 X53.869 Y41.892 E0.0032
G1 X53.9 Y42 E0.00187
G1 X53.899 Y43.072 E0.01783
G1 X55.3 Y41.902 E0.03035
G1 X55.3 Y41.017 E0.01472
G1 X55.214 Y40.799 E0.0039
G1 X55.02 Y40.7 E0.00362
G1 X45.015 Y40.7 E0.16638
G1 X44.799 Y40.782 E0.00384
G1 X44.7 Y40.976 E0.00362
G1 X44.7 Y58.981 E0.29942
G1 X44.782 Y59.197 E0.00384
G1 X44.976 Y59.296 E0.00362
G1 X54.979 Y59.3 E0.16635
G1 X55.197 Y59.214 E0.0039
G1 X55.296 Y59.019 E0.00364
G1 X55.299 Y58.094 E0.01538
G1 X53.9 Y56.928 E0.03029
G1 X53.9 Y58 E0.01783
G0 F7200 X53.869 Y58.108
G0 X53.796 Y58.157
G1 F1500 E-6.5
G0 F7200 X54.552 Y58.32
G0 X56.165 Y58.2
G0 X63.835 Y58.202
G0 X64.93 Y58.202
G0 X65.41 Y57.367
G0 X65.26 Y57.366
;TYPE:FILL
G1 F1500 E6.5
G1 F3600 X65.808 Y56.818 E0.01289
G0 F7200 X65.67 Y56.873
G0 X65.59 Y54.427
G0 X65.74 Y54.427
G1 F3600 X65.26 Y53.946 E0.0113
G0 F7200 X65.41 Y53.947
G0 X65.41 Y51.71
G0 X65.26 Y51.709
G1 F3600 X65.74 Y51.23 E0.01128
G0 F7200 X65.59 Y51.23
G0 X65.59 Y48.77
G0 X65.74 Y48.77
G1 F3600 X65.26 Y48.29 E0.01129
G0 F7200 X65.41 Y48.291
G0 X65.41 Y46.053
G0 X65.261 Y46.052
G1 F3600 X65.74 Y45.573 E0.01127
G0 F7200 X65.59 Y45.573
G0 X65.671 Y43.125
G0 X65.808 Y43.181
G1 F3600 X65.26 Y42.633 E0.01289
G0 F7200 X65.41 Y42.634
G0 X66.8 Y41.557
G0 X69.494 Y41.21
G1 F3600 X69.577 Y41.293 E0.00195
G0 F7200 X70.02 Y41.293
G1 F3600 X70.103 Y41.21 E0.00195
G0 F7200 X66.8 Y41.557
G0 X66.051 Y43.414
G0 X66.051 Y56.586
G0 X66.8 Y58.443
G0 X74.61 Y58.57
G0 X73.8 Y58.57
;TYPE:WALL-INNER
G1 F4090.9 X67.1 Y58.574 E0.09805
G1 F3850.3 X66.542 Y58.223 E0.01025
G1 F3600 X65.9 Y56.615 E0.02879
G1 X65.9 Y43.5 E0.2181
G1 X65.942 Y43.277 E0.00377
G1 X66.542 Y41.777 E0.02687
G1 F3809.5 X67 Y41.43 E0.00903
G1 F4079.3 X73.7 Y41.425 E0.09833
G1 F3110.2 X74.281 Y41.63 E0.01186
G1 F2500 X74.387 Y42.029 E0.00989
G1 X74.812 Y41.674 E0.01326
G1 X74.812 Y41.188 E0.01164
G1 X74.524 Y41.188 E0.0069
G1 F3110.2 X73.7 Y41.075 E0.01601
G1 F4114.3 X67.1 Y41.075 E0.09604
G1 F3840 X66.084 Y41.1 E0.01584
G1 F3600 X65.101 Y41.101 E0.01635
G1 X65.1 Y58.896 E0.29593
G1 X66.087 Y58.896 E0.01641
G1 F3850.3 X67.1 Y58.922 E0.01576
G1 F4090.9 X73.83 Y58.922 E0.09849
G1 F3090.1 X74.523 Y58.812 E0.01359
G1 F2504.3 X74.809 Y58.812 E0.00684
G1 X74.811 Y58.322 E0.01171
G1 X74.387 Y57.966 E0.01324
G1 X74.28 Y58.37 E0.00999
G1 F3090.1 X73.8 Y58.57 E0.01007
G0 F7200 X73.9 Y58
;TYPE:WALL-OUTER
G1 F1800 X73.869 Y58.108 E0.00187
G1 X73.735 Y58.198 E0.00268
G1 X67.1 Y58.2 E0.11034
G1 X66.914 Y58.075 E0.00373
G1 X66.302 Y56.535 E0.02756
G1 X66.3 Y43.46 E0.21744
G1 X66.914 Y41.925 E0.02749
G1 X67.065 Y41.802 E0.00324
G1 X73.7 Y41.8 E0.11034
G1 X73.869 Y41.892 E0.0032
G1 X73.9 Y42 E0.00187
G1 X73.899 Y43.072 E0.01783
G1 X75.3 Y41.902 E0.03035
G1 X75.3 Y41.017 E0.01472
G1 X75.214 Y40.799 E0.0039
G1 X75.02 Y40.7 E0.00362
G1 X65.015 Y40.7 E0.16638
G1 X64.799 Y40.782 E0.00384
G1 X64.7 Y40.976 E0.00362
G1 X64.7 Y58.981 E0.29942
G1 X64.782 Y59.197 E0.00384
G1 X64.976 Y59.296 E0.00362
G1 X74.979 Y59.3 E0.16635
G1 X75.197 Y59.214 E0.0039
G1 X75.296 Y59.019 E0.00364
G1 X75.299 Y58.094 E0.01538
G1 X73.9 Y56.928 E0.03029
G1 X73.9 Y58 E0.01783
G0 F7200 X73.869 Y58.108
G0 X73.796 Y58.157
G1 F1500 E-6.5
;MESH:NONMESH
G0 F600 X73.796 Y58.157 Z6.9
G0 F7200 X74.552 Y58.32
G0 X66.8 Y58.443
G0 X66.051 Y56.586
G0 X64.93 Y42.236
G0 X63.835 Y42.236
G0 X55.226 Y39.838
G0 X44.935 Y39.836
G0 X36.165 Y41.8
G0 X35.072 Y41.8
G0 X34.138 Y41.562
G0 X26.8 Y41.557
G0 X25.41 Y42.232
G0 X25.26 Y42.231
;TIME_ELAPSED:1192.650411
;LAYER:66
;TYPE:FILL
;MESH:pin.stl
G1 F1500 E6.5
G1 F3600 X25.924 Y42.895 E0.01562
G1 X25.994 Y42.965
G0 F7200 X25.771 Y42.875
G0 X25.59 Y45.975
G0 X25.739 Y45.975
G1 F3600 X25.261 Y46.454 E0.01125
G0 F7200 X25.41 Y46.455
G0 X25.41 Y47.888
G0 X25.26 Y47.887
G1 F3600 X25.74 Y48.368 E0.0113
G0 F7200 X25.59 Y48.368
G0 X25.59 Y51.632
G0 X25.739 Y51.632
G1 F3600 X25.261 Y52.111 E0.01125
G0 F7200 X25.41 Y52.112
G0 X25.41 Y53.545
G0 X25.26 Y53.544
G1 F3600 X25.74 Y54.024 E0.01129
G0 F7200 X25.59 Y54.024
G0 X25.651 Y56.663
G0 X25.923 Y57.106
G1 F3600 X25.261 Y57.768 E0.01557
G1 X25.191 Y57.838
G0 F7200 X25.41 Y57.839
G0 X26.051 Y43.414
G0 X26.8 Y41.557
G0 X29.98 Y41.294
G1 F3600 X29.896 Y41.21 E0.00198
G0 F7200 X30.421 Y41.294
G1 F3600 X30.505 Y41.21 E0.00198
G0 F7200 X26.8 Y41.557
G0 X26.051 Y43.414
G0 X26.051 Y56.586
G0 X26.8 Y58.443
G0 X34.61 Y58.57
G0 X33.8 Y58.57
;TYPE:WALL-INNER
G1 F4090.9 X27.1 Y58.574 E0.09805
G1 F3850.3 X26.542 Y58.223 E0.01025
G1 F3600 X25.9 Y56.615 E0.02879
G1 X25.9 Y43.5 E0.2181
G1 X25.942 Y43.277 E0.00377
G1 X26.542 Y41.777 E0.02687
G1 F3809.5 X27 Y41.43 E0.00903
G1 F4079.3 X33.7 Y41.425 E0.09833
G1 F3110.2 X34.281 Y41.63 E0.01186
G1 F2500 X34.387 Y42.029 E0.00989
G1 X34.812 Y41.674 E0.01326
G1 X34.812 Y41.188 E0.01164
G1 X34.524 Y41.188 E0.0069
G1 F3110.2 X33.7 Y41.075 E0.01601
G1 F4114.3 X27.1 Y41.075 E0.09604
G1 F3840 X26.084 Y41.1 E0.01584
G1 F3600 X25.101 Y41.101 E0.01635
G1 X25.1 Y58.896 E0.29593
G1 X26.087 Y58.896 E0.01641
G1 F3850.3 X27.1 Y58.922 E0.01576
G1 F4090.9 X33.83 Y58.922 E0.09849
G1 F3090.1 X34.523 Y58.812 E0.01359
G1 F2504.3 X34.809 Y58.812 E0.00684
G1 X34.811 Y58.322 E0.01171
G1 X34.387 Y57.966 E0.01324
G1 X34.28 Y58.37 E0.00999
G1 F3090.1 X33.8 Y58.57 E0.01007
G0 F7200 X33.9 Y58
;TYPE:WALL-OUTER
G1 F1800 X33.869 Y58.108 E0.00187
G1 X33.735 Y58.198 E0.00268
G1 X27.1 Y58.2 E0.11034
G1 X26.914 Y58.075 E0.00373
G1 X26.302 Y56.535 E0.02756
G1 X26.3 Y43.46 E0.21744
G1 X26.914 Y41.925 E0.02749
G1 X27.065 Y41.802 E0.00324
G1 X33.7 Y41.8 E0.11034
G1 X33.869 Y41.892 E0.0032
G1 X33.9 Y42 E0.00187
G1 X33.899 Y43.072 E0.01783
G1 X35.3 Y41.902 E0.03035
G1 X35.3 Y41.017 E0.01472
G1 X35.214 Y40.799 E0.0039
G1 X35.02 Y40.7 E0.00362
G1 X25.015 Y40.7 E0.16638
G1 X24.799 Y40.782 E0.00384
G1 X24.7 Y40.976 E0.00362
G1 X24.7 Y58.981 E0.29942
G1 X24.782 Y59.197 E0.00384
G1 X24.976 Y59.296 E0.00362
G1 X34.979 Y59.3 E0.16635
G1 X35.197 Y59.214 E0.0039
G1 X35.296 Y59.019 E0.00364
G1 X35.299 Y58.094 E0.01538
G1 X33.9 Y56.928 E0.03029
G1 X33.9 Y58 E0.01783
G0 F7200 X33.869 Y58.108
G0 X33.796 Y58.157
G1 F1500 E-6.5
G0 F7200 X34.552 Y58.32
G0 X36.165 Y58.2
G0 X43.835 Y58.202
G0 X44.93 Y58.202
G0 X45.41 Y56.574
G0 X45.26 Y56.573
;TYPE:FILL
G1 F1500 E6.5
G1 F3600 X46.012 Y57.326 E0.0177
G1 X46.082 Y57.396
G0 F7200 X45.907 Y57.466
G0 X46.422 Y58.633
G0 X47.01 Y58.646
G1 F3600 X46.878 Y58.778 E0.0031
G0 F7200 X46.422 Y58.633
G0 X45.651 Y56.663
G0 X45.41 Y54.74
G0 X45.26 Y54.739
G1 F3600 X45.74 Y54.259 E0.01129
G0 F7200 X45.59 Y54.259
G0 X45.59 Y51.397
G0 X45.741 Y51.397
G1 F3600 X45.26 Y50.917 E0.0113
G0 F7200 X45.41 Y50.918
G0 X45.41 Y49.083
G0 X45.26 Y49.082
G1 F3600 X45.74 Y48.602 E0.01129
G0 F7200 X45.59 Y48.602
G0 X45.59 Y45.741
G0 X45.741 Y45.741
G1 F3600 X45.26 Y45.26 E0.01131
G0 F7200 X45.41 Y45.261
G0 X45.41 Y43.426
G0 X45.26 Y43.425
G1 F3600 X46.011 Y42.674 E0.01766
G1 X46.081 Y42.604
G0 F7200 X45.908 Y42.534
G0 X46.422 Y41.366
G0 X46.964 Y41.307
G1 F3600 X46.878 Y41.221 E0.00202
G0 F7200 X47.39 Y41.296
G1 F3600 X47.475 Y41.21 E0.00201
G0 F7200 X52.524 Y41.21
G1 F3600 X52.605 Y41.291 E0.0019
G0 F7200 X53.051 Y41.291
G1 F3600 X53.132 Y41.21 E0.0019
G0 F7200 X46.8 Y41.557
G0 X46.051 Y43.414
G0 X46.051 Y56.586
G0 X46.8 Y58.443
G0 X54.61 Y58.57
G0 X53.8 Y58.57
;TYPE:WALL-INNER
G1 F4090.9 X47.1 Y58.574 E0.09805
G1 F3850.3 X46.542 Y58.223 E0.01025
G1 F3600 X45.9 Y56.615 E0.02879
G1 X45.9 Y43.5 E0.2181
G1 X45.942 Y43.277 E0.00377
G1 X46.542 Y41.777 E0.02687
G1 F3809.5 X47 Y41.43 E0.00903
G1 F4079.3 X53.7 Y41.425 E0.09833
G1 F3110.2 X54.281 Y41.63 E0.01186
G1 F2500 X54.387 Y42.029 E0.00989
G1 X54.812 Y41.674 E0.01326
G1 X54.812 Y41.188 E0.01164
G1 X54.524 Y41.188 E0.0069
G1 F3110.2 X53.7 Y41.075 E0.01601
G1 F4114.3 X47.1 Y41.075 E0.09604
G1 F3840 X46.084 Y41.1 E0.01584
G1 F3600 X45.101 Y41.101 E0.01635
G1 X45.1 Y58.896 E0.29593
G1 X46.087 Y58.896 E0.01641
G1 F3850.3 X47.1 Y58.922 E0.01576
G1 F4090.9 X53.83 Y58.922 E0.09849
G1 F3090.1 X54.523 Y58.812 E0.01359
G1 F2504.3 X54.809 Y58.812 E0.00684
G1 X54.811 Y58.322 E0.01171
G1 X54.387 Y57.966 E0.01324
G1 X54.28 Y58.37 E0.00999
G1 F3090.1 X53.8 Y58.57 E0.01007
G0 F7200 X53.9 Y58
;TYPE:WALL-OUTER
G1 F1800 X53.869 Y58.108 E0.00187
G1 X53.735 Y58.198 E0.00268
G1 X47.1 Y58.2 E0.11034
G1 X46.914 Y58.075 E0.00373
G1 X46.302 Y56.535 E0.02756
G1 X46.3 Y43.46 E0.21744
G1 X46.914 Y41.925 E0.02749
G1 X47.065 Y41.802 E0.00324
G1 X53.7 Y41.8 E0.11034
G1 X53.869 Y41.892 E0.0032
G1 X53.9 Y42 E0.00187
G1 X53.899 Y43.072 E0.01783
G1 X55.3 Y41.902 E0.03035
G1 X55.3 Y41.017 E0.01472
G1 X55.214 Y40.799 E0.0039
G1 X55.02 Y40.7 E0.00362
G1 X45.015 Y40.7 E0.16638
G1 X44.799 Y40.782 E0.00384
G1 X44.7 Y40.976 E0.00362
G1 X44.7 Y58.981 E0.29942
G1 X44.782 Y59.197 E0.00384
G1 X44.976 Y59.296 E0.00362
G1 X54.979 Y59.3 E0.16635
G1 X55.197 Y59.214 E0.0039
G1 X55.296 Y59.019 E0.00364
G1 X55.299 Y58.094 E0.01538
G1 X53.9 Y56.928 E0.03029
G1 X53.9 Y58 E0.01783
G0 F7200 X53.869 Y58.108
G0 X53.796 Y58.157
G1 F1500 E-6.5
G0 F7200 X54.552 Y58.32
G0 X56.165 Y58.2
G0 X63.835 Y58.202
G0 X64.93 Y58.202
G0 X65.41 Y57.367
G0 X65.26 Y57.366
;TYPE:FILL
G1 F1500 E6.5
G1 F3600 X65.808 Y56.818 E0.01289
G0 F7200 X65.67 Y56.873
G0 X65.59 Y54.427
G0 X65.74 Y54.427
G1 F3600 X65.26 Y53.946 E0.0113
G0 F7200 X65.41 Y53.947
G0 X65.41 Y51.71
G0 X65.26 Y51.709
G1 F3600 X65.74 Y51.23 E0.01128
G0 F7200 X65.59 Y51.23
G0 X65.59 Y48.77
G0 X65.74 Y48.77
G1 F3600 X65.26 Y48.29 E0.01129
G0 F7200 X65.41 Y48.291
G0 X65.41 Y46.053
G0 X65.261 Y46.052
G1 F3600 X65.74 Y45.573 E0.01127
G0 F7200 X65.59 Y45.573
G0 X65.671 Y43.125
G0 X65.808 Y43.181
G1 F3600 X65.26 Y42.633 E0.01289
G0 F7200 X65.41 Y42.634
G0 X66.8 Y41.557
G0 X69.494 Y41.21
G1 F3600 X69.577 Y41.293 E0.00195
G0 F7200 X70.02 Y41.293
G1 F3600 X70.103 Y41.21 E0.00195
G0 F7200 X66.8 Y41.557
G0 X66.051 Y43.414
G0 X66.051 Y56.586
G0 X66.8 Y58.443
G0 X74.61 Y58.57
G0 X73.8 Y58.57
;TYPE:WALL-INNER
G1 F4090.9 X67.1 Y58.574 E0.09805
G1 F3850.3 X66.542 Y58.223 E0.01025
G1 F3600 X65.9 Y56.615 E0.02879
G1 X65.9 Y43.5 E0.2181
G1 X65.942 Y43.277 E0.00377
G1 X66.542 Y41.777 E0.02687
G1 F3809.5 X67 Y41.43 E0.00903
G1 F4079.3 X73.7 Y41.425 E0.09833
G1 F3110.2 X74.281 Y41.63 E0.01186
G1 F2500 X74.387 Y42.029 E0.00989
G1 X74.812 Y41.674 E0.01326
G1 X74.812 Y41.188 E0.01164
G1 X74.524 Y41.188 E0.0069
G1 F3110.2 X73.7 Y41.075 E0.01601
G1 F4114.3 X67.1 Y41.075 E0.09604
G1 F3840 X66.084 Y41.1 E0.01584
G1 F3600 X65.101 Y41.101 E0.01635
G1 X65.1 Y58.896 E0.29593
G1 X66.087 Y58.896 E0.01641
G1 F3850.3 X67.1 Y58.922 E0.01576
G1 F4090.9 X73.83 Y58.922 E0.09849
G1 F3090.1 X74.523 Y58.812 E0.01359
G1 F2504.3 X74.809 Y58.812 E0.00684
G1 X74.811 Y58.322 E0.01171
G1 X74.387 Y57.966 E0.01324
G1 X74.28 Y58.37 E0.00999
G1 F3090.1 X73.8 Y58.57 E0.01007
G0 F7200 X73.9 Y58
;TYPE:WALL-OUTER
G1 F1800 X73.869 Y58.108 E0.00187
G1 X73.735 Y58.198 E0.00268
G1 X67.1 Y58.2 E0.11034
G1 X66.914 Y58.075 E0.00373
G1 X66.302 Y56.535 E0.02756
G1 X66.3 Y43.46 E0.21744
G1 X66.914 Y41.925 E0.02749
G1 X67.065 Y41.802 E0.00324
G1 X73.7 Y41.8 E0.11034
G1 X73.869 Y41.892 E0.0032
G1 X73.9 Y42 E0.00187
G1 X73.899 Y43.072 E0.01783
G1 X75.3 Y41.902 E0.03035
G1 X75.3 Y41.017 E0.01472
G1 X75.214 Y40.799 E0.0039
G1 X75.02 Y40.7 E0.00362
G1 X65.015 Y40.7 E0.16638
G1 X64.799 Y40.782 E0.00384
G1 X64.7 Y40.976 E0.00362
G1 X64.7 Y58.981 E0.29942
G1 X64.782 Y59.197 E0.00384
G1 X64.976 Y59.296 E0.00362
G1 X74.979 Y59.3 E0.16635
G1 X75.197 Y59.214 E0.0039
G1 X75.296 Y59.019 E0.00364
G1 X75.299 Y58.094 E0.01538
G1 X73.9 Y56.928 E0.03029
G1 X73.9 Y58 E0.01783
G0 F7200 X73.869 Y58.108
G0 X73.796 Y58.157
G1 F1500 E-6.5
;MESH:NONMESH
G0 F600 X73.796 Y58.157 Z7
G0 F7200 X74.552 Y58.32
G0 X66.8 Y58.443
G0 X66.051 Y56.586
G0 X64.93 Y42.236
G0 X63.835 Y42.236
G0 X55.226 Y39.838
G0 X44.935 Y39.836
G0 X36.165 Y41.8
G0 X35.072 Y41.8
G0 X34.138 Y41.562
G0 X26.8 Y41.557
G0 X25.41 Y42.232
G0 X25.26 Y42.231
;TIME_ELAPSED:1209.877439
;LAYER:67
;TYPE:FILL
;MESH:pin.stl
G1 F1500 E6.5
G1 F3600 X25.924 Y42.895 E0.01562
G1 X25.994 Y42.965
G0 F7200 X25.771 Y42.875
G0 X25.59 Y45.975
G0 X25.739 Y45.975
G1 F3600 X25.261 Y46.454 E0.01125
G0 F7200 X25.41 Y46.455
G0 X25.41 Y47.888
G0 X25.26 Y47.887
G1 F3600 X25.74 Y48.368 E0.0113
G0 F7200 X25.59 Y48.368
G0 X25.59 Y51.632
G0 X25.739 Y51.632
G1 F3600 X25.261 Y52.111 E0.01125
G0 F7200 X25.41 Y52.112
G0 X25.41 Y53.545
G0 X25.26 Y53.544
G1 F3600 X25.74 Y54.024 E0.01129
G0 F7200 X25.59 Y54.024
G0 X25.651 Y56.663
G0 X25.923 Y57.106
G1 F3600 X25.261 Y57.768 E0.01557
G1 X25.191 Y57.838
G0 F7200 X25.41 Y57.839
G0 X26.051 Y43.414
G0 X26.8 Y41.557
G0 X29.98 Y41.294
G1 F3600 X29.896 Y41.21 E0.00198
G0 F7200 X30.421 Y41.294
G1 F3600 X30.505 Y41.21 E0.00198
G0 F7200 X26.8 Y41.557
G0 X26.051 Y43.414
G0 X26.051 Y56.586
G0 X26.8 Y58.443
G0 X34.61 Y58.57
G0 X33.8 Y58.57
;TYPE:WALL-INNER
G1 F4090.9 X27.1 Y58.574 E0.09805
G1 F3850.3 X26.542 Y58.223 E0.01025
G1 F3600 X25.9 Y56.615 E0.02879
G1 X25.9 Y43.5 E0.2181
G1 X25.942 Y43.277 E0.00377
G1 X26.542 Y41.777 E0.02687
G1 F3809.5 X27 Y41.43 E0.00903
G1 F4079.3 X33.7 Y41.425 E0.09833
G1 F3110.2 X34.281 Y41.63 E0.01186
G1 F2500 X34.387 Y42.029 E0.00989
G1 X34.812 Y41.674 E0.01326
G1 X34.812 Y41.188 E0.01164
G1 X34.524 Y41.188 E0.0069
G1 F3110.2 X33.7 Y41.075 E0.01601
G1 F4114.3 X27.1 Y41.075 E0.09604
G1 F3840 X26.084 Y41.1 E0.01584
G1 F3600 X25.101 Y41.101 E0.01635
G1 X25.1 Y58.896 E0.29593
G1 X26.087 Y58.896 E0.01641
G1 F3850.3 X27.1 Y58.922 E0.01576
G1 F4090.9 X33.83 Y58.922 E0.09849
G1 F3090.1 X34.523 Y58.812 E0.01359
G1 F2504.3 X34.809 Y58.812 E0.00684
G1 X34.811 Y58.322 E0.01171
G1 X34.387 Y57.966 E0.01324
G1 X34.28 Y58.37 E0.00999
G1 F3090.1 X33.8 Y58.57 E0.01007
G0 F7200 X33.9 Y58
;TYPE:WALL-OUTER
G1 F1800 X33.869 Y58.108 E0.00187
G1 X33.735 Y58.198 E0.00268
G1 X27.1 Y58.2 E0.11034
G1 X26.914 Y58.075 E0.00373
G1 X26.302 Y56.535 E0.02756
G1 X26.3 Y43.46 E0.21744
G1 X26.914 Y41.925 E0.02749
G1 X27.065 Y41.802 E0.00324
G1 X33.7 Y41.8 E0.11034
G1 X33.869 Y41.892 E0.0032
G1 X33.9 Y42 E0.00187
G1 X33.899 Y43.072 E0.01783
G1 X35.3 Y41.902 E0.03035
G1 X35.3 Y41.017 E0.01472
G1 X35.214 Y40.799 E0.0039
G1 X35.02 Y40.7 E0.00362
G1 X25.015 Y40.7 E0.16638
G1 X24.799 Y40.782 E0.00384
G1 X24.7 Y40.976 E0.00362
G1 X24.7 Y58.981 E0.29942
G1 X24.782 Y59.197 E0.00384
G1 X24.976 Y59.296 E0.00362
G1 X34.979 Y59.3 E0.16635
G1 X35.197 Y59.214 E0.0039
G1 X35.296 Y59.019 E0.00364
G1 X35.299 Y58.094 E0.01538
G1 X33.9 Y56.928 E0.03029
G1 X33.9 Y58 E0.01783
G0 F7200 X33.869 Y58.108
G0 X33.796 Y58.157
G1 F1500 E-6.5
G0 F7200 X34.552 Y58.32
G0 X36.165 Y58.2
G0 X43.835 Y58.202
G0 X44.93 Y58.202
G0 X45.41 Y56.574
G0 X45.26 Y56.573
;TYPE:FILL
G1 F1500 E6.5
G1 F3600 X46.012 Y57.326 E0.0177
G1 X46.082 Y57.396
G0 F7200 X45.907 Y57.466
G0 X46.422 Y58.633
G0 X47.01 Y58.646
G1 F3600 X46.878 Y58.778 E0.0031
G0 F7200 X46.422 Y58.633
G0 X45.651 Y56.663
G0 X45.41 Y54.74
G0 X45.26 Y54.739
G1 F3600 X45.74 Y54.259 E0.01129
G0 F7200 X45.59 Y54.259
G0 X45.59 Y51.397
G0 X45.741 Y51.397
G1 F3600 X45.26 Y50.917 E0.0113
G0 F7200 X45.41 Y50.918
G0 X45.41 Y49.083
G0 X45.26 Y49.082
G1 F3600 X45.74 Y48.602 E0.01129
G0 F7200 X45.59 Y48.602
G0 X45.59 Y45.741
G0 X45.741 Y45.741
G1 F3600 X45.26 Y45.26 E0.01131
G0 F7200 X45.41 Y45.261
G0 X45.41 Y43.426
G0 X45.26 Y43.425
G1 F3600 X46.011 Y42.674 E0.01766
G1 X46.081 Y42.604
G0 F7200 X45.908 Y42.534
G0 X46.422 Y41.366
G0 X46.964 Y41.307
G1 F3600 X46.878 Y41.221 E0.00202
G0 F7200 X47.39 Y41.296
G1 F3600 X47.475 Y41.21 E0.00201
G0 F7200 X52.524 Y41.21
G1 F3600 X52.605 Y41.291 E0.0019
G0 F7200 X53.051 Y41.291
G1 F3600 X53.132 Y41.21 E0.0019
G0 F7200 X46.8 Y41.557
G0 X46.051 Y43.414
G0 X46.051 Y56.586
G0 X46.8 Y58.443
G0 X54.61 Y58.57
G0 X53.8 Y58.57
;TYPE:WALL-INNER
G1 F4090.9 X47.1 Y58.574 E0.09805
G1 F3850.3 X46.542 Y58.223 E0.01025
G1 F3600 X45.9 Y56.615 E0.02879
G1 X45.9 Y43.5 E0.2181
G1 X45.942 Y43.277 E0.00377
G1 X46.542 Y41.777 E0.02687
G1 F3809.5 X47 Y41.43 E0.00903
G1 F4079.3 X53.7 Y41.425 E0.09833
G1 F3110.2 X54.281 Y41.63 E0.01186
G1 F2500 X54.387 Y42.029 E0.00989
G1 X54.812 Y41.674 E0.01326
G1 X54.812 Y41.188 E0.01164
G1 X54.524 Y41.188 E0.0069
G1 F3110.2 X53.7 Y41.075 E0.01601
G1 F4114.3 X47.1 Y41.075 E0.09604
G1 F3840 X46.084 Y41.1 E0.01584
G1 F3600 X45.101 Y41.101 E0.01635
G1 X45.1 Y58.896 E0.29593
G1 X46.087 Y58.896 E0.01641
G1 F3850.3 X47.1 Y58.922 E0.01576
G1 F4090.9 X53.83 Y58.922 E0.09849
G1 F3090.1 X54.523 Y58.812 E0.01359
G1 F2504.3 X54.809 Y58.812 E0.00684
G1 X54.811 Y58.322 E0.01171
G1 X54.387 Y57.966 E0.01324
G1 X54.28 Y58.37 E0.00999
G1 F3090.1 X53.8 Y58.57 E0.01007
G0 F7200 X53.9 Y58
;TYPE:WALL-OUTER
G1 F1800 X53.869 Y58.108 E0.00187
G1 X53.735 Y58.198 E0.00268
G1 X47.1 Y58.2 E0.11034
G1 X46.914 Y58.075 E0.00373
G1 X46.302 Y56.535 E0.02756
G1 X46.3 Y43.46 E0.21744
G1 X46.914 Y41.925 E0.02749
G1 X47.065 Y41.802 E0.00324
G1 X53.7 Y41.8 E0.11034
G1 X53.869 Y41.892 E0.0032
G1 X53.9 Y42 E0.00187
G1 X53.899 Y43.072 E0.01783
G1 X55.3 Y41.902 E0.03035
G1 X55.3 Y41.017 E0.01472
G1 X55.214 Y40.799 E0.0039
G1 X55.02 Y40.7 E0.00362
G1 X45.015 Y40.7 E0.16638
G1 X44.799 Y40.782 E0.00384
G1 X44.7 Y40.976 E0.00362
G1 X44.7 Y58.981 E0.29942
G1 X44.782 Y59.197 E0.00384
G1 X44.976 Y59.296 E0.00362
G1 X54.979 Y59.3 E0.16635
G1 X55.197 Y59.214 E0.0039
G1 X55.296 Y59.019 E0.00364
G1 X55.299 Y58.094 E0.01538
G1 X53.9 Y56.928 E0.03029
G1 X53.9 Y58 E0.01783
G0 F7200 X53.869 Y58.108
G0 X53.796 Y58.157
G1 F1500 E-6.5
G0 F7200 X54.552 Y58.32
G0 X56.165 Y58.2
G0 X63.835 Y58.202
G0 X64.93 Y58.202
G0 X65.41 Y57.367
G0 X65.26 Y57.366
;TYPE:FILL
G1 F1500 E6.5
G1 F3600 X65.808 Y56.818 E0.01289
G0 F7200 X65.67 Y56.873
G0 X65.59 Y54.427
G0 X65.74 Y54.427
G1 F3600 X65.26 Y53.946 E0.0113
G0 F7200 X65.41 Y53.947
G0 X65.41 Y51.71
G0 X65.26 Y51.709
G1 F3600 X65.74 Y51.23 E0.01128
G0 F7200 X65.59 Y51.23
G0 X65.59 Y48.77
G0 X65.74 Y48.77
G1 F3600 X65.26 Y48.29 E0.01129
G0 F7200 X65.41 Y48.291
G0 X65.41 Y46.053
G0 X65.261 Y46.052
G1 F3600 X65.74 Y45.573 E0.01127
G0 F7200 X65.59 Y45.573
G0 X65.671 Y43.125
G0 X65.808 Y43.181
G1 F3600 X65.26 Y42.633 E0.01289
G0 F7200 X65.41 Y42.634
G0 X66.8 Y41.557
G0 X69.494 Y41.21
G1 F3600 X69.577 Y41.293 E0.00195
G0 F7200 X70.02 Y41.293
G1 F3600 X70.103 Y41.21 E0.00195
G0 F7200 X66.8 Y41.557
G0 X66.051 Y43.414
G0 X66.051 Y56.586
G0 X66.8 Y58.443
G0 X74.61 Y58.57
G0 X73.8 Y58.57
;TYPE:WALL-INNER
G1 F4090.9 X67.1 Y58.574 E0.09805
G1 F3850.3 X66.542 Y58.223 E0.01025
G1 F3600 X65.9 Y56.615 E0.02879
G1 X65.9 Y43.5 E0.2181
G1 X65.942 Y43.277 E0.00377
G1 X66.542 Y41.777 E0.02687
G1 F3809.5 X67 Y41.43 E0.00903
G1 F4079.3 X73.7 Y41.425 E0.09833
G1 F3110.2 X74.281 Y41.63 E0.01186
G1 F2500 X74.387 Y42.029 E0.00989
G1 X74.812 Y41.674 E0.01326
G1 X74.812 Y41.188 E0.01164
G1 X74.524 Y41.188 E0.0069
G1 F3110.2 X73.7 Y41.075 E0.01601
G1 F4114.3 X67.1 Y41.075 E0.09604
G1 F3840 X66.084 Y41.1 E0.01584
G1 F3600 X65.101 Y41.101 E0.01635
G1 X65.1 Y58.896 E0.29593
G1 X66.087 Y58.896 E0.01641
G1 F3850.3 X67.1 Y58.922 E0.01576
G1 F4090.9 X73.83 Y58.922 E0.09849
G1 F3090.1 X74.523 Y58.812 E0.01359
G1 F2504.3 X74.809 Y58.812 E0.00684
G1 X74.811 Y58.322 E0.01171
G1 X74.387 Y57.966 E0.01324
G1 X74.28 Y58.37 E0.00999
G1 F3090.1 X73.8 Y58.57 E0.01007
G0 F7200 X73.9 Y58
;TYPE:WALL-OUTER
G1 F1800 X73.869 Y58.108 E0.00187
G1 X73.735 Y58.198 E0.00268
G1 X67.1 Y58.2 E0.11034
G1 X66.914 Y58.075 E0.00373
G1 X66.302 Y56.535 E0.02756
G1 X66.3 Y43.46 E0.21744
G1 X66.914 Y41.925 E0.02749
G1 X67.065 Y41.802 E0.00324
G1 X73.7 Y41.8 E0.11034
G1 X73.869 Y41.892 E0.0032
G1 X73.9 Y42 E0.00187
G1 X73.899 Y43.072 E0.01783
G1 X75.3 Y41.902 E0.03035
G1 X75.3 Y41.017 E0.01472
G1 X75.214 Y40.799 E0.0039
G1 X75.02 Y40.7 E0.00362
G1 X65.015 Y40.7 E0.16638
G1 X64.799 Y40.782 E0.00384
G1 X64.7 Y40.976 E0.00362
G1 X64.7 Y58.981 E0.29942
G1 X64.782 Y59.197 E0.00384
G1 X64.976 Y59.296 E0.00362
G1 X74.979 Y59.3 E0.16635
G1 X75.197 Y59.214 E0.0039
G1 X75.296 Y59.019 E0.00364
G1 X75.299 Y58.094 E0.01538
G1 X73.9 Y56.928 E0.03029
G1 X73.9 Y58 E0.01783
G0 F7200 X73.869 Y58.108
G0 X73.796 Y58.157
G1 F1500 E-6.5
;MESH:NONMESH
G0 F600 X73.796 Y58.157 Z7.1
G0 F7200 X74.552 Y58.32
G0 X66.8 Y58.443
G0 X66.051 Y56.586
G0 X64.93 Y42.236
G0 X63.835 Y42.236
G0 X55.226 Y39.838
G0 X44.935 Y39.836
G0 X36.165 Y41.8
G0 X35.072 Y41.8
G0 X34.138 Y41.562
G0 X26.8 Y41.557
G0 X25.41 Y42.232
G0 X25.261 Y42.231
;TIME_ELAPSED:1227.104455
;LAYER:68
;TYPE:FILL
;MESH:pin.stl
G1 F1500 E6.5
G1 F3600 X25.924 Y42.895 E0.0156
G1 X25.994 Y42.965
G0 F7200 X25.771 Y42.875
G0 X25.59 Y45.975
G0 X25.739 Y45.975
G1 F3600 X25.261 Y46.453 E0.01124
G0 F7200 X25.41 Y46.453
G0 X25.41 Y47.888
G0 X25.261 Y47.888
G1 F3600 X25.74 Y48.368 E0.01128
G0 F7200 X25.59 Y48.368
G0 X25.59 Y51.632
G0 X25.739 Y51.632
G1 F3600 X25.261 Y52.11 E0.01124
G0 F7200 X25.41 Y52.11
G0 X25.41 Y53.545
G0 X25.261 Y53.545
G1 F3600 X25.74 Y54.024 E0.01127
G0 F7200 X25.59 Y54.024
G0 X25.651 Y56.663
G0 X25.923 Y57.106
G1 F3600 X25.261 Y57.767 E0.01556
G1 X25.191 Y57.837
G0 F7200 X25.41 Y57.837
G0 X26.051 Y43.414
G0 X26.8 Y41.557
G0 X29.98 Y41.294
G1 F3600 X29.896 Y41.21 E0.00198
G0 F7200 X30.421 Y41.294
G1 F3600 X30.505 Y41.21 E0.00198
G0 F7200 X26.8 Y41.557
G0 X26.051 Y43.414
G0 X26.051 Y56.586
G0 X26.8 Y58.443
G0 X34.61 Y58.57
G0 X33.8 Y58.57
;TYPE:WALL-INNER
G1 F4079.3 X27.1 Y58.575 E0.09833
G1 F3840 X26.542 Y58.223 E0.01029
G1 F3600 X25.9 Y56.615 E0.02879
G1 X25.9 Y43.5 E0.2181
G1 X25.942 Y43.277 E0.00377
G1 X26.542 Y41.777 E0.02687
G1 F3809.5 X27 Y41.43 E0.00903
G1 F4079.3 X33.7 Y41.425 E0.09833
G1 F3110.2 X34.281 Y41.63 E0.01186
G1 F2500 X34.387 Y42.029 E0.00989
G1 X34.812 Y41.674 E0.01326
G1 X34.812 Y41.188 E0.01164
G1 X34.524 Y41.188 E0.0069
G1 F3110.2 X33.7 Y41.075 E0.01601
G1 F4114.3 X27.1 Y41.075 E0.09604
G1 F3840 X26.084 Y41.1 E0.01584
G1 F3600 X25.101 Y41.101 E0.01635
G1 X25.101 Y58.9 E0.296
G1 X26.084 Y58.9 E0.01635
G1 F3840 X27.1 Y58.925 E0.01584
G1 F4079.3 X33.83 Y58.922 E0.09877
G1 F3090.1 X34.524 Y58.812 E0.01361
G1 F2500 X34.812 Y58.812 E0.0069
G1 X34.812 Y58.323 E0.01171
G1 X34.388 Y57.969 E0.01323
G1 X34.281 Y58.37 E0.00994
G1 F3090.1 X33.8 Y58.57 E0.01009
G0 F7200 X33.9 Y58
;TYPE:WALL-OUTER
G1 F1800 X33.869 Y58.108 E0.00187
G1 X33.735 Y58.198 E0.00268
G1 X27.1 Y58.2 E0.11034
G1 X26.914 Y58.075 E0.00373
G1 X26.302 Y56.535 E0.02756
G1 X26.3 Y43.46 E0.21744
G1 X26.914 Y41.925 E0.02749
G1 X27.065 Y41.802 E0.00324
G1 X33.7 Y41.8 E0.11034
G1 X33.869 Y41.892 E0.0032
G1 X33.9 Y42 E0.00187
G1 X33.899 Y43.072 E0.01783
G1 X35.3 Y41.902 E0.03035
G1 X35.3 Y40.916 E0.0164
G1 X35.084 Y40.7 E0.00508
G1 X24.91 Y40.7 E0.16919
G1 X24.7 Y40.916 E0.00501
G1 X24.701 Y58.982 E0.30044
G1 X24.788 Y59.206 E0.004
G1 X25.011 Y59.3 E0.00402
G1 X34.978 Y59.3 E0.16575
G1 X35.207 Y59.207 E0.00411
G1 X35.3 Y58.989 E0.00394
G1 X35.3 Y58.094 E0.01488
G1 X33.9 Y56.928 E0.0303
G1 X33.9 Y58 E0.01783
G0 F7200 X33.869 Y58.108
G0 X33.796 Y58.157
G1 F1500 E-6.5
G0 F7200 X34.552 Y58.32
G0 X36.165 Y58.2
G0 X43.835 Y58.2
G0 X44.93 Y58.2
G0 X45.41 Y56.574
G0 X45.26 Y56.574
;TYPE:FILL
G1 F1500 E6.5
G1 F3600 X46.012 Y57.326 E0.01769
G1 X46.082 Y57.396
G0 F7200 X45.907 Y57.466
G0 X46.422 Y58.634
G0 X47.008 Y58.647
G1 F3600 X46.877 Y58.779 E0.00309
G0 F7200 X46.422 Y58.634
G0 X45.651 Y56.663
G0 X45.41 Y54.738
G0 X45.261 Y54.738
G1 F3600 X45.74 Y54.259 E0.01127
G0 F7200 X45.59 Y54.259
G0 X45.59 Y51.397
G0 X45.741 Y51.397
G1 F3600 X45.26 Y50.917 E0.0113
G0 F7200 X45.41 Y50.917
G0 X45.41 Y49.081
G0 X45.261 Y49.081
G1 F3600 X45.74 Y48.602 E0.01127
G0 F7200 X45.59 Y48.602
G0 X45.59 Y45.741
G0 X45.741 Y45.741
G1 F3600 X45.26 Y45.26 E0.01131
G0 F7200 X45.41 Y45.26
G0 X45.41 Y43.424
G0 X45.261 Y43.424
G1 F3600 X46.011 Y42.674 E0.01764
G1 X46.081 Y42.604
G0 F7200 X45.908 Y42.534
G0 X46.422 Y41.366
G0 X46.964 Y41.307
G1 F3600 X46.878 Y41.221 E0.00202
G0 F7200 X47.39 Y41.296
G1 F3600 X47.475 Y41.21 E0.00201
G0 F7200 X52.524 Y41.21
G1 F3600 X52.605 Y41.291 E0.0019
G0 F7200 X53.051 Y41.291
G1 F3600 X53.132 Y41.21 E0.0019
G0 F7200 X46.8 Y41.557
G0 X46.051 Y43.414
G0 X46.051 Y56.586
G0 X46.8 Y58.443
G0 X54.61 Y58.57
G0 X53.8 Y58.57
;TYPE:WALL-INNER
G1 F4079.3 X47.1 Y58.575 E0.09833
G1 F3840 X46.542 Y58.223 E0.01029
G1 F3600 X45.9 Y56.615 E0.02879
G1 X45.9 Y43.5 E0.2181
G1 X45.942 Y43.277 E0.00377
G1 X46.542 Y41.777 E0.02687
G1 F3809.5 X47 Y41.43 E0.00903
G1 F4079.3 X53.7 Y41.425 E0.09833
G1 F3110.2 X54.281 Y41.63 E0.01186
G1 F2500 X54.387 Y42.029 E0.00989
G1 X54.812 Y41.674 E0.01326
G1 X54.812 Y41.188 E0.01164
G1 X54.524 Y41.188 E0.0069
G1 F3110.2 X53.7 Y41.075 E0.01601
G1 F4114.3 X47.1 Y41.075 E0.09604
G1 F3840 X46.084 Y41.1 E0.01584
G1 F3600 X45.101 Y41.101 E0.01635
G1 X45.101 Y58.9 E0.296
G1 X46.084 Y58.9 E0.01635
G1 F3840 X47.1 Y58.925 E0.01584
G1 F4079.3 X53.83 Y58.922 E0.09877
G1 F3090.1 X54.524 Y58.812 E0.01361
G1 F2500 X54.812 Y58.812 E0.0069
G1 X54.812 Y58.323 E0.01171
G1 X54.388 Y57.969 E0.01323
G1 X54.281 Y58.37 E0.00994
G1 F3090.1 X53.8 Y58.57 E0.01009
G0 F7200 X53.9 Y58
;TYPE:WALL-OUTER
G1 F1800 X53.869 Y58.108 E0.00187
G1 X53.735 Y58.198 E0.00268
G1 X47.1 Y58.2 E0.11034
G1 X46.914 Y58.075 E0.00373
G1 X46.302 Y56.535 E0.02756
G1 X46.3 Y43.46 E0.21744
G1 X46.914 Y41.925 E0.02749
G1 X47.065 Y41.802 E0.00324
G1 X53.7 Y41.8 E0.11034
G1 X53.869 Y41.892 E0.0032
G1 X53.9 Y42 E0.00187
G1 X53.899 Y43.072 E0.01783
G1 X55.3 Y41.902 E0.03035
G1 X55.3 Y40.916 E0.0164
G1 X55.084 Y40.7 E0.00508
G1 X44.91 Y40.7 E0.16919
G1 X44.7 Y40.916 E0.00501
G1 X44.701 Y58.982 E0.30044
G1 X44.788 Y59.206 E0.004
G1 X45.011 Y59.3 E0.00402
G1 X54.978 Y59.3 E0.16575
G1 X55.207 Y59.207 E0.00411
G1 X55.3 Y58.989 E0.00394
G1 X55.3 Y58.094 E0.01488
G1 X53.9 Y56.928 E0.0303
G1 X53.9 Y58 E0.01783
G0 F7200 X53.869 Y58.108
G0 X53.796 Y58.157
G1 F1500 E-6.5
G0 F7200 X54.552 Y58.32
G0 X56.165 Y58.2
G0 X63.835 Y58.2
G0 X64.93 Y58.2
G0 X65.41 Y57.365
G0 X65.261 Y57.365
;TYPE:FILL
G1 F1500 E6.5
G1 F3600 X65.808 Y56.818 E0.01286
G0 F7200 X65.67 Y56.873
G0 X65.59 Y54.427
G0 X65.74 Y54.427
G1 F3600 X65.261 Y53.947 E0.01128
G0 F7200 X65.41 Y53.947
G0 X65.41 Y51.709
G0 X65.261 Y51.709
G1 F3600 X65.74 Y51.23 E0.01127
G0 F7200 X65.59 Y51.23
G0 X65.59 Y48.77
G0 X65.74 Y48.77
G1 F3600 X65.261 Y48.29 E0.01128
G0 F7200 X65.41 Y48.29
G0 X65.41 Y46.052
G0 X65.261 Y46.052
G1 F3600 X65.74 Y45.573 E0.01127
G0 F7200 X65.59 Y45.573
G0 X65.671 Y43.125
G0 X65.808 Y43.181
G1 F3600 X65.261 Y42.634 E0.01286
G0 F7200 X65.41 Y42.634
G0 X66.8 Y41.557
G0 X69.494 Y41.21
G1 F3600 X69.577 Y41.293 E0.00195
G0 F7200 X70.02 Y41.293
G1 F3600 X70.103 Y41.21 E0.00195
G0 F7200 X66.8 Y41.557
G0 X66.051 Y43.414
G0 X66.051 Y56.586
G0 X66.8 Y58.443
G0 X74.61 Y58.57
G0 X73.8 Y58.57
;TYPE:WALL-INNER
G1 F4079.3 X67.1 Y58.575 E0.09833
G1 F3840 X66.542 Y58.223 E0.01029
G1 F3600 X65.9 Y56.615 E0.02879
G1 X65.9 Y43.5 E0.2181
G1 X65.942 Y43.277 E0.00377
G1 X66.542 Y41.777 E0.02687
G1 F3809.5 X67 Y41.43 E0.00903
G1 F4079.3 X73.7 Y41.425 E0.09833
G1 F3110.2 X74.281 Y41.63 E0.01186
G1 F2500 X74.387 Y42.029 E0.00989
G1 X74.812 Y41.674 E0.01326
G1 X74.812 Y41.188 E0.01164
G1 X74.524 Y41.188 E0.0069
G1 F3110.2 X73.7 Y41.075 E0.01601
G1 F4114.3 X67.1 Y41.075 E0.09604
G1 F3840 X66.084 Y41.1 E0.01584
G1 F3600 X65.101 Y41.101 E0.01635
G1 X65.101 Y58.9 E0.296
G1 X66.084 Y58.9 E0.01635
G1 F3840 X67.1 Y58.925 E0.01584
G1 F4079.3 X73.83 Y58.922 E0.09877
G1 F3090.1 X74.524 Y58.812 E0.01361
G1 F2500 X74.812 Y58.812 E0.0069
G1 X74.812 Y58.323 E0.01171
G1 X74.388 Y57.969 E0.01323
G1 X74.281 Y58.37 E0.00994
G1 F3090.1 X73.8 Y58.57 E0.01009
G0 F7200 X73.9 Y58
;TYPE:WALL-OUTER
G1 F1800 X73.869 Y58.108 E0.00187
G1 X73.735 Y58.198 E0.00268
G1 X67.1 Y58.2 E0.11034
G1 X66.914 Y58.075 E0.00373
G1 X66.302 Y56.535 E0.02756
G1 X66.3 Y43.46 E0.21744
G1 X66.914 Y41.925 E0.02749
G1 X67.065 Y41.802 E0.00324
G1 X73.7 Y41.8 E0.11034
G1 X73.869 Y41.892 E0.0032
G1 X73.9 Y42 E0.00187
G1 X73.899 Y43.072 E0.01783
G1 X75.3 Y41.902 E0.03035
G1 X75.3 Y40.916 E0.0164
G1 X75.084 Y40.7 E0.00508
G1 X64.91 Y40.7 E0.16919
G1 X64.7 Y40.916 E0.00501
G1 X64.701 Y58.982 E0.30044
G1 X64.788 Y59.206 E0.004
G1 X65.011 Y59.3 E0.00402
G1 X74.978 Y59.3 E0.16575
G1 X75.207 Y59.207 E0.00411
G1 X75.3 Y58.989 E0.00394
G1 X75.3 Y58.094 E0.01488
G1 X73.9 Y56.928 E0.0303
G1 X73.9 Y58 E0.01783
G0 F7200 X73.869 Y58.108
G0 X73.796 Y58.157
G1 F1500 E-6.5
;MESH:NONMESH
G0 F600 X73.796 Y58.157 Z7.2
G0 F7200 X74.552 Y58.32
G0 X66.8 Y58.443
G0 X66.051 Y56.586
G0 X64.93 Y41.6
G0 X63.835 Y41.6
G0 X55.08 Y39.836
G0 X44.935 Y39.836
G0 X36.165 Y41.6
G0 X35.07 Y41.6
G0 X34.138 Y41.562
G0 X29.977 Y41.559
G0 X25.41 Y41.6
G0 X25.301 Y41.6
;TIME_ELAPSED:1244.317317
;LAYER:69
;TYPE:FILL
;MESH:pin.stl
G1 F1500 E6.5
G1 F3600 X26.498 Y41.6 E0.01991
G1 X26.598 Y41.6
G0 F7200 X26.325 Y41.49
G0 X25.805 Y42.79
G0 X25.828 Y42.8
G1 F3600 X25.301 Y42.8 E0.00876
G0 F7200 X25.26 Y42.231
G1 F3600 X25.924 Y42.895 E0.01562
G1 X25.994 Y42.965
G0 F7200 X25.771 Y42.875
G0 X25.59 Y45.975
G0 X25.739 Y45.975
G1 F3600 X25.261 Y46.454 E0.01125
G0 F7200 X25.41 Y46.454
G0 X25.41 Y47.887
G0 X25.26 Y47.887
G1 F3600 X25.74 Y48.368 E0.0113
G0 F7200 X25.59 Y48.368
G0 X25.59 Y51.632
G0 X25.739 Y51.632
G1 F3600 X25.261 Y52.111 E0.01125
G0 F7200 X25.41 Y52.111
G0 X25.41 Y53.544
G0 X25.26 Y53.544
G1 F3600 X25.74 Y54.024 E0.01129
G0 F7200 X25.59 Y54.024
G0 X25.651 Y56.663
G0 X25.923 Y57.106
G1 F3600 X25.261 Y57.768 E0.01557
G1 X25.191 Y57.838
G0 F7200 X25.41 Y57.838
G0 X26.051 Y43.414
G0 X26.8 Y41.557
G0 X29.98 Y41.294
G1 F3600 X29.896 Y41.21 E0.00198
G0 F7200 X30.421 Y41.294
G1 F3600 X30.505 Y41.21 E0.00198
G0 F7200 X26.8 Y41.557
G0 X26.051 Y43.414
G0 X26.051 Y56.586
G0 X26.8 Y58.443
G0 X34.61 Y58.57
G0 X33.8 Y58.57
;TYPE:WALL-INNER
G1 F4079.3 X27.1 Y58.575 E0.09833
G1 F3840 X26.542 Y58.223 E0.01029
G1 F3600 X25.9 Y56.615 E0.02879
G1 X25.9 Y43.5 E0.2181
G1 X25.942 Y43.277 E0.00377
G1 X26.542 Y41.777 E0.02687
G1 F3809.5 X27 Y41.43 E0.00903
G1 F4079.3 X33.7 Y41.425 E0.09833
G1 F3110.2 X34.281 Y41.63 E0.01186
G1 F2500 X34.387 Y42.029 E0.00989
G1 X34.812 Y41.674 E0.01326
G1 X34.812 Y41.188 E0.01164
G1 X34.524 Y41.188 E0.0069
G1 F3110.2 X33.7 Y41.075 E0.01601
G1 F4114.3 X27.1 Y41.075 E0.09604
G1 F3840 X26.084 Y41.1 E0.01584
G1 F3600 X25.101 Y41.101 E0.01635
G1 X25.1 Y58.9 E0.296
G1 X26.084 Y58.9 E0.01636
G1 F3840 X27.1 Y58.925 E0.01584
G1 F4079.3 X33.83 Y58.922 E0.09877
G1 F3090.1 X34.524 Y58.812 E0.01361
G1 F2500 X34.812 Y58.812 E0.0069
G1 X34.812 Y58.323 E0.01171
G1 X34.388 Y57.969 E0.01323
G1 X34.281 Y58.37 E0.00994
G1 F3090.1 X33.8 Y58.57 E0.01009
G0 F7200 X33.9 Y58
;TYPE:WALL-OUTER
G1 F1800 X33.869 Y58.108 E0.00187
G1 X33.735 Y58.198 E0.00268
G1 X27.1 Y58.2 E0.11034
G1 X26.914 Y58.075 E0.00373
G1 X26.302 Y56.535 E0.02756
G1 X26.3 Y43.46 E0.21744
G1 X26.914 Y41.925 E0.02749
G1 X27.065 Y41.802 E0.00324
G1 X33.7 Y41.8 E0.11034
G1 X33.869 Y41.892 E0.0032
G1 X33.9 Y42 E0.00187
G1 X33.899 Y43.072 E0.01783
G1 X35.3 Y41.902 E0.03035
G1 X35.3 Y41.017 E0.01472
G1 X35.208 Y40.789 E0.00409
G1 X34.988 Y40.7 E0.00395
G1 X24.923 Y40.7 E0.16738
G1 X24.788 Y40.789 E0.00269
G1 X24.7 Y41.008 E0.00393
G1 X24.7 Y59.074 E0.30044
G1 X24.789 Y59.207 E0.00266
G1 X25.01 Y59.3 E0.00399
G1 X34.978 Y59.3 E0.16577
G1 X35.207 Y59.207 E0.00411
G1 X35.3 Y58.986 E0.00399
G1 X35.3 Y58.094 E0.01483
G1 X33.9 Y56.928 E0.0303
G1 X33.9 Y58 E0.01783
G0 F7200 X33.869 Y58.108
G0 X33.796 Y58.157
G1 F1500 E-6.5
G0 F7200 X34.552 Y58.32
G0 X36.165 Y58.4
G0 X43.835 Y58.4
G0 X44.93 Y58.4
G0 X45.3 Y58.4
;TYPE:FILL
G1 F1500 E6.5
G1 F3600 X46.525 Y58.4 E0.02037
G0 F7200 X46.877 Y58.779
G1 F3600 X47.008 Y58.647 E0.00309
G0 F7200 X46.422 Y58.634
G0 X45.873 Y57.381
G0 X46.012 Y57.326
G1 F3600 X45.26 Y56.573 E0.0177
G1 X45.19 Y56.503
G0 F7200 X45.41 Y56.503
G0 X45.41 Y54.739
G0 X45.26 Y54.739
G1 F3600 X45.74 Y54.259 E0.01129
G0 F7200 X45.59 Y54.259
G0 X45.59 Y51.397
G0 X45.741 Y51.397
G1 F3600 X45.26 Y50.917 E0.0113
G0 F7200 X45.41 Y50.917
G0 X45.41 Y49.082
G0 X45.26 Y49.082
G1 F3600 X45.74 Y48.602 E0.01129
G0 F7200 X45.59 Y48.602
G0 X45.59 Y45.741
G0 X45.741 Y45.741
G1 F3600 X45.26 Y45.26 E0.01131
G0 F7200 X45.41 Y45.26
G0 X45.41 Y43.425
G0 X45.26 Y43.425
G1 F3600 X46.011 Y42.674 E0.01766
G1 X46.081 Y42.604
G0 F7200 X45.908 Y42.534
G0 X46.312 Y41.525
G0 X46.498 Y41.6
G1 F3600 X45.301 Y41.6 E0.01991
G1 X45.201 Y41.6
G0 F7200 X45.41 Y41.6
G0 X46.422 Y41.366
G0 X46.878 Y41.221
G1 F3600 X46.964 Y41.307 E0.00202
G0 F7200 X47.39 Y41.296
G1 F3600 X47.475 Y41.21 E0.00201
G0 F7200 X52.524 Y41.21
G1 F3600 X52.605 Y41.291 E0.0019
G0 F7200 X53.051 Y41.291
G1 F3600 X53.132 Y41.21 E0.0019
G0 F7200 X46.8 Y41.557
G0 X46.051 Y43.414
G0 X46.051 Y56.586
G0 X46.8 Y58.443
G0 X54.61 Y58.57
G0 X53.8 Y58.57
;TYPE:WALL-INNER
G1 F4079.3 X47.1 Y58.575 E0.09833
G1 F3840 X46.542 Y58.223 E0.01029
G1 F3600 X45.9 Y56.615 E0.02879
G1 X45.9 Y43.5 E0.2181
G1 X45.942 Y43.277 E0.00377
G1 X46.542 Y41.777 E0.02687
G1 F3809.5 X47 Y41.43 E0.00903
G1 F4079.3 X53.7 Y41.425 E0.09833
G1 F3110.2 X54.281 Y41.63 E0.01186
G1 F2500 X54.387 Y42.029 E0.00989
G1 X54.812 Y41.674 E0.01326
G1 X54.812 Y41.188 E0.01164
G1 X54.524 Y41.188 E0.0069
G1 F3110.2 X53.7 Y41.075 E0.01601
G1 F4114.3 X47.1 Y41.075 E0.09604
G1 F3840 X46.084 Y41.1 E0.01584
G1 F3600 X45.101 Y41.101 E0.01635
G1 X45.1 Y58.9 E0.296
G1 X46.084 Y58.9 E0.01636
G1 F3840 X47.1 Y58.925 E0.01584
G1 F4079.3 X53.83 Y58.922 E0.09877
G1 F3090.1 X54.524 Y58.812 E0.01361
G1 F2500 X54.812 Y58.812 E0.0069
G1 X54.812 Y58.323 E0.01171
G1 X54.388 Y57.969 E0.01323
G1 X54.281 Y58.37 E0.00994
G1 F3090.1 X53.8 Y58.57 E0.01009
G0 F7200 X53.9 Y58
;TYPE:WALL-OUTER
G1 F1800 X53.869 Y58.108 E0.00187
G1 X53.735 Y58.198 E0.00268
G1 X47.1 Y58.2 E0.11034
G1 X46.914 Y58.075 E0.00373
G1 X46.302 Y56.535 E0.02756
G1 X46.3 Y43.46 E0.21744
G1 X46.914 Y41.925 E0.02749
G1 X47.065 Y41.802 E0.00324
G1 X53.7 Y41.8 E0.11034
G1 X53.869 Y41.892 E0.0032
G1 X53.9 Y42 E0.00187
G1 X53.899 Y43.072 E0.01783
G1 X55.3 Y41.902 E0.03035
G1 X55.3 Y41.017 E0.01472
G1 X55.208 Y40.789 E0.00409
G1 X54.988 Y40.7 E0.00395
G1 X44.923 Y40.7 E0.16738
G1 X44.788 Y40.789 E0.00269
G1 X44.7 Y41.008 E0.00393
G1 X44.7 Y59.074 E0.30044
G1 X44.789 Y59.207 E0.00266
G1 X45.01 Y59.3 E0.00399
G1 X54.978 Y59.3 E0.16577
G1 X55.207 Y59.207 E0.00411
G1 X55.3 Y58.986 E0.00399
G1 X55.3 Y58.094 E0.01483
G1 X53.9 Y56.928 E0.0303
G1 X53.9 Y58 E0.01783
G0 F7200 X53.869 Y58.108
G0 X53.796 Y58.157
G1 F1500 E-6.5
G0 F7200 X54.552 Y58.32
G0 X56.165 Y58.2
G0 X63.835 Y58.2
G0 X64.93 Y58.2
G0 X65.41 Y57.366
G0 X65.26 Y57.366
;TYPE:FILL
G1 F1500 E6.5
G1 F3600 X65.808 Y56.818 E0.01289
G0 F7200 X65.67 Y56.873
G0 X65.41 Y58.4
G0 X65.3 Y58.4
G1 F3600 X66.525 Y58.4 E0.02037
G1 X66.625 Y58.4
G0 F7200 X66.328 Y58.518
G0 X65.651 Y56.663
G0 X65.59 Y54.427
G0 X65.74 Y54.427
G1 F3600 X65.26 Y53.946 E0.0113
G0 F7200 X65.41 Y53.946
G0 X65.41 Y51.709
G0 X65.26 Y51.709
G1 F3600 X65.74 Y51.23 E0.01128
G0 F7200 X65.59 Y51.23
G0 X65.59 Y48.77
G0 X65.74 Y48.77
G1 F3600 X65.26 Y48.29 E0.01129
G0 F7200 X65.41 Y48.29
G0 X65.41 Y46.052
G0 X65.261 Y46.052
G1 F3600 X65.74 Y45.573 E0.01127
G0 F7200 X65.59 Y45.573
G0 X65.671 Y43.125
G0 X65.808 Y43.181
G1 F3600 X65.26 Y42.633 E0.01289
G0 F7200 X65.41 Y42.633
G0 X65.41 Y41.6
G0 X65.301 Y41.6
G1 F3600 X66.498 Y41.6 E0.01991
G1 X66.598 Y41.6
G0 F7200 X66.326 Y41.489
G0 X69.494 Y41.21
G1 F3600 X69.577 Y41.293 E0.00195
G0 F7200 X70.02 Y41.293
G1 F3600 X70.103 Y41.21 E0.00195
G0 F7200 X66.8 Y41.557
G0 X66.051 Y43.414
G0 X66.051 Y56.586
G0 X66.8 Y58.443
G0 X74.61 Y58.57
G0 X73.8 Y58.57
;TYPE:WALL-INNER
G1 F4079.3 X67.1 Y58.575 E0.09833
G1 F3840 X66.542 Y58.223 E0.01029
G1 F3600 X65.9 Y56.615 E0.02879
G1 X65.9 Y43.5 E0.2181
G1 X65.942 Y43.277 E0.00377
G1 X66.542 Y41.777 E0.02687
G1 F3809.5 X67 Y41.43 E0.00903
G1 F4079.3 X73.7 Y41.425 E0.09833
G1 F3110.2 X74.281 Y41.63 E0.01186
G1 F2500 X74.387 Y42.029 E0.00989
G1 X74.812 Y41.674 E0.01326
G1 X74.812 Y41.188 E0.01164
G1 X74.524 Y41.188 E0.0069
G1 F3110.2 X73.7 Y41.075 E0.01601
G1 F4114.3 X67.1 Y41.075 E0.09604
G1 F3840 X66.084 Y41.1 E0.01584
G1 F3600 X65.101 Y41.101 E0.01635
G1 X65.1 Y58.9 E0.296
G1 X66.084 Y58.9 E0.01636
G1 F3840 X67.1 Y58.925 E0.01584
G1 F4079.3 X73.83 Y58.922 E0.09877
G1 F3090.1 X74.524 Y58.812 E0.01361
G1 F2500 X74.812 Y58.812 E0.0069
G1 X74.812 Y58.323 E0.01171
G1 X74.388 Y57.969 E0.01323
G1 X74.281 Y58.37 E0.00994
G1 F3090.1 X73.8 Y58.57 E0.01009
G0 F7200 X73.9 Y58
;TYPE:WALL-OUTER
G1 F1800 X73.869 Y58.108 E0.00187
G1 X73.735 Y58.198 E0.00268
G1 X67.1 Y58.2 E0.11034
G1 X66.914 Y58.075 E0.00373
G1 X66.302 Y56.535 E0.02756
G1 X66.3 Y43.46 E0.21744
G1 X66.914 Y41.925 E0.02749
G1 X67.065 Y41.802 E0.00324
G1 X73.7 Y41.8 E0.11034
G1 X73.869 Y41.892 E0.0032
G1 X73.9 Y42 E0.00187
G1 X73.899 Y43.072 E0.01783
G1 X75.3 Y41.902 E0.03035
G1 X75.3 Y41.017 E0.01472
G1 X75.208 Y40.789 E0.00409
G1 X74.988 Y40.7 E0.00395
G1 X64.923 Y40.7 E0.16738
G1 X64.788 Y40.789 E0.00269
G1 X64.7 Y41.008 E0.00393
G1 X64.7 Y59.074 E0.30044
G1 X64.789 Y59.207 E0.00266
G1 X65.01 Y59.3 E0.00399
G1 X74.978 Y59.3 E0.16577
G1 X75.207 Y59.207 E0.00411
G1 X75.3 Y58.986 E0.00399
G1 X75.3 Y58.094 E0.01483
G1 X73.9 Y56.928 E0.0303
G1 X73.9 Y58 E0.01783
G0 F7200 X73.869 Y58.108
G0 X73.796 Y58.157
G1 F1500 E-6.5
;MESH:NONMESH
G0 F600 X73.796 Y58.157 Z7.3
G0 F7200 X74.552 Y58.32
G0 X64.93 Y58.57
G0 X63.835 Y58.57
G0 X55.065 Y60.164
G0 X44.921 Y60.164
G0 X36.165 Y58.57
G0 X33.8 Y58.57
;TIME_ELAPSED:1261.585644
;LAYER:70
;TYPE:WALL-INNER
;MESH:pin.stl
G1 F1500 E6.5
G1 F4079.3 X27.1 Y58.575 E0.09833
G1 F3840 X26.542 Y58.223 E0.01029
G1 F3600 X25.9 Y56.615 E0.02879
G1 X25.9 Y43.5 E0.2181
G1 X25.942 Y43.277 E0.00377
G1 X26.542 Y41.777 E0.02687
G1 F3809.5 X27 Y41.43 E0.00903
G1 F4079.3 X33.7 Y41.425 E0.09833
G1 F3110.2 X34.281 Y41.63 E0.01186
G1 F2500 X34.387 Y42.029 E0.00989
G1 X34.812 Y41.674 E0.01326
G1 X34.812 Y41.188 E0.01164
G1 X34.524 Y41.188 E0.0069
G1 F3110.2 X33.7 Y41.075 E0.01601
G1 F4114.3 X27.1 Y41.075 E0.09604
G1 F3840 X26.084 Y41.1 E0.01584
G1 F3600 X25.101 Y41.101 E0.01635
G1 X25.1 Y58.9 E0.296
G1 X26.084 Y58.9 E0.01636
G1 F3840 X27.1 Y58.925 E0.01584
G1 F4079.3 X33.83 Y58.922 E0.09877
G1 F3090.1 X34.524 Y58.812 E0.01361
G1 F2500 X34.812 Y58.812 E0.0069
G1 X34.812 Y58.323 E0.01171
G1 X34.388 Y57.969 E0.01323
G1 X34.281 Y58.37 E0.00994
G1 F3090.1 X33.8 Y58.57 E0.01009
G0 F7200 X33.9 Y58
;TYPE:WALL-OUTER
G1 F1800 X33.869 Y58.108 E0.00187
G1 X33.735 Y58.198 E0.00268
G1 X27.1 Y58.2 E0.11034
G1 X26.914 Y58.075 E0.00373
G1 X26.302 Y56.535 E0.02756
G1 X26.3 Y43.46 E0.21744
G1 X26.914 Y41.925 E0.02749
G1 X27.065 Y41.802 E0.00324
G1 X33.7 Y41.8 E0.11034
G1 X33.869 Y41.892 E0.0032
G1 X33.9 Y42 E0.00187
G1 X33.899 Y43.072 E0.01783
G1 X35.3 Y41.902 E0.03035
G1 X35.3 Y41.017 E0.01472
G1 X35.208 Y40.789 E0.00409
G1 X34.988 Y40.7 E0.00395
G1 X24.923 Y40.7 E0.16738
G1 X24.788 Y40.789 E0.00269
G1 X24.7 Y41.008 E0.00393
G1 X24.7 Y59.074 E0.30044
G1 X24.789 Y59.207 E0.00266
G1 X25.01 Y59.3 E0.00399
G1 X34.978 Y59.3 E0.16577
G1 X35.207 Y59.207 E0.00411
G1 X35.3 Y58.986 E0.00399
G1 X35.3 Y58.094 E0.01483
G1 X33.9 Y56.928 E0.0303
G1 X33.9 Y58 E0.01783
G0 F7200 X33.869 Y58.108
G0 X33.796 Y58.157
G0 X34.552 Y58.32
G0 X26.8 Y58.443
G0 X26.051 Y56.586
G0 X26.051 Y44.731
G0 X26.14 Y41.604
;TYPE:SKIN
G1 F1457.5 X25.53 Y43.161 E0.03434
G1 X25.536 Y41.536 E0.03337
G1 F1411.8 X26.202 Y41.529 E0.01412
G1 X26.14 Y41.604 E0.00206
G0 F7200 X25.502 Y43.458
G1 F1621.6 X25.501 Y56.686 E0.24418
G0 F7200 X26.14 Y58.393
G1 F1406.2 X26.21 Y58.47 E0.00222
G1 X25.536 Y58.461 E0.01435
G1 F1454.5 X25.508 Y56.732 E0.03559
G1 X26.14 Y58.393 E0.03657
G0 F7200 X25.98 Y58.29
G1 F1500 E-6.5
G0 F7200 X35.07 Y58.57
G0 X36.165 Y58.57
G0 X43.835 Y58.57
G0 X53.8 Y58.57
;TYPE:WALL-INNER
G1 F1500 E6.5
G1 F4079.3 X47.1 Y58.575 E0.09833
G1 F3840 X46.542 Y58.223 E0.01029
G1 F3600 X45.9 Y56.615 E0.02879
G1 X45.9 Y43.5 E0.2181
G1 X45.942 Y43.277 E0.00377
G1 X46.542 Y41.777 E0.02687
G1 F3809.5 X47 Y41.43 E0.00903
G1 F4079.3 X53.7 Y41.425 E0.09833
G1 F3110.2 X54.281 Y41.63 E0.01186
G1 F2500 X54.387 Y42.029 E0.00989
G1 X54.812 Y41.674 E0.01326
G1 X54.812 Y41.188 E0.01164
G1 X54.524 Y41.188 E0.0069
G1 F3110.2 X53.7 Y41.075 E0.01601
G1 F4114.3 X47.1 Y41.075 E0.09604
G1 F3840 X46.084 Y41.1 E0.01584
G1 F3600 X45.101 Y41.101 E0.01635
G1 X45.1 Y58.9 E0.296
G1 X46.084 Y58.9 E0.01636
G1 F3840 X47.1 Y58.925 E0.01584
G1 F4079.3 X53.83 Y58.922 E0.09877
G1 F3090.1 X54.524 Y58.812 E0.01361
G1 F2500 X54.812 Y58.812 E0.0069
G1 X54.812 Y58.323 E0.01171
G1 X54.388 Y57.969 E0.01323
G1 X54.281 Y58.37 E0.00994
G1 F3090.1 X53.8 Y58.57 E0.01009
G0 F7200 X53.9 Y58
;TYPE:WALL-OUTER
G1 F1800 X53.869 Y58.108 E0.00187
G1 X53.735 Y58.198 E0.00268
G1 X47.1 Y58.2 E0.11034
G1 X46.914 Y58.075 E0.00373
G1 X46.302 Y56.535 E0.02756
G1 X46.3 Y43.46 E0.21744
G1 X46.914 Y41.925 E0.02749
G1 X47.065 Y41.802 E0.00324
G1 X53.7 Y41.8 E0.11034
G1 X53.869 Y41.892 E0.0032
G1 X53.9 Y42 E0.00187
G1 X53.899 Y43.072 E0.01783
G1 X55.3 Y41.902 E0.03035
G1 X55.3 Y41.017 E0.01472
G1 X55.208 Y40.789 E0.00409
G1 X54.988 Y40.7 E0.00395
G1 X44.923 Y40.7 E0.16738
G1 X44.788 Y40.789 E0.00269
G1 X44.7 Y41.008 E0.00393
G1 X44.7 Y59.074 E0.30044
G1 X44.789 Y59.207 E0.00266
G1 X45.01 Y59.3 E0.00399
G1 X54.978 Y59.3 E0.16577
G1 X55.207 Y59.207 E0.00411
G1 X55.3 Y58.986 E0.00399
G1 X55.3 Y58.094 E0.01483
G1 X53.9 Y56.928 E0.0303
G1 X53.9 Y58 E0.01783
G0 F7200 X53.869 Y58.108
G0 X53.796 Y58.157
G0 X54.552 Y58.32
G0 X46.8 Y58.443
G0 X46.051 Y56.586
G0 X46.051 Y44.731
G0 X46.14 Y41.604
;TYPE:SKIN
G1 F1457.5 X45.53 Y43.161 E0.03434
G1 X45.536 Y41.536 E0.03337
G1 F1411.8 X46.202 Y41.529 E0.01412
G1 X46.14 Y41.604 E0.00206
G0 F7200 X45.502 Y43.458
G1 F1621.6 X45.501 Y56.686 E0.24418
G0 F7200 X46.14 Y58.393
G1 F1406.2 X46.21 Y58.47 E0.00222
G1 X45.536 Y58.461 E0.01435
G1 F1454.5 X45.508 Y56.732 E0.03559
G1 X46.14 Y58.393 E0.03657
G0 F7200 X45.98 Y58.29
G1 F1500 E-6.5
G0 F7200 X55.07 Y58.57
G0 X56.165 Y58.57
G0 X63.835 Y58.57
G0 X73.8 Y58.57
;TYPE:WALL-INNER
G1 F1500 E6.5
G1 F4079.3 X67.1 Y58.575 E0.09833
G1 F3840 X66.542 Y58.223 E0.01029
G1 F3600 X65.9 Y56.615 E0.02879
G1 X65.9 Y43.5 E0.2181
G1 X65.942 Y43.277 E0.00377
G1 X66.542 Y41.777 E0.02687
G1 F3809.5 X67 Y41.43 E0.00903
G1 F4079.3 X73.7 Y41.425 E0.09833
G1 F3110.2 X74.281 Y41.63 E0.01186
G1 F2500 X74.387 Y42.029 E0.00989
G1 X74.812 Y41.674 E0.01326
G1 X74.812 Y41.188 E0.01164
G1 X74.524 Y41.188 E0.0069
G1 F3110.2 X73.7 Y41.075 E0.01601
G1 F4114.3 X67.1 Y41.075 E0.09604
G1 F3840 X66.084 Y41.1 E0.01584
G1 F3600 X65.101 Y41.101 E0.01635
G1 X65.1 Y58.9 E0.296
G1 X66.084 Y58.9 E0.01636
G1 F3840 X67.1 Y58.925 E0.01584
G1 F4079.3 X73.83 Y58.922 E0.09877
G1 F3090.1 X74.524 Y58.812 E0.01361
G1 F2500 X74.812 Y58.812 E0.0069
G1 X74.812 Y58.323 E0.01171
G1 X74.388 Y57.969 E0.01323
G1 X74.281 Y58.37 E0.00994
G1 F3090.1 X73.8 Y58.57 E0.01009
G0 F7200 X73.9 Y58
;TYPE:WALL-OUTER
G1 F1800 X73.869 Y58.108 E0.00187
G1 X73.735 Y58.198 E0.00268
G1 X67.1 Y58.2 E0.11034
G1 X66.914 Y58.075 E0.00373
G1 X66.302 Y56.535 E0.02756
G1 X66.3 Y43.46 E0.21744
G1 X66.914 Y41.925 E0.02749
G1 X67.065 Y41.802 E0.00324
G1 X73.7 Y41.8 E0.11034
G1 X73.869 Y41.892 E0.0032
G1 X73.9 Y42 E0.00187
G1 X73.899 Y43.072 E0.01783
G1 X75.3 Y41.902 E0.03035
G1 X75.3 Y41.017 E0.01472
G1 X75.208 Y40.789 E0.00409
G1 X74.988 Y40.7 E0.00395
G1 X64.923 Y40.7 E0.16738
G1 X64.788 Y40.789 E0.00269
G1 X64.7 Y41.008 E0.00393
G1 X64.7 Y59.074 E0.30044
G1 X64.789 Y59.207 E0.00266
G1 X65.01 Y59.3 E0.00399
G1 X74.978 Y59.3 E0.16577
G1 X75.207 Y59.207 E0.00411
G1 X75.3 Y58.986 E0.00399
G1 X75.3 Y58.094 E0.01483
G1 X73.9 Y56.928 E0.0303
G1 X73.9 Y58 E0.01783
G0 F7200 X73.869 Y58.108
G0 X73.796 Y58.157
G0 X74.552 Y58.32
G0 X66.8 Y58.443
G0 X66.051 Y56.586
G0 X66.051 Y44.731
G0 X66.14 Y41.604
;TYPE:SKIN
G1 F1457.5 X65.53 Y43.161 E0.03434
G1 X65.536 Y41.536 E0.03337
G1 F1411.8 X66.202 Y41.529 E0.01412
G1 X66.14 Y41.604 E0.00206
G0 F7200 X65.502 Y43.458
G1 F1621.6 X65.501 Y56.686 E0.24418
G0 F7200 X66.14 Y58.393
G1 F1406.2 X66.21 Y58.47 E0.00222
G1 X65.536 Y58.461 E0.01435
G1 F1454.5 X65.508 Y56.732 E0.03559
G1 X66.14 Y58.393 E0.03657
G0 F7200 X65.98 Y58.29
G1 F1500 E-6.5
;MESH:NONMESH
G0 F600 X65.98 Y58.29 Z7.4
G0 F7200 X64.93 Y58.57
G0 X63.835 Y58.57
G0 X55.065 Y60.164
G0 X44.924 Y60.164
G0 X36.165 Y58.57
G0 X33.8 Y58.57
;TIME_ELAPSED:1279.386777
;LAYER:71
;TYPE:WALL-INNER
;MESH:pin.stl
G1 F1500 E6.5
G1 F4079.3 X27.1 Y58.575 E0.09833
G1 F3840 X26.542 Y58.223 E0.01029
G1 F3600 X25.9 Y56.615 E0.02879
G1 X25.9 Y43.5 E0.2181
G1 X25.942 Y43.277 E0.00377
G1 X26.542 Y41.777 E0.02687
G1 F3809.5 X27 Y41.43 E0.00903
G1 F4079.3 X33.7 Y41.425 E0.09833
G1 F3110.2 X34.281 Y41.63 E0.01186
G1 F2500 X34.387 Y42.029 E0.00989
G1 X34.812 Y41.674 E0.01326
G1 X34.812 Y41.188 E0.01164
G1 X34.524 Y41.188 E0.0069
G1 F3110.2 X33.7 Y41.075 E0.01601
G1 F4114.3 X27.1 Y41.075 E0.09604
G1 F3840 X26.084 Y41.1 E0.01584
G1 F3600 X25.101 Y41.101 E0.01635
G1 X25.1 Y58.9 E0.296
G1 X26.084 Y58.9 E0.01636
G1 F3840 X27.1 Y58.925 E0.01584
G1 F4079.3 X33.83 Y58.922 E0.09877
G1 F3090.1 X34.524 Y58.812 E0.01361
G1 F2500 X34.812 Y58.812 E0.0069
G1 X34.812 Y58.323 E0.01171
G1 X34.388 Y57.969 E0.01323
G1 X34.281 Y58.37 E0.00994
G1 F3090.1 X33.8 Y58.57 E0.01009
G0 F7200 X33.9 Y58
;TYPE:WALL-OUTER
G1 F1800 X33.869 Y58.108 E0.00187
G1 X33.735 Y58.198 E0.00268
G1 X27.1 Y58.2 E0.11034
G1 X26.914 Y58.075 E0.00373
G1 X26.302 Y56.535 E0.02756
G1 X26.3 Y43.46 E0.21744
G1 X26.914 Y41.925 E0.02749
G1 X27.065 Y41.802 E0.00324
G1 X33.7 Y41.8 E0.11034
G1 X33.869 Y41.892 E0.0032
G1 X33.9 Y42 E0.00187
G1 X33.899 Y43.072 E0.01783
G1 X35.3 Y41.902 E0.03035
G1 X35.3 Y41.017 E0.01472
G1 X35.208 Y40.789 E0.00409
G1 X34.988 Y40.7 E0.00395
G1 X24.91 Y40.7 E0.1676
G1 X24.7 Y40.91 E0.00494
G1 X24.7 Y59.073 E0.30205
G1 X24.789 Y59.207 E0.00268
G1 X25.014 Y59.3 E0.00405
G1 X34.978 Y59.3 E0.1657
G1 X35.207 Y59.207 E0.00411
G1 X35.3 Y58.986 E0.00399
G1 X35.3 Y58.094 E0.01483
G1 X33.9 Y56.928 E0.0303
G1 X33.9 Y58 E0.01783
G0 F7200 X33.869 Y58.108
G0 X33.796 Y58.157
G0 X34.552 Y58.32
G0 X26.8 Y58.443
G0 X26.051 Y56.586
G0 X26.051 Y44.731
G0 X26.14 Y41.604
;TYPE:SKIN
G1 F1457.5 X25.53 Y43.161 E0.03434
G1 X25.536 Y41.536 E0.03337
G1 F1411.8 X26.202 Y41.529 E0.01412
G1 X26.14 Y41.604 E0.00206
G0 F7200 X25.502 Y43.458
G1 F1621.6 X25.501 Y56.686 E0.24418
G0 F7200 X26.14 Y58.393
G1 F1406.2 X26.21 Y58.47 E0.00222
G1 X25.536 Y58.461 E0.01435
G1 F1454.5 X25.508 Y56.732 E0.03559
G1 X26.14 Y58.393 E0.03657
G0 F7200 X25.98 Y58.29
G1 F1500 E-6.5
G0 F7200 X35.07 Y58.57
G0 X36.165 Y58.57
G0 X43.835 Y58.57
G0 X53.8 Y58.57
;TYPE:WALL-INNER
G1 F1500 E6.5
G1 F4079.3 X47.1 Y58.575 E0.09833
G1 F3840 X46.542 Y58.223 E0.01029
G1 F3600 X45.9 Y56.615 E0.02879
G1 X45.9 Y43.5 E0.2181
G1 X45.942 Y43.277 E0.00377
G1 X46.542 Y41.777 E0.02687
G1 F3809.5 X47 Y41.43 E0.00903
G1 F4079.3 X53.7 Y41.425 E0.09833
G1 F3110.2 X54.281 Y41.63 E0.01186
G1 F2500 X54.387 Y42.029 E0.00989
G1 X54.812 Y41.674 E0.01326
G1 X54.812 Y41.188 E0.01164
G1 X54.524 Y41.188 E0.0069
G1 F3110.2 X53.7 Y41.075 E0.01601
G1 F4114.3 X47.1 Y41.075 E0.09604
G1 F3840 X46.084 Y41.1 E0.01584
G1 F3600 X45.101 Y41.101 E0.01635
G1 X45.1 Y58.9 E0.296
G1 X46.084 Y58.9 E0.01636
G1 F3840 X47.1 Y58.925 E0.01584
G1 F4079.3 X53.83 Y58.922 E0.09877
G1 F3090.1 X54.524 Y58.812 E0.01361
G1 F2500 X54.812 Y58.812 E0.0069
G1 X54.812 Y58.323 E0.01171
G1 X54.388 Y57.969 E0.01323
G1 X54.281 Y58.37 E0.00994
G1 F3090.1 X53.8 Y58.57 E0.01009
G0 F7200 X53.9 Y58
;TYPE:WALL-OUTER
G1 F1800 X53.869 Y58.108 E0.00187
G1 X53.735 Y58.198 E0.00268
G1 X47.1 Y58.2 E0.11034
G1 X46.914 Y58.075 E0.00373
G1 X46.302 Y56.535 E0.02756
G1 X46.3 Y43.46 E0.21744
G1 X46.914 Y41.925 E0.02749
G1 X47.065 Y41.802 E0.00324
G1 X53.7 Y41.8 E0.11034
G1 X53.869 Y41.892 E0.0032
G1 X53.9 Y42 E0.00187
G1 X53.899 Y43.072 E0.01783
G1 X55.3 Y41.902 E0.03035
G1 X55.3 Y41.017 E0.01472
G1 X55.208 Y40.789 E0.00409
G1 X54.988 Y40.7 E0.00395
G1 X44.91 Y40.7 E0.1676
G1 X44.7 Y40.91 E0.00494
G1 X44.7 Y59.073 E0.30205
G1 X44.789 Y59.207 E0.00268
G1 X45.014 Y59.3 E0.00405
G1 X54.978 Y59.3 E0.1657
G1 X55.207 Y59.207 E0.00411
G1 X55.3 Y58.986 E0.00399
G1 X55.3 Y58.094 E0.01483
G1 X53.9 Y56.928 E0.0303
G1 X53.9 Y58 E0.01783
G0 F7200 X53.869 Y58.108
G0 X53.796 Y58.157
G0 X54.552 Y58.32
G0 X46.8 Y58.443
G0 X46.051 Y56.586
G0 X46.051 Y44.731
G0 X46.14 Y41.604
;TYPE:SKIN
G1 F1457.5 X45.53 Y43.161 E0.03434
G1 X45.536 Y41.536 E0.03337
G1 F1411.8 X46.202 Y41.529 E0.01412
G1 X46.14 Y41.604 E0.00206
G0 F7200 X45.502 Y43.458
G1 F1621.6 X45.501 Y56.686 E0.24418
G0 F7200 X46.14 Y58.393
G1 F1406.2 X46.21 Y58.47 E0.00222
G1 X45.536 Y58.461 E0.01435
G1 F1454.5 X45.508 Y56.732 E0.03559
G1 X46.14 Y58.393 E0.03657
G0 F7200 X45.98 Y58.29
G1 F1500 E-6.5
G0 F7200 X55.07 Y58.57
G0 X56.165 Y58.57
G0 X63.835 Y58.57
G0 X73.8 Y58.57
;TYPE:WALL-INNER
G1 F1500 E6.5
G1 F4079.3 X67.1 Y58.575 E0.09833
G1 F3840 X66.542 Y58.223 E0.01029
G1 F3600 X65.9 Y56.615 E0.02879
G1 X65.9 Y43.5 E0.2181
G1 X65.942 Y43.277 E0.00377
G1 X66.542 Y41.777 E0.02687
G1 F3809.5 X67 Y41.43 E0.00903
G1 F4079.3 X73.7 Y41.425 E0.09833
G1 F3110.2 X74.281 Y41.63 E0.01186
G1 F2500 X74.387 Y42.029 E0.00989
G1 X74.812 Y41.674 E0.01326
G1 X74.812 Y41.188 E0.01164
G1 X74.524 Y41.188 E0.0069
G1 F3110.2 X73.7 Y41.075 E0.01601
G1 F4114.3 X67.1 Y41.075 E0.09604
G1 F3840 X66.084 Y41.1 E0.01584
G1 F3600 X65.101 Y41.101 E0.01635
G1 X65.1 Y58.9 E0.296
G1 X66.084 Y58.9 E0.01636
G1 F3840 X67.1 Y58.925 E0.01584
G1 F4079.3 X73.83 Y58.922 E0.09877
G1 F3090.1 X74.524 Y58.812 E0.01361
G1 F2500 X74.812 Y58.812 E0.0069
G1 X74.812 Y58.323 E0.01171
G1 X74.388 Y57.969 E0.01323
G1 X74.281 Y58.37 E0.00994
G1 F3090.1 X73.8 Y58.57 E0.01009
G0 F7200 X73.9 Y58
;TYPE:WALL-OUTER
G1 F1800 X73.869 Y58.108 E0.00187
G1 X73.735 Y58.198 E0.00268
G1 X67.1 Y58.2 E0.11034
G1 X66.914 Y58.075 E0.00373
G1 X66.302 Y56.535 E0.02756
G1 X66.3 Y43.46 E0.21744
G1 X66.914 Y41.925 E0.02749
G1 X67.065 Y41.802 E0.00324
G1 X73.7 Y41.8 E0.11034
G1 X73.869 Y41.892 E0.0032
G1 X73.9 Y42 E0.00187
G1 X73.899 Y43.072 E0.01783
G1 X75.3 Y41.902 E0.03035
G1 X75.3 Y41.017 E0.01472
G1 X75.208 Y40.789 E0.00409
G1 X74.988 Y40.7 E0.00395
G1 X64.91 Y40.7 E0.1676
G1 X64.7 Y40.91 E0.00494
G1 X64.7 Y59.073 E0.30205
G1 X64.789 Y59.207 E0.00268
G1 X65.014 Y59.3 E0.00405
G1 X74.978 Y59.3 E0.1657
G1 X75.207 Y59.207 E0.00411
G1 X75.3 Y58.986 E0.00399
G1 X75.3 Y58.094 E0.01483
G1 X73.9 Y56.928 E0.0303
G1 X73.9 Y58 E0.01783
G0 F7200 X73.869 Y58.108
G0 X73.796 Y58.157
G0 X74.552 Y58.32
G0 X66.8 Y58.443
G0 X66.051 Y56.586
G0 X66.051 Y44.731
G0 X66.14 Y41.604
;TYPE:SKIN
G1 F1457.5 X65.53 Y43.161 E0.03434
G1 X65.536 Y41.536 E0.03337
G1 F1411.8 X66.202 Y41.529 E0.01412
G1 X66.14 Y41.604 E0.00206
G0 F7200 X65.502 Y43.458
G1 F1621.6 X65.501 Y56.686 E0.24418
G0 F7200 X66.14 Y58.393
G1 F1406.2 X66.21 Y58.47 E0.00222
G1 X65.536 Y58.461 E0.01435
G1 F1454.5 X65.508 Y56.732 E0.03559
G1 X66.14 Y58.393 E0.03657
G0 F7200 X65.98 Y58.29
G1 F1500 E-6.5
;MESH:NONMESH
G0 F600 X65.98 Y58.29 Z7.5
G0 F7200 X64.93 Y58.57
G0 X63.835 Y58.57
G0 X55.065 Y60.164
G0 X44.925 Y60.164
G0 X36.165 Y58.57
G0 X33.8 Y58.57
;TIME_ELAPSED:1297.189636
;LAYER:72
;TYPE:WALL-INNER
;MESH:pin.stl
G1 F1500 E6.5
G1 F4079.3 X27.1 Y58.575 E0.09833
G1 F3840 X26.542 Y58.223 E0.01029
G1 F3600 X25.9 Y56.615 E0.02879
G1 X25.9 Y43.5 E0.2181
G1 X25.942 Y43.277 E0.00377
G1 X26.542 Y41.777 E0.02687
G1 F3809.5 X27 Y41.43 E0.00903
G1 F4079.3 X33.7 Y41.425 E0.09833
G1 F3110.2 X34.281 Y41.63 E0.01186
G1 F2500 X34.387 Y42.029 E0.00989
G1 X34.812 Y41.674 E0.01326
G1 X34.812 Y41.188 E0.01164
G1 X34.524 Y41.188 E0.0069
G1 F3110.2 X33.7 Y41.075 E0.01601
G1 F4114.3 X27.1 Y41.075 E0.09604
G1 F3840 X26.084 Y41.1 E0.01584
G1 F3600 X25.101 Y41.101 E0.01635
G1 X25.1 Y58.9 E0.296
G1 X26.084 Y58.9 E0.01636
G1 F3840 X27.1 Y58.925 E0.01584
G1 F4079.3 X33.83 Y58.922 E0.09877
G1 F3090.1 X34.524 Y58.812 E0.01361
G1 F2500 X34.812 Y58.812 E0.0069
G1 X34.812 Y58.323 E0.01171
G1 X34.388 Y57.969 E0.01323
G1 X34.281 Y58.37 E0.00994
G1 F3090.1 X33.8 Y58.57 E0.01009
G0 F7200 X33.9 Y58
;TYPE:WALL-OUTER
G1 F1800 X33.869 Y58.108 E0.00187
G1 X33.735 Y58.198 E0.00268
G1 X27.1 Y58.2 E0.11034
G1 X26.914 Y58.075 E0.00373
G1 X26.302 Y56.535 E0.02756
G1 X26.3 Y43.46 E0.21744
G1 X26.914 Y41.925 E0.02749
G1 X27.065 Y41.802 E0.00324
G1 X33.7 Y41.8 E0.11034
G1 X33.869 Y41.892 E0.0032
G1 X33.9 Y42 E0.00187
G1 X33.899 Y43.072 E0.01783
G1 X35.3 Y41.902 E0.03035
G1 X35.3 Y40.967 E0.01555
G1 X35.246 Y40.834 E0.00239
G1 X35.04 Y40.7 E0.00409
G1 X24.967 Y40.7 E0.16751
G1 X24.75 Y40.837 E0.00427
G1 X24.701 Y40.96 E0.0022
G1 X24.7 Y59.032 E0.30054
G1 X24.754 Y59.162 E0.00234
G1 X24.962 Y59.3 E0.00415
G1 X35.032 Y59.3 E0.16746
G1 X35.161 Y59.246 E0.00233
G1 X35.3 Y59.038 E0.00416
G1 X35.3 Y58.094 E0.0157
G1 X33.9 Y56.928 E0.0303
G1 X33.9 Y58 E0.01783
G0 F7200 X33.869 Y58.108
G0 X33.796 Y58.157
G0 X34.552 Y58.32
G0 X26.8 Y58.443
G0 X26.051 Y56.586
G0 X26.051 Y44.731
G0 X26.14 Y41.604
;TYPE:SKIN
G1 F1457.5 X25.53 Y43.161 E0.03434
G1 X25.536 Y41.536 E0.03337
G1 F1411.8 X26.202 Y41.529 E0.01412
G1 X26.14 Y41.604 E0.00206
G0 F7200 X25.502 Y43.458
G1 F1621.6 X25.501 Y56.686 E0.24418
G0 F7200 X26.14 Y58.393
G1 F1406.2 X26.21 Y58.47 E0.00222
G1 X25.536 Y58.461 E0.01435
G1 F1454.5 X25.508 Y56.732 E0.03559
G1 X26.14 Y58.393 E0.03657
G0 F7200 X25.98 Y58.29
G1 F1500 E-6.5
G0 F7200 X35.07 Y58.57
G0 X36.165 Y58.57
G0 X43.835 Y58.57
G0 X53.8 Y58.57
;TYPE:WALL-INNER
G1 F1500 E6.5
G1 F4079.3 X47.1 Y58.575 E0.09833
G1 F3840 X46.542 Y58.223 E0.01029
G1 F3600 X45.9 Y56.615 E0.02879
G1 X45.9 Y43.5 E0.2181
G1 X45.942 Y43.277 E0.00377
G1 X46.542 Y41.777 E0.02687
G1 F3809.5 X47 Y41.43 E0.00903
G1 F4079.3 X53.7 Y41.425 E0.09833
G1 F3110.2 X54.281 Y41.63 E0.01186
G1 F2500 X54.387 Y42.029 E0.00989
G1 X54.812 Y41.674 E0.01326
G1 X54.812 Y41.188 E0.01164
G1 X54.524 Y41.188 E0.0069
G1 F3110.2 X53.7 Y41.075 E0.01601
G1 F4114.3 X47.1 Y41.075 E0.09604
G1 F3840 X46.084 Y41.1 E0.01584
G1 F3600 X45.101 Y41.101 E0.01635
G1 X45.1 Y58.9 E0.296
G1 X46.084 Y58.9 E0.01636
G1 F3840 X47.1 Y58.925 E0.01584
G1 F4079.3 X53.83 Y58.922 E0.09877
G1 F3090.1 X54.524 Y58.812 E0.01361
G1 F2500 X54.812 Y58.812 E0.0069
G1 X54.812 Y58.323 E0.01171
G1 X54.388 Y57.969 E0.01323
G1 X54.281 Y58.37 E0.00994
G1 F3090.1 X53.8 Y58.57 E0.01009
G0 F7200 X53.9 Y58
;TYPE:WALL-OUTER
G1 F1800 X53.869 Y58.108 E0.00187
G1 X53.735 Y58.198 E0.00268
G1 X47.1 Y58.2 E0.11034
G1 X46.914 Y58.075 E0.00373
G1 X46.302 Y56.535 E0.02756
G1 X46.3 Y43.46 E0.21744
G1 X46.914 Y41.925 E0.02749
G1 X47.065 Y41.802 E0.00324
G1 X53.7 Y41.8 E0.11034
G1 X53.869 Y41.892 E0.0032
G1 X53.9 Y42 E0.00187
G1 X53.899 Y43.072 E0.01783
G1 X55.3 Y41.902 E0.03035
G1 X55.3 Y40.967 E0.01555
G1 X55.246 Y40.834 E0.00239
G1 X55.04 Y40.7 E0.00409
G1 X44.967 Y40.7 E0.16751
G1 X44.75 Y40.837 E0.00427
G1 X44.701 Y40.96 E0.0022
G1 X44.7 Y59.032 E0.30054
G1 X44.754 Y59.162 E0.00234
G1 X44.962 Y59.3 E0.00415
G1 X55.032 Y59.3 E0.16746
G1 X55.161 Y59.246 E0.00233
G1 X55.3 Y59.038 E0.00416
G1 X55.3 Y58.094 E0.0157
G1 X53.9 Y56.928 E0.0303
G1 X53.9 Y58 E0.01783
G0 F7200 X53.869 Y58.108
G0 X53.796 Y58.157
G0 X54.552 Y58.32
G0 X46.8 Y58.443
G0 X46.051 Y56.586
G0 X46.051 Y44.731
G0 X46.14 Y41.604
;TYPE:SKIN
G1 F1457.5 X45.53 Y43.161 E0.03434
G1 X45.536 Y41.536 E0.03337
G1 F1411.8 X46.202 Y41.529 E0.01412
G1 X46.14 Y41.604 E0.00206
G0 F7200 X45.502 Y43.458
G1 F1621.6 X45.501 Y56.686 E0.24418
G0 F7200 X46.14 Y58.393
G1 F1406.2 X46.21 Y58.47 E0.00222
G1 X45.536 Y58.461 E0.01435
G1 F1454.5 X45.508 Y56.732 E0.03559
G1 X46.14 Y58.393 E0.03657
G0 F7200 X45.98 Y58.29
G1 F1500 E-6.5
G0 F7200 X55.07 Y58.57
G0 X56.165 Y58.57
G0 X63.835 Y58.57
G0 X73.8 Y58.57
;TYPE:WALL-INNER
G1 F1500 E6.5
G1 F4079.3 X67.1 Y58.575 E0.09833
G1 F3840 X66.542 Y58.223 E0.01029
G1 F3600 X65.9 Y56.615 E0.02879
G1 X65.9 Y43.5 E0.2181
G1 X65.942 Y43.277 E0.00377
G1 X66.542 Y41.777 E0.02687
G1 F3809.5 X67 Y41.43 E0.00903
G1 F4079.3 X73.7 Y41.425 E0.09833
G1 F3110.2 X74.281 Y41.63 E0.01186
G1 F2500 X74.387 Y42.029 E0.00989
G1 X74.812 Y41.674 E0.01326
G1 X74.812 Y41.188 E0.01164
G1 X74.524 Y41.188 E0.0069
G1 F3110.2 X73.7 Y41.075 E0.01601
G1 F4114.3 X67.1 Y41.075 E0.09604
G1 F3840 X66.084 Y41.1 E0.01584
G1 F3600 X65.101 Y41.101 E0.01635
G1 X65.1 Y58.9 E0.296
G1 X66.084 Y58.9 E0.01636
G1 F3840 X67.1 Y58.925 E0.01584
G1 F4079.3 X73.83 Y58.922 E0.09877
G1 F3090.1 X74.524 Y58.812 E0.01361
G1 F2500 X74.812 Y58.812 E0.0069
G1 X74.812 Y58.323 E0.01171
G1 X74.388 Y57.969 E0.01323
G1 X74.281 Y58.37 E0.00994
G1 F3090.1 X73.8 Y58.57 E0.01009
G0 F7200 X73.9 Y58
;TYPE:WALL-OUTER
G1 F1800 X73.869 Y58.108 E0.00187
G1 X73.735 Y58.198 E0.00268
G1 X67.1 Y58.2 E0.11034
G1 X66.914 Y58.075 E0.00373
G1 X66.302 Y56.535 E0.02756
G1 X66.3 Y43.46 E0.21744
G1 X66.914 Y41.925 E0.02749
G1 X67.065 Y41.802 E0.00324
G1 X73.7 Y41.8 E0.11034
G1 X73.869 Y41.892 E0.0032
G1 X73.9 Y42 E0.00187
G1 X73.899 Y43.072 E0.01783
G1 X75.3 Y41.902 E0.03035
G1 X75.3 Y40.967 E0.01555
G1 X75.246 Y40.834 E0.00239
G1 X75.04 Y40.7 E0.00409
G1 X64.967 Y40.7 E0.16751
G1 X64.75 Y40.837 E0.00427
G1 X64.701 Y40.96 E0.0022
G1 X64.7 Y59.032 E0.30054
G1 X64.754 Y59.162 E0.00234
G1 X64.962 Y59.3 E0.00415
G1 X75.032 Y59.3 E0.16746
G1 X75.161 Y59.246 E0.00233
G1 X75.3 Y59.038 E0.00416
G1 X75.3 Y58.094 E0.0157
G1 X73.9 Y56.928 E0.0303
G1 X73.9 Y58 E0.01783
G0 F7200 X73.869 Y58.108
G0 X73.796 Y58.157
G0 X74.552 Y58.32
G0 X66.8 Y58.443
G0 X66.051 Y56.586
G0 X66.051 Y44.731
G0 X66.14 Y41.604
;TYPE:SKIN
G1 F1457.5 X65.53 Y43.161 E0.03434
G1 X65.536 Y41.536 E0.03337
G1 F1411.8 X66.202 Y41.529 E0.01412
G1 X66.14 Y41.604 E0.00206
G0 F7200 X65.502 Y43.458
G1 F1621.6 X65.501 Y56.686 E0.24418
G0 F7200 X66.14 Y58.393
G1 F1406.2 X66.21 Y58.47 E0.00222
G1 X65.536 Y58.461 E0.01435
G1 F1454.5 X65.508 Y56.732 E0.03559
G1 X66.14 Y58.393 E0.03657
G0 F7200 X65.98 Y58.29
G1 F1500 E-6.5
;MESH:NONMESH
G0 F600 X65.98 Y58.29 Z7.6
G0 F7200 X64.93 Y58.57
G0 X63.835 Y58.57
G0 X55.205 Y60.164
G0 X44.789 Y60.164
G0 X36.165 Y58.57
G0 X33.8 Y58.57
;TIME_ELAPSED:1314.991104
;LAYER:73
;TYPE:WALL-INNER
;MESH:pin.stl
G1 F1500 E6.5
G1 F4079.3 X27.1 Y58.575 E0.09833
G1 F3840 X26.542 Y58.223 E0.01029
G1 F3600 X25.9 Y56.615 E0.02879
G1 X25.9 Y43.5 E0.2181
G1 X25.942 Y43.277 E0.00377
G1 X26.542 Y41.777 E0.02687
G1 F3809.5 X27 Y41.43 E0.00903
G1 F4079.3 X33.7 Y41.425 E0.09833
G1 F3110.2 X34.281 Y41.63 E0.01186
G1 F2500 X34.387 Y42.029 E0.00989
G1 X34.812 Y41.674 E0.01326
G1 X34.812 Y41.188 E0.01164
G1 X34.524 Y41.188 E0.0069
G1 F3110.2 X33.7 Y41.075 E0.01601
G1 F4114.3 X27.1 Y41.075 E0.09604
G1 F3840 X26.084 Y41.1 E0.01584
G1 F3600 X25.101 Y41.101 E0.01635
G1 X25.1 Y58.9 E0.296
G1 X26.084 Y58.9 E0.01636
G1 F3840 X27.1 Y58.925 E0.01584
G1 F4079.3 X33.83 Y58.922 E0.09877
G1 F3090.1 X34.524 Y58.812 E0.01361
G1 F2500 X34.812 Y58.812 E0.0069
G1 X34.812 Y58.323 E0.01171
G1 X34.388 Y57.969 E0.01323
G1 X34.281 Y58.37 E0.00994
G1 F3090.1 X33.8 Y58.57 E0.01009
G0 F7200 X33.9 Y58
;TYPE:WALL-OUTER
G1 F1800 X33.869 Y58.108 E0.00187
G1 X33.735 Y58.198 E0.00268
G1 X27.1 Y58.2 E0.11034
G1 X26.914 Y58.075 E0.00373
G1 X26.302 Y56.535 E0.02756
G1 X26.3 Y43.46 E0.21744
G1 X26.914 Y41.925 E0.02749
G1 X27.065 Y41.802 E0.00324
G1 X33.7 Y41.8 E0.11034
G1 X33.869 Y41.892 E0.0032
G1 X33.9 Y42 E0.00187
G1 X33.899 Y43.072 E0.01783
G1 X35.3 Y41.902 E0.03035
G1 X35.3 Y40.974 E0.01543
G1 X35.197 Y40.781 E0.00364
G1 X34.985 Y40.7 E0.00377
G1 X24.973 Y40.7 E0.1665
G1 X24.781 Y40.799 E0.00359
G1 X24.701 Y41.011 E0.00377
G1 X24.7 Y59.024 E0.29956
G1 X24.799 Y59.217 E0.00361
G1 X25.014 Y59.3 E0.00383
G1 X35.022 Y59.3 E0.16643
G1 X35.218 Y59.198 E0.00367
G1 X35.3 Y58.983 E0.00383
G1 X35.3 Y58.094 E0.01478
G1 X33.9 Y56.928 E0.0303
G1 X33.9 Y58 E0.01783
G0 F7200 X33.869 Y58.108
G0 X33.796 Y58.157
G0 X34.552 Y58.32
G0 X26.8 Y58.443
G0 X26.051 Y56.586
G0 X26.051 Y44.731
G0 X26.14 Y41.604
;TYPE:SKIN
G1 F1457.5 X25.53 Y43.161 E0.03434
G1 X25.536 Y41.536 E0.03337
G1 F1411.8 X26.202 Y41.529 E0.01412
G1 X26.14 Y41.604 E0.00206
G0 F7200 X25.502 Y43.458
G1 F1621.6 X25.501 Y56.686 E0.24418
G0 F7200 X26.14 Y58.393
G1 F1406.2 X26.21 Y58.47 E0.00222
G1 X25.536 Y58.461 E0.01435
G1 F1454.5 X25.508 Y56.732 E0.03559
G1 X26.14 Y58.393 E0.03657
G0 F7200 X25.98 Y58.29
G1 F1500 E-6.5
G0 F7200 X35.07 Y58.57
G0 X36.165 Y58.57
G0 X43.835 Y58.57
G0 X53.8 Y58.57
;TYPE:WALL-INNER
G1 F1500 E6.5
G1 F4079.3 X47.1 Y58.575 E0.09833
G1 F3840 X46.542 Y58.223 E0.01029
G1 F3600 X45.9 Y56.615 E0.02879
G1 X45.9 Y43.5 E0.2181
G1 X45.942 Y43.277 E0.00377
G1 X46.542 Y41.777 E0.02687
G1 F3809.5 X47 Y41.43 E0.00903
G1 F4079.3 X53.7 Y41.425 E0.09833
G1 F3110.2 X54.281 Y41.63 E0.01186
G1 F2500 X54.387 Y42.029 E0.00989
G1 X54.812 Y41.674 E0.01326
G1 X54.812 Y41.188 E0.01164
G1 X54.524 Y41.188 E0.0069
G1 F3110.2 X53.7 Y41.075 E0.01601
G1 F4114.3 X47.1 Y41.075 E0.09604
G1 F3840 X46.084 Y41.1 E0.01584
G1 F3600 X45.101 Y41.101 E0.01635
G1 X45.1 Y58.9 E0.296
G1 X46.084 Y58.9 E0.01636
G1 F3840 X47.1 Y58.925 E0.01584
G1 F4079.3 X53.83 Y58.922 E0.09877
G1 F3090.1 X54.524 Y58.812 E0.01361
G1 F2500 X54.812 Y58.812 E0.0069
G1 X54.812 Y58.323 E0.01171
G1 X54.388 Y57.969 E0.01323
G1 X54.281 Y58.37 E0.00994
G1 F3090.1 X53.8 Y58.57 E0.01009
G0 F7200 X53.9 Y58
;TYPE:WALL-OUTER
G1 F1800 X53.869 Y58.108 E0.00187
G1 X53.735 Y58.198 E0.00268
G1 X47.1 Y58.2 E0.11034
G1 X46.914 Y58.075 E0.00373
G1 X46.302 Y56.535 E0.02756
G1 X46.3 Y43.46 E0.21744
G1 X46.914 Y41.925 E0.02749
G1 X47.065 Y41.802 E0.00324
G1 X53.7 Y41.8 E0.11034
G1 X53.869 Y41.892 E0.0032
G1 X53.9 Y42 E0.00187
G1 X53.899 Y43.072 E0.01783
G1 X55.3 Y41.902 E0.03035
G1 X55.3 Y40.974 E0.01543
G1 X55.197 Y40.781 E0.00364
G1 X54.985 Y40.7 E0.00377
G1 X44.973 Y40.7 E0.1665
G1 X44.781 Y40.799 E0.00359
G1 X44.701 Y41.011 E0.00377
G1 X44.7 Y59.024 E0.29956
G1 X44.799 Y59.217 E0.00361
G1 X45.014 Y59.3 E0.00383
G1 X55.022 Y59.3 E0.16643
G1 X55.218 Y59.198 E0.00367
G1 X55.3 Y58.983 E0.00383
G1 X55.3 Y58.094 E0.01478
G1 X53.9 Y56.928 E0.0303
G1 X53.9 Y58 E0.01783
G0 F7200 X53.869 Y58.108
G0 X53.796 Y58.157
G0 X54.552 Y58.32
G0 X46.8 Y58.443
G0 X46.051 Y56.586
G0 X46.051 Y44.731
G0 X46.14 Y41.604
;TYPE:SKIN
G1 F1457.5 X45.53 Y43.161 E0.03434
G1 X45.536 Y41.536 E0.03337
G1 F1411.8 X46.202 Y41.529 E0.01412
G1 X46.14 Y41.604 E0.00206
G0 F7200 X45.502 Y43.458
G1 F1621.6 X45.501 Y56.686 E0.24418
G0 F7200 X46.14 Y58.393
G1 F1406.2 X46.21 Y58.47 E0.00222
G1 X45.536 Y58.461 E0.01435
G1 F1454.5 X45.508 Y56.732 E0.03559
G1 X46.14 Y58.393 E0.03657
G0 F7200 X45.98 Y58.29
G1 F1500 E-6.5
G0 F7200 X55.07 Y58.57
G0 X56.165 Y58.57
G0 X63.835 Y58.57
G0 X73.8 Y58.57
;TYPE:WALL-INNER
G1 F1500 E6.5
G1 F4079.3 X67.1 Y58.575 E0.09833
G1 F3840 X66.542 Y58.223 E0.01029
G1 F3600 X65.9 Y56.615 E0.02879
G1 X65.9 Y43.5 E0.2181
G1 X65.942 Y43.277 E0.00377
G1 X66.542 Y41.777 E0.02687
G1 F3809.5 X67 Y41.43 E0.00903
G1 F4079.3 X73.7 Y41.425 E0.09833
G1 F3110.2 X74.281 Y41.63 E0.01186
G1 F2500 X74.387 Y42.029 E0.00989
G1 X74.812 Y41.674 E0.01326
G1 X74.812 Y41.188 E0.01164
G1 X74.524 Y41.188 E0.0069
G1 F3110.2 X73.7 Y41.075 E0.01601
G1 F4114.3 X67.1 Y41.075 E0.09604
G1 F3840 X66.084 Y41.1 E0.01584
G1 F3600 X65.101 Y41.101 E0.01635
G1 X65.1 Y58.9 E0.296
G1 X66.084 Y58.9 E0.01636
G1 F3840 X67.1 Y58.925 E0.01584
G1 F4079.3 X73.83 Y58.922 E0.09877
G1 F3090.1 X74.524 Y58.812 E0.01361
G1 F2500 X74.812 Y58.812 E0.0069
G1 X74.812 Y58.323 E0.01171
G1 X74.388 Y57.969 E0.01323
G1 X74.281 Y58.37 E0.00994
G1 F3090.1 X73.8 Y58.57 E0.01009
G0 F7200 X73.9 Y58
;TYPE:WALL-OUTER
G1 F1800 X73.869 Y58.108 E0.00187
G1 X73.735 Y58.198 E0.00268
G1 X67.1 Y58.2 E0.11034
G1 X66.914 Y58.075 E0.00373
G1 X66.302 Y56.535 E0.02756
G1 X66.3 Y43.46 E0.21744
G1 X66.914 Y41.925 E0.02749
G1 X67.065 Y41.802 E0.00324
G1 X73.7 Y41.8 E0.11034
G1 X73.869 Y41.892 E0.0032
G1 X73.9 Y42 E0.00187
G1 X73.899 Y43.072 E0.01783
G1 X75.3 Y41.902 E0.03035
G1 X75.3 Y40.974 E0.01543
G1 X75.197 Y40.781 E0.00364
G1 X74.985 Y40.7 E0.00377
G1 X64.973 Y40.7 E0.1665
G1 X64.781 Y40.799 E0.00359
G1 X64.701 Y41.011 E0.00377
G1 X64.7 Y59.024 E0.29956
G1 X64.799 Y59.217 E0.00361
G1 X65.014 Y59.3 E0.00383
G1 X75.022 Y59.3 E0.16643
G1 X75.218 Y59.198 E0.00367
G1 X75.3 Y58.983 E0.00383
G1 X75.3 Y58.094 E0.01478
G1 X73.9 Y56.928 E0.0303
G1 X73.9 Y58 E0.01783
G0 F7200 X73.869 Y58.108
G0 X73.796 Y58.157
G0 X74.552 Y58.32
G0 X66.8 Y58.443
G0 X66.051 Y56.586
G0 X66.051 Y44.731
G0 X66.14 Y41.604
;TYPE:SKIN
G1 F1457.5 X65.53 Y43.161 E0.03434
G1 X65.536 Y41.536 E0.03337
G1 F1411.8 X66.202 Y41.529 E0.01412
G1 X66.14 Y41.604 E0.00206
G0 F7200 X65.502 Y43.458
G1 F1621.6 X65.501 Y56.686 E0.24418
G0 F7200 X66.14 Y58.393
G1 F1406.2 X66.21 Y58.47 E0.00222
G1 X65.536 Y58.461 E0.01435
G1 F1454.5 X65.508 Y56.732 E0.03559
G1 X66.14 Y58.393 E0.03657
G0 F7200 X65.98 Y58.29
G1 F1500 E-6.5
;MESH:NONMESH
G0 F600 X65.98 Y58.29 Z7.7
G0 F7200 X64.93 Y58.57
G0 X63.835 Y58.57
G0 X55.236 Y60.163
G0 X44.926 Y60.164
G0 X36.165 Y58.57
G0 X33.8 Y58.57
;TIME_ELAPSED:1332.791193
;LAYER:74
;TYPE:WALL-INNER
;MESH:pin.stl
G1 F1500 E6.5
G1 F4079.3 X27.1 Y58.575 E0.09833
G1 F3840 X26.542 Y58.223 E0.01029
G1 F3600 X25.9 Y56.615 E0.02879
G1 X25.9 Y43.5 E0.2181
G1 X25.942 Y43.277 E0.00377
G1 X26.542 Y41.777 E0.02687
G1 F3809.5 X27 Y41.43 E0.00903
G1 F4079.3 X33.7 Y41.425 E0.09833
G1 F3110.2 X34.281 Y41.63 E0.01186
G1 F2500 X34.387 Y42.029 E0.00989
G1 X34.812 Y41.674 E0.01326
G1 X34.812 Y41.188 E0.01164
G1 X34.524 Y41.188 E0.0069
G1 F3110.2 X33.7 Y41.075 E0.01601
G1 F4114.3 X27.1 Y41.075 E0.09604
G1 F3840 X26.084 Y41.1 E0.01584
G1 F3600 X25.101 Y41.101 E0.01635
G1 X25.1 Y58.9 E0.296
G1 X26.084 Y58.9 E0.01636
G1 F3840 X27.1 Y58.925 E0.01584
G1 F4079.3 X33.83 Y58.922 E0.09877
G1 F3090.1 X34.524 Y58.812 E0.01361
G1 F2500 X34.812 Y58.812 E0.0069
G1 X34.812 Y58.323 E0.01171
G1 X34.388 Y57.969 E0.01323
G1 X34.281 Y58.37 E0.00994
G1 F3090.1 X33.8 Y58.57 E0.01009
G0 F7200 X33.9 Y58
;TYPE:WALL-OUTER
G1 F1800 X33.869 Y58.108 E0.00187
G1 X33.735 Y58.198 E0.00268
G1 X27.1 Y58.2 E0.11034
G1 X26.914 Y58.075 E0.00373
G1 X26.302 Y56.535 E0.02756
G1 X26.3 Y43.46 E0.21744
G1 X26.914 Y41.925 E0.02749
G1 X27.065 Y41.802 E0.00324
G1 X33.7 Y41.8 E0.11034
G1 X33.869 Y41.892 E0.0032
G1 X33.9 Y42 E0.00187
G1 X33.899 Y43.072 E0.01783
G1 X35.3 Y41.902 E0.03035
G1 X35.3 Y41.017 E0.01472
G1 X35.214 Y40.799 E0.0039
G1 X35.02 Y40.7 E0.00362
G1 X25.015 Y40.7 E0.16638
G1 X24.799 Y40.782 E0.00384
G1 X24.7 Y40.976 E0.00362
G1 X24.7 Y58.981 E0.29942
G1 X24.783 Y59.198 E0.00386
G1 X24.978 Y59.3 E0.00366
G1 X34.978 Y59.3 E0.1663
G1 X35.198 Y59.213 E0.00393
G1 X35.3 Y59.019 E0.00364
G1 X35.3 Y58.094 E0.01538
G1 X33.9 Y56.928 E0.0303
G1 X33.9 Y58 E0.01783
G0 F7200 X33.869 Y58.108
G0 X33.796 Y58.157
G0 X34.552 Y58.32
G0 X26.8 Y58.443
G0 X26.051 Y56.586
G0 X26.051 Y44.731
G0 X26.14 Y41.604
;TYPE:SKIN
G1 F1457.5 X25.53 Y43.161 E0.03434
G1 X25.536 Y41.536 E0.03337
G1 F1411.8 X26.202 Y41.529 E0.01412
G1 X26.14 Y41.604 E0.00206
G0 F7200 X25.502 Y43.458
G1 F1621.6 X25.501 Y56.686 E0.24418
G0 F7200 X26.14 Y58.393
G1 F1406.2 X26.21 Y58.47 E0.00222
G1 X25.536 Y58.461 E0.01435
G1 F1454.5 X25.508 Y56.732 E0.03559
G1 X26.14 Y58.393 E0.03657
G0 F7200 X25.98 Y58.29
G1 F1500 E-6.5
G0 F7200 X35.07 Y58.57
G0 X36.165 Y58.57
G0 X43.835 Y58.57
G0 X53.8 Y58.57
;TYPE:WALL-INNER
G1 F1500 E6.5
G1 F4079.3 X47.1 Y58.575 E0.09833
G1 F3840 X46.542 Y58.223 E0.01029
G1 F3600 X45.9 Y56.615 E0.02879
G1 X45.9 Y43.5 E0.2181
G1 X45.942 Y43.277 E0.00377
G1 X46.542 Y41.777 E0.02687
G1 F3809.5 X47 Y41.43 E0.00903
G1 F4079.3 X53.7 Y41.425 E0.09833
G1 F3110.2 X54.281 Y41.63 E0.01186
G1 F2500 X54.387 Y42.029 E0.00989
G1 X54.812 Y41.674 E0.01326
G1 X54.812 Y41.188 E0.01164
G1 X54.524 Y41.188 E0.0069
G1 F3110.2 X53.7 Y41.075 E0.01601
G1 F4114.3 X47.1 Y41.075 E0.09604
G1 F3840 X46.084 Y41.1 E0.01584
G1 F3600 X45.101 Y41.101 E0.01635
G1 X45.1 Y58.9 E0.296
G1 X46.084 Y58.9 E0.01636
G1 F3840 X47.1 Y58.925 E0.01584
G1 F4079.3 X53.83 Y58.922 E0.09877
G1 F3090.1 X54.524 Y58.812 E0.01361
G1 F2500 X54.812 Y58.812 E0.0069
G1 X54.812 Y58.323 E0.01171
G1 X54.388 Y57.969 E0.01323
G1 X54.281 Y58.37 E0.00994
G1 F3090.1 X53.8 Y58.57 E0.01009
G0 F7200 X53.9 Y58
;TYPE:WALL-OUTER
G1 F1800 X53.869 Y58.108 E0.00187
G1 X53.735 Y58.198 E0.00268
G1 X47.1 Y58.2 E0.11034
G1 X46.914 Y58.075 E0.00373
G1 X46.302 Y56.535 E0.02756
G1 X46.3 Y43.46 E0.21744
G1 X46.914 Y41.925 E0.02749
G1 X47.065 Y41.802 E0.00324
G1 X53.7 Y41.8 E0.11034
G1 X53.869 Y41.892 E0.0032
G1 X53.9 Y42 E0.00187
G1 X53.899 Y43.072 E0.01783
G1 X55.3 Y41.902 E0.03035
G1 X55.3 Y41.017 E0.01472
G1 X55.214 Y40.799 E0.0039
G1 X55.02 Y40.7 E0.00362
G1 X45.015 Y40.7 E0.16638
G1 X44.799 Y40.782 E0.00384
G1 X44.7 Y40.976 E0.00362
G1 X44.7 Y58.981 E0.29942
G1 X44.783 Y59.198 E0.00386
G1 X44.978 Y59.3 E0.00366
G1 X54.978 Y59.3 E0.1663
G1 X55.198 Y59.213 E0.00393
G1 X55.3 Y59.019 E0.00364
G1 X55.3 Y58.094 E0.01538
G1 X53.9 Y56.928 E0.0303
G1 X53.9 Y58 E0.01783
G0 F7200 X53.869 Y58.108
G0 X53.796 Y58.157
G0 X54.552 Y58.32
G0 X46.8 Y58.443
G0 X46.051 Y56.586
G0 X46.051 Y44.731
G0 X46.14 Y41.604
;TYPE:SKIN
G1 F1457.5 X45.53 Y43.161 E0.03434
G1 X45.536 Y41.536 E0.03337
G1 F1411.8 X46.202 Y41.529 E0.01412
G1 X46.14 Y41.604 E0.00206
G0 F7200 X45.502 Y43.458
G1 F1621.6 X45.501 Y56.686 E0.24418
G0 F7200 X46.14 Y58.393
G1 F1406.2 X46.21 Y58.47 E0.00222
G1 X45.536 Y58.461 E0.01435
G1 F1454.5 X45.508 Y56.732 E0.03559
G1 X46.14 Y58.393 E0.03657
G0 F7200 X45.98 Y58.29
G1 F1500 E-6.5
G0 F7200 X55.07 Y58.57
G0 X56.165 Y58.57
G0 X63.835 Y58.57
G0 X73.8 Y58.57
;TYPE:WALL-INNER
G1 F1500 E6.5
G1 F4079.3 X67.1 Y58.575 E0.09833
G1 F3840 X66.542 Y58.223 E0.01029
G1 F3600 X65.9 Y56.615 E0.02879
G1 X65.9 Y43.5 E0.2181
G1 X65.942 Y43.277 E0.00377
G1 X66.542 Y41.777 E0.02687
G1 F3809.5 X67 Y41.43 E0.00903
G1 F4079.3 X73.7 Y41.425 E0.09833
G1 F3110.2 X74.281 Y41.63 E0.01186
G1 F2500 X74.387 Y42.029 E0.00989
G1 X74.812 Y41.674 E0.01326
G1 X74.812 Y41.188 E0.01164
G1 X74.524 Y41.188 E0.0069
G1 F3110.2 X73.7 Y41.075 E0.01601
G1 F4114.3 X67.1 Y41.075 E0.09604
G1 F3840 X66.084 Y41.1 E0.01584
G1 F3600 X65.101 Y41.101 E0.01635
G1 X65.1 Y58.9 E0.296
G1 X66.084 Y58.9 E0.01636
G1 F3840 X67.1 Y58.925 E0.01584
G1 F4079.3 X73.83 Y58.922 E0.09877
G1 F3090.1 X74.524 Y58.812 E0.01361
G1 F2500 X74.812 Y58.812 E0.0069
G1 X74.812 Y58.323 E0.01171
G1 X74.388 Y57.969 E0.01323
G1 X74.281 Y58.37 E0.00994
G1 F3090.1 X73.8 Y58.57 E0.01009
G0 F7200 X73.9 Y58
;TYPE:WALL-OUTER
G1 F1800 X73.869 Y58.108 E0.00187
G1 X73.735 Y58.198 E0.00268
G1 X67.1 Y58.2 E0.11034
G1 X66.914 Y58.075 E0.00373
G1 X66.302 Y56.535 E0.02756
G1 X66.3 Y43.46 E0.21744
G1 X66.914 Y41.925 E0.02749
G1 X67.065 Y41.802 E0.00324
G1 X73.7 Y41.8 E0.11034
G1 X73.869 Y41.892 E0.0032
G1 X73.9 Y42 E0.00187
G1 X73.899 Y43.072 E0.01783
G1 X75.3 Y41.902 E0.03035
G1 X75.3 Y41.017 E0.01472
G1 X75.214 Y40.799 E0.0039
G1 X75.02 Y40.7 E0.00362
G1 X65.015 Y40.7 E0.16638
G1 X64.799 Y40.782 E0.00384
G1 X64.7 Y40.976 E0.00362
G1 X64.7 Y58.981 E0.29942
G1 X64.783 Y59.198 E0.00386
G1 X64.978 Y59.3 E0.00366
G1 X74.978 Y59.3 E0.1663
G1 X75.198 Y59.213 E0.00393
G1 X75.3 Y59.019 E0.00364
G1 X75.3 Y58.094 E0.01538
G1 X73.9 Y56.928 E0.0303
G1 X73.9 Y58 E0.01783
G0 F7200 X73.869 Y58.108
G0 X73.796 Y58.157
G0 X74.552 Y58.32
G0 X66.8 Y58.443
G0 X66.051 Y56.586
G0 X66.051 Y44.731
G0 X66.14 Y41.604
;TYPE:SKIN
G1 F1457.5 X65.53 Y43.161 E0.03434
G1 X65.536 Y41.536 E0.03337
G1 F1411.8 X66.202 Y41.529 E0.01412
G1 X66.14 Y41.604 E0.00206
G0 F7200 X65.502 Y43.458
G1 F1621.6 X65.501 Y56.686 E0.24418
G0 F7200 X66.14 Y58.393
G1 F1406.2 X66.21 Y58.47 E0.00222
G1 X65.536 Y58.461 E0.01435
G1 F1454.5 X65.508 Y56.732 E0.03559
G1 X66.14 Y58.393 E0.03657
G0 F7200 X65.98 Y58.29
G1 F1500 E-6.5
;MESH:NONMESH
G0 F600 X65.98 Y58.29 Z7.8
G0 F7200 X64.93 Y58.57
G0 X63.835 Y58.57
G0 X55.065 Y60.164
G0 X44.771 Y60.163
G0 X36.165 Y58.57
G0 X33.8 Y58.57
;TIME_ELAPSED:1350.590487
;LAYER:75
;TYPE:WALL-INNER
;MESH:pin.stl
G1 F1500 E6.5
G1 F4079.3 X27.1 Y58.575 E0.09833
G1 F3840 X26.542 Y58.223 E0.01029
G1 F3600 X25.9 Y56.615 E0.02879
G1 X25.9 Y43.5 E0.2181
G1 X25.942 Y43.277 E0.00377
G1 X26.542 Y41.777 E0.02687
G1 F3809.5 X27 Y41.43 E0.00903
G1 F4079.3 X33.7 Y41.425 E0.09833
G1 F3110.2 X34.281 Y41.63 E0.01186
G1 F2500 X34.387 Y42.029 E0.00989
G1 X34.812 Y41.674 E0.01326
G1 X34.812 Y41.188 E0.01164
G1 X34.524 Y41.188 E0.0069
G1 F3110.2 X33.7 Y41.075 E0.01601
G1 F4114.3 X27.1 Y41.075 E0.09604
G1 F3840 X26.084 Y41.1 E0.01584
G1 F3600 X25.101 Y41.101 E0.01635
G1 X25.1 Y58.9 E0.296
G1 X26.084 Y58.9 E0.01636
G1 F3840 X27.1 Y58.925 E0.01584
G1 F4079.3 X33.83 Y58.922 E0.09877
G1 F3090.1 X34.524 Y58.812 E0.01361
G1 F2500 X34.812 Y58.812 E0.0069
G1 X34.812 Y58.323 E0.01171
G1 X34.388 Y57.969 E0.01323
G1 X34.281 Y58.37 E0.00994
G1 F3090.1 X33.8 Y58.57 E0.01009
G0 F7200 X33.9 Y58
;TYPE:WALL-OUTER
G1 F1800 X33.869 Y58.108 E0.00187
G1 X33.735 Y58.198 E0.00268
G1 X27.1 Y58.2 E0.11034
G1 X26.914 Y58.075 E0.00373
G1 X26.302 Y56.535 E0.02756
G1 X26.3 Y43.46 E0.21744
G1 X26.914 Y41.925 E0.02749
G1 X27.065 Y41.802 E0.00324
G1 X33.7 Y41.8 E0.11034
G1 X33.869 Y41.892 E0.0032
G1 X33.9 Y42 E0.00187
G1 X33.899 Y43.072 E0.01783
G1 X35.3 Y41.902 E0.03035
G1 X35.3 Y40.968 E0.01553
G1 X35.168 Y40.756 E0.00415
G1 X35.026 Y40.7 E0.00254
G1 X24.967 Y40.7 E0.16728
G1 X24.755 Y40.833 E0.00416
G1 X24.7 Y40.971 E0.00247
G1 X24.7 Y59.029 E0.30031
G1 X24.834 Y59.242 E0.00418
G1 X24.972 Y59.3 E0.00249
G1 X35.029 Y59.299 E0.16725
G1 X35.163 Y59.245 E0.0024
G1 X35.3 Y59.024 E0.00432
G1 X35.3 Y58.094 E0.01547
G1 X33.9 Y56.928 E0.0303
G1 X33.9 Y58 E0.01783
G0 F7200 X33.869 Y58.108
G0 X33.796 Y58.157
G0 X34.552 Y58.32
G0 X26.8 Y58.443
G0 X26.051 Y56.586
G0 X26.051 Y44.731
G0 X26.14 Y41.604
;TYPE:SKIN
G1 F1457.5 X25.53 Y43.161 E0.03434
G1 X25.536 Y41.536 E0.03337
G1 F1411.8 X26.202 Y41.529 E0.01412
G1 X26.14 Y41.604 E0.00206
G0 F7200 X25.502 Y43.458
G1 F1621.6 X25.501 Y56.686 E0.24418
G0 F7200 X26.14 Y58.393
G1 F1406.2 X26.21 Y58.47 E0.00222
G1 X25.536 Y58.461 E0.01435
G1 F1454.5 X25.508 Y56.732 E0.03559
G1 X26.14 Y58.393 E0.03657
G0 F7200 X25.98 Y58.29
G1 F1500 E-6.5
G0 F7200 X35.07 Y58.57
G0 X36.165 Y58.57
G0 X43.835 Y58.57
G0 X53.8 Y58.57
;TYPE:WALL-INNER
G1 F1500 E6.5
G1 F4079.3 X47.1 Y58.575 E0.09833
G1 F3840 X46.542 Y58.223 E0.01029
G1 F3600 X45.9 Y56.615 E0.02879
G1 X45.9 Y43.5 E0.2181
G1 X45.942 Y43.277 E0.00377
G1 X46.542 Y41.777 E0.02687
G1 F3809.5 X47 Y41.43 E0.00903
G1 F4079.3 X53.7 Y41.425 E0.09833
G1 F3110.2 X54.281 Y41.63 E0.01186
G1 F2500 X54.387 Y42.029 E0.00989
G1 X54.812 Y41.674 E0.01326
G1 X54.812 Y41.188 E0.01164
G1 X54.524 Y41.188 E0.0069
G1 F3110.2 X53.7 Y41.075 E0.01601
G1 F4114.3 X47.1 Y41.075 E0.09604
G1 F3840 X46.084 Y41.1 E0.01584
G1 F3600 X45.101 Y41.101 E0.01635
G1 X45.1 Y58.9 E0.296
G1 X46.084 Y58.9 E0.01636
G1 F3840 X47.1 Y58.925 E0.01584
G1 F4079.3 X53.83 Y58.922 E0.09877
G1 F3090.1 X54.524 Y58.812 E0.01361
G1 F2500 X54.812 Y58.812 E0.0069
G1 X54.812 Y58.323 E0.01171
G1 X54.388 Y57.969 E0.01323
G1 X54.281 Y58.37 E0.00994
G1 F3090.1 X53.8 Y58.57 E0.01009
G0 F7200 X53.9 Y58
;TYPE:WALL-OUTER
G1 F1800 X53.869 Y58.108 E0.00187
G1 X53.735 Y58.198 E0.00268
G1 X47.1 Y58.2 E0.11034
G1 X46.914 Y58.075 E0.00373
G1 X46.302 Y56.535 E0.02756
G1 X46.3 Y43.46 E0.21744
G1 X46.914 Y41.925 E0.02749
G1 X47.065 Y41.802 E0.00324
G1 X53.7 Y41.8 E0.11034
G1 X53.869 Y41.892 E0.0032
G1 X53.9 Y42 E0.00187
G1 X53.899 Y43.072 E0.01783
G1 X55.3 Y41.902 E0.03035
G1 X55.3 Y40.968 E0.01553
G1 X55.168 Y40.756 E0.00415
G1 X55.026 Y40.7 E0.00254
G1 X44.967 Y40.7 E0.16728
G1 X44.755 Y40.833 E0.00416
G1 X44.7 Y40.971 E0.00247
G1 X44.7 Y59.029 E0.30031
G1 X44.834 Y59.242 E0.00418
G1 X44.972 Y59.3 E0.00249
G1 X55.029 Y59.299 E0.16725
G1 X55.163 Y59.245 E0.0024
G1 X55.3 Y59.024 E0.00432
G1 X55.3 Y58.094 E0.01547
G1 X53.9 Y56.928 E0.0303
G1 X53.9 Y58 E0.01783
G0 F7200 X53.869 Y58.108
G0 X53.796 Y58.157
G0 X54.552 Y58.32
G0 X46.8 Y58.443
G0 X46.051 Y56.586
G0 X46.051 Y44.731
G0 X46.14 Y41.604
;TYPE:SKIN
G1 F1457.5 X45.53 Y43.161 E0.03434
G1 X45.536 Y41.536 E0.03337
G1 F1411.8 X46.202 Y41.529 E0.01412
G1 X46.14 Y41.604 E0.00206
G0 F7200 X45.502 Y43.458
G1 F1621.6 X45.501 Y56.686 E0.24418
G0 F7200 X46.14 Y58.393
G1 F1406.2 X46.21 Y58.47 E0.00222
G1 X45.536 Y58.461 E0.01435
G1 F1454.5 X45.508 Y56.732 E0.03559
G1 X46.14 Y58.393 E0.03657
G0 F7200 X45.98 Y58.29
G1 F1500 E-6.5
G0 F7200 X55.07 Y58.57
G0 X56.165 Y58.57
G0 X63.835 Y58.57
G0 X73.8 Y58.57
;TYPE:WALL-INNER
G1 F1500 E6.5
G1 F4079.3 X67.1 Y58.575 E0.09833
G1 F3840 X66.542 Y58.223 E0.01029
G1 F3600 X65.9 Y56.615 E0.02879
G1 X65.9 Y43.5 E0.2181
G1 X65.942 Y43.277 E0.00377
G1 X66.542 Y41.777 E0.02687
G1 F3809.5 X67 Y41.43 E0.00903
G1 F4079.3 X73.7 Y41.425 E0.09833
G1 F3110.2 X74.281 Y41.63 E0.01186
G1 F2500 X74.387 Y42.029 E0.00989
G1 X74.812 Y41.674 E0.01326
G1 X74.812 Y41.188 E0.01164
G1 X74.524 Y41.188 E0.0069
G1 F3110.2 X73.7 Y41.075 E0.01601
G1 F4114.3 X67.1 Y41.075 E0.09604
G1 F3840 X66.084 Y41.1 E0.01584
G1 F3600 X65.101 Y41.101 E0.01635
G1 X65.1 Y58.9 E0.296
G1 X66.084 Y58.9 E0.01636
G1 F3840 X67.1 Y58.925 E0.01584
G1 F4079.3 X73.83 Y58.922 E0.09877
G1 F3090.1 X74.524 Y58.812 E0.01361
G1 F2500 X74.812 Y58.812 E0.0069
G1 X74.812 Y58.323 E0.01171
G1 X74.388 Y57.969 E0.01323
G1 X74.281 Y58.37 E0.00994
G1 F3090.1 X73.8 Y58.57 E0.01009
G0 F7200 X73.9 Y58
;TYPE:WALL-OUTER
G1 F1800 X73.869 Y58.108 E0.00187
G1 X73.735 Y58.198 E0.00268
G1 X67.1 Y58.2 E0.11034
G1 X66.914 Y58.075 E0.00373
G1 X66.302 Y56.535 E0.02756
G1 X66.3 Y43.46 E0.21744
G1 X66.914 Y41.925 E0.02749
G1 X67.065 Y41.802 E0.00324
G1 X73.7 Y41.8 E0.11034
G1 X73.869 Y41.892 E0.0032
G1 X73.9 Y42 E0.00187
G1 X73.899 Y43.072 E0.01783
G1 X75.3 Y41.902 E0.03035
G1 X75.3 Y40.968 E0.01553
G1 X75.168 Y40.756 E0.00415
G1 X75.026 Y40.7 E0.00254
G1 X64.967 Y40.7 E0.16728
G1 X64.755 Y40.833 E0.00416
G1 X64.7 Y40.971 E0.00247
G1 X64.7 Y59.029 E0.30031
G1 X64.834 Y59.242 E0.00418
G1 X64.972 Y59.3 E0.00249
G1 X75.029 Y59.299 E0.16725
G1 X75.163 Y59.245 E0.0024
G1 X75.3 Y59.024 E0.00432
G1 X75.3 Y58.094 E0.01547
G1 X73.9 Y56.928 E0.0303
G1 X73.9 Y58 E0.01783
G0 F7200 X73.869 Y58.108
G0 X73.796 Y58.157
G0 X74.552 Y58.32
G0 X66.8 Y58.443
G0 X66.051 Y56.586
G0 X66.051 Y44.731
G0 X66.14 Y41.604
;TYPE:SKIN
G1 F1457.5 X65.53 Y43.161 E0.03434
G1 X65.536 Y41.536 E0.03337
G1 F1411.8 X66.202 Y41.529 E0.01412
G1 X66.14 Y41.604 E0.00206
G0 F7200 X65.502 Y43.458
G1 F1621.6 X65.501 Y56.686 E0.24418
G0 F7200 X66.14 Y58.393
G1 F1406.2 X66.21 Y58.47 E0.00222
G1 X65.536 Y58.461 E0.01435
G1 F1454.5 X65.508 Y56.732 E0.03559
G1 X66.14 Y58.393 E0.03657
G0 F7200 X65.98 Y58.29
G1 F1500 E-6.5
;MESH:NONMESH
G0 F600 X65.98 Y58.29 Z7.9
G0 F7200 X64.93 Y58.57
G0 X63.835 Y58.57
G0 X55.2 Y60.164
G0 X44.804 Y60.164
G0 X36.165 Y58.57
G0 X33.8 Y58.57
;TIME_ELAPSED:1368.391162
;LAYER:76
;TYPE:WALL-INNER
;MESH:pin.stl
G1 F1500 E6.5
G1 F4079.3 X27.1 Y58.575 E0.09833
G1 F3840 X26.542 Y58.223 E0.01029
G1 F3600 X25.9 Y56.615 E0.02879
G1 X25.9 Y43.5 E0.2181
G1 X25.942 Y43.277 E0.00377
G1 X26.542 Y41.777 E0.02687
G1 F3809.5 X27 Y41.43 E0.00903
G1 F4079.3 X33.7 Y41.425 E0.09833
G1 F3110.2 X34.281 Y41.63 E0.01186
G1 F2500 X34.387 Y42.029 E0.00989
G1 X34.812 Y41.674 E0.01326
G1 X34.812 Y41.188 E0.01164
G1 X34.524 Y41.188 E0.0069
G1 F3110.2 X33.7 Y41.075 E0.01601
G1 F4114.3 X27.1 Y41.075 E0.09604
G1 F3840 X26.084 Y41.1 E0.01584
G1 F3600 X25.101 Y41.101 E0.01635
G1 X25.1 Y58.9 E0.296
G1 X26.084 Y58.9 E0.01636
G1 F3840 X27.1 Y58.925 E0.01584
G1 F4079.3 X33.83 Y58.922 E0.09877
G1 F3090.1 X34.524 Y58.812 E0.01361
G1 F2500 X34.811 Y58.811 E0.00687
G1 X34.812 Y58.323 E0.01169
G1 X34.388 Y57.969 E0.01323
G1 X34.281 Y58.37 E0.00994
G1 F3090.1 X33.8 Y58.57 E0.01009
G0 F7200 X33.9 Y58
;TYPE:WALL-OUTER
G1 F1800 X33.869 Y58.108 E0.00187
G1 X33.735 Y58.198 E0.00268
G1 X27.1 Y58.2 E0.11034
G1 X26.914 Y58.075 E0.00373
G1 X26.302 Y56.535 E0.02756
G1 X26.3 Y43.46 E0.21744
G1 X26.914 Y41.925 E0.02749
G1 X27.065 Y41.802 E0.00324
G1 X33.7 Y41.8 E0.11034
G1 X33.869 Y41.892 E0.0032
G1 X33.9 Y42 E0.00187
G1 X33.899 Y43.072 E0.01783
G1 X35.3 Y41.902 E0.03035
G1 X35.3 Y40.969 E0.01552
G1 X35.166 Y40.755 E0.0042
G1 X35.026 Y40.7 E0.0025
G1 X24.967 Y40.7 E0.16728
G1 X24.755 Y40.833 E0.00416
G1 X24.7 Y40.971 E0.00247
G1 X24.7 Y59.029 E0.30031
G1 X24.834 Y59.242 E0.00418
G1 X24.972 Y59.3 E0.00249
G1 X35.027 Y59.299 E0.16722
G1 X35.242 Y59.165 E0.00421
G1 X35.299 Y59.024 E0.00253
G1 X35.3 Y58.094 E0.01547
G1 X33.9 Y56.928 E0.0303
G1 X33.9 Y58 E0.01783
G0 F7200 X33.869 Y58.108
G0 X33.796 Y58.157
G0 X34.552 Y58.32
G0 X26.8 Y58.443
G0 X26.051 Y56.586
G0 X26.051 Y44.731
G0 X26.14 Y41.604
;TYPE:SKIN
G1 F1457.5 X25.53 Y43.161 E0.03434
G1 X25.536 Y41.536 E0.03337
G1 F1411.8 X26.202 Y41.529 E0.01412
G1 X26.14 Y41.604 E0.00206
G0 F7200 X25.502 Y43.458
G1 F1621.6 X25.501 Y56.686 E0.24418
G0 F7200 X26.14 Y58.393
G1 F1406.2 X26.21 Y58.47 E0.00222
G1 X25.536 Y58.461 E0.01435
G1 F1454.5 X25.508 Y56.732 E0.03559
G1 X26.14 Y58.393 E0.03657
G0 F7200 X25.98 Y58.29
G1 F1500 E-6.5
G0 F7200 X35.07 Y58.57
G0 X36.165 Y58.57
G0 X43.835 Y58.57
G0 X53.8 Y58.57
;TYPE:WALL-INNER
G1 F1500 E6.5
G1 F4079.3 X47.1 Y58.575 E0.09833
G1 F3840 X46.542 Y58.223 E0.01029
G1 F3600 X45.9 Y56.615 E0.02879
G1 X45.9 Y43.5 E0.2181
G1 X45.942 Y43.277 E0.00377
G1 X46.542 Y41.777 E0.02687
G1 F3809.5 X47 Y41.43 E0.00903
G1 F4079.3 X53.7 Y41.425 E0.09833
G1 F3110.2 X54.281 Y41.63 E0.01186
G1 F2500 X54.387 Y42.029 E0.00989
G1 X54.812 Y41.674 E0.01326
G1 X54.812 Y41.188 E0.01164
G1 X54.524 Y41.188 E0.0069
G1 F3110.2 X53.7 Y41.075 E0.01601
G1 F4114.3 X47.1 Y41.075 E0.09604
G1 F3840 X46.084 Y41.1 E0.01584
G1 F3600 X45.101 Y41.101 E0.01635
G1 X45.1 Y58.9 E0.296
G1 X46.084 Y58.9 E0.01636
G1 F3840 X47.1 Y58.925 E0.01584
G1 F4079.3 X53.83 Y58.922 E0.09877
G1 F3090.1 X54.524 Y58.812 E0.01361
G1 F2500 X54.811 Y58.811 E0.00687
G1 X54.812 Y58.323 E0.01169
G1 X54.388 Y57.969 E0.01323
G1 X54.281 Y58.37 E0.00994
G1 F3090.1 X53.8 Y58.57 E0.01009
G0 F7200 X53.9 Y58
;TYPE:WALL-OUTER
G1 F1800 X53.869 Y58.108 E0.00187
G1 X53.735 Y58.198 E0.00268
G1 X47.1 Y58.2 E0.11034
G1 X46.914 Y58.075 E0.00373
G1 X46.302 Y56.535 E0.02756
G1 X46.3 Y43.46 E0.21744
G1 X46.914 Y41.925 E0.02749
G1 X47.065 Y41.802 E0.00324
G1 X53.7 Y41.8 E0.11034
G1 X53.869 Y41.892 E0.0032
G1 X53.9 Y42 E0.00187
G1 X53.899 Y43.072 E0.01783
G1 X55.3 Y41.902 E0.03035
G1 X55.3 Y40.969 E0.01552
G1 X55.166 Y40.755 E0.0042
G1 X55.026 Y40.7 E0.0025
G1 X44.967 Y40.7 E0.16728
G1 X44.755 Y40.833 E0.00416
G1 X44.7 Y40.971 E0.00247
G1 X44.7 Y59.029 E0.30031
G1 X44.834 Y59.242 E0.00418
G1 X44.972 Y59.3 E0.00249
G1 X55.027 Y59.299 E0.16722
G1 X55.242 Y59.165 E0.00421
G1 X55.299 Y59.024 E0.00253
G1 X55.3 Y58.094 E0.01547
G1 X53.9 Y56.928 E0.0303
G1 X53.9 Y58 E0.01783
G0 F7200 X53.869 Y58.108
G0 X53.796 Y58.157
G0 X54.552 Y58.32
G0 X46.8 Y58.443
G0 X46.051 Y56.586
G0 X46.051 Y44.731
G0 X46.14 Y41.604
;TYPE:SKIN
G1 F1457.5 X45.53 Y43.161 E0.03434
G1 X45.536 Y41.536 E0.03337
G1 F1411.8 X46.202 Y41.529 E0.01412
G1 X46.14 Y41.604 E0.00206
G0 F7200 X45.502 Y43.458
G1 F1621.6 X45.501 Y56.686 E0.24418
G0 F7200 X46.14 Y58.393
G1 F1406.2 X46.21 Y58.47 E0.00222
G1 X45.536 Y58.461 E0.01435
G1 F1454.5 X45.508 Y56.732 E0.03559
G1 X46.14 Y58.393 E0.03657
G0 F7200 X45.98 Y58.29
G1 F1500 E-6.5
G0 F7200 X55.07 Y58.57
G0 X56.165 Y58.57
G0 X63.835 Y58.57
G0 X73.8 Y58.57
;TYPE:WALL-INNER
G1 F1500 E6.5
G1 F4079.3 X67.1 Y58.575 E0.09833
G1 F3840 X66.542 Y58.223 E0.01029
G1 F3600 X65.9 Y56.615 E0.02879
G1 X65.9 Y43.5 E0.2181
G1 X65.942 Y43.277 E0.00377
G1 X66.542 Y41.777 E0.02687
G1 F3809.5 X67 Y41.43 E0.00903
G1 F4079.3 X73.7 Y41.425 E0.09833
G1 F3110.2 X74.281 Y41.63 E0.01186
G1 F2500 X74.387 Y42.029 E0.00989
G1 X74.812 Y41.674 E0.01326
G1 X74.812 Y41.188 E0.01164
G1 X74.524 Y41.188 E0.0069
G1 F3110.2 X73.7 Y41.075 E0.01601
G1 F4114.3 X67.1 Y41.075 E0.09604
G1 F3840 X66.084 Y41.1 E0.01584
G1 F3600 X65.101 Y41.101 E0.01635
G1 X65.1 Y58.9 E0.296
G1 X66.084 Y58.9 E0.01636
G1 F3840 X67.1 Y58.925 E0.01584
G1 F4079.3 X73.83 Y58.922 E0.09877
G1 F3090.1 X74.524 Y58.812 E0.01361
G1 F2500 X74.811 Y58.811 E0.00687
G1 X74.812 Y58.323 E0.01169
G1 X74.388 Y57.969 E0.01323
G1 X74.281 Y58.37 E0.00994
G1 F3090.1 X73.8 Y58.57 E0.01009
G0 F7200 X73.9 Y58
;TYPE:WALL-OUTER
G1 F1800 X73.869 Y58.108 E0.00187
G1 X73.735 Y58.198 E0.00268
G1 X67.1 Y58.2 E0.11034
G1 X66.914 Y58.075 E0.00373
G1 X66.302 Y56.535 E0.02756
G1 X66.3 Y43.46 E0.21744
G1 X66.914 Y41.925 E0.02749
G1 X67.065 Y41.802 E0.00324
G1 X73.7 Y41.8 E0.11034
G1 X73.869 Y41.892 E0.0032
G1 X73.9 Y42 E0.00187
G1 X73.899 Y43.072 E0.01783
G1 X75.3 Y41.902 E0.03035
G1 X75.3 Y40.969 E0.01552
G1 X75.166 Y40.755 E0.0042
G1 X75.026 Y40.7 E0.0025
G1 X64.967 Y40.7 E0.16728
G1 X64.755 Y40.833 E0.00416
G1 X64.7 Y40.971 E0.00247
G1 X64.7 Y59.029 E0.30031
G1 X64.834 Y59.242 E0.00418
G1 X64.972 Y59.3 E0.00249
G1 X75.027 Y59.299 E0.16722
G1 X75.242 Y59.165 E0.00421
G1 X75.299 Y59.024 E0.00253
G1 X75.3 Y58.094 E0.01547
G1 X73.9 Y56.928 E0.0303
G1 X73.9 Y58 E0.01783
G0 F7200 X73.869 Y58.108
G0 X73.796 Y58.157
G0 X74.552 Y58.32
G0 X66.8 Y58.443
G0 X66.051 Y56.586
G0 X66.051 Y44.731
G0 X66.14 Y41.604
;TYPE:SKIN
G1 F1457.5 X65.53 Y43.161 E0.03434
G1 X65.536 Y41.536 E0.03337
G1 F1411.8 X66.202 Y41.529 E0.01412
G1 X66.14 Y41.604 E0.00206
G0 F7200 X65.502 Y43.458
G1 F1621.6 X65.501 Y56.686 E0.24418
G0 F7200 X66.14 Y58.393
G1 F1406.2 X66.21 Y58.47 E0.00222
G1 X65.536 Y58.461 E0.01435
G1 F1454.5 X65.508 Y56.732 E0.03559
G1 X66.14 Y58.393 E0.03657
G0 F7200 X65.98 Y58.29
G1 F1500 E-6.5
;MESH:NONMESH
G0 F600 X65.98 Y58.29 Z8
G0 F7200 X64.93 Y58.57
G0 X63.835 Y58.57
G0 X55.204 Y60.164
G0 X44.808 Y60.164
G0 X36.165 Y58.57
G0 X33.8 Y58.57
;TIME_ELAPSED:1386.191543
;LAYER:77
;TYPE:WALL-INNER
;MESH:pin.stl
G1 F1500 E6.5
G1 F4079.3 X27.1 Y58.575 E0.09833
G1 F3840 X26.542 Y58.223 E0.01029
G1 F3600 X25.9 Y56.615 E0.02879
G1 X25.9 Y43.5 E0.2181
G1 X25.942 Y43.277 E0.00377
G1 X26.542 Y41.777 E0.02687
G1 F3809.5 X27 Y41.43 E0.00903
G1 F4079.3 X33.7 Y41.425 E0.09833
G1 F3110.2 X34.281 Y41.63 E0.01186
G1 F2500 X34.387 Y42.029 E0.00989
G1 X34.812 Y41.674 E0.01326
G1 X34.812 Y41.188 E0.01164
G1 X34.524 Y41.188 E0.0069
G1 F3110.2 X33.7 Y41.075 E0.01601
G1 F4114.3 X27.1 Y41.075 E0.09604
G1 F3840 X26.084 Y41.1 E0.01584
G1 F3600 X25.101 Y41.101 E0.01635
G1 X25.1 Y58.9 E0.296
G1 X26.084 Y58.9 E0.01636
G1 F3840 X27.1 Y58.925 E0.01584
G1 F4079.3 X33.83 Y58.922 E0.09877
G1 F3090.1 X34.524 Y58.812 E0.01361
G1 F2500 X34.812 Y58.812 E0.0069
G1 X34.812 Y58.323 E0.01171
G1 X34.388 Y57.969 E0.01323
G1 X34.281 Y58.37 E0.00994
G1 F3090.1 X33.8 Y58.57 E0.01009
G0 F7200 X33.9 Y58
;TYPE:WALL-OUTER
G1 F1800 X33.869 Y58.108 E0.00187
G1 X33.735 Y58.198 E0.00268
G1 X27.1 Y58.2 E0.11034
G1 X26.914 Y58.075 E0.00373
G1 X26.302 Y56.535 E0.02756
G1 X26.3 Y43.46 E0.21744
G1 X26.914 Y41.925 E0.02749
G1 X27.065 Y41.802 E0.00324
G1 X33.7 Y41.8 E0.11034
G1 X33.869 Y41.892 E0.0032
G1 X33.9 Y42 E0.00187
G1 X33.899 Y43.072 E0.01783
G1 X35.3 Y41.902 E0.03035
G1 X35.3 Y41.025 E0.01458
G1 X35.213 Y40.799 E0.00403
G1 X35.016 Y40.7 E0.00367
G1 X25.016 Y40.7 E0.1663
G1 X24.799 Y40.786 E0.00388
G1 X24.7 Y40.98 E0.00362
G1 X24.7 Y58.981 E0.29936
G1 X24.786 Y59.201 E0.00393
G1 X24.98 Y59.3 E0.00362
G1 X34.978 Y59.3 E0.16627
G1 X35.201 Y59.213 E0.00398
G1 X35.3 Y59.016 E0.00367
G1 X35.3 Y58.094 E0.01533
G1 X33.9 Y56.928 E0.0303
G1 X33.9 Y58 E0.01783
G0 F7200 X33.869 Y58.108
G0 X33.796 Y58.157
G0 X34.552 Y58.32
G0 X26.8 Y58.443
G0 X26.051 Y56.586
G0 X26.051 Y44.731
G0 X26.14 Y41.604
;TYPE:SKIN
G1 F1457.5 X25.53 Y43.161 E0.03434
G1 X25.536 Y41.536 E0.03337
G1 F1411.8 X26.202 Y41.529 E0.01412
G1 X26.14 Y41.604 E0.00206
G0 F7200 X25.502 Y43.458
G1 F1621.6 X25.501 Y56.686 E0.24418
G0 F7200 X26.14 Y58.393
G1 F1406.2 X26.21 Y58.47 E0.00222
G1 X25.536 Y58.461 E0.01435
G1 F1454.5 X25.508 Y56.732 E0.03559
G1 X26.14 Y58.393 E0.03657
G0 F7200 X25.98 Y58.29
G1 F1500 E-6.5
G0 F7200 X35.07 Y58.57
G0 X36.165 Y58.57
G0 X43.835 Y58.57
G0 X53.8 Y58.57
;TYPE:WALL-INNER
G1 F1500 E6.5
G1 F4079.3 X47.1 Y58.575 E0.09833
G1 F3840 X46.542 Y58.223 E0.01029
G1 F3600 X45.9 Y56.615 E0.02879
G1 X45.9 Y43.5 E0.2181
G1 X45.942 Y43.277 E0.00377
G1 X46.542 Y41.777 E0.02687
G1 F3809.5 X47 Y41.43 E0.00903
G1 F4079.3 X53.7 Y41.425 E0.09833
G1 F3110.2 X54.281 Y41.63 E0.01186
G1 F2500 X54.387 Y42.029 E0.00989
G1 X54.812 Y41.674 E0.01326
G1 X54.812 Y41.188 E0.01164
G1 X54.524 Y41.188 E0.0069
G1 F3110.2 X53.7 Y41.075 E0.01601
G1 F4114.3 X47.1 Y41.075 E0.09604
G1 F3840 X46.084 Y41.1 E0.01584
G1 F3600 X45.101 Y41.101 E0.01635
G1 X45.1 Y58.9 E0.296
G1 X46.084 Y58.9 E0.01636
G1 F3840 X47.1 Y58.925 E0.01584
G1 F4079.3 X53.83 Y58.922 E0.09877
G1 F3090.1 X54.524 Y58.812 E0.01361
G1 F2500 X54.812 Y58.812 E0.0069
G1 X54.812 Y58.323 E0.01171
G1 X54.388 Y57.969 E0.01323
G1 X54.281 Y58.37 E0.00994
G1 F3090.1 X53.8 Y58.57 E0.01009
G0 F7200 X53.9 Y58
;TYPE:WALL-OUTER
G1 F1800 X53.869 Y58.108 E0.00187
G1 X53.735 Y58.198 E0.00268
G1 X47.1 Y58.2 E0.11034
G1 X46.914 Y58.075 E0.00373
G1 X46.302 Y56.535 E0.02756
G1 X46.3 Y43.46 E0.21744
G1 X46.914 Y41.925 E0.02749
G1 X47.065 Y41.802 E0.00324
G1 X53.7 Y41.8 E0.11034
G1 X53.869 Y41.892 E0.0032
G1 X53.9 Y42 E0.00187
G1 X53.899 Y43.072 E0.01783
G1 X55.3 Y41.902 E0.03035
G1 X55.3 Y41.025 E0.01458
G1 X55.213 Y40.799 E0.00403
G1 X55.016 Y40.7 E0.00367
G1 X45.016 Y40.7 E0.1663
G1 X44.799 Y40.786 E0.00388
G1 X44.7 Y40.98 E0.00362
G1 X44.7 Y58.981 E0.29936
G1 X44.786 Y59.201 E0.00393
G1 X44.98 Y59.3 E0.00362
G1 X54.978 Y59.3 E0.16627
G1 X55.201 Y59.213 E0.00398
G1 X55.3 Y59.016 E0.00367
G1 X55.3 Y58.094 E0.01533
G1 X53.9 Y56.928 E0.0303
G1 X53.9 Y58 E0.01783
G0 F7200 X53.869 Y58.108
G0 X53.796 Y58.157
G0 X54.552 Y58.32
G0 X46.8 Y58.443
G0 X46.051 Y56.586
G0 X46.051 Y44.731
G0 X46.14 Y41.604
;TYPE:SKIN
G1 F1457.5 X45.53 Y43.161 E0.03434
G1 X45.536 Y41.536 E0.03337
G1 F1411.8 X46.202 Y41.529 E0.01412
G1 X46.14 Y41.604 E0.00206
G0 F7200 X45.502 Y43.458
G1 F1621.6 X45.501 Y56.686 E0.24418
G0 F7200 X46.14 Y58.393
G1 F1406.2 X46.21 Y58.47 E0.00222
G1 X45.536 Y58.461 E0.01435
G1 F1454.5 X45.508 Y56.732 E0.03559
G1 X46.14 Y58.393 E0.03657
G0 F7200 X45.98 Y58.29
G1 F1500 E-6.5
G0 F7200 X55.07 Y58.57
G0 X56.165 Y58.57
G0 X63.835 Y58.57
G0 X73.8 Y58.57
;TYPE:WALL-INNER
G1 F1500 E6.5
G1 F4079.3 X67.1 Y58.575 E0.09833
G1 F3840 X66.542 Y58.223 E0.01029
G1 F3600 X65.9 Y56.615 E0.02879
G1 X65.9 Y43.5 E0.2181
G1 X65.942 Y43.277 E0.00377
G1 X66.542 Y41.777 E0.02687
G1 F3809.5 X67 Y41.43 E0.00903
G1 F4079.3 X73.7 Y41.425 E0.09833
G1 F3110.2 X74.281 Y41.63 E0.01186
G1 F2500 X74.387 Y42.029 E0.00989
G1 X74.812 Y41.674 E0.01326
G1 X74.812 Y41.188 E0.01164
G1 X74.524 Y41.188 E0.0069
G1 F3110.2 X73.7 Y41.075 E0.01601
G1 F4114.3 X67.1 Y41.075 E0.09604
G1 F3840 X66.084 Y41.1 E0.01584
G1 F3600 X65.101 Y41.101 E0.01635
G1 X65.1 Y58.9 E0.296
G1 X66.084 Y58.9 E0.01636
G1 F3840 X67.1 Y58.925 E0.01584
G1 F4079.3 X73.83 Y58.922 E0.09877
G1 F3090.1 X74.524 Y58.812 E0.01361
G1 F2500 X74.812 Y58.812 E0.0069
G1 X74.812 Y58.323 E0.01171
G1 X74.388 Y57.969 E0.01323
G1 X74.281 Y58.37 E0.00994
G1 F3090.1 X73.8 Y58.57 E0.01009
G0 F7200 X73.9 Y58
;TYPE:WALL-OUTER
G1 F1800 X73.869 Y58.108 E0.00187
G1 X73.735 Y58.198 E0.00268
G1 X67.1 Y58.2 E0.11034
G1 X66.914 Y58.075 E0.00373
G1 X66.302 Y56.535 E0.02756
G1 X66.3 Y43.46 E0.21744
G1 X66.914 Y41.925 E0.02749
G1 X67.065 Y41.802 E0.00324
G1 X73.7 Y41.8 E0.11034
G1 X73.869 Y41.892 E0.0032
G1 X73.9 Y42 E0.00187
G1 X73.899 Y43.072 E0.01783
G1 X75.3 Y41.902 E0.03035
G1 X75.3 Y41.025 E0.01458
G1 X75.213 Y40.799 E0.00403
G1 X75.016 Y40.7 E0.00367
G1 X65.016 Y40.7 E0.1663
G1 X64.799 Y40.786 E0.00388
G1 X64.7 Y40.98 E0.00362
G1 X64.7 Y58.981 E0.29936
G1 X64.786 Y59.201 E0.00393
G1 X64.98 Y59.3 E0.00362
G1 X74.978 Y59.3 E0.16627
G1 X75.201 Y59.213 E0.00398
G1 X75.3 Y59.016 E0.00367
G1 X75.3 Y58.094 E0.01533
G1 X73.9 Y56.928 E0.0303
G1 X73.9 Y58 E0.01783
G0 F7200 X73.869 Y58.108
G0 X73.796 Y58.157
G0 X74.552 Y58.32
G0 X66.8 Y58.443
G0 X66.051 Y56.586
G0 X66.051 Y44.731
G0 X66.14 Y41.604
;TYPE:SKIN
G1 F1457.5 X65.53 Y43.161 E0.03434
G1 X65.536 Y41.536 E0.03337
G1 F1411.8 X66.202 Y41.529 E0.01412
G1 X66.14 Y41.604 E0.00206
G0 F7200 X65.502 Y43.458
G1 F1621.6 X65.501 Y56.686 E0.24418
G0 F7200 X66.14 Y58.393
G1 F1406.2 X66.21 Y58.47 E0.00222
G1 X65.536 Y58.461 E0.01435
G1 F1454.5 X65.508 Y56.732 E0.03559
G1 X66.14 Y58.393 E0.03657
G0 F7200 X65.98 Y58.29
;TIME_ELAPSED:1403.383530
G1 F1500 E-6.5
M82 ;absolute extrusion mode
M107
M104 S0
M140 S0
;Retract the filament
G92 E1
G1 E-1 F300
G28 X0 Y0
M84
M83 ;relative extrusion mode
M104 S0
;End of Gcode
;SETTING_3 {"global_quality": "[general]\\nversion = 4\\nname = Fine #2\\ndefini
;SETTING_3 tion = custom\\n\\n[metadata]\\ntype = quality_changes\\nquality_type
;SETTING_3  = normal\\nsetting_version = 25\\n\\n[values]\\nadhesion_type = none
;SETTING_3 \\n\\n", "extruder_quality": ["[general]\\nversion = 4\\nname = Fine 
;SETTING_3 #2\\ndefinition = fdmprinter\\n\\n[metadata]\\ntype = quality_changes
;SETTING_3 \\nquality_type = normal\\nsetting_version = 25\\nposition = 0\\n\\n[
;SETTING_3 values]\\n\\n"]}
