;FLAVOR:RepRap
;TIME:1671
;Filament used: 0.663201m
;Layer height: 0.1
;MINX:36.2
;MINY:39.847
;MINZ:0.3
;MAXX:63.8
;MAXY:60.153
;MAXZ:11
;TARGET_MACHINE.NAME:Unknown
;Generated with Cura_SteamEngine 5.10.2
T0
M104 S200
M109 S200
G28 ;Home
G1 Z15.0 F6000 ;Move the platform down 15mm
;Prime the extruder
G92 E0
G1 F200 E3
G92 E0
M82 ;absolute extrusion mode
M83 ;relative extrusion mode
G1 F1500 E-6.5
;LAYER_COUNT:108
;LAYER:0
M107
;MESH:pin.stl
G0 F3600 X43.4 Y58.756 Z0.3
;TYPE:WALL-INNER
G1 F1500 E6.5
G1 F1800 X43.4 Y41.24 E0.87388
G1 X36.6 Y41.24 E0.33925
G1 X36.6 Y58.756 E0.87388
G1 X43.4 Y58.756 E0.33925
G0 F3600 X43.8 Y59.156
;TYPE:WALL-OUTER
G1 F1800 X43.8 Y40.84 E0.91379
G1 X36.2 Y40.84 E0.37917
G1 X36.2 Y59.156 E0.91379
G1 X43.8 Y59.156 E0.37917
G0 F3600 X43.8 Y58.956
G0 X43.02 Y58.376
;TYPE:SKIN
G1 F1800 X36.98 Y58.376 E0.30134
G1 X36.98 Y41.62 E0.83596
G1 X43.02 Y41.62 E0.30134
G1 X43.02 Y58.376 E0.83596
G0 F3600 X37.245 Y58.176
G1 F1800 X37.18 Y58.11 E0.00462
G0 F3600 X37.18 Y57.544
G1 F1800 X37.811 Y58.176 E0.04456
G0 F3600 X38.377 Y58.176
G1 F1800 X37.18 Y56.979 E0.08445
G0 F3600 X37.18 Y56.413
G1 F1800 X38.942 Y58.176 E0.12435
G0 F3600 X39.508 Y58.176
G1 F1800 X37.18 Y55.847 E0.16429
G0 F3600 X37.18 Y55.282
G1 F1800 X40.074 Y58.176 E0.20419
G0 F3600 X40.64 Y58.176
G1 F1800 X37.18 Y54.716 E0.24412
G0 F3600 X37.18 Y54.15
G1 F1800 X41.205 Y58.176 E0.28402
G0 F3600 X41.771 Y58.176
G1 F1800 X37.18 Y53.585 E0.32392
G0 F3600 X37.18 Y53.019
G1 F1800 X42.337 Y58.176 E0.36385
G0 F3600 X42.82 Y58.094
G1 F1800 X37.18 Y52.453 E0.39797
G0 F3600 X37.18 Y51.887
G1 F1800 X42.82 Y57.528 E0.39797
G0 F3600 X42.82 Y56.962
G1 F1800 X37.18 Y51.322 E0.39793
G0 F3600 X37.18 Y50.756
G1 F1800 X42.82 Y56.397 E0.39797
G0 F3600 X42.82 Y55.831
G1 F1800 X37.18 Y50.19 E0.39797
G0 F3600 X37.18 Y49.625
G1 F1800 X42.82 Y55.265 E0.39793
G0 F3600 X42.82 Y54.7
G1 F1800 X37.18 Y49.059 E0.39797
G0 F3600 X37.18 Y48.493
G1 F1800 X42.82 Y54.134 E0.39797
G0 F3600 X42.82 Y53.568
G1 F1800 X37.18 Y47.928 E0.39793
G0 F3600 X37.18 Y47.362
G1 F1800 X42.82 Y53.003 E0.39797
G0 F3600 X42.82 Y52.437
G1 F1800 X37.18 Y46.796 E0.39797
G0 F3600 X37.18 Y46.231
G1 F1800 X42.82 Y51.871 E0.39793
G0 F3600 X42.82 Y51.306
G1 F1800 X37.18 Y45.665 E0.39797
G0 F3600 X37.18 Y45.099
G1 F1800 X42.82 Y50.74 E0.39797
G0 F3600 X42.82 Y50.174
G1 F1800 X37.18 Y44.534 E0.39793
G0 F3600 X37.18 Y43.968
G1 F1800 X42.82 Y49.608 E0.39793
G0 F3600 X42.82 Y49.043
G1 F1800 X37.18 Y43.402 E0.39797
G0 F3600 X37.18 Y42.837
G1 F1800 X42.82 Y48.477 E0.39793
G0 F3600 X42.82 Y47.911
G1 F1800 X37.18 Y42.271 E0.39793
G0 F3600 X37.295 Y41.82
G1 F1800 X42.82 Y47.346 E0.38985
G0 F3600 X42.82 Y46.78
G1 F1800 X37.861 Y41.82 E0.34992
G0 F3600 X38.426 Y41.82
G1 F1800 X42.82 Y46.214 E0.31002
G0 F3600 X42.82 Y45.649
G1 F1800 X38.992 Y41.82 E0.27012
G0 F3600 X39.558 Y41.82
G1 F1800 X42.82 Y45.083 E0.23019
G0 F3600 X42.82 Y44.517
G1 F1800 X40.123 Y41.82 E0.19029
G0 F3600 X40.689 Y41.82
G1 F1800 X42.82 Y43.952 E0.15039
G0 F3600 X42.82 Y43.386
G1 F1800 X41.255 Y41.82 E0.11045
G0 F3600 X41.82 Y41.82
G1 F1800 X42.82 Y42.82 E0.07056
G0 F3600 X42.82 Y42.255
G1 F1800 X42.386 Y41.82 E0.03066
G0 F3600 X42.385 Y41.853
G1 F1500 E-6.5
G0 F3600 X43.57 Y58.477
G0 X44.665 Y58.477
G0 X46.43 Y58.477
G0 X53.09 Y58.477
G0 X53.4 Y58.756
;TYPE:WALL-INNER
G1 F1500 E6.5
G1 F1800 X53.4 Y41.24 E0.87388
G1 X46.6 Y41.24 E0.33925
G1 X46.6 Y58.756 E0.87388
G1 X53.4 Y58.756 E0.33925
G0 F3600 X53.8 Y59.156
;TYPE:WALL-OUTER
G1 F1800 X53.8 Y40.84 E0.91379
G1 X46.2 Y40.84 E0.37917
G1 X46.2 Y59.156 E0.91379
G1 X53.8 Y59.156 E0.37917
G0 F3600 X53.8 Y58.956
G0 X53.02 Y58.376
;TYPE:SKIN
G1 F1800 X46.98 Y58.376 E0.30134
G1 X46.98 Y41.62 E0.83596
G1 X53.02 Y41.62 E0.30134
G1 X53.02 Y58.376 E0.83596
G0 F3600 X47.18 Y57.928
G1 F1800 X47.428 Y58.176 E0.0175
G0 F3600 X47.993 Y58.176
G1 F1800 X47.18 Y57.363 E0.05736
G0 F3600 X47.18 Y56.797
G1 F1800 X48.559 Y58.176 E0.0973
G0 F3600 X49.125 Y58.176
G1 F1800 X47.18 Y56.231 E0.13723
G0 F3600 X47.18 Y55.666
G1 F1800 X49.691 Y58.176 E0.17713
G0 F3600 X50.256 Y58.176
G1 F1800 X47.18 Y55.1 E0.21703
G0 F3600 X47.18 Y54.534
G1 F1800 X50.822 Y58.176 E0.25696
G0 F3600 X51.388 Y58.176
G1 F1800 X47.18 Y53.969 E0.29686
G0 F3600 X47.18 Y53.403
G1 F1800 X51.953 Y58.176 E0.33676
G0 F3600 X52.519 Y58.176
G1 F1800 X47.18 Y52.837 E0.3767
G0 F3600 X47.18 Y52.271
G1 F1800 X52.82 Y57.911 E0.39793
G0 F3600 X52.82 Y57.346
G1 F1800 X47.18 Y51.706 E0.39793
G0 F3600 X47.18 Y51.14
G1 F1800 X52.82 Y56.78 E0.39793
G0 F3600 X52.82 Y56.214
G1 F1800 X47.18 Y50.574 E0.39793
G0 F3600 X47.18 Y50.009
G1 F1800 X52.82 Y55.649 E0.39793
G0 F3600 X52.82 Y55.083
G1 F1800 X47.18 Y49.443 E0.39793
G0 F3600 X47.18 Y48.877
G1 F1800 X52.82 Y54.517 E0.39793
G0 F3600 X52.82 Y53.952
G1 F1800 X47.18 Y48.312 E0.39793
G0 F3600 X47.18 Y47.746
G1 F1800 X52.82 Y53.386 E0.39793
G0 F3600 X52.82 Y52.82
G1 F1800 X47.18 Y47.18 E0.39793
G0 F3600 X47.18 Y46.615
G1 F1800 X52.82 Y52.254 E0.3979
G0 F3600 X52.82 Y51.689
G1 F1800 X47.18 Y46.049 E0.39793
G0 F3600 X47.18 Y45.483
G1 F1800 X52.82 Y51.123 E0.39793
G0 F3600 X52.82 Y50.557
G1 F1800 X47.18 Y44.918 E0.3979
G0 F3600 X47.18 Y44.352
G1 F1800 X52.82 Y49.992 E0.39793
G0 F3600 X52.82 Y49.426
G1 F1800 X47.18 Y43.786 E0.39793
G0 F3600 X47.18 Y43.22
G1 F1800 X52.82 Y48.86 E0.39793
G0 F3600 X52.82 Y48.295
G1 F1800 X47.18 Y42.655 E0.39793
G0 F3600 X47.18 Y42.089
G1 F1800 X52.82 Y47.729 E0.39793
G0 F3600 X52.82 Y47.163
G1 F1800 X47.477 Y41.82 E0.37698
G0 F3600 X48.043 Y41.82
G1 F1800 X52.82 Y46.598 E0.33708
G0 F3600 X52.82 Y46.032
G1 F1800 X48.609 Y41.82 E0.29714
G0 F3600 X49.174 Y41.82
G1 F1800 X52.82 Y45.466 E0.25724
G0 F3600 X52.82 Y44.901
G1 F1800 X49.74 Y41.82 E0.21735
G0 F3600 X50.306 Y41.82
G1 F1800 X52.82 Y44.335 E0.17741
G0 F3600 X52.82 Y43.769
G1 F1800 X50.871 Y41.82 E0.13751
G0 F3600 X51.437 Y41.82
G1 F1800 X52.82 Y43.204 E0.09761
G0 F3600 X52.82 Y42.638
G1 F1800 X52.003 Y41.82 E0.05768
G0 F3600 X52.568 Y41.82
G1 F1800 X52.82 Y42.072 E0.01778
G0 F3600 X52.79 Y42.072
G1 F1500 E-6.5
G0 F3600 X53.57 Y58.477
G0 X54.665 Y58.477
G0 X56.43 Y58.477
G0 X63.09 Y58.477
G0 X63.4 Y58.756
;TYPE:WALL-INNER
G1 F1500 E6.5
G1 F1800 X63.4 Y41.24 E0.87388
G1 X56.6 Y41.24 E0.33925
G1 X56.6 Y58.756 E0.87388
G1 X63.4 Y58.756 E0.33925
G0 F3600 X63.8 Y59.156
;TYPE:WALL-OUTER
G1 F1800 X63.8 Y40.84 E0.91379
G1 X56.2 Y40.84 E0.37917
G1 X56.2 Y59.156 E0.91379
G1 X63.8 Y59.156 E0.37917
G0 F3600 X63.8 Y58.956
G0 X63.02 Y58.376
;TYPE:SKIN
G1 F1800 X56.98 Y58.376 E0.30134
G1 X56.98 Y41.62 E0.83596
G1 X63.02 Y41.62 E0.30134
G1 X63.02 Y58.376 E0.83596
G0 F3600 X57.18 Y57.746
G1 F1800 X57.61 Y58.176 E0.03034
G0 F3600 X58.176 Y58.176
G1 F1800 X57.18 Y57.18 E0.07027
G0 F3600 X57.18 Y56.615
G1 F1800 X58.741 Y58.176 E0.11014
G0 F3600 X59.307 Y58.176
G1 F1800 X57.18 Y56.049 E0.15007
G0 F3600 X57.18 Y55.483
G1 F1800 X59.873 Y58.176 E0.19001
G0 F3600 X60.439 Y58.176
G1 F1800 X57.18 Y54.917 E0.22994
G0 F3600 X57.18 Y54.352
G1 F1800 X61.004 Y58.176 E0.2698
G0 F3600 X61.57 Y58.176
G1 F1800 X57.18 Y53.786 E0.30974
G0 F3600 X57.18 Y53.22
G1 F1800 X62.136 Y58.176 E0.34967
G0 F3600 X62.701 Y58.176
G1 F1800 X57.18 Y52.655 E0.38954
G0 F3600 X57.18 Y52.089
G1 F1800 X62.82 Y57.729 E0.39793
G0 F3600 X62.82 Y57.163
G1 F1800 X57.18 Y51.523 E0.39793
G0 F3600 X57.18 Y50.958
G1 F1800 X62.82 Y56.598 E0.39793
G0 F3600 X62.82 Y56.032
G1 F1800 X57.18 Y50.392 E0.39793
G0 F3600 X57.18 Y49.826
G1 F1800 X62.82 Y55.466 E0.39793
G0 F3600 X62.82 Y54.9
G1 F1800 X57.18 Y49.261 E0.3979
G0 F3600 X57.18 Y48.695
G1 F1800 X62.82 Y54.335 E0.39793
G0 F3600 X62.82 Y53.769
G1 F1800 X57.18 Y48.129 E0.39793
G0 F3600 X57.18 Y47.564
G1 F1800 X62.82 Y53.203 E0.3979
G0 F3600 X62.82 Y52.638
G1 F1800 X57.18 Y46.998 E0.39793
G0 F3600 X57.18 Y46.432
G1 F1800 X62.82 Y52.072 E0.39793
G0 F3600 X62.82 Y51.506
G1 F1800 X57.18 Y45.866 E0.39793
G0 F3600 X57.18 Y45.301
G1 F1800 X62.82 Y50.941 E0.39793
G0 F3600 X62.82 Y50.375
G1 F1800 X57.18 Y44.735 E0.39793
G0 F3600 X57.18 Y44.169
G1 F1800 X62.82 Y49.809 E0.39793
G0 F3600 X62.82 Y49.244
G1 F1800 X57.18 Y43.604 E0.39793
G0 F3600 X57.18 Y43.038
G1 F1800 X62.82 Y48.678 E0.39793
G0 F3600 X62.82 Y48.112
G1 F1800 X57.18 Y42.472 E0.39793
G0 F3600 X57.18 Y41.907
G1 F1800 X62.82 Y47.547 E0.39793
G0 F3600 X62.82 Y46.981
G1 F1800 X57.66 Y41.82 E0.3641
G0 F3600 X58.225 Y41.82
G1 F1800 X62.82 Y46.415 E0.3242
G0 F3600 X62.82 Y45.85
G1 F1800 X58.791 Y41.82 E0.2843
G0 F3600 X59.357 Y41.82
G1 F1800 X62.82 Y45.284 E0.24437
G0 F3600 X62.82 Y44.718
G1 F1800 X59.922 Y41.82 E0.20447
G0 F3600 X60.488 Y41.82
G1 F1800 X62.82 Y44.152 E0.16454
G0 F3600 X62.82 Y43.587
G1 F1800 X61.054 Y41.82 E0.12464
G0 F3600 X61.619 Y41.82
G1 F1800 X62.82 Y43.021 E0.08474
G0 F3600 X62.82 Y42.455
G1 F1800 X62.185 Y41.82 E0.0448
G0 F3600 X62.751 Y41.82
G1 F1800 X62.82 Y41.89 E0.0049
G0 F3600 X62.79 Y41.89
G1 F1500 E-6.5
;MESH:NONMESH
G0 F600 X62.79 Y41.89 Z0.4
G0 F3600 X56.43 Y58.477
G0 X55.335 Y58.477
G0 X54.653 Y60.01
G0 X45.347 Y60.011
G0 X44.665 Y58.477
G0 X43.57 Y58.477
G0 X43.4 Y58.872
;TIME_ELAPSED:46.519700
;LAYER:1
M106 S255
;TYPE:WALL-INNER
;MESH:pin.stl
G1 F1500 E6.5
G1 F2700 X43.4 Y41.124 E0.29515
G1 X36.6 Y41.124 E0.11308
G1 X36.6 Y58.872 E0.29515
G1 X43.4 Y58.872 E0.11308
G0 F5400 X43.8 Y59.272
;TYPE:WALL-OUTER
G1 F1800 X43.8 Y40.724 E0.30845
G1 X36.2 Y40.724 E0.12639
G1 X36.2 Y59.272 E0.30845
G1 X43.8 Y59.272 E0.12639
G0 F5400 X43.8 Y59.072
G0 X43.02 Y58.492
;TYPE:SKIN
G1 F1800 X36.98 Y58.492 E0.10045
G1 X36.98 Y41.504 E0.28251
G1 X43.02 Y41.504 E0.10045
G1 X43.02 Y58.492 E0.28251
G0 F5400 X42.4 Y58.292
G1 F1800 X42.82 Y57.872 E0.00988
G0 F5400 X42.82 Y57.307
G1 F1800 X41.835 Y58.292 E0.02317
G0 F5400 X41.269 Y58.292
G1 F1800 X42.82 Y56.741 E0.03648
G0 F5400 X42.82 Y56.175
G1 F1800 X40.703 Y58.292 E0.04979
G0 F5400 X40.138 Y58.292
G1 F1800 X42.82 Y55.61 E0.06308
G0 F5400 X42.82 Y55.044
G1 F1800 X39.572 Y58.292 E0.07639
G0 F5400 X39.006 Y58.292
G1 F1800 X42.82 Y54.478 E0.0897
G0 F5400 X42.82 Y53.913
G1 F1800 X38.44 Y58.292 E0.103
G0 F5400 X37.875 Y58.292
G1 F1800 X42.82 Y53.347 E0.1163
G0 F5400 X42.82 Y52.781
G1 F1800 X37.309 Y58.292 E0.12961
G0 F5400 X37.18 Y57.855
G1 F1800 X42.82 Y52.216 E0.13263
G0 F5400 X42.82 Y51.65
G1 F1800 X37.18 Y57.289 E0.13263
G0 F5400 X37.18 Y56.723
G1 F1800 X42.82 Y51.084 E0.13263
G0 F5400 X42.82 Y50.519
G1 F1800 X37.18 Y56.158 E0.13263
G0 F5400 X37.18 Y55.592
G1 F1800 X42.82 Y49.953 E0.13263
G0 F5400 X42.82 Y49.387
G1 F1800 X37.18 Y55.026 E0.13263
G0 F5400 X37.18 Y54.461
G1 F1800 X42.82 Y48.821 E0.13264
G0 F5400 X42.82 Y48.256
G1 F1800 X37.18 Y53.895 E0.13263
G0 F5400 X37.18 Y53.329
G1 F1800 X42.82 Y47.69 E0.13263
G0 F5400 X42.82 Y47.124
G1 F1800 X37.18 Y52.764 E0.13264
G0 F5400 X37.18 Y52.198
G1 F1800 X42.82 Y46.559 E0.13263
G0 F5400 X42.82 Y45.993
G1 F1800 X37.18 Y51.632 E0.13263
G0 F5400 X37.18 Y51.067
G1 F1800 X42.82 Y45.427 E0.13264
G0 F5400 X42.82 Y44.862
G1 F1800 X37.18 Y50.501 E0.13263
G0 F5400 X37.18 Y49.935
G1 F1800 X42.82 Y44.296 E0.13263
G0 F5400 X42.82 Y43.73
G1 F1800 X37.18 Y49.369 E0.13263
G0 F5400 X37.18 Y48.804
G1 F1800 X42.82 Y43.165 E0.13263
G0 F5400 X42.82 Y42.599
G1 F1800 X37.18 Y48.238 E0.13263
G0 F5400 X37.18 Y47.672
G1 F1800 X42.82 Y42.033 E0.13263
G0 F5400 X42.583 Y41.704
G1 F1800 X37.18 Y47.107 E0.12707
G0 F5400 X37.18 Y46.541
G1 F1800 X42.018 Y41.704 E0.11377
G0 F5400 X41.452 Y41.704
G1 F1800 X37.18 Y45.975 E0.10046
G0 F5400 X37.18 Y45.41
G1 F1800 X40.886 Y41.704 E0.08716
G0 F5400 X40.321 Y41.704
G1 F1800 X37.18 Y44.844 E0.07386
G0 F5400 X37.18 Y44.278
G1 F1800 X39.755 Y41.704 E0.06055
G0 F5400 X39.189 Y41.704
G1 F1800 X37.18 Y43.713 E0.04725
G0 F5400 X37.18 Y43.147
G1 F1800 X38.624 Y41.704 E0.03395
G0 F5400 X38.058 Y41.704
G1 F1800 X37.18 Y42.581 E0.02064
G0 F5400 X37.18 Y42.016
G1 F1800 X37.492 Y41.704 E0.00734
G0 F5400 X37.491 Y41.736
G1 F1500 E-6.5
G0 F5400 X43.57 Y58.594
G0 X44.665 Y58.594
G0 X46.43 Y58.594
G0 X53.09 Y58.594
G0 X53.4 Y58.872
;TYPE:WALL-INNER
G1 F1500 E6.5
G1 F2700 X53.4 Y41.124 E0.29515
G1 X46.6 Y41.124 E0.11308
G1 X46.6 Y58.872 E0.29515
G1 X53.4 Y58.872 E0.11308
G0 F5400 X53.8 Y59.272
;TYPE:WALL-OUTER
G1 F1800 X53.8 Y40.724 E0.30845
G1 X46.2 Y40.724 E0.12639
G1 X46.2 Y59.272 E0.30845
G1 X53.8 Y59.272 E0.12639
G0 F5400 X53.8 Y59.072
G0 X53.02 Y58.492
;TYPE:SKIN
G1 F1800 X46.98 Y58.492 E0.10045
G1 X46.98 Y41.504 E0.28251
G1 X53.02 Y41.504 E0.10045
G1 X53.02 Y58.492 E0.28251
G0 F5400 X52.583 Y58.292
G1 F1800 X52.82 Y58.054 E0.00559
G0 F5400 X52.82 Y57.488
G1 F1800 X52.017 Y58.292 E0.0189
G0 F5400 X51.451 Y58.292
G1 F1800 X52.82 Y56.923 E0.0322
G0 F5400 X52.82 Y56.357
G1 F1800 X50.886 Y58.292 E0.0455
G0 F5400 X50.32 Y58.292
G1 F1800 X52.82 Y55.791 E0.05881
G0 F5400 X52.82 Y55.226
G1 F1800 X49.754 Y58.292 E0.07211
G0 F5400 X49.188 Y58.292
G1 F1800 X52.82 Y54.66 E0.08542
G0 F5400 X52.82 Y54.094
G1 F1800 X48.623 Y58.292 E0.09872
G0 F5400 X48.057 Y58.292
G1 F1800 X52.82 Y53.529 E0.11202
G0 F5400 X52.82 Y52.963
G1 F1800 X47.491 Y58.292 E0.12533
G0 F5400 X47.18 Y58.037
G1 F1800 X52.82 Y52.397 E0.13264
G0 F5400 X52.82 Y51.832
G1 F1800 X47.18 Y57.472 E0.13264
G0 F5400 X47.18 Y56.906
G1 F1800 X52.82 Y51.266 E0.13264
G0 F5400 X52.82 Y50.7
G1 F1800 X47.18 Y56.34 E0.13264
G0 F5400 X47.18 Y55.774
G1 F1800 X52.82 Y50.135 E0.13263
G0 F5400 X52.82 Y49.569
G1 F1800 X47.18 Y55.209 E0.13264
G0 F5400 X47.18 Y54.643
G1 F1800 X52.82 Y49.003 E0.13264
G0 F5400 X52.82 Y48.438
G1 F1800 X47.18 Y54.077 E0.13263
G0 F5400 X47.18 Y53.512
G1 F1800 X52.82 Y47.872 E0.13264
G0 F5400 X52.82 Y47.306
G1 F1800 X47.18 Y52.946 E0.13264
G0 F5400 X47.18 Y52.38
G1 F1800 X52.82 Y46.74 E0.13264
G0 F5400 X52.82 Y46.175
G1 F1800 X47.18 Y51.815 E0.13264
G0 F5400 X47.18 Y51.249
G1 F1800 X52.82 Y45.609 E0.13264
G0 F5400 X52.82 Y45.043
G1 F1800 X47.18 Y50.683 E0.13264
G0 F5400 X47.18 Y50.118
G1 F1800 X52.82 Y44.478 E0.13264
G0 F5400 X52.82 Y43.912
G1 F1800 X47.18 Y49.552 E0.13264
G0 F5400 X47.18 Y48.986
G1 F1800 X52.82 Y43.346 E0.13264
G0 F5400 X52.82 Y42.781
G1 F1800 X47.18 Y48.421 E0.13264
G0 F5400 X47.18 Y47.855
G1 F1800 X52.82 Y42.215 E0.13264
G0 F5400 X52.766 Y41.704
G1 F1800 X47.18 Y47.289 E0.13136
G0 F5400 X47.18 Y46.723
G1 F1800 X52.2 Y41.704 E0.11805
G0 F5400 X51.634 Y41.704
G1 F1800 X47.18 Y46.158 E0.10475
G0 F5400 X47.18 Y45.592
G1 F1800 X51.069 Y41.704 E0.09145
G0 F5400 X50.503 Y41.704
G1 F1800 X47.18 Y45.026 E0.07814
G0 F5400 X47.18 Y44.461
G1 F1800 X49.937 Y41.704 E0.06484
G0 F5400 X49.372 Y41.704
G1 F1800 X47.18 Y43.895 E0.05154
G0 F5400 X47.18 Y43.329
G1 F1800 X48.806 Y41.704 E0.03823
G0 F5400 X48.24 Y41.704
G1 F1800 X47.18 Y42.764 E0.02493
G0 F5400 X47.18 Y42.198
G1 F1800 X47.675 Y41.704 E0.01163
G0 F5400 X47.674 Y41.736
G1 F1500 E-6.5
G0 F5400 X53.57 Y58.594
G0 X54.665 Y58.594
G0 X56.43 Y58.594
G0 X63.09 Y58.594
G0 X63.4 Y58.872
;TYPE:WALL-INNER
G1 F1500 E6.5
G1 F2700 X63.4 Y41.124 E0.29515
G1 X56.6 Y41.124 E0.11308
G1 X56.6 Y58.872 E0.29515
G1 X63.4 Y58.872 E0.11308
G0 F5400 X63.8 Y59.272
;TYPE:WALL-OUTER
G1 F1800 X63.8 Y40.724 E0.30845
G1 X56.2 Y40.724 E0.12639
G1 X56.2 Y59.272 E0.30845
G1 X63.8 Y59.272 E0.12639
G0 F5400 X63.8 Y59.072
G0 X63.02 Y58.492
;TYPE:SKIN
G1 F1800 X56.98 Y58.492 E0.10045
G1 X56.98 Y41.504 E0.28251
G1 X63.02 Y41.504 E0.10045
G1 X63.02 Y58.492 E0.28251
G0 F5400 X62.199 Y58.292
G1 F1800 X62.82 Y57.671 E0.0146
G0 F5400 X62.82 Y57.105
G1 F1800 X61.634 Y58.292 E0.0279
G0 F5400 X61.068 Y58.292
G1 F1800 X62.82 Y56.54 E0.0412
G0 F5400 X62.82 Y55.974
G1 F1800 X60.502 Y58.292 E0.05452
G0 F5400 X59.936 Y58.292
G1 F1800 X62.82 Y55.408 E0.06783
G0 F5400 X62.82 Y54.842
G1 F1800 X59.371 Y58.292 E0.08113
G0 F5400 X58.805 Y58.292
G1 F1800 X62.82 Y54.277 E0.09443
G0 F5400 X62.82 Y53.711
G1 F1800 X58.239 Y58.292 E0.10774
G0 F5400 X57.674 Y58.292
G1 F1800 X62.82 Y53.145 E0.12104
G0 F5400 X62.82 Y52.58
G1 F1800 X57.18 Y58.22 E0.13264
G0 F5400 X57.18 Y57.654
G1 F1800 X62.82 Y52.014 E0.13264
G0 F5400 X62.82 Y51.448
G1 F1800 X57.18 Y57.088 E0.13264
G0 F5400 X57.18 Y56.523
G1 F1800 X62.82 Y50.883 E0.13264
G0 F5400 X62.82 Y50.317
G1 F1800 X57.18 Y55.957 E0.13264
G0 F5400 X57.18 Y55.391
G1 F1800 X62.82 Y49.751 E0.13264
G0 F5400 X62.82 Y49.186
G1 F1800 X57.18 Y54.826 E0.13264
G0 F5400 X57.18 Y54.26
G1 F1800 X62.82 Y48.62 E0.13264
G0 F5400 X62.82 Y48.054
G1 F1800 X57.18 Y53.694 E0.13264
G0 F5400 X57.18 Y53.128
G1 F1800 X62.82 Y47.489 E0.13263
G0 F5400 X62.82 Y46.923
G1 F1800 X57.18 Y52.563 E0.13264
G0 F5400 X57.18 Y51.997
G1 F1800 X62.82 Y46.357 E0.13264
G0 F5400 X62.82 Y45.792
G1 F1800 X57.18 Y51.431 E0.13263
G0 F5400 X57.18 Y50.866
G1 F1800 X62.82 Y45.226 E0.13264
G0 F5400 X62.82 Y44.66
G1 F1800 X57.18 Y50.3 E0.13264
G0 F5400 X57.18 Y49.734
G1 F1800 X62.82 Y44.094 E0.13264
G0 F5400 X62.82 Y43.529
G1 F1800 X57.18 Y49.169 E0.13264
G0 F5400 X57.18 Y48.603
G1 F1800 X62.82 Y42.963 E0.13264
G0 F5400 X62.82 Y42.397
G1 F1800 X57.18 Y48.037 E0.13264
G0 F5400 X57.18 Y47.472
G1 F1800 X62.82 Y41.832 E0.13264
G0 F5400 X62.382 Y41.704
G1 F1800 X57.18 Y46.906 E0.12234
G0 F5400 X57.18 Y46.34
G1 F1800 X61.816 Y41.704 E0.10903
G0 F5400 X61.25 Y41.704
G1 F1800 X57.18 Y45.775 E0.09573
G0 F5400 X57.18 Y45.209
G1 F1800 X60.685 Y41.704 E0.08243
G0 F5400 X60.119 Y41.704
G1 F1800 X57.18 Y44.643 E0.06912
G0 F5400 X57.18 Y44.078
G1 F1800 X59.553 Y41.704 E0.05582
G0 F5400 X58.988 Y41.704
G1 F1800 X57.18 Y43.512 E0.04252
G0 F5400 X57.18 Y42.946
G1 F1800 X58.422 Y41.704 E0.02921
G0 F5400 X57.856 Y41.704
G1 F1800 X57.18 Y42.38 E0.0159
G0 F5400 X57.18 Y41.815
G1 F1800 X57.29 Y41.704 E0.0026
G0 F5400 X57.289 Y41.736
G1 F1500 E-6.5
;MESH:NONMESH
G0 F600 X57.289 Y41.736 Z0.5
G0 F5400 X56.43 Y58.594
G0 X55.335 Y58.594
G0 X54.653 Y60.127
G0 X45.347 Y60.128
G0 X44.665 Y58.594
G0 X43.57 Y58.594
G0 X43.4 Y58.892
;TIME_ELAPSED:88.500713
;LAYER:2
;TYPE:WALL-INNER
;MESH:pin.stl
G1 F1500 E6.5
G1 F3600 X43.4 Y41.104 E0.29582
G1 X36.6 Y41.104 E0.11308
G1 X36.6 Y58.895 E0.29587
G1 X43.4 Y58.892 E0.11308
G0 F7200 X43.8 Y59.292
;TYPE:WALL-OUTER
G1 F1800 X43.8 Y40.704 E0.30912
G1 X36.2 Y40.704 E0.12639
G1 X36.2 Y59.295 E0.30917
G1 X43.8 Y59.292 E0.12639
G0 F7200 X43.8 Y59.092
G0 X43.02 Y58.512
;TYPE:SKIN
G1 F1800 X36.98 Y58.512 E0.10045
G1 X36.98 Y41.484 E0.28318
G1 X43.02 Y41.484 E0.10045
G1 X43.02 Y58.512 E0.28318
G0 F7200 X37.381 Y58.312
G1 F1800 X37.18 Y58.11 E0.00474
G0 F7200 X37.18 Y57.544
G1 F1800 X37.947 Y58.312 E0.01805
G0 F7200 X38.513 Y58.312
G1 F1800 X37.18 Y56.979 E0.03135
G0 F7200 X37.18 Y56.413
G1 F1800 X39.078 Y58.312 E0.04465
G0 F7200 X39.644 Y58.312
G1 F1800 X37.18 Y55.847 E0.05796
G0 F7200 X37.18 Y55.282
G1 F1800 X40.21 Y58.312 E0.07126
G0 F7200 X40.775 Y58.312
G1 F1800 X37.18 Y54.716 E0.08456
G0 F7200 X37.18 Y54.15
G1 F1800 X41.341 Y58.312 E0.09787
G0 F7200 X41.907 Y58.312
G1 F1800 X37.18 Y53.585 E0.11117
G0 F7200 X37.18 Y53.019
G1 F1800 X42.472 Y58.312 E0.12447
G0 F7200 X42.82 Y58.094
G1 F1800 X37.18 Y52.453 E0.13266
G0 F7200 X37.18 Y51.887
G1 F1800 X42.82 Y57.528 E0.13266
G0 F7200 X42.82 Y56.962
G1 F1800 X37.18 Y51.322 E0.13264
G0 F7200 X37.18 Y50.756
G1 F1800 X42.82 Y56.397 E0.13266
G0 F7200 X42.82 Y55.831
G1 F1800 X37.18 Y50.19 E0.13266
G0 F7200 X37.18 Y49.625
G1 F1800 X42.82 Y55.265 E0.13264
G0 F7200 X42.82 Y54.7
G1 F1800 X37.18 Y49.059 E0.13266
G0 F7200 X37.18 Y48.493
G1 F1800 X42.82 Y54.134 E0.13266
G0 F7200 X42.82 Y53.568
G1 F1800 X37.18 Y47.928 E0.13264
G0 F7200 X37.18 Y47.362
G1 F1800 X42.82 Y53.003 E0.13266
G0 F7200 X42.82 Y52.437
G1 F1800 X37.18 Y46.796 E0.13266
G0 F7200 X37.18 Y46.231
G1 F1800 X42.82 Y51.871 E0.13264
G0 F7200 X42.82 Y51.306
G1 F1800 X37.18 Y45.665 E0.13266
G0 F7200 X37.18 Y45.099
G1 F1800 X42.82 Y50.74 E0.13266
G0 F7200 X42.82 Y50.174
G1 F1800 X37.18 Y44.534 E0.13264
G0 F7200 X37.18 Y43.968
G1 F1800 X42.82 Y49.608 E0.13264
G0 F7200 X42.82 Y49.043
G1 F1800 X37.18 Y43.402 E0.13266
G0 F7200 X37.18 Y42.837
G1 F1800 X42.82 Y48.477 E0.13264
G0 F7200 X42.82 Y47.911
G1 F1800 X37.18 Y42.271 E0.13264
G0 F7200 X37.18 Y41.705
G1 F1800 X42.82 Y47.346 E0.13266
G0 F7200 X42.82 Y46.78
G1 F1800 X37.724 Y41.684 E0.11985
G0 F7200 X38.29 Y41.684
G1 F1800 X42.82 Y46.214 E0.10654
G0 F7200 X42.82 Y45.649
G1 F1800 X38.856 Y41.684 E0.09324
G0 F7200 X39.421 Y41.684
G1 F1800 X42.82 Y45.083 E0.07994
G0 F7200 X42.82 Y44.517
G1 F1800 X39.987 Y41.684 E0.06663
G0 F7200 X40.553 Y41.684
G1 F1800 X42.82 Y43.952 E0.05333
G0 F7200 X42.82 Y43.386
G1 F1800 X41.118 Y41.684 E0.04003
G0 F7200 X41.684 Y41.684
G1 F1800 X42.82 Y42.82 E0.02672
G0 F7200 X42.82 Y42.255
G1 F1800 X42.25 Y41.684 E0.01342
G1 X42.18 Y41.614
G0 F7200 X42.18 Y41.714
G1 F1500 E-6.5
G0 F7200 X43.57 Y58.615
G0 X44.665 Y58.615
G0 X46.43 Y58.615
G0 X53.09 Y58.615
G0 X53.4 Y58.892
;TYPE:WALL-INNER
G1 F1500 E6.5
G1 F3600 X53.4 Y41.104 E0.29582
G1 X46.6 Y41.104 E0.11308
G1 X46.6 Y58.895 E0.29587
G1 X53.4 Y58.892 E0.11308
G0 F7200 X53.8 Y59.292
;TYPE:WALL-OUTER
G1 F1800 X53.8 Y40.704 E0.30912
G1 X46.2 Y40.704 E0.12639
G1 X46.2 Y59.295 E0.30917
G1 X53.8 Y59.292 E0.12639
G0 F7200 X53.8 Y59.092
G0 X53.02 Y58.512
;TYPE:SKIN
G1 F1800 X46.98 Y58.512 E0.10045
G1 X46.98 Y41.484 E0.28318
G1 X53.02 Y41.484 E0.10045
G1 X53.02 Y58.512 E0.28318
G0 F7200 X47.564 Y58.312
G1 F1800 X47.18 Y57.928 E0.00903
G0 F7200 X47.18 Y57.362
G1 F1800 X48.129 Y58.312 E0.02233
G0 F7200 X48.695 Y58.312
G1 F1800 X47.18 Y56.796 E0.03564
G0 F7200 X47.18 Y56.231
G1 F1800 X49.261 Y58.312 E0.04894
G0 F7200 X49.826 Y58.312
G1 F1800 X47.18 Y55.665 E0.06224
G0 F7200 X47.18 Y55.099
G1 F1800 X50.392 Y58.312 E0.07555
G0 F7200 X50.958 Y58.312
G1 F1800 X47.18 Y54.533 E0.08886
G0 F7200 X47.18 Y53.968
G1 F1800 X51.523 Y58.312 E0.10215
G0 F7200 X52.089 Y58.312
G1 F1800 X47.18 Y53.402 E0.11546
G0 F7200 X47.18 Y52.836
G1 F1800 X52.655 Y58.312 E0.12878
G0 F7200 X52.82 Y57.911
G1 F1800 X47.18 Y52.271 E0.13264
G0 F7200 X47.18 Y51.705
G1 F1800 X52.82 Y57.346 E0.13266
G0 F7200 X52.82 Y56.78
G1 F1800 X47.18 Y51.139 E0.13266
G0 F7200 X47.18 Y50.574
G1 F1800 X52.82 Y56.214 E0.13264
G0 F7200 X52.82 Y55.649
G1 F1800 X47.18 Y50.008 E0.13266
G0 F7200 X47.18 Y49.442
G1 F1800 X52.82 Y55.083 E0.13266
G0 F7200 X52.82 Y54.517
G1 F1800 X47.18 Y48.877 E0.13264
G0 F7200 X47.18 Y48.311
G1 F1800 X52.82 Y53.952 E0.13266
G0 F7200 X52.82 Y53.386
G1 F1800 X47.18 Y47.745 E0.13266
G0 F7200 X47.18 Y47.18
G1 F1800 X52.82 Y52.82 E0.13264
G0 F7200 X52.82 Y52.254
G1 F1800 X47.18 Y46.614 E0.13264
G0 F7200 X47.18 Y46.048
G1 F1800 X52.82 Y51.689 E0.13266
G0 F7200 X52.82 Y51.123
G1 F1800 X47.18 Y45.483 E0.13264
G0 F7200 X47.18 Y44.917
G1 F1800 X52.82 Y50.557 E0.13264
G0 F7200 X52.82 Y49.992
G1 F1800 X47.18 Y44.351 E0.13266
G0 F7200 X47.18 Y43.785
G1 F1800 X52.82 Y49.426 E0.13266
G0 F7200 X52.82 Y48.86
G1 F1800 X47.18 Y43.22 E0.13264
G0 F7200 X47.18 Y42.654
G1 F1800 X52.82 Y48.295 E0.13266
G0 F7200 X52.82 Y47.729
G1 F1800 X47.18 Y42.088 E0.13266
G0 F7200 X47.341 Y41.684
G1 F1800 X52.82 Y47.163 E0.12886
G0 F7200 X52.82 Y46.598
G1 F1800 X47.906 Y41.684 E0.11557
G0 F7200 X48.472 Y41.684
G1 F1800 X52.82 Y46.032 E0.10226
G0 F7200 X52.82 Y45.466
G1 F1800 X49.038 Y41.684 E0.08895
G0 F7200 X49.604 Y41.684
G1 F1800 X52.82 Y44.901 E0.07565
G0 F7200 X52.82 Y44.335
G1 F1800 X50.169 Y41.684 E0.06235
G0 F7200 X50.735 Y41.684
G1 F1800 X52.82 Y43.769 E0.04904
G0 F7200 X52.82 Y43.204
G1 F1800 X51.301 Y41.684 E0.03574
G0 F7200 X51.866 Y41.684
G1 F1800 X52.82 Y42.638 E0.02244
G0 F7200 X52.82 Y42.072
G1 F1800 X52.432 Y41.684 E0.00913
G0 F7200 X52.432 Y41.714
G1 F1500 E-6.5
G0 F7200 X53.57 Y58.615
G0 X54.665 Y58.615
G0 X56.43 Y58.615
G0 X63.09 Y58.615
G0 X63.4 Y58.892
;TYPE:WALL-INNER
G1 F1500 E6.5
G1 F3600 X63.4 Y41.104 E0.29582
G1 X56.6 Y41.104 E0.11308
G1 X56.6 Y58.895 E0.29587
G1 X63.4 Y58.892 E0.11308
G0 F7200 X63.8 Y59.292
;TYPE:WALL-OUTER
G1 F1800 X63.8 Y40.704 E0.30912
G1 X56.2 Y40.704 E0.12639
G1 X56.2 Y59.295 E0.30917
G1 X63.8 Y59.292 E0.12639
G0 F7200 X63.8 Y59.092
G0 X63.02 Y58.512
;TYPE:SKIN
G1 F1800 X56.98 Y58.512 E0.10045
G1 X56.98 Y41.484 E0.28318
G1 X63.02 Y41.484 E0.10045
G1 X63.02 Y58.512 E0.28318
G0 F7200 X57.746 Y58.312
G1 F1800 X57.179 Y57.745 E0.01333
G0 F7200 X57.179 Y57.179
G1 F1800 X58.312 Y58.312 E0.02665
G0 F7200 X58.877 Y58.312
G1 F1800 X57.179 Y56.614 E0.03993
G0 F7200 X57.179 Y56.048
G1 F1800 X59.443 Y58.312 E0.05325
G0 F7200 X60.009 Y58.312
G1 F1800 X57.179 Y55.482 E0.06656
G0 F7200 X57.179 Y54.917
G1 F1800 X60.574 Y58.312 E0.07985
G0 F7200 X61.14 Y58.312
G1 F1800 X57.179 Y54.351 E0.09316
G0 F7200 X57.179 Y53.785
G1 F1800 X61.706 Y58.312 E0.10647
G0 F7200 X62.271 Y58.312
G1 F1800 X57.179 Y53.22 E0.11976
G0 F7200 X57.179 Y52.654
G1 F1800 X62.82 Y58.295 E0.13267
G0 F7200 X62.82 Y57.729
G1 F1800 X57.179 Y52.088 E0.13267
G0 F7200 X57.179 Y51.523
G1 F1800 X62.82 Y57.163 E0.13266
G0 F7200 X62.82 Y56.598
G1 F1800 X57.179 Y50.957 E0.13267
G0 F7200 X57.179 Y50.391
G1 F1800 X62.82 Y56.032 E0.13267
G0 F7200 X62.82 Y55.466
G1 F1800 X57.179 Y49.826 E0.13266
G0 F7200 X57.179 Y49.26
G1 F1800 X62.82 Y54.9 E0.13266
G0 F7200 X62.82 Y54.335
G1 F1800 X57.179 Y48.694 E0.13267
G0 F7200 X57.179 Y48.129
G1 F1800 X62.82 Y53.769 E0.13266
G0 F7200 X62.82 Y53.203
G1 F1800 X57.179 Y47.563 E0.13266
G0 F7200 X57.179 Y46.997
G1 F1800 X62.82 Y52.638 E0.13267
G0 F7200 X62.82 Y52.072
G1 F1800 X57.179 Y46.431 E0.13267
G0 F7200 X57.179 Y45.866
G1 F1800 X62.82 Y51.506 E0.13266
G0 F7200 X62.82 Y50.941
G1 F1800 X57.179 Y45.3 E0.13267
G0 F7200 X57.179 Y44.734
G1 F1800 X62.82 Y50.375 E0.13267
G0 F7200 X62.82 Y49.809
G1 F1800 X57.179 Y44.169 E0.13266
G0 F7200 X57.179 Y43.603
G1 F1800 X62.82 Y49.244 E0.13267
G0 F7200 X62.82 Y48.678
G1 F1800 X57.179 Y43.037 E0.13267
G0 F7200 X57.179 Y42.472
G1 F1800 X62.82 Y48.112 E0.13266
G0 F7200 X62.82 Y47.547
G1 F1800 X57.179 Y41.906 E0.13267
G0 F7200 X57.523 Y41.684
G1 F1800 X62.82 Y46.981 E0.12458
G0 F7200 X62.82 Y46.415
G1 F1800 X58.089 Y41.684 E0.11127
G0 F7200 X58.655 Y41.684
G1 F1800 X62.82 Y45.85 E0.09797
G0 F7200 X62.82 Y45.284
G1 F1800 X59.22 Y41.684 E0.08467
G0 F7200 X59.786 Y41.684
G1 F1800 X62.82 Y44.718 E0.07136
G0 F7200 X62.82 Y44.152
G1 F1800 X60.352 Y41.684 E0.05804
G0 F7200 X60.917 Y41.684
G1 F1800 X62.82 Y43.587 E0.04476
G0 F7200 X62.82 Y43.021
G1 F1800 X61.483 Y41.684 E0.03144
G0 F7200 X62.049 Y41.684
G1 F1800 X62.82 Y42.455 E0.01813
G0 F7200 X62.82 Y41.89
G1 F1800 X62.614 Y41.684 E0.00484
G0 F7200 X62.614 Y41.714
G1 F1500 E-6.5
;MESH:NONMESH
G0 F600 X62.614 Y41.714 Z0.6
G0 F7200 X56.43 Y58.615
G0 X55.335 Y58.615
G0 X54.653 Y60.148
G0 X45.347 Y60.149
G0 X44.665 Y58.615
G0 X43.57 Y58.615
G0 X43.4 Y58.9
;TIME_ELAPSED:129.831627
;LAYER:3
;TYPE:WALL-INNER
;MESH:pin.stl
G1 F1500 E6.5
G1 F3600 X43.4 Y41.1 E0.29602
G1 X36.6 Y41.1 E0.11308
G1 X36.6 Y58.9 E0.29602
G1 X43.4 Y58.9 E0.11308
G0 F7200 X43.8 Y59.3
;TYPE:WALL-OUTER
G1 F1800 X43.8 Y40.7 E0.30932
G1 X36.2 Y40.7 E0.12639
G1 X36.2 Y59.3 E0.30932
G1 X43.8 Y59.3 E0.12639
G0 F7200 X43.8 Y59.1
G0 X43.02 Y58.52
;TYPE:SKIN
G1 F1800 X36.98 Y58.52 E0.10045
G1 X36.98 Y41.48 E0.28338
G1 X43.02 Y41.48 E0.10045
G1 X43.02 Y58.52 E0.28338
G0 F7200 X42.372 Y58.32
G1 F1800 X42.82 Y57.872 E0.01054
G0 F7200 X42.82 Y57.306
G1 F1800 X41.806 Y58.32 E0.02385
G0 F7200 X41.241 Y58.32
G1 F1800 X42.82 Y56.74 E0.03715
G0 F7200 X42.82 Y56.175
G1 F1800 X40.675 Y58.32 E0.05045
G0 F7200 X40.109 Y58.32
G1 F1800 X42.82 Y55.609 E0.06376
G0 F7200 X42.82 Y55.043
G1 F1800 X39.544 Y58.32 E0.07706
G0 F7200 X38.978 Y58.32
G1 F1800 X42.82 Y54.478 E0.09036
G0 F7200 X42.82 Y53.912
G1 F1800 X38.412 Y58.32 E0.10367
G0 F7200 X37.846 Y58.32
G1 F1800 X42.82 Y53.346 E0.11698
G0 F7200 X42.82 Y52.781
G1 F1800 X37.281 Y58.32 E0.13027
G0 F7200 X37.18 Y57.855
G1 F1800 X42.82 Y52.215 E0.13264
G0 F7200 X42.82 Y51.649
G1 F1800 X37.18 Y57.289 E0.13264
G0 F7200 X37.18 Y56.723
G1 F1800 X42.82 Y51.084 E0.13263
G0 F7200 X42.82 Y50.518
G1 F1800 X37.18 Y56.158 E0.13264
G0 F7200 X37.18 Y55.592
G1 F1800 X42.82 Y49.952 E0.13264
G0 F7200 X42.82 Y49.386
G1 F1800 X37.18 Y55.026 E0.13264
G0 F7200 X37.18 Y54.461
G1 F1800 X42.82 Y48.821 E0.13264
G0 F7200 X42.82 Y48.255
G1 F1800 X37.18 Y53.895 E0.13264
G0 F7200 X37.18 Y53.329
G1 F1800 X42.82 Y47.689 E0.13264
G0 F7200 X42.82 Y47.124
G1 F1800 X37.18 Y52.764 E0.13264
G0 F7200 X37.18 Y52.198
G1 F1800 X42.82 Y46.558 E0.13264
G0 F7200 X42.82 Y45.992
G1 F1800 X37.18 Y51.632 E0.13264
G0 F7200 X37.18 Y51.067
G1 F1800 X42.82 Y45.427 E0.13264
G0 F7200 X42.82 Y44.861
G1 F1800 X37.18 Y50.501 E0.13264
G0 F7200 X37.18 Y49.935
G1 F1800 X42.82 Y44.295 E0.13264
G0 F7200 X42.82 Y43.73
G1 F1800 X37.18 Y49.369 E0.13263
G0 F7200 X37.18 Y48.804
G1 F1800 X42.82 Y43.164 E0.13264
G0 F7200 X42.82 Y42.598
G1 F1800 X37.18 Y48.238 E0.13264
G0 F7200 X37.18 Y47.672
G1 F1800 X42.82 Y42.033 E0.13263
G0 F7200 X42.607 Y41.68
G1 F1800 X37.18 Y47.107 E0.12763
G0 F7200 X37.18 Y46.541
G1 F1800 X42.042 Y41.68 E0.11434
G0 F7200 X41.476 Y41.68
G1 F1800 X37.18 Y45.975 E0.10102
G0 F7200 X37.18 Y45.41
G1 F1800 X40.91 Y41.68 E0.08772
G0 F7200 X40.345 Y41.68
G1 F1800 X37.18 Y44.844 E0.07442
G0 F7200 X37.18 Y44.278
G1 F1800 X39.779 Y41.68 E0.06111
G0 F7200 X39.213 Y41.68
G1 F1800 X37.18 Y43.713 E0.04781
G0 F7200 X37.18 Y43.147
G1 F1800 X38.648 Y41.68 E0.03451
G0 F7200 X38.082 Y41.68
G1 F1800 X37.18 Y42.581 E0.0212
G0 F7200 X37.18 Y42.016
G1 F1800 X37.516 Y41.68 E0.0079
G0 F7200 X37.516 Y41.71
G1 F1500 E-6.5
G0 F7200 X43.57 Y58.62
G0 X44.665 Y58.62
G0 X46.43 Y58.62
G0 X53.09 Y58.62
G0 X53.4 Y58.9
;TYPE:WALL-INNER
G1 F1500 E6.5
G1 F3600 X53.4 Y41.1 E0.29602
G1 X46.6 Y41.1 E0.11308
G1 X46.6 Y58.9 E0.29602
G1 X53.4 Y58.9 E0.11308
G0 F7200 X53.8 Y59.3
;TYPE:WALL-OUTER
G1 F1800 X53.8 Y40.7 E0.30932
G1 X46.2 Y40.7 E0.12639
G1 X46.2 Y59.3 E0.30932
G1 X53.8 Y59.3 E0.12639
G0 F7200 X53.8 Y59.1
G0 X53.02 Y58.52
;TYPE:SKIN
G1 F1800 X46.98 Y58.52 E0.10045
G1 X46.98 Y41.48 E0.28338
G1 X53.02 Y41.48 E0.10045
G1 X53.02 Y58.52 E0.28338
G0 F7200 X52.554 Y58.32
G1 F1800 X52.82 Y58.054 E0.00626
G0 F7200 X52.82 Y57.488
G1 F1800 X51.989 Y58.32 E0.01956
G0 F7200 X51.423 Y58.32
G1 F1800 X52.82 Y56.923 E0.03286
G0 F7200 X52.82 Y56.357
G1 F1800 X50.857 Y58.32 E0.04617
G0 F7200 X50.292 Y58.32
G1 F1800 X52.82 Y55.791 E0.05947
G0 F7200 X52.82 Y55.226
G1 F1800 X49.726 Y58.32 E0.07277
G0 F7200 X49.16 Y58.32
G1 F1800 X52.82 Y54.66 E0.08608
G0 F7200 X52.82 Y54.094
G1 F1800 X48.594 Y58.32 E0.09939
G0 F7200 X48.029 Y58.32
G1 F1800 X52.82 Y53.529 E0.11268
G0 F7200 X52.82 Y52.963
G1 F1800 X47.463 Y58.32 E0.12599
G0 F7200 X47.18 Y58.037
G1 F1800 X52.82 Y52.397 E0.13264
G0 F7200 X52.82 Y51.832
G1 F1800 X47.18 Y57.472 E0.13264
G0 F7200 X47.18 Y56.906
G1 F1800 X52.82 Y51.266 E0.13264
G0 F7200 X52.82 Y50.7
G1 F1800 X47.18 Y56.34 E0.13264
G0 F7200 X47.18 Y55.774
G1 F1800 X52.82 Y50.135 E0.13263
G0 F7200 X52.82 Y49.569
G1 F1800 X47.18 Y55.209 E0.13264
G0 F7200 X47.18 Y54.643
G1 F1800 X52.82 Y49.003 E0.13264
G0 F7200 X52.82 Y48.438
G1 F1800 X47.18 Y54.077 E0.13263
G0 F7200 X47.18 Y53.512
G1 F1800 X52.82 Y47.872 E0.13264
G0 F7200 X52.82 Y47.306
G1 F1800 X47.18 Y52.946 E0.13264
G0 F7200 X47.18 Y52.38
G1 F1800 X52.82 Y46.74 E0.13264
G0 F7200 X52.82 Y46.175
G1 F1800 X47.18 Y51.815 E0.13264
G0 F7200 X47.18 Y51.249
G1 F1800 X52.82 Y45.609 E0.13264
G0 F7200 X52.82 Y45.043
G1 F1800 X47.18 Y50.683 E0.13264
G0 F7200 X47.18 Y50.118
G1 F1800 X52.82 Y44.478 E0.13264
G0 F7200 X52.82 Y43.912
G1 F1800 X47.18 Y49.552 E0.13264
G0 F7200 X47.18 Y48.986
G1 F1800 X52.82 Y43.346 E0.13264
G0 F7200 X52.82 Y42.781
G1 F1800 X47.18 Y48.421 E0.13264
G0 F7200 X47.18 Y47.855
G1 F1800 X52.82 Y42.215 E0.13264
G0 F7200 X52.789 Y41.68
G1 F1800 X47.18 Y47.289 E0.13192
G0 F7200 X47.18 Y46.723
G1 F1800 X52.223 Y41.68 E0.1186
G0 F7200 X51.658 Y41.68
G1 F1800 X47.18 Y46.158 E0.10532
G0 F7200 X47.18 Y45.592
G1 F1800 X51.092 Y41.68 E0.092
G0 F7200 X50.526 Y41.68
G1 F1800 X47.18 Y45.026 E0.07869
G0 F7200 X47.18 Y44.461
G1 F1800 X49.961 Y41.68 E0.0654
G0 F7200 X49.395 Y41.68
G1 F1800 X47.18 Y43.895 E0.05209
G0 F7200 X47.18 Y43.329
G1 F1800 X48.829 Y41.68 E0.03878
G0 F7200 X48.264 Y41.68
G1 F1800 X47.18 Y42.764 E0.02549
G0 F7200 X47.18 Y42.198
G1 F1800 X47.698 Y41.68 E0.01218
G0 F7200 X47.698 Y41.71
G1 F1500 E-6.5
G0 F7200 X53.57 Y58.62
G0 X54.665 Y58.62
G0 X56.43 Y58.62
G0 X63.09 Y58.62
G0 X63.4 Y58.9
;TYPE:WALL-INNER
G1 F1500 E6.5
G1 F3600 X63.4 Y41.1 E0.29602
G1 X56.6 Y41.1 E0.11308
G1 X56.6 Y58.9 E0.29602
G1 X63.4 Y58.9 E0.11308
G0 F7200 X63.8 Y59.3
;TYPE:WALL-OUTER
G1 F1800 X63.8 Y40.7 E0.30932
G1 X56.2 Y40.7 E0.12639
G1 X56.2 Y59.3 E0.30932
G1 X63.8 Y59.3 E0.12639
G0 F7200 X63.8 Y59.1
G0 X63.02 Y58.52
;TYPE:SKIN
G1 F1800 X56.98 Y58.52 E0.10045
G1 X56.98 Y41.48 E0.28338
G1 X63.02 Y41.48 E0.10045
G1 X63.02 Y58.52 E0.28338
G0 F7200 X62.737 Y58.32
G1 F1800 X62.82 Y58.237 E0.00195
G0 F7200 X62.82 Y57.671
G1 F1800 X62.171 Y58.32 E0.01526
G0 F7200 X61.605 Y58.32
G1 F1800 X62.82 Y57.105 E0.02857
G0 F7200 X62.82 Y56.54
G1 F1800 X61.04 Y58.32 E0.04186
G0 F7200 X60.474 Y58.32
G1 F1800 X62.82 Y55.974 E0.05517
G0 F7200 X62.82 Y55.408
G1 F1800 X59.908 Y58.32 E0.06849
G0 F7200 X59.343 Y58.32
G1 F1800 X62.82 Y54.842 E0.08179
G0 F7200 X62.82 Y54.277
G1 F1800 X58.777 Y58.32 E0.09509
G0 F7200 X58.211 Y58.32
G1 F1800 X62.82 Y53.711 E0.1084
G0 F7200 X62.82 Y53.145
G1 F1800 X57.645 Y58.32 E0.12171
G0 F7200 X57.18 Y58.22
G1 F1800 X62.82 Y52.58 E0.13264
G0 F7200 X62.82 Y52.014
G1 F1800 X57.18 Y57.654 E0.13264
G0 F7200 X57.18 Y57.088
G1 F1800 X62.82 Y51.448 E0.13264
G0 F7200 X62.82 Y50.883
G1 F1800 X57.18 Y56.523 E0.13264
G0 F7200 X57.18 Y55.957
G1 F1800 X62.82 Y50.317 E0.13264
G0 F7200 X62.82 Y49.751
G1 F1800 X57.18 Y55.391 E0.13264
G0 F7200 X57.18 Y54.826
G1 F1800 X62.82 Y49.186 E0.13264
G0 F7200 X62.82 Y48.62
G1 F1800 X57.18 Y54.26 E0.13264
G0 F7200 X57.18 Y53.694
G1 F1800 X62.82 Y48.054 E0.13264
G0 F7200 X62.82 Y47.489
G1 F1800 X57.18 Y53.128 E0.13263
G0 F7200 X57.18 Y52.563
G1 F1800 X62.82 Y46.923 E0.13264
G0 F7200 X62.82 Y46.357
G1 F1800 X57.18 Y51.997 E0.13264
G0 F7200 X57.18 Y51.431
G1 F1800 X62.82 Y45.792 E0.13263
G0 F7200 X62.82 Y45.226
G1 F1800 X57.18 Y50.866 E0.13264
G0 F7200 X57.18 Y50.3
G1 F1800 X62.82 Y44.66 E0.13264
G0 F7200 X62.82 Y44.094
G1 F1800 X57.18 Y49.734 E0.13264
G0 F7200 X57.18 Y49.169
G1 F1800 X62.82 Y43.529 E0.13264
G0 F7200 X62.82 Y42.963
G1 F1800 X57.18 Y48.603 E0.13264
G0 F7200 X57.18 Y48.037
G1 F1800 X62.82 Y42.397 E0.13264
G0 F7200 X62.82 Y41.832
G1 F1800 X57.18 Y47.472 E0.13264
G0 F7200 X57.18 Y46.906
G1 F1800 X62.406 Y41.68 E0.12291
G0 F7200 X61.84 Y41.68
G1 F1800 X57.18 Y46.34 E0.1096
G0 F7200 X57.18 Y45.775
G1 F1800 X61.274 Y41.68 E0.0963
G0 F7200 X60.709 Y41.68
G1 F1800 X57.18 Y45.209 E0.083
G0 F7200 X57.18 Y44.643
G1 F1800 X60.143 Y41.68 E0.06969
G0 F7200 X59.577 Y41.68
G1 F1800 X57.18 Y44.078 E0.05639
G0 F7200 X57.18 Y43.512
G1 F1800 X59.012 Y41.68 E0.04309
G0 F7200 X58.446 Y41.68
G1 F1800 X57.18 Y42.946 E0.02977
G0 F7200 X57.18 Y42.38
G1 F1800 X57.88 Y41.68 E0.01646
G0 F7200 X57.315 Y41.68
G1 F1800 X57.18 Y41.815 E0.00317
G0 F7200 X57.21 Y41.815
G1 F1500 E-6.5
;MESH:NONMESH
G0 F600 X57.21 Y41.815 Z0.7
G0 F7200 X56.43 Y58.62
G0 X55.335 Y58.62
G0 X54.653 Y60.153
G0 X45.347 Y60.153
G0 X44.665 Y58.62
G0 X43.57 Y58.62
G0 X43.4 Y58.9
;TIME_ELAPSED:171.050784
;LAYER:4
;TYPE:WALL-INNER
;MESH:pin.stl
G1 F1500 E6.5
G1 F3600 X43.4 Y41.1 E0.29602
G1 X36.6 Y41.1 E0.11308
G1 X36.6 Y58.9 E0.29602
G1 X43.4 Y58.9 E0.11308
G0 F7200 X43.8 Y59.3
;TYPE:WALL-OUTER
G1 F1800 X43.8 Y40.7 E0.30932
G1 X36.2 Y40.7 E0.12639
G1 X36.2 Y59.3 E0.30932
G1 X43.8 Y59.3 E0.12639
G0 F7200 X43.8 Y59.1
G0 X43.02 Y58.52
;TYPE:SKIN
G1 F1800 X36.98 Y58.52 E0.10045
G1 X36.98 Y41.48 E0.28338
G1 X43.02 Y41.48 E0.10045
G1 X43.02 Y58.52 E0.28338
G0 F7200 X37.18 Y58.11
G1 F1800 X37.39 Y58.32 E0.00494
G0 F7200 X37.955 Y58.32
G1 F1800 X37.18 Y57.544 E0.01824
G0 F7200 X37.18 Y56.979
G1 F1800 X38.521 Y58.32 E0.03154
G0 F7200 X39.087 Y58.32
G1 F1800 X37.18 Y56.413 E0.04485
G0 F7200 X37.18 Y55.847
G1 F1800 X39.652 Y58.32 E0.05815
G0 F7200 X40.218 Y58.32
G1 F1800 X37.18 Y55.282 E0.07145
G0 F7200 X37.18 Y54.716
G1 F1800 X40.784 Y58.32 E0.08476
G0 F7200 X41.349 Y58.32
G1 F1800 X37.18 Y54.15 E0.09806
G0 F7200 X37.18 Y53.585
G1 F1800 X41.915 Y58.32 E0.11136
G0 F7200 X42.481 Y58.32
G1 F1800 X37.18 Y53.019 E0.12467
G0 F7200 X37.18 Y52.453
G1 F1800 X42.82 Y58.094 E0.13266
G0 F7200 X42.82 Y57.528
G1 F1800 X37.18 Y51.887 E0.13266
G0 F7200 X37.18 Y51.322
G1 F1800 X42.82 Y56.962 E0.13264
G0 F7200 X42.82 Y56.397
G1 F1800 X37.18 Y50.756 E0.13266
G0 F7200 X37.18 Y50.19
G1 F1800 X42.82 Y55.831 E0.13266
G0 F7200 X42.82 Y55.265
G1 F1800 X37.18 Y49.625 E0.13264
G0 F7200 X37.18 Y49.059
G1 F1800 X42.82 Y54.7 E0.13266
G0 F7200 X42.82 Y54.134
G1 F1800 X37.18 Y48.493 E0.13266
G0 F7200 X37.18 Y47.928
G1 F1800 X42.82 Y53.568 E0.13264
G0 F7200 X42.82 Y53.003
G1 F1800 X37.18 Y47.362 E0.13266
G0 F7200 X37.18 Y46.796
G1 F1800 X42.82 Y52.437 E0.13266
G0 F7200 X42.82 Y51.871
G1 F1800 X37.18 Y46.231 E0.13264
G0 F7200 X37.18 Y45.665
G1 F1800 X42.82 Y51.306 E0.13266
G0 F7200 X42.82 Y50.74
G1 F1800 X37.18 Y45.099 E0.13266
G0 F7200 X37.18 Y44.534
G1 F1800 X42.82 Y50.174 E0.13264
G0 F7200 X42.82 Y49.608
G1 F1800 X37.18 Y43.968 E0.13264
G0 F7200 X37.18 Y43.402
G1 F1800 X42.82 Y49.043 E0.13266
G0 F7200 X42.82 Y48.477
G1 F1800 X37.18 Y42.837 E0.13264
G0 F7200 X37.18 Y42.271
G1 F1800 X42.82 Y47.911 E0.13264
G0 F7200 X42.82 Y47.346
G1 F1800 X37.18 Y41.705 E0.13266
G0 F7200 X37.721 Y41.68
G1 F1800 X42.82 Y46.78 E0.11993
G0 F7200 X42.82 Y46.214
G1 F1800 X38.286 Y41.68 E0.10663
G0 F7200 X38.852 Y41.68
G1 F1800 X42.82 Y45.649 E0.09333
G0 F7200 X42.82 Y45.083
G1 F1800 X39.418 Y41.68 E0.08002
G0 F7200 X39.983 Y41.68
G1 F1800 X42.82 Y44.517 E0.06672
G0 F7200 X42.82 Y43.952
G1 F1800 X40.549 Y41.68 E0.05342
G0 F7200 X41.115 Y41.68
G1 F1800 X42.82 Y43.386 E0.04011
G0 F7200 X42.82 Y42.82
G1 F1800 X41.68 Y41.68 E0.02681
G0 F7200 X42.246 Y41.68
G1 F1800 X42.82 Y42.255 E0.01351
G1 X42.89 Y42.325
G0 F7200 X42.79 Y42.325
G1 F1500 E-6.5
G0 F7200 X43.57 Y58.62
G0 X44.665 Y58.62
G0 X46.43 Y58.62
G0 X53.09 Y58.62
G0 X53.4 Y58.9
;TYPE:WALL-INNER
G1 F1500 E6.5
G1 F3600 X53.4 Y41.1 E0.29602
G1 X46.6 Y41.1 E0.11308
G1 X46.6 Y58.9 E0.29602
G1 X53.4 Y58.9 E0.11308
G0 F7200 X53.8 Y59.3
;TYPE:WALL-OUTER
G1 F1800 X53.8 Y40.7 E0.30932
G1 X46.2 Y40.7 E0.12639
G1 X46.2 Y59.3 E0.30932
G1 X53.8 Y59.3 E0.12639
G0 F7200 X53.8 Y59.1
G0 X53.02 Y58.52
;TYPE:SKIN
G1 F1800 X46.98 Y58.52 E0.10045
G1 X46.98 Y41.48 E0.28338
G1 X53.02 Y41.48 E0.10045
G1 X53.02 Y58.52 E0.28338
G0 F7200 X47.18 Y57.928
G1 F1800 X47.572 Y58.32 E0.00922
G0 F7200 X48.138 Y58.32
G1 F1800 X47.18 Y57.363 E0.02252
G0 F7200 X47.18 Y56.797
G1 F1800 X48.703 Y58.32 E0.03582
G0 F7200 X49.269 Y58.32
G1 F1800 X47.18 Y56.231 E0.04913
G0 F7200 X47.18 Y55.666
G1 F1800 X49.835 Y58.32 E0.06243
G0 F7200 X50.4 Y58.32
G1 F1800 X47.18 Y55.1 E0.07573
G0 F7200 X47.18 Y54.534
G1 F1800 X50.966 Y58.32 E0.08904
G0 F7200 X51.532 Y58.32
G1 F1800 X47.18 Y53.969 E0.10234
G0 F7200 X47.18 Y53.403
G1 F1800 X52.098 Y58.32 E0.11565
G0 F7200 X52.663 Y58.32
G1 F1800 X47.18 Y52.837 E0.12895
G0 F7200 X47.18 Y52.271
G1 F1800 X52.82 Y57.911 E0.13264
G0 F7200 X52.82 Y57.346
G1 F1800 X47.18 Y51.706 E0.13264
G0 F7200 X47.18 Y51.14
G1 F1800 X52.82 Y56.78 E0.13264
G0 F7200 X52.82 Y56.214
G1 F1800 X47.18 Y50.574 E0.13264
G0 F7200 X47.18 Y50.009
G1 F1800 X52.82 Y55.649 E0.13264
G0 F7200 X52.82 Y55.083
G1 F1800 X47.18 Y49.443 E0.13264
G0 F7200 X47.18 Y48.877
G1 F1800 X52.82 Y54.517 E0.13264
G0 F7200 X52.82 Y53.952
G1 F1800 X47.18 Y48.312 E0.13264
G0 F7200 X47.18 Y47.746
G1 F1800 X52.82 Y53.386 E0.13264
G0 F7200 X52.82 Y52.82
G1 F1800 X47.18 Y47.18 E0.13264
G0 F7200 X47.18 Y46.615
G1 F1800 X52.82 Y52.254 E0.13263
G0 F7200 X52.82 Y51.689
G1 F1800 X47.18 Y46.049 E0.13264
G0 F7200 X47.18 Y45.483
G1 F1800 X52.82 Y51.123 E0.13264
G0 F7200 X52.82 Y50.557
G1 F1800 X47.18 Y44.918 E0.13263
G0 F7200 X47.18 Y44.352
G1 F1800 X52.82 Y49.992 E0.13264
G0 F7200 X52.82 Y49.426
G1 F1800 X47.18 Y43.786 E0.13264
G0 F7200 X47.18 Y43.22
G1 F1800 X52.82 Y48.86 E0.13264
G0 F7200 X52.82 Y48.295
G1 F1800 X47.18 Y42.655 E0.13264
G0 F7200 X47.18 Y42.089
G1 F1800 X52.82 Y47.729 E0.13264
G0 F7200 X52.82 Y47.163
G1 F1800 X47.337 Y41.68 E0.12895
G0 F7200 X47.903 Y41.68
G1 F1800 X52.82 Y46.598 E0.11565
G0 F7200 X52.82 Y46.032
G1 F1800 X48.469 Y41.68 E0.10234
G0 F7200 X49.034 Y41.68
G1 F1800 X52.82 Y45.466 E0.08904
G0 F7200 X52.82 Y44.901
G1 F1800 X49.6 Y41.68 E0.07574
G0 F7200 X50.166 Y41.68
G1 F1800 X52.82 Y44.335 E0.06243
G0 F7200 X52.82 Y43.769
G1 F1800 X50.731 Y41.68 E0.04913
G0 F7200 X51.297 Y41.68
G1 F1800 X52.82 Y43.204 E0.03583
G0 F7200 X52.82 Y42.638
G1 F1800 X51.863 Y41.68 E0.02252
G0 F7200 X52.428 Y41.68
G1 F1800 X52.82 Y42.072 E0.00922
G0 F7200 X52.79 Y42.072
G1 F1500 E-6.5
G0 F7200 X53.57 Y58.62
G0 X54.665 Y58.62
G0 X56.43 Y58.62
G0 X63.09 Y58.62
G0 X63.4 Y58.9
;TYPE:WALL-INNER
G1 F1500 E6.5
G1 F3600 X63.4 Y41.1 E0.29602
G1 X56.6 Y41.1 E0.11308
G1 X56.6 Y58.9 E0.29602
G1 X63.4 Y58.9 E0.11308
G0 F7200 X63.8 Y59.3
;TYPE:WALL-OUTER
G1 F1800 X63.8 Y40.7 E0.30932
G1 X56.2 Y40.7 E0.12639
G1 X56.2 Y59.3 E0.30932
G1 X63.8 Y59.3 E0.12639
G0 F7200 X63.8 Y59.1
G0 X63.02 Y58.52
;TYPE:SKIN
G1 F1800 X56.98 Y58.52 E0.10045
G1 X56.98 Y41.48 E0.28338
G1 X63.02 Y41.48 E0.10045
G1 X63.02 Y58.52 E0.28338
G0 F7200 X57.18 Y57.746
G1 F1800 X57.754 Y58.32 E0.0135
G0 F7200 X58.32 Y58.32
G1 F1800 X57.18 Y57.18 E0.02681
G0 F7200 X57.18 Y56.615
G1 F1800 X58.886 Y58.32 E0.04011
G0 F7200 X59.451 Y58.32
G1 F1800 X57.18 Y56.049 E0.05341
G0 F7200 X57.18 Y55.483
G1 F1800 X60.017 Y58.32 E0.06672
G0 F7200 X60.583 Y58.32
G1 F1800 X57.18 Y54.917 E0.08003
G0 F7200 X57.18 Y54.352
G1 F1800 X61.148 Y58.32 E0.09332
G0 F7200 X61.714 Y58.32
G1 F1800 X57.18 Y53.786 E0.10663
G0 F7200 X57.18 Y53.22
G1 F1800 X62.28 Y58.32 E0.11994
G0 F7200 X62.82 Y58.295
G1 F1800 X57.18 Y52.655 E0.13264
G0 F7200 X57.18 Y52.089
G1 F1800 X62.82 Y57.729 E0.13264
G0 F7200 X62.82 Y57.163
G1 F1800 X57.18 Y51.523 E0.13264
G0 F7200 X57.18 Y50.958
G1 F1800 X62.82 Y56.598 E0.13264
G0 F7200 X62.82 Y56.032
G1 F1800 X57.18 Y50.392 E0.13264
G0 F7200 X57.18 Y49.826
G1 F1800 X62.82 Y55.466 E0.13264
G0 F7200 X62.82 Y54.9
G1 F1800 X57.18 Y49.261 E0.13263
G0 F7200 X57.18 Y48.695
G1 F1800 X62.82 Y54.335 E0.13264
G0 F7200 X62.82 Y53.769
G1 F1800 X57.18 Y48.129 E0.13264
G0 F7200 X57.18 Y47.564
G1 F1800 X62.82 Y53.203 E0.13263
G0 F7200 X62.82 Y52.638
G1 F1800 X57.18 Y46.998 E0.13264
G0 F7200 X57.18 Y46.432
G1 F1800 X62.82 Y52.072 E0.13264
G0 F7200 X62.82 Y51.506
G1 F1800 X57.18 Y45.866 E0.13264
G0 F7200 X57.18 Y45.301
G1 F1800 X62.82 Y50.941 E0.13264
G0 F7200 X62.82 Y50.375
G1 F1800 X57.18 Y44.735 E0.13264
G0 F7200 X57.18 Y44.169
G1 F1800 X62.82 Y49.809 E0.13264
G0 F7200 X62.82 Y49.244
G1 F1800 X57.18 Y43.604 E0.13264
G0 F7200 X57.18 Y43.038
G1 F1800 X62.82 Y48.678 E0.13264
G0 F7200 X62.82 Y48.112
G1 F1800 X57.18 Y42.472 E0.13264
G0 F7200 X57.18 Y41.907
G1 F1800 X62.82 Y47.547 E0.13264
G0 F7200 X62.82 Y46.981
G1 F1800 X57.52 Y41.68 E0.12466
G0 F7200 X58.085 Y41.68
G1 F1800 X62.82 Y46.415 E0.11136
G0 F7200 X62.82 Y45.85
G1 F1800 X58.651 Y41.68 E0.09806
G0 F7200 X59.217 Y41.68
G1 F1800 X62.82 Y45.284 E0.08475
G0 F7200 X62.82 Y44.718
G1 F1800 X59.782 Y41.68 E0.07145
G0 F7200 X60.348 Y41.68
G1 F1800 X62.82 Y44.152 E0.05814
G0 F7200 X62.82 Y43.587
G1 F1800 X60.914 Y41.68 E0.04484
G0 F7200 X61.479 Y41.68
G1 F1800 X62.82 Y43.021 E0.03154
G0 F7200 X62.82 Y42.455
G1 F1800 X62.045 Y41.68 E0.01823
G0 F7200 X62.611 Y41.68
G1 F1800 X62.82 Y41.89 E0.00493
G0 F7200 X62.79 Y41.89
G1 F1500 E-6.5
;MESH:NONMESH
G0 F600 X62.79 Y41.89 Z0.8
G0 F7200 X56.43 Y58.62
G0 X55.335 Y58.62
G0 X54.653 Y60.153
G0 X45.347 Y60.153
G0 X44.665 Y58.62
G0 X43.57 Y58.62
G0 X43.4 Y58.9
;TIME_ELAPSED:212.416483
;LAYER:5
;TYPE:WALL-INNER
;MESH:pin.stl
G1 F1500 E6.5
G1 F3600 X43.4 Y41.1 E0.29602
G1 X36.6 Y41.1 E0.11308
G1 X36.6 Y58.9 E0.29602
G1 X43.4 Y58.9 E0.11308
G0 F7200 X43.8 Y59.3
;TYPE:WALL-OUTER
G1 F1800 X43.8 Y40.7 E0.30932
G1 X36.2 Y40.7 E0.12639
G1 X36.2 Y59.3 E0.30932
G1 X43.8 Y59.3 E0.12639
G0 F7200 X43.8 Y59.1
G0 X43.02 Y58.52
;TYPE:SKIN
G1 F1800 X36.98 Y58.52 E0.10045
G1 X36.98 Y41.48 E0.28338
G1 X43.02 Y41.48 E0.10045
G1 X43.02 Y58.52 E0.28338
G0 F7200 X42.372 Y58.32
G1 F1800 X42.82 Y57.872 E0.01054
G0 F7200 X42.82 Y57.306
G1 F1800 X41.806 Y58.32 E0.02385
G0 F7200 X41.241 Y58.32
G1 F1800 X42.82 Y56.74 E0.03715
G0 F7200 X42.82 Y56.175
G1 F1800 X40.675 Y58.32 E0.05045
G0 F7200 X40.109 Y58.32
G1 F1800 X42.82 Y55.609 E0.06376
G0 F7200 X42.82 Y55.043
G1 F1800 X39.544 Y58.32 E0.07706
G0 F7200 X38.978 Y58.32
G1 F1800 X42.82 Y54.478 E0.09036
G0 F7200 X42.82 Y53.912
G1 F1800 X38.412 Y58.32 E0.10367
G0 F7200 X37.846 Y58.32
G1 F1800 X42.82 Y53.346 E0.11698
G0 F7200 X42.82 Y52.781
G1 F1800 X37.281 Y58.32 E0.13027
G0 F7200 X37.18 Y57.855
G1 F1800 X42.82 Y52.215 E0.13264
G0 F7200 X42.82 Y51.649
G1 F1800 X37.18 Y57.289 E0.13264
G0 F7200 X37.18 Y56.723
G1 F1800 X42.82 Y51.084 E0.13263
G0 F7200 X42.82 Y50.518
G1 F1800 X37.18 Y56.158 E0.13264
G0 F7200 X37.18 Y55.592
G1 F1800 X42.82 Y49.952 E0.13264
G0 F7200 X42.82 Y49.386
G1 F1800 X37.18 Y55.026 E0.13264
G0 F7200 X37.18 Y54.461
G1 F1800 X42.82 Y48.821 E0.13264
G0 F7200 X42.82 Y48.255
G1 F1800 X37.18 Y53.895 E0.13264
G0 F7200 X37.18 Y53.329
G1 F1800 X42.82 Y47.689 E0.13264
G0 F7200 X42.82 Y47.124
G1 F1800 X37.18 Y52.764 E0.13264
G0 F7200 X37.18 Y52.198
G1 F1800 X42.82 Y46.558 E0.13264
G0 F7200 X42.82 Y45.992
G1 F1800 X37.18 Y51.632 E0.13264
G0 F7200 X37.18 Y51.067
G1 F1800 X42.82 Y45.427 E0.13264
G0 F7200 X42.82 Y44.861
G1 F1800 X37.18 Y50.501 E0.13264
G0 F7200 X37.18 Y49.935
G1 F1800 X42.82 Y44.295 E0.13264
G0 F7200 X42.82 Y43.73
G1 F1800 X37.18 Y49.369 E0.13263
G0 F7200 X37.18 Y48.804
G1 F1800 X42.82 Y43.164 E0.13264
G0 F7200 X42.82 Y42.598
G1 F1800 X37.18 Y48.238 E0.13264
G0 F7200 X37.18 Y47.672
G1 F1800 X42.82 Y42.033 E0.13263
G0 F7200 X42.607 Y41.68
G1 F1800 X37.18 Y47.107 E0.12763
G0 F7200 X37.18 Y46.541
G1 F1800 X42.042 Y41.68 E0.11434
G0 F7200 X41.476 Y41.68
G1 F1800 X37.18 Y45.975 E0.10102
G0 F7200 X37.18 Y45.41
G1 F1800 X40.91 Y41.68 E0.08772
G0 F7200 X40.345 Y41.68
G1 F1800 X37.18 Y44.844 E0.07442
G0 F7200 X37.18 Y44.278
G1 F1800 X39.779 Y41.68 E0.06111
G0 F7200 X39.213 Y41.68
G1 F1800 X37.18 Y43.713 E0.04781
G0 F7200 X37.18 Y43.147
G1 F1800 X38.648 Y41.68 E0.03451
G0 F7200 X38.082 Y41.68
G1 F1800 X37.18 Y42.581 E0.0212
G0 F7200 X37.18 Y42.016
G1 F1800 X37.516 Y41.68 E0.0079
G0 F7200 X37.516 Y41.71
G1 F1500 E-6.5
G0 F7200 X43.57 Y58.62
G0 X44.665 Y58.62
G0 X46.43 Y58.62
G0 X53.09 Y58.62
G0 X53.4 Y58.9
;TYPE:WALL-INNER
G1 F1500 E6.5
G1 F3600 X53.4 Y41.1 E0.29602
G1 X46.6 Y41.1 E0.11308
G1 X46.6 Y58.9 E0.29602
G1 X53.4 Y58.9 E0.11308
G0 F7200 X53.8 Y59.3
;TYPE:WALL-OUTER
G1 F1800 X53.8 Y40.7 E0.30932
G1 X46.2 Y40.7 E0.12639
G1 X46.2 Y59.3 E0.30932
G1 X53.8 Y59.3 E0.12639
G0 F7200 X53.8 Y59.1
G0 X53.02 Y58.52
;TYPE:SKIN
G1 F1800 X46.98 Y58.52 E0.10045
G1 X46.98 Y41.48 E0.28338
G1 X53.02 Y41.48 E0.10045
G1 X53.02 Y58.52 E0.28338
G0 F7200 X52.554 Y58.32
G1 F1800 X52.82 Y58.054 E0.00626
G0 F7200 X52.82 Y57.488
G1 F1800 X51.989 Y58.32 E0.01956
G0 F7200 X51.423 Y58.32
G1 F1800 X52.82 Y56.923 E0.03286
G0 F7200 X52.82 Y56.357
G1 F1800 X50.857 Y58.32 E0.04617
G0 F7200 X50.292 Y58.32
G1 F1800 X52.82 Y55.791 E0.05947
G0 F7200 X52.82 Y55.226
G1 F1800 X49.726 Y58.32 E0.07277
G0 F7200 X49.16 Y58.32
G1 F1800 X52.82 Y54.66 E0.08608
G0 F7200 X52.82 Y54.094
G1 F1800 X48.594 Y58.32 E0.09939
G0 F7200 X48.029 Y58.32
G1 F1800 X52.82 Y53.529 E0.11268
G0 F7200 X52.82 Y52.963
G1 F1800 X47.463 Y58.32 E0.12599
G0 F7200 X47.18 Y58.037
G1 F1800 X52.82 Y52.397 E0.13264
G0 F7200 X52.82 Y51.832
G1 F1800 X47.18 Y57.472 E0.13264
G0 F7200 X47.18 Y56.906
G1 F1800 X52.82 Y51.266 E0.13264
G0 F7200 X52.82 Y50.7
G1 F1800 X47.18 Y56.34 E0.13264
G0 F7200 X47.18 Y55.774
G1 F1800 X52.82 Y50.135 E0.13263
G0 F7200 X52.82 Y49.569
G1 F1800 X47.18 Y55.209 E0.13264
G0 F7200 X47.18 Y54.643
G1 F1800 X52.82 Y49.003 E0.13264
G0 F7200 X52.82 Y48.438
G1 F1800 X47.18 Y54.077 E0.13263
G0 F7200 X47.18 Y53.512
G1 F1800 X52.82 Y47.872 E0.13264
G0 F7200 X52.82 Y47.306
G1 F1800 X47.18 Y52.946 E0.13264
G0 F7200 X47.18 Y52.38
G1 F1800 X52.82 Y46.74 E0.13264
G0 F7200 X52.82 Y46.175
G1 F1800 X47.18 Y51.815 E0.13264
G0 F7200 X47.18 Y51.249
G1 F1800 X52.82 Y45.609 E0.13264
G0 F7200 X52.82 Y45.043
G1 F1800 X47.18 Y50.683 E0.13264
G0 F7200 X47.18 Y50.118
G1 F1800 X52.82 Y44.478 E0.13264
G0 F7200 X52.82 Y43.912
G1 F1800 X47.18 Y49.552 E0.13264
G0 F7200 X47.18 Y48.986
G1 F1800 X52.82 Y43.346 E0.13264
G0 F7200 X52.82 Y42.781
G1 F1800 X47.18 Y48.421 E0.13264
G0 F7200 X47.18 Y47.855
G1 F1800 X52.82 Y42.215 E0.13264
G0 F7200 X52.789 Y41.68
G1 F1800 X47.18 Y47.289 E0.13192
G0 F7200 X47.18 Y46.723
G1 F1800 X52.223 Y41.68 E0.1186
G0 F7200 X51.658 Y41.68
G1 F1800 X47.18 Y46.158 E0.10532
G0 F7200 X47.18 Y45.592
G1 F1800 X51.092 Y41.68 E0.092
G0 F7200 X50.526 Y41.68
G1 F1800 X47.18 Y45.026 E0.07869
G0 F7200 X47.18 Y44.461
G1 F1800 X49.961 Y41.68 E0.0654
G0 F7200 X49.395 Y41.68
G1 F1800 X47.18 Y43.895 E0.05209
G0 F7200 X47.18 Y43.329
G1 F1800 X48.829 Y41.68 E0.03878
G0 F7200 X48.264 Y41.68
G1 F1800 X47.18 Y42.764 E0.02549
G0 F7200 X47.18 Y42.198
G1 F1800 X47.698 Y41.68 E0.01218
G0 F7200 X47.698 Y41.71
G1 F1500 E-6.5
G0 F7200 X53.57 Y58.62
G0 X54.665 Y58.62
G0 X56.43 Y58.62
G0 X63.09 Y58.62
G0 X63.4 Y58.9
;TYPE:WALL-INNER
G1 F1500 E6.5
G1 F3600 X63.4 Y41.1 E0.29602
G1 X56.6 Y41.1 E0.11308
G1 X56.6 Y58.9 E0.29602
G1 X63.4 Y58.9 E0.11308
G0 F7200 X63.8 Y59.3
;TYPE:WALL-OUTER
G1 F1800 X63.8 Y40.7 E0.30932
G1 X56.2 Y40.7 E0.12639
G1 X56.2 Y59.3 E0.30932
G1 X63.8 Y59.3 E0.12639
G0 F7200 X63.8 Y59.1
G0 X63.02 Y58.52
;TYPE:SKIN
G1 F1800 X56.98 Y58.52 E0.10045
G1 X56.98 Y41.48 E0.28338
G1 X63.02 Y41.48 E0.10045
G1 X63.02 Y58.52 E0.28338
G0 F7200 X62.737 Y58.32
G1 F1800 X62.82 Y58.237 E0.00195
G0 F7200 X62.82 Y57.671
G1 F1800 X62.171 Y58.32 E0.01526
G0 F7200 X61.605 Y58.32
G1 F1800 X62.82 Y57.105 E0.02857
G0 F7200 X62.82 Y56.54
G1 F1800 X61.04 Y58.32 E0.04186
G0 F7200 X60.474 Y58.32
G1 F1800 X62.82 Y55.974 E0.05517
G0 F7200 X62.82 Y55.408
G1 F1800 X59.908 Y58.32 E0.06849
G0 F7200 X59.343 Y58.32
G1 F1800 X62.82 Y54.842 E0.08179
G0 F7200 X62.82 Y54.277
G1 F1800 X58.777 Y58.32 E0.09509
G0 F7200 X58.211 Y58.32
G1 F1800 X62.82 Y53.711 E0.1084
G0 F7200 X62.82 Y53.145
G1 F1800 X57.645 Y58.32 E0.12171
G0 F7200 X57.18 Y58.22
G1 F1800 X62.82 Y52.58 E0.13264
G0 F7200 X62.82 Y52.014
G1 F1800 X57.18 Y57.654 E0.13264
G0 F7200 X57.18 Y57.088
G1 F1800 X62.82 Y51.448 E0.13264
G0 F7200 X62.82 Y50.883
G1 F1800 X57.18 Y56.523 E0.13264
G0 F7200 X57.18 Y55.957
G1 F1800 X62.82 Y50.317 E0.13264
G0 F7200 X62.82 Y49.751
G1 F1800 X57.18 Y55.391 E0.13264
G0 F7200 X57.18 Y54.826
G1 F1800 X62.82 Y49.186 E0.13264
G0 F7200 X62.82 Y48.62
G1 F1800 X57.18 Y54.26 E0.13264
G0 F7200 X57.18 Y53.694
G1 F1800 X62.82 Y48.054 E0.13264
G0 F7200 X62.82 Y47.489
G1 F1800 X57.18 Y53.128 E0.13263
G0 F7200 X57.18 Y52.563
G1 F1800 X62.82 Y46.923 E0.13264
G0 F7200 X62.82 Y46.357
G1 F1800 X57.18 Y51.997 E0.13264
G0 F7200 X57.18 Y51.431
G1 F1800 X62.82 Y45.792 E0.13263
G0 F7200 X62.82 Y45.226
G1 F1800 X57.18 Y50.866 E0.13264
G0 F7200 X57.18 Y50.3
G1 F1800 X62.82 Y44.66 E0.13264
G0 F7200 X62.82 Y44.094
G1 F1800 X57.18 Y49.734 E0.13264
G0 F7200 X57.18 Y49.169
G1 F1800 X62.82 Y43.529 E0.13264
G0 F7200 X62.82 Y42.963
G1 F1800 X57.18 Y48.603 E0.13264
G0 F7200 X57.18 Y48.037
G1 F1800 X62.82 Y42.397 E0.13264
G0 F7200 X62.82 Y41.832
G1 F1800 X57.18 Y47.472 E0.13264
G0 F7200 X57.18 Y46.906
G1 F1800 X62.406 Y41.68 E0.12291
G0 F7200 X61.84 Y41.68
G1 F1800 X57.18 Y46.34 E0.1096
G0 F7200 X57.18 Y45.775
G1 F1800 X61.274 Y41.68 E0.0963
G0 F7200 X60.709 Y41.68
G1 F1800 X57.18 Y45.209 E0.083
G0 F7200 X57.18 Y44.643
G1 F1800 X60.143 Y41.68 E0.06969
G0 F7200 X59.577 Y41.68
G1 F1800 X57.18 Y44.078 E0.05639
G0 F7200 X57.18 Y43.512
G1 F1800 X59.012 Y41.68 E0.04309
G0 F7200 X58.446 Y41.68
G1 F1800 X57.18 Y42.946 E0.02977
G0 F7200 X57.18 Y42.38
G1 F1800 X57.88 Y41.68 E0.01646
G0 F7200 X57.315 Y41.68
G1 F1800 X57.18 Y41.815 E0.00317
G0 F7200 X57.21 Y41.815
G1 F1500 E-6.5
;MESH:NONMESH
G0 F600 X57.21 Y41.815 Z0.9
G0 F7200 X56.43 Y58.62
G0 X55.335 Y58.62
G0 X54.653 Y60.153
G0 X45.347 Y60.153
G0 X44.665 Y58.62
G0 X43.57 Y58.62
G0 X43.4 Y58.9
;TIME_ELAPSED:253.635640
;LAYER:6
;TYPE:WALL-INNER
;MESH:pin.stl
G1 F1500 E6.5
G1 F3600 X43.4 Y41.1 E0.29602
G1 X36.6 Y41.1 E0.11308
G1 X36.6 Y58.9 E0.29602
G1 X43.4 Y58.9 E0.11308
G0 F7200 X43.8 Y59.3
;TYPE:WALL-OUTER
G1 F1800 X43.8 Y40.7 E0.30932
G1 X36.2 Y40.7 E0.12639
G1 X36.2 Y59.3 E0.30932
G1 X43.8 Y59.3 E0.12639
G0 F7200 X43.8 Y59.1
G0 X43.02 Y58.52
;TYPE:SKIN
G1 F1800 X36.98 Y58.52 E0.10045
G1 X36.98 Y41.48 E0.28338
G1 X43.02 Y41.48 E0.10045
G1 X43.02 Y58.52 E0.28338
G0 F7200 X37.18 Y58.11
G1 F1800 X37.39 Y58.32 E0.00494
G0 F7200 X37.955 Y58.32
G1 F1800 X37.18 Y57.544 E0.01824
G0 F7200 X37.18 Y56.979
G1 F1800 X38.521 Y58.32 E0.03154
G0 F7200 X39.087 Y58.32
G1 F1800 X37.18 Y56.413 E0.04485
G0 F7200 X37.18 Y55.847
G1 F1800 X39.652 Y58.32 E0.05815
G0 F7200 X40.218 Y58.32
G1 F1800 X37.18 Y55.282 E0.07145
G0 F7200 X37.18 Y54.716
G1 F1800 X40.784 Y58.32 E0.08476
G0 F7200 X41.349 Y58.32
G1 F1800 X37.18 Y54.15 E0.09806
G0 F7200 X37.18 Y53.585
G1 F1800 X41.915 Y58.32 E0.11136
G0 F7200 X42.481 Y58.32
G1 F1800 X37.18 Y53.019 E0.12467
G0 F7200 X37.18 Y52.453
G1 F1800 X42.82 Y58.094 E0.13266
G0 F7200 X42.82 Y57.528
G1 F1800 X37.18 Y51.887 E0.13266
G0 F7200 X37.18 Y51.322
G1 F1800 X42.82 Y56.962 E0.13264
G0 F7200 X42.82 Y56.397
G1 F1800 X37.18 Y50.756 E0.13266
G0 F7200 X37.18 Y50.19
G1 F1800 X42.82 Y55.831 E0.13266
G0 F7200 X42.82 Y55.265
G1 F1800 X37.18 Y49.625 E0.13264
G0 F7200 X37.18 Y49.059
G1 F1800 X42.82 Y54.7 E0.13266
G0 F7200 X42.82 Y54.134
G1 F1800 X37.18 Y48.493 E0.13266
G0 F7200 X37.18 Y47.928
G1 F1800 X42.82 Y53.568 E0.13264
G0 F7200 X42.82 Y53.003
G1 F1800 X37.18 Y47.362 E0.13266
G0 F7200 X37.18 Y46.796
G1 F1800 X42.82 Y52.437 E0.13266
G0 F7200 X42.82 Y51.871
G1 F1800 X37.18 Y46.231 E0.13264
G0 F7200 X37.18 Y45.665
G1 F1800 X42.82 Y51.306 E0.13266
G0 F7200 X42.82 Y50.74
G1 F1800 X37.18 Y45.099 E0.13266
G0 F7200 X37.18 Y44.534
G1 F1800 X42.82 Y50.174 E0.13264
G0 F7200 X42.82 Y49.608
G1 F1800 X37.18 Y43.968 E0.13264
G0 F7200 X37.18 Y43.402
G1 F1800 X42.82 Y49.043 E0.13266
G0 F7200 X42.82 Y48.477
G1 F1800 X37.18 Y42.837 E0.13264
G0 F7200 X37.18 Y42.271
G1 F1800 X42.82 Y47.911 E0.13264
G0 F7200 X42.82 Y47.346
G1 F1800 X37.18 Y41.705 E0.13266
G0 F7200 X37.721 Y41.68
G1 F1800 X42.82 Y46.78 E0.11993
G0 F7200 X42.82 Y46.214
G1 F1800 X38.286 Y41.68 E0.10663
G0 F7200 X38.852 Y41.68
G1 F1800 X42.82 Y45.649 E0.09333
G0 F7200 X42.82 Y45.083
G1 F1800 X39.418 Y41.68 E0.08002
G0 F7200 X39.983 Y41.68
G1 F1800 X42.82 Y44.517 E0.06672
G0 F7200 X42.82 Y43.952
G1 F1800 X40.549 Y41.68 E0.05342
G0 F7200 X41.115 Y41.68
G1 F1800 X42.82 Y43.386 E0.04011
G0 F7200 X42.82 Y42.82
G1 F1800 X41.68 Y41.68 E0.02681
G0 F7200 X42.246 Y41.68
G1 F1800 X42.82 Y42.255 E0.01351
G1 X42.89 Y42.325
G0 F7200 X42.79 Y42.325
G1 F1500 E-6.5
G0 F7200 X43.57 Y58.62
G0 X44.665 Y58.62
G0 X46.43 Y58.62
G0 X53.09 Y58.62
G0 X53.4 Y58.9
;TYPE:WALL-INNER
G1 F1500 E6.5
G1 F3600 X53.4 Y41.1 E0.29602
G1 X46.6 Y41.1 E0.11308
G1 X46.6 Y58.9 E0.29602
G1 X53.4 Y58.9 E0.11308
G0 F7200 X53.8 Y59.3
;TYPE:WALL-OUTER
G1 F1800 X53.8 Y40.7 E0.30932
G1 X46.2 Y40.7 E0.12639
G1 X46.2 Y59.3 E0.30932
G1 X53.8 Y59.3 E0.12639
G0 F7200 X53.8 Y59.1
G0 X53.02 Y58.52
;TYPE:SKIN
G1 F1800 X46.98 Y58.52 E0.10045
G1 X46.98 Y41.48 E0.28338
G1 X53.02 Y41.48 E0.10045
G1 X53.02 Y58.52 E0.28338
G0 F7200 X47.18 Y57.928
G1 F1800 X47.572 Y58.32 E0.00922
G0 F7200 X48.138 Y58.32
G1 F1800 X47.18 Y57.363 E0.02252
G0 F7200 X47.18 Y56.797
G1 F1800 X48.703 Y58.32 E0.03582
G0 F7200 X49.269 Y58.32
G1 F1800 X47.18 Y56.231 E0.04913
G0 F7200 X47.18 Y55.666
G1 F1800 X49.835 Y58.32 E0.06243
G0 F7200 X50.4 Y58.32
G1 F1800 X47.18 Y55.1 E0.07573
G0 F7200 X47.18 Y54.534
G1 F1800 X50.966 Y58.32 E0.08904
G0 F7200 X51.532 Y58.32
G1 F1800 X47.18 Y53.969 E0.10234
G0 F7200 X47.18 Y53.403
G1 F1800 X52.098 Y58.32 E0.11565
G0 F7200 X52.663 Y58.32
G1 F1800 X47.18 Y52.837 E0.12895
G0 F7200 X47.18 Y52.271
G1 F1800 X52.82 Y57.911 E0.13264
G0 F7200 X52.82 Y57.346
G1 F1800 X47.18 Y51.706 E0.13264
G0 F7200 X47.18 Y51.14
G1 F1800 X52.82 Y56.78 E0.13264
G0 F7200 X52.82 Y56.214
G1 F1800 X47.18 Y50.574 E0.13264
G0 F7200 X47.18 Y50.009
G1 F1800 X52.82 Y55.649 E0.13264
G0 F7200 X52.82 Y55.083
G1 F1800 X47.18 Y49.443 E0.13264
G0 F7200 X47.18 Y48.877
G1 F1800 X52.82 Y54.517 E0.13264
G0 F7200 X52.82 Y53.952
G1 F1800 X47.18 Y48.312 E0.13264
G0 F7200 X47.18 Y47.746
G1 F1800 X52.82 Y53.386 E0.13264
G0 F7200 X52.82 Y52.82
G1 F1800 X47.18 Y47.18 E0.13264
G0 F7200 X47.18 Y46.615
G1 F1800 X52.82 Y52.254 E0.13263
G0 F7200 X52.82 Y51.689
G1 F1800 X47.18 Y46.049 E0.13264
G0 F7200 X47.18 Y45.483
G1 F1800 X52.82 Y51.123 E0.13264
G0 F7200 X52.82 Y50.557
G1 F1800 X47.18 Y44.918 E0.13263
G0 F7200 X47.18 Y44.352
G1 F1800 X52.82 Y49.992 E0.13264
G0 F7200 X52.82 Y49.426
G1 F1800 X47.18 Y43.786 E0.13264
G0 F7200 X47.18 Y43.22
G1 F1800 X52.82 Y48.86 E0.13264
G0 F7200 X52.82 Y48.295
G1 F1800 X47.18 Y42.655 E0.13264
G0 F7200 X47.18 Y42.089
G1 F1800 X52.82 Y47.729 E0.13264
G0 F7200 X52.82 Y47.163
G1 F1800 X47.337 Y41.68 E0.12895
G0 F7200 X47.903 Y41.68
G1 F1800 X52.82 Y46.598 E0.11565
G0 F7200 X52.82 Y46.032
G1 F1800 X48.469 Y41.68 E0.10234
G0 F7200 X49.034 Y41.68
G1 F1800 X52.82 Y45.466 E0.08904
G0 F7200 X52.82 Y44.901
G1 F1800 X49.6 Y41.68 E0.07574
G0 F7200 X50.166 Y41.68
G1 F1800 X52.82 Y44.335 E0.06243
G0 F7200 X52.82 Y43.769
G1 F1800 X50.731 Y41.68 E0.04913
G0 F7200 X51.297 Y41.68
G1 F1800 X52.82 Y43.204 E0.03583
G0 F7200 X52.82 Y42.638
G1 F1800 X51.863 Y41.68 E0.02252
G0 F7200 X52.428 Y41.68
G1 F1800 X52.82 Y42.072 E0.00922
G0 F7200 X52.79 Y42.072
G1 F1500 E-6.5
G0 F7200 X53.57 Y58.62
G0 X54.665 Y58.62
G0 X56.43 Y58.62
G0 X63.09 Y58.62
G0 X63.4 Y58.9
;TYPE:WALL-INNER
G1 F1500 E6.5
G1 F3600 X63.4 Y41.1 E0.29602
G1 X56.6 Y41.1 E0.11308
G1 X56.6 Y58.9 E0.29602
G1 X63.4 Y58.9 E0.11308
G0 F7200 X63.8 Y59.3
;TYPE:WALL-OUTER
G1 F1800 X63.8 Y40.7 E0.30932
G1 X56.2 Y40.7 E0.12639
G1 X56.2 Y59.3 E0.30932
G1 X63.8 Y59.3 E0.12639
G0 F7200 X63.8 Y59.1
G0 X63.02 Y58.52
;TYPE:SKIN
G1 F1800 X56.98 Y58.52 E0.10045
G1 X56.98 Y41.48 E0.28338
G1 X63.02 Y41.48 E0.10045
G1 X63.02 Y58.52 E0.28338
G0 F7200 X57.18 Y57.746
G1 F1800 X57.754 Y58.32 E0.0135
G0 F7200 X58.32 Y58.32
G1 F1800 X57.18 Y57.18 E0.02681
G0 F7200 X57.18 Y56.615
G1 F1800 X58.886 Y58.32 E0.04011
G0 F7200 X59.451 Y58.32
G1 F1800 X57.18 Y56.049 E0.05341
G0 F7200 X57.18 Y55.483
G1 F1800 X60.017 Y58.32 E0.06672
G0 F7200 X60.583 Y58.32
G1 F1800 X57.18 Y54.917 E0.08003
G0 F7200 X57.18 Y54.352
G1 F1800 X61.148 Y58.32 E0.09332
G0 F7200 X61.714 Y58.32
G1 F1800 X57.18 Y53.786 E0.10663
G0 F7200 X57.18 Y53.22
G1 F1800 X62.28 Y58.32 E0.11994
G0 F7200 X62.82 Y58.295
G1 F1800 X57.18 Y52.655 E0.13264
G0 F7200 X57.18 Y52.089
G1 F1800 X62.82 Y57.729 E0.13264
G0 F7200 X62.82 Y57.163
G1 F1800 X57.18 Y51.523 E0.13264
G0 F7200 X57.18 Y50.958
G1 F1800 X62.82 Y56.598 E0.13264
G0 F7200 X62.82 Y56.032
G1 F1800 X57.18 Y50.392 E0.13264
G0 F7200 X57.18 Y49.826
G1 F1800 X62.82 Y55.466 E0.13264
G0 F7200 X62.82 Y54.9
G1 F1800 X57.18 Y49.261 E0.13263
G0 F7200 X57.18 Y48.695
G1 F1800 X62.82 Y54.335 E0.13264
G0 F7200 X62.82 Y53.769
G1 F1800 X57.18 Y48.129 E0.13264
G0 F7200 X57.18 Y47.564
G1 F1800 X62.82 Y53.203 E0.13263
G0 F7200 X62.82 Y52.638
G1 F1800 X57.18 Y46.998 E0.13264
G0 F7200 X57.18 Y46.432
G1 F1800 X62.82 Y52.072 E0.13264
G0 F7200 X62.82 Y51.506
G1 F1800 X57.18 Y45.866 E0.13264
G0 F7200 X57.18 Y45.301
G1 F1800 X62.82 Y50.941 E0.13264
G0 F7200 X62.82 Y50.375
G1 F1800 X57.18 Y44.735 E0.13264
G0 F7200 X57.18 Y44.169
G1 F1800 X62.82 Y49.809 E0.13264
G0 F7200 X62.82 Y49.244
G1 F1800 X57.18 Y43.604 E0.13264
G0 F7200 X57.18 Y43.038
G1 F1800 X62.82 Y48.678 E0.13264
G0 F7200 X62.82 Y48.112
G1 F1800 X57.18 Y42.472 E0.13264
G0 F7200 X57.18 Y41.907
G1 F1800 X62.82 Y47.547 E0.13264
G0 F7200 X62.82 Y46.981
G1 F1800 X57.52 Y41.68 E0.12466
G0 F7200 X58.085 Y41.68
G1 F1800 X62.82 Y46.415 E0.11136
G0 F7200 X62.82 Y45.85
G1 F1800 X58.651 Y41.68 E0.09806
G0 F7200 X59.217 Y41.68
G1 F1800 X62.82 Y45.284 E0.08475
G0 F7200 X62.82 Y44.718
G1 F1800 X59.782 Y41.68 E0.07145
G0 F7200 X60.348 Y41.68
G1 F1800 X62.82 Y44.152 E0.05814
G0 F7200 X62.82 Y43.587
G1 F1800 X60.914 Y41.68 E0.04484
G0 F7200 X61.479 Y41.68
G1 F1800 X62.82 Y43.021 E0.03154
G0 F7200 X62.82 Y42.455
G1 F1800 X62.045 Y41.68 E0.01823
G0 F7200 X62.611 Y41.68
G1 F1800 X62.82 Y41.89 E0.00493
G0 F7200 X62.79 Y41.89
G1 F1500 E-6.5
;MESH:NONMESH
G0 F600 X62.79 Y41.89 Z1
G0 F7200 X56.43 Y58.62
G0 X55.335 Y58.62
G0 X54.653 Y60.153
G0 X45.347 Y60.153
G0 X44.665 Y58.62
G0 X43.57 Y58.62
G0 X43.4 Y58.9
;TIME_ELAPSED:295.001339
;LAYER:7
;TYPE:WALL-INNER
;MESH:pin.stl
G1 F1500 E6.5
G1 F3600 X43.4 Y41.1 E0.29602
G1 X36.6 Y41.1 E0.11308
G1 X36.6 Y58.9 E0.29602
G1 X43.4 Y58.9 E0.11308
G0 F7200 X43.8 Y59.3
;TYPE:WALL-OUTER
G1 F1800 X43.8 Y40.7 E0.30932
G1 X36.2 Y40.7 E0.12639
G1 X36.2 Y59.3 E0.30932
G1 X43.8 Y59.3 E0.12639
G0 F7200 X43.8 Y59.1
G0 X43.02 Y58.52
;TYPE:SKIN
G1 F1800 X36.98 Y58.52 E0.10045
G1 X36.98 Y41.48 E0.28338
G1 X43.02 Y41.48 E0.10045
G1 X43.02 Y58.52 E0.28338
G0 F7200 X42.372 Y58.32
G1 F1800 X42.82 Y57.872 E0.01054
G0 F7200 X42.82 Y57.306
G1 F1800 X41.806 Y58.32 E0.02385
G0 F7200 X41.241 Y58.32
G1 F1800 X42.82 Y56.74 E0.03715
G0 F7200 X42.82 Y56.175
G1 F1800 X40.675 Y58.32 E0.05045
G0 F7200 X40.109 Y58.32
G1 F1800 X42.82 Y55.609 E0.06376
G0 F7200 X42.82 Y55.043
G1 F1800 X39.544 Y58.32 E0.07706
G0 F7200 X38.978 Y58.32
G1 F1800 X42.82 Y54.478 E0.09036
G0 F7200 X42.82 Y53.912
G1 F1800 X38.412 Y58.32 E0.10367
G0 F7200 X37.846 Y58.32
G1 F1800 X42.82 Y53.346 E0.11698
G0 F7200 X42.82 Y52.781
G1 F1800 X37.281 Y58.32 E0.13027
G0 F7200 X37.18 Y57.855
G1 F1800 X42.82 Y52.215 E0.13264
G0 F7200 X42.82 Y51.649
G1 F1800 X37.18 Y57.289 E0.13264
G0 F7200 X37.18 Y56.723
G1 F1800 X42.82 Y51.084 E0.13263
G0 F7200 X42.82 Y50.518
G1 F1800 X37.18 Y56.158 E0.13264
G0 F7200 X37.18 Y55.592
G1 F1800 X42.82 Y49.952 E0.13264
G0 F7200 X42.82 Y49.386
G1 F1800 X37.18 Y55.026 E0.13264
G0 F7200 X37.18 Y54.461
G1 F1800 X42.82 Y48.821 E0.13264
G0 F7200 X42.82 Y48.255
G1 F1800 X37.18 Y53.895 E0.13264
G0 F7200 X37.18 Y53.329
G1 F1800 X42.82 Y47.689 E0.13264
G0 F7200 X42.82 Y47.124
G1 F1800 X37.18 Y52.764 E0.13264
G0 F7200 X37.18 Y52.198
G1 F1800 X42.82 Y46.558 E0.13264
G0 F7200 X42.82 Y45.992
G1 F1800 X37.18 Y51.632 E0.13264
G0 F7200 X37.18 Y51.067
G1 F1800 X42.82 Y45.427 E0.13264
G0 F7200 X42.82 Y44.861
G1 F1800 X37.18 Y50.501 E0.13264
G0 F7200 X37.18 Y49.935
G1 F1800 X42.82 Y44.295 E0.13264
G0 F7200 X42.82 Y43.73
G1 F1800 X37.18 Y49.369 E0.13263
G0 F7200 X37.18 Y48.804
G1 F1800 X42.82 Y43.164 E0.13264
G0 F7200 X42.82 Y42.598
G1 F1800 X37.18 Y48.238 E0.13264
G0 F7200 X37.18 Y47.672
G1 F1800 X42.82 Y42.033 E0.13263
G0 F7200 X42.607 Y41.68
G1 F1800 X37.18 Y47.107 E0.12763
G0 F7200 X37.18 Y46.541
G1 F1800 X42.042 Y41.68 E0.11434
G0 F7200 X41.476 Y41.68
G1 F1800 X37.18 Y45.975 E0.10102
G0 F7200 X37.18 Y45.41
G1 F1800 X40.91 Y41.68 E0.08772
G0 F7200 X40.345 Y41.68
G1 F1800 X37.18 Y44.844 E0.07442
G0 F7200 X37.18 Y44.278
G1 F1800 X39.779 Y41.68 E0.06111
G0 F7200 X39.213 Y41.68
G1 F1800 X37.18 Y43.713 E0.04781
G0 F7200 X37.18 Y43.147
G1 F1800 X38.648 Y41.68 E0.03451
G0 F7200 X38.082 Y41.68
G1 F1800 X37.18 Y42.581 E0.0212
G0 F7200 X37.18 Y42.016
G1 F1800 X37.516 Y41.68 E0.0079
G0 F7200 X37.516 Y41.71
G1 F1500 E-6.5
G0 F7200 X43.57 Y58.62
G0 X44.665 Y58.62
G0 X46.43 Y58.62
G0 X53.09 Y58.62
G0 X53.4 Y58.9
;TYPE:WALL-INNER
G1 F1500 E6.5
G1 F3600 X53.4 Y41.1 E0.29602
G1 X46.6 Y41.1 E0.11308
G1 X46.6 Y58.9 E0.29602
G1 X53.4 Y58.9 E0.11308
G0 F7200 X53.8 Y59.3
;TYPE:WALL-OUTER
G1 F1800 X53.8 Y40.7 E0.30932
G1 X46.2 Y40.7 E0.12639
G1 X46.2 Y59.3 E0.30932
G1 X53.8 Y59.3 E0.12639
G0 F7200 X53.8 Y59.1
G0 X53.02 Y58.52
;TYPE:SKIN
G1 F1800 X46.98 Y58.52 E0.10045
G1 X46.98 Y41.48 E0.28338
G1 X53.02 Y41.48 E0.10045
G1 X53.02 Y58.52 E0.28338
G0 F7200 X52.554 Y58.32
G1 F1800 X52.82 Y58.054 E0.00626
G0 F7200 X52.82 Y57.488
G1 F1800 X51.989 Y58.32 E0.01956
G0 F7200 X51.423 Y58.32
G1 F1800 X52.82 Y56.923 E0.03286
G0 F7200 X52.82 Y56.357
G1 F1800 X50.857 Y58.32 E0.04617
G0 F7200 X50.292 Y58.32
G1 F1800 X52.82 Y55.791 E0.05947
G0 F7200 X52.82 Y55.226
G1 F1800 X49.726 Y58.32 E0.07277
G0 F7200 X49.16 Y58.32
G1 F1800 X52.82 Y54.66 E0.08608
G0 F7200 X52.82 Y54.094
G1 F1800 X48.594 Y58.32 E0.09939
G0 F7200 X48.029 Y58.32
G1 F1800 X52.82 Y53.529 E0.11268
G0 F7200 X52.82 Y52.963
G1 F1800 X47.463 Y58.32 E0.12599
G0 F7200 X47.18 Y58.037
G1 F1800 X52.82 Y52.397 E0.13264
G0 F7200 X52.82 Y51.832
G1 F1800 X47.18 Y57.472 E0.13264
G0 F7200 X47.18 Y56.906
G1 F1800 X52.82 Y51.266 E0.13264
G0 F7200 X52.82 Y50.7
G1 F1800 X47.18 Y56.34 E0.13264
G0 F7200 X47.18 Y55.774
G1 F1800 X52.82 Y50.135 E0.13263
G0 F7200 X52.82 Y49.569
G1 F1800 X47.18 Y55.209 E0.13264
G0 F7200 X47.18 Y54.643
G1 F1800 X52.82 Y49.003 E0.13264
G0 F7200 X52.82 Y48.438
G1 F1800 X47.18 Y54.077 E0.13263
G0 F7200 X47.18 Y53.512
G1 F1800 X52.82 Y47.872 E0.13264
G0 F7200 X52.82 Y47.306
G1 F1800 X47.18 Y52.946 E0.13264
G0 F7200 X47.18 Y52.38
G1 F1800 X52.82 Y46.74 E0.13264
G0 F7200 X52.82 Y46.175
G1 F1800 X47.18 Y51.815 E0.13264
G0 F7200 X47.18 Y51.249
G1 F1800 X52.82 Y45.609 E0.13264
G0 F7200 X52.82 Y45.043
G1 F1800 X47.18 Y50.683 E0.13264
G0 F7200 X47.18 Y50.118
G1 F1800 X52.82 Y44.478 E0.13264
G0 F7200 X52.82 Y43.912
G1 F1800 X47.18 Y49.552 E0.13264
G0 F7200 X47.18 Y48.986
G1 F1800 X52.82 Y43.346 E0.13264
G0 F7200 X52.82 Y42.781
G1 F1800 X47.18 Y48.421 E0.13264
G0 F7200 X47.18 Y47.855
G1 F1800 X52.82 Y42.215 E0.13264
G0 F7200 X52.789 Y41.68
G1 F1800 X47.18 Y47.289 E0.13192
G0 F7200 X47.18 Y46.723
G1 F1800 X52.223 Y41.68 E0.1186
G0 F7200 X51.658 Y41.68
G1 F1800 X47.18 Y46.158 E0.10532
G0 F7200 X47.18 Y45.592
G1 F1800 X51.092 Y41.68 E0.092
G0 F7200 X50.526 Y41.68
G1 F1800 X47.18 Y45.026 E0.07869
G0 F7200 X47.18 Y44.461
G1 F1800 X49.961 Y41.68 E0.0654
G0 F7200 X49.395 Y41.68
G1 F1800 X47.18 Y43.895 E0.05209
G0 F7200 X47.18 Y43.329
G1 F1800 X48.829 Y41.68 E0.03878
G0 F7200 X48.264 Y41.68
G1 F1800 X47.18 Y42.764 E0.02549
G0 F7200 X47.18 Y42.198
G1 F1800 X47.698 Y41.68 E0.01218
G0 F7200 X47.698 Y41.71
G1 F1500 E-6.5
G0 F7200 X53.57 Y58.62
G0 X54.665 Y58.62
G0 X56.43 Y58.62
G0 X63.09 Y58.62
G0 X63.4 Y58.9
;TYPE:WALL-INNER
G1 F1500 E6.5
G1 F3600 X63.4 Y41.1 E0.29602
G1 X56.6 Y41.1 E0.11308
G1 X56.6 Y58.9 E0.29602
G1 X63.4 Y58.9 E0.11308
G0 F7200 X63.8 Y59.3
;TYPE:WALL-OUTER
G1 F1800 X63.8 Y40.7 E0.30932
G1 X56.2 Y40.7 E0.12639
G1 X56.2 Y59.3 E0.30932
G1 X63.8 Y59.3 E0.12639
G0 F7200 X63.8 Y59.1
G0 X63.02 Y58.52
;TYPE:SKIN
G1 F1800 X56.98 Y58.52 E0.10045
G1 X56.98 Y41.48 E0.28338
G1 X63.02 Y41.48 E0.10045
G1 X63.02 Y58.52 E0.28338
G0 F7200 X62.737 Y58.32
G1 F1800 X62.82 Y58.237 E0.00195
G0 F7200 X62.82 Y57.671
G1 F1800 X62.171 Y58.32 E0.01526
G0 F7200 X61.605 Y58.32
G1 F1800 X62.82 Y57.105 E0.02857
G0 F7200 X62.82 Y56.54
G1 F1800 X61.04 Y58.32 E0.04186
G0 F7200 X60.474 Y58.32
G1 F1800 X62.82 Y55.974 E0.05517
G0 F7200 X62.82 Y55.408
G1 F1800 X59.908 Y58.32 E0.06849
G0 F7200 X59.343 Y58.32
G1 F1800 X62.82 Y54.842 E0.08179
G0 F7200 X62.82 Y54.277
G1 F1800 X58.777 Y58.32 E0.09509
G0 F7200 X58.211 Y58.32
G1 F1800 X62.82 Y53.711 E0.1084
G0 F7200 X62.82 Y53.145
G1 F1800 X57.645 Y58.32 E0.12171
G0 F7200 X57.18 Y58.22
G1 F1800 X62.82 Y52.58 E0.13264
G0 F7200 X62.82 Y52.014
G1 F1800 X57.18 Y57.654 E0.13264
G0 F7200 X57.18 Y57.088
G1 F1800 X62.82 Y51.448 E0.13264
G0 F7200 X62.82 Y50.883
G1 F1800 X57.18 Y56.523 E0.13264
G0 F7200 X57.18 Y55.957
G1 F1800 X62.82 Y50.317 E0.13264
G0 F7200 X62.82 Y49.751
G1 F1800 X57.18 Y55.391 E0.13264
G0 F7200 X57.18 Y54.826
G1 F1800 X62.82 Y49.186 E0.13264
G0 F7200 X62.82 Y48.62
G1 F1800 X57.18 Y54.26 E0.13264
G0 F7200 X57.18 Y53.694
G1 F1800 X62.82 Y48.054 E0.13264
G0 F7200 X62.82 Y47.489
G1 F1800 X57.18 Y53.128 E0.13263
G0 F7200 X57.18 Y52.563
G1 F1800 X62.82 Y46.923 E0.13264
G0 F7200 X62.82 Y46.357
G1 F1800 X57.18 Y51.997 E0.13264
G0 F7200 X57.18 Y51.431
G1 F1800 X62.82 Y45.792 E0.13263
G0 F7200 X62.82 Y45.226
G1 F1800 X57.18 Y50.866 E0.13264
G0 F7200 X57.18 Y50.3
G1 F1800 X62.82 Y44.66 E0.13264
G0 F7200 X62.82 Y44.094
G1 F1800 X57.18 Y49.734 E0.13264
G0 F7200 X57.18 Y49.169
G1 F1800 X62.82 Y43.529 E0.13264
G0 F7200 X62.82 Y42.963
G1 F1800 X57.18 Y48.603 E0.13264
G0 F7200 X57.18 Y48.037
G1 F1800 X62.82 Y42.397 E0.13264
G0 F7200 X62.82 Y41.832
G1 F1800 X57.18 Y47.472 E0.13264
G0 F7200 X57.18 Y46.906
G1 F1800 X62.406 Y41.68 E0.12291
G0 F7200 X61.84 Y41.68
G1 F1800 X57.18 Y46.34 E0.1096
G0 F7200 X57.18 Y45.775
G1 F1800 X61.274 Y41.68 E0.0963
G0 F7200 X60.709 Y41.68
G1 F1800 X57.18 Y45.209 E0.083
G0 F7200 X57.18 Y44.643
G1 F1800 X60.143 Y41.68 E0.06969
G0 F7200 X59.577 Y41.68
G1 F1800 X57.18 Y44.078 E0.05639
G0 F7200 X57.18 Y43.512
G1 F1800 X59.012 Y41.68 E0.04309
G0 F7200 X58.446 Y41.68
G1 F1800 X57.18 Y42.946 E0.02977
G0 F7200 X57.18 Y42.38
G1 F1800 X57.88 Y41.68 E0.01646
G0 F7200 X57.315 Y41.68
G1 F1800 X57.18 Y41.815 E0.00317
G0 F7200 X57.21 Y41.815
G1 F1500 E-6.5
;MESH:NONMESH
G0 F600 X57.21 Y41.815 Z1.1
G0 F7200 X56.43 Y42.417
G0 X55.335 Y42.417
G0 X54.653 Y39.847
G0 X45.347 Y39.847
G0 X44.665 Y42.417
G0 X43.57 Y42.417
G0 X36.91 Y42.417
G0 X36.76 Y42.417
;TIME_ELAPSED:336.152952
;LAYER:8
;TYPE:FILL
;MESH:pin.stl
G1 F1500 E6.5
G1 F3600 X43.24 Y48.897 E0.1524
G1 X43.31 Y48.967
G0 F7200 X43.09 Y48.967
G0 X43.09 Y51.102
G0 X43.24 Y51.102
G1 F3600 X36.76 Y57.582 E0.1524
G1 X36.69 Y57.652
G0 F7200 X36.91 Y57.652
G0 X36.91 Y53.73
G0 X36.76 Y53.73
G1 F3600 X41.77 Y58.74 E0.11783
G0 F7200 X41.259 Y58.74
G1 F3600 X43.24 Y56.759 E0.04659
G1 X43.31 Y56.689
G0 F7200 X43.09 Y56.689
G0 X43.09 Y54.554
G0 X43.24 Y54.554
G1 F3600 X36.76 Y48.073 E0.15241
G1 X36.69 Y48.003
G0 F7200 X36.91 Y48.003
G0 X36.91 Y46.268
G0 X36.76 Y46.268
G1 F3600 X41.769 Y41.26 E0.11779
G0 F7200 X41.26 Y41.26
G1 F3600 X43.24 Y43.24 E0.04657
G1 X43.31 Y43.31
G0 F7200 X43.09 Y43.31
G0 X43.09 Y45.445
G0 X43.24 Y45.445
G1 F3600 X36.76 Y51.925 E0.1524
G1 X36.69 Y51.995
G0 F7200 X36.91 Y51.995
G0 X43.12 Y58.62
G0 X43.4 Y58.9
;TYPE:WALL-INNER
G1 F3600 X43.4 Y41.1 E0.29602
G1 X36.6 Y41.1 E0.11308
G1 X36.6 Y58.9 E0.29602
G1 X43.4 Y58.9 E0.11308
G0 F7200 X43.8 Y59.3
;TYPE:WALL-OUTER
G1 F1800 X43.8 Y40.7 E0.30932
G1 X36.2 Y40.7 E0.12639
G1 X36.2 Y59.3 E0.30932
G1 X43.8 Y59.3 E0.12639
G0 F7200 X43.8 Y59.1
G0 X42.79 Y58.408
G1 F1500 E-6.5
G0 F7200 X43.57 Y58.074
G0 X44.665 Y58.074
G0 X46.43 Y58.074
G0 X46.76 Y58.074
;TYPE:FILL
G1 F1500 E6.5
G1 F3600 X47.426 Y58.74 E0.01566
G0 F7200 X46.916 Y58.74
G1 F3600 X53.24 Y52.416 E0.14873
G1 X53.31 Y52.346
G0 F7200 X53.24 Y53.24
G1 F3600 X46.76 Y46.76 E0.1524
G1 X46.69 Y46.69
G0 F7200 X46.76 Y47.582
G1 F3600 X53.082 Y41.26 E0.14868
G0 F7200 X52.574 Y41.26
G1 F3600 X53.24 Y41.926 E0.01566
G1 X53.31 Y41.996
G0 F7200 X53.09 Y41.996
G0 X53.09 Y46.759
G0 X53.24 Y46.759
G1 F3600 X46.76 Y53.239 E0.1524
G1 X46.69 Y53.309
G0 F7200 X46.76 Y52.417
G1 F3600 X53.083 Y58.74 E0.14871
G0 F7200 X52.573 Y58.74
G1 F3600 X53.24 Y58.073 E0.01569
G1 X53.31 Y58.003
G0 F7200 X53.09 Y58.003
G0 X53.09 Y47.583
G0 X53.24 Y47.583
G1 F3600 X46.917 Y41.26 E0.14871
G0 F7200 X47.425 Y41.26
G1 F3600 X46.76 Y41.925 E0.01564
G1 X46.69 Y41.995
G0 F7200 X46.91 Y41.995
G0 X53.12 Y58.62
G0 X53.4 Y58.9
;TYPE:WALL-INNER
G1 F3600 X53.4 Y41.1 E0.29602
G1 X46.6 Y41.1 E0.11308
G1 X46.6 Y58.9 E0.29602
G1 X53.4 Y58.9 E0.11308
G0 F7200 X53.8 Y59.3
;TYPE:WALL-OUTER
G1 F1800 X53.8 Y40.7 E0.30932
G1 X46.2 Y40.7 E0.12639
G1 X46.2 Y59.3 E0.30932
G1 X53.8 Y59.3 E0.12639
G0 F7200 X53.8 Y59.1
G0 X52.79 Y58.408
G1 F1500 E-6.5
G0 F7200 X53.57 Y56.76
G0 X54.665 Y56.76
G0 X56.43 Y56.76
G0 X56.76 Y56.76
;TYPE:FILL
G1 F1500 E6.5
G1 F3600 X58.74 Y58.74 E0.04657
G0 F7200 X58.23 Y58.74
G1 F3600 X63.24 Y53.73 E0.11783
G1 X63.31 Y53.66
G0 F7200 X63.09 Y53.66
G0 X63.09 Y51.926
G0 X63.24 Y51.926
G1 F3600 X56.76 Y45.446 E0.1524
G1 X56.69 Y45.376
G0 F7200 X56.91 Y45.376
G0 X56.91 Y43.239
G0 X56.76 Y43.239
G1 F3600 X58.739 Y41.26 E0.04654
G0 F7200 X58.231 Y41.26
G1 F3600 X63.24 Y46.27 E0.11782
G1 X63.31 Y46.34
G0 F7200 X63.09 Y46.34
G0 X63.09 Y48.073
G0 X63.24 Y48.073
G1 F3600 X56.76 Y54.553 E0.1524
G1 X56.69 Y54.623
G0 F7200 X56.91 Y54.623
G0 X56.91 Y51.103
G0 X56.76 Y51.103
G1 F3600 X63.24 Y57.583 E0.1524
G1 X63.31 Y57.653
G0 F7200 X63.09 Y57.653
G0 X56.91 Y48.896
G0 X56.76 Y48.896
G1 F3600 X63.24 Y42.416 E0.1524
G1 X63.31 Y42.346
G0 F7200 X63.09 Y42.346
G0 X63.12 Y58.62
G0 X63.4 Y58.9
;TYPE:WALL-INNER
G1 F3600 X63.4 Y41.1 E0.29602
G1 X56.6 Y41.1 E0.11308
G1 X56.6 Y58.9 E0.29602
G1 X63.4 Y58.9 E0.11308
G0 F7200 X63.8 Y59.3
;TYPE:WALL-OUTER
G1 F1800 X63.8 Y40.7 E0.30932
G1 X56.2 Y40.7 E0.12639
G1 X56.2 Y59.3 E0.30932
G1 X63.8 Y59.3 E0.12639
G0 F7200 X63.8 Y59.1
G0 X62.79 Y58.408
G1 F1500 E-6.5
;MESH:NONMESH
G0 F600 X62.79 Y58.408 Z1.2
G0 F7200 X56.43 Y42.417
G0 X55.335 Y42.417
G0 X54.653 Y39.847
G0 X45.347 Y39.847
G0 X44.665 Y42.417
G0 X43.57 Y42.417
G0 X36.91 Y42.417
G0 X36.76 Y42.417
;TIME_ELAPSED:351.083659
;LAYER:9
;TYPE:FILL
;MESH:pin.stl
G1 F1500 E6.5
G1 F3600 X37.2 Y42.858 E0.01036
G1 X37.2 Y45.828 E0.04939
G1 X37.2 Y48.512 E0.04464
G1 X42.8 Y54.113 E0.13172
G1 X42.8 Y51.541 E0.04277
G1 X42.8 Y51.543
G1 X43.24 Y51.102 E0.01036
G0 F7200 X43.09 Y51.102
G0 X43.09 Y48.897
G0 X43.24 Y48.897
G1 F3600 X42.8 Y48.456 E0.01036
G1 X42.8 Y45.886 E0.04274
G1 X37.2 Y51.484 E0.13168
G1 X37.2 Y48.514 E0.04939
G1 X36.76 Y48.073 E0.01036
G0 F7200 X37.2 Y48.512
G0 X36.91 Y46.268
G0 X36.76 Y46.268
G1 F3600 X37.2 Y45.828 E0.01035
G1 X37.2 Y45.829
G1 X39.827 Y43.2 E0.06181
G0 F7200 X40.1 Y42.928
G1 F3600 X41.769 Y41.26 E0.03924
G0 F7200 X41.26 Y41.26
G1 F3600 X43.24 Y43.24 E0.04657
G0 F7200 X43.2 Y43.766
G1 F3600 X41.231 Y41.797 E0.04631
G0 F7200 X40.949 Y42.08
G1 F3600 X43.2 Y44.331 E0.05294
G0 F7200 X43.2 Y44.897
G1 F3600 X40.666 Y42.363 E0.0596
G0 F7200 X40.383 Y42.646
G1 F3600 X43.2 Y45.463 E0.06625
G1 X43.24 Y45.445
G1 X42.928 Y45.756 E0.00733
G1 X40.1 Y42.928 E0.06651
G1 X39.827 Y43.2 E0.00641
G1 X37.544 Y43.2 E0.03797
G1 X37.2 Y42.858 E0.00807
G0 F7200 X37.544 Y43.2
G1 F3600 X42.8 Y48.458 E0.12364
G1 X42.8 Y51.541 E0.05127
G1 X39.943 Y54.4 E0.06722
G1 X43.085 Y54.4 E0.05225
G1 X42.8 Y54.113 E0.00673
G0 F7200 X43.085 Y54.4
G1 F3600 X43.24 Y54.554 E0.00363
G0 F7200 X43.2 Y55.2
G1 F3600 X39.143 Y55.2 E0.06747
G0 F7200 X38.743 Y55.6
G1 F3600 X43.2 Y55.6 E0.07412
G0 F7200 X43.2 Y56.4
G1 F3600 X39.431 Y56.4 E0.06268
G0 F7200 X39.829 Y56.8
G1 F3600 X43.198 Y56.8 E0.05603
G1 X41.259 Y58.74 E0.04561
G0 F7200 X41.77 Y58.74
G1 F3600 X39.829 Y56.8 E0.04564
G1 X37.543 Y56.8 E0.03802
G1 X37.2 Y57.141 E0.00804
G1 X37.2 Y54.171 E0.04939
G1 X36.76 Y53.73 E0.01036
G0 F7200 X37.2 Y54.169
G0 X36.91 Y51.925
G0 X36.76 Y51.925
G1 F3600 X37.2 Y51.486 E0.01034
G1 X37.2 Y54.169 E0.04462
G1 X39.831 Y56.8 E0.06188
G1 X39.901 Y56.87
G0 F7200 X37.543 Y56.8
G1 F3600 X39.943 Y54.4 E0.05644
G1 X40.013 Y54.33
G0 F7200 X37.2 Y57.141
G1 F3600 X36.76 Y57.582 E0.01036
G0 F7200 X36.91 Y57.582
G0 X37.2 Y51.486
G0 X42.8 Y48.458
G0 X42.8 Y45.886
G1 F3600 X42.928 Y45.756 E0.00303
G0 F7200 X43.09 Y56.759
G0 X43.24 Y56.759
G1 F3600 X43.198 Y56.8 E0.00098
G0 F7200 X43.09 Y56.8
G0 X43.12 Y58.62
G0 X43.4 Y58.9
;TYPE:WALL-INNER
G1 F3600 X43.4 Y41.1 E0.29602
G1 X36.6 Y41.1 E0.11308
G1 X36.6 Y58.9 E0.29602
G1 X43.4 Y58.9 E0.11308
G0 F7200 X43.8 Y59.3
;TYPE:WALL-OUTER
G1 F1800 X43.8 Y40.7 E0.30932
G1 X36.2 Y40.7 E0.12639
G1 X36.2 Y59.3 E0.30932
G1 X43.8 Y59.3 E0.12639
G0 F7200 X43.8 Y59.1
G0 X42.79 Y58.408
G1 F1500 E-6.5
G0 F7200 X43.57 Y58.074
G0 X44.665 Y58.074
G0 X46.43 Y58.074
G0 X46.76 Y58.074
;TYPE:FILL
G1 F1500 E6.5
G1 F3600 X47.426 Y58.74 E0.01566
G0 F7200 X47.2 Y58.456
G1 F3600 X48 Y57.656 E0.01881
G1 X48 Y53.658 E0.06649
G1 X48.4 Y54.058 E0.00941
G0 F7200 X48 Y53.658
G1 F3600 X47.2 Y52.858 E0.01881
G1 X47.2 Y58.456 E0.0931
G1 X46.916 Y58.74 E0.00668
G1 X46.846 Y58.81
G0 F7200 X46.846 Y58.59
G0 X48 Y57.656
G1 F3600 X48.4 Y57.256 E0.00941
G1 X48.4 Y54.058 E0.05318
G1 X51.142 Y56.8 E0.06449
G1 X48.858 Y56.8 E0.03798
G1 X51.6 Y54.057 E0.0645
G1 X51.67 Y53.987
G0 F7200 X52.4 Y53.257
G1 F3600 X51.6 Y54.057 E0.01881
G1 X51.6 Y57.256 E0.0532
G1 X51.142 Y56.8 E0.01075
G0 F7200 X51.6 Y57.256
G1 F3600 X52.4 Y58.056 E0.01881
G1 X52.4 Y53.257 E0.07981
G1 X52.8 Y52.857 E0.00941
G1 X52.8 Y52.799
G1 X47.2 Y47.201 E0.13168
G1 X47.2 Y47.142
G1 X47.6 Y46.742 E0.00941
G1 X47.6 Y41.944 E0.07979
G1 X48.4 Y42.744 E0.01881
G0 F7200 X48.858 Y43.2
G1 F3600 X51.383 Y45.725 E0.05938
G1 X51.5 Y42.843 E0.04797
G1 X52.335 Y42.008 E0.01964
G0 F7200 X52.752 Y41.591
G1 F3600 X52.335 Y42.008 E0.00981
G1 X52.152 Y46.494 E0.07466
G1 X51.383 Y45.725 E0.01809
G1 X51.313 Y45.655
G0 F7200 X52.152 Y46.494
G1 F3600 X52.537 Y46.878 E0.00904
G1 X52.752 Y41.591 E0.088
G1 X53.082 Y41.26 E0.00777
G0 F7200 X52.574 Y41.26
G1 F3600 X53.24 Y41.926 E0.01566
G1 X53.31 Y41.996
G0 F7200 X53.09 Y41.996
G0 X51.5 Y42.843
G1 F3600 X51.141 Y43.2 E0.00842
G1 X48.858 Y43.2 E0.03797
G1 X48.4 Y42.744 E0.01075
G1 X48.4 Y45.942 E0.05318
G1 X47.6 Y46.742 E0.01881
G1 X47.53 Y46.812
G0 F7200 X46.76 Y46.76
G1 F3600 X47.2 Y47.201 E0.01036
G1 X47.2 Y52.799 E0.0931
G1 X52.8 Y47.2 E0.13169
G1 X52.8 Y52.799 E0.09311
G1 X53.24 Y53.24 E0.01036
G1 X53.31 Y53.31
G0 F7200 X53.24 Y52.416
G1 F3600 X52.8 Y52.857 E0.01036
G1 X52.8 Y58.456 E0.09311
G1 X52.4 Y58.056 E0.00941
G0 F7200 X52.8 Y58.456
G1 F3600 X53.083 Y58.74 E0.00667
G0 F7200 X52.573 Y58.74
G1 F3600 X53.24 Y58.073 E0.01569
G1 X53.31 Y58.003
G0 F7200 X53.09 Y58.003
G0 X48.858 Y56.8
G1 F3600 X48.4 Y57.256 E0.01075
G0 F7200 X46.91 Y53.239
G0 X46.76 Y53.239
G1 F3600 X47.2 Y52.799 E0.01035
G1 X47.2 Y52.858
G1 X46.76 Y52.417 E0.01036
G0 F7200 X46.91 Y52.417
G0 X46.91 Y47.582
G0 X46.76 Y47.582
G1 F3600 X47.2 Y47.142 E0.01035
G1 X47.2 Y41.544 E0.0931
G1 X47.6 Y41.944 E0.00941
G0 F7200 X47.2 Y41.544
G1 F3600 X46.917 Y41.26 E0.00667
G0 F7200 X47.425 Y41.26
G1 F3600 X46.76 Y41.925 E0.01564
G1 X46.69 Y41.995
G0 F7200 X46.91 Y41.995
G0 X48.4 Y45.942
G1 F3600 X51.141 Y43.2 E0.06448
G1 X51.211 Y43.13
G0 F7200 X52.537 Y46.878
G1 F3600 X53.24 Y47.583 E0.01656
G0 F7200 X52.8 Y47.2
G1 F3600 X53.24 Y46.759 E0.01036
G0 F7200 X53.09 Y46.759
G0 X53.12 Y58.62
G0 X53.4 Y58.9
;TYPE:WALL-INNER
G1 F3600 X53.4 Y41.1 E0.29602
G1 X46.6 Y41.1 E0.11308
G1 X46.6 Y58.9 E0.29602
G1 X53.4 Y58.9 E0.11308
G0 F7200 X53.8 Y59.3
;TYPE:WALL-OUTER
G1 F1800 X53.8 Y40.7 E0.30932
G1 X46.2 Y40.7 E0.12639
G1 X46.2 Y59.3 E0.30932
G1 X53.8 Y59.3 E0.12639
G0 F7200 X53.8 Y59.1
G0 X52.79 Y58.408
G1 F1500 E-6.5
G0 F7200 X53.57 Y56.76
G0 X54.665 Y56.76
G0 X56.43 Y56.76
G0 X56.76 Y56.76
;TYPE:FILL
G1 F1500 E6.5
G1 F3600 X58.74 Y58.74 E0.04657
G0 F7200 X58.23 Y58.74
G1 F3600 X59.899 Y57.071 E0.03925
G0 F7200 X60.172 Y56.8
G1 F3600 X62.8 Y54.171 E0.06182
G1 X62.8 Y57.142 E0.04941
G1 X63.24 Y57.583 E0.01036
G0 F7200 X62.8 Y57.142
G1 F3600 X62.456 Y56.8 E0.00807
G1 X60.172 Y56.8 E0.03798
G1 X59.899 Y57.071 E0.0064
G1 X57.071 Y54.243 E0.06651
G1 X56.76 Y54.553 E0.0073
G1 X56.8 Y54.537
G1 X59.616 Y57.353 E0.06623
G0 F7200 X59.333 Y57.636
G1 F3600 X56.8 Y55.103 E0.05957
G0 F7200 X56.8 Y55.668
G1 F3600 X59.05 Y57.919 E0.05293
G0 F7200 X58.768 Y58.202
G1 F3600 X56.8 Y56.234 E0.04628
G1 X56.73 Y56.164
G0 F7200 X56.91 Y56.164
G0 X57.071 Y54.243
G1 F3600 X57.2 Y54.112 E0.00306
G0 F7200 X57.2 Y51.544
G0 X56.76 Y51.103
G1 F3600 X57.2 Y51.544 E0.01036
G1 X57.2 Y54.112 E0.04271
G1 X62.8 Y48.514 E0.13168
G1 X62.8 Y51.485 E0.04941
G1 X63.24 Y51.926 E0.01036
G0 F7200 X62.8 Y51.487
G0 X63.09 Y53.73
G0 X63.24 Y53.73
G1 F3600 X62.8 Y54.17 E0.01035
G1 X62.8 Y51.487 E0.04462
G1 X57.2 Y45.887 E0.1317
G0 F7200 X56.915 Y45.6
G1 F3600 X57.2 Y45.887 E0.00673
G1 X57.2 Y48.455 E0.04271
G1 X60.055 Y45.6 E0.06715
G1 X56.915 Y45.6 E0.05222
G1 X56.76 Y45.446 E0.00363
G0 F7200 X56.8 Y44.8
G1 F3600 X60.855 Y44.8 E0.06743
G0 F7200 X61.255 Y44.4
G1 F3600 X56.8 Y44.4 E0.07409
G0 F7200 X56.8 Y43.6
G1 F3600 X60.57 Y43.6 E0.0627
G0 F7200 X60.171 Y43.2
G0 X62.455 Y43.2
G1 F3600 X60.055 Y45.6 E0.05644
G1 X59.985 Y45.67
G0 F7200 X62.8 Y45.829
G0 X63.24 Y46.27
G1 F3600 X62.8 Y45.829 E0.01036
G1 X62.8 Y42.857 E0.04942
G1 X62.455 Y43.2 E0.00809
G1 X60.171 Y43.2 E0.03798
G1 X58.231 Y41.26 E0.04563
G0 F7200 X58.739 Y41.26
G1 F3600 X56.8 Y43.2 E0.04561
G1 X56.76 Y43.239
G1 X56.8 Y43.2 E0.00093
G1 X60.17 Y43.2 E0.05604
G1 X62.8 Y45.831 E0.06187
G1 X62.8 Y48.513 E0.0446
G1 X63.24 Y48.073 E0.01035
G0 F7200 X62.8 Y48.513
G0 X57.2 Y48.457
G0 X56.76 Y48.896
G1 F3600 X57.2 Y48.457 E0.01034
G1 X57.2 Y51.542 E0.0513
G1 X62.456 Y56.8 E0.12364
G1 X62.526 Y56.87
G0 F7200 X62.8 Y54.171
G0 X62.8 Y42.857
G1 F3600 X63.24 Y42.416 E0.01036
G0 F7200 X63.09 Y42.416
G0 X63.12 Y58.62
G0 X63.4 Y58.9
;TYPE:WALL-INNER
G1 F3600 X63.4 Y41.1 E0.29602
G1 X56.6 Y41.1 E0.11308
G1 X56.6 Y58.9 E0.29602
G1 X63.4 Y58.9 E0.11308
G0 F7200 X63.8 Y59.3
;TYPE:WALL-OUTER
G1 F1800 X63.8 Y40.7 E0.30932
G1 X56.2 Y40.7 E0.12639
G1 X56.2 Y59.3 E0.30932
G1 X63.8 Y59.3 E0.12639
G0 F7200 X63.8 Y59.1
G0 X62.79 Y58.408
G1 F1500 E-6.5
;MESH:NONMESH
G0 F600 X62.79 Y58.408 Z1.3
G0 F7200 X56.43 Y42.417
G0 X55.335 Y42.417
G0 X54.653 Y39.847
G0 X45.347 Y39.847
G0 X44.665 Y42.417
G0 X43.57 Y42.417
G0 X36.91 Y42.417
G0 X36.76 Y42.417
;TIME_ELAPSED:371.210926
;LAYER:10
;TYPE:FILL
;MESH:pin.stl
G1 F1500 E6.5
G1 F3600 X36.957 Y42.614 E0.00463
G0 F7200 X40.415 Y42.614
G1 F3600 X41.769 Y41.26 E0.03184
G0 F7200 X41.26 Y41.26
G1 F3600 X42.614 Y42.614 E0.03184
G1 X42.684 Y42.684
G0 F7200 X42.613 Y57.386
G1 F3600 X41.259 Y58.74 E0.03184
G0 F7200 X41.77 Y58.74
G1 F3600 X40.415 Y57.386 E0.03186
G1 X40.345 Y57.316
G0 F7200 X36.956 Y57.386
G1 F3600 X36.76 Y57.582 E0.00461
G0 F7200 X36.91 Y57.582
G0 X43.12 Y58.62
G0 X43.4 Y58.9
;TYPE:WALL-INNER
G1 F3600 X43.4 Y41.1 E0.29602
G1 X36.6 Y41.1 E0.11308
G1 X36.6 Y58.9 E0.29602
G1 X43.4 Y58.9 E0.11308
G0 F7200 X43.8 Y59.3
;TYPE:WALL-OUTER
G1 F1800 X43.8 Y40.7 E0.30932
G1 X36.2 Y40.7 E0.12639
G1 X36.2 Y59.3 E0.30932
G1 X43.8 Y59.3 E0.12639
G0 F7200 X43.8 Y59.1
G0 X43.12 Y58.62
G0 X43.02 Y57.244
;TYPE:SKIN
G1 F1800 X36.98 Y57.244 E0.10045
G1 X36.98 Y42.752 E0.241
G1 X43.02 Y42.752 E0.10045
G1 X43.02 Y57.244 E0.241
G0 F7200 X37.245 Y57.044
G1 F1800 X37.18 Y56.979 E0.00153
G0 F7200 X37.18 Y56.413
G1 F1800 X37.81 Y57.044 E0.01483
G0 F7200 X38.376 Y57.044
G1 F1800 X37.18 Y55.847 E0.02814
G0 F7200 X37.18 Y55.282
G1 F1800 X38.942 Y57.044 E0.04144
G0 F7200 X39.507 Y57.044
G1 F1800 X37.18 Y54.716 E0.05474
G0 F7200 X37.18 Y54.15
G1 F1800 X40.073 Y57.044 E0.06805
G0 F7200 X40.639 Y57.044
G1 F1800 X37.18 Y53.585 E0.08135
G0 F7200 X37.18 Y53.019
G1 F1800 X41.205 Y57.044 E0.09466
G0 F7200 X41.77 Y57.044
G1 F1800 X37.18 Y52.453 E0.10796
G0 F7200 X37.18 Y51.887
G1 F1800 X42.336 Y57.044 E0.12127
G0 F7200 X42.82 Y56.962
G1 F1800 X37.18 Y51.322 E0.13264
G0 F7200 X37.18 Y50.756
G1 F1800 X42.82 Y56.397 E0.13266
G0 F7200 X42.82 Y55.831
G1 F1800 X37.18 Y50.19 E0.13266
G0 F7200 X37.18 Y49.625
G1 F1800 X42.82 Y55.265 E0.13264
G0 F7200 X42.82 Y54.7
G1 F1800 X37.18 Y49.059 E0.13266
G0 F7200 X37.18 Y48.493
G1 F1800 X42.82 Y54.134 E0.13266
G0 F7200 X42.82 Y53.568
G1 F1800 X37.18 Y47.928 E0.13264
G0 F7200 X37.18 Y47.362
G1 F1800 X42.82 Y53.003 E0.13266
G0 F7200 X42.82 Y52.437
G1 F1800 X37.18 Y46.796 E0.13266
G0 F7200 X37.18 Y46.231
G1 F1800 X42.82 Y51.871 E0.13264
G0 F7200 X42.82 Y51.306
G1 F1800 X37.18 Y45.665 E0.13266
G0 F7200 X37.18 Y45.099
G1 F1800 X42.82 Y50.74 E0.13266
G0 F7200 X42.82 Y50.174
G1 F1800 X37.18 Y44.534 E0.13264
G0 F7200 X37.18 Y43.968
G1 F1800 X42.82 Y49.608 E0.13264
G0 F7200 X42.82 Y49.043
G1 F1800 X37.18 Y43.402 E0.13266
G0 F7200 X37.295 Y42.952
G1 F1800 X42.82 Y48.477 E0.12994
G0 F7200 X42.82 Y47.911
G1 F1800 X37.861 Y42.952 E0.11663
G0 F7200 X38.426 Y42.952
G1 F1800 X42.82 Y47.346 E0.10334
G0 F7200 X42.82 Y46.78
G1 F1800 X38.992 Y42.952 E0.09003
G0 F7200 X39.558 Y42.952
G1 F1800 X42.82 Y46.214 E0.07672
G0 F7200 X42.82 Y45.649
G1 F1800 X40.123 Y42.952 E0.06343
G0 F7200 X40.689 Y42.952
G1 F1800 X42.82 Y45.083 E0.05012
G0 F7200 X42.82 Y44.517
G1 F1800 X41.255 Y42.952 E0.03681
G0 F7200 X41.82 Y42.952
G1 F1800 X42.82 Y43.952 E0.02352
G0 F7200 X42.82 Y43.386
G1 F1800 X42.386 Y42.952 E0.01021
G1 F1500 E-6.5
G0 F7200 X43.57 Y41.925
G0 X44.665 Y41.925
G0 X46.43 Y41.925
G0 X46.76 Y41.925
;TYPE:FILL
G1 F1500 E6.5
G1 F3600 X47.425 Y41.26 E0.01564
G0 F7200 X46.917 Y41.26
G1 F3600 X48.271 Y42.614 E0.03184
G1 X48.341 Y42.684
G0 F7200 X51.728 Y42.614
G1 F3600 X53.082 Y41.26 E0.03184
G0 F7200 X52.574 Y41.26
G1 F3600 X53.24 Y41.926 E0.01566
G1 X53.31 Y41.996
G0 F7200 X53.09 Y41.996
G0 X51.729 Y57.386
G1 F3600 X53.083 Y58.74 E0.03184
G0 F7200 X52.573 Y58.74
G1 F3600 X53.239 Y58.073 E0.01568
G1 X53.309 Y58.003
G0 F7200 X53.09 Y58.003
G0 X48.27 Y57.386
G1 F3600 X46.916 Y58.74 E0.03184
G0 F7200 X47.426 Y58.74
G1 F3600 X46.76 Y58.073 E0.01568
G1 X46.69 Y58.003
G0 F7200 X46.91 Y58.003
G0 X53.12 Y58.62
G0 X53.4 Y58.9
;TYPE:WALL-INNER
G1 F3600 X53.4 Y41.1 E0.29602
G1 X46.6 Y41.1 E0.11308
G1 X46.6 Y58.9 E0.29602
G1 X53.4 Y58.9 E0.11308
G0 F7200 X53.8 Y59.3
;TYPE:WALL-OUTER
G1 F1800 X53.8 Y40.7 E0.30932
G1 X46.2 Y40.7 E0.12639
G1 X46.2 Y59.3 E0.30932
G1 X53.8 Y59.3 E0.12639
G0 F7200 X53.8 Y59.1
G0 X53.12 Y58.62
G0 X53.02 Y57.244
;TYPE:SKIN
G1 F1800 X46.98 Y57.244 E0.10045
G1 X46.98 Y42.752 E0.241
G1 X53.02 Y42.752 E0.10045
G1 X53.02 Y57.244 E0.241
G0 F7200 X47.427 Y57.044
G1 F1800 X47.18 Y56.796 E0.00582
G0 F7200 X47.18 Y56.231
G1 F1800 X47.993 Y57.044 E0.01912
G0 F7200 X48.558 Y57.044
G1 F1800 X47.18 Y55.665 E0.03242
G0 F7200 X47.18 Y55.099
G1 F1800 X49.124 Y57.044 E0.04573
G0 F7200 X49.69 Y57.044
G1 F1800 X47.18 Y54.533 E0.05904
G0 F7200 X47.18 Y53.968
G1 F1800 X50.255 Y57.044 E0.07233
G0 F7200 X50.821 Y57.044
G1 F1800 X47.18 Y53.402 E0.08564
G0 F7200 X47.18 Y52.836
G1 F1800 X51.387 Y57.044 E0.09895
G0 F7200 X51.953 Y57.044
G1 F1800 X47.18 Y52.271 E0.11225
G0 F7200 X47.18 Y51.705
G1 F1800 X52.518 Y57.044 E0.12555
G0 F7200 X52.82 Y56.78
G1 F1800 X47.18 Y51.139 E0.13266
G0 F7200 X47.18 Y50.574
G1 F1800 X52.82 Y56.214 E0.13264
G0 F7200 X52.82 Y55.649
G1 F1800 X47.18 Y50.008 E0.13266
G0 F7200 X47.18 Y49.442
G1 F1800 X52.82 Y55.083 E0.13266
G0 F7200 X52.82 Y54.517
G1 F1800 X47.18 Y48.877 E0.13264
G0 F7200 X47.18 Y48.311
G1 F1800 X52.82 Y53.952 E0.13266
G0 F7200 X52.82 Y53.386
G1 F1800 X47.18 Y47.745 E0.13266
G0 F7200 X47.18 Y47.18
G1 F1800 X52.82 Y52.82 E0.13264
G0 F7200 X52.82 Y52.254
G1 F1800 X47.18 Y46.614 E0.13264
G0 F7200 X47.18 Y46.048
G1 F1800 X52.82 Y51.689 E0.13266
G0 F7200 X52.82 Y51.123
G1 F1800 X47.18 Y45.483 E0.13264
G0 F7200 X47.18 Y44.917
G1 F1800 X52.82 Y50.557 E0.13264
G0 F7200 X52.82 Y49.992
G1 F1800 X47.18 Y44.351 E0.13266
G0 F7200 X47.18 Y43.785
G1 F1800 X52.82 Y49.426 E0.13266
G0 F7200 X52.82 Y48.86
G1 F1800 X47.18 Y43.22 E0.13264
G0 F7200 X47.477 Y42.952
G1 F1800 X52.82 Y48.295 E0.12566
G0 F7200 X52.82 Y47.729
G1 F1800 X48.043 Y42.952 E0.11235
G0 F7200 X48.609 Y42.952
G1 F1800 X52.82 Y47.163 E0.09904
G0 F7200 X52.82 Y46.598
G1 F1800 X49.174 Y42.952 E0.08575
G0 F7200 X49.74 Y42.952
G1 F1800 X52.82 Y46.032 E0.07244
G0 F7200 X52.82 Y45.466
G1 F1800 X50.306 Y42.952 E0.05913
G0 F7200 X50.871 Y42.952
G1 F1800 X52.82 Y44.901 E0.04584
G0 F7200 X52.82 Y44.335
G1 F1800 X51.437 Y42.952 E0.03253
G0 F7200 X52.003 Y42.952
G1 F1800 X52.82 Y43.769 E0.01921
G0 F7200 X52.82 Y43.204
G1 F1800 X52.568 Y42.952 E0.00593
G1 F1500 E-6.5
G0 F7200 X53.57 Y42.614
G0 X54.665 Y42.614
G0 X56.43 Y42.614
G0 X57.385 Y42.614
;TYPE:FILL
G1 F1500 E6.5
G1 F3600 X58.739 Y41.26 E0.03184
G0 F7200 X58.231 Y41.26
G1 F3600 X59.584 Y42.614 E0.03183
G1 X59.654 Y42.684
G0 F7200 X63.042 Y42.614
G1 F3600 X63.24 Y42.416 E0.00466
G0 F7200 X63.09 Y42.416
G0 X63.043 Y57.386
G1 F3600 X63.24 Y57.583 E0.00463
G0 F7200 X63.09 Y57.583
G0 X59.584 Y57.386
G1 F3600 X58.23 Y58.74 E0.03184
G0 F7200 X58.74 Y58.74
G1 F3600 X57.386 Y57.386 E0.03184
G1 X57.316 Y57.316
G0 F7200 X63.12 Y58.62
G0 X63.4 Y58.9
;TYPE:WALL-INNER
G1 F3600 X63.4 Y41.1 E0.29602
G1 X56.6 Y41.1 E0.11308
G1 X56.6 Y58.9 E0.29602
G1 X63.4 Y58.9 E0.11308
G0 F7200 X63.8 Y59.3
;TYPE:WALL-OUTER
G1 F1800 X63.8 Y40.7 E0.30932
G1 X56.2 Y40.7 E0.12639
G1 X56.2 Y59.3 E0.30932
G1 X63.8 Y59.3 E0.12639
G0 F7200 X63.8 Y59.1
G0 X63.12 Y58.62
G0 X63.02 Y57.244
;TYPE:SKIN
G1 F1800 X56.98 Y57.244 E0.10045
G1 X56.98 Y42.752 E0.241
G1 X63.02 Y42.752 E0.10045
G1 X63.02 Y57.244 E0.241
G0 F7200 X57.61 Y57.044
G1 F1800 X57.18 Y56.615 E0.0101
G0 F7200 X57.18 Y56.049
G1 F1800 X58.176 Y57.044 E0.02341
G0 F7200 X58.741 Y57.044
G1 F1800 X57.18 Y55.483 E0.03671
G0 F7200 X57.18 Y54.917
G1 F1800 X59.307 Y57.044 E0.05002
G0 F7200 X59.873 Y57.044
G1 F1800 X57.18 Y54.352 E0.06332
G0 F7200 X57.18 Y53.786
G1 F1800 X60.439 Y57.044 E0.07663
G0 F7200 X61.004 Y57.044
G1 F1800 X57.18 Y53.22 E0.08993
G0 F7200 X57.18 Y52.655
G1 F1800 X61.57 Y57.044 E0.10323
G0 F7200 X62.136 Y57.044
G1 F1800 X57.18 Y52.089 E0.11655
G0 F7200 X57.18 Y51.523
G1 F1800 X62.701 Y57.044 E0.12985
G0 F7200 X62.82 Y56.598
G1 F1800 X57.18 Y50.958 E0.13264
G0 F7200 X57.18 Y50.392
G1 F1800 X62.82 Y56.032 E0.13264
G0 F7200 X62.82 Y55.466
G1 F1800 X57.18 Y49.826 E0.13264
G0 F7200 X57.18 Y49.261
G1 F1800 X62.82 Y54.9 E0.13263
G0 F7200 X62.82 Y54.335
G1 F1800 X57.18 Y48.695 E0.13264
G0 F7200 X57.18 Y48.129
G1 F1800 X62.82 Y53.769 E0.13264
G0 F7200 X62.82 Y53.203
G1 F1800 X57.18 Y47.564 E0.13263
G0 F7200 X57.18 Y46.998
G1 F1800 X62.82 Y52.638 E0.13264
G0 F7200 X62.82 Y52.072
G1 F1800 X57.18 Y46.432 E0.13264
G0 F7200 X57.18 Y45.866
G1 F1800 X62.82 Y51.506 E0.13264
G0 F7200 X62.82 Y50.941
G1 F1800 X57.18 Y45.301 E0.13264
G0 F7200 X57.18 Y44.735
G1 F1800 X62.82 Y50.375 E0.13264
G0 F7200 X62.82 Y49.809
G1 F1800 X57.18 Y44.169 E0.13264
G0 F7200 X57.18 Y43.604
G1 F1800 X62.82 Y49.244 E0.13264
G0 F7200 X62.82 Y48.678
G1 F1800 X57.18 Y43.038 E0.13264
G0 F7200 X57.66 Y42.952
G1 F1800 X62.82 Y48.112 E0.12136
G0 F7200 X62.82 Y47.547
G1 F1800 X58.225 Y42.952 E0.10807
G0 F7200 X58.791 Y42.952
G1 F1800 X62.82 Y46.981 E0.09476
G0 F7200 X62.82 Y46.415
G1 F1800 X59.357 Y42.952 E0.08144
G0 F7200 X59.922 Y42.952
G1 F1800 X62.82 Y45.85 E0.06816
G0 F7200 X62.82 Y45.284
G1 F1800 X60.488 Y42.952 E0.05485
G0 F7200 X61.054 Y42.952
G1 F1800 X62.82 Y44.718 E0.04153
G0 F7200 X62.82 Y44.152
G1 F1800 X61.619 Y42.952 E0.02823
G0 F7200 X62.185 Y42.952
G1 F1800 X62.82 Y43.587 E0.01493
G0 F7200 X62.82 Y43.021
G1 F1800 X62.751 Y42.952 E0.00162
G1 F1500 E-6.5
;MESH:NONMESH
G0 F600 X62.751 Y42.952 Z1.4
G0 F7200 X56.43 Y41.41
G0 X55.335 Y41.41
G0 X54.653 Y39.847
G0 X45.347 Y39.847
G0 X44.665 Y41.41
G0 X43.57 Y41.41
G0 X41.26 Y41.41
G0 X41.26 Y41.26
;TIME_ELAPSED:409.597965
;LAYER:11
;TYPE:FILL
;MESH:pin.stl
G1 F1500 E6.5
G1 F3600 X42.364 Y42.364 E0.02596
G1 X42.434 Y42.434
G0 F7200 X41.769 Y41.41
G0 X41.769 Y41.26
G1 F3600 X40.664 Y42.364 E0.02598
G1 X40.594 Y42.434
G0 F7200 X40.666 Y57.636
G1 F3600 X41.77 Y58.74 E0.02596
G0 F7200 X41.259 Y58.74
G1 F3600 X42.363 Y57.636 E0.02596
G1 X42.433 Y57.566
G0 F7200 X43.12 Y58.62
G0 X43.4 Y58.9
;TYPE:WALL-INNER
G1 F3600 X43.4 Y41.1 E0.29602
G1 X36.6 Y41.1 E0.11308
G1 X36.6 Y58.9 E0.29602
G1 X43.4 Y58.9 E0.11308
G0 F7200 X43.8 Y59.3
;TYPE:WALL-OUTER
G1 F1800 X43.8 Y40.7 E0.30932
G1 X36.2 Y40.7 E0.12639
G1 X36.2 Y59.3 E0.30932
G1 X43.8 Y59.3 E0.12639
G0 F7200 X43.8 Y59.1
G0 X43.12 Y58.62
G0 X43.02 Y57.496
;TYPE:SKIN
G1 F1800 X36.98 Y57.496 E0.10045
G1 X36.98 Y42.504 E0.24932
G1 X43.02 Y42.504 E0.10045
G1 X43.02 Y57.496 E0.24932
G0 F7200 X42.264 Y57.296
G1 F1800 X42.82 Y56.74 E0.01308
G0 F7200 X42.82 Y56.175
G1 F1800 X41.699 Y57.296 E0.02636
G0 F7200 X41.133 Y57.296
G1 F1800 X42.82 Y55.609 E0.03968
G0 F7200 X42.82 Y55.043
G1 F1800 X40.567 Y57.296 E0.05299
G0 F7200 X40.002 Y57.296
G1 F1800 X42.82 Y54.478 E0.06628
G0 F7200 X42.82 Y53.912
G1 F1800 X39.436 Y57.296 E0.07959
G0 F7200 X38.87 Y57.296
G1 F1800 X42.82 Y53.346 E0.0929
G0 F7200 X42.82 Y52.781
G1 F1800 X38.305 Y57.296 E0.10619
G0 F7200 X37.739 Y57.296
G1 F1800 X42.82 Y52.215 E0.1195
G0 F7200 X42.82 Y51.649
G1 F1800 X37.18 Y57.289 E0.13264
G0 F7200 X37.18 Y56.723
G1 F1800 X42.82 Y51.084 E0.13263
G0 F7200 X42.82 Y50.518
G1 F1800 X37.18 Y56.158 E0.13264
G0 F7200 X37.18 Y55.592
G1 F1800 X42.82 Y49.952 E0.13264
G0 F7200 X42.82 Y49.386
G1 F1800 X37.18 Y55.026 E0.13264
G0 F7200 X37.18 Y54.461
G1 F1800 X42.82 Y48.821 E0.13264
G0 F7200 X42.82 Y48.255
G1 F1800 X37.18 Y53.895 E0.13264
G0 F7200 X37.18 Y53.329
G1 F1800 X42.82 Y47.689 E0.13264
G0 F7200 X42.82 Y47.124
G1 F1800 X37.18 Y52.764 E0.13264
G0 F7200 X37.18 Y52.198
G1 F1800 X42.82 Y46.558 E0.13264
G0 F7200 X42.82 Y45.992
G1 F1800 X37.18 Y51.632 E0.13264
G0 F7200 X37.18 Y51.067
G1 F1800 X42.82 Y45.427 E0.13264
G0 F7200 X42.82 Y44.861
G1 F1800 X37.18 Y50.501 E0.13264
G0 F7200 X37.18 Y49.935
G1 F1800 X42.82 Y44.295 E0.13264
G0 F7200 X42.82 Y43.73
G1 F1800 X37.18 Y49.369 E0.13263
G0 F7200 X37.18 Y48.804
G1 F1800 X42.82 Y43.164 E0.13264
G0 F7200 X42.714 Y42.704
G1 F1800 X37.18 Y48.238 E0.13015
G0 F7200 X37.18 Y47.672
G1 F1800 X42.149 Y42.704 E0.11685
G0 F7200 X41.583 Y42.704
G1 F1800 X37.18 Y47.107 E0.10355
G0 F7200 X37.18 Y46.541
G1 F1800 X41.017 Y42.704 E0.09024
G0 F7200 X40.451 Y42.704
G1 F1800 X37.18 Y45.975 E0.07693
G0 F7200 X37.18 Y45.41
G1 F1800 X39.886 Y42.704 E0.06364
G0 F7200 X39.32 Y42.704
G1 F1800 X37.18 Y44.844 E0.05033
G0 F7200 X37.18 Y44.278
G1 F1800 X38.754 Y42.704 E0.03702
G0 F7200 X38.189 Y42.704
G1 F1800 X37.18 Y43.713 E0.02373
G0 F7200 X37.18 Y43.147
G1 F1800 X37.623 Y42.704 E0.01042
G1 F1500 E-6.5
G0 F7200 X43.57 Y41.925
G0 X44.665 Y41.925
G0 X46.43 Y41.925
G0 X46.76 Y41.925
;TYPE:FILL
G1 F1500 E6.5
G1 F3600 X47.425 Y41.26 E0.01564
G0 F7200 X46.917 Y41.26
G1 F3600 X48.021 Y42.364 E0.02596
G1 X48.091 Y42.434
G0 F7200 X51.978 Y42.364
G1 F3600 X53.082 Y41.26 E0.02596
G0 F7200 X52.574 Y41.26
G1 F3600 X53.24 Y41.926 E0.01566
G1 X53.31 Y41.996
G0 F7200 X53.09 Y41.996
G0 X51.979 Y57.636
G1 F3600 X53.083 Y58.74 E0.02596
G0 F7200 X52.573 Y58.74
G1 F3600 X53.24 Y58.073 E0.01569
G1 X53.31 Y58.003
G0 F7200 X53.09 Y58.003
G0 X48.02 Y57.636
G1 F3600 X46.916 Y58.74 E0.02596
G0 F7200 X47.426 Y58.74
G1 F3600 X46.76 Y58.074 E0.01566
G1 X46.69 Y58.004
G0 F7200 X46.91 Y58.004
G0 X53.12 Y58.62
G0 X53.4 Y58.9
;TYPE:WALL-INNER
G1 F3600 X53.4 Y41.1 E0.29602
G1 X46.6 Y41.1 E0.11308
G1 X46.6 Y58.9 E0.29602
G1 X53.4 Y58.9 E0.11308
G0 F7200 X53.8 Y59.3
;TYPE:WALL-OUTER
G1 F1800 X53.8 Y40.7 E0.30932
G1 X46.2 Y40.7 E0.12639
G1 X46.2 Y59.3 E0.30932
G1 X53.8 Y59.3 E0.12639
G0 F7200 X53.8 Y59.1
G0 X53.12 Y58.62
G0 X53.02 Y57.496
;TYPE:SKIN
G1 F1800 X46.98 Y57.496 E0.10045
G1 X46.98 Y42.504 E0.24932
G1 X53.02 Y42.504 E0.10045
G1 X53.02 Y57.496 E0.24932
G0 F7200 X52.447 Y57.296
G1 F1800 X52.82 Y56.923 E0.00877
G0 F7200 X52.82 Y56.357
G1 F1800 X51.881 Y57.296 E0.02208
G0 F7200 X51.315 Y57.296
G1 F1800 X52.82 Y55.791 E0.0354
G0 F7200 X52.82 Y55.226
G1 F1800 X50.75 Y57.296 E0.04868
G0 F7200 X50.184 Y57.296
G1 F1800 X52.82 Y54.66 E0.06199
G0 F7200 X52.82 Y54.094
G1 F1800 X49.618 Y57.296 E0.07531
G0 F7200 X49.053 Y57.296
G1 F1800 X52.82 Y53.529 E0.08859
G0 F7200 X52.82 Y52.963
G1 F1800 X48.487 Y57.296 E0.10191
G0 F7200 X47.921 Y57.296
G1 F1800 X52.82 Y52.397 E0.11522
G0 F7200 X52.82 Y51.832
G1 F1800 X47.356 Y57.296 E0.1285
G0 F7200 X47.18 Y56.906
G1 F1800 X52.82 Y51.266 E0.13264
G0 F7200 X52.82 Y50.7
G1 F1800 X47.18 Y56.34 E0.13264
G0 F7200 X47.18 Y55.774
G1 F1800 X52.82 Y50.135 E0.13263
G0 F7200 X52.82 Y49.569
G1 F1800 X47.18 Y55.209 E0.13264
G0 F7200 X47.18 Y54.643
G1 F1800 X52.82 Y49.003 E0.13264
G0 F7200 X52.82 Y48.438
G1 F1800 X47.18 Y54.077 E0.13263
G0 F7200 X47.18 Y53.512
G1 F1800 X52.82 Y47.872 E0.13264
G0 F7200 X52.82 Y47.306
G1 F1800 X47.18 Y52.946 E0.13264
G0 F7200 X47.18 Y52.38
G1 F1800 X52.82 Y46.74 E0.13264
G0 F7200 X52.82 Y46.175
G1 F1800 X47.18 Y51.815 E0.13264
G0 F7200 X47.18 Y51.249
G1 F1800 X52.82 Y45.609 E0.13264
G0 F7200 X52.82 Y45.043
G1 F1800 X47.18 Y50.683 E0.13264
G0 F7200 X47.18 Y50.118
G1 F1800 X52.82 Y44.478 E0.13264
G0 F7200 X52.82 Y43.912
G1 F1800 X47.18 Y49.552 E0.13264
G0 F7200 X47.18 Y48.986
G1 F1800 X52.82 Y43.346 E0.13264
G0 F7200 X52.82 Y42.781
G1 F1800 X47.18 Y48.421 E0.13264
G0 F7200 X47.18 Y47.855
G1 F1800 X52.331 Y42.704 E0.12114
G0 F7200 X51.765 Y42.704
G1 F1800 X47.18 Y47.289 E0.10783
G0 F7200 X47.18 Y46.723
G1 F1800 X51.199 Y42.704 E0.09452
G0 F7200 X50.634 Y42.704
G1 F1800 X47.18 Y46.158 E0.08123
G0 F7200 X47.18 Y45.592
G1 F1800 X50.068 Y42.704 E0.06792
G0 F7200 X49.502 Y42.704
G1 F1800 X47.18 Y45.026 E0.05461
G0 F7200 X47.18 Y44.461
G1 F1800 X48.937 Y42.704 E0.04132
G0 F7200 X48.371 Y42.704
G1 F1800 X47.18 Y43.895 E0.02801
G0 F7200 X47.18 Y43.329
G1 F1800 X47.805 Y42.704 E0.0147
G0 F7200 X47.24 Y42.704
G1 F1800 X47.18 Y42.764 E0.00141
G0 F7200 X47.21 Y42.764
G1 F1500 E-6.5
G0 F7200 X53.57 Y42.363
G0 X54.665 Y42.363
G0 X56.43 Y42.363
G0 X57.636 Y42.363
;TYPE:FILL
G1 F1500 E6.5
G1 F3600 X58.739 Y41.26 E0.02594
G0 F7200 X58.231 Y41.26
G1 F3600 X59.334 Y42.363 E0.02594
G1 X59.404 Y42.433
G0 F7200 X59.334 Y57.636
G1 F3600 X58.23 Y58.74 E0.02596
G0 F7200 X58.74 Y58.74
G1 F3600 X57.636 Y57.636 E0.02596
G1 X57.566 Y57.566
G0 F7200 X63.12 Y58.62
G0 X63.4 Y58.9
;TYPE:WALL-INNER
G1 F3600 X63.4 Y41.1 E0.29602
G1 X56.6 Y41.1 E0.11308
G1 X56.6 Y58.9 E0.29602
G1 X63.4 Y58.9 E0.11308
G0 F7200 X63.8 Y59.3
;TYPE:WALL-OUTER
G1 F1800 X63.8 Y40.7 E0.30932
G1 X56.2 Y40.7 E0.12639
G1 X56.2 Y59.3 E0.30932
G1 X63.8 Y59.3 E0.12639
G0 F7200 X63.8 Y59.1
G0 X63.12 Y58.62
G0 X63.02 Y57.496
;TYPE:SKIN
G1 F1800 X56.98 Y57.496 E0.10045
G1 X56.98 Y42.504 E0.24932
G1 X63.02 Y42.504 E0.10045
G1 X63.02 Y57.496 E0.24932
G0 F7200 X62.629 Y57.296
G1 F1800 X62.82 Y57.105 E0.00449
G0 F7200 X62.82 Y56.54
G1 F1800 X62.063 Y57.296 E0.01779
G0 F7200 X61.498 Y57.296
G1 F1800 X62.82 Y55.974 E0.03109
G0 F7200 X62.82 Y55.408
G1 F1800 X60.932 Y57.296 E0.0444
G0 F7200 X60.366 Y57.296
G1 F1800 X62.82 Y54.842 E0.05771
G0 F7200 X62.82 Y54.277
G1 F1800 X59.801 Y57.296 E0.071
G0 F7200 X59.235 Y57.296
G1 F1800 X62.82 Y53.711 E0.08431
G0 F7200 X62.82 Y53.145
G1 F1800 X58.669 Y57.296 E0.09763
G0 F7200 X58.104 Y57.296
G1 F1800 X62.82 Y52.58 E0.11091
G0 F7200 X62.82 Y52.014
G1 F1800 X57.538 Y57.296 E0.12422
G0 F7200 X57.18 Y57.088
G1 F1800 X62.82 Y51.448 E0.13264
G0 F7200 X62.82 Y50.883
G1 F1800 X57.18 Y56.523 E0.13264
G0 F7200 X57.18 Y55.957
G1 F1800 X62.82 Y50.317 E0.13264
G0 F7200 X62.82 Y49.751
G1 F1800 X57.18 Y55.391 E0.13264
G0 F7200 X57.18 Y54.826
G1 F1800 X62.82 Y49.186 E0.13264
G0 F7200 X62.82 Y48.62
G1 F1800 X57.18 Y54.26 E0.13264
G0 F7200 X57.18 Y53.694
G1 F1800 X62.82 Y48.054 E0.13264
G0 F7200 X62.82 Y47.489
G1 F1800 X57.18 Y53.128 E0.13263
G0 F7200 X57.18 Y52.563
G1 F1800 X62.82 Y46.923 E0.13264
G0 F7200 X62.82 Y46.357
G1 F1800 X57.18 Y51.997 E0.13264
G0 F7200 X57.18 Y51.431
G1 F1800 X62.82 Y45.792 E0.13263
G0 F7200 X62.82 Y45.226
G1 F1800 X57.18 Y50.866 E0.13264
G0 F7200 X57.18 Y50.3
G1 F1800 X62.82 Y44.66 E0.13264
G0 F7200 X62.82 Y44.094
G1 F1800 X57.18 Y49.734 E0.13264
G0 F7200 X57.18 Y49.169
G1 F1800 X62.82 Y43.529 E0.13264
G0 F7200 X62.82 Y42.963
G1 F1800 X57.18 Y48.603 E0.13264
G0 F7200 X57.18 Y48.037
G1 F1800 X62.513 Y42.704 E0.12542
G0 F7200 X61.948 Y42.704
G1 F1800 X57.18 Y47.472 E0.11214
G0 F7200 X57.18 Y46.906
G1 F1800 X61.382 Y42.704 E0.09882
G0 F7200 X60.816 Y42.704
G1 F1800 X57.18 Y46.34 E0.08551
G0 F7200 X57.18 Y45.775
G1 F1800 X60.25 Y42.704 E0.07221
G0 F7200 X59.685 Y42.704
G1 F1800 X57.18 Y45.209 E0.05891
G0 F7200 X57.18 Y44.643
G1 F1800 X59.119 Y42.704 E0.0456
G0 F7200 X58.553 Y42.704
G1 F1800 X57.18 Y44.078 E0.0323
G0 F7200 X57.18 Y43.512
G1 F1800 X57.988 Y42.704 E0.019
G0 F7200 X57.422 Y42.704
G1 F1800 X57.18 Y42.946 E0.00569
G0 F7200 X57.21 Y42.946
G1 F1500 E-6.5
;MESH:NONMESH
G0 F600 X57.21 Y42.946 Z1.5
G0 F7200 X56.43 Y41.41
G0 X55.335 Y41.41
G0 X54.653 Y39.847
G0 X45.347 Y39.847
G0 X44.665 Y41.41
G0 X43.57 Y41.41
G0 X41.26 Y41.41
G0 X41.26 Y41.26
;TIME_ELAPSED:448.370007
;LAYER:12
;TYPE:FILL
;MESH:pin.stl
G1 F1500 E6.5
G1 F3600 X42.114 Y42.114 E0.02008
G1 X42.184 Y42.184
G0 F7200 X41.769 Y41.41
G0 X41.769 Y41.26
G1 F3600 X40.915 Y42.114 E0.02008
G1 X40.845 Y42.184
G0 F7200 X40.915 Y57.886
G1 F3600 X41.77 Y58.74 E0.0201
G0 F7200 X41.259 Y58.74
G1 F3600 X42.113 Y57.886 E0.02008
G1 X42.183 Y57.816
G0 F7200 X43.12 Y58.62
G0 X43.4 Y58.9
;TYPE:WALL-INNER
G1 F3600 X43.4 Y41.1 E0.29602
G1 X36.6 Y41.1 E0.11308
G1 X36.6 Y58.9 E0.29602
G1 X43.4 Y58.9 E0.11308
G0 F7200 X43.8 Y59.3
;TYPE:WALL-OUTER
G1 F1800 X43.8 Y40.7 E0.30932
G1 X36.2 Y40.7 E0.12639
G1 X36.2 Y59.3 E0.30932
G1 X43.8 Y59.3 E0.12639
G0 F7200 X43.8 Y59.1
G0 X43.12 Y58.62
G0 X43.02 Y57.744
;TYPE:SKIN
G1 F1800 X36.98 Y57.744 E0.10045
G1 X36.98 Y42.252 E0.25763
G1 X43.02 Y42.252 E0.10045
G1 X43.02 Y57.744 E0.25763
G0 F7200 X37.745 Y57.544
G1 F1800 X37.18 Y56.979 E0.01329
G0 F7200 X37.18 Y56.413
G1 F1800 X38.31 Y57.544 E0.02659
G0 F7200 X38.876 Y57.544
G1 F1800 X37.18 Y55.847 E0.0399
G0 F7200 X37.18 Y55.282
G1 F1800 X39.442 Y57.544 E0.0532
G0 F7200 X40.007 Y57.544
G1 F1800 X37.18 Y54.716 E0.0665
G0 F7200 X37.18 Y54.15
G1 F1800 X40.573 Y57.544 E0.07981
G0 F7200 X41.139 Y57.544
G1 F1800 X37.18 Y53.585 E0.09311
G0 F7200 X37.18 Y53.019
G1 F1800 X41.704 Y57.544 E0.10641
G0 F7200 X42.27 Y57.544
G1 F1800 X37.18 Y52.453 E0.11972
G0 F7200 X37.18 Y51.887
G1 F1800 X42.82 Y57.528 E0.13266
G0 F7200 X42.82 Y56.962
G1 F1800 X37.18 Y51.322 E0.13264
G0 F7200 X37.18 Y50.756
G1 F1800 X42.82 Y56.397 E0.13266
G0 F7200 X42.82 Y55.831
G1 F1800 X37.18 Y50.19 E0.13266
G0 F7200 X37.18 Y49.625
G1 F1800 X42.82 Y55.265 E0.13264
G0 F7200 X42.82 Y54.7
G1 F1800 X37.18 Y49.059 E0.13266
G0 F7200 X37.18 Y48.493
G1 F1800 X42.82 Y54.134 E0.13266
G0 F7200 X42.82 Y53.568
G1 F1800 X37.18 Y47.928 E0.13264
G0 F7200 X37.18 Y47.362
G1 F1800 X42.82 Y53.003 E0.13266
G0 F7200 X42.82 Y52.437
G1 F1800 X37.18 Y46.796 E0.13266
G0 F7200 X37.18 Y46.231
G1 F1800 X42.82 Y51.871 E0.13264
G0 F7200 X42.82 Y51.306
G1 F1800 X37.18 Y45.665 E0.13266
G0 F7200 X37.18 Y45.099
G1 F1800 X42.82 Y50.74 E0.13266
G0 F7200 X42.82 Y50.174
G1 F1800 X37.18 Y44.534 E0.13264
G0 F7200 X37.18 Y43.968
G1 F1800 X42.82 Y49.608 E0.13264
G0 F7200 X42.82 Y49.043
G1 F1800 X37.18 Y43.402 E0.13266
G0 F7200 X37.18 Y42.837
G1 F1800 X42.82 Y48.477 E0.13264
G0 F7200 X42.82 Y47.911
G1 F1800 X37.361 Y42.452 E0.12839
G0 F7200 X37.926 Y42.452
G1 F1800 X42.82 Y47.346 E0.1151
G0 F7200 X42.82 Y46.78
G1 F1800 X38.492 Y42.452 E0.10179
G0 F7200 X39.058 Y42.452
G1 F1800 X42.82 Y46.214 E0.08848
G0 F7200 X42.82 Y45.649
G1 F1800 X39.623 Y42.452 E0.07519
G0 F7200 X40.189 Y42.452
G1 F1800 X42.82 Y45.083 E0.06188
G0 F7200 X42.82 Y44.517
G1 F1800 X40.755 Y42.452 E0.04857
G0 F7200 X41.32 Y42.452
G1 F1800 X42.82 Y43.952 E0.03528
G0 F7200 X42.82 Y43.386
G1 F1800 X41.886 Y42.452 E0.02197
G0 F7200 X42.452 Y42.452
G1 F1800 X42.82 Y42.82 E0.00865
G0 F7200 X42.79 Y42.82
G1 F1500 E-6.5
G0 F7200 X43.57 Y41.925
G0 X44.665 Y41.925
G0 X46.43 Y41.925
G0 X46.76 Y41.925
;TYPE:FILL
G1 F1500 E6.5
G1 F3600 X47.425 Y41.26 E0.01564
G0 F7200 X46.917 Y41.26
G1 F3600 X47.771 Y42.114 E0.02008
G1 X47.841 Y42.184
G0 F7200 X52.228 Y42.114
G1 F3600 X53.082 Y41.26 E0.02008
G0 F7200 X52.574 Y41.26
G1 F3600 X53.24 Y41.926 E0.01566
G1 X53.31 Y41.996
G0 F7200 X53.09 Y41.996
G0 X52.229 Y57.886
G1 F3600 X53.083 Y58.74 E0.02008
G0 F7200 X52.573 Y58.74
G1 F3600 X53.24 Y58.073 E0.01569
G1 X53.31 Y58.003
G0 F7200 X53.09 Y58.003
G0 X47.77 Y57.886
G1 F3600 X46.916 Y58.74 E0.02008
G0 F7200 X47.426 Y58.74
G1 F3600 X46.76 Y58.074 E0.01566
G1 X46.69 Y58.004
G0 F7200 X46.91 Y58.004
G0 X53.12 Y58.62
G0 X53.4 Y58.9
;TYPE:WALL-INNER
G1 F3600 X53.4 Y41.1 E0.29602
G1 X46.6 Y41.1 E0.11308
G1 X46.6 Y58.9 E0.29602
G1 X53.4 Y58.9 E0.11308
G0 F7200 X53.8 Y59.3
;TYPE:WALL-OUTER
G1 F1800 X53.8 Y40.7 E0.30932
G1 X46.2 Y40.7 E0.12639
G1 X46.2 Y59.3 E0.30932
G1 X53.8 Y59.3 E0.12639
G0 F7200 X53.8 Y59.1
G0 X53.12 Y58.62
G0 X53.02 Y57.744
;TYPE:SKIN
G1 F1800 X46.98 Y57.744 E0.10045
G1 X46.98 Y42.252 E0.25763
G1 X53.02 Y42.252 E0.10045
G1 X53.02 Y57.744 E0.25763
G0 F7200 X47.361 Y57.544
G1 F1800 X47.18 Y57.362 E0.00427
G0 F7200 X47.18 Y56.796
G1 F1800 X47.927 Y57.544 E0.01758
G0 F7200 X48.493 Y57.544
G1 F1800 X47.18 Y56.231 E0.03088
G0 F7200 X47.18 Y55.665
G1 F1800 X49.058 Y57.544 E0.04418
G0 F7200 X49.624 Y57.544
G1 F1800 X47.18 Y55.099 E0.05749
G0 F7200 X47.18 Y54.533
G1 F1800 X50.19 Y57.544 E0.0708
G0 F7200 X50.755 Y57.544
G1 F1800 X47.18 Y53.968 E0.08409
G0 F7200 X47.18 Y53.402
G1 F1800 X51.321 Y57.544 E0.0974
G0 F7200 X51.887 Y57.544
G1 F1800 X47.18 Y52.836 E0.11071
G0 F7200 X47.18 Y52.271
G1 F1800 X52.452 Y57.544 E0.124
G0 F7200 X52.82 Y57.346
G1 F1800 X47.18 Y51.705 E0.13266
G0 F7200 X47.18 Y51.139
G1 F1800 X52.82 Y56.78 E0.13266
G0 F7200 X52.82 Y56.214
G1 F1800 X47.18 Y50.574 E0.13264
G0 F7200 X47.18 Y50.008
G1 F1800 X52.82 Y55.649 E0.13266
G0 F7200 X52.82 Y55.083
G1 F1800 X47.18 Y49.442 E0.13266
G0 F7200 X47.18 Y48.877
G1 F1800 X52.82 Y54.517 E0.13264
G0 F7200 X52.82 Y53.952
G1 F1800 X47.18 Y48.311 E0.13266
G0 F7200 X47.18 Y47.745
G1 F1800 X52.82 Y53.386 E0.13266
G0 F7200 X52.82 Y52.82
G1 F1800 X47.18 Y47.18 E0.13264
G0 F7200 X47.18 Y46.614
G1 F1800 X52.82 Y52.254 E0.13264
G0 F7200 X52.82 Y51.689
G1 F1800 X47.18 Y46.048 E0.13266
G0 F7200 X47.18 Y45.483
G1 F1800 X52.82 Y51.123 E0.13264
G0 F7200 X52.82 Y50.557
G1 F1800 X47.18 Y44.917 E0.13264
G0 F7200 X47.18 Y44.351
G1 F1800 X52.82 Y49.992 E0.13266
G0 F7200 X52.82 Y49.426
G1 F1800 X47.18 Y43.785 E0.13266
G0 F7200 X47.18 Y43.22
G1 F1800 X52.82 Y48.86 E0.13264
G0 F7200 X52.82 Y48.295
G1 F1800 X47.18 Y42.654 E0.13266
G0 F7200 X47.543 Y42.452
G1 F1800 X52.82 Y47.729 E0.12411
G0 F7200 X52.82 Y47.163
G1 F1800 X48.109 Y42.452 E0.1108
G0 F7200 X48.674 Y42.452
G1 F1800 X52.82 Y46.598 E0.09751
G0 F7200 X52.82 Y46.032
G1 F1800 X49.24 Y42.452 E0.0842
G0 F7200 X49.806 Y42.452
G1 F1800 X52.82 Y45.466 E0.07088
G0 F7200 X52.82 Y44.901
G1 F1800 X50.371 Y42.452 E0.0576
G0 F7200 X50.937 Y42.452
G1 F1800 X52.82 Y44.335 E0.04429
G0 F7200 X52.82 Y43.769
G1 F1800 X51.503 Y42.452 E0.03097
G0 F7200 X52.069 Y42.452
G1 F1800 X52.82 Y43.204 E0.01767
G0 F7200 X52.82 Y42.638
G1 F1800 X52.634 Y42.452 E0.00437
G1 F1500 E-6.5
G0 F7200 X53.57 Y42.115
G0 X54.665 Y42.115
G0 X56.43 Y42.115
G0 X57.884 Y42.115
;TYPE:FILL
G1 F1500 E6.5
G1 F3600 X58.739 Y41.26 E0.02011
G0 F7200 X58.231 Y41.26
G1 F3600 X59.084 Y42.114 E0.02007
G1 X59.154 Y42.184
G0 F7200 X59.084 Y57.886
G1 F3600 X58.23 Y58.74 E0.02008
G0 F7200 X58.74 Y58.74
G1 F3600 X57.886 Y57.886 E0.02008
G1 X57.816 Y57.816
G0 F7200 X63.12 Y58.62
G0 X63.4 Y58.9
;TYPE:WALL-INNER
G1 F3600 X63.4 Y41.1 E0.29602
G1 X56.6 Y41.1 E0.11308
G1 X56.6 Y58.9 E0.29602
G1 X63.4 Y58.9 E0.11308
G0 F7200 X63.8 Y59.3
;TYPE:WALL-OUTER
G1 F1800 X63.8 Y40.7 E0.30932
G1 X56.2 Y40.7 E0.12639
G1 X56.2 Y59.3 E0.30932
G1 X63.8 Y59.3 E0.12639
G0 F7200 X63.8 Y59.1
G0 X63.12 Y58.62
G0 X63.02 Y57.744
;TYPE:SKIN
G1 F1800 X56.98 Y57.744 E0.10045
G1 X56.98 Y42.252 E0.25763
G1 X63.02 Y42.252 E0.10045
G1 X63.02 Y57.744 E0.25763
G0 F7200 X57.544 Y57.544
G1 F1800 X57.179 Y57.179 E0.00858
G0 F7200 X57.179 Y56.614
G1 F1800 X58.109 Y57.544 E0.02187
G0 F7200 X58.675 Y57.544
G1 F1800 X57.179 Y56.048 E0.03518
G0 F7200 X57.179 Y55.482
G1 F1800 X59.241 Y57.544 E0.0485
G0 F7200 X59.806 Y57.544
G1 F1800 X57.179 Y54.917 E0.06178
G0 F7200 X57.179 Y54.351
G1 F1800 X60.372 Y57.544 E0.07509
G0 F7200 X60.938 Y57.544
G1 F1800 X57.179 Y53.785 E0.08841
G0 F7200 X57.179 Y53.22
G1 F1800 X61.503 Y57.544 E0.10169
G0 F7200 X62.069 Y57.544
G1 F1800 X57.179 Y52.654 E0.11501
G0 F7200 X57.179 Y52.088
G1 F1800 X62.635 Y57.544 E0.12832
G0 F7200 X62.82 Y57.163
G1 F1800 X57.179 Y51.523 E0.13266
G0 F7200 X57.179 Y50.957
G1 F1800 X62.82 Y56.598 E0.13267
G0 F7200 X62.82 Y56.032
G1 F1800 X57.179 Y50.391 E0.13267
G0 F7200 X57.179 Y49.826
G1 F1800 X62.82 Y55.466 E0.13266
G0 F7200 X62.82 Y54.9
G1 F1800 X57.179 Y49.26 E0.13266
G0 F7200 X57.179 Y48.694
G1 F1800 X62.82 Y54.335 E0.13267
G0 F7200 X62.82 Y53.769
G1 F1800 X57.179 Y48.129 E0.13266
G0 F7200 X57.179 Y47.563
G1 F1800 X62.82 Y53.203 E0.13266
G0 F7200 X62.82 Y52.638
G1 F1800 X57.179 Y46.997 E0.13267
G0 F7200 X57.179 Y46.431
G1 F1800 X62.82 Y52.072 E0.13267
G0 F7200 X62.82 Y51.506
G1 F1800 X57.179 Y45.866 E0.13266
G0 F7200 X57.179 Y45.3
G1 F1800 X62.82 Y50.941 E0.13267
G0 F7200 X62.82 Y50.375
G1 F1800 X57.179 Y44.734 E0.13267
G0 F7200 X57.179 Y44.169
G1 F1800 X62.82 Y49.809 E0.13266
G0 F7200 X62.82 Y49.244
G1 F1800 X57.179 Y43.603 E0.13267
G0 F7200 X57.179 Y43.037
G1 F1800 X62.82 Y48.678 E0.13267
G0 F7200 X62.82 Y48.112
G1 F1800 X57.179 Y42.472 E0.13266
G0 F7200 X57.726 Y42.453
G1 F1800 X62.82 Y47.547 E0.1198
G0 F7200 X62.82 Y46.981
G1 F1800 X58.292 Y42.453 E0.10649
G0 F7200 X58.857 Y42.453
G1 F1800 X62.82 Y46.415 E0.09319
G0 F7200 X62.82 Y45.85
G1 F1800 X59.423 Y42.453 E0.07989
G0 F7200 X59.989 Y42.453
G1 F1800 X62.82 Y45.284 E0.06658
G0 F7200 X62.82 Y44.718
G1 F1800 X60.555 Y42.453 E0.05327
G0 F7200 X61.12 Y42.453
G1 F1800 X62.82 Y44.152 E0.03997
G0 F7200 X62.82 Y43.587
G1 F1800 X61.686 Y42.453 E0.02667
G0 F7200 X62.252 Y42.453
G1 F1800 X62.82 Y43.021 E0.01336
G1 X62.89 Y43.091
G0 F7200 X62.79 Y43.091
G1 F1500 E-6.5
;MESH:NONMESH
G0 F600 X62.79 Y43.091 Z1.6
G0 F7200 X56.43 Y41.41
G0 X55.335 Y41.41
G0 X54.653 Y39.847
G0 X45.347 Y39.847
G0 X44.665 Y41.41
G0 X43.57 Y41.41
G0 X41.26 Y41.41
G0 X41.26 Y41.26
;TIME_ELAPSED:488.035811
;LAYER:13
;TYPE:FILL
;MESH:pin.stl
G1 F1500 E6.5
G1 F3600 X41.864 Y41.864 E0.01421
G0 F7200 X41.769 Y41.26
G1 F3600 X41.164 Y41.864 E0.01422
G1 X41.094 Y41.934
G0 F7200 X41.166 Y58.136
G1 F3600 X41.77 Y58.74 E0.01421
G0 F7200 X41.259 Y58.74
G1 F3600 X41.863 Y58.136 E0.01421
G1 X41.933 Y58.066
G0 F7200 X43.12 Y58.62
G0 X43.4 Y58.9
;TYPE:WALL-INNER
G1 F3600 X43.4 Y41.1 E0.29602
G1 X36.6 Y41.1 E0.11308
G1 X36.6 Y58.9 E0.29602
G1 X43.4 Y58.9 E0.11308
G0 F7200 X43.8 Y59.3
;TYPE:WALL-OUTER
G1 F1800 X43.8 Y40.7 E0.30932
G1 X36.2 Y40.7 E0.12639
G1 X36.2 Y59.3 E0.30932
G1 X43.8 Y59.3 E0.12639
G0 F7200 X43.8 Y59.1
G0 X43.12 Y58.62
G0 X43.02 Y57.996
;TYPE:SKIN
G1 F1800 X36.98 Y57.996 E0.10045
G1 X36.98 Y42.004 E0.26595
G1 X43.02 Y42.004 E0.10045
G1 X43.02 Y57.996 E0.26595
G0 F7200 X42.82 Y57.307
G1 F1800 X42.33 Y57.796 E0.01151
G0 F7200 X41.765 Y57.796
G1 F1800 X42.82 Y56.741 E0.02481
G0 F7200 X42.82 Y56.175
G1 F1800 X41.199 Y57.796 E0.03812
G0 F7200 X40.633 Y57.796
G1 F1800 X42.82 Y55.61 E0.05142
G0 F7200 X42.82 Y55.044
G1 F1800 X40.067 Y57.796 E0.06473
G0 F7200 X39.502 Y57.796
G1 F1800 X42.82 Y54.478 E0.07803
G0 F7200 X42.82 Y53.913
G1 F1800 X38.936 Y57.796 E0.09133
G0 F7200 X38.37 Y57.796
G1 F1800 X42.82 Y53.347 E0.10465
G0 F7200 X42.82 Y52.781
G1 F1800 X37.805 Y57.796 E0.11795
G0 F7200 X37.239 Y57.796
G1 F1800 X42.82 Y52.216 E0.13124
G0 F7200 X42.82 Y51.65
G1 F1800 X37.18 Y57.29 E0.13264
G0 F7200 X37.18 Y56.724
G1 F1800 X42.82 Y51.084 E0.13264
G0 F7200 X42.82 Y50.519
G1 F1800 X37.18 Y56.158 E0.13263
G0 F7200 X37.18 Y55.593
G1 F1800 X42.82 Y49.953 E0.13264
G0 F7200 X42.82 Y49.387
G1 F1800 X37.18 Y55.027 E0.13264
G0 F7200 X37.18 Y54.461
G1 F1800 X42.82 Y48.821 E0.13264
G0 F7200 X42.82 Y48.256
G1 F1800 X37.18 Y53.896 E0.13264
G0 F7200 X37.18 Y53.33
G1 F1800 X42.82 Y47.69 E0.13264
G0 F7200 X42.82 Y47.124
G1 F1800 X37.18 Y52.764 E0.13264
G0 F7200 X37.18 Y52.199
G1 F1800 X42.82 Y46.559 E0.13264
G0 F7200 X42.82 Y45.993
G1 F1800 X37.18 Y51.633 E0.13264
G0 F7200 X37.18 Y51.067
G1 F1800 X42.82 Y45.427 E0.13264
G0 F7200 X42.82 Y44.862
G1 F1800 X37.18 Y50.502 E0.13264
G0 F7200 X37.18 Y49.936
G1 F1800 X42.82 Y44.296 E0.13264
G0 F7200 X42.82 Y43.73
G1 F1800 X37.18 Y49.37 E0.13264
G0 F7200 X37.18 Y48.805
G1 F1800 X42.82 Y43.165 E0.13264
G0 F7200 X42.82 Y42.599
G1 F1800 X37.18 Y48.239 E0.13264
G0 F7200 X37.18 Y47.673
G1 F1800 X42.649 Y42.204 E0.12862
G0 F7200 X42.083 Y42.204
G1 F1800 X37.18 Y47.107 E0.11531
G0 F7200 X37.18 Y46.542
G1 F1800 X41.518 Y42.204 E0.10202
G0 F7200 X40.952 Y42.204
G1 F1800 X37.18 Y45.976 E0.08871
G0 F7200 X37.18 Y45.41
G1 F1800 X40.386 Y42.204 E0.0754
G0 F7200 X39.821 Y42.204
G1 F1800 X37.18 Y44.845 E0.06211
G0 F7200 X37.18 Y44.279
G1 F1800 X39.255 Y42.204 E0.0488
G0 F7200 X38.689 Y42.204
G1 F1800 X37.18 Y43.713 E0.03549
G0 F7200 X37.18 Y43.148
G1 F1800 X38.124 Y42.204 E0.0222
G0 F7200 X37.558 Y42.204
G1 F1800 X37.18 Y42.582 E0.00889
G0 F7200 X37.21 Y42.582
G1 F1500 E-6.5
G0 F7200 X43.57 Y41.864
G0 X44.665 Y41.864
G0 X46.43 Y41.864
G0 X46.821 Y41.864
;TYPE:FILL
G1 F1500 E6.5
G1 F3600 X47.425 Y41.26 E0.01421
G0 F7200 X46.917 Y41.26
G1 F3600 X47.521 Y41.864 E0.01421
G1 X47.591 Y41.934
G0 F7200 X52.478 Y41.864
G1 F3600 X53.082 Y41.26 E0.01421
G0 F7200 X52.574 Y41.26
G1 F3600 X53.178 Y41.864 E0.01421
G1 X53.248 Y41.934
G0 F7200 X53.09 Y41.934
G0 X53.09 Y58.136
G0 X53.177 Y58.136
G1 F3600 X52.573 Y58.74 E0.01421
G0 F7200 X53.083 Y58.74
G1 F3600 X52.479 Y58.136 E0.01421
G1 X52.409 Y58.066
G0 F7200 X47.52 Y58.136
G1 F3600 X46.916 Y58.74 E0.01421
G0 F7200 X47.426 Y58.74
G1 F3600 X46.822 Y58.136 E0.01421
G1 X46.752 Y58.066
G0 F7200 X46.91 Y58.066
G0 X53.12 Y58.62
G0 X53.4 Y58.9
;TYPE:WALL-INNER
G1 F3600 X53.4 Y41.1 E0.29602
G1 X46.6 Y41.1 E0.11308
G1 X46.6 Y58.9 E0.29602
G1 X53.4 Y58.9 E0.11308
G0 F7200 X53.8 Y59.3
;TYPE:WALL-OUTER
G1 F1800 X53.8 Y40.7 E0.30932
G1 X46.2 Y40.7 E0.12639
G1 X46.2 Y59.3 E0.30932
G1 X53.8 Y59.3 E0.12639
G0 F7200 X53.8 Y59.1
G0 X53.12 Y58.62
G0 X53.02 Y57.996
;TYPE:SKIN
G1 F1800 X46.98 Y57.996 E0.10045
G1 X46.98 Y42.004 E0.26595
G1 X53.02 Y42.004 E0.10045
G1 X53.02 Y57.996 E0.26595
G0 F7200 X52.513 Y57.796
G1 F1800 X52.819 Y57.489 E0.00721
G0 F7200 X52.819 Y56.924
G1 F1800 X51.947 Y57.796 E0.02051
G0 F7200 X51.381 Y57.796
G1 F1800 X52.819 Y56.358 E0.03382
G0 F7200 X52.819 Y55.792
G1 F1800 X50.816 Y57.796 E0.04712
G0 F7200 X50.25 Y57.796
G1 F1800 X52.819 Y55.226 E0.06043
G0 F7200 X52.819 Y54.661
G1 F1800 X49.684 Y57.796 E0.07373
G0 F7200 X49.118 Y57.796
G1 F1800 X52.819 Y54.095 E0.08704
G0 F7200 X52.819 Y53.529
G1 F1800 X48.553 Y57.796 E0.10034
G0 F7200 X47.987 Y57.796
G1 F1800 X52.819 Y52.964 E0.11364
G0 F7200 X52.819 Y52.398
G1 F1800 X47.421 Y57.796 E0.12695
G0 F7200 X47.18 Y57.472
G1 F1800 X52.819 Y51.832 E0.13263
G0 F7200 X52.819 Y51.267
G1 F1800 X47.18 Y56.906 E0.13262
G0 F7200 X47.18 Y56.34
G1 F1800 X52.819 Y50.701 E0.13262
G0 F7200 X52.819 Y50.135
G1 F1800 X47.18 Y55.774 E0.13262
G0 F7200 X47.18 Y55.209
G1 F1800 X52.819 Y49.57 E0.13262
G0 F7200 X52.819 Y49.004
G1 F1800 X47.18 Y54.643 E0.13262
G0 F7200 X47.18 Y54.077
G1 F1800 X52.819 Y48.438 E0.13262
G0 F7200 X52.819 Y47.873
G1 F1800 X47.18 Y53.512 E0.13262
G0 F7200 X47.18 Y52.946
G1 F1800 X52.819 Y47.307 E0.13262
G0 F7200 X52.819 Y46.741
G1 F1800 X47.18 Y52.38 E0.13262
G0 F7200 X47.18 Y51.815
G1 F1800 X52.819 Y46.175 E0.13263
G0 F7200 X52.819 Y45.61
G1 F1800 X47.18 Y51.249 E0.13262
G0 F7200 X47.18 Y50.683
G1 F1800 X52.819 Y45.044 E0.13262
G0 F7200 X52.819 Y44.478
G1 F1800 X47.18 Y50.118 E0.13263
G0 F7200 X47.18 Y49.552
G1 F1800 X52.819 Y43.913 E0.13262
G0 F7200 X52.819 Y43.347
G1 F1800 X47.18 Y48.986 E0.13262
G0 F7200 X47.18 Y48.421
G1 F1800 X52.819 Y42.781 E0.13263
G0 F7200 X52.819 Y42.216
G1 F1800 X47.18 Y47.855 E0.13262
G0 F7200 X47.18 Y47.289
G1 F1800 X52.266 Y42.204 E0.1196
G0 F7200 X51.7 Y42.204
G1 F1800 X47.18 Y46.723 E0.10629
G0 F7200 X47.18 Y46.158
G1 F1800 X51.134 Y42.204 E0.09299
G0 F7200 X50.569 Y42.204
G1 F1800 X47.18 Y45.592 E0.07969
G0 F7200 X47.18 Y45.026
G1 F1800 X50.003 Y42.204 E0.06638
G0 F7200 X49.437 Y42.204
G1 F1800 X47.18 Y44.461 E0.05308
G0 F7200 X47.18 Y43.895
G1 F1800 X48.872 Y42.204 E0.03978
G0 F7200 X48.306 Y42.204
G1 F1800 X47.18 Y43.329 E0.02647
G0 F7200 X47.18 Y42.764
G1 F1800 X47.74 Y42.204 E0.01317
G1 F1500 E-6.5
G0 F7200 X53.57 Y41.864
G0 X54.665 Y41.864
G0 X56.43 Y41.864
G0 X58.135 Y41.864
;TYPE:FILL
G1 F1500 E6.5
G1 F3600 X58.739 Y41.26 E0.01421
G0 F7200 X58.231 Y41.26
G1 F3600 X58.835 Y41.864 E0.01421
G1 X58.905 Y41.934
G0 F7200 X58.833 Y58.136
G1 F3600 X58.23 Y58.74 E0.01419
G0 F7200 X58.74 Y58.74
G1 F3600 X58.136 Y58.136 E0.01421
G1 X58.066 Y58.066
G0 F7200 X63.12 Y58.62
G0 X63.4 Y58.9
;TYPE:WALL-INNER
G1 F3600 X63.4 Y41.1 E0.29602
G1 X56.6 Y41.1 E0.11308
G1 X56.6 Y58.9 E0.29602
G1 X63.4 Y58.9 E0.11308
G0 F7200 X63.8 Y59.3
;TYPE:WALL-OUTER
G1 F1800 X63.8 Y40.7 E0.30932
G1 X56.2 Y40.7 E0.12639
G1 X56.2 Y59.3 E0.30932
G1 X63.8 Y59.3 E0.12639
G0 F7200 X63.8 Y59.1
G0 X63.12 Y58.62
G0 X63.02 Y57.996
;TYPE:SKIN
G1 F1800 X56.98 Y57.996 E0.10045
G1 X56.98 Y42.004 E0.26595
G1 X63.02 Y42.004 E0.10045
G1 X63.02 Y57.996 E0.26595
G0 F7200 X62.695 Y57.796
G1 F1800 X62.82 Y57.671 E0.00294
G0 F7200 X62.82 Y57.105
G1 F1800 X62.129 Y57.796 E0.01625
G0 F7200 X61.564 Y57.796
G1 F1800 X62.82 Y56.54 E0.02954
G0 F7200 X62.82 Y55.974
G1 F1800 X60.998 Y57.796 E0.04285
G0 F7200 X60.432 Y57.796
G1 F1800 X62.82 Y55.408 E0.05616
G0 F7200 X62.82 Y54.842
G1 F1800 X59.866 Y57.796 E0.06947
G0 F7200 X59.301 Y57.796
G1 F1800 X62.82 Y54.277 E0.08276
G0 F7200 X62.82 Y53.711
G1 F1800 X58.735 Y57.796 E0.09607
G0 F7200 X58.169 Y57.796
G1 F1800 X62.82 Y53.145 E0.10938
G0 F7200 X62.82 Y52.58
G1 F1800 X57.604 Y57.796 E0.12267
G0 F7200 X57.18 Y57.654
G1 F1800 X62.82 Y52.014 E0.13264
G0 F7200 X62.82 Y51.448
G1 F1800 X57.18 Y57.088 E0.13264
G0 F7200 X57.18 Y56.523
G1 F1800 X62.82 Y50.883 E0.13264
G0 F7200 X62.82 Y50.317
G1 F1800 X57.18 Y55.957 E0.13264
G0 F7200 X57.18 Y55.391
G1 F1800 X62.82 Y49.751 E0.13264
G0 F7200 X62.82 Y49.186
G1 F1800 X57.18 Y54.826 E0.13264
G0 F7200 X57.18 Y54.26
G1 F1800 X62.82 Y48.62 E0.13264
G0 F7200 X62.82 Y48.054
G1 F1800 X57.18 Y53.694 E0.13264
G0 F7200 X57.18 Y53.128
G1 F1800 X62.82 Y47.489 E0.13263
G0 F7200 X62.82 Y46.923
G1 F1800 X57.18 Y52.563 E0.13264
G0 F7200 X57.18 Y51.997
G1 F1800 X62.82 Y46.357 E0.13264
G0 F7200 X62.82 Y45.792
G1 F1800 X57.18 Y51.431 E0.13263
G0 F7200 X57.18 Y50.866
G1 F1800 X62.82 Y45.226 E0.13264
G0 F7200 X62.82 Y44.66
G1 F1800 X57.18 Y50.3 E0.13264
G0 F7200 X57.18 Y49.734
G1 F1800 X62.82 Y44.094 E0.13264
G0 F7200 X62.82 Y43.529
G1 F1800 X57.18 Y49.169 E0.13264
G0 F7200 X57.18 Y48.603
G1 F1800 X62.82 Y42.963 E0.13264
G0 F7200 X62.82 Y42.397
G1 F1800 X57.18 Y48.037 E0.13264
G0 F7200 X57.18 Y47.472
G1 F1800 X62.448 Y42.204 E0.1239
G0 F7200 X61.882 Y42.204
G1 F1800 X57.18 Y46.906 E0.11058
G0 F7200 X57.18 Y46.34
G1 F1800 X61.317 Y42.204 E0.09728
G0 F7200 X60.751 Y42.204
G1 F1800 X57.18 Y45.775 E0.08398
G0 F7200 X57.18 Y45.209
G1 F1800 X60.185 Y42.204 E0.07067
G0 F7200 X59.62 Y42.204
G1 F1800 X57.18 Y44.643 E0.05737
G0 F7200 X57.18 Y44.078
G1 F1800 X59.054 Y42.204 E0.04407
G0 F7200 X58.488 Y42.204
G1 F1800 X57.18 Y43.512 E0.03076
G0 F7200 X57.18 Y42.946
G1 F1800 X57.923 Y42.204 E0.01746
G0 F7200 X57.357 Y42.204
G1 F1800 X57.18 Y42.38 E0.00415
G0 F7200 X57.21 Y42.38
G1 F1500 E-6.5
;MESH:NONMESH
G0 F600 X57.21 Y42.38 Z1.7
G0 F7200 X56.43 Y41.41
G0 X55.335 Y41.41
G0 X54.653 Y39.847
G0 X45.347 Y39.847
G0 X44.665 Y41.41
G0 X43.57 Y41.41
G0 X41.26 Y41.41
G0 X41.26 Y41.26
;TIME_ELAPSED:528.352975
;LAYER:14
;TYPE:FILL
;MESH:pin.stl
G1 F1500 E6.5
G1 F3600 X41.614 Y41.614 E0.00833
G1 X41.415 Y41.614
G1 X41.769 Y41.26 E0.00833
G0 F7200 X41.769 Y41.41
G0 X41.613 Y58.386
G1 F3600 X41.259 Y58.74 E0.00833
G0 F7200 X41.415 Y58.386
G1 F3600 X41.77 Y58.74 E0.00834
G0 F7200 X41.77 Y58.59
G0 X43.12 Y58.62
G0 X43.4 Y58.9
;TYPE:WALL-INNER
G1 F3600 X43.4 Y41.1 E0.29602
G1 X36.6 Y41.1 E0.11308
G1 X36.6 Y58.9 E0.29602
G1 X43.4 Y58.9 E0.11308
G0 F7200 X43.8 Y59.3
;TYPE:WALL-OUTER
G1 F1800 X43.8 Y40.7 E0.30932
G1 X36.2 Y40.7 E0.12639
G1 X36.2 Y59.3 E0.30932
G1 X43.8 Y59.3 E0.12639
G0 F7200 X43.8 Y59.1
G0 X43.12 Y58.62
G0 X43.02 Y58.244
;TYPE:SKIN
G1 F1800 X36.98 Y58.244 E0.10045
G1 X36.98 Y41.752 E0.27426
G1 X43.02 Y41.752 E0.10045
G1 X43.02 Y58.244 E0.27426
G0 F7200 X37.68 Y58.044
G1 F1800 X37.18 Y57.545 E0.01175
G0 F7200 X37.18 Y56.979
G1 F1800 X38.245 Y58.044 E0.02505
G0 F7200 X38.811 Y58.044
G1 F1800 X37.18 Y56.414 E0.03835
G0 F7200 X37.18 Y55.848
G1 F1800 X39.377 Y58.044 E0.05166
G0 F7200 X39.942 Y58.044
G1 F1800 X37.18 Y55.282 E0.06496
G0 F7200 X37.18 Y54.717
G1 F1800 X40.508 Y58.044 E0.07826
G0 F7200 X41.074 Y58.044
G1 F1800 X37.18 Y54.151 E0.09157
G0 F7200 X37.18 Y53.585
G1 F1800 X41.639 Y58.044 E0.10487
G0 F7200 X42.205 Y58.044
G1 F1800 X37.18 Y53.02 E0.11817
G0 F7200 X37.18 Y52.454
G1 F1800 X42.771 Y58.044 E0.13148
G0 F7200 X42.82 Y57.528
G1 F1800 X37.18 Y51.888 E0.13264
G0 F7200 X37.18 Y51.323
G1 F1800 X42.82 Y56.962 E0.13263
G0 F7200 X42.82 Y56.397
G1 F1800 X37.18 Y50.757 E0.13264
G0 F7200 X37.18 Y50.191
G1 F1800 X42.82 Y55.831 E0.13264
G0 F7200 X42.82 Y55.265
G1 F1800 X37.18 Y49.625 E0.13264
G0 F7200 X37.18 Y49.06
G1 F1800 X42.82 Y54.7 E0.13264
G0 F7200 X42.82 Y54.134
G1 F1800 X37.18 Y48.494 E0.13264
G0 F7200 X37.18 Y47.928
G1 F1800 X42.82 Y53.568 E0.13264
G0 F7200 X42.82 Y53.003
G1 F1800 X37.18 Y47.363 E0.13264
G0 F7200 X37.18 Y46.797
G1 F1800 X42.82 Y52.437 E0.13264
G0 F7200 X42.82 Y51.871
G1 F1800 X37.18 Y46.231 E0.13264
G0 F7200 X37.18 Y45.666
G1 F1800 X42.82 Y51.306 E0.13264
G0 F7200 X42.82 Y50.74
G1 F1800 X37.18 Y45.1 E0.13264
G0 F7200 X37.18 Y44.534
G1 F1800 X42.82 Y50.174 E0.13264
G0 F7200 X42.82 Y49.608
G1 F1800 X37.18 Y43.969 E0.13263
G0 F7200 X37.18 Y43.403
G1 F1800 X42.82 Y49.043 E0.13264
G0 F7200 X42.82 Y48.477
G1 F1800 X37.18 Y42.837 E0.13264
G0 F7200 X37.18 Y42.272
G1 F1800 X42.82 Y47.911 E0.13263
G0 F7200 X42.82 Y47.346
G1 F1800 X37.426 Y41.952 E0.12686
G0 F7200 X37.992 Y41.952
G1 F1800 X42.82 Y46.78 E0.11355
G0 F7200 X42.82 Y46.214
G1 F1800 X38.558 Y41.952 E0.10024
G0 F7200 X39.124 Y41.952
G1 F1800 X42.82 Y45.649 E0.08694
G0 F7200 X42.82 Y45.083
G1 F1800 X39.689 Y41.952 E0.07364
G0 F7200 X40.255 Y41.952
G1 F1800 X42.82 Y44.517 E0.06032
G0 F7200 X42.82 Y43.952
G1 F1800 X40.821 Y41.952 E0.04703
G0 F7200 X41.386 Y41.952
G1 F1800 X42.82 Y43.386 E0.03373
G0 F7200 X42.82 Y42.82
G1 F1800 X41.952 Y41.952 E0.02041
G0 F7200 X42.518 Y41.952
G1 F1800 X42.82 Y42.255 E0.00711
G0 F7200 X42.79 Y42.255
G1 F1500 E-6.5
G0 F7200 X43.57 Y41.41
G0 X44.665 Y41.41
G0 X46.43 Y41.41
G0 X46.917 Y41.26
;TYPE:FILL
G1 F1500 E6.5
G1 F3600 X47.271 Y41.614 E0.00833
G0 F7200 X47.071 Y41.614
G1 F3600 X47.425 Y41.26 E0.00833
G0 F7200 X47.425 Y41.41
G0 X52.574 Y41.41
G0 X52.574 Y41.26
G1 F3600 X52.928 Y41.614 E0.00833
G0 F7200 X52.728 Y41.614
G1 F3600 X53.082 Y41.26 E0.00833
G0 F7200 X53.082 Y41.41
G0 X52.927 Y58.386
G1 F3600 X52.573 Y58.74 E0.00833
G0 F7200 X52.73 Y58.387
G1 F3600 X53.083 Y58.74 E0.0083
G0 F7200 X53.083 Y58.59
G0 X47.426 Y58.59
G0 X47.426 Y58.74
G1 F3600 X47.073 Y58.387 E0.0083
G1 X47.27 Y58.386
G1 X46.916 Y58.74 E0.00833
G0 F7200 X46.916 Y58.59
G0 X53.12 Y58.62
G0 X53.4 Y58.9
;TYPE:WALL-INNER
G1 F3600 X53.4 Y41.1 E0.29602
G1 X46.6 Y41.1 E0.11308
G1 X46.6 Y58.9 E0.29602
G1 X53.4 Y58.9 E0.11308
G0 F7200 X53.8 Y59.3
;TYPE:WALL-OUTER
G1 F1800 X53.8 Y40.7 E0.30932
G1 X46.2 Y40.7 E0.12639
G1 X46.2 Y59.3 E0.30932
G1 X53.8 Y59.3 E0.12639
G0 F7200 X53.8 Y59.1
G0 X53.12 Y58.62
G0 X53.02 Y58.244
;TYPE:SKIN
G1 F1800 X46.98 Y58.244 E0.10045
G1 X46.98 Y41.752 E0.27426
G1 X53.02 Y41.752 E0.10045
G1 X53.02 Y58.244 E0.27426
G0 F7200 X47.296 Y58.044
G1 F1800 X47.18 Y57.928 E0.00273
G0 F7200 X47.18 Y57.363
G1 F1800 X47.862 Y58.044 E0.01603
G0 F7200 X48.428 Y58.044
G1 F1800 X47.18 Y56.797 E0.02934
G0 F7200 X47.18 Y56.231
G1 F1800 X48.993 Y58.044 E0.04264
G0 F7200 X49.559 Y58.044
G1 F1800 X47.18 Y55.666 E0.05594
G0 F7200 X47.18 Y55.1
G1 F1800 X50.125 Y58.044 E0.06925
G0 F7200 X50.69 Y58.044
G1 F1800 X47.18 Y54.534 E0.08255
G0 F7200 X47.18 Y53.969
G1 F1800 X51.256 Y58.044 E0.09585
G0 F7200 X51.822 Y58.044
G1 F1800 X47.18 Y53.403 E0.10916
G0 F7200 X47.18 Y52.837
G1 F1800 X52.387 Y58.044 E0.12246
G0 F7200 X52.82 Y57.911
G1 F1800 X47.18 Y52.271 E0.13264
G0 F7200 X47.18 Y51.706
G1 F1800 X52.82 Y57.346 E0.13264
G0 F7200 X52.82 Y56.78
G1 F1800 X47.18 Y51.14 E0.13264
G0 F7200 X47.18 Y50.574
G1 F1800 X52.82 Y56.214 E0.13264
G0 F7200 X52.82 Y55.649
G1 F1800 X47.18 Y50.009 E0.13264
G0 F7200 X47.18 Y49.443
G1 F1800 X52.82 Y55.083 E0.13264
G0 F7200 X52.82 Y54.517
G1 F1800 X47.18 Y48.877 E0.13264
G0 F7200 X47.18 Y48.312
G1 F1800 X52.82 Y53.952 E0.13264
G0 F7200 X52.82 Y53.386
G1 F1800 X47.18 Y47.746 E0.13264
G0 F7200 X47.18 Y47.18
G1 F1800 X52.82 Y52.82 E0.13264
G0 F7200 X52.82 Y52.254
G1 F1800 X47.18 Y46.615 E0.13263
G0 F7200 X47.18 Y46.049
G1 F1800 X52.82 Y51.689 E0.13264
G0 F7200 X52.82 Y51.123
G1 F1800 X47.18 Y45.483 E0.13264
G0 F7200 X47.18 Y44.918
G1 F1800 X52.82 Y50.557 E0.13263
G0 F7200 X52.82 Y49.992
G1 F1800 X47.18 Y44.352 E0.13264
G0 F7200 X47.18 Y43.786
G1 F1800 X52.82 Y49.426 E0.13264
G0 F7200 X52.82 Y48.86
G1 F1800 X47.18 Y43.22 E0.13264
G0 F7200 X47.18 Y42.655
G1 F1800 X52.82 Y48.295 E0.13264
G0 F7200 X52.82 Y47.729
G1 F1800 X47.18 Y42.089 E0.13264
G0 F7200 X47.609 Y41.952
G1 F1800 X52.82 Y47.163 E0.12255
G0 F7200 X52.82 Y46.598
G1 F1800 X48.174 Y41.952 E0.10927
G0 F7200 X48.74 Y41.952
G1 F1800 X52.82 Y46.032 E0.09596
G0 F7200 X52.82 Y45.466
G1 F1800 X49.306 Y41.952 E0.08264
G0 F7200 X49.872 Y41.952
G1 F1800 X52.82 Y44.901 E0.06934
G0 F7200 X52.82 Y44.335
G1 F1800 X50.437 Y41.952 E0.05604
G0 F7200 X51.003 Y41.952
G1 F1800 X52.82 Y43.769 E0.04273
G0 F7200 X52.82 Y43.204
G1 F1800 X51.569 Y41.952 E0.02943
G0 F7200 X52.134 Y41.952
G1 F1800 X52.82 Y42.638 E0.01613
G0 F7200 X52.82 Y42.072
G1 F1800 X52.7 Y41.952 E0.00282
G1 F1500 E-6.5
G0 F7200 X53.57 Y41.41
G0 X54.665 Y41.41
G0 X56.43 Y41.41
G0 X58.231 Y41.41
G0 X58.231 Y41.26
;TYPE:FILL
G1 F1500 E6.5
G1 F3600 X58.585 Y41.614 E0.00833
G0 F7200 X58.385 Y41.614
G1 F3600 X58.739 Y41.26 E0.00833
G0 F7200 X58.739 Y41.41
G0 X58.583 Y58.387
G1 F3600 X58.23 Y58.74 E0.0083
G0 F7200 X58.387 Y58.387
G1 F3600 X58.74 Y58.74 E0.0083
G0 F7200 X58.74 Y58.59
G0 X63.12 Y58.62
G0 X63.4 Y58.9
;TYPE:WALL-INNER
G1 F3600 X63.4 Y41.1 E0.29602
G1 X56.6 Y41.1 E0.11308
G1 X56.6 Y58.9 E0.29602
G1 X63.4 Y58.9 E0.11308
G0 F7200 X63.8 Y59.3
;TYPE:WALL-OUTER
G1 F1800 X63.8 Y40.7 E0.30932
G1 X56.2 Y40.7 E0.12639
G1 X56.2 Y59.3 E0.30932
G1 X63.8 Y59.3 E0.12639
G0 F7200 X63.8 Y59.1
G0 X63.12 Y58.62
G0 X63.02 Y58.244
;TYPE:SKIN
G1 F1800 X56.98 Y58.244 E0.10045
G1 X56.98 Y41.752 E0.27426
G1 X63.02 Y41.752 E0.10045
G1 X63.02 Y58.244 E0.27426
G0 F7200 X57.18 Y57.746
G1 F1800 X57.479 Y58.044 E0.00702
G0 F7200 X58.044 Y58.044
G1 F1800 X57.18 Y57.18 E0.02032
G0 F7200 X57.18 Y56.615
G1 F1800 X58.61 Y58.044 E0.03362
G0 F7200 X59.176 Y58.044
G1 F1800 X57.18 Y56.049 E0.04693
G0 F7200 X57.18 Y55.483
G1 F1800 X59.741 Y58.044 E0.06023
G0 F7200 X60.307 Y58.044
G1 F1800 X57.18 Y54.917 E0.07354
G0 F7200 X57.18 Y54.352
G1 F1800 X60.873 Y58.044 E0.08684
G0 F7200 X61.438 Y58.044
G1 F1800 X57.18 Y53.786 E0.10014
G0 F7200 X57.18 Y53.22
G1 F1800 X62.004 Y58.044 E0.11345
G0 F7200 X62.57 Y58.044
G1 F1800 X57.18 Y52.655 E0.12675
G0 F7200 X57.18 Y52.089
G1 F1800 X62.82 Y57.729 E0.13264
G0 F7200 X62.82 Y57.163
G1 F1800 X57.18 Y51.523 E0.13264
G0 F7200 X57.18 Y50.958
G1 F1800 X62.82 Y56.598 E0.13264
G0 F7200 X62.82 Y56.032
G1 F1800 X57.18 Y50.392 E0.13264
G0 F7200 X57.18 Y49.826
G1 F1800 X62.82 Y55.466 E0.13264
G0 F7200 X62.82 Y54.9
G1 F1800 X57.18 Y49.261 E0.13263
G0 F7200 X57.18 Y48.695
G1 F1800 X62.82 Y54.335 E0.13264
G0 F7200 X62.82 Y53.769
G1 F1800 X57.18 Y48.129 E0.13264
G0 F7200 X57.18 Y47.564
G1 F1800 X62.82 Y53.203 E0.13263
G0 F7200 X62.82 Y52.638
G1 F1800 X57.18 Y46.998 E0.13264
G0 F7200 X57.18 Y46.432
G1 F1800 X62.82 Y52.072 E0.13264
G0 F7200 X62.82 Y51.506
G1 F1800 X57.18 Y45.866 E0.13264
G0 F7200 X57.18 Y45.301
G1 F1800 X62.82 Y50.941 E0.13264
G0 F7200 X62.82 Y50.375
G1 F1800 X57.18 Y44.735 E0.13264
G0 F7200 X57.18 Y44.169
G1 F1800 X62.82 Y49.809 E0.13264
G0 F7200 X62.82 Y49.244
G1 F1800 X57.18 Y43.604 E0.13264
G0 F7200 X57.18 Y43.038
G1 F1800 X62.82 Y48.678 E0.13264
G0 F7200 X62.82 Y48.112
G1 F1800 X57.18 Y42.472 E0.13264
G0 F7200 X57.225 Y41.952
G1 F1800 X62.82 Y47.547 E0.13159
G0 F7200 X62.82 Y46.981
G1 F1800 X57.791 Y41.952 E0.11827
G0 F7200 X58.357 Y41.952
G1 F1800 X62.82 Y46.415 E0.10496
G0 F7200 X62.82 Y45.85
G1 F1800 X58.923 Y41.952 E0.09166
G0 F7200 X59.488 Y41.952
G1 F1800 X62.82 Y45.284 E0.07836
G0 F7200 X62.82 Y44.718
G1 F1800 X60.054 Y41.952 E0.06505
G0 F7200 X60.62 Y41.952
G1 F1800 X62.82 Y44.152 E0.05174
G0 F7200 X62.82 Y43.587
G1 F1800 X61.185 Y41.952 E0.03845
G0 F7200 X61.751 Y41.952
G1 F1800 X62.82 Y43.021 E0.02514
G0 F7200 X62.82 Y42.455
G1 F1800 X62.317 Y41.952 E0.01183
G1 F1500 E-6.5
;MESH:NONMESH
G0 F600 X62.317 Y41.952 Z1.8
G0 F7200 X56.43 Y58.62
G0 X55.335 Y58.62
G0 X54.653 Y60.153
G0 X45.347 Y60.153
G0 X44.665 Y58.62
G0 X43.57 Y58.62
G0 X43.4 Y58.9
;TIME_ELAPSED:569.669862
;LAYER:15
;TYPE:WALL-INNER
;MESH:pin.stl
G1 F1500 E6.5
G1 F3600 X43.4 Y41.1 E0.29602
G1 X36.6 Y41.1 E0.11308
G1 X36.6 Y58.9 E0.29602
G1 X43.4 Y58.9 E0.11308
G0 F7200 X43.8 Y59.3
;TYPE:WALL-OUTER
G1 F1800 X43.8 Y40.7 E0.30932
G1 X36.2 Y40.7 E0.12639
G1 X36.2 Y59.3 E0.30932
G1 X43.8 Y59.3 E0.12639
G0 F7200 X43.8 Y59.1
G0 X43.02 Y58.496
;TYPE:SKIN
G1 F1800 X36.98 Y58.496 E0.10045
G1 X36.98 Y41.504 E0.28258
G1 X43.02 Y41.504 E0.10045
G1 X43.02 Y58.496 E0.28258
G0 F7200 X42.396 Y58.296
G1 F1800 X42.82 Y57.872 E0.00997
G0 F7200 X42.82 Y57.307
G1 F1800 X41.83 Y58.296 E0.02327
G0 F7200 X41.265 Y58.296
G1 F1800 X42.82 Y56.741 E0.03657
G0 F7200 X42.82 Y56.175
G1 F1800 X40.699 Y58.296 E0.04988
G0 F7200 X40.133 Y58.296
G1 F1800 X42.82 Y55.61 E0.06318
G0 F7200 X42.82 Y55.044
G1 F1800 X39.568 Y58.296 E0.07648
G0 F7200 X39.002 Y58.296
G1 F1800 X42.82 Y54.478 E0.08979
G0 F7200 X42.82 Y53.913
G1 F1800 X38.436 Y58.296 E0.10309
G0 F7200 X37.871 Y58.296
G1 F1800 X42.82 Y53.347 E0.11639
G0 F7200 X42.82 Y52.781
G1 F1800 X37.305 Y58.296 E0.1297
G0 F7200 X37.18 Y57.855
G1 F1800 X42.82 Y52.216 E0.13263
G0 F7200 X42.82 Y51.65
G1 F1800 X37.18 Y57.289 E0.13263
G0 F7200 X37.18 Y56.723
G1 F1800 X42.82 Y51.084 E0.13263
G0 F7200 X42.82 Y50.519
G1 F1800 X37.18 Y56.158 E0.13263
G0 F7200 X37.18 Y55.592
G1 F1800 X42.82 Y49.953 E0.13263
G0 F7200 X42.82 Y49.387
G1 F1800 X37.18 Y55.026 E0.13263
G0 F7200 X37.18 Y54.461
G1 F1800 X42.82 Y48.821 E0.13264
G0 F7200 X42.82 Y48.256
G1 F1800 X37.18 Y53.895 E0.13263
G0 F7200 X37.18 Y53.329
G1 F1800 X42.82 Y47.69 E0.13263
G0 F7200 X42.82 Y47.124
G1 F1800 X37.18 Y52.764 E0.13264
G0 F7200 X37.18 Y52.198
G1 F1800 X42.82 Y46.559 E0.13263
G0 F7200 X42.82 Y45.993
G1 F1800 X37.18 Y51.632 E0.13263
G0 F7200 X37.18 Y51.067
G1 F1800 X42.82 Y45.427 E0.13264
G0 F7200 X42.82 Y44.862
G1 F1800 X37.18 Y50.501 E0.13263
G0 F7200 X37.18 Y49.935
G1 F1800 X42.82 Y44.296 E0.13263
G0 F7200 X42.82 Y43.73
G1 F1800 X37.18 Y49.369 E0.13263
G0 F7200 X37.18 Y48.804
G1 F1800 X42.82 Y43.165 E0.13263
G0 F7200 X42.82 Y42.599
G1 F1800 X37.18 Y48.238 E0.13263
G0 F7200 X37.18 Y47.672
G1 F1800 X42.82 Y42.033 E0.13263
G0 F7200 X42.583 Y41.704
G1 F1800 X37.18 Y47.107 E0.12707
G0 F7200 X37.18 Y46.541
G1 F1800 X42.018 Y41.704 E0.11377
G0 F7200 X41.452 Y41.704
G1 F1800 X37.18 Y45.975 E0.10046
G0 F7200 X37.18 Y45.41
G1 F1800 X40.886 Y41.704 E0.08716
G0 F7200 X40.321 Y41.704
G1 F1800 X37.18 Y44.844 E0.07386
G0 F7200 X37.18 Y44.278
G1 F1800 X39.755 Y41.704 E0.06055
G0 F7200 X39.189 Y41.704
G1 F1800 X37.18 Y43.713 E0.04725
G0 F7200 X37.18 Y43.147
G1 F1800 X38.624 Y41.704 E0.03395
G0 F7200 X38.058 Y41.704
G1 F1800 X37.18 Y42.581 E0.02064
G0 F7200 X37.18 Y42.016
G1 F1800 X37.492 Y41.704 E0.00734
G0 F7200 X37.492 Y41.71
G1 F1500 E-6.5
G0 F7200 X43.57 Y58.62
G0 X44.665 Y58.62
G0 X46.43 Y58.62
G0 X53.09 Y58.62
G0 X53.4 Y58.9
;TYPE:WALL-INNER
G1 F1500 E6.5
G1 F3600 X53.4 Y41.1 E0.29602
G1 X46.6 Y41.1 E0.11308
G1 X46.6 Y58.9 E0.29602
G1 X53.4 Y58.9 E0.11308
G0 F7200 X53.8 Y59.3
;TYPE:WALL-OUTER
G1 F1800 X53.8 Y40.7 E0.30932
G1 X46.2 Y40.7 E0.12639
G1 X46.2 Y59.3 E0.30932
G1 X53.8 Y59.3 E0.12639
G0 F7200 X53.8 Y59.1
G0 X53.02 Y58.496
;TYPE:SKIN
G1 F1800 X46.98 Y58.496 E0.10045
G1 X46.98 Y41.504 E0.28258
G1 X53.02 Y41.504 E0.10045
G1 X53.02 Y58.496 E0.28258
G0 F7200 X52.578 Y58.296
G1 F1800 X52.82 Y58.054 E0.00569
G0 F7200 X52.82 Y57.488
G1 F1800 X52.013 Y58.296 E0.01899
G0 F7200 X51.447 Y58.296
G1 F1800 X52.82 Y56.923 E0.03229
G0 F7200 X52.82 Y56.357
G1 F1800 X50.881 Y58.296 E0.0456
G0 F7200 X50.316 Y58.296
G1 F1800 X52.82 Y55.791 E0.0589
G0 F7200 X52.82 Y55.226
G1 F1800 X49.75 Y58.296 E0.0722
G0 F7200 X49.184 Y58.296
G1 F1800 X52.82 Y54.66 E0.08551
G0 F7200 X52.82 Y54.094
G1 F1800 X48.619 Y58.296 E0.09881
G0 F7200 X48.053 Y58.296
G1 F1800 X52.82 Y53.529 E0.11211
G0 F7200 X52.82 Y52.963
G1 F1800 X47.487 Y58.296 E0.12542
G0 F7200 X47.18 Y58.037
G1 F1800 X52.82 Y52.397 E0.13264
G0 F7200 X52.82 Y51.832
G1 F1800 X47.18 Y57.472 E0.13264
G0 F7200 X47.18 Y56.906
G1 F1800 X52.82 Y51.266 E0.13264
G0 F7200 X52.82 Y50.7
G1 F1800 X47.18 Y56.34 E0.13264
G0 F7200 X47.18 Y55.774
G1 F1800 X52.82 Y50.135 E0.13263
G0 F7200 X52.82 Y49.569
G1 F1800 X47.18 Y55.209 E0.13264
G0 F7200 X47.18 Y54.643
G1 F1800 X52.82 Y49.003 E0.13264
G0 F7200 X52.82 Y48.438
G1 F1800 X47.18 Y54.077 E0.13263
G0 F7200 X47.18 Y53.512
G1 F1800 X52.82 Y47.872 E0.13264
G0 F7200 X52.82 Y47.306
G1 F1800 X47.18 Y52.946 E0.13264
G0 F7200 X47.18 Y52.38
G1 F1800 X52.82 Y46.74 E0.13264
G0 F7200 X52.82 Y46.175
G1 F1800 X47.18 Y51.815 E0.13264
G0 F7200 X47.18 Y51.249
G1 F1800 X52.82 Y45.609 E0.13264
G0 F7200 X52.82 Y45.043
G1 F1800 X47.18 Y50.683 E0.13264
G0 F7200 X47.18 Y50.118
G1 F1800 X52.82 Y44.478 E0.13264
G0 F7200 X52.82 Y43.912
G1 F1800 X47.18 Y49.552 E0.13264
G0 F7200 X47.18 Y48.986
G1 F1800 X52.82 Y43.346 E0.13264
G0 F7200 X52.82 Y42.781
G1 F1800 X47.18 Y48.421 E0.13264
G0 F7200 X47.18 Y47.855
G1 F1800 X52.82 Y42.215 E0.13264
G0 F7200 X52.766 Y41.704
G1 F1800 X47.18 Y47.289 E0.13136
G0 F7200 X47.18 Y46.723
G1 F1800 X52.2 Y41.704 E0.11805
G0 F7200 X51.634 Y41.704
G1 F1800 X47.18 Y46.158 E0.10475
G0 F7200 X47.18 Y45.592
G1 F1800 X51.069 Y41.704 E0.09145
G0 F7200 X50.503 Y41.704
G1 F1800 X47.18 Y45.026 E0.07814
G0 F7200 X47.18 Y44.461
G1 F1800 X49.937 Y41.704 E0.06484
G0 F7200 X49.372 Y41.704
G1 F1800 X47.18 Y43.895 E0.05154
G0 F7200 X47.18 Y43.329
G1 F1800 X48.806 Y41.704 E0.03823
G0 F7200 X48.24 Y41.704
G1 F1800 X47.18 Y42.764 E0.02493
G0 F7200 X47.18 Y42.198
G1 F1800 X47.675 Y41.704 E0.01163
G0 F7200 X47.675 Y41.71
G1 F1500 E-6.5
G0 F7200 X53.57 Y58.62
G0 X54.665 Y58.62
G0 X56.43 Y58.62
G0 X63.09 Y58.62
G0 X63.4 Y58.9
;TYPE:WALL-INNER
G1 F1500 E6.5
G1 F3600 X63.4 Y41.1 E0.29602
G1 X56.6 Y41.1 E0.11308
G1 X56.6 Y58.9 E0.29602
G1 X63.4 Y58.9 E0.11308
G0 F7200 X63.8 Y59.3
;TYPE:WALL-OUTER
G1 F1800 X63.8 Y40.7 E0.30932
G1 X56.2 Y40.7 E0.12639
G1 X56.2 Y59.3 E0.30932
G1 X63.8 Y59.3 E0.12639
G0 F7200 X63.8 Y59.1
G0 X63.02 Y58.496
;TYPE:SKIN
G1 F1800 X56.98 Y58.496 E0.10045
G1 X56.98 Y41.504 E0.28258
G1 X63.02 Y41.504 E0.10045
G1 X63.02 Y58.496 E0.28258
G0 F7200 X62.761 Y58.296
G1 F1800 X62.82 Y58.237 E0.00139
G0 F7200 X62.82 Y57.671
G1 F1800 X62.195 Y58.296 E0.0147
G0 F7200 X61.629 Y58.296
G1 F1800 X62.82 Y57.105 E0.02801
G0 F7200 X62.82 Y56.54
G1 F1800 X61.064 Y58.296 E0.0413
G0 F7200 X60.498 Y58.296
G1 F1800 X62.82 Y55.974 E0.05461
G0 F7200 X62.82 Y55.408
G1 F1800 X59.932 Y58.296 E0.06792
G0 F7200 X59.367 Y58.296
G1 F1800 X62.82 Y54.842 E0.08122
G0 F7200 X62.82 Y54.277
G1 F1800 X58.801 Y58.296 E0.09452
G0 F7200 X58.235 Y58.296
G1 F1800 X62.82 Y53.711 E0.10783
G0 F7200 X62.82 Y53.145
G1 F1800 X57.67 Y58.296 E0.12113
G0 F7200 X57.18 Y58.22
G1 F1800 X62.82 Y52.58 E0.13264
G0 F7200 X62.82 Y52.014
G1 F1800 X57.18 Y57.654 E0.13264
G0 F7200 X57.18 Y57.088
G1 F1800 X62.82 Y51.448 E0.13264
G0 F7200 X62.82 Y50.883
G1 F1800 X57.18 Y56.523 E0.13264
G0 F7200 X57.18 Y55.957
G1 F1800 X62.82 Y50.317 E0.13264
G0 F7200 X62.82 Y49.751
G1 F1800 X57.18 Y55.391 E0.13264
G0 F7200 X57.18 Y54.826
G1 F1800 X62.82 Y49.186 E0.13264
G0 F7200 X62.82 Y48.62
G1 F1800 X57.18 Y54.26 E0.13264
G0 F7200 X57.18 Y53.694
G1 F1800 X62.82 Y48.054 E0.13264
G0 F7200 X62.82 Y47.489
G1 F1800 X57.18 Y53.128 E0.13263
G0 F7200 X57.18 Y52.563
G1 F1800 X62.82 Y46.923 E0.13264
G0 F7200 X62.82 Y46.357
G1 F1800 X57.18 Y51.997 E0.13264
G0 F7200 X57.18 Y51.431
G1 F1800 X62.82 Y45.792 E0.13263
G0 F7200 X62.82 Y45.226
G1 F1800 X57.18 Y50.866 E0.13264
G0 F7200 X57.18 Y50.3
G1 F1800 X62.82 Y44.66 E0.13264
G0 F7200 X62.82 Y44.094
G1 F1800 X57.18 Y49.734 E0.13264
G0 F7200 X57.18 Y49.169
G1 F1800 X62.82 Y43.529 E0.13264
G0 F7200 X62.82 Y42.963
G1 F1800 X57.18 Y48.603 E0.13264
G0 F7200 X57.18 Y48.037
G1 F1800 X62.82 Y42.397 E0.13264
G0 F7200 X62.82 Y41.832
G1 F1800 X57.18 Y47.472 E0.13264
G0 F7200 X57.18 Y46.906
G1 F1800 X62.382 Y41.704 E0.12234
G0 F7200 X61.816 Y41.704
G1 F1800 X57.18 Y46.34 E0.10903
G0 F7200 X57.18 Y45.775
G1 F1800 X61.25 Y41.704 E0.09573
G0 F7200 X60.685 Y41.704
G1 F1800 X57.18 Y45.209 E0.08243
G0 F7200 X57.18 Y44.643
G1 F1800 X60.119 Y41.704 E0.06912
G0 F7200 X59.553 Y41.704
G1 F1800 X57.18 Y44.078 E0.05582
G0 F7200 X57.18 Y43.512
G1 F1800 X58.988 Y41.704 E0.04252
G0 F7200 X58.422 Y41.704
G1 F1800 X57.18 Y42.946 E0.02921
G0 F7200 X57.18 Y42.38
G1 F1800 X57.856 Y41.704 E0.0159
G0 F7200 X57.29 Y41.704
G1 F1800 X57.18 Y41.815 E0.0026
G0 F7200 X57.21 Y41.815
G1 F1500 E-6.5
;MESH:NONMESH
G0 F600 X57.21 Y41.815 Z1.9
G0 F7200 X56.43 Y58.62
G0 X55.335 Y58.62
G0 X54.653 Y60.153
G0 X45.347 Y60.153
G0 X44.665 Y58.62
G0 X43.57 Y58.62
G0 X43.4 Y58.9
;TIME_ELAPSED:610.807955
;LAYER:16
;TYPE:WALL-INNER
;MESH:pin.stl
G1 F1500 E6.5
G1 F3600 X43.4 Y41.1 E0.29602
G1 X36.6 Y41.1 E0.11308
G1 X36.6 Y58.9 E0.29602
G1 X43.4 Y58.9 E0.11308
G0 F7200 X43.8 Y59.3
;TYPE:WALL-OUTER
G1 F1800 X43.8 Y40.7 E0.30932
G1 X36.2 Y40.7 E0.12639
G1 X36.2 Y59.3 E0.30932
G1 X43.8 Y59.3 E0.12639
G0 F7200 X43.8 Y59.1
G0 X43.02 Y58.52
;TYPE:SKIN
G1 F1800 X36.98 Y58.52 E0.10045
G1 X36.98 Y41.48 E0.28338
G1 X43.02 Y41.48 E0.10045
G1 X43.02 Y58.52 E0.28338
G0 F7200 X37.18 Y58.11
G1 F1800 X37.39 Y58.32 E0.00494
G0 F7200 X37.955 Y58.32
G1 F1800 X37.18 Y57.544 E0.01824
G0 F7200 X37.18 Y56.979
G1 F1800 X38.521 Y58.32 E0.03154
G0 F7200 X39.087 Y58.32
G1 F1800 X37.18 Y56.413 E0.04485
G0 F7200 X37.18 Y55.847
G1 F1800 X39.652 Y58.32 E0.05815
G0 F7200 X40.218 Y58.32
G1 F1800 X37.18 Y55.282 E0.07145
G0 F7200 X37.18 Y54.716
G1 F1800 X40.784 Y58.32 E0.08476
G0 F7200 X41.349 Y58.32
G1 F1800 X37.18 Y54.15 E0.09806
G0 F7200 X37.18 Y53.585
G1 F1800 X41.915 Y58.32 E0.11136
G0 F7200 X42.481 Y58.32
G1 F1800 X37.18 Y53.019 E0.12467
G0 F7200 X37.18 Y52.453
G1 F1800 X42.82 Y58.094 E0.13266
G0 F7200 X42.82 Y57.528
G1 F1800 X37.18 Y51.887 E0.13266
G0 F7200 X37.18 Y51.322
G1 F1800 X42.82 Y56.962 E0.13264
G0 F7200 X42.82 Y56.397
G1 F1800 X37.18 Y50.756 E0.13266
G0 F7200 X37.18 Y50.19
G1 F1800 X42.82 Y55.831 E0.13266
G0 F7200 X42.82 Y55.265
G1 F1800 X37.18 Y49.625 E0.13264
G0 F7200 X37.18 Y49.059
G1 F1800 X42.82 Y54.7 E0.13266
G0 F7200 X42.82 Y54.134
G1 F1800 X37.18 Y48.493 E0.13266
G0 F7200 X37.18 Y47.928
G1 F1800 X42.82 Y53.568 E0.13264
G0 F7200 X42.82 Y53.003
G1 F1800 X37.18 Y47.362 E0.13266
G0 F7200 X37.18 Y46.796
G1 F1800 X42.82 Y52.437 E0.13266
G0 F7200 X42.82 Y51.871
G1 F1800 X37.18 Y46.231 E0.13264
G0 F7200 X37.18 Y45.665
G1 F1800 X42.82 Y51.306 E0.13266
G0 F7200 X42.82 Y50.74
G1 F1800 X37.18 Y45.099 E0.13266
G0 F7200 X37.18 Y44.534
G1 F1800 X42.82 Y50.174 E0.13264
G0 F7200 X42.82 Y49.608
G1 F1800 X37.18 Y43.968 E0.13264
G0 F7200 X37.18 Y43.402
G1 F1800 X42.82 Y49.043 E0.13266
G0 F7200 X42.82 Y48.477
G1 F1800 X37.18 Y42.837 E0.13264
G0 F7200 X37.18 Y42.271
G1 F1800 X42.82 Y47.911 E0.13264
G0 F7200 X42.82 Y47.346
G1 F1800 X37.18 Y41.705 E0.13266
G0 F7200 X37.721 Y41.68
G1 F1800 X42.82 Y46.78 E0.11993
G0 F7200 X42.82 Y46.214
G1 F1800 X38.286 Y41.68 E0.10663
G0 F7200 X38.852 Y41.68
G1 F1800 X42.82 Y45.649 E0.09333
G0 F7200 X42.82 Y45.083
G1 F1800 X39.418 Y41.68 E0.08002
G0 F7200 X39.983 Y41.68
G1 F1800 X42.82 Y44.517 E0.06672
G0 F7200 X42.82 Y43.952
G1 F1800 X40.549 Y41.68 E0.05342
G0 F7200 X41.115 Y41.68
G1 F1800 X42.82 Y43.386 E0.04011
G0 F7200 X42.82 Y42.82
G1 F1800 X41.68 Y41.68 E0.02681
G0 F7200 X42.246 Y41.68
G1 F1800 X42.82 Y42.255 E0.01351
G1 X42.89 Y42.325
G0 F7200 X42.79 Y42.325
G1 F1500 E-6.5
G0 F7200 X43.57 Y58.62
G0 X44.665 Y58.62
G0 X46.43 Y58.62
G0 X53.09 Y58.62
G0 X53.4 Y58.9
;TYPE:WALL-INNER
G1 F1500 E6.5
G1 F3600 X53.4 Y41.1 E0.29602
G1 X46.6 Y41.1 E0.11308
G1 X46.6 Y58.9 E0.29602
G1 X53.4 Y58.9 E0.11308
G0 F7200 X53.8 Y59.3
;TYPE:WALL-OUTER
G1 F1800 X53.8 Y40.7 E0.30932
G1 X46.2 Y40.7 E0.12639
G1 X46.2 Y59.3 E0.30932
G1 X53.8 Y59.3 E0.12639
G0 F7200 X53.8 Y59.1
G0 X53.02 Y58.52
;TYPE:SKIN
G1 F1800 X46.98 Y58.52 E0.10045
G1 X46.98 Y41.48 E0.28338
G1 X53.02 Y41.48 E0.10045
G1 X53.02 Y58.52 E0.28338
G0 F7200 X47.18 Y57.928
G1 F1800 X47.572 Y58.32 E0.00922
G0 F7200 X48.138 Y58.32
G1 F1800 X47.18 Y57.363 E0.02252
G0 F7200 X47.18 Y56.797
G1 F1800 X48.703 Y58.32 E0.03582
G0 F7200 X49.269 Y58.32
G1 F1800 X47.18 Y56.231 E0.04913
G0 F7200 X47.18 Y55.666
G1 F1800 X49.835 Y58.32 E0.06243
G0 F7200 X50.4 Y58.32
G1 F1800 X47.18 Y55.1 E0.07573
G0 F7200 X47.18 Y54.534
G1 F1800 X50.966 Y58.32 E0.08904
G0 F7200 X51.532 Y58.32
G1 F1800 X47.18 Y53.969 E0.10234
G0 F7200 X47.18 Y53.403
G1 F1800 X52.098 Y58.32 E0.11565
G0 F7200 X52.663 Y58.32
G1 F1800 X47.18 Y52.837 E0.12895
G0 F7200 X47.18 Y52.271
G1 F1800 X52.82 Y57.911 E0.13264
G0 F7200 X52.82 Y57.346
G1 F1800 X47.18 Y51.706 E0.13264
G0 F7200 X47.18 Y51.14
G1 F1800 X52.82 Y56.78 E0.13264
G0 F7200 X52.82 Y56.214
G1 F1800 X47.18 Y50.574 E0.13264
G0 F7200 X47.18 Y50.009
G1 F1800 X52.82 Y55.649 E0.13264
G0 F7200 X52.82 Y55.083
G1 F1800 X47.18 Y49.443 E0.13264
G0 F7200 X47.18 Y48.877
G1 F1800 X52.82 Y54.517 E0.13264
G0 F7200 X52.82 Y53.952
G1 F1800 X47.18 Y48.312 E0.13264
G0 F7200 X47.18 Y47.746
G1 F1800 X52.82 Y53.386 E0.13264
G0 F7200 X52.82 Y52.82
G1 F1800 X47.18 Y47.18 E0.13264
G0 F7200 X47.18 Y46.615
G1 F1800 X52.82 Y52.254 E0.13263
G0 F7200 X52.82 Y51.689
G1 F1800 X47.18 Y46.049 E0.13264
G0 F7200 X47.18 Y45.483
G1 F1800 X52.82 Y51.123 E0.13264
G0 F7200 X52.82 Y50.557
G1 F1800 X47.18 Y44.918 E0.13263
G0 F7200 X47.18 Y44.352
G1 F1800 X52.82 Y49.992 E0.13264
G0 F7200 X52.82 Y49.426
G1 F1800 X47.18 Y43.786 E0.13264
G0 F7200 X47.18 Y43.22
G1 F1800 X52.82 Y48.86 E0.13264
G0 F7200 X52.82 Y48.295
G1 F1800 X47.18 Y42.655 E0.13264
G0 F7200 X47.18 Y42.089
G1 F1800 X52.82 Y47.729 E0.13264
G0 F7200 X52.82 Y47.163
G1 F1800 X47.337 Y41.68 E0.12895
G0 F7200 X47.903 Y41.68
G1 F1800 X52.82 Y46.598 E0.11565
G0 F7200 X52.82 Y46.032
G1 F1800 X48.469 Y41.68 E0.10234
G0 F7200 X49.034 Y41.68
G1 F1800 X52.82 Y45.466 E0.08904
G0 F7200 X52.82 Y44.901
G1 F1800 X49.6 Y41.68 E0.07574
G0 F7200 X50.166 Y41.68
G1 F1800 X52.82 Y44.335 E0.06243
G0 F7200 X52.82 Y43.769
G1 F1800 X50.731 Y41.68 E0.04913
G0 F7200 X51.297 Y41.68
G1 F1800 X52.82 Y43.204 E0.03583
G0 F7200 X52.82 Y42.638
G1 F1800 X51.863 Y41.68 E0.02252
G0 F7200 X52.428 Y41.68
G1 F1800 X52.82 Y42.072 E0.00922
G0 F7200 X52.79 Y42.072
G1 F1500 E-6.5
G0 F7200 X53.57 Y58.62
G0 X54.665 Y58.62
G0 X56.43 Y58.62
G0 X63.09 Y58.62
G0 X63.4 Y58.9
;TYPE:WALL-INNER
G1 F1500 E6.5
G1 F3600 X63.4 Y41.1 E0.29602
G1 X56.6 Y41.1 E0.11308
G1 X56.6 Y58.9 E0.29602
G1 X63.4 Y58.9 E0.11308
G0 F7200 X63.8 Y59.3
;TYPE:WALL-OUTER
G1 F1800 X63.8 Y40.7 E0.30932
G1 X56.2 Y40.7 E0.12639
G1 X56.2 Y59.3 E0.30932
G1 X63.8 Y59.3 E0.12639
G0 F7200 X63.8 Y59.1
G0 X63.02 Y58.52
;TYPE:SKIN
G1 F1800 X56.98 Y58.52 E0.10045
G1 X56.98 Y41.48 E0.28338
G1 X63.02 Y41.48 E0.10045
G1 X63.02 Y58.52 E0.28338
G0 F7200 X57.18 Y57.746
G1 F1800 X57.754 Y58.32 E0.0135
G0 F7200 X58.32 Y58.32
G1 F1800 X57.18 Y57.18 E0.02681
G0 F7200 X57.18 Y56.615
G1 F1800 X58.886 Y58.32 E0.04011
G0 F7200 X59.451 Y58.32
G1 F1800 X57.18 Y56.049 E0.05341
G0 F7200 X57.18 Y55.483
G1 F1800 X60.017 Y58.32 E0.06672
G0 F7200 X60.583 Y58.32
G1 F1800 X57.18 Y54.917 E0.08003
G0 F7200 X57.18 Y54.352
G1 F1800 X61.148 Y58.32 E0.09332
G0 F7200 X61.714 Y58.32
G1 F1800 X57.18 Y53.786 E0.10663
G0 F7200 X57.18 Y53.22
G1 F1800 X62.28 Y58.32 E0.11994
G0 F7200 X62.82 Y58.295
G1 F1800 X57.18 Y52.655 E0.13264
G0 F7200 X57.18 Y52.089
G1 F1800 X62.82 Y57.729 E0.13264
G0 F7200 X62.82 Y57.163
G1 F1800 X57.18 Y51.523 E0.13264
G0 F7200 X57.18 Y50.958
G1 F1800 X62.82 Y56.598 E0.13264
G0 F7200 X62.82 Y56.032
G1 F1800 X57.18 Y50.392 E0.13264
G0 F7200 X57.18 Y49.826
G1 F1800 X62.82 Y55.466 E0.13264
G0 F7200 X62.82 Y54.9
G1 F1800 X57.18 Y49.261 E0.13263
G0 F7200 X57.18 Y48.695
G1 F1800 X62.82 Y54.335 E0.13264
G0 F7200 X62.82 Y53.769
G1 F1800 X57.18 Y48.129 E0.13264
G0 F7200 X57.18 Y47.564
G1 F1800 X62.82 Y53.203 E0.13263
G0 F7200 X62.82 Y52.638
G1 F1800 X57.18 Y46.998 E0.13264
G0 F7200 X57.18 Y46.432
G1 F1800 X62.82 Y52.072 E0.13264
G0 F7200 X62.82 Y51.506
G1 F1800 X57.18 Y45.866 E0.13264
G0 F7200 X57.18 Y45.301
G1 F1800 X62.82 Y50.941 E0.13264
G0 F7200 X62.82 Y50.375
G1 F1800 X57.18 Y44.735 E0.13264
G0 F7200 X57.18 Y44.169
G1 F1800 X62.82 Y49.809 E0.13264
G0 F7200 X62.82 Y49.244
G1 F1800 X57.18 Y43.604 E0.13264
G0 F7200 X57.18 Y43.038
G1 F1800 X62.82 Y48.678 E0.13264
G0 F7200 X62.82 Y48.112
G1 F1800 X57.18 Y42.472 E0.13264
G0 F7200 X57.18 Y41.907
G1 F1800 X62.82 Y47.547 E0.13264
G0 F7200 X62.82 Y46.981
G1 F1800 X57.52 Y41.68 E0.12466
G0 F7200 X58.085 Y41.68
G1 F1800 X62.82 Y46.415 E0.11136
G0 F7200 X62.82 Y45.85
G1 F1800 X58.651 Y41.68 E0.09806
G0 F7200 X59.217 Y41.68
G1 F1800 X62.82 Y45.284 E0.08475
G0 F7200 X62.82 Y44.718
G1 F1800 X59.782 Y41.68 E0.07145
G0 F7200 X60.348 Y41.68
G1 F1800 X62.82 Y44.152 E0.05814
G0 F7200 X62.82 Y43.587
G1 F1800 X60.914 Y41.68 E0.04484
G0 F7200 X61.479 Y41.68
G1 F1800 X62.82 Y43.021 E0.03154
G0 F7200 X62.82 Y42.455
G1 F1800 X62.045 Y41.68 E0.01823
G0 F7200 X62.611 Y41.68
G1 F1800 X62.82 Y41.89 E0.00493
G0 F7200 X62.79 Y41.89
G1 F1500 E-6.5
;MESH:NONMESH
G0 F600 X62.79 Y41.89 Z2
G0 F7200 X56.43 Y58.62
G0 X55.335 Y58.62
G0 X54.653 Y60.153
G0 X45.347 Y60.153
G0 X44.665 Y58.62
G0 X43.57 Y58.62
G0 X43.4 Y58.9
;TIME_ELAPSED:652.173654
;LAYER:17
;TYPE:WALL-INNER
;MESH:pin.stl
G1 F1500 E6.5
G1 F3600 X43.4 Y41.1 E0.29602
G1 X36.6 Y41.1 E0.11308
G1 X36.6 Y58.9 E0.29602
G1 X43.4 Y58.9 E0.11308
G0 F7200 X43.8 Y59.3
;TYPE:WALL-OUTER
G1 F1800 X43.8 Y40.7 E0.30932
G1 X36.2 Y40.7 E0.12639
G1 X36.2 Y59.3 E0.30932
G1 X43.8 Y59.3 E0.12639
G0 F7200 X43.8 Y59.1
G0 X43.02 Y58.52
;TYPE:SKIN
G1 F1800 X36.98 Y58.52 E0.10045
G1 X36.98 Y41.48 E0.28338
G1 X43.02 Y41.48 E0.10045
G1 X43.02 Y58.52 E0.28338
G0 F7200 X42.372 Y58.32
G1 F1800 X42.82 Y57.872 E0.01054
G0 F7200 X42.82 Y57.306
G1 F1800 X41.806 Y58.32 E0.02385
G0 F7200 X41.241 Y58.32
G1 F1800 X42.82 Y56.74 E0.03715
G0 F7200 X42.82 Y56.175
G1 F1800 X40.675 Y58.32 E0.05045
G0 F7200 X40.109 Y58.32
G1 F1800 X42.82 Y55.609 E0.06376
G0 F7200 X42.82 Y55.043
G1 F1800 X39.544 Y58.32 E0.07706
G0 F7200 X38.978 Y58.32
G1 F1800 X42.82 Y54.478 E0.09036
G0 F7200 X42.82 Y53.912
G1 F1800 X38.412 Y58.32 E0.10367
G0 F7200 X37.846 Y58.32
G1 F1800 X42.82 Y53.346 E0.11698
G0 F7200 X42.82 Y52.781
G1 F1800 X37.281 Y58.32 E0.13027
G0 F7200 X37.18 Y57.855
G1 F1800 X42.82 Y52.215 E0.13264
G0 F7200 X42.82 Y51.649
G1 F1800 X37.18 Y57.289 E0.13264
G0 F7200 X37.18 Y56.723
G1 F1800 X42.82 Y51.084 E0.13263
G0 F7200 X42.82 Y50.518
G1 F1800 X37.18 Y56.158 E0.13264
G0 F7200 X37.18 Y55.592
G1 F1800 X42.82 Y49.952 E0.13264
G0 F7200 X42.82 Y49.386
G1 F1800 X37.18 Y55.026 E0.13264
G0 F7200 X37.18 Y54.461
G1 F1800 X42.82 Y48.821 E0.13264
G0 F7200 X42.82 Y48.255
G1 F1800 X37.18 Y53.895 E0.13264
G0 F7200 X37.18 Y53.329
G1 F1800 X42.82 Y47.689 E0.13264
G0 F7200 X42.82 Y47.124
G1 F1800 X37.18 Y52.764 E0.13264
G0 F7200 X37.18 Y52.198
G1 F1800 X42.82 Y46.558 E0.13264
G0 F7200 X42.82 Y45.992
G1 F1800 X37.18 Y51.632 E0.13264
G0 F7200 X37.18 Y51.067
G1 F1800 X42.82 Y45.427 E0.13264
G0 F7200 X42.82 Y44.861
G1 F1800 X37.18 Y50.501 E0.13264
G0 F7200 X37.18 Y49.935
G1 F1800 X42.82 Y44.295 E0.13264
G0 F7200 X42.82 Y43.73
G1 F1800 X37.18 Y49.369 E0.13263
G0 F7200 X37.18 Y48.804
G1 F1800 X42.82 Y43.164 E0.13264
G0 F7200 X42.82 Y42.598
G1 F1800 X37.18 Y48.238 E0.13264
G0 F7200 X37.18 Y47.672
G1 F1800 X42.82 Y42.033 E0.13263
G0 F7200 X42.607 Y41.68
G1 F1800 X37.18 Y47.107 E0.12763
G0 F7200 X37.18 Y46.541
G1 F1800 X42.042 Y41.68 E0.11434
G0 F7200 X41.476 Y41.68
G1 F1800 X37.18 Y45.975 E0.10102
G0 F7200 X37.18 Y45.41
G1 F1800 X40.91 Y41.68 E0.08772
G0 F7200 X40.345 Y41.68
G1 F1800 X37.18 Y44.844 E0.07442
G0 F7200 X37.18 Y44.278
G1 F1800 X39.779 Y41.68 E0.06111
G0 F7200 X39.213 Y41.68
G1 F1800 X37.18 Y43.713 E0.04781
G0 F7200 X37.18 Y43.147
G1 F1800 X38.648 Y41.68 E0.03451
G0 F7200 X38.082 Y41.68
G1 F1800 X37.18 Y42.581 E0.0212
G0 F7200 X37.18 Y42.016
G1 F1800 X37.516 Y41.68 E0.0079
G0 F7200 X37.516 Y41.71
G1 F1500 E-6.5
G0 F7200 X43.57 Y58.62
G0 X44.665 Y58.62
G0 X46.43 Y58.62
G0 X53.09 Y58.62
G0 X53.4 Y58.9
;TYPE:WALL-INNER
G1 F1500 E6.5
G1 F3600 X53.4 Y41.1 E0.29602
G1 X46.6 Y41.1 E0.11308
G1 X46.6 Y58.9 E0.29602
G1 X53.4 Y58.9 E0.11308
G0 F7200 X53.8 Y59.3
;TYPE:WALL-OUTER
G1 F1800 X53.8 Y40.7 E0.30932
G1 X46.2 Y40.7 E0.12639
G1 X46.2 Y59.3 E0.30932
G1 X53.8 Y59.3 E0.12639
G0 F7200 X53.8 Y59.1
G0 X53.02 Y58.52
;TYPE:SKIN
G1 F1800 X46.98 Y58.52 E0.10045
G1 X46.98 Y41.48 E0.28338
G1 X53.02 Y41.48 E0.10045
G1 X53.02 Y58.52 E0.28338
G0 F7200 X52.554 Y58.32
G1 F1800 X52.82 Y58.054 E0.00626
G0 F7200 X52.82 Y57.488
G1 F1800 X51.989 Y58.32 E0.01956
G0 F7200 X51.423 Y58.32
G1 F1800 X52.82 Y56.923 E0.03286
G0 F7200 X52.82 Y56.357
G1 F1800 X50.857 Y58.32 E0.04617
G0 F7200 X50.292 Y58.32
G1 F1800 X52.82 Y55.791 E0.05947
G0 F7200 X52.82 Y55.226
G1 F1800 X49.726 Y58.32 E0.07277
G0 F7200 X49.16 Y58.32
G1 F1800 X52.82 Y54.66 E0.08608
G0 F7200 X52.82 Y54.094
G1 F1800 X48.594 Y58.32 E0.09939
G0 F7200 X48.029 Y58.32
G1 F1800 X52.82 Y53.529 E0.11268
G0 F7200 X52.82 Y52.963
G1 F1800 X47.463 Y58.32 E0.12599
G0 F7200 X47.18 Y58.037
G1 F1800 X52.82 Y52.397 E0.13264
G0 F7200 X52.82 Y51.832
G1 F1800 X47.18 Y57.472 E0.13264
G0 F7200 X47.18 Y56.906
G1 F1800 X52.82 Y51.266 E0.13264
G0 F7200 X52.82 Y50.7
G1 F1800 X47.18 Y56.34 E0.13264
G0 F7200 X47.18 Y55.774
G1 F1800 X52.82 Y50.135 E0.13263
G0 F7200 X52.82 Y49.569
G1 F1800 X47.18 Y55.209 E0.13264
G0 F7200 X47.18 Y54.643
G1 F1800 X52.82 Y49.003 E0.13264
G0 F7200 X52.82 Y48.438
G1 F1800 X47.18 Y54.077 E0.13263
G0 F7200 X47.18 Y53.512
G1 F1800 X52.82 Y47.872 E0.13264
G0 F7200 X52.82 Y47.306
G1 F1800 X47.18 Y52.946 E0.13264
G0 F7200 X47.18 Y52.38
G1 F1800 X52.82 Y46.74 E0.13264
G0 F7200 X52.82 Y46.175
G1 F1800 X47.18 Y51.815 E0.13264
G0 F7200 X47.18 Y51.249
G1 F1800 X52.82 Y45.609 E0.13264
G0 F7200 X52.82 Y45.043
G1 F1800 X47.18 Y50.683 E0.13264
G0 F7200 X47.18 Y50.118
G1 F1800 X52.82 Y44.478 E0.13264
G0 F7200 X52.82 Y43.912
G1 F1800 X47.18 Y49.552 E0.13264
G0 F7200 X47.18 Y48.986
G1 F1800 X52.82 Y43.346 E0.13264
G0 F7200 X52.82 Y42.781
G1 F1800 X47.18 Y48.421 E0.13264
G0 F7200 X47.18 Y47.855
G1 F1800 X52.82 Y42.215 E0.13264
G0 F7200 X52.789 Y41.68
G1 F1800 X47.18 Y47.289 E0.13192
G0 F7200 X47.18 Y46.723
G1 F1800 X52.223 Y41.68 E0.1186
G0 F7200 X51.658 Y41.68
G1 F1800 X47.18 Y46.158 E0.10532
G0 F7200 X47.18 Y45.592
G1 F1800 X51.092 Y41.68 E0.092
G0 F7200 X50.526 Y41.68
G1 F1800 X47.18 Y45.026 E0.07869
G0 F7200 X47.18 Y44.461
G1 F1800 X49.961 Y41.68 E0.0654
G0 F7200 X49.395 Y41.68
G1 F1800 X47.18 Y43.895 E0.05209
G0 F7200 X47.18 Y43.329
G1 F1800 X48.829 Y41.68 E0.03878
G0 F7200 X48.264 Y41.68
G1 F1800 X47.18 Y42.764 E0.02549
G0 F7200 X47.18 Y42.198
G1 F1800 X47.698 Y41.68 E0.01218
G0 F7200 X47.698 Y41.71
G1 F1500 E-6.5
G0 F7200 X53.57 Y58.62
G0 X54.665 Y58.62
G0 X56.43 Y58.62
G0 X63.09 Y58.62
G0 X63.4 Y58.9
;TYPE:WALL-INNER
G1 F1500 E6.5
G1 F3600 X63.4 Y41.1 E0.29602
G1 X56.6 Y41.1 E0.11308
G1 X56.6 Y58.9 E0.29602
G1 X63.4 Y58.9 E0.11308
G0 F7200 X63.8 Y59.3
;TYPE:WALL-OUTER
G1 F1800 X63.8 Y40.7 E0.30932
G1 X56.2 Y40.7 E0.12639
G1 X56.2 Y59.3 E0.30932
G1 X63.8 Y59.3 E0.12639
G0 F7200 X63.8 Y59.1
G0 X63.02 Y58.52
;TYPE:SKIN
G1 F1800 X56.98 Y58.52 E0.10045
G1 X56.98 Y41.48 E0.28338
G1 X63.02 Y41.48 E0.10045
G1 X63.02 Y58.52 E0.28338
G0 F7200 X62.737 Y58.32
G1 F1800 X62.82 Y58.237 E0.00195
G0 F7200 X62.82 Y57.671
G1 F1800 X62.171 Y58.32 E0.01526
G0 F7200 X61.605 Y58.32
G1 F1800 X62.82 Y57.105 E0.02857
G0 F7200 X62.82 Y56.54
G1 F1800 X61.04 Y58.32 E0.04186
G0 F7200 X60.474 Y58.32
G1 F1800 X62.82 Y55.974 E0.05517
G0 F7200 X62.82 Y55.408
G1 F1800 X59.908 Y58.32 E0.06849
G0 F7200 X59.343 Y58.32
G1 F1800 X62.82 Y54.842 E0.08179
G0 F7200 X62.82 Y54.277
G1 F1800 X58.777 Y58.32 E0.09509
G0 F7200 X58.211 Y58.32
G1 F1800 X62.82 Y53.711 E0.1084
G0 F7200 X62.82 Y53.145
G1 F1800 X57.645 Y58.32 E0.12171
G0 F7200 X57.18 Y58.22
G1 F1800 X62.82 Y52.58 E0.13264
G0 F7200 X62.82 Y52.014
G1 F1800 X57.18 Y57.654 E0.13264
G0 F7200 X57.18 Y57.088
G1 F1800 X62.82 Y51.448 E0.13264
G0 F7200 X62.82 Y50.883
G1 F1800 X57.18 Y56.523 E0.13264
G0 F7200 X57.18 Y55.957
G1 F1800 X62.82 Y50.317 E0.13264
G0 F7200 X62.82 Y49.751
G1 F1800 X57.18 Y55.391 E0.13264
G0 F7200 X57.18 Y54.826
G1 F1800 X62.82 Y49.186 E0.13264
G0 F7200 X62.82 Y48.62
G1 F1800 X57.18 Y54.26 E0.13264
G0 F7200 X57.18 Y53.694
G1 F1800 X62.82 Y48.054 E0.13264
G0 F7200 X62.82 Y47.489
G1 F1800 X57.18 Y53.128 E0.13263
G0 F7200 X57.18 Y52.563
G1 F1800 X62.82 Y46.923 E0.13264
G0 F7200 X62.82 Y46.357
G1 F1800 X57.18 Y51.997 E0.13264
G0 F7200 X57.18 Y51.431
G1 F1800 X62.82 Y45.792 E0.13263
G0 F7200 X62.82 Y45.226
G1 F1800 X57.18 Y50.866 E0.13264
G0 F7200 X57.18 Y50.3
G1 F1800 X62.82 Y44.66 E0.13264
G0 F7200 X62.82 Y44.094
G1 F1800 X57.18 Y49.734 E0.13264
G0 F7200 X57.18 Y49.169
G1 F1800 X62.82 Y43.529 E0.13264
G0 F7200 X62.82 Y42.963
G1 F1800 X57.18 Y48.603 E0.13264
G0 F7200 X57.18 Y48.037
G1 F1800 X62.82 Y42.397 E0.13264
G0 F7200 X62.82 Y41.832
G1 F1800 X57.18 Y47.472 E0.13264
G0 F7200 X57.18 Y46.906
G1 F1800 X62.406 Y41.68 E0.12291
G0 F7200 X61.84 Y41.68
G1 F1800 X57.18 Y46.34 E0.1096
G0 F7200 X57.18 Y45.775
G1 F1800 X61.274 Y41.68 E0.0963
G0 F7200 X60.709 Y41.68
G1 F1800 X57.18 Y45.209 E0.083
G0 F7200 X57.18 Y44.643
G1 F1800 X60.143 Y41.68 E0.06969
G0 F7200 X59.577 Y41.68
G1 F1800 X57.18 Y44.078 E0.05639
G0 F7200 X57.18 Y43.512
G1 F1800 X59.012 Y41.68 E0.04309
G0 F7200 X58.446 Y41.68
G1 F1800 X57.18 Y42.946 E0.02977
G0 F7200 X57.18 Y42.38
G1 F1800 X57.88 Y41.68 E0.01646
G0 F7200 X57.315 Y41.68
G1 F1800 X57.18 Y41.815 E0.00317
G0 F7200 X57.21 Y41.815
G1 F1500 E-6.5
;MESH:NONMESH
G0 F600 X57.21 Y41.815 Z2.1
G0 F7200 X56.43 Y45.092
G0 X55.335 Y45.092
G0 X54.653 Y39.847
G0 X45.347 Y39.847
G0 X44.665 Y45.092
G0 X43.57 Y45.092
G0 X38.232 Y45.092
;TIME_ELAPSED:693.391206
;LAYER:18
;TYPE:WALL-OUTER
;MESH:pin.stl
G1 F1500 E6.5
G1 F1484.5 X38.093 Y45.233 E0.00399
G1 X37.999 Y45.252 E0.00193
G1 X37.819 Y45.177 E0.00393
G1 X37.747 Y45.001 E0.00383
G1 X37.765 Y44.901 E0.00205
G1 X37.901 Y44.765 E0.00388
G1 X38.095 Y44.765 E0.00391
G1 X38.177 Y44.819 E0.00198
G1 X38.252 Y44.999 E0.00393
G1 X38.232 Y45.092 E0.00192
G0 F7200 X38.093 Y45.233
G0 X38.092 Y45.233
G1 F1500 E-6.5
G0 F7200 X37.994 Y44.984
G0 X38.058 Y42.944
G0 X43.09 Y42.494
G0 X43.4 Y42.772
;TYPE:WALL-INNER
G1 F1500 E6.5
G1 F3600 X43.4 Y41.1 E0.02781
G1 X36.6 Y41.1 E0.11308
G1 X36.6 Y42.772 E0.02781
G1 X43.4 Y42.772 E0.11308
G0 F7200 X43.8 Y43.172
;TYPE:WALL-OUTER
G1 F1800 X43.8 Y40.7 E0.04111
G1 X36.2 Y40.7 E0.12639
G1 X36.2 Y43.172 E0.04111
G1 X43.8 Y43.172 E0.12639
G0 F7200 X43.8 Y42.972
G0 X43.12 Y42.494
G0 X37.436 Y41.936
;TYPE:SKIN
G1 F1406.2 X42.564 Y41.936 E0.10916
G0 F7200 X43.02 Y42.392
G1 F1800 X36.98 Y42.392 E0.10045
G1 X36.98 Y41.48 E0.01517
G1 X43.02 Y41.48 E0.10045
G1 X43.02 Y42.392 E0.01517
G0 F7200 X42.79 Y42.164
G1 F1500 E-6.5
G0 F7200 X43.576 Y42.95
G0 X44.665 Y42.95
G0 X45.347 Y44.027
G0 X47.03 Y44.371
G0 X48.232 Y45.092
;TYPE:WALL-OUTER
G1 F1500 E6.5
G1 F1484.5 X48.093 Y45.233 E0.00399
G1 X47.999 Y45.252 E0.00193
G1 X47.819 Y45.177 E0.00393
G1 X47.747 Y45.001 E0.00383
G1 X47.765 Y44.901 E0.00205
G1 X47.901 Y44.765 E0.00388
G1 X48.095 Y44.765 E0.00391
G1 X48.177 Y44.819 E0.00198
G1 X48.252 Y44.999 E0.00393
G1 X48.232 Y45.092 E0.00192
G0 F7200 X48.093 Y45.233
G0 X48.092 Y45.233
G1 F1500 E-6.5
G0 F7200 X47.994 Y44.984
G0 X48.058 Y42.944
G0 X53.09 Y42.494
G0 X53.4 Y42.772
;TYPE:WALL-INNER
G1 F1500 E6.5
G1 F3600 X53.4 Y41.1 E0.02781
G1 X46.6 Y41.1 E0.11308
G1 X46.6 Y42.772 E0.02781
G1 X53.4 Y42.772 E0.11308
G0 F7200 X53.8 Y43.172
;TYPE:WALL-OUTER
G1 F1800 X53.8 Y40.7 E0.04111
G1 X46.2 Y40.7 E0.12639
G1 X46.2 Y43.172 E0.04111
G1 X53.8 Y43.172 E0.12639
G0 F7200 X53.8 Y42.972
G0 X53.12 Y42.494
G0 X47.436 Y41.936
;TYPE:SKIN
G1 F1406.2 X52.564 Y41.936 E0.10916
G0 F7200 X53.02 Y42.392
G1 F1800 X46.98 Y42.392 E0.10045
G1 X46.98 Y41.48 E0.01517
G1 X53.02 Y41.48 E0.10045
G1 X53.02 Y42.392 E0.01517
G0 F7200 X52.79 Y42.164
G1 F1500 E-6.5
G0 F7200 X53.576 Y42.95
G0 X54.665 Y42.95
G0 X55.347 Y44.027
G0 X57.03 Y44.371
G0 X58.232 Y45.092
;TYPE:WALL-OUTER
G1 F1500 E6.5
G1 F1484.5 X58.093 Y45.233 E0.00399
G1 X57.999 Y45.252 E0.00193
G1 X57.819 Y45.177 E0.00393
G1 X57.747 Y45.001 E0.00383
G1 X57.765 Y44.901 E0.00205
G1 X57.901 Y44.765 E0.00388
G1 X58.095 Y44.765 E0.00391
G1 X58.177 Y44.819 E0.00198
G1 X58.252 Y44.999 E0.00393
G1 X58.232 Y45.092 E0.00192
G0 F7200 X58.093 Y45.233
G0 X58.092 Y45.233
G1 F1500 E-6.5
G0 F7200 X57.994 Y44.984
G0 X58.058 Y42.944
G0 X63.09 Y42.494
G0 X63.4 Y42.772
;TYPE:WALL-INNER
G1 F1500 E6.5
G1 F3600 X63.4 Y41.1 E0.02781
G1 X56.6 Y41.1 E0.11308
G1 X56.6 Y42.772 E0.02781
G1 X63.4 Y42.772 E0.11308
G0 F7200 X63.8 Y43.172
;TYPE:WALL-OUTER
G1 F1800 X63.8 Y40.7 E0.04111
G1 X56.2 Y40.7 E0.12639
G1 X56.2 Y43.172 E0.04111
G1 X63.8 Y43.172 E0.12639
G0 F7200 X63.8 Y42.972
G0 X63.12 Y42.494
G0 X57.436 Y41.936
;TYPE:SKIN
G1 F1406.2 X62.564 Y41.936 E0.10916
G0 F7200 X63.02 Y42.392
G1 F1800 X56.98 Y42.392 E0.10045
G1 X56.98 Y41.48 E0.01517
G1 X63.02 Y41.48 E0.10045
G1 X63.02 Y42.392 E0.01517
G0 F7200 X62.79 Y42.164
G1 F1500 E-6.5
G0 F7200 X61.984 Y42.944
G0 X61.984 Y44.039
G0 X61.788 Y53.865
G0 X62.232 Y55.092
;TYPE:WALL-OUTER
G1 F1500 E6.5
G1 F1484.5 X62.093 Y55.233 E0.00399
G1 X61.999 Y55.252 E0.00193
G1 X61.819 Y55.177 E0.00393
G1 X61.747 Y55.001 E0.00383
G1 X61.765 Y54.901 E0.00205
G1 X61.901 Y54.765 E0.00388
G1 X62.095 Y54.765 E0.00391
G1 X62.177 Y54.819 E0.00198
G1 X62.252 Y54.999 E0.00393
G1 X62.232 Y55.092 E0.00192
G0 F7200 X62.093 Y55.233
G0 X62.092 Y55.233
G1 F1500 E-6.5
G0 F7200 X61.994 Y54.984
G0 X60.865 Y55.212
G0 X59.136 Y55.211
G0 X58.232 Y55.092
G1 F1500 E6.5
G1 F1484.5 X58.093 Y55.233 E0.00399
G1 X57.999 Y55.252 E0.00193
G1 X57.819 Y55.177 E0.00393
G1 X57.747 Y55.001 E0.00383
G1 X57.765 Y54.901 E0.00205
G1 X57.901 Y54.765 E0.00388
G1 X58.095 Y54.765 E0.00391
G1 X58.177 Y54.819 E0.00198
G1 X58.252 Y54.999 E0.00393
G1 X58.232 Y55.092 E0.00192
G0 F7200 X58.093 Y55.233
G0 X58.092 Y55.233
G1 F1500 E-6.5
G0 F7200 X57.994 Y54.984
G0 X56.865 Y55.212
G0 X53.136 Y55.211
G0 X52.232 Y55.092
G1 F1500 E6.5
G1 F1484.5 X52.093 Y55.233 E0.00399
G1 X51.999 Y55.252 E0.00193
G1 X51.819 Y55.177 E0.00393
G1 X51.747 Y55.001 E0.00383
G1 X51.765 Y54.901 E0.00205
G1 X51.901 Y54.765 E0.00388
G1 X52.095 Y54.765 E0.00391
G1 X52.177 Y54.819 E0.00198
G1 X52.252 Y54.999 E0.00393
G1 X52.232 Y55.092 E0.00192
G0 F7200 X52.093 Y55.233
G0 X52.092 Y55.233
G1 F1500 E-6.5
G0 F7200 X51.994 Y54.984
G0 X50.865 Y55.212
G0 X49.136 Y55.211
G0 X48.232 Y55.092
G1 F1500 E6.5
G1 F1484.5 X48.093 Y55.233 E0.00399
G1 X47.999 Y55.252 E0.00193
G1 X47.819 Y55.177 E0.00393
G1 X47.747 Y55.001 E0.00383
G1 X47.765 Y54.901 E0.00205
G1 X47.901 Y54.765 E0.00388
G1 X48.095 Y54.765 E0.00391
G1 X48.177 Y54.819 E0.00198
G1 X48.252 Y54.999 E0.00393
G1 X48.232 Y55.092 E0.00192
G0 F7200 X48.093 Y55.233
G0 X48.092 Y55.233
G1 F1500 E-6.5
G0 F7200 X47.994 Y54.984
G0 X46.865 Y55.212
G0 X43.136 Y55.211
G0 X42.232 Y55.092
G1 F1500 E6.5
G1 F1484.5 X42.093 Y55.233 E0.00399
G1 X41.999 Y55.252 E0.00193
G1 X41.819 Y55.177 E0.00393
G1 X41.747 Y55.001 E0.00383
G1 X41.765 Y54.901 E0.00205
G1 X41.901 Y54.765 E0.00388
G1 X42.095 Y54.765 E0.00391
G1 X42.177 Y54.819 E0.00198
G1 X42.252 Y54.999 E0.00393
G1 X42.232 Y55.092 E0.00192
G0 F7200 X42.093 Y55.233
G0 X42.092 Y55.233
G1 F1500 E-6.5
G0 F7200 X41.994 Y54.984
G0 X40.865 Y55.212
G0 X39.136 Y55.211
G0 X38.232 Y55.092
G1 F1500 E6.5
G1 F1484.5 X38.093 Y55.233 E0.00399
G1 X37.999 Y55.252 E0.00193
G1 X37.819 Y55.177 E0.00393
G1 X37.747 Y55.001 E0.00383
G1 X37.765 Y54.901 E0.00205
G1 X37.901 Y54.765 E0.00388
G1 X38.095 Y54.765 E0.00391
G1 X38.177 Y54.819 E0.00198
G1 X38.252 Y54.999 E0.00393
G1 X38.232 Y55.092 E0.00192
G0 F7200 X38.093 Y55.233
G0 X38.092 Y55.233
G1 F1500 E-6.5
G0 F7200 X37.994 Y54.984
G0 X38.044 Y57.056
G0 X43.09 Y58.62
G0 X43.4 Y58.9
;TYPE:WALL-INNER
G1 F1500 E6.5
G1 F3600 X43.4 Y57.224 E0.02787
G1 X36.6 Y57.224 E0.11308
G1 X36.6 Y58.9 E0.02787
G1 X43.4 Y58.9 E0.11308
G0 F7200 X43.8 Y59.3
;TYPE:WALL-OUTER
G1 F1800 X43.8 Y56.824 E0.04118
G1 X36.2 Y56.824 E0.12639
G1 X36.2 Y59.3 E0.04118
G1 X43.8 Y59.3 E0.12639
G0 F7200 X43.8 Y59.1
G0 X43.12 Y58.62
G0 X37.438 Y58.062
;TYPE:SKIN
G1 F1395.3 X42.562 Y58.062 E0.10992
G0 F7200 X43.02 Y58.52
G1 F1800 X36.98 Y58.52 E0.10045
G1 X36.98 Y57.604 E0.01523
G1 X43.02 Y57.604 E0.10045
G1 X43.02 Y58.52 E0.01523
G0 F7200 X42.79 Y58.29
G1 F1500 E-6.5
G0 F7200 X43.57 Y58.62
G0 X44.665 Y58.62
G0 X46.43 Y58.62
G0 X53.09 Y58.62
G0 X53.4 Y58.9
;TYPE:WALL-INNER
G1 F1500 E6.5
G1 F3600 X53.4 Y57.224 E0.02787
G1 X46.6 Y57.224 E0.11308
G1 X46.6 Y58.9 E0.02787
G1 X53.4 Y58.9 E0.11308
G0 F7200 X53.8 Y59.3
;TYPE:WALL-OUTER
G1 F1800 X53.8 Y56.824 E0.04118
G1 X46.2 Y56.824 E0.12639
G1 X46.2 Y59.3 E0.04118
G1 X53.8 Y59.3 E0.12639
G0 F7200 X53.8 Y59.1
G0 X53.12 Y58.62
G0 X47.438 Y58.062
;TYPE:SKIN
G1 F1395.3 X52.562 Y58.062 E0.10992
G0 F7200 X53.02 Y58.52
G1 F1800 X46.98 Y58.52 E0.10045
G1 X46.98 Y57.604 E0.01523
G1 X53.02 Y57.604 E0.10045
G1 X53.02 Y58.52 E0.01523
G0 F7200 X52.79 Y58.29
G1 F1500 E-6.5
G0 F7200 X53.57 Y58.62
G0 X54.665 Y58.62
G0 X56.43 Y58.62
G0 X63.09 Y58.62
G0 X63.4 Y58.9
;TYPE:WALL-INNER
G1 F1500 E6.5
G1 F3600 X63.4 Y57.224 E0.02787
G1 X56.6 Y57.224 E0.11308
G1 X56.6 Y58.9 E0.02787
G1 X63.4 Y58.9 E0.11308
G0 F7200 X63.8 Y59.3
;TYPE:WALL-OUTER
G1 F1800 X63.8 Y56.824 E0.04118
G1 X56.2 Y56.824 E0.12639
G1 X56.2 Y59.3 E0.04118
G1 X63.8 Y59.3 E0.12639
G0 F7200 X63.8 Y59.1
G0 X63.12 Y58.62
G0 X57.438 Y58.062
;TYPE:SKIN
G1 F1395.3 X62.562 Y58.062 E0.10992
G0 F7200 X63.02 Y58.52
G1 F1800 X56.98 Y58.52 E0.10045
G1 X56.98 Y57.604 E0.01523
G1 X63.02 Y57.604 E0.10045
G1 X63.02 Y58.52 E0.01523
G0 F7200 X62.79 Y58.29
G1 F1500 E-6.5
;MESH:NONMESH
G0 F600 X62.79 Y58.29 Z2.2
G0 F7200 X56.424 Y57.05
G0 X55.335 Y57.05
G0 X54.653 Y55.973
G0 X52.833 Y54.167
G0 X38.97 Y45.629
G0 X38.232 Y45.092
;TIME_ELAPSED:714.809922
;LAYER:19
;TYPE:WALL-OUTER
;MESH:pin.stl
G1 F1500 E6.5
G1 F1484.5 X38.093 Y45.233 E0.00399
G1 X37.999 Y45.252 E0.00193
G1 X37.819 Y45.177 E0.00393
G1 X37.747 Y45.001 E0.00383
G1 X37.765 Y44.901 E0.00205
G1 X37.901 Y44.765 E0.00388
G1 X38.095 Y44.765 E0.00391
G1 X38.177 Y44.819 E0.00198
G1 X38.252 Y44.999 E0.00393
G1 X38.232 Y45.092 E0.00192
G0 F7200 X38.093 Y45.233
G0 X38.092 Y45.233
G1 F1500 E-6.5
G0 F7200 X37.994 Y44.984
G0 X39.135 Y44.788
G0 X40.82 Y44.999
G0 X42.225 Y45.037
G1 F1500 E6.5
G1 F1493.8 X42.184 Y45.134 E0.00211
G1 X42.034 Y45.238 E0.00366
G1 X41.805 Y45.18 E0.00473
G1 X41.724 Y45.029 E0.00343
G1 X41.765 Y44.853 E0.00362
G1 X41.928 Y44.745 E0.00392
G1 X42.117 Y44.786 E0.00388
G1 X42.184 Y44.853 E0.0019
G1 X42.225 Y45.037 E0.00378
G0 F7200 X42.184 Y45.134
G0 X42.107 Y45.187
G1 F1500 E-6.5
G0 F7200 X41.968 Y44.98
G0 X41.984 Y42.694
G0 X43.09 Y42.244
G0 X43.4 Y42.524
;TYPE:WALL-INNER
G1 F1500 E6.5
G1 F3600 X43.4 Y41.1 E0.02368
G1 X36.6 Y41.1 E0.11308
G1 X36.6 Y42.524 E0.02368
G1 X43.4 Y42.524 E0.11308
G0 F7200 X43.8 Y42.924
;TYPE:WALL-OUTER
G1 F1800 X43.8 Y40.7 E0.03699
G1 X36.2 Y40.7 E0.12639
G1 X36.2 Y42.924 E0.03699
G1 X43.8 Y42.924 E0.12639
G0 F7200 X43.8 Y42.724
G0 X43.12 Y42.244
G0 X42.954 Y42.078
;TYPE:SKIN
G1 F1353.4 X37.046 Y42.078 E0.13067
G1 X37.046 Y41.546 E0.01177
G1 X42.954 Y41.546 E0.13067
G1 X42.954 Y42.078 E0.01177
G0 F7200 X42.79 Y41.914
G1 F1500 E-6.5
G0 F7200 X43.576 Y42.7
G0 X44.665 Y42.7
G0 X45.347 Y43.777
G0 X47.03 Y44.371
G0 X48.232 Y45.092
;TYPE:WALL-OUTER
G1 F1500 E6.5
G1 F1484.5 X48.093 Y45.233 E0.00399
G1 X47.999 Y45.252 E0.00193
G1 X47.819 Y45.177 E0.00393
G1 X47.747 Y45.001 E0.00383
G1 X47.765 Y44.901 E0.00205
G1 X47.901 Y44.765 E0.00388
G1 X48.095 Y44.765 E0.00391
G1 X48.177 Y44.819 E0.00198
G1 X48.252 Y44.999 E0.00393
G1 X48.232 Y45.092 E0.00192
G0 F7200 X48.093 Y45.233
G0 X48.092 Y45.233
G1 F1500 E-6.5
G0 F7200 X47.994 Y44.984
G0 X49.135 Y44.788
G0 X50.82 Y44.999
G0 X52.225 Y45.037
G1 F1500 E6.5
G1 F1493.8 X52.184 Y45.134 E0.00211
G1 X52.034 Y45.238 E0.00366
G1 X51.805 Y45.18 E0.00473
G1 X51.724 Y45.029 E0.00343
G1 X51.765 Y44.853 E0.00362
G1 X51.928 Y44.745 E0.00392
G1 X52.117 Y44.786 E0.00388
G1 X52.184 Y44.853 E0.0019
G1 X52.225 Y45.037 E0.00378
G0 F7200 X52.184 Y45.134
G0 X52.107 Y45.187
G1 F1500 E-6.5
G0 F7200 X51.968 Y44.98
G0 X51.984 Y42.694
G0 X53.09 Y42.244
G0 X53.4 Y42.524
;TYPE:WALL-INNER
G1 F1500 E6.5
G1 F3600 X53.4 Y41.1 E0.02368
G1 X46.6 Y41.1 E0.11308
G1 X46.6 Y42.524 E0.02368
G1 X53.4 Y42.524 E0.11308
G0 F7200 X53.8 Y42.924
;TYPE:WALL-OUTER
G1 F1800 X53.8 Y40.7 E0.03699
G1 X46.2 Y40.7 E0.12639
G1 X46.2 Y42.924 E0.03699
G1 X53.8 Y42.924 E0.12639
G0 F7200 X53.8 Y42.724
G0 X53.12 Y42.244
G0 X52.954 Y42.078
;TYPE:SKIN
G1 F1353.4 X47.046 Y42.078 E0.13067
G1 X47.046 Y41.546 E0.01177
G1 X52.954 Y41.546 E0.13067
G1 X52.954 Y42.078 E0.01177
G0 F7200 X52.79 Y41.914
G1 F1500 E-6.5
G0 F7200 X53.576 Y42.7
G0 X54.665 Y42.7
G0 X55.347 Y43.777
G0 X57.03 Y44.371
G0 X58.232 Y45.092
;TYPE:WALL-OUTER
G1 F1500 E6.5
G1 F1484.5 X58.093 Y45.233 E0.00399
G1 X57.999 Y45.252 E0.00193
G1 X57.819 Y45.177 E0.00393
G1 X57.747 Y45.001 E0.00383
G1 X57.765 Y44.901 E0.00205
G1 X57.901 Y44.765 E0.00388
G1 X58.095 Y44.765 E0.00391
G1 X58.177 Y44.819 E0.00198
G1 X58.252 Y44.999 E0.00393
G1 X58.232 Y45.092 E0.00192
G0 F7200 X58.093 Y45.233
G0 X58.092 Y45.233
G1 F1500 E-6.5
G0 F7200 X57.994 Y44.984
G0 X59.135 Y44.788
G0 X60.82 Y44.999
G0 X62.225 Y45.037
G1 F1500 E6.5
G1 F1493.8 X62.184 Y45.134 E0.00211
G1 X62.034 Y45.238 E0.00366
G1 X61.805 Y45.18 E0.00473
G1 X61.724 Y45.029 E0.00343
G1 X61.765 Y44.853 E0.00362
G1 X61.928 Y44.745 E0.00392
G1 X62.117 Y44.786 E0.00388
G1 X62.184 Y44.853 E0.0019
G1 X62.225 Y45.037 E0.00378
G0 F7200 X62.184 Y45.134
G0 X62.107 Y45.187
G1 F1500 E-6.5
G0 F7200 X61.968 Y44.98
G0 X61.984 Y42.694
G0 X63.09 Y42.244
G0 X63.4 Y42.524
;TYPE:WALL-INNER
G1 F1500 E6.5
G1 F3600 X63.4 Y41.1 E0.02368
G1 X56.6 Y41.1 E0.11308
G1 X56.6 Y42.524 E0.02368
G1 X63.4 Y42.524 E0.11308
G0 F7200 X63.8 Y42.924
;TYPE:WALL-OUTER
G1 F1800 X63.8 Y40.7 E0.03699
G1 X56.2 Y40.7 E0.12639
G1 X56.2 Y42.924 E0.03699
G1 X63.8 Y42.924 E0.12639
G0 F7200 X63.8 Y42.724
G0 X63.12 Y42.244
G0 X62.954 Y42.078
;TYPE:SKIN
G1 F1353.4 X57.046 Y42.078 E0.13067
G1 X57.046 Y41.546 E0.01177
G1 X62.954 Y41.546 E0.13067
G1 X62.954 Y42.078 E0.01177
G0 F7200 X62.79 Y41.914
G1 F1500 E-6.5
G0 F7200 X61.984 Y42.694
G0 X61.984 Y43.789
G0 X60.995 Y44.344
G0 X61.788 Y53.865
G0 X62.232 Y55.092
;TYPE:WALL-OUTER
G1 F1500 E6.5
G1 F1484.5 X62.093 Y55.233 E0.00399
G1 X61.999 Y55.252 E0.00193
G1 X61.819 Y55.177 E0.00393
G1 X61.747 Y55.001 E0.00383
G1 X61.765 Y54.901 E0.00205
G1 X61.901 Y54.765 E0.00388
G1 X62.095 Y54.765 E0.00391
G1 X62.177 Y54.819 E0.00198
G1 X62.252 Y54.999 E0.00393
G1 X62.232 Y55.092 E0.00192
G0 F7200 X62.093 Y55.233
G0 X62.092 Y55.233
G1 F1500 E-6.5
G0 F7200 X61.994 Y54.984
G0 X60.865 Y55.212
G0 X59.136 Y55.211
G0 X58.232 Y55.092
G1 F1500 E6.5
G1 F1484.5 X58.093 Y55.233 E0.00399
G1 X57.999 Y55.252 E0.00193
G1 X57.819 Y55.177 E0.00393
G1 X57.747 Y55.001 E0.00383
G1 X57.765 Y54.901 E0.00205
G1 X57.901 Y54.765 E0.00388
G1 X58.095 Y54.765 E0.00391
G1 X58.177 Y54.819 E0.00198
G1 X58.252 Y54.999 E0.00393
G1 X58.232 Y55.092 E0.00192
G0 F7200 X58.093 Y55.233
G0 X58.092 Y55.233
G1 F1500 E-6.5
G0 F7200 X57.994 Y54.984
G0 X56.865 Y55.212
G0 X53.136 Y55.211
G0 X52.232 Y55.092
G1 F1500 E6.5
G1 F1484.5 X52.093 Y55.233 E0.00399
G1 X51.999 Y55.252 E0.00193
G1 X51.819 Y55.177 E0.00393
G1 X51.747 Y55.001 E0.00383
G1 X51.765 Y54.901 E0.00205
G1 X51.901 Y54.765 E0.00388
G1 X52.095 Y54.765 E0.00391
G1 X52.177 Y54.819 E0.00198
G1 X52.252 Y54.999 E0.00393
G1 X52.232 Y55.092 E0.00192
G0 F7200 X52.093 Y55.233
G0 X52.092 Y55.233
G1 F1500 E-6.5
G0 F7200 X51.994 Y54.984
G0 X50.865 Y55.212
G0 X49.136 Y55.211
G0 X48.232 Y55.092
G1 F1500 E6.5
G1 F1484.5 X48.093 Y55.233 E0.00399
G1 X47.999 Y55.252 E0.00193
G1 X47.819 Y55.177 E0.00393
G1 X47.747 Y55.001 E0.00383
G1 X47.765 Y54.901 E0.00205
G1 X47.901 Y54.765 E0.00388
G1 X48.095 Y54.765 E0.00391
G1 X48.177 Y54.819 E0.00198
G1 X48.252 Y54.999 E0.00393
G1 X48.232 Y55.092 E0.00192
G0 F7200 X48.093 Y55.233
G0 X48.092 Y55.233
G1 F1500 E-6.5
G0 F7200 X47.994 Y54.984
G0 X46.865 Y55.212
G0 X43.136 Y55.211
G0 X42.232 Y55.092
G1 F1500 E6.5
G1 F1484.5 X42.093 Y55.233 E0.00399
G1 X41.999 Y55.252 E0.00193
G1 X41.819 Y55.177 E0.00393
G1 X41.747 Y55.001 E0.00383
G1 X41.765 Y54.901 E0.00205
G1 X41.901 Y54.765 E0.00388
G1 X42.095 Y54.765 E0.00391
G1 X42.177 Y54.819 E0.00198
G1 X42.252 Y54.999 E0.00393
G1 X42.232 Y55.092 E0.00192
G0 F7200 X42.093 Y55.233
G0 X42.092 Y55.233
G1 F1500 E-6.5
G0 F7200 X41.994 Y54.984
G0 X40.865 Y55.212
G0 X39.136 Y55.211
G0 X38.232 Y55.092
G1 F1500 E6.5
G1 F1484.5 X38.093 Y55.233 E0.00399
G1 X37.999 Y55.252 E0.00193
G1 X37.819 Y55.177 E0.00393
G1 X37.747 Y55.001 E0.00383
G1 X37.765 Y54.901 E0.00205
G1 X37.901 Y54.765 E0.00388
G1 X38.095 Y54.765 E0.00391
G1 X38.177 Y54.819 E0.00198
G1 X38.252 Y54.999 E0.00393
G1 X38.232 Y55.092 E0.00192
G0 F7200 X38.093 Y55.233
G0 X38.092 Y55.233
G1 F1500 E-6.5
G0 F7200 X37.994 Y54.984
G0 X38.044 Y57.306
G0 X43.09 Y58.62
G0 X43.4 Y58.9
;TYPE:WALL-INNER
G1 F1500 E6.5
G1 F3600 X43.4 Y57.476 E0.02368
G1 X36.6 Y57.476 E0.11308
G1 X36.6 Y58.9 E0.02368
G1 X43.4 Y58.9 E0.11308
G0 F7200 X43.8 Y59.3
;TYPE:WALL-OUTER
G1 F1800 X43.8 Y57.076 E0.03699
G1 X36.2 Y57.076 E0.12639
G1 X36.2 Y59.3 E0.03699
G1 X43.8 Y59.3 E0.12639
G0 F7200 X43.8 Y59.1
G0 X43.12 Y58.62
G0 X42.954 Y58.454
;TYPE:SKIN
G1 F1353.4 X37.046 Y58.454 E0.13067
G1 X37.046 Y57.922 E0.01177
G1 X42.954 Y57.922 E0.13067
G1 X42.954 Y58.454 E0.01177
G0 F7200 X42.79 Y58.29
G1 F1500 E-6.5
G0 F7200 X43.57 Y58.62
G0 X44.665 Y58.62
G0 X46.43 Y58.62
G0 X53.09 Y58.62
G0 X53.4 Y58.9
;TYPE:WALL-INNER
G1 F1500 E6.5
G1 F3600 X53.4 Y57.476 E0.02368
G1 X46.6 Y57.476 E0.11308
G1 X46.6 Y58.9 E0.02368
G1 X53.4 Y58.9 E0.11308
G0 F7200 X53.8 Y59.3
;TYPE:WALL-OUTER
G1 F1800 X53.8 Y57.076 E0.03699
G1 X46.2 Y57.076 E0.12639
G1 X46.2 Y59.3 E0.03699
G1 X53.8 Y59.3 E0.12639
G0 F7200 X53.8 Y59.1
G0 X53.12 Y58.62
G0 X52.954 Y58.454
;TYPE:SKIN
G1 F1353.4 X47.046 Y58.454 E0.13067
G1 X47.046 Y57.922 E0.01177
G1 X52.954 Y57.922 E0.13067
G1 X52.954 Y58.454 E0.01177
G0 F7200 X52.79 Y58.29
G1 F1500 E-6.5
G0 F7200 X53.57 Y58.62
G0 X54.665 Y58.62
G0 X56.43 Y58.62
G0 X63.09 Y58.62
G0 X63.4 Y58.9
;TYPE:WALL-INNER
G1 F1500 E6.5
G1 F3600 X63.4 Y57.476 E0.02368
G1 X56.6 Y57.476 E0.11308
G1 X56.6 Y58.9 E0.02368
G1 X63.4 Y58.9 E0.11308
G0 F7200 X63.8 Y59.3
;TYPE:WALL-OUTER
G1 F1800 X63.8 Y57.076 E0.03699
G1 X56.2 Y57.076 E0.12639
G1 X56.2 Y59.3 E0.03699
G1 X63.8 Y59.3 E0.12639
G0 F7200 X63.8 Y59.1
G0 X63.12 Y58.62
G0 X62.954 Y58.454
;TYPE:SKIN
G1 F1353.4 X57.046 Y58.454 E0.13067
G1 X57.046 Y57.922 E0.01177
G1 X62.954 Y57.922 E0.13067
G1 X62.954 Y58.454 E0.01177
G0 F7200 X62.79 Y58.29
G1 F1500 E-6.5
;MESH:NONMESH
G0 F600 X62.79 Y58.29 Z2.3
G0 F7200 X56.424 Y57.3
G0 X55.335 Y57.3
G0 X54.653 Y56.223
G0 X52.833 Y54.167
G0 X38.97 Y45.629
G0 X38.232 Y45.092
;TIME_ELAPSED:736.830963
;LAYER:20
;TYPE:WALL-OUTER
;MESH:pin.stl
G1 F1500 E6.5
G1 F1484.5 X38.093 Y45.233 E0.00399
G1 X37.999 Y45.252 E0.00193
G1 X37.819 Y45.177 E0.00393
G1 X37.747 Y45.001 E0.00383
G1 X37.765 Y44.901 E0.00205
G1 X37.901 Y44.765 E0.00388
G1 X38.095 Y44.765 E0.00391
G1 X38.177 Y44.819 E0.00198
G1 X38.252 Y44.999 E0.00393
G1 X38.232 Y45.092 E0.00192
G0 F7200 X38.093 Y45.233
G0 X38.092 Y45.233
G1 F1500 E-6.5
G0 F7200 X37.994 Y44.984
G0 X39.135 Y44.788
G0 X40.82 Y44.989
G0 X42.225 Y44.996
G1 F1500 E6.5
G1 X42.124 Y45.199 E0.00452
G1 X41.964 Y45.248 E0.00334
G1 X41.804 Y45.185 E0.00343
G1 X41.724 Y45.033 E0.00343
G1 X41.724 Y44.948 E0.0017
G1 X41.823 Y44.793 E0.00367
G1 X41.975 Y44.746 E0.00318
G1 X42.18 Y44.845 E0.00454
G1 X42.225 Y44.996 E0.00314
G0 F7200 X42.137 Y45.174
G1 F1500 E-6.5
G0 F7200 X41.961 Y44.98
G0 X42.332 Y43.909
G0 X42.017 Y42.444
G0 X43.09 Y41.994
G0 X43.4 Y42.272
;TYPE:WALL-INNER
G1 F1500 E6.5
G1 F3600 X43.4 Y41.1 E0.01949
G1 X36.6 Y41.1 E0.11308
G1 X36.6 Y42.272 E0.01949
G1 X43.4 Y42.272 E0.11308
G0 F7200 X43.8 Y42.672
;TYPE:WALL-OUTER
G1 F1800 X43.8 Y40.7 E0.03279
G1 X36.2 Y40.7 E0.12639
G1 X36.2 Y42.672 E0.03279
G1 X43.8 Y42.672 E0.12639
G0 F7200 X43.8 Y42.472
G0 X43.017 Y41.889
;TYPE:SKIN
G1 F1773.4 X36.983 Y41.889 E0.10185
G1 X36.983 Y41.483 E0.00685
G1 X43.017 Y41.483 E0.10185
G1 X43.017 Y41.889 E0.00685
G0 F7200 X42.79 Y41.664
G1 F1500 E-6.5
G0 F7200 X43.576 Y42.45
G0 X44.665 Y42.45
G0 X45.347 Y43.527
G0 X47.03 Y44.371
G0 X48.232 Y45.092
;TYPE:WALL-OUTER
G1 F1500 E6.5
G1 F1484.5 X48.093 Y45.233 E0.00399
G1 X47.999 Y45.252 E0.00193
G1 X47.819 Y45.177 E0.00393
G1 X47.747 Y45.001 E0.00383
G1 X47.765 Y44.901 E0.00205
G1 X47.901 Y44.765 E0.00388
G1 X48.095 Y44.765 E0.00391
G1 X48.177 Y44.819 E0.00198
G1 X48.252 Y44.999 E0.00393
G1 X48.232 Y45.092 E0.00192
G0 F7200 X48.093 Y45.233
G0 X48.092 Y45.233
G1 F1500 E-6.5
G0 F7200 X47.994 Y44.984
G0 X49.135 Y44.788
G0 X50.82 Y44.989
G0 X52.225 Y44.996
G1 F1500 E6.5
G1 X52.124 Y45.199 E0.00452
G1 X51.964 Y45.248 E0.00334
G1 X51.804 Y45.185 E0.00343
G1 X51.724 Y45.033 E0.00343
G1 X51.724 Y44.948 E0.0017
G1 X51.823 Y44.793 E0.00367
G1 X51.975 Y44.746 E0.00318
G1 X52.18 Y44.845 E0.00454
G1 X52.225 Y44.996 E0.00314
G0 F7200 X52.137 Y45.174
G1 F1500 E-6.5
G0 F7200 X51.961 Y44.98
G0 X52.332 Y43.909
G0 X52.017 Y42.444
G0 X53.09 Y41.994
G0 X53.4 Y42.272
;TYPE:WALL-INNER
G1 F1500 E6.5
G1 F3600 X53.4 Y41.1 E0.01949
G1 X46.6 Y41.1 E0.11308
G1 X46.6 Y42.272 E0.01949
G1 X53.4 Y42.272 E0.11308
G0 F7200 X53.8 Y42.672
;TYPE:WALL-OUTER
G1 F1800 X53.8 Y40.7 E0.03279
G1 X46.2 Y40.7 E0.12639
G1 X46.2 Y42.672 E0.03279
G1 X53.8 Y42.672 E0.12639
G0 F7200 X53.8 Y42.472
G0 X53.017 Y41.889
;TYPE:SKIN
G1 F1773.4 X46.983 Y41.889 E0.10185
G1 X46.983 Y41.483 E0.00685
G1 X53.017 Y41.483 E0.10185
G1 X53.017 Y41.889 E0.00685
G0 F7200 X52.79 Y41.664
G1 F1500 E-6.5
G0 F7200 X53.576 Y42.45
G0 X54.665 Y42.45
G0 X55.347 Y43.527
G0 X57.03 Y44.371
G0 X58.232 Y45.092
;TYPE:WALL-OUTER
G1 F1500 E6.5
G1 F1484.5 X58.093 Y45.233 E0.00399
G1 X57.999 Y45.252 E0.00193
G1 X57.819 Y45.177 E0.00393
G1 X57.747 Y45.001 E0.00383
G1 X57.765 Y44.901 E0.00205
G1 X57.901 Y44.765 E0.00388
G1 X58.095 Y44.765 E0.00391
G1 X58.177 Y44.819 E0.00198
G1 X58.252 Y44.999 E0.00393
G1 X58.232 Y45.092 E0.00192
G0 F7200 X58.093 Y45.233
G0 X58.092 Y45.233
G1 F1500 E-6.5
G0 F7200 X57.994 Y44.984
G0 X59.135 Y44.788
G0 X60.82 Y44.989
G0 X62.225 Y44.996
G1 F1500 E6.5
G1 X62.124 Y45.199 E0.00452
G1 X61.964 Y45.248 E0.00334
G1 X61.804 Y45.185 E0.00343
G1 X61.724 Y45.033 E0.00343
G1 X61.724 Y44.948 E0.0017
G1 X61.823 Y44.793 E0.00367
G1 X61.975 Y44.746 E0.00318
G1 X62.18 Y44.845 E0.00454
G1 X62.225 Y44.996 E0.00314
G0 F7200 X62.137 Y45.174
G1 F1500 E-6.5
G0 F7200 X61.961 Y44.98
G0 X62.332 Y43.909
G0 X62.017 Y42.444
G0 X63.09 Y41.994
G0 X63.4 Y42.272
;TYPE:WALL-INNER
G1 F1500 E6.5
G1 F3600 X63.4 Y41.1 E0.01949
G1 X56.6 Y41.1 E0.11308
G1 X56.6 Y42.272 E0.01949
G1 X63.4 Y42.272 E0.11308
G0 F7200 X63.8 Y42.672
;TYPE:WALL-OUTER
G1 F1800 X63.8 Y40.7 E0.03279
G1 X56.2 Y40.7 E0.12639
G1 X56.2 Y42.672 E0.03279
G1 X63.8 Y42.672 E0.12639
G0 F7200 X63.8 Y42.472
G0 X63.017 Y41.889
;TYPE:SKIN
G1 F1773.4 X56.983 Y41.889 E0.10185
G1 X56.983 Y41.483 E0.00685
G1 X63.017 Y41.483 E0.10185
G1 X63.017 Y41.889 E0.00685
G0 F7200 X62.79 Y41.664
G1 F1500 E-6.5
G0 F7200 X61.984 Y42.444
G0 X61.984 Y43.539
G0 X60.997 Y44.342
G0 X61.788 Y53.865
G0 X62.232 Y55.092
;TYPE:WALL-OUTER
G1 F1500 E6.5
G1 F1484.5 X62.093 Y55.233 E0.00399
G1 X61.999 Y55.252 E0.00193
G1 X61.819 Y55.177 E0.00393
G1 X61.747 Y55.001 E0.00383
G1 X61.765 Y54.901 E0.00205
G1 X61.901 Y54.765 E0.00388
G1 X62.095 Y54.765 E0.00391
G1 X62.177 Y54.819 E0.00198
G1 X62.252 Y54.999 E0.00393
G1 X62.232 Y55.092 E0.00192
G0 F7200 X62.093 Y55.233
G0 X62.092 Y55.233
G1 F1500 E-6.5
G0 F7200 X61.994 Y54.984
G0 X60.865 Y55.212
G0 X59.136 Y55.211
G0 X58.232 Y55.092
G1 F1500 E6.5
G1 F1484.5 X58.093 Y55.233 E0.00399
G1 X57.999 Y55.252 E0.00193
G1 X57.819 Y55.177 E0.00393
G1 X57.747 Y55.001 E0.00383
G1 X57.765 Y54.901 E0.00205
G1 X57.901 Y54.765 E0.00388
G1 X58.095 Y54.765 E0.00391
G1 X58.177 Y54.819 E0.00198
G1 X58.252 Y54.999 E0.00393
G1 X58.232 Y55.092 E0.00192
G0 F7200 X58.093 Y55.233
G0 X58.092 Y55.233
G1 F1500 E-6.5
G0 F7200 X57.994 Y54.984
G0 X56.865 Y55.212
G0 X53.136 Y55.211
G0 X52.232 Y55.092
G1 F1500 E6.5
G1 F1484.5 X52.093 Y55.233 E0.00399
G1 X51.999 Y55.252 E0.00193
G1 X51.819 Y55.177 E0.00393
G1 X51.747 Y55.001 E0.00383
G1 X51.765 Y54.901 E0.00205
G1 X51.901 Y54.765 E0.00388
G1 X52.095 Y54.765 E0.00391
G1 X52.177 Y54.819 E0.00198
G1 X52.252 Y54.999 E0.00393
G1 X52.232 Y55.092 E0.00192
G0 F7200 X52.093 Y55.233
G0 X52.092 Y55.233
G1 F1500 E-6.5
G0 F7200 X51.994 Y54.984
G0 X50.865 Y55.212
G0 X49.136 Y55.211
G0 X48.232 Y55.092
G1 F1500 E6.5
G1 F1484.5 X48.093 Y55.233 E0.00399
G1 X47.999 Y55.252 E0.00193
G1 X47.819 Y55.177 E0.00393
G1 X47.747 Y55.001 E0.00383
G1 X47.765 Y54.901 E0.00205
G1 X47.901 Y54.765 E0.00388
G1 X48.095 Y54.765 E0.00391
G1 X48.177 Y54.819 E0.00198
G1 X48.252 Y54.999 E0.00393
G1 X48.232 Y55.092 E0.00192
G0 F7200 X48.093 Y55.233
G0 X48.092 Y55.233
G1 F1500 E-6.5
G0 F7200 X47.994 Y54.984
G0 X46.865 Y55.212
G0 X43.136 Y55.211
G0 X42.232 Y55.092
G1 F1500 E6.5
G1 F1484.5 X42.093 Y55.233 E0.00399
G1 X41.999 Y55.252 E0.00193
G1 X41.819 Y55.177 E0.00393
G1 X41.747 Y55.001 E0.00383
G1 X41.765 Y54.901 E0.00205
G1 X41.901 Y54.765 E0.00388
G1 X42.095 Y54.765 E0.00391
G1 X42.177 Y54.819 E0.00198
G1 X42.252 Y54.999 E0.00393
G1 X42.232 Y55.092 E0.00192
G0 F7200 X42.093 Y55.233
G0 X42.092 Y55.233
G1 F1500 E-6.5
G0 F7200 X41.994 Y54.984
G0 X40.865 Y55.212
G0 X39.136 Y55.211
G0 X38.232 Y55.092
G1 F1500 E6.5
G1 F1484.5 X38.093 Y55.233 E0.00399
G1 X37.999 Y55.252 E0.00193
G1 X37.819 Y55.177 E0.00393
G1 X37.747 Y55.001 E0.00383
G1 X37.765 Y54.901 E0.00205
G1 X37.901 Y54.765 E0.00388
G1 X38.095 Y54.765 E0.00391
G1 X38.177 Y54.819 E0.00198
G1 X38.252 Y54.999 E0.00393
G1 X38.232 Y55.092 E0.00192
G0 F7200 X38.093 Y55.233
G0 X38.092 Y55.233
G1 F1500 E-6.5
G0 F7200 X37.994 Y54.984
G0 X38.258 Y56.126
G0 X38.044 Y57.556
G0 X43.09 Y58.62
G0 X43.4 Y58.9
;TYPE:WALL-INNER
G1 F1500 E6.5
G1 F3600 X43.4 Y57.724 E0.01956
G1 X36.6 Y57.724 E0.11308
G1 X36.6 Y58.9 E0.01956
G1 X43.4 Y58.9 E0.11308
G0 F7200 X43.8 Y59.3
;TYPE:WALL-OUTER
G1 F1800 X43.8 Y57.324 E0.03286
G1 X36.2 Y57.324 E0.12639
G1 X36.2 Y59.3 E0.03286
G1 X43.8 Y59.3 E0.12639
G0 F7200 X43.8 Y59.1
G0 X43.016 Y58.516
;TYPE:SKIN
G1 F1764.7 X36.984 Y58.516 E0.10232
G1 X36.984 Y58.108 E0.00692
G1 X43.016 Y58.108 E0.10232
G1 X43.016 Y58.516 E0.00692
G0 F7200 X42.79 Y58.29
G1 F1500 E-6.5
G0 F7200 X43.57 Y58.62
G0 X44.665 Y58.62
G0 X46.43 Y58.62
G0 X53.09 Y58.62
G0 X53.4 Y58.9
;TYPE:WALL-INNER
G1 F1500 E6.5
G1 F3600 X53.4 Y57.724 E0.01956
G1 X46.6 Y57.724 E0.11308
G1 X46.6 Y58.9 E0.01956
G1 X53.4 Y58.9 E0.11308
G0 F7200 X53.8 Y59.3
;TYPE:WALL-OUTER
G1 F1800 X53.8 Y57.324 E0.03286
G1 X46.2 Y57.324 E0.12639
G1 X46.2 Y59.3 E0.03286
G1 X53.8 Y59.3 E0.12639
G0 F7200 X53.8 Y59.1
G0 X53.016 Y58.516
;TYPE:SKIN
G1 F1764.7 X46.984 Y58.516 E0.10232
G1 X46.984 Y58.108 E0.00692
G1 X53.016 Y58.108 E0.10232
G1 X53.016 Y58.516 E0.00692
G0 F7200 X52.79 Y58.29
G1 F1500 E-6.5
G0 F7200 X53.57 Y58.62
G0 X54.665 Y58.62
G0 X56.43 Y58.62
G0 X63.09 Y58.62
G0 X63.4 Y58.9
;TYPE:WALL-INNER
G1 F1500 E6.5
G1 F3600 X63.4 Y57.724 E0.01956
G1 X56.6 Y57.724 E0.11308
G1 X56.6 Y58.9 E0.01956
G1 X63.4 Y58.9 E0.11308
G0 F7200 X63.8 Y59.3
;TYPE:WALL-OUTER
G1 F1800 X63.8 Y57.324 E0.03286
G1 X56.2 Y57.324 E0.12639
G1 X56.2 Y59.3 E0.03286
G1 X63.8 Y59.3 E0.12639
G0 F7200 X63.8 Y59.1
G0 X63.016 Y58.516
;TYPE:SKIN
G1 F1764.7 X56.984 Y58.516 E0.10232
G1 X56.984 Y58.108 E0.00692
G1 X63.016 Y58.108 E0.10232
G1 X63.016 Y58.516 E0.00692
G0 F7200 X62.79 Y58.29
G1 F1500 E-6.5
;MESH:NONMESH
G0 F600 X62.79 Y58.29 Z2.4
G0 F7200 X56.424 Y57.55
G0 X55.335 Y57.55
G0 X54.653 Y56.473
G0 X51.551 Y56.087
G0 X38.97 Y45.629
G0 X38.232 Y45.092
;TIME_ELAPSED:758.006655
;LAYER:21
;TYPE:WALL-OUTER
;MESH:pin.stl
G1 F1500 E6.5
G1 F1484.5 X38.093 Y45.233 E0.00399
G1 X37.999 Y45.252 E0.00193
G1 X37.819 Y45.177 E0.00393
G1 X37.747 Y45.001 E0.00383
G1 X37.765 Y44.901 E0.00205
G1 X37.901 Y44.765 E0.00388
G1 X38.095 Y44.765 E0.00391
G1 X38.177 Y44.819 E0.00198
G1 X38.252 Y44.999 E0.00393
G1 X38.232 Y45.092 E0.00192
G0 F7200 X38.093 Y45.233
G0 X38.092 Y45.233
G1 F1500 E-6.5
G0 F7200 X37.994 Y44.984
G0 X39.135 Y44.788
G0 X40.82 Y44.989
G0 X42.225 Y44.996
G1 F1500 E6.5
G1 X42.124 Y45.199 E0.00452
G1 X41.964 Y45.248 E0.00334
G1 X41.804 Y45.185 E0.00343
G1 X41.724 Y45.033 E0.00343
G1 X41.724 Y44.948 E0.0017
G1 X41.823 Y44.793 E0.00367
G1 X41.975 Y44.746 E0.00318
G1 X42.18 Y44.845 E0.00454
G1 X42.225 Y44.996 E0.00314
G0 F7200 X42.137 Y45.174
G1 F1500 E-6.5
G0 F7200 X41.961 Y44.98
G0 X41.66 Y43.898
G0 X41.976 Y42.194
G0 X41.864 Y41.864
;TYPE:FILL
G1 F1500 E6.5
G1 F3600 X41.26 Y41.26 E0.01421
G0 F7200 X41.769 Y41.26
G1 F3600 X41.164 Y41.864 E0.01422
G1 X41.094 Y41.934
G0 F7200 X41.094 Y41.714
G0 X43.12 Y41.744
G0 X43.4 Y42.024
;TYPE:WALL-INNER
G1 F3600 X43.4 Y41.1 E0.01537
G1 X36.6 Y41.1 E0.11308
G1 X36.6 Y42.024 E0.01537
G1 X43.4 Y42.024 E0.11308
G0 F7200 X43.8 Y42.424
;TYPE:WALL-OUTER
G1 F1800 X43.8 Y40.7 E0.02867
G1 X36.2 Y40.7 E0.12639
G1 X36.2 Y42.424 E0.02867
G1 X43.8 Y42.424 E0.12639
G0 F7200 X43.8 Y42.224
G0 X42.908 Y41.71
G1 F1500 E-6.5
G0 F7200 X43.576 Y42.2
G0 X44.665 Y42.2
G0 X45.347 Y43.277
G0 X47.03 Y44.371
G0 X48.232 Y45.092
G1 F1500 E6.5
G1 F1484.5 X48.093 Y45.233 E0.00399
G1 X47.999 Y45.252 E0.00193
G1 X47.819 Y45.177 E0.00393
G1 X47.747 Y45.001 E0.00383
G1 X47.765 Y44.901 E0.00205
G1 X47.901 Y44.765 E0.00388
G1 X48.095 Y44.765 E0.00391
G1 X48.177 Y44.819 E0.00198
G1 X48.252 Y44.999 E0.00393
G1 X48.232 Y45.092 E0.00192
G0 F7200 X48.093 Y45.233
G0 X48.092 Y45.233
G1 F1500 E-6.5
G0 F7200 X47.994 Y44.984
G0 X49.135 Y44.788
G0 X50.82 Y44.989
G0 X52.225 Y44.996
G1 F1500 E6.5
G1 X52.124 Y45.199 E0.00452
G1 X51.964 Y45.248 E0.00334
G1 X51.804 Y45.185 E0.00343
G1 X51.724 Y45.033 E0.00343
G1 X51.724 Y44.948 E0.0017
G1 X51.823 Y44.793 E0.00367
G1 X51.975 Y44.746 E0.00318
G1 X52.18 Y44.845 E0.00454
G1 X52.225 Y44.996 E0.00314
G0 F7200 X52.137 Y45.174
G1 F1500 E-6.5
G0 F7200 X51.961 Y44.98
G0 X51.66 Y43.898
G0 X51.976 Y42.194
G0 X52.478 Y41.864
;TYPE:FILL
G1 F1500 E6.5
G1 F3600 X53.082 Y41.26 E0.01421
G0 F7200 X52.574 Y41.26
G1 F3600 X53.178 Y41.864 E0.01421
G1 X53.248 Y41.934
G0 F7200 X53.12 Y41.744
G0 X47.521 Y41.714
G0 X47.521 Y41.864
G1 F3600 X46.917 Y41.26 E0.01421
G0 F7200 X47.425 Y41.26
G1 F3600 X46.821 Y41.864 E0.01421
G1 X46.751 Y41.934
G0 F7200 X46.88 Y41.744
G0 X53.12 Y41.744
G0 X53.4 Y42.024
;TYPE:WALL-INNER
G1 F3600 X53.4 Y41.1 E0.01537
G1 X46.6 Y41.1 E0.11308
G1 X46.6 Y42.024 E0.01537
G1 X53.4 Y42.024 E0.11308
G0 F7200 X53.8 Y42.424
;TYPE:WALL-OUTER
G1 F1800 X53.8 Y40.7 E0.02867
G1 X46.2 Y40.7 E0.12639
G1 X46.2 Y42.424 E0.02867
G1 X53.8 Y42.424 E0.12639
G0 F7200 X53.8 Y42.224
G0 X52.908 Y41.71
G1 F1500 E-6.5
G0 F7200 X53.576 Y42.2
G0 X54.665 Y42.2
G0 X55.347 Y43.277
G0 X57.03 Y44.371
G0 X58.232 Y45.092
G1 F1500 E6.5
G1 F1484.5 X58.093 Y45.233 E0.00399
G1 X57.999 Y45.252 E0.00193
G1 X57.819 Y45.177 E0.00393
G1 X57.747 Y45.001 E0.00383
G1 X57.765 Y44.901 E0.00205
G1 X57.901 Y44.765 E0.00388
G1 X58.095 Y44.765 E0.00391
G1 X58.177 Y44.819 E0.00198
G1 X58.252 Y44.999 E0.00393
G1 X58.232 Y45.092 E0.00192
G0 F7200 X58.093 Y45.233
G0 X58.092 Y45.233
G1 F1500 E-6.5
G0 F7200 X57.994 Y44.984
G0 X59.135 Y44.788
G0 X60.82 Y44.989
G0 X62.225 Y44.996
G1 F1500 E6.5
G1 X62.124 Y45.199 E0.00452
G1 X61.964 Y45.248 E0.00334
G1 X61.804 Y45.185 E0.00343
G1 X61.724 Y45.033 E0.00343
G1 X61.724 Y44.948 E0.0017
G1 X61.823 Y44.793 E0.00367
G1 X61.975 Y44.746 E0.00318
G1 X62.18 Y44.845 E0.00454
G1 X62.225 Y44.996 E0.00314
G0 F7200 X62.137 Y45.174
G1 F1500 E-6.5
G0 F7200 X61.961 Y44.98
G0 X61.61 Y43.913
G0 X61.926 Y42.194
G0 X58.835 Y41.714
G0 X58.835 Y41.864
;TYPE:FILL
G1 F1500 E6.5
G1 F3600 X58.231 Y41.26 E0.01421
G0 F7200 X58.739 Y41.26
G1 F3600 X58.135 Y41.864 E0.01421
G1 X58.065 Y41.934
G0 F7200 X58.065 Y41.714
G0 X63.12 Y41.744
G0 X63.4 Y42.024
;TYPE:WALL-INNER
G1 F3600 X63.4 Y41.1 E0.01537
G1 X56.6 Y41.1 E0.11308
G1 X56.6 Y42.024 E0.01537
G1 X63.4 Y42.024 E0.11308
G0 F7200 X63.8 Y42.424
;TYPE:WALL-OUTER
G1 F1800 X63.8 Y40.7 E0.02867
G1 X56.2 Y40.7 E0.12639
G1 X56.2 Y42.424 E0.02867
G1 X63.8 Y42.424 E0.12639
G0 F7200 X63.8 Y42.224
G0 X62.908 Y41.71
G1 F1500 E-6.5
G0 F7200 X61.984 Y42.194
G0 X61.984 Y43.289
G0 X60.997 Y44.342
G0 X61.788 Y53.865
G0 X62.232 Y55.092
G1 F1500 E6.5
G1 F1484.5 X62.093 Y55.233 E0.00399
G1 X61.999 Y55.252 E0.00193
G1 X61.819 Y55.177 E0.00393
G1 X61.747 Y55.001 E0.00383
G1 X61.765 Y54.901 E0.00205
G1 X61.901 Y54.765 E0.00388
G1 X62.095 Y54.765 E0.00391
G1 X62.177 Y54.819 E0.00198
G1 X62.252 Y54.999 E0.00393
G1 X62.232 Y55.092 E0.00192
G0 F7200 X62.093 Y55.233
G0 X62.092 Y55.233
G1 F1500 E-6.5
G0 F7200 X61.994 Y54.984
G0 X60.865 Y55.212
G0 X59.136 Y55.211
G0 X58.232 Y55.092
G1 F1500 E6.5
G1 F1484.5 X58.093 Y55.233 E0.00399
G1 X57.999 Y55.252 E0.00193
G1 X57.819 Y55.177 E0.00393
G1 X57.747 Y55.001 E0.00383
G1 X57.765 Y54.901 E0.00205
G1 X57.901 Y54.765 E0.00388
G1 X58.095 Y54.765 E0.00391
G1 X58.177 Y54.819 E0.00198
G1 X58.252 Y54.999 E0.00393
G1 X58.232 Y55.092 E0.00192
G0 F7200 X58.093 Y55.233
G0 X58.092 Y55.233
G1 F1500 E-6.5
G0 F7200 X57.994 Y54.984
G0 X56.865 Y55.212
G0 X53.136 Y55.211
G0 X52.232 Y55.092
G1 F1500 E6.5
G1 F1484.5 X52.093 Y55.233 E0.00399
G1 X51.999 Y55.252 E0.00193
G1 X51.819 Y55.177 E0.00393
G1 X51.747 Y55.001 E0.00383
G1 X51.765 Y54.901 E0.00205
G1 X51.901 Y54.765 E0.00388
G1 X52.095 Y54.765 E0.00391
G1 X52.177 Y54.819 E0.00198
G1 X52.252 Y54.999 E0.00393
G1 X52.232 Y55.092 E0.00192
G0 F7200 X52.093 Y55.233
G0 X52.092 Y55.233
G1 F1500 E-6.5
G0 F7200 X51.994 Y54.984
G0 X50.865 Y55.212
G0 X49.136 Y55.211
G0 X48.232 Y55.092
G1 F1500 E6.5
G1 F1484.5 X48.093 Y55.233 E0.00399
G1 X47.999 Y55.252 E0.00193
G1 X47.819 Y55.177 E0.00393
G1 X47.747 Y55.001 E0.00383
G1 X47.765 Y54.901 E0.00205
G1 X47.901 Y54.765 E0.00388
G1 X48.095 Y54.765 E0.00391
G1 X48.177 Y54.819 E0.00198
G1 X48.252 Y54.999 E0.00393
G1 X48.232 Y55.092 E0.00192
G0 F7200 X48.093 Y55.233
G0 X48.092 Y55.233
G1 F1500 E-6.5
G0 F7200 X47.994 Y54.984
G0 X46.865 Y55.212
G0 X43.136 Y55.211
G0 X42.232 Y55.092
G1 F1500 E6.5
G1 F1484.5 X42.093 Y55.233 E0.00399
G1 X41.999 Y55.252 E0.00193
G1 X41.819 Y55.177 E0.00393
G1 X41.747 Y55.001 E0.00383
G1 X41.765 Y54.901 E0.00205
G1 X41.901 Y54.765 E0.00388
G1 X42.095 Y54.765 E0.00391
G1 X42.177 Y54.819 E0.00198
G1 X42.252 Y54.999 E0.00393
G1 X42.232 Y55.092 E0.00192
G0 F7200 X42.093 Y55.233
G0 X42.092 Y55.233
G1 F1500 E-6.5
G0 F7200 X41.994 Y54.984
G0 X40.865 Y55.212
G0 X39.136 Y55.211
G0 X38.232 Y55.092
G1 F1500 E6.5
G1 F1484.5 X38.093 Y55.233 E0.00399
G1 X37.999 Y55.252 E0.00193
G1 X37.819 Y55.177 E0.00393
G1 X37.747 Y55.001 E0.00383
G1 X37.765 Y54.901 E0.00205
G1 X37.901 Y54.765 E0.00388
G1 X38.095 Y54.765 E0.00391
G1 X38.177 Y54.819 E0.00198
G1 X38.252 Y54.999 E0.00393
G1 X38.232 Y55.092 E0.00192
G0 F7200 X38.093 Y55.233
G0 X38.092 Y55.233
G1 F1500 E-6.5
G0 F7200 X37.994 Y54.984
G0 X38.258 Y56.126
G0 X38.044 Y57.806
G0 X41.166 Y58.286
G0 X41.166 Y58.136
;TYPE:FILL
G1 F1500 E6.5
G1 F3600 X41.77 Y58.74 E0.01421
G0 F7200 X41.259 Y58.74
G1 F3600 X41.863 Y58.136 E0.01421
G1 X41.933 Y58.066
G0 F7200 X41.933 Y58.286
G0 X43.12 Y58.62
G0 X43.4 Y58.9
;TYPE:WALL-INNER
G1 F3600 X43.4 Y57.976 E0.01537
G1 X36.6 Y57.976 E0.11308
G1 X36.6 Y58.9 E0.01537
G1 X43.4 Y58.9 E0.11308
G0 F7200 X43.8 Y59.3
;TYPE:WALL-OUTER
G1 F1800 X43.8 Y57.576 E0.02867
G1 X36.2 Y57.576 E0.12639
G1 X36.2 Y59.3 E0.02867
G1 X43.8 Y59.3 E0.12639
G0 F7200 X43.8 Y59.1
G0 X42.908 Y58.586
G1 F1500 E-6.5
G0 F7200 X44.665 Y58.286
G0 X46.43 Y58.286
G0 X46.822 Y58.136
;TYPE:FILL
G1 F1500 E6.5
G1 F3600 X47.426 Y58.74 E0.01421
G0 F7200 X46.916 Y58.74
G1 F3600 X47.52 Y58.136 E0.01421
G1 X47.59 Y58.066
G0 F7200 X47.59 Y58.286
G0 X52.479 Y58.286
G0 X52.479 Y58.136
G1 F3600 X53.083 Y58.74 E0.01421
G0 F7200 X52.573 Y58.74
G1 F3600 X53.177 Y58.136 E0.01421
G1 X53.247 Y58.066
G0 F7200 X53.4 Y58.9
;TYPE:WALL-INNER
G1 F3600 X53.4 Y57.976 E0.01537
G1 X46.6 Y57.976 E0.11308
G1 X46.6 Y58.9 E0.01537
G1 X53.4 Y58.9 E0.11308
G0 F7200 X53.8 Y59.3
;TYPE:WALL-OUTER
G1 F1800 X53.8 Y57.576 E0.02867
G1 X46.2 Y57.576 E0.12639
G1 X46.2 Y59.3 E0.02867
G1 X53.8 Y59.3 E0.12639
G0 F7200 X53.8 Y59.1
G0 X52.908 Y58.586
G1 F1500 E-6.5
G0 F7200 X54.665 Y58.286
G0 X56.43 Y58.286
G0 X58.136 Y58.286
G0 X58.136 Y58.136
;TYPE:FILL
G1 F1500 E6.5
G1 F3600 X58.74 Y58.74 E0.01421
G0 F7200 X58.23 Y58.74
G1 F3600 X58.833 Y58.136 E0.01419
G1 X58.903 Y58.066
G0 F7200 X58.903 Y58.286
G0 X63.12 Y58.62
G0 X63.4 Y58.9
;TYPE:WALL-INNER
G1 F3600 X63.4 Y57.976 E0.01537
G1 X56.6 Y57.976 E0.11308
G1 X56.6 Y58.9 E0.01537
G1 X63.4 Y58.9 E0.11308
G0 F7200 X63.8 Y59.3
;TYPE:WALL-OUTER
G1 F1800 X63.8 Y57.576 E0.02867
G1 X56.2 Y57.576 E0.12639
G1 X56.2 Y59.3 E0.02867
G1 X63.8 Y59.3 E0.12639
G0 F7200 X63.8 Y59.1
G0 X62.908 Y58.586
G1 F1500 E-6.5
;MESH:NONMESH
G0 F600 X62.908 Y58.586 Z2.5
G0 F7200 X56.424 Y57.8
G0 X55.335 Y57.8
G0 X54.653 Y56.723
G0 X51.551 Y56.087
G0 X38.957 Y45.648
G0 X38.232 Y45.092
;TIME_ELAPSED:777.184889
;LAYER:22
;TYPE:WALL-OUTER
;MESH:pin.stl
G1 F1500 E6.5
G1 F1484.5 X38.093 Y45.233 E0.00399
G1 X37.999 Y45.252 E0.00193
G1 X37.819 Y45.177 E0.00393
G1 X37.747 Y45.001 E0.00383
G1 X37.765 Y44.901 E0.00205
G1 X37.901 Y44.765 E0.00388
G1 X38.095 Y44.765 E0.00391
G1 X38.177 Y44.819 E0.00198
G1 X38.252 Y44.999 E0.00393
G1 X38.232 Y45.092 E0.00192
G0 F7200 X38.093 Y45.233
G0 X38.092 Y45.233
G1 F1500 E-6.5
G0 F7200 X37.994 Y44.984
G0 X39.135 Y44.788
G0 X40.82 Y44.989
G0 X42.225 Y44.996
G1 F1500 E6.5
G1 X42.124 Y45.199 E0.00452
G1 X41.964 Y45.248 E0.00334
G1 X41.804 Y45.185 E0.00343
G1 X41.724 Y45.033 E0.00343
G1 X41.724 Y44.948 E0.0017
G1 X41.823 Y44.793 E0.00367
G1 X41.975 Y44.746 E0.00318
G1 X42.18 Y44.845 E0.00454
G1 X42.225 Y44.996 E0.00314
G0 F7200 X42.137 Y45.174
G1 F1500 E-6.5
G0 F7200 X41.961 Y44.98
G0 X42.334 Y43.91
G0 X42.019 Y43.039
G0 X42.019 Y41.944
G0 X43.09 Y41.494
G0 X43.332 Y41.704
;TYPE:WALL-INNER
G1 F1500 E6.5
G1 F2686.6 X43.332 Y41.168 E0.01194
G1 X36.668 Y41.168 E0.1485
G1 X36.668 Y41.704 E0.01194
G1 X43.332 Y41.704 E0.1485
G0 F7200 X43.8 Y42.172
;TYPE:WALL-OUTER
G1 F1800 X43.8 Y40.7 E0.02448
G1 X36.2 Y40.7 E0.12639
G1 X36.2 Y42.172 E0.02448
G1 X43.8 Y42.172 E0.12639
G0 F7200 X43.8 Y41.972
G1 F1500 E-6.5
G0 F7200 X43.12 Y41.494
G0 X44.665 Y41.95
G0 X45.347 Y43.027
G0 X47.031 Y44.371
G0 X48.232 Y45.092
G1 F1500 E6.5
G1 F1484.5 X48.093 Y45.233 E0.00399
G1 X47.999 Y45.252 E0.00193
G1 X47.819 Y45.177 E0.00393
G1 X47.765 Y45.095 E0.00198
G1 X47.765 Y44.901 E0.00391
G1 X47.901 Y44.765 E0.00388
G1 X48.095 Y44.765 E0.00391
G1 X48.177 Y44.819 E0.00198
G1 X48.252 Y44.999 E0.00393
G1 X48.232 Y45.092 E0.00192
G0 F7200 X48.093 Y45.233
G0 X48.092 Y45.233
G1 F1500 E-6.5
G0 F7200 X47.994 Y44.984
G0 X49.135 Y44.788
G0 X50.82 Y44.989
G0 X52.225 Y44.996
G1 F1500 E6.5
G1 X52.124 Y45.199 E0.00452
G1 X51.964 Y45.248 E0.00334
G1 X51.804 Y45.185 E0.00343
G1 X51.724 Y45.033 E0.00343
G1 X51.724 Y44.948 E0.0017
G1 X51.823 Y44.793 E0.00367
G1 X51.975 Y44.746 E0.00318
G1 X52.18 Y44.845 E0.00454
G1 X52.225 Y44.996 E0.00314
G0 F7200 X52.137 Y45.174
G1 F1500 E-6.5
G0 F7200 X51.961 Y44.98
G0 X52.334 Y43.91
G0 X52.019 Y43.039
G0 X52.019 Y41.944
G0 X53.09 Y41.494
G0 X53.332 Y41.704
;TYPE:WALL-INNER
G1 F1500 E6.5
G1 F2686.6 X53.332 Y41.168 E0.01194
G1 X46.668 Y41.168 E0.1485
G1 X46.668 Y41.704 E0.01194
G1 X53.332 Y41.704 E0.1485
G0 F7200 X53.8 Y42.172
;TYPE:WALL-OUTER
G1 F1800 X53.8 Y40.7 E0.02448
G1 X46.2 Y40.7 E0.12639
G1 X46.2 Y42.172 E0.02448
G1 X53.8 Y42.172 E0.12639
G0 F7200 X53.8 Y41.972
G1 F1500 E-6.5
G0 F7200 X53.12 Y41.494
G0 X54.665 Y41.95
G0 X55.347 Y43.027
G0 X57.031 Y44.371
G0 X58.232 Y45.092
G1 F1500 E6.5
G1 F1484.5 X58.093 Y45.233 E0.00399
G1 X57.999 Y45.252 E0.00193
G1 X57.819 Y45.177 E0.00393
G1 X57.747 Y45.001 E0.00383
G1 X57.765 Y44.901 E0.00205
G1 X57.901 Y44.765 E0.00388
G1 X58.095 Y44.765 E0.00391
G1 X58.177 Y44.819 E0.00198
G1 X58.252 Y44.999 E0.00393
G1 X58.232 Y45.092 E0.00192
G0 F7200 X58.093 Y45.233
G0 X58.092 Y45.233
G1 F1500 E-6.5
G0 F7200 X57.994 Y44.984
G0 X59.135 Y44.788
G0 X60.82 Y44.989
G0 X62.225 Y44.996
G1 F1500 E6.5
G1 X62.124 Y45.199 E0.00452
G1 X61.964 Y45.248 E0.00334
G1 X61.804 Y45.185 E0.00343
G1 X61.724 Y45.033 E0.00343
G1 X61.724 Y44.948 E0.0017
G1 X61.823 Y44.793 E0.00367
G1 X61.975 Y44.746 E0.00318
G1 X62.18 Y44.845 E0.00454
G1 X62.225 Y44.996 E0.00314
G0 F7200 X62.137 Y45.174
G1 F1500 E-6.5
G0 F7200 X61.961 Y44.98
G0 X62.334 Y43.91
G0 X62.019 Y43.039
G0 X62.019 Y41.944
G0 X63.09 Y41.494
G0 X63.332 Y41.704
;TYPE:WALL-INNER
G1 F1500 E6.5
G1 F2686.6 X63.332 Y41.168 E0.01194
G1 X56.668 Y41.168 E0.1485
G1 X56.668 Y41.704 E0.01194
G1 X63.332 Y41.704 E0.1485
G0 F7200 X63.8 Y42.172
;TYPE:WALL-OUTER
G1 F1800 X63.8 Y40.7 E0.02448
G1 X56.2 Y40.7 E0.12639
G1 X56.2 Y42.172 E0.02448
G1 X63.8 Y42.172 E0.12639
G0 F7200 X63.8 Y41.972
G1 F1500 E-6.5
G0 F7200 X63.12 Y41.494
G0 X61.984 Y41.944
G0 X61.984 Y43.039
G0 X60.997 Y44.342
G0 X61.788 Y53.865
G0 X62.232 Y55.092
G1 F1500 E6.5
G1 F1484.5 X62.093 Y55.233 E0.00399
G1 X61.999 Y55.252 E0.00193
G1 X61.819 Y55.177 E0.00393
G1 X61.747 Y55.001 E0.00383
G1 X61.765 Y54.901 E0.00205
G1 X61.901 Y54.765 E0.00388
G1 X62.095 Y54.765 E0.00391
G1 X62.177 Y54.819 E0.00198
G1 X62.252 Y54.999 E0.00393
G1 X62.232 Y55.092 E0.00192
G0 F7200 X62.093 Y55.233
G0 X62.092 Y55.233
G1 F1500 E-6.5
G0 F7200 X61.994 Y54.984
G0 X60.865 Y55.212
G0 X59.136 Y55.211
G0 X58.232 Y55.092
G1 F1500 E6.5
G1 F1484.5 X58.093 Y55.233 E0.00399
G1 X57.999 Y55.252 E0.00193
G1 X57.819 Y55.177 E0.00393
G1 X57.747 Y55.001 E0.00383
G1 X57.765 Y54.901 E0.00205
G1 X57.901 Y54.765 E0.00388
G1 X58.095 Y54.765 E0.00391
G1 X58.177 Y54.819 E0.00198
G1 X58.252 Y54.999 E0.00393
G1 X58.232 Y55.092 E0.00192
G0 F7200 X58.093 Y55.233
G0 X58.092 Y55.233
G1 F1500 E-6.5
G0 F7200 X57.994 Y54.984
G0 X56.865 Y55.212
G0 X53.136 Y55.211
G0 X52.232 Y55.092
G1 F1500 E6.5
G1 F1484.5 X52.093 Y55.233 E0.00399
G1 X51.999 Y55.252 E0.00193
G1 X51.819 Y55.177 E0.00393
G1 X51.747 Y55.001 E0.00383
G1 X51.765 Y54.901 E0.00205
G1 X51.901 Y54.765 E0.00388
G1 X52.095 Y54.765 E0.00391
G1 X52.177 Y54.819 E0.00198
G1 X52.252 Y54.999 E0.00393
G1 X52.232 Y55.092 E0.00192
G0 F7200 X52.093 Y55.233
G0 X52.092 Y55.233
G1 F1500 E-6.5
G0 F7200 X51.994 Y54.984
G0 X50.865 Y55.212
G0 X49.136 Y55.211
G0 X48.232 Y55.092
G1 F1500 E6.5
G1 F1484.5 X48.093 Y55.233 E0.00399
G1 X47.999 Y55.252 E0.00193
G1 X47.819 Y55.177 E0.00393
G1 X47.747 Y55.001 E0.00383
G1 X47.765 Y54.901 E0.00205
G1 X47.901 Y54.765 E0.00388
G1 X48.095 Y54.765 E0.00391
G1 X48.177 Y54.819 E0.00198
G1 X48.252 Y54.999 E0.00393
G1 X48.232 Y55.092 E0.00192
G0 F7200 X48.093 Y55.233
G0 X48.092 Y55.233
G1 F1500 E-6.5
G0 F7200 X47.994 Y54.984
G0 X46.865 Y55.212
G0 X43.136 Y55.211
G0 X42.232 Y55.092
G1 F1500 E6.5
G1 F1484.5 X42.093 Y55.233 E0.00399
G1 X41.999 Y55.252 E0.00193
G1 X41.819 Y55.177 E0.00393
G1 X41.747 Y55.001 E0.00383
G1 X41.765 Y54.901 E0.00205
G1 X41.901 Y54.765 E0.00388
G1 X42.095 Y54.765 E0.00391
G1 X42.177 Y54.819 E0.00198
G1 X42.252 Y54.999 E0.00393
G1 X42.232 Y55.092 E0.00192
G0 F7200 X42.093 Y55.233
G0 X42.092 Y55.233
G1 F1500 E-6.5
G0 F7200 X41.994 Y54.984
G0 X40.865 Y55.212
G0 X39.136 Y55.211
G0 X38.232 Y55.092
G1 F1500 E6.5
G1 F1484.5 X38.093 Y55.233 E0.00399
G1 X37.999 Y55.252 E0.00193
G1 X37.819 Y55.177 E0.00393
G1 X37.747 Y55.001 E0.00383
G1 X37.765 Y54.901 E0.00205
G1 X37.901 Y54.765 E0.00388
G1 X38.095 Y54.765 E0.00391
G1 X38.177 Y54.819 E0.00198
G1 X38.252 Y54.999 E0.00393
G1 X38.232 Y55.092 E0.00192
G0 F7200 X38.093 Y55.233
G0 X38.092 Y55.233
G1 F1500 E-6.5
G0 F7200 X37.994 Y54.984
G0 X38.258 Y56.126
G0 X38.044 Y56.961
G0 X38.044 Y58.056
G0 X43.12 Y58.59
G0 X43.331 Y58.831
;TYPE:WALL-INNER
G1 F1500 E6.5
G1 F2676.6 X43.331 Y58.293 E0.01203
G1 X36.669 Y58.293 E0.14901
G1 X36.669 Y58.831 E0.01203
G1 X43.331 Y58.831 E0.14901
G0 F7200 X43.8 Y59.3
;TYPE:WALL-OUTER
G1 F1800 X43.8 Y57.824 E0.02455
G1 X36.2 Y57.824 E0.12639
G1 X36.2 Y59.3 E0.02455
G1 X43.8 Y59.3 E0.12639
G0 F7200 X43.8 Y59.1
G1 F1500 E-6.5
G0 F7200 X43.12 Y58.62
G0 X44.665 Y58.59
G0 X46.43 Y58.59
G0 X53.12 Y58.59
G0 X53.331 Y58.831
;TYPE:WALL-INNER
G1 F1500 E6.5
G1 F2676.6 X53.331 Y58.293 E0.01203
G1 X46.669 Y58.293 E0.14901
G1 X46.669 Y58.831 E0.01203
G1 X53.331 Y58.831 E0.14901
G0 F7200 X53.8 Y59.3
;TYPE:WALL-OUTER
G1 F1800 X53.8 Y57.824 E0.02455
G1 X46.2 Y57.824 E0.12639
G1 X46.2 Y59.3 E0.02455
G1 X53.8 Y59.3 E0.12639
G0 F7200 X53.8 Y59.1
G1 F1500 E-6.5
G0 F7200 X53.12 Y58.62
G0 X54.665 Y58.59
G0 X56.43 Y58.59
G0 X63.12 Y58.59
G0 X63.331 Y58.831
;TYPE:WALL-INNER
G1 F1500 E6.5
G1 F2676.6 X63.331 Y58.293 E0.01203
G1 X56.669 Y58.293 E0.14901
G1 X56.669 Y58.831 E0.01203
G1 X63.331 Y58.831 E0.14901
G0 F7200 X63.8 Y59.3
;TYPE:WALL-OUTER
G1 F1800 X63.8 Y57.824 E0.02455
G1 X56.2 Y57.824 E0.12639
G1 X56.2 Y59.3 E0.02455
G1 X63.8 Y59.3 E0.12639
G0 F7200 X63.8 Y59.1
G1 F1500 E-6.5
;MESH:NONMESH
G0 F600 X63.8 Y59.1 Z2.6
G0 F7200 X63.12 Y58.62
G0 X56.424 Y58.05
G0 X55.335 Y58.05
G0 X54.653 Y56.973
G0 X51.551 Y56.087
G0 X38.957 Y45.648
G0 X38.232 Y45.092
;TIME_ELAPSED:795.642850
;LAYER:23
;TYPE:WALL-OUTER
;MESH:pin.stl
G1 F1500 E6.5
G1 F1484.5 X38.093 Y45.233 E0.00399
G1 X37.999 Y45.252 E0.00193
G1 X37.819 Y45.177 E0.00393
G1 X37.747 Y45.001 E0.00383
G1 X37.765 Y44.901 E0.00205
G1 X37.901 Y44.765 E0.00388
G1 X38.095 Y44.765 E0.00391
G1 X38.177 Y44.819 E0.00198
G1 X38.252 Y44.999 E0.00393
G1 X38.232 Y45.092 E0.00192
G0 F7200 X38.093 Y45.233
G0 X38.092 Y45.233
G1 F1500 E-6.5
G0 F7200 X37.994 Y44.984
G0 X39.135 Y44.788
G0 X40.82 Y44.989
G0 X42.225 Y44.996
G1 F1500 E6.5
G1 X42.124 Y45.199 E0.00452
G1 X41.964 Y45.248 E0.00334
G1 X41.804 Y45.185 E0.00343
G1 X41.724 Y45.033 E0.00343
G1 X41.724 Y44.948 E0.0017
G1 X41.823 Y44.793 E0.00367
G1 X41.975 Y44.746 E0.00318
G1 X42.18 Y44.845 E0.00454
G1 X42.225 Y44.996 E0.00314
G0 F7200 X42.137 Y45.174
G1 F1500 E-6.5
G0 F7200 X41.961 Y44.98
G0 X42.323 Y43.906
G0 X42.008 Y42.789
G0 X43.394 Y41.518
;TYPE:WALL-INNER
G1 F1500 E6.5
G1 F3495.1 X43.394 Y41.106 E0.00706
G1 X36.606 Y41.106 E0.11627
G1 X36.606 Y41.518 E0.00706
G1 X43.394 Y41.518 E0.11627
G0 F7200 X43.8 Y41.924
;TYPE:WALL-OUTER
G1 F1800 X43.8 Y40.7 E0.02036
G1 X36.2 Y40.7 E0.12639
G1 X36.2 Y41.924 E0.02036
G1 X43.8 Y41.924 E0.12639
G0 F7200 X43.8 Y41.724
G1 F1500 E-6.5
G0 F7200 X43.12 Y41.36
G0 X44.665 Y41.7
G0 X45.279 Y42.669
G0 X47.043 Y44.352
G0 X48.232 Y45.092
G1 F1500 E6.5
G1 F1484.5 X48.093 Y45.233 E0.00399
G1 X47.999 Y45.252 E0.00193
G1 X47.819 Y45.177 E0.00393
G1 X47.747 Y45.001 E0.00383
G1 X47.765 Y44.901 E0.00205
G1 X47.901 Y44.765 E0.00388
G1 X48.095 Y44.765 E0.00391
G1 X48.177 Y44.819 E0.00198
G1 X48.252 Y44.999 E0.00393
G1 X48.232 Y45.092 E0.00192
G0 F7200 X48.093 Y45.233
G0 X48.092 Y45.233
G1 F1500 E-6.5
G0 F7200 X47.994 Y44.984
G0 X49.135 Y44.788
G0 X50.82 Y44.989
G0 X52.225 Y44.996
G1 F1500 E6.5
G1 X52.124 Y45.199 E0.00452
G1 X51.964 Y45.248 E0.00334
G1 X51.804 Y45.185 E0.00343
G1 X51.724 Y45.033 E0.00343
G1 X51.724 Y44.948 E0.0017
G1 X51.823 Y44.793 E0.00367
G1 X51.975 Y44.746 E0.00318
G1 X52.18 Y44.845 E0.00454
G1 X52.225 Y44.996 E0.00314
G0 F7200 X52.137 Y45.174
G1 F1500 E-6.5
G0 F7200 X51.961 Y44.98
G0 X52.323 Y43.906
G0 X52.008 Y42.789
G0 X53.394 Y41.518
;TYPE:WALL-INNER
G1 F1500 E6.5
G1 F3495.1 X53.394 Y41.106 E0.00706
G1 X46.606 Y41.106 E0.11627
G1 X46.606 Y41.518 E0.00706
G1 X53.394 Y41.518 E0.11627
G0 F7200 X53.8 Y41.924
;TYPE:WALL-OUTER
G1 F1800 X53.8 Y40.7 E0.02036
G1 X46.2 Y40.7 E0.12639
G1 X46.2 Y41.924 E0.02036
G1 X53.8 Y41.924 E0.12639
G0 F7200 X53.8 Y41.724
G1 F1500 E-6.5
G0 F7200 X53.12 Y41.36
G0 X54.665 Y41.7
G0 X55.279 Y42.669
G0 X57.043 Y44.352
G0 X58.232 Y45.092
G1 F1500 E6.5
G1 F1484.5 X58.093 Y45.233 E0.00399
G1 X57.999 Y45.252 E0.00193
G1 X57.819 Y45.177 E0.00393
G1 X57.747 Y45.001 E0.00383
G1 X57.765 Y44.901 E0.00205
G1 X57.901 Y44.765 E0.00388
G1 X58.095 Y44.765 E0.00391
G1 X58.177 Y44.819 E0.00198
G1 X58.252 Y44.999 E0.00393
G1 X58.232 Y45.092 E0.00192
G0 F7200 X58.093 Y45.233
G0 X58.092 Y45.233
G1 F1500 E-6.5
G0 F7200 X57.994 Y44.984
G0 X59.135 Y44.788
G0 X60.82 Y44.989
G0 X62.225 Y44.996
G1 F1500 E6.5
G1 X62.124 Y45.199 E0.00452
G1 X61.964 Y45.248 E0.00334
G1 X61.804 Y45.185 E0.00343
G1 X61.724 Y45.033 E0.00343
G1 X61.724 Y44.948 E0.0017
G1 X61.823 Y44.793 E0.00367
G1 X61.975 Y44.746 E0.00318
G1 X62.18 Y44.845 E0.00454
G1 X62.225 Y44.996 E0.00314
G0 F7200 X62.137 Y45.174
G1 F1500 E-6.5
G0 F7200 X61.961 Y44.98
G0 X62.323 Y43.906
G0 X62.008 Y42.789
G0 X63.394 Y41.518
;TYPE:WALL-INNER
G1 F1500 E6.5
G1 F3495.1 X63.394 Y41.106 E0.00706
G1 X56.606 Y41.106 E0.11627
G1 X56.606 Y41.518 E0.00706
G1 X63.394 Y41.518 E0.11627
G0 F7200 X63.8 Y41.924
;TYPE:WALL-OUTER
G1 F1800 X63.8 Y40.7 E0.02036
G1 X56.2 Y40.7 E0.12639
G1 X56.2 Y41.924 E0.02036
G1 X63.8 Y41.924 E0.12639
G0 F7200 X63.8 Y41.724
G1 F1500 E-6.5
G0 F7200 X63.12 Y41.36
G0 X61.984 Y41.694
G0 X61.984 Y42.789
G0 X60.997 Y44.342
G0 X61.788 Y53.865
G0 X62.232 Y55.092
G1 F1500 E6.5
G1 F1484.5 X62.093 Y55.233 E0.00399
G1 X61.999 Y55.252 E0.00193
G1 X61.819 Y55.177 E0.00393
G1 X61.747 Y55.001 E0.00383
G1 X61.765 Y54.901 E0.00205
G1 X61.901 Y54.765 E0.00388
G1 X62.095 Y54.765 E0.00391
G1 X62.177 Y54.819 E0.00198
G1 X62.252 Y54.999 E0.00393
G1 X62.232 Y55.092 E0.00192
G0 F7200 X62.093 Y55.233
G0 X62.092 Y55.233
G1 F1500 E-6.5
G0 F7200 X61.994 Y54.984
G0 X60.865 Y55.212
G0 X59.136 Y55.211
G0 X58.232 Y55.092
G1 F1500 E6.5
G1 F1484.5 X58.093 Y55.233 E0.00399
G1 X57.999 Y55.252 E0.00193
G1 X57.819 Y55.177 E0.00393
G1 X57.747 Y55.001 E0.00383
G1 X57.765 Y54.901 E0.00205
G1 X57.901 Y54.765 E0.00388
G1 X58.095 Y54.765 E0.00391
G1 X58.177 Y54.819 E0.00198
G1 X58.252 Y54.999 E0.00393
G1 X58.232 Y55.092 E0.00192
G0 F7200 X58.093 Y55.233
G0 X58.092 Y55.233
G1 F1500 E-6.5
G0 F7200 X57.994 Y54.984
G0 X56.865 Y55.212
G0 X53.136 Y55.211
G0 X52.232 Y55.092
G1 F1500 E6.5
G1 F1484.5 X52.093 Y55.233 E0.00399
G1 X51.999 Y55.252 E0.00193
G1 X51.819 Y55.177 E0.00393
G1 X51.747 Y55.001 E0.00383
G1 X51.765 Y54.901 E0.00205
G1 X51.901 Y54.765 E0.00388
G1 X52.095 Y54.765 E0.00391
G1 X52.177 Y54.819 E0.00198
G1 X52.252 Y54.999 E0.00393
G1 X52.232 Y55.092 E0.00192
G0 F7200 X52.093 Y55.233
G0 X52.092 Y55.233
G1 F1500 E-6.5
G0 F7200 X51.994 Y54.984
G0 X50.865 Y55.212
G0 X49.136 Y55.211
G0 X48.232 Y55.092
G1 F1500 E6.5
G1 F1484.5 X48.093 Y55.233 E0.00399
G1 X47.999 Y55.252 E0.00193
G1 X47.819 Y55.177 E0.00393
G1 X47.747 Y55.001 E0.00383
G1 X47.765 Y54.901 E0.00205
G1 X47.901 Y54.765 E0.00388
G1 X48.095 Y54.765 E0.00391
G1 X48.177 Y54.819 E0.00198
G1 X48.252 Y54.999 E0.00393
G1 X48.232 Y55.092 E0.00192
G0 F7200 X48.093 Y55.233
G0 X48.092 Y55.233
G1 F1500 E-6.5
G0 F7200 X47.994 Y54.984
G0 X46.865 Y55.212
G0 X43.136 Y55.211
G0 X42.232 Y55.092
G1 F1500 E6.5
G1 F1484.5 X42.093 Y55.233 E0.00399
G1 X41.999 Y55.252 E0.00193
G1 X41.819 Y55.177 E0.00393
G1 X41.747 Y55.001 E0.00383
G1 X41.765 Y54.901 E0.00205
G1 X41.901 Y54.765 E0.00388
G1 X42.095 Y54.765 E0.00391
G1 X42.177 Y54.819 E0.00198
G1 X42.252 Y54.999 E0.00393
G1 X42.232 Y55.092 E0.00192
G0 F7200 X42.093 Y55.233
G0 X42.092 Y55.233
G1 F1500 E-6.5
G0 F7200 X41.994 Y54.984
G0 X40.865 Y55.212
G0 X39.136 Y55.211
G0 X38.232 Y55.092
G1 F1500 E6.5
G1 F1484.5 X38.093 Y55.233 E0.00399
G1 X37.999 Y55.252 E0.00193
G1 X37.819 Y55.177 E0.00393
G1 X37.747 Y55.001 E0.00383
G1 X37.765 Y54.901 E0.00205
G1 X37.901 Y54.765 E0.00388
G1 X38.095 Y54.765 E0.00391
G1 X38.177 Y54.819 E0.00198
G1 X38.252 Y54.999 E0.00393
G1 X38.232 Y55.092 E0.00192
G0 F7200 X38.093 Y55.233
G0 X38.092 Y55.233
G1 F1500 E-6.5
G0 F7200 X37.994 Y54.984
G0 X38.258 Y56.126
G0 X38.044 Y57.211
G0 X43.394 Y58.894
;TYPE:WALL-INNER
G1 F1500 E6.5
G1 F3495.1 X43.394 Y58.482 E0.00706
G1 X36.606 Y58.482 E0.11627
G1 X36.606 Y58.894 E0.00706
G1 X43.394 Y58.894 E0.11627
G0 F7200 X43.8 Y59.3
;TYPE:WALL-OUTER
G1 F1800 X43.8 Y58.076 E0.02036
G1 X36.2 Y58.076 E0.12639
G1 X36.2 Y59.3 E0.02036
G1 X43.8 Y59.3 E0.12639
G0 F7200 X43.8 Y59.1
G1 F1500 E-6.5
G0 F7200 X43.12 Y58.736
G0 X44.665 Y58.736
G0 X53.394 Y58.894
;TYPE:WALL-INNER
G1 F1500 E6.5
G1 F3495.1 X53.394 Y58.482 E0.00706
G1 X46.606 Y58.482 E0.11627
G1 X46.606 Y58.894 E0.00706
G1 X53.394 Y58.894 E0.11627
G0 F7200 X53.8 Y59.3
;TYPE:WALL-OUTER
G1 F1800 X53.8 Y58.076 E0.02036
G1 X46.2 Y58.076 E0.12639
G1 X46.2 Y59.3 E0.02036
G1 X53.8 Y59.3 E0.12639
G0 F7200 X53.8 Y59.1
G1 F1500 E-6.5
G0 F7200 X53.12 Y58.736
G0 X54.665 Y58.736
G0 X63.394 Y58.894
;TYPE:WALL-INNER
G1 F1500 E6.5
G1 F3495.1 X63.394 Y58.482 E0.00706
G1 X56.606 Y58.482 E0.11627
G1 X56.606 Y58.894 E0.00706
G1 X63.394 Y58.894 E0.11627
G0 F7200 X63.8 Y59.3
;TYPE:WALL-OUTER
G1 F1800 X63.8 Y58.076 E0.02036
G1 X56.2 Y58.076 E0.12639
G1 X56.2 Y59.3 E0.02036
G1 X63.8 Y59.3 E0.12639
G0 F7200 X63.8 Y59.1
G1 F1500 E-6.5
;MESH:NONMESH
G0 F600 X63.8 Y59.1 Z2.7
G0 F7200 X63.12 Y58.736
G0 X56.424 Y58.3
G0 X55.335 Y58.3
G0 X54.653 Y57.223
G0 X51.551 Y56.087
G0 X38.957 Y45.648
G0 X38.232 Y45.092
;TIME_ELAPSED:813.505520
;LAYER:24
;TYPE:WALL-OUTER
;MESH:pin.stl
G1 F1500 E6.5
G1 F1484.5 X38.093 Y45.233 E0.00399
G1 X37.999 Y45.252 E0.00193
G1 X37.819 Y45.177 E0.00393
G1 X37.747 Y45.001 E0.00383
G1 X37.765 Y44.901 E0.00205
G1 X37.901 Y44.765 E0.00388
G1 X38.095 Y44.765 E0.00391
G1 X38.177 Y44.819 E0.00198
G1 X38.252 Y44.999 E0.00393
G1 X38.232 Y45.092 E0.00192
G0 F7200 X38.093 Y45.233
G0 X38.092 Y45.233
G1 F1500 E-6.5
G0 F7200 X37.994 Y44.984
G0 X39.135 Y44.788
G0 X40.82 Y44.989
G0 X42.225 Y44.996
G1 F1500 E6.5
G1 X42.124 Y45.199 E0.00452
G1 X41.964 Y45.248 E0.00334
G1 X41.804 Y45.185 E0.00343
G1 X41.724 Y45.033 E0.00343
G1 X41.724 Y44.948 E0.0017
G1 X41.823 Y44.793 E0.00367
G1 X41.975 Y44.746 E0.00318
G1 X42.18 Y44.845 E0.00454
G1 X42.225 Y44.996 E0.00314
G0 F7200 X42.137 Y45.174
G1 F1500 E-6.5
G0 F7200 X41.961 Y44.98
G0 X42.332 Y43.909
G0 X42.017 Y42.665
G0 X43.425 Y41.425
;TYPE:WALL-INNER
G1 F1500 E6.5
G1 F4114.3 X43.425 Y41.075 E0.00509
G1 X36.575 Y41.075 E0.09968
G1 X36.575 Y41.425 E0.00509
G1 X43.425 Y41.425 E0.09968
G0 F7200 X43.8 Y41.8
;TYPE:WALL-OUTER
G1 F1800 X43.8 Y40.7 E0.01829
G1 X36.2 Y40.7 E0.12639
G1 X36.2 Y41.8 E0.01829
G1 X43.8 Y41.8 E0.12639
G0 F7200 X43.8 Y41.6
G1 F1500 E-6.5
G0 F7200 X43.52 Y41.52
G0 X44.665 Y41.576
G0 X45.347 Y42.653
G0 X47.351 Y44.044
G0 X48.232 Y45.092
G1 F1500 E6.5
G1 F1484.5 X48.093 Y45.233 E0.00399
G1 X47.999 Y45.252 E0.00193
G1 X47.819 Y45.177 E0.00393
G1 X47.747 Y45.001 E0.00383
G1 X47.765 Y44.901 E0.00205
G1 X47.901 Y44.765 E0.00388
G1 X48.095 Y44.765 E0.00391
G1 X48.177 Y44.819 E0.00198
G1 X48.252 Y44.999 E0.00393
G1 X48.232 Y45.092 E0.00192
G0 F7200 X48.093 Y45.233
G0 X48.092 Y45.233
G1 F1500 E-6.5
G0 F7200 X47.994 Y44.984
G0 X49.135 Y44.788
G0 X50.82 Y44.989
G0 X52.225 Y44.996
G1 F1500 E6.5
G1 X52.124 Y45.199 E0.00452
G1 X51.964 Y45.248 E0.00334
G1 X51.804 Y45.185 E0.00343
G1 X51.724 Y45.033 E0.00343
G1 X51.724 Y44.948 E0.0017
G1 X51.823 Y44.793 E0.00367
G1 X51.975 Y44.746 E0.00318
G1 X52.18 Y44.845 E0.00454
G1 X52.225 Y44.996 E0.00314
G0 F7200 X52.137 Y45.174
G1 F1500 E-6.5
G0 F7200 X51.961 Y44.98
G0 X52.332 Y43.909
G0 X52.017 Y42.665
G0 X53.425 Y41.425
;TYPE:WALL-INNER
G1 F1500 E6.5
G1 F4114.3 X53.425 Y41.075 E0.00509
G1 X46.575 Y41.075 E0.09968
G1 X46.575 Y41.425 E0.00509
G1 X53.425 Y41.425 E0.09968
G0 F7200 X53.8 Y41.8
;TYPE:WALL-OUTER
G1 F1800 X53.8 Y40.7 E0.01829
G1 X46.2 Y40.7 E0.12639
G1 X46.2 Y41.8 E0.01829
G1 X53.8 Y41.8 E0.12639
G0 F7200 X53.8 Y41.6
G1 F1500 E-6.5
G0 F7200 X53.52 Y41.52
G0 X54.665 Y41.576
G0 X55.347 Y42.653
G0 X57.351 Y44.044
G0 X58.232 Y45.092
G1 F1500 E6.5
G1 F1484.5 X58.093 Y45.233 E0.00399
G1 X57.999 Y45.252 E0.00193
G1 X57.819 Y45.177 E0.00393
G1 X57.747 Y45.001 E0.00383
G1 X57.765 Y44.901 E0.00205
G1 X57.901 Y44.765 E0.00388
G1 X58.095 Y44.765 E0.00391
G1 X58.177 Y44.819 E0.00198
G1 X58.252 Y44.999 E0.00393
G1 X58.232 Y45.092 E0.00192
G0 F7200 X58.093 Y45.233
G0 X58.092 Y45.233
G1 F1500 E-6.5
G0 F7200 X57.994 Y44.984
G0 X59.135 Y44.788
G0 X60.82 Y44.989
G0 X62.225 Y44.996
G1 F1500 E6.5
G1 X62.124 Y45.199 E0.00452
G1 X61.964 Y45.248 E0.00334
G1 X61.804 Y45.185 E0.00343
G1 X61.724 Y45.033 E0.00343
G1 X61.724 Y44.948 E0.0017
G1 X61.823 Y44.793 E0.00367
G1 X61.975 Y44.746 E0.00318
G1 X62.18 Y44.845 E0.00454
G1 X62.225 Y44.996 E0.00314
G0 F7200 X62.137 Y45.174
G1 F1500 E-6.5
G0 F7200 X61.961 Y44.98
G0 X62.332 Y43.909
G0 X62.017 Y42.665
G0 X63.425 Y41.425
;TYPE:WALL-INNER
G1 F1500 E6.5
G1 F4114.3 X63.425 Y41.075 E0.00509
G1 X56.575 Y41.075 E0.09968
G1 X56.575 Y41.425 E0.00509
G1 X63.425 Y41.425 E0.09968
G0 F7200 X63.8 Y41.8
;TYPE:WALL-OUTER
G1 F1800 X63.8 Y40.7 E0.01829
G1 X56.2 Y40.7 E0.12639
G1 X56.2 Y41.8 E0.01829
G1 X63.8 Y41.8 E0.12639
G0 F7200 X63.8 Y41.6
G1 F1500 E-6.5
G0 F7200 X63.52 Y41.52
G0 X61.984 Y41.57
G0 X61.984 Y42.665
G0 X60.997 Y44.342
G0 X61.788 Y53.865
G0 X62.232 Y55.092
G1 F1500 E6.5
G1 F1484.5 X62.093 Y55.233 E0.00399
G1 X61.999 Y55.252 E0.00193
G1 X61.819 Y55.177 E0.00393
G1 X61.747 Y55.001 E0.00383
G1 X61.765 Y54.901 E0.00205
G1 X61.901 Y54.765 E0.00388
G1 X62.095 Y54.765 E0.00391
G1 X62.177 Y54.819 E0.00198
G1 X62.252 Y54.999 E0.00393
G1 X62.232 Y55.092 E0.00192
G0 F7200 X62.093 Y55.233
G0 X62.092 Y55.233
G1 F1500 E-6.5
G0 F7200 X61.994 Y54.984
G0 X60.865 Y55.212
G0 X59.136 Y55.211
G0 X58.232 Y55.092
G1 F1500 E6.5
G1 F1484.5 X58.093 Y55.233 E0.00399
G1 X57.999 Y55.252 E0.00193
G1 X57.819 Y55.177 E0.00393
G1 X57.747 Y55.001 E0.00383
G1 X57.765 Y54.901 E0.00205
G1 X57.901 Y54.765 E0.00388
G1 X58.095 Y54.765 E0.00391
G1 X58.177 Y54.819 E0.00198
G1 X58.252 Y54.999 E0.00393
G1 X58.232 Y55.092 E0.00192
G0 F7200 X58.093 Y55.233
G0 X58.092 Y55.233
G1 F1500 E-6.5
G0 F7200 X57.994 Y54.984
G0 X56.865 Y55.212
G0 X53.136 Y55.211
G0 X52.232 Y55.092
G1 F1500 E6.5
G1 F1484.5 X52.093 Y55.233 E0.00399
G1 X51.999 Y55.252 E0.00193
G1 X51.819 Y55.177 E0.00393
G1 X51.765 Y55.095 E0.00198
G1 X51.765 Y54.901 E0.00391
G1 X51.901 Y54.765 E0.00388
G1 X52.095 Y54.765 E0.00391
G1 X52.177 Y54.819 E0.00198
G1 X52.252 Y54.999 E0.00393
G1 X52.232 Y55.092 E0.00192
G0 F7200 X52.093 Y55.233
G0 X52.092 Y55.233
G1 F1500 E-6.5
G0 F7200 X51.994 Y54.984
G0 X50.865 Y55.212
G0 X49.136 Y55.211
G0 X48.232 Y55.092
G1 F1500 E6.5
G1 F1484.5 X48.093 Y55.233 E0.00399
G1 X47.999 Y55.252 E0.00193
G1 X47.819 Y55.177 E0.00393
G1 X47.747 Y55.001 E0.00383
G1 X47.765 Y54.901 E0.00205
G1 X47.901 Y54.765 E0.00388
G1 X48.095 Y54.765 E0.00391
G1 X48.177 Y54.819 E0.00198
G1 X48.252 Y54.999 E0.00393
G1 X48.232 Y55.092 E0.00192
G0 F7200 X48.093 Y55.233
G0 X48.092 Y55.233
G1 F1500 E-6.5
G0 F7200 X47.994 Y54.984
G0 X46.865 Y55.212
G0 X43.136 Y55.211
G0 X42.232 Y55.092
G1 F1500 E6.5
G1 F1484.5 X42.093 Y55.233 E0.00399
G1 X41.999 Y55.252 E0.00193
G1 X41.819 Y55.177 E0.00393
G1 X41.747 Y55.001 E0.00383
G1 X41.765 Y54.901 E0.00205
G1 X41.901 Y54.765 E0.00388
G1 X42.095 Y54.765 E0.00391
G1 X42.177 Y54.819 E0.00198
G1 X42.252 Y54.999 E0.00393
G1 X42.232 Y55.092 E0.00192
G0 F7200 X42.093 Y55.233
G0 X42.092 Y55.233
G1 F1500 E-6.5
G0 F7200 X41.994 Y54.984
G0 X40.865 Y55.212
G0 X39.136 Y55.211
G0 X38.232 Y55.092
G1 F1500 E6.5
G1 F1484.5 X38.093 Y55.233 E0.00399
G1 X37.999 Y55.252 E0.00193
G1 X37.819 Y55.177 E0.00393
G1 X37.747 Y55.001 E0.00383
G1 X37.765 Y54.901 E0.00205
G1 X37.901 Y54.765 E0.00388
G1 X38.095 Y54.765 E0.00391
G1 X38.177 Y54.819 E0.00198
G1 X38.252 Y54.999 E0.00393
G1 X38.232 Y55.092 E0.00192
G0 F7200 X38.093 Y55.233
G0 X38.092 Y55.233
G1 F1500 E-6.5
G0 F7200 X37.994 Y54.984
G0 X38.258 Y56.126
G0 X38.044 Y57.335
G0 X43.425 Y58.925
;TYPE:WALL-INNER
G1 F1500 E6.5
G1 F4114.3 X43.425 Y58.575 E0.00509
G1 X36.575 Y58.575 E0.09968
G1 X36.575 Y58.925 E0.00509
G1 X43.425 Y58.925 E0.09968
G0 F7200 X43.8 Y59.3
;TYPE:WALL-OUTER
G1 F1800 X43.8 Y58.2 E0.01829
G1 X36.2 Y58.2 E0.12639
G1 X36.2 Y59.3 E0.01829
G1 X43.8 Y59.3 E0.12639
G0 F7200 X43.8 Y59.1
G1 F1500 E-6.5
G0 F7200 X43.52 Y59.02
G0 X44.665 Y58.925
G0 X53.425 Y58.925
;TYPE:WALL-INNER
G1 F1500 E6.5
G1 F4114.3 X53.425 Y58.575 E0.00509
G1 X46.575 Y58.575 E0.09968
G1 X46.575 Y58.925 E0.00509
G1 X53.425 Y58.925 E0.09968
G0 F7200 X53.8 Y59.3
;TYPE:WALL-OUTER
G1 F1800 X53.8 Y58.2 E0.01829
G1 X46.2 Y58.2 E0.12639
G1 X46.2 Y59.3 E0.01829
G1 X53.8 Y59.3 E0.12639
G0 F7200 X53.8 Y59.1
G1 F1500 E-6.5
G0 F7200 X53.52 Y59.02
G0 X54.665 Y58.925
G0 X63.425 Y58.925
;TYPE:WALL-INNER
G1 F1500 E6.5
G1 F4114.3 X63.425 Y58.575 E0.00509
G1 X56.575 Y58.575 E0.09968
G1 X56.575 Y58.925 E0.00509
G1 X63.425 Y58.925 E0.09968
G0 F7200 X63.8 Y59.3
;TYPE:WALL-OUTER
G1 F1800 X63.8 Y58.2 E0.01829
G1 X56.2 Y58.2 E0.12639
G1 X56.2 Y59.3 E0.01829
G1 X63.8 Y59.3 E0.12639
G0 F7200 X63.8 Y59.1
G1 F1500 E-6.5
;MESH:NONMESH
G0 F600 X63.8 Y59.1 Z2.8
G0 F7200 X63.52 Y59.02
G0 X56.424 Y58.424
G0 X55.335 Y58.424
G0 X54.653 Y57.347
G0 X51.551 Y56.087
G0 X38.957 Y45.648
G0 X38.232 Y45.092
;TIME_ELAPSED:831.071455
;LAYER:25
;TYPE:WALL-OUTER
;MESH:pin.stl
G1 F1500 E6.5
G1 F1484.5 X38.093 Y45.233 E0.00399
G1 X37.999 Y45.252 E0.00193
G1 X37.819 Y45.177 E0.00393
G1 X37.747 Y45.001 E0.00383
G1 X37.765 Y44.901 E0.00205
G1 X37.901 Y44.765 E0.00388
G1 X38.095 Y44.765 E0.00391
G1 X38.177 Y44.819 E0.00198
G1 X38.252 Y44.999 E0.00393
G1 X38.232 Y45.092 E0.00192
G0 F7200 X38.093 Y45.233
G0 X38.092 Y45.233
G1 F1500 E-6.5
G0 F7200 X37.994 Y44.984
G0 X39.135 Y44.788
G0 X40.82 Y44.989
G0 X42.225 Y44.996
G1 F1500 E6.5
G1 X42.124 Y45.199 E0.00452
G1 X41.964 Y45.248 E0.00334
G1 X41.804 Y45.185 E0.00343
G1 X41.724 Y45.033 E0.00343
G1 X41.724 Y44.948 E0.0017
G1 X41.823 Y44.793 E0.00367
G1 X41.975 Y44.746 E0.00318
G1 X42.18 Y44.845 E0.00454
G1 X42.225 Y44.996 E0.00314
G0 F7200 X42.137 Y45.174
G1 F1500 E-6.5
G0 F7200 X41.961 Y44.98
G0 X42.332 Y43.909
G0 X42.017 Y42.665
G0 X43.425 Y41.425
;TYPE:WALL-INNER
G1 F1500 E6.5
G1 F4114.3 X43.425 Y41.075 E0.00509
G1 X36.575 Y41.075 E0.09968
G1 X36.575 Y41.425 E0.00509
G1 X43.425 Y41.425 E0.09968
G0 F7200 X43.8 Y41.8
;TYPE:WALL-OUTER
G1 F1800 X43.8 Y40.7 E0.01829
G1 X36.2 Y40.7 E0.12639
G1 X36.2 Y41.8 E0.01829
G1 X43.8 Y41.8 E0.12639
G0 F7200 X43.8 Y41.6
G1 F1500 E-6.5
G0 F7200 X43.52 Y41.52
G0 X44.665 Y41.576
G0 X45.347 Y42.653
G0 X47.351 Y44.044
G0 X48.232 Y45.092
G1 F1500 E6.5
G1 F1484.5 X48.093 Y45.233 E0.00399
G1 X47.999 Y45.252 E0.00193
G1 X47.819 Y45.177 E0.00393
G1 X47.747 Y45.001 E0.00383
G1 X47.765 Y44.901 E0.00205
G1 X47.901 Y44.765 E0.00388
G1 X48.095 Y44.765 E0.00391
G1 X48.177 Y44.819 E0.00198
G1 X48.252 Y44.999 E0.00393
G1 X48.232 Y45.092 E0.00192
G0 F7200 X48.093 Y45.233
G0 X48.092 Y45.233
G1 F1500 E-6.5
G0 F7200 X47.994 Y44.984
G0 X49.135 Y44.788
G0 X50.82 Y44.989
G0 X52.225 Y44.996
G1 F1500 E6.5
G1 X52.124 Y45.199 E0.00452
G1 X51.964 Y45.248 E0.00334
G1 X51.804 Y45.185 E0.00343
G1 X51.724 Y45.033 E0.00343
G1 X51.724 Y44.948 E0.0017
G1 X51.823 Y44.793 E0.00367
G1 X51.975 Y44.746 E0.00318
G1 X52.18 Y44.845 E0.00454
G1 X52.225 Y44.996 E0.00314
G0 F7200 X52.137 Y45.174
G1 F1500 E-6.5
G0 F7200 X51.961 Y44.98
G0 X52.332 Y43.909
G0 X52.017 Y42.665
G0 X53.425 Y41.425
;TYPE:WALL-INNER
G1 F1500 E6.5
G1 F4114.3 X53.425 Y41.075 E0.00509
G1 X46.575 Y41.075 E0.09968
G1 X46.575 Y41.425 E0.00509
G1 X53.425 Y41.425 E0.09968
G0 F7200 X53.8 Y41.8
;TYPE:WALL-OUTER
G1 F1800 X53.8 Y40.7 E0.01829
G1 X46.2 Y40.7 E0.12639
G1 X46.2 Y41.8 E0.01829
G1 X53.8 Y41.8 E0.12639
G0 F7200 X53.8 Y41.6
G1 F1500 E-6.5
G0 F7200 X53.52 Y41.52
G0 X54.665 Y41.576
G0 X55.347 Y42.653
G0 X57.351 Y44.044
G0 X58.232 Y45.092
G1 F1500 E6.5
G1 F1484.5 X58.093 Y45.233 E0.00399
G1 X57.999 Y45.252 E0.00193
G1 X57.819 Y45.177 E0.00393
G1 X57.747 Y45.001 E0.00383
G1 X57.765 Y44.901 E0.00205
G1 X57.901 Y44.765 E0.00388
G1 X58.095 Y44.765 E0.00391
G1 X58.177 Y44.819 E0.00198
G1 X58.252 Y44.999 E0.00393
G1 X58.232 Y45.092 E0.00192
G0 F7200 X58.093 Y45.233
G0 X58.092 Y45.233
G1 F1500 E-6.5
G0 F7200 X57.994 Y44.984
G0 X59.135 Y44.788
G0 X60.82 Y44.989
G0 X62.225 Y44.996
G1 F1500 E6.5
G1 X62.124 Y45.199 E0.00452
G1 X61.964 Y45.248 E0.00334
G1 X61.804 Y45.185 E0.00343
G1 X61.724 Y45.033 E0.00343
G1 X61.724 Y44.948 E0.0017
G1 X61.823 Y44.793 E0.00367
G1 X61.975 Y44.746 E0.00318
G1 X62.18 Y44.845 E0.00454
G1 X62.225 Y44.996 E0.00314
G0 F7200 X62.137 Y45.174
G1 F1500 E-6.5
G0 F7200 X61.961 Y44.98
G0 X62.332 Y43.909
G0 X62.017 Y42.665
G0 X63.425 Y41.425
;TYPE:WALL-INNER
G1 F1500 E6.5
G1 F4114.3 X63.425 Y41.075 E0.00509
G1 X56.575 Y41.075 E0.09968
G1 X56.575 Y41.425 E0.00509
G1 X63.425 Y41.425 E0.09968
G0 F7200 X63.8 Y41.8
;TYPE:WALL-OUTER
G1 F1800 X63.8 Y40.7 E0.01829
G1 X56.2 Y40.7 E0.12639
G1 X56.2 Y41.8 E0.01829
G1 X63.8 Y41.8 E0.12639
G0 F7200 X63.8 Y41.6
G1 F1500 E-6.5
G0 F7200 X63.52 Y41.52
G0 X61.984 Y41.57
G0 X61.984 Y42.665
G0 X60.997 Y44.342
G0 X61.788 Y53.865
G0 X62.232 Y55.092
G1 F1500 E6.5
G1 F1484.5 X62.093 Y55.233 E0.00399
G1 X61.999 Y55.252 E0.00193
G1 X61.819 Y55.177 E0.00393
G1 X61.747 Y55.001 E0.00383
G1 X61.765 Y54.901 E0.00205
G1 X61.901 Y54.765 E0.00388
G1 X62.095 Y54.765 E0.00391
G1 X62.177 Y54.819 E0.00198
G1 X62.252 Y54.999 E0.00393
G1 X62.232 Y55.092 E0.00192
G0 F7200 X62.093 Y55.233
G0 X62.092 Y55.233
G1 F1500 E-6.5
G0 F7200 X61.994 Y54.984
G0 X60.865 Y55.212
G0 X59.136 Y55.211
G0 X58.232 Y55.092
G1 F1500 E6.5
G1 F1484.5 X58.093 Y55.233 E0.00399
G1 X57.999 Y55.252 E0.00193
G1 X57.819 Y55.177 E0.00393
G1 X57.747 Y55.001 E0.00383
G1 X57.765 Y54.901 E0.00205
G1 X57.901 Y54.765 E0.00388
G1 X58.095 Y54.765 E0.00391
G1 X58.177 Y54.819 E0.00198
G1 X58.252 Y54.999 E0.00393
G1 X58.232 Y55.092 E0.00192
G0 F7200 X58.093 Y55.233
G0 X58.092 Y55.233
G1 F1500 E-6.5
G0 F7200 X57.994 Y54.984
G0 X56.865 Y55.212
G0 X53.136 Y55.211
G0 X52.232 Y55.092
G1 F1500 E6.5
G1 F1484.5 X52.093 Y55.233 E0.00399
G1 X51.999 Y55.252 E0.00193
G1 X51.819 Y55.177 E0.00393
G1 X51.747 Y55.001 E0.00383
G1 X51.765 Y54.901 E0.00205
G1 X51.901 Y54.765 E0.00388
G1 X52.095 Y54.765 E0.00391
G1 X52.177 Y54.819 E0.00198
G1 X52.252 Y54.999 E0.00393
G1 X52.232 Y55.092 E0.00192
G0 F7200 X52.093 Y55.233
G0 X52.092 Y55.233
G1 F1500 E-6.5
G0 F7200 X51.994 Y54.984
G0 X50.865 Y55.212
G0 X49.136 Y55.211
G0 X48.232 Y55.092
G1 F1500 E6.5
G1 F1484.5 X48.093 Y55.233 E0.00399
G1 X47.999 Y55.252 E0.00193
G1 X47.819 Y55.177 E0.00393
G1 X47.747 Y55.001 E0.00383
G1 X47.765 Y54.901 E0.00205
G1 X47.901 Y54.765 E0.00388
G1 X48.095 Y54.765 E0.00391
G1 X48.177 Y54.819 E0.00198
G1 X48.252 Y54.999 E0.00393
G1 X48.232 Y55.092 E0.00192
G0 F7200 X48.093 Y55.233
G0 X48.092 Y55.233
G1 F1500 E-6.5
G0 F7200 X47.994 Y54.984
G0 X46.865 Y55.212
G0 X43.136 Y55.211
G0 X42.232 Y55.092
G1 F1500 E6.5
G1 F1484.5 X42.093 Y55.233 E0.00399
G1 X41.999 Y55.252 E0.00193
G1 X41.819 Y55.177 E0.00393
G1 X41.747 Y55.001 E0.00383
G1 X41.765 Y54.901 E0.00205
G1 X41.901 Y54.765 E0.00388
G1 X42.095 Y54.765 E0.00391
G1 X42.177 Y54.819 E0.00198
G1 X42.252 Y54.999 E0.00393
G1 X42.232 Y55.092 E0.00192
G0 F7200 X42.093 Y55.233
G0 X42.092 Y55.233
G1 F1500 E-6.5
G0 F7200 X41.994 Y54.984
G0 X40.865 Y55.212
G0 X39.136 Y55.211
G0 X38.232 Y55.092
G1 F1500 E6.5
G1 F1484.5 X38.093 Y55.233 E0.00399
G1 X37.999 Y55.252 E0.00193
G1 X37.819 Y55.177 E0.00393
G1 X37.747 Y55.001 E0.00383
G1 X37.765 Y54.901 E0.00205
G1 X37.901 Y54.765 E0.00388
G1 X38.095 Y54.765 E0.00391
G1 X38.177 Y54.819 E0.00198
G1 X38.252 Y54.999 E0.00393
G1 X38.232 Y55.092 E0.00192
G0 F7200 X38.093 Y55.233
G0 X38.092 Y55.233
G1 F1500 E-6.5
G0 F7200 X37.994 Y54.984
G0 X38.258 Y56.126
G0 X38.044 Y57.335
G0 X43.425 Y58.925
;TYPE:WALL-INNER
G1 F1500 E6.5
G1 F4114.3 X43.425 Y58.575 E0.00509
G1 X36.575 Y58.575 E0.09968
G1 X36.575 Y58.925 E0.00509
G1 X43.425 Y58.925 E0.09968
G0 F7200 X43.8 Y59.3
;TYPE:WALL-OUTER
G1 F1800 X43.8 Y58.2 E0.01829
G1 X36.2 Y58.2 E0.12639
G1 X36.2 Y59.3 E0.01829
G1 X43.8 Y59.3 E0.12639
G0 F7200 X43.8 Y59.1
G1 F1500 E-6.5
G0 F7200 X43.52 Y59.02
G0 X44.665 Y58.925
G0 X53.425 Y58.925
;TYPE:WALL-INNER
G1 F1500 E6.5
G1 F4114.3 X53.425 Y58.575 E0.00509
G1 X46.575 Y58.575 E0.09968
G1 X46.575 Y58.925 E0.00509
G1 X53.425 Y58.925 E0.09968
G0 F7200 X53.8 Y59.3
;TYPE:WALL-OUTER
G1 F1800 X53.8 Y58.2 E0.01829
G1 X46.2 Y58.2 E0.12639
G1 X46.2 Y59.3 E0.01829
G1 X53.8 Y59.3 E0.12639
G0 F7200 X53.8 Y59.1
G1 F1500 E-6.5
G0 F7200 X53.52 Y59.02
G0 X54.665 Y58.925
G0 X63.425 Y58.925
;TYPE:WALL-INNER
G1 F1500 E6.5
G1 F4114.3 X63.425 Y58.575 E0.00509
G1 X56.575 Y58.575 E0.09968
G1 X56.575 Y58.925 E0.00509
G1 X63.425 Y58.925 E0.09968
G0 F7200 X63.8 Y59.3
;TYPE:WALL-OUTER
G1 F1800 X63.8 Y58.2 E0.01829
G1 X56.2 Y58.2 E0.12639
G1 X56.2 Y59.3 E0.01829
G1 X63.8 Y59.3 E0.12639
G0 F7200 X63.8 Y59.1
G1 F1500 E-6.5
;MESH:NONMESH
G0 F600 X63.8 Y59.1 Z2.9
G0 F7200 X63.52 Y59.02
G0 X56.424 Y58.424
G0 X55.335 Y58.424
G0 X54.653 Y57.347
G0 X51.551 Y56.087
G0 X38.957 Y45.648
G0 X38.232 Y45.092
;TIME_ELAPSED:848.637372
;LAYER:26
;TYPE:WALL-OUTER
;MESH:pin.stl
G1 F1500 E6.5
G1 F1484.5 X38.093 Y45.233 E0.00399
G1 X37.999 Y45.252 E0.00193
G1 X37.819 Y45.177 E0.00393
G1 X37.747 Y45.001 E0.00383
G1 X37.765 Y44.901 E0.00205
G1 X37.901 Y44.765 E0.00388
G1 X38.095 Y44.765 E0.00391
G1 X38.177 Y44.819 E0.00198
G1 X38.252 Y44.999 E0.00393
G1 X38.232 Y45.092 E0.00192
G0 F7200 X38.093 Y45.233
G0 X38.092 Y45.233
G1 F1500 E-6.5
G0 F7200 X37.994 Y44.984
G0 X39.135 Y44.788
G0 X40.82 Y44.989
G0 X42.225 Y44.996
G1 F1500 E6.5
G1 X42.124 Y45.199 E0.00452
G1 X41.964 Y45.248 E0.00334
G1 X41.804 Y45.185 E0.00343
G1 X41.724 Y45.033 E0.00343
G1 X41.724 Y44.948 E0.0017
G1 X41.823 Y44.793 E0.00367
G1 X41.975 Y44.746 E0.00318
G1 X42.18 Y44.845 E0.00454
G1 X42.225 Y44.996 E0.00314
G0 F7200 X42.137 Y45.174
G1 F1500 E-6.5
G0 F7200 X41.961 Y44.98
G0 X42.332 Y43.909
G0 X42.017 Y42.665
G0 X43.425 Y41.425
;TYPE:WALL-INNER
G1 F1500 E6.5
G1 F4114.3 X43.425 Y41.075 E0.00509
G1 X36.575 Y41.075 E0.09968
G1 X36.575 Y41.425 E0.00509
G1 X43.425 Y41.425 E0.09968
G0 F7200 X43.8 Y41.8
;TYPE:WALL-OUTER
G1 F1800 X43.8 Y40.7 E0.01829
G1 X36.2 Y40.7 E0.12639
G1 X36.2 Y41.8 E0.01829
G1 X43.8 Y41.8 E0.12639
G0 F7200 X43.8 Y41.6
G1 F1500 E-6.5
G0 F7200 X43.52 Y41.52
G0 X44.665 Y41.576
G0 X45.347 Y42.653
G0 X47.351 Y44.044
G0 X48.232 Y45.092
G1 F1500 E6.5
G1 F1484.5 X48.093 Y45.233 E0.00399
G1 X47.999 Y45.252 E0.00193
G1 X47.819 Y45.177 E0.00393
G1 X47.747 Y45.001 E0.00383
G1 X47.765 Y44.901 E0.00205
G1 X47.901 Y44.765 E0.00388
G1 X48.095 Y44.765 E0.00391
G1 X48.177 Y44.819 E0.00198
G1 X48.252 Y44.999 E0.00393
G1 X48.232 Y45.092 E0.00192
G0 F7200 X48.093 Y45.233
G0 X48.092 Y45.233
G1 F1500 E-6.5
G0 F7200 X47.994 Y44.984
G0 X49.135 Y44.788
G0 X50.82 Y44.989
G0 X52.225 Y44.996
G1 F1500 E6.5
G1 X52.124 Y45.199 E0.00452
G1 X51.964 Y45.248 E0.00334
G1 X51.804 Y45.185 E0.00343
G1 X51.724 Y45.033 E0.00343
G1 X51.724 Y44.948 E0.0017
G1 X51.823 Y44.793 E0.00367
G1 X51.975 Y44.746 E0.00318
G1 X52.18 Y44.845 E0.00454
G1 X52.225 Y44.996 E0.00314
G0 F7200 X52.137 Y45.174
G1 F1500 E-6.5
G0 F7200 X51.961 Y44.98
G0 X52.332 Y43.909
G0 X52.017 Y42.665
G0 X53.425 Y41.425
;TYPE:WALL-INNER
G1 F1500 E6.5
G1 F4114.3 X53.425 Y41.075 E0.00509
G1 X46.575 Y41.075 E0.09968
G1 X46.575 Y41.425 E0.00509
G1 X53.425 Y41.425 E0.09968
G0 F7200 X53.8 Y41.8
;TYPE:WALL-OUTER
G1 F1800 X53.8 Y40.7 E0.01829
G1 X46.2 Y40.7 E0.12639
G1 X46.2 Y41.8 E0.01829
G1 X53.8 Y41.8 E0.12639
G0 F7200 X53.8 Y41.6
G1 F1500 E-6.5
G0 F7200 X53.52 Y41.52
G0 X54.665 Y41.576
G0 X55.347 Y42.653
G0 X57.351 Y44.044
G0 X58.232 Y45.092
G1 F1500 E6.5
G1 F1484.5 X58.093 Y45.233 E0.00399
G1 X57.999 Y45.252 E0.00193
G1 X57.819 Y45.177 E0.00393
G1 X57.747 Y45.001 E0.00383
G1 X57.765 Y44.901 E0.00205
G1 X57.901 Y44.765 E0.00388
G1 X58.095 Y44.765 E0.00391
G1 X58.177 Y44.819 E0.00198
G1 X58.252 Y44.999 E0.00393
G1 X58.232 Y45.092 E0.00192
G0 F7200 X58.093 Y45.233
G0 X58.092 Y45.233
G1 F1500 E-6.5
G0 F7200 X57.994 Y44.984
G0 X59.135 Y44.788
G0 X60.82 Y44.989
G0 X62.225 Y44.996
G1 F1500 E6.5
G1 X62.124 Y45.199 E0.00452
G1 X61.964 Y45.248 E0.00334
G1 X61.804 Y45.185 E0.00343
G1 X61.724 Y45.033 E0.00343
G1 X61.724 Y44.948 E0.0017
G1 X61.823 Y44.793 E0.00367
G1 X61.975 Y44.746 E0.00318
G1 X62.18 Y44.845 E0.00454
G1 X62.225 Y44.996 E0.00314
G0 F7200 X62.137 Y45.174
G1 F1500 E-6.5
G0 F7200 X61.961 Y44.98
G0 X62.332 Y43.909
G0 X62.017 Y42.665
G0 X63.425 Y41.425
;TYPE:WALL-INNER
G1 F1500 E6.5
G1 F4114.3 X63.425 Y41.075 E0.00509
G1 X56.575 Y41.075 E0.09968
G1 X56.575 Y41.425 E0.00509
G1 X63.425 Y41.425 E0.09968
G0 F7200 X63.8 Y41.8
;TYPE:WALL-OUTER
G1 F1800 X63.8 Y40.7 E0.01829
G1 X56.2 Y40.7 E0.12639
G1 X56.2 Y41.8 E0.01829
G1 X63.8 Y41.8 E0.12639
G0 F7200 X63.8 Y41.6
G1 F1500 E-6.5
G0 F7200 X63.52 Y41.52
G0 X61.984 Y41.57
G0 X61.984 Y42.665
G0 X60.997 Y44.342
G0 X61.788 Y53.865
G0 X62.232 Y55.092
G1 F1500 E6.5
G1 F1484.5 X62.093 Y55.233 E0.00399
G1 X61.999 Y55.252 E0.00193
G1 X61.819 Y55.177 E0.00393
G1 X61.747 Y55.001 E0.00383
G1 X61.765 Y54.901 E0.00205
G1 X61.901 Y54.765 E0.00388
G1 X62.095 Y54.765 E0.00391
G1 X62.177 Y54.819 E0.00198
G1 X62.252 Y54.999 E0.00393
G1 X62.232 Y55.092 E0.00192
G0 F7200 X62.093 Y55.233
G0 X62.092 Y55.233
G1 F1500 E-6.5
G0 F7200 X61.994 Y54.984
G0 X60.865 Y55.212
G0 X59.136 Y55.211
G0 X58.232 Y55.092
G1 F1500 E6.5
G1 F1484.5 X58.093 Y55.233 E0.00399
G1 X57.999 Y55.252 E0.00193
G1 X57.819 Y55.177 E0.00393
G1 X57.747 Y55.001 E0.00383
G1 X57.765 Y54.901 E0.00205
G1 X57.901 Y54.765 E0.00388
G1 X58.095 Y54.765 E0.00391
G1 X58.177 Y54.819 E0.00198
G1 X58.252 Y54.999 E0.00393
G1 X58.232 Y55.092 E0.00192
G0 F7200 X58.093 Y55.233
G0 X58.092 Y55.233
G1 F1500 E-6.5
G0 F7200 X57.994 Y54.984
G0 X56.865 Y55.212
G0 X53.136 Y55.211
G0 X52.232 Y55.092
G1 F1500 E6.5
G1 F1484.5 X52.093 Y55.233 E0.00399
G1 X51.999 Y55.252 E0.00193
G1 X51.819 Y55.177 E0.00393
G1 X51.747 Y55.001 E0.00383
G1 X51.765 Y54.901 E0.00205
G1 X51.901 Y54.765 E0.00388
G1 X52.095 Y54.765 E0.00391
G1 X52.177 Y54.819 E0.00198
G1 X52.252 Y54.999 E0.00393
G1 X52.232 Y55.092 E0.00192
G0 F7200 X52.093 Y55.233
G0 X52.092 Y55.233
G1 F1500 E-6.5
G0 F7200 X51.994 Y54.984
G0 X50.865 Y55.212
G0 X49.136 Y55.211
G0 X48.232 Y55.092
G1 F1500 E6.5
G1 F1484.5 X48.093 Y55.233 E0.00399
G1 X47.999 Y55.252 E0.00193
G1 X47.819 Y55.177 E0.00393
G1 X47.747 Y55.001 E0.00383
G1 X47.765 Y54.901 E0.00205
G1 X47.901 Y54.765 E0.00388
G1 X48.095 Y54.765 E0.00391
G1 X48.177 Y54.819 E0.00198
G1 X48.252 Y54.999 E0.00393
G1 X48.232 Y55.092 E0.00192
G0 F7200 X48.093 Y55.233
G0 X48.092 Y55.233
G1 F1500 E-6.5
G0 F7200 X47.994 Y54.984
G0 X46.865 Y55.212
G0 X43.136 Y55.211
G0 X42.232 Y55.092
G1 F1500 E6.5
G1 F1484.5 X42.093 Y55.233 E0.00399
G1 X41.999 Y55.252 E0.00193
G1 X41.819 Y55.177 E0.00393
G1 X41.747 Y55.001 E0.00383
G1 X41.765 Y54.901 E0.00205
G1 X41.901 Y54.765 E0.00388
G1 X42.095 Y54.765 E0.00391
G1 X42.177 Y54.819 E0.00198
G1 X42.252 Y54.999 E0.00393
G1 X42.232 Y55.092 E0.00192
G0 F7200 X42.093 Y55.233
G0 X42.092 Y55.233
G1 F1500 E-6.5
G0 F7200 X41.994 Y54.984
G0 X40.865 Y55.212
G0 X39.136 Y55.211
G0 X38.232 Y55.092
G1 F1500 E6.5
G1 F1484.5 X38.093 Y55.233 E0.00399
G1 X37.999 Y55.252 E0.00193
G1 X37.819 Y55.177 E0.00393
G1 X37.747 Y55.001 E0.00383
G1 X37.765 Y54.901 E0.00205
G1 X37.901 Y54.765 E0.00388
G1 X38.095 Y54.765 E0.00391
G1 X38.177 Y54.819 E0.00198
G1 X38.252 Y54.999 E0.00393
G1 X38.232 Y55.092 E0.00192
G0 F7200 X38.093 Y55.233
G0 X38.092 Y55.233
G1 F1500 E-6.5
G0 F7200 X37.994 Y54.984
G0 X38.258 Y56.126
G0 X38.044 Y57.335
G0 X43.425 Y58.925
;TYPE:WALL-INNER
G1 F1500 E6.5
G1 F4114.3 X43.425 Y58.575 E0.00509
G1 X36.575 Y58.575 E0.09968
G1 X36.575 Y58.925 E0.00509
G1 X43.425 Y58.925 E0.09968
G0 F7200 X43.8 Y59.3
;TYPE:WALL-OUTER
G1 F1800 X43.8 Y58.2 E0.01829
G1 X36.2 Y58.2 E0.12639
G1 X36.2 Y59.3 E0.01829
G1 X43.8 Y59.3 E0.12639
G0 F7200 X43.8 Y59.1
G1 F1500 E-6.5
G0 F7200 X43.52 Y59.02
G0 X44.665 Y58.925
G0 X53.425 Y58.925
;TYPE:WALL-INNER
G1 F1500 E6.5
G1 F4114.3 X53.425 Y58.575 E0.00509
G1 X46.575 Y58.575 E0.09968
G1 X46.575 Y58.925 E0.00509
G1 X53.425 Y58.925 E0.09968
G0 F7200 X53.8 Y59.3
;TYPE:WALL-OUTER
G1 F1800 X53.8 Y58.2 E0.01829
G1 X46.2 Y58.2 E0.12639
G1 X46.2 Y59.3 E0.01829
G1 X53.8 Y59.3 E0.12639
G0 F7200 X53.8 Y59.1
G1 F1500 E-6.5
G0 F7200 X53.52 Y59.02
G0 X54.665 Y58.925
G0 X63.425 Y58.925
;TYPE:WALL-INNER
G1 F1500 E6.5
G1 F4114.3 X63.425 Y58.575 E0.00509
G1 X56.575 Y58.575 E0.09968
G1 X56.575 Y58.925 E0.00509
G1 X63.425 Y58.925 E0.09968
G0 F7200 X63.8 Y59.3
;TYPE:WALL-OUTER
G1 F1800 X63.8 Y58.2 E0.01829
G1 X56.2 Y58.2 E0.12639
G1 X56.2 Y59.3 E0.01829
G1 X63.8 Y59.3 E0.12639
G0 F7200 X63.8 Y59.1
G1 F1500 E-6.5
;MESH:NONMESH
G0 F600 X63.8 Y59.1 Z3
G0 F7200 X63.52 Y59.02
G0 X56.424 Y58.424
G0 X55.335 Y58.424
G0 X54.653 Y57.347
G0 X51.551 Y56.087
G0 X38.957 Y45.648
G0 X38.049 Y45.243
;TIME_ELAPSED:866.205400
;LAYER:27
;TYPE:WALL-OUTER
;MESH:pin.stl
G1 F1500 E6.5
G1 F1512.6 X37.826 Y45.189 E0.00454
G1 X37.753 Y45.049 E0.00312
G1 X37.77 Y44.884 E0.00328
G1 X37.947 Y44.753 E0.00436
G1 X38.112 Y44.77 E0.00328
G1 X38.243 Y44.947 E0.00436
G1 X38.189 Y45.17 E0.00454
G1 X38.049 Y45.243 E0.00312
G0 F7200 X37.855 Y45.196
G1 F1500 E-6.5
G0 F7200 X38.011 Y44.981
G0 X39.138 Y45.098
G0 X40.82 Y44.987
G0 X42.227 Y45.001
G1 F1500 E6.5
G1 F1515.8 X42.183 Y45.144 E0.00295
G1 X42.035 Y45.242 E0.00351
G1 X41.866 Y45.225 E0.00335
G1 X41.721 Y45.032 E0.00477
G1 X41.721 Y44.947 E0.00168
G1 X41.821 Y44.791 E0.00366
G1 X41.982 Y44.743 E0.00332
G1 X42.181 Y44.841 E0.00438
G1 X42.227 Y45.001 E0.00329
G0 F7200 X42.183 Y45.144
G0 X42.142 Y45.171
G1 F1500 E-6.5
G0 F7200 X41.957 Y44.985
G0 X42.342 Y43.911
G0 X42.015 Y42.665
G0 X43.425 Y41.425
;TYPE:WALL-INNER
G1 F1500 E6.5
G1 F4114.3 X43.425 Y41.075 E0.00509
G1 X36.575 Y41.075 E0.09968
G1 X36.575 Y41.425 E0.00509
G1 X43.425 Y41.425 E0.09968
G0 F7200 X43.8 Y41.8
;TYPE:WALL-OUTER
G1 F1800 X43.8 Y40.7 E0.01829
G1 X36.2 Y40.7 E0.12639
G1 X36.2 Y41.8 E0.01829
G1 X43.8 Y41.8 E0.12639
G0 F7200 X43.8 Y41.6
G1 F1500 E-6.5
G0 F7200 X43.52 Y41.52
G0 X44.665 Y41.576
G0 X45.347 Y42.653
G0 X47.442 Y44.002
G0 X48.049 Y45.243
G1 F1500 E6.5
G1 F1512.6 X47.826 Y45.189 E0.00454
G1 X47.753 Y45.049 E0.00312
G1 X47.77 Y44.884 E0.00328
G1 X47.947 Y44.753 E0.00436
G1 X48.112 Y44.77 E0.00328
G1 X48.243 Y44.947 E0.00436
G1 X48.189 Y45.17 E0.00454
G1 X48.049 Y45.243 E0.00312
G0 F7200 X47.855 Y45.196
G1 F1500 E-6.5
G0 F7200 X48.011 Y44.981
G0 X49.138 Y45.098
G0 X50.82 Y44.989
G0 X52.227 Y45.001
G1 F1500 E6.5
G1 F1515.8 X52.183 Y45.144 E0.00295
G1 X52.035 Y45.242 E0.00351
G1 X51.866 Y45.225 E0.00335
G1 X51.721 Y45.032 E0.00477
G1 X51.721 Y44.947 E0.00168
G1 X51.821 Y44.791 E0.00366
G1 X51.982 Y44.743 E0.00332
G1 X52.181 Y44.841 E0.00438
G1 X52.227 Y45.001 E0.00329
G0 F7200 X52.183 Y45.144
G0 X52.142 Y45.171
G1 F1500 E-6.5
G0 F7200 X51.957 Y44.985
G0 X52.342 Y43.911
G0 X52.015 Y42.665
G0 X53.425 Y41.425
;TYPE:WALL-INNER
G1 F1500 E6.5
G1 F4114.3 X53.425 Y41.075 E0.00509
G1 X46.575 Y41.075 E0.09968
G1 X46.575 Y41.425 E0.00509
G1 X53.425 Y41.425 E0.09968
G0 F7200 X53.8 Y41.8
;TYPE:WALL-OUTER
G1 F1800 X53.8 Y40.7 E0.01829
G1 X46.2 Y40.7 E0.12639
G1 X46.2 Y41.8 E0.01829
G1 X53.8 Y41.8 E0.12639
G0 F7200 X53.8 Y41.6
G1 F1500 E-6.5
G0 F7200 X53.52 Y41.52
G0 X54.665 Y41.576
G0 X55.347 Y42.653
G0 X57.442 Y44.002
G0 X58.049 Y45.243
G1 F1500 E6.5
G1 F1512.6 X57.826 Y45.189 E0.00454
G1 X57.753 Y45.049 E0.00312
G1 X57.77 Y44.884 E0.00328
G1 X57.947 Y44.753 E0.00436
G1 X58.112 Y44.77 E0.00328
G1 X58.243 Y44.947 E0.00436
G1 X58.189 Y45.17 E0.00454
G1 X58.049 Y45.243 E0.00312
G0 F7200 X57.855 Y45.196
G1 F1500 E-6.5
G0 F7200 X58.011 Y44.981
G0 X59.138 Y45.098
G0 X60.82 Y44.989
G0 X62.227 Y45.001
G1 F1500 E6.5
G1 F1515.8 X62.183 Y45.144 E0.00295
G1 X62.035 Y45.242 E0.00351
G1 X61.866 Y45.225 E0.00335
G1 X61.721 Y45.032 E0.00477
G1 X61.721 Y44.947 E0.00168
G1 X61.821 Y44.791 E0.00366
G1 X61.982 Y44.743 E0.00332
G1 X62.181 Y44.841 E0.00438
G1 X62.227 Y45.001 E0.00329
G0 F7200 X62.183 Y45.144
G0 X62.142 Y45.171
G1 F1500 E-6.5
G0 F7200 X61.957 Y44.985
G0 X62.342 Y43.911
G0 X62.015 Y42.665
G0 X63.425 Y41.425
;TYPE:WALL-INNER
G1 F1500 E6.5
G1 F4114.3 X63.425 Y41.075 E0.00509
G1 X56.575 Y41.075 E0.09968
G1 X56.575 Y41.425 E0.00509
G1 X63.425 Y41.425 E0.09968
G0 F7200 X63.8 Y41.8
;TYPE:WALL-OUTER
G1 F1800 X63.8 Y40.7 E0.01829
G1 X56.2 Y40.7 E0.12639
G1 X56.2 Y41.8 E0.01829
G1 X63.8 Y41.8 E0.12639
G0 F7200 X63.8 Y41.6
G1 F1500 E-6.5
G0 F7200 X63.52 Y41.52
G0 X61.998 Y41.57
G0 X61.998 Y42.665
G0 X62.981 Y44.369
G0 X62.098 Y53.862
G0 X62.049 Y55.243
G1 F1500 E6.5
G1 F1512.6 X61.826 Y55.189 E0.00454
G1 X61.753 Y55.049 E0.00312
G1 X61.77 Y54.884 E0.00328
G1 X61.947 Y54.753 E0.00436
G1 X62.112 Y54.77 E0.00328
G1 X62.243 Y54.947 E0.00436
G1 X62.189 Y55.17 E0.00454
G1 X62.049 Y55.243 E0.00312
G0 F7200 X61.855 Y55.196
G1 F1500 E-6.5
G0 F7200 X62.011 Y54.981
G0 X60.862 Y54.902
G0 X59.138 Y55.098
G0 X58.049 Y55.243
G1 F1500 E6.5
G1 F1512.6 X57.826 Y55.189 E0.00454
G1 X57.753 Y55.049 E0.00312
G1 X57.77 Y54.884 E0.00328
G1 X57.947 Y54.753 E0.00436
G1 X58.112 Y54.77 E0.00328
G1 X58.243 Y54.947 E0.00436
G1 X58.189 Y55.17 E0.00454
G1 X58.049 Y55.243 E0.00312
G0 F7200 X57.855 Y55.196
G1 F1500 E-6.5
G0 F7200 X58.011 Y54.981
G0 X56.862 Y54.902
G0 X53.138 Y55.098
G0 X52.049 Y55.243
G1 F1500 E6.5
G1 F1512.6 X51.826 Y55.189 E0.00454
G1 X51.753 Y55.049 E0.00312
G1 X51.77 Y54.884 E0.00328
G1 X51.947 Y54.753 E0.00436
G1 X52.112 Y54.77 E0.00328
G1 X52.243 Y54.947 E0.00436
G1 X52.189 Y55.17 E0.00454
G1 X52.049 Y55.243 E0.00312
G0 F7200 X51.855 Y55.196
G1 F1500 E-6.5
G0 F7200 X52.011 Y54.981
G0 X50.862 Y54.902
G0 X49.138 Y55.098
G0 X48.049 Y55.243
G1 F1500 E6.5
G1 F1512.6 X47.826 Y55.189 E0.00454
G1 X47.753 Y55.049 E0.00312
G1 X47.77 Y54.884 E0.00328
G1 X47.947 Y54.753 E0.00436
G1 X48.112 Y54.77 E0.00328
G1 X48.243 Y54.947 E0.00436
G1 X48.189 Y55.17 E0.00454
G1 X48.049 Y55.243 E0.00312
G0 F7200 X47.855 Y55.196
G1 F1500 E-6.5
G0 F7200 X48.011 Y54.981
G0 X46.862 Y54.902
G0 X43.138 Y55.098
G0 X42.049 Y55.243
G1 F1500 E6.5
G1 F1512.6 X41.826 Y55.189 E0.00454
G1 X41.753 Y55.049 E0.00312
G1 X41.77 Y54.884 E0.00328
G1 X41.947 Y54.753 E0.00436
G1 X42.112 Y54.77 E0.00328
G1 X42.243 Y54.947 E0.00436
G1 X42.189 Y55.17 E0.00454
G1 X42.049 Y55.243 E0.00312
G0 F7200 X41.855 Y55.196
G1 F1500 E-6.5
G0 F7200 X42.011 Y54.981
G0 X40.862 Y54.902
G0 X39.138 Y55.098
G0 X38.049 Y55.243
G1 F1500 E6.5
G1 F1512.6 X37.826 Y55.189 E0.00454
G1 X37.753 Y55.049 E0.00312
G1 X37.77 Y54.884 E0.00328
G1 X37.947 Y54.753 E0.00436
G1 X38.112 Y54.77 E0.00328
G1 X38.243 Y54.947 E0.00436
G1 X38.189 Y55.17 E0.00454
G1 X38.049 Y55.243 E0.00312
G0 F7200 X37.855 Y55.196
G1 F1500 E-6.5
G0 F7200 X38.011 Y54.981
G0 X37.934 Y56.141
G0 X38.047 Y57.335
G0 X43.425 Y58.925
;TYPE:WALL-INNER
G1 F1500 E6.5
G1 F4114.3 X43.425 Y58.575 E0.00509
G1 X36.575 Y58.575 E0.09968
G1 X36.575 Y58.925 E0.00509
G1 X43.425 Y58.925 E0.09968
G0 F7200 X43.8 Y59.3
;TYPE:WALL-OUTER
G1 F1800 X43.8 Y58.2 E0.01829
G1 X36.2 Y58.2 E0.12639
G1 X36.2 Y59.3 E0.01829
G1 X43.8 Y59.3 E0.12639
G0 F7200 X43.8 Y59.1
G1 F1500 E-6.5
G0 F7200 X43.52 Y59.02
G0 X44.665 Y58.925
G0 X53.425 Y58.925
;TYPE:WALL-INNER
G1 F1500 E6.5
G1 F4114.3 X53.425 Y58.575 E0.00509
G1 X46.575 Y58.575 E0.09968
G1 X46.575 Y58.925 E0.00509
G1 X53.425 Y58.925 E0.09968
G0 F7200 X53.8 Y59.3
;TYPE:WALL-OUTER
G1 F1800 X53.8 Y58.2 E0.01829
G1 X46.2 Y58.2 E0.12639
G1 X46.2 Y59.3 E0.01829
G1 X53.8 Y59.3 E0.12639
G0 F7200 X53.8 Y59.1
G1 F1500 E-6.5
G0 F7200 X53.52 Y59.02
G0 X54.665 Y58.925
G0 X63.425 Y58.925
;TYPE:WALL-INNER
G1 F1500 E6.5
G1 F4114.3 X63.425 Y58.575 E0.00509
G1 X56.575 Y58.575 E0.09968
G1 X56.575 Y58.925 E0.00509
G1 X63.425 Y58.925 E0.09968
G0 F7200 X63.8 Y59.3
;TYPE:WALL-OUTER
G1 F1800 X63.8 Y58.2 E0.01829
G1 X56.2 Y58.2 E0.12639
G1 X56.2 Y59.3 E0.01829
G1 X63.8 Y59.3 E0.12639
G0 F7200 X63.8 Y59.1
G1 F1500 E-6.5
;MESH:NONMESH
G0 F600 X63.8 Y59.1 Z3.1
G0 F7200 X63.52 Y59.02
G0 X56.424 Y58.424
G0 X56.424 Y57.335
G0 X43.576 Y42.665
G0 X43.425 Y41.425
;TIME_ELAPSED:883.769978
;LAYER:28
;TYPE:WALL-INNER
;MESH:pin.stl
G1 F1500 E6.5
G1 F4114.3 X43.425 Y41.075 E0.00509
G1 X36.575 Y41.075 E0.09968
G1 X36.575 Y41.425 E0.00509
G1 X43.425 Y41.425 E0.09968
G0 F7200 X43.8 Y41.8
;TYPE:WALL-OUTER
G1 F1800 X43.8 Y40.7 E0.01829
G1 X36.2 Y40.7 E0.12639
G1 X36.2 Y41.8 E0.01829
G1 X43.8 Y41.8 E0.12639
G0 F7200 X43.8 Y41.6
G1 F1500 E-6.5
G0 F7200 X43.52 Y41.52
G0 X41.948 Y41.57
G0 X41.948 Y42.665
G0 X41.663 Y43.897
G0 X42.226 Y44.996
G1 F1500 E6.5
G1 F1503.1 X42.18 Y45.144 E0.00309
G1 X41.964 Y45.249 E0.00478
G1 X41.804 Y45.186 E0.00342
G1 X41.723 Y45.03 E0.0035
G1 X41.723 Y44.948 E0.00163
G1 X41.823 Y44.792 E0.00369
G1 X41.975 Y44.746 E0.00316
G1 X42.181 Y44.844 E0.00454
G1 X42.226 Y44.996 E0.00316
G0 F7200 X42.18 Y45.144
G0 X42.14 Y45.163
G1 F1500 E-6.5
G0 F7200 X41.962 Y44.98
G0 X43.075 Y44.683
G0 X50.82 Y44.986
G0 X52.226 Y44.996
G1 F1500 E6.5
G1 F1503.1 X52.18 Y45.144 E0.00309
G1 X51.964 Y45.249 E0.00478
G1 X51.804 Y45.186 E0.00342
G1 X51.723 Y45.03 E0.0035
G1 X51.723 Y44.948 E0.00163
G1 X51.823 Y44.792 E0.00369
G1 X51.975 Y44.746 E0.00316
G1 X52.181 Y44.844 E0.00454
G1 X52.226 Y44.996 E0.00316
G0 F7200 X52.18 Y45.144
G0 X52.14 Y45.163
G1 F1500 E-6.5
G0 F7200 X51.962 Y44.98
G0 X52.332 Y43.909
G0 X52.016 Y42.665
G0 X53.425 Y41.425
;TYPE:WALL-INNER
G1 F1500 E6.5
G1 F4114.3 X53.425 Y41.075 E0.00509
G1 X46.575 Y41.075 E0.09968
G1 X46.575 Y41.425 E0.00509
G1 X53.425 Y41.425 E0.09968
G0 F7200 X53.8 Y41.8
;TYPE:WALL-OUTER
G1 F1800 X53.8 Y40.7 E0.01829
G1 X46.2 Y40.7 E0.12639
G1 X46.2 Y41.8 E0.01829
G1 X53.8 Y41.8 E0.12639
G0 F7200 X53.8 Y41.6
G1 F1500 E-6.5
G0 F7200 X53.52 Y41.52
G0 X54.665 Y41.576
G0 X55.347 Y42.653
G0 X60.905 Y44.563
G0 X62.226 Y44.996
G1 F1500 E6.5
G1 F1503.1 X62.18 Y45.144 E0.00309
G1 X61.964 Y45.249 E0.00478
G1 X61.804 Y45.186 E0.00342
G1 X61.723 Y45.03 E0.0035
G1 X61.723 Y44.948 E0.00163
G1 X61.823 Y44.792 E0.00369
G1 X61.975 Y44.746 E0.00316
G1 X62.181 Y44.844 E0.00454
G1 X62.226 Y44.996 E0.00316
G0 F7200 X62.18 Y45.144
G0 X62.14 Y45.163
G1 F1500 E-6.5
G0 F7200 X61.962 Y44.98
G0 X62.332 Y43.909
G0 X62.016 Y42.665
G0 X63.425 Y41.425
;TYPE:WALL-INNER
G1 F1500 E6.5
G1 F4114.3 X63.425 Y41.075 E0.00509
G1 X56.575 Y41.075 E0.09968
G1 X56.575 Y41.425 E0.00509
G1 X63.425 Y41.425 E0.09968
G0 F7200 X63.8 Y41.8
;TYPE:WALL-OUTER
G1 F1800 X63.8 Y40.7 E0.01829
G1 X56.2 Y40.7 E0.12639
G1 X56.2 Y41.8 E0.01829
G1 X63.8 Y41.8 E0.12639
G0 F7200 X63.8 Y41.6
G1 F1500 E-6.5
G0 F7200 X63.52 Y41.52
G0 X63.425 Y42.665
G0 X63.425 Y57.335
G0 X63.425 Y58.925
;TYPE:WALL-INNER
G1 F1500 E6.5
G1 F4114.3 X63.425 Y58.575 E0.00509
G1 X56.575 Y58.575 E0.09968
G1 X56.575 Y58.925 E0.00509
G1 X63.425 Y58.925 E0.09968
G0 F7200 X63.8 Y59.3
;TYPE:WALL-OUTER
G1 F1800 X63.8 Y58.2 E0.01829
G1 X56.2 Y58.2 E0.12639
G1 X56.2 Y59.3 E0.01829
G1 X63.8 Y59.3 E0.12639
G0 F7200 X63.8 Y59.1
G1 F1500 E-6.5
G0 F7200 X63.52 Y59.02
G0 X56.43 Y58.925
G0 X55.335 Y58.925
G0 X53.425 Y58.925
;TYPE:WALL-INNER
G1 F1500 E6.5
G1 F4114.3 X53.425 Y58.575 E0.00509
G1 X46.575 Y58.575 E0.09968
G1 X46.575 Y58.925 E0.00509
G1 X53.425 Y58.925 E0.09968
G0 F7200 X53.8 Y59.3
;TYPE:WALL-OUTER
G1 F1800 X53.8 Y58.2 E0.01829
G1 X46.2 Y58.2 E0.12639
G1 X46.2 Y59.3 E0.01829
G1 X53.8 Y59.3 E0.12639
G0 F7200 X53.8 Y59.1
G1 F1500 E-6.5
G0 F7200 X53.52 Y59.02
G0 X46.43 Y58.925
G0 X45.335 Y58.925
G0 X43.425 Y58.925
;TYPE:WALL-INNER
G1 F1500 E6.5
G1 F4114.3 X43.425 Y58.575 E0.00509
G1 X36.575 Y58.575 E0.09968
G1 X36.575 Y58.925 E0.00509
G1 X43.425 Y58.925 E0.09968
G0 F7200 X43.8 Y59.3
;TYPE:WALL-OUTER
G1 F1800 X43.8 Y58.2 E0.01829
G1 X36.2 Y58.2 E0.12639
G1 X36.2 Y59.3 E0.01829
G1 X43.8 Y59.3 E0.12639
G0 F7200 X43.8 Y59.1
G1 F1500 E-6.5
;MESH:NONMESH
G0 F600 X43.8 Y59.1 Z3.2
G0 F7200 X43.52 Y59.02
G0 X43.425 Y57.335
G0 X43.425 Y42.665
G0 X43.425 Y41.425
;TIME_ELAPSED:895.086114
;LAYER:29
;TYPE:WALL-INNER
;MESH:pin.stl
G1 F1500 E6.5
G1 F4114.3 X43.425 Y41.075 E0.00509
G1 X36.575 Y41.075 E0.09968
G1 X36.575 Y41.425 E0.00509
G1 X43.425 Y41.425 E0.09968
G0 F7200 X43.8 Y41.8
;TYPE:WALL-OUTER
G1 F1800 X43.8 Y40.7 E0.01829
G1 X36.2 Y40.7 E0.12639
G1 X36.2 Y41.8 E0.01829
G1 X43.8 Y41.8 E0.12639
G0 F7200 X43.8 Y41.6
G1 F1500 E-6.5
G0 F7200 X43.52 Y41.52
G0 X44.665 Y41.425
G0 X53.425 Y41.425
;TYPE:WALL-INNER
G1 F1500 E6.5
G1 F4114.3 X53.425 Y41.075 E0.00509
G1 X46.575 Y41.075 E0.09968
G1 X46.575 Y41.425 E0.00509
G1 X53.425 Y41.425 E0.09968
G0 F7200 X53.8 Y41.8
;TYPE:WALL-OUTER
G1 F1800 X53.8 Y40.7 E0.01829
G1 X46.2 Y40.7 E0.12639
G1 X46.2 Y41.8 E0.01829
G1 X53.8 Y41.8 E0.12639
G0 F7200 X53.8 Y41.6
G1 F1500 E-6.5
G0 F7200 X53.52 Y41.52
G0 X54.665 Y41.425
G0 X63.425 Y41.425
;TYPE:WALL-INNER
G1 F1500 E6.5
G1 F4114.3 X63.425 Y41.075 E0.00509
G1 X56.575 Y41.075 E0.09968
G1 X56.575 Y41.425 E0.00509
G1 X63.425 Y41.425 E0.09968
G0 F7200 X63.8 Y41.8
;TYPE:WALL-OUTER
G1 F1800 X63.8 Y40.7 E0.01829
G1 X56.2 Y40.7 E0.12639
G1 X56.2 Y41.8 E0.01829
G1 X63.8 Y41.8 E0.12639
G0 F7200 X63.8 Y41.6
G1 F1500 E-6.5
G0 F7200 X63.52 Y41.52
G0 X63.425 Y42.665
G0 X63.425 Y57.335
G0 X63.425 Y58.925
;TYPE:WALL-INNER
G1 F1500 E6.5
G1 F4114.3 X63.425 Y58.575 E0.00509
G1 X56.575 Y58.575 E0.09968
G1 X56.575 Y58.925 E0.00509
G1 X63.425 Y58.925 E0.09968
G0 F7200 X63.8 Y59.3
;TYPE:WALL-OUTER
G1 F1800 X63.8 Y58.2 E0.01829
G1 X56.2 Y58.2 E0.12639
G1 X56.2 Y59.3 E0.01829
G1 X63.8 Y59.3 E0.12639
G0 F7200 X63.8 Y59.1
G1 F1500 E-6.5
G0 F7200 X63.52 Y59.02
G0 X56.43 Y58.925
G0 X55.335 Y58.925
G0 X53.425 Y58.925
;TYPE:WALL-INNER
G1 F1500 E6.5
G1 F4114.3 X53.425 Y58.575 E0.00509
G1 X46.575 Y58.575 E0.09968
G1 X46.575 Y58.925 E0.00509
G1 X53.425 Y58.925 E0.09968
G0 F7200 X53.8 Y59.3
;TYPE:WALL-OUTER
G1 F1800 X53.8 Y58.2 E0.01829
G1 X46.2 Y58.2 E0.12639
G1 X46.2 Y59.3 E0.01829
G1 X53.8 Y59.3 E0.12639
G0 F7200 X53.8 Y59.1
G1 F1500 E-6.5
G0 F7200 X53.52 Y59.02
G0 X46.43 Y58.925
G0 X45.335 Y58.925
G0 X43.425 Y58.925
;TYPE:WALL-INNER
G1 F1500 E6.5
G1 F4114.3 X43.425 Y58.575 E0.00509
G1 X36.575 Y58.575 E0.09968
G1 X36.575 Y58.925 E0.00509
G1 X43.425 Y58.925 E0.09968
G0 F7200 X43.8 Y59.3
;TYPE:WALL-OUTER
G1 F1800 X43.8 Y58.2 E0.01829
G1 X36.2 Y58.2 E0.12639
G1 X36.2 Y59.3 E0.01829
G1 X43.8 Y59.3 E0.12639
G0 F7200 X43.8 Y59.1
G1 F1500 E-6.5
;MESH:NONMESH
G0 F600 X43.8 Y59.1 Z3.3
G0 F7200 X43.52 Y59.02
G0 X43.425 Y57.335
G0 X43.425 Y42.665
G0 X43.425 Y41.425
;TIME_ELAPSED:904.278584
;LAYER:30
;TYPE:WALL-INNER
;MESH:pin.stl
G1 F1500 E6.5
G1 F4114.3 X43.425 Y41.075 E0.00509
G1 X36.575 Y41.075 E0.09968
G1 X36.575 Y41.425 E0.00509
G1 X43.425 Y41.425 E0.09968
G0 F7200 X43.8 Y41.8
;TYPE:WALL-OUTER
G1 F1800 X43.8 Y40.7 E0.01829
G1 X36.2 Y40.7 E0.12639
G1 X36.2 Y41.8 E0.01829
G1 X43.8 Y41.8 E0.12639
G0 F7200 X43.8 Y41.6
G1 F1500 E-6.5
G0 F7200 X43.52 Y41.52
G0 X44.665 Y41.425
G0 X53.425 Y41.425
;TYPE:WALL-INNER
G1 F1500 E6.5
G1 F4114.3 X53.425 Y41.075 E0.00509
G1 X46.575 Y41.075 E0.09968
G1 X46.575 Y41.425 E0.00509
G1 X53.425 Y41.425 E0.09968
G0 F7200 X53.8 Y41.8
;TYPE:WALL-OUTER
G1 F1800 X53.8 Y40.7 E0.01829
G1 X46.2 Y40.7 E0.12639
G1 X46.2 Y41.8 E0.01829
G1 X53.8 Y41.8 E0.12639
G0 F7200 X53.8 Y41.6
G1 F1500 E-6.5
G0 F7200 X53.52 Y41.52
G0 X54.665 Y41.425
G0 X63.425 Y41.425
;TYPE:WALL-INNER
G1 F1500 E6.5
G1 F4114.3 X63.425 Y41.075 E0.00509
G1 X56.575 Y41.075 E0.09968
G1 X56.575 Y41.425 E0.00509
G1 X63.425 Y41.425 E0.09968
G0 F7200 X63.8 Y41.8
;TYPE:WALL-OUTER
G1 F1800 X63.8 Y40.7 E0.01829
G1 X56.2 Y40.7 E0.12639
G1 X56.2 Y41.8 E0.01829
G1 X63.8 Y41.8 E0.12639
G0 F7200 X63.8 Y41.6
G1 F1500 E-6.5
G0 F7200 X63.52 Y41.52
G0 X63.425 Y42.665
G0 X63.425 Y57.335
G0 X63.425 Y58.925
;TYPE:WALL-INNER
G1 F1500 E6.5
G1 F4114.3 X63.425 Y58.575 E0.00509
G1 X56.575 Y58.575 E0.09968
G1 X56.575 Y58.925 E0.00509
G1 X63.425 Y58.925 E0.09968
G0 F7200 X63.8 Y59.3
;TYPE:WALL-OUTER
G1 F1800 X63.8 Y58.2 E0.01829
G1 X56.2 Y58.2 E0.12639
G1 X56.2 Y59.3 E0.01829
G1 X63.8 Y59.3 E0.12639
G0 F7200 X63.8 Y59.1
G1 F1500 E-6.5
G0 F7200 X63.52 Y59.02
G0 X56.43 Y58.925
G0 X55.335 Y58.925
G0 X53.425 Y58.925
;TYPE:WALL-INNER
G1 F1500 E6.5
G1 F4114.3 X53.425 Y58.575 E0.00509
G1 X46.575 Y58.575 E0.09968
G1 X46.575 Y58.925 E0.00509
G1 X53.425 Y58.925 E0.09968
G0 F7200 X53.8 Y59.3
;TYPE:WALL-OUTER
G1 F1800 X53.8 Y58.2 E0.01829
G1 X46.2 Y58.2 E0.12639
G1 X46.2 Y59.3 E0.01829
G1 X53.8 Y59.3 E0.12639
G0 F7200 X53.8 Y59.1
G1 F1500 E-6.5
G0 F7200 X53.52 Y59.02
G0 X46.43 Y58.925
G0 X45.335 Y58.925
G0 X43.425 Y58.925
;TYPE:WALL-INNER
G1 F1500 E6.5
G1 F4114.3 X43.425 Y58.575 E0.00509
G1 X36.575 Y58.575 E0.09968
G1 X36.575 Y58.925 E0.00509
G1 X43.425 Y58.925 E0.09968
G0 F7200 X43.8 Y59.3
;TYPE:WALL-OUTER
G1 F1800 X43.8 Y58.2 E0.01829
G1 X36.2 Y58.2 E0.12639
G1 X36.2 Y59.3 E0.01829
G1 X43.8 Y59.3 E0.12639
G0 F7200 X43.8 Y59.1
G1 F1500 E-6.5
;MESH:NONMESH
G0 F600 X43.8 Y59.1 Z3.4
G0 F7200 X43.52 Y59.02
G0 X43.425 Y57.335
G0 X43.425 Y42.665
G0 X43.425 Y41.425
;TIME_ELAPSED:913.471054
;LAYER:31
;TYPE:WALL-INNER
;MESH:pin.stl
G1 F1500 E6.5
G1 F4114.3 X43.425 Y41.075 E0.00509
G1 X36.575 Y41.075 E0.09968
G1 X36.575 Y41.425 E0.00509
G1 X43.425 Y41.425 E0.09968
G0 F7200 X43.8 Y41.8
;TYPE:WALL-OUTER
G1 F1800 X43.8 Y40.7 E0.01829
G1 X36.2 Y40.7 E0.12639
G1 X36.2 Y41.8 E0.01829
G1 X43.8 Y41.8 E0.12639
G0 F7200 X43.8 Y41.6
G1 F1500 E-6.5
G0 F7200 X43.52 Y41.52
G0 X44.665 Y41.425
G0 X53.425 Y41.425
;TYPE:WALL-INNER
G1 F1500 E6.5
G1 F4114.3 X53.425 Y41.075 E0.00509
G1 X46.575 Y41.075 E0.09968
G1 X46.575 Y41.425 E0.00509
G1 X53.425 Y41.425 E0.09968
G0 F7200 X53.8 Y41.8
;TYPE:WALL-OUTER
G1 F1800 X53.8 Y40.7 E0.01829
G1 X46.2 Y40.7 E0.12639
G1 X46.2 Y41.8 E0.01829
G1 X53.8 Y41.8 E0.12639
G0 F7200 X53.8 Y41.6
G1 F1500 E-6.5
G0 F7200 X53.52 Y41.52
G0 X54.665 Y41.425
G0 X63.425 Y41.425
;TYPE:WALL-INNER
G1 F1500 E6.5
G1 F4114.3 X63.425 Y41.075 E0.00509
G1 X56.575 Y41.075 E0.09968
G1 X56.575 Y41.425 E0.00509
G1 X63.425 Y41.425 E0.09968
G0 F7200 X63.8 Y41.8
;TYPE:WALL-OUTER
G1 F1800 X63.8 Y40.7 E0.01829
G1 X56.2 Y40.7 E0.12639
G1 X56.2 Y41.8 E0.01829
G1 X63.8 Y41.8 E0.12639
G0 F7200 X63.8 Y41.6
G1 F1500 E-6.5
G0 F7200 X63.52 Y41.52
G0 X63.425 Y42.665
G0 X63.425 Y57.335
G0 X63.425 Y58.925
;TYPE:WALL-INNER
G1 F1500 E6.5
G1 F4114.3 X63.425 Y58.575 E0.00509
G1 X56.575 Y58.575 E0.09968
G1 X56.575 Y58.925 E0.00509
G1 X63.425 Y58.925 E0.09968
G0 F7200 X63.8 Y59.3
;TYPE:WALL-OUTER
G1 F1800 X63.8 Y58.2 E0.01829
G1 X56.2 Y58.2 E0.12639
G1 X56.2 Y59.3 E0.01829
G1 X63.8 Y59.3 E0.12639
G0 F7200 X63.8 Y59.1
G1 F1500 E-6.5
G0 F7200 X63.52 Y59.02
G0 X56.43 Y58.925
G0 X55.335 Y58.925
G0 X53.425 Y58.925
;TYPE:WALL-INNER
G1 F1500 E6.5
G1 F4114.3 X53.425 Y58.575 E0.00509
G1 X46.575 Y58.575 E0.09968
G1 X46.575 Y58.925 E0.00509
G1 X53.425 Y58.925 E0.09968
G0 F7200 X53.8 Y59.3
;TYPE:WALL-OUTER
G1 F1800 X53.8 Y58.2 E0.01829
G1 X46.2 Y58.2 E0.12639
G1 X46.2 Y59.3 E0.01829
G1 X53.8 Y59.3 E0.12639
G0 F7200 X53.8 Y59.1
G1 F1500 E-6.5
G0 F7200 X53.52 Y59.02
G0 X46.43 Y58.925
G0 X45.335 Y58.925
G0 X43.425 Y58.925
;TYPE:WALL-INNER
G1 F1500 E6.5
G1 F4114.3 X43.425 Y58.575 E0.00509
G1 X36.575 Y58.575 E0.09968
G1 X36.575 Y58.925 E0.00509
G1 X43.425 Y58.925 E0.09968
G0 F7200 X43.8 Y59.3
;TYPE:WALL-OUTER
G1 F1800 X43.8 Y58.2 E0.01829
G1 X36.2 Y58.2 E0.12639
G1 X36.2 Y59.3 E0.01829
G1 X43.8 Y59.3 E0.12639
G0 F7200 X43.8 Y59.1
G1 F1500 E-6.5
;MESH:NONMESH
G0 F600 X43.8 Y59.1 Z3.5
G0 F7200 X43.52 Y59.02
G0 X43.425 Y57.335
G0 X43.425 Y42.665
G0 X43.425 Y41.425
;TIME_ELAPSED:922.663524
;LAYER:32
;TYPE:WALL-INNER
;MESH:pin.stl
G1 F1500 E6.5
G1 F4114.3 X43.425 Y41.075 E0.00509
G1 X36.575 Y41.075 E0.09968
G1 X36.575 Y41.425 E0.00509
G1 X43.425 Y41.425 E0.09968
G0 F7200 X43.8 Y41.8
;TYPE:WALL-OUTER
G1 F1800 X43.8 Y40.7 E0.01829
G1 X36.2 Y40.7 E0.12639
G1 X36.2 Y41.8 E0.01829
G1 X43.8 Y41.8 E0.12639
G0 F7200 X43.8 Y41.6
G1 F1500 E-6.5
G0 F7200 X43.52 Y41.52
G0 X44.665 Y41.425
G0 X53.425 Y41.425
;TYPE:WALL-INNER
G1 F1500 E6.5
G1 F4114.3 X53.425 Y41.075 E0.00509
G1 X46.575 Y41.075 E0.09968
G1 X46.575 Y41.425 E0.00509
G1 X53.425 Y41.425 E0.09968
G0 F7200 X53.8 Y41.8
;TYPE:WALL-OUTER
G1 F1800 X53.8 Y40.7 E0.01829
G1 X46.2 Y40.7 E0.12639
G1 X46.2 Y41.8 E0.01829
G1 X53.8 Y41.8 E0.12639
G0 F7200 X53.8 Y41.6
G1 F1500 E-6.5
G0 F7200 X53.52 Y41.52
G0 X54.665 Y41.425
G0 X63.425 Y41.425
;TYPE:WALL-INNER
G1 F1500 E6.5
G1 F4114.3 X63.425 Y41.075 E0.00509
G1 X56.575 Y41.075 E0.09968
G1 X56.575 Y41.425 E0.00509
G1 X63.425 Y41.425 E0.09968
G0 F7200 X63.8 Y41.8
;TYPE:WALL-OUTER
G1 F1800 X63.8 Y40.7 E0.01829
G1 X56.2 Y40.7 E0.12639
G1 X56.2 Y41.8 E0.01829
G1 X63.8 Y41.8 E0.12639
G0 F7200 X63.8 Y41.6
G1 F1500 E-6.5
G0 F7200 X63.52 Y41.52
G0 X63.425 Y42.665
G0 X63.425 Y57.335
G0 X63.425 Y58.925
;TYPE:WALL-INNER
G1 F1500 E6.5
G1 F4114.3 X63.425 Y58.575 E0.00509
G1 X56.575 Y58.575 E0.09968
G1 X56.575 Y58.925 E0.00509
G1 X63.425 Y58.925 E0.09968
G0 F7200 X63.8 Y59.3
;TYPE:WALL-OUTER
G1 F1800 X63.8 Y58.2 E0.01829
G1 X56.2 Y58.2 E0.12639
G1 X56.2 Y59.3 E0.01829
G1 X63.8 Y59.3 E0.12639
G0 F7200 X63.8 Y59.1
G1 F1500 E-6.5
G0 F7200 X63.52 Y59.02
G0 X56.43 Y58.925
G0 X55.335 Y58.925
G0 X53.425 Y58.925
;TYPE:WALL-INNER
G1 F1500 E6.5
G1 F4114.3 X53.425 Y58.575 E0.00509
G1 X46.575 Y58.575 E0.09968
G1 X46.575 Y58.925 E0.00509
G1 X53.425 Y58.925 E0.09968
G0 F7200 X53.8 Y59.3
;TYPE:WALL-OUTER
G1 F1800 X53.8 Y58.2 E0.01829
G1 X46.2 Y58.2 E0.12639
G1 X46.2 Y59.3 E0.01829
G1 X53.8 Y59.3 E0.12639
G0 F7200 X53.8 Y59.1
G1 F1500 E-6.5
G0 F7200 X53.52 Y59.02
G0 X46.43 Y58.925
G0 X45.335 Y58.925
G0 X43.425 Y58.925
;TYPE:WALL-INNER
G1 F1500 E6.5
G1 F4114.3 X43.425 Y58.575 E0.00509
G1 X36.575 Y58.575 E0.09968
G1 X36.575 Y58.925 E0.00509
G1 X43.425 Y58.925 E0.09968
G0 F7200 X43.8 Y59.3
;TYPE:WALL-OUTER
G1 F1800 X43.8 Y58.2 E0.01829
G1 X36.2 Y58.2 E0.12639
G1 X36.2 Y59.3 E0.01829
G1 X43.8 Y59.3 E0.12639
G0 F7200 X43.8 Y59.1
G1 F1500 E-6.5
;MESH:NONMESH
G0 F600 X43.8 Y59.1 Z3.6
G0 F7200 X43.52 Y59.02
G0 X43.425 Y57.335
G0 X43.425 Y42.665
G0 X43.425 Y41.425
;TIME_ELAPSED:931.855994
;LAYER:33
;TYPE:WALL-INNER
;MESH:pin.stl
G1 F1500 E6.5
G1 F4114.3 X43.425 Y41.075 E0.00509
G1 X36.575 Y41.075 E0.09968
G1 X36.575 Y41.425 E0.00509
G1 X43.425 Y41.425 E0.09968
G0 F7200 X43.8 Y41.8
;TYPE:WALL-OUTER
G1 F1800 X43.8 Y40.7 E0.01829
G1 X36.2 Y40.7 E0.12639
G1 X36.2 Y41.8 E0.01829
G1 X43.8 Y41.8 E0.12639
G0 F7200 X43.8 Y41.6
G1 F1500 E-6.5
G0 F7200 X43.52 Y41.52
G0 X44.665 Y41.425
G0 X53.425 Y41.425
;TYPE:WALL-INNER
G1 F1500 E6.5
G1 F4114.3 X53.425 Y41.075 E0.00509
G1 X46.575 Y41.075 E0.09968
G1 X46.575 Y41.425 E0.00509
G1 X53.425 Y41.425 E0.09968
G0 F7200 X53.8 Y41.8
;TYPE:WALL-OUTER
G1 F1800 X53.8 Y40.7 E0.01829
G1 X46.2 Y40.7 E0.12639
G1 X46.2 Y41.8 E0.01829
G1 X53.8 Y41.8 E0.12639
G0 F7200 X53.8 Y41.6
G1 F1500 E-6.5
G0 F7200 X53.52 Y41.52
G0 X54.665 Y41.425
G0 X63.425 Y41.425
;TYPE:WALL-INNER
G1 F1500 E6.5
G1 F4114.3 X63.425 Y41.075 E0.00509
G1 X56.575 Y41.075 E0.09968
G1 X56.575 Y41.425 E0.00509
G1 X63.425 Y41.425 E0.09968
G0 F7200 X63.8 Y41.8
;TYPE:WALL-OUTER
G1 F1800 X63.8 Y40.7 E0.01829
G1 X56.2 Y40.7 E0.12639
G1 X56.2 Y41.8 E0.01829
G1 X63.8 Y41.8 E0.12639
G0 F7200 X63.8 Y41.6
G1 F1500 E-6.5
G0 F7200 X63.52 Y41.52
G0 X63.425 Y42.665
G0 X63.425 Y57.335
G0 X63.425 Y58.925
;TYPE:WALL-INNER
G1 F1500 E6.5
G1 F4114.3 X63.425 Y58.575 E0.00509
G1 X56.575 Y58.575 E0.09968
G1 X56.575 Y58.925 E0.00509
G1 X63.425 Y58.925 E0.09968
G0 F7200 X63.8 Y59.3
;TYPE:WALL-OUTER
G1 F1800 X63.8 Y58.2 E0.01829
G1 X56.2 Y58.2 E0.12639
G1 X56.2 Y59.3 E0.01829
G1 X63.8 Y59.3 E0.12639
G0 F7200 X63.8 Y59.1
G1 F1500 E-6.5
G0 F7200 X63.52 Y59.02
G0 X56.43 Y58.925
G0 X55.335 Y58.925
G0 X53.425 Y58.925
;TYPE:WALL-INNER
G1 F1500 E6.5
G1 F4114.3 X53.425 Y58.575 E0.00509
G1 X46.575 Y58.575 E0.09968
G1 X46.575 Y58.925 E0.00509
G1 X53.425 Y58.925 E0.09968
G0 F7200 X53.8 Y59.3
;TYPE:WALL-OUTER
G1 F1800 X53.8 Y58.2 E0.01829
G1 X46.2 Y58.2 E0.12639
G1 X46.2 Y59.3 E0.01829
G1 X53.8 Y59.3 E0.12639
G0 F7200 X53.8 Y59.1
G1 F1500 E-6.5
G0 F7200 X53.52 Y59.02
G0 X46.43 Y58.925
G0 X45.335 Y58.925
G0 X43.425 Y58.925
;TYPE:WALL-INNER
G1 F1500 E6.5
G1 F4114.3 X43.425 Y58.575 E0.00509
G1 X36.575 Y58.575 E0.09968
G1 X36.575 Y58.925 E0.00509
G1 X43.425 Y58.925 E0.09968
G0 F7200 X43.8 Y59.3
;TYPE:WALL-OUTER
G1 F1800 X43.8 Y58.2 E0.01829
G1 X36.2 Y58.2 E0.12639
G1 X36.2 Y59.3 E0.01829
G1 X43.8 Y59.3 E0.12639
G0 F7200 X43.8 Y59.1
G1 F1500 E-6.5
;MESH:NONMESH
G0 F600 X43.8 Y59.1 Z3.7
G0 F7200 X43.52 Y59.02
G0 X43.425 Y57.335
G0 X43.425 Y42.665
G0 X43.425 Y41.425
;TIME_ELAPSED:941.048465
;LAYER:34
;TYPE:WALL-INNER
;MESH:pin.stl
G1 F1500 E6.5
G1 F4114.3 X43.425 Y41.075 E0.00509
G1 X36.575 Y41.075 E0.09968
G1 X36.575 Y41.425 E0.00509
G1 X43.425 Y41.425 E0.09968
G0 F7200 X43.8 Y41.8
;TYPE:WALL-OUTER
G1 F1800 X43.8 Y40.7 E0.01829
G1 X36.2 Y40.7 E0.12639
G1 X36.2 Y41.8 E0.01829
G1 X43.8 Y41.8 E0.12639
G0 F7200 X43.8 Y41.6
G1 F1500 E-6.5
G0 F7200 X43.52 Y41.52
G0 X44.665 Y41.425
G0 X53.425 Y41.425
;TYPE:WALL-INNER
G1 F1500 E6.5
G1 F4114.3 X53.425 Y41.075 E0.00509
G1 X46.575 Y41.075 E0.09968
G1 X46.575 Y41.425 E0.00509
G1 X53.425 Y41.425 E0.09968
G0 F7200 X53.8 Y41.8
;TYPE:WALL-OUTER
G1 F1800 X53.8 Y40.7 E0.01829
G1 X46.2 Y40.7 E0.12639
G1 X46.2 Y41.8 E0.01829
G1 X53.8 Y41.8 E0.12639
G0 F7200 X53.8 Y41.6
G1 F1500 E-6.5
G0 F7200 X53.52 Y41.52
G0 X54.665 Y41.425
G0 X63.425 Y41.425
;TYPE:WALL-INNER
G1 F1500 E6.5
G1 F4114.3 X63.425 Y41.075 E0.00509
G1 X56.575 Y41.075 E0.09968
G1 X56.575 Y41.425 E0.00509
G1 X63.425 Y41.425 E0.09968
G0 F7200 X63.8 Y41.8
;TYPE:WALL-OUTER
G1 F1800 X63.8 Y40.7 E0.01829
G1 X56.2 Y40.7 E0.12639
G1 X56.2 Y41.8 E0.01829
G1 X63.8 Y41.8 E0.12639
G0 F7200 X63.8 Y41.6
G1 F1500 E-6.5
G0 F7200 X63.52 Y41.52
G0 X63.425 Y42.665
G0 X63.425 Y57.335
G0 X63.425 Y58.925
;TYPE:WALL-INNER
G1 F1500 E6.5
G1 F4114.3 X63.425 Y58.575 E0.00509
G1 X56.575 Y58.575 E0.09968
G1 X56.575 Y58.925 E0.00509
G1 X63.425 Y58.925 E0.09968
G0 F7200 X63.8 Y59.3
;TYPE:WALL-OUTER
G1 F1800 X63.8 Y58.2 E0.01829
G1 X56.2 Y58.2 E0.12639
G1 X56.2 Y59.3 E0.01829
G1 X63.8 Y59.3 E0.12639
G0 F7200 X63.8 Y59.1
G1 F1500 E-6.5
G0 F7200 X63.52 Y59.02
G0 X56.43 Y58.925
G0 X55.335 Y58.925
G0 X53.425 Y58.925
;TYPE:WALL-INNER
G1 F1500 E6.5
G1 F4114.3 X53.425 Y58.575 E0.00509
G1 X46.575 Y58.575 E0.09968
G1 X46.575 Y58.925 E0.00509
G1 X53.425 Y58.925 E0.09968
G0 F7200 X53.8 Y59.3
;TYPE:WALL-OUTER
G1 F1800 X53.8 Y58.2 E0.01829
G1 X46.2 Y58.2 E0.12639
G1 X46.2 Y59.3 E0.01829
G1 X53.8 Y59.3 E0.12639
G0 F7200 X53.8 Y59.1
G1 F1500 E-6.5
G0 F7200 X53.52 Y59.02
G0 X46.43 Y58.925
G0 X45.335 Y58.925
G0 X43.425 Y58.925
;TYPE:WALL-INNER
G1 F1500 E6.5
G1 F4114.3 X43.425 Y58.575 E0.00509
G1 X36.575 Y58.575 E0.09968
G1 X36.575 Y58.925 E0.00509
G1 X43.425 Y58.925 E0.09968
G0 F7200 X43.8 Y59.3
;TYPE:WALL-OUTER
G1 F1800 X43.8 Y58.2 E0.01829
G1 X36.2 Y58.2 E0.12639
G1 X36.2 Y59.3 E0.01829
G1 X43.8 Y59.3 E0.12639
G0 F7200 X43.8 Y59.1
G1 F1500 E-6.5
;MESH:NONMESH
G0 F600 X43.8 Y59.1 Z3.8
G0 F7200 X43.52 Y59.02
G0 X43.425 Y57.335
G0 X43.425 Y42.665
G0 X43.425 Y41.425
;TIME_ELAPSED:950.240935
;LAYER:35
;TYPE:WALL-INNER
;MESH:pin.stl
G1 F1500 E6.5
G1 F4114.3 X43.425 Y41.075 E0.00509
G1 X36.575 Y41.075 E0.09968
G1 X36.575 Y41.425 E0.00509
G1 X43.425 Y41.425 E0.09968
G0 F7200 X43.8 Y41.8
;TYPE:WALL-OUTER
G1 F1800 X43.8 Y40.7 E0.01829
G1 X36.2 Y40.7 E0.12639
G1 X36.2 Y41.8 E0.01829
G1 X43.8 Y41.8 E0.12639
G0 F7200 X43.8 Y41.6
G1 F1500 E-6.5
G0 F7200 X43.52 Y41.52
G0 X44.665 Y41.425
G0 X53.425 Y41.425
;TYPE:WALL-INNER
G1 F1500 E6.5
G1 F4114.3 X53.425 Y41.075 E0.00509
G1 X46.575 Y41.075 E0.09968
G1 X46.575 Y41.425 E0.00509
G1 X53.425 Y41.425 E0.09968
G0 F7200 X53.8 Y41.8
;TYPE:WALL-OUTER
G1 F1800 X53.8 Y40.7 E0.01829
G1 X46.2 Y40.7 E0.12639
G1 X46.2 Y41.8 E0.01829
G1 X53.8 Y41.8 E0.12639
G0 F7200 X53.8 Y41.6
G1 F1500 E-6.5
G0 F7200 X53.52 Y41.52
G0 X54.665 Y41.425
G0 X63.425 Y41.425
;TYPE:WALL-INNER
G1 F1500 E6.5
G1 F4114.3 X63.425 Y41.075 E0.00509
G1 X56.575 Y41.075 E0.09968
G1 X56.575 Y41.425 E0.00509
G1 X63.425 Y41.425 E0.09968
G0 F7200 X63.8 Y41.8
;TYPE:WALL-OUTER
G1 F1800 X63.8 Y40.7 E0.01829
G1 X56.2 Y40.7 E0.12639
G1 X56.2 Y41.8 E0.01829
G1 X63.8 Y41.8 E0.12639
G0 F7200 X63.8 Y41.6
G1 F1500 E-6.5
G0 F7200 X63.52 Y41.52
G0 X63.425 Y42.665
G0 X63.425 Y57.335
G0 X63.425 Y58.925
;TYPE:WALL-INNER
G1 F1500 E6.5
G1 F4114.3 X63.425 Y58.575 E0.00509
G1 X56.575 Y58.575 E0.09968
G1 X56.575 Y58.925 E0.00509
G1 X63.425 Y58.925 E0.09968
G0 F7200 X63.8 Y59.3
;TYPE:WALL-OUTER
G1 F1800 X63.8 Y58.2 E0.01829
G1 X56.2 Y58.2 E0.12639
G1 X56.2 Y59.3 E0.01829
G1 X63.8 Y59.3 E0.12639
G0 F7200 X63.8 Y59.1
G1 F1500 E-6.5
G0 F7200 X63.52 Y59.02
G0 X56.43 Y58.925
G0 X55.335 Y58.925
G0 X53.425 Y58.925
;TYPE:WALL-INNER
G1 F1500 E6.5
G1 F4114.3 X53.425 Y58.575 E0.00509
G1 X46.575 Y58.575 E0.09968
G1 X46.575 Y58.925 E0.00509
G1 X53.425 Y58.925 E0.09968
G0 F7200 X53.8 Y59.3
;TYPE:WALL-OUTER
G1 F1800 X53.8 Y58.2 E0.01829
G1 X46.2 Y58.2 E0.12639
G1 X46.2 Y59.3 E0.01829
G1 X53.8 Y59.3 E0.12639
G0 F7200 X53.8 Y59.1
G1 F1500 E-6.5
G0 F7200 X53.52 Y59.02
G0 X46.43 Y58.925
G0 X45.335 Y58.925
G0 X43.425 Y58.925
;TYPE:WALL-INNER
G1 F1500 E6.5
G1 F4114.3 X43.425 Y58.575 E0.00509
G1 X36.575 Y58.575 E0.09968
G1 X36.575 Y58.925 E0.00509
G1 X43.425 Y58.925 E0.09968
G0 F7200 X43.8 Y59.3
;TYPE:WALL-OUTER
G1 F1800 X43.8 Y58.2 E0.01829
G1 X36.2 Y58.2 E0.12639
G1 X36.2 Y59.3 E0.01829
G1 X43.8 Y59.3 E0.12639
G0 F7200 X43.8 Y59.1
G1 F1500 E-6.5
;MESH:NONMESH
G0 F600 X43.8 Y59.1 Z3.9
G0 F7200 X43.52 Y59.02
G0 X43.425 Y57.335
G0 X43.425 Y42.665
G0 X43.425 Y41.425
;TIME_ELAPSED:959.433405
;LAYER:36
;TYPE:WALL-INNER
;MESH:pin.stl
G1 F1500 E6.5
G1 F4114.3 X43.425 Y41.075 E0.00509
G1 X36.575 Y41.075 E0.09968
G1 X36.575 Y41.425 E0.00509
G1 X43.425 Y41.425 E0.09968
G0 F7200 X43.8 Y41.8
;TYPE:WALL-OUTER
G1 F1800 X43.8 Y40.7 E0.01829
G1 X36.2 Y40.7 E0.12639
G1 X36.2 Y41.8 E0.01829
G1 X43.8 Y41.8 E0.12639
G0 F7200 X43.8 Y41.6
G1 F1500 E-6.5
G0 F7200 X43.52 Y41.52
G0 X44.665 Y41.425
G0 X53.425 Y41.425
;TYPE:WALL-INNER
G1 F1500 E6.5
G1 F4114.3 X53.425 Y41.075 E0.00509
G1 X46.575 Y41.075 E0.09968
G1 X46.575 Y41.425 E0.00509
G1 X53.425 Y41.425 E0.09968
G0 F7200 X53.8 Y41.8
;TYPE:WALL-OUTER
G1 F1800 X53.8 Y40.7 E0.01829
G1 X46.2 Y40.7 E0.12639
G1 X46.2 Y41.8 E0.01829
G1 X53.8 Y41.8 E0.12639
G0 F7200 X53.8 Y41.6
G1 F1500 E-6.5
G0 F7200 X53.52 Y41.52
G0 X54.665 Y41.425
G0 X63.425 Y41.425
;TYPE:WALL-INNER
G1 F1500 E6.5
G1 F4114.3 X63.425 Y41.075 E0.00509
G1 X56.575 Y41.075 E0.09968
G1 X56.575 Y41.425 E0.00509
G1 X63.425 Y41.425 E0.09968
G0 F7200 X63.8 Y41.8
;TYPE:WALL-OUTER
G1 F1800 X63.8 Y40.7 E0.01829
G1 X56.2 Y40.7 E0.12639
G1 X56.2 Y41.8 E0.01829
G1 X63.8 Y41.8 E0.12639
G0 F7200 X63.8 Y41.6
G1 F1500 E-6.5
G0 F7200 X63.52 Y41.52
G0 X63.425 Y42.665
G0 X63.425 Y57.335
G0 X63.425 Y58.925
;TYPE:WALL-INNER
G1 F1500 E6.5
G1 F4114.3 X63.425 Y58.575 E0.00509
G1 X56.575 Y58.575 E0.09968
G1 X56.575 Y58.925 E0.00509
G1 X63.425 Y58.925 E0.09968
G0 F7200 X63.8 Y59.3
;TYPE:WALL-OUTER
G1 F1800 X63.8 Y58.2 E0.01829
G1 X56.2 Y58.2 E0.12639
G1 X56.2 Y59.3 E0.01829
G1 X63.8 Y59.3 E0.12639
G0 F7200 X63.8 Y59.1
G1 F1500 E-6.5
G0 F7200 X63.52 Y59.02
G0 X56.43 Y58.925
G0 X55.335 Y58.925
G0 X53.425 Y58.925
;TYPE:WALL-INNER
G1 F1500 E6.5
G1 F4114.3 X53.425 Y58.575 E0.00509
G1 X46.575 Y58.575 E0.09968
G1 X46.575 Y58.925 E0.00509
G1 X53.425 Y58.925 E0.09968
G0 F7200 X53.8 Y59.3
;TYPE:WALL-OUTER
G1 F1800 X53.8 Y58.2 E0.01829
G1 X46.2 Y58.2 E0.12639
G1 X46.2 Y59.3 E0.01829
G1 X53.8 Y59.3 E0.12639
G0 F7200 X53.8 Y59.1
G1 F1500 E-6.5
G0 F7200 X53.52 Y59.02
G0 X46.43 Y58.925
G0 X45.335 Y58.925
G0 X43.425 Y58.925
;TYPE:WALL-INNER
G1 F1500 E6.5
G1 F4114.3 X43.425 Y58.575 E0.00509
G1 X36.575 Y58.575 E0.09968
G1 X36.575 Y58.925 E0.00509
G1 X43.425 Y58.925 E0.09968
G0 F7200 X43.8 Y59.3
;TYPE:WALL-OUTER
G1 F1800 X43.8 Y58.2 E0.01829
G1 X36.2 Y58.2 E0.12639
G1 X36.2 Y59.3 E0.01829
G1 X43.8 Y59.3 E0.12639
G0 F7200 X43.8 Y59.1
G1 F1500 E-6.5
;MESH:NONMESH
G0 F600 X43.8 Y59.1 Z4
G0 F7200 X43.52 Y59.02
G0 X43.425 Y57.335
G0 X43.425 Y42.665
G0 X43.425 Y41.425
;TIME_ELAPSED:968.625875
;LAYER:37
;TYPE:WALL-INNER
;MESH:pin.stl
G1 F1500 E6.5
G1 F4114.3 X43.425 Y41.075 E0.00509
G1 X36.575 Y41.075 E0.09968
G1 X36.575 Y41.425 E0.00509
G1 X43.425 Y41.425 E0.09968
G0 F7200 X43.8 Y41.8
;TYPE:WALL-OUTER
G1 F1800 X43.8 Y40.7 E0.01829
G1 X36.2 Y40.7 E0.12639
G1 X36.2 Y41.8 E0.01829
G1 X43.8 Y41.8 E0.12639
G0 F7200 X43.8 Y41.6
G1 F1500 E-6.5
G0 F7200 X43.52 Y41.52
G0 X44.665 Y41.425
G0 X53.425 Y41.425
;TYPE:WALL-INNER
G1 F1500 E6.5
G1 F4114.3 X53.425 Y41.075 E0.00509
G1 X46.575 Y41.075 E0.09968
G1 X46.575 Y41.425 E0.00509
G1 X53.425 Y41.425 E0.09968
G0 F7200 X53.8 Y41.8
;TYPE:WALL-OUTER
G1 F1800 X53.8 Y40.7 E0.01829
G1 X46.2 Y40.7 E0.12639
G1 X46.2 Y41.8 E0.01829
G1 X53.8 Y41.8 E0.12639
G0 F7200 X53.8 Y41.6
G1 F1500 E-6.5
G0 F7200 X53.52 Y41.52
G0 X54.665 Y41.425
G0 X63.425 Y41.425
;TYPE:WALL-INNER
G1 F1500 E6.5
G1 F4114.3 X63.425 Y41.075 E0.00509
G1 X56.575 Y41.075 E0.09968
G1 X56.575 Y41.425 E0.00509
G1 X63.425 Y41.425 E0.09968
G0 F7200 X63.8 Y41.8
;TYPE:WALL-OUTER
G1 F1800 X63.8 Y40.7 E0.01829
G1 X56.2 Y40.7 E0.12639
G1 X56.2 Y41.8 E0.01829
G1 X63.8 Y41.8 E0.12639
G0 F7200 X63.8 Y41.6
G1 F1500 E-6.5
G0 F7200 X63.52 Y41.52
G0 X63.425 Y42.665
G0 X63.425 Y57.335
G0 X63.425 Y58.925
;TYPE:WALL-INNER
G1 F1500 E6.5
G1 F4114.3 X63.425 Y58.575 E0.00509
G1 X56.575 Y58.575 E0.09968
G1 X56.575 Y58.925 E0.00509
G1 X63.425 Y58.925 E0.09968
G0 F7200 X63.8 Y59.3
;TYPE:WALL-OUTER
G1 F1800 X63.8 Y58.2 E0.01829
G1 X56.2 Y58.2 E0.12639
G1 X56.2 Y59.3 E0.01829
G1 X63.8 Y59.3 E0.12639
G0 F7200 X63.8 Y59.1
G1 F1500 E-6.5
G0 F7200 X63.52 Y59.02
G0 X56.43 Y58.925
G0 X55.335 Y58.925
G0 X53.425 Y58.925
;TYPE:WALL-INNER
G1 F1500 E6.5
G1 F4114.3 X53.425 Y58.575 E0.00509
G1 X46.575 Y58.575 E0.09968
G1 X46.575 Y58.925 E0.00509
G1 X53.425 Y58.925 E0.09968
G0 F7200 X53.8 Y59.3
;TYPE:WALL-OUTER
G1 F1800 X53.8 Y58.2 E0.01829
G1 X46.2 Y58.2 E0.12639
G1 X46.2 Y59.3 E0.01829
G1 X53.8 Y59.3 E0.12639
G0 F7200 X53.8 Y59.1
G1 F1500 E-6.5
G0 F7200 X53.52 Y59.02
G0 X46.43 Y58.925
G0 X45.335 Y58.925
G0 X43.425 Y58.925
;TYPE:WALL-INNER
G1 F1500 E6.5
G1 F4114.3 X43.425 Y58.575 E0.00509
G1 X36.575 Y58.575 E0.09968
G1 X36.575 Y58.925 E0.00509
G1 X43.425 Y58.925 E0.09968
G0 F7200 X43.8 Y59.3
;TYPE:WALL-OUTER
G1 F1800 X43.8 Y58.2 E0.01829
G1 X36.2 Y58.2 E0.12639
G1 X36.2 Y59.3 E0.01829
G1 X43.8 Y59.3 E0.12639
G0 F7200 X43.8 Y59.1
G1 F1500 E-6.5
;MESH:NONMESH
G0 F600 X43.8 Y59.1 Z4.1
G0 F7200 X43.52 Y59.02
G0 X43.425 Y57.335
G0 X43.425 Y42.665
G0 X43.425 Y41.425
;TIME_ELAPSED:977.818345
;LAYER:38
;TYPE:WALL-INNER
;MESH:pin.stl
G1 F1500 E6.5
G1 F4114.3 X43.425 Y41.075 E0.00509
G1 X36.575 Y41.075 E0.09968
G1 X36.575 Y41.425 E0.00509
G1 X43.425 Y41.425 E0.09968
G0 F7200 X43.8 Y41.8
;TYPE:WALL-OUTER
G1 F1800 X43.8 Y40.7 E0.01829
G1 X36.2 Y40.7 E0.12639
G1 X36.2 Y41.8 E0.01829
G1 X43.8 Y41.8 E0.12639
G0 F7200 X43.8 Y41.6
G1 F1500 E-6.5
G0 F7200 X43.52 Y41.52
G0 X44.665 Y41.425
G0 X53.425 Y41.425
;TYPE:WALL-INNER
G1 F1500 E6.5
G1 F4114.3 X53.425 Y41.075 E0.00509
G1 X46.575 Y41.075 E0.09968
G1 X46.575 Y41.425 E0.00509
G1 X53.425 Y41.425 E0.09968
G0 F7200 X53.8 Y41.8
;TYPE:WALL-OUTER
G1 F1800 X53.8 Y40.7 E0.01829
G1 X46.2 Y40.7 E0.12639
G1 X46.2 Y41.8 E0.01829
G1 X53.8 Y41.8 E0.12639
G0 F7200 X53.8 Y41.6
G1 F1500 E-6.5
G0 F7200 X53.52 Y41.52
G0 X54.665 Y41.425
G0 X63.425 Y41.425
;TYPE:WALL-INNER
G1 F1500 E6.5
G1 F4114.3 X63.425 Y41.075 E0.00509
G1 X56.575 Y41.075 E0.09968
G1 X56.575 Y41.425 E0.00509
G1 X63.425 Y41.425 E0.09968
G0 F7200 X63.8 Y41.8
;TYPE:WALL-OUTER
G1 F1800 X63.8 Y40.7 E0.01829
G1 X56.2 Y40.7 E0.12639
G1 X56.2 Y41.8 E0.01829
G1 X63.8 Y41.8 E0.12639
G0 F7200 X63.8 Y41.6
G1 F1500 E-6.5
G0 F7200 X63.52 Y41.52
G0 X63.425 Y42.665
G0 X63.425 Y57.335
G0 X63.425 Y58.925
;TYPE:WALL-INNER
G1 F1500 E6.5
G1 F4114.3 X63.425 Y58.575 E0.00509
G1 X56.575 Y58.575 E0.09968
G1 X56.575 Y58.925 E0.00509
G1 X63.425 Y58.925 E0.09968
G0 F7200 X63.8 Y59.3
;TYPE:WALL-OUTER
G1 F1800 X63.8 Y58.2 E0.01829
G1 X56.2 Y58.2 E0.12639
G1 X56.2 Y59.3 E0.01829
G1 X63.8 Y59.3 E0.12639
G0 F7200 X63.8 Y59.1
G1 F1500 E-6.5
G0 F7200 X63.52 Y59.02
G0 X56.43 Y58.925
G0 X55.335 Y58.925
G0 X53.425 Y58.925
;TYPE:WALL-INNER
G1 F1500 E6.5
G1 F4114.3 X53.425 Y58.575 E0.00509
G1 X46.575 Y58.575 E0.09968
G1 X46.575 Y58.925 E0.00509
G1 X53.425 Y58.925 E0.09968
G0 F7200 X53.8 Y59.3
;TYPE:WALL-OUTER
G1 F1800 X53.8 Y58.2 E0.01829
G1 X46.2 Y58.2 E0.12639
G1 X46.2 Y59.3 E0.01829
G1 X53.8 Y59.3 E0.12639
G0 F7200 X53.8 Y59.1
G1 F1500 E-6.5
G0 F7200 X53.52 Y59.02
G0 X46.43 Y58.925
G0 X45.335 Y58.925
G0 X43.425 Y58.925
;TYPE:WALL-INNER
G1 F1500 E6.5
G1 F4114.3 X43.425 Y58.575 E0.00509
G1 X36.575 Y58.575 E0.09968
G1 X36.575 Y58.925 E0.00509
G1 X43.425 Y58.925 E0.09968
G0 F7200 X43.8 Y59.3
;TYPE:WALL-OUTER
G1 F1800 X43.8 Y58.2 E0.01829
G1 X36.2 Y58.2 E0.12639
G1 X36.2 Y59.3 E0.01829
G1 X43.8 Y59.3 E0.12639
G0 F7200 X43.8 Y59.1
G1 F1500 E-6.5
;MESH:NONMESH
G0 F600 X43.8 Y59.1 Z4.2
G0 F7200 X43.52 Y59.02
G0 X43.425 Y57.335
G0 X43.425 Y42.665
G0 X43.425 Y41.425
;TIME_ELAPSED:987.010816
;LAYER:39
;TYPE:WALL-INNER
;MESH:pin.stl
G1 F1500 E6.5
G1 F4114.3 X43.425 Y41.075 E0.00509
G1 X36.575 Y41.075 E0.09968
G1 X36.575 Y41.425 E0.00509
G1 X43.425 Y41.425 E0.09968
G0 F7200 X43.8 Y41.8
;TYPE:WALL-OUTER
G1 F1800 X43.8 Y40.7 E0.01829
G1 X36.2 Y40.7 E0.12639
G1 X36.2 Y41.8 E0.01829
G1 X43.8 Y41.8 E0.12639
G0 F7200 X43.8 Y41.6
G1 F1500 E-6.5
G0 F7200 X43.52 Y41.52
G0 X44.665 Y41.425
G0 X53.425 Y41.425
;TYPE:WALL-INNER
G1 F1500 E6.5
G1 F4114.3 X53.425 Y41.075 E0.00509
G1 X46.575 Y41.075 E0.09968
G1 X46.575 Y41.425 E0.00509
G1 X53.425 Y41.425 E0.09968
G0 F7200 X53.8 Y41.8
;TYPE:WALL-OUTER
G1 F1800 X53.8 Y40.7 E0.01829
G1 X46.2 Y40.7 E0.12639
G1 X46.2 Y41.8 E0.01829
G1 X53.8 Y41.8 E0.12639
G0 F7200 X53.8 Y41.6
G1 F1500 E-6.5
G0 F7200 X53.52 Y41.52
G0 X54.665 Y41.425
G0 X63.425 Y41.425
;TYPE:WALL-INNER
G1 F1500 E6.5
G1 F4114.3 X63.425 Y41.075 E0.00509
G1 X56.575 Y41.075 E0.09968
G1 X56.575 Y41.425 E0.00509
G1 X63.425 Y41.425 E0.09968
G0 F7200 X63.8 Y41.8
;TYPE:WALL-OUTER
G1 F1800 X63.8 Y40.7 E0.01829
G1 X56.2 Y40.7 E0.12639
G1 X56.2 Y41.8 E0.01829
G1 X63.8 Y41.8 E0.12639
G0 F7200 X63.8 Y41.6
G1 F1500 E-6.5
G0 F7200 X63.52 Y41.52
G0 X63.425 Y42.665
G0 X63.425 Y57.335
G0 X63.425 Y58.925
;TYPE:WALL-INNER
G1 F1500 E6.5
G1 F4114.3 X63.425 Y58.575 E0.00509
G1 X56.575 Y58.575 E0.09968
G1 X56.575 Y58.925 E0.00509
G1 X63.425 Y58.925 E0.09968
G0 F7200 X63.8 Y59.3
;TYPE:WALL-OUTER
G1 F1800 X63.8 Y58.2 E0.01829
G1 X56.2 Y58.2 E0.12639
G1 X56.2 Y59.3 E0.01829
G1 X63.8 Y59.3 E0.12639
G0 F7200 X63.8 Y59.1
G1 F1500 E-6.5
G0 F7200 X63.52 Y59.02
G0 X56.43 Y58.925
G0 X55.335 Y58.925
G0 X53.425 Y58.925
;TYPE:WALL-INNER
G1 F1500 E6.5
G1 F4114.3 X53.425 Y58.575 E0.00509
G1 X46.575 Y58.575 E0.09968
G1 X46.575 Y58.925 E0.00509
G1 X53.425 Y58.925 E0.09968
G0 F7200 X53.8 Y59.3
;TYPE:WALL-OUTER
G1 F1800 X53.8 Y58.2 E0.01829
G1 X46.2 Y58.2 E0.12639
G1 X46.2 Y59.3 E0.01829
G1 X53.8 Y59.3 E0.12639
G0 F7200 X53.8 Y59.1
G1 F1500 E-6.5
G0 F7200 X53.52 Y59.02
G0 X46.43 Y58.925
G0 X45.335 Y58.925
G0 X43.425 Y58.925
;TYPE:WALL-INNER
G1 F1500 E6.5
G1 F4114.3 X43.425 Y58.575 E0.00509
G1 X36.575 Y58.575 E0.09968
G1 X36.575 Y58.925 E0.00509
G1 X43.425 Y58.925 E0.09968
G0 F7200 X43.8 Y59.3
;TYPE:WALL-OUTER
G1 F1800 X43.8 Y58.2 E0.01829
G1 X36.2 Y58.2 E0.12639
G1 X36.2 Y59.3 E0.01829
G1 X43.8 Y59.3 E0.12639
G0 F7200 X43.8 Y59.1
G1 F1500 E-6.5
;MESH:NONMESH
G0 F600 X43.8 Y59.1 Z4.3
G0 F7200 X43.52 Y59.02
G0 X43.425 Y57.335
G0 X43.425 Y42.665
G0 X43.425 Y41.425
;TIME_ELAPSED:996.203286
;LAYER:40
;TYPE:WALL-INNER
;MESH:pin.stl
G1 F1500 E6.5
G1 F4114.3 X43.425 Y41.075 E0.00509
G1 X36.575 Y41.075 E0.09968
G1 X36.575 Y41.425 E0.00509
G1 X43.425 Y41.425 E0.09968
G0 F7200 X43.8 Y41.8
;TYPE:WALL-OUTER
G1 F1800 X43.8 Y40.7 E0.01829
G1 X36.2 Y40.7 E0.12639
G1 X36.2 Y41.8 E0.01829
G1 X43.8 Y41.8 E0.12639
G0 F7200 X43.8 Y41.6
G1 F1500 E-6.5
G0 F7200 X43.52 Y41.52
G0 X44.665 Y41.425
G0 X53.425 Y41.425
;TYPE:WALL-INNER
G1 F1500 E6.5
G1 F4114.3 X53.425 Y41.075 E0.00509
G1 X46.575 Y41.075 E0.09968
G1 X46.575 Y41.425 E0.00509
G1 X53.425 Y41.425 E0.09968
G0 F7200 X53.8 Y41.8
;TYPE:WALL-OUTER
G1 F1800 X53.8 Y40.7 E0.01829
G1 X46.2 Y40.7 E0.12639
G1 X46.2 Y41.8 E0.01829
G1 X53.8 Y41.8 E0.12639
G0 F7200 X53.8 Y41.6
G1 F1500 E-6.5
G0 F7200 X53.52 Y41.52
G0 X54.665 Y41.425
G0 X63.425 Y41.425
;TYPE:WALL-INNER
G1 F1500 E6.5
G1 F4114.3 X63.425 Y41.075 E0.00509
G1 X56.575 Y41.075 E0.09968
G1 X56.575 Y41.425 E0.00509
G1 X63.425 Y41.425 E0.09968
G0 F7200 X63.8 Y41.8
;TYPE:WALL-OUTER
G1 F1800 X63.8 Y40.7 E0.01829
G1 X56.2 Y40.7 E0.12639
G1 X56.2 Y41.8 E0.01829
G1 X63.8 Y41.8 E0.12639
G0 F7200 X63.8 Y41.6
G1 F1500 E-6.5
G0 F7200 X63.52 Y41.52
G0 X63.425 Y42.665
G0 X63.425 Y57.335
G0 X63.425 Y58.925
;TYPE:WALL-INNER
G1 F1500 E6.5
G1 F4114.3 X63.425 Y58.575 E0.00509
G1 X56.575 Y58.575 E0.09968
G1 X56.575 Y58.925 E0.00509
G1 X63.425 Y58.925 E0.09968
G0 F7200 X63.8 Y59.3
;TYPE:WALL-OUTER
G1 F1800 X63.8 Y58.2 E0.01829
G1 X56.2 Y58.2 E0.12639
G1 X56.2 Y59.3 E0.01829
G1 X63.8 Y59.3 E0.12639
G0 F7200 X63.8 Y59.1
G1 F1500 E-6.5
G0 F7200 X63.52 Y59.02
G0 X56.43 Y58.925
G0 X55.335 Y58.925
G0 X53.425 Y58.925
;TYPE:WALL-INNER
G1 F1500 E6.5
G1 F4114.3 X53.425 Y58.575 E0.00509
G1 X46.575 Y58.575 E0.09968
G1 X46.575 Y58.925 E0.00509
G1 X53.425 Y58.925 E0.09968
G0 F7200 X53.8 Y59.3
;TYPE:WALL-OUTER
G1 F1800 X53.8 Y58.2 E0.01829
G1 X46.2 Y58.2 E0.12639
G1 X46.2 Y59.3 E0.01829
G1 X53.8 Y59.3 E0.12639
G0 F7200 X53.8 Y59.1
G1 F1500 E-6.5
G0 F7200 X53.52 Y59.02
G0 X46.43 Y58.925
G0 X45.335 Y58.925
G0 X43.425 Y58.925
;TYPE:WALL-INNER
G1 F1500 E6.5
G1 F4114.3 X43.425 Y58.575 E0.00509
G1 X36.575 Y58.575 E0.09968
G1 X36.575 Y58.925 E0.00509
G1 X43.425 Y58.925 E0.09968
G0 F7200 X43.8 Y59.3
;TYPE:WALL-OUTER
G1 F1800 X43.8 Y58.2 E0.01829
G1 X36.2 Y58.2 E0.12639
G1 X36.2 Y59.3 E0.01829
G1 X43.8 Y59.3 E0.12639
G0 F7200 X43.8 Y59.1
G1 F1500 E-6.5
;MESH:NONMESH
G0 F600 X43.8 Y59.1 Z4.4
G0 F7200 X43.52 Y59.02
G0 X43.425 Y57.335
G0 X43.425 Y42.665
G0 X43.425 Y41.425
;TIME_ELAPSED:1005.395756
;LAYER:41
;TYPE:WALL-INNER
;MESH:pin.stl
G1 F1500 E6.5
G1 F4114.3 X43.425 Y41.075 E0.00509
G1 X36.575 Y41.075 E0.09968
G1 X36.575 Y41.425 E0.00509
G1 X43.425 Y41.425 E0.09968
G0 F7200 X43.8 Y41.8
;TYPE:WALL-OUTER
G1 F1800 X43.8 Y40.7 E0.01829
G1 X36.2 Y40.7 E0.12639
G1 X36.2 Y41.8 E0.01829
G1 X43.8 Y41.8 E0.12639
G0 F7200 X43.8 Y41.6
G1 F1500 E-6.5
G0 F7200 X43.52 Y41.52
G0 X44.665 Y41.425
G0 X53.425 Y41.425
;TYPE:WALL-INNER
G1 F1500 E6.5
G1 F4114.3 X53.425 Y41.075 E0.00509
G1 X46.575 Y41.075 E0.09968
G1 X46.575 Y41.425 E0.00509
G1 X53.425 Y41.425 E0.09968
G0 F7200 X53.8 Y41.8
;TYPE:WALL-OUTER
G1 F1800 X53.8 Y40.7 E0.01829
G1 X46.2 Y40.7 E0.12639
G1 X46.2 Y41.8 E0.01829
G1 X53.8 Y41.8 E0.12639
G0 F7200 X53.8 Y41.6
G1 F1500 E-6.5
G0 F7200 X53.52 Y41.52
G0 X54.665 Y41.425
G0 X63.425 Y41.425
;TYPE:WALL-INNER
G1 F1500 E6.5
G1 F4114.3 X63.425 Y41.075 E0.00509
G1 X56.575 Y41.075 E0.09968
G1 X56.575 Y41.425 E0.00509
G1 X63.425 Y41.425 E0.09968
G0 F7200 X63.8 Y41.8
;TYPE:WALL-OUTER
G1 F1800 X63.8 Y40.7 E0.01829
G1 X56.2 Y40.7 E0.12639
G1 X56.2 Y41.8 E0.01829
G1 X63.8 Y41.8 E0.12639
G0 F7200 X63.8 Y41.6
G1 F1500 E-6.5
G0 F7200 X63.52 Y41.52
G0 X63.425 Y42.665
G0 X63.425 Y57.335
G0 X63.425 Y58.925
;TYPE:WALL-INNER
G1 F1500 E6.5
G1 F4114.3 X63.425 Y58.575 E0.00509
G1 X56.575 Y58.575 E0.09968
G1 X56.575 Y58.925 E0.00509
G1 X63.425 Y58.925 E0.09968
G0 F7200 X63.8 Y59.3
;TYPE:WALL-OUTER
G1 F1800 X63.8 Y58.2 E0.01829
G1 X56.2 Y58.2 E0.12639
G1 X56.2 Y59.3 E0.01829
G1 X63.8 Y59.3 E0.12639
G0 F7200 X63.8 Y59.1
G1 F1500 E-6.5
G0 F7200 X63.52 Y59.02
G0 X56.43 Y58.925
G0 X55.335 Y58.925
G0 X53.425 Y58.925
;TYPE:WALL-INNER
G1 F1500 E6.5
G1 F4114.3 X53.425 Y58.575 E0.00509
G1 X46.575 Y58.575 E0.09968
G1 X46.575 Y58.925 E0.00509
G1 X53.425 Y58.925 E0.09968
G0 F7200 X53.8 Y59.3
;TYPE:WALL-OUTER
G1 F1800 X53.8 Y58.2 E0.01829
G1 X46.2 Y58.2 E0.12639
G1 X46.2 Y59.3 E0.01829
G1 X53.8 Y59.3 E0.12639
G0 F7200 X53.8 Y59.1
G1 F1500 E-6.5
G0 F7200 X53.52 Y59.02
G0 X46.43 Y58.925
G0 X45.335 Y58.925
G0 X43.425 Y58.925
;TYPE:WALL-INNER
G1 F1500 E6.5
G1 F4114.3 X43.425 Y58.575 E0.00509
G1 X36.575 Y58.575 E0.09968
G1 X36.575 Y58.925 E0.00509
G1 X43.425 Y58.925 E0.09968
G0 F7200 X43.8 Y59.3
;TYPE:WALL-OUTER
G1 F1800 X43.8 Y58.2 E0.01829
G1 X36.2 Y58.2 E0.12639
G1 X36.2 Y59.3 E0.01829
G1 X43.8 Y59.3 E0.12639
G0 F7200 X43.8 Y59.1
G1 F1500 E-6.5
;MESH:NONMESH
G0 F600 X43.8 Y59.1 Z4.5
G0 F7200 X43.52 Y59.02
G0 X43.425 Y57.335
G0 X43.425 Y42.665
G0 X43.425 Y41.425
;TIME_ELAPSED:1014.588226
;LAYER:42
;TYPE:WALL-INNER
;MESH:pin.stl
G1 F1500 E6.5
G1 F4114.3 X43.425 Y41.075 E0.00509
G1 X36.575 Y41.075 E0.09968
G1 X36.575 Y41.425 E0.00509
G1 X43.425 Y41.425 E0.09968
G0 F7200 X43.8 Y41.8
;TYPE:WALL-OUTER
G1 F1800 X43.8 Y40.7 E0.01829
G1 X36.2 Y40.7 E0.12639
G1 X36.2 Y41.8 E0.01829
G1 X43.8 Y41.8 E0.12639
G0 F7200 X43.8 Y41.6
G1 F1500 E-6.5
G0 F7200 X43.52 Y41.52
G0 X44.665 Y41.425
G0 X53.425 Y41.425
;TYPE:WALL-INNER
G1 F1500 E6.5
G1 F4114.3 X53.425 Y41.075 E0.00509
G1 X46.575 Y41.075 E0.09968
G1 X46.575 Y41.425 E0.00509
G1 X53.425 Y41.425 E0.09968
G0 F7200 X53.8 Y41.8
;TYPE:WALL-OUTER
G1 F1800 X53.8 Y40.7 E0.01829
G1 X46.2 Y40.7 E0.12639
G1 X46.2 Y41.8 E0.01829
G1 X53.8 Y41.8 E0.12639
G0 F7200 X53.8 Y41.6
G1 F1500 E-6.5
G0 F7200 X53.52 Y41.52
G0 X54.665 Y41.425
G0 X63.425 Y41.425
;TYPE:WALL-INNER
G1 F1500 E6.5
G1 F4114.3 X63.425 Y41.075 E0.00509
G1 X56.575 Y41.075 E0.09968
G1 X56.575 Y41.425 E0.00509
G1 X63.425 Y41.425 E0.09968
G0 F7200 X63.8 Y41.8
;TYPE:WALL-OUTER
G1 F1800 X63.8 Y40.7 E0.01829
G1 X56.2 Y40.7 E0.12639
G1 X56.2 Y41.8 E0.01829
G1 X63.8 Y41.8 E0.12639
G0 F7200 X63.8 Y41.6
G1 F1500 E-6.5
G0 F7200 X63.52 Y41.52
G0 X63.425 Y42.665
G0 X63.425 Y57.335
G0 X63.425 Y58.925
;TYPE:WALL-INNER
G1 F1500 E6.5
G1 F4114.3 X63.425 Y58.575 E0.00509
G1 X56.575 Y58.575 E0.09968
G1 X56.575 Y58.925 E0.00509
G1 X63.425 Y58.925 E0.09968
G0 F7200 X63.8 Y59.3
;TYPE:WALL-OUTER
G1 F1800 X63.8 Y58.2 E0.01829
G1 X56.2 Y58.2 E0.12639
G1 X56.2 Y59.3 E0.01829
G1 X63.8 Y59.3 E0.12639
G0 F7200 X63.8 Y59.1
G1 F1500 E-6.5
G0 F7200 X63.52 Y59.02
G0 X56.43 Y58.925
G0 X55.335 Y58.925
G0 X53.425 Y58.925
;TYPE:WALL-INNER
G1 F1500 E6.5
G1 F4114.3 X53.425 Y58.575 E0.00509
G1 X46.575 Y58.575 E0.09968
G1 X46.575 Y58.925 E0.00509
G1 X53.425 Y58.925 E0.09968
G0 F7200 X53.8 Y59.3
;TYPE:WALL-OUTER
G1 F1800 X53.8 Y58.2 E0.01829
G1 X46.2 Y58.2 E0.12639
G1 X46.2 Y59.3 E0.01829
G1 X53.8 Y59.3 E0.12639
G0 F7200 X53.8 Y59.1
G1 F1500 E-6.5
G0 F7200 X53.52 Y59.02
G0 X46.43 Y58.925
G0 X45.335 Y58.925
G0 X43.425 Y58.925
;TYPE:WALL-INNER
G1 F1500 E6.5
G1 F4114.3 X43.425 Y58.575 E0.00509
G1 X36.575 Y58.575 E0.09968
G1 X36.575 Y58.925 E0.00509
G1 X43.425 Y58.925 E0.09968
G0 F7200 X43.8 Y59.3
;TYPE:WALL-OUTER
G1 F1800 X43.8 Y58.2 E0.01829
G1 X36.2 Y58.2 E0.12639
G1 X36.2 Y59.3 E0.01829
G1 X43.8 Y59.3 E0.12639
G0 F7200 X43.8 Y59.1
G1 F1500 E-6.5
;MESH:NONMESH
G0 F600 X43.8 Y59.1 Z4.6
G0 F7200 X43.52 Y59.02
G0 X43.425 Y57.335
G0 X43.425 Y42.665
G0 X43.425 Y41.425
;TIME_ELAPSED:1023.780696
;LAYER:43
;TYPE:WALL-INNER
;MESH:pin.stl
G1 F1500 E6.5
G1 F4114.3 X43.425 Y41.075 E0.00509
G1 X36.575 Y41.075 E0.09968
G1 X36.575 Y41.425 E0.00509
G1 X43.425 Y41.425 E0.09968
G0 F7200 X43.8 Y41.8
;TYPE:WALL-OUTER
G1 F1800 X43.8 Y40.7 E0.01829
G1 X36.2 Y40.7 E0.12639
G1 X36.2 Y41.8 E0.01829
G1 X43.8 Y41.8 E0.12639
G0 F7200 X43.8 Y41.6
G1 F1500 E-6.5
G0 F7200 X43.52 Y41.52
G0 X44.665 Y41.425
G0 X53.425 Y41.425
;TYPE:WALL-INNER
G1 F1500 E6.5
G1 F4114.3 X53.425 Y41.075 E0.00509
G1 X46.575 Y41.075 E0.09968
G1 X46.575 Y41.425 E0.00509
G1 X53.425 Y41.425 E0.09968
G0 F7200 X53.8 Y41.8
;TYPE:WALL-OUTER
G1 F1800 X53.8 Y40.7 E0.01829
G1 X46.2 Y40.7 E0.12639
G1 X46.2 Y41.8 E0.01829
G1 X53.8 Y41.8 E0.12639
G0 F7200 X53.8 Y41.6
G1 F1500 E-6.5
G0 F7200 X53.52 Y41.52
G0 X54.665 Y41.425
G0 X63.425 Y41.425
;TYPE:WALL-INNER
G1 F1500 E6.5
G1 F4114.3 X63.425 Y41.075 E0.00509
G1 X56.575 Y41.075 E0.09968
G1 X56.575 Y41.425 E0.00509
G1 X63.425 Y41.425 E0.09968
G0 F7200 X63.8 Y41.8
;TYPE:WALL-OUTER
G1 F1800 X63.8 Y40.7 E0.01829
G1 X56.2 Y40.7 E0.12639
G1 X56.2 Y41.8 E0.01829
G1 X63.8 Y41.8 E0.12639
G0 F7200 X63.8 Y41.6
G1 F1500 E-6.5
G0 F7200 X63.52 Y41.52
G0 X63.425 Y42.665
G0 X63.425 Y57.335
G0 X63.425 Y58.925
;TYPE:WALL-INNER
G1 F1500 E6.5
G1 F4114.3 X63.425 Y58.575 E0.00509
G1 X56.575 Y58.575 E0.09968
G1 X56.575 Y58.925 E0.00509
G1 X63.425 Y58.925 E0.09968
G0 F7200 X63.8 Y59.3
;TYPE:WALL-OUTER
G1 F1800 X63.8 Y58.2 E0.01829
G1 X56.2 Y58.2 E0.12639
G1 X56.2 Y59.3 E0.01829
G1 X63.8 Y59.3 E0.12639
G0 F7200 X63.8 Y59.1
G1 F1500 E-6.5
G0 F7200 X63.52 Y59.02
G0 X56.43 Y58.925
G0 X55.335 Y58.925
G0 X53.425 Y58.925
;TYPE:WALL-INNER
G1 F1500 E6.5
G1 F4114.3 X53.425 Y58.575 E0.00509
G1 X46.575 Y58.575 E0.09968
G1 X46.575 Y58.925 E0.00509
G1 X53.425 Y58.925 E0.09968
G0 F7200 X53.8 Y59.3
;TYPE:WALL-OUTER
G1 F1800 X53.8 Y58.2 E0.01829
G1 X46.2 Y58.2 E0.12639
G1 X46.2 Y59.3 E0.01829
G1 X53.8 Y59.3 E0.12639
G0 F7200 X53.8 Y59.1
G1 F1500 E-6.5
G0 F7200 X53.52 Y59.02
G0 X46.43 Y58.925
G0 X45.335 Y58.925
G0 X43.425 Y58.925
;TYPE:WALL-INNER
G1 F1500 E6.5
G1 F4114.3 X43.425 Y58.575 E0.00509
G1 X36.575 Y58.575 E0.09968
G1 X36.575 Y58.925 E0.00509
G1 X43.425 Y58.925 E0.09968
G0 F7200 X43.8 Y59.3
;TYPE:WALL-OUTER
G1 F1800 X43.8 Y58.2 E0.01829
G1 X36.2 Y58.2 E0.12639
G1 X36.2 Y59.3 E0.01829
G1 X43.8 Y59.3 E0.12639
G0 F7200 X43.8 Y59.1
G1 F1500 E-6.5
;MESH:NONMESH
G0 F600 X43.8 Y59.1 Z4.7
G0 F7200 X43.52 Y59.02
G0 X43.425 Y57.335
G0 X43.425 Y42.665
G0 X43.425 Y41.425
;TIME_ELAPSED:1032.973167
;LAYER:44
;TYPE:WALL-INNER
;MESH:pin.stl
G1 F1500 E6.5
G1 F4114.3 X43.425 Y41.075 E0.00509
G1 X36.575 Y41.075 E0.09968
G1 X36.575 Y41.425 E0.00509
G1 X43.425 Y41.425 E0.09968
G0 F7200 X43.8 Y41.8
;TYPE:WALL-OUTER
G1 F1800 X43.8 Y40.7 E0.01829
G1 X36.2 Y40.7 E0.12639
G1 X36.2 Y41.8 E0.01829
G1 X43.8 Y41.8 E0.12639
G0 F7200 X43.8 Y41.6
G1 F1500 E-6.5
G0 F7200 X43.52 Y41.52
G0 X44.665 Y41.425
G0 X53.425 Y41.425
;TYPE:WALL-INNER
G1 F1500 E6.5
G1 F4114.3 X53.425 Y41.075 E0.00509
G1 X46.575 Y41.075 E0.09968
G1 X46.575 Y41.425 E0.00509
G1 X53.425 Y41.425 E0.09968
G0 F7200 X53.8 Y41.8
;TYPE:WALL-OUTER
G1 F1800 X53.8 Y40.7 E0.01829
G1 X46.2 Y40.7 E0.12639
G1 X46.2 Y41.8 E0.01829
G1 X53.8 Y41.8 E0.12639
G0 F7200 X53.8 Y41.6
G1 F1500 E-6.5
G0 F7200 X53.52 Y41.52
G0 X54.665 Y41.425
G0 X63.425 Y41.425
;TYPE:WALL-INNER
G1 F1500 E6.5
G1 F4114.3 X63.425 Y41.075 E0.00509
G1 X56.575 Y41.075 E0.09968
G1 X56.575 Y41.425 E0.00509
G1 X63.425 Y41.425 E0.09968
G0 F7200 X63.8 Y41.8
;TYPE:WALL-OUTER
G1 F1800 X63.8 Y40.7 E0.01829
G1 X56.2 Y40.7 E0.12639
G1 X56.2 Y41.8 E0.01829
G1 X63.8 Y41.8 E0.12639
G0 F7200 X63.8 Y41.6
G1 F1500 E-6.5
G0 F7200 X63.52 Y41.52
G0 X63.425 Y42.665
G0 X63.425 Y57.335
G0 X63.425 Y58.925
;TYPE:WALL-INNER
G1 F1500 E6.5
G1 F4114.3 X63.425 Y58.575 E0.00509
G1 X56.575 Y58.575 E0.09968
G1 X56.575 Y58.925 E0.00509
G1 X63.425 Y58.925 E0.09968
G0 F7200 X63.8 Y59.3
;TYPE:WALL-OUTER
G1 F1800 X63.8 Y58.2 E0.01829
G1 X56.2 Y58.2 E0.12639
G1 X56.2 Y59.3 E0.01829
G1 X63.8 Y59.3 E0.12639
G0 F7200 X63.8 Y59.1
G1 F1500 E-6.5
G0 F7200 X63.52 Y59.02
G0 X56.43 Y58.925
G0 X55.335 Y58.925
G0 X53.425 Y58.925
;TYPE:WALL-INNER
G1 F1500 E6.5
G1 F4114.3 X53.425 Y58.575 E0.00509
G1 X46.575 Y58.575 E0.09968
G1 X46.575 Y58.925 E0.00509
G1 X53.425 Y58.925 E0.09968
G0 F7200 X53.8 Y59.3
;TYPE:WALL-OUTER
G1 F1800 X53.8 Y58.2 E0.01829
G1 X46.2 Y58.2 E0.12639
G1 X46.2 Y59.3 E0.01829
G1 X53.8 Y59.3 E0.12639
G0 F7200 X53.8 Y59.1
G1 F1500 E-6.5
G0 F7200 X53.52 Y59.02
G0 X46.43 Y58.925
G0 X45.335 Y58.925
G0 X43.425 Y58.925
;TYPE:WALL-INNER
G1 F1500 E6.5
G1 F4114.3 X43.425 Y58.575 E0.00509
G1 X36.575 Y58.575 E0.09968
G1 X36.575 Y58.925 E0.00509
G1 X43.425 Y58.925 E0.09968
G0 F7200 X43.8 Y59.3
;TYPE:WALL-OUTER
G1 F1800 X43.8 Y58.2 E0.01829
G1 X36.2 Y58.2 E0.12639
G1 X36.2 Y59.3 E0.01829
G1 X43.8 Y59.3 E0.12639
G0 F7200 X43.8 Y59.1
G1 F1500 E-6.5
;MESH:NONMESH
G0 F600 X43.8 Y59.1 Z4.8
G0 F7200 X43.52 Y59.02
G0 X43.425 Y57.335
G0 X43.425 Y42.665
G0 X43.425 Y41.425
;TIME_ELAPSED:1042.165637
;LAYER:45
;TYPE:WALL-INNER
;MESH:pin.stl
G1 F1500 E6.5
G1 F4114.3 X43.425 Y41.075 E0.00509
G1 X36.575 Y41.075 E0.09968
G1 X36.575 Y41.425 E0.00509
G1 X43.425 Y41.425 E0.09968
G0 F7200 X43.8 Y41.8
;TYPE:WALL-OUTER
G1 F1800 X43.8 Y40.7 E0.01829
G1 X36.2 Y40.7 E0.12639
G1 X36.2 Y41.8 E0.01829
G1 X43.8 Y41.8 E0.12639
G0 F7200 X43.8 Y41.6
G1 F1500 E-6.5
G0 F7200 X43.52 Y41.52
G0 X44.665 Y41.425
G0 X53.425 Y41.425
;TYPE:WALL-INNER
G1 F1500 E6.5
G1 F4114.3 X53.425 Y41.075 E0.00509
G1 X46.575 Y41.075 E0.09968
G1 X46.575 Y41.425 E0.00509
G1 X53.425 Y41.425 E0.09968
G0 F7200 X53.8 Y41.8
;TYPE:WALL-OUTER
G1 F1800 X53.8 Y40.7 E0.01829
G1 X46.2 Y40.7 E0.12639
G1 X46.2 Y41.8 E0.01829
G1 X53.8 Y41.8 E0.12639
G0 F7200 X53.8 Y41.6
G1 F1500 E-6.5
G0 F7200 X53.52 Y41.52
G0 X54.665 Y41.425
G0 X63.425 Y41.425
;TYPE:WALL-INNER
G1 F1500 E6.5
G1 F4114.3 X63.425 Y41.075 E0.00509
G1 X56.575 Y41.075 E0.09968
G1 X56.575 Y41.425 E0.00509
G1 X63.425 Y41.425 E0.09968
G0 F7200 X63.8 Y41.8
;TYPE:WALL-OUTER
G1 F1800 X63.8 Y40.7 E0.01829
G1 X56.2 Y40.7 E0.12639
G1 X56.2 Y41.8 E0.01829
G1 X63.8 Y41.8 E0.12639
G0 F7200 X63.8 Y41.6
G1 F1500 E-6.5
G0 F7200 X63.52 Y41.52
G0 X63.425 Y42.665
G0 X63.425 Y57.335
G0 X63.425 Y58.925
;TYPE:WALL-INNER
G1 F1500 E6.5
G1 F4114.3 X63.425 Y58.575 E0.00509
G1 X56.575 Y58.575 E0.09968
G1 X56.575 Y58.925 E0.00509
G1 X63.425 Y58.925 E0.09968
G0 F7200 X63.8 Y59.3
;TYPE:WALL-OUTER
G1 F1800 X63.8 Y58.2 E0.01829
G1 X56.2 Y58.2 E0.12639
G1 X56.2 Y59.3 E0.01829
G1 X63.8 Y59.3 E0.12639
G0 F7200 X63.8 Y59.1
G1 F1500 E-6.5
G0 F7200 X63.52 Y59.02
G0 X56.43 Y58.925
G0 X55.335 Y58.925
G0 X53.425 Y58.925
;TYPE:WALL-INNER
G1 F1500 E6.5
G1 F4114.3 X53.425 Y58.575 E0.00509
G1 X46.575 Y58.575 E0.09968
G1 X46.575 Y58.925 E0.00509
G1 X53.425 Y58.925 E0.09968
G0 F7200 X53.8 Y59.3
;TYPE:WALL-OUTER
G1 F1800 X53.8 Y58.2 E0.01829
G1 X46.2 Y58.2 E0.12639
G1 X46.2 Y59.3 E0.01829
G1 X53.8 Y59.3 E0.12639
G0 F7200 X53.8 Y59.1
G1 F1500 E-6.5
G0 F7200 X53.52 Y59.02
G0 X46.43 Y58.925
G0 X45.335 Y58.925
G0 X43.425 Y58.925
;TYPE:WALL-INNER
G1 F1500 E6.5
G1 F4114.3 X43.425 Y58.575 E0.00509
G1 X36.575 Y58.575 E0.09968
G1 X36.575 Y58.925 E0.00509
G1 X43.425 Y58.925 E0.09968
G0 F7200 X43.8 Y59.3
;TYPE:WALL-OUTER
G1 F1800 X43.8 Y58.2 E0.01829
G1 X36.2 Y58.2 E0.12639
G1 X36.2 Y59.3 E0.01829
G1 X43.8 Y59.3 E0.12639
G0 F7200 X43.8 Y59.1
G1 F1500 E-6.5
;MESH:NONMESH
G0 F600 X43.8 Y59.1 Z4.9
G0 F7200 X43.52 Y59.02
G0 X43.425 Y57.335
G0 X43.425 Y42.665
G0 X43.425 Y41.425
;TIME_ELAPSED:1051.358107
;LAYER:46
;TYPE:WALL-INNER
;MESH:pin.stl
G1 F1500 E6.5
G1 F4114.3 X43.425 Y41.075 E0.00509
G1 X36.575 Y41.075 E0.09968
G1 X36.575 Y41.425 E0.00509
G1 X43.425 Y41.425 E0.09968
G0 F7200 X43.8 Y41.8
;TYPE:WALL-OUTER
G1 F1800 X43.8 Y40.7 E0.01829
G1 X36.2 Y40.7 E0.12639
G1 X36.2 Y41.8 E0.01829
G1 X43.8 Y41.8 E0.12639
G0 F7200 X43.8 Y41.6
G1 F1500 E-6.5
G0 F7200 X43.52 Y41.52
G0 X44.665 Y41.425
G0 X53.425 Y41.425
;TYPE:WALL-INNER
G1 F1500 E6.5
G1 F4114.3 X53.425 Y41.075 E0.00509
G1 X46.575 Y41.075 E0.09968
G1 X46.575 Y41.425 E0.00509
G1 X53.425 Y41.425 E0.09968
G0 F7200 X53.8 Y41.8
;TYPE:WALL-OUTER
G1 F1800 X53.8 Y40.7 E0.01829
G1 X46.2 Y40.7 E0.12639
G1 X46.2 Y41.8 E0.01829
G1 X53.8 Y41.8 E0.12639
G0 F7200 X53.8 Y41.6
G1 F1500 E-6.5
G0 F7200 X53.52 Y41.52
G0 X54.665 Y41.425
G0 X63.425 Y41.425
;TYPE:WALL-INNER
G1 F1500 E6.5
G1 F4114.3 X63.425 Y41.075 E0.00509
G1 X56.575 Y41.075 E0.09968
G1 X56.575 Y41.425 E0.00509
G1 X63.425 Y41.425 E0.09968
G0 F7200 X63.8 Y41.8
;TYPE:WALL-OUTER
G1 F1800 X63.8 Y40.7 E0.01829
G1 X56.2 Y40.7 E0.12639
G1 X56.2 Y41.8 E0.01829
G1 X63.8 Y41.8 E0.12639
G0 F7200 X63.8 Y41.6
G1 F1500 E-6.5
G0 F7200 X63.52 Y41.52
G0 X63.425 Y42.665
G0 X63.425 Y57.335
G0 X63.425 Y58.925
;TYPE:WALL-INNER
G1 F1500 E6.5
G1 F4114.3 X63.425 Y58.575 E0.00509
G1 X56.575 Y58.575 E0.09968
G1 X56.575 Y58.925 E0.00509
G1 X63.425 Y58.925 E0.09968
G0 F7200 X63.8 Y59.3
;TYPE:WALL-OUTER
G1 F1800 X63.8 Y58.2 E0.01829
G1 X56.2 Y58.2 E0.12639
G1 X56.2 Y59.3 E0.01829
G1 X63.8 Y59.3 E0.12639
G0 F7200 X63.8 Y59.1
G1 F1500 E-6.5
G0 F7200 X63.52 Y59.02
G0 X56.43 Y58.925
G0 X55.335 Y58.925
G0 X53.425 Y58.925
;TYPE:WALL-INNER
G1 F1500 E6.5
G1 F4114.3 X53.425 Y58.575 E0.00509
G1 X46.575 Y58.575 E0.09968
G1 X46.575 Y58.925 E0.00509
G1 X53.425 Y58.925 E0.09968
G0 F7200 X53.8 Y59.3
;TYPE:WALL-OUTER
G1 F1800 X53.8 Y58.2 E0.01829
G1 X46.2 Y58.2 E0.12639
G1 X46.2 Y59.3 E0.01829
G1 X53.8 Y59.3 E0.12639
G0 F7200 X53.8 Y59.1
G1 F1500 E-6.5
G0 F7200 X53.52 Y59.02
G0 X46.43 Y58.925
G0 X45.335 Y58.925
G0 X43.425 Y58.925
;TYPE:WALL-INNER
G1 F1500 E6.5
G1 F4114.3 X43.425 Y58.575 E0.00509
G1 X36.575 Y58.575 E0.09968
G1 X36.575 Y58.925 E0.00509
G1 X43.425 Y58.925 E0.09968
G0 F7200 X43.8 Y59.3
;TYPE:WALL-OUTER
G1 F1800 X43.8 Y58.2 E0.01829
G1 X36.2 Y58.2 E0.12639
G1 X36.2 Y59.3 E0.01829
G1 X43.8 Y59.3 E0.12639
G0 F7200 X43.8 Y59.1
G1 F1500 E-6.5
;MESH:NONMESH
G0 F600 X43.8 Y59.1 Z5
G0 F7200 X43.52 Y59.02
G0 X43.425 Y57.335
G0 X43.425 Y42.665
G0 X43.425 Y41.425
;TIME_ELAPSED:1060.550577
;LAYER:47
;TYPE:WALL-INNER
;MESH:pin.stl
G1 F1500 E6.5
G1 F4114.3 X43.425 Y41.075 E0.00509
G1 X36.575 Y41.075 E0.09968
G1 X36.575 Y41.425 E0.00509
G1 X43.425 Y41.425 E0.09968
G0 F7200 X43.8 Y41.8
;TYPE:WALL-OUTER
G1 F1800 X43.8 Y40.7 E0.01829
G1 X36.2 Y40.7 E0.12639
G1 X36.2 Y41.8 E0.01829
G1 X43.8 Y41.8 E0.12639
G0 F7200 X43.8 Y41.6
G1 F1500 E-6.5
G0 F7200 X43.52 Y41.52
G0 X44.665 Y41.425
G0 X53.425 Y41.425
;TYPE:WALL-INNER
G1 F1500 E6.5
G1 F4114.3 X53.425 Y41.075 E0.00509
G1 X46.575 Y41.075 E0.09968
G1 X46.575 Y41.425 E0.00509
G1 X53.425 Y41.425 E0.09968
G0 F7200 X53.8 Y41.8
;TYPE:WALL-OUTER
G1 F1800 X53.8 Y40.7 E0.01829
G1 X46.2 Y40.7 E0.12639
G1 X46.2 Y41.8 E0.01829
G1 X53.8 Y41.8 E0.12639
G0 F7200 X53.8 Y41.6
G1 F1500 E-6.5
G0 F7200 X53.52 Y41.52
G0 X54.665 Y41.425
G0 X63.425 Y41.425
;TYPE:WALL-INNER
G1 F1500 E6.5
G1 F4114.3 X63.425 Y41.075 E0.00509
G1 X56.575 Y41.075 E0.09968
G1 X56.575 Y41.425 E0.00509
G1 X63.425 Y41.425 E0.09968
G0 F7200 X63.8 Y41.8
;TYPE:WALL-OUTER
G1 F1800 X63.8 Y40.7 E0.01829
G1 X56.2 Y40.7 E0.12639
G1 X56.2 Y41.8 E0.01829
G1 X63.8 Y41.8 E0.12639
G0 F7200 X63.8 Y41.6
G1 F1500 E-6.5
G0 F7200 X63.52 Y41.52
G0 X63.425 Y42.665
G0 X63.425 Y57.335
G0 X63.425 Y58.925
;TYPE:WALL-INNER
G1 F1500 E6.5
G1 F4114.3 X63.425 Y58.575 E0.00509
G1 X56.575 Y58.575 E0.09968
G1 X56.575 Y58.925 E0.00509
G1 X63.425 Y58.925 E0.09968
G0 F7200 X63.8 Y59.3
;TYPE:WALL-OUTER
G1 F1800 X63.8 Y58.2 E0.01829
G1 X56.2 Y58.2 E0.12639
G1 X56.2 Y59.3 E0.01829
G1 X63.8 Y59.3 E0.12639
G0 F7200 X63.8 Y59.1
G1 F1500 E-6.5
G0 F7200 X63.52 Y59.02
G0 X56.43 Y58.925
G0 X55.335 Y58.925
G0 X53.425 Y58.925
;TYPE:WALL-INNER
G1 F1500 E6.5
G1 F4114.3 X53.425 Y58.575 E0.00509
G1 X46.575 Y58.575 E0.09968
G1 X46.575 Y58.925 E0.00509
G1 X53.425 Y58.925 E0.09968
G0 F7200 X53.8 Y59.3
;TYPE:WALL-OUTER
G1 F1800 X53.8 Y58.2 E0.01829
G1 X46.2 Y58.2 E0.12639
G1 X46.2 Y59.3 E0.01829
G1 X53.8 Y59.3 E0.12639
G0 F7200 X53.8 Y59.1
G1 F1500 E-6.5
G0 F7200 X53.52 Y59.02
G0 X46.43 Y58.925
G0 X45.335 Y58.925
G0 X43.425 Y58.925
;TYPE:WALL-INNER
G1 F1500 E6.5
G1 F4114.3 X43.425 Y58.575 E0.00509
G1 X36.575 Y58.575 E0.09968
G1 X36.575 Y58.925 E0.00509
G1 X43.425 Y58.925 E0.09968
G0 F7200 X43.8 Y59.3
;TYPE:WALL-OUTER
G1 F1800 X43.8 Y58.2 E0.01829
G1 X36.2 Y58.2 E0.12639
G1 X36.2 Y59.3 E0.01829
G1 X43.8 Y59.3 E0.12639
G0 F7200 X43.8 Y59.1
G1 F1500 E-6.5
;MESH:NONMESH
G0 F600 X43.8 Y59.1 Z5.1
G0 F7200 X43.52 Y59.02
G0 X43.425 Y57.335
G0 X43.425 Y42.665
G0 X43.425 Y41.425
;TIME_ELAPSED:1069.743047
;LAYER:48
;TYPE:WALL-INNER
;MESH:pin.stl
G1 F1500 E6.5
G1 F4114.3 X43.425 Y41.075 E0.00509
G1 X36.575 Y41.075 E0.09968
G1 X36.575 Y41.425 E0.00509
G1 X43.425 Y41.425 E0.09968
G0 F7200 X43.8 Y41.8
;TYPE:WALL-OUTER
G1 F1800 X43.8 Y40.7 E0.01829
G1 X36.2 Y40.7 E0.12639
G1 X36.2 Y41.8 E0.01829
G1 X43.8 Y41.8 E0.12639
G0 F7200 X43.8 Y41.6
G1 F1500 E-6.5
G0 F7200 X43.52 Y41.52
G0 X44.665 Y41.425
G0 X53.425 Y41.425
;TYPE:WALL-INNER
G1 F1500 E6.5
G1 F4114.3 X53.425 Y41.075 E0.00509
G1 X46.575 Y41.075 E0.09968
G1 X46.575 Y41.425 E0.00509
G1 X53.425 Y41.425 E0.09968
G0 F7200 X53.8 Y41.8
;TYPE:WALL-OUTER
G1 F1800 X53.8 Y40.7 E0.01829
G1 X46.2 Y40.7 E0.12639
G1 X46.2 Y41.8 E0.01829
G1 X53.8 Y41.8 E0.12639
G0 F7200 X53.8 Y41.6
G1 F1500 E-6.5
G0 F7200 X53.52 Y41.52
G0 X54.665 Y41.425
G0 X63.425 Y41.425
;TYPE:WALL-INNER
G1 F1500 E6.5
G1 F4114.3 X63.425 Y41.075 E0.00509
G1 X56.575 Y41.075 E0.09968
G1 X56.575 Y41.425 E0.00509
G1 X63.425 Y41.425 E0.09968
G0 F7200 X63.8 Y41.8
;TYPE:WALL-OUTER
G1 F1800 X63.8 Y40.7 E0.01829
G1 X56.2 Y40.7 E0.12639
G1 X56.2 Y41.8 E0.01829
G1 X63.8 Y41.8 E0.12639
G0 F7200 X63.8 Y41.6
G1 F1500 E-6.5
G0 F7200 X63.52 Y41.52
G0 X63.425 Y42.665
G0 X63.425 Y57.335
G0 X63.425 Y58.925
;TYPE:WALL-INNER
G1 F1500 E6.5
G1 F4114.3 X63.425 Y58.575 E0.00509
G1 X56.575 Y58.575 E0.09968
G1 X56.575 Y58.925 E0.00509
G1 X63.425 Y58.925 E0.09968
G0 F7200 X63.8 Y59.3
;TYPE:WALL-OUTER
G1 F1800 X63.8 Y58.2 E0.01829
G1 X56.2 Y58.2 E0.12639
G1 X56.2 Y59.3 E0.01829
G1 X63.8 Y59.3 E0.12639
G0 F7200 X63.8 Y59.1
G1 F1500 E-6.5
G0 F7200 X63.52 Y59.02
G0 X56.43 Y58.925
G0 X55.335 Y58.925
G0 X53.425 Y58.925
;TYPE:WALL-INNER
G1 F1500 E6.5
G1 F4114.3 X53.425 Y58.575 E0.00509
G1 X46.575 Y58.575 E0.09968
G1 X46.575 Y58.925 E0.00509
G1 X53.425 Y58.925 E0.09968
G0 F7200 X53.8 Y59.3
;TYPE:WALL-OUTER
G1 F1800 X53.8 Y58.2 E0.01829
G1 X46.2 Y58.2 E0.12639
G1 X46.2 Y59.3 E0.01829
G1 X53.8 Y59.3 E0.12639
G0 F7200 X53.8 Y59.1
G1 F1500 E-6.5
G0 F7200 X53.52 Y59.02
G0 X46.43 Y58.925
G0 X45.335 Y58.925
G0 X43.425 Y58.925
;TYPE:WALL-INNER
G1 F1500 E6.5
G1 F4114.3 X43.425 Y58.575 E0.00509
G1 X36.575 Y58.575 E0.09968
G1 X36.575 Y58.925 E0.00509
G1 X43.425 Y58.925 E0.09968
G0 F7200 X43.8 Y59.3
;TYPE:WALL-OUTER
G1 F1800 X43.8 Y58.2 E0.01829
G1 X36.2 Y58.2 E0.12639
G1 X36.2 Y59.3 E0.01829
G1 X43.8 Y59.3 E0.12639
G0 F7200 X43.8 Y59.1
G1 F1500 E-6.5
;MESH:NONMESH
G0 F600 X43.8 Y59.1 Z5.2
G0 F7200 X43.52 Y59.02
G0 X43.425 Y57.335
G0 X43.425 Y42.665
G0 X43.425 Y41.425
;TIME_ELAPSED:1078.935518
;LAYER:49
;TYPE:WALL-INNER
;MESH:pin.stl
G1 F1500 E6.5
G1 F4114.3 X43.425 Y41.075 E0.00509
G1 X36.575 Y41.075 E0.09968
G1 X36.575 Y41.425 E0.00509
G1 X43.425 Y41.425 E0.09968
G0 F7200 X43.8 Y41.8
;TYPE:WALL-OUTER
G1 F1800 X43.8 Y40.7 E0.01829
G1 X36.2 Y40.7 E0.12639
G1 X36.2 Y41.8 E0.01829
G1 X43.8 Y41.8 E0.12639
G0 F7200 X43.8 Y41.6
G1 F1500 E-6.5
G0 F7200 X43.52 Y41.52
G0 X44.665 Y41.425
G0 X53.425 Y41.425
;TYPE:WALL-INNER
G1 F1500 E6.5
G1 F4114.3 X53.425 Y41.075 E0.00509
G1 X46.575 Y41.075 E0.09968
G1 X46.575 Y41.425 E0.00509
G1 X53.425 Y41.425 E0.09968
G0 F7200 X53.8 Y41.8
;TYPE:WALL-OUTER
G1 F1800 X53.8 Y40.7 E0.01829
G1 X46.2 Y40.7 E0.12639
G1 X46.2 Y41.8 E0.01829
G1 X53.8 Y41.8 E0.12639
G0 F7200 X53.8 Y41.6
G1 F1500 E-6.5
G0 F7200 X53.52 Y41.52
G0 X54.665 Y41.425
G0 X63.425 Y41.425
;TYPE:WALL-INNER
G1 F1500 E6.5
G1 F4114.3 X63.425 Y41.075 E0.00509
G1 X56.575 Y41.075 E0.09968
G1 X56.575 Y41.425 E0.00509
G1 X63.425 Y41.425 E0.09968
G0 F7200 X63.8 Y41.8
;TYPE:WALL-OUTER
G1 F1800 X63.8 Y40.7 E0.01829
G1 X56.2 Y40.7 E0.12639
G1 X56.2 Y41.8 E0.01829
G1 X63.8 Y41.8 E0.12639
G0 F7200 X63.8 Y41.6
G1 F1500 E-6.5
G0 F7200 X63.52 Y41.52
G0 X63.425 Y42.665
G0 X63.425 Y57.335
G0 X63.425 Y58.925
;TYPE:WALL-INNER
G1 F1500 E6.5
G1 F4114.3 X63.425 Y58.575 E0.00509
G1 X56.575 Y58.575 E0.09968
G1 X56.575 Y58.925 E0.00509
G1 X63.425 Y58.925 E0.09968
G0 F7200 X63.8 Y59.3
;TYPE:WALL-OUTER
G1 F1800 X63.8 Y58.2 E0.01829
G1 X56.2 Y58.2 E0.12639
G1 X56.2 Y59.3 E0.01829
G1 X63.8 Y59.3 E0.12639
G0 F7200 X63.8 Y59.1
G1 F1500 E-6.5
G0 F7200 X63.52 Y59.02
G0 X56.43 Y58.925
G0 X55.335 Y58.925
G0 X53.425 Y58.925
;TYPE:WALL-INNER
G1 F1500 E6.5
G1 F4114.3 X53.425 Y58.575 E0.00509
G1 X46.575 Y58.575 E0.09968
G1 X46.575 Y58.925 E0.00509
G1 X53.425 Y58.925 E0.09968
G0 F7200 X53.8 Y59.3
;TYPE:WALL-OUTER
G1 F1800 X53.8 Y58.2 E0.01829
G1 X46.2 Y58.2 E0.12639
G1 X46.2 Y59.3 E0.01829
G1 X53.8 Y59.3 E0.12639
G0 F7200 X53.8 Y59.1
G1 F1500 E-6.5
G0 F7200 X53.52 Y59.02
G0 X46.43 Y58.925
G0 X45.335 Y58.925
G0 X43.425 Y58.925
;TYPE:WALL-INNER
G1 F1500 E6.5
G1 F4114.3 X43.425 Y58.575 E0.00509
G1 X36.575 Y58.575 E0.09968
G1 X36.575 Y58.925 E0.00509
G1 X43.425 Y58.925 E0.09968
G0 F7200 X43.8 Y59.3
;TYPE:WALL-OUTER
G1 F1800 X43.8 Y58.2 E0.01829
G1 X36.2 Y58.2 E0.12639
G1 X36.2 Y59.3 E0.01829
G1 X43.8 Y59.3 E0.12639
G0 F7200 X43.8 Y59.1
G1 F1500 E-6.5
;MESH:NONMESH
G0 F600 X43.8 Y59.1 Z5.3
G0 F7200 X43.52 Y59.02
G0 X43.425 Y57.335
G0 X43.425 Y42.665
G0 X43.425 Y41.425
;TIME_ELAPSED:1088.127988
;LAYER:50
;TYPE:WALL-INNER
;MESH:pin.stl
G1 F1500 E6.5
G1 F4114.3 X43.425 Y41.075 E0.00509
G1 X36.575 Y41.075 E0.09968
G1 X36.575 Y41.425 E0.00509
G1 X43.425 Y41.425 E0.09968
G0 F7200 X43.8 Y41.8
;TYPE:WALL-OUTER
G1 F1800 X43.8 Y40.7 E0.01829
G1 X36.2 Y40.7 E0.12639
G1 X36.2 Y41.8 E0.01829
G1 X43.8 Y41.8 E0.12639
G0 F7200 X43.8 Y41.6
G1 F1500 E-6.5
G0 F7200 X43.52 Y41.52
G0 X44.665 Y41.425
G0 X53.425 Y41.425
;TYPE:WALL-INNER
G1 F1500 E6.5
G1 F4114.3 X53.425 Y41.075 E0.00509
G1 X46.575 Y41.075 E0.09968
G1 X46.575 Y41.425 E0.00509
G1 X53.425 Y41.425 E0.09968
G0 F7200 X53.8 Y41.8
;TYPE:WALL-OUTER
G1 F1800 X53.8 Y40.7 E0.01829
G1 X46.2 Y40.7 E0.12639
G1 X46.2 Y41.8 E0.01829
G1 X53.8 Y41.8 E0.12639
G0 F7200 X53.8 Y41.6
G1 F1500 E-6.5
G0 F7200 X53.52 Y41.52
G0 X54.665 Y41.425
G0 X63.425 Y41.425
;TYPE:WALL-INNER
G1 F1500 E6.5
G1 F4114.3 X63.425 Y41.075 E0.00509
G1 X56.575 Y41.075 E0.09968
G1 X56.575 Y41.425 E0.00509
G1 X63.425 Y41.425 E0.09968
G0 F7200 X63.8 Y41.8
;TYPE:WALL-OUTER
G1 F1800 X63.8 Y40.7 E0.01829
G1 X56.2 Y40.7 E0.12639
G1 X56.2 Y41.8 E0.01829
G1 X63.8 Y41.8 E0.12639
G0 F7200 X63.8 Y41.6
G1 F1500 E-6.5
G0 F7200 X63.52 Y41.52
G0 X63.425 Y42.665
G0 X63.425 Y57.335
G0 X63.425 Y58.925
;TYPE:WALL-INNER
G1 F1500 E6.5
G1 F4114.3 X63.425 Y58.575 E0.00509
G1 X56.575 Y58.575 E0.09968
G1 X56.575 Y58.925 E0.00509
G1 X63.425 Y58.925 E0.09968
G0 F7200 X63.8 Y59.3
;TYPE:WALL-OUTER
G1 F1800 X63.8 Y58.2 E0.01829
G1 X56.2 Y58.2 E0.12639
G1 X56.2 Y59.3 E0.01829
G1 X63.8 Y59.3 E0.12639
G0 F7200 X63.8 Y59.1
G1 F1500 E-6.5
G0 F7200 X63.52 Y59.02
G0 X56.43 Y58.925
G0 X55.335 Y58.925
G0 X53.425 Y58.925
;TYPE:WALL-INNER
G1 F1500 E6.5
G1 F4114.3 X53.425 Y58.575 E0.00509
G1 X46.575 Y58.575 E0.09968
G1 X46.575 Y58.925 E0.00509
G1 X53.425 Y58.925 E0.09968
G0 F7200 X53.8 Y59.3
;TYPE:WALL-OUTER
G1 F1800 X53.8 Y58.2 E0.01829
G1 X46.2 Y58.2 E0.12639
G1 X46.2 Y59.3 E0.01829
G1 X53.8 Y59.3 E0.12639
G0 F7200 X53.8 Y59.1
G1 F1500 E-6.5
G0 F7200 X53.52 Y59.02
G0 X46.43 Y58.925
G0 X45.335 Y58.925
G0 X43.425 Y58.925
;TYPE:WALL-INNER
G1 F1500 E6.5
G1 F4114.3 X43.425 Y58.575 E0.00509
G1 X36.575 Y58.575 E0.09968
G1 X36.575 Y58.925 E0.00509
G1 X43.425 Y58.925 E0.09968
G0 F7200 X43.8 Y59.3
;TYPE:WALL-OUTER
G1 F1800 X43.8 Y58.2 E0.01829
G1 X36.2 Y58.2 E0.12639
G1 X36.2 Y59.3 E0.01829
G1 X43.8 Y59.3 E0.12639
G0 F7200 X43.8 Y59.1
G1 F1500 E-6.5
;MESH:NONMESH
G0 F600 X43.8 Y59.1 Z5.4
G0 F7200 X43.52 Y59.02
G0 X43.425 Y57.335
G0 X43.425 Y42.665
G0 X43.425 Y41.425
;TIME_ELAPSED:1097.320458
;LAYER:51
;TYPE:WALL-INNER
;MESH:pin.stl
G1 F1500 E6.5
G1 F4114.3 X43.425 Y41.075 E0.00509
G1 X36.575 Y41.075 E0.09968
G1 X36.575 Y41.425 E0.00509
G1 X43.425 Y41.425 E0.09968
G0 F7200 X43.8 Y41.8
;TYPE:WALL-OUTER
G1 F1800 X43.8 Y40.7 E0.01829
G1 X36.2 Y40.7 E0.12639
G1 X36.2 Y41.8 E0.01829
G1 X43.8 Y41.8 E0.12639
G0 F7200 X43.8 Y41.6
G1 F1500 E-6.5
G0 F7200 X43.52 Y41.52
G0 X44.665 Y41.425
G0 X53.425 Y41.425
;TYPE:WALL-INNER
G1 F1500 E6.5
G1 F4114.3 X53.425 Y41.075 E0.00509
G1 X46.575 Y41.075 E0.09968
G1 X46.575 Y41.425 E0.00509
G1 X53.425 Y41.425 E0.09968
G0 F7200 X53.8 Y41.8
;TYPE:WALL-OUTER
G1 F1800 X53.8 Y40.7 E0.01829
G1 X46.2 Y40.7 E0.12639
G1 X46.2 Y41.8 E0.01829
G1 X53.8 Y41.8 E0.12639
G0 F7200 X53.8 Y41.6
G1 F1500 E-6.5
G0 F7200 X53.52 Y41.52
G0 X54.665 Y41.425
G0 X63.425 Y41.425
;TYPE:WALL-INNER
G1 F1500 E6.5
G1 F4114.3 X63.425 Y41.075 E0.00509
G1 X56.575 Y41.075 E0.09968
G1 X56.575 Y41.425 E0.00509
G1 X63.425 Y41.425 E0.09968
G0 F7200 X63.8 Y41.8
;TYPE:WALL-OUTER
G1 F1800 X63.8 Y40.7 E0.01829
G1 X56.2 Y40.7 E0.12639
G1 X56.2 Y41.8 E0.01829
G1 X63.8 Y41.8 E0.12639
G0 F7200 X63.8 Y41.6
G1 F1500 E-6.5
G0 F7200 X63.52 Y41.52
G0 X63.425 Y42.665
G0 X63.425 Y57.335
G0 X63.425 Y58.925
;TYPE:WALL-INNER
G1 F1500 E6.5
G1 F4114.3 X63.425 Y58.575 E0.00509
G1 X56.575 Y58.575 E0.09968
G1 X56.575 Y58.925 E0.00509
G1 X63.425 Y58.925 E0.09968
G0 F7200 X63.8 Y59.3
;TYPE:WALL-OUTER
G1 F1800 X63.8 Y58.2 E0.01829
G1 X56.2 Y58.2 E0.12639
G1 X56.2 Y59.3 E0.01829
G1 X63.8 Y59.3 E0.12639
G0 F7200 X63.8 Y59.1
G1 F1500 E-6.5
G0 F7200 X63.52 Y59.02
G0 X56.43 Y58.925
G0 X55.335 Y58.925
G0 X53.425 Y58.925
;TYPE:WALL-INNER
G1 F1500 E6.5
G1 F4114.3 X53.425 Y58.575 E0.00509
G1 X46.575 Y58.575 E0.09968
G1 X46.575 Y58.925 E0.00509
G1 X53.425 Y58.925 E0.09968
G0 F7200 X53.8 Y59.3
;TYPE:WALL-OUTER
G1 F1800 X53.8 Y58.2 E0.01829
G1 X46.2 Y58.2 E0.12639
G1 X46.2 Y59.3 E0.01829
G1 X53.8 Y59.3 E0.12639
G0 F7200 X53.8 Y59.1
G1 F1500 E-6.5
G0 F7200 X53.52 Y59.02
G0 X46.43 Y58.925
G0 X45.335 Y58.925
G0 X43.425 Y58.925
;TYPE:WALL-INNER
G1 F1500 E6.5
G1 F4114.3 X43.425 Y58.575 E0.00509
G1 X36.575 Y58.575 E0.09968
G1 X36.575 Y58.925 E0.00509
G1 X43.425 Y58.925 E0.09968
G0 F7200 X43.8 Y59.3
;TYPE:WALL-OUTER
G1 F1800 X43.8 Y58.2 E0.01829
G1 X36.2 Y58.2 E0.12639
G1 X36.2 Y59.3 E0.01829
G1 X43.8 Y59.3 E0.12639
G0 F7200 X43.8 Y59.1
G1 F1500 E-6.5
;MESH:NONMESH
G0 F600 X43.8 Y59.1 Z5.5
G0 F7200 X43.52 Y59.02
G0 X43.425 Y57.335
G0 X43.425 Y42.665
G0 X43.425 Y41.425
;TIME_ELAPSED:1106.512928
;LAYER:52
;TYPE:WALL-INNER
;MESH:pin.stl
G1 F1500 E6.5
G1 F4114.3 X43.425 Y41.075 E0.00509
G1 X36.575 Y41.075 E0.09968
G1 X36.575 Y41.425 E0.00509
G1 X43.425 Y41.425 E0.09968
G0 F7200 X43.8 Y41.8
;TYPE:WALL-OUTER
G1 F1800 X43.8 Y40.7 E0.01829
G1 X36.2 Y40.7 E0.12639
G1 X36.2 Y41.8 E0.01829
G1 X43.8 Y41.8 E0.12639
G0 F7200 X43.8 Y41.6
G1 F1500 E-6.5
G0 F7200 X43.52 Y41.52
G0 X44.665 Y41.425
G0 X53.425 Y41.425
;TYPE:WALL-INNER
G1 F1500 E6.5
G1 F4114.3 X53.425 Y41.075 E0.00509
G1 X46.575 Y41.075 E0.09968
G1 X46.575 Y41.425 E0.00509
G1 X53.425 Y41.425 E0.09968
G0 F7200 X53.8 Y41.8
;TYPE:WALL-OUTER
G1 F1800 X53.8 Y40.7 E0.01829
G1 X46.2 Y40.7 E0.12639
G1 X46.2 Y41.8 E0.01829
G1 X53.8 Y41.8 E0.12639
G0 F7200 X53.8 Y41.6
G1 F1500 E-6.5
G0 F7200 X53.52 Y41.52
G0 X54.665 Y41.425
G0 X63.425 Y41.425
;TYPE:WALL-INNER
G1 F1500 E6.5
G1 F4114.3 X63.425 Y41.075 E0.00509
G1 X56.575 Y41.075 E0.09968
G1 X56.575 Y41.425 E0.00509
G1 X63.425 Y41.425 E0.09968
G0 F7200 X63.8 Y41.8
;TYPE:WALL-OUTER
G1 F1800 X63.8 Y40.7 E0.01829
G1 X56.2 Y40.7 E0.12639
G1 X56.2 Y41.8 E0.01829
G1 X63.8 Y41.8 E0.12639
G0 F7200 X63.8 Y41.6
G1 F1500 E-6.5
G0 F7200 X63.52 Y41.52
G0 X63.425 Y42.665
G0 X63.425 Y57.335
G0 X63.425 Y58.925
;TYPE:WALL-INNER
G1 F1500 E6.5
G1 F4114.3 X63.425 Y58.575 E0.00509
G1 X56.575 Y58.575 E0.09968
G1 X56.575 Y58.925 E0.00509
G1 X63.425 Y58.925 E0.09968
G0 F7200 X63.8 Y59.3
;TYPE:WALL-OUTER
G1 F1800 X63.8 Y58.2 E0.01829
G1 X56.2 Y58.2 E0.12639
G1 X56.2 Y59.3 E0.01829
G1 X63.8 Y59.3 E0.12639
G0 F7200 X63.8 Y59.1
G1 F1500 E-6.5
G0 F7200 X63.52 Y59.02
G0 X56.43 Y58.925
G0 X55.335 Y58.925
G0 X53.425 Y58.925
;TYPE:WALL-INNER
G1 F1500 E6.5
G1 F4114.3 X53.425 Y58.575 E0.00509
G1 X46.575 Y58.575 E0.09968
G1 X46.575 Y58.925 E0.00509
G1 X53.425 Y58.925 E0.09968
G0 F7200 X53.8 Y59.3
;TYPE:WALL-OUTER
G1 F1800 X53.8 Y58.2 E0.01829
G1 X46.2 Y58.2 E0.12639
G1 X46.2 Y59.3 E0.01829
G1 X53.8 Y59.3 E0.12639
G0 F7200 X53.8 Y59.1
G1 F1500 E-6.5
G0 F7200 X53.52 Y59.02
G0 X46.43 Y58.925
G0 X45.335 Y58.925
G0 X43.425 Y58.925
;TYPE:WALL-INNER
G1 F1500 E6.5
G1 F4114.3 X43.425 Y58.575 E0.00509
G1 X36.575 Y58.575 E0.09968
G1 X36.575 Y58.925 E0.00509
G1 X43.425 Y58.925 E0.09968
G0 F7200 X43.8 Y59.3
;TYPE:WALL-OUTER
G1 F1800 X43.8 Y58.2 E0.01829
G1 X36.2 Y58.2 E0.12639
G1 X36.2 Y59.3 E0.01829
G1 X43.8 Y59.3 E0.12639
G0 F7200 X43.8 Y59.1
G1 F1500 E-6.5
;MESH:NONMESH
G0 F600 X43.8 Y59.1 Z5.6
G0 F7200 X43.52 Y59.02
G0 X43.425 Y57.335
G0 X43.425 Y42.665
G0 X43.425 Y41.425
;TIME_ELAPSED:1115.705398
;LAYER:53
;TYPE:WALL-INNER
;MESH:pin.stl
G1 F1500 E6.5
G1 F4114.3 X43.425 Y41.075 E0.00509
G1 X36.575 Y41.075 E0.09968
G1 X36.575 Y41.425 E0.00509
G1 X43.425 Y41.425 E0.09968
G0 F7200 X43.8 Y41.8
;TYPE:WALL-OUTER
G1 F1800 X43.8 Y40.7 E0.01829
G1 X36.2 Y40.7 E0.12639
G1 X36.2 Y41.8 E0.01829
G1 X43.8 Y41.8 E0.12639
G0 F7200 X43.8 Y41.6
G1 F1500 E-6.5
G0 F7200 X43.52 Y41.52
G0 X44.665 Y41.425
G0 X53.425 Y41.425
;TYPE:WALL-INNER
G1 F1500 E6.5
G1 F4114.3 X53.425 Y41.075 E0.00509
G1 X46.575 Y41.075 E0.09968
G1 X46.575 Y41.425 E0.00509
G1 X53.425 Y41.425 E0.09968
G0 F7200 X53.8 Y41.8
;TYPE:WALL-OUTER
G1 F1800 X53.8 Y40.7 E0.01829
G1 X46.2 Y40.7 E0.12639
G1 X46.2 Y41.8 E0.01829
G1 X53.8 Y41.8 E0.12639
G0 F7200 X53.8 Y41.6
G1 F1500 E-6.5
G0 F7200 X53.52 Y41.52
G0 X54.665 Y41.425
G0 X63.425 Y41.425
;TYPE:WALL-INNER
G1 F1500 E6.5
G1 F4114.3 X63.425 Y41.075 E0.00509
G1 X56.575 Y41.075 E0.09968
G1 X56.575 Y41.425 E0.00509
G1 X63.425 Y41.425 E0.09968
G0 F7200 X63.8 Y41.8
;TYPE:WALL-OUTER
G1 F1800 X63.8 Y40.7 E0.01829
G1 X56.2 Y40.7 E0.12639
G1 X56.2 Y41.8 E0.01829
G1 X63.8 Y41.8 E0.12639
G0 F7200 X63.8 Y41.6
G1 F1500 E-6.5
G0 F7200 X63.52 Y41.52
G0 X63.425 Y42.665
G0 X63.425 Y57.335
G0 X63.425 Y58.925
;TYPE:WALL-INNER
G1 F1500 E6.5
G1 F4114.3 X63.425 Y58.575 E0.00509
G1 X56.575 Y58.575 E0.09968
G1 X56.575 Y58.925 E0.00509
G1 X63.425 Y58.925 E0.09968
G0 F7200 X63.8 Y59.3
;TYPE:WALL-OUTER
G1 F1800 X63.8 Y58.2 E0.01829
G1 X56.2 Y58.2 E0.12639
G1 X56.2 Y59.3 E0.01829
G1 X63.8 Y59.3 E0.12639
G0 F7200 X63.8 Y59.1
G1 F1500 E-6.5
G0 F7200 X63.52 Y59.02
G0 X56.43 Y58.925
G0 X55.335 Y58.925
G0 X53.425 Y58.925
;TYPE:WALL-INNER
G1 F1500 E6.5
G1 F4114.3 X53.425 Y58.575 E0.00509
G1 X46.575 Y58.575 E0.09968
G1 X46.575 Y58.925 E0.00509
G1 X53.425 Y58.925 E0.09968
G0 F7200 X53.8 Y59.3
;TYPE:WALL-OUTER
G1 F1800 X53.8 Y58.2 E0.01829
G1 X46.2 Y58.2 E0.12639
G1 X46.2 Y59.3 E0.01829
G1 X53.8 Y59.3 E0.12639
G0 F7200 X53.8 Y59.1
G1 F1500 E-6.5
G0 F7200 X53.52 Y59.02
G0 X46.43 Y58.925
G0 X45.335 Y58.925
G0 X43.425 Y58.925
;TYPE:WALL-INNER
G1 F1500 E6.5
G1 F4114.3 X43.425 Y58.575 E0.00509
G1 X36.575 Y58.575 E0.09968
G1 X36.575 Y58.925 E0.00509
G1 X43.425 Y58.925 E0.09968
G0 F7200 X43.8 Y59.3
;TYPE:WALL-OUTER
G1 F1800 X43.8 Y58.2 E0.01829
G1 X36.2 Y58.2 E0.12639
G1 X36.2 Y59.3 E0.01829
G1 X43.8 Y59.3 E0.12639
G0 F7200 X43.8 Y59.1
G1 F1500 E-6.5
;MESH:NONMESH
G0 F600 X43.8 Y59.1 Z5.7
G0 F7200 X43.52 Y59.02
G0 X43.425 Y57.335
G0 X43.425 Y42.665
G0 X43.425 Y41.425
;TIME_ELAPSED:1124.897869
;LAYER:54
;TYPE:WALL-INNER
;MESH:pin.stl
G1 F1500 E6.5
G1 F4114.3 X43.425 Y41.075 E0.00509
G1 X36.575 Y41.075 E0.09968
G1 X36.575 Y41.425 E0.00509
G1 X43.425 Y41.425 E0.09968
G0 F7200 X43.8 Y41.8
;TYPE:WALL-OUTER
G1 F1800 X43.8 Y40.7 E0.01829
G1 X36.2 Y40.7 E0.12639
G1 X36.2 Y41.8 E0.01829
G1 X43.8 Y41.8 E0.12639
G0 F7200 X43.8 Y41.6
G1 F1500 E-6.5
G0 F7200 X43.52 Y41.52
G0 X44.665 Y41.425
G0 X53.425 Y41.425
;TYPE:WALL-INNER
G1 F1500 E6.5
G1 F4114.3 X53.425 Y41.075 E0.00509
G1 X46.575 Y41.075 E0.09968
G1 X46.575 Y41.425 E0.00509
G1 X53.425 Y41.425 E0.09968
G0 F7200 X53.8 Y41.8
;TYPE:WALL-OUTER
G1 F1800 X53.8 Y40.7 E0.01829
G1 X46.2 Y40.7 E0.12639
G1 X46.2 Y41.8 E0.01829
G1 X53.8 Y41.8 E0.12639
G0 F7200 X53.8 Y41.6
G1 F1500 E-6.5
G0 F7200 X53.52 Y41.52
G0 X54.665 Y41.425
G0 X63.425 Y41.425
;TYPE:WALL-INNER
G1 F1500 E6.5
G1 F4114.3 X63.425 Y41.075 E0.00509
G1 X56.575 Y41.075 E0.09968
G1 X56.575 Y41.425 E0.00509
G1 X63.425 Y41.425 E0.09968
G0 F7200 X63.8 Y41.8
;TYPE:WALL-OUTER
G1 F1800 X63.8 Y40.7 E0.01829
G1 X56.2 Y40.7 E0.12639
G1 X56.2 Y41.8 E0.01829
G1 X63.8 Y41.8 E0.12639
G0 F7200 X63.8 Y41.6
G1 F1500 E-6.5
G0 F7200 X63.52 Y41.52
G0 X63.425 Y42.665
G0 X63.425 Y57.335
G0 X63.425 Y58.925
;TYPE:WALL-INNER
G1 F1500 E6.5
G1 F4114.3 X63.425 Y58.575 E0.00509
G1 X56.575 Y58.575 E0.09968
G1 X56.575 Y58.925 E0.00509
G1 X63.425 Y58.925 E0.09968
G0 F7200 X63.8 Y59.3
;TYPE:WALL-OUTER
G1 F1800 X63.8 Y58.2 E0.01829
G1 X56.2 Y58.2 E0.12639
G1 X56.2 Y59.3 E0.01829
G1 X63.8 Y59.3 E0.12639
G0 F7200 X63.8 Y59.1
G1 F1500 E-6.5
G0 F7200 X63.52 Y59.02
G0 X56.43 Y58.925
G0 X55.335 Y58.925
G0 X53.425 Y58.925
;TYPE:WALL-INNER
G1 F1500 E6.5
G1 F4114.3 X53.425 Y58.575 E0.00509
G1 X46.575 Y58.575 E0.09968
G1 X46.575 Y58.925 E0.00509
G1 X53.425 Y58.925 E0.09968
G0 F7200 X53.8 Y59.3
;TYPE:WALL-OUTER
G1 F1800 X53.8 Y58.2 E0.01829
G1 X46.2 Y58.2 E0.12639
G1 X46.2 Y59.3 E0.01829
G1 X53.8 Y59.3 E0.12639
G0 F7200 X53.8 Y59.1
G1 F1500 E-6.5
G0 F7200 X53.52 Y59.02
G0 X46.43 Y58.925
G0 X45.335 Y58.925
G0 X43.425 Y58.925
;TYPE:WALL-INNER
G1 F1500 E6.5
G1 F4114.3 X43.425 Y58.575 E0.00509
G1 X36.575 Y58.575 E0.09968
G1 X36.575 Y58.925 E0.00509
G1 X43.425 Y58.925 E0.09968
G0 F7200 X43.8 Y59.3
;TYPE:WALL-OUTER
G1 F1800 X43.8 Y58.2 E0.01829
G1 X36.2 Y58.2 E0.12639
G1 X36.2 Y59.3 E0.01829
G1 X43.8 Y59.3 E0.12639
G0 F7200 X43.8 Y59.1
G1 F1500 E-6.5
;MESH:NONMESH
G0 F600 X43.8 Y59.1 Z5.8
G0 F7200 X43.52 Y59.02
G0 X43.425 Y57.335
G0 X43.425 Y42.665
G0 X43.425 Y41.425
;TIME_ELAPSED:1134.090339
;LAYER:55
;TYPE:WALL-INNER
;MESH:pin.stl
G1 F1500 E6.5
G1 F4114.3 X43.425 Y41.075 E0.00509
G1 X36.575 Y41.075 E0.09968
G1 X36.575 Y41.425 E0.00509
G1 X43.425 Y41.425 E0.09968
G0 F7200 X43.8 Y41.8
;TYPE:WALL-OUTER
G1 F1800 X43.8 Y40.7 E0.01829
G1 X36.2 Y40.7 E0.12639
G1 X36.2 Y41.8 E0.01829
G1 X43.8 Y41.8 E0.12639
G0 F7200 X43.8 Y41.6
G1 F1500 E-6.5
G0 F7200 X43.52 Y41.52
G0 X44.665 Y41.425
G0 X53.425 Y41.425
;TYPE:WALL-INNER
G1 F1500 E6.5
G1 F4114.3 X53.425 Y41.075 E0.00509
G1 X46.575 Y41.075 E0.09968
G1 X46.575 Y41.425 E0.00509
G1 X53.425 Y41.425 E0.09968
G0 F7200 X53.8 Y41.8
;TYPE:WALL-OUTER
G1 F1800 X53.8 Y40.7 E0.01829
G1 X46.2 Y40.7 E0.12639
G1 X46.2 Y41.8 E0.01829
G1 X53.8 Y41.8 E0.12639
G0 F7200 X53.8 Y41.6
G1 F1500 E-6.5
G0 F7200 X53.52 Y41.52
G0 X54.665 Y41.425
G0 X63.425 Y41.425
;TYPE:WALL-INNER
G1 F1500 E6.5
G1 F4114.3 X63.425 Y41.075 E0.00509
G1 X56.575 Y41.075 E0.09968
G1 X56.575 Y41.425 E0.00509
G1 X63.425 Y41.425 E0.09968
G0 F7200 X63.8 Y41.8
;TYPE:WALL-OUTER
G1 F1800 X63.8 Y40.7 E0.01829
G1 X56.2 Y40.7 E0.12639
G1 X56.2 Y41.8 E0.01829
G1 X63.8 Y41.8 E0.12639
G0 F7200 X63.8 Y41.6
G1 F1500 E-6.5
G0 F7200 X63.52 Y41.52
G0 X63.425 Y42.665
G0 X63.425 Y57.335
G0 X63.425 Y58.925
;TYPE:WALL-INNER
G1 F1500 E6.5
G1 F4114.3 X63.425 Y58.575 E0.00509
G1 X56.575 Y58.575 E0.09968
G1 X56.575 Y58.925 E0.00509
G1 X63.425 Y58.925 E0.09968
G0 F7200 X63.8 Y59.3
;TYPE:WALL-OUTER
G1 F1800 X63.8 Y58.2 E0.01829
G1 X56.2 Y58.2 E0.12639
G1 X56.2 Y59.3 E0.01829
G1 X63.8 Y59.3 E0.12639
G0 F7200 X63.8 Y59.1
G1 F1500 E-6.5
G0 F7200 X63.52 Y59.02
G0 X56.43 Y58.925
G0 X55.335 Y58.925
G0 X53.425 Y58.925
;TYPE:WALL-INNER
G1 F1500 E6.5
G1 F4114.3 X53.425 Y58.575 E0.00509
G1 X46.575 Y58.575 E0.09968
G1 X46.575 Y58.925 E0.00509
G1 X53.425 Y58.925 E0.09968
G0 F7200 X53.8 Y59.3
;TYPE:WALL-OUTER
G1 F1800 X53.8 Y58.2 E0.01829
G1 X46.2 Y58.2 E0.12639
G1 X46.2 Y59.3 E0.01829
G1 X53.8 Y59.3 E0.12639
G0 F7200 X53.8 Y59.1
G1 F1500 E-6.5
G0 F7200 X53.52 Y59.02
G0 X46.43 Y58.925
G0 X45.335 Y58.925
G0 X43.425 Y58.925
;TYPE:WALL-INNER
G1 F1500 E6.5
G1 F4114.3 X43.425 Y58.575 E0.00509
G1 X36.575 Y58.575 E0.09968
G1 X36.575 Y58.925 E0.00509
G1 X43.425 Y58.925 E0.09968
G0 F7200 X43.8 Y59.3
;TYPE:WALL-OUTER
G1 F1800 X43.8 Y58.2 E0.01829
G1 X36.2 Y58.2 E0.12639
G1 X36.2 Y59.3 E0.01829
G1 X43.8 Y59.3 E0.12639
G0 F7200 X43.8 Y59.1
G1 F1500 E-6.5
;MESH:NONMESH
G0 F600 X43.8 Y59.1 Z5.9
G0 F7200 X43.52 Y59.02
G0 X43.425 Y57.335
G0 X43.425 Y42.665
G0 X43.425 Y41.425
;TIME_ELAPSED:1143.282809
;LAYER:56
;TYPE:WALL-INNER
;MESH:pin.stl
G1 F1500 E6.5
G1 F4114.3 X43.425 Y41.075 E0.00509
G1 X36.575 Y41.075 E0.09968
G1 X36.575 Y41.425 E0.00509
G1 X43.425 Y41.425 E0.09968
G0 F7200 X43.8 Y41.8
;TYPE:WALL-OUTER
G1 F1800 X43.8 Y40.7 E0.01829
G1 X36.2 Y40.7 E0.12639
G1 X36.2 Y41.8 E0.01829
G1 X43.8 Y41.8 E0.12639
G0 F7200 X43.8 Y41.6
G1 F1500 E-6.5
G0 F7200 X43.52 Y41.52
G0 X44.665 Y41.425
G0 X53.425 Y41.425
;TYPE:WALL-INNER
G1 F1500 E6.5
G1 F4114.3 X53.425 Y41.075 E0.00509
G1 X46.575 Y41.075 E0.09968
G1 X46.575 Y41.425 E0.00509
G1 X53.425 Y41.425 E0.09968
G0 F7200 X53.8 Y41.8
;TYPE:WALL-OUTER
G1 F1800 X53.8 Y40.7 E0.01829
G1 X46.2 Y40.7 E0.12639
G1 X46.2 Y41.8 E0.01829
G1 X53.8 Y41.8 E0.12639
G0 F7200 X53.8 Y41.6
G1 F1500 E-6.5
G0 F7200 X53.52 Y41.52
G0 X54.665 Y41.425
G0 X63.425 Y41.425
;TYPE:WALL-INNER
G1 F1500 E6.5
G1 F4114.3 X63.425 Y41.075 E0.00509
G1 X56.575 Y41.075 E0.09968
G1 X56.575 Y41.425 E0.00509
G1 X63.425 Y41.425 E0.09968
G0 F7200 X63.8 Y41.8
;TYPE:WALL-OUTER
G1 F1800 X63.8 Y40.7 E0.01829
G1 X56.2 Y40.7 E0.12639
G1 X56.2 Y41.8 E0.01829
G1 X63.8 Y41.8 E0.12639
G0 F7200 X63.8 Y41.6
G1 F1500 E-6.5
G0 F7200 X63.52 Y41.52
G0 X63.425 Y42.665
G0 X63.425 Y57.335
G0 X63.425 Y58.925
;TYPE:WALL-INNER
G1 F1500 E6.5
G1 F4114.3 X63.425 Y58.575 E0.00509
G1 X56.575 Y58.575 E0.09968
G1 X56.575 Y58.925 E0.00509
G1 X63.425 Y58.925 E0.09968
G0 F7200 X63.8 Y59.3
;TYPE:WALL-OUTER
G1 F1800 X63.8 Y58.2 E0.01829
G1 X56.2 Y58.2 E0.12639
G1 X56.2 Y59.3 E0.01829
G1 X63.8 Y59.3 E0.12639
G0 F7200 X63.8 Y59.1
G1 F1500 E-6.5
G0 F7200 X63.52 Y59.02
G0 X56.43 Y58.925
G0 X55.335 Y58.925
G0 X53.425 Y58.925
;TYPE:WALL-INNER
G1 F1500 E6.5
G1 F4114.3 X53.425 Y58.575 E0.00509
G1 X46.575 Y58.575 E0.09968
G1 X46.575 Y58.925 E0.00509
G1 X53.425 Y58.925 E0.09968
G0 F7200 X53.8 Y59.3
;TYPE:WALL-OUTER
G1 F1800 X53.8 Y58.2 E0.01829
G1 X46.2 Y58.2 E0.12639
G1 X46.2 Y59.3 E0.01829
G1 X53.8 Y59.3 E0.12639
G0 F7200 X53.8 Y59.1
G1 F1500 E-6.5
G0 F7200 X53.52 Y59.02
G0 X46.43 Y58.925
G0 X45.335 Y58.925
G0 X43.425 Y58.925
;TYPE:WALL-INNER
G1 F1500 E6.5
G1 F4114.3 X43.425 Y58.575 E0.00509
G1 X36.575 Y58.575 E0.09968
G1 X36.575 Y58.925 E0.00509
G1 X43.425 Y58.925 E0.09968
G0 F7200 X43.8 Y59.3
;TYPE:WALL-OUTER
G1 F1800 X43.8 Y58.2 E0.01829
G1 X36.2 Y58.2 E0.12639
G1 X36.2 Y59.3 E0.01829
G1 X43.8 Y59.3 E0.12639
G0 F7200 X43.8 Y59.1
G1 F1500 E-6.5
;MESH:NONMESH
G0 F600 X43.8 Y59.1 Z6
G0 F7200 X43.52 Y59.02
G0 X43.425 Y57.335
G0 X43.425 Y42.665
G0 X43.425 Y41.425
;TIME_ELAPSED:1152.475279
;LAYER:57
;TYPE:WALL-INNER
;MESH:pin.stl
G1 F1500 E6.5
G1 F4114.3 X43.425 Y41.075 E0.00509
G1 X36.575 Y41.075 E0.09968
G1 X36.575 Y41.425 E0.00509
G1 X43.425 Y41.425 E0.09968
G0 F7200 X43.8 Y41.8
;TYPE:WALL-OUTER
G1 F1800 X43.8 Y40.7 E0.01829
G1 X36.2 Y40.7 E0.12639
G1 X36.2 Y41.8 E0.01829
G1 X43.8 Y41.8 E0.12639
G0 F7200 X43.8 Y41.6
G1 F1500 E-6.5
G0 F7200 X43.52 Y41.52
G0 X44.665 Y41.425
G0 X53.425 Y41.425
;TYPE:WALL-INNER
G1 F1500 E6.5
G1 F4114.3 X53.425 Y41.075 E0.00509
G1 X46.575 Y41.075 E0.09968
G1 X46.575 Y41.425 E0.00509
G1 X53.425 Y41.425 E0.09968
G0 F7200 X53.8 Y41.8
;TYPE:WALL-OUTER
G1 F1800 X53.8 Y40.7 E0.01829
G1 X46.2 Y40.7 E0.12639
G1 X46.2 Y41.8 E0.01829
G1 X53.8 Y41.8 E0.12639
G0 F7200 X53.8 Y41.6
G1 F1500 E-6.5
G0 F7200 X53.52 Y41.52
G0 X54.665 Y41.425
G0 X63.425 Y41.425
;TYPE:WALL-INNER
G1 F1500 E6.5
G1 F4114.3 X63.425 Y41.075 E0.00509
G1 X56.575 Y41.075 E0.09968
G1 X56.575 Y41.425 E0.00509
G1 X63.425 Y41.425 E0.09968
G0 F7200 X63.8 Y41.8
;TYPE:WALL-OUTER
G1 F1800 X63.8 Y40.7 E0.01829
G1 X56.2 Y40.7 E0.12639
G1 X56.2 Y41.8 E0.01829
G1 X63.8 Y41.8 E0.12639
G0 F7200 X63.8 Y41.6
G1 F1500 E-6.5
G0 F7200 X63.52 Y41.52
G0 X63.425 Y42.665
G0 X63.425 Y57.335
G0 X63.425 Y58.925
;TYPE:WALL-INNER
G1 F1500 E6.5
G1 F4114.3 X63.425 Y58.575 E0.00509
G1 X56.575 Y58.575 E0.09968
G1 X56.575 Y58.925 E0.00509
G1 X63.425 Y58.925 E0.09968
G0 F7200 X63.8 Y59.3
;TYPE:WALL-OUTER
G1 F1800 X63.8 Y58.2 E0.01829
G1 X56.2 Y58.2 E0.12639
G1 X56.2 Y59.3 E0.01829
G1 X63.8 Y59.3 E0.12639
G0 F7200 X63.8 Y59.1
G1 F1500 E-6.5
G0 F7200 X63.52 Y59.02
G0 X56.43 Y58.925
G0 X55.335 Y58.925
G0 X53.425 Y58.925
;TYPE:WALL-INNER
G1 F1500 E6.5
G1 F4114.3 X53.425 Y58.575 E0.00509
G1 X46.575 Y58.575 E0.09968
G1 X46.575 Y58.925 E0.00509
G1 X53.425 Y58.925 E0.09968
G0 F7200 X53.8 Y59.3
;TYPE:WALL-OUTER
G1 F1800 X53.8 Y58.2 E0.01829
G1 X46.2 Y58.2 E0.12639
G1 X46.2 Y59.3 E0.01829
G1 X53.8 Y59.3 E0.12639
G0 F7200 X53.8 Y59.1
G1 F1500 E-6.5
G0 F7200 X53.52 Y59.02
G0 X46.43 Y58.925
G0 X45.335 Y58.925
G0 X43.425 Y58.925
;TYPE:WALL-INNER
G1 F1500 E6.5
G1 F4114.3 X43.425 Y58.575 E0.00509
G1 X36.575 Y58.575 E0.09968
G1 X36.575 Y58.925 E0.00509
G1 X43.425 Y58.925 E0.09968
G0 F7200 X43.8 Y59.3
;TYPE:WALL-OUTER
G1 F1800 X43.8 Y58.2 E0.01829
G1 X36.2 Y58.2 E0.12639
G1 X36.2 Y59.3 E0.01829
G1 X43.8 Y59.3 E0.12639
G0 F7200 X43.8 Y59.1
G1 F1500 E-6.5
;MESH:NONMESH
G0 F600 X43.8 Y59.1 Z6.1
G0 F7200 X43.52 Y59.02
G0 X43.425 Y57.335
G0 X43.425 Y42.665
G0 X43.425 Y41.425
;TIME_ELAPSED:1161.667750
;LAYER:58
;TYPE:WALL-INNER
;MESH:pin.stl
G1 F1500 E6.5
G1 F4114.3 X43.425 Y41.075 E0.00509
G1 X36.575 Y41.075 E0.09968
G1 X36.575 Y41.425 E0.00509
G1 X43.425 Y41.425 E0.09968
G0 F7200 X43.8 Y41.8
;TYPE:WALL-OUTER
G1 F1800 X43.8 Y40.7 E0.01829
G1 X36.2 Y40.7 E0.12639
G1 X36.2 Y41.8 E0.01829
G1 X43.8 Y41.8 E0.12639
G0 F7200 X43.8 Y41.6
G1 F1500 E-6.5
G0 F7200 X43.52 Y41.52
G0 X44.665 Y41.425
G0 X53.425 Y41.425
;TYPE:WALL-INNER
G1 F1500 E6.5
G1 F4114.3 X53.425 Y41.075 E0.00509
G1 X46.575 Y41.075 E0.09968
G1 X46.575 Y41.425 E0.00509
G1 X53.425 Y41.425 E0.09968
G0 F7200 X53.8 Y41.8
;TYPE:WALL-OUTER
G1 F1800 X53.8 Y40.7 E0.01829
G1 X46.2 Y40.7 E0.12639
G1 X46.2 Y41.8 E0.01829
G1 X53.8 Y41.8 E0.12639
G0 F7200 X53.8 Y41.6
G1 F1500 E-6.5
G0 F7200 X53.52 Y41.52
G0 X54.665 Y41.425
G0 X63.425 Y41.425
;TYPE:WALL-INNER
G1 F1500 E6.5
G1 F4114.3 X63.425 Y41.075 E0.00509
G1 X56.575 Y41.075 E0.09968
G1 X56.575 Y41.425 E0.00509
G1 X63.425 Y41.425 E0.09968
G0 F7200 X63.8 Y41.8
;TYPE:WALL-OUTER
G1 F1800 X63.8 Y40.7 E0.01829
G1 X56.2 Y40.7 E0.12639
G1 X56.2 Y41.8 E0.01829
G1 X63.8 Y41.8 E0.12639
G0 F7200 X63.8 Y41.6
G1 F1500 E-6.5
G0 F7200 X63.52 Y41.52
G0 X63.425 Y42.665
G0 X63.425 Y57.335
G0 X63.425 Y58.925
;TYPE:WALL-INNER
G1 F1500 E6.5
G1 F4114.3 X63.425 Y58.575 E0.00509
G1 X56.575 Y58.575 E0.09968
G1 X56.575 Y58.925 E0.00509
G1 X63.425 Y58.925 E0.09968
G0 F7200 X63.8 Y59.3
;TYPE:WALL-OUTER
G1 F1800 X63.8 Y58.2 E0.01829
G1 X56.2 Y58.2 E0.12639
G1 X56.2 Y59.3 E0.01829
G1 X63.8 Y59.3 E0.12639
G0 F7200 X63.8 Y59.1
G1 F1500 E-6.5
G0 F7200 X63.52 Y59.02
G0 X56.43 Y58.925
G0 X55.335 Y58.925
G0 X53.425 Y58.925
;TYPE:WALL-INNER
G1 F1500 E6.5
G1 F4114.3 X53.425 Y58.575 E0.00509
G1 X46.575 Y58.575 E0.09968
G1 X46.575 Y58.925 E0.00509
G1 X53.425 Y58.925 E0.09968
G0 F7200 X53.8 Y59.3
;TYPE:WALL-OUTER
G1 F1800 X53.8 Y58.2 E0.01829
G1 X46.2 Y58.2 E0.12639
G1 X46.2 Y59.3 E0.01829
G1 X53.8 Y59.3 E0.12639
G0 F7200 X53.8 Y59.1
G1 F1500 E-6.5
G0 F7200 X53.52 Y59.02
G0 X46.43 Y58.925
G0 X45.335 Y58.925
G0 X43.425 Y58.925
;TYPE:WALL-INNER
G1 F1500 E6.5
G1 F4114.3 X43.425 Y58.575 E0.00509
G1 X36.575 Y58.575 E0.09968
G1 X36.575 Y58.925 E0.00509
G1 X43.425 Y58.925 E0.09968
G0 F7200 X43.8 Y59.3
;TYPE:WALL-OUTER
G1 F1800 X43.8 Y58.2 E0.01829
G1 X36.2 Y58.2 E0.12639
G1 X36.2 Y59.3 E0.01829
G1 X43.8 Y59.3 E0.12639
G0 F7200 X43.8 Y59.1
G1 F1500 E-6.5
;MESH:NONMESH
G0 F600 X43.8 Y59.1 Z6.2
G0 F7200 X43.52 Y59.02
G0 X43.425 Y57.335
G0 X43.425 Y42.665
G0 X43.425 Y41.425
;TIME_ELAPSED:1170.860220
;LAYER:59
;TYPE:WALL-INNER
;MESH:pin.stl
G1 F1500 E6.5
G1 F4114.3 X43.425 Y41.075 E0.00509
G1 X36.575 Y41.075 E0.09968
G1 X36.575 Y41.425 E0.00509
G1 X43.425 Y41.425 E0.09968
G0 F7200 X43.8 Y41.8
;TYPE:WALL-OUTER
G1 F1800 X43.8 Y40.7 E0.01829
G1 X36.2 Y40.7 E0.12639
G1 X36.2 Y41.8 E0.01829
G1 X43.8 Y41.8 E0.12639
G0 F7200 X43.8 Y41.6
G1 F1500 E-6.5
G0 F7200 X43.52 Y41.52
G0 X44.665 Y41.425
G0 X53.425 Y41.425
;TYPE:WALL-INNER
G1 F1500 E6.5
G1 F4114.3 X53.425 Y41.075 E0.00509
G1 X46.575 Y41.075 E0.09968
G1 X46.575 Y41.425 E0.00509
G1 X53.425 Y41.425 E0.09968
G0 F7200 X53.8 Y41.8
;TYPE:WALL-OUTER
G1 F1800 X53.8 Y40.7 E0.01829
G1 X46.2 Y40.7 E0.12639
G1 X46.2 Y41.8 E0.01829
G1 X53.8 Y41.8 E0.12639
G0 F7200 X53.8 Y41.6
G1 F1500 E-6.5
G0 F7200 X53.52 Y41.52
G0 X54.665 Y41.425
G0 X63.425 Y41.425
;TYPE:WALL-INNER
G1 F1500 E6.5
G1 F4114.3 X63.425 Y41.075 E0.00509
G1 X56.575 Y41.075 E0.09968
G1 X56.575 Y41.425 E0.00509
G1 X63.425 Y41.425 E0.09968
G0 F7200 X63.8 Y41.8
;TYPE:WALL-OUTER
G1 F1800 X63.8 Y40.7 E0.01829
G1 X56.2 Y40.7 E0.12639
G1 X56.2 Y41.8 E0.01829
G1 X63.8 Y41.8 E0.12639
G0 F7200 X63.8 Y41.6
G1 F1500 E-6.5
G0 F7200 X63.52 Y41.52
G0 X63.425 Y42.665
G0 X63.425 Y57.335
G0 X63.425 Y58.925
;TYPE:WALL-INNER
G1 F1500 E6.5
G1 F4114.3 X63.425 Y58.575 E0.00509
G1 X56.575 Y58.575 E0.09968
G1 X56.575 Y58.925 E0.00509
G1 X63.425 Y58.925 E0.09968
G0 F7200 X63.8 Y59.3
;TYPE:WALL-OUTER
G1 F1800 X63.8 Y58.2 E0.01829
G1 X56.2 Y58.2 E0.12639
G1 X56.2 Y59.3 E0.01829
G1 X63.8 Y59.3 E0.12639
G0 F7200 X63.8 Y59.1
G1 F1500 E-6.5
G0 F7200 X63.52 Y59.02
G0 X56.43 Y58.925
G0 X55.335 Y58.925
G0 X53.425 Y58.925
;TYPE:WALL-INNER
G1 F1500 E6.5
G1 F4114.3 X53.425 Y58.575 E0.00509
G1 X46.575 Y58.575 E0.09968
G1 X46.575 Y58.925 E0.00509
G1 X53.425 Y58.925 E0.09968
G0 F7200 X53.8 Y59.3
;TYPE:WALL-OUTER
G1 F1800 X53.8 Y58.2 E0.01829
G1 X46.2 Y58.2 E0.12639
G1 X46.2 Y59.3 E0.01829
G1 X53.8 Y59.3 E0.12639
G0 F7200 X53.8 Y59.1
G1 F1500 E-6.5
G0 F7200 X53.52 Y59.02
G0 X46.43 Y58.925
G0 X45.335 Y58.925
G0 X43.425 Y58.925
;TYPE:WALL-INNER
G1 F1500 E6.5
G1 F4114.3 X43.425 Y58.575 E0.00509
G1 X36.575 Y58.575 E0.09968
G1 X36.575 Y58.925 E0.00509
G1 X43.425 Y58.925 E0.09968
G0 F7200 X43.8 Y59.3
;TYPE:WALL-OUTER
G1 F1800 X43.8 Y58.2 E0.01829
G1 X36.2 Y58.2 E0.12639
G1 X36.2 Y59.3 E0.01829
G1 X43.8 Y59.3 E0.12639
G0 F7200 X43.8 Y59.1
G1 F1500 E-6.5
;MESH:NONMESH
G0 F600 X43.8 Y59.1 Z6.3
G0 F7200 X43.52 Y59.02
G0 X43.425 Y57.335
G0 X43.425 Y42.665
G0 X43.425 Y41.425
;TIME_ELAPSED:1180.052690
;LAYER:60
;TYPE:WALL-INNER
;MESH:pin.stl
G1 F1500 E6.5
G1 F4114.3 X43.425 Y41.075 E0.00509
G1 X36.575 Y41.075 E0.09968
G1 X36.575 Y41.425 E0.00509
G1 X43.425 Y41.425 E0.09968
G0 F7200 X43.8 Y41.8
;TYPE:WALL-OUTER
G1 F1800 X43.8 Y40.7 E0.01829
G1 X36.2 Y40.7 E0.12639
G1 X36.2 Y41.8 E0.01829
G1 X43.8 Y41.8 E0.12639
G0 F7200 X43.8 Y41.6
G1 F1500 E-6.5
G0 F7200 X43.52 Y41.52
G0 X44.665 Y41.425
G0 X53.425 Y41.425
;TYPE:WALL-INNER
G1 F1500 E6.5
G1 F4114.3 X53.425 Y41.075 E0.00509
G1 X46.575 Y41.075 E0.09968
G1 X46.575 Y41.425 E0.00509
G1 X53.425 Y41.425 E0.09968
G0 F7200 X53.8 Y41.8
;TYPE:WALL-OUTER
G1 F1800 X53.8 Y40.7 E0.01829
G1 X46.2 Y40.7 E0.12639
G1 X46.2 Y41.8 E0.01829
G1 X53.8 Y41.8 E0.12639
G0 F7200 X53.8 Y41.6
G1 F1500 E-6.5
G0 F7200 X53.52 Y41.52
G0 X54.665 Y41.425
G0 X63.425 Y41.425
;TYPE:WALL-INNER
G1 F1500 E6.5
G1 F4114.3 X63.425 Y41.075 E0.00509
G1 X56.575 Y41.075 E0.09968
G1 X56.575 Y41.425 E0.00509
G1 X63.425 Y41.425 E0.09968
G0 F7200 X63.8 Y41.8
;TYPE:WALL-OUTER
G1 F1800 X63.8 Y40.7 E0.01829
G1 X56.2 Y40.7 E0.12639
G1 X56.2 Y41.8 E0.01829
G1 X63.8 Y41.8 E0.12639
G0 F7200 X63.8 Y41.6
G1 F1500 E-6.5
G0 F7200 X63.52 Y41.52
G0 X63.425 Y42.665
G0 X63.425 Y57.335
G0 X63.425 Y58.925
;TYPE:WALL-INNER
G1 F1500 E6.5
G1 F4114.3 X63.425 Y58.575 E0.00509
G1 X56.575 Y58.575 E0.09968
G1 X56.575 Y58.925 E0.00509
G1 X63.425 Y58.925 E0.09968
G0 F7200 X63.8 Y59.3
;TYPE:WALL-OUTER
G1 F1800 X63.8 Y58.2 E0.01829
G1 X56.2 Y58.2 E0.12639
G1 X56.2 Y59.3 E0.01829
G1 X63.8 Y59.3 E0.12639
G0 F7200 X63.8 Y59.1
G1 F1500 E-6.5
G0 F7200 X63.52 Y59.02
G0 X56.43 Y58.925
G0 X55.335 Y58.925
G0 X53.425 Y58.925
;TYPE:WALL-INNER
G1 F1500 E6.5
G1 F4114.3 X53.425 Y58.575 E0.00509
G1 X46.575 Y58.575 E0.09968
G1 X46.575 Y58.925 E0.00509
G1 X53.425 Y58.925 E0.09968
G0 F7200 X53.8 Y59.3
;TYPE:WALL-OUTER
G1 F1800 X53.8 Y58.2 E0.01829
G1 X46.2 Y58.2 E0.12639
G1 X46.2 Y59.3 E0.01829
G1 X53.8 Y59.3 E0.12639
G0 F7200 X53.8 Y59.1
G1 F1500 E-6.5
G0 F7200 X53.52 Y59.02
G0 X46.43 Y58.925
G0 X45.335 Y58.925
G0 X43.425 Y58.925
;TYPE:WALL-INNER
G1 F1500 E6.5
G1 F4114.3 X43.425 Y58.575 E0.00509
G1 X36.575 Y58.575 E0.09968
G1 X36.575 Y58.925 E0.00509
G1 X43.425 Y58.925 E0.09968
G0 F7200 X43.8 Y59.3
;TYPE:WALL-OUTER
G1 F1800 X43.8 Y58.2 E0.01829
G1 X36.2 Y58.2 E0.12639
G1 X36.2 Y59.3 E0.01829
G1 X43.8 Y59.3 E0.12639
G0 F7200 X43.8 Y59.1
G1 F1500 E-6.5
;MESH:NONMESH
G0 F600 X43.8 Y59.1 Z6.4
G0 F7200 X43.52 Y59.02
G0 X43.425 Y57.335
G0 X43.425 Y42.665
G0 X43.425 Y41.425
;TIME_ELAPSED:1189.245160
;LAYER:61
;TYPE:WALL-INNER
;MESH:pin.stl
G1 F1500 E6.5
G1 F4114.3 X43.425 Y41.075 E0.00509
G1 X36.575 Y41.075 E0.09968
G1 X36.575 Y41.425 E0.00509
G1 X43.425 Y41.425 E0.09968
G0 F7200 X43.8 Y41.8
;TYPE:WALL-OUTER
G1 F1800 X43.8 Y40.7 E0.01829
G1 X36.2 Y40.7 E0.12639
G1 X36.2 Y41.8 E0.01829
G1 X43.8 Y41.8 E0.12639
G0 F7200 X43.8 Y41.6
G1 F1500 E-6.5
G0 F7200 X43.52 Y41.52
G0 X44.665 Y41.425
G0 X53.425 Y41.425
;TYPE:WALL-INNER
G1 F1500 E6.5
G1 F4114.3 X53.425 Y41.075 E0.00509
G1 X46.575 Y41.075 E0.09968
G1 X46.575 Y41.425 E0.00509
G1 X53.425 Y41.425 E0.09968
G0 F7200 X53.8 Y41.8
;TYPE:WALL-OUTER
G1 F1800 X53.8 Y40.7 E0.01829
G1 X46.2 Y40.7 E0.12639
G1 X46.2 Y41.8 E0.01829
G1 X53.8 Y41.8 E0.12639
G0 F7200 X53.8 Y41.6
G1 F1500 E-6.5
G0 F7200 X53.52 Y41.52
G0 X54.665 Y41.425
G0 X63.425 Y41.425
;TYPE:WALL-INNER
G1 F1500 E6.5
G1 F4114.3 X63.425 Y41.075 E0.00509
G1 X56.575 Y41.075 E0.09968
G1 X56.575 Y41.425 E0.00509
G1 X63.425 Y41.425 E0.09968
G0 F7200 X63.8 Y41.8
;TYPE:WALL-OUTER
G1 F1800 X63.8 Y40.7 E0.01829
G1 X56.2 Y40.7 E0.12639
G1 X56.2 Y41.8 E0.01829
G1 X63.8 Y41.8 E0.12639
G0 F7200 X63.8 Y41.6
G1 F1500 E-6.5
G0 F7200 X63.52 Y41.52
G0 X63.425 Y42.665
G0 X63.425 Y57.335
G0 X63.425 Y58.925
;TYPE:WALL-INNER
G1 F1500 E6.5
G1 F4114.3 X63.425 Y58.575 E0.00509
G1 X56.575 Y58.575 E0.09968
G1 X56.575 Y58.925 E0.00509
G1 X63.425 Y58.925 E0.09968
G0 F7200 X63.8 Y59.3
;TYPE:WALL-OUTER
G1 F1800 X63.8 Y58.2 E0.01829
G1 X56.2 Y58.2 E0.12639
G1 X56.2 Y59.3 E0.01829
G1 X63.8 Y59.3 E0.12639
G0 F7200 X63.8 Y59.1
G1 F1500 E-6.5
G0 F7200 X63.52 Y59.02
G0 X56.43 Y58.925
G0 X55.335 Y58.925
G0 X53.425 Y58.925
;TYPE:WALL-INNER
G1 F1500 E6.5
G1 F4114.3 X53.425 Y58.575 E0.00509
G1 X46.575 Y58.575 E0.09968
G1 X46.575 Y58.925 E0.00509
G1 X53.425 Y58.925 E0.09968
G0 F7200 X53.8 Y59.3
;TYPE:WALL-OUTER
G1 F1800 X53.8 Y58.2 E0.01829
G1 X46.2 Y58.2 E0.12639
G1 X46.2 Y59.3 E0.01829
G1 X53.8 Y59.3 E0.12639
G0 F7200 X53.8 Y59.1
G1 F1500 E-6.5
G0 F7200 X53.52 Y59.02
G0 X46.43 Y58.925
G0 X45.335 Y58.925
G0 X43.425 Y58.925
;TYPE:WALL-INNER
G1 F1500 E6.5
G1 F4114.3 X43.425 Y58.575 E0.00509
G1 X36.575 Y58.575 E0.09968
G1 X36.575 Y58.925 E0.00509
G1 X43.425 Y58.925 E0.09968
G0 F7200 X43.8 Y59.3
;TYPE:WALL-OUTER
G1 F1800 X43.8 Y58.2 E0.01829
G1 X36.2 Y58.2 E0.12639
G1 X36.2 Y59.3 E0.01829
G1 X43.8 Y59.3 E0.12639
G0 F7200 X43.8 Y59.1
G1 F1500 E-6.5
;MESH:NONMESH
G0 F600 X43.8 Y59.1 Z6.5
G0 F7200 X43.52 Y59.02
G0 X43.425 Y57.335
G0 X43.425 Y42.665
G0 X43.425 Y41.425
;TIME_ELAPSED:1198.437630
;LAYER:62
;TYPE:WALL-INNER
;MESH:pin.stl
G1 F1500 E6.5
G1 F4114.3 X43.425 Y41.075 E0.00509
G1 X36.575 Y41.075 E0.09968
G1 X36.575 Y41.425 E0.00509
G1 X43.425 Y41.425 E0.09968
G0 F7200 X43.8 Y41.8
;TYPE:WALL-OUTER
G1 F1800 X43.8 Y40.7 E0.01829
G1 X36.2 Y40.7 E0.12639
G1 X36.2 Y41.8 E0.01829
G1 X43.8 Y41.8 E0.12639
G0 F7200 X43.8 Y41.6
G1 F1500 E-6.5
G0 F7200 X43.52 Y41.52
G0 X44.665 Y41.425
G0 X53.425 Y41.425
;TYPE:WALL-INNER
G1 F1500 E6.5
G1 F4114.3 X53.425 Y41.075 E0.00509
G1 X46.575 Y41.075 E0.09968
G1 X46.575 Y41.425 E0.00509
G1 X53.425 Y41.425 E0.09968
G0 F7200 X53.8 Y41.8
;TYPE:WALL-OUTER
G1 F1800 X53.8 Y40.7 E0.01829
G1 X46.2 Y40.7 E0.12639
G1 X46.2 Y41.8 E0.01829
G1 X53.8 Y41.8 E0.12639
G0 F7200 X53.8 Y41.6
G1 F1500 E-6.5
G0 F7200 X53.52 Y41.52
G0 X54.665 Y41.425
G0 X63.425 Y41.425
;TYPE:WALL-INNER
G1 F1500 E6.5
G1 F4114.3 X63.425 Y41.075 E0.00509
G1 X56.575 Y41.075 E0.09968
G1 X56.575 Y41.425 E0.00509
G1 X63.425 Y41.425 E0.09968
G0 F7200 X63.8 Y41.8
;TYPE:WALL-OUTER
G1 F1800 X63.8 Y40.7 E0.01829
G1 X56.2 Y40.7 E0.12639
G1 X56.2 Y41.8 E0.01829
G1 X63.8 Y41.8 E0.12639
G0 F7200 X63.8 Y41.6
G1 F1500 E-6.5
G0 F7200 X63.52 Y41.52
G0 X63.425 Y42.665
G0 X63.425 Y57.335
G0 X63.425 Y58.925
;TYPE:WALL-INNER
G1 F1500 E6.5
G1 F4114.3 X63.425 Y58.575 E0.00509
G1 X56.575 Y58.575 E0.09968
G1 X56.575 Y58.925 E0.00509
G1 X63.425 Y58.925 E0.09968
G0 F7200 X63.8 Y59.3
;TYPE:WALL-OUTER
G1 F1800 X63.8 Y58.2 E0.01829
G1 X56.2 Y58.2 E0.12639
G1 X56.2 Y59.3 E0.01829
G1 X63.8 Y59.3 E0.12639
G0 F7200 X63.8 Y59.1
G1 F1500 E-6.5
G0 F7200 X63.52 Y59.02
G0 X56.43 Y58.925
G0 X55.335 Y58.925
G0 X53.425 Y58.925
;TYPE:WALL-INNER
G1 F1500 E6.5
G1 F4114.3 X53.425 Y58.575 E0.00509
G1 X46.575 Y58.575 E0.09968
G1 X46.575 Y58.925 E0.00509
G1 X53.425 Y58.925 E0.09968
G0 F7200 X53.8 Y59.3
;TYPE:WALL-OUTER
G1 F1800 X53.8 Y58.2 E0.01829
G1 X46.2 Y58.2 E0.12639
G1 X46.2 Y59.3 E0.01829
G1 X53.8 Y59.3 E0.12639
G0 F7200 X53.8 Y59.1
G1 F1500 E-6.5
G0 F7200 X53.52 Y59.02
G0 X46.43 Y58.925
G0 X45.335 Y58.925
G0 X43.425 Y58.925
;TYPE:WALL-INNER
G1 F1500 E6.5
G1 F4114.3 X43.425 Y58.575 E0.00509
G1 X36.575 Y58.575 E0.09968
G1 X36.575 Y58.925 E0.00509
G1 X43.425 Y58.925 E0.09968
G0 F7200 X43.8 Y59.3
;TYPE:WALL-OUTER
G1 F1800 X43.8 Y58.2 E0.01829
G1 X36.2 Y58.2 E0.12639
G1 X36.2 Y59.3 E0.01829
G1 X43.8 Y59.3 E0.12639
G0 F7200 X43.8 Y59.1
G1 F1500 E-6.5
;MESH:NONMESH
G0 F600 X43.8 Y59.1 Z6.6
G0 F7200 X43.52 Y59.02
G0 X43.425 Y57.335
G0 X43.425 Y42.665
G0 X43.425 Y41.425
;TIME_ELAPSED:1207.630101
;LAYER:63
;TYPE:WALL-INNER
;MESH:pin.stl
G1 F1500 E6.5
G1 F4114.3 X43.425 Y41.075 E0.00509
G1 X36.575 Y41.075 E0.09968
G1 X36.575 Y41.425 E0.00509
G1 X43.425 Y41.425 E0.09968
G0 F7200 X43.8 Y41.8
;TYPE:WALL-OUTER
G1 F1800 X43.8 Y40.7 E0.01829
G1 X36.2 Y40.7 E0.12639
G1 X36.2 Y41.8 E0.01829
G1 X43.8 Y41.8 E0.12639
G0 F7200 X43.8 Y41.6
G1 F1500 E-6.5
G0 F7200 X43.52 Y41.52
G0 X44.665 Y41.425
G0 X53.425 Y41.425
;TYPE:WALL-INNER
G1 F1500 E6.5
G1 F4114.3 X53.425 Y41.075 E0.00509
G1 X46.575 Y41.075 E0.09968
G1 X46.575 Y41.425 E0.00509
G1 X53.425 Y41.425 E0.09968
G0 F7200 X53.8 Y41.8
;TYPE:WALL-OUTER
G1 F1800 X53.8 Y40.7 E0.01829
G1 X46.2 Y40.7 E0.12639
G1 X46.2 Y41.8 E0.01829
G1 X53.8 Y41.8 E0.12639
G0 F7200 X53.8 Y41.6
G1 F1500 E-6.5
G0 F7200 X53.52 Y41.52
G0 X54.665 Y41.425
G0 X63.425 Y41.425
;TYPE:WALL-INNER
G1 F1500 E6.5
G1 F4114.3 X63.425 Y41.075 E0.00509
G1 X56.575 Y41.075 E0.09968
G1 X56.575 Y41.425 E0.00509
G1 X63.425 Y41.425 E0.09968
G0 F7200 X63.8 Y41.8
;TYPE:WALL-OUTER
G1 F1800 X63.8 Y40.7 E0.01829
G1 X56.2 Y40.7 E0.12639
G1 X56.2 Y41.8 E0.01829
G1 X63.8 Y41.8 E0.12639
G0 F7200 X63.8 Y41.6
G1 F1500 E-6.5
G0 F7200 X63.52 Y41.52
G0 X63.425 Y42.665
G0 X63.425 Y57.335
G0 X63.425 Y58.925
;TYPE:WALL-INNER
G1 F1500 E6.5
G1 F4114.3 X63.425 Y58.575 E0.00509
G1 X56.575 Y58.575 E0.09968
G1 X56.575 Y58.925 E0.00509
G1 X63.425 Y58.925 E0.09968
G0 F7200 X63.8 Y59.3
;TYPE:WALL-OUTER
G1 F1800 X63.8 Y58.2 E0.01829
G1 X56.2 Y58.2 E0.12639
G1 X56.2 Y59.3 E0.01829
G1 X63.8 Y59.3 E0.12639
G0 F7200 X63.8 Y59.1
G1 F1500 E-6.5
G0 F7200 X63.52 Y59.02
G0 X56.43 Y58.925
G0 X55.335 Y58.925
G0 X53.425 Y58.925
;TYPE:WALL-INNER
G1 F1500 E6.5
G1 F4114.3 X53.425 Y58.575 E0.00509
G1 X46.575 Y58.575 E0.09968
G1 X46.575 Y58.925 E0.00509
G1 X53.425 Y58.925 E0.09968
G0 F7200 X53.8 Y59.3
;TYPE:WALL-OUTER
G1 F1800 X53.8 Y58.2 E0.01829
G1 X46.2 Y58.2 E0.12639
G1 X46.2 Y59.3 E0.01829
G1 X53.8 Y59.3 E0.12639
G0 F7200 X53.8 Y59.1
G1 F1500 E-6.5
G0 F7200 X53.52 Y59.02
G0 X46.43 Y58.925
G0 X45.335 Y58.925
G0 X43.425 Y58.925
;TYPE:WALL-INNER
G1 F1500 E6.5
G1 F4114.3 X43.425 Y58.575 E0.00509
G1 X36.575 Y58.575 E0.09968
G1 X36.575 Y58.925 E0.00509
G1 X43.425 Y58.925 E0.09968
G0 F7200 X43.8 Y59.3
;TYPE:WALL-OUTER
G1 F1800 X43.8 Y58.2 E0.01829
G1 X36.2 Y58.2 E0.12639
G1 X36.2 Y59.3 E0.01829
G1 X43.8 Y59.3 E0.12639
G0 F7200 X43.8 Y59.1
G1 F1500 E-6.5
;MESH:NONMESH
G0 F600 X43.8 Y59.1 Z6.7
G0 F7200 X43.52 Y59.02
G0 X43.425 Y57.335
G0 X43.425 Y42.665
G0 X43.425 Y41.425
;TIME_ELAPSED:1216.822571
;LAYER:64
;TYPE:WALL-INNER
;MESH:pin.stl
G1 F1500 E6.5
G1 F4114.3 X43.425 Y41.075 E0.00509
G1 X36.575 Y41.075 E0.09968
G1 X36.575 Y41.425 E0.00509
G1 X43.425 Y41.425 E0.09968
G0 F7200 X43.8 Y41.8
;TYPE:WALL-OUTER
G1 F1800 X43.8 Y40.7 E0.01829
G1 X36.2 Y40.7 E0.12639
G1 X36.2 Y41.8 E0.01829
G1 X43.8 Y41.8 E0.12639
G0 F7200 X43.8 Y41.6
G1 F1500 E-6.5
G0 F7200 X43.52 Y41.52
G0 X44.665 Y41.425
G0 X53.425 Y41.425
;TYPE:WALL-INNER
G1 F1500 E6.5
G1 F4114.3 X53.425 Y41.075 E0.00509
G1 X46.575 Y41.075 E0.09968
G1 X46.575 Y41.425 E0.00509
G1 X53.425 Y41.425 E0.09968
G0 F7200 X53.8 Y41.8
;TYPE:WALL-OUTER
G1 F1800 X53.8 Y40.7 E0.01829
G1 X46.2 Y40.7 E0.12639
G1 X46.2 Y41.8 E0.01829
G1 X53.8 Y41.8 E0.12639
G0 F7200 X53.8 Y41.6
G1 F1500 E-6.5
G0 F7200 X53.52 Y41.52
G0 X54.665 Y41.425
G0 X63.425 Y41.425
;TYPE:WALL-INNER
G1 F1500 E6.5
G1 F4114.3 X63.425 Y41.075 E0.00509
G1 X56.575 Y41.075 E0.09968
G1 X56.575 Y41.425 E0.00509
G1 X63.425 Y41.425 E0.09968
G0 F7200 X63.8 Y41.8
;TYPE:WALL-OUTER
G1 F1800 X63.8 Y40.7 E0.01829
G1 X56.2 Y40.7 E0.12639
G1 X56.2 Y41.8 E0.01829
G1 X63.8 Y41.8 E0.12639
G0 F7200 X63.8 Y41.6
G1 F1500 E-6.5
G0 F7200 X63.52 Y41.52
G0 X63.425 Y42.665
G0 X63.425 Y57.335
G0 X63.425 Y58.925
;TYPE:WALL-INNER
G1 F1500 E6.5
G1 F4114.3 X63.425 Y58.575 E0.00509
G1 X56.575 Y58.575 E0.09968
G1 X56.575 Y58.925 E0.00509
G1 X63.425 Y58.925 E0.09968
G0 F7200 X63.8 Y59.3
;TYPE:WALL-OUTER
G1 F1800 X63.8 Y58.2 E0.01829
G1 X56.2 Y58.2 E0.12639
G1 X56.2 Y59.3 E0.01829
G1 X63.8 Y59.3 E0.12639
G0 F7200 X63.8 Y59.1
G1 F1500 E-6.5
G0 F7200 X63.52 Y59.02
G0 X56.43 Y58.925
G0 X55.335 Y58.925
G0 X53.425 Y58.925
;TYPE:WALL-INNER
G1 F1500 E6.5
G1 F4114.3 X53.425 Y58.575 E0.00509
G1 X46.575 Y58.575 E0.09968
G1 X46.575 Y58.925 E0.00509
G1 X53.425 Y58.925 E0.09968
G0 F7200 X53.8 Y59.3
;TYPE:WALL-OUTER
G1 F1800 X53.8 Y58.2 E0.01829
G1 X46.2 Y58.2 E0.12639
G1 X46.2 Y59.3 E0.01829
G1 X53.8 Y59.3 E0.12639
G0 F7200 X53.8 Y59.1
G1 F1500 E-6.5
G0 F7200 X53.52 Y59.02
G0 X46.43 Y58.925
G0 X45.335 Y58.925
G0 X43.425 Y58.925
;TYPE:WALL-INNER
G1 F1500 E6.5
G1 F4114.3 X43.425 Y58.575 E0.00509
G1 X36.575 Y58.575 E0.09968
G1 X36.575 Y58.925 E0.00509
G1 X43.425 Y58.925 E0.09968
G0 F7200 X43.8 Y59.3
;TYPE:WALL-OUTER
G1 F1800 X43.8 Y58.2 E0.01829
G1 X36.2 Y58.2 E0.12639
G1 X36.2 Y59.3 E0.01829
G1 X43.8 Y59.3 E0.12639
G0 F7200 X43.8 Y59.1
G1 F1500 E-6.5
;MESH:NONMESH
G0 F600 X43.8 Y59.1 Z6.8
G0 F7200 X43.52 Y59.02
G0 X43.425 Y57.335
G0 X43.425 Y42.665
G0 X43.425 Y41.425
;TIME_ELAPSED:1226.015041
;LAYER:65
;TYPE:WALL-INNER
;MESH:pin.stl
G1 F1500 E6.5
G1 F4114.3 X43.425 Y41.075 E0.00509
G1 X36.575 Y41.075 E0.09968
G1 X36.575 Y41.425 E0.00509
G1 X43.425 Y41.425 E0.09968
G0 F7200 X43.8 Y41.8
;TYPE:WALL-OUTER
G1 F1800 X43.8 Y40.7 E0.01829
G1 X36.2 Y40.7 E0.12639
G1 X36.2 Y41.8 E0.01829
G1 X43.8 Y41.8 E0.12639
G0 F7200 X43.8 Y41.6
G1 F1500 E-6.5
G0 F7200 X43.52 Y41.52
G0 X44.665 Y41.425
G0 X53.425 Y41.425
;TYPE:WALL-INNER
G1 F1500 E6.5
G1 F4114.3 X53.425 Y41.075 E0.00509
G1 X46.575 Y41.075 E0.09968
G1 X46.575 Y41.425 E0.00509
G1 X53.425 Y41.425 E0.09968
G0 F7200 X53.8 Y41.8
;TYPE:WALL-OUTER
G1 F1800 X53.8 Y40.7 E0.01829
G1 X46.2 Y40.7 E0.12639
G1 X46.2 Y41.8 E0.01829
G1 X53.8 Y41.8 E0.12639
G0 F7200 X53.8 Y41.6
G1 F1500 E-6.5
G0 F7200 X53.52 Y41.52
G0 X54.665 Y41.425
G0 X63.425 Y41.425
;TYPE:WALL-INNER
G1 F1500 E6.5
G1 F4114.3 X63.425 Y41.075 E0.00509
G1 X56.575 Y41.075 E0.09968
G1 X56.575 Y41.425 E0.00509
G1 X63.425 Y41.425 E0.09968
G0 F7200 X63.8 Y41.8
;TYPE:WALL-OUTER
G1 F1800 X63.8 Y40.7 E0.01829
G1 X56.2 Y40.7 E0.12639
G1 X56.2 Y41.8 E0.01829
G1 X63.8 Y41.8 E0.12639
G0 F7200 X63.8 Y41.6
G1 F1500 E-6.5
G0 F7200 X63.52 Y41.52
G0 X63.425 Y42.665
G0 X63.425 Y57.335
G0 X63.425 Y58.925
;TYPE:WALL-INNER
G1 F1500 E6.5
G1 F4114.3 X63.425 Y58.575 E0.00509
G1 X56.575 Y58.575 E0.09968
G1 X56.575 Y58.925 E0.00509
G1 X63.425 Y58.925 E0.09968
G0 F7200 X63.8 Y59.3
;TYPE:WALL-OUTER
G1 F1800 X63.8 Y58.2 E0.01829
G1 X56.2 Y58.2 E0.12639
G1 X56.2 Y59.3 E0.01829
G1 X63.8 Y59.3 E0.12639
G0 F7200 X63.8 Y59.1
G1 F1500 E-6.5
G0 F7200 X63.52 Y59.02
G0 X56.43 Y58.925
G0 X55.335 Y58.925
G0 X53.425 Y58.925
;TYPE:WALL-INNER
G1 F1500 E6.5
G1 F4114.3 X53.425 Y58.575 E0.00509
G1 X46.575 Y58.575 E0.09968
G1 X46.575 Y58.925 E0.00509
G1 X53.425 Y58.925 E0.09968
G0 F7200 X53.8 Y59.3
;TYPE:WALL-OUTER
G1 F1800 X53.8 Y58.2 E0.01829
G1 X46.2 Y58.2 E0.12639
G1 X46.2 Y59.3 E0.01829
G1 X53.8 Y59.3 E0.12639
G0 F7200 X53.8 Y59.1
G1 F1500 E-6.5
G0 F7200 X53.52 Y59.02
G0 X46.43 Y58.925
G0 X45.335 Y58.925
G0 X43.425 Y58.925
;TYPE:WALL-INNER
G1 F1500 E6.5
G1 F4114.3 X43.425 Y58.575 E0.00509
G1 X36.575 Y58.575 E0.09968
G1 X36.575 Y58.925 E0.00509
G1 X43.425 Y58.925 E0.09968
G0 F7200 X43.8 Y59.3
;TYPE:WALL-OUTER
G1 F1800 X43.8 Y58.2 E0.01829
G1 X36.2 Y58.2 E0.12639
G1 X36.2 Y59.3 E0.01829
G1 X43.8 Y59.3 E0.12639
G0 F7200 X43.8 Y59.1
G1 F1500 E-6.5
;MESH:NONMESH
G0 F600 X43.8 Y59.1 Z6.9
G0 F7200 X43.52 Y59.02
G0 X43.425 Y57.335
G0 X43.425 Y42.665
G0 X43.425 Y41.425
;TIME_ELAPSED:1235.207511
;LAYER:66
;TYPE:WALL-INNER
;MESH:pin.stl
G1 F1500 E6.5
G1 F4114.3 X43.425 Y41.075 E0.00509
G1 X36.575 Y41.075 E0.09968
G1 X36.575 Y41.425 E0.00509
G1 X43.425 Y41.425 E0.09968
G0 F7200 X43.8 Y41.8
;TYPE:WALL-OUTER
G1 F1800 X43.8 Y40.7 E0.01829
G1 X36.2 Y40.7 E0.12639
G1 X36.2 Y41.8 E0.01829
G1 X43.8 Y41.8 E0.12639
G0 F7200 X43.8 Y41.6
G1 F1500 E-6.5
G0 F7200 X43.52 Y41.52
G0 X44.665 Y41.425
G0 X53.425 Y41.425
;TYPE:WALL-INNER
G1 F1500 E6.5
G1 F4114.3 X53.425 Y41.075 E0.00509
G1 X46.575 Y41.075 E0.09968
G1 X46.575 Y41.425 E0.00509
G1 X53.425 Y41.425 E0.09968
G0 F7200 X53.8 Y41.8
;TYPE:WALL-OUTER
G1 F1800 X53.8 Y40.7 E0.01829
G1 X46.2 Y40.7 E0.12639
G1 X46.2 Y41.8 E0.01829
G1 X53.8 Y41.8 E0.12639
G0 F7200 X53.8 Y41.6
G1 F1500 E-6.5
G0 F7200 X53.52 Y41.52
G0 X54.665 Y41.425
G0 X63.425 Y41.425
;TYPE:WALL-INNER
G1 F1500 E6.5
G1 F4114.3 X63.425 Y41.075 E0.00509
G1 X56.575 Y41.075 E0.09968
G1 X56.575 Y41.425 E0.00509
G1 X63.425 Y41.425 E0.09968
G0 F7200 X63.8 Y41.8
;TYPE:WALL-OUTER
G1 F1800 X63.8 Y40.7 E0.01829
G1 X56.2 Y40.7 E0.12639
G1 X56.2 Y41.8 E0.01829
G1 X63.8 Y41.8 E0.12639
G0 F7200 X63.8 Y41.6
G1 F1500 E-6.5
G0 F7200 X63.52 Y41.52
G0 X63.425 Y42.665
G0 X63.425 Y57.335
G0 X63.425 Y58.925
;TYPE:WALL-INNER
G1 F1500 E6.5
G1 F4114.3 X63.425 Y58.575 E0.00509
G1 X56.575 Y58.575 E0.09968
G1 X56.575 Y58.925 E0.00509
G1 X63.425 Y58.925 E0.09968
G0 F7200 X63.8 Y59.3
;TYPE:WALL-OUTER
G1 F1800 X63.8 Y58.2 E0.01829
G1 X56.2 Y58.2 E0.12639
G1 X56.2 Y59.3 E0.01829
G1 X63.8 Y59.3 E0.12639
G0 F7200 X63.8 Y59.1
G1 F1500 E-6.5
G0 F7200 X63.52 Y59.02
G0 X56.43 Y58.925
G0 X55.335 Y58.925
G0 X53.425 Y58.925
;TYPE:WALL-INNER
G1 F1500 E6.5
G1 F4114.3 X53.425 Y58.575 E0.00509
G1 X46.575 Y58.575 E0.09968
G1 X46.575 Y58.925 E0.00509
G1 X53.425 Y58.925 E0.09968
G0 F7200 X53.8 Y59.3
;TYPE:WALL-OUTER
G1 F1800 X53.8 Y58.2 E0.01829
G1 X46.2 Y58.2 E0.12639
G1 X46.2 Y59.3 E0.01829
G1 X53.8 Y59.3 E0.12639
G0 F7200 X53.8 Y59.1
G1 F1500 E-6.5
G0 F7200 X53.52 Y59.02
G0 X46.43 Y58.925
G0 X45.335 Y58.925
G0 X43.425 Y58.925
;TYPE:WALL-INNER
G1 F1500 E6.5
G1 F4114.3 X43.425 Y58.575 E0.00509
G1 X36.575 Y58.575 E0.09968
G1 X36.575 Y58.925 E0.00509
G1 X43.425 Y58.925 E0.09968
G0 F7200 X43.8 Y59.3
;TYPE:WALL-OUTER
G1 F1800 X43.8 Y58.2 E0.01829
G1 X36.2 Y58.2 E0.12639
G1 X36.2 Y59.3 E0.01829
G1 X43.8 Y59.3 E0.12639
G0 F7200 X43.8 Y59.1
G1 F1500 E-6.5
;MESH:NONMESH
G0 F600 X43.8 Y59.1 Z7
G0 F7200 X43.52 Y59.02
G0 X43.425 Y57.335
G0 X43.425 Y42.665
G0 X43.425 Y41.425
;TIME_ELAPSED:1244.399981
;LAYER:67
;TYPE:WALL-INNER
;MESH:pin.stl
G1 F1500 E6.5
G1 F4114.3 X43.425 Y41.075 E0.00509
G1 X36.575 Y41.075 E0.09968
G1 X36.575 Y41.425 E0.00509
G1 X43.425 Y41.425 E0.09968
G0 F7200 X43.8 Y41.8
;TYPE:WALL-OUTER
G1 F1800 X43.8 Y40.7 E0.01829
G1 X36.2 Y40.7 E0.12639
G1 X36.2 Y41.8 E0.01829
G1 X43.8 Y41.8 E0.12639
G0 F7200 X43.8 Y41.6
G1 F1500 E-6.5
G0 F7200 X43.52 Y41.52
G0 X44.665 Y41.425
G0 X53.425 Y41.425
;TYPE:WALL-INNER
G1 F1500 E6.5
G1 F4114.3 X53.425 Y41.075 E0.00509
G1 X46.575 Y41.075 E0.09968
G1 X46.575 Y41.425 E0.00509
G1 X53.425 Y41.425 E0.09968
G0 F7200 X53.8 Y41.8
;TYPE:WALL-OUTER
G1 F1800 X53.8 Y40.7 E0.01829
G1 X46.2 Y40.7 E0.12639
G1 X46.2 Y41.8 E0.01829
G1 X53.8 Y41.8 E0.12639
G0 F7200 X53.8 Y41.6
G1 F1500 E-6.5
G0 F7200 X53.52 Y41.52
G0 X54.665 Y41.425
G0 X63.425 Y41.425
;TYPE:WALL-INNER
G1 F1500 E6.5
G1 F4114.3 X63.425 Y41.075 E0.00509
G1 X56.575 Y41.075 E0.09968
G1 X56.575 Y41.425 E0.00509
G1 X63.425 Y41.425 E0.09968
G0 F7200 X63.8 Y41.8
;TYPE:WALL-OUTER
G1 F1800 X63.8 Y40.7 E0.01829
G1 X56.2 Y40.7 E0.12639
G1 X56.2 Y41.8 E0.01829
G1 X63.8 Y41.8 E0.12639
G0 F7200 X63.8 Y41.6
G1 F1500 E-6.5
G0 F7200 X63.52 Y41.52
G0 X63.425 Y42.665
G0 X63.425 Y57.335
G0 X63.425 Y58.925
;TYPE:WALL-INNER
G1 F1500 E6.5
G1 F4114.3 X63.425 Y58.575 E0.00509
G1 X56.575 Y58.575 E0.09968
G1 X56.575 Y58.925 E0.00509
G1 X63.425 Y58.925 E0.09968
G0 F7200 X63.8 Y59.3
;TYPE:WALL-OUTER
G1 F1800 X63.8 Y58.2 E0.01829
G1 X56.2 Y58.2 E0.12639
G1 X56.2 Y59.3 E0.01829
G1 X63.8 Y59.3 E0.12639
G0 F7200 X63.8 Y59.1
G1 F1500 E-6.5
G0 F7200 X63.52 Y59.02
G0 X56.43 Y58.925
G0 X55.335 Y58.925
G0 X53.425 Y58.925
;TYPE:WALL-INNER
G1 F1500 E6.5
G1 F4114.3 X53.425 Y58.575 E0.00509
G1 X46.575 Y58.575 E0.09968
G1 X46.575 Y58.925 E0.00509
G1 X53.425 Y58.925 E0.09968
G0 F7200 X53.8 Y59.3
;TYPE:WALL-OUTER
G1 F1800 X53.8 Y58.2 E0.01829
G1 X46.2 Y58.2 E0.12639
G1 X46.2 Y59.3 E0.01829
G1 X53.8 Y59.3 E0.12639
G0 F7200 X53.8 Y59.1
G1 F1500 E-6.5
G0 F7200 X53.52 Y59.02
G0 X46.43 Y58.925
G0 X45.335 Y58.925
G0 X43.425 Y58.925
;TYPE:WALL-INNER
G1 F1500 E6.5
G1 F4114.3 X43.425 Y58.575 E0.00509
G1 X36.575 Y58.575 E0.09968
G1 X36.575 Y58.925 E0.00509
G1 X43.425 Y58.925 E0.09968
G0 F7200 X43.8 Y59.3
;TYPE:WALL-OUTER
G1 F1800 X43.8 Y58.2 E0.01829
G1 X36.2 Y58.2 E0.12639
G1 X36.2 Y59.3 E0.01829
G1 X43.8 Y59.3 E0.12639
G0 F7200 X43.8 Y59.1
G1 F1500 E-6.5
;MESH:NONMESH
G0 F600 X43.8 Y59.1 Z7.1
G0 F7200 X43.52 Y59.02
G0 X43.425 Y57.335
G0 X43.425 Y42.665
G0 X43.425 Y41.425
;TIME_ELAPSED:1253.592452
;LAYER:68
;TYPE:WALL-INNER
;MESH:pin.stl
G1 F1500 E6.5
G1 F4114.3 X43.425 Y41.075 E0.00509
G1 X36.575 Y41.075 E0.09968
G1 X36.575 Y41.425 E0.00509
G1 X43.425 Y41.425 E0.09968
G0 F7200 X43.8 Y41.8
;TYPE:WALL-OUTER
G1 F1800 X43.8 Y40.7 E0.01829
G1 X36.2 Y40.7 E0.12639
G1 X36.2 Y41.8 E0.01829
G1 X43.8 Y41.8 E0.12639
G0 F7200 X43.8 Y41.6
G1 F1500 E-6.5
G0 F7200 X43.52 Y41.52
G0 X44.665 Y41.425
G0 X53.425 Y41.425
;TYPE:WALL-INNER
G1 F1500 E6.5
G1 F4114.3 X53.425 Y41.075 E0.00509
G1 X46.575 Y41.075 E0.09968
G1 X46.575 Y41.425 E0.00509
G1 X53.425 Y41.425 E0.09968
G0 F7200 X53.8 Y41.8
;TYPE:WALL-OUTER
G1 F1800 X53.8 Y40.7 E0.01829
G1 X46.2 Y40.7 E0.12639
G1 X46.2 Y41.8 E0.01829
G1 X53.8 Y41.8 E0.12639
G0 F7200 X53.8 Y41.6
G1 F1500 E-6.5
G0 F7200 X53.52 Y41.52
G0 X54.665 Y41.425
G0 X63.425 Y41.425
;TYPE:WALL-INNER
G1 F1500 E6.5
G1 F4114.3 X63.425 Y41.075 E0.00509
G1 X56.575 Y41.075 E0.09968
G1 X56.575 Y41.425 E0.00509
G1 X63.425 Y41.425 E0.09968
G0 F7200 X63.8 Y41.8
;TYPE:WALL-OUTER
G1 F1800 X63.8 Y40.7 E0.01829
G1 X56.2 Y40.7 E0.12639
G1 X56.2 Y41.8 E0.01829
G1 X63.8 Y41.8 E0.12639
G0 F7200 X63.8 Y41.6
G1 F1500 E-6.5
G0 F7200 X63.52 Y41.52
G0 X63.425 Y42.665
G0 X63.425 Y57.335
G0 X63.425 Y58.925
;TYPE:WALL-INNER
G1 F1500 E6.5
G1 F4114.3 X63.425 Y58.575 E0.00509
G1 X56.575 Y58.575 E0.09968
G1 X56.575 Y58.925 E0.00509
G1 X63.425 Y58.925 E0.09968
G0 F7200 X63.8 Y59.3
;TYPE:WALL-OUTER
G1 F1800 X63.8 Y58.2 E0.01829
G1 X56.2 Y58.2 E0.12639
G1 X56.2 Y59.3 E0.01829
G1 X63.8 Y59.3 E0.12639
G0 F7200 X63.8 Y59.1
G1 F1500 E-6.5
G0 F7200 X63.52 Y59.02
G0 X56.43 Y58.925
G0 X55.335 Y58.925
G0 X53.425 Y58.925
;TYPE:WALL-INNER
G1 F1500 E6.5
G1 F4114.3 X53.425 Y58.575 E0.00509
G1 X46.575 Y58.575 E0.09968
G1 X46.575 Y58.925 E0.00509
G1 X53.425 Y58.925 E0.09968
G0 F7200 X53.8 Y59.3
;TYPE:WALL-OUTER
G1 F1800 X53.8 Y58.2 E0.01829
G1 X46.2 Y58.2 E0.12639
G1 X46.2 Y59.3 E0.01829
G1 X53.8 Y59.3 E0.12639
G0 F7200 X53.8 Y59.1
G1 F1500 E-6.5
G0 F7200 X53.52 Y59.02
G0 X46.43 Y58.925
G0 X45.335 Y58.925
G0 X43.425 Y58.925
;TYPE:WALL-INNER
G1 F1500 E6.5
G1 F4114.3 X43.425 Y58.575 E0.00509
G1 X36.575 Y58.575 E0.09968
G1 X36.575 Y58.925 E0.00509
G1 X43.425 Y58.925 E0.09968
G0 F7200 X43.8 Y59.3
;TYPE:WALL-OUTER
G1 F1800 X43.8 Y58.2 E0.01829
G1 X36.2 Y58.2 E0.12639
G1 X36.2 Y59.3 E0.01829
G1 X43.8 Y59.3 E0.12639
G0 F7200 X43.8 Y59.1
G1 F1500 E-6.5
;MESH:NONMESH
G0 F600 X43.8 Y59.1 Z7.2
G0 F7200 X43.52 Y59.02
G0 X43.425 Y57.335
G0 X43.425 Y42.665
G0 X43.425 Y41.425
;TIME_ELAPSED:1262.784922
;LAYER:69
;TYPE:WALL-INNER
;MESH:pin.stl
G1 F1500 E6.5
G1 F4114.3 X43.425 Y41.075 E0.00509
G1 X36.575 Y41.075 E0.09968
G1 X36.575 Y41.425 E0.00509
G1 X43.425 Y41.425 E0.09968
G0 F7200 X43.8 Y41.8
;TYPE:WALL-OUTER
G1 F1800 X43.8 Y40.7 E0.01829
G1 X36.2 Y40.7 E0.12639
G1 X36.2 Y41.8 E0.01829
G1 X43.8 Y41.8 E0.12639
G0 F7200 X43.8 Y41.6
G1 F1500 E-6.5
G0 F7200 X43.52 Y41.52
G0 X44.665 Y41.425
G0 X53.425 Y41.425
;TYPE:WALL-INNER
G1 F1500 E6.5
G1 F4114.3 X53.425 Y41.075 E0.00509
G1 X46.575 Y41.075 E0.09968
G1 X46.575 Y41.425 E0.00509
G1 X53.425 Y41.425 E0.09968
G0 F7200 X53.8 Y41.8
;TYPE:WALL-OUTER
G1 F1800 X53.8 Y40.7 E0.01829
G1 X46.2 Y40.7 E0.12639
G1 X46.2 Y41.8 E0.01829
G1 X53.8 Y41.8 E0.12639
G0 F7200 X53.8 Y41.6
G1 F1500 E-6.5
G0 F7200 X53.52 Y41.52
G0 X54.665 Y41.425
G0 X63.425 Y41.425
;TYPE:WALL-INNER
G1 F1500 E6.5
G1 F4114.3 X63.425 Y41.075 E0.00509
G1 X56.575 Y41.075 E0.09968
G1 X56.575 Y41.425 E0.00509
G1 X63.425 Y41.425 E0.09968
G0 F7200 X63.8 Y41.8
;TYPE:WALL-OUTER
G1 F1800 X63.8 Y40.7 E0.01829
G1 X56.2 Y40.7 E0.12639
G1 X56.2 Y41.8 E0.01829
G1 X63.8 Y41.8 E0.12639
G0 F7200 X63.8 Y41.6
G1 F1500 E-6.5
G0 F7200 X63.52 Y41.52
G0 X63.425 Y42.665
G0 X63.425 Y57.335
G0 X63.425 Y58.925
;TYPE:WALL-INNER
G1 F1500 E6.5
G1 F4114.3 X63.425 Y58.575 E0.00509
G1 X56.575 Y58.575 E0.09968
G1 X56.575 Y58.925 E0.00509
G1 X63.425 Y58.925 E0.09968
G0 F7200 X63.8 Y59.3
;TYPE:WALL-OUTER
G1 F1800 X63.8 Y58.2 E0.01829
G1 X56.2 Y58.2 E0.12639
G1 X56.2 Y59.3 E0.01829
G1 X63.8 Y59.3 E0.12639
G0 F7200 X63.8 Y59.1
G1 F1500 E-6.5
G0 F7200 X63.52 Y59.02
G0 X56.43 Y58.925
G0 X55.335 Y58.925
G0 X53.425 Y58.925
;TYPE:WALL-INNER
G1 F1500 E6.5
G1 F4114.3 X53.425 Y58.575 E0.00509
G1 X46.575 Y58.575 E0.09968
G1 X46.575 Y58.925 E0.00509
G1 X53.425 Y58.925 E0.09968
G0 F7200 X53.8 Y59.3
;TYPE:WALL-OUTER
G1 F1800 X53.8 Y58.2 E0.01829
G1 X46.2 Y58.2 E0.12639
G1 X46.2 Y59.3 E0.01829
G1 X53.8 Y59.3 E0.12639
G0 F7200 X53.8 Y59.1
G1 F1500 E-6.5
G0 F7200 X53.52 Y59.02
G0 X46.43 Y58.925
G0 X45.335 Y58.925
G0 X43.425 Y58.925
;TYPE:WALL-INNER
G1 F1500 E6.5
G1 F4114.3 X43.425 Y58.575 E0.00509
G1 X36.575 Y58.575 E0.09968
G1 X36.575 Y58.925 E0.00509
G1 X43.425 Y58.925 E0.09968
G0 F7200 X43.8 Y59.3
;TYPE:WALL-OUTER
G1 F1800 X43.8 Y58.2 E0.01829
G1 X36.2 Y58.2 E0.12639
G1 X36.2 Y59.3 E0.01829
G1 X43.8 Y59.3 E0.12639
G0 F7200 X43.8 Y59.1
G1 F1500 E-6.5
;MESH:NONMESH
G0 F600 X43.8 Y59.1 Z7.3
G0 F7200 X43.52 Y59.02
G0 X43.425 Y57.335
G0 X43.425 Y42.665
G0 X43.425 Y41.425
;TIME_ELAPSED:1271.977392
;LAYER:70
;TYPE:WALL-INNER
;MESH:pin.stl
G1 F1500 E6.5
G1 F4114.3 X43.425 Y41.075 E0.00509
G1 X36.575 Y41.075 E0.09968
G1 X36.575 Y41.425 E0.00509
G1 X43.425 Y41.425 E0.09968
G0 F7200 X43.8 Y41.8
;TYPE:WALL-OUTER
G1 F1800 X43.8 Y40.7 E0.01829
G1 X36.2 Y40.7 E0.12639
G1 X36.2 Y41.8 E0.01829
G1 X43.8 Y41.8 E0.12639
G0 F7200 X43.8 Y41.6
G1 F1500 E-6.5
G0 F7200 X43.52 Y41.52
G0 X44.665 Y41.425
G0 X53.425 Y41.425
;TYPE:WALL-INNER
G1 F1500 E6.5
G1 F4114.3 X53.425 Y41.075 E0.00509
G1 X46.575 Y41.075 E0.09968
G1 X46.575 Y41.425 E0.00509
G1 X53.425 Y41.425 E0.09968
G0 F7200 X53.8 Y41.8
;TYPE:WALL-OUTER
G1 F1800 X53.8 Y40.7 E0.01829
G1 X46.2 Y40.7 E0.12639
G1 X46.2 Y41.8 E0.01829
G1 X53.8 Y41.8 E0.12639
G0 F7200 X53.8 Y41.6
G1 F1500 E-6.5
G0 F7200 X53.52 Y41.52
G0 X54.665 Y41.425
G0 X63.425 Y41.425
;TYPE:WALL-INNER
G1 F1500 E6.5
G1 F4114.3 X63.425 Y41.075 E0.00509
G1 X56.575 Y41.075 E0.09968
G1 X56.575 Y41.425 E0.00509
G1 X63.425 Y41.425 E0.09968
G0 F7200 X63.8 Y41.8
;TYPE:WALL-OUTER
G1 F1800 X63.8 Y40.7 E0.01829
G1 X56.2 Y40.7 E0.12639
G1 X56.2 Y41.8 E0.01829
G1 X63.8 Y41.8 E0.12639
G0 F7200 X63.8 Y41.6
G1 F1500 E-6.5
G0 F7200 X63.52 Y41.52
G0 X63.425 Y42.665
G0 X63.425 Y57.335
G0 X63.425 Y58.925
;TYPE:WALL-INNER
G1 F1500 E6.5
G1 F4114.3 X63.425 Y58.575 E0.00509
G1 X56.575 Y58.575 E0.09968
G1 X56.575 Y58.925 E0.00509
G1 X63.425 Y58.925 E0.09968
G0 F7200 X63.8 Y59.3
;TYPE:WALL-OUTER
G1 F1800 X63.8 Y58.2 E0.01829
G1 X56.2 Y58.2 E0.12639
G1 X56.2 Y59.3 E0.01829
G1 X63.8 Y59.3 E0.12639
G0 F7200 X63.8 Y59.1
G1 F1500 E-6.5
G0 F7200 X63.52 Y59.02
G0 X56.43 Y58.925
G0 X55.335 Y58.925
G0 X53.425 Y58.925
;TYPE:WALL-INNER
G1 F1500 E6.5
G1 F4114.3 X53.425 Y58.575 E0.00509
G1 X46.575 Y58.575 E0.09968
G1 X46.575 Y58.925 E0.00509
G1 X53.425 Y58.925 E0.09968
G0 F7200 X53.8 Y59.3
;TYPE:WALL-OUTER
G1 F1800 X53.8 Y58.2 E0.01829
G1 X46.2 Y58.2 E0.12639
G1 X46.2 Y59.3 E0.01829
G1 X53.8 Y59.3 E0.12639
G0 F7200 X53.8 Y59.1
G1 F1500 E-6.5
G0 F7200 X53.52 Y59.02
G0 X46.43 Y58.925
G0 X45.335 Y58.925
G0 X43.425 Y58.925
;TYPE:WALL-INNER
G1 F1500 E6.5
G1 F4114.3 X43.425 Y58.575 E0.00509
G1 X36.575 Y58.575 E0.09968
G1 X36.575 Y58.925 E0.00509
G1 X43.425 Y58.925 E0.09968
G0 F7200 X43.8 Y59.3
;TYPE:WALL-OUTER
G1 F1800 X43.8 Y58.2 E0.01829
G1 X36.2 Y58.2 E0.12639
G1 X36.2 Y59.3 E0.01829
G1 X43.8 Y59.3 E0.12639
G0 F7200 X43.8 Y59.1
G1 F1500 E-6.5
;MESH:NONMESH
G0 F600 X43.8 Y59.1 Z7.4
G0 F7200 X43.52 Y59.02
G0 X43.425 Y57.335
G0 X43.425 Y42.665
G0 X43.425 Y41.425
;TIME_ELAPSED:1281.169862
;LAYER:71
;TYPE:WALL-INNER
;MESH:pin.stl
G1 F1500 E6.5
G1 F4114.3 X43.425 Y41.075 E0.00509
G1 X36.575 Y41.075 E0.09968
G1 X36.575 Y41.425 E0.00509
G1 X43.425 Y41.425 E0.09968
G0 F7200 X43.8 Y41.8
;TYPE:WALL-OUTER
G1 F1800 X43.8 Y40.7 E0.01829
G1 X36.2 Y40.7 E0.12639
G1 X36.2 Y41.8 E0.01829
G1 X43.8 Y41.8 E0.12639
G0 F7200 X43.8 Y41.6
G1 F1500 E-6.5
G0 F7200 X43.52 Y41.52
G0 X44.665 Y41.425
G0 X53.425 Y41.425
;TYPE:WALL-INNER
G1 F1500 E6.5
G1 F4114.3 X53.425 Y41.075 E0.00509
G1 X46.575 Y41.075 E0.09968
G1 X46.575 Y41.425 E0.00509
G1 X53.425 Y41.425 E0.09968
G0 F7200 X53.8 Y41.8
;TYPE:WALL-OUTER
G1 F1800 X53.8 Y40.7 E0.01829
G1 X46.2 Y40.7 E0.12639
G1 X46.2 Y41.8 E0.01829
G1 X53.8 Y41.8 E0.12639
G0 F7200 X53.8 Y41.6
G1 F1500 E-6.5
G0 F7200 X53.52 Y41.52
G0 X54.665 Y41.425
G0 X63.425 Y41.425
;TYPE:WALL-INNER
G1 F1500 E6.5
G1 F4114.3 X63.425 Y41.075 E0.00509
G1 X56.575 Y41.075 E0.09968
G1 X56.575 Y41.425 E0.00509
G1 X63.425 Y41.425 E0.09968
G0 F7200 X63.8 Y41.8
;TYPE:WALL-OUTER
G1 F1800 X63.8 Y40.7 E0.01829
G1 X56.2 Y40.7 E0.12639
G1 X56.2 Y41.8 E0.01829
G1 X63.8 Y41.8 E0.12639
G0 F7200 X63.8 Y41.6
G1 F1500 E-6.5
G0 F7200 X63.52 Y41.52
G0 X63.425 Y42.665
G0 X63.425 Y57.335
G0 X63.425 Y58.925
;TYPE:WALL-INNER
G1 F1500 E6.5
G1 F4114.3 X63.425 Y58.575 E0.00509
G1 X56.575 Y58.575 E0.09968
G1 X56.575 Y58.925 E0.00509
G1 X63.425 Y58.925 E0.09968
G0 F7200 X63.8 Y59.3
;TYPE:WALL-OUTER
G1 F1800 X63.8 Y58.2 E0.01829
G1 X56.2 Y58.2 E0.12639
G1 X56.2 Y59.3 E0.01829
G1 X63.8 Y59.3 E0.12639
G0 F7200 X63.8 Y59.1
G1 F1500 E-6.5
G0 F7200 X63.52 Y59.02
G0 X56.43 Y58.925
G0 X55.335 Y58.925
G0 X53.425 Y58.925
;TYPE:WALL-INNER
G1 F1500 E6.5
G1 F4114.3 X53.425 Y58.575 E0.00509
G1 X46.575 Y58.575 E0.09968
G1 X46.575 Y58.925 E0.00509
G1 X53.425 Y58.925 E0.09968
G0 F7200 X53.8 Y59.3
;TYPE:WALL-OUTER
G1 F1800 X53.8 Y58.2 E0.01829
G1 X46.2 Y58.2 E0.12639
G1 X46.2 Y59.3 E0.01829
G1 X53.8 Y59.3 E0.12639
G0 F7200 X53.8 Y59.1
G1 F1500 E-6.5
G0 F7200 X53.52 Y59.02
G0 X46.43 Y58.925
G0 X45.335 Y58.925
G0 X43.425 Y58.925
;TYPE:WALL-INNER
G1 F1500 E6.5
G1 F4114.3 X43.425 Y58.575 E0.00509
G1 X36.575 Y58.575 E0.09968
G1 X36.575 Y58.925 E0.00509
G1 X43.425 Y58.925 E0.09968
G0 F7200 X43.8 Y59.3
;TYPE:WALL-OUTER
G1 F1800 X43.8 Y58.2 E0.01829
G1 X36.2 Y58.2 E0.12639
G1 X36.2 Y59.3 E0.01829
G1 X43.8 Y59.3 E0.12639
G0 F7200 X43.8 Y59.1
G1 F1500 E-6.5
;MESH:NONMESH
G0 F600 X43.8 Y59.1 Z7.5
G0 F7200 X43.52 Y59.02
G0 X43.425 Y57.335
G0 X43.425 Y42.665
G0 X43.425 Y41.425
;TIME_ELAPSED:1290.362332
;LAYER:72
;TYPE:WALL-INNER
;MESH:pin.stl
G1 F1500 E6.5
G1 F4114.3 X43.425 Y41.075 E0.00509
G1 X36.575 Y41.075 E0.09968
G1 X36.575 Y41.425 E0.00509
G1 X43.425 Y41.425 E0.09968
G0 F7200 X43.8 Y41.8
;TYPE:WALL-OUTER
G1 F1800 X43.8 Y40.7 E0.01829
G1 X36.2 Y40.7 E0.12639
G1 X36.2 Y41.8 E0.01829
G1 X43.8 Y41.8 E0.12639
G0 F7200 X43.8 Y41.6
G1 F1500 E-6.5
G0 F7200 X43.52 Y41.52
G0 X44.665 Y41.425
G0 X53.425 Y41.425
;TYPE:WALL-INNER
G1 F1500 E6.5
G1 F4114.3 X53.425 Y41.075 E0.00509
G1 X46.575 Y41.075 E0.09968
G1 X46.575 Y41.425 E0.00509
G1 X53.425 Y41.425 E0.09968
G0 F7200 X53.8 Y41.8
;TYPE:WALL-OUTER
G1 F1800 X53.8 Y40.7 E0.01829
G1 X46.2 Y40.7 E0.12639
G1 X46.2 Y41.8 E0.01829
G1 X53.8 Y41.8 E0.12639
G0 F7200 X53.8 Y41.6
G1 F1500 E-6.5
G0 F7200 X53.52 Y41.52
G0 X54.665 Y41.425
G0 X63.425 Y41.425
;TYPE:WALL-INNER
G1 F1500 E6.5
G1 F4114.3 X63.425 Y41.075 E0.00509
G1 X56.575 Y41.075 E0.09968
G1 X56.575 Y41.425 E0.00509
G1 X63.425 Y41.425 E0.09968
G0 F7200 X63.8 Y41.8
;TYPE:WALL-OUTER
G1 F1800 X63.8 Y40.7 E0.01829
G1 X56.2 Y40.7 E0.12639
G1 X56.2 Y41.8 E0.01829
G1 X63.8 Y41.8 E0.12639
G0 F7200 X63.8 Y41.6
G1 F1500 E-6.5
G0 F7200 X63.52 Y41.52
G0 X63.425 Y42.665
G0 X63.425 Y57.335
G0 X63.425 Y58.925
;TYPE:WALL-INNER
G1 F1500 E6.5
G1 F4114.3 X63.425 Y58.575 E0.00509
G1 X56.575 Y58.575 E0.09968
G1 X56.575 Y58.925 E0.00509
G1 X63.425 Y58.925 E0.09968
G0 F7200 X63.8 Y59.3
;TYPE:WALL-OUTER
G1 F1800 X63.8 Y58.2 E0.01829
G1 X56.2 Y58.2 E0.12639
G1 X56.2 Y59.3 E0.01829
G1 X63.8 Y59.3 E0.12639
G0 F7200 X63.8 Y59.1
G1 F1500 E-6.5
G0 F7200 X63.52 Y59.02
G0 X56.43 Y58.925
G0 X55.335 Y58.925
G0 X53.425 Y58.925
;TYPE:WALL-INNER
G1 F1500 E6.5
G1 F4114.3 X53.425 Y58.575 E0.00509
G1 X46.575 Y58.575 E0.09968
G1 X46.575 Y58.925 E0.00509
G1 X53.425 Y58.925 E0.09968
G0 F7200 X53.8 Y59.3
;TYPE:WALL-OUTER
G1 F1800 X53.8 Y58.2 E0.01829
G1 X46.2 Y58.2 E0.12639
G1 X46.2 Y59.3 E0.01829
G1 X53.8 Y59.3 E0.12639
G0 F7200 X53.8 Y59.1
G1 F1500 E-6.5
G0 F7200 X53.52 Y59.02
G0 X46.43 Y58.925
G0 X45.335 Y58.925
G0 X43.425 Y58.925
;TYPE:WALL-INNER
G1 F1500 E6.5
G1 F4114.3 X43.425 Y58.575 E0.00509
G1 X36.575 Y58.575 E0.09968
G1 X36.575 Y58.925 E0.00509
G1 X43.425 Y58.925 E0.09968
G0 F7200 X43.8 Y59.3
;TYPE:WALL-OUTER
G1 F1800 X43.8 Y58.2 E0.01829
G1 X36.2 Y58.2 E0.12639
G1 X36.2 Y59.3 E0.01829
G1 X43.8 Y59.3 E0.12639
G0 F7200 X43.8 Y59.1
G1 F1500 E-6.5
;MESH:NONMESH
G0 F600 X43.8 Y59.1 Z7.6
G0 F7200 X43.52 Y59.02
G0 X43.425 Y57.335
G0 X43.425 Y42.665
G0 X43.425 Y41.425
;TIME_ELAPSED:1299.554803
;LAYER:73
;TYPE:WALL-INNER
;MESH:pin.stl
G1 F1500 E6.5
G1 F4114.3 X43.425 Y41.075 E0.00509
G1 X36.575 Y41.075 E0.09968
G1 X36.575 Y41.425 E0.00509
G1 X43.425 Y41.425 E0.09968
G0 F7200 X43.8 Y41.8
;TYPE:WALL-OUTER
G1 F1800 X43.8 Y40.7 E0.01829
G1 X36.2 Y40.7 E0.12639
G1 X36.2 Y41.8 E0.01829
G1 X43.8 Y41.8 E0.12639
G0 F7200 X43.8 Y41.6
G1 F1500 E-6.5
G0 F7200 X43.52 Y41.52
G0 X44.665 Y41.425
G0 X53.425 Y41.425
;TYPE:WALL-INNER
G1 F1500 E6.5
G1 F4114.3 X53.425 Y41.075 E0.00509
G1 X46.575 Y41.075 E0.09968
G1 X46.575 Y41.425 E0.00509
G1 X53.425 Y41.425 E0.09968
G0 F7200 X53.8 Y41.8
;TYPE:WALL-OUTER
G1 F1800 X53.8 Y40.7 E0.01829
G1 X46.2 Y40.7 E0.12639
G1 X46.2 Y41.8 E0.01829
G1 X53.8 Y41.8 E0.12639
G0 F7200 X53.8 Y41.6
G1 F1500 E-6.5
G0 F7200 X53.52 Y41.52
G0 X54.665 Y41.425
G0 X63.425 Y41.425
;TYPE:WALL-INNER
G1 F1500 E6.5
G1 F4114.3 X63.425 Y41.075 E0.00509
G1 X56.575 Y41.075 E0.09968
G1 X56.575 Y41.425 E0.00509
G1 X63.425 Y41.425 E0.09968
G0 F7200 X63.8 Y41.8
;TYPE:WALL-OUTER
G1 F1800 X63.8 Y40.7 E0.01829
G1 X56.2 Y40.7 E0.12639
G1 X56.2 Y41.8 E0.01829
G1 X63.8 Y41.8 E0.12639
G0 F7200 X63.8 Y41.6
G1 F1500 E-6.5
G0 F7200 X63.52 Y41.52
G0 X63.425 Y42.665
G0 X63.425 Y57.335
G0 X63.425 Y58.925
;TYPE:WALL-INNER
G1 F1500 E6.5
G1 F4114.3 X63.425 Y58.575 E0.00509
G1 X56.575 Y58.575 E0.09968
G1 X56.575 Y58.925 E0.00509
G1 X63.425 Y58.925 E0.09968
G0 F7200 X63.8 Y59.3
;TYPE:WALL-OUTER
G1 F1800 X63.8 Y58.2 E0.01829
G1 X56.2 Y58.2 E0.12639
G1 X56.2 Y59.3 E0.01829
G1 X63.8 Y59.3 E0.12639
G0 F7200 X63.8 Y59.1
G1 F1500 E-6.5
G0 F7200 X63.52 Y59.02
G0 X56.43 Y58.925
G0 X55.335 Y58.925
G0 X53.425 Y58.925
;TYPE:WALL-INNER
G1 F1500 E6.5
G1 F4114.3 X53.425 Y58.575 E0.00509
G1 X46.575 Y58.575 E0.09968
G1 X46.575 Y58.925 E0.00509
G1 X53.425 Y58.925 E0.09968
G0 F7200 X53.8 Y59.3
;TYPE:WALL-OUTER
G1 F1800 X53.8 Y58.2 E0.01829
G1 X46.2 Y58.2 E0.12639
G1 X46.2 Y59.3 E0.01829
G1 X53.8 Y59.3 E0.12639
G0 F7200 X53.8 Y59.1
G1 F1500 E-6.5
G0 F7200 X53.52 Y59.02
G0 X46.43 Y58.925
G0 X45.335 Y58.925
G0 X43.425 Y58.925
;TYPE:WALL-INNER
G1 F1500 E6.5
G1 F4114.3 X43.425 Y58.575 E0.00509
G1 X36.575 Y58.575 E0.09968
G1 X36.575 Y58.925 E0.00509
G1 X43.425 Y58.925 E0.09968
G0 F7200 X43.8 Y59.3
;TYPE:WALL-OUTER
G1 F1800 X43.8 Y58.2 E0.01829
G1 X36.2 Y58.2 E0.12639
G1 X36.2 Y59.3 E0.01829
G1 X43.8 Y59.3 E0.12639
G0 F7200 X43.8 Y59.1
G1 F1500 E-6.5
;MESH:NONMESH
G0 F600 X43.8 Y59.1 Z7.7
G0 F7200 X43.52 Y59.02
G0 X43.425 Y57.335
G0 X43.425 Y42.665
G0 X43.425 Y41.425
;TIME_ELAPSED:1308.747273
;LAYER:74
;TYPE:WALL-INNER
;MESH:pin.stl
G1 F1500 E6.5
G1 F4114.3 X43.425 Y41.075 E0.00509
G1 X36.575 Y41.075 E0.09968
G1 X36.575 Y41.425 E0.00509
G1 X43.425 Y41.425 E0.09968
G0 F7200 X43.8 Y41.8
;TYPE:WALL-OUTER
G1 F1800 X43.8 Y40.7 E0.01829
G1 X36.2 Y40.7 E0.12639
G1 X36.2 Y41.8 E0.01829
G1 X43.8 Y41.8 E0.12639
G0 F7200 X43.8 Y41.6
G1 F1500 E-6.5
G0 F7200 X43.52 Y41.52
G0 X44.665 Y41.425
G0 X53.425 Y41.425
;TYPE:WALL-INNER
G1 F1500 E6.5
G1 F4114.3 X53.425 Y41.075 E0.00509
G1 X46.575 Y41.075 E0.09968
G1 X46.575 Y41.425 E0.00509
G1 X53.425 Y41.425 E0.09968
G0 F7200 X53.8 Y41.8
;TYPE:WALL-OUTER
G1 F1800 X53.8 Y40.7 E0.01829
G1 X46.2 Y40.7 E0.12639
G1 X46.2 Y41.8 E0.01829
G1 X53.8 Y41.8 E0.12639
G0 F7200 X53.8 Y41.6
G1 F1500 E-6.5
G0 F7200 X53.52 Y41.52
G0 X54.665 Y41.425
G0 X63.425 Y41.425
;TYPE:WALL-INNER
G1 F1500 E6.5
G1 F4114.3 X63.425 Y41.075 E0.00509
G1 X56.575 Y41.075 E0.09968
G1 X56.575 Y41.425 E0.00509
G1 X63.425 Y41.425 E0.09968
G0 F7200 X63.8 Y41.8
;TYPE:WALL-OUTER
G1 F1800 X63.8 Y40.7 E0.01829
G1 X56.2 Y40.7 E0.12639
G1 X56.2 Y41.8 E0.01829
G1 X63.8 Y41.8 E0.12639
G0 F7200 X63.8 Y41.6
G1 F1500 E-6.5
G0 F7200 X63.52 Y41.52
G0 X63.425 Y42.665
G0 X63.425 Y57.335
G0 X63.425 Y58.925
;TYPE:WALL-INNER
G1 F1500 E6.5
G1 F4114.3 X63.425 Y58.575 E0.00509
G1 X56.575 Y58.575 E0.09968
G1 X56.575 Y58.925 E0.00509
G1 X63.425 Y58.925 E0.09968
G0 F7200 X63.8 Y59.3
;TYPE:WALL-OUTER
G1 F1800 X63.8 Y58.2 E0.01829
G1 X56.2 Y58.2 E0.12639
G1 X56.2 Y59.3 E0.01829
G1 X63.8 Y59.3 E0.12639
G0 F7200 X63.8 Y59.1
G1 F1500 E-6.5
G0 F7200 X63.52 Y59.02
G0 X56.43 Y58.925
G0 X55.335 Y58.925
G0 X53.425 Y58.925
;TYPE:WALL-INNER
G1 F1500 E6.5
G1 F4114.3 X53.425 Y58.575 E0.00509
G1 X46.575 Y58.575 E0.09968
G1 X46.575 Y58.925 E0.00509
G1 X53.425 Y58.925 E0.09968
G0 F7200 X53.8 Y59.3
;TYPE:WALL-OUTER
G1 F1800 X53.8 Y58.2 E0.01829
G1 X46.2 Y58.2 E0.12639
G1 X46.2 Y59.3 E0.01829
G1 X53.8 Y59.3 E0.12639
G0 F7200 X53.8 Y59.1
G1 F1500 E-6.5
G0 F7200 X53.52 Y59.02
G0 X46.43 Y58.925
G0 X45.335 Y58.925
G0 X43.425 Y58.925
;TYPE:WALL-INNER
G1 F1500 E6.5
G1 F4114.3 X43.425 Y58.575 E0.00509
G1 X36.575 Y58.575 E0.09968
G1 X36.575 Y58.925 E0.00509
G1 X43.425 Y58.925 E0.09968
G0 F7200 X43.8 Y59.3
;TYPE:WALL-OUTER
G1 F1800 X43.8 Y58.2 E0.01829
G1 X36.2 Y58.2 E0.12639
G1 X36.2 Y59.3 E0.01829
G1 X43.8 Y59.3 E0.12639
G0 F7200 X43.8 Y59.1
G1 F1500 E-6.5
;MESH:NONMESH
G0 F600 X43.8 Y59.1 Z7.8
G0 F7200 X43.52 Y59.02
G0 X43.425 Y57.335
G0 X43.425 Y42.665
G0 X43.425 Y41.425
;TIME_ELAPSED:1317.939743
;LAYER:75
;TYPE:WALL-INNER
;MESH:pin.stl
G1 F1500 E6.5
G1 F4114.3 X43.425 Y41.075 E0.00509
G1 X36.575 Y41.075 E0.09968
G1 X36.575 Y41.425 E0.00509
G1 X43.425 Y41.425 E0.09968
G0 F7200 X43.8 Y41.8
;TYPE:WALL-OUTER
G1 F1800 X43.8 Y40.7 E0.01829
G1 X36.2 Y40.7 E0.12639
G1 X36.2 Y41.8 E0.01829
G1 X43.8 Y41.8 E0.12639
G0 F7200 X43.8 Y41.6
G1 F1500 E-6.5
G0 F7200 X43.52 Y41.52
G0 X44.665 Y41.425
G0 X53.425 Y41.425
;TYPE:WALL-INNER
G1 F1500 E6.5
G1 F4114.3 X53.425 Y41.075 E0.00509
G1 X46.575 Y41.075 E0.09968
G1 X46.575 Y41.425 E0.00509
G1 X53.425 Y41.425 E0.09968
G0 F7200 X53.8 Y41.8
;TYPE:WALL-OUTER
G1 F1800 X53.8 Y40.7 E0.01829
G1 X46.2 Y40.7 E0.12639
G1 X46.2 Y41.8 E0.01829
G1 X53.8 Y41.8 E0.12639
G0 F7200 X53.8 Y41.6
G1 F1500 E-6.5
G0 F7200 X53.52 Y41.52
G0 X54.665 Y41.425
G0 X63.425 Y41.425
;TYPE:WALL-INNER
G1 F1500 E6.5
G1 F4114.3 X63.425 Y41.075 E0.00509
G1 X56.575 Y41.075 E0.09968
G1 X56.575 Y41.425 E0.00509
G1 X63.425 Y41.425 E0.09968
G0 F7200 X63.8 Y41.8
;TYPE:WALL-OUTER
G1 F1800 X63.8 Y40.7 E0.01829
G1 X56.2 Y40.7 E0.12639
G1 X56.2 Y41.8 E0.01829
G1 X63.8 Y41.8 E0.12639
G0 F7200 X63.8 Y41.6
G1 F1500 E-6.5
G0 F7200 X63.52 Y41.52
G0 X63.425 Y42.665
G0 X63.425 Y57.335
G0 X63.425 Y58.925
;TYPE:WALL-INNER
G1 F1500 E6.5
G1 F4114.3 X63.425 Y58.575 E0.00509
G1 X56.575 Y58.575 E0.09968
G1 X56.575 Y58.925 E0.00509
G1 X63.425 Y58.925 E0.09968
G0 F7200 X63.8 Y59.3
;TYPE:WALL-OUTER
G1 F1800 X63.8 Y58.2 E0.01829
G1 X56.2 Y58.2 E0.12639
G1 X56.2 Y59.3 E0.01829
G1 X63.8 Y59.3 E0.12639
G0 F7200 X63.8 Y59.1
G1 F1500 E-6.5
G0 F7200 X63.52 Y59.02
G0 X56.43 Y58.925
G0 X55.335 Y58.925
G0 X53.425 Y58.925
;TYPE:WALL-INNER
G1 F1500 E6.5
G1 F4114.3 X53.425 Y58.575 E0.00509
G1 X46.575 Y58.575 E0.09968
G1 X46.575 Y58.925 E0.00509
G1 X53.425 Y58.925 E0.09968
G0 F7200 X53.8 Y59.3
;TYPE:WALL-OUTER
G1 F1800 X53.8 Y58.2 E0.01829
G1 X46.2 Y58.2 E0.12639
G1 X46.2 Y59.3 E0.01829
G1 X53.8 Y59.3 E0.12639
G0 F7200 X53.8 Y59.1
G1 F1500 E-6.5
G0 F7200 X53.52 Y59.02
G0 X46.43 Y58.925
G0 X45.335 Y58.925
G0 X43.425 Y58.925
;TYPE:WALL-INNER
G1 F1500 E6.5
G1 F4114.3 X43.425 Y58.575 E0.00509
G1 X36.575 Y58.575 E0.09968
G1 X36.575 Y58.925 E0.00509
G1 X43.425 Y58.925 E0.09968
G0 F7200 X43.8 Y59.3
;TYPE:WALL-OUTER
G1 F1800 X43.8 Y58.2 E0.01829
G1 X36.2 Y58.2 E0.12639
G1 X36.2 Y59.3 E0.01829
G1 X43.8 Y59.3 E0.12639
G0 F7200 X43.8 Y59.1
G1 F1500 E-6.5
;MESH:NONMESH
G0 F600 X43.8 Y59.1 Z7.9
G0 F7200 X43.52 Y59.02
G0 X43.425 Y57.335
G0 X43.425 Y42.665
G0 X43.425 Y41.425
;TIME_ELAPSED:1327.132213
;LAYER:76
;TYPE:WALL-INNER
;MESH:pin.stl
G1 F1500 E6.5
G1 F4114.3 X43.425 Y41.075 E0.00509
G1 X36.575 Y41.075 E0.09968
G1 X36.575 Y41.425 E0.00509
G1 X43.425 Y41.425 E0.09968
G0 F7200 X43.8 Y41.8
;TYPE:WALL-OUTER
G1 F1800 X43.8 Y40.7 E0.01829
G1 X36.2 Y40.7 E0.12639
G1 X36.2 Y41.8 E0.01829
G1 X43.8 Y41.8 E0.12639
G0 F7200 X43.8 Y41.6
G1 F1500 E-6.5
G0 F7200 X43.52 Y41.52
G0 X44.665 Y41.425
G0 X53.425 Y41.425
;TYPE:WALL-INNER
G1 F1500 E6.5
G1 F4114.3 X53.425 Y41.075 E0.00509
G1 X46.575 Y41.075 E0.09968
G1 X46.575 Y41.425 E0.00509
G1 X53.425 Y41.425 E0.09968
G0 F7200 X53.8 Y41.8
;TYPE:WALL-OUTER
G1 F1800 X53.8 Y40.7 E0.01829
G1 X46.2 Y40.7 E0.12639
G1 X46.2 Y41.8 E0.01829
G1 X53.8 Y41.8 E0.12639
G0 F7200 X53.8 Y41.6
G1 F1500 E-6.5
G0 F7200 X53.52 Y41.52
G0 X54.665 Y41.425
G0 X63.425 Y41.425
;TYPE:WALL-INNER
G1 F1500 E6.5
G1 F4114.3 X63.425 Y41.075 E0.00509
G1 X56.575 Y41.075 E0.09968
G1 X56.575 Y41.425 E0.00509
G1 X63.425 Y41.425 E0.09968
G0 F7200 X63.8 Y41.8
;TYPE:WALL-OUTER
G1 F1800 X63.8 Y40.7 E0.01829
G1 X56.2 Y40.7 E0.12639
G1 X56.2 Y41.8 E0.01829
G1 X63.8 Y41.8 E0.12639
G0 F7200 X63.8 Y41.6
G1 F1500 E-6.5
G0 F7200 X63.52 Y41.52
G0 X63.425 Y42.665
G0 X63.425 Y57.335
G0 X63.425 Y58.925
;TYPE:WALL-INNER
G1 F1500 E6.5
G1 F4114.3 X63.425 Y58.575 E0.00509
G1 X56.575 Y58.575 E0.09968
G1 X56.575 Y58.925 E0.00509
G1 X63.425 Y58.925 E0.09968
G0 F7200 X63.8 Y59.3
;TYPE:WALL-OUTER
G1 F1800 X63.8 Y58.2 E0.01829
G1 X56.2 Y58.2 E0.12639
G1 X56.2 Y59.3 E0.01829
G1 X63.8 Y59.3 E0.12639
G0 F7200 X63.8 Y59.1
G1 F1500 E-6.5
G0 F7200 X63.52 Y59.02
G0 X56.43 Y58.925
G0 X55.335 Y58.925
G0 X53.425 Y58.925
;TYPE:WALL-INNER
G1 F1500 E6.5
G1 F4114.3 X53.425 Y58.575 E0.00509
G1 X46.575 Y58.575 E0.09968
G1 X46.575 Y58.925 E0.00509
G1 X53.425 Y58.925 E0.09968
G0 F7200 X53.8 Y59.3
;TYPE:WALL-OUTER
G1 F1800 X53.8 Y58.2 E0.01829
G1 X46.2 Y58.2 E0.12639
G1 X46.2 Y59.3 E0.01829
G1 X53.8 Y59.3 E0.12639
G0 F7200 X53.8 Y59.1
G1 F1500 E-6.5
G0 F7200 X53.52 Y59.02
G0 X46.43 Y58.925
G0 X45.335 Y58.925
G0 X43.425 Y58.925
;TYPE:WALL-INNER
G1 F1500 E6.5
G1 F4114.3 X43.425 Y58.575 E0.00509
G1 X36.575 Y58.575 E0.09968
G1 X36.575 Y58.925 E0.00509
G1 X43.425 Y58.925 E0.09968
G0 F7200 X43.8 Y59.3
;TYPE:WALL-OUTER
G1 F1800 X43.8 Y58.2 E0.01829
G1 X36.2 Y58.2 E0.12639
G1 X36.2 Y59.3 E0.01829
G1 X43.8 Y59.3 E0.12639
G0 F7200 X43.8 Y59.1
G1 F1500 E-6.5
;MESH:NONMESH
G0 F600 X43.8 Y59.1 Z8
G0 F7200 X43.52 Y59.02
G0 X43.425 Y57.335
G0 X43.425 Y42.665
G0 X43.425 Y41.425
;TIME_ELAPSED:1336.324683
;LAYER:77
;TYPE:WALL-INNER
;MESH:pin.stl
G1 F1500 E6.5
G1 F4114.3 X43.425 Y41.075 E0.00509
G1 X36.575 Y41.075 E0.09968
G1 X36.575 Y41.425 E0.00509
G1 X43.425 Y41.425 E0.09968
G0 F7200 X43.8 Y41.8
;TYPE:WALL-OUTER
G1 F1800 X43.8 Y40.7 E0.01829
G1 X36.2 Y40.7 E0.12639
G1 X36.2 Y41.8 E0.01829
G1 X43.8 Y41.8 E0.12639
G0 F7200 X43.8 Y41.6
G1 F1500 E-6.5
G0 F7200 X43.52 Y41.52
G0 X44.665 Y41.425
G0 X53.425 Y41.425
;TYPE:WALL-INNER
G1 F1500 E6.5
G1 F4114.3 X53.425 Y41.075 E0.00509
G1 X46.575 Y41.075 E0.09968
G1 X46.575 Y41.425 E0.00509
G1 X53.425 Y41.425 E0.09968
G0 F7200 X53.8 Y41.8
;TYPE:WALL-OUTER
G1 F1800 X53.8 Y40.7 E0.01829
G1 X46.2 Y40.7 E0.12639
G1 X46.2 Y41.8 E0.01829
G1 X53.8 Y41.8 E0.12639
G0 F7200 X53.8 Y41.6
G1 F1500 E-6.5
G0 F7200 X53.52 Y41.52
G0 X54.665 Y41.425
G0 X63.425 Y41.425
;TYPE:WALL-INNER
G1 F1500 E6.5
G1 F4114.3 X63.425 Y41.075 E0.00509
G1 X56.575 Y41.075 E0.09968
G1 X56.575 Y41.425 E0.00509
G1 X63.425 Y41.425 E0.09968
G0 F7200 X63.8 Y41.8
;TYPE:WALL-OUTER
G1 F1800 X63.8 Y40.7 E0.01829
G1 X56.2 Y40.7 E0.12639
G1 X56.2 Y41.8 E0.01829
G1 X63.8 Y41.8 E0.12639
G0 F7200 X63.8 Y41.6
G1 F1500 E-6.5
G0 F7200 X63.52 Y41.52
G0 X63.425 Y42.665
G0 X63.425 Y57.335
G0 X63.425 Y58.925
;TYPE:WALL-INNER
G1 F1500 E6.5
G1 F4114.3 X63.425 Y58.575 E0.00509
G1 X56.575 Y58.575 E0.09968
G1 X56.575 Y58.925 E0.00509
G1 X63.425 Y58.925 E0.09968
G0 F7200 X63.8 Y59.3
;TYPE:WALL-OUTER
G1 F1800 X63.8 Y58.2 E0.01829
G1 X56.2 Y58.2 E0.12639
G1 X56.2 Y59.3 E0.01829
G1 X63.8 Y59.3 E0.12639
G0 F7200 X63.8 Y59.1
G1 F1500 E-6.5
G0 F7200 X63.52 Y59.02
G0 X56.43 Y58.925
G0 X55.335 Y58.925
G0 X53.425 Y58.925
;TYPE:WALL-INNER
G1 F1500 E6.5
G1 F4114.3 X53.425 Y58.575 E0.00509
G1 X46.575 Y58.575 E0.09968
G1 X46.575 Y58.925 E0.00509
G1 X53.425 Y58.925 E0.09968
G0 F7200 X53.8 Y59.3
;TYPE:WALL-OUTER
G1 F1800 X53.8 Y58.2 E0.01829
G1 X46.2 Y58.2 E0.12639
G1 X46.2 Y59.3 E0.01829
G1 X53.8 Y59.3 E0.12639
G0 F7200 X53.8 Y59.1
G1 F1500 E-6.5
G0 F7200 X53.52 Y59.02
G0 X46.43 Y58.925
G0 X45.335 Y58.925
G0 X43.425 Y58.925
;TYPE:WALL-INNER
G1 F1500 E6.5
G1 F4114.3 X43.425 Y58.575 E0.00509
G1 X36.575 Y58.575 E0.09968
G1 X36.575 Y58.925 E0.00509
G1 X43.425 Y58.925 E0.09968
G0 F7200 X43.8 Y59.3
;TYPE:WALL-OUTER
G1 F1800 X43.8 Y58.2 E0.01829
G1 X36.2 Y58.2 E0.12639
G1 X36.2 Y59.3 E0.01829
G1 X43.8 Y59.3 E0.12639
G0 F7200 X43.8 Y59.1
G1 F1500 E-6.5
;MESH:NONMESH
G0 F600 X43.8 Y59.1 Z8.1
G0 F7200 X43.52 Y59.02
G0 X43.425 Y57.335
G0 X43.425 Y42.665
G0 X43.425 Y41.425
;TIME_ELAPSED:1345.517154
;LAYER:78
;TYPE:WALL-INNER
;MESH:pin.stl
G1 F1500 E6.5
G1 F4114.3 X43.425 Y41.075 E0.00509
G1 X36.575 Y41.075 E0.09968
G1 X36.575 Y41.425 E0.00509
G1 X43.425 Y41.425 E0.09968
G0 F7200 X43.8 Y41.8
;TYPE:WALL-OUTER
G1 F1800 X43.8 Y40.7 E0.01829
G1 X36.2 Y40.7 E0.12639
G1 X36.2 Y41.8 E0.01829
G1 X43.8 Y41.8 E0.12639
G0 F7200 X43.8 Y41.6
G1 F1500 E-6.5
G0 F7200 X43.52 Y41.52
G0 X44.665 Y41.425
G0 X53.425 Y41.425
;TYPE:WALL-INNER
G1 F1500 E6.5
G1 F4114.3 X53.425 Y41.075 E0.00509
G1 X46.575 Y41.075 E0.09968
G1 X46.575 Y41.425 E0.00509
G1 X53.425 Y41.425 E0.09968
G0 F7200 X53.8 Y41.8
;TYPE:WALL-OUTER
G1 F1800 X53.8 Y40.7 E0.01829
G1 X46.2 Y40.7 E0.12639
G1 X46.2 Y41.8 E0.01829
G1 X53.8 Y41.8 E0.12639
G0 F7200 X53.8 Y41.6
G1 F1500 E-6.5
G0 F7200 X53.52 Y41.52
G0 X54.665 Y41.425
G0 X63.425 Y41.425
;TYPE:WALL-INNER
G1 F1500 E6.5
G1 F4114.3 X63.425 Y41.075 E0.00509
G1 X56.575 Y41.075 E0.09968
G1 X56.575 Y41.425 E0.00509
G1 X63.425 Y41.425 E0.09968
G0 F7200 X63.8 Y41.8
;TYPE:WALL-OUTER
G1 F1800 X63.8 Y40.7 E0.01829
G1 X56.2 Y40.7 E0.12639
G1 X56.2 Y41.8 E0.01829
G1 X63.8 Y41.8 E0.12639
G0 F7200 X63.8 Y41.6
G1 F1500 E-6.5
G0 F7200 X63.52 Y41.52
G0 X63.425 Y42.665
G0 X63.425 Y57.335
G0 X63.425 Y58.925
;TYPE:WALL-INNER
G1 F1500 E6.5
G1 F4114.3 X63.425 Y58.575 E0.00509
G1 X56.575 Y58.575 E0.09968
G1 X56.575 Y58.925 E0.00509
G1 X63.425 Y58.925 E0.09968
G0 F7200 X63.8 Y59.3
;TYPE:WALL-OUTER
G1 F1800 X63.8 Y58.2 E0.01829
G1 X56.2 Y58.2 E0.12639
G1 X56.2 Y59.3 E0.01829
G1 X63.8 Y59.3 E0.12639
G0 F7200 X63.8 Y59.1
G1 F1500 E-6.5
G0 F7200 X63.52 Y59.02
G0 X56.43 Y58.925
G0 X55.335 Y58.925
G0 X53.425 Y58.925
;TYPE:WALL-INNER
G1 F1500 E6.5
G1 F4114.3 X53.425 Y58.575 E0.00509
G1 X46.575 Y58.575 E0.09968
G1 X46.575 Y58.925 E0.00509
G1 X53.425 Y58.925 E0.09968
G0 F7200 X53.8 Y59.3
;TYPE:WALL-OUTER
G1 F1800 X53.8 Y58.2 E0.01829
G1 X46.2 Y58.2 E0.12639
G1 X46.2 Y59.3 E0.01829
G1 X53.8 Y59.3 E0.12639
G0 F7200 X53.8 Y59.1
G1 F1500 E-6.5
G0 F7200 X53.52 Y59.02
G0 X46.43 Y58.925
G0 X45.335 Y58.925
G0 X43.425 Y58.925
;TYPE:WALL-INNER
G1 F1500 E6.5
G1 F4114.3 X43.425 Y58.575 E0.00509
G1 X36.575 Y58.575 E0.09968
G1 X36.575 Y58.925 E0.00509
G1 X43.425 Y58.925 E0.09968
G0 F7200 X43.8 Y59.3
;TYPE:WALL-OUTER
G1 F1800 X43.8 Y58.2 E0.01829
G1 X36.2 Y58.2 E0.12639
G1 X36.2 Y59.3 E0.01829
G1 X43.8 Y59.3 E0.12639
G0 F7200 X43.8 Y59.1
G1 F1500 E-6.5
;MESH:NONMESH
G0 F600 X43.8 Y59.1 Z8.2
G0 F7200 X43.52 Y59.02
G0 X43.425 Y57.335
G0 X43.425 Y42.665
G0 X43.425 Y41.425
;TIME_ELAPSED:1354.709624
;LAYER:79
;TYPE:WALL-INNER
;MESH:pin.stl
G1 F1500 E6.5
G1 F4114.3 X43.425 Y41.075 E0.00509
G1 X36.575 Y41.075 E0.09968
G1 X36.575 Y41.425 E0.00509
G1 X43.425 Y41.425 E0.09968
G0 F7200 X43.8 Y41.8
;TYPE:WALL-OUTER
G1 F1800 X43.8 Y40.7 E0.01829
G1 X36.2 Y40.7 E0.12639
G1 X36.2 Y41.8 E0.01829
G1 X43.8 Y41.8 E0.12639
G0 F7200 X43.8 Y41.6
G1 F1500 E-6.5
G0 F7200 X43.52 Y41.52
G0 X44.665 Y41.425
G0 X53.425 Y41.425
;TYPE:WALL-INNER
G1 F1500 E6.5
G1 F4114.3 X53.425 Y41.075 E0.00509
G1 X46.575 Y41.075 E0.09968
G1 X46.575 Y41.425 E0.00509
G1 X53.425 Y41.425 E0.09968
G0 F7200 X53.8 Y41.8
;TYPE:WALL-OUTER
G1 F1800 X53.8 Y40.7 E0.01829
G1 X46.2 Y40.7 E0.12639
G1 X46.2 Y41.8 E0.01829
G1 X53.8 Y41.8 E0.12639
G0 F7200 X53.8 Y41.6
G1 F1500 E-6.5
G0 F7200 X53.52 Y41.52
G0 X54.665 Y41.425
G0 X63.425 Y41.425
;TYPE:WALL-INNER
G1 F1500 E6.5
G1 F4114.3 X63.425 Y41.075 E0.00509
G1 X56.575 Y41.075 E0.09968
G1 X56.575 Y41.425 E0.00509
G1 X63.425 Y41.425 E0.09968
G0 F7200 X63.8 Y41.8
;TYPE:WALL-OUTER
G1 F1800 X63.8 Y40.7 E0.01829
G1 X56.2 Y40.7 E0.12639
G1 X56.2 Y41.8 E0.01829
G1 X63.8 Y41.8 E0.12639
G0 F7200 X63.8 Y41.6
G1 F1500 E-6.5
G0 F7200 X63.52 Y41.52
G0 X63.425 Y42.665
G0 X63.425 Y57.335
G0 X63.425 Y58.925
;TYPE:WALL-INNER
G1 F1500 E6.5
G1 F4114.3 X63.425 Y58.575 E0.00509
G1 X56.575 Y58.575 E0.09968
G1 X56.575 Y58.925 E0.00509
G1 X63.425 Y58.925 E0.09968
G0 F7200 X63.8 Y59.3
;TYPE:WALL-OUTER
G1 F1800 X63.8 Y58.2 E0.01829
G1 X56.2 Y58.2 E0.12639
G1 X56.2 Y59.3 E0.01829
G1 X63.8 Y59.3 E0.12639
G0 F7200 X63.8 Y59.1
G1 F1500 E-6.5
G0 F7200 X63.52 Y59.02
G0 X56.43 Y58.925
G0 X55.335 Y58.925
G0 X53.425 Y58.925
;TYPE:WALL-INNER
G1 F1500 E6.5
G1 F4114.3 X53.425 Y58.575 E0.00509
G1 X46.575 Y58.575 E0.09968
G1 X46.575 Y58.925 E0.00509
G1 X53.425 Y58.925 E0.09968
G0 F7200 X53.8 Y59.3
;TYPE:WALL-OUTER
G1 F1800 X53.8 Y58.2 E0.01829
G1 X46.2 Y58.2 E0.12639
G1 X46.2 Y59.3 E0.01829
G1 X53.8 Y59.3 E0.12639
G0 F7200 X53.8 Y59.1
G1 F1500 E-6.5
G0 F7200 X53.52 Y59.02
G0 X46.43 Y58.925
G0 X45.335 Y58.925
G0 X43.425 Y58.925
;TYPE:WALL-INNER
G1 F1500 E6.5
G1 F4114.3 X43.425 Y58.575 E0.00509
G1 X36.575 Y58.575 E0.09968
G1 X36.575 Y58.925 E0.00509
G1 X43.425 Y58.925 E0.09968
G0 F7200 X43.8 Y59.3
;TYPE:WALL-OUTER
G1 F1800 X43.8 Y58.2 E0.01829
G1 X36.2 Y58.2 E0.12639
G1 X36.2 Y59.3 E0.01829
G1 X43.8 Y59.3 E0.12639
G0 F7200 X43.8 Y59.1
G1 F1500 E-6.5
;MESH:NONMESH
G0 F600 X43.8 Y59.1 Z8.3
G0 F7200 X43.52 Y59.02
G0 X43.425 Y57.335
G0 X43.425 Y42.665
G0 X43.425 Y41.425
;TIME_ELAPSED:1363.902094
;LAYER:80
;TYPE:WALL-INNER
;MESH:pin.stl
G1 F1500 E6.5
G1 F4114.3 X43.425 Y41.075 E0.00509
G1 X36.575 Y41.075 E0.09968
G1 X36.575 Y41.425 E0.00509
G1 X43.425 Y41.425 E0.09968
G0 F7200 X43.8 Y41.8
;TYPE:WALL-OUTER
G1 F1800 X43.8 Y40.7 E0.01829
G1 X36.2 Y40.7 E0.12639
G1 X36.2 Y41.8 E0.01829
G1 X43.8 Y41.8 E0.12639
G0 F7200 X43.8 Y41.6
G1 F1500 E-6.5
G0 F7200 X43.52 Y41.52
G0 X44.665 Y41.425
G0 X53.425 Y41.425
;TYPE:WALL-INNER
G1 F1500 E6.5
G1 F4114.3 X53.425 Y41.075 E0.00509
G1 X46.575 Y41.075 E0.09968
G1 X46.575 Y41.425 E0.00509
G1 X53.425 Y41.425 E0.09968
G0 F7200 X53.8 Y41.8
;TYPE:WALL-OUTER
G1 F1800 X53.8 Y40.7 E0.01829
G1 X46.2 Y40.7 E0.12639
G1 X46.2 Y41.8 E0.01829
G1 X53.8 Y41.8 E0.12639
G0 F7200 X53.8 Y41.6
G1 F1500 E-6.5
G0 F7200 X53.52 Y41.52
G0 X54.665 Y41.425
G0 X63.425 Y41.425
;TYPE:WALL-INNER
G1 F1500 E6.5
G1 F4114.3 X63.425 Y41.075 E0.00509
G1 X56.575 Y41.075 E0.09968
G1 X56.575 Y41.425 E0.00509
G1 X63.425 Y41.425 E0.09968
G0 F7200 X63.8 Y41.8
;TYPE:WALL-OUTER
G1 F1800 X63.8 Y40.7 E0.01829
G1 X56.2 Y40.7 E0.12639
G1 X56.2 Y41.8 E0.01829
G1 X63.8 Y41.8 E0.12639
G0 F7200 X63.8 Y41.6
G1 F1500 E-6.5
G0 F7200 X63.52 Y41.52
G0 X63.425 Y42.665
G0 X63.425 Y57.335
G0 X63.425 Y58.925
;TYPE:WALL-INNER
G1 F1500 E6.5
G1 F4114.3 X63.425 Y58.575 E0.00509
G1 X56.575 Y58.575 E0.09968
G1 X56.575 Y58.925 E0.00509
G1 X63.425 Y58.925 E0.09968
G0 F7200 X63.8 Y59.3
;TYPE:WALL-OUTER
G1 F1800 X63.8 Y58.2 E0.01829
G1 X56.2 Y58.2 E0.12639
G1 X56.2 Y59.3 E0.01829
G1 X63.8 Y59.3 E0.12639
G0 F7200 X63.8 Y59.1
G1 F1500 E-6.5
G0 F7200 X63.52 Y59.02
G0 X56.43 Y58.925
G0 X55.335 Y58.925
G0 X53.425 Y58.925
;TYPE:WALL-INNER
G1 F1500 E6.5
G1 F4114.3 X53.425 Y58.575 E0.00509
G1 X46.575 Y58.575 E0.09968
G1 X46.575 Y58.925 E0.00509
G1 X53.425 Y58.925 E0.09968
G0 F7200 X53.8 Y59.3
;TYPE:WALL-OUTER
G1 F1800 X53.8 Y58.2 E0.01829
G1 X46.2 Y58.2 E0.12639
G1 X46.2 Y59.3 E0.01829
G1 X53.8 Y59.3 E0.12639
G0 F7200 X53.8 Y59.1
G1 F1500 E-6.5
G0 F7200 X53.52 Y59.02
G0 X46.43 Y58.925
G0 X45.335 Y58.925
G0 X43.425 Y58.925
;TYPE:WALL-INNER
G1 F1500 E6.5
G1 F4114.3 X43.425 Y58.575 E0.00509
G1 X36.575 Y58.575 E0.09968
G1 X36.575 Y58.925 E0.00509
G1 X43.425 Y58.925 E0.09968
G0 F7200 X43.8 Y59.3
;TYPE:WALL-OUTER
G1 F1800 X43.8 Y58.2 E0.01829
G1 X36.2 Y58.2 E0.12639
G1 X36.2 Y59.3 E0.01829
G1 X43.8 Y59.3 E0.12639
G0 F7200 X43.8 Y59.1
G1 F1500 E-6.5
;MESH:NONMESH
G0 F600 X43.8 Y59.1 Z8.4
G0 F7200 X43.52 Y59.02
G0 X43.425 Y57.335
G0 X43.425 Y42.665
G0 X43.425 Y41.425
;TIME_ELAPSED:1373.094564
;LAYER:81
;TYPE:WALL-INNER
;MESH:pin.stl
G1 F1500 E6.5
G1 F4114.3 X43.425 Y41.075 E0.00509
G1 X36.575 Y41.075 E0.09968
G1 X36.575 Y41.425 E0.00509
G1 X43.425 Y41.425 E0.09968
G0 F7200 X43.8 Y41.8
;TYPE:WALL-OUTER
G1 F1800 X43.8 Y40.7 E0.01829
G1 X36.2 Y40.7 E0.12639
G1 X36.2 Y41.8 E0.01829
G1 X43.8 Y41.8 E0.12639
G0 F7200 X43.8 Y41.6
G1 F1500 E-6.5
G0 F7200 X43.52 Y41.52
G0 X44.665 Y41.425
G0 X53.425 Y41.425
;TYPE:WALL-INNER
G1 F1500 E6.5
G1 F4114.3 X53.425 Y41.075 E0.00509
G1 X46.575 Y41.075 E0.09968
G1 X46.575 Y41.425 E0.00509
G1 X53.425 Y41.425 E0.09968
G0 F7200 X53.8 Y41.8
;TYPE:WALL-OUTER
G1 F1800 X53.8 Y40.7 E0.01829
G1 X46.2 Y40.7 E0.12639
G1 X46.2 Y41.8 E0.01829
G1 X53.8 Y41.8 E0.12639
G0 F7200 X53.8 Y41.6
G1 F1500 E-6.5
G0 F7200 X53.52 Y41.52
G0 X54.665 Y41.425
G0 X63.425 Y41.425
;TYPE:WALL-INNER
G1 F1500 E6.5
G1 F4114.3 X63.425 Y41.075 E0.00509
G1 X56.575 Y41.075 E0.09968
G1 X56.575 Y41.425 E0.00509
G1 X63.425 Y41.425 E0.09968
G0 F7200 X63.8 Y41.8
;TYPE:WALL-OUTER
G1 F1800 X63.8 Y40.7 E0.01829
G1 X56.2 Y40.7 E0.12639
G1 X56.2 Y41.8 E0.01829
G1 X63.8 Y41.8 E0.12639
G0 F7200 X63.8 Y41.6
G1 F1500 E-6.5
G0 F7200 X63.52 Y41.52
G0 X63.425 Y42.665
G0 X63.425 Y57.335
G0 X63.425 Y58.925
;TYPE:WALL-INNER
G1 F1500 E6.5
G1 F4114.3 X63.425 Y58.575 E0.00509
G1 X56.575 Y58.575 E0.09968
G1 X56.575 Y58.925 E0.00509
G1 X63.425 Y58.925 E0.09968
G0 F7200 X63.8 Y59.3
;TYPE:WALL-OUTER
G1 F1800 X63.8 Y58.2 E0.01829
G1 X56.2 Y58.2 E0.12639
G1 X56.2 Y59.3 E0.01829
G1 X63.8 Y59.3 E0.12639
G0 F7200 X63.8 Y59.1
G1 F1500 E-6.5
G0 F7200 X63.52 Y59.02
G0 X56.43 Y58.925
G0 X55.335 Y58.925
G0 X53.425 Y58.925
;TYPE:WALL-INNER
G1 F1500 E6.5
G1 F4114.3 X53.425 Y58.575 E0.00509
G1 X46.575 Y58.575 E0.09968
G1 X46.575 Y58.925 E0.00509
G1 X53.425 Y58.925 E0.09968
G0 F7200 X53.8 Y59.3
;TYPE:WALL-OUTER
G1 F1800 X53.8 Y58.2 E0.01829
G1 X46.2 Y58.2 E0.12639
G1 X46.2 Y59.3 E0.01829
G1 X53.8 Y59.3 E0.12639
G0 F7200 X53.8 Y59.1
G1 F1500 E-6.5
G0 F7200 X53.52 Y59.02
G0 X46.43 Y58.925
G0 X45.335 Y58.925
G0 X43.425 Y58.925
;TYPE:WALL-INNER
G1 F1500 E6.5
G1 F4114.3 X43.425 Y58.575 E0.00509
G1 X36.575 Y58.575 E0.09968
G1 X36.575 Y58.925 E0.00509
G1 X43.425 Y58.925 E0.09968
G0 F7200 X43.8 Y59.3
;TYPE:WALL-OUTER
G1 F1800 X43.8 Y58.2 E0.01829
G1 X36.2 Y58.2 E0.12639
G1 X36.2 Y59.3 E0.01829
G1 X43.8 Y59.3 E0.12639
G0 F7200 X43.8 Y59.1
G1 F1500 E-6.5
;MESH:NONMESH
G0 F600 X43.8 Y59.1 Z8.5
G0 F7200 X43.52 Y59.02
G0 X43.425 Y57.335
G0 X43.425 Y42.665
G0 X43.425 Y41.425
;TIME_ELAPSED:1382.287034
;LAYER:82
;TYPE:WALL-INNER
;MESH:pin.stl
G1 F1500 E6.5
G1 F4114.3 X43.425 Y41.075 E0.00509
G1 X36.575 Y41.075 E0.09968
G1 X36.575 Y41.425 E0.00509
G1 X43.425 Y41.425 E0.09968
G0 F7200 X43.8 Y41.8
;TYPE:WALL-OUTER
G1 F1800 X43.8 Y40.7 E0.01829
G1 X36.2 Y40.7 E0.12639
G1 X36.2 Y41.8 E0.01829
G1 X43.8 Y41.8 E0.12639
G0 F7200 X43.8 Y41.6
G1 F1500 E-6.5
G0 F7200 X43.52 Y41.52
G0 X44.665 Y41.425
G0 X53.425 Y41.425
;TYPE:WALL-INNER
G1 F1500 E6.5
G1 F4114.3 X53.425 Y41.075 E0.00509
G1 X46.575 Y41.075 E0.09968
G1 X46.575 Y41.425 E0.00509
G1 X53.425 Y41.425 E0.09968
G0 F7200 X53.8 Y41.8
;TYPE:WALL-OUTER
G1 F1800 X53.8 Y40.7 E0.01829
G1 X46.2 Y40.7 E0.12639
G1 X46.2 Y41.8 E0.01829
G1 X53.8 Y41.8 E0.12639
G0 F7200 X53.8 Y41.6
G1 F1500 E-6.5
G0 F7200 X53.52 Y41.52
G0 X54.665 Y41.425
G0 X63.425 Y41.425
;TYPE:WALL-INNER
G1 F1500 E6.5
G1 F4114.3 X63.425 Y41.075 E0.00509
G1 X56.575 Y41.075 E0.09968
G1 X56.575 Y41.425 E0.00509
G1 X63.425 Y41.425 E0.09968
G0 F7200 X63.8 Y41.8
;TYPE:WALL-OUTER
G1 F1800 X63.8 Y40.7 E0.01829
G1 X56.2 Y40.7 E0.12639
G1 X56.2 Y41.8 E0.01829
G1 X63.8 Y41.8 E0.12639
G0 F7200 X63.8 Y41.6
G1 F1500 E-6.5
G0 F7200 X63.52 Y41.52
G0 X63.425 Y42.665
G0 X63.425 Y57.335
G0 X63.425 Y58.925
;TYPE:WALL-INNER
G1 F1500 E6.5
G1 F4114.3 X63.425 Y58.575 E0.00509
G1 X56.575 Y58.575 E0.09968
G1 X56.575 Y58.925 E0.00509
G1 X63.425 Y58.925 E0.09968
G0 F7200 X63.8 Y59.3
;TYPE:WALL-OUTER
G1 F1800 X63.8 Y58.2 E0.01829
G1 X56.2 Y58.2 E0.12639
G1 X56.2 Y59.3 E0.01829
G1 X63.8 Y59.3 E0.12639
G0 F7200 X63.8 Y59.1
G1 F1500 E-6.5
G0 F7200 X63.52 Y59.02
G0 X56.43 Y58.925
G0 X55.335 Y58.925
G0 X53.425 Y58.925
;TYPE:WALL-INNER
G1 F1500 E6.5
G1 F4114.3 X53.425 Y58.575 E0.00509
G1 X46.575 Y58.575 E0.09968
G1 X46.575 Y58.925 E0.00509
G1 X53.425 Y58.925 E0.09968
G0 F7200 X53.8 Y59.3
;TYPE:WALL-OUTER
G1 F1800 X53.8 Y58.2 E0.01829
G1 X46.2 Y58.2 E0.12639
G1 X46.2 Y59.3 E0.01829
G1 X53.8 Y59.3 E0.12639
G0 F7200 X53.8 Y59.1
G1 F1500 E-6.5
G0 F7200 X53.52 Y59.02
G0 X46.43 Y58.925
G0 X45.335 Y58.925
G0 X43.425 Y58.925
;TYPE:WALL-INNER
G1 F1500 E6.5
G1 F4114.3 X43.425 Y58.575 E0.00509
G1 X36.575 Y58.575 E0.09968
G1 X36.575 Y58.925 E0.00509
G1 X43.425 Y58.925 E0.09968
G0 F7200 X43.8 Y59.3
;TYPE:WALL-OUTER
G1 F1800 X43.8 Y58.2 E0.01829
G1 X36.2 Y58.2 E0.12639
G1 X36.2 Y59.3 E0.01829
G1 X43.8 Y59.3 E0.12639
G0 F7200 X43.8 Y59.1
G1 F1500 E-6.5
;MESH:NONMESH
G0 F600 X43.8 Y59.1 Z8.6
G0 F7200 X43.52 Y59.02
G0 X43.425 Y57.335
G0 X43.425 Y42.665
G0 X43.425 Y41.425
;TIME_ELAPSED:1391.479505
;LAYER:83
;TYPE:WALL-INNER
;MESH:pin.stl
G1 F1500 E6.5
G1 F4114.3 X43.425 Y41.075 E0.00509
G1 X36.575 Y41.075 E0.09968
G1 X36.575 Y41.425 E0.00509
G1 X43.425 Y41.425 E0.09968
G0 F7200 X43.8 Y41.8
;TYPE:WALL-OUTER
G1 F1800 X43.8 Y40.7 E0.01829
G1 X36.2 Y40.7 E0.12639
G1 X36.2 Y41.8 E0.01829
G1 X43.8 Y41.8 E0.12639
G0 F7200 X43.8 Y41.6
G1 F1500 E-6.5
G0 F7200 X43.52 Y41.52
G0 X44.665 Y41.425
G0 X53.425 Y41.425
;TYPE:WALL-INNER
G1 F1500 E6.5
G1 F4114.3 X53.425 Y41.075 E0.00509
G1 X46.575 Y41.075 E0.09968
G1 X46.575 Y41.425 E0.00509
G1 X53.425 Y41.425 E0.09968
G0 F7200 X53.8 Y41.8
;TYPE:WALL-OUTER
G1 F1800 X53.8 Y40.7 E0.01829
G1 X46.2 Y40.7 E0.12639
G1 X46.2 Y41.8 E0.01829
G1 X53.8 Y41.8 E0.12639
G0 F7200 X53.8 Y41.6
G1 F1500 E-6.5
G0 F7200 X53.52 Y41.52
G0 X54.665 Y41.425
G0 X63.425 Y41.425
;TYPE:WALL-INNER
G1 F1500 E6.5
G1 F4114.3 X63.425 Y41.075 E0.00509
G1 X56.575 Y41.075 E0.09968
G1 X56.575 Y41.425 E0.00509
G1 X63.425 Y41.425 E0.09968
G0 F7200 X63.8 Y41.8
;TYPE:WALL-OUTER
G1 F1800 X63.8 Y40.7 E0.01829
G1 X56.2 Y40.7 E0.12639
G1 X56.2 Y41.8 E0.01829
G1 X63.8 Y41.8 E0.12639
G0 F7200 X63.8 Y41.6
G1 F1500 E-6.5
G0 F7200 X63.52 Y41.52
G0 X63.425 Y42.665
G0 X63.425 Y57.335
G0 X63.425 Y58.925
;TYPE:WALL-INNER
G1 F1500 E6.5
G1 F4114.3 X63.425 Y58.575 E0.00509
G1 X56.575 Y58.575 E0.09968
G1 X56.575 Y58.925 E0.00509
G1 X63.425 Y58.925 E0.09968
G0 F7200 X63.8 Y59.3
;TYPE:WALL-OUTER
G1 F1800 X63.8 Y58.2 E0.01829
G1 X56.2 Y58.2 E0.12639
G1 X56.2 Y59.3 E0.01829
G1 X63.8 Y59.3 E0.12639
G0 F7200 X63.8 Y59.1
G1 F1500 E-6.5
G0 F7200 X63.52 Y59.02
G0 X56.43 Y58.925
G0 X55.335 Y58.925
G0 X53.425 Y58.925
;TYPE:WALL-INNER
G1 F1500 E6.5
G1 F4114.3 X53.425 Y58.575 E0.00509
G1 X46.575 Y58.575 E0.09968
G1 X46.575 Y58.925 E0.00509
G1 X53.425 Y58.925 E0.09968
G0 F7200 X53.8 Y59.3
;TYPE:WALL-OUTER
G1 F1800 X53.8 Y58.2 E0.01829
G1 X46.2 Y58.2 E0.12639
G1 X46.2 Y59.3 E0.01829
G1 X53.8 Y59.3 E0.12639
G0 F7200 X53.8 Y59.1
G1 F1500 E-6.5
G0 F7200 X53.52 Y59.02
G0 X46.43 Y58.925
G0 X45.335 Y58.925
G0 X43.425 Y58.925
;TYPE:WALL-INNER
G1 F1500 E6.5
G1 F4114.3 X43.425 Y58.575 E0.00509
G1 X36.575 Y58.575 E0.09968
G1 X36.575 Y58.925 E0.00509
G1 X43.425 Y58.925 E0.09968
G0 F7200 X43.8 Y59.3
;TYPE:WALL-OUTER
G1 F1800 X43.8 Y58.2 E0.01829
G1 X36.2 Y58.2 E0.12639
G1 X36.2 Y59.3 E0.01829
G1 X43.8 Y59.3 E0.12639
G0 F7200 X43.8 Y59.1
G1 F1500 E-6.5
;MESH:NONMESH
G0 F600 X43.8 Y59.1 Z8.7
G0 F7200 X43.52 Y59.02
G0 X43.425 Y57.335
G0 X43.425 Y42.665
G0 X43.425 Y41.425
;TIME_ELAPSED:1400.671975
;LAYER:84
;TYPE:WALL-INNER
;MESH:pin.stl
G1 F1500 E6.5
G1 F4114.3 X43.425 Y41.075 E0.00509
G1 X36.575 Y41.075 E0.09968
G1 X36.575 Y41.425 E0.00509
G1 X43.425 Y41.425 E0.09968
G0 F7200 X43.8 Y41.8
;TYPE:WALL-OUTER
G1 F1800 X43.8 Y40.7 E0.01829
G1 X36.2 Y40.7 E0.12639
G1 X36.2 Y41.8 E0.01829
G1 X43.8 Y41.8 E0.12639
G0 F7200 X43.8 Y41.6
G1 F1500 E-6.5
G0 F7200 X43.52 Y41.52
G0 X44.665 Y41.425
G0 X53.425 Y41.425
;TYPE:WALL-INNER
G1 F1500 E6.5
G1 F4114.3 X53.425 Y41.075 E0.00509
G1 X46.575 Y41.075 E0.09968
G1 X46.575 Y41.425 E0.00509
G1 X53.425 Y41.425 E0.09968
G0 F7200 X53.8 Y41.8
;TYPE:WALL-OUTER
G1 F1800 X53.8 Y40.7 E0.01829
G1 X46.2 Y40.7 E0.12639
G1 X46.2 Y41.8 E0.01829
G1 X53.8 Y41.8 E0.12639
G0 F7200 X53.8 Y41.6
G1 F1500 E-6.5
G0 F7200 X53.52 Y41.52
G0 X54.665 Y41.425
G0 X63.425 Y41.425
;TYPE:WALL-INNER
G1 F1500 E6.5
G1 F4114.3 X63.425 Y41.075 E0.00509
G1 X56.575 Y41.075 E0.09968
G1 X56.575 Y41.425 E0.00509
G1 X63.425 Y41.425 E0.09968
G0 F7200 X63.8 Y41.8
;TYPE:WALL-OUTER
G1 F1800 X63.8 Y40.7 E0.01829
G1 X56.2 Y40.7 E0.12639
G1 X56.2 Y41.8 E0.01829
G1 X63.8 Y41.8 E0.12639
G0 F7200 X63.8 Y41.6
G1 F1500 E-6.5
G0 F7200 X63.52 Y41.52
G0 X63.425 Y42.665
G0 X63.425 Y57.335
G0 X63.425 Y58.925
;TYPE:WALL-INNER
G1 F1500 E6.5
G1 F4114.3 X63.425 Y58.575 E0.00509
G1 X56.575 Y58.575 E0.09968
G1 X56.575 Y58.925 E0.00509
G1 X63.425 Y58.925 E0.09968
G0 F7200 X63.8 Y59.3
;TYPE:WALL-OUTER
G1 F1800 X63.8 Y58.2 E0.01829
G1 X56.2 Y58.2 E0.12639
G1 X56.2 Y59.3 E0.01829
G1 X63.8 Y59.3 E0.12639
G0 F7200 X63.8 Y59.1
G1 F1500 E-6.5
G0 F7200 X63.52 Y59.02
G0 X56.43 Y58.925
G0 X55.335 Y58.925
G0 X53.425 Y58.925
;TYPE:WALL-INNER
G1 F1500 E6.5
G1 F4114.3 X53.425 Y58.575 E0.00509
G1 X46.575 Y58.575 E0.09968
G1 X46.575 Y58.925 E0.00509
G1 X53.425 Y58.925 E0.09968
G0 F7200 X53.8 Y59.3
;TYPE:WALL-OUTER
G1 F1800 X53.8 Y58.2 E0.01829
G1 X46.2 Y58.2 E0.12639
G1 X46.2 Y59.3 E0.01829
G1 X53.8 Y59.3 E0.12639
G0 F7200 X53.8 Y59.1
G1 F1500 E-6.5
G0 F7200 X53.52 Y59.02
G0 X46.43 Y58.925
G0 X45.335 Y58.925
G0 X43.425 Y58.925
;TYPE:WALL-INNER
G1 F1500 E6.5
G1 F4114.3 X43.425 Y58.575 E0.00509
G1 X36.575 Y58.575 E0.09968
G1 X36.575 Y58.925 E0.00509
G1 X43.425 Y58.925 E0.09968
G0 F7200 X43.8 Y59.3
;TYPE:WALL-OUTER
G1 F1800 X43.8 Y58.2 E0.01829
G1 X36.2 Y58.2 E0.12639
G1 X36.2 Y59.3 E0.01829
G1 X43.8 Y59.3 E0.12639
G0 F7200 X43.8 Y59.1
G1 F1500 E-6.5
;MESH:NONMESH
G0 F600 X43.8 Y59.1 Z8.8
G0 F7200 X43.52 Y59.02
G0 X43.425 Y57.335
G0 X43.425 Y42.665
G0 X43.425 Y41.425
;TIME_ELAPSED:1409.864445
;LAYER:85
;TYPE:WALL-INNER
;MESH:pin.stl
G1 F1500 E6.5
G1 F4114.3 X43.425 Y41.075 E0.00509
G1 X36.575 Y41.075 E0.09968
G1 X36.575 Y41.425 E0.00509
G1 X43.425 Y41.425 E0.09968
G0 F7200 X43.8 Y41.8
;TYPE:WALL-OUTER
G1 F1800 X43.8 Y40.7 E0.01829
G1 X36.2 Y40.7 E0.12639
G1 X36.2 Y41.8 E0.01829
G1 X43.8 Y41.8 E0.12639
G0 F7200 X43.8 Y41.6
G1 F1500 E-6.5
G0 F7200 X43.52 Y41.52
G0 X44.665 Y41.425
G0 X53.425 Y41.425
;TYPE:WALL-INNER
G1 F1500 E6.5
G1 F4114.3 X53.425 Y41.075 E0.00509
G1 X46.575 Y41.075 E0.09968
G1 X46.575 Y41.425 E0.00509
G1 X53.425 Y41.425 E0.09968
G0 F7200 X53.8 Y41.8
;TYPE:WALL-OUTER
G1 F1800 X53.8 Y40.7 E0.01829
G1 X46.2 Y40.7 E0.12639
G1 X46.2 Y41.8 E0.01829
G1 X53.8 Y41.8 E0.12639
G0 F7200 X53.8 Y41.6
G1 F1500 E-6.5
G0 F7200 X53.52 Y41.52
G0 X54.665 Y41.425
G0 X63.425 Y41.425
;TYPE:WALL-INNER
G1 F1500 E6.5
G1 F4114.3 X63.425 Y41.075 E0.00509
G1 X56.575 Y41.075 E0.09968
G1 X56.575 Y41.425 E0.00509
G1 X63.425 Y41.425 E0.09968
G0 F7200 X63.8 Y41.8
;TYPE:WALL-OUTER
G1 F1800 X63.8 Y40.7 E0.01829
G1 X56.2 Y40.7 E0.12639
G1 X56.2 Y41.8 E0.01829
G1 X63.8 Y41.8 E0.12639
G0 F7200 X63.8 Y41.6
G1 F1500 E-6.5
G0 F7200 X63.52 Y41.52
G0 X63.425 Y42.665
G0 X63.425 Y57.335
G0 X63.425 Y58.925
;TYPE:WALL-INNER
G1 F1500 E6.5
G1 F4114.3 X63.425 Y58.575 E0.00509
G1 X56.575 Y58.575 E0.09968
G1 X56.575 Y58.925 E0.00509
G1 X63.425 Y58.925 E0.09968
G0 F7200 X63.8 Y59.3
;TYPE:WALL-OUTER
G1 F1800 X63.8 Y58.2 E0.01829
G1 X56.2 Y58.2 E0.12639
G1 X56.2 Y59.3 E0.01829
G1 X63.8 Y59.3 E0.12639
G0 F7200 X63.8 Y59.1
G1 F1500 E-6.5
G0 F7200 X63.52 Y59.02
G0 X56.43 Y58.925
G0 X55.335 Y58.925
G0 X53.425 Y58.925
;TYPE:WALL-INNER
G1 F1500 E6.5
G1 F4114.3 X53.425 Y58.575 E0.00509
G1 X46.575 Y58.575 E0.09968
G1 X46.575 Y58.925 E0.00509
G1 X53.425 Y58.925 E0.09968
G0 F7200 X53.8 Y59.3
;TYPE:WALL-OUTER
G1 F1800 X53.8 Y58.2 E0.01829
G1 X46.2 Y58.2 E0.12639
G1 X46.2 Y59.3 E0.01829
G1 X53.8 Y59.3 E0.12639
G0 F7200 X53.8 Y59.1
G1 F1500 E-6.5
G0 F7200 X53.52 Y59.02
G0 X46.43 Y58.925
G0 X45.335 Y58.925
G0 X43.425 Y58.925
;TYPE:WALL-INNER
G1 F1500 E6.5
G1 F4114.3 X43.425 Y58.575 E0.00509
G1 X36.575 Y58.575 E0.09968
G1 X36.575 Y58.925 E0.00509
G1 X43.425 Y58.925 E0.09968
G0 F7200 X43.8 Y59.3
;TYPE:WALL-OUTER
G1 F1800 X43.8 Y58.2 E0.01829
G1 X36.2 Y58.2 E0.12639
G1 X36.2 Y59.3 E0.01829
G1 X43.8 Y59.3 E0.12639
G0 F7200 X43.8 Y59.1
G1 F1500 E-6.5
;MESH:NONMESH
G0 F600 X43.8 Y59.1 Z8.9
G0 F7200 X43.52 Y59.02
G0 X43.425 Y57.335
G0 X43.425 Y42.665
G0 X43.425 Y41.425
;TIME_ELAPSED:1419.056915
;LAYER:86
;TYPE:WALL-INNER
;MESH:pin.stl
G1 F1500 E6.5
G1 F4114.3 X43.425 Y41.075 E0.00509
G1 X36.575 Y41.075 E0.09968
G1 X36.575 Y41.425 E0.00509
G1 X43.425 Y41.425 E0.09968
G0 F7200 X43.8 Y41.8
;TYPE:WALL-OUTER
G1 F1800 X43.8 Y40.7 E0.01829
G1 X36.2 Y40.7 E0.12639
G1 X36.2 Y41.8 E0.01829
G1 X43.8 Y41.8 E0.12639
G0 F7200 X43.8 Y41.6
G1 F1500 E-6.5
G0 F7200 X43.52 Y41.52
G0 X44.665 Y41.425
G0 X53.425 Y41.425
;TYPE:WALL-INNER
G1 F1500 E6.5
G1 F4114.3 X53.425 Y41.075 E0.00509
G1 X46.575 Y41.075 E0.09968
G1 X46.575 Y41.425 E0.00509
G1 X53.425 Y41.425 E0.09968
G0 F7200 X53.8 Y41.8
;TYPE:WALL-OUTER
G1 F1800 X53.8 Y40.7 E0.01829
G1 X46.2 Y40.7 E0.12639
G1 X46.2 Y41.8 E0.01829
G1 X53.8 Y41.8 E0.12639
G0 F7200 X53.8 Y41.6
G1 F1500 E-6.5
G0 F7200 X53.52 Y41.52
G0 X54.665 Y41.425
G0 X63.425 Y41.425
;TYPE:WALL-INNER
G1 F1500 E6.5
G1 F4114.3 X63.425 Y41.075 E0.00509
G1 X56.575 Y41.075 E0.09968
G1 X56.575 Y41.425 E0.00509
G1 X63.425 Y41.425 E0.09968
G0 F7200 X63.8 Y41.8
;TYPE:WALL-OUTER
G1 F1800 X63.8 Y40.7 E0.01829
G1 X56.2 Y40.7 E0.12639
G1 X56.2 Y41.8 E0.01829
G1 X63.8 Y41.8 E0.12639
G0 F7200 X63.8 Y41.6
G1 F1500 E-6.5
G0 F7200 X63.52 Y41.52
G0 X63.425 Y42.665
G0 X63.425 Y57.335
G0 X63.425 Y58.925
;TYPE:WALL-INNER
G1 F1500 E6.5
G1 F4114.3 X63.425 Y58.575 E0.00509
G1 X56.575 Y58.575 E0.09968
G1 X56.575 Y58.925 E0.00509
G1 X63.425 Y58.925 E0.09968
G0 F7200 X63.8 Y59.3
;TYPE:WALL-OUTER
G1 F1800 X63.8 Y58.2 E0.01829
G1 X56.2 Y58.2 E0.12639
G1 X56.2 Y59.3 E0.01829
G1 X63.8 Y59.3 E0.12639
G0 F7200 X63.8 Y59.1
G1 F1500 E-6.5
G0 F7200 X63.52 Y59.02
G0 X56.43 Y58.925
G0 X55.335 Y58.925
G0 X53.425 Y58.925
;TYPE:WALL-INNER
G1 F1500 E6.5
G1 F4114.3 X53.425 Y58.575 E0.00509
G1 X46.575 Y58.575 E0.09968
G1 X46.575 Y58.925 E0.00509
G1 X53.425 Y58.925 E0.09968
G0 F7200 X53.8 Y59.3
;TYPE:WALL-OUTER
G1 F1800 X53.8 Y58.2 E0.01829
G1 X46.2 Y58.2 E0.12639
G1 X46.2 Y59.3 E0.01829
G1 X53.8 Y59.3 E0.12639
G0 F7200 X53.8 Y59.1
G1 F1500 E-6.5
G0 F7200 X53.52 Y59.02
G0 X46.43 Y58.925
G0 X45.335 Y58.925
G0 X43.425 Y58.925
;TYPE:WALL-INNER
G1 F1500 E6.5
G1 F4114.3 X43.425 Y58.575 E0.00509
G1 X36.575 Y58.575 E0.09968
G1 X36.575 Y58.925 E0.00509
G1 X43.425 Y58.925 E0.09968
G0 F7200 X43.8 Y59.3
;TYPE:WALL-OUTER
G1 F1800 X43.8 Y58.2 E0.01829
G1 X36.2 Y58.2 E0.12639
G1 X36.2 Y59.3 E0.01829
G1 X43.8 Y59.3 E0.12639
G0 F7200 X43.8 Y59.1
G1 F1500 E-6.5
;MESH:NONMESH
G0 F600 X43.8 Y59.1 Z9
G0 F7200 X43.52 Y59.02
G0 X43.425 Y57.335
G0 X43.425 Y42.665
G0 X43.425 Y41.425
;TIME_ELAPSED:1428.249385
;LAYER:87
;TYPE:WALL-INNER
;MESH:pin.stl
G1 F1500 E6.5
G1 F4114.3 X43.425 Y41.075 E0.00509
G1 X36.575 Y41.075 E0.09968
G1 X36.575 Y41.425 E0.00509
G1 X43.425 Y41.425 E0.09968
G0 F7200 X43.8 Y41.8
;TYPE:WALL-OUTER
G1 F1800 X43.8 Y40.7 E0.01829
G1 X36.2 Y40.7 E0.12639
G1 X36.2 Y41.8 E0.01829
G1 X43.8 Y41.8 E0.12639
G0 F7200 X43.8 Y41.6
G1 F1500 E-6.5
G0 F7200 X43.52 Y41.52
G0 X44.665 Y41.425
G0 X53.425 Y41.425
;TYPE:WALL-INNER
G1 F1500 E6.5
G1 F4114.3 X53.425 Y41.075 E0.00509
G1 X46.575 Y41.075 E0.09968
G1 X46.575 Y41.425 E0.00509
G1 X53.425 Y41.425 E0.09968
G0 F7200 X53.8 Y41.8
;TYPE:WALL-OUTER
G1 F1800 X53.8 Y40.7 E0.01829
G1 X46.2 Y40.7 E0.12639
G1 X46.2 Y41.8 E0.01829
G1 X53.8 Y41.8 E0.12639
G0 F7200 X53.8 Y41.6
G1 F1500 E-6.5
G0 F7200 X53.52 Y41.52
G0 X54.665 Y41.425
G0 X63.425 Y41.425
;TYPE:WALL-INNER
G1 F1500 E6.5
G1 F4114.3 X63.425 Y41.075 E0.00509
G1 X56.575 Y41.075 E0.09968
G1 X56.575 Y41.425 E0.00509
G1 X63.425 Y41.425 E0.09968
G0 F7200 X63.8 Y41.8
;TYPE:WALL-OUTER
G1 F1800 X63.8 Y40.7 E0.01829
G1 X56.2 Y40.7 E0.12639
G1 X56.2 Y41.8 E0.01829
G1 X63.8 Y41.8 E0.12639
G0 F7200 X63.8 Y41.6
G1 F1500 E-6.5
G0 F7200 X63.52 Y41.52
G0 X63.425 Y42.665
G0 X63.425 Y57.335
G0 X63.425 Y58.925
;TYPE:WALL-INNER
G1 F1500 E6.5
G1 F4114.3 X63.425 Y58.575 E0.00509
G1 X56.575 Y58.575 E0.09968
G1 X56.575 Y58.925 E0.00509
G1 X63.425 Y58.925 E0.09968
G0 F7200 X63.8 Y59.3
;TYPE:WALL-OUTER
G1 F1800 X63.8 Y58.2 E0.01829
G1 X56.2 Y58.2 E0.12639
G1 X56.2 Y59.3 E0.01829
G1 X63.8 Y59.3 E0.12639
G0 F7200 X63.8 Y59.1
G1 F1500 E-6.5
G0 F7200 X63.52 Y59.02
G0 X56.43 Y58.925
G0 X55.335 Y58.925
G0 X53.425 Y58.925
;TYPE:WALL-INNER
G1 F1500 E6.5
G1 F4114.3 X53.425 Y58.575 E0.00509
G1 X46.575 Y58.575 E0.09968
G1 X46.575 Y58.925 E0.00509
G1 X53.425 Y58.925 E0.09968
G0 F7200 X53.8 Y59.3
;TYPE:WALL-OUTER
G1 F1800 X53.8 Y58.2 E0.01829
G1 X46.2 Y58.2 E0.12639
G1 X46.2 Y59.3 E0.01829
G1 X53.8 Y59.3 E0.12639
G0 F7200 X53.8 Y59.1
G1 F1500 E-6.5
G0 F7200 X53.52 Y59.02
G0 X46.43 Y58.925
G0 X45.335 Y58.925
G0 X43.425 Y58.925
;TYPE:WALL-INNER
G1 F1500 E6.5
G1 F4114.3 X43.425 Y58.575 E0.00509
G1 X36.575 Y58.575 E0.09968
G1 X36.575 Y58.925 E0.00509
G1 X43.425 Y58.925 E0.09968
G0 F7200 X43.8 Y59.3
;TYPE:WALL-OUTER
G1 F1800 X43.8 Y58.2 E0.01829
G1 X36.2 Y58.2 E0.12639
G1 X36.2 Y59.3 E0.01829
G1 X43.8 Y59.3 E0.12639
G0 F7200 X43.8 Y59.1
G1 F1500 E-6.5
;MESH:NONMESH
G0 F600 X43.8 Y59.1 Z9.1
G0 F7200 X43.52 Y59.02
G0 X43.425 Y57.335
G0 X43.425 Y42.665
G0 X43.425 Y41.425
;TIME_ELAPSED:1437.441856
;LAYER:88
;TYPE:WALL-INNER
;MESH:pin.stl
G1 F1500 E6.5
G1 F4114.3 X43.425 Y41.075 E0.00509
G1 X36.575 Y41.075 E0.09968
G1 X36.575 Y41.425 E0.00509
G1 X43.425 Y41.425 E0.09968
G0 F7200 X43.8 Y41.8
;TYPE:WALL-OUTER
G1 F1800 X43.8 Y40.7 E0.01829
G1 X36.2 Y40.7 E0.12639
G1 X36.2 Y41.8 E0.01829
G1 X43.8 Y41.8 E0.12639
G0 F7200 X43.8 Y41.6
G1 F1500 E-6.5
G0 F7200 X43.52 Y41.52
G0 X44.665 Y41.425
G0 X53.425 Y41.425
;TYPE:WALL-INNER
G1 F1500 E6.5
G1 F4114.3 X53.425 Y41.075 E0.00509
G1 X46.575 Y41.075 E0.09968
G1 X46.575 Y41.425 E0.00509
G1 X53.425 Y41.425 E0.09968
G0 F7200 X53.8 Y41.8
;TYPE:WALL-OUTER
G1 F1800 X53.8 Y40.7 E0.01829
G1 X46.2 Y40.7 E0.12639
G1 X46.2 Y41.8 E0.01829
G1 X53.8 Y41.8 E0.12639
G0 F7200 X53.8 Y41.6
G1 F1500 E-6.5
G0 F7200 X53.52 Y41.52
G0 X54.665 Y41.425
G0 X63.425 Y41.425
;TYPE:WALL-INNER
G1 F1500 E6.5
G1 F4114.3 X63.425 Y41.075 E0.00509
G1 X56.575 Y41.075 E0.09968
G1 X56.575 Y41.425 E0.00509
G1 X63.425 Y41.425 E0.09968
G0 F7200 X63.8 Y41.8
;TYPE:WALL-OUTER
G1 F1800 X63.8 Y40.7 E0.01829
G1 X56.2 Y40.7 E0.12639
G1 X56.2 Y41.8 E0.01829
G1 X63.8 Y41.8 E0.12639
G0 F7200 X63.8 Y41.6
G1 F1500 E-6.5
G0 F7200 X63.52 Y41.52
G0 X63.425 Y42.665
G0 X63.425 Y57.335
G0 X63.425 Y58.925
;TYPE:WALL-INNER
G1 F1500 E6.5
G1 F4114.3 X63.425 Y58.575 E0.00509
G1 X56.575 Y58.575 E0.09968
G1 X56.575 Y58.925 E0.00509
G1 X63.425 Y58.925 E0.09968
G0 F7200 X63.8 Y59.3
;TYPE:WALL-OUTER
G1 F1800 X63.8 Y58.2 E0.01829
G1 X56.2 Y58.2 E0.12639
G1 X56.2 Y59.3 E0.01829
G1 X63.8 Y59.3 E0.12639
G0 F7200 X63.8 Y59.1
G1 F1500 E-6.5
G0 F7200 X63.52 Y59.02
G0 X56.43 Y58.925
G0 X55.335 Y58.925
G0 X53.425 Y58.925
;TYPE:WALL-INNER
G1 F1500 E6.5
G1 F4114.3 X53.425 Y58.575 E0.00509
G1 X46.575 Y58.575 E0.09968
G1 X46.575 Y58.925 E0.00509
G1 X53.425 Y58.925 E0.09968
G0 F7200 X53.8 Y59.3
;TYPE:WALL-OUTER
G1 F1800 X53.8 Y58.2 E0.01829
G1 X46.2 Y58.2 E0.12639
G1 X46.2 Y59.3 E0.01829
G1 X53.8 Y59.3 E0.12639
G0 F7200 X53.8 Y59.1
G1 F1500 E-6.5
G0 F7200 X53.52 Y59.02
G0 X46.43 Y58.925
G0 X45.335 Y58.925
G0 X43.425 Y58.925
;TYPE:WALL-INNER
G1 F1500 E6.5
G1 F4114.3 X43.425 Y58.575 E0.00509
G1 X36.575 Y58.575 E0.09968
G1 X36.575 Y58.925 E0.00509
G1 X43.425 Y58.925 E0.09968
G0 F7200 X43.8 Y59.3
;TYPE:WALL-OUTER
G1 F1800 X43.8 Y58.2 E0.01829
G1 X36.2 Y58.2 E0.12639
G1 X36.2 Y59.3 E0.01829
G1 X43.8 Y59.3 E0.12639
G0 F7200 X43.8 Y59.1
G1 F1500 E-6.5
;MESH:NONMESH
G0 F600 X43.8 Y59.1 Z9.2
G0 F7200 X43.52 Y59.02
G0 X43.425 Y57.335
G0 X43.425 Y42.665
G0 X43.425 Y41.425
;TIME_ELAPSED:1446.634326
;LAYER:89
;TYPE:WALL-INNER
;MESH:pin.stl
G1 F1500 E6.5
G1 F4114.3 X43.425 Y41.075 E0.00509
G1 X36.575 Y41.075 E0.09968
G1 X36.575 Y41.425 E0.00509
G1 X43.425 Y41.425 E0.09968
G0 F7200 X43.8 Y41.8
;TYPE:WALL-OUTER
G1 F1800 X43.8 Y40.7 E0.01829
G1 X36.2 Y40.7 E0.12639
G1 X36.2 Y41.8 E0.01829
G1 X43.8 Y41.8 E0.12639
G0 F7200 X43.8 Y41.6
G1 F1500 E-6.5
G0 F7200 X43.52 Y41.52
G0 X44.665 Y41.425
G0 X53.425 Y41.425
;TYPE:WALL-INNER
G1 F1500 E6.5
G1 F4114.3 X53.425 Y41.075 E0.00509
G1 X46.575 Y41.075 E0.09968
G1 X46.575 Y41.425 E0.00509
G1 X53.425 Y41.425 E0.09968
G0 F7200 X53.8 Y41.8
;TYPE:WALL-OUTER
G1 F1800 X53.8 Y40.7 E0.01829
G1 X46.2 Y40.7 E0.12639
G1 X46.2 Y41.8 E0.01829
G1 X53.8 Y41.8 E0.12639
G0 F7200 X53.8 Y41.6
G1 F1500 E-6.5
G0 F7200 X53.52 Y41.52
G0 X54.665 Y41.425
G0 X63.425 Y41.425
;TYPE:WALL-INNER
G1 F1500 E6.5
G1 F4114.3 X63.425 Y41.075 E0.00509
G1 X56.575 Y41.075 E0.09968
G1 X56.575 Y41.425 E0.00509
G1 X63.425 Y41.425 E0.09968
G0 F7200 X63.8 Y41.8
;TYPE:WALL-OUTER
G1 F1800 X63.8 Y40.7 E0.01829
G1 X56.2 Y40.7 E0.12639
G1 X56.2 Y41.8 E0.01829
G1 X63.8 Y41.8 E0.12639
G0 F7200 X63.8 Y41.6
G1 F1500 E-6.5
G0 F7200 X63.52 Y41.52
G0 X63.425 Y42.665
G0 X63.425 Y57.335
G0 X63.425 Y58.925
;TYPE:WALL-INNER
G1 F1500 E6.5
G1 F4114.3 X63.425 Y58.575 E0.00509
G1 X56.575 Y58.575 E0.09968
G1 X56.575 Y58.925 E0.00509
G1 X63.425 Y58.925 E0.09968
G0 F7200 X63.8 Y59.3
;TYPE:WALL-OUTER
G1 F1800 X63.8 Y58.2 E0.01829
G1 X56.2 Y58.2 E0.12639
G1 X56.2 Y59.3 E0.01829
G1 X63.8 Y59.3 E0.12639
G0 F7200 X63.8 Y59.1
G1 F1500 E-6.5
G0 F7200 X63.52 Y59.02
G0 X56.43 Y58.925
G0 X55.335 Y58.925
G0 X53.425 Y58.925
;TYPE:WALL-INNER
G1 F1500 E6.5
G1 F4114.3 X53.425 Y58.575 E0.00509
G1 X46.575 Y58.575 E0.09968
G1 X46.575 Y58.925 E0.00509
G1 X53.425 Y58.925 E0.09968
G0 F7200 X53.8 Y59.3
;TYPE:WALL-OUTER
G1 F1800 X53.8 Y58.2 E0.01829
G1 X46.2 Y58.2 E0.12639
G1 X46.2 Y59.3 E0.01829
G1 X53.8 Y59.3 E0.12639
G0 F7200 X53.8 Y59.1
G1 F1500 E-6.5
G0 F7200 X53.52 Y59.02
G0 X46.43 Y58.925
G0 X45.335 Y58.925
G0 X43.425 Y58.925
;TYPE:WALL-INNER
G1 F1500 E6.5
G1 F4114.3 X43.425 Y58.575 E0.00509
G1 X36.575 Y58.575 E0.09968
G1 X36.575 Y58.925 E0.00509
G1 X43.425 Y58.925 E0.09968
G0 F7200 X43.8 Y59.3
;TYPE:WALL-OUTER
G1 F1800 X43.8 Y58.2 E0.01829
G1 X36.2 Y58.2 E0.12639
G1 X36.2 Y59.3 E0.01829
G1 X43.8 Y59.3 E0.12639
G0 F7200 X43.8 Y59.1
G1 F1500 E-6.5
;MESH:NONMESH
G0 F600 X43.8 Y59.1 Z9.3
G0 F7200 X43.52 Y59.02
G0 X43.4 Y57.335
G0 X43.4 Y42.665
G0 X43.4 Y41.1
;TIME_ELAPSED:1455.829455
;LAYER:90
;TYPE:WALL-INNER
;MESH:pin.stl
G1 F1500 E6.5
G1 F3600 X36.6 Y41.1 E0.11308
G1 X36.6 Y42.856 E0.0292
G1 X43.4 Y42.856 E0.11308
G1 X43.4 Y41.1 E0.0292
G0 F7200 X43.8 Y40.7
;TYPE:WALL-OUTER
G1 F1800 X36.2 Y40.7 E0.12639
G1 X36.2 Y43.256 E0.04251
G1 X43.8 Y43.256 E0.12639
G1 X43.8 Y40.7 E0.04251
G0 F7200 X43.6 Y40.7
G0 X43.12 Y41.38
G0 X43.02 Y42.476
;TYPE:SKIN
G1 F1800 X36.98 Y42.476 E0.10045
G1 X36.98 Y41.48 E0.01656
G1 X43.02 Y41.48 E0.10045
G1 X43.02 Y42.476 E0.01656
G0 F7200 X42.246 Y41.68
G1 F1800 X42.82 Y42.255 E0.01351
G0 F7200 X42.276 Y42.276
G1 F1800 X41.68 Y41.68 E0.01402
G0 F7200 X41.115 Y41.68
G1 F1800 X41.71 Y42.276 E0.01401
G0 F7200 X41.144 Y42.276
G1 F1800 X40.549 Y41.68 E0.01401
G0 F7200 X39.983 Y41.68
G1 F1800 X40.579 Y42.276 E0.01402
G0 F7200 X40.013 Y42.276
G1 F1800 X39.418 Y41.68 E0.01401
G0 F7200 X38.852 Y41.68
G1 F1800 X39.447 Y42.276 E0.01401
G0 F7200 X38.882 Y42.276
G1 F1800 X38.286 Y41.68 E0.01402
G0 F7200 X37.721 Y41.68
G1 F1800 X38.316 Y42.276 E0.01401
G0 F7200 X37.75 Y42.276
G1 F1800 X37.18 Y41.705 E0.01342
G1 X37.11 Y41.635
G0 F7200 X37.21 Y41.71
G1 F1500 E-6.5
G0 F7200 X43.57 Y41.41
G0 X44.665 Y41.41
G0 X46.43 Y41.41
G0 X53.12 Y41.41
G0 X53.4 Y41.1
;TYPE:WALL-INNER
G1 F1500 E6.5
G1 F3600 X46.6 Y41.1 E0.11308
G1 X46.6 Y42.856 E0.0292
G1 X53.4 Y42.856 E0.11308
G1 X53.4 Y41.1 E0.0292
G0 F7200 X53.8 Y40.7
;TYPE:WALL-OUTER
G1 F1800 X46.2 Y40.7 E0.12639
G1 X46.2 Y43.256 E0.04251
G1 X53.8 Y43.256 E0.12639
G1 X53.8 Y40.7 E0.04251
G0 F7200 X53.6 Y40.7
G0 X53.12 Y41.38
G0 X53.02 Y42.476
;TYPE:SKIN
G1 F1800 X46.98 Y42.476 E0.10045
G1 X46.98 Y41.48 E0.01656
G1 X53.02 Y41.48 E0.10045
G1 X53.02 Y42.476 E0.01656
G0 F7200 X52.428 Y41.68
G1 F1800 X52.82 Y42.072 E0.00922
G0 F7200 X52.458 Y42.276
G1 F1800 X51.863 Y41.68 E0.01401
G0 F7200 X51.297 Y41.68
G1 F1800 X51.892 Y42.276 E0.01401
G0 F7200 X51.327 Y42.276
G1 F1800 X50.731 Y41.68 E0.01402
G0 F7200 X50.166 Y41.68
G1 F1800 X50.761 Y42.276 E0.01401
G0 F7200 X50.195 Y42.276
G1 F1800 X49.6 Y41.68 E0.01401
G0 F7200 X49.034 Y41.68
G1 F1800 X49.63 Y42.276 E0.01402
G0 F7200 X49.064 Y42.276
G1 F1800 X48.469 Y41.68 E0.01401
G0 F7200 X47.903 Y41.68
G1 F1800 X48.498 Y42.276 E0.01401
G0 F7200 X47.933 Y42.276
G1 F1800 X47.337 Y41.68 E0.01402
G0 F7200 X47.18 Y42.089
G1 F1800 X47.367 Y42.276 E0.0044
G0 F7200 X47.367 Y42.248
G1 F1500 E-6.5
G0 F7200 X53.57 Y41.41
G0 X54.665 Y41.41
G0 X56.43 Y41.41
G0 X63.12 Y41.41
G0 X63.4 Y41.1
;TYPE:WALL-INNER
G1 F1500 E6.5
G1 F3600 X56.6 Y41.1 E0.11308
G1 X56.6 Y42.856 E0.0292
G1 X63.4 Y42.856 E0.11308
G1 X63.4 Y41.1 E0.0292
G0 F7200 X63.8 Y40.7
;TYPE:WALL-OUTER
G1 F1800 X56.2 Y40.7 E0.12639
G1 X56.2 Y43.256 E0.04251
G1 X63.8 Y43.256 E0.12639
G1 X63.8 Y40.7 E0.04251
G0 F7200 X63.6 Y40.7
G0 X63.12 Y41.38
G0 X63.02 Y42.476
;TYPE:SKIN
G1 F1800 X56.98 Y42.476 E0.10045
G1 X56.98 Y41.48 E0.01656
G1 X63.02 Y41.48 E0.10045
G1 X63.02 Y42.476 E0.01656
G0 F7200 X62.611 Y41.68
G1 F1800 X62.82 Y41.89 E0.00493
G0 F7200 X62.64 Y42.276
G1 F1800 X62.045 Y41.68 E0.01401
G0 F7200 X61.479 Y41.68
G1 F1800 X62.075 Y42.276 E0.01402
G0 F7200 X61.509 Y42.276
G1 F1800 X60.914 Y41.68 E0.01401
G0 F7200 X60.348 Y41.68
G1 F1800 X60.943 Y42.276 E0.01401
G0 F7200 X60.378 Y42.276
G1 F1800 X59.782 Y41.68 E0.01402
G0 F7200 X59.217 Y41.68
G1 F1800 X59.812 Y42.276 E0.01401
G0 F7200 X59.246 Y42.276
G1 F1800 X58.651 Y41.68 E0.01401
G0 F7200 X58.085 Y41.68
G1 F1800 X58.681 Y42.276 E0.01402
G0 F7200 X58.115 Y42.276
G1 F1800 X57.52 Y41.68 E0.01401
G0 F7200 X57.18 Y41.907
G1 F1800 X57.549 Y42.276 E0.00868
G0 F7200 X57.549 Y42.248
G1 F1500 E-6.5
G0 F7200 X63.09 Y43.028
G0 X63.09 Y44.123
G0 X63.09 Y55.877
G0 X63.09 Y56.972
G0 X63.09 Y58.62
G0 X63.4 Y58.9
;TYPE:WALL-INNER
G1 F1500 E6.5
G1 F3600 X63.4 Y57.14 E0.02927
G1 X56.6 Y57.14 E0.11308
G1 X56.6 Y58.9 E0.02927
G1 X63.4 Y58.9 E0.11308
G0 F7200 X63.8 Y59.3
;TYPE:WALL-OUTER
G1 F1800 X63.8 Y56.74 E0.04257
G1 X56.2 Y56.74 E0.12639
G1 X56.2 Y59.3 E0.04257
G1 X63.8 Y59.3 E0.12639
G0 F7200 X63.8 Y59.1
G0 X63.02 Y58.52
;TYPE:SKIN
G1 F1800 X56.98 Y58.52 E0.10045
G1 X56.98 Y57.52 E0.01663
G1 X63.02 Y57.52 E0.10045
G1 X63.02 Y58.52 E0.01663
G0 F7200 X62.246 Y57.72
G1 F1800 X62.82 Y58.295 E0.01351
G0 F7200 X62.28 Y58.32
G1 F1800 X61.68 Y57.72 E0.01411
G0 F7200 X61.115 Y57.72
G1 F1800 X61.714 Y58.32 E0.0141
G0 F7200 X61.148 Y58.32
G1 F1800 X60.549 Y57.72 E0.0141
G0 F7200 X59.983 Y57.72
G1 F1800 X60.583 Y58.32 E0.01411
G0 F7200 X60.017 Y58.32
G1 F1800 X59.417 Y57.72 E0.01411
G0 F7200 X58.852 Y57.72
G1 F1800 X59.451 Y58.32 E0.0141
G0 F7200 X58.886 Y58.32
G1 F1800 X58.286 Y57.72 E0.01411
G0 F7200 X57.72 Y57.72
G1 F1800 X58.32 Y58.32 E0.01411
G0 F7200 X57.754 Y58.32
G1 F1800 X57.18 Y57.746 E0.0135
G1 X57.11 Y57.676
G0 F7200 X57.21 Y57.752
G1 F1500 E-6.5
G0 F7200 X56.43 Y58.62
G0 X55.335 Y58.62
G0 X53.57 Y58.62
G0 X53.4 Y58.9
;TYPE:WALL-INNER
G1 F1500 E6.5
G1 F3600 X53.4 Y57.14 E0.02927
G1 X46.6 Y57.14 E0.11308
G1 X46.6 Y58.9 E0.02927
G1 X53.4 Y58.9 E0.11308
G0 F7200 X53.8 Y59.3
;TYPE:WALL-OUTER
G1 F1800 X53.8 Y56.74 E0.04257
G1 X46.2 Y56.74 E0.12639
G1 X46.2 Y59.3 E0.04257
G1 X53.8 Y59.3 E0.12639
G0 F7200 X53.8 Y59.1
G0 X53.02 Y58.52
;TYPE:SKIN
G1 F1800 X46.98 Y58.52 E0.10045
G1 X46.98 Y57.52 E0.01663
G1 X53.02 Y57.52 E0.10045
G1 X53.02 Y58.52 E0.01663
G0 F7200 X52.629 Y57.72
G1 F1800 X52.82 Y57.911 E0.00449
G0 F7200 X52.663 Y58.32
G1 F1800 X52.064 Y57.72 E0.0141
G0 F7200 X51.498 Y57.72
G1 F1800 X52.098 Y58.32 E0.01411
G0 F7200 X51.532 Y58.32
G1 F1800 X50.932 Y57.72 E0.01411
G0 F7200 X50.367 Y57.72
G1 F1800 X50.966 Y58.32 E0.0141
G0 F7200 X50.4 Y58.32
G1 F1800 X49.801 Y57.72 E0.0141
G0 F7200 X49.235 Y57.72
G1 F1800 X49.835 Y58.32 E0.01411
G0 F7200 X49.269 Y58.32
G1 F1800 X48.669 Y57.72 E0.01411
G0 F7200 X48.104 Y57.72
G1 F1800 X48.703 Y58.32 E0.0141
G0 F7200 X48.138 Y58.32
G1 F1800 X47.538 Y57.72 E0.01411
G0 F7200 X47.18 Y57.928
G1 F1800 X47.572 Y58.32 E0.00922
G0 F7200 X47.572 Y58.29
G1 F1500 E-6.5
G0 F7200 X46.43 Y58.62
G0 X45.335 Y58.62
G0 X43.57 Y58.62
G0 X43.4 Y58.9
;TYPE:WALL-INNER
G1 F1500 E6.5
G1 F3600 X43.4 Y57.14 E0.02927
G1 X36.6 Y57.14 E0.11308
G1 X36.6 Y58.9 E0.02927
G1 X43.4 Y58.9 E0.11308
G0 F7200 X43.8 Y59.3
;TYPE:WALL-OUTER
G1 F1800 X43.8 Y56.74 E0.04257
G1 X36.2 Y56.74 E0.12639
G1 X36.2 Y59.3 E0.04257
G1 X43.8 Y59.3 E0.12639
G0 F7200 X43.8 Y59.1
G0 X43.02 Y58.52
;TYPE:SKIN
G1 F1800 X36.98 Y58.52 E0.10045
G1 X36.98 Y57.52 E0.01663
G1 X43.02 Y57.52 E0.10045
G1 X43.02 Y58.52 E0.01663
G0 F7200 X42.447 Y57.72
G1 F1800 X42.82 Y58.094 E0.00878
G0 F7200 X42.481 Y58.32
G1 F1800 X41.881 Y57.72 E0.01411
G0 F7200 X41.316 Y57.72
G1 F1800 X41.915 Y58.32 E0.0141
G0 F7200 X41.349 Y58.32
G1 F1800 X40.75 Y57.72 E0.0141
G0 F7200 X40.184 Y57.72
G1 F1800 X40.784 Y58.32 E0.01411
G0 F7200 X40.218 Y58.32
G1 F1800 X39.618 Y57.72 E0.01411
G0 F7200 X39.053 Y57.72
G1 F1800 X39.652 Y58.32 E0.0141
G0 F7200 X39.087 Y58.32
G1 F1800 X38.487 Y57.72 E0.01411
G0 F7200 X37.921 Y57.72
G1 F1800 X38.521 Y58.32 E0.01411
G0 F7200 X37.955 Y58.32
G1 F1800 X37.356 Y57.72 E0.0141
G0 F7200 X37.18 Y58.11
G1 F1800 X37.39 Y58.32 E0.00494
G0 F7200 X37.39 Y58.29
G1 F1500 E-6.5
;MESH:NONMESH
G0 F600 X37.39 Y58.29 Z9.4
G0 F7200 X43.09 Y56.972
G0 X43.09 Y55.877
G0 X43.09 Y44.123
G0 X43.09 Y43.028
G0 X43.4 Y42.772
;TIME_ELAPSED:1472.361984
;LAYER:91
;TYPE:WALL-INNER
;MESH:pin.stl
G1 F1500 E6.5
G1 F3600 X43.4 Y41.1 E0.02781
G1 X36.6 Y41.1 E0.11308
G1 X36.6 Y42.772 E0.02781
G1 X43.4 Y42.772 E0.11308
G0 F7200 X43.8 Y43.172
;TYPE:WALL-OUTER
G1 F1800 X43.8 Y40.7 E0.04111
G1 X36.2 Y40.7 E0.12639
G1 X36.2 Y43.172 E0.04111
G1 X43.8 Y43.172 E0.12639
G0 F7200 X43.8 Y42.972
G0 X43.12 Y42.494
G0 X37.436 Y41.936
;TYPE:SKIN
G1 F1406.2 X42.564 Y41.936 E0.10916
G0 F7200 X43.02 Y42.392
G1 F1800 X36.98 Y42.392 E0.10045
G1 X36.98 Y41.48 E0.01517
G1 X43.02 Y41.48 E0.10045
G1 X43.02 Y42.392 E0.01517
G0 F7200 X42.79 Y42.164
G1 F1500 E-6.5
G0 F7200 X43.57 Y42.494
G0 X44.665 Y42.494
G0 X46.43 Y42.494
G0 X53.09 Y42.494
G0 X53.4 Y42.772
;TYPE:WALL-INNER
G1 F1500 E6.5
G1 F3600 X53.4 Y41.1 E0.02781
G1 X46.6 Y41.1 E0.11308
G1 X46.6 Y42.772 E0.02781
G1 X53.4 Y42.772 E0.11308
G0 F7200 X53.8 Y43.172
;TYPE:WALL-OUTER
G1 F1800 X53.8 Y40.7 E0.04111
G1 X46.2 Y40.7 E0.12639
G1 X46.2 Y43.172 E0.04111
G1 X53.8 Y43.172 E0.12639
G0 F7200 X53.8 Y42.972
G0 X53.12 Y42.494
G0 X47.436 Y41.936
;TYPE:SKIN
G1 F1406.2 X52.564 Y41.936 E0.10916
G0 F7200 X53.02 Y42.392
G1 F1800 X46.98 Y42.392 E0.10045
G1 X46.98 Y41.48 E0.01517
G1 X53.02 Y41.48 E0.10045
G1 X53.02 Y42.392 E0.01517
G0 F7200 X52.79 Y42.164
G1 F1500 E-6.5
G0 F7200 X53.57 Y42.494
G0 X54.665 Y42.494
G0 X56.43 Y42.494
G0 X63.09 Y42.494
G0 X63.4 Y42.772
;TYPE:WALL-INNER
G1 F1500 E6.5
G1 F3600 X63.4 Y41.1 E0.02781
G1 X56.6 Y41.1 E0.11308
G1 X56.6 Y42.772 E0.02781
G1 X63.4 Y42.772 E0.11308
G0 F7200 X63.8 Y43.172
;TYPE:WALL-OUTER
G1 F1800 X63.8 Y40.7 E0.04111
G1 X56.2 Y40.7 E0.12639
G1 X56.2 Y43.172 E0.04111
G1 X63.8 Y43.172 E0.12639
G0 F7200 X63.8 Y42.972
G0 X63.12 Y42.494
G0 X57.436 Y41.936
;TYPE:SKIN
G1 F1406.2 X62.564 Y41.936 E0.10916
G0 F7200 X63.02 Y42.392
G1 F1800 X56.98 Y42.392 E0.10045
G1 X56.98 Y41.48 E0.01517
G1 X63.02 Y41.48 E0.10045
G1 X63.02 Y42.392 E0.01517
G0 F7200 X62.79 Y42.164
G1 F1500 E-6.5
G0 F7200 X63.09 Y42.944
G0 X63.09 Y44.039
G0 X63.09 Y55.961
G0 X63.09 Y57.056
G0 X63.09 Y58.62
G0 X63.4 Y58.9
;TYPE:WALL-INNER
G1 F1500 E6.5
G1 F3600 X63.4 Y57.224 E0.02787
G1 X56.6 Y57.224 E0.11308
G1 X56.6 Y58.9 E0.02787
G1 X63.4 Y58.9 E0.11308
G0 F7200 X63.8 Y59.3
;TYPE:WALL-OUTER
G1 F1800 X63.8 Y56.824 E0.04118
G1 X56.2 Y56.824 E0.12639
G1 X56.2 Y59.3 E0.04118
G1 X63.8 Y59.3 E0.12639
G0 F7200 X63.8 Y59.1
G0 X63.12 Y58.62
G0 X57.438 Y58.062
;TYPE:SKIN
G1 F1395.3 X62.562 Y58.062 E0.10992
G0 F7200 X63.02 Y58.52
G1 F1800 X56.98 Y58.52 E0.10045
G1 X56.98 Y57.604 E0.01523
G1 X63.02 Y57.604 E0.10045
G1 X63.02 Y58.52 E0.01523
G0 F7200 X62.79 Y58.29
G1 F1500 E-6.5
G0 F7200 X56.43 Y58.62
G0 X55.335 Y58.62
G0 X53.57 Y58.62
G0 X53.4 Y58.9
;TYPE:WALL-INNER
G1 F1500 E6.5
G1 F3600 X53.4 Y57.224 E0.02787
G1 X46.6 Y57.224 E0.11308
G1 X46.6 Y58.9 E0.02787
G1 X53.4 Y58.9 E0.11308
G0 F7200 X53.8 Y59.3
;TYPE:WALL-OUTER
G1 F1800 X53.8 Y56.824 E0.04118
G1 X46.2 Y56.824 E0.12639
G1 X46.2 Y59.3 E0.04118
G1 X53.8 Y59.3 E0.12639
G0 F7200 X53.8 Y59.1
G0 X53.12 Y58.62
G0 X47.438 Y58.062
;TYPE:SKIN
G1 F1395.3 X52.562 Y58.062 E0.10992
G0 F7200 X53.02 Y58.52
G1 F1800 X46.98 Y58.52 E0.10045
G1 X46.98 Y57.604 E0.01523
G1 X53.02 Y57.604 E0.10045
G1 X53.02 Y58.52 E0.01523
G0 F7200 X52.79 Y58.29
G1 F1500 E-6.5
G0 F7200 X46.43 Y58.62
G0 X45.335 Y58.62
G0 X43.57 Y58.62
G0 X43.4 Y58.9
;TYPE:WALL-INNER
G1 F1500 E6.5
G1 F3600 X43.4 Y57.224 E0.02787
G1 X36.6 Y57.224 E0.11308
G1 X36.6 Y58.9 E0.02787
G1 X43.4 Y58.9 E0.11308
G0 F7200 X43.8 Y59.3
;TYPE:WALL-OUTER
G1 F1800 X43.8 Y56.824 E0.04118
G1 X36.2 Y56.824 E0.12639
G1 X36.2 Y59.3 E0.04118
G1 X43.8 Y59.3 E0.12639
G0 F7200 X43.8 Y59.1
G0 X43.12 Y58.62
G0 X37.438 Y58.062
;TYPE:SKIN
G1 F1395.3 X42.562 Y58.062 E0.10992
G0 F7200 X43.02 Y58.52
G1 F1800 X36.98 Y58.52 E0.10045
G1 X36.98 Y57.604 E0.01523
G1 X43.02 Y57.604 E0.10045
G1 X43.02 Y58.52 E0.01523
G0 F7200 X42.79 Y58.29
G1 F1500 E-6.5
;MESH:NONMESH
G0 F600 X42.79 Y58.29 Z9.5
G0 F7200 X43.09 Y57.056
G0 X43.09 Y55.961
G0 X43.09 Y44.039
G0 X43.09 Y42.944
G0 X43.4 Y42.688
;TIME_ELAPSED:1487.397207
;LAYER:92
;TYPE:WALL-INNER
;MESH:pin.stl
G1 F1500 E6.5
G1 F3600 X43.4 Y41.1 E0.02641
G1 X36.6 Y41.1 E0.11308
G1 X36.6 Y42.688 E0.02641
G1 X43.4 Y42.688 E0.11308
G0 F7200 X43.8 Y43.088
;TYPE:WALL-OUTER
G1 F1800 X43.8 Y40.7 E0.03971
G1 X36.2 Y40.7 E0.12639
G1 X36.2 Y43.088 E0.03971
G1 X43.8 Y43.088 E0.12639
G0 F7200 X43.8 Y42.888
G0 X43.12 Y42.411
G0 X37.394 Y41.894
;TYPE:SKIN
G1 F1682.2 X42.606 Y41.894 E0.09274
G0 F7200 X43.02 Y42.308
G1 F1800 X36.98 Y42.308 E0.10045
G1 X36.98 Y41.48 E0.01377
G1 X43.02 Y41.48 E0.10045
G1 X43.02 Y42.308 E0.01377
G0 F7200 X42.79 Y42.081
G1 F1500 E-6.5
G0 F7200 X43.57 Y42.411
G0 X44.665 Y42.411
G0 X46.43 Y42.411
G0 X53.09 Y42.411
G0 X53.4 Y42.688
;TYPE:WALL-INNER
G1 F1500 E6.5
G1 F3600 X53.4 Y41.1 E0.02641
G1 X46.6 Y41.1 E0.11308
G1 X46.6 Y42.688 E0.02641
G1 X53.4 Y42.688 E0.11308
G0 F7200 X53.8 Y43.088
;TYPE:WALL-OUTER
G1 F1800 X53.8 Y40.7 E0.03971
G1 X46.2 Y40.7 E0.12639
G1 X46.2 Y43.088 E0.03971
G1 X53.8 Y43.088 E0.12639
G0 F7200 X53.8 Y42.888
G0 X53.12 Y42.411
G0 X47.394 Y41.894
;TYPE:SKIN
G1 F1682.2 X52.606 Y41.894 E0.09274
G0 F7200 X53.02 Y42.308
G1 F1800 X46.98 Y42.308 E0.10045
G1 X46.98 Y41.48 E0.01377
G1 X53.02 Y41.48 E0.10045
G1 X53.02 Y42.308 E0.01377
G0 F7200 X52.79 Y42.081
G1 F1500 E-6.5
G0 F7200 X53.57 Y42.411
G0 X54.665 Y42.411
G0 X56.43 Y42.411
G0 X63.09 Y42.411
G0 X63.4 Y42.688
;TYPE:WALL-INNER
G1 F1500 E6.5
G1 F3600 X63.4 Y41.1 E0.02641
G1 X56.6 Y41.1 E0.11308
G1 X56.6 Y42.688 E0.02641
G1 X63.4 Y42.688 E0.11308
G0 F7200 X63.8 Y43.088
;TYPE:WALL-OUTER
G1 F1800 X63.8 Y40.7 E0.03971
G1 X56.2 Y40.7 E0.12639
G1 X56.2 Y43.088 E0.03971
G1 X63.8 Y43.088 E0.12639
G0 F7200 X63.8 Y42.888
G0 X63.12 Y42.411
G0 X57.394 Y41.894
;TYPE:SKIN
G1 F1682.2 X62.606 Y41.894 E0.09274
G0 F7200 X63.02 Y42.308
G1 F1800 X56.98 Y42.308 E0.10045
G1 X56.98 Y41.48 E0.01377
G1 X63.02 Y41.48 E0.10045
G1 X63.02 Y42.308 E0.01377
G0 F7200 X62.79 Y42.081
G1 F1500 E-6.5
G0 F7200 X63.09 Y42.861
G0 X63.09 Y43.956
G0 X63.09 Y56.044
G0 X63.09 Y57.139
G0 X63.09 Y58.62
G0 X63.4 Y58.9
;TYPE:WALL-INNER
G1 F1500 E6.5
G1 F3600 X63.4 Y57.308 E0.02648
G1 X56.6 Y57.308 E0.11308
G1 X56.6 Y58.9 E0.02648
G1 X63.4 Y58.9 E0.11308
G0 F7200 X63.8 Y59.3
;TYPE:WALL-OUTER
G1 F1800 X63.8 Y56.908 E0.03978
G1 X56.2 Y56.908 E0.12639
G1 X56.2 Y59.3 E0.03978
G1 X63.8 Y59.3 E0.12639
G0 F7200 X63.8 Y59.1
G0 X63.12 Y58.62
G0 X57.396 Y58.104
;TYPE:SKIN
G1 F1666.7 X62.604 Y58.104 E0.09354
G0 F7200 X63.02 Y58.52
G1 F1800 X56.98 Y58.52 E0.10045
G1 X56.98 Y57.688 E0.01384
G1 X63.02 Y57.688 E0.10045
G1 X63.02 Y58.52 E0.01384
G0 F7200 X62.79 Y58.29
G1 F1500 E-6.5
G0 F7200 X56.43 Y58.62
G0 X55.335 Y58.62
G0 X53.57 Y58.62
G0 X53.4 Y58.9
;TYPE:WALL-INNER
G1 F1500 E6.5
G1 F3600 X53.4 Y57.308 E0.02648
G1 X46.6 Y57.308 E0.11308
G1 X46.6 Y58.9 E0.02648
G1 X53.4 Y58.9 E0.11308
G0 F7200 X53.8 Y59.3
;TYPE:WALL-OUTER
G1 F1800 X53.8 Y56.908 E0.03978
G1 X46.2 Y56.908 E0.12639
G1 X46.2 Y59.3 E0.03978
G1 X53.8 Y59.3 E0.12639
G0 F7200 X53.8 Y59.1
G0 X53.12 Y58.62
G0 X47.396 Y58.104
;TYPE:SKIN
G1 F1666.7 X52.604 Y58.104 E0.09354
G0 F7200 X53.02 Y58.52
G1 F1800 X46.98 Y58.52 E0.10045
G1 X46.98 Y57.688 E0.01384
G1 X53.02 Y57.688 E0.10045
G1 X53.02 Y58.52 E0.01384
G0 F7200 X52.79 Y58.29
G1 F1500 E-6.5
G0 F7200 X46.43 Y58.62
G0 X45.335 Y58.62
G0 X43.57 Y58.62
G0 X43.4 Y58.9
;TYPE:WALL-INNER
G1 F1500 E6.5
G1 F3600 X43.4 Y57.308 E0.02648
G1 X36.6 Y57.308 E0.11308
G1 X36.6 Y58.9 E0.02648
G1 X43.4 Y58.9 E0.11308
G0 F7200 X43.8 Y59.3
;TYPE:WALL-OUTER
G1 F1800 X43.8 Y56.908 E0.03978
G1 X36.2 Y56.908 E0.12639
G1 X36.2 Y59.3 E0.03978
G1 X43.8 Y59.3 E0.12639
G0 F7200 X43.8 Y59.1
G0 X43.12 Y58.62
G0 X37.396 Y58.104
;TYPE:SKIN
G1 F1666.7 X42.604 Y58.104 E0.09354
G0 F7200 X43.02 Y58.52
G1 F1800 X36.98 Y58.52 E0.10045
G1 X36.98 Y57.688 E0.01384
G1 X43.02 Y57.688 E0.10045
G1 X43.02 Y58.52 E0.01384
G0 F7200 X42.79 Y58.29
G1 F1500 E-6.5
;MESH:NONMESH
G0 F600 X42.79 Y58.29 Z9.6
G0 F7200 X43.09 Y57.139
G0 X43.09 Y56.044
G0 X43.09 Y43.956
G0 X43.09 Y42.861
G0 X43.4 Y42.608
;TIME_ELAPSED:1502.150766
;LAYER:93
;TYPE:WALL-INNER
;MESH:pin.stl
G1 F1500 E6.5
G1 F3600 X43.4 Y41.1 E0.02508
G1 X36.6 Y41.1 E0.11308
G1 X36.6 Y42.608 E0.02508
G1 X43.4 Y42.608 E0.11308
G0 F7200 X43.8 Y43.008
;TYPE:WALL-OUTER
G1 F1800 X43.8 Y40.7 E0.03838
G1 X36.2 Y40.7 E0.12639
G1 X36.2 Y43.008 E0.03838
G1 X43.8 Y43.008 E0.12639
G0 F7200 X43.8 Y42.808
G0 X43.12 Y42.328
G0 X42.933 Y42.141
;TYPE:SKIN
G1 F1254.4 X37.067 Y42.141 E0.13999
G1 X37.067 Y41.567 E0.0137
G1 X42.933 Y41.567 E0.13999
G1 X42.933 Y42.141 E0.0137
G0 F7200 X42.79 Y41.998
G1 F1500 E-6.5
G0 F7200 X43.57 Y42.328
G0 X44.665 Y42.328
G0 X46.43 Y42.328
G0 X53.09 Y42.328
G0 X53.4 Y42.608
;TYPE:WALL-INNER
G1 F1500 E6.5
G1 F3600 X53.4 Y41.1 E0.02508
G1 X46.6 Y41.1 E0.11308
G1 X46.6 Y42.608 E0.02508
G1 X53.4 Y42.608 E0.11308
G0 F7200 X53.8 Y43.008
;TYPE:WALL-OUTER
G1 F1800 X53.8 Y40.7 E0.03838
G1 X46.2 Y40.7 E0.12639
G1 X46.2 Y43.008 E0.03838
G1 X53.8 Y43.008 E0.12639
G0 F7200 X53.8 Y42.808
G0 X53.12 Y42.328
G0 X52.933 Y42.141
;TYPE:SKIN
G1 F1254.4 X47.067 Y42.141 E0.13999
G1 X47.067 Y41.567 E0.0137
G1 X52.933 Y41.567 E0.13999
G1 X52.933 Y42.141 E0.0137
G0 F7200 X52.79 Y41.998
G1 F1500 E-6.5
G0 F7200 X53.57 Y42.328
G0 X54.665 Y42.328
G0 X56.43 Y42.328
G0 X63.09 Y42.328
G0 X63.4 Y42.608
;TYPE:WALL-INNER
G1 F1500 E6.5
G1 F3600 X63.4 Y41.1 E0.02508
G1 X56.6 Y41.1 E0.11308
G1 X56.6 Y42.608 E0.02508
G1 X63.4 Y42.608 E0.11308
G0 F7200 X63.8 Y43.008
;TYPE:WALL-OUTER
G1 F1800 X63.8 Y40.7 E0.03838
G1 X56.2 Y40.7 E0.12639
G1 X56.2 Y43.008 E0.03838
G1 X63.8 Y43.008 E0.12639
G0 F7200 X63.8 Y42.808
G0 X63.12 Y42.328
G0 X62.933 Y42.141
;TYPE:SKIN
G1 F1254.4 X57.067 Y42.141 E0.13999
G1 X57.067 Y41.567 E0.0137
G1 X62.933 Y41.567 E0.13999
G1 X62.933 Y42.141 E0.0137
G0 F7200 X62.79 Y41.998
G1 F1500 E-6.5
G0 F7200 X63.09 Y42.778
G0 X63.09 Y43.873
G0 X63.09 Y56.127
G0 X63.09 Y57.222
G0 X63.09 Y58.62
G0 X63.4 Y58.9
;TYPE:WALL-INNER
G1 F1500 E6.5
G1 F3600 X63.4 Y57.392 E0.02508
G1 X56.6 Y57.392 E0.11308
G1 X56.6 Y58.9 E0.02508
G1 X63.4 Y58.9 E0.11308
G0 F7200 X63.8 Y59.3
;TYPE:WALL-OUTER
G1 F1800 X63.8 Y56.992 E0.03838
G1 X56.2 Y56.992 E0.12639
G1 X56.2 Y59.3 E0.03838
G1 X63.8 Y59.3 E0.12639
G0 F7200 X63.8 Y59.1
G0 X63.12 Y58.62
G0 X62.933 Y58.433
;TYPE:SKIN
G1 F1254.4 X57.067 Y58.433 E0.13999
G1 X57.067 Y57.859 E0.0137
G1 X62.933 Y57.859 E0.13999
G1 X62.933 Y58.433 E0.0137
G0 F7200 X62.79 Y58.29
G1 F1500 E-6.5
G0 F7200 X56.43 Y58.62
G0 X55.335 Y58.62
G0 X53.57 Y58.62
G0 X53.4 Y58.9
;TYPE:WALL-INNER
G1 F1500 E6.5
G1 F3600 X53.4 Y57.392 E0.02508
G1 X46.6 Y57.392 E0.11308
G1 X46.6 Y58.9 E0.02508
G1 X53.4 Y58.9 E0.11308
G0 F7200 X53.8 Y59.3
;TYPE:WALL-OUTER
G1 F1800 X53.8 Y56.992 E0.03838
G1 X46.2 Y56.992 E0.12639
G1 X46.2 Y59.3 E0.03838
G1 X53.8 Y59.3 E0.12639
G0 F7200 X53.8 Y59.1
G0 X53.12 Y58.62
G0 X52.933 Y58.433
;TYPE:SKIN
G1 F1254.4 X47.067 Y58.433 E0.13999
G1 X47.067 Y57.859 E0.0137
G1 X52.933 Y57.859 E0.13999
G1 X52.933 Y58.433 E0.0137
G0 F7200 X52.79 Y58.29
G1 F1500 E-6.5
G0 F7200 X46.43 Y58.62
G0 X45.335 Y58.62
G0 X43.57 Y58.62
G0 X43.4 Y58.9
;TYPE:WALL-INNER
G1 F1500 E6.5
G1 F3600 X43.4 Y57.392 E0.02508
G1 X36.6 Y57.392 E0.11308
G1 X36.6 Y58.9 E0.02508
G1 X43.4 Y58.9 E0.11308
G0 F7200 X43.8 Y59.3
;TYPE:WALL-OUTER
G1 F1800 X43.8 Y56.992 E0.03838
G1 X36.2 Y56.992 E0.12639
G1 X36.2 Y59.3 E0.03838
G1 X43.8 Y59.3 E0.12639
G0 F7200 X43.8 Y59.1
G0 X43.12 Y58.62
G0 X42.933 Y58.433
;TYPE:SKIN
G1 F1254.4 X37.067 Y58.433 E0.13999
G1 X37.067 Y57.859 E0.0137
G1 X42.933 Y57.859 E0.13999
G1 X42.933 Y58.433 E0.0137
G0 F7200 X42.79 Y58.29
G1 F1500 E-6.5
;MESH:NONMESH
G0 F600 X42.79 Y58.29 Z9.7
G0 F7200 X43.09 Y57.222
G0 X43.09 Y56.127
G0 X43.09 Y43.873
G0 X43.09 Y42.778
G0 X43.4 Y42.524
;TIME_ELAPSED:1516.143102
;LAYER:94
;TYPE:WALL-INNER
;MESH:pin.stl
G1 F1500 E6.5
G1 F3600 X43.4 Y41.1 E0.02368
G1 X36.6 Y41.1 E0.11308
G1 X36.6 Y42.524 E0.02368
G1 X43.4 Y42.524 E0.11308
G0 F7200 X43.8 Y42.924
;TYPE:WALL-OUTER
G1 F1800 X43.8 Y40.7 E0.03699
G1 X36.2 Y40.7 E0.12639
G1 X36.2 Y42.924 E0.03699
G1 X43.8 Y42.924 E0.12639
G0 F7200 X43.8 Y42.724
G0 X43.12 Y42.244
G0 X42.954 Y42.078
;TYPE:SKIN
G1 F1353.4 X37.046 Y42.078 E0.13067
G1 X37.046 Y41.546 E0.01177
G1 X42.954 Y41.546 E0.13067
G1 X42.954 Y42.078 E0.01177
G0 F7200 X42.79 Y41.914
G1 F1500 E-6.5
G0 F7200 X43.57 Y42.244
G0 X44.665 Y42.244
G0 X46.43 Y42.244
G0 X53.09 Y42.244
G0 X53.4 Y42.524
;TYPE:WALL-INNER
G1 F1500 E6.5
G1 F3600 X53.4 Y41.1 E0.02368
G1 X46.6 Y41.1 E0.11308
G1 X46.6 Y42.524 E0.02368
G1 X53.4 Y42.524 E0.11308
G0 F7200 X53.8 Y42.924
;TYPE:WALL-OUTER
G1 F1800 X53.8 Y40.7 E0.03699
G1 X46.2 Y40.7 E0.12639
G1 X46.2 Y42.924 E0.03699
G1 X53.8 Y42.924 E0.12639
G0 F7200 X53.8 Y42.724
G0 X53.12 Y42.244
G0 X52.954 Y42.078
;TYPE:SKIN
G1 F1353.4 X47.046 Y42.078 E0.13067
G1 X47.046 Y41.546 E0.01177
G1 X52.954 Y41.546 E0.13067
G1 X52.954 Y42.078 E0.01177
G0 F7200 X52.79 Y41.914
G1 F1500 E-6.5
G0 F7200 X53.57 Y42.244
G0 X54.665 Y42.244
G0 X56.43 Y42.244
G0 X63.09 Y42.244
G0 X63.4 Y42.524
;TYPE:WALL-INNER
G1 F1500 E6.5
G1 F3600 X63.4 Y41.1 E0.02368
G1 X56.6 Y41.1 E0.11308
G1 X56.6 Y42.524 E0.02368
G1 X63.4 Y42.524 E0.11308
G0 F7200 X63.8 Y42.924
;TYPE:WALL-OUTER
G1 F1800 X63.8 Y40.7 E0.03699
G1 X56.2 Y40.7 E0.12639
G1 X56.2 Y42.924 E0.03699
G1 X63.8 Y42.924 E0.12639
G0 F7200 X63.8 Y42.724
G0 X63.12 Y42.244
G0 X62.954 Y42.078
;TYPE:SKIN
G1 F1353.4 X57.046 Y42.078 E0.13067
G1 X57.046 Y41.546 E0.01177
G1 X62.954 Y41.546 E0.13067
G1 X62.954 Y42.078 E0.01177
G0 F7200 X62.79 Y41.914
G1 F1500 E-6.5
G0 F7200 X63.09 Y42.694
G0 X63.09 Y43.789
G0 X63.09 Y56.211
G0 X63.09 Y57.306
G0 X63.09 Y58.62
G0 X63.4 Y58.9
;TYPE:WALL-INNER
G1 F1500 E6.5
G1 F3600 X63.4 Y57.476 E0.02368
G1 X56.6 Y57.476 E0.11308
G1 X56.6 Y58.9 E0.02368
G1 X63.4 Y58.9 E0.11308
G0 F7200 X63.8 Y59.3
;TYPE:WALL-OUTER
G1 F1800 X63.8 Y57.076 E0.03699
G1 X56.2 Y57.076 E0.12639
G1 X56.2 Y59.3 E0.03699
G1 X63.8 Y59.3 E0.12639
G0 F7200 X63.8 Y59.1
G0 X63.12 Y58.62
G0 X62.954 Y58.454
;TYPE:SKIN
G1 F1353.4 X57.046 Y58.454 E0.13067
G1 X57.046 Y57.922 E0.01177
G1 X62.954 Y57.922 E0.13067
G1 X62.954 Y58.454 E0.01177
G0 F7200 X62.79 Y58.29
G1 F1500 E-6.5
G0 F7200 X56.43 Y58.62
G0 X55.335 Y58.62
G0 X53.57 Y58.62
G0 X53.4 Y58.9
;TYPE:WALL-INNER
G1 F1500 E6.5
G1 F3600 X53.4 Y57.476 E0.02368
G1 X46.6 Y57.476 E0.11308
G1 X46.6 Y58.9 E0.02368
G1 X53.4 Y58.9 E0.11308
G0 F7200 X53.8 Y59.3
;TYPE:WALL-OUTER
G1 F1800 X53.8 Y57.076 E0.03699
G1 X46.2 Y57.076 E0.12639
G1 X46.2 Y59.3 E0.03699
G1 X53.8 Y59.3 E0.12639
G0 F7200 X53.8 Y59.1
G0 X53.12 Y58.62
G0 X52.954 Y58.454
;TYPE:SKIN
G1 F1353.4 X47.046 Y58.454 E0.13067
G1 X47.046 Y57.922 E0.01177
G1 X52.954 Y57.922 E0.13067
G1 X52.954 Y58.454 E0.01177
G0 F7200 X52.79 Y58.29
G1 F1500 E-6.5
G0 F7200 X46.43 Y58.62
G0 X45.335 Y58.62
G0 X43.57 Y58.62
G0 X43.4 Y58.9
;TYPE:WALL-INNER
G1 F1500 E6.5
G1 F3600 X43.4 Y57.476 E0.02368
G1 X36.6 Y57.476 E0.11308
G1 X36.6 Y58.9 E0.02368
G1 X43.4 Y58.9 E0.11308
G0 F7200 X43.8 Y59.3
;TYPE:WALL-OUTER
G1 F1800 X43.8 Y57.076 E0.03699
G1 X36.2 Y57.076 E0.12639
G1 X36.2 Y59.3 E0.03699
G1 X43.8 Y59.3 E0.12639
G0 F7200 X43.8 Y59.1
G0 X43.12 Y58.62
G0 X42.954 Y58.454
;TYPE:SKIN
G1 F1353.4 X37.046 Y58.454 E0.13067
G1 X37.046 Y57.922 E0.01177
G1 X42.954 Y57.922 E0.13067
G1 X42.954 Y58.454 E0.01177
G0 F7200 X42.79 Y58.29
G1 F1500 E-6.5
;MESH:NONMESH
G0 F600 X42.79 Y58.29 Z9.8
G0 F7200 X43.09 Y57.306
G0 X43.09 Y56.211
G0 X43.09 Y43.789
G0 X43.09 Y42.694
G0 X43.4 Y42.44
;TIME_ELAPSED:1529.824479
;LAYER:95
;TYPE:WALL-INNER
;MESH:pin.stl
G1 F1500 E6.5
G1 F3600 X43.4 Y41.1 E0.02228
G1 X36.6 Y41.1 E0.11308
G1 X36.6 Y42.44 E0.02228
G1 X43.4 Y42.44 E0.11308
G0 F7200 X43.8 Y42.84
;TYPE:WALL-OUTER
G1 F1800 X43.8 Y40.7 E0.03559
G1 X36.2 Y40.7 E0.12639
G1 X36.2 Y42.84 E0.03559
G1 X43.8 Y42.84 E0.12639
G0 F7200 X43.8 Y42.64
G0 X43.12 Y42.161
G0 X42.975 Y42.015
;TYPE:SKIN
G1 F1469.4 X37.025 Y42.015 E0.12121
G1 X37.025 Y41.525 E0.00998
G1 X42.975 Y41.525 E0.12121
G1 X42.975 Y42.015 E0.00998
G0 F7200 X42.79 Y41.831
G1 F1500 E-6.5
G0 F7200 X43.57 Y42.161
G0 X44.665 Y42.161
G0 X46.43 Y42.161
G0 X53.09 Y42.161
G0 X53.4 Y42.44
;TYPE:WALL-INNER
G1 F1500 E6.5
G1 F3600 X53.4 Y41.1 E0.02228
G1 X46.6 Y41.1 E0.11308
G1 X46.6 Y42.44 E0.02228
G1 X53.4 Y42.44 E0.11308
G0 F7200 X53.8 Y42.84
;TYPE:WALL-OUTER
G1 F1800 X53.8 Y40.7 E0.03559
G1 X46.2 Y40.7 E0.12639
G1 X46.2 Y42.84 E0.03559
G1 X53.8 Y42.84 E0.12639
G0 F7200 X53.8 Y42.64
G0 X53.12 Y42.161
G0 X52.975 Y42.015
;TYPE:SKIN
G1 F1469.4 X47.025 Y42.015 E0.12121
G1 X47.025 Y41.525 E0.00998
G1 X52.975 Y41.525 E0.12121
G1 X52.975 Y42.015 E0.00998
G0 F7200 X52.79 Y41.831
G1 F1500 E-6.5
G0 F7200 X53.57 Y42.161
G0 X54.665 Y42.161
G0 X56.43 Y42.161
G0 X63.09 Y42.161
G0 X63.4 Y42.44
;TYPE:WALL-INNER
G1 F1500 E6.5
G1 F3600 X63.4 Y41.1 E0.02228
G1 X56.6 Y41.1 E0.11308
G1 X56.6 Y42.44 E0.02228
G1 X63.4 Y42.44 E0.11308
G0 F7200 X63.8 Y42.84
;TYPE:WALL-OUTER
G1 F1800 X63.8 Y40.7 E0.03559
G1 X56.2 Y40.7 E0.12639
G1 X56.2 Y42.84 E0.03559
G1 X63.8 Y42.84 E0.12639
G0 F7200 X63.8 Y42.64
G0 X63.12 Y42.161
G0 X62.975 Y42.015
;TYPE:SKIN
G1 F1469.4 X57.025 Y42.015 E0.12121
G1 X57.025 Y41.525 E0.00998
G1 X62.975 Y41.525 E0.12121
G1 X62.975 Y42.015 E0.00998
G0 F7200 X62.79 Y41.831
G1 F1500 E-6.5
G0 F7200 X63.09 Y42.611
G0 X63.09 Y43.706
G0 X63.09 Y56.294
G0 X63.09 Y57.389
G0 X63.09 Y58.62
G0 X63.4 Y58.9
;TYPE:WALL-INNER
G1 F1500 E6.5
G1 F3600 X63.4 Y57.556 E0.02235
G1 X56.6 Y57.556 E0.11308
G1 X56.6 Y58.9 E0.02235
G1 X63.4 Y58.9 E0.11308
G0 F7200 X63.8 Y59.3
;TYPE:WALL-OUTER
G1 F1800 X63.8 Y57.156 E0.03565
G1 X56.2 Y57.156 E0.12639
G1 X56.2 Y59.3 E0.03565
G1 X63.8 Y59.3 E0.12639
G0 F7200 X63.8 Y59.1
G0 X63.12 Y58.62
G0 X62.974 Y58.474
;TYPE:SKIN
G1 F1463.4 X57.026 Y58.474 E0.12167
G1 X57.026 Y57.982 E0.01006
G1 X62.974 Y57.982 E0.12167
G1 X62.974 Y58.474 E0.01006
G0 F7200 X62.79 Y58.29
G1 F1500 E-6.5
G0 F7200 X56.43 Y58.62
G0 X55.335 Y58.62
G0 X53.57 Y58.62
G0 X53.4 Y58.9
;TYPE:WALL-INNER
G1 F1500 E6.5
G1 F3600 X53.4 Y57.556 E0.02235
G1 X46.6 Y57.556 E0.11308
G1 X46.6 Y58.9 E0.02235
G1 X53.4 Y58.9 E0.11308
G0 F7200 X53.8 Y59.3
;TYPE:WALL-OUTER
G1 F1800 X53.8 Y57.156 E0.03565
G1 X46.2 Y57.156 E0.12639
G1 X46.2 Y59.3 E0.03565
G1 X53.8 Y59.3 E0.12639
G0 F7200 X53.8 Y59.1
G0 X53.12 Y58.62
G0 X52.974 Y58.474
;TYPE:SKIN
G1 F1463.4 X47.026 Y58.474 E0.12167
G1 X47.026 Y57.982 E0.01006
G1 X52.974 Y57.982 E0.12167
G1 X52.974 Y58.474 E0.01006
G0 F7200 X52.79 Y58.29
G1 F1500 E-6.5
G0 F7200 X46.43 Y58.62
G0 X45.335 Y58.62
G0 X43.57 Y58.62
G0 X43.4 Y58.9
;TYPE:WALL-INNER
G1 F1500 E6.5
G1 F3600 X43.4 Y57.556 E0.02235
G1 X36.6 Y57.556 E0.11308
G1 X36.6 Y58.9 E0.02235
G1 X43.4 Y58.9 E0.11308
G0 F7200 X43.8 Y59.3
;TYPE:WALL-OUTER
G1 F1800 X43.8 Y57.156 E0.03565
G1 X36.2 Y57.156 E0.12639
G1 X36.2 Y59.3 E0.03565
G1 X43.8 Y59.3 E0.12639
G0 F7200 X43.8 Y59.1
G0 X43.12 Y58.62
G0 X42.974 Y58.474
;TYPE:SKIN
G1 F1463.4 X37.026 Y58.474 E0.12167
G1 X37.026 Y57.982 E0.01006
G1 X42.974 Y57.982 E0.12167
G1 X42.974 Y58.474 E0.01006
G0 F7200 X42.79 Y58.29
G1 F1500 E-6.5
;MESH:NONMESH
G0 F600 X42.79 Y58.29 Z9.9
G0 F7200 X43.09 Y57.389
G0 X43.09 Y56.294
G0 X43.09 Y43.706
G0 X43.09 Y42.611
G0 X43.4 Y42.356
;TIME_ELAPSED:1543.203477
;LAYER:96
;TYPE:WALL-INNER
;MESH:pin.stl
G1 F1500 E6.5
G1 F3600 X43.4 Y41.1 E0.02089
G1 X36.6 Y41.1 E0.11308
G1 X36.6 Y42.356 E0.02089
G1 X43.4 Y42.356 E0.11308
G0 F7200 X43.8 Y42.756
;TYPE:WALL-OUTER
G1 F1800 X43.8 Y40.7 E0.03419
G1 X36.2 Y40.7 E0.12639
G1 X36.2 Y42.756 E0.03419
G1 X43.8 Y42.756 E0.12639
G0 F7200 X43.8 Y42.556
G0 X43.12 Y42.078
G0 X42.996 Y41.952
;TYPE:SKIN
G1 F1607.1 X37.004 Y41.952 E0.11161
G1 X37.004 Y41.504 E0.00834
G1 X42.996 Y41.504 E0.11161
G1 X42.996 Y41.952 E0.00834
G0 F7200 X42.79 Y41.748
G1 F1500 E-6.5
G0 F7200 X43.57 Y42.078
G0 X44.665 Y42.078
G0 X46.43 Y42.078
G0 X53.09 Y42.078
G0 X53.4 Y42.356
;TYPE:WALL-INNER
G1 F1500 E6.5
G1 F3600 X53.4 Y41.1 E0.02089
G1 X46.6 Y41.1 E0.11308
G1 X46.6 Y42.356 E0.02089
G1 X53.4 Y42.356 E0.11308
G0 F7200 X53.8 Y42.756
;TYPE:WALL-OUTER
G1 F1800 X53.8 Y40.7 E0.03419
G1 X46.2 Y40.7 E0.12639
G1 X46.2 Y42.756 E0.03419
G1 X53.8 Y42.756 E0.12639
G0 F7200 X53.8 Y42.556
G0 X53.12 Y42.078
G0 X52.996 Y41.952
;TYPE:SKIN
G1 F1607.1 X47.004 Y41.952 E0.11161
G1 X47.004 Y41.504 E0.00834
G1 X52.996 Y41.504 E0.11161
G1 X52.996 Y41.952 E0.00834
G0 F7200 X52.79 Y41.748
G1 F1500 E-6.5
G0 F7200 X53.57 Y42.078
G0 X54.665 Y42.078
G0 X56.43 Y42.078
G0 X63.09 Y42.078
G0 X63.4 Y42.356
;TYPE:WALL-INNER
G1 F1500 E6.5
G1 F3600 X63.4 Y41.1 E0.02089
G1 X56.6 Y41.1 E0.11308
G1 X56.6 Y42.356 E0.02089
G1 X63.4 Y42.356 E0.11308
G0 F7200 X63.8 Y42.756
;TYPE:WALL-OUTER
G1 F1800 X63.8 Y40.7 E0.03419
G1 X56.2 Y40.7 E0.12639
G1 X56.2 Y42.756 E0.03419
G1 X63.8 Y42.756 E0.12639
G0 F7200 X63.8 Y42.556
G0 X63.12 Y42.078
G0 X62.996 Y41.952
;TYPE:SKIN
G1 F1607.1 X57.004 Y41.952 E0.11161
G1 X57.004 Y41.504 E0.00834
G1 X62.996 Y41.504 E0.11161
G1 X62.996 Y41.952 E0.00834
G0 F7200 X62.79 Y41.748
G1 F1500 E-6.5
G0 F7200 X63.09 Y42.528
G0 X63.09 Y43.623
G0 X63.09 Y56.377
G0 X63.09 Y57.472
G0 X63.09 Y58.62
G0 X63.4 Y58.9
;TYPE:WALL-INNER
G1 F1500 E6.5
G1 F3600 X63.4 Y57.64 E0.02095
G1 X56.6 Y57.64 E0.11308
G1 X56.6 Y58.9 E0.02095
G1 X63.4 Y58.9 E0.11308
G0 F7200 X63.8 Y59.3
;TYPE:WALL-OUTER
G1 F1800 X63.8 Y57.24 E0.03426
G1 X56.2 Y57.24 E0.12639
G1 X56.2 Y59.3 E0.03426
G1 X63.8 Y59.3 E0.12639
G0 F7200 X63.8 Y59.1
G0 X63.12 Y58.62
G0 X62.995 Y58.495
;TYPE:SKIN
G1 F1600 X57.005 Y58.495 E0.11207
G1 X57.005 Y58.045 E0.00842
G1 X62.995 Y58.045 E0.11207
G1 X62.995 Y58.495 E0.00842
G0 F7200 X62.79 Y58.29
G1 F1500 E-6.5
G0 F7200 X56.43 Y58.62
G0 X55.335 Y58.62
G0 X53.57 Y58.62
G0 X53.4 Y58.9
;TYPE:WALL-INNER
G1 F1500 E6.5
G1 F3600 X53.4 Y57.64 E0.02095
G1 X46.6 Y57.64 E0.11308
G1 X46.6 Y58.9 E0.02095
G1 X53.4 Y58.9 E0.11308
G0 F7200 X53.8 Y59.3
;TYPE:WALL-OUTER
G1 F1800 X53.8 Y57.24 E0.03426
G1 X46.2 Y57.24 E0.12639
G1 X46.2 Y59.3 E0.03426
G1 X53.8 Y59.3 E0.12639
G0 F7200 X53.8 Y59.1
G0 X53.12 Y58.62
G0 X52.995 Y58.495
;TYPE:SKIN
G1 F1600 X47.005 Y58.495 E0.11207
G1 X47.005 Y58.045 E0.00842
G1 X52.995 Y58.045 E0.11207
G1 X52.995 Y58.495 E0.00842
G0 F7200 X52.79 Y58.29
G1 F1500 E-6.5
G0 F7200 X46.43 Y58.62
G0 X45.335 Y58.62
G0 X43.57 Y58.62
G0 X43.4 Y58.9
;TYPE:WALL-INNER
G1 F1500 E6.5
G1 F3600 X43.4 Y57.64 E0.02095
G1 X36.6 Y57.64 E0.11308
G1 X36.6 Y58.9 E0.02095
G1 X43.4 Y58.9 E0.11308
G0 F7200 X43.8 Y59.3
;TYPE:WALL-OUTER
G1 F1800 X43.8 Y57.24 E0.03426
G1 X36.2 Y57.24 E0.12639
G1 X36.2 Y59.3 E0.03426
G1 X43.8 Y59.3 E0.12639
G0 F7200 X43.8 Y59.1
G0 X43.12 Y58.62
G0 X42.995 Y58.495
;TYPE:SKIN
G1 F1600 X37.005 Y58.495 E0.11207
G1 X37.005 Y58.045 E0.00842
G1 X42.995 Y58.045 E0.11207
G1 X42.995 Y58.495 E0.00842
G0 F7200 X42.79 Y58.29
G1 F1500 E-6.5
;MESH:NONMESH
G0 F600 X42.79 Y58.29 Z10
G0 F7200 X43.09 Y57.472
G0 X43.09 Y56.377
G0 X43.09 Y43.623
G0 X43.09 Y42.528
G0 X43.4 Y42.272
;TIME_ELAPSED:1556.274439
;LAYER:97
;TYPE:WALL-INNER
;MESH:pin.stl
G1 F1500 E6.5
G1 F3600 X43.4 Y41.1 E0.01949
G1 X36.6 Y41.1 E0.11308
G1 X36.6 Y42.272 E0.01949
G1 X43.4 Y42.272 E0.11308
G0 F7200 X43.8 Y42.672
;TYPE:WALL-OUTER
G1 F1800 X43.8 Y40.7 E0.03279
G1 X36.2 Y40.7 E0.12639
G1 X36.2 Y42.672 E0.03279
G1 X43.8 Y42.672 E0.12639
G0 F7200 X43.8 Y42.472
G0 X43.017 Y41.889
;TYPE:SKIN
G1 F1773.4 X36.983 Y41.889 E0.10185
G1 X36.983 Y41.483 E0.00685
G1 X43.017 Y41.483 E0.10185
G1 X43.017 Y41.889 E0.00685
G0 F7200 X42.79 Y41.664
G1 F1500 E-6.5
G0 F7200 X43.57 Y41.994
G0 X44.665 Y41.994
G0 X46.43 Y41.994
G0 X53.09 Y41.994
G0 X53.4 Y42.272
;TYPE:WALL-INNER
G1 F1500 E6.5
G1 F3600 X53.4 Y41.1 E0.01949
G1 X46.6 Y41.1 E0.11308
G1 X46.6 Y42.272 E0.01949
G1 X53.4 Y42.272 E0.11308
G0 F7200 X53.8 Y42.672
;TYPE:WALL-OUTER
G1 F1800 X53.8 Y40.7 E0.03279
G1 X46.2 Y40.7 E0.12639
G1 X46.2 Y42.672 E0.03279
G1 X53.8 Y42.672 E0.12639
G0 F7200 X53.8 Y42.472
G0 X53.017 Y41.889
;TYPE:SKIN
G1 F1773.4 X46.983 Y41.889 E0.10185
G1 X46.983 Y41.483 E0.00685
G1 X53.017 Y41.483 E0.10185
G1 X53.017 Y41.889 E0.00685
G0 F7200 X52.79 Y41.664
G1 F1500 E-6.5
G0 F7200 X53.57 Y41.994
G0 X54.665 Y41.994
G0 X56.43 Y41.994
G0 X63.09 Y41.994
G0 X63.4 Y42.272
;TYPE:WALL-INNER
G1 F1500 E6.5
G1 F3600 X63.4 Y41.1 E0.01949
G1 X56.6 Y41.1 E0.11308
G1 X56.6 Y42.272 E0.01949
G1 X63.4 Y42.272 E0.11308
G0 F7200 X63.8 Y42.672
;TYPE:WALL-OUTER
G1 F1800 X63.8 Y40.7 E0.03279
G1 X56.2 Y40.7 E0.12639
G1 X56.2 Y42.672 E0.03279
G1 X63.8 Y42.672 E0.12639
G0 F7200 X63.8 Y42.472
G0 X63.017 Y41.889
;TYPE:SKIN
G1 F1773.4 X56.983 Y41.889 E0.10185
G1 X56.983 Y41.483 E0.00685
G1 X63.017 Y41.483 E0.10185
G1 X63.017 Y41.889 E0.00685
G0 F7200 X62.79 Y41.664
G1 F1500 E-6.5
G0 F7200 X63.09 Y42.444
G0 X63.09 Y43.539
G0 X63.09 Y56.461
G0 X63.09 Y57.556
G0 X63.09 Y58.62
G0 X63.4 Y58.9
;TYPE:WALL-INNER
G1 F1500 E6.5
G1 F3600 X63.4 Y57.724 E0.01956
G1 X56.6 Y57.724 E0.11308
G1 X56.6 Y58.9 E0.01956
G1 X63.4 Y58.9 E0.11308
G0 F7200 X63.8 Y59.3
;TYPE:WALL-OUTER
G1 F1800 X63.8 Y57.324 E0.03286
G1 X56.2 Y57.324 E0.12639
G1 X56.2 Y59.3 E0.03286
G1 X63.8 Y59.3 E0.12639
G0 F7200 X63.8 Y59.1
G0 X63.016 Y58.516
;TYPE:SKIN
G1 F1764.7 X56.984 Y58.516 E0.10232
G1 X56.984 Y58.108 E0.00692
G1 X63.016 Y58.108 E0.10232
G1 X63.016 Y58.516 E0.00692
G0 F7200 X62.79 Y58.29
G1 F1500 E-6.5
G0 F7200 X56.43 Y58.62
G0 X55.335 Y58.62
G0 X53.57 Y58.62
G0 X53.4 Y58.9
;TYPE:WALL-INNER
G1 F1500 E6.5
G1 F3600 X53.4 Y57.724 E0.01956
G1 X46.6 Y57.724 E0.11308
G1 X46.6 Y58.9 E0.01956
G1 X53.4 Y58.9 E0.11308
G0 F7200 X53.8 Y59.3
;TYPE:WALL-OUTER
G1 F1800 X53.8 Y57.324 E0.03286
G1 X46.2 Y57.324 E0.12639
G1 X46.2 Y59.3 E0.03286
G1 X53.8 Y59.3 E0.12639
G0 F7200 X53.8 Y59.1
G0 X53.016 Y58.516
;TYPE:SKIN
G1 F1764.7 X46.984 Y58.516 E0.10232
G1 X46.984 Y58.108 E0.00692
G1 X53.016 Y58.108 E0.10232
G1 X53.016 Y58.516 E0.00692
G0 F7200 X52.79 Y58.29
G1 F1500 E-6.5
G0 F7200 X46.43 Y58.62
G0 X45.335 Y58.62
G0 X43.57 Y58.62
G0 X43.4 Y58.9
;TYPE:WALL-INNER
G1 F1500 E6.5
G1 F3600 X43.4 Y57.724 E0.01956
G1 X36.6 Y57.724 E0.11308
G1 X36.6 Y58.9 E0.01956
G1 X43.4 Y58.9 E0.11308
G0 F7200 X43.8 Y59.3
;TYPE:WALL-OUTER
G1 F1800 X43.8 Y57.324 E0.03286
G1 X36.2 Y57.324 E0.12639
G1 X36.2 Y59.3 E0.03286
G1 X43.8 Y59.3 E0.12639
G0 F7200 X43.8 Y59.1
G0 X43.016 Y58.516
;TYPE:SKIN
G1 F1764.7 X36.984 Y58.516 E0.10232
G1 X36.984 Y58.108 E0.00692
G1 X43.016 Y58.108 E0.10232
G1 X43.016 Y58.516 E0.00692
G0 F7200 X42.79 Y58.29
G1 F1500 E-6.5
;MESH:NONMESH
G0 F600 X42.79 Y58.29 Z10.1
G0 F7200 X41.26 Y57.556
G0 X41.26 Y56.461
G0 X41.26 Y43.539
G0 X41.26 Y42.444
G0 X41.26 Y41.41
G0 X41.26 Y41.26
;TIME_ELAPSED:1569.059866
;LAYER:98
;TYPE:FILL
;MESH:pin.stl
G1 F1500 E6.5
G1 F3600 X42.028 Y42.028 E0.01806
G1 X42.098 Y42.098
G0 F7200 X41.769 Y41.26
G1 F3600 X41 Y42.028 E0.01807
G1 X40.93 Y42.098
G0 F7200 X40.93 Y41.881
G0 X43.12 Y41.911
G0 X43.4 Y42.188
;TYPE:WALL-INNER
G1 F3600 X43.4 Y41.1 E0.01809
G1 X36.6 Y41.1 E0.11308
G1 X36.6 Y42.188 E0.01809
G1 X43.4 Y42.188 E0.11308
G0 F7200 X43.8 Y42.588
;TYPE:WALL-OUTER
G1 F1800 X43.8 Y40.7 E0.0314
G1 X36.2 Y40.7 E0.12639
G1 X36.2 Y42.588 E0.0314
G1 X43.8 Y42.588 E0.12639
G0 F7200 X43.8 Y42.388
G0 X42.79 Y41.699
G1 F1500 E-6.5
G0 F7200 X43.57 Y41.881
G0 X44.665 Y41.881
G0 X46.43 Y41.881
G0 X46.76 Y41.925
;TYPE:FILL
G1 F1500 E6.5
G1 F3600 X47.425 Y41.26 E0.01564
G0 F7200 X46.917 Y41.26
G1 F3600 X47.685 Y42.028 E0.01806
G1 X47.755 Y42.098
G0 F7200 X47.755 Y41.881
G0 X52.314 Y41.881
G0 X52.314 Y42.028
G1 F3600 X53.082 Y41.26 E0.01806
G0 F7200 X52.574 Y41.26
G1 F3600 X53.24 Y41.926 E0.01566
G1 X53.31 Y41.996
G0 F7200 X53.4 Y42.188
;TYPE:WALL-INNER
G1 F3600 X53.4 Y41.1 E0.01809
G1 X46.6 Y41.1 E0.11308
G1 X46.6 Y42.188 E0.01809
G1 X53.4 Y42.188 E0.11308
G0 F7200 X53.8 Y42.588
;TYPE:WALL-OUTER
G1 F1800 X53.8 Y40.7 E0.0314
G1 X46.2 Y40.7 E0.12639
G1 X46.2 Y42.588 E0.0314
G1 X53.8 Y42.588 E0.12639
G0 F7200 X53.8 Y42.388
G0 X52.79 Y41.699
G1 F1500 E-6.5
G0 F7200 X53.57 Y41.881
G0 X54.665 Y41.881
G0 X56.43 Y41.881
G0 X57.971 Y41.881
G0 X57.971 Y42.028
;TYPE:FILL
G1 F1500 E6.5
G1 F3600 X58.739 Y41.26 E0.01806
G0 F7200 X58.231 Y41.26
G1 F3600 X58.999 Y42.028 E0.01806
G1 X59.069 Y42.098
G0 F7200 X59.069 Y41.881
G0 X63.12 Y41.911
G0 X63.4 Y42.188
;TYPE:WALL-INNER
G1 F3600 X63.4 Y41.1 E0.01809
G1 X56.6 Y41.1 E0.11308
G1 X56.6 Y42.188 E0.01809
G1 X63.4 Y42.188 E0.11308
G0 F7200 X63.8 Y42.588
;TYPE:WALL-OUTER
G1 F1800 X63.8 Y40.7 E0.0314
G1 X56.2 Y40.7 E0.12639
G1 X56.2 Y42.588 E0.0314
G1 X63.8 Y42.588 E0.12639
G0 F7200 X63.8 Y42.388
G0 X62.79 Y41.699
G1 F1500 E-6.5
G0 F7200 X59.002 Y42.361
G0 X59.002 Y43.456
G0 X59.002 Y56.544
G0 X59.002 Y57.639
G0 X59.002 Y57.968
;TYPE:FILL
G1 F1500 E6.5
G1 F3600 X58.23 Y58.74 E0.01816
G0 F7200 X58.74 Y58.74
G1 F3600 X57.968 Y57.968 E0.01816
G1 X57.898 Y57.898
G0 F7200 X57.898 Y58.119
G0 X63.12 Y58.62
G0 X63.4 Y58.9
;TYPE:WALL-INNER
G1 F3600 X63.4 Y57.808 E0.01816
G1 X56.6 Y57.808 E0.11308
G1 X56.6 Y58.9 E0.01816
G1 X63.4 Y58.9 E0.11308
G0 F7200 X63.8 Y59.3
;TYPE:WALL-OUTER
G1 F1800 X63.8 Y57.408 E0.03146
G1 X56.2 Y57.408 E0.12639
G1 X56.2 Y59.3 E0.03146
G1 X63.8 Y59.3 E0.12639
G0 F7200 X63.8 Y59.1
G0 X62.79 Y58.408
G1 F1500 E-6.5
G0 F7200 X56.43 Y58.119
G0 X55.335 Y58.119
G0 X53.57 Y58.119
G0 X53.24 Y58.073
;TYPE:FILL
G1 F1500 E6.5
G1 F3600 X52.573 Y58.74 E0.01569
G0 F7200 X53.083 Y58.74
G1 F3600 X52.311 Y57.968 E0.01816
G1 X52.241 Y57.898
G0 F7200 X52.241 Y58.119
G0 X47.688 Y58.119
G0 X47.688 Y57.968
G1 F3600 X46.916 Y58.74 E0.01816
G0 F7200 X47.426 Y58.74
G1 F3600 X46.76 Y58.074 E0.01566
G1 X46.69 Y58.004
G0 F7200 X46.88 Y58.089
G0 X53.12 Y58.62
G0 X53.4 Y58.9
;TYPE:WALL-INNER
G1 F3600 X53.4 Y57.808 E0.01816
G1 X46.6 Y57.808 E0.11308
G1 X46.6 Y58.9 E0.01816
G1 X53.4 Y58.9 E0.11308
G0 F7200 X53.8 Y59.3
;TYPE:WALL-OUTER
G1 F1800 X53.8 Y57.408 E0.03146
G1 X46.2 Y57.408 E0.12639
G1 X46.2 Y59.3 E0.03146
G1 X53.8 Y59.3 E0.12639
G0 F7200 X53.8 Y59.1
G0 X52.79 Y58.408
G1 F1500 E-6.5
G0 F7200 X46.43 Y58.119
G0 X45.335 Y58.119
G0 X43.57 Y58.119
G0 X42.031 Y58.119
G0 X42.031 Y57.968
;TYPE:FILL
G1 F1500 E6.5
G1 F3600 X41.259 Y58.74 E0.01816
G0 F7200 X41.77 Y58.74
G1 F3600 X40.997 Y57.968 E0.01817
G1 X40.927 Y57.898
G0 F7200 X40.927 Y58.119
G0 X43.12 Y58.62
G0 X43.4 Y58.9
;TYPE:WALL-INNER
G1 F3600 X43.4 Y57.808 E0.01816
G1 X36.6 Y57.808 E0.11308
G1 X36.6 Y58.9 E0.01816
G1 X43.4 Y58.9 E0.11308
G0 F7200 X43.8 Y59.3
;TYPE:WALL-OUTER
G1 F1800 X43.8 Y57.408 E0.03146
G1 X36.2 Y57.408 E0.12639
G1 X36.2 Y59.3 E0.03146
G1 X43.8 Y59.3 E0.12639
G0 F7200 X43.8 Y59.1
G0 X42.79 Y58.408
G1 F1500 E-6.5
;MESH:NONMESH
G0 F600 X42.79 Y58.408 Z10.2
G0 F7200 X41.26 Y57.639
G0 X41.26 Y56.544
G0 X41.26 Y43.456
G0 X41.26 Y42.361
G0 X41.26 Y41.41
G0 X41.26 Y41.26
;TIME_ELAPSED:1580.119863
;LAYER:99
;TYPE:FILL
;MESH:pin.stl
G1 F1500 E6.5
G1 F3600 X41.948 Y41.948 E0.01618
G0 F7200 X41.769 Y41.26
G1 F3600 X41.081 Y41.948 E0.01618
G1 X41.011 Y42.018
G0 F7200 X41.011 Y41.798
G0 X43.12 Y41.828
G0 X43.4 Y42.108
;TYPE:WALL-INNER
G1 F3600 X43.4 Y41.1 E0.01676
G1 X36.6 Y41.1 E0.11308
G1 X36.6 Y42.108 E0.01676
G1 X43.4 Y42.108 E0.11308
G0 F7200 X43.8 Y42.508
;TYPE:WALL-OUTER
G1 F1800 X43.8 Y40.7 E0.03007
G1 X36.2 Y40.7 E0.12639
G1 X36.2 Y42.508 E0.03007
G1 X43.8 Y42.508 E0.12639
G0 F7200 X43.8 Y42.308
G0 X42.79 Y41.616
G1 F1500 E-6.5
G0 F7200 X43.57 Y41.828
G0 X44.665 Y41.828
G0 X46.43 Y41.828
G0 X46.76 Y41.925
;TYPE:FILL
G1 F1500 E6.5
G1 F3600 X47.425 Y41.26 E0.01564
G0 F7200 X46.917 Y41.26
G1 F3600 X47.605 Y41.948 E0.01618
G1 X47.675 Y42.018
G0 F7200 X47.675 Y41.798
G0 X52.394 Y41.798
G0 X52.394 Y41.948
G1 F3600 X53.082 Y41.26 E0.01618
G0 F7200 X52.574 Y41.26
G1 F3600 X53.24 Y41.926 E0.01566
G1 X53.31 Y41.996
G0 F7200 X53.4 Y42.108
;TYPE:WALL-INNER
G1 F3600 X53.4 Y41.1 E0.01676
G1 X46.6 Y41.1 E0.11308
G1 X46.6 Y42.108 E0.01676
G1 X53.4 Y42.108 E0.11308
G0 F7200 X53.8 Y42.508
;TYPE:WALL-OUTER
G1 F1800 X53.8 Y40.7 E0.03007
G1 X46.2 Y40.7 E0.12639
G1 X46.2 Y42.508 E0.03007
G1 X53.8 Y42.508 E0.12639
G0 F7200 X53.8 Y42.308
G0 X52.79 Y41.616
G1 F1500 E-6.5
G0 F7200 X53.57 Y41.798
G0 X54.665 Y41.798
G0 X56.43 Y41.798
G0 X58.051 Y41.798
G0 X58.051 Y41.948
;TYPE:FILL
G1 F1500 E6.5
G1 F3600 X58.739 Y41.26 E0.01618
G0 F7200 X58.231 Y41.26
G1 F3600 X58.918 Y41.948 E0.01617
G1 X58.988 Y42.018
G0 F7200 X58.988 Y41.798
G0 X63.12 Y41.828
G0 X63.4 Y42.108
;TYPE:WALL-INNER
G1 F3600 X63.4 Y41.1 E0.01676
G1 X56.6 Y41.1 E0.11308
G1 X56.6 Y42.108 E0.01676
G1 X63.4 Y42.108 E0.11308
G0 F7200 X63.8 Y42.508
;TYPE:WALL-OUTER
G1 F1800 X63.8 Y40.7 E0.03007
G1 X56.2 Y40.7 E0.12639
G1 X56.2 Y42.508 E0.03007
G1 X63.8 Y42.508 E0.12639
G0 F7200 X63.8 Y42.308
G0 X62.79 Y41.616
G1 F1500 E-6.5
G0 F7200 X58.918 Y42.278
G0 X58.918 Y43.373
G0 X58.918 Y56.627
G0 X58.918 Y57.722
G0 X58.918 Y58.052
;TYPE:FILL
G1 F1500 E6.5
G1 F3600 X58.23 Y58.74 E0.01618
G0 F7200 X58.74 Y58.74
G1 F3600 X58.052 Y58.052 E0.01618
G1 X57.982 Y57.982
G0 F7200 X57.982 Y58.202
G0 X63.12 Y58.62
G0 X63.4 Y58.9
;TYPE:WALL-INNER
G1 F3600 X63.4 Y57.892 E0.01676
G1 X56.6 Y57.892 E0.11308
G1 X56.6 Y58.9 E0.01676
G1 X63.4 Y58.9 E0.11308
G0 F7200 X63.8 Y59.3
;TYPE:WALL-OUTER
G1 F1800 X63.8 Y57.492 E0.03007
G1 X56.2 Y57.492 E0.12639
G1 X56.2 Y59.3 E0.03007
G1 X63.8 Y59.3 E0.12639
G0 F7200 X63.8 Y59.1
G0 X62.79 Y58.408
G1 F1500 E-6.5
G0 F7200 X56.43 Y58.202
G0 X55.335 Y58.202
G0 X53.57 Y58.202
G0 X53.239 Y58.073
;TYPE:FILL
G1 F1500 E6.5
G1 F3600 X52.573 Y58.74 E0.01568
G0 F7200 X53.083 Y58.74
G1 F3600 X52.395 Y58.052 E0.01618
G1 X52.325 Y57.982
G0 F7200 X52.325 Y58.202
G0 X47.604 Y58.202
G0 X47.604 Y58.052
G1 F3600 X46.916 Y58.74 E0.01618
G0 F7200 X47.426 Y58.74
G1 F3600 X46.76 Y58.073 E0.01568
G1 X46.69 Y58.003
G0 F7200 X46.88 Y58.172
G0 X53.12 Y58.62
G0 X53.4 Y58.9
;TYPE:WALL-INNER
G1 F3600 X53.4 Y57.892 E0.01676
G1 X46.6 Y57.892 E0.11308
G1 X46.6 Y58.9 E0.01676
G1 X53.4 Y58.9 E0.11308
G0 F7200 X53.8 Y59.3
;TYPE:WALL-OUTER
G1 F1800 X53.8 Y57.492 E0.03007
G1 X46.2 Y57.492 E0.12639
G1 X46.2 Y59.3 E0.03007
G1 X53.8 Y59.3 E0.12639
G0 F7200 X53.8 Y59.1
G0 X52.79 Y58.408
G1 F1500 E-6.5
G0 F7200 X46.43 Y58.202
G0 X45.335 Y58.202
G0 X43.57 Y58.202
G0 X41.947 Y58.202
G0 X41.947 Y58.052
;TYPE:FILL
G1 F1500 E6.5
G1 F3600 X41.259 Y58.74 E0.01618
G0 F7200 X41.77 Y58.74
G1 F3600 X41.081 Y58.052 E0.01619
G1 X41.011 Y57.982
G0 F7200 X41.011 Y58.202
G0 X43.12 Y58.62
G0 X43.4 Y58.9
;TYPE:WALL-INNER
G1 F3600 X43.4 Y57.892 E0.01676
G1 X36.6 Y57.892 E0.11308
G1 X36.6 Y58.9 E0.01676
G1 X43.4 Y58.9 E0.11308
G0 F7200 X43.8 Y59.3
;TYPE:WALL-OUTER
G1 F1800 X43.8 Y57.492 E0.03007
G1 X36.2 Y57.492 E0.12639
G1 X36.2 Y59.3 E0.03007
G1 X43.8 Y59.3 E0.12639
G0 F7200 X43.8 Y59.1
G0 X42.79 Y58.408
G1 F1500 E-6.5
;MESH:NONMESH
G0 F600 X42.79 Y58.408 Z10.3
G0 F7200 X43.09 Y56.627
G0 X43.09 Y43.373
G0 X43.09 Y42.278
G0 X43.4 Y42.024
;TIME_ELAPSED:1591.086737
;LAYER:100
;TYPE:WALL-INNER
;MESH:pin.stl
G1 F1500 E6.5
G1 F3600 X43.4 Y41.1 E0.01537
G1 X36.6 Y41.1 E0.11308
G1 X36.6 Y42.024 E0.01537
G1 X43.4 Y42.024 E0.11308
G0 F7200 X43.8 Y42.424
;TYPE:WALL-OUTER
G1 F1800 X43.8 Y40.7 E0.02867
G1 X36.2 Y40.7 E0.12639
G1 X36.2 Y42.424 E0.02867
G1 X43.8 Y42.424 E0.12639
G0 F7200 X43.8 Y42.224
G0 X43.12 Y41.744
G0 X37.062 Y41.562
;TYPE:SKIN
G1 F1276.6 X42.938 Y41.562 E0.13778
G0 F7200 X42.79 Y41.414
G1 F1500 E-6.5
G0 F7200 X43.57 Y41.744
G0 X44.665 Y41.744
G0 X46.43 Y41.744
G0 X53.09 Y41.744
G0 X53.4 Y42.024
;TYPE:WALL-INNER
G1 F1500 E6.5
G1 F3600 X53.4 Y41.1 E0.01537
G1 X46.6 Y41.1 E0.11308
G1 X46.6 Y42.024 E0.01537
G1 X53.4 Y42.024 E0.11308
G0 F7200 X53.8 Y42.424
;TYPE:WALL-OUTER
G1 F1800 X53.8 Y40.7 E0.02867
G1 X46.2 Y40.7 E0.12639
G1 X46.2 Y42.424 E0.02867
G1 X53.8 Y42.424 E0.12639
G0 F7200 X53.8 Y42.224
G0 X53.12 Y41.744
G0 X47.062 Y41.562
;TYPE:SKIN
G1 F1276.6 X52.938 Y41.562 E0.13778
G0 F7200 X52.79 Y41.414
G1 F1500 E-6.5
G0 F7200 X53.57 Y41.744
G0 X54.665 Y41.744
G0 X56.43 Y41.744
G0 X63.09 Y41.744
G0 X63.4 Y42.024
;TYPE:WALL-INNER
G1 F1500 E6.5
G1 F3600 X63.4 Y41.1 E0.01537
G1 X56.6 Y41.1 E0.11308
G1 X56.6 Y42.024 E0.01537
G1 X63.4 Y42.024 E0.11308
G0 F7200 X63.8 Y42.424
;TYPE:WALL-OUTER
G1 F1800 X63.8 Y40.7 E0.02867
G1 X56.2 Y40.7 E0.12639
G1 X56.2 Y42.424 E0.02867
G1 X63.8 Y42.424 E0.12639
G0 F7200 X63.8 Y42.224
G0 X63.12 Y41.744
G0 X57.062 Y41.562
;TYPE:SKIN
G1 F1276.6 X62.938 Y41.562 E0.13778
G0 F7200 X62.79 Y41.414
G1 F1500 E-6.5
G0 F7200 X63.09 Y42.194
G0 X63.09 Y43.289
G0 X63.09 Y56.711
G0 X63.09 Y57.806
G0 X63.09 Y58.62
G0 X63.4 Y58.9
;TYPE:WALL-INNER
G1 F1500 E6.5
G1 F3600 X63.4 Y57.976 E0.01537
G1 X56.6 Y57.976 E0.11308
G1 X56.6 Y58.9 E0.01537
G1 X63.4 Y58.9 E0.11308
G0 F7200 X63.8 Y59.3
;TYPE:WALL-OUTER
G1 F1800 X63.8 Y57.576 E0.02867
G1 X56.2 Y57.576 E0.12639
G1 X56.2 Y59.3 E0.02867
G1 X63.8 Y59.3 E0.12639
G0 F7200 X63.8 Y59.1
G0 X63.12 Y58.62
G0 X57.062 Y58.438
;TYPE:SKIN
G1 F1276.6 X62.938 Y58.438 E0.13778
G0 F7200 X62.79 Y58.29
G1 F1500 E-6.5
G0 F7200 X56.43 Y58.62
G0 X55.335 Y58.62
G0 X53.57 Y58.62
G0 X53.4 Y58.9
;TYPE:WALL-INNER
G1 F1500 E6.5
G1 F3600 X53.4 Y57.976 E0.01537
G1 X46.6 Y57.976 E0.11308
G1 X46.6 Y58.9 E0.01537
G1 X53.4 Y58.9 E0.11308
G0 F7200 X53.8 Y59.3
;TYPE:WALL-OUTER
G1 F1800 X53.8 Y57.576 E0.02867
G1 X46.2 Y57.576 E0.12639
G1 X46.2 Y59.3 E0.02867
G1 X53.8 Y59.3 E0.12639
G0 F7200 X53.8 Y59.1
G0 X53.12 Y58.62
G0 X47.062 Y58.438
;TYPE:SKIN
G1 F1276.6 X52.938 Y58.438 E0.13778
G0 F7200 X52.79 Y58.29
G1 F1500 E-6.5
G0 F7200 X46.43 Y58.62
G0 X45.335 Y58.62
G0 X43.57 Y58.62
G0 X43.4 Y58.9
;TYPE:WALL-INNER
G1 F1500 E6.5
G1 F3600 X43.4 Y57.976 E0.01537
G1 X36.6 Y57.976 E0.11308
G1 X36.6 Y58.9 E0.01537
G1 X43.4 Y58.9 E0.11308
G0 F7200 X43.8 Y59.3
;TYPE:WALL-OUTER
G1 F1800 X43.8 Y57.576 E0.02867
G1 X36.2 Y57.576 E0.12639
G1 X36.2 Y59.3 E0.02867
G1 X43.8 Y59.3 E0.12639
G0 F7200 X43.8 Y59.1
G0 X43.12 Y58.62
G0 X37.062 Y58.438
;TYPE:SKIN
G1 F1276.6 X42.938 Y58.438 E0.13778
G0 F7200 X42.79 Y58.29
G1 F1500 E-6.5
;MESH:NONMESH
G0 F600 X42.79 Y58.29 Z10.4
G0 F7200 X43.09 Y56.711
G0 X43.09 Y43.289
G0 X43.09 Y42.194
G0 X43.4 Y41.94
;TIME_ELAPSED:1603.067478
;LAYER:101
;TYPE:WALL-INNER
;MESH:pin.stl
G1 F1500 E6.5
G1 F3600 X43.4 Y41.1 E0.01397
G1 X36.6 Y41.1 E0.11308
G1 X36.6 Y41.94 E0.01397
G1 X43.4 Y41.94 E0.11308
G0 F7200 X43.8 Y42.34
;TYPE:WALL-OUTER
G1 F1800 X43.8 Y40.7 E0.02727
G1 X36.2 Y40.7 E0.12639
G1 X36.2 Y42.34 E0.02727
G1 X43.8 Y42.34 E0.12639
G0 F7200 X43.8 Y42.14
G0 X43.12 Y41.661
G0 X37.02 Y41.52
;TYPE:SKIN
G1 F1500 X42.98 Y41.52 E0.11894
G0 F7200 X42.79 Y41.71
G1 F1500 E-6.5
G0 F7200 X42.79 Y41.631
G0 X44.665 Y41.661
G0 X46.43 Y41.661
G0 X53.09 Y41.661
G0 X53.4 Y41.94
;TYPE:WALL-INNER
G1 F1500 E6.5
G1 F3600 X53.4 Y41.1 E0.01397
G1 X46.6 Y41.1 E0.11308
G1 X46.6 Y41.94 E0.01397
G1 X53.4 Y41.94 E0.11308
G0 F7200 X53.8 Y42.34
;TYPE:WALL-OUTER
G1 F1800 X53.8 Y40.7 E0.02727
G1 X46.2 Y40.7 E0.12639
G1 X46.2 Y42.34 E0.02727
G1 X53.8 Y42.34 E0.12639
G0 F7200 X53.8 Y42.14
G0 X53.12 Y41.661
G0 X47.02 Y41.52
;TYPE:SKIN
G1 F1500 X52.98 Y41.52 E0.11894
G0 F7200 X52.79 Y41.71
G1 F1500 E-6.5
G0 F7200 X52.79 Y41.631
G0 X54.665 Y41.661
G0 X56.43 Y41.661
G0 X63.09 Y41.661
G0 X63.4 Y41.94
;TYPE:WALL-INNER
G1 F1500 E6.5
G1 F3600 X63.4 Y41.1 E0.01397
G1 X56.6 Y41.1 E0.11308
G1 X56.6 Y41.94 E0.01397
G1 X63.4 Y41.94 E0.11308
G0 F7200 X63.8 Y42.34
;TYPE:WALL-OUTER
G1 F1800 X63.8 Y40.7 E0.02727
G1 X56.2 Y40.7 E0.12639
G1 X56.2 Y42.34 E0.02727
G1 X63.8 Y42.34 E0.12639
G0 F7200 X63.8 Y42.14
G0 X63.12 Y41.661
G0 X57.02 Y41.52
;TYPE:SKIN
G1 F1500 X62.98 Y41.52 E0.11894
G0 F7200 X62.79 Y41.71
G1 F1500 E-6.5
G0 F7200 X62.79 Y41.631
G0 X63.12 Y43.206
G0 X63.12 Y56.794
G0 X63.12 Y57.889
G0 X63.4 Y58.9
;TYPE:WALL-INNER
G1 F1500 E6.5
G1 F3600 X63.4 Y58.056 E0.01404
G1 X56.6 Y58.056 E0.11308
G1 X56.6 Y58.9 E0.01404
G1 X63.4 Y58.9 E0.11308
G0 F7200 X63.8 Y59.3
;TYPE:WALL-OUTER
G1 F1800 X63.8 Y57.656 E0.02734
G1 X56.2 Y57.656 E0.12639
G1 X56.2 Y59.3 E0.02734
G1 X63.8 Y59.3 E0.12639
G0 F7200 X63.8 Y59.1
G0 X63.12 Y58.62
G0 X57.022 Y58.478
;TYPE:SKIN
G1 F1487.6 X62.978 Y58.478 E0.11985
G0 F7200 X62.978 Y58.29
G1 F1500 E-6.5
G0 F7200 X62.978 Y58.369
G0 X56.43 Y58.59
G0 X55.335 Y58.59
G0 X53.57 Y58.59
G0 X53.4 Y58.9
;TYPE:WALL-INNER
G1 F1500 E6.5
G1 F3600 X53.4 Y58.056 E0.01404
G1 X46.6 Y58.056 E0.11308
G1 X46.6 Y58.9 E0.01404
G1 X53.4 Y58.9 E0.11308
G0 F7200 X53.8 Y59.3
;TYPE:WALL-OUTER
G1 F1800 X53.8 Y57.656 E0.02734
G1 X46.2 Y57.656 E0.12639
G1 X46.2 Y59.3 E0.02734
G1 X53.8 Y59.3 E0.12639
G0 F7200 X53.8 Y59.1
G0 X53.12 Y58.62
G0 X47.022 Y58.478
;TYPE:SKIN
G1 F1487.6 X52.978 Y58.478 E0.11985
G0 F7200 X52.978 Y58.29
G1 F1500 E-6.5
G0 F7200 X52.978 Y58.369
G0 X46.43 Y58.59
G0 X45.335 Y58.59
G0 X43.57 Y58.59
G0 X43.4 Y58.9
;TYPE:WALL-INNER
G1 F1500 E6.5
G1 F3600 X43.4 Y58.056 E0.01404
G1 X36.6 Y58.056 E0.11308
G1 X36.6 Y58.9 E0.01404
G1 X43.4 Y58.9 E0.11308
G0 F7200 X43.8 Y59.3
;TYPE:WALL-OUTER
G1 F1800 X43.8 Y57.656 E0.02734
G1 X36.2 Y57.656 E0.12639
G1 X36.2 Y59.3 E0.02734
G1 X43.8 Y59.3 E0.12639
G0 F7200 X43.8 Y59.1
G0 X43.12 Y58.62
G0 X37.022 Y58.478
;TYPE:SKIN
G1 F1487.6 X42.978 Y58.478 E0.11985
G0 F7200 X42.978 Y58.29
G1 F1500 E-6.5
;MESH:NONMESH
G0 F600 X42.978 Y58.29 Z10.5
G0 F7200 X42.978 Y58.369
G0 X43.09 Y56.794
G0 X43.09 Y43.206
G0 X43.09 Y42.111
G0 X43.311 Y41.767
;TIME_ELAPSED:1614.797737
;LAYER:102
;TYPE:WALL-INNER
;MESH:pin.stl
G1 F1500 E6.5
G1 F2491.3 X43.311 Y41.189 E0.01389
G1 X36.689 Y41.189 E0.15913
G1 X36.689 Y41.767 E0.01389
G1 X43.311 Y41.767 E0.15913
G0 F7200 X43.8 Y42.256
;TYPE:WALL-OUTER
G1 F1800 X43.8 Y40.7 E0.02588
G1 X36.2 Y40.7 E0.12639
G1 X36.2 Y42.256 E0.02588
G1 X43.8 Y42.256 E0.12639
G0 F7200 X43.8 Y42.056
G1 F1500 E-6.5
G0 F7200 X43.12 Y41.578
G0 X44.665 Y41.578
G0 X46.43 Y41.578
G0 X53.09 Y41.578
G0 X53.311 Y41.767
;TYPE:WALL-INNER
G1 F1500 E6.5
G1 F2491.3 X53.311 Y41.189 E0.01389
G1 X46.689 Y41.189 E0.15913
G1 X46.689 Y41.767 E0.01389
G1 X53.311 Y41.767 E0.15913
G0 F7200 X53.8 Y42.256
;TYPE:WALL-OUTER
G1 F1800 X53.8 Y40.7 E0.02588
G1 X46.2 Y40.7 E0.12639
G1 X46.2 Y42.256 E0.02588
G1 X53.8 Y42.256 E0.12639
G0 F7200 X53.8 Y42.056
G1 F1500 E-6.5
G0 F7200 X53.12 Y41.578
G0 X54.665 Y41.578
G0 X56.43 Y41.578
G0 X63.09 Y41.578
G0 X63.311 Y41.767
;TYPE:WALL-INNER
G1 F1500 E6.5
G1 F2491.3 X63.311 Y41.189 E0.01389
G1 X56.689 Y41.189 E0.15913
G1 X56.689 Y41.767 E0.01389
G1 X63.311 Y41.767 E0.15913
G0 F7200 X63.8 Y42.256
;TYPE:WALL-OUTER
G1 F1800 X63.8 Y40.7 E0.02588
G1 X56.2 Y40.7 E0.12639
G1 X56.2 Y42.256 E0.02588
G1 X63.8 Y42.256 E0.12639
G0 F7200 X63.8 Y42.056
G1 F1500 E-6.5
G0 F7200 X63.12 Y41.578
G0 X63.12 Y43.123
G0 X63.12 Y56.877
G0 X63.12 Y57.972
G0 X63.31 Y58.81
;TYPE:WALL-INNER
G1 F1500 E6.5
G1 F2482.8 X63.31 Y58.23 E0.01399
G1 X56.69 Y58.23 E0.15963
G1 X56.69 Y58.81 E0.01399
G1 X63.31 Y58.81 E0.15963
G0 F7200 X63.8 Y59.3
;TYPE:WALL-OUTER
G1 F1800 X63.8 Y57.74 E0.02594
G1 X56.2 Y57.74 E0.12639
G1 X56.2 Y59.3 E0.02594
G1 X63.8 Y59.3 E0.12639
G0 F7200 X63.8 Y59.1
G1 F1500 E-6.5
G0 F7200 X63.12 Y58.62
G0 X56.43 Y58.59
G0 X55.335 Y58.59
G0 X53.57 Y58.59
G0 X53.31 Y58.81
;TYPE:WALL-INNER
G1 F1500 E6.5
G1 F2482.8 X53.31 Y58.23 E0.01399
G1 X46.69 Y58.23 E0.15963
G1 X46.69 Y58.81 E0.01399
G1 X53.31 Y58.81 E0.15963
G0 F7200 X53.8 Y59.3
;TYPE:WALL-OUTER
G1 F1800 X53.8 Y57.74 E0.02594
G1 X46.2 Y57.74 E0.12639
G1 X46.2 Y59.3 E0.02594
G1 X53.8 Y59.3 E0.12639
G0 F7200 X53.8 Y59.1
G1 F1500 E-6.5
G0 F7200 X53.12 Y58.62
G0 X46.43 Y58.59
G0 X45.335 Y58.59
G0 X43.57 Y58.59
G0 X43.31 Y58.81
;TYPE:WALL-INNER
G1 F1500 E6.5
G1 F2482.8 X43.31 Y58.23 E0.01399
G1 X36.69 Y58.23 E0.15963
G1 X36.69 Y58.81 E0.01399
G1 X43.31 Y58.81 E0.15963
G0 F7200 X43.8 Y59.3
;TYPE:WALL-OUTER
G1 F1800 X43.8 Y57.74 E0.02594
G1 X36.2 Y57.74 E0.12639
G1 X36.2 Y59.3 E0.02594
G1 X43.8 Y59.3 E0.12639
G0 F7200 X43.8 Y59.1
G1 F1500 E-6.5
;MESH:NONMESH
G0 F600 X43.8 Y59.1 Z10.6
G0 F7200 X43.12 Y58.62
G0 X43.09 Y56.877
G0 X43.09 Y43.123
G0 X43.09 Y42.028
G0 X43.333 Y41.705
;TIME_ELAPSED:1625.007321
;LAYER:103
;TYPE:WALL-INNER
;MESH:pin.stl
G1 F1500 E6.5
G1 F2696.6 X43.333 Y41.171 E0.01186
G1 X36.667 Y41.171 E0.14799
G1 X36.667 Y41.705 E0.01186
G1 X43.333 Y41.705 E0.14799
G0 F7200 X43.8 Y42.172
;TYPE:WALL-OUTER
G1 F1800 X43.8 Y40.704 E0.02441
G1 X36.2 Y40.704 E0.12639
G1 X36.2 Y42.172 E0.02441
G1 X43.8 Y42.172 E0.12639
G0 F7200 X43.8 Y41.972
G1 F1500 E-6.5
G0 F7200 X43.12 Y41.494
G0 X44.665 Y41.494
G0 X46.43 Y41.494
G0 X53.09 Y41.494
G0 X53.333 Y41.705
;TYPE:WALL-INNER
G1 F1500 E6.5
G1 F2696.6 X53.333 Y41.171 E0.01186
G1 X46.667 Y41.171 E0.14799
G1 X46.667 Y41.705 E0.01186
G1 X53.333 Y41.705 E0.14799
G0 F7200 X53.8 Y42.172
;TYPE:WALL-OUTER
G1 F1800 X53.8 Y40.704 E0.02441
G1 X46.2 Y40.704 E0.12639
G1 X46.2 Y42.172 E0.02441
G1 X53.8 Y42.172 E0.12639
G0 F7200 X53.8 Y41.972
G1 F1500 E-6.5
G0 F7200 X53.12 Y41.494
G0 X54.665 Y41.494
G0 X56.43 Y41.494
G0 X63.09 Y41.494
G0 X63.333 Y41.705
;TYPE:WALL-INNER
G1 F1500 E6.5
G1 F2696.6 X63.333 Y41.171 E0.01186
G1 X56.667 Y41.171 E0.14799
G1 X56.667 Y41.705 E0.01186
G1 X63.333 Y41.705 E0.14799
G0 F7200 X63.8 Y42.172
;TYPE:WALL-OUTER
G1 F1800 X63.8 Y40.704 E0.02441
G1 X56.2 Y40.704 E0.12639
G1 X56.2 Y42.172 E0.02441
G1 X63.8 Y42.172 E0.12639
G0 F7200 X63.8 Y41.972
G1 F1500 E-6.5
G0 F7200 X63.12 Y41.494
G0 X63.12 Y43.039
G0 X63.12 Y56.961
G0 X63.12 Y58.056
G0 X63.333 Y58.825
;TYPE:WALL-INNER
G1 F1500 E6.5
G1 F2696.6 X63.333 Y58.291 E0.01186
G1 X56.667 Y58.291 E0.14799
G1 X56.667 Y58.825 E0.01186
G1 X63.333 Y58.825 E0.14799
G0 F7200 X63.8 Y59.292
;TYPE:WALL-OUTER
G1 F1800 X63.8 Y57.824 E0.02441
G1 X56.2 Y57.824 E0.12639
G1 X56.2 Y59.292 E0.02441
G1 X63.8 Y59.292 E0.12639
G0 F7200 X63.8 Y59.092
G1 F1500 E-6.5
G0 F7200 X63.12 Y58.614
G0 X56.43 Y58.584
G0 X55.335 Y58.584
G0 X53.57 Y58.584
G0 X53.333 Y58.825
;TYPE:WALL-INNER
G1 F1500 E6.5
G1 F2696.6 X53.333 Y58.291 E0.01186
G1 X46.667 Y58.291 E0.14799
G1 X46.667 Y58.825 E0.01186
G1 X53.333 Y58.825 E0.14799
G0 F7200 X53.8 Y59.292
;TYPE:WALL-OUTER
G1 F1800 X53.8 Y57.824 E0.02441
G1 X46.2 Y57.824 E0.12639
G1 X46.2 Y59.292 E0.02441
G1 X53.8 Y59.292 E0.12639
G0 F7200 X53.8 Y59.092
G1 F1500 E-6.5
G0 F7200 X53.12 Y58.614
G0 X46.43 Y58.584
G0 X45.335 Y58.584
G0 X43.57 Y58.584
G0 X43.333 Y58.825
;TYPE:WALL-INNER
G1 F1500 E6.5
G1 F2696.6 X43.333 Y58.291 E0.01186
G1 X36.667 Y58.291 E0.14799
G1 X36.667 Y58.825 E0.01186
G1 X43.333 Y58.825 E0.14799
G0 F7200 X43.8 Y59.292
;TYPE:WALL-OUTER
G1 F1800 X43.8 Y57.824 E0.02441
G1 X36.2 Y57.824 E0.12639
G1 X36.2 Y59.292 E0.02441
G1 X43.8 Y59.292 E0.12639
G0 F7200 X43.8 Y59.092
G1 F1500 E-6.5
;MESH:NONMESH
G0 F600 X43.8 Y59.092 Z10.7
G0 F7200 X43.12 Y58.614
G0 X43.09 Y56.961
G0 X43.09 Y43.039
G0 X43.09 Y41.944
G0 X43.359 Y41.647
;TIME_ELAPSED:1635.037805
;LAYER:104
;TYPE:WALL-INNER
;MESH:pin.stl
G1 F1500 E6.5
G1 F2987.6 X43.359 Y41.165 E0.00966
G1 X36.641 Y41.165 E0.13462
G1 X36.641 Y41.647 E0.00966
G1 X43.359 Y41.647 E0.13462
G0 F7200 X43.8 Y42.088
;TYPE:WALL-OUTER
G1 F1800 X43.8 Y40.724 E0.02268
G1 X36.2 Y40.724 E0.12639
G1 X36.2 Y42.088 E0.02268
G1 X43.8 Y42.088 E0.12639
G0 F7200 X43.8 Y41.888
G1 F1500 E-6.5
G0 F7200 X43.12 Y41.411
G0 X44.665 Y41.411
G0 X46.43 Y41.411
G0 X53.09 Y41.411
G0 X53.359 Y41.647
;TYPE:WALL-INNER
G1 F1500 E6.5
G1 F2987.6 X53.359 Y41.165 E0.00966
G1 X46.641 Y41.165 E0.13462
G1 X46.641 Y41.647 E0.00966
G1 X53.359 Y41.647 E0.13462
G0 F7200 X53.8 Y42.088
;TYPE:WALL-OUTER
G1 F1800 X53.8 Y40.724 E0.02268
G1 X46.2 Y40.724 E0.12639
G1 X46.2 Y42.088 E0.02268
G1 X53.8 Y42.088 E0.12639
G0 F7200 X53.8 Y41.888
G1 F1500 E-6.5
G0 F7200 X53.12 Y41.411
G0 X54.665 Y41.411
G0 X56.43 Y41.411
G0 X63.09 Y41.411
G0 X63.359 Y41.647
;TYPE:WALL-INNER
G1 F1500 E6.5
G1 F2987.6 X63.359 Y41.165 E0.00966
G1 X56.641 Y41.165 E0.13462
G1 X56.641 Y41.647 E0.00966
G1 X63.359 Y41.647 E0.13462
G0 F7200 X63.8 Y42.088
;TYPE:WALL-OUTER
G1 F1800 X63.8 Y40.724 E0.02268
G1 X56.2 Y40.724 E0.12639
G1 X56.2 Y42.088 E0.02268
G1 X63.8 Y42.088 E0.12639
G0 F7200 X63.8 Y41.888
G1 F1500 E-6.5
G0 F7200 X63.12 Y41.411
G0 X63.12 Y42.956
G0 X63.12 Y57.044
G0 X63.12 Y58.139
G0 X63.359 Y58.831
;TYPE:WALL-INNER
G1 F1500 E6.5
G1 F2987.6 X63.359 Y58.349 E0.00966
G1 X56.641 Y58.349 E0.13462
G1 X56.641 Y58.831 E0.00966
G1 X63.359 Y58.831 E0.13462
G0 F7200 X63.8 Y59.272
;TYPE:WALL-OUTER
G1 F1800 X63.8 Y57.908 E0.02268
G1 X56.2 Y57.908 E0.12639
G1 X56.2 Y59.272 E0.02268
G1 X63.8 Y59.272 E0.12639
G0 F7200 X63.8 Y59.072
G1 F1500 E-6.5
G0 F7200 X63.12 Y58.595
G0 X56.43 Y58.565
G0 X55.335 Y58.565
G0 X53.57 Y58.565
G0 X53.359 Y58.831
;TYPE:WALL-INNER
G1 F1500 E6.5
G1 F2987.6 X53.359 Y58.349 E0.00966
G1 X46.641 Y58.349 E0.13462
G1 X46.641 Y58.831 E0.00966
G1 X53.359 Y58.831 E0.13462
G0 F7200 X53.8 Y59.272
;TYPE:WALL-OUTER
G1 F1800 X53.8 Y57.908 E0.02268
G1 X46.2 Y57.908 E0.12639
G1 X46.2 Y59.272 E0.02268
G1 X53.8 Y59.272 E0.12639
G0 F7200 X53.8 Y59.072
G1 F1500 E-6.5
G0 F7200 X53.12 Y58.595
G0 X46.43 Y58.565
G0 X45.335 Y58.565
G0 X43.57 Y58.565
G0 X43.359 Y58.831
;TYPE:WALL-INNER
G1 F1500 E6.5
G1 F2987.6 X43.359 Y58.349 E0.00966
G1 X36.641 Y58.349 E0.13462
G1 X36.641 Y58.831 E0.00966
G1 X43.359 Y58.831 E0.13462
G0 F7200 X43.8 Y59.272
;TYPE:WALL-OUTER
G1 F1800 X43.8 Y57.908 E0.02268
G1 X36.2 Y57.908 E0.12639
G1 X36.2 Y59.272 E0.02268
G1 X43.8 Y59.272 E0.12639
G0 F7200 X43.8 Y59.072
G1 F1500 E-6.5
;MESH:NONMESH
G0 F600 X43.8 Y59.072 Z10.8
G0 F7200 X43.12 Y58.595
G0 X43.09 Y57.044
G0 X43.09 Y42.956
G0 X43.09 Y41.861
G0 X43.39 Y41.598
;TIME_ELAPSED:1644.864816
;LAYER:105
;TYPE:WALL-INNER
;MESH:pin.stl
G1 F1500 E6.5
G1 F3428.6 X43.39 Y41.178 E0.00733
G1 X36.61 Y41.178 E0.11839
G1 X36.61 Y41.598 E0.00733
G1 X43.39 Y41.598 E0.11839
G0 F7200 X43.8 Y42.008
;TYPE:WALL-OUTER
G1 F1800 X43.8 Y40.768 E0.02062
G1 X36.2 Y40.768 E0.12639
G1 X36.2 Y42.008 E0.02062
G1 X43.8 Y42.008 E0.12639
G0 F7200 X43.8 Y41.808
G1 F1500 E-6.5
G0 F7200 X43.119 Y41.429
G0 X44.665 Y41.429
G0 X53.39 Y41.598
;TYPE:WALL-INNER
G1 F1500 E6.5
G1 F3428.6 X53.39 Y41.178 E0.00733
G1 X46.61 Y41.178 E0.11839
G1 X46.61 Y41.598 E0.00733
G1 X53.39 Y41.598 E0.11839
G0 F7200 X53.8 Y42.008
;TYPE:WALL-OUTER
G1 F1800 X53.8 Y40.768 E0.02062
G1 X46.2 Y40.768 E0.12639
G1 X46.2 Y42.008 E0.02062
G1 X53.8 Y42.008 E0.12639
G0 F7200 X53.8 Y41.808
G1 F1500 E-6.5
G0 F7200 X53.119 Y41.429
G0 X54.665 Y41.429
G0 X63.39 Y41.598
;TYPE:WALL-INNER
G1 F1500 E6.5
G1 F3428.6 X63.39 Y41.178 E0.00733
G1 X56.61 Y41.178 E0.11839
G1 X56.61 Y41.598 E0.00733
G1 X63.39 Y41.598 E0.11839
G0 F7200 X63.8 Y42.008
;TYPE:WALL-OUTER
G1 F1800 X63.8 Y40.768 E0.02062
G1 X56.2 Y40.768 E0.12639
G1 X56.2 Y42.008 E0.02062
G1 X63.8 Y42.008 E0.12639
G0 F7200 X63.8 Y41.808
G1 F1500 E-6.5
G0 F7200 X63.119 Y41.429
G0 X63.12 Y42.873
G0 X63.12 Y57.127
G0 X63.391 Y58.819
;TYPE:WALL-INNER
G1 F1500 E6.5
G1 F3445 X63.391 Y58.401 E0.00726
G1 X56.609 Y58.401 E0.11786
G1 X56.609 Y58.819 E0.00726
G1 X63.391 Y58.819 E0.11786
G0 F7200 X63.8 Y59.228
;TYPE:WALL-OUTER
G1 F1800 X63.8 Y57.992 E0.02055
G1 X56.2 Y57.992 E0.12639
G1 X56.2 Y59.228 E0.02055
G1 X63.8 Y59.228 E0.12639
G0 F7200 X63.8 Y59.028
G1 F1500 E-6.5
G0 F7200 X63.12 Y58.652
G0 X56.43 Y58.652
G0 X55.335 Y58.652
G0 X53.391 Y58.819
;TYPE:WALL-INNER
G1 F1500 E6.5
G1 F3445 X53.391 Y58.401 E0.00726
G1 X46.609 Y58.401 E0.11786
G1 X46.609 Y58.819 E0.00726
G1 X53.391 Y58.819 E0.11786
G0 F7200 X53.8 Y59.228
;TYPE:WALL-OUTER
G1 F1800 X53.8 Y57.992 E0.02055
G1 X46.2 Y57.992 E0.12639
G1 X46.2 Y59.228 E0.02055
G1 X53.8 Y59.228 E0.12639
G0 F7200 X53.8 Y59.028
G1 F1500 E-6.5
G0 F7200 X53.12 Y58.652
G0 X46.43 Y58.652
G0 X45.335 Y58.652
G0 X43.391 Y58.819
;TYPE:WALL-INNER
G1 F1500 E6.5
G1 F3445 X43.391 Y58.401 E0.00726
G1 X36.609 Y58.401 E0.11786
G1 X36.609 Y58.819 E0.00726
G1 X43.391 Y58.819 E0.11786
G0 F7200 X43.8 Y59.228
;TYPE:WALL-OUTER
G1 F1800 X43.8 Y57.992 E0.02055
G1 X36.2 Y57.992 E0.12639
G1 X36.2 Y59.228 E0.02055
G1 X43.8 Y59.228 E0.12639
G0 F7200 X43.8 Y59.028
G1 F1500 E-6.5
;MESH:NONMESH
G0 F600 X43.8 Y59.028 Z10.9
G0 F7200 X43.12 Y58.652
G0 X43.118 Y57.127
G0 X43.118 Y42.873
G0 X43.429 Y41.553
;TIME_ELAPSED:1654.393964
;LAYER:106
;TYPE:WALL-INNER
;MESH:pin.stl
G1 F1500 E6.5
G1 F4210.5 X43.429 Y41.211 E0.00486
G1 X36.571 Y41.211 E0.09751
G1 X36.571 Y41.553 E0.00486
G1 X43.429 Y41.553 E0.09751
G0 F7200 X43.8 Y41.924
;TYPE:WALL-OUTER
G1 F1800 X43.8 Y40.84 E0.01803
G1 X36.2 Y40.84 E0.12639
G1 X36.2 Y41.924 E0.01803
G1 X43.8 Y41.924 E0.12639
G0 F7200 X43.8 Y41.724
G1 F1500 E-6.5
G0 F7200 X43.52 Y41.644
G0 X44.665 Y41.553
G0 X53.429 Y41.553
;TYPE:WALL-INNER
G1 F1500 E6.5
G1 F4210.5 X53.429 Y41.211 E0.00486
G1 X46.571 Y41.211 E0.09751
G1 X46.571 Y41.553 E0.00486
G1 X53.429 Y41.553 E0.09751
G0 F7200 X53.8 Y41.924
;TYPE:WALL-OUTER
G1 F1800 X53.8 Y40.84 E0.01803
G1 X46.2 Y40.84 E0.12639
G1 X46.2 Y41.924 E0.01803
G1 X53.8 Y41.924 E0.12639
G0 F7200 X53.8 Y41.724
G1 F1500 E-6.5
G0 F7200 X53.52 Y41.644
G0 X54.665 Y41.553
G0 X63.429 Y41.553
;TYPE:WALL-INNER
G1 F1500 E6.5
G1 F4210.5 X63.429 Y41.211 E0.00486
G1 X56.571 Y41.211 E0.09751
G1 X56.571 Y41.553 E0.00486
G1 X63.429 Y41.553 E0.09751
G0 F7200 X63.8 Y41.924
;TYPE:WALL-OUTER
G1 F1800 X63.8 Y40.84 E0.01803
G1 X56.2 Y40.84 E0.12639
G1 X56.2 Y41.924 E0.01803
G1 X63.8 Y41.924 E0.12639
G0 F7200 X63.8 Y41.724
G1 F1500 E-6.5
G0 F7200 X63.52 Y41.644
G0 X63.43 Y42.789
G0 X63.43 Y57.211
G0 X63.43 Y58.786
;TYPE:WALL-INNER
G1 F1500 E6.5
G1 F4235.3 X63.43 Y58.446 E0.00481
G1 X56.57 Y58.446 E0.09697
G1 X56.57 Y58.786 E0.00481
G1 X63.43 Y58.786 E0.09697
G0 F7200 X63.8 Y59.156
;TYPE:WALL-OUTER
G1 F1800 X63.8 Y58.076 E0.01796
G1 X56.2 Y58.076 E0.12639
G1 X56.2 Y59.156 E0.01796
G1 X63.8 Y59.156 E0.12639
G0 F7200 X63.8 Y58.956
G1 F1500 E-6.5
G0 F7200 X63.52 Y58.878
G0 X56.43 Y58.786
G0 X55.335 Y58.786
G0 X53.43 Y58.786
;TYPE:WALL-INNER
G1 F1500 E6.5
G1 F4235.3 X53.43 Y58.446 E0.00481
G1 X46.57 Y58.446 E0.09697
G1 X46.57 Y58.786 E0.00481
G1 X53.43 Y58.786 E0.09697
G0 F7200 X53.8 Y59.156
;TYPE:WALL-OUTER
G1 F1800 X53.8 Y58.076 E0.01796
G1 X46.2 Y58.076 E0.12639
G1 X46.2 Y59.156 E0.01796
G1 X53.8 Y59.156 E0.12639
G0 F7200 X53.8 Y58.956
G1 F1500 E-6.5
G0 F7200 X53.52 Y58.878
G0 X46.43 Y58.786
G0 X45.335 Y58.786
G0 X43.43 Y58.786
;TYPE:WALL-INNER
G1 F1500 E6.5
G1 F4235.3 X43.43 Y58.446 E0.00481
G1 X36.57 Y58.446 E0.09697
G1 X36.57 Y58.786 E0.00481
G1 X43.43 Y58.786 E0.09697
G0 F7200 X43.8 Y59.156
;TYPE:WALL-OUTER
G1 F1800 X43.8 Y58.076 E0.01796
G1 X36.2 Y58.076 E0.12639
G1 X36.2 Y59.156 E0.01796
G1 X43.8 Y59.156 E0.12639
G0 F7200 X43.8 Y58.956
G1 F1500 E-6.5
;MESH:NONMESH
G0 F600 X43.8 Y58.956 Z11
G0 F7200 X43.52 Y58.878
G0 X36.628 Y58.306
G0 X36.628 Y57.211
G0 X36.628 Y42.789
G0 X36.628 Y41.412
;TIME_ELAPSED:1663.615943
;LAYER:107
;TYPE:WALL-INNER
;MESH:pin.stl
G1 F1500 E6.5
G1 F3157.9 X43.372 Y41.412 E0.12785
G0 F7200 X43.8 Y41.84
;TYPE:WALL-OUTER
G1 F1800 X43.8 Y40.984 E0.01424
G1 X36.2 Y40.984 E0.12639
G1 X36.2 Y41.84 E0.01424
G1 X43.8 Y41.84 E0.12639
G0 F7200 X43.8 Y41.64
G1 F1500 E-6.5
G0 F7200 X43.52 Y41.561
G0 X44.665 Y41.412
G0 X46.628 Y41.412
;TYPE:WALL-INNER
G1 F1500 E6.5
G1 F3157.9 X53.372 Y41.412 E0.12785
G0 F7200 X53.8 Y41.84
;TYPE:WALL-OUTER
G1 F1800 X53.8 Y40.984 E0.01424
G1 X46.2 Y40.984 E0.12639
G1 X46.2 Y41.84 E0.01424
G1 X53.8 Y41.84 E0.12639
G0 F7200 X53.8 Y41.64
G1 F1500 E-6.5
G0 F7200 X53.52 Y41.561
G0 X54.665 Y41.412
G0 X56.628 Y41.412
;TYPE:WALL-INNER
G1 F1500 E6.5
G1 F3157.9 X63.372 Y41.412 E0.12785
G0 F7200 X63.8 Y41.84
;TYPE:WALL-OUTER
G1 F1800 X63.8 Y40.984 E0.01424
G1 X56.2 Y40.984 E0.12639
G1 X56.2 Y41.84 E0.01424
G1 X63.8 Y41.84 E0.12639
G0 F7200 X63.8 Y41.64
G1 F1500 E-6.5
G0 F7200 X63.52 Y41.561
G0 X63.372 Y42.706
G0 X63.372 Y57.294
G0 X63.372 Y58.584
;TYPE:WALL-INNER
G1 F1500 E6.5
G1 F3157.9 X56.628 Y58.584 E0.12785
G0 F7200 X63.52 Y58.734
G0 X63.8 Y59.012
;TYPE:WALL-OUTER
G1 F1800 X63.8 Y58.156 E0.01424
G1 X56.2 Y58.156 E0.12639
G1 X56.2 Y59.012 E0.01424
G1 X63.8 Y59.012 E0.12639
G0 F7200 X63.8 Y58.812
G1 F1500 E-6.5
G0 F7200 X63.52 Y58.734
G0 X56.43 Y58.584
G0 X55.335 Y58.584
G0 X53.372 Y58.584
;TYPE:WALL-INNER
G1 F1500 E6.5
G1 F3157.9 X46.628 Y58.584 E0.12785
G0 F7200 X53.52 Y58.734
G0 X53.8 Y59.012
;TYPE:WALL-OUTER
G1 F1800 X53.8 Y58.156 E0.01424
G1 X46.2 Y58.156 E0.12639
G1 X46.2 Y59.012 E0.01424
G1 X53.8 Y59.012 E0.12639
G0 F7200 X53.8 Y58.812
G1 F1500 E-6.5
G0 F7200 X53.52 Y58.734
G0 X46.43 Y58.584
G0 X45.335 Y58.584
G0 X43.372 Y58.584
;TYPE:WALL-INNER
G1 F1500 E6.5
G1 F3157.9 X36.628 Y58.584 E0.12785
G0 F7200 X43.52 Y58.734
G0 X43.8 Y59.012
;TYPE:WALL-OUTER
G1 F1800 X43.8 Y58.156 E0.01424
G1 X36.2 Y58.156 E0.12639
G1 X36.2 Y59.012 E0.01424
G1 X43.8 Y59.012 E0.12639
G0 F7200 X43.8 Y58.812
;TIME_ELAPSED:1671.677886
G1 F1500 E-6.5
M82 ;absolute extrusion mode
M107
M104 S0
M140 S0
;Retract the filament
G92 E1
G1 E-1 F300
G28 X0 Y0
M84
M83 ;relative extrusion mode
M104 S0
;End of Gcode
;SETTING_3 {"global_quality": "[general]\\nversion = 4\\nname = Fine #2\\ndefini
;SETTING_3 tion = custom\\n\\n[metadata]\\ntype = quality_changes\\nquality_type
;SETTING_3  = normal\\nsetting_version = 25\\n\\n[values]\\nadhesion_type = none
;SETTING_3 \\n\\n", "extruder_quality": ["[general]\\nversion = 4\\nname = Fine 
;SETTING_3 #2\\ndefinition = fdmprinter\\n\\n[metadata]\\ntype = quality_changes
;SETTING_3 \\nquality_type = normal\\nsetting_version = 25\\nposition = 0\\n\\n[
;SETTING_3 values]\\n\\n"]}
