;FLAVOR:RepRap
;TIME:2772
;Filament used: 1.4821m
;Layer height: 0.1
;MINX:1.847
;MINY:1.847
;MINZ:0.3
;MAXX:98.153
;MAXY:98.153
;MAXZ:2
;TARGET_MACHINE.NAME:Unknown
;Generated with Cura_SteamEngine 5.11.0
T0
M104 S200
M109 S200
G28 ;Home
G1 Z15.0 F6000 ;Move the platform down 15mm
;Prime the extruder
G92 E0
G1 F200 E3
G92 E0
M82 ;absolute extrusion mode
M83 ;relative extrusion mode
G1 F1500 E-6.5
;LAYER_COUNT:18
;LAYER:0
M107
;MESH:bodyNW.stl
G0 F3600 X11.912 Y13.048 Z0.3
;TYPE:WALL-INNER
G1 F1500 E6.5
G1 F1800 X11.526 Y13.164 E0.02011
G1 X11.043 Y13.205 E0.02418
G1 X10.639 Y13.151 E0.02033
G1 X10.247 Y13.02 E0.02062
G1 X9.935 Y12.848 E0.01777
G1 X9.623 Y12.593 E0.0201
G1 X9.393 Y12.319 E0.01785
G1 X9.145 Y11.857 E0.02616
G1 X9.038 Y11.461 E0.02047
G1 X9.01 Y11.165 E0.01483
G1 X9.038 Y10.755 E0.0205
G1 X9.145 Y10.359 E0.02047
G1 X9.364 Y9.935 E0.02381
G1 X9.623 Y9.623 E0.02023
G1 X9.897 Y9.393 E0.01785
G1 X10.247 Y9.191 E0.02016
G1 X10.755 Y9.038 E0.02647
G1 X11.165 Y9.01 E0.0205
G1 X11.577 Y9.061 E0.02071
G1 X11.857 Y9.145 E0.01458
G1 X12.222 Y9.327 E0.02035
G1 X12.593 Y9.623 E0.02368
G1 X12.848 Y9.935 E0.0201
G1 X13.067 Y10.359 E0.02381
G1 X13.173 Y10.747 E0.02007
G1 X13.205 Y11.173 E0.02131
G1 X13.172 Y11.479 E0.01535
G1 X13.048 Y11.911 E0.02242
G1 X12.856 Y12.269 E0.02027
G1 X12.593 Y12.593 E0.02082
G1 X12.269 Y12.856 E0.02082
G1 X11.912 Y13.048 E0.02022
G0 F3600 X12.001 Y13.349
G0 X16.517 Y19.845
G0 X17.28 Y20.354
G0 X19.068 Y20.421
G0 X18.978 Y20.12
G1 F1800 X18.599 Y20.236 E0.01977
G1 X18.237 Y20.274 E0.01816
G1 X17.827 Y20.246 E0.0205
G1 X17.431 Y20.139 E0.02047
G1 X17.003 Y19.92 E0.02399
G1 X16.691 Y19.661 E0.02023
G1 X16.403 Y19.297 E0.02316
G1 X16.263 Y19.037 E0.01473
G1 X16.134 Y18.651 E0.0203
G1 X16.082 Y18.237 E0.02082
G1 X16.112 Y17.809 E0.02141
G1 X16.236 Y17.376 E0.02247
G1 X16.431 Y17.012 E0.0206
G1 X16.695 Y16.695 E0.02058
G1 X17.012 Y16.431 E0.02058
G1 X17.376 Y16.236 E0.0206
G1 X17.762 Y16.12 E0.02011
G1 X18.123 Y16.082 E0.01811
G1 X18.533 Y16.11 E0.0205
G1 X19.037 Y16.263 E0.02628
G1 X19.357 Y16.44 E0.01824
G1 X19.661 Y16.691 E0.01967
G1 X19.891 Y16.965 E0.01785
G1 X20.094 Y17.322 E0.02049
G1 X20.246 Y17.827 E0.02631
G1 X20.274 Y18.237 E0.0205
G1 X20.236 Y18.599 E0.01816
G1 X20.121 Y18.978 E0.01976
G1 X19.929 Y19.339 E0.0204
G1 X19.665 Y19.665 E0.02093
G1 X19.339 Y19.929 E0.02093
G1 X18.978 Y20.12 E0.02038
G0 F3600 X19.068 Y20.421
G0 X23.588 Y26.916
G0 X24.351 Y27.425
G0 X25.164 Y27.596
G0 X26.198 Y27.469
G0 X26.051 Y27.192
G1 F1800 X25.666 Y27.308 E0.02006
G1 X25.305 Y27.346 E0.01811
G1 X24.895 Y27.318 E0.0205
G1 X24.394 Y27.166 E0.02612
G1 X24.075 Y26.992 E0.01813
G1 X23.763 Y26.733 E0.02023
G1 X23.468 Y26.363 E0.02361
G1 X23.289 Y25.997 E0.02033
G1 X23.182 Y25.601 E0.02047
G1 X23.154 Y25.191 E0.0205
G1 X23.192 Y24.829 E0.01816
G1 X23.308 Y24.45 E0.01977
G1 X23.498 Y24.086 E0.02049
G1 X23.763 Y23.763 E0.02084
G1 X24.038 Y23.533 E0.01789
G1 X24.45 Y23.307 E0.02344
G1 X24.829 Y23.192 E0.01976
G1 X25.191 Y23.154 E0.01816
G1 X25.717 Y23.205 E0.02637
G1 X26.103 Y23.332 E0.02027
G1 X26.429 Y23.508 E0.01848
G1 X26.733 Y23.763 E0.0198
G1 X26.963 Y24.037 E0.01785
G1 X27.166 Y24.394 E0.02049
G1 X27.318 Y24.895 E0.02612
G1 X27.346 Y25.305 E0.0205
G1 X27.316 Y25.619 E0.01574
G1 X27.192 Y26.05 E0.02237
G1 X27.001 Y26.411 E0.02038
G1 X26.737 Y26.737 E0.02093
G1 X26.458 Y26.967 E0.01804
G1 X26.051 Y27.192 E0.0232
G0 F3600 X26.198 Y27.469
G0 X30.365 Y33.63
G0 X31.015 Y34.28
G0 X31.865 Y34.632
G0 X33.318 Y34.514
G0 X33.174 Y34.239
G1 F1800 X32.739 Y34.38 E0.02281
G1 X32.377 Y34.418 E0.01816
G1 X31.967 Y34.39 E0.0205
G1 X31.571 Y34.283 E0.02047
G1 X31.143 Y34.06 E0.02408
G1 X30.835 Y33.805 E0.01995
G1 X30.545 Y33.438 E0.02334
G1 X30.362 Y33.067 E0.02064
G1 X30.255 Y32.681 E0.01998
G1 X30.223 Y32.255 E0.02131
G1 X30.264 Y31.902 E0.01773
G1 X30.38 Y31.518 E0.02001
G1 X30.57 Y31.157 E0.02035
G1 X30.835 Y30.835 E0.02081
G1 X31.158 Y30.57 E0.02084
G1 X31.518 Y30.379 E0.02033
G1 X31.903 Y30.264 E0.02005
G1 X32.255 Y30.223 E0.01768
G1 X32.681 Y30.255 E0.02131
G1 X33.174 Y30.405 E0.02571
G1 X33.501 Y30.584 E0.0186
G1 X33.805 Y30.835 E0.01967
G1 X34.031 Y31.106 E0.0176
G1 X34.283 Y31.571 E0.02639
G1 X34.39 Y31.967 E0.02047
G1 X34.418 Y32.377 E0.0205
G1 X34.38 Y32.739 E0.01816
G1 X34.263 Y33.123 E0.02003
G1 X34.068 Y33.488 E0.02065
G1 X33.805 Y33.805 E0.02055
G1 X33.538 Y34.032 E0.01748
G1 X33.174 Y34.239 E0.02089
G0 F3600 X33.318 Y34.514
G0 X37.436 Y40.701
G0 X38.086 Y41.351
G0 X38.936 Y41.703
G0 X40.284 Y41.633
G0 X40.193 Y41.335
G1 F1800 X39.81 Y41.452 E0.01998
G1 X39.449 Y41.49 E0.01811
G1 X38.916 Y41.437 E0.02672
G1 X38.534 Y41.306 E0.02015
G1 X38.215 Y41.132 E0.01813
G1 X37.907 Y40.877 E0.01995
G1 X37.684 Y40.609 E0.01739
G1 X37.477 Y40.252 E0.02059
G1 X37.322 Y39.745 E0.02645
G1 X37.294 Y39.335 E0.0205
G1 X37.332 Y38.973 E0.01816
G1 X37.453 Y38.586 E0.02023
G1 X37.644 Y38.227 E0.02029
G1 X37.907 Y37.907 E0.02066
G1 X38.227 Y37.644 E0.02066
G1 X38.586 Y37.453 E0.02029
G1 X39.039 Y37.322 E0.02353
G1 X39.449 Y37.294 E0.0205
G1 X39.745 Y37.322 E0.01483
G1 X40.139 Y37.43 E0.02038
G1 X40.573 Y37.656 E0.02441
G1 X40.877 Y37.907 E0.01967
G1 X41.17 Y38.278 E0.02359
G1 X41.349 Y38.636 E0.01997
G1 X41.462 Y39.039 E0.02088
G1 X41.49 Y39.449 E0.0205
G1 X41.46 Y39.763 E0.01574
G1 X41.335 Y40.193 E0.02234
G1 X41.134 Y40.563 E0.02101
G1 X40.877 Y40.877 E0.02024
G1 X40.563 Y41.135 E0.02028
G1 X40.193 Y41.335 E0.02098
G0 F3600 X40.284 Y41.633
G0 X44.801 Y48.128
G0 X45.564 Y48.638
G0 X47.351 Y48.706
G0 X47.259 Y48.404
G1 F1800 X46.817 Y48.53 E0.02293
G1 X46.407 Y48.558 E0.0205
G1 X45.995 Y48.507 E0.02071
G1 X45.609 Y48.38 E0.02027
G1 X45.283 Y48.204 E0.01848
G1 X44.979 Y47.949 E0.0198
G1 X44.684 Y47.578 E0.02365
G1 X44.502 Y47.209 E0.02053
G1 X44.394 Y46.817 E0.02029
G1 X44.366 Y46.521 E0.01483
G1 X44.396 Y46.093 E0.02141
G1 X44.521 Y45.659 E0.02253
G1 X44.718 Y45.292 E0.02078
G1 X44.979 Y44.979 E0.02033
G1 X45.246 Y44.752 E0.01748
G1 X45.603 Y44.547 E0.02054
G1 X46.046 Y44.404 E0.02322
G1 X46.407 Y44.366 E0.01811
G1 X46.938 Y44.418 E0.02662
G1 X47.31 Y44.544 E0.01959
G1 X47.645 Y44.724 E0.01897
G1 X47.949 Y44.979 E0.0198
G1 X48.244 Y45.349 E0.02361
G1 X48.423 Y45.715 E0.02033
G1 X48.53 Y46.111 E0.02047
G1 X48.558 Y46.521 E0.0205
G1 X48.528 Y46.835 E0.01574
G1 X48.404 Y47.259 E0.02204
G1 X48.21 Y47.63 E0.02089
G1 X47.949 Y47.949 E0.02056
G1 X47.631 Y48.21 E0.02052
G1 X47.259 Y48.404 E0.02093
G0 F3600 X47.351 Y48.706
G0 X51.872 Y55.199
G0 X52.636 Y55.709
G0 X54.425 Y55.776
G0 X54.334 Y55.476
G1 F1800 X53.95 Y55.592 E0.02001
G1 X53.594 Y55.63 E0.01786
G1 X53.183 Y55.602 E0.02055
G1 X52.686 Y55.452 E0.0259
G1 X52.351 Y55.272 E0.01897
G1 X52.047 Y55.021 E0.01967
G1 X51.752 Y54.647 E0.02376
G1 X51.573 Y54.281 E0.02033
G1 X51.466 Y53.886 E0.02042
G1 X51.438 Y53.479 E0.02035
G1 X51.476 Y53.117 E0.01816
G1 X51.592 Y52.737 E0.01982
G1 X51.786 Y52.365 E0.02093
G1 X52.047 Y52.047 E0.02052
G1 X52.366 Y51.786 E0.02056
G1 X52.737 Y51.592 E0.02089
G1 X53.117 Y51.476 E0.01982
G1 X53.479 Y51.438 E0.01816
G1 X53.886 Y51.466 E0.02035
G1 X54.281 Y51.573 E0.02042
G1 X54.713 Y51.792 E0.02416
G1 X55.021 Y52.047 E0.01995
G1 X55.312 Y52.418 E0.02352
G1 X55.494 Y52.789 E0.02062
G1 X55.602 Y53.183 E0.02038
G1 X55.63 Y53.594 E0.02055
G1 X55.592 Y53.95 E0.01786
G1 X55.452 Y54.387 E0.02289
G1 X55.285 Y54.699 E0.01766
G1 X55.021 Y55.021 E0.02077
G1 X54.647 Y55.316 E0.02376
G1 X54.334 Y55.476 E0.01754
G0 F3600 X54.425 Y55.776
G0 X58.943 Y62.27
G0 X59.707 Y62.78
G0 X60.561 Y62.956
G0 X61.61 Y62.794
G0 X61.465 Y62.521
G1 F1800 X61.022 Y62.664 E0.02322
G1 X60.661 Y62.702 E0.01811
G1 X60.13 Y62.65 E0.02662
G1 X59.758 Y62.524 E0.01959
G1 X59.423 Y62.344 E0.01897
G1 X59.119 Y62.089 E0.0198
G1 X58.824 Y61.719 E0.02361
G1 X58.645 Y61.353 E0.02033
G1 X58.538 Y60.957 E0.02047
G1 X58.51 Y60.661 E0.01483
G1 X58.54 Y60.233 E0.02141
G1 X58.664 Y59.809 E0.02204
G1 X58.858 Y59.438 E0.02089
G1 X59.119 Y59.119 E0.02056
G1 X59.438 Y58.858 E0.02056
G1 X59.809 Y58.664 E0.02089
G1 X60.187 Y58.548 E0.01973
G1 X60.547 Y58.51 E0.01806
G1 X61.073 Y58.561 E0.02637
G1 X61.459 Y58.688 E0.02027
G1 X61.785 Y58.864 E0.01848
G1 X62.089 Y59.119 E0.0198
G1 X62.384 Y59.49 E0.02365
G1 X62.566 Y59.859 E0.02053
G1 X62.674 Y60.251 E0.02029
G1 X62.702 Y60.661 E0.0205
G1 X62.672 Y60.975 E0.01574
G1 X62.547 Y61.409 E0.02253
G1 X62.35 Y61.776 E0.02078
G1 X62.089 Y62.089 E0.02033
G1 X61.822 Y62.316 E0.01748
G1 X61.465 Y62.521 E0.02054
G0 F3600 X61.61 Y62.794
G0 X65.72 Y68.985
G0 X66.37 Y69.635
G0 X67.218 Y69.986
G0 X68.629 Y69.893
G0 X68.482 Y69.615
G1 F1800 X68.094 Y69.736 E0.02028
G1 X67.733 Y69.774 E0.01811
G1 X67.323 Y69.746 E0.0205
G1 X66.929 Y69.638 E0.02038
G1 X66.495 Y69.412 E0.02441
G1 X66.191 Y69.161 E0.01967
G1 X65.898 Y68.79 E0.02359
G1 X65.719 Y68.432 E0.01997
G1 X65.606 Y68.029 E0.02088
G1 X65.578 Y67.733 E0.01483
G1 X65.608 Y67.305 E0.02141
G1 X65.733 Y66.875 E0.02234
G1 X65.934 Y66.505 E0.02101
G1 X66.191 Y66.191 E0.02024
G1 X66.505 Y65.933 E0.02028
G1 X66.875 Y65.733 E0.02098
G1 X67.258 Y65.616 E0.01998
G1 X67.619 Y65.578 E0.01811
G1 X68.152 Y65.631 E0.02672
G1 X68.534 Y65.762 E0.02015
G1 X68.853 Y65.936 E0.01813
G1 X69.161 Y66.191 E0.01995
G1 X69.384 Y66.459 E0.01739
G1 X69.591 Y66.816 E0.02059
G1 X69.746 Y67.323 E0.02645
G1 X69.774 Y67.733 E0.0205
G1 X69.744 Y68.047 E0.01574
G1 X69.615 Y68.482 E0.02264
G1 X69.424 Y68.841 E0.02029
G1 X69.161 Y69.161 E0.02066
G1 X68.788 Y69.456 E0.02373
G1 X68.482 Y69.615 E0.0172
G0 F3600 X68.629 Y69.893
G0 X72.793 Y76.056
G0 X73.44 Y76.705
G0 X74.29 Y77.057
G0 X75.639 Y76.989
G0 X75.55 Y76.688
G1 F1800 X75.166 Y76.804 E0.02001
G1 X74.683 Y76.845 E0.02418
G1 X74.279 Y76.791 E0.02033
G1 X73.893 Y76.664 E0.02027
G1 X73.567 Y76.488 E0.01848
G1 X73.263 Y76.237 E0.01967
G1 X73.03 Y75.955 E0.01825
G1 X72.785 Y75.497 E0.02591
G1 X72.678 Y75.101 E0.02047
G1 X72.65 Y74.691 E0.0205
G1 X72.688 Y74.33 E0.01811
G1 X72.787 Y73.991 E0.01762
G1 X72.996 Y73.583 E0.02287
G1 X73.263 Y73.263 E0.02079
G1 X73.583 Y72.996 E0.02079
G1 X73.942 Y72.805 E0.02029
G1 X74.33 Y72.688 E0.02022
G1 X74.691 Y72.65 E0.01811
G1 X75.101 Y72.678 E0.0205
G1 X75.497 Y72.785 E0.02047
G1 X75.921 Y73.004 E0.02381
G1 X76.237 Y73.263 E0.02038
G1 X76.528 Y73.633 E0.02348
G1 X76.707 Y73.999 E0.02033
G1 X76.813 Y74.387 E0.02007
G1 X76.845 Y74.813 E0.02131
G1 X76.812 Y75.119 E0.01535
G1 X76.688 Y75.55 E0.02237
G1 X76.46 Y75.962 E0.02349
G1 X76.233 Y76.233 E0.01764
G1 X75.911 Y76.498 E0.02081
G1 X75.55 Y76.688 E0.02035
G0 F3600 X75.639 Y76.989
G0 X80.155 Y83.483
G0 X80.92 Y83.994
G0 X82.707 Y84.061
G0 X82.618 Y83.76
G1 F1800 X82.239 Y83.876 E0.01977
G1 X81.877 Y83.914 E0.01816
G1 X81.351 Y83.863 E0.02637
G1 X80.965 Y83.736 E0.02027
G1 X80.639 Y83.56 E0.01848
G1 X80.335 Y83.305 E0.0198
G1 X80.105 Y83.031 E0.01785
G1 X79.902 Y82.674 E0.02049
G1 X79.774 Y82.291 E0.02015
G1 X79.722 Y81.877 E0.02082
G1 X79.752 Y81.449 E0.02141
G1 X79.876 Y81.017 E0.02242
G1 X80.067 Y80.657 E0.02033
G1 X80.331 Y80.331 E0.02093
G1 X80.61 Y80.101 E0.01804
G1 X81.018 Y79.876 E0.02325
G1 X81.402 Y79.76 E0.02001
G1 X81.763 Y79.722 E0.01811
G1 X82.173 Y79.75 E0.0205
G1 X82.674 Y79.902 E0.02612
G1 X82.993 Y80.076 E0.01813
G1 X83.305 Y80.335 E0.02023
G1 X83.6 Y80.705 E0.02361
G1 X83.779 Y81.071 E0.02033
G1 X83.886 Y81.467 E0.02047
G1 X83.914 Y81.877 E0.0205
G1 X83.876 Y82.239 E0.01816
G1 X83.761 Y82.618 E0.01976
G1 X83.599 Y82.934 E0.01772
G1 X83.305 Y83.305 E0.02362
G1 X83.03 Y83.535 E0.01789
G1 X82.618 Y83.76 E0.02342
G0 F3600 X82.707 Y84.061
G0 X87.226 Y90.556
G0 X87.99 Y91.065
G0 X88.845 Y91.24
G0 X89.892 Y91.081
G0 X89.746 Y90.806
G1 F1800 X89.241 Y90.958 E0.02631
G1 X88.831 Y90.986 E0.0205
G1 X88.535 Y90.958 E0.01483
G1 X88.141 Y90.851 E0.02037
G1 X87.715 Y90.632 E0.0239
G1 X87.403 Y90.377 E0.0201
G1 X87.173 Y90.098 E0.01804
G1 X86.974 Y89.746 E0.02017
G1 X86.822 Y89.241 E0.02631
G1 X86.794 Y88.831 E0.0205
G1 X86.832 Y88.469 E0.01816
G1 X86.948 Y88.09 E0.01977
G1 X87.139 Y87.729 E0.02038
G1 X87.403 Y87.403 E0.02093
G1 X87.729 Y87.138 E0.02096
G1 X88.09 Y86.947 E0.02038
G1 X88.469 Y86.832 E0.01976
G1 X88.831 Y86.794 E0.01816
G1 X89.241 Y86.822 E0.0205
G1 X89.637 Y86.929 E0.02047
G1 X90.065 Y87.148 E0.02399
G1 X90.377 Y87.403 E0.0201
G1 X90.607 Y87.682 E0.01804
G1 X90.851 Y88.141 E0.02593
G1 X90.958 Y88.535 E0.02037
G1 X90.986 Y88.945 E0.0205
G1 X90.935 Y89.357 E0.02071
G1 X90.806 Y89.746 E0.02045
G1 X90.632 Y90.065 E0.01813
G1 X90.377 Y90.377 E0.0201
G1 X90.098 Y90.607 E0.01804
G1 X89.746 Y90.806 E0.02017
G0 F3600 X89.892 Y91.081
G0 X86.416 Y97.191
G0 X86.416 Y97.587
G1 F1800 X97.587 Y86.416 E0.78817
G1 X13.584 Y2.413 E5.92687
G1 X2.413 Y13.584 E0.78817
G1 X86.416 Y97.587 E5.92687
G0 F3600 X86.416 Y98.153
;TYPE:WALL-OUTER
G1 F1800 X98.153 Y86.416 E0.82811
G1 X13.584 Y1.847 E5.9668
G1 X1.847 Y13.584 E0.82811
G1 X86.416 Y98.153 E5.9668
G0 F3600 X86.557 Y98.012
G0 X86.416 Y97.191
G0 X89.726 Y91.148
G0 X89.522 Y90.468
G1 F1800 X89.203 Y90.56 E0.01656
G1 X88.869 Y90.588 E0.01672
G1 X88.533 Y90.552 E0.01686
G1 X88.257 Y90.468 E0.01439
G1 X87.934 Y90.296 E0.01826
G1 X87.686 Y90.094 E0.01596
G1 X87.463 Y89.814 E0.01786
G1 X87.312 Y89.522 E0.0164
G1 X87.22 Y89.203 E0.01656
G1 X87.192 Y88.907 E0.01483
G1 X87.221 Y88.567 E0.01702
G1 X87.318 Y88.24 E0.01702
G1 X87.473 Y87.949 E0.01645
G1 X87.674 Y87.699 E0.016
G1 X87.949 Y87.472 E0.01779
G1 X88.24 Y87.318 E0.01643
G1 X88.573 Y87.22 E0.01732
G1 X88.907 Y87.192 E0.01672
G1 X89.242 Y87.228 E0.01681
G1 X89.558 Y87.327 E0.01652
G1 X89.846 Y87.484 E0.01636
G1 X90.094 Y87.686 E0.01596
G1 X90.317 Y87.966 E0.01786
G1 X90.468 Y88.257 E0.01636
G1 X90.56 Y88.573 E0.01642
G1 X90.588 Y88.907 E0.01672
G1 X90.552 Y89.242 E0.01681
G1 X90.453 Y89.558 E0.01652
G1 X90.296 Y89.846 E0.01636
G1 X90.094 Y90.094 E0.01596
G1 X89.814 Y90.317 E0.01786
G1 X89.522 Y90.468 E0.0164
G0 F3600 X89.33 Y90.523
G0 X89.535 Y91.206
G0 X88.432 Y91.199
G0 X87.584 Y90.848
G0 X82.804 Y84.018
G0 X82.468 Y83.39
G1 F1800 X82.135 Y83.488 E0.01732
G1 X81.801 Y83.516 E0.01672
G1 X81.466 Y83.48 E0.01681
G1 X81.151 Y83.382 E0.01646
G1 X80.855 Y83.222 E0.01679
G1 X80.618 Y83.022 E0.01547
G1 X80.413 Y82.776 E0.01598
G1 X80.24 Y82.451 E0.01837
G1 X80.148 Y82.135 E0.01642
G1 X80.12 Y81.839 E0.01483
G1 X80.149 Y81.499 E0.01702
G1 X80.246 Y81.168 E0.01721
G1 X80.401 Y80.877 E0.01645
G1 X80.602 Y80.627 E0.016
G1 X80.877 Y80.401 E0.01776
G1 X81.168 Y80.246 E0.01645
G1 X81.505 Y80.148 E0.01751
G1 X81.839 Y80.12 E0.01672
G1 X82.175 Y80.156 E0.01686
G1 X82.451 Y80.24 E0.01439
G1 X82.776 Y80.413 E0.01837
G1 X83.008 Y80.605 E0.01502
G1 X83.246 Y80.891 E0.01856
G1 X83.382 Y81.151 E0.01464
G1 X83.488 Y81.505 E0.01844
G1 X83.516 Y81.839 E0.01672
G1 X83.487 Y82.141 E0.01514
G1 X83.39 Y82.468 E0.01702
G1 X83.236 Y82.762 E0.01656
G1 X83.022 Y83.022 E0.0168
G1 X82.762 Y83.236 E0.0168
G1 X82.468 Y83.39 E0.01656
G0 F3600 X82.277 Y83.446
G0 X82.481 Y84.129
G0 X81.361 Y84.128
G0 X80.511 Y83.776
G0 X75.736 Y76.946
G0 X75.4 Y76.318
G1 F1800 X75.102 Y76.408 E0.01553
G1 X74.726 Y76.447 E0.01886
G1 X74.394 Y76.408 E0.01668
G1 X74.079 Y76.31 E0.01646
G1 X73.819 Y76.174 E0.01464
G1 X73.546 Y75.954 E0.01749
G1 X73.34 Y75.703 E0.0162
G1 X73.168 Y75.382 E0.01817
G1 X73.076 Y75.063 E0.01656
G1 X73.048 Y74.767 E0.01483
G1 X73.077 Y74.427 E0.01702
G1 X73.183 Y74.077 E0.01824
G1 X73.329 Y73.805 E0.0154
G1 X73.546 Y73.546 E0.01686
G1 X73.788 Y73.341 E0.01582
G1 X74.095 Y73.175 E0.01741
G1 X74.411 Y73.08 E0.01646
G1 X74.767 Y73.048 E0.01783
G1 X75.102 Y73.084 E0.01681
G1 X75.382 Y73.168 E0.01458
G1 X75.703 Y73.34 E0.01817
G1 X75.954 Y73.546 E0.0162
G1 X76.174 Y73.819 E0.01749
G1 X76.31 Y74.079 E0.01464
G1 X76.408 Y74.394 E0.01646
G1 X76.447 Y74.77 E0.01886
G1 X76.415 Y75.069 E0.015
G1 X76.318 Y75.4 E0.01721
G1 X76.151 Y75.708 E0.01748
G1 X75.95 Y75.95 E0.01569
G1 X75.691 Y76.164 E0.01676
G1 X75.4 Y76.318 E0.01643
G0 F3600 X75.209 Y76.375
G0 X75.413 Y77.057
G0 X74.29 Y77.057
G0 X73.44 Y76.705
G0 X68.536 Y69.927
G0 X68.329 Y69.245
G1 F1800 X67.991 Y69.348 E0.01763
G1 X67.657 Y69.376 E0.01672
G1 X67.321 Y69.34 E0.01686
G1 X67.008 Y69.24 E0.01639
G1 X66.713 Y69.075 E0.01686
G1 X66.474 Y68.878 E0.01545
G1 X66.273 Y68.636 E0.01569
G1 X66.115 Y68.346 E0.01648
G1 X66.004 Y67.991 E0.01856
G1 X65.976 Y67.695 E0.01483
G1 X66.005 Y67.355 E0.01702
G1 X66.096 Y67.045 E0.01612
G1 X66.277 Y66.713 E0.01887
G1 X66.474 Y66.474 E0.01545
G1 X66.728 Y66.265 E0.01641
G1 X67.045 Y66.096 E0.01792
G1 X67.361 Y66.004 E0.01642
G1 X67.695 Y65.976 E0.01672
G1 X67.991 Y66.004 E0.01483
G1 X68.346 Y66.115 E0.01856
G1 X68.636 Y66.273 E0.01648
G1 X68.878 Y66.474 E0.01569
G1 X69.096 Y66.744 E0.01731
G1 X69.256 Y67.045 E0.01701
G1 X69.348 Y67.361 E0.01642
G1 X69.376 Y67.695 E0.01672
G1 X69.347 Y67.997 E0.01514
G1 X69.245 Y68.329 E0.01733
G1 X69.091 Y68.619 E0.01638
G1 X68.878 Y68.878 E0.01673
G1 X68.636 Y69.079 E0.01569
G1 X68.329 Y69.245 E0.01741
G0 F3600 X68.138 Y69.303
G0 X68.345 Y69.986
G0 X67.218 Y69.986
G0 X66.37 Y69.635
G0 X61.444 Y62.863
G0 X61.238 Y62.184
G1 F1800 X60.941 Y62.272 E0.01545
G1 X60.585 Y62.304 E0.01783
G1 X60.248 Y62.268 E0.01691
G1 X59.943 Y62.17 E0.01598
G1 X59.639 Y62.006 E0.01723
G1 X59.402 Y61.806 E0.01547
G1 X59.178 Y61.533 E0.01762
G1 X59.042 Y61.273 E0.01464
G1 X58.936 Y60.919 E0.01844
G1 X58.908 Y60.623 E0.01483
G1 X58.944 Y60.248 E0.01879
G1 X59.034 Y59.96 E0.01505
G1 X59.192 Y59.658 E0.017
G1 X59.39 Y59.415 E0.01564
G1 X59.658 Y59.192 E0.01739
G1 X59.96 Y59.034 E0.017
G1 X60.289 Y58.936 E0.01713
G1 X60.623 Y58.908 E0.01672
G1 X60.958 Y58.944 E0.01681
G1 X61.273 Y59.042 E0.01646
G1 X61.569 Y59.202 E0.01679
G1 X61.806 Y59.402 E0.01547
G1 X62.03 Y59.675 E0.01762
G1 X62.184 Y59.977 E0.01691
G1 X62.276 Y60.289 E0.01623
G1 X62.304 Y60.623 E0.01672
G1 X62.275 Y60.925 E0.01514
G1 X62.169 Y61.275 E0.01824
G1 X62.006 Y61.569 E0.01677
G1 X61.806 Y61.806 E0.01547
G1 X61.535 Y62.029 E0.01751
G1 X61.238 Y62.184 E0.01671
G0 F3600 X61.047 Y62.24
G0 X61.254 Y62.921
G0 X60.147 Y62.915
G0 X59.299 Y62.564
G0 X54.391 Y55.786
G0 X54.184 Y55.106
G1 F1800 X53.848 Y55.204 E0.01746
G1 X53.517 Y55.232 E0.01657
G1 X53.181 Y55.196 E0.01686
G1 X52.905 Y55.112 E0.01439
G1 X52.603 Y54.958 E0.01691
G1 X52.33 Y54.738 E0.01749
G1 X52.129 Y54.496 E0.01569
G1 X51.97 Y54.201 E0.01672
G1 X51.864 Y53.848 E0.01839
G1 X51.836 Y53.556 E0.01463
G1 X51.865 Y53.215 E0.01707
G1 X51.962 Y52.888 E0.01702
G1 X52.12 Y52.585 E0.01705
G1 X52.318 Y52.343 E0.0156
G1 X52.586 Y52.12 E0.01739
G1 X52.888 Y51.962 E0.017
G1 X53.221 Y51.864 E0.01732
G1 X53.556 Y51.836 E0.01677
G1 X53.848 Y51.864 E0.01463
G1 X54.201 Y51.97 E0.01839
G1 X54.496 Y52.129 E0.01672
G1 X54.738 Y52.33 E0.01569
G1 X54.958 Y52.603 E0.01749
G1 X55.112 Y52.905 E0.01691
G1 X55.204 Y53.221 E0.01642
G1 X55.232 Y53.556 E0.01677
G1 X55.203 Y53.853 E0.01489
G1 X55.106 Y54.184 E0.01721
G1 X54.939 Y54.496 E0.01766
G1 X54.738 Y54.738 E0.01569
G1 X54.496 Y54.939 E0.01569
G1 X54.184 Y55.106 E0.01766
G0 F3600 X53.992 Y55.162
G0 X54.2 Y55.845
G0 X53.076 Y55.844
G0 X52.228 Y55.493
G0 X47.317 Y48.716
G0 X47.108 Y48.034
G1 F1800 X46.779 Y48.132 E0.01713
G1 X46.445 Y48.16 E0.01672
G1 X46.11 Y48.124 E0.01681
G1 X45.795 Y48.026 E0.01646
G1 X45.499 Y47.866 E0.01679
G1 X45.262 Y47.666 E0.01547
G1 X45.038 Y47.393 E0.01762
G1 X44.884 Y47.091 E0.01691
G1 X44.792 Y46.779 E0.01623
G1 X44.764 Y46.483 E0.01483
G1 X44.793 Y46.143 E0.01702
G1 X44.899 Y45.793 E0.01824
G1 X45.062 Y45.499 E0.01677
G1 X45.262 Y45.262 E0.01547
G1 X45.533 Y45.039 E0.01751
G1 X45.83 Y44.884 E0.01671
G1 X46.127 Y44.796 E0.01545
G1 X46.483 Y44.764 E0.01783
G1 X46.82 Y44.8 E0.01691
G1 X47.125 Y44.898 E0.01598
G1 X47.429 Y45.062 E0.01723
G1 X47.666 Y45.262 E0.01547
G1 X47.89 Y45.535 E0.01762
G1 X48.026 Y45.795 E0.01464
G1 X48.132 Y46.149 E0.01844
G1 X48.16 Y46.483 E0.01672
G1 X48.124 Y46.82 E0.01691
G1 X48.034 Y47.108 E0.01505
G1 X47.876 Y47.41 E0.017
G1 X47.678 Y47.653 E0.01564
G1 X47.411 Y47.876 E0.01736
G1 X47.108 Y48.034 E0.01705
G0 F3600 X46.917 Y48.091
G0 X47.126 Y48.775
G0 X46.007 Y48.774
G0 X45.157 Y48.422
G0 X40.23 Y41.65
G0 X40.023 Y40.972
G1 F1800 X39.707 Y41.064 E0.01642
G1 X39.373 Y41.092 E0.01672
G1 X39.077 Y41.064 E0.01483
G1 X38.722 Y40.953 E0.01856
G1 X38.432 Y40.795 E0.01648
G1 X38.19 Y40.594 E0.01569
G1 X37.972 Y40.324 E0.01731
G1 X37.812 Y40.023 E0.01701
G1 X37.72 Y39.707 E0.01642
G1 X37.692 Y39.411 E0.01483
G1 X37.721 Y39.071 E0.01702
G1 X37.823 Y38.739 E0.01733
G1 X37.977 Y38.449 E0.01638
G1 X38.19 Y38.19 E0.01673
G1 X38.432 Y37.989 E0.01569
G1 X38.739 Y37.823 E0.01741
G1 X39.037 Y37.728 E0.0156
G1 X39.411 Y37.692 E0.01875
G1 X39.747 Y37.728 E0.01686
G1 X40.06 Y37.828 E0.01639
G1 X40.355 Y37.993 E0.01686
G1 X40.594 Y38.19 E0.01545
G1 X40.795 Y38.432 E0.01569
G1 X40.953 Y38.722 E0.01648
G1 X41.064 Y39.077 E0.01856
G1 X41.092 Y39.411 E0.01672
G1 X41.063 Y39.713 E0.01514
G1 X40.972 Y40.023 E0.01612
G1 X40.791 Y40.355 E0.01887
G1 X40.594 Y40.594 E0.01545
G1 X40.34 Y40.803 E0.01641
G1 X40.023 Y40.972 E0.01792
G0 F3600 X39.831 Y41.027
G0 X40.039 Y41.709
G0 X38.936 Y41.703
G0 X38.086 Y41.351
G0 X33.177 Y34.573
G0 X32.969 Y33.893
G1 F1800 X32.635 Y33.992 E0.01738
G1 X32.301 Y34.02 E0.01672
G1 X31.966 Y33.984 E0.01681
G1 X31.648 Y33.884 E0.01663
G1 X31.36 Y33.723 E0.01646
G1 X31.118 Y33.522 E0.01569
G1 X30.899 Y33.25 E0.01742
G1 X30.744 Y32.951 E0.0168
G1 X30.66 Y32.675 E0.01439
G1 X30.621 Y32.342 E0.01673
G1 X30.653 Y31.999 E0.01719
G1 X30.75 Y31.668 E0.01721
G1 X30.904 Y31.377 E0.01643
G1 X31.118 Y31.118 E0.01676
G1 X31.378 Y30.904 E0.0168
G1 X31.668 Y30.75 E0.01638
G1 X31.966 Y30.66 E0.01553
G1 X32.342 Y30.621 E0.01886
G1 X32.675 Y30.66 E0.01673
G1 X32.951 Y30.744 E0.01439
G1 X33.283 Y30.921 E0.01877
G1 X33.522 Y31.118 E0.01545
G1 X33.723 Y31.36 E0.01569
G1 X33.884 Y31.648 E0.01646
G1 X33.992 Y32.005 E0.01861
G1 X34.02 Y32.339 E0.01672
G1 X33.991 Y32.641 E0.01514
G1 X33.899 Y32.953 E0.01623
G1 X33.735 Y33.267 E0.01767
G1 X33.522 Y33.522 E0.01658
G1 X33.284 Y33.723 E0.01554
G1 X32.969 Y33.893 E0.01786
G0 F3600 X32.778 Y33.949
G0 X32.987 Y34.632
G0 X31.865 Y34.632
G0 X31.015 Y34.28
G0 X26.104 Y27.502
G0 X25.9 Y26.822
G1 F1800 X25.563 Y26.92 E0.01751
G1 X25.229 Y26.948 E0.01672
G1 X24.893 Y26.912 E0.01686
G1 X24.617 Y26.828 E0.01439
G1 X24.292 Y26.655 E0.01837
G1 X24.06 Y26.463 E0.01502
G1 X23.822 Y26.177 E0.01856
G1 X23.686 Y25.917 E0.01464
G1 X23.58 Y25.563 E0.01844
G1 X23.552 Y25.267 E0.01483
G1 X23.581 Y24.927 E0.01702
G1 X23.678 Y24.6 E0.01702
G1 X23.832 Y24.306 E0.01656
G1 X24.046 Y24.046 E0.0168
G1 X24.306 Y23.832 E0.0168
G1 X24.6 Y23.678 E0.01656
G1 X24.933 Y23.58 E0.01732
G1 X25.267 Y23.552 E0.01672
G1 X25.602 Y23.588 E0.01681
G1 X25.917 Y23.686 E0.01646
G1 X26.213 Y23.846 E0.01679
G1 X26.45 Y24.046 E0.01547
G1 X26.655 Y24.292 E0.01598
G1 X26.828 Y24.617 E0.01837
G1 X26.92 Y24.933 E0.01642
G1 X26.948 Y25.267 E0.01672
G1 X26.919 Y25.569 E0.01514
G1 X26.822 Y25.9 E0.01721
G1 X26.677 Y26.175 E0.01551
G1 X26.466 Y26.441 E0.01694
G1 X26.191 Y26.667 E0.01776
G1 X25.9 Y26.822 E0.01645
G0 F3600 X25.708 Y26.877
G0 X25.913 Y27.56
G0 X24.794 Y27.559
G0 X23.944 Y27.207
G0 X19.163 Y20.379
G0 X18.828 Y19.75
G1 F1800 X18.495 Y19.848 E0.01732
G1 X18.161 Y19.876 E0.01672
G1 X17.826 Y19.84 E0.01681
G1 X17.51 Y19.741 E0.01652
G1 X17.22 Y19.583 E0.01648
G1 X16.974 Y19.378 E0.01598
G1 X16.755 Y19.107 E0.01738
G1 X16.6 Y18.811 E0.01667
G1 X16.508 Y18.495 E0.01642
G1 X16.48 Y18.199 E0.01483
G1 X16.509 Y17.859 E0.01702
G1 X16.606 Y17.528 E0.01721
G1 X16.778 Y17.215 E0.01782
G1 X16.978 Y16.978 E0.01547
G1 X17.218 Y16.776 E0.01565
G1 X17.528 Y16.606 E0.01764
G1 X17.865 Y16.508 E0.01751
G1 X18.199 Y16.48 E0.01672
G1 X18.535 Y16.516 E0.01686
G1 X18.847 Y16.615 E0.01633
G1 X19.139 Y16.777 E0.01666
G1 X19.378 Y16.974 E0.01545
G1 X19.583 Y17.22 E0.01598
G1 X19.756 Y17.546 E0.01841
G1 X19.848 Y17.865 E0.01656
G1 X19.876 Y18.199 E0.01672
G1 X19.847 Y18.501 E0.01514
G1 X19.75 Y18.828 E0.01702
G1 X19.595 Y19.119 E0.01645
G1 X19.394 Y19.369 E0.016
G1 X19.119 Y19.595 E0.01776
G1 X18.828 Y19.75 E0.01645
G0 F3600 X18.637 Y19.806
G0 X18.842 Y20.489
G0 X17.723 Y20.488
G0 X16.873 Y20.136
G0 X12.096 Y13.306
G0 X11.76 Y12.678
G1 F1800 X11.462 Y12.768 E0.01553
G1 X11.086 Y12.807 E0.01886
G1 X10.754 Y12.768 E0.01668
G1 X10.474 Y12.684 E0.01458
G1 X10.165 Y12.52 E0.01745
G1 X9.906 Y12.31 E0.01664
G1 X9.701 Y12.064 E0.01598
G1 X9.528 Y11.742 E0.01824
G1 X9.436 Y11.423 E0.01656
G1 X9.408 Y11.127 E0.01483
G1 X9.436 Y10.793 E0.01672
G1 X9.543 Y10.437 E0.01855
G1 X9.701 Y10.152 E0.01626
G1 X9.92 Y9.893 E0.01692
G1 X10.185 Y9.679 E0.01699
G1 X10.474 Y9.528 E0.01627
G1 X10.793 Y9.436 E0.01656
G1 X11.127 Y9.408 E0.01672
G1 X11.462 Y9.444 E0.01681
G1 X11.742 Y9.528 E0.01458
G1 X12.032 Y9.679 E0.01631
G1 X12.31 Y9.906 E0.01791
G1 X12.52 Y10.165 E0.01664
G1 X12.684 Y10.474 E0.01745
G1 X12.768 Y10.754 E0.01458
G1 X12.807 Y11.13 E0.01886
G1 X12.775 Y11.429 E0.015
G1 X12.678 Y11.76 E0.01721
G1 X12.523 Y12.047 E0.01627
G1 X12.322 Y12.297 E0.016
G1 X12.047 Y12.523 E0.01776
G1 X11.76 Y12.678 E0.01627
G0 F3600 X11.569 Y12.735
G0 X11.774 Y13.418
G0 X16.517 Y19.845
G0 X86.416 Y97.045
;TYPE:SKIN
G1 F1800 X2.951 Y13.584 E5.88877
G1 X13.584 Y2.951 E0.75022
G1 X97.049 Y86.416 E5.88891
G1 X86.416 Y97.045 E0.75007
G0 F3600 X89.435 Y91.303
G1 F1800 X89.895 Y91.155 E0.02411
G1 X90.313 Y90.918 E0.02397
G1 X90.642 Y90.646 E0.0213
G1 X90.952 Y90.265 E0.02451
G1 X91.14 Y89.925 E0.01938
G1 X91.303 Y89.435 E0.02576
G1 X91.363 Y88.991 E0.02235
G1 X91.336 Y88.503 E0.02438
G1 X91.138 Y87.843 E0.03438
G1 X90.918 Y87.463 E0.02191
G1 X90.646 Y87.134 E0.0213
G1 X90.259 Y86.821 E0.02483
G1 X89.775 Y86.577 E0.02704
G1 X89.273 Y86.44 E0.02596
G1 X88.821 Y86.412 E0.02259
G1 X88.392 Y86.459 E0.02153
G1 X87.948 Y86.59 E0.0231
G1 X87.505 Y86.828 E0.02509
G1 X87.146 Y87.12 E0.02309
G1 X86.865 Y87.453 E0.02174
G1 X86.59 Y87.944 E0.02808
G1 X86.459 Y88.393 E0.02333
G1 X86.412 Y88.821 E0.02148
G1 X86.448 Y89.314 E0.02466
G1 X86.638 Y89.933 E0.0323
G1 X86.858 Y90.313 E0.02191
G1 X87.13 Y90.642 E0.0213
G1 X87.482 Y90.928 E0.02263
G1 X87.854 Y91.139 E0.02134
G1 X88.336 Y91.304 E0.02542
G1 X88.991 Y91.363 E0.03281
G1 X89.435 Y91.303 E0.02235
G0 F3600 X88.432 Y91.199
G0 X87.584 Y90.848
G0 X82.756 Y84.114
G1 F1800 X83.2 Y83.88 E0.02504
G1 X83.574 Y83.57 E0.02424
G1 X83.884 Y83.194 E0.02431
G1 X84.114 Y82.756 E0.02468
G1 X84.249 Y82.312 E0.02315
G1 X84.291 Y81.918 E0.01977
G1 X84.264 Y81.435 E0.02413
G1 X84.146 Y80.969 E0.02398
G1 X83.912 Y80.497 E0.02628
G1 X83.518 Y80.014 E0.0311
G1 X83.221 Y79.775 E0.01902
G1 X82.85 Y79.565 E0.02127
G1 X82.367 Y79.4 E0.02546
G1 X81.759 Y79.344 E0.03046
G1 X81.325 Y79.387 E0.02176
G1 X80.872 Y79.522 E0.02358
G1 X80.439 Y79.753 E0.02448
G1 X80.004 Y80.124 E0.02852
G1 X79.749 Y80.441 E0.0203
G1 X79.522 Y80.873 E0.02435
G1 X79.373 Y81.398 E0.02723
G1 X79.344 Y81.915 E0.02583
G1 X79.372 Y82.211 E0.01483
G1 X79.49 Y82.668 E0.02355
G1 X79.696 Y83.1 E0.02388
G1 X80.014 Y83.518 E0.0262
G1 X80.4 Y83.855 E0.02556
G1 X80.789 Y84.069 E0.02215
G1 X81.272 Y84.232 E0.02543
G1 X81.88 Y84.292 E0.03048
G1 X82.312 Y84.249 E0.02166
G1 X82.756 Y84.114 E0.02315
G0 F3600 X81.82 Y84.174
G0 X80.92 Y83.994
G0 X80.155 Y83.483
G0 X75.687 Y77.042
G1 F1800 X76.122 Y76.812 E0.02455
G1 X76.506 Y76.494 E0.02487
G1 X76.771 Y76.175 E0.02069
G1 X77.042 Y75.692 E0.02763
G1 X77.173 Y75.242 E0.02338
G1 X77.22 Y74.677 E0.02829
G1 X77.159 Y74.196 E0.02419
G1 X77.073 Y73.892 E0.01576
G1 X76.864 Y73.459 E0.02399
G1 X76.506 Y72.994 E0.02928
G1 X76.152 Y72.701 E0.02293
G1 X75.635 Y72.433 E0.02905
G1 X75.133 Y72.296 E0.02596
G1 X74.681 Y72.268 E0.02259
G1 X74.248 Y72.316 E0.02173
G1 X73.773 Y72.463 E0.02481
G1 X73.305 Y72.725 E0.02676
G1 X72.994 Y72.99 E0.02038
G1 X72.731 Y73.297 E0.02017
G1 X72.455 Y73.789 E0.02814
G1 X72.315 Y74.252 E0.02413
G1 X72.268 Y74.681 E0.02153
G1 X72.302 Y75.173 E0.0246
G1 X72.418 Y75.601 E0.02212
G1 X72.734 Y76.197 E0.03366
G1 X72.982 Y76.493 E0.01927
G1 X73.333 Y76.784 E0.02275
G1 X73.747 Y77.01 E0.02353
G1 X74.159 Y77.15 E0.02171
G1 X74.632 Y77.219 E0.02385
G1 X75.256 Y77.17 E0.03123
G1 X75.687 Y77.042 E0.02243
G0 F3600 X74.749 Y77.103
G0 X73.849 Y76.923
G0 X73.084 Y76.412
G0 X68.634 Y69.965
G1 F1800 X69.103 Y69.703 E0.0268
G1 X69.43 Y69.426 E0.02138
G1 X69.744 Y69.043 E0.02471
G1 X69.965 Y68.629 E0.02341
G1 X70.091 Y68.223 E0.02121
G1 X70.152 Y67.732 E0.02468
G1 X70.092 Y67.128 E0.03028
G1 X69.938 Y66.663 E0.02444
G1 X69.693 Y66.238 E0.02447
G1 X69.426 Y65.918 E0.02079
G1 X69.088 Y65.637 E0.02193
G1 X68.709 Y65.424 E0.02169
G1 X68.228 Y65.26 E0.02535
G1 X67.616 Y65.2 E0.03068
G1 X67.182 Y65.243 E0.02176
G1 X66.825 Y65.343 E0.0185
G1 X66.288 Y65.618 E0.0301
G1 X65.936 Y65.905 E0.02266
G1 X65.615 Y66.295 E0.0252
G1 X65.378 Y66.732 E0.0248
G1 X65.229 Y67.251 E0.02694
G1 X65.2 Y67.772 E0.02603
G1 X65.228 Y68.064 E0.01463
G1 X65.35 Y68.532 E0.02413
G1 X65.578 Y68.996 E0.02579
G1 X65.922 Y69.43 E0.02763
G1 X66.216 Y69.675 E0.01909
G1 X66.627 Y69.917 E0.0238
G1 X67.244 Y70.115 E0.03233
G1 X67.739 Y70.152 E0.02476
G1 X68.186 Y70.104 E0.02243
G1 X68.634 Y69.965 E0.0234
G0 F3600 X67.678 Y70.032
G0 X66.778 Y69.851
G0 X66.014 Y69.341
G0 X61.548 Y62.898
G1 F1800 X61.938 Y62.693 E0.02198
G1 X62.358 Y62.354 E0.02693
G1 X62.662 Y61.985 E0.02385
G1 X62.859 Y61.631 E0.02021
G1 X63.037 Y61.098 E0.02804
G1 X63.079 Y60.701 E0.01992
G1 X63.052 Y60.219 E0.02408
G1 X62.858 Y59.571 E0.03375
G1 X62.622 Y59.163 E0.02352
G1 X62.292 Y58.789 E0.02488
G1 X62.016 Y58.561 E0.01786
G1 X61.605 Y58.338 E0.02333
G1 X61.148 Y58.188 E0.024
G1 X60.544 Y58.128 E0.03028
G1 X60.109 Y58.175 E0.02183
G1 X59.729 Y58.286 E0.01975
G1 X59.208 Y58.549 E0.02912
G1 X58.797 Y58.907 E0.02719
G1 X58.548 Y59.213 E0.01968
G1 X58.342 Y59.593 E0.02156
G1 X58.175 Y60.108 E0.02701
G1 X58.128 Y60.537 E0.02153
G1 X58.156 Y60.989 E0.02259
G1 X58.279 Y61.453 E0.02395
G1 X58.484 Y61.884 E0.02381
G1 X58.898 Y62.402 E0.03308
G1 X59.193 Y62.644 E0.01904
G1 X59.574 Y62.859 E0.02183
G1 X60.174 Y63.044 E0.03132
G1 X60.667 Y63.08 E0.02466
G1 X61.11 Y63.033 E0.02223
G1 X61.548 Y62.898 E0.02287
G0 F3600 X60.607 Y62.961
G0 X59.707 Y62.78
G0 X58.943 Y62.27
G0 X54.476 Y55.828
G1 F1800 X54.897 Y55.61 E0.02365
G1 X55.277 Y55.298 E0.02453
G1 X55.587 Y54.928 E0.02408
G1 X55.831 Y54.468 E0.02598
G1 X55.965 Y54.024 E0.02314
G1 X56.007 Y53.634 E0.01957
G1 X55.98 Y53.147 E0.02433
G1 X55.804 Y52.542 E0.03143
G1 X55.558 Y52.1 E0.02524
G1 X55.286 Y51.774 E0.02118
G1 X54.949 Y51.49 E0.02199
G1 X54.417 Y51.22 E0.02976
G1 X53.917 Y51.084 E0.02585
G1 X53.469 Y51.056 E0.02239
G1 X53.06 Y51.101 E0.02053
G1 X52.518 Y51.271 E0.02834
G1 X52.137 Y51.476 E0.02158
G1 X51.787 Y51.77 E0.0228
G1 X51.469 Y52.148 E0.02464
G1 X51.272 Y52.515 E0.02078
G1 X51.104 Y53.039 E0.02745
G1 X51.056 Y53.469 E0.02159
G1 X51.084 Y53.917 E0.02239
G1 X51.219 Y54.415 E0.02574
G1 X51.411 Y54.815 E0.02214
G1 X51.778 Y55.29 E0.02995
G1 X52.151 Y55.592 E0.02394
G1 X52.507 Y55.788 E0.02027
G1 X52.984 Y55.948 E0.0251
G1 X53.596 Y56.008 E0.03068
G1 X54.024 Y55.965 E0.02146
G1 X54.476 Y55.828 E0.02356
G0 F3600 X53.536 Y55.89
G0 X52.636 Y55.709
G0 X51.872 Y55.199
G0 X47.331 Y48.78
G1 F1800 X47.857 Y48.514 E0.02941
G1 X48.266 Y48.157 E0.02708
G1 X48.527 Y47.836 E0.02064
G1 X48.725 Y47.474 E0.02059
G1 X48.887 Y46.978 E0.02603
G1 X48.935 Y46.562 E0.02089
G1 X48.908 Y46.079 E0.02413
G1 X48.79 Y45.613 E0.02398
G1 X48.58 Y45.179 E0.02405
G1 X48.166 Y44.662 E0.03304
G1 X47.876 Y44.421 E0.01881
G1 X47.489 Y44.204 E0.02214
G1 X46.89 Y44.02 E0.03126
G1 X46.397 Y43.984 E0.02466
G1 X45.964 Y44.032 E0.02173
G1 X45.516 Y44.166 E0.02333
G1 X45.126 Y44.371 E0.02198
G1 X44.722 Y44.695 E0.02584
G1 X44.398 Y45.079 E0.02507
G1 X44.205 Y45.433 E0.02012
G1 X44.031 Y45.965 E0.02793
G1 X43.984 Y46.397 E0.02168
G1 X44.02 Y46.89 E0.02466
G1 X44.206 Y47.493 E0.03148
G1 X44.442 Y47.901 E0.02352
G1 X44.773 Y48.276 E0.02495
G1 X45.053 Y48.504 E0.01801
G1 X45.432 Y48.712 E0.02157
G1 X45.916 Y48.876 E0.0255
G1 X46.524 Y48.936 E0.03048
G1 X46.96 Y48.893 E0.02186
G1 X47.331 Y48.78 E0.01935
G0 F3600 X46.464 Y48.818
G0 X45.564 Y48.638
G0 X44.801 Y48.128
G0 X40.261 Y41.715
G1 F1800 X40.78 Y41.447 E0.02914
G1 X41.154 Y41.133 E0.02436
G1 X41.453 Y40.769 E0.0235
G1 X41.686 Y40.336 E0.02453
G1 X41.805 Y39.956 E0.01987
G1 X41.867 Y39.491 E0.0234
G1 X41.84 Y39.007 E0.02418
G1 X41.713 Y38.53 E0.02463
G1 X41.486 Y38.068 E0.02568
G1 X41.142 Y37.634 E0.02763
G1 X40.822 Y37.371 E0.02066
G1 X40.4 Y37.128 E0.02429
G1 X39.82 Y36.948 E0.0303
G1 X39.325 Y36.912 E0.02476
G1 X38.877 Y36.964 E0.0225
G1 X38.444 Y37.098 E0.02261
G1 X37.992 Y37.341 E0.0256
G1 X37.634 Y37.638 E0.02321
G1 X37.325 Y38.013 E0.02424
G1 X37.098 Y38.44 E0.02413
G1 X36.957 Y38.912 E0.02458
G1 X36.912 Y39.332 E0.02107
G1 X36.972 Y39.936 E0.03028
G1 X37.126 Y40.401 E0.02444
G1 X37.371 Y40.826 E0.02447
G1 X37.685 Y41.189 E0.02395
G1 X37.983 Y41.429 E0.01909
G1 X38.354 Y41.639 E0.02127
G1 X38.79 Y41.794 E0.02309
G1 X39.451 Y41.867 E0.03318
G1 X39.888 Y41.825 E0.0219
G1 X40.261 Y41.715 E0.0194
G0 F3600 X39.393 Y41.747
G0 X38.493 Y41.567
G0 X37.73 Y41.057
G0 X33.26 Y34.614
G1 F1800 X33.716 Y34.371 E0.02578
G1 X34.074 Y34.07 E0.02333
G1 X34.387 Y33.696 E0.02433
G1 X34.614 Y33.264 E0.02435
G1 X34.755 Y32.8 E0.02419
G1 X34.795 Y32.417 E0.01921
G1 X34.768 Y31.935 E0.02408
G1 X34.65 Y31.469 E0.02398
G1 X34.344 Y30.892 E0.03258
G1 X34.074 Y30.566 E0.02112
G1 X33.701 Y30.26 E0.02407
G1 X33.353 Y30.068 E0.01983
G1 X32.909 Y29.914 E0.02345
G1 X32.432 Y29.845 E0.02405
G1 X31.821 Y29.892 E0.03057
G1 X31.396 Y30.015 E0.02207
G1 X30.934 Y30.258 E0.02604
G1 X30.562 Y30.566 E0.02409
G1 X30.265 Y30.924 E0.02321
G1 X30.022 Y31.377 E0.02565
G1 X29.891 Y31.824 E0.02324
G1 X29.845 Y32.208 E0.01929
G1 X29.872 Y32.712 E0.02518
G1 X30.008 Y33.205 E0.02551
G1 X30.208 Y33.609 E0.02249
G1 X30.618 Y34.122 E0.03276
G1 X30.913 Y34.364 E0.01904
G1 X31.428 Y34.634 E0.02901
G1 X31.897 Y34.762 E0.02425
G1 X32.383 Y34.796 E0.02431
G1 X32.831 Y34.748 E0.02248
G1 X33.26 Y34.614 E0.02242
G0 F3600 X32.322 Y34.676
G0 X31.422 Y34.496
G0 X30.659 Y33.986
G0 X26.174 Y27.552
G1 F1800 X26.543 Y27.363 E0.02068
G1 X27.018 Y26.993 E0.03004
G1 X27.363 Y26.543 E0.02829
G1 X27.546 Y26.191 E0.01979
G1 X27.661 Y25.807 E0.02
G1 X27.723 Y25.347 E0.02316
G1 X27.696 Y24.863 E0.02418
G1 X27.578 Y24.4 E0.02384
G1 X27.364 Y23.959 E0.02446
G1 X27.05 Y23.546 E0.02588
G1 X26.664 Y23.209 E0.02556
G1 X26.249 Y22.982 E0.0236
G1 X25.792 Y22.832 E0.024
G1 X25.188 Y22.772 E0.03028
G1 X24.752 Y22.819 E0.02188
G1 X24.291 Y22.958 E0.02402
G1 X23.852 Y23.193 E0.02484
G1 X23.508 Y23.477 E0.02226
G1 X23.181 Y23.873 E0.02562
G1 X22.95 Y24.308 E0.02457
G1 X22.819 Y24.752 E0.0231
G1 X22.772 Y25.181 E0.02153
G1 X22.8 Y25.633 E0.02259
G1 X22.923 Y26.097 E0.02395
G1 X23.152 Y26.567 E0.02608
G1 X23.546 Y27.05 E0.0311
G1 X23.875 Y27.312 E0.02098
G1 X24.215 Y27.5 E0.01938
G1 X24.65 Y27.654 E0.02302
G1 X25.308 Y27.724 E0.03301
G1 X25.74 Y27.681 E0.02166
G1 X26.174 Y27.552 E0.02259
G0 F3600 X25.251 Y27.605
G0 X24.351 Y27.425
G0 X23.588 Y26.916
G0 X19.099 Y20.48
G1 F1800 X19.547 Y20.247 E0.02519
G1 X19.921 Y19.942 E0.02408
G1 X20.199 Y19.611 E0.02157
G1 X20.474 Y19.119 E0.02812
G1 X20.609 Y18.672 E0.0233
G1 X20.651 Y18.273 E0.02002
G1 X20.624 Y17.795 E0.02389
G1 X20.444 Y17.174 E0.03226
G1 X20.181 Y16.718 E0.02626
G1 X19.926 Y16.418 E0.01964
G1 X19.593 Y16.138 E0.02171
G1 X19.029 Y15.85 E0.03159
G1 X18.601 Y15.734 E0.02212
G1 X18.113 Y15.7 E0.02441
G1 X17.684 Y15.747 E0.02153
G1 X17.232 Y15.882 E0.02353
G1 X16.802 Y16.108 E0.02424
G1 X16.414 Y16.434 E0.02528
G1 X16.129 Y16.78 E0.02236
G1 X15.875 Y17.248 E0.02657
G1 X15.733 Y17.758 E0.02641
G1 X15.701 Y18.279 E0.02604
G1 X15.761 Y18.731 E0.02275
G1 X15.931 Y19.226 E0.02611
G1 X16.176 Y19.636 E0.02383
G1 X16.474 Y19.978 E0.02263
G1 X16.809 Y20.247 E0.02143
G1 X17.289 Y20.491 E0.02686
G1 X17.757 Y20.618 E0.02419
G1 X18.243 Y20.652 E0.02431
G1 X18.672 Y20.609 E0.02151
G1 X19.099 Y20.48 E0.02225
G0 F3600 X18.18 Y20.534
G0 X17.28 Y20.354
G0 X16.517 Y19.845
G0 X12.052 Y13.402
G1 F1800 X12.481 Y13.17 E0.02433
G1 X12.921 Y12.794 E0.02888
G1 X13.176 Y12.474 E0.02041
G1 X13.398 Y12.051 E0.02383
G1 X13.533 Y11.603 E0.02334
G1 X13.58 Y11.037 E0.02834
G1 X13.519 Y10.556 E0.02419
G1 X13.366 Y10.095 E0.02423
G1 X13.156 Y9.712 E0.02179
G1 X12.862 Y9.354 E0.02311
G1 X12.395 Y8.989 E0.02957
G1 X11.956 Y8.774 E0.02439
G1 X11.532 Y8.662 E0.02188
G1 X11.045 Y8.628 E0.02436
G1 X10.557 Y8.689 E0.02454
G1 X10.095 Y8.842 E0.02428
G1 X9.655 Y9.098 E0.0254
G1 X9.35 Y9.354 E0.01987
G1 X9.052 Y9.713 E0.02328
G1 X8.778 Y10.255 E0.0303
G1 X8.662 Y10.683 E0.02212
G1 X8.632 Y11.203 E0.02599
G1 X8.66 Y11.499 E0.01483
G1 X8.774 Y11.954 E0.0234
G1 X9.08 Y12.532 E0.03263
G1 X9.414 Y12.918 E0.02547
G1 X9.729 Y13.163 E0.01991
G1 X10.095 Y13.366 E0.02088
G1 X10.519 Y13.51 E0.02234
G1 X10.992 Y13.579 E0.02385
G1 X11.581 Y13.536 E0.02946
G1 X12.052 Y13.402 E0.02443
G0 F3600 X16.517 Y19.845
G0 X86.498 Y96.68
G1 F1800 X3.318 Y13.5 E5.8688
G0 F3600 X3.601 Y13.217
G1 F1800 X86.78 Y96.397 E5.86876
G0 F3600 X87.063 Y96.114
G1 F1800 X3.883 Y12.934 E5.8688
G0 F3600 X4.166 Y12.652
G1 F1800 X87.346 Y95.831 E5.86876
G0 F3600 X87.629 Y95.549
G1 F1800 X4.449 Y12.369 E5.8688
G0 F3600 X4.732 Y12.086
G1 F1800 X87.912 Y95.266 E5.8688
G0 F3600 X88.195 Y94.983
G1 F1800 X5.015 Y11.803 E5.8688
G0 F3600 X5.298 Y11.52
G1 F1800 X88.477 Y94.7 E5.86876
G0 F3600 X88.76 Y94.417
G1 F1800 X5.58 Y11.237 E5.8688
G0 F3600 X5.863 Y10.954
G1 F1800 X89.043 Y94.134 E5.8688
G0 F3600 X89.326 Y93.851
G1 F1800 X6.146 Y10.672 E5.86876
G0 F3600 X6.429 Y10.389
G1 F1800 X89.609 Y93.569 E5.8688
G0 F3600 X89.892 Y93.286
G1 F1800 X88.004 Y91.398 E0.13321
G0 F3600 X88.714 Y91.543
G1 F1800 X90.175 Y93.004 E0.10308
G0 F3600 X90.458 Y92.721
G1 F1800 X89.265 Y91.528 E0.08417
G0 F3600 X89.723 Y91.42
G1 F1800 X90.741 Y92.438 E0.07183
G0 F3600 X91.024 Y92.155
G1 F1800 X90.125 Y91.256 E0.06343
G0 F3600 X90.479 Y91.045
G1 F1800 X91.307 Y91.872 E0.05838
G0 F3600 X91.589 Y91.589
G1 F1800 X90.785 Y90.785 E0.05673
G0 F3600 X91.04 Y90.474
G1 F1800 X91.872 Y91.307 E0.05874
G0 F3600 X92.155 Y91.024
G1 F1800 X91.256 Y90.125 E0.06343
G0 F3600 X91.418 Y89.721
G1 F1800 X92.438 Y90.741 E0.07197
G0 F3600 X92.721 Y90.458
G1 F1800 X91.527 Y89.264 E0.08424
G0 F3600 X91.547 Y88.719
G1 F1800 X93.004 Y90.175 E0.10276
G0 F3600 X93.286 Y89.892
G1 F1800 X91.402 Y88.008 E0.13293
G1 X91.332 Y87.938
G0 F3600 X89.754 Y86.36
G1 F1800 X84.34 Y80.946 E0.38199
G0 F3600 X84.475 Y81.646
G1 F1800 X89.054 Y86.226 E0.32311
G0 F3600 X88.509 Y86.246
G1 F1800 X84.46 Y82.197 E0.28568
G0 F3600 X84.352 Y82.655
G1 F1800 X88.052 Y86.355 E0.26105
G0 F3600 X87.653 Y86.522
G1 F1800 X84.182 Y83.051 E0.2449
G0 F3600 X83.968 Y83.403
G1 F1800 X87.302 Y86.737 E0.23523
G0 F3600 X86.994 Y86.994
G1 F1800 X83.714 Y83.714 E0.23142
G0 F3600 X83.403 Y83.968
G1 F1800 X86.732 Y87.298 E0.23491
G0 F3600 X86.526 Y87.657
G1 F1800 X83.053 Y84.184 E0.24504
G0 F3600 X82.656 Y84.353
G1 F1800 X86.353 Y88.05 E0.26084
G0 F3600 X86.247 Y88.51
G1 F1800 X82.198 Y84.46 E0.28571
G0 F3600 X81.641 Y84.47
G1 F1800 X86.231 Y89.059 E0.32381
G0 F3600 X86.375 Y89.769
G1 F1800 X80.937 Y84.331 E0.38368
G1 X80.867 Y84.261
G0 F3600 X79.286 Y82.681
G1 F1800 X73.864 Y77.258 E0.38259
G0 F3600 X74.586 Y77.414
G1 F1800 X79.149 Y81.978 E0.32198
G0 F3600 X79.174 Y81.437
G1 F1800 X75.121 Y77.384 E0.28596
G0 F3600 X75.583 Y77.28
G1 F1800 X79.284 Y80.981 E0.26113
G0 F3600 X79.451 Y80.583
G1 F1800 X75.981 Y77.113 E0.24483
G0 F3600 X76.332 Y76.898
G1 F1800 X79.665 Y80.23 E0.23513
G0 F3600 X79.926 Y79.926
G1 F1800 X76.64 Y76.64 E0.23185
G0 F3600 X76.899 Y76.334
G1 F1800 X80.234 Y79.668 E0.23527
G0 F3600 X80.583 Y79.452
G1 F1800 X77.109 Y75.977 E0.24514
G0 F3600 X77.279 Y75.582
G1 F1800 X80.978 Y79.281 E0.26098
G0 F3600 X81.439 Y79.176
G1 F1800 X77.384 Y75.121 E0.2861
G0 F3600 X77.415 Y74.586
G1 F1800 X81.993 Y79.165 E0.32304
G0 F3600 X82.693 Y79.298
G1 F1800 X77.278 Y73.884 E0.38202
G1 X77.208 Y73.814
G0 F3600 X75.609 Y72.215
G1 F1800 X70.19 Y66.796 E0.38234
G0 F3600 X70.33 Y67.502
G1 F1800 X74.909 Y72.081 E0.32307
G0 F3600 X74.366 Y72.103
G1 F1800 X70.314 Y68.051 E0.28589
G0 F3600 X70.211 Y68.514
G1 F1800 X73.908 Y72.21 E0.26081
G0 F3600 X73.514 Y72.382
G1 F1800 X70.041 Y68.91 E0.245
G0 F3600 X69.823 Y69.258
G1 F1800 X73.154 Y72.589 E0.23502
G0 F3600 X72.854 Y72.854
G1 F1800 X69.569 Y69.569 E0.23177
G0 F3600 X69.265 Y69.83
G1 F1800 X72.594 Y73.16 E0.23491
G0 F3600 X72.382 Y73.513
G1 F1800 X68.909 Y70.04 E0.24504
G0 F3600 X68.51 Y70.207
G1 F1800 X72.212 Y73.909 E0.2612
G0 F3600 X72.104 Y74.366
G1 F1800 X68.057 Y70.32 E0.2855
G0 F3600 X67.505 Y70.334
G1 F1800 X72.086 Y74.914 E0.32318
G0 F3600 X72.213 Y75.607
G1 F1800 X66.789 Y70.183 E0.38269
G1 X66.719 Y70.113
G0 F3600 X65.146 Y68.54
G1 F1800 X59.724 Y63.118 E0.38255
G0 F3600 X60.434 Y63.262
G1 F1800 X65.005 Y67.833 E0.32251
G0 F3600 X65.03 Y67.293
G1 F1800 X60.986 Y63.249 E0.28533
G0 F3600 X61.442 Y63.139
G1 F1800 X65.139 Y66.836 E0.26084
G0 F3600 X65.312 Y66.443
G1 F1800 X61.839 Y62.971 E0.245
G0 F3600 X62.185 Y62.751
G1 F1800 X65.525 Y66.091 E0.23566
G0 F3600 X65.779 Y65.779
G1 F1800 X62.493 Y62.493 E0.23185
G0 F3600 X62.751 Y62.186
G1 F1800 X66.092 Y65.526 E0.23569
G0 F3600 X66.442 Y65.311
G1 F1800 X62.969 Y61.837 E0.24507
G0 F3600 X63.134 Y61.437
G1 F1800 X66.835 Y65.138 E0.26113
G0 F3600 X67.295 Y65.032
G1 F1800 X63.248 Y60.985 E0.28554
G0 F3600 X63.261 Y60.433
G1 F1800 X67.85 Y65.021 E0.32374
G0 F3600 X68.56 Y65.166
G1 F1800 X63.118 Y59.724 E0.38396
G1 X63.048 Y59.654
G0 F3600 X61.482 Y58.087
G1 F1800 X56.045 Y52.65 E0.38361
G0 F3600 X56.189 Y53.36
G1 F1800 X60.778 Y57.95 E0.32381
G0 F3600 X60.225 Y57.962
G1 F1800 X56.175 Y53.913 E0.28571
G0 F3600 X56.069 Y54.372
G1 F1800 X59.763 Y58.066 E0.26063
G0 F3600 X59.372 Y58.241
G1 F1800 X55.9 Y54.768 E0.245
G0 F3600 X55.686 Y55.12
G1 F1800 X59.017 Y58.451 E0.23502
G0 F3600 X58.715 Y58.715
G1 F1800 X55.428 Y55.428 E0.23192
G0 F3600 X55.12 Y55.686
G1 F1800 X58.452 Y59.018 E0.23509
G0 F3600 X58.237 Y59.368
G1 F1800 X54.769 Y55.9 E0.24469
G0 F3600 X54.372 Y56.069
G1 F1800 X58.075 Y59.772 E0.26127
G0 F3600 X57.963 Y60.226
G1 F1800 X53.913 Y56.176 E0.28575
G0 F3600 X53.358 Y56.186
G1 F1800 X57.942 Y60.771 E0.32346
G0 F3600 X58.078 Y61.472
G1 F1800 X52.656 Y56.05 E0.38255
G1 X52.586 Y55.98
G0 F3600 X51.006 Y54.4
G1 F1800 X45.581 Y48.975 E0.38276
G0 F3600 X46.285 Y49.114
G1 F1800 X50.87 Y53.698 E0.32346
G0 F3600 X50.891 Y53.154
G1 F1800 X46.841 Y49.104 E0.28575
G0 F3600 X47.3 Y48.998
G1 F1800 X51.004 Y52.701 E0.2613
G0 F3600 X51.165 Y52.296
G1 F1800 X47.692 Y48.823 E0.24504
G0 F3600 X48.046 Y48.611
G1 F1800 X51.379 Y51.945 E0.2352
G0 F3600 X51.638 Y51.638
G1 F1800 X48.348 Y48.348 E0.23213
G0 F3600 X48.612 Y48.046
G1 F1800 X51.943 Y51.378 E0.23506
G0 F3600 X52.298 Y51.167
G1 F1800 X48.829 Y47.698 E0.24476
G0 F3600 X48.993 Y47.296
G1 F1800 X52.699 Y51.002 E0.26148
G0 F3600 X53.154 Y50.891
G1 F1800 X49.105 Y46.842 E0.28568
G0 F3600 X49.118 Y46.29
G1 F1800 X53.698 Y50.869 E0.32311
G0 F3600 X54.399 Y51.005
G1 F1800 X48.984 Y45.59 E0.38206
G1 X48.914 Y45.52
G0 F3600 X47.34 Y43.946
G1 F1800 X41.918 Y38.524 E0.38255
G0 F3600 X42.051 Y39.223
G1 F1800 X46.63 Y43.802 E0.32307
G0 F3600 X46.08 Y43.817
G1 F1800 X42.031 Y39.768 E0.28568
G0 F3600 X41.927 Y40.23
G1 F1800 X45.624 Y43.927 E0.26084
G0 F3600 X45.226 Y44.094
G1 F1800 X41.756 Y40.625 E0.24479
G0 F3600 X41.54 Y40.975
G1 F1800 X44.879 Y44.313 E0.23555
G0 F3600 X44.571 Y44.571
G1 F1800 X41.283 Y41.283 E0.23199
G0 F3600 X40.976 Y41.542
G1 F1800 X44.31 Y44.876 E0.23523
G0 F3600 X44.092 Y45.224
G1 F1800 X40.622 Y41.753 E0.24486
G0 F3600 X40.234 Y41.931
G1 F1800 X43.933 Y45.63 E0.26098
G0 F3600 X43.819 Y46.081
G1 F1800 X39.773 Y42.035 E0.28547
G0 F3600 X39.215 Y42.044
G1 F1800 X43.802 Y46.631 E0.32364
G0 F3600 X43.946 Y47.34
G1 F1800 X38.513 Y41.907 E0.38333
G1 X38.443 Y41.837
G0 F3600 X36.873 Y40.268
G1 F1800 X31.459 Y34.853 E0.38202
G0 F3600 X32.154 Y34.983
G1 F1800 X36.734 Y39.563 E0.32314
G0 F3600 X36.748 Y39.011
G1 F1800 X32.702 Y34.965 E0.28547
G0 F3600 X33.156 Y34.853
G1 F1800 X36.857 Y38.554 E0.26113
G0 F3600 X37.024 Y38.155
G1 F1800 X33.554 Y34.685 E0.24483
G0 F3600 X33.905 Y34.471
G1 F1800 X37.238 Y37.804 E0.23516
G0 F3600 X37.494 Y37.494
G1 F1800 X34.211 Y34.211 E0.23163
G0 F3600 X34.471 Y33.905
G1 F1800 X37.804 Y37.238 E0.23516
G0 F3600 X38.156 Y37.025
G1 F1800 X34.686 Y33.554 E0.24486
G0 F3600 X34.854 Y33.157
G1 F1800 X38.554 Y36.857 E0.26105
G0 F3600 X39.008 Y36.746
G1 F1800 X34.965 Y32.702 E0.28529
G0 F3600 X34.982 Y32.154
G1 F1800 X39.558 Y36.73 E0.32286
G0 F3600 X40.273 Y36.879
G1 F1800 X34.853 Y31.459 E0.38241
G1 X34.783 Y31.389
G0 F3600 X33.198 Y29.804
G1 F1800 X27.772 Y24.378 E0.38283
G0 F3600 X27.907 Y25.078
G1 F1800 X32.478 Y29.65 E0.32254
G0 F3600 X31.943 Y29.68
G1 F1800 X27.884 Y25.621 E0.28638
G0 F3600 X27.784 Y26.087
G1 F1800 X31.481 Y29.784 E0.26084
G0 F3600 X31.083 Y29.952
G1 F1800 X27.617 Y26.485 E0.24458
G0 F3600 X27.395 Y26.829
G1 F1800 X30.732 Y30.167 E0.23548
G0 F3600 X30.425 Y30.425
G1 F1800 X27.147 Y27.147 E0.23128
G0 F3600 X26.83 Y27.395
G1 F1800 X30.167 Y30.732 E0.23544
G0 F3600 X29.953 Y31.084
G1 F1800 X26.486 Y27.617 E0.24462
G0 F3600 X26.089 Y27.786
G1 F1800 X29.784 Y31.481 E0.2607
G0 F3600 X29.679 Y31.941
G1 F1800 X25.629 Y27.892 E0.28571
G0 F3600 X25.074 Y27.902
G1 F1800 X29.658 Y32.487 E0.32346
G0 F3600 X29.793 Y33.187
G1 F1800 X24.373 Y27.767 E0.38241
G1 X24.303 Y27.697
G0 F3600 X22.721 Y26.116
G1 F1800 X17.314 Y20.708 E0.38153
G0 F3600 X18.01 Y20.838
G1 F1800 X22.586 Y25.415 E0.3229
G0 F3600 X22.607 Y24.87
G1 F1800 X18.558 Y20.821 E0.28568
G0 F3600 X19.016 Y20.713
G1 F1800 X22.713 Y24.41 E0.26084
G0 F3600 X22.881 Y24.013
G1 F1800 X19.412 Y20.544 E0.24476
G0 F3600 X19.763 Y20.329
G1 F1800 X23.099 Y23.665 E0.23537
G0 F3600 X23.353 Y23.353
G1 F1800 X20.071 Y20.071 E0.23156
G0 F3600 X20.329 Y19.764
G1 F1800 X23.661 Y23.095 E0.23506
G0 F3600 X24.011 Y22.88
G1 F1800 X20.54 Y19.409 E0.2449
G0 F3600 X20.713 Y19.016
G1 F1800 X24.412 Y22.715 E0.26098
G0 F3600 X24.87 Y22.607
G1 F1800 X20.819 Y18.557 E0.28578
G0 F3600 X20.838 Y18.01
G1 F1800 X25.422 Y22.593 E0.32339
G0 F3600 X26.125 Y22.731
G1 F1800 X20.689 Y17.294 E0.38357
G1 X20.619 Y17.224
G0 F3600 X19.049 Y15.655
G1 F1800 X13.617 Y10.223 E0.38326
G0 F3600 X13.774 Y10.946
G1 F1800 X18.345 Y15.517 E0.32251
G0 F3600 X17.797 Y15.534
G1 F1800 X13.744 Y11.481 E0.28596
G0 F3600 X13.639 Y11.942
G1 F1800 X17.339 Y15.642 E0.26105
G0 F3600 X16.941 Y15.809
G1 F1800 X13.469 Y12.338 E0.24493
G0 F3600 X13.256 Y12.69
G1 F1800 X16.591 Y16.025 E0.2353
G0 F3600 X16.285 Y16.285
G1 F1800 X12.994 Y12.994 E0.2322
G0 F3600 X12.689 Y13.255
G1 F1800 X16.027 Y16.593 E0.23551
G0 F3600 X15.811 Y16.942
G1 F1800 X12.341 Y13.473 E0.24479
G0 F3600 X11.944 Y13.641
G1 F1800 X15.643 Y17.34 E0.26098
G0 F3600 X15.532 Y17.795
G1 F1800 X11.481 Y13.743 E0.28586
G0 F3600 X10.947 Y13.775
G1 F1800 X15.508 Y18.336 E0.3218
G0 F3600 X15.661 Y19.055
G1 F1800 X10.224 Y13.618 E0.38361
G1 X10.154 Y13.548
G0 F3600 X8.57 Y11.964
G1 F1800 X6.712 Y10.106 E0.13109
G0 F3600 X6.995 Y9.823
G1 F1800 X8.437 Y11.266 E0.10178
G0 F3600 X8.456 Y10.719
G1 F1800 X7.278 Y9.54 E0.08315
G0 F3600 X7.56 Y9.257
G1 F1800 X8.574 Y10.271 E0.07154
G0 F3600 X8.745 Y9.876
G1 F1800 X7.843 Y8.975 E0.06361
G0 F3600 X8.126 Y8.692
G1 F1800 X8.954 Y9.52 E0.05842
G0 F3600 X9.211 Y9.211
G1 F1800 X8.409 Y8.409 E0.05659
G0 F3600 X8.692 Y8.126
G1 F1800 X9.517 Y8.951 E0.05821
G0 F3600 X9.87 Y8.738
G1 F1800 X8.975 Y7.843 E0.06315
G0 F3600 X9.257 Y7.56
G1 F1800 X10.271 Y8.574 E0.07154
G0 F3600 X10.73 Y8.468
G1 F1800 X9.54 Y7.278 E0.08396
G0 F3600 X9.823 Y6.995
G1 F1800 X11.273 Y8.445 E0.10231
G0 F3600 X11.964 Y8.569
G1 F1800 X10.106 Y6.712 E0.13106
G0 F3600 X10.389 Y6.429
G1 F1800 X93.57 Y89.61 E5.86887
G0 F3600 X93.853 Y89.327
G1 F1800 X10.672 Y6.146 E5.86887
G0 F3600 X10.954 Y5.863
G1 F1800 X94.136 Y89.045 E5.86894
G0 F3600 X94.419 Y88.762
G1 F1800 X11.237 Y5.58 E5.86894
G0 F3600 X11.52 Y5.298
G1 F1800 X94.701 Y88.479 E5.86887
G0 F3600 X94.984 Y88.196
G1 F1800 X11.803 Y5.015 E5.86887
G0 F3600 X12.086 Y4.732
G1 F1800 X95.267 Y87.913 E5.86887
G0 F3600 X95.55 Y87.63
G1 F1800 X12.369 Y4.449 E5.86887
G0 F3600 X12.652 Y4.166
G1 F1800 X95.833 Y87.347 E5.86887
G0 F3600 X96.116 Y87.065
G1 F1800 X12.934 Y3.883 E5.86894
G0 F3600 X13.217 Y3.601
G1 F1800 X96.398 Y86.782 E5.86887
G0 F3600 X96.681 Y86.499
G1 F1800 X13.5 Y3.318 E5.86887
G1 X13.43 Y3.248
G0 F3600 X13.519 Y3.338
;MESH:NONMESH
G0 F600 X13.519 Y3.338 Z0.4
G0 F3600 X13.463 Y11.109
G0 X13.283 Y12.01
G0 X12.829 Y12.706
G0 X12.001 Y13.349
G0 X11.912 Y13.048
;TIME_ELAPSED:182.966858
;LAYER:1
M106 S255
;TYPE:WALL-INNER
;MESH:bodyNW.stl
G1 F2700 X11.526 Y13.164 E0.0067
G1 X11.043 Y13.205 E0.00806
G1 X10.639 Y13.151 E0.00678
G1 X10.247 Y13.02 E0.00687
G1 X9.935 Y12.848 E0.00592
G1 X9.623 Y12.593 E0.0067
G1 X9.393 Y12.319 E0.00595
G1 X9.145 Y11.857 E0.00872
G1 X9.038 Y11.461 E0.00682
G1 X9.01 Y11.051 E0.00683
G1 X9.061 Y10.639 E0.0069
G1 X9.191 Y10.247 E0.00687
G1 X9.364 Y9.935 E0.00593
G1 X9.623 Y9.623 E0.00674
G1 X9.897 Y9.393 E0.00595
G1 X10.247 Y9.191 E0.00672
G1 X10.755 Y9.038 E0.00882
G1 X11.165 Y9.01 E0.00683
G1 X11.577 Y9.061 E0.0069
G1 X11.857 Y9.145 E0.00486
G1 X12.222 Y9.327 E0.00678
G1 X12.593 Y9.623 E0.00789
G1 X12.848 Y9.935 E0.0067
G1 X13.067 Y10.359 E0.00794
G1 X13.173 Y10.747 E0.00669
G1 X13.205 Y11.173 E0.0071
G1 X13.172 Y11.479 E0.00512
G1 X13.048 Y11.911 E0.00747
G1 X12.856 Y12.269 E0.00676
G1 X12.593 Y12.593 E0.00694
G1 X12.269 Y12.856 E0.00694
G1 X11.912 Y13.048 E0.00674
G0 F5400 X12.001 Y13.349
G0 X16.517 Y19.845
G0 X17.28 Y20.354
G0 X19.068 Y20.421
G0 X18.978 Y20.12
G1 F2700 X18.599 Y20.236 E0.00659
G1 X18.237 Y20.274 E0.00605
G1 X17.827 Y20.246 E0.00683
G1 X17.431 Y20.139 E0.00682
G1 X17.003 Y19.92 E0.008
G1 X16.691 Y19.661 E0.00674
G1 X16.403 Y19.297 E0.00772
G1 X16.263 Y19.037 E0.00491
G1 X16.11 Y18.533 E0.00876
G1 X16.082 Y18.123 E0.00683
G1 X16.112 Y17.809 E0.00525
G1 X16.236 Y17.376 E0.00749
G1 X16.431 Y17.012 E0.00687
G1 X16.695 Y16.695 E0.00686
G1 X17.012 Y16.431 E0.00686
G1 X17.376 Y16.236 E0.00687
G1 X17.762 Y16.12 E0.0067
G1 X18.123 Y16.082 E0.00604
G1 X18.533 Y16.11 E0.00683
G1 X19.037 Y16.263 E0.00876
G1 X19.357 Y16.44 E0.00608
G1 X19.661 Y16.691 E0.00656
G1 X19.891 Y16.965 E0.00595
G1 X20.094 Y17.322 E0.00683
G1 X20.246 Y17.827 E0.00877
G1 X20.274 Y18.237 E0.00683
G1 X20.236 Y18.599 E0.00605
G1 X20.121 Y18.978 E0.00659
G1 X19.929 Y19.339 E0.0068
G1 X19.665 Y19.665 E0.00698
G1 X19.339 Y19.929 E0.00698
G1 X18.978 Y20.12 E0.00679
G0 F5400 X19.068 Y20.421
G0 X23.588 Y26.916
G0 X24.351 Y27.425
G0 X25.164 Y27.596
G0 X26.198 Y27.469
G0 X26.051 Y27.192
G1 F2700 X25.666 Y27.308 E0.00669
G1 X25.305 Y27.346 E0.00604
G1 X24.895 Y27.318 E0.00683
G1 X24.394 Y27.166 E0.00871
G1 X24.075 Y26.992 E0.00604
G1 X23.763 Y26.733 E0.00674
G1 X23.468 Y26.363 E0.00787
G1 X23.289 Y25.997 E0.00678
G1 X23.182 Y25.601 E0.00682
G1 X23.154 Y25.191 E0.00683
G1 X23.192 Y24.829 E0.00605
G1 X23.308 Y24.45 E0.00659
G1 X23.498 Y24.086 E0.00683
G1 X23.763 Y23.763 E0.00695
G1 X24.038 Y23.533 E0.00596
G1 X24.45 Y23.307 E0.00781
G1 X24.829 Y23.192 E0.00659
G1 X25.191 Y23.154 E0.00605
G1 X25.717 Y23.205 E0.00879
G1 X26.103 Y23.332 E0.00676
G1 X26.429 Y23.508 E0.00616
G1 X26.733 Y23.763 E0.0066
G1 X26.963 Y24.037 E0.00595
G1 X27.166 Y24.394 E0.00683
G1 X27.318 Y24.895 E0.00871
G1 X27.346 Y25.305 E0.00683
G1 X27.316 Y25.619 E0.00525
G1 X27.192 Y26.05 E0.00746
G1 X27.001 Y26.411 E0.00679
G1 X26.737 Y26.737 E0.00698
G1 X26.458 Y26.967 E0.00601
G1 X26.051 Y27.192 E0.00773
G0 F5400 X26.198 Y27.469
G0 X30.365 Y33.63
G0 X31.015 Y34.28
G0 X31.865 Y34.632
G0 X33.318 Y34.514
G0 X33.174 Y34.239
G1 F2700 X32.739 Y34.38 E0.0076
G1 X32.377 Y34.418 E0.00605
G1 X31.967 Y34.39 E0.00683
G1 X31.571 Y34.283 E0.00682
G1 X31.143 Y34.06 E0.00803
G1 X30.835 Y33.805 E0.00665
G1 X30.545 Y33.438 E0.00778
G1 X30.362 Y33.067 E0.00688
G1 X30.255 Y32.681 E0.00666
G1 X30.223 Y32.255 E0.0071
G1 X30.264 Y31.902 E0.00591
G1 X30.38 Y31.518 E0.00667
G1 X30.57 Y31.157 E0.00678
G1 X30.835 Y30.835 E0.00694
G1 X31.158 Y30.57 E0.00695
G1 X31.518 Y30.379 E0.00678
G1 X31.903 Y30.264 E0.00668
G1 X32.255 Y30.223 E0.00589
G1 X32.681 Y30.255 E0.0071
G1 X33.174 Y30.405 E0.00857
G1 X33.501 Y30.584 E0.0062
G1 X33.805 Y30.835 E0.00656
G1 X34.031 Y31.106 E0.00587
G1 X34.283 Y31.571 E0.0088
G1 X34.39 Y31.967 E0.00682
G1 X34.418 Y32.377 E0.00683
G1 X34.38 Y32.739 E0.00605
G1 X34.263 Y33.123 E0.00668
G1 X34.068 Y33.488 E0.00688
G1 X33.805 Y33.805 E0.00685
G1 X33.538 Y34.032 E0.00583
G1 X33.174 Y34.239 E0.00696
G0 F5400 X33.318 Y34.514
G0 X37.436 Y40.701
G0 X38.086 Y41.351
G0 X38.936 Y41.703
G0 X40.284 Y41.633
G0 X40.193 Y41.335
G1 F2700 X39.81 Y41.452 E0.00666
G1 X39.449 Y41.49 E0.00604
G1 X38.916 Y41.437 E0.00891
G1 X38.534 Y41.306 E0.00672
G1 X38.215 Y41.132 E0.00604
G1 X37.907 Y40.877 E0.00665
G1 X37.684 Y40.609 E0.0058
G1 X37.477 Y40.252 E0.00686
G1 X37.322 Y39.745 E0.00882
G1 X37.294 Y39.335 E0.00683
G1 X37.332 Y38.973 E0.00605
G1 X37.453 Y38.586 E0.00674
G1 X37.644 Y38.227 E0.00676
G1 X37.907 Y37.907 E0.00689
G1 X38.227 Y37.644 E0.00689
G1 X38.586 Y37.453 E0.00676
G1 X39.039 Y37.322 E0.00784
G1 X39.449 Y37.294 E0.00683
G1 X39.745 Y37.322 E0.00494
G1 X40.139 Y37.43 E0.00679
G1 X40.573 Y37.656 E0.00814
G1 X40.877 Y37.907 E0.00656
G1 X41.17 Y38.278 E0.00786
G1 X41.349 Y38.636 E0.00666
G1 X41.462 Y39.039 E0.00696
G1 X41.49 Y39.449 E0.00683
G1 X41.46 Y39.763 E0.00525
G1 X41.335 Y40.193 E0.00745
G1 X41.134 Y40.563 E0.007
G1 X40.877 Y40.877 E0.00675
G1 X40.563 Y41.135 E0.00676
G1 X40.193 Y41.335 E0.00699
G0 F5400 X40.284 Y41.633
G0 X44.801 Y48.128
G0 X45.564 Y48.638
G0 X47.351 Y48.706
G0 X47.259 Y48.404
G1 F2700 X46.817 Y48.53 E0.00764
G1 X46.407 Y48.558 E0.00683
G1 X45.995 Y48.507 E0.0069
G1 X45.609 Y48.38 E0.00676
G1 X45.283 Y48.204 E0.00616
G1 X44.979 Y47.949 E0.0066
G1 X44.684 Y47.578 E0.00788
G1 X44.502 Y47.209 E0.00684
G1 X44.394 Y46.817 E0.00676
G1 X44.366 Y46.521 E0.00494
G1 X44.396 Y46.093 E0.00714
G1 X44.521 Y45.659 E0.00751
G1 X44.718 Y45.292 E0.00693
G1 X44.979 Y44.979 E0.00678
G1 X45.246 Y44.752 E0.00583
G1 X45.603 Y44.547 E0.00685
G1 X46.046 Y44.404 E0.00774
G1 X46.407 Y44.366 E0.00604
G1 X46.938 Y44.418 E0.00887
G1 X47.31 Y44.544 E0.00653
G1 X47.645 Y44.724 E0.00632
G1 X47.949 Y44.979 E0.0066
G1 X48.244 Y45.349 E0.00787
G1 X48.423 Y45.715 E0.00678
G1 X48.53 Y46.111 E0.00682
G1 X48.558 Y46.521 E0.00683
G1 X48.528 Y46.835 E0.00525
G1 X48.404 Y47.259 E0.00735
G1 X48.21 Y47.63 E0.00696
G1 X47.949 Y47.949 E0.00685
G1 X47.631 Y48.21 E0.00684
G1 X47.259 Y48.404 E0.00698
G0 F5400 X47.351 Y48.706
G0 X51.872 Y55.199
G0 X52.636 Y55.709
G0 X54.425 Y55.776
G0 X54.334 Y55.476
G1 F2700 X53.95 Y55.592 E0.00667
G1 X53.594 Y55.63 E0.00595
G1 X53.183 Y55.602 E0.00685
G1 X52.686 Y55.452 E0.00863
G1 X52.351 Y55.272 E0.00632
G1 X52.047 Y55.021 E0.00656
G1 X51.752 Y54.647 E0.00792
G1 X51.573 Y54.281 E0.00678
G1 X51.466 Y53.886 E0.00681
G1 X51.438 Y53.479 E0.00678
G1 X51.476 Y53.117 E0.00605
G1 X51.592 Y52.737 E0.00661
G1 X51.786 Y52.365 E0.00698
G1 X52.047 Y52.047 E0.00684
G1 X52.366 Y51.786 E0.00685
G1 X52.737 Y51.592 E0.00696
G1 X53.117 Y51.476 E0.00661
G1 X53.479 Y51.438 E0.00605
G1 X53.886 Y51.466 E0.00678
G1 X54.281 Y51.573 E0.00681
G1 X54.713 Y51.792 E0.00805
G1 X55.021 Y52.047 E0.00665
G1 X55.312 Y52.418 E0.00784
G1 X55.494 Y52.789 E0.00687
G1 X55.602 Y53.183 E0.00679
G1 X55.63 Y53.594 E0.00685
G1 X55.592 Y53.95 E0.00595
G1 X55.452 Y54.387 E0.00763
G1 X55.285 Y54.699 E0.00589
G1 X55.021 Y55.021 E0.00692
G1 X54.647 Y55.316 E0.00792
G1 X54.334 Y55.476 E0.00585
G0 F5400 X54.425 Y55.776
G0 X58.943 Y62.27
G0 X59.707 Y62.78
G0 X60.561 Y62.956
G0 X61.61 Y62.794
G0 X61.465 Y62.521
G1 F2700 X61.022 Y62.664 E0.00774
G1 X60.661 Y62.702 E0.00604
G1 X60.13 Y62.65 E0.00887
G1 X59.758 Y62.524 E0.00653
G1 X59.423 Y62.344 E0.00632
G1 X59.119 Y62.089 E0.0066
G1 X58.824 Y61.719 E0.00787
G1 X58.645 Y61.353 E0.00678
G1 X58.538 Y60.957 E0.00682
G1 X58.51 Y60.661 E0.00494
G1 X58.54 Y60.233 E0.00714
G1 X58.664 Y59.809 E0.00735
G1 X58.858 Y59.438 E0.00696
G1 X59.119 Y59.119 E0.00685
G1 X59.438 Y58.858 E0.00685
G1 X59.809 Y58.664 E0.00696
G1 X60.187 Y58.548 E0.00658
G1 X60.547 Y58.51 E0.00602
G1 X61.073 Y58.561 E0.00879
G1 X61.459 Y58.688 E0.00676
G1 X61.785 Y58.864 E0.00616
G1 X62.089 Y59.119 E0.0066
G1 X62.384 Y59.49 E0.00788
G1 X62.566 Y59.859 E0.00684
G1 X62.674 Y60.251 E0.00676
G1 X62.702 Y60.661 E0.00683
G1 X62.672 Y60.975 E0.00525
G1 X62.547 Y61.409 E0.00751
G1 X62.35 Y61.776 E0.00693
G1 X62.089 Y62.089 E0.00678
G1 X61.822 Y62.316 E0.00583
G1 X61.465 Y62.521 E0.00685
G0 F5400 X61.61 Y62.794
G0 X65.72 Y68.985
G0 X66.37 Y69.635
G0 X67.218 Y69.986
G0 X68.629 Y69.893
G0 X68.482 Y69.615
G1 F2700 X68.094 Y69.736 E0.00676
G1 X67.733 Y69.774 E0.00604
G1 X67.323 Y69.746 E0.00683
G1 X66.929 Y69.638 E0.00679
G1 X66.495 Y69.412 E0.00814
G1 X66.191 Y69.161 E0.00656
G1 X65.898 Y68.79 E0.00786
G1 X65.719 Y68.432 E0.00666
G1 X65.606 Y68.029 E0.00696
G1 X65.578 Y67.733 E0.00494
G1 X65.608 Y67.305 E0.00714
G1 X65.733 Y66.875 E0.00745
G1 X65.934 Y66.505 E0.007
G1 X66.191 Y66.191 E0.00675
G1 X66.505 Y65.933 E0.00676
G1 X66.875 Y65.733 E0.00699
G1 X67.258 Y65.616 E0.00666
G1 X67.619 Y65.578 E0.00604
G1 X68.152 Y65.631 E0.00891
G1 X68.534 Y65.762 E0.00672
G1 X68.853 Y65.936 E0.00604
G1 X69.161 Y66.191 E0.00665
G1 X69.384 Y66.459 E0.0058
G1 X69.591 Y66.816 E0.00686
G1 X69.746 Y67.323 E0.00882
G1 X69.774 Y67.733 E0.00683
G1 X69.744 Y68.047 E0.00525
G1 X69.615 Y68.482 E0.00755
G1 X69.424 Y68.841 E0.00676
G1 X69.161 Y69.161 E0.00689
G1 X68.788 Y69.456 E0.00791
G1 X68.482 Y69.615 E0.00573
G0 F5400 X68.629 Y69.893
G0 X72.793 Y76.056
G0 X73.44 Y76.705
G0 X74.29 Y77.057
G0 X75.639 Y76.989
G0 X75.55 Y76.688
G1 F2700 X75.166 Y76.804 E0.00667
G1 X74.683 Y76.845 E0.00806
G1 X74.279 Y76.791 E0.00678
G1 X73.893 Y76.664 E0.00676
G1 X73.567 Y76.488 E0.00616
G1 X73.263 Y76.237 E0.00656
G1 X73.03 Y75.955 E0.00608
G1 X72.785 Y75.497 E0.00864
G1 X72.678 Y75.101 E0.00682
G1 X72.65 Y74.691 E0.00683
G1 X72.688 Y74.33 E0.00604
G1 X72.787 Y73.991 E0.00587
G1 X72.996 Y73.583 E0.00762
G1 X73.263 Y73.263 E0.00693
G1 X73.583 Y72.996 E0.00693
G1 X73.942 Y72.805 E0.00676
G1 X74.33 Y72.688 E0.00674
G1 X74.691 Y72.65 E0.00604
G1 X75.101 Y72.678 E0.00683
G1 X75.497 Y72.785 E0.00682
G1 X75.921 Y73.004 E0.00794
G1 X76.237 Y73.263 E0.00679
G1 X76.528 Y73.633 E0.00783
G1 X76.707 Y73.999 E0.00678
G1 X76.813 Y74.387 E0.00669
G1 X76.845 Y74.813 E0.0071
G1 X76.812 Y75.119 E0.00512
G1 X76.688 Y75.55 E0.00746
G1 X76.46 Y75.962 E0.00783
G1 X76.233 Y76.233 E0.00588
G1 X75.911 Y76.498 E0.00694
G1 X75.55 Y76.688 E0.00678
G0 F5400 X75.639 Y76.989
G0 X80.155 Y83.483
G0 X80.92 Y83.994
G0 X82.707 Y84.061
G0 X82.618 Y83.76
G1 F2700 X82.239 Y83.876 E0.00659
G1 X81.877 Y83.914 E0.00605
G1 X81.351 Y83.863 E0.00879
G1 X80.965 Y83.736 E0.00676
G1 X80.639 Y83.56 E0.00616
G1 X80.335 Y83.305 E0.0066
G1 X80.105 Y83.031 E0.00595
G1 X79.902 Y82.674 E0.00683
G1 X79.774 Y82.291 E0.00672
G1 X79.722 Y81.877 E0.00694
G1 X79.752 Y81.449 E0.00714
G1 X79.876 Y81.017 E0.00747
G1 X80.067 Y80.657 E0.00678
G1 X80.331 Y80.331 E0.00698
G1 X80.61 Y80.101 E0.00601
G1 X81.018 Y79.876 E0.00775
G1 X81.402 Y79.76 E0.00667
G1 X81.763 Y79.722 E0.00604
G1 X82.173 Y79.75 E0.00683
G1 X82.674 Y79.902 E0.00871
G1 X82.993 Y80.076 E0.00604
G1 X83.305 Y80.335 E0.00674
G1 X83.6 Y80.705 E0.00787
G1 X83.779 Y81.071 E0.00678
G1 X83.886 Y81.467 E0.00682
G1 X83.914 Y81.877 E0.00683
G1 X83.876 Y82.239 E0.00605
G1 X83.761 Y82.618 E0.00659
G1 X83.599 Y82.934 E0.00591
G1 X83.305 Y83.305 E0.00787
G1 X83.03 Y83.535 E0.00596
G1 X82.618 Y83.76 E0.00781
G0 F5400 X82.707 Y84.061
G0 X87.226 Y90.556
G0 X87.99 Y91.065
G0 X88.845 Y91.24
G0 X89.892 Y91.081
G0 X89.746 Y90.806
G1 F2700 X89.241 Y90.958 E0.00877
G1 X88.831 Y90.986 E0.00683
G1 X88.535 Y90.958 E0.00494
G1 X88.141 Y90.851 E0.00679
G1 X87.715 Y90.632 E0.00797
G1 X87.403 Y90.377 E0.0067
G1 X87.173 Y90.098 E0.00601
G1 X86.974 Y89.746 E0.00672
G1 X86.822 Y89.241 E0.00877
G1 X86.794 Y88.831 E0.00683
G1 X86.832 Y88.469 E0.00605
G1 X86.948 Y88.09 E0.00659
G1 X87.139 Y87.729 E0.00679
G1 X87.403 Y87.403 E0.00698
G1 X87.729 Y87.138 E0.00699
G1 X88.09 Y86.947 E0.00679
G1 X88.469 Y86.832 E0.00659
G1 X88.831 Y86.794 E0.00605
G1 X89.241 Y86.822 E0.00683
G1 X89.637 Y86.929 E0.00682
G1 X90.065 Y87.148 E0.008
G1 X90.377 Y87.403 E0.0067
G1 X90.607 Y87.682 E0.00601
G1 X90.851 Y88.141 E0.00864
G1 X90.958 Y88.535 E0.00679
G1 X90.986 Y88.945 E0.00683
G1 X90.935 Y89.357 E0.0069
G1 X90.806 Y89.746 E0.00682
G1 X90.632 Y90.065 E0.00604
G1 X90.377 Y90.377 E0.0067
G1 X90.098 Y90.607 E0.00601
G1 X89.746 Y90.806 E0.00672
G0 F5400 X89.892 Y91.081
G0 X86.416 Y97.191
G0 X86.416 Y97.587
G1 F2700 X97.587 Y86.416 E0.26272
G1 X13.584 Y2.413 E1.97562
G1 X2.413 Y13.584 E0.26272
G1 X86.416 Y97.587 E1.97562
G0 F5400 X86.416 Y98.153
;TYPE:WALL-OUTER
G1 F1800 X98.153 Y86.416 E0.27604
G1 X13.584 Y1.847 E1.98893
G1 X1.847 Y13.584 E0.27604
G1 X86.416 Y98.153 E1.98893
G0 F5400 X86.557 Y98.012
G0 X86.416 Y97.191
G0 X89.726 Y91.148
G0 X89.522 Y90.468
G1 F1800 X89.203 Y90.56 E0.00552
G1 X88.869 Y90.588 E0.00557
G1 X88.533 Y90.552 E0.00562
G1 X88.257 Y90.468 E0.0048
G1 X87.934 Y90.296 E0.00609
G1 X87.686 Y90.094 E0.00532
G1 X87.463 Y89.814 E0.00595
G1 X87.312 Y89.522 E0.00547
G1 X87.22 Y89.203 E0.00552
G1 X87.192 Y88.907 E0.00494
G1 X87.221 Y88.567 E0.00567
G1 X87.318 Y88.24 E0.00567
G1 X87.473 Y87.949 E0.00548
G1 X87.674 Y87.699 E0.00533
G1 X87.949 Y87.472 E0.00593
G1 X88.24 Y87.318 E0.00548
G1 X88.573 Y87.22 E0.00577
G1 X88.907 Y87.192 E0.00557
G1 X89.242 Y87.228 E0.0056
G1 X89.558 Y87.327 E0.00551
G1 X89.846 Y87.484 E0.00545
G1 X90.094 Y87.686 E0.00532
G1 X90.317 Y87.966 E0.00595
G1 X90.468 Y88.257 E0.00545
G1 X90.56 Y88.573 E0.00547
G1 X90.588 Y88.907 E0.00557
G1 X90.552 Y89.242 E0.0056
G1 X90.453 Y89.558 E0.00551
G1 X90.296 Y89.846 E0.00545
G1 X90.094 Y90.094 E0.00532
G1 X89.814 Y90.317 E0.00595
G1 X89.522 Y90.468 E0.00547
G0 F5400 X89.33 Y90.523
G0 X89.535 Y91.206
G0 X88.432 Y91.199
G0 X87.584 Y90.848
G0 X82.804 Y84.018
G0 X82.468 Y83.39
G1 F1800 X82.135 Y83.488 E0.00577
G1 X81.801 Y83.516 E0.00557
G1 X81.466 Y83.48 E0.0056
G1 X81.151 Y83.382 E0.00549
G1 X80.855 Y83.222 E0.0056
G1 X80.618 Y83.022 E0.00516
G1 X80.413 Y82.776 E0.00533
G1 X80.24 Y82.451 E0.00612
G1 X80.148 Y82.135 E0.00547
G1 X80.12 Y81.839 E0.00494
G1 X80.149 Y81.499 E0.00567
G1 X80.246 Y81.168 E0.00574
G1 X80.401 Y80.877 E0.00548
G1 X80.602 Y80.627 E0.00533
G1 X80.877 Y80.401 E0.00592
G1 X81.168 Y80.246 E0.00548
G1 X81.505 Y80.148 E0.00584
G1 X81.839 Y80.12 E0.00557
G1 X82.175 Y80.156 E0.00562
G1 X82.451 Y80.24 E0.0048
G1 X82.776 Y80.413 E0.00612
G1 X83.008 Y80.605 E0.00501
G1 X83.246 Y80.891 E0.00619
G1 X83.382 Y81.151 E0.00488
G1 X83.488 Y81.505 E0.00615
G1 X83.516 Y81.839 E0.00557
G1 X83.487 Y82.141 E0.00505
G1 X83.39 Y82.468 E0.00567
G1 X83.236 Y82.762 E0.00552
G1 X83.022 Y83.022 E0.0056
G1 X82.762 Y83.236 E0.0056
G1 X82.468 Y83.39 E0.00552
G0 F5400 X82.277 Y83.446
G0 X82.481 Y84.129
G0 X81.361 Y84.128
G0 X80.511 Y83.776
G0 X75.736 Y76.946
G0 X75.4 Y76.318
G1 F1800 X75.102 Y76.408 E0.00518
G1 X74.726 Y76.447 E0.00629
G1 X74.394 Y76.408 E0.00556
G1 X74.079 Y76.31 E0.00549
G1 X73.819 Y76.174 E0.00488
G1 X73.546 Y75.954 E0.00583
G1 X73.34 Y75.703 E0.0054
G1 X73.168 Y75.382 E0.00606
G1 X73.076 Y75.063 E0.00552
G1 X73.048 Y74.767 E0.00494
G1 X73.077 Y74.427 E0.00567
G1 X73.183 Y74.077 E0.00608
G1 X73.329 Y73.805 E0.00513
G1 X73.546 Y73.546 E0.00562
G1 X73.788 Y73.341 E0.00527
G1 X74.095 Y73.175 E0.0058
G1 X74.411 Y73.08 E0.00549
G1 X74.767 Y73.048 E0.00594
G1 X75.102 Y73.084 E0.0056
G1 X75.382 Y73.168 E0.00486
G1 X75.703 Y73.34 E0.00606
G1 X75.954 Y73.546 E0.0054
G1 X76.174 Y73.819 E0.00583
G1 X76.31 Y74.079 E0.00488
G1 X76.408 Y74.394 E0.00549
G1 X76.447 Y74.77 E0.00629
G1 X76.415 Y75.069 E0.005
G1 X76.318 Y75.4 E0.00574
G1 X76.151 Y75.708 E0.00583
G1 X75.95 Y75.95 E0.00523
G1 X75.691 Y76.164 E0.00559
G1 X75.4 Y76.318 E0.00548
G0 F5400 X75.209 Y76.375
G0 X75.413 Y77.057
G0 X74.29 Y77.057
G0 X73.44 Y76.705
G0 X68.536 Y69.927
G0 X68.329 Y69.245
G1 F1800 X67.991 Y69.348 E0.00588
G1 X67.657 Y69.376 E0.00557
G1 X67.321 Y69.34 E0.00562
G1 X67.008 Y69.24 E0.00546
G1 X66.713 Y69.075 E0.00562
G1 X66.474 Y68.878 E0.00515
G1 X66.273 Y68.636 E0.00523
G1 X66.115 Y68.346 E0.00549
G1 X66.004 Y67.991 E0.00619
G1 X65.976 Y67.695 E0.00494
G1 X66.005 Y67.355 E0.00567
G1 X66.096 Y67.045 E0.00537
G1 X66.277 Y66.713 E0.00629
G1 X66.474 Y66.474 E0.00515
G1 X66.728 Y66.265 E0.00547
G1 X67.045 Y66.096 E0.00597
G1 X67.361 Y66.004 E0.00547
G1 X67.695 Y65.976 E0.00557
G1 X67.991 Y66.004 E0.00494
G1 X68.346 Y66.115 E0.00619
G1 X68.636 Y66.273 E0.00549
G1 X68.878 Y66.474 E0.00523
G1 X69.096 Y66.744 E0.00577
G1 X69.256 Y67.045 E0.00567
G1 X69.348 Y67.361 E0.00547
G1 X69.376 Y67.695 E0.00557
G1 X69.347 Y67.997 E0.00505
G1 X69.245 Y68.329 E0.00578
G1 X69.091 Y68.619 E0.00546
G1 X68.878 Y68.878 E0.00558
G1 X68.636 Y69.079 E0.00523
G1 X68.329 Y69.245 E0.0058
G0 F5400 X68.138 Y69.303
G0 X68.345 Y69.986
G0 X67.218 Y69.986
G0 X66.37 Y69.635
G0 X61.444 Y62.863
G0 X61.238 Y62.184
G1 F1800 X60.941 Y62.272 E0.00515
G1 X60.585 Y62.304 E0.00594
G1 X60.248 Y62.268 E0.00564
G1 X59.943 Y62.17 E0.00533
G1 X59.639 Y62.006 E0.00574
G1 X59.402 Y61.806 E0.00516
G1 X59.178 Y61.533 E0.00587
G1 X59.042 Y61.273 E0.00488
G1 X58.936 Y60.919 E0.00615
G1 X58.908 Y60.623 E0.00494
G1 X58.944 Y60.248 E0.00626
G1 X59.034 Y59.96 E0.00502
G1 X59.192 Y59.658 E0.00567
G1 X59.39 Y59.415 E0.00521
G1 X59.658 Y59.192 E0.0058
G1 X59.96 Y59.034 E0.00567
G1 X60.289 Y58.936 E0.00571
G1 X60.623 Y58.908 E0.00557
G1 X60.958 Y58.944 E0.0056
G1 X61.273 Y59.042 E0.00549
G1 X61.569 Y59.202 E0.0056
G1 X61.806 Y59.402 E0.00516
G1 X62.03 Y59.675 E0.00587
G1 X62.184 Y59.977 E0.00564
G1 X62.276 Y60.289 E0.00541
G1 X62.304 Y60.623 E0.00557
G1 X62.275 Y60.925 E0.00505
G1 X62.169 Y61.275 E0.00608
G1 X62.006 Y61.569 E0.00559
G1 X61.806 Y61.806 E0.00516
G1 X61.535 Y62.029 E0.00584
G1 X61.238 Y62.184 E0.00557
G0 F5400 X61.047 Y62.24
G0 X61.254 Y62.921
G0 X60.147 Y62.915
G0 X59.299 Y62.564
G0 X54.391 Y55.786
G0 X54.184 Y55.106
G1 F1800 X53.848 Y55.204 E0.00582
G1 X53.517 Y55.232 E0.00552
G1 X53.181 Y55.196 E0.00562
G1 X52.905 Y55.112 E0.0048
G1 X52.603 Y54.958 E0.00564
G1 X52.33 Y54.738 E0.00583
G1 X52.129 Y54.496 E0.00523
G1 X51.97 Y54.201 E0.00557
G1 X51.864 Y53.848 E0.00613
G1 X51.836 Y53.556 E0.00488
G1 X51.865 Y53.215 E0.00569
G1 X51.962 Y52.888 E0.00567
G1 X52.12 Y52.585 E0.00568
G1 X52.318 Y52.343 E0.0052
G1 X52.586 Y52.12 E0.0058
G1 X52.888 Y51.962 E0.00567
G1 X53.221 Y51.864 E0.00577
G1 X53.556 Y51.836 E0.00559
G1 X53.848 Y51.864 E0.00488
G1 X54.201 Y51.97 E0.00613
G1 X54.496 Y52.129 E0.00557
G1 X54.738 Y52.33 E0.00523
G1 X54.958 Y52.603 E0.00583
G1 X55.112 Y52.905 E0.00564
G1 X55.204 Y53.221 E0.00547
G1 X55.232 Y53.556 E0.00559
G1 X55.203 Y53.853 E0.00496
G1 X55.106 Y54.184 E0.00574
G1 X54.939 Y54.496 E0.00589
G1 X54.738 Y54.738 E0.00523
G1 X54.496 Y54.939 E0.00523
G1 X54.184 Y55.106 E0.00589
G0 F5400 X53.992 Y55.162
G0 X54.2 Y55.845
G0 X53.076 Y55.844
G0 X52.228 Y55.493
G0 X47.317 Y48.716
G0 X47.108 Y48.034
G1 F1800 X46.779 Y48.132 E0.00571
G1 X46.445 Y48.16 E0.00557
G1 X46.11 Y48.124 E0.0056
G1 X45.795 Y48.026 E0.00549
G1 X45.499 Y47.866 E0.0056
G1 X45.262 Y47.666 E0.00516
G1 X45.038 Y47.393 E0.00587
G1 X44.884 Y47.091 E0.00564
G1 X44.792 Y46.779 E0.00541
G1 X44.764 Y46.483 E0.00494
G1 X44.793 Y46.143 E0.00567
G1 X44.899 Y45.793 E0.00608
G1 X45.062 Y45.499 E0.00559
G1 X45.262 Y45.262 E0.00516
G1 X45.533 Y45.039 E0.00584
G1 X45.83 Y44.884 E0.00557
G1 X46.127 Y44.796 E0.00515
G1 X46.483 Y44.764 E0.00594
G1 X46.82 Y44.8 E0.00564
G1 X47.125 Y44.898 E0.00533
G1 X47.429 Y45.062 E0.00574
G1 X47.666 Y45.262 E0.00516
G1 X47.89 Y45.535 E0.00587
G1 X48.026 Y45.795 E0.00488
G1 X48.132 Y46.149 E0.00615
G1 X48.16 Y46.483 E0.00557
G1 X48.124 Y46.82 E0.00564
G1 X48.034 Y47.108 E0.00502
G1 X47.876 Y47.41 E0.00567
G1 X47.678 Y47.653 E0.00521
G1 X47.411 Y47.876 E0.00579
G1 X47.108 Y48.034 E0.00568
G0 F5400 X46.917 Y48.091
G0 X47.126 Y48.775
G0 X46.007 Y48.774
G0 X45.157 Y48.422
G0 X40.23 Y41.65
G0 X40.023 Y40.972
G1 F1800 X39.707 Y41.064 E0.00547
G1 X39.373 Y41.092 E0.00557
G1 X39.077 Y41.064 E0.00494
G1 X38.722 Y40.953 E0.00619
G1 X38.432 Y40.795 E0.00549
G1 X38.19 Y40.594 E0.00523
G1 X37.972 Y40.324 E0.00577
G1 X37.812 Y40.023 E0.00567
G1 X37.72 Y39.707 E0.00547
G1 X37.692 Y39.411 E0.00494
G1 X37.721 Y39.071 E0.00567
G1 X37.823 Y38.739 E0.00578
G1 X37.977 Y38.449 E0.00546
G1 X38.19 Y38.19 E0.00558
G1 X38.432 Y37.989 E0.00523
G1 X38.739 Y37.823 E0.0058
G1 X39.037 Y37.728 E0.0052
G1 X39.411 Y37.692 E0.00625
G1 X39.747 Y37.728 E0.00562
G1 X40.06 Y37.828 E0.00546
G1 X40.355 Y37.993 E0.00562
G1 X40.594 Y38.19 E0.00515
G1 X40.795 Y38.432 E0.00523
G1 X40.953 Y38.722 E0.00549
G1 X41.064 Y39.077 E0.00619
G1 X41.092 Y39.411 E0.00557
G1 X41.063 Y39.713 E0.00505
G1 X40.972 Y40.023 E0.00537
G1 X40.791 Y40.355 E0.00629
G1 X40.594 Y40.594 E0.00515
G1 X40.34 Y40.803 E0.00547
G1 X40.023 Y40.972 E0.00597
G0 F5400 X39.831 Y41.027
G0 X40.039 Y41.709
G0 X38.936 Y41.703
G0 X38.086 Y41.351
G0 X33.177 Y34.573
G0 X32.969 Y33.893
G1 F1800 X32.635 Y33.992 E0.00579
G1 X32.301 Y34.02 E0.00557
G1 X31.966 Y33.984 E0.0056
G1 X31.648 Y33.884 E0.00554
G1 X31.36 Y33.723 E0.00549
G1 X31.118 Y33.522 E0.00523
G1 X30.899 Y33.25 E0.00581
G1 X30.744 Y32.951 E0.0056
G1 X30.66 Y32.675 E0.0048
G1 X30.621 Y32.342 E0.00558
G1 X30.653 Y31.999 E0.00573
G1 X30.75 Y31.668 E0.00574
G1 X30.904 Y31.377 E0.00548
G1 X31.118 Y31.118 E0.00559
G1 X31.378 Y30.904 E0.0056
G1 X31.668 Y30.75 E0.00546
G1 X31.966 Y30.66 E0.00518
G1 X32.342 Y30.621 E0.00629
G1 X32.675 Y30.66 E0.00558
G1 X32.951 Y30.744 E0.0048
G1 X33.283 Y30.921 E0.00626
G1 X33.522 Y31.118 E0.00515
G1 X33.723 Y31.36 E0.00523
G1 X33.884 Y31.648 E0.00549
G1 X33.992 Y32.005 E0.0062
G1 X34.02 Y32.339 E0.00557
G1 X33.991 Y32.641 E0.00505
G1 X33.899 Y32.953 E0.00541
G1 X33.735 Y33.267 E0.00589
G1 X33.522 Y33.522 E0.00553
G1 X33.284 Y33.723 E0.00518
G1 X32.969 Y33.893 E0.00595
G0 F5400 X32.778 Y33.949
G0 X32.987 Y34.632
G0 X31.865 Y34.632
G0 X31.015 Y34.28
G0 X26.104 Y27.502
G0 X25.9 Y26.822
G1 F1800 X25.563 Y26.92 E0.00584
G1 X25.229 Y26.948 E0.00557
G1 X24.893 Y26.912 E0.00562
G1 X24.617 Y26.828 E0.0048
G1 X24.292 Y26.655 E0.00612
G1 X24.06 Y26.463 E0.00501
G1 X23.822 Y26.177 E0.00619
G1 X23.686 Y25.917 E0.00488
G1 X23.58 Y25.563 E0.00615
G1 X23.552 Y25.267 E0.00494
G1 X23.581 Y24.927 E0.00567
G1 X23.678 Y24.6 E0.00567
G1 X23.832 Y24.306 E0.00552
G1 X24.046 Y24.046 E0.0056
G1 X24.306 Y23.832 E0.0056
G1 X24.6 Y23.678 E0.00552
G1 X24.933 Y23.58 E0.00577
G1 X25.267 Y23.552 E0.00557
G1 X25.602 Y23.588 E0.0056
G1 X25.917 Y23.686 E0.00549
G1 X26.213 Y23.846 E0.0056
G1 X26.45 Y24.046 E0.00516
G1 X26.655 Y24.292 E0.00533
G1 X26.828 Y24.617 E0.00612
G1 X26.92 Y24.933 E0.00547
G1 X26.948 Y25.267 E0.00557
G1 X26.919 Y25.569 E0.00505
G1 X26.822 Y25.9 E0.00574
G1 X26.677 Y26.175 E0.00517
G1 X26.466 Y26.441 E0.00565
G1 X26.191 Y26.667 E0.00592
G1 X25.9 Y26.822 E0.00548
G0 F5400 X25.708 Y26.877
G0 X25.913 Y27.56
G0 X24.794 Y27.559
G0 X23.944 Y27.207
G0 X19.163 Y20.379
G0 X18.828 Y19.75
G1 F1800 X18.495 Y19.848 E0.00577
G1 X18.161 Y19.876 E0.00557
G1 X17.826 Y19.84 E0.0056
G1 X17.51 Y19.741 E0.00551
G1 X17.22 Y19.583 E0.00549
G1 X16.974 Y19.378 E0.00533
G1 X16.755 Y19.107 E0.00579
G1 X16.6 Y18.811 E0.00556
G1 X16.508 Y18.495 E0.00547
G1 X16.48 Y18.161 E0.00557
G1 X16.509 Y17.859 E0.00505
G1 X16.606 Y17.528 E0.00574
G1 X16.778 Y17.215 E0.00594
G1 X16.978 Y16.978 E0.00516
G1 X17.218 Y16.776 E0.00522
G1 X17.528 Y16.606 E0.00588
G1 X17.865 Y16.508 E0.00584
G1 X18.199 Y16.48 E0.00557
G1 X18.535 Y16.516 E0.00562
G1 X18.847 Y16.615 E0.00544
G1 X19.139 Y16.777 E0.00555
G1 X19.378 Y16.974 E0.00515
G1 X19.583 Y17.22 E0.00533
G1 X19.756 Y17.546 E0.00614
G1 X19.848 Y17.865 E0.00552
G1 X19.876 Y18.199 E0.00557
G1 X19.847 Y18.501 E0.00505
G1 X19.75 Y18.828 E0.00567
G1 X19.595 Y19.119 E0.00548
G1 X19.394 Y19.369 E0.00533
G1 X19.119 Y19.595 E0.00592
G1 X18.828 Y19.75 E0.00548
G0 F5400 X18.637 Y19.806
G0 X18.842 Y20.489
G0 X17.723 Y20.488
G0 X16.873 Y20.136
G0 X12.096 Y13.306
G0 X11.76 Y12.678
G1 F1800 X11.462 Y12.768 E0.00518
G1 X11.086 Y12.807 E0.00629
G1 X10.754 Y12.768 E0.00556
G1 X10.474 Y12.684 E0.00486
G1 X10.165 Y12.52 E0.00582
G1 X9.906 Y12.31 E0.00555
G1 X9.701 Y12.064 E0.00533
G1 X9.528 Y11.742 E0.00608
G1 X9.436 Y11.423 E0.00552
G1 X9.408 Y11.089 E0.00557
G1 X9.444 Y10.754 E0.0056
G1 X9.543 Y10.437 E0.00552
G1 X9.701 Y10.152 E0.00542
G1 X9.92 Y9.893 E0.00564
G1 X10.185 Y9.679 E0.00566
G1 X10.474 Y9.528 E0.00542
G1 X10.793 Y9.436 E0.00552
G1 X11.127 Y9.408 E0.00557
G1 X11.462 Y9.444 E0.0056
G1 X11.742 Y9.528 E0.00486
G1 X12.032 Y9.679 E0.00544
G1 X12.31 Y9.906 E0.00597
G1 X12.52 Y10.165 E0.00555
G1 X12.684 Y10.474 E0.00582
G1 X12.768 Y10.754 E0.00486
G1 X12.807 Y11.13 E0.00629
G1 X12.775 Y11.429 E0.005
G1 X12.678 Y11.76 E0.00574
G1 X12.523 Y12.047 E0.00542
G1 X12.322 Y12.297 E0.00533
G1 X12.047 Y12.523 E0.00592
G1 X11.76 Y12.678 E0.00542
G0 F5400 X11.569 Y12.735
G0 X11.774 Y13.418
G0 X16.517 Y19.845
G0 X86.416 Y97.045
;TYPE:SKIN
G1 F1800 X2.951 Y13.584 E1.96292
G1 X13.584 Y2.951 E0.25007
G1 X97.049 Y86.416 E1.96297
G1 X86.416 Y97.045 E0.25002
G0 F5400 X89.435 Y91.303
G1 F1800 X89.895 Y91.155 E0.00804
G1 X90.313 Y90.918 E0.00799
G1 X90.642 Y90.646 E0.0071
G1 X90.952 Y90.265 E0.00817
G1 X91.14 Y89.925 E0.00646
G1 X91.303 Y89.435 E0.00859
G1 X91.363 Y88.991 E0.00745
G1 X91.336 Y88.503 E0.00813
G1 X91.138 Y87.843 E0.01146
G1 X90.918 Y87.463 E0.0073
G1 X90.646 Y87.134 E0.0071
G1 X90.259 Y86.821 E0.00828
G1 X89.775 Y86.577 E0.00901
G1 X89.273 Y86.44 E0.00865
G1 X88.821 Y86.412 E0.00753
G1 X88.392 Y86.459 E0.00718
G1 X87.948 Y86.59 E0.0077
G1 X87.505 Y86.828 E0.00836
G1 X87.146 Y87.12 E0.0077
G1 X86.865 Y87.453 E0.00725
G1 X86.59 Y87.944 E0.00936
G1 X86.459 Y88.393 E0.00778
G1 X86.412 Y88.821 E0.00716
G1 X86.448 Y89.314 E0.00822
G1 X86.638 Y89.933 E0.01077
G1 X86.858 Y90.313 E0.0073
G1 X87.13 Y90.642 E0.0071
G1 X87.482 Y90.928 E0.00754
G1 X87.854 Y91.139 E0.00711
G1 X88.336 Y91.304 E0.00847
G1 X88.991 Y91.363 E0.01094
G1 X89.435 Y91.303 E0.00745
G0 F5400 X88.432 Y91.199
G0 X87.584 Y90.848
G0 X82.756 Y84.114
G1 F1800 X83.2 Y83.88 E0.00835
G1 X83.574 Y83.57 E0.00808
G1 X83.884 Y83.194 E0.0081
G1 X84.114 Y82.756 E0.00823
G1 X84.249 Y82.312 E0.00772
G1 X84.291 Y81.918 E0.00659
G1 X84.264 Y81.435 E0.00804
G1 X84.146 Y80.969 E0.00799
G1 X83.912 Y80.497 E0.00876
G1 X83.518 Y80.014 E0.01037
G1 X83.221 Y79.775 E0.00634
G1 X82.85 Y79.565 E0.00709
G1 X82.367 Y79.4 E0.00849
G1 X81.759 Y79.344 E0.01015
G1 X81.325 Y79.387 E0.00725
G1 X80.872 Y79.522 E0.00786
G1 X80.439 Y79.753 E0.00816
G1 X80.004 Y80.124 E0.00951
G1 X79.749 Y80.441 E0.00677
G1 X79.522 Y80.873 E0.00812
G1 X79.373 Y81.398 E0.00908
G1 X79.344 Y81.915 E0.00861
G1 X79.372 Y82.211 E0.00494
G1 X79.49 Y82.668 E0.00785
G1 X79.696 Y83.1 E0.00796
G1 X80.014 Y83.518 E0.00873
G1 X80.4 Y83.855 E0.00852
G1 X80.789 Y84.069 E0.00738
G1 X81.272 Y84.232 E0.00848
G1 X81.88 Y84.292 E0.01016
G1 X82.312 Y84.249 E0.00722
G1 X82.756 Y84.114 E0.00772
G0 F5400 X81.82 Y84.174
G0 X80.92 Y83.994
G0 X80.155 Y83.483
G0 X75.687 Y77.042
G1 F1800 X76.122 Y76.812 E0.00818
G1 X76.506 Y76.494 E0.00829
G1 X76.771 Y76.175 E0.0069
G1 X77.042 Y75.692 E0.00921
G1 X77.173 Y75.242 E0.00779
G1 X77.22 Y74.677 E0.00943
G1 X77.159 Y74.196 E0.00806
G1 X77.073 Y73.892 E0.00525
G1 X76.864 Y73.459 E0.008
G1 X76.506 Y72.994 E0.00976
G1 X76.152 Y72.701 E0.00764
G1 X75.635 Y72.433 E0.00968
G1 X75.133 Y72.296 E0.00865
G1 X74.681 Y72.268 E0.00753
G1 X74.248 Y72.316 E0.00724
G1 X73.773 Y72.463 E0.00827
G1 X73.305 Y72.725 E0.00892
G1 X72.994 Y72.99 E0.00679
G1 X72.731 Y73.297 E0.00672
G1 X72.455 Y73.789 E0.00938
G1 X72.315 Y74.252 E0.00804
G1 X72.268 Y74.681 E0.00718
G1 X72.302 Y75.173 E0.0082
G1 X72.418 Y75.601 E0.00737
G1 X72.734 Y76.197 E0.01122
G1 X72.982 Y76.493 E0.00642
G1 X73.333 Y76.784 E0.00758
G1 X73.747 Y77.01 E0.00784
G1 X74.159 Y77.15 E0.00724
G1 X74.632 Y77.219 E0.00795
G1 X75.256 Y77.17 E0.01041
G1 X75.687 Y77.042 E0.00748
G0 F5400 X74.749 Y77.103
G0 X73.849 Y76.923
G0 X73.084 Y76.412
G0 X68.634 Y69.965
G1 F1800 X69.103 Y69.703 E0.00893
G1 X69.43 Y69.426 E0.00713
G1 X69.744 Y69.043 E0.00824
G1 X69.965 Y68.629 E0.0078
G1 X70.091 Y68.223 E0.00707
G1 X70.152 Y67.732 E0.00823
G1 X70.092 Y67.128 E0.01009
G1 X69.938 Y66.663 E0.00815
G1 X69.693 Y66.238 E0.00816
G1 X69.426 Y65.918 E0.00693
G1 X69.088 Y65.637 E0.00731
G1 X68.709 Y65.424 E0.00723
G1 X68.228 Y65.26 E0.00845
G1 X67.616 Y65.2 E0.01023
G1 X67.182 Y65.243 E0.00725
G1 X66.825 Y65.343 E0.00617
G1 X66.288 Y65.618 E0.01003
G1 X65.936 Y65.905 E0.00755
G1 X65.615 Y66.295 E0.0084
G1 X65.378 Y66.732 E0.00827
G1 X65.229 Y67.251 E0.00898
G1 X65.2 Y67.772 E0.00868
G1 X65.228 Y68.064 E0.00488
G1 X65.35 Y68.532 E0.00804
G1 X65.578 Y68.996 E0.0086
G1 X65.922 Y69.43 E0.00921
G1 X66.216 Y69.675 E0.00636
G1 X66.627 Y69.917 E0.00793
G1 X67.244 Y70.115 E0.01078
G1 X67.739 Y70.152 E0.00825
G1 X68.186 Y70.104 E0.00748
G1 X68.634 Y69.965 E0.0078
G0 F5400 X67.678 Y70.032
G0 X66.778 Y69.851
G0 X66.014 Y69.341
G0 X61.548 Y62.898
G1 F1800 X61.938 Y62.693 E0.00733
G1 X62.358 Y62.354 E0.00898
G1 X62.662 Y61.985 E0.00795
G1 X62.859 Y61.631 E0.00674
G1 X63.037 Y61.098 E0.00935
G1 X63.079 Y60.701 E0.00664
G1 X63.052 Y60.219 E0.00803
G1 X62.858 Y59.571 E0.01125
G1 X62.622 Y59.163 E0.00784
G1 X62.292 Y58.789 E0.00829
G1 X62.016 Y58.561 E0.00595
G1 X61.605 Y58.338 E0.00778
G1 X61.148 Y58.188 E0.008
G1 X60.544 Y58.128 E0.01009
G1 X60.109 Y58.175 E0.00728
G1 X59.729 Y58.286 E0.00658
G1 X59.208 Y58.549 E0.00971
G1 X58.797 Y58.907 E0.00906
G1 X58.548 Y59.213 E0.00656
G1 X58.342 Y59.593 E0.00719
G1 X58.175 Y60.108 E0.009
G1 X58.128 Y60.537 E0.00718
G1 X58.156 Y60.989 E0.00753
G1 X58.279 Y61.453 E0.00798
G1 X58.484 Y61.884 E0.00794
G1 X58.898 Y62.402 E0.01103
G1 X59.193 Y62.644 E0.00635
G1 X59.574 Y62.859 E0.00728
G1 X60.174 Y63.044 E0.01044
G1 X60.667 Y63.08 E0.00822
G1 X61.11 Y63.033 E0.00741
G1 X61.548 Y62.898 E0.00762
G0 F5400 X60.607 Y62.961
G0 X59.707 Y62.78
G0 X58.943 Y62.27
G0 X54.476 Y55.828
G1 F1800 X54.897 Y55.61 E0.00788
G1 X55.277 Y55.298 E0.00818
G1 X55.587 Y54.928 E0.00803
G1 X55.831 Y54.468 E0.00866
G1 X55.965 Y54.024 E0.00771
G1 X56.007 Y53.634 E0.00652
G1 X55.98 Y53.147 E0.00811
G1 X55.804 Y52.542 E0.01048
G1 X55.558 Y52.1 E0.00841
G1 X55.286 Y51.774 E0.00706
G1 X54.949 Y51.49 E0.00733
G1 X54.417 Y51.22 E0.00992
G1 X53.917 Y51.084 E0.00862
G1 X53.469 Y51.056 E0.00746
G1 X53.06 Y51.101 E0.00684
G1 X52.518 Y51.271 E0.00945
G1 X52.137 Y51.476 E0.00719
G1 X51.787 Y51.77 E0.0076
G1 X51.469 Y52.148 E0.00821
G1 X51.272 Y52.515 E0.00693
G1 X51.104 Y53.039 E0.00915
G1 X51.056 Y53.469 E0.0072
G1 X51.084 Y53.917 E0.00746
G1 X51.219 Y54.415 E0.00858
G1 X51.411 Y54.815 E0.00738
G1 X51.778 Y55.29 E0.00998
G1 X52.151 Y55.592 E0.00798
G1 X52.507 Y55.788 E0.00676
G1 X52.984 Y55.948 E0.00837
G1 X53.596 Y56.008 E0.01023
G1 X54.024 Y55.965 E0.00715
G1 X54.476 Y55.828 E0.00785
G0 F5400 X53.536 Y55.89
G0 X52.636 Y55.709
G0 X51.872 Y55.199
G0 X47.331 Y48.78
G1 F1800 X47.857 Y48.514 E0.0098
G1 X48.266 Y48.157 E0.00903
G1 X48.527 Y47.836 E0.00688
G1 X48.725 Y47.474 E0.00686
G1 X48.887 Y46.978 E0.00868
G1 X48.935 Y46.562 E0.00696
G1 X48.908 Y46.079 E0.00804
G1 X48.79 Y45.613 E0.00799
G1 X48.58 Y45.179 E0.00802
G1 X48.166 Y44.662 E0.01101
G1 X47.876 Y44.421 E0.00627
G1 X47.489 Y44.204 E0.00738
G1 X46.89 Y44.02 E0.01042
G1 X46.397 Y43.984 E0.00822
G1 X45.964 Y44.032 E0.00724
G1 X45.516 Y44.166 E0.00778
G1 X45.126 Y44.371 E0.00733
G1 X44.722 Y44.695 E0.00861
G1 X44.398 Y45.079 E0.00836
G1 X44.205 Y45.433 E0.00671
G1 X44.031 Y45.965 E0.00931
G1 X43.984 Y46.397 E0.00723
G1 X44.02 Y46.89 E0.00822
G1 X44.206 Y47.493 E0.01049
G1 X44.442 Y47.901 E0.00784
G1 X44.773 Y48.276 E0.00832
G1 X45.053 Y48.504 E0.006
G1 X45.432 Y48.712 E0.00719
G1 X45.916 Y48.876 E0.0085
G1 X46.524 Y48.936 E0.01016
G1 X46.96 Y48.893 E0.00729
G1 X47.331 Y48.78 E0.00645
G0 F5400 X46.464 Y48.818
G0 X45.564 Y48.638
G0 X44.801 Y48.128
G0 X40.261 Y41.715
G1 F1800 X40.78 Y41.447 E0.00971
G1 X41.154 Y41.133 E0.00812
G1 X41.453 Y40.769 E0.00783
G1 X41.686 Y40.336 E0.00818
G1 X41.805 Y39.956 E0.00662
G1 X41.867 Y39.491 E0.0078
G1 X41.84 Y39.007 E0.00806
G1 X41.713 Y38.53 E0.00821
G1 X41.486 Y38.068 E0.00856
G1 X41.142 Y37.634 E0.00921
G1 X40.822 Y37.371 E0.00689
G1 X40.4 Y37.128 E0.0081
G1 X39.82 Y36.948 E0.0101
G1 X39.325 Y36.912 E0.00825
G1 X38.877 Y36.964 E0.0075
G1 X38.444 Y37.098 E0.00754
G1 X37.992 Y37.341 E0.00853
G1 X37.634 Y37.638 E0.00774
G1 X37.325 Y38.013 E0.00808
G1 X37.098 Y38.44 E0.00804
G1 X36.957 Y38.912 E0.00819
G1 X36.912 Y39.332 E0.00702
G1 X36.972 Y39.936 E0.01009
G1 X37.126 Y40.401 E0.00815
G1 X37.371 Y40.826 E0.00816
G1 X37.685 Y41.189 E0.00798
G1 X37.983 Y41.429 E0.00636
G1 X38.354 Y41.639 E0.00709
G1 X38.79 Y41.794 E0.0077
G1 X39.451 Y41.867 E0.01106
G1 X39.888 Y41.825 E0.0073
G1 X40.261 Y41.715 E0.00647
G0 F5400 X39.393 Y41.747
G0 X38.493 Y41.567
G0 X37.73 Y41.057
G0 X33.26 Y34.614
G1 F1800 X33.716 Y34.371 E0.00859
G1 X34.074 Y34.07 E0.00778
G1 X34.387 Y33.696 E0.00811
G1 X34.614 Y33.264 E0.00812
G1 X34.755 Y32.8 E0.00806
G1 X34.795 Y32.417 E0.0064
G1 X34.768 Y31.935 E0.00803
G1 X34.65 Y31.469 E0.00799
G1 X34.344 Y30.892 E0.01086
G1 X34.074 Y30.566 E0.00704
G1 X33.701 Y30.26 E0.00802
G1 X33.353 Y30.068 E0.00661
G1 X32.909 Y29.914 E0.00782
G1 X32.432 Y29.845 E0.00802
G1 X31.821 Y29.892 E0.01019
G1 X31.396 Y30.015 E0.00736
G1 X30.934 Y30.258 E0.00868
G1 X30.562 Y30.566 E0.00803
G1 X30.265 Y30.924 E0.00774
G1 X30.022 Y31.377 E0.00855
G1 X29.891 Y31.824 E0.00775
G1 X29.845 Y32.208 E0.00643
G1 X29.872 Y32.712 E0.00839
G1 X30.008 Y33.205 E0.0085
G1 X30.208 Y33.609 E0.0075
G1 X30.618 Y34.122 E0.01092
G1 X30.913 Y34.364 E0.00635
G1 X31.428 Y34.634 E0.00967
G1 X31.897 Y34.762 E0.00808
G1 X32.383 Y34.796 E0.0081
G1 X32.831 Y34.748 E0.00749
G1 X33.26 Y34.614 E0.00747
G0 F5400 X32.322 Y34.676
G0 X31.422 Y34.496
G0 X30.659 Y33.986
G0 X26.174 Y27.552
G1 F1800 X26.543 Y27.363 E0.00689
G1 X27.018 Y26.993 E0.01001
G1 X27.363 Y26.543 E0.00943
G1 X27.546 Y26.191 E0.0066
G1 X27.661 Y25.807 E0.00667
G1 X27.723 Y25.347 E0.00772
G1 X27.696 Y24.863 E0.00806
G1 X27.578 Y24.4 E0.00795
G1 X27.364 Y23.959 E0.00815
G1 X27.05 Y23.546 E0.00863
G1 X26.664 Y23.209 E0.00852
G1 X26.249 Y22.982 E0.00787
G1 X25.792 Y22.832 E0.008
G1 X25.188 Y22.772 E0.01009
G1 X24.752 Y22.819 E0.00729
G1 X24.291 Y22.958 E0.00801
G1 X23.852 Y23.193 E0.00828
G1 X23.508 Y23.477 E0.00742
G1 X23.181 Y23.873 E0.00854
G1 X22.95 Y24.308 E0.00819
G1 X22.819 Y24.752 E0.0077
G1 X22.772 Y25.181 E0.00718
G1 X22.8 Y25.633 E0.00753
G1 X22.923 Y26.097 E0.00798
G1 X23.152 Y26.567 E0.00869
G1 X23.546 Y27.05 E0.01037
G1 X23.875 Y27.312 E0.00699
G1 X24.215 Y27.5 E0.00646
G1 X24.65 Y27.654 E0.00767
G1 X25.308 Y27.724 E0.011
G1 X25.74 Y27.681 E0.00722
G1 X26.174 Y27.552 E0.00753
G0 F5400 X25.251 Y27.605
G0 X24.351 Y27.425
G0 X23.588 Y26.916
G0 X19.099 Y20.48
G1 F1800 X19.547 Y20.247 E0.0084
G1 X19.921 Y19.942 E0.00803
G1 X20.199 Y19.611 E0.00719
G1 X20.474 Y19.119 E0.00937
G1 X20.609 Y18.672 E0.00777
G1 X20.651 Y18.278 E0.00659
G1 X20.624 Y17.795 E0.00804
G1 X20.444 Y17.174 E0.01075
G1 X20.181 Y16.718 E0.00875
G1 X19.926 Y16.418 E0.00655
G1 X19.593 Y16.138 E0.00724
G1 X19.029 Y15.85 E0.01053
G1 X18.601 Y15.734 E0.00737
G1 X18.113 Y15.7 E0.00814
G1 X17.684 Y15.747 E0.00718
G1 X17.232 Y15.882 E0.00784
G1 X16.802 Y16.108 E0.00808
G1 X16.414 Y16.434 E0.00843
G1 X16.129 Y16.78 E0.00745
G1 X15.882 Y17.232 E0.00857
G1 X15.735 Y17.744 E0.00886
G1 X15.704 Y18.086 E0.00571
G1 X15.728 Y18.559 E0.00788
G1 X15.912 Y19.183 E0.01082
G1 X16.15 Y19.605 E0.00806
G1 X16.474 Y19.978 E0.00822
G1 X16.809 Y20.247 E0.00714
G1 X17.289 Y20.491 E0.00895
G1 X17.757 Y20.618 E0.00806
G1 X18.243 Y20.652 E0.0081
G1 X18.672 Y20.609 E0.00717
G1 X19.099 Y20.48 E0.00742
G0 F5400 X18.18 Y20.534
G0 X17.28 Y20.354
G0 X16.517 Y19.845
G0 X12.052 Y13.402
G1 F1800 X12.464 Y13.18 E0.00778
G1 X12.921 Y12.794 E0.00995
G1 X13.176 Y12.474 E0.0068
G1 X13.398 Y12.051 E0.00794
G1 X13.533 Y11.603 E0.00778
G1 X13.58 Y11.037 E0.00945
G1 X13.519 Y10.556 E0.00806
G1 X13.366 Y10.095 E0.00808
G1 X13.156 Y9.712 E0.00726
G1 X12.862 Y9.354 E0.0077
G1 X12.395 Y8.989 E0.00986
G1 X11.956 Y8.774 E0.00813
G1 X11.532 Y8.662 E0.00729
G1 X11.045 Y8.628 E0.00812
G1 X10.557 Y8.689 E0.00818
G1 X10.095 Y8.842 E0.00809
G1 X9.655 Y9.098 E0.00847
G1 X9.35 Y9.354 E0.00662
G1 X9.041 Y9.73 E0.00809
G1 X8.842 Y10.095 E0.00691
G1 X8.698 Y10.519 E0.00745
G1 X8.628 Y11.045 E0.00882
G1 X8.656 Y11.493 E0.00746
G1 X8.774 Y11.956 E0.00795
G1 X9.08 Y12.532 E0.01085
G1 X9.414 Y12.918 E0.00849
G1 X9.729 Y13.163 E0.00664
G1 X10.095 Y13.366 E0.00696
G1 X10.519 Y13.51 E0.00745
G1 X10.992 Y13.579 E0.00795
G1 X11.616 Y13.53 E0.01041
G1 X12.052 Y13.402 E0.00756
G0 F5400 X3.31 Y13.661
G1 F1800 X13.661 Y3.31 E0.24344
G0 F5400 X13.943 Y3.593
G1 F1800 X3.593 Y13.943 E0.24342
G0 F5400 X3.876 Y14.226
G1 F1800 X14.226 Y3.876 E0.24342
G0 F5400 X14.509 Y4.158
G1 F1800 X9.994 Y8.673 E0.10619
G1 X9.924 Y8.743
G0 F5400 X10.771 Y8.462
G1 F1800 X14.792 Y4.441 E0.09457
G0 F5400 X15.075 Y4.724
G1 F1800 X11.35 Y8.449 E0.08761
G0 F5400 X11.828 Y8.537
G1 F1800 X15.358 Y5.007 E0.08302
G0 F5400 X15.64 Y5.29
G1 F1800 X12.239 Y8.692 E0.08
G0 F5400 X12.602 Y8.894
G1 F1800 X15.923 Y5.573 E0.0781
G0 F5400 X16.206 Y5.856
G1 F1800 X12.917 Y9.144 E0.07734
G0 F5400 X13.19 Y9.438
G1 F1800 X16.489 Y6.138 E0.0776
G0 F5400 X16.772 Y6.421
G1 F1800 X13.417 Y9.776 E0.0789
G0 F5400 X13.598 Y10.161
G1 F1800 X17.055 Y6.704 E0.0813
G0 F5400 X17.338 Y6.987
G1 F1800 X13.727 Y10.597 E0.08491
G0 F5400 X13.774 Y11.116
G1 F1800 X17.62 Y7.27 E0.09045
G0 F5400 X17.903 Y7.553
G1 F1800 X13.69 Y11.766 E0.09908
G1 X13.62 Y11.836
G0 F5400 X11.763 Y13.692
G1 F1800 X7.553 Y17.903 E0.09902
G0 F5400 X7.835 Y18.186
G1 F1800 X18.186 Y7.835 E0.24344
G0 F5400 X18.469 Y8.118
G1 F1800 X8.118 Y18.469 E0.24344
G0 F5400 X8.401 Y18.752
G1 F1800 X18.752 Y8.401 E0.24344
G0 F5400 X19.035 Y8.684
G1 F1800 X8.684 Y19.035 E0.24344
G0 F5400 X8.967 Y19.317
G1 F1800 X19.317 Y8.967 E0.24342
G0 F5400 X19.6 Y9.25
G1 F1800 X9.25 Y19.6 E0.24342
G0 F5400 X9.533 Y19.883
G1 F1800 X19.883 Y9.533 E0.24342
G0 F5400 X20.166 Y9.815
G1 F1800 X9.815 Y20.166 E0.24344
G0 F5400 X10.098 Y20.449
G1 F1800 X20.449 Y10.098 E0.24344
G0 F5400 X20.732 Y10.381
G1 F1800 X10.381 Y20.732 E0.24344
G0 F5400 X10.664 Y21.015
G1 F1800 X21.015 Y10.664 E0.24344
G0 F5400 X21.297 Y10.947
G1 F1800 X10.947 Y21.297 E0.24342
G0 F5400 X11.23 Y21.58
G1 F1800 X15.748 Y17.062 E0.10626
G1 X15.818 Y16.992
G0 F5400 X15.525 Y17.851
G1 F1800 X11.512 Y21.863 E0.09437
G0 F5400 X11.795 Y22.146
G1 F1800 X15.521 Y18.42 E0.08763
G0 F5400 X15.614 Y18.892
G1 F1800 X12.078 Y22.429 E0.08317
G0 F5400 X12.361 Y22.712
G1 F1800 X15.753 Y19.32 E0.07977
G0 F5400 X15.961 Y19.677
G1 F1800 X12.644 Y22.994 E0.07801
G0 F5400 X12.927 Y23.277
G1 F1800 X16.217 Y19.987 E0.07738
G0 F5400 X16.508 Y20.261
G1 F1800 X13.209 Y23.56 E0.07759
G0 F5400 X13.492 Y23.843
G1 F1800 X16.846 Y20.489 E0.07888
G0 F5400 X17.221 Y20.68
G1 F1800 X13.775 Y24.126 E0.08104
G0 F5400 X14.058 Y24.409
G1 F1800 X17.671 Y20.795 E0.08498
G0 F5400 X18.184 Y20.848
G1 F1800 X14.341 Y24.691 E0.09038
G0 F5400 X14.624 Y24.974
G1 F1800 X18.829 Y20.769 E0.0989
G1 X18.899 Y20.699
G0 F5400 X20.771 Y18.827
G1 F1800 X24.974 Y14.624 E0.09885
G0 F5400 X25.257 Y14.907
G1 F1800 X14.907 Y25.257 E0.24342
G0 F5400 X15.189 Y25.54
G1 F1800 X25.54 Y15.189 E0.24344
G0 F5400 X25.823 Y15.472
G1 F1800 X15.472 Y25.823 E0.24344
G0 F5400 X15.755 Y26.106
G1 F1800 X26.106 Y15.755 E0.24344
G0 F5400 X26.389 Y16.038
G1 F1800 X16.038 Y26.389 E0.24344
G0 F5400 X16.321 Y26.671
G1 F1800 X26.671 Y16.321 E0.24342
G0 F5400 X26.954 Y16.604
G1 F1800 X16.604 Y26.954 E0.24342
G0 F5400 X16.886 Y27.237
G1 F1800 X27.237 Y16.886 E0.24344
G0 F5400 X27.52 Y17.169
G1 F1800 X17.169 Y27.52 E0.24344
G0 F5400 X17.452 Y27.803
G1 F1800 X27.803 Y17.452 E0.24344
G0 F5400 X28.086 Y17.735
G1 F1800 X17.735 Y28.086 E0.24344
G0 F5400 X18.018 Y28.368
G1 F1800 X28.368 Y18.018 E0.24342
G0 F5400 X28.651 Y18.301
G1 F1800 X24.14 Y22.812 E0.10609
G1 X24.07 Y22.882
G0 F5400 X24.914 Y22.603
G1 F1800 X28.934 Y18.583 E0.09454
G0 F5400 X29.217 Y18.866
G1 F1800 X25.483 Y22.601 E0.08783
G0 F5400 X25.971 Y22.678
G1 F1800 X29.5 Y19.149 E0.083
G0 F5400 X29.783 Y19.432
G1 F1800 X26.388 Y22.827 E0.07985
G0 F5400 X26.753 Y23.027
G1 F1800 X30.065 Y19.715 E0.07789
G0 F5400 X30.348 Y19.998
G1 F1800 X27.057 Y23.289 E0.0774
G0 F5400 X27.33 Y23.582
G1 F1800 X30.631 Y20.281 E0.07763
G0 F5400 X30.914 Y20.563
G1 F1800 X27.561 Y23.916 E0.07886
G0 F5400 X27.749 Y24.294
G1 F1800 X31.197 Y20.846 E0.08109
G0 F5400 X31.48 Y21.129
G1 F1800 X27.873 Y24.735 E0.08482
G0 F5400 X27.922 Y25.253
G1 F1800 X31.763 Y21.412 E0.09033
G0 F5400 X32.045 Y21.695
G1 F1800 X27.842 Y25.898 E0.09885
G1 X27.772 Y25.968
G0 F5400 X25.898 Y27.842
G1 F1800 X21.695 Y32.045 E0.09885
G0 F5400 X21.412 Y31.763
G1 F1800 X25.255 Y27.919 E0.09039
G0 F5400 X24.74 Y27.869
G1 F1800 X21.129 Y31.48 E0.08493
G0 F5400 X20.846 Y31.197
G1 F1800 X24.303 Y27.741 E0.08129
G0 F5400 X23.916 Y27.561
G1 F1800 X20.563 Y30.914 E0.07886
G0 F5400 X20.281 Y30.631
G1 F1800 X23.581 Y27.33 E0.07762
G0 F5400 X23.291 Y27.055
G1 F1800 X19.998 Y30.348 E0.07745
G0 F5400 X19.715 Y30.065
G1 F1800 X23.037 Y26.743 E0.07813
G0 F5400 X22.837 Y26.378
G1 F1800 X19.432 Y29.783 E0.08008
G0 F5400 X19.149 Y29.5
G1 F1800 X22.683 Y25.966 E0.08311
G0 F5400 X22.59 Y25.493
G1 F1800 X18.866 Y29.217 E0.08758
G0 F5400 X18.583 Y28.934
G1 F1800 X22.601 Y24.916 E0.0945
G1 X22.671 Y24.846
G0 F5400 X22.816 Y24.136
G1 F1800 X18.301 Y28.651 E0.10619
G1 X18.231 Y28.721
G0 F5400 X21.978 Y32.328
G1 F1800 X32.328 Y21.978 E0.24342
G0 F5400 X32.611 Y22.26
G1 F1800 X22.26 Y32.611 E0.24344
G0 F5400 X22.543 Y32.894
G1 F1800 X32.894 Y22.543 E0.24344
G0 F5400 X33.177 Y22.826
G1 F1800 X22.826 Y33.177 E0.24344
G0 F5400 X23.109 Y33.46
G1 F1800 X33.46 Y23.109 E0.24344
G0 F5400 X33.742 Y23.392
G1 F1800 X23.392 Y33.742 E0.24342
G0 F5400 X23.675 Y34.025
G1 F1800 X34.025 Y23.675 E0.24342
G0 F5400 X34.308 Y23.957
G1 F1800 X23.957 Y34.308 E0.24344
G0 F5400 X24.24 Y34.591
G1 F1800 X34.591 Y24.24 E0.24344
G0 F5400 X34.874 Y24.523
G1 F1800 X24.523 Y34.874 E0.24344
G0 F5400 X24.806 Y35.157
G1 F1800 X35.157 Y24.806 E0.24344
G0 F5400 X35.439 Y25.089
G1 F1800 X25.089 Y35.439 E0.24342
G0 F5400 X25.372 Y35.722
G1 F1800 X29.885 Y31.209 E0.10614
G1 X29.955 Y31.139
G0 F5400 X29.673 Y31.987
G1 F1800 X25.655 Y36.005 E0.0945
G0 F5400 X25.937 Y36.288
G1 F1800 X29.662 Y32.563 E0.08761
G0 F5400 X29.753 Y33.038
G1 F1800 X26.22 Y36.571 E0.08309
G0 F5400 X26.503 Y36.854
G1 F1800 X29.909 Y33.448 E0.0801
G0 F5400 X30.109 Y33.813
G1 F1800 X26.786 Y37.137 E0.07816
G0 F5400 X27.069 Y37.419
G1 F1800 X30.362 Y34.126 E0.07745
G0 F5400 X30.648 Y34.406
G1 F1800 X27.352 Y37.702 E0.07752
G0 F5400 X27.634 Y37.985
G1 F1800 X30.988 Y34.631 E0.07888
G0 F5400 X31.361 Y34.824
G1 F1800 X27.917 Y38.268 E0.081
G0 F5400 X28.2 Y38.551
G1 F1800 X31.811 Y34.94 E0.08493
G0 F5400 X32.324 Y34.993
G1 F1800 X28.483 Y38.834 E0.09033
G0 F5400 X28.766 Y39.116
G1 F1800 X32.976 Y34.906 E0.09901
G1 X33.046 Y34.836
G0 F5400 X34.91 Y32.972
G1 F1800 X39.116 Y28.766 E0.09892
G0 F5400 X38.834 Y28.483
G1 F1800 X34.993 Y32.323 E0.09032
G0 F5400 X34.94 Y31.811
G1 F1800 X38.551 Y28.2 E0.08493
G0 F5400 X38.268 Y27.917
G1 F1800 X34.826 Y31.359 E0.08095
G0 F5400 X34.627 Y30.992
G1 F1800 X37.985 Y27.634 E0.07898
G0 F5400 X37.702 Y27.352
G1 F1800 X34.402 Y30.652 E0.07761
G0 F5400 X34.131 Y30.357
G1 F1800 X37.419 Y27.069 E0.07733
G0 F5400 X37.137 Y26.786
G1 F1800 X33.819 Y30.104 E0.07803
G0 F5400 X33.458 Y29.899
G1 F1800 X36.854 Y26.503 E0.07987
G0 F5400 X36.571 Y26.22
G1 F1800 X33.042 Y29.749 E0.083
G0 F5400 X32.562 Y29.663
G1 F1800 X36.288 Y25.937 E0.08763
G0 F5400 X36.005 Y25.655
G1 F1800 X31.982 Y29.678 E0.09461
G1 X31.912 Y29.748
G0 F5400 X31.209 Y29.885
G1 F1800 X35.722 Y25.372 E0.10614
G1 X35.792 Y25.302
G0 F5400 X39.399 Y29.049
G1 F1800 X29.049 Y39.399 E0.24342
G0 F5400 X29.331 Y39.682
G1 F1800 X39.682 Y29.331 E0.24344
G0 F5400 X39.965 Y29.614
G1 F1800 X29.614 Y39.965 E0.24344
G0 F5400 X29.897 Y40.248
G1 F1800 X40.248 Y29.897 E0.24344
G0 F5400 X40.531 Y30.18
G1 F1800 X30.18 Y40.531 E0.24344
G0 F5400 X30.463 Y40.813
G1 F1800 X40.813 Y30.463 E0.24342
G0 F5400 X41.096 Y30.746
G1 F1800 X30.746 Y41.096 E0.24342
G0 F5400 X31.029 Y41.378
G1 F1800 X41.379 Y31.029 E0.2434
G0 F5400 X41.662 Y31.311
G1 F1800 X31.312 Y41.661 E0.24342
G0 F5400 X31.595 Y41.944
G1 F1800 X41.945 Y31.594 E0.24342
G0 F5400 X42.228 Y31.877
G1 F1800 X31.878 Y42.227 E0.24342
G0 F5400 X32.161 Y42.51
G1 F1800 X42.511 Y32.16 E0.24342
G0 F5400 X42.793 Y32.443
G1 F1800 X38.272 Y36.964 E0.10633
G1 X38.202 Y37.034
G0 F5400 X39.061 Y36.741
G1 F1800 X43.076 Y32.726 E0.09443
G0 F5400 X43.359 Y33.008
G1 F1800 X39.631 Y36.736 E0.08768
G0 F5400 X40.106 Y36.828
G1 F1800 X43.642 Y33.291 E0.08317
G0 F5400 X43.925 Y33.574
G1 F1800 X40.524 Y36.975 E0.07999
G0 F5400 X40.885 Y37.18
G1 F1800 X44.208 Y33.857 E0.07815
G0 F5400 X44.49 Y34.14
G1 F1800 X41.203 Y37.427 E0.07731
G0 F5400 X41.47 Y37.726
G1 F1800 X44.773 Y34.423 E0.07768
G0 F5400 X45.056 Y34.706
G1 F1800 X41.707 Y38.054 E0.07875
G0 F5400 X41.888 Y38.439
G1 F1800 X45.339 Y34.988 E0.08116
G0 F5400 X45.622 Y35.271
G1 F1800 X42.011 Y38.882 E0.08493
G0 F5400 X42.06 Y39.399
G1 F1800 X45.905 Y35.554 E0.09043
G0 F5400 X46.188 Y35.837
G1 F1800 X41.988 Y40.036 E0.09877
G1 X41.918 Y40.106
G0 F5400 X40.035 Y41.989
G1 F1800 X35.838 Y46.187 E0.09872
G0 F5400 X36.12 Y46.47
G1 F1800 X46.47 Y36.12 E0.24342
G0 F5400 X46.753 Y36.403
G1 F1800 X36.403 Y46.752 E0.2434
G0 F5400 X36.686 Y47.035
G1 F1800 X47.036 Y36.685 E0.24342
G0 F5400 X47.319 Y36.968
G1 F1800 X36.969 Y47.318 E0.24342
G0 F5400 X37.252 Y47.601
G1 F1800 X47.602 Y37.251 E0.24342
G0 F5400 X47.885 Y37.534
G1 F1800 X37.535 Y47.884 E0.24342
G0 F5400 X37.817 Y48.167
G1 F1800 X48.167 Y37.817 E0.24342
G0 F5400 X48.45 Y38.1
G1 F1800 X38.1 Y48.45 E0.24342
G0 F5400 X38.383 Y48.732
G1 F1800 X48.733 Y38.382 E0.24342
G0 F5400 X49.016 Y38.665
G1 F1800 X38.666 Y49.015 E0.24342
G0 F5400 X38.949 Y49.298
G1 F1800 X49.299 Y38.948 E0.24342
G0 F5400 X49.582 Y39.231
G1 F1800 X39.232 Y49.581 E0.24342
G0 F5400 X39.515 Y49.864
G1 F1800 X44.021 Y45.357 E0.10599
G1 X44.091 Y45.287
G0 F5400 X43.813 Y46.131
G1 F1800 X39.797 Y50.147 E0.09445
G0 F5400 X40.08 Y50.429
G1 F1800 X43.808 Y46.702 E0.08767
G0 F5400 X43.896 Y47.179
G1 F1800 X40.363 Y50.712 E0.08309
G0 F5400 X40.646 Y50.995
G1 F1800 X44.044 Y47.597 E0.07992
G0 F5400 X44.246 Y47.96
G1 F1800 X40.929 Y51.278 E0.07802
G0 F5400 X41.212 Y51.561
G1 F1800 X44.501 Y48.271 E0.07736
G0 F5400 X44.792 Y48.546
G1 F1800 X41.494 Y51.844 E0.07756
G0 F5400 X41.777 Y52.126
G1 F1800 X45.131 Y48.773 E0.07887
G0 F5400 X45.518 Y48.952
G1 F1800 X42.06 Y52.409 E0.08132
G0 F5400 X42.343 Y52.692
G1 F1800 X45.955 Y49.08 E0.08495
G0 F5400 X46.47 Y49.131
G1 F1800 X42.626 Y52.975 E0.0904
G0 F5400 X42.909 Y53.258
G1 F1800 X47.112 Y49.054 E0.09886
G1 X47.182 Y48.984
G0 F5400 X49.053 Y47.114
G1 F1800 X53.259 Y42.908 E0.09892
G0 F5400 X53.541 Y43.191
G1 F1800 X43.191 Y53.541 E0.24342
G0 F5400 X43.474 Y53.824
G1 F1800 X53.824 Y43.474 E0.24342
G0 F5400 X54.107 Y43.756
G1 F1800 X43.757 Y54.106 E0.24342
G0 F5400 X44.04 Y54.389
G1 F1800 X54.39 Y44.039 E0.24342
G0 F5400 X54.673 Y44.322
G1 F1800 X44.323 Y54.672 E0.24342
G0 F5400 X44.606 Y54.955
G1 F1800 X54.956 Y44.605 E0.24342
G0 F5400 X55.238 Y44.888
G1 F1800 X44.889 Y55.238 E0.2434
G0 F5400 X45.171 Y55.521
G1 F1800 X55.521 Y45.171 E0.24342
G0 F5400 X55.804 Y45.454
G1 F1800 X45.454 Y55.803 E0.2434
G0 F5400 X45.737 Y56.086
G1 F1800 X56.087 Y45.736 E0.24342
G0 F5400 X56.37 Y46.019
G1 F1800 X46.02 Y56.369 E0.24342
G0 F5400 X46.303 Y56.652
G1 F1800 X56.653 Y46.302 E0.24342
G0 F5400 X56.936 Y46.585
G1 F1800 X52.416 Y51.105 E0.1063
G1 X52.346 Y51.175
G0 F5400 X53.199 Y50.887
G1 F1800 X57.218 Y46.868 E0.09452
G0 F5400 X57.501 Y47.151
G1 F1800 X53.777 Y50.875 E0.08758
G0 F5400 X54.25 Y50.968
G1 F1800 X57.784 Y47.433 E0.08313
G0 F5400 X58.067 Y47.716
G1 F1800 X54.662 Y51.121 E0.08008
G0 F5400 X55.038 Y51.31
G1 F1800 X58.35 Y47.999 E0.07788
G0 F5400 X58.633 Y48.282
G1 F1800 X55.349 Y51.565 E0.07722
G0 F5400 X55.62 Y51.86
G1 F1800 X58.915 Y48.565 E0.07749
G0 F5400 X59.198 Y48.848
G1 F1800 X55.844 Y52.202 E0.07888
G0 F5400 X56.026 Y52.585
G1 F1800 X59.481 Y49.13 E0.08126
G0 F5400 X59.764 Y49.413
G1 F1800 X56.156 Y53.021 E0.08485
G0 F5400 X56.204 Y53.539
G1 F1800 X60.047 Y49.696 E0.09038
G0 F5400 X60.33 Y49.979
G1 F1800 X56.125 Y54.183 E0.09888
G1 X56.055 Y54.253
G0 F5400 X54.184 Y56.124
G1 F1800 X49.98 Y60.329 E0.09888
G0 F5400 X50.263 Y60.612
G1 F1800 X60.612 Y50.262 E0.2434
G0 F5400 X60.895 Y50.545
G1 F1800 X50.545 Y60.895 E0.24342
G0 F5400 X50.828 Y61.177
G1 F1800 X61.178 Y50.828 E0.2434
G0 F5400 X61.461 Y51.11
G1 F1800 X51.111 Y61.46 E0.24342
G0 F5400 X51.394 Y61.743
G1 F1800 X61.744 Y51.393 E0.24342
G0 F5400 X62.027 Y51.676
G1 F1800 X51.677 Y62.026 E0.24342
G0 F5400 X51.96 Y62.309
G1 F1800 X62.31 Y51.959 E0.24342
G0 F5400 X62.592 Y52.242
G1 F1800 X52.242 Y62.592 E0.24342
G0 F5400 X52.525 Y62.875
G1 F1800 X62.875 Y52.525 E0.24342
G0 F5400 X63.158 Y52.807
G1 F1800 X52.808 Y63.157 E0.24342
G0 F5400 X53.091 Y63.44
G1 F1800 X63.441 Y53.09 E0.24342
G0 F5400 X63.724 Y53.373
G1 F1800 X53.374 Y63.723 E0.24342
G0 F5400 X53.657 Y64.006
G1 F1800 X58.169 Y59.494 E0.10612
G1 X58.239 Y59.424
G0 F5400 X57.958 Y60.27
G1 F1800 X53.94 Y64.289 E0.09451
G0 F5400 X54.222 Y64.572
G1 F1800 X57.946 Y60.848 E0.08758
G0 F5400 X58.038 Y61.322
G1 F1800 X54.505 Y64.854 E0.08308
G0 F5400 X54.788 Y65.137
G1 F1800 X58.192 Y61.733 E0.08006
G0 F5400 X58.393 Y62.098
G1 F1800 X55.071 Y65.42 E0.07813
G0 F5400 X55.354 Y65.703
G1 F1800 X58.646 Y62.411 E0.07742
G0 F5400 X58.933 Y62.689
G1 F1800 X55.637 Y65.986 E0.07753
G0 F5400 X55.919 Y66.269
G1 F1800 X59.271 Y62.917 E0.07883
G0 F5400 X59.656 Y63.097
G1 F1800 X56.202 Y66.551 E0.08123
G0 F5400 X56.485 Y66.834
G1 F1800 X60.092 Y63.227 E0.08483
G0 F5400 X60.609 Y63.276
G1 F1800 X56.768 Y67.117 E0.09033
G0 F5400 X57.051 Y67.4
G1 F1800 X61.255 Y63.196 E0.09887
G1 X61.325 Y63.126
G0 F5400 X63.194 Y61.257
G1 F1800 X67.401 Y57.05 E0.09894
G0 F5400 X67.684 Y57.333
G1 F1800 X57.334 Y67.683 E0.24342
G0 F5400 X57.616 Y67.966
G1 F1800 X67.966 Y57.616 E0.24342
G0 F5400 X68.249 Y57.899
G1 F1800 X57.899 Y68.249 E0.24342
G0 F5400 X58.182 Y68.531
G1 F1800 X68.532 Y58.181 E0.24342
G0 F5400 X68.815 Y58.464
G1 F1800 X58.465 Y68.814 E0.24342
G0 F5400 X58.749 Y69.096
G1 F1800 X69.098 Y58.747 E0.24339
G0 F5400 X69.381 Y59.03
G1 F1800 X59.031 Y69.379 E0.2434
G0 F5400 X59.314 Y69.662
G1 F1800 X69.663 Y59.313 E0.24339
G0 F5400 X69.946 Y59.596
G1 F1800 X59.597 Y69.945 E0.24339
G0 F5400 X59.88 Y70.228
G1 F1800 X70.229 Y59.879 E0.24339
G0 F5400 X70.512 Y60.161
G1 F1800 X60.163 Y70.511 E0.2434
G0 F5400 X60.446 Y70.793
G1 F1800 X70.795 Y60.444 E0.24339
G0 F5400 X71.078 Y60.727
G1 F1800 X66.549 Y65.256 E0.10652
G1 X66.479 Y65.326
G0 F5400 X67.342 Y65.028
G1 F1800 X71.361 Y61.01 E0.09451
G0 F5400 X71.643 Y61.293
G1 F1800 X67.908 Y65.028 E0.08784
G0 F5400 X68.392 Y65.11
G1 F1800 X71.926 Y61.576 E0.08311
G0 F5400 X72.209 Y61.858
G1 F1800 X68.814 Y65.254 E0.07986
G0 F5400 X69.174 Y65.459
G1 F1800 X72.492 Y62.141 E0.07803
G0 F5400 X72.775 Y62.424
G1 F1800 X69.484 Y65.715 E0.0774
G0 F5400 X69.758 Y66.006
G1 F1800 X73.058 Y62.707 E0.0776
G0 F5400 X73.34 Y62.99
G1 F1800 X69.984 Y66.346 E0.07893
G0 F5400 X70.169 Y66.727
G1 F1800 X73.623 Y63.273 E0.08123
G0 F5400 X73.906 Y63.555
G1 F1800 X70.297 Y67.165 E0.08489
G0 F5400 X70.348 Y67.679
G1 F1800 X74.189 Y63.838 E0.09033
G0 F5400 X74.472 Y64.121
G1 F1800 X70.274 Y68.319 E0.09873
G1 X70.204 Y68.389
G0 F5400 X68.327 Y70.266
G1 F1800 X64.123 Y74.47 E0.09887
G0 F5400 X64.405 Y74.753
G1 F1800 X74.755 Y64.404 E0.2434
G0 F5400 X75.037 Y64.687
G1 F1800 X64.688 Y75.036 E0.24339
G0 F5400 X64.971 Y75.319
G1 F1800 X75.32 Y64.97 E0.24339
G0 F5400 X75.603 Y65.253
G1 F1800 X65.254 Y75.602 E0.24339
G0 F5400 X65.537 Y75.885
G1 F1800 X75.886 Y65.535 E0.2434
G0 F5400 X76.169 Y65.818
G1 F1800 X65.82 Y76.167 E0.24339
G0 F5400 X66.102 Y76.45
G1 F1800 X76.452 Y66.101 E0.2434
G0 F5400 X76.735 Y66.384
G1 F1800 X66.385 Y76.733 E0.2434
G0 F5400 X66.668 Y77.016
G1 F1800 X77.017 Y66.667 E0.24339
G0 F5400 X77.3 Y66.95
G1 F1800 X66.951 Y77.299 E0.24339
G0 F5400 X67.234 Y77.582
G1 F1800 X77.583 Y67.232 E0.2434
G0 F5400 X77.866 Y67.515
G1 F1800 X67.517 Y77.864 E0.24339
G0 F5400 X67.8 Y78.147
G1 F1800 X72.315 Y73.632 E0.10619
G1 X72.385 Y73.562
G0 F5400 X72.097 Y74.415
G1 F1800 X68.082 Y78.43 E0.09443
G0 F5400 X68.365 Y78.713
G1 F1800 X72.091 Y74.987 E0.08763
G0 F5400 X72.175 Y75.469
G1 F1800 X68.648 Y78.996 E0.08295
G0 F5400 X68.931 Y79.279
G1 F1800 X72.332 Y75.878 E0.07999
G0 F5400 X72.529 Y76.247
G1 F1800 X69.214 Y79.562 E0.07796
G0 F5400 X69.497 Y79.844
G1 F1800 X72.784 Y76.557 E0.07731
G0 F5400 X73.075 Y76.831
G1 F1800 X69.779 Y80.127 E0.07752
G0 F5400 X70.062 Y80.41
G1 F1800 X73.416 Y77.056 E0.07888
G0 F5400 X73.802 Y77.236
G1 F1800 X70.345 Y80.693 E0.0813
G0 F5400 X70.628 Y80.976
G1 F1800 X74.243 Y77.361 E0.08502
G0 F5400 X74.757 Y77.413
G1 F1800 X70.911 Y81.259 E0.09045
G0 F5400 X71.194 Y81.541
G1 F1800 X75.402 Y77.333 E0.09897
G1 X75.472 Y77.263
G0 F5400 X77.329 Y75.406
G1 F1800 X81.543 Y71.192 E0.09911
G0 F5400 X81.826 Y71.475
G1 F1800 X71.476 Y81.824 E0.2434
G0 F5400 X71.759 Y82.107
G1 F1800 X82.109 Y71.758 E0.2434
G0 F5400 X82.391 Y72.041
G1 F1800 X72.042 Y82.39 E0.24339
G0 F5400 X72.325 Y82.673
G1 F1800 X82.674 Y72.324 E0.24339
G0 F5400 X82.957 Y72.606
G1 F1800 X72.608 Y82.956 E0.2434
G0 F5400 X72.891 Y83.238
G1 F1800 X83.24 Y72.889 E0.24339
G0 F5400 X83.523 Y73.172
G1 F1800 X73.174 Y83.521 E0.24339
G0 F5400 X73.456 Y83.804
G1 F1800 X83.806 Y73.455 E0.2434
G0 F5400 X84.088 Y73.738
G1 F1800 X73.739 Y84.087 E0.24339
G0 F5400 X74.022 Y84.37
G1 F1800 X84.371 Y74.021 E0.24339
G0 F5400 X84.654 Y74.303
G1 F1800 X74.305 Y84.653 E0.2434
G0 F5400 X74.588 Y84.936
G1 F1800 X84.937 Y74.586 E0.2434
G0 F5400 X85.22 Y74.869
G1 F1800 X80.693 Y79.396 E0.10647
G1 X80.623 Y79.466
G0 F5400 X81.481 Y79.173
G1 F1800 X85.503 Y75.152 E0.09458
G0 F5400 X85.785 Y75.435
G1 F1800 X82.05 Y79.171 E0.08785
G0 F5400 X82.541 Y79.245
G1 F1800 X86.068 Y75.718 E0.08295
G0 F5400 X86.351 Y76.001
G1 F1800 X82.956 Y79.396 E0.07985
G0 F5400 X83.318 Y79.6
G1 F1800 X86.634 Y76.283 E0.078
G0 F5400 X86.917 Y76.566
G1 F1800 X83.628 Y79.855 E0.07735
G0 F5400 X83.893 Y80.156
G1 F1800 X87.2 Y76.849 E0.07778
G0 F5400 X87.483 Y77.132
G1 F1800 X84.133 Y80.481 E0.07878
G0 F5400 X84.318 Y80.863
G1 F1800 X87.765 Y77.415 E0.08108
G0 F5400 X88.048 Y77.698
G1 F1800 X84.441 Y81.305 E0.08483
G0 F5400 X84.488 Y81.824
G1 F1800 X88.331 Y77.98 E0.09039
G0 F5400 X88.614 Y78.263
G1 F1800 X84.411 Y82.466 E0.09885
G1 X84.341 Y82.536
G0 F5400 X82.467 Y84.41
G1 F1800 X78.265 Y88.613 E0.09884
G0 F5400 X78.548 Y88.895
G1 F1800 X88.897 Y78.546 E0.24339
G0 F5400 X89.18 Y78.829
G1 F1800 X78.83 Y89.178 E0.2434
G0 F5400 X79.113 Y89.461
G1 F1800 X89.462 Y79.112 E0.24339
G0 F5400 X89.745 Y79.395
G1 F1800 X79.396 Y89.744 E0.24339
G0 F5400 X79.679 Y90.027
G1 F1800 X90.028 Y79.677 E0.2434
G0 F5400 X90.311 Y79.96
G1 F1800 X79.962 Y90.31 E0.2434
G0 F5400 X80.245 Y90.592
G1 F1800 X90.594 Y80.243 E0.24339
G0 F5400 X90.877 Y80.526
G1 F1800 X80.527 Y90.875 E0.2434
G0 F5400 X80.81 Y91.158
G1 F1800 X91.159 Y80.809 E0.24339
G0 F5400 X91.442 Y81.092
G1 F1800 X81.093 Y91.441 E0.24339
G0 F5400 X81.376 Y91.724
G1 F1800 X91.725 Y81.375 E0.24339
G0 F5400 X92.008 Y81.657
G1 F1800 X81.659 Y92.007 E0.2434
G0 F5400 X81.942 Y92.289
G1 F1800 X86.461 Y87.77 E0.10628
G1 X86.531 Y87.7
G0 F5400 X86.242 Y88.555
G1 F1800 X82.224 Y92.572 E0.09449
G0 F5400 X82.507 Y92.855
G1 F1800 X86.237 Y89.126 E0.08771
G0 F5400 X86.325 Y89.603
G1 F1800 X82.79 Y93.138 E0.08314
G0 F5400 X83.073 Y93.421
G1 F1800 X86.47 Y90.024 E0.07989
G0 F5400 X86.671 Y90.389
G1 F1800 X83.356 Y93.704 E0.07796
G0 F5400 X83.639 Y93.987
G1 F1800 X86.92 Y90.705 E0.07718
G0 F5400 X87.222 Y90.969
G1 F1800 X83.922 Y94.269 E0.07761
G0 F5400 X84.204 Y94.552
G1 F1800 X87.557 Y91.2 E0.07885
G0 F5400 X87.945 Y91.377
G1 F1800 X84.487 Y94.835 E0.08133
G0 F5400 X84.77 Y95.118
G1 F1800 X88.379 Y91.509 E0.08488
G0 F5400 X88.895 Y91.559
G1 F1800 X85.053 Y95.401 E0.09036
G0 F5400 X85.336 Y95.684
G1 F1800 X89.544 Y91.475 E0.09898
G1 X89.614 Y91.405
G0 F5400 X90.377 Y90.717
G0 X91.475 Y89.544
G1 F1800 X95.685 Y85.334 E0.09901
G0 F5400 X95.402 Y85.052
G1 F1800 X91.556 Y88.897 E0.09044
G0 F5400 X91.513 Y88.375
G1 F1800 X95.119 Y84.769 E0.08481
G0 F5400 X94.836 Y84.486
G1 F1800 X91.382 Y87.94 E0.08123
G0 F5400 X91.199 Y87.557
G1 F1800 X94.554 Y84.203 E0.07889
G0 F5400 X94.271 Y83.92
G1 F1800 X90.974 Y87.217 E0.07754
G0 F5400 X90.7 Y86.925
G1 F1800 X93.988 Y83.637 E0.07733
G0 F5400 X93.705 Y83.354
G1 F1800 X90.393 Y86.667 E0.0779
G0 F5400 X90.018 Y86.476
G1 F1800 X93.422 Y83.072 E0.08006
G0 F5400 X93.139 Y82.789
G1 F1800 X89.605 Y86.323 E0.08311
G0 F5400 X89.132 Y86.231
G1 F1800 X92.857 Y82.506 E0.08761
G0 F5400 X92.574 Y82.223
G1 F1800 X88.555 Y86.242 E0.09452
G1 X88.485 Y86.312
G0 F5400 X87.775 Y86.456
G1 F1800 X92.291 Y81.94 E0.10621
G1 X92.361 Y81.87
G0 F5400 X95.968 Y85.617
G1 F1800 X85.619 Y95.966 E0.24339
G0 F5400 X85.901 Y96.249
G1 F1800 X96.251 Y85.9 E0.2434
G0 F5400 X96.534 Y86.183
G1 F1800 X86.184 Y96.532 E0.2434
G1 X86.114 Y96.602
G0 F5400 X77.982 Y88.33
G1 F1800 X81.824 Y84.487 E0.09037
G0 F5400 X81.31 Y84.436
G1 F1800 X77.699 Y88.047 E0.08493
G0 F5400 X77.416 Y87.764
G1 F1800 X80.873 Y84.308 E0.08129
G0 F5400 X80.484 Y84.13
G1 F1800 X77.133 Y87.481 E0.07881
G0 F5400 X76.85 Y87.198
G1 F1800 X80.15 Y83.899 E0.0776
G0 F5400 X79.851 Y83.632
G1 F1800 X76.568 Y86.915 E0.07721
G0 F5400 X76.285 Y86.633
G1 F1800 X79.603 Y83.314 E0.07805
G0 F5400 X79.402 Y82.949
G1 F1800 X76.002 Y86.35 E0.07997
G0 F5400 X75.719 Y86.067
G1 F1800 X79.25 Y82.536 E0.08304
G0 F5400 X79.157 Y82.063
G1 F1800 X75.436 Y85.784 E0.08751
G0 F5400 X75.153 Y85.501
G1 F1800 X79.171 Y81.484 E0.09449
G1 X79.241 Y81.414
G0 F5400 X79.388 Y80.701
G1 F1800 X74.871 Y85.218 E0.10623
G1 X74.801 Y85.288
G0 F5400 X77.415 Y74.755
G1 F1800 X81.26 Y70.909 E0.09044
G0 F5400 X80.977 Y70.627
G1 F1800 X77.367 Y74.237 E0.0849
G0 F5400 X77.245 Y73.793
G1 F1800 X80.694 Y70.344 E0.08112
G0 F5400 X80.411 Y70.061
G1 F1800 X77.063 Y73.41 E0.07875
G0 F5400 X76.826 Y73.08
G1 F1800 X80.129 Y69.778 E0.07767
G0 F5400 X79.846 Y69.495
G1 F1800 X76.56 Y72.781 E0.07728
G0 F5400 X76.249 Y72.526
G1 F1800 X79.563 Y69.212 E0.07794
G0 F5400 X79.28 Y68.929
G1 F1800 X75.877 Y72.333 E0.08005
G0 F5400 X75.465 Y72.179
G1 F1800 X78.997 Y68.647 E0.08307
G0 F5400 X78.714 Y68.364
G1 F1800 X74.992 Y72.087 E0.08755
G0 F5400 X74.414 Y72.099
G1 F1800 X78.432 Y68.081 E0.0945
G0 F5400 X78.149 Y67.798
G1 F1800 X73.629 Y72.318 E0.1063
G1 X73.559 Y72.388
G0 F5400 X67.68 Y70.347
G1 F1800 X63.84 Y74.188 E0.09032
G0 F5400 X63.557 Y73.905
G1 F1800 X67.162 Y70.299 E0.0848
G0 F5400 X66.731 Y70.165
G1 F1800 X63.274 Y73.622 E0.0813
G0 F5400 X62.991 Y73.339
G1 F1800 X66.347 Y69.983 E0.07893
G0 F5400 X66.006 Y69.758
G1 F1800 X62.708 Y73.056 E0.07756
G0 F5400 X62.426 Y72.773
G1 F1800 X65.711 Y69.488 E0.07726
G0 F5400 X65.461 Y69.172
G1 F1800 X62.143 Y72.49 E0.07803
G0 F5400 X61.86 Y72.208
G1 F1800 X65.261 Y68.806 E0.08
G0 F5400 X65.108 Y68.394
G1 F1800 X61.577 Y71.925 E0.08304
G0 F5400 X61.294 Y71.642
G1 F1800 X65.013 Y67.923 E0.08747
G0 F5400 X65.026 Y67.344
G1 F1800 X61.011 Y71.359 E0.09443
G0 F5400 X60.728 Y71.076
G1 F1800 X65.255 Y66.549 E0.10647
G1 X65.325 Y66.479
G0 F5400 X63.276 Y60.609
G1 F1800 X67.118 Y56.767 E0.09036
G0 F5400 X66.835 Y56.484
G1 F1800 X63.228 Y60.091 E0.08483
G0 F5400 X63.098 Y59.656
G1 F1800 X66.552 Y56.202 E0.08123
G0 F5400 X66.269 Y55.919
G1 F1800 X62.913 Y59.275 E0.07893
G0 F5400 X62.686 Y58.936
G1 F1800 X65.986 Y55.636 E0.07761
G0 F5400 X65.704 Y55.353
G1 F1800 X62.417 Y58.64 E0.07731
G0 F5400 X62.105 Y58.386
G1 F1800 X65.421 Y55.07 E0.07799
G0 F5400 X65.138 Y54.787
G1 F1800 X61.742 Y58.184 E0.07988
G0 F5400 X61.326 Y58.034
G1 F1800 X64.855 Y54.504 E0.08301
G0 F5400 X64.572 Y54.222
G1 F1800 X60.837 Y57.957 E0.08784
G0 F5400 X60.27 Y57.959
G1 F1800 X64.289 Y53.939 E0.09453
G0 F5400 X64.007 Y53.656
G1 F1800 X59.467 Y58.196 E0.10677
G1 X59.397 Y58.266
G0 F5400 X53.54 Y56.203
G1 F1800 X49.697 Y60.046 E0.09038
G0 F5400 X49.414 Y59.763
G1 F1800 X53.025 Y56.153 E0.08491
G0 F5400 X52.587 Y56.025
G1 F1800 X49.131 Y59.48 E0.08127
G0 F5400 X48.848 Y59.198
G1 F1800 X52.202 Y55.844 E0.07888
G0 F5400 X51.864 Y55.616
G1 F1800 X48.566 Y58.915 E0.07758
G0 F5400 X48.283 Y58.632
G1 F1800 X51.566 Y55.348 E0.07722
G0 F5400 X51.318 Y55.031
G1 F1800 X48 Y58.349 E0.07803
G0 F5400 X47.717 Y58.066
G1 F1800 X51.12 Y54.664 E0.08002
G0 F5400 X50.967 Y54.251
G1 F1800 X47.434 Y57.783 E0.08308
G0 F5400 X47.151 Y57.501
G1 F1800 X50.874 Y53.778 E0.08756
G0 F5400 X50.886 Y53.2
G1 F1800 X46.868 Y57.218 E0.0945
G0 F5400 X46.586 Y56.935
G1 F1800 X51.093 Y52.427 E0.10601
G1 X51.163 Y52.357
G0 F5400 X49.133 Y46.468
G1 F1800 X52.976 Y42.625 E0.09038
G0 F5400 X52.693 Y42.342
G1 F1800 X49.085 Y45.95 E0.08485
G0 F5400 X48.961 Y45.508
G1 F1800 X52.41 Y42.059 E0.08112
G0 F5400 X52.127 Y41.777
G1 F1800 X48.778 Y45.126 E0.07876
G0 F5400 X48.537 Y44.801
G1 F1800 X51.844 Y41.494 E0.07778
G0 F5400 X51.562 Y41.211
G1 F1800 X48.273 Y44.499 E0.07734
G0 F5400 X47.962 Y44.244
G1 F1800 X51.279 Y40.928 E0.078
G0 F5400 X50.996 Y40.645
G1 F1800 X47.602 Y44.039 E0.07982
G0 F5400 X47.177 Y43.898
G1 F1800 X50.713 Y40.362 E0.08316
G0 F5400 X50.43 Y40.08
G1 F1800 X46.701 Y43.809 E0.0877
G0 F5400 X46.131 Y43.813
G1 F1800 X50.147 Y39.797 E0.09445
G0 F5400 X49.864 Y39.514
G1 F1800 X45.347 Y44.031 E0.10623
G1 X45.277 Y44.101
G0 F5400 X39.396 Y42.062
G1 F1800 X35.555 Y45.904 E0.09035
G0 F5400 X35.272 Y45.621
G1 F1800 X38.884 Y42.009 E0.08495
G0 F5400 X38.445 Y41.882
G1 F1800 X34.989 Y45.338 E0.08128
G0 F5400 X34.706 Y45.055
G1 F1800 X38.059 Y41.702 E0.07886
G0 F5400 X37.723 Y41.473
G1 F1800 X34.423 Y44.773 E0.07761
G0 F5400 X34.141 Y44.49
G1 F1800 X37.429 Y41.201 E0.07734
G0 F5400 X37.18 Y40.885
G1 F1800 X33.858 Y44.207 E0.07813
G0 F5400 X33.575 Y43.924
G1 F1800 X36.966 Y40.533 E0.07975
G0 F5400 X36.823 Y40.111
G1 F1800 X33.292 Y43.641 E0.08303
G0 F5400 X33.009 Y43.358
G1 F1800 X36.74 Y39.628 E0.08774
G0 F5400 X36.743 Y39.059
G1 F1800 X32.726 Y43.076 E0.09447
G0 F5400 X32.443 Y42.793
G1 F1800 X36.96 Y38.276 E0.10623
G1 X37.03 Y38.206
G0 F5400 X31.015 Y34.28
G0 X30.365 Y33.63
G0 X27.425 Y24.351
G0 X20.848 Y18.184
G1 F1800 X24.691 Y14.341 E0.09038
G0 F5400 X24.409 Y14.058
G1 F1800 X20.8 Y17.666 E0.08487
G0 F5400 X20.67 Y17.231
G1 F1800 X24.126 Y13.775 E0.08128
G0 F5400 X23.843 Y13.492
G1 F1800 X20.487 Y16.848 E0.07893
G0 F5400 X20.261 Y16.509
G1 F1800 X23.56 Y13.209 E0.0776
G0 F5400 X23.277 Y12.927
G1 F1800 X19.99 Y16.214 E0.07731
G0 F5400 X19.681 Y15.957
G1 F1800 X22.994 Y12.644 E0.07792
G0 F5400 X22.712 Y12.361
G1 F1800 X19.308 Y15.765 E0.08006
G0 F5400 X18.895 Y15.612
G1 F1800 X22.429 Y12.078 E0.08311
G0 F5400 X22.146 Y11.795
G1 F1800 X18.418 Y15.523 E0.08768
G0 F5400 X17.846 Y15.529
G1 F1800 X21.863 Y11.512 E0.09447
G0 F5400 X21.58 Y11.23
G1 F1800 X17.064 Y15.746 E0.10621
G1 X16.994 Y15.816
G0 F5400 X11.117 Y13.773
G1 F1800 X7.27 Y17.62 E0.09048
G0 F5400 X6.987 Y17.338
G1 F1800 X10.598 Y13.726 E0.08494
G0 F5400 X10.162 Y13.597
G1 F1800 X6.704 Y17.055 E0.08133
G0 F5400 X6.421 Y16.772
G1 F1800 X9.777 Y13.416 E0.07893
G0 F5400 X9.44 Y13.188
G1 F1800 X6.138 Y16.489 E0.07765
G0 F5400 X5.856 Y16.206
G1 F1800 X9.148 Y12.914 E0.07742
G0 F5400 X8.891 Y12.605
G1 F1800 X5.573 Y15.923 E0.07803
G0 F5400 X5.29 Y15.64
G1 F1800 X8.693 Y12.237 E0.08003
G0 F5400 X8.536 Y11.828
G1 F1800 X5.007 Y15.358 E0.08301
G0 F5400 X4.724 Y15.075
G1 F1800 X8.449 Y11.35 E0.08761
G0 F5400 X8.461 Y10.772
G1 F1800 X4.441 Y14.792 E0.09454
G0 F5400 X4.158 Y14.509
G1 F1800 X8.671 Y9.997 E0.10613
G1 X8.741 Y9.927
G0 F5400 X8.691 Y9.9
;MESH:NONMESH
G0 F600 X8.691 Y9.9 Z0.5
G0 F5400 X8.801 Y11.568
G0 X9.152 Y12.416
G0 X9.802 Y13.066
G0 X10.65 Y13.417
G0 X12.001 Y13.349
G0 X11.912 Y13.048
;TIME_ELAPSED:359.296109
;LAYER:2
;TYPE:WALL-INNER
;MESH:bodyNW.stl
G1 F3600 X11.526 Y13.164 E0.0067
G1 X11.043 Y13.205 E0.00806
G1 X10.639 Y13.151 E0.00678
G1 X10.247 Y13.02 E0.00687
G1 X9.935 Y12.848 E0.00592
G1 X9.623 Y12.593 E0.0067
G1 X9.393 Y12.319 E0.00595
G1 X9.145 Y11.857 E0.00872
G1 X9.038 Y11.461 E0.00682
G1 X9.01 Y11.165 E0.00494
G1 X9.038 Y10.755 E0.00683
G1 X9.145 Y10.359 E0.00682
G1 X9.364 Y9.935 E0.00794
G1 X9.623 Y9.623 E0.00674
G1 X9.897 Y9.393 E0.00595
G1 X10.247 Y9.191 E0.00672
G1 X10.755 Y9.038 E0.00882
G1 X11.165 Y9.01 E0.00683
G1 X11.577 Y9.061 E0.0069
G1 X11.857 Y9.145 E0.00486
G1 X12.222 Y9.327 E0.00678
G1 X12.593 Y9.623 E0.00789
G1 X12.848 Y9.935 E0.0067
G1 X13.067 Y10.359 E0.00794
G1 X13.173 Y10.747 E0.00669
G1 X13.205 Y11.173 E0.0071
G1 X13.172 Y11.479 E0.00512
G1 X13.048 Y11.911 E0.00747
G1 X12.856 Y12.269 E0.00676
G1 X12.593 Y12.593 E0.00694
G1 X12.269 Y12.856 E0.00694
G1 X11.912 Y13.048 E0.00674
G0 F7200 X12.001 Y13.349
G0 X16.517 Y19.845
G0 X17.28 Y20.354
G0 X19.068 Y20.421
G0 X18.978 Y20.12
G1 F3600 X18.599 Y20.236 E0.00659
G1 X18.237 Y20.274 E0.00605
G1 X17.827 Y20.246 E0.00683
G1 X17.431 Y20.139 E0.00682
G1 X17.003 Y19.92 E0.008
G1 X16.691 Y19.661 E0.00674
G1 X16.403 Y19.297 E0.00772
G1 X16.263 Y19.037 E0.00491
G1 X16.134 Y18.651 E0.00677
G1 X16.082 Y18.237 E0.00694
G1 X16.112 Y17.809 E0.00714
G1 X16.236 Y17.376 E0.00749
G1 X16.431 Y17.012 E0.00687
G1 X16.695 Y16.695 E0.00686
G1 X17.012 Y16.431 E0.00686
G1 X17.376 Y16.236 E0.00687
G1 X17.762 Y16.12 E0.0067
G1 X18.123 Y16.082 E0.00604
G1 X18.533 Y16.11 E0.00683
G1 X19.037 Y16.263 E0.00876
G1 X19.357 Y16.44 E0.00608
G1 X19.661 Y16.691 E0.00656
G1 X19.891 Y16.965 E0.00595
G1 X20.094 Y17.322 E0.00683
G1 X20.246 Y17.827 E0.00877
G1 X20.274 Y18.237 E0.00683
G1 X20.236 Y18.599 E0.00605
G1 X20.121 Y18.978 E0.00659
G1 X19.929 Y19.339 E0.0068
G1 X19.665 Y19.665 E0.00698
G1 X19.339 Y19.929 E0.00698
G1 X18.978 Y20.12 E0.00679
G0 F7200 X19.068 Y20.421
G0 X23.588 Y26.916
G0 X24.351 Y27.425
G0 X25.164 Y27.596
G0 X26.198 Y27.469
G0 X26.051 Y27.192
G1 F3600 X25.666 Y27.308 E0.00669
G1 X25.305 Y27.346 E0.00604
G1 X24.895 Y27.318 E0.00683
G1 X24.394 Y27.166 E0.00871
G1 X24.075 Y26.992 E0.00604
G1 X23.763 Y26.733 E0.00674
G1 X23.468 Y26.363 E0.00787
G1 X23.289 Y25.997 E0.00678
G1 X23.182 Y25.601 E0.00682
G1 X23.154 Y25.191 E0.00683
G1 X23.192 Y24.829 E0.00605
G1 X23.308 Y24.45 E0.00659
G1 X23.498 Y24.086 E0.00683
G1 X23.763 Y23.763 E0.00695
G1 X24.038 Y23.533 E0.00596
G1 X24.45 Y23.307 E0.00781
G1 X24.829 Y23.192 E0.00659
G1 X25.191 Y23.154 E0.00605
G1 X25.717 Y23.205 E0.00879
G1 X26.103 Y23.332 E0.00676
G1 X26.429 Y23.508 E0.00616
G1 X26.733 Y23.763 E0.0066
G1 X26.963 Y24.037 E0.00595
G1 X27.166 Y24.394 E0.00683
G1 X27.318 Y24.895 E0.00871
G1 X27.346 Y25.305 E0.00683
G1 X27.316 Y25.619 E0.00525
G1 X27.192 Y26.05 E0.00746
G1 X27.001 Y26.411 E0.00679
G1 X26.737 Y26.737 E0.00698
G1 X26.458 Y26.967 E0.00601
G1 X26.051 Y27.192 E0.00773
G0 F7200 X26.198 Y27.469
G0 X30.365 Y33.63
G0 X31.015 Y34.28
G0 X31.865 Y34.632
G0 X33.318 Y34.514
G0 X33.174 Y34.239
G1 F3600 X32.739 Y34.38 E0.0076
G1 X32.377 Y34.418 E0.00605
G1 X31.967 Y34.39 E0.00683
G1 X31.571 Y34.283 E0.00682
G1 X31.143 Y34.06 E0.00803
G1 X30.835 Y33.805 E0.00665
G1 X30.545 Y33.438 E0.00778
G1 X30.362 Y33.067 E0.00688
G1 X30.255 Y32.681 E0.00666
G1 X30.223 Y32.255 E0.0071
G1 X30.264 Y31.902 E0.00591
G1 X30.38 Y31.518 E0.00667
G1 X30.57 Y31.157 E0.00678
G1 X30.835 Y30.835 E0.00694
G1 X31.158 Y30.57 E0.00695
G1 X31.518 Y30.379 E0.00678
G1 X31.903 Y30.264 E0.00668
G1 X32.255 Y30.223 E0.00589
G1 X32.681 Y30.255 E0.0071
G1 X33.174 Y30.405 E0.00857
G1 X33.501 Y30.584 E0.0062
G1 X33.805 Y30.835 E0.00656
G1 X34.031 Y31.106 E0.00587
G1 X34.283 Y31.571 E0.0088
G1 X34.39 Y31.967 E0.00682
G1 X34.418 Y32.377 E0.00683
G1 X34.38 Y32.739 E0.00605
G1 X34.263 Y33.123 E0.00668
G1 X34.068 Y33.488 E0.00688
G1 X33.805 Y33.805 E0.00685
G1 X33.538 Y34.032 E0.00583
G1 X33.174 Y34.239 E0.00696
G0 F7200 X33.318 Y34.514
G0 X37.436 Y40.701
G0 X38.086 Y41.351
G0 X38.936 Y41.703
G0 X40.284 Y41.633
G0 X40.193 Y41.335
G1 F3600 X39.81 Y41.452 E0.00666
G1 X39.449 Y41.49 E0.00604
G1 X38.916 Y41.437 E0.00891
G1 X38.534 Y41.306 E0.00672
G1 X38.215 Y41.132 E0.00604
G1 X37.907 Y40.877 E0.00665
G1 X37.684 Y40.609 E0.0058
G1 X37.477 Y40.252 E0.00686
G1 X37.322 Y39.745 E0.00882
G1 X37.294 Y39.335 E0.00683
G1 X37.332 Y38.973 E0.00605
G1 X37.453 Y38.586 E0.00674
G1 X37.644 Y38.227 E0.00676
G1 X37.907 Y37.907 E0.00689
G1 X38.227 Y37.644 E0.00689
G1 X38.586 Y37.453 E0.00676
G1 X39.039 Y37.322 E0.00784
G1 X39.449 Y37.294 E0.00683
G1 X39.745 Y37.322 E0.00494
G1 X40.139 Y37.43 E0.00679
G1 X40.573 Y37.656 E0.00814
G1 X40.877 Y37.907 E0.00656
G1 X41.17 Y38.278 E0.00786
G1 X41.349 Y38.636 E0.00666
G1 X41.462 Y39.039 E0.00696
G1 X41.49 Y39.449 E0.00683
G1 X41.46 Y39.763 E0.00525
G1 X41.335 Y40.193 E0.00745
G1 X41.134 Y40.563 E0.007
G1 X40.877 Y40.877 E0.00675
G1 X40.563 Y41.135 E0.00676
G1 X40.193 Y41.335 E0.00699
G0 F7200 X40.284 Y41.633
G0 X44.801 Y48.128
G0 X45.564 Y48.638
G0 X47.351 Y48.706
G0 X47.259 Y48.404
G1 F3600 X46.817 Y48.53 E0.00764
G1 X46.407 Y48.558 E0.00683
G1 X45.995 Y48.507 E0.0069
G1 X45.609 Y48.38 E0.00676
G1 X45.283 Y48.204 E0.00616
G1 X44.979 Y47.949 E0.0066
G1 X44.684 Y47.578 E0.00788
G1 X44.502 Y47.209 E0.00684
G1 X44.394 Y46.817 E0.00676
G1 X44.366 Y46.521 E0.00494
G1 X44.396 Y46.093 E0.00714
G1 X44.521 Y45.659 E0.00751
G1 X44.718 Y45.292 E0.00693
G1 X44.979 Y44.979 E0.00678
G1 X45.246 Y44.752 E0.00583
G1 X45.603 Y44.547 E0.00685
G1 X46.046 Y44.404 E0.00774
G1 X46.407 Y44.366 E0.00604
G1 X46.938 Y44.418 E0.00887
G1 X47.31 Y44.544 E0.00653
G1 X47.645 Y44.724 E0.00632
G1 X47.949 Y44.979 E0.0066
G1 X48.244 Y45.349 E0.00787
G1 X48.423 Y45.715 E0.00678
G1 X48.53 Y46.111 E0.00682
G1 X48.558 Y46.521 E0.00683
G1 X48.528 Y46.835 E0.00525
G1 X48.404 Y47.259 E0.00735
G1 X48.21 Y47.63 E0.00696
G1 X47.949 Y47.949 E0.00685
G1 X47.631 Y48.21 E0.00684
G1 X47.259 Y48.404 E0.00698
G0 F7200 X47.351 Y48.706
G0 X51.872 Y55.199
G0 X52.636 Y55.709
G0 X54.425 Y55.776
G0 X54.334 Y55.476
G1 F3600 X53.95 Y55.592 E0.00667
G1 X53.594 Y55.63 E0.00595
G1 X53.183 Y55.602 E0.00685
G1 X52.686 Y55.452 E0.00863
G1 X52.351 Y55.272 E0.00632
G1 X52.047 Y55.021 E0.00656
G1 X51.752 Y54.647 E0.00792
G1 X51.573 Y54.281 E0.00678
G1 X51.466 Y53.886 E0.00681
G1 X51.438 Y53.479 E0.00678
G1 X51.476 Y53.117 E0.00605
G1 X51.592 Y52.737 E0.00661
G1 X51.786 Y52.365 E0.00698
G1 X52.047 Y52.047 E0.00684
G1 X52.366 Y51.786 E0.00685
G1 X52.737 Y51.592 E0.00696
G1 X53.117 Y51.476 E0.00661
G1 X53.479 Y51.438 E0.00605
G1 X53.886 Y51.466 E0.00678
G1 X54.281 Y51.573 E0.00681
G1 X54.713 Y51.792 E0.00805
G1 X55.021 Y52.047 E0.00665
G1 X55.312 Y52.418 E0.00784
G1 X55.494 Y52.789 E0.00687
G1 X55.602 Y53.183 E0.00679
G1 X55.63 Y53.594 E0.00685
G1 X55.592 Y53.95 E0.00595
G1 X55.452 Y54.387 E0.00763
G1 X55.285 Y54.699 E0.00589
G1 X55.021 Y55.021 E0.00692
G1 X54.647 Y55.316 E0.00792
G1 X54.334 Y55.476 E0.00585
G0 F7200 X54.425 Y55.776
G0 X58.943 Y62.27
G0 X59.707 Y62.78
G0 X60.561 Y62.956
G0 X61.61 Y62.794
G0 X61.465 Y62.521
G1 F3600 X61.022 Y62.664 E0.00774
G1 X60.661 Y62.702 E0.00604
G1 X60.13 Y62.65 E0.00887
G1 X59.758 Y62.524 E0.00653
G1 X59.423 Y62.344 E0.00632
G1 X59.119 Y62.089 E0.0066
G1 X58.824 Y61.719 E0.00787
G1 X58.645 Y61.353 E0.00678
G1 X58.538 Y60.957 E0.00682
G1 X58.51 Y60.661 E0.00494
G1 X58.54 Y60.233 E0.00714
G1 X58.664 Y59.809 E0.00735
G1 X58.858 Y59.438 E0.00696
G1 X59.119 Y59.119 E0.00685
G1 X59.438 Y58.858 E0.00685
G1 X59.809 Y58.664 E0.00696
G1 X60.187 Y58.548 E0.00658
G1 X60.547 Y58.51 E0.00602
G1 X61.073 Y58.561 E0.00879
G1 X61.459 Y58.688 E0.00676
G1 X61.785 Y58.864 E0.00616
G1 X62.089 Y59.119 E0.0066
G1 X62.384 Y59.49 E0.00788
G1 X62.566 Y59.859 E0.00684
G1 X62.674 Y60.251 E0.00676
G1 X62.702 Y60.661 E0.00683
G1 X62.672 Y60.975 E0.00525
G1 X62.547 Y61.409 E0.00751
G1 X62.35 Y61.776 E0.00693
G1 X62.089 Y62.089 E0.00678
G1 X61.822 Y62.316 E0.00583
G1 X61.465 Y62.521 E0.00685
G0 F7200 X61.61 Y62.794
G0 X65.72 Y68.985
G0 X66.37 Y69.635
G0 X67.218 Y69.986
G0 X68.629 Y69.893
G0 X68.482 Y69.615
G1 F3600 X68.094 Y69.736 E0.00676
G1 X67.733 Y69.774 E0.00604
G1 X67.323 Y69.746 E0.00683
G1 X66.929 Y69.638 E0.00679
G1 X66.495 Y69.412 E0.00814
G1 X66.191 Y69.161 E0.00656
G1 X65.898 Y68.79 E0.00786
G1 X65.719 Y68.432 E0.00666
G1 X65.606 Y68.029 E0.00696
G1 X65.578 Y67.733 E0.00494
G1 X65.608 Y67.305 E0.00714
G1 X65.733 Y66.875 E0.00745
G1 X65.934 Y66.505 E0.007
G1 X66.191 Y66.191 E0.00675
G1 X66.505 Y65.933 E0.00676
G1 X66.875 Y65.733 E0.00699
G1 X67.258 Y65.616 E0.00666
G1 X67.619 Y65.578 E0.00604
G1 X68.152 Y65.631 E0.00891
G1 X68.534 Y65.762 E0.00672
G1 X68.853 Y65.936 E0.00604
G1 X69.161 Y66.191 E0.00665
G1 X69.384 Y66.459 E0.0058
G1 X69.591 Y66.816 E0.00686
G1 X69.746 Y67.323 E0.00882
G1 X69.774 Y67.733 E0.00683
G1 X69.744 Y68.047 E0.00525
G1 X69.615 Y68.482 E0.00755
G1 X69.424 Y68.841 E0.00676
G1 X69.161 Y69.161 E0.00689
G1 X68.788 Y69.456 E0.00791
G1 X68.482 Y69.615 E0.00573
G0 F7200 X68.629 Y69.893
G0 X72.793 Y76.056
G0 X73.44 Y76.705
G0 X74.29 Y77.057
G0 X75.639 Y76.989
G0 X75.55 Y76.688
G1 F3600 X75.166 Y76.804 E0.00667
G1 X74.683 Y76.845 E0.00806
G1 X74.279 Y76.791 E0.00678
G1 X73.893 Y76.664 E0.00676
G1 X73.567 Y76.488 E0.00616
G1 X73.263 Y76.237 E0.00656
G1 X73.03 Y75.955 E0.00608
G1 X72.785 Y75.497 E0.00864
G1 X72.678 Y75.101 E0.00682
G1 X72.65 Y74.691 E0.00683
G1 X72.688 Y74.33 E0.00604
G1 X72.787 Y73.991 E0.00587
G1 X72.996 Y73.583 E0.00762
G1 X73.263 Y73.263 E0.00693
G1 X73.583 Y72.996 E0.00693
G1 X73.942 Y72.805 E0.00676
G1 X74.33 Y72.688 E0.00674
G1 X74.691 Y72.65 E0.00604
G1 X75.101 Y72.678 E0.00683
G1 X75.497 Y72.785 E0.00682
G1 X75.921 Y73.004 E0.00794
G1 X76.237 Y73.263 E0.00679
G1 X76.528 Y73.633 E0.00783
G1 X76.707 Y73.999 E0.00678
G1 X76.813 Y74.387 E0.00669
G1 X76.845 Y74.813 E0.0071
G1 X76.812 Y75.119 E0.00512
G1 X76.688 Y75.55 E0.00746
G1 X76.46 Y75.962 E0.00783
G1 X76.233 Y76.233 E0.00588
G1 X75.911 Y76.498 E0.00694
G1 X75.55 Y76.688 E0.00678
G0 F7200 X75.639 Y76.989
G0 X80.155 Y83.483
G0 X80.92 Y83.994
G0 X82.707 Y84.061
G0 X82.618 Y83.76
G1 F3600 X82.239 Y83.876 E0.00659
G1 X81.877 Y83.914 E0.00605
G1 X81.351 Y83.863 E0.00879
G1 X80.965 Y83.736 E0.00676
G1 X80.639 Y83.56 E0.00616
G1 X80.335 Y83.305 E0.0066
G1 X80.105 Y83.031 E0.00595
G1 X79.902 Y82.674 E0.00683
G1 X79.774 Y82.291 E0.00672
G1 X79.722 Y81.877 E0.00694
G1 X79.752 Y81.449 E0.00714
G1 X79.876 Y81.017 E0.00747
G1 X80.067 Y80.657 E0.00678
G1 X80.331 Y80.331 E0.00698
G1 X80.61 Y80.101 E0.00601
G1 X81.018 Y79.876 E0.00775
G1 X81.402 Y79.76 E0.00667
G1 X81.763 Y79.722 E0.00604
G1 X82.173 Y79.75 E0.00683
G1 X82.674 Y79.902 E0.00871
G1 X82.993 Y80.076 E0.00604
G1 X83.305 Y80.335 E0.00674
G1 X83.6 Y80.705 E0.00787
G1 X83.779 Y81.071 E0.00678
G1 X83.886 Y81.467 E0.00682
G1 X83.914 Y81.877 E0.00683
G1 X83.876 Y82.239 E0.00605
G1 X83.761 Y82.618 E0.00659
G1 X83.599 Y82.934 E0.00591
G1 X83.305 Y83.305 E0.00787
G1 X83.03 Y83.535 E0.00596
G1 X82.618 Y83.76 E0.00781
G0 F7200 X82.707 Y84.061
G0 X87.226 Y90.556
G0 X87.99 Y91.065
G0 X88.845 Y91.24
G0 X89.892 Y91.081
G0 X89.746 Y90.806
G1 F3600 X89.241 Y90.958 E0.00877
G1 X88.831 Y90.986 E0.00683
G1 X88.535 Y90.958 E0.00494
G1 X88.141 Y90.851 E0.00679
G1 X87.715 Y90.632 E0.00797
G1 X87.403 Y90.377 E0.0067
G1 X87.173 Y90.098 E0.00601
G1 X86.974 Y89.746 E0.00672
G1 X86.822 Y89.241 E0.00877
G1 X86.794 Y88.831 E0.00683
G1 X86.832 Y88.469 E0.00605
G1 X86.948 Y88.09 E0.00659
G1 X87.139 Y87.729 E0.00679
G1 X87.403 Y87.403 E0.00698
G1 X87.729 Y87.138 E0.00699
G1 X88.09 Y86.947 E0.00679
G1 X88.469 Y86.832 E0.00659
G1 X88.831 Y86.794 E0.00605
G1 X89.241 Y86.822 E0.00683
G1 X89.637 Y86.929 E0.00682
G1 X90.065 Y87.148 E0.008
G1 X90.377 Y87.403 E0.0067
G1 X90.607 Y87.682 E0.00601
G1 X90.851 Y88.141 E0.00864
G1 X90.958 Y88.535 E0.00679
G1 X90.986 Y88.945 E0.00683
G1 X90.935 Y89.357 E0.0069
G1 X90.806 Y89.746 E0.00682
G1 X90.632 Y90.065 E0.00604
G1 X90.377 Y90.377 E0.0067
G1 X90.098 Y90.607 E0.00601
G1 X89.746 Y90.806 E0.00672
G0 F7200 X89.892 Y91.081
G0 X86.416 Y97.191
G0 X86.416 Y97.587
G1 F3600 X97.587 Y86.416 E0.26272
G1 X13.584 Y2.413 E1.97562
G1 X2.413 Y13.584 E0.26272
G1 X86.416 Y97.587 E1.97562
G0 F7200 X86.416 Y98.153
;TYPE:WALL-OUTER
G1 F1800 X98.153 Y86.416 E0.27604
G1 X13.584 Y1.847 E1.98893
G1 X1.847 Y13.584 E0.27604
G1 X86.416 Y98.153 E1.98893
G0 F7200 X86.557 Y98.012
G0 X86.416 Y97.191
G0 X89.726 Y91.148
G0 X89.522 Y90.468
G1 F1800 X89.203 Y90.56 E0.00552
G1 X88.869 Y90.588 E0.00557
G1 X88.533 Y90.552 E0.00562
G1 X88.257 Y90.468 E0.0048
G1 X87.934 Y90.296 E0.00609
G1 X87.686 Y90.094 E0.00532
G1 X87.463 Y89.814 E0.00595
G1 X87.312 Y89.522 E0.00547
G1 X87.22 Y89.203 E0.00552
G1 X87.192 Y88.907 E0.00494
G1 X87.221 Y88.567 E0.00567
G1 X87.318 Y88.24 E0.00567
G1 X87.473 Y87.949 E0.00548
G1 X87.674 Y87.699 E0.00533
G1 X87.949 Y87.472 E0.00593
G1 X88.24 Y87.318 E0.00548
G1 X88.573 Y87.22 E0.00577
G1 X88.907 Y87.192 E0.00557
G1 X89.242 Y87.228 E0.0056
G1 X89.558 Y87.327 E0.00551
G1 X89.846 Y87.484 E0.00545
G1 X90.094 Y87.686 E0.00532
G1 X90.317 Y87.966 E0.00595
G1 X90.468 Y88.257 E0.00545
G1 X90.56 Y88.573 E0.00547
G1 X90.588 Y88.907 E0.00557
G1 X90.552 Y89.242 E0.0056
G1 X90.453 Y89.558 E0.00551
G1 X90.296 Y89.846 E0.00545
G1 X90.094 Y90.094 E0.00532
G1 X89.814 Y90.317 E0.00595
G1 X89.522 Y90.468 E0.00547
G0 F7200 X89.33 Y90.523
G0 X89.535 Y91.206
G0 X88.432 Y91.199
G0 X87.584 Y90.848
G0 X82.804 Y84.018
G0 X82.468 Y83.39
G1 F1800 X82.135 Y83.488 E0.00577
G1 X81.801 Y83.516 E0.00557
G1 X81.466 Y83.48 E0.0056
G1 X81.151 Y83.382 E0.00549
G1 X80.855 Y83.222 E0.0056
G1 X80.618 Y83.022 E0.00516
G1 X80.413 Y82.776 E0.00533
G1 X80.24 Y82.451 E0.00612
G1 X80.148 Y82.135 E0.00547
G1 X80.12 Y81.839 E0.00494
G1 X80.149 Y81.499 E0.00567
G1 X80.246 Y81.168 E0.00574
G1 X80.401 Y80.877 E0.00548
G1 X80.602 Y80.627 E0.00533
G1 X80.877 Y80.401 E0.00592
G1 X81.168 Y80.246 E0.00548
G1 X81.505 Y80.148 E0.00584
G1 X81.839 Y80.12 E0.00557
G1 X82.175 Y80.156 E0.00562
G1 X82.451 Y80.24 E0.0048
G1 X82.776 Y80.413 E0.00612
G1 X83.008 Y80.605 E0.00501
G1 X83.246 Y80.891 E0.00619
G1 X83.382 Y81.151 E0.00488
G1 X83.488 Y81.505 E0.00615
G1 X83.516 Y81.839 E0.00557
G1 X83.487 Y82.141 E0.00505
G1 X83.39 Y82.468 E0.00567
G1 X83.236 Y82.762 E0.00552
G1 X83.022 Y83.022 E0.0056
G1 X82.762 Y83.236 E0.0056
G1 X82.468 Y83.39 E0.00552
G0 F7200 X82.277 Y83.446
G0 X82.481 Y84.129
G0 X81.361 Y84.128
G0 X80.511 Y83.776
G0 X75.736 Y76.946
G0 X75.4 Y76.318
G1 F1800 X75.102 Y76.408 E0.00518
G1 X74.726 Y76.447 E0.00629
G1 X74.394 Y76.408 E0.00556
G1 X74.079 Y76.31 E0.00549
G1 X73.819 Y76.174 E0.00488
G1 X73.546 Y75.954 E0.00583
G1 X73.34 Y75.703 E0.0054
G1 X73.168 Y75.382 E0.00606
G1 X73.076 Y75.063 E0.00552
G1 X73.048 Y74.767 E0.00494
G1 X73.077 Y74.427 E0.00567
G1 X73.183 Y74.077 E0.00608
G1 X73.329 Y73.805 E0.00513
G1 X73.546 Y73.546 E0.00562
G1 X73.788 Y73.341 E0.00527
G1 X74.095 Y73.175 E0.0058
G1 X74.411 Y73.08 E0.00549
G1 X74.767 Y73.048 E0.00594
G1 X75.102 Y73.084 E0.0056
G1 X75.382 Y73.168 E0.00486
G1 X75.703 Y73.34 E0.00606
G1 X75.954 Y73.546 E0.0054
G1 X76.174 Y73.819 E0.00583
G1 X76.31 Y74.079 E0.00488
G1 X76.408 Y74.394 E0.00549
G1 X76.447 Y74.77 E0.00629
G1 X76.415 Y75.069 E0.005
G1 X76.318 Y75.4 E0.00574
G1 X76.151 Y75.708 E0.00583
G1 X75.95 Y75.95 E0.00523
G1 X75.691 Y76.164 E0.00559
G1 X75.4 Y76.318 E0.00548
G0 F7200 X75.209 Y76.375
G0 X75.413 Y77.057
G0 X74.29 Y77.057
G0 X73.44 Y76.705
G0 X68.536 Y69.927
G0 X68.329 Y69.245
G1 F1800 X67.991 Y69.348 E0.00588
G1 X67.657 Y69.376 E0.00557
G1 X67.321 Y69.34 E0.00562
G1 X67.008 Y69.24 E0.00546
G1 X66.713 Y69.075 E0.00562
G1 X66.474 Y68.878 E0.00515
G1 X66.273 Y68.636 E0.00523
G1 X66.115 Y68.346 E0.00549
G1 X66.004 Y67.991 E0.00619
G1 X65.976 Y67.695 E0.00494
G1 X66.005 Y67.355 E0.00567
G1 X66.096 Y67.045 E0.00537
G1 X66.277 Y66.713 E0.00629
G1 X66.474 Y66.474 E0.00515
G1 X66.728 Y66.265 E0.00547
G1 X67.045 Y66.096 E0.00597
G1 X67.361 Y66.004 E0.00547
G1 X67.695 Y65.976 E0.00557
G1 X67.991 Y66.004 E0.00494
G1 X68.346 Y66.115 E0.00619
G1 X68.636 Y66.273 E0.00549
G1 X68.878 Y66.474 E0.00523
G1 X69.096 Y66.744 E0.00577
G1 X69.256 Y67.045 E0.00567
G1 X69.348 Y67.361 E0.00547
G1 X69.376 Y67.695 E0.00557
G1 X69.347 Y67.997 E0.00505
G1 X69.245 Y68.329 E0.00578
G1 X69.091 Y68.619 E0.00546
G1 X68.878 Y68.878 E0.00558
G1 X68.636 Y69.079 E0.00523
G1 X68.329 Y69.245 E0.0058
G0 F7200 X68.138 Y69.303
G0 X68.345 Y69.986
G0 X67.218 Y69.986
G0 X66.37 Y69.635
G0 X61.444 Y62.863
G0 X61.238 Y62.184
G1 F1800 X60.941 Y62.272 E0.00515
G1 X60.585 Y62.304 E0.00594
G1 X60.248 Y62.268 E0.00564
G1 X59.943 Y62.17 E0.00533
G1 X59.639 Y62.006 E0.00574
G1 X59.402 Y61.806 E0.00516
G1 X59.178 Y61.533 E0.00587
G1 X59.042 Y61.273 E0.00488
G1 X58.936 Y60.919 E0.00615
G1 X58.908 Y60.623 E0.00494
G1 X58.944 Y60.248 E0.00626
G1 X59.034 Y59.96 E0.00502
G1 X59.192 Y59.658 E0.00567
G1 X59.39 Y59.415 E0.00521
G1 X59.658 Y59.192 E0.0058
G1 X59.96 Y59.034 E0.00567
G1 X60.289 Y58.936 E0.00571
G1 X60.623 Y58.908 E0.00557
G1 X60.958 Y58.944 E0.0056
G1 X61.273 Y59.042 E0.00549
G1 X61.569 Y59.202 E0.0056
G1 X61.806 Y59.402 E0.00516
G1 X62.03 Y59.675 E0.00587
G1 X62.184 Y59.977 E0.00564
G1 X62.276 Y60.289 E0.00541
G1 X62.304 Y60.623 E0.00557
G1 X62.275 Y60.925 E0.00505
G1 X62.169 Y61.275 E0.00608
G1 X62.006 Y61.569 E0.00559
G1 X61.806 Y61.806 E0.00516
G1 X61.535 Y62.029 E0.00584
G1 X61.238 Y62.184 E0.00557
G0 F7200 X61.047 Y62.24
G0 X61.254 Y62.921
G0 X60.147 Y62.915
G0 X59.299 Y62.564
G0 X54.391 Y55.786
G0 X54.184 Y55.106
G1 F1800 X53.848 Y55.204 E0.00582
G1 X53.517 Y55.232 E0.00552
G1 X53.181 Y55.196 E0.00562
G1 X52.905 Y55.112 E0.0048
G1 X52.603 Y54.958 E0.00564
G1 X52.33 Y54.738 E0.00583
G1 X52.129 Y54.496 E0.00523
G1 X51.97 Y54.201 E0.00557
G1 X51.864 Y53.848 E0.00613
G1 X51.836 Y53.517 E0.00552
G1 X51.865 Y53.215 E0.00505
G1 X51.962 Y52.888 E0.00567
G1 X52.12 Y52.585 E0.00568
G1 X52.318 Y52.343 E0.0052
G1 X52.586 Y52.12 E0.0058
G1 X52.888 Y51.962 E0.00567
G1 X53.221 Y51.864 E0.00577
G1 X53.556 Y51.836 E0.00559
G1 X53.848 Y51.864 E0.00488
G1 X54.201 Y51.97 E0.00613
G1 X54.496 Y52.129 E0.00557
G1 X54.738 Y52.33 E0.00523
G1 X54.958 Y52.603 E0.00583
G1 X55.112 Y52.905 E0.00564
G1 X55.204 Y53.221 E0.00547
G1 X55.232 Y53.556 E0.00559
G1 X55.203 Y53.853 E0.00496
G1 X55.106 Y54.184 E0.00574
G1 X54.939 Y54.496 E0.00589
G1 X54.738 Y54.738 E0.00523
G1 X54.496 Y54.939 E0.00523
G1 X54.184 Y55.106 E0.00589
G0 F7200 X53.992 Y55.162
G0 X54.2 Y55.845
G0 X53.076 Y55.844
G0 X52.228 Y55.493
G0 X47.317 Y48.716
G0 X47.108 Y48.034
G1 F1800 X46.779 Y48.132 E0.00571
G1 X46.445 Y48.16 E0.00557
G1 X46.11 Y48.124 E0.0056
G1 X45.795 Y48.026 E0.00549
G1 X45.499 Y47.866 E0.0056
G1 X45.262 Y47.666 E0.00516
G1 X45.038 Y47.393 E0.00587
G1 X44.884 Y47.091 E0.00564
G1 X44.792 Y46.779 E0.00541
G1 X44.764 Y46.483 E0.00494
G1 X44.793 Y46.143 E0.00567
G1 X44.899 Y45.793 E0.00608
G1 X45.062 Y45.499 E0.00559
G1 X45.262 Y45.262 E0.00516
G1 X45.533 Y45.039 E0.00584
G1 X45.83 Y44.884 E0.00557
G1 X46.127 Y44.796 E0.00515
G1 X46.483 Y44.764 E0.00594
G1 X46.82 Y44.8 E0.00564
G1 X47.125 Y44.898 E0.00533
G1 X47.429 Y45.062 E0.00574
G1 X47.666 Y45.262 E0.00516
G1 X47.89 Y45.535 E0.00587
G1 X48.026 Y45.795 E0.00488
G1 X48.132 Y46.149 E0.00615
G1 X48.16 Y46.483 E0.00557
G1 X48.124 Y46.82 E0.00564
G1 X48.034 Y47.108 E0.00502
G1 X47.876 Y47.41 E0.00567
G1 X47.678 Y47.653 E0.00521
G1 X47.411 Y47.876 E0.00579
G1 X47.108 Y48.034 E0.00568
G0 F7200 X46.917 Y48.091
G0 X47.126 Y48.775
G0 X46.007 Y48.774
G0 X45.157 Y48.422
G0 X40.23 Y41.65
G0 X40.023 Y40.972
G1 F1800 X39.707 Y41.064 E0.00547
G1 X39.373 Y41.092 E0.00557
G1 X39.077 Y41.064 E0.00494
G1 X38.722 Y40.953 E0.00619
G1 X38.432 Y40.795 E0.00549
G1 X38.19 Y40.594 E0.00523
G1 X37.972 Y40.324 E0.00577
G1 X37.812 Y40.023 E0.00567
G1 X37.72 Y39.707 E0.00547
G1 X37.692 Y39.411 E0.00494
G1 X37.721 Y39.071 E0.00567
G1 X37.823 Y38.739 E0.00578
G1 X37.977 Y38.449 E0.00546
G1 X38.19 Y38.19 E0.00558
G1 X38.432 Y37.989 E0.00523
G1 X38.739 Y37.823 E0.0058
G1 X39.037 Y37.728 E0.0052
G1 X39.411 Y37.692 E0.00625
G1 X39.747 Y37.728 E0.00562
G1 X40.06 Y37.828 E0.00546
G1 X40.355 Y37.993 E0.00562
G1 X40.594 Y38.19 E0.00515
G1 X40.795 Y38.432 E0.00523
G1 X40.953 Y38.722 E0.00549
G1 X41.064 Y39.077 E0.00619
G1 X41.092 Y39.411 E0.00557
G1 X41.063 Y39.713 E0.00505
G1 X40.972 Y40.023 E0.00537
G1 X40.791 Y40.355 E0.00629
G1 X40.594 Y40.594 E0.00515
G1 X40.34 Y40.803 E0.00547
G1 X40.023 Y40.972 E0.00597
G0 F7200 X39.831 Y41.027
G0 X40.039 Y41.709
G0 X38.936 Y41.703
G0 X38.086 Y41.351
G0 X33.177 Y34.573
G0 X32.969 Y33.893
G1 F1800 X32.635 Y33.992 E0.00579
G1 X32.301 Y34.02 E0.00557
G1 X31.966 Y33.984 E0.0056
G1 X31.648 Y33.884 E0.00554
G1 X31.36 Y33.723 E0.00549
G1 X31.118 Y33.522 E0.00523
G1 X30.899 Y33.25 E0.00581
G1 X30.744 Y32.951 E0.0056
G1 X30.66 Y32.675 E0.0048
G1 X30.621 Y32.342 E0.00558
G1 X30.653 Y31.999 E0.00573
G1 X30.75 Y31.668 E0.00574
G1 X30.904 Y31.377 E0.00548
G1 X31.118 Y31.118 E0.00559
G1 X31.378 Y30.904 E0.0056
G1 X31.668 Y30.75 E0.00546
G1 X31.966 Y30.66 E0.00518
G1 X32.342 Y30.621 E0.00629
G1 X32.675 Y30.66 E0.00558
G1 X32.951 Y30.744 E0.0048
G1 X33.283 Y30.921 E0.00626
G1 X33.522 Y31.118 E0.00515
G1 X33.723 Y31.36 E0.00523
G1 X33.884 Y31.648 E0.00549
G1 X33.992 Y32.005 E0.0062
G1 X34.02 Y32.339 E0.00557
G1 X33.991 Y32.641 E0.00505
G1 X33.899 Y32.953 E0.00541
G1 X33.735 Y33.267 E0.00589
G1 X33.522 Y33.522 E0.00553
G1 X33.284 Y33.723 E0.00518
G1 X32.969 Y33.893 E0.00595
G0 F7200 X32.778 Y33.949
G0 X32.987 Y34.632
G0 X31.865 Y34.632
G0 X31.015 Y34.28
G0 X26.104 Y27.502
G0 X25.9 Y26.822
G1 F1800 X25.563 Y26.92 E0.00584
G1 X25.229 Y26.948 E0.00557
G1 X24.893 Y26.912 E0.00562
G1 X24.617 Y26.828 E0.0048
G1 X24.292 Y26.655 E0.00612
G1 X24.06 Y26.463 E0.00501
G1 X23.822 Y26.177 E0.00619
G1 X23.686 Y25.917 E0.00488
G1 X23.58 Y25.563 E0.00615
G1 X23.552 Y25.267 E0.00494
G1 X23.581 Y24.927 E0.00567
G1 X23.678 Y24.6 E0.00567
G1 X23.832 Y24.306 E0.00552
G1 X24.046 Y24.046 E0.0056
G1 X24.306 Y23.832 E0.0056
G1 X24.6 Y23.678 E0.00552
G1 X24.933 Y23.58 E0.00577
G1 X25.267 Y23.552 E0.00557
G1 X25.602 Y23.588 E0.0056
G1 X25.917 Y23.686 E0.00549
G1 X26.213 Y23.846 E0.0056
G1 X26.45 Y24.046 E0.00516
G1 X26.655 Y24.292 E0.00533
G1 X26.828 Y24.617 E0.00612
G1 X26.92 Y24.933 E0.00547
G1 X26.948 Y25.267 E0.00557
G1 X26.919 Y25.569 E0.00505
G1 X26.822 Y25.9 E0.00574
G1 X26.677 Y26.175 E0.00517
G1 X26.466 Y26.441 E0.00565
G1 X26.191 Y26.667 E0.00592
G1 X25.9 Y26.822 E0.00548
G0 F7200 X25.708 Y26.877
G0 X25.913 Y27.56
G0 X24.794 Y27.559
G0 X23.944 Y27.207
G0 X19.163 Y20.379
G0 X18.828 Y19.75
G1 F1800 X18.495 Y19.848 E0.00577
G1 X18.161 Y19.876 E0.00557
G1 X17.826 Y19.84 E0.0056
G1 X17.51 Y19.741 E0.00551
G1 X17.22 Y19.583 E0.00549
G1 X16.974 Y19.378 E0.00533
G1 X16.755 Y19.107 E0.00579
G1 X16.6 Y18.811 E0.00556
G1 X16.508 Y18.495 E0.00547
G1 X16.48 Y18.199 E0.00494
G1 X16.509 Y17.859 E0.00567
G1 X16.606 Y17.528 E0.00574
G1 X16.778 Y17.215 E0.00594
G1 X16.978 Y16.978 E0.00516
G1 X17.218 Y16.776 E0.00522
G1 X17.528 Y16.606 E0.00588
G1 X17.865 Y16.508 E0.00584
G1 X18.199 Y16.48 E0.00557
G1 X18.535 Y16.516 E0.00562
G1 X18.847 Y16.615 E0.00544
G1 X19.139 Y16.777 E0.00555
G1 X19.378 Y16.974 E0.00515
G1 X19.583 Y17.22 E0.00533
G1 X19.756 Y17.546 E0.00614
G1 X19.848 Y17.865 E0.00552
G1 X19.876 Y18.199 E0.00557
G1 X19.847 Y18.501 E0.00505
G1 X19.75 Y18.828 E0.00567
G1 X19.595 Y19.119 E0.00548
G1 X19.394 Y19.369 E0.00533
G1 X19.119 Y19.595 E0.00592
G1 X18.828 Y19.75 E0.00548
G0 F7200 X18.637 Y19.806
G0 X18.842 Y20.489
G0 X17.723 Y20.488
G0 X16.873 Y20.136
G0 X12.096 Y13.306
G0 X11.76 Y12.678
G1 F1800 X11.462 Y12.768 E0.00518
G1 X11.086 Y12.807 E0.00629
G1 X10.754 Y12.768 E0.00556
G1 X10.474 Y12.684 E0.00486
G1 X10.165 Y12.52 E0.00582
G1 X9.906 Y12.31 E0.00555
G1 X9.701 Y12.064 E0.00533
G1 X9.528 Y11.742 E0.00608
G1 X9.436 Y11.423 E0.00552
G1 X9.408 Y11.127 E0.00494
G1 X9.436 Y10.793 E0.00557
G1 X9.543 Y10.437 E0.00618
G1 X9.701 Y10.152 E0.00542
G1 X9.92 Y9.893 E0.00564
G1 X10.185 Y9.679 E0.00566
G1 X10.474 Y9.528 E0.00542
G1 X10.793 Y9.436 E0.00552
G1 X11.127 Y9.408 E0.00557
G1 X11.462 Y9.444 E0.0056
G1 X11.742 Y9.528 E0.00486
G1 X12.032 Y9.679 E0.00544
G1 X12.31 Y9.906 E0.00597
G1 X12.52 Y10.165 E0.00555
G1 X12.684 Y10.474 E0.00582
G1 X12.768 Y10.754 E0.00486
G1 X12.807 Y11.13 E0.00629
G1 X12.775 Y11.429 E0.005
G1 X12.678 Y11.76 E0.00574
G1 X12.523 Y12.047 E0.00542
G1 X12.322 Y12.297 E0.00533
G1 X12.047 Y12.523 E0.00592
G1 X11.76 Y12.678 E0.00542
G0 F7200 X11.569 Y12.735
G0 X11.774 Y13.418
G0 X16.517 Y19.845
G0 X86.416 Y97.045
;TYPE:SKIN
G1 F1800 X2.951 Y13.584 E1.96292
G1 X13.584 Y2.951 E0.25007
G1 X97.049 Y86.416 E1.96297
G1 X86.416 Y97.045 E0.25002
G0 F7200 X89.435 Y91.303
G1 F1800 X89.895 Y91.155 E0.00804
G1 X90.313 Y90.918 E0.00799
G1 X90.642 Y90.646 E0.0071
G1 X90.952 Y90.265 E0.00817
G1 X91.14 Y89.925 E0.00646
G1 X91.303 Y89.435 E0.00859
G1 X91.363 Y88.991 E0.00745
G1 X91.336 Y88.503 E0.00813
G1 X91.138 Y87.843 E0.01146
G1 X90.918 Y87.463 E0.0073
G1 X90.646 Y87.134 E0.0071
G1 X90.259 Y86.821 E0.00828
G1 X89.775 Y86.577 E0.00901
G1 X89.273 Y86.44 E0.00865
G1 X88.821 Y86.412 E0.00753
G1 X88.392 Y86.459 E0.00718
G1 X87.948 Y86.59 E0.0077
G1 X87.505 Y86.828 E0.00836
G1 X87.146 Y87.12 E0.0077
G1 X86.865 Y87.453 E0.00725
G1 X86.59 Y87.944 E0.00936
G1 X86.459 Y88.393 E0.00778
G1 X86.412 Y88.821 E0.00716
G1 X86.448 Y89.314 E0.00822
G1 X86.638 Y89.933 E0.01077
G1 X86.858 Y90.313 E0.0073
G1 X87.13 Y90.642 E0.0071
G1 X87.482 Y90.928 E0.00754
G1 X87.854 Y91.139 E0.00711
G1 X88.336 Y91.304 E0.00847
G1 X88.991 Y91.363 E0.01094
G1 X89.435 Y91.303 E0.00745
G0 F7200 X88.432 Y91.199
G0 X87.584 Y90.848
G0 X82.756 Y84.114
G1 F1800 X83.2 Y83.88 E0.00835
G1 X83.574 Y83.57 E0.00808
G1 X83.884 Y83.194 E0.0081
G1 X84.114 Y82.756 E0.00823
G1 X84.249 Y82.312 E0.00772
G1 X84.291 Y81.918 E0.00659
G1 X84.264 Y81.435 E0.00804
G1 X84.146 Y80.969 E0.00799
G1 X83.912 Y80.497 E0.00876
G1 X83.518 Y80.014 E0.01037
G1 X83.221 Y79.775 E0.00634
G1 X82.85 Y79.565 E0.00709
G1 X82.367 Y79.4 E0.00849
G1 X81.759 Y79.344 E0.01015
G1 X81.325 Y79.387 E0.00725
G1 X80.872 Y79.522 E0.00786
G1 X80.439 Y79.753 E0.00816
G1 X80.004 Y80.124 E0.00951
G1 X79.749 Y80.441 E0.00677
G1 X79.522 Y80.873 E0.00812
G1 X79.373 Y81.398 E0.00908
G1 X79.344 Y81.915 E0.00861
G1 X79.372 Y82.211 E0.00494
G1 X79.49 Y82.668 E0.00785
G1 X79.696 Y83.1 E0.00796
G1 X80.014 Y83.518 E0.00873
G1 X80.4 Y83.855 E0.00852
G1 X80.789 Y84.069 E0.00738
G1 X81.272 Y84.232 E0.00848
G1 X81.88 Y84.292 E0.01016
G1 X82.312 Y84.249 E0.00722
G1 X82.756 Y84.114 E0.00772
G0 F7200 X81.82 Y84.174
G0 X80.92 Y83.994
G0 X80.155 Y83.483
G0 X75.687 Y77.042
G1 F1800 X76.122 Y76.812 E0.00818
G1 X76.506 Y76.494 E0.00829
G1 X76.771 Y76.175 E0.0069
G1 X77.042 Y75.692 E0.00921
G1 X77.173 Y75.242 E0.00779
G1 X77.22 Y74.677 E0.00943
G1 X77.159 Y74.196 E0.00806
G1 X77.073 Y73.892 E0.00525
G1 X76.864 Y73.459 E0.008
G1 X76.506 Y72.994 E0.00976
G1 X76.152 Y72.701 E0.00764
G1 X75.635 Y72.433 E0.00968
G1 X75.133 Y72.296 E0.00865
G1 X74.681 Y72.268 E0.00753
G1 X74.248 Y72.316 E0.00724
G1 X73.773 Y72.463 E0.00827
G1 X73.305 Y72.725 E0.00892
G1 X72.994 Y72.99 E0.00679
G1 X72.731 Y73.297 E0.00672
G1 X72.455 Y73.789 E0.00938
G1 X72.315 Y74.252 E0.00804
G1 X72.268 Y74.681 E0.00718
G1 X72.302 Y75.173 E0.0082
G1 X72.418 Y75.601 E0.00737
G1 X72.734 Y76.197 E0.01122
G1 X72.982 Y76.493 E0.00642
G1 X73.333 Y76.784 E0.00758
G1 X73.747 Y77.01 E0.00784
G1 X74.159 Y77.15 E0.00724
G1 X74.632 Y77.219 E0.00795
G1 X75.256 Y77.17 E0.01041
G1 X75.687 Y77.042 E0.00748
G0 F7200 X74.749 Y77.103
G0 X73.849 Y76.923
G0 X73.084 Y76.412
G0 X68.634 Y69.965
G1 F1800 X69.103 Y69.703 E0.00893
G1 X69.43 Y69.426 E0.00713
G1 X69.744 Y69.043 E0.00824
G1 X69.965 Y68.629 E0.0078
G1 X70.091 Y68.223 E0.00707
G1 X70.152 Y67.732 E0.00823
G1 X70.092 Y67.128 E0.01009
G1 X69.938 Y66.663 E0.00815
G1 X69.693 Y66.238 E0.00816
G1 X69.426 Y65.918 E0.00693
G1 X69.088 Y65.637 E0.00731
G1 X68.709 Y65.424 E0.00723
G1 X68.228 Y65.26 E0.00845
G1 X67.616 Y65.2 E0.01023
G1 X67.182 Y65.243 E0.00725
G1 X66.825 Y65.343 E0.00617
G1 X66.288 Y65.618 E0.01003
G1 X65.936 Y65.905 E0.00755
G1 X65.615 Y66.295 E0.0084
G1 X65.378 Y66.732 E0.00827
G1 X65.229 Y67.251 E0.00898
G1 X65.2 Y67.772 E0.00868
G1 X65.228 Y68.064 E0.00488
G1 X65.35 Y68.532 E0.00804
G1 X65.578 Y68.996 E0.0086
G1 X65.922 Y69.43 E0.00921
G1 X66.216 Y69.675 E0.00636
G1 X66.627 Y69.917 E0.00793
G1 X67.244 Y70.115 E0.01078
G1 X67.739 Y70.152 E0.00825
G1 X68.186 Y70.104 E0.00748
G1 X68.634 Y69.965 E0.0078
G0 F7200 X67.678 Y70.032
G0 X66.778 Y69.851
G0 X66.014 Y69.341
G0 X61.548 Y62.898
G1 F1800 X61.938 Y62.693 E0.00733
G1 X62.358 Y62.354 E0.00898
G1 X62.662 Y61.985 E0.00795
G1 X62.859 Y61.631 E0.00674
G1 X63.037 Y61.098 E0.00935
G1 X63.079 Y60.701 E0.00664
G1 X63.052 Y60.219 E0.00803
G1 X62.858 Y59.571 E0.01125
G1 X62.622 Y59.163 E0.00784
G1 X62.292 Y58.789 E0.00829
G1 X62.016 Y58.561 E0.00595
G1 X61.605 Y58.338 E0.00778
G1 X61.148 Y58.188 E0.008
G1 X60.544 Y58.128 E0.01009
G1 X60.109 Y58.175 E0.00728
G1 X59.729 Y58.286 E0.00658
G1 X59.208 Y58.549 E0.00971
G1 X58.797 Y58.907 E0.00906
G1 X58.548 Y59.213 E0.00656
G1 X58.342 Y59.593 E0.00719
G1 X58.175 Y60.108 E0.009
G1 X58.128 Y60.537 E0.00718
G1 X58.156 Y60.989 E0.00753
G1 X58.279 Y61.453 E0.00798
G1 X58.484 Y61.884 E0.00794
G1 X58.898 Y62.402 E0.01103
G1 X59.193 Y62.644 E0.00635
G1 X59.574 Y62.859 E0.00728
G1 X60.174 Y63.044 E0.01044
G1 X60.667 Y63.08 E0.00822
G1 X61.11 Y63.033 E0.00741
G1 X61.548 Y62.898 E0.00762
G0 F7200 X60.607 Y62.961
G0 X59.707 Y62.78
G0 X58.943 Y62.27
G0 X54.476 Y55.828
G1 F1800 X54.897 Y55.61 E0.00788
G1 X55.277 Y55.298 E0.00818
G1 X55.587 Y54.928 E0.00803
G1 X55.831 Y54.468 E0.00866
G1 X55.965 Y54.024 E0.00771
G1 X56.007 Y53.634 E0.00652
G1 X55.98 Y53.147 E0.00811
G1 X55.804 Y52.542 E0.01048
G1 X55.558 Y52.1 E0.00841
G1 X55.286 Y51.774 E0.00706
G1 X54.949 Y51.49 E0.00733
G1 X54.417 Y51.22 E0.00992
G1 X53.917 Y51.084 E0.00862
G1 X53.469 Y51.056 E0.00746
G1 X53.06 Y51.101 E0.00684
G1 X52.518 Y51.271 E0.00945
G1 X52.137 Y51.476 E0.00719
G1 X51.787 Y51.77 E0.0076
G1 X51.469 Y52.148 E0.00821
G1 X51.272 Y52.515 E0.00693
G1 X51.104 Y53.039 E0.00915
G1 X51.056 Y53.469 E0.0072
G1 X51.084 Y53.917 E0.00746
G1 X51.219 Y54.415 E0.00858
G1 X51.411 Y54.815 E0.00738
G1 X51.778 Y55.29 E0.00998
G1 X52.151 Y55.592 E0.00798
G1 X52.507 Y55.788 E0.00676
G1 X52.984 Y55.948 E0.00837
G1 X53.596 Y56.008 E0.01023
G1 X54.024 Y55.965 E0.00715
G1 X54.476 Y55.828 E0.00785
G0 F7200 X53.536 Y55.89
G0 X52.636 Y55.709
G0 X51.872 Y55.199
G0 X47.331 Y48.78
G1 F1800 X47.857 Y48.514 E0.0098
G1 X48.266 Y48.157 E0.00903
G1 X48.527 Y47.836 E0.00688
G1 X48.725 Y47.474 E0.00686
G1 X48.887 Y46.978 E0.00868
G1 X48.935 Y46.562 E0.00696
G1 X48.908 Y46.079 E0.00804
G1 X48.79 Y45.613 E0.00799
G1 X48.58 Y45.179 E0.00802
G1 X48.166 Y44.662 E0.01101
G1 X47.876 Y44.421 E0.00627
G1 X47.489 Y44.204 E0.00738
G1 X46.89 Y44.02 E0.01042
G1 X46.397 Y43.984 E0.00822
G1 X45.964 Y44.032 E0.00724
G1 X45.516 Y44.166 E0.00778
G1 X45.126 Y44.371 E0.00733
G1 X44.722 Y44.695 E0.00861
G1 X44.398 Y45.079 E0.00836
G1 X44.205 Y45.433 E0.00671
G1 X44.031 Y45.965 E0.00931
G1 X43.984 Y46.397 E0.00723
G1 X44.02 Y46.89 E0.00822
G1 X44.206 Y47.493 E0.01049
G1 X44.442 Y47.901 E0.00784
G1 X44.773 Y48.276 E0.00832
G1 X45.053 Y48.504 E0.006
G1 X45.432 Y48.712 E0.00719
G1 X45.916 Y48.876 E0.0085
G1 X46.524 Y48.936 E0.01016
G1 X46.96 Y48.893 E0.00729
G1 X47.331 Y48.78 E0.00645
G0 F7200 X46.464 Y48.818
G0 X45.564 Y48.638
G0 X44.801 Y48.128
G0 X40.261 Y41.715
G1 F1800 X40.78 Y41.447 E0.00971
G1 X41.154 Y41.133 E0.00812
G1 X41.453 Y40.769 E0.00783
G1 X41.686 Y40.336 E0.00818
G1 X41.805 Y39.956 E0.00662
G1 X41.867 Y39.491 E0.0078
G1 X41.84 Y39.007 E0.00806
G1 X41.713 Y38.53 E0.00821
G1 X41.486 Y38.068 E0.00856
G1 X41.142 Y37.634 E0.00921
G1 X40.822 Y37.371 E0.00689
G1 X40.4 Y37.128 E0.0081
G1 X39.82 Y36.948 E0.0101
G1 X39.325 Y36.912 E0.00825
G1 X38.877 Y36.964 E0.0075
G1 X38.444 Y37.098 E0.00754
G1 X37.992 Y37.341 E0.00853
G1 X37.634 Y37.638 E0.00774
G1 X37.325 Y38.013 E0.00808
G1 X37.098 Y38.44 E0.00804
G1 X36.957 Y38.912 E0.00819
G1 X36.912 Y39.332 E0.00702
G1 X36.972 Y39.936 E0.01009
G1 X37.126 Y40.401 E0.00815
G1 X37.371 Y40.826 E0.00816
G1 X37.685 Y41.189 E0.00798
G1 X37.983 Y41.429 E0.00636
G1 X38.354 Y41.639 E0.00709
G1 X38.79 Y41.794 E0.0077
G1 X39.451 Y41.867 E0.01106
G1 X39.888 Y41.825 E0.0073
G1 X40.261 Y41.715 E0.00647
G0 F7200 X39.393 Y41.747
G0 X38.493 Y41.567
G0 X37.73 Y41.057
G0 X33.26 Y34.614
G1 F1800 X33.716 Y34.371 E0.00859
G1 X34.074 Y34.07 E0.00778
G1 X34.387 Y33.696 E0.00811
G1 X34.614 Y33.264 E0.00812
G1 X34.755 Y32.8 E0.00806
G1 X34.795 Y32.417 E0.0064
G1 X34.768 Y31.935 E0.00803
G1 X34.65 Y31.469 E0.00799
G1 X34.344 Y30.892 E0.01086
G1 X34.074 Y30.566 E0.00704
G1 X33.701 Y30.26 E0.00802
G1 X33.353 Y30.068 E0.00661
G1 X32.909 Y29.914 E0.00782
G1 X32.432 Y29.845 E0.00802
G1 X31.821 Y29.892 E0.01019
G1 X31.396 Y30.015 E0.00736
G1 X30.934 Y30.258 E0.00868
G1 X30.562 Y30.566 E0.00803
G1 X30.265 Y30.924 E0.00774
G1 X30.022 Y31.377 E0.00855
G1 X29.891 Y31.824 E0.00775
G1 X29.845 Y32.208 E0.00643
G1 X29.872 Y32.712 E0.00839
G1 X30.008 Y33.205 E0.0085
G1 X30.208 Y33.609 E0.0075
G1 X30.618 Y34.122 E0.01092
G1 X30.913 Y34.364 E0.00635
G1 X31.428 Y34.634 E0.00967
G1 X31.897 Y34.762 E0.00808
G1 X32.383 Y34.796 E0.0081
G1 X32.831 Y34.748 E0.00749
G1 X33.26 Y34.614 E0.00747
G0 F7200 X32.322 Y34.676
G0 X31.422 Y34.496
G0 X30.659 Y33.986
G0 X26.174 Y27.552
G1 F1800 X26.543 Y27.363 E0.00689
G1 X27.018 Y26.993 E0.01001
G1 X27.363 Y26.543 E0.00943
G1 X27.546 Y26.191 E0.0066
G1 X27.661 Y25.807 E0.00667
G1 X27.723 Y25.347 E0.00772
G1 X27.696 Y24.863 E0.00806
G1 X27.578 Y24.4 E0.00795
G1 X27.364 Y23.959 E0.00815
G1 X27.05 Y23.546 E0.00863
G1 X26.664 Y23.209 E0.00852
G1 X26.249 Y22.982 E0.00787
G1 X25.792 Y22.832 E0.008
G1 X25.188 Y22.772 E0.01009
G1 X24.752 Y22.819 E0.00729
G1 X24.291 Y22.958 E0.00801
G1 X23.852 Y23.193 E0.00828
G1 X23.508 Y23.477 E0.00742
G1 X23.181 Y23.873 E0.00854
G1 X22.95 Y24.308 E0.00819
G1 X22.819 Y24.752 E0.0077
G1 X22.773 Y25.144 E0.00656
G1 X22.8 Y25.633 E0.00814
G1 X22.923 Y26.097 E0.00798
G1 X23.152 Y26.567 E0.00869
G1 X23.546 Y27.05 E0.01037
G1 X23.875 Y27.312 E0.00699
G1 X24.215 Y27.5 E0.00646
G1 X24.65 Y27.654 E0.00767
G1 X25.308 Y27.724 E0.011
G1 X25.74 Y27.681 E0.00722
G1 X26.174 Y27.552 E0.00753
G0 F7200 X25.251 Y27.605
G0 X24.351 Y27.425
G0 X23.588 Y26.916
G0 X19.099 Y20.48
G1 F1800 X19.547 Y20.247 E0.0084
G1 X19.921 Y19.942 E0.00803
G1 X20.199 Y19.611 E0.00719
G1 X20.474 Y19.119 E0.00937
G1 X20.609 Y18.672 E0.00777
G1 X20.651 Y18.273 E0.00667
G1 X20.624 Y17.795 E0.00796
G1 X20.444 Y17.174 E0.01075
G1 X20.181 Y16.718 E0.00875
G1 X19.926 Y16.418 E0.00655
G1 X19.593 Y16.138 E0.00724
G1 X19.029 Y15.85 E0.01053
G1 X18.601 Y15.734 E0.00737
G1 X18.113 Y15.7 E0.00814
G1 X17.684 Y15.747 E0.00718
G1 X17.232 Y15.882 E0.00784
G1 X16.802 Y16.108 E0.00808
G1 X16.414 Y16.434 E0.00843
G1 X16.129 Y16.78 E0.00745
G1 X15.875 Y17.248 E0.00886
G1 X15.733 Y17.758 E0.0088
G1 X15.701 Y18.279 E0.00868
G1 X15.761 Y18.731 E0.00758
G1 X15.931 Y19.226 E0.0087
G1 X16.176 Y19.636 E0.00794
G1 X16.474 Y19.978 E0.00754
G1 X16.809 Y20.247 E0.00714
G1 X17.289 Y20.491 E0.00895
G1 X17.757 Y20.618 E0.00806
G1 X18.243 Y20.652 E0.0081
G1 X18.672 Y20.609 E0.00717
G1 X19.099 Y20.48 E0.00742
G0 F7200 X18.18 Y20.534
G0 X17.28 Y20.354
G0 X16.517 Y19.845
G0 X12.052 Y13.402
G1 F1800 X12.481 Y13.17 E0.00811
G1 X12.921 Y12.794 E0.00963
G1 X13.176 Y12.474 E0.0068
G1 X13.398 Y12.051 E0.00794
G1 X13.533 Y11.603 E0.00778
G1 X13.58 Y11.037 E0.00945
G1 X13.519 Y10.556 E0.00806
G1 X13.366 Y10.095 E0.00808
G1 X13.156 Y9.712 E0.00726
G1 X12.862 Y9.354 E0.0077
G1 X12.395 Y8.989 E0.00986
G1 X11.956 Y8.774 E0.00813
G1 X11.532 Y8.662 E0.00729
G1 X11.045 Y8.628 E0.00812
G1 X10.557 Y8.689 E0.00818
G1 X10.095 Y8.842 E0.00809
G1 X9.655 Y9.098 E0.00847
G1 X9.35 Y9.354 E0.00662
G1 X9.052 Y9.713 E0.00776
G1 X8.778 Y10.255 E0.0101
G1 X8.662 Y10.683 E0.00737
G1 X8.632 Y11.203 E0.00866
G1 X8.66 Y11.499 E0.00494
G1 X8.774 Y11.954 E0.0078
G1 X9.08 Y12.532 E0.01088
G1 X9.414 Y12.918 E0.00849
G1 X9.729 Y13.163 E0.00664
G1 X10.095 Y13.366 E0.00696
G1 X10.519 Y13.51 E0.00745
G1 X10.992 Y13.579 E0.00795
G1 X11.581 Y13.536 E0.00982
G1 X12.052 Y13.402 E0.00814
G0 F7200 X16.517 Y19.845
G0 X86.498 Y96.68
G1 F1800 X3.318 Y13.5 E1.95627
G0 F7200 X3.601 Y13.217
G1 F1800 X86.78 Y96.397 E1.95625
G0 F7200 X87.063 Y96.114
G1 F1800 X3.883 Y12.934 E1.95627
G0 F7200 X4.166 Y12.652
G1 F1800 X87.346 Y95.831 E1.95625
G0 F7200 X87.629 Y95.549
G1 F1800 X4.449 Y12.369 E1.95627
G0 F7200 X4.732 Y12.086
G1 F1800 X87.912 Y95.266 E1.95627
G0 F7200 X88.195 Y94.983
G1 F1800 X5.015 Y11.803 E1.95627
G0 F7200 X5.298 Y11.52
G1 F1800 X88.477 Y94.7 E1.95625
G0 F7200 X88.76 Y94.417
G1 F1800 X5.58 Y11.237 E1.95627
G0 F7200 X5.863 Y10.954
G1 F1800 X89.043 Y94.134 E1.95627
G0 F7200 X89.326 Y93.851
G1 F1800 X6.146 Y10.672 E1.95625
G0 F7200 X6.429 Y10.389
G1 F1800 X89.609 Y93.569 E1.95627
G0 F7200 X89.892 Y93.286
G1 F1800 X88.004 Y91.398 E0.0444
G0 F7200 X88.714 Y91.543
G1 F1800 X90.175 Y93.004 E0.03436
G0 F7200 X90.458 Y92.721
G1 F1800 X89.265 Y91.528 E0.02806
G0 F7200 X89.723 Y91.42
G1 F1800 X90.741 Y92.438 E0.02394
G0 F7200 X91.024 Y92.155
G1 F1800 X90.125 Y91.256 E0.02114
G0 F7200 X90.479 Y91.045
G1 F1800 X91.307 Y91.872 E0.01946
G0 F7200 X91.589 Y91.589
G1 F1800 X90.785 Y90.785 E0.01891
G0 F7200 X91.04 Y90.474
G1 F1800 X91.872 Y91.307 E0.01958
G0 F7200 X92.155 Y91.024
G1 F1800 X91.256 Y90.125 E0.02114
G0 F7200 X91.418 Y89.721
G1 F1800 X92.438 Y90.741 E0.02399
G0 F7200 X92.721 Y90.458
G1 F1800 X91.527 Y89.264 E0.02808
G0 F7200 X91.547 Y88.719
G1 F1800 X93.004 Y90.175 E0.03425
G0 F7200 X93.286 Y89.892
G1 F1800 X91.402 Y88.008 E0.04431
G1 X91.332 Y87.938
G0 F7200 X89.754 Y86.36
G1 F1800 X84.34 Y80.946 E0.12733
G0 F7200 X84.475 Y81.646
G1 F1800 X89.054 Y86.226 E0.1077
G0 F7200 X88.509 Y86.246
G1 F1800 X84.46 Y82.197 E0.09523
G0 F7200 X84.352 Y82.655
G1 F1800 X88.052 Y86.355 E0.08702
G0 F7200 X87.653 Y86.522
G1 F1800 X84.182 Y83.051 E0.08163
G0 F7200 X83.968 Y83.403
G1 F1800 X87.302 Y86.737 E0.07841
G0 F7200 X86.994 Y86.994
G1 F1800 X83.714 Y83.714 E0.07714
G0 F7200 X83.403 Y83.968
G1 F1800 X86.732 Y87.298 E0.0783
G0 F7200 X86.526 Y87.657
G1 F1800 X83.053 Y84.184 E0.08168
G0 F7200 X82.656 Y84.353
G1 F1800 X86.353 Y88.05 E0.08695
G0 F7200 X86.247 Y88.51
G1 F1800 X82.198 Y84.46 E0.09524
G0 F7200 X81.641 Y84.47
G1 F1800 X86.232 Y89.06 E0.10796
G0 F7200 X86.376 Y89.77
G1 F1800 X80.937 Y84.331 E0.12792
G1 X80.867 Y84.261
G0 F7200 X79.286 Y82.681
G1 F1800 X73.864 Y77.258 E0.12753
G0 F7200 X74.586 Y77.414
G1 F1800 X79.154 Y81.982 E0.10743
G0 F7200 X79.173 Y81.436
G1 F1800 X75.121 Y77.384 E0.0953
G0 F7200 X75.583 Y77.28
G1 F1800 X79.284 Y80.981 E0.08704
G0 F7200 X79.451 Y80.582
G1 F1800 X75.981 Y77.113 E0.0816
G0 F7200 X76.332 Y76.898
G1 F1800 X79.664 Y80.23 E0.07836
G0 F7200 X79.926 Y79.926
G1 F1800 X76.64 Y76.64 E0.07728
G0 F7200 X76.899 Y76.334
G1 F1800 X80.234 Y79.668 E0.07842
G0 F7200 X80.583 Y79.452
G1 F1800 X77.109 Y75.977 E0.08171
G0 F7200 X77.279 Y75.582
G1 F1800 X80.978 Y79.281 E0.08699
G0 F7200 X81.439 Y79.176
G1 F1800 X77.384 Y75.121 E0.09537
G0 F7200 X77.415 Y74.586
G1 F1800 X81.993 Y79.165 E0.10768
G0 F7200 X82.693 Y79.298
G1 F1800 X77.279 Y73.885 E0.12732
G1 X77.209 Y73.815
G0 F7200 X75.609 Y72.215
G1 F1800 X70.19 Y66.796 E0.12745
G0 F7200 X70.33 Y67.502
G1 F1800 X74.909 Y72.081 E0.10769
G0 F7200 X74.366 Y72.103
G1 F1800 X70.314 Y68.051 E0.0953
G0 F7200 X70.211 Y68.514
G1 F1800 X73.908 Y72.21 E0.08694
G0 F7200 X73.514 Y72.382
G1 F1800 X70.041 Y68.91 E0.08167
G0 F7200 X69.823 Y69.258
G1 F1800 X73.154 Y72.589 E0.07834
G0 F7200 X72.854 Y72.854
G1 F1800 X69.569 Y69.569 E0.07726
G0 F7200 X69.265 Y69.83
G1 F1800 X72.594 Y73.16 E0.0783
G0 F7200 X72.382 Y73.513
G1 F1800 X68.909 Y70.04 E0.08168
G0 F7200 X68.51 Y70.207
G1 F1800 X72.212 Y73.909 E0.08707
G0 F7200 X72.104 Y74.366
G1 F1800 X68.057 Y70.32 E0.09517
G0 F7200 X67.505 Y70.333
G1 F1800 X72.086 Y74.914 E0.10774
G0 F7200 X72.213 Y75.607
G1 F1800 X66.789 Y70.183 E0.12756
G1 X66.719 Y70.113
G0 F7200 X65.146 Y68.54
G1 F1800 X59.724 Y63.118 E0.12752
G0 F7200 X60.434 Y63.262
G1 F1800 X65.005 Y67.833 E0.1075
G0 F7200 X65.03 Y67.293
G1 F1800 X60.986 Y63.249 E0.09511
G0 F7200 X61.442 Y63.139
G1 F1800 X65.139 Y66.836 E0.08695
G0 F7200 X65.312 Y66.443
G1 F1800 X61.839 Y62.971 E0.08167
G0 F7200 X62.185 Y62.751
G1 F1800 X65.525 Y66.091 E0.07855
G0 F7200 X65.779 Y65.779
G1 F1800 X62.493 Y62.493 E0.07728
G0 F7200 X62.751 Y62.186
G1 F1800 X66.092 Y65.526 E0.07856
G0 F7200 X66.442 Y65.311
G1 F1800 X62.969 Y61.837 E0.08169
G0 F7200 X63.134 Y61.437
G1 F1800 X66.835 Y65.138 E0.08704
G0 F7200 X67.295 Y65.032
G1 F1800 X63.248 Y60.985 E0.09518
G0 F7200 X63.261 Y60.433
G1 F1800 X67.85 Y65.021 E0.10791
G0 F7200 X68.56 Y65.166
G1 F1800 X63.118 Y59.724 E0.12799
G1 X63.048 Y59.654
G0 F7200 X61.482 Y58.087
G1 F1800 X56.045 Y52.65 E0.12787
G0 F7200 X56.189 Y53.36
G1 F1800 X60.778 Y57.95 E0.10794
G0 F7200 X60.225 Y57.962
G1 F1800 X56.175 Y53.913 E0.09524
G0 F7200 X56.069 Y54.372
G1 F1800 X59.763 Y58.066 E0.08688
G0 F7200 X59.372 Y58.241
G1 F1800 X55.9 Y54.768 E0.08167
G0 F7200 X55.686 Y55.12
G1 F1800 X59.017 Y58.451 E0.07834
G0 F7200 X58.715 Y58.715
G1 F1800 X55.428 Y55.428 E0.07731
G0 F7200 X55.12 Y55.686
G1 F1800 X58.452 Y59.018 E0.07836
G0 F7200 X58.237 Y59.368
G1 F1800 X54.769 Y55.9 E0.08156
G0 F7200 X54.372 Y56.069
G1 F1800 X58.075 Y59.772 E0.08709
G0 F7200 X57.963 Y60.226
G1 F1800 X53.913 Y56.176 E0.09525
G0 F7200 X53.358 Y56.186
G1 F1800 X57.942 Y60.77 E0.10781
G0 F7200 X58.077 Y61.471
G1 F1800 X52.655 Y56.05 E0.12751
G1 X52.585 Y55.98
G0 F7200 X51.006 Y54.4
G1 F1800 X45.581 Y48.975 E0.12759
G0 F7200 X46.285 Y49.114
G1 F1800 X50.87 Y53.698 E0.10782
G0 F7200 X50.892 Y53.155
G1 F1800 X46.841 Y49.104 E0.09527
G0 F7200 X47.3 Y48.998
G1 F1800 X51.004 Y52.701 E0.0871
G0 F7200 X51.165 Y52.296
G1 F1800 X47.692 Y48.823 E0.08168
G0 F7200 X48.046 Y48.611
G1 F1800 X51.379 Y51.945 E0.0784
G0 F7200 X51.638 Y51.638
G1 F1800 X48.348 Y48.348 E0.07738
G0 F7200 X48.612 Y48.046
G1 F1800 X51.943 Y51.378 E0.07835
G0 F7200 X52.298 Y51.167
G1 F1800 X48.829 Y47.698 E0.08159
G0 F7200 X48.993 Y47.296
G1 F1800 X52.699 Y51.002 E0.08716
G0 F7200 X53.154 Y50.891
G1 F1800 X49.105 Y46.842 E0.09523
G0 F7200 X49.118 Y46.29
G1 F1800 X53.698 Y50.869 E0.1077
G0 F7200 X54.399 Y51.005
G1 F1800 X48.984 Y45.59 E0.12735
G1 X48.914 Y45.52
G0 F7200 X47.34 Y43.946
G1 F1800 X41.918 Y38.524 E0.12752
G0 F7200 X42.051 Y39.223
G1 F1800 X46.63 Y43.802 E0.10769
G0 F7200 X46.08 Y43.817
G1 F1800 X42.031 Y39.768 E0.09523
G0 F7200 X41.927 Y40.23
G1 F1800 X45.625 Y43.928 E0.08697
G0 F7200 X45.226 Y44.094
G1 F1800 X41.756 Y40.625 E0.0816
G0 F7200 X41.54 Y40.975
G1 F1800 X44.879 Y44.313 E0.07852
G0 F7200 X44.57 Y44.57
G1 F1800 X41.283 Y41.283 E0.07731
G0 F7200 X40.976 Y41.542
G1 F1800 X44.31 Y44.876 E0.07841
G0 F7200 X44.092 Y45.224
G1 F1800 X40.622 Y41.753 E0.08162
G0 F7200 X40.234 Y41.931
G1 F1800 X43.933 Y45.63 E0.08699
G0 F7200 X43.817 Y46.079
G1 F1800 X39.773 Y42.035 E0.09511
G0 F7200 X39.216 Y42.045
G1 F1800 X43.801 Y46.629 E0.10782
G0 F7200 X43.945 Y47.339
G1 F1800 X38.513 Y41.907 E0.12775
G1 X38.443 Y41.837
G0 F7200 X36.874 Y40.268
G1 F1800 X31.459 Y34.853 E0.12735
G0 F7200 X32.154 Y34.983
G1 F1800 X36.734 Y39.563 E0.10771
G0 F7200 X36.748 Y39.011
G1 F1800 X32.702 Y34.965 E0.09516
G0 F7200 X33.156 Y34.853
G1 F1800 X36.857 Y38.554 E0.08704
G0 F7200 X37.024 Y38.155
G1 F1800 X33.554 Y34.685 E0.08161
G0 F7200 X33.905 Y34.471
G1 F1800 X37.238 Y37.804 E0.07839
G0 F7200 X37.494 Y37.494
G1 F1800 X34.211 Y34.211 E0.07721
G0 F7200 X34.471 Y33.905
G1 F1800 X37.804 Y37.238 E0.07839
G0 F7200 X38.156 Y37.025
G1 F1800 X34.686 Y33.554 E0.08162
G0 F7200 X34.854 Y33.157
G1 F1800 X38.554 Y36.857 E0.08702
G0 F7200 X39.008 Y36.746
G1 F1800 X34.965 Y32.702 E0.0951
G0 F7200 X34.982 Y32.154
G1 F1800 X39.559 Y36.731 E0.10764
G0 F7200 X40.273 Y36.879
G1 F1800 X34.853 Y31.459 E0.12747
G1 X34.783 Y31.389
G0 F7200 X33.198 Y29.804
G1 F1800 X27.772 Y24.378 E0.12761
G0 F7200 X27.907 Y25.078
G1 F1800 X32.478 Y29.65 E0.10751
G0 F7200 X31.943 Y29.68
G1 F1800 X27.884 Y25.621 E0.09546
G0 F7200 X27.785 Y26.088
G1 F1800 X31.481 Y29.784 E0.08692
G0 F7200 X31.082 Y29.951
G1 F1800 X27.617 Y26.485 E0.0815
G0 F7200 X27.395 Y26.829
G1 F1800 X30.732 Y30.167 E0.07849
G0 F7200 X30.425 Y30.425
G1 F1800 X27.147 Y27.147 E0.07709
G0 F7200 X26.83 Y27.395
G1 F1800 X30.167 Y30.732 E0.07848
G0 F7200 X29.952 Y31.084
G1 F1800 X26.486 Y27.617 E0.08153
G0 F7200 X26.089 Y27.786
G1 F1800 X29.784 Y31.481 E0.0869
G0 F7200 X29.679 Y31.941
G1 F1800 X25.629 Y27.892 E0.09524
G0 F7200 X25.074 Y27.902
G1 F1800 X29.658 Y32.487 E0.10782
G0 F7200 X29.793 Y33.187
G1 F1800 X24.373 Y27.767 E0.12747
G1 X24.303 Y27.697
G0 F7200 X22.721 Y26.116
G1 F1800 X17.314 Y20.708 E0.12718
G0 F7200 X18.01 Y20.838
G1 F1800 X22.589 Y25.417 E0.10769
G0 F7200 X22.605 Y24.868
G1 F1800 X18.558 Y20.821 E0.09518
G0 F7200 X19.016 Y20.713
G1 F1800 X22.713 Y24.41 E0.08695
G0 F7200 X22.881 Y24.013
G1 F1800 X19.412 Y20.544 E0.08159
G0 F7200 X19.763 Y20.329
G1 F1800 X23.099 Y23.665 E0.07846
G0 F7200 X23.353 Y23.353
G1 F1800 X20.071 Y20.071 E0.07719
G0 F7200 X20.329 Y19.764
G1 F1800 X23.661 Y23.095 E0.07835
G0 F7200 X24.011 Y22.88
G1 F1800 X20.54 Y19.409 E0.08163
G0 F7200 X20.713 Y19.016
G1 F1800 X24.412 Y22.715 E0.08699
G0 F7200 X24.87 Y22.607
G1 F1800 X20.82 Y18.557 E0.09525
G0 F7200 X20.838 Y18.009
G1 F1800 X25.422 Y22.593 E0.10781
G0 F7200 X26.125 Y22.731
G1 F1800 X20.689 Y17.294 E0.12786
G1 X20.619 Y17.224
G0 F7200 X19.049 Y15.655
G1 F1800 X13.617 Y10.223 E0.12775
G0 F7200 X13.774 Y10.946
G1 F1800 X18.345 Y15.517 E0.1075
G0 F7200 X17.797 Y15.534
G1 F1800 X13.744 Y11.481 E0.09532
G0 F7200 X13.639 Y11.942
G1 F1800 X17.339 Y15.642 E0.08702
G0 F7200 X16.941 Y15.809
G1 F1800 X13.469 Y12.338 E0.08164
G0 F7200 X13.256 Y12.69
G1 F1800 X16.591 Y16.025 E0.07843
G0 F7200 X16.285 Y16.285
G1 F1800 X12.994 Y12.994 E0.0774
G0 F7200 X12.689 Y13.255
G1 F1800 X16.027 Y16.593 E0.0785
G0 F7200 X15.811 Y16.942
G1 F1800 X12.341 Y13.473 E0.0816
G0 F7200 X11.944 Y13.641
G1 F1800 X15.643 Y17.34 E0.08699
G0 F7200 X15.532 Y17.795
G1 F1800 X11.481 Y13.743 E0.09529
G0 F7200 X10.947 Y13.775
G1 F1800 X15.508 Y18.337 E0.10728
G0 F7200 X15.66 Y19.054
G1 F1800 X10.224 Y13.618 E0.12785
G1 X10.154 Y13.548
G0 F7200 X8.571 Y11.965
G1 F1800 X6.712 Y10.106 E0.04372
G0 F7200 X6.995 Y9.823
G1 F1800 X8.437 Y11.266 E0.03393
G0 F7200 X8.456 Y10.719
G1 F1800 X7.278 Y9.54 E0.02772
G0 F7200 X7.56 Y9.257
G1 F1800 X8.574 Y10.271 E0.02385
G0 F7200 X8.745 Y9.876
G1 F1800 X7.843 Y8.975 E0.0212
G0 F7200 X8.126 Y8.692
G1 F1800 X8.953 Y9.519 E0.01945
G0 F7200 X9.211 Y9.211
G1 F1800 X8.409 Y8.409 E0.01886
G0 F7200 X8.692 Y8.126
G1 F1800 X9.517 Y8.951 E0.0194
G0 F7200 X9.87 Y8.738
G1 F1800 X8.975 Y7.843 E0.02105
G0 F7200 X9.257 Y7.56
G1 F1800 X10.271 Y8.574 E0.02385
G0 F7200 X10.73 Y8.468
G1 F1800 X9.54 Y7.278 E0.02799
G0 F7200 X9.823 Y6.995
G1 F1800 X11.273 Y8.445 E0.0341
G0 F7200 X11.964 Y8.569
G1 F1800 X10.106 Y6.712 E0.04369
G0 F7200 X10.389 Y6.429
G1 F1800 X93.57 Y89.61 E1.95629
G0 F7200 X93.853 Y89.327
G1 F1800 X10.672 Y6.146 E1.95629
G0 F7200 X10.954 Y5.863
G1 F1800 X94.136 Y89.045 E1.95631
G0 F7200 X94.419 Y88.762
G1 F1800 X11.237 Y5.58 E1.95631
G0 F7200 X11.52 Y5.298
G1 F1800 X94.701 Y88.479 E1.95629
G0 F7200 X94.984 Y88.196
G1 F1800 X11.803 Y5.015 E1.95629
G0 F7200 X12.086 Y4.732
G1 F1800 X95.267 Y87.913 E1.95629
G0 F7200 X95.55 Y87.63
G1 F1800 X12.369 Y4.449 E1.95629
G0 F7200 X12.652 Y4.166
G1 F1800 X95.833 Y87.347 E1.95629
G0 F7200 X96.116 Y87.065
G1 F1800 X12.934 Y3.883 E1.95631
G0 F7200 X13.217 Y3.601
G1 F1800 X96.398 Y86.782 E1.95629
G0 F7200 X96.681 Y86.499
G1 F1800 X13.5 Y3.318 E1.95629
G1 X13.43 Y3.248
G0 F7200 X13.519 Y3.338
;MESH:NONMESH
G0 F600 X13.519 Y3.338 Z0.6
G0 F7200 X13.463 Y11.109
G0 X13.308 Y11.926
G0 X12.138 Y13.98
;TIME_ELAPSED:529.145941
;LAYER:3
;TYPE:WALL-INNER
;MESH:bodyNW.stl
G1 F3600 X11.924 Y14.096 E0.00405
G1 X11.69 Y14.125 E0.00392
G1 X9.081 Y13.428 E0.04491
G1 X8.916 Y13.301 E0.00346
G1 X8.787 Y13.134 E0.00351
G1 X8.112 Y10.616 E0.04335
G1 X8.106 Y10.327 E0.00481
G1 X8.21 Y10.092 E0.00427
G1 X10.035 Y8.267 E0.04292
G1 X10.327 Y8.106 E0.00555
G1 X10.616 Y8.112 E0.00481
G1 X13.132 Y8.787 E0.04332
G1 X13.301 Y8.916 E0.00354
G1 X13.428 Y9.081 E0.00346
G1 X14.125 Y11.69 E0.04491
G1 X14.096 Y11.924 E0.00392
G1 X13.945 Y12.177 E0.0049
G1 X12.138 Y13.98 E0.04245
G0 F7200 X12.361 Y14.204
G0 X15.723 Y20.637
G0 X19.079 Y21.536
G0 X19.21 Y21.052
G1 F3600 X18.996 Y21.168 E0.00405
G1 X18.762 Y21.197 E0.00392
G1 X16.15 Y20.501 E0.04495
G1 X15.983 Y20.373 E0.0035
G1 X15.855 Y20.206 E0.0035
G1 X15.159 Y17.594 E0.04495
G1 X15.188 Y17.36 E0.00392
G1 X15.304 Y17.146 E0.00405
G1 X17.107 Y15.339 E0.04245
G1 X17.36 Y15.188 E0.0049
G1 X17.595 Y15.159 E0.00394
G1 X20.203 Y15.859 E0.04491
G1 X20.373 Y15.987 E0.00354
G1 X20.5 Y16.154 E0.00349
G1 X21.197 Y18.762 E0.04489
G1 X21.168 Y18.996 E0.00392
G1 X21.017 Y19.249 E0.0049
G1 X19.21 Y21.052 E0.04245
G0 F7200 X19.432 Y21.275
G0 X22.793 Y27.708
G0 X26.15 Y28.607
G0 X26.282 Y28.124
G1 F3600 X26.068 Y28.24 E0.00405
G1 X25.834 Y28.269 E0.00392
G1 X23.222 Y27.573 E0.04495
G1 X23.055 Y27.445 E0.0035
G1 X22.927 Y27.278 E0.0035
G1 X22.231 Y24.666 E0.04495
G1 X22.26 Y24.432 E0.00392
G1 X22.376 Y24.218 E0.00405
G1 X24.179 Y22.411 E0.04245
G1 X24.432 Y22.26 E0.0049
G1 X24.666 Y22.231 E0.00392
G1 X27.278 Y22.927 E0.04495
G1 X27.445 Y23.055 E0.0035
G1 X27.573 Y23.222 E0.0035
G1 X28.269 Y25.834 E0.04495
G1 X28.24 Y26.068 E0.00392
G1 X28.089 Y26.321 E0.0049
G1 X26.282 Y28.124 E0.04245
G0 F7200 X26.503 Y28.346
G0 X29.866 Y34.779
G0 X33.221 Y35.678
G0 X33.355 Y35.196
G1 F3600 X33.14 Y35.312 E0.00406
G1 X32.905 Y35.341 E0.00394
G1 X30.297 Y34.641 E0.04491
G1 X30.127 Y34.513 E0.00354
G1 X30 Y34.346 E0.00349
G1 X29.303 Y31.738 E0.04489
G1 X29.332 Y31.504 E0.00392
G1 X29.448 Y31.29 E0.00405
G1 X31.251 Y29.483 E0.04245
G1 X31.504 Y29.332 E0.0049
G1 X31.738 Y29.303 E0.00392
G1 X34.347 Y30 E0.04491
G1 X34.512 Y30.127 E0.00346
G1 X34.641 Y30.294 E0.00351
G1 X35.341 Y32.905 E0.04495
G1 X35.312 Y33.14 E0.00394
G1 X35.16 Y33.394 E0.00492
G1 X33.355 Y35.196 E0.04242
G0 F7200 X33.575 Y35.416
G0 X36.936 Y41.85
G0 X40.292 Y42.749
G0 X40.422 Y42.264
G1 F3600 X40.208 Y42.38 E0.00405
G1 X39.974 Y42.409 E0.00392
G1 X37.366 Y41.712 E0.04489
G1 X37.199 Y41.585 E0.00349
G1 X37.071 Y41.418 E0.0035
G1 X36.375 Y38.807 E0.04494
G1 X36.404 Y38.573 E0.00392
G1 X36.52 Y38.358 E0.00406
G1 X38.319 Y36.555 E0.04236
G1 X38.573 Y36.404 E0.00491
G1 X38.807 Y36.375 E0.00392
G1 X41.419 Y37.072 E0.04496
G1 X41.584 Y37.199 E0.00346
G1 X41.712 Y37.365 E0.00349
G1 X42.409 Y39.974 E0.04491
G1 X42.38 Y40.208 E0.00392
G1 X42.229 Y40.461 E0.0049
G1 X40.422 Y42.264 E0.04245
G0 F7200 X40.645 Y42.488
G0 X44.008 Y48.921
G0 X47.364 Y49.82
G0 X47.494 Y49.336
G1 F3600 X47.28 Y49.452 E0.00405
G1 X47.046 Y49.481 E0.00392
G1 X44.437 Y48.784 E0.04491
G1 X44.272 Y48.657 E0.00346
G1 X44.143 Y48.49 E0.00351
G1 X43.443 Y45.879 E0.04495
G1 X43.472 Y45.644 E0.00394
G1 X43.588 Y45.43 E0.00405
G1 X45.391 Y43.623 E0.04245
G1 X45.644 Y43.472 E0.0049
G1 X45.879 Y43.443 E0.00394
G1 X48.487 Y44.143 E0.04491
G1 X48.657 Y44.271 E0.00354
G1 X48.784 Y44.438 E0.00349
G1 X49.481 Y47.046 E0.04489
G1 X49.452 Y47.28 E0.00392
G1 X49.301 Y47.533 E0.0049
G1 X47.494 Y49.336 E0.04245
G0 F7200 X47.717 Y49.559
G0 X51.079 Y55.992
G0 X54.435 Y56.891
G0 X54.566 Y56.408
G1 F3600 X54.352 Y56.524 E0.00405
G1 X54.118 Y56.553 E0.00392
G1 X51.506 Y55.857 E0.04495
G1 X51.339 Y55.729 E0.0035
G1 X51.211 Y55.562 E0.0035
G1 X50.515 Y52.95 E0.04495
G1 X50.544 Y52.716 E0.00392
G1 X50.66 Y52.502 E0.00405
G1 X52.463 Y50.695 E0.04245
G1 X52.716 Y50.544 E0.0049
G1 X52.95 Y50.515 E0.00392
G1 X55.562 Y51.211 E0.04495
G1 X55.729 Y51.339 E0.0035
G1 X55.857 Y51.506 E0.0035
G1 X56.553 Y54.118 E0.04495
G1 X56.524 Y54.352 E0.00392
G1 X56.373 Y54.605 E0.0049
G1 X54.566 Y56.408 E0.04245
G0 F7200 X54.788 Y56.63
G0 X58.15 Y63.063
G0 X61.506 Y63.962
G0 X61.638 Y63.48
G1 F3600 X61.424 Y63.596 E0.00405
G1 X61.189 Y63.625 E0.00394
G1 X58.581 Y62.925 E0.04491
G1 X58.411 Y62.797 E0.00354
G1 X58.284 Y62.63 E0.00349
G1 X57.587 Y60.022 E0.04489
G1 X57.616 Y59.788 E0.00392
G1 X57.732 Y59.574 E0.00405
G1 X59.535 Y57.767 E0.04245
G1 X59.788 Y57.616 E0.0049
G1 X60.022 Y57.587 E0.00392
G1 X62.631 Y58.284 E0.04491
G1 X62.796 Y58.411 E0.00346
G1 X62.925 Y58.578 E0.00351
G1 X63.625 Y61.189 E0.04495
G1 X63.596 Y61.424 E0.00394
G1 X63.445 Y61.677 E0.0049
G1 X61.638 Y63.48 E0.04245
G0 F7200 X61.859 Y63.701
G0 X65.221 Y70.134
G0 X68.577 Y71.033
G0 X68.71 Y70.548
G1 F3600 X68.495 Y70.664 E0.00406
G1 X68.261 Y70.693 E0.00392
G1 X65.649 Y69.996 E0.04496
G1 X65.484 Y69.869 E0.00346
G1 X65.356 Y69.703 E0.00349
G1 X64.659 Y67.094 E0.04491
G1 X64.688 Y66.86 E0.00392
G1 X64.804 Y66.646 E0.00405
G1 X66.607 Y64.839 E0.04245
G1 X66.86 Y64.688 E0.0049
G1 X67.094 Y64.659 E0.00392
G1 X69.702 Y65.356 E0.04489
G1 X69.869 Y65.483 E0.00349
G1 X69.997 Y65.65 E0.0035
G1 X70.693 Y68.261 E0.04494
G1 X70.664 Y68.495 E0.00392
G1 X70.513 Y68.749 E0.00491
G1 X68.71 Y70.548 E0.04236
G0 F7200 X68.932 Y70.77
G0 X72.292 Y77.206
G0 X75.648 Y78.105
G0 X75.778 Y77.62
G1 F3600 X75.564 Y77.736 E0.00405
G1 X75.33 Y77.765 E0.00392
G1 X72.721 Y77.068 E0.04491
G1 X72.556 Y76.941 E0.00346
G1 X72.427 Y76.774 E0.00351
G1 X71.727 Y74.163 E0.04495
G1 X71.756 Y73.928 E0.00394
G1 X71.872 Y73.713 E0.00406
G1 X73.675 Y71.908 E0.04243
G1 X73.928 Y71.756 E0.00491
G1 X74.163 Y71.727 E0.00394
G1 X76.771 Y72.427 E0.04491
G1 X76.941 Y72.555 E0.00354
G1 X77.068 Y72.722 E0.00349
G1 X77.765 Y75.33 E0.04489
G1 X77.736 Y75.564 E0.00392
G1 X77.585 Y75.817 E0.0049
G1 X75.778 Y77.62 E0.04245
G0 F7200 X76.001 Y77.844
G0 X79.363 Y84.277
G0 X82.719 Y85.176
G0 X82.85 Y84.692
G1 F3600 X82.636 Y84.808 E0.00405
G1 X82.402 Y84.837 E0.00392
G1 X79.79 Y84.141 E0.04495
G1 X79.623 Y84.013 E0.0035
G1 X79.495 Y83.846 E0.0035
G1 X78.799 Y81.234 E0.04495
G1 X78.828 Y81 E0.00392
G1 X78.944 Y80.786 E0.00405
G1 X80.747 Y78.979 E0.04245
G1 X81 Y78.828 E0.0049
G1 X81.234 Y78.799 E0.00392
G1 X83.846 Y79.495 E0.04495
G1 X84.013 Y79.623 E0.0035
G1 X84.141 Y79.79 E0.0035
G1 X84.837 Y82.402 E0.04495
G1 X84.808 Y82.636 E0.00392
G1 X84.657 Y82.889 E0.0049
G1 X82.85 Y84.692 E0.04245
G0 F7200 X83.072 Y84.915
G0 X86.434 Y91.348
G0 X89.79 Y92.247
G0 X89.961 Y91.729
G1 F3600 X89.67 Y91.889 E0.00552
G1 X89.381 Y91.884 E0.00481
G1 X86.862 Y91.213 E0.04335
G1 X86.695 Y91.085 E0.0035
G1 X86.567 Y90.918 E0.0035
G1 X85.871 Y88.306 E0.04495
G1 X85.9 Y88.072 E0.00392
G1 X86.016 Y87.858 E0.00405
G1 X87.819 Y86.051 E0.04245
G1 X88.072 Y85.9 E0.0049
G1 X88.306 Y85.871 E0.00392
G1 X90.918 Y86.567 E0.04495
G1 X91.085 Y86.695 E0.0035
G1 X91.213 Y86.862 E0.0035
G1 X91.884 Y89.381 E0.04335
G1 X91.89 Y89.67 E0.00481
G1 X91.784 Y89.906 E0.0043
G1 X89.961 Y91.729 E0.04287
G0 F7200 X90.18 Y91.949
G0 X86.416 Y97.191
G0 X86.416 Y97.587
G1 F3600 X97.587 Y86.416 E0.26272
G1 X13.584 Y2.413 E1.97562
G1 X2.413 Y13.584 E0.26272
G1 X86.416 Y97.587 E1.97562
G0 F7200 X86.416 Y98.153
;TYPE:WALL-OUTER
G1 F1800 X98.153 Y86.416 E0.27604
G1 X13.584 Y1.847 E1.98893
G1 X1.847 Y13.584 E0.27604
G1 X86.416 Y98.153 E1.98893
G0 F7200 X86.557 Y98.012
G0 X86.416 Y97.191
G0 X90.18 Y91.949
G0 X89.678 Y91.446
G1 F1800 X89.55 Y91.516 E0.00243
G1 X87.035 Y90.845 E0.04329
G1 X86.926 Y90.712 E0.00286
G1 X86.282 Y88.296 E0.04158
G1 X86.322 Y88.115 E0.00308
G1 X88.126 Y86.31 E0.04244
G1 X88.252 Y86.276 E0.00217
G1 X90.745 Y86.935 E0.04288
G1 X90.854 Y87.068 E0.00286
G1 X91.498 Y89.484 E0.04158
G1 X91.468 Y89.651 E0.00282
G1 X89.678 Y91.446 E0.04216
G0 F7200 X89.55 Y91.516
G0 X89.498 Y91.503
G0 X89.315 Y92.187
G0 X86.434 Y91.348
G0 X83.097 Y84.89
G0 X82.593 Y84.386
G1 F1800 X82.456 Y84.432 E0.0024
G1 X79.963 Y83.773 E0.04288
G1 X79.854 Y83.64 E0.00286
G1 X79.21 Y81.224 E0.04158
G1 X79.25 Y81.043 E0.00308
G1 X81.054 Y79.238 E0.04244
G1 X81.18 Y79.204 E0.00217
G1 X83.673 Y79.863 E0.04288
G1 X83.782 Y79.996 E0.00286
G1 X84.439 Y82.46 E0.04241
G1 X84.401 Y82.579 E0.00208
G1 X82.593 Y84.386 E0.04251
G0 F7200 X82.456 Y84.432
G0 X82.403 Y84.418
G0 X82.218 Y85.109
G0 X79.363 Y84.277
G0 X76.026 Y77.819
G0 X75.521 Y77.314
G1 F1800 X75.384 Y77.36 E0.0024
G1 X72.895 Y76.701 E0.04282
G1 X72.786 Y76.568 E0.00286
G1 X72.138 Y74.152 E0.0416
G1 X72.178 Y73.971 E0.00308
G1 X73.982 Y72.166 E0.04244
G1 X74.108 Y72.132 E0.00217
G1 X76.601 Y72.795 E0.0429
G1 X76.71 Y72.928 E0.00286
G1 X77.367 Y75.388 E0.04234
G1 X77.329 Y75.507 E0.00208
G1 X75.521 Y77.314 E0.04251
G0 F7200 X75.384 Y77.36
G0 X75.331 Y77.346
G0 X75.146 Y78.037
G0 X72.292 Y77.206
G0 X68.956 Y70.746
G0 X68.453 Y70.242
G1 F1800 X68.315 Y70.288 E0.00242
G1 X65.823 Y69.629 E0.04287
G1 X65.714 Y69.496 E0.00286
G1 X65.07 Y67.084 E0.04152
G1 X65.11 Y66.903 E0.00308
G1 X66.914 Y65.098 E0.04244
G1 X67.04 Y65.064 E0.00217
G1 X69.529 Y65.723 E0.04282
G1 X69.638 Y65.856 E0.00286
G1 X70.288 Y68.315 E0.0423
G1 X70.23 Y68.466 E0.00269
G1 X68.453 Y70.242 E0.04178
G0 F7200 X68.315 Y70.288
G0 X68.262 Y70.274
G0 X68.077 Y70.966
G0 X65.221 Y70.134
G0 X61.883 Y63.677
G0 X61.381 Y63.174
G1 F1800 X61.244 Y63.22 E0.0024
G1 X58.751 Y62.557 E0.0429
G1 X58.642 Y62.424 E0.00286
G1 X57.998 Y60.012 E0.04152
G1 X58.038 Y59.831 E0.00308
G1 X59.842 Y58.026 E0.04244
G1 X59.968 Y57.992 E0.00217
G1 X62.457 Y58.651 E0.04282
G1 X62.566 Y58.784 E0.00286
G1 X63.227 Y61.248 E0.04243
G1 X63.189 Y61.367 E0.00208
G1 X61.381 Y63.174 E0.04251
G0 F7200 X61.244 Y63.22
G0 X61.191 Y63.206
G0 X61.006 Y63.895
G0 X58.15 Y63.063
G0 X54.812 Y56.606
G0 X54.309 Y56.102
G1 F1800 X54.172 Y56.148 E0.0024
G1 X51.679 Y55.489 E0.04288
G1 X51.57 Y55.356 E0.00286
G1 X50.926 Y52.94 E0.04158
G1 X50.966 Y52.759 E0.00308
G1 X52.77 Y50.954 E0.04244
G1 X52.896 Y50.92 E0.00217
G1 X55.389 Y51.579 E0.04288
G1 X55.498 Y51.712 E0.00286
G1 X56.155 Y54.176 E0.04241
G1 X56.117 Y54.295 E0.00208
G1 X54.309 Y56.102 E0.04251
G0 F7200 X54.172 Y56.148
G0 X54.119 Y56.134
G0 X53.934 Y56.824
G0 X51.079 Y55.992
G0 X47.741 Y49.535
G0 X47.237 Y49.03
G1 F1800 X47.1 Y49.076 E0.0024
G1 X44.611 Y48.417 E0.04282
G1 X44.502 Y48.284 E0.00286
G1 X43.854 Y45.868 E0.0416
G1 X43.894 Y45.687 E0.00308
G1 X45.698 Y43.882 E0.04244
G1 X45.824 Y43.848 E0.00217
G1 X48.317 Y44.511 E0.0429
G1 X48.426 Y44.644 E0.00286
G1 X49.083 Y47.104 E0.04234
G1 X49.045 Y47.223 E0.00208
G1 X47.237 Y49.03 E0.04251
G0 F7200 X47.1 Y49.076
G0 X47.047 Y49.062
G0 X46.862 Y49.753
G0 X44.008 Y48.921
G0 X40.67 Y42.463
G0 X40.165 Y41.958
G1 F1800 X40.028 Y42.004 E0.0024
G1 X37.539 Y41.345 E0.04282
G1 X37.43 Y41.212 E0.00286
G1 X36.78 Y38.753 E0.0423
G1 X36.826 Y38.615 E0.00242
G1 X38.627 Y36.813 E0.04237
G1 X38.753 Y36.78 E0.00217
G1 X41.245 Y37.439 E0.04287
G1 X41.354 Y37.572 E0.00286
G1 X42.011 Y40.032 E0.04234
G1 X41.973 Y40.151 E0.00208
G1 X40.165 Y41.958 E0.04251
G0 F7200 X40.028 Y42.004
G0 X39.975 Y41.99
G0 X39.79 Y42.681
G0 X36.936 Y41.85
G0 X33.599 Y35.392
G0 X33.097 Y34.89
G1 F1800 X32.969 Y34.944 E0.00231
G1 X30.466 Y34.273 E0.04309
G1 X30.358 Y34.14 E0.00285
G1 X29.714 Y31.728 E0.04152
G1 X29.754 Y31.547 E0.00308
G1 X31.558 Y29.742 E0.04244
G1 X31.684 Y29.708 E0.00217
G1 X34.173 Y30.367 E0.04282
G1 X34.282 Y30.5 E0.00286
G1 X34.943 Y32.964 E0.04243
G1 X34.905 Y33.083 E0.00208
G1 X33.097 Y34.89 E0.04251
G0 F7200 X32.969 Y34.944
G0 X32.911 Y34.929
G0 X32.728 Y35.613
G0 X29.866 Y34.779
G0 X26.528 Y28.321
G0 X26.025 Y27.818
G1 F1800 X25.888 Y27.864 E0.0024
G1 X23.395 Y27.205 E0.04288
G1 X23.286 Y27.072 E0.00286
G1 X22.642 Y24.656 E0.04158
G1 X22.682 Y24.475 E0.00308
G1 X24.486 Y22.67 E0.04244
G1 X24.612 Y22.636 E0.00217
G1 X27.105 Y23.295 E0.04288
G1 X27.214 Y23.428 E0.00286
G1 X27.871 Y25.892 E0.04241
G1 X27.833 Y26.011 E0.00208
G1 X26.025 Y27.818 E0.04251
G0 F7200 X25.888 Y27.864
G0 X25.835 Y27.85
G0 X25.65 Y28.54
G0 X22.793 Y27.708
G0 X19.457 Y21.25
G0 X18.953 Y20.746
G1 F1800 X18.816 Y20.792 E0.0024
G1 X16.323 Y20.133 E0.04288
G1 X16.214 Y20 E0.00286
G1 X15.564 Y17.54 E0.04231
G1 X15.61 Y17.403 E0.0024
G1 X17.414 Y15.598 E0.04244
G1 X17.54 Y15.564 E0.00217
G1 X20.033 Y16.227 E0.0429
G1 X20.142 Y16.36 E0.00286
G1 X20.799 Y18.82 E0.04234
G1 X20.761 Y18.939 E0.00208
G1 X18.953 Y20.746 E0.04251
G0 F7200 X18.816 Y20.792
G0 X18.763 Y20.778
G0 X18.578 Y21.469
G0 X15.723 Y20.637
G0 X12.386 Y14.179
G0 X11.881 Y13.674
G1 F1800 X11.744 Y13.72 E0.0024
G1 X9.255 Y13.061 E0.04282
G1 X9.146 Y12.928 E0.00286
G1 X8.498 Y10.512 E0.0416
G1 X8.528 Y10.345 E0.00282
G1 X10.318 Y8.55 E0.04216
G1 X10.444 Y8.48 E0.0024
G1 X12.962 Y9.155 E0.04335
G1 X13.07 Y9.288 E0.00285
G1 X13.727 Y11.748 E0.04234
G1 X13.689 Y11.867 E0.00208
G1 X11.881 Y13.674 E0.04251
G0 F7200 X11.744 Y13.72
G0 X11.691 Y13.706
G0 X11.506 Y14.397
G0 X15.723 Y20.637
G0 X86.416 Y97.045
;TYPE:SKIN
G1 F1800 X2.951 Y13.584 E1.96292
G1 X13.584 Y2.951 E0.25007
G1 X97.049 Y86.416 E1.96297
G1 X86.416 Y97.045 E0.25002
G0 F7200 X92.506 Y90.307
G1 F1437.1 X92.456 Y90.376 E0.00177
G1 F1478.4 X90.493 Y92.34 E0.05622
G1 F1398.1 X90.308 Y92.484 E0.00502
G0 F7200 X89.807 Y92.238
G1 F1800 X90.23 Y91.99 E0.00815
G1 X92.07 Y90.154 E0.04323
G1 X92.247 Y89.79 E0.00673
G1 X92.25 Y89.276 E0.00855
G1 X91.574 Y86.736 E0.04371
G1 X91.354 Y86.426 E0.00632
G1 X91.077 Y86.212 E0.00582
G1 X88.334 Y85.488 E0.04718
G1 X87.958 Y85.537 E0.00631
G1 X87.569 Y85.765 E0.0075
G1 X85.722 Y87.611 E0.04343
G1 X85.536 Y87.962 E0.00661
G1 X85.494 Y88.38 E0.00699
G1 X86.202 Y91.04 E0.04578
G1 X86.426 Y91.354 E0.00641
G1 X86.736 Y91.574 E0.00632
G1 X89.276 Y92.25 E0.04371
G1 X89.807 Y92.238 E0.00883
G0 F7200 X89.805 Y92.305
G0 X86.434 Y91.348
G0 X82.734 Y85.234
G0 X82.742 Y85.172
G1 F1800 X83.093 Y84.982 E0.00664
G1 X84.943 Y83.139 E0.04343
G1 X85.167 Y82.746 E0.00752
G1 X85.222 Y82.355 E0.00657
G1 X84.502 Y79.664 E0.04633
G1 X84.282 Y79.354 E0.00632
G1 X84.005 Y79.14 E0.00582
G1 X81.262 Y78.416 E0.04718
G1 X80.886 Y78.465 E0.00631
G1 X80.497 Y78.693 E0.0075
G1 X78.65 Y80.539 E0.04343
G1 X78.464 Y80.89 E0.00661
G1 X78.422 Y81.308 E0.00699
G1 X79.13 Y83.968 E0.04578
G1 X79.354 Y84.282 E0.00641
G1 X79.664 Y84.502 E0.00632
G1 X82.328 Y85.214 E0.04586
G1 X82.742 Y85.172 E0.00692
G0 F7200 X82.734 Y85.234
G0 X79.363 Y84.277
G0 X75.663 Y78.163
G0 X75.67 Y78.1
G1 F1800 X76.021 Y77.91 E0.00664
G1 X77.871 Y76.067 E0.04343
G1 X78.095 Y75.674 E0.00752
G1 X78.15 Y75.282 E0.00658
G1 X77.426 Y72.595 E0.04628
G1 X77.206 Y72.286 E0.00631
G1 X76.938 Y72.076 E0.00566
G1 X74.202 Y71.342 E0.04711
G1 X73.849 Y71.385 E0.00591
G1 X73.421 Y71.621 E0.00813
G1 X71.582 Y73.467 E0.04333
G1 X71.388 Y73.819 E0.00668
G1 X71.342 Y74.202 E0.00642
G1 X72.066 Y76.9 E0.04646
G1 X72.286 Y77.21 E0.00632
G1 X72.596 Y77.426 E0.00628
G1 X75.255 Y78.142 E0.04579
G1 X75.67 Y78.1 E0.00694
G0 F7200 X75.663 Y78.163
G0 X72.292 Y77.206
G0 X68.592 Y71.091
G0 X68.601 Y71.028
G1 F1800 X68.953 Y70.842 E0.00662
G1 X70.799 Y68.999 E0.04338
G1 X71.023 Y68.605 E0.00754
G1 X71.072 Y68.234 E0.00622
G1 X70.354 Y65.524 E0.04662
G1 X70.134 Y65.21 E0.00638
G1 X69.828 Y64.994 E0.00623
G1 X67.138 Y64.274 E0.04631
G1 X66.707 Y64.342 E0.00726
G1 X66.357 Y64.553 E0.0068
G1 X64.51 Y66.399 E0.04343
G1 X64.324 Y66.75 E0.00661
G1 X64.282 Y67.168 E0.00699
G1 X64.994 Y69.828 E0.04579
G1 X65.214 Y70.138 E0.00632
G1 X65.487 Y70.348 E0.00573
G1 X68.234 Y71.072 E0.04724
G1 X68.601 Y71.028 E0.00615
G0 F7200 X68.592 Y71.091
G0 X65.221 Y70.134
G0 X61.521 Y64.02
G0 X61.53 Y63.96
G1 F1800 X61.881 Y63.77 E0.00664
G1 X63.731 Y61.927 E0.04343
G1 X63.955 Y61.533 E0.00754
G1 X64.006 Y61.146 E0.00649
G1 X63.282 Y58.448 E0.04646
G1 X63.066 Y58.138 E0.00628
G1 X62.756 Y57.922 E0.00628
G1 X60.05 Y57.204 E0.04656
G1 X59.674 Y57.253 E0.00631
G1 X59.285 Y57.481 E0.0075
G1 X57.438 Y59.327 E0.04343
G1 X57.252 Y59.678 E0.00661
G1 X57.21 Y60.096 E0.00699
G1 X57.922 Y62.756 E0.04579
G1 X58.142 Y63.066 E0.00632
G1 X58.448 Y63.282 E0.00623
G1 X61.146 Y64.006 E0.04646
G1 X61.53 Y63.96 E0.00643
G0 F7200 X61.521 Y64.02
G0 X58.15 Y63.063
G0 X54.45 Y56.949
G0 X54.458 Y56.888
G1 F1800 X54.809 Y56.698 E0.00664
G1 X56.659 Y54.855 E0.04343
G1 X56.883 Y54.462 E0.00752
G1 X56.938 Y54.071 E0.00657
G1 X56.218 Y51.38 E0.04633
G1 X55.998 Y51.07 E0.00632
G1 X55.721 Y50.856 E0.00582
G1 X52.978 Y50.132 E0.04718
G1 X52.602 Y50.181 E0.00631
G1 X52.213 Y50.409 E0.0075
G1 X50.366 Y52.255 E0.04343
G1 X50.18 Y52.606 E0.00661
G1 X50.138 Y53.024 E0.00699
G1 X50.846 Y55.684 E0.04578
G1 X51.09 Y56.016 E0.00685
G1 X51.38 Y56.218 E0.00588
G1 X54.044 Y56.93 E0.04586
G1 X54.458 Y56.888 E0.00692
G0 F7200 X54.45 Y56.949
G0 X51.079 Y55.992
G0 X47.379 Y49.878
G0 X47.386 Y49.816
G1 F1800 X47.737 Y49.626 E0.00664
G1 X49.587 Y47.783 E0.04343
G1 X49.811 Y47.39 E0.00752
G1 X49.866 Y46.998 E0.00658
G1 X49.142 Y44.311 E0.04628
G1 X48.922 Y44.002 E0.00631
G1 X48.654 Y43.792 E0.00566
G1 X45.918 Y43.058 E0.04711
G1 X45.491 Y43.126 E0.00719
G1 X45.141 Y43.338 E0.00681
G1 X43.298 Y45.183 E0.04337
G1 X43.104 Y45.533 E0.00665
G1 X43.058 Y45.918 E0.00645
G1 X43.782 Y48.616 E0.04646
G1 X44.002 Y48.926 E0.00632
G1 X44.312 Y49.142 E0.00628
G1 X46.972 Y49.858 E0.04581
G1 X47.386 Y49.816 E0.00692
G0 F7200 X47.379 Y49.878
G0 X44.008 Y48.921
G0 X40.307 Y42.807
G0 X40.315 Y42.744
G1 F1800 X40.657 Y42.561 E0.00645
G1 X42.514 Y40.711 E0.04359
G1 X42.739 Y40.318 E0.00753
G1 X42.794 Y39.926 E0.00658
G1 X42.07 Y37.239 E0.04628
G1 X41.854 Y36.926 E0.00632
G1 X41.54 Y36.71 E0.00634
G1 X38.834 Y35.992 E0.04656
G1 X38.458 Y36.041 E0.00631
G1 X38.069 Y36.269 E0.0075
G1 X36.226 Y38.111 E0.04333
G1 X36.036 Y38.463 E0.00665
G1 X35.998 Y38.876 E0.0069
G1 X36.71 Y41.54 E0.04586
G1 X36.93 Y41.854 E0.00638
G1 X37.24 Y42.07 E0.00628
G1 X39.93 Y42.794 E0.04633
G1 X40.315 Y42.744 E0.00646
G0 F7200 X40.307 Y42.807
G0 X36.936 Y41.85
G0 X33.236 Y35.736
G0 X33.246 Y35.676
G1 F1800 X33.597 Y35.486 E0.00664
G1 X35.443 Y33.643 E0.04338
G1 X35.671 Y33.25 E0.00756
G1 X35.722 Y32.862 E0.00651
G1 X34.998 Y30.164 E0.04646
G1 X34.782 Y29.854 E0.00628
G1 X34.472 Y29.638 E0.00628
G1 X31.766 Y28.92 E0.04656
G1 X31.39 Y28.969 E0.00631
G1 X31.001 Y29.197 E0.0075
G1 X29.154 Y31.043 E0.04343
G1 X28.968 Y31.394 E0.00661
G1 X28.926 Y31.812 E0.00699
G1 X29.638 Y34.472 E0.04579
G1 X29.858 Y34.782 E0.00632
G1 X30.164 Y34.998 E0.00623
G1 X32.862 Y35.722 E0.04646
G1 X33.246 Y35.676 E0.00643
G0 F7200 X33.236 Y35.736
G0 X29.866 Y34.779
G0 X26.165 Y28.665
G0 X26.174 Y28.604
G1 F1800 X26.525 Y28.414 E0.00664
G1 X28.375 Y26.571 E0.04343
G1 X28.599 Y26.178 E0.00752
G1 X28.654 Y25.787 E0.00657
G1 X27.934 Y23.096 E0.04633
G1 X27.714 Y22.786 E0.00632
G1 X27.437 Y22.572 E0.00582
G1 X24.694 Y21.848 E0.04718
G1 X24.318 Y21.897 E0.00631
G1 X23.929 Y22.125 E0.0075
G1 X22.082 Y23.971 E0.04343
G1 X21.896 Y24.322 E0.00661
G1 X21.854 Y24.74 E0.00699
G1 X22.562 Y27.4 E0.04578
G1 X22.786 Y27.714 E0.00641
G1 X23.059 Y27.924 E0.00573
G1 X25.76 Y28.646 E0.04649
G1 X26.174 Y28.604 E0.00692
G0 F7200 X26.165 Y28.665
G0 X22.793 Y27.708
G0 X19.094 Y21.594
G0 X19.102 Y21.532
G1 F1800 X19.453 Y21.342 E0.00664
G1 X21.303 Y19.499 E0.04343
G1 X21.527 Y19.106 E0.00752
G1 X21.582 Y18.714 E0.00658
G1 X20.858 Y16.027 E0.04628
G1 X20.638 Y15.718 E0.00631
G1 X20.37 Y15.508 E0.00566
G1 X17.634 Y14.774 E0.04711
G1 X17.207 Y14.842 E0.00719
G1 X16.857 Y15.053 E0.0068
G1 X15.01 Y16.899 E0.04343
G1 X14.824 Y17.25 E0.00661
G1 X14.782 Y17.668 E0.00699
G1 X15.49 Y20.328 E0.04578
G1 X15.714 Y20.642 E0.00641
G1 X15.987 Y20.852 E0.00573
G1 X18.688 Y21.574 E0.04649
G1 X19.102 Y21.532 E0.00692
G0 F7200 X19.094 Y21.594
G0 X15.723 Y20.637
G0 X13.404 Y13.076
G0 X14.465 Y12.008
G0 X13.566 Y8.652
G0 X9.685 Y7.508
G1 F1440 X9.455 Y7.691 E0.00611
G1 F1525.4 X7.54 Y9.611 E0.05321
G1 F1457.5 X7.476 Y9.701 E0.00227
G0 F7200 X8.652 Y13.566
G0 X12.023 Y14.523
G0 X12.03 Y14.46
G1 F1800 X12.381 Y14.27 E0.00664
G1 X14.231 Y12.427 E0.04343
G1 X14.455 Y12.033 E0.00754
G1 X14.504 Y11.662 E0.00622
G1 X13.79 Y8.952 E0.04661
G1 X13.57 Y8.646 E0.00627
G1 X13.26 Y8.426 E0.00632
G1 X10.717 Y7.742 E0.04379
G1 X10.188 Y7.756 E0.0088
G1 X9.762 Y7.998 E0.00815
G1 X7.922 Y9.838 E0.04327
G1 X7.745 Y10.202 E0.00673
G1 X7.742 Y10.717 E0.00856
G1 X8.426 Y13.26 E0.04379
G1 X8.646 Y13.57 E0.00632
G1 X8.956 Y13.786 E0.00628
G1 X11.616 Y14.502 E0.04581
G1 X12.03 Y14.46 E0.00692
G0 F7200 X12.023 Y14.523
G0 X3.31 Y13.661
G1 F1800 X7.154 Y9.817 E0.0904
G0 F7200 X7.522 Y10.014
G1 F1800 X3.593 Y13.943 E0.0924
G0 F7200 X3.876 Y14.226
G1 F1800 X7.539 Y10.563 E0.08615
G0 F7200 X7.623 Y11.045
G1 F1800 X4.158 Y14.509 E0.08148
G0 F7200 X4.441 Y14.792
G1 F1800 X7.742 Y11.491 E0.07763
G0 F7200 X7.862 Y11.937
G1 F1800 X4.724 Y15.075 E0.0738
G0 F7200 X5.007 Y15.358
G1 F1800 X7.983 Y12.382 E0.06999
G0 F7200 X8.102 Y12.828
G1 F1800 X5.29 Y15.64 E0.06613
G0 F7200 X5.573 Y15.923
G1 F1800 X8.222 Y13.274 E0.0623
G0 F7200 X8.442 Y13.62
G1 F1800 X5.856 Y16.206 E0.06082
G0 F7200 X6.138 Y16.489
G1 F1800 X8.751 Y13.876 E0.06145
G0 F7200 X9.149 Y14.045
G1 F1800 X6.421 Y16.772 E0.06415
G0 F7200 X6.704 Y17.055
G1 F1800 X9.594 Y14.165 E0.06797
G0 F7200 X10.04 Y14.285
G1 F1800 X6.987 Y17.338 E0.0718
G0 F7200 X7.27 Y17.62
G1 F1800 X10.486 Y14.404 E0.07564
G0 F7200 X10.931 Y14.525
G1 F1800 X7.553 Y17.903 E0.07945
G0 F7200 X7.835 Y18.186
G1 F1800 X11.377 Y14.645 E0.08329
G0 F7200 X11.926 Y14.661
G1 F1800 X8.118 Y18.469 E0.08956
G0 F7200 X8.401 Y18.752
G1 F1800 X18.752 Y8.401 E0.24344
G0 F7200 X19.035 Y8.684
G1 F1800 X8.684 Y19.035 E0.24344
G0 F7200 X8.967 Y19.317
G1 F1800 X19.317 Y8.967 E0.24342
G0 F7200 X19.6 Y9.25
G1 F1800 X9.25 Y19.6 E0.24342
G0 F7200 X9.533 Y19.883
G1 F1800 X19.883 Y9.533 E0.24342
G0 F7200 X20.166 Y9.815
G1 F1800 X9.815 Y20.166 E0.24344
G0 F7200 X10.098 Y20.449
G1 F1800 X20.449 Y10.098 E0.24344
G0 F7200 X20.732 Y10.381
G1 F1800 X10.381 Y20.732 E0.24344
G0 F7200 X10.664 Y21.015
G1 F1800 X14.799 Y16.879 E0.09726
G1 X14.869 Y16.809
G0 F7200 X14.575 Y17.669
G1 F1800 X10.947 Y21.297 E0.08532
G0 F7200 X11.23 Y21.58
G1 F1800 X14.694 Y18.116 E0.08147
G0 F7200 X14.812 Y18.563
G1 F1800 X11.512 Y21.863 E0.07761
G0 F7200 X11.795 Y22.146
G1 F1800 X14.932 Y19.009 E0.07378
G0 F7200 X15.051 Y19.456
G1 F1800 X12.078 Y22.429 E0.06992
G0 F7200 X12.361 Y22.712
G1 F1800 X15.17 Y19.903 E0.06606
G0 F7200 X15.288 Y20.35
G1 F1800 X12.644 Y22.994 E0.06218
G0 F7200 X12.927 Y23.277
G1 F1800 X15.51 Y20.693 E0.06076
G0 F7200 X15.819 Y20.951
G1 F1800 X13.209 Y23.56 E0.06137
G0 F7200 X13.492 Y23.843
G1 F1800 X16.215 Y21.12 E0.06404
G0 F7200 X16.662 Y21.239
G1 F1800 X13.775 Y24.126 E0.0679
G0 F7200 X14.058 Y24.409
G1 F1800 X17.108 Y21.358 E0.07174
G0 F7200 X17.555 Y21.478
G1 F1800 X14.341 Y24.691 E0.07558
G0 F7200 X14.624 Y24.974
G1 F1800 X18.001 Y21.597 E0.07942
G0 F7200 X18.447 Y21.717
G1 F1800 X14.907 Y25.257 E0.08326
G0 F7200 X15.189 Y25.54
G1 F1800 X18.996 Y21.734 E0.08952
G1 X19.066 Y21.664
G0 F7200 X21.872 Y23.948
G1 F1800 X17.735 Y28.086 E0.09731
G0 F7200 X18.018 Y28.368
G1 F1800 X21.647 Y24.74 E0.08534
G0 F7200 X21.765 Y25.186
G1 F1800 X18.301 Y28.651 E0.08148
G0 F7200 X18.583 Y28.934
G1 F1800 X21.884 Y25.633 E0.07763
G0 F7200 X22.003 Y26.08
G1 F1800 X18.866 Y29.217 E0.07378
G0 F7200 X19.149 Y29.5
G1 F1800 X22.122 Y26.527 E0.06992
G0 F7200 X22.241 Y26.973
G1 F1800 X19.432 Y29.783 E0.06608
G0 F7200 X19.715 Y30.065
G1 F1800 X22.36 Y27.42 E0.06221
G0 F7200 X22.581 Y27.765
G1 F1800 X19.998 Y30.348 E0.06075
G0 F7200 X20.281 Y30.631
G1 F1800 X22.89 Y28.022 E0.06136
G0 F7200 X23.286 Y28.192
G1 F1800 X20.563 Y30.914 E0.06403
G0 F7200 X20.846 Y31.197
G1 F1800 X23.733 Y28.31 E0.0679
G0 F7200 X24.179 Y28.43
G1 F1800 X21.129 Y31.48 E0.07173
G0 F7200 X21.412 Y31.763
G1 F1800 X24.625 Y28.549 E0.07558
G0 F7200 X25.072 Y28.668
G1 F1800 X21.695 Y32.045 E0.07942
G0 F7200 X21.978 Y32.328
G1 F1800 X25.518 Y28.788 E0.08326
G0 F7200 X26.066 Y28.805
G1 F1800 X22.26 Y32.611 E0.08951
G0 F7200 X22.543 Y32.894
G1 F1800 X32.894 Y22.543 E0.24344
G0 F7200 X33.177 Y22.826
G1 F1800 X22.826 Y33.177 E0.24344
G0 F7200 X23.109 Y33.46
G1 F1800 X33.46 Y23.109 E0.24344
G0 F7200 X33.742 Y23.392
G1 F1800 X23.392 Y33.742 E0.24342
G0 F7200 X23.675 Y34.025
G1 F1800 X34.025 Y23.675 E0.24342
G0 F7200 X34.308 Y23.957
G1 F1800 X23.957 Y34.308 E0.24344
G0 F7200 X24.24 Y34.591
G1 F1800 X34.591 Y24.24 E0.24344
G0 F7200 X34.874 Y24.523
G1 F1800 X24.523 Y34.874 E0.24344
G0 F7200 X24.806 Y35.157
G1 F1800 X28.945 Y31.017 E0.09735
G1 X29.015 Y30.947
G0 F7200 X28.718 Y31.81
G1 F1800 X25.089 Y35.439 E0.08535
G0 F7200 X25.372 Y35.722
G1 F1800 X28.838 Y32.256 E0.08152
G0 F7200 X28.957 Y32.703
G1 F1800 X25.655 Y36.005 E0.07766
G0 F7200 X25.937 Y36.288
G1 F1800 X29.076 Y33.149 E0.07382
G0 F7200 X29.196 Y33.595
G1 F1800 X26.22 Y36.571 E0.06999
G0 F7200 X26.503 Y36.854
G1 F1800 X29.315 Y34.042 E0.06613
G0 F7200 X29.434 Y34.488
G1 F1800 X26.786 Y37.137 E0.06229
G0 F7200 X27.069 Y37.419
G1 F1800 X29.655 Y34.833 E0.06082
G0 F7200 X29.964 Y35.09
G1 F1800 X27.352 Y37.702 E0.06143
G0 F7200 X27.634 Y37.985
G1 F1800 X30.362 Y35.257 E0.06416
G0 F7200 X30.808 Y35.377
G1 F1800 X27.917 Y38.268 E0.06799
G0 F7200 X28.2 Y38.551
G1 F1800 X31.254 Y35.497 E0.07183
G0 F7200 X31.7 Y35.616
G1 F1800 X28.483 Y38.834 E0.07567
G0 F7200 X28.766 Y39.116
G1 F1800 X32.146 Y35.736 E0.07949
G0 F7200 X32.592 Y35.856
G1 F1800 X29.049 Y39.399 E0.08333
G0 F7200 X29.331 Y39.682
G1 F1800 X33.124 Y35.889 E0.08921
G1 X33.194 Y35.819
G0 F7200 X36.007 Y38.097
G1 F1800 X31.878 Y42.227 E0.09712
G0 F7200 X32.161 Y42.51
G1 F1800 X35.791 Y38.88 E0.08537
G0 F7200 X35.91 Y39.326
G1 F1800 X32.443 Y42.793 E0.08154
G0 F7200 X32.726 Y43.076
G1 F1800 X36.03 Y39.772 E0.07771
G0 F7200 X36.149 Y40.219
G1 F1800 X33.009 Y43.358 E0.07384
G0 F7200 X33.292 Y43.641
G1 F1800 X36.268 Y40.665 E0.06999
G0 F7200 X36.388 Y41.111
G1 F1800 X33.575 Y43.924 E0.06616
G0 F7200 X33.858 Y44.207
G1 F1800 X36.507 Y41.558 E0.0623
G0 F7200 X36.726 Y41.904
G1 F1800 X34.141 Y44.49 E0.06081
G0 F7200 X34.423 Y44.773
G1 F1800 X37.035 Y42.161 E0.06143
G0 F7200 X37.433 Y42.329
G1 F1800 X34.706 Y45.055 E0.06412
G0 F7200 X34.989 Y45.338
G1 F1800 X37.879 Y42.448 E0.06797
G0 F7200 X38.324 Y42.569
G1 F1800 X35.272 Y45.621 E0.07178
G0 F7200 X35.555 Y45.904
G1 F1800 X38.771 Y42.688 E0.07564
G0 F7200 X39.216 Y42.808
G1 F1800 X35.838 Y46.187 E0.07946
G0 F7200 X36.12 Y46.47
G1 F1800 X39.662 Y42.928 E0.0833
G0 F7200 X40.198 Y42.957
G1 F1800 X36.403 Y46.752 E0.08925
G0 F7200 X36.686 Y47.035
G1 F1800 X47.036 Y36.685 E0.24342
G0 F7200 X46.753 Y36.403
G1 F1800 X42.954 Y40.202 E0.08935
G0 F7200 X42.93 Y39.66
G1 F1800 X46.47 Y36.12 E0.08326
G0 F7200 X46.188 Y35.837
G1 F1800 X42.81 Y39.215 E0.07945
G0 F7200 X42.689 Y38.769
G1 F1800 X45.905 Y35.554 E0.07562
G0 F7200 X45.622 Y35.271
G1 F1800 X42.569 Y38.324 E0.0718
G0 F7200 X42.45 Y37.878
G1 F1800 X45.339 Y34.988 E0.06796
G0 F7200 X45.056 Y34.706
G1 F1800 X42.33 Y37.432 E0.06411
G0 F7200 X42.161 Y37.035
G1 F1800 X44.773 Y34.423 E0.06143
G0 F7200 X44.49 Y34.14
G1 F1800 X41.905 Y36.726 E0.06081
G0 F7200 X41.557 Y36.507
G1 F1800 X44.208 Y33.857 E0.06234
G0 F7200 X43.925 Y33.574
G1 F1800 X41.111 Y36.388 E0.06618
G0 F7200 X40.664 Y36.269
G1 F1800 X43.642 Y33.291 E0.07004
G0 F7200 X43.359 Y33.008
G1 F1800 X40.218 Y36.149 E0.07387
G0 F7200 X39.772 Y36.03
G1 F1800 X43.076 Y32.726 E0.07771
G0 F7200 X42.793 Y32.443
G1 F1800 X39.326 Y35.91 E0.08154
G0 F7200 X38.88 Y35.791
G1 F1800 X42.511 Y32.16 E0.0854
G0 F7200 X42.228 Y31.877
G1 F1800 X38.059 Y36.045 E0.09804
G1 X37.989 Y36.115
G0 F7200 X35.886 Y33.128
G1 F1800 X39.682 Y29.331 E0.08929
G0 F7200 X39.399 Y29.049
G1 F1800 X35.857 Y32.591 E0.0833
G0 F7200 X35.737 Y32.145
G1 F1800 X39.116 Y28.766 E0.07947
G0 F7200 X38.834 Y28.483
G1 F1800 X35.617 Y31.7 E0.07566
G0 F7200 X35.497 Y31.253
G1 F1800 X38.551 Y28.2 E0.07181
G0 F7200 X38.268 Y27.917
G1 F1800 X35.378 Y30.807 E0.06797
G0 F7200 X35.258 Y30.362
G1 F1800 X37.985 Y27.634 E0.06415
G0 F7200 X37.702 Y27.352
G1 F1800 X35.093 Y29.961 E0.06136
G0 F7200 X34.834 Y29.654
G1 F1800 X37.419 Y27.069 E0.0608
G0 F7200 X37.137 Y26.786
G1 F1800 X34.486 Y29.436 E0.06234
G0 F7200 X34.04 Y29.317
G1 F1800 X36.854 Y26.503 E0.06618
G0 F7200 X36.571 Y26.22
G1 F1800 X33.594 Y29.197 E0.07001
G0 F7200 X33.148 Y29.078
G1 F1800 X36.288 Y25.937 E0.07386
G0 F7200 X36.005 Y25.655
G1 F1800 X32.702 Y28.958 E0.07768
G0 F7200 X32.255 Y28.839
G1 F1800 X35.722 Y25.372 E0.08154
G0 F7200 X35.439 Y25.089
G1 F1800 X31.809 Y28.719 E0.08537
G1 X31.739 Y28.789
G0 F7200 X30.985 Y28.978
G1 F1800 X35.157 Y24.806 E0.09812
G1 X35.227 Y24.736
G0 F7200 X32.611 Y22.26
G1 F1800 X28.815 Y26.056 E0.08928
G0 F7200 X28.79 Y25.516
G1 F1800 X32.328 Y21.978 E0.08321
G0 F7200 X32.045 Y21.695
G1 F1800 X28.67 Y25.07 E0.07937
G0 F7200 X28.551 Y24.624
G1 F1800 X31.763 Y21.412 E0.07554
G0 F7200 X31.48 Y21.129
G1 F1800 X28.431 Y24.177 E0.0717
G0 F7200 X28.312 Y23.731
G1 F1800 X31.197 Y20.846 E0.06785
G0 F7200 X30.914 Y20.563
G1 F1800 X28.192 Y23.285 E0.06402
G0 F7200 X28.022 Y22.89
G1 F1800 X30.631 Y20.281 E0.06136
G0 F7200 X30.348 Y19.998
G1 F1800 X27.763 Y22.583 E0.0608
G0 F7200 X27.419 Y22.362
G1 F1800 X30.065 Y19.715 E0.06224
G0 F7200 X29.783 Y19.432
G1 F1800 X26.972 Y22.243 E0.06611
G0 F7200 X26.525 Y22.124
G1 F1800 X29.5 Y19.149 E0.06997
G0 F7200 X29.217 Y18.866
G1 F1800 X26.078 Y22.005 E0.07382
G0 F7200 X25.632 Y21.886
G1 F1800 X28.934 Y18.583 E0.07767
G0 F7200 X28.651 Y18.301
G1 F1800 X25.185 Y21.767 E0.08152
G0 F7200 X24.738 Y21.648
G1 F1800 X28.368 Y18.018 E0.08537
G0 F7200 X28.086 Y17.735
G1 F1800 X23.919 Y21.902 E0.098
G1 X23.849 Y21.972
G0 F7200 X21.743 Y18.987
G1 F1800 X25.54 Y15.189 E0.08931
G0 F7200 X25.257 Y14.907
G1 F1800 X21.717 Y18.446 E0.08324
G0 F7200 X21.597 Y18.001
G1 F1800 X24.974 Y14.624 E0.07942
G0 F7200 X24.691 Y14.341
G1 F1800 X21.477 Y17.555 E0.07559
G0 F7200 X21.357 Y17.11
G1 F1800 X24.409 Y14.058 E0.07178
G0 F7200 X24.126 Y13.775
G1 F1800 X21.237 Y16.664 E0.06794
G0 F7200 X21.117 Y16.218
G1 F1800 X23.843 Y13.492 E0.06411
G0 F7200 X23.56 Y13.209
G1 F1800 X20.947 Y15.822 E0.06145
G0 F7200 X20.688 Y15.516
G1 F1800 X23.277 Y12.927 E0.06089
G0 F7200 X22.994 Y12.644
G1 F1800 X20.343 Y15.295 E0.06235
G0 F7200 X19.897 Y15.175
G1 F1800 X22.712 Y12.361 E0.06619
G0 F7200 X22.429 Y12.078
G1 F1800 X19.451 Y15.056 E0.07004
G0 F7200 X19.006 Y14.936
G1 F1800 X22.146 Y11.795 E0.07386
G0 F7200 X21.863 Y11.512
G1 F1800 X18.559 Y14.816 E0.07771
G0 F7200 X18.114 Y14.696
G1 F1800 X21.58 Y11.23 E0.08152
G0 F7200 X21.297 Y10.947
G1 F1800 X17.668 Y14.576 E0.08535
G1 X17.598 Y14.646
G0 F7200 X16.85 Y14.828
G1 F1800 X21.015 Y10.664 E0.09794
G1 X21.085 Y10.594
G0 F7200 X18.469 Y8.118
G1 F1800 X14.67 Y11.918 E0.08936
G0 F7200 X14.642 Y11.379
G1 F1800 X18.186 Y7.835 E0.08335
G0 F7200 X17.903 Y7.553
G1 F1800 X14.523 Y10.933 E0.07949
G0 F7200 X14.404 Y10.486
G1 F1800 X17.62 Y7.27 E0.07564
G0 F7200 X17.338 Y6.987
G1 F1800 X14.286 Y10.039 E0.07178
G0 F7200 X14.167 Y9.592
G1 F1800 X17.055 Y6.704 E0.06792
G0 F7200 X16.772 Y6.421
G1 F1800 X14.048 Y9.145 E0.06406
G0 F7200 X13.879 Y8.748
G1 F1800 X16.489 Y6.138 E0.06138
G0 F7200 X16.206 Y5.856
G1 F1800 X13.619 Y8.443 E0.06084
G0 F7200 X13.273 Y8.223
G1 F1800 X15.923 Y5.573 E0.06232
G0 F7200 X15.64 Y5.29
G1 F1800 X12.828 Y8.103 E0.06615
G0 F7200 X12.381 Y7.983
G1 F1800 X15.358 Y5.007 E0.07
G0 F7200 X15.075 Y4.724
G1 F1800 X11.936 Y7.863 E0.07382
G0 F7200 X11.49 Y7.743
G1 F1800 X14.792 Y4.441 E0.07766
G0 F7200 X14.509 Y4.158
G1 F1800 X11.044 Y7.623 E0.08149
G0 F7200 X10.56 Y7.542
G1 F1800 X14.226 Y3.876 E0.08622
G0 F7200 X13.943 Y3.593
G1 F1800 X10.015 Y7.521 E0.09238
G0 F7200 X9.829 Y7.141
G1 F1800 X13.661 Y3.31 E0.09011
G1 X13.731 Y3.24
G0 F7200 X25.823 Y15.472
G1 F1800 X15.472 Y25.823 E0.24344
G0 F7200 X15.755 Y26.106
G1 F1800 X26.106 Y15.755 E0.24344
G0 F7200 X26.389 Y16.038
G1 F1800 X16.038 Y26.389 E0.24344
G0 F7200 X16.321 Y26.671
G1 F1800 X26.671 Y16.321 E0.24342
G0 F7200 X26.954 Y16.604
G1 F1800 X16.604 Y26.954 E0.24342
G0 F7200 X16.886 Y27.237
G1 F1800 X27.237 Y16.886 E0.24344
G0 F7200 X27.52 Y17.169
G1 F1800 X17.169 Y27.52 E0.24344
G0 F7200 X17.452 Y27.803
G1 F1800 X27.803 Y17.452 E0.24344
G1 X27.873 Y17.382
G0 F7200 X39.965 Y29.614
G1 F1800 X29.614 Y39.965 E0.24344
G0 F7200 X29.897 Y40.248
G1 F1800 X40.248 Y29.897 E0.24344
G0 F7200 X40.531 Y30.18
G1 F1800 X30.18 Y40.531 E0.24344
G0 F7200 X30.463 Y40.813
G1 F1800 X40.813 Y30.463 E0.24342
G0 F7200 X41.096 Y30.746
G1 F1800 X30.746 Y41.096 E0.24342
G0 F7200 X31.029 Y41.378
G1 F1800 X41.379 Y31.029 E0.2434
G0 F7200 X41.662 Y31.311
G1 F1800 X31.312 Y41.661 E0.24342
G0 F7200 X31.595 Y41.944
G1 F1800 X41.945 Y31.594 E0.24342
G1 X42.015 Y31.524
G0 F7200 X47.319 Y36.968
G1 F1800 X36.969 Y47.318 E0.24342
G0 F7200 X37.252 Y47.601
G1 F1800 X47.602 Y37.251 E0.24342
G0 F7200 X47.885 Y37.534
G1 F1800 X37.535 Y47.884 E0.24342
G0 F7200 X37.817 Y48.167
G1 F1800 X48.167 Y37.817 E0.24342
G0 F7200 X48.45 Y38.1
G1 F1800 X38.1 Y48.45 E0.24342
G0 F7200 X38.383 Y48.732
G1 F1800 X48.733 Y38.382 E0.24342
G0 F7200 X49.016 Y38.665
G1 F1800 X38.666 Y49.015 E0.24342
G0 F7200 X38.949 Y49.298
G1 F1800 X43.085 Y45.161 E0.09728
G1 X43.155 Y45.091
G0 F7200 X42.86 Y45.953
G1 F1800 X39.232 Y49.581 E0.08532
G0 F7200 X39.515 Y49.864
G1 F1800 X42.979 Y46.399 E0.08148
G0 F7200 X43.1 Y46.844
G1 F1800 X39.797 Y50.147 E0.07768
G0 F7200 X40.08 Y50.429
G1 F1800 X43.219 Y47.291 E0.07381
G0 F7200 X43.339 Y47.736
G1 F1800 X40.363 Y50.712 E0.06999
G0 F7200 X40.646 Y50.995
G1 F1800 X43.459 Y48.182 E0.06616
G0 F7200 X43.578 Y48.628
G1 F1800 X40.929 Y51.278 E0.06231
G0 F7200 X41.212 Y51.561
G1 F1800 X43.797 Y48.975 E0.06081
G0 F7200 X44.106 Y49.232
G1 F1800 X41.494 Y51.844 E0.06143
G0 F7200 X41.777 Y52.126
G1 F1800 X44.503 Y49.401 E0.0641
G0 F7200 X44.949 Y49.521
G1 F1800 X42.06 Y52.409 E0.06793
G0 F7200 X42.343 Y52.692
G1 F1800 X45.395 Y49.64 E0.07178
G0 F7200 X45.84 Y49.761
G1 F1800 X42.626 Y52.975 E0.07559
G0 F7200 X42.909 Y53.258
G1 F1800 X46.287 Y49.88 E0.07945
G0 F7200 X46.732 Y50
G1 F1800 X43.191 Y53.541 E0.08328
G0 F7200 X43.474 Y53.824
G1 F1800 X47.28 Y50.018 E0.08951
G1 X47.35 Y49.948
G0 F7200 X50.156 Y52.233
G1 F1800 X46.02 Y56.369 E0.09727
G0 F7200 X46.303 Y56.652
G1 F1800 X49.931 Y53.024 E0.08532
G0 F7200 X50.05 Y53.471
G1 F1800 X46.586 Y56.935 E0.08147
G0 F7200 X46.868 Y57.218
G1 F1800 X50.169 Y53.918 E0.07762
G0 F7200 X50.287 Y54.364
G1 F1800 X47.151 Y57.501 E0.07377
G0 F7200 X47.434 Y57.783
G1 F1800 X50.406 Y54.811 E0.0699
G0 F7200 X50.526 Y55.258
G1 F1800 X47.717 Y58.066 E0.06605
G0 F7200 X48 Y58.349
G1 F1800 X50.644 Y55.704 E0.06219
G0 F7200 X50.862 Y56.052
G1 F1800 X48.283 Y58.632 E0.06067
G0 F7200 X48.566 Y58.915
G1 F1800 X51.161 Y56.319 E0.06104
G0 F7200 X51.57 Y56.476
G1 F1800 X48.848 Y59.198 E0.06402
G0 F7200 X49.131 Y59.48
G1 F1800 X52.016 Y56.595 E0.06785
G0 F7200 X52.463 Y56.714
G1 F1800 X49.414 Y59.763 E0.07171
G0 F7200 X49.697 Y60.046
G1 F1800 X52.909 Y56.834 E0.07554
G0 F7200 X53.355 Y56.953
G1 F1800 X49.98 Y60.329 E0.07939
G0 F7200 X50.263 Y60.612
G1 F1800 X53.802 Y57.072 E0.08324
G0 F7200 X54.35 Y57.09
G1 F1800 X50.545 Y60.895 E0.08949
G0 F7200 X50.828 Y61.177
G1 F1800 X61.178 Y50.828 E0.2434
G0 F7200 X61.461 Y51.11
G1 F1800 X51.111 Y61.46 E0.24342
G0 F7200 X51.394 Y61.743
G1 F1800 X61.744 Y51.393 E0.24342
G0 F7200 X62.027 Y51.676
G1 F1800 X51.677 Y62.026 E0.24342
G0 F7200 X51.96 Y62.309
G1 F1800 X62.31 Y51.959 E0.24342
G0 F7200 X62.592 Y52.242
G1 F1800 X52.242 Y62.592 E0.24342
G0 F7200 X52.525 Y62.875
G1 F1800 X62.875 Y52.525 E0.24342
G0 F7200 X63.158 Y52.807
G1 F1800 X52.808 Y63.157 E0.24342
G0 F7200 X53.091 Y63.44
G1 F1800 X57.23 Y59.302 E0.09733
G1 X57.3 Y59.232
G0 F7200 X57.003 Y60.094
G1 F1800 X53.374 Y63.723 E0.08535
G0 F7200 X53.657 Y64.006
G1 F1800 X57.122 Y60.54 E0.0815
G0 F7200 X57.241 Y60.987
G1 F1800 X53.94 Y64.289 E0.07765
G0 F7200 X54.222 Y64.572
G1 F1800 X57.361 Y61.433 E0.07382
G0 F7200 X57.48 Y61.88
G1 F1800 X54.505 Y64.854 E0.06996
G0 F7200 X54.788 Y65.137
G1 F1800 X57.599 Y62.327 E0.0661
G0 F7200 X57.718 Y62.773
G1 F1800 X55.071 Y65.42 E0.06225
G0 F7200 X55.354 Y65.703
G1 F1800 X57.94 Y63.117 E0.06082
G0 F7200 X58.249 Y63.374
G1 F1800 X55.637 Y65.986 E0.06143
G0 F7200 X55.919 Y66.269
G1 F1800 X58.647 Y63.541 E0.06416
G0 F7200 X59.093 Y63.661
G1 F1800 X56.202 Y66.551 E0.06798
G0 F7200 X56.485 Y66.834
G1 F1800 X59.538 Y63.781 E0.0718
G0 F7200 X59.985 Y63.901
G1 F1800 X56.768 Y67.117 E0.07565
G0 F7200 X57.051 Y67.4
G1 F1800 X60.431 Y64.02 E0.07949
G0 F7200 X60.877 Y64.14
G1 F1800 X57.334 Y67.683 E0.08333
G0 F7200 X57.616 Y67.966
G1 F1800 X61.423 Y64.159 E0.08953
G1 X61.493 Y64.089
G0 F7200 X64.304 Y66.37
G1 F1800 X60.163 Y70.511 E0.09739
G0 F7200 X60.446 Y70.793
G1 F1800 X64.074 Y67.165 E0.08532
G0 F7200 X64.193 Y67.611
G1 F1800 X60.728 Y71.076 E0.08149
G0 F7200 X61.011 Y71.359
G1 F1800 X64.313 Y68.058 E0.07765
G0 F7200 X64.432 Y68.504
G1 F1800 X61.294 Y71.642 E0.0738
G0 F7200 X61.577 Y71.925
G1 F1800 X64.552 Y68.95 E0.06997
G0 F7200 X64.671 Y69.396
G1 F1800 X61.86 Y72.208 E0.06612
G0 F7200 X62.143 Y72.49
G1 F1800 X64.791 Y69.842 E0.06228
G0 F7200 X65.011 Y70.188
G1 F1800 X62.426 Y72.773 E0.0608
G0 F7200 X62.708 Y73.056
G1 F1800 X65.319 Y70.446 E0.06139
G0 F7200 X65.715 Y70.615
G1 F1800 X62.991 Y73.339 E0.06406
G0 F7200 X63.274 Y73.622
G1 F1800 X66.163 Y70.733 E0.06794
G0 F7200 X66.609 Y70.852
G1 F1800 X63.557 Y73.905 E0.07179
G0 F7200 X63.84 Y74.188
G1 F1800 X67.056 Y70.971 E0.07565
G0 F7200 X67.503 Y71.09
G1 F1800 X64.123 Y74.47 E0.07949
G0 F7200 X64.405 Y74.753
G1 F1800 X67.95 Y71.208 E0.08337
G0 F7200 X68.483 Y71.241
G1 F1800 X64.688 Y75.036 E0.08925
G0 F7200 X64.971 Y75.319
G1 F1800 X75.32 Y64.97 E0.24339
G0 F7200 X75.603 Y65.253
G1 F1800 X65.254 Y75.602 E0.24339
G0 F7200 X65.537 Y75.885
G1 F1800 X75.886 Y65.535 E0.2434
G0 F7200 X76.169 Y65.818
G1 F1800 X65.82 Y76.167 E0.24339
G0 F7200 X66.102 Y76.45
G1 F1800 X76.452 Y66.101 E0.2434
G0 F7200 X76.735 Y66.384
G1 F1800 X66.385 Y76.733 E0.2434
G0 F7200 X66.668 Y77.016
G1 F1800 X77.017 Y66.667 E0.24339
G0 F7200 X77.3 Y66.95
G1 F1800 X66.951 Y77.299 E0.24339
G0 F7200 X67.234 Y77.582
G1 F1800 X71.363 Y73.452 E0.09712
G1 X71.433 Y73.382
G0 F7200 X71.143 Y74.238
G1 F1800 X67.517 Y77.864 E0.08528
G0 F7200 X67.8 Y78.147
G1 F1800 X71.263 Y74.684 E0.08144
G0 F7200 X71.383 Y75.129
G1 F1800 X68.082 Y78.43 E0.07763
G0 F7200 X68.365 Y78.713
G1 F1800 X71.503 Y75.576 E0.07379
G0 F7200 X71.622 Y76.022
G1 F1800 X68.648 Y78.996 E0.06994
G0 F7200 X68.931 Y79.279
G1 F1800 X71.742 Y76.468 E0.06611
G0 F7200 X71.863 Y76.913
G1 F1800 X69.214 Y79.562 E0.0623
G0 F7200 X69.497 Y79.844
G1 F1800 X72.082 Y77.259 E0.0608
G0 F7200 X72.391 Y77.516
G1 F1800 X69.779 Y80.127 E0.06142
G0 F7200 X70.062 Y80.41
G1 F1800 X72.788 Y77.684 E0.06411
G0 F7200 X73.234 Y77.804
G1 F1800 X70.345 Y80.693 E0.06794
G0 F7200 X70.628 Y80.976
G1 F1800 X73.679 Y77.925 E0.07175
G0 F7200 X74.125 Y78.045
G1 F1800 X70.911 Y81.259 E0.07559
G0 F7200 X71.194 Y81.541
G1 F1800 X74.57 Y78.165 E0.0794
G0 F7200 X75.016 Y78.284
G1 F1800 X71.476 Y81.824 E0.08326
G0 F7200 X71.759 Y82.107
G1 F1800 X75.565 Y78.301 E0.08951
G1 X75.635 Y78.231
G0 F7200 X78.439 Y80.519
G1 F1800 X74.305 Y84.653 E0.09723
G0 F7200 X74.588 Y84.936
G1 F1800 X78.214 Y81.309 E0.08529
G0 F7200 X78.333 Y81.756
G1 F1800 X74.871 Y85.218 E0.08142
G0 F7200 X75.153 Y85.501
G1 F1800 X78.452 Y82.203 E0.07758
G0 F7200 X78.572 Y82.649
G1 F1800 X75.436 Y85.784 E0.07374
G0 F7200 X75.719 Y86.067
G1 F1800 X78.69 Y83.096 E0.06987
G0 F7200 X78.809 Y83.543
G1 F1800 X76.002 Y86.35 E0.06602
G0 F7200 X76.285 Y86.633
G1 F1800 X78.928 Y83.989 E0.06217
G0 F7200 X79.151 Y84.332
G1 F1800 X76.568 Y86.915 E0.06075
G0 F7200 X76.85 Y87.198
G1 F1800 X79.459 Y84.59 E0.06135
G0 F7200 X79.855 Y84.759
G1 F1800 X77.133 Y87.481 E0.06402
G0 F7200 X77.416 Y87.764
G1 F1800 X80.301 Y84.879 E0.06785
G0 F7200 X80.747 Y84.998
G1 F1800 X77.699 Y88.047 E0.0717
G0 F7200 X77.982 Y88.33
G1 F1800 X81.194 Y85.118 E0.07554
G0 F7200 X81.64 Y85.237
G1 F1800 X78.265 Y88.613 E0.07939
G0 F7200 X78.548 Y88.895
G1 F1800 X82.087 Y85.356 E0.08323
G0 F7200 X82.635 Y85.374
G1 F1800 X78.83 Y89.178 E0.08948
G0 F7200 X79.113 Y89.461
G1 F1800 X89.462 Y79.112 E0.24339
G0 F7200 X89.18 Y78.829
G1 F1800 X85.383 Y82.625 E0.08929
G0 F7200 X85.358 Y82.085
G1 F1800 X88.897 Y78.546 E0.08323
G0 F7200 X88.614 Y78.263
G1 F1800 X85.239 Y81.638 E0.07937
G0 F7200 X85.119 Y81.192
G1 F1800 X88.331 Y77.98 E0.07554
G0 F7200 X88.048 Y77.698
G1 F1800 X85 Y80.746 E0.07168
G0 F7200 X84.88 Y80.3
G1 F1800 X87.765 Y77.415 E0.06785
G0 F7200 X87.483 Y77.132
G1 F1800 X84.761 Y79.854 E0.06402
G0 F7200 X84.591 Y79.458
G1 F1800 X87.2 Y76.849 E0.06136
G0 F7200 X86.917 Y76.566
G1 F1800 X84.332 Y79.151 E0.0608
G0 F7200 X83.988 Y78.929
G1 F1800 X86.634 Y76.283 E0.06223
G0 F7200 X86.351 Y76.001
G1 F1800 X83.541 Y78.811 E0.06609
G0 F7200 X83.094 Y78.692
G1 F1800 X86.068 Y75.718 E0.06994
G0 F7200 X85.785 Y75.435
G1 F1800 X82.647 Y78.573 E0.0738
G0 F7200 X82.2 Y78.454
G1 F1800 X85.503 Y75.152 E0.07767
G0 F7200 X85.22 Y74.869
G1 F1800 X81.754 Y78.335 E0.08152
G0 F7200 X81.307 Y78.217
G1 F1800 X84.937 Y74.586 E0.08538
G0 F7200 X84.654 Y74.303
G1 F1800 X80.488 Y78.47 E0.09799
G1 X80.418 Y78.54
G0 F7200 X78.311 Y75.556
G1 F1800 X82.109 Y71.758 E0.08932
G0 F7200 X82.391 Y72.041
G1 F1800 X72.042 Y82.39 E0.24339
G0 F7200 X72.325 Y82.673
G1 F1800 X82.674 Y72.324 E0.24339
G0 F7200 X82.957 Y72.606
G1 F1800 X72.608 Y82.956 E0.2434
G0 F7200 X72.891 Y83.238
G1 F1800 X83.24 Y72.889 E0.24339
G0 F7200 X83.523 Y73.172
G1 F1800 X73.174 Y83.521 E0.24339
G0 F7200 X73.456 Y83.804
G1 F1800 X83.806 Y73.455 E0.2434
G0 F7200 X84.088 Y73.738
G1 F1800 X73.739 Y84.087 E0.24339
G0 F7200 X74.022 Y84.37
G1 F1800 X84.371 Y74.021 E0.24339
G1 X84.441 Y73.951
G0 F7200 X81.826 Y71.475
G1 F1800 X78.285 Y75.016 E0.08328
G0 F7200 X78.166 Y74.569
G1 F1800 X81.543 Y71.192 E0.07942
G0 F7200 X81.26 Y70.909
G1 F1800 X78.045 Y74.124 E0.07561
G0 F7200 X77.925 Y73.678
G1 F1800 X80.977 Y70.627 E0.07177
G0 F7200 X80.694 Y70.344
G1 F1800 X77.805 Y73.233 E0.06794
G0 F7200 X77.685 Y72.787
G1 F1800 X80.411 Y70.061 E0.06411
G0 F7200 X80.129 Y69.778
G1 F1800 X77.516 Y72.391 E0.06145
G0 F7200 X77.256 Y72.085
G1 F1800 X79.846 Y69.495 E0.06091
G0 F7200 X79.563 Y69.212
G1 F1800 X76.912 Y71.863 E0.06235
G0 F7200 X76.467 Y71.743
G1 F1800 X79.28 Y68.929 E0.06617
G0 F7200 X78.997 Y68.647
G1 F1800 X76.02 Y71.624 E0.07001
G0 F7200 X75.574 Y71.504
G1 F1800 X78.714 Y68.364 E0.07385
G0 F7200 X78.432 Y68.081
G1 F1800 X75.129 Y71.384 E0.07768
G0 F7200 X74.682 Y71.264
G1 F1800 X78.149 Y67.798 E0.08153
G0 F7200 X77.866 Y67.515
G1 F1800 X74.237 Y71.144 E0.08535
G1 X74.167 Y71.214
G0 F7200 X73.416 Y71.399
G1 F1800 X77.583 Y67.232 E0.098
G1 X77.653 Y67.162
G0 F7200 X75.037 Y64.687
G1 F1800 X71.238 Y68.486 E0.08935
G0 F7200 X71.21 Y67.949
G1 F1800 X74.755 Y64.404 E0.08337
G0 F7200 X74.472 Y64.121
G1 F1800 X71.09 Y67.503 E0.07954
G0 F7200 X70.971 Y67.056
G1 F1800 X74.189 Y63.838 E0.07568
G0 F7200 X73.906 Y63.555
G1 F1800 X70.852 Y66.609 E0.07183
G0 F7200 X70.733 Y66.163
G1 F1800 X73.623 Y63.273 E0.06797
G0 F7200 X73.34 Y62.99
G1 F1800 X70.613 Y65.717 E0.06413
G0 F7200 X70.445 Y65.32
G1 F1800 X73.058 Y62.707 E0.06145
G0 F7200 X72.775 Y62.424
G1 F1800 X70.188 Y65.011 E0.06084
G0 F7200 X69.842 Y64.791
G1 F1800 X72.492 Y62.141 E0.06232
G0 F7200 X72.209 Y61.858
G1 F1800 X69.395 Y64.672 E0.06618
G0 F7200 X68.949 Y64.552
G1 F1800 X71.926 Y61.576 E0.07
G0 F7200 X71.643 Y61.293
G1 F1800 X68.503 Y64.433 E0.07385
G0 F7200 X68.057 Y64.313
G1 F1800 X71.361 Y61.01 E0.07769
G0 F7200 X71.078 Y60.727
G1 F1800 X67.611 Y64.194 E0.08154
G0 F7200 X67.165 Y64.074
G1 F1800 X70.795 Y60.444 E0.08537
G0 F7200 X70.512 Y60.161
G1 F1800 X66.337 Y64.336 E0.09819
G1 X66.267 Y64.406
G0 F7200 X64.171 Y61.412
G1 F1800 X67.966 Y57.616 E0.08926
G0 F7200 X67.684 Y57.333
G1 F1800 X64.141 Y60.876 E0.08333
G0 F7200 X64.021 Y60.429
G1 F1800 X67.401 Y57.05 E0.07948
G0 F7200 X67.118 Y56.767
G1 F1800 X63.901 Y59.984 E0.07566
G0 F7200 X63.782 Y59.538
G1 F1800 X66.835 Y56.484 E0.07181
G0 F7200 X66.552 Y56.202
G1 F1800 X63.662 Y59.091 E0.06796
G0 F7200 X63.542 Y58.646
G1 F1800 X66.269 Y55.919 E0.06413
G0 F7200 X65.986 Y55.636
G1 F1800 X63.375 Y58.247 E0.06141
G0 F7200 X63.119 Y57.938
G1 F1800 X65.704 Y55.353 E0.0608
G0 F7200 X65.421 Y55.07
G1 F1800 X62.771 Y57.72 E0.06232
G0 F7200 X62.324 Y57.601
G1 F1800 X65.138 Y54.787 E0.06618
G0 F7200 X64.855 Y54.504
G1 F1800 X61.878 Y57.481 E0.07001
G0 F7200 X61.432 Y57.362
G1 F1800 X64.572 Y54.222 E0.07385
G0 F7200 X64.289 Y53.939
G1 F1800 X60.986 Y57.242 E0.07768
G0 F7200 X60.54 Y57.123
G1 F1800 X64.007 Y53.656 E0.08154
G0 F7200 X63.724 Y53.373
G1 F1800 X60.093 Y57.003 E0.08538
G1 X60.023 Y57.073
G0 F7200 X59.271 Y57.26
G1 F1800 X63.441 Y53.09 E0.09807
G1 X63.511 Y53.02
G0 F7200 X60.895 Y50.545
G1 F1800 X57.099 Y54.341 E0.08928
G0 F7200 X57.073 Y53.801
G1 F1800 X60.612 Y50.262 E0.08323
G0 F7200 X60.33 Y49.979
G1 F1800 X56.955 Y53.354 E0.07937
G0 F7200 X56.835 Y52.908
G1 F1800 X60.047 Y49.696 E0.07554
G0 F7200 X59.764 Y49.413
G1 F1800 X56.716 Y52.462 E0.0717
G0 F7200 X56.596 Y52.015
G1 F1800 X59.481 Y49.13 E0.06785
G0 F7200 X59.198 Y48.848
G1 F1800 X56.477 Y51.569 E0.06399
G0 F7200 X56.306 Y51.174
G1 F1800 X58.915 Y48.565 E0.06136
G0 F7200 X58.633 Y48.282
G1 F1800 X56.047 Y50.867 E0.06081
G0 F7200 X55.703 Y50.646
G1 F1800 X58.35 Y47.999 E0.06225
G0 F7200 X58.067 Y47.716
G1 F1800 X55.256 Y50.527 E0.06611
G0 F7200 X54.81 Y50.408
G1 F1800 X57.784 Y47.433 E0.06996
G0 F7200 X57.501 Y47.151
G1 F1800 X54.363 Y50.289 E0.0738
G0 F7200 X53.916 Y50.17
G1 F1800 X57.218 Y46.868 E0.07766
G0 F7200 X56.936 Y46.585
G1 F1800 X53.469 Y50.051 E0.08153
G0 F7200 X53.022 Y49.932
G1 F1800 X56.653 Y46.302 E0.08538
G0 F7200 X56.37 Y46.019
G1 F1800 X52.204 Y50.185 E0.09798
G1 X52.134 Y50.255
G0 F7200 X50.027 Y47.271
G1 F1800 X53.824 Y43.474 E0.0893
G0 F7200 X54.107 Y43.756
G1 F1800 X43.757 Y54.106 E0.24342
G0 F7200 X44.04 Y54.389
G1 F1800 X54.39 Y44.039 E0.24342
G0 F7200 X54.673 Y44.322
G1 F1800 X44.323 Y54.672 E0.24342
G0 F7200 X44.606 Y54.955
G1 F1800 X54.956 Y44.605 E0.24342
G0 F7200 X55.238 Y44.888
G1 F1800 X44.889 Y55.238 E0.2434
G0 F7200 X45.171 Y55.521
G1 F1800 X55.521 Y45.171 E0.24342
G0 F7200 X55.804 Y45.454
G1 F1800 X45.454 Y55.803 E0.2434
G0 F7200 X45.737 Y56.086
G1 F1800 X56.087 Y45.736 E0.24342
G1 X56.157 Y45.666
G0 F7200 X53.541 Y43.191
G1 F1800 X50.002 Y46.731 E0.08324
G0 F7200 X49.881 Y46.285
G1 F1800 X53.259 Y42.908 E0.07943
G0 F7200 X52.976 Y42.625
G1 F1800 X49.761 Y45.84 E0.07561
G0 F7200 X49.641 Y45.394
G1 F1800 X52.693 Y42.342 E0.07178
G0 F7200 X52.41 Y42.059
G1 F1800 X49.521 Y44.949 E0.06796
G0 F7200 X49.401 Y44.503
G1 F1800 X52.127 Y41.777 E0.06411
G0 F7200 X51.844 Y41.494
G1 F1800 X49.232 Y44.106 E0.06143
G0 F7200 X48.972 Y43.8
G1 F1800 X51.562 Y41.211 E0.0609
G0 F7200 X51.279 Y40.928
G1 F1800 X48.628 Y43.579 E0.06235
G0 F7200 X48.182 Y43.459
G1 F1800 X50.996 Y40.645 E0.06618
G0 F7200 X50.713 Y40.362
G1 F1800 X47.736 Y43.339 E0.07001
G0 F7200 X47.29 Y43.22
G1 F1800 X50.43 Y40.08 E0.07385
G0 F7200 X50.147 Y39.797
G1 F1800 X46.844 Y43.1 E0.07768
G0 F7200 X46.398 Y42.98
G1 F1800 X49.864 Y39.514 E0.08152
G0 F7200 X49.582 Y39.231
G1 F1800 X45.952 Y42.861 E0.08537
G1 X45.882 Y42.931
G0 F7200 X45.142 Y43.105
G1 F1800 X49.299 Y38.948 E0.09777
G1 X49.369 Y38.878
G0 F7200 X68.249 Y57.899
G1 F1800 X57.899 Y68.249 E0.24342
G0 F7200 X58.182 Y68.531
G1 F1800 X68.532 Y58.181 E0.24342
G0 F7200 X68.815 Y58.464
G1 F1800 X58.465 Y68.814 E0.24342
G0 F7200 X58.749 Y69.096
G1 F1800 X69.098 Y58.747 E0.24339
G0 F7200 X69.381 Y59.03
G1 F1800 X59.031 Y69.379 E0.2434
G0 F7200 X59.314 Y69.662
G1 F1800 X69.663 Y59.313 E0.24339
G0 F7200 X69.946 Y59.596
G1 F1800 X59.597 Y69.945 E0.24339
G0 F7200 X59.88 Y70.228
G1 F1800 X70.229 Y59.879 E0.24339
G1 X70.299 Y59.809
G0 F7200 X89.745 Y79.395
G1 F1800 X79.396 Y89.744 E0.24339
G0 F7200 X79.679 Y90.027
G1 F1800 X90.028 Y79.677 E0.2434
G0 F7200 X90.311 Y79.96
G1 F1800 X79.962 Y90.31 E0.2434
G0 F7200 X80.245 Y90.592
G1 F1800 X90.594 Y80.243 E0.24339
G0 F7200 X90.877 Y80.526
G1 F1800 X80.527 Y90.875 E0.2434
G0 F7200 X80.81 Y91.158
G1 F1800 X91.159 Y80.809 E0.24339
G0 F7200 X91.442 Y81.092
G1 F1800 X81.093 Y91.441 E0.24339
G0 F7200 X81.376 Y91.724
G1 F1800 X85.514 Y87.586 E0.09732
G1 X85.584 Y87.516
G0 F7200 X85.286 Y88.379
G1 F1800 X81.659 Y92.007 E0.08531
G0 F7200 X81.942 Y92.289
G1 F1800 X85.405 Y88.826 E0.08144
G0 F7200 X85.525 Y89.272
G1 F1800 X82.224 Y92.572 E0.07762
G0 F7200 X82.507 Y92.855
G1 F1800 X85.643 Y89.719 E0.07375
G0 F7200 X85.762 Y90.166
G1 F1800 X82.79 Y93.138 E0.0699
G0 F7200 X83.073 Y93.421
G1 F1800 X85.881 Y90.613 E0.06604
G0 F7200 X86 Y91.06
G1 F1800 X83.356 Y93.704 E0.06218
G0 F7200 X83.639 Y93.987
G1 F1800 X86.222 Y91.403 E0.06076
G0 F7200 X86.53 Y91.661
G1 F1800 X83.922 Y94.269 E0.06134
G0 F7200 X84.204 Y94.552
G1 F1800 X86.925 Y91.831 E0.06399
G0 F7200 X87.372 Y91.95
G1 F1800 X84.487 Y94.835 E0.06785
G0 F7200 X84.77 Y95.118
G1 F1800 X87.819 Y92.069 E0.07171
G0 F7200 X88.266 Y92.188
G1 F1800 X85.053 Y95.401 E0.07556
G0 F7200 X85.336 Y95.684
G1 F1800 X88.713 Y92.306 E0.07943
G0 F7200 X89.16 Y92.425
G1 F1800 X85.619 Y95.966 E0.08328
G0 F7200 X85.901 Y96.249
G1 F1800 X89.688 Y92.463 E0.08905
G0 F7200 X90.081 Y92.635
G1 F1800 X86.184 Y96.532 E0.09165
G1 X86.114 Y96.602
G0 F7200 X92.632 Y90.084
G1 F1800 X96.534 Y86.183 E0.09176
G0 F7200 X96.251 Y85.9
G1 F1800 X92.464 Y89.687 E0.08906
G0 F7200 X92.426 Y89.159
G1 F1800 X95.968 Y85.617 E0.0833
G0 F7200 X95.685 Y85.334
G1 F1800 X92.307 Y88.712 E0.07945
G0 F7200 X92.188 Y88.265
G1 F1800 X95.402 Y85.052 E0.07558
G0 F7200 X95.119 Y84.769
G1 F1800 X92.07 Y87.818 E0.07171
G0 F7200 X91.951 Y87.372
G1 F1800 X94.836 Y84.486 E0.06786
G0 F7200 X94.554 Y84.203
G1 F1800 X91.832 Y86.925 E0.06402
G0 F7200 X91.662 Y86.529
G1 F1800 X94.271 Y83.92 E0.06136
G0 F7200 X93.988 Y83.637
G1 F1800 X91.403 Y86.222 E0.0608
G0 F7200 X91.059 Y86
G1 F1800 X93.705 Y83.354 E0.06223
G0 F7200 X93.422 Y83.072
G1 F1800 X90.612 Y85.882 E0.06609
G0 F7200 X90.165 Y85.763
G1 F1800 X93.139 Y82.789 E0.06994
G0 F7200 X92.857 Y82.506
G1 F1800 X89.718 Y85.644 E0.07381
G0 F7200 X89.272 Y85.525
G1 F1800 X92.574 Y82.223 E0.07766
G0 F7200 X92.291 Y81.94
G1 F1800 X88.825 Y85.406 E0.08152
G0 F7200 X88.378 Y85.288
G1 F1800 X92.008 Y81.657 E0.08538
G0 F7200 X91.725 Y81.375
G1 F1800 X87.556 Y85.544 E0.09805
G1 X87.486 Y85.614
G0 F7200 X87.442 Y85.569
;MESH:NONMESH
G0 F600 X87.442 Y85.569 Z0.7
G0 F7200 X84.277 Y79.363
G0 X55.992 Y51.079
G0 X48.571 Y48.621
G0 X47.364 Y49.82
G0 X44.008 Y48.921
G0 X15.723 Y20.637
G0 X12.361 Y14.204
G0 X12.138 Y13.98
;TIME_ELAPSED:694.290342
;LAYER:4
;TYPE:WALL-INNER
;MESH:bodyNW.stl
G1 F3600 X11.924 Y14.096 E0.00405
G1 X11.69 Y14.125 E0.00392
G1 X9.081 Y13.428 E0.04491
G1 X8.916 Y13.301 E0.00346
G1 X8.787 Y13.134 E0.00351
G1 X8.112 Y10.616 E0.04335
G1 X8.106 Y10.327 E0.00481
G1 X8.21 Y10.092 E0.00427
G1 X10.035 Y8.267 E0.04292
G1 X10.327 Y8.106 E0.00555
G1 X10.616 Y8.112 E0.00481
G1 X13.132 Y8.787 E0.04332
G1 X13.301 Y8.916 E0.00354
G1 X13.428 Y9.081 E0.00346
G1 X14.125 Y11.69 E0.04491
G1 X14.096 Y11.924 E0.00392
G1 X13.945 Y12.177 E0.0049
G1 X12.138 Y13.98 E0.04245
G0 F7200 X12.361 Y14.204
G0 X15.723 Y20.637
G0 X19.079 Y21.536
G0 X19.21 Y21.052
G1 F3600 X18.996 Y21.168 E0.00405
G1 X18.762 Y21.197 E0.00392
G1 X16.15 Y20.501 E0.04495
G1 X15.983 Y20.373 E0.0035
G1 X15.855 Y20.206 E0.0035
G1 X15.159 Y17.594 E0.04495
G1 X15.188 Y17.36 E0.00392
G1 X15.304 Y17.146 E0.00405
G1 X17.107 Y15.339 E0.04245
G1 X17.36 Y15.188 E0.0049
G1 X17.595 Y15.159 E0.00394
G1 X20.203 Y15.859 E0.04491
G1 X20.373 Y15.987 E0.00354
G1 X20.5 Y16.154 E0.00349
G1 X21.197 Y18.762 E0.04489
G1 X21.168 Y18.996 E0.00392
G1 X21.017 Y19.249 E0.0049
G1 X19.21 Y21.052 E0.04245
G0 F7200 X19.432 Y21.275
G0 X22.793 Y27.708
G0 X26.15 Y28.607
G0 X26.282 Y28.124
G1 F3600 X26.068 Y28.24 E0.00405
G1 X25.834 Y28.269 E0.00392
G1 X23.222 Y27.573 E0.04495
G1 X23.055 Y27.445 E0.0035
G1 X22.927 Y27.278 E0.0035
G1 X22.231 Y24.666 E0.04495
G1 X22.26 Y24.432 E0.00392
G1 X22.376 Y24.218 E0.00405
G1 X24.179 Y22.411 E0.04245
G1 X24.432 Y22.26 E0.0049
G1 X24.666 Y22.231 E0.00392
G1 X27.278 Y22.927 E0.04495
G1 X27.445 Y23.055 E0.0035
G1 X27.573 Y23.222 E0.0035
G1 X28.269 Y25.834 E0.04495
G1 X28.24 Y26.068 E0.00392
G1 X28.089 Y26.321 E0.0049
G1 X26.282 Y28.124 E0.04245
G0 F7200 X26.503 Y28.346
G0 X29.866 Y34.779
G0 X33.221 Y35.678
G0 X33.355 Y35.196
G1 F3600 X33.14 Y35.312 E0.00406
G1 X32.905 Y35.341 E0.00394
G1 X30.297 Y34.641 E0.04491
G1 X30.127 Y34.513 E0.00354
G1 X30 Y34.346 E0.00349
G1 X29.303 Y31.738 E0.04489
G1 X29.332 Y31.504 E0.00392
G1 X29.448 Y31.29 E0.00405
G1 X31.251 Y29.483 E0.04245
G1 X31.504 Y29.332 E0.0049
G1 X31.738 Y29.303 E0.00392
G1 X34.347 Y30 E0.04491
G1 X34.512 Y30.127 E0.00346
G1 X34.641 Y30.294 E0.00351
G1 X35.341 Y32.905 E0.04495
G1 X35.312 Y33.14 E0.00394
G1 X35.16 Y33.394 E0.00492
G1 X33.355 Y35.196 E0.04242
G0 F7200 X33.575 Y35.416
G0 X36.936 Y41.85
G0 X40.293 Y42.748
G0 X40.426 Y42.264
G1 F3600 X40.211 Y42.38 E0.00406
G1 X39.977 Y42.409 E0.00392
G1 X37.366 Y41.713 E0.04494
G1 X37.199 Y41.585 E0.0035
G1 X37.071 Y41.418 E0.0035
G1 X36.375 Y38.807 E0.04494
G1 X36.404 Y38.573 E0.00392
G1 X36.52 Y38.358 E0.00406
G1 X38.319 Y36.555 E0.04236
G1 X38.573 Y36.404 E0.00491
G1 X38.807 Y36.375 E0.00392
G1 X41.419 Y37.072 E0.04496
G1 X41.584 Y37.199 E0.00346
G1 X41.712 Y37.365 E0.00349
G1 X42.409 Y39.974 E0.04491
G1 X42.38 Y40.208 E0.00392
G1 X42.227 Y40.462 E0.00493
G1 X40.426 Y42.264 E0.04237
G0 F7200 X40.647 Y42.486
G0 X44.008 Y48.921
G0 X47.364 Y49.82
G0 X47.494 Y49.336
G1 F3600 X47.28 Y49.452 E0.00405
G1 X47.046 Y49.481 E0.00392
G1 X44.437 Y48.784 E0.04491
G1 X44.272 Y48.657 E0.00346
G1 X44.143 Y48.49 E0.00351
G1 X43.443 Y45.879 E0.04495
G1 X43.472 Y45.644 E0.00394
G1 X43.588 Y45.429 E0.00406
G1 X45.391 Y43.623 E0.04244
G1 X45.644 Y43.472 E0.0049
G1 X45.879 Y43.443 E0.00394
G1 X48.487 Y44.143 E0.04491
G1 X48.657 Y44.271 E0.00354
G1 X48.784 Y44.438 E0.00349
G1 X49.481 Y47.046 E0.04489
G1 X49.452 Y47.28 E0.00392
G1 X49.301 Y47.533 E0.0049
G1 X47.494 Y49.336 E0.04245
G0 F7200 X47.717 Y49.559
G0 X51.079 Y55.992
G0 X54.435 Y56.891
G0 X54.566 Y56.408
G1 F3600 X54.352 Y56.524 E0.00405
G1 X54.118 Y56.553 E0.00392
G1 X51.506 Y55.857 E0.04495
G1 X51.339 Y55.729 E0.0035
G1 X51.211 Y55.562 E0.0035
G1 X50.515 Y52.95 E0.04495
G1 X50.544 Y52.716 E0.00392
G1 X50.66 Y52.502 E0.00405
G1 X52.463 Y50.695 E0.04245
G1 X52.716 Y50.544 E0.0049
G1 X52.95 Y50.515 E0.00392
G1 X55.562 Y51.211 E0.04495
G1 X55.729 Y51.339 E0.0035
G1 X55.857 Y51.506 E0.0035
G1 X56.553 Y54.118 E0.04495
G1 X56.524 Y54.352 E0.00392
G1 X56.373 Y54.605 E0.0049
G1 X54.566 Y56.408 E0.04245
G0 F7200 X54.788 Y56.63
G0 X58.15 Y63.063
G0 X61.506 Y63.962
G0 X61.638 Y63.48
G1 F3600 X61.424 Y63.596 E0.00405
G1 X61.189 Y63.625 E0.00394
G1 X58.581 Y62.925 E0.04491
G1 X58.411 Y62.797 E0.00354
G1 X58.284 Y62.63 E0.00349
G1 X57.587 Y60.022 E0.04489
G1 X57.616 Y59.788 E0.00392
G1 X57.732 Y59.574 E0.00405
G1 X59.535 Y57.767 E0.04245
G1 X59.788 Y57.616 E0.0049
G1 X60.022 Y57.587 E0.00392
G1 X62.631 Y58.284 E0.04491
G1 X62.796 Y58.411 E0.00346
G1 X62.925 Y58.578 E0.00351
G1 X63.625 Y61.189 E0.04495
G1 X63.596 Y61.424 E0.00394
G1 X63.445 Y61.677 E0.0049
G1 X61.638 Y63.48 E0.04245
G0 F7200 X61.859 Y63.701
G0 X65.221 Y70.134
G0 X68.577 Y71.033
G0 X68.71 Y70.548
G1 F3600 X68.495 Y70.664 E0.00406
G1 X68.261 Y70.693 E0.00392
G1 X65.649 Y69.996 E0.04496
G1 X65.484 Y69.869 E0.00346
G1 X65.356 Y69.703 E0.00349
G1 X64.659 Y67.094 E0.04491
G1 X64.688 Y66.86 E0.00392
G1 X64.804 Y66.646 E0.00405
G1 X66.607 Y64.839 E0.04245
G1 X66.86 Y64.688 E0.0049
G1 X67.094 Y64.659 E0.00392
G1 X69.702 Y65.356 E0.04489
G1 X69.869 Y65.483 E0.00349
G1 X69.997 Y65.65 E0.0035
G1 X70.693 Y68.261 E0.04494
G1 X70.664 Y68.495 E0.00392
G1 X70.513 Y68.749 E0.00491
G1 X68.71 Y70.548 E0.04236
G0 F7200 X68.932 Y70.77
G0 X72.292 Y77.207
G0 X75.649 Y78.104
G0 X75.778 Y77.62
G1 F3600 X75.564 Y77.736 E0.00405
G1 X75.33 Y77.765 E0.00392
G1 X72.721 Y77.068 E0.04491
G1 X72.556 Y76.941 E0.00346
G1 X72.427 Y76.774 E0.00351
G1 X71.727 Y74.163 E0.04495
G1 X71.756 Y73.928 E0.00394
G1 X71.872 Y73.713 E0.00406
G1 X73.675 Y71.908 E0.04243
G1 X73.928 Y71.756 E0.00491
G1 X74.163 Y71.727 E0.00394
G1 X76.771 Y72.427 E0.04491
G1 X76.941 Y72.555 E0.00354
G1 X77.068 Y72.722 E0.00349
G1 X77.765 Y75.33 E0.04489
G1 X77.736 Y75.564 E0.00392
G1 X77.585 Y75.817 E0.0049
G1 X75.778 Y77.62 E0.04245
G0 F7200 X76.001 Y77.844
G0 X79.363 Y84.277
G0 X82.719 Y85.176
G0 X82.85 Y84.692
G1 F3600 X82.636 Y84.808 E0.00405
G1 X82.402 Y84.837 E0.00392
G1 X79.79 Y84.141 E0.04495
G1 X79.623 Y84.013 E0.0035
G1 X79.495 Y83.846 E0.0035
G1 X78.799 Y81.234 E0.04495
G1 X78.828 Y81 E0.00392
G1 X78.944 Y80.786 E0.00405
G1 X80.747 Y78.979 E0.04245
G1 X81 Y78.828 E0.0049
G1 X81.234 Y78.799 E0.00392
G1 X83.846 Y79.495 E0.04495
G1 X84.013 Y79.623 E0.0035
G1 X84.141 Y79.79 E0.0035
G1 X84.837 Y82.402 E0.04495
G1 X84.808 Y82.636 E0.00392
G1 X84.657 Y82.889 E0.0049
G1 X82.85 Y84.692 E0.04245
G0 F7200 X83.072 Y84.915
G0 X86.434 Y91.348
G0 X89.79 Y92.247
G0 X89.961 Y91.729
G1 F3600 X89.67 Y91.889 E0.00552
G1 X89.381 Y91.884 E0.00481
G1 X86.862 Y91.213 E0.04335
G1 X86.695 Y91.085 E0.0035
G1 X86.567 Y90.918 E0.0035
G1 X85.871 Y88.306 E0.04495
G1 X85.9 Y88.072 E0.00392
G1 X86.016 Y87.858 E0.00405
G1 X87.819 Y86.051 E0.04245
G1 X88.072 Y85.9 E0.0049
G1 X88.306 Y85.871 E0.00392
G1 X90.918 Y86.567 E0.04495
G1 X91.085 Y86.695 E0.0035
G1 X91.213 Y86.862 E0.0035
G1 X91.884 Y89.381 E0.04335
G1 X91.89 Y89.67 E0.00481
G1 X91.784 Y89.906 E0.0043
G1 X89.961 Y91.729 E0.04287
G0 F7200 X90.18 Y91.949
G0 X86.416 Y97.191
G0 X86.416 Y97.587
G1 F3600 X97.587 Y86.416 E0.26272
G1 X13.584 Y2.413 E1.97562
G1 X2.413 Y13.584 E0.26272
G1 X86.416 Y97.587 E1.97562
G0 F7200 X86.416 Y98.153
;TYPE:WALL-OUTER
G1 F1800 X98.153 Y86.416 E0.27604
G1 X13.584 Y1.847 E1.98893
G1 X1.847 Y13.584 E0.27604
G1 X86.416 Y98.153 E1.98893
G0 F7200 X86.557 Y98.012
G0 X86.416 Y97.191
G0 X90.18 Y91.949
G0 X89.678 Y91.446
G1 F1800 X89.55 Y91.516 E0.00243
G1 X87.035 Y90.845 E0.04329
G1 X86.926 Y90.712 E0.00286
G1 X86.282 Y88.296 E0.04158
G1 X86.322 Y88.115 E0.00308
G1 X88.126 Y86.31 E0.04244
G1 X88.252 Y86.276 E0.00217
G1 X90.745 Y86.935 E0.04288
G1 X90.854 Y87.068 E0.00286
G1 X91.498 Y89.484 E0.04158
G1 X91.468 Y89.651 E0.00282
G1 X89.678 Y91.446 E0.04216
G0 F7200 X89.55 Y91.516
G0 X89.498 Y91.503
G0 X89.315 Y92.187
G0 X86.434 Y91.348
G0 X83.097 Y84.89
G0 X82.593 Y84.386
G1 F1800 X82.456 Y84.432 E0.0024
G1 X79.963 Y83.773 E0.04288
G1 X79.854 Y83.64 E0.00286
G1 X79.21 Y81.224 E0.04158
G1 X79.25 Y81.043 E0.00308
G1 X81.054 Y79.238 E0.04244
G1 X81.18 Y79.204 E0.00217
G1 X83.673 Y79.863 E0.04288
G1 X83.782 Y79.996 E0.00286
G1 X84.439 Y82.46 E0.04241
G1 X84.401 Y82.579 E0.00208
G1 X82.593 Y84.386 E0.04251
G0 F7200 X82.456 Y84.432
G0 X82.403 Y84.418
G0 X82.218 Y85.109
G0 X79.363 Y84.277
G0 X76.026 Y77.819
G0 X75.521 Y77.314
G1 F1800 X75.384 Y77.36 E0.0024
G1 X72.895 Y76.701 E0.04282
G1 X72.786 Y76.568 E0.00286
G1 X72.138 Y74.152 E0.0416
G1 X72.178 Y73.971 E0.00308
G1 X73.982 Y72.166 E0.04244
G1 X74.108 Y72.132 E0.00217
G1 X76.601 Y72.795 E0.0429
G1 X76.71 Y72.928 E0.00286
G1 X77.367 Y75.388 E0.04234
G1 X77.329 Y75.507 E0.00208
G1 X75.521 Y77.314 E0.04251
G0 F7200 X75.384 Y77.36
G0 X75.331 Y77.346
G0 X75.146 Y78.037
G0 X72.292 Y77.207
G0 X68.956 Y70.746
G0 X68.453 Y70.242
G1 F1800 X68.315 Y70.288 E0.00242
G1 X65.823 Y69.629 E0.04287
G1 X65.714 Y69.496 E0.00286
G1 X65.07 Y67.084 E0.04152
G1 X65.11 Y66.903 E0.00308
G1 X66.914 Y65.098 E0.04244
G1 X67.04 Y65.064 E0.00217
G1 X69.529 Y65.723 E0.04282
G1 X69.638 Y65.856 E0.00286
G1 X70.288 Y68.315 E0.0423
G1 X70.23 Y68.466 E0.00269
G1 X68.453 Y70.242 E0.04178
G0 F7200 X68.315 Y70.288
G0 X68.262 Y70.274
G0 X68.077 Y70.966
G0 X65.221 Y70.134
G0 X61.883 Y63.677
G0 X61.381 Y63.174
G1 F1800 X61.244 Y63.22 E0.0024
G1 X58.751 Y62.557 E0.0429
G1 X58.642 Y62.424 E0.00286
G1 X57.998 Y60.012 E0.04152
G1 X58.038 Y59.831 E0.00308
G1 X59.842 Y58.026 E0.04244
G1 X59.968 Y57.992 E0.00217
G1 X62.457 Y58.651 E0.04282
G1 X62.566 Y58.784 E0.00286
G1 X63.227 Y61.248 E0.04243
G1 X63.189 Y61.367 E0.00208
G1 X61.381 Y63.174 E0.04251
G0 F7200 X61.244 Y63.22
G0 X61.191 Y63.206
G0 X61.006 Y63.895
G0 X58.15 Y63.063
G0 X54.812 Y56.606
G0 X54.309 Y56.102
G1 F1800 X54.172 Y56.148 E0.0024
G1 X51.679 Y55.489 E0.04288
G1 X51.57 Y55.356 E0.00286
G1 X50.926 Y52.94 E0.04158
G1 X50.966 Y52.759 E0.00308
G1 X52.77 Y50.954 E0.04244
G1 X52.896 Y50.92 E0.00217
G1 X55.389 Y51.579 E0.04288
G1 X55.498 Y51.712 E0.00286
G1 X56.155 Y54.176 E0.04241
G1 X56.117 Y54.295 E0.00208
G1 X54.309 Y56.102 E0.04251
G0 F7200 X54.172 Y56.148
G0 X54.119 Y56.134
G0 X53.934 Y56.824
G0 X51.079 Y55.992
G0 X47.741 Y49.535
G0 X47.237 Y49.03
G1 F1800 X47.1 Y49.076 E0.0024
G1 X44.611 Y48.417 E0.04282
G1 X44.502 Y48.284 E0.00286
G1 X43.854 Y45.868 E0.0416
G1 X43.894 Y45.687 E0.00308
G1 X45.698 Y43.882 E0.04244
G1 X45.824 Y43.848 E0.00217
G1 X48.317 Y44.511 E0.0429
G1 X48.426 Y44.644 E0.00286
G1 X49.083 Y47.104 E0.04234
G1 X49.045 Y47.223 E0.00208
G1 X47.237 Y49.03 E0.04251
G0 F7200 X47.1 Y49.076
G0 X47.047 Y49.062
G0 X46.862 Y49.753
G0 X44.008 Y48.921
G0 X40.672 Y42.461
G0 X40.169 Y41.958
G1 F1800 X40.031 Y42.004 E0.00242
G1 X37.539 Y41.345 E0.04287
G1 X37.43 Y41.212 E0.00286
G1 X36.78 Y38.753 E0.0423
G1 X36.826 Y38.615 E0.00242
G1 X38.627 Y36.813 E0.04237
G1 X38.753 Y36.78 E0.00217
G1 X41.245 Y37.439 E0.04287
G1 X41.354 Y37.572 E0.00286
G1 X42.011 Y40.032 E0.04234
G1 X41.973 Y40.151 E0.00208
G1 X40.169 Y41.958 E0.04246
G0 F7200 X40.031 Y42.004
G0 X39.978 Y41.99
G0 X39.793 Y42.681
G0 X36.936 Y41.85
G0 X33.599 Y35.392
G0 X33.097 Y34.89
G1 F1800 X32.969 Y34.944 E0.00231
G1 X30.466 Y34.273 E0.04309
G1 X30.358 Y34.14 E0.00285
G1 X29.714 Y31.728 E0.04152
G1 X29.754 Y31.547 E0.00308
G1 X31.558 Y29.742 E0.04244
G1 X31.684 Y29.708 E0.00217
G1 X34.173 Y30.367 E0.04282
G1 X34.282 Y30.5 E0.00286
G1 X34.943 Y32.964 E0.04243
G1 X34.905 Y33.083 E0.00208
G1 X33.097 Y34.89 E0.04251
G0 F7200 X32.969 Y34.944
G0 X32.911 Y34.929
G0 X32.728 Y35.613
G0 X29.866 Y34.779
G0 X26.528 Y28.321
G0 X26.025 Y27.818
G1 F1800 X25.888 Y27.864 E0.0024
G1 X23.395 Y27.205 E0.04288
G1 X23.286 Y27.072 E0.00286
G1 X22.642 Y24.656 E0.04158
G1 X22.682 Y24.475 E0.00308
G1 X24.486 Y22.67 E0.04244
G1 X24.612 Y22.636 E0.00217
G1 X27.105 Y23.295 E0.04288
G1 X27.214 Y23.428 E0.00286
G1 X27.871 Y25.892 E0.04241
G1 X27.833 Y26.011 E0.00208
G1 X26.025 Y27.818 E0.04251
G0 F7200 X25.888 Y27.864
G0 X25.835 Y27.85
G0 X25.65 Y28.54
G0 X22.793 Y27.708
G0 X19.457 Y21.25
G0 X18.953 Y20.746
G1 F1800 X18.816 Y20.792 E0.0024
G1 X16.323 Y20.133 E0.04288
G1 X16.214 Y20 E0.00286
G1 X15.57 Y17.584 E0.04158
G1 X15.61 Y17.403 E0.00308
G1 X17.414 Y15.598 E0.04244
G1 X17.54 Y15.564 E0.00217
G1 X20.033 Y16.227 E0.0429
G1 X20.142 Y16.36 E0.00286
G1 X20.799 Y18.82 E0.04234
G1 X20.761 Y18.939 E0.00208
G1 X18.953 Y20.746 E0.04251
G0 F7200 X18.816 Y20.792
G0 X18.763 Y20.778
G0 X18.578 Y21.469
G0 X15.723 Y20.637
G0 X12.386 Y14.179
G0 X11.881 Y13.674
G1 F1800 X11.744 Y13.72 E0.0024
G1 X9.255 Y13.061 E0.04282
G1 X9.146 Y12.928 E0.00286
G1 X8.498 Y10.512 E0.0416
G1 X8.528 Y10.345 E0.00282
G1 X10.318 Y8.55 E0.04216
G1 X10.444 Y8.48 E0.0024
G1 X12.962 Y9.155 E0.04335
G1 X13.07 Y9.288 E0.00285
G1 X13.727 Y11.748 E0.04234
G1 X13.689 Y11.867 E0.00208
G1 X11.881 Y13.674 E0.04251
G0 F7200 X11.744 Y13.72
G0 X11.691 Y13.706
G0 X11.506 Y14.397
G0 X15.723 Y20.637
G0 X86.416 Y97.045
;TYPE:SKIN
G1 F1800 X2.951 Y13.584 E1.96292
G1 X13.584 Y2.951 E0.25007
G1 X97.049 Y86.416 E1.96297
G1 X86.416 Y97.045 E0.25002
G0 F7200 X92.506 Y90.307
G1 F1437.1 X92.456 Y90.376 E0.00177
G1 F1478.4 X90.493 Y92.34 E0.05622
G1 F1398.1 X90.308 Y92.484 E0.00502
G0 F7200 X89.807 Y92.238
G1 F1800 X90.23 Y91.99 E0.00815
G1 X92.07 Y90.154 E0.04323
G1 X92.247 Y89.79 E0.00673
G1 X92.25 Y89.276 E0.00855
G1 X91.574 Y86.736 E0.04371
G1 X91.354 Y86.426 E0.00632
G1 X91.077 Y86.212 E0.00582
G1 X88.334 Y85.488 E0.04718
G1 X87.958 Y85.537 E0.00631
G1 X87.569 Y85.765 E0.0075
G1 X85.722 Y87.611 E0.04343
G1 X85.536 Y87.962 E0.00661
G1 X85.494 Y88.38 E0.00699
G1 X86.202 Y91.04 E0.04578
G1 X86.426 Y91.354 E0.00641
G1 X86.736 Y91.574 E0.00632
G1 X89.276 Y92.25 E0.04371
G1 X89.807 Y92.238 E0.00883
G0 F7200 X89.805 Y92.305
G0 X86.434 Y91.348
G0 X82.734 Y85.234
G0 X82.742 Y85.172
G1 F1800 X83.093 Y84.982 E0.00664
G1 X84.943 Y83.139 E0.04343
G1 X85.167 Y82.746 E0.00752
G1 X85.222 Y82.355 E0.00657
G1 X84.502 Y79.664 E0.04633
G1 X84.282 Y79.354 E0.00632
G1 X84.005 Y79.14 E0.00582
G1 X81.262 Y78.416 E0.04718
G1 X80.886 Y78.465 E0.00631
G1 X80.497 Y78.693 E0.0075
G1 X78.65 Y80.539 E0.04343
G1 X78.464 Y80.89 E0.00661
G1 X78.422 Y81.308 E0.00699
G1 X79.13 Y83.968 E0.04578
G1 X79.354 Y84.282 E0.00641
G1 X79.664 Y84.502 E0.00632
G1 X82.328 Y85.214 E0.04586
G1 X82.742 Y85.172 E0.00692
G0 F7200 X82.734 Y85.234
G0 X79.363 Y84.277
G0 X75.664 Y78.162
G0 X75.67 Y78.1
G1 F1800 X76.021 Y77.91 E0.00664
G1 X77.871 Y76.067 E0.04343
G1 X78.095 Y75.674 E0.00752
G1 X78.15 Y75.282 E0.00658
G1 X77.426 Y72.595 E0.04628
G1 X77.206 Y72.286 E0.00631
G1 X76.938 Y72.076 E0.00566
G1 X74.202 Y71.342 E0.04711
G1 X73.849 Y71.385 E0.00591
G1 X73.421 Y71.621 E0.00813
G1 X71.582 Y73.467 E0.04333
G1 X71.388 Y73.819 E0.00668
G1 X71.342 Y74.202 E0.00642
G1 X72.066 Y76.9 E0.04646
G1 X72.286 Y77.21 E0.00632
G1 X72.596 Y77.426 E0.00628
G1 X75.255 Y78.142 E0.04579
G1 X75.67 Y78.1 E0.00694
G0 F7200 X75.664 Y78.162
G0 X72.292 Y77.207
G0 X68.592 Y71.091
G0 X68.601 Y71.028
G1 F1800 X68.953 Y70.842 E0.00662
G1 X70.799 Y68.999 E0.04338
G1 X71.023 Y68.605 E0.00754
G1 X71.072 Y68.234 E0.00622
G1 X70.354 Y65.524 E0.04662
G1 X70.134 Y65.21 E0.00638
G1 X69.828 Y64.994 E0.00623
G1 X67.138 Y64.274 E0.04631
G1 X66.707 Y64.342 E0.00726
G1 X66.357 Y64.553 E0.0068
G1 X64.51 Y66.399 E0.04343
G1 X64.324 Y66.75 E0.00661
G1 X64.282 Y67.168 E0.00699
G1 X64.994 Y69.828 E0.04579
G1 X65.214 Y70.138 E0.00632
G1 X65.487 Y70.348 E0.00573
G1 X68.234 Y71.072 E0.04724
G1 X68.601 Y71.028 E0.00615
G0 F7200 X68.592 Y71.091
G0 X65.221 Y70.134
G0 X61.521 Y64.02
G0 X61.53 Y63.96
G1 F1800 X61.881 Y63.77 E0.00664
G1 X63.731 Y61.927 E0.04343
G1 X63.955 Y61.533 E0.00754
G1 X64.006 Y61.146 E0.00649
G1 X63.282 Y58.448 E0.04646
G1 X63.066 Y58.138 E0.00628
G1 X62.756 Y57.922 E0.00628
G1 X60.05 Y57.204 E0.04656
G1 X59.674 Y57.253 E0.00631
G1 X59.285 Y57.481 E0.0075
G1 X57.438 Y59.327 E0.04343
G1 X57.252 Y59.678 E0.00661
G1 X57.21 Y60.096 E0.00699
G1 X57.922 Y62.756 E0.04579
G1 X58.142 Y63.066 E0.00632
G1 X58.448 Y63.282 E0.00623
G1 X61.146 Y64.006 E0.04646
G1 X61.53 Y63.96 E0.00643
G0 F7200 X61.521 Y64.02
G0 X58.15 Y63.063
G0 X54.45 Y56.949
G0 X54.458 Y56.888
G1 F1800 X54.809 Y56.698 E0.00664
G1 X56.659 Y54.855 E0.04343
G1 X56.883 Y54.462 E0.00752
G1 X56.938 Y54.071 E0.00657
G1 X56.218 Y51.38 E0.04633
G1 X55.998 Y51.07 E0.00632
G1 X55.721 Y50.856 E0.00582
G1 X52.978 Y50.132 E0.04718
G1 X52.602 Y50.181 E0.00631
G1 X52.213 Y50.409 E0.0075
G1 X50.366 Y52.255 E0.04343
G1 X50.18 Y52.606 E0.00661
G1 X50.138 Y53.024 E0.00699
G1 X50.846 Y55.684 E0.04578
G1 X51.09 Y56.016 E0.00685
G1 X51.38 Y56.218 E0.00588
G1 X54.044 Y56.93 E0.04586
G1 X54.458 Y56.888 E0.00692
G0 F7200 X54.45 Y56.949
G0 X51.079 Y55.992
G0 X47.379 Y49.878
G0 X47.386 Y49.816
G1 F1800 X47.737 Y49.626 E0.00664
G1 X49.587 Y47.783 E0.04343
G1 X49.811 Y47.39 E0.00752
G1 X49.866 Y46.998 E0.00658
G1 X49.142 Y44.311 E0.04628
G1 X48.922 Y44.002 E0.00631
G1 X48.654 Y43.792 E0.00566
G1 X45.918 Y43.058 E0.04711
G1 X45.528 Y43.11 E0.00654
G1 X45.122 Y43.354 E0.00788
G1 X43.298 Y45.183 E0.04296
G1 X43.104 Y45.535 E0.00668
G1 X43.058 Y45.918 E0.00642
G1 X43.782 Y48.616 E0.04646
G1 X44.002 Y48.926 E0.00632
G1 X44.312 Y49.142 E0.00628
G1 X46.972 Y49.858 E0.04581
G1 X47.386 Y49.816 E0.00692
G0 F7200 X47.379 Y49.878
G0 X44.008 Y48.921
G0 X40.308 Y42.806
G0 X40.317 Y42.744
G1 F1800 X40.669 Y42.558 E0.00662
G1 X42.51 Y40.711 E0.04337
G1 X42.739 Y40.323 E0.00749
G1 X42.786 Y39.895 E0.00716
G1 X42.07 Y37.239 E0.04575
G1 X41.854 Y36.926 E0.00632
G1 X41.54 Y36.71 E0.00634
G1 X38.834 Y35.992 E0.04656
G1 X38.458 Y36.041 E0.00631
G1 X38.069 Y36.269 E0.0075
G1 X36.226 Y38.111 E0.04333
G1 X36.036 Y38.463 E0.00665
G1 X35.998 Y38.876 E0.0069
G1 X36.71 Y41.54 E0.04586
G1 X36.93 Y41.854 E0.00638
G1 X37.203 Y42.064 E0.00573
G1 X39.95 Y42.788 E0.04724
G1 X40.317 Y42.744 E0.00615
G0 F7200 X40.308 Y42.806
G0 X36.936 Y41.85
G0 X33.236 Y35.736
G0 X33.246 Y35.676
G1 F1800 X33.597 Y35.486 E0.00664
G1 X35.443 Y33.643 E0.04338
G1 X35.671 Y33.25 E0.00756
G1 X35.722 Y32.862 E0.00651
G1 X34.998 Y30.164 E0.04646
G1 X34.782 Y29.854 E0.00628
G1 X34.472 Y29.638 E0.00628
G1 X31.766 Y28.92 E0.04656
G1 X31.39 Y28.969 E0.00631
G1 X31.001 Y29.197 E0.0075
G1 X29.154 Y31.043 E0.04343
G1 X28.968 Y31.394 E0.00661
G1 X28.926 Y31.812 E0.00699
G1 X29.638 Y34.472 E0.04579
G1 X29.858 Y34.782 E0.00632
G1 X30.164 Y34.998 E0.00623
G1 X32.862 Y35.722 E0.04646
G1 X33.246 Y35.676 E0.00643
G0 F7200 X33.236 Y35.736
G0 X29.866 Y34.779
G0 X26.165 Y28.665
G0 X26.174 Y28.604
G1 F1800 X26.525 Y28.414 E0.00664
G1 X28.375 Y26.571 E0.04343
G1 X28.599 Y26.178 E0.00752
G1 X28.654 Y25.787 E0.00657
G1 X27.934 Y23.096 E0.04633
G1 X27.714 Y22.786 E0.00632
G1 X27.437 Y22.572 E0.00582
G1 X24.694 Y21.848 E0.04718
G1 X24.318 Y21.897 E0.00631
G1 X23.929 Y22.125 E0.0075
G1 X22.082 Y23.971 E0.04343
G1 X21.896 Y24.322 E0.00661
G1 X21.854 Y24.74 E0.00699
G1 X22.562 Y27.4 E0.04578
G1 X22.786 Y27.714 E0.00641
G1 X23.059 Y27.924 E0.00573
G1 X25.76 Y28.646 E0.04649
G1 X26.174 Y28.604 E0.00692
G0 F7200 X26.165 Y28.665
G0 X22.793 Y27.708
G0 X19.094 Y21.594
G0 X19.102 Y21.532
G1 F1800 X19.453 Y21.342 E0.00664
G1 X21.303 Y19.499 E0.04343
G1 X21.527 Y19.106 E0.00752
G1 X21.582 Y18.714 E0.00658
G1 X20.858 Y16.027 E0.04628
G1 X20.638 Y15.718 E0.00631
G1 X20.37 Y15.508 E0.00566
G1 X17.634 Y14.774 E0.04711
G1 X17.207 Y14.842 E0.00719
G1 X16.857 Y15.053 E0.0068
G1 X15.01 Y16.899 E0.04343
G1 X14.824 Y17.25 E0.00661
G1 X14.782 Y17.668 E0.00699
G1 X15.49 Y20.328 E0.04578
G1 X15.714 Y20.642 E0.00641
G1 X15.987 Y20.852 E0.00573
G1 X18.688 Y21.574 E0.04649
G1 X19.102 Y21.532 E0.00692
G0 F7200 X19.094 Y21.594
G0 X15.723 Y20.637
G0 X13.404 Y13.076
G0 X14.465 Y12.008
G0 X13.566 Y8.652
G0 X9.685 Y7.508
G1 F1440 X9.455 Y7.691 E0.00611
G1 F1525.4 X7.54 Y9.611 E0.05321
G1 F1457.5 X7.476 Y9.701 E0.00227
G0 F7200 X8.652 Y13.566
G0 X12.023 Y14.523
G0 X12.03 Y14.46
G1 F1800 X12.381 Y14.27 E0.00664
G1 X14.231 Y12.427 E0.04343
G1 X14.455 Y12.033 E0.00754
G1 X14.504 Y11.662 E0.00622
G1 X13.79 Y8.952 E0.04661
G1 X13.57 Y8.646 E0.00627
G1 X13.26 Y8.426 E0.00632
G1 X10.717 Y7.742 E0.04379
G1 X10.188 Y7.756 E0.0088
G1 X9.762 Y7.998 E0.00815
G1 X7.922 Y9.838 E0.04327
G1 X7.745 Y10.202 E0.00673
G1 X7.742 Y10.717 E0.00856
G1 X8.426 Y13.26 E0.04379
G1 X8.646 Y13.57 E0.00632
G1 X8.956 Y13.786 E0.00628
G1 X11.616 Y14.502 E0.04581
G1 X12.03 Y14.46 E0.00692
G0 F7200 X12.023 Y14.523
G0 X15.723 Y20.637
G0 X86.498 Y96.68
G1 F1800 X3.318 Y13.5 E1.95627
G0 F7200 X3.601 Y13.217
G1 F1800 X86.78 Y96.397 E1.95625
G0 F7200 X87.063 Y96.114
G1 F1800 X3.883 Y12.934 E1.95627
G0 F7200 X4.166 Y12.652
G1 F1800 X87.346 Y95.831 E1.95625
G0 F7200 X87.629 Y95.549
G1 F1800 X4.449 Y12.369 E1.95627
G0 F7200 X4.732 Y12.086
G1 F1800 X87.912 Y95.266 E1.95627
G0 F7200 X88.195 Y94.983
G1 F1800 X5.015 Y11.803 E1.95627
G0 F7200 X5.298 Y11.52
G1 F1800 X88.478 Y94.701 E1.95628
G0 F7200 X88.761 Y94.418
G1 F1800 X5.58 Y11.237 E1.95629
G0 F7200 X5.863 Y10.954
G1 F1800 X8.258 Y13.349 E0.05633
G1 X8.328 Y13.419
G0 F7200 X8.029 Y12.555
G1 F1800 X6.146 Y10.672 E0.04429
G0 F7200 X6.429 Y10.389
G1 F1800 X7.821 Y11.781 E0.03274
G1 X7.891 Y11.851
G0 F7200 X7.613 Y11.007
G1 F1800 X6.712 Y10.106 E0.02119
G0 F7200 X6.995 Y9.823
G1 F1800 X7.531 Y10.36 E0.01262
G0 F7200 X8.54 Y13.245
G0 X8.857 Y13.948
G1 F1800 X15.315 Y20.406 E0.15188
G1 X15.385 Y20.476
G0 F7200 X15.095 Y19.621
G1 F1800 X9.657 Y14.182 E0.12791
G1 X9.587 Y14.112
G0 F7200 X10.431 Y14.39
G1 F1800 X14.89 Y18.85 E0.10488
G0 F7200 X14.684 Y18.079
G1 F1800 X11.205 Y14.599 E0.08183
G0 F7200 X11.847 Y14.675
G1 F1800 X14.602 Y17.43 E0.06479
G0 F7200 X14.736 Y16.999
G1 F1800 X12.287 Y14.55 E0.0576
G0 F7200 X12.619 Y14.316
G1 F1800 X14.965 Y16.662 E0.05517
G0 F7200 X15.248 Y16.379
G1 F1800 X12.902 Y14.033 E0.05517
G0 F7200 X13.185 Y13.751
G1 F1800 X15.531 Y16.097 E0.05517
G0 F7200 X15.814 Y15.814
G1 F1800 X13.469 Y13.469 E0.05515
G0 F7200 X13.752 Y13.186
G1 F1800 X16.097 Y15.531 E0.05515
G0 F7200 X16.379 Y15.248
G1 F1800 X14.035 Y12.904 E0.05513
G0 F7200 X14.318 Y12.621
G1 F1800 X16.662 Y14.965 E0.05513
G0 F7200 X17.002 Y14.74
G1 F1800 X14.542 Y12.279 E0.05787
G0 F7200 X14.678 Y11.85
G1 F1800 X17.429 Y14.601 E0.0647
G0 F7200 X18.081 Y14.687
G1 F1800 X14.594 Y11.2 E0.08201
G0 F7200 X14.389 Y10.429
G1 F1800 X18.854 Y14.894 E0.10501
G1 X18.924 Y14.964
G0 F7200 X19.627 Y15.102
G1 F1800 X14.185 Y9.659 E0.128
G1 X14.115 Y9.589
G0 F7200 X13.964 Y8.873
G1 F1800 X20.425 Y15.334 E0.15195
G1 X20.495 Y15.404
G0 F7200 X21.017 Y15.925
G1 F1800 X27.478 Y22.387 E0.15196
G1 X27.548 Y22.457
G0 F7200 X26.692 Y22.166
G1 F1800 X21.254 Y16.728 E0.12789
G1 X21.184 Y16.658
G0 F7200 X21.462 Y17.502
G1 F1800 X25.922 Y21.962 E0.10489
G0 F7200 X25.151 Y21.757
G1 F1800 X21.671 Y18.277 E0.08184
G0 F7200 X21.751 Y18.923
G1 F1800 X24.502 Y21.674 E0.0647
G0 F7200 X24.074 Y21.811
G1 F1800 X21.613 Y19.351 E0.05787
G0 F7200 X21.39 Y19.693
G1 F1800 X23.734 Y22.037 E0.05513
G0 F7200 X23.451 Y22.32
G1 F1800 X21.107 Y19.976 E0.05513
G0 F7200 X20.824 Y20.258
G1 F1800 X23.168 Y22.603 E0.05514
G0 F7200 X22.886 Y22.886
G1 F1800 X20.541 Y20.541 E0.05515
G0 F7200 X20.257 Y20.823
G1 F1800 X22.603 Y23.168 E0.05516
G0 F7200 X22.32 Y23.451
G1 F1800 X19.974 Y21.105 E0.05517
G0 F7200 X19.691 Y21.388
G1 F1800 X22.037 Y23.734 E0.05517
G0 F7200 X21.808 Y24.071
G1 F1800 X19.359 Y21.622 E0.0576
G0 F7200 X18.919 Y21.747
G1 F1800 X21.674 Y24.502 E0.06479
G0 F7200 X21.756 Y25.15
G1 F1800 X18.277 Y21.671 E0.08182
G0 F7200 X17.506 Y21.466
G1 F1800 X21.962 Y25.922 E0.1048
G0 F7200 X22.167 Y26.693
G1 F1800 X16.734 Y21.259 E0.12779
G1 X16.664 Y21.189
G0 F7200 X15.947 Y21.039
G1 F1800 X22.387 Y27.478 E0.15145
G1 X22.457 Y27.548
G0 F7200 X23.019 Y28.11
G1 F1800 X29.472 Y34.563 E0.15176
G1 X29.542 Y34.633
G0 F7200 X29.242 Y33.768
G1 F1800 X23.805 Y28.331 E0.12787
G0 F7200 X24.578 Y28.537
G1 F1800 X29.036 Y32.996 E0.10486
G0 F7200 X28.829 Y32.224
G1 F1800 X25.349 Y28.743 E0.08186
G0 F7200 X25.99 Y28.819
G1 F1800 X28.745 Y31.574 E0.06479
G0 F7200 X28.88 Y31.142
G1 F1800 X26.431 Y28.694 E0.05758
G0 F7200 X26.763 Y28.46
G1 F1800 X29.109 Y30.806 E0.05517
G0 F7200 X29.392 Y30.523
G1 F1800 X27.045 Y28.177 E0.05519
G0 F7200 X27.329 Y27.895
G1 F1800 X29.674 Y30.24 E0.05515
G0 F7200 X29.958 Y29.958
G1 F1800 X27.613 Y27.613 E0.05515
G0 F7200 X27.895 Y27.33
G1 F1800 X30.241 Y29.675 E0.05516
G0 F7200 X30.524 Y29.392
G1 F1800 X28.179 Y27.048 E0.05514
G0 F7200 X28.462 Y26.765
G1 F1800 X30.807 Y29.109 E0.05514
G0 F7200 X31.147 Y28.884
G1 F1800 X28.685 Y26.422 E0.0579
G0 F7200 X28.823 Y25.995
G1 F1800 X31.574 Y28.746 E0.0647
G0 F7200 X32.224 Y28.829
G1 F1800 X28.745 Y25.35 E0.08182
G0 F7200 X28.538 Y24.578
G1 F1800 X32.996 Y29.036 E0.10485
G1 X33.066 Y29.106
G0 F7200 X33.769 Y29.243
G1 F1800 X28.332 Y23.806 E0.12787
G1 X28.262 Y23.736
G0 F7200 X28.11 Y23.018
G1 F1800 X34.541 Y29.45 E0.15126
G1 X34.611 Y29.52
G0 F7200 X35.167 Y30.076
G1 F1800 X41.639 Y36.548 E0.15221
G1 X41.709 Y36.618
G0 F7200 X40.84 Y36.315
G1 F1800 X35.393 Y30.867 E0.12812
G1 X35.323 Y30.797
G0 F7200 X35.601 Y31.641
G1 F1800 X40.068 Y36.108 E0.10506
G1 X40.138 Y36.178
G0 F7200 X39.295 Y35.901
G1 F1800 X35.809 Y32.414 E0.082
G0 F7200 X35.893 Y33.065
G1 F1800 X38.646 Y35.817 E0.06473
G0 F7200 X38.217 Y35.954
G1 F1800 X35.756 Y33.494 E0.05787
G0 F7200 X35.532 Y33.835
G1 F1800 X37.878 Y36.181 E0.05517
G0 F7200 X37.595 Y36.463
G1 F1800 X35.249 Y34.118 E0.05516
G0 F7200 X34.966 Y34.401
G1 F1800 X37.312 Y36.746 E0.05516
G0 F7200 X37.029 Y37.029
G1 F1800 X34.684 Y34.684 E0.05515
G0 F7200 X34.4 Y34.966
G1 F1800 X36.747 Y37.313 E0.0552
G0 F7200 X36.464 Y37.595
G1 F1800 X34.117 Y35.249 E0.05519
G0 F7200 X33.834 Y35.531
G1 F1800 X36.181 Y37.878 E0.0552
G0 F7200 X35.948 Y38.211
G1 F1800 X33.499 Y35.762 E0.0576
G0 F7200 X33.069 Y35.897
G1 F1800 X35.816 Y38.644 E0.06461
G0 F7200 X35.903 Y39.297
G1 F1800 X32.415 Y35.809 E0.08203
G1 X32.345 Y35.739
G0 F7200 X31.642 Y35.601
G1 F1800 X36.11 Y40.07 E0.10509
G0 F7200 X36.316 Y40.842
G1 F1800 X30.869 Y35.394 E0.12812
G1 X30.799 Y35.324
G0 F7200 X30.073 Y35.164
G1 F1800 X36.549 Y41.64 E0.15231
G1 X36.619 Y41.71
G0 F7200 X37.15 Y42.241
G1 F1800 X43.617 Y48.708 E0.15209
G1 X43.687 Y48.778
G0 F7200 X43.386 Y47.911
G1 F1800 X37.942 Y42.467 E0.12803
G0 F7200 X38.713 Y42.672
G1 F1800 X43.178 Y47.138 E0.10502
G1 X43.248 Y47.208
G0 F7200 X42.971 Y46.365
G1 F1800 X39.483 Y42.877 E0.08203
G0 F7200 X40.137 Y42.965
G1 F1800 X42.884 Y45.712 E0.06461
G0 F7200 X43.019 Y45.282
G1 F1800 X40.57 Y42.832 E0.05761
G0 F7200 X40.905 Y42.602
G1 F1800 X43.253 Y44.95 E0.05522
G0 F7200 X43.535 Y44.667
G1 F1800 X41.188 Y42.32 E0.0552
G0 F7200 X41.471 Y42.037
G1 F1800 X43.817 Y44.383 E0.05517
G0 F7200 X44.099 Y44.099
G1 F1800 X41.753 Y41.753 E0.05517
G0 F7200 X42.036 Y41.47
G1 F1800 X44.382 Y43.816 E0.05517
G0 F7200 X44.664 Y43.532
G1 F1800 X42.319 Y41.188 E0.05514
G0 F7200 X42.602 Y40.905
G1 F1800 X44.946 Y43.249 E0.05513
G0 F7200 X45.285 Y43.022
G1 F1800 X42.827 Y40.565 E0.0578
G0 F7200 X42.964 Y40.135
G1 F1800 X45.714 Y42.885 E0.06468
G0 F7200 X46.364 Y42.97
G1 F1800 X42.882 Y39.488 E0.08189
G1 X42.812 Y39.418
G0 F7200 X42.674 Y38.714
G1 F1800 X47.138 Y43.178 E0.10499
G1 X47.208 Y43.248
G0 F7200 X47.911 Y43.386
G1 F1800 X42.465 Y37.94 E0.12808
G1 X42.395 Y37.87
G0 F7200 X42.231 Y37.14
G1 F1800 X48.709 Y43.618 E0.15235
G1 X48.779 Y43.688
G0 F7200 X49.301 Y44.21
G1 F1800 X55.762 Y50.671 E0.15195
G1 X55.832 Y50.741
G0 F7200 X54.978 Y50.452
G1 F1800 X49.538 Y45.012 E0.12794
G1 X49.468 Y44.942
G0 F7200 X49.746 Y45.787
G1 F1800 X54.206 Y50.246 E0.10488
G0 F7200 X53.435 Y50.041
G1 F1800 X49.955 Y46.561 E0.08184
G0 F7200 X50.036 Y47.207
G1 F1800 X52.786 Y49.958 E0.06469
G0 F7200 X52.358 Y50.096
G1 F1800 X49.898 Y47.635 E0.05787
G0 F7200 X49.674 Y47.977
G1 F1800 X52.018 Y50.321 E0.05513
G0 F7200 X51.735 Y50.604
G1 F1800 X49.391 Y48.26 E0.05513
G0 F7200 X49.108 Y48.542
G1 F1800 X51.453 Y50.887 E0.05515
G0 F7200 X51.17 Y51.17
G1 F1800 X48.824 Y48.824 E0.05517
G0 F7200 X48.541 Y49.106
G1 F1800 X50.887 Y51.453 E0.05519
G0 F7200 X50.604 Y51.735
G1 F1800 X48.258 Y49.389 E0.05517
G0 F7200 X47.974 Y49.671
G1 F1800 X50.321 Y52.018 E0.0552
G0 F7200 X50.092 Y52.355
G1 F1800 X47.643 Y49.906 E0.0576
G0 F7200 X47.203 Y50.031
G1 F1800 X49.958 Y52.786 E0.06479
G0 F7200 X50.041 Y53.435
G1 F1800 X46.561 Y49.955 E0.08184
G1 X46.491 Y49.885
G0 F7200 X45.787 Y49.746
G1 F1800 X50.246 Y54.206 E0.10488
G0 F7200 X50.451 Y54.977
G1 F1800 X45.013 Y49.538 E0.12791
G1 X44.943 Y49.468
G0 F7200 X44.213 Y49.304
G1 F1800 X50.67 Y55.761 E0.15186
G1 X50.74 Y55.831
G0 F7200 X51.318 Y56.409
G1 F1800 X57.755 Y62.846 E0.15139
G1 X57.825 Y62.916
G0 F7200 X57.526 Y62.051
G1 F1800 X52.09 Y56.615 E0.12785
G0 F7200 X52.862 Y56.822
G1 F1800 X57.32 Y61.28 E0.10485
G0 F7200 X57.114 Y60.508
G1 F1800 X53.634 Y57.028 E0.08184
G0 F7200 X54.275 Y57.103
G1 F1800 X57.03 Y59.858 E0.06479
G0 F7200 X57.164 Y59.427
G1 F1800 X54.715 Y56.978 E0.0576
G0 F7200 X55.047 Y56.744
G1 F1800 X57.393 Y59.09 E0.05517
G0 F7200 X57.676 Y58.807
G1 F1800 X55.33 Y56.461 E0.05517
G0 F7200 X55.613 Y56.179
G1 F1800 X57.959 Y58.524 E0.05516
G0 F7200 X58.242 Y58.242
G1 F1800 X55.897 Y55.897 E0.05515
G0 F7200 X56.18 Y55.614
G1 F1800 X58.524 Y57.959 E0.05514
G0 F7200 X58.807 Y57.676
G1 F1800 X56.463 Y55.332 E0.05513
G0 F7200 X56.746 Y55.049
G1 F1800 X59.09 Y57.393 E0.05513
G0 F7200 X59.43 Y57.167
G1 F1800 X56.969 Y54.707 E0.05787
G0 F7200 X57.107 Y54.279
G1 F1800 X59.859 Y57.03 E0.06471
G0 F7200 X60.508 Y57.114
G1 F1800 X57.028 Y53.634 E0.08184
G0 F7200 X56.822 Y52.862
G1 F1800 X61.28 Y57.32 E0.10485
G1 X61.35 Y57.39
G0 F7200 X62.053 Y57.527
G1 F1800 X56.615 Y52.09 E0.12788
G1 X56.545 Y52.02
G0 F7200 X56.394 Y51.303
G1 F1800 X62.846 Y57.754 E0.15173
G1 X62.916 Y57.824
G0 F7200 X63.449 Y58.358
G1 F1800 X69.919 Y64.828 E0.15216
G1 X69.989 Y64.898
G0 F7200 X69.124 Y64.598
G1 F1800 X63.678 Y59.152 E0.12808
G1 X63.608 Y59.082
G0 F7200 X63.885 Y59.925
G1 F1800 X68.351 Y64.391 E0.10503
G0 F7200 X67.579 Y64.185
G1 F1800 X64.093 Y60.699 E0.08199
G0 F7200 X64.178 Y61.35
G1 F1800 X66.93 Y64.101 E0.06471
G0 F7200 X66.503 Y64.24
G1 F1800 X64.041 Y61.779 E0.05789
G0 F7200 X63.818 Y62.121
G1 F1800 X66.163 Y64.466 E0.05515
G0 F7200 X65.88 Y64.748
G1 F1800 X63.535 Y62.404 E0.05514
G0 F7200 X63.251 Y62.686
G1 F1800 X65.597 Y65.031 E0.05516
G0 F7200 X65.314 Y65.314
G1 F1800 X62.969 Y62.969 E0.05515
G0 F7200 X62.685 Y63.251
G1 F1800 X65.03 Y65.596 E0.05515
G0 F7200 X64.748 Y65.879
G1 F1800 X62.401 Y63.533 E0.05519
G0 F7200 X62.119 Y63.816
G1 F1800 X64.465 Y66.162 E0.05517
G0 F7200 X64.236 Y66.498
G1 F1800 X61.787 Y64.05 E0.05758
G0 F7200 X61.344 Y64.172
G1 F1800 X64.101 Y66.93 E0.06485
G0 F7200 X64.185 Y67.58
G1 F1800 X60.699 Y64.093 E0.082
G1 X60.629 Y64.023
G0 F7200 X59.925 Y63.885
G1 F1800 X64.392 Y68.352 E0.10506
G1 X64.462 Y68.422
G0 F7200 X64.599 Y69.125
G1 F1800 X59.152 Y63.678 E0.12811
G1 X59.082 Y63.608
G0 F7200 X58.358 Y63.449
G1 F1800 X64.829 Y69.92 E0.15219
G1 X64.899 Y69.99
G0 F7200 X65.433 Y70.524
G1 F1800 X71.9 Y76.991 E0.15209
G1 X71.97 Y77.061
G0 F7200 X71.669 Y76.194
G1 F1800 X66.225 Y70.751 E0.12802
G0 F7200 X66.996 Y70.956
G1 F1800 X71.462 Y75.421 E0.10502
G0 F7200 X71.254 Y74.649
G1 F1800 X67.766 Y71.16 E0.08204
G0 F7200 X68.421 Y71.249
G1 F1800 X71.167 Y73.996 E0.06459
G0 F7200 X71.303 Y73.565
G1 F1800 X68.854 Y71.117 E0.05758
G0 F7200 X69.19 Y70.887
G1 F1800 X71.537 Y73.234 E0.0552
G0 F7200 X71.819 Y72.95
G1 F1800 X69.474 Y70.605 E0.05515
G0 F7200 X69.757 Y70.322
G1 F1800 X72.101 Y72.667 E0.05514
G0 F7200 X72.382 Y72.382
G1 F1800 X70.04 Y70.04 E0.05508
G0 F7200 X70.324 Y69.758
G1 F1800 X72.664 Y72.099 E0.05504
G0 F7200 X72.946 Y71.814
G1 F1800 X70.607 Y69.476 E0.055
G0 F7200 X70.89 Y69.193
G1 F1800 X73.228 Y71.531 E0.05499
G0 F7200 X73.567 Y71.304
G1 F1800 X71.108 Y68.845 E0.05783
G0 F7200 X71.246 Y68.418
G1 F1800 X74.006 Y71.177 E0.0649
G0 F7200 X74.649 Y71.254
G1 F1800 X71.16 Y67.766 E0.08204
G0 F7200 X70.954 Y66.994
G1 F1800 X75.422 Y71.462 E0.10508
G1 X75.492 Y71.532
G0 F7200 X76.195 Y71.67
G1 F1800 X70.747 Y66.222 E0.12813
G1 X70.677 Y66.152
G0 F7200 X70.514 Y65.423
G1 F1800 X76.993 Y71.901 E0.15236
G1 X77.063 Y71.971
G0 F7200 X77.585 Y72.494
G1 F1800 X84.047 Y78.956 E0.15198
G1 X84.117 Y79.026
G0 F7200 X83.261 Y78.736
G1 F1800 X77.821 Y73.296 E0.12794
G1 X77.751 Y73.226
G0 F7200 X78.03 Y74.07
G1 F1800 X82.49 Y78.531 E0.1049
G0 F7200 X81.72 Y78.326
G1 F1800 X78.239 Y74.844 E0.08188
G0 F7200 X78.319 Y75.491
G1 F1800 X81.07 Y78.241 E0.06469
G0 F7200 X80.643 Y78.38
G1 F1800 X78.181 Y75.919 E0.05789
G0 F7200 X77.958 Y76.261
G1 F1800 X80.303 Y78.606 E0.05515
G0 F7200 X80.02 Y78.888
G1 F1800 X77.675 Y76.544 E0.05514
G0 F7200 X77.391 Y76.826
G1 F1800 X79.737 Y79.171 E0.05516
G0 F7200 X79.454 Y79.454
G1 F1800 X77.109 Y77.109 E0.05515
G0 F7200 X76.825 Y77.391
G1 F1800 X79.171 Y79.736 E0.05516
G0 F7200 X78.888 Y80.019
G1 F1800 X76.541 Y77.673 E0.05519
G0 F7200 X76.259 Y77.956
G1 F1800 X78.605 Y80.302 E0.05517
G0 F7200 X78.376 Y80.638
G1 F1800 X75.927 Y78.19 E0.05758
G0 F7200 X75.487 Y78.316
G1 F1800 X78.241 Y81.07 E0.06477
G0 F7200 X78.324 Y81.718
G1 F1800 X74.845 Y78.239 E0.08182
G1 X74.775 Y78.169
G0 F7200 X74.071 Y78.031
G1 F1800 X78.53 Y82.49 E0.10487
G0 F7200 X78.735 Y83.26
G1 F1800 X73.297 Y77.822 E0.12789
G1 X73.227 Y77.752
G0 F7200 X72.497 Y77.588
G1 F1800 X78.956 Y84.047 E0.15191
G1 X79.026 Y84.117
G0 F7200 X79.588 Y84.679
G1 F1800 X86.027 Y91.118 E0.15144
G1 X86.097 Y91.188
G0 F7200 X85.807 Y90.333
G1 F1800 X80.373 Y84.899 E0.1278
G0 F7200 X81.145 Y85.105
G1 F1800 X85.602 Y89.562 E0.10482
G0 F7200 X85.397 Y88.791
G1 F1800 X81.918 Y85.312 E0.08182
G0 F7200 X82.559 Y85.387
G1 F1800 X85.314 Y88.142 E0.06479
G0 F7200 X85.448 Y87.711
G1 F1800 X82.999 Y85.262 E0.0576
G0 F7200 X83.33 Y85.027
G1 F1800 X85.677 Y87.374 E0.0552
G0 F7200 X85.96 Y87.092
G1 F1800 X83.614 Y84.745 E0.05519
G0 F7200 X83.897 Y84.462
G1 F1800 X86.243 Y86.809 E0.05519
G0 F7200 X86.526 Y86.526
G1 F1800 X84.18 Y84.18 E0.05517
G0 F7200 X84.464 Y83.898
G1 F1800 X86.809 Y86.243 E0.05515
G0 F7200 X87.092 Y85.96
G1 F1800 X84.747 Y83.616 E0.05514
G0 F7200 X85.03 Y83.333
G1 F1800 X87.374 Y85.677 E0.05513
G0 F7200 X87.714 Y85.452
G1 F1800 X85.254 Y82.991 E0.05787
G0 F7200 X85.392 Y82.563
G1 F1800 X88.142 Y85.314 E0.06469
G0 F7200 X88.791 Y85.397
G1 F1800 X85.312 Y81.918 E0.08182
G0 F7200 X85.106 Y81.146
G1 F1800 X89.561 Y85.602 E0.10479
G0 F7200 X90.332 Y85.807
G1 F1800 X84.899 Y80.374 E0.12778
G1 X84.829 Y80.304
G0 F7200 X84.678 Y79.587
G1 F1800 X91.118 Y86.027 E0.15146
G1 X91.188 Y86.097
G0 F7200 X91.749 Y86.658
G1 F1800 X94.136 Y89.045 E0.05614
G0 F7200 X93.853 Y89.327
G1 F1800 X91.969 Y87.444 E0.0443
G0 F7200 X92.173 Y88.214
G1 F1800 X93.57 Y89.61 E0.03284
G0 F7200 X93.287 Y89.893
G1 F1800 X92.379 Y88.984 E0.02137
G0 F7200 X92.461 Y89.632
G1 F1800 X93.004 Y90.176 E0.01278
G0 F7200 X94.419 Y88.762
G1 F1800 X11.237 Y5.58 E1.95631
G0 F7200 X11.52 Y5.298
G1 F1800 X94.701 Y88.479 E1.95629
G0 F7200 X94.984 Y88.196
G1 F1800 X11.803 Y5.015 E1.95629
G0 F7200 X12.086 Y4.732
G1 F1800 X95.267 Y87.913 E1.95629
G0 F7200 X95.55 Y87.63
G1 F1800 X12.369 Y4.449 E1.95629
G0 F7200 X12.652 Y4.166
G1 F1800 X95.833 Y87.347 E1.95629
G0 F7200 X96.116 Y87.065
G1 F1800 X12.934 Y3.883 E1.95631
G0 F7200 X13.217 Y3.601
G1 F1800 X96.398 Y86.782 E1.95629
G0 F7200 X96.681 Y86.499
G1 F1800 X13.5 Y3.318 E1.95629
G1 X13.43 Y3.248
G0 F7200 X10.954 Y5.863
G1 F1800 X13.348 Y8.257 E0.0563
G1 X13.418 Y8.327
G0 F7200 X12.554 Y8.028
G1 F1800 X10.672 Y6.146 E0.04426
G0 F7200 X10.389 Y6.429
G1 F1800 X11.78 Y7.821 E0.03273
G1 X11.85 Y7.891
G0 F7200 X11.006 Y7.612
G1 F1800 X10.106 Y6.712 E0.02117
G0 F7200 X9.823 Y6.995
G1 F1800 X10.362 Y7.534 E0.01268
G0 F7200 X13.566 Y8.652
G0 X34.779 Y29.866
G0 X37.278 Y37.244
G0 X36.04 Y38.492
G0 X36.936 Y41.85
G0 X86.659 Y91.75
G1 F1800 X89.044 Y94.135 E0.05609
G0 F7200 X89.327 Y93.852
G1 F1800 X87.444 Y91.97 E0.04427
G0 F7200 X88.214 Y92.174
G1 F1800 X89.61 Y93.569 E0.03282
G0 F7200 X89.892 Y93.286
G1 F1800 X88.985 Y92.379 E0.02133
G0 F7200 X89.633 Y92.461
G1 F1800 X90.175 Y93.004 E0.01276
G0 F7200 X90.157 Y92.986
;MESH:NONMESH
G0 F600 X90.157 Y92.986 Z0.8
G0 F7200 X86.434 Y91.348
G0 X15.723 Y20.637
G0 X12.361 Y14.204
G0 X12.138 Y13.98
;TIME_ELAPSED:857.526576
;LAYER:5
;TYPE:WALL-INNER
;MESH:bodyNW.stl
G1 F3600 X11.924 Y14.096 E0.00405
G1 X11.69 Y14.125 E0.00392
G1 X9.081 Y13.428 E0.04491
G1 X8.916 Y13.301 E0.00346
G1 X8.787 Y13.134 E0.00351
G1 X8.112 Y10.616 E0.04335
G1 X8.106 Y10.327 E0.00481
G1 X8.21 Y10.092 E0.00427
G1 X10.035 Y8.267 E0.04292
G1 X10.327 Y8.106 E0.00555
G1 X10.616 Y8.112 E0.00481
G1 X13.132 Y8.787 E0.04332
G1 X13.301 Y8.916 E0.00354
G1 X13.428 Y9.081 E0.00346
G1 X14.125 Y11.69 E0.04491
G1 X14.096 Y11.924 E0.00392
G1 X13.945 Y12.177 E0.0049
G1 X12.138 Y13.98 E0.04245
G0 F7200 X12.361 Y14.204
G0 X15.723 Y20.637
G0 X19.079 Y21.536
G0 X19.21 Y21.052
G1 F3600 X18.996 Y21.168 E0.00405
G1 X18.762 Y21.197 E0.00392
G1 X16.15 Y20.501 E0.04495
G1 X15.983 Y20.373 E0.0035
G1 X15.855 Y20.206 E0.0035
G1 X15.159 Y17.594 E0.04495
G1 X15.188 Y17.36 E0.00392
G1 X15.304 Y17.146 E0.00405
G1 X17.107 Y15.339 E0.04245
G1 X17.36 Y15.188 E0.0049
G1 X17.595 Y15.159 E0.00394
G1 X20.203 Y15.859 E0.04491
G1 X20.373 Y15.987 E0.00354
G1 X20.5 Y16.154 E0.00349
G1 X21.197 Y18.762 E0.04489
G1 X21.168 Y18.996 E0.00392
G1 X21.017 Y19.249 E0.0049
G1 X19.21 Y21.052 E0.04245
G0 F7200 X19.432 Y21.275
G0 X22.793 Y27.708
G0 X26.15 Y28.607
G0 X26.282 Y28.124
G1 F3600 X26.068 Y28.24 E0.00405
G1 X25.834 Y28.269 E0.00392
G1 X23.222 Y27.573 E0.04495
G1 X23.055 Y27.445 E0.0035
G1 X22.927 Y27.278 E0.0035
G1 X22.231 Y24.666 E0.04495
G1 X22.26 Y24.432 E0.00392
G1 X22.376 Y24.218 E0.00405
G1 X24.179 Y22.411 E0.04245
G1 X24.432 Y22.26 E0.0049
G1 X24.666 Y22.231 E0.00392
G1 X27.278 Y22.927 E0.04495
G1 X27.445 Y23.055 E0.0035
G1 X27.573 Y23.222 E0.0035
G1 X28.269 Y25.834 E0.04495
G1 X28.24 Y26.068 E0.00392
G1 X28.089 Y26.321 E0.0049
G1 X26.282 Y28.124 E0.04245
G0 F7200 X26.503 Y28.346
G0 X29.866 Y34.779
G0 X33.221 Y35.678
G0 X33.355 Y35.196
G1 F3600 X33.14 Y35.312 E0.00406
G1 X32.905 Y35.341 E0.00394
G1 X30.297 Y34.641 E0.04491
G1 X30.127 Y34.513 E0.00354
G1 X30 Y34.346 E0.00349
G1 X29.303 Y31.738 E0.04489
G1 X29.332 Y31.504 E0.00392
G1 X29.448 Y31.29 E0.00405
G1 X31.251 Y29.483 E0.04245
G1 X31.504 Y29.332 E0.0049
G1 X31.738 Y29.303 E0.00392
G1 X34.347 Y30 E0.04491
G1 X34.512 Y30.127 E0.00346
G1 X34.641 Y30.294 E0.00351
G1 X35.341 Y32.905 E0.04495
G1 X35.312 Y33.14 E0.00394
G1 X35.16 Y33.394 E0.00492
G1 X33.355 Y35.196 E0.04242
G0 F7200 X33.575 Y35.416
G0 X36.936 Y41.85
G0 X40.293 Y42.748
G0 X40.426 Y42.264
G1 F3600 X40.211 Y42.38 E0.00406
G1 X39.977 Y42.409 E0.00392
G1 X37.366 Y41.713 E0.04494
G1 X37.199 Y41.585 E0.0035
G1 X37.071 Y41.418 E0.0035
G1 X36.375 Y38.807 E0.04494
G1 X36.404 Y38.573 E0.00392
G1 X36.52 Y38.358 E0.00406
G1 X38.319 Y36.555 E0.04236
G1 X38.573 Y36.404 E0.00491
G1 X38.807 Y36.375 E0.00392
G1 X41.419 Y37.072 E0.04496
G1 X41.584 Y37.199 E0.00346
G1 X41.712 Y37.365 E0.00349
G1 X42.409 Y39.974 E0.04491
G1 X42.38 Y40.208 E0.00392
G1 X42.227 Y40.462 E0.00493
G1 X40.426 Y42.264 E0.04237
G0 F7200 X40.647 Y42.486
G0 X44.008 Y48.921
G0 X47.364 Y49.82
G0 X47.494 Y49.336
G1 F3600 X47.28 Y49.452 E0.00405
G1 X47.046 Y49.481 E0.00392
G1 X44.437 Y48.784 E0.04491
G1 X44.272 Y48.657 E0.00346
G1 X44.143 Y48.49 E0.00351
G1 X43.443 Y45.879 E0.04495
G1 X43.472 Y45.644 E0.00394
G1 X43.588 Y45.429 E0.00406
G1 X45.391 Y43.623 E0.04244
G1 X45.644 Y43.472 E0.0049
G1 X45.879 Y43.443 E0.00394
G1 X48.487 Y44.143 E0.04491
G1 X48.657 Y44.271 E0.00354
G1 X48.784 Y44.438 E0.00349
G1 X49.481 Y47.046 E0.04489
G1 X49.452 Y47.28 E0.00392
G1 X49.301 Y47.533 E0.0049
G1 X47.494 Y49.336 E0.04245
G0 F7200 X47.717 Y49.559
G0 X51.079 Y55.992
G0 X54.435 Y56.891
G0 X54.566 Y56.408
G1 F3600 X54.352 Y56.524 E0.00405
G1 X54.118 Y56.553 E0.00392
G1 X51.506 Y55.857 E0.04495
G1 X51.339 Y55.729 E0.0035
G1 X51.211 Y55.562 E0.0035
G1 X50.515 Y52.95 E0.04495
G1 X50.544 Y52.716 E0.00392
G1 X50.66 Y52.502 E0.00405
G1 X52.463 Y50.695 E0.04245
G1 X52.716 Y50.544 E0.0049
G1 X52.95 Y50.515 E0.00392
G1 X55.562 Y51.211 E0.04495
G1 X55.729 Y51.339 E0.0035
G1 X55.857 Y51.506 E0.0035
G1 X56.553 Y54.118 E0.04495
G1 X56.524 Y54.352 E0.00392
G1 X56.373 Y54.605 E0.0049
G1 X54.566 Y56.408 E0.04245
G0 F7200 X54.788 Y56.63
G0 X58.15 Y63.063
G0 X61.506 Y63.962
G0 X61.638 Y63.48
G1 F3600 X61.424 Y63.596 E0.00405
G1 X61.189 Y63.625 E0.00394
G1 X58.581 Y62.925 E0.04491
G1 X58.411 Y62.797 E0.00354
G1 X58.284 Y62.63 E0.00349
G1 X57.587 Y60.022 E0.04489
G1 X57.616 Y59.788 E0.00392
G1 X57.732 Y59.574 E0.00405
G1 X59.535 Y57.767 E0.04245
G1 X59.788 Y57.616 E0.0049
G1 X60.022 Y57.587 E0.00392
G1 X62.631 Y58.284 E0.04491
G1 X62.796 Y58.411 E0.00346
G1 X62.925 Y58.578 E0.00351
G1 X63.625 Y61.189 E0.04495
G1 X63.596 Y61.424 E0.00394
G1 X63.445 Y61.677 E0.0049
G1 X61.638 Y63.48 E0.04245
G0 F7200 X61.859 Y63.701
G0 X65.221 Y70.134
G0 X68.577 Y71.033
G0 X68.71 Y70.548
G1 F3600 X68.495 Y70.664 E0.00406
G1 X68.261 Y70.693 E0.00392
G1 X65.649 Y69.996 E0.04496
G1 X65.484 Y69.869 E0.00346
G1 X65.356 Y69.703 E0.00349
G1 X64.659 Y67.094 E0.04491
G1 X64.688 Y66.86 E0.00392
G1 X64.804 Y66.646 E0.00405
G1 X66.607 Y64.839 E0.04245
G1 X66.86 Y64.688 E0.0049
G1 X67.094 Y64.659 E0.00392
G1 X69.702 Y65.356 E0.04489
G1 X69.869 Y65.483 E0.00349
G1 X69.997 Y65.65 E0.0035
G1 X70.693 Y68.261 E0.04494
G1 X70.664 Y68.495 E0.00392
G1 X70.513 Y68.749 E0.00491
G1 X68.71 Y70.548 E0.04236
G0 F7200 X68.932 Y70.77
G0 X72.292 Y77.207
G0 X75.649 Y78.104
G0 X75.778 Y77.62
G1 F3600 X75.564 Y77.736 E0.00405
G1 X75.33 Y77.765 E0.00392
G1 X72.721 Y77.068 E0.04491
G1 X72.556 Y76.941 E0.00346
G1 X72.427 Y76.774 E0.00351
G1 X71.727 Y74.163 E0.04495
G1 X71.756 Y73.928 E0.00394
G1 X71.872 Y73.713 E0.00406
G1 X73.675 Y71.908 E0.04243
G1 X73.928 Y71.756 E0.00491
G1 X74.163 Y71.727 E0.00394
G1 X76.771 Y72.427 E0.04491
G1 X76.941 Y72.555 E0.00354
G1 X77.068 Y72.722 E0.00349
G1 X77.765 Y75.33 E0.04489
G1 X77.736 Y75.564 E0.00392
G1 X77.585 Y75.817 E0.0049
G1 X75.778 Y77.62 E0.04245
G0 F7200 X76.001 Y77.844
G0 X79.363 Y84.277
G0 X82.719 Y85.176
G0 X82.85 Y84.692
G1 F3600 X82.636 Y84.808 E0.00405
G1 X82.402 Y84.837 E0.00392
G1 X79.79 Y84.141 E0.04495
G1 X79.623 Y84.013 E0.0035
G1 X79.495 Y83.846 E0.0035
G1 X78.799 Y81.234 E0.04495
G1 X78.828 Y81 E0.00392
G1 X78.944 Y80.786 E0.00405
G1 X80.747 Y78.979 E0.04245
G1 X81 Y78.828 E0.0049
G1 X81.234 Y78.799 E0.00392
G1 X83.846 Y79.495 E0.04495
G1 X84.013 Y79.623 E0.0035
G1 X84.141 Y79.79 E0.0035
G1 X84.837 Y82.402 E0.04495
G1 X84.808 Y82.636 E0.00392
G1 X84.657 Y82.889 E0.0049
G1 X82.85 Y84.692 E0.04245
G0 F7200 X83.072 Y84.915
G0 X86.434 Y91.348
G0 X89.79 Y92.247
G0 X89.961 Y91.729
G1 F3600 X89.67 Y91.889 E0.00552
G1 X89.381 Y91.884 E0.00481
G1 X86.862 Y91.213 E0.04335
G1 X86.695 Y91.085 E0.0035
G1 X86.567 Y90.918 E0.0035
G1 X85.871 Y88.306 E0.04495
G1 X85.9 Y88.072 E0.00392
G1 X86.016 Y87.858 E0.00405
G1 X87.819 Y86.051 E0.04245
G1 X88.072 Y85.9 E0.0049
G1 X88.306 Y85.871 E0.00392
G1 X90.918 Y86.567 E0.04495
G1 X91.085 Y86.695 E0.0035
G1 X91.213 Y86.862 E0.0035
G1 X91.884 Y89.381 E0.04335
G1 X91.89 Y89.67 E0.00481
G1 X91.784 Y89.906 E0.0043
G1 X89.961 Y91.729 E0.04287
G0 F7200 X90.18 Y91.949
G0 X86.416 Y97.191
G0 X86.416 Y97.587
G1 F3600 X97.587 Y86.416 E0.26272
G1 X13.584 Y2.413 E1.97562
G1 X2.413 Y13.584 E0.26272
G1 X86.416 Y97.587 E1.97562
G0 F7200 X86.416 Y98.153
;TYPE:WALL-OUTER
G1 F1800 X98.153 Y86.416 E0.27604
G1 X13.584 Y1.847 E1.98893
G1 X1.847 Y13.584 E0.27604
G1 X86.416 Y98.153 E1.98893
G0 F7200 X86.557 Y98.012
G0 X86.416 Y97.191
G0 X90.18 Y91.949
G0 X89.678 Y91.446
G1 F1800 X89.55 Y91.516 E0.00243
G1 X87.035 Y90.845 E0.04329
G1 X86.926 Y90.712 E0.00286
G1 X86.282 Y88.296 E0.04158
G1 X86.322 Y88.115 E0.00308
G1 X88.126 Y86.31 E0.04244
G1 X88.252 Y86.276 E0.00217
G1 X90.745 Y86.935 E0.04288
G1 X90.854 Y87.068 E0.00286
G1 X91.498 Y89.484 E0.04158
G1 X91.468 Y89.651 E0.00282
G1 X89.678 Y91.446 E0.04216
G0 F7200 X89.55 Y91.516
G0 X89.498 Y91.503
G0 X89.315 Y92.187
G0 X86.434 Y91.348
G0 X83.097 Y84.89
G0 X82.593 Y84.386
G1 F1800 X82.456 Y84.432 E0.0024
G1 X79.963 Y83.773 E0.04288
G1 X79.854 Y83.64 E0.00286
G1 X79.21 Y81.224 E0.04158
G1 X79.25 Y81.043 E0.00308
G1 X81.054 Y79.238 E0.04244
G1 X81.18 Y79.204 E0.00217
G1 X83.673 Y79.863 E0.04288
G1 X83.782 Y79.996 E0.00286
G1 X84.439 Y82.46 E0.04241
G1 X84.401 Y82.579 E0.00208
G1 X82.593 Y84.386 E0.04251
G0 F7200 X82.456 Y84.432
G0 X82.403 Y84.418
G0 X82.218 Y85.109
G0 X79.363 Y84.277
G0 X76.026 Y77.819
G0 X75.521 Y77.314
G1 F1800 X75.384 Y77.36 E0.0024
G1 X72.895 Y76.701 E0.04282
G1 X72.786 Y76.568 E0.00286
G1 X72.138 Y74.152 E0.0416
G1 X72.178 Y73.971 E0.00308
G1 X73.982 Y72.166 E0.04244
G1 X74.108 Y72.132 E0.00217
G1 X76.601 Y72.795 E0.0429
G1 X76.71 Y72.928 E0.00286
G1 X77.367 Y75.388 E0.04234
G1 X77.329 Y75.507 E0.00208
G1 X75.521 Y77.314 E0.04251
G0 F7200 X75.384 Y77.36
G0 X75.331 Y77.346
G0 X75.146 Y78.037
G0 X72.292 Y77.207
G0 X68.956 Y70.746
G0 X68.453 Y70.242
G1 F1800 X68.315 Y70.288 E0.00242
G1 X65.823 Y69.629 E0.04287
G1 X65.714 Y69.496 E0.00286
G1 X65.07 Y67.084 E0.04152
G1 X65.11 Y66.903 E0.00308
G1 X66.914 Y65.098 E0.04244
G1 X67.04 Y65.064 E0.00217
G1 X69.529 Y65.723 E0.04282
G1 X69.638 Y65.856 E0.00286
G1 X70.288 Y68.315 E0.0423
G1 X70.23 Y68.466 E0.00269
G1 X68.453 Y70.242 E0.04178
G0 F7200 X68.315 Y70.288
G0 X68.262 Y70.274
G0 X68.077 Y70.966
G0 X65.221 Y70.134
G0 X61.883 Y63.677
G0 X61.381 Y63.174
G1 F1800 X61.244 Y63.22 E0.0024
G1 X58.751 Y62.557 E0.0429
G1 X58.642 Y62.424 E0.00286
G1 X57.992 Y59.968 E0.04225
G1 X58.038 Y59.831 E0.0024
G1 X59.842 Y58.026 E0.04244
G1 X59.968 Y57.992 E0.00217
G1 X62.457 Y58.651 E0.04282
G1 X62.566 Y58.784 E0.00286
G1 X63.227 Y61.248 E0.04243
G1 X63.189 Y61.367 E0.00208
G1 X61.381 Y63.174 E0.04251
G0 F7200 X61.244 Y63.22
G0 X61.191 Y63.206
G0 X61.006 Y63.895
G0 X58.15 Y63.063
G0 X54.812 Y56.606
G0 X54.309 Y56.102
G1 F1800 X54.172 Y56.148 E0.0024
G1 X51.679 Y55.489 E0.04288
G1 X51.57 Y55.356 E0.00286
G1 X50.926 Y52.94 E0.04158
G1 X50.966 Y52.759 E0.00308
G1 X52.77 Y50.954 E0.04244
G1 X52.896 Y50.92 E0.00217
G1 X55.389 Y51.579 E0.04288
G1 X55.498 Y51.712 E0.00286
G1 X56.155 Y54.176 E0.04241
G1 X56.117 Y54.295 E0.00208
G1 X54.309 Y56.102 E0.04251
G0 F7200 X54.172 Y56.148
G0 X54.119 Y56.134
G0 X53.934 Y56.824
G0 X51.079 Y55.992
G0 X47.741 Y49.535
G0 X47.237 Y49.03
G1 F1800 X47.1 Y49.076 E0.0024
G1 X44.611 Y48.417 E0.04282
G1 X44.502 Y48.284 E0.00286
G1 X43.854 Y45.868 E0.0416
G1 X43.894 Y45.687 E0.00308
G1 X45.698 Y43.882 E0.04244
G1 X45.824 Y43.848 E0.00217
G1 X48.317 Y44.511 E0.0429
G1 X48.426 Y44.644 E0.00286
G1 X49.083 Y47.104 E0.04234
G1 X49.045 Y47.223 E0.00208
G1 X47.237 Y49.03 E0.04251
G0 F7200 X47.1 Y49.076
G0 X47.047 Y49.062
G0 X46.862 Y49.753
G0 X44.008 Y48.921
G0 X40.672 Y42.461
G0 X40.169 Y41.958
G1 F1800 X40.031 Y42.004 E0.00242
G1 X37.539 Y41.345 E0.04287
G1 X37.43 Y41.212 E0.00286
G1 X36.78 Y38.753 E0.0423
G1 X36.826 Y38.615 E0.00242
G1 X38.627 Y36.813 E0.04237
G1 X38.753 Y36.78 E0.00217
G1 X41.245 Y37.439 E0.04287
G1 X41.354 Y37.572 E0.00286
G1 X42.011 Y40.032 E0.04234
G1 X41.973 Y40.151 E0.00208
G1 X40.169 Y41.958 E0.04246
G0 F7200 X40.031 Y42.004
G0 X39.978 Y41.99
G0 X39.793 Y42.681
G0 X36.936 Y41.85
G0 X33.599 Y35.392
G0 X33.097 Y34.89
G1 F1800 X32.969 Y34.944 E0.00231
G1 X30.466 Y34.273 E0.04309
G1 X30.358 Y34.14 E0.00285
G1 X29.714 Y31.728 E0.04152
G1 X29.754 Y31.547 E0.00308
G1 X31.558 Y29.742 E0.04244
G1 X31.684 Y29.708 E0.00217
G1 X34.173 Y30.367 E0.04282
G1 X34.282 Y30.5 E0.00286
G1 X34.943 Y32.964 E0.04243
G1 X34.905 Y33.083 E0.00208
G1 X33.097 Y34.89 E0.04251
G0 F7200 X32.969 Y34.944
G0 X32.911 Y34.929
G0 X32.728 Y35.613
G0 X29.866 Y34.779
G0 X26.528 Y28.321
G0 X26.025 Y27.818
G1 F1800 X25.888 Y27.864 E0.0024
G1 X23.395 Y27.205 E0.04288
G1 X23.286 Y27.072 E0.00286
G1 X22.642 Y24.656 E0.04158
G1 X22.682 Y24.475 E0.00308
G1 X24.486 Y22.67 E0.04244
G1 X24.612 Y22.636 E0.00217
G1 X27.105 Y23.295 E0.04288
G1 X27.214 Y23.428 E0.00286
G1 X27.871 Y25.892 E0.04241
G1 X27.833 Y26.011 E0.00208
G1 X26.025 Y27.818 E0.04251
G0 F7200 X25.888 Y27.864
G0 X25.835 Y27.85
G0 X25.65 Y28.54
G0 X22.793 Y27.708
G0 X19.457 Y21.25
G0 X18.953 Y20.746
G1 F1800 X18.816 Y20.792 E0.0024
G1 X16.323 Y20.133 E0.04288
G1 X16.214 Y20 E0.00286
G1 X15.57 Y17.584 E0.04158
G1 X15.61 Y17.403 E0.00308
G1 X17.414 Y15.598 E0.04244
G1 X17.54 Y15.564 E0.00217
G1 X20.033 Y16.227 E0.0429
G1 X20.142 Y16.36 E0.00286
G1 X20.799 Y18.82 E0.04234
G1 X20.761 Y18.939 E0.00208
G1 X18.953 Y20.746 E0.04251
G0 F7200 X18.816 Y20.792
G0 X18.763 Y20.778
G0 X18.578 Y21.469
G0 X15.723 Y20.637
G0 X12.386 Y14.179
G0 X11.881 Y13.674
G1 F1800 X11.744 Y13.72 E0.0024
G1 X9.255 Y13.061 E0.04282
G1 X9.146 Y12.928 E0.00286
G1 X8.498 Y10.512 E0.0416
G1 X8.528 Y10.345 E0.00282
G1 X10.318 Y8.55 E0.04216
G1 X10.444 Y8.48 E0.0024
G1 X12.962 Y9.155 E0.04335
G1 X13.07 Y9.288 E0.00285
G1 X13.727 Y11.748 E0.04234
G1 X13.689 Y11.867 E0.00208
G1 X11.881 Y13.674 E0.04251
G0 F7200 X11.744 Y13.72
G0 X11.691 Y13.706
G0 X11.506 Y14.397
G0 X15.723 Y20.637
G0 X86.416 Y97.045
;TYPE:SKIN
G1 F1800 X2.951 Y13.584 E1.96292
G1 X13.584 Y2.951 E0.25007
G1 X97.049 Y86.416 E1.96297
G1 X86.416 Y97.045 E0.25002
G0 F7200 X92.506 Y90.307
G1 F1437.1 X92.456 Y90.376 E0.00177
G1 F1478.4 X90.493 Y92.34 E0.05622
G1 F1398.1 X90.308 Y92.484 E0.00502
G0 F7200 X89.807 Y92.238
G1 F1800 X90.23 Y91.99 E0.00815
G1 X92.07 Y90.154 E0.04323
G1 X92.247 Y89.79 E0.00673
G1 X92.25 Y89.276 E0.00855
G1 X91.574 Y86.736 E0.04371
G1 X91.354 Y86.426 E0.00632
G1 X91.077 Y86.212 E0.00582
G1 X88.334 Y85.488 E0.04718
G1 X87.958 Y85.537 E0.00631
G1 X87.569 Y85.765 E0.0075
G1 X85.722 Y87.611 E0.04343
G1 X85.536 Y87.962 E0.00661
G1 X85.494 Y88.38 E0.00699
G1 X86.202 Y91.04 E0.04578
G1 X86.426 Y91.354 E0.00641
G1 X86.736 Y91.574 E0.00632
G1 X89.276 Y92.25 E0.04371
G1 X89.807 Y92.238 E0.00883
G0 F7200 X89.805 Y92.305
G0 X86.434 Y91.348
G0 X82.734 Y85.234
G0 X82.742 Y85.172
G1 F1800 X83.093 Y84.982 E0.00664
G1 X84.943 Y83.139 E0.04343
G1 X85.167 Y82.746 E0.00752
G1 X85.222 Y82.355 E0.00657
G1 X84.502 Y79.664 E0.04633
G1 X84.282 Y79.354 E0.00632
G1 X84.005 Y79.14 E0.00582
G1 X81.262 Y78.416 E0.04718
G1 X80.886 Y78.465 E0.00631
G1 X80.497 Y78.693 E0.0075
G1 X78.65 Y80.539 E0.04343
G1 X78.464 Y80.89 E0.00661
G1 X78.422 Y81.308 E0.00699
G1 X79.13 Y83.968 E0.04578
G1 X79.354 Y84.282 E0.00641
G1 X79.664 Y84.502 E0.00632
G1 X82.328 Y85.214 E0.04586
G1 X82.742 Y85.172 E0.00692
G0 F7200 X82.734 Y85.234
G0 X79.363 Y84.277
G0 X75.664 Y78.162
G0 X75.67 Y78.1
G1 F1800 X76.021 Y77.91 E0.00664
G1 X77.871 Y76.067 E0.04343
G1 X78.095 Y75.674 E0.00752
G1 X78.15 Y75.282 E0.00658
G1 X77.426 Y72.595 E0.04628
G1 X77.206 Y72.286 E0.00631
G1 X76.938 Y72.076 E0.00566
G1 X74.202 Y71.342 E0.04711
G1 X73.849 Y71.385 E0.00591
G1 X73.421 Y71.621 E0.00813
G1 X71.582 Y73.467 E0.04333
G1 X71.388 Y73.819 E0.00668
G1 X71.342 Y74.202 E0.00642
G1 X72.066 Y76.9 E0.04646
G1 X72.286 Y77.21 E0.00632
G1 X72.596 Y77.426 E0.00628
G1 X75.255 Y78.142 E0.04579
G1 X75.67 Y78.1 E0.00694
G0 F7200 X75.664 Y78.162
G0 X72.292 Y77.207
G0 X68.592 Y71.091
G0 X68.601 Y71.028
G1 F1800 X68.953 Y70.842 E0.00662
G1 X70.799 Y68.999 E0.04338
G1 X71.023 Y68.605 E0.00754
G1 X71.072 Y68.234 E0.00622
G1 X70.354 Y65.524 E0.04662
G1 X70.134 Y65.21 E0.00638
G1 X69.828 Y64.994 E0.00623
G1 X67.138 Y64.274 E0.04631
G1 X66.707 Y64.342 E0.00726
G1 X66.357 Y64.553 E0.0068
G1 X64.51 Y66.399 E0.04343
G1 X64.324 Y66.75 E0.00661
G1 X64.282 Y67.168 E0.00699
G1 X64.994 Y69.828 E0.04579
G1 X65.214 Y70.138 E0.00632
G1 X65.487 Y70.348 E0.00573
G1 X68.234 Y71.072 E0.04724
G1 X68.601 Y71.028 E0.00615
G0 F7200 X68.592 Y71.091
G0 X65.221 Y70.134
G0 X61.521 Y64.02
G0 X61.53 Y63.96
G1 F1800 X61.881 Y63.77 E0.00664
G1 X63.731 Y61.927 E0.04343
G1 X63.955 Y61.533 E0.00754
G1 X64.006 Y61.146 E0.00649
G1 X63.282 Y58.448 E0.04646
G1 X63.066 Y58.138 E0.00628
G1 X62.756 Y57.922 E0.00628
G1 X60.05 Y57.204 E0.04656
G1 X59.674 Y57.253 E0.00631
G1 X59.285 Y57.481 E0.0075
G1 X57.438 Y59.327 E0.04343
G1 X57.252 Y59.678 E0.00661
G1 X57.21 Y60.096 E0.00699
G1 X57.922 Y62.756 E0.04579
G1 X58.142 Y63.066 E0.00632
G1 X58.448 Y63.282 E0.00623
G1 X61.146 Y64.006 E0.04646
G1 X61.53 Y63.96 E0.00643
G0 F7200 X61.521 Y64.02
G0 X58.15 Y63.063
G0 X54.45 Y56.949
G0 X54.458 Y56.888
G1 F1800 X54.809 Y56.698 E0.00664
G1 X56.659 Y54.855 E0.04343
G1 X56.883 Y54.462 E0.00752
G1 X56.938 Y54.071 E0.00657
G1 X56.218 Y51.38 E0.04633
G1 X55.998 Y51.07 E0.00632
G1 X55.721 Y50.856 E0.00582
G1 X52.978 Y50.132 E0.04718
G1 X52.602 Y50.181 E0.00631
G1 X52.213 Y50.409 E0.0075
G1 X50.366 Y52.255 E0.04343
G1 X50.18 Y52.606 E0.00661
G1 X50.138 Y53.024 E0.00699
G1 X50.846 Y55.684 E0.04578
G1 X51.09 Y56.016 E0.00685
G1 X51.38 Y56.218 E0.00588
G1 X54.044 Y56.93 E0.04586
G1 X54.458 Y56.888 E0.00692
G0 F7200 X54.45 Y56.949
G0 X51.079 Y55.992
G0 X47.379 Y49.878
G0 X47.386 Y49.816
G1 F1800 X47.737 Y49.626 E0.00664
G1 X49.587 Y47.783 E0.04343
G1 X49.811 Y47.39 E0.00752
G1 X49.866 Y46.998 E0.00658
G1 X49.142 Y44.311 E0.04628
G1 X48.922 Y44.002 E0.00631
G1 X48.654 Y43.792 E0.00566
G1 X45.918 Y43.058 E0.04711
G1 X45.528 Y43.11 E0.00654
G1 X45.122 Y43.354 E0.00788
G1 X43.298 Y45.183 E0.04296
G1 X43.104 Y45.535 E0.00668
G1 X43.058 Y45.918 E0.00642
G1 X43.782 Y48.616 E0.04646
G1 X44.002 Y48.926 E0.00632
G1 X44.312 Y49.142 E0.00628
G1 X46.972 Y49.858 E0.04581
G1 X47.386 Y49.816 E0.00692
G0 F7200 X47.379 Y49.878
G0 X44.008 Y48.921
G0 X40.308 Y42.806
G0 X40.317 Y42.744
G1 F1800 X40.669 Y42.558 E0.00662
G1 X42.51 Y40.711 E0.04337
G1 X42.739 Y40.323 E0.00749
G1 X42.786 Y39.895 E0.00716
G1 X42.07 Y37.239 E0.04575
G1 X41.854 Y36.926 E0.00632
G1 X41.54 Y36.71 E0.00634
G1 X38.834 Y35.992 E0.04656
G1 X38.458 Y36.041 E0.00631
G1 X38.069 Y36.269 E0.0075
G1 X36.226 Y38.111 E0.04333
G1 X36.036 Y38.463 E0.00665
G1 X35.998 Y38.876 E0.0069
G1 X36.71 Y41.54 E0.04586
G1 X36.93 Y41.854 E0.00638
G1 X37.203 Y42.064 E0.00573
G1 X39.95 Y42.788 E0.04724
G1 X40.317 Y42.744 E0.00615
G0 F7200 X40.308 Y42.806
G0 X36.936 Y41.85
G0 X33.236 Y35.736
G0 X33.246 Y35.676
G1 F1800 X33.597 Y35.486 E0.00664
G1 X35.443 Y33.643 E0.04338
G1 X35.671 Y33.25 E0.00756
G1 X35.722 Y32.862 E0.00651
G1 X34.998 Y30.164 E0.04646
G1 X34.782 Y29.854 E0.00628
G1 X34.472 Y29.638 E0.00628
G1 X31.766 Y28.92 E0.04656
G1 X31.39 Y28.969 E0.00631
G1 X31.001 Y29.197 E0.0075
G1 X29.154 Y31.043 E0.04343
G1 X28.968 Y31.394 E0.00661
G1 X28.926 Y31.812 E0.00699
G1 X29.638 Y34.472 E0.04579
G1 X29.858 Y34.782 E0.00632
G1 X30.164 Y34.998 E0.00623
G1 X32.862 Y35.722 E0.04646
G1 X33.246 Y35.676 E0.00643
G0 F7200 X33.236 Y35.736
G0 X29.866 Y34.779
G0 X26.165 Y28.665
G0 X26.174 Y28.604
G1 F1800 X26.525 Y28.414 E0.00664
G1 X28.375 Y26.571 E0.04343
G1 X28.599 Y26.178 E0.00752
G1 X28.654 Y25.787 E0.00657
G1 X27.934 Y23.096 E0.04633
G1 X27.714 Y22.786 E0.00632
G1 X27.437 Y22.572 E0.00582
G1 X24.694 Y21.848 E0.04718
G1 X24.318 Y21.897 E0.00631
G1 X23.929 Y22.125 E0.0075
G1 X22.082 Y23.971 E0.04343
G1 X21.896 Y24.322 E0.00661
G1 X21.854 Y24.74 E0.00699
G1 X22.562 Y27.4 E0.04578
G1 X22.786 Y27.714 E0.00641
G1 X23.059 Y27.924 E0.00573
G1 X25.76 Y28.646 E0.04649
G1 X26.174 Y28.604 E0.00692
G0 F7200 X26.165 Y28.665
G0 X22.793 Y27.708
G0 X19.094 Y21.594
G0 X19.102 Y21.532
G1 F1800 X19.453 Y21.342 E0.00664
G1 X21.303 Y19.499 E0.04343
G1 X21.527 Y19.106 E0.00752
G1 X21.582 Y18.714 E0.00658
G1 X20.858 Y16.027 E0.04628
G1 X20.638 Y15.718 E0.00631
G1 X20.37 Y15.508 E0.00566
G1 X17.634 Y14.774 E0.04711
G1 X17.207 Y14.842 E0.00719
G1 X16.857 Y15.053 E0.0068
G1 X15.01 Y16.899 E0.04343
G1 X14.824 Y17.25 E0.00661
G1 X14.782 Y17.668 E0.00699
G1 X15.49 Y20.328 E0.04578
G1 X15.714 Y20.642 E0.00641
G1 X15.987 Y20.852 E0.00573
G1 X18.688 Y21.574 E0.04649
G1 X19.102 Y21.532 E0.00692
G0 F7200 X19.094 Y21.594
G0 X15.723 Y20.637
G0 X13.405 Y13.077
G0 X14.464 Y12.009
G0 X13.567 Y8.652
G0 X9.685 Y7.508
G1 F1440 X9.455 Y7.691 E0.00611
G1 F1525.4 X7.54 Y9.611 E0.05321
G1 F1457.5 X7.476 Y9.701 E0.00227
G0 F7200 X8.652 Y13.566
G0 X12.023 Y14.523
G0 X12.03 Y14.46
G1 F1800 X12.381 Y14.27 E0.00664
G1 X14.231 Y12.427 E0.04343
G1 X14.455 Y12.033 E0.00754
G1 X14.504 Y11.662 E0.00622
G1 X13.79 Y8.952 E0.04661
G1 X13.57 Y8.646 E0.00627
G1 X13.26 Y8.426 E0.00632
G1 X10.717 Y7.742 E0.04379
G1 X10.188 Y7.756 E0.0088
G1 X9.762 Y7.998 E0.00815
G1 X7.922 Y9.838 E0.04327
G1 X7.745 Y10.202 E0.00673
G1 X7.742 Y10.717 E0.00856
G1 X8.426 Y13.26 E0.04379
G1 X8.646 Y13.57 E0.00632
G1 X8.956 Y13.786 E0.00628
G1 X11.616 Y14.502 E0.04581
G1 X12.03 Y14.46 E0.00692
G0 F7200 X12.023 Y14.523
G0 X3.31 Y13.661
G1 F1800 X7.154 Y9.817 E0.0904
G0 F7200 X7.522 Y10.014
G1 F1800 X3.593 Y13.943 E0.0924
G0 F7200 X3.876 Y14.226
G1 F1800 X7.539 Y10.563 E0.08615
G0 F7200 X7.623 Y11.045
G1 F1800 X4.158 Y14.509 E0.08148
G0 F7200 X4.441 Y14.792
G1 F1800 X7.742 Y11.491 E0.07763
G0 F7200 X7.862 Y11.937
G1 F1800 X4.724 Y15.075 E0.0738
G0 F7200 X5.007 Y15.358
G1 F1800 X7.983 Y12.382 E0.06999
G0 F7200 X8.102 Y12.828
G1 F1800 X5.29 Y15.64 E0.06613
G0 F7200 X5.573 Y15.923
G1 F1800 X8.222 Y13.274 E0.0623
G0 F7200 X8.442 Y13.62
G1 F1800 X5.856 Y16.206 E0.06082
G0 F7200 X6.138 Y16.489
G1 F1800 X8.751 Y13.876 E0.06145
G0 F7200 X9.149 Y14.045
G1 F1800 X6.421 Y16.772 E0.06415
G0 F7200 X6.704 Y17.055
G1 F1800 X9.594 Y14.165 E0.06797
G0 F7200 X10.04 Y14.285
G1 F1800 X6.987 Y17.338 E0.0718
G0 F7200 X7.27 Y17.62
G1 F1800 X10.486 Y14.404 E0.07564
G0 F7200 X10.931 Y14.525
G1 F1800 X7.553 Y17.903 E0.07945
G0 F7200 X7.835 Y18.186
G1 F1800 X11.377 Y14.645 E0.08329
G0 F7200 X11.926 Y14.661
G1 F1800 X8.118 Y18.469 E0.08956
G0 F7200 X8.401 Y18.752
G1 F1800 X18.752 Y8.401 E0.24344
G0 F7200 X19.035 Y8.684
G1 F1800 X8.684 Y19.035 E0.24344
G0 F7200 X8.967 Y19.317
G1 F1800 X19.317 Y8.967 E0.24342
G0 F7200 X19.6 Y9.25
G1 F1800 X9.25 Y19.6 E0.24342
G0 F7200 X9.533 Y19.883
G1 F1800 X19.883 Y9.533 E0.24342
G0 F7200 X20.166 Y9.815
G1 F1800 X9.815 Y20.166 E0.24344
G0 F7200 X10.098 Y20.449
G1 F1800 X20.449 Y10.098 E0.24344
G0 F7200 X20.732 Y10.381
G1 F1800 X10.381 Y20.732 E0.24344
G0 F7200 X10.664 Y21.015
G1 F1800 X14.799 Y16.879 E0.09726
G1 X14.869 Y16.809
G0 F7200 X14.575 Y17.669
G1 F1800 X10.947 Y21.297 E0.08532
G0 F7200 X11.23 Y21.58
G1 F1800 X14.694 Y18.116 E0.08147
G0 F7200 X14.812 Y18.563
G1 F1800 X11.512 Y21.863 E0.07761
G0 F7200 X11.795 Y22.146
G1 F1800 X14.932 Y19.009 E0.07378
G0 F7200 X15.051 Y19.456
G1 F1800 X12.078 Y22.429 E0.06992
G0 F7200 X12.361 Y22.712
G1 F1800 X15.17 Y19.903 E0.06606
G0 F7200 X15.288 Y20.35
G1 F1800 X12.644 Y22.994 E0.06218
G0 F7200 X12.927 Y23.277
G1 F1800 X15.51 Y20.693 E0.06076
G0 F7200 X15.819 Y20.951
G1 F1800 X13.209 Y23.56 E0.06137
G0 F7200 X13.492 Y23.843
G1 F1800 X16.215 Y21.12 E0.06404
G0 F7200 X16.662 Y21.239
G1 F1800 X13.775 Y24.126 E0.0679
G0 F7200 X14.058 Y24.409
G1 F1800 X17.108 Y21.358 E0.07174
G0 F7200 X17.555 Y21.478
G1 F1800 X14.341 Y24.691 E0.07558
G0 F7200 X14.624 Y24.974
G1 F1800 X18.001 Y21.597 E0.07942
G0 F7200 X18.447 Y21.717
G1 F1800 X14.907 Y25.257 E0.08326
G0 F7200 X15.189 Y25.54
G1 F1800 X18.996 Y21.734 E0.08952
G1 X19.066 Y21.664
G0 F7200 X21.872 Y23.948
G1 F1800 X17.735 Y28.086 E0.09731
G0 F7200 X18.018 Y28.368
G1 F1800 X21.647 Y24.74 E0.08534
G0 F7200 X21.765 Y25.186
G1 F1800 X18.301 Y28.651 E0.08148
G0 F7200 X18.583 Y28.934
G1 F1800 X21.884 Y25.633 E0.07763
G0 F7200 X22.003 Y26.08
G1 F1800 X18.866 Y29.217 E0.07378
G0 F7200 X19.149 Y29.5
G1 F1800 X22.122 Y26.527 E0.06992
G0 F7200 X22.241 Y26.973
G1 F1800 X19.432 Y29.783 E0.06608
G0 F7200 X19.715 Y30.065
G1 F1800 X22.36 Y27.42 E0.06221
G0 F7200 X22.581 Y27.765
G1 F1800 X19.998 Y30.348 E0.06075
G0 F7200 X20.281 Y30.631
G1 F1800 X22.89 Y28.022 E0.06136
G0 F7200 X23.286 Y28.192
G1 F1800 X20.563 Y30.914 E0.06403
G0 F7200 X20.846 Y31.197
G1 F1800 X23.733 Y28.31 E0.0679
G0 F7200 X24.179 Y28.43
G1 F1800 X21.129 Y31.48 E0.07173
G0 F7200 X21.412 Y31.763
G1 F1800 X24.625 Y28.549 E0.07558
G0 F7200 X25.072 Y28.668
G1 F1800 X21.695 Y32.045 E0.07942
G0 F7200 X21.978 Y32.328
G1 F1800 X25.518 Y28.788 E0.08326
G0 F7200 X26.066 Y28.805
G1 F1800 X22.26 Y32.611 E0.08951
G0 F7200 X22.543 Y32.894
G1 F1800 X32.894 Y22.543 E0.24344
G0 F7200 X33.177 Y22.826
G1 F1800 X22.826 Y33.177 E0.24344
G0 F7200 X23.109 Y33.46
G1 F1800 X33.46 Y23.109 E0.24344
G0 F7200 X33.742 Y23.392
G1 F1800 X23.392 Y33.742 E0.24342
G0 F7200 X23.675 Y34.025
G1 F1800 X34.025 Y23.675 E0.24342
G0 F7200 X34.308 Y23.957
G1 F1800 X23.957 Y34.308 E0.24344
G0 F7200 X24.24 Y34.591
G1 F1800 X34.591 Y24.24 E0.24344
G0 F7200 X34.874 Y24.523
G1 F1800 X24.523 Y34.874 E0.24344
G0 F7200 X24.806 Y35.157
G1 F1800 X28.945 Y31.017 E0.09735
G1 X29.015 Y30.947
G0 F7200 X28.718 Y31.81
G1 F1800 X25.089 Y35.439 E0.08535
G0 F7200 X25.372 Y35.722
G1 F1800 X28.838 Y32.256 E0.08152
G0 F7200 X28.957 Y32.703
G1 F1800 X25.655 Y36.005 E0.07766
G0 F7200 X25.937 Y36.288
G1 F1800 X29.076 Y33.149 E0.07382
G0 F7200 X29.196 Y33.595
G1 F1800 X26.22 Y36.571 E0.06999
G0 F7200 X26.503 Y36.854
G1 F1800 X29.315 Y34.042 E0.06613
G0 F7200 X29.434 Y34.488
G1 F1800 X26.786 Y37.137 E0.06229
G0 F7200 X27.069 Y37.419
G1 F1800 X29.655 Y34.833 E0.06082
G0 F7200 X29.964 Y35.09
G1 F1800 X27.352 Y37.702 E0.06143
G0 F7200 X27.634 Y37.985
G1 F1800 X30.362 Y35.257 E0.06416
G0 F7200 X30.808 Y35.377
G1 F1800 X27.917 Y38.268 E0.06799
G0 F7200 X28.2 Y38.551
G1 F1800 X31.254 Y35.497 E0.07183
G0 F7200 X31.7 Y35.616
G1 F1800 X28.483 Y38.834 E0.07567
G0 F7200 X28.766 Y39.116
G1 F1800 X32.146 Y35.736 E0.07949
G0 F7200 X32.592 Y35.856
G1 F1800 X29.049 Y39.399 E0.08333
G0 F7200 X29.331 Y39.682
G1 F1800 X33.124 Y35.889 E0.08921
G1 X33.194 Y35.819
G0 F7200 X36.007 Y38.097
G1 F1800 X31.878 Y42.227 E0.09712
G0 F7200 X32.161 Y42.51
G1 F1800 X35.791 Y38.88 E0.08537
G0 F7200 X35.91 Y39.326
G1 F1800 X32.443 Y42.793 E0.08154
G0 F7200 X32.726 Y43.076
G1 F1800 X36.03 Y39.772 E0.07771
G0 F7200 X36.149 Y40.219
G1 F1800 X33.009 Y43.358 E0.07384
G0 F7200 X33.292 Y43.641
G1 F1800 X36.268 Y40.665 E0.06999
G0 F7200 X36.388 Y41.111
G1 F1800 X33.575 Y43.924 E0.06616
G0 F7200 X33.858 Y44.207
G1 F1800 X36.507 Y41.558 E0.0623
G0 F7200 X36.726 Y41.904
G1 F1800 X34.141 Y44.49 E0.06081
G0 F7200 X34.423 Y44.773
G1 F1800 X37.034 Y42.162 E0.06141
G0 F7200 X37.431 Y42.331
G1 F1800 X34.706 Y45.055 E0.06408
G0 F7200 X34.989 Y45.338
G1 F1800 X37.878 Y42.45 E0.06793
G0 F7200 X38.324 Y42.569
G1 F1800 X35.272 Y45.621 E0.07178
G0 F7200 X35.555 Y45.904
G1 F1800 X38.771 Y42.687 E0.07565
G0 F7200 X39.218 Y42.806
G1 F1800 X35.838 Y46.187 E0.0795
G0 F7200 X36.12 Y46.47
G1 F1800 X39.665 Y42.925 E0.08337
G0 F7200 X40.199 Y42.957
G1 F1800 X36.403 Y46.752 E0.08926
G0 F7200 X36.686 Y47.035
G1 F1800 X47.036 Y36.685 E0.24342
G0 F7200 X46.753 Y36.403
G1 F1800 X42.955 Y40.2 E0.08931
G0 F7200 X42.93 Y39.66
G1 F1800 X46.47 Y36.12 E0.08326
G0 F7200 X46.188 Y35.837
G1 F1800 X42.81 Y39.215 E0.07945
G0 F7200 X42.689 Y38.769
G1 F1800 X45.905 Y35.554 E0.07562
G0 F7200 X45.622 Y35.271
G1 F1800 X42.569 Y38.324 E0.0718
G0 F7200 X42.45 Y37.878
G1 F1800 X45.339 Y34.988 E0.06796
G0 F7200 X45.056 Y34.706
G1 F1800 X42.33 Y37.432 E0.06411
G0 F7200 X42.161 Y37.035
G1 F1800 X44.773 Y34.423 E0.06143
G0 F7200 X44.49 Y34.14
G1 F1800 X41.905 Y36.726 E0.06081
G0 F7200 X41.557 Y36.507
G1 F1800 X44.208 Y33.857 E0.06234
G0 F7200 X43.925 Y33.574
G1 F1800 X41.111 Y36.388 E0.06618
G0 F7200 X40.664 Y36.269
G1 F1800 X43.642 Y33.291 E0.07004
G0 F7200 X43.359 Y33.008
G1 F1800 X40.218 Y36.149 E0.07387
G0 F7200 X39.772 Y36.03
G1 F1800 X43.076 Y32.726 E0.07771
G0 F7200 X42.793 Y32.443
G1 F1800 X39.326 Y35.91 E0.08154
G0 F7200 X38.88 Y35.791
G1 F1800 X42.511 Y32.16 E0.0854
G0 F7200 X42.228 Y31.877
G1 F1800 X38.059 Y36.045 E0.09804
G1 X37.989 Y36.115
G0 F7200 X35.886 Y33.128
G1 F1800 X39.682 Y29.331 E0.08929
G0 F7200 X39.399 Y29.049
G1 F1800 X35.857 Y32.591 E0.0833
G0 F7200 X35.737 Y32.145
G1 F1800 X39.116 Y28.766 E0.07947
G0 F7200 X38.834 Y28.483
G1 F1800 X35.617 Y31.7 E0.07566
G0 F7200 X35.497 Y31.253
G1 F1800 X38.551 Y28.2 E0.07181
G0 F7200 X38.268 Y27.917
G1 F1800 X35.378 Y30.807 E0.06797
G0 F7200 X35.258 Y30.362
G1 F1800 X37.985 Y27.634 E0.06415
G0 F7200 X37.702 Y27.352
G1 F1800 X35.093 Y29.961 E0.06136
G0 F7200 X34.834 Y29.654
G1 F1800 X37.419 Y27.069 E0.0608
G0 F7200 X37.137 Y26.786
G1 F1800 X34.486 Y29.436 E0.06234
G0 F7200 X34.04 Y29.317
G1 F1800 X36.854 Y26.503 E0.06618
G0 F7200 X36.571 Y26.22
G1 F1800 X33.594 Y29.197 E0.07001
G0 F7200 X33.148 Y29.078
G1 F1800 X36.288 Y25.937 E0.07386
G0 F7200 X36.005 Y25.655
G1 F1800 X32.702 Y28.958 E0.07768
G0 F7200 X32.255 Y28.839
G1 F1800 X35.722 Y25.372 E0.08154
G0 F7200 X35.439 Y25.089
G1 F1800 X31.809 Y28.719 E0.08537
G1 X31.739 Y28.789
G0 F7200 X30.985 Y28.978
G1 F1800 X35.157 Y24.806 E0.09812
G1 X35.227 Y24.736
G0 F7200 X32.611 Y22.26
G1 F1800 X28.815 Y26.056 E0.08928
G0 F7200 X28.79 Y25.516
G1 F1800 X32.328 Y21.978 E0.08321
G0 F7200 X32.045 Y21.695
G1 F1800 X28.67 Y25.07 E0.07937
G0 F7200 X28.551 Y24.624
G1 F1800 X31.763 Y21.412 E0.07554
G0 F7200 X31.48 Y21.129
G1 F1800 X28.431 Y24.177 E0.0717
G0 F7200 X28.312 Y23.731
G1 F1800 X31.197 Y20.846 E0.06785
G0 F7200 X30.914 Y20.563
G1 F1800 X28.192 Y23.285 E0.06402
G0 F7200 X28.022 Y22.89
G1 F1800 X30.631 Y20.281 E0.06136
G0 F7200 X30.348 Y19.998
G1 F1800 X27.763 Y22.583 E0.0608
G0 F7200 X27.419 Y22.362
G1 F1800 X30.065 Y19.715 E0.06224
G0 F7200 X29.783 Y19.432
G1 F1800 X26.972 Y22.243 E0.06611
G0 F7200 X26.525 Y22.124
G1 F1800 X29.5 Y19.149 E0.06997
G0 F7200 X29.217 Y18.866
G1 F1800 X26.078 Y22.005 E0.07382
G0 F7200 X25.632 Y21.886
G1 F1800 X28.934 Y18.583 E0.07767
G0 F7200 X28.651 Y18.301
G1 F1800 X25.185 Y21.767 E0.08152
G0 F7200 X24.738 Y21.648
G1 F1800 X28.368 Y18.018 E0.08537
G0 F7200 X28.086 Y17.735
G1 F1800 X23.919 Y21.902 E0.098
G1 X23.849 Y21.972
G0 F7200 X21.743 Y18.987
G1 F1800 X25.54 Y15.189 E0.08931
G0 F7200 X25.257 Y14.907
G1 F1800 X21.717 Y18.446 E0.08324
G0 F7200 X21.597 Y18.001
G1 F1800 X24.974 Y14.624 E0.07942
G0 F7200 X24.691 Y14.341
G1 F1800 X21.477 Y17.555 E0.07559
G0 F7200 X21.357 Y17.11
G1 F1800 X24.409 Y14.058 E0.07178
G0 F7200 X24.126 Y13.775
G1 F1800 X21.237 Y16.664 E0.06794
G0 F7200 X21.117 Y16.218
G1 F1800 X23.843 Y13.492 E0.06411
G0 F7200 X23.56 Y13.209
G1 F1800 X20.947 Y15.822 E0.06145
G0 F7200 X20.688 Y15.516
G1 F1800 X23.277 Y12.927 E0.06089
G0 F7200 X22.994 Y12.644
G1 F1800 X20.343 Y15.295 E0.06235
G0 F7200 X19.897 Y15.175
G1 F1800 X22.712 Y12.361 E0.06619
G0 F7200 X22.429 Y12.078
G1 F1800 X19.451 Y15.056 E0.07004
G0 F7200 X19.006 Y14.936
G1 F1800 X22.146 Y11.795 E0.07386
G0 F7200 X21.863 Y11.512
G1 F1800 X18.559 Y14.816 E0.07771
G0 F7200 X18.114 Y14.696
G1 F1800 X21.58 Y11.23 E0.08152
G0 F7200 X21.297 Y10.947
G1 F1800 X17.668 Y14.576 E0.08535
G1 X17.598 Y14.646
G0 F7200 X16.85 Y14.828
G1 F1800 X21.015 Y10.664 E0.09794
G1 X21.085 Y10.594
G0 F7200 X18.469 Y8.118
G1 F1800 X14.67 Y11.918 E0.08936
G0 F7200 X14.642 Y11.379
G1 F1800 X18.186 Y7.835 E0.08335
G0 F7200 X17.903 Y7.553
G1 F1800 X14.523 Y10.933 E0.07949
G0 F7200 X14.404 Y10.486
G1 F1800 X17.62 Y7.27 E0.07564
G0 F7200 X17.338 Y6.987
G1 F1800 X14.286 Y10.039 E0.07178
G0 F7200 X14.167 Y9.592
G1 F1800 X17.055 Y6.704 E0.06792
G0 F7200 X16.772 Y6.421
G1 F1800 X14.048 Y9.145 E0.06406
G0 F7200 X13.879 Y8.748
G1 F1800 X16.489 Y6.138 E0.06138
G0 F7200 X16.206 Y5.856
G1 F1800 X13.619 Y8.443 E0.06084
G0 F7200 X13.273 Y8.223
G1 F1800 X15.923 Y5.573 E0.06232
G0 F7200 X15.64 Y5.29
G1 F1800 X12.828 Y8.103 E0.06615
G0 F7200 X12.381 Y7.983
G1 F1800 X15.358 Y5.007 E0.07
G0 F7200 X15.075 Y4.724
G1 F1800 X11.936 Y7.863 E0.07382
G0 F7200 X11.49 Y7.743
G1 F1800 X14.792 Y4.441 E0.07766
G0 F7200 X14.509 Y4.158
G1 F1800 X11.044 Y7.623 E0.08149
G0 F7200 X10.56 Y7.542
G1 F1800 X14.226 Y3.876 E0.08622
G0 F7200 X13.943 Y3.593
G1 F1800 X10.015 Y7.521 E0.09238
G0 F7200 X9.829 Y7.141
G1 F1800 X13.661 Y3.31 E0.09011
G1 X13.731 Y3.24
G0 F7200 X25.823 Y15.472
G1 F1800 X15.472 Y25.823 E0.24344
G0 F7200 X15.755 Y26.106
G1 F1800 X26.106 Y15.755 E0.24344
G0 F7200 X26.389 Y16.038
G1 F1800 X16.038 Y26.389 E0.24344
G0 F7200 X16.321 Y26.671
G1 F1800 X26.671 Y16.321 E0.24342
G0 F7200 X26.954 Y16.604
G1 F1800 X16.604 Y26.954 E0.24342
G0 F7200 X16.886 Y27.237
G1 F1800 X27.237 Y16.886 E0.24344
G0 F7200 X27.52 Y17.169
G1 F1800 X17.169 Y27.52 E0.24344
G0 F7200 X17.452 Y27.803
G1 F1800 X27.803 Y17.452 E0.24344
G1 X27.873 Y17.382
G0 F7200 X39.965 Y29.614
G1 F1800 X29.614 Y39.965 E0.24344
G0 F7200 X29.897 Y40.248
G1 F1800 X40.248 Y29.897 E0.24344
G0 F7200 X40.531 Y30.18
G1 F1800 X30.18 Y40.531 E0.24344
G0 F7200 X30.463 Y40.813
G1 F1800 X40.813 Y30.463 E0.24342
G0 F7200 X41.096 Y30.746
G1 F1800 X30.746 Y41.096 E0.24342
G0 F7200 X31.029 Y41.378
G1 F1800 X41.379 Y31.029 E0.2434
G0 F7200 X41.662 Y31.311
G1 F1800 X31.312 Y41.661 E0.24342
G0 F7200 X31.595 Y41.944
G1 F1800 X41.945 Y31.594 E0.24342
G1 X42.015 Y31.524
G0 F7200 X47.319 Y36.968
G1 F1800 X36.969 Y47.318 E0.24342
G0 F7200 X37.252 Y47.601
G1 F1800 X47.602 Y37.251 E0.24342
G0 F7200 X47.885 Y37.534
G1 F1800 X37.535 Y47.884 E0.24342
G0 F7200 X37.817 Y48.167
G1 F1800 X48.167 Y37.817 E0.24342
G0 F7200 X48.45 Y38.1
G1 F1800 X38.1 Y48.45 E0.24342
G0 F7200 X38.383 Y48.732
G1 F1800 X48.733 Y38.382 E0.24342
G0 F7200 X49.016 Y38.665
G1 F1800 X38.666 Y49.015 E0.24342
G0 F7200 X38.949 Y49.298
G1 F1800 X43.08 Y45.166 E0.09717
G1 X43.15 Y45.096
G0 F7200 X42.86 Y45.953
G1 F1800 X39.232 Y49.581 E0.08532
G0 F7200 X39.515 Y49.864
G1 F1800 X42.979 Y46.399 E0.08148
G0 F7200 X43.099 Y46.845
G1 F1800 X39.797 Y50.147 E0.07766
G0 F7200 X40.08 Y50.429
G1 F1800 X43.218 Y47.291 E0.0738
G0 F7200 X43.339 Y47.737
G1 F1800 X40.363 Y50.712 E0.06998
G0 F7200 X40.646 Y50.995
G1 F1800 X43.458 Y48.183 E0.06613
G0 F7200 X43.578 Y48.629
G1 F1800 X40.929 Y51.278 E0.0623
G0 F7200 X41.212 Y51.561
G1 F1800 X43.797 Y48.975 E0.06081
G0 F7200 X44.106 Y49.232
G1 F1800 X41.494 Y51.844 E0.06143
G0 F7200 X41.777 Y52.126
G1 F1800 X44.503 Y49.401 E0.0641
G0 F7200 X44.949 Y49.521
G1 F1800 X42.06 Y52.409 E0.06793
G0 F7200 X42.343 Y52.692
G1 F1800 X45.395 Y49.64 E0.07178
G0 F7200 X45.84 Y49.761
G1 F1800 X42.626 Y52.975 E0.07559
G0 F7200 X42.909 Y53.258
G1 F1800 X46.287 Y49.88 E0.07945
G0 F7200 X46.732 Y50
G1 F1800 X43.191 Y53.541 E0.08328
G0 F7200 X43.474 Y53.824
G1 F1800 X47.28 Y50.018 E0.08951
G1 X47.35 Y49.948
G0 F7200 X50.156 Y52.233
G1 F1800 X46.02 Y56.369 E0.09727
G0 F7200 X46.303 Y56.652
G1 F1800 X49.931 Y53.024 E0.08532
G0 F7200 X50.05 Y53.471
G1 F1800 X46.586 Y56.935 E0.08147
G0 F7200 X46.868 Y57.218
G1 F1800 X50.169 Y53.918 E0.07762
G0 F7200 X50.287 Y54.364
G1 F1800 X47.151 Y57.501 E0.07377
G0 F7200 X47.434 Y57.783
G1 F1800 X50.406 Y54.811 E0.0699
G0 F7200 X50.526 Y55.258
G1 F1800 X47.717 Y58.066 E0.06605
G0 F7200 X48 Y58.349
G1 F1800 X50.644 Y55.704 E0.06219
G0 F7200 X50.862 Y56.052
G1 F1800 X48.283 Y58.632 E0.06067
G0 F7200 X48.566 Y58.915
G1 F1800 X51.161 Y56.319 E0.06104
G0 F7200 X51.57 Y56.476
G1 F1800 X48.848 Y59.198 E0.06402
G0 F7200 X49.131 Y59.48
G1 F1800 X52.016 Y56.595 E0.06785
G0 F7200 X52.463 Y56.714
G1 F1800 X49.414 Y59.763 E0.07171
G0 F7200 X49.697 Y60.046
G1 F1800 X52.909 Y56.834 E0.07554
G0 F7200 X53.355 Y56.953
G1 F1800 X49.98 Y60.329 E0.07939
G0 F7200 X50.263 Y60.612
G1 F1800 X53.802 Y57.072 E0.08324
G0 F7200 X54.35 Y57.09
G1 F1800 X50.545 Y60.895 E0.08949
G0 F7200 X50.828 Y61.177
G1 F1800 X61.178 Y50.828 E0.2434
G0 F7200 X61.461 Y51.11
G1 F1800 X51.111 Y61.46 E0.24342
G0 F7200 X51.394 Y61.743
G1 F1800 X61.744 Y51.393 E0.24342
G0 F7200 X62.027 Y51.676
G1 F1800 X51.677 Y62.026 E0.24342
G0 F7200 X51.96 Y62.309
G1 F1800 X62.31 Y51.959 E0.24342
G0 F7200 X62.592 Y52.242
G1 F1800 X52.242 Y62.592 E0.24342
G0 F7200 X52.525 Y62.875
G1 F1800 X62.875 Y52.525 E0.24342
G0 F7200 X63.158 Y52.807
G1 F1800 X52.808 Y63.157 E0.24342
G0 F7200 X53.091 Y63.44
G1 F1800 X57.23 Y59.302 E0.09733
G1 X57.3 Y59.232
G0 F7200 X57.003 Y60.094
G1 F1800 X53.374 Y63.723 E0.08535
G0 F7200 X53.657 Y64.006
G1 F1800 X57.122 Y60.54 E0.0815
G0 F7200 X57.241 Y60.987
G1 F1800 X53.94 Y64.289 E0.07765
G0 F7200 X54.222 Y64.572
G1 F1800 X57.361 Y61.433 E0.07382
G0 F7200 X57.48 Y61.88
G1 F1800 X54.505 Y64.854 E0.06996
G0 F7200 X54.788 Y65.137
G1 F1800 X57.599 Y62.327 E0.0661
G0 F7200 X57.718 Y62.773
G1 F1800 X55.071 Y65.42 E0.06225
G0 F7200 X55.354 Y65.703
G1 F1800 X57.94 Y63.117 E0.06082
G0 F7200 X58.249 Y63.374
G1 F1800 X55.637 Y65.986 E0.06143
G0 F7200 X55.919 Y66.269
G1 F1800 X58.647 Y63.541 E0.06416
G0 F7200 X59.093 Y63.661
G1 F1800 X56.202 Y66.551 E0.06798
G0 F7200 X56.485 Y66.834
G1 F1800 X59.538 Y63.781 E0.0718
G0 F7200 X59.985 Y63.901
G1 F1800 X56.768 Y67.117 E0.07565
G0 F7200 X57.051 Y67.4
G1 F1800 X60.431 Y64.02 E0.07949
G0 F7200 X60.877 Y64.14
G1 F1800 X57.334 Y67.683 E0.08333
G0 F7200 X57.616 Y67.966
G1 F1800 X61.423 Y64.159 E0.08953
G1 X61.493 Y64.089
G0 F7200 X64.304 Y66.37
G1 F1800 X60.163 Y70.511 E0.09739
G0 F7200 X60.446 Y70.793
G1 F1800 X64.074 Y67.165 E0.08532
G0 F7200 X64.193 Y67.611
G1 F1800 X60.728 Y71.076 E0.08149
G0 F7200 X61.011 Y71.359
G1 F1800 X64.313 Y68.058 E0.07765
G0 F7200 X64.432 Y68.504
G1 F1800 X61.294 Y71.642 E0.0738
G0 F7200 X61.577 Y71.925
G1 F1800 X64.552 Y68.95 E0.06997
G0 F7200 X64.671 Y69.396
G1 F1800 X61.86 Y72.208 E0.06612
G0 F7200 X62.143 Y72.49
G1 F1800 X64.791 Y69.842 E0.06228
G0 F7200 X65.011 Y70.188
G1 F1800 X62.426 Y72.773 E0.0608
G0 F7200 X62.708 Y73.056
G1 F1800 X65.319 Y70.446 E0.06139
G0 F7200 X65.715 Y70.615
G1 F1800 X62.991 Y73.339 E0.06406
G0 F7200 X63.274 Y73.622
G1 F1800 X66.163 Y70.733 E0.06794
G0 F7200 X66.609 Y70.852
G1 F1800 X63.557 Y73.905 E0.07179
G0 F7200 X63.84 Y74.188
G1 F1800 X67.056 Y70.971 E0.07565
G0 F7200 X67.503 Y71.09
G1 F1800 X64.123 Y74.47 E0.07949
G0 F7200 X64.405 Y74.753
G1 F1800 X67.95 Y71.208 E0.08337
G0 F7200 X68.483 Y71.241
G1 F1800 X64.688 Y75.036 E0.08925
G0 F7200 X64.971 Y75.319
G1 F1800 X75.32 Y64.97 E0.24339
G0 F7200 X75.603 Y65.253
G1 F1800 X65.254 Y75.602 E0.24339
G0 F7200 X65.537 Y75.885
G1 F1800 X75.886 Y65.535 E0.2434
G0 F7200 X76.169 Y65.818
G1 F1800 X65.82 Y76.167 E0.24339
G0 F7200 X66.102 Y76.45
G1 F1800 X76.452 Y66.101 E0.2434
G0 F7200 X76.735 Y66.384
G1 F1800 X66.385 Y76.733 E0.2434
G0 F7200 X66.668 Y77.016
G1 F1800 X77.017 Y66.667 E0.24339
G0 F7200 X77.3 Y66.95
G1 F1800 X66.951 Y77.299 E0.24339
G0 F7200 X67.234 Y77.582
G1 F1800 X71.363 Y73.452 E0.09712
G1 X71.433 Y73.382
G0 F7200 X71.143 Y74.238
G1 F1800 X67.517 Y77.864 E0.08528
G0 F7200 X67.8 Y78.147
G1 F1800 X71.263 Y74.684 E0.08144
G0 F7200 X71.383 Y75.129
G1 F1800 X68.082 Y78.43 E0.07763
G0 F7200 X68.365 Y78.713
G1 F1800 X71.503 Y75.576 E0.07379
G0 F7200 X71.622 Y76.022
G1 F1800 X68.648 Y78.996 E0.06994
G0 F7200 X68.931 Y79.279
G1 F1800 X71.742 Y76.468 E0.06611
G0 F7200 X71.863 Y76.913
G1 F1800 X69.214 Y79.562 E0.0623
G0 F7200 X69.497 Y79.844
G1 F1800 X72.082 Y77.259 E0.0608
G0 F7200 X72.391 Y77.516
G1 F1800 X69.779 Y80.127 E0.06142
G0 F7200 X70.062 Y80.41
G1 F1800 X72.788 Y77.684 E0.06411
G0 F7200 X73.234 Y77.804
G1 F1800 X70.345 Y80.693 E0.06794
G0 F7200 X70.628 Y80.976
G1 F1800 X73.679 Y77.925 E0.07175
G0 F7200 X74.125 Y78.045
G1 F1800 X70.911 Y81.259 E0.07559
G0 F7200 X71.194 Y81.541
G1 F1800 X74.57 Y78.165 E0.0794
G0 F7200 X75.016 Y78.284
G1 F1800 X71.476 Y81.824 E0.08326
G0 F7200 X71.759 Y82.107
G1 F1800 X75.565 Y78.301 E0.08951
G1 X75.635 Y78.231
G0 F7200 X78.439 Y80.519
G1 F1800 X74.305 Y84.653 E0.09723
G0 F7200 X74.588 Y84.936
G1 F1800 X78.214 Y81.309 E0.08529
G0 F7200 X78.333 Y81.756
G1 F1800 X74.871 Y85.218 E0.08142
G0 F7200 X75.153 Y85.501
G1 F1800 X78.452 Y82.203 E0.07758
G0 F7200 X78.572 Y82.649
G1 F1800 X75.436 Y85.784 E0.07374
G0 F7200 X75.719 Y86.067
G1 F1800 X78.69 Y83.096 E0.06987
G0 F7200 X78.809 Y83.543
G1 F1800 X76.002 Y86.35 E0.06602
G0 F7200 X76.285 Y86.633
G1 F1800 X78.928 Y83.989 E0.06217
G0 F7200 X79.151 Y84.332
G1 F1800 X76.568 Y86.915 E0.06075
G0 F7200 X76.85 Y87.198
G1 F1800 X79.459 Y84.59 E0.06135
G0 F7200 X79.855 Y84.759
G1 F1800 X77.133 Y87.481 E0.06402
G0 F7200 X77.416 Y87.764
G1 F1800 X80.301 Y84.879 E0.06785
G0 F7200 X80.747 Y84.998
G1 F1800 X77.699 Y88.047 E0.0717
G0 F7200 X77.982 Y88.33
G1 F1800 X81.194 Y85.118 E0.07554
G0 F7200 X81.64 Y85.237
G1 F1800 X78.265 Y88.613 E0.07939
G0 F7200 X78.548 Y88.895
G1 F1800 X82.087 Y85.356 E0.08323
G0 F7200 X82.635 Y85.374
G1 F1800 X78.83 Y89.178 E0.08948
G0 F7200 X79.113 Y89.461
G1 F1800 X89.462 Y79.112 E0.24339
G0 F7200 X89.18 Y78.829
G1 F1800 X85.383 Y82.625 E0.08929
G0 F7200 X85.358 Y82.085
G1 F1800 X88.897 Y78.546 E0.08323
G0 F7200 X88.614 Y78.263
G1 F1800 X85.239 Y81.638 E0.07937
G0 F7200 X85.119 Y81.192
G1 F1800 X88.331 Y77.98 E0.07554
G0 F7200 X88.048 Y77.698
G1 F1800 X85 Y80.746 E0.07168
G0 F7200 X84.88 Y80.3
G1 F1800 X87.765 Y77.415 E0.06785
G0 F7200 X87.483 Y77.132
G1 F1800 X84.761 Y79.854 E0.06402
G0 F7200 X84.591 Y79.458
G1 F1800 X87.2 Y76.849 E0.06136
G0 F7200 X86.917 Y76.566
G1 F1800 X84.332 Y79.151 E0.0608
G0 F7200 X83.988 Y78.929
G1 F1800 X86.634 Y76.283 E0.06223
G0 F7200 X86.351 Y76.001
G1 F1800 X83.541 Y78.811 E0.06609
G0 F7200 X83.094 Y78.692
G1 F1800 X86.068 Y75.718 E0.06994
G0 F7200 X85.785 Y75.435
G1 F1800 X82.647 Y78.573 E0.0738
G0 F7200 X82.2 Y78.454
G1 F1800 X85.503 Y75.152 E0.07767
G0 F7200 X85.22 Y74.869
G1 F1800 X81.754 Y78.335 E0.08152
G0 F7200 X81.307 Y78.217
G1 F1800 X84.937 Y74.586 E0.08538
G0 F7200 X84.654 Y74.303
G1 F1800 X80.488 Y78.47 E0.09799
G1 X80.418 Y78.54
G0 F7200 X78.311 Y75.556
G1 F1800 X82.109 Y71.758 E0.08932
G0 F7200 X82.391 Y72.041
G1 F1800 X72.042 Y82.39 E0.24339
G0 F7200 X72.325 Y82.673
G1 F1800 X82.674 Y72.324 E0.24339
G0 F7200 X82.957 Y72.606
G1 F1800 X72.608 Y82.956 E0.2434
G0 F7200 X72.891 Y83.238
G1 F1800 X83.24 Y72.889 E0.24339
G0 F7200 X83.523 Y73.172
G1 F1800 X73.174 Y83.521 E0.24339
G0 F7200 X73.456 Y83.804
G1 F1800 X83.806 Y73.455 E0.2434
G0 F7200 X84.088 Y73.738
G1 F1800 X73.739 Y84.087 E0.24339
G0 F7200 X74.022 Y84.37
G1 F1800 X84.371 Y74.021 E0.24339
G1 X84.441 Y73.951
G0 F7200 X81.826 Y71.475
G1 F1800 X78.285 Y75.016 E0.08328
G0 F7200 X78.166 Y74.569
G1 F1800 X81.543 Y71.192 E0.07942
G0 F7200 X81.26 Y70.909
G1 F1800 X78.045 Y74.124 E0.07561
G0 F7200 X77.925 Y73.678
G1 F1800 X80.977 Y70.627 E0.07177
G0 F7200 X80.694 Y70.344
G1 F1800 X77.805 Y73.233 E0.06794
G0 F7200 X77.685 Y72.787
G1 F1800 X80.411 Y70.061 E0.06411
G0 F7200 X80.129 Y69.778
G1 F1800 X77.516 Y72.391 E0.06145
G0 F7200 X77.256 Y72.085
G1 F1800 X79.846 Y69.495 E0.06091
G0 F7200 X79.563 Y69.212
G1 F1800 X76.912 Y71.863 E0.06235
G0 F7200 X76.467 Y71.743
G1 F1800 X79.28 Y68.929 E0.06617
G0 F7200 X78.997 Y68.647
G1 F1800 X76.02 Y71.624 E0.07001
G0 F7200 X75.574 Y71.504
G1 F1800 X78.714 Y68.364 E0.07385
G0 F7200 X78.432 Y68.081
G1 F1800 X75.129 Y71.384 E0.07768
G0 F7200 X74.682 Y71.264
G1 F1800 X78.149 Y67.798 E0.08153
G0 F7200 X77.866 Y67.515
G1 F1800 X74.237 Y71.144 E0.08535
G1 X74.167 Y71.214
G0 F7200 X73.416 Y71.399
G1 F1800 X77.583 Y67.232 E0.098
G1 X77.653 Y67.162
G0 F7200 X75.037 Y64.687
G1 F1800 X71.238 Y68.486 E0.08935
G0 F7200 X71.21 Y67.949
G1 F1800 X74.755 Y64.404 E0.08337
G0 F7200 X74.472 Y64.121
G1 F1800 X71.09 Y67.503 E0.07954
G0 F7200 X70.971 Y67.056
G1 F1800 X74.189 Y63.838 E0.07568
G0 F7200 X73.906 Y63.555
G1 F1800 X70.852 Y66.609 E0.07183
G0 F7200 X70.733 Y66.163
G1 F1800 X73.623 Y63.273 E0.06797
G0 F7200 X73.34 Y62.99
G1 F1800 X70.613 Y65.717 E0.06413
G0 F7200 X70.445 Y65.32
G1 F1800 X73.058 Y62.707 E0.06145
G0 F7200 X72.775 Y62.424
G1 F1800 X70.188 Y65.011 E0.06084
G0 F7200 X69.842 Y64.791
G1 F1800 X72.492 Y62.141 E0.06232
G0 F7200 X72.209 Y61.858
G1 F1800 X69.395 Y64.672 E0.06618
G0 F7200 X68.949 Y64.552
G1 F1800 X71.926 Y61.576 E0.07
G0 F7200 X71.643 Y61.293
G1 F1800 X68.503 Y64.433 E0.07385
G0 F7200 X68.057 Y64.313
G1 F1800 X71.361 Y61.01 E0.07769
G0 F7200 X71.078 Y60.727
G1 F1800 X67.611 Y64.194 E0.08154
G0 F7200 X67.165 Y64.074
G1 F1800 X70.795 Y60.444 E0.08537
G0 F7200 X70.512 Y60.161
G1 F1800 X66.337 Y64.336 E0.09819
G1 X66.267 Y64.406
G0 F7200 X64.171 Y61.412
G1 F1800 X67.966 Y57.616 E0.08926
G0 F7200 X67.684 Y57.333
G1 F1800 X64.141 Y60.876 E0.08333
G0 F7200 X64.021 Y60.429
G1 F1800 X67.401 Y57.05 E0.07948
G0 F7200 X67.118 Y56.767
G1 F1800 X63.901 Y59.984 E0.07566
G0 F7200 X63.782 Y59.538
G1 F1800 X66.835 Y56.484 E0.07181
G0 F7200 X66.552 Y56.202
G1 F1800 X63.662 Y59.091 E0.06796
G0 F7200 X63.542 Y58.646
G1 F1800 X66.269 Y55.919 E0.06413
G0 F7200 X65.986 Y55.636
G1 F1800 X63.375 Y58.247 E0.06141
G0 F7200 X63.119 Y57.938
G1 F1800 X65.704 Y55.353 E0.0608
G0 F7200 X65.421 Y55.07
G1 F1800 X62.771 Y57.72 E0.06232
G0 F7200 X62.324 Y57.601
G1 F1800 X65.138 Y54.787 E0.06618
G0 F7200 X64.855 Y54.504
G1 F1800 X61.878 Y57.481 E0.07001
G0 F7200 X61.432 Y57.362
G1 F1800 X64.572 Y54.222 E0.07385
G0 F7200 X64.289 Y53.939
G1 F1800 X60.986 Y57.242 E0.07768
G0 F7200 X60.54 Y57.123
G1 F1800 X64.007 Y53.656 E0.08154
G0 F7200 X63.724 Y53.373
G1 F1800 X60.093 Y57.003 E0.08538
G1 X60.023 Y57.073
G0 F7200 X59.271 Y57.26
G1 F1800 X63.441 Y53.09 E0.09807
G1 X63.511 Y53.02
G0 F7200 X60.895 Y50.545
G1 F1800 X57.099 Y54.341 E0.08928
G0 F7200 X57.073 Y53.801
G1 F1800 X60.612 Y50.262 E0.08323
G0 F7200 X60.33 Y49.979
G1 F1800 X56.955 Y53.354 E0.07937
G0 F7200 X56.835 Y52.908
G1 F1800 X60.047 Y49.696 E0.07554
G0 F7200 X59.764 Y49.413
G1 F1800 X56.716 Y52.462 E0.0717
G0 F7200 X56.596 Y52.015
G1 F1800 X59.481 Y49.13 E0.06785
G0 F7200 X59.198 Y48.848
G1 F1800 X56.477 Y51.569 E0.06399
G0 F7200 X56.306 Y51.174
G1 F1800 X58.915 Y48.565 E0.06136
G0 F7200 X58.633 Y48.282
G1 F1800 X56.047 Y50.867 E0.06081
G0 F7200 X55.703 Y50.646
G1 F1800 X58.35 Y47.999 E0.06225
G0 F7200 X58.067 Y47.716
G1 F1800 X55.256 Y50.527 E0.06611
G0 F7200 X54.81 Y50.408
G1 F1800 X57.784 Y47.433 E0.06996
G0 F7200 X57.501 Y47.151
G1 F1800 X54.363 Y50.289 E0.0738
G0 F7200 X53.916 Y50.17
G1 F1800 X57.218 Y46.868 E0.07766
G0 F7200 X56.936 Y46.585
G1 F1800 X53.469 Y50.051 E0.08153
G0 F7200 X53.022 Y49.932
G1 F1800 X56.653 Y46.302 E0.08538
G0 F7200 X56.37 Y46.019
G1 F1800 X52.204 Y50.185 E0.09798
G1 X52.134 Y50.255
G0 F7200 X50.027 Y47.271
G1 F1800 X53.824 Y43.474 E0.0893
G0 F7200 X54.107 Y43.756
G1 F1800 X43.757 Y54.106 E0.24342
G0 F7200 X44.04 Y54.389
G1 F1800 X54.39 Y44.039 E0.24342
G0 F7200 X54.673 Y44.322
G1 F1800 X44.323 Y54.672 E0.24342
G0 F7200 X44.606 Y54.955
G1 F1800 X54.956 Y44.605 E0.24342
G0 F7200 X55.238 Y44.888
G1 F1800 X44.889 Y55.238 E0.2434
G0 F7200 X45.171 Y55.521
G1 F1800 X55.521 Y45.171 E0.24342
G0 F7200 X55.804 Y45.454
G1 F1800 X45.454 Y55.803 E0.2434
G0 F7200 X45.737 Y56.086
G1 F1800 X56.087 Y45.736 E0.24342
G1 X56.157 Y45.666
G0 F7200 X53.541 Y43.191
G1 F1800 X50.002 Y46.731 E0.08324
G0 F7200 X49.881 Y46.285
G1 F1800 X53.259 Y42.908 E0.07943
G0 F7200 X52.976 Y42.625
G1 F1800 X49.761 Y45.84 E0.07561
G0 F7200 X49.641 Y45.394
G1 F1800 X52.693 Y42.342 E0.07178
G0 F7200 X52.41 Y42.059
G1 F1800 X49.521 Y44.949 E0.06796
G0 F7200 X49.401 Y44.503
G1 F1800 X52.127 Y41.777 E0.06411
G0 F7200 X51.844 Y41.494
G1 F1800 X49.232 Y44.106 E0.06143
G0 F7200 X48.972 Y43.8
G1 F1800 X51.562 Y41.211 E0.0609
G0 F7200 X51.279 Y40.928
G1 F1800 X48.628 Y43.579 E0.06235
G0 F7200 X48.182 Y43.459
G1 F1800 X50.996 Y40.645 E0.06618
G0 F7200 X50.713 Y40.362
G1 F1800 X47.736 Y43.339 E0.07001
G0 F7200 X47.29 Y43.22
G1 F1800 X50.43 Y40.08 E0.07385
G0 F7200 X50.147 Y39.797
G1 F1800 X46.844 Y43.1 E0.07768
G0 F7200 X46.398 Y42.98
G1 F1800 X49.864 Y39.514 E0.08152
G0 F7200 X49.582 Y39.231
G1 F1800 X45.953 Y42.86 E0.08535
G1 X45.883 Y42.93
G0 F7200 X45.142 Y43.105
G1 F1800 X49.299 Y38.948 E0.09777
G1 X49.369 Y38.878
G0 F7200 X68.249 Y57.899
G1 F1800 X57.899 Y68.249 E0.24342
G0 F7200 X58.182 Y68.531
G1 F1800 X68.532 Y58.181 E0.24342
G0 F7200 X68.815 Y58.464
G1 F1800 X58.465 Y68.814 E0.24342
G0 F7200 X58.749 Y69.096
G1 F1800 X69.098 Y58.747 E0.24339
G0 F7200 X69.381 Y59.03
G1 F1800 X59.031 Y69.379 E0.2434
G0 F7200 X59.314 Y69.662
G1 F1800 X69.663 Y59.313 E0.24339
G0 F7200 X69.946 Y59.596
G1 F1800 X59.597 Y69.945 E0.24339
G0 F7200 X59.88 Y70.228
G1 F1800 X70.229 Y59.879 E0.24339
G1 X70.299 Y59.809
G0 F7200 X89.745 Y79.395
G1 F1800 X79.396 Y89.744 E0.24339
G0 F7200 X79.679 Y90.027
G1 F1800 X90.028 Y79.677 E0.2434
G0 F7200 X90.311 Y79.96
G1 F1800 X79.962 Y90.31 E0.2434
G0 F7200 X80.245 Y90.592
G1 F1800 X90.594 Y80.243 E0.24339
G0 F7200 X90.877 Y80.526
G1 F1800 X80.527 Y90.875 E0.2434
G0 F7200 X80.81 Y91.158
G1 F1800 X91.159 Y80.809 E0.24339
G0 F7200 X91.442 Y81.092
G1 F1800 X81.093 Y91.441 E0.24339
G0 F7200 X81.376 Y91.724
G1 F1800 X85.514 Y87.586 E0.09732
G1 X85.584 Y87.516
G0 F7200 X85.286 Y88.379
G1 F1800 X81.659 Y92.007 E0.08531
G0 F7200 X81.942 Y92.289
G1 F1800 X85.405 Y88.826 E0.08144
G0 F7200 X85.525 Y89.272
G1 F1800 X82.224 Y92.572 E0.07762
G0 F7200 X82.507 Y92.855
G1 F1800 X85.643 Y89.719 E0.07375
G0 F7200 X85.762 Y90.166
G1 F1800 X82.79 Y93.138 E0.0699
G0 F7200 X83.073 Y93.421
G1 F1800 X85.881 Y90.613 E0.06604
G0 F7200 X86 Y91.06
G1 F1800 X83.356 Y93.704 E0.06218
G0 F7200 X83.639 Y93.987
G1 F1800 X86.222 Y91.403 E0.06076
G0 F7200 X86.53 Y91.661
G1 F1800 X83.922 Y94.269 E0.06134
G0 F7200 X84.204 Y94.552
G1 F1800 X86.925 Y91.831 E0.06399
G0 F7200 X87.372 Y91.95
G1 F1800 X84.487 Y94.835 E0.06785
G0 F7200 X84.77 Y95.118
G1 F1800 X87.819 Y92.069 E0.07171
G0 F7200 X88.266 Y92.188
G1 F1800 X85.053 Y95.401 E0.07556
G0 F7200 X85.336 Y95.684
G1 F1800 X88.713 Y92.306 E0.07943
G0 F7200 X89.16 Y92.425
G1 F1800 X85.619 Y95.966 E0.08328
G0 F7200 X85.901 Y96.249
G1 F1800 X89.688 Y92.463 E0.08905
G0 F7200 X90.081 Y92.635
G1 F1800 X86.184 Y96.532 E0.09165
G1 X86.114 Y96.602
G0 F7200 X92.632 Y90.084
G1 F1800 X96.534 Y86.183 E0.09176
G0 F7200 X96.251 Y85.9
G1 F1800 X92.464 Y89.687 E0.08906
G0 F7200 X92.426 Y89.159
G1 F1800 X95.968 Y85.617 E0.0833
G0 F7200 X95.685 Y85.334
G1 F1800 X92.307 Y88.712 E0.07945
G0 F7200 X92.188 Y88.265
G1 F1800 X95.402 Y85.052 E0.07558
G0 F7200 X95.119 Y84.769
G1 F1800 X92.07 Y87.818 E0.07171
G0 F7200 X91.951 Y87.372
G1 F1800 X94.836 Y84.486 E0.06786
G0 F7200 X94.554 Y84.203
G1 F1800 X91.832 Y86.925 E0.06402
G0 F7200 X91.662 Y86.529
G1 F1800 X94.271 Y83.92 E0.06136
G0 F7200 X93.988 Y83.637
G1 F1800 X91.403 Y86.222 E0.0608
G0 F7200 X91.059 Y86
G1 F1800 X93.705 Y83.354 E0.06223
G0 F7200 X93.422 Y83.072
G1 F1800 X90.612 Y85.882 E0.06609
G0 F7200 X90.165 Y85.763
G1 F1800 X93.139 Y82.789 E0.06994
G0 F7200 X92.857 Y82.506
G1 F1800 X89.718 Y85.644 E0.07381
G0 F7200 X89.272 Y85.525
G1 F1800 X92.574 Y82.223 E0.07766
G0 F7200 X92.291 Y81.94
G1 F1800 X88.825 Y85.406 E0.08152
G0 F7200 X88.378 Y85.288
G1 F1800 X92.008 Y81.657 E0.08538
G0 F7200 X91.725 Y81.375
G1 F1800 X87.556 Y85.544 E0.09805
G1 X87.486 Y85.614
G0 F7200 X87.442 Y85.569
;MESH:NONMESH
G0 F600 X87.442 Y85.569 Z0.9
G0 F7200 X84.277 Y79.363
G0 X55.992 Y51.079
G0 X48.571 Y48.621
G0 X47.364 Y49.82
G0 X44.008 Y48.921
G0 X15.723 Y20.637
G0 X12.361 Y14.204
G0 X12.138 Y13.98
;TIME_ELAPSED:1022.670515
;LAYER:6
;TYPE:WALL-INNER
;MESH:bodyNW.stl
G1 F3600 X11.924 Y14.096 E0.00405
G1 X11.69 Y14.125 E0.00392
G1 X9.081 Y13.428 E0.04491
G1 X8.916 Y13.301 E0.00346
G1 X8.787 Y13.134 E0.00351
G1 X8.112 Y10.616 E0.04335
G1 X8.106 Y10.327 E0.00481
G1 X8.21 Y10.092 E0.00427
G1 X10.035 Y8.267 E0.04292
G1 X10.327 Y8.106 E0.00555
G1 X10.616 Y8.112 E0.00481
G1 X13.132 Y8.787 E0.04332
G1 X13.301 Y8.916 E0.00354
G1 X13.428 Y9.081 E0.00346
G1 X14.125 Y11.69 E0.04491
G1 X14.096 Y11.924 E0.00392
G1 X13.945 Y12.177 E0.0049
G1 X12.138 Y13.98 E0.04245
G0 F7200 X12.361 Y14.204
G0 X15.723 Y20.637
G0 X19.079 Y21.536
G0 X19.211 Y21.052
G1 F3600 X18.996 Y21.168 E0.00406
G1 X18.762 Y21.197 E0.00392
G1 X16.15 Y20.501 E0.04495
G1 X15.983 Y20.373 E0.0035
G1 X15.855 Y20.206 E0.0035
G1 X15.159 Y17.594 E0.04495
G1 X15.188 Y17.36 E0.00392
G1 X15.304 Y17.146 E0.00405
G1 X17.107 Y15.339 E0.04245
G1 X17.36 Y15.188 E0.0049
G1 X17.595 Y15.159 E0.00394
G1 X20.203 Y15.859 E0.04491
G1 X20.373 Y15.987 E0.00354
G1 X20.5 Y16.154 E0.00349
G1 X21.197 Y18.762 E0.04489
G1 X21.168 Y18.996 E0.00392
G1 X21.016 Y19.25 E0.00492
G1 X19.211 Y21.052 E0.04242
G0 F7200 X19.433 Y21.274
G0 X22.793 Y27.708
G0 X26.15 Y28.607
G0 X26.282 Y28.124
G1 F3600 X26.068 Y28.24 E0.00405
G1 X25.834 Y28.269 E0.00392
G1 X23.222 Y27.573 E0.04495
G1 X23.055 Y27.445 E0.0035
G1 X22.927 Y27.278 E0.0035
G1 X22.231 Y24.663 E0.045
G1 X22.26 Y24.429 E0.00392
G1 X22.376 Y24.214 E0.00406
G1 X24.175 Y22.411 E0.04236
G1 X24.429 Y22.26 E0.00491
G1 X24.663 Y22.231 E0.00392
G1 X27.278 Y22.927 E0.045
G1 X27.445 Y23.055 E0.0035
G1 X27.573 Y23.222 E0.0035
G1 X28.269 Y25.834 E0.04495
G1 X28.24 Y26.068 E0.00392
G1 X28.089 Y26.321 E0.0049
G1 X26.282 Y28.124 E0.04245
G0 F7200 X26.503 Y28.346
G0 X29.866 Y34.779
G0 X33.221 Y35.678
G0 X33.355 Y35.196
G1 F3600 X33.14 Y35.312 E0.00406
G1 X32.905 Y35.341 E0.00394
G1 X30.297 Y34.641 E0.04491
G1 X30.127 Y34.513 E0.00354
G1 X30 Y34.346 E0.00349
G1 X29.303 Y31.738 E0.04489
G1 X29.332 Y31.504 E0.00392
G1 X29.448 Y31.29 E0.00405
G1 X31.251 Y29.483 E0.04245
G1 X31.504 Y29.332 E0.0049
G1 X31.738 Y29.303 E0.00392
G1 X34.347 Y30 E0.04491
G1 X34.512 Y30.127 E0.00346
G1 X34.641 Y30.294 E0.00351
G1 X35.341 Y32.905 E0.04495
G1 X35.312 Y33.14 E0.00394
G1 X35.16 Y33.394 E0.00492
G1 X33.355 Y35.196 E0.04242
G0 F7200 X33.575 Y35.416
G0 X36.936 Y41.851
G0 X40.294 Y42.747
G0 X40.426 Y42.264
G1 F3600 X40.211 Y42.38 E0.00406
G1 X39.977 Y42.409 E0.00392
G1 X37.366 Y41.713 E0.04494
G1 X37.199 Y41.585 E0.0035
G1 X37.071 Y41.418 E0.0035
G1 X36.375 Y38.807 E0.04494
G1 X36.404 Y38.573 E0.00392
G1 X36.52 Y38.358 E0.00406
G1 X38.319 Y36.555 E0.04236
G1 X38.573 Y36.404 E0.00491
G1 X38.807 Y36.375 E0.00392
G1 X41.419 Y37.072 E0.04496
G1 X41.584 Y37.199 E0.00346
G1 X41.712 Y37.365 E0.00349
G1 X42.409 Y39.974 E0.04491
G1 X42.38 Y40.208 E0.00392
G1 X42.227 Y40.462 E0.00493
G1 X40.426 Y42.264 E0.04237
G0 F7200 X40.647 Y42.486
G0 X44.008 Y48.921
G0 X47.364 Y49.82
G0 X47.494 Y49.336
G1 F3600 X47.28 Y49.452 E0.00405
G1 X47.046 Y49.481 E0.00392
G1 X44.437 Y48.784 E0.04491
G1 X44.272 Y48.657 E0.00346
G1 X44.143 Y48.49 E0.00351
G1 X43.443 Y45.879 E0.04495
G1 X43.472 Y45.644 E0.00394
G1 X43.588 Y45.429 E0.00406
G1 X45.391 Y43.623 E0.04244
G1 X45.644 Y43.472 E0.0049
G1 X45.879 Y43.443 E0.00394
G1 X48.487 Y44.143 E0.04491
G1 X48.657 Y44.271 E0.00354
G1 X48.784 Y44.438 E0.00349
G1 X49.481 Y47.046 E0.04489
G1 X49.452 Y47.28 E0.00392
G1 X49.301 Y47.533 E0.0049
G1 X47.494 Y49.336 E0.04245
G0 F7200 X47.717 Y49.559
G0 X51.079 Y55.992
G0 X54.435 Y56.891
G0 X54.566 Y56.408
G1 F3600 X54.352 Y56.524 E0.00405
G1 X54.118 Y56.553 E0.00392
G1 X51.506 Y55.857 E0.04495
G1 X51.339 Y55.729 E0.0035
G1 X51.211 Y55.562 E0.0035
G1 X50.515 Y52.95 E0.04495
G1 X50.544 Y52.716 E0.00392
G1 X50.66 Y52.502 E0.00405
G1 X52.463 Y50.695 E0.04245
G1 X52.716 Y50.544 E0.0049
G1 X52.95 Y50.515 E0.00392
G1 X55.562 Y51.211 E0.04495
G1 X55.729 Y51.339 E0.0035
G1 X55.857 Y51.506 E0.0035
G1 X56.553 Y54.118 E0.04495
G1 X56.524 Y54.352 E0.00392
G1 X56.373 Y54.605 E0.0049
G1 X54.566 Y56.408 E0.04245
G0 F7200 X54.788 Y56.63
G0 X58.15 Y63.063
G0 X61.506 Y63.962
G0 X61.638 Y63.48
G1 F3600 X61.424 Y63.596 E0.00405
G1 X61.189 Y63.625 E0.00394
G1 X58.581 Y62.925 E0.04491
G1 X58.411 Y62.797 E0.00354
G1 X58.284 Y62.63 E0.00349
G1 X57.587 Y60.022 E0.04489
G1 X57.616 Y59.788 E0.00392
G1 X57.732 Y59.574 E0.00405
G1 X59.535 Y57.767 E0.04245
G1 X59.788 Y57.616 E0.0049
G1 X60.022 Y57.587 E0.00392
G1 X62.631 Y58.284 E0.04491
G1 X62.796 Y58.411 E0.00346
G1 X62.925 Y58.578 E0.00351
G1 X63.625 Y61.189 E0.04495
G1 X63.596 Y61.424 E0.00394
G1 X63.445 Y61.677 E0.0049
G1 X61.638 Y63.48 E0.04245
G0 F7200 X61.859 Y63.701
G0 X65.221 Y70.134
G0 X68.577 Y71.033
G0 X68.71 Y70.548
G1 F3600 X68.495 Y70.664 E0.00406
G1 X68.261 Y70.693 E0.00392
G1 X65.649 Y69.996 E0.04496
G1 X65.484 Y69.869 E0.00346
G1 X65.356 Y69.703 E0.00349
G1 X64.659 Y67.094 E0.04491
G1 X64.688 Y66.86 E0.00392
G1 X64.804 Y66.646 E0.00405
G1 X66.607 Y64.839 E0.04245
G1 X66.86 Y64.688 E0.0049
G1 X67.094 Y64.659 E0.00392
G1 X69.702 Y65.356 E0.04489
G1 X69.869 Y65.483 E0.00349
G1 X69.997 Y65.65 E0.0035
G1 X70.693 Y68.261 E0.04494
G1 X70.664 Y68.495 E0.00392
G1 X70.513 Y68.749 E0.00491
G1 X68.71 Y70.548 E0.04236
G0 F7200 X68.932 Y70.77
G0 X72.292 Y77.207
G0 X75.65 Y78.103
G0 X75.782 Y77.62
G1 F3600 X75.567 Y77.736 E0.00406
G1 X75.333 Y77.765 E0.00392
G1 X72.721 Y77.068 E0.04496
G1 X72.556 Y76.941 E0.00346
G1 X72.427 Y76.774 E0.00351
G1 X71.727 Y74.163 E0.04495
G1 X71.756 Y73.928 E0.00394
G1 X71.872 Y73.713 E0.00406
G1 X73.675 Y71.908 E0.04243
G1 X73.928 Y71.756 E0.00491
G1 X74.163 Y71.727 E0.00394
G1 X76.771 Y72.427 E0.04491
G1 X76.941 Y72.555 E0.00354
G1 X77.068 Y72.722 E0.00349
G1 X77.765 Y75.33 E0.04489
G1 X77.736 Y75.564 E0.00392
G1 X77.583 Y75.818 E0.00493
G1 X75.782 Y77.62 E0.04237
G0 F7200 X76.003 Y77.842
G0 X79.363 Y84.277
G0 X82.719 Y85.176
G0 X82.85 Y84.692
G1 F3600 X82.636 Y84.808 E0.00405
G1 X82.402 Y84.837 E0.00392
G1 X79.79 Y84.141 E0.04495
G1 X79.623 Y84.013 E0.0035
G1 X79.495 Y83.846 E0.0035
G1 X78.799 Y81.234 E0.04495
G1 X78.828 Y81 E0.00392
G1 X78.944 Y80.785 E0.00406
G1 X80.747 Y78.979 E0.04244
G1 X81 Y78.828 E0.0049
G1 X81.234 Y78.799 E0.00392
G1 X83.846 Y79.495 E0.04495
G1 X84.013 Y79.623 E0.0035
G1 X84.141 Y79.79 E0.0035
G1 X84.837 Y82.402 E0.04495
G1 X84.808 Y82.636 E0.00392
G1 X84.657 Y82.889 E0.0049
G1 X82.85 Y84.692 E0.04245
G0 F7200 X83.072 Y84.915
G0 X86.434 Y91.348
G0 X89.79 Y92.247
G0 X89.961 Y91.729
G1 F3600 X89.67 Y91.889 E0.00552
G1 X89.381 Y91.884 E0.00481
G1 X86.862 Y91.213 E0.04335
G1 X86.695 Y91.085 E0.0035
G1 X86.567 Y90.918 E0.0035
G1 X85.871 Y88.306 E0.04495
G1 X85.9 Y88.072 E0.00392
G1 X86.016 Y87.858 E0.00405
G1 X87.819 Y86.051 E0.04245
G1 X88.072 Y85.9 E0.0049
G1 X88.306 Y85.871 E0.00392
G1 X90.918 Y86.567 E0.04495
G1 X91.085 Y86.695 E0.0035
G1 X91.213 Y86.862 E0.0035
G1 X91.884 Y89.381 E0.04335
G1 X91.89 Y89.67 E0.00481
G1 X91.784 Y89.906 E0.0043
G1 X89.961 Y91.729 E0.04287
G0 F7200 X90.18 Y91.949
G0 X86.416 Y97.191
G0 X86.416 Y97.587
G1 F3600 X97.587 Y86.416 E0.26272
G1 X13.584 Y2.413 E1.97562
G1 X2.413 Y13.584 E0.26272
G1 X86.416 Y97.587 E1.97562
G0 F7200 X86.416 Y98.153
;TYPE:WALL-OUTER
G1 F1800 X98.153 Y86.416 E0.27604
G1 X13.584 Y1.847 E1.98893
G1 X1.847 Y13.584 E0.27604
G1 X86.416 Y98.153 E1.98893
G0 F7200 X86.557 Y98.012
G0 X86.416 Y97.191
G0 X90.18 Y91.949
G0 X89.678 Y91.446
G1 F1800 X89.55 Y91.516 E0.00243
G1 X87.035 Y90.845 E0.04329
G1 X86.926 Y90.712 E0.00286
G1 X86.282 Y88.296 E0.04158
G1 X86.322 Y88.115 E0.00308
G1 X88.126 Y86.31 E0.04244
G1 X88.252 Y86.276 E0.00217
G1 X90.745 Y86.935 E0.04288
G1 X90.854 Y87.068 E0.00286
G1 X91.498 Y89.484 E0.04158
G1 X91.468 Y89.651 E0.00282
G1 X89.678 Y91.446 E0.04216
G0 F7200 X89.55 Y91.516
G0 X89.498 Y91.503
G0 X89.315 Y92.187
G0 X86.434 Y91.348
G0 X83.097 Y84.89
G0 X82.593 Y84.386
G1 F1800 X82.456 Y84.432 E0.0024
G1 X79.963 Y83.773 E0.04288
G1 X79.854 Y83.64 E0.00286
G1 X79.21 Y81.224 E0.04158
G1 X79.25 Y81.043 E0.00308
G1 X81.054 Y79.238 E0.04244
G1 X81.18 Y79.204 E0.00217
G1 X83.673 Y79.863 E0.04288
G1 X83.782 Y79.996 E0.00286
G1 X84.439 Y82.46 E0.04241
G1 X84.401 Y82.579 E0.00208
G1 X82.593 Y84.386 E0.04251
G0 F7200 X82.456 Y84.432
G0 X82.403 Y84.418
G0 X82.218 Y85.109
G0 X79.363 Y84.277
G0 X76.028 Y77.817
G0 X75.525 Y77.314
G1 F1800 X75.387 Y77.36 E0.00242
G1 X72.895 Y76.701 E0.04287
G1 X72.786 Y76.568 E0.00286
G1 X72.138 Y74.152 E0.0416
G1 X72.178 Y73.971 E0.00308
G1 X73.982 Y72.166 E0.04244
G1 X74.108 Y72.132 E0.00217
G1 X76.601 Y72.795 E0.0429
G1 X76.71 Y72.928 E0.00286
G1 X77.367 Y75.388 E0.04234
G1 X77.329 Y75.507 E0.00208
G1 X75.525 Y77.314 E0.04246
G0 F7200 X75.387 Y77.36
G0 X75.334 Y77.346
G0 X75.15 Y78.036
G0 X72.292 Y77.207
G0 X68.956 Y70.746
G0 X68.453 Y70.242
G1 F1800 X68.315 Y70.288 E0.00242
G1 X65.823 Y69.629 E0.04287
G1 X65.714 Y69.496 E0.00286
G1 X65.07 Y67.084 E0.04152
G1 X65.11 Y66.903 E0.00308
G1 X66.914 Y65.098 E0.04244
G1 X67.04 Y65.064 E0.00217
G1 X69.529 Y65.723 E0.04282
G1 X69.638 Y65.856 E0.00286
G1 X70.288 Y68.315 E0.0423
G1 X70.23 Y68.466 E0.00269
G1 X68.453 Y70.242 E0.04178
G0 F7200 X68.315 Y70.288
G0 X68.262 Y70.274
G0 X68.077 Y70.966
G0 X65.221 Y70.134
G0 X61.883 Y63.677
G0 X61.381 Y63.174
G1 F1800 X61.244 Y63.22 E0.0024
G1 X58.751 Y62.557 E0.0429
G1 X58.642 Y62.424 E0.00286
G1 X57.998 Y60.012 E0.04152
G1 X58.038 Y59.831 E0.00308
G1 X59.842 Y58.026 E0.04244
G1 X59.968 Y57.992 E0.00217
G1 X62.457 Y58.651 E0.04282
G1 X62.566 Y58.784 E0.00286
G1 X63.227 Y61.248 E0.04243
G1 X63.189 Y61.367 E0.00208
G1 X61.381 Y63.174 E0.04251
G0 F7200 X61.244 Y63.22
G0 X61.191 Y63.206
G0 X61.006 Y63.895
G0 X58.15 Y63.063
G0 X54.812 Y56.606
G0 X54.309 Y56.102
G1 F1800 X54.172 Y56.148 E0.0024
G1 X51.679 Y55.489 E0.04288
G1 X51.57 Y55.356 E0.00286
G1 X50.926 Y52.94 E0.04158
G1 X50.966 Y52.759 E0.00308
G1 X52.77 Y50.954 E0.04244
G1 X52.896 Y50.92 E0.00217
G1 X55.389 Y51.579 E0.04288
G1 X55.498 Y51.712 E0.00286
G1 X56.155 Y54.176 E0.04241
G1 X56.117 Y54.295 E0.00208
G1 X54.309 Y56.102 E0.04251
G0 F7200 X54.172 Y56.148
G0 X54.119 Y56.134
G0 X53.934 Y56.824
G0 X51.079 Y55.992
G0 X47.741 Y49.535
G0 X47.237 Y49.03
G1 F1800 X47.1 Y49.076 E0.0024
G1 X44.611 Y48.417 E0.04282
G1 X44.502 Y48.284 E0.00286
G1 X43.854 Y45.868 E0.0416
G1 X43.894 Y45.687 E0.00308
G1 X45.698 Y43.882 E0.04244
G1 X45.824 Y43.848 E0.00217
G1 X48.317 Y44.511 E0.0429
G1 X48.426 Y44.644 E0.00286
G1 X49.083 Y47.104 E0.04234
G1 X49.045 Y47.223 E0.00208
G1 X47.237 Y49.03 E0.04251
G0 F7200 X47.1 Y49.076
G0 X47.047 Y49.062
G0 X46.862 Y49.753
G0 X44.008 Y48.921
G0 X40.672 Y42.461
G0 X40.169 Y41.958
G1 F1800 X40.031 Y42.004 E0.00242
G1 X37.539 Y41.345 E0.04287
G1 X37.43 Y41.212 E0.00286
G1 X36.78 Y38.753 E0.0423
G1 X36.826 Y38.615 E0.00242
G1 X38.627 Y36.813 E0.04237
G1 X38.753 Y36.78 E0.00217
G1 X41.245 Y37.439 E0.04287
G1 X41.354 Y37.572 E0.00286
G1 X42.011 Y40.032 E0.04234
G1 X41.973 Y40.151 E0.00208
G1 X40.169 Y41.958 E0.04246
G0 F7200 X40.031 Y42.004
G0 X39.978 Y41.99
G0 X39.794 Y42.68
G0 X36.936 Y41.851
G0 X33.599 Y35.392
G0 X33.097 Y34.89
G1 F1800 X32.969 Y34.944 E0.00231
G1 X30.466 Y34.273 E0.04309
G1 X30.358 Y34.14 E0.00285
G1 X29.714 Y31.728 E0.04152
G1 X29.754 Y31.547 E0.00308
G1 X31.558 Y29.742 E0.04244
G1 X31.684 Y29.708 E0.00217
G1 X34.173 Y30.367 E0.04282
G1 X34.282 Y30.5 E0.00286
G1 X34.943 Y32.964 E0.04243
G1 X34.905 Y33.083 E0.00208
G1 X33.097 Y34.89 E0.04251
G0 F7200 X32.969 Y34.944
G0 X32.911 Y34.929
G0 X32.728 Y35.613
G0 X29.866 Y34.779
G0 X26.528 Y28.321
G0 X26.025 Y27.818
G1 F1800 X25.888 Y27.864 E0.0024
G1 X23.395 Y27.205 E0.04288
G1 X23.286 Y27.072 E0.00286
G1 X22.636 Y24.609 E0.04236
G1 X22.682 Y24.471 E0.00242
G1 X24.483 Y22.669 E0.04237
G1 X24.609 Y22.636 E0.00217
G1 X27.105 Y23.295 E0.04293
G1 X27.214 Y23.428 E0.00286
G1 X27.871 Y25.892 E0.04241
G1 X27.833 Y26.011 E0.00208
G1 X26.025 Y27.818 E0.04251
G0 F7200 X25.888 Y27.864
G0 X25.835 Y27.85
G0 X25.65 Y28.54
G0 X22.793 Y27.708
G0 X19.457 Y21.25
G0 X18.953 Y20.746
G1 F1800 X18.826 Y20.8 E0.0023
G1 X16.323 Y20.133 E0.04308
G1 X16.214 Y20 E0.00286
G1 X15.57 Y17.584 E0.04158
G1 X15.61 Y17.403 E0.00308
G1 X17.414 Y15.598 E0.04244
G1 X17.54 Y15.564 E0.00217
G1 X20.033 Y16.227 E0.0429
G1 X20.142 Y16.36 E0.00286
G1 X20.799 Y18.82 E0.04234
G1 X20.761 Y18.939 E0.00208
G1 X18.953 Y20.746 E0.04251
G0 F7200 X18.826 Y20.8
G0 X18.767 Y20.785
G0 X18.583 Y21.47
G0 X15.723 Y20.637
G0 X12.386 Y14.179
G0 X11.881 Y13.674
G1 F1800 X11.744 Y13.72 E0.0024
G1 X9.255 Y13.061 E0.04282
G1 X9.146 Y12.928 E0.00286
G1 X8.498 Y10.512 E0.0416
G1 X8.528 Y10.345 E0.00282
G1 X10.318 Y8.55 E0.04216
G1 X10.444 Y8.48 E0.0024
G1 X12.962 Y9.155 E0.04335
G1 X13.07 Y9.288 E0.00285
G1 X13.727 Y11.748 E0.04234
G1 X13.689 Y11.867 E0.00208
G1 X11.881 Y13.674 E0.04251
G0 F7200 X11.744 Y13.72
G0 X11.691 Y13.706
G0 X11.506 Y14.397
G0 X15.723 Y20.637
G0 X86.416 Y97.045
;TYPE:SKIN
G1 F1800 X2.951 Y13.584 E1.96292
G1 X13.584 Y2.951 E0.25007
G1 X97.049 Y86.416 E1.96297
G1 X86.416 Y97.045 E0.25002
G0 F7200 X92.506 Y90.307
G1 F1437.1 X92.456 Y90.376 E0.00177
G1 F1478.4 X90.493 Y92.34 E0.05622
G1 F1398.1 X90.308 Y92.484 E0.00502
G0 F7200 X89.807 Y92.238
G1 F1800 X90.23 Y91.99 E0.00815
G1 X92.07 Y90.154 E0.04323
G1 X92.247 Y89.79 E0.00673
G1 X92.25 Y89.276 E0.00855
G1 X91.574 Y86.736 E0.04371
G1 X91.354 Y86.426 E0.00632
G1 X91.077 Y86.212 E0.00582
G1 X88.334 Y85.488 E0.04718
G1 X87.958 Y85.537 E0.00631
G1 X87.569 Y85.765 E0.0075
G1 X85.722 Y87.611 E0.04343
G1 X85.536 Y87.962 E0.00661
G1 X85.494 Y88.38 E0.00699
G1 X86.202 Y91.04 E0.04578
G1 X86.426 Y91.354 E0.00641
G1 X86.736 Y91.574 E0.00632
G1 X89.276 Y92.25 E0.04371
G1 X89.807 Y92.238 E0.00883
G0 F7200 X89.805 Y92.305
G0 X86.434 Y91.348
G0 X82.734 Y85.234
G0 X82.742 Y85.172
G1 F1800 X83.093 Y84.982 E0.00664
G1 X84.943 Y83.139 E0.04343
G1 X85.167 Y82.746 E0.00752
G1 X85.222 Y82.355 E0.00657
G1 X84.502 Y79.664 E0.04633
G1 X84.282 Y79.354 E0.00632
G1 X84.005 Y79.14 E0.00582
G1 X81.262 Y78.416 E0.04718
G1 X80.884 Y78.466 E0.00634
G1 X80.478 Y78.71 E0.00788
G1 X78.642 Y80.549 E0.04322
G1 X78.464 Y80.89 E0.0064
G1 X78.422 Y81.308 E0.00699
G1 X79.13 Y83.968 E0.04578
G1 X79.354 Y84.282 E0.00641
G1 X79.664 Y84.502 E0.00632
G1 X82.328 Y85.214 E0.04586
G1 X82.742 Y85.172 E0.00692
G0 F7200 X82.734 Y85.234
G0 X79.363 Y84.277
G0 X75.665 Y78.161
G0 X75.674 Y78.1
G1 F1800 X76.015 Y77.922 E0.0064
G1 X77.866 Y76.067 E0.04358
G1 X78.095 Y75.679 E0.00749
G1 X78.142 Y75.251 E0.00716
G1 X77.426 Y72.595 E0.04575
G1 X77.206 Y72.286 E0.00631
G1 X76.938 Y72.076 E0.00566
G1 X74.202 Y71.342 E0.04711
G1 X73.849 Y71.385 E0.00591
G1 X73.421 Y71.621 E0.00813
G1 X71.582 Y73.467 E0.04333
G1 X71.388 Y73.819 E0.00668
G1 X71.342 Y74.202 E0.00642
G1 X72.066 Y76.9 E0.04646
G1 X72.286 Y77.21 E0.00632
G1 X72.559 Y77.42 E0.00573
G1 X75.306 Y78.144 E0.04724
G1 X75.674 Y78.1 E0.00616
G0 F7200 X75.665 Y78.161
G0 X72.292 Y77.207
G0 X68.592 Y71.091
G0 X68.601 Y71.028
G1 F1800 X68.953 Y70.842 E0.00662
G1 X70.799 Y68.999 E0.04338
G1 X71.023 Y68.605 E0.00754
G1 X71.072 Y68.234 E0.00622
G1 X70.354 Y65.524 E0.04662
G1 X70.134 Y65.21 E0.00638
G1 X69.828 Y64.994 E0.00623
G1 X67.138 Y64.274 E0.04631
G1 X66.707 Y64.342 E0.00726
G1 X66.357 Y64.553 E0.0068
G1 X64.51 Y66.399 E0.04343
G1 X64.324 Y66.75 E0.00661
G1 X64.282 Y67.168 E0.00699
G1 X64.994 Y69.828 E0.04579
G1 X65.214 Y70.138 E0.00632
G1 X65.487 Y70.348 E0.00573
G1 X68.234 Y71.072 E0.04724
G1 X68.601 Y71.028 E0.00615
G0 F7200 X68.592 Y71.091
G0 X65.221 Y70.134
G0 X61.521 Y64.02
G0 X61.53 Y63.96
G1 F1800 X61.881 Y63.77 E0.00664
G1 X63.731 Y61.927 E0.04343
G1 X63.955 Y61.533 E0.00754
G1 X64.006 Y61.146 E0.00649
G1 X63.282 Y58.448 E0.04646
G1 X63.066 Y58.138 E0.00628
G1 X62.756 Y57.922 E0.00628
G1 X60.05 Y57.204 E0.04656
G1 X59.674 Y57.253 E0.00631
G1 X59.285 Y57.481 E0.0075
G1 X57.438 Y59.327 E0.04343
G1 X57.252 Y59.678 E0.00661
G1 X57.21 Y60.096 E0.00699
G1 X57.922 Y62.756 E0.04579
G1 X58.142 Y63.066 E0.00632
G1 X58.448 Y63.282 E0.00623
G1 X61.146 Y64.006 E0.04646
G1 X61.53 Y63.96 E0.00643
G0 F7200 X61.521 Y64.02
G0 X58.15 Y63.063
G0 X54.45 Y56.949
G0 X54.458 Y56.888
G1 F1800 X54.809 Y56.698 E0.00664
G1 X56.659 Y54.855 E0.04343
G1 X56.883 Y54.462 E0.00752
G1 X56.938 Y54.071 E0.00657
G1 X56.218 Y51.38 E0.04633
G1 X55.998 Y51.07 E0.00632
G1 X55.721 Y50.856 E0.00582
G1 X52.978 Y50.132 E0.04718
G1 X52.602 Y50.181 E0.00631
G1 X52.213 Y50.409 E0.0075
G1 X50.366 Y52.255 E0.04343
G1 X50.18 Y52.606 E0.00661
G1 X50.138 Y53.024 E0.00699
G1 X50.846 Y55.684 E0.04578
G1 X51.09 Y56.016 E0.00685
G1 X51.38 Y56.218 E0.00588
G1 X54.044 Y56.93 E0.04586
G1 X54.458 Y56.888 E0.00692
G0 F7200 X54.45 Y56.949
G0 X51.079 Y55.992
G0 X47.379 Y49.878
G0 X47.386 Y49.816
G1 F1800 X47.737 Y49.626 E0.00664
G1 X49.587 Y47.783 E0.04343
G1 X49.811 Y47.39 E0.00752
G1 X49.866 Y46.998 E0.00658
G1 X49.142 Y44.311 E0.04628
G1 X48.922 Y44.002 E0.00631
G1 X48.654 Y43.792 E0.00566
G1 X45.918 Y43.058 E0.04711
G1 X45.528 Y43.11 E0.00654
G1 X45.122 Y43.354 E0.00788
G1 X43.298 Y45.183 E0.04296
G1 X43.104 Y45.535 E0.00668
G1 X43.058 Y45.918 E0.00642
G1 X43.782 Y48.616 E0.04646
G1 X44.002 Y48.926 E0.00632
G1 X44.312 Y49.142 E0.00628
G1 X46.972 Y49.858 E0.04581
G1 X47.386 Y49.816 E0.00692
G0 F7200 X47.379 Y49.878
G0 X44.008 Y48.921
G0 X40.309 Y42.805
G0 X40.317 Y42.744
G1 F1800 X40.669 Y42.558 E0.00662
G1 X42.51 Y40.711 E0.04337
G1 X42.739 Y40.323 E0.00749
G1 X42.786 Y39.895 E0.00716
G1 X42.07 Y37.239 E0.04575
G1 X41.854 Y36.926 E0.00632
G1 X41.54 Y36.71 E0.00634
G1 X38.834 Y35.992 E0.04656
G1 X38.458 Y36.041 E0.00631
G1 X38.069 Y36.269 E0.0075
G1 X36.226 Y38.111 E0.04333
G1 X36.036 Y38.463 E0.00665
G1 X35.998 Y38.876 E0.0069
G1 X36.71 Y41.54 E0.04586
G1 X36.93 Y41.854 E0.00638
G1 X37.203 Y42.064 E0.00573
G1 X39.95 Y42.788 E0.04724
G1 X40.317 Y42.744 E0.00615
G0 F7200 X40.309 Y42.805
G0 X36.936 Y41.851
G0 X33.236 Y35.736
G0 X33.246 Y35.676
G1 F1800 X33.597 Y35.486 E0.00664
G1 X35.443 Y33.643 E0.04338
G1 X35.671 Y33.25 E0.00756
G1 X35.722 Y32.862 E0.00651
G1 X34.998 Y30.164 E0.04646
G1 X34.782 Y29.854 E0.00628
G1 X34.472 Y29.638 E0.00628
G1 X31.766 Y28.92 E0.04656
G1 X31.39 Y28.969 E0.00631
G1 X31.001 Y29.197 E0.0075
G1 X29.154 Y31.043 E0.04343
G1 X28.968 Y31.394 E0.00661
G1 X28.926 Y31.812 E0.00699
G1 X29.638 Y34.472 E0.04579
G1 X29.858 Y34.782 E0.00632
G1 X30.164 Y34.998 E0.00623
G1 X32.862 Y35.722 E0.04646
G1 X33.246 Y35.676 E0.00643
G0 F7200 X33.236 Y35.736
G0 X29.866 Y34.779
G0 X26.165 Y28.665
G0 X26.174 Y28.604
G1 F1800 X26.525 Y28.414 E0.00664
G1 X28.375 Y26.571 E0.04343
G1 X28.599 Y26.178 E0.00752
G1 X28.654 Y25.787 E0.00657
G1 X27.934 Y23.096 E0.04633
G1 X27.71 Y22.786 E0.00636
G1 X27.441 Y22.576 E0.00568
G1 X24.69 Y21.848 E0.04732
G1 X24.35 Y21.889 E0.0057
G1 X23.925 Y22.125 E0.00808
G1 X22.082 Y23.967 E0.04333
G1 X21.892 Y24.317 E0.00662
G1 X21.854 Y24.732 E0.00693
G1 X22.566 Y27.4 E0.04592
G1 X22.786 Y27.714 E0.00638
G1 X23.059 Y27.924 E0.00573
G1 X25.76 Y28.646 E0.04649
G1 X26.174 Y28.604 E0.00692
G0 F7200 X26.165 Y28.665
G0 X22.793 Y27.708
G0 X19.094 Y21.594
G0 X19.103 Y21.532
G1 F1800 X19.453 Y21.342 E0.00662
G1 X21.299 Y19.499 E0.04338
G1 X21.526 Y19.111 E0.00748
G1 X21.574 Y18.683 E0.00716
G1 X20.858 Y16.027 E0.04575
G1 X20.638 Y15.718 E0.00631
G1 X20.37 Y15.508 E0.00566
G1 X17.634 Y14.774 E0.04711
G1 X17.207 Y14.842 E0.00719
G1 X16.857 Y15.053 E0.0068
G1 X15.01 Y16.899 E0.04343
G1 X14.824 Y17.25 E0.00661
G1 X14.782 Y17.668 E0.00699
G1 X15.49 Y20.328 E0.04578
G1 X15.714 Y20.642 E0.00641
G1 X15.987 Y20.852 E0.00573
G1 X18.719 Y21.582 E0.04703
G1 X19.103 Y21.532 E0.00644
G0 F7200 X19.094 Y21.594
G0 X15.723 Y20.637
G0 X13.405 Y13.077
G0 X14.464 Y12.009
G0 X13.567 Y8.652
G0 X9.685 Y7.508
G1 F1440 X9.455 Y7.691 E0.00611
G1 F1525.4 X7.54 Y9.611 E0.05321
G1 F1457.5 X7.476 Y9.701 E0.00227
G0 F7200 X8.652 Y13.566
G0 X12.023 Y14.523
G0 X12.03 Y14.46
G1 F1800 X12.381 Y14.27 E0.00664
G1 X14.231 Y12.427 E0.04343
G1 X14.455 Y12.033 E0.00754
G1 X14.504 Y11.662 E0.00622
G1 X13.79 Y8.952 E0.04661
G1 X13.57 Y8.646 E0.00627
G1 X13.26 Y8.426 E0.00632
G1 X10.717 Y7.742 E0.04379
G1 X10.188 Y7.756 E0.0088
G1 X9.762 Y7.998 E0.00815
G1 X7.922 Y9.838 E0.04327
G1 X7.745 Y10.202 E0.00673
G1 X7.742 Y10.717 E0.00856
G1 X8.426 Y13.26 E0.04379
G1 X8.646 Y13.57 E0.00632
G1 X8.956 Y13.786 E0.00628
G1 X11.616 Y14.502 E0.04581
G1 X12.03 Y14.46 E0.00692
G0 F7200 X12.023 Y14.523
G0 X15.723 Y20.637
G0 X86.498 Y96.68
G1 F1800 X3.318 Y13.5 E1.95627
G0 F7200 X3.601 Y13.217
G1 F1800 X86.78 Y96.397 E1.95625
G0 F7200 X87.063 Y96.114
G1 F1800 X3.883 Y12.934 E1.95627
G0 F7200 X4.166 Y12.652
G1 F1800 X87.346 Y95.831 E1.95625
G0 F7200 X87.629 Y95.549
G1 F1800 X4.449 Y12.369 E1.95627
G0 F7200 X4.732 Y12.086
G1 F1800 X87.912 Y95.266 E1.95627
G0 F7200 X88.195 Y94.983
G1 F1800 X5.015 Y11.803 E1.95627
G0 F7200 X5.298 Y11.52
G1 F1800 X88.478 Y94.701 E1.95628
G0 F7200 X88.761 Y94.418
G1 F1800 X5.58 Y11.237 E1.95629
G0 F7200 X5.863 Y10.954
G1 F1800 X8.258 Y13.349 E0.05633
G1 X8.328 Y13.419
G0 F7200 X8.029 Y12.555
G1 F1800 X6.146 Y10.672 E0.04429
G0 F7200 X6.429 Y10.389
G1 F1800 X7.821 Y11.781 E0.03274
G1 X7.891 Y11.851
G0 F7200 X7.613 Y11.007
G1 F1800 X6.712 Y10.106 E0.02119
G0 F7200 X6.995 Y9.823
G1 F1800 X7.531 Y10.36 E0.01262
G0 F7200 X8.54 Y13.245
G0 X8.857 Y13.948
G1 F1800 X15.315 Y20.406 E0.15188
G1 X15.385 Y20.476
G0 F7200 X15.095 Y19.621
G1 F1800 X9.657 Y14.182 E0.12791
G1 X9.587 Y14.112
G0 F7200 X10.431 Y14.39
G1 F1800 X14.89 Y18.85 E0.10488
G0 F7200 X14.684 Y18.079
G1 F1800 X11.205 Y14.599 E0.08183
G0 F7200 X11.847 Y14.675
G1 F1800 X14.602 Y17.43 E0.06479
G0 F7200 X14.736 Y16.999
G1 F1800 X12.287 Y14.55 E0.0576
G0 F7200 X12.619 Y14.316
G1 F1800 X14.965 Y16.662 E0.05517
G0 F7200 X15.248 Y16.379
G1 F1800 X12.902 Y14.033 E0.05517
G0 F7200 X13.185 Y13.751
G1 F1800 X15.531 Y16.097 E0.05517
G0 F7200 X15.814 Y15.814
G1 F1800 X13.469 Y13.469 E0.05515
G0 F7200 X13.752 Y13.186
G1 F1800 X16.097 Y15.531 E0.05515
G0 F7200 X16.379 Y15.248
G1 F1800 X14.035 Y12.904 E0.05513
G0 F7200 X14.318 Y12.621
G1 F1800 X16.662 Y14.965 E0.05513
G0 F7200 X17.002 Y14.74
G1 F1800 X14.542 Y12.279 E0.05787
G0 F7200 X14.678 Y11.85
G1 F1800 X17.429 Y14.601 E0.0647
G0 F7200 X18.081 Y14.687
G1 F1800 X14.594 Y11.2 E0.08201
G0 F7200 X14.389 Y10.429
G1 F1800 X18.854 Y14.894 E0.10501
G1 X18.924 Y14.964
G0 F7200 X19.627 Y15.102
G1 F1800 X14.185 Y9.659 E0.128
G1 X14.115 Y9.589
G0 F7200 X13.964 Y8.873
G1 F1800 X20.425 Y15.334 E0.15195
G1 X20.495 Y15.404
G0 F7200 X21.017 Y15.925
G1 F1800 X27.482 Y22.391 E0.15206
G1 X27.552 Y22.461
G0 F7200 X26.695 Y22.17
G1 F1800 X21.254 Y16.728 E0.12798
G1 X21.184 Y16.658
G0 F7200 X21.462 Y17.502
G1 F1800 X25.923 Y21.963 E0.10492
G0 F7200 X25.152 Y21.758
G1 F1800 X21.671 Y18.277 E0.08187
G0 F7200 X21.751 Y18.923
G1 F1800 X24.502 Y21.674 E0.0647
G0 F7200 X24.073 Y21.81
G1 F1800 X21.613 Y19.351 E0.05784
G0 F7200 X21.388 Y19.691
G1 F1800 X23.734 Y22.037 E0.05517
G0 F7200 X23.451 Y22.32
G1 F1800 X21.105 Y19.974 E0.05517
G0 F7200 X20.822 Y20.256
G1 F1800 X23.168 Y22.603 E0.05519
G0 F7200 X22.886 Y22.886
G1 F1800 X20.539 Y20.539 E0.0552
G0 F7200 X20.256 Y20.822
G1 F1800 X22.603 Y23.168 E0.05519
G0 F7200 X22.32 Y23.451
G1 F1800 X19.974 Y21.105 E0.05517
G0 F7200 X19.691 Y21.388
G1 F1800 X22.037 Y23.734 E0.05517
G0 F7200 X21.804 Y24.066
G1 F1800 X19.356 Y21.618 E0.05757
G0 F7200 X18.926 Y21.755
G1 F1800 X21.671 Y24.5 E0.06456
G0 F7200 X21.76 Y25.154
G1 F1800 X18.278 Y21.672 E0.08189
G0 F7200 X17.506 Y21.466
G1 F1800 X21.966 Y25.926 E0.10489
G0 F7200 X22.172 Y26.698
G1 F1800 X16.734 Y21.259 E0.12791
G1 X16.664 Y21.189
G0 F7200 X15.947 Y21.039
G1 F1800 X22.4 Y27.491 E0.15175
G1 X22.47 Y27.561
G0 F7200 X23.019 Y28.11
G1 F1800 X29.472 Y34.563 E0.15176
G1 X29.542 Y34.633
G0 F7200 X29.242 Y33.768
G1 F1800 X23.805 Y28.331 E0.12787
G0 F7200 X24.578 Y28.537
G1 F1800 X29.036 Y32.996 E0.10486
G0 F7200 X28.829 Y32.224
G1 F1800 X25.349 Y28.743 E0.08186
G0 F7200 X25.99 Y28.819
G1 F1800 X28.745 Y31.574 E0.06479
G0 F7200 X28.88 Y31.142
G1 F1800 X26.431 Y28.694 E0.05758
G0 F7200 X26.763 Y28.46
G1 F1800 X29.109 Y30.806 E0.05517
G0 F7200 X29.392 Y30.523
G1 F1800 X27.045 Y28.177 E0.05519
G0 F7200 X27.329 Y27.895
G1 F1800 X29.674 Y30.24 E0.05515
G0 F7200 X29.958 Y29.958
G1 F1800 X27.613 Y27.613 E0.05515
G0 F7200 X27.895 Y27.33
G1 F1800 X30.241 Y29.675 E0.05516
G0 F7200 X30.524 Y29.392
G1 F1800 X28.179 Y27.048 E0.05514
G0 F7200 X28.462 Y26.765
G1 F1800 X30.807 Y29.109 E0.05514
G0 F7200 X31.147 Y28.884
G1 F1800 X28.685 Y26.422 E0.0579
G0 F7200 X28.823 Y25.995
G1 F1800 X31.574 Y28.746 E0.0647
G0 F7200 X32.224 Y28.829
G1 F1800 X28.744 Y25.35 E0.08183
G0 F7200 X28.537 Y24.578
G1 F1800 X32.996 Y29.036 E0.10486
G1 X33.066 Y29.106
G0 F7200 X33.769 Y29.243
G1 F1800 X28.33 Y23.805 E0.12791
G1 X28.26 Y23.735
G0 F7200 X28.107 Y23.016
G1 F1800 X34.541 Y29.45 E0.15132
G1 X34.611 Y29.52
G0 F7200 X35.167 Y30.076
G1 F1800 X41.639 Y36.548 E0.15221
G1 X41.709 Y36.618
G0 F7200 X40.84 Y36.315
G1 F1800 X35.393 Y30.867 E0.12812
G1 X35.323 Y30.797
G0 F7200 X35.601 Y31.641
G1 F1800 X40.068 Y36.108 E0.10506
G1 X40.138 Y36.178
G0 F7200 X39.295 Y35.901
G1 F1800 X35.809 Y32.414 E0.082
G0 F7200 X35.893 Y33.065
G1 F1800 X38.646 Y35.817 E0.06473
G0 F7200 X38.217 Y35.954
G1 F1800 X35.756 Y33.494 E0.05787
G0 F7200 X35.532 Y33.835
G1 F1800 X37.878 Y36.181 E0.05517
G0 F7200 X37.595 Y36.463
G1 F1800 X35.249 Y34.118 E0.05516
G0 F7200 X34.966 Y34.401
G1 F1800 X37.312 Y36.746 E0.05516
G0 F7200 X37.029 Y37.029
G1 F1800 X34.684 Y34.684 E0.05515
G0 F7200 X34.4 Y34.966
G1 F1800 X36.747 Y37.313 E0.0552
G0 F7200 X36.464 Y37.595
G1 F1800 X34.117 Y35.249 E0.05519
G0 F7200 X33.834 Y35.531
G1 F1800 X36.181 Y37.878 E0.0552
G0 F7200 X35.948 Y38.211
G1 F1800 X33.499 Y35.762 E0.0576
G0 F7200 X33.069 Y35.897
G1 F1800 X35.816 Y38.644 E0.06461
G0 F7200 X35.903 Y39.297
G1 F1800 X32.415 Y35.809 E0.08203
G1 X32.345 Y35.739
G0 F7200 X31.642 Y35.601
G1 F1800 X36.11 Y40.07 E0.10509
G0 F7200 X36.316 Y40.842
G1 F1800 X30.869 Y35.394 E0.12812
G1 X30.799 Y35.324
G0 F7200 X30.073 Y35.164
G1 F1800 X36.549 Y41.64 E0.15231
G1 X36.619 Y41.71
G0 F7200 X37.15 Y42.241
G1 F1800 X43.617 Y48.708 E0.15209
G1 X43.687 Y48.778
G0 F7200 X43.386 Y47.911
G1 F1800 X37.942 Y42.467 E0.12803
G0 F7200 X38.713 Y42.672
G1 F1800 X43.178 Y47.138 E0.10502
G1 X43.248 Y47.208
G0 F7200 X42.971 Y46.365
G1 F1800 X39.483 Y42.877 E0.08203
G0 F7200 X40.137 Y42.965
G1 F1800 X42.884 Y45.712 E0.06461
G0 F7200 X43.019 Y45.282
G1 F1800 X40.57 Y42.832 E0.05761
G0 F7200 X40.905 Y42.602
G1 F1800 X43.253 Y44.95 E0.05522
G0 F7200 X43.535 Y44.667
G1 F1800 X41.188 Y42.32 E0.0552
G0 F7200 X41.471 Y42.037
G1 F1800 X43.817 Y44.383 E0.05517
G0 F7200 X44.099 Y44.099
G1 F1800 X41.753 Y41.753 E0.05517
G0 F7200 X42.036 Y41.47
G1 F1800 X44.382 Y43.816 E0.05517
G0 F7200 X44.664 Y43.532
G1 F1800 X42.319 Y41.188 E0.05514
G0 F7200 X42.602 Y40.905
G1 F1800 X44.946 Y43.249 E0.05513
G0 F7200 X45.285 Y43.022
G1 F1800 X42.827 Y40.565 E0.0578
G0 F7200 X42.964 Y40.135
G1 F1800 X45.714 Y42.885 E0.06468
G0 F7200 X46.364 Y42.97
G1 F1800 X42.882 Y39.488 E0.08189
G1 X42.812 Y39.418
G0 F7200 X42.674 Y38.714
G1 F1800 X47.138 Y43.178 E0.10499
G1 X47.208 Y43.248
G0 F7200 X47.911 Y43.386
G1 F1800 X42.465 Y37.94 E0.12808
G1 X42.395 Y37.87
G0 F7200 X42.231 Y37.14
G1 F1800 X48.709 Y43.618 E0.15235
G1 X48.779 Y43.688
G0 F7200 X49.301 Y44.21
G1 F1800 X55.762 Y50.671 E0.15195
G1 X55.832 Y50.741
G0 F7200 X54.978 Y50.452
G1 F1800 X49.538 Y45.012 E0.12794
G1 X49.468 Y44.942
G0 F7200 X49.746 Y45.787
G1 F1800 X54.206 Y50.246 E0.10488
G0 F7200 X53.435 Y50.041
G1 F1800 X49.955 Y46.561 E0.08184
G0 F7200 X50.036 Y47.207
G1 F1800 X52.786 Y49.958 E0.06469
G0 F7200 X52.358 Y50.096
G1 F1800 X49.898 Y47.635 E0.05787
G0 F7200 X49.674 Y47.977
G1 F1800 X52.018 Y50.321 E0.05513
G0 F7200 X51.735 Y50.604
G1 F1800 X49.391 Y48.26 E0.05513
G0 F7200 X49.108 Y48.542
G1 F1800 X51.453 Y50.887 E0.05515
G0 F7200 X51.17 Y51.17
G1 F1800 X48.824 Y48.824 E0.05517
G0 F7200 X48.541 Y49.106
G1 F1800 X50.887 Y51.453 E0.05519
G0 F7200 X50.604 Y51.735
G1 F1800 X48.258 Y49.389 E0.05517
G0 F7200 X47.974 Y49.671
G1 F1800 X50.321 Y52.018 E0.0552
G0 F7200 X50.092 Y52.355
G1 F1800 X47.643 Y49.906 E0.0576
G0 F7200 X47.203 Y50.031
G1 F1800 X49.958 Y52.786 E0.06479
G0 F7200 X50.041 Y53.435
G1 F1800 X46.561 Y49.955 E0.08184
G1 X46.491 Y49.885
G0 F7200 X45.787 Y49.746
G1 F1800 X50.246 Y54.206 E0.10488
G0 F7200 X50.451 Y54.977
G1 F1800 X45.013 Y49.538 E0.12791
G1 X44.943 Y49.468
G0 F7200 X44.213 Y49.304
G1 F1800 X50.67 Y55.761 E0.15186
G1 X50.74 Y55.831
G0 F7200 X51.318 Y56.409
G1 F1800 X57.755 Y62.846 E0.15139
G1 X57.825 Y62.916
G0 F7200 X57.526 Y62.051
G1 F1800 X52.09 Y56.615 E0.12785
G0 F7200 X52.862 Y56.822
G1 F1800 X57.32 Y61.28 E0.10485
G0 F7200 X57.114 Y60.508
G1 F1800 X53.634 Y57.028 E0.08184
G0 F7200 X54.275 Y57.103
G1 F1800 X57.03 Y59.858 E0.06479
G0 F7200 X57.164 Y59.427
G1 F1800 X54.715 Y56.978 E0.0576
G0 F7200 X55.047 Y56.744
G1 F1800 X57.393 Y59.09 E0.05517
G0 F7200 X57.676 Y58.807
G1 F1800 X55.33 Y56.461 E0.05517
G0 F7200 X55.613 Y56.179
G1 F1800 X57.959 Y58.524 E0.05516
G0 F7200 X58.242 Y58.242
G1 F1800 X55.897 Y55.897 E0.05515
G0 F7200 X56.18 Y55.614
G1 F1800 X58.524 Y57.959 E0.05514
G0 F7200 X58.807 Y57.676
G1 F1800 X56.463 Y55.332 E0.05513
G0 F7200 X56.746 Y55.049
G1 F1800 X59.09 Y57.393 E0.05513
G0 F7200 X59.43 Y57.167
G1 F1800 X56.969 Y54.707 E0.05787
G0 F7200 X57.107 Y54.279
G1 F1800 X59.859 Y57.03 E0.06471
G0 F7200 X60.508 Y57.114
G1 F1800 X57.028 Y53.634 E0.08184
G0 F7200 X56.822 Y52.862
G1 F1800 X61.28 Y57.32 E0.10485
G1 X61.35 Y57.39
G0 F7200 X62.053 Y57.527
G1 F1800 X56.615 Y52.09 E0.12788
G1 X56.545 Y52.02
G0 F7200 X56.394 Y51.303
G1 F1800 X62.846 Y57.754 E0.15173
G1 X62.916 Y57.824
G0 F7200 X63.449 Y58.358
G1 F1800 X69.919 Y64.828 E0.15216
G1 X69.989 Y64.898
G0 F7200 X69.124 Y64.598
G1 F1800 X63.678 Y59.152 E0.12808
G1 X63.608 Y59.082
G0 F7200 X63.885 Y59.925
G1 F1800 X68.351 Y64.391 E0.10503
G0 F7200 X67.579 Y64.185
G1 F1800 X64.093 Y60.699 E0.08199
G0 F7200 X64.178 Y61.35
G1 F1800 X66.93 Y64.101 E0.06471
G0 F7200 X66.503 Y64.24
G1 F1800 X64.041 Y61.779 E0.05789
G0 F7200 X63.818 Y62.121
G1 F1800 X66.163 Y64.466 E0.05515
G0 F7200 X65.88 Y64.748
G1 F1800 X63.535 Y62.404 E0.05514
G0 F7200 X63.251 Y62.686
G1 F1800 X65.597 Y65.031 E0.05516
G0 F7200 X65.314 Y65.314
G1 F1800 X62.969 Y62.969 E0.05515
G0 F7200 X62.685 Y63.251
G1 F1800 X65.03 Y65.596 E0.05515
G0 F7200 X64.748 Y65.879
G1 F1800 X62.401 Y63.533 E0.05519
G0 F7200 X62.119 Y63.816
G1 F1800 X64.465 Y66.162 E0.05517
G0 F7200 X64.236 Y66.498
G1 F1800 X61.787 Y64.05 E0.05758
G0 F7200 X61.344 Y64.172
G1 F1800 X64.101 Y66.93 E0.06485
G0 F7200 X64.185 Y67.58
G1 F1800 X60.699 Y64.093 E0.082
G1 X60.629 Y64.023
G0 F7200 X59.925 Y63.885
G1 F1800 X64.392 Y68.352 E0.10506
G1 X64.462 Y68.422
G0 F7200 X64.599 Y69.125
G1 F1800 X59.152 Y63.678 E0.12811
G1 X59.082 Y63.608
G0 F7200 X58.358 Y63.449
G1 F1800 X64.829 Y69.92 E0.15219
G1 X64.899 Y69.99
G0 F7200 X65.433 Y70.524
G1 F1800 X71.901 Y76.992 E0.15212
G1 X71.971 Y77.062
G0 F7200 X71.67 Y76.196
G1 F1800 X66.225 Y70.751 E0.12806
G0 F7200 X66.996 Y70.956
G1 F1800 X71.463 Y75.423 E0.10506
G1 X71.533 Y75.493
G0 F7200 X71.255 Y74.649
G1 F1800 X67.766 Y71.16 E0.08206
G0 F7200 X68.421 Y71.249
G1 F1800 X71.167 Y73.996 E0.06459
G0 F7200 X71.303 Y73.565
G1 F1800 X68.854 Y71.117 E0.05758
G0 F7200 X69.19 Y70.887
G1 F1800 X71.537 Y73.234 E0.0552
G0 F7200 X71.819 Y72.95
G1 F1800 X69.474 Y70.605 E0.05515
G0 F7200 X69.757 Y70.322
G1 F1800 X72.101 Y72.667 E0.05514
G0 F7200 X72.382 Y72.382
G1 F1800 X70.04 Y70.04 E0.05508
G0 F7200 X70.324 Y69.758
G1 F1800 X72.664 Y72.099 E0.05504
G0 F7200 X72.946 Y71.814
G1 F1800 X70.607 Y69.476 E0.055
G0 F7200 X70.89 Y69.193
G1 F1800 X73.228 Y71.531 E0.05499
G0 F7200 X73.567 Y71.304
G1 F1800 X71.108 Y68.845 E0.05783
G0 F7200 X71.246 Y68.418
G1 F1800 X74.006 Y71.177 E0.0649
G0 F7200 X74.649 Y71.254
G1 F1800 X71.16 Y67.766 E0.08204
G0 F7200 X70.954 Y66.994
G1 F1800 X75.422 Y71.462 E0.10508
G1 X75.492 Y71.532
G0 F7200 X76.195 Y71.67
G1 F1800 X70.747 Y66.222 E0.12813
G1 X70.677 Y66.152
G0 F7200 X70.514 Y65.423
G1 F1800 X76.993 Y71.901 E0.15236
G1 X77.063 Y71.971
G0 F7200 X77.585 Y72.494
G1 F1800 X84.047 Y78.956 E0.15198
G1 X84.117 Y79.026
G0 F7200 X83.261 Y78.736
G1 F1800 X77.821 Y73.296 E0.12794
G1 X77.751 Y73.226
G0 F7200 X78.03 Y74.07
G1 F1800 X82.49 Y78.531 E0.1049
G0 F7200 X81.72 Y78.326
G1 F1800 X78.239 Y74.844 E0.08188
G0 F7200 X78.32 Y75.491
G1 F1800 X81.07 Y78.242 E0.06469
G0 F7200 X80.642 Y78.379
G1 F1800 X78.179 Y75.916 E0.05793
G0 F7200 X77.958 Y76.261
G1 F1800 X80.303 Y78.606 E0.05515
G0 F7200 X80.02 Y78.888
G1 F1800 X77.675 Y76.544 E0.05514
G0 F7200 X77.392 Y76.826
G1 F1800 X79.737 Y79.171 E0.05515
G0 F7200 X79.454 Y79.454
G1 F1800 X77.109 Y77.109 E0.05515
G0 F7200 X76.827 Y77.393
G1 F1800 X79.171 Y79.736 E0.05512
G0 F7200 X78.888 Y80.019
G1 F1800 X76.544 Y77.676 E0.05512
G0 F7200 X76.261 Y77.959
G1 F1800 X78.605 Y80.302 E0.05512
G0 F7200 X78.376 Y80.638
G1 F1800 X75.926 Y78.189 E0.05761
G0 F7200 X75.493 Y78.321
G1 F1800 X78.241 Y81.07 E0.06464
G0 F7200 X78.324 Y81.718
G1 F1800 X74.838 Y78.232 E0.08199
G0 F7200 X74.068 Y78.028
G1 F1800 X78.53 Y82.49 E0.10494
G0 F7200 X78.735 Y83.26
G1 F1800 X73.298 Y77.823 E0.12787
G1 X73.228 Y77.753
G0 F7200 X72.506 Y77.597
G1 F1800 X78.956 Y84.047 E0.15169
G1 X79.026 Y84.117
G0 F7200 X79.588 Y84.679
G1 F1800 X86.027 Y91.118 E0.15144
G1 X86.097 Y91.188
G0 F7200 X85.807 Y90.333
G1 F1800 X80.373 Y84.899 E0.1278
G0 F7200 X81.145 Y85.105
G1 F1800 X85.602 Y89.562 E0.10482
G0 F7200 X85.397 Y88.791
G1 F1800 X81.918 Y85.312 E0.08182
G0 F7200 X82.559 Y85.387
G1 F1800 X85.314 Y88.142 E0.06479
G0 F7200 X85.448 Y87.711
G1 F1800 X82.999 Y85.262 E0.0576
G0 F7200 X83.33 Y85.027
G1 F1800 X85.677 Y87.374 E0.0552
G0 F7200 X85.96 Y87.092
G1 F1800 X83.614 Y84.745 E0.05519
G0 F7200 X83.897 Y84.462
G1 F1800 X86.243 Y86.809 E0.05519
G0 F7200 X86.526 Y86.526
G1 F1800 X84.18 Y84.18 E0.05517
G0 F7200 X84.464 Y83.898
G1 F1800 X86.809 Y86.243 E0.05515
G0 F7200 X87.092 Y85.96
G1 F1800 X84.747 Y83.616 E0.05514
G0 F7200 X85.03 Y83.333
G1 F1800 X87.374 Y85.677 E0.05513
G0 F7200 X87.714 Y85.452
G1 F1800 X85.254 Y82.991 E0.05787
G0 F7200 X85.392 Y82.563
G1 F1800 X88.142 Y85.314 E0.06469
G0 F7200 X88.791 Y85.397
G1 F1800 X85.312 Y81.918 E0.08182
G0 F7200 X85.106 Y81.146
G1 F1800 X89.561 Y85.602 E0.10479
G0 F7200 X90.332 Y85.807
G1 F1800 X84.899 Y80.374 E0.12778
G1 X84.829 Y80.304
G0 F7200 X84.678 Y79.587
G1 F1800 X91.118 Y86.027 E0.15146
G1 X91.188 Y86.097
G0 F7200 X91.749 Y86.658
G1 F1800 X94.136 Y89.045 E0.05614
G0 F7200 X93.853 Y89.327
G1 F1800 X91.969 Y87.444 E0.0443
G0 F7200 X92.173 Y88.214
G1 F1800 X93.57 Y89.61 E0.03284
G0 F7200 X93.287 Y89.893
G1 F1800 X92.379 Y88.984 E0.02137
G0 F7200 X92.461 Y89.632
G1 F1800 X93.004 Y90.176 E0.01278
G0 F7200 X94.419 Y88.762
G1 F1800 X11.237 Y5.58 E1.95631
G0 F7200 X11.52 Y5.298
G1 F1800 X94.701 Y88.479 E1.95629
G0 F7200 X94.984 Y88.196
G1 F1800 X11.803 Y5.015 E1.95629
G0 F7200 X12.086 Y4.732
G1 F1800 X95.267 Y87.913 E1.95629
G0 F7200 X95.55 Y87.63
G1 F1800 X12.369 Y4.449 E1.95629
G0 F7200 X12.652 Y4.166
G1 F1800 X95.833 Y87.347 E1.95629
G0 F7200 X96.116 Y87.065
G1 F1800 X12.934 Y3.883 E1.95631
G0 F7200 X13.217 Y3.601
G1 F1800 X96.398 Y86.782 E1.95629
G0 F7200 X96.681 Y86.499
G1 F1800 X13.5 Y3.318 E1.95629
G1 X13.43 Y3.248
G0 F7200 X10.954 Y5.863
G1 F1800 X13.348 Y8.257 E0.0563
G1 X13.418 Y8.327
G0 F7200 X12.554 Y8.028
G1 F1800 X10.672 Y6.146 E0.04426
G0 F7200 X10.389 Y6.429
G1 F1800 X11.78 Y7.821 E0.03273
G1 X11.85 Y7.891
G0 F7200 X11.006 Y7.612
G1 F1800 X10.106 Y6.712 E0.02117
G0 F7200 X9.823 Y6.995
G1 F1800 X10.362 Y7.534 E0.01268
G0 F7200 X13.567 Y8.652
G0 X34.779 Y29.866
G0 X37.278 Y37.244
G0 X36.041 Y38.49
G0 X36.936 Y41.851
G0 X86.659 Y91.75
G1 F1800 X89.044 Y94.135 E0.05609
G0 F7200 X89.327 Y93.852
G1 F1800 X87.444 Y91.97 E0.04427
G0 F7200 X88.214 Y92.174
G1 F1800 X89.61 Y93.569 E0.03282
G0 F7200 X89.892 Y93.286
G1 F1800 X88.985 Y92.379 E0.02133
G0 F7200 X89.633 Y92.461
G1 F1800 X90.175 Y93.004 E0.01276
G0 F7200 X90.157 Y92.986
;MESH:NONMESH
G0 F600 X90.157 Y92.986 Z1
G0 F7200 X86.434 Y91.348
G0 X15.723 Y20.637
G0 X12.361 Y14.204
G0 X12.138 Y13.98
;TIME_ELAPSED:1185.910770
;LAYER:7
;TYPE:WALL-INNER
;MESH:bodyNW.stl
G1 F3600 X11.924 Y14.096 E0.00405
G1 X11.69 Y14.125 E0.00392
G1 X9.081 Y13.428 E0.04491
G1 X8.916 Y13.301 E0.00346
G1 X8.787 Y13.134 E0.00351
G1 X8.112 Y10.616 E0.04335
G1 X8.106 Y10.327 E0.00481
G1 X8.21 Y10.092 E0.00427
G1 X10.035 Y8.267 E0.04292
G1 X10.327 Y8.106 E0.00555
G1 X10.616 Y8.112 E0.00481
G1 X13.132 Y8.787 E0.04332
G1 X13.301 Y8.916 E0.00354
G1 X13.428 Y9.081 E0.00346
G1 X14.125 Y11.69 E0.04491
G1 X14.096 Y11.924 E0.00392
G1 X13.945 Y12.177 E0.0049
G1 X12.138 Y13.98 E0.04245
G0 F7200 X12.361 Y14.204
G0 X15.723 Y20.637
G0 X19.079 Y21.536
G0 X19.211 Y21.052
G1 F3600 X18.996 Y21.168 E0.00406
G1 X18.762 Y21.197 E0.00392
G1 X16.15 Y20.501 E0.04495
G1 X15.983 Y20.373 E0.0035
G1 X15.855 Y20.206 E0.0035
G1 X15.159 Y17.594 E0.04495
G1 X15.188 Y17.36 E0.00392
G1 X15.304 Y17.146 E0.00405
G1 X17.107 Y15.339 E0.04245
G1 X17.36 Y15.188 E0.0049
G1 X17.595 Y15.159 E0.00394
G1 X20.203 Y15.859 E0.04491
G1 X20.373 Y15.987 E0.00354
G1 X20.5 Y16.154 E0.00349
G1 X21.197 Y18.762 E0.04489
G1 X21.167 Y18.996 E0.00392
G1 X21.014 Y19.252 E0.00496
G1 X19.211 Y21.052 E0.04237
G0 F7200 X19.433 Y21.274
G0 X22.793 Y27.708
G0 X26.15 Y28.607
G0 X26.282 Y28.124
G1 F3600 X26.068 Y28.24 E0.00405
G1 X25.834 Y28.269 E0.00392
G1 X23.222 Y27.573 E0.04495
G1 X23.055 Y27.445 E0.0035
G1 X22.925 Y27.274 E0.00357
G1 X22.235 Y24.664 E0.0449
G1 X22.264 Y24.429 E0.00394
G1 X22.38 Y24.214 E0.00406
G1 X24.176 Y22.414 E0.04229
G1 X24.429 Y22.264 E0.00489
G1 X24.664 Y22.235 E0.00394
G1 X27.275 Y22.926 E0.04492
G1 X27.444 Y23.055 E0.00354
G1 X27.573 Y23.224 E0.00354
G1 X28.269 Y25.834 E0.04492
G1 X28.24 Y26.068 E0.00392
G1 X28.089 Y26.321 E0.0049
G1 X26.282 Y28.124 E0.04245
G0 F7200 X26.503 Y28.346
G0 X29.866 Y34.779
G0 X33.221 Y35.678
G0 X33.355 Y35.196
G1 F3600 X33.14 Y35.312 E0.00406
G1 X32.905 Y35.341 E0.00394
G1 X30.297 Y34.641 E0.04491
G1 X30.127 Y34.513 E0.00354
G1 X30 Y34.346 E0.00349
G1 X29.303 Y31.738 E0.04489
G1 X29.332 Y31.504 E0.00392
G1 X29.448 Y31.29 E0.00405
G1 X31.251 Y29.483 E0.04245
G1 X31.504 Y29.332 E0.0049
G1 X31.738 Y29.303 E0.00392
G1 X34.347 Y30 E0.04491
G1 X34.512 Y30.127 E0.00346
G1 X34.641 Y30.294 E0.00351
G1 X35.341 Y32.905 E0.04495
G1 X35.312 Y33.14 E0.00394
G1 X35.16 Y33.394 E0.00492
G1 X33.355 Y35.196 E0.04242
G0 F7200 X33.575 Y35.416
G0 X36.936 Y41.851
G0 X40.296 Y42.747
G0 X40.426 Y42.264
G1 F3600 X40.211 Y42.38 E0.00406
G1 X39.977 Y42.409 E0.00392
G1 X37.366 Y41.713 E0.04494
G1 X37.199 Y41.585 E0.0035
G1 X37.071 Y41.418 E0.0035
G1 X36.375 Y38.807 E0.04494
G1 X36.404 Y38.573 E0.00392
G1 X36.52 Y38.358 E0.00406
G1 X38.319 Y36.555 E0.04236
G1 X38.573 Y36.404 E0.00491
G1 X38.807 Y36.375 E0.00392
G1 X41.419 Y37.072 E0.04496
G1 X41.584 Y37.199 E0.00346
G1 X41.712 Y37.365 E0.00349
G1 X42.409 Y39.974 E0.04491
G1 X42.38 Y40.208 E0.00392
G1 X42.227 Y40.462 E0.00493
G1 X40.426 Y42.264 E0.04237
G0 F7200 X40.648 Y42.487
G0 X44.008 Y48.921
G0 X47.364 Y49.82
G0 X47.494 Y49.336
G1 F3600 X47.28 Y49.452 E0.00405
G1 X47.046 Y49.481 E0.00392
G1 X44.437 Y48.784 E0.04491
G1 X44.272 Y48.657 E0.00346
G1 X44.143 Y48.49 E0.00351
G1 X43.443 Y45.879 E0.04495
G1 X43.472 Y45.644 E0.00394
G1 X43.588 Y45.429 E0.00406
G1 X45.391 Y43.623 E0.04244
G1 X45.644 Y43.472 E0.0049
G1 X45.879 Y43.443 E0.00394
G1 X48.487 Y44.143 E0.04491
G1 X48.657 Y44.271 E0.00354
G1 X48.784 Y44.438 E0.00349
G1 X49.481 Y47.046 E0.04489
G1 X49.452 Y47.28 E0.00392
G1 X49.301 Y47.533 E0.0049
G1 X47.494 Y49.336 E0.04245
G0 F7200 X47.717 Y49.559
G0 X51.079 Y55.992
G0 X54.435 Y56.891
G0 X54.566 Y56.408
G1 F3600 X54.352 Y56.524 E0.00405
G1 X54.118 Y56.553 E0.00392
G1 X51.506 Y55.857 E0.04495
G1 X51.339 Y55.729 E0.0035
G1 X51.211 Y55.562 E0.0035
G1 X50.515 Y52.95 E0.04495
G1 X50.544 Y52.716 E0.00392
G1 X50.66 Y52.502 E0.00405
G1 X52.463 Y50.695 E0.04245
G1 X52.716 Y50.544 E0.0049
G1 X52.95 Y50.515 E0.00392
G1 X55.562 Y51.211 E0.04495
G1 X55.729 Y51.339 E0.0035
G1 X55.857 Y51.506 E0.0035
G1 X56.553 Y54.118 E0.04495
G1 X56.524 Y54.352 E0.00392
G1 X56.373 Y54.605 E0.0049
G1 X54.566 Y56.408 E0.04245
G0 F7200 X54.788 Y56.63
G0 X58.15 Y63.063
G0 X61.506 Y63.962
G0 X61.638 Y63.48
G1 F3600 X61.424 Y63.596 E0.00405
G1 X61.189 Y63.625 E0.00394
G1 X58.581 Y62.925 E0.04491
G1 X58.411 Y62.797 E0.00354
G1 X58.284 Y62.63 E0.00349
G1 X57.587 Y60.022 E0.04489
G1 X57.616 Y59.788 E0.00392
G1 X57.732 Y59.574 E0.00405
G1 X59.535 Y57.767 E0.04245
G1 X59.788 Y57.616 E0.0049
G1 X60.022 Y57.587 E0.00392
G1 X62.631 Y58.284 E0.04491
G1 X62.796 Y58.411 E0.00346
G1 X62.925 Y58.578 E0.00351
G1 X63.625 Y61.189 E0.04495
G1 X63.596 Y61.424 E0.00394
G1 X63.445 Y61.677 E0.0049
G1 X61.638 Y63.48 E0.04245
G0 F7200 X61.859 Y63.701
G0 X65.221 Y70.134
G0 X68.577 Y71.033
G0 X68.71 Y70.548
G1 F3600 X68.495 Y70.664 E0.00406
G1 X68.261 Y70.693 E0.00392
G1 X65.649 Y69.996 E0.04496
G1 X65.484 Y69.869 E0.00346
G1 X65.356 Y69.703 E0.00349
G1 X64.659 Y67.094 E0.04491
G1 X64.688 Y66.86 E0.00392
G1 X64.804 Y66.646 E0.00405
G1 X66.607 Y64.839 E0.04245
G1 X66.86 Y64.688 E0.0049
G1 X67.094 Y64.659 E0.00392
G1 X69.702 Y65.356 E0.04489
G1 X69.869 Y65.483 E0.00349
G1 X69.997 Y65.65 E0.0035
G1 X70.693 Y68.261 E0.04494
G1 X70.664 Y68.495 E0.00392
G1 X70.513 Y68.749 E0.00491
G1 X68.71 Y70.548 E0.04236
G0 F7200 X68.932 Y70.77
G0 X72.292 Y77.207
G0 X75.65 Y78.102
G0 X75.782 Y77.62
G1 F3600 X75.567 Y77.736 E0.00406
G1 X75.333 Y77.765 E0.00392
G1 X72.721 Y77.068 E0.04496
G1 X72.556 Y76.941 E0.00346
G1 X72.427 Y76.774 E0.00351
G1 X71.727 Y74.163 E0.04495
G1 X71.756 Y73.928 E0.00394
G1 X71.872 Y73.713 E0.00406
G1 X73.675 Y71.908 E0.04243
G1 X73.928 Y71.756 E0.00491
G1 X74.163 Y71.727 E0.00394
G1 X76.771 Y72.427 E0.04491
G1 X76.941 Y72.555 E0.00354
G1 X77.068 Y72.722 E0.00349
G1 X77.765 Y75.33 E0.04489
G1 X77.736 Y75.564 E0.00392
G1 X77.583 Y75.818 E0.00493
G1 X75.782 Y77.62 E0.04237
G0 F7200 X76.003 Y77.842
G0 X79.363 Y84.277
G0 X82.719 Y85.176
G0 X82.85 Y84.692
G1 F3600 X82.636 Y84.808 E0.00405
G1 X82.402 Y84.837 E0.00392
G1 X79.79 Y84.141 E0.04495
G1 X79.623 Y84.013 E0.0035
G1 X79.495 Y83.846 E0.0035
G1 X78.799 Y81.234 E0.04495
G1 X78.828 Y81 E0.00392
G1 X78.944 Y80.785 E0.00406
G1 X80.747 Y78.979 E0.04244
G1 X81 Y78.828 E0.0049
G1 X81.234 Y78.799 E0.00392
G1 X83.846 Y79.495 E0.04495
G1 X84.013 Y79.623 E0.0035
G1 X84.141 Y79.79 E0.0035
G1 X84.837 Y82.402 E0.04495
G1 X84.808 Y82.636 E0.00392
G1 X84.657 Y82.889 E0.0049
G1 X82.85 Y84.692 E0.04245
G0 F7200 X83.072 Y84.915
G0 X86.434 Y91.348
G0 X89.79 Y92.247
G0 X89.961 Y91.729
G1 F3600 X89.67 Y91.889 E0.00552
G1 X89.381 Y91.884 E0.00481
G1 X86.862 Y91.213 E0.04335
G1 X86.695 Y91.085 E0.0035
G1 X86.567 Y90.918 E0.0035
G1 X85.871 Y88.306 E0.04495
G1 X85.9 Y88.072 E0.00392
G1 X86.016 Y87.858 E0.00405
G1 X87.819 Y86.051 E0.04245
G1 X88.072 Y85.9 E0.0049
G1 X88.306 Y85.871 E0.00392
G1 X90.918 Y86.567 E0.04495
G1 X91.085 Y86.695 E0.0035
G1 X91.213 Y86.862 E0.0035
G1 X91.884 Y89.381 E0.04335
G1 X91.89 Y89.67 E0.00481
G1 X91.784 Y89.906 E0.0043
G1 X89.961 Y91.729 E0.04287
G0 F7200 X90.18 Y91.949
G0 X86.416 Y97.191
G0 X86.416 Y97.587
G1 F3600 X97.587 Y86.416 E0.26272
G1 X13.584 Y2.413 E1.97562
G1 X2.413 Y13.584 E0.26272
G1 X86.416 Y97.587 E1.97562
G0 F7200 X86.416 Y98.153
;TYPE:WALL-OUTER
G1 F1800 X98.153 Y86.416 E0.27604
G1 X13.584 Y1.847 E1.98893
G1 X1.847 Y13.584 E0.27604
G1 X86.416 Y98.153 E1.98893
G0 F7200 X86.557 Y98.012
G0 X86.416 Y97.191
G0 X90.18 Y91.949
G0 X89.678 Y91.446
G1 F1800 X89.55 Y91.516 E0.00243
G1 X87.035 Y90.845 E0.04329
G1 X86.926 Y90.712 E0.00286
G1 X86.282 Y88.296 E0.04158
G1 X86.322 Y88.115 E0.00308
G1 X88.126 Y86.31 E0.04244
G1 X88.252 Y86.276 E0.00217
G1 X90.745 Y86.935 E0.04288
G1 X90.854 Y87.068 E0.00286
G1 X91.498 Y89.484 E0.04158
G1 X91.468 Y89.651 E0.00282
G1 X89.678 Y91.446 E0.04216
G0 F7200 X89.55 Y91.516
G0 X89.498 Y91.503
G0 X89.315 Y92.187
G0 X86.434 Y91.348
G0 X83.097 Y84.89
G0 X82.593 Y84.386
G1 F1800 X82.456 Y84.432 E0.0024
G1 X79.963 Y83.773 E0.04288
G1 X79.854 Y83.64 E0.00286
G1 X79.21 Y81.224 E0.04158
G1 X79.25 Y81.043 E0.00308
G1 X81.054 Y79.238 E0.04244
G1 X81.18 Y79.204 E0.00217
G1 X83.673 Y79.863 E0.04288
G1 X83.782 Y79.996 E0.00286
G1 X84.439 Y82.46 E0.04241
G1 X84.401 Y82.579 E0.00208
G1 X82.593 Y84.386 E0.04251
G0 F7200 X82.456 Y84.432
G0 X82.403 Y84.418
G0 X82.218 Y85.109
G0 X79.363 Y84.277
G0 X76.027 Y77.817
G0 X75.525 Y77.314
G1 F1800 X75.387 Y77.36 E0.00242
G1 X72.895 Y76.701 E0.04287
G1 X72.786 Y76.568 E0.00286
G1 X72.138 Y74.152 E0.0416
G1 X72.178 Y73.971 E0.00308
G1 X73.982 Y72.166 E0.04244
G1 X74.108 Y72.132 E0.00217
G1 X76.601 Y72.795 E0.0429
G1 X76.71 Y72.928 E0.00286
G1 X77.367 Y75.388 E0.04234
G1 X77.329 Y75.507 E0.00208
G1 X75.525 Y77.314 E0.04246
G0 F7200 X75.387 Y77.36
G0 X75.334 Y77.346
G0 X75.15 Y78.036
G0 X72.292 Y77.207
G0 X68.956 Y70.746
G0 X68.453 Y70.242
G1 F1800 X68.315 Y70.288 E0.00242
G1 X65.823 Y69.629 E0.04287
G1 X65.714 Y69.496 E0.00286
G1 X65.07 Y67.084 E0.04152
G1 X65.11 Y66.903 E0.00308
G1 X66.914 Y65.098 E0.04244
G1 X67.04 Y65.064 E0.00217
G1 X69.529 Y65.723 E0.04282
G1 X69.638 Y65.856 E0.00286
G1 X70.288 Y68.315 E0.0423
G1 X70.23 Y68.466 E0.00269
G1 X68.453 Y70.242 E0.04178
G0 F7200 X68.315 Y70.288
G0 X68.262 Y70.274
G0 X68.077 Y70.966
G0 X65.221 Y70.134
G0 X61.883 Y63.677
G0 X61.381 Y63.174
G1 F1800 X61.244 Y63.22 E0.0024
G1 X58.751 Y62.557 E0.0429
G1 X58.642 Y62.424 E0.00286
G1 X57.998 Y60.012 E0.04152
G1 X58.038 Y59.831 E0.00308
G1 X59.842 Y58.026 E0.04244
G1 X59.968 Y57.992 E0.00217
G1 X62.457 Y58.651 E0.04282
G1 X62.566 Y58.784 E0.00286
G1 X63.227 Y61.248 E0.04243
G1 X63.189 Y61.367 E0.00208
G1 X61.381 Y63.174 E0.04251
G0 F7200 X61.244 Y63.22
G0 X61.191 Y63.206
G0 X61.006 Y63.895
G0 X58.15 Y63.063
G0 X54.812 Y56.606
G0 X54.309 Y56.102
G1 F1800 X54.172 Y56.148 E0.0024
G1 X51.679 Y55.489 E0.04288
G1 X51.57 Y55.356 E0.00286
G1 X50.926 Y52.94 E0.04158
G1 X50.966 Y52.759 E0.00308
G1 X52.77 Y50.954 E0.04244
G1 X52.896 Y50.92 E0.00217
G1 X55.389 Y51.579 E0.04288
G1 X55.498 Y51.712 E0.00286
G1 X56.155 Y54.176 E0.04241
G1 X56.117 Y54.295 E0.00208
G1 X54.309 Y56.102 E0.04251
G0 F7200 X54.172 Y56.148
G0 X54.119 Y56.134
G0 X53.934 Y56.824
G0 X51.079 Y55.992
G0 X47.741 Y49.535
G0 X47.237 Y49.03
G1 F1800 X47.1 Y49.076 E0.0024
G1 X44.611 Y48.417 E0.04282
G1 X44.502 Y48.284 E0.00286
G1 X43.854 Y45.868 E0.0416
G1 X43.894 Y45.687 E0.00308
G1 X45.698 Y43.882 E0.04244
G1 X45.824 Y43.848 E0.00217
G1 X48.317 Y44.511 E0.0429
G1 X48.426 Y44.644 E0.00286
G1 X49.083 Y47.104 E0.04234
G1 X49.045 Y47.223 E0.00208
G1 X47.237 Y49.03 E0.04251
G0 F7200 X47.1 Y49.076
G0 X47.047 Y49.062
G0 X46.862 Y49.753
G0 X44.008 Y48.921
G0 X40.673 Y42.462
G0 X40.169 Y41.958
G1 F1800 X40.031 Y42.004 E0.00242
G1 X37.539 Y41.345 E0.04287
G1 X37.43 Y41.212 E0.00286
G1 X36.78 Y38.753 E0.0423
G1 X36.826 Y38.615 E0.00242
G1 X38.627 Y36.813 E0.04237
G1 X38.753 Y36.78 E0.00217
G1 X41.245 Y37.439 E0.04287
G1 X41.354 Y37.572 E0.00286
G1 X42.011 Y40.032 E0.04234
G1 X41.973 Y40.151 E0.00208
G1 X40.169 Y41.958 E0.04246
G0 F7200 X40.031 Y42.004
G0 X39.978 Y41.99
G0 X39.794 Y42.68
G0 X36.936 Y41.851
G0 X33.599 Y35.392
G0 X33.097 Y34.89
G1 F1800 X32.969 Y34.944 E0.00231
G1 X30.466 Y34.273 E0.04309
G1 X30.358 Y34.14 E0.00285
G1 X29.714 Y31.728 E0.04152
G1 X29.754 Y31.547 E0.00308
G1 X31.558 Y29.742 E0.04244
G1 X31.684 Y29.708 E0.00217
G1 X34.173 Y30.367 E0.04282
G1 X34.282 Y30.5 E0.00286
G1 X34.943 Y32.964 E0.04243
G1 X34.905 Y33.083 E0.00208
G1 X33.097 Y34.89 E0.04251
G0 F7200 X32.969 Y34.944
G0 X32.911 Y34.929
G0 X32.728 Y35.613
G0 X29.866 Y34.779
G0 X26.528 Y28.321
G0 X26.025 Y27.818
G1 F1800 X25.888 Y27.864 E0.0024
G1 X23.395 Y27.205 E0.04288
G1 X23.286 Y27.072 E0.00286
G1 X22.64 Y24.609 E0.04235
G1 X22.686 Y24.471 E0.00242
G1 X24.483 Y22.673 E0.04227
G1 X24.609 Y22.64 E0.00217
G1 X27.072 Y23.286 E0.04235
G1 X27.162 Y23.338 E0.00173
G1 X27.214 Y23.428 E0.00173
G1 X27.871 Y25.892 E0.04241
G1 X27.833 Y26.011 E0.00208
G1 X26.025 Y27.818 E0.04251
G0 F7200 X25.888 Y27.864
G0 X25.835 Y27.85
G0 X25.65 Y28.54
G0 X22.793 Y27.708
G0 X19.457 Y21.25
G0 X18.953 Y20.746
G1 F1800 X18.816 Y20.792 E0.0024
G1 X16.323 Y20.133 E0.04288
G1 X16.214 Y20 E0.00286
G1 X15.57 Y17.584 E0.04158
G1 X15.61 Y17.403 E0.00308
G1 X17.414 Y15.598 E0.04244
G1 X17.54 Y15.564 E0.00217
G1 X20.033 Y16.227 E0.0429
G1 X20.142 Y16.36 E0.00286
G1 X20.799 Y18.82 E0.04234
G1 X20.761 Y18.939 E0.00208
G1 X18.953 Y20.746 E0.04251
G0 F7200 X18.816 Y20.792
G0 X18.763 Y20.778
G0 X18.578 Y21.469
G0 X15.723 Y20.637
G0 X12.386 Y14.179
G0 X11.881 Y13.674
G1 F1800 X11.744 Y13.72 E0.0024
G1 X9.255 Y13.061 E0.04282
G1 X9.146 Y12.928 E0.00286
G1 X8.498 Y10.512 E0.0416
G1 X8.528 Y10.345 E0.00282
G1 X10.318 Y8.55 E0.04216
G1 X10.444 Y8.48 E0.0024
G1 X12.962 Y9.155 E0.04335
G1 X13.07 Y9.288 E0.00285
G1 X13.727 Y11.748 E0.04234
G1 X13.689 Y11.867 E0.00208
G1 X11.881 Y13.674 E0.04251
G0 F7200 X11.744 Y13.72
G0 X11.691 Y13.706
G0 X11.506 Y14.397
G0 X15.723 Y20.637
G0 X86.416 Y97.045
;TYPE:SKIN
G1 F1800 X2.951 Y13.584 E1.96292
G1 X13.584 Y2.951 E0.25007
G1 X97.049 Y86.416 E1.96297
G1 X86.416 Y97.045 E0.25002
G0 F7200 X92.506 Y90.307
G1 F1437.1 X92.456 Y90.376 E0.00177
G1 F1478.4 X90.493 Y92.34 E0.05622
G1 F1398.1 X90.308 Y92.484 E0.00502
G0 F7200 X89.807 Y92.238
G1 F1800 X90.23 Y91.99 E0.00815
G1 X92.07 Y90.154 E0.04323
G1 X92.247 Y89.79 E0.00673
G1 X92.25 Y89.276 E0.00855
G1 X91.574 Y86.736 E0.04371
G1 X91.354 Y86.426 E0.00632
G1 X91.077 Y86.212 E0.00582
G1 X88.334 Y85.488 E0.04718
G1 X87.958 Y85.537 E0.00631
G1 X87.569 Y85.765 E0.0075
G1 X85.722 Y87.611 E0.04343
G1 X85.536 Y87.962 E0.00661
G1 X85.494 Y88.38 E0.00699
G1 X86.202 Y91.04 E0.04578
G1 X86.426 Y91.354 E0.00641
G1 X86.736 Y91.574 E0.00632
G1 X89.276 Y92.25 E0.04371
G1 X89.807 Y92.238 E0.00883
G0 F7200 X89.805 Y92.305
G0 X86.434 Y91.348
G0 X82.734 Y85.234
G0 X82.742 Y85.172
G1 F1800 X83.093 Y84.982 E0.00664
G1 X84.943 Y83.139 E0.04343
G1 X85.167 Y82.746 E0.00752
G1 X85.222 Y82.355 E0.00657
G1 X84.502 Y79.664 E0.04633
G1 X84.282 Y79.354 E0.00632
G1 X84.005 Y79.14 E0.00582
G1 X81.262 Y78.416 E0.04718
G1 X80.884 Y78.466 E0.00634
G1 X80.478 Y78.71 E0.00788
G1 X78.642 Y80.549 E0.04322
G1 X78.464 Y80.89 E0.0064
G1 X78.422 Y81.308 E0.00699
G1 X79.13 Y83.968 E0.04578
G1 X79.354 Y84.282 E0.00641
G1 X79.664 Y84.502 E0.00632
G1 X82.328 Y85.214 E0.04586
G1 X82.742 Y85.172 E0.00692
G0 F7200 X82.734 Y85.234
G0 X79.363 Y84.277
G0 X75.665 Y78.16
G0 X75.674 Y78.1
G1 F1800 X76.015 Y77.922 E0.0064
G1 X77.866 Y76.067 E0.04358
G1 X78.095 Y75.679 E0.00749
G1 X78.142 Y75.251 E0.00716
G1 X77.426 Y72.595 E0.04575
G1 X77.206 Y72.286 E0.00631
G1 X76.938 Y72.076 E0.00566
G1 X74.202 Y71.342 E0.04711
G1 X73.849 Y71.385 E0.00591
G1 X73.421 Y71.621 E0.00813
G1 X71.582 Y73.467 E0.04333
G1 X71.388 Y73.819 E0.00668
G1 X71.342 Y74.202 E0.00642
G1 X72.066 Y76.9 E0.04646
G1 X72.286 Y77.21 E0.00632
G1 X72.559 Y77.42 E0.00573
G1 X75.306 Y78.144 E0.04724
G1 X75.674 Y78.1 E0.00616
G0 F7200 X75.665 Y78.16
G0 X72.292 Y77.207
G0 X68.592 Y71.091
G0 X68.601 Y71.028
G1 F1800 X68.953 Y70.842 E0.00662
G1 X70.799 Y68.999 E0.04338
G1 X71.023 Y68.605 E0.00754
G1 X71.072 Y68.234 E0.00622
G1 X70.354 Y65.524 E0.04662
G1 X70.134 Y65.21 E0.00638
G1 X69.828 Y64.994 E0.00623
G1 X67.138 Y64.274 E0.04631
G1 X66.707 Y64.342 E0.00726
G1 X66.357 Y64.553 E0.0068
G1 X64.51 Y66.399 E0.04343
G1 X64.324 Y66.75 E0.00661
G1 X64.282 Y67.168 E0.00699
G1 X64.994 Y69.828 E0.04579
G1 X65.214 Y70.138 E0.00632
G1 X65.487 Y70.348 E0.00573
G1 X68.234 Y71.072 E0.04724
G1 X68.601 Y71.028 E0.00615
G0 F7200 X68.592 Y71.091
G0 X65.221 Y70.134
G0 X61.521 Y64.02
G0 X61.53 Y63.96
G1 F1800 X61.881 Y63.77 E0.00664
G1 X63.731 Y61.927 E0.04343
G1 X63.955 Y61.533 E0.00754
G1 X64.006 Y61.146 E0.00649
G1 X63.282 Y58.448 E0.04646
G1 X63.066 Y58.138 E0.00628
G1 X62.756 Y57.922 E0.00628
G1 X60.05 Y57.204 E0.04656
G1 X59.674 Y57.253 E0.00631
G1 X59.285 Y57.481 E0.0075
G1 X57.438 Y59.327 E0.04343
G1 X57.252 Y59.678 E0.00661
G1 X57.21 Y60.096 E0.00699
G1 X57.922 Y62.756 E0.04579
G1 X58.142 Y63.066 E0.00632
G1 X58.448 Y63.282 E0.00623
G1 X61.146 Y64.006 E0.04646
G1 X61.53 Y63.96 E0.00643
G0 F7200 X61.521 Y64.02
G0 X58.15 Y63.063
G0 X54.45 Y56.949
G0 X54.458 Y56.888
G1 F1800 X54.809 Y56.698 E0.00664
G1 X56.659 Y54.855 E0.04343
G1 X56.883 Y54.462 E0.00752
G1 X56.938 Y54.071 E0.00657
G1 X56.218 Y51.38 E0.04633
G1 X55.998 Y51.07 E0.00632
G1 X55.721 Y50.856 E0.00582
G1 X52.978 Y50.132 E0.04718
G1 X52.602 Y50.181 E0.00631
G1 X52.213 Y50.409 E0.0075
G1 X50.366 Y52.255 E0.04343
G1 X50.18 Y52.606 E0.00661
G1 X50.138 Y53.024 E0.00699
G1 X50.846 Y55.684 E0.04578
G1 X51.09 Y56.016 E0.00685
G1 X51.38 Y56.218 E0.00588
G1 X54.044 Y56.93 E0.04586
G1 X54.458 Y56.888 E0.00692
G0 F7200 X54.45 Y56.949
G0 X51.079 Y55.992
G0 X47.379 Y49.878
G0 X47.386 Y49.816
G1 F1800 X47.737 Y49.626 E0.00664
G1 X49.587 Y47.783 E0.04343
G1 X49.811 Y47.39 E0.00752
G1 X49.866 Y46.998 E0.00658
G1 X49.142 Y44.311 E0.04628
G1 X48.922 Y44.002 E0.00631
G1 X48.654 Y43.792 E0.00566
G1 X45.918 Y43.058 E0.04711
G1 X45.528 Y43.11 E0.00654
G1 X45.122 Y43.354 E0.00788
G1 X43.298 Y45.183 E0.04296
G1 X43.104 Y45.535 E0.00668
G1 X43.058 Y45.918 E0.00642
G1 X43.782 Y48.616 E0.04646
G1 X44.002 Y48.926 E0.00632
G1 X44.312 Y49.142 E0.00628
G1 X46.972 Y49.858 E0.04581
G1 X47.386 Y49.816 E0.00692
G0 F7200 X47.379 Y49.878
G0 X44.008 Y48.921
G0 X40.311 Y42.805
G0 X40.317 Y42.744
G1 F1800 X40.669 Y42.558 E0.00662
G1 X42.51 Y40.711 E0.04337
G1 X42.739 Y40.323 E0.00749
G1 X42.786 Y39.895 E0.00716
G1 X42.07 Y37.239 E0.04575
G1 X41.854 Y36.926 E0.00632
G1 X41.54 Y36.71 E0.00634
G1 X38.834 Y35.992 E0.04656
G1 X38.458 Y36.041 E0.00631
G1 X38.069 Y36.269 E0.0075
G1 X36.226 Y38.111 E0.04333
G1 X36.036 Y38.463 E0.00665
G1 X35.998 Y38.876 E0.0069
G1 X36.71 Y41.54 E0.04586
G1 X36.93 Y41.854 E0.00638
G1 X37.203 Y42.064 E0.00573
G1 X39.95 Y42.788 E0.04724
G1 X40.317 Y42.744 E0.00615
G0 F7200 X40.311 Y42.805
G0 X36.936 Y41.851
G0 X33.236 Y35.736
G0 X33.246 Y35.676
G1 F1800 X33.597 Y35.486 E0.00664
G1 X35.443 Y33.643 E0.04338
G1 X35.671 Y33.25 E0.00756
G1 X35.722 Y32.862 E0.00651
G1 X34.998 Y30.164 E0.04646
G1 X34.782 Y29.854 E0.00628
G1 X34.472 Y29.638 E0.00628
G1 X31.766 Y28.92 E0.04656
G1 X31.39 Y28.969 E0.00631
G1 X31.001 Y29.197 E0.0075
G1 X29.154 Y31.043 E0.04343
G1 X28.968 Y31.394 E0.00661
G1 X28.926 Y31.812 E0.00699
G1 X29.638 Y34.472 E0.04579
G1 X29.858 Y34.782 E0.00632
G1 X30.164 Y34.998 E0.00623
G1 X32.862 Y35.722 E0.04646
G1 X33.246 Y35.676 E0.00643
G0 F7200 X33.236 Y35.736
G0 X29.866 Y34.779
G0 X26.165 Y28.665
G0 X26.174 Y28.604
G1 F1800 X26.525 Y28.414 E0.00664
G1 X28.375 Y26.571 E0.04343
G1 X28.599 Y26.178 E0.00752
G1 X28.654 Y25.787 E0.00657
G1 X27.934 Y23.096 E0.04633
G1 X27.71 Y22.782 E0.00641
G1 X27.4 Y22.566 E0.00628
G1 X24.686 Y21.852 E0.04667
G1 X24.313 Y21.901 E0.00626
G1 X23.925 Y22.125 E0.00745
G1 X22.086 Y23.967 E0.04329
G1 X21.896 Y24.318 E0.00664
G1 X21.858 Y24.732 E0.00691
G1 X22.566 Y27.4 E0.0459
G1 X22.786 Y27.714 E0.00638
G1 X23.059 Y27.924 E0.00573
G1 X25.76 Y28.646 E0.04649
G1 X26.174 Y28.604 E0.00692
G0 F7200 X26.165 Y28.665
G0 X22.793 Y27.708
G0 X19.094 Y21.594
G0 X19.103 Y21.532
G1 F1800 X19.444 Y21.349 E0.00644
G1 X21.299 Y19.499 E0.04357
G1 X21.526 Y19.107 E0.00753
G1 X21.582 Y18.719 E0.00652
G1 X20.858 Y16.028 E0.04634
G1 X20.638 Y15.718 E0.00632
G1 X20.37 Y15.508 E0.00566
G1 X17.634 Y14.774 E0.04711
G1 X17.207 Y14.842 E0.00719
G1 X16.857 Y15.053 E0.0068
G1 X15.01 Y16.899 E0.04343
G1 X14.824 Y17.25 E0.00661
G1 X14.782 Y17.668 E0.00699
G1 X15.49 Y20.328 E0.04578
G1 X15.714 Y20.642 E0.00641
G1 X15.987 Y20.852 E0.00573
G1 X18.719 Y21.582 E0.04703
G1 X19.103 Y21.532 E0.00644
G0 F7200 X19.094 Y21.594
G0 X15.723 Y20.637
G0 X13.405 Y13.077
G0 X14.464 Y12.009
G0 X13.567 Y8.652
G0 X9.685 Y7.508
G1 F1440 X9.455 Y7.691 E0.00611
G1 F1525.4 X7.54 Y9.611 E0.05321
G1 F1457.5 X7.476 Y9.701 E0.00227
G0 F7200 X8.652 Y13.566
G0 X12.023 Y14.523
G0 X12.03 Y14.46
G1 F1800 X12.381 Y14.27 E0.00664
G1 X14.231 Y12.427 E0.04343
G1 X14.455 Y12.033 E0.00754
G1 X14.504 Y11.662 E0.00622
G1 X13.79 Y8.952 E0.04661
G1 X13.57 Y8.646 E0.00627
G1 X13.26 Y8.426 E0.00632
G1 X10.717 Y7.742 E0.04379
G1 X10.188 Y7.756 E0.0088
G1 X9.762 Y7.998 E0.00815
G1 X7.922 Y9.838 E0.04327
G1 X7.745 Y10.202 E0.00673
G1 X7.742 Y10.717 E0.00856
G1 X8.426 Y13.26 E0.04379
G1 X8.646 Y13.57 E0.00632
G1 X8.956 Y13.786 E0.00628
G1 X11.616 Y14.502 E0.04581
G1 X12.03 Y14.46 E0.00692
G0 F7200 X12.023 Y14.523
G0 X3.31 Y13.661
G1 F1800 X7.154 Y9.817 E0.0904
G0 F7200 X7.522 Y10.014
G1 F1800 X3.593 Y13.943 E0.0924
G0 F7200 X3.876 Y14.226
G1 F1800 X7.539 Y10.563 E0.08615
G0 F7200 X7.623 Y11.045
G1 F1800 X4.158 Y14.509 E0.08148
G0 F7200 X4.441 Y14.792
G1 F1800 X7.742 Y11.491 E0.07763
G0 F7200 X7.862 Y11.937
G1 F1800 X4.724 Y15.075 E0.0738
G0 F7200 X5.007 Y15.358
G1 F1800 X7.983 Y12.382 E0.06999
G0 F7200 X8.102 Y12.828
G1 F1800 X5.29 Y15.64 E0.06613
G0 F7200 X5.573 Y15.923
G1 F1800 X8.222 Y13.274 E0.0623
G0 F7200 X8.442 Y13.62
G1 F1800 X5.856 Y16.206 E0.06082
G0 F7200 X6.138 Y16.489
G1 F1800 X8.751 Y13.876 E0.06145
G0 F7200 X9.149 Y14.045
G1 F1800 X6.421 Y16.772 E0.06415
G0 F7200 X6.704 Y17.055
G1 F1800 X9.594 Y14.165 E0.06797
G0 F7200 X10.04 Y14.285
G1 F1800 X6.987 Y17.338 E0.0718
G0 F7200 X7.27 Y17.62
G1 F1800 X10.486 Y14.404 E0.07564
G0 F7200 X10.931 Y14.525
G1 F1800 X7.553 Y17.903 E0.07945
G0 F7200 X7.835 Y18.186
G1 F1800 X11.377 Y14.645 E0.08329
G0 F7200 X11.926 Y14.661
G1 F1800 X8.118 Y18.469 E0.08956
G0 F7200 X8.401 Y18.752
G1 F1800 X18.752 Y8.401 E0.24344
G0 F7200 X19.035 Y8.684
G1 F1800 X8.684 Y19.035 E0.24344
G0 F7200 X8.967 Y19.317
G1 F1800 X19.317 Y8.967 E0.24342
G0 F7200 X19.6 Y9.25
G1 F1800 X9.25 Y19.6 E0.24342
G0 F7200 X9.533 Y19.883
G1 F1800 X19.883 Y9.533 E0.24342
G0 F7200 X20.166 Y9.815
G1 F1800 X9.815 Y20.166 E0.24344
G0 F7200 X10.098 Y20.449
G1 F1800 X20.449 Y10.098 E0.24344
G0 F7200 X20.732 Y10.381
G1 F1800 X10.381 Y20.732 E0.24344
G0 F7200 X10.664 Y21.015
G1 F1800 X14.799 Y16.879 E0.09726
G1 X14.869 Y16.809
G0 F7200 X14.575 Y17.669
G1 F1800 X10.947 Y21.297 E0.08532
G0 F7200 X11.23 Y21.58
G1 F1800 X14.694 Y18.116 E0.08147
G0 F7200 X14.812 Y18.563
G1 F1800 X11.512 Y21.863 E0.07761
G0 F7200 X11.795 Y22.146
G1 F1800 X14.932 Y19.009 E0.07378
G0 F7200 X15.051 Y19.456
G1 F1800 X12.078 Y22.429 E0.06992
G0 F7200 X12.361 Y22.712
G1 F1800 X15.17 Y19.903 E0.06606
G0 F7200 X15.288 Y20.35
G1 F1800 X12.644 Y22.994 E0.06218
G0 F7200 X12.927 Y23.277
G1 F1800 X15.51 Y20.693 E0.06076
G0 F7200 X15.819 Y20.951
G1 F1800 X13.209 Y23.56 E0.06137
G0 F7200 X13.492 Y23.843
G1 F1800 X16.215 Y21.12 E0.06404
G0 F7200 X16.662 Y21.239
G1 F1800 X13.775 Y24.126 E0.0679
G0 F7200 X14.058 Y24.409
G1 F1800 X17.108 Y21.359 E0.07173
G0 F7200 X17.555 Y21.478
G1 F1800 X14.341 Y24.691 E0.07558
G0 F7200 X14.624 Y24.974
G1 F1800 X18.001 Y21.597 E0.07942
G0 F7200 X18.447 Y21.717
G1 F1800 X14.907 Y25.257 E0.08326
G0 F7200 X15.189 Y25.54
G1 F1800 X18.981 Y21.748 E0.08918
G1 X19.051 Y21.678
G0 F7200 X21.868 Y23.953
G1 F1800 X17.735 Y28.086 E0.0972
G0 F7200 X18.018 Y28.368
G1 F1800 X21.652 Y24.735 E0.08545
G0 F7200 X21.77 Y25.182
G1 F1800 X18.301 Y28.651 E0.08159
G0 F7200 X18.583 Y28.934
G1 F1800 X21.888 Y25.629 E0.07773
G0 F7200 X22.007 Y26.076
G1 F1800 X18.866 Y29.217 E0.07387
G0 F7200 X19.149 Y29.5
G1 F1800 X22.126 Y26.523 E0.07001
G0 F7200 X22.245 Y26.97
G1 F1800 X19.432 Y29.783 E0.06616
G0 F7200 X19.715 Y30.065
G1 F1800 X22.363 Y27.417 E0.06228
G0 F7200 X22.582 Y27.764
G1 F1800 X19.998 Y30.348 E0.06077
G0 F7200 X20.281 Y30.631
G1 F1800 X22.89 Y28.022 E0.06136
G0 F7200 X23.286 Y28.192
G1 F1800 X20.563 Y30.914 E0.06403
G0 F7200 X20.846 Y31.197
G1 F1800 X23.733 Y28.31 E0.0679
G0 F7200 X24.179 Y28.43
G1 F1800 X21.129 Y31.48 E0.07173
G0 F7200 X21.412 Y31.763
G1 F1800 X24.625 Y28.549 E0.07558
G0 F7200 X25.072 Y28.668
G1 F1800 X21.695 Y32.045 E0.07942
G0 F7200 X21.978 Y32.328
G1 F1800 X25.518 Y28.788 E0.08326
G0 F7200 X26.066 Y28.805
G1 F1800 X22.26 Y32.611 E0.08951
G0 F7200 X22.543 Y32.894
G1 F1800 X32.894 Y22.543 E0.24344
G0 F7200 X33.177 Y22.826
G1 F1800 X22.826 Y33.177 E0.24344
G0 F7200 X23.109 Y33.46
G1 F1800 X33.46 Y23.109 E0.24344
G0 F7200 X33.742 Y23.392
G1 F1800 X23.392 Y33.742 E0.24342
G0 F7200 X23.675 Y34.025
G1 F1800 X34.025 Y23.675 E0.24342
G0 F7200 X34.308 Y23.957
G1 F1800 X23.957 Y34.308 E0.24344
G0 F7200 X24.24 Y34.591
G1 F1800 X34.591 Y24.24 E0.24344
G0 F7200 X34.874 Y24.523
G1 F1800 X24.523 Y34.874 E0.24344
G0 F7200 X24.806 Y35.157
G1 F1800 X28.945 Y31.017 E0.09735
G1 X29.015 Y30.947
G0 F7200 X28.718 Y31.81
G1 F1800 X25.089 Y35.439 E0.08535
G0 F7200 X25.372 Y35.722
G1 F1800 X28.838 Y32.256 E0.08152
G0 F7200 X28.957 Y32.703
G1 F1800 X25.655 Y36.005 E0.07766
G0 F7200 X25.937 Y36.288
G1 F1800 X29.076 Y33.149 E0.07382
G0 F7200 X29.196 Y33.595
G1 F1800 X26.22 Y36.571 E0.06999
G0 F7200 X26.503 Y36.854
G1 F1800 X29.315 Y34.042 E0.06613
G0 F7200 X29.434 Y34.488
G1 F1800 X26.786 Y37.137 E0.06229
G0 F7200 X27.069 Y37.419
G1 F1800 X29.655 Y34.833 E0.06082
G0 F7200 X29.964 Y35.09
G1 F1800 X27.352 Y37.702 E0.06143
G0 F7200 X27.634 Y37.985
G1 F1800 X30.362 Y35.257 E0.06416
G0 F7200 X30.808 Y35.377
G1 F1800 X27.917 Y38.268 E0.06799
G0 F7200 X28.2 Y38.551
G1 F1800 X31.254 Y35.497 E0.07183
G0 F7200 X31.7 Y35.616
G1 F1800 X28.483 Y38.834 E0.07567
G0 F7200 X28.766 Y39.116
G1 F1800 X32.146 Y35.736 E0.07949
G0 F7200 X32.592 Y35.856
G1 F1800 X29.049 Y39.399 E0.08333
G0 F7200 X29.331 Y39.682
G1 F1800 X33.124 Y35.889 E0.08921
G1 X33.194 Y35.819
G0 F7200 X36.007 Y38.097
G1 F1800 X31.878 Y42.227 E0.09712
G0 F7200 X32.161 Y42.51
G1 F1800 X35.791 Y38.88 E0.08537
G0 F7200 X35.91 Y39.326
G1 F1800 X32.443 Y42.793 E0.08154
G0 F7200 X32.726 Y43.076
G1 F1800 X36.03 Y39.772 E0.07771
G0 F7200 X36.149 Y40.219
G1 F1800 X33.009 Y43.358 E0.07384
G0 F7200 X33.292 Y43.641
G1 F1800 X36.268 Y40.665 E0.06999
G0 F7200 X36.388 Y41.111
G1 F1800 X33.575 Y43.924 E0.06616
G0 F7200 X33.858 Y44.207
G1 F1800 X36.507 Y41.558 E0.0623
G0 F7200 X36.726 Y41.904
G1 F1800 X34.141 Y44.49 E0.06081
G0 F7200 X34.423 Y44.773
G1 F1800 X37.034 Y42.162 E0.06141
G0 F7200 X37.431 Y42.331
G1 F1800 X34.706 Y45.055 E0.06408
G0 F7200 X34.989 Y45.338
G1 F1800 X37.878 Y42.45 E0.06793
G0 F7200 X38.324 Y42.569
G1 F1800 X35.272 Y45.621 E0.07178
G0 F7200 X35.555 Y45.904
G1 F1800 X38.771 Y42.687 E0.07565
G0 F7200 X39.218 Y42.806
G1 F1800 X35.838 Y46.187 E0.0795
G0 F7200 X36.12 Y46.47
G1 F1800 X39.665 Y42.925 E0.08337
G0 F7200 X40.199 Y42.957
G1 F1800 X36.403 Y46.752 E0.08926
G0 F7200 X36.686 Y47.035
G1 F1800 X47.036 Y36.685 E0.24342
G0 F7200 X46.753 Y36.403
G1 F1800 X42.955 Y40.2 E0.08931
G0 F7200 X42.93 Y39.66
G1 F1800 X46.47 Y36.12 E0.08326
G0 F7200 X46.188 Y35.837
G1 F1800 X42.81 Y39.215 E0.07945
G0 F7200 X42.689 Y38.769
G1 F1800 X45.905 Y35.554 E0.07562
G0 F7200 X45.622 Y35.271
G1 F1800 X42.569 Y38.324 E0.0718
G0 F7200 X42.45 Y37.878
G1 F1800 X45.339 Y34.988 E0.06796
G0 F7200 X45.056 Y34.706
G1 F1800 X42.33 Y37.432 E0.06411
G0 F7200 X42.161 Y37.035
G1 F1800 X44.773 Y34.423 E0.06143
G0 F7200 X44.49 Y34.14
G1 F1800 X41.905 Y36.726 E0.06081
G0 F7200 X41.557 Y36.507
G1 F1800 X44.208 Y33.857 E0.06234
G0 F7200 X43.925 Y33.574
G1 F1800 X41.111 Y36.388 E0.06618
G0 F7200 X40.664 Y36.269
G1 F1800 X43.642 Y33.291 E0.07004
G0 F7200 X43.359 Y33.008
G1 F1800 X40.218 Y36.149 E0.07387
G0 F7200 X39.772 Y36.03
G1 F1800 X43.076 Y32.726 E0.07771
G0 F7200 X42.793 Y32.443
G1 F1800 X39.326 Y35.91 E0.08154
G0 F7200 X38.88 Y35.791
G1 F1800 X42.511 Y32.16 E0.0854
G0 F7200 X42.228 Y31.877
G1 F1800 X38.059 Y36.045 E0.09804
G1 X37.989 Y36.115
G0 F7200 X35.886 Y33.128
G1 F1800 X39.682 Y29.331 E0.08929
G0 F7200 X39.399 Y29.049
G1 F1800 X35.857 Y32.591 E0.0833
G0 F7200 X35.737 Y32.145
G1 F1800 X39.116 Y28.766 E0.07947
G0 F7200 X38.834 Y28.483
G1 F1800 X35.617 Y31.7 E0.07566
G0 F7200 X35.497 Y31.253
G1 F1800 X38.551 Y28.2 E0.07181
G0 F7200 X38.268 Y27.917
G1 F1800 X35.378 Y30.807 E0.06797
G0 F7200 X35.258 Y30.362
G1 F1800 X37.985 Y27.634 E0.06415
G0 F7200 X37.702 Y27.352
G1 F1800 X35.093 Y29.961 E0.06136
G0 F7200 X34.834 Y29.654
G1 F1800 X37.419 Y27.069 E0.0608
G0 F7200 X37.137 Y26.786
G1 F1800 X34.486 Y29.436 E0.06234
G0 F7200 X34.04 Y29.317
G1 F1800 X36.854 Y26.503 E0.06618
G0 F7200 X36.571 Y26.22
G1 F1800 X33.594 Y29.197 E0.07001
G0 F7200 X33.148 Y29.078
G1 F1800 X36.288 Y25.937 E0.07386
G0 F7200 X36.005 Y25.655
G1 F1800 X32.702 Y28.958 E0.07768
G0 F7200 X32.255 Y28.839
G1 F1800 X35.722 Y25.372 E0.08154
G0 F7200 X35.439 Y25.089
G1 F1800 X31.809 Y28.719 E0.08537
G1 X31.739 Y28.789
G0 F7200 X30.985 Y28.978
G1 F1800 X35.157 Y24.806 E0.09812
G1 X35.227 Y24.736
G0 F7200 X32.611 Y22.26
G1 F1800 X28.815 Y26.056 E0.08928
G0 F7200 X28.79 Y25.516
G1 F1800 X32.328 Y21.978 E0.08321
G0 F7200 X32.045 Y21.695
G1 F1800 X28.67 Y25.07 E0.07937
G0 F7200 X28.551 Y24.624
G1 F1800 X31.763 Y21.412 E0.07554
G0 F7200 X31.48 Y21.129
G1 F1800 X28.431 Y24.177 E0.0717
G0 F7200 X28.312 Y23.731
G1 F1800 X31.197 Y20.846 E0.06785
G0 F7200 X30.914 Y20.563
G1 F1800 X28.192 Y23.285 E0.06402
G0 F7200 X28.035 Y22.876
G1 F1800 X30.631 Y20.281 E0.06104
G0 F7200 X30.348 Y19.998
G1 F1800 X27.768 Y22.578 E0.06068
G0 F7200 X27.416 Y22.364
G1 F1800 X30.065 Y19.715 E0.0623
G0 F7200 X29.783 Y19.432
G1 F1800 X26.969 Y22.246 E0.06618
G0 F7200 X26.522 Y22.127
G1 F1800 X29.5 Y19.149 E0.07004
G0 F7200 X29.217 Y18.866
G1 F1800 X26.075 Y22.008 E0.0739
G0 F7200 X25.628 Y21.89
G1 F1800 X28.934 Y18.583 E0.07776
G0 F7200 X28.651 Y18.301
G1 F1800 X25.181 Y21.771 E0.08161
G0 F7200 X24.734 Y21.652
G1 F1800 X28.368 Y18.018 E0.08547
G0 F7200 X28.086 Y17.735
G1 F1800 X23.929 Y21.891 E0.09775
G1 X23.859 Y21.961
G0 F7200 X21.743 Y18.987
G1 F1800 X25.54 Y15.189 E0.08931
G0 F7200 X25.257 Y14.907
G1 F1800 X21.717 Y18.447 E0.08326
G0 F7200 X21.596 Y18.002
G1 F1800 X24.974 Y14.624 E0.07945
G0 F7200 X24.691 Y14.341
G1 F1800 X21.477 Y17.555 E0.07559
G0 F7200 X21.357 Y17.11
G1 F1800 X24.409 Y14.058 E0.07178
G0 F7200 X24.126 Y13.775
G1 F1800 X21.237 Y16.664 E0.06794
G0 F7200 X21.117 Y16.218
G1 F1800 X23.843 Y13.492 E0.06411
G0 F7200 X23.56 Y13.209
G1 F1800 X20.947 Y15.822 E0.06145
G0 F7200 X20.689 Y15.515
G1 F1800 X23.277 Y12.927 E0.06087
G0 F7200 X22.994 Y12.644
G1 F1800 X20.343 Y15.295 E0.06235
G0 F7200 X19.897 Y15.175
G1 F1800 X22.712 Y12.361 E0.06619
G0 F7200 X22.429 Y12.078
G1 F1800 X19.451 Y15.056 E0.07004
G0 F7200 X19.006 Y14.936
G1 F1800 X22.146 Y11.795 E0.07386
G0 F7200 X21.863 Y11.512
G1 F1800 X18.559 Y14.816 E0.07771
G0 F7200 X18.114 Y14.696
G1 F1800 X21.58 Y11.23 E0.08152
G0 F7200 X21.297 Y10.947
G1 F1800 X17.668 Y14.576 E0.08535
G1 X17.598 Y14.646
G0 F7200 X16.85 Y14.828
G1 F1800 X21.015 Y10.664 E0.09794
G1 X21.085 Y10.594
G0 F7200 X18.469 Y8.118
G1 F1800 X14.67 Y11.918 E0.08936
G0 F7200 X14.642 Y11.379
G1 F1800 X18.186 Y7.835 E0.08335
G0 F7200 X17.903 Y7.553
G1 F1800 X14.523 Y10.933 E0.07949
G0 F7200 X14.404 Y10.486
G1 F1800 X17.62 Y7.27 E0.07564
G0 F7200 X17.338 Y6.987
G1 F1800 X14.286 Y10.039 E0.07178
G0 F7200 X14.167 Y9.592
G1 F1800 X17.055 Y6.704 E0.06792
G0 F7200 X16.772 Y6.421
G1 F1800 X14.048 Y9.145 E0.06406
G0 F7200 X13.879 Y8.748
G1 F1800 X16.489 Y6.138 E0.06138
G0 F7200 X16.206 Y5.856
G1 F1800 X13.619 Y8.443 E0.06084
G0 F7200 X13.273 Y8.223
G1 F1800 X15.923 Y5.573 E0.06232
G0 F7200 X15.64 Y5.29
G1 F1800 X12.828 Y8.103 E0.06615
G0 F7200 X12.381 Y7.983
G1 F1800 X15.358 Y5.007 E0.07
G0 F7200 X15.075 Y4.724
G1 F1800 X11.936 Y7.863 E0.07382
G0 F7200 X11.49 Y7.743
G1 F1800 X14.792 Y4.441 E0.07766
G0 F7200 X14.509 Y4.158
G1 F1800 X11.044 Y7.623 E0.08149
G0 F7200 X10.56 Y7.542
G1 F1800 X14.226 Y3.876 E0.08622
G0 F7200 X13.943 Y3.593
G1 F1800 X10.015 Y7.521 E0.09238
G0 F7200 X9.829 Y7.141
G1 F1800 X13.661 Y3.31 E0.09011
G1 X13.731 Y3.24
G0 F7200 X25.823 Y15.472
G1 F1800 X15.472 Y25.823 E0.24344
G0 F7200 X15.755 Y26.106
G1 F1800 X26.106 Y15.755 E0.24344
G0 F7200 X26.389 Y16.038
G1 F1800 X16.038 Y26.389 E0.24344
G0 F7200 X16.321 Y26.671
G1 F1800 X26.671 Y16.321 E0.24342
G0 F7200 X26.954 Y16.604
G1 F1800 X16.604 Y26.954 E0.24342
G0 F7200 X16.886 Y27.237
G1 F1800 X27.237 Y16.886 E0.24344
G0 F7200 X27.52 Y17.169
G1 F1800 X17.169 Y27.52 E0.24344
G0 F7200 X17.452 Y27.803
G1 F1800 X27.803 Y17.452 E0.24344
G1 X27.873 Y17.382
G0 F7200 X39.965 Y29.614
G1 F1800 X29.614 Y39.965 E0.24344
G0 F7200 X29.897 Y40.248
G1 F1800 X40.248 Y29.897 E0.24344
G0 F7200 X40.531 Y30.18
G1 F1800 X30.18 Y40.531 E0.24344
G0 F7200 X30.463 Y40.813
G1 F1800 X40.813 Y30.463 E0.24342
G0 F7200 X41.096 Y30.746
G1 F1800 X30.746 Y41.096 E0.24342
G0 F7200 X31.029 Y41.378
G1 F1800 X41.379 Y31.029 E0.2434
G0 F7200 X41.662 Y31.311
G1 F1800 X31.312 Y41.661 E0.24342
G0 F7200 X31.595 Y41.944
G1 F1800 X41.945 Y31.594 E0.24342
G1 X42.015 Y31.524
G0 F7200 X47.319 Y36.968
G1 F1800 X36.969 Y47.318 E0.24342
G0 F7200 X37.252 Y47.601
G1 F1800 X47.602 Y37.251 E0.24342
G0 F7200 X47.885 Y37.534
G1 F1800 X37.535 Y47.884 E0.24342
G0 F7200 X37.817 Y48.167
G1 F1800 X48.167 Y37.817 E0.24342
G0 F7200 X48.45 Y38.1
G1 F1800 X38.1 Y48.45 E0.24342
G0 F7200 X38.383 Y48.732
G1 F1800 X48.733 Y38.382 E0.24342
G0 F7200 X49.016 Y38.665
G1 F1800 X38.666 Y49.015 E0.24342
G0 F7200 X38.949 Y49.298
G1 F1800 X43.08 Y45.166 E0.09717
G1 X43.15 Y45.096
G0 F7200 X42.86 Y45.953
G1 F1800 X39.232 Y49.581 E0.08532
G0 F7200 X39.515 Y49.864
G1 F1800 X42.979 Y46.399 E0.08148
G0 F7200 X43.099 Y46.845
G1 F1800 X39.797 Y50.147 E0.07766
G0 F7200 X40.08 Y50.429
G1 F1800 X43.218 Y47.291 E0.0738
G0 F7200 X43.339 Y47.737
G1 F1800 X40.363 Y50.712 E0.06998
G0 F7200 X40.646 Y50.995
G1 F1800 X43.458 Y48.183 E0.06613
G0 F7200 X43.578 Y48.629
G1 F1800 X40.929 Y51.278 E0.0623
G0 F7200 X41.212 Y51.561
G1 F1800 X43.797 Y48.975 E0.06081
G0 F7200 X44.106 Y49.232
G1 F1800 X41.494 Y51.844 E0.06143
G0 F7200 X41.777 Y52.126
G1 F1800 X44.503 Y49.401 E0.0641
G0 F7200 X44.949 Y49.521
G1 F1800 X42.06 Y52.409 E0.06793
G0 F7200 X42.343 Y52.692
G1 F1800 X45.395 Y49.64 E0.07178
G0 F7200 X45.84 Y49.761
G1 F1800 X42.626 Y52.975 E0.07559
G0 F7200 X42.909 Y53.258
G1 F1800 X46.287 Y49.88 E0.07945
G0 F7200 X46.732 Y50
G1 F1800 X43.191 Y53.541 E0.08328
G0 F7200 X43.474 Y53.824
G1 F1800 X47.28 Y50.018 E0.08951
G1 X47.35 Y49.948
G0 F7200 X50.156 Y52.233
G1 F1800 X46.02 Y56.369 E0.09727
G0 F7200 X46.303 Y56.652
G1 F1800 X49.931 Y53.024 E0.08532
G0 F7200 X50.05 Y53.471
G1 F1800 X46.586 Y56.935 E0.08147
G0 F7200 X46.868 Y57.218
G1 F1800 X50.169 Y53.918 E0.07762
G0 F7200 X50.287 Y54.364
G1 F1800 X47.151 Y57.501 E0.07377
G0 F7200 X47.434 Y57.783
G1 F1800 X50.406 Y54.811 E0.0699
G0 F7200 X50.526 Y55.258
G1 F1800 X47.717 Y58.066 E0.06605
G0 F7200 X48 Y58.349
G1 F1800 X50.644 Y55.704 E0.06219
G0 F7200 X50.862 Y56.052
G1 F1800 X48.283 Y58.632 E0.06067
G0 F7200 X48.566 Y58.915
G1 F1800 X51.161 Y56.319 E0.06104
G0 F7200 X51.57 Y56.476
G1 F1800 X48.848 Y59.198 E0.06402
G0 F7200 X49.131 Y59.48
G1 F1800 X52.016 Y56.595 E0.06785
G0 F7200 X52.463 Y56.714
G1 F1800 X49.414 Y59.763 E0.07171
G0 F7200 X49.697 Y60.046
G1 F1800 X52.909 Y56.834 E0.07554
G0 F7200 X53.355 Y56.953
G1 F1800 X49.98 Y60.329 E0.07939
G0 F7200 X50.263 Y60.612
G1 F1800 X53.802 Y57.072 E0.08324
G0 F7200 X54.35 Y57.09
G1 F1800 X50.545 Y60.895 E0.08949
G0 F7200 X50.828 Y61.177
G1 F1800 X61.178 Y50.828 E0.2434
G0 F7200 X61.461 Y51.11
G1 F1800 X51.111 Y61.46 E0.24342
G0 F7200 X51.394 Y61.743
G1 F1800 X61.744 Y51.393 E0.24342
G0 F7200 X62.027 Y51.676
G1 F1800 X51.677 Y62.026 E0.24342
G0 F7200 X51.96 Y62.309
G1 F1800 X62.31 Y51.959 E0.24342
G0 F7200 X62.592 Y52.242
G1 F1800 X52.242 Y62.592 E0.24342
G0 F7200 X52.525 Y62.875
G1 F1800 X62.875 Y52.525 E0.24342
G0 F7200 X63.158 Y52.807
G1 F1800 X52.808 Y63.157 E0.24342
G0 F7200 X53.091 Y63.44
G1 F1800 X57.23 Y59.302 E0.09733
G1 X57.3 Y59.232
G0 F7200 X57.003 Y60.094
G1 F1800 X53.374 Y63.723 E0.08535
G0 F7200 X53.657 Y64.006
G1 F1800 X57.122 Y60.54 E0.0815
G0 F7200 X57.241 Y60.987
G1 F1800 X53.94 Y64.289 E0.07765
G0 F7200 X54.222 Y64.572
G1 F1800 X57.361 Y61.433 E0.07382
G0 F7200 X57.48 Y61.88
G1 F1800 X54.505 Y64.854 E0.06996
G0 F7200 X54.788 Y65.137
G1 F1800 X57.599 Y62.327 E0.0661
G0 F7200 X57.718 Y62.773
G1 F1800 X55.071 Y65.42 E0.06225
G0 F7200 X55.354 Y65.703
G1 F1800 X57.94 Y63.117 E0.06082
G0 F7200 X58.249 Y63.374
G1 F1800 X55.637 Y65.986 E0.06143
G0 F7200 X55.919 Y66.269
G1 F1800 X58.647 Y63.541 E0.06416
G0 F7200 X59.093 Y63.661
G1 F1800 X56.202 Y66.551 E0.06798
G0 F7200 X56.485 Y66.834
G1 F1800 X59.538 Y63.781 E0.0718
G0 F7200 X59.985 Y63.901
G1 F1800 X56.768 Y67.117 E0.07565
G0 F7200 X57.051 Y67.4
G1 F1800 X60.431 Y64.02 E0.07949
G0 F7200 X60.877 Y64.14
G1 F1800 X57.334 Y67.683 E0.08333
G0 F7200 X57.616 Y67.966
G1 F1800 X61.423 Y64.159 E0.08953
G1 X61.493 Y64.089
G0 F7200 X64.304 Y66.37
G1 F1800 X60.163 Y70.511 E0.09739
G0 F7200 X60.446 Y70.793
G1 F1800 X64.074 Y67.165 E0.08532
G0 F7200 X64.193 Y67.611
G1 F1800 X60.728 Y71.076 E0.08149
G0 F7200 X61.011 Y71.359
G1 F1800 X64.313 Y68.058 E0.07765
G0 F7200 X64.432 Y68.504
G1 F1800 X61.294 Y71.642 E0.0738
G0 F7200 X61.577 Y71.925
G1 F1800 X64.552 Y68.95 E0.06997
G0 F7200 X64.671 Y69.396
G1 F1800 X61.86 Y72.208 E0.06612
G0 F7200 X62.143 Y72.49
G1 F1800 X64.791 Y69.842 E0.06228
G0 F7200 X65.011 Y70.188
G1 F1800 X62.426 Y72.773 E0.0608
G0 F7200 X62.708 Y73.056
G1 F1800 X65.319 Y70.446 E0.06139
G0 F7200 X65.715 Y70.615
G1 F1800 X62.991 Y73.339 E0.06406
G0 F7200 X63.274 Y73.622
G1 F1800 X66.163 Y70.733 E0.06794
G0 F7200 X66.609 Y70.852
G1 F1800 X63.557 Y73.905 E0.07179
G0 F7200 X63.84 Y74.188
G1 F1800 X67.056 Y70.971 E0.07565
G0 F7200 X67.503 Y71.09
G1 F1800 X64.123 Y74.47 E0.07949
G0 F7200 X64.405 Y74.753
G1 F1800 X67.95 Y71.208 E0.08337
G0 F7200 X68.483 Y71.241
G1 F1800 X64.688 Y75.036 E0.08925
G0 F7200 X64.971 Y75.319
G1 F1800 X75.32 Y64.97 E0.24339
G0 F7200 X75.603 Y65.253
G1 F1800 X65.254 Y75.602 E0.24339
G0 F7200 X65.537 Y75.885
G1 F1800 X75.886 Y65.535 E0.2434
G0 F7200 X76.169 Y65.818
G1 F1800 X65.82 Y76.167 E0.24339
G0 F7200 X66.102 Y76.45
G1 F1800 X76.452 Y66.101 E0.2434
G0 F7200 X76.735 Y66.384
G1 F1800 X66.385 Y76.733 E0.2434
G0 F7200 X66.668 Y77.016
G1 F1800 X77.017 Y66.667 E0.24339
G0 F7200 X77.3 Y66.95
G1 F1800 X66.951 Y77.299 E0.24339
G0 F7200 X67.234 Y77.582
G1 F1800 X71.363 Y73.452 E0.09712
G1 X71.433 Y73.382
G0 F7200 X71.143 Y74.238
G1 F1800 X67.517 Y77.864 E0.08528
G0 F7200 X67.8 Y78.147
G1 F1800 X71.264 Y74.683 E0.08147
G0 F7200 X71.383 Y75.129
G1 F1800 X68.082 Y78.43 E0.07763
G0 F7200 X68.365 Y78.713
G1 F1800 X71.503 Y75.575 E0.0738
G0 F7200 X71.623 Y76.021
G1 F1800 X68.648 Y78.996 E0.06997
G0 F7200 X68.931 Y79.279
G1 F1800 X71.742 Y76.467 E0.06612
G0 F7200 X71.863 Y76.913
G1 F1800 X69.214 Y79.562 E0.0623
G0 F7200 X69.497 Y79.844
G1 F1800 X72.082 Y77.259 E0.0608
G0 F7200 X72.389 Y77.517
G1 F1800 X69.779 Y80.127 E0.06138
G0 F7200 X70.062 Y80.41
G1 F1800 X72.785 Y77.687 E0.06404
G0 F7200 X73.233 Y77.805
G1 F1800 X70.345 Y80.693 E0.06792
G0 F7200 X70.628 Y80.976
G1 F1800 X73.68 Y77.924 E0.07178
G0 F7200 X74.127 Y78.043
G1 F1800 X70.911 Y81.259 E0.07564
G0 F7200 X71.194 Y81.541
G1 F1800 X74.574 Y78.161 E0.07949
G0 F7200 X75.02 Y78.28
G1 F1800 X71.476 Y81.824 E0.08335
G0 F7200 X71.759 Y82.107
G1 F1800 X75.553 Y78.313 E0.08923
G1 X75.623 Y78.243
G0 F7200 X78.439 Y80.519
G1 F1800 X74.305 Y84.653 E0.09723
G0 F7200 X74.588 Y84.936
G1 F1800 X78.214 Y81.309 E0.08529
G0 F7200 X78.333 Y81.756
G1 F1800 X74.871 Y85.218 E0.08142
G0 F7200 X75.153 Y85.501
G1 F1800 X78.452 Y82.203 E0.07758
G0 F7200 X78.572 Y82.649
G1 F1800 X75.436 Y85.784 E0.07374
G0 F7200 X75.719 Y86.067
G1 F1800 X78.69 Y83.096 E0.06987
G0 F7200 X78.809 Y83.543
G1 F1800 X76.002 Y86.35 E0.06602
G0 F7200 X76.285 Y86.633
G1 F1800 X78.928 Y83.989 E0.06217
G0 F7200 X79.151 Y84.332
G1 F1800 X76.568 Y86.915 E0.06075
G0 F7200 X76.85 Y87.198
G1 F1800 X79.459 Y84.59 E0.06135
G0 F7200 X79.855 Y84.759
G1 F1800 X77.133 Y87.481 E0.06402
G0 F7200 X77.416 Y87.764
G1 F1800 X80.301 Y84.879 E0.06785
G0 F7200 X80.747 Y84.998
G1 F1800 X77.699 Y88.047 E0.0717
G0 F7200 X77.982 Y88.33
G1 F1800 X81.194 Y85.118 E0.07554
G0 F7200 X81.64 Y85.237
G1 F1800 X78.265 Y88.613 E0.07939
G0 F7200 X78.548 Y88.895
G1 F1800 X82.087 Y85.356 E0.08323
G0 F7200 X82.635 Y85.374
G1 F1800 X78.83 Y89.178 E0.08948
G0 F7200 X79.113 Y89.461
G1 F1800 X89.462 Y79.112 E0.24339
G0 F7200 X89.18 Y78.829
G1 F1800 X85.383 Y82.625 E0.08929
G0 F7200 X85.358 Y82.085
G1 F1800 X88.897 Y78.546 E0.08323
G0 F7200 X88.614 Y78.263
G1 F1800 X85.239 Y81.638 E0.07937
G0 F7200 X85.119 Y81.192
G1 F1800 X88.331 Y77.98 E0.07554
G0 F7200 X88.048 Y77.698
G1 F1800 X85 Y80.746 E0.07168
G0 F7200 X84.88 Y80.3
G1 F1800 X87.765 Y77.415 E0.06785
G0 F7200 X87.483 Y77.132
G1 F1800 X84.761 Y79.854 E0.06402
G0 F7200 X84.591 Y79.458
G1 F1800 X87.2 Y76.849 E0.06136
G0 F7200 X86.917 Y76.566
G1 F1800 X84.332 Y79.151 E0.0608
G0 F7200 X83.988 Y78.929
G1 F1800 X86.634 Y76.283 E0.06223
G0 F7200 X86.351 Y76.001
G1 F1800 X83.541 Y78.811 E0.06609
G0 F7200 X83.094 Y78.692
G1 F1800 X86.068 Y75.718 E0.06994
G0 F7200 X85.785 Y75.435
G1 F1800 X82.647 Y78.573 E0.0738
G0 F7200 X82.2 Y78.454
G1 F1800 X85.503 Y75.152 E0.07767
G0 F7200 X85.22 Y74.869
G1 F1800 X81.754 Y78.335 E0.08152
G0 F7200 X81.307 Y78.217
G1 F1800 X84.937 Y74.586 E0.08538
G0 F7200 X84.654 Y74.303
G1 F1800 X80.488 Y78.47 E0.09799
G1 X80.418 Y78.54
G0 F7200 X78.311 Y75.555
G1 F1800 X82.109 Y71.758 E0.08931
G0 F7200 X82.391 Y72.041
G1 F1800 X72.042 Y82.39 E0.24339
G0 F7200 X72.325 Y82.673
G1 F1800 X82.674 Y72.324 E0.24339
G0 F7200 X82.957 Y72.606
G1 F1800 X72.608 Y82.956 E0.2434
G0 F7200 X72.891 Y83.238
G1 F1800 X83.24 Y72.889 E0.24339
G0 F7200 X83.523 Y73.172
G1 F1800 X73.174 Y83.521 E0.24339
G0 F7200 X73.456 Y83.804
G1 F1800 X83.806 Y73.455 E0.2434
G0 F7200 X84.088 Y73.738
G1 F1800 X73.739 Y84.087 E0.24339
G0 F7200 X74.022 Y84.37
G1 F1800 X84.371 Y74.021 E0.24339
G1 X84.441 Y73.951
G0 F7200 X81.826 Y71.475
G1 F1800 X78.285 Y75.016 E0.08328
G0 F7200 X78.166 Y74.569
G1 F1800 X81.543 Y71.192 E0.07942
G0 F7200 X81.26 Y70.909
G1 F1800 X78.045 Y74.124 E0.07561
G0 F7200 X77.925 Y73.678
G1 F1800 X80.977 Y70.627 E0.07177
G0 F7200 X80.694 Y70.344
G1 F1800 X77.805 Y73.233 E0.06794
G0 F7200 X77.685 Y72.787
G1 F1800 X80.411 Y70.061 E0.06411
G0 F7200 X80.129 Y69.778
G1 F1800 X77.516 Y72.391 E0.06145
G0 F7200 X77.256 Y72.085
G1 F1800 X79.846 Y69.495 E0.06091
G0 F7200 X79.563 Y69.212
G1 F1800 X76.912 Y71.863 E0.06235
G0 F7200 X76.467 Y71.743
G1 F1800 X79.28 Y68.929 E0.06617
G0 F7200 X78.997 Y68.647
G1 F1800 X76.02 Y71.624 E0.07001
G0 F7200 X75.574 Y71.504
G1 F1800 X78.714 Y68.364 E0.07385
G0 F7200 X78.432 Y68.081
G1 F1800 X75.129 Y71.384 E0.07768
G0 F7200 X74.682 Y71.264
G1 F1800 X78.149 Y67.798 E0.08153
G0 F7200 X77.866 Y67.515
G1 F1800 X74.237 Y71.144 E0.08535
G1 X74.167 Y71.214
G0 F7200 X73.416 Y71.399
G1 F1800 X77.583 Y67.232 E0.098
G1 X77.653 Y67.162
G0 F7200 X75.037 Y64.687
G1 F1800 X71.238 Y68.486 E0.08935
G0 F7200 X71.21 Y67.949
G1 F1800 X74.755 Y64.404 E0.08337
G0 F7200 X74.472 Y64.121
G1 F1800 X71.09 Y67.503 E0.07954
G0 F7200 X70.971 Y67.056
G1 F1800 X74.189 Y63.838 E0.07568
G0 F7200 X73.906 Y63.555
G1 F1800 X70.852 Y66.609 E0.07183
G0 F7200 X70.733 Y66.163
G1 F1800 X73.623 Y63.273 E0.06797
G0 F7200 X73.34 Y62.99
G1 F1800 X70.613 Y65.717 E0.06413
G0 F7200 X70.445 Y65.32
G1 F1800 X73.058 Y62.707 E0.06145
G0 F7200 X72.775 Y62.424
G1 F1800 X70.188 Y65.011 E0.06084
G0 F7200 X69.842 Y64.791
G1 F1800 X72.492 Y62.141 E0.06232
G0 F7200 X72.209 Y61.858
G1 F1800 X69.395 Y64.672 E0.06618
G0 F7200 X68.949 Y64.552
G1 F1800 X71.926 Y61.576 E0.07
G0 F7200 X71.643 Y61.293
G1 F1800 X68.503 Y64.433 E0.07385
G0 F7200 X68.057 Y64.313
G1 F1800 X71.361 Y61.01 E0.07769
G0 F7200 X71.078 Y60.727
G1 F1800 X67.611 Y64.194 E0.08154
G0 F7200 X67.165 Y64.074
G1 F1800 X70.795 Y60.444 E0.08537
G0 F7200 X70.512 Y60.161
G1 F1800 X66.337 Y64.336 E0.09819
G1 X66.267 Y64.406
G0 F7200 X64.171 Y61.412
G1 F1800 X67.966 Y57.616 E0.08926
G0 F7200 X67.684 Y57.333
G1 F1800 X64.141 Y60.876 E0.08333
G0 F7200 X64.021 Y60.429
G1 F1800 X67.401 Y57.05 E0.07948
G0 F7200 X67.118 Y56.767
G1 F1800 X63.901 Y59.984 E0.07566
G0 F7200 X63.782 Y59.538
G1 F1800 X66.835 Y56.484 E0.07181
G0 F7200 X66.552 Y56.202
G1 F1800 X63.662 Y59.091 E0.06796
G0 F7200 X63.542 Y58.646
G1 F1800 X66.269 Y55.919 E0.06413
G0 F7200 X65.986 Y55.636
G1 F1800 X63.375 Y58.247 E0.06141
G0 F7200 X63.119 Y57.938
G1 F1800 X65.704 Y55.353 E0.0608
G0 F7200 X65.421 Y55.07
G1 F1800 X62.771 Y57.72 E0.06232
G0 F7200 X62.324 Y57.601
G1 F1800 X65.138 Y54.787 E0.06618
G0 F7200 X64.855 Y54.504
G1 F1800 X61.878 Y57.481 E0.07001
G0 F7200 X61.432 Y57.362
G1 F1800 X64.572 Y54.222 E0.07385
G0 F7200 X64.289 Y53.939
G1 F1800 X60.986 Y57.242 E0.07768
G0 F7200 X60.54 Y57.123
G1 F1800 X64.007 Y53.656 E0.08154
G0 F7200 X63.724 Y53.373
G1 F1800 X60.093 Y57.003 E0.08538
G1 X60.023 Y57.073
G0 F7200 X59.271 Y57.26
G1 F1800 X63.441 Y53.09 E0.09807
G1 X63.511 Y53.02
G0 F7200 X60.895 Y50.545
G1 F1800 X57.099 Y54.341 E0.08928
G0 F7200 X57.073 Y53.801
G1 F1800 X60.612 Y50.262 E0.08323
G0 F7200 X60.33 Y49.979
G1 F1800 X56.955 Y53.354 E0.07937
G0 F7200 X56.835 Y52.908
G1 F1800 X60.047 Y49.696 E0.07554
G0 F7200 X59.764 Y49.413
G1 F1800 X56.716 Y52.462 E0.0717
G0 F7200 X56.596 Y52.015
G1 F1800 X59.481 Y49.13 E0.06785
G0 F7200 X59.198 Y48.848
G1 F1800 X56.477 Y51.569 E0.06399
G0 F7200 X56.306 Y51.174
G1 F1800 X58.915 Y48.565 E0.06136
G0 F7200 X58.633 Y48.282
G1 F1800 X56.047 Y50.867 E0.06081
G0 F7200 X55.703 Y50.646
G1 F1800 X58.35 Y47.999 E0.06225
G0 F7200 X58.067 Y47.716
G1 F1800 X55.256 Y50.527 E0.06611
G0 F7200 X54.81 Y50.408
G1 F1800 X57.784 Y47.433 E0.06996
G0 F7200 X57.501 Y47.151
G1 F1800 X54.363 Y50.289 E0.0738
G0 F7200 X53.916 Y50.17
G1 F1800 X57.218 Y46.868 E0.07766
G0 F7200 X56.936 Y46.585
G1 F1800 X53.469 Y50.051 E0.08153
G0 F7200 X53.022 Y49.932
G1 F1800 X56.653 Y46.302 E0.08538
G0 F7200 X56.37 Y46.019
G1 F1800 X52.204 Y50.185 E0.09798
G1 X52.134 Y50.255
G0 F7200 X50.027 Y47.271
G1 F1800 X53.824 Y43.474 E0.0893
G0 F7200 X54.107 Y43.756
G1 F1800 X43.757 Y54.106 E0.24342
G0 F7200 X44.04 Y54.389
G1 F1800 X54.39 Y44.039 E0.24342
G0 F7200 X54.673 Y44.322
G1 F1800 X44.323 Y54.672 E0.24342
G0 F7200 X44.606 Y54.955
G1 F1800 X54.956 Y44.605 E0.24342
G0 F7200 X55.238 Y44.888
G1 F1800 X44.889 Y55.238 E0.2434
G0 F7200 X45.171 Y55.521
G1 F1800 X55.521 Y45.171 E0.24342
G0 F7200 X55.804 Y45.454
G1 F1800 X45.454 Y55.803 E0.2434
G0 F7200 X45.737 Y56.086
G1 F1800 X56.087 Y45.736 E0.24342
G1 X56.157 Y45.666
G0 F7200 X53.541 Y43.191
G1 F1800 X50.002 Y46.731 E0.08324
G0 F7200 X49.881 Y46.285
G1 F1800 X53.259 Y42.908 E0.07943
G0 F7200 X52.976 Y42.625
G1 F1800 X49.761 Y45.84 E0.07561
G0 F7200 X49.641 Y45.394
G1 F1800 X52.693 Y42.342 E0.07178
G0 F7200 X52.41 Y42.059
G1 F1800 X49.521 Y44.949 E0.06796
G0 F7200 X49.401 Y44.503
G1 F1800 X52.127 Y41.777 E0.06411
G0 F7200 X51.844 Y41.494
G1 F1800 X49.232 Y44.106 E0.06143
G0 F7200 X48.972 Y43.8
G1 F1800 X51.562 Y41.211 E0.0609
G0 F7200 X51.279 Y40.928
G1 F1800 X48.628 Y43.579 E0.06235
G0 F7200 X48.182 Y43.459
G1 F1800 X50.996 Y40.645 E0.06618
G0 F7200 X50.713 Y40.362
G1 F1800 X47.736 Y43.339 E0.07001
G0 F7200 X47.29 Y43.22
G1 F1800 X50.43 Y40.08 E0.07385
G0 F7200 X50.147 Y39.797
G1 F1800 X46.844 Y43.1 E0.07768
G0 F7200 X46.398 Y42.98
G1 F1800 X49.864 Y39.514 E0.08152
G0 F7200 X49.582 Y39.231
G1 F1800 X45.953 Y42.86 E0.08535
G1 X45.883 Y42.93
G0 F7200 X45.142 Y43.105
G1 F1800 X49.299 Y38.948 E0.09777
G1 X49.369 Y38.878
G0 F7200 X68.249 Y57.899
G1 F1800 X57.899 Y68.249 E0.24342
G0 F7200 X58.182 Y68.531
G1 F1800 X68.532 Y58.181 E0.24342
G0 F7200 X68.815 Y58.464
G1 F1800 X58.465 Y68.814 E0.24342
G0 F7200 X58.749 Y69.096
G1 F1800 X69.098 Y58.747 E0.24339
G0 F7200 X69.381 Y59.03
G1 F1800 X59.031 Y69.379 E0.2434
G0 F7200 X59.314 Y69.662
G1 F1800 X69.663 Y59.313 E0.24339
G0 F7200 X69.946 Y59.596
G1 F1800 X59.597 Y69.945 E0.24339
G0 F7200 X59.88 Y70.228
G1 F1800 X70.229 Y59.879 E0.24339
G1 X70.299 Y59.809
G0 F7200 X89.745 Y79.395
G1 F1800 X79.396 Y89.744 E0.24339
G0 F7200 X79.679 Y90.027
G1 F1800 X90.028 Y79.677 E0.2434
G0 F7200 X90.311 Y79.96
G1 F1800 X79.962 Y90.31 E0.2434
G0 F7200 X80.245 Y90.592
G1 F1800 X90.594 Y80.243 E0.24339
G0 F7200 X90.877 Y80.526
G1 F1800 X80.527 Y90.875 E0.2434
G0 F7200 X80.81 Y91.158
G1 F1800 X91.159 Y80.809 E0.24339
G0 F7200 X91.442 Y81.092
G1 F1800 X81.093 Y91.441 E0.24339
G0 F7200 X81.376 Y91.724
G1 F1800 X85.514 Y87.586 E0.09732
G1 X85.584 Y87.516
G0 F7200 X85.286 Y88.379
G1 F1800 X81.659 Y92.007 E0.08531
G0 F7200 X81.942 Y92.289
G1 F1800 X85.405 Y88.826 E0.08144
G0 F7200 X85.525 Y89.272
G1 F1800 X82.224 Y92.572 E0.07762
G0 F7200 X82.507 Y92.855
G1 F1800 X85.643 Y89.719 E0.07375
G0 F7200 X85.762 Y90.166
G1 F1800 X82.79 Y93.138 E0.0699
G0 F7200 X83.073 Y93.421
G1 F1800 X85.881 Y90.613 E0.06604
G0 F7200 X86 Y91.06
G1 F1800 X83.356 Y93.704 E0.06218
G0 F7200 X83.639 Y93.987
G1 F1800 X86.222 Y91.403 E0.06076
G0 F7200 X86.53 Y91.661
G1 F1800 X83.922 Y94.269 E0.06134
G0 F7200 X84.204 Y94.552
G1 F1800 X86.925 Y91.831 E0.06399
G0 F7200 X87.372 Y91.95
G1 F1800 X84.487 Y94.835 E0.06785
G0 F7200 X84.77 Y95.118
G1 F1800 X87.819 Y92.069 E0.07171
G0 F7200 X88.266 Y92.188
G1 F1800 X85.053 Y95.401 E0.07556
G0 F7200 X85.336 Y95.684
G1 F1800 X88.713 Y92.306 E0.07943
G0 F7200 X89.16 Y92.425
G1 F1800 X85.619 Y95.966 E0.08328
G0 F7200 X85.901 Y96.249
G1 F1800 X89.688 Y92.463 E0.08905
G0 F7200 X90.081 Y92.635
G1 F1800 X86.184 Y96.532 E0.09165
G1 X86.114 Y96.602
G0 F7200 X92.632 Y90.084
G1 F1800 X96.534 Y86.183 E0.09176
G0 F7200 X96.251 Y85.9
G1 F1800 X92.464 Y89.687 E0.08906
G0 F7200 X92.426 Y89.159
G1 F1800 X95.968 Y85.617 E0.0833
G0 F7200 X95.685 Y85.334
G1 F1800 X92.307 Y88.712 E0.07945
G0 F7200 X92.188 Y88.265
G1 F1800 X95.402 Y85.052 E0.07558
G0 F7200 X95.119 Y84.769
G1 F1800 X92.07 Y87.818 E0.07171
G0 F7200 X91.951 Y87.372
G1 F1800 X94.836 Y84.486 E0.06786
G0 F7200 X94.554 Y84.203
G1 F1800 X91.832 Y86.925 E0.06402
G0 F7200 X91.662 Y86.529
G1 F1800 X94.271 Y83.92 E0.06136
G0 F7200 X93.988 Y83.637
G1 F1800 X91.403 Y86.222 E0.0608
G0 F7200 X91.059 Y86
G1 F1800 X93.705 Y83.354 E0.06223
G0 F7200 X93.422 Y83.072
G1 F1800 X90.612 Y85.882 E0.06609
G0 F7200 X90.165 Y85.763
G1 F1800 X93.139 Y82.789 E0.06994
G0 F7200 X92.857 Y82.506
G1 F1800 X89.718 Y85.644 E0.07381
G0 F7200 X89.272 Y85.525
G1 F1800 X92.574 Y82.223 E0.07766
G0 F7200 X92.291 Y81.94
G1 F1800 X88.825 Y85.406 E0.08152
G0 F7200 X88.378 Y85.288
G1 F1800 X92.008 Y81.657 E0.08538
G0 F7200 X91.725 Y81.375
G1 F1800 X87.556 Y85.544 E0.09805
G1 X87.486 Y85.614
G0 F7200 X87.442 Y85.569
;MESH:NONMESH
G0 F600 X87.442 Y85.569 Z1.1
G0 F7200 X84.277 Y79.363
G0 X13.567 Y8.652
G0 X10.21 Y7.753
G0 X8.216 Y8.217
G0 X8.111 Y8.111
;TIME_ELAPSED:1351.054253
;LAYER:8
;TYPE:FILL
;MESH:bodyNW.stl
G1 F3600 X9.038 Y9.038 E0.0218
G1 X9.108 Y9.108
G0 F7200 X8.936 Y8.935
G0 X10.21 Y7.753
G0 X12.42 Y8.278
G0 X12.382 Y8.421
G1 F3600 X15.875 Y4.929 E0.08214
G1 X15.945 Y4.859
G0 F7200 X15.769 Y5.034
G0 X18.597 Y7.862
G0 X18.703 Y7.757
G1 F3600 X7.758 Y18.702 E0.25741
G1 X7.688 Y18.772
G0 F7200 X7.863 Y18.598
G0 X10.691 Y21.426
G0 X10.586 Y21.531
G1 F3600 X21.531 Y10.585 E0.25742
G1 X21.601 Y10.515
G0 F7200 X21.425 Y10.69
G0 X24.254 Y13.519
G0 X24.36 Y13.414
G1 F3600 X20.867 Y16.906 E0.08214
G1 X20.797 Y16.976
G0 F7200 X21.024 Y16.916
G0 X21.536 Y19.079
G0 X20.353 Y20.354
G0 X20.245 Y20.245
G1 F3600 X23.183 Y23.183 E0.0691
G1 X23.253 Y23.253
G0 F7200 X23.077 Y23.077
G0 X24.347 Y21.899
G0 X26.562 Y22.421
G0 X26.524 Y22.563
G1 F3600 X30.017 Y19.071 E0.08214
G1 X30.087 Y19.001
G0 F7200 X29.911 Y19.176
G0 X32.739 Y22.004
G0 X32.845 Y21.899
G1 F3600 X21.9 Y32.844 E0.25741
G1 X21.83 Y32.914
G0 F7200 X22.005 Y32.74
G0 X24.833 Y35.568
G0 X24.728 Y35.673
G1 F3600 X35.674 Y24.728 E0.25742
G1 X35.744 Y24.658
G0 F7200 X35.568 Y24.833
G0 X38.396 Y27.661
G0 X38.502 Y27.556
G1 F3600 X35.009 Y31.049 E0.08215
G1 X34.939 Y31.119
G0 F7200 X35.166 Y31.059
G0 X35.678 Y33.221
G0 X34.495 Y34.496
G0 X34.39 Y34.39
G1 F3600 X37.325 Y37.325 E0.06903
G1 X37.395 Y37.395
G0 F7200 X37.22 Y37.219
G0 X38.494 Y36.038
G0 X40.704 Y36.563
G0 X40.666 Y36.706
G1 F3600 X44.159 Y33.213 E0.08215
G1 X44.229 Y33.143
G0 F7200 X44.053 Y33.318
G0 X46.881 Y36.146
G0 X46.987 Y36.041
G1 F3600 X36.042 Y46.987 E0.25742
G1 X35.972 Y47.057
G0 F7200 X36.147 Y46.882
G0 X38.975 Y49.71
G0 X38.87 Y49.815
G1 F3600 X49.816 Y38.87 E0.25742
G1 X49.886 Y38.8
G0 F7200 X49.71 Y38.975
G0 X52.538 Y41.803
G0 X52.644 Y41.698
G1 F3600 X49.152 Y45.19 E0.08213
G1 X49.082 Y45.26
G0 F7200 X49.308 Y45.201
G0 X49.82 Y47.364
G0 X48.638 Y48.638
G0 X48.529 Y48.529
G1 F3600 X51.467 Y51.467 E0.0691
G1 X51.537 Y51.537
G0 F7200 X51.362 Y51.362
G0 X50.18 Y52.636
G0 X50.705 Y54.847
G0 X50.845 Y54.811
G1 F3600 X47.356 Y58.3 E0.08206
G1 X47.286 Y58.37
G0 F7200 X47.461 Y58.196
G0 X50.289 Y61.024
G0 X50.184 Y61.129
G1 F3600 X61.129 Y50.183 E0.25742
G1 X61.199 Y50.113
G0 F7200 X61.023 Y50.288
G0 X58.195 Y47.46
G0 X58.301 Y47.355
G1 F3600 X54.811 Y50.845 E0.08208
G1 X54.741 Y50.915
G0 F7200 X54.8 Y50.693
G0 X55.992 Y51.079
G0 X56.891 Y54.435
G0 X55.709 Y55.709
G0 X55.601 Y55.601
G1 F3600 X58.539 Y58.539 E0.0691
G1 X58.609 Y58.609
G0 F7200 X58.434 Y58.433
G0 X57.251 Y59.708
G0 X58.15 Y63.063
G0 X59.295 Y63.437
G0 X59.334 Y63.292
G1 F3600 X55.841 Y66.786 E0.08216
G1 X55.771 Y66.856
G0 F7200 X55.946 Y66.681
G0 X58.774 Y69.509
G0 X58.669 Y69.614
G1 F3600 X69.615 Y58.669 E0.25742
G1 X69.685 Y58.599
G0 F7200 X69.509 Y58.774
G0 X72.337 Y61.602
G0 X72.443 Y61.497
G1 F3600 X68.951 Y64.989 E0.08213
G1 X68.881 Y65.059
G0 F7200 X68.941 Y64.834
G0 X66.779 Y64.322
G0 X65.505 Y65.504
G0 X65.611 Y65.611
G1 F3600 X62.674 Y62.674 E0.06907
G1 X62.604 Y62.604
G0 F7200 X62.78 Y62.78
G0 X63.962 Y61.506
G0 X63.438 Y59.296
G0 X63.293 Y59.333
G1 F3600 X66.786 Y55.84 E0.08215
G1 X66.856 Y55.77
G0 F7200 X66.68 Y55.945
G0 X63.852 Y53.117
G0 X63.958 Y53.012
G1 F3600 X53.013 Y63.957 E0.25741
G1 X52.943 Y64.027
G0 F7200 X53.118 Y63.853
G0 X61.603 Y72.338
G0 X61.498 Y72.442
G1 F3600 X64.989 Y68.951 E0.0821
G1 X65.059 Y68.881
G0 F7200 X64.833 Y68.94
G0 X65.221 Y70.134
G0 X68.577 Y71.033
G0 X69.851 Y69.851
G0 X69.743 Y69.743
G1 F3600 X72.679 Y72.679 E0.06905
G1 X72.749 Y72.749
G0 F7200 X72.576 Y72.575
G0 X71.393 Y73.85
G0 X72.292 Y77.207
G0 X73.437 Y77.579
G0 X73.475 Y77.435
G1 F3600 X69.983 Y80.928 E0.08214
G1 X69.913 Y80.998
G0 F7200 X70.088 Y80.823
G0 X72.916 Y83.651
G0 X72.811 Y83.756
G1 F3600 X83.757 Y72.811 E0.25742
G1 X83.827 Y72.741
G0 F7200 X83.651 Y72.916
G0 X86.479 Y75.744
G0 X86.585 Y75.639
G1 F3600 X83.096 Y79.129 E0.08207
G1 X83.026 Y79.199
G0 F7200 X83.085 Y78.977
G0 X80.921 Y78.464
G0 X79.647 Y79.646
G0 X79.751 Y79.751
G1 F3600 X76.814 Y76.814 E0.06907
G1 X76.744 Y76.744
G0 F7200 X76.922 Y76.923
G0 X78.105 Y75.648
G0 X77.581 Y73.438
G0 X77.436 Y73.475
G1 F3600 X80.928 Y69.982 E0.08214
G1 X80.998 Y69.912
G0 F7200 X80.822 Y70.087
G0 X77.994 Y67.259
G0 X78.1 Y67.154
G1 F3600 X67.155 Y78.099 E0.25741
G1 X67.085 Y78.169
G0 F7200 X67.26 Y77.995
G0 X64.431 Y75.166
G0 X64.326 Y75.271
G1 F3600 X75.272 Y64.326 E0.25742
G1 X75.342 Y64.256
G0 F7200 X75.166 Y64.431
G0 X78.105 Y75.648
G0 X78.464 Y80.921
G0 X78.989 Y83.132
G0 X79.128 Y83.096
G1 F3600 X75.64 Y86.585 E0.08204
G1 X75.57 Y86.655
G0 F7200 X75.745 Y86.48
G0 X78.573 Y89.308
G0 X78.468 Y89.413
G1 F3600 X89.414 Y78.468 E0.25742
G1 X89.484 Y78.398
G0 F7200 X89.308 Y78.573
G0 X92.136 Y81.401
G0 X92.242 Y81.296
G1 F3600 X81.297 Y92.241 E0.25741
G1 X81.227 Y92.311
G0 F7200 X81.402 Y92.137
G0 X84.23 Y94.965
G0 X84.125 Y95.07
G1 F3600 X87.616 Y91.579 E0.0821
G1 X87.686 Y91.509
G0 F7200 X87.626 Y91.734
G0 X89.79 Y92.247
G0 X91.064 Y91.065
G0 X90.958 Y90.958
G1 F3600 X91.889 Y91.889 E0.0219
G1 X91.959 Y91.959
G0 F7200 X91.784 Y91.783
G0 X88.955 Y94.612
G0 X89.06 Y94.717
G1 F3600 X5.283 Y10.94 E1.97031
G1 X5.213 Y10.87
G0 F7200 X5.388 Y11.045
G0 X8.277 Y12.42
G0 X8.42 Y12.383
G1 F3600 X4.929 Y15.874 E0.0821
G1 X4.859 Y15.944
G0 F7200 X5.034 Y15.769
G0 X12.008 Y14.465
G0 X13.282 Y13.283
G0 X13.175 Y13.175
G1 F3600 X16.112 Y16.112 E0.06907
G1 X16.182 Y16.182
G0 F7200 X16.007 Y16.006
G0 X14.824 Y17.281
G0 X15.723 Y20.637
G0 X16.868 Y21.011
G0 X16.906 Y20.868
G1 F3600 X13.415 Y24.359 E0.0821
G1 X13.345 Y24.429
G0 F7200 X13.52 Y24.255
G0 X16.348 Y27.083
G0 X16.243 Y27.188
G1 F3600 X27.188 Y16.242 E0.25742
G1 X27.258 Y16.172
G0 F7200 X27.082 Y16.347
G0 X28.607 Y26.15
G0 X27.424 Y27.425
G0 X27.318 Y27.318
G1 F3600 X30.255 Y30.255 E0.06907
G1 X30.325 Y30.325
G0 F7200 X30.149 Y30.149
G0 X28.967 Y31.423
G0 X29.866 Y34.779
G0 X31.011 Y35.153
G0 X31.05 Y35.008
G1 F3600 X27.557 Y38.501 E0.08215
G1 X27.487 Y38.571
G0 F7200 X27.662 Y38.397
G0 X30.49 Y41.225
G0 X30.385 Y41.33
G1 F3600 X41.33 Y30.384 E0.25742
G1 X41.4 Y30.314
G0 F7200 X41.224 Y30.489
G0 X42.749 Y40.292
G0 X41.566 Y41.567
G0 X41.458 Y41.458
G1 F3600 X44.395 Y44.395 E0.06907
G1 X44.465 Y44.465
G0 F7200 X44.291 Y44.291
G0 X43.109 Y45.565
G0 X44.008 Y48.921
G0 X45.153 Y49.295
G0 X45.191 Y49.151
G1 F3600 X41.699 Y52.643 E0.08213
G1 X41.629 Y52.713
G0 F7200 X41.804 Y52.539
G0 X44.632 Y55.367
G0 X44.527 Y55.472
G1 F3600 X55.473 Y44.527 E0.25742
G1 X55.543 Y44.457
G0 F7200 X55.367 Y44.632
G0 X40.888 Y42.154
G0 X40.296 Y42.746
G0 X36.936 Y41.851
G0 X36.563 Y40.703
G0 X36.705 Y40.666
G1 F3600 X33.214 Y44.158 E0.08211
G1 X33.144 Y44.228
G0 F7200 X33.319 Y44.054
G0 X19.176 Y29.911
G0 X19.071 Y30.016
G1 F3600 X22.562 Y26.525 E0.0821
G1 X22.632 Y26.455
G0 F7200 X22.408 Y26.514
G0 X15.723 Y20.637
G0 X14.824 Y17.281
G0 X16.524 Y15.574
G0 X13.567 Y8.652
G0 X11.045 Y5.388
G0 X10.94 Y5.283
G1 F3600 X94.717 Y89.06 E1.97031
G1 X94.787 Y89.13
G0 F7200 X94.612 Y88.955
G0 X91.722 Y87.578
G0 X91.58 Y87.615
G1 F3600 X95.071 Y84.124 E0.0821
G1 X95.141 Y84.054
G0 F7200 X94.965 Y84.23
G0 X87.992 Y85.535
G0 X86.718 Y86.717
G0 X86.824 Y86.824
G1 F3600 X83.885 Y83.885 E0.06912
G1 X83.815 Y83.815
G0 F7200 X83.993 Y83.994
G0 X83.072 Y84.915
G0 X82.85 Y84.692
;TYPE:WALL-INNER
G1 F3600 X82.636 Y84.808 E0.00405
G1 X82.402 Y84.837 E0.00392
G1 X79.79 Y84.141 E0.04495
G1 X79.623 Y84.013 E0.0035
G1 X79.495 Y83.846 E0.0035
G1 X78.799 Y81.234 E0.04495
G1 X78.828 Y81 E0.00392
G1 X78.944 Y80.785 E0.00406
G1 X80.747 Y78.979 E0.04244
G1 X81 Y78.828 E0.0049
G1 X81.234 Y78.799 E0.00392
G1 X83.846 Y79.495 E0.04495
G1 X84.013 Y79.623 E0.0035
G1 X84.141 Y79.79 E0.0035
G1 X84.837 Y82.402 E0.04495
G1 X84.808 Y82.636 E0.00392
G1 X84.657 Y82.889 E0.0049
G1 X82.85 Y84.692 E0.04245
G0 F7200 X83.072 Y84.915
G0 X79.363 Y84.277
G0 X76.003 Y77.842
G0 X75.782 Y77.62
G1 F3600 X75.567 Y77.736 E0.00406
G1 X75.333 Y77.765 E0.00392
G1 X72.721 Y77.068 E0.04496
G1 X72.556 Y76.941 E0.00346
G1 X72.427 Y76.774 E0.00351
G1 X71.727 Y74.163 E0.04495
G1 X71.756 Y73.928 E0.00394
G1 X71.872 Y73.713 E0.00406
G1 X73.675 Y71.908 E0.04243
G1 X73.928 Y71.756 E0.00491
G1 X74.163 Y71.727 E0.00394
G1 X76.771 Y72.427 E0.04491
G1 X76.941 Y72.555 E0.00354
G1 X77.068 Y72.722 E0.00349
G1 X77.765 Y75.33 E0.04489
G1 X77.736 Y75.564 E0.00392
G1 X77.583 Y75.818 E0.00493
G1 X75.782 Y77.62 E0.04237
G0 F7200 X76.003 Y77.842
G0 X72.292 Y77.207
G0 X68.932 Y70.77
G0 X68.71 Y70.548
G1 F3600 X68.495 Y70.664 E0.00406
G1 X68.261 Y70.693 E0.00392
G1 X65.649 Y69.996 E0.04496
G1 X65.484 Y69.869 E0.00346
G1 X65.356 Y69.703 E0.00349
G1 X64.659 Y67.094 E0.04491
G1 X64.688 Y66.86 E0.00392
G1 X64.804 Y66.646 E0.00405
G1 X66.607 Y64.839 E0.04245
G1 X66.86 Y64.688 E0.0049
G1 X67.094 Y64.659 E0.00392
G1 X69.702 Y65.356 E0.04489
G1 X69.869 Y65.483 E0.00349
G1 X69.997 Y65.65 E0.0035
G1 X70.693 Y68.261 E0.04494
G1 X70.664 Y68.495 E0.00392
G1 X70.513 Y68.749 E0.00491
G1 X68.71 Y70.548 E0.04236
G0 F7200 X68.932 Y70.77
G0 X65.221 Y70.134
G0 X61.859 Y63.701
G0 X61.638 Y63.48
G1 F3600 X61.424 Y63.596 E0.00405
G1 X61.189 Y63.625 E0.00394
G1 X58.581 Y62.925 E0.04491
G1 X58.411 Y62.797 E0.00354
G1 X58.284 Y62.63 E0.00349
G1 X57.587 Y60.022 E0.04489
G1 X57.616 Y59.788 E0.00392
G1 X57.732 Y59.574 E0.00405
G1 X59.535 Y57.767 E0.04245
G1 X59.788 Y57.616 E0.0049
G1 X60.022 Y57.587 E0.00392
G1 X62.631 Y58.284 E0.04491
G1 X62.796 Y58.411 E0.00346
G1 X62.925 Y58.578 E0.00351
G1 X63.625 Y61.189 E0.04495
G1 X63.596 Y61.424 E0.00394
G1 X63.445 Y61.677 E0.0049
G1 X61.638 Y63.48 E0.04245
G0 F7200 X61.859 Y63.701
G0 X58.15 Y63.063
G0 X54.788 Y56.63
G0 X54.566 Y56.408
G1 F3600 X54.352 Y56.524 E0.00405
G1 X54.118 Y56.553 E0.00392
G1 X51.506 Y55.857 E0.04495
G1 X51.339 Y55.729 E0.0035
G1 X51.211 Y55.562 E0.0035
G1 X50.515 Y52.95 E0.04495
G1 X50.544 Y52.716 E0.00392
G1 X50.66 Y52.502 E0.00405
G1 X52.463 Y50.695 E0.04245
G1 X52.716 Y50.544 E0.0049
G1 X52.95 Y50.515 E0.00392
G1 X55.562 Y51.211 E0.04495
G1 X55.729 Y51.339 E0.0035
G1 X55.857 Y51.506 E0.0035
G1 X56.553 Y54.118 E0.04495
G1 X56.524 Y54.352 E0.00392
G1 X56.373 Y54.605 E0.0049
G1 X54.566 Y56.408 E0.04245
G0 F7200 X54.788 Y56.63
G0 X51.079 Y55.992
G0 X47.717 Y49.559
G0 X47.494 Y49.336
G1 F3600 X47.28 Y49.452 E0.00405
G1 X47.046 Y49.481 E0.00392
G1 X44.437 Y48.784 E0.04491
G1 X44.272 Y48.657 E0.00346
G1 X44.143 Y48.49 E0.00351
G1 X43.443 Y45.879 E0.04495
G1 X43.472 Y45.644 E0.00394
G1 X43.588 Y45.429 E0.00406
G1 X45.391 Y43.623 E0.04244
G1 X45.644 Y43.472 E0.0049
G1 X45.879 Y43.443 E0.00394
G1 X48.487 Y44.143 E0.04491
G1 X48.657 Y44.271 E0.00354
G1 X48.784 Y44.438 E0.00349
G1 X49.481 Y47.046 E0.04489
G1 X49.452 Y47.28 E0.00392
G1 X49.301 Y47.533 E0.0049
G1 X47.494 Y49.336 E0.04245
G0 F7200 X47.717 Y49.559
G0 X44.008 Y48.921
G0 X40.647 Y42.486
G0 X40.426 Y42.264
G1 F3600 X40.211 Y42.38 E0.00406
G1 X39.977 Y42.409 E0.00392
G1 X37.366 Y41.713 E0.04494
G1 X37.199 Y41.585 E0.0035
G1 X37.071 Y41.418 E0.0035
G1 X36.375 Y38.807 E0.04494
G1 X36.404 Y38.573 E0.00392
G1 X36.52 Y38.358 E0.00406
G1 X38.319 Y36.555 E0.04236
G1 X38.573 Y36.404 E0.00491
G1 X38.807 Y36.375 E0.00392
G1 X41.419 Y37.072 E0.04496
G1 X41.584 Y37.199 E0.00346
G1 X41.712 Y37.365 E0.00349
G1 X42.409 Y39.974 E0.04491
G1 X42.38 Y40.208 E0.00392
G1 X42.227 Y40.462 E0.00493
G1 X40.426 Y42.264 E0.04237
G0 F7200 X40.647 Y42.486
G0 X36.936 Y41.851
G0 X33.575 Y35.416
G0 X33.355 Y35.196
G1 F3600 X33.14 Y35.312 E0.00406
G1 X32.905 Y35.341 E0.00394
G1 X30.297 Y34.641 E0.04491
G1 X30.127 Y34.513 E0.00354
G1 X30 Y34.346 E0.00349
G1 X29.303 Y31.738 E0.04489
G1 X29.332 Y31.504 E0.00392
G1 X29.448 Y31.29 E0.00405
G1 X31.251 Y29.483 E0.04245
G1 X31.504 Y29.332 E0.0049
G1 X31.738 Y29.303 E0.00392
G1 X34.347 Y30 E0.04491
G1 X34.512 Y30.127 E0.00346
G1 X34.641 Y30.294 E0.00351
G1 X35.341 Y32.905 E0.04495
G1 X35.312 Y33.14 E0.00394
G1 X35.16 Y33.394 E0.00492
G1 X33.355 Y35.196 E0.04242
G0 F7200 X33.575 Y35.416
G0 X29.866 Y34.779
G0 X26.503 Y28.346
G0 X26.282 Y28.124
G1 F3600 X26.068 Y28.24 E0.00405
G1 X25.834 Y28.269 E0.00392
G1 X23.222 Y27.573 E0.04495
G1 X23.055 Y27.445 E0.0035
G1 X22.925 Y27.274 E0.00357
G1 X22.235 Y24.664 E0.0449
G1 X22.264 Y24.429 E0.00394
G1 X22.38 Y24.214 E0.00406
G1 X24.176 Y22.414 E0.04229
G1 X24.429 Y22.264 E0.00489
G1 X24.664 Y22.235 E0.00394
G1 X27.275 Y22.926 E0.04492
G1 X27.444 Y23.055 E0.00354
G1 X27.573 Y23.224 E0.00354
G1 X28.269 Y25.834 E0.04492
G1 X28.24 Y26.068 E0.00392
G1 X28.089 Y26.321 E0.0049
G1 X26.282 Y28.124 E0.04245
G0 F7200 X26.503 Y28.346
G0 X22.793 Y27.708
G0 X19.433 Y21.274
G0 X19.211 Y21.052
G1 F3600 X18.996 Y21.168 E0.00406
G1 X18.762 Y21.197 E0.00392
G1 X16.15 Y20.501 E0.04495
G1 X15.983 Y20.373 E0.0035
G1 X15.855 Y20.206 E0.0035
G1 X15.159 Y17.594 E0.04495
G1 X15.188 Y17.36 E0.00392
G1 X15.304 Y17.146 E0.00405
G1 X17.108 Y15.343 E0.04242
G1 X17.361 Y15.192 E0.0049
G1 X17.594 Y15.163 E0.0039
G1 X20.207 Y15.86 E0.04497
G1 X20.372 Y15.987 E0.00346
G1 X20.5 Y16.153 E0.00349
G1 X21.197 Y18.762 E0.04491
G1 X21.167 Y18.996 E0.00392
G1 X21.014 Y19.252 E0.00496
G1 X19.211 Y21.052 E0.04237
G0 F7200 X19.433 Y21.274
G0 X15.723 Y20.637
G0 X12.361 Y14.204
G0 X12.138 Y13.98
G1 F3600 X11.924 Y14.096 E0.00405
G1 X11.69 Y14.125 E0.00392
G1 X9.081 Y13.428 E0.04491
G1 X8.916 Y13.301 E0.00346
G1 X8.787 Y13.134 E0.00351
G1 X8.112 Y10.616 E0.04335
G1 X8.106 Y10.327 E0.00481
G1 X8.21 Y10.092 E0.00427
G1 X10.035 Y8.267 E0.04292
G1 X10.327 Y8.106 E0.00555
G1 X10.616 Y8.112 E0.00481
G1 X13.131 Y8.787 E0.0433
G1 X13.301 Y8.915 E0.00354
G1 X13.429 Y9.082 E0.0035
G1 X14.125 Y11.694 E0.04495
G1 X14.096 Y11.927 E0.0039
G1 X13.944 Y12.181 E0.00492
G1 X12.138 Y13.98 E0.04239
G0 F7200 X12.361 Y14.204
G0 X15.723 Y20.637
G0 X86.434 Y91.348
G0 X89.79 Y92.247
G0 X89.961 Y91.729
G1 F3600 X89.67 Y91.889 E0.00552
G1 X89.381 Y91.884 E0.00481
G1 X86.862 Y91.213 E0.04335
G1 X86.695 Y91.085 E0.0035
G1 X86.567 Y90.918 E0.0035
G1 X85.871 Y88.306 E0.04495
G1 X85.9 Y88.072 E0.00392
G1 X86.016 Y87.858 E0.00405
G1 X87.819 Y86.051 E0.04245
G1 X88.072 Y85.9 E0.0049
G1 X88.306 Y85.871 E0.00392
G1 X90.918 Y86.567 E0.04495
G1 X91.085 Y86.695 E0.0035
G1 X91.213 Y86.862 E0.0035
G1 X91.884 Y89.381 E0.04335
G1 X91.89 Y89.67 E0.00481
G1 X91.784 Y89.906 E0.0043
G1 X89.961 Y91.729 E0.04287
G0 F7200 X90.18 Y91.949
G0 X86.416 Y97.191
G0 X86.416 Y97.587
G1 F3600 X97.587 Y86.416 E0.26272
G1 X13.584 Y2.413 E1.97562
G1 X2.413 Y13.584 E0.26272
G1 X86.416 Y97.587 E1.97562
G0 F7200 X86.416 Y98.153
;TYPE:WALL-OUTER
G1 F1800 X98.153 Y86.416 E0.27604
G1 X13.584 Y1.847 E1.98893
G1 X1.847 Y13.584 E0.27604
G1 X86.416 Y98.153 E1.98893
G0 F7200 X86.557 Y98.012
G0 X86.416 Y97.191
G0 X90.18 Y91.949
G0 X89.678 Y91.446
G1 F1800 X89.55 Y91.516 E0.00243
G1 X87.035 Y90.845 E0.04329
G1 X86.926 Y90.712 E0.00286
G1 X86.282 Y88.296 E0.04158
G1 X86.322 Y88.115 E0.00308
G1 X88.126 Y86.31 E0.04244
G1 X88.252 Y86.276 E0.00217
G1 X90.745 Y86.935 E0.04288
G1 X90.854 Y87.068 E0.00286
G1 X91.498 Y89.484 E0.04158
G1 X91.468 Y89.651 E0.00282
G1 X89.678 Y91.446 E0.04216
G0 F7200 X89.55 Y91.516
G0 X89.498 Y91.503
G0 X89.315 Y92.187
G0 X86.434 Y91.348
G0 X83.097 Y84.89
G0 X82.593 Y84.386
G1 F1800 X82.456 Y84.432 E0.0024
G1 X79.963 Y83.773 E0.04288
G1 X79.854 Y83.64 E0.00286
G1 X79.21 Y81.224 E0.04158
G1 X79.25 Y81.043 E0.00308
G1 X81.054 Y79.238 E0.04244
G1 X81.18 Y79.204 E0.00217
G1 X83.673 Y79.863 E0.04288
G1 X83.782 Y79.996 E0.00286
G1 X84.439 Y82.46 E0.04241
G1 X84.401 Y82.579 E0.00208
G1 X82.593 Y84.386 E0.04251
G0 F7200 X82.456 Y84.432
G0 X82.403 Y84.418
G0 X82.218 Y85.109
G0 X79.363 Y84.277
G0 X76.028 Y77.818
G0 X75.525 Y77.314
G1 F1800 X75.387 Y77.36 E0.00242
G1 X72.895 Y76.701 E0.04287
G1 X72.786 Y76.568 E0.00286
G1 X72.138 Y74.152 E0.0416
G1 X72.178 Y73.971 E0.00308
G1 X73.982 Y72.166 E0.04244
G1 X74.108 Y72.132 E0.00217
G1 X76.601 Y72.795 E0.0429
G1 X76.71 Y72.928 E0.00286
G1 X77.367 Y75.388 E0.04234
G1 X77.329 Y75.507 E0.00208
G1 X75.525 Y77.314 E0.04246
G0 F7200 X75.387 Y77.36
G0 X75.334 Y77.346
G0 X75.15 Y78.035
G0 X72.292 Y77.207
G0 X68.956 Y70.746
G0 X68.453 Y70.242
G1 F1800 X68.315 Y70.288 E0.00242
G1 X65.823 Y69.629 E0.04287
G1 X65.714 Y69.496 E0.00286
G1 X65.07 Y67.084 E0.04152
G1 X65.11 Y66.903 E0.00308
G1 X66.914 Y65.098 E0.04244
G1 X67.04 Y65.064 E0.00217
G1 X69.529 Y65.723 E0.04282
G1 X69.638 Y65.856 E0.00286
G1 X70.288 Y68.315 E0.0423
G1 X70.23 Y68.466 E0.00269
G1 X68.453 Y70.242 E0.04178
G0 F7200 X68.315 Y70.288
G0 X68.262 Y70.274
G0 X68.077 Y70.966
G0 X65.221 Y70.134
G0 X61.883 Y63.677
G0 X61.381 Y63.174
G1 F1800 X61.244 Y63.22 E0.0024
G1 X58.751 Y62.557 E0.0429
G1 X58.642 Y62.424 E0.00286
G1 X57.998 Y60.012 E0.04152
G1 X58.038 Y59.831 E0.00308
G1 X59.842 Y58.026 E0.04244
G1 X59.968 Y57.992 E0.00217
G1 X62.457 Y58.651 E0.04282
G1 X62.566 Y58.784 E0.00286
G1 X63.227 Y61.248 E0.04243
G1 X63.189 Y61.367 E0.00208
G1 X61.381 Y63.174 E0.04251
G0 F7200 X61.244 Y63.22
G0 X61.191 Y63.206
G0 X61.006 Y63.895
G0 X58.15 Y63.063
G0 X54.812 Y56.606
G0 X54.309 Y56.102
G1 F1800 X54.172 Y56.148 E0.0024
G1 X51.679 Y55.489 E0.04288
G1 X51.57 Y55.356 E0.00286
G1 X50.926 Y52.94 E0.04158
G1 X50.966 Y52.759 E0.00308
G1 X52.77 Y50.954 E0.04244
G1 X52.896 Y50.92 E0.00217
G1 X55.389 Y51.579 E0.04288
G1 X55.498 Y51.712 E0.00286
G1 X56.155 Y54.176 E0.04241
G1 X56.117 Y54.295 E0.00208
G1 X54.309 Y56.102 E0.04251
G0 F7200 X54.172 Y56.148
G0 X54.119 Y56.134
G0 X53.934 Y56.824
G0 X51.079 Y55.992
G0 X47.741 Y49.535
G0 X47.237 Y49.03
G1 F1800 X47.1 Y49.076 E0.0024
G1 X44.611 Y48.417 E0.04282
G1 X44.502 Y48.284 E0.00286
G1 X43.854 Y45.868 E0.0416
G1 X43.894 Y45.687 E0.00308
G1 X45.698 Y43.882 E0.04244
G1 X45.824 Y43.848 E0.00217
G1 X48.317 Y44.511 E0.0429
G1 X48.426 Y44.644 E0.00286
G1 X49.083 Y47.104 E0.04234
G1 X49.045 Y47.223 E0.00208
G1 X47.237 Y49.03 E0.04251
G0 F7200 X47.1 Y49.076
G0 X47.047 Y49.062
G0 X46.862 Y49.753
G0 X44.008 Y48.921
G0 X40.672 Y42.462
G0 X40.169 Y41.958
G1 F1800 X40.031 Y42.004 E0.00242
G1 X37.539 Y41.345 E0.04287
G1 X37.43 Y41.212 E0.00286
G1 X36.78 Y38.753 E0.0423
G1 X36.826 Y38.615 E0.00242
G1 X38.627 Y36.813 E0.04237
G1 X38.753 Y36.78 E0.00217
G1 X41.245 Y37.439 E0.04287
G1 X41.354 Y37.572 E0.00286
G1 X42.011 Y40.032 E0.04234
G1 X41.973 Y40.151 E0.00208
G1 X40.169 Y41.958 E0.04246
G0 F7200 X40.031 Y42.004
G0 X39.978 Y41.99
G0 X39.794 Y42.679
G0 X36.936 Y41.851
G0 X33.599 Y35.392
G0 X33.097 Y34.89
G1 F1800 X32.969 Y34.944 E0.00231
G1 X30.466 Y34.273 E0.04309
G1 X30.358 Y34.14 E0.00285
G1 X29.714 Y31.728 E0.04152
G1 X29.754 Y31.547 E0.00308
G1 X31.558 Y29.742 E0.04244
G1 X31.684 Y29.708 E0.00217
G1 X34.173 Y30.367 E0.04282
G1 X34.282 Y30.5 E0.00286
G1 X34.943 Y32.964 E0.04243
G1 X34.905 Y33.083 E0.00208
G1 X33.097 Y34.89 E0.04251
G0 F7200 X32.969 Y34.944
G0 X32.911 Y34.929
G0 X32.728 Y35.613
G0 X29.866 Y34.779
G0 X26.528 Y28.321
G0 X26.025 Y27.818
G1 F1800 X25.888 Y27.864 E0.0024
G1 X23.395 Y27.205 E0.04288
G1 X23.286 Y27.072 E0.00286
G1 X22.64 Y24.609 E0.04235
G1 X22.686 Y24.471 E0.00242
G1 X24.483 Y22.673 E0.04227
G1 X24.609 Y22.64 E0.00217
G1 X27.072 Y23.286 E0.04235
G1 X27.162 Y23.338 E0.00173
G1 X27.214 Y23.428 E0.00173
G1 X27.871 Y25.892 E0.04241
G1 X27.833 Y26.011 E0.00208
G1 X26.025 Y27.818 E0.04251
G0 F7200 X25.888 Y27.864
G0 X25.835 Y27.85
G0 X25.65 Y28.54
G0 X22.793 Y27.708
G0 X19.457 Y21.25
G0 X18.953 Y20.746
G1 F1800 X18.816 Y20.792 E0.0024
G1 X16.323 Y20.133 E0.04288
G1 X16.214 Y20 E0.00286
G1 X15.57 Y17.584 E0.04158
G1 X15.61 Y17.403 E0.00308
G1 X17.415 Y15.601 E0.04242
G1 X17.54 Y15.568 E0.00215
G1 X20.033 Y16.227 E0.04288
G1 X20.142 Y16.36 E0.00286
G1 X20.799 Y18.82 E0.04234
G1 X20.761 Y18.939 E0.00208
G1 X18.953 Y20.746 E0.04251
G0 F7200 X18.816 Y20.792
G0 X18.763 Y20.778
G0 X18.578 Y21.469
G0 X15.723 Y20.637
G0 X12.386 Y14.179
G0 X11.881 Y13.674
G1 F1800 X11.744 Y13.72 E0.0024
G1 X9.255 Y13.061 E0.04282
G1 X9.146 Y12.928 E0.00286
G1 X8.498 Y10.512 E0.0416
G1 X8.528 Y10.345 E0.00282
G1 X10.318 Y8.55 E0.04216
G1 X10.444 Y8.48 E0.0024
G1 X12.962 Y9.155 E0.04335
G1 X13.07 Y9.288 E0.00285
G1 X13.727 Y11.752 E0.04241
G1 X13.689 Y11.871 E0.00208
G1 X11.881 Y13.674 E0.04246
G0 F7200 X11.744 Y13.72
G0 X11.691 Y13.706
G0 X11.428 Y14.687
;MESH:NONMESH
G0 F600 X11.428 Y14.687 Z1.2
G0 F7200 X8.652 Y13.566
G0 X7.753 Y10.21
G0 X8.216 Y8.217
G0 X8.111 Y8.111
;TIME_ELAPSED:1397.372418
;LAYER:9
;TYPE:FILL
;MESH:bodyNW.stl
G1 F3600 X8.485 Y8.486 E0.00881
G1 X5.658 Y11.313 E0.06649
G1 X5.94 Y11.596 E0.00664
G0 F7200 X5.658 Y11.313
G1 F3600 X5.283 Y10.94 E0.0088
G0 F7200 X5.656 Y11.314
G1 F3600 X3.041 Y13.929 E0.0615
G1 X2.971 Y13.999
G0 F7200 X3.118 Y13.853
G0 X5.034 Y15.769
G0 X4.929 Y15.874
G1 F3600 X8.42 Y12.383 E0.0821
G0 F7200 X8.295 Y12.07
G1 F3600 X7.355 Y13.01 E0.02211
G0 F7200 X7.591 Y13.213
G1 F3600 X8.951 Y13.577 E0.02341
G1 X9.047 Y13.602
G0 F7200 X8.109 Y13.766
G1 F3600 X5.94 Y11.596 E0.05102
G1 X8.767 Y8.769 E0.06649
G1 X8.51 Y8.51 E0.00607
G1 X11.553 Y5.897 E0.0667
G1 X10.94 Y5.283 E0.01443
G0 F7200 X11.314 Y5.656
G1 F3600 X13.929 Y3.041 E0.0615
G1 X13.999 Y2.971
G0 F7200 X13.852 Y3.117
G0 X15.769 Y5.034
G0 X15.875 Y4.929
G1 F3600 X12.382 Y8.421 E0.08214
G0 F7200 X11.888 Y8.246
G1 F3600 X12.972 Y7.315 E0.02376
G0 F7200 X13.205 Y7.598
G1 F3600 X13.559 Y8.925 E0.02284
G1 X13.584 Y9.021
G0 F7200 X13.753 Y8.097
G1 F3600 X16.121 Y10.466 E0.0557
G1 X13.294 Y13.293 E0.06649
G1 X13.524 Y13.526 E0.00544
G1 X11.227 Y16.882 E0.06763
G1 X15.595 Y21.251 E0.10274
G0 F7200 X16.117 Y21.657
G1 F3600 X15.798 Y20.459 E0.02062
G1 X15.773 Y20.363
G0 F7200 X15.594 Y20.409
G0 X16.868 Y21.011
G0 X16.906 Y20.868
G1 F3600 X16.176 Y21.6 E0.01719
G0 F7200 X16.344 Y22
G1 F3600 X21.517 Y27.172 E0.12165
G0 F7200 X21.918 Y27.169
G1 F3600 X22.037 Y24.694 E0.04121
G1 X22.04 Y24.632
G1 X22.159 Y22.161 E0.04114
G1 X22.134 Y22.133
G1 X21.777 Y21.78 E0.00835
G1 X21.751 Y21.752
G1 X21.599 Y21.6 E0.00357
G1 X16.176 Y21.6 E0.09018
G1 X13.415 Y24.359 E0.06491
G1 X13.345 Y24.429
G0 F7200 X13.52 Y24.255
G0 X16.348 Y27.083
G0 X16.243 Y27.188
G1 F3600 X21.429 Y22 E0.12199
G0 F7200 X21.599 Y21.6
G1 F3600 X20.965 Y20.963 E0.01495
G1 X22.808 Y17.152 E0.0704
G1 X22.508 Y16.853 E0.00704
G0 F7200 X22.808 Y17.152
G1 F3600 X27.142 Y21.485 E0.10192
G1 X21.751 Y21.752 E0.08976
G1 X21.777 Y21.78 E0.00064
G1 X21.517 Y27.172 E0.08977
G1 X22.297 Y27.954 E0.01837
G1 X22.367 Y28.024
G0 F7200 X22.709 Y27.236
G1 F3600 X22.033 Y27.054 E0.01164
G0 F7200 X22.562 Y26.525
G1 F3600 X19.071 Y30.016 E0.0821
G1 X19.001 Y30.086
G0 F7200 X19.176 Y29.911
G0 X22.005 Y32.74
G0 X21.9 Y32.844
G1 F3600 X25.836 Y28.906 E0.09259
G1 X22.297 Y27.954 E0.06095
G1 X25.055 Y30.711 E0.06485
G0 F7200 X25.343 Y30.999
G1 F3600 X25.055 Y30.711 E0.00677
G1 X27.243 Y27.502 E0.06459
G1 X25.836 Y28.906 E0.03306
G1 X25.766 Y28.976
G0 F7200 X27.295 Y27.554
G0 X27.243 Y27.502
G1 F3600 X28.874 Y25.869 E0.03838
G1 X28.944 Y25.799
G0 F7200 X30.269 Y24.612
G1 F3600 X30.552 Y24.895 E0.00666
G1 X27.718 Y27.719 E0.06653
G1 X29.65 Y29.652 E0.04545
G1 X27.358 Y33.014 E0.06767
G1 X29.747 Y35.402 E0.05617
G0 F7200 X30.26 Y35.8
G1 F3600 X27.557 Y38.501 E0.06355
G1 X27.487 Y38.571
G0 F7200 X27.662 Y38.397
G0 X30.528 Y36.184
G1 F3600 X29.747 Y35.402 E0.01838
G1 X28.745 Y31.656 E0.06449
G1 X24.728 Y35.673 E0.09447
G1 X24.658 Y35.743
G0 F7200 X24.833 Y35.568
G0 X27.358 Y33.014
G1 F3600 X25.343 Y30.999 E0.04739
G1 X27.635 Y27.637 E0.06767
G1 X27.436 Y27.436 E0.0047
G1 X30.269 Y24.612 E0.06652
G1 X27.905 Y22.249 E0.05559
G0 F7200 X27.353 Y21.734
G1 F3600 X27.713 Y23.08 E0.02317
G1 X27.738 Y23.176
G0 F7200 X27.869 Y23.142
G0 X26.562 Y22.421
G0 X26.524 Y22.563
G1 F3600 X27.204 Y21.882 E0.016
G1 X22.134 Y22.133 E0.08442
G1 X23.183 Y23.183 E0.02468
G1 X23.253 Y23.253
G0 F7200 X23.078 Y23.077
G0 X22.541 Y22.543
G1 F3600 X22.479 Y23.832 E0.02146
G1 X22.475 Y23.931
G0 F7200 X22.35 Y23.805
G0 X22.515 Y22.515
G1 F3600 X23.859 Y22.448 E0.02238
G1 X23.958 Y22.444
G0 F7200 X23.835 Y22.32
G0 X21.199 Y21.2
G1 F3600 X19.345 Y21.2 E0.03083
G0 F7200 X19.746 Y20.8
G1 F3600 X20.799 Y20.8 E0.01751
G1 X20.665 Y20.663
G1 X20.245 Y20.245 E0.00985
G0 F7200 X20.353 Y20.354
G0 X20.965 Y20.963
G1 F3600 X20.665 Y20.663 E0.00706
G1 X22.508 Y16.853 E0.07038
G1 X21.257 Y15.601 E0.02943
G1 X17.515 Y14.603 E0.0644
G1 X14.601 Y17.517 E0.06853
G1 X14.531 Y17.587
G0 F7200 X13.288 Y18.828
G1 F3600 X10.586 Y21.531 E0.06356
G1 X10.516 Y21.601
G0 F7200 X10.691 Y21.426
G0 X7.863 Y18.598
G0 X7.758 Y18.702
G1 F3600 X11.725 Y14.734 E0.09331
G1 X8.109 Y13.766 E0.06225
G1 X10.939 Y16.594 E0.06653
G0 F7200 X11.227 Y16.882
G1 F3600 X10.939 Y16.594 E0.00677
G1 X13.236 Y13.238 E0.06763
G1 X13.175 Y13.175 E0.00146
G1 X13.236 Y13.238
G1 X13.294 Y13.293 E0.00133
G0 F7200 X13.524 Y13.526
G1 F3600 X13.577 Y13.576 E0.00121
G0 F7200 X14.724 Y11.737
G1 F3600 X11.725 Y14.734 E0.07051
G1 X11.655 Y14.804
G0 F7200 X15.539 Y15.54
G1 F3600 X15.557 Y15.556 E0.0004
G0 F7200 X15.84 Y15.838
G1 F3600 X15.557 Y15.556 E0.00664
G1 X18.384 Y12.729 E0.06649
G1 X16.404 Y10.749 E0.04657
G0 F7200 X16.121 Y10.466
G1 F3600 X16.404 Y10.749 E0.00666
G1 X13.577 Y13.576 E0.06649
G1 X15.539 Y15.54 E0.04617
G1 X13.288 Y18.828 E0.06627
G1 X14.601 Y17.517 E0.03086
G1 X15.595 Y21.251 E0.06426
G1 X16.344 Y22 E0.01762
G1 X21.429 Y22 E0.08456
G1 X27.188 Y16.242 E0.13543
G1 X27.258 Y16.172
G0 F7200 X27.082 Y16.347
G0 X24.254 Y13.519
G0 X24.36 Y13.414
G1 F3600 X20.867 Y16.906 E0.08214
G1 X20.797 Y16.976
G0 F7200 X21.153 Y17.818
G1 F3600 X21.909 Y16.254 E0.02889
G0 F7200 X21.652 Y16.12
G1 F3600 X20.457 Y15.802 E0.02056
G1 X20.361 Y15.777
G0 F7200 X21.257 Y15.601
G1 F3600 X18.667 Y13.011 E0.06091
G0 F7200 X18.384 Y12.729
G1 F3600 X18.667 Y13.011 E0.00664
G1 X15.84 Y15.838 E0.06649
G1 X16.112 Y16.112 E0.00642
G1 X16.182 Y16.182
G0 F7200 X16.007 Y16.006
G0 X17.515 Y14.603
G1 F3600 X21.531 Y10.585 E0.09447
G1 X21.601 Y10.515
G0 F7200 X21.425 Y10.69
G0 X18.597 Y7.862
G0 X18.703 Y7.757
G1 F3600 X14.724 Y11.737 E0.09359
G1 X13.753 Y8.097 E0.06265
G1 X11.837 Y6.18 E0.04507
G0 F7200 X11.553 Y5.897
G1 F3600 X11.837 Y6.18 E0.00667
G1 X8.794 Y8.793 E0.0667
G1 X9.038 Y9.038 E0.00575
G0 F7200 X8.794 Y8.793
G1 F3600 X8.767 Y8.769 E0.0006
G0 F7200 X8.51 Y8.51
G1 F3600 X8.485 Y8.486 E0.00058
G0 F7200 X7.869 Y10.002
G0 X7.984 Y10.118
G1 F3600 X6.223 Y11.879 E0.04142
G0 F7200 X6.789 Y12.444
G1 F3600 X8.055 Y11.178 E0.02977
G1 X8.125 Y11.108
G0 F7200 X7.939 Y11.157
G0 X7.753 Y10.21
G0 X10.21 Y7.753
G0 X10.431 Y7.914
G1 F3600 X12.12 Y6.464 E0.03702
G0 F7200 X12.404 Y6.748
G1 F3600 X10.951 Y7.995 E0.03184
G1 X10.876 Y8.06
G0 F7200 X10.925 Y7.877
G0 X13.567 Y8.652
G0 X22.208 Y16.553
G1 F3600 X21.311 Y18.41 E0.0343
G1 X21.268 Y18.5
G0 F7200 X21.437 Y18.456
G0 X27.142 Y21.485
G1 F3600 X27.905 Y22.249 E0.01796
G1 X28.874 Y25.869 E0.06232
G1 X32.845 Y21.899 E0.09338
G1 X32.915 Y21.829
G0 F7200 X32.739 Y22.004
G0 X30.552 Y24.895
G1 F3600 X32.532 Y26.875 E0.04657
G1 X29.698 Y29.699 E0.06653
G1 X29.981 Y29.981 E0.00664
G0 F7200 X30.255 Y30.255
G1 F3600 X29.981 Y29.981 E0.00644
G1 X32.815 Y27.158 E0.06652
G1 X32.532 Y26.875 E0.00666
G0 F7200 X32.815 Y27.158
G1 F3600 X34.864 Y29.207 E0.04819
G1 X34.934 Y29.277
G0 F7200 X34.644 Y29.977
G1 F3600 X35.776 Y30.28 E0.01949
G0 F7200 X36 Y30.344
G1 F3600 X41.212 Y35.556 E0.12258
G1 X35.89 Y35.826 E0.08862
G1 X36 Y35.714 E0.00261
G1 X36 Y30.344 E0.0893
G1 X34.864 Y29.207 E0.02673
G1 X31.97 Y28.433 E0.04982
G1 X28.745 Y31.656 E0.07582
G1 X28.675 Y31.726
G0 F7200 X29.698 Y29.699
G1 F3600 X29.65 Y29.652 E0.00112
G0 F7200 X31.97 Y28.433
G1 F3600 X35.674 Y24.728 E0.08712
G1 X35.744 Y24.658
G0 F7200 X35.568 Y24.833
G0 X38.396 Y27.661
G0 X38.502 Y27.556
G1 F3600 X35.6 Y30.459 E0.06826
G1 X35.6 Y35.599 E0.08548
G1 X35.477 Y35.477 E0.00288
G1 X35.6 Y35.599
G1 X35.913 Y35.913 E0.00737
G1 X35.653 Y41.308 E0.08982
G1 X36.815 Y42.471 E0.02734
G0 F7200 X37.039 Y41.703
G1 F3600 X35.959 Y41.416 E0.01858
G1 X36.053 Y41.319
G1 X33.214 Y44.158 E0.06677
G1 X33.144 Y44.228
G0 F7200 X33.319 Y44.054
G0 X35.653 Y41.308
G1 F3600 X30.528 Y36.184 E0.12052
G1 X35.855 Y35.855 E0.08876
G1 X30.385 Y41.33 E0.1287
G1 X30.315 Y41.4
G0 F7200 X30.49 Y41.225
G0 X30.265 Y35.794
G1 F3600 X29.947 Y34.604 E0.02048
G1 X29.922 Y34.508
G0 F7200 X29.739 Y34.556
G0 X31.011 Y35.153
G0 X31.05 Y35.008
G1 F3600 X30.26 Y35.8 E0.0186
G1 X35.477 Y35.477 E0.08693
G1 X34.39 Y34.39 E0.02556
G1 X34.32 Y34.32
G0 F7200 X34.495 Y34.496
G0 X35.1 Y35.1
G1 F3600 X33.643 Y35.19 E0.02428
G1 X33.544 Y35.196
G0 F7200 X33.669 Y35.322
G0 X35.2 Y35.199
G1 F3600 X35.2 Y33.637 E0.02598
G1 X35.2 Y33.537
G0 F7200 X35.327 Y33.664
G0 X36 Y35.714
G1 F3600 X41.33 Y30.384 E0.12535
G1 X41.4 Y30.314
G0 F7200 X41.224 Y30.489
G0 X44.053 Y33.318
G0 X44.159 Y33.213
G1 F3600 X41.425 Y35.946 E0.06429
G1 X41.493 Y35.88
G1 X41.853 Y37.224 E0.02314
G1 X41.878 Y37.32
G0 F7200 X42.044 Y36.388
G1 F3600 X44.406 Y38.75 E0.05555
G1 X41.579 Y41.577 E0.06649
G1 X41.86 Y41.861 E0.00664
G1 X39.03 Y44.686 E0.0665
G1 X41.01 Y46.666 E0.04657
G0 F7200 X41.292 Y46.95
G1 F3600 X41.01 Y46.666 E0.00666
G1 X43.841 Y43.841 E0.06651
G1 X41.861 Y41.86 E0.04658
G1 X44.688 Y39.033 E0.06649
G1 X44.406 Y38.75 E0.00664
G0 F7200 X44.688 Y39.033
G1 F3600 X46.668 Y41.013 E0.04657
G1 X43.841 Y43.84 E0.06649
G1 X44.123 Y44.124 E0.00666
G1 X41.292 Y46.95 E0.06652
G1 X43.366 Y49.021 E0.04874
G0 F7200 X44.136 Y48.804
G1 F3600 X44.432 Y49.909 E0.01902
G1 X44.344 Y50
G1 X45.191 Y49.151 E0.01994
G0 F7200 X44.744 Y49.6
G1 F3600 X46.713 Y49.6 E0.03274
G0 F7200 X47.42 Y49.6
G1 F3600 X49.599 Y49.6 E0.03624
G1 X49.6 Y49.599
G1 X49.6 Y47.409 E0.03642
G0 F7200 X49.2 Y47.915
G1 F3600 X49.2 Y49.199 E0.02135
G1 X49.199 Y49.2
G1 X47.913 Y49.2 E0.02139
G1 X47.813 Y49.2
G0 F7200 X48.529 Y48.529
G1 F3600 X50 Y49.999 E0.03458
G1 X50 Y44.344 E0.09404
G1 X52.644 Y41.698 E0.06221
G1 X52.714 Y41.628
G0 F7200 X52.538 Y41.803
G0 X50 Y44.344
G1 F3600 X49.152 Y45.19 E0.01992
G0 F7200 X49.6 Y44.743
G1 F3600 X49.6 Y46.713 E0.03276
G1 X49.6 Y46.813
G0 F7200 X49.731 Y46.779
G0 X49.93 Y44.41
G1 F3600 X48.753 Y44.095 E0.02026
G1 X48.657 Y44.07
G0 F7200 X49.551 Y43.895
G1 F3600 X46.951 Y41.296 E0.06114
G0 F7200 X46.668 Y41.013
G1 F3600 X46.951 Y41.296 E0.00666
G1 X44.124 Y44.123 E0.06649
G1 X44.395 Y44.395 E0.00639
G0 F7200 X44.123 Y44.124
G0 X43.841 Y43.841
G0 X45.796 Y42.891
G1 F3600 X49.816 Y38.87 E0.09456
G1 X49.886 Y38.8
G0 F7200 X49.71 Y38.975
G0 X46.881 Y36.146
G0 X46.987 Y36.041
G1 F3600 X43.014 Y40.013 E0.09343
G1 X42.044 Y36.388 E0.0624
G1 X41.212 Y35.556 E0.01957
G1 X41.142 Y35.486
G0 F7200 X40.704 Y36.563
G0 X40.666 Y36.706
G1 F3600 X41.425 Y35.946 E0.01786
G1 X36.212 Y36.21 E0.0868
G1 X36.295 Y36.296 E0.00199
G1 X36.053 Y41.319 E0.08363
G1 X36.706 Y40.666 E0.01536
G1 X36.776 Y40.596
G0 F7200 X36.551 Y40.655
G0 X36.044 Y38.488
G0 X36.614 Y37.981
G1 F3600 X36.677 Y36.678 E0.02169
G1 X36.593 Y36.592
G1 X38.075 Y36.516 E0.02468
G1 X38.174 Y36.511
G0 F7200 X38.052 Y36.388
G0 X37.22 Y37.22
G0 X37.325 Y37.325
G1 F3600 X36.295 Y36.296 E0.02421
G1 X36.212 Y36.21
G1 X35.913 Y35.913 E0.00701
G1 X35.855 Y35.855
G1 X35.89 Y35.826 E0.00076
G0 F7200 X35.678 Y33.221
G0 X35.154 Y31.012
G0 X35.009 Y31.049
G1 F3600 X35.6 Y30.459 E0.01389
G1 X35.67 Y30.389
G0 F7200 X34.868 Y29.918
G0 X27.718 Y27.719
G1 F3600 X27.635 Y27.637 E0.00194
G0 F7200 X27.436 Y27.436
G1 F3600 X27.318 Y27.318 E0.00278
G0 F7200 X27.424 Y27.425
G0 X28.607 Y26.15
G0 X27.708 Y22.792
G0 X27.204 Y21.882
G1 F3600 X30.017 Y19.071 E0.06613
G1 X30.087 Y19.001
G0 F7200 X29.911 Y19.176
G0 X41.85 Y36.937
G0 X43.014 Y40.013
G1 F3600 X39.771 Y43.256 E0.07627
G1 X39.701 Y43.326
G0 F7200 X38.748 Y44.403
G1 F3600 X36.815 Y42.471 E0.04545
G1 X39.771 Y43.256 E0.05086
G1 X36.042 Y46.987 E0.08772
G1 X35.972 Y47.057
G0 F7200 X36.147 Y46.882
G0 X39.03 Y44.686
G1 F3600 X38.748 Y44.403 E0.00664
G1 X41.578 Y41.578 E0.0665
G1 X41.458 Y41.458 E0.00282
G1 X41.578 Y41.578
G0 F7200 X41.86 Y41.861
G0 X42.584 Y46.102
G1 F3600 X45.796 Y42.891 E0.07553
G1 X49.551 Y43.895 E0.06464
G1 X55.298 Y49.642 E0.13516
G1 X50.093 Y49.908 E0.08667
G1 X55.473 Y44.527 E0.12654
G1 X55.543 Y44.457
G0 F7200 X55.367 Y44.632
G0 X58.195 Y47.46
G0 X58.301 Y47.355
G1 F3600 X55.63 Y50.025 E0.06281
G1 X55.633 Y50.024
G1 X55.989 Y51.352 E0.02286
G1 X56.014 Y51.448
G0 F7200 X56.182 Y50.526
G1 F3600 X58.548 Y52.892 E0.05564
G1 X55.721 Y55.719 E0.06649
G1 X56.002 Y56.004 E0.00666
G1 X53.175 Y58.831 E0.06649
G1 X55.155 Y60.81 E0.04655
G0 F7200 X55.438 Y61.093
G1 F3600 X55.155 Y60.81 E0.00666
G1 X57.982 Y57.983 E0.06649
G1 X56.004 Y56.002 E0.04655
G1 X58.831 Y53.175 E0.06649
G1 X58.548 Y52.892 E0.00666
G0 F7200 X58.831 Y53.175
G1 F3600 X60.81 Y55.155 E0.04655
G1 X57.983 Y57.982 E0.06649
G1 X58.265 Y58.266 E0.00666
G1 X55.438 Y61.093 E0.06649
G1 X57.831 Y63.487 E0.05629
G1 X57.901 Y63.557
G0 F7200 X58.564 Y63.129
G1 F3600 X58.76 Y63.867 E0.0127
G0 F7200 X58.549 Y64.079
G1 F3600 X55.841 Y66.786 E0.06368
G1 X55.771 Y66.856
G0 F7200 X55.946 Y66.681
G0 X58.81 Y64.466
G1 F3600 X57.831 Y63.487 E0.02302
G1 X56.919 Y60.052 E0.0591
G1 X53.013 Y63.957 E0.09185
G1 X52.943 Y64.027
G0 F7200 X53.118 Y63.853
G0 X50.289 Y61.024
G0 X50.184 Y61.129
G1 F3600 X54.091 Y57.22 E0.09191
G1 X50.634 Y56.29 E0.05953
G1 X52.892 Y58.548 E0.0531
G0 F7200 X53.175 Y58.831
G1 F3600 X52.892 Y58.548 E0.00666
G1 X55.719 Y55.721 E0.06649
G1 X55.601 Y55.601 E0.0028
G1 X55.719 Y55.721
G0 F7200 X56.002 Y56.004
G0 X57.154 Y54.157
G1 F3600 X54.091 Y57.22 E0.07204
G1 X54.021 Y57.29
G0 F7200 X51.079 Y55.992
G0 X51.003 Y55.561
G1 F3600 X50.289 Y55.369 E0.0123
G1 X50.359 Y55.297
G1 X47.356 Y58.3 E0.07063
G1 X47.286 Y58.37
G0 F7200 X47.461 Y58.196
G0 X50.634 Y56.29
G1 F3600 X43.366 Y49.021 E0.17094
G1 X42.584 Y46.102 E0.05025
G1 X38.87 Y49.815 E0.08734
G1 X38.8 Y49.885
G0 F7200 X38.975 Y49.71
G0 X41.804 Y52.539
G0 X41.699 Y52.643
G1 F3600 X44.344 Y50 E0.06218
G1 X49.999 Y50 E0.09404
G1 X50.298 Y50.298 E0.00702
G1 X50.257 Y50.259
G1 X50.755 Y52.125 E0.03212
G0 F7200 X50.44 Y52.497
G1 F3600 X49.821 Y50.179 E0.0399
G0 F7200 X49.999 Y50
G1 F3600 X50.093 Y49.908
G1 X49.495 Y50.506 E0.01406
G0 F7200 X49.168 Y50.832
G1 F3600 X49.495 Y50.506 E0.00768
G1 X50.686 Y54.97 E0.07683
G1 X50.845 Y54.811 E0.00374
G0 F7200 X50.686 Y54.97
G1 F3600 X50.359 Y55.297 E0.00769
G1 X49.168 Y50.832 E0.07685
G1 X44.527 Y55.472 E0.10914
G1 X44.457 Y55.542
G0 F7200 X44.632 Y55.367
G0 X50.679 Y50.679
G1 F3600 X52.278 Y50.597 E0.02663
G1 X52.377 Y50.592
G0 F7200 X52.255 Y50.469
G0 X51.362 Y51.362
G0 X51.467 Y51.467
G1 F3600 X50.298 Y50.298 E0.02749
G1 X55.63 Y50.025 E0.08879
G1 X54.811 Y50.845 E0.01927
G0 F7200 X55.207 Y50.448
G1 F3600 X53.757 Y50.522 E0.02414
G1 X53.658 Y50.527
G0 F7200 X53.693 Y50.396
G0 X55.298 Y49.642
G1 F3600 X56.182 Y50.526 E0.02079
G1 X57.154 Y54.157 E0.06251
G1 X61.129 Y50.183 E0.09347
G1 X61.199 Y50.113
G0 F7200 X61.023 Y50.288
G0 X63.852 Y53.117
G0 X63.958 Y53.012
G1 F3600 X59.945 Y57.027 E0.0944
G1 X59.875 Y57.097
G0 F7200 X61.093 Y55.438
G1 F3600 X63.682 Y58.026 E0.06088
G0 F7200 X64.079 Y58.546
G1 F3600 X62.882 Y58.226 E0.02061
G1 X62.786 Y58.201
G0 F7200 X62.834 Y58.022
G0 X63.438 Y59.296
G0 X63.293 Y59.333
G1 F3600 X64 Y58.627 E0.01662
G0 F7200 X64.4 Y58.744
G1 F3600 X63.682 Y58.026 E0.01689
G1 X59.945 Y57.027 E0.06433
G1 X56.919 Y60.052 E0.07116
G1 X56.849 Y60.122
G0 F7200 X58.434 Y58.433
G0 X58.539 Y58.539
G1 F3600 X58.266 Y58.265 E0.00643
G1 X61.093 Y55.438 E0.06649
G1 X60.81 Y55.155 E0.00666
G1 X60.74 Y55.085
G0 F7200 X57.983 Y57.982
G0 X58.266 Y58.265
G0 X57.251 Y59.708
G0 X58.15 Y63.063
G0 X59.295 Y63.437
G0 X59.334 Y63.292
G1 F3600 X58.549 Y64.079 E0.01849
G1 X63.79 Y63.791 E0.08729
G1 X62.674 Y62.674 E0.02626
G1 X62.604 Y62.604
G0 F7200 X62.78 Y62.78
G0 X63.411 Y63.411
G1 F3600 X61.907 Y63.494 E0.02505
G1 X61.808 Y63.499
G0 F7200 X61.934 Y63.626
G0 X63.6 Y63.599
G1 F3600 X63.6 Y61.794 E0.03002
G1 X63.6 Y61.694
G0 F7200 X63.733 Y61.827
G0 X63.79 Y63.791
G1 F3600 X64 Y63.999 E0.00492
G1 X64 Y58.627 E0.08934
G1 X66.786 Y55.84 E0.06553
G1 X66.856 Y55.77
G0 F7200 X66.68 Y55.945
G0 X69.509 Y58.774
G0 X69.615 Y58.669
G1 F3600 X64.4 Y63.883 E0.12264
G1 X64.285 Y64
G1 X64.4 Y63.883 E0.00273
G1 X64.4 Y58.744 E0.08546
G1 X69.656 Y64 E0.12361
G0 F7200 X69.657 Y64.284
G1 F3600 X69.92 Y65.272 E0.017
G1 X69.945 Y65.368
G0 F7200 X70.683 Y65.027
G1 F3600 X72.69 Y67.034 E0.0472
G1 X69.863 Y69.861 E0.06649
G1 X70.144 Y70.146 E0.00666
G1 X67.32 Y72.975 E0.06647
G1 X69.3 Y74.955 E0.04657
G0 F7200 X69.583 Y75.238
G1 F3600 X69.3 Y74.955 E0.00666
G1 X72.124 Y72.126 E0.06647
G1 X70.146 Y70.144 E0.04657
G1 X72.973 Y67.317 E0.06649
G1 X72.69 Y67.034 E0.00666
G0 F7200 X72.973 Y67.317
G1 F3600 X74.953 Y69.297 E0.04657
G1 X72.126 Y72.124 E0.06649
G1 X72.407 Y72.409 E0.00666
G1 X69.583 Y75.238 E0.06647
G1 X72.099 Y77.754 E0.05917
G0 F7200 X72.649 Y78.262
G1 F3600 X72.291 Y76.923 E0.02305
G1 X72.266 Y76.827
G0 F7200 X72.132 Y76.862
G0 X72.912 Y78
G1 F3600 X73.475 Y77.435 E0.01326
G0 F7200 X73.437 Y77.578
G0 X72.744 Y78.4
G1 F3600 X78.083 Y83.738 E0.12555
G0 F7200 X78.313 Y83.914
G1 F3600 X79.626 Y84.265 E0.0226
G1 X79.722 Y84.29
G0 F7200 X78.802 Y84.459
G1 F3600 X78.083 Y83.738 E0.01693
G1 X78.392 Y78.395 E0.089
G1 X77.999 Y78 E0.00927
G1 X72.912 Y78 E0.0846
G1 X69.983 Y80.928 E0.06887
G1 X69.913 Y80.998
G0 F7200 X70.088 Y80.823
G0 X72.916 Y83.651
G0 X72.811 Y83.756
G1 F3600 X78.166 Y78.4 E0.12595
G0 F7200 X78.392 Y78.395
G1 F3600 X78.401 Y78.4 E0.00017
G1 X83.823 Y78.4 E0.09017
G1 X86.585 Y75.639 E0.06495
G1 X86.655 Y75.569
G0 F7200 X86.479 Y75.744
G0 X83.656 Y78
G1 F3600 X79.523 Y73.869 E0.09718
G0 F7200 X79.224 Y73.568
G1 F3600 X79.523 Y73.869 E0.00706
G1 X77.696 Y77.694 E0.07049
G1 X77.999 Y78 E0.00716
G0 F7200 X77.696 Y77.694
G1 F3600 X77.396 Y77.394 E0.00706
G1 X79.224 Y73.568 E0.07052
G1 X77.793 Y72.137 E0.03365
G1 X74.105 Y71.151 E0.06349
G1 X71.13 Y74.124 E0.06994
G1 X71.06 Y74.194
G0 F7200 X72.576 Y72.575
G0 X72.679 Y72.679
G1 F3600 X72.408 Y72.407 E0.00639
G1 X75.235 Y69.58 E0.06649
G1 X74.953 Y69.297 E0.00664
G0 F7200 X75.235 Y69.58
G1 F3600 X77.793 Y72.137 E0.06015
G0 F7200 X78.239 Y72.67
G1 F3600 X76.976 Y72.332 E0.02174
G1 X76.88 Y72.307
G0 F7200 X76.922 Y72.149
G0 X77.581 Y73.438
G0 X77.436 Y73.475
G1 F3600 X80.928 Y69.982 E0.08214
G1 X80.998 Y69.912
G0 F7200 X80.822 Y70.087
G0 X78.324 Y72.668
G1 F3600 X77.642 Y74.094 E0.02629
G0 F7200 X77.802 Y74.689
G1 F3600 X78.624 Y72.969 E0.0317
G1 X78.667 Y72.879
G0 F7200 X78.105 Y75.648
G0 X76.922 Y76.923
G0 X76.814 Y76.814
G1 F3600 X77.396 Y77.394 E0.01366
G0 F7200 X77.599 Y77.6
G1 F3600 X76.085 Y77.6 E0.02518
G1 X75.985 Y77.6
G0 F7200 X76.115 Y77.731
G0 X78.401 Y78.4
G1 F3600 X79.751 Y79.751 E0.03176
G0 F7200 X80.244 Y79.2
G1 F3600 X79.201 Y79.2 E0.01735
G1 X79.15 Y79.152
G1 X79.079 Y80.368 E0.02026
G0 F7200 X78.646 Y80.923
G1 F3600 X78.771 Y78.773 E0.03582
G1 X78.801 Y78.8
G1 X80.669 Y78.8 E0.03106
G1 X80.769 Y78.8
G0 F7200 X80.631 Y78.662
G0 X78.569 Y78
G1 F3600 X83.757 Y72.811 E0.12203
G1 X83.827 Y72.741
G0 F7200 X83.651 Y72.916
G0 X83.913 Y78.312
G1 F3600 X84.265 Y79.625 E0.02261
G1 X84.29 Y79.721
G0 F7200 X84.459 Y78.803
G1 F3600 X86.832 Y81.177 E0.05582
G1 X84.005 Y84.004 E0.06649
G1 X84.025 Y84.027 E0.00051
G1 X81.728 Y87.383 E0.06763
G1 X82.016 Y87.67 E0.00676
G0 F7200 X81.728 Y87.383
G1 F3600 X81.44 Y87.096 E0.00676
G1 X82.858 Y85.024 E0.04175
G1 X82.445 Y85.434 E0.00968
G0 F7200 X82.858 Y85.024
G1 F3600 X85.434 Y82.446 E0.06061
G1 X85.504 Y82.376
G0 F7200 X86.832 Y81.177
G1 F3600 X87.115 Y81.459 E0.00664
G1 X84.288 Y84.286 E0.06649
G1 X84.313 Y84.315 E0.00064
G1 X82.016 Y87.67 E0.06762
G1 X86.194 Y91.85 E0.09828
G1 X86.264 Y91.92
G0 F7200 X86.912 Y91.435
G1 F3600 X87.09 Y92.104 E0.01151
G0 F7200 X87.116 Y92.772
G1 F3600 X88.13 Y91.758 E0.02385
G0 F7200 X88.576 Y91.877
G1 F3600 X87.399 Y93.055 E0.02769
G0 F7200 X87.965 Y93.62
G1 F3600 X89.505 Y92.08 E0.03622
G1 X89.575 Y92.01
G0 F7200 X89.513 Y92.24
G0 X91.064 Y91.065
G0 X90.958 Y90.958
G1 F3600 X91.075 Y91.076 E0.00276
G1 X88.248 Y93.903 E0.06649
G1 X88.53 Y94.186 E0.00664
G1 X88.531 Y94.19
G1 X85.919 Y96.807 E0.06149
G1 X85.849 Y96.877
G0 F7200 X85.996 Y96.731
G0 X84.23 Y94.965
G0 X84.125 Y95.07
G1 F3600 X87.616 Y91.579 E0.0821
G1 X87.686 Y91.509
G0 F7200 X87.626 Y91.734
G0 X88.248 Y93.903
G1 F3600 X86.194 Y91.85 E0.0483
G1 X85.245 Y88.293 E0.06122
G1 X84.414 Y89.124 E0.01954
G1 X86.327 Y86.329 E0.05633
G1 X86.268 Y86.266 E0.00144
G1 X89.095 Y83.439 E0.06649
G1 X87.115 Y81.459 E0.04657
G1 X87.045 Y81.389
G0 F7200 X89.095 Y83.439
G1 F3600 X89.378 Y83.722 E0.00666
G1 X86.551 Y86.549 E0.06649
G1 X86.824 Y86.824 E0.00644
G0 F7200 X86.551 Y86.549
G1 F3600 X86.327 Y86.329 E0.00522
G1 X86.268 Y86.266
G1 X84.313 Y84.315 E0.04593
G1 X84.288 Y84.286
G1 X84.025 Y84.027 E0.00614
G1 X84.005 Y84.004
G1 X83.885 Y83.885 E0.00281
G0 F7200 X83.993 Y83.994
G0 X81.44 Y87.096
G1 F3600 X78.802 Y84.459 E0.06203
G1 X82.445 Y85.434 E0.06272
G1 X78.468 Y89.413 E0.09356
G1 X78.398 Y89.483
G0 F7200 X78.573 Y89.308
G0 X75.745 Y86.48
G0 X75.64 Y86.585
G1 F3600 X79.128 Y83.096 E0.08204
G1 X79.198 Y83.026
G0 F7200 X78.976 Y83.084
G0 X78.483 Y83.741
G1 F3600 X78.622 Y81.35 E0.03983
G1 X78.627 Y81.251
G0 F7200 X78.494 Y81.285
G0 X80.921 Y78.464
G0 X83.133 Y78.99
G0 X83.096 Y79.129
G1 F3600 X83.823 Y78.4 E0.01712
G1 X83.893 Y78.33
G0 F7200 X89.308 Y78.573
G0 X89.414 Y78.468
G1 F3600 X85.434 Y82.446 E0.09358
G1 X84.459 Y78.803 E0.06272
G1 X83.656 Y78 E0.01889
G1 X78.569 Y78 E0.0846
G1 X78.166 Y78.4 E0.00944
G1 X72.744 Y78.4 E0.09017
G1 X72.099 Y77.754 E0.01518
G1 X71.13 Y74.124 E0.06248
G1 X67.155 Y78.099 E0.09349
G1 X67.085 Y78.169
G0 F7200 X67.26 Y77.995
G0 X64.431 Y75.166
G0 X64.326 Y75.271
G1 F3600 X68.036 Y71.56 E0.08727
G1 X65.127 Y70.784 E0.05007
G1 X67.037 Y72.693 E0.04491
G0 F7200 X67.32 Y72.975
G1 F3600 X67.037 Y72.693 E0.00664
G1 X69.861 Y69.863 E0.06649
G1 X69.743 Y69.743 E0.0028
G1 X69.861 Y69.863
G0 F7200 X70.144 Y70.146
G0 X71.499 Y68.098
G1 F3600 X68.036 Y71.56 E0.08143
G1 X67.966 Y71.63
G0 F7200 X65.127 Y70.784
G1 F3600 X63.947 Y69.603 E0.02776
G1 X64.267 Y64.269 E0.08886
G1 X64 Y63.999 E0.00631
G0 F7200 X64.109 Y64.174
G1 F3600 X64.285 Y64 E0.00412
G1 X69.656 Y64 E0.08932
G1 X70.683 Y65.027 E0.02415
G1 X71.499 Y68.098 E0.05284
G1 X75.272 Y64.326 E0.08872
G1 X75.342 Y64.256
G0 F7200 X75.166 Y64.431
G0 X77.994 Y67.259
G0 X78.1 Y67.154
G1 F3600 X74.105 Y71.151 E0.09398
G1 X74.035 Y71.221
G0 F7200 X72.408 Y72.407
G0 X72.126 Y72.124
G0 X65.29 Y70.219
G0 X65.345 Y70.014
G1 F3600 X64.226 Y69.716 E0.01926
G1 X64.349 Y69.592
G1 X64.49 Y67.239 E0.0392
G0 F7200 X64.518 Y66.762
G1 F3600 X64.645 Y64.648 E0.03522
G0 F7200 X64.801 Y64.8
G1 F3600 X66.364 Y64.8 E0.02599
G1 X66.464 Y64.8
G0 F7200 X66.337 Y64.672
G0 X65.505 Y65.504
G0 X65.611 Y65.611
G1 F3600 X64.401 Y64.4 E0.02847
G1 X64.267 Y64.269
G1 X64.401 Y64.4 E0.00312
G1 X69.539 Y64.4 E0.08545
G1 X72.443 Y61.497 E0.06829
G1 X72.513 Y61.427
G0 F7200 X72.337 Y61.602
G0 X69.539 Y64.4
G1 F3600 X68.951 Y64.989 E0.01384
G1 X68.881 Y65.059
G0 F7200 X68.941 Y64.834
G0 X66.779 Y64.322
G0 X65.023 Y65.026
G1 F3600 X64.952 Y66.215 E0.01981
G1 X64.947 Y66.314
G0 F7200 X64.821 Y66.188
G0 X64.846 Y68.988
G0 X64.989 Y68.951
G1 F3600 X61.498 Y72.442 E0.0821
G1 X61.428 Y72.512
G0 F7200 X61.603 Y72.338
G0 X63.947 Y69.603
G1 F3600 X58.81 Y64.466 E0.12081
G1 X64.109 Y64.174 E0.08826
G1 X58.669 Y69.614 E0.12794
G1 X58.599 Y69.684
G0 F7200 X58.774 Y69.509
G0 X81.402 Y92.137
G0 X81.297 Y92.241
G1 F3600 X84.414 Y89.124 E0.07331
G1 X84.484 Y89.054
G0 F7200 X85.245 Y88.293
G1 F3600 X88.373 Y85.168 E0.07353
G1 X91.713 Y86.056 E0.05747
G1 X94.263 Y88.607 E0.05998
G1 X91.175 Y91.175 E0.06679
G1 X91.357 Y91.359 E0.0043
G1 X88.53 Y94.186 E0.06649
G1 X89.06 Y94.717 E0.01248
G1 X89.13 Y94.787
G0 F7200 X88.955 Y94.612
G0 X91.784 Y91.783
G0 X91.889 Y91.889
G1 F3600 X91.46 Y91.458 E0.01011
G1 X94.547 Y88.89 E0.06678
G1 X94.263 Y88.607 E0.00667
G1 X94.32 Y88.663
G1 X97.118 Y86.229 E0.06167
G0 F7200 X96.834 Y85.946
G1 F3600 X94.037 Y88.379 E0.06165
G0 F7200 X93.695 Y88.038
G1 F3600 X92.078 Y89.383 E0.03498
G1 X92.002 Y89.446
G0 F7200 X91.863 Y88.522
G1 F3600 X93.127 Y87.47 E0.02735
G0 F7200 X92.843 Y87.186
G1 F3600 X91.749 Y88.096 E0.02366
G0 F7200 X91.58 Y87.615
G1 F3600 X95.071 Y84.124 E0.0821
G1 X95.141 Y84.054
G0 F7200 X94.965 Y84.23
G0 X91.713 Y86.056
G1 F3600 X89.378 Y83.722 E0.0549
G1 X89.308 Y83.652
G0 F7200 X88.373 Y85.168
G1 F3600 X92.242 Y81.296 E0.09103
G1 X92.312 Y81.226
G0 F7200 X92.136 Y81.401
G0 X91.507 Y86.776
G0 X91.405 Y86.802
G1 F3600 X92.184 Y87.009 E0.0134
G1 X92.28 Y87.034
G0 F7200 X94.547 Y88.89
G1 F3600 X94.717 Y89.06 E0.004
G0 F7200 X94.612 Y88.955
G0 X91.46 Y91.458
G1 F3600 X91.357 Y91.359 E0.00238
G0 F7200 X91.175 Y91.175
G1 F3600 X91.075 Y91.076 E0.00234
G0 F7200 X90.18 Y91.949
G0 X89.961 Y91.729
;TYPE:WALL-INNER
G1 F3600 X89.67 Y91.889 E0.00552
G1 X89.381 Y91.884 E0.00481
G1 X86.862 Y91.213 E0.04335
G1 X86.695 Y91.085 E0.0035
G1 X86.567 Y90.918 E0.0035
G1 X85.871 Y88.306 E0.04495
G1 X85.9 Y88.072 E0.00392
G1 X86.016 Y87.858 E0.00405
G1 X87.819 Y86.051 E0.04245
G1 X88.072 Y85.9 E0.0049
G1 X88.306 Y85.871 E0.00392
G1 X90.918 Y86.567 E0.04495
G1 X91.085 Y86.695 E0.0035
G1 X91.213 Y86.862 E0.0035
G1 X91.884 Y89.381 E0.04335
G1 X91.89 Y89.67 E0.00481
G1 X91.784 Y89.906 E0.0043
G1 X89.961 Y91.729 E0.04287
G0 F7200 X90.18 Y91.949
G0 X86.416 Y97.191
G0 X86.416 Y97.587
G1 F3600 X97.587 Y86.416 E0.26272
G1 X13.584 Y2.413 E1.97562
G1 X2.413 Y13.584 E0.26272
G1 X86.416 Y97.587 E1.97562
G0 F7200 X86.416 Y97.191
G0 X83.072 Y84.915
G0 X82.85 Y84.692
G1 F3600 X82.636 Y84.808 E0.00405
G1 X82.402 Y84.837 E0.00392
G1 X79.79 Y84.141 E0.04495
G1 X79.623 Y84.013 E0.0035
G1 X79.495 Y83.846 E0.0035
G1 X78.799 Y81.234 E0.04495
G1 X78.828 Y81 E0.00392
G1 X78.944 Y80.785 E0.00406
G1 X80.747 Y78.979 E0.04244
G1 X81 Y78.828 E0.0049
G1 X81.234 Y78.799 E0.00392
G1 X83.846 Y79.495 E0.04495
G1 X84.013 Y79.623 E0.0035
G1 X84.141 Y79.79 E0.0035
G1 X84.837 Y82.402 E0.04495
G1 X84.808 Y82.636 E0.00392
G1 X84.657 Y82.889 E0.0049
G1 X82.85 Y84.692 E0.04245
G0 F7200 X83.072 Y84.915
G0 X79.363 Y84.277
G0 X76.003 Y77.842
G0 X75.782 Y77.62
G1 F3600 X75.567 Y77.736 E0.00406
G1 X75.333 Y77.765 E0.00392
G1 X72.721 Y77.068 E0.04496
G1 X72.556 Y76.941 E0.00346
G1 X72.427 Y76.774 E0.00351
G1 X71.727 Y74.163 E0.04495
G1 X71.756 Y73.928 E0.00394
G1 X71.872 Y73.713 E0.00406
G1 X73.675 Y71.908 E0.04243
G1 X73.928 Y71.756 E0.00491
G1 X74.163 Y71.727 E0.00394
G1 X76.771 Y72.427 E0.04491
G1 X76.941 Y72.555 E0.00354
G1 X77.068 Y72.722 E0.00349
G1 X77.765 Y75.33 E0.04489
G1 X77.736 Y75.564 E0.00392
G1 X77.583 Y75.818 E0.00493
G1 X75.782 Y77.62 E0.04237
G0 F7200 X76.003 Y77.842
G0 X72.292 Y77.207
G0 X68.932 Y70.77
G0 X68.71 Y70.548
G1 F3600 X68.495 Y70.664 E0.00406
G1 X68.261 Y70.693 E0.00392
G1 X65.649 Y69.996 E0.04496
G1 X65.484 Y69.869 E0.00346
G1 X65.356 Y69.703 E0.00349
G1 X64.659 Y67.094 E0.04491
G1 X64.688 Y66.86 E0.00392
G1 X64.804 Y66.646 E0.00405
G1 X66.607 Y64.839 E0.04245
G1 X66.86 Y64.688 E0.0049
G1 X67.094 Y64.659 E0.00392
G1 X69.702 Y65.356 E0.04489
G1 X69.869 Y65.483 E0.00349
G1 X69.997 Y65.65 E0.0035
G1 X70.693 Y68.261 E0.04494
G1 X70.664 Y68.495 E0.00392
G1 X70.513 Y68.749 E0.00491
G1 X68.71 Y70.548 E0.04236
G0 F7200 X68.932 Y70.77
G0 X65.221 Y70.134
G0 X61.859 Y63.701
G0 X61.638 Y63.48
G1 F3600 X61.424 Y63.596 E0.00405
G1 X61.189 Y63.625 E0.00394
G1 X58.581 Y62.925 E0.04491
G1 X58.411 Y62.797 E0.00354
G1 X58.284 Y62.63 E0.00349
G1 X57.587 Y60.022 E0.04489
G1 X57.616 Y59.788 E0.00392
G1 X57.732 Y59.574 E0.00405
G1 X59.535 Y57.767 E0.04245
G1 X59.788 Y57.616 E0.0049
G1 X60.022 Y57.587 E0.00392
G1 X62.631 Y58.284 E0.04491
G1 X62.796 Y58.411 E0.00346
G1 X62.925 Y58.578 E0.00351
G1 X63.625 Y61.189 E0.04495
G1 X63.596 Y61.424 E0.00394
G1 X63.445 Y61.677 E0.0049
G1 X61.638 Y63.48 E0.04245
G0 F7200 X61.859 Y63.701
G0 X58.15 Y63.063
G0 X54.788 Y56.63
G0 X54.566 Y56.408
G1 F3600 X54.352 Y56.524 E0.00405
G1 X54.118 Y56.553 E0.00392
G1 X51.506 Y55.857 E0.04495
G1 X51.339 Y55.729 E0.0035
G1 X51.211 Y55.562 E0.0035
G1 X50.515 Y52.95 E0.04495
G1 X50.544 Y52.716 E0.00392
G1 X50.66 Y52.502 E0.00405
G1 X52.463 Y50.695 E0.04245
G1 X52.716 Y50.544 E0.0049
G1 X52.95 Y50.515 E0.00392
G1 X55.562 Y51.211 E0.04495
G1 X55.729 Y51.339 E0.0035
G1 X55.857 Y51.506 E0.0035
G1 X56.553 Y54.118 E0.04495
G1 X56.524 Y54.352 E0.00392
G1 X56.373 Y54.605 E0.0049
G1 X54.566 Y56.408 E0.04245
G0 F7200 X54.788 Y56.63
G0 X51.079 Y55.992
G0 X47.717 Y49.559
G0 X47.494 Y49.336
G1 F3600 X47.28 Y49.452 E0.00405
G1 X47.046 Y49.481 E0.00392
G1 X44.437 Y48.784 E0.04491
G1 X44.272 Y48.657 E0.00346
G1 X44.143 Y48.49 E0.00351
G1 X43.443 Y45.879 E0.04495
G1 X43.472 Y45.644 E0.00394
G1 X43.588 Y45.429 E0.00406
G1 X45.391 Y43.623 E0.04244
G1 X45.644 Y43.472 E0.0049
G1 X45.879 Y43.443 E0.00394
G1 X48.487 Y44.143 E0.04491
G1 X48.657 Y44.271 E0.00354
G1 X48.784 Y44.438 E0.00349
G1 X49.481 Y47.046 E0.04489
G1 X49.452 Y47.28 E0.00392
G1 X49.301 Y47.533 E0.0049
G1 X47.494 Y49.336 E0.04245
G0 F7200 X47.717 Y49.559
G0 X44.008 Y48.921
G0 X40.647 Y42.486
G0 X40.426 Y42.264
G1 F3600 X40.211 Y42.38 E0.00406
G1 X39.977 Y42.409 E0.00392
G1 X37.366 Y41.713 E0.04494
G1 X37.199 Y41.585 E0.0035
G1 X37.069 Y41.414 E0.00357
G1 X36.379 Y38.804 E0.0449
G1 X36.408 Y38.57 E0.00392
G1 X36.523 Y38.354 E0.00407
G1 X38.319 Y36.555 E0.04227
G1 X38.573 Y36.404 E0.00491
G1 X38.807 Y36.375 E0.00392
G1 X41.419 Y37.072 E0.04496
G1 X41.584 Y37.199 E0.00346
G1 X41.712 Y37.365 E0.00349
G1 X42.409 Y39.974 E0.04491
G1 X42.38 Y40.208 E0.00392
G1 X42.227 Y40.462 E0.00493
G1 X40.426 Y42.264 E0.04237
G0 F7200 X40.647 Y42.486
G0 X36.936 Y41.851
G0 X33.575 Y35.416
G0 X33.355 Y35.195
G1 F3600 X33.14 Y35.311 E0.00406
G1 X32.905 Y35.341 E0.00394
G1 X30.297 Y34.641 E0.04491
G1 X30.127 Y34.513 E0.00354
G1 X30 Y34.346 E0.00349
G1 X29.303 Y31.738 E0.04489
G1 X29.332 Y31.504 E0.00392
G1 X29.448 Y31.29 E0.00405
G1 X31.251 Y29.483 E0.04245
G1 X31.504 Y29.332 E0.0049
G1 X31.738 Y29.303 E0.00392
G1 X34.347 Y30 E0.04491
G1 X34.512 Y30.127 E0.00346
G1 X34.641 Y30.294 E0.00351
G1 X35.341 Y32.905 E0.04495
G1 X35.312 Y33.14 E0.00394
G1 X35.16 Y33.394 E0.00492
G1 X33.355 Y35.195 E0.0424
G0 F7200 X33.575 Y35.416
G0 X29.866 Y34.779
G0 X26.503 Y28.346
G0 X26.282 Y28.124
G1 F3600 X26.068 Y28.24 E0.00405
G1 X25.834 Y28.269 E0.00392
G1 X23.222 Y27.573 E0.04495
G1 X23.055 Y27.445 E0.0035
G1 X22.925 Y27.274 E0.00357
G1 X22.235 Y24.664 E0.0449
G1 X22.264 Y24.429 E0.00394
G1 X22.38 Y24.214 E0.00406
G1 X24.176 Y22.414 E0.04229
G1 X24.429 Y22.264 E0.00489
G1 X24.664 Y22.235 E0.00394
G1 X27.275 Y22.926 E0.04492
G1 X27.444 Y23.055 E0.00354
G1 X27.573 Y23.224 E0.00354
G1 X28.269 Y25.834 E0.04492
G1 X28.24 Y26.068 E0.00392
G1 X28.089 Y26.321 E0.0049
G1 X26.282 Y28.124 E0.04245
G0 F7200 X26.503 Y28.346
G0 X22.792 Y27.708
G0 X19.433 Y21.274
G0 X19.211 Y21.052
G1 F3600 X18.996 Y21.168 E0.00406
G1 X18.762 Y21.197 E0.00392
G1 X16.15 Y20.501 E0.04495
G1 X15.983 Y20.373 E0.0035
G1 X15.855 Y20.206 E0.0035
G1 X15.159 Y17.594 E0.04495
G1 X15.188 Y17.36 E0.00392
G1 X15.304 Y17.146 E0.00405
G1 X17.108 Y15.343 E0.04242
G1 X17.361 Y15.192 E0.0049
G1 X17.594 Y15.163 E0.0039
G1 X20.207 Y15.86 E0.04497
G1 X20.372 Y15.987 E0.00346
G1 X20.5 Y16.153 E0.00349
G1 X21.197 Y18.762 E0.04491
G1 X21.167 Y18.996 E0.00392
G1 X21.014 Y19.252 E0.00496
G1 X19.211 Y21.052 E0.04237
G0 F7200 X19.433 Y21.274
G0 X15.723 Y20.637
G0 X12.361 Y14.204
G0 X12.138 Y13.98
G1 F3600 X11.924 Y14.096 E0.00405
G1 X11.69 Y14.125 E0.00392
G1 X9.081 Y13.428 E0.04491
G1 X8.916 Y13.301 E0.00346
G1 X8.787 Y13.134 E0.00351
G1 X8.112 Y10.616 E0.04335
G1 X8.106 Y10.327 E0.00481
G1 X8.21 Y10.092 E0.00427
G1 X10.035 Y8.267 E0.04292
G1 X10.327 Y8.106 E0.00555
G1 X10.616 Y8.112 E0.00481
G1 X13.131 Y8.787 E0.0433
G1 X13.301 Y8.915 E0.00354
G1 X13.429 Y9.082 E0.0035
G1 X14.125 Y11.694 E0.04495
G1 X14.096 Y11.927 E0.0039
G1 X13.944 Y12.181 E0.00492
G1 X12.138 Y13.98 E0.04239
G0 F7200 X11.881 Y13.674
;TYPE:WALL-OUTER
G1 F1800 X11.744 Y13.72 E0.0024
G1 X9.255 Y13.061 E0.04282
G1 X9.146 Y12.928 E0.00286
G1 X8.498 Y10.512 E0.0416
G1 X8.528 Y10.345 E0.00282
G1 X10.318 Y8.55 E0.04216
G1 X10.444 Y8.48 E0.0024
G1 X12.962 Y9.155 E0.04335
G1 X13.07 Y9.288 E0.00285
G1 X13.727 Y11.752 E0.04241
G1 X13.689 Y11.871 E0.00208
G1 X11.881 Y13.674 E0.04246
G0 F7200 X11.744 Y13.72
G0 X11.691 Y13.706
G0 X11.506 Y14.397
G0 X15.723 Y20.637
G0 X19.079 Y21.536
G0 X18.953 Y20.746
G1 F1800 X18.816 Y20.792 E0.0024
G1 X16.323 Y20.133 E0.04288
G1 X16.214 Y20 E0.00286
G1 X15.57 Y17.584 E0.04158
G1 X15.61 Y17.403 E0.00308
G1 X17.415 Y15.601 E0.04242
G1 X17.54 Y15.568 E0.00215
G1 X20.033 Y16.227 E0.04288
G1 X20.142 Y16.36 E0.00286
G1 X20.799 Y18.82 E0.04234
G1 X20.761 Y18.939 E0.00208
G1 X18.953 Y20.746 E0.04251
G0 F7200 X18.816 Y20.792
G0 X18.763 Y20.778
G0 X18.578 Y21.469
G0 X22.792 Y27.708
G0 X26.15 Y28.607
G0 X26.025 Y27.818
G1 F1800 X25.888 Y27.864 E0.0024
G1 X23.395 Y27.205 E0.04288
G1 X23.286 Y27.072 E0.00286
G1 X22.64 Y24.609 E0.04235
G1 X22.686 Y24.471 E0.00242
G1 X24.483 Y22.673 E0.04227
G1 X24.609 Y22.64 E0.00217
G1 X27.072 Y23.286 E0.04235
G1 X27.162 Y23.338 E0.00173
G1 X27.214 Y23.428 E0.00173
G1 X27.871 Y25.892 E0.04241
G1 X27.833 Y26.011 E0.00208
G1 X26.025 Y27.818 E0.04251
G0 F7200 X25.888 Y27.864
G0 X25.835 Y27.85
G0 X25.65 Y28.54
G0 X29.866 Y34.779
G0 X33.221 Y35.678
G0 X33.086 Y34.902
G1 F1800 X32.96 Y34.936 E0.00217
G1 X30.467 Y34.273 E0.0429
G1 X30.358 Y34.14 E0.00286
G1 X29.714 Y31.728 E0.04152
G1 X29.754 Y31.547 E0.00308
G1 X31.558 Y29.742 E0.04244
G1 X31.684 Y29.708 E0.00217
G1 X34.173 Y30.367 E0.04282
G1 X34.282 Y30.5 E0.00286
G1 X34.943 Y32.964 E0.04243
G1 X34.905 Y33.083 E0.00208
G1 X33.086 Y34.902 E0.04278
G0 F7200 X32.96 Y34.936
G0 X32.894 Y34.919
G0 X32.709 Y35.608
G0 X36.936 Y41.851
G0 X40.297 Y42.745
G0 X40.169 Y41.958
G1 F1800 X40.031 Y42.004 E0.00242
G1 X37.539 Y41.345 E0.04287
G1 X37.43 Y41.212 E0.00286
G1 X36.784 Y38.749 E0.04235
G1 X36.83 Y38.611 E0.00242
G1 X38.627 Y36.813 E0.04227
G1 X38.753 Y36.78 E0.00217
G1 X41.245 Y37.439 E0.04287
G1 X41.354 Y37.572 E0.00286
G1 X42.011 Y40.032 E0.04234
G1 X41.973 Y40.151 E0.00208
G1 X40.169 Y41.958 E0.04246
G0 F7200 X40.031 Y42.004
G0 X39.978 Y41.99
G0 X39.795 Y42.678
G0 X44.008 Y48.921
G0 X47.364 Y49.82
G0 X47.237 Y49.03
G1 F1800 X47.1 Y49.076 E0.0024
G1 X44.611 Y48.417 E0.04282
G1 X44.502 Y48.284 E0.00286
G1 X43.854 Y45.868 E0.0416
G1 X43.894 Y45.687 E0.00308
G1 X45.698 Y43.882 E0.04244
G1 X45.824 Y43.848 E0.00217
G1 X48.317 Y44.511 E0.0429
G1 X48.426 Y44.644 E0.00286
G1 X49.083 Y47.104 E0.04234
G1 X49.045 Y47.223 E0.00208
G1 X47.237 Y49.03 E0.04251
G0 F7200 X47.1 Y49.076
G0 X47.047 Y49.062
G0 X46.862 Y49.753
G0 X51.079 Y55.992
G0 X54.435 Y56.891
G0 X54.309 Y56.102
G1 F1800 X54.172 Y56.148 E0.0024
G1 X51.679 Y55.489 E0.04288
G1 X51.57 Y55.356 E0.00286
G1 X50.926 Y52.94 E0.04158
G1 X50.966 Y52.759 E0.00308
G1 X52.77 Y50.954 E0.04244
G1 X52.896 Y50.92 E0.00217
G1 X55.389 Y51.579 E0.04288
G1 X55.498 Y51.712 E0.00286
G1 X56.155 Y54.176 E0.04241
G1 X56.117 Y54.295 E0.00208
G1 X54.309 Y56.102 E0.04251
G0 F7200 X54.172 Y56.148
G0 X54.119 Y56.134
G0 X53.934 Y56.824
G0 X58.15 Y63.063
G0 X61.506 Y63.962
G0 X61.381 Y63.174
G1 F1800 X61.244 Y63.22 E0.0024
G1 X58.751 Y62.557 E0.0429
G1 X58.642 Y62.424 E0.00286
G1 X57.998 Y60.012 E0.04152
G1 X58.038 Y59.831 E0.00308
G1 X59.842 Y58.026 E0.04244
G1 X59.968 Y57.992 E0.00217
G1 X62.457 Y58.651 E0.04282
G1 X62.566 Y58.784 E0.00286
G1 X63.227 Y61.248 E0.04243
G1 X63.189 Y61.367 E0.00208
G1 X61.381 Y63.174 E0.04251
G0 F7200 X61.244 Y63.22
G0 X61.191 Y63.206
G0 X61.006 Y63.895
G0 X65.221 Y70.134
G0 X68.577 Y71.033
G0 X68.453 Y70.242
G1 F1800 X68.315 Y70.288 E0.00242
G1 X65.823 Y69.629 E0.04287
G1 X65.714 Y69.496 E0.00286
G1 X65.07 Y67.084 E0.04152
G1 X65.11 Y66.903 E0.00308
G1 X66.914 Y65.098 E0.04244
G1 X67.04 Y65.064 E0.00217
G1 X69.529 Y65.723 E0.04282
G1 X69.638 Y65.856 E0.00286
G1 X70.288 Y68.315 E0.0423
G1 X70.23 Y68.466 E0.00269
G1 X68.453 Y70.242 E0.04178
G0 F7200 X68.315 Y70.288
G0 X68.262 Y70.274
G0 X68.077 Y70.966
G0 X72.292 Y77.207
G0 X75.653 Y78.101
G0 X75.525 Y77.314
G1 F1800 X75.387 Y77.36 E0.00242
G1 X72.895 Y76.701 E0.04287
G1 X72.786 Y76.568 E0.00286
G1 X72.138 Y74.152 E0.0416
G1 X72.178 Y73.971 E0.00308
G1 X73.982 Y72.166 E0.04244
G1 X74.108 Y72.132 E0.00217
G1 X76.601 Y72.795 E0.0429
G1 X76.71 Y72.928 E0.00286
G1 X77.367 Y75.388 E0.04234
G1 X77.329 Y75.507 E0.00208
G1 X75.525 Y77.314 E0.04246
G0 F7200 X75.387 Y77.36
G0 X75.334 Y77.346
G0 X75.151 Y78.034
G0 X79.363 Y84.277
G0 X82.719 Y85.176
G0 X82.593 Y84.386
G1 F1800 X82.456 Y84.432 E0.0024
G1 X79.963 Y83.773 E0.04288
G1 X79.854 Y83.64 E0.00286
G1 X79.21 Y81.224 E0.04158
G1 X79.25 Y81.043 E0.00308
G1 X81.054 Y79.238 E0.04244
G1 X81.18 Y79.204 E0.00217
G1 X83.673 Y79.863 E0.04288
G1 X83.782 Y79.996 E0.00286
G1 X84.439 Y82.46 E0.04241
G1 X84.401 Y82.579 E0.00208
G1 X82.593 Y84.386 E0.04251
G0 F7200 X82.456 Y84.432
G0 X82.403 Y84.418
G0 X82.218 Y85.109
G0 X86.434 Y91.348
G0 X89.79 Y92.247
G0 X89.678 Y91.446
G1 F1800 X89.55 Y91.516 E0.00243
G1 X87.035 Y90.845 E0.04329
G1 X86.926 Y90.712 E0.00286
G1 X86.282 Y88.296 E0.04158
G1 X86.322 Y88.115 E0.00308
G1 X88.126 Y86.31 E0.04244
G1 X88.252 Y86.276 E0.00217
G1 X90.745 Y86.935 E0.04288
G1 X90.854 Y87.068 E0.00286
G1 X91.498 Y89.484 E0.04158
G1 X91.468 Y89.651 E0.00282
G1 X89.678 Y91.446 E0.04216
G0 F7200 X89.55 Y91.516
G0 X89.498 Y91.503
G0 X89.315 Y92.187
G0 X86.416 Y97.757
G0 X86.416 Y98.153
G1 F1800 X98.153 Y86.416 E0.27604
G1 X13.584 Y1.847 E1.98893
G1 X1.847 Y13.584 E0.27604
G1 X86.416 Y98.153 E1.98893
G0 F7200 X86.557 Y98.012
G0 X86.334 Y96.809
;MESH:NONMESH
G0 F600 X86.334 Y96.809 Z1.3
G0 F7200 X15.723 Y20.637
G0 X12.361 Y14.204
G0 X12.138 Y13.98
;TIME_ELAPSED:1459.942249
;LAYER:10
;TYPE:WALL-INNER
;MESH:bodyNW.stl
G1 F3600 X11.924 Y14.096 E0.00405
G1 X11.69 Y14.125 E0.00392
G1 X9.081 Y13.428 E0.04491
G1 X8.916 Y13.301 E0.00346
G1 X8.787 Y13.134 E0.00351
G1 X8.112 Y10.616 E0.04335
G1 X8.106 Y10.327 E0.00481
G1 X8.21 Y10.092 E0.00427
G1 X10.035 Y8.267 E0.04292
G1 X10.327 Y8.106 E0.00555
G1 X10.616 Y8.112 E0.00481
G1 X13.131 Y8.787 E0.0433
G1 X13.301 Y8.915 E0.00354
G1 X13.429 Y9.082 E0.0035
G1 X14.125 Y11.694 E0.04495
G1 X14.096 Y11.927 E0.0039
G1 X13.944 Y12.181 E0.00492
G1 X12.138 Y13.98 E0.04239
G0 F7200 X12.361 Y14.204
G0 X15.723 Y20.637
G0 X19.079 Y21.536
G0 X19.211 Y21.051
G1 F3600 X18.996 Y21.167 E0.00406
G1 X18.762 Y21.197 E0.00392
G1 X16.15 Y20.501 E0.04495
G1 X15.983 Y20.373 E0.0035
G1 X15.855 Y20.206 E0.0035
G1 X15.159 Y17.594 E0.04495
G1 X15.188 Y17.36 E0.00392
G1 X15.304 Y17.146 E0.00405
G1 X17.108 Y15.343 E0.04242
G1 X17.361 Y15.192 E0.0049
G1 X17.594 Y15.163 E0.0039
G1 X20.207 Y15.86 E0.04497
G1 X20.372 Y15.987 E0.00346
G1 X20.5 Y16.153 E0.00349
G1 X21.197 Y18.762 E0.04491
G1 X21.168 Y18.996 E0.00392
G1 X21.012 Y19.254 E0.00501
G1 X19.211 Y21.051 E0.04231
G0 F7200 X19.433 Y21.274
G0 X22.792 Y27.708
G0 X26.15 Y28.607
G0 X26.282 Y28.124
G1 F3600 X26.068 Y28.24 E0.00405
G1 X25.834 Y28.269 E0.00392
G1 X23.225 Y27.573 E0.04491
G1 X23.055 Y27.445 E0.00354
G1 X22.925 Y27.274 E0.00357
G1 X22.236 Y24.657 E0.045
G1 X22.264 Y24.426 E0.00387
G1 X22.379 Y24.21 E0.00407
G1 X24.173 Y22.414 E0.04222
G1 X24.426 Y22.264 E0.00489
G1 X24.66 Y22.235 E0.00392
G1 X27.275 Y22.926 E0.04498
G1 X27.444 Y23.055 E0.00354
G1 X27.573 Y23.224 E0.00354
G1 X28.269 Y25.834 E0.04492
G1 X28.24 Y26.068 E0.00392
G1 X28.089 Y26.321 E0.0049
G1 X26.282 Y28.124 E0.04245
G0 F7200 X26.503 Y28.346
G0 X29.866 Y34.779
G0 X33.221 Y35.678
G0 X33.355 Y35.195
G1 F3600 X33.14 Y35.311 E0.00406
G1 X32.905 Y35.341 E0.00394
G1 X30.297 Y34.641 E0.04491
G1 X30.127 Y34.513 E0.00354
G1 X30 Y34.346 E0.00349
G1 X29.303 Y31.738 E0.04489
G1 X29.332 Y31.504 E0.00392
G1 X29.448 Y31.29 E0.00405
G1 X31.251 Y29.483 E0.04245
G1 X31.504 Y29.332 E0.0049
G1 X31.738 Y29.303 E0.00392
G1 X34.347 Y30 E0.04491
G1 X34.512 Y30.127 E0.00346
G1 X34.641 Y30.294 E0.00351
G1 X35.341 Y32.905 E0.04495
G1 X35.312 Y33.14 E0.00394
G1 X35.16 Y33.394 E0.00492
G1 X33.355 Y35.195 E0.0424
G0 F7200 X33.575 Y35.416
G0 X36.936 Y41.851
G0 X40.298 Y42.745
G0 X40.426 Y42.264
G1 F3600 X40.211 Y42.38 E0.00406
G1 X39.977 Y42.409 E0.00392
G1 X37.366 Y41.713 E0.04494
G1 X37.199 Y41.585 E0.0035
G1 X37.069 Y41.414 E0.00357
G1 X36.379 Y38.804 E0.0449
G1 X36.408 Y38.57 E0.00392
G1 X36.523 Y38.354 E0.00407
G1 X38.319 Y36.555 E0.04227
G1 X38.573 Y36.404 E0.00491
G1 X38.807 Y36.375 E0.00392
G1 X41.419 Y37.072 E0.04496
G1 X41.584 Y37.199 E0.00346
G1 X41.712 Y37.365 E0.00349
G1 X42.409 Y39.974 E0.04491
G1 X42.38 Y40.208 E0.00392
G1 X42.227 Y40.462 E0.00493
G1 X40.426 Y42.264 E0.04237
G0 F7200 X40.648 Y42.487
G0 X44.008 Y48.921
G0 X47.364 Y49.82
G0 X47.494 Y49.336
G1 F3600 X47.28 Y49.452 E0.00405
G1 X47.046 Y49.481 E0.00392
G1 X44.437 Y48.784 E0.04491
G1 X44.272 Y48.657 E0.00346
G1 X44.143 Y48.49 E0.00351
G1 X43.443 Y45.879 E0.04495
G1 X43.472 Y45.644 E0.00394
G1 X43.588 Y45.429 E0.00406
G1 X45.391 Y43.623 E0.04244
G1 X45.644 Y43.472 E0.0049
G1 X45.879 Y43.443 E0.00394
G1 X48.487 Y44.143 E0.04491
G1 X48.657 Y44.271 E0.00354
G1 X48.784 Y44.438 E0.00349
G1 X49.481 Y47.046 E0.04489
G1 X49.452 Y47.28 E0.00392
G1 X49.301 Y47.533 E0.0049
G1 X47.494 Y49.336 E0.04245
G0 F7200 X47.717 Y49.559
G0 X51.079 Y55.992
G0 X54.435 Y56.891
G0 X54.566 Y56.408
G1 F3600 X54.352 Y56.524 E0.00405
G1 X54.118 Y56.553 E0.00392
G1 X51.506 Y55.857 E0.04495
G1 X51.339 Y55.729 E0.0035
G1 X51.211 Y55.562 E0.0035
G1 X50.515 Y52.95 E0.04495
G1 X50.544 Y52.716 E0.00392
G1 X50.66 Y52.502 E0.00405
G1 X52.463 Y50.695 E0.04245
G1 X52.716 Y50.544 E0.0049
G1 X52.95 Y50.515 E0.00392
G1 X55.562 Y51.211 E0.04495
G1 X55.729 Y51.339 E0.0035
G1 X55.857 Y51.506 E0.0035
G1 X56.553 Y54.118 E0.04495
G1 X56.524 Y54.352 E0.00392
G1 X56.373 Y54.605 E0.0049
G1 X54.566 Y56.408 E0.04245
G0 F7200 X54.788 Y56.63
G0 X58.15 Y63.063
G0 X61.506 Y63.962
G0 X61.638 Y63.48
G1 F3600 X61.424 Y63.596 E0.00405
G1 X61.189 Y63.625 E0.00394
G1 X58.581 Y62.925 E0.04491
G1 X58.411 Y62.797 E0.00354
G1 X58.284 Y62.63 E0.00349
G1 X57.587 Y60.022 E0.04489
G1 X57.616 Y59.788 E0.00392
G1 X57.732 Y59.574 E0.00405
G1 X59.535 Y57.767 E0.04245
G1 X59.788 Y57.616 E0.0049
G1 X60.022 Y57.587 E0.00392
G1 X62.631 Y58.284 E0.04491
G1 X62.796 Y58.411 E0.00346
G1 X62.925 Y58.578 E0.00351
G1 X63.625 Y61.189 E0.04495
G1 X63.596 Y61.424 E0.00394
G1 X63.445 Y61.677 E0.0049
G1 X61.638 Y63.48 E0.04245
G0 F7200 X61.859 Y63.701
G0 X65.221 Y70.134
G0 X68.577 Y71.033
G0 X68.71 Y70.548
G1 F3600 X68.495 Y70.664 E0.00406
G1 X68.261 Y70.693 E0.00392
G1 X65.649 Y69.996 E0.04496
G1 X65.484 Y69.869 E0.00346
G1 X65.356 Y69.703 E0.00349
G1 X64.659 Y67.094 E0.04491
G1 X64.688 Y66.86 E0.00392
G1 X64.804 Y66.646 E0.00405
G1 X66.607 Y64.839 E0.04245
G1 X66.86 Y64.688 E0.0049
G1 X67.094 Y64.659 E0.00392
G1 X69.702 Y65.356 E0.04489
G1 X69.869 Y65.483 E0.00349
G1 X69.997 Y65.65 E0.0035
G1 X70.693 Y68.261 E0.04494
G1 X70.664 Y68.495 E0.00392
G1 X70.513 Y68.749 E0.00491
G1 X68.71 Y70.548 E0.04236
G0 F7200 X68.932 Y70.77
G0 X72.292 Y77.208
G0 X75.653 Y78.099
G0 X75.782 Y77.617
G1 F3600 X75.567 Y77.732 E0.00405
G1 X75.335 Y77.76 E0.00389
G1 X72.725 Y77.07 E0.0449
G1 X72.556 Y76.941 E0.00354
G1 X72.427 Y76.774 E0.00351
G1 X71.727 Y74.163 E0.04495
G1 X71.756 Y73.928 E0.00394
G1 X71.872 Y73.713 E0.00406
G1 X73.675 Y71.908 E0.04243
G1 X73.928 Y71.756 E0.00491
G1 X74.163 Y71.727 E0.00394
G1 X76.771 Y72.427 E0.04491
G1 X76.941 Y72.555 E0.00354
G1 X77.068 Y72.722 E0.00349
G1 X77.765 Y75.33 E0.04489
G1 X77.736 Y75.564 E0.00392
G1 X77.585 Y75.817 E0.0049
G1 X75.782 Y77.617 E0.04237
G0 F7200 X76.004 Y77.84
G0 X79.363 Y84.277
G0 X82.719 Y85.176
G0 X82.85 Y84.692
G1 F3600 X82.636 Y84.808 E0.00405
G1 X82.402 Y84.837 E0.00392
G1 X79.79 Y84.141 E0.04495
G1 X79.623 Y84.013 E0.0035
G1 X79.495 Y83.846 E0.0035
G1 X78.799 Y81.234 E0.04495
G1 X78.829 Y81 E0.00392
G1 X78.944 Y80.785 E0.00405
G1 X80.747 Y78.979 E0.04244
G1 X81 Y78.828 E0.0049
G1 X81.234 Y78.799 E0.00392
G1 X83.846 Y79.495 E0.04495
G1 X84.013 Y79.623 E0.0035
G1 X84.141 Y79.79 E0.0035
G1 X84.837 Y82.402 E0.04495
G1 X84.808 Y82.636 E0.00392
G1 X84.657 Y82.889 E0.0049
G1 X82.85 Y84.692 E0.04245
G0 F7200 X83.072 Y84.915
G0 X86.434 Y91.348
G0 X89.79 Y92.247
G0 X89.961 Y91.729
G1 F3600 X89.67 Y91.889 E0.00552
G1 X89.381 Y91.884 E0.00481
G1 X86.862 Y91.213 E0.04335
G1 X86.695 Y91.085 E0.0035
G1 X86.567 Y90.918 E0.0035
G1 X85.871 Y88.306 E0.04495
G1 X85.9 Y88.072 E0.00392
G1 X86.016 Y87.858 E0.00405
G1 X87.819 Y86.051 E0.04245
G1 X88.072 Y85.9 E0.0049
G1 X88.306 Y85.871 E0.00392
G1 X90.918 Y86.567 E0.04495
G1 X91.085 Y86.695 E0.0035
G1 X91.213 Y86.862 E0.0035
G1 X91.884 Y89.381 E0.04335
G1 X91.89 Y89.67 E0.00481
G1 X91.784 Y89.906 E0.0043
G1 X89.961 Y91.729 E0.04287
G0 F7200 X90.18 Y91.949
G0 X86.416 Y97.191
G0 X86.416 Y97.587
G1 F3600 X97.587 Y86.416 E0.26272
G1 X13.584 Y2.413 E1.97562
G1 X2.413 Y13.584 E0.26272
G1 X86.416 Y97.587 E1.97562
G0 F7200 X86.416 Y98.153
;TYPE:WALL-OUTER
G1 F1800 X98.153 Y86.416 E0.27604
G1 X13.584 Y1.847 E1.98893
G1 X1.847 Y13.584 E0.27604
G1 X86.416 Y98.153 E1.98893
G0 F7200 X86.557 Y98.012
G0 X86.416 Y97.191
G0 X90.18 Y91.949
G0 X89.678 Y91.446
G1 F1800 X89.55 Y91.516 E0.00243
G1 X87.035 Y90.845 E0.04329
G1 X86.926 Y90.712 E0.00286
G1 X86.282 Y88.296 E0.04158
G1 X86.322 Y88.115 E0.00308
G1 X88.126 Y86.31 E0.04244
G1 X88.252 Y86.276 E0.00217
G1 X90.745 Y86.935 E0.04288
G1 X90.854 Y87.068 E0.00286
G1 X91.498 Y89.484 E0.04158
G1 X91.468 Y89.651 E0.00282
G1 X89.678 Y91.446 E0.04216
G0 F7200 X89.55 Y91.516
G0 X89.498 Y91.503
G0 X89.315 Y92.187
G0 X86.434 Y91.348
G0 X83.097 Y84.89
G0 X82.593 Y84.386
G1 F1800 X82.456 Y84.432 E0.0024
G1 X79.963 Y83.773 E0.04288
G1 X79.854 Y83.64 E0.00286
G1 X79.21 Y81.224 E0.04158
G1 X79.25 Y81.043 E0.00308
G1 X81.054 Y79.238 E0.04244
G1 X81.18 Y79.204 E0.00217
G1 X83.673 Y79.863 E0.04288
G1 X83.782 Y79.996 E0.00286
G1 X84.439 Y82.46 E0.04241
G1 X84.401 Y82.579 E0.00208
G1 X82.593 Y84.386 E0.04251
G0 F7200 X82.456 Y84.432
G0 X82.403 Y84.418
G0 X82.218 Y85.109
G0 X79.363 Y84.277
G0 X76.029 Y77.815
G0 X75.525 Y77.31
G1 F1800 X75.387 Y77.356 E0.00242
G1 X72.928 Y76.71 E0.04228
G1 X72.805 Y76.639 E0.00236
G1 X72.138 Y74.152 E0.04282
G1 X72.178 Y73.971 E0.00308
G1 X73.982 Y72.166 E0.04244
G1 X74.108 Y72.132 E0.00217
G1 X76.601 Y72.795 E0.0429
G1 X76.71 Y72.928 E0.00286
G1 X77.367 Y75.388 E0.04234
G1 X77.329 Y75.507 E0.00208
G1 X75.525 Y77.31 E0.04242
G0 F7200 X75.387 Y77.356
G0 X75.334 Y77.343
G0 X75.151 Y78.033
G0 X72.292 Y77.208
G0 X68.956 Y70.746
G0 X68.453 Y70.242
G1 F1800 X68.315 Y70.288 E0.00242
G1 X65.823 Y69.629 E0.04287
G1 X65.714 Y69.496 E0.00286
G1 X65.07 Y67.084 E0.04152
G1 X65.11 Y66.903 E0.00308
G1 X66.914 Y65.098 E0.04244
G1 X67.04 Y65.064 E0.00217
G1 X69.529 Y65.723 E0.04282
G1 X69.638 Y65.856 E0.00286
G1 X70.288 Y68.315 E0.0423
G1 X70.23 Y68.466 E0.00269
G1 X68.453 Y70.242 E0.04178
G0 F7200 X68.315 Y70.288
G0 X68.262 Y70.274
G0 X68.077 Y70.966
G0 X65.221 Y70.134
G0 X61.883 Y63.677
G0 X61.381 Y63.174
G1 F1800 X61.244 Y63.22 E0.0024
G1 X58.751 Y62.557 E0.0429
G1 X58.642 Y62.424 E0.00286
G1 X57.998 Y60.012 E0.04152
G1 X58.038 Y59.831 E0.00308
G1 X59.842 Y58.026 E0.04244
G1 X59.968 Y57.992 E0.00217
G1 X62.457 Y58.651 E0.04282
G1 X62.566 Y58.784 E0.00286
G1 X63.227 Y61.248 E0.04243
G1 X63.189 Y61.367 E0.00208
G1 X61.381 Y63.174 E0.04251
G0 F7200 X61.244 Y63.22
G0 X61.191 Y63.206
G0 X61.006 Y63.895
G0 X58.15 Y63.063
G0 X54.812 Y56.606
G0 X54.309 Y56.102
G1 F1800 X54.172 Y56.148 E0.0024
G1 X51.679 Y55.489 E0.04288
G1 X51.57 Y55.356 E0.00286
G1 X50.926 Y52.94 E0.04158
G1 X50.966 Y52.759 E0.00308
G1 X52.77 Y50.954 E0.04244
G1 X52.896 Y50.92 E0.00217
G1 X55.389 Y51.579 E0.04288
G1 X55.498 Y51.712 E0.00286
G1 X56.155 Y54.176 E0.04241
G1 X56.117 Y54.295 E0.00208
G1 X54.309 Y56.102 E0.04251
G0 F7200 X54.172 Y56.148
G0 X54.119 Y56.134
G0 X53.934 Y56.824
G0 X51.079 Y55.992
G0 X47.741 Y49.535
G0 X47.237 Y49.03
G1 F1800 X47.1 Y49.076 E0.0024
G1 X44.611 Y48.417 E0.04282
G1 X44.502 Y48.284 E0.00286
G1 X43.854 Y45.868 E0.0416
G1 X43.894 Y45.687 E0.00308
G1 X45.698 Y43.882 E0.04244
G1 X45.824 Y43.848 E0.00217
G1 X48.317 Y44.511 E0.0429
G1 X48.426 Y44.644 E0.00286
G1 X49.083 Y47.104 E0.04234
G1 X49.045 Y47.223 E0.00208
G1 X47.237 Y49.03 E0.04251
G0 F7200 X47.1 Y49.076
G0 X47.047 Y49.062
G0 X46.862 Y49.753
G0 X44.008 Y48.921
G0 X40.673 Y42.462
G0 X40.169 Y41.958
G1 F1800 X40.031 Y42.004 E0.00242
G1 X37.539 Y41.345 E0.04287
G1 X37.43 Y41.212 E0.00286
G1 X36.784 Y38.749 E0.04235
G1 X36.83 Y38.611 E0.00242
G1 X38.627 Y36.813 E0.04227
G1 X38.753 Y36.78 E0.00217
G1 X41.245 Y37.439 E0.04287
G1 X41.354 Y37.572 E0.00286
G1 X42.011 Y40.032 E0.04234
G1 X41.973 Y40.151 E0.00208
G1 X40.169 Y41.958 E0.04246
G0 F7200 X40.031 Y42.004
G0 X39.978 Y41.99
G0 X39.795 Y42.678
G0 X36.936 Y41.851
G0 X33.587 Y35.404
G0 X33.086 Y34.902
G1 F1800 X32.96 Y34.936 E0.00217
G1 X30.467 Y34.273 E0.0429
G1 X30.358 Y34.14 E0.00286
G1 X29.708 Y31.684 E0.04225
G1 X29.754 Y31.547 E0.0024
G1 X31.558 Y29.742 E0.04244
G1 X31.684 Y29.708 E0.00217
G1 X34.173 Y30.367 E0.04282
G1 X34.282 Y30.5 E0.00286
G1 X34.943 Y32.964 E0.04243
G1 X34.905 Y33.083 E0.00208
G1 X33.086 Y34.902 E0.04278
G0 F7200 X32.96 Y34.936
G0 X32.894 Y34.919
G0 X32.709 Y35.608
G0 X29.866 Y34.779
G0 X26.528 Y28.321
G0 X26.025 Y27.818
G1 F1800 X25.888 Y27.864 E0.0024
G1 X23.395 Y27.205 E0.04288
G1 X23.286 Y27.072 E0.00286
G1 X22.64 Y24.605 E0.04241
G1 X22.686 Y24.467 E0.00242
G1 X24.481 Y22.672 E0.04222
G1 X24.605 Y22.64 E0.00213
G1 X27.072 Y23.286 E0.04241
G1 X27.162 Y23.338 E0.00173
G1 X27.214 Y23.428 E0.00173
G1 X27.871 Y25.892 E0.04241
G1 X27.833 Y26.011 E0.00208
G1 X26.025 Y27.818 E0.04251
G0 F7200 X25.888 Y27.864
G0 X25.835 Y27.85
G0 X25.65 Y28.54
G0 X22.792 Y27.708
G0 X19.445 Y21.262
G0 X18.942 Y20.758
G1 F1800 X18.816 Y20.792 E0.00217
G1 X16.323 Y20.133 E0.04288
G1 X16.214 Y20 E0.00286
G1 X15.57 Y17.584 E0.04158
G1 X15.61 Y17.403 E0.00308
G1 X17.415 Y15.601 E0.04242
G1 X17.54 Y15.568 E0.00215
G1 X20.033 Y16.227 E0.04288
G1 X20.142 Y16.36 E0.00286
G1 X20.799 Y18.82 E0.04234
G1 X20.761 Y18.939 E0.00208
G1 X18.942 Y20.758 E0.04278
G0 F7200 X18.816 Y20.792
G0 X18.75 Y20.775
G0 X18.565 Y21.465
G0 X15.723 Y20.637
G0 X12.386 Y14.179
G0 X11.881 Y13.674
G1 F1800 X11.744 Y13.72 E0.0024
G1 X9.255 Y13.061 E0.04282
G1 X9.146 Y12.928 E0.00286
G1 X8.498 Y10.512 E0.0416
G1 X8.528 Y10.345 E0.00282
G1 X10.318 Y8.55 E0.04216
G1 X10.444 Y8.48 E0.0024
G1 X12.962 Y9.155 E0.04335
G1 X13.07 Y9.288 E0.00285
G1 X13.727 Y11.752 E0.04241
G1 X13.689 Y11.871 E0.00208
G1 X11.881 Y13.674 E0.04246
G0 F7200 X11.744 Y13.72
G0 X11.691 Y13.706
G0 X11.506 Y14.397
G0 X15.723 Y20.637
G0 X86.416 Y97.045
;TYPE:SKIN
G1 F1800 X2.951 Y13.584 E1.96292
G1 X13.584 Y2.951 E0.25007
G1 X97.049 Y86.416 E1.96297
G1 X86.416 Y97.045 E0.25002
G0 F7200 X92.506 Y90.307
G1 F1437.1 X92.456 Y90.376 E0.00177
G1 F1478.4 X90.493 Y92.34 E0.05622
G1 F1398.1 X90.308 Y92.484 E0.00502
G0 F7200 X89.807 Y92.238
G1 F1800 X90.23 Y91.99 E0.00815
G1 X92.07 Y90.154 E0.04323
G1 X92.247 Y89.79 E0.00673
G1 X92.25 Y89.276 E0.00855
G1 X91.574 Y86.736 E0.04371
G1 X91.354 Y86.426 E0.00632
G1 X91.077 Y86.212 E0.00582
G1 X88.334 Y85.488 E0.04718
G1 X87.958 Y85.537 E0.00631
G1 X87.569 Y85.765 E0.0075
G1 X85.722 Y87.611 E0.04343
G1 X85.536 Y87.962 E0.00661
G1 X85.494 Y88.38 E0.00699
G1 X86.202 Y91.04 E0.04578
G1 X86.426 Y91.354 E0.00641
G1 X86.736 Y91.574 E0.00632
G1 X89.276 Y92.25 E0.04371
G1 X89.807 Y92.238 E0.00883
G0 F7200 X89.805 Y92.305
G0 X86.434 Y91.348
G0 X82.734 Y85.234
G0 X82.742 Y85.172
G1 F1800 X83.093 Y84.982 E0.00664
G1 X84.943 Y83.139 E0.04343
G1 X85.167 Y82.746 E0.00752
G1 X85.222 Y82.355 E0.00657
G1 X84.502 Y79.664 E0.04633
G1 X84.282 Y79.354 E0.00632
G1 X84.005 Y79.14 E0.00582
G1 X81.262 Y78.416 E0.04718
G1 X80.886 Y78.465 E0.00631
G1 X80.497 Y78.693 E0.0075
G1 X78.643 Y80.548 E0.04361
G1 X78.464 Y80.89 E0.00642
G1 X78.414 Y81.273 E0.00642
G1 X79.13 Y83.968 E0.04637
G1 X79.354 Y84.282 E0.00641
G1 X79.664 Y84.502 E0.00632
G1 X82.328 Y85.214 E0.04586
G1 X82.742 Y85.172 E0.00692
G0 F7200 X82.734 Y85.234
G0 X79.363 Y84.277
G0 X75.669 Y78.157
G0 X75.674 Y78.096
G1 F1800 X76.025 Y77.906 E0.00664
G1 X77.871 Y76.067 E0.04333
G1 X78.095 Y75.674 E0.00752
G1 X78.15 Y75.282 E0.00658
G1 X77.426 Y72.595 E0.04628
G1 X77.206 Y72.286 E0.00631
G1 X76.938 Y72.076 E0.00566
G1 X74.202 Y71.342 E0.04711
G1 X73.849 Y71.385 E0.00591
G1 X73.421 Y71.621 E0.00813
G1 X71.582 Y73.467 E0.04333
G1 X71.388 Y73.819 E0.00668
G1 X71.342 Y74.202 E0.00642
G1 X72.066 Y76.9 E0.04646
G1 X72.286 Y77.21 E0.00632
G1 X72.56 Y77.42 E0.00574
G1 X75.306 Y78.14 E0.04721
G1 X75.674 Y78.096 E0.00616
G0 F7200 X75.669 Y78.157
G0 X72.292 Y77.208
G0 X68.592 Y71.091
G0 X68.601 Y71.028
G1 F1800 X68.953 Y70.842 E0.00662
G1 X70.799 Y68.999 E0.04338
G1 X71.023 Y68.605 E0.00754
G1 X71.072 Y68.234 E0.00622
G1 X70.354 Y65.524 E0.04662
G1 X70.134 Y65.21 E0.00638
G1 X69.828 Y64.994 E0.00623
G1 X67.138 Y64.274 E0.04631
G1 X66.707 Y64.342 E0.00726
G1 X66.357 Y64.553 E0.0068
G1 X64.51 Y66.399 E0.04343
G1 X64.324 Y66.75 E0.00661
G1 X64.282 Y67.168 E0.00699
G1 X64.994 Y69.828 E0.04579
G1 X65.214 Y70.138 E0.00632
G1 X65.487 Y70.348 E0.00573
G1 X68.234 Y71.072 E0.04724
G1 X68.601 Y71.028 E0.00615
G0 F7200 X68.592 Y71.091
G0 X65.221 Y70.134
G0 X61.521 Y64.02
G0 X61.53 Y63.96
G1 F1800 X61.881 Y63.77 E0.00664
G1 X63.731 Y61.927 E0.04343
G1 X63.955 Y61.533 E0.00754
G1 X64.006 Y61.146 E0.00649
G1 X63.282 Y58.448 E0.04646
G1 X63.066 Y58.138 E0.00628
G1 X62.756 Y57.922 E0.00628
G1 X60.05 Y57.204 E0.04656
G1 X59.674 Y57.253 E0.00631
G1 X59.285 Y57.481 E0.0075
G1 X57.438 Y59.327 E0.04343
G1 X57.252 Y59.678 E0.00661
G1 X57.21 Y60.096 E0.00699
G1 X57.922 Y62.756 E0.04579
G1 X58.142 Y63.066 E0.00632
G1 X58.448 Y63.282 E0.00623
G1 X61.146 Y64.006 E0.04646
G1 X61.53 Y63.96 E0.00643
G0 F7200 X61.521 Y64.02
G0 X58.15 Y63.063
G0 X54.45 Y56.949
G0 X54.458 Y56.888
G1 F1800 X54.809 Y56.698 E0.00664
G1 X56.659 Y54.855 E0.04343
G1 X56.883 Y54.462 E0.00752
G1 X56.938 Y54.071 E0.00657
G1 X56.218 Y51.38 E0.04633
G1 X55.998 Y51.07 E0.00632
G1 X55.721 Y50.856 E0.00582
G1 X52.978 Y50.132 E0.04718
G1 X52.602 Y50.181 E0.00631
G1 X52.213 Y50.409 E0.0075
G1 X50.366 Y52.255 E0.04343
G1 X50.18 Y52.606 E0.00661
G1 X50.138 Y53.024 E0.00699
G1 X50.846 Y55.684 E0.04578
G1 X51.09 Y56.016 E0.00685
G1 X51.38 Y56.218 E0.00588
G1 X54.044 Y56.93 E0.04586
G1 X54.458 Y56.888 E0.00692
G0 F7200 X54.45 Y56.949
G0 X51.079 Y55.992
G0 X47.379 Y49.878
G0 X47.386 Y49.816
G1 F1800 X47.737 Y49.626 E0.00664
G1 X49.587 Y47.783 E0.04343
G1 X49.811 Y47.39 E0.00752
G1 X49.866 Y46.998 E0.00658
G1 X49.142 Y44.311 E0.04628
G1 X48.922 Y44.002 E0.00631
G1 X48.654 Y43.792 E0.00566
G1 X45.918 Y43.058 E0.04711
G1 X45.528 Y43.11 E0.00654
G1 X45.122 Y43.354 E0.00788
G1 X43.298 Y45.183 E0.04296
G1 X43.104 Y45.535 E0.00668
G1 X43.058 Y45.918 E0.00642
G1 X43.782 Y48.616 E0.04646
G1 X44.002 Y48.926 E0.00632
G1 X44.312 Y49.142 E0.00628
G1 X46.972 Y49.858 E0.04581
G1 X47.386 Y49.816 E0.00692
G0 F7200 X47.379 Y49.878
G0 X44.008 Y48.921
G0 X40.314 Y42.803
G0 X40.317 Y42.744
G1 F1800 X40.669 Y42.558 E0.00662
G1 X42.51 Y40.711 E0.04337
G1 X42.739 Y40.323 E0.00749
G1 X42.786 Y39.895 E0.00716
G1 X42.07 Y37.239 E0.04575
G1 X41.854 Y36.926 E0.00632
G1 X41.54 Y36.71 E0.00634
G1 X38.834 Y35.992 E0.04656
G1 X38.458 Y36.041 E0.00631
G1 X38.069 Y36.269 E0.0075
G1 X36.23 Y38.107 E0.04324
G1 X36.04 Y38.457 E0.00662
G1 X35.996 Y38.826 E0.00618
G1 X36.71 Y41.54 E0.04667
G1 X36.93 Y41.854 E0.00638
G1 X37.203 Y42.064 E0.00573
G1 X39.95 Y42.788 E0.04724
G1 X40.317 Y42.744 E0.00615
G0 F7200 X40.314 Y42.803
G0 X36.936 Y41.851
G0 X33.236 Y35.736
G0 X33.247 Y35.676
G1 F1800 X33.601 Y35.482 E0.00671
G1 X35.443 Y33.643 E0.04329
G1 X35.671 Y33.25 E0.00756
G1 X35.722 Y32.862 E0.00651
G1 X34.998 Y30.164 E0.04646
G1 X34.782 Y29.854 E0.00628
G1 X34.472 Y29.638 E0.00628
G1 X31.766 Y28.92 E0.04656
G1 X31.39 Y28.969 E0.00631
G1 X31.001 Y29.197 E0.0075
G1 X29.154 Y31.043 E0.04343
G1 X28.968 Y31.394 E0.00661
G1 X28.926 Y31.812 E0.00699
G1 X29.638 Y34.472 E0.04579
G1 X29.858 Y34.782 E0.00632
G1 X30.163 Y34.998 E0.00622
G1 X32.862 Y35.726 E0.04649
G1 X33.247 Y35.676 E0.00646
G0 F7200 X33.236 Y35.736
G0 X29.866 Y34.779
G0 X26.165 Y28.665
G0 X26.174 Y28.604
G1 F1800 X26.525 Y28.414 E0.00664
G1 X28.375 Y26.571 E0.04343
G1 X28.599 Y26.178 E0.00752
G1 X28.654 Y25.787 E0.00657
G1 X27.934 Y23.096 E0.04633
G1 X27.71 Y22.782 E0.00641
G1 X27.4 Y22.566 E0.00628
G1 X24.682 Y21.852 E0.04673
G1 X24.314 Y21.901 E0.00617
G1 X23.921 Y22.129 E0.00756
G1 X22.086 Y23.963 E0.04314
G1 X21.896 Y24.313 E0.00662
G1 X21.852 Y24.682 E0.00618
G1 X22.566 Y27.4 E0.04673
G1 X22.786 Y27.714 E0.00638
G1 X23.059 Y27.924 E0.00573
G1 X25.76 Y28.646 E0.04649
G1 X26.174 Y28.604 E0.00692
G0 F7200 X26.165 Y28.665
G0 X22.792 Y27.708
G0 X19.094 Y21.594
G0 X19.103 Y21.532
G1 F1800 X19.457 Y21.338 E0.00671
G1 X21.299 Y19.503 E0.04324
G1 X21.526 Y19.107 E0.00759
G1 X21.582 Y18.719 E0.00652
G1 X20.858 Y16.028 E0.04634
G1 X20.642 Y15.718 E0.00628
G1 X20.328 Y15.498 E0.00638
G1 X17.622 Y14.78 E0.04656
G1 X17.282 Y14.821 E0.0057
G1 X16.853 Y15.057 E0.00814
G1 X15.01 Y16.899 E0.04333
G1 X14.824 Y17.25 E0.00661
G1 X14.782 Y17.668 E0.00699
G1 X15.49 Y20.328 E0.04578
G1 X15.714 Y20.642 E0.00641
G1 X15.987 Y20.852 E0.00573
G1 X18.719 Y21.582 E0.04703
G1 X19.103 Y21.532 E0.00644
G0 F7200 X19.094 Y21.594
G0 X15.723 Y20.637
G0 X13.404 Y13.076
G0 X14.463 Y12.01
G0 X13.567 Y8.652
G0 X9.685 Y7.508
G1 F1440 X9.455 Y7.691 E0.00611
G1 F1525.4 X7.54 Y9.611 E0.05321
G1 F1457.5 X7.476 Y9.701 E0.00227
G0 F7200 X8.652 Y13.566
G0 X12.023 Y14.523
G0 X12.03 Y14.46
G1 F1800 X12.375 Y14.278 E0.00649
G1 X14.227 Y12.431 E0.0435
G1 X14.454 Y12.039 E0.00753
G1 X14.508 Y11.666 E0.00627
G1 X13.79 Y8.956 E0.04662
G1 X13.566 Y8.642 E0.00641
G1 X13.26 Y8.426 E0.00623
G1 X10.717 Y7.742 E0.04379
G1 X10.188 Y7.756 E0.0088
G1 X9.762 Y7.998 E0.00815
G1 X7.922 Y9.838 E0.04327
G1 X7.745 Y10.202 E0.00673
G1 X7.742 Y10.717 E0.00856
G1 X8.426 Y13.26 E0.04379
G1 X8.646 Y13.57 E0.00632
G1 X8.956 Y13.786 E0.00628
G1 X11.616 Y14.502 E0.04581
G1 X12.03 Y14.46 E0.00692
G0 F7200 X12.023 Y14.523
G0 X15.723 Y20.637
G0 X86.498 Y96.68
G1 F1800 X3.318 Y13.5 E1.95627
G0 F7200 X3.601 Y13.217
G1 F1800 X86.78 Y96.397 E1.95625
G0 F7200 X87.063 Y96.114
G1 F1800 X3.883 Y12.934 E1.95627
G0 F7200 X4.166 Y12.652
G1 F1800 X87.346 Y95.831 E1.95625
G0 F7200 X87.629 Y95.549
G1 F1800 X4.449 Y12.369 E1.95627
G0 F7200 X4.732 Y12.086
G1 F1800 X87.912 Y95.266 E1.95627
G0 F7200 X88.195 Y94.983
G1 F1800 X5.015 Y11.803 E1.95627
G0 F7200 X5.298 Y11.52
G1 F1800 X88.478 Y94.701 E1.95628
G0 F7200 X88.761 Y94.418
G1 F1800 X5.58 Y11.237 E1.95629
G0 F7200 X5.863 Y10.954
G1 F1800 X8.258 Y13.349 E0.05633
G1 X8.328 Y13.419
G0 F7200 X8.029 Y12.555
G1 F1800 X6.146 Y10.672 E0.04429
G0 F7200 X6.429 Y10.389
G1 F1800 X7.821 Y11.781 E0.03274
G1 X7.891 Y11.851
G0 F7200 X7.613 Y11.007
G1 F1800 X6.712 Y10.106 E0.02119
G0 F7200 X6.995 Y9.823
G1 F1800 X7.531 Y10.36 E0.01262
G0 F7200 X8.54 Y13.245
G0 X8.857 Y13.948
G1 F1800 X15.315 Y20.406 E0.15188
G1 X15.385 Y20.476
G0 F7200 X15.095 Y19.621
G1 F1800 X9.657 Y14.182 E0.12791
G1 X9.587 Y14.112
G0 F7200 X10.431 Y14.39
G1 F1800 X14.89 Y18.85 E0.10488
G0 F7200 X14.684 Y18.079
G1 F1800 X11.205 Y14.599 E0.08183
G0 F7200 X11.857 Y14.685
G1 F1800 X14.602 Y17.43 E0.06456
G0 F7200 X14.736 Y16.999
G1 F1800 X12.28 Y14.543 E0.05776
G0 F7200 X12.619 Y14.316
G1 F1800 X14.965 Y16.662 E0.05517
G0 F7200 X15.248 Y16.379
G1 F1800 X12.902 Y14.033 E0.05517
G0 F7200 X13.185 Y13.751
G1 F1800 X15.531 Y16.097 E0.05517
G0 F7200 X15.813 Y15.813
G1 F1800 X13.468 Y13.468 E0.05515
G0 F7200 X13.751 Y13.185
G1 F1800 X16.096 Y15.53 E0.05515
G0 F7200 X16.379 Y15.247
G1 F1800 X14.035 Y12.903 E0.05513
G0 F7200 X14.317 Y12.62
G1 F1800 X16.662 Y14.965 E0.05515
G0 F7200 X17.003 Y14.74
G1 F1800 X14.542 Y12.279 E0.05788
G0 F7200 X14.68 Y11.851
G1 F1800 X17.434 Y14.606 E0.06478
G0 F7200 X18.084 Y14.689
G1 F1800 X14.598 Y11.203 E0.08199
G0 F7200 X14.391 Y10.431
G1 F1800 X18.856 Y14.897 E0.10502
G0 F7200 X19.629 Y15.103
G1 F1800 X14.185 Y9.659 E0.12803
G1 X14.115 Y9.589
G0 F7200 X13.955 Y8.864
G1 F1800 X20.428 Y15.337 E0.15224
G1 X20.498 Y15.407
G0 F7200 X21.019 Y15.928
G1 F1800 X27.487 Y22.395 E0.15211
G1 X27.557 Y22.465
G0 F7200 X26.699 Y22.173
G1 F1800 X21.254 Y16.728 E0.12806
G1 X21.184 Y16.658
G0 F7200 X21.462 Y17.502
G1 F1800 X25.93 Y21.97 E0.10508
G0 F7200 X25.16 Y21.766
G1 F1800 X21.67 Y18.276 E0.08208
G0 F7200 X21.751 Y18.923
G1 F1800 X24.505 Y21.676 E0.06476
G0 F7200 X24.075 Y21.812
G1 F1800 X21.61 Y19.347 E0.05797
G0 F7200 X21.392 Y19.695
G1 F1800 X23.734 Y22.037 E0.05508
G0 F7200 X23.451 Y22.32
G1 F1800 X21.109 Y19.977 E0.05509
G0 F7200 X20.825 Y20.259
G1 F1800 X23.168 Y22.603 E0.05512
G0 F7200 X22.886 Y22.886
G1 F1800 X20.541 Y20.541 E0.05515
G0 F7200 X20.258 Y20.824
G1 F1800 X22.603 Y23.168 E0.05514
G0 F7200 X22.32 Y23.451
G1 F1800 X19.974 Y21.106 E0.05516
G0 F7200 X19.691 Y21.388
G1 F1800 X22.037 Y23.734 E0.05517
G0 F7200 X21.805 Y24.068
G1 F1800 X19.355 Y21.618 E0.05762
G0 F7200 X18.929 Y21.757
G1 F1800 X21.675 Y24.503 E0.06458
G0 F7200 X21.765 Y25.16
G1 F1800 X18.278 Y21.672 E0.08202
G0 F7200 X17.506 Y21.466
G1 F1800 X21.97 Y25.93 E0.10499
G0 F7200 X22.173 Y26.699
G1 F1800 X16.734 Y21.259 E0.12793
G1 X16.664 Y21.189
G0 F7200 X15.947 Y21.039
G1 F1800 X22.399 Y27.49 E0.15173
G1 X22.469 Y27.56
G0 F7200 X23.019 Y28.11
G1 F1800 X29.472 Y34.563 E0.15176
G1 X29.542 Y34.633
G0 F7200 X29.242 Y33.768
G1 F1800 X23.805 Y28.331 E0.12787
G0 F7200 X24.578 Y28.537
G1 F1800 X29.036 Y32.996 E0.10486
G0 F7200 X28.829 Y32.224
G1 F1800 X25.349 Y28.743 E0.08186
G0 F7200 X25.99 Y28.819
G1 F1800 X28.745 Y31.574 E0.06479
G0 F7200 X28.88 Y31.142
G1 F1800 X26.431 Y28.694 E0.05758
G0 F7200 X26.763 Y28.46
G1 F1800 X29.109 Y30.806 E0.05517
G0 F7200 X29.392 Y30.523
G1 F1800 X27.045 Y28.177 E0.05519
G0 F7200 X27.329 Y27.895
G1 F1800 X29.674 Y30.24 E0.05515
G0 F7200 X29.958 Y29.958
G1 F1800 X27.613 Y27.613 E0.05515
G0 F7200 X27.895 Y27.33
G1 F1800 X30.241 Y29.675 E0.05516
G0 F7200 X30.524 Y29.392
G1 F1800 X28.179 Y27.048 E0.05514
G0 F7200 X28.462 Y26.765
G1 F1800 X30.807 Y29.109 E0.05514
G0 F7200 X31.147 Y28.884
G1 F1800 X28.685 Y26.422 E0.0579
G0 F7200 X28.823 Y25.995
G1 F1800 X31.574 Y28.746 E0.0647
G0 F7200 X32.224 Y28.829
G1 F1800 X28.745 Y25.35 E0.08182
G0 F7200 X28.538 Y24.578
G1 F1800 X32.996 Y29.036 E0.10485
G1 X33.066 Y29.106
G0 F7200 X33.769 Y29.243
G1 F1800 X28.331 Y23.805 E0.12789
G1 X28.261 Y23.735
G0 F7200 X28.12 Y23.028
G1 F1800 X34.541 Y29.45 E0.15102
G1 X34.611 Y29.52
G0 F7200 X35.167 Y30.076
G1 F1800 X41.639 Y36.548 E0.15221
G1 X41.709 Y36.618
G0 F7200 X40.84 Y36.315
G1 F1800 X35.393 Y30.867 E0.12812
G1 X35.323 Y30.797
G0 F7200 X35.601 Y31.641
G1 F1800 X40.068 Y36.108 E0.10506
G1 X40.138 Y36.178
G0 F7200 X39.295 Y35.901
G1 F1800 X35.809 Y32.414 E0.082
G0 F7200 X35.893 Y33.065
G1 F1800 X38.646 Y35.817 E0.06473
G0 F7200 X38.217 Y35.954
G1 F1800 X35.756 Y33.494 E0.05787
G0 F7200 X35.532 Y33.835
G1 F1800 X37.878 Y36.181 E0.05517
G0 F7200 X37.595 Y36.463
G1 F1800 X35.249 Y34.118 E0.05516
G0 F7200 X34.966 Y34.401
G1 F1800 X37.312 Y36.746 E0.05516
G0 F7200 X37.029 Y37.029
G1 F1800 X34.684 Y34.684 E0.05515
G0 F7200 X34.4 Y34.966
G1 F1800 X36.747 Y37.313 E0.0552
G0 F7200 X36.464 Y37.595
G1 F1800 X34.117 Y35.249 E0.05519
G0 F7200 X33.834 Y35.531
G1 F1800 X36.181 Y37.878 E0.0552
G0 F7200 X35.949 Y38.211
G1 F1800 X33.499 Y35.762 E0.05761
G0 F7200 X33.072 Y35.901
G1 F1800 X35.819 Y38.648 E0.06461
G0 F7200 X35.91 Y39.305
G1 F1800 X32.42 Y35.814 E0.08209
G1 X32.35 Y35.744
G0 F7200 X31.645 Y35.605
G1 F1800 X36.115 Y40.075 E0.10513
G0 F7200 X36.319 Y40.845
G1 F1800 X30.87 Y35.396 E0.12815
G1 X30.8 Y35.326
G0 F7200 X30.077 Y35.169
G1 F1800 X36.552 Y41.644 E0.15228
G1 X36.622 Y41.714
G0 F7200 X37.15 Y42.241
G1 F1800 X43.617 Y48.708 E0.15209
G1 X43.687 Y48.778
G0 F7200 X43.386 Y47.911
G1 F1800 X37.942 Y42.467 E0.12803
G0 F7200 X38.713 Y42.672
G1 F1800 X43.178 Y47.138 E0.10502
G1 X43.248 Y47.208
G0 F7200 X42.971 Y46.365
G1 F1800 X39.483 Y42.877 E0.08203
G0 F7200 X40.137 Y42.965
G1 F1800 X42.884 Y45.712 E0.06461
G0 F7200 X43.019 Y45.282
G1 F1800 X40.57 Y42.832 E0.05761
G0 F7200 X40.905 Y42.602
G1 F1800 X43.253 Y44.95 E0.05522
G0 F7200 X43.535 Y44.667
G1 F1800 X41.188 Y42.32 E0.0552
G0 F7200 X41.471 Y42.037
G1 F1800 X43.817 Y44.383 E0.05517
G0 F7200 X44.099 Y44.099
G1 F1800 X41.753 Y41.753 E0.05517
G0 F7200 X42.036 Y41.47
G1 F1800 X44.382 Y43.816 E0.05517
G0 F7200 X44.664 Y43.532
G1 F1800 X42.319 Y41.188 E0.05514
G0 F7200 X42.602 Y40.905
G1 F1800 X44.946 Y43.249 E0.05513
G0 F7200 X45.285 Y43.022
G1 F1800 X42.827 Y40.565 E0.0578
G0 F7200 X42.964 Y40.135
G1 F1800 X45.714 Y42.885 E0.06468
G0 F7200 X46.364 Y42.97
G1 F1800 X42.882 Y39.488 E0.08189
G1 X42.812 Y39.418
G0 F7200 X42.674 Y38.714
G1 F1800 X47.138 Y43.178 E0.10499
G1 X47.208 Y43.248
G0 F7200 X47.911 Y43.386
G1 F1800 X42.465 Y37.94 E0.12808
G1 X42.395 Y37.87
G0 F7200 X42.231 Y37.14
G1 F1800 X48.709 Y43.618 E0.15235
G1 X48.779 Y43.688
G0 F7200 X49.301 Y44.21
G1 F1800 X55.762 Y50.671 E0.15195
G1 X55.832 Y50.741
G0 F7200 X54.978 Y50.452
G1 F1800 X49.538 Y45.012 E0.12794
G1 X49.468 Y44.942
G0 F7200 X49.746 Y45.787
G1 F1800 X54.206 Y50.246 E0.10488
G0 F7200 X53.435 Y50.041
G1 F1800 X49.955 Y46.561 E0.08184
G0 F7200 X50.036 Y47.207
G1 F1800 X52.786 Y49.958 E0.06469
G0 F7200 X52.358 Y50.096
G1 F1800 X49.898 Y47.635 E0.05787
G0 F7200 X49.674 Y47.977
G1 F1800 X52.018 Y50.321 E0.05513
G0 F7200 X51.735 Y50.604
G1 F1800 X49.391 Y48.26 E0.05513
G0 F7200 X49.108 Y48.542
G1 F1800 X51.453 Y50.887 E0.05515
G0 F7200 X51.17 Y51.17
G1 F1800 X48.824 Y48.824 E0.05517
G0 F7200 X48.541 Y49.106
G1 F1800 X50.887 Y51.453 E0.05519
G0 F7200 X50.604 Y51.735
G1 F1800 X48.258 Y49.389 E0.05517
G0 F7200 X47.974 Y49.671
G1 F1800 X50.321 Y52.018 E0.0552
G0 F7200 X50.092 Y52.355
G1 F1800 X47.643 Y49.906 E0.0576
G0 F7200 X47.203 Y50.031
G1 F1800 X49.958 Y52.786 E0.06479
G0 F7200 X50.041 Y53.435
G1 F1800 X46.561 Y49.955 E0.08184
G1 X46.491 Y49.885
G0 F7200 X45.787 Y49.746
G1 F1800 X50.246 Y54.206 E0.10488
G0 F7200 X50.451 Y54.977
G1 F1800 X45.013 Y49.538 E0.12791
G1 X44.943 Y49.468
G0 F7200 X44.213 Y49.304
G1 F1800 X50.67 Y55.761 E0.15186
G1 X50.74 Y55.831
G0 F7200 X51.318 Y56.409
G1 F1800 X57.755 Y62.846 E0.15139
G1 X57.825 Y62.916
G0 F7200 X57.526 Y62.051
G1 F1800 X52.09 Y56.615 E0.12785
G0 F7200 X52.862 Y56.822
G1 F1800 X57.32 Y61.28 E0.10485
G0 F7200 X57.114 Y60.508
G1 F1800 X53.634 Y57.028 E0.08184
G0 F7200 X54.275 Y57.103
G1 F1800 X57.03 Y59.858 E0.06479
G0 F7200 X57.164 Y59.427
G1 F1800 X54.715 Y56.978 E0.0576
G0 F7200 X55.047 Y56.744
G1 F1800 X57.393 Y59.09 E0.05517
G0 F7200 X57.676 Y58.807
G1 F1800 X55.33 Y56.461 E0.05517
G0 F7200 X55.613 Y56.179
G1 F1800 X57.959 Y58.524 E0.05516
G0 F7200 X58.242 Y58.242
G1 F1800 X55.897 Y55.897 E0.05515
G0 F7200 X56.18 Y55.614
G1 F1800 X58.524 Y57.959 E0.05514
G0 F7200 X58.807 Y57.676
G1 F1800 X56.463 Y55.332 E0.05513
G0 F7200 X56.746 Y55.049
G1 F1800 X59.09 Y57.393 E0.05513
G0 F7200 X59.43 Y57.167
G1 F1800 X56.969 Y54.707 E0.05787
G0 F7200 X57.107 Y54.279
G1 F1800 X59.859 Y57.03 E0.06471
G0 F7200 X60.508 Y57.114
G1 F1800 X57.028 Y53.634 E0.08184
G0 F7200 X56.822 Y52.862
G1 F1800 X61.28 Y57.32 E0.10485
G1 X61.35 Y57.39
G0 F7200 X62.053 Y57.527
G1 F1800 X56.615 Y52.09 E0.12788
G1 X56.545 Y52.02
G0 F7200 X56.394 Y51.303
G1 F1800 X62.846 Y57.754 E0.15173
G1 X62.916 Y57.824
G0 F7200 X63.449 Y58.358
G1 F1800 X69.919 Y64.828 E0.15216
G1 X69.989 Y64.898
G0 F7200 X69.124 Y64.598
G1 F1800 X63.678 Y59.152 E0.12808
G1 X63.608 Y59.082
G0 F7200 X63.885 Y59.925
G1 F1800 X68.351 Y64.391 E0.10503
G0 F7200 X67.579 Y64.185
G1 F1800 X64.093 Y60.699 E0.08199
G0 F7200 X64.178 Y61.35
G1 F1800 X66.93 Y64.101 E0.06471
G0 F7200 X66.503 Y64.24
G1 F1800 X64.041 Y61.779 E0.05789
G0 F7200 X63.818 Y62.121
G1 F1800 X66.163 Y64.466 E0.05515
G0 F7200 X65.88 Y64.748
G1 F1800 X63.535 Y62.404 E0.05514
G0 F7200 X63.251 Y62.686
G1 F1800 X65.597 Y65.031 E0.05516
G0 F7200 X65.314 Y65.314
G1 F1800 X62.969 Y62.969 E0.05515
G0 F7200 X62.685 Y63.251
G1 F1800 X65.03 Y65.596 E0.05515
G0 F7200 X64.748 Y65.879
G1 F1800 X62.401 Y63.533 E0.05519
G0 F7200 X62.119 Y63.816
G1 F1800 X64.465 Y66.162 E0.05517
G0 F7200 X64.236 Y66.498
G1 F1800 X61.787 Y64.05 E0.05758
G0 F7200 X61.344 Y64.172
G1 F1800 X64.101 Y66.93 E0.06485
G0 F7200 X64.185 Y67.58
G1 F1800 X60.699 Y64.093 E0.082
G1 X60.629 Y64.023
G0 F7200 X59.925 Y63.885
G1 F1800 X64.392 Y68.352 E0.10506
G1 X64.462 Y68.422
G0 F7200 X64.599 Y69.125
G1 F1800 X59.152 Y63.678 E0.12811
G1 X59.082 Y63.608
G0 F7200 X58.358 Y63.449
G1 F1800 X64.829 Y69.92 E0.15219
G1 X64.899 Y69.99
G0 F7200 X65.433 Y70.524
G1 F1800 X71.901 Y76.992 E0.15212
G1 X71.971 Y77.062
G0 F7200 X71.67 Y76.196
G1 F1800 X66.225 Y70.751 E0.12806
G0 F7200 X66.996 Y70.956
G1 F1800 X71.463 Y75.423 E0.10506
G1 X71.533 Y75.493
G0 F7200 X71.255 Y74.649
G1 F1800 X67.766 Y71.16 E0.08206
G0 F7200 X68.421 Y71.249
G1 F1800 X71.167 Y73.996 E0.06459
G0 F7200 X71.303 Y73.565
G1 F1800 X68.854 Y71.117 E0.05758
G0 F7200 X69.19 Y70.887
G1 F1800 X71.537 Y73.234 E0.0552
G0 F7200 X71.819 Y72.95
G1 F1800 X69.474 Y70.605 E0.05515
G0 F7200 X69.757 Y70.322
G1 F1800 X72.101 Y72.667 E0.05514
G0 F7200 X72.382 Y72.382
G1 F1800 X70.04 Y70.04 E0.05508
G0 F7200 X70.324 Y69.758
G1 F1800 X72.664 Y72.099 E0.05504
G0 F7200 X72.946 Y71.814
G1 F1800 X70.607 Y69.476 E0.055
G0 F7200 X70.89 Y69.193
G1 F1800 X73.228 Y71.531 E0.05499
G0 F7200 X73.567 Y71.304
G1 F1800 X71.108 Y68.845 E0.05783
G0 F7200 X71.246 Y68.418
G1 F1800 X74.006 Y71.177 E0.0649
G0 F7200 X74.649 Y71.254
G1 F1800 X71.16 Y67.766 E0.08204
G0 F7200 X70.954 Y66.994
G1 F1800 X75.422 Y71.462 E0.10508
G1 X75.492 Y71.532
G0 F7200 X76.195 Y71.67
G1 F1800 X70.747 Y66.222 E0.12813
G1 X70.677 Y66.152
G0 F7200 X70.514 Y65.423
G1 F1800 X76.993 Y71.901 E0.15236
G1 X77.063 Y71.971
G0 F7200 X77.585 Y72.494
G1 F1800 X84.047 Y78.956 E0.15198
G1 X84.117 Y79.026
G0 F7200 X83.261 Y78.736
G1 F1800 X77.821 Y73.296 E0.12794
G1 X77.751 Y73.226
G0 F7200 X78.03 Y74.07
G1 F1800 X82.49 Y78.531 E0.1049
G0 F7200 X81.72 Y78.326
G1 F1800 X78.239 Y74.844 E0.08188
G0 F7200 X78.319 Y75.491
G1 F1800 X81.07 Y78.242 E0.0647
G0 F7200 X80.643 Y78.38
G1 F1800 X78.181 Y75.919 E0.05789
G0 F7200 X77.958 Y76.261
G1 F1800 X80.303 Y78.606 E0.05515
G0 F7200 X80.02 Y78.888
G1 F1800 X77.675 Y76.544 E0.05514
G0 F7200 X77.391 Y76.826
G1 F1800 X79.737 Y79.171 E0.05516
G0 F7200 X79.454 Y79.454
G1 F1800 X77.109 Y77.109 E0.05515
G0 F7200 X76.826 Y77.391
G1 F1800 X79.171 Y79.737 E0.05516
G0 F7200 X78.888 Y80.02
G1 F1800 X76.542 Y77.674 E0.05517
G0 F7200 X76.259 Y77.956
G1 F1800 X78.606 Y80.303 E0.0552
G0 F7200 X78.376 Y80.639
G1 F1800 X75.919 Y78.182 E0.05778
G0 F7200 X75.49 Y78.318
G1 F1800 X78.241 Y81.07 E0.06471
G0 F7200 X78.326 Y81.72
G1 F1800 X74.835 Y78.229 E0.0821
G0 F7200 X74.066 Y78.026
G1 F1800 X78.531 Y82.49 E0.105
G0 F7200 X78.735 Y83.26
G1 F1800 X73.297 Y77.823 E0.12788
G1 X73.227 Y77.753
G0 F7200 X72.506 Y77.597
G1 F1800 X78.956 Y84.047 E0.15169
G1 X79.026 Y84.117
G0 F7200 X79.588 Y84.679
G1 F1800 X86.027 Y91.118 E0.15144
G1 X86.097 Y91.188
G0 F7200 X85.807 Y90.333
G1 F1800 X80.373 Y84.899 E0.1278
G0 F7200 X81.145 Y85.105
G1 F1800 X85.602 Y89.562 E0.10482
G0 F7200 X85.397 Y88.791
G1 F1800 X81.918 Y85.312 E0.08182
G0 F7200 X82.559 Y85.387
G1 F1800 X85.314 Y88.142 E0.06479
G0 F7200 X85.448 Y87.711
G1 F1800 X82.999 Y85.262 E0.0576
G0 F7200 X83.33 Y85.027
G1 F1800 X85.677 Y87.374 E0.0552
G0 F7200 X85.96 Y87.092
G1 F1800 X83.614 Y84.745 E0.05519
G0 F7200 X83.897 Y84.462
G1 F1800 X86.243 Y86.809 E0.05519
G0 F7200 X86.526 Y86.526
G1 F1800 X84.18 Y84.18 E0.05517
G0 F7200 X84.464 Y83.898
G1 F1800 X86.809 Y86.243 E0.05515
G0 F7200 X87.092 Y85.96
G1 F1800 X84.747 Y83.616 E0.05514
G0 F7200 X85.03 Y83.333
G1 F1800 X87.374 Y85.677 E0.05513
G0 F7200 X87.714 Y85.452
G1 F1800 X85.254 Y82.991 E0.05787
G0 F7200 X85.392 Y82.563
G1 F1800 X88.142 Y85.314 E0.06469
G0 F7200 X88.791 Y85.397
G1 F1800 X85.312 Y81.918 E0.08182
G0 F7200 X85.106 Y81.146
G1 F1800 X89.561 Y85.602 E0.10479
G0 F7200 X90.332 Y85.807
G1 F1800 X84.899 Y80.374 E0.12778
G1 X84.829 Y80.304
G0 F7200 X84.678 Y79.587
G1 F1800 X91.118 Y86.027 E0.15146
G1 X91.188 Y86.097
G0 F7200 X91.749 Y86.658
G1 F1800 X94.136 Y89.045 E0.05614
G0 F7200 X93.853 Y89.327
G1 F1800 X91.969 Y87.444 E0.0443
G0 F7200 X92.173 Y88.214
G1 F1800 X93.57 Y89.61 E0.03284
G0 F7200 X93.287 Y89.893
G1 F1800 X92.379 Y88.984 E0.02137
G0 F7200 X92.461 Y89.632
G1 F1800 X93.004 Y90.176 E0.01278
G0 F7200 X94.419 Y88.762
G1 F1800 X11.237 Y5.58 E1.95631
G0 F7200 X11.52 Y5.298
G1 F1800 X94.701 Y88.479 E1.95629
G0 F7200 X94.984 Y88.196
G1 F1800 X11.803 Y5.015 E1.95629
G0 F7200 X12.086 Y4.732
G1 F1800 X95.267 Y87.913 E1.95629
G0 F7200 X95.55 Y87.63
G1 F1800 X12.369 Y4.449 E1.95629
G0 F7200 X12.652 Y4.166
G1 F1800 X95.833 Y87.347 E1.95629
G0 F7200 X96.116 Y87.065
G1 F1800 X12.934 Y3.883 E1.95631
G0 F7200 X13.217 Y3.601
G1 F1800 X96.398 Y86.782 E1.95629
G0 F7200 X96.681 Y86.499
G1 F1800 X13.5 Y3.318 E1.95629
G1 X13.43 Y3.248
G0 F7200 X10.954 Y5.863
G1 F1800 X13.348 Y8.257 E0.0563
G1 X13.418 Y8.327
G0 F7200 X12.554 Y8.028
G1 F1800 X10.672 Y6.146 E0.04426
G0 F7200 X10.389 Y6.429
G1 F1800 X11.78 Y7.821 E0.03273
G1 X11.85 Y7.891
G0 F7200 X11.006 Y7.612
G1 F1800 X10.106 Y6.712 E0.02117
G0 F7200 X9.823 Y6.995
G1 F1800 X10.362 Y7.534 E0.01268
G0 F7200 X13.567 Y8.652
G0 X34.779 Y29.866
G0 X37.278 Y37.244
G0 X36.044 Y38.488
G0 X36.936 Y41.851
G0 X86.659 Y91.75
G1 F1800 X89.044 Y94.135 E0.05609
G0 F7200 X89.327 Y93.852
G1 F1800 X87.444 Y91.97 E0.04427
G0 F7200 X88.214 Y92.174
G1 F1800 X89.61 Y93.569 E0.03282
G0 F7200 X89.892 Y93.286
G1 F1800 X88.985 Y92.379 E0.02133
G0 F7200 X89.633 Y92.461
G1 F1800 X90.175 Y93.004 E0.01276
G0 F7200 X90.157 Y92.986
;MESH:NONMESH
G0 F600 X90.157 Y92.986 Z1.4
G0 F7200 X86.434 Y91.348
G0 X15.723 Y20.637
G0 X12.361 Y14.204
G0 X12.138 Y13.98
;TIME_ELAPSED:1623.182253
;LAYER:11
;TYPE:WALL-INNER
;MESH:bodyNW.stl
G1 F3600 X11.924 Y14.096 E0.00405
G1 X11.69 Y14.125 E0.00392
G1 X9.081 Y13.428 E0.04491
G1 X8.916 Y13.301 E0.00346
G1 X8.787 Y13.134 E0.00351
G1 X8.112 Y10.616 E0.04335
G1 X8.106 Y10.327 E0.00481
G1 X8.21 Y10.092 E0.00427
G1 X10.035 Y8.267 E0.04292
G1 X10.327 Y8.106 E0.00555
G1 X10.616 Y8.112 E0.00481
G1 X13.131 Y8.787 E0.0433
G1 X13.301 Y8.915 E0.00354
G1 X13.429 Y9.082 E0.0035
G1 X14.125 Y11.694 E0.04495
G1 X14.096 Y11.928 E0.00392
G1 X13.944 Y12.181 E0.00491
G1 X12.138 Y13.98 E0.04239
G0 F7200 X12.361 Y14.204
G0 X15.723 Y20.637
G0 X19.079 Y21.536
G0 X19.211 Y21.051
G1 F3600 X18.996 Y21.167 E0.00406
G1 X18.762 Y21.197 E0.00392
G1 X16.15 Y20.501 E0.04495
G1 X15.983 Y20.373 E0.0035
G1 X15.855 Y20.206 E0.0035
G1 X15.159 Y17.594 E0.04495
G1 X15.188 Y17.36 E0.00392
G1 X15.304 Y17.146 E0.00405
G1 X17.103 Y15.343 E0.04236
G1 X17.357 Y15.192 E0.00491
G1 X17.591 Y15.163 E0.00392
G1 X20.206 Y15.86 E0.04501
G1 X20.372 Y15.987 E0.00348
G1 X20.5 Y16.153 E0.00349
G1 X21.197 Y18.762 E0.04491
G1 X21.168 Y18.996 E0.00392
G1 X21.012 Y19.254 E0.00501
G1 X19.211 Y21.051 E0.04231
G0 F7200 X19.433 Y21.274
G0 X22.792 Y27.708
G0 X26.15 Y28.607
G0 X26.282 Y28.124
G1 F3600 X26.068 Y28.24 E0.00405
G1 X25.834 Y28.269 E0.00392
G1 X23.225 Y27.573 E0.04491
G1 X23.055 Y27.445 E0.00354
G1 X22.925 Y27.274 E0.00357
G1 X22.236 Y24.657 E0.045
G1 X22.264 Y24.426 E0.00387
G1 X22.379 Y24.21 E0.00407
G1 X24.173 Y22.414 E0.04222
G1 X24.426 Y22.264 E0.00489
G1 X24.66 Y22.235 E0.00392
G1 X27.275 Y22.926 E0.04498
G1 X27.444 Y23.055 E0.00354
G1 X27.573 Y23.224 E0.00354
G1 X28.269 Y25.834 E0.04492
G1 X28.24 Y26.068 E0.00392
G1 X28.089 Y26.321 E0.0049
G1 X26.282 Y28.124 E0.04245
G0 F7200 X26.503 Y28.346
G0 X29.866 Y34.779
G0 X33.221 Y35.678
G0 X33.355 Y35.195
G1 F3600 X33.14 Y35.311 E0.00406
G1 X32.905 Y35.341 E0.00394
G1 X30.297 Y34.641 E0.04491
G1 X30.127 Y34.513 E0.00354
G1 X30 Y34.346 E0.00349
G1 X29.303 Y31.738 E0.04489
G1 X29.332 Y31.504 E0.00392
G1 X29.448 Y31.29 E0.00405
G1 X31.251 Y29.483 E0.04245
G1 X31.504 Y29.332 E0.0049
G1 X31.738 Y29.303 E0.00392
G1 X34.347 Y30 E0.04491
G1 X34.512 Y30.127 E0.00346
G1 X34.641 Y30.294 E0.00351
G1 X35.341 Y32.905 E0.04495
G1 X35.312 Y33.14 E0.00394
G1 X35.16 Y33.394 E0.00492
G1 X33.355 Y35.195 E0.0424
G0 F7200 X33.575 Y35.416
G0 X36.935 Y41.851
G0 X40.298 Y42.744
G0 X40.426 Y42.261
G1 F3600 X40.211 Y42.376 E0.00405
G1 X39.979 Y42.404 E0.00389
G1 X37.37 Y41.715 E0.04488
G1 X37.199 Y41.585 E0.00357
G1 X37.069 Y41.414 E0.00357
G1 X36.379 Y38.804 E0.0449
G1 X36.408 Y38.57 E0.00392
G1 X36.523 Y38.354 E0.00407
G1 X38.319 Y36.555 E0.04227
G1 X38.573 Y36.404 E0.00491
G1 X38.807 Y36.375 E0.00392
G1 X41.419 Y37.072 E0.04496
G1 X41.584 Y37.199 E0.00346
G1 X41.712 Y37.365 E0.00349
G1 X42.409 Y39.974 E0.04491
G1 X42.38 Y40.208 E0.00392
G1 X42.229 Y40.461 E0.0049
G1 X40.426 Y42.261 E0.04237
G0 F7200 X40.649 Y42.485
G0 X44.008 Y48.921
G0 X47.364 Y49.82
G0 X47.494 Y49.336
G1 F3600 X47.28 Y49.452 E0.00405
G1 X47.046 Y49.481 E0.00392
G1 X44.437 Y48.784 E0.04491
G1 X44.272 Y48.657 E0.00346
G1 X44.143 Y48.49 E0.00351
G1 X43.443 Y45.879 E0.04495
G1 X43.473 Y45.644 E0.00394
G1 X43.588 Y45.429 E0.00405
G1 X45.391 Y43.623 E0.04244
G1 X45.644 Y43.472 E0.0049
G1 X45.879 Y43.443 E0.00394
G1 X48.487 Y44.143 E0.04491
G1 X48.657 Y44.271 E0.00354
G1 X48.784 Y44.438 E0.00349
G1 X49.481 Y47.046 E0.04489
G1 X49.452 Y47.28 E0.00392
G1 X49.301 Y47.533 E0.0049
G1 X47.494 Y49.336 E0.04245
G0 F7200 X47.717 Y49.559
G0 X51.079 Y55.992
G0 X54.435 Y56.891
G0 X54.566 Y56.408
G1 F3600 X54.352 Y56.524 E0.00405
G1 X54.118 Y56.553 E0.00392
G1 X51.506 Y55.857 E0.04495
G1 X51.339 Y55.729 E0.0035
G1 X51.211 Y55.562 E0.0035
G1 X50.515 Y52.95 E0.04495
G1 X50.544 Y52.716 E0.00392
G1 X50.66 Y52.502 E0.00405
G1 X52.463 Y50.695 E0.04245
G1 X52.716 Y50.544 E0.0049
G1 X52.95 Y50.515 E0.00392
G1 X55.562 Y51.211 E0.04495
G1 X55.729 Y51.339 E0.0035
G1 X55.857 Y51.506 E0.0035
G1 X56.553 Y54.118 E0.04495
G1 X56.524 Y54.352 E0.00392
G1 X56.373 Y54.605 E0.0049
G1 X54.566 Y56.408 E0.04245
G0 F7200 X54.788 Y56.63
G0 X58.15 Y63.063
G0 X61.506 Y63.962
G0 X61.638 Y63.48
G1 F3600 X61.424 Y63.596 E0.00405
G1 X61.189 Y63.625 E0.00394
G1 X58.581 Y62.925 E0.04491
G1 X58.411 Y62.797 E0.00354
G1 X58.284 Y62.63 E0.00349
G1 X57.587 Y60.022 E0.04489
G1 X57.616 Y59.788 E0.00392
G1 X57.732 Y59.574 E0.00405
G1 X59.535 Y57.767 E0.04245
G1 X59.788 Y57.616 E0.0049
G1 X60.022 Y57.587 E0.00392
G1 X62.631 Y58.284 E0.04491
G1 X62.796 Y58.411 E0.00346
G1 X62.925 Y58.578 E0.00351
G1 X63.625 Y61.189 E0.04495
G1 X63.596 Y61.424 E0.00394
G1 X63.445 Y61.677 E0.0049
G1 X61.638 Y63.48 E0.04245
G0 F7200 X61.859 Y63.701
G0 X65.221 Y70.134
G0 X68.577 Y71.033
G0 X68.71 Y70.548
G1 F3600 X68.495 Y70.664 E0.00406
G1 X68.261 Y70.693 E0.00392
G1 X65.649 Y69.996 E0.04496
G1 X65.484 Y69.869 E0.00346
G1 X65.356 Y69.703 E0.00349
G1 X64.659 Y67.094 E0.04491
G1 X64.688 Y66.86 E0.00392
G1 X64.804 Y66.646 E0.00405
G1 X66.607 Y64.839 E0.04245
G1 X66.86 Y64.688 E0.0049
G1 X67.094 Y64.659 E0.00392
G1 X69.702 Y65.356 E0.04489
G1 X69.869 Y65.483 E0.00349
G1 X69.997 Y65.65 E0.0035
G1 X70.693 Y68.261 E0.04494
G1 X70.664 Y68.495 E0.00392
G1 X70.513 Y68.749 E0.00491
G1 X68.71 Y70.548 E0.04236
G0 F7200 X68.932 Y70.77
G0 X72.292 Y77.208
G0 X75.654 Y78.099
G0 X75.786 Y77.617
G1 F3600 X75.57 Y77.732 E0.00407
G1 X75.336 Y77.761 E0.00392
G1 X72.726 Y77.071 E0.0449
G1 X72.555 Y76.941 E0.00357
G1 X72.427 Y76.773 E0.00351
G1 X71.727 Y74.163 E0.04494
G1 X71.756 Y73.928 E0.00394
G1 X71.872 Y73.713 E0.00406
G1 X73.675 Y71.908 E0.04243
G1 X73.928 Y71.756 E0.00491
G1 X74.163 Y71.727 E0.00394
G1 X76.771 Y72.427 E0.04491
G1 X76.941 Y72.555 E0.00354
G1 X77.068 Y72.722 E0.00349
G1 X77.765 Y75.33 E0.04489
G1 X77.736 Y75.564 E0.00392
G1 X77.583 Y75.818 E0.00493
G1 X75.786 Y77.617 E0.04229
G0 F7200 X76.007 Y77.838
G0 X79.363 Y84.277
G0 X82.719 Y85.176
G0 X82.85 Y84.692
G1 F3600 X82.636 Y84.808 E0.00405
G1 X82.402 Y84.837 E0.00392
G1 X79.79 Y84.141 E0.04495
G1 X79.623 Y84.013 E0.0035
G1 X79.495 Y83.846 E0.0035
G1 X78.799 Y81.234 E0.04495
G1 X78.829 Y81 E0.00392
G1 X78.945 Y80.785 E0.00406
G1 X80.747 Y78.979 E0.04243
G1 X81 Y78.828 E0.0049
G1 X81.234 Y78.799 E0.00392
G1 X83.846 Y79.495 E0.04495
G1 X84.013 Y79.623 E0.0035
G1 X84.141 Y79.79 E0.0035
G1 X84.837 Y82.402 E0.04495
G1 X84.808 Y82.636 E0.00392
G1 X84.657 Y82.889 E0.0049
G1 X82.85 Y84.692 E0.04245
G0 F7200 X83.072 Y84.915
G0 X86.434 Y91.348
G0 X89.79 Y92.247
G0 X89.961 Y91.729
G1 F3600 X89.67 Y91.889 E0.00552
G1 X89.381 Y91.884 E0.00481
G1 X86.862 Y91.213 E0.04335
G1 X86.695 Y91.085 E0.0035
G1 X86.567 Y90.918 E0.0035
G1 X85.871 Y88.306 E0.04495
G1 X85.9 Y88.072 E0.00392
G1 X86.016 Y87.858 E0.00405
G1 X87.819 Y86.051 E0.04245
G1 X88.072 Y85.9 E0.0049
G1 X88.306 Y85.871 E0.00392
G1 X90.918 Y86.567 E0.04495
G1 X91.085 Y86.695 E0.0035
G1 X91.213 Y86.862 E0.0035
G1 X91.884 Y89.381 E0.04335
G1 X91.89 Y89.67 E0.00481
G1 X91.784 Y89.906 E0.0043
G1 X89.961 Y91.729 E0.04287
G0 F7200 X90.18 Y91.949
G0 X86.416 Y97.191
G0 X86.416 Y97.587
G1 F3600 X97.587 Y86.416 E0.26272
G1 X13.584 Y2.413 E1.97562
G1 X2.413 Y13.584 E0.26272
G1 X86.416 Y97.587 E1.97562
G0 F7200 X86.416 Y98.153
;TYPE:WALL-OUTER
G1 F1800 X98.153 Y86.416 E0.27604
G1 X13.584 Y1.847 E1.98893
G1 X1.847 Y13.584 E0.27604
G1 X86.416 Y98.153 E1.98893
G0 F7200 X86.557 Y98.012
G0 X86.416 Y97.191
G0 X90.18 Y91.949
G0 X89.678 Y91.446
G1 F1800 X89.55 Y91.516 E0.00243
G1 X87.035 Y90.845 E0.04329
G1 X86.926 Y90.712 E0.00286
G1 X86.282 Y88.296 E0.04158
G1 X86.322 Y88.115 E0.00308
G1 X88.126 Y86.31 E0.04244
G1 X88.252 Y86.276 E0.00217
G1 X90.745 Y86.935 E0.04288
G1 X90.854 Y87.068 E0.00286
G1 X91.498 Y89.484 E0.04158
G1 X91.468 Y89.651 E0.00282
G1 X89.678 Y91.446 E0.04216
G0 F7200 X89.55 Y91.516
G0 X89.498 Y91.503
G0 X89.315 Y92.187
G0 X86.434 Y91.348
G0 X83.097 Y84.89
G0 X82.593 Y84.386
G1 F1800 X82.456 Y84.432 E0.0024
G1 X79.963 Y83.773 E0.04288
G1 X79.854 Y83.64 E0.00286
G1 X79.197 Y81.176 E0.04241
G1 X79.235 Y81.057 E0.00208
G1 X81.054 Y79.238 E0.04278
G1 X81.18 Y79.204 E0.00217
G1 X83.673 Y79.863 E0.04288
G1 X83.782 Y79.996 E0.00286
G1 X84.439 Y82.46 E0.04241
G1 X84.401 Y82.579 E0.00208
G1 X82.593 Y84.386 E0.04251
G0 F7200 X82.456 Y84.432
G0 X82.403 Y84.418
G0 X82.218 Y85.109
G0 X79.363 Y84.277
G0 X76.032 Y77.813
G0 X75.529 Y77.31
G1 F1800 X75.391 Y77.356 E0.00242
G1 X72.928 Y76.71 E0.04235
G1 X72.805 Y76.639 E0.00236
G1 X72.138 Y74.152 E0.04282
G1 X72.178 Y73.971 E0.00308
G1 X73.982 Y72.166 E0.04244
G1 X74.108 Y72.132 E0.00217
G1 X76.601 Y72.795 E0.0429
G1 X76.71 Y72.928 E0.00286
G1 X77.367 Y75.388 E0.04234
G1 X77.329 Y75.507 E0.00208
G1 X75.529 Y77.31 E0.04237
G0 F7200 X75.391 Y77.356
G0 X75.338 Y77.343
G0 X75.155 Y78.034
G0 X72.292 Y77.208
G0 X68.956 Y70.746
G0 X68.453 Y70.242
G1 F1800 X68.315 Y70.288 E0.00242
G1 X65.823 Y69.629 E0.04287
G1 X65.714 Y69.496 E0.00286
G1 X65.07 Y67.084 E0.04152
G1 X65.11 Y66.903 E0.00308
G1 X66.914 Y65.098 E0.04244
G1 X67.04 Y65.064 E0.00217
G1 X69.529 Y65.723 E0.04282
G1 X69.638 Y65.856 E0.00286
G1 X70.288 Y68.315 E0.0423
G1 X70.23 Y68.466 E0.00269
G1 X68.453 Y70.242 E0.04178
G0 F7200 X68.315 Y70.288
G0 X68.262 Y70.274
G0 X68.077 Y70.966
G0 X65.221 Y70.134
G0 X61.883 Y63.677
G0 X61.381 Y63.174
G1 F1800 X61.244 Y63.22 E0.0024
G1 X58.751 Y62.557 E0.0429
G1 X58.642 Y62.424 E0.00286
G1 X57.998 Y60.012 E0.04152
G1 X58.038 Y59.831 E0.00308
G1 X59.842 Y58.026 E0.04244
G1 X59.968 Y57.992 E0.00217
G1 X62.457 Y58.651 E0.04282
G1 X62.566 Y58.784 E0.00286
G1 X63.227 Y61.248 E0.04243
G1 X63.189 Y61.367 E0.00208
G1 X61.381 Y63.174 E0.04251
G0 F7200 X61.244 Y63.22
G0 X61.191 Y63.206
G0 X61.006 Y63.895
G0 X58.15 Y63.063
G0 X54.812 Y56.606
G0 X54.309 Y56.102
G1 F1800 X54.172 Y56.148 E0.0024
G1 X51.679 Y55.489 E0.04288
G1 X51.57 Y55.356 E0.00286
G1 X50.926 Y52.94 E0.04158
G1 X50.966 Y52.759 E0.00308
G1 X52.77 Y50.954 E0.04244
G1 X52.896 Y50.92 E0.00217
G1 X55.389 Y51.579 E0.04288
G1 X55.498 Y51.712 E0.00286
G1 X56.155 Y54.176 E0.04241
G1 X56.117 Y54.295 E0.00208
G1 X54.309 Y56.102 E0.04251
G0 F7200 X54.172 Y56.148
G0 X54.119 Y56.134
G0 X53.934 Y56.824
G0 X51.079 Y55.992
G0 X47.741 Y49.535
G0 X47.237 Y49.03
G1 F1800 X47.1 Y49.076 E0.0024
G1 X44.611 Y48.417 E0.04282
G1 X44.502 Y48.284 E0.00286
G1 X43.854 Y45.868 E0.0416
G1 X43.894 Y45.687 E0.00308
G1 X45.698 Y43.882 E0.04244
G1 X45.824 Y43.848 E0.00217
G1 X48.317 Y44.511 E0.0429
G1 X48.426 Y44.644 E0.00286
G1 X49.083 Y47.104 E0.04234
G1 X49.045 Y47.223 E0.00208
G1 X47.237 Y49.03 E0.04251
G0 F7200 X47.1 Y49.076
G0 X47.047 Y49.062
G0 X46.862 Y49.753
G0 X44.008 Y48.921
G0 X40.674 Y42.46
G0 X40.169 Y41.954
G1 F1800 X40.031 Y42 E0.00242
G1 X37.572 Y41.354 E0.04228
G1 X37.482 Y41.302 E0.00173
G1 X37.43 Y41.212 E0.00173
G1 X36.784 Y38.749 E0.04235
G1 X36.83 Y38.611 E0.00242
G1 X38.627 Y36.813 E0.04227
G1 X38.753 Y36.78 E0.00217
G1 X41.245 Y37.439 E0.04287
G1 X41.354 Y37.572 E0.00286
G1 X42.011 Y40.032 E0.04234
G1 X41.973 Y40.151 E0.00208
G1 X40.169 Y41.954 E0.04242
G0 F7200 X40.031 Y42
G0 X39.978 Y41.987
G0 X39.795 Y42.677
G0 X36.935 Y41.851
G0 X33.587 Y35.404
G0 X33.086 Y34.902
G1 F1800 X32.96 Y34.936 E0.00217
G1 X30.467 Y34.273 E0.0429
G1 X30.358 Y34.14 E0.00286
G1 X29.714 Y31.728 E0.04152
G1 X29.754 Y31.547 E0.00308
G1 X31.558 Y29.742 E0.04244
G1 X31.684 Y29.708 E0.00217
G1 X34.173 Y30.367 E0.04282
G1 X34.282 Y30.5 E0.00286
G1 X34.943 Y32.964 E0.04243
G1 X34.905 Y33.083 E0.00208
G1 X33.086 Y34.902 E0.04278
G0 F7200 X32.96 Y34.936
G0 X32.894 Y34.919
G0 X32.709 Y35.608
G0 X29.866 Y34.779
G0 X26.528 Y28.321
G0 X26.025 Y27.818
G1 F1800 X25.888 Y27.864 E0.0024
G1 X23.395 Y27.205 E0.04288
G1 X23.286 Y27.072 E0.00286
G1 X22.64 Y24.605 E0.04241
G1 X22.686 Y24.467 E0.00242
G1 X24.481 Y22.672 E0.04222
G1 X24.605 Y22.64 E0.00213
G1 X27.072 Y23.286 E0.04241
G1 X27.162 Y23.338 E0.00173
G1 X27.214 Y23.428 E0.00173
G1 X27.871 Y25.892 E0.04241
G1 X27.833 Y26.011 E0.00208
G1 X26.025 Y27.818 E0.04251
G0 F7200 X25.888 Y27.864
G0 X25.835 Y27.85
G0 X25.65 Y28.54
G0 X22.792 Y27.708
G0 X19.445 Y21.262
G0 X18.942 Y20.758
G1 F1800 X18.816 Y20.792 E0.00217
G1 X16.323 Y20.133 E0.04288
G1 X16.214 Y20 E0.00286
G1 X15.57 Y17.584 E0.04158
G1 X15.61 Y17.403 E0.00308
G1 X17.411 Y15.601 E0.04237
G1 X17.537 Y15.568 E0.00217
G1 X20.033 Y16.227 E0.04293
G1 X20.142 Y16.36 E0.00286
G1 X20.799 Y18.82 E0.04234
G1 X20.761 Y18.939 E0.00208
G1 X18.942 Y20.758 E0.04278
G0 F7200 X18.816 Y20.792
G0 X18.75 Y20.775
G0 X18.565 Y21.465
G0 X15.723 Y20.637
G0 X12.385 Y14.18
G0 X11.881 Y13.674
G1 F1800 X11.744 Y13.72 E0.0024
G1 X9.255 Y13.061 E0.04282
G1 X9.146 Y12.928 E0.00286
G1 X8.498 Y10.512 E0.0416
G1 X8.528 Y10.345 E0.00282
G1 X10.318 Y8.55 E0.04216
G1 X10.444 Y8.48 E0.0024
G1 X12.962 Y9.155 E0.04335
G1 X13.07 Y9.288 E0.00285
G1 X13.727 Y11.752 E0.04241
G1 X13.689 Y11.871 E0.00208
G1 X11.881 Y13.674 E0.04246
G0 F7200 X11.744 Y13.72
G0 X11.691 Y13.706
G0 X11.506 Y14.397
G0 X15.723 Y20.637
G0 X86.416 Y97.045
;TYPE:SKIN
G1 F1800 X2.951 Y13.584 E1.96292
G1 X13.584 Y2.951 E0.25007
G1 X97.049 Y86.416 E1.96297
G1 X86.416 Y97.045 E0.25002
G0 F7200 X92.506 Y90.307
G1 F1437.1 X92.456 Y90.376 E0.00177
G1 F1478.4 X90.493 Y92.34 E0.05622
G1 F1398.1 X90.308 Y92.484 E0.00502
G0 F7200 X89.807 Y92.238
G1 F1800 X90.23 Y91.99 E0.00815
G1 X92.07 Y90.154 E0.04323
G1 X92.247 Y89.79 E0.00673
G1 X92.25 Y89.276 E0.00855
G1 X91.574 Y86.736 E0.04371
G1 X91.354 Y86.426 E0.00632
G1 X91.077 Y86.212 E0.00582
G1 X88.334 Y85.488 E0.04718
G1 X87.958 Y85.537 E0.00631
G1 X87.569 Y85.765 E0.0075
G1 X85.722 Y87.611 E0.04343
G1 X85.536 Y87.962 E0.00661
G1 X85.494 Y88.38 E0.00699
G1 X86.202 Y91.04 E0.04578
G1 X86.426 Y91.354 E0.00641
G1 X86.736 Y91.574 E0.00632
G1 X89.276 Y92.25 E0.04371
G1 X89.807 Y92.238 E0.00883
G0 F7200 X89.805 Y92.305
G0 X86.434 Y91.348
G0 X82.734 Y85.234
G0 X82.742 Y85.172
G1 F1800 X83.093 Y84.982 E0.00664
G1 X84.943 Y83.139 E0.04343
G1 X85.167 Y82.746 E0.00752
G1 X85.222 Y82.355 E0.00657
G1 X84.502 Y79.664 E0.04633
G1 X84.282 Y79.354 E0.00632
G1 X84.005 Y79.14 E0.00582
G1 X81.262 Y78.416 E0.04718
G1 X80.884 Y78.466 E0.00634
G1 X80.478 Y78.71 E0.00788
G1 X78.646 Y80.546 E0.04313
G1 X78.46 Y80.89 E0.0065
G1 X78.414 Y81.274 E0.00643
G1 X79.13 Y83.968 E0.04636
G1 X79.354 Y84.282 E0.00641
G1 X79.664 Y84.502 E0.00632
G1 X82.328 Y85.214 E0.04586
G1 X82.742 Y85.172 E0.00692
G0 F7200 X82.734 Y85.234
G0 X79.363 Y84.277
G0 X75.67 Y78.157
G0 X75.677 Y78.096
G1 F1800 X76.029 Y77.906 E0.00665
G1 X77.866 Y76.067 E0.04323
G1 X78.095 Y75.679 E0.00749
G1 X78.142 Y75.251 E0.00716
G1 X77.426 Y72.595 E0.04575
G1 X77.206 Y72.286 E0.00631
G1 X76.938 Y72.076 E0.00566
G1 X74.202 Y71.342 E0.04711
G1 X73.849 Y71.385 E0.00591
G1 X73.421 Y71.621 E0.00813
G1 X71.582 Y73.467 E0.04333
G1 X71.388 Y73.819 E0.00668
G1 X71.342 Y74.202 E0.00642
G1 X72.066 Y76.896 E0.04639
G1 X72.286 Y77.21 E0.00638
G1 X72.56 Y77.42 E0.00574
G1 X75.31 Y78.14 E0.04727
G1 X75.677 Y78.096 E0.00615
G0 F7200 X75.67 Y78.157
G0 X72.292 Y77.208
G0 X68.592 Y71.091
G0 X68.601 Y71.028
G1 F1800 X68.953 Y70.842 E0.00662
G1 X70.799 Y68.999 E0.04338
G1 X71.023 Y68.605 E0.00754
G1 X71.072 Y68.234 E0.00622
G1 X70.354 Y65.524 E0.04662
G1 X70.134 Y65.21 E0.00638
G1 X69.828 Y64.994 E0.00623
G1 X67.138 Y64.274 E0.04631
G1 X66.707 Y64.342 E0.00726
G1 X66.357 Y64.553 E0.0068
G1 X64.51 Y66.399 E0.04343
G1 X64.324 Y66.75 E0.00661
G1 X64.282 Y67.168 E0.00699
G1 X64.994 Y69.828 E0.04579
G1 X65.214 Y70.138 E0.00632
G1 X65.487 Y70.348 E0.00573
G1 X68.234 Y71.072 E0.04724
G1 X68.601 Y71.028 E0.00615
G0 F7200 X68.592 Y71.091
G0 X65.221 Y70.134
G0 X61.521 Y64.02
G0 X61.53 Y63.96
G1 F1800 X61.881 Y63.77 E0.00664
G1 X63.731 Y61.927 E0.04343
G1 X63.955 Y61.533 E0.00754
G1 X64.006 Y61.146 E0.00649
G1 X63.282 Y58.448 E0.04646
G1 X63.066 Y58.138 E0.00628
G1 X62.756 Y57.922 E0.00628
G1 X60.05 Y57.204 E0.04656
G1 X59.674 Y57.253 E0.00631
G1 X59.285 Y57.481 E0.0075
G1 X57.438 Y59.327 E0.04343
G1 X57.252 Y59.678 E0.00661
G1 X57.21 Y60.096 E0.00699
G1 X57.922 Y62.756 E0.04579
G1 X58.142 Y63.066 E0.00632
G1 X58.448 Y63.282 E0.00623
G1 X61.146 Y64.006 E0.04646
G1 X61.53 Y63.96 E0.00643
G0 F7200 X61.521 Y64.02
G0 X58.15 Y63.063
G0 X54.45 Y56.949
G0 X54.458 Y56.888
G1 F1800 X54.809 Y56.698 E0.00664
G1 X56.659 Y54.855 E0.04343
G1 X56.883 Y54.462 E0.00752
G1 X56.938 Y54.071 E0.00657
G1 X56.218 Y51.38 E0.04633
G1 X55.998 Y51.07 E0.00632
G1 X55.721 Y50.856 E0.00582
G1 X52.978 Y50.132 E0.04718
G1 X52.602 Y50.181 E0.00631
G1 X52.213 Y50.409 E0.0075
G1 X50.366 Y52.255 E0.04343
G1 X50.18 Y52.606 E0.00661
G1 X50.138 Y53.024 E0.00699
G1 X50.846 Y55.684 E0.04578
G1 X51.09 Y56.016 E0.00685
G1 X51.38 Y56.218 E0.00588
G1 X54.044 Y56.93 E0.04586
G1 X54.458 Y56.888 E0.00692
G0 F7200 X54.45 Y56.949
G0 X51.079 Y55.992
G0 X47.379 Y49.878
G0 X47.386 Y49.816
G1 F1800 X47.737 Y49.626 E0.00664
G1 X49.587 Y47.783 E0.04343
G1 X49.811 Y47.39 E0.00752
G1 X49.866 Y46.998 E0.00658
G1 X49.142 Y44.311 E0.04628
G1 X48.922 Y44.002 E0.00631
G1 X48.654 Y43.792 E0.00566
G1 X45.918 Y43.058 E0.04711
G1 X45.491 Y43.126 E0.00719
G1 X45.141 Y43.337 E0.0068
G1 X43.287 Y45.192 E0.04361
G1 X43.108 Y45.534 E0.00642
G1 X43.058 Y45.918 E0.00644
G1 X43.782 Y48.616 E0.04646
G1 X44.002 Y48.926 E0.00632
G1 X44.312 Y49.142 E0.00628
G1 X46.972 Y49.858 E0.04581
G1 X47.386 Y49.816 E0.00692
G0 F7200 X47.379 Y49.878
G0 X44.008 Y48.921
G0 X40.314 Y42.802
G0 X40.318 Y42.74
G1 F1800 X40.669 Y42.55 E0.00664
G1 X42.515 Y40.711 E0.04333
G1 X42.739 Y40.318 E0.00752
G1 X42.794 Y39.926 E0.00658
G1 X42.07 Y37.239 E0.04628
G1 X41.854 Y36.926 E0.00632
G1 X41.54 Y36.71 E0.00634
G1 X38.834 Y35.992 E0.04656
G1 X38.458 Y36.041 E0.00631
G1 X38.069 Y36.269 E0.0075
G1 X36.23 Y38.107 E0.04324
G1 X36.04 Y38.457 E0.00662
G1 X35.996 Y38.826 E0.00618
G1 X36.71 Y41.54 E0.04667
G1 X36.93 Y41.854 E0.00638
G1 X37.204 Y42.064 E0.00574
G1 X39.95 Y42.784 E0.04721
G1 X40.318 Y42.74 E0.00616
G0 F7200 X40.314 Y42.802
G0 X36.935 Y41.851
G0 X33.236 Y35.736
G0 X33.247 Y35.676
G1 F1800 X33.601 Y35.482 E0.00671
G1 X35.443 Y33.643 E0.04329
G1 X35.671 Y33.25 E0.00756
G1 X35.722 Y32.862 E0.00651
G1 X34.998 Y30.164 E0.04646
G1 X34.782 Y29.854 E0.00628
G1 X34.472 Y29.638 E0.00628
G1 X31.766 Y28.92 E0.04656
G1 X31.39 Y28.969 E0.00631
G1 X31.001 Y29.197 E0.0075
G1 X29.154 Y31.043 E0.04343
G1 X28.968 Y31.394 E0.00661
G1 X28.926 Y31.812 E0.00699
G1 X29.638 Y34.472 E0.04579
G1 X29.858 Y34.782 E0.00632
G1 X30.163 Y34.998 E0.00622
G1 X32.862 Y35.726 E0.04649
G1 X33.247 Y35.676 E0.00646
G0 F7200 X33.236 Y35.736
G0 X29.866 Y34.779
G0 X26.165 Y28.665
G0 X26.174 Y28.604
G1 F1800 X26.525 Y28.414 E0.00664
G1 X28.375 Y26.571 E0.04343
G1 X28.599 Y26.178 E0.00752
G1 X28.654 Y25.787 E0.00657
G1 X27.934 Y23.096 E0.04633
G1 X27.71 Y22.782 E0.00641
G1 X27.4 Y22.566 E0.00628
G1 X24.682 Y21.852 E0.04673
G1 X24.314 Y21.901 E0.00617
G1 X23.921 Y22.129 E0.00756
G1 X22.086 Y23.963 E0.04314
G1 X21.896 Y24.313 E0.00662
G1 X21.852 Y24.682 E0.00618
G1 X22.566 Y27.4 E0.04673
G1 X22.786 Y27.714 E0.00638
G1 X23.059 Y27.924 E0.00573
G1 X25.76 Y28.646 E0.04649
G1 X26.174 Y28.604 E0.00692
G0 F7200 X26.165 Y28.665
G0 X22.792 Y27.708
G0 X19.094 Y21.594
G0 X19.103 Y21.532
G1 F1800 X19.457 Y21.338 E0.00671
G1 X21.299 Y19.503 E0.04324
G1 X21.526 Y19.107 E0.00759
G1 X21.582 Y18.719 E0.00652
G1 X20.858 Y16.028 E0.04634
G1 X20.642 Y15.714 E0.00634
G1 X20.332 Y15.498 E0.00628
G1 X17.618 Y14.78 E0.04669
G1 X17.24 Y14.83 E0.00634
G1 X16.853 Y15.057 E0.00746
G1 X15.01 Y16.899 E0.04333
G1 X14.824 Y17.25 E0.00661
G1 X14.782 Y17.668 E0.00699
G1 X15.49 Y20.328 E0.04578
G1 X15.714 Y20.642 E0.00641
G1 X15.987 Y20.852 E0.00573
G1 X18.719 Y21.582 E0.04703
G1 X19.103 Y21.532 E0.00644
G0 F7200 X19.094 Y21.594
G0 X15.723 Y20.637
G0 X13.405 Y13.077
G0 X14.462 Y12.012
G0 X13.567 Y8.652
G0 X9.685 Y7.508
G1 F1440 X9.455 Y7.691 E0.00611
G1 F1525.4 X7.54 Y9.611 E0.05321
G1 F1457.5 X7.476 Y9.701 E0.00227
G0 F7200 X8.652 Y13.566
G0 X12.023 Y14.523
G0 X12.03 Y14.46
G1 F1800 X12.375 Y14.278 E0.00649
G1 X14.227 Y12.431 E0.0435
G1 X14.454 Y12.044 E0.00746
G1 X14.508 Y11.666 E0.00635
G1 X13.79 Y8.956 E0.04662
G1 X13.566 Y8.642 E0.00641
G1 X13.26 Y8.426 E0.00623
G1 X10.717 Y7.742 E0.04379
G1 X10.188 Y7.756 E0.0088
G1 X9.762 Y7.998 E0.00815
G1 X7.922 Y9.838 E0.04327
G1 X7.745 Y10.202 E0.00673
G1 X7.742 Y10.717 E0.00856
G1 X8.426 Y13.26 E0.04379
G1 X8.646 Y13.57 E0.00632
G1 X8.956 Y13.786 E0.00628
G1 X11.616 Y14.502 E0.04581
G1 X12.03 Y14.46 E0.00692
G0 F7200 X12.023 Y14.523
G0 X3.31 Y13.661
G1 F1800 X7.154 Y9.817 E0.0904
G0 F7200 X7.522 Y10.014
G1 F1800 X3.593 Y13.943 E0.0924
G0 F7200 X3.876 Y14.226
G1 F1800 X7.539 Y10.563 E0.08615
G0 F7200 X7.623 Y11.045
G1 F1800 X4.158 Y14.509 E0.08148
G0 F7200 X4.441 Y14.792
G1 F1800 X7.742 Y11.491 E0.07763
G0 F7200 X7.862 Y11.937
G1 F1800 X4.724 Y15.075 E0.0738
G0 F7200 X5.007 Y15.358
G1 F1800 X7.983 Y12.382 E0.06999
G0 F7200 X8.102 Y12.828
G1 F1800 X5.29 Y15.64 E0.06613
G0 F7200 X5.573 Y15.923
G1 F1800 X8.222 Y13.274 E0.0623
G0 F7200 X8.442 Y13.62
G1 F1800 X5.856 Y16.206 E0.06082
G0 F7200 X6.138 Y16.489
G1 F1800 X8.751 Y13.876 E0.06145
G0 F7200 X9.149 Y14.045
G1 F1800 X6.421 Y16.772 E0.06415
G0 F7200 X6.704 Y17.055
G1 F1800 X9.594 Y14.165 E0.06797
G0 F7200 X10.04 Y14.285
G1 F1800 X6.987 Y17.338 E0.0718
G0 F7200 X7.27 Y17.62
G1 F1800 X10.486 Y14.404 E0.07564
G0 F7200 X10.931 Y14.525
G1 F1800 X7.553 Y17.903 E0.07945
G0 F7200 X7.835 Y18.186
G1 F1800 X11.377 Y14.645 E0.08329
G0 F7200 X11.908 Y14.679
G1 F1800 X8.118 Y18.469 E0.08913
G0 F7200 X8.401 Y18.752
G1 F1800 X18.752 Y8.401 E0.24344
G0 F7200 X19.035 Y8.684
G1 F1800 X8.684 Y19.035 E0.24344
G0 F7200 X8.967 Y19.317
G1 F1800 X19.317 Y8.967 E0.24342
G0 F7200 X19.6 Y9.25
G1 F1800 X9.25 Y19.6 E0.24342
G0 F7200 X9.533 Y19.883
G1 F1800 X19.883 Y9.533 E0.24342
G0 F7200 X20.166 Y9.815
G1 F1800 X9.815 Y20.166 E0.24344
G0 F7200 X10.098 Y20.449
G1 F1800 X20.449 Y10.098 E0.24344
G0 F7200 X20.732 Y10.381
G1 F1800 X10.381 Y20.732 E0.24344
G0 F7200 X10.664 Y21.015
G1 F1800 X14.799 Y16.879 E0.09726
G1 X14.869 Y16.809
G0 F7200 X14.575 Y17.669
G1 F1800 X10.947 Y21.297 E0.08532
G0 F7200 X11.23 Y21.58
G1 F1800 X14.694 Y18.116 E0.08147
G0 F7200 X14.812 Y18.563
G1 F1800 X11.512 Y21.863 E0.07761
G0 F7200 X11.795 Y22.146
G1 F1800 X14.932 Y19.009 E0.07378
G0 F7200 X15.051 Y19.456
G1 F1800 X12.078 Y22.429 E0.06992
G0 F7200 X12.361 Y22.712
G1 F1800 X15.17 Y19.903 E0.06606
G0 F7200 X15.288 Y20.35
G1 F1800 X12.644 Y22.994 E0.06218
G0 F7200 X12.927 Y23.277
G1 F1800 X15.51 Y20.693 E0.06076
G0 F7200 X15.819 Y20.951
G1 F1800 X13.209 Y23.56 E0.06137
G0 F7200 X13.492 Y23.843
G1 F1800 X16.215 Y21.12 E0.06404
G0 F7200 X16.662 Y21.239
G1 F1800 X13.775 Y24.126 E0.0679
G0 F7200 X14.058 Y24.409
G1 F1800 X17.108 Y21.359 E0.07173
G0 F7200 X17.555 Y21.478
G1 F1800 X14.341 Y24.691 E0.07558
G0 F7200 X14.624 Y24.974
G1 F1800 X18.001 Y21.597 E0.07942
G0 F7200 X18.447 Y21.717
G1 F1800 X14.907 Y25.257 E0.08326
G0 F7200 X15.189 Y25.54
G1 F1800 X18.981 Y21.748 E0.08918
G1 X19.051 Y21.678
G0 F7200 X21.862 Y23.958
G1 F1800 X17.735 Y28.086 E0.09707
G0 F7200 X18.018 Y28.368
G1 F1800 X21.652 Y24.734 E0.08547
G0 F7200 X21.77 Y25.181
G1 F1800 X18.301 Y28.651 E0.0816
G0 F7200 X18.583 Y28.934
G1 F1800 X21.889 Y25.628 E0.07775
G0 F7200 X22.008 Y26.075
G1 F1800 X18.866 Y29.217 E0.0739
G0 F7200 X19.149 Y29.5
G1 F1800 X22.126 Y26.523 E0.07001
G0 F7200 X22.245 Y26.97
G1 F1800 X19.432 Y29.783 E0.06616
G0 F7200 X19.715 Y30.065
G1 F1800 X22.364 Y27.417 E0.06229
G0 F7200 X22.582 Y27.764
G1 F1800 X19.998 Y30.348 E0.06077
G0 F7200 X20.281 Y30.631
G1 F1800 X22.89 Y28.022 E0.06136
G0 F7200 X23.286 Y28.192
G1 F1800 X20.563 Y30.914 E0.06403
G0 F7200 X20.846 Y31.197
G1 F1800 X23.733 Y28.31 E0.0679
G0 F7200 X24.179 Y28.43
G1 F1800 X21.129 Y31.48 E0.07173
G0 F7200 X21.412 Y31.763
G1 F1800 X24.625 Y28.549 E0.07558
G0 F7200 X25.072 Y28.668
G1 F1800 X21.695 Y32.045 E0.07942
G0 F7200 X21.978 Y32.328
G1 F1800 X25.518 Y28.788 E0.08326
G0 F7200 X26.066 Y28.805
G1 F1800 X22.26 Y32.611 E0.08951
G0 F7200 X22.543 Y32.894
G1 F1800 X32.894 Y22.543 E0.24344
G0 F7200 X33.177 Y22.826
G1 F1800 X22.826 Y33.177 E0.24344
G0 F7200 X23.109 Y33.46
G1 F1800 X33.46 Y23.109 E0.24344
G0 F7200 X33.742 Y23.392
G1 F1800 X23.392 Y33.742 E0.24342
G0 F7200 X23.675 Y34.025
G1 F1800 X34.025 Y23.675 E0.24342
G0 F7200 X34.308 Y23.957
G1 F1800 X23.957 Y34.308 E0.24344
G0 F7200 X24.24 Y34.591
G1 F1800 X34.591 Y24.24 E0.24344
G0 F7200 X34.874 Y24.523
G1 F1800 X24.523 Y34.874 E0.24344
G0 F7200 X24.806 Y35.157
G1 F1800 X28.945 Y31.017 E0.09735
G1 X29.015 Y30.947
G0 F7200 X28.718 Y31.81
G1 F1800 X25.089 Y35.439 E0.08535
G0 F7200 X25.372 Y35.722
G1 F1800 X28.838 Y32.256 E0.08152
G0 F7200 X28.957 Y32.703
G1 F1800 X25.655 Y36.005 E0.07766
G0 F7200 X25.937 Y36.288
G1 F1800 X29.076 Y33.149 E0.07382
G0 F7200 X29.196 Y33.595
G1 F1800 X26.22 Y36.571 E0.06999
G0 F7200 X26.503 Y36.854
G1 F1800 X29.315 Y34.042 E0.06613
G0 F7200 X29.434 Y34.488
G1 F1800 X26.786 Y37.137 E0.06229
G0 F7200 X27.069 Y37.419
G1 F1800 X29.655 Y34.833 E0.06082
G0 F7200 X29.964 Y35.09
G1 F1800 X27.352 Y37.702 E0.06143
G0 F7200 X27.634 Y37.985
G1 F1800 X30.362 Y35.258 E0.06415
G0 F7200 X30.807 Y35.378
G1 F1800 X27.917 Y38.268 E0.06797
G0 F7200 X28.2 Y38.551
G1 F1800 X31.253 Y35.498 E0.0718
G0 F7200 X31.698 Y35.618
G1 F1800 X28.483 Y38.834 E0.07562
G0 F7200 X28.766 Y39.116
G1 F1800 X32.144 Y35.739 E0.07943
G0 F7200 X32.589 Y35.859
G1 F1800 X29.049 Y39.399 E0.08326
G0 F7200 X29.331 Y39.682
G1 F1800 X33.121 Y35.893 E0.08912
G1 X33.191 Y35.823
G0 F7200 X36.011 Y38.094
G1 F1800 X31.878 Y42.227 E0.0972
G0 F7200 X32.161 Y42.51
G1 F1800 X35.796 Y38.875 E0.08549
G0 F7200 X35.914 Y39.322
G1 F1800 X32.443 Y42.793 E0.08163
G0 F7200 X32.726 Y43.076
G1 F1800 X36.033 Y39.769 E0.07778
G0 F7200 X36.152 Y40.216
G1 F1800 X33.009 Y43.358 E0.07391
G0 F7200 X33.292 Y43.641
G1 F1800 X36.27 Y40.663 E0.07004
G0 F7200 X36.389 Y41.11
G1 F1800 X33.575 Y43.924 E0.06618
G0 F7200 X33.858 Y44.207
G1 F1800 X36.507 Y41.557 E0.06231
G0 F7200 X36.726 Y41.904
G1 F1800 X34.141 Y44.49 E0.06081
G0 F7200 X34.423 Y44.773
G1 F1800 X37.034 Y42.162 E0.06141
G0 F7200 X37.431 Y42.331
G1 F1800 X34.706 Y45.055 E0.06408
G0 F7200 X34.989 Y45.338
G1 F1800 X37.878 Y42.449 E0.06794
G0 F7200 X38.326 Y42.567
G1 F1800 X35.272 Y45.621 E0.07183
G0 F7200 X35.555 Y45.904
G1 F1800 X38.773 Y42.686 E0.07568
G0 F7200 X39.22 Y42.804
G1 F1800 X35.838 Y46.187 E0.07955
G0 F7200 X36.12 Y46.47
G1 F1800 X39.668 Y42.922 E0.08344
G0 F7200 X40.203 Y42.953
G1 F1800 X36.403 Y46.752 E0.08936
G0 F7200 X36.686 Y47.035
G1 F1800 X47.036 Y36.685 E0.24342
G0 F7200 X46.753 Y36.403
G1 F1800 X42.954 Y40.202 E0.08935
G0 F7200 X42.93 Y39.66
G1 F1800 X46.47 Y36.12 E0.08326
G0 F7200 X46.188 Y35.837
G1 F1800 X42.81 Y39.215 E0.07945
G0 F7200 X42.689 Y38.769
G1 F1800 X45.905 Y35.554 E0.07562
G0 F7200 X45.622 Y35.271
G1 F1800 X42.569 Y38.324 E0.0718
G0 F7200 X42.45 Y37.878
G1 F1800 X45.339 Y34.988 E0.06796
G0 F7200 X45.056 Y34.706
G1 F1800 X42.33 Y37.432 E0.06411
G0 F7200 X42.161 Y37.035
G1 F1800 X44.773 Y34.423 E0.06143
G0 F7200 X44.49 Y34.14
G1 F1800 X41.905 Y36.726 E0.06081
G0 F7200 X41.557 Y36.507
G1 F1800 X44.208 Y33.857 E0.06234
G0 F7200 X43.925 Y33.574
G1 F1800 X41.111 Y36.388 E0.06618
G0 F7200 X40.664 Y36.269
G1 F1800 X43.642 Y33.291 E0.07004
G0 F7200 X43.359 Y33.008
G1 F1800 X40.218 Y36.149 E0.07387
G0 F7200 X39.772 Y36.03
G1 F1800 X43.076 Y32.726 E0.07771
G0 F7200 X42.793 Y32.443
G1 F1800 X39.326 Y35.91 E0.08154
G0 F7200 X38.88 Y35.791
G1 F1800 X42.511 Y32.16 E0.0854
G0 F7200 X42.228 Y31.877
G1 F1800 X38.059 Y36.045 E0.09804
G1 X37.989 Y36.115
G0 F7200 X35.886 Y33.128
G1 F1800 X39.682 Y29.331 E0.08929
G0 F7200 X39.399 Y29.049
G1 F1800 X35.857 Y32.591 E0.0833
G0 F7200 X35.737 Y32.145
G1 F1800 X39.116 Y28.766 E0.07947
G0 F7200 X38.834 Y28.483
G1 F1800 X35.617 Y31.7 E0.07566
G0 F7200 X35.497 Y31.253
G1 F1800 X38.551 Y28.2 E0.07181
G0 F7200 X38.268 Y27.917
G1 F1800 X35.378 Y30.807 E0.06797
G0 F7200 X35.258 Y30.362
G1 F1800 X37.985 Y27.634 E0.06415
G0 F7200 X37.702 Y27.352
G1 F1800 X35.093 Y29.961 E0.06136
G0 F7200 X34.834 Y29.654
G1 F1800 X37.419 Y27.069 E0.0608
G0 F7200 X37.137 Y26.786
G1 F1800 X34.486 Y29.436 E0.06234
G0 F7200 X34.04 Y29.317
G1 F1800 X36.854 Y26.503 E0.06618
G0 F7200 X36.571 Y26.22
G1 F1800 X33.594 Y29.197 E0.07001
G0 F7200 X33.148 Y29.078
G1 F1800 X36.288 Y25.937 E0.07386
G0 F7200 X36.005 Y25.655
G1 F1800 X32.702 Y28.958 E0.07768
G0 F7200 X32.255 Y28.839
G1 F1800 X35.722 Y25.372 E0.08154
G0 F7200 X35.439 Y25.089
G1 F1800 X31.809 Y28.719 E0.08537
G1 X31.739 Y28.789
G0 F7200 X30.985 Y28.978
G1 F1800 X35.157 Y24.806 E0.09812
G1 X35.227 Y24.736
G0 F7200 X32.611 Y22.26
G1 F1800 X28.815 Y26.056 E0.08928
G0 F7200 X28.79 Y25.516
G1 F1800 X32.328 Y21.978 E0.08321
G0 F7200 X32.045 Y21.695
G1 F1800 X28.67 Y25.07 E0.07937
G0 F7200 X28.551 Y24.624
G1 F1800 X31.763 Y21.412 E0.07554
G0 F7200 X31.48 Y21.129
G1 F1800 X28.431 Y24.177 E0.0717
G0 F7200 X28.312 Y23.731
G1 F1800 X31.197 Y20.846 E0.06785
G0 F7200 X30.914 Y20.563
G1 F1800 X28.192 Y23.285 E0.06402
G0 F7200 X28.035 Y22.876
G1 F1800 X30.631 Y20.281 E0.06104
G0 F7200 X30.348 Y19.998
G1 F1800 X27.768 Y22.578 E0.06068
G0 F7200 X27.416 Y22.364
G1 F1800 X30.065 Y19.715 E0.0623
G0 F7200 X29.783 Y19.432
G1 F1800 X26.969 Y22.246 E0.06618
G0 F7200 X26.521 Y22.127
G1 F1800 X29.5 Y19.149 E0.07005
G0 F7200 X29.217 Y18.866
G1 F1800 X26.075 Y22.009 E0.07391
G0 F7200 X25.627 Y21.891
G1 F1800 X28.934 Y18.583 E0.07779
G0 F7200 X28.651 Y18.301
G1 F1800 X25.18 Y21.772 E0.08163
G0 F7200 X24.732 Y21.654
G1 F1800 X28.368 Y18.018 E0.08551
G0 F7200 X28.086 Y17.735
G1 F1800 X23.918 Y21.903 E0.09802
G1 X23.848 Y21.973
G0 F7200 X21.743 Y18.987
G1 F1800 X25.54 Y15.189 E0.08931
G0 F7200 X25.257 Y14.907
G1 F1800 X21.717 Y18.447 E0.08326
G0 F7200 X21.597 Y18.001
G1 F1800 X24.974 Y14.624 E0.07942
G0 F7200 X24.691 Y14.341
G1 F1800 X21.477 Y17.555 E0.07559
G0 F7200 X21.357 Y17.11
G1 F1800 X24.409 Y14.058 E0.07178
G0 F7200 X24.126 Y13.775
G1 F1800 X21.237 Y16.664 E0.06794
G0 F7200 X21.117 Y16.218
G1 F1800 X23.843 Y13.492 E0.06411
G0 F7200 X23.56 Y13.209
G1 F1800 X20.952 Y15.818 E0.06135
G0 F7200 X20.691 Y15.513
G1 F1800 X23.277 Y12.927 E0.06082
G0 F7200 X22.994 Y12.644
G1 F1800 X20.344 Y15.294 E0.06232
G0 F7200 X19.897 Y15.175
G1 F1800 X22.712 Y12.361 E0.06619
G0 F7200 X22.429 Y12.078
G1 F1800 X19.45 Y15.056 E0.07005
G0 F7200 X19.004 Y14.937
G1 F1800 X22.146 Y11.795 E0.0739
G0 F7200 X21.863 Y11.512
G1 F1800 X18.557 Y14.818 E0.07775
G0 F7200 X18.11 Y14.699
G1 F1800 X21.58 Y11.23 E0.0816
G0 F7200 X21.297 Y10.947
G1 F1800 X17.664 Y14.58 E0.08544
G1 X17.594 Y14.65
G0 F7200 X16.848 Y14.831
G1 F1800 X21.015 Y10.664 E0.098
G1 X21.085 Y10.594
G0 F7200 X18.469 Y8.118
G1 F1800 X14.672 Y11.915 E0.0893
G0 F7200 X14.644 Y11.377
G1 F1800 X18.186 Y7.835 E0.0833
G0 F7200 X17.903 Y7.553
G1 F1800 X14.525 Y10.93 E0.07943
G0 F7200 X14.406 Y10.484
G1 F1800 X17.62 Y7.27 E0.07559
G0 F7200 X17.338 Y6.987
G1 F1800 X14.286 Y10.038 E0.07177
G0 F7200 X14.167 Y9.592
G1 F1800 X17.055 Y6.704 E0.06792
G0 F7200 X16.772 Y6.421
G1 F1800 X14.048 Y9.145 E0.06406
G0 F7200 X13.878 Y8.75
G1 F1800 X16.489 Y6.138 E0.06142
G0 F7200 X16.206 Y5.856
G1 F1800 X13.62 Y8.442 E0.06082
G0 F7200 X13.273 Y8.223
G1 F1800 X15.923 Y5.573 E0.06232
G0 F7200 X15.64 Y5.29
G1 F1800 X12.828 Y8.103 E0.06615
G0 F7200 X12.381 Y7.983
G1 F1800 X15.358 Y5.007 E0.07
G0 F7200 X15.075 Y4.724
G1 F1800 X11.936 Y7.863 E0.07382
G0 F7200 X11.49 Y7.743
G1 F1800 X14.792 Y4.441 E0.07766
G0 F7200 X14.509 Y4.158
G1 F1800 X11.044 Y7.623 E0.08149
G0 F7200 X10.56 Y7.542
G1 F1800 X14.226 Y3.876 E0.08622
G0 F7200 X13.943 Y3.593
G1 F1800 X10.015 Y7.521 E0.09238
G0 F7200 X9.829 Y7.141
G1 F1800 X13.661 Y3.31 E0.09011
G1 X13.731 Y3.24
G0 F7200 X25.823 Y15.472
G1 F1800 X15.472 Y25.823 E0.24344
G0 F7200 X15.755 Y26.106
G1 F1800 X26.106 Y15.755 E0.24344
G0 F7200 X26.389 Y16.038
G1 F1800 X16.038 Y26.389 E0.24344
G0 F7200 X16.321 Y26.671
G1 F1800 X26.671 Y16.321 E0.24342
G0 F7200 X26.954 Y16.604
G1 F1800 X16.604 Y26.954 E0.24342
G0 F7200 X16.886 Y27.237
G1 F1800 X27.237 Y16.886 E0.24344
G0 F7200 X27.52 Y17.169
G1 F1800 X17.169 Y27.52 E0.24344
G0 F7200 X17.452 Y27.803
G1 F1800 X27.803 Y17.452 E0.24344
G1 X27.873 Y17.382
G0 F7200 X39.965 Y29.614
G1 F1800 X29.614 Y39.965 E0.24344
G0 F7200 X29.897 Y40.248
G1 F1800 X40.248 Y29.897 E0.24344
G0 F7200 X40.531 Y30.18
G1 F1800 X30.18 Y40.531 E0.24344
G0 F7200 X30.463 Y40.813
G1 F1800 X40.813 Y30.463 E0.24342
G0 F7200 X41.096 Y30.746
G1 F1800 X30.746 Y41.096 E0.24342
G0 F7200 X31.029 Y41.378
G1 F1800 X41.379 Y31.029 E0.2434
G0 F7200 X41.662 Y31.311
G1 F1800 X31.312 Y41.661 E0.24342
G0 F7200 X31.595 Y41.944
G1 F1800 X41.945 Y31.594 E0.24342
G1 X42.015 Y31.524
G0 F7200 X47.319 Y36.968
G1 F1800 X36.969 Y47.318 E0.24342
G0 F7200 X37.252 Y47.601
G1 F1800 X47.602 Y37.251 E0.24342
G0 F7200 X47.885 Y37.534
G1 F1800 X37.535 Y47.884 E0.24342
G0 F7200 X37.817 Y48.167
G1 F1800 X48.167 Y37.817 E0.24342
G0 F7200 X48.45 Y38.1
G1 F1800 X38.1 Y48.45 E0.24342
G0 F7200 X38.383 Y48.732
G1 F1800 X48.733 Y38.382 E0.24342
G0 F7200 X49.016 Y38.665
G1 F1800 X38.666 Y49.015 E0.24342
G0 F7200 X38.949 Y49.298
G1 F1800 X43.083 Y45.164 E0.09723
G1 X43.153 Y45.094
G0 F7200 X42.859 Y45.953
G1 F1800 X39.232 Y49.581 E0.08531
G0 F7200 X39.515 Y49.864
G1 F1800 X42.979 Y46.399 E0.08148
G0 F7200 X43.099 Y46.845
G1 F1800 X39.797 Y50.147 E0.07766
G0 F7200 X40.08 Y50.429
G1 F1800 X43.219 Y47.291 E0.07381
G0 F7200 X43.339 Y47.737
G1 F1800 X40.363 Y50.712 E0.06998
G0 F7200 X40.646 Y50.995
G1 F1800 X43.459 Y48.182 E0.06616
G0 F7200 X43.578 Y48.628
G1 F1800 X40.929 Y51.278 E0.06231
G0 F7200 X41.212 Y51.561
G1 F1800 X43.797 Y48.975 E0.06081
G0 F7200 X44.106 Y49.232
G1 F1800 X41.494 Y51.844 E0.06143
G0 F7200 X41.777 Y52.126
G1 F1800 X44.503 Y49.401 E0.0641
G0 F7200 X44.949 Y49.521
G1 F1800 X42.06 Y52.409 E0.06793
G0 F7200 X42.343 Y52.692
G1 F1800 X45.395 Y49.64 E0.07178
G0 F7200 X45.84 Y49.761
G1 F1800 X42.626 Y52.975 E0.07559
G0 F7200 X42.909 Y53.258
G1 F1800 X46.287 Y49.88 E0.07945
G0 F7200 X46.732 Y50
G1 F1800 X43.191 Y53.541 E0.08328
G0 F7200 X43.474 Y53.824
G1 F1800 X47.28 Y50.018 E0.08951
G1 X47.35 Y49.948
G0 F7200 X50.156 Y52.233
G1 F1800 X46.02 Y56.369 E0.09727
G0 F7200 X46.303 Y56.652
G1 F1800 X49.931 Y53.024 E0.08532
G0 F7200 X50.05 Y53.471
G1 F1800 X46.586 Y56.935 E0.08147
G0 F7200 X46.868 Y57.218
G1 F1800 X50.169 Y53.918 E0.07762
G0 F7200 X50.287 Y54.364
G1 F1800 X47.151 Y57.501 E0.07377
G0 F7200 X47.434 Y57.783
G1 F1800 X50.406 Y54.811 E0.0699
G0 F7200 X50.526 Y55.258
G1 F1800 X47.717 Y58.066 E0.06605
G0 F7200 X48 Y58.349
G1 F1800 X50.644 Y55.704 E0.06219
G0 F7200 X50.862 Y56.052
G1 F1800 X48.283 Y58.632 E0.06067
G0 F7200 X48.566 Y58.915
G1 F1800 X51.161 Y56.319 E0.06104
G0 F7200 X51.57 Y56.476
G1 F1800 X48.848 Y59.198 E0.06402
G0 F7200 X49.131 Y59.48
G1 F1800 X52.016 Y56.595 E0.06785
G0 F7200 X52.463 Y56.714
G1 F1800 X49.414 Y59.763 E0.07171
G0 F7200 X49.697 Y60.046
G1 F1800 X52.909 Y56.834 E0.07554
G0 F7200 X53.355 Y56.953
G1 F1800 X49.98 Y60.329 E0.07939
G0 F7200 X50.263 Y60.612
G1 F1800 X53.802 Y57.072 E0.08324
G0 F7200 X54.35 Y57.09
G1 F1800 X50.545 Y60.895 E0.08949
G0 F7200 X50.828 Y61.177
G1 F1800 X61.178 Y50.828 E0.2434
G0 F7200 X61.461 Y51.11
G1 F1800 X51.111 Y61.46 E0.24342
G0 F7200 X51.394 Y61.743
G1 F1800 X61.744 Y51.393 E0.24342
G0 F7200 X62.027 Y51.676
G1 F1800 X51.677 Y62.026 E0.24342
G0 F7200 X51.96 Y62.309
G1 F1800 X62.31 Y51.959 E0.24342
G0 F7200 X62.592 Y52.242
G1 F1800 X52.242 Y62.592 E0.24342
G0 F7200 X52.525 Y62.875
G1 F1800 X62.875 Y52.525 E0.24342
G0 F7200 X63.158 Y52.807
G1 F1800 X52.808 Y63.157 E0.24342
G0 F7200 X53.091 Y63.44
G1 F1800 X57.23 Y59.302 E0.09733
G1 X57.3 Y59.232
G0 F7200 X57.003 Y60.094
G1 F1800 X53.374 Y63.723 E0.08535
G0 F7200 X53.657 Y64.006
G1 F1800 X57.122 Y60.54 E0.0815
G0 F7200 X57.241 Y60.987
G1 F1800 X53.94 Y64.289 E0.07765
G0 F7200 X54.222 Y64.572
G1 F1800 X57.361 Y61.433 E0.07382
G0 F7200 X57.48 Y61.88
G1 F1800 X54.505 Y64.854 E0.06996
G0 F7200 X54.788 Y65.137
G1 F1800 X57.599 Y62.327 E0.0661
G0 F7200 X57.718 Y62.773
G1 F1800 X55.071 Y65.42 E0.06225
G0 F7200 X55.354 Y65.703
G1 F1800 X57.94 Y63.117 E0.06082
G0 F7200 X58.249 Y63.374
G1 F1800 X55.637 Y65.986 E0.06143
G0 F7200 X55.919 Y66.269
G1 F1800 X58.647 Y63.541 E0.06416
G0 F7200 X59.093 Y63.661
G1 F1800 X56.202 Y66.551 E0.06798
G0 F7200 X56.485 Y66.834
G1 F1800 X59.538 Y63.781 E0.0718
G0 F7200 X59.985 Y63.901
G1 F1800 X56.768 Y67.117 E0.07565
G0 F7200 X57.051 Y67.4
G1 F1800 X60.431 Y64.02 E0.07949
G0 F7200 X60.877 Y64.14
G1 F1800 X57.334 Y67.683 E0.08333
G0 F7200 X57.616 Y67.966
G1 F1800 X61.423 Y64.159 E0.08953
G1 X61.493 Y64.089
G0 F7200 X64.304 Y66.37
G1 F1800 X60.163 Y70.511 E0.09739
G0 F7200 X60.446 Y70.793
G1 F1800 X64.074 Y67.165 E0.08532
G0 F7200 X64.193 Y67.611
G1 F1800 X60.728 Y71.076 E0.08149
G0 F7200 X61.011 Y71.359
G1 F1800 X64.313 Y68.058 E0.07765
G0 F7200 X64.432 Y68.504
G1 F1800 X61.294 Y71.642 E0.0738
G0 F7200 X61.577 Y71.925
G1 F1800 X64.552 Y68.95 E0.06997
G0 F7200 X64.671 Y69.396
G1 F1800 X61.86 Y72.208 E0.06612
G0 F7200 X62.143 Y72.49
G1 F1800 X64.791 Y69.842 E0.06228
G0 F7200 X65.011 Y70.188
G1 F1800 X62.426 Y72.773 E0.0608
G0 F7200 X62.708 Y73.056
G1 F1800 X65.319 Y70.446 E0.06139
G0 F7200 X65.715 Y70.615
G1 F1800 X62.991 Y73.339 E0.06406
G0 F7200 X63.274 Y73.622
G1 F1800 X66.163 Y70.733 E0.06794
G0 F7200 X66.609 Y70.852
G1 F1800 X63.557 Y73.905 E0.07179
G0 F7200 X63.84 Y74.188
G1 F1800 X67.056 Y70.971 E0.07565
G0 F7200 X67.503 Y71.09
G1 F1800 X64.123 Y74.47 E0.07949
G0 F7200 X64.405 Y74.753
G1 F1800 X67.95 Y71.208 E0.08337
G0 F7200 X68.483 Y71.241
G1 F1800 X64.688 Y75.036 E0.08925
G0 F7200 X64.971 Y75.319
G1 F1800 X75.32 Y64.97 E0.24339
G0 F7200 X75.603 Y65.253
G1 F1800 X65.254 Y75.602 E0.24339
G0 F7200 X65.537 Y75.885
G1 F1800 X75.886 Y65.535 E0.2434
G0 F7200 X76.169 Y65.818
G1 F1800 X65.82 Y76.167 E0.24339
G0 F7200 X66.102 Y76.45
G1 F1800 X76.452 Y66.101 E0.2434
G0 F7200 X76.735 Y66.384
G1 F1800 X66.385 Y76.733 E0.2434
G0 F7200 X66.668 Y77.016
G1 F1800 X77.017 Y66.667 E0.24339
G0 F7200 X77.3 Y66.95
G1 F1800 X66.951 Y77.299 E0.24339
G0 F7200 X67.234 Y77.582
G1 F1800 X71.363 Y73.452 E0.09712
G1 X71.433 Y73.382
G0 F7200 X71.143 Y74.238
G1 F1800 X67.517 Y77.864 E0.08528
G0 F7200 X67.8 Y78.147
G1 F1800 X71.264 Y74.683 E0.08147
G0 F7200 X71.383 Y75.129
G1 F1800 X68.082 Y78.43 E0.07763
G0 F7200 X68.365 Y78.713
G1 F1800 X71.503 Y75.575 E0.0738
G0 F7200 X71.623 Y76.021
G1 F1800 X68.648 Y78.996 E0.06997
G0 F7200 X68.931 Y79.279
G1 F1800 X71.743 Y76.467 E0.06613
G0 F7200 X71.863 Y76.913
G1 F1800 X69.214 Y79.562 E0.0623
G0 F7200 X69.497 Y79.844
G1 F1800 X72.082 Y77.259 E0.0608
G0 F7200 X72.389 Y77.517
G1 F1800 X69.779 Y80.127 E0.06138
G0 F7200 X70.062 Y80.41
G1 F1800 X72.786 Y77.686 E0.06406
G0 F7200 X73.234 Y77.804
G1 F1800 X70.345 Y80.693 E0.06794
G0 F7200 X70.628 Y80.976
G1 F1800 X73.681 Y77.922 E0.07181
G0 F7200 X74.129 Y78.041
G1 F1800 X70.911 Y81.259 E0.07568
G0 F7200 X71.194 Y81.541
G1 F1800 X74.576 Y78.159 E0.07954
G0 F7200 X75.024 Y78.277
G1 F1800 X71.476 Y81.824 E0.08343
G0 F7200 X71.759 Y82.107
G1 F1800 X75.557 Y78.309 E0.08932
G1 X75.627 Y78.239
G0 F7200 X78.438 Y80.52
G1 F1800 X74.305 Y84.653 E0.0972
G0 F7200 X74.588 Y84.936
G1 F1800 X78.215 Y81.308 E0.08531
G0 F7200 X78.334 Y81.755
G1 F1800 X74.871 Y85.218 E0.08144
G0 F7200 X75.153 Y85.501
G1 F1800 X78.453 Y82.202 E0.0776
G0 F7200 X78.572 Y82.649
G1 F1800 X75.436 Y85.784 E0.07374
G0 F7200 X75.719 Y86.067
G1 F1800 X78.69 Y83.096 E0.06987
G0 F7200 X78.809 Y83.543
G1 F1800 X76.002 Y86.35 E0.06602
G0 F7200 X76.285 Y86.633
G1 F1800 X78.928 Y83.989 E0.06217
G0 F7200 X79.151 Y84.332
G1 F1800 X76.568 Y86.915 E0.06075
G0 F7200 X76.85 Y87.198
G1 F1800 X79.459 Y84.59 E0.06135
G0 F7200 X79.855 Y84.759
G1 F1800 X77.133 Y87.481 E0.06402
G0 F7200 X77.416 Y87.764
G1 F1800 X80.301 Y84.879 E0.06785
G0 F7200 X80.747 Y84.998
G1 F1800 X77.699 Y88.047 E0.0717
G0 F7200 X77.982 Y88.33
G1 F1800 X81.194 Y85.118 E0.07554
G0 F7200 X81.64 Y85.237
G1 F1800 X78.265 Y88.613 E0.07939
G0 F7200 X78.548 Y88.895
G1 F1800 X82.087 Y85.356 E0.08323
G0 F7200 X82.635 Y85.374
G1 F1800 X78.83 Y89.178 E0.08948
G0 F7200 X79.113 Y89.461
G1 F1800 X89.462 Y79.112 E0.24339
G0 F7200 X89.18 Y78.829
G1 F1800 X85.383 Y82.625 E0.08929
G0 F7200 X85.358 Y82.085
G1 F1800 X88.897 Y78.546 E0.08323
G0 F7200 X88.614 Y78.263
G1 F1800 X85.239 Y81.638 E0.07937
G0 F7200 X85.119 Y81.192
G1 F1800 X88.331 Y77.98 E0.07554
G0 F7200 X88.048 Y77.698
G1 F1800 X85 Y80.746 E0.07168
G0 F7200 X84.88 Y80.3
G1 F1800 X87.765 Y77.415 E0.06785
G0 F7200 X87.483 Y77.132
G1 F1800 X84.761 Y79.854 E0.06402
G0 F7200 X84.591 Y79.458
G1 F1800 X87.2 Y76.849 E0.06136
G0 F7200 X86.917 Y76.566
G1 F1800 X84.332 Y79.151 E0.0608
G0 F7200 X83.988 Y78.929
G1 F1800 X86.634 Y76.283 E0.06223
G0 F7200 X86.351 Y76.001
G1 F1800 X83.541 Y78.811 E0.06609
G0 F7200 X83.094 Y78.692
G1 F1800 X86.068 Y75.718 E0.06994
G0 F7200 X85.785 Y75.435
G1 F1800 X82.647 Y78.573 E0.0738
G0 F7200 X82.2 Y78.454
G1 F1800 X85.503 Y75.152 E0.07767
G0 F7200 X85.22 Y74.869
G1 F1800 X81.754 Y78.335 E0.08152
G0 F7200 X81.307 Y78.217
G1 F1800 X84.937 Y74.586 E0.08538
G0 F7200 X84.654 Y74.303
G1 F1800 X80.496 Y78.462 E0.0978
G1 X80.426 Y78.532
G0 F7200 X78.311 Y75.555
G1 F1800 X82.109 Y71.758 E0.08931
G0 F7200 X82.391 Y72.041
G1 F1800 X72.042 Y82.39 E0.24339
G0 F7200 X72.325 Y82.673
G1 F1800 X82.674 Y72.324 E0.24339
G0 F7200 X82.957 Y72.606
G1 F1800 X72.608 Y82.956 E0.2434
G0 F7200 X72.891 Y83.238
G1 F1800 X83.24 Y72.889 E0.24339
G0 F7200 X83.523 Y73.172
G1 F1800 X73.174 Y83.521 E0.24339
G0 F7200 X73.456 Y83.804
G1 F1800 X83.806 Y73.455 E0.2434
G0 F7200 X84.088 Y73.738
G1 F1800 X73.739 Y84.087 E0.24339
G0 F7200 X74.022 Y84.37
G1 F1800 X84.371 Y74.021 E0.24339
G1 X84.441 Y73.951
G0 F7200 X81.826 Y71.475
G1 F1800 X78.285 Y75.016 E0.08328
G0 F7200 X78.166 Y74.569
G1 F1800 X81.543 Y71.192 E0.07942
G0 F7200 X81.26 Y70.909
G1 F1800 X78.045 Y74.124 E0.07561
G0 F7200 X77.925 Y73.678
G1 F1800 X80.977 Y70.627 E0.07177
G0 F7200 X80.694 Y70.344
G1 F1800 X77.805 Y73.233 E0.06794
G0 F7200 X77.685 Y72.787
G1 F1800 X80.411 Y70.061 E0.06411
G0 F7200 X80.129 Y69.778
G1 F1800 X77.516 Y72.391 E0.06145
G0 F7200 X77.256 Y72.085
G1 F1800 X79.846 Y69.495 E0.06091
G0 F7200 X79.563 Y69.212
G1 F1800 X76.912 Y71.863 E0.06235
G0 F7200 X76.467 Y71.743
G1 F1800 X79.28 Y68.929 E0.06617
G0 F7200 X78.997 Y68.647
G1 F1800 X76.02 Y71.624 E0.07001
G0 F7200 X75.574 Y71.504
G1 F1800 X78.714 Y68.364 E0.07385
G0 F7200 X78.432 Y68.081
G1 F1800 X75.129 Y71.384 E0.07768
G0 F7200 X74.682 Y71.264
G1 F1800 X78.149 Y67.798 E0.08153
G0 F7200 X77.866 Y67.515
G1 F1800 X74.237 Y71.144 E0.08535
G1 X74.167 Y71.214
G0 F7200 X73.416 Y71.399
G1 F1800 X77.583 Y67.232 E0.098
G1 X77.653 Y67.162
G0 F7200 X75.037 Y64.687
G1 F1800 X71.238 Y68.486 E0.08935
G0 F7200 X71.21 Y67.949
G1 F1800 X74.755 Y64.404 E0.08337
G0 F7200 X74.472 Y64.121
G1 F1800 X71.09 Y67.503 E0.07954
G0 F7200 X70.971 Y67.056
G1 F1800 X74.189 Y63.838 E0.07568
G0 F7200 X73.906 Y63.555
G1 F1800 X70.852 Y66.609 E0.07183
G0 F7200 X70.733 Y66.163
G1 F1800 X73.623 Y63.273 E0.06797
G0 F7200 X73.34 Y62.99
G1 F1800 X70.613 Y65.717 E0.06413
G0 F7200 X70.445 Y65.32
G1 F1800 X73.058 Y62.707 E0.06145
G0 F7200 X72.775 Y62.424
G1 F1800 X70.188 Y65.011 E0.06084
G0 F7200 X69.842 Y64.791
G1 F1800 X72.492 Y62.141 E0.06232
G0 F7200 X72.209 Y61.858
G1 F1800 X69.395 Y64.672 E0.06618
G0 F7200 X68.949 Y64.552
G1 F1800 X71.926 Y61.576 E0.07
G0 F7200 X71.643 Y61.293
G1 F1800 X68.503 Y64.433 E0.07385
G0 F7200 X68.057 Y64.313
G1 F1800 X71.361 Y61.01 E0.07769
G0 F7200 X71.078 Y60.727
G1 F1800 X67.611 Y64.194 E0.08154
G0 F7200 X67.165 Y64.074
G1 F1800 X70.795 Y60.444 E0.08537
G0 F7200 X70.512 Y60.161
G1 F1800 X66.337 Y64.336 E0.09819
G1 X66.267 Y64.406
G0 F7200 X64.171 Y61.412
G1 F1800 X67.966 Y57.616 E0.08926
G0 F7200 X67.684 Y57.333
G1 F1800 X64.141 Y60.876 E0.08333
G0 F7200 X64.021 Y60.429
G1 F1800 X67.401 Y57.05 E0.07948
G0 F7200 X67.118 Y56.767
G1 F1800 X63.901 Y59.984 E0.07566
G0 F7200 X63.782 Y59.538
G1 F1800 X66.835 Y56.484 E0.07181
G0 F7200 X66.552 Y56.202
G1 F1800 X63.662 Y59.091 E0.06796
G0 F7200 X63.542 Y58.646
G1 F1800 X66.269 Y55.919 E0.06413
G0 F7200 X65.986 Y55.636
G1 F1800 X63.375 Y58.247 E0.06141
G0 F7200 X63.119 Y57.938
G1 F1800 X65.704 Y55.353 E0.0608
G0 F7200 X65.421 Y55.07
G1 F1800 X62.771 Y57.72 E0.06232
G0 F7200 X62.324 Y57.601
G1 F1800 X65.138 Y54.787 E0.06618
G0 F7200 X64.855 Y54.504
G1 F1800 X61.878 Y57.481 E0.07001
G0 F7200 X61.432 Y57.362
G1 F1800 X64.572 Y54.222 E0.07385
G0 F7200 X64.289 Y53.939
G1 F1800 X60.986 Y57.242 E0.07768
G0 F7200 X60.54 Y57.123
G1 F1800 X64.007 Y53.656 E0.08154
G0 F7200 X63.724 Y53.373
G1 F1800 X60.093 Y57.003 E0.08538
G1 X60.023 Y57.073
G0 F7200 X59.271 Y57.26
G1 F1800 X63.441 Y53.09 E0.09807
G1 X63.511 Y53.02
G0 F7200 X60.895 Y50.545
G1 F1800 X57.099 Y54.341 E0.08928
G0 F7200 X57.073 Y53.801
G1 F1800 X60.612 Y50.262 E0.08323
G0 F7200 X60.33 Y49.979
G1 F1800 X56.955 Y53.354 E0.07937
G0 F7200 X56.835 Y52.908
G1 F1800 X60.047 Y49.696 E0.07554
G0 F7200 X59.764 Y49.413
G1 F1800 X56.716 Y52.462 E0.0717
G0 F7200 X56.596 Y52.015
G1 F1800 X59.481 Y49.13 E0.06785
G0 F7200 X59.198 Y48.848
G1 F1800 X56.477 Y51.569 E0.06399
G0 F7200 X56.306 Y51.174
G1 F1800 X58.915 Y48.565 E0.06136
G0 F7200 X58.633 Y48.282
G1 F1800 X56.047 Y50.867 E0.06081
G0 F7200 X55.703 Y50.646
G1 F1800 X58.35 Y47.999 E0.06225
G0 F7200 X58.067 Y47.716
G1 F1800 X55.256 Y50.527 E0.06611
G0 F7200 X54.81 Y50.408
G1 F1800 X57.784 Y47.433 E0.06996
G0 F7200 X57.501 Y47.151
G1 F1800 X54.363 Y50.289 E0.0738
G0 F7200 X53.916 Y50.17
G1 F1800 X57.218 Y46.868 E0.07766
G0 F7200 X56.936 Y46.585
G1 F1800 X53.469 Y50.051 E0.08153
G0 F7200 X53.022 Y49.932
G1 F1800 X56.653 Y46.302 E0.08538
G0 F7200 X56.37 Y46.019
G1 F1800 X52.204 Y50.185 E0.09798
G1 X52.134 Y50.255
G0 F7200 X50.027 Y47.271
G1 F1800 X53.824 Y43.474 E0.0893
G0 F7200 X54.107 Y43.756
G1 F1800 X43.757 Y54.106 E0.24342
G0 F7200 X44.04 Y54.389
G1 F1800 X54.39 Y44.039 E0.24342
G0 F7200 X54.673 Y44.322
G1 F1800 X44.323 Y54.672 E0.24342
G0 F7200 X44.606 Y54.955
G1 F1800 X54.956 Y44.605 E0.24342
G0 F7200 X55.238 Y44.888
G1 F1800 X44.889 Y55.238 E0.2434
G0 F7200 X45.171 Y55.521
G1 F1800 X55.521 Y45.171 E0.24342
G0 F7200 X55.804 Y45.454
G1 F1800 X45.454 Y55.803 E0.2434
G0 F7200 X45.737 Y56.086
G1 F1800 X56.087 Y45.736 E0.24342
G1 X56.157 Y45.666
G0 F7200 X53.541 Y43.191
G1 F1800 X50.002 Y46.731 E0.08324
G0 F7200 X49.881 Y46.285
G1 F1800 X53.259 Y42.908 E0.07943
G0 F7200 X52.976 Y42.625
G1 F1800 X49.761 Y45.84 E0.07561
G0 F7200 X49.641 Y45.394
G1 F1800 X52.693 Y42.342 E0.07178
G0 F7200 X52.41 Y42.059
G1 F1800 X49.521 Y44.949 E0.06796
G0 F7200 X49.401 Y44.503
G1 F1800 X52.127 Y41.777 E0.06411
G0 F7200 X51.844 Y41.494
G1 F1800 X49.232 Y44.106 E0.06143
G0 F7200 X48.972 Y43.8
G1 F1800 X51.562 Y41.211 E0.0609
G0 F7200 X51.279 Y40.928
G1 F1800 X48.628 Y43.579 E0.06235
G0 F7200 X48.182 Y43.459
G1 F1800 X50.996 Y40.645 E0.06618
G0 F7200 X50.713 Y40.362
G1 F1800 X47.736 Y43.339 E0.07001
G0 F7200 X47.29 Y43.22
G1 F1800 X50.43 Y40.08 E0.07385
G0 F7200 X50.147 Y39.797
G1 F1800 X46.844 Y43.1 E0.07768
G0 F7200 X46.398 Y42.98
G1 F1800 X49.864 Y39.514 E0.08152
G0 F7200 X49.582 Y39.231
G1 F1800 X45.952 Y42.861 E0.08537
G1 X45.882 Y42.931
G0 F7200 X45.135 Y43.112
G1 F1800 X49.299 Y38.948 E0.09793
G1 X49.369 Y38.878
G0 F7200 X68.249 Y57.899
G1 F1800 X57.899 Y68.249 E0.24342
G0 F7200 X58.182 Y68.531
G1 F1800 X68.532 Y58.181 E0.24342
G0 F7200 X68.815 Y58.464
G1 F1800 X58.465 Y68.814 E0.24342
G0 F7200 X58.749 Y69.096
G1 F1800 X69.098 Y58.747 E0.24339
G0 F7200 X69.381 Y59.03
G1 F1800 X59.031 Y69.379 E0.2434
G0 F7200 X59.314 Y69.662
G1 F1800 X69.663 Y59.313 E0.24339
G0 F7200 X69.946 Y59.596
G1 F1800 X59.597 Y69.945 E0.24339
G0 F7200 X59.88 Y70.228
G1 F1800 X70.229 Y59.879 E0.24339
G1 X70.299 Y59.809
G0 F7200 X89.745 Y79.395
G1 F1800 X79.396 Y89.744 E0.24339
G0 F7200 X79.679 Y90.027
G1 F1800 X90.028 Y79.677 E0.2434
G0 F7200 X90.311 Y79.96
G1 F1800 X79.962 Y90.31 E0.2434
G0 F7200 X80.245 Y90.592
G1 F1800 X90.594 Y80.243 E0.24339
G0 F7200 X90.877 Y80.526
G1 F1800 X80.527 Y90.875 E0.2434
G0 F7200 X80.81 Y91.158
G1 F1800 X91.159 Y80.809 E0.24339
G0 F7200 X91.442 Y81.092
G1 F1800 X81.093 Y91.441 E0.24339
G0 F7200 X81.376 Y91.724
G1 F1800 X85.514 Y87.586 E0.09732
G1 X85.584 Y87.516
G0 F7200 X85.286 Y88.379
G1 F1800 X81.659 Y92.007 E0.08531
G0 F7200 X81.942 Y92.289
G1 F1800 X85.405 Y88.826 E0.08144
G0 F7200 X85.525 Y89.272
G1 F1800 X82.224 Y92.572 E0.07762
G0 F7200 X82.507 Y92.855
G1 F1800 X85.643 Y89.719 E0.07375
G0 F7200 X85.762 Y90.166
G1 F1800 X82.79 Y93.138 E0.0699
G0 F7200 X83.073 Y93.421
G1 F1800 X85.881 Y90.613 E0.06604
G0 F7200 X86 Y91.06
G1 F1800 X83.356 Y93.704 E0.06218
G0 F7200 X83.639 Y93.987
G1 F1800 X86.222 Y91.403 E0.06076
G0 F7200 X86.53 Y91.661
G1 F1800 X83.922 Y94.269 E0.06134
G0 F7200 X84.204 Y94.552
G1 F1800 X86.925 Y91.831 E0.06399
G0 F7200 X87.372 Y91.95
G1 F1800 X84.487 Y94.835 E0.06785
G0 F7200 X84.77 Y95.118
G1 F1800 X87.819 Y92.069 E0.07171
G0 F7200 X88.266 Y92.188
G1 F1800 X85.053 Y95.401 E0.07556
G0 F7200 X85.336 Y95.684
G1 F1800 X88.713 Y92.306 E0.07943
G0 F7200 X89.16 Y92.425
G1 F1800 X85.619 Y95.966 E0.08328
G0 F7200 X85.901 Y96.249
G1 F1800 X89.688 Y92.463 E0.08905
G0 F7200 X90.081 Y92.635
G1 F1800 X86.184 Y96.532 E0.09165
G1 X86.114 Y96.602
G0 F7200 X92.632 Y90.084
G1 F1800 X96.534 Y86.183 E0.09176
G0 F7200 X96.251 Y85.9
G1 F1800 X92.464 Y89.687 E0.08906
G0 F7200 X92.426 Y89.159
G1 F1800 X95.968 Y85.617 E0.0833
G0 F7200 X95.685 Y85.334
G1 F1800 X92.307 Y88.712 E0.07945
G0 F7200 X92.188 Y88.265
G1 F1800 X95.402 Y85.052 E0.07558
G0 F7200 X95.119 Y84.769
G1 F1800 X92.07 Y87.818 E0.07171
G0 F7200 X91.951 Y87.372
G1 F1800 X94.836 Y84.486 E0.06786
G0 F7200 X94.554 Y84.203
G1 F1800 X91.832 Y86.925 E0.06402
G0 F7200 X91.662 Y86.529
G1 F1800 X94.271 Y83.92 E0.06136
G0 F7200 X93.988 Y83.637
G1 F1800 X91.403 Y86.222 E0.0608
G0 F7200 X91.059 Y86
G1 F1800 X93.705 Y83.354 E0.06223
G0 F7200 X93.422 Y83.072
G1 F1800 X90.612 Y85.882 E0.06609
G0 F7200 X90.165 Y85.763
G1 F1800 X93.139 Y82.789 E0.06994
G0 F7200 X92.857 Y82.506
G1 F1800 X89.718 Y85.644 E0.07381
G0 F7200 X89.272 Y85.525
G1 F1800 X92.574 Y82.223 E0.07766
G0 F7200 X92.291 Y81.94
G1 F1800 X88.825 Y85.406 E0.08152
G0 F7200 X88.378 Y85.288
G1 F1800 X92.008 Y81.657 E0.08538
G0 F7200 X91.725 Y81.375
G1 F1800 X87.556 Y85.544 E0.09805
G1 X87.486 Y85.614
G0 F7200 X87.442 Y85.569
;MESH:NONMESH
G0 F600 X87.442 Y85.569 Z1.5
G0 F7200 X84.277 Y79.363
G0 X55.992 Y51.079
G0 X48.571 Y48.621
G0 X47.364 Y49.82
G0 X44.008 Y48.921
G0 X15.723 Y20.637
G0 X12.361 Y14.204
G0 X12.138 Y13.98
;TIME_ELAPSED:1788.327603
;LAYER:12
;TYPE:WALL-INNER
;MESH:bodyNW.stl
G1 F3600 X11.924 Y14.096 E0.00405
G1 X11.69 Y14.125 E0.00392
G1 X9.081 Y13.428 E0.04491
G1 X8.916 Y13.301 E0.00346
G1 X8.787 Y13.134 E0.00351
G1 X8.112 Y10.616 E0.04335
G1 X8.106 Y10.327 E0.00481
G1 X8.21 Y10.092 E0.00427
G1 X10.035 Y8.267 E0.04292
G1 X10.327 Y8.106 E0.00555
G1 X10.616 Y8.112 E0.00481
G1 X13.131 Y8.787 E0.0433
G1 X13.301 Y8.915 E0.00354
G1 X13.429 Y9.082 E0.0035
G1 X14.125 Y11.694 E0.04495
G1 X14.096 Y11.928 E0.00392
G1 X13.944 Y12.181 E0.00491
G1 X12.138 Y13.98 E0.04239
G0 F7200 X12.361 Y14.204
G0 X15.723 Y20.637
G0 X19.079 Y21.536
G0 X19.211 Y21.051
G1 F3600 X18.996 Y21.167 E0.00406
G1 X18.762 Y21.197 E0.00392
G1 X16.15 Y20.501 E0.04495
G1 X15.983 Y20.373 E0.0035
G1 X15.855 Y20.206 E0.0035
G1 X15.159 Y17.594 E0.04495
G1 X15.188 Y17.36 E0.00392
G1 X15.304 Y17.146 E0.00405
G1 X17.103 Y15.343 E0.04236
G1 X17.357 Y15.192 E0.00491
G1 X17.591 Y15.163 E0.00392
G1 X20.206 Y15.86 E0.04501
G1 X20.372 Y15.987 E0.00348
G1 X20.5 Y16.153 E0.00349
G1 X21.197 Y18.762 E0.04491
G1 X21.168 Y18.996 E0.00392
G1 X21.012 Y19.254 E0.00501
G1 X19.211 Y21.051 E0.04231
G0 F7200 X19.433 Y21.274
G0 X22.792 Y27.708
G0 X26.15 Y28.607
G0 X26.282 Y28.124
G1 F3600 X26.068 Y28.24 E0.00405
G1 X25.834 Y28.269 E0.00392
G1 X23.225 Y27.573 E0.04491
G1 X23.055 Y27.445 E0.00354
G1 X22.925 Y27.274 E0.00357
G1 X22.236 Y24.657 E0.045
G1 X22.264 Y24.426 E0.00387
G1 X22.379 Y24.21 E0.00407
G1 X24.173 Y22.414 E0.04222
G1 X24.426 Y22.264 E0.00489
G1 X24.66 Y22.235 E0.00392
G1 X27.275 Y22.926 E0.04498
G1 X27.444 Y23.055 E0.00354
G1 X27.573 Y23.224 E0.00354
G1 X28.269 Y25.834 E0.04492
G1 X28.24 Y26.068 E0.00392
G1 X28.089 Y26.321 E0.0049
G1 X26.282 Y28.124 E0.04245
G0 F7200 X26.503 Y28.346
G0 X29.866 Y34.779
G0 X33.221 Y35.678
G0 X33.355 Y35.195
G1 F3600 X33.14 Y35.311 E0.00406
G1 X32.905 Y35.341 E0.00394
G1 X30.297 Y34.641 E0.04491
G1 X30.127 Y34.513 E0.00354
G1 X30 Y34.346 E0.00349
G1 X29.303 Y31.738 E0.04489
G1 X29.332 Y31.504 E0.00392
G1 X29.448 Y31.29 E0.00405
G1 X31.251 Y29.483 E0.04245
G1 X31.504 Y29.332 E0.0049
G1 X31.738 Y29.303 E0.00392
G1 X34.347 Y30 E0.04491
G1 X34.512 Y30.127 E0.00346
G1 X34.641 Y30.294 E0.00351
G1 X35.341 Y32.905 E0.04495
G1 X35.312 Y33.14 E0.00394
G1 X35.16 Y33.394 E0.00492
G1 X33.355 Y35.195 E0.0424
G0 F7200 X33.575 Y35.416
G0 X36.935 Y41.851
G0 X40.299 Y42.744
G0 X40.43 Y42.261
G1 F3600 X40.214 Y42.376 E0.00407
G1 X39.98 Y42.405 E0.00392
G1 X37.37 Y41.715 E0.0449
G1 X37.199 Y41.585 E0.00357
G1 X37.069 Y41.414 E0.00357
G1 X36.379 Y38.804 E0.0449
G1 X36.408 Y38.57 E0.00392
G1 X36.523 Y38.354 E0.00407
G1 X38.319 Y36.555 E0.04227
G1 X38.573 Y36.404 E0.00491
G1 X38.807 Y36.375 E0.00392
G1 X41.419 Y37.072 E0.04496
G1 X41.584 Y37.199 E0.00346
G1 X41.712 Y37.365 E0.00349
G1 X42.409 Y39.974 E0.04491
G1 X42.38 Y40.208 E0.00392
G1 X42.227 Y40.462 E0.00493
G1 X40.43 Y42.261 E0.04229
G0 F7200 X40.651 Y42.483
G0 X44.008 Y48.921
G0 X47.364 Y49.82
G0 X47.494 Y49.336
G1 F3600 X47.28 Y49.452 E0.00405
G1 X47.046 Y49.481 E0.00392
G1 X44.437 Y48.784 E0.04491
G1 X44.272 Y48.657 E0.00346
G1 X44.143 Y48.49 E0.00351
G1 X43.443 Y45.879 E0.04495
G1 X43.473 Y45.644 E0.00394
G1 X43.589 Y45.429 E0.00406
G1 X45.391 Y43.623 E0.04243
G1 X45.644 Y43.472 E0.0049
G1 X45.879 Y43.443 E0.00394
G1 X48.487 Y44.143 E0.04491
G1 X48.657 Y44.271 E0.00354
G1 X48.784 Y44.438 E0.00349
G1 X49.481 Y47.046 E0.04489
G1 X49.452 Y47.28 E0.00392
G1 X49.301 Y47.533 E0.0049
G1 X47.494 Y49.336 E0.04245
G0 F7200 X47.717 Y49.559
G0 X51.079 Y55.992
G0 X54.435 Y56.891
G0 X54.566 Y56.408
G1 F3600 X54.352 Y56.524 E0.00405
G1 X54.118 Y56.553 E0.00392
G1 X51.506 Y55.857 E0.04495
G1 X51.339 Y55.729 E0.0035
G1 X51.211 Y55.562 E0.0035
G1 X50.515 Y52.95 E0.04495
G1 X50.544 Y52.716 E0.00392
G1 X50.66 Y52.502 E0.00405
G1 X52.463 Y50.695 E0.04245
G1 X52.716 Y50.544 E0.0049
G1 X52.95 Y50.515 E0.00392
G1 X55.562 Y51.211 E0.04495
G1 X55.729 Y51.339 E0.0035
G1 X55.857 Y51.506 E0.0035
G1 X56.553 Y54.118 E0.04495
G1 X56.524 Y54.352 E0.00392
G1 X56.373 Y54.605 E0.0049
G1 X54.566 Y56.408 E0.04245
G0 F7200 X54.788 Y56.63
G0 X58.15 Y63.063
G0 X61.506 Y63.962
G0 X61.638 Y63.48
G1 F3600 X61.424 Y63.596 E0.00405
G1 X61.189 Y63.625 E0.00394
G1 X58.581 Y62.925 E0.04491
G1 X58.411 Y62.797 E0.00354
G1 X58.284 Y62.63 E0.00349
G1 X57.587 Y60.022 E0.04489
G1 X57.616 Y59.788 E0.00392
G1 X57.732 Y59.574 E0.00405
G1 X59.535 Y57.767 E0.04245
G1 X59.788 Y57.616 E0.0049
G1 X60.022 Y57.587 E0.00392
G1 X62.631 Y58.284 E0.04491
G1 X62.796 Y58.411 E0.00346
G1 X62.925 Y58.578 E0.00351
G1 X63.625 Y61.189 E0.04495
G1 X63.596 Y61.424 E0.00394
G1 X63.445 Y61.677 E0.0049
G1 X61.638 Y63.48 E0.04245
G0 F7200 X61.859 Y63.701
G0 X65.221 Y70.134
G0 X68.577 Y71.033
G0 X68.71 Y70.548
G1 F3600 X68.495 Y70.664 E0.00406
G1 X68.261 Y70.693 E0.00392
G1 X65.649 Y69.996 E0.04496
G1 X65.484 Y69.869 E0.00346
G1 X65.356 Y69.703 E0.00349
G1 X64.659 Y67.094 E0.04491
G1 X64.688 Y66.86 E0.00392
G1 X64.804 Y66.646 E0.00405
G1 X66.607 Y64.839 E0.04245
G1 X66.86 Y64.688 E0.0049
G1 X67.094 Y64.659 E0.00392
G1 X69.702 Y65.356 E0.04489
G1 X69.869 Y65.483 E0.00349
G1 X69.997 Y65.65 E0.0035
G1 X70.693 Y68.261 E0.04494
G1 X70.664 Y68.495 E0.00392
G1 X70.513 Y68.749 E0.00491
G1 X68.71 Y70.548 E0.04236
G0 F7200 X68.932 Y70.77
G0 X72.292 Y77.208
G0 X75.654 Y78.098
G0 X75.786 Y77.617
G1 F3600 X75.57 Y77.732 E0.00407
G1 X75.336 Y77.761 E0.00392
G1 X72.726 Y77.071 E0.0449
G1 X72.555 Y76.941 E0.00357
G1 X72.427 Y76.773 E0.00351
G1 X71.727 Y74.163 E0.04494
G1 X71.756 Y73.928 E0.00394
G1 X71.872 Y73.713 E0.00406
G1 X73.675 Y71.908 E0.04243
G1 X73.928 Y71.756 E0.00491
G1 X74.163 Y71.727 E0.00394
G1 X76.771 Y72.427 E0.04491
G1 X76.941 Y72.555 E0.00354
G1 X77.068 Y72.722 E0.00349
G1 X77.765 Y75.33 E0.04489
G1 X77.736 Y75.564 E0.00392
G1 X77.583 Y75.818 E0.00493
G1 X75.786 Y77.617 E0.04229
G0 F7200 X76.006 Y77.838
G0 X79.363 Y84.277
G0 X82.719 Y85.176
G0 X82.85 Y84.692
G1 F3600 X82.636 Y84.808 E0.00405
G1 X82.402 Y84.837 E0.00392
G1 X79.79 Y84.141 E0.04495
G1 X79.623 Y84.013 E0.0035
G1 X79.495 Y83.846 E0.0035
G1 X78.799 Y81.234 E0.04495
G1 X78.829 Y81 E0.00392
G1 X78.945 Y80.785 E0.00406
G1 X80.747 Y78.979 E0.04243
G1 X81 Y78.828 E0.0049
G1 X81.234 Y78.799 E0.00392
G1 X83.846 Y79.495 E0.04495
G1 X84.013 Y79.623 E0.0035
G1 X84.141 Y79.79 E0.0035
G1 X84.837 Y82.402 E0.04495
G1 X84.808 Y82.636 E0.00392
G1 X84.657 Y82.889 E0.0049
G1 X82.85 Y84.692 E0.04245
G0 F7200 X83.072 Y84.915
G0 X86.434 Y91.348
G0 X89.79 Y92.247
G0 X89.961 Y91.729
G1 F3600 X89.67 Y91.889 E0.00552
G1 X89.381 Y91.884 E0.00481
G1 X86.862 Y91.213 E0.04335
G1 X86.695 Y91.085 E0.0035
G1 X86.567 Y90.918 E0.0035
G1 X85.871 Y88.306 E0.04495
G1 X85.9 Y88.072 E0.00392
G1 X86.016 Y87.858 E0.00405
G1 X87.819 Y86.051 E0.04245
G1 X88.072 Y85.9 E0.0049
G1 X88.306 Y85.871 E0.00392
G1 X90.918 Y86.567 E0.04495
G1 X91.085 Y86.695 E0.0035
G1 X91.213 Y86.862 E0.0035
G1 X91.884 Y89.381 E0.04335
G1 X91.89 Y89.67 E0.00481
G1 X91.784 Y89.906 E0.0043
G1 X89.961 Y91.729 E0.04287
G0 F7200 X90.18 Y91.949
G0 X86.416 Y97.191
G0 X86.416 Y97.587
G1 F3600 X97.587 Y86.416 E0.26272
G1 X13.584 Y2.413 E1.97562
G1 X2.413 Y13.584 E0.26272
G1 X86.416 Y97.587 E1.97562
G0 F7200 X86.416 Y98.153
;TYPE:WALL-OUTER
G1 F1800 X98.153 Y86.416 E0.27604
G1 X13.584 Y1.847 E1.98893
G1 X1.847 Y13.584 E0.27604
G1 X86.416 Y98.153 E1.98893
G0 F7200 X86.557 Y98.012
G0 X86.416 Y97.191
G0 X90.18 Y91.949
G0 X89.678 Y91.446
G1 F1800 X89.55 Y91.516 E0.00243
G1 X87.035 Y90.845 E0.04329
G1 X86.926 Y90.712 E0.00286
G1 X86.282 Y88.296 E0.04158
G1 X86.322 Y88.115 E0.00308
G1 X88.126 Y86.31 E0.04244
G1 X88.252 Y86.276 E0.00217
G1 X90.745 Y86.935 E0.04288
G1 X90.854 Y87.068 E0.00286
G1 X91.498 Y89.484 E0.04158
G1 X91.468 Y89.651 E0.00282
G1 X89.678 Y91.446 E0.04216
G0 F7200 X89.55 Y91.516
G0 X89.498 Y91.503
G0 X89.315 Y92.187
G0 X86.434 Y91.348
G0 X83.097 Y84.89
G0 X82.593 Y84.386
G1 F1800 X82.456 Y84.432 E0.0024
G1 X79.963 Y83.773 E0.04288
G1 X79.854 Y83.64 E0.00286
G1 X79.197 Y81.176 E0.04241
G1 X79.235 Y81.057 E0.00208
G1 X81.054 Y79.238 E0.04278
G1 X81.18 Y79.204 E0.00217
G1 X83.673 Y79.863 E0.04288
G1 X83.782 Y79.996 E0.00286
G1 X84.439 Y82.46 E0.04241
G1 X84.401 Y82.579 E0.00208
G1 X82.593 Y84.386 E0.04251
G0 F7200 X82.456 Y84.432
G0 X82.403 Y84.418
G0 X82.218 Y85.109
G0 X79.363 Y84.277
G0 X76.031 Y77.813
G0 X75.529 Y77.31
G1 F1800 X75.391 Y77.356 E0.00242
G1 X72.928 Y76.71 E0.04235
G1 X72.805 Y76.639 E0.00236
G1 X72.138 Y74.152 E0.04282
G1 X72.178 Y73.971 E0.00308
G1 X73.982 Y72.166 E0.04244
G1 X74.108 Y72.132 E0.00217
G1 X76.601 Y72.795 E0.0429
G1 X76.71 Y72.928 E0.00286
G1 X77.367 Y75.388 E0.04234
G1 X77.329 Y75.507 E0.00208
G1 X75.529 Y77.31 E0.04237
G0 F7200 X75.391 Y77.356
G0 X75.338 Y77.343
G0 X75.155 Y78.033
G0 X72.292 Y77.208
G0 X68.956 Y70.746
G0 X68.453 Y70.242
G1 F1800 X68.315 Y70.288 E0.00242
G1 X65.823 Y69.629 E0.04287
G1 X65.714 Y69.496 E0.00286
G1 X65.07 Y67.084 E0.04152
G1 X65.11 Y66.903 E0.00308
G1 X66.914 Y65.098 E0.04244
G1 X67.04 Y65.064 E0.00217
G1 X69.529 Y65.723 E0.04282
G1 X69.638 Y65.856 E0.00286
G1 X70.288 Y68.315 E0.0423
G1 X70.23 Y68.466 E0.00269
G1 X68.453 Y70.242 E0.04178
G0 F7200 X68.315 Y70.288
G0 X68.262 Y70.274
G0 X68.077 Y70.966
G0 X65.221 Y70.134
G0 X61.883 Y63.677
G0 X61.381 Y63.174
G1 F1800 X61.244 Y63.22 E0.0024
G1 X58.751 Y62.557 E0.0429
G1 X58.642 Y62.424 E0.00286
G1 X57.998 Y60.012 E0.04152
G1 X58.038 Y59.831 E0.00308
G1 X59.842 Y58.026 E0.04244
G1 X59.968 Y57.992 E0.00217
G1 X62.457 Y58.651 E0.04282
G1 X62.566 Y58.784 E0.00286
G1 X63.227 Y61.248 E0.04243
G1 X63.189 Y61.367 E0.00208
G1 X61.381 Y63.174 E0.04251
G0 F7200 X61.244 Y63.22
G0 X61.191 Y63.206
G0 X61.006 Y63.895
G0 X58.15 Y63.063
G0 X54.812 Y56.606
G0 X54.309 Y56.102
G1 F1800 X54.172 Y56.148 E0.0024
G1 X51.679 Y55.489 E0.04288
G1 X51.57 Y55.356 E0.00286
G1 X50.926 Y52.94 E0.04158
G1 X50.966 Y52.759 E0.00308
G1 X52.77 Y50.954 E0.04244
G1 X52.896 Y50.92 E0.00217
G1 X55.389 Y51.579 E0.04288
G1 X55.498 Y51.712 E0.00286
G1 X56.155 Y54.176 E0.04241
G1 X56.117 Y54.295 E0.00208
G1 X54.309 Y56.102 E0.04251
G0 F7200 X54.172 Y56.148
G0 X54.119 Y56.134
G0 X53.934 Y56.824
G0 X51.079 Y55.992
G0 X47.741 Y49.535
G0 X47.237 Y49.03
G1 F1800 X47.1 Y49.076 E0.0024
G1 X44.611 Y48.417 E0.04282
G1 X44.502 Y48.284 E0.00286
G1 X43.841 Y45.82 E0.04243
G1 X43.879 Y45.701 E0.00208
G1 X45.698 Y43.882 E0.04278
G1 X45.824 Y43.848 E0.00217
G1 X48.317 Y44.511 E0.0429
G1 X48.426 Y44.644 E0.00286
G1 X49.083 Y47.104 E0.04234
G1 X49.045 Y47.223 E0.00208
G1 X47.237 Y49.03 E0.04251
G0 F7200 X47.1 Y49.076
G0 X47.047 Y49.062
G0 X46.862 Y49.753
G0 X44.008 Y48.921
G0 X40.677 Y42.458
G0 X40.173 Y41.954
G1 F1800 X40.035 Y42 E0.00242
G1 X37.572 Y41.354 E0.04235
G1 X37.482 Y41.302 E0.00173
G1 X37.43 Y41.212 E0.00173
G1 X36.784 Y38.749 E0.04235
G1 X36.83 Y38.611 E0.00242
G1 X38.627 Y36.813 E0.04227
G1 X38.753 Y36.78 E0.00217
G1 X41.245 Y37.439 E0.04287
G1 X41.354 Y37.572 E0.00286
G1 X42.011 Y40.032 E0.04234
G1 X41.973 Y40.151 E0.00208
G1 X40.173 Y41.954 E0.04237
G0 F7200 X40.035 Y42
G0 X39.982 Y41.987
G0 X39.798 Y42.678
G0 X36.935 Y41.851
G0 X33.587 Y35.404
G0 X33.086 Y34.902
G1 F1800 X32.96 Y34.936 E0.00217
G1 X30.467 Y34.273 E0.0429
G1 X30.358 Y34.14 E0.00286
G1 X29.714 Y31.728 E0.04152
G1 X29.754 Y31.547 E0.00308
G1 X31.558 Y29.742 E0.04244
G1 X31.684 Y29.708 E0.00217
G1 X34.173 Y30.367 E0.04282
G1 X34.282 Y30.5 E0.00286
G1 X34.943 Y32.964 E0.04243
G1 X34.905 Y33.083 E0.00208
G1 X33.086 Y34.902 E0.04278
G0 F7200 X32.96 Y34.936
G0 X32.894 Y34.919
G0 X32.709 Y35.608
G0 X29.866 Y34.779
G0 X26.528 Y28.321
G0 X26.025 Y27.818
G1 F1800 X25.888 Y27.864 E0.0024
G1 X23.395 Y27.205 E0.04288
G1 X23.286 Y27.072 E0.00286
G1 X22.64 Y24.605 E0.04241
G1 X22.686 Y24.467 E0.00242
G1 X24.481 Y22.672 E0.04222
G1 X24.605 Y22.64 E0.00213
G1 X27.072 Y23.286 E0.04241
G1 X27.162 Y23.338 E0.00173
G1 X27.214 Y23.428 E0.00173
G1 X27.871 Y25.892 E0.04241
G1 X27.833 Y26.011 E0.00208
G1 X26.025 Y27.818 E0.04251
G0 F7200 X25.888 Y27.864
G0 X25.835 Y27.85
G0 X25.65 Y28.54
G0 X22.792 Y27.708
G0 X19.445 Y21.262
G0 X18.942 Y20.758
G1 F1800 X18.816 Y20.792 E0.00217
G1 X16.323 Y20.133 E0.04288
G1 X16.214 Y20 E0.00286
G1 X15.57 Y17.584 E0.04158
G1 X15.61 Y17.403 E0.00308
G1 X17.411 Y15.601 E0.04237
G1 X17.537 Y15.568 E0.00217
G1 X20.033 Y16.227 E0.04293
G1 X20.142 Y16.36 E0.00286
G1 X20.799 Y18.82 E0.04234
G1 X20.761 Y18.939 E0.00208
G1 X18.942 Y20.758 E0.04278
G0 F7200 X18.816 Y20.792
G0 X18.75 Y20.775
G0 X18.565 Y21.465
G0 X15.723 Y20.637
G0 X12.385 Y14.18
G0 X11.881 Y13.674
G1 F1800 X11.744 Y13.72 E0.0024
G1 X9.255 Y13.061 E0.04282
G1 X9.146 Y12.928 E0.00286
G1 X8.498 Y10.512 E0.0416
G1 X8.528 Y10.345 E0.00282
G1 X10.318 Y8.55 E0.04216
G1 X10.444 Y8.48 E0.0024
G1 X12.962 Y9.155 E0.04335
G1 X13.07 Y9.288 E0.00285
G1 X13.727 Y11.752 E0.04241
G1 X13.689 Y11.871 E0.00208
G1 X11.881 Y13.674 E0.04246
G0 F7200 X11.744 Y13.72
G0 X11.691 Y13.706
G0 X11.506 Y14.397
G0 X15.723 Y20.637
G0 X86.416 Y97.045
;TYPE:SKIN
G1 F1800 X2.951 Y13.584 E1.96292
G1 X13.584 Y2.951 E0.25007
G1 X97.049 Y86.416 E1.96297
G1 X86.416 Y97.045 E0.25002
G0 F7200 X92.506 Y90.307
G1 F1437.1 X92.456 Y90.376 E0.00177
G1 F1478.4 X90.493 Y92.34 E0.05622
G1 F1398.1 X90.308 Y92.484 E0.00502
G0 F7200 X89.807 Y92.238
G1 F1800 X90.23 Y91.99 E0.00815
G1 X92.07 Y90.154 E0.04323
G1 X92.247 Y89.79 E0.00673
G1 X92.25 Y89.276 E0.00855
G1 X91.574 Y86.736 E0.04371
G1 X91.354 Y86.426 E0.00632
G1 X91.077 Y86.212 E0.00582
G1 X88.334 Y85.488 E0.04718
G1 X87.958 Y85.537 E0.00631
G1 X87.569 Y85.765 E0.0075
G1 X85.722 Y87.611 E0.04343
G1 X85.536 Y87.962 E0.00661
G1 X85.494 Y88.38 E0.00699
G1 X86.202 Y91.04 E0.04578
G1 X86.426 Y91.354 E0.00641
G1 X86.736 Y91.574 E0.00632
G1 X89.276 Y92.25 E0.04371
G1 X89.807 Y92.238 E0.00883
G0 F7200 X89.805 Y92.305
G0 X86.434 Y91.348
G0 X82.734 Y85.234
G0 X82.742 Y85.172
G1 F1800 X83.093 Y84.982 E0.00664
G1 X84.943 Y83.139 E0.04343
G1 X85.167 Y82.746 E0.00752
G1 X85.222 Y82.355 E0.00657
G1 X84.502 Y79.664 E0.04633
G1 X84.282 Y79.354 E0.00632
G1 X84.005 Y79.14 E0.00582
G1 X81.262 Y78.416 E0.04718
G1 X80.884 Y78.466 E0.00634
G1 X80.478 Y78.71 E0.00788
G1 X78.646 Y80.546 E0.04313
G1 X78.46 Y80.89 E0.0065
G1 X78.414 Y81.274 E0.00643
G1 X79.13 Y83.968 E0.04636
G1 X79.354 Y84.282 E0.00641
G1 X79.664 Y84.502 E0.00632
G1 X82.328 Y85.214 E0.04586
G1 X82.742 Y85.172 E0.00692
G0 F7200 X82.734 Y85.234
G0 X79.363 Y84.277
G0 X75.67 Y78.156
G0 X75.677 Y78.096
G1 F1800 X76.029 Y77.906 E0.00665
G1 X77.866 Y76.067 E0.04323
G1 X78.095 Y75.679 E0.00749
G1 X78.142 Y75.251 E0.00716
G1 X77.426 Y72.595 E0.04575
G1 X77.206 Y72.286 E0.00631
G1 X76.938 Y72.076 E0.00566
G1 X74.202 Y71.342 E0.04711
G1 X73.849 Y71.385 E0.00591
G1 X73.421 Y71.621 E0.00813
G1 X71.582 Y73.467 E0.04333
G1 X71.388 Y73.819 E0.00668
G1 X71.342 Y74.202 E0.00642
G1 X72.066 Y76.896 E0.04639
G1 X72.286 Y77.21 E0.00638
G1 X72.56 Y77.42 E0.00574
G1 X75.31 Y78.14 E0.04727
G1 X75.677 Y78.096 E0.00615
G0 F7200 X75.67 Y78.156
G0 X72.292 Y77.208
G0 X68.592 Y71.091
G0 X68.601 Y71.028
G1 F1800 X68.953 Y70.842 E0.00662
G1 X70.799 Y68.999 E0.04338
G1 X71.023 Y68.605 E0.00754
G1 X71.072 Y68.234 E0.00622
G1 X70.354 Y65.524 E0.04662
G1 X70.134 Y65.21 E0.00638
G1 X69.828 Y64.994 E0.00623
G1 X67.138 Y64.274 E0.04631
G1 X66.707 Y64.342 E0.00726
G1 X66.357 Y64.553 E0.0068
G1 X64.51 Y66.399 E0.04343
G1 X64.324 Y66.75 E0.00661
G1 X64.282 Y67.168 E0.00699
G1 X64.994 Y69.828 E0.04579
G1 X65.214 Y70.138 E0.00632
G1 X65.487 Y70.348 E0.00573
G1 X68.234 Y71.072 E0.04724
G1 X68.601 Y71.028 E0.00615
G0 F7200 X68.592 Y71.091
G0 X65.221 Y70.134
G0 X61.521 Y64.02
G0 X61.53 Y63.96
G1 F1800 X61.881 Y63.77 E0.00664
G1 X63.731 Y61.927 E0.04343
G1 X63.955 Y61.533 E0.00754
G1 X64.006 Y61.146 E0.00649
G1 X63.282 Y58.448 E0.04646
G1 X63.066 Y58.138 E0.00628
G1 X62.756 Y57.922 E0.00628
G1 X60.05 Y57.204 E0.04656
G1 X59.674 Y57.253 E0.00631
G1 X59.285 Y57.481 E0.0075
G1 X57.438 Y59.327 E0.04343
G1 X57.252 Y59.678 E0.00661
G1 X57.21 Y60.096 E0.00699
G1 X57.922 Y62.756 E0.04579
G1 X58.142 Y63.066 E0.00632
G1 X58.448 Y63.282 E0.00623
G1 X61.146 Y64.006 E0.04646
G1 X61.53 Y63.96 E0.00643
G0 F7200 X61.521 Y64.02
G0 X58.15 Y63.063
G0 X54.45 Y56.949
G0 X54.458 Y56.888
G1 F1800 X54.809 Y56.698 E0.00664
G1 X56.659 Y54.855 E0.04343
G1 X56.883 Y54.462 E0.00752
G1 X56.938 Y54.071 E0.00657
G1 X56.218 Y51.38 E0.04633
G1 X55.998 Y51.07 E0.00632
G1 X55.721 Y50.856 E0.00582
G1 X52.978 Y50.132 E0.04718
G1 X52.602 Y50.181 E0.00631
G1 X52.213 Y50.409 E0.0075
G1 X50.366 Y52.255 E0.04343
G1 X50.18 Y52.606 E0.00661
G1 X50.138 Y53.024 E0.00699
G1 X50.846 Y55.684 E0.04578
G1 X51.09 Y56.016 E0.00685
G1 X51.38 Y56.218 E0.00588
G1 X54.044 Y56.93 E0.04586
G1 X54.458 Y56.888 E0.00692
G0 F7200 X54.45 Y56.949
G0 X51.079 Y55.992
G0 X47.379 Y49.878
G0 X47.386 Y49.816
G1 F1800 X47.737 Y49.626 E0.00664
G1 X49.587 Y47.783 E0.04343
G1 X49.811 Y47.39 E0.00752
G1 X49.866 Y46.998 E0.00658
G1 X49.142 Y44.311 E0.04628
G1 X48.922 Y44.002 E0.00631
G1 X48.654 Y43.792 E0.00566
G1 X45.918 Y43.058 E0.04711
G1 X45.528 Y43.11 E0.00654
G1 X45.122 Y43.354 E0.00788
G1 X43.29 Y45.19 E0.04313
G1 X43.104 Y45.534 E0.0065
G1 X43.058 Y45.918 E0.00643
G1 X43.782 Y48.616 E0.04646
G1 X44.002 Y48.926 E0.00632
G1 X44.312 Y49.142 E0.00628
G1 X46.972 Y49.858 E0.04581
G1 X47.386 Y49.816 E0.00692
G0 F7200 X47.379 Y49.878
G0 X44.008 Y48.921
G0 X40.315 Y42.802
G0 X40.321 Y42.74
G1 F1800 X40.673 Y42.55 E0.00665
G1 X42.51 Y40.711 E0.04323
G1 X42.739 Y40.323 E0.00749
G1 X42.786 Y39.895 E0.00716
G1 X42.07 Y37.239 E0.04575
G1 X41.854 Y36.926 E0.00632
G1 X41.54 Y36.71 E0.00634
G1 X38.834 Y35.992 E0.04656
G1 X38.458 Y36.041 E0.00631
G1 X38.069 Y36.269 E0.0075
G1 X36.23 Y38.107 E0.04324
G1 X36.04 Y38.457 E0.00662
G1 X35.996 Y38.826 E0.00618
G1 X36.71 Y41.54 E0.04667
G1 X36.93 Y41.854 E0.00638
G1 X37.204 Y42.064 E0.00574
G1 X39.954 Y42.784 E0.04727
G1 X40.321 Y42.74 E0.00615
G0 F7200 X40.315 Y42.802
G0 X36.935 Y41.851
G0 X33.236 Y35.736
G0 X33.247 Y35.676
G1 F1800 X33.601 Y35.482 E0.00671
G1 X35.443 Y33.643 E0.04329
G1 X35.671 Y33.25 E0.00756
G1 X35.722 Y32.862 E0.00651
G1 X34.998 Y30.164 E0.04646
G1 X34.782 Y29.854 E0.00628
G1 X34.472 Y29.638 E0.00628
G1 X31.766 Y28.92 E0.04656
G1 X31.39 Y28.969 E0.00631
G1 X31.001 Y29.197 E0.0075
G1 X29.154 Y31.043 E0.04343
G1 X28.968 Y31.394 E0.00661
G1 X28.918 Y31.782 E0.00651
G1 X29.638 Y34.472 E0.04631
G1 X29.858 Y34.782 E0.00632
G1 X30.163 Y34.998 E0.00622
G1 X32.862 Y35.726 E0.04649
G1 X33.247 Y35.676 E0.00646
G0 F7200 X33.236 Y35.736
G0 X29.866 Y34.779
G0 X26.165 Y28.665
G0 X26.174 Y28.604
G1 F1800 X26.525 Y28.414 E0.00664
G1 X28.375 Y26.571 E0.04343
G1 X28.599 Y26.178 E0.00752
G1 X28.654 Y25.787 E0.00657
G1 X27.934 Y23.096 E0.04633
G1 X27.71 Y22.782 E0.00641
G1 X27.4 Y22.566 E0.00628
G1 X24.682 Y21.852 E0.04673
G1 X24.314 Y21.901 E0.00617
G1 X23.921 Y22.129 E0.00756
G1 X22.086 Y23.963 E0.04314
G1 X21.896 Y24.313 E0.00662
G1 X21.852 Y24.682 E0.00618
G1 X22.566 Y27.4 E0.04673
G1 X22.786 Y27.714 E0.00638
G1 X23.059 Y27.924 E0.00573
G1 X25.76 Y28.646 E0.04649
G1 X26.174 Y28.604 E0.00692
G0 F7200 X26.165 Y28.665
G0 X22.792 Y27.708
G0 X19.094 Y21.594
G0 X19.103 Y21.532
G1 F1800 X19.457 Y21.338 E0.00671
G1 X21.299 Y19.503 E0.04324
G1 X21.526 Y19.107 E0.00759
G1 X21.582 Y18.719 E0.00652
G1 X20.858 Y16.028 E0.04634
G1 X20.642 Y15.714 E0.00634
G1 X20.332 Y15.498 E0.00628
G1 X17.618 Y14.78 E0.04669
G1 X17.24 Y14.83 E0.00634
G1 X16.853 Y15.057 E0.00746
G1 X15.01 Y16.899 E0.04333
G1 X14.824 Y17.25 E0.00661
G1 X14.782 Y17.668 E0.00699
G1 X15.49 Y20.328 E0.04578
G1 X15.714 Y20.642 E0.00641
G1 X15.987 Y20.852 E0.00573
G1 X18.719 Y21.582 E0.04703
G1 X19.103 Y21.532 E0.00644
G0 F7200 X19.094 Y21.594
G0 X15.723 Y20.637
G0 X13.405 Y13.077
G0 X14.462 Y12.012
G0 X13.567 Y8.652
G0 X9.685 Y7.508
G1 F1440 X9.455 Y7.691 E0.00611
G1 F1525.4 X7.54 Y9.611 E0.05321
G1 F1457.5 X7.476 Y9.701 E0.00227
G0 F7200 X8.652 Y13.566
G0 X12.023 Y14.523
G0 X12.03 Y14.46
G1 F1800 X12.375 Y14.278 E0.00649
G1 X14.227 Y12.431 E0.0435
G1 X14.454 Y12.044 E0.00746
G1 X14.508 Y11.666 E0.00635
G1 X13.79 Y8.956 E0.04662
G1 X13.566 Y8.642 E0.00641
G1 X13.26 Y8.426 E0.00623
G1 X10.717 Y7.742 E0.04379
G1 X10.188 Y7.756 E0.0088
G1 X9.762 Y7.998 E0.00815
G1 X7.922 Y9.838 E0.04327
G1 X7.745 Y10.202 E0.00673
G1 X7.742 Y10.717 E0.00856
G1 X8.426 Y13.26 E0.04379
G1 X8.646 Y13.57 E0.00632
G1 X8.956 Y13.786 E0.00628
G1 X11.616 Y14.502 E0.04581
G1 X12.03 Y14.46 E0.00692
G0 F7200 X12.023 Y14.523
G0 X15.723 Y20.637
G0 X86.498 Y96.68
G1 F1800 X3.318 Y13.5 E1.95627
G0 F7200 X3.601 Y13.217
G1 F1800 X86.78 Y96.397 E1.95625
G0 F7200 X87.063 Y96.114
G1 F1800 X3.883 Y12.934 E1.95627
G0 F7200 X4.166 Y12.652
G1 F1800 X87.346 Y95.831 E1.95625
G0 F7200 X87.629 Y95.549
G1 F1800 X4.449 Y12.369 E1.95627
G0 F7200 X4.732 Y12.086
G1 F1800 X87.912 Y95.266 E1.95627
G0 F7200 X88.195 Y94.983
G1 F1800 X5.015 Y11.803 E1.95627
G0 F7200 X5.298 Y11.52
G1 F1800 X88.478 Y94.701 E1.95628
G0 F7200 X88.761 Y94.418
G1 F1800 X5.58 Y11.237 E1.95629
G0 F7200 X5.863 Y10.954
G1 F1800 X8.258 Y13.349 E0.05633
G1 X8.328 Y13.419
G0 F7200 X8.029 Y12.555
G1 F1800 X6.146 Y10.672 E0.04429
G0 F7200 X6.429 Y10.389
G1 F1800 X7.821 Y11.781 E0.03274
G1 X7.891 Y11.851
G0 F7200 X7.613 Y11.007
G1 F1800 X6.712 Y10.106 E0.02119
G0 F7200 X6.995 Y9.823
G1 F1800 X7.531 Y10.36 E0.01262
G0 F7200 X8.54 Y13.245
G0 X8.857 Y13.948
G1 F1800 X15.315 Y20.406 E0.15188
G1 X15.385 Y20.476
G0 F7200 X15.095 Y19.621
G1 F1800 X9.657 Y14.182 E0.12791
G1 X9.587 Y14.112
G0 F7200 X10.431 Y14.39
G1 F1800 X14.89 Y18.85 E0.10488
G0 F7200 X14.684 Y18.079
G1 F1800 X11.205 Y14.599 E0.08183
G0 F7200 X11.857 Y14.685
G1 F1800 X14.602 Y17.43 E0.06456
G0 F7200 X14.736 Y16.999
G1 F1800 X12.28 Y14.543 E0.05776
G0 F7200 X12.619 Y14.316
G1 F1800 X14.965 Y16.662 E0.05517
G0 F7200 X15.248 Y16.379
G1 F1800 X12.902 Y14.033 E0.05517
G0 F7200 X13.185 Y13.751
G1 F1800 X15.531 Y16.097 E0.05517
G0 F7200 X15.814 Y15.814
G1 F1800 X13.469 Y13.469 E0.05515
G0 F7200 X13.752 Y13.186
G1 F1800 X16.097 Y15.531 E0.05515
G0 F7200 X16.379 Y15.248
G1 F1800 X14.035 Y12.904 E0.05513
G0 F7200 X14.318 Y12.621
G1 F1800 X16.662 Y14.965 E0.05513
G0 F7200 X17.003 Y14.74
G1 F1800 X14.543 Y12.28 E0.05786
G0 F7200 X14.68 Y11.852
G1 F1800 X17.434 Y14.605 E0.06476
G0 F7200 X18.086 Y14.692
G1 F1800 X14.598 Y11.203 E0.08204
G0 F7200 X14.391 Y10.431
G1 F1800 X18.857 Y14.897 E0.10503
G0 F7200 X19.629 Y15.103
G1 F1800 X14.185 Y9.659 E0.12803
G1 X14.115 Y9.589
G0 F7200 X13.955 Y8.864
G1 F1800 X20.4 Y15.309 E0.15158
G1 X20.47 Y15.379
G0 F7200 X21.024 Y15.933
G1 F1800 X27.487 Y22.395 E0.15199
G1 X27.557 Y22.465
G0 F7200 X26.699 Y22.173
G1 F1800 X21.254 Y16.728 E0.12806
G1 X21.184 Y16.658
G0 F7200 X21.462 Y17.502
G1 F1800 X25.93 Y21.97 E0.10508
G0 F7200 X25.16 Y21.766
G1 F1800 X21.67 Y18.276 E0.08208
G0 F7200 X21.751 Y18.923
G1 F1800 X24.505 Y21.676 E0.06476
G0 F7200 X24.075 Y21.812
G1 F1800 X21.61 Y19.347 E0.05797
G0 F7200 X21.392 Y19.695
G1 F1800 X23.734 Y22.037 E0.05508
G0 F7200 X23.451 Y22.32
G1 F1800 X21.109 Y19.977 E0.05509
G0 F7200 X20.825 Y20.259
G1 F1800 X23.168 Y22.603 E0.05512
G0 F7200 X22.886 Y22.886
G1 F1800 X20.541 Y20.541 E0.05515
G0 F7200 X20.258 Y20.824
G1 F1800 X22.603 Y23.168 E0.05514
G0 F7200 X22.32 Y23.451
G1 F1800 X19.974 Y21.106 E0.05516
G0 F7200 X19.691 Y21.388
G1 F1800 X22.037 Y23.734 E0.05517
G0 F7200 X21.805 Y24.068
G1 F1800 X19.355 Y21.618 E0.05762
G0 F7200 X18.929 Y21.757
G1 F1800 X21.675 Y24.503 E0.06458
G0 F7200 X21.765 Y25.16
G1 F1800 X18.278 Y21.672 E0.08202
G0 F7200 X17.506 Y21.466
G1 F1800 X21.97 Y25.93 E0.10499
G0 F7200 X22.173 Y26.699
G1 F1800 X16.734 Y21.259 E0.12793
G1 X16.664 Y21.189
G0 F7200 X15.947 Y21.039
G1 F1800 X22.399 Y27.49 E0.15173
G1 X22.469 Y27.56
G0 F7200 X23.019 Y28.11
G1 F1800 X29.472 Y34.563 E0.15176
G1 X29.542 Y34.633
G0 F7200 X29.242 Y33.768
G1 F1800 X23.805 Y28.331 E0.12787
G0 F7200 X24.578 Y28.537
G1 F1800 X29.036 Y32.996 E0.10486
G0 F7200 X28.829 Y32.224
G1 F1800 X25.349 Y28.743 E0.08186
G0 F7200 X25.99 Y28.819
G1 F1800 X28.745 Y31.574 E0.06479
G0 F7200 X28.88 Y31.142
G1 F1800 X26.431 Y28.694 E0.05758
G0 F7200 X26.763 Y28.46
G1 F1800 X29.109 Y30.806 E0.05517
G0 F7200 X29.392 Y30.523
G1 F1800 X27.045 Y28.177 E0.05519
G0 F7200 X27.329 Y27.895
G1 F1800 X29.674 Y30.24 E0.05515
G0 F7200 X29.958 Y29.958
G1 F1800 X27.613 Y27.613 E0.05515
G0 F7200 X27.895 Y27.33
G1 F1800 X30.241 Y29.675 E0.05516
G0 F7200 X30.524 Y29.392
G1 F1800 X28.179 Y27.048 E0.05514
G0 F7200 X28.462 Y26.765
G1 F1800 X30.807 Y29.109 E0.05514
G0 F7200 X31.147 Y28.884
G1 F1800 X28.685 Y26.422 E0.0579
G0 F7200 X28.823 Y25.995
G1 F1800 X31.574 Y28.746 E0.0647
G0 F7200 X32.224 Y28.829
G1 F1800 X28.745 Y25.35 E0.08182
G0 F7200 X28.538 Y24.578
G1 F1800 X32.996 Y29.036 E0.10485
G1 X33.066 Y29.106
G0 F7200 X33.769 Y29.243
G1 F1800 X28.331 Y23.805 E0.12789
G1 X28.261 Y23.735
G0 F7200 X28.12 Y23.028
G1 F1800 X34.541 Y29.45 E0.15102
G1 X34.611 Y29.52
G0 F7200 X35.167 Y30.076
G1 F1800 X41.639 Y36.548 E0.15221
G1 X41.709 Y36.618
G0 F7200 X40.84 Y36.315
G1 F1800 X35.393 Y30.867 E0.12812
G1 X35.323 Y30.797
G0 F7200 X35.601 Y31.641
G1 F1800 X40.068 Y36.108 E0.10506
G1 X40.138 Y36.178
G0 F7200 X39.295 Y35.901
G1 F1800 X35.809 Y32.414 E0.082
G0 F7200 X35.893 Y33.065
G1 F1800 X38.646 Y35.817 E0.06473
G0 F7200 X38.217 Y35.954
G1 F1800 X35.756 Y33.494 E0.05787
G0 F7200 X35.532 Y33.835
G1 F1800 X37.878 Y36.181 E0.05517
G0 F7200 X37.595 Y36.463
G1 F1800 X35.249 Y34.118 E0.05516
G0 F7200 X34.966 Y34.401
G1 F1800 X37.312 Y36.746 E0.05516
G0 F7200 X37.029 Y37.029
G1 F1800 X34.684 Y34.684 E0.05515
G0 F7200 X34.4 Y34.966
G1 F1800 X36.747 Y37.313 E0.0552
G0 F7200 X36.464 Y37.595
G1 F1800 X34.117 Y35.249 E0.05519
G0 F7200 X33.834 Y35.531
G1 F1800 X36.181 Y37.878 E0.0552
G0 F7200 X35.949 Y38.211
G1 F1800 X33.499 Y35.762 E0.05761
G0 F7200 X33.072 Y35.901
G1 F1800 X35.819 Y38.648 E0.06461
G0 F7200 X35.91 Y39.305
G1 F1800 X32.42 Y35.814 E0.08209
G1 X32.35 Y35.744
G0 F7200 X31.645 Y35.605
G1 F1800 X36.115 Y40.075 E0.10513
G0 F7200 X36.319 Y40.845
G1 F1800 X30.87 Y35.396 E0.12815
G1 X30.8 Y35.326
G0 F7200 X30.077 Y35.169
G1 F1800 X36.552 Y41.644 E0.15228
G1 X36.622 Y41.714
G0 F7200 X37.15 Y42.241
G1 F1800 X43.617 Y48.708 E0.15209
G1 X43.687 Y48.778
G0 F7200 X43.386 Y47.911
G1 F1800 X37.94 Y42.465 E0.12808
G0 F7200 X38.708 Y42.668
G1 F1800 X43.178 Y47.138 E0.10513
G1 X43.248 Y47.208
G0 F7200 X42.971 Y46.365
G1 F1800 X39.476 Y42.87 E0.0822
G0 F7200 X40.133 Y42.962
G1 F1800 X42.884 Y45.712 E0.06469
G0 F7200 X43.019 Y45.282
G1 F1800 X40.569 Y42.832 E0.05762
G0 F7200 X40.903 Y42.6
G1 F1800 X43.254 Y44.951 E0.05529
G0 F7200 X43.536 Y44.667
G1 F1800 X41.185 Y42.317 E0.05528
G0 F7200 X41.469 Y42.035
G1 F1800 X43.818 Y44.384 E0.05524
G0 F7200 X44.099 Y44.099
G1 F1800 X41.753 Y41.753 E0.05517
G0 F7200 X42.035 Y41.47
G1 F1800 X44.382 Y43.816 E0.05519
G0 F7200 X44.664 Y43.532
G1 F1800 X42.319 Y41.188 E0.05514
G0 F7200 X42.602 Y40.905
G1 F1800 X44.946 Y43.249 E0.05513
G0 F7200 X45.285 Y43.022
G1 F1800 X42.827 Y40.565 E0.0578
G0 F7200 X42.964 Y40.135
G1 F1800 X45.714 Y42.885 E0.06468
G0 F7200 X46.364 Y42.97
G1 F1800 X42.882 Y39.488 E0.08189
G1 X42.812 Y39.418
G0 F7200 X42.674 Y38.714
G1 F1800 X47.138 Y43.178 E0.10499
G1 X47.208 Y43.248
G0 F7200 X47.911 Y43.386
G1 F1800 X42.465 Y37.94 E0.12808
G1 X42.395 Y37.87
G0 F7200 X42.231 Y37.14
G1 F1800 X48.709 Y43.618 E0.15235
G1 X48.779 Y43.688
G0 F7200 X49.301 Y44.21
G1 F1800 X55.762 Y50.671 E0.15195
G1 X55.832 Y50.741
G0 F7200 X54.978 Y50.452
G1 F1800 X49.538 Y45.012 E0.12794
G1 X49.468 Y44.942
G0 F7200 X49.746 Y45.787
G1 F1800 X54.206 Y50.246 E0.10488
G0 F7200 X53.435 Y50.041
G1 F1800 X49.956 Y46.562 E0.08182
G0 F7200 X50.036 Y47.207
G1 F1800 X52.786 Y49.958 E0.06469
G0 F7200 X52.358 Y50.096
G1 F1800 X49.898 Y47.635 E0.05787
G0 F7200 X49.674 Y47.977
G1 F1800 X52.018 Y50.321 E0.05513
G0 F7200 X51.735 Y50.604
G1 F1800 X49.391 Y48.26 E0.05513
G0 F7200 X49.108 Y48.542
G1 F1800 X51.453 Y50.887 E0.05515
G0 F7200 X51.17 Y51.17
G1 F1800 X48.824 Y48.824 E0.05517
G0 F7200 X48.541 Y49.106
G1 F1800 X50.887 Y51.453 E0.05519
G0 F7200 X50.604 Y51.735
G1 F1800 X48.258 Y49.389 E0.05517
G0 F7200 X47.974 Y49.671
G1 F1800 X50.321 Y52.018 E0.0552
G0 F7200 X50.092 Y52.355
G1 F1800 X47.643 Y49.906 E0.0576
G0 F7200 X47.203 Y50.031
G1 F1800 X49.958 Y52.786 E0.06479
G0 F7200 X50.041 Y53.435
G1 F1800 X46.561 Y49.955 E0.08184
G1 X46.491 Y49.885
G0 F7200 X45.787 Y49.746
G1 F1800 X50.246 Y54.206 E0.10488
G0 F7200 X50.451 Y54.977
G1 F1800 X45.013 Y49.538 E0.12791
G1 X44.943 Y49.468
G0 F7200 X44.213 Y49.304
G1 F1800 X50.67 Y55.761 E0.15186
G1 X50.74 Y55.831
G0 F7200 X51.318 Y56.409
G1 F1800 X57.755 Y62.846 E0.15139
G1 X57.825 Y62.916
G0 F7200 X57.526 Y62.051
G1 F1800 X52.09 Y56.615 E0.12785
G0 F7200 X52.862 Y56.822
G1 F1800 X57.32 Y61.28 E0.10485
G0 F7200 X57.114 Y60.508
G1 F1800 X53.634 Y57.028 E0.08184
G0 F7200 X54.275 Y57.103
G1 F1800 X57.03 Y59.858 E0.06479
G0 F7200 X57.164 Y59.427
G1 F1800 X54.715 Y56.978 E0.0576
G0 F7200 X55.047 Y56.744
G1 F1800 X57.393 Y59.09 E0.05517
G0 F7200 X57.676 Y58.807
G1 F1800 X55.33 Y56.461 E0.05517
G0 F7200 X55.613 Y56.179
G1 F1800 X57.959 Y58.524 E0.05516
G0 F7200 X58.242 Y58.242
G1 F1800 X55.897 Y55.897 E0.05515
G0 F7200 X56.18 Y55.614
G1 F1800 X58.524 Y57.959 E0.05514
G0 F7200 X58.807 Y57.676
G1 F1800 X56.463 Y55.332 E0.05513
G0 F7200 X56.746 Y55.049
G1 F1800 X59.09 Y57.393 E0.05513
G0 F7200 X59.43 Y57.167
G1 F1800 X56.969 Y54.707 E0.05787
G0 F7200 X57.107 Y54.279
G1 F1800 X59.859 Y57.03 E0.06471
G0 F7200 X60.508 Y57.114
G1 F1800 X57.028 Y53.634 E0.08184
G0 F7200 X56.822 Y52.862
G1 F1800 X61.28 Y57.32 E0.10485
G1 X61.35 Y57.39
G0 F7200 X62.053 Y57.527
G1 F1800 X56.615 Y52.09 E0.12788
G1 X56.545 Y52.02
G0 F7200 X56.394 Y51.303
G1 F1800 X62.846 Y57.754 E0.15173
G1 X62.916 Y57.824
G0 F7200 X63.449 Y58.358
G1 F1800 X69.919 Y64.828 E0.15216
G1 X69.989 Y64.898
G0 F7200 X69.124 Y64.598
G1 F1800 X63.678 Y59.152 E0.12808
G1 X63.608 Y59.082
G0 F7200 X63.885 Y59.925
G1 F1800 X68.351 Y64.391 E0.10503
G0 F7200 X67.579 Y64.185
G1 F1800 X64.093 Y60.699 E0.08199
G0 F7200 X64.178 Y61.35
G1 F1800 X66.93 Y64.101 E0.06471
G0 F7200 X66.503 Y64.24
G1 F1800 X64.041 Y61.779 E0.05789
G0 F7200 X63.818 Y62.121
G1 F1800 X66.163 Y64.466 E0.05515
G0 F7200 X65.88 Y64.748
G1 F1800 X63.535 Y62.404 E0.05514
G0 F7200 X63.251 Y62.686
G1 F1800 X65.597 Y65.031 E0.05516
G0 F7200 X65.314 Y65.314
G1 F1800 X62.969 Y62.969 E0.05515
G0 F7200 X62.685 Y63.251
G1 F1800 X65.03 Y65.596 E0.05515
G0 F7200 X64.748 Y65.879
G1 F1800 X62.401 Y63.533 E0.05519
G0 F7200 X62.119 Y63.816
G1 F1800 X64.465 Y66.162 E0.05517
G0 F7200 X64.236 Y66.498
G1 F1800 X61.787 Y64.05 E0.05758
G0 F7200 X61.344 Y64.172
G1 F1800 X64.101 Y66.93 E0.06485
G0 F7200 X64.185 Y67.58
G1 F1800 X60.699 Y64.093 E0.082
G1 X60.629 Y64.023
G0 F7200 X59.925 Y63.885
G1 F1800 X64.392 Y68.352 E0.10506
G1 X64.462 Y68.422
G0 F7200 X64.599 Y69.125
G1 F1800 X59.152 Y63.678 E0.12811
G1 X59.082 Y63.608
G0 F7200 X58.358 Y63.449
G1 F1800 X64.829 Y69.92 E0.15219
G1 X64.899 Y69.99
G0 F7200 X65.433 Y70.524
G1 F1800 X71.905 Y76.996 E0.15221
G1 X71.975 Y77.066
G0 F7200 X71.671 Y76.196
G1 F1800 X66.225 Y70.751 E0.12807
G0 F7200 X66.996 Y70.956
G1 F1800 X71.463 Y75.423 E0.10506
G1 X71.533 Y75.493
G0 F7200 X71.255 Y74.649
G1 F1800 X67.766 Y71.16 E0.08206
G0 F7200 X68.421 Y71.249
G1 F1800 X71.167 Y73.996 E0.06459
G0 F7200 X71.303 Y73.565
G1 F1800 X68.854 Y71.117 E0.05758
G0 F7200 X69.19 Y70.887
G1 F1800 X71.537 Y73.234 E0.0552
G0 F7200 X71.819 Y72.95
G1 F1800 X69.474 Y70.605 E0.05515
G0 F7200 X69.757 Y70.322
G1 F1800 X72.101 Y72.667 E0.05514
G0 F7200 X72.382 Y72.382
G1 F1800 X70.04 Y70.04 E0.05508
G0 F7200 X70.324 Y69.758
G1 F1800 X72.664 Y72.099 E0.05504
G0 F7200 X72.946 Y71.814
G1 F1800 X70.607 Y69.476 E0.055
G0 F7200 X70.89 Y69.193
G1 F1800 X73.228 Y71.531 E0.05499
G0 F7200 X73.567 Y71.304
G1 F1800 X71.108 Y68.845 E0.05783
G0 F7200 X71.246 Y68.418
G1 F1800 X74.006 Y71.177 E0.0649
G0 F7200 X74.649 Y71.254
G1 F1800 X71.16 Y67.766 E0.08204
G0 F7200 X70.954 Y66.994
G1 F1800 X75.422 Y71.462 E0.10508
G1 X75.492 Y71.532
G0 F7200 X76.195 Y71.67
G1 F1800 X70.747 Y66.222 E0.12813
G1 X70.677 Y66.152
G0 F7200 X70.514 Y65.423
G1 F1800 X76.993 Y71.901 E0.15236
G1 X77.063 Y71.971
G0 F7200 X77.585 Y72.494
G1 F1800 X84.047 Y78.956 E0.15198
G1 X84.117 Y79.026
G0 F7200 X83.261 Y78.736
G1 F1800 X77.821 Y73.296 E0.12794
G1 X77.751 Y73.226
G0 F7200 X78.03 Y74.07
G1 F1800 X82.49 Y78.531 E0.1049
G0 F7200 X81.72 Y78.326
G1 F1800 X78.239 Y74.844 E0.08188
G0 F7200 X78.32 Y75.491
G1 F1800 X81.07 Y78.242 E0.06469
G0 F7200 X80.641 Y78.379
G1 F1800 X78.183 Y75.921 E0.05781
G0 F7200 X77.958 Y76.261
G1 F1800 X80.302 Y78.605 E0.05513
G0 F7200 X80.02 Y78.888
G1 F1800 X77.675 Y76.544 E0.05514
G0 F7200 X77.391 Y76.826
G1 F1800 X79.738 Y79.172 E0.05519
G0 F7200 X79.455 Y79.455
G1 F1800 X77.109 Y77.109 E0.05517
G0 F7200 X76.825 Y77.391
G1 F1800 X79.174 Y79.74 E0.05524
G0 F7200 X78.892 Y80.023
G1 F1800 X76.541 Y77.673 E0.05528
G0 F7200 X76.259 Y77.956
G1 F1800 X78.61 Y80.307 E0.05529
G0 F7200 X78.375 Y80.638
G1 F1800 X75.925 Y78.188 E0.05762
G0 F7200 X75.489 Y78.318
G1 F1800 X78.24 Y81.068 E0.06469
G0 F7200 X78.326 Y81.72
G1 F1800 X74.832 Y78.227 E0.08216
G0 F7200 X74.064 Y78.024
G1 F1800 X78.531 Y82.49 E0.10505
G0 F7200 X78.735 Y83.26
G1 F1800 X73.296 Y77.821 E0.12792
G1 X73.226 Y77.751
G0 F7200 X72.506 Y77.597
G1 F1800 X78.956 Y84.047 E0.15169
G1 X79.026 Y84.117
G0 F7200 X79.588 Y84.679
G1 F1800 X86.027 Y91.118 E0.15144
G1 X86.097 Y91.188
G0 F7200 X85.807 Y90.333
G1 F1800 X80.373 Y84.899 E0.1278
G0 F7200 X81.145 Y85.105
G1 F1800 X85.602 Y89.562 E0.10482
G0 F7200 X85.397 Y88.791
G1 F1800 X81.918 Y85.312 E0.08182
G0 F7200 X82.559 Y85.387
G1 F1800 X85.314 Y88.142 E0.06479
G0 F7200 X85.448 Y87.711
G1 F1800 X82.999 Y85.262 E0.0576
G0 F7200 X83.33 Y85.027
G1 F1800 X85.677 Y87.374 E0.0552
G0 F7200 X85.96 Y87.092
G1 F1800 X83.614 Y84.745 E0.05519
G0 F7200 X83.897 Y84.462
G1 F1800 X86.243 Y86.809 E0.05519
G0 F7200 X86.526 Y86.526
G1 F1800 X84.18 Y84.18 E0.05517
G0 F7200 X84.464 Y83.898
G1 F1800 X86.809 Y86.243 E0.05515
G0 F7200 X87.092 Y85.96
G1 F1800 X84.747 Y83.616 E0.05514
G0 F7200 X85.03 Y83.333
G1 F1800 X87.374 Y85.677 E0.05513
G0 F7200 X87.714 Y85.452
G1 F1800 X85.254 Y82.991 E0.05787
G0 F7200 X85.392 Y82.563
G1 F1800 X88.142 Y85.314 E0.06469
G0 F7200 X88.791 Y85.397
G1 F1800 X85.312 Y81.918 E0.08182
G0 F7200 X85.106 Y81.146
G1 F1800 X89.561 Y85.602 E0.10479
G0 F7200 X90.332 Y85.807
G1 F1800 X84.899 Y80.374 E0.12778
G1 X84.829 Y80.304
G0 F7200 X84.678 Y79.587
G1 F1800 X91.118 Y86.027 E0.15146
G1 X91.188 Y86.097
G0 F7200 X91.749 Y86.658
G1 F1800 X94.136 Y89.045 E0.05614
G0 F7200 X93.853 Y89.327
G1 F1800 X91.969 Y87.444 E0.0443
G0 F7200 X92.173 Y88.214
G1 F1800 X93.57 Y89.61 E0.03284
G0 F7200 X93.287 Y89.893
G1 F1800 X92.379 Y88.984 E0.02137
G0 F7200 X92.461 Y89.632
G1 F1800 X93.004 Y90.176 E0.01278
G0 F7200 X94.419 Y88.762
G1 F1800 X11.237 Y5.58 E1.95631
G0 F7200 X11.52 Y5.298
G1 F1800 X94.701 Y88.479 E1.95629
G0 F7200 X94.984 Y88.196
G1 F1800 X11.803 Y5.015 E1.95629
G0 F7200 X12.086 Y4.732
G1 F1800 X95.267 Y87.913 E1.95629
G0 F7200 X95.55 Y87.63
G1 F1800 X12.369 Y4.449 E1.95629
G0 F7200 X12.652 Y4.166
G1 F1800 X95.833 Y87.347 E1.95629
G0 F7200 X96.116 Y87.065
G1 F1800 X12.934 Y3.883 E1.95631
G0 F7200 X13.217 Y3.601
G1 F1800 X96.398 Y86.782 E1.95629
G0 F7200 X96.681 Y86.499
G1 F1800 X13.5 Y3.318 E1.95629
G1 X13.43 Y3.248
G0 F7200 X10.954 Y5.863
G1 F1800 X13.348 Y8.257 E0.0563
G1 X13.418 Y8.327
G0 F7200 X12.554 Y8.028
G1 F1800 X10.672 Y6.146 E0.04426
G0 F7200 X10.389 Y6.429
G1 F1800 X11.78 Y7.821 E0.03273
G1 X11.85 Y7.891
G0 F7200 X11.006 Y7.612
G1 F1800 X10.106 Y6.712 E0.02117
G0 F7200 X9.823 Y6.995
G1 F1800 X10.362 Y7.534 E0.01268
G0 F7200 X13.567 Y8.652
G0 X34.779 Y29.866
G0 X37.278 Y37.244
G0 X36.045 Y38.487
G0 X36.935 Y41.851
G0 X86.659 Y91.75
G1 F1800 X89.044 Y94.135 E0.05609
G0 F7200 X89.327 Y93.852
G1 F1800 X87.444 Y91.97 E0.04427
G0 F7200 X88.214 Y92.174
G1 F1800 X89.61 Y93.569 E0.03282
G0 F7200 X89.892 Y93.286
G1 F1800 X88.985 Y92.379 E0.02133
G0 F7200 X89.633 Y92.461
G1 F1800 X90.175 Y93.004 E0.01276
G0 F7200 X90.157 Y92.986
;MESH:NONMESH
G0 F600 X90.157 Y92.986 Z1.6
G0 F7200 X86.434 Y91.348
G0 X15.723 Y20.637
G0 X12.361 Y14.204
G0 X12.138 Y13.98
;TIME_ELAPSED:1951.569462
;LAYER:13
;TYPE:WALL-INNER
;MESH:bodyNW.stl
G1 F3600 X11.924 Y14.096 E0.00405
G1 X11.69 Y14.125 E0.00392
G1 X9.081 Y13.428 E0.04491
G1 X8.916 Y13.301 E0.00346
G1 X8.787 Y13.134 E0.00351
G1 X8.112 Y10.616 E0.04335
G1 X8.106 Y10.327 E0.00481
G1 X8.21 Y10.092 E0.00427
G1 X10.035 Y8.267 E0.04292
G1 X10.327 Y8.106 E0.00555
G1 X10.616 Y8.112 E0.00481
G1 X13.131 Y8.787 E0.0433
G1 X13.301 Y8.915 E0.00354
G1 X13.429 Y9.082 E0.0035
G1 X14.125 Y11.694 E0.04495
G1 X14.096 Y11.928 E0.00392
G1 X13.944 Y12.181 E0.00491
G1 X12.138 Y13.98 E0.04239
G0 F7200 X12.361 Y14.204
G0 X15.723 Y20.637
G0 X19.079 Y21.536
G0 X19.211 Y21.051
G1 F3600 X18.996 Y21.167 E0.00406
G1 X18.763 Y21.197 E0.00391
G1 X16.15 Y20.501 E0.04497
G1 X15.983 Y20.373 E0.0035
G1 X15.855 Y20.206 E0.0035
G1 X15.159 Y17.594 E0.04495
G1 X15.188 Y17.36 E0.00392
G1 X15.304 Y17.146 E0.00405
G1 X17.103 Y15.343 E0.04236
G1 X17.357 Y15.192 E0.00491
G1 X17.591 Y15.163 E0.00392
G1 X20.206 Y15.86 E0.04501
G1 X20.372 Y15.987 E0.00348
G1 X20.5 Y16.153 E0.00349
G1 X21.197 Y18.762 E0.04491
G1 X21.168 Y18.996 E0.00392
G1 X21.017 Y19.249 E0.0049
G1 X19.211 Y21.051 E0.04243
G0 F7200 X19.433 Y21.274
G0 X22.792 Y27.708
G0 X26.15 Y28.607
G0 X26.282 Y28.124
G1 F3600 X26.068 Y28.24 E0.00405
G1 X25.834 Y28.269 E0.00392
G1 X23.224 Y27.573 E0.04492
G1 X23.054 Y27.444 E0.00355
G1 X22.926 Y27.275 E0.00353
G1 X22.239 Y24.659 E0.04498
G1 X22.268 Y24.426 E0.0039
G1 X22.383 Y24.211 E0.00405
G1 X24.173 Y22.418 E0.04213
G1 X24.426 Y22.268 E0.00489
G1 X24.659 Y22.239 E0.0039
G1 X27.275 Y22.926 E0.04498
G1 X27.445 Y23.055 E0.00355
G1 X27.573 Y23.225 E0.00354
G1 X28.269 Y25.834 E0.04491
G1 X28.24 Y26.068 E0.00392
G1 X28.089 Y26.321 E0.0049
G1 X26.282 Y28.124 E0.04245
G0 F7200 X26.503 Y28.346
G0 X29.866 Y34.779
G0 X33.221 Y35.678
G0 X33.355 Y35.195
G1 F3600 X33.14 Y35.312 E0.00407
G1 X32.905 Y35.341 E0.00394
G1 X30.297 Y34.641 E0.04491
G1 X30.127 Y34.513 E0.00354
G1 X30 Y34.346 E0.00349
G1 X29.303 Y31.738 E0.04489
G1 X29.332 Y31.504 E0.00392
G1 X29.448 Y31.29 E0.00405
G1 X31.251 Y29.483 E0.04245
G1 X31.504 Y29.332 E0.0049
G1 X31.738 Y29.303 E0.00392
G1 X34.347 Y30 E0.04491
G1 X34.512 Y30.127 E0.00346
G1 X34.641 Y30.294 E0.00351
G1 X35.341 Y32.905 E0.04495
G1 X35.312 Y33.14 E0.00394
G1 X35.161 Y33.393 E0.0049
G1 X33.355 Y35.195 E0.04243
G0 F7200 X33.575 Y35.416
G0 X36.935 Y41.851
G0 X40.3 Y42.742
G0 X40.43 Y42.261
G1 F3600 X40.214 Y42.376 E0.00407
G1 X39.98 Y42.405 E0.00392
G1 X37.37 Y41.715 E0.0449
G1 X37.199 Y41.585 E0.00357
G1 X37.069 Y41.414 E0.00357
G1 X36.403 Y38.89 E0.04341
G1 X36.386 Y38.675 E0.00359
G1 X36.475 Y38.399 E0.00482
G1 X38.32 Y36.555 E0.04338
G1 X38.573 Y36.404 E0.0049
G1 X38.807 Y36.375 E0.00392
G1 X41.419 Y37.072 E0.04496
G1 X41.584 Y37.199 E0.00346
G1 X41.712 Y37.365 E0.00349
G1 X42.409 Y39.974 E0.04491
G1 X42.38 Y40.208 E0.00392
G1 X42.227 Y40.462 E0.00493
G1 X40.43 Y42.261 E0.04229
G0 F7200 X40.651 Y42.483
G0 X44.008 Y48.921
G0 X47.364 Y49.82
G0 X47.494 Y49.336
G1 F3600 X47.28 Y49.452 E0.00405
G1 X47.046 Y49.481 E0.00392
G1 X44.437 Y48.784 E0.04491
G1 X44.272 Y48.657 E0.00346
G1 X44.143 Y48.49 E0.00351
G1 X43.443 Y45.879 E0.04495
G1 X43.473 Y45.644 E0.00394
G1 X43.589 Y45.429 E0.00406
G1 X45.391 Y43.623 E0.04243
G1 X45.644 Y43.472 E0.0049
G1 X45.879 Y43.443 E0.00394
G1 X48.487 Y44.143 E0.04491
G1 X48.657 Y44.271 E0.00354
G1 X48.784 Y44.438 E0.00349
G1 X49.481 Y47.046 E0.04489
G1 X49.452 Y47.28 E0.00392
G1 X49.301 Y47.533 E0.0049
G1 X47.494 Y49.336 E0.04245
G0 F7200 X47.717 Y49.559
G0 X51.079 Y55.992
G0 X54.435 Y56.891
G0 X54.566 Y56.408
G1 F3600 X54.352 Y56.524 E0.00405
G1 X54.118 Y56.553 E0.00392
G1 X51.506 Y55.857 E0.04495
G1 X51.339 Y55.729 E0.0035
G1 X51.211 Y55.562 E0.0035
G1 X50.515 Y52.95 E0.04495
G1 X50.544 Y52.716 E0.00392
G1 X50.66 Y52.502 E0.00405
G1 X52.463 Y50.695 E0.04245
G1 X52.716 Y50.544 E0.0049
G1 X52.95 Y50.515 E0.00392
G1 X55.562 Y51.211 E0.04495
G1 X55.729 Y51.339 E0.0035
G1 X55.857 Y51.506 E0.0035
G1 X56.553 Y54.118 E0.04495
G1 X56.524 Y54.352 E0.00392
G1 X56.373 Y54.605 E0.0049
G1 X54.566 Y56.408 E0.04245
G0 F7200 X54.788 Y56.63
G0 X58.15 Y63.063
G0 X61.506 Y63.962
G0 X61.638 Y63.48
G1 F3600 X61.424 Y63.596 E0.00405
G1 X61.189 Y63.625 E0.00394
G1 X58.581 Y62.925 E0.04491
G1 X58.411 Y62.797 E0.00354
G1 X58.284 Y62.63 E0.00349
G1 X57.587 Y60.022 E0.04489
G1 X57.616 Y59.788 E0.00392
G1 X57.732 Y59.574 E0.00405
G1 X59.535 Y57.767 E0.04245
G1 X59.788 Y57.616 E0.0049
G1 X60.022 Y57.587 E0.00392
G1 X62.631 Y58.284 E0.04491
G1 X62.796 Y58.411 E0.00346
G1 X62.925 Y58.578 E0.00351
G1 X63.625 Y61.189 E0.04495
G1 X63.596 Y61.424 E0.00394
G1 X63.445 Y61.677 E0.0049
G1 X61.638 Y63.48 E0.04245
G0 F7200 X61.859 Y63.701
G0 X65.221 Y70.134
G0 X68.577 Y71.033
G0 X68.71 Y70.548
G1 F3600 X68.495 Y70.664 E0.00406
G1 X68.261 Y70.693 E0.00392
G1 X65.649 Y69.996 E0.04496
G1 X65.484 Y69.869 E0.00346
G1 X65.356 Y69.703 E0.00349
G1 X64.659 Y67.094 E0.04491
G1 X64.688 Y66.86 E0.00392
G1 X64.804 Y66.646 E0.00405
G1 X66.607 Y64.839 E0.04245
G1 X66.86 Y64.688 E0.0049
G1 X67.094 Y64.659 E0.00392
G1 X69.702 Y65.356 E0.04489
G1 X69.869 Y65.483 E0.00349
G1 X69.997 Y65.65 E0.0035
G1 X70.693 Y68.261 E0.04494
G1 X70.664 Y68.495 E0.00392
G1 X70.513 Y68.749 E0.00491
G1 X68.71 Y70.548 E0.04236
G0 F7200 X68.932 Y70.77
G0 X72.292 Y77.208
G0 X75.655 Y78.097
G0 X75.786 Y77.617
G1 F3600 X75.57 Y77.732 E0.00407
G1 X75.336 Y77.761 E0.00392
G1 X72.726 Y77.071 E0.0449
G1 X72.555 Y76.941 E0.00357
G1 X72.427 Y76.773 E0.00351
G1 X71.727 Y74.163 E0.04494
G1 X71.756 Y73.928 E0.00394
G1 X71.872 Y73.713 E0.00406
G1 X73.675 Y71.908 E0.04243
G1 X73.928 Y71.756 E0.00491
G1 X74.163 Y71.727 E0.00394
G1 X76.771 Y72.427 E0.04491
G1 X76.941 Y72.555 E0.00354
G1 X77.068 Y72.722 E0.00349
G1 X77.765 Y75.33 E0.04489
G1 X77.736 Y75.564 E0.00392
G1 X77.583 Y75.818 E0.00493
G1 X75.786 Y77.617 E0.04229
G0 F7200 X76.006 Y77.838
G0 X79.363 Y84.277
G0 X82.719 Y85.176
G0 X82.85 Y84.692
G1 F3600 X82.636 Y84.808 E0.00405
G1 X82.402 Y84.837 E0.00392
G1 X79.79 Y84.141 E0.04495
G1 X79.623 Y84.013 E0.0035
G1 X79.495 Y83.846 E0.0035
G1 X78.799 Y81.234 E0.04495
G1 X78.829 Y81 E0.00392
G1 X78.945 Y80.785 E0.00406
G1 X80.747 Y78.979 E0.04243
G1 X81 Y78.828 E0.0049
G1 X81.234 Y78.799 E0.00392
G1 X83.846 Y79.495 E0.04495
G1 X84.013 Y79.623 E0.0035
G1 X84.141 Y79.79 E0.0035
G1 X84.837 Y82.402 E0.04495
G1 X84.808 Y82.636 E0.00392
G1 X84.657 Y82.889 E0.0049
G1 X82.85 Y84.692 E0.04245
G0 F7200 X83.072 Y84.915
G0 X86.434 Y91.348
G0 X89.79 Y92.247
G0 X89.961 Y91.729
G1 F3600 X89.67 Y91.889 E0.00552
G1 X89.381 Y91.884 E0.00481
G1 X86.862 Y91.213 E0.04335
G1 X86.695 Y91.085 E0.0035
G1 X86.567 Y90.918 E0.0035
G1 X85.871 Y88.306 E0.04495
G1 X85.9 Y88.072 E0.00392
G1 X86.016 Y87.858 E0.00405
G1 X87.819 Y86.051 E0.04245
G1 X88.072 Y85.9 E0.0049
G1 X88.306 Y85.871 E0.00392
G1 X90.918 Y86.567 E0.04495
G1 X91.085 Y86.695 E0.0035
G1 X91.213 Y86.862 E0.0035
G1 X91.884 Y89.381 E0.04335
G1 X91.89 Y89.67 E0.00481
G1 X91.784 Y89.906 E0.0043
G1 X89.961 Y91.729 E0.04287
G0 F7200 X90.18 Y91.949
G0 X86.416 Y97.191
G0 X86.416 Y97.587
G1 F3600 X97.587 Y86.416 E0.26272
G1 X13.584 Y2.413 E1.97562
G1 X2.413 Y13.584 E0.26272
G1 X86.416 Y97.587 E1.97562
G0 F7200 X86.416 Y98.153
;TYPE:WALL-OUTER
G1 F1800 X98.153 Y86.416 E0.27604
G1 X13.584 Y1.847 E1.98893
G1 X1.847 Y13.584 E0.27604
G1 X86.416 Y98.153 E1.98893
G0 F7200 X86.557 Y98.012
G0 X86.416 Y97.191
G0 X90.18 Y91.949
G0 X89.678 Y91.446
G1 F1800 X89.55 Y91.516 E0.00243
G1 X87.035 Y90.845 E0.04329
G1 X86.926 Y90.712 E0.00286
G1 X86.282 Y88.296 E0.04158
G1 X86.322 Y88.115 E0.00308
G1 X88.126 Y86.31 E0.04244
G1 X88.252 Y86.276 E0.00217
G1 X90.745 Y86.935 E0.04288
G1 X90.854 Y87.068 E0.00286
G1 X91.498 Y89.484 E0.04158
G1 X91.468 Y89.651 E0.00282
G1 X89.678 Y91.446 E0.04216
G0 F7200 X89.55 Y91.516
G0 X89.498 Y91.503
G0 X89.315 Y92.187
G0 X86.434 Y91.348
G0 X83.097 Y84.89
G0 X82.593 Y84.386
G1 F1800 X82.456 Y84.432 E0.0024
G1 X79.963 Y83.773 E0.04288
G1 X79.854 Y83.64 E0.00286
G1 X79.197 Y81.176 E0.04241
G1 X79.235 Y81.057 E0.00208
G1 X81.054 Y79.238 E0.04278
G1 X81.18 Y79.204 E0.00217
G1 X83.673 Y79.863 E0.04288
G1 X83.782 Y79.996 E0.00286
G1 X84.439 Y82.46 E0.04241
G1 X84.401 Y82.579 E0.00208
G1 X82.593 Y84.386 E0.04251
G0 F7200 X82.456 Y84.432
G0 X82.403 Y84.418
G0 X82.218 Y85.109
G0 X79.363 Y84.277
G0 X76.031 Y77.813
G0 X75.529 Y77.31
G1 F1800 X75.391 Y77.356 E0.00242
G1 X72.928 Y76.71 E0.04235
G1 X72.805 Y76.639 E0.00236
G1 X72.138 Y74.152 E0.04282
G1 X72.178 Y73.971 E0.00308
G1 X73.982 Y72.166 E0.04244
G1 X74.108 Y72.132 E0.00217
G1 X76.601 Y72.795 E0.0429
G1 X76.71 Y72.928 E0.00286
G1 X77.367 Y75.388 E0.04234
G1 X77.329 Y75.507 E0.00208
G1 X75.529 Y77.31 E0.04237
G0 F7200 X75.391 Y77.356
G0 X75.338 Y77.343
G0 X75.156 Y78.032
G0 X72.292 Y77.208
G0 X68.956 Y70.746
G0 X68.453 Y70.242
G1 F1800 X68.315 Y70.288 E0.00242
G1 X65.823 Y69.629 E0.04287
G1 X65.714 Y69.496 E0.00286
G1 X65.07 Y67.084 E0.04152
G1 X65.11 Y66.903 E0.00308
G1 X66.914 Y65.098 E0.04244
G1 X67.04 Y65.064 E0.00217
G1 X69.529 Y65.723 E0.04282
G1 X69.638 Y65.856 E0.00286
G1 X70.288 Y68.315 E0.0423
G1 X70.23 Y68.466 E0.00269
G1 X68.453 Y70.242 E0.04178
G0 F7200 X68.315 Y70.288
G0 X68.262 Y70.274
G0 X68.077 Y70.966
G0 X65.221 Y70.134
G0 X61.883 Y63.677
G0 X61.381 Y63.174
G1 F1800 X61.244 Y63.22 E0.0024
G1 X58.751 Y62.557 E0.0429
G1 X58.642 Y62.424 E0.00286
G1 X57.998 Y60.012 E0.04152
G1 X58.038 Y59.831 E0.00308
G1 X59.842 Y58.026 E0.04244
G1 X59.968 Y57.992 E0.00217
G1 X62.457 Y58.651 E0.04282
G1 X62.566 Y58.784 E0.00286
G1 X63.227 Y61.248 E0.04243
G1 X63.189 Y61.367 E0.00208
G1 X61.381 Y63.174 E0.04251
G0 F7200 X61.244 Y63.22
G0 X61.191 Y63.206
G0 X61.006 Y63.895
G0 X58.15 Y63.063
G0 X54.812 Y56.606
G0 X54.309 Y56.102
G1 F1800 X54.172 Y56.148 E0.0024
G1 X51.679 Y55.489 E0.04288
G1 X51.57 Y55.356 E0.00286
G1 X50.926 Y52.94 E0.04158
G1 X50.966 Y52.759 E0.00308
G1 X52.77 Y50.954 E0.04244
G1 X52.896 Y50.92 E0.00217
G1 X55.389 Y51.579 E0.04288
G1 X55.498 Y51.712 E0.00286
G1 X56.155 Y54.176 E0.04241
G1 X56.117 Y54.295 E0.00208
G1 X54.309 Y56.102 E0.04251
G0 F7200 X54.172 Y56.148
G0 X54.119 Y56.134
G0 X53.934 Y56.824
G0 X51.079 Y55.992
G0 X47.741 Y49.535
G0 X47.237 Y49.03
G1 F1800 X47.1 Y49.076 E0.0024
G1 X44.611 Y48.417 E0.04282
G1 X44.502 Y48.284 E0.00286
G1 X43.841 Y45.82 E0.04243
G1 X43.879 Y45.701 E0.00208
G1 X45.698 Y43.882 E0.04278
G1 X45.824 Y43.848 E0.00217
G1 X48.317 Y44.511 E0.0429
G1 X48.426 Y44.644 E0.00286
G1 X49.083 Y47.104 E0.04234
G1 X49.045 Y47.223 E0.00208
G1 X47.237 Y49.03 E0.04251
G0 F7200 X47.1 Y49.076
G0 X47.047 Y49.062
G0 X46.862 Y49.753
G0 X44.008 Y48.921
G0 X40.676 Y42.458
G0 X40.173 Y41.954
G1 F1800 X40.035 Y42 E0.00242
G1 X37.572 Y41.354 E0.04235
G1 X37.482 Y41.302 E0.00173
G1 X37.43 Y41.212 E0.00173
G1 X36.776 Y38.734 E0.04262
G1 X36.83 Y38.607 E0.0023
G1 X38.627 Y36.813 E0.04223
G1 X38.753 Y36.78 E0.00217
G1 X41.245 Y37.439 E0.04287
G1 X41.354 Y37.572 E0.00286
G1 X42.011 Y40.032 E0.04234
G1 X41.973 Y40.151 E0.00208
G1 X40.173 Y41.954 E0.04237
G0 F7200 X40.035 Y42
G0 X39.982 Y41.987
G0 X39.799 Y42.676
G0 X36.935 Y41.851
G0 X33.587 Y35.404
G0 X33.086 Y34.902
G1 F1800 X32.96 Y34.936 E0.00217
G1 X30.467 Y34.273 E0.0429
G1 X30.358 Y34.14 E0.00286
G1 X29.714 Y31.728 E0.04152
G1 X29.754 Y31.547 E0.00308
G1 X31.558 Y29.742 E0.04244
G1 X31.684 Y29.708 E0.00217
G1 X34.173 Y30.367 E0.04282
G1 X34.282 Y30.5 E0.00286
G1 X34.943 Y32.964 E0.04243
G1 X34.905 Y33.083 E0.00208
G1 X33.086 Y34.902 E0.04278
G0 F7200 X32.96 Y34.936
G0 X32.894 Y34.919
G0 X32.709 Y35.608
G0 X29.866 Y34.779
G0 X26.528 Y28.321
G0 X26.025 Y27.818
G1 F1800 X25.888 Y27.864 E0.0024
G1 X23.395 Y27.205 E0.04288
G1 X23.295 Y27.106 E0.00234
G1 X22.644 Y24.605 E0.04298
G1 X22.69 Y24.467 E0.00242
G1 X24.479 Y22.678 E0.04207
G1 X24.605 Y22.644 E0.00217
G1 X27.106 Y23.295 E0.04298
G1 X27.214 Y23.428 E0.00285
G1 X27.871 Y25.892 E0.04241
G1 X27.833 Y26.011 E0.00208
G1 X26.025 Y27.818 E0.04251
G0 F7200 X25.888 Y27.864
G0 X25.835 Y27.85
G0 X25.65 Y28.54
G0 X22.792 Y27.708
G0 X19.445 Y21.262
G0 X18.942 Y20.758
G1 F1800 X18.816 Y20.792 E0.00217
G1 X16.323 Y20.133 E0.04288
G1 X16.214 Y20 E0.00286
G1 X15.57 Y17.584 E0.04158
G1 X15.61 Y17.403 E0.00308
G1 X17.411 Y15.601 E0.04237
G1 X17.537 Y15.568 E0.00217
G1 X20.033 Y16.227 E0.04293
G1 X20.142 Y16.36 E0.00286
G1 X20.799 Y18.82 E0.04234
G1 X20.761 Y18.939 E0.00208
G1 X18.942 Y20.758 E0.04278
G0 F7200 X18.816 Y20.792
G0 X18.75 Y20.775
G0 X18.565 Y21.465
G0 X15.723 Y20.637
G0 X12.385 Y14.18
G0 X11.881 Y13.674
G1 F1800 X11.744 Y13.72 E0.0024
G1 X9.255 Y13.061 E0.04282
G1 X9.146 Y12.928 E0.00286
G1 X8.498 Y10.512 E0.0416
G1 X8.528 Y10.345 E0.00282
G1 X10.318 Y8.55 E0.04216
G1 X10.444 Y8.48 E0.0024
G1 X12.962 Y9.155 E0.04335
G1 X13.07 Y9.288 E0.00285
G1 X13.727 Y11.752 E0.04241
G1 X13.689 Y11.871 E0.00208
G1 X11.881 Y13.674 E0.04246
G0 F7200 X11.744 Y13.72
G0 X11.691 Y13.706
G0 X11.506 Y14.397
G0 X15.723 Y20.637
G0 X86.416 Y97.045
;TYPE:SKIN
G1 F1800 X2.951 Y13.584 E1.96292
G1 X13.584 Y2.951 E0.25007
G1 X97.049 Y86.416 E1.96297
G1 X86.416 Y97.045 E0.25002
G0 F7200 X92.506 Y90.307
G1 F1437.1 X92.456 Y90.376 E0.00177
G1 F1478.4 X90.493 Y92.34 E0.05622
G1 F1398.1 X90.308 Y92.484 E0.00502
G0 F7200 X89.807 Y92.238
G1 F1800 X90.23 Y91.99 E0.00815
G1 X92.07 Y90.154 E0.04323
G1 X92.247 Y89.79 E0.00673
G1 X92.25 Y89.276 E0.00855
G1 X91.574 Y86.736 E0.04371
G1 X91.354 Y86.426 E0.00632
G1 X91.077 Y86.212 E0.00582
G1 X88.334 Y85.488 E0.04718
G1 X87.958 Y85.537 E0.00631
G1 X87.569 Y85.765 E0.0075
G1 X85.722 Y87.611 E0.04343
G1 X85.536 Y87.962 E0.00661
G1 X85.494 Y88.38 E0.00699
G1 X86.202 Y91.04 E0.04578
G1 X86.426 Y91.354 E0.00641
G1 X86.736 Y91.574 E0.00632
G1 X89.276 Y92.25 E0.04371
G1 X89.807 Y92.238 E0.00883
G0 F7200 X89.805 Y92.305
G0 X86.434 Y91.348
G0 X82.734 Y85.234
G0 X82.742 Y85.172
G1 F1800 X83.093 Y84.982 E0.00664
G1 X84.943 Y83.139 E0.04343
G1 X85.167 Y82.746 E0.00752
G1 X85.222 Y82.355 E0.00657
G1 X84.502 Y79.664 E0.04633
G1 X84.282 Y79.354 E0.00632
G1 X84.005 Y79.14 E0.00582
G1 X81.262 Y78.416 E0.04718
G1 X80.884 Y78.466 E0.00634
G1 X80.478 Y78.71 E0.00788
G1 X78.646 Y80.546 E0.04313
G1 X78.46 Y80.89 E0.0065
G1 X78.414 Y81.274 E0.00643
G1 X79.13 Y83.968 E0.04636
G1 X79.354 Y84.282 E0.00641
G1 X79.664 Y84.502 E0.00632
G1 X82.328 Y85.214 E0.04586
G1 X82.742 Y85.172 E0.00692
G0 F7200 X82.734 Y85.234
G0 X79.363 Y84.277
G0 X75.671 Y78.155
G0 X75.677 Y78.096
G1 F1800 X76.029 Y77.906 E0.00665
G1 X77.866 Y76.067 E0.04323
G1 X78.095 Y75.679 E0.00749
G1 X78.142 Y75.251 E0.00716
G1 X77.426 Y72.595 E0.04575
G1 X77.206 Y72.286 E0.00631
G1 X76.938 Y72.076 E0.00566
G1 X74.202 Y71.342 E0.04711
G1 X73.849 Y71.385 E0.00591
G1 X73.421 Y71.621 E0.00813
G1 X71.582 Y73.467 E0.04333
G1 X71.388 Y73.819 E0.00668
G1 X71.342 Y74.202 E0.00642
G1 X72.066 Y76.896 E0.04639
G1 X72.286 Y77.21 E0.00638
G1 X72.56 Y77.42 E0.00574
G1 X75.31 Y78.14 E0.04727
G1 X75.677 Y78.096 E0.00615
G0 F7200 X75.671 Y78.155
G0 X72.292 Y77.208
G0 X68.592 Y71.091
G0 X68.601 Y71.028
G1 F1800 X68.953 Y70.842 E0.00662
G1 X70.799 Y68.999 E0.04338
G1 X71.023 Y68.605 E0.00754
G1 X71.072 Y68.234 E0.00622
G1 X70.354 Y65.524 E0.04662
G1 X70.134 Y65.21 E0.00638
G1 X69.828 Y64.994 E0.00623
G1 X67.138 Y64.274 E0.04631
G1 X66.707 Y64.342 E0.00726
G1 X66.357 Y64.553 E0.0068
G1 X64.51 Y66.399 E0.04343
G1 X64.324 Y66.75 E0.00661
G1 X64.282 Y67.168 E0.00699
G1 X64.994 Y69.828 E0.04579
G1 X65.214 Y70.138 E0.00632
G1 X65.487 Y70.348 E0.00573
G1 X68.234 Y71.072 E0.04724
G1 X68.601 Y71.028 E0.00615
G0 F7200 X68.592 Y71.091
G0 X65.221 Y70.134
G0 X61.521 Y64.02
G0 X61.53 Y63.96
G1 F1800 X61.881 Y63.77 E0.00664
G1 X63.731 Y61.927 E0.04343
G1 X63.955 Y61.533 E0.00754
G1 X64.006 Y61.146 E0.00649
G1 X63.282 Y58.448 E0.04646
G1 X63.066 Y58.138 E0.00628
G1 X62.756 Y57.922 E0.00628
G1 X60.05 Y57.204 E0.04656
G1 X59.674 Y57.253 E0.00631
G1 X59.285 Y57.481 E0.0075
G1 X57.438 Y59.327 E0.04343
G1 X57.252 Y59.678 E0.00661
G1 X57.21 Y60.096 E0.00699
G1 X57.922 Y62.756 E0.04579
G1 X58.142 Y63.066 E0.00632
G1 X58.448 Y63.282 E0.00623
G1 X61.146 Y64.006 E0.04646
G1 X61.53 Y63.96 E0.00643
G0 F7200 X61.521 Y64.02
G0 X58.15 Y63.063
G0 X54.45 Y56.949
G0 X54.458 Y56.888
G1 F1800 X54.809 Y56.698 E0.00664
G1 X56.659 Y54.855 E0.04343
G1 X56.883 Y54.462 E0.00752
G1 X56.938 Y54.071 E0.00657
G1 X56.218 Y51.38 E0.04633
G1 X55.998 Y51.07 E0.00632
G1 X55.721 Y50.856 E0.00582
G1 X52.978 Y50.132 E0.04718
G1 X52.602 Y50.181 E0.00631
G1 X52.213 Y50.409 E0.0075
G1 X50.366 Y52.255 E0.04343
G1 X50.18 Y52.606 E0.00661
G1 X50.138 Y53.024 E0.00699
G1 X50.846 Y55.684 E0.04578
G1 X51.09 Y56.016 E0.00685
G1 X51.38 Y56.218 E0.00588
G1 X54.044 Y56.93 E0.04586
G1 X54.458 Y56.888 E0.00692
G0 F7200 X54.45 Y56.949
G0 X51.079 Y55.992
G0 X47.379 Y49.878
G0 X47.386 Y49.816
G1 F1800 X47.737 Y49.626 E0.00664
G1 X49.587 Y47.783 E0.04343
G1 X49.811 Y47.39 E0.00752
G1 X49.866 Y46.998 E0.00658
G1 X49.142 Y44.311 E0.04628
G1 X48.922 Y44.002 E0.00631
G1 X48.654 Y43.792 E0.00566
G1 X45.918 Y43.058 E0.04711
G1 X45.528 Y43.11 E0.00654
G1 X45.122 Y43.354 E0.00788
G1 X43.29 Y45.19 E0.04313
G1 X43.104 Y45.534 E0.0065
G1 X43.058 Y45.918 E0.00643
G1 X43.782 Y48.616 E0.04646
G1 X44.002 Y48.926 E0.00632
G1 X44.312 Y49.142 E0.00628
G1 X46.972 Y49.858 E0.04581
G1 X47.386 Y49.816 E0.00692
G0 F7200 X47.379 Y49.878
G0 X44.008 Y48.921
G0 X40.316 Y42.8
G0 X40.321 Y42.74
G1 F1800 X40.673 Y42.55 E0.00665
G1 X42.51 Y40.711 E0.04323
G1 X42.739 Y40.323 E0.00749
G1 X42.786 Y39.895 E0.00716
G1 X42.07 Y37.239 E0.04575
G1 X41.854 Y36.926 E0.00632
G1 X41.54 Y36.71 E0.00634
G1 X38.834 Y35.992 E0.04656
G1 X38.494 Y36.033 E0.0057
G1 X38.07 Y36.265 E0.00804
G1 X36.23 Y38.103 E0.04325
G1 X36.04 Y38.458 E0.0067
G1 X35.996 Y38.822 E0.0061
G1 X36.71 Y41.54 E0.04673
G1 X36.93 Y41.854 E0.00638
G1 X37.204 Y42.064 E0.00574
G1 X39.954 Y42.784 E0.04727
G1 X40.321 Y42.74 E0.00615
G0 F7200 X40.316 Y42.8
G0 X36.935 Y41.851
G0 X33.236 Y35.736
G0 X33.247 Y35.676
G1 F1800 X33.592 Y35.489 E0.00653
G1 X35.447 Y33.642 E0.04353
G1 X35.671 Y33.249 E0.00752
G1 X35.722 Y32.862 E0.00649
G1 X34.998 Y30.164 E0.04646
G1 X34.782 Y29.854 E0.00628
G1 X34.472 Y29.638 E0.00628
G1 X31.766 Y28.92 E0.04656
G1 X31.39 Y28.969 E0.00631
G1 X31.001 Y29.197 E0.0075
G1 X29.154 Y31.043 E0.04343
G1 X28.968 Y31.394 E0.00661
G1 X28.926 Y31.812 E0.00699
G1 X29.638 Y34.472 E0.04579
G1 X29.858 Y34.782 E0.00632
G1 X30.163 Y34.998 E0.00622
G1 X32.831 Y35.718 E0.04596
G1 X33.247 Y35.676 E0.00695
G0 F7200 X33.236 Y35.736
G0 X29.866 Y34.779
G0 X26.165 Y28.665
G0 X26.174 Y28.604
G1 F1800 X26.525 Y28.414 E0.00664
G1 X28.375 Y26.571 E0.04343
G1 X28.599 Y26.178 E0.00752
G1 X28.654 Y25.787 E0.00657
G1 X27.934 Y23.096 E0.04633
G1 X27.71 Y22.786 E0.00636
G1 X27.437 Y22.576 E0.00573
G1 X24.682 Y21.856 E0.04735
G1 X24.314 Y21.905 E0.00617
G1 X23.922 Y22.133 E0.00754
G1 X22.09 Y23.963 E0.04306
G1 X21.9 Y24.314 E0.00664
G1 X21.856 Y24.682 E0.00616
G1 X22.566 Y27.399 E0.0467
G1 X22.782 Y27.71 E0.0063
G1 X23.059 Y27.924 E0.00582
G1 X25.76 Y28.646 E0.04649
G1 X26.174 Y28.604 E0.00692
G0 F7200 X26.165 Y28.665
G0 X22.792 Y27.708
G0 X19.094 Y21.594
G0 X19.103 Y21.532
G1 F1800 X19.448 Y21.345 E0.00653
G1 X21.302 Y19.499 E0.04351
G1 X21.527 Y19.111 E0.00746
G1 X21.582 Y18.719 E0.00658
G1 X20.858 Y16.028 E0.04634
G1 X20.642 Y15.714 E0.00634
G1 X20.332 Y15.498 E0.00628
G1 X17.618 Y14.78 E0.04669
G1 X17.24 Y14.83 E0.00634
G1 X16.853 Y15.057 E0.00746
G1 X15.01 Y16.899 E0.04333
G1 X14.824 Y17.25 E0.00661
G1 X14.782 Y17.668 E0.00699
G1 X15.49 Y20.328 E0.04578
G1 X15.714 Y20.642 E0.00641
G1 X15.987 Y20.852 E0.00573
G1 X18.719 Y21.582 E0.04703
G1 X19.103 Y21.532 E0.00644
G0 F7200 X19.094 Y21.594
G0 X15.723 Y20.637
G0 X13.405 Y13.077
G0 X14.462 Y12.012
G0 X13.567 Y8.652
G0 X9.685 Y7.508
G1 F1440 X9.455 Y7.691 E0.00611
G1 F1525.4 X7.54 Y9.611 E0.05321
G1 F1457.5 X7.476 Y9.701 E0.00227
G0 F7200 X8.652 Y13.566
G0 X12.023 Y14.523
G0 X12.03 Y14.46
G1 F1800 X12.375 Y14.278 E0.00649
G1 X14.227 Y12.431 E0.0435
G1 X14.454 Y12.044 E0.00746
G1 X14.508 Y11.666 E0.00635
G1 X13.79 Y8.956 E0.04662
G1 X13.566 Y8.642 E0.00641
G1 X13.26 Y8.426 E0.00623
G1 X10.717 Y7.742 E0.04379
G1 X10.188 Y7.756 E0.0088
G1 X9.762 Y7.998 E0.00815
G1 X7.922 Y9.838 E0.04327
G1 X7.745 Y10.202 E0.00673
G1 X7.742 Y10.717 E0.00856
G1 X8.426 Y13.26 E0.04379
G1 X8.646 Y13.57 E0.00632
G1 X8.956 Y13.786 E0.00628
G1 X11.616 Y14.502 E0.04581
G1 X12.03 Y14.46 E0.00692
G0 F7200 X12.023 Y14.523
G0 X3.31 Y13.661
G1 F1800 X7.154 Y9.817 E0.0904
G0 F7200 X7.522 Y10.014
G1 F1800 X3.593 Y13.943 E0.0924
G0 F7200 X3.876 Y14.226
G1 F1800 X7.539 Y10.563 E0.08615
G0 F7200 X7.623 Y11.045
G1 F1800 X4.158 Y14.509 E0.08148
G0 F7200 X4.441 Y14.792
G1 F1800 X7.742 Y11.491 E0.07763
G0 F7200 X7.862 Y11.937
G1 F1800 X4.724 Y15.075 E0.0738
G0 F7200 X5.007 Y15.358
G1 F1800 X7.983 Y12.382 E0.06999
G0 F7200 X8.102 Y12.828
G1 F1800 X5.29 Y15.64 E0.06613
G0 F7200 X5.573 Y15.923
G1 F1800 X8.222 Y13.274 E0.0623
G0 F7200 X8.442 Y13.62
G1 F1800 X5.856 Y16.206 E0.06082
G0 F7200 X6.138 Y16.489
G1 F1800 X8.751 Y13.876 E0.06145
G0 F7200 X9.149 Y14.045
G1 F1800 X6.421 Y16.772 E0.06415
G0 F7200 X6.704 Y17.055
G1 F1800 X9.594 Y14.165 E0.06797
G0 F7200 X10.04 Y14.285
G1 F1800 X6.987 Y17.338 E0.0718
G0 F7200 X7.27 Y17.62
G1 F1800 X10.486 Y14.404 E0.07564
G0 F7200 X10.931 Y14.525
G1 F1800 X7.553 Y17.903 E0.07945
G0 F7200 X7.835 Y18.186
G1 F1800 X11.377 Y14.645 E0.08329
G0 F7200 X11.908 Y14.679
G1 F1800 X8.118 Y18.469 E0.08913
G0 F7200 X8.401 Y18.752
G1 F1800 X18.752 Y8.401 E0.24344
G0 F7200 X19.035 Y8.684
G1 F1800 X8.684 Y19.035 E0.24344
G0 F7200 X8.967 Y19.317
G1 F1800 X19.317 Y8.967 E0.24342
G0 F7200 X19.6 Y9.25
G1 F1800 X9.25 Y19.6 E0.24342
G0 F7200 X9.533 Y19.883
G1 F1800 X19.883 Y9.533 E0.24342
G0 F7200 X20.166 Y9.815
G1 F1800 X9.815 Y20.166 E0.24344
G0 F7200 X10.098 Y20.449
G1 F1800 X20.449 Y10.098 E0.24344
G0 F7200 X20.732 Y10.381
G1 F1800 X10.381 Y20.732 E0.24344
G0 F7200 X10.664 Y21.015
G1 F1800 X14.799 Y16.879 E0.09726
G1 X14.869 Y16.809
G0 F7200 X14.575 Y17.669
G1 F1800 X10.947 Y21.297 E0.08532
G0 F7200 X11.23 Y21.58
G1 F1800 X14.694 Y18.116 E0.08147
G0 F7200 X14.812 Y18.563
G1 F1800 X11.512 Y21.863 E0.07761
G0 F7200 X11.795 Y22.146
G1 F1800 X14.932 Y19.009 E0.07378
G0 F7200 X15.051 Y19.456
G1 F1800 X12.078 Y22.429 E0.06992
G0 F7200 X12.361 Y22.712
G1 F1800 X15.17 Y19.903 E0.06606
G0 F7200 X15.288 Y20.35
G1 F1800 X12.644 Y22.994 E0.06218
G0 F7200 X12.927 Y23.277
G1 F1800 X15.51 Y20.693 E0.06076
G0 F7200 X15.819 Y20.951
G1 F1800 X13.209 Y23.56 E0.06137
G0 F7200 X13.492 Y23.843
G1 F1800 X16.215 Y21.12 E0.06404
G0 F7200 X16.662 Y21.239
G1 F1800 X13.775 Y24.126 E0.0679
G0 F7200 X14.058 Y24.409
G1 F1800 X17.108 Y21.359 E0.07173
G0 F7200 X17.555 Y21.478
G1 F1800 X14.341 Y24.691 E0.07558
G0 F7200 X14.624 Y24.974
G1 F1800 X18.001 Y21.597 E0.07942
G0 F7200 X18.447 Y21.717
G1 F1800 X14.907 Y25.257 E0.08326
G0 F7200 X15.189 Y25.54
G1 F1800 X18.983 Y21.746 E0.08923
G1 X19.053 Y21.676
G0 F7200 X21.872 Y23.949
G1 F1800 X17.735 Y28.086 E0.0973
G0 F7200 X18.018 Y28.368
G1 F1800 X21.657 Y24.73 E0.08557
G0 F7200 X21.774 Y25.178
G1 F1800 X18.301 Y28.651 E0.08168
G0 F7200 X18.583 Y28.934
G1 F1800 X21.892 Y25.626 E0.07781
G0 F7200 X22.01 Y26.073
G1 F1800 X18.866 Y29.217 E0.07394
G0 F7200 X19.149 Y29.5
G1 F1800 X22.128 Y26.521 E0.07006
G0 F7200 X22.246 Y26.968
G1 F1800 X19.432 Y29.783 E0.06619
G0 F7200 X19.715 Y30.065
G1 F1800 X22.364 Y27.416 E0.0623
G0 F7200 X22.582 Y27.764
G1 F1800 X19.998 Y30.348 E0.06077
G0 F7200 X20.281 Y30.631
G1 F1800 X22.89 Y28.021 E0.06137
G0 F7200 X23.286 Y28.191
G1 F1800 X20.563 Y30.914 E0.06404
G0 F7200 X20.846 Y31.197
G1 F1800 X23.733 Y28.31 E0.0679
G0 F7200 X24.179 Y28.43
G1 F1800 X21.129 Y31.48 E0.07173
G0 F7200 X21.412 Y31.763
G1 F1800 X24.625 Y28.549 E0.07558
G0 F7200 X25.072 Y28.668
G1 F1800 X21.695 Y32.045 E0.07942
G0 F7200 X21.978 Y32.328
G1 F1800 X25.518 Y28.788 E0.08326
G0 F7200 X26.066 Y28.805
G1 F1800 X22.26 Y32.611 E0.08951
G0 F7200 X22.543 Y32.894
G1 F1800 X32.894 Y22.543 E0.24344
G0 F7200 X33.177 Y22.826
G1 F1800 X22.826 Y33.177 E0.24344
G0 F7200 X23.109 Y33.46
G1 F1800 X33.46 Y23.109 E0.24344
G0 F7200 X33.742 Y23.392
G1 F1800 X23.392 Y33.742 E0.24342
G0 F7200 X23.675 Y34.025
G1 F1800 X34.025 Y23.675 E0.24342
G0 F7200 X34.308 Y23.957
G1 F1800 X23.957 Y34.308 E0.24344
G0 F7200 X24.24 Y34.591
G1 F1800 X34.591 Y24.24 E0.24344
G0 F7200 X34.874 Y24.523
G1 F1800 X24.523 Y34.874 E0.24344
G0 F7200 X24.806 Y35.157
G1 F1800 X28.945 Y31.017 E0.09735
G1 X29.015 Y30.947
G0 F7200 X28.718 Y31.81
G1 F1800 X25.089 Y35.439 E0.08535
G0 F7200 X25.372 Y35.722
G1 F1800 X28.838 Y32.256 E0.08152
G0 F7200 X28.957 Y32.703
G1 F1800 X25.655 Y36.005 E0.07766
G0 F7200 X25.937 Y36.288
G1 F1800 X29.076 Y33.149 E0.07382
G0 F7200 X29.196 Y33.595
G1 F1800 X26.22 Y36.571 E0.06999
G0 F7200 X26.503 Y36.854
G1 F1800 X29.315 Y34.042 E0.06613
G0 F7200 X29.434 Y34.488
G1 F1800 X26.786 Y37.137 E0.06229
G0 F7200 X27.069 Y37.419
G1 F1800 X29.655 Y34.833 E0.06082
G0 F7200 X29.964 Y35.09
G1 F1800 X27.352 Y37.702 E0.06143
G0 F7200 X27.634 Y37.985
G1 F1800 X30.362 Y35.258 E0.06415
G0 F7200 X30.807 Y35.378
G1 F1800 X27.917 Y38.268 E0.06797
G0 F7200 X28.2 Y38.551
G1 F1800 X31.253 Y35.498 E0.0718
G0 F7200 X31.698 Y35.618
G1 F1800 X28.483 Y38.834 E0.07562
G0 F7200 X28.766 Y39.116
G1 F1800 X32.144 Y35.739 E0.07943
G0 F7200 X32.589 Y35.859
G1 F1800 X29.049 Y39.399 E0.08326
G0 F7200 X29.331 Y39.682
G1 F1800 X33.124 Y35.89 E0.08919
G1 X33.194 Y35.82
G0 F7200 X36.03 Y38.075
G1 F1800 X31.878 Y42.227 E0.09765
G0 F7200 X32.161 Y42.51
G1 F1800 X35.797 Y38.874 E0.08551
G0 F7200 X35.915 Y39.321
G1 F1800 X32.443 Y42.793 E0.08166
G0 F7200 X32.726 Y43.076
G1 F1800 X36.033 Y39.768 E0.07779
G0 F7200 X36.152 Y40.215
G1 F1800 X33.009 Y43.358 E0.07392
G0 F7200 X33.292 Y43.641
G1 F1800 X36.271 Y40.662 E0.07006
G0 F7200 X36.389 Y41.11
G1 F1800 X33.575 Y43.924 E0.06618
G0 F7200 X33.858 Y44.207
G1 F1800 X36.508 Y41.557 E0.06232
G0 F7200 X36.726 Y41.904
G1 F1800 X34.141 Y44.49 E0.06081
G0 F7200 X34.423 Y44.773
G1 F1800 X37.034 Y42.162 E0.06141
G0 F7200 X37.431 Y42.331
G1 F1800 X34.706 Y45.055 E0.06408
G0 F7200 X34.989 Y45.338
G1 F1800 X37.878 Y42.449 E0.06794
G0 F7200 X38.327 Y42.566
G1 F1800 X35.272 Y45.621 E0.07185
G0 F7200 X35.555 Y45.904
G1 F1800 X38.774 Y42.685 E0.07571
G0 F7200 X39.222 Y42.803
G1 F1800 X35.838 Y46.187 E0.07959
G0 F7200 X36.12 Y46.47
G1 F1800 X39.669 Y42.921 E0.08347
G0 F7200 X40.203 Y42.952
G1 F1800 X36.403 Y46.752 E0.08937
G0 F7200 X36.686 Y47.035
G1 F1800 X47.036 Y36.685 E0.24342
G0 F7200 X46.753 Y36.403
G1 F1800 X42.955 Y40.2 E0.08931
G0 F7200 X42.93 Y39.66
G1 F1800 X46.47 Y36.12 E0.08326
G0 F7200 X46.188 Y35.837
G1 F1800 X42.81 Y39.215 E0.07945
G0 F7200 X42.689 Y38.769
G1 F1800 X45.905 Y35.554 E0.07562
G0 F7200 X45.622 Y35.271
G1 F1800 X42.569 Y38.324 E0.0718
G0 F7200 X42.45 Y37.878
G1 F1800 X45.339 Y34.988 E0.06796
G0 F7200 X45.056 Y34.706
G1 F1800 X42.33 Y37.432 E0.06411
G0 F7200 X42.161 Y37.035
G1 F1800 X44.773 Y34.423 E0.06143
G0 F7200 X44.49 Y34.14
G1 F1800 X41.905 Y36.726 E0.06081
G0 F7200 X41.557 Y36.507
G1 F1800 X44.208 Y33.857 E0.06234
G0 F7200 X43.925 Y33.574
G1 F1800 X41.111 Y36.388 E0.06618
G0 F7200 X40.664 Y36.269
G1 F1800 X43.642 Y33.291 E0.07004
G0 F7200 X43.359 Y33.008
G1 F1800 X40.218 Y36.149 E0.07387
G0 F7200 X39.772 Y36.03
G1 F1800 X43.076 Y32.726 E0.07771
G0 F7200 X42.793 Y32.443
G1 F1800 X39.326 Y35.91 E0.08154
G0 F7200 X38.88 Y35.791
G1 F1800 X42.511 Y32.16 E0.0854
G0 F7200 X42.228 Y31.877
G1 F1800 X38.064 Y36.041 E0.09793
G1 X37.994 Y36.111
G0 F7200 X35.887 Y33.127
G1 F1800 X39.682 Y29.331 E0.08926
G0 F7200 X39.399 Y29.049
G1 F1800 X35.857 Y32.591 E0.0833
G0 F7200 X35.737 Y32.145
G1 F1800 X39.116 Y28.766 E0.07947
G0 F7200 X38.834 Y28.483
G1 F1800 X35.618 Y31.699 E0.07564
G0 F7200 X35.497 Y31.253
G1 F1800 X38.551 Y28.2 E0.07181
G0 F7200 X38.268 Y27.917
G1 F1800 X35.378 Y30.807 E0.06797
G0 F7200 X35.258 Y30.362
G1 F1800 X37.985 Y27.634 E0.06415
G0 F7200 X37.702 Y27.352
G1 F1800 X35.093 Y29.961 E0.06136
G0 F7200 X34.834 Y29.654
G1 F1800 X37.419 Y27.069 E0.0608
G0 F7200 X37.137 Y26.786
G1 F1800 X34.486 Y29.436 E0.06234
G0 F7200 X34.04 Y29.317
G1 F1800 X36.854 Y26.503 E0.06618
G0 F7200 X36.571 Y26.22
G1 F1800 X33.594 Y29.197 E0.07001
G0 F7200 X33.148 Y29.078
G1 F1800 X36.288 Y25.937 E0.07386
G0 F7200 X36.005 Y25.655
G1 F1800 X32.702 Y28.958 E0.07768
G0 F7200 X32.255 Y28.839
G1 F1800 X35.722 Y25.372 E0.08154
G0 F7200 X35.439 Y25.089
G1 F1800 X31.809 Y28.719 E0.08537
G1 X31.739 Y28.789
G0 F7200 X30.985 Y28.978
G1 F1800 X35.157 Y24.806 E0.09812
G1 X35.227 Y24.736
G0 F7200 X32.611 Y22.26
G1 F1800 X28.815 Y26.056 E0.08928
G0 F7200 X28.789 Y25.517
G1 F1800 X32.328 Y21.978 E0.08323
G0 F7200 X32.045 Y21.695
G1 F1800 X28.67 Y25.07 E0.07937
G0 F7200 X28.55 Y24.624
G1 F1800 X31.763 Y21.412 E0.07555
G0 F7200 X31.48 Y21.129
G1 F1800 X28.431 Y24.178 E0.07171
G0 F7200 X28.311 Y23.732
G1 F1800 X31.197 Y20.846 E0.06787
G0 F7200 X30.914 Y20.563
G1 F1800 X28.192 Y23.286 E0.06403
G0 F7200 X28.021 Y22.89
G1 F1800 X30.631 Y20.281 E0.06137
G0 F7200 X30.348 Y19.998
G1 F1800 X27.766 Y22.58 E0.06072
G0 F7200 X27.416 Y22.364
G1 F1800 X30.065 Y19.715 E0.0623
G0 F7200 X29.783 Y19.432
G1 F1800 X26.968 Y22.247 E0.0662
G0 F7200 X26.52 Y22.129
G1 F1800 X29.5 Y19.149 E0.07009
G0 F7200 X29.217 Y18.866
G1 F1800 X26.072 Y22.011 E0.07397
G0 F7200 X25.625 Y21.893
G1 F1800 X28.934 Y18.583 E0.07783
G0 F7200 X28.651 Y18.301
G1 F1800 X25.177 Y21.775 E0.0817
G0 F7200 X24.73 Y21.657
G1 F1800 X28.368 Y18.018 E0.08557
G0 F7200 X28.086 Y17.735
G1 F1800 X23.909 Y21.912 E0.09824
G1 X23.839 Y21.982
G0 F7200 X21.746 Y18.983
G1 F1800 X25.54 Y15.189 E0.08923
G0 F7200 X25.257 Y14.907
G1 F1800 X21.716 Y18.448 E0.08328
G0 F7200 X21.596 Y18.002
G1 F1800 X24.974 Y14.624 E0.07945
G0 F7200 X24.691 Y14.341
G1 F1800 X21.476 Y17.556 E0.07561
G0 F7200 X21.357 Y17.11
G1 F1800 X24.409 Y14.058 E0.07178
G0 F7200 X24.126 Y13.775
G1 F1800 X21.237 Y16.664 E0.06794
G0 F7200 X21.117 Y16.218
G1 F1800 X23.843 Y13.492 E0.06411
G0 F7200 X23.56 Y13.209
G1 F1800 X20.952 Y15.818 E0.06135
G0 F7200 X20.691 Y15.513
G1 F1800 X23.277 Y12.927 E0.06082
G0 F7200 X22.994 Y12.644
G1 F1800 X20.344 Y15.294 E0.06232
G0 F7200 X19.897 Y15.175
G1 F1800 X22.712 Y12.361 E0.06619
G0 F7200 X22.429 Y12.078
G1 F1800 X19.45 Y15.056 E0.07005
G0 F7200 X19.004 Y14.937
G1 F1800 X22.146 Y11.795 E0.0739
G0 F7200 X21.863 Y11.512
G1 F1800 X18.557 Y14.818 E0.07775
G0 F7200 X18.11 Y14.699
G1 F1800 X21.58 Y11.23 E0.0816
G0 F7200 X21.297 Y10.947
G1 F1800 X17.664 Y14.58 E0.08544
G1 X17.594 Y14.65
G0 F7200 X16.848 Y14.831
G1 F1800 X21.015 Y10.664 E0.098
G1 X21.085 Y10.594
G0 F7200 X18.469 Y8.118
G1 F1800 X14.672 Y11.915 E0.0893
G0 F7200 X14.644 Y11.377
G1 F1800 X18.186 Y7.835 E0.0833
G0 F7200 X17.903 Y7.553
G1 F1800 X14.525 Y10.93 E0.07943
G0 F7200 X14.406 Y10.484
G1 F1800 X17.62 Y7.27 E0.07559
G0 F7200 X17.338 Y6.987
G1 F1800 X14.286 Y10.038 E0.07177
G0 F7200 X14.167 Y9.592
G1 F1800 X17.055 Y6.704 E0.06792
G0 F7200 X16.772 Y6.421
G1 F1800 X14.048 Y9.145 E0.06406
G0 F7200 X13.878 Y8.75
G1 F1800 X16.489 Y6.138 E0.06142
G0 F7200 X16.206 Y5.856
G1 F1800 X13.62 Y8.442 E0.06082
G0 F7200 X13.273 Y8.223
G1 F1800 X15.923 Y5.573 E0.06232
G0 F7200 X15.64 Y5.29
G1 F1800 X12.828 Y8.103 E0.06615
G0 F7200 X12.381 Y7.983
G1 F1800 X15.358 Y5.007 E0.07
G0 F7200 X15.075 Y4.724
G1 F1800 X11.936 Y7.863 E0.07382
G0 F7200 X11.49 Y7.743
G1 F1800 X14.792 Y4.441 E0.07766
G0 F7200 X14.509 Y4.158
G1 F1800 X11.044 Y7.623 E0.08149
G0 F7200 X10.56 Y7.542
G1 F1800 X14.226 Y3.876 E0.08622
G0 F7200 X13.943 Y3.593
G1 F1800 X10.015 Y7.521 E0.09238
G0 F7200 X9.829 Y7.141
G1 F1800 X13.661 Y3.31 E0.09011
G1 X13.731 Y3.24
G0 F7200 X25.823 Y15.472
G1 F1800 X15.472 Y25.823 E0.24344
G0 F7200 X15.755 Y26.106
G1 F1800 X26.106 Y15.755 E0.24344
G0 F7200 X26.389 Y16.038
G1 F1800 X16.038 Y26.389 E0.24344
G0 F7200 X16.321 Y26.671
G1 F1800 X26.671 Y16.321 E0.24342
G0 F7200 X26.954 Y16.604
G1 F1800 X16.604 Y26.954 E0.24342
G0 F7200 X16.886 Y27.237
G1 F1800 X27.237 Y16.886 E0.24344
G0 F7200 X27.52 Y17.169
G1 F1800 X17.169 Y27.52 E0.24344
G0 F7200 X17.452 Y27.803
G1 F1800 X27.803 Y17.452 E0.24344
G1 X27.873 Y17.382
G0 F7200 X39.965 Y29.614
G1 F1800 X29.614 Y39.965 E0.24344
G0 F7200 X29.897 Y40.248
G1 F1800 X40.248 Y29.897 E0.24344
G0 F7200 X40.531 Y30.18
G1 F1800 X30.18 Y40.531 E0.24344
G0 F7200 X30.463 Y40.813
G1 F1800 X40.813 Y30.463 E0.24342
G0 F7200 X41.096 Y30.746
G1 F1800 X30.746 Y41.096 E0.24342
G0 F7200 X31.029 Y41.378
G1 F1800 X41.379 Y31.029 E0.2434
G0 F7200 X41.662 Y31.311
G1 F1800 X31.312 Y41.661 E0.24342
G0 F7200 X31.595 Y41.944
G1 F1800 X41.945 Y31.594 E0.24342
G1 X42.015 Y31.524
G0 F7200 X47.319 Y36.968
G1 F1800 X36.969 Y47.318 E0.24342
G0 F7200 X37.252 Y47.601
G1 F1800 X47.602 Y37.251 E0.24342
G0 F7200 X47.885 Y37.534
G1 F1800 X37.535 Y47.884 E0.24342
G0 F7200 X37.817 Y48.167
G1 F1800 X48.167 Y37.817 E0.24342
G0 F7200 X48.45 Y38.1
G1 F1800 X38.1 Y48.45 E0.24342
G0 F7200 X38.383 Y48.732
G1 F1800 X48.733 Y38.382 E0.24342
G0 F7200 X49.016 Y38.665
G1 F1800 X38.666 Y49.015 E0.24342
G0 F7200 X38.949 Y49.298
G1 F1800 X43.08 Y45.167 E0.09715
G1 X43.15 Y45.097
G0 F7200 X42.859 Y45.953
G1 F1800 X39.232 Y49.581 E0.08531
G0 F7200 X39.515 Y49.864
G1 F1800 X42.979 Y46.399 E0.08148
G0 F7200 X43.099 Y46.845
G1 F1800 X39.797 Y50.147 E0.07766
G0 F7200 X40.08 Y50.429
G1 F1800 X43.218 Y47.291 E0.0738
G0 F7200 X43.339 Y47.737
G1 F1800 X40.363 Y50.712 E0.06998
G0 F7200 X40.646 Y50.995
G1 F1800 X43.458 Y48.183 E0.06613
G0 F7200 X43.578 Y48.629
G1 F1800 X40.929 Y51.278 E0.0623
G0 F7200 X41.212 Y51.561
G1 F1800 X43.797 Y48.975 E0.06081
G0 F7200 X44.106 Y49.232
G1 F1800 X41.494 Y51.844 E0.06143
G0 F7200 X41.777 Y52.126
G1 F1800 X44.503 Y49.401 E0.0641
G0 F7200 X44.949 Y49.521
G1 F1800 X42.06 Y52.409 E0.06793
G0 F7200 X42.343 Y52.692
G1 F1800 X45.395 Y49.64 E0.07178
G0 F7200 X45.84 Y49.761
G1 F1800 X42.626 Y52.975 E0.07559
G0 F7200 X42.909 Y53.258
G1 F1800 X46.287 Y49.88 E0.07945
G0 F7200 X46.732 Y50
G1 F1800 X43.191 Y53.541 E0.08328
G0 F7200 X43.474 Y53.824
G1 F1800 X47.28 Y50.018 E0.08951
G1 X47.35 Y49.948
G0 F7200 X50.156 Y52.233
G1 F1800 X46.02 Y56.369 E0.09727
G0 F7200 X46.303 Y56.652
G1 F1800 X49.931 Y53.024 E0.08532
G0 F7200 X50.05 Y53.471
G1 F1800 X46.586 Y56.935 E0.08147
G0 F7200 X46.868 Y57.218
G1 F1800 X50.169 Y53.918 E0.07762
G0 F7200 X50.287 Y54.364
G1 F1800 X47.151 Y57.501 E0.07377
G0 F7200 X47.434 Y57.783
G1 F1800 X50.406 Y54.811 E0.0699
G0 F7200 X50.526 Y55.258
G1 F1800 X47.717 Y58.066 E0.06605
G0 F7200 X48 Y58.349
G1 F1800 X50.644 Y55.704 E0.06219
G0 F7200 X50.862 Y56.052
G1 F1800 X48.283 Y58.632 E0.06067
G0 F7200 X48.566 Y58.915
G1 F1800 X51.161 Y56.319 E0.06104
G0 F7200 X51.57 Y56.476
G1 F1800 X48.848 Y59.198 E0.06402
G0 F7200 X49.131 Y59.48
G1 F1800 X52.016 Y56.595 E0.06785
G0 F7200 X52.463 Y56.714
G1 F1800 X49.414 Y59.763 E0.07171
G0 F7200 X49.697 Y60.046
G1 F1800 X52.909 Y56.834 E0.07554
G0 F7200 X53.355 Y56.953
G1 F1800 X49.98 Y60.329 E0.07939
G0 F7200 X50.263 Y60.612
G1 F1800 X53.802 Y57.072 E0.08324
G0 F7200 X54.35 Y57.09
G1 F1800 X50.545 Y60.895 E0.08949
G0 F7200 X50.828 Y61.177
G1 F1800 X61.178 Y50.828 E0.2434
G0 F7200 X61.461 Y51.11
G1 F1800 X51.111 Y61.46 E0.24342
G0 F7200 X51.394 Y61.743
G1 F1800 X61.744 Y51.393 E0.24342
G0 F7200 X62.027 Y51.676
G1 F1800 X51.677 Y62.026 E0.24342
G0 F7200 X51.96 Y62.309
G1 F1800 X62.31 Y51.959 E0.24342
G0 F7200 X62.592 Y52.242
G1 F1800 X52.242 Y62.592 E0.24342
G0 F7200 X52.525 Y62.875
G1 F1800 X62.875 Y52.525 E0.24342
G0 F7200 X63.158 Y52.807
G1 F1800 X52.808 Y63.157 E0.24342
G0 F7200 X53.091 Y63.44
G1 F1800 X57.23 Y59.302 E0.09733
G1 X57.3 Y59.232
G0 F7200 X57.003 Y60.094
G1 F1800 X53.374 Y63.723 E0.08535
G0 F7200 X53.657 Y64.006
G1 F1800 X57.122 Y60.54 E0.0815
G0 F7200 X57.241 Y60.987
G1 F1800 X53.94 Y64.289 E0.07765
G0 F7200 X54.222 Y64.572
G1 F1800 X57.361 Y61.433 E0.07382
G0 F7200 X57.48 Y61.88
G1 F1800 X54.505 Y64.854 E0.06996
G0 F7200 X54.788 Y65.137
G1 F1800 X57.599 Y62.327 E0.0661
G0 F7200 X57.718 Y62.773
G1 F1800 X55.071 Y65.42 E0.06225
G0 F7200 X55.354 Y65.703
G1 F1800 X57.94 Y63.117 E0.06082
G0 F7200 X58.249 Y63.374
G1 F1800 X55.637 Y65.986 E0.06143
G0 F7200 X55.919 Y66.269
G1 F1800 X58.647 Y63.541 E0.06416
G0 F7200 X59.093 Y63.661
G1 F1800 X56.202 Y66.551 E0.06798
G0 F7200 X56.485 Y66.834
G1 F1800 X59.538 Y63.781 E0.0718
G0 F7200 X59.985 Y63.901
G1 F1800 X56.768 Y67.117 E0.07565
G0 F7200 X57.051 Y67.4
G1 F1800 X60.431 Y64.02 E0.07949
G0 F7200 X60.877 Y64.14
G1 F1800 X57.334 Y67.683 E0.08333
G0 F7200 X57.616 Y67.966
G1 F1800 X61.423 Y64.159 E0.08953
G1 X61.493 Y64.089
G0 F7200 X64.304 Y66.37
G1 F1800 X60.163 Y70.511 E0.09739
G0 F7200 X60.446 Y70.793
G1 F1800 X64.074 Y67.165 E0.08532
G0 F7200 X64.193 Y67.611
G1 F1800 X60.728 Y71.076 E0.08149
G0 F7200 X61.011 Y71.359
G1 F1800 X64.313 Y68.058 E0.07765
G0 F7200 X64.432 Y68.504
G1 F1800 X61.294 Y71.642 E0.0738
G0 F7200 X61.577 Y71.925
G1 F1800 X64.552 Y68.95 E0.06997
G0 F7200 X64.671 Y69.396
G1 F1800 X61.86 Y72.208 E0.06612
G0 F7200 X62.143 Y72.49
G1 F1800 X64.791 Y69.842 E0.06228
G0 F7200 X65.011 Y70.188
G1 F1800 X62.426 Y72.773 E0.0608
G0 F7200 X62.708 Y73.056
G1 F1800 X65.319 Y70.446 E0.06139
G0 F7200 X65.715 Y70.615
G1 F1800 X62.991 Y73.339 E0.06406
G0 F7200 X63.274 Y73.622
G1 F1800 X66.163 Y70.733 E0.06794
G0 F7200 X66.609 Y70.852
G1 F1800 X63.557 Y73.905 E0.07179
G0 F7200 X63.84 Y74.188
G1 F1800 X67.056 Y70.971 E0.07565
G0 F7200 X67.503 Y71.09
G1 F1800 X64.123 Y74.47 E0.07949
G0 F7200 X64.405 Y74.753
G1 F1800 X67.95 Y71.208 E0.08337
G0 F7200 X68.483 Y71.241
G1 F1800 X64.688 Y75.036 E0.08925
G0 F7200 X64.971 Y75.319
G1 F1800 X75.32 Y64.97 E0.24339
G0 F7200 X75.603 Y65.253
G1 F1800 X65.254 Y75.602 E0.24339
G0 F7200 X65.537 Y75.885
G1 F1800 X75.886 Y65.535 E0.2434
G0 F7200 X76.169 Y65.818
G1 F1800 X65.82 Y76.167 E0.24339
G0 F7200 X66.102 Y76.45
G1 F1800 X76.452 Y66.101 E0.2434
G0 F7200 X76.735 Y66.384
G1 F1800 X66.385 Y76.733 E0.2434
G0 F7200 X66.668 Y77.016
G1 F1800 X77.017 Y66.667 E0.24339
G0 F7200 X77.3 Y66.95
G1 F1800 X66.951 Y77.299 E0.24339
G0 F7200 X67.234 Y77.582
G1 F1800 X71.363 Y73.452 E0.09712
G1 X71.433 Y73.382
G0 F7200 X71.143 Y74.238
G1 F1800 X67.517 Y77.864 E0.08528
G0 F7200 X67.8 Y78.147
G1 F1800 X71.264 Y74.683 E0.08147
G0 F7200 X71.383 Y75.129
G1 F1800 X68.082 Y78.43 E0.07763
G0 F7200 X68.365 Y78.713
G1 F1800 X71.503 Y75.575 E0.0738
G0 F7200 X71.623 Y76.021
G1 F1800 X68.648 Y78.996 E0.06997
G0 F7200 X68.931 Y79.279
G1 F1800 X71.743 Y76.467 E0.06613
G0 F7200 X71.863 Y76.913
G1 F1800 X69.214 Y79.562 E0.0623
G0 F7200 X69.497 Y79.844
G1 F1800 X72.082 Y77.259 E0.0608
G0 F7200 X72.389 Y77.517
G1 F1800 X69.779 Y80.127 E0.06138
G0 F7200 X70.062 Y80.41
G1 F1800 X72.786 Y77.686 E0.06406
G0 F7200 X73.234 Y77.804
G1 F1800 X70.345 Y80.693 E0.06794
G0 F7200 X70.628 Y80.976
G1 F1800 X73.681 Y77.922 E0.07181
G0 F7200 X74.129 Y78.041
G1 F1800 X70.911 Y81.259 E0.07568
G0 F7200 X71.194 Y81.541
G1 F1800 X74.576 Y78.159 E0.07954
G0 F7200 X75.024 Y78.277
G1 F1800 X71.476 Y81.824 E0.08343
G0 F7200 X71.759 Y82.107
G1 F1800 X75.557 Y78.309 E0.08932
G1 X75.627 Y78.239
G0 F7200 X78.438 Y80.52
G1 F1800 X74.305 Y84.653 E0.0972
G0 F7200 X74.588 Y84.936
G1 F1800 X78.215 Y81.308 E0.08531
G0 F7200 X78.334 Y81.755
G1 F1800 X74.871 Y85.218 E0.08144
G0 F7200 X75.153 Y85.501
G1 F1800 X78.453 Y82.202 E0.0776
G0 F7200 X78.572 Y82.649
G1 F1800 X75.436 Y85.784 E0.07374
G0 F7200 X75.719 Y86.067
G1 F1800 X78.69 Y83.096 E0.06987
G0 F7200 X78.809 Y83.543
G1 F1800 X76.002 Y86.35 E0.06602
G0 F7200 X76.285 Y86.633
G1 F1800 X78.928 Y83.989 E0.06217
G0 F7200 X79.151 Y84.332
G1 F1800 X76.568 Y86.915 E0.06075
G0 F7200 X76.85 Y87.198
G1 F1800 X79.459 Y84.59 E0.06135
G0 F7200 X79.855 Y84.759
G1 F1800 X77.133 Y87.481 E0.06402
G0 F7200 X77.416 Y87.764
G1 F1800 X80.301 Y84.879 E0.06785
G0 F7200 X80.747 Y84.998
G1 F1800 X77.699 Y88.047 E0.0717
G0 F7200 X77.982 Y88.33
G1 F1800 X81.194 Y85.118 E0.07554
G0 F7200 X81.64 Y85.237
G1 F1800 X78.265 Y88.613 E0.07939
G0 F7200 X78.548 Y88.895
G1 F1800 X82.087 Y85.356 E0.08323
G0 F7200 X82.635 Y85.374
G1 F1800 X78.83 Y89.178 E0.08948
G0 F7200 X79.113 Y89.461
G1 F1800 X89.462 Y79.112 E0.24339
G0 F7200 X89.18 Y78.829
G1 F1800 X85.383 Y82.625 E0.08929
G0 F7200 X85.358 Y82.085
G1 F1800 X88.897 Y78.546 E0.08323
G0 F7200 X88.614 Y78.263
G1 F1800 X85.239 Y81.638 E0.07937
G0 F7200 X85.119 Y81.192
G1 F1800 X88.331 Y77.98 E0.07554
G0 F7200 X88.048 Y77.698
G1 F1800 X85 Y80.746 E0.07168
G0 F7200 X84.88 Y80.3
G1 F1800 X87.765 Y77.415 E0.06785
G0 F7200 X87.483 Y77.132
G1 F1800 X84.761 Y79.854 E0.06402
G0 F7200 X84.591 Y79.458
G1 F1800 X87.2 Y76.849 E0.06136
G0 F7200 X86.917 Y76.566
G1 F1800 X84.332 Y79.151 E0.0608
G0 F7200 X83.988 Y78.929
G1 F1800 X86.634 Y76.283 E0.06223
G0 F7200 X86.351 Y76.001
G1 F1800 X83.541 Y78.811 E0.06609
G0 F7200 X83.094 Y78.692
G1 F1800 X86.068 Y75.718 E0.06994
G0 F7200 X85.785 Y75.435
G1 F1800 X82.647 Y78.573 E0.0738
G0 F7200 X82.2 Y78.454
G1 F1800 X85.503 Y75.152 E0.07767
G0 F7200 X85.22 Y74.869
G1 F1800 X81.754 Y78.335 E0.08152
G0 F7200 X81.307 Y78.217
G1 F1800 X84.937 Y74.586 E0.08538
G0 F7200 X84.654 Y74.303
G1 F1800 X80.496 Y78.462 E0.0978
G1 X80.426 Y78.532
G0 F7200 X78.311 Y75.555
G1 F1800 X82.109 Y71.758 E0.08931
G0 F7200 X82.391 Y72.041
G1 F1800 X72.042 Y82.39 E0.24339
G0 F7200 X72.325 Y82.673
G1 F1800 X82.674 Y72.324 E0.24339
G0 F7200 X82.957 Y72.606
G1 F1800 X72.608 Y82.956 E0.2434
G0 F7200 X72.891 Y83.238
G1 F1800 X83.24 Y72.889 E0.24339
G0 F7200 X83.523 Y73.172
G1 F1800 X73.174 Y83.521 E0.24339
G0 F7200 X73.456 Y83.804
G1 F1800 X83.806 Y73.455 E0.2434
G0 F7200 X84.088 Y73.738
G1 F1800 X73.739 Y84.087 E0.24339
G0 F7200 X74.022 Y84.37
G1 F1800 X84.371 Y74.021 E0.24339
G1 X84.441 Y73.951
G0 F7200 X81.826 Y71.475
G1 F1800 X78.285 Y75.016 E0.08328
G0 F7200 X78.166 Y74.569
G1 F1800 X81.543 Y71.192 E0.07942
G0 F7200 X81.26 Y70.909
G1 F1800 X78.045 Y74.124 E0.07561
G0 F7200 X77.925 Y73.678
G1 F1800 X80.977 Y70.627 E0.07177
G0 F7200 X80.694 Y70.344
G1 F1800 X77.805 Y73.233 E0.06794
G0 F7200 X77.685 Y72.787
G1 F1800 X80.411 Y70.061 E0.06411
G0 F7200 X80.129 Y69.778
G1 F1800 X77.516 Y72.391 E0.06145
G0 F7200 X77.256 Y72.085
G1 F1800 X79.846 Y69.495 E0.06091
G0 F7200 X79.563 Y69.212
G1 F1800 X76.912 Y71.863 E0.06235
G0 F7200 X76.467 Y71.743
G1 F1800 X79.28 Y68.929 E0.06617
G0 F7200 X78.997 Y68.647
G1 F1800 X76.02 Y71.624 E0.07001
G0 F7200 X75.574 Y71.504
G1 F1800 X78.714 Y68.364 E0.07385
G0 F7200 X78.432 Y68.081
G1 F1800 X75.129 Y71.384 E0.07768
G0 F7200 X74.682 Y71.264
G1 F1800 X78.149 Y67.798 E0.08153
G0 F7200 X77.866 Y67.515
G1 F1800 X74.237 Y71.144 E0.08535
G1 X74.167 Y71.214
G0 F7200 X73.416 Y71.399
G1 F1800 X77.583 Y67.232 E0.098
G1 X77.653 Y67.162
G0 F7200 X75.037 Y64.687
G1 F1800 X71.238 Y68.486 E0.08935
G0 F7200 X71.21 Y67.949
G1 F1800 X74.755 Y64.404 E0.08337
G0 F7200 X74.472 Y64.121
G1 F1800 X71.09 Y67.503 E0.07954
G0 F7200 X70.971 Y67.056
G1 F1800 X74.189 Y63.838 E0.07568
G0 F7200 X73.906 Y63.555
G1 F1800 X70.852 Y66.609 E0.07183
G0 F7200 X70.733 Y66.163
G1 F1800 X73.623 Y63.273 E0.06797
G0 F7200 X73.34 Y62.99
G1 F1800 X70.613 Y65.717 E0.06413
G0 F7200 X70.445 Y65.32
G1 F1800 X73.058 Y62.707 E0.06145
G0 F7200 X72.775 Y62.424
G1 F1800 X70.188 Y65.011 E0.06084
G0 F7200 X69.842 Y64.791
G1 F1800 X72.492 Y62.141 E0.06232
G0 F7200 X72.209 Y61.858
G1 F1800 X69.395 Y64.672 E0.06618
G0 F7200 X68.949 Y64.552
G1 F1800 X71.926 Y61.576 E0.07
G0 F7200 X71.643 Y61.293
G1 F1800 X68.503 Y64.433 E0.07385
G0 F7200 X68.057 Y64.313
G1 F1800 X71.361 Y61.01 E0.07769
G0 F7200 X71.078 Y60.727
G1 F1800 X67.611 Y64.194 E0.08154
G0 F7200 X67.165 Y64.074
G1 F1800 X70.795 Y60.444 E0.08537
G0 F7200 X70.512 Y60.161
G1 F1800 X66.337 Y64.336 E0.09819
G1 X66.267 Y64.406
G0 F7200 X64.171 Y61.412
G1 F1800 X67.966 Y57.616 E0.08926
G0 F7200 X67.684 Y57.333
G1 F1800 X64.141 Y60.876 E0.08333
G0 F7200 X64.021 Y60.429
G1 F1800 X67.401 Y57.05 E0.07948
G0 F7200 X67.118 Y56.767
G1 F1800 X63.901 Y59.984 E0.07566
G0 F7200 X63.782 Y59.538
G1 F1800 X66.835 Y56.484 E0.07181
G0 F7200 X66.552 Y56.202
G1 F1800 X63.662 Y59.091 E0.06796
G0 F7200 X63.542 Y58.646
G1 F1800 X66.269 Y55.919 E0.06413
G0 F7200 X65.986 Y55.636
G1 F1800 X63.375 Y58.247 E0.06141
G0 F7200 X63.119 Y57.938
G1 F1800 X65.704 Y55.353 E0.0608
G0 F7200 X65.421 Y55.07
G1 F1800 X62.771 Y57.72 E0.06232
G0 F7200 X62.324 Y57.601
G1 F1800 X65.138 Y54.787 E0.06618
G0 F7200 X64.855 Y54.504
G1 F1800 X61.878 Y57.481 E0.07001
G0 F7200 X61.432 Y57.362
G1 F1800 X64.572 Y54.222 E0.07385
G0 F7200 X64.289 Y53.939
G1 F1800 X60.986 Y57.242 E0.07768
G0 F7200 X60.54 Y57.123
G1 F1800 X64.007 Y53.656 E0.08154
G0 F7200 X63.724 Y53.373
G1 F1800 X60.093 Y57.003 E0.08538
G1 X60.023 Y57.073
G0 F7200 X59.271 Y57.26
G1 F1800 X63.441 Y53.09 E0.09807
G1 X63.511 Y53.02
G0 F7200 X60.895 Y50.545
G1 F1800 X57.099 Y54.341 E0.08928
G0 F7200 X57.073 Y53.801
G1 F1800 X60.612 Y50.262 E0.08323
G0 F7200 X60.33 Y49.979
G1 F1800 X56.955 Y53.354 E0.07937
G0 F7200 X56.835 Y52.908
G1 F1800 X60.047 Y49.696 E0.07554
G0 F7200 X59.764 Y49.413
G1 F1800 X56.716 Y52.462 E0.0717
G0 F7200 X56.596 Y52.015
G1 F1800 X59.481 Y49.13 E0.06785
G0 F7200 X59.198 Y48.848
G1 F1800 X56.477 Y51.569 E0.06399
G0 F7200 X56.306 Y51.174
G1 F1800 X58.915 Y48.565 E0.06136
G0 F7200 X58.633 Y48.282
G1 F1800 X56.047 Y50.867 E0.06081
G0 F7200 X55.703 Y50.646
G1 F1800 X58.35 Y47.999 E0.06225
G0 F7200 X58.067 Y47.716
G1 F1800 X55.256 Y50.527 E0.06611
G0 F7200 X54.81 Y50.408
G1 F1800 X57.784 Y47.433 E0.06996
G0 F7200 X57.501 Y47.151
G1 F1800 X54.363 Y50.289 E0.0738
G0 F7200 X53.916 Y50.17
G1 F1800 X57.218 Y46.868 E0.07766
G0 F7200 X56.936 Y46.585
G1 F1800 X53.469 Y50.051 E0.08153
G0 F7200 X53.022 Y49.932
G1 F1800 X56.653 Y46.302 E0.08538
G0 F7200 X56.37 Y46.019
G1 F1800 X52.204 Y50.185 E0.09798
G1 X52.134 Y50.255
G0 F7200 X50.027 Y47.271
G1 F1800 X53.824 Y43.474 E0.0893
G0 F7200 X54.107 Y43.756
G1 F1800 X43.757 Y54.106 E0.24342
G0 F7200 X44.04 Y54.389
G1 F1800 X54.39 Y44.039 E0.24342
G0 F7200 X54.673 Y44.322
G1 F1800 X44.323 Y54.672 E0.24342
G0 F7200 X44.606 Y54.955
G1 F1800 X54.956 Y44.605 E0.24342
G0 F7200 X55.238 Y44.888
G1 F1800 X44.889 Y55.238 E0.2434
G0 F7200 X45.171 Y55.521
G1 F1800 X55.521 Y45.171 E0.24342
G0 F7200 X55.804 Y45.454
G1 F1800 X45.454 Y55.803 E0.2434
G0 F7200 X45.737 Y56.086
G1 F1800 X56.087 Y45.736 E0.24342
G1 X56.157 Y45.666
G0 F7200 X53.541 Y43.191
G1 F1800 X50.002 Y46.731 E0.08324
G0 F7200 X49.881 Y46.285
G1 F1800 X53.259 Y42.908 E0.07943
G0 F7200 X52.976 Y42.625
G1 F1800 X49.761 Y45.84 E0.07561
G0 F7200 X49.641 Y45.394
G1 F1800 X52.693 Y42.342 E0.07178
G0 F7200 X52.41 Y42.059
G1 F1800 X49.521 Y44.949 E0.06796
G0 F7200 X49.401 Y44.502
G1 F1800 X52.127 Y41.777 E0.0641
G0 F7200 X51.844 Y41.494
G1 F1800 X49.232 Y44.106 E0.06143
G0 F7200 X48.972 Y43.8
G1 F1800 X51.562 Y41.211 E0.0609
G0 F7200 X51.279 Y40.928
G1 F1800 X48.628 Y43.579 E0.06235
G0 F7200 X48.182 Y43.459
G1 F1800 X50.996 Y40.645 E0.06618
G0 F7200 X50.713 Y40.362
G1 F1800 X47.736 Y43.339 E0.07001
G0 F7200 X47.29 Y43.22
G1 F1800 X50.43 Y40.08 E0.07385
G0 F7200 X50.147 Y39.797
G1 F1800 X46.844 Y43.1 E0.07768
G0 F7200 X46.398 Y42.98
G1 F1800 X49.864 Y39.514 E0.08152
G0 F7200 X49.582 Y39.231
G1 F1800 X45.953 Y42.86 E0.08535
G1 X45.883 Y42.93
G0 F7200 X45.142 Y43.105
G1 F1800 X49.299 Y38.948 E0.09777
G1 X49.369 Y38.878
G0 F7200 X68.249 Y57.899
G1 F1800 X57.899 Y68.249 E0.24342
G0 F7200 X58.182 Y68.531
G1 F1800 X68.532 Y58.181 E0.24342
G0 F7200 X68.815 Y58.464
G1 F1800 X58.465 Y68.814 E0.24342
G0 F7200 X58.749 Y69.096
G1 F1800 X69.098 Y58.747 E0.24339
G0 F7200 X69.381 Y59.03
G1 F1800 X59.031 Y69.379 E0.2434
G0 F7200 X59.314 Y69.662
G1 F1800 X69.663 Y59.313 E0.24339
G0 F7200 X69.946 Y59.596
G1 F1800 X59.597 Y69.945 E0.24339
G0 F7200 X59.88 Y70.228
G1 F1800 X70.229 Y59.879 E0.24339
G1 X70.299 Y59.809
G0 F7200 X89.745 Y79.395
G1 F1800 X79.396 Y89.744 E0.24339
G0 F7200 X79.679 Y90.027
G1 F1800 X90.028 Y79.677 E0.2434
G0 F7200 X90.311 Y79.96
G1 F1800 X79.962 Y90.31 E0.2434
G0 F7200 X80.245 Y90.592
G1 F1800 X90.594 Y80.243 E0.24339
G0 F7200 X90.877 Y80.526
G1 F1800 X80.527 Y90.875 E0.2434
G0 F7200 X80.81 Y91.158
G1 F1800 X91.159 Y80.809 E0.24339
G0 F7200 X91.442 Y81.092
G1 F1800 X81.093 Y91.441 E0.24339
G0 F7200 X81.376 Y91.724
G1 F1800 X85.514 Y87.586 E0.09732
G1 X85.584 Y87.516
G0 F7200 X85.286 Y88.379
G1 F1800 X81.659 Y92.007 E0.08531
G0 F7200 X81.942 Y92.289
G1 F1800 X85.405 Y88.826 E0.08144
G0 F7200 X85.525 Y89.272
G1 F1800 X82.224 Y92.572 E0.07762
G0 F7200 X82.507 Y92.855
G1 F1800 X85.643 Y89.719 E0.07375
G0 F7200 X85.762 Y90.166
G1 F1800 X82.79 Y93.138 E0.0699
G0 F7200 X83.073 Y93.421
G1 F1800 X85.881 Y90.613 E0.06604
G0 F7200 X86 Y91.06
G1 F1800 X83.356 Y93.704 E0.06218
G0 F7200 X83.639 Y93.987
G1 F1800 X86.222 Y91.403 E0.06076
G0 F7200 X86.53 Y91.661
G1 F1800 X83.922 Y94.269 E0.06134
G0 F7200 X84.204 Y94.552
G1 F1800 X86.925 Y91.831 E0.06399
G0 F7200 X87.372 Y91.95
G1 F1800 X84.487 Y94.835 E0.06785
G0 F7200 X84.77 Y95.118
G1 F1800 X87.819 Y92.069 E0.07171
G0 F7200 X88.266 Y92.188
G1 F1800 X85.053 Y95.401 E0.07556
G0 F7200 X85.336 Y95.684
G1 F1800 X88.713 Y92.306 E0.07943
G0 F7200 X89.16 Y92.425
G1 F1800 X85.619 Y95.966 E0.08328
G0 F7200 X85.901 Y96.249
G1 F1800 X89.688 Y92.463 E0.08905
G0 F7200 X90.081 Y92.635
G1 F1800 X86.184 Y96.532 E0.09165
G1 X86.114 Y96.602
G0 F7200 X92.632 Y90.084
G1 F1800 X96.534 Y86.183 E0.09176
G0 F7200 X96.251 Y85.9
G1 F1800 X92.464 Y89.687 E0.08906
G0 F7200 X92.426 Y89.159
G1 F1800 X95.968 Y85.617 E0.0833
G0 F7200 X95.685 Y85.334
G1 F1800 X92.307 Y88.712 E0.07945
G0 F7200 X92.188 Y88.265
G1 F1800 X95.402 Y85.052 E0.07558
G0 F7200 X95.119 Y84.769
G1 F1800 X92.07 Y87.818 E0.07171
G0 F7200 X91.951 Y87.372
G1 F1800 X94.836 Y84.486 E0.06786
G0 F7200 X94.554 Y84.203
G1 F1800 X91.832 Y86.925 E0.06402
G0 F7200 X91.662 Y86.529
G1 F1800 X94.271 Y83.92 E0.06136
G0 F7200 X93.988 Y83.637
G1 F1800 X91.403 Y86.222 E0.0608
G0 F7200 X91.059 Y86
G1 F1800 X93.705 Y83.354 E0.06223
G0 F7200 X93.422 Y83.072
G1 F1800 X90.612 Y85.882 E0.06609
G0 F7200 X90.165 Y85.763
G1 F1800 X93.139 Y82.789 E0.06994
G0 F7200 X92.857 Y82.506
G1 F1800 X89.718 Y85.644 E0.07381
G0 F7200 X89.272 Y85.525
G1 F1800 X92.574 Y82.223 E0.07766
G0 F7200 X92.291 Y81.94
G1 F1800 X88.825 Y85.406 E0.08152
G0 F7200 X88.378 Y85.288
G1 F1800 X92.008 Y81.657 E0.08538
G0 F7200 X91.725 Y81.375
G1 F1800 X87.556 Y85.544 E0.09805
G1 X87.486 Y85.614
G0 F7200 X87.442 Y85.569
;MESH:NONMESH
G0 F600 X87.442 Y85.569 Z1.7
G0 F7200 X84.277 Y79.363
G0 X55.992 Y51.079
G0 X48.571 Y48.621
G0 X47.364 Y49.82
G0 X44.008 Y48.921
G0 X15.723 Y20.637
G0 X12.361 Y14.204
G0 X12.138 Y13.98
;TIME_ELAPSED:2116.719164
;LAYER:14
;TYPE:WALL-INNER
;MESH:bodyNW.stl
G1 F3600 X11.924 Y14.096 E0.00405
G1 X11.69 Y14.125 E0.00392
G1 X9.081 Y13.428 E0.04491
G1 X8.916 Y13.301 E0.00346
G1 X8.787 Y13.134 E0.00351
G1 X8.112 Y10.616 E0.04335
G1 X8.106 Y10.327 E0.00481
G1 X8.21 Y10.092 E0.00427
G1 X10.035 Y8.267 E0.04292
G1 X10.327 Y8.106 E0.00555
G1 X10.616 Y8.112 E0.00481
G1 X13.131 Y8.787 E0.0433
G1 X13.301 Y8.915 E0.00354
G1 X13.429 Y9.082 E0.0035
G1 X14.125 Y11.694 E0.04495
G1 X14.096 Y11.928 E0.00392
G1 X13.944 Y12.181 E0.00491
G1 X12.138 Y13.98 E0.04239
G0 F7200 X12.361 Y14.204
G0 X15.723 Y20.637
G0 X19.079 Y21.536
G0 X19.211 Y21.051
G1 F3600 X18.996 Y21.167 E0.00406
G1 X18.763 Y21.197 E0.00391
G1 X16.15 Y20.501 E0.04497
G1 X15.983 Y20.373 E0.0035
G1 X15.855 Y20.206 E0.0035
G1 X15.159 Y17.594 E0.04495
G1 X15.188 Y17.36 E0.00392
G1 X15.304 Y17.146 E0.00405
G1 X17.103 Y15.343 E0.04236
G1 X17.357 Y15.192 E0.00491
G1 X17.591 Y15.163 E0.00392
G1 X20.206 Y15.86 E0.04501
G1 X20.372 Y15.987 E0.00348
G1 X20.5 Y16.153 E0.00349
G1 X21.197 Y18.762 E0.04491
G1 X21.168 Y18.996 E0.00392
G1 X21.017 Y19.249 E0.0049
G1 X19.211 Y21.051 E0.04243
G0 F7200 X19.433 Y21.274
G0 X22.792 Y27.708
G0 X26.15 Y28.607
G0 X26.282 Y28.124
G1 F3600 X26.068 Y28.24 E0.00405
G1 X25.834 Y28.269 E0.00392
G1 X23.224 Y27.573 E0.04492
G1 X23.054 Y27.444 E0.00355
G1 X22.926 Y27.275 E0.00353
G1 X22.239 Y24.659 E0.04498
G1 X22.268 Y24.426 E0.0039
G1 X22.383 Y24.211 E0.00405
G1 X24.173 Y22.418 E0.04213
G1 X24.426 Y22.268 E0.00489
G1 X24.659 Y22.239 E0.0039
G1 X27.275 Y22.926 E0.04498
G1 X27.445 Y23.055 E0.00355
G1 X27.573 Y23.225 E0.00354
G1 X28.269 Y25.834 E0.04491
G1 X28.24 Y26.068 E0.00392
G1 X28.089 Y26.321 E0.0049
G1 X26.282 Y28.124 E0.04245
G0 F7200 X26.503 Y28.346
G0 X29.866 Y34.779
G0 X33.221 Y35.678
G0 X33.355 Y35.195
G1 F3600 X33.14 Y35.312 E0.00407
G1 X32.905 Y35.341 E0.00394
G1 X30.297 Y34.641 E0.04491
G1 X30.127 Y34.513 E0.00354
G1 X30 Y34.346 E0.00349
G1 X29.303 Y31.738 E0.04489
G1 X29.332 Y31.504 E0.00392
G1 X29.448 Y31.29 E0.00405
G1 X31.251 Y29.483 E0.04245
G1 X31.504 Y29.332 E0.0049
G1 X31.738 Y29.303 E0.00392
G1 X34.347 Y30 E0.04491
G1 X34.512 Y30.127 E0.00346
G1 X34.641 Y30.294 E0.00351
G1 X35.341 Y32.905 E0.04495
G1 X35.312 Y33.14 E0.00394
G1 X35.161 Y33.393 E0.0049
G1 X33.355 Y35.195 E0.04243
G0 F7200 X33.575 Y35.416
G0 X36.935 Y41.852
G0 X40.3 Y42.741
G0 X40.43 Y42.261
G1 F3600 X40.214 Y42.376 E0.00407
G1 X39.98 Y42.405 E0.00392
G1 X37.37 Y41.715 E0.0449
G1 X37.199 Y41.585 E0.00357
G1 X37.069 Y41.414 E0.00357
G1 X36.403 Y38.89 E0.04341
G1 X36.386 Y38.675 E0.00359
G1 X36.475 Y38.399 E0.00482
G1 X38.32 Y36.555 E0.04338
G1 X38.573 Y36.404 E0.0049
G1 X38.807 Y36.375 E0.00392
G1 X41.419 Y37.072 E0.04496
G1 X41.584 Y37.199 E0.00346
G1 X41.712 Y37.365 E0.00349
G1 X42.409 Y39.974 E0.04491
G1 X42.38 Y40.208 E0.00392
G1 X42.227 Y40.462 E0.00493
G1 X40.43 Y42.261 E0.04229
G0 F7200 X40.651 Y42.482
G0 X44.008 Y48.921
G0 X47.364 Y49.82
G0 X47.494 Y49.336
G1 F3600 X47.28 Y49.452 E0.00405
G1 X47.046 Y49.481 E0.00392
G1 X44.437 Y48.784 E0.04491
G1 X44.272 Y48.657 E0.00346
G1 X44.143 Y48.49 E0.00351
G1 X43.443 Y45.879 E0.04495
G1 X43.473 Y45.644 E0.00394
G1 X43.589 Y45.429 E0.00406
G1 X45.391 Y43.623 E0.04243
G1 X45.644 Y43.472 E0.0049
G1 X45.879 Y43.443 E0.00394
G1 X48.487 Y44.143 E0.04491
G1 X48.657 Y44.271 E0.00354
G1 X48.784 Y44.438 E0.00349
G1 X49.481 Y47.046 E0.04489
G1 X49.452 Y47.28 E0.00392
G1 X49.301 Y47.533 E0.0049
G1 X47.494 Y49.336 E0.04245
G0 F7200 X47.717 Y49.559
G0 X51.079 Y55.992
G0 X54.435 Y56.891
G0 X54.566 Y56.408
G1 F3600 X54.352 Y56.524 E0.00405
G1 X54.118 Y56.553 E0.00392
G1 X51.506 Y55.857 E0.04495
G1 X51.339 Y55.729 E0.0035
G1 X51.211 Y55.562 E0.0035
G1 X50.515 Y52.95 E0.04495
G1 X50.544 Y52.716 E0.00392
G1 X50.66 Y52.502 E0.00405
G1 X52.463 Y50.695 E0.04245
G1 X52.716 Y50.544 E0.0049
G1 X52.95 Y50.515 E0.00392
G1 X55.562 Y51.211 E0.04495
G1 X55.729 Y51.339 E0.0035
G1 X55.857 Y51.506 E0.0035
G1 X56.553 Y54.118 E0.04495
G1 X56.524 Y54.352 E0.00392
G1 X56.373 Y54.605 E0.0049
G1 X54.566 Y56.408 E0.04245
G0 F7200 X54.788 Y56.63
G0 X58.15 Y63.063
G0 X61.506 Y63.962
G0 X61.638 Y63.48
G1 F3600 X61.424 Y63.596 E0.00405
G1 X61.189 Y63.625 E0.00394
G1 X58.581 Y62.925 E0.04491
G1 X58.411 Y62.797 E0.00354
G1 X58.284 Y62.63 E0.00349
G1 X57.587 Y60.022 E0.04489
G1 X57.616 Y59.788 E0.00392
G1 X57.732 Y59.574 E0.00405
G1 X59.535 Y57.767 E0.04245
G1 X59.788 Y57.616 E0.0049
G1 X60.022 Y57.587 E0.00392
G1 X62.631 Y58.284 E0.04491
G1 X62.796 Y58.411 E0.00346
G1 X62.925 Y58.578 E0.00351
G1 X63.625 Y61.189 E0.04495
G1 X63.596 Y61.424 E0.00394
G1 X63.445 Y61.677 E0.0049
G1 X61.638 Y63.48 E0.04245
G0 F7200 X61.859 Y63.701
G0 X65.221 Y70.134
G0 X68.577 Y71.033
G0 X68.71 Y70.548
G1 F3600 X68.495 Y70.664 E0.00406
G1 X68.261 Y70.693 E0.00392
G1 X65.649 Y69.996 E0.04496
G1 X65.484 Y69.869 E0.00346
G1 X65.356 Y69.703 E0.00349
G1 X64.659 Y67.094 E0.04491
G1 X64.688 Y66.86 E0.00392
G1 X64.804 Y66.646 E0.00405
G1 X66.607 Y64.839 E0.04245
G1 X66.86 Y64.688 E0.0049
G1 X67.094 Y64.659 E0.00392
G1 X69.702 Y65.356 E0.04489
G1 X69.869 Y65.483 E0.00349
G1 X69.997 Y65.65 E0.0035
G1 X70.693 Y68.261 E0.04494
G1 X70.664 Y68.495 E0.00392
G1 X70.513 Y68.749 E0.00491
G1 X68.71 Y70.548 E0.04236
G0 F7200 X68.932 Y70.77
G0 X72.292 Y77.208
G0 X75.656 Y78.097
G0 X75.786 Y77.617
G1 F3600 X75.57 Y77.732 E0.00407
G1 X75.336 Y77.761 E0.00392
G1 X72.726 Y77.071 E0.0449
G1 X72.555 Y76.941 E0.00357
G1 X72.427 Y76.773 E0.00351
G1 X71.727 Y74.163 E0.04494
G1 X71.756 Y73.928 E0.00394
G1 X71.872 Y73.713 E0.00406
G1 X73.675 Y71.908 E0.04243
G1 X73.928 Y71.756 E0.00491
G1 X74.163 Y71.727 E0.00394
G1 X76.771 Y72.427 E0.04491
G1 X76.941 Y72.555 E0.00354
G1 X77.068 Y72.722 E0.00349
G1 X77.765 Y75.33 E0.04489
G1 X77.736 Y75.564 E0.00392
G1 X77.583 Y75.818 E0.00493
G1 X75.786 Y77.617 E0.04229
G0 F7200 X76.007 Y77.838
G0 X79.363 Y84.277
G0 X82.719 Y85.176
G0 X82.85 Y84.692
G1 F3600 X82.636 Y84.808 E0.00405
G1 X82.402 Y84.837 E0.00392
G1 X79.79 Y84.141 E0.04495
G1 X79.623 Y84.013 E0.0035
G1 X79.495 Y83.846 E0.0035
G1 X78.799 Y81.234 E0.04495
G1 X78.829 Y81 E0.00392
G1 X78.945 Y80.785 E0.00406
G1 X80.747 Y78.979 E0.04243
G1 X81 Y78.828 E0.0049
G1 X81.234 Y78.799 E0.00392
G1 X83.846 Y79.495 E0.04495
G1 X84.013 Y79.623 E0.0035
G1 X84.141 Y79.79 E0.0035
G1 X84.837 Y82.402 E0.04495
G1 X84.808 Y82.636 E0.00392
G1 X84.657 Y82.889 E0.0049
G1 X82.85 Y84.692 E0.04245
G0 F7200 X83.072 Y84.915
G0 X86.434 Y91.348
G0 X89.79 Y92.247
G0 X89.961 Y91.729
G1 F3600 X89.67 Y91.889 E0.00552
G1 X89.381 Y91.884 E0.00481
G1 X86.862 Y91.213 E0.04335
G1 X86.695 Y91.085 E0.0035
G1 X86.567 Y90.918 E0.0035
G1 X85.871 Y88.306 E0.04495
G1 X85.9 Y88.072 E0.00392
G1 X86.016 Y87.858 E0.00405
G1 X87.819 Y86.051 E0.04245
G1 X88.072 Y85.9 E0.0049
G1 X88.306 Y85.871 E0.00392
G1 X90.918 Y86.567 E0.04495
G1 X91.085 Y86.695 E0.0035
G1 X91.213 Y86.862 E0.0035
G1 X91.884 Y89.381 E0.04335
G1 X91.89 Y89.67 E0.00481
G1 X91.784 Y89.906 E0.0043
G1 X89.961 Y91.729 E0.04287
G0 F7200 X90.18 Y91.949
G0 X86.416 Y97.191
G0 X86.416 Y97.587
G1 F3600 X97.587 Y86.416 E0.26272
G1 X13.584 Y2.413 E1.97562
G1 X2.413 Y13.584 E0.26272
G1 X86.416 Y97.587 E1.97562
G0 F7200 X86.416 Y98.153
;TYPE:WALL-OUTER
G1 F1800 X98.153 Y86.416 E0.27604
G1 X13.584 Y1.847 E1.98893
G1 X1.847 Y13.584 E0.27604
G1 X86.416 Y98.153 E1.98893
G0 F7200 X86.557 Y98.012
G0 X86.416 Y97.191
G0 X90.18 Y91.949
G0 X89.678 Y91.446
G1 F1800 X89.55 Y91.516 E0.00243
G1 X87.035 Y90.845 E0.04329
G1 X86.926 Y90.712 E0.00286
G1 X86.282 Y88.296 E0.04158
G1 X86.322 Y88.115 E0.00308
G1 X88.126 Y86.31 E0.04244
G1 X88.252 Y86.276 E0.00217
G1 X90.745 Y86.935 E0.04288
G1 X90.854 Y87.068 E0.00286
G1 X91.498 Y89.484 E0.04158
G1 X91.468 Y89.651 E0.00282
G1 X89.678 Y91.446 E0.04216
G0 F7200 X89.55 Y91.516
G0 X89.498 Y91.503
G0 X89.315 Y92.187
G0 X86.434 Y91.348
G0 X83.097 Y84.89
G0 X82.593 Y84.386
G1 F1800 X82.456 Y84.432 E0.0024
G1 X79.963 Y83.773 E0.04288
G1 X79.854 Y83.64 E0.00286
G1 X79.197 Y81.176 E0.04241
G1 X79.235 Y81.057 E0.00208
G1 X81.054 Y79.238 E0.04278
G1 X81.18 Y79.204 E0.00217
G1 X83.673 Y79.863 E0.04288
G1 X83.782 Y79.996 E0.00286
G1 X84.439 Y82.46 E0.04241
G1 X84.401 Y82.579 E0.00208
G1 X82.593 Y84.386 E0.04251
G0 F7200 X82.456 Y84.432
G0 X82.403 Y84.418
G0 X82.218 Y85.109
G0 X79.363 Y84.277
G0 X76.032 Y77.813
G0 X75.529 Y77.31
G1 F1800 X75.391 Y77.356 E0.00242
G1 X72.928 Y76.71 E0.04235
G1 X72.805 Y76.639 E0.00236
G1 X72.138 Y74.152 E0.04282
G1 X72.178 Y73.971 E0.00308
G1 X73.982 Y72.166 E0.04244
G1 X74.108 Y72.132 E0.00217
G1 X76.601 Y72.795 E0.0429
G1 X76.71 Y72.928 E0.00286
G1 X77.367 Y75.388 E0.04234
G1 X77.329 Y75.507 E0.00208
G1 X75.529 Y77.31 E0.04237
G0 F7200 X75.391 Y77.356
G0 X75.338 Y77.343
G0 X75.156 Y78.032
G0 X72.292 Y77.208
G0 X68.956 Y70.746
G0 X68.453 Y70.242
G1 F1800 X68.315 Y70.288 E0.00242
G1 X65.823 Y69.629 E0.04287
G1 X65.714 Y69.496 E0.00286
G1 X65.07 Y67.084 E0.04152
G1 X65.11 Y66.903 E0.00308
G1 X66.914 Y65.098 E0.04244
G1 X67.04 Y65.064 E0.00217
G1 X69.529 Y65.723 E0.04282
G1 X69.638 Y65.856 E0.00286
G1 X70.288 Y68.315 E0.0423
G1 X70.23 Y68.466 E0.00269
G1 X68.453 Y70.242 E0.04178
G0 F7200 X68.315 Y70.288
G0 X68.262 Y70.274
G0 X68.077 Y70.966
G0 X65.221 Y70.134
G0 X61.883 Y63.677
G0 X61.381 Y63.174
G1 F1800 X61.244 Y63.22 E0.0024
G1 X58.751 Y62.557 E0.0429
G1 X58.642 Y62.424 E0.00286
G1 X57.992 Y59.968 E0.04225
G1 X58.038 Y59.831 E0.0024
G1 X59.842 Y58.026 E0.04244
G1 X59.968 Y57.992 E0.00217
G1 X62.457 Y58.651 E0.04282
G1 X62.566 Y58.784 E0.00286
G1 X63.227 Y61.248 E0.04243
G1 X63.189 Y61.367 E0.00208
G1 X61.381 Y63.174 E0.04251
G0 F7200 X61.244 Y63.22
G0 X61.191 Y63.206
G0 X61.006 Y63.895
G0 X58.15 Y63.063
G0 X54.812 Y56.606
G0 X54.309 Y56.102
G1 F1800 X54.172 Y56.148 E0.0024
G1 X51.679 Y55.489 E0.04288
G1 X51.57 Y55.356 E0.00286
G1 X50.926 Y52.94 E0.04158
G1 X50.966 Y52.759 E0.00308
G1 X52.77 Y50.954 E0.04244
G1 X52.896 Y50.92 E0.00217
G1 X55.389 Y51.579 E0.04288
G1 X55.498 Y51.712 E0.00286
G1 X56.155 Y54.176 E0.04241
G1 X56.117 Y54.295 E0.00208
G1 X54.309 Y56.102 E0.04251
G0 F7200 X54.172 Y56.148
G0 X54.119 Y56.134
G0 X53.934 Y56.824
G0 X51.079 Y55.992
G0 X47.741 Y49.535
G0 X47.237 Y49.03
G1 F1800 X47.1 Y49.076 E0.0024
G1 X44.611 Y48.417 E0.04282
G1 X44.502 Y48.284 E0.00286
G1 X43.841 Y45.82 E0.04243
G1 X43.879 Y45.701 E0.00208
G1 X45.698 Y43.882 E0.04278
G1 X45.824 Y43.848 E0.00217
G1 X48.317 Y44.511 E0.0429
G1 X48.426 Y44.644 E0.00286
G1 X49.083 Y47.104 E0.04234
G1 X49.045 Y47.223 E0.00208
G1 X47.237 Y49.03 E0.04251
G0 F7200 X47.1 Y49.076
G0 X47.047 Y49.062
G0 X46.862 Y49.753
G0 X44.008 Y48.921
G0 X40.676 Y42.457
G0 X40.173 Y41.954
G1 F1800 X40.035 Y42 E0.00242
G1 X37.572 Y41.354 E0.04235
G1 X37.482 Y41.302 E0.00173
G1 X37.43 Y41.212 E0.00173
G1 X36.776 Y38.734 E0.04262
G1 X36.83 Y38.607 E0.0023
G1 X38.627 Y36.813 E0.04223
G1 X38.753 Y36.78 E0.00217
G1 X41.245 Y37.439 E0.04287
G1 X41.354 Y37.572 E0.00286
G1 X42.011 Y40.032 E0.04234
G1 X41.973 Y40.151 E0.00208
G1 X40.173 Y41.954 E0.04237
G0 F7200 X40.035 Y42
G0 X39.982 Y41.987
G0 X39.8 Y42.676
G0 X36.935 Y41.852
G0 X33.587 Y35.404
G0 X33.086 Y34.902
G1 F1800 X32.96 Y34.936 E0.00217
G1 X30.467 Y34.273 E0.0429
G1 X30.358 Y34.14 E0.00286
G1 X29.714 Y31.728 E0.04152
G1 X29.754 Y31.547 E0.00308
G1 X31.558 Y29.742 E0.04244
G1 X31.684 Y29.708 E0.00217
G1 X34.173 Y30.367 E0.04282
G1 X34.282 Y30.5 E0.00286
G1 X34.943 Y32.964 E0.04243
G1 X34.905 Y33.083 E0.00208
G1 X33.086 Y34.902 E0.04278
G0 F7200 X32.96 Y34.936
G0 X32.894 Y34.919
G0 X32.709 Y35.608
G0 X29.866 Y34.779
G0 X26.528 Y28.321
G0 X26.025 Y27.818
G1 F1800 X25.888 Y27.864 E0.0024
G1 X23.395 Y27.205 E0.04288
G1 X23.295 Y27.106 E0.00234
G1 X22.644 Y24.605 E0.04298
G1 X22.69 Y24.467 E0.00242
G1 X24.479 Y22.678 E0.04207
G1 X24.605 Y22.644 E0.00217
G1 X27.106 Y23.295 E0.04298
G1 X27.214 Y23.428 E0.00285
G1 X27.871 Y25.892 E0.04241
G1 X27.833 Y26.011 E0.00208
G1 X26.025 Y27.818 E0.04251
G0 F7200 X25.888 Y27.864
G0 X25.835 Y27.85
G0 X25.65 Y28.54
G0 X22.792 Y27.708
G0 X19.445 Y21.262
G0 X18.942 Y20.758
G1 F1800 X18.816 Y20.792 E0.00217
G1 X16.323 Y20.133 E0.04288
G1 X16.214 Y20 E0.00286
G1 X15.57 Y17.584 E0.04158
G1 X15.61 Y17.403 E0.00308
G1 X17.411 Y15.601 E0.04237
G1 X17.537 Y15.568 E0.00217
G1 X20.033 Y16.227 E0.04293
G1 X20.142 Y16.36 E0.00286
G1 X20.799 Y18.82 E0.04234
G1 X20.761 Y18.939 E0.00208
G1 X18.942 Y20.758 E0.04278
G0 F7200 X18.816 Y20.792
G0 X18.75 Y20.775
G0 X18.565 Y21.465
G0 X15.723 Y20.637
G0 X12.385 Y14.18
G0 X11.881 Y13.674
G1 F1800 X11.744 Y13.72 E0.0024
G1 X9.255 Y13.061 E0.04282
G1 X9.146 Y12.928 E0.00286
G1 X8.498 Y10.512 E0.0416
G1 X8.528 Y10.345 E0.00282
G1 X10.318 Y8.55 E0.04216
G1 X10.444 Y8.48 E0.0024
G1 X12.962 Y9.155 E0.04335
G1 X13.07 Y9.288 E0.00285
G1 X13.727 Y11.752 E0.04241
G1 X13.689 Y11.871 E0.00208
G1 X11.881 Y13.674 E0.04246
G0 F7200 X11.744 Y13.72
G0 X11.691 Y13.706
G0 X11.506 Y14.397
G0 X15.723 Y20.637
G0 X86.416 Y97.045
;TYPE:SKIN
G1 F1800 X2.951 Y13.584 E1.96292
G1 X13.584 Y2.951 E0.25007
G1 X97.049 Y86.416 E1.96297
G1 X86.416 Y97.045 E0.25002
G0 F7200 X92.506 Y90.307
G1 F1437.1 X92.456 Y90.376 E0.00177
G1 F1478.4 X90.493 Y92.34 E0.05622
G1 F1398.1 X90.308 Y92.484 E0.00502
G0 F7200 X89.807 Y92.238
G1 F1800 X90.23 Y91.99 E0.00815
G1 X92.07 Y90.154 E0.04323
G1 X92.247 Y89.79 E0.00673
G1 X92.25 Y89.276 E0.00855
G1 X91.574 Y86.736 E0.04371
G1 X91.354 Y86.426 E0.00632
G1 X91.077 Y86.212 E0.00582
G1 X88.334 Y85.488 E0.04718
G1 X87.958 Y85.537 E0.00631
G1 X87.569 Y85.765 E0.0075
G1 X85.722 Y87.611 E0.04343
G1 X85.536 Y87.962 E0.00661
G1 X85.494 Y88.38 E0.00699
G1 X86.202 Y91.04 E0.04578
G1 X86.426 Y91.354 E0.00641
G1 X86.736 Y91.574 E0.00632
G1 X89.276 Y92.25 E0.04371
G1 X89.807 Y92.238 E0.00883
G0 F7200 X89.805 Y92.305
G0 X86.434 Y91.348
G0 X82.734 Y85.234
G0 X82.742 Y85.172
G1 F1800 X83.093 Y84.982 E0.00664
G1 X84.943 Y83.139 E0.04343
G1 X85.167 Y82.746 E0.00752
G1 X85.222 Y82.355 E0.00657
G1 X84.502 Y79.664 E0.04633
G1 X84.282 Y79.354 E0.00632
G1 X84.005 Y79.14 E0.00582
G1 X81.262 Y78.416 E0.04718
G1 X80.884 Y78.466 E0.00634
G1 X80.478 Y78.71 E0.00788
G1 X78.646 Y80.546 E0.04313
G1 X78.46 Y80.89 E0.0065
G1 X78.414 Y81.274 E0.00643
G1 X79.13 Y83.968 E0.04636
G1 X79.354 Y84.282 E0.00641
G1 X79.664 Y84.502 E0.00632
G1 X82.328 Y85.214 E0.04586
G1 X82.742 Y85.172 E0.00692
G0 F7200 X82.734 Y85.234
G0 X79.363 Y84.277
G0 X75.672 Y78.155
G0 X75.677 Y78.096
G1 F1800 X76.029 Y77.906 E0.00665
G1 X77.866 Y76.067 E0.04323
G1 X78.095 Y75.679 E0.00749
G1 X78.142 Y75.251 E0.00716
G1 X77.426 Y72.595 E0.04575
G1 X77.206 Y72.286 E0.00631
G1 X76.938 Y72.076 E0.00566
G1 X74.202 Y71.342 E0.04711
G1 X73.849 Y71.385 E0.00591
G1 X73.421 Y71.621 E0.00813
G1 X71.582 Y73.467 E0.04333
G1 X71.388 Y73.819 E0.00668
G1 X71.342 Y74.202 E0.00642
G1 X72.066 Y76.896 E0.04639
G1 X72.286 Y77.21 E0.00638
G1 X72.56 Y77.42 E0.00574
G1 X75.31 Y78.14 E0.04727
G1 X75.677 Y78.096 E0.00615
G0 F7200 X75.672 Y78.155
G0 X72.292 Y77.208
G0 X68.592 Y71.091
G0 X68.601 Y71.028
G1 F1800 X68.953 Y70.842 E0.00662
G1 X70.799 Y68.999 E0.04338
G1 X71.023 Y68.605 E0.00754
G1 X71.072 Y68.234 E0.00622
G1 X70.354 Y65.524 E0.04662
G1 X70.134 Y65.21 E0.00638
G1 X69.828 Y64.994 E0.00623
G1 X67.138 Y64.274 E0.04631
G1 X66.707 Y64.342 E0.00726
G1 X66.357 Y64.553 E0.0068
G1 X64.51 Y66.399 E0.04343
G1 X64.324 Y66.75 E0.00661
G1 X64.282 Y67.168 E0.00699
G1 X64.994 Y69.828 E0.04579
G1 X65.214 Y70.138 E0.00632
G1 X65.487 Y70.348 E0.00573
G1 X68.234 Y71.072 E0.04724
G1 X68.601 Y71.028 E0.00615
G0 F7200 X68.592 Y71.091
G0 X65.221 Y70.134
G0 X61.521 Y64.02
G0 X61.53 Y63.96
G1 F1800 X61.881 Y63.77 E0.00664
G1 X63.731 Y61.927 E0.04343
G1 X63.955 Y61.533 E0.00754
G1 X64.006 Y61.146 E0.00649
G1 X63.282 Y58.448 E0.04646
G1 X63.066 Y58.138 E0.00628
G1 X62.756 Y57.922 E0.00628
G1 X60.05 Y57.204 E0.04656
G1 X59.674 Y57.253 E0.00631
G1 X59.285 Y57.481 E0.0075
G1 X57.438 Y59.327 E0.04343
G1 X57.252 Y59.678 E0.00661
G1 X57.21 Y60.096 E0.00699
G1 X57.922 Y62.756 E0.04579
G1 X58.142 Y63.066 E0.00632
G1 X58.448 Y63.282 E0.00623
G1 X61.146 Y64.006 E0.04646
G1 X61.53 Y63.96 E0.00643
G0 F7200 X61.521 Y64.02
G0 X58.15 Y63.063
G0 X54.45 Y56.949
G0 X54.458 Y56.888
G1 F1800 X54.809 Y56.698 E0.00664
G1 X56.659 Y54.855 E0.04343
G1 X56.883 Y54.462 E0.00752
G1 X56.938 Y54.071 E0.00657
G1 X56.218 Y51.38 E0.04633
G1 X55.998 Y51.07 E0.00632
G1 X55.721 Y50.856 E0.00582
G1 X52.978 Y50.132 E0.04718
G1 X52.602 Y50.181 E0.00631
G1 X52.213 Y50.409 E0.0075
G1 X50.366 Y52.255 E0.04343
G1 X50.18 Y52.606 E0.00661
G1 X50.138 Y53.024 E0.00699
G1 X50.846 Y55.684 E0.04578
G1 X51.09 Y56.016 E0.00685
G1 X51.38 Y56.218 E0.00588
G1 X54.044 Y56.93 E0.04586
G1 X54.458 Y56.888 E0.00692
G0 F7200 X54.45 Y56.949
G0 X51.079 Y55.992
G0 X47.379 Y49.878
G0 X47.386 Y49.816
G1 F1800 X47.737 Y49.626 E0.00664
G1 X49.587 Y47.783 E0.04343
G1 X49.811 Y47.39 E0.00752
G1 X49.866 Y46.998 E0.00658
G1 X49.142 Y44.311 E0.04628
G1 X48.922 Y44.002 E0.00631
G1 X48.654 Y43.792 E0.00566
G1 X45.918 Y43.058 E0.04711
G1 X45.528 Y43.11 E0.00654
G1 X45.122 Y43.354 E0.00788
G1 X43.29 Y45.19 E0.04313
G1 X43.104 Y45.534 E0.0065
G1 X43.058 Y45.918 E0.00643
G1 X43.782 Y48.616 E0.04646
G1 X44.002 Y48.926 E0.00632
G1 X44.312 Y49.142 E0.00628
G1 X46.972 Y49.858 E0.04581
G1 X47.386 Y49.816 E0.00692
G0 F7200 X47.379 Y49.878
G0 X44.008 Y48.921
G0 X40.316 Y42.799
G0 X40.321 Y42.74
G1 F1800 X40.673 Y42.55 E0.00665
G1 X42.51 Y40.711 E0.04323
G1 X42.739 Y40.323 E0.00749
G1 X42.786 Y39.895 E0.00716
G1 X42.07 Y37.239 E0.04575
G1 X41.854 Y36.926 E0.00632
G1 X41.54 Y36.71 E0.00634
G1 X38.834 Y35.992 E0.04656
G1 X38.494 Y36.033 E0.0057
G1 X38.07 Y36.265 E0.00804
G1 X36.23 Y38.103 E0.04325
G1 X36.04 Y38.458 E0.0067
G1 X35.996 Y38.822 E0.0061
G1 X36.71 Y41.54 E0.04673
G1 X36.93 Y41.854 E0.00638
G1 X37.204 Y42.064 E0.00574
G1 X39.954 Y42.784 E0.04727
G1 X40.321 Y42.74 E0.00615
G0 F7200 X40.316 Y42.799
G0 X36.935 Y41.852
G0 X33.236 Y35.736
G0 X33.247 Y35.676
G1 F1800 X33.592 Y35.489 E0.00653
G1 X35.447 Y33.642 E0.04353
G1 X35.671 Y33.249 E0.00752
G1 X35.722 Y32.862 E0.00649
G1 X34.998 Y30.164 E0.04646
G1 X34.782 Y29.854 E0.00628
G1 X34.472 Y29.638 E0.00628
G1 X31.766 Y28.92 E0.04656
G1 X31.39 Y28.969 E0.00631
G1 X31.001 Y29.197 E0.0075
G1 X29.154 Y31.043 E0.04343
G1 X28.968 Y31.394 E0.00661
G1 X28.926 Y31.812 E0.00699
G1 X29.638 Y34.472 E0.04579
G1 X29.858 Y34.782 E0.00632
G1 X30.163 Y34.998 E0.00622
G1 X32.831 Y35.718 E0.04596
G1 X33.247 Y35.676 E0.00695
G0 F7200 X33.236 Y35.736
G0 X29.866 Y34.779
G0 X26.165 Y28.665
G0 X26.174 Y28.604
G1 F1800 X26.525 Y28.414 E0.00664
G1 X28.375 Y26.571 E0.04343
G1 X28.599 Y26.178 E0.00752
G1 X28.654 Y25.787 E0.00657
G1 X27.934 Y23.096 E0.04633
G1 X27.71 Y22.786 E0.00636
G1 X27.437 Y22.576 E0.00573
G1 X24.682 Y21.856 E0.04735
G1 X24.314 Y21.905 E0.00617
G1 X23.922 Y22.133 E0.00754
G1 X22.09 Y23.963 E0.04306
G1 X21.9 Y24.314 E0.00664
G1 X21.856 Y24.682 E0.00616
G1 X22.566 Y27.399 E0.0467
G1 X22.782 Y27.71 E0.0063
G1 X23.059 Y27.924 E0.00582
G1 X25.76 Y28.646 E0.04649
G1 X26.174 Y28.604 E0.00692
G0 F7200 X26.165 Y28.665
G0 X22.792 Y27.708
G0 X19.094 Y21.594
G0 X19.103 Y21.532
G1 F1800 X19.448 Y21.345 E0.00653
G1 X21.302 Y19.499 E0.04351
G1 X21.527 Y19.111 E0.00746
G1 X21.582 Y18.719 E0.00658
G1 X20.858 Y16.028 E0.04634
G1 X20.642 Y15.714 E0.00634
G1 X20.332 Y15.498 E0.00628
G1 X17.618 Y14.78 E0.04669
G1 X17.24 Y14.83 E0.00634
G1 X16.853 Y15.057 E0.00746
G1 X15.01 Y16.899 E0.04333
G1 X14.824 Y17.25 E0.00661
G1 X14.782 Y17.668 E0.00699
G1 X15.49 Y20.328 E0.04578
G1 X15.714 Y20.642 E0.00641
G1 X15.987 Y20.852 E0.00573
G1 X18.719 Y21.582 E0.04703
G1 X19.103 Y21.532 E0.00644
G0 F7200 X19.094 Y21.594
G0 X15.723 Y20.637
G0 X13.405 Y13.077
G0 X14.461 Y12.013
G0 X13.567 Y8.652
G0 X9.685 Y7.508
G1 F1440 X9.455 Y7.691 E0.00611
G1 F1525.4 X7.54 Y9.611 E0.05321
G1 F1457.5 X7.476 Y9.701 E0.00227
G0 F7200 X8.652 Y13.566
G0 X12.023 Y14.523
G0 X12.03 Y14.46
G1 F1800 X12.375 Y14.278 E0.00649
G1 X14.227 Y12.431 E0.0435
G1 X14.454 Y12.044 E0.00746
G1 X14.508 Y11.666 E0.00635
G1 X13.79 Y8.956 E0.04662
G1 X13.566 Y8.642 E0.00641
G1 X13.26 Y8.426 E0.00623
G1 X10.717 Y7.742 E0.04379
G1 X10.188 Y7.756 E0.0088
G1 X9.762 Y7.998 E0.00815
G1 X7.922 Y9.838 E0.04327
G1 X7.745 Y10.202 E0.00673
G1 X7.742 Y10.717 E0.00856
G1 X8.426 Y13.26 E0.04379
G1 X8.646 Y13.57 E0.00632
G1 X8.956 Y13.786 E0.00628
G1 X11.616 Y14.502 E0.04581
G1 X12.03 Y14.46 E0.00692
G0 F7200 X12.023 Y14.523
G0 X15.723 Y20.637
G0 X86.498 Y96.68
G1 F1800 X3.318 Y13.5 E1.95627
G0 F7200 X3.601 Y13.217
G1 F1800 X86.78 Y96.397 E1.95625
G0 F7200 X87.063 Y96.114
G1 F1800 X3.883 Y12.934 E1.95627
G0 F7200 X4.166 Y12.652
G1 F1800 X87.346 Y95.831 E1.95625
G0 F7200 X87.629 Y95.549
G1 F1800 X4.449 Y12.369 E1.95627
G0 F7200 X4.732 Y12.086
G1 F1800 X87.912 Y95.266 E1.95627
G0 F7200 X88.195 Y94.983
G1 F1800 X5.015 Y11.803 E1.95627
G0 F7200 X5.298 Y11.52
G1 F1800 X88.478 Y94.701 E1.95628
G0 F7200 X88.761 Y94.418
G1 F1800 X5.58 Y11.237 E1.95629
G0 F7200 X5.863 Y10.954
G1 F1800 X8.258 Y13.349 E0.05633
G1 X8.328 Y13.419
G0 F7200 X8.029 Y12.555
G1 F1800 X6.146 Y10.672 E0.04429
G0 F7200 X6.429 Y10.389
G1 F1800 X7.821 Y11.781 E0.03274
G1 X7.891 Y11.851
G0 F7200 X7.613 Y11.007
G1 F1800 X6.712 Y10.106 E0.02119
G0 F7200 X6.995 Y9.823
G1 F1800 X7.531 Y10.36 E0.01262
G0 F7200 X8.54 Y13.245
G0 X8.857 Y13.948
G1 F1800 X15.315 Y20.406 E0.15188
G1 X15.385 Y20.476
G0 F7200 X15.095 Y19.621
G1 F1800 X9.657 Y14.182 E0.12791
G1 X9.587 Y14.112
G0 F7200 X10.431 Y14.39
G1 F1800 X14.89 Y18.85 E0.10488
G0 F7200 X14.684 Y18.079
G1 F1800 X11.205 Y14.599 E0.08183
G0 F7200 X11.857 Y14.685
G1 F1800 X14.602 Y17.43 E0.06456
G0 F7200 X14.736 Y16.999
G1 F1800 X12.28 Y14.543 E0.05776
G0 F7200 X12.619 Y14.316
G1 F1800 X14.965 Y16.662 E0.05517
G0 F7200 X15.248 Y16.379
G1 F1800 X12.902 Y14.033 E0.05517
G0 F7200 X13.185 Y13.751
G1 F1800 X15.531 Y16.097 E0.05517
G0 F7200 X15.814 Y15.814
G1 F1800 X13.469 Y13.469 E0.05515
G0 F7200 X13.752 Y13.186
G1 F1800 X16.097 Y15.531 E0.05515
G0 F7200 X16.379 Y15.248
G1 F1800 X14.035 Y12.904 E0.05513
G0 F7200 X14.318 Y12.621
G1 F1800 X16.662 Y14.965 E0.05513
G0 F7200 X17.003 Y14.74
G1 F1800 X14.543 Y12.28 E0.05786
G0 F7200 X14.68 Y11.852
G1 F1800 X17.434 Y14.605 E0.06476
G0 F7200 X18.086 Y14.692
G1 F1800 X14.598 Y11.203 E0.08204
G0 F7200 X14.391 Y10.431
G1 F1800 X18.857 Y14.897 E0.10503
G0 F7200 X19.629 Y15.103
G1 F1800 X14.185 Y9.659 E0.12803
G1 X14.115 Y9.589
G0 F7200 X13.955 Y8.864
G1 F1800 X20.4 Y15.309 E0.15158
G1 X20.47 Y15.379
G0 F7200 X21.023 Y15.932
G1 F1800 X27.469 Y22.378 E0.1516
G0 F7200 X26.701 Y22.176
G1 F1800 X21.253 Y16.727 E0.12814
G1 X21.183 Y16.657
G0 F7200 X21.461 Y17.501
G1 F1800 X25.933 Y21.973 E0.10517
G0 F7200 X25.165 Y21.771
G1 F1800 X21.669 Y18.274 E0.08223
G0 F7200 X21.754 Y18.926
G1 F1800 X24.508 Y21.68 E0.06477
G0 F7200 X24.078 Y21.815
G1 F1800 X21.616 Y19.353 E0.0579
G0 F7200 X21.392 Y19.695
G1 F1800 X23.736 Y22.039 E0.05513
G0 F7200 X23.453 Y22.322
G1 F1800 X21.109 Y19.977 E0.05514
G0 F7200 X20.825 Y20.259
G1 F1800 X23.17 Y22.605 E0.05516
G0 F7200 X22.888 Y22.888
G1 F1800 X20.542 Y20.542 E0.05517
G0 F7200 X20.259 Y20.824
G1 F1800 X22.605 Y23.171 E0.05519
G0 F7200 X22.323 Y23.454
G1 F1800 X19.975 Y21.106 E0.05522
G0 F7200 X19.692 Y21.389
G1 F1800 X22.04 Y23.737 E0.05522
G0 F7200 X21.808 Y24.071
G1 F1800 X19.353 Y21.616 E0.05774
G0 F7200 X18.926 Y21.755
G1 F1800 X21.678 Y24.507 E0.06472
G0 F7200 X21.772 Y25.166
G1 F1800 X18.278 Y21.672 E0.08217
G0 F7200 X17.506 Y21.466
G1 F1800 X21.974 Y25.934 E0.10508
G0 F7200 X22.177 Y26.702
G1 F1800 X16.734 Y21.259 E0.12801
G1 X16.664 Y21.189
G0 F7200 X15.947 Y21.039
G1 F1800 X22.402 Y27.493 E0.1518
G1 X22.472 Y27.563
G0 F7200 X23.017 Y28.108
G1 F1800 X29.472 Y34.563 E0.15181
G1 X29.542 Y34.633
G0 F7200 X29.242 Y33.768
G1 F1800 X23.805 Y28.33 E0.12788
G0 F7200 X24.577 Y28.537
G1 F1800 X29.036 Y32.996 E0.10487
G0 F7200 X28.829 Y32.224
G1 F1800 X25.349 Y28.743 E0.08186
G0 F7200 X25.99 Y28.819
G1 F1800 X28.745 Y31.574 E0.06479
G0 F7200 X28.88 Y31.142
G1 F1800 X26.431 Y28.694 E0.05758
G0 F7200 X26.763 Y28.46
G1 F1800 X29.109 Y30.806 E0.05517
G0 F7200 X29.392 Y30.523
G1 F1800 X27.045 Y28.177 E0.05519
G0 F7200 X27.329 Y27.895
G1 F1800 X29.674 Y30.24 E0.05515
G0 F7200 X29.958 Y29.958
G1 F1800 X27.613 Y27.613 E0.05515
G0 F7200 X27.895 Y27.33
G1 F1800 X30.241 Y29.675 E0.05516
G0 F7200 X30.524 Y29.392
G1 F1800 X28.179 Y27.048 E0.05514
G0 F7200 X28.462 Y26.765
G1 F1800 X30.807 Y29.109 E0.05514
G0 F7200 X31.147 Y28.884
G1 F1800 X28.685 Y26.422 E0.0579
G0 F7200 X28.823 Y25.995
G1 F1800 X31.574 Y28.746 E0.0647
G0 F7200 X32.224 Y28.829
G1 F1800 X28.744 Y25.35 E0.08183
G0 F7200 X28.537 Y24.578
G1 F1800 X32.996 Y29.036 E0.10486
G1 X33.066 Y29.106
G0 F7200 X33.769 Y29.243
G1 F1800 X28.33 Y23.805 E0.12791
G1 X28.26 Y23.735
G0 F7200 X28.107 Y23.016
G1 F1800 X34.541 Y29.45 E0.15132
G1 X34.611 Y29.52
G0 F7200 X35.167 Y30.076
G1 F1800 X41.639 Y36.548 E0.15221
G1 X41.709 Y36.618
G0 F7200 X40.84 Y36.315
G1 F1800 X35.394 Y30.868 E0.12809
G1 X35.324 Y30.798
G0 F7200 X35.601 Y31.642
G1 F1800 X40.068 Y36.108 E0.10505
G1 X40.138 Y36.178
G0 F7200 X39.295 Y35.901
G1 F1800 X35.809 Y32.415 E0.08199
G0 F7200 X35.894 Y33.066
G1 F1800 X38.646 Y35.817 E0.06471
G0 F7200 X38.216 Y35.954
G1 F1800 X35.758 Y33.495 E0.05782
G0 F7200 X35.534 Y33.836
G1 F1800 X37.875 Y36.178 E0.05507
G0 F7200 X37.592 Y36.461
G1 F1800 X35.25 Y34.119 E0.05508
G0 F7200 X34.966 Y34.401
G1 F1800 X37.308 Y36.743 E0.05508
G0 F7200 X37.026 Y37.026
G1 F1800 X34.683 Y34.683 E0.0551
G0 F7200 X34.399 Y34.965
G1 F1800 X36.743 Y37.308 E0.05512
G0 F7200 X36.459 Y37.591
G1 F1800 X34.116 Y35.247 E0.05512
G0 F7200 X33.832 Y35.529
G1 F1800 X36.176 Y37.873 E0.05513
G0 F7200 X35.952 Y38.215
G1 F1800 X33.5 Y35.763 E0.05767
G0 F7200 X33.069 Y35.898
G1 F1800 X35.818 Y38.647 E0.06465
G0 F7200 X35.912 Y39.306
G1 F1800 X32.419 Y35.814 E0.08214
G1 X32.349 Y35.744
G0 F7200 X31.644 Y35.604
G1 F1800 X36.116 Y40.076 E0.10517
G0 F7200 X36.32 Y40.845
G1 F1800 X30.87 Y35.396 E0.12816
G1 X30.8 Y35.326
G0 F7200 X30.077 Y35.169
G1 F1800 X36.55 Y41.642 E0.15224
G1 X36.62 Y41.712
G0 F7200 X37.15 Y42.241
G1 F1800 X43.617 Y48.708 E0.15209
G1 X43.687 Y48.778
G0 F7200 X43.386 Y47.911
G1 F1800 X37.94 Y42.465 E0.12808
G0 F7200 X38.708 Y42.668
G1 F1800 X43.178 Y47.138 E0.10513
G1 X43.248 Y47.208
G0 F7200 X42.971 Y46.365
G1 F1800 X39.476 Y42.87 E0.0822
G0 F7200 X40.133 Y42.962
G1 F1800 X42.884 Y45.712 E0.06469
G0 F7200 X43.019 Y45.282
G1 F1800 X40.569 Y42.832 E0.05762
G0 F7200 X40.903 Y42.6
G1 F1800 X43.254 Y44.951 E0.05529
G0 F7200 X43.536 Y44.667
G1 F1800 X41.185 Y42.317 E0.05528
G0 F7200 X41.469 Y42.035
G1 F1800 X43.818 Y44.384 E0.05524
G0 F7200 X44.099 Y44.099
G1 F1800 X41.753 Y41.753 E0.05517
G0 F7200 X42.035 Y41.47
G1 F1800 X44.382 Y43.816 E0.05519
G0 F7200 X44.664 Y43.532
G1 F1800 X42.319 Y41.188 E0.05514
G0 F7200 X42.602 Y40.905
G1 F1800 X44.946 Y43.249 E0.05513
G0 F7200 X45.285 Y43.022
G1 F1800 X42.827 Y40.565 E0.0578
G0 F7200 X42.964 Y40.135
G1 F1800 X45.714 Y42.885 E0.06468
G0 F7200 X46.364 Y42.97
G1 F1800 X42.882 Y39.488 E0.08189
G1 X42.812 Y39.418
G0 F7200 X42.674 Y38.714
G1 F1800 X47.138 Y43.178 E0.10499
G1 X47.208 Y43.248
G0 F7200 X47.911 Y43.386
G1 F1800 X42.465 Y37.94 E0.12808
G1 X42.395 Y37.87
G0 F7200 X42.231 Y37.14
G1 F1800 X48.709 Y43.618 E0.15235
G1 X48.779 Y43.688
G0 F7200 X49.301 Y44.21
G1 F1800 X55.762 Y50.671 E0.15195
G1 X55.832 Y50.741
G0 F7200 X54.978 Y50.452
G1 F1800 X49.538 Y45.012 E0.12794
G1 X49.468 Y44.942
G0 F7200 X49.746 Y45.787
G1 F1800 X54.206 Y50.246 E0.10488
G0 F7200 X53.435 Y50.041
G1 F1800 X49.956 Y46.562 E0.08182
G0 F7200 X50.036 Y47.207
G1 F1800 X52.786 Y49.958 E0.06469
G0 F7200 X52.358 Y50.096
G1 F1800 X49.898 Y47.635 E0.05787
G0 F7200 X49.674 Y47.977
G1 F1800 X52.018 Y50.321 E0.05513
G0 F7200 X51.735 Y50.604
G1 F1800 X49.391 Y48.26 E0.05513
G0 F7200 X49.108 Y48.542
G1 F1800 X51.453 Y50.887 E0.05515
G0 F7200 X51.17 Y51.17
G1 F1800 X48.824 Y48.824 E0.05517
G0 F7200 X48.541 Y49.106
G1 F1800 X50.887 Y51.453 E0.05519
G0 F7200 X50.604 Y51.735
G1 F1800 X48.258 Y49.389 E0.05517
G0 F7200 X47.974 Y49.671
G1 F1800 X50.321 Y52.018 E0.0552
G0 F7200 X50.092 Y52.355
G1 F1800 X47.643 Y49.906 E0.0576
G0 F7200 X47.203 Y50.031
G1 F1800 X49.958 Y52.786 E0.06479
G0 F7200 X50.041 Y53.435
G1 F1800 X46.561 Y49.955 E0.08184
G1 X46.491 Y49.885
G0 F7200 X45.787 Y49.746
G1 F1800 X50.246 Y54.206 E0.10488
G0 F7200 X50.451 Y54.977
G1 F1800 X45.013 Y49.538 E0.12791
G1 X44.943 Y49.468
G0 F7200 X44.213 Y49.304
G1 F1800 X50.67 Y55.761 E0.15186
G1 X50.74 Y55.831
G0 F7200 X51.318 Y56.409
G1 F1800 X57.755 Y62.846 E0.15139
G1 X57.825 Y62.916
G0 F7200 X57.526 Y62.051
G1 F1800 X52.09 Y56.615 E0.12785
G0 F7200 X52.862 Y56.822
G1 F1800 X57.32 Y61.28 E0.10485
G0 F7200 X57.114 Y60.508
G1 F1800 X53.634 Y57.028 E0.08184
G0 F7200 X54.275 Y57.103
G1 F1800 X57.03 Y59.858 E0.06479
G0 F7200 X57.164 Y59.427
G1 F1800 X54.715 Y56.978 E0.0576
G0 F7200 X55.047 Y56.744
G1 F1800 X57.393 Y59.09 E0.05517
G0 F7200 X57.676 Y58.807
G1 F1800 X55.33 Y56.461 E0.05517
G0 F7200 X55.613 Y56.179
G1 F1800 X57.959 Y58.524 E0.05516
G0 F7200 X58.242 Y58.242
G1 F1800 X55.897 Y55.897 E0.05515
G0 F7200 X56.18 Y55.614
G1 F1800 X58.524 Y57.959 E0.05514
G0 F7200 X58.807 Y57.676
G1 F1800 X56.463 Y55.332 E0.05513
G0 F7200 X56.746 Y55.049
G1 F1800 X59.09 Y57.393 E0.05513
G0 F7200 X59.43 Y57.167
G1 F1800 X56.969 Y54.707 E0.05787
G0 F7200 X57.107 Y54.279
G1 F1800 X59.859 Y57.03 E0.06471
G0 F7200 X60.508 Y57.114
G1 F1800 X57.028 Y53.634 E0.08184
G0 F7200 X56.822 Y52.862
G1 F1800 X61.28 Y57.32 E0.10485
G1 X61.35 Y57.39
G0 F7200 X62.053 Y57.527
G1 F1800 X56.615 Y52.09 E0.12788
G1 X56.545 Y52.02
G0 F7200 X56.394 Y51.303
G1 F1800 X62.846 Y57.754 E0.15173
G1 X62.916 Y57.824
G0 F7200 X63.449 Y58.358
G1 F1800 X69.919 Y64.828 E0.15216
G1 X69.989 Y64.898
G0 F7200 X69.124 Y64.598
G1 F1800 X63.678 Y59.152 E0.12808
G1 X63.608 Y59.082
G0 F7200 X63.885 Y59.925
G1 F1800 X68.351 Y64.391 E0.10503
G0 F7200 X67.579 Y64.185
G1 F1800 X64.093 Y60.699 E0.08199
G0 F7200 X64.178 Y61.35
G1 F1800 X66.93 Y64.101 E0.06471
G0 F7200 X66.503 Y64.24
G1 F1800 X64.041 Y61.779 E0.05789
G0 F7200 X63.818 Y62.121
G1 F1800 X66.163 Y64.466 E0.05515
G0 F7200 X65.88 Y64.748
G1 F1800 X63.535 Y62.404 E0.05514
G0 F7200 X63.251 Y62.686
G1 F1800 X65.597 Y65.031 E0.05516
G0 F7200 X65.314 Y65.314
G1 F1800 X62.969 Y62.969 E0.05515
G0 F7200 X62.685 Y63.251
G1 F1800 X65.03 Y65.596 E0.05515
G0 F7200 X64.748 Y65.879
G1 F1800 X62.401 Y63.533 E0.05519
G0 F7200 X62.119 Y63.816
G1 F1800 X64.465 Y66.162 E0.05517
G0 F7200 X64.236 Y66.498
G1 F1800 X61.787 Y64.05 E0.05758
G0 F7200 X61.344 Y64.172
G1 F1800 X64.101 Y66.93 E0.06485
G0 F7200 X64.185 Y67.58
G1 F1800 X60.699 Y64.093 E0.082
G1 X60.629 Y64.023
G0 F7200 X59.925 Y63.885
G1 F1800 X64.392 Y68.352 E0.10506
G1 X64.462 Y68.422
G0 F7200 X64.599 Y69.125
G1 F1800 X59.152 Y63.678 E0.12811
G1 X59.082 Y63.608
G0 F7200 X58.358 Y63.449
G1 F1800 X64.829 Y69.92 E0.15219
G1 X64.899 Y69.99
G0 F7200 X65.433 Y70.524
G1 F1800 X71.905 Y76.996 E0.15221
G1 X71.975 Y77.066
G0 F7200 X71.671 Y76.196
G1 F1800 X66.225 Y70.751 E0.12807
G0 F7200 X66.996 Y70.956
G1 F1800 X71.463 Y75.423 E0.10506
G1 X71.533 Y75.493
G0 F7200 X71.255 Y74.649
G1 F1800 X67.766 Y71.16 E0.08206
G0 F7200 X68.421 Y71.249
G1 F1800 X71.167 Y73.996 E0.06459
G0 F7200 X71.303 Y73.565
G1 F1800 X68.854 Y71.117 E0.05758
G0 F7200 X69.19 Y70.887
G1 F1800 X71.537 Y73.234 E0.0552
G0 F7200 X71.819 Y72.95
G1 F1800 X69.474 Y70.605 E0.05515
G0 F7200 X69.757 Y70.322
G1 F1800 X72.101 Y72.667 E0.05514
G0 F7200 X72.382 Y72.382
G1 F1800 X70.04 Y70.04 E0.05508
G0 F7200 X70.324 Y69.758
G1 F1800 X72.664 Y72.099 E0.05504
G0 F7200 X72.946 Y71.814
G1 F1800 X70.607 Y69.476 E0.055
G0 F7200 X70.89 Y69.193
G1 F1800 X73.228 Y71.531 E0.05499
G0 F7200 X73.567 Y71.304
G1 F1800 X71.108 Y68.845 E0.05783
G0 F7200 X71.246 Y68.418
G1 F1800 X74.006 Y71.177 E0.0649
G0 F7200 X74.649 Y71.254
G1 F1800 X71.16 Y67.766 E0.08204
G0 F7200 X70.954 Y66.994
G1 F1800 X75.422 Y71.462 E0.10508
G1 X75.492 Y71.532
G0 F7200 X76.195 Y71.67
G1 F1800 X70.747 Y66.222 E0.12813
G1 X70.677 Y66.152
G0 F7200 X70.514 Y65.423
G1 F1800 X76.993 Y71.901 E0.15236
G1 X77.063 Y71.971
G0 F7200 X77.585 Y72.494
G1 F1800 X84.047 Y78.956 E0.15198
G1 X84.117 Y79.026
G0 F7200 X83.261 Y78.736
G1 F1800 X77.821 Y73.296 E0.12794
G1 X77.751 Y73.226
G0 F7200 X78.03 Y74.07
G1 F1800 X82.49 Y78.531 E0.1049
G0 F7200 X81.72 Y78.326
G1 F1800 X78.239 Y74.844 E0.08188
G0 F7200 X78.32 Y75.491
G1 F1800 X81.07 Y78.242 E0.06469
G0 F7200 X80.641 Y78.379
G1 F1800 X78.183 Y75.921 E0.05781
G0 F7200 X77.958 Y76.261
G1 F1800 X80.302 Y78.605 E0.05513
G0 F7200 X80.02 Y78.888
G1 F1800 X77.675 Y76.544 E0.05514
G0 F7200 X77.391 Y76.826
G1 F1800 X79.738 Y79.172 E0.05519
G0 F7200 X79.455 Y79.455
G1 F1800 X77.109 Y77.109 E0.05517
G0 F7200 X76.825 Y77.391
G1 F1800 X79.174 Y79.74 E0.05524
G0 F7200 X78.892 Y80.023
G1 F1800 X76.541 Y77.673 E0.05528
G0 F7200 X76.259 Y77.956
G1 F1800 X78.61 Y80.307 E0.05529
G0 F7200 X78.375 Y80.638
G1 F1800 X75.925 Y78.188 E0.05762
G0 F7200 X75.489 Y78.318
G1 F1800 X78.24 Y81.068 E0.06469
G0 F7200 X78.326 Y81.72
G1 F1800 X74.832 Y78.227 E0.08216
G0 F7200 X74.064 Y78.024
G1 F1800 X78.531 Y82.49 E0.10505
G0 F7200 X78.735 Y83.26
G1 F1800 X73.296 Y77.821 E0.12792
G1 X73.226 Y77.751
G0 F7200 X72.506 Y77.597
G1 F1800 X78.956 Y84.047 E0.15169
G1 X79.026 Y84.117
G0 F7200 X79.588 Y84.679
G1 F1800 X86.027 Y91.118 E0.15144
G1 X86.097 Y91.188
G0 F7200 X85.807 Y90.333
G1 F1800 X80.373 Y84.899 E0.1278
G0 F7200 X81.145 Y85.105
G1 F1800 X85.602 Y89.562 E0.10482
G0 F7200 X85.397 Y88.791
G1 F1800 X81.918 Y85.312 E0.08182
G0 F7200 X82.559 Y85.387
G1 F1800 X85.314 Y88.142 E0.06479
G0 F7200 X85.448 Y87.711
G1 F1800 X82.999 Y85.262 E0.0576
G0 F7200 X83.33 Y85.027
G1 F1800 X85.677 Y87.374 E0.0552
G0 F7200 X85.96 Y87.092
G1 F1800 X83.614 Y84.745 E0.05519
G0 F7200 X83.897 Y84.462
G1 F1800 X86.243 Y86.809 E0.05519
G0 F7200 X86.526 Y86.526
G1 F1800 X84.18 Y84.18 E0.05517
G0 F7200 X84.464 Y83.898
G1 F1800 X86.809 Y86.243 E0.05515
G0 F7200 X87.092 Y85.96
G1 F1800 X84.747 Y83.616 E0.05514
G0 F7200 X85.03 Y83.333
G1 F1800 X87.374 Y85.677 E0.05513
G0 F7200 X87.714 Y85.452
G1 F1800 X85.254 Y82.991 E0.05787
G0 F7200 X85.392 Y82.563
G1 F1800 X88.142 Y85.314 E0.06469
G0 F7200 X88.791 Y85.397
G1 F1800 X85.312 Y81.918 E0.08182
G0 F7200 X85.106 Y81.146
G1 F1800 X89.561 Y85.602 E0.10479
G0 F7200 X90.332 Y85.807
G1 F1800 X84.899 Y80.374 E0.12778
G1 X84.829 Y80.304
G0 F7200 X84.678 Y79.587
G1 F1800 X91.118 Y86.027 E0.15146
G1 X91.188 Y86.097
G0 F7200 X91.749 Y86.658
G1 F1800 X94.136 Y89.045 E0.05614
G0 F7200 X93.853 Y89.327
G1 F1800 X91.969 Y87.444 E0.0443
G0 F7200 X92.173 Y88.214
G1 F1800 X93.57 Y89.61 E0.03284
G0 F7200 X93.287 Y89.893
G1 F1800 X92.379 Y88.984 E0.02137
G0 F7200 X92.461 Y89.632
G1 F1800 X93.004 Y90.176 E0.01278
G0 F7200 X94.419 Y88.762
G1 F1800 X11.237 Y5.58 E1.95631
G0 F7200 X11.52 Y5.298
G1 F1800 X94.701 Y88.479 E1.95629
G0 F7200 X94.984 Y88.196
G1 F1800 X11.803 Y5.015 E1.95629
G0 F7200 X12.086 Y4.732
G1 F1800 X95.267 Y87.913 E1.95629
G0 F7200 X95.55 Y87.63
G1 F1800 X12.369 Y4.449 E1.95629
G0 F7200 X12.652 Y4.166
G1 F1800 X95.833 Y87.347 E1.95629
G0 F7200 X96.116 Y87.065
G1 F1800 X12.934 Y3.883 E1.95631
G0 F7200 X13.217 Y3.601
G1 F1800 X96.398 Y86.782 E1.95629
G0 F7200 X96.681 Y86.499
G1 F1800 X13.5 Y3.318 E1.95629
G1 X13.43 Y3.248
G0 F7200 X10.954 Y5.863
G1 F1800 X13.348 Y8.257 E0.0563
G1 X13.418 Y8.327
G0 F7200 X12.554 Y8.028
G1 F1800 X10.672 Y6.146 E0.04426
G0 F7200 X10.389 Y6.429
G1 F1800 X11.78 Y7.821 E0.03273
G1 X11.85 Y7.891
G0 F7200 X11.006 Y7.612
G1 F1800 X10.106 Y6.712 E0.02117
G0 F7200 X9.823 Y6.995
G1 F1800 X10.362 Y7.534 E0.01268
G0 F7200 X13.567 Y8.652
G0 X34.779 Y29.866
G0 X37.278 Y37.244
G0 X36.047 Y38.484
G0 X36.935 Y41.852
G0 X86.659 Y91.75
G1 F1800 X89.044 Y94.135 E0.05609
G0 F7200 X89.327 Y93.852
G1 F1800 X87.444 Y91.97 E0.04427
G0 F7200 X88.214 Y92.174
G1 F1800 X89.61 Y93.569 E0.03282
G0 F7200 X89.892 Y93.286
G1 F1800 X88.985 Y92.379 E0.02133
G0 F7200 X89.633 Y92.461
G1 F1800 X90.175 Y93.004 E0.01276
G0 F7200 X90.157 Y92.986
;MESH:NONMESH
G0 F600 X90.157 Y92.986 Z1.8
G0 F7200 X86.434 Y91.348
G0 X15.723 Y20.637
G0 X12.361 Y14.204
G0 X12.138 Y13.98
;TIME_ELAPSED:2279.958432
;LAYER:15
;TYPE:WALL-INNER
;MESH:bodyNW.stl
G1 F3600 X11.924 Y14.096 E0.00405
G1 X11.69 Y14.125 E0.00392
G1 X9.081 Y13.428 E0.04491
G1 X8.916 Y13.301 E0.00346
G1 X8.787 Y13.134 E0.00351
G1 X8.112 Y10.616 E0.04335
G1 X8.106 Y10.327 E0.00481
G1 X8.21 Y10.092 E0.00427
G1 X10.035 Y8.267 E0.04292
G1 X10.327 Y8.106 E0.00555
G1 X10.616 Y8.112 E0.00481
G1 X13.131 Y8.787 E0.0433
G1 X13.301 Y8.915 E0.00354
G1 X13.429 Y9.082 E0.0035
G1 X14.125 Y11.694 E0.04495
G1 X14.096 Y11.928 E0.00392
G1 X13.944 Y12.181 E0.00491
G1 X12.138 Y13.98 E0.04239
G0 F7200 X12.361 Y14.204
G0 X15.723 Y20.637
G0 X19.079 Y21.536
G0 X19.211 Y21.051
G1 F3600 X18.996 Y21.167 E0.00406
G1 X18.763 Y21.197 E0.00391
G1 X16.15 Y20.501 E0.04497
G1 X15.983 Y20.373 E0.0035
G1 X15.855 Y20.206 E0.0035
G1 X15.159 Y17.594 E0.04495
G1 X15.188 Y17.36 E0.00392
G1 X15.304 Y17.146 E0.00405
G1 X17.103 Y15.343 E0.04236
G1 X17.357 Y15.192 E0.00491
G1 X17.591 Y15.163 E0.00392
G1 X20.206 Y15.86 E0.04501
G1 X20.372 Y15.987 E0.00348
G1 X20.5 Y16.153 E0.00349
G1 X21.197 Y18.762 E0.04491
G1 X21.168 Y18.996 E0.00392
G1 X21.017 Y19.249 E0.0049
G1 X19.211 Y21.051 E0.04243
G0 F7200 X19.433 Y21.274
G0 X22.791 Y27.708
G0 X26.15 Y28.607
G0 X26.282 Y28.124
G1 F3600 X26.068 Y28.24 E0.00405
G1 X25.834 Y28.269 E0.00392
G1 X23.224 Y27.573 E0.04492
G1 X23.054 Y27.444 E0.00355
G1 X22.926 Y27.275 E0.00353
G1 X22.239 Y24.659 E0.04498
G1 X22.268 Y24.426 E0.0039
G1 X22.383 Y24.211 E0.00405
G1 X24.173 Y22.418 E0.04213
G1 X24.426 Y22.268 E0.00489
G1 X24.659 Y22.239 E0.0039
G1 X27.275 Y22.926 E0.04498
G1 X27.445 Y23.055 E0.00355
G1 X27.573 Y23.225 E0.00354
G1 X28.269 Y25.834 E0.04491
G1 X28.24 Y26.068 E0.00392
G1 X28.089 Y26.321 E0.0049
G1 X26.282 Y28.124 E0.04245
G0 F7200 X26.503 Y28.346
G0 X29.866 Y34.779
G0 X33.221 Y35.678
G0 X33.355 Y35.195
G1 F3600 X33.14 Y35.312 E0.00407
G1 X32.905 Y35.341 E0.00394
G1 X30.297 Y34.641 E0.04491
G1 X30.127 Y34.513 E0.00354
G1 X30 Y34.346 E0.00349
G1 X29.303 Y31.738 E0.04489
G1 X29.332 Y31.504 E0.00392
G1 X29.448 Y31.29 E0.00405
G1 X31.251 Y29.483 E0.04245
G1 X31.504 Y29.332 E0.0049
G1 X31.738 Y29.303 E0.00392
G1 X34.347 Y30 E0.04491
G1 X34.512 Y30.127 E0.00346
G1 X34.641 Y30.294 E0.00351
G1 X35.341 Y32.905 E0.04495
G1 X35.312 Y33.14 E0.00394
G1 X35.161 Y33.393 E0.0049
G1 X33.355 Y35.195 E0.04243
G0 F7200 X33.575 Y35.416
G0 X36.935 Y41.852
G0 X40.302 Y42.741
G0 X40.433 Y42.261
G1 F3600 X40.218 Y42.376 E0.00405
G1 X39.984 Y42.405 E0.00392
G1 X37.37 Y41.715 E0.04496
G1 X37.199 Y41.585 E0.00357
G1 X37.069 Y41.414 E0.00357
G1 X36.403 Y38.89 E0.04341
G1 X36.386 Y38.675 E0.00359
G1 X36.475 Y38.399 E0.00482
G1 X38.32 Y36.555 E0.04338
G1 X38.573 Y36.404 E0.0049
G1 X38.807 Y36.375 E0.00392
G1 X41.419 Y37.072 E0.04496
G1 X41.584 Y37.199 E0.00346
G1 X41.712 Y37.365 E0.00349
G1 X42.409 Y39.974 E0.04491
G1 X42.38 Y40.207 E0.0039
G1 X42.226 Y40.464 E0.00498
G1 X40.433 Y42.261 E0.04222
G0 F7200 X40.653 Y42.482
G0 X44.008 Y48.921
G0 X47.364 Y49.82
G0 X47.494 Y49.336
G1 F3600 X47.28 Y49.452 E0.00405
G1 X47.046 Y49.481 E0.00392
G1 X44.437 Y48.784 E0.04491
G1 X44.272 Y48.657 E0.00346
G1 X44.143 Y48.49 E0.00351
G1 X43.443 Y45.879 E0.04495
G1 X43.473 Y45.644 E0.00394
G1 X43.589 Y45.429 E0.00406
G1 X45.392 Y43.622 E0.04245
G1 X45.645 Y43.472 E0.00489
G1 X45.879 Y43.443 E0.00392
G1 X48.487 Y44.143 E0.04491
G1 X48.657 Y44.271 E0.00354
G1 X48.784 Y44.438 E0.00349
G1 X49.481 Y47.046 E0.04489
G1 X49.452 Y47.28 E0.00392
G1 X49.301 Y47.533 E0.0049
G1 X47.494 Y49.336 E0.04245
G0 F7200 X47.717 Y49.559
G0 X51.079 Y55.992
G0 X54.435 Y56.891
G0 X54.566 Y56.408
G1 F3600 X54.352 Y56.524 E0.00405
G1 X54.118 Y56.553 E0.00392
G1 X51.506 Y55.857 E0.04495
G1 X51.339 Y55.729 E0.0035
G1 X51.211 Y55.562 E0.0035
G1 X50.515 Y52.95 E0.04495
G1 X50.544 Y52.716 E0.00392
G1 X50.66 Y52.502 E0.00405
G1 X52.463 Y50.695 E0.04245
G1 X52.716 Y50.544 E0.0049
G1 X52.95 Y50.515 E0.00392
G1 X55.562 Y51.211 E0.04495
G1 X55.729 Y51.339 E0.0035
G1 X55.857 Y51.506 E0.0035
G1 X56.553 Y54.118 E0.04495
G1 X56.524 Y54.352 E0.00392
G1 X56.373 Y54.605 E0.0049
G1 X54.566 Y56.408 E0.04245
G0 F7200 X54.788 Y56.63
G0 X58.15 Y63.063
G0 X61.506 Y63.962
G0 X61.638 Y63.48
G1 F3600 X61.424 Y63.596 E0.00405
G1 X61.189 Y63.625 E0.00394
G1 X58.581 Y62.925 E0.04491
G1 X58.411 Y62.797 E0.00354
G1 X58.284 Y62.63 E0.00349
G1 X57.587 Y60.022 E0.04489
G1 X57.616 Y59.788 E0.00392
G1 X57.732 Y59.574 E0.00405
G1 X59.535 Y57.767 E0.04245
G1 X59.788 Y57.616 E0.0049
G1 X60.022 Y57.587 E0.00392
G1 X62.631 Y58.284 E0.04491
G1 X62.796 Y58.411 E0.00346
G1 X62.925 Y58.578 E0.00351
G1 X63.625 Y61.189 E0.04495
G1 X63.596 Y61.424 E0.00394
G1 X63.445 Y61.677 E0.0049
G1 X61.638 Y63.48 E0.04245
G0 F7200 X61.859 Y63.701
G0 X65.221 Y70.134
G0 X68.577 Y71.033
G0 X68.71 Y70.548
G1 F3600 X68.495 Y70.664 E0.00406
G1 X68.261 Y70.693 E0.00392
G1 X65.649 Y69.996 E0.04496
G1 X65.484 Y69.869 E0.00346
G1 X65.356 Y69.703 E0.00349
G1 X64.659 Y67.094 E0.04491
G1 X64.688 Y66.86 E0.00392
G1 X64.804 Y66.646 E0.00405
G1 X66.607 Y64.839 E0.04245
G1 X66.86 Y64.688 E0.0049
G1 X67.094 Y64.659 E0.00392
G1 X69.702 Y65.356 E0.04489
G1 X69.869 Y65.483 E0.00349
G1 X69.997 Y65.65 E0.0035
G1 X70.693 Y68.261 E0.04494
G1 X70.664 Y68.495 E0.00392
G1 X70.513 Y68.749 E0.00491
G1 X68.71 Y70.548 E0.04236
G0 F7200 X68.932 Y70.77
G0 X72.292 Y77.208
G0 X75.656 Y78.096
G0 X75.786 Y77.617
G1 F3600 X75.57 Y77.732 E0.00407
G1 X75.336 Y77.761 E0.00392
G1 X72.726 Y77.071 E0.0449
G1 X72.555 Y76.941 E0.00357
G1 X72.427 Y76.773 E0.00351
G1 X71.727 Y74.163 E0.04494
G1 X71.756 Y73.928 E0.00394
G1 X71.872 Y73.713 E0.00406
G1 X73.675 Y71.908 E0.04243
G1 X73.928 Y71.756 E0.00491
G1 X74.163 Y71.727 E0.00394
G1 X76.771 Y72.427 E0.04491
G1 X76.941 Y72.555 E0.00354
G1 X77.068 Y72.722 E0.00349
G1 X77.765 Y75.33 E0.04489
G1 X77.736 Y75.564 E0.00392
G1 X77.583 Y75.818 E0.00493
G1 X75.786 Y77.617 E0.04229
G0 F7200 X76.006 Y77.838
G0 X79.363 Y84.277
G0 X82.719 Y85.176
G0 X82.85 Y84.692
G1 F3600 X82.636 Y84.808 E0.00405
G1 X82.402 Y84.837 E0.00392
G1 X79.79 Y84.141 E0.04495
G1 X79.623 Y84.013 E0.0035
G1 X79.495 Y83.846 E0.0035
G1 X78.799 Y81.234 E0.04495
G1 X78.829 Y81 E0.00392
G1 X78.945 Y80.785 E0.00406
G1 X80.747 Y78.979 E0.04243
G1 X81 Y78.828 E0.0049
G1 X81.234 Y78.799 E0.00392
G1 X83.846 Y79.495 E0.04495
G1 X84.013 Y79.623 E0.0035
G1 X84.141 Y79.79 E0.0035
G1 X84.837 Y82.402 E0.04495
G1 X84.808 Y82.636 E0.00392
G1 X84.657 Y82.889 E0.0049
G1 X82.85 Y84.692 E0.04245
G0 F7200 X83.072 Y84.915
G0 X86.434 Y91.348
G0 X89.79 Y92.247
G0 X89.961 Y91.729
G1 F3600 X89.67 Y91.889 E0.00552
G1 X89.381 Y91.884 E0.00481
G1 X86.862 Y91.213 E0.04335
G1 X86.695 Y91.085 E0.0035
G1 X86.567 Y90.918 E0.0035
G1 X85.871 Y88.306 E0.04495
G1 X85.9 Y88.072 E0.00392
G1 X86.016 Y87.858 E0.00405
G1 X87.819 Y86.051 E0.04245
G1 X88.072 Y85.9 E0.0049
G1 X88.306 Y85.871 E0.00392
G1 X90.918 Y86.567 E0.04495
G1 X91.085 Y86.695 E0.0035
G1 X91.213 Y86.862 E0.0035
G1 X91.884 Y89.381 E0.04335
G1 X91.89 Y89.67 E0.00481
G1 X91.784 Y89.906 E0.0043
G1 X89.961 Y91.729 E0.04287
G0 F7200 X90.18 Y91.949
G0 X86.416 Y97.191
G0 X86.416 Y97.587
G1 F3600 X97.587 Y86.416 E0.26272
G1 X13.584 Y2.413 E1.97562
G1 X2.413 Y13.584 E0.26272
G1 X86.416 Y97.587 E1.97562
G0 F7200 X86.416 Y98.153
;TYPE:WALL-OUTER
G1 F1800 X98.153 Y86.416 E0.27604
G1 X13.584 Y1.847 E1.98893
G1 X1.847 Y13.584 E0.27604
G1 X86.416 Y98.153 E1.98893
G0 F7200 X86.557 Y98.012
G0 X86.416 Y97.191
G0 X90.18 Y91.949
G0 X89.678 Y91.446
G1 F1800 X89.55 Y91.516 E0.00243
G1 X87.035 Y90.845 E0.04329
G1 X86.926 Y90.712 E0.00286
G1 X86.282 Y88.296 E0.04158
G1 X86.322 Y88.115 E0.00308
G1 X88.126 Y86.31 E0.04244
G1 X88.252 Y86.276 E0.00217
G1 X90.745 Y86.935 E0.04288
G1 X90.854 Y87.068 E0.00286
G1 X91.498 Y89.484 E0.04158
G1 X91.468 Y89.651 E0.00282
G1 X89.678 Y91.446 E0.04216
G0 F7200 X89.55 Y91.516
G0 X89.498 Y91.503
G0 X89.315 Y92.187
G0 X86.434 Y91.348
G0 X83.097 Y84.89
G0 X82.593 Y84.386
G1 F1800 X82.456 Y84.432 E0.0024
G1 X79.963 Y83.773 E0.04288
G1 X79.854 Y83.64 E0.00286
G1 X79.197 Y81.176 E0.04241
G1 X79.235 Y81.057 E0.00208
G1 X81.054 Y79.238 E0.04278
G1 X81.18 Y79.204 E0.00217
G1 X83.673 Y79.863 E0.04288
G1 X83.782 Y79.996 E0.00286
G1 X84.439 Y82.46 E0.04241
G1 X84.401 Y82.579 E0.00208
G1 X82.593 Y84.386 E0.04251
G0 F7200 X82.456 Y84.432
G0 X82.403 Y84.418
G0 X82.218 Y85.109
G0 X79.363 Y84.277
G0 X76.031 Y77.813
G0 X75.529 Y77.31
G1 F1800 X75.391 Y77.356 E0.00242
G1 X72.928 Y76.71 E0.04235
G1 X72.805 Y76.639 E0.00236
G1 X72.138 Y74.152 E0.04282
G1 X72.178 Y73.971 E0.00308
G1 X73.982 Y72.166 E0.04244
G1 X74.108 Y72.132 E0.00217
G1 X76.601 Y72.795 E0.0429
G1 X76.71 Y72.928 E0.00286
G1 X77.367 Y75.388 E0.04234
G1 X77.329 Y75.507 E0.00208
G1 X75.529 Y77.31 E0.04237
G0 F7200 X75.391 Y77.356
G0 X75.338 Y77.343
G0 X75.156 Y78.031
G0 X72.292 Y77.208
G0 X68.956 Y70.746
G0 X68.453 Y70.242
G1 F1800 X68.315 Y70.288 E0.00242
G1 X65.823 Y69.629 E0.04287
G1 X65.714 Y69.496 E0.00286
G1 X65.07 Y67.084 E0.04152
G1 X65.11 Y66.903 E0.00308
G1 X66.914 Y65.098 E0.04244
G1 X67.04 Y65.064 E0.00217
G1 X69.529 Y65.723 E0.04282
G1 X69.638 Y65.856 E0.00286
G1 X70.288 Y68.315 E0.0423
G1 X70.23 Y68.466 E0.00269
G1 X68.453 Y70.242 E0.04178
G0 F7200 X68.315 Y70.288
G0 X68.262 Y70.274
G0 X68.077 Y70.966
G0 X65.221 Y70.134
G0 X61.883 Y63.677
G0 X61.381 Y63.174
G1 F1800 X61.244 Y63.22 E0.0024
G1 X58.751 Y62.557 E0.0429
G1 X58.642 Y62.424 E0.00286
G1 X57.998 Y60.012 E0.04152
G1 X58.038 Y59.831 E0.00308
G1 X59.842 Y58.026 E0.04244
G1 X59.968 Y57.992 E0.00217
G1 X62.457 Y58.651 E0.04282
G1 X62.566 Y58.784 E0.00286
G1 X63.227 Y61.248 E0.04243
G1 X63.189 Y61.367 E0.00208
G1 X61.381 Y63.174 E0.04251
G0 F7200 X61.244 Y63.22
G0 X61.191 Y63.206
G0 X61.006 Y63.895
G0 X58.15 Y63.063
G0 X54.812 Y56.606
G0 X54.309 Y56.102
G1 F1800 X54.172 Y56.148 E0.0024
G1 X51.679 Y55.489 E0.04288
G1 X51.57 Y55.356 E0.00286
G1 X50.926 Y52.94 E0.04158
G1 X50.966 Y52.759 E0.00308
G1 X52.77 Y50.954 E0.04244
G1 X52.896 Y50.92 E0.00217
G1 X55.389 Y51.579 E0.04288
G1 X55.498 Y51.712 E0.00286
G1 X56.155 Y54.176 E0.04241
G1 X56.117 Y54.295 E0.00208
G1 X54.309 Y56.102 E0.04251
G0 F7200 X54.172 Y56.148
G0 X54.119 Y56.134
G0 X53.934 Y56.824
G0 X51.079 Y55.992
G0 X47.741 Y49.535
G0 X47.237 Y49.03
G1 F1800 X47.1 Y49.076 E0.0024
G1 X44.611 Y48.417 E0.04282
G1 X44.502 Y48.284 E0.00286
G1 X43.841 Y45.82 E0.04243
G1 X43.879 Y45.701 E0.00208
G1 X45.699 Y43.881 E0.0428
G1 X45.824 Y43.848 E0.00215
G1 X48.317 Y44.511 E0.0429
G1 X48.426 Y44.644 E0.00286
G1 X49.083 Y47.104 E0.04234
G1 X49.045 Y47.223 E0.00208
G1 X47.237 Y49.03 E0.04251
G0 F7200 X47.1 Y49.076
G0 X47.047 Y49.062
G0 X46.862 Y49.753
G0 X44.008 Y48.921
G0 X40.679 Y42.456
G0 X40.177 Y41.954
G1 F1800 X40.039 Y42 E0.00242
G1 X37.572 Y41.354 E0.04241
G1 X37.482 Y41.302 E0.00173
G1 X37.43 Y41.212 E0.00173
G1 X36.776 Y38.734 E0.04262
G1 X36.83 Y38.607 E0.0023
G1 X38.627 Y36.813 E0.04223
G1 X38.753 Y36.78 E0.00217
G1 X41.245 Y37.439 E0.04287
G1 X41.354 Y37.572 E0.00286
G1 X42.011 Y40.032 E0.04234
G1 X41.973 Y40.15 E0.00206
G1 X40.177 Y41.954 E0.04233
G0 F7200 X40.039 Y42
G0 X39.986 Y41.987
G0 X39.804 Y42.676
G0 X36.935 Y41.852
G0 X33.587 Y35.404
G0 X33.086 Y34.902
G1 F1800 X32.96 Y34.936 E0.00217
G1 X30.467 Y34.273 E0.0429
G1 X30.358 Y34.14 E0.00286
G1 X29.714 Y31.728 E0.04152
G1 X29.754 Y31.547 E0.00308
G1 X31.558 Y29.742 E0.04244
G1 X31.684 Y29.708 E0.00217
G1 X34.173 Y30.367 E0.04282
G1 X34.282 Y30.5 E0.00286
G1 X34.943 Y32.964 E0.04243
G1 X34.905 Y33.083 E0.00208
G1 X33.086 Y34.902 E0.04278
G0 F7200 X32.96 Y34.936
G0 X32.894 Y34.919
G0 X32.709 Y35.608
G0 X29.866 Y34.779
G0 X26.528 Y28.321
G0 X26.025 Y27.818
G1 F1800 X25.888 Y27.864 E0.0024
G1 X23.395 Y27.205 E0.04288
G1 X23.295 Y27.106 E0.00234
G1 X22.644 Y24.605 E0.04298
G1 X22.69 Y24.467 E0.00242
G1 X24.479 Y22.678 E0.04207
G1 X24.605 Y22.644 E0.00217
G1 X27.106 Y23.295 E0.04298
G1 X27.214 Y23.428 E0.00285
G1 X27.871 Y25.892 E0.04241
G1 X27.833 Y26.011 E0.00208
G1 X26.025 Y27.818 E0.04251
G0 F7200 X25.888 Y27.864
G0 X25.835 Y27.85
G0 X25.65 Y28.54
G0 X22.791 Y27.708
G0 X19.445 Y21.262
G0 X18.942 Y20.758
G1 F1800 X18.816 Y20.792 E0.00217
G1 X16.323 Y20.133 E0.04288
G1 X16.214 Y20 E0.00286
G1 X15.57 Y17.584 E0.04158
G1 X15.61 Y17.403 E0.00308
G1 X17.411 Y15.601 E0.04237
G1 X17.537 Y15.568 E0.00217
G1 X20.033 Y16.227 E0.04293
G1 X20.142 Y16.36 E0.00286
G1 X20.799 Y18.82 E0.04234
G1 X20.761 Y18.939 E0.00208
G1 X18.942 Y20.758 E0.04278
G0 F7200 X18.816 Y20.792
G0 X18.75 Y20.775
G0 X18.565 Y21.465
G0 X15.723 Y20.637
G0 X12.385 Y14.18
G0 X11.881 Y13.674
G1 F1800 X11.744 Y13.72 E0.0024
G1 X9.255 Y13.061 E0.04282
G1 X9.146 Y12.928 E0.00286
G1 X8.498 Y10.512 E0.0416
G1 X8.528 Y10.345 E0.00282
G1 X10.318 Y8.55 E0.04216
G1 X10.444 Y8.48 E0.0024
G1 X12.962 Y9.155 E0.04335
G1 X13.07 Y9.288 E0.00285
G1 X13.727 Y11.752 E0.04241
G1 X13.689 Y11.871 E0.00208
G1 X11.881 Y13.674 E0.04246
G0 F7200 X11.744 Y13.72
G0 X11.691 Y13.706
G0 X11.506 Y14.397
G0 X15.723 Y20.637
G0 X86.416 Y97.045
;TYPE:SKIN
G1 F1800 X2.951 Y13.584 E1.96292
G1 X13.584 Y2.951 E0.25007
G1 X97.049 Y86.416 E1.96297
G1 X86.416 Y97.045 E0.25002
G0 F7200 X92.506 Y90.307
G1 F1437.1 X92.456 Y90.376 E0.00177
G1 F1478.4 X90.493 Y92.34 E0.05622
G1 F1398.1 X90.308 Y92.484 E0.00502
G0 F7200 X89.807 Y92.238
G1 F1800 X90.23 Y91.99 E0.00815
G1 X92.07 Y90.154 E0.04323
G1 X92.247 Y89.79 E0.00673
G1 X92.25 Y89.276 E0.00855
G1 X91.574 Y86.736 E0.04371
G1 X91.354 Y86.426 E0.00632
G1 X91.077 Y86.212 E0.00582
G1 X88.334 Y85.488 E0.04718
G1 X87.958 Y85.537 E0.00631
G1 X87.569 Y85.765 E0.0075
G1 X85.722 Y87.611 E0.04343
G1 X85.536 Y87.962 E0.00661
G1 X85.494 Y88.38 E0.00699
G1 X86.202 Y91.04 E0.04578
G1 X86.426 Y91.354 E0.00641
G1 X86.736 Y91.574 E0.00632
G1 X89.276 Y92.25 E0.04371
G1 X89.807 Y92.238 E0.00883
G0 F7200 X89.805 Y92.305
G0 X86.434 Y91.348
G0 X82.734 Y85.234
G0 X82.742 Y85.172
G1 F1800 X83.093 Y84.982 E0.00664
G1 X84.943 Y83.139 E0.04343
G1 X85.167 Y82.746 E0.00752
G1 X85.222 Y82.355 E0.00657
G1 X84.502 Y79.664 E0.04633
G1 X84.282 Y79.354 E0.00632
G1 X84.005 Y79.14 E0.00582
G1 X81.262 Y78.416 E0.04718
G1 X80.884 Y78.466 E0.00634
G1 X80.478 Y78.71 E0.00788
G1 X78.646 Y80.546 E0.04313
G1 X78.46 Y80.89 E0.0065
G1 X78.414 Y81.274 E0.00643
G1 X79.13 Y83.968 E0.04636
G1 X79.354 Y84.282 E0.00641
G1 X79.664 Y84.502 E0.00632
G1 X82.328 Y85.214 E0.04586
G1 X82.742 Y85.172 E0.00692
G0 F7200 X82.734 Y85.234
G0 X79.363 Y84.277
G0 X75.672 Y78.154
G0 X75.677 Y78.096
G1 F1800 X76.029 Y77.906 E0.00665
G1 X77.866 Y76.067 E0.04323
G1 X78.095 Y75.679 E0.00749
G1 X78.142 Y75.251 E0.00716
G1 X77.426 Y72.595 E0.04575
G1 X77.206 Y72.286 E0.00631
G1 X76.938 Y72.076 E0.00566
G1 X74.202 Y71.342 E0.04711
G1 X73.849 Y71.385 E0.00591
G1 X73.421 Y71.621 E0.00813
G1 X71.582 Y73.467 E0.04333
G1 X71.388 Y73.819 E0.00668
G1 X71.342 Y74.202 E0.00642
G1 X72.066 Y76.896 E0.04639
G1 X72.286 Y77.21 E0.00638
G1 X72.56 Y77.42 E0.00574
G1 X75.31 Y78.14 E0.04727
G1 X75.677 Y78.096 E0.00615
G0 F7200 X75.672 Y78.154
G0 X72.292 Y77.208
G0 X68.592 Y71.091
G0 X68.601 Y71.028
G1 F1800 X68.953 Y70.842 E0.00662
G1 X70.799 Y68.999 E0.04338
G1 X71.023 Y68.605 E0.00754
G1 X71.072 Y68.234 E0.00622
G1 X70.354 Y65.524 E0.04662
G1 X70.134 Y65.21 E0.00638
G1 X69.828 Y64.994 E0.00623
G1 X67.138 Y64.274 E0.04631
G1 X66.707 Y64.342 E0.00726
G1 X66.357 Y64.553 E0.0068
G1 X64.51 Y66.399 E0.04343
G1 X64.324 Y66.75 E0.00661
G1 X64.282 Y67.168 E0.00699
G1 X64.994 Y69.828 E0.04579
G1 X65.214 Y70.138 E0.00632
G1 X65.487 Y70.348 E0.00573
G1 X68.234 Y71.072 E0.04724
G1 X68.601 Y71.028 E0.00615
G0 F7200 X68.592 Y71.091
G0 X65.221 Y70.134
G0 X61.521 Y64.02
G0 X61.53 Y63.96
G1 F1800 X61.881 Y63.77 E0.00664
G1 X63.731 Y61.927 E0.04343
G1 X63.955 Y61.533 E0.00754
G1 X64.006 Y61.146 E0.00649
G1 X63.282 Y58.448 E0.04646
G1 X63.066 Y58.138 E0.00628
G1 X62.756 Y57.922 E0.00628
G1 X60.05 Y57.204 E0.04656
G1 X59.674 Y57.253 E0.00631
G1 X59.285 Y57.481 E0.0075
G1 X57.438 Y59.327 E0.04343
G1 X57.252 Y59.678 E0.00661
G1 X57.21 Y60.096 E0.00699
G1 X57.922 Y62.756 E0.04579
G1 X58.142 Y63.066 E0.00632
G1 X58.448 Y63.282 E0.00623
G1 X61.146 Y64.006 E0.04646
G1 X61.53 Y63.96 E0.00643
G0 F7200 X61.521 Y64.02
G0 X58.15 Y63.063
G0 X54.45 Y56.949
G0 X54.458 Y56.888
G1 F1800 X54.809 Y56.698 E0.00664
G1 X56.659 Y54.855 E0.04343
G1 X56.883 Y54.462 E0.00752
G1 X56.938 Y54.071 E0.00657
G1 X56.218 Y51.38 E0.04633
G1 X55.998 Y51.07 E0.00632
G1 X55.721 Y50.856 E0.00582
G1 X52.978 Y50.132 E0.04718
G1 X52.602 Y50.181 E0.00631
G1 X52.213 Y50.409 E0.0075
G1 X50.366 Y52.255 E0.04343
G1 X50.18 Y52.606 E0.00661
G1 X50.138 Y53.024 E0.00699
G1 X50.846 Y55.684 E0.04578
G1 X51.09 Y56.016 E0.00685
G1 X51.38 Y56.218 E0.00588
G1 X54.044 Y56.93 E0.04586
G1 X54.458 Y56.888 E0.00692
G0 F7200 X54.45 Y56.949
G0 X51.079 Y55.992
G0 X47.379 Y49.878
G0 X47.386 Y49.816
G1 F1800 X47.737 Y49.626 E0.00664
G1 X49.587 Y47.783 E0.04343
G1 X49.811 Y47.39 E0.00752
G1 X49.866 Y46.998 E0.00658
G1 X49.142 Y44.311 E0.04628
G1 X48.922 Y44.002 E0.00631
G1 X48.654 Y43.792 E0.00566
G1 X45.918 Y43.058 E0.04711
G1 X45.53 Y43.109 E0.00651
G1 X45.141 Y43.333 E0.00746
G1 X43.291 Y45.192 E0.04362
G1 X43.104 Y45.534 E0.00648
G1 X43.058 Y45.918 E0.00643
G1 X43.782 Y48.616 E0.04646
G1 X44.002 Y48.926 E0.00632
G1 X44.312 Y49.142 E0.00628
G1 X46.972 Y49.858 E0.04581
G1 X47.386 Y49.816 E0.00692
G0 F7200 X47.379 Y49.878
G0 X44.008 Y48.921
G0 X40.318 Y42.799
G0 X40.292 Y42.747
G1 F1800 X40.677 Y42.55 E0.00719
G1 X42.515 Y40.711 E0.04324
G1 X42.743 Y40.318 E0.00756
G1 X42.786 Y39.9 E0.00699
G1 X42.07 Y37.24 E0.04581
G1 X41.854 Y36.926 E0.00634
G1 X41.54 Y36.71 E0.00634
G1 X38.834 Y35.992 E0.04656
G1 X38.494 Y36.033 E0.0057
G1 X38.07 Y36.265 E0.00804
G1 X36.23 Y38.103 E0.04325
G1 X36.04 Y38.458 E0.0067
G1 X35.996 Y38.822 E0.0061
G1 X36.71 Y41.54 E0.04673
G1 X36.93 Y41.854 E0.00638
G1 X37.203 Y42.064 E0.00573
G1 X39.958 Y42.784 E0.04735
G1 X40.292 Y42.747 E0.00559
G0 F7200 X40.318 Y42.799
G0 X36.935 Y41.852
G0 X33.236 Y35.736
G0 X33.247 Y35.676
G1 F1800 X33.592 Y35.489 E0.00653
G1 X35.447 Y33.642 E0.04353
G1 X35.671 Y33.249 E0.00752
G1 X35.722 Y32.862 E0.00649
G1 X34.998 Y30.164 E0.04646
G1 X34.782 Y29.854 E0.00628
G1 X34.472 Y29.638 E0.00628
G1 X31.766 Y28.92 E0.04656
G1 X31.39 Y28.969 E0.00631
G1 X31.001 Y29.197 E0.0075
G1 X29.154 Y31.043 E0.04343
G1 X28.968 Y31.394 E0.00661
G1 X28.926 Y31.812 E0.00699
G1 X29.638 Y34.472 E0.04579
G1 X29.858 Y34.782 E0.00632
G1 X30.163 Y34.998 E0.00622
G1 X32.831 Y35.718 E0.04596
G1 X33.247 Y35.676 E0.00695
G0 F7200 X33.236 Y35.736
G0 X29.866 Y34.779
G0 X26.165 Y28.665
G0 X26.174 Y28.604
G1 F1800 X26.525 Y28.414 E0.00664
G1 X28.375 Y26.571 E0.04343
G1 X28.599 Y26.178 E0.00752
G1 X28.654 Y25.787 E0.00657
G1 X27.934 Y23.096 E0.04633
G1 X27.71 Y22.786 E0.00636
G1 X27.437 Y22.576 E0.00573
G1 X24.682 Y21.856 E0.04735
G1 X24.314 Y21.905 E0.00617
G1 X23.922 Y22.133 E0.00754
G1 X22.09 Y23.963 E0.04306
G1 X21.9 Y24.314 E0.00664
G1 X21.856 Y24.682 E0.00616
G1 X22.566 Y27.399 E0.0467
G1 X22.782 Y27.71 E0.0063
G1 X23.059 Y27.924 E0.00582
G1 X25.76 Y28.646 E0.04649
G1 X26.174 Y28.604 E0.00692
G0 F7200 X26.165 Y28.665
G0 X22.791 Y27.708
G0 X19.094 Y21.594
G0 X19.103 Y21.532
G1 F1800 X19.448 Y21.345 E0.00653
G1 X21.302 Y19.499 E0.04351
G1 X21.527 Y19.111 E0.00746
G1 X21.582 Y18.719 E0.00658
G1 X20.858 Y16.028 E0.04634
G1 X20.642 Y15.714 E0.00634
G1 X20.332 Y15.498 E0.00628
G1 X17.618 Y14.78 E0.04669
G1 X17.24 Y14.83 E0.00634
G1 X16.853 Y15.057 E0.00746
G1 X15.01 Y16.899 E0.04333
G1 X14.824 Y17.25 E0.00661
G1 X14.782 Y17.668 E0.00699
G1 X15.49 Y20.328 E0.04578
G1 X15.714 Y20.642 E0.00641
G1 X15.987 Y20.852 E0.00573
G1 X18.719 Y21.582 E0.04703
G1 X19.103 Y21.532 E0.00644
G0 F7200 X19.094 Y21.594
G0 X15.723 Y20.637
G0 X13.405 Y13.077
G0 X14.461 Y12.013
G0 X13.567 Y8.652
G0 X9.685 Y7.508
G1 F1440 X9.455 Y7.691 E0.00611
G1 F1525.4 X7.54 Y9.611 E0.05321
G1 F1457.5 X7.476 Y9.701 E0.00227
G0 F7200 X8.652 Y13.566
G0 X12.023 Y14.523
G0 X12.03 Y14.46
G1 F1800 X12.375 Y14.278 E0.00649
G1 X14.227 Y12.431 E0.0435
G1 X14.454 Y12.044 E0.00746
G1 X14.508 Y11.666 E0.00635
G1 X13.79 Y8.956 E0.04662
G1 X13.566 Y8.642 E0.00641
G1 X13.26 Y8.426 E0.00623
G1 X10.717 Y7.742 E0.04379
G1 X10.188 Y7.756 E0.0088
G1 X9.762 Y7.998 E0.00815
G1 X7.922 Y9.838 E0.04327
G1 X7.745 Y10.202 E0.00673
G1 X7.742 Y10.717 E0.00856
G1 X8.426 Y13.26 E0.04379
G1 X8.646 Y13.57 E0.00632
G1 X8.956 Y13.786 E0.00628
G1 X11.616 Y14.502 E0.04581
G1 X12.03 Y14.46 E0.00692
G0 F7200 X12.023 Y14.523
G0 X3.31 Y13.661
G1 F1800 X7.154 Y9.817 E0.0904
G0 F7200 X7.522 Y10.014
G1 F1800 X3.593 Y13.943 E0.0924
G0 F7200 X3.876 Y14.226
G1 F1800 X7.539 Y10.563 E0.08615
G0 F7200 X7.623 Y11.045
G1 F1800 X4.158 Y14.509 E0.08148
G0 F7200 X4.441 Y14.792
G1 F1800 X7.742 Y11.491 E0.07763
G0 F7200 X7.862 Y11.937
G1 F1800 X4.724 Y15.075 E0.0738
G0 F7200 X5.007 Y15.358
G1 F1800 X7.983 Y12.382 E0.06999
G0 F7200 X8.102 Y12.828
G1 F1800 X5.29 Y15.64 E0.06613
G0 F7200 X5.573 Y15.923
G1 F1800 X8.222 Y13.274 E0.0623
G0 F7200 X8.442 Y13.62
G1 F1800 X5.856 Y16.206 E0.06082
G0 F7200 X6.138 Y16.489
G1 F1800 X8.751 Y13.876 E0.06145
G0 F7200 X9.149 Y14.045
G1 F1800 X6.421 Y16.772 E0.06415
G0 F7200 X6.704 Y17.055
G1 F1800 X9.594 Y14.165 E0.06797
G0 F7200 X10.04 Y14.285
G1 F1800 X6.987 Y17.338 E0.0718
G0 F7200 X7.27 Y17.62
G1 F1800 X10.486 Y14.404 E0.07564
G0 F7200 X10.931 Y14.525
G1 F1800 X7.553 Y17.903 E0.07945
G0 F7200 X7.835 Y18.186
G1 F1800 X11.377 Y14.645 E0.08329
G0 F7200 X11.908 Y14.679
G1 F1800 X8.118 Y18.469 E0.08913
G0 F7200 X8.401 Y18.752
G1 F1800 X18.752 Y8.401 E0.24344
G0 F7200 X19.035 Y8.684
G1 F1800 X8.684 Y19.035 E0.24344
G0 F7200 X8.967 Y19.317
G1 F1800 X19.317 Y8.967 E0.24342
G0 F7200 X19.6 Y9.25
G1 F1800 X9.25 Y19.6 E0.24342
G0 F7200 X9.533 Y19.883
G1 F1800 X19.883 Y9.533 E0.24342
G0 F7200 X20.166 Y9.815
G1 F1800 X9.815 Y20.166 E0.24344
G0 F7200 X10.098 Y20.449
G1 F1800 X20.449 Y10.098 E0.24344
G0 F7200 X20.732 Y10.381
G1 F1800 X10.381 Y20.732 E0.24344
G0 F7200 X10.664 Y21.015
G1 F1800 X14.799 Y16.879 E0.09726
G1 X14.869 Y16.809
G0 F7200 X14.575 Y17.669
G1 F1800 X10.947 Y21.297 E0.08532
G0 F7200 X11.23 Y21.58
G1 F1800 X14.694 Y18.116 E0.08147
G0 F7200 X14.812 Y18.563
G1 F1800 X11.512 Y21.863 E0.07761
G0 F7200 X11.795 Y22.146
G1 F1800 X14.932 Y19.009 E0.07378
G0 F7200 X15.051 Y19.456
G1 F1800 X12.078 Y22.429 E0.06992
G0 F7200 X12.361 Y22.712
G1 F1800 X15.17 Y19.903 E0.06606
G0 F7200 X15.288 Y20.35
G1 F1800 X12.644 Y22.994 E0.06218
G0 F7200 X12.927 Y23.277
G1 F1800 X15.51 Y20.693 E0.06076
G0 F7200 X15.819 Y20.951
G1 F1800 X13.209 Y23.56 E0.06137
G0 F7200 X13.492 Y23.843
G1 F1800 X16.215 Y21.12 E0.06404
G0 F7200 X16.662 Y21.239
G1 F1800 X13.775 Y24.126 E0.0679
G0 F7200 X14.058 Y24.409
G1 F1800 X17.108 Y21.359 E0.07173
G0 F7200 X17.555 Y21.478
G1 F1800 X14.341 Y24.691 E0.07558
G0 F7200 X14.624 Y24.974
G1 F1800 X18.001 Y21.597 E0.07942
G0 F7200 X18.447 Y21.717
G1 F1800 X14.907 Y25.257 E0.08326
G0 F7200 X15.189 Y25.54
G1 F1800 X18.983 Y21.746 E0.08923
G1 X19.053 Y21.676
G0 F7200 X21.872 Y23.949
G1 F1800 X17.735 Y28.086 E0.0973
G0 F7200 X18.018 Y28.368
G1 F1800 X21.657 Y24.73 E0.08557
G0 F7200 X21.774 Y25.178
G1 F1800 X18.301 Y28.651 E0.08168
G0 F7200 X18.583 Y28.934
G1 F1800 X21.892 Y25.626 E0.07781
G0 F7200 X22.01 Y26.073
G1 F1800 X18.866 Y29.217 E0.07394
G0 F7200 X19.149 Y29.5
G1 F1800 X22.128 Y26.521 E0.07006
G0 F7200 X22.246 Y26.968
G1 F1800 X19.432 Y29.783 E0.06619
G0 F7200 X19.715 Y30.065
G1 F1800 X22.364 Y27.416 E0.0623
G0 F7200 X22.582 Y27.764
G1 F1800 X19.998 Y30.348 E0.06077
G0 F7200 X20.281 Y30.631
G1 F1800 X22.89 Y28.021 E0.06137
G0 F7200 X23.286 Y28.191
G1 F1800 X20.563 Y30.914 E0.06404
G0 F7200 X20.846 Y31.197
G1 F1800 X23.733 Y28.31 E0.0679
G0 F7200 X24.179 Y28.43
G1 F1800 X21.129 Y31.48 E0.07173
G0 F7200 X21.412 Y31.763
G1 F1800 X24.625 Y28.549 E0.07558
G0 F7200 X25.072 Y28.668
G1 F1800 X21.695 Y32.045 E0.07942
G0 F7200 X21.978 Y32.328
G1 F1800 X25.518 Y28.788 E0.08326
G0 F7200 X26.066 Y28.805
G1 F1800 X22.26 Y32.611 E0.08951
G0 F7200 X22.543 Y32.894
G1 F1800 X32.894 Y22.543 E0.24344
G0 F7200 X33.177 Y22.826
G1 F1800 X22.826 Y33.177 E0.24344
G0 F7200 X23.109 Y33.46
G1 F1800 X33.46 Y23.109 E0.24344
G0 F7200 X33.742 Y23.392
G1 F1800 X23.392 Y33.742 E0.24342
G0 F7200 X23.675 Y34.025
G1 F1800 X34.025 Y23.675 E0.24342
G0 F7200 X34.308 Y23.957
G1 F1800 X23.957 Y34.308 E0.24344
G0 F7200 X24.24 Y34.591
G1 F1800 X34.591 Y24.24 E0.24344
G0 F7200 X34.874 Y24.523
G1 F1800 X24.523 Y34.874 E0.24344
G0 F7200 X24.806 Y35.157
G1 F1800 X28.945 Y31.017 E0.09735
G1 X29.015 Y30.947
G0 F7200 X28.718 Y31.81
G1 F1800 X25.089 Y35.439 E0.08535
G0 F7200 X25.372 Y35.722
G1 F1800 X28.838 Y32.256 E0.08152
G0 F7200 X28.957 Y32.703
G1 F1800 X25.655 Y36.005 E0.07766
G0 F7200 X25.937 Y36.288
G1 F1800 X29.076 Y33.149 E0.07382
G0 F7200 X29.196 Y33.595
G1 F1800 X26.22 Y36.571 E0.06999
G0 F7200 X26.503 Y36.854
G1 F1800 X29.315 Y34.042 E0.06613
G0 F7200 X29.434 Y34.488
G1 F1800 X26.786 Y37.137 E0.06229
G0 F7200 X27.069 Y37.419
G1 F1800 X29.655 Y34.833 E0.06082
G0 F7200 X29.964 Y35.09
G1 F1800 X27.352 Y37.702 E0.06143
G0 F7200 X27.634 Y37.985
G1 F1800 X30.362 Y35.258 E0.06415
G0 F7200 X30.807 Y35.378
G1 F1800 X27.917 Y38.268 E0.06797
G0 F7200 X28.2 Y38.551
G1 F1800 X31.253 Y35.498 E0.0718
G0 F7200 X31.698 Y35.618
G1 F1800 X28.483 Y38.834 E0.07562
G0 F7200 X28.766 Y39.116
G1 F1800 X32.144 Y35.739 E0.07943
G0 F7200 X32.589 Y35.859
G1 F1800 X29.049 Y39.399 E0.08326
G0 F7200 X29.331 Y39.682
G1 F1800 X33.124 Y35.89 E0.08919
G1 X33.194 Y35.82
G0 F7200 X36.03 Y38.075
G1 F1800 X31.878 Y42.227 E0.09765
G0 F7200 X32.161 Y42.51
G1 F1800 X35.797 Y38.874 E0.08551
G0 F7200 X35.915 Y39.321
G1 F1800 X32.443 Y42.793 E0.08166
G0 F7200 X32.726 Y43.076
G1 F1800 X36.033 Y39.768 E0.07779
G0 F7200 X36.152 Y40.215
G1 F1800 X33.009 Y43.358 E0.07392
G0 F7200 X33.292 Y43.641
G1 F1800 X36.271 Y40.662 E0.07006
G0 F7200 X36.389 Y41.11
G1 F1800 X33.575 Y43.924 E0.06618
G0 F7200 X33.858 Y44.207
G1 F1800 X36.508 Y41.557 E0.06232
G0 F7200 X36.726 Y41.904
G1 F1800 X34.141 Y44.49 E0.06081
G0 F7200 X34.423 Y44.773
G1 F1800 X37.035 Y42.161 E0.06143
G0 F7200 X37.431 Y42.33
G1 F1800 X34.706 Y45.055 E0.06409
G0 F7200 X34.989 Y45.338
G1 F1800 X37.879 Y42.448 E0.06797
G0 F7200 X38.327 Y42.566
G1 F1800 X35.272 Y45.621 E0.07185
G0 F7200 X35.555 Y45.904
G1 F1800 X38.775 Y42.684 E0.07573
G0 F7200 X39.223 Y42.802
G1 F1800 X35.838 Y46.187 E0.07961
G0 F7200 X36.12 Y46.47
G1 F1800 X39.671 Y42.919 E0.08351
G0 F7200 X40.203 Y42.953
G1 F1800 X36.403 Y46.752 E0.08936
G0 F7200 X36.686 Y47.035
G1 F1800 X47.036 Y36.685 E0.24342
G0 F7200 X46.753 Y36.403
G1 F1800 X42.957 Y40.198 E0.08926
G0 F7200 X42.929 Y39.661
G1 F1800 X46.47 Y36.12 E0.08328
G0 F7200 X46.188 Y35.837
G1 F1800 X42.809 Y39.215 E0.07946
G0 F7200 X42.689 Y38.769
G1 F1800 X45.905 Y35.554 E0.07562
G0 F7200 X45.622 Y35.271
G1 F1800 X42.569 Y38.324 E0.0718
G0 F7200 X42.449 Y37.878
G1 F1800 X45.339 Y34.988 E0.06797
G0 F7200 X45.056 Y34.706
G1 F1800 X42.33 Y37.432 E0.06411
G0 F7200 X42.162 Y37.034
G1 F1800 X44.773 Y34.423 E0.06141
G0 F7200 X44.49 Y34.14
G1 F1800 X41.905 Y36.726 E0.06081
G0 F7200 X41.557 Y36.507
G1 F1800 X44.208 Y33.857 E0.06234
G0 F7200 X43.925 Y33.574
G1 F1800 X41.111 Y36.388 E0.06618
G0 F7200 X40.664 Y36.269
G1 F1800 X43.642 Y33.291 E0.07004
G0 F7200 X43.359 Y33.008
G1 F1800 X40.218 Y36.149 E0.07387
G0 F7200 X39.772 Y36.03
G1 F1800 X43.076 Y32.726 E0.07771
G0 F7200 X42.793 Y32.443
G1 F1800 X39.326 Y35.91 E0.08154
G0 F7200 X38.88 Y35.791
G1 F1800 X42.511 Y32.16 E0.0854
G0 F7200 X42.228 Y31.877
G1 F1800 X38.064 Y36.041 E0.09793
G1 X37.994 Y36.111
G0 F7200 X35.887 Y33.127
G1 F1800 X39.682 Y29.331 E0.08926
G0 F7200 X39.399 Y29.049
G1 F1800 X35.857 Y32.591 E0.0833
G0 F7200 X35.737 Y32.145
G1 F1800 X39.116 Y28.766 E0.07947
G0 F7200 X38.834 Y28.483
G1 F1800 X35.618 Y31.699 E0.07564
G0 F7200 X35.497 Y31.253
G1 F1800 X38.551 Y28.2 E0.07181
G0 F7200 X38.268 Y27.917
G1 F1800 X35.378 Y30.807 E0.06797
G0 F7200 X35.258 Y30.362
G1 F1800 X37.985 Y27.634 E0.06415
G0 F7200 X37.702 Y27.352
G1 F1800 X35.093 Y29.961 E0.06136
G0 F7200 X34.834 Y29.654
G1 F1800 X37.419 Y27.069 E0.0608
G0 F7200 X37.137 Y26.786
G1 F1800 X34.486 Y29.436 E0.06234
G0 F7200 X34.04 Y29.317
G1 F1800 X36.854 Y26.503 E0.06618
G0 F7200 X36.571 Y26.22
G1 F1800 X33.594 Y29.197 E0.07001
G0 F7200 X33.148 Y29.078
G1 F1800 X36.288 Y25.937 E0.07386
G0 F7200 X36.005 Y25.655
G1 F1800 X32.702 Y28.958 E0.07768
G0 F7200 X32.255 Y28.839
G1 F1800 X35.722 Y25.372 E0.08154
G0 F7200 X35.439 Y25.089
G1 F1800 X31.809 Y28.719 E0.08537
G1 X31.739 Y28.789
G0 F7200 X30.985 Y28.978
G1 F1800 X35.157 Y24.806 E0.09812
G1 X35.227 Y24.736
G0 F7200 X32.611 Y22.26
G1 F1800 X28.815 Y26.056 E0.08928
G0 F7200 X28.789 Y25.517
G1 F1800 X32.328 Y21.978 E0.08323
G0 F7200 X32.045 Y21.695
G1 F1800 X28.67 Y25.07 E0.07937
G0 F7200 X28.55 Y24.624
G1 F1800 X31.763 Y21.412 E0.07555
G0 F7200 X31.48 Y21.129
G1 F1800 X28.431 Y24.178 E0.07171
G0 F7200 X28.311 Y23.732
G1 F1800 X31.197 Y20.846 E0.06787
G0 F7200 X30.914 Y20.563
G1 F1800 X28.192 Y23.286 E0.06403
G0 F7200 X28.021 Y22.89
G1 F1800 X30.631 Y20.281 E0.06137
G0 F7200 X30.348 Y19.998
G1 F1800 X27.766 Y22.58 E0.06072
G0 F7200 X27.416 Y22.364
G1 F1800 X30.065 Y19.715 E0.0623
G0 F7200 X29.783 Y19.432
G1 F1800 X26.968 Y22.247 E0.0662
G0 F7200 X26.52 Y22.129
G1 F1800 X29.5 Y19.149 E0.07009
G0 F7200 X29.217 Y18.866
G1 F1800 X26.072 Y22.011 E0.07397
G0 F7200 X25.625 Y21.893
G1 F1800 X28.934 Y18.583 E0.07783
G0 F7200 X28.651 Y18.301
G1 F1800 X25.177 Y21.775 E0.0817
G0 F7200 X24.73 Y21.657
G1 F1800 X28.368 Y18.018 E0.08557
G0 F7200 X28.086 Y17.735
G1 F1800 X23.909 Y21.912 E0.09824
G1 X23.839 Y21.982
G0 F7200 X21.746 Y18.983
G1 F1800 X25.54 Y15.189 E0.08923
G0 F7200 X25.257 Y14.907
G1 F1800 X21.716 Y18.448 E0.08328
G0 F7200 X21.596 Y18.002
G1 F1800 X24.974 Y14.624 E0.07945
G0 F7200 X24.691 Y14.341
G1 F1800 X21.476 Y17.556 E0.07561
G0 F7200 X21.357 Y17.11
G1 F1800 X24.409 Y14.058 E0.07178
G0 F7200 X24.126 Y13.775
G1 F1800 X21.237 Y16.664 E0.06794
G0 F7200 X21.117 Y16.218
G1 F1800 X23.843 Y13.492 E0.06411
G0 F7200 X23.56 Y13.209
G1 F1800 X20.952 Y15.818 E0.06135
G0 F7200 X20.691 Y15.513
G1 F1800 X23.277 Y12.927 E0.06082
G0 F7200 X22.994 Y12.644
G1 F1800 X20.344 Y15.294 E0.06232
G0 F7200 X19.897 Y15.175
G1 F1800 X22.712 Y12.361 E0.06619
G0 F7200 X22.429 Y12.078
G1 F1800 X19.45 Y15.056 E0.07005
G0 F7200 X19.004 Y14.937
G1 F1800 X22.146 Y11.795 E0.0739
G0 F7200 X21.863 Y11.512
G1 F1800 X18.557 Y14.818 E0.07775
G0 F7200 X18.11 Y14.699
G1 F1800 X21.58 Y11.23 E0.0816
G0 F7200 X21.297 Y10.947
G1 F1800 X17.664 Y14.58 E0.08544
G1 X17.594 Y14.65
G0 F7200 X16.848 Y14.831
G1 F1800 X21.015 Y10.664 E0.098
G1 X21.085 Y10.594
G0 F7200 X18.469 Y8.118
G1 F1800 X14.672 Y11.915 E0.0893
G0 F7200 X14.644 Y11.377
G1 F1800 X18.186 Y7.835 E0.0833
G0 F7200 X17.903 Y7.553
G1 F1800 X14.525 Y10.93 E0.07943
G0 F7200 X14.406 Y10.484
G1 F1800 X17.62 Y7.27 E0.07559
G0 F7200 X17.338 Y6.987
G1 F1800 X14.286 Y10.038 E0.07177
G0 F7200 X14.167 Y9.592
G1 F1800 X17.055 Y6.704 E0.06792
G0 F7200 X16.772 Y6.421
G1 F1800 X14.048 Y9.145 E0.06406
G0 F7200 X13.878 Y8.75
G1 F1800 X16.489 Y6.138 E0.06142
G0 F7200 X16.206 Y5.856
G1 F1800 X13.62 Y8.442 E0.06082
G0 F7200 X13.273 Y8.223
G1 F1800 X15.923 Y5.573 E0.06232
G0 F7200 X15.64 Y5.29
G1 F1800 X12.828 Y8.103 E0.06615
G0 F7200 X12.381 Y7.983
G1 F1800 X15.358 Y5.007 E0.07
G0 F7200 X15.075 Y4.724
G1 F1800 X11.936 Y7.863 E0.07382
G0 F7200 X11.49 Y7.743
G1 F1800 X14.792 Y4.441 E0.07766
G0 F7200 X14.509 Y4.158
G1 F1800 X11.044 Y7.623 E0.08149
G0 F7200 X10.56 Y7.542
G1 F1800 X14.226 Y3.876 E0.08622
G0 F7200 X13.943 Y3.593
G1 F1800 X10.015 Y7.521 E0.09238
G0 F7200 X9.829 Y7.141
G1 F1800 X13.661 Y3.31 E0.09011
G1 X13.731 Y3.24
G0 F7200 X25.823 Y15.472
G1 F1800 X15.472 Y25.823 E0.24344
G0 F7200 X15.755 Y26.106
G1 F1800 X26.106 Y15.755 E0.24344
G0 F7200 X26.389 Y16.038
G1 F1800 X16.038 Y26.389 E0.24344
G0 F7200 X16.321 Y26.671
G1 F1800 X26.671 Y16.321 E0.24342
G0 F7200 X26.954 Y16.604
G1 F1800 X16.604 Y26.954 E0.24342
G0 F7200 X16.886 Y27.237
G1 F1800 X27.237 Y16.886 E0.24344
G0 F7200 X27.52 Y17.169
G1 F1800 X17.169 Y27.52 E0.24344
G0 F7200 X17.452 Y27.803
G1 F1800 X27.803 Y17.452 E0.24344
G1 X27.873 Y17.382
G0 F7200 X39.965 Y29.614
G1 F1800 X29.614 Y39.965 E0.24344
G0 F7200 X29.897 Y40.248
G1 F1800 X40.248 Y29.897 E0.24344
G0 F7200 X40.531 Y30.18
G1 F1800 X30.18 Y40.531 E0.24344
G0 F7200 X30.463 Y40.813
G1 F1800 X40.813 Y30.463 E0.24342
G0 F7200 X41.096 Y30.746
G1 F1800 X30.746 Y41.096 E0.24342
G0 F7200 X31.029 Y41.378
G1 F1800 X41.379 Y31.029 E0.2434
G0 F7200 X41.662 Y31.311
G1 F1800 X31.312 Y41.661 E0.24342
G0 F7200 X31.595 Y41.944
G1 F1800 X41.945 Y31.594 E0.24342
G1 X42.015 Y31.524
G0 F7200 X47.319 Y36.968
G1 F1800 X36.969 Y47.318 E0.24342
G0 F7200 X37.252 Y47.601
G1 F1800 X47.602 Y37.251 E0.24342
G0 F7200 X47.885 Y37.534
G1 F1800 X37.535 Y47.884 E0.24342
G0 F7200 X37.817 Y48.167
G1 F1800 X48.167 Y37.817 E0.24342
G0 F7200 X48.45 Y38.1
G1 F1800 X38.1 Y48.45 E0.24342
G0 F7200 X38.383 Y48.732
G1 F1800 X48.733 Y38.382 E0.24342
G0 F7200 X49.016 Y38.665
G1 F1800 X38.666 Y49.015 E0.24342
G0 F7200 X38.949 Y49.298
G1 F1800 X43.079 Y45.168 E0.09713
G1 X43.149 Y45.098
G0 F7200 X42.859 Y45.953
G1 F1800 X39.232 Y49.581 E0.08531
G0 F7200 X39.515 Y49.864
G1 F1800 X42.979 Y46.399 E0.08148
G0 F7200 X43.099 Y46.845
G1 F1800 X39.797 Y50.147 E0.07766
G0 F7200 X40.08 Y50.429
G1 F1800 X43.218 Y47.291 E0.0738
G0 F7200 X43.339 Y47.737
G1 F1800 X40.363 Y50.712 E0.06998
G0 F7200 X40.646 Y50.995
G1 F1800 X43.458 Y48.183 E0.06613
G0 F7200 X43.578 Y48.629
G1 F1800 X40.929 Y51.278 E0.0623
G0 F7200 X41.212 Y51.561
G1 F1800 X43.797 Y48.975 E0.06081
G0 F7200 X44.106 Y49.232
G1 F1800 X41.494 Y51.844 E0.06143
G0 F7200 X41.777 Y52.126
G1 F1800 X44.503 Y49.401 E0.0641
G0 F7200 X44.949 Y49.521
G1 F1800 X42.06 Y52.409 E0.06793
G0 F7200 X42.343 Y52.692
G1 F1800 X45.395 Y49.64 E0.07178
G0 F7200 X45.84 Y49.761
G1 F1800 X42.626 Y52.975 E0.07559
G0 F7200 X42.909 Y53.258
G1 F1800 X46.287 Y49.88 E0.07945
G0 F7200 X46.732 Y50
G1 F1800 X43.191 Y53.541 E0.08328
G0 F7200 X43.474 Y53.824
G1 F1800 X47.28 Y50.018 E0.08951
G1 X47.35 Y49.948
G0 F7200 X50.156 Y52.233
G1 F1800 X46.02 Y56.369 E0.09727
G0 F7200 X46.303 Y56.652
G1 F1800 X49.931 Y53.024 E0.08532
G0 F7200 X50.05 Y53.471
G1 F1800 X46.586 Y56.935 E0.08147
G0 F7200 X46.868 Y57.218
G1 F1800 X50.169 Y53.918 E0.07762
G0 F7200 X50.287 Y54.364
G1 F1800 X47.151 Y57.501 E0.07377
G0 F7200 X47.434 Y57.783
G1 F1800 X50.406 Y54.811 E0.0699
G0 F7200 X50.526 Y55.258
G1 F1800 X47.717 Y58.066 E0.06605
G0 F7200 X48 Y58.349
G1 F1800 X50.644 Y55.704 E0.06219
G0 F7200 X50.862 Y56.052
G1 F1800 X48.283 Y58.632 E0.06067
G0 F7200 X48.566 Y58.915
G1 F1800 X51.161 Y56.319 E0.06104
G0 F7200 X51.57 Y56.476
G1 F1800 X48.848 Y59.198 E0.06402
G0 F7200 X49.131 Y59.48
G1 F1800 X52.016 Y56.595 E0.06785
G0 F7200 X52.463 Y56.714
G1 F1800 X49.414 Y59.763 E0.07171
G0 F7200 X49.697 Y60.046
G1 F1800 X52.909 Y56.834 E0.07554
G0 F7200 X53.355 Y56.953
G1 F1800 X49.98 Y60.329 E0.07939
G0 F7200 X50.263 Y60.612
G1 F1800 X53.802 Y57.072 E0.08324
G0 F7200 X54.35 Y57.09
G1 F1800 X50.545 Y60.895 E0.08949
G0 F7200 X50.828 Y61.177
G1 F1800 X61.178 Y50.828 E0.2434
G0 F7200 X61.461 Y51.11
G1 F1800 X51.111 Y61.46 E0.24342
G0 F7200 X51.394 Y61.743
G1 F1800 X61.744 Y51.393 E0.24342
G0 F7200 X62.027 Y51.676
G1 F1800 X51.677 Y62.026 E0.24342
G0 F7200 X51.96 Y62.309
G1 F1800 X62.31 Y51.959 E0.24342
G0 F7200 X62.592 Y52.242
G1 F1800 X52.242 Y62.592 E0.24342
G0 F7200 X52.525 Y62.875
G1 F1800 X62.875 Y52.525 E0.24342
G0 F7200 X63.158 Y52.807
G1 F1800 X52.808 Y63.157 E0.24342
G0 F7200 X53.091 Y63.44
G1 F1800 X57.23 Y59.302 E0.09733
G1 X57.3 Y59.232
G0 F7200 X57.003 Y60.094
G1 F1800 X53.374 Y63.723 E0.08535
G0 F7200 X53.657 Y64.006
G1 F1800 X57.122 Y60.54 E0.0815
G0 F7200 X57.241 Y60.987
G1 F1800 X53.94 Y64.289 E0.07765
G0 F7200 X54.222 Y64.572
G1 F1800 X57.361 Y61.433 E0.07382
G0 F7200 X57.48 Y61.88
G1 F1800 X54.505 Y64.854 E0.06996
G0 F7200 X54.788 Y65.137
G1 F1800 X57.599 Y62.327 E0.0661
G0 F7200 X57.718 Y62.773
G1 F1800 X55.071 Y65.42 E0.06225
G0 F7200 X55.354 Y65.703
G1 F1800 X57.94 Y63.117 E0.06082
G0 F7200 X58.249 Y63.374
G1 F1800 X55.637 Y65.986 E0.06143
G0 F7200 X55.919 Y66.269
G1 F1800 X58.647 Y63.541 E0.06416
G0 F7200 X59.093 Y63.661
G1 F1800 X56.202 Y66.551 E0.06798
G0 F7200 X56.485 Y66.834
G1 F1800 X59.538 Y63.781 E0.0718
G0 F7200 X59.985 Y63.901
G1 F1800 X56.768 Y67.117 E0.07565
G0 F7200 X57.051 Y67.4
G1 F1800 X60.431 Y64.02 E0.07949
G0 F7200 X60.877 Y64.14
G1 F1800 X57.334 Y67.683 E0.08333
G0 F7200 X57.616 Y67.966
G1 F1800 X61.423 Y64.159 E0.08953
G1 X61.493 Y64.089
G0 F7200 X64.304 Y66.37
G1 F1800 X60.163 Y70.511 E0.09739
G0 F7200 X60.446 Y70.793
G1 F1800 X64.074 Y67.165 E0.08532
G0 F7200 X64.193 Y67.611
G1 F1800 X60.728 Y71.076 E0.08149
G0 F7200 X61.011 Y71.359
G1 F1800 X64.313 Y68.058 E0.07765
G0 F7200 X64.432 Y68.504
G1 F1800 X61.294 Y71.642 E0.0738
G0 F7200 X61.577 Y71.925
G1 F1800 X64.552 Y68.95 E0.06997
G0 F7200 X64.671 Y69.396
G1 F1800 X61.86 Y72.208 E0.06612
G0 F7200 X62.143 Y72.49
G1 F1800 X64.791 Y69.842 E0.06228
G0 F7200 X65.011 Y70.188
G1 F1800 X62.426 Y72.773 E0.0608
G0 F7200 X62.708 Y73.056
G1 F1800 X65.319 Y70.446 E0.06139
G0 F7200 X65.715 Y70.615
G1 F1800 X62.991 Y73.339 E0.06406
G0 F7200 X63.274 Y73.622
G1 F1800 X66.163 Y70.733 E0.06794
G0 F7200 X66.609 Y70.852
G1 F1800 X63.557 Y73.905 E0.07179
G0 F7200 X63.84 Y74.188
G1 F1800 X67.056 Y70.971 E0.07565
G0 F7200 X67.503 Y71.09
G1 F1800 X64.123 Y74.47 E0.07949
G0 F7200 X64.405 Y74.753
G1 F1800 X67.95 Y71.208 E0.08337
G0 F7200 X68.483 Y71.241
G1 F1800 X64.688 Y75.036 E0.08925
G0 F7200 X64.971 Y75.319
G1 F1800 X75.32 Y64.97 E0.24339
G0 F7200 X75.603 Y65.253
G1 F1800 X65.254 Y75.602 E0.24339
G0 F7200 X65.537 Y75.885
G1 F1800 X75.886 Y65.535 E0.2434
G0 F7200 X76.169 Y65.818
G1 F1800 X65.82 Y76.167 E0.24339
G0 F7200 X66.102 Y76.45
G1 F1800 X76.452 Y66.101 E0.2434
G0 F7200 X76.735 Y66.384
G1 F1800 X66.385 Y76.733 E0.2434
G0 F7200 X66.668 Y77.016
G1 F1800 X77.017 Y66.667 E0.24339
G0 F7200 X77.3 Y66.95
G1 F1800 X66.951 Y77.299 E0.24339
G0 F7200 X67.234 Y77.582
G1 F1800 X71.363 Y73.452 E0.09712
G1 X71.433 Y73.382
G0 F7200 X71.143 Y74.238
G1 F1800 X67.517 Y77.864 E0.08528
G0 F7200 X67.8 Y78.147
G1 F1800 X71.264 Y74.683 E0.08147
G0 F7200 X71.383 Y75.129
G1 F1800 X68.082 Y78.43 E0.07763
G0 F7200 X68.365 Y78.713
G1 F1800 X71.503 Y75.575 E0.0738
G0 F7200 X71.623 Y76.021
G1 F1800 X68.648 Y78.996 E0.06997
G0 F7200 X68.931 Y79.279
G1 F1800 X71.743 Y76.467 E0.06613
G0 F7200 X71.863 Y76.913
G1 F1800 X69.214 Y79.562 E0.0623
G0 F7200 X69.497 Y79.844
G1 F1800 X72.082 Y77.259 E0.0608
G0 F7200 X72.389 Y77.517
G1 F1800 X69.779 Y80.127 E0.06138
G0 F7200 X70.062 Y80.41
G1 F1800 X72.786 Y77.686 E0.06406
G0 F7200 X73.234 Y77.804
G1 F1800 X70.345 Y80.693 E0.06794
G0 F7200 X70.628 Y80.976
G1 F1800 X73.681 Y77.922 E0.07181
G0 F7200 X74.129 Y78.041
G1 F1800 X70.911 Y81.259 E0.07568
G0 F7200 X71.194 Y81.541
G1 F1800 X74.576 Y78.159 E0.07954
G0 F7200 X75.024 Y78.277
G1 F1800 X71.476 Y81.824 E0.08343
G0 F7200 X71.759 Y82.107
G1 F1800 X75.557 Y78.309 E0.08932
G1 X75.627 Y78.239
G0 F7200 X78.438 Y80.52
G1 F1800 X74.305 Y84.653 E0.0972
G0 F7200 X74.588 Y84.936
G1 F1800 X78.215 Y81.308 E0.08531
G0 F7200 X78.334 Y81.755
G1 F1800 X74.871 Y85.218 E0.08144
G0 F7200 X75.153 Y85.501
G1 F1800 X78.453 Y82.202 E0.0776
G0 F7200 X78.572 Y82.649
G1 F1800 X75.436 Y85.784 E0.07374
G0 F7200 X75.719 Y86.067
G1 F1800 X78.69 Y83.096 E0.06987
G0 F7200 X78.809 Y83.543
G1 F1800 X76.002 Y86.35 E0.06602
G0 F7200 X76.285 Y86.633
G1 F1800 X78.928 Y83.989 E0.06217
G0 F7200 X79.151 Y84.332
G1 F1800 X76.568 Y86.915 E0.06075
G0 F7200 X76.85 Y87.198
G1 F1800 X79.459 Y84.59 E0.06135
G0 F7200 X79.855 Y84.759
G1 F1800 X77.133 Y87.481 E0.06402
G0 F7200 X77.416 Y87.764
G1 F1800 X80.301 Y84.879 E0.06785
G0 F7200 X80.747 Y84.998
G1 F1800 X77.699 Y88.047 E0.0717
G0 F7200 X77.982 Y88.33
G1 F1800 X81.194 Y85.118 E0.07554
G0 F7200 X81.64 Y85.237
G1 F1800 X78.265 Y88.613 E0.07939
G0 F7200 X78.548 Y88.895
G1 F1800 X82.087 Y85.356 E0.08323
G0 F7200 X82.635 Y85.374
G1 F1800 X78.83 Y89.178 E0.08948
G0 F7200 X79.113 Y89.461
G1 F1800 X89.462 Y79.112 E0.24339
G0 F7200 X89.18 Y78.829
G1 F1800 X85.383 Y82.625 E0.08929
G0 F7200 X85.358 Y82.085
G1 F1800 X88.897 Y78.546 E0.08323
G0 F7200 X88.614 Y78.263
G1 F1800 X85.239 Y81.638 E0.07937
G0 F7200 X85.119 Y81.192
G1 F1800 X88.331 Y77.98 E0.07554
G0 F7200 X88.048 Y77.698
G1 F1800 X85 Y80.746 E0.07168
G0 F7200 X84.88 Y80.3
G1 F1800 X87.765 Y77.415 E0.06785
G0 F7200 X87.483 Y77.132
G1 F1800 X84.761 Y79.854 E0.06402
G0 F7200 X84.591 Y79.458
G1 F1800 X87.2 Y76.849 E0.06136
G0 F7200 X86.917 Y76.566
G1 F1800 X84.332 Y79.151 E0.0608
G0 F7200 X83.988 Y78.929
G1 F1800 X86.634 Y76.283 E0.06223
G0 F7200 X86.351 Y76.001
G1 F1800 X83.541 Y78.811 E0.06609
G0 F7200 X83.094 Y78.692
G1 F1800 X86.068 Y75.718 E0.06994
G0 F7200 X85.785 Y75.435
G1 F1800 X82.647 Y78.573 E0.0738
G0 F7200 X82.2 Y78.454
G1 F1800 X85.503 Y75.152 E0.07767
G0 F7200 X85.22 Y74.869
G1 F1800 X81.754 Y78.335 E0.08152
G0 F7200 X81.307 Y78.217
G1 F1800 X84.937 Y74.586 E0.08538
G0 F7200 X84.654 Y74.303
G1 F1800 X80.496 Y78.462 E0.0978
G1 X80.426 Y78.532
G0 F7200 X78.311 Y75.555
G1 F1800 X82.109 Y71.758 E0.08931
G0 F7200 X82.391 Y72.041
G1 F1800 X72.042 Y82.39 E0.24339
G0 F7200 X72.325 Y82.673
G1 F1800 X82.674 Y72.324 E0.24339
G0 F7200 X82.957 Y72.606
G1 F1800 X72.608 Y82.956 E0.2434
G0 F7200 X72.891 Y83.238
G1 F1800 X83.24 Y72.889 E0.24339
G0 F7200 X83.523 Y73.172
G1 F1800 X73.174 Y83.521 E0.24339
G0 F7200 X73.456 Y83.804
G1 F1800 X83.806 Y73.455 E0.2434
G0 F7200 X84.088 Y73.738
G1 F1800 X73.739 Y84.087 E0.24339
G0 F7200 X74.022 Y84.37
G1 F1800 X84.371 Y74.021 E0.24339
G1 X84.441 Y73.951
G0 F7200 X81.826 Y71.475
G1 F1800 X78.285 Y75.016 E0.08328
G0 F7200 X78.166 Y74.569
G1 F1800 X81.543 Y71.192 E0.07942
G0 F7200 X81.26 Y70.909
G1 F1800 X78.045 Y74.124 E0.07561
G0 F7200 X77.925 Y73.678
G1 F1800 X80.977 Y70.627 E0.07177
G0 F7200 X80.694 Y70.344
G1 F1800 X77.805 Y73.233 E0.06794
G0 F7200 X77.685 Y72.787
G1 F1800 X80.411 Y70.061 E0.06411
G0 F7200 X80.129 Y69.778
G1 F1800 X77.516 Y72.391 E0.06145
G0 F7200 X77.256 Y72.085
G1 F1800 X79.846 Y69.495 E0.06091
G0 F7200 X79.563 Y69.212
G1 F1800 X76.912 Y71.863 E0.06235
G0 F7200 X76.467 Y71.743
G1 F1800 X79.28 Y68.929 E0.06617
G0 F7200 X78.997 Y68.647
G1 F1800 X76.02 Y71.624 E0.07001
G0 F7200 X75.574 Y71.504
G1 F1800 X78.714 Y68.364 E0.07385
G0 F7200 X78.432 Y68.081
G1 F1800 X75.129 Y71.384 E0.07768
G0 F7200 X74.682 Y71.264
G1 F1800 X78.149 Y67.798 E0.08153
G0 F7200 X77.866 Y67.515
G1 F1800 X74.237 Y71.144 E0.08535
G1 X74.167 Y71.214
G0 F7200 X73.416 Y71.399
G1 F1800 X77.583 Y67.232 E0.098
G1 X77.653 Y67.162
G0 F7200 X75.037 Y64.687
G1 F1800 X71.238 Y68.486 E0.08935
G0 F7200 X71.21 Y67.949
G1 F1800 X74.755 Y64.404 E0.08337
G0 F7200 X74.472 Y64.121
G1 F1800 X71.09 Y67.503 E0.07954
G0 F7200 X70.971 Y67.056
G1 F1800 X74.189 Y63.838 E0.07568
G0 F7200 X73.906 Y63.555
G1 F1800 X70.852 Y66.609 E0.07183
G0 F7200 X70.733 Y66.163
G1 F1800 X73.623 Y63.273 E0.06797
G0 F7200 X73.34 Y62.99
G1 F1800 X70.613 Y65.717 E0.06413
G0 F7200 X70.445 Y65.32
G1 F1800 X73.058 Y62.707 E0.06145
G0 F7200 X72.775 Y62.424
G1 F1800 X70.188 Y65.011 E0.06084
G0 F7200 X69.842 Y64.791
G1 F1800 X72.492 Y62.141 E0.06232
G0 F7200 X72.209 Y61.858
G1 F1800 X69.395 Y64.672 E0.06618
G0 F7200 X68.949 Y64.552
G1 F1800 X71.926 Y61.576 E0.07
G0 F7200 X71.643 Y61.293
G1 F1800 X68.503 Y64.433 E0.07385
G0 F7200 X68.057 Y64.313
G1 F1800 X71.361 Y61.01 E0.07769
G0 F7200 X71.078 Y60.727
G1 F1800 X67.611 Y64.194 E0.08154
G0 F7200 X67.165 Y64.074
G1 F1800 X70.795 Y60.444 E0.08537
G0 F7200 X70.512 Y60.161
G1 F1800 X66.337 Y64.336 E0.09819
G1 X66.267 Y64.406
G0 F7200 X64.171 Y61.412
G1 F1800 X67.966 Y57.616 E0.08926
G0 F7200 X67.684 Y57.333
G1 F1800 X64.141 Y60.876 E0.08333
G0 F7200 X64.021 Y60.429
G1 F1800 X67.401 Y57.05 E0.07948
G0 F7200 X67.118 Y56.767
G1 F1800 X63.901 Y59.984 E0.07566
G0 F7200 X63.782 Y59.538
G1 F1800 X66.835 Y56.484 E0.07181
G0 F7200 X66.552 Y56.202
G1 F1800 X63.662 Y59.091 E0.06796
G0 F7200 X63.542 Y58.646
G1 F1800 X66.269 Y55.919 E0.06413
G0 F7200 X65.986 Y55.636
G1 F1800 X63.375 Y58.247 E0.06141
G0 F7200 X63.119 Y57.938
G1 F1800 X65.704 Y55.353 E0.0608
G0 F7200 X65.421 Y55.07
G1 F1800 X62.771 Y57.72 E0.06232
G0 F7200 X62.324 Y57.601
G1 F1800 X65.138 Y54.787 E0.06618
G0 F7200 X64.855 Y54.504
G1 F1800 X61.878 Y57.481 E0.07001
G0 F7200 X61.432 Y57.362
G1 F1800 X64.572 Y54.222 E0.07385
G0 F7200 X64.289 Y53.939
G1 F1800 X60.986 Y57.242 E0.07768
G0 F7200 X60.54 Y57.123
G1 F1800 X64.007 Y53.656 E0.08154
G0 F7200 X63.724 Y53.373
G1 F1800 X60.093 Y57.003 E0.08538
G1 X60.023 Y57.073
G0 F7200 X59.271 Y57.26
G1 F1800 X63.441 Y53.09 E0.09807
G1 X63.511 Y53.02
G0 F7200 X60.895 Y50.545
G1 F1800 X57.099 Y54.341 E0.08928
G0 F7200 X57.073 Y53.801
G1 F1800 X60.612 Y50.262 E0.08323
G0 F7200 X60.33 Y49.979
G1 F1800 X56.955 Y53.354 E0.07937
G0 F7200 X56.835 Y52.908
G1 F1800 X60.047 Y49.696 E0.07554
G0 F7200 X59.764 Y49.413
G1 F1800 X56.716 Y52.462 E0.0717
G0 F7200 X56.596 Y52.015
G1 F1800 X59.481 Y49.13 E0.06785
G0 F7200 X59.198 Y48.848
G1 F1800 X56.477 Y51.569 E0.06399
G0 F7200 X56.306 Y51.174
G1 F1800 X58.915 Y48.565 E0.06136
G0 F7200 X58.633 Y48.282
G1 F1800 X56.047 Y50.867 E0.06081
G0 F7200 X55.703 Y50.646
G1 F1800 X58.35 Y47.999 E0.06225
G0 F7200 X58.067 Y47.716
G1 F1800 X55.256 Y50.527 E0.06611
G0 F7200 X54.81 Y50.408
G1 F1800 X57.784 Y47.433 E0.06996
G0 F7200 X57.501 Y47.151
G1 F1800 X54.363 Y50.289 E0.0738
G0 F7200 X53.916 Y50.17
G1 F1800 X57.218 Y46.868 E0.07766
G0 F7200 X56.936 Y46.585
G1 F1800 X53.469 Y50.051 E0.08153
G0 F7200 X53.022 Y49.932
G1 F1800 X56.653 Y46.302 E0.08538
G0 F7200 X56.37 Y46.019
G1 F1800 X52.204 Y50.185 E0.09798
G1 X52.134 Y50.255
G0 F7200 X50.027 Y47.271
G1 F1800 X53.824 Y43.474 E0.0893
G0 F7200 X54.107 Y43.756
G1 F1800 X43.757 Y54.106 E0.24342
G0 F7200 X44.04 Y54.389
G1 F1800 X54.39 Y44.039 E0.24342
G0 F7200 X54.673 Y44.322
G1 F1800 X44.323 Y54.672 E0.24342
G0 F7200 X44.606 Y54.955
G1 F1800 X54.956 Y44.605 E0.24342
G0 F7200 X55.238 Y44.888
G1 F1800 X44.889 Y55.238 E0.2434
G0 F7200 X45.171 Y55.521
G1 F1800 X55.521 Y45.171 E0.24342
G0 F7200 X55.804 Y45.454
G1 F1800 X45.454 Y55.803 E0.2434
G0 F7200 X45.737 Y56.086
G1 F1800 X56.087 Y45.736 E0.24342
G1 X56.157 Y45.666
G0 F7200 X53.541 Y43.191
G1 F1800 X50.002 Y46.731 E0.08324
G0 F7200 X49.881 Y46.285
G1 F1800 X53.259 Y42.908 E0.07943
G0 F7200 X52.976 Y42.625
G1 F1800 X49.761 Y45.84 E0.07561
G0 F7200 X49.641 Y45.394
G1 F1800 X52.693 Y42.342 E0.07178
G0 F7200 X52.41 Y42.059
G1 F1800 X49.521 Y44.949 E0.06796
G0 F7200 X49.401 Y44.502
G1 F1800 X52.127 Y41.777 E0.0641
G0 F7200 X51.844 Y41.494
G1 F1800 X49.232 Y44.106 E0.06143
G0 F7200 X48.972 Y43.8
G1 F1800 X51.562 Y41.211 E0.0609
G0 F7200 X51.279 Y40.928
G1 F1800 X48.628 Y43.579 E0.06235
G0 F7200 X48.182 Y43.459
G1 F1800 X50.996 Y40.645 E0.06618
G0 F7200 X50.713 Y40.362
G1 F1800 X47.736 Y43.339 E0.07001
G0 F7200 X47.29 Y43.22
G1 F1800 X50.43 Y40.08 E0.07385
G0 F7200 X50.147 Y39.797
G1 F1800 X46.844 Y43.1 E0.07768
G0 F7200 X46.398 Y42.98
G1 F1800 X49.864 Y39.514 E0.08152
G0 F7200 X49.582 Y39.231
G1 F1800 X45.953 Y42.86 E0.08535
G1 X45.883 Y42.93
G0 F7200 X45.15 Y43.097
G1 F1800 X49.299 Y38.948 E0.09758
G1 X49.369 Y38.878
G0 F7200 X68.249 Y57.899
G1 F1800 X57.899 Y68.249 E0.24342
G0 F7200 X58.182 Y68.531
G1 F1800 X68.532 Y58.181 E0.24342
G0 F7200 X68.815 Y58.464
G1 F1800 X58.465 Y68.814 E0.24342
G0 F7200 X58.749 Y69.096
G1 F1800 X69.098 Y58.747 E0.24339
G0 F7200 X69.381 Y59.03
G1 F1800 X59.031 Y69.379 E0.2434
G0 F7200 X59.314 Y69.662
G1 F1800 X69.663 Y59.313 E0.24339
G0 F7200 X69.946 Y59.596
G1 F1800 X59.597 Y69.945 E0.24339
G0 F7200 X59.88 Y70.228
G1 F1800 X70.229 Y59.879 E0.24339
G1 X70.299 Y59.809
G0 F7200 X89.745 Y79.395
G1 F1800 X79.396 Y89.744 E0.24339
G0 F7200 X79.679 Y90.027
G1 F1800 X90.028 Y79.677 E0.2434
G0 F7200 X90.311 Y79.96
G1 F1800 X79.962 Y90.31 E0.2434
G0 F7200 X80.245 Y90.592
G1 F1800 X90.594 Y80.243 E0.24339
G0 F7200 X90.877 Y80.526
G1 F1800 X80.527 Y90.875 E0.2434
G0 F7200 X80.81 Y91.158
G1 F1800 X91.159 Y80.809 E0.24339
G0 F7200 X91.442 Y81.092
G1 F1800 X81.093 Y91.441 E0.24339
G0 F7200 X81.376 Y91.724
G1 F1800 X85.514 Y87.586 E0.09732
G1 X85.584 Y87.516
G0 F7200 X85.286 Y88.379
G1 F1800 X81.659 Y92.007 E0.08531
G0 F7200 X81.942 Y92.289
G1 F1800 X85.405 Y88.826 E0.08144
G0 F7200 X85.525 Y89.272
G1 F1800 X82.224 Y92.572 E0.07762
G0 F7200 X82.507 Y92.855
G1 F1800 X85.643 Y89.719 E0.07375
G0 F7200 X85.762 Y90.166
G1 F1800 X82.79 Y93.138 E0.0699
G0 F7200 X83.073 Y93.421
G1 F1800 X85.881 Y90.613 E0.06604
G0 F7200 X86 Y91.06
G1 F1800 X83.356 Y93.704 E0.06218
G0 F7200 X83.639 Y93.987
G1 F1800 X86.222 Y91.403 E0.06076
G0 F7200 X86.53 Y91.661
G1 F1800 X83.922 Y94.269 E0.06134
G0 F7200 X84.204 Y94.552
G1 F1800 X86.925 Y91.831 E0.06399
G0 F7200 X87.372 Y91.95
G1 F1800 X84.487 Y94.835 E0.06785
G0 F7200 X84.77 Y95.118
G1 F1800 X87.819 Y92.069 E0.07171
G0 F7200 X88.266 Y92.188
G1 F1800 X85.053 Y95.401 E0.07556
G0 F7200 X85.336 Y95.684
G1 F1800 X88.713 Y92.306 E0.07943
G0 F7200 X89.16 Y92.425
G1 F1800 X85.619 Y95.966 E0.08328
G0 F7200 X85.901 Y96.249
G1 F1800 X89.688 Y92.463 E0.08905
G0 F7200 X90.081 Y92.635
G1 F1800 X86.184 Y96.532 E0.09165
G1 X86.114 Y96.602
G0 F7200 X92.632 Y90.084
G1 F1800 X96.534 Y86.183 E0.09176
G0 F7200 X96.251 Y85.9
G1 F1800 X92.464 Y89.687 E0.08906
G0 F7200 X92.426 Y89.159
G1 F1800 X95.968 Y85.617 E0.0833
G0 F7200 X95.685 Y85.334
G1 F1800 X92.307 Y88.712 E0.07945
G0 F7200 X92.188 Y88.265
G1 F1800 X95.402 Y85.052 E0.07558
G0 F7200 X95.119 Y84.769
G1 F1800 X92.07 Y87.818 E0.07171
G0 F7200 X91.951 Y87.372
G1 F1800 X94.836 Y84.486 E0.06786
G0 F7200 X94.554 Y84.203
G1 F1800 X91.832 Y86.925 E0.06402
G0 F7200 X91.662 Y86.529
G1 F1800 X94.271 Y83.92 E0.06136
G0 F7200 X93.988 Y83.637
G1 F1800 X91.403 Y86.222 E0.0608
G0 F7200 X91.059 Y86
G1 F1800 X93.705 Y83.354 E0.06223
G0 F7200 X93.422 Y83.072
G1 F1800 X90.612 Y85.882 E0.06609
G0 F7200 X90.165 Y85.763
G1 F1800 X93.139 Y82.789 E0.06994
G0 F7200 X92.857 Y82.506
G1 F1800 X89.718 Y85.644 E0.07381
G0 F7200 X89.272 Y85.525
G1 F1800 X92.574 Y82.223 E0.07766
G0 F7200 X92.291 Y81.94
G1 F1800 X88.825 Y85.406 E0.08152
G0 F7200 X88.378 Y85.288
G1 F1800 X92.008 Y81.657 E0.08538
G0 F7200 X91.725 Y81.375
G1 F1800 X87.556 Y85.544 E0.09805
G1 X87.486 Y85.614
G0 F7200 X87.442 Y85.569
;MESH:NONMESH
G0 F600 X87.442 Y85.569 Z1.9
G0 F7200 X84.277 Y79.363
G0 X55.992 Y51.079
G0 X48.571 Y48.621
G0 X47.364 Y49.82
G0 X44.008 Y48.921
G0 X15.723 Y20.637
G0 X12.361 Y14.204
G0 X12.138 Y13.98
;TIME_ELAPSED:2445.108424
;LAYER:16
;TYPE:WALL-INNER
;MESH:bodyNW.stl
G1 F3600 X11.924 Y14.096 E0.00405
G1 X11.69 Y14.125 E0.00392
G1 X9.081 Y13.428 E0.04491
G1 X8.916 Y13.301 E0.00346
G1 X8.787 Y13.134 E0.00351
G1 X8.112 Y10.616 E0.04335
G1 X8.106 Y10.327 E0.00481
G1 X8.21 Y10.092 E0.00427
G1 X10.035 Y8.267 E0.04292
G1 X10.327 Y8.106 E0.00555
G1 X10.616 Y8.112 E0.00481
G1 X13.131 Y8.787 E0.0433
G1 X13.301 Y8.915 E0.00354
G1 X13.429 Y9.082 E0.0035
G1 X14.125 Y11.694 E0.04495
G1 X14.096 Y11.928 E0.00392
G1 X13.944 Y12.181 E0.00491
G1 X12.138 Y13.98 E0.04239
G0 F7200 X12.361 Y14.204
G0 X15.723 Y20.637
G0 X19.079 Y21.536
G0 X19.212 Y21.051
G1 F3600 X18.996 Y21.168 E0.00409
G1 X18.762 Y21.197 E0.00392
G1 X16.15 Y20.501 E0.04495
G1 X15.983 Y20.373 E0.0035
G1 X15.855 Y20.206 E0.0035
G1 X15.159 Y17.594 E0.04495
G1 X15.188 Y17.36 E0.00392
G1 X15.304 Y17.146 E0.00405
G1 X17.103 Y15.343 E0.04236
G1 X17.357 Y15.192 E0.00491
G1 X17.591 Y15.163 E0.00392
G1 X20.206 Y15.86 E0.04501
G1 X20.372 Y15.987 E0.00348
G1 X20.5 Y16.153 E0.00349
G1 X21.197 Y18.762 E0.04491
G1 X21.167 Y18.996 E0.00392
G1 X21.017 Y19.249 E0.00489
G1 X19.212 Y21.051 E0.04242
G0 F7200 X19.434 Y21.273
G0 X22.791 Y27.708
G0 X26.15 Y28.607
G0 X26.282 Y28.124
G1 F3600 X26.068 Y28.24 E0.00405
G1 X25.834 Y28.269 E0.00392
G1 X23.224 Y27.573 E0.04492
G1 X23.054 Y27.444 E0.00355
G1 X22.926 Y27.275 E0.00353
G1 X22.263 Y24.745 E0.04349
G1 X22.246 Y24.532 E0.00355
G1 X22.335 Y24.255 E0.00484
G1 X24.169 Y22.417 E0.04318
G1 X24.423 Y22.268 E0.0049
G1 X24.655 Y22.239 E0.00389
G1 X27.275 Y22.926 E0.04504
G1 X27.445 Y23.055 E0.00355
G1 X27.573 Y23.223 E0.00351
G1 X28.269 Y25.834 E0.04494
G1 X28.24 Y26.068 E0.00392
G1 X28.089 Y26.321 E0.0049
G1 X26.282 Y28.124 E0.04245
G0 F7200 X26.503 Y28.346
G0 X29.866 Y34.779
G0 X33.221 Y35.678
G0 X33.356 Y35.195
G1 F3600 X33.14 Y35.312 E0.00409
G1 X32.905 Y35.341 E0.00394
G1 X30.297 Y34.641 E0.04491
G1 X30.127 Y34.513 E0.00354
G1 X30 Y34.346 E0.00349
G1 X29.303 Y31.738 E0.04489
G1 X29.332 Y31.504 E0.00392
G1 X29.448 Y31.29 E0.00405
G1 X31.251 Y29.483 E0.04245
G1 X31.504 Y29.332 E0.0049
G1 X31.738 Y29.303 E0.00392
G1 X34.347 Y30 E0.04491
G1 X34.512 Y30.127 E0.00346
G1 X34.641 Y30.294 E0.00351
G1 X35.341 Y32.905 E0.04495
G1 X35.312 Y33.14 E0.00394
G1 X35.16 Y33.394 E0.00492
G1 X33.356 Y35.195 E0.04239
G0 F7200 X33.576 Y35.415
G0 X36.935 Y41.852
G0 X40.303 Y42.74
G0 X40.433 Y42.261
G1 F3600 X40.218 Y42.376 E0.00405
G1 X39.984 Y42.405 E0.00392
G1 X37.37 Y41.715 E0.04496
G1 X37.199 Y41.585 E0.00357
G1 X37.07 Y41.414 E0.00356
G1 X36.407 Y38.889 E0.04341
G1 X36.39 Y38.676 E0.00355
G1 X36.479 Y38.399 E0.00484
G1 X38.319 Y36.555 E0.04332
G1 X38.573 Y36.404 E0.00491
G1 X38.807 Y36.375 E0.00392
G1 X41.419 Y37.072 E0.04496
G1 X41.584 Y37.199 E0.00346
G1 X41.712 Y37.365 E0.00349
G1 X42.409 Y39.974 E0.04491
G1 X42.38 Y40.207 E0.0039
G1 X42.226 Y40.464 E0.00498
G1 X40.433 Y42.261 E0.04222
G0 F7200 X40.653 Y42.482
G0 X44.008 Y48.921
G0 X47.364 Y49.82
G0 X47.494 Y49.336
G1 F3600 X47.28 Y49.452 E0.00405
G1 X47.046 Y49.481 E0.00392
G1 X44.437 Y48.784 E0.04491
G1 X44.272 Y48.657 E0.00346
G1 X44.143 Y48.49 E0.00351
G1 X43.443 Y45.879 E0.04495
G1 X43.473 Y45.644 E0.00394
G1 X43.589 Y45.429 E0.00406
G1 X45.392 Y43.622 E0.04245
G1 X45.645 Y43.472 E0.00489
G1 X45.879 Y43.443 E0.00392
G1 X48.487 Y44.143 E0.04491
G1 X48.657 Y44.271 E0.00354
G1 X48.784 Y44.438 E0.00349
G1 X49.481 Y47.046 E0.04489
G1 X49.452 Y47.28 E0.00392
G1 X49.301 Y47.533 E0.0049
G1 X47.494 Y49.336 E0.04245
G0 F7200 X47.717 Y49.559
G0 X51.079 Y55.992
G0 X54.435 Y56.891
G0 X54.566 Y56.408
G1 F3600 X54.352 Y56.524 E0.00405
G1 X54.118 Y56.553 E0.00392
G1 X51.506 Y55.857 E0.04495
G1 X51.339 Y55.729 E0.0035
G1 X51.211 Y55.562 E0.0035
G1 X50.515 Y52.95 E0.04495
G1 X50.544 Y52.716 E0.00392
G1 X50.66 Y52.502 E0.00405
G1 X52.463 Y50.695 E0.04245
G1 X52.716 Y50.544 E0.0049
G1 X52.95 Y50.515 E0.00392
G1 X55.562 Y51.211 E0.04495
G1 X55.729 Y51.339 E0.0035
G1 X55.857 Y51.506 E0.0035
G1 X56.553 Y54.118 E0.04495
G1 X56.524 Y54.352 E0.00392
G1 X56.373 Y54.605 E0.0049
G1 X54.566 Y56.408 E0.04245
G0 F7200 X54.788 Y56.63
G0 X58.15 Y63.063
G0 X61.506 Y63.962
G0 X61.638 Y63.48
G1 F3600 X61.424 Y63.596 E0.00405
G1 X61.189 Y63.625 E0.00394
G1 X58.581 Y62.925 E0.04491
G1 X58.411 Y62.797 E0.00354
G1 X58.284 Y62.63 E0.00349
G1 X57.587 Y60.022 E0.04489
G1 X57.616 Y59.788 E0.00392
G1 X57.732 Y59.574 E0.00405
G1 X59.535 Y57.767 E0.04245
G1 X59.788 Y57.616 E0.0049
G1 X60.022 Y57.587 E0.00392
G1 X62.631 Y58.284 E0.04491
G1 X62.796 Y58.411 E0.00346
G1 X62.925 Y58.578 E0.00351
G1 X63.625 Y61.189 E0.04495
G1 X63.596 Y61.424 E0.00394
G1 X63.445 Y61.677 E0.0049
G1 X61.638 Y63.48 E0.04245
G0 F7200 X61.859 Y63.701
G0 X65.221 Y70.134
G0 X68.577 Y71.033
G0 X68.71 Y70.548
G1 F3600 X68.495 Y70.664 E0.00406
G1 X68.261 Y70.693 E0.00392
G1 X65.649 Y69.996 E0.04496
G1 X65.484 Y69.869 E0.00346
G1 X65.356 Y69.703 E0.00349
G1 X64.659 Y67.094 E0.04491
G1 X64.688 Y66.86 E0.00392
G1 X64.804 Y66.646 E0.00405
G1 X66.607 Y64.839 E0.04245
G1 X66.86 Y64.688 E0.0049
G1 X67.094 Y64.659 E0.00392
G1 X69.702 Y65.356 E0.04489
G1 X69.869 Y65.483 E0.00349
G1 X69.997 Y65.65 E0.0035
G1 X70.693 Y68.261 E0.04494
G1 X70.664 Y68.495 E0.00392
G1 X70.513 Y68.749 E0.00491
G1 X68.71 Y70.548 E0.04236
G0 F7200 X68.932 Y70.77
G0 X72.292 Y77.209
G0 X75.658 Y78.095
G0 X75.789 Y77.613
G1 F3600 X75.573 Y77.728 E0.00407
G1 X75.341 Y77.757 E0.00389
G1 X72.725 Y77.07 E0.04498
G1 X72.555 Y76.941 E0.00355
G1 X72.427 Y76.773 E0.00351
G1 X71.727 Y74.163 E0.04494
G1 X71.756 Y73.928 E0.00394
G1 X71.872 Y73.713 E0.00406
G1 X73.675 Y71.908 E0.04243
G1 X73.928 Y71.756 E0.00491
G1 X74.163 Y71.727 E0.00394
G1 X76.771 Y72.427 E0.04491
G1 X76.941 Y72.555 E0.00354
G1 X77.068 Y72.722 E0.00349
G1 X77.765 Y75.33 E0.04489
G1 X77.736 Y75.564 E0.00392
G1 X77.583 Y75.818 E0.00493
G1 X75.789 Y77.613 E0.0422
G0 F7200 X76.01 Y77.835
G0 X79.363 Y84.277
G0 X82.719 Y85.176
G0 X82.85 Y84.692
G1 F3600 X82.636 Y84.808 E0.00405
G1 X82.402 Y84.837 E0.00392
G1 X79.79 Y84.141 E0.04495
G1 X79.623 Y84.013 E0.0035
G1 X79.495 Y83.846 E0.0035
G1 X78.799 Y81.233 E0.04497
G1 X78.829 Y81 E0.00391
G1 X78.945 Y80.784 E0.00408
G1 X80.747 Y78.979 E0.04242
G1 X81 Y78.828 E0.0049
G1 X81.234 Y78.799 E0.00392
G1 X83.846 Y79.495 E0.04495
G1 X84.013 Y79.623 E0.0035
G1 X84.141 Y79.79 E0.0035
G1 X84.837 Y82.402 E0.04495
G1 X84.808 Y82.636 E0.00392
G1 X84.657 Y82.889 E0.0049
G1 X82.85 Y84.692 E0.04245
G0 F7200 X83.072 Y84.915
G0 X86.434 Y91.348
G0 X89.79 Y92.247
G0 X89.961 Y91.729
G1 F3600 X89.67 Y91.889 E0.00552
G1 X89.381 Y91.884 E0.00481
G1 X86.862 Y91.213 E0.04335
G1 X86.695 Y91.085 E0.0035
G1 X86.567 Y90.918 E0.0035
G1 X85.871 Y88.306 E0.04495
G1 X85.9 Y88.072 E0.00392
G1 X86.016 Y87.858 E0.00405
G1 X87.819 Y86.051 E0.04245
G1 X88.072 Y85.9 E0.0049
G1 X88.306 Y85.871 E0.00392
G1 X90.918 Y86.567 E0.04495
G1 X91.085 Y86.695 E0.0035
G1 X91.213 Y86.862 E0.0035
G1 X91.884 Y89.381 E0.04335
G1 X91.89 Y89.67 E0.00481
G1 X91.784 Y89.906 E0.0043
G1 X89.961 Y91.729 E0.04287
G0 F7200 X90.18 Y91.949
G0 X86.416 Y97.191
G0 X86.416 Y97.587
G1 F3600 X97.587 Y86.416 E0.26272
G1 X13.584 Y2.413 E1.97562
G1 X2.413 Y13.584 E0.26272
G1 X86.416 Y97.587 E1.97562
G0 F7200 X86.416 Y98.153
;TYPE:WALL-OUTER
G1 F1800 X98.153 Y86.416 E0.27604
G1 X13.584 Y1.847 E1.98893
G1 X1.847 Y13.584 E0.27604
G1 X86.416 Y98.153 E1.98893
G0 F7200 X86.557 Y98.012
G0 X86.416 Y97.191
G0 X90.18 Y91.949
G0 X89.678 Y91.446
G1 F1800 X89.55 Y91.516 E0.00243
G1 X87.035 Y90.845 E0.04329
G1 X86.926 Y90.712 E0.00286
G1 X86.282 Y88.296 E0.04158
G1 X86.322 Y88.115 E0.00308
G1 X88.126 Y86.31 E0.04244
G1 X88.252 Y86.276 E0.00217
G1 X90.745 Y86.935 E0.04288
G1 X90.854 Y87.068 E0.00286
G1 X91.498 Y89.484 E0.04158
G1 X91.468 Y89.651 E0.00282
G1 X89.678 Y91.446 E0.04216
G0 F7200 X89.55 Y91.516
G0 X89.498 Y91.503
G0 X89.315 Y92.187
G0 X86.434 Y91.348
G0 X83.097 Y84.89
G0 X82.593 Y84.386
G1 F1800 X82.456 Y84.432 E0.0024
G1 X79.963 Y83.773 E0.04288
G1 X79.854 Y83.64 E0.00286
G1 X79.197 Y81.176 E0.04241
G1 X79.234 Y81.059 E0.00204
G1 X81.054 Y79.238 E0.04282
G1 X81.18 Y79.204 E0.00217
G1 X83.673 Y79.863 E0.04288
G1 X83.782 Y79.996 E0.00286
G1 X84.439 Y82.46 E0.04241
G1 X84.401 Y82.579 E0.00208
G1 X82.593 Y84.386 E0.04251
G0 F7200 X82.456 Y84.432
G0 X82.403 Y84.418
G0 X82.218 Y85.109
G0 X79.363 Y84.277
G0 X76.036 Y77.809
G0 X75.533 Y77.306
G1 F1800 X75.406 Y77.36 E0.0023
G1 X72.894 Y76.701 E0.04319
G1 X72.786 Y76.568 E0.00285
G1 X72.138 Y74.152 E0.0416
G1 X72.178 Y73.971 E0.00308
G1 X73.982 Y72.166 E0.04244
G1 X74.108 Y72.132 E0.00217
G1 X76.601 Y72.795 E0.0429
G1 X76.71 Y72.928 E0.00286
G1 X77.367 Y75.388 E0.04234
G1 X77.329 Y75.507 E0.00208
G1 X75.533 Y77.306 E0.04227
G0 F7200 X75.406 Y77.36
G0 X75.347 Y77.345
G0 X75.166 Y78.032
G0 X72.292 Y77.209
G0 X68.956 Y70.746
G0 X68.453 Y70.242
G1 F1800 X68.315 Y70.288 E0.00242
G1 X65.823 Y69.629 E0.04287
G1 X65.714 Y69.496 E0.00286
G1 X65.07 Y67.084 E0.04152
G1 X65.11 Y66.903 E0.00308
G1 X66.914 Y65.098 E0.04244
G1 X67.04 Y65.064 E0.00217
G1 X69.529 Y65.723 E0.04282
G1 X69.638 Y65.856 E0.00286
G1 X70.288 Y68.315 E0.0423
G1 X70.23 Y68.466 E0.00269
G1 X68.453 Y70.242 E0.04178
G0 F7200 X68.315 Y70.288
G0 X68.262 Y70.274
G0 X68.077 Y70.966
G0 X65.221 Y70.134
G0 X61.883 Y63.677
G0 X61.381 Y63.174
G1 F1800 X61.244 Y63.22 E0.0024
G1 X58.751 Y62.557 E0.0429
G1 X58.642 Y62.424 E0.00286
G1 X57.998 Y60.012 E0.04152
G1 X58.038 Y59.831 E0.00308
G1 X59.842 Y58.026 E0.04244
G1 X59.968 Y57.992 E0.00217
G1 X62.457 Y58.651 E0.04282
G1 X62.566 Y58.784 E0.00286
G1 X63.227 Y61.248 E0.04243
G1 X63.189 Y61.367 E0.00208
G1 X61.381 Y63.174 E0.04251
G0 F7200 X61.244 Y63.22
G0 X61.191 Y63.206
G0 X61.006 Y63.895
G0 X58.15 Y63.063
G0 X54.812 Y56.606
G0 X54.309 Y56.102
G1 F1800 X54.172 Y56.148 E0.0024
G1 X51.679 Y55.489 E0.04288
G1 X51.57 Y55.356 E0.00286
G1 X50.926 Y52.94 E0.04158
G1 X50.966 Y52.759 E0.00308
G1 X52.77 Y50.954 E0.04244
G1 X52.896 Y50.92 E0.00217
G1 X55.389 Y51.579 E0.04288
G1 X55.498 Y51.712 E0.00286
G1 X56.155 Y54.176 E0.04241
G1 X56.117 Y54.295 E0.00208
G1 X54.309 Y56.102 E0.04251
G0 F7200 X54.172 Y56.148
G0 X54.119 Y56.134
G0 X53.934 Y56.824
G0 X51.079 Y55.992
G0 X47.741 Y49.535
G0 X47.237 Y49.03
G1 F1800 X47.1 Y49.076 E0.0024
G1 X44.611 Y48.417 E0.04282
G1 X44.502 Y48.284 E0.00286
G1 X43.841 Y45.82 E0.04243
G1 X43.879 Y45.701 E0.00208
G1 X45.699 Y43.881 E0.0428
G1 X45.824 Y43.848 E0.00215
G1 X48.317 Y44.511 E0.0429
G1 X48.426 Y44.644 E0.00286
G1 X49.083 Y47.104 E0.04234
G1 X49.045 Y47.223 E0.00208
G1 X47.237 Y49.03 E0.04251
G0 F7200 X47.1 Y49.076
G0 X47.047 Y49.062
G0 X46.862 Y49.753
G0 X44.008 Y48.921
G0 X40.679 Y42.456
G0 X40.177 Y41.954
G1 F1800 X40.039 Y42 E0.00242
G1 X37.572 Y41.354 E0.04241
G1 X37.482 Y41.302 E0.00173
G1 X37.43 Y41.211 E0.00174
G1 X36.78 Y38.734 E0.04259
G1 X36.834 Y38.607 E0.0023
G1 X38.627 Y36.813 E0.04218
G1 X38.753 Y36.78 E0.00217
G1 X41.245 Y37.439 E0.04287
G1 X41.354 Y37.572 E0.00286
G1 X42.011 Y40.032 E0.04234
G1 X41.973 Y40.15 E0.00206
G1 X40.177 Y41.954 E0.04233
G0 F7200 X40.039 Y42
G0 X39.986 Y41.987
G0 X39.804 Y42.675
G0 X36.935 Y41.852
G0 X33.6 Y35.391
G0 X33.098 Y34.889
G1 F1800 X32.96 Y34.936 E0.00242
G1 X30.467 Y34.273 E0.0429
G1 X30.358 Y34.14 E0.00286
G1 X29.714 Y31.728 E0.04152
G1 X29.754 Y31.547 E0.00308
G1 X31.558 Y29.742 E0.04244
G1 X31.684 Y29.708 E0.00217
G1 X34.173 Y30.367 E0.04282
G1 X34.282 Y30.5 E0.00286
G1 X34.943 Y32.964 E0.04243
G1 X34.905 Y33.083 E0.00208
G1 X33.098 Y34.889 E0.04249
G0 F7200 X32.96 Y34.936
G0 X32.908 Y34.923
G0 X32.724 Y35.612
G0 X29.866 Y34.779
G0 X26.528 Y28.321
G0 X26.025 Y27.818
G1 F1800 X25.888 Y27.864 E0.0024
G1 X23.395 Y27.205 E0.04288
G1 X23.295 Y27.106 E0.00234
G1 X22.636 Y24.59 E0.04325
G1 X22.69 Y24.463 E0.0023
G1 X24.477 Y22.675 E0.04204
G1 X24.593 Y22.637 E0.00203
G1 X27.106 Y23.295 E0.0432
G1 X27.214 Y23.428 E0.00285
G1 X27.871 Y25.892 E0.04241
G1 X27.833 Y26.011 E0.00208
G1 X26.025 Y27.818 E0.04251
G0 F7200 X25.888 Y27.864
G0 X25.835 Y27.85
G0 X25.65 Y28.54
G0 X22.791 Y27.708
G0 X19.458 Y21.249
G0 X18.954 Y20.745
G1 F1800 X18.816 Y20.792 E0.00242
G1 X16.323 Y20.133 E0.04288
G1 X16.214 Y20 E0.00286
G1 X15.57 Y17.584 E0.04158
G1 X15.61 Y17.403 E0.00308
G1 X17.411 Y15.601 E0.04237
G1 X17.537 Y15.568 E0.00217
G1 X20.033 Y16.227 E0.04293
G1 X20.142 Y16.36 E0.00286
G1 X20.799 Y18.82 E0.04234
G1 X20.761 Y18.939 E0.00208
G1 X18.954 Y20.745 E0.04249
G0 F7200 X18.816 Y20.792
G0 X18.764 Y20.779
G0 X18.579 Y21.469
G0 X15.723 Y20.637
G0 X12.385 Y14.18
G0 X11.881 Y13.674
G1 F1800 X11.744 Y13.72 E0.0024
G1 X9.255 Y13.061 E0.04282
G1 X9.146 Y12.928 E0.00286
G1 X8.498 Y10.512 E0.0416
G1 X8.528 Y10.345 E0.00282
G1 X10.318 Y8.55 E0.04216
G1 X10.444 Y8.48 E0.0024
G1 X12.962 Y9.155 E0.04335
G1 X13.07 Y9.288 E0.00285
G1 X13.727 Y11.752 E0.04241
G1 X13.689 Y11.871 E0.00208
G1 X11.881 Y13.674 E0.04246
G0 F7200 X11.744 Y13.72
G0 X11.691 Y13.706
G0 X11.506 Y14.397
G0 X15.723 Y20.637
G0 X86.416 Y97.045
;TYPE:SKIN
G1 F1800 X2.951 Y13.584 E1.96292
G1 X13.584 Y2.951 E0.25007
G1 X97.049 Y86.416 E1.96297
G1 X86.416 Y97.045 E0.25002
G0 F7200 X92.506 Y90.307
G1 F1437.1 X92.456 Y90.376 E0.00177
G1 F1478.4 X90.493 Y92.34 E0.05622
G1 F1398.1 X90.308 Y92.484 E0.00502
G0 F7200 X89.807 Y92.238
G1 F1800 X90.23 Y91.99 E0.00815
G1 X92.07 Y90.154 E0.04323
G1 X92.247 Y89.79 E0.00673
G1 X92.25 Y89.276 E0.00855
G1 X91.574 Y86.736 E0.04371
G1 X91.354 Y86.426 E0.00632
G1 X91.077 Y86.212 E0.00582
G1 X88.334 Y85.488 E0.04718
G1 X87.958 Y85.537 E0.00631
G1 X87.569 Y85.765 E0.0075
G1 X85.722 Y87.611 E0.04343
G1 X85.536 Y87.962 E0.00661
G1 X85.494 Y88.38 E0.00699
G1 X86.202 Y91.04 E0.04578
G1 X86.426 Y91.354 E0.00641
G1 X86.736 Y91.574 E0.00632
G1 X89.276 Y92.25 E0.04371
G1 X89.807 Y92.238 E0.00883
G0 F7200 X89.805 Y92.305
G0 X86.434 Y91.348
G0 X82.734 Y85.234
G0 X82.742 Y85.172
G1 F1800 X83.093 Y84.982 E0.00664
G1 X84.943 Y83.139 E0.04343
G1 X85.167 Y82.746 E0.00752
G1 X85.222 Y82.355 E0.00657
G1 X84.502 Y79.664 E0.04633
G1 X84.282 Y79.354 E0.00632
G1 X84.005 Y79.14 E0.00582
G1 X81.262 Y78.416 E0.04718
G1 X80.884 Y78.466 E0.00634
G1 X80.478 Y78.71 E0.00788
G1 X78.647 Y80.544 E0.0431
G1 X78.46 Y80.889 E0.00653
G1 X78.414 Y81.274 E0.00645
G1 X79.13 Y83.968 E0.04636
G1 X79.354 Y84.282 E0.00641
G1 X79.664 Y84.502 E0.00632
G1 X82.328 Y85.214 E0.04586
G1 X82.742 Y85.172 E0.00692
G0 F7200 X82.734 Y85.234
G0 X79.363 Y84.277
G0 X75.674 Y78.153
G0 X75.681 Y78.092
G1 F1800 X76.033 Y77.902 E0.00665
G1 X77.866 Y76.067 E0.04313
G1 X78.095 Y75.679 E0.00749
G1 X78.142 Y75.251 E0.00716
G1 X77.426 Y72.595 E0.04575
G1 X77.206 Y72.286 E0.00631
G1 X76.938 Y72.076 E0.00566
G1 X74.202 Y71.342 E0.04711
G1 X73.849 Y71.385 E0.00591
G1 X73.421 Y71.621 E0.00813
G1 X71.582 Y73.467 E0.04333
G1 X71.388 Y73.819 E0.00668
G1 X71.342 Y74.202 E0.00642
G1 X72.066 Y76.896 E0.04639
G1 X72.286 Y77.21 E0.00638
G1 X72.559 Y77.42 E0.00573
G1 X75.314 Y78.136 E0.04734
G1 X75.681 Y78.092 E0.00615
G0 F7200 X75.674 Y78.153
G0 X72.292 Y77.209
G0 X68.592 Y71.091
G0 X68.601 Y71.028
G1 F1800 X68.953 Y70.842 E0.00662
G1 X70.799 Y68.999 E0.04338
G1 X71.023 Y68.605 E0.00754
G1 X71.072 Y68.234 E0.00622
G1 X70.354 Y65.524 E0.04662
G1 X70.134 Y65.21 E0.00638
G1 X69.828 Y64.994 E0.00623
G1 X67.138 Y64.274 E0.04631
G1 X66.707 Y64.342 E0.00726
G1 X66.357 Y64.553 E0.0068
G1 X64.51 Y66.399 E0.04343
G1 X64.324 Y66.75 E0.00661
G1 X64.282 Y67.168 E0.00699
G1 X64.994 Y69.828 E0.04579
G1 X65.214 Y70.138 E0.00632
G1 X65.487 Y70.348 E0.00573
G1 X68.234 Y71.072 E0.04724
G1 X68.601 Y71.028 E0.00615
G0 F7200 X68.592 Y71.091
G0 X65.221 Y70.134
G0 X61.521 Y64.02
G0 X61.53 Y63.96
G1 F1800 X61.881 Y63.77 E0.00664
G1 X63.731 Y61.927 E0.04343
G1 X63.955 Y61.533 E0.00754
G1 X64.006 Y61.146 E0.00649
G1 X63.282 Y58.448 E0.04646
G1 X63.066 Y58.138 E0.00628
G1 X62.756 Y57.922 E0.00628
G1 X60.05 Y57.204 E0.04656
G1 X59.674 Y57.253 E0.00631
G1 X59.285 Y57.481 E0.0075
G1 X57.438 Y59.327 E0.04343
G1 X57.252 Y59.678 E0.00661
G1 X57.21 Y60.096 E0.00699
G1 X57.922 Y62.756 E0.04579
G1 X58.142 Y63.066 E0.00632
G1 X58.448 Y63.282 E0.00623
G1 X61.146 Y64.006 E0.04646
G1 X61.53 Y63.96 E0.00643
G0 F7200 X61.521 Y64.02
G0 X58.15 Y63.063
G0 X54.45 Y56.949
G0 X54.458 Y56.888
G1 F1800 X54.809 Y56.698 E0.00664
G1 X56.659 Y54.855 E0.04343
G1 X56.883 Y54.462 E0.00752
G1 X56.938 Y54.071 E0.00657
G1 X56.218 Y51.38 E0.04633
G1 X55.998 Y51.07 E0.00632
G1 X55.721 Y50.856 E0.00582
G1 X52.978 Y50.132 E0.04718
G1 X52.602 Y50.181 E0.00631
G1 X52.213 Y50.409 E0.0075
G1 X50.366 Y52.255 E0.04343
G1 X50.18 Y52.606 E0.00661
G1 X50.138 Y53.024 E0.00699
G1 X50.846 Y55.684 E0.04578
G1 X51.09 Y56.016 E0.00685
G1 X51.38 Y56.218 E0.00588
G1 X54.044 Y56.93 E0.04586
G1 X54.458 Y56.888 E0.00692
G0 F7200 X54.45 Y56.949
G0 X51.079 Y55.992
G0 X47.379 Y49.878
G0 X47.386 Y49.816
G1 F1800 X47.737 Y49.626 E0.00664
G1 X49.587 Y47.783 E0.04343
G1 X49.811 Y47.39 E0.00752
G1 X49.866 Y46.998 E0.00658
G1 X49.142 Y44.311 E0.04628
G1 X48.922 Y44.002 E0.00631
G1 X48.654 Y43.792 E0.00566
G1 X45.918 Y43.058 E0.04711
G1 X45.53 Y43.109 E0.00651
G1 X45.141 Y43.333 E0.00746
G1 X43.291 Y45.192 E0.04362
G1 X43.104 Y45.534 E0.00648
G1 X43.058 Y45.918 E0.00643
G1 X43.782 Y48.616 E0.04646
G1 X44.002 Y48.926 E0.00632
G1 X44.312 Y49.142 E0.00628
G1 X46.972 Y49.858 E0.04581
G1 X47.386 Y49.816 E0.00692
G0 F7200 X47.379 Y49.878
G0 X44.008 Y48.921
G0 X40.319 Y42.798
G0 X40.292 Y42.747
G1 F1800 X40.677 Y42.55 E0.00719
G1 X42.515 Y40.711 E0.04324
G1 X42.743 Y40.318 E0.00756
G1 X42.786 Y39.9 E0.00699
G1 X42.07 Y37.24 E0.04581
G1 X41.854 Y36.926 E0.00634
G1 X41.54 Y36.71 E0.00634
G1 X38.834 Y35.992 E0.04656
G1 X38.458 Y36.041 E0.00631
G1 X38.069 Y36.269 E0.0075
G1 X36.234 Y38.103 E0.04314
G1 X36.044 Y38.458 E0.0067
G1 X36 Y38.823 E0.00611
G1 X36.706 Y41.539 E0.04667
G1 X36.93 Y41.854 E0.00643
G1 X37.203 Y42.064 E0.00573
G1 X39.958 Y42.784 E0.04735
G1 X40.292 Y42.747 E0.00559
G0 F7200 X40.319 Y42.798
G0 X36.935 Y41.852
G0 X33.236 Y35.736
G0 X33.247 Y35.676
G1 F1800 X33.593 Y35.491 E0.00652
G1 X35.443 Y33.643 E0.04349
G1 X35.671 Y33.25 E0.00756
G1 X35.722 Y32.862 E0.00651
G1 X34.998 Y30.164 E0.04646
G1 X34.782 Y29.854 E0.00628
G1 X34.472 Y29.638 E0.00628
G1 X31.766 Y28.92 E0.04656
G1 X31.39 Y28.969 E0.00631
G1 X31.001 Y29.197 E0.0075
G1 X29.154 Y31.043 E0.04343
G1 X28.968 Y31.394 E0.00661
G1 X28.926 Y31.812 E0.00699
G1 X29.638 Y34.472 E0.04579
G1 X29.858 Y34.782 E0.00632
G1 X30.163 Y34.998 E0.00622
G1 X32.831 Y35.718 E0.04596
G1 X33.247 Y35.676 E0.00695
G0 F7200 X33.236 Y35.736
G0 X29.866 Y34.779
G0 X26.165 Y28.665
G0 X26.174 Y28.604
G1 F1800 X26.525 Y28.414 E0.00664
G1 X28.375 Y26.571 E0.04343
G1 X28.599 Y26.178 E0.00752
G1 X28.654 Y25.787 E0.00657
G1 X27.934 Y23.096 E0.04633
G1 X27.71 Y22.782 E0.00641
G1 X27.399 Y22.566 E0.0063
G1 X24.679 Y21.856 E0.04675
G1 X24.31 Y21.905 E0.00619
G1 X23.917 Y22.129 E0.00752
G1 X22.09 Y23.959 E0.043
G1 X21.9 Y24.314 E0.0067
G1 X21.856 Y24.679 E0.00611
G1 X22.566 Y27.399 E0.04675
G1 X22.786 Y27.71 E0.00634
G1 X23.058 Y27.924 E0.00576
G1 X25.76 Y28.646 E0.04651
G1 X26.174 Y28.604 E0.00692
G0 F7200 X26.165 Y28.665
G0 X22.791 Y27.708
G0 X19.094 Y21.594
G0 X19.103 Y21.532
G1 F1800 X19.448 Y21.347 E0.00651
G1 X21.295 Y19.507 E0.04336
G1 X21.526 Y19.107 E0.00768
G1 X21.582 Y18.719 E0.00652
G1 X20.858 Y16.028 E0.04634
G1 X20.642 Y15.714 E0.00634
G1 X20.332 Y15.498 E0.00628
G1 X17.618 Y14.78 E0.04669
G1 X17.24 Y14.83 E0.00634
G1 X16.853 Y15.057 E0.00746
G1 X15.01 Y16.899 E0.04333
G1 X14.824 Y17.25 E0.00661
G1 X14.782 Y17.668 E0.00699
G1 X15.49 Y20.328 E0.04578
G1 X15.714 Y20.642 E0.00641
G1 X15.987 Y20.852 E0.00573
G1 X18.688 Y21.574 E0.04649
G1 X19.103 Y21.532 E0.00694
G0 F7200 X19.094 Y21.594
G0 X15.723 Y20.637
G0 X13.405 Y13.077
G0 X14.461 Y12.013
G0 X13.567 Y8.652
G0 X9.685 Y7.508
G1 F1440 X9.455 Y7.691 E0.00611
G1 F1525.4 X7.54 Y9.611 E0.05321
G1 F1457.5 X7.476 Y9.701 E0.00227
G0 F7200 X8.652 Y13.566
G0 X12.023 Y14.523
G0 X12.03 Y14.46
G1 F1800 X12.375 Y14.278 E0.00649
G1 X14.227 Y12.431 E0.0435
G1 X14.454 Y12.044 E0.00746
G1 X14.508 Y11.666 E0.00635
G1 X13.79 Y8.956 E0.04662
G1 X13.566 Y8.642 E0.00641
G1 X13.26 Y8.426 E0.00623
G1 X10.717 Y7.742 E0.04379
G1 X10.188 Y7.756 E0.0088
G1 X9.762 Y7.998 E0.00815
G1 X7.922 Y9.838 E0.04327
G1 X7.745 Y10.202 E0.00673
G1 X7.742 Y10.717 E0.00856
G1 X8.426 Y13.26 E0.04379
G1 X8.646 Y13.57 E0.00632
G1 X8.956 Y13.786 E0.00628
G1 X11.616 Y14.502 E0.04581
G1 X12.03 Y14.46 E0.00692
G0 F7200 X12.023 Y14.523
G0 X15.723 Y20.637
G0 X86.498 Y96.68
G1 F1800 X3.318 Y13.5 E1.95627
G0 F7200 X3.601 Y13.217
G1 F1800 X86.78 Y96.397 E1.95625
G0 F7200 X87.063 Y96.114
G1 F1800 X3.883 Y12.934 E1.95627
G0 F7200 X4.166 Y12.652
G1 F1800 X87.346 Y95.831 E1.95625
G0 F7200 X87.629 Y95.549
G1 F1800 X4.449 Y12.369 E1.95627
G0 F7200 X4.732 Y12.086
G1 F1800 X87.912 Y95.266 E1.95627
G0 F7200 X88.195 Y94.983
G1 F1800 X5.015 Y11.803 E1.95627
G0 F7200 X5.298 Y11.52
G1 F1800 X88.478 Y94.701 E1.95628
G0 F7200 X88.761 Y94.418
G1 F1800 X5.58 Y11.237 E1.95629
G0 F7200 X5.863 Y10.954
G1 F1800 X8.258 Y13.349 E0.05633
G1 X8.328 Y13.419
G0 F7200 X8.029 Y12.555
G1 F1800 X6.146 Y10.672 E0.04429
G0 F7200 X6.429 Y10.389
G1 F1800 X7.821 Y11.781 E0.03274
G1 X7.891 Y11.851
G0 F7200 X7.613 Y11.007
G1 F1800 X6.712 Y10.106 E0.02119
G0 F7200 X6.995 Y9.823
G1 F1800 X7.531 Y10.36 E0.01262
G0 F7200 X8.54 Y13.245
G0 X8.857 Y13.948
G1 F1800 X15.315 Y20.406 E0.15188
G1 X15.385 Y20.476
G0 F7200 X15.095 Y19.621
G1 F1800 X9.657 Y14.182 E0.12791
G1 X9.587 Y14.112
G0 F7200 X10.431 Y14.39
G1 F1800 X14.89 Y18.85 E0.10488
G0 F7200 X14.684 Y18.079
G1 F1800 X11.205 Y14.599 E0.08183
G0 F7200 X11.857 Y14.685
G1 F1800 X14.602 Y17.43 E0.06456
G0 F7200 X14.736 Y16.999
G1 F1800 X12.28 Y14.543 E0.05776
G0 F7200 X12.619 Y14.316
G1 F1800 X14.965 Y16.662 E0.05517
G0 F7200 X15.248 Y16.379
G1 F1800 X12.902 Y14.033 E0.05517
G0 F7200 X13.185 Y13.751
G1 F1800 X15.531 Y16.097 E0.05517
G0 F7200 X15.814 Y15.814
G1 F1800 X13.469 Y13.469 E0.05515
G0 F7200 X13.752 Y13.186
G1 F1800 X16.097 Y15.531 E0.05515
G0 F7200 X16.379 Y15.248
G1 F1800 X14.035 Y12.904 E0.05513
G0 F7200 X14.318 Y12.621
G1 F1800 X16.662 Y14.965 E0.05513
G0 F7200 X17.003 Y14.74
G1 F1800 X14.543 Y12.28 E0.05786
G0 F7200 X14.68 Y11.852
G1 F1800 X17.434 Y14.605 E0.06476
G0 F7200 X18.086 Y14.692
G1 F1800 X14.598 Y11.203 E0.08204
G0 F7200 X14.391 Y10.431
G1 F1800 X18.857 Y14.897 E0.10503
G0 F7200 X19.629 Y15.103
G1 F1800 X14.185 Y9.659 E0.12803
G1 X14.115 Y9.589
G0 F7200 X13.955 Y8.864
G1 F1800 X20.4 Y15.309 E0.15158
G1 X20.47 Y15.379
G0 F7200 X21.024 Y15.933
G1 F1800 X27.489 Y22.398 E0.15205
G1 X27.559 Y22.468
G0 F7200 X26.701 Y22.176
G1 F1800 X21.254 Y16.728 E0.12812
G1 X21.184 Y16.658
G0 F7200 X21.462 Y17.502
G1 F1800 X25.934 Y21.974 E0.10517
G0 F7200 X25.166 Y21.772
G1 F1800 X21.67 Y18.276 E0.08222
G0 F7200 X21.751 Y18.923
G1 F1800 X24.508 Y21.679 E0.06483
G0 F7200 X24.075 Y21.812
G1 F1800 X21.613 Y19.35 E0.0579
G0 F7200 X21.389 Y19.692
G1 F1800 X23.731 Y22.034 E0.05508
G0 F7200 X23.448 Y22.317
G1 F1800 X21.106 Y19.975 E0.05508
G0 F7200 X20.824 Y20.258
G1 F1800 X23.166 Y22.6 E0.05508
G0 F7200 X22.883 Y22.883
G1 F1800 X20.541 Y20.541 E0.05508
G0 F7200 X20.257 Y20.823
G1 F1800 X22.6 Y23.166 E0.0551
G0 F7200 X22.317 Y23.448
G1 F1800 X19.974 Y21.106 E0.05509
G0 F7200 X19.692 Y21.389
G1 F1800 X22.034 Y23.731 E0.05508
G0 F7200 X21.811 Y24.073
G1 F1800 X19.352 Y21.615 E0.05782
G0 F7200 X18.926 Y21.755
G1 F1800 X21.678 Y24.507 E0.06472
G0 F7200 X21.773 Y25.167
G1 F1800 X18.278 Y21.672 E0.0822
G0 F7200 X17.506 Y21.466
G1 F1800 X21.975 Y25.935 E0.1051
G0 F7200 X22.176 Y26.702
G1 F1800 X16.734 Y21.259 E0.128
G1 X16.664 Y21.189
G0 F7200 X15.947 Y21.039
G1 F1800 X22.405 Y27.497 E0.15188
G1 X22.475 Y27.567
G0 F7200 X23.02 Y28.111
G1 F1800 X29.472 Y34.563 E0.15174
G1 X29.542 Y34.633
G0 F7200 X29.242 Y33.768
G1 F1800 X23.805 Y28.331 E0.12787
G0 F7200 X24.578 Y28.537
G1 F1800 X29.036 Y32.996 E0.10486
G0 F7200 X28.829 Y32.224
G1 F1800 X25.349 Y28.743 E0.08186
G0 F7200 X25.99 Y28.819
G1 F1800 X28.745 Y31.574 E0.06479
G0 F7200 X28.88 Y31.142
G1 F1800 X26.431 Y28.694 E0.05758
G0 F7200 X26.763 Y28.46
G1 F1800 X29.109 Y30.806 E0.05517
G0 F7200 X29.392 Y30.523
G1 F1800 X27.045 Y28.177 E0.05519
G0 F7200 X27.329 Y27.895
G1 F1800 X29.674 Y30.24 E0.05515
G0 F7200 X29.958 Y29.958
G1 F1800 X27.613 Y27.613 E0.05515
G0 F7200 X27.895 Y27.33
G1 F1800 X30.241 Y29.675 E0.05516
G0 F7200 X30.524 Y29.392
G1 F1800 X28.179 Y27.048 E0.05514
G0 F7200 X28.462 Y26.765
G1 F1800 X30.807 Y29.109 E0.05514
G0 F7200 X31.147 Y28.884
G1 F1800 X28.685 Y26.422 E0.0579
G0 F7200 X28.824 Y25.995
G1 F1800 X31.574 Y28.746 E0.06469
G0 F7200 X32.224 Y28.829
G1 F1800 X28.745 Y25.351 E0.08181
G0 F7200 X28.539 Y24.579
G1 F1800 X32.996 Y29.036 E0.10482
G1 X33.066 Y29.106
G0 F7200 X33.769 Y29.243
G1 F1800 X28.332 Y23.806 E0.12787
G1 X28.262 Y23.736
G0 F7200 X28.12 Y23.028
G1 F1800 X34.541 Y29.45 E0.15102
G1 X34.611 Y29.52
G0 F7200 X35.167 Y30.076
G1 F1800 X41.639 Y36.548 E0.15221
G1 X41.709 Y36.618
G0 F7200 X40.84 Y36.315
G1 F1800 X35.393 Y30.867 E0.12812
G1 X35.323 Y30.797
G0 F7200 X35.601 Y31.641
G1 F1800 X40.068 Y36.108 E0.10506
G1 X40.138 Y36.178
G0 F7200 X39.295 Y35.901
G1 F1800 X35.809 Y32.414 E0.082
G0 F7200 X35.893 Y33.065
G1 F1800 X38.646 Y35.817 E0.06473
G0 F7200 X38.217 Y35.954
G1 F1800 X35.756 Y33.494 E0.05787
G0 F7200 X35.532 Y33.835
G1 F1800 X37.876 Y36.179 E0.05513
G0 F7200 X37.593 Y36.462
G1 F1800 X35.249 Y34.118 E0.05513
G0 F7200 X34.966 Y34.4
G1 F1800 X37.31 Y36.745 E0.05514
G0 F7200 X37.028 Y37.028
G1 F1800 X34.683 Y34.683 E0.05515
G0 F7200 X34.399 Y34.965
G1 F1800 X36.744 Y37.31 E0.05515
G0 F7200 X36.461 Y37.593
G1 F1800 X34.116 Y35.247 E0.05516
G0 F7200 X33.833 Y35.53
G1 F1800 X36.178 Y37.875 E0.05515
G0 F7200 X35.949 Y38.212
G1 F1800 X33.5 Y35.763 E0.0576
G0 F7200 X33.07 Y35.898
G1 F1800 X35.823 Y38.651 E0.06475
G0 F7200 X35.916 Y39.31
G1 F1800 X32.419 Y35.814 E0.08223
G1 X32.349 Y35.744
G0 F7200 X31.644 Y35.604
G1 F1800 X36.116 Y40.076 E0.10517
G0 F7200 X36.316 Y40.842
G1 F1800 X30.87 Y35.396 E0.12808
G1 X30.8 Y35.326
G0 F7200 X30.077 Y35.169
G1 F1800 X36.539 Y41.63 E0.15196
G1 X36.609 Y41.7
G0 F7200 X37.147 Y42.238
G1 F1800 X43.617 Y48.708 E0.15216
G1 X43.687 Y48.778
G0 F7200 X43.386 Y47.911
G1 F1800 X37.939 Y42.465 E0.12809
G0 F7200 X38.707 Y42.667
G1 F1800 X43.178 Y47.138 E0.10515
G1 X43.248 Y47.208
G0 F7200 X42.971 Y46.365
G1 F1800 X39.475 Y42.869 E0.08222
G0 F7200 X40.134 Y42.962
G1 F1800 X42.884 Y45.712 E0.06468
G0 F7200 X43.018 Y45.281
G1 F1800 X40.569 Y42.832 E0.0576
G0 F7200 X40.905 Y42.602
G1 F1800 X43.253 Y44.95 E0.05522
G0 F7200 X43.534 Y44.666
G1 F1800 X41.188 Y42.32 E0.05517
G0 F7200 X41.471 Y42.037
G1 F1800 X43.817 Y44.382 E0.05516
G0 F7200 X44.098 Y44.098
G1 F1800 X41.753 Y41.753 E0.05515
G0 F7200 X42.036 Y41.47
G1 F1800 X44.38 Y43.814 E0.05513
G0 F7200 X44.662 Y43.53
G1 F1800 X42.319 Y41.188 E0.05509
G0 F7200 X42.602 Y40.905
G1 F1800 X44.944 Y43.247 E0.05508
G0 F7200 X45.285 Y43.022
G1 F1800 X42.827 Y40.564 E0.05781
G0 F7200 X42.965 Y40.137
G1 F1800 X45.714 Y42.885 E0.06464
G0 F7200 X46.364 Y42.97
G1 F1800 X42.882 Y39.488 E0.08189
G1 X42.812 Y39.418
G0 F7200 X42.674 Y38.714
G1 F1800 X47.138 Y43.178 E0.10499
G1 X47.208 Y43.248
G0 F7200 X47.911 Y43.386
G1 F1800 X42.465 Y37.94 E0.12808
G1 X42.395 Y37.87
G0 F7200 X42.232 Y37.141
G1 F1800 X48.709 Y43.618 E0.15233
G1 X48.779 Y43.688
G0 F7200 X49.301 Y44.21
G1 F1800 X55.762 Y50.671 E0.15195
G1 X55.832 Y50.741
G0 F7200 X54.978 Y50.452
G1 F1800 X49.538 Y45.012 E0.12794
G1 X49.468 Y44.942
G0 F7200 X49.746 Y45.787
G1 F1800 X54.206 Y50.246 E0.10488
G0 F7200 X53.435 Y50.041
G1 F1800 X49.956 Y46.562 E0.08182
G0 F7200 X50.036 Y47.207
G1 F1800 X52.786 Y49.958 E0.06469
G0 F7200 X52.358 Y50.096
G1 F1800 X49.898 Y47.635 E0.05787
G0 F7200 X49.674 Y47.977
G1 F1800 X52.018 Y50.321 E0.05513
G0 F7200 X51.735 Y50.604
G1 F1800 X49.391 Y48.26 E0.05513
G0 F7200 X49.108 Y48.542
G1 F1800 X51.453 Y50.887 E0.05515
G0 F7200 X51.17 Y51.17
G1 F1800 X48.824 Y48.824 E0.05517
G0 F7200 X48.541 Y49.106
G1 F1800 X50.887 Y51.453 E0.05519
G0 F7200 X50.604 Y51.735
G1 F1800 X48.258 Y49.389 E0.05517
G0 F7200 X47.974 Y49.671
G1 F1800 X50.321 Y52.018 E0.0552
G0 F7200 X50.092 Y52.355
G1 F1800 X47.643 Y49.906 E0.0576
G0 F7200 X47.203 Y50.031
G1 F1800 X49.958 Y52.786 E0.06479
G0 F7200 X50.041 Y53.435
G1 F1800 X46.561 Y49.955 E0.08184
G1 X46.491 Y49.885
G0 F7200 X45.787 Y49.746
G1 F1800 X50.246 Y54.206 E0.10488
G0 F7200 X50.451 Y54.977
G1 F1800 X45.013 Y49.538 E0.12791
G1 X44.943 Y49.468
G0 F7200 X44.213 Y49.304
G1 F1800 X50.67 Y55.761 E0.15186
G1 X50.74 Y55.831
G0 F7200 X51.318 Y56.409
G1 F1800 X57.755 Y62.846 E0.15139
G1 X57.825 Y62.916
G0 F7200 X57.526 Y62.051
G1 F1800 X52.09 Y56.615 E0.12785
G0 F7200 X52.862 Y56.822
G1 F1800 X57.32 Y61.28 E0.10485
G0 F7200 X57.114 Y60.508
G1 F1800 X53.634 Y57.028 E0.08184
G0 F7200 X54.275 Y57.103
G1 F1800 X57.03 Y59.858 E0.06479
G0 F7200 X57.164 Y59.427
G1 F1800 X54.715 Y56.978 E0.0576
G0 F7200 X55.047 Y56.744
G1 F1800 X57.393 Y59.09 E0.05517
G0 F7200 X57.676 Y58.807
G1 F1800 X55.33 Y56.461 E0.05517
G0 F7200 X55.613 Y56.179
G1 F1800 X57.959 Y58.524 E0.05516
G0 F7200 X58.242 Y58.242
G1 F1800 X55.897 Y55.897 E0.05515
G0 F7200 X56.18 Y55.614
G1 F1800 X58.524 Y57.959 E0.05514
G0 F7200 X58.807 Y57.676
G1 F1800 X56.463 Y55.332 E0.05513
G0 F7200 X56.746 Y55.049
G1 F1800 X59.09 Y57.393 E0.05513
G0 F7200 X59.43 Y57.167
G1 F1800 X56.969 Y54.707 E0.05787
G0 F7200 X57.107 Y54.279
G1 F1800 X59.859 Y57.03 E0.06471
G0 F7200 X60.508 Y57.114
G1 F1800 X57.028 Y53.634 E0.08184
G0 F7200 X56.822 Y52.862
G1 F1800 X61.28 Y57.32 E0.10485
G1 X61.35 Y57.39
G0 F7200 X62.053 Y57.527
G1 F1800 X56.615 Y52.09 E0.12788
G1 X56.545 Y52.02
G0 F7200 X56.394 Y51.303
G1 F1800 X62.846 Y57.754 E0.15173
G1 X62.916 Y57.824
G0 F7200 X63.449 Y58.358
G1 F1800 X69.919 Y64.828 E0.15216
G1 X69.989 Y64.898
G0 F7200 X69.124 Y64.598
G1 F1800 X63.678 Y59.152 E0.12808
G1 X63.608 Y59.082
G0 F7200 X63.885 Y59.925
G1 F1800 X68.351 Y64.391 E0.10503
G0 F7200 X67.579 Y64.185
G1 F1800 X64.093 Y60.699 E0.08199
G0 F7200 X64.178 Y61.35
G1 F1800 X66.93 Y64.101 E0.06471
G0 F7200 X66.503 Y64.24
G1 F1800 X64.041 Y61.779 E0.05789
G0 F7200 X63.818 Y62.121
G1 F1800 X66.163 Y64.466 E0.05515
G0 F7200 X65.88 Y64.748
G1 F1800 X63.535 Y62.404 E0.05514
G0 F7200 X63.251 Y62.686
G1 F1800 X65.597 Y65.031 E0.05516
G0 F7200 X65.314 Y65.314
G1 F1800 X62.969 Y62.969 E0.05515
G0 F7200 X62.685 Y63.251
G1 F1800 X65.03 Y65.596 E0.05515
G0 F7200 X64.748 Y65.879
G1 F1800 X62.401 Y63.533 E0.05519
G0 F7200 X62.119 Y63.816
G1 F1800 X64.465 Y66.162 E0.05517
G0 F7200 X64.236 Y66.498
G1 F1800 X61.787 Y64.05 E0.05758
G0 F7200 X61.344 Y64.172
G1 F1800 X64.101 Y66.93 E0.06485
G0 F7200 X64.185 Y67.58
G1 F1800 X60.699 Y64.093 E0.082
G1 X60.629 Y64.023
G0 F7200 X59.925 Y63.885
G1 F1800 X64.392 Y68.352 E0.10506
G1 X64.462 Y68.422
G0 F7200 X64.599 Y69.125
G1 F1800 X59.152 Y63.678 E0.12811
G1 X59.082 Y63.608
G0 F7200 X58.358 Y63.449
G1 F1800 X64.829 Y69.92 E0.15219
G1 X64.899 Y69.99
G0 F7200 X65.433 Y70.524
G1 F1800 X71.905 Y76.996 E0.15221
G1 X71.975 Y77.066
G0 F7200 X71.671 Y76.196
G1 F1800 X66.225 Y70.751 E0.12807
G0 F7200 X66.996 Y70.956
G1 F1800 X71.463 Y75.423 E0.10506
G1 X71.533 Y75.493
G0 F7200 X71.255 Y74.649
G1 F1800 X67.766 Y71.16 E0.08206
G0 F7200 X68.421 Y71.249
G1 F1800 X71.167 Y73.996 E0.06459
G0 F7200 X71.303 Y73.565
G1 F1800 X68.854 Y71.117 E0.05758
G0 F7200 X69.19 Y70.887
G1 F1800 X71.537 Y73.234 E0.0552
G0 F7200 X71.819 Y72.95
G1 F1800 X69.474 Y70.605 E0.05515
G0 F7200 X69.757 Y70.322
G1 F1800 X72.101 Y72.667 E0.05514
G0 F7200 X72.382 Y72.382
G1 F1800 X70.04 Y70.04 E0.05508
G0 F7200 X70.324 Y69.758
G1 F1800 X72.664 Y72.099 E0.05504
G0 F7200 X72.946 Y71.814
G1 F1800 X70.607 Y69.476 E0.055
G0 F7200 X70.89 Y69.193
G1 F1800 X73.228 Y71.531 E0.05499
G0 F7200 X73.567 Y71.304
G1 F1800 X71.108 Y68.845 E0.05783
G0 F7200 X71.246 Y68.418
G1 F1800 X74.006 Y71.177 E0.0649
G0 F7200 X74.649 Y71.254
G1 F1800 X71.16 Y67.766 E0.08204
G0 F7200 X70.954 Y66.994
G1 F1800 X75.422 Y71.462 E0.10508
G1 X75.492 Y71.532
G0 F7200 X76.195 Y71.67
G1 F1800 X70.747 Y66.222 E0.12813
G1 X70.677 Y66.152
G0 F7200 X70.514 Y65.423
G1 F1800 X76.993 Y71.901 E0.15236
G1 X77.063 Y71.971
G0 F7200 X77.585 Y72.494
G1 F1800 X84.047 Y78.956 E0.15198
G1 X84.117 Y79.026
G0 F7200 X83.261 Y78.736
G1 F1800 X77.821 Y73.296 E0.12794
G1 X77.751 Y73.226
G0 F7200 X78.03 Y74.07
G1 F1800 X82.49 Y78.531 E0.1049
G0 F7200 X81.72 Y78.326
G1 F1800 X78.239 Y74.844 E0.08188
G0 F7200 X78.32 Y75.491
G1 F1800 X81.07 Y78.242 E0.06469
G0 F7200 X80.641 Y78.379
G1 F1800 X78.183 Y75.921 E0.05781
G0 F7200 X77.958 Y76.261
G1 F1800 X80.302 Y78.605 E0.05513
G0 F7200 X80.019 Y78.888
G1 F1800 X77.675 Y76.544 E0.05513
G0 F7200 X77.392 Y76.826
G1 F1800 X79.737 Y79.171 E0.05515
G0 F7200 X79.455 Y79.455
G1 F1800 X77.109 Y77.109 E0.05517
G0 F7200 X76.826 Y77.392
G1 F1800 X79.172 Y79.738 E0.05517
G0 F7200 X78.89 Y80.021
G1 F1800 X76.544 Y77.675 E0.05517
G0 F7200 X76.261 Y77.958
G1 F1800 X78.607 Y80.304 E0.05517
G0 F7200 X78.374 Y80.636
G1 F1800 X75.922 Y78.185 E0.05766
G0 F7200 X75.486 Y78.314
G1 F1800 X78.24 Y81.068 E0.06477
G0 F7200 X78.326 Y81.72
G1 F1800 X74.826 Y78.22 E0.08231
G0 F7200 X74.06 Y78.02
G1 F1800 X78.531 Y82.49 E0.10514
G0 F7200 X78.735 Y83.26
G1 F1800 X73.294 Y77.819 E0.12796
G1 X73.224 Y77.749
G0 F7200 X72.503 Y77.594
G1 F1800 X78.956 Y84.047 E0.15176
G1 X79.026 Y84.117
G0 F7200 X79.588 Y84.679
G1 F1800 X86.027 Y91.118 E0.15144
G1 X86.097 Y91.188
G0 F7200 X85.807 Y90.333
G1 F1800 X80.373 Y84.899 E0.1278
G0 F7200 X81.145 Y85.105
G1 F1800 X85.602 Y89.562 E0.10482
G0 F7200 X85.397 Y88.791
G1 F1800 X81.918 Y85.312 E0.08182
G0 F7200 X82.559 Y85.387
G1 F1800 X85.314 Y88.142 E0.06479
G0 F7200 X85.448 Y87.711
G1 F1800 X82.999 Y85.262 E0.0576
G0 F7200 X83.33 Y85.027
G1 F1800 X85.677 Y87.374 E0.0552
G0 F7200 X85.96 Y87.092
G1 F1800 X83.614 Y84.745 E0.05519
G0 F7200 X83.897 Y84.462
G1 F1800 X86.243 Y86.809 E0.05519
G0 F7200 X86.526 Y86.526
G1 F1800 X84.18 Y84.18 E0.05517
G0 F7200 X84.464 Y83.898
G1 F1800 X86.809 Y86.243 E0.05515
G0 F7200 X87.092 Y85.96
G1 F1800 X84.747 Y83.616 E0.05514
G0 F7200 X85.03 Y83.333
G1 F1800 X87.374 Y85.677 E0.05513
G0 F7200 X87.714 Y85.452
G1 F1800 X85.254 Y82.991 E0.05787
G0 F7200 X85.392 Y82.563
G1 F1800 X88.142 Y85.314 E0.06469
G0 F7200 X88.791 Y85.397
G1 F1800 X85.312 Y81.918 E0.08182
G0 F7200 X85.106 Y81.146
G1 F1800 X89.561 Y85.602 E0.10479
G0 F7200 X90.332 Y85.807
G1 F1800 X84.899 Y80.374 E0.12778
G1 X84.829 Y80.304
G0 F7200 X84.678 Y79.587
G1 F1800 X91.118 Y86.027 E0.15146
G1 X91.188 Y86.097
G0 F7200 X91.749 Y86.658
G1 F1800 X94.136 Y89.045 E0.05614
G0 F7200 X93.853 Y89.327
G1 F1800 X91.969 Y87.444 E0.0443
G0 F7200 X92.173 Y88.214
G1 F1800 X93.57 Y89.61 E0.03284
G0 F7200 X93.287 Y89.893
G1 F1800 X92.379 Y88.984 E0.02137
G0 F7200 X92.461 Y89.632
G1 F1800 X93.004 Y90.176 E0.01278
G0 F7200 X94.419 Y88.762
G1 F1800 X11.237 Y5.58 E1.95631
G0 F7200 X11.52 Y5.298
G1 F1800 X94.701 Y88.479 E1.95629
G0 F7200 X94.984 Y88.196
G1 F1800 X11.803 Y5.015 E1.95629
G0 F7200 X12.086 Y4.732
G1 F1800 X95.267 Y87.913 E1.95629
G0 F7200 X95.55 Y87.63
G1 F1800 X12.369 Y4.449 E1.95629
G0 F7200 X12.652 Y4.166
G1 F1800 X95.833 Y87.347 E1.95629
G0 F7200 X96.116 Y87.065
G1 F1800 X12.934 Y3.883 E1.95631
G0 F7200 X13.217 Y3.601
G1 F1800 X96.398 Y86.782 E1.95629
G0 F7200 X96.681 Y86.499
G1 F1800 X13.5 Y3.318 E1.95629
G1 X13.43 Y3.248
G0 F7200 X10.954 Y5.863
G1 F1800 X13.348 Y8.257 E0.0563
G1 X13.418 Y8.327
G0 F7200 X12.554 Y8.028
G1 F1800 X10.672 Y6.146 E0.04426
G0 F7200 X10.389 Y6.429
G1 F1800 X11.78 Y7.821 E0.03273
G1 X11.85 Y7.891
G0 F7200 X11.006 Y7.612
G1 F1800 X10.106 Y6.712 E0.02117
G0 F7200 X9.823 Y6.995
G1 F1800 X10.362 Y7.534 E0.01268
G0 F7200 X13.567 Y8.652
G0 X34.779 Y29.866
G0 X37.278 Y37.244
G0 X36.048 Y38.483
G0 X36.935 Y41.852
G0 X86.659 Y91.75
G1 F1800 X89.044 Y94.135 E0.05609
G0 F7200 X89.327 Y93.852
G1 F1800 X87.444 Y91.97 E0.04427
G0 F7200 X88.214 Y92.174
G1 F1800 X89.61 Y93.569 E0.03282
G0 F7200 X89.892 Y93.286
G1 F1800 X88.985 Y92.379 E0.02133
G0 F7200 X89.633 Y92.461
G1 F1800 X90.175 Y93.004 E0.01276
G0 F7200 X90.157 Y92.986
;MESH:NONMESH
G0 F600 X90.157 Y92.986 Z2
G0 F7200 X86.434 Y91.348
G0 X15.723 Y20.637
G0 X12.361 Y14.204
G0 X12.138 Y13.98
;TIME_ELAPSED:2608.353851
;LAYER:17
;TYPE:WALL-INNER
;MESH:bodyNW.stl
G1 F3600 X11.924 Y14.096 E0.00405
G1 X11.69 Y14.125 E0.00392
G1 X9.081 Y13.428 E0.04491
G1 X8.916 Y13.301 E0.00346
G1 X8.787 Y13.134 E0.00351
G1 X8.112 Y10.616 E0.04335
G1 X8.106 Y10.327 E0.00481
G1 X8.21 Y10.092 E0.00427
G1 X10.035 Y8.267 E0.04292
G1 X10.327 Y8.106 E0.00555
G1 X10.616 Y8.112 E0.00481
G1 X13.133 Y8.787 E0.04334
G1 X13.302 Y8.916 E0.00354
G1 X13.43 Y9.084 E0.00351
G1 X14.12 Y11.699 E0.04498
G1 X14.092 Y11.931 E0.00389
G1 X13.94 Y12.185 E0.00492
G1 X12.138 Y13.98 E0.0423
G0 F7200 X12.361 Y14.204
G0 X15.723 Y20.637
G0 X19.079 Y21.536
G0 X19.212 Y21.051
G1 F3600 X18.996 Y21.168 E0.00409
G1 X18.762 Y21.197 E0.00392
G1 X16.15 Y20.501 E0.04495
G1 X15.983 Y20.373 E0.0035
G1 X15.855 Y20.206 E0.0035
G1 X15.159 Y17.594 E0.04495
G1 X15.188 Y17.36 E0.00392
G1 X15.304 Y17.146 E0.00405
G1 X17.103 Y15.343 E0.04236
G1 X17.357 Y15.192 E0.00491
G1 X17.59 Y15.163 E0.0039
G1 X20.206 Y15.86 E0.04502
G1 X20.372 Y15.987 E0.00348
G1 X20.5 Y16.153 E0.00349
G1 X21.197 Y18.762 E0.04491
G1 X21.167 Y18.996 E0.00392
G1 X21.017 Y19.249 E0.00489
G1 X19.212 Y21.051 E0.04242
G0 F7200 X19.434 Y21.273
G0 X22.791 Y27.708
G0 X26.15 Y28.607
G0 X26.282 Y28.124
G1 F3600 X26.068 Y28.24 E0.00405
G1 X25.834 Y28.269 E0.00392
G1 X23.224 Y27.573 E0.04492
G1 X23.054 Y27.444 E0.00355
G1 X22.926 Y27.275 E0.00353
G1 X22.263 Y24.745 E0.04349
G1 X22.246 Y24.532 E0.00355
G1 X22.335 Y24.255 E0.00484
G1 X24.169 Y22.417 E0.04318
G1 X24.423 Y22.268 E0.0049
G1 X24.655 Y22.239 E0.00389
G1 X27.275 Y22.926 E0.04504
G1 X27.445 Y23.055 E0.00355
G1 X27.573 Y23.223 E0.00351
G1 X28.269 Y25.834 E0.04494
G1 X28.24 Y26.068 E0.00392
G1 X28.089 Y26.321 E0.0049
G1 X26.282 Y28.124 E0.04245
G0 F7200 X26.503 Y28.346
G0 X29.866 Y34.779
G0 X33.221 Y35.678
G0 X33.356 Y35.195
G1 F3600 X33.14 Y35.312 E0.00409
G1 X32.905 Y35.341 E0.00394
G1 X30.297 Y34.641 E0.04491
G1 X30.127 Y34.513 E0.00354
G1 X30 Y34.346 E0.00349
G1 X29.303 Y31.738 E0.04489
G1 X29.332 Y31.504 E0.00392
G1 X29.448 Y31.29 E0.00405
G1 X31.251 Y29.483 E0.04245
G1 X31.504 Y29.332 E0.0049
G1 X31.738 Y29.303 E0.00392
G1 X34.347 Y30 E0.04491
G1 X34.512 Y30.127 E0.00346
G1 X34.641 Y30.294 E0.00351
G1 X35.341 Y32.905 E0.04495
G1 X35.312 Y33.14 E0.00394
G1 X35.16 Y33.394 E0.00492
G1 X33.356 Y35.195 E0.04239
G0 F7200 X33.576 Y35.415
G0 X36.935 Y41.852
G0 X40.303 Y42.74
G0 X40.433 Y42.261
G1 F3600 X40.218 Y42.376 E0.00405
G1 X39.984 Y42.405 E0.00392
G1 X37.37 Y41.715 E0.04496
G1 X37.199 Y41.585 E0.00357
G1 X37.07 Y41.414 E0.00356
G1 X36.407 Y38.889 E0.04341
G1 X36.39 Y38.676 E0.00355
G1 X36.479 Y38.399 E0.00484
G1 X38.319 Y36.555 E0.04332
G1 X38.573 Y36.404 E0.00491
G1 X38.807 Y36.375 E0.00392
G1 X41.419 Y37.072 E0.04496
G1 X41.584 Y37.199 E0.00346
G1 X41.712 Y37.365 E0.00349
G1 X42.409 Y39.974 E0.04491
G1 X42.38 Y40.207 E0.0039
G1 X42.226 Y40.464 E0.00498
G1 X40.433 Y42.261 E0.04222
G0 F7200 X40.653 Y42.482
G0 X44.008 Y48.921
G0 X47.364 Y49.82
G0 X47.494 Y49.336
G1 F3600 X47.28 Y49.452 E0.00405
G1 X47.046 Y49.481 E0.00392
G1 X44.437 Y48.784 E0.04491
G1 X44.272 Y48.657 E0.00346
G1 X44.143 Y48.49 E0.00351
G1 X43.443 Y45.879 E0.04495
G1 X43.473 Y45.644 E0.00394
G1 X43.589 Y45.429 E0.00406
G1 X45.392 Y43.622 E0.04245
G1 X45.645 Y43.472 E0.00489
G1 X45.879 Y43.443 E0.00392
G1 X48.487 Y44.143 E0.04491
G1 X48.657 Y44.271 E0.00354
G1 X48.784 Y44.438 E0.00349
G1 X49.481 Y47.046 E0.04489
G1 X49.452 Y47.28 E0.00392
G1 X49.301 Y47.533 E0.0049
G1 X47.494 Y49.336 E0.04245
G0 F7200 X47.717 Y49.559
G0 X51.079 Y55.992
G0 X54.435 Y56.891
G0 X54.566 Y56.408
G1 F3600 X54.352 Y56.524 E0.00405
G1 X54.118 Y56.553 E0.00392
G1 X51.506 Y55.857 E0.04495
G1 X51.339 Y55.729 E0.0035
G1 X51.211 Y55.562 E0.0035
G1 X50.515 Y52.95 E0.04495
G1 X50.544 Y52.716 E0.00392
G1 X50.66 Y52.502 E0.00405
G1 X52.463 Y50.695 E0.04245
G1 X52.716 Y50.544 E0.0049
G1 X52.95 Y50.515 E0.00392
G1 X55.562 Y51.211 E0.04495
G1 X55.729 Y51.339 E0.0035
G1 X55.857 Y51.506 E0.0035
G1 X56.553 Y54.118 E0.04495
G1 X56.524 Y54.352 E0.00392
G1 X56.373 Y54.605 E0.0049
G1 X54.566 Y56.408 E0.04245
G0 F7200 X54.788 Y56.63
G0 X58.15 Y63.063
G0 X61.506 Y63.962
G0 X61.638 Y63.48
G1 F3600 X61.424 Y63.596 E0.00405
G1 X61.189 Y63.625 E0.00394
G1 X58.581 Y62.925 E0.04491
G1 X58.411 Y62.797 E0.00354
G1 X58.284 Y62.63 E0.00349
G1 X57.587 Y60.022 E0.04489
G1 X57.616 Y59.788 E0.00392
G1 X57.732 Y59.574 E0.00405
G1 X59.535 Y57.767 E0.04245
G1 X59.788 Y57.616 E0.0049
G1 X60.022 Y57.587 E0.00392
G1 X62.631 Y58.284 E0.04491
G1 X62.796 Y58.411 E0.00346
G1 X62.925 Y58.578 E0.00351
G1 X63.625 Y61.189 E0.04495
G1 X63.596 Y61.424 E0.00394
G1 X63.445 Y61.677 E0.0049
G1 X61.638 Y63.48 E0.04245
G0 F7200 X61.859 Y63.701
G0 X65.221 Y70.134
G0 X68.577 Y71.033
G0 X68.71 Y70.548
G1 F3600 X68.495 Y70.664 E0.00406
G1 X68.261 Y70.693 E0.00392
G1 X65.649 Y69.996 E0.04496
G1 X65.484 Y69.869 E0.00346
G1 X65.356 Y69.703 E0.00349
G1 X64.659 Y67.094 E0.04491
G1 X64.688 Y66.86 E0.00392
G1 X64.804 Y66.646 E0.00405
G1 X66.607 Y64.839 E0.04245
G1 X66.86 Y64.688 E0.0049
G1 X67.094 Y64.659 E0.00392
G1 X69.702 Y65.356 E0.04489
G1 X69.869 Y65.483 E0.00349
G1 X69.997 Y65.65 E0.0035
G1 X70.693 Y68.261 E0.04494
G1 X70.664 Y68.495 E0.00392
G1 X70.513 Y68.749 E0.00491
G1 X68.71 Y70.548 E0.04236
G0 F7200 X68.932 Y70.77
G0 X72.292 Y77.209
G0 X75.658 Y78.095
G0 X75.789 Y77.613
G1 F3600 X75.573 Y77.728 E0.00407
G1 X75.341 Y77.757 E0.00389
G1 X72.725 Y77.07 E0.04498
G1 X72.555 Y76.941 E0.00355
G1 X72.427 Y76.773 E0.00351
G1 X71.727 Y74.163 E0.04494
G1 X71.756 Y73.928 E0.00394
G1 X71.872 Y73.713 E0.00406
G1 X73.675 Y71.908 E0.04243
G1 X73.928 Y71.756 E0.00491
G1 X74.163 Y71.727 E0.00394
G1 X76.771 Y72.427 E0.04491
G1 X76.941 Y72.555 E0.00354
G1 X77.068 Y72.722 E0.00349
G1 X77.765 Y75.33 E0.04489
G1 X77.736 Y75.564 E0.00392
G1 X77.583 Y75.818 E0.00493
G1 X75.789 Y77.613 E0.0422
G0 F7200 X76.01 Y77.835
G0 X79.363 Y84.277
G0 X82.719 Y85.176
G0 X82.85 Y84.692
G1 F3600 X82.636 Y84.808 E0.00405
G1 X82.402 Y84.837 E0.00392
G1 X79.79 Y84.141 E0.04495
G1 X79.623 Y84.013 E0.0035
G1 X79.495 Y83.846 E0.0035
G1 X78.799 Y81.233 E0.04497
G1 X78.829 Y81 E0.00391
G1 X78.945 Y80.784 E0.00408
G1 X80.747 Y78.979 E0.04242
G1 X81 Y78.828 E0.0049
G1 X81.234 Y78.799 E0.00392
G1 X83.846 Y79.495 E0.04495
G1 X84.013 Y79.623 E0.0035
G1 X84.141 Y79.79 E0.0035
G1 X84.837 Y82.402 E0.04495
G1 X84.808 Y82.636 E0.00392
G1 X84.657 Y82.889 E0.0049
G1 X82.85 Y84.692 E0.04245
G0 F7200 X83.072 Y84.915
G0 X86.434 Y91.348
G0 X89.79 Y92.247
G0 X89.961 Y91.729
G1 F3600 X89.67 Y91.889 E0.00552
G1 X89.381 Y91.884 E0.00481
G1 X86.862 Y91.213 E0.04335
G1 X86.695 Y91.085 E0.0035
G1 X86.567 Y90.918 E0.0035
G1 X85.871 Y88.306 E0.04495
G1 X85.9 Y88.072 E0.00392
G1 X86.016 Y87.858 E0.00405
G1 X87.819 Y86.051 E0.04245
G1 X88.072 Y85.9 E0.0049
G1 X88.306 Y85.871 E0.00392
G1 X90.918 Y86.567 E0.04495
G1 X91.085 Y86.695 E0.0035
G1 X91.213 Y86.862 E0.0035
G1 X91.884 Y89.381 E0.04335
G1 X91.89 Y89.67 E0.00481
G1 X91.784 Y89.906 E0.0043
G1 X89.961 Y91.729 E0.04287
G0 F7200 X90.18 Y91.949
G0 X86.416 Y97.191
G0 X86.416 Y97.587
G1 F3600 X97.587 Y86.416 E0.26272
G1 X13.584 Y2.413 E1.97562
G1 X2.413 Y13.584 E0.26272
G1 X86.416 Y97.587 E1.97562
G0 F7200 X86.416 Y98.153
;TYPE:WALL-OUTER
G1 F1800 X98.153 Y86.416 E0.27604
G1 X13.584 Y1.847 E1.98893
G1 X1.847 Y13.584 E0.27604
G1 X86.416 Y98.153 E1.98893
G0 F7200 X86.557 Y98.012
G0 X86.416 Y97.191
G0 X90.18 Y91.949
G0 X89.678 Y91.446
G1 F1800 X89.55 Y91.516 E0.00243
G1 X87.035 Y90.845 E0.04329
G1 X86.926 Y90.712 E0.00286
G1 X86.282 Y88.296 E0.04158
G1 X86.322 Y88.115 E0.00308
G1 X88.126 Y86.31 E0.04244
G1 X88.252 Y86.276 E0.00217
G1 X90.745 Y86.935 E0.04288
G1 X90.854 Y87.068 E0.00286
G1 X91.498 Y89.484 E0.04158
G1 X91.468 Y89.651 E0.00282
G1 X89.678 Y91.446 E0.04216
G0 F7200 X89.55 Y91.516
G0 X89.498 Y91.503
G0 X89.315 Y92.187
G0 X86.434 Y91.348
G0 X83.097 Y84.89
G0 X82.593 Y84.386
G1 F1800 X82.456 Y84.432 E0.0024
G1 X79.963 Y83.773 E0.04288
G1 X79.854 Y83.64 E0.00286
G1 X79.197 Y81.176 E0.04241
G1 X79.234 Y81.059 E0.00204
G1 X81.054 Y79.238 E0.04282
G1 X81.18 Y79.204 E0.00217
G1 X83.673 Y79.863 E0.04288
G1 X83.782 Y79.996 E0.00286
G1 X84.439 Y82.46 E0.04241
G1 X84.401 Y82.579 E0.00208
G1 X82.593 Y84.386 E0.04251
G0 F7200 X82.456 Y84.432
G0 X82.403 Y84.418
G0 X82.218 Y85.109
G0 X79.363 Y84.277
G0 X76.036 Y77.809
G0 X75.533 Y77.306
G1 F1800 X75.406 Y77.36 E0.0023
G1 X72.894 Y76.701 E0.04319
G1 X72.786 Y76.568 E0.00285
G1 X72.138 Y74.152 E0.0416
G1 X72.178 Y73.971 E0.00308
G1 X73.982 Y72.166 E0.04244
G1 X74.108 Y72.132 E0.00217
G1 X76.601 Y72.795 E0.0429
G1 X76.71 Y72.928 E0.00286
G1 X77.367 Y75.388 E0.04234
G1 X77.329 Y75.507 E0.00208
G1 X75.533 Y77.306 E0.04227
G0 F7200 X75.406 Y77.36
G0 X75.347 Y77.345
G0 X75.166 Y78.032
G0 X72.292 Y77.209
G0 X68.956 Y70.746
G0 X68.453 Y70.242
G1 F1800 X68.315 Y70.288 E0.00242
G1 X65.823 Y69.629 E0.04287
G1 X65.714 Y69.496 E0.00286
G1 X65.07 Y67.084 E0.04152
G1 X65.11 Y66.903 E0.00308
G1 X66.914 Y65.098 E0.04244
G1 X67.04 Y65.064 E0.00217
G1 X69.529 Y65.723 E0.04282
G1 X69.638 Y65.856 E0.00286
G1 X70.288 Y68.315 E0.0423
G1 X70.23 Y68.466 E0.00269
G1 X68.453 Y70.242 E0.04178
G0 F7200 X68.315 Y70.288
G0 X68.262 Y70.274
G0 X68.077 Y70.966
G0 X65.221 Y70.134
G0 X61.883 Y63.677
G0 X61.381 Y63.174
G1 F1800 X61.244 Y63.22 E0.0024
G1 X58.751 Y62.557 E0.0429
G1 X58.642 Y62.424 E0.00286
G1 X57.998 Y60.012 E0.04152
G1 X58.038 Y59.831 E0.00308
G1 X59.842 Y58.026 E0.04244
G1 X59.968 Y57.992 E0.00217
G1 X62.457 Y58.651 E0.04282
G1 X62.566 Y58.784 E0.00286
G1 X63.227 Y61.248 E0.04243
G1 X63.189 Y61.367 E0.00208
G1 X61.381 Y63.174 E0.04251
G0 F7200 X61.244 Y63.22
G0 X61.191 Y63.206
G0 X61.006 Y63.895
G0 X58.15 Y63.063
G0 X54.812 Y56.606
G0 X54.309 Y56.102
G1 F1800 X54.172 Y56.148 E0.0024
G1 X51.679 Y55.489 E0.04288
G1 X51.57 Y55.356 E0.00286
G1 X50.926 Y52.94 E0.04158
G1 X50.966 Y52.759 E0.00308
G1 X52.77 Y50.954 E0.04244
G1 X52.896 Y50.92 E0.00217
G1 X55.389 Y51.579 E0.04288
G1 X55.498 Y51.712 E0.00286
G1 X56.155 Y54.176 E0.04241
G1 X56.117 Y54.295 E0.00208
G1 X54.309 Y56.102 E0.04251
G0 F7200 X54.172 Y56.148
G0 X54.119 Y56.134
G0 X53.934 Y56.824
G0 X51.079 Y55.992
G0 X47.741 Y49.535
G0 X47.237 Y49.03
G1 F1800 X47.1 Y49.076 E0.0024
G1 X44.611 Y48.417 E0.04282
G1 X44.502 Y48.284 E0.00286
G1 X43.841 Y45.82 E0.04243
G1 X43.879 Y45.701 E0.00208
G1 X45.699 Y43.881 E0.0428
G1 X45.824 Y43.848 E0.00215
G1 X48.317 Y44.511 E0.0429
G1 X48.426 Y44.644 E0.00286
G1 X49.083 Y47.104 E0.04234
G1 X49.045 Y47.223 E0.00208
G1 X47.237 Y49.03 E0.04251
G0 F7200 X47.1 Y49.076
G0 X47.047 Y49.062
G0 X46.862 Y49.753
G0 X44.008 Y48.921
G0 X40.679 Y42.456
G0 X40.177 Y41.954
G1 F1800 X40.039 Y42 E0.00242
G1 X37.572 Y41.354 E0.04241
G1 X37.482 Y41.302 E0.00173
G1 X37.43 Y41.211 E0.00174
G1 X36.78 Y38.734 E0.04259
G1 X36.834 Y38.607 E0.0023
G1 X38.627 Y36.813 E0.04218
G1 X38.753 Y36.78 E0.00217
G1 X41.245 Y37.439 E0.04287
G1 X41.354 Y37.572 E0.00286
G1 X42.011 Y40.032 E0.04234
G1 X41.973 Y40.15 E0.00206
G1 X40.177 Y41.954 E0.04233
G0 F7200 X40.039 Y42
G0 X39.986 Y41.987
G0 X39.804 Y42.675
G0 X36.935 Y41.852
G0 X33.6 Y35.391
G0 X33.098 Y34.889
G1 F1800 X32.96 Y34.936 E0.00242
G1 X30.467 Y34.273 E0.0429
G1 X30.358 Y34.14 E0.00286
G1 X29.714 Y31.728 E0.04152
G1 X29.754 Y31.547 E0.00308
G1 X31.558 Y29.742 E0.04244
G1 X31.684 Y29.708 E0.00217
G1 X34.173 Y30.367 E0.04282
G1 X34.282 Y30.5 E0.00286
G1 X34.943 Y32.964 E0.04243
G1 X34.905 Y33.083 E0.00208
G1 X33.098 Y34.889 E0.04249
G0 F7200 X32.96 Y34.936
G0 X32.908 Y34.923
G0 X32.724 Y35.612
G0 X29.866 Y34.779
G0 X26.528 Y28.321
G0 X26.025 Y27.818
G1 F1800 X25.888 Y27.864 E0.0024
G1 X23.395 Y27.205 E0.04288
G1 X23.295 Y27.106 E0.00234
G1 X22.636 Y24.59 E0.04325
G1 X22.69 Y24.463 E0.0023
G1 X24.477 Y22.675 E0.04204
G1 X24.593 Y22.637 E0.00203
G1 X27.106 Y23.295 E0.0432
G1 X27.214 Y23.428 E0.00285
G1 X27.871 Y25.892 E0.04241
G1 X27.833 Y26.011 E0.00208
G1 X26.025 Y27.818 E0.04251
G0 F7200 X25.888 Y27.864
G0 X25.835 Y27.85
G0 X25.65 Y28.54
G0 X22.791 Y27.708
G0 X19.458 Y21.249
G0 X18.954 Y20.745
G1 F1800 X18.816 Y20.792 E0.00242
G1 X16.323 Y20.133 E0.04288
G1 X16.214 Y20 E0.00286
G1 X15.57 Y17.584 E0.04158
G1 X15.61 Y17.403 E0.00308
G1 X17.411 Y15.601 E0.04237
G1 X17.536 Y15.568 E0.00215
G1 X20.033 Y16.227 E0.04295
G1 X20.142 Y16.36 E0.00286
G1 X20.799 Y18.82 E0.04234
G1 X20.761 Y18.939 E0.00208
G1 X18.954 Y20.745 E0.04249
G0 F7200 X18.816 Y20.792
G0 X18.764 Y20.779
G0 X18.579 Y21.469
G0 X15.723 Y20.637
G0 X12.386 Y14.179
G0 X11.881 Y13.674
G1 F1800 X11.744 Y13.72 E0.0024
G1 X9.255 Y13.061 E0.04282
G1 X9.146 Y12.928 E0.00286
G1 X8.498 Y10.512 E0.0416
G1 X8.528 Y10.345 E0.00282
G1 X10.318 Y8.55 E0.04216
G1 X10.444 Y8.48 E0.0024
G1 X12.962 Y9.155 E0.04335
G1 X13.061 Y9.254 E0.00233
G1 X13.716 Y11.751 E0.04293
G1 X13.658 Y11.902 E0.00269
G1 X11.881 Y13.674 E0.04173
G0 F7200 X11.744 Y13.72
G0 X11.691 Y13.706
G0 X11.506 Y14.397
G0 X15.723 Y20.637
G0 X86.416 Y97.045
;TYPE:SKIN
G1 F1800 X2.951 Y13.584 E1.96292
G1 X13.584 Y2.951 E0.25007
G1 X97.049 Y86.416 E1.96297
G1 X86.416 Y97.045 E0.25002
G0 F7200 X89.805 Y92.305
G0 X89.807 Y92.238
G1 F1800 X90.23 Y91.99 E0.00815
G1 X92.07 Y90.154 E0.04323
G1 X92.247 Y89.79 E0.00673
G1 X92.25 Y89.276 E0.00855
G1 X91.574 Y86.736 E0.04371
G1 X91.354 Y86.426 E0.00632
G1 X91.077 Y86.212 E0.00582
G1 X88.334 Y85.488 E0.04718
G1 X87.958 Y85.537 E0.00631
G1 X87.569 Y85.765 E0.0075
G1 X85.722 Y87.611 E0.04343
G1 X85.536 Y87.962 E0.00661
G1 X85.494 Y88.38 E0.00699
G1 X86.202 Y91.04 E0.04578
G1 X86.426 Y91.354 E0.00641
G1 X86.736 Y91.574 E0.00632
G1 X89.276 Y92.25 E0.04371
G1 X89.807 Y92.238 E0.00883
G0 F7200 X89.805 Y92.305
G0 X86.434 Y91.348
G0 X82.734 Y85.234
G0 X82.742 Y85.172
G1 F1800 X83.093 Y84.982 E0.00664
G1 X84.943 Y83.139 E0.04343
G1 X85.167 Y82.746 E0.00752
G1 X85.222 Y82.355 E0.00657
G1 X84.502 Y79.664 E0.04633
G1 X84.282 Y79.354 E0.00632
G1 X84.005 Y79.14 E0.00582
G1 X81.262 Y78.416 E0.04718
G1 X80.884 Y78.466 E0.00634
G1 X80.478 Y78.71 E0.00788
G1 X78.647 Y80.544 E0.0431
G1 X78.46 Y80.889 E0.00653
G1 X78.414 Y81.274 E0.00645
G1 X79.13 Y83.968 E0.04636
G1 X79.354 Y84.282 E0.00641
G1 X79.664 Y84.502 E0.00632
G1 X82.328 Y85.214 E0.04586
G1 X82.742 Y85.172 E0.00692
G0 F7200 X82.734 Y85.234
G0 X79.363 Y84.277
G0 X75.674 Y78.153
G0 X75.681 Y78.092
G1 F1800 X76.033 Y77.902 E0.00665
G1 X77.866 Y76.067 E0.04313
G1 X78.095 Y75.679 E0.00749
G1 X78.142 Y75.251 E0.00716
G1 X77.426 Y72.595 E0.04575
G1 X77.206 Y72.286 E0.00631
G1 X76.938 Y72.076 E0.00566
G1 X74.202 Y71.342 E0.04711
G1 X73.849 Y71.385 E0.00591
G1 X73.421 Y71.621 E0.00813
G1 X71.582 Y73.467 E0.04333
G1 X71.388 Y73.819 E0.00668
G1 X71.342 Y74.202 E0.00642
G1 X72.066 Y76.896 E0.04639
G1 X72.286 Y77.21 E0.00638
G1 X72.559 Y77.42 E0.00573
G1 X75.314 Y78.136 E0.04734
G1 X75.681 Y78.092 E0.00615
G0 F7200 X75.674 Y78.153
G0 X72.292 Y77.209
G0 X68.592 Y71.091
G0 X68.601 Y71.028
G1 F1800 X68.953 Y70.842 E0.00662
G1 X70.799 Y68.999 E0.04338
G1 X71.023 Y68.605 E0.00754
G1 X71.072 Y68.234 E0.00622
G1 X70.354 Y65.524 E0.04662
G1 X70.134 Y65.21 E0.00638
G1 X69.828 Y64.994 E0.00623
G1 X67.138 Y64.274 E0.04631
G1 X66.707 Y64.342 E0.00726
G1 X66.357 Y64.553 E0.0068
G1 X64.51 Y66.399 E0.04343
G1 X64.324 Y66.75 E0.00661
G1 X64.282 Y67.168 E0.00699
G1 X64.994 Y69.828 E0.04579
G1 X65.214 Y70.138 E0.00632
G1 X65.487 Y70.348 E0.00573
G1 X68.234 Y71.072 E0.04724
G1 X68.601 Y71.028 E0.00615
G0 F7200 X68.592 Y71.091
G0 X65.221 Y70.134
G0 X61.521 Y64.02
G0 X61.53 Y63.96
G1 F1800 X61.881 Y63.77 E0.00664
G1 X63.731 Y61.927 E0.04343
G1 X63.955 Y61.533 E0.00754
G1 X64.006 Y61.146 E0.00649
G1 X63.282 Y58.448 E0.04646
G1 X63.066 Y58.138 E0.00628
G1 X62.756 Y57.922 E0.00628
G1 X60.05 Y57.204 E0.04656
G1 X59.674 Y57.253 E0.00631
G1 X59.285 Y57.481 E0.0075
G1 X57.438 Y59.327 E0.04343
G1 X57.252 Y59.678 E0.00661
G1 X57.21 Y60.096 E0.00699
G1 X57.922 Y62.756 E0.04579
G1 X58.142 Y63.066 E0.00632
G1 X58.448 Y63.282 E0.00623
G1 X61.146 Y64.006 E0.04646
G1 X61.53 Y63.96 E0.00643
G0 F7200 X61.521 Y64.02
G0 X58.15 Y63.063
G0 X54.45 Y56.949
G0 X54.458 Y56.888
G1 F1800 X54.809 Y56.698 E0.00664
G1 X56.659 Y54.855 E0.04343
G1 X56.883 Y54.462 E0.00752
G1 X56.938 Y54.071 E0.00657
G1 X56.218 Y51.38 E0.04633
G1 X55.998 Y51.07 E0.00632
G1 X55.721 Y50.856 E0.00582
G1 X52.978 Y50.132 E0.04718
G1 X52.602 Y50.181 E0.00631
G1 X52.213 Y50.409 E0.0075
G1 X50.366 Y52.255 E0.04343
G1 X50.18 Y52.606 E0.00661
G1 X50.138 Y53.024 E0.00699
G1 X50.846 Y55.684 E0.04578
G1 X51.09 Y56.016 E0.00685
G1 X51.38 Y56.218 E0.00588
G1 X54.044 Y56.93 E0.04586
G1 X54.458 Y56.888 E0.00692
G0 F7200 X54.45 Y56.949
G0 X51.079 Y55.992
G0 X47.379 Y49.878
G0 X47.386 Y49.816
G1 F1800 X47.737 Y49.626 E0.00664
G1 X49.587 Y47.783 E0.04343
G1 X49.811 Y47.39 E0.00752
G1 X49.866 Y46.998 E0.00658
G1 X49.142 Y44.311 E0.04628
G1 X48.922 Y44.002 E0.00631
G1 X48.654 Y43.792 E0.00566
G1 X45.918 Y43.058 E0.04711
G1 X45.53 Y43.109 E0.00651
G1 X45.141 Y43.333 E0.00746
G1 X43.291 Y45.192 E0.04362
G1 X43.104 Y45.534 E0.00648
G1 X43.058 Y45.918 E0.00643
G1 X43.782 Y48.616 E0.04646
G1 X44.002 Y48.926 E0.00632
G1 X44.312 Y49.142 E0.00628
G1 X46.972 Y49.858 E0.04581
G1 X47.386 Y49.816 E0.00692
G0 F7200 X47.379 Y49.878
G0 X44.008 Y48.921
G0 X40.319 Y42.798
G0 X40.292 Y42.747
G1 F1800 X40.677 Y42.55 E0.00719
G1 X42.515 Y40.711 E0.04324
G1 X42.743 Y40.318 E0.00756
G1 X42.786 Y39.9 E0.00699
G1 X42.07 Y37.24 E0.04581
G1 X41.854 Y36.926 E0.00634
G1 X41.54 Y36.71 E0.00634
G1 X38.834 Y35.992 E0.04656
G1 X38.458 Y36.041 E0.00631
G1 X38.069 Y36.269 E0.0075
G1 X36.234 Y38.103 E0.04314
G1 X36.044 Y38.458 E0.0067
G1 X36 Y38.823 E0.00611
G1 X36.706 Y41.539 E0.04667
G1 X36.93 Y41.854 E0.00643
G1 X37.203 Y42.064 E0.00573
G1 X39.958 Y42.784 E0.04735
G1 X40.292 Y42.747 E0.00559
G0 F7200 X40.319 Y42.798
G0 X36.935 Y41.852
G0 X33.236 Y35.736
G0 X33.247 Y35.676
G1 F1800 X33.593 Y35.491 E0.00652
G1 X35.443 Y33.643 E0.04349
G1 X35.671 Y33.25 E0.00756
G1 X35.722 Y32.862 E0.00651
G1 X34.998 Y30.164 E0.04646
G1 X34.782 Y29.854 E0.00628
G1 X34.472 Y29.638 E0.00628
G1 X31.766 Y28.92 E0.04656
G1 X31.39 Y28.969 E0.00631
G1 X31.001 Y29.197 E0.0075
G1 X29.154 Y31.043 E0.04343
G1 X28.968 Y31.394 E0.00661
G1 X28.926 Y31.812 E0.00699
G1 X29.638 Y34.472 E0.04579
G1 X29.858 Y34.782 E0.00632
G1 X30.163 Y34.998 E0.00622
G1 X32.831 Y35.718 E0.04596
G1 X33.247 Y35.676 E0.00695
G0 F7200 X33.236 Y35.736
G0 X29.866 Y34.779
G0 X26.165 Y28.665
G0 X26.174 Y28.604
G1 F1800 X26.525 Y28.414 E0.00664
G1 X28.375 Y26.571 E0.04343
G1 X28.599 Y26.178 E0.00752
G1 X28.654 Y25.787 E0.00657
G1 X27.934 Y23.096 E0.04633
G1 X27.71 Y22.782 E0.00641
G1 X27.399 Y22.566 E0.0063
G1 X24.679 Y21.856 E0.04675
G1 X24.31 Y21.905 E0.00619
G1 X23.917 Y22.129 E0.00752
G1 X22.09 Y23.959 E0.043
G1 X21.9 Y24.314 E0.0067
G1 X21.856 Y24.679 E0.00611
G1 X22.566 Y27.399 E0.04675
G1 X22.786 Y27.71 E0.00634
G1 X23.058 Y27.924 E0.00576
G1 X25.76 Y28.646 E0.04651
G1 X26.174 Y28.604 E0.00692
G0 F7200 X26.165 Y28.665
G0 X22.791 Y27.708
G0 X19.094 Y21.594
G0 X19.103 Y21.532
G1 F1800 X19.448 Y21.347 E0.00651
G1 X21.295 Y19.507 E0.04336
G1 X21.526 Y19.107 E0.00768
G1 X21.582 Y18.719 E0.00652
G1 X20.858 Y16.028 E0.04634
G1 X20.642 Y15.714 E0.00634
G1 X20.332 Y15.498 E0.00628
G1 X17.664 Y14.786 E0.04592
G1 X17.242 Y14.829 E0.00705
G1 X16.853 Y15.057 E0.0075
G1 X15.01 Y16.899 E0.04333
G1 X14.824 Y17.25 E0.00661
G1 X14.782 Y17.668 E0.00699
G1 X15.49 Y20.328 E0.04578
G1 X15.714 Y20.642 E0.00641
G1 X15.987 Y20.852 E0.00573
G1 X18.688 Y21.574 E0.04649
G1 X19.103 Y21.532 E0.00694
G0 F7200 X19.094 Y21.594
G0 X15.723 Y20.637
G0 X12.023 Y14.523
G0 X12.03 Y14.46
G1 F1800 X12.375 Y14.278 E0.00649
G1 X14.223 Y12.435 E0.0434
G1 X14.451 Y12.042 E0.00756
G1 X14.5 Y11.67 E0.00624
G1 X13.786 Y8.952 E0.04673
G1 X13.57 Y8.646 E0.00623
G1 X13.26 Y8.426 E0.00632
G1 X10.717 Y7.742 E0.04379
G1 X10.188 Y7.756 E0.0088
G1 X9.762 Y7.998 E0.00815
G1 X7.922 Y9.838 E0.04327
G1 X7.745 Y10.202 E0.00673
G1 X7.742 Y10.717 E0.00856
G1 X8.426 Y13.26 E0.04379
G1 X8.646 Y13.57 E0.00632
G1 X8.956 Y13.786 E0.00628
G1 X11.616 Y14.502 E0.04581
G1 X12.03 Y14.46 E0.00692
G0 F7200 X12.023 Y14.523
G0 X3.31 Y13.661
G1 F1800 X13.661 Y3.31 E0.24344
G0 F7200 X13.943 Y3.593
G1 F1800 X9.761 Y7.775 E0.09835
G1 X9.691 Y7.845
G0 F7200 X10.56 Y7.542
G1 F1800 X14.226 Y3.876 E0.08622
G0 F7200 X14.509 Y4.158
G1 F1800 X11.044 Y7.623 E0.08149
G0 F7200 X11.49 Y7.744
G1 F1800 X14.792 Y4.441 E0.07767
G0 F7200 X15.075 Y4.724
G1 F1800 X11.935 Y7.864 E0.07385
G0 F7200 X12.381 Y7.983
G1 F1800 X15.358 Y5.007 E0.07
G0 F7200 X15.64 Y5.29
G1 F1800 X12.827 Y8.103 E0.06616
G0 F7200 X13.272 Y8.224
G1 F1800 X15.923 Y5.573 E0.06235
G0 F7200 X16.206 Y5.856
G1 F1800 X13.619 Y8.443 E0.06084
G0 F7200 X13.878 Y8.75
G1 F1800 X16.489 Y6.138 E0.06142
G0 F7200 X16.772 Y6.421
G1 F1800 X14.045 Y9.148 E0.06413
G0 F7200 X14.164 Y9.595
G1 F1800 X17.055 Y6.704 E0.06799
G0 F7200 X17.338 Y6.987
G1 F1800 X14.282 Y10.042 E0.07186
G0 F7200 X14.401 Y10.489
G1 F1800 X17.62 Y7.27 E0.07571
G0 F7200 X17.903 Y7.553
G1 F1800 X14.519 Y10.937 E0.07959
G0 F7200 X14.638 Y11.384
G1 F1800 X18.186 Y7.835 E0.08346
G0 F7200 X18.469 Y8.118
G1 F1800 X14.666 Y11.921 E0.08944
G1 X14.596 Y11.991
G0 F7200 X16.848 Y14.831
G1 F1800 X21.015 Y10.664 E0.098
G0 F7200 X21.297 Y10.947
G1 F1800 X17.664 Y14.58 E0.08544
G0 F7200 X18.11 Y14.699
G1 F1800 X21.58 Y11.23 E0.0816
G0 F7200 X21.863 Y11.512
G1 F1800 X18.557 Y14.818 E0.07775
G0 F7200 X19.004 Y14.937
G1 F1800 X22.146 Y11.795 E0.0739
G0 F7200 X22.429 Y12.078
G1 F1800 X19.45 Y15.056 E0.07005
G0 F7200 X19.897 Y15.175
G1 F1800 X22.712 Y12.361 E0.06619
G0 F7200 X22.994 Y12.644
G1 F1800 X20.344 Y15.294 E0.06232
G0 F7200 X20.691 Y15.513
G1 F1800 X23.277 Y12.927 E0.06082
G0 F7200 X23.56 Y13.209
G1 F1800 X20.952 Y15.818 E0.06135
G0 F7200 X21.117 Y16.218
G1 F1800 X23.843 Y13.492 E0.06411
G0 F7200 X24.126 Y13.775
G1 F1800 X21.237 Y16.664 E0.06794
G0 F7200 X21.357 Y17.11
G1 F1800 X24.409 Y14.058 E0.07178
G0 F7200 X24.691 Y14.341
G1 F1800 X21.477 Y17.555 E0.07559
G0 F7200 X21.597 Y18.001
G1 F1800 X24.974 Y14.624 E0.07942
G0 F7200 X25.257 Y14.907
G1 F1800 X21.717 Y18.447 E0.08326
G0 F7200 X21.743 Y18.987
G1 F1800 X25.54 Y15.189 E0.08931
G0 F7200 X25.823 Y15.472
G1 F1800 X15.472 Y25.823 E0.24344
G0 F7200 X15.755 Y26.106
G1 F1800 X26.106 Y15.755 E0.24344
G0 F7200 X26.389 Y16.038
G1 F1800 X16.038 Y26.389 E0.24344
G0 F7200 X16.321 Y26.671
G1 F1800 X26.671 Y16.321 E0.24342
G0 F7200 X26.954 Y16.604
G1 F1800 X16.604 Y26.954 E0.24342
G0 F7200 X16.886 Y27.237
G1 F1800 X27.237 Y16.886 E0.24344
G0 F7200 X27.52 Y17.169
G1 F1800 X17.169 Y27.52 E0.24344
G0 F7200 X17.452 Y27.803
G1 F1800 X27.803 Y17.452 E0.24344
G0 F7200 X28.086 Y17.735
G1 F1800 X23.921 Y21.9 E0.09795
G1 X23.851 Y21.97
G0 F7200 X24.729 Y21.657
G1 F1800 X28.368 Y18.018 E0.08558
G0 F7200 X28.651 Y18.301
G1 F1800 X25.177 Y21.775 E0.0817
G0 F7200 X25.625 Y21.893
G1 F1800 X28.934 Y18.583 E0.07783
G0 F7200 X29.217 Y18.866
G1 F1800 X26.072 Y22.011 E0.07397
G0 F7200 X26.52 Y22.129
G1 F1800 X29.5 Y19.149 E0.07009
G0 F7200 X29.783 Y19.432
G1 F1800 X26.968 Y22.246 E0.06619
G0 F7200 X27.416 Y22.364
G1 F1800 X30.065 Y19.715 E0.0623
G0 F7200 X30.348 Y19.998
G1 F1800 X27.768 Y22.578 E0.06068
G0 F7200 X28.035 Y22.876
G1 F1800 X30.631 Y20.281 E0.06104
G0 F7200 X30.914 Y20.563
G1 F1800 X28.192 Y23.286 E0.06403
G0 F7200 X28.311 Y23.732
G1 F1800 X31.197 Y20.846 E0.06787
G0 F7200 X31.48 Y21.129
G1 F1800 X28.431 Y24.178 E0.07171
G0 F7200 X28.55 Y24.624
G1 F1800 X31.763 Y21.412 E0.07555
G0 F7200 X32.045 Y21.695
G1 F1800 X28.67 Y25.07 E0.07937
G0 F7200 X28.789 Y25.517
G1 F1800 X32.328 Y21.978 E0.08323
G0 F7200 X32.611 Y22.26
G1 F1800 X28.815 Y26.056 E0.08928
G1 X28.745 Y26.126
G0 F7200 X30.985 Y28.978
G1 F1800 X35.157 Y24.806 E0.09812
G0 F7200 X35.439 Y25.089
G1 F1800 X31.809 Y28.719 E0.08537
G0 F7200 X32.255 Y28.839
G1 F1800 X35.722 Y25.372 E0.08154
G0 F7200 X36.005 Y25.655
G1 F1800 X32.702 Y28.958 E0.07768
G0 F7200 X33.148 Y29.078
G1 F1800 X36.288 Y25.937 E0.07386
G0 F7200 X36.571 Y26.22
G1 F1800 X33.594 Y29.197 E0.07001
G0 F7200 X34.04 Y29.317
G1 F1800 X36.854 Y26.503 E0.06618
G0 F7200 X37.137 Y26.786
G1 F1800 X34.486 Y29.436 E0.06234
G0 F7200 X34.834 Y29.654
G1 F1800 X37.419 Y27.069 E0.0608
G0 F7200 X37.702 Y27.352
G1 F1800 X35.093 Y29.961 E0.06136
G0 F7200 X35.258 Y30.362
G1 F1800 X37.985 Y27.634 E0.06415
G0 F7200 X38.268 Y27.917
G1 F1800 X35.378 Y30.807 E0.06797
G0 F7200 X35.497 Y31.253
G1 F1800 X38.551 Y28.2 E0.07181
G0 F7200 X38.834 Y28.483
G1 F1800 X35.618 Y31.699 E0.07564
G0 F7200 X35.737 Y32.145
G1 F1800 X39.116 Y28.766 E0.07947
G0 F7200 X39.399 Y29.049
G1 F1800 X35.857 Y32.591 E0.0833
G0 F7200 X35.886 Y33.127
G1 F1800 X39.682 Y29.331 E0.08928
G0 F7200 X39.965 Y29.614
G1 F1800 X29.614 Y39.965 E0.24344
G0 F7200 X29.897 Y40.248
G1 F1800 X40.248 Y29.897 E0.24344
G0 F7200 X40.531 Y30.18
G1 F1800 X30.18 Y40.531 E0.24344
G0 F7200 X30.463 Y40.813
G1 F1800 X40.813 Y30.463 E0.24342
G0 F7200 X41.096 Y30.746
G1 F1800 X30.746 Y41.096 E0.24342
G0 F7200 X31.029 Y41.378
G1 F1800 X41.379 Y31.029 E0.2434
G0 F7200 X41.662 Y31.311
G1 F1800 X31.312 Y41.661 E0.24342
G0 F7200 X31.595 Y41.944
G1 F1800 X41.945 Y31.594 E0.24342
G0 F7200 X42.228 Y31.877
G1 F1800 X38.059 Y36.045 E0.09804
G1 X37.989 Y36.115
G0 F7200 X38.88 Y35.791
G1 F1800 X42.511 Y32.16 E0.0854
G0 F7200 X42.793 Y32.443
G1 F1800 X39.326 Y35.91 E0.08154
G0 F7200 X39.772 Y36.03
G1 F1800 X43.076 Y32.726 E0.07771
G0 F7200 X43.359 Y33.008
G1 F1800 X40.218 Y36.149 E0.07387
G0 F7200 X40.664 Y36.269
G1 F1800 X43.642 Y33.291 E0.07004
G0 F7200 X43.925 Y33.574
G1 F1800 X41.111 Y36.388 E0.06618
G0 F7200 X41.557 Y36.507
G1 F1800 X44.208 Y33.857 E0.06234
G0 F7200 X44.49 Y34.14
G1 F1800 X41.905 Y36.726 E0.06081
G0 F7200 X42.162 Y37.034
G1 F1800 X44.773 Y34.423 E0.06141
G0 F7200 X45.056 Y34.706
G1 F1800 X42.33 Y37.432 E0.06411
G0 F7200 X42.449 Y37.878
G1 F1800 X45.339 Y34.988 E0.06797
G0 F7200 X45.622 Y35.271
G1 F1800 X42.569 Y38.324 E0.0718
G0 F7200 X42.689 Y38.769
G1 F1800 X45.905 Y35.554 E0.07562
G0 F7200 X46.188 Y35.837
G1 F1800 X42.809 Y39.215 E0.07946
G0 F7200 X42.929 Y39.661
G1 F1800 X46.47 Y36.12 E0.08328
G0 F7200 X46.753 Y36.403
G1 F1800 X42.957 Y40.198 E0.08926
G1 X42.887 Y40.268
G0 F7200 X45.15 Y43.097
G1 F1800 X49.299 Y38.948 E0.09758
G0 F7200 X49.582 Y39.231
G1 F1800 X45.953 Y42.86 E0.08535
G0 F7200 X46.398 Y42.98
G1 F1800 X49.864 Y39.514 E0.08152
G0 F7200 X50.147 Y39.797
G1 F1800 X46.844 Y43.1 E0.07768
G0 F7200 X47.29 Y43.22
G1 F1800 X50.43 Y40.08 E0.07385
G0 F7200 X50.713 Y40.362
G1 F1800 X47.736 Y43.339 E0.07001
G0 F7200 X48.182 Y43.459
G1 F1800 X50.996 Y40.645 E0.06618
G0 F7200 X51.279 Y40.928
G1 F1800 X48.628 Y43.579 E0.06235
G0 F7200 X48.973 Y43.8
G1 F1800 X51.562 Y41.211 E0.06089
G0 F7200 X51.844 Y41.494
G1 F1800 X49.231 Y44.107 E0.06145
G0 F7200 X49.401 Y44.503
G1 F1800 X52.127 Y41.777 E0.06411
G0 F7200 X52.41 Y42.059
G1 F1800 X49.521 Y44.949 E0.06796
G0 F7200 X49.641 Y45.394
G1 F1800 X52.693 Y42.342 E0.07178
G0 F7200 X52.976 Y42.625
G1 F1800 X49.761 Y45.84 E0.07561
G0 F7200 X49.881 Y46.285
G1 F1800 X53.259 Y42.908 E0.07943
G0 F7200 X53.541 Y43.191
G1 F1800 X50.002 Y46.731 E0.08324
G0 F7200 X50.027 Y47.271
G1 F1800 X53.824 Y43.474 E0.0893
G0 F7200 X54.107 Y43.756
G1 F1800 X43.757 Y54.106 E0.24342
G0 F7200 X43.474 Y53.824
G1 F1800 X47.28 Y50.018 E0.08951
G0 F7200 X46.732 Y50
G1 F1800 X43.191 Y53.541 E0.08328
G0 F7200 X42.909 Y53.258
G1 F1800 X46.287 Y49.88 E0.07945
G0 F7200 X45.84 Y49.761
G1 F1800 X42.626 Y52.975 E0.07559
G0 F7200 X42.343 Y52.692
G1 F1800 X45.395 Y49.64 E0.07178
G0 F7200 X44.949 Y49.521
G1 F1800 X42.06 Y52.409 E0.06793
G0 F7200 X41.777 Y52.126
G1 F1800 X44.503 Y49.401 E0.0641
G0 F7200 X44.106 Y49.232
G1 F1800 X41.494 Y51.844 E0.06143
G0 F7200 X41.212 Y51.561
G1 F1800 X43.797 Y48.975 E0.06081
G0 F7200 X43.578 Y48.628
G1 F1800 X40.929 Y51.278 E0.06231
G0 F7200 X40.646 Y50.995
G1 F1800 X43.459 Y48.182 E0.06616
G0 F7200 X43.339 Y47.737
G1 F1800 X40.363 Y50.712 E0.06998
G0 F7200 X40.08 Y50.429
G1 F1800 X43.219 Y47.291 E0.07381
G0 F7200 X43.099 Y46.845
G1 F1800 X39.797 Y50.147 E0.07766
G0 F7200 X39.515 Y49.864
G1 F1800 X42.979 Y46.399 E0.08148
G0 F7200 X42.859 Y45.953
G1 F1800 X39.232 Y49.581 E0.08531
G0 F7200 X38.949 Y49.298
G1 F1800 X43.079 Y45.168 E0.09713
G1 X43.149 Y45.098
G0 F7200 X40.203 Y42.953
G1 F1800 X36.403 Y46.752 E0.08936
G0 F7200 X36.12 Y46.47
G1 F1800 X39.67 Y42.92 E0.08349
G0 F7200 X39.223 Y42.802
G1 F1800 X35.838 Y46.187 E0.07961
G0 F7200 X35.555 Y45.904
G1 F1800 X38.775 Y42.684 E0.07573
G0 F7200 X38.327 Y42.566
G1 F1800 X35.272 Y45.621 E0.07185
G0 F7200 X34.989 Y45.338
G1 F1800 X37.879 Y42.448 E0.06797
G0 F7200 X37.431 Y42.33
G1 F1800 X34.706 Y45.055 E0.06409
G0 F7200 X34.423 Y44.773
G1 F1800 X37.035 Y42.161 E0.06143
G0 F7200 X36.726 Y41.905
G1 F1800 X34.141 Y44.49 E0.0608
G0 F7200 X33.858 Y44.207
G1 F1800 X36.504 Y41.561 E0.06223
G0 F7200 X36.386 Y41.113
G1 F1800 X33.575 Y43.924 E0.06611
G0 F7200 X33.292 Y43.641
G1 F1800 X36.269 Y40.664 E0.07001
G0 F7200 X36.152 Y40.215
G1 F1800 X33.009 Y43.358 E0.07392
G0 F7200 X32.726 Y43.076
G1 F1800 X36.035 Y39.767 E0.07782
G0 F7200 X35.917 Y39.319
G1 F1800 X32.443 Y42.793 E0.0817
G0 F7200 X32.161 Y42.51
G1 F1800 X35.8 Y38.87 E0.0856
G0 F7200 X36.006 Y38.099
G1 F1800 X31.878 Y42.227 E0.09708
G1 X31.808 Y42.297
G0 F7200 X29.331 Y39.682
G1 F1800 X33.123 Y35.891 E0.08917
G0 F7200 X32.589 Y35.859
G1 F1800 X29.049 Y39.399 E0.08326
G0 F7200 X28.766 Y39.116
G1 F1800 X32.144 Y35.739 E0.07943
G0 F7200 X31.698 Y35.618
G1 F1800 X28.483 Y38.834 E0.07562
G0 F7200 X28.2 Y38.551
G1 F1800 X31.253 Y35.498 E0.0718
G0 F7200 X30.807 Y35.378
G1 F1800 X27.917 Y38.268 E0.06797
G0 F7200 X27.634 Y37.985
G1 F1800 X30.362 Y35.258 E0.06415
G0 F7200 X29.964 Y35.09
G1 F1800 X27.352 Y37.702 E0.06143
G0 F7200 X27.069 Y37.419
G1 F1800 X29.655 Y34.833 E0.06082
G0 F7200 X29.435 Y34.487
G1 F1800 X26.786 Y37.137 E0.06231
G0 F7200 X26.503 Y36.854
G1 F1800 X29.316 Y34.041 E0.06616
G0 F7200 X29.196 Y33.595
G1 F1800 X26.22 Y36.571 E0.06999
G0 F7200 X25.937 Y36.288
G1 F1800 X29.077 Y33.148 E0.07385
G0 F7200 X28.957 Y32.702
G1 F1800 X25.655 Y36.005 E0.07767
G0 F7200 X25.372 Y35.722
G1 F1800 X28.838 Y32.256 E0.08152
G0 F7200 X28.718 Y31.81
G1 F1800 X25.089 Y35.439 E0.08535
G0 F7200 X24.806 Y35.157
G1 F1800 X28.945 Y31.017 E0.09735
G1 X29.015 Y30.947
G0 F7200 X26.066 Y28.805
G1 F1800 X22.26 Y32.611 E0.08951
G0 F7200 X21.978 Y32.328
G1 F1800 X25.518 Y28.788 E0.08326
G0 F7200 X25.072 Y28.668
G1 F1800 X21.695 Y32.045 E0.07942
G0 F7200 X21.412 Y31.763
G1 F1800 X24.625 Y28.549 E0.07558
G0 F7200 X24.179 Y28.43
G1 F1800 X21.129 Y31.48 E0.07173
G0 F7200 X20.846 Y31.197
G1 F1800 X23.733 Y28.31 E0.0679
G0 F7200 X23.286 Y28.191
G1 F1800 X20.563 Y30.914 E0.06404
G0 F7200 X20.281 Y30.631
G1 F1800 X22.889 Y28.023 E0.06134
G0 F7200 X22.59 Y27.756
G1 F1800 X19.998 Y30.348 E0.06096
G0 F7200 X19.715 Y30.065
G1 F1800 X22.364 Y27.417 E0.06229
G0 F7200 X22.246 Y26.969
G1 F1800 X19.432 Y29.783 E0.06618
G0 F7200 X19.149 Y29.5
G1 F1800 X22.128 Y26.521 E0.07006
G0 F7200 X22.01 Y26.073
G1 F1800 X18.866 Y29.217 E0.07394
G0 F7200 X18.583 Y28.934
G1 F1800 X21.893 Y25.625 E0.07783
G0 F7200 X21.775 Y25.177
G1 F1800 X18.301 Y28.651 E0.0817
G0 F7200 X18.018 Y28.368
G1 F1800 X21.657 Y24.729 E0.08558
G1 X21.727 Y24.659
G0 F7200 X21.89 Y23.931
G1 F1800 X17.735 Y28.086 E0.09772
G1 X17.665 Y28.156
G0 F7200 X15.189 Y25.54
G1 F1800 X18.983 Y21.746 E0.08923
G0 F7200 X18.447 Y21.717
G1 F1800 X14.907 Y25.257 E0.08326
G0 F7200 X14.624 Y24.974
G1 F1800 X18.001 Y21.597 E0.07942
G0 F7200 X17.555 Y21.478
G1 F1800 X14.341 Y24.691 E0.07558
G0 F7200 X14.058 Y24.409
G1 F1800 X17.108 Y21.358 E0.07174
G0 F7200 X16.662 Y21.239
G1 F1800 X13.775 Y24.126 E0.0679
G0 F7200 X13.492 Y23.843
G1 F1800 X16.215 Y21.12 E0.06404
G0 F7200 X15.819 Y20.95
G1 F1800 X13.209 Y23.56 E0.06138
G0 F7200 X12.927 Y23.277
G1 F1800 X15.51 Y20.693 E0.06076
G0 F7200 X15.288 Y20.35
G1 F1800 X12.644 Y22.994 E0.06218
G0 F7200 X12.361 Y22.712
G1 F1800 X15.17 Y19.903 E0.06606
G0 F7200 X15.051 Y19.456
G1 F1800 X12.078 Y22.429 E0.06992
G0 F7200 X11.795 Y22.146
G1 F1800 X14.932 Y19.009 E0.07378
G0 F7200 X14.812 Y18.563
G1 F1800 X11.512 Y21.863 E0.07761
G0 F7200 X11.23 Y21.58
G1 F1800 X14.694 Y18.116 E0.08147
G0 F7200 X14.575 Y17.669
G1 F1800 X10.947 Y21.297 E0.08532
G0 F7200 X10.664 Y21.015
G1 F1800 X14.799 Y16.879 E0.09726
G1 X14.869 Y16.809
G0 F7200 X11.908 Y14.679
G1 F1800 X8.118 Y18.469 E0.08913
G0 F7200 X8.401 Y18.752
G1 F1800 X18.752 Y8.401 E0.24344
G0 F7200 X19.035 Y8.684
G1 F1800 X8.684 Y19.035 E0.24344
G0 F7200 X8.967 Y19.317
G1 F1800 X19.317 Y8.967 E0.24342
G0 F7200 X19.6 Y9.25
G1 F1800 X9.25 Y19.6 E0.24342
G0 F7200 X9.533 Y19.883
G1 F1800 X19.883 Y9.533 E0.24342
G0 F7200 X20.166 Y9.815
G1 F1800 X9.815 Y20.166 E0.24344
G0 F7200 X10.098 Y20.449
G1 F1800 X20.449 Y10.098 E0.24344
G0 F7200 X20.732 Y10.381
G1 F1800 X10.381 Y20.732 E0.24344
G1 X10.311 Y20.802
G0 F7200 X7.835 Y18.186
G1 F1800 X11.377 Y14.645 E0.08329
G0 F7200 X10.931 Y14.525
G1 F1800 X7.553 Y17.903 E0.07945
G0 F7200 X7.27 Y17.62
G1 F1800 X10.486 Y14.404 E0.07564
G0 F7200 X10.04 Y14.285
G1 F1800 X6.987 Y17.338 E0.0718
G0 F7200 X6.704 Y17.055
G1 F1800 X9.594 Y14.165 E0.06797
G0 F7200 X9.149 Y14.045
G1 F1800 X6.421 Y16.772 E0.06415
G0 F7200 X6.138 Y16.489
G1 F1800 X8.751 Y13.876 E0.06145
G0 F7200 X8.442 Y13.62
G1 F1800 X5.856 Y16.206 E0.06082
G0 F7200 X5.573 Y15.923
G1 F1800 X8.223 Y13.273 E0.06232
G0 F7200 X8.103 Y12.828
G1 F1800 X5.29 Y15.64 E0.06615
G0 F7200 X5.007 Y15.358
G1 F1800 X7.983 Y12.382 E0.06999
G0 F7200 X7.863 Y11.936
G1 F1800 X4.724 Y15.075 E0.07382
G0 F7200 X4.441 Y14.792
G1 F1800 X7.743 Y11.49 E0.07766
G0 F7200 X7.623 Y11.045
G1 F1800 X4.158 Y14.509 E0.08148
G0 F7200 X3.876 Y14.226
G1 F1800 X7.539 Y10.563 E0.08615
G0 F7200 X7.691 Y9.845
G1 F1800 X3.593 Y13.943 E0.09638
G1 X3.523 Y14.013
G0 F7200 X22.543 Y32.894
G1 F1800 X32.894 Y22.543 E0.24344
G0 F7200 X33.177 Y22.826
G1 F1800 X22.826 Y33.177 E0.24344
G0 F7200 X23.109 Y33.46
G1 F1800 X33.46 Y23.109 E0.24344
G0 F7200 X33.742 Y23.392
G1 F1800 X23.392 Y33.742 E0.24342
G0 F7200 X23.675 Y34.025
G1 F1800 X34.025 Y23.675 E0.24342
G0 F7200 X34.308 Y23.957
G1 F1800 X23.957 Y34.308 E0.24344
G0 F7200 X24.24 Y34.591
G1 F1800 X34.591 Y24.24 E0.24344
G0 F7200 X34.874 Y24.523
G1 F1800 X24.523 Y34.874 E0.24344
G1 X24.453 Y34.944
G0 F7200 X36.686 Y47.035
G1 F1800 X47.036 Y36.685 E0.24342
G0 F7200 X47.319 Y36.968
G1 F1800 X36.969 Y47.318 E0.24342
G0 F7200 X37.252 Y47.601
G1 F1800 X47.602 Y37.251 E0.24342
G0 F7200 X47.885 Y37.534
G1 F1800 X37.535 Y47.884 E0.24342
G0 F7200 X37.817 Y48.167
G1 F1800 X48.167 Y37.817 E0.24342
G0 F7200 X48.45 Y38.1
G1 F1800 X38.1 Y48.45 E0.24342
G0 F7200 X38.383 Y48.732
G1 F1800 X48.733 Y38.382 E0.24342
G0 F7200 X49.016 Y38.665
G1 F1800 X38.666 Y49.015 E0.24342
G1 X38.596 Y49.085
G0 F7200 X44.04 Y54.389
G1 F1800 X54.39 Y44.039 E0.24342
G0 F7200 X54.673 Y44.322
G1 F1800 X44.323 Y54.672 E0.24342
G0 F7200 X44.606 Y54.955
G1 F1800 X54.956 Y44.605 E0.24342
G0 F7200 X55.238 Y44.888
G1 F1800 X44.889 Y55.238 E0.2434
G0 F7200 X45.171 Y55.521
G1 F1800 X55.521 Y45.171 E0.24342
G0 F7200 X55.804 Y45.454
G1 F1800 X45.454 Y55.803 E0.2434
G0 F7200 X45.737 Y56.086
G1 F1800 X56.087 Y45.736 E0.24342
G0 F7200 X56.37 Y46.019
G1 F1800 X52.204 Y50.185 E0.09798
G1 X52.134 Y50.255
G0 F7200 X53.023 Y49.932
G1 F1800 X56.653 Y46.302 E0.08537
G0 F7200 X56.936 Y46.585
G1 F1800 X53.47 Y50.05 E0.0815
G0 F7200 X53.917 Y50.169
G1 F1800 X57.218 Y46.868 E0.07763
G0 F7200 X57.501 Y47.151
G1 F1800 X54.364 Y50.288 E0.07378
G0 F7200 X54.811 Y50.407
G1 F1800 X57.784 Y47.433 E0.06993
G0 F7200 X58.067 Y47.716
G1 F1800 X55.257 Y50.526 E0.06609
G0 F7200 X55.704 Y50.645
G1 F1800 X58.35 Y47.999 E0.06223
G0 F7200 X58.633 Y48.282
G1 F1800 X56.047 Y50.867 E0.06081
G0 F7200 X56.306 Y51.174
G1 F1800 X58.915 Y48.565 E0.06136
G0 F7200 X59.198 Y48.848
G1 F1800 X56.476 Y51.57 E0.06402
G0 F7200 X56.595 Y52.016
G1 F1800 X59.481 Y49.13 E0.06787
G0 F7200 X59.764 Y49.413
G1 F1800 X56.715 Y52.462 E0.07171
G0 F7200 X56.834 Y52.909
G1 F1800 X60.047 Y49.696 E0.07556
G0 F7200 X60.33 Y49.979
G1 F1800 X56.954 Y53.355 E0.0794
G0 F7200 X57.073 Y53.801
G1 F1800 X60.612 Y50.262 E0.08323
G0 F7200 X60.895 Y50.545
G1 F1800 X57.1 Y54.34 E0.08925
G1 X57.03 Y54.41
G0 F7200 X59.271 Y57.26
G1 F1800 X63.441 Y53.09 E0.09807
G0 F7200 X63.724 Y53.373
G1 F1800 X60.093 Y57.003 E0.08538
G0 F7200 X60.54 Y57.123
G1 F1800 X64.007 Y53.656 E0.08154
G0 F7200 X64.289 Y53.939
G1 F1800 X60.986 Y57.242 E0.07768
G0 F7200 X61.432 Y57.362
G1 F1800 X64.572 Y54.222 E0.07385
G0 F7200 X64.855 Y54.504
G1 F1800 X61.878 Y57.481 E0.07001
G0 F7200 X62.324 Y57.601
G1 F1800 X65.138 Y54.787 E0.06618
G0 F7200 X65.421 Y55.07
G1 F1800 X62.771 Y57.72 E0.06232
G0 F7200 X63.119 Y57.938
G1 F1800 X65.704 Y55.353 E0.0608
G0 F7200 X65.986 Y55.636
G1 F1800 X63.375 Y58.247 E0.06141
G0 F7200 X63.542 Y58.646
G1 F1800 X66.269 Y55.919 E0.06413
G0 F7200 X66.552 Y56.202
G1 F1800 X63.662 Y59.091 E0.06796
G0 F7200 X63.782 Y59.538
G1 F1800 X66.835 Y56.484 E0.07181
G0 F7200 X67.118 Y56.767
G1 F1800 X63.901 Y59.984 E0.07566
G0 F7200 X64.021 Y60.429
G1 F1800 X67.401 Y57.05 E0.07948
G0 F7200 X67.684 Y57.333
G1 F1800 X64.141 Y60.876 E0.08333
G0 F7200 X64.171 Y61.412
G1 F1800 X67.966 Y57.616 E0.08926
G0 F7200 X68.249 Y57.899
G1 F1800 X57.899 Y68.249 E0.24342
G0 F7200 X58.182 Y68.531
G1 F1800 X68.532 Y58.181 E0.24342
G0 F7200 X68.815 Y58.464
G1 F1800 X58.465 Y68.814 E0.24342
G0 F7200 X58.749 Y69.096
G1 F1800 X69.098 Y58.747 E0.24339
G0 F7200 X69.381 Y59.03
G1 F1800 X59.031 Y69.379 E0.2434
G0 F7200 X59.314 Y69.662
G1 F1800 X69.663 Y59.313 E0.24339
G0 F7200 X69.946 Y59.596
G1 F1800 X59.597 Y69.945 E0.24339
G0 F7200 X59.88 Y70.228
G1 F1800 X70.229 Y59.879 E0.24339
G0 F7200 X70.512 Y60.161
G1 F1800 X66.337 Y64.336 E0.09819
G1 X66.267 Y64.406
G0 F7200 X67.165 Y64.074
G1 F1800 X70.795 Y60.444 E0.08537
G0 F7200 X71.078 Y60.727
G1 F1800 X67.611 Y64.194 E0.08154
G0 F7200 X68.057 Y64.313
G1 F1800 X71.361 Y61.01 E0.07769
G0 F7200 X71.643 Y61.293
G1 F1800 X68.503 Y64.433 E0.07385
G0 F7200 X68.949 Y64.552
G1 F1800 X71.926 Y61.576 E0.07
G0 F7200 X72.209 Y61.858
G1 F1800 X69.395 Y64.672 E0.06618
G0 F7200 X69.842 Y64.791
G1 F1800 X72.492 Y62.141 E0.06232
G0 F7200 X72.775 Y62.424
G1 F1800 X70.188 Y65.011 E0.06084
G0 F7200 X70.445 Y65.32
G1 F1800 X73.058 Y62.707 E0.06145
G0 F7200 X73.34 Y62.99
G1 F1800 X70.613 Y65.717 E0.06413
G0 F7200 X70.733 Y66.163
G1 F1800 X73.623 Y63.273 E0.06797
G0 F7200 X73.906 Y63.555
G1 F1800 X70.852 Y66.609 E0.07183
G0 F7200 X70.972 Y67.056
G1 F1800 X74.189 Y63.838 E0.07567
G0 F7200 X74.472 Y64.121
G1 F1800 X71.09 Y67.503 E0.07954
G0 F7200 X71.21 Y67.949
G1 F1800 X74.755 Y64.404 E0.08337
G0 F7200 X75.037 Y64.687
G1 F1800 X71.238 Y68.486 E0.08935
G1 X71.168 Y68.556
G0 F7200 X73.416 Y71.399
G1 F1800 X77.583 Y67.232 E0.098
G0 F7200 X77.3 Y66.95
G1 F1800 X66.951 Y77.299 E0.24339
G0 F7200 X67.234 Y77.582
G1 F1800 X71.363 Y73.452 E0.09712
G1 X71.433 Y73.382
G0 F7200 X71.143 Y74.238
G1 F1800 X67.517 Y77.864 E0.08528
G0 F7200 X67.8 Y78.147
G1 F1800 X71.264 Y74.683 E0.08147
G0 F7200 X71.383 Y75.129
G1 F1800 X68.082 Y78.43 E0.07763
G0 F7200 X68.365 Y78.713
G1 F1800 X71.503 Y75.575 E0.0738
G0 F7200 X71.623 Y76.021
G1 F1800 X68.648 Y78.996 E0.06997
G0 F7200 X68.931 Y79.279
G1 F1800 X71.743 Y76.467 E0.06613
G0 F7200 X71.863 Y76.913
G1 F1800 X69.214 Y79.562 E0.0623
G0 F7200 X69.497 Y79.844
G1 F1800 X72.082 Y77.259 E0.0608
G0 F7200 X72.39 Y77.517
G1 F1800 X69.779 Y80.127 E0.06139
G0 F7200 X70.062 Y80.41
G1 F1800 X72.787 Y77.686 E0.06408
G0 F7200 X73.235 Y77.803
G1 F1800 X70.345 Y80.693 E0.06797
G0 F7200 X70.628 Y80.976
G1 F1800 X73.683 Y77.92 E0.07186
G0 F7200 X74.132 Y78.038
G1 F1800 X70.911 Y81.259 E0.07575
G0 F7200 X71.194 Y81.541
G1 F1800 X74.58 Y78.155 E0.07963
G0 F7200 X75.028 Y78.272
G1 F1800 X71.476 Y81.824 E0.08354
G0 F7200 X71.759 Y82.107
G1 F1800 X75.561 Y78.305 E0.08942
G1 X75.631 Y78.235
G0 F7200 X78.433 Y80.525
G1 F1800 X74.305 Y84.653 E0.09708
G0 F7200 X74.588 Y84.936
G1 F1800 X78.215 Y81.308 E0.08531
G0 F7200 X78.334 Y81.755
G1 F1800 X74.871 Y85.218 E0.08144
G0 F7200 X75.153 Y85.501
G1 F1800 X78.453 Y82.202 E0.0776
G0 F7200 X78.572 Y82.649
G1 F1800 X75.436 Y85.784 E0.07374
G0 F7200 X75.719 Y86.067
G1 F1800 X78.69 Y83.096 E0.06987
G0 F7200 X78.809 Y83.543
G1 F1800 X76.002 Y86.35 E0.06602
G0 F7200 X76.285 Y86.633
G1 F1800 X78.928 Y83.989 E0.06217
G0 F7200 X79.151 Y84.332
G1 F1800 X76.568 Y86.915 E0.06075
G0 F7200 X76.85 Y87.198
G1 F1800 X79.459 Y84.59 E0.06135
G0 F7200 X79.855 Y84.759
G1 F1800 X77.133 Y87.481 E0.06402
G0 F7200 X77.416 Y87.764
G1 F1800 X80.301 Y84.879 E0.06785
G0 F7200 X80.747 Y84.998
G1 F1800 X77.699 Y88.047 E0.0717
G0 F7200 X77.982 Y88.33
G1 F1800 X81.194 Y85.118 E0.07554
G0 F7200 X81.64 Y85.237
G1 F1800 X78.265 Y88.613 E0.07939
G0 F7200 X78.548 Y88.895
G1 F1800 X82.087 Y85.356 E0.08323
G0 F7200 X82.635 Y85.374
G1 F1800 X78.83 Y89.178 E0.08948
G0 F7200 X79.113 Y89.461
G1 F1800 X89.462 Y79.112 E0.24339
G0 F7200 X89.18 Y78.829
G1 F1800 X85.383 Y82.625 E0.08929
G0 F7200 X85.358 Y82.085
G1 F1800 X88.897 Y78.546 E0.08323
G0 F7200 X88.614 Y78.263
G1 F1800 X85.238 Y81.639 E0.0794
G0 F7200 X85.119 Y81.193
G1 F1800 X88.331 Y77.98 E0.07555
G0 F7200 X88.048 Y77.698
G1 F1800 X84.999 Y80.747 E0.07171
G0 F7200 X84.88 Y80.3
G1 F1800 X87.765 Y77.415 E0.06785
G0 F7200 X87.483 Y77.132
G1 F1800 X84.76 Y79.854 E0.06403
G0 F7200 X84.59 Y79.458
G1 F1800 X87.2 Y76.849 E0.06137
G0 F7200 X86.917 Y76.566
G1 F1800 X84.332 Y79.151 E0.0608
G0 F7200 X83.989 Y78.929
G1 F1800 X86.634 Y76.283 E0.06222
G0 F7200 X86.351 Y76.001
G1 F1800 X83.542 Y78.81 E0.06606
G0 F7200 X83.095 Y78.691
G1 F1800 X86.068 Y75.718 E0.06992
G0 F7200 X85.785 Y75.435
G1 F1800 X82.648 Y78.572 E0.07378
G0 F7200 X82.202 Y78.453
G1 F1800 X85.503 Y75.152 E0.07763
G0 F7200 X85.22 Y74.869
G1 F1800 X81.755 Y78.334 E0.08149
G0 F7200 X81.308 Y78.215
G1 F1800 X84.937 Y74.586 E0.08535
G0 F7200 X84.654 Y74.303
G1 F1800 X80.496 Y78.462 E0.0978
G1 X80.426 Y78.532
G0 F7200 X78.311 Y75.555
G1 F1800 X82.109 Y71.758 E0.08931
G0 F7200 X82.391 Y72.041
G1 F1800 X72.042 Y82.39 E0.24339
G0 F7200 X72.325 Y82.673
G1 F1800 X82.674 Y72.324 E0.24339
G0 F7200 X82.957 Y72.606
G1 F1800 X72.608 Y82.956 E0.2434
G0 F7200 X72.891 Y83.238
G1 F1800 X83.24 Y72.889 E0.24339
G0 F7200 X83.523 Y73.172
G1 F1800 X73.174 Y83.521 E0.24339
G0 F7200 X73.456 Y83.804
G1 F1800 X83.806 Y73.455 E0.2434
G0 F7200 X84.088 Y73.738
G1 F1800 X73.739 Y84.087 E0.24339
G0 F7200 X74.022 Y84.37
G1 F1800 X84.371 Y74.021 E0.24339
G1 X84.441 Y73.951
G0 F7200 X81.826 Y71.475
G1 F1800 X78.285 Y75.016 E0.08328
G0 F7200 X78.166 Y74.569
G1 F1800 X81.543 Y71.192 E0.07942
G0 F7200 X81.26 Y70.909
G1 F1800 X78.045 Y74.124 E0.07561
G0 F7200 X77.925 Y73.678
G1 F1800 X80.977 Y70.627 E0.07177
G0 F7200 X80.694 Y70.344
G1 F1800 X77.805 Y73.233 E0.06794
G0 F7200 X77.685 Y72.787
G1 F1800 X80.411 Y70.061 E0.06411
G0 F7200 X80.129 Y69.778
G1 F1800 X77.515 Y72.391 E0.06147
G0 F7200 X77.257 Y72.084
G1 F1800 X79.846 Y69.495 E0.06089
G0 F7200 X79.563 Y69.212
G1 F1800 X76.912 Y71.863 E0.06235
G0 F7200 X76.467 Y71.743
G1 F1800 X79.28 Y68.929 E0.06617
G0 F7200 X78.997 Y68.647
G1 F1800 X76.02 Y71.624 E0.07001
G0 F7200 X75.574 Y71.504
G1 F1800 X78.714 Y68.364 E0.07385
G0 F7200 X78.432 Y68.081
G1 F1800 X75.129 Y71.384 E0.07768
G0 F7200 X74.682 Y71.264
G1 F1800 X78.149 Y67.798 E0.08153
G0 F7200 X77.866 Y67.515
G1 F1800 X74.237 Y71.144 E0.08535
G1 X74.167 Y71.214
G0 F7200 X77.017 Y66.667
G1 F1800 X66.668 Y77.016 E0.24339
G0 F7200 X66.385 Y76.733
G1 F1800 X76.735 Y66.384 E0.2434
G0 F7200 X76.452 Y66.101
G1 F1800 X66.102 Y76.45 E0.2434
G0 F7200 X65.82 Y76.167
G1 F1800 X76.169 Y65.818 E0.24339
G0 F7200 X75.886 Y65.535
G1 F1800 X65.537 Y75.885 E0.2434
G0 F7200 X65.254 Y75.602
G1 F1800 X75.603 Y65.253 E0.24339
G0 F7200 X75.32 Y64.97
G1 F1800 X64.971 Y75.319 E0.24339
G0 F7200 X64.688 Y75.036
G1 F1800 X68.483 Y71.241 E0.08925
G0 F7200 X67.949 Y71.209
G1 F1800 X64.405 Y74.753 E0.08335
G0 F7200 X64.123 Y74.47
G1 F1800 X67.503 Y71.09 E0.07949
G0 F7200 X67.056 Y70.972
G1 F1800 X63.84 Y74.188 E0.07564
G0 F7200 X63.557 Y73.905
G1 F1800 X66.609 Y70.853 E0.07178
G0 F7200 X66.162 Y70.734
G1 F1800 X63.274 Y73.622 E0.06792
G0 F7200 X62.991 Y73.339
G1 F1800 X65.715 Y70.615 E0.06406
G0 F7200 X65.319 Y70.446
G1 F1800 X62.708 Y73.056 E0.06139
G0 F7200 X62.426 Y72.773
G1 F1800 X65.011 Y70.188 E0.0608
G0 F7200 X64.791 Y69.842
G1 F1800 X62.143 Y72.49 E0.06228
G0 F7200 X61.86 Y72.208
G1 F1800 X64.671 Y69.396 E0.06612
G0 F7200 X64.552 Y68.95
G1 F1800 X61.577 Y71.925 E0.06997
G0 F7200 X61.294 Y71.642
G1 F1800 X64.432 Y68.504 E0.0738
G0 F7200 X64.313 Y68.058
G1 F1800 X61.011 Y71.359 E0.07765
G0 F7200 X60.728 Y71.076
G1 F1800 X64.193 Y67.611 E0.08149
G0 F7200 X64.074 Y67.165
G1 F1800 X60.446 Y70.793 E0.08532
G0 F7200 X60.163 Y70.511
G1 F1800 X64.304 Y66.37 E0.09739
G1 X64.374 Y66.3
G0 F7200 X61.423 Y64.159
G1 F1800 X57.616 Y67.966 E0.08953
G0 F7200 X57.334 Y67.683
G1 F1800 X60.877 Y64.14 E0.08333
G0 F7200 X60.431 Y64.02
G1 F1800 X57.051 Y67.4 E0.07949
G0 F7200 X56.768 Y67.117
G1 F1800 X59.985 Y63.901 E0.07565
G0 F7200 X59.538 Y63.781
G1 F1800 X56.485 Y66.834 E0.0718
G0 F7200 X56.202 Y66.551
G1 F1800 X59.093 Y63.661 E0.06798
G0 F7200 X58.647 Y63.541
G1 F1800 X55.919 Y66.269 E0.06416
G0 F7200 X55.637 Y65.986
G1 F1800 X58.249 Y63.374 E0.06143
G0 F7200 X57.94 Y63.117
G1 F1800 X55.354 Y65.703 E0.06082
G0 F7200 X55.071 Y65.42
G1 F1800 X57.72 Y62.771 E0.0623
G0 F7200 X57.6 Y62.325
G1 F1800 X54.788 Y65.137 E0.06613
G0 F7200 X54.505 Y64.854
G1 F1800 X57.481 Y61.879 E0.06998
G0 F7200 X57.361 Y61.433
G1 F1800 X54.222 Y64.572 E0.07382
G0 F7200 X53.94 Y64.289
G1 F1800 X57.242 Y60.987 E0.07766
G0 F7200 X57.122 Y60.54
G1 F1800 X53.657 Y64.006 E0.0815
G0 F7200 X53.374 Y63.723
G1 F1800 X57.003 Y60.094 E0.08535
G1 X57.073 Y60.024
G0 F7200 X57.23 Y59.302
G1 F1800 X53.091 Y63.44 E0.09733
G0 F7200 X52.808 Y63.157
G1 F1800 X63.158 Y52.807 E0.24342
G0 F7200 X62.875 Y52.525
G1 F1800 X52.525 Y62.875 E0.24342
G0 F7200 X52.242 Y62.592
G1 F1800 X62.592 Y52.242 E0.24342
G0 F7200 X62.31 Y51.959
G1 F1800 X51.96 Y62.309 E0.24342
G0 F7200 X51.677 Y62.026
G1 F1800 X62.027 Y51.676 E0.24342
G0 F7200 X61.744 Y51.393
G1 F1800 X51.394 Y61.743 E0.24342
G0 F7200 X51.111 Y61.46
G1 F1800 X61.461 Y51.11 E0.24342
G0 F7200 X61.178 Y50.828
G1 F1800 X50.828 Y61.177 E0.2434
G0 F7200 X50.545 Y60.895
G1 F1800 X54.35 Y57.09 E0.08949
G0 F7200 X53.802 Y57.072
G1 F1800 X50.263 Y60.612 E0.08324
G0 F7200 X49.98 Y60.329
G1 F1800 X53.355 Y56.953 E0.07939
G0 F7200 X52.909 Y56.834
G1 F1800 X49.697 Y60.046 E0.07554
G0 F7200 X49.414 Y59.763
G1 F1800 X52.463 Y56.714 E0.07171
G0 F7200 X52.016 Y56.595
G1 F1800 X49.131 Y59.48 E0.06785
G0 F7200 X48.848 Y59.198
G1 F1800 X51.57 Y56.476 E0.06402
G0 F7200 X51.161 Y56.319
G1 F1800 X48.566 Y58.915 E0.06104
G0 F7200 X48.283 Y58.632
G1 F1800 X50.862 Y56.052 E0.06067
G0 F7200 X50.644 Y55.704
G1 F1800 X48 Y58.349 E0.06219
G0 F7200 X47.717 Y58.066
G1 F1800 X50.526 Y55.258 E0.06605
G0 F7200 X50.406 Y54.811
G1 F1800 X47.434 Y57.783 E0.0699
G0 F7200 X47.151 Y57.501
G1 F1800 X50.287 Y54.364 E0.07377
G0 F7200 X50.169 Y53.918
G1 F1800 X46.868 Y57.218 E0.07762
G0 F7200 X46.586 Y56.935
G1 F1800 X50.05 Y53.471 E0.08147
G0 F7200 X49.931 Y53.024
G1 F1800 X46.303 Y56.652 E0.08532
G0 F7200 X46.02 Y56.369
G1 F1800 X50.156 Y52.233 E0.09727
G1 X50.226 Y52.163
G0 F7200 X51.079 Y55.992
G0 X79.396 Y89.744
G1 F1800 X89.745 Y79.395 E0.24339
G0 F7200 X90.028 Y79.677
G1 F1800 X79.679 Y90.027 E0.2434
G0 F7200 X79.962 Y90.31
G1 F1800 X90.311 Y79.96 E0.2434
G0 F7200 X90.594 Y80.243
G1 F1800 X80.245 Y90.592 E0.24339
G0 F7200 X80.527 Y90.875
G1 F1800 X90.877 Y80.526 E0.2434
G0 F7200 X91.159 Y80.809
G1 F1800 X80.81 Y91.158 E0.24339
G0 F7200 X81.093 Y91.441
G1 F1800 X91.442 Y81.092 E0.24339
G0 F7200 X91.725 Y81.375
G1 F1800 X87.556 Y85.544 E0.09805
G1 X87.486 Y85.614
G0 F7200 X88.378 Y85.287
G1 F1800 X92.008 Y81.657 E0.08537
G0 F7200 X92.291 Y81.94
G1 F1800 X88.825 Y85.406 E0.08152
G0 F7200 X89.272 Y85.525
G1 F1800 X92.574 Y82.223 E0.07766
G0 F7200 X92.857 Y82.506
G1 F1800 X89.718 Y85.644 E0.07381
G0 F7200 X90.165 Y85.763
G1 F1800 X93.139 Y82.789 E0.06994
G0 F7200 X93.422 Y83.072
G1 F1800 X90.612 Y85.882 E0.06609
G0 F7200 X91.059 Y86
G1 F1800 X93.705 Y83.354 E0.06223
G0 F7200 X93.988 Y83.637
G1 F1800 X91.403 Y86.222 E0.0608
G0 F7200 X91.662 Y86.529
G1 F1800 X94.271 Y83.92 E0.06136
G0 F7200 X94.554 Y84.203
G1 F1800 X91.832 Y86.925 E0.06402
G0 F7200 X91.951 Y87.372
G1 F1800 X94.836 Y84.486 E0.06786
G0 F7200 X95.119 Y84.769
G1 F1800 X92.07 Y87.818 E0.07171
G0 F7200 X92.188 Y88.265
G1 F1800 X95.402 Y85.052 E0.07558
G0 F7200 X95.685 Y85.334
G1 F1800 X92.307 Y88.712 E0.07945
G0 F7200 X92.426 Y89.159
G1 F1800 X95.968 Y85.617 E0.0833
G0 F7200 X96.251 Y85.9
G1 F1800 X92.464 Y89.687 E0.08906
G1 X92.394 Y89.757
G0 F7200 X89.687 Y92.463
G1 F1800 X85.901 Y96.249 E0.08904
G0 F7200 X85.619 Y95.966
G1 F1800 X89.16 Y92.425 E0.08328
G0 F7200 X88.713 Y92.306
G1 F1800 X85.336 Y95.684 E0.07943
G0 F7200 X85.053 Y95.401
G1 F1800 X88.266 Y92.188 E0.07556
G0 F7200 X87.819 Y92.069
G1 F1800 X84.77 Y95.118 E0.07171
G0 F7200 X84.487 Y94.835
G1 F1800 X87.372 Y91.95 E0.06785
G0 F7200 X86.925 Y91.831
G1 F1800 X84.204 Y94.552 E0.06399
G0 F7200 X83.922 Y94.269
G1 F1800 X86.53 Y91.661 E0.06134
G0 F7200 X86.222 Y91.403
G1 F1800 X83.639 Y93.987 E0.06076
G0 F7200 X83.356 Y93.704
G1 F1800 X86 Y91.06 E0.06218
G0 F7200 X85.881 Y90.613
G1 F1800 X83.073 Y93.421 E0.06604
G0 F7200 X82.79 Y93.138
G1 F1800 X85.762 Y90.166 E0.0699
G0 F7200 X85.643 Y89.719
G1 F1800 X82.507 Y92.855 E0.07375
G0 F7200 X82.224 Y92.572
G1 F1800 X85.525 Y89.272 E0.07762
G0 F7200 X85.405 Y88.826
G1 F1800 X81.942 Y92.289 E0.08144
G0 F7200 X81.659 Y92.007
G1 F1800 X85.286 Y88.379 E0.08531
G1 X85.356 Y88.309
G0 F7200 X85.514 Y87.586
G1 F1800 X81.376 Y91.724 E0.09732
G1 X81.306 Y91.794
G0 F7200 X86.184 Y96.532
G1 F1800 X96.534 Y86.183 E0.2434
G1 X96.604 Y86.113
G0 F7200 X96.514 Y86.203
;TIME_ELAPSED:2772.209128
G1 F1500 E-6.5
M82 ;absolute extrusion mode
M107
M104 S0
M140 S0
;Retract the filament
G92 E1
G1 E-1 F300
G28 X0 Y0
M84
M83 ;relative extrusion mode
M104 S0
;End of Gcode
;SETTING_3 {"global_quality": "[general]\\nversion = 4\\nname = Fine #2\\ndefini
;SETTING_3 tion = custom\\n\\n[metadata]\\ntype = quality_changes\\nquality_type
;SETTING_3  = normal\\nsetting_version = 25\\n\\n[values]\\nadhesion_type = none
;SETTING_3 \\n\\n", "extruder_quality": ["[general]\\nversion = 4\\nname = Fine 
;SETTING_3 #2\\ndefinition = fdmprinter\\n\\n[metadata]\\ntype = quality_changes
;SETTING_3 \\nquality_type = normal\\nsetting_version = 25\\nposition = 0\\n\\n[
;SETTING_3 values]\\n\\n"]}
