;FLAVOR:RepRap
;TIME:1660
;Filament used: 0.807394m
;Layer height: 0.1
;MINX:43.2
;MINY:41.7
;MINZ:0.3
;MAXX:56.8
;MAXY:58.3
;MAXZ:20
;TARGET_MACHINE.NAME:Unknown
;Generated with Cura_SteamEngine 5.11.0
T0
M104 S200
M109 S200
G28 ;Home
G1 Z15.0 F6000 ;Move the platform down 15mm
;Prime the extruder
G92 E0
G1 F200 E3
G92 E0
M82 ;absolute extrusion mode
M83 ;relative extrusion mode
G1 F1500 E-6.5
;LAYER_COUNT:198
;LAYER:0
M107
;MESH:head.stl
G0 F3600 X56.272 Y57.9 Z0.3
;TYPE:WALL-INNER
G1 F1500 E6.5
G1 F1800 X56.4 Y57.683 E0.01257
G1 X56.4 Y42.313 E0.76681
G1 X56.274 Y42.101 E0.0123
G1 X43.6 Y42.1 E0.63231
G1 X43.6 Y57.9 E0.78827
G1 X56.272 Y57.9 E0.63221
G0 F3600 X56.354 Y58.3
;TYPE:WALL-OUTER
G1 F1800 X56.635 Y58.12 E0.01665
G1 X56.8 Y57.734 E0.02094
G1 X56.8 Y42.262 E0.7719
G1 X56.635 Y41.879 E0.02081
G1 X56.356 Y41.701 E0.01651
G1 X43.2 Y41.7 E0.65636
G1 X43.2 Y58.3 E0.82818
G1 X56.354 Y58.3 E0.65626
G0 F3600 X56.522 Y58.193
G0 X56.02 Y57.52
;TYPE:SKIN
G1 F1800 X43.98 Y57.52 E0.60068
G1 X43.98 Y42.48 E0.75035
G1 X56.02 Y42.48 E0.60068
G1 X56.02 Y57.52 E0.75035
G0 F3600 X44.18 Y57.191
G1 F1800 X44.309 Y57.319 E0.00907
G0 F3600 X44.874 Y57.319
G1 F1800 X44.18 Y56.625 E0.04897
G0 F3600 X44.18 Y56.059
G1 F1800 X45.44 Y57.319 E0.0889
G0 F3600 X46.006 Y57.319
G1 F1800 X44.18 Y55.494 E0.1288
G0 F3600 X44.18 Y54.928
G1 F1800 X46.571 Y57.319 E0.1687
G0 F3600 X47.137 Y57.319
G1 F1800 X44.18 Y54.362 E0.20863
G0 F3600 X44.18 Y53.797
G1 F1800 X47.703 Y57.319 E0.24853
G0 F3600 X48.269 Y57.319
G1 F1800 X44.18 Y53.231 E0.28847
G0 F3600 X44.18 Y52.665
G1 F1800 X48.834 Y57.319 E0.32836
G0 F3600 X49.4 Y57.319
G1 F1800 X44.18 Y52.1 E0.36826
G0 F3600 X44.18 Y51.534
G1 F1800 X49.966 Y57.319 E0.4082
G0 F3600 X50.531 Y57.319
G1 F1800 X44.18 Y50.968 E0.4481
G0 F3600 X44.18 Y50.403
G1 F1800 X51.097 Y57.319 E0.488
G0 F3600 X51.663 Y57.319
G1 F1800 X44.18 Y49.837 E0.52793
G0 F3600 X44.18 Y49.271
G1 F1800 X52.228 Y57.319 E0.56783
G0 F3600 X52.794 Y57.319
G1 F1800 X44.18 Y48.706 E0.60773
G0 F3600 X44.18 Y48.14
G1 F1800 X53.36 Y57.319 E0.64766
G0 F3600 X53.925 Y57.319
G1 F1800 X44.18 Y47.574 E0.68756
G0 F3600 X44.18 Y47.008
G1 F1800 X54.491 Y57.319 E0.7275
G0 F3600 X55.057 Y57.319
G1 F1800 X44.18 Y46.443 E0.7674
G0 F3600 X44.18 Y45.877
G1 F1800 X55.622 Y57.319 E0.80729
G0 F3600 X55.82 Y56.951
G1 F1800 X44.18 Y45.311 E0.82126
G0 F3600 X44.18 Y44.746
G1 F1800 X55.82 Y56.385 E0.82123
G0 F3600 X55.82 Y55.82
G1 F1800 X44.18 Y44.18 E0.82126
G0 F3600 X44.18 Y43.614
G1 F1800 X55.82 Y55.254 E0.82126
G0 F3600 X55.82 Y54.688
G1 F1800 X44.18 Y43.049 E0.82123
G0 F3600 X44.377 Y42.68
G1 F1800 X55.82 Y54.123 E0.80737
G0 F3600 X55.82 Y53.557
G1 F1800 X44.943 Y42.68 E0.76743
G0 F3600 X45.509 Y42.68
G1 F1800 X55.82 Y52.991 E0.7275
G0 F3600 X55.82 Y52.426
G1 F1800 X46.074 Y42.68 E0.68763
G0 F3600 X46.64 Y42.68
G1 F1800 X55.82 Y51.86 E0.6477
G0 F3600 X55.82 Y51.294
G1 F1800 X47.206 Y42.68 E0.60776
G0 F3600 X47.771 Y42.68
G1 F1800 X55.82 Y50.729 E0.5679
G0 F3600 X55.82 Y50.163
G1 F1800 X48.337 Y42.68 E0.52797
G0 F3600 X48.903 Y42.68
G1 F1800 X55.82 Y49.597 E0.48803
G0 F3600 X55.82 Y49.031
G1 F1800 X49.468 Y42.68 E0.44813
G0 F3600 X50.034 Y42.68
G1 F1800 X55.82 Y48.466 E0.40823
G0 F3600 X55.82 Y47.9
G1 F1800 X50.6 Y42.68 E0.3683
G0 F3600 X51.166 Y42.68
G1 F1800 X55.82 Y47.334 E0.32836
G0 F3600 X55.82 Y46.769
G1 F1800 X51.731 Y42.68 E0.2885
G0 F3600 X52.297 Y42.68
G1 F1800 X55.82 Y46.203 E0.24857
G0 F3600 X55.82 Y45.637
G1 F1800 X52.863 Y42.68 E0.20863
G0 F3600 X53.428 Y42.68
G1 F1800 X55.82 Y45.072 E0.16877
G0 F3600 X55.82 Y44.506
G1 F1800 X53.994 Y42.68 E0.12883
G0 F3600 X54.56 Y42.68
G1 F1800 X55.82 Y43.94 E0.0889
G0 F3600 X55.82 Y43.375
G1 F1800 X55.125 Y42.68 E0.04904
G0 F3600 X55.691 Y42.68
G1 F1800 X55.82 Y42.809 E0.0091
G0 F3600 X55.79 Y42.809
;MESH:NONMESH
G0 F600 X55.79 Y42.809 Z0.4
G0 F3600 X56.128 Y57.605
G0 X56.272 Y57.9
;TIME_ELAPSED:24.672128
;LAYER:1
M106 S255
;TYPE:WALL-INNER
;MESH:head.stl
G1 F2700 X56.4 Y57.683 E0.00419
G1 X56.4 Y42.335 E0.25524
G1 X56.346 Y42.176 E0.00279
G1 X56.255 Y42.1 E0.00197
G1 X43.6 Y42.1 E0.21045
G1 X43.6 Y57.9 E0.26276
G1 X56.272 Y57.9 E0.21074
G0 F5400 X56.354 Y58.3
;TYPE:WALL-OUTER
G1 F1800 X56.635 Y58.12 E0.00555
G1 X56.8 Y57.734 E0.00698
G1 X56.8 Y42.269 E0.25718
G1 X56.702 Y41.979 E0.00509
G1 X56.557 Y41.802 E0.00381
G1 X56.346 Y41.7 E0.0039
G1 X43.2 Y41.7 E0.21862
G1 X43.2 Y58.3 E0.27606
G1 X56.354 Y58.3 E0.21875
G0 F5400 X56.522 Y58.193
G0 X56.02 Y57.52
;TYPE:SKIN
G1 F1800 X43.98 Y57.52 E0.20023
G1 X43.98 Y42.48 E0.25012
G1 X56.02 Y42.48 E0.20023
G1 X56.02 Y57.52 E0.25012
G0 F5400 X55.82 Y56.752
G1 F1800 X55.251 Y57.32 E0.01337
G0 F5400 X54.686 Y57.32
G1 F1800 X55.82 Y56.186 E0.02667
G0 F5400 X55.82 Y55.62
G1 F1800 X54.12 Y57.32 E0.03998
G0 F5400 X53.554 Y57.32
G1 F1800 X55.82 Y55.055 E0.05328
G0 F5400 X55.82 Y54.489
G1 F1800 X52.988 Y57.32 E0.06659
G0 F5400 X52.423 Y57.32
G1 F1800 X55.82 Y53.923 E0.07989
G0 F5400 X55.82 Y53.358
G1 F1800 X51.857 Y57.32 E0.09319
G0 F5400 X51.291 Y57.32
G1 F1800 X55.82 Y52.792 E0.1065
G0 F5400 X55.82 Y52.226
G1 F1800 X50.726 Y57.32 E0.1198
G0 F5400 X50.16 Y57.32
G1 F1800 X55.82 Y51.661 E0.1331
G0 F5400 X55.82 Y51.095
G1 F1800 X49.594 Y57.32 E0.14641
G0 F5400 X49.029 Y57.32
G1 F1800 X55.82 Y50.529 E0.15971
G0 F5400 X55.82 Y49.963
G1 F1800 X48.463 Y57.32 E0.17303
G0 F5400 X47.897 Y57.32
G1 F1800 X55.82 Y49.398 E0.18633
G0 F5400 X55.82 Y48.832
G1 F1800 X47.332 Y57.32 E0.19962
G0 F5400 X46.766 Y57.32
G1 F1800 X55.82 Y48.266 E0.21294
G0 F5400 X55.82 Y47.701
G1 F1800 X46.2 Y57.32 E0.22624
G0 F5400 X45.635 Y57.32
G1 F1800 X55.82 Y47.135 E0.23954
G0 F5400 X55.82 Y46.569
G1 F1800 X45.069 Y57.32 E0.25285
G0 F5400 X44.503 Y57.32
G1 F1800 X55.82 Y46.004 E0.26615
G0 F5400 X55.82 Y45.438
G1 F1800 X44.18 Y57.078 E0.27375
G0 F5400 X44.18 Y56.512
G1 F1800 X55.82 Y44.872 E0.27375
G0 F5400 X55.82 Y44.307
G1 F1800 X44.18 Y55.946 E0.27374
G0 F5400 X44.18 Y55.381
G1 F1800 X55.82 Y43.741 E0.27375
G0 F5400 X55.82 Y43.175
G1 F1800 X44.18 Y54.815 E0.27375
G0 F5400 X44.18 Y54.249
G1 F1800 X55.75 Y42.68 E0.2721
G0 F5400 X55.184 Y42.68
G1 F1800 X44.18 Y53.684 E0.2588
G0 F5400 X44.18 Y53.118
G1 F1800 X54.618 Y42.68 E0.24549
G0 F5400 X54.053 Y42.68
G1 F1800 X44.18 Y52.552 E0.23219
G0 F5400 X44.18 Y51.986
G1 F1800 X53.487 Y42.68 E0.21887
G0 F5400 X52.921 Y42.68
G1 F1800 X44.18 Y51.421 E0.20557
G0 F5400 X44.18 Y50.855
G1 F1800 X52.356 Y42.68 E0.19228
G0 F5400 X51.79 Y42.68
G1 F1800 X44.18 Y50.289 E0.17896
G0 F5400 X44.18 Y49.724
G1 F1800 X51.224 Y42.68 E0.16566
G0 F5400 X50.659 Y42.68
G1 F1800 X44.18 Y49.158 E0.15236
G0 F5400 X44.18 Y48.592
G1 F1800 X50.093 Y42.68 E0.13905
G0 F5400 X49.527 Y42.68
G1 F1800 X44.18 Y48.027 E0.12575
G0 F5400 X44.18 Y47.461
G1 F1800 X48.961 Y42.68 E0.11244
G0 F5400 X48.396 Y42.68
G1 F1800 X44.18 Y46.895 E0.09914
G0 F5400 X44.18 Y46.33
G1 F1800 X47.83 Y42.68 E0.08584
G0 F5400 X47.264 Y42.68
G1 F1800 X44.18 Y45.764 E0.07253
G0 F5400 X44.18 Y45.198
G1 F1800 X46.699 Y42.68 E0.05923
G0 F5400 X46.133 Y42.68
G1 F1800 X44.18 Y44.633 E0.04593
G0 F5400 X44.18 Y44.067
G1 F1800 X45.567 Y42.68 E0.03262
G0 F5400 X45.002 Y42.68
G1 F1800 X44.18 Y43.501 E0.01932
G0 F5400 X44.18 Y42.936
G1 F1800 X44.436 Y42.68 E0.00602
G0 F5400 X44.436 Y42.71
;MESH:NONMESH
G0 F600 X44.436 Y42.71 Z0.5
G0 F5400 X56.128 Y57.605
G0 X56.272 Y57.9
;TIME_ELAPSED:45.270339
;LAYER:2
;TYPE:WALL-INNER
;MESH:head.stl
G1 F3600 X56.4 Y57.683 E0.00419
G1 X56.4 Y42.313 E0.2556
G1 X56.274 Y42.101 E0.0041
G1 X43.6 Y42.1 E0.21077
G1 X43.6 Y57.9 E0.26276
G1 X56.272 Y57.9 E0.21074
G0 F7200 X56.354 Y58.3
;TYPE:WALL-OUTER
G1 F1800 X56.635 Y58.12 E0.00555
G1 X56.8 Y57.734 E0.00698
G1 X56.8 Y42.262 E0.2573
G1 X56.635 Y41.879 E0.00694
G1 X56.356 Y41.701 E0.0055
G1 X43.2 Y41.7 E0.21879
G1 X43.2 Y58.3 E0.27606
G1 X56.354 Y58.3 E0.21875
G0 F7200 X56.522 Y58.193
G0 X56.02 Y57.52
;TYPE:SKIN
G1 F1800 X43.98 Y57.52 E0.20023
G1 X43.98 Y42.48 E0.25012
G1 X56.02 Y42.48 E0.20023
G1 X56.02 Y57.52 E0.25012
G0 F7200 X44.18 Y57.191
G1 F1800 X44.309 Y57.319 E0.00302
G0 F7200 X44.874 Y57.319
G1 F1800 X44.18 Y56.625 E0.01632
G0 F7200 X44.18 Y56.059
G1 F1800 X45.44 Y57.319 E0.02963
G0 F7200 X46.006 Y57.319
G1 F1800 X44.18 Y55.494 E0.04293
G0 F7200 X44.18 Y54.928
G1 F1800 X46.571 Y57.319 E0.05623
G0 F7200 X47.137 Y57.319
G1 F1800 X44.18 Y54.362 E0.06954
G0 F7200 X44.18 Y53.797
G1 F1800 X47.703 Y57.319 E0.08284
G0 F7200 X48.269 Y57.319
G1 F1800 X44.18 Y53.231 E0.09616
G0 F7200 X44.18 Y52.665
G1 F1800 X48.834 Y57.319 E0.10945
G0 F7200 X49.4 Y57.319
G1 F1800 X44.18 Y52.1 E0.12275
G0 F7200 X44.18 Y51.534
G1 F1800 X49.966 Y57.319 E0.13607
G0 F7200 X50.531 Y57.319
G1 F1800 X44.18 Y50.968 E0.14937
G0 F7200 X44.18 Y50.403
G1 F1800 X51.097 Y57.319 E0.16267
G0 F7200 X51.663 Y57.319
G1 F1800 X44.18 Y49.837 E0.17598
G0 F7200 X44.18 Y49.271
G1 F1800 X52.228 Y57.319 E0.18928
G0 F7200 X52.794 Y57.319
G1 F1800 X44.18 Y48.706 E0.20258
G0 F7200 X44.18 Y48.14
G1 F1800 X53.36 Y57.319 E0.21589
G0 F7200 X53.925 Y57.319
G1 F1800 X44.18 Y47.574 E0.22919
G0 F7200 X44.18 Y47.008
G1 F1800 X54.491 Y57.319 E0.2425
G0 F7200 X55.057 Y57.319
G1 F1800 X44.18 Y46.443 E0.2558
G0 F7200 X44.18 Y45.877
G1 F1800 X55.622 Y57.319 E0.2691
G0 F7200 X55.82 Y56.951
G1 F1800 X44.18 Y45.311 E0.27375
G0 F7200 X44.18 Y44.746
G1 F1800 X55.82 Y56.385 E0.27374
G0 F7200 X55.82 Y55.82
G1 F1800 X44.18 Y44.18 E0.27375
G0 F7200 X44.18 Y43.614
G1 F1800 X55.82 Y55.254 E0.27375
G0 F7200 X55.82 Y54.688
G1 F1800 X44.18 Y43.049 E0.27374
G0 F7200 X44.377 Y42.68
G1 F1800 X55.82 Y54.123 E0.26912
G0 F7200 X55.82 Y53.557
G1 F1800 X44.943 Y42.68 E0.25581
G0 F7200 X45.509 Y42.68
G1 F1800 X55.82 Y52.991 E0.2425
G0 F7200 X55.82 Y52.426
G1 F1800 X46.074 Y42.68 E0.22921
G0 F7200 X46.64 Y42.68
G1 F1800 X55.82 Y51.86 E0.2159
G0 F7200 X55.82 Y51.294
G1 F1800 X47.206 Y42.68 E0.20259
G0 F7200 X47.771 Y42.68
G1 F1800 X55.82 Y50.729 E0.1893
G0 F7200 X55.82 Y50.163
G1 F1800 X48.337 Y42.68 E0.17599
G0 F7200 X48.903 Y42.68
G1 F1800 X55.82 Y49.597 E0.16268
G0 F7200 X55.82 Y49.031
G1 F1800 X49.468 Y42.68 E0.14938
G0 F7200 X50.034 Y42.68
G1 F1800 X55.82 Y48.466 E0.13608
G0 F7200 X55.82 Y47.9
G1 F1800 X50.6 Y42.68 E0.12277
G0 F7200 X51.166 Y42.68
G1 F1800 X55.82 Y47.334 E0.10945
G0 F7200 X55.82 Y46.769
G1 F1800 X51.731 Y42.68 E0.09617
G0 F7200 X52.297 Y42.68
G1 F1800 X55.82 Y46.203 E0.08286
G0 F7200 X55.82 Y45.637
G1 F1800 X52.863 Y42.68 E0.06954
G0 F7200 X53.428 Y42.68
G1 F1800 X55.82 Y45.072 E0.05626
G0 F7200 X55.82 Y44.506
G1 F1800 X53.994 Y42.68 E0.04294
G0 F7200 X54.56 Y42.68
G1 F1800 X55.82 Y43.94 E0.02963
G0 F7200 X55.82 Y43.375
G1 F1800 X55.125 Y42.68 E0.01635
G0 F7200 X55.691 Y42.68
G1 F1800 X55.82 Y42.809 E0.00303
G0 F7200 X55.79 Y42.809
;MESH:NONMESH
G0 F600 X55.79 Y42.809 Z0.6
G0 F7200 X56.128 Y57.605
G0 X56.272 Y57.9
;TIME_ELAPSED:65.635181
;LAYER:3
;TYPE:WALL-INNER
;MESH:head.stl
G1 F3600 X56.4 Y57.683 E0.00419
G1 X56.4 Y42.313 E0.2556
G1 X56.274 Y42.101 E0.0041
G1 X43.6 Y42.1 E0.21077
G1 X43.6 Y57.9 E0.26276
G1 X56.272 Y57.9 E0.21074
G0 F7200 X56.354 Y58.3
;TYPE:WALL-OUTER
G1 F1800 X56.635 Y58.12 E0.00555
G1 X56.8 Y57.734 E0.00698
G1 X56.8 Y42.262 E0.2573
G1 X56.635 Y41.879 E0.00694
G1 X56.356 Y41.701 E0.0055
G1 X43.2 Y41.7 E0.21879
G1 X43.2 Y58.3 E0.27606
G1 X56.354 Y58.3 E0.21875
G0 F7200 X56.522 Y58.193
G0 X56.02 Y57.52
;TYPE:SKIN
G1 F1800 X43.98 Y57.52 E0.20023
G1 X43.98 Y42.48 E0.25012
G1 X56.02 Y42.48 E0.20023
G1 X56.02 Y57.52 E0.25012
G0 F7200 X55.82 Y56.752
G1 F1800 X55.251 Y57.32 E0.01337
G0 F7200 X54.686 Y57.32
G1 F1800 X55.82 Y56.186 E0.02667
G0 F7200 X55.82 Y55.62
G1 F1800 X54.12 Y57.32 E0.03998
G0 F7200 X53.554 Y57.32
G1 F1800 X55.82 Y55.055 E0.05328
G0 F7200 X55.82 Y54.489
G1 F1800 X52.988 Y57.32 E0.06659
G0 F7200 X52.423 Y57.32
G1 F1800 X55.82 Y53.923 E0.07989
G0 F7200 X55.82 Y53.358
G1 F1800 X51.857 Y57.32 E0.09319
G0 F7200 X51.291 Y57.32
G1 F1800 X55.82 Y52.792 E0.1065
G0 F7200 X55.82 Y52.226
G1 F1800 X50.726 Y57.32 E0.1198
G0 F7200 X50.16 Y57.32
G1 F1800 X55.82 Y51.661 E0.1331
G0 F7200 X55.82 Y51.095
G1 F1800 X49.594 Y57.32 E0.14641
G0 F7200 X49.029 Y57.32
G1 F1800 X55.82 Y50.529 E0.15971
G0 F7200 X55.82 Y49.963
G1 F1800 X48.463 Y57.32 E0.17303
G0 F7200 X47.897 Y57.32
G1 F1800 X55.82 Y49.398 E0.18633
G0 F7200 X55.82 Y48.832
G1 F1800 X47.332 Y57.32 E0.19962
G0 F7200 X46.766 Y57.32
G1 F1800 X55.82 Y48.266 E0.21294
G0 F7200 X55.82 Y47.701
G1 F1800 X46.2 Y57.32 E0.22624
G0 F7200 X45.635 Y57.32
G1 F1800 X55.82 Y47.135 E0.23954
G0 F7200 X55.82 Y46.569
G1 F1800 X45.069 Y57.32 E0.25285
G0 F7200 X44.503 Y57.32
G1 F1800 X55.82 Y46.004 E0.26615
G0 F7200 X55.82 Y45.438
G1 F1800 X44.18 Y57.078 E0.27375
G0 F7200 X44.18 Y56.512
G1 F1800 X55.82 Y44.872 E0.27375
G0 F7200 X55.82 Y44.307
G1 F1800 X44.18 Y55.946 E0.27374
G0 F7200 X44.18 Y55.381
G1 F1800 X55.82 Y43.741 E0.27375
G0 F7200 X55.82 Y43.175
G1 F1800 X44.18 Y54.815 E0.27375
G0 F7200 X44.18 Y54.249
G1 F1800 X55.75 Y42.68 E0.2721
G0 F7200 X55.184 Y42.68
G1 F1800 X44.18 Y53.684 E0.2588
G0 F7200 X44.18 Y53.118
G1 F1800 X54.618 Y42.68 E0.24549
G0 F7200 X54.053 Y42.68
G1 F1800 X44.18 Y52.552 E0.23219
G0 F7200 X44.18 Y51.986
G1 F1800 X53.487 Y42.68 E0.21887
G0 F7200 X52.921 Y42.68
G1 F1800 X44.18 Y51.421 E0.20557
G0 F7200 X44.18 Y50.855
G1 F1800 X52.356 Y42.68 E0.19228
G0 F7200 X51.79 Y42.68
G1 F1800 X44.18 Y50.289 E0.17896
G0 F7200 X44.18 Y49.724
G1 F1800 X51.224 Y42.68 E0.16566
G0 F7200 X50.659 Y42.68
G1 F1800 X44.18 Y49.158 E0.15236
G0 F7200 X44.18 Y48.592
G1 F1800 X50.093 Y42.68 E0.13905
G0 F7200 X49.527 Y42.68
G1 F1800 X44.18 Y48.027 E0.12575
G0 F7200 X44.18 Y47.461
G1 F1800 X48.961 Y42.68 E0.11244
G0 F7200 X48.396 Y42.68
G1 F1800 X44.18 Y46.895 E0.09914
G0 F7200 X44.18 Y46.33
G1 F1800 X47.83 Y42.68 E0.08584
G0 F7200 X47.264 Y42.68
G1 F1800 X44.18 Y45.764 E0.07253
G0 F7200 X44.18 Y45.198
G1 F1800 X46.699 Y42.68 E0.05923
G0 F7200 X46.133 Y42.68
G1 F1800 X44.18 Y44.633 E0.04593
G0 F7200 X44.18 Y44.067
G1 F1800 X45.567 Y42.68 E0.03262
G0 F7200 X45.002 Y42.68
G1 F1800 X44.18 Y43.501 E0.01932
G0 F7200 X44.18 Y42.936
G1 F1800 X44.436 Y42.68 E0.00602
G0 F7200 X44.436 Y42.71
;MESH:NONMESH
G0 F600 X44.436 Y42.71 Z0.7
G0 F7200 X56.128 Y57.605
G0 X56.272 Y57.9
;TIME_ELAPSED:85.920295
;LAYER:4
;TYPE:WALL-INNER
;MESH:head.stl
G1 F3600 X56.4 Y57.683 E0.00419
G1 X56.4 Y42.313 E0.2556
G1 X56.274 Y42.101 E0.0041
G1 X43.6 Y42.1 E0.21077
G1 X43.6 Y57.9 E0.26276
G1 X56.272 Y57.9 E0.21074
G0 F7200 X56.354 Y58.3
;TYPE:WALL-OUTER
G1 F1800 X56.635 Y58.12 E0.00555
G1 X56.8 Y57.734 E0.00698
G1 X56.8 Y42.262 E0.2573
G1 X56.635 Y41.879 E0.00694
G1 X56.356 Y41.701 E0.0055
G1 X43.2 Y41.7 E0.21879
G1 X43.2 Y58.3 E0.27606
G1 X56.354 Y58.3 E0.21875
G0 F7200 X56.522 Y58.193
G0 X56.02 Y57.52
;TYPE:SKIN
G1 F1800 X43.98 Y57.52 E0.20023
G1 X43.98 Y42.48 E0.25012
G1 X56.02 Y42.48 E0.20023
G1 X56.02 Y57.52 E0.25012
G0 F7200 X44.18 Y57.191
G1 F1800 X44.309 Y57.319 E0.00302
G0 F7200 X44.874 Y57.319
G1 F1800 X44.18 Y56.625 E0.01632
G0 F7200 X44.18 Y56.059
G1 F1800 X45.44 Y57.319 E0.02963
G0 F7200 X46.006 Y57.319
G1 F1800 X44.18 Y55.494 E0.04293
G0 F7200 X44.18 Y54.928
G1 F1800 X46.571 Y57.319 E0.05623
G0 F7200 X47.137 Y57.319
G1 F1800 X44.18 Y54.362 E0.06954
G0 F7200 X44.18 Y53.797
G1 F1800 X47.703 Y57.319 E0.08284
G0 F7200 X48.269 Y57.319
G1 F1800 X44.18 Y53.231 E0.09616
G0 F7200 X44.18 Y52.665
G1 F1800 X48.834 Y57.319 E0.10945
G0 F7200 X49.4 Y57.319
G1 F1800 X44.18 Y52.1 E0.12275
G0 F7200 X44.18 Y51.534
G1 F1800 X49.966 Y57.319 E0.13607
G0 F7200 X50.531 Y57.319
G1 F1800 X44.18 Y50.968 E0.14937
G0 F7200 X44.18 Y50.403
G1 F1800 X51.097 Y57.319 E0.16267
G0 F7200 X51.663 Y57.319
G1 F1800 X44.18 Y49.837 E0.17598
G0 F7200 X44.18 Y49.271
G1 F1800 X52.228 Y57.319 E0.18928
G0 F7200 X52.794 Y57.319
G1 F1800 X44.18 Y48.706 E0.20258
G0 F7200 X44.18 Y48.14
G1 F1800 X53.36 Y57.319 E0.21589
G0 F7200 X53.925 Y57.319
G1 F1800 X44.18 Y47.574 E0.22919
G0 F7200 X44.18 Y47.008
G1 F1800 X54.491 Y57.319 E0.2425
G0 F7200 X55.057 Y57.319
G1 F1800 X44.18 Y46.443 E0.2558
G0 F7200 X44.18 Y45.877
G1 F1800 X55.622 Y57.319 E0.2691
G0 F7200 X55.82 Y56.951
G1 F1800 X44.18 Y45.311 E0.27375
G0 F7200 X44.18 Y44.746
G1 F1800 X55.82 Y56.385 E0.27374
G0 F7200 X55.82 Y55.82
G1 F1800 X44.18 Y44.18 E0.27375
G0 F7200 X44.18 Y43.614
G1 F1800 X55.82 Y55.254 E0.27375
G0 F7200 X55.82 Y54.688
G1 F1800 X44.18 Y43.049 E0.27374
G0 F7200 X44.377 Y42.68
G1 F1800 X55.82 Y54.123 E0.26912
G0 F7200 X55.82 Y53.557
G1 F1800 X44.943 Y42.68 E0.25581
G0 F7200 X45.509 Y42.68
G1 F1800 X55.82 Y52.991 E0.2425
G0 F7200 X55.82 Y52.426
G1 F1800 X46.074 Y42.68 E0.22921
G0 F7200 X46.64 Y42.68
G1 F1800 X55.82 Y51.86 E0.2159
G0 F7200 X55.82 Y51.294
G1 F1800 X47.206 Y42.68 E0.20259
G0 F7200 X47.771 Y42.68
G1 F1800 X55.82 Y50.729 E0.1893
G0 F7200 X55.82 Y50.163
G1 F1800 X48.337 Y42.68 E0.17599
G0 F7200 X48.903 Y42.68
G1 F1800 X55.82 Y49.597 E0.16268
G0 F7200 X55.82 Y49.031
G1 F1800 X49.468 Y42.68 E0.14938
G0 F7200 X50.034 Y42.68
G1 F1800 X55.82 Y48.466 E0.13608
G0 F7200 X55.82 Y47.9
G1 F1800 X50.6 Y42.68 E0.12277
G0 F7200 X51.166 Y42.68
G1 F1800 X55.82 Y47.334 E0.10945
G0 F7200 X55.82 Y46.769
G1 F1800 X51.731 Y42.68 E0.09617
G0 F7200 X52.297 Y42.68
G1 F1800 X55.82 Y46.203 E0.08286
G0 F7200 X55.82 Y45.637
G1 F1800 X52.863 Y42.68 E0.06954
G0 F7200 X53.428 Y42.68
G1 F1800 X55.82 Y45.072 E0.05626
G0 F7200 X55.82 Y44.506
G1 F1800 X53.994 Y42.68 E0.04294
G0 F7200 X54.56 Y42.68
G1 F1800 X55.82 Y43.94 E0.02963
G0 F7200 X55.82 Y43.375
G1 F1800 X55.125 Y42.68 E0.01635
G0 F7200 X55.691 Y42.68
G1 F1800 X55.82 Y42.809 E0.00303
G0 F7200 X55.79 Y42.809
;MESH:NONMESH
G0 F600 X55.79 Y42.809 Z0.8
G0 F7200 X56.128 Y57.605
G0 X56.272 Y57.9
;TIME_ELAPSED:106.285136
;LAYER:5
;TYPE:WALL-INNER
;MESH:head.stl
G1 F3600 X56.4 Y57.683 E0.00419
G1 X56.4 Y42.313 E0.2556
G1 X56.274 Y42.101 E0.0041
G1 X43.6 Y42.1 E0.21077
G1 X43.6 Y57.9 E0.26276
G1 X56.272 Y57.9 E0.21074
G0 F7200 X56.354 Y58.3
;TYPE:WALL-OUTER
G1 F1800 X56.635 Y58.12 E0.00555
G1 X56.8 Y57.734 E0.00698
G1 X56.8 Y42.262 E0.2573
G1 X56.635 Y41.879 E0.00694
G1 X56.356 Y41.701 E0.0055
G1 X43.2 Y41.7 E0.21879
G1 X43.2 Y58.3 E0.27606
G1 X56.354 Y58.3 E0.21875
G0 F7200 X56.522 Y58.193
G0 X56.02 Y57.52
;TYPE:SKIN
G1 F1800 X43.98 Y57.52 E0.20023
G1 X43.98 Y42.48 E0.25012
G1 X56.02 Y42.48 E0.20023
G1 X56.02 Y57.52 E0.25012
G0 F7200 X55.82 Y56.752
G1 F1800 X55.251 Y57.32 E0.01337
G0 F7200 X54.686 Y57.32
G1 F1800 X55.82 Y56.186 E0.02667
G0 F7200 X55.82 Y55.62
G1 F1800 X54.12 Y57.32 E0.03998
G0 F7200 X53.554 Y57.32
G1 F1800 X55.82 Y55.055 E0.05328
G0 F7200 X55.82 Y54.489
G1 F1800 X52.988 Y57.32 E0.06659
G0 F7200 X52.423 Y57.32
G1 F1800 X55.82 Y53.923 E0.07989
G0 F7200 X55.82 Y53.358
G1 F1800 X51.857 Y57.32 E0.09319
G0 F7200 X51.291 Y57.32
G1 F1800 X55.82 Y52.792 E0.1065
G0 F7200 X55.82 Y52.226
G1 F1800 X50.726 Y57.32 E0.1198
G0 F7200 X50.16 Y57.32
G1 F1800 X55.82 Y51.661 E0.1331
G0 F7200 X55.82 Y51.095
G1 F1800 X49.594 Y57.32 E0.14641
G0 F7200 X49.029 Y57.32
G1 F1800 X55.82 Y50.529 E0.15971
G0 F7200 X55.82 Y49.963
G1 F1800 X48.463 Y57.32 E0.17303
G0 F7200 X47.897 Y57.32
G1 F1800 X55.82 Y49.398 E0.18633
G0 F7200 X55.82 Y48.832
G1 F1800 X47.332 Y57.32 E0.19962
G0 F7200 X46.766 Y57.32
G1 F1800 X55.82 Y48.266 E0.21294
G0 F7200 X55.82 Y47.701
G1 F1800 X46.2 Y57.32 E0.22624
G0 F7200 X45.635 Y57.32
G1 F1800 X55.82 Y47.135 E0.23954
G0 F7200 X55.82 Y46.569
G1 F1800 X45.069 Y57.32 E0.25285
G0 F7200 X44.503 Y57.32
G1 F1800 X55.82 Y46.004 E0.26615
G0 F7200 X55.82 Y45.438
G1 F1800 X44.18 Y57.078 E0.27375
G0 F7200 X44.18 Y56.512
G1 F1800 X55.82 Y44.872 E0.27375
G0 F7200 X55.82 Y44.307
G1 F1800 X44.18 Y55.946 E0.27374
G0 F7200 X44.18 Y55.381
G1 F1800 X55.82 Y43.741 E0.27375
G0 F7200 X55.82 Y43.175
G1 F1800 X44.18 Y54.815 E0.27375
G0 F7200 X44.18 Y54.249
G1 F1800 X55.75 Y42.68 E0.2721
G0 F7200 X55.184 Y42.68
G1 F1800 X44.18 Y53.684 E0.2588
G0 F7200 X44.18 Y53.118
G1 F1800 X54.618 Y42.68 E0.24549
G0 F7200 X54.053 Y42.68
G1 F1800 X44.18 Y52.552 E0.23219
G0 F7200 X44.18 Y51.986
G1 F1800 X53.487 Y42.68 E0.21887
G0 F7200 X52.921 Y42.68
G1 F1800 X44.18 Y51.421 E0.20557
G0 F7200 X44.18 Y50.855
G1 F1800 X52.356 Y42.68 E0.19228
G0 F7200 X51.79 Y42.68
G1 F1800 X44.18 Y50.289 E0.17896
G0 F7200 X44.18 Y49.724
G1 F1800 X51.224 Y42.68 E0.16566
G0 F7200 X50.659 Y42.68
G1 F1800 X44.18 Y49.158 E0.15236
G0 F7200 X44.18 Y48.592
G1 F1800 X50.093 Y42.68 E0.13905
G0 F7200 X49.527 Y42.68
G1 F1800 X44.18 Y48.027 E0.12575
G0 F7200 X44.18 Y47.461
G1 F1800 X48.961 Y42.68 E0.11244
G0 F7200 X48.396 Y42.68
G1 F1800 X44.18 Y46.895 E0.09914
G0 F7200 X44.18 Y46.33
G1 F1800 X47.83 Y42.68 E0.08584
G0 F7200 X47.264 Y42.68
G1 F1800 X44.18 Y45.764 E0.07253
G0 F7200 X44.18 Y45.198
G1 F1800 X46.699 Y42.68 E0.05923
G0 F7200 X46.133 Y42.68
G1 F1800 X44.18 Y44.633 E0.04593
G0 F7200 X44.18 Y44.067
G1 F1800 X45.567 Y42.68 E0.03262
G0 F7200 X45.002 Y42.68
G1 F1800 X44.18 Y43.501 E0.01932
G0 F7200 X44.18 Y42.936
G1 F1800 X44.436 Y42.68 E0.00602
G0 F7200 X44.436 Y42.71
;MESH:NONMESH
G0 F600 X44.436 Y42.71 Z0.9
G0 F7200 X56.128 Y57.605
G0 X56.272 Y57.9
;TIME_ELAPSED:126.570250
;LAYER:6
;TYPE:WALL-INNER
;MESH:head.stl
G1 F3600 X56.4 Y57.683 E0.00419
G1 X56.4 Y42.313 E0.2556
G1 X56.274 Y42.101 E0.0041
G1 X43.6 Y42.1 E0.21077
G1 X43.6 Y57.9 E0.26276
G1 X56.272 Y57.9 E0.21074
G0 F7200 X56.354 Y58.3
;TYPE:WALL-OUTER
G1 F1800 X56.635 Y58.12 E0.00555
G1 X56.8 Y57.734 E0.00698
G1 X56.8 Y42.262 E0.2573
G1 X56.635 Y41.879 E0.00694
G1 X56.356 Y41.701 E0.0055
G1 X43.2 Y41.7 E0.21879
G1 X43.2 Y58.3 E0.27606
G1 X56.354 Y58.3 E0.21875
G0 F7200 X56.522 Y58.193
G0 X56.02 Y57.52
;TYPE:SKIN
G1 F1800 X43.98 Y57.52 E0.20023
G1 X43.98 Y42.48 E0.25012
G1 X56.02 Y42.48 E0.20023
G1 X56.02 Y57.52 E0.25012
G0 F7200 X44.18 Y57.191
G1 F1800 X44.309 Y57.319 E0.00302
G0 F7200 X44.874 Y57.319
G1 F1800 X44.18 Y56.625 E0.01632
G0 F7200 X44.18 Y56.059
G1 F1800 X45.44 Y57.319 E0.02963
G0 F7200 X46.006 Y57.319
G1 F1800 X44.18 Y55.494 E0.04293
G0 F7200 X44.18 Y54.928
G1 F1800 X46.571 Y57.319 E0.05623
G0 F7200 X47.137 Y57.319
G1 F1800 X44.18 Y54.362 E0.06954
G0 F7200 X44.18 Y53.797
G1 F1800 X47.703 Y57.319 E0.08284
G0 F7200 X48.269 Y57.319
G1 F1800 X44.18 Y53.231 E0.09616
G0 F7200 X44.18 Y52.665
G1 F1800 X48.834 Y57.319 E0.10945
G0 F7200 X49.4 Y57.319
G1 F1800 X44.18 Y52.1 E0.12275
G0 F7200 X44.18 Y51.534
G1 F1800 X49.966 Y57.319 E0.13607
G0 F7200 X50.531 Y57.319
G1 F1800 X44.18 Y50.968 E0.14937
G0 F7200 X44.18 Y50.403
G1 F1800 X51.097 Y57.319 E0.16267
G0 F7200 X51.663 Y57.319
G1 F1800 X44.18 Y49.837 E0.17598
G0 F7200 X44.18 Y49.271
G1 F1800 X52.228 Y57.319 E0.18928
G0 F7200 X52.794 Y57.319
G1 F1800 X44.18 Y48.706 E0.20258
G0 F7200 X44.18 Y48.14
G1 F1800 X53.36 Y57.319 E0.21589
G0 F7200 X53.925 Y57.319
G1 F1800 X44.18 Y47.574 E0.22919
G0 F7200 X44.18 Y47.008
G1 F1800 X54.491 Y57.319 E0.2425
G0 F7200 X55.057 Y57.319
G1 F1800 X44.18 Y46.443 E0.2558
G0 F7200 X44.18 Y45.877
G1 F1800 X55.622 Y57.319 E0.2691
G0 F7200 X55.82 Y56.951
G1 F1800 X44.18 Y45.311 E0.27375
G0 F7200 X44.18 Y44.746
G1 F1800 X55.82 Y56.385 E0.27374
G0 F7200 X55.82 Y55.82
G1 F1800 X44.18 Y44.18 E0.27375
G0 F7200 X44.18 Y43.614
G1 F1800 X55.82 Y55.254 E0.27375
G0 F7200 X55.82 Y54.688
G1 F1800 X44.18 Y43.049 E0.27374
G0 F7200 X44.377 Y42.68
G1 F1800 X55.82 Y54.123 E0.26912
G0 F7200 X55.82 Y53.557
G1 F1800 X44.943 Y42.68 E0.25581
G0 F7200 X45.509 Y42.68
G1 F1800 X55.82 Y52.991 E0.2425
G0 F7200 X55.82 Y52.426
G1 F1800 X46.074 Y42.68 E0.22921
G0 F7200 X46.64 Y42.68
G1 F1800 X55.82 Y51.86 E0.2159
G0 F7200 X55.82 Y51.294
G1 F1800 X47.206 Y42.68 E0.20259
G0 F7200 X47.771 Y42.68
G1 F1800 X55.82 Y50.729 E0.1893
G0 F7200 X55.82 Y50.163
G1 F1800 X48.337 Y42.68 E0.17599
G0 F7200 X48.903 Y42.68
G1 F1800 X55.82 Y49.597 E0.16268
G0 F7200 X55.82 Y49.031
G1 F1800 X49.468 Y42.68 E0.14938
G0 F7200 X50.034 Y42.68
G1 F1800 X55.82 Y48.466 E0.13608
G0 F7200 X55.82 Y47.9
G1 F1800 X50.6 Y42.68 E0.12277
G0 F7200 X51.166 Y42.68
G1 F1800 X55.82 Y47.334 E0.10945
G0 F7200 X55.82 Y46.769
G1 F1800 X51.731 Y42.68 E0.09617
G0 F7200 X52.297 Y42.68
G1 F1800 X55.82 Y46.203 E0.08286
G0 F7200 X55.82 Y45.637
G1 F1800 X52.863 Y42.68 E0.06954
G0 F7200 X53.428 Y42.68
G1 F1800 X55.82 Y45.072 E0.05626
G0 F7200 X55.82 Y44.506
G1 F1800 X53.994 Y42.68 E0.04294
G0 F7200 X54.56 Y42.68
G1 F1800 X55.82 Y43.94 E0.02963
G0 F7200 X55.82 Y43.375
G1 F1800 X55.125 Y42.68 E0.01635
G0 F7200 X55.691 Y42.68
G1 F1800 X55.82 Y42.809 E0.00303
G0 F7200 X55.79 Y42.809
;MESH:NONMESH
G0 F600 X55.79 Y42.809 Z1
G0 F7200 X56.128 Y57.605
G0 X56.272 Y57.9
;TIME_ELAPSED:146.935091
;LAYER:7
;TYPE:WALL-INNER
;MESH:head.stl
G1 F3600 X56.4 Y57.683 E0.00419
G1 X56.4 Y42.313 E0.2556
G1 X56.274 Y42.101 E0.0041
G1 X43.6 Y42.1 E0.21077
G1 X43.6 Y57.9 E0.26276
G1 X56.272 Y57.9 E0.21074
G0 F7200 X56.354 Y58.3
;TYPE:WALL-OUTER
G1 F1800 X56.635 Y58.12 E0.00555
G1 X56.8 Y57.734 E0.00698
G1 X56.8 Y42.262 E0.2573
G1 X56.635 Y41.879 E0.00694
G1 X56.356 Y41.701 E0.0055
G1 X43.2 Y41.7 E0.21879
G1 X43.2 Y58.3 E0.27606
G1 X56.354 Y58.3 E0.21875
G0 F7200 X56.522 Y58.193
G0 X56.02 Y57.52
;TYPE:SKIN
G1 F1800 X43.98 Y57.52 E0.20023
G1 X43.98 Y42.48 E0.25012
G1 X56.02 Y42.48 E0.20023
G1 X56.02 Y57.52 E0.25012
G0 F7200 X55.82 Y56.752
G1 F1800 X55.251 Y57.32 E0.01337
G0 F7200 X54.686 Y57.32
G1 F1800 X55.82 Y56.186 E0.02667
G0 F7200 X55.82 Y55.62
G1 F1800 X54.12 Y57.32 E0.03998
G0 F7200 X53.554 Y57.32
G1 F1800 X55.82 Y55.055 E0.05328
G0 F7200 X55.82 Y54.489
G1 F1800 X52.988 Y57.32 E0.06659
G0 F7200 X52.423 Y57.32
G1 F1800 X55.82 Y53.923 E0.07989
G0 F7200 X55.82 Y53.358
G1 F1800 X51.857 Y57.32 E0.09319
G0 F7200 X51.291 Y57.32
G1 F1800 X55.82 Y52.792 E0.1065
G0 F7200 X55.82 Y52.226
G1 F1800 X50.726 Y57.32 E0.1198
G0 F7200 X50.16 Y57.32
G1 F1800 X55.82 Y51.661 E0.1331
G0 F7200 X55.82 Y51.095
G1 F1800 X49.594 Y57.32 E0.14641
G0 F7200 X49.029 Y57.32
G1 F1800 X55.82 Y50.529 E0.15971
G0 F7200 X55.82 Y49.963
G1 F1800 X48.463 Y57.32 E0.17303
G0 F7200 X47.897 Y57.32
G1 F1800 X55.82 Y49.398 E0.18633
G0 F7200 X55.82 Y48.832
G1 F1800 X47.332 Y57.32 E0.19962
G0 F7200 X46.766 Y57.32
G1 F1800 X55.82 Y48.266 E0.21294
G0 F7200 X55.82 Y47.701
G1 F1800 X46.2 Y57.32 E0.22624
G0 F7200 X45.635 Y57.32
G1 F1800 X55.82 Y47.135 E0.23954
G0 F7200 X55.82 Y46.569
G1 F1800 X45.069 Y57.32 E0.25285
G0 F7200 X44.503 Y57.32
G1 F1800 X55.82 Y46.004 E0.26615
G0 F7200 X55.82 Y45.438
G1 F1800 X44.18 Y57.078 E0.27375
G0 F7200 X44.18 Y56.512
G1 F1800 X55.82 Y44.872 E0.27375
G0 F7200 X55.82 Y44.307
G1 F1800 X44.18 Y55.946 E0.27374
G0 F7200 X44.18 Y55.381
G1 F1800 X55.82 Y43.741 E0.27375
G0 F7200 X55.82 Y43.175
G1 F1800 X44.18 Y54.815 E0.27375
G0 F7200 X44.18 Y54.249
G1 F1800 X55.75 Y42.68 E0.2721
G0 F7200 X55.184 Y42.68
G1 F1800 X44.18 Y53.684 E0.2588
G0 F7200 X44.18 Y53.118
G1 F1800 X54.618 Y42.68 E0.24549
G0 F7200 X54.053 Y42.68
G1 F1800 X44.18 Y52.552 E0.23219
G0 F7200 X44.18 Y51.986
G1 F1800 X53.487 Y42.68 E0.21887
G0 F7200 X52.921 Y42.68
G1 F1800 X44.18 Y51.421 E0.20557
G0 F7200 X44.18 Y50.855
G1 F1800 X52.356 Y42.68 E0.19228
G0 F7200 X51.79 Y42.68
G1 F1800 X44.18 Y50.289 E0.17896
G0 F7200 X44.18 Y49.724
G1 F1800 X51.224 Y42.68 E0.16566
G0 F7200 X50.659 Y42.68
G1 F1800 X44.18 Y49.158 E0.15236
G0 F7200 X44.18 Y48.592
G1 F1800 X50.093 Y42.68 E0.13905
G0 F7200 X49.527 Y42.68
G1 F1800 X44.18 Y48.027 E0.12575
G0 F7200 X44.18 Y47.461
G1 F1800 X48.961 Y42.68 E0.11244
G0 F7200 X48.396 Y42.68
G1 F1800 X44.18 Y46.895 E0.09914
G0 F7200 X44.18 Y46.33
G1 F1800 X47.83 Y42.68 E0.08584
G0 F7200 X47.264 Y42.68
G1 F1800 X44.18 Y45.764 E0.07253
G0 F7200 X44.18 Y45.198
G1 F1800 X46.699 Y42.68 E0.05923
G0 F7200 X46.133 Y42.68
G1 F1800 X44.18 Y44.633 E0.04593
G0 F7200 X44.18 Y44.067
G1 F1800 X45.567 Y42.68 E0.03262
G0 F7200 X45.002 Y42.68
G1 F1800 X44.18 Y43.501 E0.01932
G0 F7200 X44.18 Y42.936
G1 F1800 X44.436 Y42.68 E0.00602
G0 F7200 X44.436 Y42.71
;MESH:NONMESH
G0 F600 X44.436 Y42.71 Z1.1
G0 F7200 X43.91 Y43.76
G0 X43.76 Y43.76
;TIME_ELAPSED:167.069068
;LAYER:8
;note -- min layer time used
;TYPE:FILL
;MESH:head.stl
G1 F3482.9 X56.24 Y56.24 E0.29351
G1 X56.31 Y56.31
G0 F7200 X56.09 Y56.31
G0 X56.09 Y55.073
G0 X56.24 Y55.073
G1 F3482.9 X53.573 Y57.74 E0.06272
G1 X53.503 Y57.81
G0 F7200 X53.503 Y57.59
G0 X52.083 Y57.59
G0 X52.083 Y57.74
G1 F3482.9 X43.76 Y49.417 E0.19574
G1 X43.69 Y49.347
G0 F7200 X43.91 Y49.347
G0 X43.91 Y50.582
G0 X43.76 Y50.582
G1 F3482.9 X52.083 Y42.26 E0.19573
G1 X52.153 Y42.19
G0 F7200 X52.153 Y42.41
G0 X53.574 Y42.41
G0 X53.574 Y42.26
G1 F3482.9 X56.24 Y44.926 E0.0627
G1 X56.31 Y44.996
G0 F7200 X56.09 Y44.996
G0 X56.09 Y43.759
G0 X56.24 Y43.759
G1 F3482.9 X43.76 Y56.239 E0.29351
G1 X43.69 Y56.309
G0 F7200 X43.91 Y56.309
G0 X43.91 Y55.074
G0 X43.76 Y55.074
G1 F3482.9 X46.426 Y57.74 E0.0627
G1 X46.496 Y57.81
G0 F7200 X46.496 Y57.59
G0 X47.916 Y57.59
G0 X47.916 Y57.74
G1 F3482.9 X56.24 Y49.416 E0.19577
G1 X56.31 Y49.346
G0 F7200 X56.09 Y49.346
G0 X56.09 Y50.583
G0 X56.24 Y50.583
G1 F3482.9 X47.917 Y42.26 E0.19574
G1 X47.847 Y42.19
G0 F7200 X47.847 Y42.41
G0 X46.426 Y42.41
G0 X46.426 Y42.26
G1 F3482.9 X43.76 Y44.925 E0.06269
G1 X43.69 Y44.995
G0 F7200 X43.91 Y44.995
G0 X56.128 Y57.605
G0 X56.272 Y57.9
;TYPE:WALL-INNER
G1 F3482.9 X56.4 Y57.683 E0.00419
G1 X56.4 Y42.313 E0.2556
G1 X56.275 Y42.1 E0.00411
G1 X43.6 Y42.1 E0.21079
G1 X43.6 Y57.9 E0.26276
G1 X56.272 Y57.9 E0.21074
G0 F7200 X56.354 Y58.3
;TYPE:WALL-OUTER
G1 F1800 X56.635 Y58.12 E0.00555
G1 X56.8 Y57.734 E0.00698
G1 X56.8 Y42.262 E0.2573
G1 X56.635 Y41.879 E0.00694
G1 X56.468 Y41.741 E0.0036
G1 X56.353 Y41.7 E0.00203
G1 X43.2 Y41.7 E0.21874
G1 X43.2 Y58.3 E0.27606
G1 X56.354 Y58.3 E0.21875
G0 F7200 X56.522 Y58.193
G0 X55.79 Y57.348
;MESH:NONMESH
G0 F600 X55.79 Y57.348 Z1.2
G0 F7200 X43.91 Y43.76
G0 X43.76 Y43.76
;TIME_ELAPSED:172.763353
;LAYER:9
;TYPE:FILL
;MESH:head.stl
G1 F3600 X47.4 Y47.4 E0.08561
G1 X47.44 Y47.442
G1 X47.689 Y47.69 E0.00584
G1 X47.774 Y47.776
G1 X53.169 Y53.168 E0.12685
G0 F7200 X53.454 Y53.452
G1 F3600 X53.169 Y53.168 E0.00669
G1 X55.706 Y50.052 E0.06682
G1 X51.658 Y46 E0.09525
G0 F7200 X51.113 Y45.455
G1 F3600 X51.658 Y46 E0.01282
G1 X53.998 Y46 E0.03891
G1 X56.24 Y43.759 E0.05272
G1 X56.31 Y43.689
G0 F7200 X56.09 Y43.689
G0 X56.09 Y44.926
G0 X56.24 Y44.926
G1 F3600 X53.574 Y42.26 E0.0627
G1 X53.504 Y42.19
G0 F7200 X53.504 Y42.41
G0 X52.083 Y42.41
G0 X52.083 Y42.26
G1 F3600 X47.069 Y47.274 E0.11792
G1 X46.999 Y47.344
G0 F7200 X43.91 Y49.417
G0 X43.76 Y49.417
G1 F3600 X46.056 Y51.713 E0.054
G0 F7200 X46.391 Y52.046
G1 F3600 X46.056 Y51.713 E0.00786
G1 X47.069 Y47.274 E0.07572
G1 X43.76 Y50.582 E0.07781
G1 X43.69 Y50.652
G0 F7200 X43.91 Y50.652
G0 X46.725 Y52.381
G1 F3600 X46.391 Y52.046 E0.00787
G1 X47.44 Y47.442 E0.07853
G1 X47.4 Y47.4 E0.00096
G1 X50.824 Y45.166 E0.06799
G1 X47.917 Y42.26 E0.06836
G1 X47.847 Y42.19
G0 F7200 X47.847 Y42.41
G0 X46.426 Y42.41
G0 X46.426 Y42.26
G1 F3600 X43.76 Y44.925 E0.06269
G1 X43.69 Y44.995
G0 F7200 X43.91 Y44.995
G0 X50.824 Y45.166
G1 F3600 X51.113 Y45.455 E0.0068
G1 X47.689 Y47.69 E0.068
G1 X47.774 Y47.776 E0.00201
G1 X46.725 Y52.381 E0.07854
G1 X47.94 Y53.596 E0.02857
G1 X51.275 Y54.38 E0.05697
G1 X51.639 Y54.019 E0.00853
G0 F7200 X51.275 Y54.38
G1 F3600 X47.916 Y57.74 E0.07901
G1 X47.846 Y57.81
G0 F7200 X47.846 Y57.59
G0 X46.426 Y57.59
G0 X46.426 Y57.74
G1 F3600 X43.76 Y55.074 E0.0627
G1 X43.69 Y55.004
G0 F7200 X43.91 Y55.004
G0 X43.91 Y56.239
G0 X43.76 Y56.239
G1 F3600 X53.998 Y46 E0.24079
G1 X54.068 Y45.93
G0 F7200 X53.658 Y48
G1 F3600 X56.2 Y48 E0.04227
G0 F7200 X56.2 Y48.8
G1 F3600 X54.458 Y48.8 E0.02897
G1 X54.358 Y48.8
G0 F7200 X55.706 Y50.052
G1 F3600 X55.991 Y50.335 E0.00668
G1 X53.454 Y53.452 E0.06684
G1 X53.459 Y53.46 E0.00016
G1 X51.639 Y54.019 E0.03166
G1 X56.24 Y49.416 E0.10823
G1 X56.31 Y49.346
G0 F7200 X56.09 Y49.346
G0 X55.991 Y50.335
G1 F3600 X56.24 Y50.583 E0.00584
G0 F7200 X56.09 Y50.583
G0 X53.459 Y53.46
G1 F3600 X56.24 Y56.24 E0.06539
G1 X56.31 Y56.31
G0 F7200 X56.09 Y56.31
G0 X56.09 Y55.073
G0 X56.24 Y55.073
G1 F3600 X53.573 Y57.74 E0.06272
G1 X53.503 Y57.81
G0 F7200 X53.503 Y57.59
G0 X52.083 Y57.59
G0 X52.083 Y57.74
G1 F3600 X47.94 Y53.596 E0.09745
G1 X47.87 Y53.526
G0 F7200 X56.128 Y57.605
G0 X56.272 Y57.9
;TYPE:WALL-INNER
G1 F3600 X56.4 Y57.683 E0.00419
G1 X56.4 Y42.313 E0.2556
G1 X56.274 Y42.101 E0.0041
G1 X43.6 Y42.1 E0.21077
G1 X43.6 Y57.9 E0.26276
G1 X56.272 Y57.9 E0.21074
G0 F7200 X56.354 Y58.3
;TYPE:WALL-OUTER
G1 F1800 X56.635 Y58.12 E0.00555
G1 X56.8 Y57.734 E0.00698
G1 X56.8 Y42.262 E0.2573
G1 X56.635 Y41.879 E0.00694
G1 X56.356 Y41.701 E0.0055
G1 X43.2 Y41.7 E0.21879
G1 X43.2 Y58.3 E0.27606
G1 X56.354 Y58.3 E0.21875
G0 F7200 X56.522 Y58.193
G0 X55.79 Y57.348
;MESH:NONMESH
G0 F600 X55.79 Y57.348 Z1.3
G0 F7200 X43.91 Y43.76
G0 X43.76 Y43.76
;TIME_ELAPSED:179.577865
;LAYER:10
;TYPE:FILL
;MESH:head.stl
G1 F3600 X47.182 Y47.182 E0.08048
G1 X47.271 Y47.071
G1 X43.76 Y50.582 E0.08257
G1 X43.69 Y50.652
G0 F7200 X43.91 Y50.652
G0 X43.91 Y49.417
G0 X43.76 Y49.417
G1 F3600 X47.265 Y52.922 E0.08243
G1 X47.18 Y52.819
G1 X43.76 Y56.239 E0.08043
G1 X43.69 Y56.309
G0 F7200 X43.91 Y56.309
G0 X43.91 Y55.074
G0 X43.76 Y55.074
G1 F3600 X46.426 Y57.74 E0.0627
G1 X46.496 Y57.81
G0 F7200 X46.496 Y57.59
G0 X47.916 Y57.59
G0 X47.916 Y57.74
G1 F3600 X50.902 Y54.753 E0.07024
G1 X50.972 Y54.683
G0 F7200 X48.076 Y53.733
G1 F3600 X52.083 Y57.74 E0.09424
G1 X52.153 Y57.81
G0 F7200 X52.153 Y57.59
G0 X53.573 Y57.59
G0 X53.573 Y57.74
G1 F3600 X56.24 Y55.073 E0.06272
G1 X56.31 Y55.003
G0 F7200 X56.09 Y55.003
G0 X56.09 Y56.24
G0 X56.24 Y56.24
G1 F3600 X53.82 Y53.82 E0.05691
G1 X53.75 Y53.75
G0 F7200 X56.09 Y50.583
G0 X56.24 Y50.583
G1 F3600 X55.754 Y50.097 E0.01143
G1 X55.755 Y49.901
G1 X56.24 Y49.416 E0.01141
G0 F7200 X56.09 Y49.416
G0 X53.818 Y46.181
G1 F3600 X56.24 Y43.759 E0.05696
G1 X56.31 Y43.689
G0 F7200 X56.09 Y43.689
G0 X56.09 Y44.926
G0 X56.24 Y44.926
G1 F3600 X53.574 Y42.26 E0.0627
G1 X53.504 Y42.19
G0 F7200 X53.504 Y42.41
G0 X52.083 Y42.41
G0 X52.083 Y42.26
G1 F3600 X48.083 Y46.26 E0.09407
G1 X48.013 Y46.33
G0 F7200 X50.902 Y45.245
G1 F3600 X47.917 Y42.26 E0.0702
G1 X47.847 Y42.19
G0 F7200 X47.847 Y42.41
G0 X46.426 Y42.41
G0 X46.426 Y42.26
G1 F3600 X43.76 Y44.925 E0.06269
G1 X43.69 Y44.995
G0 F7200 X43.91 Y44.995
G0 X56.127 Y57.605
G0 X56.272 Y57.9
;TYPE:WALL-INNER
G1 F3600 X56.4 Y57.68 E0.00423
G1 X56.4 Y42.313 E0.25555
G1 X56.274 Y42.101 E0.0041
G1 X43.6 Y42.1 E0.21077
G1 X43.6 Y57.9 E0.26276
G1 X56.272 Y57.9 E0.21074
G0 F7200 X56.354 Y58.3
;TYPE:WALL-OUTER
G1 F1800 X56.635 Y58.12 E0.00555
G1 X56.756 Y57.901 E0.00416
G1 X56.8 Y57.73 E0.00294
G1 X56.8 Y42.262 E0.25723
G1 X56.635 Y41.879 E0.00694
G1 X56.356 Y41.701 E0.0055
G1 X43.2 Y41.7 E0.21879
G1 X43.2 Y58.3 E0.27606
G1 X56.354 Y58.3 E0.21875
G0 F7200 X56.522 Y58.193
G0 X56.127 Y57.605
G0 X51.904 Y54.531
;TYPE:SKIN
G1 F1800 X51.003 Y54.622 E0.01506
G1 X50.095 Y54.53 E0.01518
G1 X49.234 Y54.274 E0.01494
G1 X48.436 Y53.841 E0.0151
G1 X47.734 Y53.269 E0.01506
G1 X47.155 Y52.564 E0.01517
G1 X46.726 Y51.766 E0.01507
G1 X46.466 Y50.901 E0.01502
G1 X46.377 Y50 E0.01506
G1 X46.466 Y49.095 E0.01512
G1 X46.726 Y48.23 E0.01502
G1 X47.155 Y47.432 E0.01507
G1 X47.727 Y46.735 E0.01499
G1 X48.428 Y46.159 E0.01509
G1 X49.23 Y45.726 E0.01516
G1 X50.092 Y45.466 E0.01497
G1 X50.993 Y45.378 E0.01505
G1 X51.901 Y45.466 E0.01517
G1 X52.763 Y45.726 E0.01497
G1 X53.56 Y46.152 E0.01503
G1 X54.265 Y46.731 E0.01517
G1 X54.845 Y47.436 E0.01518
G1 X55.27 Y48.225 E0.0149
G1 X55.53 Y49.096 E0.01512
G1 X55.622 Y49.999 E0.01509
G1 X55.53 Y50.9 E0.01506
G1 X55.274 Y51.763 E0.01497
G1 X54.841 Y52.564 E0.01514
G1 X54.269 Y53.262 E0.01501
G1 X53.568 Y53.841 E0.01512
G1 X52.767 Y54.27 E0.01511
G1 X51.904 Y54.531 E0.01499
G0 F7200 X48.625 Y53.716
G1 F1800 X47.278 Y52.369 E0.03168
G1 X47.208 Y52.299
G0 F7200 X46.803 Y51.329
G1 F1800 X49.669 Y54.194 E0.06739
G0 F7200 X50.4 Y54.36
G1 F1800 X46.637 Y50.596 E0.08851
G0 F7200 X46.58 Y49.974
G1 F1800 X51.024 Y54.418 E0.10452
G0 F7200 X51.538 Y54.367
G1 F1800 X46.631 Y49.459 E0.11542
G0 F7200 X46.711 Y48.974
G1 F1800 X52.023 Y54.286 E0.12493
G0 F7200 X52.457 Y54.154
G1 F1800 X46.842 Y48.539 E0.13206
G0 F7200 X47.004 Y48.135
G1 F1800 X52.861 Y53.993 E0.13776
G0 F7200 X53.229 Y53.795
G1 F1800 X47.201 Y47.767 E0.14177
G0 F7200 X47.421 Y47.421
G1 F1800 X53.575 Y53.575 E0.14473
G0 F7200 X53.884 Y53.319
G1 F1800 X47.677 Y47.111 E0.14599
G0 F7200 X47.946 Y46.815
G1 F1800 X54.183 Y53.052 E0.14668
G0 F7200 X54.438 Y52.741
G1 F1800 X48.257 Y46.559 E0.14538
G0 F7200 X48.572 Y46.309
G1 F1800 X54.689 Y52.426 E0.14386
G0 F7200 X54.888 Y52.059
G1 F1800 X48.939 Y46.11 E0.13991
G0 F7200 X49.307 Y45.912
G1 F1800 X55.086 Y51.692 E0.13592
G0 F7200 X55.216 Y51.256
G1 F1800 X49.741 Y45.782 E0.12875
G0 F7200 X50.184 Y45.659
G1 F1800 X55.338 Y50.813 E0.12121
G0 F7200 X55.391 Y50.299
G1 F1800 X50.7 Y45.608 E0.11033
G0 F7200 X51.262 Y45.605
G1 F1800 X55.395 Y49.738 E0.0972
G0 F7200 X55.323 Y49.1
G1 F1800 X51.897 Y45.674 E0.08057
G1 X51.827 Y45.604
G0 F7200 X52.716 Y45.928
G1 F1800 X55.078 Y48.29 E0.05555
G1 X55.148 Y48.36
;MESH:NONMESH
G0 F600 X55.148 Y48.36 Z1.4
G0 F7200 X43.91 Y43.76
G0 X43.76 Y43.76
;TIME_ELAPSED:191.424435
;LAYER:11
;TYPE:FILL
;MESH:head.stl
G1 F3600 X47.181 Y47.181 E0.08046
G1 X47.27 Y47.072
G1 X43.76 Y50.582 E0.08255
G1 X43.69 Y50.652
G0 F7200 X43.91 Y50.652
G0 X43.91 Y49.417
G0 X43.76 Y49.417
G1 F3600 X47.264 Y52.921 E0.08241
G1 X47.18 Y52.819
G1 X43.76 Y56.239 E0.08043
G1 X43.69 Y56.309
G0 F7200 X43.91 Y56.309
G0 X43.91 Y55.074
G0 X43.76 Y55.074
G1 F3600 X46.426 Y57.74 E0.0627
G1 X46.496 Y57.81
G0 F7200 X46.496 Y57.59
G0 X47.916 Y57.59
G0 X47.916 Y57.74
G1 F3600 X50.902 Y54.753 E0.07024
G1 X50.972 Y54.683
G0 F7200 X48.08 Y53.737
G1 F3600 X52.083 Y57.74 E0.09414
G1 X52.153 Y57.81
G0 F7200 X52.153 Y57.59
G0 X53.573 Y57.59
G0 X53.573 Y57.74
G1 F3600 X56.24 Y55.073 E0.06272
G1 X56.31 Y55.003
G0 F7200 X56.09 Y55.003
G0 X56.09 Y56.24
G0 X56.24 Y56.24
G1 F3600 X53.82 Y53.82 E0.05691
G1 X53.75 Y53.75
G0 F7200 X56.09 Y50.583
G0 X56.24 Y50.583
G1 F3600 X55.754 Y50.097 E0.01143
G1 X55.755 Y49.901
G1 X56.24 Y49.416 E0.01141
G0 F7200 X56.09 Y49.416
G0 X53.819 Y46.18
G1 F3600 X56.24 Y43.759 E0.05694
G1 X56.31 Y43.689
G0 F7200 X56.09 Y43.689
G0 X56.09 Y44.926
G0 X56.24 Y44.926
G1 F3600 X53.574 Y42.26 E0.0627
G1 X53.504 Y42.19
G0 F7200 X53.504 Y42.41
G0 X52.083 Y42.41
G0 X52.083 Y42.26
G1 F3600 X48.071 Y46.271 E0.09434
G1 X48.001 Y46.341
G0 F7200 X50.902 Y45.246
G1 F3600 X47.917 Y42.26 E0.07021
G1 X47.847 Y42.19
G0 F7200 X47.847 Y42.41
G0 X46.426 Y42.41
G0 X46.426 Y42.26
G1 F3600 X43.76 Y44.925 E0.06269
G1 X43.69 Y44.995
G0 F7200 X43.91 Y44.995
G0 X56.128 Y57.605
G0 X56.272 Y57.9
;TYPE:WALL-INNER
G1 F3600 X56.4 Y57.68 E0.00423
G1 X56.4 Y42.313 E0.25555
G1 X56.274 Y42.101 E0.0041
G1 X43.6 Y42.1 E0.21077
G1 X43.6 Y57.9 E0.26276
G1 X56.272 Y57.9 E0.21074
G0 F7200 X56.354 Y58.3
;TYPE:WALL-OUTER
G1 F1800 X56.635 Y58.12 E0.00555
G1 X56.756 Y57.901 E0.00416
G1 X56.8 Y57.73 E0.00294
G1 X56.8 Y42.262 E0.25723
G1 X56.635 Y41.879 E0.00694
G1 X56.356 Y41.701 E0.0055
G1 X43.2 Y41.7 E0.21879
G1 X43.2 Y58.3 E0.27606
G1 X56.354 Y58.3 E0.21875
G0 F7200 X56.522 Y58.193
G0 X56.128 Y57.605
G0 X51.904 Y54.53
;TYPE:SKIN
G1 F1800 X51 Y54.622 E0.01511
G1 X50.096 Y54.53 E0.01511
G1 X49.233 Y54.274 E0.01497
G1 X48.432 Y53.841 E0.01514
G1 X47.731 Y53.265 E0.01509
G1 X47.155 Y52.564 E0.01509
G1 X46.726 Y51.766 E0.01507
G1 X46.466 Y50.901 E0.01502
G1 X46.377 Y49.999 E0.01507
G1 X46.466 Y49.096 E0.01509
G1 X46.726 Y48.233 E0.01499
G1 X47.156 Y47.432 E0.01512
G1 X47.731 Y46.731 E0.01508
G1 X48.432 Y46.156 E0.01508
G1 X49.234 Y45.726 E0.01513
G1 X50.122 Y45.456 E0.01544
G1 X50.995 Y45.377 E0.01458
G1 X51.901 Y45.466 E0.01514
G1 X52.766 Y45.726 E0.01502
G1 X53.564 Y46.155 E0.01507
G1 X54.265 Y46.731 E0.01509
G1 X54.841 Y47.432 E0.01509
G1 X55.274 Y48.233 E0.01514
G1 X55.53 Y49.096 E0.01497
G1 X55.622 Y49.999 E0.01509
G1 X55.53 Y50.901 E0.01508
G1 X55.274 Y51.766 E0.015
G1 X54.841 Y52.563 E0.01508
G1 X54.265 Y53.265 E0.0151
G1 X53.563 Y53.841 E0.0151
G1 X52.766 Y54.274 E0.01508
G1 X51.904 Y54.53 E0.01495
G0 F7200 X54.924 Y51.991
G1 F1800 X52.99 Y53.925 E0.04548
G1 X52.92 Y53.995
G0 F7200 X52.08 Y54.269
G1 F1800 X55.267 Y51.081 E0.07497
G0 F7200 X55.379 Y50.404
G1 F1800 X51.403 Y54.38 E0.09351
G0 F7200 X50.815 Y54.403
G1 F1800 X55.402 Y49.816 E0.10788
G0 F7200 X55.349 Y49.302
G1 F1800 X50.301 Y54.35 E0.11872
G0 F7200 X49.84 Y54.246
G1 F1800 X55.245 Y48.841 E0.12712
G0 F7200 X55.115 Y48.405
G1 F1800 X49.404 Y54.116 E0.13431
G0 F7200 X49.022 Y53.933
G1 F1800 X54.932 Y48.022 E0.13901
G0 F7200 X54.734 Y47.655
G1 F1800 X48.655 Y53.734 E0.14297
G0 F7200 X48.327 Y53.496
G1 F1800 X54.496 Y47.327 E0.14509
G0 F7200 X54.241 Y47.017
G1 F1800 X48.017 Y53.241 E0.14638
G0 F7200 X47.737 Y52.955
G1 F1800 X53.956 Y46.736 E0.14626
G0 F7200 X53.646 Y46.48
G1 F1800 X47.482 Y52.645 E0.14498
G0 F7200 X47.248 Y52.312
G1 F1800 X53.314 Y46.247 E0.14265
G0 F7200 X52.946 Y46.049
G1 F1800 X47.05 Y51.945 E0.13866
G0 F7200 X46.873 Y51.557
G1 F1800 X52.557 Y45.872 E0.13369
G0 F7200 X52.122 Y45.741
G1 F1800 X46.742 Y51.122 E0.12654
G0 F7200 X46.643 Y50.655
G1 F1800 X51.655 Y45.643 E0.11787
G0 F7200 X51.14 Y45.592
G1 F1800 X46.592 Y50.14 E0.10696
G0 F7200 X46.623 Y49.543
G1 F1800 X50.548 Y45.619 E0.0923
G0 F7200 X49.855 Y45.746
G1 F1800 X46.748 Y48.853 E0.07307
G1 X46.678 Y48.923
G0 F7200 X47.129 Y47.906
G1 F1800 X48.906 Y46.129 E0.04179
G1 X48.976 Y46.059
;MESH:NONMESH
G0 F600 X48.976 Y46.059 Z1.5
G0 F7200 X43.91 Y43.76
G0 X43.76 Y43.76
;TIME_ELAPSED:203.225081
;LAYER:12
;TYPE:FILL
;MESH:head.stl
G1 F3600 X47.181 Y47.181 E0.08046
G1 X47.27 Y47.072
G1 X43.76 Y50.582 E0.08255
G1 X43.69 Y50.652
G0 F7200 X43.91 Y50.652
G0 X43.91 Y49.417
G0 X43.76 Y49.417
G1 F3600 X47.264 Y52.921 E0.08241
G1 X47.18 Y52.819
G1 X43.76 Y56.239 E0.08043
G1 X43.69 Y56.309
G0 F7200 X43.91 Y56.309
G0 X43.91 Y55.074
G0 X43.76 Y55.074
G1 F3600 X46.426 Y57.74 E0.0627
G1 X46.496 Y57.81
G0 F7200 X46.496 Y57.59
G0 X47.916 Y57.59
G0 X47.916 Y57.74
G1 F3600 X50.902 Y54.753 E0.07024
G1 X50.972 Y54.683
G0 F7200 X48.08 Y53.737
G1 F3600 X52.083 Y57.74 E0.09414
G1 X52.153 Y57.81
G0 F7200 X52.153 Y57.59
G0 X53.573 Y57.59
G0 X53.573 Y57.74
G1 F3600 X56.24 Y55.073 E0.06272
G1 X56.31 Y55.003
G0 F7200 X56.09 Y55.003
G0 X56.09 Y56.24
G0 X56.24 Y56.24
G1 F3600 X53.82 Y53.82 E0.05691
G1 X53.75 Y53.75
G0 F7200 X56.09 Y50.583
G0 X56.24 Y50.583
G1 F3600 X55.754 Y50.097 E0.01143
G1 X55.755 Y49.901
G1 X56.24 Y49.416 E0.01141
G0 F7200 X56.09 Y49.416
G0 X53.819 Y46.18
G1 F3600 X56.24 Y43.759 E0.05694
G1 X56.31 Y43.689
G0 F7200 X56.09 Y43.689
G0 X56.09 Y44.926
G0 X56.24 Y44.926
G1 F3600 X53.574 Y42.26 E0.0627
G1 X53.504 Y42.19
G0 F7200 X53.504 Y42.41
G0 X52.083 Y42.41
G0 X52.083 Y42.26
G1 F3600 X48.071 Y46.271 E0.09434
G1 X48.001 Y46.341
G0 F7200 X50.902 Y45.246
G1 F3600 X47.917 Y42.26 E0.07021
G1 X47.847 Y42.19
G0 F7200 X47.847 Y42.41
G0 X46.426 Y42.41
G0 X46.426 Y42.26
G1 F3600 X43.76 Y44.925 E0.06269
G1 X43.69 Y44.995
G0 F7200 X43.91 Y44.995
G0 X56.128 Y57.605
G0 X56.272 Y57.9
;TYPE:WALL-INNER
G1 F3600 X56.4 Y57.683 E0.00419
G1 X56.4 Y42.313 E0.2556
G1 X56.274 Y42.101 E0.0041
G1 X43.6 Y42.1 E0.21077
G1 X43.6 Y57.9 E0.26276
G1 X56.272 Y57.9 E0.21074
G0 F7200 X56.354 Y58.3
;TYPE:WALL-OUTER
G1 F1800 X56.635 Y58.12 E0.00555
G1 X56.8 Y57.734 E0.00698
G1 X56.8 Y42.262 E0.2573
G1 X56.635 Y41.879 E0.00694
G1 X56.356 Y41.701 E0.0055
G1 X43.2 Y41.7 E0.21879
G1 X43.2 Y58.3 E0.27606
G1 X56.354 Y58.3 E0.21875
G0 F7200 X56.522 Y58.193
G0 X56.128 Y57.605
G0 X51.878 Y54.54
;TYPE:SKIN
G1 F1800 X51.001 Y54.622 E0.01465
G1 X50.096 Y54.53 E0.01513
G1 X49.233 Y54.274 E0.01497
G1 X48.432 Y53.841 E0.01514
G1 X47.731 Y53.265 E0.01509
G1 X47.155 Y52.564 E0.01509
G1 X46.726 Y51.766 E0.01507
G1 X46.466 Y50.901 E0.01502
G1 X46.377 Y49.999 E0.01507
G1 X46.466 Y49.096 E0.01509
G1 X46.726 Y48.233 E0.01499
G1 X47.156 Y47.432 E0.01512
G1 X47.731 Y46.731 E0.01508
G1 X48.432 Y46.155 E0.01509
G1 X49.229 Y45.726 E0.01505
G1 X50.126 Y45.456 E0.01558
G1 X50.995 Y45.377 E0.01451
G1 X51.901 Y45.466 E0.01514
G1 X52.766 Y45.726 E0.01502
G1 X53.564 Y46.155 E0.01507
G1 X54.265 Y46.731 E0.01509
G1 X54.841 Y47.432 E0.01509
G1 X55.274 Y48.233 E0.01514
G1 X55.53 Y49.096 E0.01497
G1 X55.622 Y49.999 E0.01509
G1 X55.53 Y50.901 E0.01508
G1 X55.274 Y51.766 E0.015
G1 X54.841 Y52.563 E0.01508
G1 X54.265 Y53.265 E0.0151
G1 X53.563 Y53.841 E0.0151
G1 X52.766 Y54.274 E0.01508
G1 X51.878 Y54.54 E0.01542
G0 F7200 X48.627 Y53.718
G1 F1800 X47.278 Y52.369 E0.03173
G1 X47.208 Y52.299
G0 F7200 X46.803 Y51.329
G1 F1800 X49.669 Y54.194 E0.06739
G0 F7200 X50.4 Y54.36
G1 F1800 X46.637 Y50.596 E0.08851
G0 F7200 X46.58 Y49.974
G1 F1800 X51.024 Y54.418 E0.10452
G0 F7200 X51.54 Y54.369
G1 F1800 X46.631 Y49.459 E0.11546
G0 F7200 X46.711 Y48.974
G1 F1800 X52.024 Y54.287 E0.12495
G0 F7200 X52.46 Y54.157
G1 F1800 X46.842 Y48.539 E0.13213
G0 F7200 X47.005 Y48.136
G1 F1800 X52.862 Y53.993 E0.13775
G0 F7200 X53.229 Y53.795
G1 F1800 X47.202 Y47.768 E0.14175
G0 F7200 X47.422 Y47.422
G1 F1800 X53.573 Y53.573 E0.14466
G0 F7200 X53.884 Y53.318
G1 F1800 X47.677 Y47.112 E0.14597
G0 F7200 X47.946 Y46.815
G1 F1800 X54.182 Y53.051 E0.14666
G0 F7200 X54.437 Y52.74
G1 F1800 X48.256 Y46.559 E0.14537
G0 F7200 X48.57 Y46.308
G1 F1800 X54.688 Y52.426 E0.14389
G0 F7200 X54.888 Y52.059
G1 F1800 X48.938 Y46.11 E0.13992
G0 F7200 X49.306 Y45.912
G1 F1800 X55.086 Y51.692 E0.13594
G0 F7200 X55.217 Y51.257
G1 F1800 X49.741 Y45.782 E0.12878
G0 F7200 X50.18 Y45.654
G1 F1800 X55.338 Y50.813 E0.12132
G0 F7200 X55.391 Y50.299
G1 F1800 X50.697 Y45.606 E0.11038
G0 F7200 X51.262 Y45.605
G1 F1800 X55.395 Y49.738 E0.0972
G0 F7200 X55.323 Y49.1
G1 F1800 X51.897 Y45.674 E0.08057
G1 X51.827 Y45.604
G0 F7200 X52.713 Y45.925
G1 F1800 X55.077 Y48.288 E0.05559
G1 X55.147 Y48.358
;MESH:NONMESH
G0 F600 X55.147 Y48.358 Z1.6
G0 F7200 X43.91 Y43.76
G0 X43.76 Y43.76
;TIME_ELAPSED:215.072338
;LAYER:13
;TYPE:FILL
;MESH:head.stl
G1 F3600 X47.181 Y47.181 E0.08046
G1 X47.27 Y47.072
G1 X43.76 Y50.582 E0.08255
G1 X43.69 Y50.652
G0 F7200 X43.91 Y50.652
G0 X43.91 Y49.417
G0 X43.76 Y49.417
G1 F3600 X47.264 Y52.921 E0.08241
G1 X47.18 Y52.819
G1 X43.76 Y56.239 E0.08043
G1 X43.69 Y56.309
G0 F7200 X43.91 Y56.309
G0 X43.91 Y55.074
G0 X43.76 Y55.074
G1 F3600 X46.426 Y57.74 E0.0627
G1 X46.496 Y57.81
G0 F7200 X46.496 Y57.59
G0 X47.916 Y57.59
G0 X47.916 Y57.74
G1 F3600 X50.902 Y54.753 E0.07024
G1 X50.972 Y54.683
G0 F7200 X48.08 Y53.737
G1 F3600 X52.083 Y57.74 E0.09414
G1 X52.153 Y57.81
G0 F7200 X52.153 Y57.59
G0 X53.573 Y57.59
G0 X53.573 Y57.74
G1 F3600 X56.24 Y55.073 E0.06272
G1 X56.31 Y55.003
G0 F7200 X56.09 Y55.003
G0 X56.09 Y56.24
G0 X56.24 Y56.24
G1 F3600 X53.82 Y53.82 E0.05691
G1 X53.75 Y53.75
G0 F7200 X56.09 Y50.583
G0 X56.24 Y50.583
G1 F3600 X55.754 Y50.097 E0.01143
G1 X55.755 Y49.901
G1 X56.24 Y49.416 E0.01141
G0 F7200 X56.09 Y49.416
G0 X53.819 Y46.18
G1 F3600 X56.24 Y43.759 E0.05694
G1 X56.31 Y43.689
G0 F7200 X56.09 Y43.689
G0 X56.09 Y44.926
G0 X56.24 Y44.926
G1 F3600 X53.574 Y42.26 E0.0627
G1 X53.504 Y42.19
G0 F7200 X53.504 Y42.41
G0 X52.083 Y42.41
G0 X52.083 Y42.26
G1 F3600 X48.071 Y46.271 E0.09434
G1 X48.001 Y46.341
G0 F7200 X50.902 Y45.246
G1 F3600 X47.917 Y42.26 E0.07021
G1 X47.847 Y42.19
G0 F7200 X47.847 Y42.41
G0 X46.426 Y42.41
G0 X46.426 Y42.26
G1 F3600 X43.76 Y44.925 E0.06269
G1 X43.69 Y44.995
G0 F7200 X43.91 Y44.995
G0 X56.128 Y57.605
G0 X56.272 Y57.9
;TYPE:WALL-INNER
G1 F3600 X56.4 Y57.683 E0.00419
G1 X56.4 Y42.313 E0.2556
G1 X56.274 Y42.101 E0.0041
G1 X43.6 Y42.1 E0.21077
G1 X43.6 Y57.9 E0.26276
G1 X56.272 Y57.9 E0.21074
G0 F7200 X56.354 Y58.3
;TYPE:WALL-OUTER
G1 F1800 X56.635 Y58.12 E0.00555
G1 X56.8 Y57.734 E0.00698
G1 X56.8 Y42.262 E0.2573
G1 X56.635 Y41.879 E0.00694
G1 X56.356 Y41.701 E0.0055
G1 X43.2 Y41.7 E0.21879
G1 X43.2 Y58.3 E0.27606
G1 X56.354 Y58.3 E0.21875
G0 F7200 X56.522 Y58.193
G0 X56.128 Y57.605
G0 X51.878 Y54.54
;TYPE:SKIN
G1 F1800 X51.001 Y54.622 E0.01465
G1 X50.096 Y54.53 E0.01513
G1 X49.233 Y54.274 E0.01497
G1 X48.432 Y53.841 E0.01514
G1 X47.731 Y53.265 E0.01509
G1 X47.155 Y52.564 E0.01509
G1 X46.726 Y51.766 E0.01507
G1 X46.466 Y50.901 E0.01502
G1 X46.377 Y49.999 E0.01507
G1 X46.466 Y49.096 E0.01509
G1 X46.726 Y48.233 E0.01499
G1 X47.156 Y47.432 E0.01512
G1 X47.731 Y46.731 E0.01508
G1 X48.432 Y46.155 E0.01509
G1 X49.229 Y45.726 E0.01505
G1 X50.126 Y45.456 E0.01558
G1 X50.995 Y45.377 E0.01451
G1 X51.901 Y45.466 E0.01514
G1 X52.766 Y45.726 E0.01502
G1 X53.564 Y46.155 E0.01507
G1 X54.265 Y46.731 E0.01509
G1 X54.841 Y47.432 E0.01509
G1 X55.274 Y48.233 E0.01514
G1 X55.53 Y49.096 E0.01497
G1 X55.622 Y49.999 E0.01509
G1 X55.53 Y50.901 E0.01508
G1 X55.274 Y51.766 E0.015
G1 X54.841 Y52.563 E0.01508
G1 X54.265 Y53.265 E0.0151
G1 X53.563 Y53.841 E0.0151
G1 X52.766 Y54.274 E0.01508
G1 X51.878 Y54.54 E0.01542
G0 F7200 X54.924 Y51.991
G1 F1800 X52.989 Y53.925 E0.0455
G1 X52.919 Y53.995
G0 F7200 X52.077 Y54.272
G1 F1800 X55.267 Y51.081 E0.07504
G0 F7200 X55.379 Y50.404
G1 F1800 X51.4 Y54.383 E0.09358
G0 F7200 X50.815 Y54.403
G1 F1800 X55.402 Y49.816 E0.10788
G0 F7200 X55.349 Y49.302
G1 F1800 X50.301 Y54.35 E0.11872
G0 F7200 X49.84 Y54.246
G1 F1800 X55.245 Y48.841 E0.12712
G0 F7200 X55.115 Y48.405
G1 F1800 X49.404 Y54.116 E0.13431
G0 F7200 X49.022 Y53.933
G1 F1800 X54.932 Y48.022 E0.13901
G0 F7200 X54.734 Y47.655
G1 F1800 X48.655 Y53.734 E0.14297
G0 F7200 X48.327 Y53.496
G1 F1800 X54.496 Y47.327 E0.14509
G0 F7200 X54.241 Y47.017
G1 F1800 X48.017 Y53.241 E0.14638
G0 F7200 X47.737 Y52.955
G1 F1800 X53.956 Y46.736 E0.14626
G0 F7200 X53.646 Y46.48
G1 F1800 X47.482 Y52.645 E0.14498
G0 F7200 X47.248 Y52.312
G1 F1800 X53.314 Y46.247 E0.14265
G0 F7200 X52.946 Y46.049
G1 F1800 X47.05 Y51.945 E0.13866
G0 F7200 X46.873 Y51.557
G1 F1800 X52.557 Y45.872 E0.13369
G0 F7200 X52.122 Y45.741
G1 F1800 X46.742 Y51.122 E0.12654
G0 F7200 X46.643 Y50.655
G1 F1800 X51.655 Y45.643 E0.11787
G0 F7200 X51.14 Y45.592
G1 F1800 X46.592 Y50.14 E0.10696
G0 F7200 X46.623 Y49.543
G1 F1800 X50.547 Y45.62 E0.09227
G0 F7200 X49.854 Y45.747
G1 F1800 X46.748 Y48.853 E0.07305
G1 X46.678 Y48.923
G0 F7200 X47.129 Y47.906
G1 F1800 X48.911 Y46.124 E0.04191
G1 X48.981 Y46.054
;MESH:NONMESH
G0 F600 X48.981 Y46.054 Z1.7
G0 F7200 X43.91 Y43.76
G0 X43.76 Y43.76
;TIME_ELAPSED:226.873877
;LAYER:14
;TYPE:FILL
;MESH:head.stl
G1 F3600 X47.181 Y47.181 E0.08046
G1 X47.27 Y47.072
G1 X45.996 Y48.346 E0.02996
G0 F7200 X45.578 Y48.765
G1 F3600 X45.996 Y48.346 E0.00984
G1 X45.862 Y51.517 E0.05278
G1 X47.264 Y52.921 E0.033
G1 X47.18 Y52.819
G1 X43.76 Y56.239 E0.08043
G1 X43.69 Y56.309
G0 F7200 X43.91 Y56.309
G0 X43.91 Y55.074
G0 X43.76 Y55.074
G1 F3600 X46.426 Y57.74 E0.0627
G1 X46.496 Y57.81
G0 F7200 X46.496 Y57.59
G0 X47.916 Y57.59
G0 X47.916 Y57.74
G1 F3600 X50.902 Y54.753 E0.07024
G1 X50.972 Y54.683
G0 F7200 X48.08 Y53.737
G1 F3600 X52.083 Y57.74 E0.09414
G1 X52.153 Y57.81
G0 F7200 X52.153 Y57.59
G0 X53.573 Y57.59
G0 X53.573 Y57.74
G1 F3600 X56.24 Y55.073 E0.06272
G1 X56.31 Y55.003
G0 F7200 X56.09 Y55.003
G0 X56.09 Y56.24
G0 X56.24 Y56.24
G1 F3600 X53.82 Y53.82 E0.05691
G1 X53.75 Y53.75
G0 F7200 X56.09 Y50.583
G0 X56.24 Y50.583
G1 F3600 X55.754 Y50.097 E0.01143
G1 X55.755 Y49.901
G1 X56.24 Y49.416 E0.01141
G0 F7200 X56.09 Y49.416
G0 X53.819 Y46.18
G1 F3600 X56.24 Y43.759 E0.05694
G1 X56.31 Y43.689
G0 F7200 X56.09 Y43.689
G0 X56.09 Y44.926
G0 X56.24 Y44.926
G1 F3600 X53.574 Y42.26 E0.0627
G1 X53.504 Y42.19
G0 F7200 X53.504 Y42.41
G0 X52.083 Y42.41
G0 X52.083 Y42.26
G1 F3600 X48.071 Y46.271 E0.09434
G1 X48.001 Y46.341
G0 F7200 X50.902 Y45.246
G1 F3600 X47.917 Y42.26 E0.07021
G1 X47.847 Y42.19
G0 F7200 X47.847 Y42.41
G0 X46.426 Y42.41
G0 X46.426 Y42.26
G1 F3600 X43.76 Y44.925 E0.06269
G1 X43.69 Y44.995
G0 F7200 X43.91 Y44.995
G0 X43.91 Y49.417
G0 X43.76 Y49.417
G1 F3600 X45.478 Y51.133 E0.04038
G0 F7200 X45.862 Y51.517
G1 F3600 X45.478 Y51.133 E0.00903
G1 X45.578 Y48.765 E0.03942
G1 X43.76 Y50.582 E0.04274
G1 X43.69 Y50.652
G0 F7200 X43.91 Y50.652
G0 X56.128 Y57.605
G0 X56.272 Y57.9
;TYPE:WALL-INNER
G1 F3600 X56.4 Y57.683 E0.00419
G1 X56.4 Y42.313 E0.2556
G1 X56.274 Y42.101 E0.0041
G1 X43.6 Y42.1 E0.21077
G1 X43.6 Y57.9 E0.26276
G1 X56.272 Y57.9 E0.21074
G0 F7200 X56.354 Y58.3
;TYPE:WALL-OUTER
G1 F1800 X56.635 Y58.12 E0.00555
G1 X56.8 Y57.734 E0.00698
G1 X56.8 Y42.262 E0.2573
G1 X56.635 Y41.879 E0.00694
G1 X56.356 Y41.701 E0.0055
G1 X43.2 Y41.7 E0.21879
G1 X43.2 Y58.3 E0.27606
G1 X56.354 Y58.3 E0.21875
G0 F7200 X56.522 Y58.193
G0 X56.128 Y57.605
G0 X51.878 Y54.54
;TYPE:SKIN
G1 F1800 X51.001 Y54.622 E0.01465
G1 X50.096 Y54.53 E0.01513
G1 X49.233 Y54.274 E0.01497
G1 X48.432 Y53.841 E0.01514
G1 X47.731 Y53.265 E0.01509
G1 X47.155 Y52.564 E0.01509
G1 X46.726 Y51.766 E0.01507
G1 X46.466 Y50.901 E0.01502
G1 X46.377 Y49.999 E0.01507
G1 X46.466 Y49.096 E0.01509
G1 X46.726 Y48.233 E0.01499
G1 X47.156 Y47.432 E0.01512
G1 X47.731 Y46.731 E0.01508
G1 X48.432 Y46.155 E0.01509
G1 X49.229 Y45.726 E0.01505
G1 X50.126 Y45.456 E0.01558
G1 X50.995 Y45.377 E0.01451
G1 X51.901 Y45.466 E0.01514
G1 X52.766 Y45.726 E0.01502
G1 X53.564 Y46.155 E0.01507
G1 X54.265 Y46.731 E0.01509
G1 X54.841 Y47.432 E0.01509
G1 X55.274 Y48.233 E0.01514
G1 X55.53 Y49.096 E0.01497
G1 X55.622 Y49.999 E0.01509
G1 X55.53 Y50.901 E0.01508
G1 X55.274 Y51.766 E0.015
G1 X54.841 Y52.563 E0.01508
G1 X54.265 Y53.265 E0.0151
G1 X53.563 Y53.841 E0.0151
G1 X52.766 Y54.274 E0.01508
G1 X51.878 Y54.54 E0.01542
G0 F7200 X48.627 Y53.718
G1 F1800 X47.278 Y52.369 E0.03173
G1 X47.208 Y52.299
G0 F7200 X46.803 Y51.329
G1 F1800 X49.669 Y54.194 E0.06739
G0 F7200 X50.4 Y54.36
G1 F1800 X46.637 Y50.596 E0.08851
G0 F7200 X46.58 Y49.974
G1 F1800 X51.024 Y54.418 E0.10452
G0 F7200 X51.54 Y54.369
G1 F1800 X46.631 Y49.459 E0.11546
G0 F7200 X46.711 Y48.974
G1 F1800 X52.024 Y54.287 E0.12495
G0 F7200 X52.46 Y54.157
G1 F1800 X46.842 Y48.539 E0.13213
G0 F7200 X47.005 Y48.136
G1 F1800 X52.862 Y53.993 E0.13775
G0 F7200 X53.229 Y53.795
G1 F1800 X47.202 Y47.768 E0.14175
G0 F7200 X47.422 Y47.422
G1 F1800 X53.573 Y53.573 E0.14466
G0 F7200 X53.884 Y53.318
G1 F1800 X47.677 Y47.112 E0.14597
G0 F7200 X47.946 Y46.815
G1 F1800 X54.182 Y53.051 E0.14666
G0 F7200 X54.437 Y52.74
G1 F1800 X48.256 Y46.559 E0.14537
G0 F7200 X48.57 Y46.308
G1 F1800 X54.688 Y52.426 E0.14389
G0 F7200 X54.888 Y52.059
G1 F1800 X48.938 Y46.11 E0.13992
G0 F7200 X49.306 Y45.912
G1 F1800 X55.086 Y51.692 E0.13594
G0 F7200 X55.217 Y51.257
G1 F1800 X49.741 Y45.782 E0.12878
G0 F7200 X50.18 Y45.654
G1 F1800 X55.338 Y50.813 E0.12132
G0 F7200 X55.391 Y50.299
G1 F1800 X50.697 Y45.606 E0.11038
G0 F7200 X51.262 Y45.605
G1 F1800 X55.395 Y49.738 E0.0972
G0 F7200 X55.323 Y49.1
G1 F1800 X51.897 Y45.674 E0.08057
G1 X51.827 Y45.604
G0 F7200 X52.713 Y45.925
G1 F1800 X55.077 Y48.288 E0.05559
G1 X55.147 Y48.358
;MESH:NONMESH
G0 F600 X55.147 Y48.358 Z1.8
G0 F7200 X43.91 Y43.76
G0 X43.76 Y43.76
;TIME_ELAPSED:238.891514
;LAYER:15
;TYPE:FILL
;MESH:head.stl
G1 F3600 X47.181 Y47.181 E0.08046
G1 X47.27 Y47.072
G1 X45.597 Y48.745 E0.03935
G0 F7200 X45.24 Y49.102
G1 F3600 X43.76 Y50.582 E0.03481
G1 X43.69 Y50.652
G0 F7200 X43.91 Y50.652
G0 X43.91 Y49.417
G0 X43.76 Y49.417
G1 F3600 X45.24 Y50.897 E0.03481
G0 F7200 X45.598 Y51.255
G1 F3600 X47.264 Y52.921 E0.03918
G1 X47.18 Y52.819
G1 X43.76 Y56.239 E0.08043
G1 X43.69 Y56.309
G0 F7200 X43.91 Y56.309
G0 X43.91 Y55.074
G0 X43.76 Y55.074
G1 F3600 X46.426 Y57.74 E0.0627
G1 X46.496 Y57.81
G0 F7200 X46.496 Y57.59
G0 X47.916 Y57.59
G0 X47.916 Y57.74
G1 F3600 X50.902 Y54.753 E0.07024
G1 X50.972 Y54.683
G0 F7200 X48.08 Y53.737
G1 F3600 X52.083 Y57.74 E0.09414
G1 X52.153 Y57.81
G0 F7200 X52.153 Y57.59
G0 X53.573 Y57.59
G0 X53.573 Y57.74
G1 F3600 X56.24 Y55.073 E0.06272
G1 X56.31 Y55.003
G0 F7200 X56.09 Y55.003
G0 X56.09 Y56.24
G0 X56.24 Y56.24
G1 F3600 X53.82 Y53.82 E0.05691
G1 X53.75 Y53.75
G0 F7200 X53.819 Y46.18
G1 F3600 X56.24 Y43.759 E0.05694
G1 X56.31 Y43.689
G0 F7200 X56.09 Y43.689
G0 X56.09 Y44.927
G0 X56.24 Y44.927
G1 F3600 X53.574 Y42.26 E0.06271
G1 X53.504 Y42.19
G0 F7200 X53.504 Y42.41
G0 X52.083 Y42.41
G0 X52.083 Y42.26
G1 F3600 X48.071 Y46.271 E0.09434
G1 X48.001 Y46.341
G0 F7200 X50.902 Y45.246
G1 F3600 X47.917 Y42.26 E0.07021
G1 X47.847 Y42.19
G0 F7200 X47.847 Y42.41
G0 X46.426 Y42.41
G0 X46.426 Y42.26
G1 F3600 X43.76 Y44.925 E0.06269
G1 X43.69 Y44.995
G0 F7200 X43.91 Y44.995
G0 X56.128 Y57.605
G0 X56.272 Y57.9
;TYPE:WALL-INNER
G1 F3600 X56.4 Y57.683 E0.00419
G1 X56.4 Y42.313 E0.2556
G1 X56.274 Y42.101 E0.0041
G1 X43.6 Y42.1 E0.21077
G1 X43.6 Y57.9 E0.26276
G1 X56.272 Y57.9 E0.21074
G0 F7200 X56.354 Y58.3
;TYPE:WALL-OUTER
G1 F1800 X56.635 Y58.12 E0.00555
G1 X56.8 Y57.734 E0.00698
G1 X56.8 Y42.262 E0.2573
G1 X56.635 Y41.879 E0.00694
G1 X56.356 Y41.701 E0.0055
G1 X43.2 Y41.7 E0.21879
G1 X43.2 Y58.3 E0.27606
G1 X56.354 Y58.3 E0.21875
G0 F7200 X56.522 Y58.193
G0 X56.128 Y57.605
G0 X46.569 Y51.243
;TYPE:SKIN
G1 F1800 X46.487 Y51.142 E0.00216
G1 X46.399 Y51.112 E0.00155
G1 X45.38 Y51.112 E0.01695
G1 X45.38 Y48.884 E0.03705
G1 X46.399 Y48.884 E0.01695
G1 X46.487 Y48.854 E0.00155
G1 X46.569 Y48.753 E0.00216
G1 X46.726 Y48.233 E0.00903
G1 X47.156 Y47.432 E0.01512
G1 X47.731 Y46.731 E0.01508
G1 X48.432 Y46.155 E0.01509
G1 X49.229 Y45.726 E0.01505
G1 X50.126 Y45.456 E0.01558
G1 X50.995 Y45.377 E0.01451
G1 X51.901 Y45.466 E0.01514
G1 X52.766 Y45.726 E0.01502
G1 X53.564 Y46.155 E0.01507
G1 X54.265 Y46.731 E0.01509
G1 X54.841 Y47.432 E0.01509
G1 X55.274 Y48.233 E0.01514
G1 X55.451 Y48.824 E0.01026
G1 X55.616 Y48.884 E0.00292
G1 X56.02 Y48.884 E0.00672
G1 X56.02 Y51.112 E0.03705
G1 X55.616 Y51.112 E0.00672
G1 X55.451 Y51.172 E0.00292
G1 X55.274 Y51.767 E0.01032
G1 X54.841 Y52.563 E0.01507
G1 X54.265 Y53.265 E0.0151
G1 X53.563 Y53.841 E0.0151
G1 X52.766 Y54.274 E0.01508
G1 X51.878 Y54.54 E0.01542
G1 X51.001 Y54.622 E0.01465
G1 X50.096 Y54.53 E0.01513
G1 X49.233 Y54.274 E0.01497
G1 X48.432 Y53.841 E0.01514
G1 X47.731 Y53.265 E0.01509
G1 X47.156 Y52.564 E0.01508
G1 X46.726 Y51.763 E0.01512
G1 X46.569 Y51.243 E0.00903
G0 F7200 X45.58 Y49.455
G1 F1800 X45.951 Y49.084 E0.00873
G0 F7200 X46.569 Y49.031
G1 F1800 X45.58 Y50.021 E0.02327
G0 F7200 X45.58 Y50.586
G1 F1800 X50.547 Y45.62 E0.1168
G0 F7200 X51.14 Y45.592
G1 F1800 X45.82 Y50.912 E0.12512
G0 F7200 X46.385 Y50.913
G1 F1800 X51.655 Y45.643 E0.12394
G0 F7200 X52.122 Y45.741
G1 F1800 X46.727 Y51.137 E0.12689
G0 F7200 X46.873 Y51.557
G1 F1800 X52.557 Y45.872 E0.13369
G0 F7200 X52.946 Y46.049
G1 F1800 X47.051 Y51.944 E0.13864
G0 F7200 X47.248 Y52.312
G1 F1800 X53.314 Y46.247 E0.14265
G0 F7200 X53.646 Y46.48
G1 F1800 X47.482 Y52.645 E0.14498
G0 F7200 X47.737 Y52.955
G1 F1800 X53.956 Y46.736 E0.14626
G0 F7200 X54.241 Y47.017
G1 F1800 X48.017 Y53.241 E0.14638
G0 F7200 X48.327 Y53.496
G1 F1800 X54.496 Y47.327 E0.14509
G0 F7200 X54.734 Y47.655
G1 F1800 X48.655 Y53.734 E0.14297
G0 F7200 X49.022 Y53.933
G1 F1800 X54.932 Y48.022 E0.13901
G0 F7200 X55.115 Y48.405
G1 F1800 X49.404 Y54.116 E0.13431
G0 F7200 X49.84 Y54.246
G1 F1800 X55.245 Y48.841 E0.12712
G0 F7200 X55.581 Y49.071
G1 F1800 X50.301 Y54.35 E0.12417
G0 F7200 X50.815 Y54.403
G1 F1800 X55.82 Y49.398 E0.11771
G0 F7200 X55.82 Y49.963
G1 F1800 X51.4 Y54.383 E0.10395
G0 F7200 X52.077 Y54.272
G1 F1800 X55.82 Y50.529 E0.08803
G1 X55.89 Y50.459
G0 F7200 X54.924 Y51.991
G1 F1800 X52.989 Y53.925 E0.0455
G1 X52.919 Y53.995
G0 F7200 X46.66 Y48.941
G1 F1800 X49.854 Y45.747 E0.07512
G1 X49.924 Y45.677
G0 F7200 X48.911 Y46.124
G1 F1800 X47.129 Y47.906 E0.04191
G1 X47.059 Y47.976
;MESH:NONMESH
G0 F600 X47.059 Y47.976 Z1.9
G0 F7200 X43.91 Y43.76
G0 X43.76 Y43.76
;TIME_ELAPSED:251.146788
;LAYER:16
;TYPE:FILL
;MESH:head.stl
G1 F3600 X47.181 Y47.181 E0.08046
G1 X47.27 Y47.072
G1 X45.927 Y48.415 E0.03159
G1 X45.857 Y48.485
G0 F7200 X45.24 Y49.102
G1 F3600 X43.76 Y50.582 E0.03481
G1 X43.69 Y50.652
G0 F7200 X43.91 Y50.652
G0 X43.91 Y49.417
G0 X43.76 Y49.417
G1 F3600 X45.24 Y50.897 E0.03481
G1 X45.31 Y50.967
G0 F7200 X45.929 Y51.586
G1 F3600 X47.264 Y52.921 E0.0314
G1 X47.18 Y52.819
G1 X43.76 Y56.239 E0.08043
G1 X43.69 Y56.309
G0 F7200 X43.91 Y56.309
G0 X43.91 Y55.074
G0 X43.76 Y55.074
G1 F3600 X46.426 Y57.74 E0.0627
G1 X46.496 Y57.81
G0 F7200 X46.496 Y57.59
G0 X47.916 Y57.59
G0 X47.916 Y57.74
G1 F3600 X50.902 Y54.753 E0.07024
G1 X50.972 Y54.683
G0 F7200 X48.08 Y53.737
G1 F3600 X52.083 Y57.74 E0.09414
G1 X52.153 Y57.81
G0 F7200 X52.153 Y57.59
G0 X53.573 Y57.59
G0 X53.573 Y57.74
G1 F3600 X56.24 Y55.073 E0.06272
G1 X56.31 Y55.003
G0 F7200 X56.09 Y55.003
G0 X56.09 Y56.24
G0 X56.24 Y56.24
G1 F3600 X53.82 Y53.82 E0.05691
G1 X53.75 Y53.75
G0 F7200 X53.819 Y46.18
G1 F3600 X56.24 Y43.759 E0.05694
G1 X56.31 Y43.689
G0 F7200 X56.09 Y43.689
G0 X56.09 Y44.926
G0 X56.24 Y44.926
G1 F3600 X53.574 Y42.26 E0.0627
G1 X53.504 Y42.19
G0 F7200 X53.504 Y42.41
G0 X52.083 Y42.41
G0 X52.083 Y42.26
G1 F3600 X48.071 Y46.271 E0.09434
G1 X48.001 Y46.341
G0 F7200 X50.902 Y45.246
G1 F3600 X47.917 Y42.26 E0.07021
G1 X47.847 Y42.19
G0 F7200 X47.847 Y42.41
G0 X46.426 Y42.41
G0 X46.426 Y42.26
G1 F3600 X43.76 Y44.925 E0.06269
G1 X43.69 Y44.995
G0 F7200 X43.91 Y44.995
G0 X56.128 Y57.605
G0 X56.272 Y57.9
;TYPE:WALL-INNER
G1 F3600 X56.4 Y57.683 E0.00419
G1 X56.4 Y42.313 E0.2556
G1 X56.274 Y42.101 E0.0041
G1 X43.6 Y42.1 E0.21077
G1 X43.6 Y57.9 E0.26276
G1 X56.272 Y57.9 E0.21074
G0 F7200 X56.354 Y58.3
;TYPE:WALL-OUTER
G1 F1800 X56.635 Y58.12 E0.00555
G1 X56.8 Y57.734 E0.00698
G1 X56.8 Y42.262 E0.2573
G1 X56.635 Y41.879 E0.00694
G1 X56.356 Y41.701 E0.0055
G1 X43.2 Y41.7 E0.21879
G1 X43.2 Y58.3 E0.27606
G1 X56.354 Y58.3 E0.21875
G0 F7200 X56.522 Y58.193
G0 X56.128 Y57.605
G0 X46.625 Y51.505
;TYPE:SKIN
G1 F1800 X46.527 Y51.449 E0.00188
G1 X45.38 Y51.444 E0.01907
G1 X45.38 Y48.552 E0.04809
G1 X46.527 Y48.547 E0.01907
G1 X46.625 Y48.491 E0.00188
G1 X46.726 Y48.234 E0.00459
G1 X47.156 Y47.432 E0.01513
G1 X47.731 Y46.731 E0.01508
G1 X48.432 Y46.155 E0.01509
G1 X49.229 Y45.726 E0.01505
G1 X50.126 Y45.456 E0.01558
G1 X50.995 Y45.377 E0.01451
G1 X51.901 Y45.466 E0.01514
G1 X52.766 Y45.726 E0.01502
G1 X53.564 Y46.155 E0.01507
G1 X54.265 Y46.731 E0.01509
G1 X54.841 Y47.432 E0.01509
G1 X55.274 Y48.234 E0.01516
G1 X55.381 Y48.501 E0.00478
G1 X55.522 Y48.556 E0.00252
G1 X56.02 Y48.554 E0.00828
G1 X56.02 Y51.444 E0.04806
G1 X55.52 Y51.444 E0.00832
G1 X55.381 Y51.499 E0.00249
G1 X55.274 Y51.762 E0.00472
G1 X54.841 Y52.564 E0.01516
G1 X54.265 Y53.265 E0.01509
G1 X53.563 Y53.841 E0.0151
G1 X52.766 Y54.274 E0.01508
G1 X51.878 Y54.54 E0.01542
G1 X51.001 Y54.622 E0.01465
G1 X50.096 Y54.53 E0.01513
G1 X49.233 Y54.274 E0.01497
G1 X48.432 Y53.841 E0.01514
G1 X47.731 Y53.265 E0.01509
G1 X47.156 Y52.564 E0.01508
G1 X46.726 Y51.762 E0.01513
G1 X46.625 Y51.505 E0.00459
G0 F7200 X46.153 Y51.244
G1 F1800 X45.58 Y50.671 E0.01348
G0 F7200 X45.58 Y50.106
G1 F1800 X49.669 Y54.194 E0.09616
G0 F7200 X50.4 Y54.36
G1 F1800 X45.58 Y49.54 E0.11336
G0 F7200 X45.58 Y48.974
G1 F1800 X51.024 Y54.418 E0.12803
G0 F7200 X51.54 Y54.369
G1 F1800 X45.924 Y48.752 E0.13209
G0 F7200 X46.489 Y48.752
G1 F1800 X52.024 Y54.287 E0.13017
G0 F7200 X52.46 Y54.157
G1 F1800 X46.82 Y48.517 E0.13264
G0 F7200 X47.005 Y48.136
G1 F1800 X52.862 Y53.993 E0.13775
G0 F7200 X53.229 Y53.795
G1 F1800 X47.202 Y47.768 E0.14175
G0 F7200 X47.422 Y47.422
G1 F1800 X53.573 Y53.573 E0.14466
G0 F7200 X53.884 Y53.318
G1 F1800 X47.677 Y47.112 E0.14597
G0 F7200 X47.946 Y46.815
G1 F1800 X54.182 Y53.051 E0.14666
G0 F7200 X54.438 Y52.741
G1 F1800 X48.256 Y46.559 E0.14539
G0 F7200 X48.57 Y46.308
G1 F1800 X54.689 Y52.426 E0.1439
G0 F7200 X54.887 Y52.059
G1 F1800 X48.938 Y46.11 E0.13991
G0 F7200 X49.306 Y45.912
G1 F1800 X55.086 Y51.692 E0.13594
G0 F7200 X55.294 Y51.334
G1 F1800 X49.741 Y45.782 E0.13059
G0 F7200 X50.18 Y45.654
G1 F1800 X55.77 Y51.244 E0.13147
G0 F7200 X55.82 Y50.729
G1 F1800 X50.697 Y45.606 E0.12049
G0 F7200 X51.262 Y45.605
G1 F1800 X55.82 Y50.164 E0.10721
G0 F7200 X55.82 Y49.598
G1 F1800 X51.897 Y45.674 E0.09227
G1 X51.827 Y45.604
G0 F7200 X52.713 Y45.925
G1 F1800 X55.075 Y48.287 E0.05555
G0 F7200 X55.558 Y48.77
G1 F1800 X55.82 Y49.032 E0.00616
G0 F7200 X48.627 Y53.718
G1 F1800 X47.279 Y52.37 E0.0317
G1 X47.209 Y52.3
;MESH:NONMESH
G0 F600 X47.209 Y52.3 Z2
G0 F7200 X43.91 Y43.76
G0 X43.76 Y43.76
;TIME_ELAPSED:263.482602
;LAYER:17
;TYPE:FILL
;MESH:head.stl
G1 F3600 X47.181 Y47.181 E0.08046
G1 X47.27 Y47.072
G1 X46.17 Y48.172 E0.02587
G1 X46.1 Y48.242
G0 F7200 X45.2 Y48.4
G1 F3600 X43.8 Y48.4 E0.02328
G0 F7200 X43.8 Y48.8
G1 F3600 X45.2 Y48.8 E0.02328
G0 F7200 X45.24 Y49.102
G1 F3600 X44.741 Y49.6 E0.01172
G1 X43.944 Y49.6 E0.01325
G1 X43.76 Y49.417 E0.00432
G0 F7200 X43.944 Y49.6
G1 F3600 X44.742 Y50.4 E0.01879
G0 F7200 X45.24 Y50.897
G1 F3600 X44.742 Y50.4 E0.0117
G1 X43.944 Y50.4 E0.01327
G1 X43.76 Y50.582 E0.0043
G0 F7200 X43.944 Y50.4
G1 F3600 X44.741 Y49.6 E0.01878
G1 X44.811 Y49.53
G0 F7200 X45.2 Y51.2
G1 F3600 X43.8 Y51.2 E0.02328
G0 F7200 X43.8 Y51.6
G1 F3600 X45.2 Y51.6 E0.02328
G1 X45.3 Y51.6
G0 F7200 X46.173 Y51.83
G1 F3600 X47.264 Y52.921 E0.02566
G1 X47.18 Y52.819
G1 X43.76 Y56.239 E0.08043
G1 X43.69 Y56.309
G0 F7200 X43.91 Y56.309
G0 X43.91 Y55.074
G0 X43.76 Y55.074
G1 F3600 X46.426 Y57.74 E0.0627
G1 X46.496 Y57.81
G0 F7200 X46.496 Y57.59
G0 X47.916 Y57.59
G0 X47.916 Y57.74
G1 F3600 X50.902 Y54.753 E0.07024
G1 X50.972 Y54.683
G0 F7200 X48.08 Y53.737
G1 F3600 X52.083 Y57.74 E0.09414
G1 X52.153 Y57.81
G0 F7200 X52.153 Y57.59
G0 X53.573 Y57.59
G0 X53.573 Y57.74
G1 F3600 X56.24 Y55.073 E0.06272
G1 X56.31 Y55.003
G0 F7200 X56.09 Y55.003
G0 X56.09 Y56.24
G0 X56.24 Y56.24
G1 F3600 X53.82 Y53.82 E0.05691
G1 X53.75 Y53.75
G0 F7200 X53.819 Y46.18
G1 F3600 X56.24 Y43.759 E0.05694
G1 X56.31 Y43.689
G0 F7200 X56.09 Y43.689
G0 X56.09 Y44.926
G0 X56.24 Y44.926
G1 F3600 X53.574 Y42.26 E0.0627
G1 X53.504 Y42.19
G0 F7200 X53.504 Y42.41
G0 X52.083 Y42.41
G0 X52.083 Y42.26
G1 F3600 X48.071 Y46.271 E0.09434
G1 X48.001 Y46.341
G0 F7200 X50.902 Y45.246
G1 F3600 X47.917 Y42.26 E0.07021
G1 X47.847 Y42.19
G0 F7200 X47.847 Y42.41
G0 X46.426 Y42.41
G0 X46.426 Y42.26
G1 F3600 X43.76 Y44.925 E0.06269
G1 X43.69 Y44.995
G0 F7200 X43.91 Y44.995
G0 X43.91 Y52
G0 X43.8 Y52
G1 F3600 X46.342 Y52 E0.04227
G1 X46.442 Y52
G0 F7200 X56.128 Y57.605
G0 X56.272 Y57.9
;TYPE:WALL-INNER
G1 F3600 X56.4 Y57.683 E0.00419
G1 X56.4 Y42.313 E0.2556
G1 X56.274 Y42.101 E0.0041
G1 X43.6 Y42.1 E0.21077
G1 X43.6 Y57.9 E0.26276
G1 X56.272 Y57.9 E0.21074
G0 F7200 X56.354 Y58.3
;TYPE:WALL-OUTER
G1 F1800 X56.635 Y58.12 E0.00555
G1 X56.8 Y57.734 E0.00698
G1 X56.8 Y42.262 E0.2573
G1 X56.635 Y41.879 E0.00694
G1 X56.356 Y41.701 E0.0055
G1 X43.2 Y41.7 E0.21879
G1 X43.2 Y58.3 E0.27606
G1 X56.354 Y58.3 E0.21875
G0 F7200 X56.522 Y58.193
G0 X56.128 Y57.605
G0 X46.73 Y51.775
;TYPE:SKIN
G1 F1800 X46.607 Y51.688 E0.00251
G1 X45.38 Y51.688 E0.02041
G1 X45.38 Y48.312 E0.05614
G1 X46.607 Y48.312 E0.02041
G1 X46.73 Y48.225 E0.00251
G1 X47.156 Y47.428 E0.01503
G1 X47.73 Y46.731 E0.01502
G1 X48.432 Y46.155 E0.0151
G1 X49.229 Y45.726 E0.01505
G1 X50.126 Y45.456 E0.01558
G1 X50.995 Y45.377 E0.01451
G1 X51.901 Y45.466 E0.01514
G1 X52.766 Y45.726 E0.01502
G1 X53.564 Y46.155 E0.01507
G1 X54.266 Y46.731 E0.0151
G1 X54.844 Y47.432 E0.01511
G1 X55.278 Y48.246 E0.01534
G1 X55.432 Y48.308 E0.00276
G1 X56.02 Y48.308 E0.00978
G1 X56.02 Y51.688 E0.05621
G1 X55.432 Y51.688 E0.00978
G1 X55.281 Y51.749 E0.00271
G1 X54.841 Y52.564 E0.0154
G1 X54.265 Y53.265 E0.01509
G1 X53.563 Y53.841 E0.0151
G1 X52.766 Y54.274 E0.01508
G1 X51.878 Y54.54 E0.01542
G1 X51.001 Y54.622 E0.01465
G1 X50.096 Y54.53 E0.01513
G1 X49.233 Y54.274 E0.01497
G1 X48.432 Y53.841 E0.01514
G1 X47.731 Y53.265 E0.01509
G1 X47.155 Y52.564 E0.01509
G1 X46.73 Y51.775 E0.0149
G0 F7200 X45.58 Y48.889
G1 F1800 X45.958 Y48.512 E0.00888
G0 F7200 X46.523 Y48.512
G1 F1800 X45.58 Y49.455 E0.02218
G0 F7200 X45.58 Y50.021
G1 F1800 X49.854 Y45.747 E0.10052
G0 F7200 X50.547 Y45.62
G1 F1800 X45.58 Y50.586 E0.1168
G0 F7200 X45.58 Y51.152
G1 F1800 X51.14 Y45.592 E0.13076
G0 F7200 X51.655 Y45.643
G1 F1800 X45.81 Y51.488 E0.13747
G0 F7200 X46.376 Y51.488
G1 F1800 X52.122 Y45.741 E0.13515
G0 F7200 X52.557 Y45.872
G1 F1800 X46.83 Y51.6 E0.1347
G0 F7200 X47.05 Y51.945
G1 F1800 X52.946 Y46.049 E0.13866
G0 F7200 X53.314 Y46.247
G1 F1800 X47.248 Y52.312 E0.14265
G0 F7200 X47.482 Y52.645
G1 F1800 X53.646 Y46.48 E0.14498
G0 F7200 X53.956 Y46.736
G1 F1800 X47.737 Y52.955 E0.14626
G0 F7200 X48.017 Y53.241
G1 F1800 X54.241 Y47.016 E0.14639
G0 F7200 X54.497 Y47.327
G1 F1800 X48.327 Y53.496 E0.1451
G0 F7200 X48.655 Y53.734
G1 F1800 X54.735 Y47.654 E0.14299
G0 F7200 X54.932 Y48.023
G1 F1800 X49.022 Y53.933 E0.13899
G0 F7200 X49.404 Y54.116
G1 F1800 X55.135 Y48.386 E0.13477
G0 F7200 X55.578 Y48.508
G1 F1800 X49.84 Y54.246 E0.13495
G0 F7200 X50.301 Y54.35
G1 F1800 X55.82 Y48.832 E0.12979
G0 F7200 X55.82 Y49.398
G1 F1800 X50.815 Y54.403 E0.11771
G0 F7200 X51.4 Y54.383
G1 F1800 X55.82 Y49.963 E0.10395
G0 F7200 X55.82 Y50.529
G1 F1800 X52.077 Y54.272 E0.08803
G1 X52.007 Y54.342
G0 F7200 X52.989 Y53.925
G1 F1800 X54.924 Y51.991 E0.0455
G0 F7200 X55.422 Y51.492
G1 F1800 X55.82 Y51.095 E0.00935
G0 F7200 X48.911 Y46.124
G1 F1800 X47.123 Y47.912 E0.04205
G1 X47.053 Y47.982
;MESH:NONMESH
G0 F600 X47.053 Y47.982 Z2.1
G0 F7200 X43.91 Y43.76
G0 X43.76 Y43.76
;TIME_ELAPSED:276.255176
;LAYER:18
;TYPE:FILL
;MESH:head.stl
G1 F3600 X47.18 Y47.18 E0.08043
G1 X47.262 Y47.081
G1 X46.365 Y47.977 E0.02108
G1 X46.295 Y48.047
G0 F7200 X47.996 Y46.139
G0 X48.089 Y46.253
G1 F3600 X52.083 Y42.26 E0.09392
G1 X52.153 Y42.19
G0 F7200 X52.153 Y42.41
G0 X53.574 Y42.41
G0 X53.574 Y42.26
G1 F3600 X56.24 Y44.927 E0.06271
G1 X56.31 Y44.997
G0 F7200 X56.09 Y44.997
G0 X56.09 Y43.759
G0 X56.24 Y43.759
G1 F3600 X53.819 Y46.18 E0.05694
G1 X53.749 Y46.25
G0 F7200 X53.906 Y46.06
G0 X52.853 Y45.515
G0 X50.887 Y45.096
G0 X50.9 Y45.244
G1 F3600 X47.917 Y42.26 E0.07017
G1 X47.847 Y42.19
G0 F7200 X47.847 Y42.41
G0 X46.426 Y42.41
G0 X46.426 Y42.26
G1 F3600 X43.76 Y44.925 E0.06269
G1 X43.69 Y44.995
G0 F7200 X43.91 Y44.995
G0 X46.369 Y52.025
G1 F3600 X47.261 Y52.918 E0.02099
G1 X47.18 Y52.819
G1 X43.76 Y56.239 E0.08043
G1 X43.69 Y56.309
G0 F7200 X43.91 Y56.309
G0 X43.91 Y55.074
G0 X43.76 Y55.074
G1 F3600 X46.426 Y57.74 E0.0627
G1 X46.496 Y57.81
G0 F7200 X46.496 Y57.59
G0 X47.916 Y57.59
G0 X47.916 Y57.74
G1 F3600 X50.909 Y54.747 E0.07039
G1 X50.979 Y54.677
G0 F7200 X50.956 Y54.909
G0 X50.055 Y54.76
G0 X47.978 Y53.845
G0 X48.073 Y53.73
G1 F3600 X52.083 Y57.74 E0.09431
G1 X52.153 Y57.81
G0 F7200 X52.153 Y57.59
G0 X53.573 Y57.59
G0 X53.573 Y57.74
G1 F3600 X56.24 Y55.073 E0.06272
G1 X56.31 Y55.003
G0 F7200 X56.09 Y55.003
G0 X56.09 Y56.24
G0 X56.24 Y56.24
G1 F3600 X53.82 Y53.82 E0.05691
G1 X53.75 Y53.75
G0 F7200 X53.906 Y53.941
G0 X53.06 Y54.379
G0 X51.926 Y54.822
G0 X51.896 Y54.513
;TYPE:WALL-INNER
G1 F3600 X51.004 Y54.596 E0.0149
G1 X50.103 Y54.513 E0.01505
G1 X49.235 Y54.253 E0.01507
G1 X48.45 Y53.831 E0.01482
G1 X47.744 Y53.254 E0.01516
G1 X47.171 Y52.557 E0.01501
G1 X46.743 Y51.761 E0.01503
G1 X46.483 Y50.894 E0.01505
G1 X46.396 Y50.001 E0.01492
G1 X46.484 Y49.097 E0.0151
G1 X46.745 Y48.24 E0.0149
G1 X47.168 Y47.446 E0.01496
G1 X47.744 Y46.746 E0.01508
G1 X48.439 Y46.171 E0.015
G1 X49.229 Y45.748 E0.0149
G1 X50.098 Y45.483 E0.01511
G1 X50.991 Y45.396 E0.01492
G1 X51.894 Y45.483 E0.01509
G1 X52.761 Y45.743 E0.01505
G1 X53.549 Y46.167 E0.01488
G1 X54.251 Y46.742 E0.01509
G1 X54.825 Y47.438 E0.015
G1 X55.253 Y48.235 E0.01504
G1 X55.512 Y49.097 E0.01497
G1 X55.6 Y50.001 E0.0151
G1 X55.512 Y50.884 E0.01476
G1 X55.256 Y51.759 E0.01516
G1 X54.829 Y52.548 E0.01492
G1 X54.252 Y53.257 E0.0152
G1 X53.559 Y53.826 E0.01491
G1 X52.764 Y54.249 E0.01498
G1 X51.896 Y54.513 E0.01509
G0 F7200 X51.926 Y54.822
G0 X56.128 Y57.605
G0 X56.272 Y57.9
G1 F3600 X56.4 Y57.683 E0.00419
G1 X56.4 Y42.313 E0.2556
G1 X56.274 Y42.101 E0.0041
G1 X43.6 Y42.1 E0.21077
G1 X43.6 Y57.9 E0.26276
G1 X56.272 Y57.9 E0.21074
G0 F7200 X56.354 Y58.3
;TYPE:WALL-OUTER
G1 F1800 X56.635 Y58.12 E0.00555
G1 X56.8 Y57.734 E0.00698
G1 X56.8 Y42.262 E0.2573
G1 X56.635 Y41.879 E0.00694
G1 X56.356 Y41.701 E0.0055
G1 X43.2 Y41.7 E0.21879
G1 X43.2 Y58.3 E0.27606
G1 X56.354 Y58.3 E0.21875
G0 F7200 X56.522 Y58.193
G0 X56.128 Y57.605
G0 X51.873 Y54.827
G0 X51.804 Y54.12
G1 F1800 X50.984 Y54.196 E0.0137
G1 X50.196 Y54.12 E0.01317
G1 X49.373 Y53.873 E0.01429
G1 X48.689 Y53.505 E0.01292
G1 X48.017 Y52.956 E0.01443
G1 X47.495 Y52.315 E0.01375
G1 X47.123 Y51.623 E0.01307
G1 X46.876 Y50.8 E0.01429
G1 X46.8 Y50.02 E0.01303
G1 X46.876 Y49.196 E0.01376
G1 X47.112 Y48.409 E0.01366
G1 X47.513 Y47.656 E0.01419
G1 X48.044 Y47.017 E0.01382
G1 X48.681 Y46.495 E0.0137
G1 X49.405 Y46.112 E0.01362
G1 X50.192 Y45.876 E0.01366
G1 X51.012 Y45.8 E0.0137
G1 X51.8 Y45.876 E0.01317
G1 X52.623 Y46.123 E0.01429
G1 X53.307 Y46.491 E0.01292
G1 X53.983 Y47.045 E0.01453
G1 X54.501 Y47.681 E0.01364
G1 X54.873 Y48.373 E0.01307
G1 X55.12 Y49.196 E0.01429
G1 X55.196 Y50.02 E0.01376
G1 X55.118 Y50.815 E0.01328
G1 X54.888 Y51.59 E0.01344
G1 X54.484 Y52.339 E0.01415
G1 X53.956 Y52.983 E0.01385
G1 X53.318 Y53.501 E0.01367
G1 X52.591 Y53.884 E0.01367
G1 X51.804 Y54.12 E0.01366
G0 F7200 X51.605 Y54.138
G0 X51.675 Y54.847
G0 X52.862 Y54.482
G0 X53.701 Y54.032
G0 X54.432 Y53.431
G0 X55.038 Y52.692
G0 X55.484 Y51.857
G0 X55.76 Y50.945
G0 X55.668 Y48.348
;TYPE:SKIN
G1 F1930.3 X55.595 Y48.109 E0.00388
G1 F1743.3 X56.055 Y48.107 E0.0079
G1 F1457.5 X55.953 Y49.03 E0.01907
G1 F1585.9 X55.668 Y48.348 E0.01395
G0 F7200 X55.953 Y49.03
G1 F1478.4 X56 Y49.996 E0.01958
G1 X55.953 Y50.966 E0.01966
G0 F7200 X55.669 Y51.65
G1 F1585.9 X55.953 Y50.966 E0.01398
G1 F1457.5 X56.055 Y51.89 E0.01909
G1 F1743.3 X55.597 Y51.889 E0.00786
G1 F1930.3 X55.669 Y51.65 E0.00387
G0 F7200 X55.038 Y52.692
G0 X54.432 Y53.431
G0 X53.701 Y54.032
G0 X52.862 Y54.482
G0 X51.951 Y54.759
G0 X51.006 Y54.854
G0 X50.055 Y54.76
G0 X49.143 Y54.484
G0 X48.308 Y54.038
G0 X47.569 Y53.432
G0 X46.967 Y52.699
G0 X46.108 Y50.956
G1 F1800 X46.379 Y51.881 E0.01603
G1 X43.98 Y51.876 E0.0399
G1 X43.98 Y48.12 E0.06246
G1 X46.383 Y48.118 E0.03996
G1 X46.108 Y49.036 E0.01594
G1 X46.016 Y49.98 E0.01577
G1 X46.108 Y50.956 E0.0163
G0 F7200 X44.323 Y51.677
G1 F1800 X44.18 Y51.534 E0.00336
G0 F7200 X44.18 Y50.968
G1 F1800 X44.89 Y51.678 E0.0167
G0 F7200 X45.456 Y51.679
G1 F1800 X44.18 Y50.403 E0.03001
G0 F7200 X44.18 Y49.837
G1 F1800 X46.023 Y51.68 E0.04334
G0 F7200 X45.912 Y51.003
G1 F1800 X44.18 Y49.271 E0.04073
G0 F7200 X44.18 Y48.706
G1 F1800 X45.852 Y50.378 E0.03932
G0 F7200 X45.835 Y49.795
G1 F1800 X44.36 Y48.32 E0.03469
G0 F7200 X44.927 Y48.321
G1 F1800 X45.884 Y49.278 E0.02251
G0 F7200 X45.968 Y48.797
G1 F1800 X45.493 Y48.322 E0.01117
;MESH:NONMESH
G0 F600 X45.493 Y48.322 Z2.2
G0 F7200 X43.91 Y43.76
G0 X43.76 Y43.76
;TIME_ELAPSED:284.407377
;LAYER:19
;TYPE:FILL
;MESH:head.stl
G1 F3600 X47.179 Y47.179 E0.08041
G1 X47.246 Y47.096
G1 X46.527 Y47.815 E0.01691
G1 X46.457 Y47.885
G0 F7200 X47.996 Y46.14
G0 X48.088 Y46.254
G1 F3600 X52.083 Y42.26 E0.09394
G1 X52.153 Y42.19
G0 F7200 X52.153 Y42.41
G0 X53.574 Y42.41
G0 X53.574 Y42.26
G1 F3600 X56.24 Y44.926 E0.0627
G1 X56.31 Y44.996
G0 F7200 X56.09 Y44.996
G0 X56.09 Y43.759
G0 X56.24 Y43.759
G1 F3600 X53.819 Y46.18 E0.05694
G1 X53.749 Y46.25
G0 F7200 X53.906 Y46.06
G0 X52.857 Y45.516
G0 X50.888 Y45.097
G0 X50.901 Y45.244
G1 F3600 X47.917 Y42.26 E0.07018
G1 X47.847 Y42.19
G0 F7200 X47.847 Y42.41
G0 X46.426 Y42.41
G0 X46.426 Y42.26
G1 F3600 X43.76 Y44.925 E0.06269
G1 X43.69 Y44.995
G0 F7200 X43.91 Y44.995
G0 X46.528 Y52.185
G1 F3600 X47.261 Y52.918 E0.01724
G1 X47.18 Y52.819
G1 X43.76 Y56.239 E0.08043
G1 X43.69 Y56.309
G0 F7200 X43.91 Y56.309
G0 X43.91 Y55.074
G0 X43.76 Y55.074
G1 F3600 X46.426 Y57.74 E0.0627
G1 X46.496 Y57.81
G0 F7200 X46.496 Y57.59
G0 X47.916 Y57.59
G0 X47.916 Y57.74
G1 F3600 X50.905 Y54.751 E0.0703
G1 X50.975 Y54.681
G0 F7200 X50.953 Y54.909
G0 X50.055 Y54.76
G0 X47.991 Y53.856
G0 X48.085 Y53.742
G1 F3600 X52.083 Y57.74 E0.09403
G1 X52.153 Y57.81
G0 F7200 X52.153 Y57.59
G0 X53.573 Y57.59
G0 X53.573 Y57.74
G1 F3600 X56.24 Y55.073 E0.06272
G1 X56.31 Y55.003
G0 F7200 X56.09 Y55.003
G0 X56.09 Y56.24
G0 X56.24 Y56.24
G1 F3600 X53.819 Y53.819 E0.05694
G1 X53.749 Y53.749
G0 F7200 X53.906 Y53.941
G0 X53.056 Y54.381
G0 X51.927 Y54.822
G0 X51.898 Y54.513
;TYPE:WALL-INNER
G1 F3600 X51 Y54.6 E0.015
G1 X50.101 Y54.512 E0.01502
G1 X49.236 Y54.253 E0.01502
G1 X48.443 Y53.829 E0.01495
G1 X47.745 Y53.255 E0.01503
G1 X47.168 Y52.554 E0.0151
G1 X46.746 Y51.761 E0.01494
G1 X46.484 Y50.897 E0.01501
G1 X46.396 Y50.001 E0.01497
G1 X46.484 Y49.097 E0.0151
G1 X46.745 Y48.239 E0.01491
G1 X47.164 Y47.447 E0.0149
G1 X47.742 Y46.749 E0.01507
G1 X48.447 Y46.164 E0.01523
G1 X49.235 Y45.748 E0.01482
G1 X50.102 Y45.483 E0.01508
G1 X51.001 Y45.396 E0.01502
G1 X51.897 Y45.484 E0.01497
G1 X52.761 Y45.745 E0.01501
G1 X53.554 Y46.168 E0.01495
G1 X54.255 Y46.745 E0.0151
G1 X54.831 Y47.445 E0.01508
G1 X55.253 Y48.236 E0.01491
G1 X55.512 Y49.097 E0.01495
G1 X55.6 Y50.001 E0.0151
G1 X55.512 Y50.884 E0.01476
G1 X55.256 Y51.76 E0.01518
G1 X54.831 Y52.55 E0.01492
G1 X54.255 Y53.255 E0.01514
G1 X53.55 Y53.831 E0.01514
G1 X52.765 Y54.253 E0.01482
G1 X51.898 Y54.513 E0.01505
G0 F7200 X51.927 Y54.822
G0 X56.128 Y57.605
G0 X56.272 Y57.9
G1 F3600 X56.4 Y57.683 E0.00419
G1 X56.4 Y42.313 E0.2556
G1 X56.274 Y42.101 E0.0041
G1 X43.6 Y42.1 E0.21077
G1 X43.6 Y57.9 E0.26276
G1 X56.272 Y57.9 E0.21074
G0 F7200 X56.354 Y58.3
;TYPE:WALL-OUTER
G1 F1800 X56.635 Y58.12 E0.00555
G1 X56.8 Y57.734 E0.00698
G1 X56.8 Y42.262 E0.2573
G1 X56.635 Y41.879 E0.00694
G1 X56.356 Y41.701 E0.0055
G1 X43.2 Y41.7 E0.21879
G1 X43.2 Y58.3 E0.27606
G1 X56.354 Y58.3 E0.21875
G0 F7200 X56.522 Y58.193
G0 X56.128 Y57.605
G0 X51.873 Y54.827
G0 X51.804 Y54.12
G1 F1800 X50.98 Y54.196 E0.01376
G1 X50.196 Y54.12 E0.0131
G1 X49.373 Y53.873 E0.01429
G1 X48.652 Y53.483 E0.01363
G1 X48.017 Y52.956 E0.01372
G1 X47.513 Y52.344 E0.01318
G1 X47.112 Y51.59 E0.0142
G1 X46.876 Y50.8 E0.01371
G1 X46.8 Y50.02 E0.01303
G1 X46.876 Y49.196 E0.01376
G1 X47.112 Y48.409 E0.01366
G1 X47.491 Y47.686 E0.01358
G1 X48.017 Y47.044 E0.0138
G1 X48.686 Y46.491 E0.01443
G1 X49.409 Y46.112 E0.01358
G1 X50.196 Y45.876 E0.01366
G1 X51.02 Y45.8 E0.01376
G1 X51.8 Y45.876 E0.01303
G1 X52.627 Y46.127 E0.01437
G1 X53.344 Y46.513 E0.01354
G1 X53.983 Y47.044 E0.01382
G1 X54.505 Y47.685 E0.01375
G1 X54.873 Y48.373 E0.01298
G1 X55.12 Y49.196 E0.01429
G1 X55.196 Y50.02 E0.01376
G1 X55.118 Y50.815 E0.01328
G1 X54.873 Y51.627 E0.0141
G1 X54.505 Y52.311 E0.01292
G1 X53.955 Y52.983 E0.01444
G1 X53.311 Y53.505 E0.01379
G1 X52.627 Y53.873 E0.01292
G1 X51.804 Y54.12 E0.01429
G0 F7200 X51.605 Y54.138
G0 X51.674 Y54.847
G0 X52.857 Y54.484
G0 X53.697 Y54.035
G0 X54.431 Y53.431
G0 X55.035 Y52.697
G0 X55.484 Y51.857
G0 X55.953 Y49.03
;TYPE:SKIN
G1 F1442.9 X55.548 Y47.952 E0.02389
G1 F1551.7 X56.039 Y47.95 E0.00947
G1 F1442.9 X55.953 Y49.03 E0.02248
G1 F1478.4 X56 Y49.996 E0.01958
G1 X55.953 Y50.966 E0.01966
G0 F7200 X56.039 Y52.047
G1 F1551.7 X55.549 Y52.046 E0.00945
G1 F1442.9 X55.953 Y50.966 E0.02392
G1 X56.039 Y52.047 E0.0225
G0 F7200 X53.697 Y54.035
G0 X52.857 Y54.484
G0 X51.95 Y54.759
G0 X51 Y54.854
G0 X50.055 Y54.76
G0 X49.143 Y54.484
G0 X45.266 Y51.94
G1 F1800 X43.98 Y51.936 E0.02139
G1 X43.981 Y48.065 E0.06437
G1 X45.268 Y48.059 E0.0214
G1 X45.33 Y47.953 E0.00204
G1 X46.465 Y47.952 E0.01888
G1 X46.398 Y48.079 E0.00239
G1 X46.108 Y49.036 E0.01663
G1 X46.016 Y49.984 E0.01584
G1 X46.109 Y50.941 E0.01599
G1 X46.384 Y51.885 E0.01635
G1 X46.464 Y52.044 E0.00296
G1 X45.327 Y52.044 E0.01891
G1 X45.266 Y51.94 E0.00201
G0 F7200 X46.13 Y51.733
G1 F1800 X46.019 Y51.844 E0.00261
G0 F7200 X45.473 Y51.825
G1 F1800 X46.001 Y51.297 E0.01242
G0 F7200 X45.898 Y50.835
G1 F1800 X44.996 Y51.736 E0.0212
G0 F7200 X44.43 Y51.736
G1 F1800 X45.847 Y50.32 E0.03331
G0 F7200 X45.838 Y49.763
G1 F1800 X44.181 Y51.42 E0.03897
G0 F7200 X44.181 Y50.854
G1 F1800 X45.897 Y49.138 E0.04036
G0 F7200 X46.097 Y48.372
G1 F1800 X44.181 Y50.289 E0.04507
G0 F7200 X44.181 Y49.723
G1 F1800 X45.751 Y48.153 E0.03692
G0 F7200 X45.074 Y48.264
G1 F1800 X44.181 Y49.157 E0.021
G0 F7200 X44.181 Y48.592
G1 F1800 X44.508 Y48.264 E0.0077
;MESH:NONMESH
G0 F600 X44.508 Y48.264 Z2.3
G0 F7200 X43.91 Y43.76
G0 X43.76 Y43.76
;TIME_ELAPSED:292.631039
;LAYER:20
;TYPE:FILL
;MESH:head.stl
G1 F3600 X47.179 Y47.179 E0.08041
G1 X47.246 Y47.096
G1 X46.649 Y47.694 E0.01405
G1 X46.579 Y47.764
G0 F7200 X47.996 Y46.14
G0 X48.088 Y46.254
G1 F3600 X52.083 Y42.26 E0.09394
G1 X52.153 Y42.19
G0 F7200 X52.153 Y42.41
G0 X53.574 Y42.41
G0 X53.574 Y42.26
G1 F3600 X56.24 Y44.926 E0.0627
G1 X56.31 Y44.996
G0 F7200 X56.09 Y44.996
G0 X56.09 Y43.759
G0 X56.24 Y43.759
G1 F3600 X53.819 Y46.18 E0.05694
G1 X53.749 Y46.25
G0 F7200 X53.906 Y46.06
G0 X52.857 Y45.516
G0 X50.888 Y45.097
G0 X50.901 Y45.244
G1 F3600 X47.917 Y42.26 E0.07018
G1 X47.847 Y42.19
G0 F7200 X47.847 Y42.41
G0 X46.426 Y42.41
G0 X46.426 Y42.26
G1 F3600 X43.76 Y44.925 E0.06269
G1 X43.69 Y44.995
G0 F7200 X43.91 Y44.995
G0 X46.65 Y52.307
G1 F3600 X47.261 Y52.918 E0.01437
G1 X47.18 Y52.819
G1 X43.76 Y56.239 E0.08043
G1 X43.69 Y56.309
G0 F7200 X43.91 Y56.309
G0 X43.91 Y55.074
G0 X43.76 Y55.074
G1 F3600 X46.426 Y57.74 E0.0627
G1 X46.496 Y57.81
G0 F7200 X46.496 Y57.59
G0 X47.916 Y57.59
G0 X47.916 Y57.74
G1 F3600 X50.909 Y54.747 E0.07039
G1 X50.979 Y54.677
G0 F7200 X50.956 Y54.909
G0 X50.055 Y54.76
G0 X47.991 Y53.856
G0 X48.085 Y53.742
G1 F3600 X52.083 Y57.74 E0.09403
G1 X52.153 Y57.81
G0 F7200 X52.153 Y57.59
G0 X53.573 Y57.59
G0 X53.573 Y57.74
G1 F3600 X56.24 Y55.073 E0.06272
G1 X56.31 Y55.003
G0 F7200 X56.09 Y55.003
G0 X56.09 Y56.24
G0 X56.24 Y56.24
G1 F3600 X53.819 Y53.819 E0.05694
G1 X53.749 Y53.749
G0 F7200 X53.906 Y53.941
G0 X53.056 Y54.381
G0 X51.92 Y54.823
G0 X51.891 Y54.513
;TYPE:WALL-INNER
G1 F3600 X51 Y54.596 E0.01488
G1 X50.103 Y54.513 E0.01498
G1 X49.236 Y54.253 E0.01505
G1 X48.443 Y53.829 E0.01495
G1 X47.745 Y53.255 E0.01503
G1 X47.168 Y52.554 E0.0151
G1 X46.746 Y51.761 E0.01494
G1 X46.484 Y50.897 E0.01501
G1 X46.396 Y50.001 E0.01497
G1 X46.484 Y49.097 E0.0151
G1 X46.745 Y48.239 E0.01491
G1 X47.164 Y47.447 E0.0149
G1 X47.742 Y46.749 E0.01507
G1 X48.447 Y46.164 E0.01523
G1 X49.235 Y45.748 E0.01482
G1 X50.102 Y45.483 E0.01508
G1 X51.001 Y45.396 E0.01502
G1 X51.897 Y45.484 E0.01497
G1 X52.761 Y45.745 E0.01501
G1 X53.554 Y46.168 E0.01495
G1 X54.255 Y46.745 E0.0151
G1 X54.831 Y47.445 E0.01508
G1 X55.253 Y48.236 E0.01491
G1 X55.512 Y49.097 E0.01495
G1 X55.6 Y50.001 E0.0151
G1 X55.512 Y50.884 E0.01476
G1 X55.256 Y51.76 E0.01518
G1 X54.831 Y52.55 E0.01492
G1 X54.255 Y53.255 E0.01514
G1 X53.55 Y53.831 E0.01514
G1 X52.761 Y54.255 E0.0149
G1 X51.891 Y54.513 E0.01509
G0 F7200 X51.92 Y54.823
G0 X56.128 Y57.605
G0 X56.272 Y57.9
G1 F3600 X56.4 Y57.683 E0.00419
G1 X56.4 Y42.313 E0.2556
G1 X56.274 Y42.101 E0.0041
G1 X43.6 Y42.1 E0.21077
G1 X43.6 Y57.9 E0.26276
G1 X56.272 Y57.9 E0.21074
G0 F7200 X56.354 Y58.3
;TYPE:WALL-OUTER
G1 F1800 X56.635 Y58.12 E0.00555
G1 X56.8 Y57.734 E0.00698
G1 X56.8 Y42.262 E0.2573
G1 X56.635 Y41.879 E0.00694
G1 X56.356 Y41.701 E0.0055
G1 X43.2 Y41.7 E0.21879
G1 X43.2 Y58.3 E0.27606
G1 X56.354 Y58.3 E0.21875
G0 F7200 X56.522 Y58.193
G0 X56.128 Y57.605
G0 X51.869 Y54.828
G0 X51.8 Y54.12
G1 F1800 X50.98 Y54.196 E0.0137
G1 X50.196 Y54.12 E0.0131
G1 X49.373 Y53.873 E0.01429
G1 X48.652 Y53.483 E0.01363
G1 X48.017 Y52.956 E0.01372
G1 X47.513 Y52.344 E0.01318
G1 X47.112 Y51.59 E0.0142
G1 X46.876 Y50.8 E0.01371
G1 X46.8 Y50.02 E0.01303
G1 X46.876 Y49.196 E0.01376
G1 X47.112 Y48.409 E0.01366
G1 X47.491 Y47.686 E0.01358
G1 X48.017 Y47.044 E0.0138
G1 X48.686 Y46.491 E0.01443
G1 X49.409 Y46.112 E0.01358
G1 X50.196 Y45.876 E0.01366
G1 X51.02 Y45.8 E0.01376
G1 X51.8 Y45.876 E0.01303
G1 X52.627 Y46.127 E0.01437
G1 X53.344 Y46.513 E0.01354
G1 X53.983 Y47.044 E0.01382
G1 X54.505 Y47.685 E0.01375
G1 X54.873 Y48.373 E0.01298
G1 X55.12 Y49.196 E0.01429
G1 X55.196 Y50.02 E0.01376
G1 X55.118 Y50.815 E0.01328
G1 X54.873 Y51.627 E0.0141
G1 X54.505 Y52.311 E0.01292
G1 X53.955 Y52.983 E0.01444
G1 X53.311 Y53.505 E0.01379
G1 X52.627 Y53.873 E0.01292
G1 X51.8 Y54.12 E0.01435
G0 F7200 X51.601 Y54.138
G0 X51.67 Y54.848
G0 X52.857 Y54.484
G0 X53.697 Y54.035
G0 X54.431 Y53.431
G0 X55.035 Y52.697
G0 X55.484 Y51.857
G0 X55.76 Y50.945
G0 X55.854 Y50
G0 X55.602 Y48.071
;TYPE:SKIN
G1 F1756.1 X55.477 Y47.837 E0.00452
G1 F1632.7 X56.028 Y47.837 E0.0101
G1 F1431.4 X55.953 Y49.03 E0.025
G1 F1525.4 X55.602 Y48.071 E0.02004
G0 F7200 X55.953 Y49.03
G1 F1478.4 X56 Y49.996 E0.01958
G1 X55.953 Y50.966 E0.01966
G0 F7200 X55.618 Y51.888
G1 F1525.4 X55.953 Y50.966 E0.01925
G1 F1434.3 X56.031 Y52.16 E0.02497
G1 F1636.4 X55.474 Y52.16 E0.01019
G1 F1760.4 X55.618 Y51.888 E0.00523
G0 F7200 X54.431 Y53.431
G0 X53.697 Y54.035
G0 X52.857 Y54.484
G0 X51.945 Y54.76
G0 X51 Y54.854
G0 X50.055 Y54.76
G0 X49.143 Y54.484
G0 X45.305 Y52.035
G1 F1800 X45.214 Y51.994 E0.00166
G1 X43.98 Y51.992 E0.02052
G1 X43.981 Y48.005 E0.0663
G1 X45.218 Y48.001 E0.02057
G1 X45.305 Y47.961 E0.00159
G1 X45.367 Y47.833 E0.00237
G1 X46.529 Y47.832 E0.01932
G1 X46.399 Y48.078 E0.00463
G1 X46.116 Y48.997 E0.01599
G1 X46.016 Y49.984 E0.0165
G1 X46.109 Y50.941 E0.01599
G1 X46.399 Y51.923 E0.01703
G1 X46.529 Y52.163 E0.00454
G1 X45.367 Y52.164 E0.01932
G1 X45.305 Y52.035 E0.00238
G0 F7200 X44.438 Y51.792
G1 F1800 X44.18 Y51.534 E0.00607
G0 F7200 X44.18 Y50.968
G1 F1800 X45.007 Y51.796 E0.01946
G0 F7200 X45.741 Y51.964
G1 F1800 X44.18 Y50.403 E0.03671
G0 F7200 X44.181 Y49.838
G1 F1800 X46.067 Y51.723 E0.04434
G1 X46.067 Y51.724
G1 X46.158 Y51.815 E0.00214
G0 F7200 X45.924 Y51.015
G1 F1800 X44.181 Y49.272 E0.04099
G0 F7200 X44.181 Y48.706
G1 F1800 X45.853 Y50.379 E0.03933
G0 F7200 X45.836 Y49.796
G1 F1800 X44.245 Y48.205 E0.03742
G0 F7200 X44.811 Y48.205
G1 F1800 X45.886 Y49.28 E0.02528
G0 F7200 X45.969 Y48.797
G1 F1800 X45.333 Y48.162 E0.01495
G0 F7200 X45.77 Y48.033
G1 F1800 X46.102 Y48.365 E0.00781
G0 F7200 X46.075 Y48.357
;MESH:NONMESH
G0 F600 X46.075 Y48.357 Z2.4
G0 F7200 X43.91 Y43.76
G0 X43.76 Y43.76
;TIME_ELAPSED:300.955175
;LAYER:21
;TYPE:FILL
;MESH:head.stl
G1 F3600 X47.179 Y47.179 E0.08041
G1 X47.246 Y47.096
G1 X46.772 Y47.571 E0.01116
G0 F7200 X46.758 Y47.563
G0 X47.996 Y46.14
G0 X48.088 Y46.254
G1 F3600 X52.083 Y42.26 E0.09394
G1 X52.153 Y42.19
G0 F7200 X52.153 Y42.41
G0 X53.574 Y42.41
G0 X53.574 Y42.26
G1 F3600 X56.24 Y44.926 E0.0627
G1 X56.31 Y44.996
G0 F7200 X56.09 Y44.996
G0 X56.09 Y43.759
G0 X56.24 Y43.759
G1 F3600 X53.819 Y46.18 E0.05694
G1 X53.749 Y46.25
G0 F7200 X53.906 Y46.06
G0 X52.857 Y45.516
G0 X50.888 Y45.097
G0 X50.901 Y45.244
G1 F3600 X47.917 Y42.26 E0.07018
G1 X47.847 Y42.19
G0 F7200 X47.847 Y42.41
G0 X46.426 Y42.41
G0 X46.426 Y42.26
G1 F3600 X43.76 Y44.925 E0.06269
G1 X43.69 Y44.995
G0 F7200 X43.91 Y44.995
G0 X46.756 Y52.435
G0 X46.772 Y52.428
G1 F3600 X47.261 Y52.918 E0.01151
G1 X47.18 Y52.819
G1 X43.76 Y56.239 E0.08043
G1 X43.69 Y56.309
G0 F7200 X43.91 Y56.309
G0 X43.91 Y55.074
G0 X43.76 Y55.074
G1 F3600 X46.426 Y57.74 E0.0627
G1 X46.496 Y57.81
G0 F7200 X46.496 Y57.59
G0 X47.916 Y57.59
G0 X47.916 Y57.74
G1 F3600 X50.909 Y54.747 E0.07039
G1 X50.979 Y54.677
G0 F7200 X50.956 Y54.909
G0 X50.055 Y54.76
G0 X47.991 Y53.856
G0 X48.085 Y53.742
G1 F3600 X52.083 Y57.74 E0.09403
G1 X52.153 Y57.81
G0 F7200 X52.153 Y57.59
G0 X53.573 Y57.59
G0 X53.573 Y57.74
G1 F3600 X56.24 Y55.073 E0.06272
G1 X56.31 Y55.003
G0 F7200 X56.09 Y55.003
G0 X56.09 Y56.24
G0 X56.24 Y56.24
G1 F3600 X53.819 Y53.819 E0.05694
G1 X53.749 Y53.749
G0 F7200 X53.906 Y53.941
G0 X53.056 Y54.381
G0 X51.92 Y54.823
G0 X51.891 Y54.513
;TYPE:WALL-INNER
G1 F3600 X51 Y54.596 E0.01488
G1 X50.103 Y54.513 E0.01498
G1 X49.236 Y54.253 E0.01505
G1 X48.443 Y53.829 E0.01495
G1 X47.745 Y53.255 E0.01503
G1 X47.168 Y52.554 E0.0151
G1 X46.746 Y51.761 E0.01494
G1 X46.484 Y50.897 E0.01501
G1 X46.396 Y50.001 E0.01497
G1 X46.484 Y49.097 E0.0151
G1 X46.745 Y48.239 E0.01491
G1 X47.164 Y47.447 E0.0149
G1 X47.742 Y46.749 E0.01507
G1 X48.447 Y46.164 E0.01523
G1 X49.235 Y45.748 E0.01482
G1 X50.102 Y45.483 E0.01508
G1 X51.001 Y45.396 E0.01502
G1 X51.897 Y45.484 E0.01497
G1 X52.761 Y45.745 E0.01501
G1 X53.554 Y46.168 E0.01495
G1 X54.255 Y46.745 E0.0151
G1 X54.831 Y47.445 E0.01508
G1 X55.253 Y48.236 E0.01491
G1 X55.512 Y49.097 E0.01495
G1 X55.6 Y50.001 E0.0151
G1 X55.512 Y50.884 E0.01476
G1 X55.256 Y51.76 E0.01518
G1 X54.831 Y52.55 E0.01492
G1 X54.255 Y53.255 E0.01514
G1 X53.55 Y53.831 E0.01514
G1 X52.761 Y54.255 E0.0149
G1 X51.891 Y54.513 E0.01509
G0 F7200 X51.92 Y54.823
G0 X56.128 Y57.605
G0 X56.272 Y57.9
G1 F3600 X56.4 Y57.683 E0.00419
G1 X56.4 Y42.313 E0.2556
G1 X56.274 Y42.101 E0.0041
G1 X43.6 Y42.1 E0.21077
G1 X43.6 Y57.9 E0.26276
G1 X56.272 Y57.9 E0.21074
G0 F7200 X56.354 Y58.3
;TYPE:WALL-OUTER
G1 F1800 X56.635 Y58.12 E0.00555
G1 X56.8 Y57.734 E0.00698
G1 X56.8 Y42.262 E0.2573
G1 X56.635 Y41.879 E0.00694
G1 X56.356 Y41.701 E0.0055
G1 X43.2 Y41.7 E0.21879
G1 X43.2 Y58.3 E0.27606
G1 X56.354 Y58.3 E0.21875
G0 F7200 X56.522 Y58.193
G0 X56.128 Y57.605
G0 X51.869 Y54.828
G0 X51.8 Y54.12
G1 F1800 X50.98 Y54.196 E0.0137
G1 X50.196 Y54.12 E0.0131
G1 X49.373 Y53.873 E0.01429
G1 X48.652 Y53.483 E0.01363
G1 X48.017 Y52.956 E0.01372
G1 X47.513 Y52.344 E0.01318
G1 X47.112 Y51.59 E0.0142
G1 X46.876 Y50.8 E0.01371
G1 X46.8 Y50.02 E0.01303
G1 X46.876 Y49.196 E0.01376
G1 X47.112 Y48.409 E0.01366
G1 X47.491 Y47.686 E0.01358
G1 X48.017 Y47.044 E0.0138
G1 X48.686 Y46.491 E0.01443
G1 X49.409 Y46.112 E0.01358
G1 X50.196 Y45.876 E0.01366
G1 X51.02 Y45.8 E0.01376
G1 X51.8 Y45.876 E0.01303
G1 X52.627 Y46.127 E0.01437
G1 X53.344 Y46.513 E0.01354
G1 X53.983 Y47.044 E0.01382
G1 X54.505 Y47.685 E0.01375
G1 X54.873 Y48.373 E0.01298
G1 X55.12 Y49.196 E0.01429
G1 X55.196 Y50.02 E0.01376
G1 X55.118 Y50.815 E0.01328
G1 X54.873 Y51.627 E0.0141
G1 X54.505 Y52.311 E0.01292
G1 X53.955 Y52.983 E0.01444
G1 X53.311 Y53.505 E0.01379
G1 X52.627 Y53.873 E0.01292
G1 X51.8 Y54.12 E0.01435
G0 F7200 X51.601 Y54.138
G0 X51.67 Y54.848
G0 X52.857 Y54.484
G0 X53.697 Y54.035
G0 X54.431 Y53.431
G0 X55.035 Y52.697
G0 X55.484 Y51.857
G0 X55.76 Y50.945
G0 X55.845 Y50.095
G0 X55.61 Y48.066
;TYPE:SKIN
G1 F1670.5 X55.428 Y47.727 E0.00689
G1 F1578.9 X56.022 Y47.727 E0.01126
G1 F1417.3 X55.953 Y49.03 E0.02756
G1 F1493.8 X55.61 Y48.066 E0.0205
G0 F7200 X55.953 Y49.03
G1 F1478.4 X56 Y49.996 E0.01958
G1 X55.953 Y50.966 E0.01966
G0 F7200 X55.615 Y51.923
G1 F1490.7 X55.953 Y50.966 E0.02038
G1 F1417.3 X56.022 Y52.272 E0.02762
G1 F1572.1 X55.426 Y52.272 E0.01135
G1 F1666.7 X55.615 Y51.923 E0.00713
G0 F7200 X54.431 Y53.431
G0 X53.697 Y54.035
G0 X52.857 Y54.484
G0 X51.945 Y54.76
G0 X51 Y54.854
G0 X50.055 Y54.76
G0 X49.143 Y54.484
G0 X45.324 Y52.113
G1 F1800 X45.205 Y52.053 E0.00222
G1 X43.98 Y52.052 E0.02037
G1 X43.98 Y47.948 E0.06825
G1 X45.21 Y47.946 E0.02046
G1 X45.326 Y47.886 E0.00217
G1 X45.38 Y47.708 E0.00309
G1 X46.593 Y47.708 E0.02017
G1 X46.398 Y48.079 E0.00697
G1 X46.11 Y49.026 E0.01646
G1 X46.016 Y49.984 E0.01601
G1 X46.108 Y50.94 E0.01597
G1 X46.384 Y51.885 E0.01637
G1 X46.594 Y52.288 E0.00756
G1 X45.38 Y52.288 E0.02019
G1 X45.324 Y52.113 E0.00306
G0 F7200 X46.13 Y51.734
G1 F1800 X45.775 Y52.088 E0.00834
G0 F7200 X45.372 Y51.926
G1 F1800 X46.001 Y51.297 E0.01479
G0 F7200 X45.897 Y50.835
G1 F1800 X44.878 Y51.854 E0.02397
G0 F7200 X44.314 Y51.853
G1 F1800 X45.847 Y50.32 E0.03605
G0 F7200 X45.839 Y49.762
G1 F1800 X44.18 Y51.421 E0.03902
G0 F7200 X44.18 Y50.855
G1 F1800 X45.899 Y49.136 E0.04043
G0 F7200 X46.099 Y48.37
G1 F1800 X44.18 Y50.289 E0.04513
G0 F7200 X44.18 Y49.724
G1 F1800 X45.996 Y47.908 E0.04271
G1 X46.066 Y47.838
G0 F7200 X45.194 Y48.144
G1 F1800 X44.18 Y49.158 E0.02385
G0 F7200 X44.18 Y48.592
G1 F1800 X44.626 Y48.146 E0.01049
;MESH:NONMESH
G0 F600 X44.626 Y48.146 Z2.5
G0 F7200 X43.91 Y43.76
G0 X43.76 Y43.76
;TIME_ELAPSED:309.340354
;LAYER:22
;TYPE:FILL
;MESH:head.stl
G1 F3600 X47.179 Y47.179 E0.08041
G1 X47.25 Y47.092
G1 X46.885 Y47.457 E0.00858
G0 F7200 X46.83 Y47.427
G0 X47.996 Y46.14
G0 X48.088 Y46.254
G1 F3600 X52.083 Y42.26 E0.09394
G1 X52.153 Y42.19
G0 F7200 X52.153 Y42.41
G0 X53.574 Y42.41
G0 X53.574 Y42.26
G1 F3600 X56.24 Y44.926 E0.0627
G1 X56.31 Y44.996
G0 F7200 X56.09 Y44.996
G0 X56.09 Y43.759
G0 X56.24 Y43.759
G1 F3600 X53.819 Y46.18 E0.05694
G1 X53.749 Y46.25
G0 F7200 X53.906 Y46.06
G0 X52.857 Y45.516
G0 X50.888 Y45.097
G0 X50.901 Y45.244
G1 F3600 X47.917 Y42.26 E0.07018
G1 X47.847 Y42.19
G0 F7200 X47.847 Y42.41
G0 X46.426 Y42.41
G0 X46.426 Y42.26
G1 F3600 X43.76 Y44.925 E0.06269
G1 X43.69 Y44.995
G0 F7200 X43.91 Y44.995
G0 X46.83 Y52.572
G0 X46.886 Y52.543
G1 F3600 X47.259 Y52.916 E0.00877
G1 X47.18 Y52.819
G1 X43.76 Y56.239 E0.08043
G1 X43.69 Y56.309
G0 F7200 X43.91 Y56.309
G0 X43.91 Y55.074
G0 X43.76 Y55.074
G1 F3600 X46.426 Y57.74 E0.0627
G1 X46.496 Y57.81
G0 F7200 X46.496 Y57.59
G0 X47.916 Y57.59
G0 X47.916 Y57.74
G1 F3600 X50.909 Y54.747 E0.07039
G1 X50.979 Y54.677
G0 F7200 X50.956 Y54.909
G0 X50.055 Y54.76
G0 X47.991 Y53.856
G0 X48.085 Y53.742
G1 F3600 X52.083 Y57.74 E0.09403
G1 X52.153 Y57.81
G0 F7200 X52.153 Y57.59
G0 X53.573 Y57.59
G0 X53.573 Y57.74
G1 F3600 X56.24 Y55.073 E0.06272
G1 X56.31 Y55.003
G0 F7200 X56.09 Y55.003
G0 X56.09 Y56.24
G0 X56.24 Y56.24
G1 F3600 X53.819 Y53.819 E0.05694
G1 X53.749 Y53.749
G0 F7200 X53.906 Y53.941
G0 X53.056 Y54.381
G0 X51.92 Y54.823
G0 X51.891 Y54.513
;TYPE:WALL-INNER
G1 F3600 X51 Y54.596 E0.01488
G1 X50.103 Y54.513 E0.01498
G1 X49.236 Y54.253 E0.01505
G1 X48.443 Y53.829 E0.01495
G1 X47.745 Y53.255 E0.01503
G1 X47.168 Y52.554 E0.0151
G1 X46.746 Y51.761 E0.01494
G1 X46.484 Y50.897 E0.01501
G1 X46.396 Y50.001 E0.01497
G1 X46.484 Y49.097 E0.0151
G1 X46.745 Y48.239 E0.01491
G1 X47.164 Y47.447 E0.0149
G1 X47.742 Y46.749 E0.01507
G1 X48.447 Y46.164 E0.01523
G1 X49.235 Y45.748 E0.01482
G1 X50.102 Y45.483 E0.01508
G1 X51.001 Y45.396 E0.01502
G1 X51.897 Y45.484 E0.01497
G1 X52.761 Y45.745 E0.01501
G1 X53.554 Y46.168 E0.01495
G1 X54.255 Y46.745 E0.0151
G1 X54.831 Y47.445 E0.01508
G1 X55.253 Y48.236 E0.01491
G1 X55.512 Y49.097 E0.01495
G1 X55.6 Y50.001 E0.0151
G1 X55.512 Y50.884 E0.01476
G1 X55.256 Y51.76 E0.01518
G1 X54.831 Y52.55 E0.01492
G1 X54.255 Y53.255 E0.01514
G1 X53.55 Y53.831 E0.01514
G1 X52.761 Y54.255 E0.0149
G1 X51.891 Y54.513 E0.01509
G0 F7200 X51.92 Y54.823
G0 X56.128 Y57.605
G0 X56.272 Y57.9
G1 F3600 X56.4 Y57.683 E0.00419
G1 X56.4 Y42.313 E0.2556
G1 X56.274 Y42.101 E0.0041
G1 X43.6 Y42.1 E0.21077
G1 X43.6 Y57.9 E0.26276
G1 X56.272 Y57.9 E0.21074
G0 F7200 X56.354 Y58.3
;TYPE:WALL-OUTER
G1 F1800 X56.635 Y58.12 E0.00555
G1 X56.8 Y57.734 E0.00698
G1 X56.8 Y42.262 E0.2573
G1 X56.635 Y41.879 E0.00694
G1 X56.356 Y41.701 E0.0055
G1 X43.2 Y41.7 E0.21879
G1 X43.2 Y58.3 E0.27606
G1 X56.354 Y58.3 E0.21875
G0 F7200 X56.522 Y58.193
G0 X56.128 Y57.605
G0 X51.869 Y54.828
G0 X51.8 Y54.12
G1 F1800 X50.98 Y54.196 E0.0137
G1 X50.196 Y54.12 E0.0131
G1 X49.373 Y53.873 E0.01429
G1 X48.652 Y53.483 E0.01363
G1 X48.017 Y52.956 E0.01372
G1 X47.513 Y52.344 E0.01318
G1 X47.112 Y51.59 E0.0142
G1 X46.876 Y50.8 E0.01371
G1 X46.8 Y50.02 E0.01303
G1 X46.876 Y49.196 E0.01376
G1 X47.112 Y48.409 E0.01366
G1 X47.491 Y47.686 E0.01358
G1 X48.017 Y47.044 E0.0138
G1 X48.686 Y46.491 E0.01443
G1 X49.409 Y46.112 E0.01358
G1 X50.196 Y45.876 E0.01366
G1 X51.02 Y45.8 E0.01376
G1 X51.8 Y45.876 E0.01303
G1 X52.627 Y46.127 E0.01437
G1 X53.344 Y46.513 E0.01354
G1 X53.983 Y47.044 E0.01382
G1 X54.505 Y47.685 E0.01375
G1 X54.873 Y48.373 E0.01298
G1 X55.12 Y49.196 E0.01429
G1 X55.196 Y50.02 E0.01376
G1 X55.118 Y50.815 E0.01328
G1 X54.873 Y51.627 E0.0141
G1 X54.505 Y52.311 E0.01292
G1 X53.955 Y52.983 E0.01444
G1 X53.311 Y53.505 E0.01379
G1 X52.627 Y53.873 E0.01292
G1 X51.8 Y54.12 E0.01435
G0 F7200 X51.601 Y54.138
G0 X51.67 Y54.848
G0 X52.857 Y54.484
G0 X53.697 Y54.035
G0 X54.431 Y53.431
G0 X55.035 Y52.697
G0 X55.484 Y51.857
G0 X55.76 Y50.945
G0 X55.621 Y48.061
;TYPE:SKIN
G1 F1585.9 X55.387 Y47.623 E0.00937
G1 F1519 X56.01 Y47.623 E0.01228
G1 F1400.8 X55.953 Y49.03 E0.03009
G1 F1457.5 X55.621 Y48.061 E0.02104
G0 F7200 X55.953 Y49.03
G1 F1478.4 X56 Y49.996 E0.01958
G1 X55.953 Y50.966 E0.01966
G0 F7200 X55.625 Y51.928
G1 F1457.5 X55.953 Y50.966 E0.02087
G1 F1400.8 X56.011 Y52.377 E0.03018
G1 F1519 X55.384 Y52.377 E0.01236
G1 F1582.4 X55.625 Y51.928 E0.00964
G0 F7200 X54.431 Y53.431
G0 X53.697 Y54.035
G0 X52.857 Y54.484
G0 X51.945 Y54.76
G0 X51 Y54.854
G0 X50.055 Y54.76
G0 X49.143 Y54.484
G0 X45.338 Y52.184
G1 F1800 X45.197 Y52.108 E0.00266
G1 X43.98 Y52.108 E0.02024
G1 X43.98 Y47.888 E0.07018
G1 X45.201 Y47.887 E0.02031
G1 X45.338 Y47.812 E0.0026
G1 X45.38 Y47.596 E0.00366
G1 X46.653 Y47.596 E0.02117
G1 X46.384 Y48.113 E0.00969
G1 X46.108 Y49.036 E0.01602
G1 X46.016 Y49.984 E0.01584
G1 X46.112 Y50.961 E0.01633
G1 X46.399 Y51.923 E0.01669
G1 X46.654 Y52.4 E0.00899
G1 X45.38 Y52.4 E0.02119
G1 X45.338 Y52.184 E0.00366
G0 F7200 X44.554 Y51.908
G1 F1800 X44.179 Y51.533 E0.00882
G0 F7200 X44.179 Y50.968
G1 F1800 X45.12 Y51.909 E0.02213
G1 X45.19 Y51.979
G0 F7200 X45.977 Y52.2
G1 F1800 X44.179 Y50.402 E0.04229
G0 F7200 X44.179 Y49.836
G1 F1800 X46.154 Y51.811 E0.04645
G1 X46.224 Y51.881
G0 F7200 X45.919 Y51.01
G1 F1800 X44.179 Y49.27 E0.04092
G0 F7200 X44.179 Y48.705
G1 F1800 X45.854 Y50.38 E0.03939
G0 F7200 X45.836 Y49.796
G1 F1800 X44.179 Y48.139 E0.03897
G0 F7200 X44.693 Y48.088
G1 F1800 X45.885 Y49.279 E0.02802
G0 F7200 X45.968 Y48.797
G1 F1800 X45.245 Y48.073 E0.01702
G0 F7200 X45.541 Y47.803
G1 F1800 X46.1 Y48.363 E0.01316
G0 F7200 X46.248 Y47.945
G1 F1800 X46.099 Y47.796 E0.0035
;MESH:NONMESH
G0 F600 X46.099 Y47.796 Z2.6
G0 F7200 X43.91 Y43.76
G0 X43.76 Y43.76
;TIME_ELAPSED:317.824912
;LAYER:23
;TYPE:FILL
;MESH:head.stl
G1 F3600 X47.179 Y47.179 E0.08041
G1 X47.251 Y47.091
G1 X46.967 Y47.375 E0.00668
G0 F7200 X46.883 Y47.329
G0 X47.996 Y46.14
G0 X48.088 Y46.254
G1 F3600 X52.083 Y42.26 E0.09394
G1 X52.153 Y42.19
G0 F7200 X52.153 Y42.41
G0 X53.574 Y42.41
G0 X53.574 Y42.26
G1 F3600 X56.24 Y44.926 E0.0627
G1 X56.31 Y44.996
G0 F7200 X56.09 Y44.996
G0 X56.09 Y43.759
G0 X56.24 Y43.759
G1 F3600 X53.819 Y46.18 E0.05694
G1 X53.749 Y46.25
G0 F7200 X53.906 Y46.06
G0 X52.857 Y45.516
G0 X50.888 Y45.097
G0 X50.901 Y45.244
G1 F3600 X47.917 Y42.26 E0.07018
G1 X47.847 Y42.19
G0 F7200 X47.847 Y42.41
G0 X46.426 Y42.41
G0 X46.426 Y42.26
G1 F3600 X43.76 Y44.925 E0.06269
G1 X43.69 Y44.995
G0 F7200 X43.91 Y44.995
G0 X45.162 Y51.333
G0 X46.882 Y52.67
G0 X46.968 Y52.625
G1 F3600 X47.257 Y52.914 E0.0068
G1 X47.179 Y52.82
G1 X43.76 Y56.239 E0.08041
G1 X43.69 Y56.309
G0 F7200 X43.91 Y56.309
G0 X43.91 Y55.074
G0 X43.76 Y55.074
G1 F3600 X46.426 Y57.74 E0.0627
G1 X46.496 Y57.81
G0 F7200 X46.496 Y57.59
G0 X47.916 Y57.59
G0 X47.916 Y57.74
G1 F3600 X50.909 Y54.747 E0.07039
G1 X50.979 Y54.677
G0 F7200 X50.956 Y54.909
G0 X50.055 Y54.76
G0 X47.991 Y53.856
G0 X48.085 Y53.742
G1 F3600 X52.083 Y57.74 E0.09403
G1 X52.153 Y57.81
G0 F7200 X52.153 Y57.59
G0 X53.573 Y57.59
G0 X53.573 Y57.74
G1 F3600 X56.24 Y55.073 E0.06272
G1 X56.31 Y55.003
G0 F7200 X56.09 Y55.003
G0 X56.09 Y56.24
G0 X56.24 Y56.24
G1 F3600 X53.819 Y53.819 E0.05694
G1 X53.749 Y53.749
G0 F7200 X53.906 Y53.941
G0 X52.857 Y54.484
G0 X51.945 Y54.76
G0 X51 Y54.854
G0 X50.055 Y54.76
G0 X49.143 Y54.484
G0 X48.303 Y54.035
G0 X45.631 Y51.405
G0 X45.631 Y50.966
;TYPE:WALL-INNER
G1 F3600 X45.467 Y50.769 E0.00426
G1 X45.4 Y50.569 E0.00351
G1 X45.4 Y49.504 E0.01771
G1 X45.467 Y49.226 E0.00476
G1 X45.631 Y49.03 E0.00425
G1 X45.869 Y48.905 E0.00447
G1 X46.543 Y48.904 E0.01121
G1 X46.753 Y48.229 E0.01176
G1 X47.164 Y47.448 E0.01468
G1 X47.742 Y46.749 E0.01508
G1 X48.447 Y46.164 E0.01523
G1 X49.235 Y45.748 E0.01482
G1 X50.102 Y45.483 E0.01508
G1 X51.001 Y45.396 E0.01502
G1 X51.897 Y45.484 E0.01497
G1 X52.761 Y45.745 E0.01501
G1 X53.554 Y46.168 E0.01495
G1 X54.255 Y46.745 E0.0151
G1 X54.831 Y47.445 E0.01508
G1 X55.254 Y48.237 E0.01493
G1 X55.453 Y48.904 E0.01158
G1 X56.4 Y48.904 E0.01575
G1 X56.4 Y42.313 E0.10961
G1 X56.274 Y42.101 E0.0041
G1 X43.6 Y42.1 E0.21077
G1 X43.6 Y57.9 E0.26276
G1 X56.272 Y57.9 E0.21074
G1 X56.4 Y57.683 E0.00419
G1 X56.4 Y51.092 E0.10961
G1 X55.454 Y51.092 E0.01573
G1 X55.255 Y51.761 E0.01161
G1 X54.831 Y52.55 E0.0149
G1 X54.255 Y53.255 E0.01514
G1 X53.55 Y53.831 E0.01514
G1 X52.761 Y54.255 E0.0149
G1 X51.891 Y54.513 E0.01509
G1 X51 Y54.596 E0.01488
G1 X50.103 Y54.513 E0.01498
G1 X49.236 Y54.253 E0.01505
G1 X48.443 Y53.829 E0.01495
G1 X47.745 Y53.255 E0.01503
G1 X47.167 Y52.554 E0.01511
G1 X46.753 Y51.771 E0.01473
G1 X46.544 Y51.092 E0.01181
G1 X45.869 Y51.091 E0.01123
G1 X45.631 Y50.966 E0.00447
G0 F7200 X45.947 Y50.686
;TYPE:WALL-OUTER
G1 F1800 X45.877 Y50.65 E0.00131
G1 X45.803 Y50.527 E0.00239
G1 X45.8 Y49.429 E0.01826
G1 X45.948 Y49.31 E0.00316
G1 X46.866 Y49.304 E0.01527
G1 X46.884 Y49.157 E0.00246
G1 X47.112 Y48.409 E0.013
G1 X47.491 Y47.686 E0.01358
G1 X48.017 Y47.044 E0.0138
G1 X48.686 Y46.491 E0.01443
G1 X49.409 Y46.112 E0.01358
G1 X50.196 Y45.876 E0.01366
G1 X51.02 Y45.8 E0.01376
G1 X51.8 Y45.876 E0.01303
G1 X52.627 Y46.127 E0.01437
G1 X53.344 Y46.513 E0.01354
G1 X53.983 Y47.044 E0.01382
G1 X54.505 Y47.685 E0.01375
G1 X54.873 Y48.373 E0.01298
G1 X55.156 Y49.304 E0.01618
G1 X56.8 Y49.304 E0.02734
G1 X56.8 Y42.262 E0.11711
G1 X56.635 Y41.879 E0.00694
G1 X56.356 Y41.701 E0.0055
G1 X43.2 Y41.7 E0.21879
G1 X43.2 Y58.3 E0.27606
G1 X56.354 Y58.3 E0.21875
G1 X56.635 Y58.12 E0.00555
G1 X56.8 Y57.734 E0.00698
G1 X56.8 Y50.692 E0.11711
G1 X55.156 Y50.692 E0.02734
G1 X54.873 Y51.627 E0.01625
G1 X54.505 Y52.311 E0.01292
G1 X53.955 Y52.983 E0.01444
G1 X53.311 Y53.505 E0.01379
G1 X52.627 Y53.873 E0.01292
G1 X51.8 Y54.12 E0.01435
G1 X50.98 Y54.196 E0.0137
G1 X50.196 Y54.12 E0.0131
G1 X49.373 Y53.873 E0.01429
G1 X48.652 Y53.483 E0.01363
G1 X48.017 Y52.956 E0.01372
G1 X47.513 Y52.344 E0.01318
G1 X47.12 Y51.612 E0.01382
G1 X46.884 Y50.839 E0.01344
G1 X46.866 Y50.692 E0.00246
G1 X45.947 Y50.686 E0.01528
G0 F7200 X45.877 Y50.65
G0 X45.815 Y50.547
G0 X45.09 Y50.547
G0 X44.5 Y49.548
;TYPE:SKIN
G1 F1119.8 X44.502 Y50.445 E0.02398
G0 F7200 X45.037 Y51.164
G0 X45.858 Y51.956
G1 F1274.3 X45.448 Y51.783 E0.01045
G0 F7200 X45.36 Y51.235
G1 F1800 X45.712 Y51.43 E0.00669
G1 X46.257 Y51.464 E0.00908
G1 X46.392 Y51.9 E0.00759
G1 X46.699 Y52.484 E0.01097
G1 X45.38 Y52.484 E0.02194
G1 X45.347 Y52.252 E0.0039
G1 X45.247 Y52.164 E0.00222
G1 X43.98 Y52.164 E0.02107
G1 X43.98 Y47.832 E0.07204
G1 X45.249 Y47.832 E0.0211
G1 X45.346 Y47.744 E0.00218
G1 X45.38 Y47.512 E0.0039
G1 X46.697 Y47.512 E0.0219
G1 X46.406 Y48.067 E0.01042
G1 X46.258 Y48.528 E0.00805
G1 X45.751 Y48.56 E0.00845
G1 X45.426 Y48.71 E0.00595
G1 X45.154 Y49.011 E0.00675
G1 X45.025 Y49.452 E0.00764
G1 X45.023 Y50.627 E0.01954
G1 X45.118 Y50.917 E0.00507
G1 X45.36 Y51.235 E0.00665
G0 F7200 X45.275 Y51.458
G1 F1800 X44.768 Y51.964 E0.01191
G0 F7200 X44.204 Y51.962
G1 F1800 X45.037 Y51.129 E0.01959
G0 F7200 X44.799 Y50.802
G1 F1800 X44.18 Y51.421 E0.01456
G1 X44.11 Y51.491
G0 F7200 X44.649 Y49.255
G1 F1800 X44.98 Y48.924 E0.00778
G0 F7200 X45.395 Y48.509
G1 F1800 X46.192 Y47.712 E0.01874
G0 F7200 X45.626 Y47.712
G1 F1800 X45.524 Y47.814 E0.0024
G0 F7200 X45.345 Y47.993
G1 F1800 X44.191 Y49.147 E0.02714
G0 F7200 X44.18 Y48.592
G1 F1800 X44.741 Y48.032 E0.01318
G0 F7200 X45.162 Y51.333
G0 X48.303 Y54.035
G0 X49.143 Y54.484
G0 X50.055 Y54.76
G0 X51 Y54.854
G0 X51.945 Y54.76
G0 X52.857 Y54.484
G0 X53.697 Y54.035
G0 X55.604 Y51.978
G1 F1528.7 X55.758 Y51.507 E0.0097
G1 X55.985 Y51.507 E0.00445
G1 X55.985 Y52.449 E0.01845
G1 X55.354 Y52.449 E0.01236
G1 X55.604 Y51.978 E0.01044
G0 F7200 X54.431 Y53.431
G0 X53.697 Y54.035
G0 X52.857 Y54.484
G0 X51.945 Y54.76
G0 X51 Y54.854
G0 X50.055 Y54.76
G0 X49.143 Y54.484
G0 X48.303 Y54.035
G0 X45.162 Y51.333
G0 X45.162 Y48.667
G0 X48.303 Y45.965
G0 X49.143 Y45.516
G0 X50.055 Y45.24
G0 X51 Y45.146
G0 X51.945 Y45.24
G0 X52.857 Y45.516
G0 X53.697 Y45.965
G0 X55.604 Y48.018
G1 F1528.7 X55.356 Y47.547 E0.01042
G1 X55.985 Y47.547 E0.01232
G1 X55.985 Y48.489 E0.01845
G1 X55.758 Y48.489 E0.00445
G1 X55.604 Y48.018 E0.0097
G0 F7200 X55.778 Y47.928
;MESH:NONMESH
G0 F600 X55.778 Y47.928 Z2.7
G0 F7200 X54.431 Y46.569
G0 X53.697 Y45.965
G0 X52.857 Y45.516
G0 X43.91 Y43.76
G0 X43.76 Y43.76
;TIME_ELAPSED:326.259169
;LAYER:24
;TYPE:FILL
;MESH:head.stl
G1 F3600 X47.179 Y47.179 E0.08041
G1 X47.251 Y47.091
G1 X47.049 Y47.293 E0.00475
G0 F7200 X46.958 Y47.217
G0 X47.996 Y46.14
G0 X48.088 Y46.254
G1 F3600 X52.083 Y42.26 E0.09394
G1 X52.153 Y42.19
G0 F7200 X52.153 Y42.41
G0 X53.574 Y42.41
G0 X53.574 Y42.26
G1 F3600 X56.24 Y44.926 E0.0627
G1 X56.31 Y44.996
G0 F7200 X56.09 Y44.996
G0 X56.09 Y43.759
G0 X56.24 Y43.759
G1 F3600 X53.819 Y46.18 E0.05694
G1 X53.749 Y46.25
G0 F7200 X53.906 Y46.06
G0 X52.857 Y45.516
G0 X50.888 Y45.097
G0 X50.901 Y45.244
G1 F3600 X47.917 Y42.26 E0.07018
G1 X47.847 Y42.19
G0 F7200 X47.847 Y42.41
G0 X46.426 Y42.41
G0 X46.426 Y42.26
G1 F3600 X43.76 Y44.925 E0.06269
G1 X43.69 Y44.995
G0 F7200 X43.91 Y44.995
G0 X45.162 Y51.665
G0 X46.957 Y52.782
G0 X47.05 Y52.707
G1 F3600 X47.258 Y52.915 E0.00489
G1 X47.179 Y52.82
G1 X43.76 Y56.239 E0.08041
G1 X43.69 Y56.309
G0 F7200 X43.91 Y56.309
G0 X43.91 Y55.074
G0 X43.76 Y55.074
G1 F3600 X46.426 Y57.74 E0.0627
G1 X46.496 Y57.81
G0 F7200 X46.496 Y57.59
G0 X47.916 Y57.59
G0 X47.916 Y57.74
G1 F3600 X50.909 Y54.747 E0.07039
G1 X50.979 Y54.677
G0 F7200 X50.956 Y54.909
G0 X50.055 Y54.76
G0 X47.991 Y53.856
G0 X48.085 Y53.742
G1 F3600 X52.083 Y57.74 E0.09403
G1 X52.153 Y57.81
G0 F7200 X52.153 Y57.59
G0 X53.573 Y57.59
G0 X53.573 Y57.74
G1 F3600 X56.24 Y55.073 E0.06272
G1 X56.31 Y55.003
G0 F7200 X56.09 Y55.003
G0 X56.09 Y56.24
G0 X56.24 Y56.24
G1 F3600 X53.819 Y53.819 E0.05694
G1 X53.749 Y53.749
G0 F7200 X53.906 Y53.941
G0 X52.857 Y54.484
G0 X51.945 Y54.76
G0 X51 Y54.854
G0 X50.055 Y54.76
G0 X49.143 Y54.484
G0 X48.303 Y54.035
G0 X45.659 Y51.737
G0 X45.659 Y51.318
;TYPE:WALL-INNER
G1 F3600 X45.477 Y51.119 E0.00448
G1 X45.4 Y50.903 E0.00381
G1 X45.4 Y49.172 E0.02879
G1 X45.477 Y48.877 E0.00507
G1 X45.659 Y48.678 E0.00448
G1 X45.895 Y48.572 E0.0043
G1 X46.646 Y48.574 E0.01249
G1 X46.773 Y48.187 E0.00677
G1 X47.164 Y47.447 E0.01392
G1 X47.742 Y46.749 E0.01507
G1 X48.447 Y46.164 E0.01523
G1 X49.235 Y45.748 E0.01482
G1 X50.102 Y45.483 E0.01508
G1 X51.001 Y45.396 E0.01502
G1 X51.897 Y45.484 E0.01497
G1 X52.761 Y45.745 E0.01501
G1 X53.554 Y46.168 E0.01495
G1 X54.255 Y46.745 E0.0151
G1 X54.831 Y47.446 E0.01509
G1 X55.243 Y48.219 E0.01457
G1 X55.355 Y48.575 E0.00621
G1 X56.4 Y48.572 E0.01738
G1 X56.4 Y42.313 E0.10409
G1 X56.274 Y42.101 E0.0041
G1 X43.6 Y42.1 E0.21077
G1 X43.6 Y57.9 E0.26276
G1 X56.272 Y57.9 E0.21074
G1 X56.4 Y57.683 E0.00419
G1 X56.4 Y51.424 E0.10409
G1 X55.355 Y51.424 E0.01738
G1 X55.243 Y51.78 E0.00621
G1 X54.831 Y52.549 E0.01451
G1 X54.255 Y53.255 E0.01515
G1 X53.55 Y53.831 E0.01514
G1 X52.761 Y54.255 E0.0149
G1 X51.891 Y54.513 E0.01509
G1 X51 Y54.596 E0.01488
G1 X50.103 Y54.513 E0.01498
G1 X49.236 Y54.253 E0.01505
G1 X48.443 Y53.829 E0.01495
G1 X47.745 Y53.255 E0.01503
G1 X47.168 Y52.554 E0.0151
G1 X46.774 Y51.814 E0.01394
G1 X46.645 Y51.424 E0.00683
G1 X45.895 Y51.424 E0.01247
G1 X45.659 Y51.318 E0.0043
G0 F7200 X45.953 Y51.019
;TYPE:WALL-OUTER
G1 F1800 X45.886 Y50.989 E0.00122
G1 X45.803 Y50.859 E0.00256
G1 X45.8 Y49.092 E0.02939
G1 X45.953 Y48.977 E0.00318
G1 X46.943 Y48.975 E0.01646
G1 X47.127 Y48.374 E0.01045
G1 X47.491 Y47.686 E0.01294
G1 X48.017 Y47.044 E0.0138
G1 X48.686 Y46.491 E0.01443
G1 X49.409 Y46.112 E0.01358
G1 X50.196 Y45.876 E0.01366
G1 X51.02 Y45.8 E0.01376
G1 X51.8 Y45.876 E0.01303
G1 X52.627 Y46.127 E0.01437
G1 X53.344 Y46.513 E0.01354
G1 X53.983 Y47.044 E0.01382
G1 X54.505 Y47.685 E0.01375
G1 X54.879 Y48.385 E0.0132
G1 X55.057 Y48.975 E0.01025
G1 X56.8 Y48.972 E0.02899
G1 X56.8 Y42.262 E0.11159
G1 X56.635 Y41.879 E0.00694
G1 X56.356 Y41.701 E0.0055
G1 X43.2 Y41.7 E0.21879
G1 X43.2 Y58.3 E0.27606
G1 X56.354 Y58.3 E0.21875
G1 X56.635 Y58.12 E0.00555
G1 X56.8 Y57.734 E0.00698
G1 X56.8 Y51.024 E0.11159
G1 X55.057 Y51.024 E0.02899
G1 X54.879 Y51.615 E0.01026
G1 X54.505 Y52.311 E0.01314
G1 X53.955 Y52.983 E0.01444
G1 X53.311 Y53.505 E0.01379
G1 X52.627 Y53.873 E0.01292
G1 X51.8 Y54.12 E0.01435
G1 X50.98 Y54.196 E0.0137
G1 X50.196 Y54.12 E0.0131
G1 X49.373 Y53.873 E0.01429
G1 X48.652 Y53.483 E0.01363
G1 X48.017 Y52.956 E0.01372
G1 X47.513 Y52.344 E0.01318
G1 X47.112 Y51.59 E0.0142
G1 X46.943 Y51.024 E0.00982
G1 X45.953 Y51.019 E0.01646
G0 F7200 X45.886 Y50.989
G0 X45.818 Y50.882
G0 X45.09 Y50.882
G0 X44.784 Y48.492
;TYPE:SKIN
G1 F1348.3 X44.505 Y49.087 E0.01459
G1 X44.389 Y48.492 E0.01346
G1 F1718.4 X44.39 Y48.182 E0.0054
G1 X44.971 Y48.217 E0.01014
G1 X44.784 Y48.492 E0.00579
G0 F7200 X44.505 Y49.087
G1 F1111.1 X44.502 Y50.979 E0.05097
G0 F7200 X44.784 Y51.498
G1 F1710.2 X44.978 Y51.778 E0.00596
G1 X44.39 Y51.81 E0.01031
G1 X44.39 Y51.517 E0.00513
G1 F1348.3 X44.502 Y50.979 E0.0122
G1 X44.784 Y51.498 E0.01311
G0 F7200 X45.451 Y51.7
G1 F1295 X45.767 Y51.874 E0.00834
G1 F1218.3 X46.279 Y51.889 E0.01259
G1 F1228.7 X46.585 Y52.47 E0.016
G1 F1218.3 X45.478 Y52.466 E0.0272
G1 F1208.1 X45.449 Y52.296 E0.00427
G1 F1295 X45.263 Y52.179 E0.00508
G1 F1572.1 X44.78 Y52.223 E0.00924
G1 F1800 X43.981 Y52.223 E0.01329
G1 X43.981 Y47.773 E0.074
G1 X44.782 Y47.772 E0.01332
G1 F1572.1 X45.254 Y47.819 E0.00903
G1 F1299.6 X45.449 Y47.699 E0.00527
G1 F1212.1 X45.477 Y47.529 E0.00425
G1 F1220.3 X46.585 Y47.525 E0.02718
G1 F1230.8 X46.284 Y48.105 E0.01589
G1 F1220.3 X45.766 Y48.119 E0.01271
G1 F1299.6 X45.442 Y48.297 E0.00851
G1 F1572.1 X45.144 Y48.691 E0.00941
G1 F1800 X45.026 Y49.121 E0.00742
G1 X45.02 Y50.924 E0.02998
G1 X45.145 Y51.301 E0.00661
G1 F1572.1 X45.451 Y51.7 E0.00957
G0 F7200 X45.45 Y51.737
G0 X48.303 Y54.035
G0 X49.143 Y54.484
G0 X50.055 Y54.76
G0 X51 Y54.854
G0 X51.945 Y54.76
G0 X52.857 Y54.484
G0 X55.976 Y52.524
G1 F1475.4 X55.324 Y52.524 E0.01323
G1 X55.685 Y51.848 E0.01555
G1 X55.976 Y51.848 E0.0059
G1 X55.976 Y52.524 E0.01372
G0 F7200 X53.697 Y54.035
G0 X52.857 Y54.484
G0 X51.945 Y54.76
G0 X51 Y54.854
G0 X50.055 Y54.76
G0 X49.143 Y54.484
G0 X48.303 Y54.035
G0 X45.162 Y51.665
G0 X45.162 Y48.335
G0 X48.303 Y45.965
G0 X49.143 Y45.516
G0 X50.055 Y45.24
G0 X51 Y45.146
G0 X51.945 Y45.24
G0 X52.857 Y45.516
G0 X53.697 Y45.965
G0 X55.977 Y48.149
G1 F1478.4 X55.686 Y48.149 E0.00589
G1 X55.326 Y47.475 E0.01547
G1 X55.977 Y47.475 E0.01318
G1 X55.977 Y48.149 E0.01365
G0 F7200 X55.791 Y47.965
;MESH:NONMESH
G0 F600 X55.791 Y47.965 Z2.8
G0 F7200 X54.431 Y46.569
G0 X53.697 Y45.965
G0 X52.857 Y45.516
G0 X43.91 Y43.76
G0 X43.76 Y43.76
;TIME_ELAPSED:334.479207
;LAYER:25
;TYPE:FILL
;MESH:head.stl
G1 F3600 X47.18 Y47.18 E0.08043
G1 X47.131 Y47.211
G1 X47.254 Y47.088 E0.00289
G0 F7200 X47.141 Y46.995
G0 X47.988 Y46.146
G0 X48.081 Y46.261
G1 F3600 X52.083 Y42.26 E0.09411
G1 X52.153 Y42.19
G0 F7200 X52.153 Y42.41
G0 X53.574 Y42.41
G0 X53.574 Y42.26
G1 F3600 X56.24 Y44.926 E0.0627
G1 X56.31 Y44.996
G0 F7200 X56.09 Y44.996
G0 X56.09 Y43.759
G0 X56.24 Y43.759
G1 F3600 X53.819 Y46.18 E0.05694
G1 X53.749 Y46.25
G0 F7200 X53.906 Y46.06
G0 X52.857 Y45.516
G0 X50.888 Y45.097
G0 X50.901 Y45.244
G1 F3600 X47.917 Y42.26 E0.07018
G1 X47.847 Y42.19
G0 F7200 X47.847 Y42.41
G0 X46.426 Y42.41
G0 X46.426 Y42.26
G1 F3600 X43.76 Y44.925 E0.06269
G1 X43.69 Y44.995
G0 F7200 X43.91 Y44.995
G0 X45.162 Y51.908
G0 X47.031 Y52.871
G0 X47.132 Y52.789
G1 F3600 X47.253 Y52.91 E0.00285
G1 X47.179 Y52.82
G1 X43.76 Y56.239 E0.08041
G1 X43.69 Y56.309
G0 F7200 X43.91 Y56.309
G0 X43.91 Y55.074
G0 X43.76 Y55.074
G1 F3600 X46.426 Y57.74 E0.0627
G1 X46.496 Y57.81
G0 F7200 X46.496 Y57.59
G0 X47.916 Y57.59
G0 X47.916 Y57.74
G1 F3600 X50.909 Y54.747 E0.07039
G1 X50.979 Y54.677
G0 F7200 X50.956 Y54.909
G0 X50.055 Y54.76
G0 X47.991 Y53.856
G0 X48.085 Y53.742
G1 F3600 X52.083 Y57.74 E0.09403
G1 X52.153 Y57.81
G0 F7200 X52.153 Y57.59
G0 X53.573 Y57.59
G0 X53.573 Y57.74
G1 F3600 X56.24 Y55.073 E0.06272
G1 X56.31 Y55.003
G0 F7200 X56.09 Y55.003
G0 X56.09 Y56.24
G0 X56.24 Y56.24
G1 F3600 X53.819 Y53.819 E0.05694
G1 X53.749 Y53.749
G0 F7200 X53.906 Y53.941
G0 X52.857 Y54.484
G0 X51.945 Y54.76
G0 X51 Y54.854
G0 X50.055 Y54.76
G0 X49.143 Y54.484
G0 X45.678 Y51.98
G0 X45.678 Y51.576
;TYPE:WALL-INNER
G1 F3600 X45.484 Y51.376 E0.00463
G1 X45.4 Y51.148 E0.00404
G1 X45.4 Y48.932 E0.03685
G1 X45.484 Y48.624 E0.00531
G1 X45.678 Y48.425 E0.00462
G1 X45.914 Y48.331 E0.00422
G1 X46.695 Y48.332 E0.01299
G1 X47.157 Y47.465 E0.01634
G1 X47.741 Y46.75 E0.01535
G1 X48.447 Y46.164 E0.01526
G1 X49.235 Y45.748 E0.01482
G1 X50.102 Y45.483 E0.01508
G1 X51.001 Y45.396 E0.01502
G1 X51.897 Y45.484 E0.01497
G1 X52.761 Y45.745 E0.01501
G1 X53.554 Y46.168 E0.01495
G1 X54.255 Y46.745 E0.0151
G1 X54.831 Y47.445 E0.01508
G1 X55.303 Y48.328 E0.01665
G1 X56.4 Y48.328 E0.01824
G1 X56.4 Y42.313 E0.10003
G1 X56.274 Y42.101 E0.0041
G1 X43.6 Y42.1 E0.21077
G1 X43.6 Y57.9 E0.26276
G1 X56.272 Y57.9 E0.21074
G1 X56.4 Y57.683 E0.00419
G1 X56.4 Y51.668 E0.10003
G1 X55.305 Y51.668 E0.01821
G1 X54.831 Y52.55 E0.01665
G1 X54.255 Y53.255 E0.01514
G1 X53.55 Y53.831 E0.01514
G1 X52.761 Y54.255 E0.0149
G1 X51.891 Y54.513 E0.01509
G1 X51 Y54.596 E0.01488
G1 X50.103 Y54.513 E0.01498
G1 X49.236 Y54.253 E0.01505
G1 X48.443 Y53.829 E0.01495
G1 X47.744 Y53.254 E0.01505
G1 X47.158 Y52.533 E0.01545
G1 X46.696 Y51.668 E0.01631
G1 X45.911 Y51.668 E0.01305
G1 X45.678 Y51.576 E0.00417
G0 F7200 X45.91 Y51.265
;TYPE:WALL-OUTER
G1 F1800 X45.803 Y51.103 E0.00323
G1 X45.8 Y48.932 E0.0361
G1 X45.828 Y48.829 E0.00178
G1 X45.962 Y48.735 E0.00272
G1 X47.015 Y48.732 E0.01751
G1 X47.127 Y48.374 E0.00624
G1 X47.497 Y47.675 E0.01315
G1 X48.017 Y47.044 E0.0136
G1 X48.686 Y46.491 E0.01443
G1 X49.409 Y46.112 E0.01358
G1 X50.196 Y45.876 E0.01366
G1 X51.02 Y45.8 E0.01376
G1 X51.8 Y45.876 E0.01303
G1 X52.627 Y46.127 E0.01437
G1 X53.344 Y46.513 E0.01354
G1 X53.983 Y47.044 E0.01382
G1 X54.505 Y47.685 E0.01375
G1 X54.873 Y48.373 E0.01298
G1 X54.982 Y48.728 E0.00618
G1 X56.8 Y48.728 E0.03023
G1 X56.8 Y42.262 E0.10753
G1 X56.635 Y41.879 E0.00694
G1 X56.356 Y41.701 E0.0055
G1 X43.2 Y41.7 E0.21879
G1 X43.2 Y58.3 E0.27606
G1 X56.354 Y58.3 E0.21875
G1 X56.635 Y58.12 E0.00555
G1 X56.8 Y57.734 E0.00698
G1 X56.8 Y51.268 E0.10753
G1 X54.982 Y51.268 E0.03023
G1 X54.873 Y51.627 E0.00624
G1 X54.505 Y52.311 E0.01292
G1 X53.955 Y52.983 E0.01444
G1 X53.311 Y53.505 E0.01379
G1 X52.627 Y53.873 E0.01292
G1 X51.8 Y54.12 E0.01435
G1 X50.98 Y54.196 E0.0137
G1 X50.196 Y54.12 E0.0131
G1 X49.373 Y53.873 E0.01429
G1 X48.652 Y53.483 E0.01363
G1 X48.017 Y52.956 E0.01372
G1 X47.513 Y52.344 E0.01318
G1 X47.112 Y51.59 E0.0142
G1 X47.015 Y51.268 E0.00559
G1 X45.91 Y51.265 E0.01838
G0 F7200 X45.803 Y51.103
G0 X45.803 Y51.097
G0 X45.501 Y51.909
;TYPE:SKIN
G1 F1565.2 X45.482 Y51.966 E0.00115
G1 F1395.3 X45.815 Y52.098 E0.00768
G1 F1422.9 X46.441 Y52.095 E0.01317
G1 F1437.1 X46.705 Y52.598 E0.01183
G1 F1422.9 X45.441 Y52.598 E0.02659
G1 F1395.3 X45.43 Y52.403 E0.00419
G1 F1382 X45.325 Y52.264 E0.00377
G1 F1565.2 X45.289 Y52.311 E0.00113
G1 F1800 X45.215 Y52.283 E0.00132
G1 X43.98 Y52.28 E0.02054
G1 X43.98 Y47.716 E0.0759
G1 F1769 X45.251 Y47.723 E0.02151
G1 F1538.5 X45.43 Y47.593 E0.0043
G1 F1382 X45.44 Y47.408 E0.00401
G1 F1411.8 X46.707 Y47.397 E0.02687
G1 F1442.9 X46.441 Y47.898 E0.01177
G1 F1428.6 X45.799 Y47.899 E0.01345
G1 F1531.9 X45.464 Y48.091 E0.00754
G1 F1739.1 X45.136 Y48.474 E0.00868
G1 F1800 X45.026 Y48.879 E0.00698
G1 X45.023 Y51.203 E0.03865
G1 X45.184 Y51.604 E0.00719
G1 X45.501 Y51.909 E0.00732
G0 F7200 X45.309 Y51.989
G1 F1800 X45.218 Y52.08 E0.00214
G0 F7200 X45.024 Y51.708
G1 F1800 X44.652 Y52.08 E0.00875
G0 F7200 X44.18 Y51.986
G1 F1800 X44.857 Y51.31 E0.01591
G0 F7200 X44.824 Y50.777
G1 F1800 X44.18 Y51.421 E0.01515
G0 F7200 X44.18 Y50.855
G1 F1800 X44.823 Y50.212 E0.01512
G0 F7200 X44.821 Y49.648
G1 F1800 X44.18 Y50.289 E0.01508
G0 F7200 X44.18 Y49.724
G1 F1800 X44.82 Y49.084 E0.01505
G0 F7200 X44.18 Y49.158
G1 F1800 X44.976 Y48.363 E0.01871
G0 F7200 X44.86 Y47.913
G1 F1800 X44.18 Y48.592 E0.01598
G0 F7200 X44.18 Y48.027
G1 F1800 X44.291 Y47.916 E0.00261
G0 F7200 X45.162 Y51.908
G0 X48.303 Y54.035
G0 X49.143 Y54.484
G0 X50.055 Y54.76
G0 X51 Y54.854
G0 X51.945 Y54.76
G0 X52.857 Y54.484
G0 X55.97 Y52.598
G1 F1440 X55.292 Y52.597 E0.01409
G1 X55.555 Y52.098 E0.01173
G1 X55.97 Y52.098 E0.00863
G1 X55.97 Y52.598 E0.01039
G0 F7200 X53.697 Y54.035
G0 X52.857 Y54.484
G0 X51.945 Y54.76
G0 X51 Y54.854
G0 X50.055 Y54.76
G0 X49.143 Y54.484
G0 X48.303 Y54.035
G0 X45.162 Y51.908
G0 X45.162 Y48.094
G0 X48.303 Y45.965
G0 X49.143 Y45.516
G0 X50.055 Y45.24
G0 X51 Y45.146
G0 X51.945 Y45.24
G0 X52.857 Y45.516
G0 X53.613 Y45.92
G0 X55.971 Y47.899
G1 F1442.9 X55.555 Y47.899 E0.00863
G1 X55.292 Y47.401 E0.01168
G1 X55.971 Y47.398 E0.01409
G1 X55.971 Y47.899 E0.01039
G0 F7200 X55.791 Y47.72
;MESH:NONMESH
G0 F600 X55.791 Y47.72 Z2.9
G0 F7200 X53.697 Y45.965
G0 X52.857 Y45.516
G0 X43.91 Y43.76
G0 X43.76 Y43.76
;TIME_ELAPSED:342.725312
;LAYER:26
;TYPE:FILL
;MESH:head.stl
G1 F3600 X47.139 Y47.139 E0.07947
G1 X47.209 Y47.209
G0 F7200 X47.064 Y47.089
G0 X47.996 Y46.14
G0 X48.088 Y46.254
G1 F3600 X52.083 Y42.26 E0.09394
G1 X52.153 Y42.19
G0 F7200 X52.153 Y42.41
G0 X53.574 Y42.41
G0 X53.574 Y42.26
G1 F3600 X56.24 Y44.926 E0.0627
G1 X56.31 Y44.996
G0 F7200 X56.09 Y44.996
G0 X56.09 Y43.759
G0 X56.24 Y43.759
G1 F3600 X53.819 Y46.18 E0.05694
G1 X53.749 Y46.25
G0 F7200 X53.906 Y46.06
G0 X52.857 Y45.516
G0 X50.888 Y45.097
G0 X50.901 Y45.244
G1 F3600 X47.917 Y42.26 E0.07018
G1 X47.847 Y42.19
G0 F7200 X47.847 Y42.41
G0 X46.426 Y42.41
G0 X46.426 Y42.26
G1 F3600 X43.76 Y44.925 E0.06269
G1 X43.69 Y44.995
G1 F1500 E-6.5
G0 F7200 X43.91 Y44.995
G0 X46.138 Y48.312
G0 X46.154 Y49.405
G0 X46.151 Y50.595
G0 X46.138 Y51.69
G0 X47.067 Y52.916
G0 X47.14 Y52.859
G1 F1500 E6.5
G1 F3600 X43.76 Y56.239 E0.07949
G1 X43.69 Y56.309
G0 F7200 X43.91 Y56.309
G0 X43.91 Y55.074
G0 X43.76 Y55.074
G1 F3600 X46.426 Y57.74 E0.0627
G1 X46.496 Y57.81
G0 F7200 X46.496 Y57.59
G0 X47.916 Y57.59
G0 X47.916 Y57.74
G1 F3600 X50.909 Y54.747 E0.07039
G1 X50.979 Y54.677
G0 F7200 X50.956 Y54.909
G0 X50.055 Y54.76
G0 X47.991 Y53.856
G0 X48.085 Y53.742
G1 F3600 X52.083 Y57.74 E0.09403
G1 X52.153 Y57.81
G0 F7200 X52.153 Y57.59
G0 X53.573 Y57.59
G0 X53.573 Y57.74
G1 F3600 X56.24 Y55.073 E0.06272
G1 X56.31 Y55.003
G0 F7200 X56.09 Y55.003
G0 X56.09 Y56.24
G0 X56.24 Y56.24
G1 F3600 X53.819 Y53.819 E0.05694
G1 X53.749 Y53.749
G0 F7200 X53.906 Y53.941
G0 X53.056 Y54.381
G0 X51.92 Y54.823
G0 X51.891 Y54.513
;TYPE:WALL-INNER
G1 F3600 X51 Y54.596 E0.01488
G1 X50.103 Y54.513 E0.01498
G1 X49.236 Y54.253 E0.01505
G1 X48.443 Y53.829 E0.01495
G1 X47.745 Y53.255 E0.01503
G1 X47.168 Y52.554 E0.0151
G1 X46.803 Y51.868 E0.01292
G1 X43.6 Y51.857 E0.05327
G1 X43.6 Y57.9 E0.1005
G1 X56.272 Y57.9 E0.21074
G1 X56.4 Y57.683 E0.00419
G1 X56.4 Y51.856 E0.0969
G1 X55.203 Y51.856 E0.01991
G1 X54.831 Y52.55 E0.01309
G1 X54.255 Y53.255 E0.01514
G1 X53.55 Y53.831 E0.01514
G1 X52.761 Y54.255 E0.0149
G1 X51.891 Y54.513 E0.01509
G1 F1500 E-6.5
G0 F7200 X51.919 Y54.823
G0 X53.462 Y53.684
G0 X52.85 Y52.772
G0 X55.095 Y49.408
G0 X55.094 Y48.318
G0 X55.103 Y47.301
G0 X54.831 Y47.446
G1 F1500 E6.5
G1 F3600 X55.202 Y48.143 E0.01313
G1 X56.4 Y48.14 E0.01992
G1 X56.4 Y42.313 E0.0969
G1 X56.274 Y42.101 E0.0041
G1 X43.6 Y42.1 E0.21077
G1 X43.6 Y48.143 E0.1005
G1 X46.142 Y48.139 E0.04227
G1 X46.803 Y48.13 E0.01099
G1 X47.167 Y47.443 E0.01293
G1 X47.743 Y46.748 E0.01501
G1 X48.447 Y46.164 E0.01521
G1 X49.235 Y45.748 E0.01482
G1 X50.102 Y45.483 E0.01508
G1 X51.001 Y45.396 E0.01502
G1 X51.897 Y45.484 E0.01497
G1 X52.761 Y45.745 E0.01501
G1 X53.554 Y46.168 E0.01495
G1 X54.255 Y46.745 E0.0151
G1 X54.831 Y47.446 E0.01509
G0 F7200 X54.505 Y47.685
;TYPE:WALL-OUTER
G1 F1800 X54.889 Y48.412 E0.01367
G1 X54.927 Y48.544 E0.00228
G1 X56.8 Y48.54 E0.03115
G1 X56.8 Y42.262 E0.1044
G1 X56.635 Y41.879 E0.00694
G1 X56.356 Y41.701 E0.0055
G1 X43.2 Y41.7 E0.21879
G1 X43.2 Y48.245 E0.10884
G1 F1600 X43.25 Y48.744 E0.00938
G1 X43.499 Y48.544 E0.00598
G1 F1800 X46.148 Y48.539 E0.04405
G1 X47.076 Y48.526 E0.01543
G1 X47.127 Y48.374 E0.00267
G1 X47.491 Y47.686 E0.01294
G1 X48.017 Y47.044 E0.0138
G1 X48.686 Y46.491 E0.01443
G1 X49.409 Y46.112 E0.01358
G1 X50.196 Y45.876 E0.01366
G1 X51.02 Y45.8 E0.01376
G1 X51.8 Y45.876 E0.01303
G1 X52.627 Y46.127 E0.01437
G1 X53.344 Y46.513 E0.01354
G1 X53.983 Y47.044 E0.01382
G1 X54.505 Y47.685 E0.01375
G0 F7200 X54.598 Y47.861
G1 F1500 E-6.5
G0 F7200 X55.224 Y47.527
G0 X55.094 Y48.318
G0 X55.095 Y49.408
G0 X52.85 Y52.772
G0 X51.8 Y54.12
G1 F1500 E6.5
G1 F1800 X50.98 Y54.196 E0.0137
G1 X50.196 Y54.12 E0.0131
G1 X49.373 Y53.873 E0.01429
G1 X48.652 Y53.483 E0.01363
G1 X48.017 Y52.956 E0.01372
G1 X47.513 Y52.344 E0.01318
G1 X47.127 Y51.626 E0.01356
G1 X47.076 Y51.471 E0.00271
G1 X46.078 Y51.46 E0.0166
G1 X43.499 Y51.456 E0.04289
G1 F1589.4 X43.251 Y51.299 E0.00553
G1 X43.2 Y51.755 E0.00864
G1 F1800 X43.2 Y58.3 E0.10884
G1 X56.354 Y58.3 E0.21875
G1 X56.635 Y58.12 E0.00555
G1 X56.8 Y57.734 E0.00698
G1 X56.8 Y51.456 E0.1044
G1 X54.927 Y51.456 E0.03115
G1 X54.889 Y51.588 E0.00228
G1 X54.505 Y52.311 E0.01361
G1 X53.955 Y52.983 E0.01444
G1 X53.311 Y53.505 E0.01379
G1 X52.627 Y53.873 E0.01292
G1 X51.8 Y54.12 E0.01435
G0 F7200 X51.601 Y54.138
G0 X51.67 Y54.848
G0 X49.533 Y54.186
G0 X43.48 Y51.738
G0 X43.251 Y51.299
G1 F1431.4 X43.25 Y48.744 E0.05343
G0 F7200 X43.48 Y48.262
G0 X46.559 Y47.733
;TYPE:SKIN
G1 F1640.1 X45.4 Y47.735 E0.02115
G1 F1636.4 X45.4 Y47.296 E0.00803
G1 F1640.1 X46.79 Y47.295 E0.02537
G1 F1643.8 X46.559 Y47.733 E0.00902
G1 F1500 E-6.5
G0 F7200 X46.516 Y49.4
G0 X46.469 Y50.599
G0 X46.456 Y51.694
G0 X46.56 Y52.262
G1 F1500 E6.5
G1 F1647.6 X46.79 Y52.699 E0.00897
G1 F1643.8 X45.4 Y52.7 E0.02531
G1 F1636.4 X45.4 Y52.26 E0.00805
G1 F1643.8 X46.56 Y52.262 E0.02112
G0 F7200 X47.569 Y53.431
G0 X48.303 Y54.035
G0 X49.143 Y54.484
G0 X50.055 Y54.76
G0 X51 Y54.854
G0 X51.945 Y54.76
G0 X52.857 Y54.484
G0 X55.999 Y52.699
G1 F1629 X55.205 Y52.699 E0.01459
G1 X55.441 Y52.257 E0.00921
G1 X55.999 Y52.257 E0.01025
G1 X55.999 Y52.699 E0.00812
G1 F1500 E-6.5
G0 F7200 X56 Y51.687
G0 X56 Y50.592
G0 X55.999 Y49.408
G0 X55.998 Y48.333
G0 X56 Y47.74
G1 F1500 E6.5
G1 F1632.7 X55.441 Y47.74 E0.01025
G1 X55.206 Y47.299 E0.00916
G1 X56 Y47.297 E0.01456
G1 X56 Y47.74 E0.00812
G0 F7200 X55.791 Y47.533
;MESH:NONMESH
G0 F600 X55.791 Y47.533 Z3
G0 F7200 X53.697 Y45.965
G0 X52.857 Y45.516
G0 X43.91 Y43.76
G0 X43.76 Y43.76
;TIME_ELAPSED:352.961294
;LAYER:27
;TYPE:FILL
;MESH:head.stl
G1 F3600 X47.179 Y47.179 E0.08041
G1 X47.251 Y47.091
G1 X46.529 Y47.813 E0.01698
G1 X46.459 Y47.883
G0 F7200 X46.459 Y47.665
G0 X47.993 Y46.142
G0 X48.086 Y46.256
G1 F3600 X52.083 Y42.26 E0.09399
G1 X52.153 Y42.19
G0 F7200 X52.153 Y42.41
G0 X53.574 Y42.41
G0 X53.574 Y42.26
G1 F3600 X56.24 Y44.927 E0.06271
G1 X56.31 Y44.997
G0 F7200 X56.09 Y44.997
G0 X56.09 Y43.759
G0 X56.24 Y43.759
G1 F3600 X53.819 Y46.18 E0.05694
G1 X53.749 Y46.25
G0 F7200 X53.906 Y46.06
G0 X52.857 Y45.516
G0 X50.888 Y45.097
G0 X50.901 Y45.244
G1 F3600 X47.917 Y42.26 E0.07018
G1 X47.847 Y42.19
G0 F7200 X47.847 Y42.41
G0 X46.426 Y42.41
G0 X46.426 Y42.26
G1 F3600 X43.76 Y44.925 E0.06269
G1 X43.69 Y44.995
G1 F1500 E-6.5
G0 F7200 X43.91 Y44.995
G0 X45.576 Y48.26
G0 X45.576 Y49.349
G0 X45.576 Y50.651
G0 X45.576 Y51.849
G0 X46.526 Y52.335
G0 X46.526 Y52.183
G1 F1500 E6.5
G1 F3600 X47.255 Y52.911 E0.01713
G1 X47.179 Y52.82
G1 X43.76 Y56.239 E0.08041
G1 X43.69 Y56.309
G0 F7200 X43.91 Y56.309
G0 X43.91 Y55.074
G0 X43.76 Y55.074
G1 F3600 X46.426 Y57.74 E0.0627
G1 X46.496 Y57.81
G0 F7200 X46.496 Y57.59
G0 X47.916 Y57.59
G0 X47.916 Y57.74
G1 F3600 X50.909 Y54.747 E0.07039
G1 X50.979 Y54.677
G0 F7200 X50.956 Y54.909
G0 X50.055 Y54.76
G0 X47.991 Y53.856
G0 X48.085 Y53.742
G1 F3600 X52.083 Y57.74 E0.09403
G1 X52.153 Y57.81
G0 F7200 X52.153 Y57.59
G0 X53.573 Y57.59
G0 X53.573 Y57.74
G1 F3600 X56.24 Y55.073 E0.06272
G1 X56.31 Y55.003
G0 F7200 X56.09 Y55.003
G0 X56.09 Y56.24
G0 X56.24 Y56.24
G1 F3600 X53.819 Y53.819 E0.05694
G1 X53.749 Y53.749
G0 F7200 X53.906 Y53.941
G0 X53.056 Y54.381
G0 X51.92 Y54.823
G0 X51.891 Y54.513
;TYPE:WALL-INNER
G1 F3600 X51 Y54.596 E0.01488
G1 X50.103 Y54.513 E0.01498
G1 X49.236 Y54.253 E0.01505
G1 X48.443 Y53.829 E0.01495
G1 X47.745 Y53.255 E0.01503
G1 X47.169 Y52.556 E0.01506
G1 X46.884 Y52.024 E0.01004
G1 X45.836 Y52.021 E0.01743
G1 X45.759 Y51.916 E0.00217
G1 X43.6 Y51.916 E0.0359
G1 X43.6 Y57.9 E0.09951
G1 X56.272 Y57.9 E0.21074
G1 X56.4 Y57.683 E0.00419
G1 X56.4 Y52.024 E0.09411
G1 X55.112 Y52.024 E0.02142
G1 X54.833 Y52.547 E0.00986
G1 X54.255 Y53.255 E0.0152
G1 X53.55 Y53.831 E0.01514
G1 X52.761 Y54.255 E0.0149
G1 X51.891 Y54.513 E0.01509
G1 F1500 E-6.5
G0 F7200 X51.919 Y54.823
G0 X50.137 Y54.346
G0 X50.348 Y53.268
G0 X47.954 Y48.662
G0 X46.992 Y48.148
G0 X45.833 Y47.665
G0 X45.833 Y47.975
G1 F1500 E6.5
G1 F3600 X46.884 Y47.972 E0.01748
G1 X47.166 Y47.445 E0.00994
G1 X47.742 Y46.749 E0.01502
G1 X48.447 Y46.164 E0.01523
G1 X49.235 Y45.748 E0.01482
G1 X50.102 Y45.483 E0.01508
G1 X51.001 Y45.396 E0.01502
G1 X51.897 Y45.484 E0.01497
G1 X52.761 Y45.745 E0.01501
G1 X53.554 Y46.168 E0.01495
G1 X54.255 Y46.745 E0.0151
G1 X54.83 Y47.444 E0.01505
G1 X55.112 Y47.975 E0.01
G1 X56.4 Y47.972 E0.02142
G1 X56.4 Y42.313 E0.09411
G1 X56.274 Y42.101 E0.0041
G1 X43.6 Y42.1 E0.21077
G1 X43.6 Y48.084 E0.09951
G1 X45.754 Y48.084 E0.03582
G1 X45.833 Y47.975 E0.00224
G0 F7200 X45.944 Y48.373
;TYPE:WALL-OUTER
G1 F1800 X47.124 Y48.372 E0.01962
G1 X47.512 Y47.653 E0.01359
G1 X48.017 Y47.044 E0.01316
G1 X48.686 Y46.491 E0.01443
G1 X49.409 Y46.112 E0.01358
G1 X50.196 Y45.876 E0.01366
G1 X51.02 Y45.8 E0.01376
G1 X51.8 Y45.876 E0.01303
G1 X52.627 Y46.127 E0.01437
G1 X53.344 Y46.513 E0.01354
G1 X53.983 Y47.044 E0.01382
G1 X54.505 Y47.685 E0.01375
G1 X54.872 Y48.375 E0.013
G1 X56.8 Y48.372 E0.03206
G1 X56.8 Y42.262 E0.10161
G1 X56.635 Y41.879 E0.00694
G1 X56.356 Y41.701 E0.0055
G1 X43.2 Y41.7 E0.21879
G1 X43.2 Y48.184 E0.10783
G1 F1600 X43.25 Y48.684 E0.0094
G1 X43.5 Y48.484 E0.00599
G1 F1800 X45.863 Y48.484 E0.0393
G1 X45.944 Y48.373 E0.00229
G0 F7200 X46.144 Y48.373
G0 X46.144 Y47.665
G0 X43.48 Y48.204
G0 X43.25 Y48.684
G1 F1431.4 X43.251 Y51.359 E0.05594
G0 F7200 X43.48 Y51.796
G0 X49.296 Y54.113
G0 X51.869 Y54.828
G0 X51.8 Y54.12
G1 F1800 X50.98 Y54.196 E0.0137
G1 X50.196 Y54.12 E0.0131
G1 X49.373 Y53.873 E0.01429
G1 X48.652 Y53.483 E0.01363
G1 X48.017 Y52.956 E0.01372
G1 X47.491 Y52.311 E0.01384
G1 X47.124 Y51.624 E0.01295
G1 X45.945 Y51.623 E0.01961
G1 X45.867 Y51.516 E0.0022
G1 X43.5 Y51.516 E0.03936
G1 F1589.4 X43.251 Y51.359 E0.00554
G1 X43.2 Y51.816 E0.00866
G1 F1800 X43.2 Y58.3 E0.10783
G1 X56.354 Y58.3 E0.21875
G1 X56.635 Y58.12 E0.00555
G1 X56.8 Y57.734 E0.00698
G1 X56.8 Y51.624 E0.10161
G1 X54.872 Y51.624 E0.03206
G1 X54.505 Y52.311 E0.01295
G1 X53.955 Y52.983 E0.01444
G1 X53.311 Y53.505 E0.01379
G1 X52.627 Y53.873 E0.01292
G1 X51.8 Y54.12 E0.01435
G0 F7200 X51.601 Y54.138
G0 X51.699 Y55.146
G1 F1500 E-6.5
;MESH:NONMESH
G0 F600 X51.699 Y55.146 Z3.1
G0 F7200 X50.137 Y54.346
G0 X50.348 Y53.268
G0 X47.954 Y48.662
G0 X46.992 Y48.148
G0 X43.91 Y43.76
G0 X43.76 Y43.76
;TIME_ELAPSED:361.210034
;LAYER:28
;TYPE:FILL
;MESH:head.stl
G1 F1500 E6.5
G1 F3600 X47.18 Y47.18 E0.08043
G1 X47.254 Y47.088
G1 X46.65 Y47.692 E0.01421
G1 X46.58 Y47.762
G0 F7200 X46.581 Y47.544
G0 X47.993 Y46.142
G0 X48.086 Y46.256
G1 F3600 X52.083 Y42.26 E0.09399
G1 X52.153 Y42.19
G0 F7200 X52.153 Y42.41
G0 X53.574 Y42.41
G0 X53.574 Y42.26
G1 F3600 X56.24 Y44.926 E0.0627
G1 X56.31 Y44.996
G0 F7200 X56.09 Y44.996
G0 X56.09 Y43.759
G0 X56.24 Y43.759
G1 F3600 X53.819 Y46.18 E0.05694
G1 X53.749 Y46.25
G0 F7200 X53.906 Y46.06
G0 X52.857 Y45.516
G0 X50.888 Y45.097
G0 X50.901 Y45.244
G1 F3600 X47.917 Y42.26 E0.07018
G1 X47.847 Y42.19
G0 F7200 X47.847 Y42.41
G0 X46.426 Y42.41
G0 X46.426 Y42.26
G1 F3600 X43.76 Y44.925 E0.06269
G1 X43.69 Y44.995
G1 F1500 E-6.5
G0 F7200 X43.91 Y44.995
G0 X45.576 Y48.202
G0 X45.576 Y49.291
G0 X45.576 Y50.709
G0 X45.576 Y51.971
G0 X46.647 Y52.457
G0 X46.647 Y52.304
G1 F1500 E6.5
G1 F3600 X47.257 Y52.914 E0.01435
G1 X47.179 Y52.82
G1 X43.76 Y56.239 E0.08041
G1 X43.69 Y56.309
G0 F7200 X43.91 Y56.309
G0 X43.91 Y55.074
G0 X43.76 Y55.074
G1 F3600 X46.426 Y57.74 E0.0627
G1 X46.496 Y57.81
G0 F7200 X46.496 Y57.59
G0 X47.916 Y57.59
G0 X47.916 Y57.74
G1 F3600 X50.909 Y54.747 E0.07039
G1 X50.979 Y54.677
G0 F7200 X50.956 Y54.909
G0 X50.055 Y54.76
G0 X47.991 Y53.856
G0 X48.085 Y53.742
G1 F3600 X52.083 Y57.74 E0.09403
G1 X52.153 Y57.81
G0 F7200 X52.153 Y57.59
G0 X53.573 Y57.59
G0 X53.573 Y57.74
G1 F3600 X56.24 Y55.073 E0.06272
G1 X56.31 Y55.003
G0 F7200 X56.09 Y55.003
G0 X56.09 Y56.24
G0 X56.24 Y56.24
G1 F3600 X53.819 Y53.819 E0.05694
G1 X53.749 Y53.749
G0 F7200 X53.906 Y53.941
G0 X53.056 Y54.381
G0 X51.92 Y54.823
G0 X51.891 Y54.513
;TYPE:WALL-INNER
G1 F3600 X51 Y54.596 E0.01488
G1 X50.103 Y54.513 E0.01498
G1 X49.236 Y54.253 E0.01505
G1 X48.443 Y53.829 E0.01495
G1 X47.745 Y53.255 E0.01503
G1 X47.204 Y52.598 E0.01415
G1 X46.95 Y52.144 E0.00865
G1 X45.955 Y52.143 E0.01655
G1 X45.765 Y52.097 E0.00325
G1 X45.683 Y51.972 E0.00249
G1 X43.6 Y51.972 E0.03464
G1 X43.6 Y57.9 E0.09858
G1 X56.272 Y57.9 E0.21074
G1 X56.4 Y57.683 E0.00419
G1 X56.4 Y52.144 E0.09211
G1 X55.046 Y52.144 E0.02252
G1 X54.835 Y52.538 E0.00743
G1 X54.256 Y53.254 E0.01531
G1 X53.55 Y53.831 E0.01516
G1 X52.761 Y54.255 E0.0149
G1 X51.891 Y54.513 E0.01509
G1 F1500 E-6.5
G0 F7200 X51.919 Y54.823
G0 X50.137 Y54.346
G0 X50.348 Y53.268
G0 X48.021 Y48.539
G0 X47.057 Y48.027
G0 X45.956 Y47.543
G0 X45.955 Y47.853
G1 F1500 E6.5
G1 F3600 X46.95 Y47.852 E0.01655
G1 X47.205 Y47.397 E0.00867
G1 X47.743 Y46.748 E0.01402
G1 X48.447 Y46.164 E0.01521
G1 X49.235 Y45.748 E0.01482
G1 X50.102 Y45.483 E0.01508
G1 X51.001 Y45.396 E0.01502
G1 X51.897 Y45.484 E0.01497
G1 X52.761 Y45.745 E0.01501
G1 X53.554 Y46.168 E0.01495
G1 X54.256 Y46.746 E0.01512
G1 X54.835 Y47.458 E0.01526
G1 X55.048 Y47.852 E0.00745
G1 X56.4 Y47.852 E0.02248
G1 X56.4 Y42.313 E0.09211
G1 X56.274 Y42.101 E0.0041
G1 X43.6 Y42.1 E0.21077
G1 X43.6 Y48.024 E0.09852
G1 X45.683 Y48.024 E0.03464
G1 X45.765 Y47.899 E0.00249
G1 X45.955 Y47.853 E0.00325
G0 F7200 X45.932 Y48.251
;TYPE:WALL-OUTER
G1 F1800 X47.191 Y48.252 E0.02094
G1 X47.513 Y47.652 E0.01132
G1 X48.017 Y47.044 E0.01313
G1 X48.686 Y46.491 E0.01443
G1 X49.409 Y46.112 E0.01358
G1 X50.196 Y45.876 E0.01366
G1 X51.02 Y45.8 E0.01376
G1 X51.8 Y45.876 E0.01303
G1 X52.627 Y46.127 E0.01437
G1 X53.344 Y46.513 E0.01354
G1 X53.983 Y47.044 E0.01382
G1 X54.505 Y47.685 E0.01375
G1 X54.808 Y48.252 E0.01069
G1 X56.8 Y48.252 E0.03313
G1 X56.8 Y42.262 E0.09961
G1 X56.635 Y41.879 E0.00694
G1 X56.356 Y41.701 E0.0055
G1 X43.2 Y41.7 E0.21879
G1 X43.2 Y48.124 E0.10683
G1 F1600 X43.25 Y48.624 E0.0094
G1 X43.5 Y48.424 E0.00599
G1 F1800 X45.818 Y48.424 E0.03855
G1 X45.932 Y48.251 E0.00345
G0 F7200 X46.132 Y48.251
G0 X46.133 Y47.544
G0 X43.48 Y48.146
G0 X43.25 Y48.624
G1 F1431.4 X43.251 Y51.415 E0.05837
G0 F7200 X43.48 Y51.854
G0 X49.296 Y54.113
G0 X51.869 Y54.828
G0 X51.8 Y54.12
G1 F1800 X50.98 Y54.196 E0.0137
G1 X50.196 Y54.12 E0.0131
G1 X49.373 Y53.873 E0.01429
G1 X48.652 Y53.483 E0.01363
G1 X48.017 Y52.956 E0.01372
G1 X47.513 Y52.344 E0.01318
G1 X47.191 Y51.744 E0.01132
G1 X45.931 Y51.744 E0.02095
G1 X45.818 Y51.572 E0.00342
G1 X43.5 Y51.572 E0.03855
G1 F1589.4 X43.251 Y51.415 E0.00554
G1 X43.2 Y51.872 E0.00866
G1 F1800 X43.2 Y58.3 E0.1069
G1 X56.354 Y58.3 E0.21875
G1 X56.635 Y58.12 E0.00555
G1 X56.8 Y57.734 E0.00698
G1 X56.8 Y51.744 E0.09961
G1 X54.805 Y51.744 E0.03318
G1 X54.497 Y52.324 E0.01092
G1 X53.955 Y52.983 E0.01419
G1 X53.311 Y53.505 E0.01379
G1 X52.627 Y53.873 E0.01292
G1 X51.8 Y54.12 E0.01435
G0 F7200 X51.601 Y54.138
G0 X51.699 Y55.146
G1 F1500 E-6.5
;MESH:NONMESH
G0 F600 X51.699 Y55.146 Z3.2
G0 F7200 X50.137 Y54.346
G0 X50.348 Y53.268
G0 X48.021 Y48.539
G0 X47.057 Y48.027
G0 X43.91 Y43.76
G0 X43.76 Y43.76
;TIME_ELAPSED:369.695512
;LAYER:29
;TYPE:FILL
;MESH:head.stl
G1 F1500 E6.5
G1 F3600 X47.179 Y47.179 E0.08041
G1 X47.247 Y47.095
G1 X46.774 Y47.568 E0.01112
G0 F7200 X46.774 Y47.421
G0 X47.996 Y46.14
G0 X48.088 Y46.254
G1 F3600 X52.083 Y42.26 E0.09394
G1 X52.153 Y42.19
G0 F7200 X52.153 Y42.41
G0 X53.574 Y42.41
G0 X53.574 Y42.26
G1 F3600 X56.24 Y44.926 E0.0627
G1 X56.31 Y44.996
G0 F7200 X56.09 Y44.996
G0 X56.09 Y43.759
G0 X56.24 Y43.759
G1 F3600 X53.819 Y46.18 E0.05694
G1 X53.749 Y46.25
G0 F7200 X53.906 Y46.06
G0 X52.857 Y45.516
G0 X50.888 Y45.097
G0 X50.901 Y45.244
G1 F3600 X47.917 Y42.26 E0.07018
G1 X47.847 Y42.19
G0 F7200 X47.847 Y42.41
G0 X46.426 Y42.41
G0 X46.426 Y42.26
G1 F3600 X43.76 Y44.925 E0.06269
G1 X43.69 Y44.995
G1 F1500 E-6.5
G0 F7200 X43.91 Y44.995
G0 X45.576 Y48.144
G0 X45.576 Y49.233
G0 X45.576 Y50.767
G0 X45.576 Y52.093
G0 X46.771 Y52.579
G0 X46.771 Y52.428
G1 F1500 E6.5
G1 F3600 X47.255 Y52.912 E0.01138
G1 X47.179 Y52.82
G1 X43.76 Y56.239 E0.08041
G1 X43.69 Y56.309
G0 F7200 X43.91 Y56.309
G0 X43.91 Y55.074
G0 X43.76 Y55.074
G1 F3600 X46.426 Y57.74 E0.0627
G1 X46.496 Y57.81
G0 F7200 X46.496 Y57.59
G0 X47.916 Y57.59
G0 X47.916 Y57.74
G1 F3600 X50.909 Y54.747 E0.07039
G1 X50.979 Y54.677
G0 F7200 X50.956 Y54.909
G0 X50.055 Y54.76
G0 X47.991 Y53.856
G0 X48.085 Y53.742
G1 F3600 X52.083 Y57.74 E0.09403
G1 X52.153 Y57.81
G0 F7200 X52.153 Y57.59
G0 X53.573 Y57.59
G0 X53.573 Y57.74
G1 F3600 X56.24 Y55.073 E0.06272
G1 X56.31 Y55.003
G0 F7200 X56.09 Y55.003
G0 X56.09 Y56.24
G0 X56.24 Y56.24
G1 F3600 X53.819 Y53.819 E0.05694
G1 X53.749 Y53.749
G0 F7200 X53.906 Y53.941
G0 X53.056 Y54.381
G0 X51.92 Y54.823
G0 X51.891 Y54.513
;TYPE:WALL-INNER
G1 F3600 X51 Y54.596 E0.01488
G1 X50.103 Y54.513 E0.01498
G1 X49.236 Y54.253 E0.01505
G1 X48.443 Y53.829 E0.01495
G1 X47.745 Y53.255 E0.01503
G1 X47.204 Y52.598 E0.01415
G1 X47.015 Y52.268 E0.00632
G1 X45.971 Y52.268 E0.01736
G1 X45.72 Y52.199 E0.00433
G1 X45.619 Y52.032 E0.00325
G1 X43.6 Y52.032 E0.03358
G1 X43.6 Y57.9 E0.09759
G1 X56.272 Y57.9 E0.21074
G1 X56.4 Y57.683 E0.00419
G1 X56.4 Y52.268 E0.09005
G1 X54.981 Y52.268 E0.0236
G1 X54.788 Y52.602 E0.00642
G1 X54.255 Y53.255 E0.01402
G1 X53.55 Y53.831 E0.01514
G1 X52.761 Y54.255 E0.0149
G1 X51.891 Y54.513 E0.01509
G1 F1500 E-6.5
G0 F7200 X51.919 Y54.823
G0 X50.137 Y54.346
G0 X50.348 Y53.268
G0 X48.085 Y48.417
G0 X47.123 Y47.904
G0 X45.971 Y47.421
G0 X45.971 Y47.728
G1 F1500 E6.5
G1 F3600 X47.015 Y47.728 E0.01736
G1 X47.206 Y47.397 E0.00636
G1 X47.742 Y46.749 E0.01399
G1 X48.447 Y46.164 E0.01523
G1 X49.235 Y45.748 E0.01482
G1 X50.102 Y45.483 E0.01508
G1 X51.001 Y45.396 E0.01502
G1 X51.897 Y45.484 E0.01497
G1 X52.761 Y45.745 E0.01501
G1 X53.554 Y46.168 E0.01495
G1 X54.255 Y46.745 E0.0151
G1 X54.792 Y47.398 E0.01406
G1 X54.982 Y47.731 E0.00638
G1 X56.4 Y47.728 E0.02358
G1 X56.4 Y42.313 E0.09005
G1 X56.274 Y42.101 E0.0041
G1 X43.6 Y42.1 E0.21077
G1 X43.6 Y47.968 E0.09759
G1 X45.616 Y47.968 E0.03353
G1 X45.717 Y47.798 E0.00329
G1 X45.971 Y47.728 E0.00438
G0 F7200 X45.916 Y48.128
;TYPE:WALL-OUTER
G1 F1800 X47.255 Y48.128 E0.02227
G1 X47.491 Y47.685 E0.00835
G1 X48.017 Y47.044 E0.01379
G1 X48.686 Y46.491 E0.01443
G1 X49.409 Y46.112 E0.01358
G1 X50.196 Y45.876 E0.01366
G1 X51.02 Y45.8 E0.01376
G1 X51.8 Y45.876 E0.01303
G1 X52.627 Y46.127 E0.01437
G1 X53.344 Y46.513 E0.01354
G1 X53.983 Y47.044 E0.01382
G1 X54.483 Y47.652 E0.01309
G1 X54.741 Y48.131 E0.00905
G1 X56.8 Y48.128 E0.03424
G1 X56.8 Y42.262 E0.09755
G1 X56.635 Y41.879 E0.00694
G1 X56.356 Y41.701 E0.0055
G1 X43.2 Y41.7 E0.21879
G1 X43.2 Y48.068 E0.1059
G1 F1600 X43.25 Y48.568 E0.0094
G1 X43.5 Y48.368 E0.00599
G1 F1800 X45.8 Y48.368 E0.03825
G1 X45.916 Y48.128 E0.00443
G0 F7200 X46.116 Y48.128
G0 X46.116 Y47.421
G0 X43.48 Y48.088
G0 X43.25 Y48.568
G1 F1431.4 X43.251 Y51.475 E0.06079
G0 F7200 X43.48 Y51.912
G0 X49.296 Y54.113
G0 X51.869 Y54.828
G0 X51.8 Y54.12
G1 F1800 X50.98 Y54.196 E0.0137
G1 X50.196 Y54.12 E0.0131
G1 X49.373 Y53.873 E0.01429
G1 X48.652 Y53.483 E0.01363
G1 X48.017 Y52.956 E0.01372
G1 X47.491 Y52.311 E0.01384
G1 X47.255 Y51.868 E0.00835
G1 X45.917 Y51.868 E0.02225
G1 X45.8 Y51.632 E0.00438
G1 X43.5 Y51.632 E0.03825
G1 F1589.4 X43.251 Y51.475 E0.00554
G1 X43.2 Y51.932 E0.00866
G1 F1800 X43.2 Y58.3 E0.1059
G1 X56.354 Y58.3 E0.21875
G1 X56.635 Y58.12 E0.00555
G1 X56.8 Y57.734 E0.00698
G1 X56.8 Y51.868 E0.09755
G1 X54.741 Y51.868 E0.03424
G1 X54.505 Y52.311 E0.00835
G1 X53.955 Y52.983 E0.01444
G1 X53.311 Y53.505 E0.01379
G1 X52.627 Y53.873 E0.01292
G1 X51.8 Y54.12 E0.01435
G0 F7200 X51.601 Y54.138
G0 X51.699 Y55.146
G1 F1500 E-6.5
;MESH:NONMESH
G0 F600 X51.699 Y55.146 Z3.3
G0 F7200 X50.137 Y54.346
G0 X50.348 Y53.268
G0 X48.085 Y48.417
G0 X47.123 Y47.904
G0 X43.91 Y43.76
G0 X43.76 Y43.76
;TIME_ELAPSED:378.150605
;LAYER:30
;TYPE:FILL
;MESH:head.stl
G1 F1500 E6.5
G1 F3600 X47.179 Y47.179 E0.08041
G1 X47.253 Y47.089
G1 X46.886 Y47.456 E0.00863
G0 F7200 X46.886 Y47.306
G0 X47.989 Y46.145
G0 X48.082 Y46.26
G1 F3600 X52.083 Y42.26 E0.09409
G1 X52.153 Y42.19
G0 F7200 X52.153 Y42.41
G0 X53.574 Y42.41
G0 X53.574 Y42.26
G1 F3600 X56.24 Y44.926 E0.0627
G1 X56.31 Y44.996
G0 F7200 X56.09 Y44.996
G0 X56.09 Y43.759
G0 X56.24 Y43.759
G1 F3600 X53.819 Y46.18 E0.05694
G1 X53.749 Y46.25
G0 F7200 X53.906 Y46.06
G0 X52.857 Y45.516
G0 X50.888 Y45.097
G0 X50.901 Y45.244
G1 F3600 X47.917 Y42.26 E0.07018
G1 X47.847 Y42.19
G0 F7200 X47.847 Y42.41
G0 X46.426 Y42.41
G0 X46.426 Y42.26
G1 F3600 X43.76 Y44.925 E0.06269
G1 X43.69 Y44.995
G1 F1500 E-6.5
G0 F7200 X43.91 Y44.995
G0 X45.576 Y48.086
G0 X45.577 Y49.175
G0 X45.576 Y50.824
G0 X45.576 Y52.207
G0 X46.885 Y52.693
G0 X46.886 Y52.543
G1 F1500 E6.5
G1 F3600 X47.259 Y52.916 E0.00877
G1 X47.18 Y52.819
G1 X43.76 Y56.239 E0.08043
G1 X43.69 Y56.309
G0 F7200 X43.91 Y56.309
G0 X43.91 Y55.074
G0 X43.76 Y55.074
G1 F3600 X46.426 Y57.74 E0.0627
G1 X46.496 Y57.81
G0 F7200 X46.496 Y57.59
G0 X47.916 Y57.59
G0 X47.916 Y57.74
G1 F3600 X50.909 Y54.747 E0.07039
G1 X50.979 Y54.677
G0 F7200 X50.956 Y54.909
G0 X50.055 Y54.76
G0 X47.991 Y53.856
G0 X48.085 Y53.742
G1 F3600 X52.083 Y57.74 E0.09403
G1 X52.153 Y57.81
G0 F7200 X52.153 Y57.59
G0 X53.573 Y57.59
G0 X53.573 Y57.74
G1 F3600 X56.24 Y55.073 E0.06272
G1 X56.31 Y55.003
G0 F7200 X56.09 Y55.003
G0 X56.09 Y56.24
G0 X56.24 Y56.24
G1 F3600 X53.819 Y53.819 E0.05694
G1 X53.749 Y53.749
G0 F7200 X53.906 Y53.941
G0 X53.056 Y54.381
G0 X51.92 Y54.823
G0 X51.891 Y54.513
;TYPE:WALL-INNER
G1 F3600 X51 Y54.596 E0.01488
G1 X50.103 Y54.513 E0.01498
G1 X49.236 Y54.253 E0.01505
G1 X48.443 Y53.829 E0.01495
G1 X47.745 Y53.255 E0.01503
G1 X47.205 Y52.598 E0.01414
G1 X47.077 Y52.383 E0.00416
G1 X45.889 Y52.38 E0.01976
G1 X45.685 Y52.291 E0.0037
G1 X45.572 Y52.088 E0.00386
G1 X43.6 Y52.088 E0.03279
G1 X43.6 Y57.9 E0.09665
G1 X56.272 Y57.9 E0.21074
G1 X56.4 Y57.683 E0.00419
G1 X56.4 Y52.384 E0.08812
G1 X54.919 Y52.384 E0.02463
G1 X54.793 Y52.596 E0.0041
G1 X54.255 Y53.255 E0.01415
G1 X53.55 Y53.831 E0.01514
G1 X52.761 Y54.255 E0.0149
G1 X51.891 Y54.513 E0.01509
G1 F1500 E-6.5
G0 F7200 X51.919 Y54.823
G0 X50.137 Y54.346
G0 X50.348 Y53.268
G0 X47.185 Y48.881
G0 X47.184 Y47.789
G0 X45.89 Y47.307
G0 X45.89 Y47.616
G1 F1500 E6.5
G1 F3600 X47.076 Y47.616 E0.01972
G1 X47.205 Y47.397 E0.00423
G1 X47.744 Y46.747 E0.01404
G1 X48.447 Y46.164 E0.01519
G1 X49.235 Y45.748 E0.01482
G1 X50.102 Y45.483 E0.01508
G1 X51.001 Y45.396 E0.01502
G1 X51.897 Y45.484 E0.01497
G1 X52.761 Y45.745 E0.01501
G1 X53.554 Y46.168 E0.01495
G1 X54.255 Y46.745 E0.0151
G1 X54.792 Y47.398 E0.01406
G1 X54.921 Y47.616 E0.00421
G1 X56.4 Y47.616 E0.0246
G1 X56.4 Y42.313 E0.08819
G1 X56.274 Y42.101 E0.0041
G1 X43.6 Y42.1 E0.21077
G1 X43.6 Y47.908 E0.09659
G1 X45.572 Y47.908 E0.03279
G1 X45.685 Y47.705 E0.00386
G1 X45.89 Y47.616 E0.00372
G0 F7200 X45.908 Y48.022
;TYPE:WALL-OUTER
G1 F1800 X47.318 Y48.016 E0.02345
G1 X47.513 Y47.652 E0.00687
G1 X48.018 Y47.043 E0.01316
G1 X48.686 Y46.491 E0.01441
G1 X49.409 Y46.112 E0.01358
G1 X50.196 Y45.876 E0.01366
G1 X51.02 Y45.8 E0.01376
G1 X51.8 Y45.876 E0.01303
G1 X52.627 Y46.127 E0.01437
G1 X53.344 Y46.513 E0.01354
G1 X53.983 Y47.044 E0.01382
G1 X54.483 Y47.652 E0.01309
G1 X54.681 Y48.016 E0.00689
G1 X56.8 Y48.016 E0.03524
G1 X56.8 Y42.262 E0.09569
G1 X56.635 Y41.879 E0.00694
G1 X56.356 Y41.701 E0.0055
G1 X43.2 Y41.7 E0.21879
G1 X43.2 Y48.008 E0.1049
G1 F1600 X43.25 Y48.508 E0.0094
G1 X43.5 Y48.308 E0.00599
G1 F1800 X45.8 Y48.308 E0.03825
G1 X45.8 Y48.216 E0.00153
G1 X45.908 Y48.022 E0.00369
G0 F7200 X46.108 Y48.022
G0 X46.108 Y47.306
G0 X43.48 Y48.031
G0 X43.25 Y48.508
G1 F1431.4 X43.251 Y51.531 E0.06322
G0 F7200 X43.48 Y51.969
G0 X49.296 Y54.113
G0 X51.869 Y54.828
G0 X51.8 Y54.12
G1 F1800 X50.98 Y54.196 E0.0137
G1 X50.196 Y54.12 E0.0131
G1 X49.373 Y53.873 E0.01429
G1 X48.652 Y53.483 E0.01363
G1 X48.017 Y52.956 E0.01372
G1 X47.513 Y52.344 E0.01318
G1 X47.319 Y51.984 E0.0068
G1 X45.908 Y51.974 E0.02347
G1 X45.8 Y51.78 E0.00369
G1 X45.8 Y51.688 E0.00153
G1 X43.5 Y51.688 E0.03825
G1 F1589.4 X43.251 Y51.531 E0.00554
G1 X43.2 Y51.988 E0.00866
G1 F1800 X43.2 Y58.3 E0.10497
G1 X56.354 Y58.3 E0.21875
G1 X56.635 Y58.12 E0.00555
G1 X56.8 Y57.734 E0.00698
G1 X56.8 Y51.984 E0.09562
G1 X54.68 Y51.984 E0.03526
G1 X54.483 Y52.343 E0.00681
G1 X53.955 Y52.983 E0.0138
G1 X53.311 Y53.505 E0.01379
G1 X52.627 Y53.873 E0.01292
G1 X51.8 Y54.12 E0.01435
G0 F7200 X51.601 Y54.138
G0 X51.699 Y55.146
G1 F1500 E-6.5
;MESH:NONMESH
G0 F600 X51.699 Y55.146 Z3.4
G0 F7200 X50.137 Y54.346
G0 X50.348 Y53.268
G0 X47.185 Y48.881
G0 X47.184 Y47.789
G0 X43.91 Y43.76
G0 X43.76 Y43.76
;TIME_ELAPSED:386.605315
;LAYER:31
;TYPE:FILL
;MESH:head.stl
G1 F1500 E6.5
G1 F3600 X47.18 Y47.18 E0.08043
G1 X47.262 Y47.081
G1 X46.97 Y47.373 E0.00687
G0 F7200 X46.97 Y47.224
G0 X48.003 Y46.134
G0 X48.095 Y46.247
G1 F3600 X52.083 Y42.26 E0.09378
G1 X52.153 Y42.19
G0 F7200 X52.153 Y42.41
G0 X53.574 Y42.41
G0 X53.574 Y42.26
G1 F3600 X56.24 Y44.927 E0.06271
G1 X56.31 Y44.997
G0 F7200 X56.09 Y44.997
G0 X56.09 Y43.759
G0 X56.24 Y43.759
G1 F3600 X53.819 Y46.18 E0.05694
G1 X53.749 Y46.25
G0 F7200 X53.906 Y46.06
G0 X52.857 Y45.516
G0 X50.888 Y45.097
G0 X50.901 Y45.244
G1 F3600 X47.917 Y42.26 E0.07018
G1 X47.847 Y42.19
G0 F7200 X47.847 Y42.41
G0 X46.426 Y42.41
G0 X46.426 Y42.26
G1 F3600 X43.76 Y44.925 E0.06269
G1 X43.69 Y44.995
G1 F1500 E-6.5
G0 F7200 X43.91 Y44.995
G0 X45.576 Y48.029
G0 X45.576 Y49.118
G0 X45.576 Y50.882
G0 X45.576 Y52.289
G0 X46.956 Y52.782
G0 X46.967 Y52.624
G1 F1500 E6.5
G1 F3600 X47.262 Y52.918 E0.00693
G1 X47.18 Y52.819
G1 X43.76 Y56.239 E0.08043
G1 X43.69 Y56.309
G0 F7200 X43.91 Y56.309
G0 X43.91 Y55.074
G0 X43.76 Y55.074
G1 F3600 X46.426 Y57.74 E0.0627
G1 X46.496 Y57.81
G0 F7200 X46.496 Y57.59
G0 X47.916 Y57.59
G0 X47.916 Y57.74
G1 F3600 X50.909 Y54.747 E0.07039
G1 X50.979 Y54.677
G0 F7200 X50.956 Y54.909
G0 X50.055 Y54.76
G0 X47.991 Y53.856
G0 X48.085 Y53.742
G1 F3600 X52.083 Y57.74 E0.09403
G1 X52.153 Y57.81
G0 F7200 X52.153 Y57.59
G0 X53.573 Y57.59
G0 X53.573 Y57.74
G1 F3600 X56.24 Y55.073 E0.06272
G1 X56.31 Y55.003
G0 F7200 X56.09 Y55.003
G0 X56.09 Y56.24
G0 X56.24 Y56.24
G1 F3600 X53.819 Y53.819 E0.05694
G1 X53.749 Y53.749
G0 F7200 X53.906 Y53.941
G0 X53.056 Y54.381
G0 X51.92 Y54.823
G0 X51.891 Y54.513
;TYPE:WALL-INNER
G1 F3600 X51 Y54.596 E0.01488
G1 X50.103 Y54.513 E0.01498
G1 X49.236 Y54.253 E0.01505
G1 X48.443 Y53.829 E0.01495
G1 X47.745 Y53.255 E0.01503
G1 X47.204 Y52.598 E0.01415
G1 X47.12 Y52.464 E0.00263
G1 X45.887 Y52.464 E0.0205
G1 X45.669 Y52.365 E0.00398
G1 X45.55 Y52.144 E0.00417
G1 X43.6 Y52.144 E0.03243
G1 X43.6 Y57.9 E0.09572
G1 X56.272 Y57.9 E0.21074
G1 X56.4 Y57.683 E0.00419
G1 X56.4 Y52.464 E0.08679
G1 X54.901 Y52.464 E0.02493
G1 X54.255 Y53.255 E0.01698
G1 X53.55 Y53.831 E0.01514
G1 X52.761 Y54.255 E0.0149
G1 X51.891 Y54.513 E0.01509
G1 F1500 E-6.5
G0 F7200 X51.919 Y54.823
G0 X50.137 Y54.346
G0 X50.348 Y53.268
G0 X47.229 Y48.799
G0 X47.228 Y47.707
G0 X45.887 Y47.225
G0 X45.887 Y47.532
G1 F1500 E6.5
G1 F3600 X47.12 Y47.532 E0.0205
G1 X47.206 Y47.397 E0.00266
G1 X47.731 Y46.765 E0.01366
G1 X48.446 Y46.165 E0.01552
G1 X49.235 Y45.748 E0.01484
G1 X50.102 Y45.483 E0.01508
G1 X51.001 Y45.396 E0.01502
G1 X51.897 Y45.484 E0.01497
G1 X52.761 Y45.745 E0.01501
G1 X53.554 Y46.168 E0.01495
G1 X54.255 Y46.745 E0.0151
G1 X54.792 Y47.398 E0.01406
G1 X54.876 Y47.532 E0.00263
G1 X56.4 Y47.532 E0.02534
G1 X56.4 Y42.313 E0.08679
G1 X56.274 Y42.101 E0.0041
G1 X43.6 Y42.1 E0.21077
G1 X43.6 Y47.852 E0.09566
G1 X45.55 Y47.852 E0.03243
G1 X45.669 Y47.631 E0.00417
G1 X45.887 Y47.532 E0.00398
G0 F7200 X45.903 Y47.938
;TYPE:WALL-OUTER
G1 F1800 X47.36 Y47.932 E0.02423
G1 X47.491 Y47.685 E0.00465
G1 X48.025 Y47.036 E0.01398
G1 X48.686 Y46.491 E0.01425
G1 X49.409 Y46.112 E0.01358
G1 X50.196 Y45.876 E0.01366
G1 X51.02 Y45.8 E0.01376
G1 X51.8 Y45.876 E0.01303
G1 X52.627 Y46.127 E0.01437
G1 X53.344 Y46.513 E0.01354
G1 X53.983 Y47.044 E0.01382
G1 X54.505 Y47.685 E0.01375
G1 X54.636 Y47.932 E0.00465
G1 X56.8 Y47.932 E0.03599
G1 X56.8 Y42.262 E0.09429
G1 X56.635 Y41.879 E0.00694
G1 X56.356 Y41.701 E0.0055
G1 X43.2 Y41.7 E0.21879
G1 X43.2 Y47.952 E0.10397
G1 F1600 X43.25 Y48.452 E0.0094
G1 X43.5 Y48.252 E0.00599
G1 F1800 X45.8 Y48.252 E0.03825
G1 X45.8 Y48.132 E0.002
G1 X45.903 Y47.938 E0.00365
G0 F7200 X46.103 Y47.938
G0 X46.103 Y47.224
G0 X43.48 Y47.973
G0 X43.25 Y48.452
G1 F1431.4 X43.251 Y51.587 E0.06556
G0 F7200 X43.48 Y52.027
G0 X49.296 Y54.113
G0 X51.869 Y54.828
G0 X51.8 Y54.12
G1 F1800 X50.98 Y54.196 E0.0137
G1 X50.196 Y54.12 E0.0131
G1 X49.373 Y53.873 E0.01429
G1 X48.652 Y53.483 E0.01363
G1 X48.017 Y52.956 E0.01372
G1 X47.491 Y52.311 E0.01384
G1 X47.36 Y52.064 E0.00465
G1 X45.903 Y52.058 E0.02423
G1 X45.8 Y51.864 E0.00365
G1 X45.8 Y51.744 E0.002
G1 X43.5 Y51.744 E0.03825
G1 F1589.4 X43.251 Y51.587 E0.00554
G1 X43.2 Y52.044 E0.00866
G1 F1800 X43.2 Y58.3 E0.10404
G1 X56.354 Y58.3 E0.21875
G1 X56.635 Y58.12 E0.00555
G1 X56.8 Y57.734 E0.00698
G1 X56.8 Y52.064 E0.09429
G1 X54.636 Y52.064 E0.03599
G1 X54.483 Y52.343 E0.00529
G1 X53.955 Y52.983 E0.0138
G1 X53.311 Y53.505 E0.01379
G1 X52.627 Y53.873 E0.01292
G1 X51.8 Y54.12 E0.01435
G0 F7200 X51.601 Y54.138
G0 X51.699 Y55.146
G1 F1500 E-6.5
;MESH:NONMESH
G0 F600 X51.699 Y55.146 Z3.5
G0 F7200 X50.137 Y54.346
G0 X50.348 Y53.268
G0 X47.229 Y48.799
G0 X47.228 Y47.707
G0 X43.91 Y43.76
G0 X43.76 Y43.76
;TIME_ELAPSED:395.039278
;LAYER:32
;TYPE:FILL
;MESH:head.stl
G1 F1500 E6.5
G1 F3600 X47.18 Y47.18 E0.08043
G1 X47.264 Y47.078
G1 X47.05 Y47.292 E0.00503
G0 F7200 X47.05 Y47.142
G0 X47.986 Y46.148
G0 X48.079 Y46.263
G1 F3600 X52.083 Y42.26 E0.09416
G1 X52.153 Y42.19
G0 F7200 X52.153 Y42.41
G0 X53.574 Y42.41
G0 X53.574 Y42.26
G1 F3600 X56.24 Y44.926 E0.0627
G1 X56.31 Y44.996
G0 F7200 X56.09 Y44.996
G0 X56.09 Y43.759
G0 X56.24 Y43.759
G1 F3600 X53.819 Y46.18 E0.05694
G1 X53.749 Y46.25
G0 F7200 X53.906 Y46.06
G0 X52.857 Y45.516
G0 X50.888 Y45.097
G0 X50.901 Y45.244
G1 F3600 X47.917 Y42.26 E0.07018
G1 X47.847 Y42.19
G0 F7200 X47.847 Y42.41
G0 X46.426 Y42.41
G0 X46.426 Y42.26
G1 F3600 X43.76 Y44.925 E0.06269
G1 X43.69 Y44.995
G1 F1500 E-6.5
G0 F7200 X43.91 Y44.995
G0 X45.576 Y47.971
G0 X45.576 Y49.06
G0 X45.576 Y50.94
G0 X45.576 Y52.371
G0 X47.03 Y52.871
G0 X47.05 Y52.707
G1 F1500 E6.5
G1 F3600 X47.276 Y52.933 E0.00532
G1 X47.18 Y52.819
G1 X43.76 Y56.239 E0.08043
G1 X43.69 Y56.309
G0 F7200 X43.91 Y56.309
G0 X43.91 Y55.074
G0 X43.76 Y55.074
G1 F3600 X46.426 Y57.74 E0.0627
G1 X46.496 Y57.81
G0 F7200 X46.496 Y57.59
G0 X47.916 Y57.59
G0 X47.916 Y57.74
G1 F3600 X50.909 Y54.747 E0.07039
G1 X50.979 Y54.677
G0 F7200 X50.956 Y54.909
G0 X50.055 Y54.76
G0 X47.971 Y53.84
G0 X48.067 Y53.724
G1 F3600 X52.083 Y57.74 E0.09445
G1 X52.153 Y57.81
G0 F7200 X52.153 Y57.59
G0 X53.573 Y57.59
G0 X53.573 Y57.74
G1 F3600 X56.24 Y55.073 E0.06272
G1 X56.31 Y55.003
G0 F7200 X56.09 Y55.003
G0 X56.09 Y56.24
G0 X56.24 Y56.24
G1 F3600 X53.819 Y53.819 E0.05694
G1 X53.749 Y53.749
G0 F7200 X53.906 Y53.941
G0 X53.056 Y54.381
G0 X51.92 Y54.823
G0 X51.891 Y54.513
;TYPE:WALL-INNER
G1 F3600 X51 Y54.596 E0.01488
G1 X50.103 Y54.513 E0.01498
G1 X49.236 Y54.253 E0.01505
G1 X48.443 Y53.829 E0.01495
G1 X47.748 Y53.254 E0.015
G1 X47.171 Y52.547 E0.01518
G1 X45.883 Y52.544 E0.02142
G1 X45.658 Y52.438 E0.00414
G1 X45.536 Y52.204 E0.00439
G1 X43.6 Y52.204 E0.0322
G1 X43.6 Y57.9 E0.09472
G1 X56.272 Y57.9 E0.21074
G1 X56.4 Y57.683 E0.00419
G1 X56.4 Y52.548 E0.0854
G1 X54.825 Y52.548 E0.02619
G1 X54.256 Y53.253 E0.01507
G1 X53.55 Y53.831 E0.01517
G1 X52.761 Y54.255 E0.0149
G1 X51.891 Y54.513 E0.01509
G1 F1500 E-6.5
G0 F7200 X51.919 Y54.823
G0 X50.137 Y54.346
G0 X50.348 Y53.268
G0 X47.273 Y48.717
G0 X47.272 Y47.625
G0 X45.885 Y47.143
G0 X45.885 Y47.452
G1 F1500 E6.5
G1 F3600 X47.16 Y47.452 E0.0212
G1 X47.749 Y46.745 E0.0153
G1 X48.447 Y46.165 E0.01509
G1 X49.235 Y45.748 E0.01483
G1 X50.102 Y45.483 E0.01508
G1 X51.001 Y45.396 E0.01502
G1 X51.897 Y45.484 E0.01497
G1 X52.761 Y45.745 E0.01501
G1 X53.554 Y46.168 E0.01495
G1 X54.255 Y46.745 E0.0151
G1 X54.836 Y47.452 E0.01522
G1 X56.4 Y47.452 E0.02601
G1 X56.4 Y42.313 E0.08546
G1 X56.274 Y42.101 E0.0041
G1 X43.6 Y42.1 E0.21077
G1 X43.6 Y47.792 E0.09466
G1 X45.536 Y47.792 E0.0322
G1 X45.658 Y47.558 E0.00439
G1 X45.885 Y47.452 E0.00417
G0 F7200 X45.961 Y47.852
;TYPE:WALL-OUTER
G1 F1800 X47.403 Y47.852 E0.02398
G1 X47.514 Y47.652 E0.0038
G1 X48.031 Y47.029 E0.01346
G1 X48.686 Y46.491 E0.0141
G1 X49.409 Y46.112 E0.01358
G1 X50.196 Y45.876 E0.01366
G1 X51.02 Y45.8 E0.01376
G1 X51.8 Y45.876 E0.01303
G1 X52.627 Y46.127 E0.01437
G1 X53.344 Y46.513 E0.01354
G1 X53.983 Y47.044 E0.01382
G1 X54.483 Y47.652 E0.01309
G1 X54.593 Y47.852 E0.0038
G1 X56.8 Y47.852 E0.0367
G1 X56.8 Y42.262 E0.09296
G1 X56.635 Y41.879 E0.00694
G1 X56.356 Y41.701 E0.0055
G1 X43.2 Y41.7 E0.21879
G1 X43.2 Y47.892 E0.10297
G1 F1600 X43.25 Y48.392 E0.0094
G1 X43.5 Y48.192 E0.00599
G1 F1800 X45.8 Y48.192 E0.03825
G1 X45.8 Y48.052 E0.00233
G1 X45.886 Y47.887 E0.00309
G1 X45.961 Y47.852 E0.00138
G0 F7200 X46.161 Y47.852
G0 X46.161 Y47.142
G0 X43.48 Y47.915
G0 X43.25 Y48.392
G1 F1431.4 X43.251 Y51.647 E0.06807
G0 F7200 X43.48 Y52.085
G0 X49.468 Y54.138
G0 X51.869 Y54.828
G0 X51.8 Y54.12
G1 F1800 X50.98 Y54.196 E0.0137
G1 X50.196 Y54.12 E0.0131
G1 X49.373 Y53.873 E0.01429
G1 X48.652 Y53.483 E0.01363
G1 X48.017 Y52.956 E0.01372
G1 X47.491 Y52.311 E0.01384
G1 X47.404 Y52.148 E0.00307
G1 X45.961 Y52.144 E0.024
G1 X45.886 Y52.109 E0.00138
G1 X45.8 Y51.944 E0.00309
G1 X45.8 Y51.804 E0.00233
G1 X43.5 Y51.804 E0.03825
G1 F1589.4 X43.251 Y51.647 E0.00554
G1 X43.2 Y52.104 E0.00866
G1 F1800 X43.2 Y58.3 E0.10304
G1 X56.354 Y58.3 E0.21875
G1 X56.635 Y58.12 E0.00555
G1 X56.8 Y57.734 E0.00698
G1 X56.8 Y52.148 E0.0929
G1 X54.592 Y52.148 E0.03672
G1 X54.483 Y52.343 E0.00372
G1 X53.955 Y52.983 E0.0138
G1 X53.311 Y53.505 E0.01379
G1 X52.627 Y53.873 E0.01292
G1 X51.8 Y54.12 E0.01435
G0 F7200 X51.601 Y54.138
G0 X51.699 Y55.146
;MESH:NONMESH
G0 F600 X51.699 Y55.146 Z3.6
G0 F7200 X43.91 Y55.074
G0 X43.76 Y55.074
;TIME_ELAPSED:403.065923
;LAYER:33
;TYPE:FILL
;MESH:head.stl
G1 F3600 X46.426 Y57.74 E0.0627
G1 X46.496 Y57.81
G0 F7200 X46.496 Y57.59
G0 X47.916 Y57.59
G0 X47.916 Y57.74
G1 F3600 X50.909 Y54.747 E0.07039
G1 X50.979 Y54.677
G0 F7200 X50.956 Y54.909
G0 X50.055 Y54.76
G0 X47.99 Y53.855
G0 X48.084 Y53.741
G1 F3600 X52.083 Y57.74 E0.09405
G1 X52.153 Y57.81
G0 F7200 X52.153 Y57.59
G0 X53.573 Y57.59
G0 X53.573 Y57.74
G1 F3600 X56.24 Y55.073 E0.06272
G1 X56.31 Y55.003
G0 F7200 X56.09 Y55.003
G0 X56.09 Y56.24
G0 X56.24 Y56.24
G1 F3600 X53.819 Y53.819 E0.05694
G1 X53.749 Y53.749
G0 F7200 X53.906 Y53.941
G0 X52.857 Y54.484
G0 X51.945 Y54.76
G0 X51 Y54.854
G0 X50.055 Y54.76
G0 X49.143 Y54.484
G0 X48.303 Y54.035
G0 X47.144 Y53.01
G0 X47.259 Y52.916
G1 F3600 X47.131 Y52.788 E0.00301
G1 X47.18 Y52.819
G1 X43.76 Y56.239 E0.08043
G1 X43.69 Y56.309
G0 F7200 X43.91 Y56.309
G0 X51.92 Y54.823
G0 X51.891 Y54.513
;TYPE:WALL-INNER
G1 F3600 X51 Y54.596 E0.01488
G1 X50.103 Y54.513 E0.01498
G1 X49.236 Y54.253 E0.01505
G1 X48.443 Y53.829 E0.01495
G1 X47.74 Y53.249 E0.01516
G1 X47.23 Y52.628 E0.01336
G1 X45.879 Y52.628 E0.02247
G1 X45.643 Y52.511 E0.00438
G1 X45.517 Y52.26 E0.00467
G1 X43.6 Y52.26 E0.03188
G1 X43.6 Y57.9 E0.09379
G1 X56.272 Y57.9 E0.21074
G1 X56.4 Y57.683 E0.00419
G1 X56.4 Y52.628 E0.08406
G1 X54.766 Y52.628 E0.02717
G1 X54.255 Y53.255 E0.01345
G1 X53.55 Y53.831 E0.01514
G1 X52.761 Y54.255 E0.0149
G1 X51.891 Y54.513 E0.01509
G0 F7200 X51.8 Y54.12
;TYPE:WALL-OUTER
G1 F1800 X50.98 Y54.196 E0.0137
G1 X50.196 Y54.12 E0.0131
G1 X49.373 Y53.873 E0.01429
G1 X48.652 Y53.483 E0.01363
G1 X48.037 Y52.977 E0.01324
G1 X47.513 Y52.344 E0.01367
G1 X47.447 Y52.228 E0.00222
G1 X45.958 Y52.228 E0.02476
G1 X45.881 Y52.189 E0.00144
G1 X45.8 Y52.028 E0.003
G1 X45.8 Y51.86 E0.00279
G1 X43.5 Y51.86 E0.03825
G1 F1589.4 X43.251 Y51.703 E0.00554
G1 X43.2 Y52.16 E0.00866
G1 F1800 X43.2 Y58.3 E0.10211
G1 X56.354 Y58.3 E0.21875
G1 X56.635 Y58.12 E0.00555
G1 X56.8 Y57.734 E0.00698
G1 X56.8 Y52.228 E0.09157
G1 X54.549 Y52.228 E0.03743
G1 X54.483 Y52.343 E0.00221
G1 X53.955 Y52.983 E0.0138
G1 X53.311 Y53.505 E0.01379
G1 X52.627 Y53.873 E0.01292
G1 X51.8 Y54.12 E0.01435
G0 F7200 X51.601 Y54.138
G0 X51.67 Y54.848
G0 X43.48 Y52.143
G0 X43.251 Y51.703
G1 F1431.4 X43.25 Y50.61 E0.02286
G0 F7200 X44.21 Y52.755
G1 F1500 E-6.5
G0 F7200 X45.576 Y52.087
G0 X45.576 Y50.998
G0 X45.576 Y49.002
G0 X45.576 Y47.547
G0 X47.092 Y47.06
G0 X47.134 Y47.209
;TYPE:FILL
G1 F1500 E6.5
G1 F3600 X47.259 Y47.083 E0.00295
G1 X47.18 Y47.18
G1 X43.76 Y43.76 E0.08043
G1 X43.69 Y43.69
G0 F7200 X43.91 Y43.69
G0 X43.91 Y44.925
G0 X43.76 Y44.925
G1 F3600 X46.426 Y42.26 E0.06269
G1 X46.496 Y42.19
G0 F7200 X46.496 Y42.41
G0 X47.917 Y42.41
G0 X47.917 Y42.26
G1 F3600 X50.901 Y45.244 E0.07018
G1 X50.971 Y45.314
G0 F7200 X50.95 Y45.091
G0 X50.055 Y45.24
G0 X47.986 Y46.148
G0 X48.079 Y46.263
G1 F3600 X52.083 Y42.26 E0.09416
G1 X52.153 Y42.19
G0 F7200 X52.153 Y42.41
G0 X53.574 Y42.41
G0 X53.574 Y42.26
G1 F3600 X56.24 Y44.927 E0.06271
G1 X56.31 Y44.997
G0 F7200 X56.09 Y44.997
G0 X56.09 Y43.759
G0 X56.24 Y43.759
G1 F3600 X53.819 Y46.18 E0.05694
G1 X53.749 Y46.25
G0 F7200 X53.906 Y46.06
G0 X52.857 Y45.516
G0 X51.945 Y45.24
G0 X51 Y45.146
G0 X50.055 Y45.24
G0 X45.879 Y47.061
G0 X45.879 Y47.368
;TYPE:WALL-INNER
G1 F3600 X47.23 Y47.368 E0.02247
G1 X47.77 Y46.726 E0.01395
G1 X48.447 Y46.164 E0.01463
G1 X49.235 Y45.748 E0.01482
G1 X50.102 Y45.483 E0.01508
G1 X51.001 Y45.396 E0.01502
G1 X51.897 Y45.484 E0.01497
G1 X52.761 Y45.745 E0.01501
G1 X53.554 Y46.168 E0.01495
G1 X54.255 Y46.745 E0.0151
G1 X54.767 Y47.368 E0.01341
G1 X56.4 Y47.368 E0.02716
G1 X56.4 Y42.313 E0.08406
G1 X56.274 Y42.101 E0.0041
G1 X43.6 Y42.1 E0.21077
G1 X43.6 Y47.736 E0.09373
G1 X45.517 Y47.736 E0.03188
G1 X45.643 Y47.485 E0.00467
G1 X45.879 Y47.368 E0.00438
G0 F7200 X45.958 Y47.768
;TYPE:WALL-OUTER
G1 F1800 X47.447 Y47.768 E0.02476
G1 X47.514 Y47.652 E0.00223
G1 X48.018 Y47.044 E0.01313
G1 X48.686 Y46.491 E0.01442
G1 X49.409 Y46.112 E0.01358
G1 X50.196 Y45.876 E0.01366
G1 X51.02 Y45.8 E0.01376
G1 X51.8 Y45.876 E0.01303
G1 X52.627 Y46.127 E0.01437
G1 X53.344 Y46.513 E0.01354
G1 X53.983 Y47.044 E0.01382
G1 X54.483 Y47.653 E0.0131
G1 X54.549 Y47.768 E0.00221
G1 X56.8 Y47.768 E0.03743
G1 X56.8 Y42.262 E0.09157
G1 X56.635 Y41.879 E0.00694
G1 X56.356 Y41.701 E0.0055
G1 X43.2 Y41.7 E0.21879
G1 X43.2 Y47.836 E0.10204
G1 F1600 X43.25 Y48.336 E0.0094
G1 X43.5 Y48.136 E0.00599
G1 F1800 X45.8 Y48.136 E0.03825
G1 X45.8 Y47.968 E0.00279
G1 X45.881 Y47.807 E0.003
G1 X45.958 Y47.768 E0.00144
G0 F7200 X46.158 Y47.768
G0 X46.158 Y47.061
G0 X43.48 Y47.857
G0 X43.25 Y48.336
G1 F1440 X43.25 Y49.386 E0.02183
G0 F7200 X44.092 Y47.127
G1 F1500 E-6.5
;MESH:NONMESH
G0 F600 X44.092 Y47.127 Z3.7
G0 F7200 X43.91 Y47.907
G0 X44.153 Y48.99
G0 X44.153 Y51.01
G0 X43.91 Y52.093
G0 X43.91 Y55.074
G0 X43.76 Y55.074
;TIME_ELAPSED:410.588694
;LAYER:34
;TYPE:FILL
;MESH:head.stl
G1 F1500 E6.5
G1 F3600 X46.426 Y57.74 E0.0627
G1 X46.496 Y57.81
G0 F7200 X46.496 Y57.59
G0 X47.916 Y57.59
G0 X47.916 Y57.74
G1 F3600 X50.909 Y54.747 E0.07039
G1 X50.979 Y54.677
G0 F7200 X50.956 Y54.909
G0 X50.055 Y54.76
G0 X47.988 Y53.853
G0 X48.082 Y53.739
G1 F3600 X52.083 Y57.74 E0.0941
G1 X52.153 Y57.81
G0 F7200 X52.153 Y57.59
G0 X53.573 Y57.59
G0 X53.573 Y57.74
G1 F3600 X56.24 Y55.073 E0.06272
G1 X56.31 Y55.003
G0 F7200 X56.09 Y55.003
G0 X56.09 Y56.24
G0 X56.24 Y56.24
G1 F3600 X53.819 Y53.819 E0.05694
G1 X53.749 Y53.749
G0 F7200 X53.906 Y53.941
G0 X52.857 Y54.484
G0 X51.945 Y54.76
G0 X51 Y54.854
G0 X50.055 Y54.76
G0 X49.143 Y54.484
G0 X48.303 Y54.035
G0 X47.141 Y53.011
G0 X47.141 Y52.858
G1 F3600 X43.76 Y56.239 E0.07952
G1 X43.69 Y56.309
G0 F7200 X43.91 Y56.309
G0 X51.92 Y54.823
G0 X51.891 Y54.513
;TYPE:WALL-INNER
G1 F3600 X51 Y54.596 E0.01488
G1 X50.103 Y54.513 E0.01498
G1 X49.236 Y54.253 E0.01505
G1 X48.443 Y53.829 E0.01495
G1 X47.744 Y53.254 E0.01505
G1 X47.286 Y52.698 E0.01198
G1 X45.879 Y52.7 E0.0234
G1 X45.637 Y52.579 E0.0045
G1 X45.509 Y52.32 E0.0048
G1 X43.6 Y52.32 E0.03175
G1 X43.6 Y57.9 E0.0928
G1 X56.272 Y57.9 E0.21074
G1 X56.4 Y57.683 E0.00419
G1 X56.4 Y52.7 E0.08287
G1 X54.708 Y52.7 E0.02814
G1 X54.258 Y53.252 E0.01184
G1 X53.55 Y53.831 E0.01521
G1 X52.761 Y54.255 E0.0149
G1 X51.891 Y54.513 E0.01509
G0 F7200 X51.8 Y54.12
;TYPE:WALL-OUTER
G1 F1800 X50.98 Y54.196 E0.0137
G1 X50.196 Y54.12 E0.0131
G1 X49.373 Y53.873 E0.01429
G1 X48.652 Y53.483 E0.01363
G1 X48.017 Y52.956 E0.01372
G1 X47.473 Y52.296 E0.01422
G1 X45.959 Y52.3 E0.02518
G1 X45.879 Y52.26 E0.00149
G1 X45.8 Y52.1 E0.00297
G1 X45.8 Y51.92 E0.00299
G1 X43.5 Y51.92 E0.03825
G1 F1589.4 X43.251 Y51.763 E0.00554
G1 X43.2 Y52.22 E0.00866
G1 F1800 X43.2 Y58.3 E0.10111
G1 X56.354 Y58.3 E0.21875
G1 X56.635 Y58.12 E0.00555
G1 X56.8 Y57.734 E0.00698
G1 X56.8 Y52.3 E0.09037
G1 X54.518 Y52.3 E0.03795
G1 X53.984 Y52.955 E0.01405
G1 X53.311 Y53.505 E0.01445
G1 X52.627 Y53.873 E0.01292
G1 X51.8 Y54.12 E0.01435
G0 F7200 X51.601 Y54.138
G0 X51.67 Y54.848
G0 X43.48 Y52.2
G0 X43.251 Y51.763
G1 F1431.4 X43.25 Y50.89 E0.01826
G0 F7200 X44.21 Y52.812
G1 F1500 E-6.5
G0 F7200 X45.576 Y52.144
G0 X45.576 Y51.055
G0 X45.576 Y48.945
G0 X45.576 Y47.475
G0 X47.139 Y46.99
G0 X47.138 Y47.138
;TYPE:FILL
G1 F1500 E6.5
G1 F3600 X43.76 Y43.76 E0.07945
G1 X43.69 Y43.69
G0 F7200 X43.91 Y43.69
G0 X43.91 Y44.925
G0 X43.76 Y44.925
G1 F3600 X46.426 Y42.26 E0.06269
G1 X46.496 Y42.19
G0 F7200 X46.496 Y42.41
G0 X47.917 Y42.41
G0 X47.917 Y42.26
G1 F3600 X50.901 Y45.244 E0.07018
G1 X50.971 Y45.314
G0 F7200 X50.95 Y45.091
G0 X50.055 Y45.24
G0 X47.987 Y46.147
G0 X48.08 Y46.262
G1 F3600 X52.083 Y42.26 E0.09413
G1 X52.153 Y42.19
G0 F7200 X52.153 Y42.41
G0 X53.574 Y42.41
G0 X53.574 Y42.26
G1 F3600 X56.24 Y44.927 E0.06271
G1 X56.31 Y44.997
G0 F7200 X56.09 Y44.997
G0 X56.09 Y43.759
G0 X56.24 Y43.759
G1 F3600 X53.819 Y46.18 E0.05694
G1 X53.749 Y46.25
G0 F7200 X53.906 Y46.06
G0 X52.857 Y45.516
G0 X51.945 Y45.24
G0 X51 Y45.146
G0 X50.055 Y45.24
G0 X45.879 Y46.989
G0 X45.878 Y47.296
;TYPE:WALL-INNER
G1 F3600 X47.287 Y47.299 E0.02343
G1 X47.747 Y46.744 E0.01199
G1 X48.447 Y46.164 E0.01512
G1 X49.235 Y45.748 E0.01482
G1 X50.102 Y45.483 E0.01508
G1 X51.001 Y45.396 E0.01502
G1 X51.897 Y45.484 E0.01497
G1 X52.761 Y45.745 E0.01501
G1 X53.554 Y46.168 E0.01495
G1 X54.253 Y46.743 E0.01505
G1 X54.71 Y47.299 E0.01197
G1 X56.4 Y47.297 E0.0281
G1 X56.4 Y42.313 E0.08288
G1 X56.274 Y42.101 E0.0041
G1 X43.6 Y42.1 E0.21077
G1 X43.6 Y47.68 E0.0928
G1 X45.506 Y47.68 E0.0317
G1 X45.635 Y47.419 E0.00484
G1 X45.878 Y47.296 E0.00453
G0 F7200 X45.959 Y47.696
;TYPE:WALL-OUTER
G1 F1800 X47.474 Y47.7 E0.02519
G1 X48.017 Y47.044 E0.01416
G1 X48.686 Y46.491 E0.01443
G1 X49.409 Y46.112 E0.01358
G1 X50.196 Y45.876 E0.01366
G1 X51.02 Y45.8 E0.01376
G1 X51.8 Y45.876 E0.01303
G1 X52.627 Y46.127 E0.01437
G1 X53.344 Y46.513 E0.01354
G1 X53.956 Y47.017 E0.01318
G1 X54.521 Y47.7 E0.01474
G1 X56.8 Y47.696 E0.0379
G1 X56.8 Y42.262 E0.09037
G1 X56.635 Y41.879 E0.00694
G1 X56.356 Y41.701 E0.0055
G1 X43.2 Y41.7 E0.21879
G1 X43.2 Y47.78 E0.10111
G1 F1600 X43.25 Y48.28 E0.0094
G1 X43.5 Y48.08 E0.00599
G1 F1800 X45.8 Y48.08 E0.03825
G1 X45.8 Y47.896 E0.00306
G1 X45.878 Y47.737 E0.00295
G1 X45.959 Y47.696 E0.00151
G0 F7200 X46.159 Y47.696
G0 X46.16 Y46.989
G0 X43.48 Y47.8
G0 X43.25 Y48.28
G1 F1440 X43.25 Y49.106 E0.01717
G0 F7200 X44.092 Y47.07
G1 F1500 E-6.5
;MESH:NONMESH
G0 F600 X44.092 Y47.07 Z3.8
G0 F7200 X43.91 Y47.85
G0 X44.153 Y48.933
G0 X44.153 Y51.067
G0 X43.91 Y52.15
G0 X43.91 Y55.074
G0 X43.76 Y55.074
;TIME_ELAPSED:418.299018
;LAYER:35
;TYPE:FILL
;MESH:head.stl
G1 F1500 E6.5
G1 F3600 X46.426 Y57.74 E0.0627
G1 X46.496 Y57.81
G0 F7200 X46.496 Y57.59
G0 X47.916 Y57.59
G0 X47.916 Y57.74
G1 F3600 X50.909 Y54.747 E0.07039
G1 X50.979 Y54.677
G0 F7200 X50.956 Y54.909
G0 X50.055 Y54.76
G0 X47.988 Y53.854
G0 X48.083 Y53.739
G1 F3600 X52.083 Y57.74 E0.09409
G1 X52.153 Y57.81
G0 F7200 X52.153 Y57.59
G0 X53.573 Y57.59
G0 X53.573 Y57.74
G1 F3600 X56.24 Y55.073 E0.06272
G1 X56.31 Y55.003
G0 F7200 X56.09 Y55.003
G0 X56.09 Y56.24
G0 X56.24 Y56.24
G1 F3600 X53.819 Y53.819 E0.05694
G1 X53.749 Y53.749
G0 F7200 X53.906 Y53.941
G0 X52.857 Y54.484
G0 X51.945 Y54.76
G0 X51 Y54.854
G0 X50.055 Y54.76
G0 X49.143 Y54.484
G0 X47.087 Y53.064
G0 X47.087 Y52.912
G1 F3600 X43.76 Y56.239 E0.07825
G1 X43.69 Y56.309
G0 F7200 X43.91 Y56.309
G0 X51.92 Y54.823
G0 X51.891 Y54.513
;TYPE:WALL-INNER
G1 F3600 X51 Y54.596 E0.01488
G1 X50.103 Y54.513 E0.01498
G1 X49.236 Y54.253 E0.01505
G1 X48.443 Y53.829 E0.01495
G1 X47.742 Y53.252 E0.0151
G1 X47.329 Y52.752 E0.01078
G1 X45.879 Y52.752 E0.02411
G1 X45.639 Y52.632 E0.00446
G1 X45.511 Y52.376 E0.00476
G1 X43.6 Y52.376 E0.03178
G1 X43.6 Y57.9 E0.09186
G1 X56.272 Y57.9 E0.21074
G1 X56.4 Y57.683 E0.00419
G1 X56.4 Y52.752 E0.082
G1 X54.664 Y52.752 E0.02887
G1 X54.253 Y53.253 E0.01078
G1 X53.553 Y53.829 E0.01508
G1 X52.761 Y54.255 E0.01496
G1 X51.891 Y54.513 E0.01509
G0 F7200 X51.8 Y54.12
;TYPE:WALL-OUTER
G1 F1800 X50.98 Y54.196 E0.0137
G1 X50.196 Y54.12 E0.0131
G1 X49.373 Y53.873 E0.01429
G1 X48.652 Y53.483 E0.01363
G1 X48.013 Y52.952 E0.01382
G1 X47.517 Y52.352 E0.01295
G1 X45.959 Y52.352 E0.02591
G1 X45.879 Y52.312 E0.00149
G1 X45.8 Y52.152 E0.00297
G1 X45.8 Y51.976 E0.00293
G1 X43.5 Y51.976 E0.03825
G1 F1589.4 X43.251 Y51.819 E0.00554
G1 X43.2 Y52.276 E0.00866
G1 F1800 X43.2 Y58.3 E0.10018
G1 X56.354 Y58.3 E0.21875
G1 X56.635 Y58.12 E0.00555
G1 X56.8 Y57.734 E0.00698
G1 X56.8 Y52.352 E0.0895
G1 X54.475 Y52.352 E0.03866
G1 X53.956 Y52.979 E0.01354
G1 X53.311 Y53.505 E0.01384
G1 X52.627 Y53.873 E0.01292
G1 X51.8 Y54.12 E0.01435
G0 F7200 X51.601 Y54.138
G0 X51.67 Y54.848
G0 X43.48 Y52.258
G0 X43.251 Y51.819
G1 F1431.4 X43.25 Y51.076 E0.01554
G0 F7200 X44.21 Y52.87
G1 F1500 E-6.5
G0 F7200 X45.576 Y52.202
G0 X45.576 Y51.113
G0 X45.576 Y48.887
G0 X45.576 Y47.422
G0 X47.084 Y46.936
G0 X47.084 Y47.084
;TYPE:FILL
G1 F1500 E6.5
G1 F3600 X43.76 Y43.76 E0.07818
G1 X43.69 Y43.69
G0 F7200 X43.91 Y43.69
G0 X43.91 Y44.925
G0 X43.76 Y44.925
G1 F3600 X46.426 Y42.26 E0.06269
G1 X46.496 Y42.19
G0 F7200 X46.496 Y42.41
G0 X47.917 Y42.41
G0 X47.917 Y42.26
G1 F3600 X50.901 Y45.244 E0.07018
G1 X50.971 Y45.314
G0 F7200 X50.95 Y45.091
G0 X50.055 Y45.24
G0 X48.01 Y46.128
G0 X48.102 Y46.241
G1 F3600 X52.083 Y42.26 E0.09363
G1 X52.153 Y42.19
G0 F7200 X52.153 Y42.41
G0 X53.574 Y42.41
G0 X53.574 Y42.26
G1 F3600 X56.24 Y44.926 E0.0627
G1 X56.31 Y44.996
G0 F7200 X56.09 Y44.996
G0 X56.09 Y43.759
G0 X56.24 Y43.759
G1 F3600 X53.819 Y46.18 E0.05694
G1 X53.749 Y46.25
G0 F7200 X53.906 Y46.059
G0 X52.857 Y45.516
G0 X51.945 Y45.24
G0 X51 Y45.146
G0 X50.055 Y45.24
G0 X45.879 Y46.936
G0 X45.879 Y47.244
;TYPE:WALL-INNER
G1 F3600 X47.332 Y47.244 E0.02416
G1 X47.743 Y46.743 E0.01078
G1 X48.444 Y46.166 E0.0151
G1 X49.235 Y45.748 E0.01488
G1 X50.102 Y45.483 E0.01508
G1 X51.001 Y45.396 E0.01502
G1 X51.897 Y45.484 E0.01497
G1 X52.761 Y45.745 E0.01501
G1 X53.554 Y46.168 E0.01495
G1 X54.254 Y46.744 E0.01508
G1 X54.667 Y47.244 E0.01078
G1 X56.4 Y47.244 E0.02882
G1 X56.4 Y42.313 E0.082
G1 X56.274 Y42.101 E0.0041
G1 X43.6 Y42.1 E0.21077
G1 X43.6 Y47.62 E0.0918
G1 X45.511 Y47.62 E0.03178
G1 X45.639 Y47.364 E0.00476
G1 X45.879 Y47.244 E0.00446
G0 F7200 X45.959 Y47.644
;TYPE:WALL-OUTER
G1 F1800 X47.521 Y47.644 E0.02598
G1 X48.04 Y47.017 E0.01354
G1 X48.652 Y46.513 E0.01318
G1 X49.409 Y46.112 E0.01425
G1 X50.196 Y45.876 E0.01366
G1 X51.02 Y45.8 E0.01376
G1 X51.8 Y45.876 E0.01303
G1 X52.627 Y46.127 E0.01437
G1 X53.344 Y46.513 E0.01354
G1 X53.983 Y47.044 E0.01382
G1 X54.479 Y47.644 E0.01295
G1 X56.8 Y47.644 E0.0386
G1 X56.8 Y42.262 E0.0895
G1 X56.635 Y41.879 E0.00694
G1 X56.356 Y41.701 E0.0055
G1 X43.2 Y41.7 E0.21879
G1 X43.2 Y47.72 E0.10011
G1 F1600 X43.25 Y48.22 E0.0094
G1 X43.5 Y48.02 E0.00599
G1 F1800 X45.8 Y48.02 E0.03825
G1 X45.8 Y47.844 E0.00293
G1 X45.879 Y47.684 E0.00297
G1 X45.959 Y47.644 E0.00149
G0 F7200 X46.159 Y47.644
G0 X46.159 Y46.936
G0 X43.48 Y47.742
G0 X43.25 Y48.22
G1 F1440 X43.25 Y48.922 E0.01459
G0 F7200 X44.092 Y47.012
G1 F1500 E-6.5
;MESH:NONMESH
G0 F600 X44.092 Y47.012 Z3.9
G0 F7200 X43.91 Y47.792
G0 X44.153 Y48.875
G0 X44.153 Y51.125
G0 X43.91 Y52.208
G0 X43.91 Y55.074
G0 X43.76 Y55.074
;TIME_ELAPSED:425.980077
;LAYER:36
;TYPE:FILL
;MESH:head.stl
G1 F1500 E6.5
G1 F3600 X46.426 Y57.74 E0.0627
G1 X46.496 Y57.81
G0 F7200 X46.496 Y57.59
G0 X47.916 Y57.59
G0 X47.916 Y57.74
G1 F3600 X50.909 Y54.747 E0.07039
G1 X50.979 Y54.677
G0 F7200 X50.956 Y54.909
G0 X50.055 Y54.76
G0 X47.992 Y53.857
G0 X48.086 Y53.743
G1 F3600 X52.083 Y57.74 E0.094
G1 X52.153 Y57.81
G0 F7200 X52.153 Y57.59
G0 X53.573 Y57.59
G0 X53.573 Y57.74
G1 F3600 X56.24 Y55.073 E0.06272
G1 X56.31 Y55.003
G0 F7200 X56.09 Y55.003
G0 X56.09 Y56.24
G0 X56.24 Y56.24
G1 F3600 X53.819 Y53.819 E0.05694
G1 X53.749 Y53.749
G0 F7200 X53.906 Y53.941
G0 X52.857 Y54.484
G0 X51.945 Y54.76
G0 X51 Y54.854
G0 X50.055 Y54.76
G0 X49.143 Y54.484
G0 X47.034 Y53.117
G0 X47.034 Y52.965
G1 F3600 X43.76 Y56.239 E0.077
G1 X43.69 Y56.309
G0 F7200 X43.91 Y56.309
G0 X51.92 Y54.823
G0 X51.891 Y54.513
;TYPE:WALL-INNER
G1 F3600 X51 Y54.596 E0.01488
G1 X50.103 Y54.513 E0.01498
G1 X49.236 Y54.253 E0.01505
G1 X48.443 Y53.829 E0.01495
G1 X47.745 Y53.255 E0.01503
G1 X47.379 Y52.805 E0.00965
G1 X45.88 Y52.808 E0.02493
G1 X45.641 Y52.69 E0.00443
G1 X45.514 Y52.436 E0.00472
G1 X43.6 Y52.436 E0.03183
G1 X43.6 Y57.9 E0.09087
G1 X56.272 Y57.9 E0.21074
G1 X56.4 Y57.683 E0.00419
G1 X56.4 Y52.804 E0.08114
G1 X54.619 Y52.804 E0.02962
G1 X54.255 Y53.255 E0.00964
G1 X53.55 Y53.831 E0.01514
G1 X52.761 Y54.255 E0.0149
G1 X51.891 Y54.513 E0.01509
G0 F7200 X51.8 Y54.12
;TYPE:WALL-OUTER
G1 F1800 X50.98 Y54.196 E0.0137
G1 X50.196 Y54.12 E0.0131
G1 X49.373 Y53.873 E0.01429
G1 X48.652 Y53.483 E0.01363
G1 X48.016 Y52.955 E0.01375
G1 X47.569 Y52.405 E0.01179
G1 X45.958 Y52.408 E0.02679
G1 X45.88 Y52.369 E0.00145
G1 X45.8 Y52.208 E0.00299
G1 X45.8 Y52.036 E0.00286
G1 X43.5 Y52.036 E0.03825
G1 F1589.4 X43.251 Y51.879 E0.00554
G1 X43.2 Y52.336 E0.00866
G1 F1800 X43.2 Y58.3 E0.09918
G1 X56.354 Y58.3 E0.21875
G1 X56.635 Y58.12 E0.00555
G1 X56.8 Y57.734 E0.00698
G1 X56.8 Y52.404 E0.08864
G1 X54.428 Y52.404 E0.03945
G1 X53.98 Y52.959 E0.01186
G1 X53.311 Y53.505 E0.01436
G1 X52.627 Y53.873 E0.01292
G1 X51.8 Y54.12 E0.01435
G0 F7200 X51.601 Y54.138
G0 X51.67 Y54.848
G0 X43.48 Y52.316
G0 X43.251 Y51.879
G1 F1431.4 X43.25 Y51.202 E0.01416
G0 F7200 X44.21 Y52.928
G1 F1500 E-6.5
G0 F7200 X45.576 Y52.26
G0 X45.576 Y51.171
G0 X45.576 Y48.829
G0 X45.576 Y47.368
G0 X47.033 Y46.883
G0 X47.032 Y47.032
;TYPE:FILL
G1 F1500 E6.5
G1 F3600 X43.76 Y43.76 E0.07695
G1 X43.69 Y43.69
G0 F7200 X43.91 Y43.69
G0 X43.91 Y44.925
G0 X43.76 Y44.925
G1 F3600 X46.426 Y42.26 E0.06269
G1 X46.496 Y42.19
G0 F7200 X46.496 Y42.41
G0 X47.917 Y42.41
G0 X47.917 Y42.26
G1 F3600 X50.901 Y45.244 E0.07018
G1 X50.971 Y45.314
G0 F7200 X50.95 Y45.091
G0 X50.055 Y45.24
G0 X47.989 Y46.145
G0 X48.082 Y46.26
G1 F3600 X52.083 Y42.26 E0.09409
G1 X52.153 Y42.19
G0 F7200 X52.153 Y42.41
G0 X53.574 Y42.41
G0 X53.574 Y42.26
G1 F3600 X56.24 Y44.926 E0.0627
G1 X56.31 Y44.996
G0 F7200 X56.09 Y44.996
G0 X56.09 Y43.759
G0 X56.24 Y43.759
G1 F3600 X53.819 Y46.18 E0.05694
G1 X53.749 Y46.25
G0 F7200 X53.906 Y46.059
G0 X52.857 Y45.516
G0 X51.945 Y45.24
G0 X51 Y45.146
G0 X50.055 Y45.24
G0 X45.879 Y46.883
G0 X45.878 Y47.192
;TYPE:WALL-INNER
G1 F3600 X47.379 Y47.192 E0.02496
G1 X47.74 Y46.751 E0.00948
G1 X48.447 Y46.164 E0.01528
G1 X49.235 Y45.748 E0.01482
G1 X50.102 Y45.483 E0.01508
G1 X51.001 Y45.396 E0.01502
G1 X51.897 Y45.484 E0.01497
G1 X52.761 Y45.745 E0.01501
G1 X53.554 Y46.168 E0.01495
G1 X54.255 Y46.745 E0.0151
G1 X54.618 Y47.192 E0.00958
G1 X56.4 Y47.192 E0.02963
G1 X56.4 Y42.313 E0.08114
G1 X56.274 Y42.101 E0.0041
G1 X43.6 Y42.1 E0.21077
G1 X43.6 Y47.564 E0.09087
G1 X45.514 Y47.564 E0.03183
G1 X45.641 Y47.31 E0.00472
G1 X45.878 Y47.192 E0.0044
G0 F7200 X45.958 Y47.592
;TYPE:WALL-OUTER
G1 F1800 X47.569 Y47.592 E0.02679
G1 X48.044 Y47.018 E0.01239
G1 X48.686 Y46.491 E0.01381
G1 X49.409 Y46.112 E0.01358
G1 X50.196 Y45.876 E0.01366
G1 X51.02 Y45.8 E0.01376
G1 X51.8 Y45.876 E0.01303
G1 X52.627 Y46.127 E0.01437
G1 X53.344 Y46.513 E0.01354
G1 X53.984 Y47.045 E0.01384
G1 X54.428 Y47.592 E0.01172
G1 X56.8 Y47.592 E0.03945
G1 X56.8 Y42.262 E0.08864
G1 X56.635 Y41.879 E0.00694
G1 X56.356 Y41.701 E0.0055
G1 X43.2 Y41.7 E0.21879
G1 X43.2 Y47.664 E0.09918
G1 F1600 X43.25 Y48.164 E0.0094
G1 X43.5 Y47.964 E0.00599
G1 F1800 X45.8 Y47.964 E0.03825
G1 X45.8 Y47.792 E0.00286
G1 X45.88 Y47.631 E0.00299
G1 X45.958 Y47.592 E0.00145
G0 F7200 X46.158 Y47.592
G0 X46.159 Y46.883
G0 X43.48 Y47.684
G0 X43.25 Y48.164
G1 F1440 X43.25 Y48.796 E0.01314
G0 F7200 X44.092 Y46.954
G1 F1500 E-6.5
;MESH:NONMESH
G0 F600 X44.092 Y46.954 Z4
G0 F7200 X43.91 Y47.734
G0 X44.153 Y48.817
G0 X44.153 Y51.183
G0 X43.91 Y52.266
G0 X43.91 Y55.074
G0 X43.76 Y55.074
;TIME_ELAPSED:433.635858
;LAYER:37
;TYPE:FILL
;MESH:head.stl
G1 F1500 E6.5
G1 F3600 X46.426 Y57.74 E0.0627
G1 X46.496 Y57.81
G0 F7200 X46.496 Y57.59
G0 X47.916 Y57.59
G0 X47.916 Y57.74
G1 F3600 X50.909 Y54.747 E0.07039
G1 X50.979 Y54.677
G0 F7200 X50.956 Y54.909
G0 X50.055 Y54.76
G0 X47.99 Y53.855
G0 X48.084 Y53.741
G1 F3600 X52.083 Y57.74 E0.09405
G1 X52.153 Y57.81
G0 F7200 X52.153 Y57.59
G0 X53.573 Y57.59
G0 X53.573 Y57.74
G1 F3600 X56.24 Y55.073 E0.06272
G1 X56.31 Y55.003
G0 F7200 X56.09 Y55.003
G0 X56.09 Y56.24
G0 X56.24 Y56.24
G1 F3600 X53.817 Y53.817 E0.05699
G1 X53.747 Y53.747
G0 F7200 X53.906 Y53.941
G0 X52.857 Y54.484
G0 X51.945 Y54.76
G0 X51 Y54.854
G0 X50.055 Y54.76
G0 X49.143 Y54.484
G0 X46.979 Y53.171
G0 X46.979 Y53.02
G1 F3600 X43.76 Y56.239 E0.07571
G1 X43.69 Y56.309
G0 F7200 X43.91 Y56.309
G0 X51.92 Y54.823
G0 X51.891 Y54.513
;TYPE:WALL-INNER
G1 F3600 X51 Y54.596 E0.01488
G1 X50.103 Y54.513 E0.01498
G1 X49.236 Y54.253 E0.01505
G1 X48.443 Y53.829 E0.01495
G1 X47.786 Y53.288 E0.01415
G1 X47.418 Y52.86 E0.00939
G1 X45.879 Y52.86 E0.02559
G1 X45.643 Y52.743 E0.00438
G1 X45.517 Y52.492 E0.00467
G1 X43.6 Y52.492 E0.03188
G1 X43.6 Y57.9 E0.08994
G1 X56.272 Y57.9 E0.21074
G1 X56.4 Y57.683 E0.00419
G1 X56.4 Y52.86 E0.08021
G1 X54.576 Y52.86 E0.03033
G1 X54.261 Y53.241 E0.00822
G1 X53.554 Y53.828 E0.01528
G1 X52.761 Y54.255 E0.01498
G1 X51.891 Y54.513 E0.01509
G0 F7200 X51.8 Y54.12
;TYPE:WALL-OUTER
G1 F1800 X50.98 Y54.196 E0.0137
G1 X50.196 Y54.12 E0.0131
G1 X49.373 Y53.873 E0.01429
G1 X48.652 Y53.483 E0.01363
G1 X48.04 Y52.979 E0.01318
G1 X47.606 Y52.46 E0.01125
G1 X45.958 Y52.46 E0.02741
G1 X45.881 Y52.421 E0.00144
G1 X45.8 Y52.26 E0.003
G1 X45.8 Y52.092 E0.00279
G1 X43.5 Y52.092 E0.03825
G1 F1589.4 X43.251 Y51.935 E0.00554
G1 X43.2 Y52.392 E0.00866
G1 F1800 X43.2 Y58.3 E0.09825
G1 X56.354 Y58.3 E0.21875
G1 X56.635 Y58.12 E0.00555
G1 X56.8 Y57.734 E0.00698
G1 X56.8 Y52.46 E0.08771
G1 X54.387 Y52.46 E0.04013
G1 X53.973 Y52.963 E0.01083
G1 X53.311 Y53.505 E0.01423
G1 X52.627 Y53.873 E0.01292
G1 X51.8 Y54.12 E0.01435
G0 F7200 X51.601 Y54.138
G0 X51.67 Y54.848
G0 X43.48 Y52.374
G0 X43.251 Y51.935
G1 F1431.4 X43.25 Y51.318 E0.0129
G0 F7200 X44.21 Y52.986
G1 F1500 E-6.5
G0 F7200 X45.576 Y52.318
G0 X45.576 Y51.229
G0 X45.576 Y48.771
G0 X45.576 Y47.315
G0 X46.976 Y46.829
G0 X46.976 Y46.976
;TYPE:FILL
G1 F1500 E6.5
G1 F3600 X43.76 Y43.76 E0.07564
G1 X43.69 Y43.69
G0 F7200 X43.91 Y43.69
G0 X43.91 Y44.925
G0 X43.76 Y44.925
G1 F3600 X46.426 Y42.26 E0.06269
G1 X46.496 Y42.19
G0 F7200 X46.496 Y42.41
G0 X47.917 Y42.41
G0 X47.917 Y42.26
G1 F3600 X50.901 Y45.244 E0.07018
G1 X50.971 Y45.314
G0 F7200 X50.95 Y45.091
G0 X50.055 Y45.24
G0 X48.01 Y46.128
G0 X48.102 Y46.241
G1 F3600 X52.083 Y42.26 E0.09363
G1 X52.153 Y42.19
G0 F7200 X52.153 Y42.41
G0 X53.574 Y42.41
G0 X53.574 Y42.26
G1 F3600 X56.24 Y44.927 E0.06271
G1 X56.31 Y44.997
G0 F7200 X56.09 Y44.997
G0 X56.09 Y43.759
G0 X56.24 Y43.759
G1 F3600 X53.819 Y46.18 E0.05694
G1 X53.749 Y46.25
G0 F7200 X53.906 Y46.059
G0 X52.857 Y45.516
G0 X51.945 Y45.24
G0 X51 Y45.146
G0 X50.055 Y45.24
G0 X45.879 Y46.829
G0 X45.879 Y47.136
;TYPE:WALL-INNER
G1 F3600 X47.42 Y47.136 E0.02563
G1 X47.786 Y46.708 E0.00937
G1 X48.444 Y46.166 E0.01418
G1 X49.235 Y45.748 E0.01488
G1 X50.102 Y45.483 E0.01508
G1 X51.001 Y45.396 E0.01502
G1 X51.897 Y45.484 E0.01497
G1 X52.761 Y45.745 E0.01501
G1 X53.555 Y46.169 E0.01497
G1 X54.261 Y46.755 E0.01526
G1 X54.578 Y47.136 E0.00824
G1 X56.4 Y47.136 E0.0303
G1 X56.4 Y42.313 E0.08021
G1 X56.274 Y42.101 E0.0041
G1 X43.6 Y42.1 E0.21077
G1 X43.6 Y47.504 E0.08987
G1 X45.517 Y47.504 E0.03188
G1 X45.643 Y47.253 E0.00467
G1 X45.879 Y47.136 E0.00438
G0 F7200 X45.958 Y47.536
;TYPE:WALL-OUTER
G1 F1800 X47.609 Y47.536 E0.02746
G1 X48.04 Y47.017 E0.01122
G1 X48.652 Y46.513 E0.01318
G1 X49.409 Y46.112 E0.01425
G1 X50.196 Y45.876 E0.01366
G1 X51.02 Y45.8 E0.01376
G1 X51.8 Y45.876 E0.01303
G1 X52.627 Y46.127 E0.01437
G1 X53.344 Y46.513 E0.01354
G1 X53.973 Y47.033 E0.01357
G1 X54.39 Y47.536 E0.01087
G1 X56.8 Y47.536 E0.04008
G1 X56.8 Y42.262 E0.08771
G1 X56.635 Y41.879 E0.00694
G1 X56.356 Y41.701 E0.0055
G1 X43.2 Y41.7 E0.21879
G1 X43.2 Y47.604 E0.09818
G1 F1600 X43.25 Y48.104 E0.0094
G1 X43.5 Y47.904 E0.00599
G1 F1800 X45.8 Y47.904 E0.03825
G1 X45.8 Y47.736 E0.00279
G1 X45.881 Y47.575 E0.003
G1 X45.958 Y47.536 E0.00144
G0 F7200 X46.158 Y47.536
G0 X46.158 Y46.829
G0 X43.48 Y47.626
G0 X43.25 Y48.104
G1 F1440 X43.25 Y48.678 E0.01193
G0 F7200 X44.092 Y46.896
G1 F1500 E-6.5
;MESH:NONMESH
G0 F600 X44.092 Y46.896 Z4.1
G0 F7200 X43.91 Y47.676
G0 X44.153 Y48.759
G0 X44.153 Y51.241
G0 X43.91 Y52.324
G0 X43.91 Y55.074
G0 X43.76 Y55.074
;TIME_ELAPSED:441.262687
;LAYER:38
;TYPE:FILL
;MESH:head.stl
G1 F1500 E6.5
G1 F3600 X46.426 Y57.74 E0.0627
G1 X46.496 Y57.81
G0 F7200 X46.496 Y57.59
G0 X47.916 Y57.59
G0 X47.916 Y57.74
G1 F3600 X50.909 Y54.747 E0.07039
G1 X50.979 Y54.677
G0 F7200 X50.956 Y54.909
G0 X50.055 Y54.76
G0 X47.988 Y53.854
G0 X48.083 Y53.739
G1 F3600 X52.083 Y57.74 E0.09409
G1 X52.153 Y57.81
G0 F7200 X52.153 Y57.59
G0 X53.573 Y57.59
G0 X53.573 Y57.74
G1 F3600 X56.24 Y55.073 E0.06272
G1 X56.31 Y55.003
G0 F7200 X56.09 Y55.003
G0 X56.09 Y56.24
G0 X56.24 Y56.24
G1 F3600 X53.819 Y53.819 E0.05694
G1 X53.749 Y53.749
G0 F7200 X53.906 Y53.941
G0 X52.857 Y54.484
G0 X51.945 Y54.76
G0 X51 Y54.854
G0 X50.055 Y54.76
G0 X49.234 Y54.512
G0 X46.926 Y53.222
G0 X46.927 Y53.072
G1 F3600 X43.76 Y56.239 E0.07448
G1 X43.69 Y56.309
G0 F7200 X43.91 Y56.309
G0 X51.92 Y54.823
G0 X51.891 Y54.513
;TYPE:WALL-INNER
G1 F3600 X51 Y54.596 E0.01488
G1 X50.103 Y54.513 E0.01498
G1 X49.236 Y54.253 E0.01505
G1 X48.443 Y53.829 E0.01495
G1 X47.786 Y53.288 E0.01415
G1 X47.461 Y52.912 E0.00827
G1 X45.881 Y52.912 E0.02628
G1 X45.645 Y52.797 E0.00437
G1 X45.519 Y52.548 E0.00464
G1 X43.6 Y52.548 E0.03191
G1 X43.6 Y57.9 E0.089
G1 X56.272 Y57.9 E0.21074
G1 X56.4 Y57.683 E0.00419
G1 X56.4 Y52.912 E0.07934
G1 X54.535 Y52.912 E0.03102
G1 X54.24 Y53.261 E0.0076
G1 X53.554 Y53.829 E0.01481
G1 X52.761 Y54.255 E0.01497
G1 X51.891 Y54.513 E0.01509
G0 F7200 X51.8 Y54.12
;TYPE:WALL-OUTER
G1 F1800 X50.98 Y54.196 E0.0137
G1 X50.196 Y54.12 E0.0131
G1 X49.373 Y53.873 E0.01429
G1 X48.652 Y53.483 E0.01363
G1 X48.013 Y52.952 E0.01382
G1 X47.649 Y52.512 E0.0095
G1 X45.958 Y52.512 E0.02812
G1 X45.881 Y52.474 E0.00143
G1 X45.8 Y52.312 E0.00301
G1 X45.8 Y52.148 E0.00273
G1 X43.5 Y52.148 E0.03825
G1 F1589.4 X43.251 Y51.991 E0.00554
G1 X43.2 Y52.448 E0.00866
G1 F1800 X43.2 Y58.3 E0.09732
G1 X56.354 Y58.3 E0.21875
G1 X56.635 Y58.12 E0.00555
G1 X56.8 Y57.734 E0.00698
G1 X56.8 Y52.512 E0.08684
G1 X54.347 Y52.512 E0.04079
G1 X53.956 Y52.979 E0.01013
G1 X53.311 Y53.505 E0.01384
G1 X52.627 Y53.873 E0.01292
G1 X51.8 Y54.12 E0.01435
G0 F7200 X51.601 Y54.138
G0 X51.67 Y54.848
G0 X43.48 Y52.431
G0 X43.251 Y51.991
G1 F1431.4 X43.25 Y51.402 E0.01232
G0 F7200 X44.21 Y53.043
G1 F1500 E-6.5
G0 F7200 X45.576 Y52.375
G0 X45.576 Y51.286
G0 X45.576 Y48.714
G0 X45.576 Y47.264
G0 X46.926 Y46.777
G0 X46.926 Y46.926
;TYPE:FILL
G1 F1500 E6.5
G1 F3600 X43.76 Y43.76 E0.07446
G1 X43.69 Y43.69
G0 F7200 X43.91 Y43.69
G0 X43.91 Y44.925
G0 X43.76 Y44.925
G1 F3600 X46.426 Y42.26 E0.06269
G1 X46.496 Y42.19
G0 F7200 X46.496 Y42.41
G0 X47.917 Y42.41
G0 X47.917 Y42.26
G1 F3600 X50.901 Y45.244 E0.07018
G1 X50.971 Y45.314
G0 F7200 X50.95 Y45.091
G0 X50.055 Y45.24
G0 X48.01 Y46.128
G0 X48.102 Y46.241
G1 F3600 X52.083 Y42.26 E0.09363
G1 X52.153 Y42.19
G0 F7200 X52.153 Y42.41
G0 X53.574 Y42.41
G0 X53.574 Y42.26
G1 F3600 X56.24 Y44.927 E0.06271
G1 X56.31 Y44.997
G0 F7200 X56.09 Y44.997
G0 X56.09 Y43.759
G0 X56.24 Y43.759
G1 F3600 X53.819 Y46.18 E0.05694
G1 X53.749 Y46.25
G0 F7200 X53.906 Y46.059
G0 X52.857 Y45.516
G0 X51.945 Y45.24
G0 X51 Y45.146
G0 X50.055 Y45.24
G0 X45.881 Y46.777
G0 X45.881 Y47.088
;TYPE:WALL-INNER
G1 F3600 X47.461 Y47.084 E0.02628
G1 X47.786 Y46.708 E0.00827
G1 X48.444 Y46.166 E0.01418
G1 X49.235 Y45.748 E0.01488
G1 X50.102 Y45.483 E0.01508
G1 X51.001 Y45.396 E0.01502
G1 X51.897 Y45.484 E0.01497
G1 X52.761 Y45.745 E0.01501
G1 X53.555 Y46.168 E0.01496
G1 X54.241 Y46.736 E0.01481
G1 X54.536 Y47.088 E0.00764
G1 X56.4 Y47.084 E0.031
G1 X56.4 Y42.313 E0.07934
G1 X56.274 Y42.101 E0.0041
G1 X43.6 Y42.1 E0.21077
G1 X43.6 Y47.448 E0.08894
G1 X45.522 Y47.448 E0.03196
G1 X45.647 Y47.202 E0.00459
G1 X45.881 Y47.088 E0.00433
G0 F7200 X45.958 Y47.488
;TYPE:WALL-OUTER
G1 F1800 X47.649 Y47.484 E0.02812
G1 X48.04 Y47.017 E0.01013
G1 X48.652 Y46.513 E0.01318
G1 X49.409 Y46.112 E0.01425
G1 X50.196 Y45.876 E0.01366
G1 X51.02 Y45.8 E0.01376
G1 X51.8 Y45.876 E0.01303
G1 X52.627 Y46.127 E0.01437
G1 X53.344 Y46.513 E0.01354
G1 X53.966 Y47.026 E0.01341
G1 X54.347 Y47.488 E0.00996
G1 X56.8 Y47.484 E0.04079
G1 X56.8 Y42.262 E0.08684
G1 X56.635 Y41.879 E0.00694
G1 X56.356 Y41.701 E0.0055
G1 X43.2 Y41.7 E0.21879
G1 X43.2 Y47.548 E0.09725
G1 F1600 X43.25 Y48.048 E0.0094
G1 X43.5 Y47.848 E0.00599
G1 F1800 X45.8 Y47.848 E0.03825
G1 X45.8 Y47.688 E0.00266
G1 X45.882 Y47.526 E0.00302
G1 X45.958 Y47.488 E0.00141
G0 F7200 X46.158 Y47.488
G0 X46.158 Y46.777
G0 X43.48 Y47.569
G0 X43.25 Y48.048
G1 F1440 X43.25 Y48.598 E0.01143
G0 F7200 X44.092 Y46.839
G1 F1500 E-6.5
;MESH:NONMESH
G0 F600 X44.092 Y46.839 Z4.2
G0 F7200 X43.91 Y47.619
G0 X44.153 Y48.702
G0 X44.153 Y51.298
G0 X43.91 Y52.381
G0 X43.91 Y55.074
G0 X43.76 Y55.074
;TIME_ELAPSED:448.866853
;LAYER:39
;TYPE:FILL
;MESH:head.stl
G1 F1500 E6.5
G1 F3600 X46.426 Y57.74 E0.0627
G1 X46.496 Y57.81
G0 F7200 X46.496 Y57.59
G0 X47.916 Y57.59
G0 X47.916 Y57.74
G1 F3600 X50.909 Y54.747 E0.07039
G1 X50.979 Y54.677
G0 F7200 X50.956 Y54.909
G0 X50.055 Y54.76
G0 X47.988 Y53.854
G0 X48.083 Y53.739
G1 F3600 X52.083 Y57.74 E0.09409
G1 X52.153 Y57.81
G0 F7200 X52.153 Y57.59
G0 X53.573 Y57.59
G0 X53.573 Y57.74
G1 F3600 X56.24 Y55.073 E0.06272
G1 X56.31 Y55.003
G0 F7200 X56.09 Y55.003
G0 X56.09 Y56.24
G0 X56.24 Y56.24
G1 F3600 X53.819 Y53.819 E0.05694
G1 X53.749 Y53.749
G0 F7200 X53.906 Y53.941
G0 X52.857 Y54.484
G0 X51.945 Y54.76
G0 X51 Y54.854
G0 X50.055 Y54.76
G0 X46.899 Y53.252
G0 X46.9 Y53.099
G1 F3600 X43.76 Y56.239 E0.07385
G1 X43.69 Y56.309
G0 F7200 X43.91 Y56.309
G0 X51.92 Y54.823
G0 X51.891 Y54.513
;TYPE:WALL-INNER
G1 F3600 X51 Y54.596 E0.01488
G1 X50.103 Y54.513 E0.01498
G1 X49.236 Y54.253 E0.01505
G1 X48.443 Y53.829 E0.01495
G1 X47.786 Y53.288 E0.01415
G1 X47.485 Y52.94 E0.00765
G1 X45.885 Y52.94 E0.02661
G1 X45.662 Y52.837 E0.00408
G1 X45.542 Y52.608 E0.0043
G1 X43.6 Y52.608 E0.0323
G1 X43.6 Y57.9 E0.08801
G1 X56.272 Y57.9 E0.21074
G1 X56.4 Y57.683 E0.00419
G1 X56.4 Y52.94 E0.07888
G1 X54.511 Y52.94 E0.03141
G1 X54.228 Y53.272 E0.00725
G1 X53.553 Y53.829 E0.01455
G1 X52.761 Y54.255 E0.01496
G1 X51.891 Y54.513 E0.01509
G0 F7200 X51.8 Y54.12
;TYPE:WALL-OUTER
G1 F1800 X50.98 Y54.196 E0.0137
G1 X50.196 Y54.12 E0.0131
G1 X49.373 Y53.873 E0.01429
G1 X48.652 Y53.483 E0.01363
G1 X48.013 Y52.952 E0.01382
G1 X47.673 Y52.54 E0.00888
G1 X45.947 Y52.534 E0.0287
G1 X45.887 Y52.506 E0.0011
G1 X45.8 Y52.34 E0.00312
G1 X45.8 Y52.208 E0.0022
G1 X43.5 Y52.208 E0.03825
G1 F1589.4 X43.251 Y52.051 E0.00554
G1 X43.2 Y52.508 E0.00866
G1 F1800 X43.2 Y58.3 E0.09632
G1 X56.354 Y58.3 E0.21875
G1 X56.635 Y58.12 E0.00555
G1 X56.8 Y57.734 E0.00698
G1 X56.8 Y52.54 E0.08638
G1 X54.323 Y52.54 E0.04119
G1 X53.956 Y52.979 E0.00952
G1 X53.311 Y53.505 E0.01384
G1 X52.627 Y53.873 E0.01292
G1 X51.8 Y54.12 E0.01435
G0 F7200 X51.601 Y54.138
G0 X51.67 Y54.848
G0 X43.48 Y52.489
G0 X43.251 Y52.051
G1 F1431.4 X43.25 Y51.482 E0.0119
G0 F7200 X44.21 Y53.101
G1 F1500 E-6.5
G0 F7200 X45.576 Y52.433
G0 X45.576 Y51.344
G0 X45.576 Y48.656
G0 X45.576 Y47.234
G0 X46.896 Y46.747
G0 X46.896 Y46.896
;TYPE:FILL
G1 F1500 E6.5
G1 F3600 X43.76 Y43.76 E0.07375
G1 X43.69 Y43.69
G0 F7200 X43.91 Y43.69
G0 X43.91 Y44.925
G0 X43.76 Y44.925
G1 F3600 X46.426 Y42.26 E0.06269
G1 X46.496 Y42.19
G0 F7200 X46.496 Y42.41
G0 X47.917 Y42.41
G0 X47.917 Y42.26
G1 F3600 X50.901 Y45.244 E0.07018
G1 X50.971 Y45.314
G0 F7200 X50.95 Y45.091
G0 X50.055 Y45.24
G0 X48.008 Y46.13
G0 X48.1 Y46.243
G1 F3600 X52.083 Y42.26 E0.09367
G1 X52.153 Y42.19
G0 F7200 X52.153 Y42.41
G0 X53.574 Y42.41
G0 X53.574 Y42.26
G1 F3600 X56.24 Y44.926 E0.0627
G1 X56.31 Y44.996
G0 F7200 X56.09 Y44.996
G0 X56.09 Y43.759
G0 X56.24 Y43.759
G1 F3600 X53.819 Y46.18 E0.05694
G1 X53.749 Y46.25
G0 F7200 X53.906 Y46.059
G0 X52.857 Y45.516
G0 X51.945 Y45.24
G0 X51 Y45.146
G0 X50.055 Y45.24
G0 X45.885 Y46.747
G0 X45.885 Y47.056
;TYPE:WALL-INNER
G1 F3600 X47.485 Y47.056 E0.02661
G1 X47.786 Y46.708 E0.00765
G1 X48.444 Y46.166 E0.01418
G1 X49.235 Y45.748 E0.01488
G1 X50.102 Y45.483 E0.01508
G1 X51.001 Y45.396 E0.01502
G1 X51.897 Y45.484 E0.01497
G1 X52.761 Y45.745 E0.01501
G1 X53.555 Y46.168 E0.01496
G1 X54.228 Y46.724 E0.01452
G1 X54.511 Y47.056 E0.00725
G1 X56.4 Y47.056 E0.03141
G1 X56.4 Y42.313 E0.07888
G1 X56.274 Y42.101 E0.0041
G1 X43.6 Y42.1 E0.21077
G1 X43.6 Y47.388 E0.08794
G1 X45.542 Y47.388 E0.0323
G1 X45.662 Y47.159 E0.0043
G1 X45.885 Y47.056 E0.00408
G0 F7200 X45.947 Y47.462
;TYPE:WALL-OUTER
G1 F1800 X47.673 Y47.456 E0.0287
G1 X48.04 Y47.017 E0.00952
G1 X48.652 Y46.513 E0.01318
G1 X49.409 Y46.112 E0.01425
G1 X50.196 Y45.876 E0.01366
G1 X51.02 Y45.8 E0.01376
G1 X51.8 Y45.876 E0.01303
G1 X52.627 Y46.127 E0.01437
G1 X53.344 Y46.513 E0.01354
G1 X53.962 Y47.022 E0.01331
G1 X54.323 Y47.456 E0.00939
G1 X56.8 Y47.456 E0.04119
G1 X56.8 Y42.262 E0.08638
G1 X56.635 Y41.879 E0.00694
G1 X56.356 Y41.701 E0.0055
G1 X43.2 Y41.7 E0.21879
G1 X43.2 Y47.488 E0.09625
G1 F1600 X43.25 Y47.988 E0.0094
G1 X43.5 Y47.788 E0.00599
G1 F1800 X45.8 Y47.788 E0.03825
G1 X45.8 Y47.656 E0.0022
G1 X45.887 Y47.49 E0.00312
G1 X45.947 Y47.462 E0.0011
G0 F7200 X46.147 Y47.462
G0 X46.147 Y46.747
G0 X43.48 Y47.511
G0 X43.25 Y47.988
G1 F1440 X43.25 Y48.514 E0.01093
G0 F7200 X44.092 Y46.781
G1 F1500 E-6.5
;MESH:NONMESH
G0 F600 X44.092 Y46.781 Z4.3
G0 F7200 X43.91 Y47.561
G0 X44.153 Y48.644
G0 X44.153 Y51.356
G0 X43.91 Y52.439
G0 X43.91 Y55.074
G0 X43.76 Y55.074
;TIME_ELAPSED:456.458349
;LAYER:40
;TYPE:FILL
;MESH:head.stl
G1 F1500 E6.5
G1 F3600 X46.426 Y57.74 E0.0627
G1 X46.496 Y57.81
G0 F7200 X46.496 Y57.59
G0 X47.916 Y57.59
G0 X47.916 Y57.74
G1 F3600 X50.909 Y54.747 E0.07039
G1 X50.979 Y54.677
G0 F7200 X50.956 Y54.909
G0 X50.055 Y54.76
G0 X47.988 Y53.854
G0 X48.083 Y53.739
G1 F3600 X52.083 Y57.74 E0.09409
G1 X52.153 Y57.81
G0 F7200 X52.153 Y57.59
G0 X53.573 Y57.59
G0 X53.573 Y57.74
G1 F3600 X56.24 Y55.073 E0.06272
G1 X56.31 Y55.003
G0 F7200 X56.09 Y55.003
G0 X56.09 Y56.24
G0 X56.24 Y56.24
G1 F3600 X53.818 Y53.818 E0.05696
G1 X53.748 Y53.748
G0 F7200 X53.906 Y53.941
G0 X52.857 Y54.484
G0 X51.945 Y54.76
G0 X51 Y54.854
G0 X50.055 Y54.76
G0 X46.866 Y53.282
G0 X46.867 Y53.132
G1 F3600 X43.76 Y56.239 E0.07307
G1 X43.69 Y56.309
G0 F7200 X43.91 Y56.309
G0 X51.92 Y54.823
G0 X51.891 Y54.513
;TYPE:WALL-INNER
G1 F3600 X51 Y54.596 E0.01488
G1 X50.103 Y54.513 E0.01498
G1 X49.236 Y54.253 E0.01505
G1 X48.443 Y53.829 E0.01495
G1 X47.786 Y53.288 E0.01415
G1 X47.512 Y52.972 E0.00696
G1 X45.893 Y52.972 E0.02692
G1 X45.676 Y52.878 E0.00393
G1 X45.559 Y52.664 E0.00406
G1 X43.6 Y52.664 E0.03258
G1 X43.6 Y57.9 E0.08708
G1 X56.272 Y57.9 E0.21074
G1 X56.4 Y57.683 E0.00419
G1 X56.4 Y52.972 E0.07834
G1 X54.486 Y52.972 E0.03183
G1 X54.21 Y53.288 E0.00698
G1 X53.553 Y53.829 E0.01415
G1 X52.761 Y54.255 E0.01496
G1 X51.891 Y54.513 E0.01509
G0 F7200 X51.8 Y54.12
;TYPE:WALL-OUTER
G1 F1800 X50.98 Y54.196 E0.0137
G1 X50.196 Y54.12 E0.0131
G1 X49.373 Y53.873 E0.01429
G1 X48.652 Y53.483 E0.01363
G1 X48.013 Y52.952 E0.01382
G1 X47.701 Y52.572 E0.00818
G1 X45.906 Y52.566 E0.02985
G1 X45.8 Y52.372 E0.00368
G1 X45.8 Y52.264 E0.0018
G1 X43.5 Y52.264 E0.03825
G1 F1589.4 X43.251 Y52.107 E0.00554
G1 X43.2 Y52.564 E0.00866
G1 F1800 X43.2 Y58.3 E0.09539
G1 X56.354 Y58.3 E0.21875
G1 X56.635 Y58.12 E0.00555
G1 X56.8 Y57.734 E0.00698
G1 X56.8 Y52.572 E0.08584
G1 X54.298 Y52.572 E0.04161
G1 X53.956 Y52.979 E0.00884
G1 X53.311 Y53.505 E0.01384
G1 X52.627 Y53.873 E0.01292
G1 X51.8 Y54.12 E0.01435
G0 F7200 X51.601 Y54.138
G0 X51.67 Y54.848
G0 X43.48 Y52.547
G0 X43.251 Y52.107
G1 F1431.4 X43.25 Y51.542 E0.01182
G0 F7200 X44.21 Y53.159
G1 F1500 E-6.5
G0 F7200 X45.576 Y52.491
G0 X45.576 Y51.402
G0 X45.576 Y48.598
G0 X45.576 Y47.204
G0 X46.865 Y46.717
G0 X46.865 Y46.865
;TYPE:FILL
G1 F1500 E6.5
G1 F3600 X43.76 Y43.76 E0.07302
G1 X43.69 Y43.69
G0 F7200 X43.91 Y43.69
G0 X43.91 Y44.925
G0 X43.76 Y44.925
G1 F3600 X46.426 Y42.26 E0.06269
G1 X46.496 Y42.19
G0 F7200 X46.496 Y42.41
G0 X47.917 Y42.41
G0 X47.917 Y42.26
G1 F3600 X50.901 Y45.244 E0.07018
G1 X50.971 Y45.314
G0 F7200 X50.95 Y45.091
G0 X50.055 Y45.24
G0 X48.008 Y46.13
G0 X48.1 Y46.243
G1 F3600 X52.083 Y42.26 E0.09367
G1 X52.153 Y42.19
G0 F7200 X52.153 Y42.41
G0 X53.574 Y42.41
G0 X53.574 Y42.26
G1 F3600 X56.24 Y44.926 E0.0627
G1 X56.31 Y44.996
G0 F7200 X56.09 Y44.996
G0 X56.09 Y43.759
G0 X56.24 Y43.759
G1 F3600 X53.819 Y46.18 E0.05694
G1 X53.749 Y46.25
G0 F7200 X53.906 Y46.059
G0 X52.857 Y45.516
G0 X51.945 Y45.24
G0 X51 Y45.146
G0 X50.055 Y45.24
G0 X45.892 Y46.717
G0 X45.892 Y47.028
;TYPE:WALL-INNER
G1 F3600 X47.512 Y47.024 E0.02694
G1 X47.786 Y46.708 E0.00696
G1 X48.444 Y46.166 E0.01418
G1 X49.235 Y45.748 E0.01488
G1 X50.102 Y45.483 E0.01508
G1 X51.001 Y45.396 E0.01502
G1 X51.897 Y45.484 E0.01497
G1 X52.761 Y45.745 E0.01501
G1 X53.554 Y46.168 E0.01495
G1 X54.216 Y46.713 E0.01426
G1 X54.487 Y47.028 E0.00691
G1 X56.4 Y47.024 E0.03181
G1 X56.4 Y42.313 E0.07834
G1 X56.274 Y42.101 E0.0041
G1 X43.6 Y42.1 E0.21077
G1 X43.6 Y47.332 E0.08701
G1 X45.562 Y47.332 E0.03263
G1 X45.678 Y47.121 E0.004
G1 X45.892 Y47.028 E0.00388
G0 F7200 X45.905 Y47.434
;TYPE:WALL-OUTER
G1 F1800 X47.701 Y47.424 E0.02987
G1 X48.04 Y47.017 E0.00881
G1 X48.652 Y46.513 E0.01318
G1 X49.409 Y46.112 E0.01425
G1 X50.196 Y45.876 E0.01366
G1 X51.02 Y45.8 E0.01376
G1 X51.8 Y45.876 E0.01303
G1 X52.627 Y46.127 E0.01437
G1 X53.344 Y46.513 E0.01354
G1 X53.983 Y47.044 E0.01382
G1 X54.299 Y47.428 E0.00827
G1 X56.8 Y47.424 E0.04159
G1 X56.8 Y42.262 E0.08584
G1 X56.635 Y41.879 E0.00694
G1 X56.356 Y41.701 E0.0055
G1 X43.2 Y41.7 E0.21879
G1 X43.2 Y47.432 E0.09532
G1 F1600 X43.25 Y47.932 E0.0094
G1 X43.5 Y47.732 E0.00599
G1 F1800 X45.8 Y47.732 E0.03825
G1 X45.8 Y47.628 E0.00173
G1 X45.905 Y47.434 E0.00367
G0 F7200 X46.105 Y47.433
G0 X46.105 Y46.717
G0 X43.48 Y47.453
G0 X43.25 Y47.932
G1 F1440 X43.25 Y48.458 E0.01093
G0 F7200 X44.092 Y46.723
G1 F1500 E-6.5
;MESH:NONMESH
G0 F600 X44.092 Y46.723 Z4.4
G0 F7200 X43.91 Y47.503
G0 X44.153 Y48.586
G0 X44.153 Y51.414
G0 X43.91 Y52.497
G0 X43.91 Y55.074
G0 X43.76 Y55.074
;TIME_ELAPSED:464.035135
;LAYER:41
;TYPE:FILL
;MESH:head.stl
G1 F1500 E6.5
G1 F3600 X46.425 Y57.739 E0.06268
G1 X46.495 Y57.809
G0 F7200 X46.495 Y57.59
G0 X47.916 Y57.59
G0 X47.916 Y57.74
G1 F3600 X50.909 Y54.747 E0.07039
G1 X50.979 Y54.677
G0 F7200 X50.956 Y54.909
G0 X50.055 Y54.76
G0 X47.988 Y53.854
G0 X48.083 Y53.739
G1 F3600 X52.083 Y57.74 E0.09409
G1 X52.153 Y57.81
G0 F7200 X52.153 Y57.59
G0 X53.573 Y57.59
G0 X53.573 Y57.74
G1 F3600 X56.24 Y55.073 E0.06272
G1 X56.31 Y55.003
G0 F7200 X56.09 Y55.003
G0 X56.09 Y56.24
G0 X56.24 Y56.24
G1 F3600 X53.818 Y53.818 E0.05696
G1 X53.748 Y53.748
G0 F7200 X53.906 Y53.941
G0 X52.857 Y54.484
G0 X51.945 Y54.76
G0 X51 Y54.854
G0 X50.055 Y54.76
G0 X46.836 Y53.313
G0 X46.837 Y53.162
G1 F3600 X43.761 Y56.238 E0.07234
G1 X43.691 Y56.308
G0 F7200 X43.91 Y56.308
G0 X51.92 Y54.823
G0 X51.891 Y54.513
;TYPE:WALL-INNER
G1 F3600 X51 Y54.596 E0.01488
G1 X50.103 Y54.513 E0.01498
G1 X49.236 Y54.253 E0.01505
G1 X48.443 Y53.829 E0.01495
G1 X47.786 Y53.288 E0.01415
G1 X47.537 Y53.004 E0.00628
G1 X45.897 Y53 E0.02727
G1 X45.695 Y52.917 E0.00363
G1 X45.584 Y52.724 E0.0037
G1 X43.6 Y52.724 E0.03299
G1 X43.601 Y57.899 E0.08606
G1 X56.272 Y57.9 E0.21072
G1 X56.4 Y57.683 E0.00419
G1 X56.4 Y53.004 E0.07781
G1 X54.458 Y53.004 E0.0323
G1 X54.21 Y53.288 E0.00627
G1 X53.553 Y53.829 E0.01415
G1 X52.761 Y54.255 E0.01496
G1 X51.891 Y54.513 E0.01509
G0 F7200 X51.8 Y54.12
;TYPE:WALL-OUTER
G1 F1800 X50.98 Y54.196 E0.0137
G1 X50.196 Y54.12 E0.0131
G1 X49.373 Y53.873 E0.01429
G1 X48.652 Y53.483 E0.01363
G1 X48.013 Y52.952 E0.01382
G1 X47.725 Y52.604 E0.00751
G1 X45.91 Y52.595 E0.03018
G1 X45.8 Y52.4 E0.00372
G1 X45.8 Y52.324 E0.00126
G1 X43.5 Y52.324 E0.03825
G1 F1589.4 X43.251 Y52.167 E0.00554
G1 X43.2 Y52.624 E0.00866
G1 F1800 X43.201 Y58.299 E0.09438
G1 X56.354 Y58.3 E0.21874
G1 X56.635 Y58.12 E0.00555
G1 X56.8 Y57.734 E0.00698
G1 X56.8 Y52.604 E0.08531
G1 X54.27 Y52.604 E0.04207
G1 X53.956 Y52.979 E0.00813
G1 X53.311 Y53.505 E0.01384
G1 X52.627 Y53.873 E0.01292
G1 X51.8 Y54.12 E0.01435
G0 F7200 X51.601 Y54.138
G0 X51.67 Y54.848
G0 X43.48 Y52.604
G0 X43.251 Y52.167
G1 F1431.4 X43.25 Y51.594 E0.01198
G0 F7200 X44.092 Y53.334
G1 F1500 E-6.5
G0 F7200 X45.576 Y52.549
G0 X45.576 Y51.459
G0 X45.577 Y48.54
G0 X45.576 Y47.173
G0 X46.836 Y46.686
G0 X46.836 Y46.836
;TYPE:FILL
G1 F1500 E6.5
G1 F3600 X43.76 Y43.76 E0.07234
G1 X43.69 Y43.69
G0 F7200 X43.91 Y43.69
G0 X43.91 Y44.925
G0 X43.76 Y44.925
G1 F3600 X46.426 Y42.26 E0.06269
G1 X46.496 Y42.19
G0 F7200 X46.496 Y42.41
G0 X47.917 Y42.41
G0 X47.917 Y42.26
G1 F3600 X50.901 Y45.244 E0.07018
G1 X50.971 Y45.314
G0 F7200 X50.95 Y45.091
G0 X50.055 Y45.24
G0 X48.008 Y46.13
G0 X48.1 Y46.243
G1 F3600 X52.083 Y42.26 E0.09367
G1 X52.153 Y42.19
G0 F7200 X52.153 Y42.41
G0 X53.574 Y42.41
G0 X53.574 Y42.26
G1 F3600 X56.24 Y44.927 E0.06271
G1 X56.31 Y44.997
G0 F7200 X56.09 Y44.997
G0 X56.09 Y43.759
G0 X56.24 Y43.759
G1 F3600 X53.819 Y46.18 E0.05694
G1 X53.749 Y46.25
G0 F7200 X53.906 Y46.059
G0 X52.857 Y45.516
G0 X51.945 Y45.24
G0 X51 Y45.146
G0 X50.055 Y45.24
G0 X45.899 Y46.686
G0 X45.899 Y46.996
;TYPE:WALL-INNER
G1 F3600 X47.536 Y46.996 E0.02722
G1 X47.786 Y46.708 E0.00634
G1 X48.444 Y46.166 E0.01418
G1 X49.235 Y45.748 E0.01488
G1 X50.102 Y45.483 E0.01508
G1 X51.001 Y45.396 E0.01502
G1 X51.897 Y45.484 E0.01497
G1 X52.761 Y45.745 E0.01501
G1 X53.554 Y46.168 E0.01495
G1 X54.21 Y46.708 E0.01413
G1 X54.462 Y46.996 E0.00636
G1 X56.4 Y46.996 E0.03223
G1 X56.4 Y42.313 E0.07788
G1 X56.274 Y42.101 E0.0041
G1 X43.6 Y42.1 E0.21077
G1 X43.6 Y47.275 E0.08606
G1 X45.584 Y47.272 E0.03299
G1 X45.694 Y47.079 E0.00369
G1 X45.899 Y46.996 E0.00368
G0 F7200 X45.91 Y47.401
;TYPE:WALL-OUTER
G1 F1800 X47.725 Y47.396 E0.03018
G1 X48.04 Y47.017 E0.0082
G1 X48.652 Y46.513 E0.01318
G1 X49.409 Y46.112 E0.01425
G1 X50.196 Y45.876 E0.01366
G1 X51.02 Y45.8 E0.01376
G1 X51.8 Y45.876 E0.01303
G1 X52.627 Y46.127 E0.01437
G1 X53.344 Y46.513 E0.01354
G1 X53.956 Y47.017 E0.01318
G1 X54.274 Y47.396 E0.00823
G1 X56.8 Y47.396 E0.04201
G1 X56.8 Y42.262 E0.08538
G1 X56.635 Y41.879 E0.00694
G1 X56.356 Y41.701 E0.0055
G1 X43.2 Y41.7 E0.21879
G1 X43.2 Y47.377 E0.09441
G1 F1600 X43.25 Y47.876 E0.00938
G1 X43.499 Y47.676 E0.00598
G1 F1800 X45.8 Y47.672 E0.03827
G1 X45.8 Y47.596 E0.00126
G1 X45.91 Y47.401 E0.00372
G0 F7200 X46.11 Y47.401
G0 X46.11 Y47.086
G0 X43.48 Y47.396
G0 X43.25 Y47.876
G1 F1440 X43.25 Y48.402 E0.01093
G0 F7200 X44.093 Y46.665
G1 F1500 E-6.5
;MESH:NONMESH
G0 F600 X44.093 Y46.665 Z4.5
G0 F7200 X43.907 Y47.465
G0 X44.153 Y48.529
G0 X44.153 Y51.471
G0 X43.903 Y52.554
G0 X43.91 Y55.074
G0 X43.76 Y55.074
;TIME_ELAPSED:471.590352
;LAYER:42
;TYPE:FILL
;MESH:head.stl
G1 F1500 E6.5
G1 F3600 X46.426 Y57.74 E0.0627
G1 X46.496 Y57.81
G0 F7200 X46.496 Y57.59
G0 X47.916 Y57.59
G0 X47.916 Y57.74
G1 F3600 X50.909 Y54.747 E0.07039
G1 X50.979 Y54.677
G0 F7200 X50.956 Y54.909
G0 X50.055 Y54.76
G0 X47.988 Y53.854
G0 X48.083 Y53.74
G1 F3600 X52.083 Y57.74 E0.09407
G1 X52.153 Y57.81
G0 F7200 X52.153 Y57.59
G0 X53.573 Y57.59
G0 X53.573 Y57.74
G1 F3600 X56.24 Y55.073 E0.06272
G1 X56.31 Y55.003
G0 F7200 X56.09 Y55.003
G0 X56.09 Y56.24
G0 X56.24 Y56.24
G1 F3600 X53.818 Y53.818 E0.05696
G1 X53.748 Y53.748
G0 F7200 X53.906 Y53.941
G0 X52.857 Y54.484
G0 X51.945 Y54.76
G0 X51 Y54.854
G0 X50.055 Y54.76
G0 X46.807 Y53.343
G0 X46.808 Y53.191
G1 F3600 X43.76 Y56.239 E0.07168
G1 X43.69 Y56.309
G0 F7200 X43.91 Y56.309
G0 X51.92 Y54.823
G0 X51.891 Y54.513
;TYPE:WALL-INNER
G1 F3600 X51 Y54.596 E0.01488
G1 X50.103 Y54.513 E0.01498
G1 X49.236 Y54.253 E0.01505
G1 X48.443 Y53.829 E0.01495
G1 X47.786 Y53.288 E0.01415
G1 X47.561 Y53.032 E0.00567
G1 X45.903 Y53.032 E0.02757
G1 X45.709 Y52.958 E0.00345
G1 X45.605 Y52.78 E0.00343
G1 X43.6 Y52.78 E0.03334
G1 X43.6 Y57.9 E0.08515
G1 X56.272 Y57.9 E0.21074
G1 X56.4 Y57.683 E0.00419
G1 X56.4 Y53.032 E0.07735
G1 X54.435 Y53.032 E0.03268
G1 X54.21 Y53.288 E0.00567
G1 X53.553 Y53.829 E0.01415
G1 X52.761 Y54.255 E0.01496
G1 X51.891 Y54.513 E0.01509
G0 F7200 X51.8 Y54.12
;TYPE:WALL-OUTER
G1 F1800 X50.98 Y54.196 E0.0137
G1 X50.196 Y54.12 E0.0131
G1 X49.373 Y53.873 E0.01429
G1 X48.652 Y53.483 E0.01363
G1 X48.013 Y52.952 E0.01382
G1 X47.749 Y52.632 E0.0069
G1 X45.914 Y52.627 E0.03052
G1 X45.8 Y52.38 E0.00452
G1 X43.5 Y52.38 E0.03825
G1 F1589.4 X43.251 Y52.223 E0.00554
G1 X43.2 Y52.68 E0.00866
G1 F1800 X43.2 Y58.3 E0.09346
G1 X56.354 Y58.3 E0.21875
G1 X56.635 Y58.12 E0.00555
G1 X56.8 Y57.734 E0.00698
G1 X56.8 Y52.632 E0.08485
G1 X54.247 Y52.632 E0.04246
G1 X53.956 Y52.979 E0.00753
G1 X53.311 Y53.505 E0.01384
G1 X52.627 Y53.873 E0.01292
G1 X51.8 Y54.12 E0.01435
G0 F7200 X51.601 Y54.138
G0 X51.67 Y54.848
G0 X43.48 Y52.663
G0 X43.251 Y52.223
G1 F1431.4 X43.25 Y51.642 E0.01215
G0 F7200 X44.21 Y53.275
G1 F1500 E-6.5
G0 F7200 X45.576 Y52.606
G0 X45.575 Y51.518
G0 X45.576 Y48.483
G0 X45.576 Y47.143
G0 X46.803 Y46.656
G0 X46.803 Y46.803
;TYPE:FILL
G1 F1500 E6.5
G1 F3600 X43.76 Y43.76 E0.07157
G1 X43.69 Y43.69
G0 F7200 X43.91 Y43.69
G0 X43.91 Y44.925
G0 X43.76 Y44.925
G1 F3600 X46.426 Y42.26 E0.06269
G1 X46.496 Y42.19
G0 F7200 X46.496 Y42.41
G0 X47.917 Y42.41
G0 X47.917 Y42.26
G1 F3600 X50.901 Y45.244 E0.07018
G1 X50.971 Y45.314
G0 F7200 X50.95 Y45.091
G0 X50.055 Y45.24
G0 X48.008 Y46.129
G0 X48.1 Y46.242
G1 F3600 X52.083 Y42.26 E0.09366
G1 X52.153 Y42.19
G0 F7200 X52.153 Y42.41
G0 X53.574 Y42.41
G0 X53.574 Y42.26
G1 F3600 X56.24 Y44.926 E0.0627
G1 X56.31 Y44.996
G0 F7200 X56.09 Y44.996
G0 X56.09 Y43.759
G0 X56.24 Y43.759
G1 F3600 X53.819 Y46.18 E0.05694
G1 X53.749 Y46.25
G0 F7200 X53.906 Y46.059
G0 X52.857 Y45.516
G0 X51.945 Y45.24
G0 X51 Y45.146
G0 X50.055 Y45.24
G0 X45.903 Y46.656
G0 X45.903 Y46.964
;TYPE:WALL-INNER
G1 F3600 X47.561 Y46.964 E0.02757
G1 X47.786 Y46.708 E0.00567
G1 X48.444 Y46.166 E0.01418
G1 X49.235 Y45.748 E0.01488
G1 X50.102 Y45.483 E0.01508
G1 X51.001 Y45.396 E0.01502
G1 X51.897 Y45.484 E0.01497
G1 X52.761 Y45.745 E0.01501
G1 X53.554 Y46.168 E0.01495
G1 X54.21 Y46.708 E0.01413
G1 X54.435 Y46.964 E0.00567
G1 X56.4 Y46.964 E0.03268
G1 X56.4 Y42.313 E0.07735
G1 X56.274 Y42.101 E0.0041
G1 X43.6 Y42.1 E0.21077
G1 X43.6 Y47.216 E0.08508
G1 X45.605 Y47.216 E0.03334
G1 X45.709 Y47.038 E0.00343
G1 X45.903 Y46.964 E0.00345
G0 F7200 X45.914 Y47.369
;TYPE:WALL-OUTER
G1 F1800 X47.749 Y47.364 E0.03052
G1 X48.04 Y47.017 E0.00753
G1 X48.652 Y46.513 E0.01318
G1 X49.409 Y46.112 E0.01425
G1 X50.196 Y45.876 E0.01366
G1 X51.02 Y45.8 E0.01376
G1 X51.8 Y45.876 E0.01303
G1 X52.627 Y46.127 E0.01437
G1 X53.344 Y46.513 E0.01354
G1 X53.983 Y47.044 E0.01382
G1 X54.247 Y47.364 E0.0069
G1 X56.8 Y47.364 E0.04246
G1 X56.8 Y42.262 E0.08485
G1 X56.635 Y41.879 E0.00694
G1 X56.356 Y41.701 E0.0055
G1 X43.2 Y41.7 E0.21879
G1 X43.2 Y47.316 E0.09339
G1 F1600 X43.25 Y47.816 E0.0094
G1 X43.5 Y47.616 E0.00599
G1 F1800 X45.8 Y47.616 E0.03825
G1 X45.914 Y47.369 E0.00452
G0 F7200 X46.114 Y47.369
G0 X46.114 Y46.656
G0 X43.48 Y47.338
G0 X43.25 Y47.816
G1 F1440 X43.25 Y48.354 E0.01118
G0 F7200 X44.092 Y46.608
G1 F1500 E-6.5
;MESH:NONMESH
G0 F600 X44.092 Y46.608 Z4.6
G0 F7200 X43.91 Y47.388
G0 X44.153 Y48.471
G0 X44.153 Y51.53
G0 X43.912 Y52.593
G0 X43.91 Y55.074
G0 X43.76 Y55.074
;TIME_ELAPSED:479.134087
;LAYER:43
;TYPE:FILL
;MESH:head.stl
G1 F1500 E6.5
G1 F3600 X46.426 Y57.74 E0.0627
G1 X46.496 Y57.81
G0 F7200 X46.496 Y57.59
G0 X47.916 Y57.59
G0 X47.916 Y57.74
G1 F3600 X50.909 Y54.747 E0.07039
G1 X50.979 Y54.677
G0 F7200 X50.956 Y54.909
G0 X50.055 Y54.76
G0 X47.991 Y53.856
G0 X48.085 Y53.742
G1 F3600 X52.083 Y57.74 E0.09403
G1 X52.153 Y57.81
G0 F7200 X52.153 Y57.59
G0 X53.573 Y57.59
G0 X53.573 Y57.74
G1 F3600 X56.24 Y55.073 E0.06272
G1 X56.31 Y55.003
G0 F7200 X56.09 Y55.003
G0 X56.09 Y56.24
G0 X56.24 Y56.24
G1 F3600 X53.819 Y53.819 E0.05694
G1 X53.749 Y53.749
G0 F7200 X53.906 Y53.941
G0 X52.857 Y54.484
G0 X51.945 Y54.76
G0 X51 Y54.854
G0 X50.055 Y54.76
G0 X46.783 Y53.366
G0 X46.783 Y53.216
G1 F3600 X43.76 Y56.239 E0.0711
G1 X43.69 Y56.309
G0 F7200 X43.91 Y56.309
G0 X51.92 Y54.823
G0 X51.891 Y54.513
;TYPE:WALL-INNER
G1 F3600 X51 Y54.596 E0.01488
G1 X50.103 Y54.513 E0.01498
G1 X49.236 Y54.253 E0.01505
G1 X48.443 Y53.829 E0.01495
G1 X47.79 Y53.292 E0.01406
G1 X47.581 Y53.056 E0.00524
G1 X46 Y53.056 E0.02629
G1 X45.733 Y52.994 E0.00456
G1 X45.638 Y52.84 E0.00301
G1 X43.6 Y52.84 E0.03389
G1 X43.6 Y57.9 E0.08415
G1 X56.272 Y57.9 E0.21074
G1 X56.4 Y57.683 E0.00419
G1 X56.4 Y53.056 E0.07695
G1 X54.417 Y53.056 E0.03298
G1 X54.208 Y53.293 E0.00525
G1 X53.55 Y53.831 E0.01413
G1 X52.761 Y54.255 E0.0149
G1 X51.891 Y54.513 E0.01509
G0 F7200 X51.8 Y54.12
;TYPE:WALL-OUTER
G1 F1800 X50.98 Y54.196 E0.0137
G1 X50.196 Y54.12 E0.0131
G1 X49.373 Y53.873 E0.01429
G1 X48.652 Y53.483 E0.01363
G1 X48.017 Y52.956 E0.01372
G1 X47.769 Y52.656 E0.00647
G1 X45.922 Y52.656 E0.03072
G1 X45.8 Y52.44 E0.00413
G1 X43.5 Y52.44 E0.03825
G1 F1589.4 X43.251 Y52.283 E0.00554
G1 X43.2 Y52.74 E0.00866
G1 F1800 X43.2 Y58.3 E0.09246
G1 X56.354 Y58.3 E0.21875
G1 X56.635 Y58.12 E0.00555
G1 X56.8 Y57.734 E0.00698
G1 X56.8 Y52.656 E0.08445
G1 X54.227 Y52.656 E0.04279
G1 X53.955 Y52.983 E0.00707
G1 X53.311 Y53.505 E0.01379
G1 X52.627 Y53.873 E0.01292
G1 X51.8 Y54.12 E0.01435
G0 F7200 X51.601 Y54.138
G0 X51.67 Y54.848
G0 X43.48 Y52.721
G0 X43.251 Y52.283
G1 F1431.4 X43.25 Y51.674 E0.01274
G0 F7200 X44.21 Y53.333
G1 F1500 E-6.5
G0 F7200 X45.576 Y52.664
G0 X45.575 Y51.576
G0 X45.577 Y48.424
G0 X45.576 Y47.121
G0 X46.784 Y46.634
G0 X46.784 Y46.784
;TYPE:FILL
G1 F1500 E6.5
G1 F3600 X43.76 Y43.76 E0.07112
G1 X43.69 Y43.69
G0 F7200 X43.91 Y43.69
G0 X43.91 Y44.925
G0 X43.761 Y44.925
G1 F3600 X46.426 Y42.26 E0.06268
G1 X46.496 Y42.19
G0 F7200 X46.496 Y42.41
G0 X47.917 Y42.41
G0 X47.917 Y42.26
G1 F3600 X50.901 Y45.244 E0.07018
G1 X50.971 Y45.314
G0 F7200 X50.95 Y45.091
G0 X50.055 Y45.24
G0 X47.988 Y46.146
G0 X48.081 Y46.261
G1 F3600 X52.083 Y42.26 E0.09411
G1 X52.153 Y42.19
G0 F7200 X52.153 Y42.41
G0 X53.574 Y42.41
G0 X53.574 Y42.26
G1 F3600 X56.24 Y44.926 E0.0627
G1 X56.31 Y44.996
G0 F7200 X56.09 Y44.996
G0 X56.09 Y43.759
G0 X56.24 Y43.759
G1 F3600 X53.819 Y46.18 E0.05694
G1 X53.749 Y46.25
G0 F7200 X53.906 Y46.059
G0 X52.857 Y45.516
G0 X51.945 Y45.24
G0 X51 Y45.146
G0 X50.055 Y45.24
G0 X46 Y46.634
G0 X46 Y46.944
;TYPE:WALL-INNER
G1 F3600 X47.581 Y46.944 E0.02629
G1 X47.789 Y46.71 E0.00521
G1 X48.447 Y46.164 E0.01422
G1 X49.235 Y45.748 E0.01482
G1 X50.102 Y45.483 E0.01508
G1 X51.001 Y45.396 E0.01502
G1 X51.897 Y45.484 E0.01497
G1 X52.761 Y45.745 E0.01501
G1 X53.554 Y46.168 E0.01495
G1 X54.21 Y46.708 E0.01413
G1 X54.417 Y46.944 E0.00522
G1 X56.4 Y46.944 E0.03298
G1 X56.4 Y42.313 E0.07701
G1 X56.274 Y42.101 E0.0041
G1 X43.6 Y42.1 E0.21077
G1 X43.601 Y47.159 E0.08413
G1 X45.641 Y47.156 E0.03393
G1 X45.735 Y47.005 E0.00296
G1 X46 Y46.944 E0.00452
G0 F7200 X45.923 Y47.344
;TYPE:WALL-OUTER
G1 F1800 X47.769 Y47.344 E0.0307
G1 X48.017 Y47.044 E0.00647
G1 X48.686 Y46.491 E0.01443
G1 X49.409 Y46.112 E0.01358
G1 X50.196 Y45.876 E0.01366
G1 X51.02 Y45.8 E0.01376
G1 X51.8 Y45.876 E0.01303
G1 X52.627 Y46.127 E0.01437
G1 X53.344 Y46.513 E0.01354
G1 X53.956 Y47.017 E0.01318
G1 X54.227 Y47.344 E0.00706
G1 X56.8 Y47.344 E0.04279
G1 X56.8 Y42.262 E0.08451
G1 X56.635 Y41.879 E0.00694
G1 X56.356 Y41.701 E0.0055
G1 X43.2 Y41.7 E0.21879
G1 X43.2 Y47.261 E0.09248
G1 F1600 X43.25 Y47.76 E0.00938
G1 X43.499 Y47.56 E0.00598
G1 F1800 X45.8 Y47.556 E0.03827
G1 X45.923 Y47.344 E0.00408
G0 F7200 X46.123 Y47.344
G0 X46.123 Y46.634
G0 X43.48 Y47.28
G0 X43.25 Y47.76
G1 F1440 X43.25 Y48.326 E0.01177
G0 F7200 X44.093 Y46.549
G1 F1500 E-6.5
;MESH:NONMESH
G0 F600 X44.093 Y46.549 Z4.7
G0 F7200 X43.907 Y47.349
G0 X44.153 Y48.413
G0 X44.153 Y51.588
G0 X43.909 Y52.651
G0 X43.91 Y55.074
G0 X43.76 Y55.074
;TIME_ELAPSED:486.668449
;LAYER:44
;TYPE:FILL
;MESH:head.stl
G1 F1500 E6.5
G1 F3600 X46.426 Y57.74 E0.0627
G1 X46.496 Y57.81
G0 F7200 X46.496 Y57.59
G0 X47.916 Y57.59
G0 X47.916 Y57.74
G1 F3600 X50.909 Y54.747 E0.07039
G1 X50.979 Y54.677
G0 F7200 X50.956 Y54.909
G0 X50.055 Y54.76
G0 X47.991 Y53.856
G0 X48.085 Y53.742
G1 F3600 X52.083 Y57.74 E0.09403
G1 X52.153 Y57.81
G0 F7200 X52.153 Y57.59
G0 X53.573 Y57.59
G0 X53.573 Y57.74
G1 F3600 X56.24 Y55.073 E0.06272
G1 X56.31 Y55.003
G0 F7200 X56.09 Y55.003
G0 X56.09 Y56.24
G0 X56.24 Y56.24
G1 F3600 X53.819 Y53.819 E0.05694
G1 X53.749 Y53.749
G0 F7200 X53.906 Y53.941
G0 X52.857 Y54.484
G0 X51.945 Y54.76
G0 X51 Y54.854
G0 X50.055 Y54.76
G0 X46.775 Y53.376
G0 X46.775 Y53.224
G1 F3600 X43.76 Y56.239 E0.07091
G1 X43.69 Y56.309
G0 F7200 X43.91 Y56.309
G0 X51.92 Y54.823
G0 X51.891 Y54.513
;TYPE:WALL-INNER
G1 F3600 X51 Y54.596 E0.01488
G1 X50.103 Y54.513 E0.01498
G1 X49.236 Y54.253 E0.01505
G1 X48.443 Y53.829 E0.01495
G1 X47.79 Y53.292 E0.01406
G1 X47.588 Y53.064 E0.00507
G1 X46 Y53.064 E0.02641
G1 X45.768 Y53.018 E0.00393
G1 X45.687 Y52.896 E0.00244
G1 X43.6 Y52.896 E0.03471
G1 X43.6 Y57.9 E0.08322
G1 X56.272 Y57.9 E0.21074
G1 X56.4 Y57.683 E0.00419
G1 X56.4 Y53.064 E0.07681
G1 X54.41 Y53.064 E0.03309
G1 X54.208 Y53.293 E0.00508
G1 X53.55 Y53.831 E0.01413
G1 X52.761 Y54.255 E0.0149
G1 X51.891 Y54.513 E0.01509
G0 F7200 X51.8 Y54.12
;TYPE:WALL-OUTER
G1 F1800 X50.98 Y54.196 E0.0137
G1 X50.196 Y54.12 E0.0131
G1 X49.373 Y53.873 E0.01429
G1 X48.652 Y53.483 E0.01363
G1 X48.017 Y52.956 E0.01372
G1 X47.777 Y52.664 E0.00629
G1 X45.932 Y52.664 E0.03068
G1 X45.821 Y52.496 E0.00335
G1 X43.5 Y52.496 E0.0386
G1 F1589.4 X43.251 Y52.339 E0.00554
G1 X43.2 Y52.796 E0.00866
G1 F1800 X43.2 Y58.3 E0.09153
G1 X56.354 Y58.3 E0.21875
G1 X56.635 Y58.12 E0.00555
G1 X56.8 Y57.734 E0.00698
G1 X56.8 Y52.664 E0.08431
G1 X54.22 Y52.664 E0.04291
G1 X53.984 Y52.955 E0.00623
G1 X53.311 Y53.505 E0.01445
G1 X52.627 Y53.873 E0.01292
G1 X51.8 Y54.12 E0.01435
G0 F7200 X51.601 Y54.138
G0 X51.67 Y54.848
G0 X43.48 Y52.779
G0 X43.251 Y52.339
G1 F1431.4 X43.25 Y51.702 E0.01332
G0 F7200 X44.21 Y53.391
G1 F1500 E-6.5
G0 F7200 X45.576 Y52.722
G0 X45.575 Y51.634
G0 X45.577 Y48.366
G0 X45.576 Y47.111
G0 X46.772 Y46.624
G0 X46.772 Y46.772
;TYPE:FILL
G1 F1500 E6.5
G1 F3600 X43.76 Y43.76 E0.07084
G1 X43.69 Y43.69
G0 F7200 X43.91 Y43.69
G0 X43.91 Y44.925
G0 X43.76 Y44.925
G1 F3600 X46.426 Y42.26 E0.06269
G1 X46.496 Y42.19
G0 F7200 X46.496 Y42.41
G0 X47.917 Y42.41
G0 X47.917 Y42.26
G1 F3600 X50.901 Y45.244 E0.07018
G1 X50.971 Y45.314
G0 F7200 X50.95 Y45.091
G0 X50.055 Y45.24
G0 X47.988 Y46.146
G0 X48.081 Y46.261
G1 F3600 X52.083 Y42.26 E0.09411
G1 X52.153 Y42.19
G0 F7200 X52.153 Y42.41
G0 X53.574 Y42.41
G0 X53.574 Y42.26
G1 F3600 X56.24 Y44.926 E0.0627
G1 X56.31 Y44.996
G0 F7200 X56.09 Y44.996
G0 X56.09 Y43.759
G0 X56.24 Y43.759
G1 F3600 X53.819 Y46.18 E0.05694
G1 X53.749 Y46.25
G0 F7200 X53.906 Y46.059
G0 X52.857 Y45.516
G0 X51.945 Y45.24
G0 X51 Y45.146
G0 X50.055 Y45.24
G0 X46 Y46.624
G0 X46 Y46.932
;TYPE:WALL-INNER
G1 F3600 X47.59 Y46.932 E0.02644
G1 X47.789 Y46.71 E0.00496
G1 X48.447 Y46.164 E0.01422
G1 X49.235 Y45.748 E0.01482
G1 X50.102 Y45.483 E0.01508
G1 X51.001 Y45.396 E0.01502
G1 X51.897 Y45.484 E0.01497
G1 X52.761 Y45.745 E0.01501
G1 X53.554 Y46.168 E0.01495
G1 X54.21 Y46.708 E0.01413
G1 X54.41 Y46.932 E0.00499
G1 X56.4 Y46.932 E0.03309
G1 X56.4 Y42.313 E0.07681
G1 X56.274 Y42.101 E0.0041
G1 X43.6 Y42.1 E0.21077
G1 X43.6 Y47.1 E0.08315
G1 X45.687 Y47.1 E0.03471
G1 X45.768 Y46.978 E0.00244
G1 X46 Y46.932 E0.00393
G0 F7200 X45.932 Y47.332
;TYPE:WALL-OUTER
G1 F1800 X47.778 Y47.332 E0.0307
G1 X48.018 Y47.043 E0.00625
G1 X48.686 Y46.491 E0.01441
G1 X49.409 Y46.112 E0.01358
G1 X50.196 Y45.876 E0.01366
G1 X51.02 Y45.8 E0.01376
G1 X51.8 Y45.876 E0.01303
G1 X52.627 Y46.127 E0.01437
G1 X53.344 Y46.513 E0.01354
G1 X53.982 Y47.043 E0.01379
G1 X54.222 Y47.332 E0.00625
G1 X56.8 Y47.332 E0.04287
G1 X56.8 Y42.262 E0.08431
G1 X56.635 Y41.879 E0.00694
G1 X56.356 Y41.701 E0.0055
G1 X43.2 Y41.7 E0.21879
G1 X43.2 Y47.2 E0.09147
G1 F1600 X43.25 Y47.7 E0.0094
G1 X43.5 Y47.5 E0.00599
G1 F1800 X45.821 Y47.5 E0.0386
G1 X45.932 Y47.332 E0.00335
G0 F7200 X46.132 Y47.332
G0 X46.132 Y46.624
G0 X43.48 Y47.222
G0 X43.25 Y47.7
G1 F1440 X43.25 Y48.294 E0.01235
G0 F7200 X44.093 Y46.491
G1 F1500 E-6.5
;MESH:NONMESH
G0 F600 X44.093 Y46.491 Z4.8
G0 F7200 X43.907 Y47.291
G0 X44.153 Y48.355
G0 X44.153 Y51.646
G0 X43.909 Y52.709
G0 X43.91 Y55.072
G0 X43.759 Y55.072
;TIME_ELAPSED:494.192860
;LAYER:45
;TYPE:FILL
;MESH:head.stl
G1 F1500 E6.5
G1 F3600 X46.426 Y57.74 E0.06274
G1 X46.496 Y57.81
G0 F7200 X46.496 Y57.59
G0 X47.916 Y57.59
G0 X47.916 Y57.74
G1 F3600 X50.909 Y54.747 E0.07039
G1 X50.979 Y54.677
G0 F7200 X50.956 Y54.909
G0 X50.055 Y54.76
G0 X47.989 Y53.854
G0 X48.083 Y53.74
G1 F3600 X52.083 Y57.74 E0.09407
G1 X52.153 Y57.81
G0 F7200 X52.153 Y57.59
G0 X53.573 Y57.59
G0 X53.573 Y57.74
G1 F3600 X56.24 Y55.073 E0.06272
G1 X56.31 Y55.003
G0 F7200 X56.09 Y55.003
G0 X56.09 Y56.24
G0 X56.24 Y56.24
G1 F3600 X53.818 Y53.818 E0.05696
G1 X53.748 Y53.748
G0 F7200 X53.906 Y53.941
G0 X52.857 Y54.484
G0 X51.945 Y54.76
G0 X51 Y54.854
G0 X50.055 Y54.76
G0 X46.763 Y53.386
G0 X46.763 Y53.236
G1 F3600 X43.76 Y56.239 E0.07063
G1 X43.69 Y56.309
G0 F7200 X43.91 Y56.309
G0 X51.92 Y54.823
G0 X51.891 Y54.513
;TYPE:WALL-INNER
G1 F3600 X51 Y54.596 E0.01488
G1 X50.103 Y54.513 E0.01498
G1 X49.236 Y54.253 E0.01505
G1 X48.443 Y53.829 E0.01495
G1 X47.786 Y53.288 E0.01415
G1 X47.597 Y53.076 E0.00472
G1 X46 Y53.076 E0.02656
G1 X45.805 Y53.044 E0.00329
G1 X45.739 Y52.953 E0.00187
G1 X43.599 Y52.955 E0.03559
G1 X43.6 Y57.9 E0.08224
G1 X56.272 Y57.9 E0.21074
G1 X56.4 Y57.683 E0.00419
G1 X56.4 Y53.076 E0.07661
G1 X54.399 Y53.076 E0.03328
G1 X54.21 Y53.288 E0.00472
G1 X53.553 Y53.829 E0.01415
G1 X52.761 Y54.255 E0.01496
G1 X51.891 Y54.513 E0.01509
G0 F7200 X51.8 Y54.12
;TYPE:WALL-OUTER
G1 F1800 X50.98 Y54.196 E0.0137
G1 X50.196 Y54.12 E0.0131
G1 X49.373 Y53.873 E0.01429
G1 X48.652 Y53.483 E0.01363
G1 X48.013 Y52.952 E0.01382
G1 X47.785 Y52.676 E0.00595
G1 X45.942 Y52.676 E0.03065
G1 X45.854 Y52.553 E0.00252
G1 X43.501 Y52.556 E0.03913
G1 F1589.4 X43.251 Y52.399 E0.00556
G1 X43.2 Y52.857 E0.00868
G1 F1800 X43.2 Y58.3 E0.09052
G1 X56.354 Y58.3 E0.21875
G1 X56.635 Y58.12 E0.00555
G1 X56.8 Y57.734 E0.00698
G1 X56.8 Y52.676 E0.08411
G1 X54.211 Y52.676 E0.04306
G1 X53.956 Y52.979 E0.00659
G1 X53.311 Y53.505 E0.01384
G1 X52.627 Y53.873 E0.01292
G1 X51.8 Y54.12 E0.01435
G0 F7200 X51.601 Y54.138
G0 X51.67 Y54.848
G0 X43.48 Y52.836
G0 X43.251 Y52.399
G1 F1431.4 X43.25 Y51.726 E0.01407
G0 F7200 X44.21 Y53.448
G1 F1500 E-6.5
G0 F7200 X45.576 Y52.779
G0 X45.575 Y51.691
G0 X45.577 Y48.309
G0 X45.576 Y47.101
G0 X46.764 Y46.614
G0 X46.764 Y46.764
;TYPE:FILL
G1 F1500 E6.5
G1 F3600 X43.76 Y43.76 E0.07065
G1 X43.69 Y43.69
G0 F7200 X43.91 Y43.69
G0 X43.91 Y44.925
G0 X43.76 Y44.925
G1 F3600 X46.426 Y42.26 E0.06269
G1 X46.496 Y42.19
G0 F7200 X46.496 Y42.41
G0 X47.917 Y42.41
G0 X47.917 Y42.26
G1 F3600 X50.901 Y45.244 E0.07018
G1 X50.971 Y45.314
G0 F7200 X50.95 Y45.091
G0 X50.055 Y45.24
G0 X48.008 Y46.129
G0 X48.1 Y46.242
G1 F3600 X52.083 Y42.26 E0.09366
G1 X52.153 Y42.19
G0 F7200 X52.153 Y42.41
G0 X53.574 Y42.41
G0 X53.574 Y42.26
G1 F3600 X56.24 Y44.927 E0.06271
G1 X56.31 Y44.997
G0 F7200 X56.09 Y44.997
G0 X56.09 Y43.759
G0 X56.24 Y43.759
G1 F3600 X53.819 Y46.18 E0.05694
G1 X53.749 Y46.25
G0 F7200 X53.906 Y46.059
G0 X52.857 Y45.516
G0 X51.945 Y45.24
G0 X51 Y45.146
G0 X50.055 Y45.24
G0 X46 Y46.614
G0 X46 Y46.924
;TYPE:WALL-INNER
G1 F3600 X47.595 Y46.924 E0.02652
G1 X47.786 Y46.708 E0.0048
G1 X48.444 Y46.166 E0.01418
G1 X49.235 Y45.748 E0.01488
G1 X50.102 Y45.483 E0.01508
G1 X51.001 Y45.396 E0.01502
G1 X51.897 Y45.484 E0.01497
G1 X52.761 Y45.745 E0.01501
G1 X53.554 Y46.168 E0.01495
G1 X54.21 Y46.708 E0.01413
G1 X54.402 Y46.924 E0.00481
G1 X56.4 Y46.924 E0.03323
G1 X56.4 Y42.313 E0.07668
G1 X56.274 Y42.101 E0.0041
G1 X43.6 Y42.1 E0.21077
G1 X43.6 Y47.044 E0.08222
G1 X45.744 Y47.044 E0.03565
G1 X45.807 Y46.955 E0.00181
G1 X46 Y46.924 E0.00325
G0 F7200 X45.942 Y47.324
;TYPE:WALL-OUTER
G1 F1800 X47.785 Y47.324 E0.03065
G1 X48.04 Y47.017 E0.00664
G1 X48.652 Y46.513 E0.01318
G1 X49.409 Y46.112 E0.01425
G1 X50.196 Y45.876 E0.01366
G1 X51.02 Y45.8 E0.01376
G1 X51.8 Y45.876 E0.01303
G1 X52.627 Y46.127 E0.01437
G1 X53.344 Y46.513 E0.01354
G1 X53.956 Y47.017 E0.01318
G1 X54.214 Y47.324 E0.00667
G1 X56.8 Y47.324 E0.04301
G1 X56.8 Y42.262 E0.08418
G1 X56.635 Y41.879 E0.00694
G1 X56.356 Y41.701 E0.0055
G1 X43.2 Y41.7 E0.21879
G1 X43.2 Y47.144 E0.09053
G1 F1600 X43.25 Y47.644 E0.0094
G1 X43.5 Y47.444 E0.00599
G1 F1800 X45.857 Y47.444 E0.0392
G1 X45.942 Y47.324 E0.00245
G0 F7200 X46.142 Y47.324
G0 X46.142 Y46.614
G0 X43.48 Y47.165
G0 X43.25 Y47.644
G1 F1440 X43.25 Y48.274 E0.0131
G0 F7200 X44.093 Y46.434
G1 F1500 E-6.5
;MESH:NONMESH
G0 F600 X44.093 Y46.434 Z4.9
G0 F7200 X43.907 Y47.234
G0 X44.153 Y48.298
G0 X44.153 Y51.703
G0 X43.909 Y52.766
G0 X43.91 Y55.074
G0 X43.76 Y55.074
;TIME_ELAPSED:501.708009
;LAYER:46
;TYPE:FILL
;MESH:head.stl
G1 F1500 E6.5
G1 F3600 X46.426 Y57.74 E0.0627
G1 X46.496 Y57.81
G0 F7200 X46.496 Y57.59
G0 X47.916 Y57.59
G0 X47.916 Y57.74
G1 F3600 X50.909 Y54.747 E0.07039
G1 X50.979 Y54.677
G0 F7200 X50.956 Y54.909
G0 X50.055 Y54.76
G0 X47.989 Y53.854
G0 X48.083 Y53.74
G1 F3600 X52.083 Y57.74 E0.09407
G1 X52.153 Y57.81
G0 F7200 X52.153 Y57.59
G0 X53.573 Y57.59
G0 X53.573 Y57.74
G1 F3600 X56.24 Y55.073 E0.06272
G1 X56.31 Y55.003
G0 F7200 X56.09 Y55.003
G0 X56.09 Y56.24
G0 X56.24 Y56.24
G1 F3600 X53.818 Y53.818 E0.05696
G1 X53.748 Y53.748
G0 F7200 X53.906 Y53.941
G0 X52.857 Y54.484
G0 X51.945 Y54.76
G0 X51 Y54.854
G0 X50.055 Y54.76
G0 X46.755 Y53.396
G0 X46.755 Y53.244
G1 F3600 X43.76 Y56.239 E0.07044
G1 X43.69 Y56.309
G0 F7200 X43.91 Y56.309
G0 X51.92 Y54.823
G0 X51.891 Y54.513
;TYPE:WALL-INNER
G1 F3600 X51 Y54.596 E0.01488
G1 X50.103 Y54.513 E0.01498
G1 X49.236 Y54.253 E0.01505
G1 X48.443 Y53.829 E0.01495
G1 X47.786 Y53.288 E0.01415
G1 X47.605 Y53.084 E0.00454
G1 X45.867 Y53.084 E0.0289
G1 X45.812 Y53.012 E0.00151
G1 X43.6 Y53.012 E0.03679
G1 X43.6 Y57.9 E0.08129
G1 X56.272 Y57.9 E0.21074
G1 X56.4 Y57.683 E0.00419
G1 X56.4 Y53.084 E0.07648
G1 X54.391 Y53.084 E0.03341
G1 X54.21 Y53.288 E0.00454
G1 X53.553 Y53.829 E0.01415
G1 X52.761 Y54.255 E0.01496
G1 X51.891 Y54.513 E0.01509
G0 F7200 X51.8 Y54.12
;TYPE:WALL-OUTER
G1 F1800 X50.98 Y54.196 E0.0137
G1 X50.196 Y54.12 E0.0131
G1 X49.373 Y53.873 E0.01429
G1 X48.652 Y53.483 E0.01363
G1 X48.013 Y52.952 E0.01382
G1 X47.793 Y52.684 E0.00577
G1 X45.951 Y52.679 E0.03063
G1 X45.899 Y52.612 E0.00141
G1 X43.5 Y52.612 E0.0399
G1 F1589.4 X43.251 Y52.455 E0.00554
G1 X43.2 Y52.912 E0.00866
G1 F1800 X43.2 Y58.3 E0.0896
G1 X56.354 Y58.3 E0.21875
G1 X56.635 Y58.12 E0.00555
G1 X56.8 Y57.734 E0.00698
G1 X56.8 Y52.684 E0.08398
G1 X54.203 Y52.684 E0.04319
G1 X53.956 Y52.979 E0.0064
G1 X53.311 Y53.505 E0.01384
G1 X52.627 Y53.873 E0.01292
G1 X51.8 Y54.12 E0.01435
G0 F7200 X51.601 Y54.138
G0 X51.67 Y54.848
G0 X43.48 Y52.894
G0 X43.251 Y52.455
G1 F1431.4 X43.25 Y51.734 E0.01508
G0 F7200 X44.21 Y53.506
G1 F1500 E-6.5
G0 F7200 X45.576 Y52.837
G0 X45.575 Y51.749
G0 X45.577 Y48.251
G0 X45.576 Y47.091
G0 X46.752 Y46.604
G0 X46.752 Y46.752
;TYPE:FILL
G1 F1500 E6.5
G1 F3600 X43.76 Y43.76 E0.07037
G1 X43.69 Y43.69
G0 F7200 X43.91 Y43.69
G0 X43.91 Y44.925
G0 X43.76 Y44.925
G1 F3600 X46.426 Y42.26 E0.06269
G1 X46.496 Y42.19
G0 F7200 X46.496 Y42.41
G0 X47.917 Y42.41
G0 X47.917 Y42.26
G1 F3600 X50.901 Y45.244 E0.07018
G1 X50.971 Y45.314
G0 F7200 X50.95 Y45.091
G0 X50.055 Y45.24
G0 X48.008 Y46.129
G0 X48.1 Y46.242
G1 F3600 X52.083 Y42.26 E0.09366
G1 X52.153 Y42.19
G0 F7200 X52.153 Y42.41
G0 X53.574 Y42.41
G0 X53.574 Y42.26
G1 F3600 X56.24 Y44.926 E0.0627
G1 X56.31 Y44.996
G0 F7200 X56.09 Y44.996
G0 X56.09 Y43.759
G0 X56.24 Y43.759
G1 F3600 X53.819 Y46.18 E0.05694
G1 X53.749 Y46.25
G0 F7200 X53.906 Y46.059
G0 X52.857 Y45.516
G0 X51.945 Y45.24
G0 X51 Y45.146
G0 X50.15 Y45.231
G0 X45.867 Y46.604
G0 X45.867 Y46.912
;TYPE:WALL-INNER
G1 F3600 X47.605 Y46.912 E0.0289
G1 X47.786 Y46.708 E0.00454
G1 X48.444 Y46.166 E0.01418
G1 X49.235 Y45.748 E0.01488
G1 X50.102 Y45.483 E0.01508
G1 X51.001 Y45.396 E0.01502
G1 X51.897 Y45.484 E0.01497
G1 X52.761 Y45.745 E0.01501
G1 X53.554 Y46.168 E0.01495
G1 X54.21 Y46.708 E0.01413
G1 X54.393 Y46.912 E0.00456
G1 X56.4 Y46.912 E0.03338
G1 X56.4 Y42.313 E0.07648
G1 X56.274 Y42.101 E0.0041
G1 X43.6 Y42.1 E0.21077
G1 X43.6 Y46.984 E0.08122
G1 X45.812 Y46.984 E0.03679
G1 X45.867 Y46.912 E0.00151
G0 F7200 X45.951 Y47.317
;TYPE:WALL-OUTER
G1 F1800 X47.793 Y47.312 E0.03063
G1 X48.04 Y47.017 E0.0064
G1 X48.652 Y46.513 E0.01318
G1 X49.409 Y46.112 E0.01425
G1 X50.196 Y45.876 E0.01366
G1 X51.02 Y45.8 E0.01376
G1 X51.8 Y45.876 E0.01303
G1 X52.627 Y46.127 E0.01437
G1 X53.344 Y46.513 E0.01354
G1 X53.982 Y47.043 E0.01379
G1 X54.206 Y47.312 E0.00582
G1 X56.8 Y47.312 E0.04314
G1 X56.8 Y42.262 E0.08398
G1 X56.635 Y41.879 E0.00694
G1 X56.356 Y41.701 E0.0055
G1 X43.2 Y41.7 E0.21879
G1 X43.2 Y47.084 E0.08954
G1 F1600 X43.25 Y47.584 E0.0094
G1 X43.5 Y47.384 E0.00599
G1 F1800 X45.899 Y47.384 E0.0399
G1 X45.951 Y47.317 E0.00141
G0 F7200 X46.151 Y47.317
G0 X46.151 Y46.604
G0 X43.48 Y47.107
G0 X43.25 Y47.584
G1 F1440 X43.25 Y48.262 E0.01409
G0 F7200 X44.093 Y46.376
G1 F1500 E-6.5
;MESH:NONMESH
G0 F600 X44.093 Y46.376 Z5
G0 F7200 X43.907 Y47.176
G0 X44.153 Y48.24
G0 X44.153 Y51.761
G0 X43.909 Y52.824
G0 X43.91 Y55.074
G0 X43.76 Y55.074
;TIME_ELAPSED:509.215086
;LAYER:47
;TYPE:FILL
;MESH:head.stl
G1 F1500 E6.5
G1 F3600 X46.426 Y57.74 E0.0627
G1 X46.496 Y57.81
G0 F7200 X46.496 Y57.59
G0 X47.916 Y57.59
G0 X47.916 Y57.74
G1 F3600 X50.909 Y54.747 E0.07039
G1 X50.979 Y54.677
G0 F7200 X50.956 Y54.909
G0 X50.055 Y54.76
G0 X47.987 Y53.853
G0 X48.082 Y53.739
G1 F3600 X52.083 Y57.74 E0.0941
G1 X52.153 Y57.81
G0 F7200 X52.153 Y57.59
G0 X53.573 Y57.59
G0 X53.573 Y57.74
G1 F3600 X56.24 Y55.073 E0.06272
G1 X56.31 Y55.003
G0 F7200 X56.09 Y55.003
G0 X56.09 Y56.24
G0 X56.24 Y56.24
G1 F3600 X53.818 Y53.818 E0.05696
G1 X53.748 Y53.748
G0 F7200 X53.906 Y53.941
G0 X52.857 Y54.484
G0 X51.945 Y54.76
G0 X51 Y54.854
G0 X50.055 Y54.76
G0 X46.743 Y53.406
G0 X46.743 Y53.256
G1 F3600 X43.76 Y56.239 E0.07016
G1 X43.69 Y56.309
G0 F7200 X43.91 Y56.309
G0 X51.92 Y54.823
G0 X51.891 Y54.513
;TYPE:WALL-INNER
G1 F3600 X51 Y54.596 E0.01488
G1 X50.103 Y54.513 E0.01498
G1 X49.236 Y54.253 E0.01505
G1 X48.443 Y53.829 E0.01495
G1 X47.786 Y53.288 E0.01415
G1 X47.614 Y53.096 E0.00429
G1 X45.913 Y53.09 E0.02829
G1 X45.894 Y53.069 E0.00047
G1 X43.6 Y53.071 E0.03815
G1 X43.6 Y57.9 E0.08031
G1 X56.272 Y57.9 E0.21074
G1 X56.4 Y57.683 E0.00419
G1 X56.4 Y53.096 E0.07628
G1 X54.382 Y53.096 E0.03356
G1 X54.21 Y53.288 E0.00429
G1 X53.553 Y53.829 E0.01415
G1 X52.761 Y54.255 E0.01496
G1 X51.891 Y54.513 E0.01509
G0 F7200 X51.8 Y54.12
;TYPE:WALL-OUTER
G1 F1800 X50.98 Y54.196 E0.0137
G1 X50.196 Y54.12 E0.0131
G1 X49.373 Y53.873 E0.01429
G1 X48.652 Y53.483 E0.01363
G1 X48.04 Y52.979 E0.01318
G1 X47.802 Y52.696 E0.00615
G1 X45.971 Y52.694 E0.03045
G1 X45.948 Y52.669 E0.00056
G1 X43.501 Y52.672 E0.04069
G1 F1589.4 X43.251 Y52.515 E0.00556
G1 X43.2 Y52.973 E0.00868
G1 F1800 X43.2 Y58.3 E0.08859
G1 X56.354 Y58.3 E0.21875
G1 X56.635 Y58.12 E0.00555
G1 X56.8 Y57.734 E0.00698
G1 X56.8 Y52.696 E0.08378
G1 X54.194 Y52.696 E0.04334
G1 X53.956 Y52.979 E0.00615
G1 X53.311 Y53.505 E0.01384
G1 X52.627 Y53.873 E0.01292
G1 X51.8 Y54.12 E0.01435
G0 F7200 X51.601 Y54.138
G0 X51.67 Y54.848
G0 X43.48 Y52.952
G0 X43.251 Y52.515
G1 F1431.4 X43.25 Y51.746 E0.01608
G0 F7200 X44.21 Y53.564
G1 F1500 E-6.5
G0 F7200 X45.576 Y52.895
G0 X45.575 Y51.807
G0 X45.577 Y48.193
G0 X45.576 Y47.081
G0 X46.744 Y46.594
G0 X46.744 Y46.744
;TYPE:FILL
G1 F1500 E6.5
G1 F3600 X43.76 Y43.76 E0.07018
G1 X43.69 Y43.69
G0 F7200 X43.91 Y43.69
G0 X43.91 Y44.925
G0 X43.76 Y44.925
G1 F3600 X46.424 Y42.262 E0.06264
G1 X46.494 Y42.192
G0 F7200 X46.494 Y42.41
G0 X47.919 Y42.41
G0 X47.919 Y42.262
G1 F3600 X50.901 Y45.244 E0.07013
G1 X50.971 Y45.314
G0 F7200 X50.95 Y45.091
G0 X50.055 Y45.24
G0 X48.008 Y46.129
G0 X48.1 Y46.242
G1 F3600 X52.082 Y42.26 E0.09365
G1 X52.152 Y42.19
G0 F7200 X52.152 Y42.41
G0 X53.575 Y42.41
G0 X53.575 Y42.261
G1 F3600 X56.24 Y44.927 E0.06269
G1 X56.31 Y44.997
G0 F7200 X56.09 Y44.997
G0 X56.09 Y43.759
G0 X56.24 Y43.759
G1 F3600 X53.819 Y46.18 E0.05694
G1 X53.749 Y46.25
G0 F7200 X53.906 Y46.059
G0 X52.857 Y45.516
G0 X51.945 Y45.24
G0 X51 Y45.146
G0 X50.15 Y45.231
G0 X45.919 Y46.594
G0 X45.919 Y46.909
;TYPE:WALL-INNER
G1 F3600 X47.611 Y46.904 E0.02814
G1 X47.786 Y46.708 E0.00437
G1 X48.444 Y46.166 E0.01418
G1 X49.235 Y45.748 E0.01488
G1 X50.102 Y45.483 E0.01508
G1 X51.001 Y45.396 E0.01502
G1 X51.897 Y45.484 E0.01497
G1 X52.761 Y45.745 E0.01501
G1 X53.554 Y46.168 E0.01495
G1 X54.21 Y46.708 E0.01413
G1 X54.386 Y46.904 E0.00438
G1 X56.4 Y46.904 E0.03349
G1 X56.4 Y42.313 E0.07635
G1 X56.274 Y42.101 E0.0041
G1 X43.6 Y42.101 E0.21077
G1 X43.6 Y46.928 E0.08027
G1 X45.903 Y46.928 E0.0383
G1 X45.919 Y46.909 E0.00041
G0 F7200 X45.973 Y47.305
;TYPE:WALL-OUTER
G1 F1800 X47.801 Y47.304 E0.0304
G1 X48.04 Y47.017 E0.00621
G1 X48.652 Y46.513 E0.01318
G1 X49.409 Y46.112 E0.01425
G1 X50.196 Y45.876 E0.01366
G1 X51.02 Y45.8 E0.01376
G1 X51.8 Y45.876 E0.01303
G1 X52.627 Y46.127 E0.01437
G1 X53.344 Y46.513 E0.01354
G1 X53.956 Y47.017 E0.01318
G1 X54.198 Y47.304 E0.00624
G1 X56.8 Y47.304 E0.04327
G1 X56.8 Y42.262 E0.08385
G1 X56.635 Y41.879 E0.00694
G1 X56.356 Y41.701 E0.0055
G1 X43.2 Y41.701 E0.21879
G1 X43.2 Y47.028 E0.08859
G1 F1600 X43.25 Y47.528 E0.0094
G1 X43.5 Y47.328 E0.00599
G1 F1800 X45.953 Y47.328 E0.04079
G1 X45.973 Y47.305 E0.00051
G0 F7200 X46.173 Y47.305
G0 X46.173 Y46.594
G0 X43.48 Y47.049
G0 X43.25 Y47.528
G1 F1440 X43.25 Y48.254 E0.01509
G0 F7200 X44.093 Y46.318
G1 F1500 E-6.5
;MESH:NONMESH
G0 F600 X44.093 Y46.318 Z5.1
G0 F7200 X43.907 Y47.118
G0 X44.153 Y48.182
G0 X44.153 Y51.819
G0 X43.909 Y52.882
G0 X43.91 Y55.074
G0 X43.76 Y55.074
;TIME_ELAPSED:516.712601
;LAYER:48
;TYPE:FILL
;MESH:head.stl
G1 F1500 E6.5
G1 F3600 X46.426 Y57.74 E0.0627
G1 X46.496 Y57.81
G0 F7200 X46.496 Y57.59
G0 X47.916 Y57.59
G0 X47.916 Y57.74
G1 F3600 X50.909 Y54.747 E0.07039
G1 X50.979 Y54.677
G0 F7200 X50.956 Y54.909
G0 X50.055 Y54.76
G0 X47.987 Y53.853
G0 X48.082 Y53.739
G1 F3600 X52.083 Y57.74 E0.0941
G1 X52.153 Y57.81
G0 F7200 X52.153 Y57.59
G0 X53.573 Y57.59
G0 X53.573 Y57.74
G1 F3600 X56.24 Y55.073 E0.06272
G1 X56.31 Y55.003
G0 F7200 X56.09 Y55.003
G0 X56.09 Y56.24
G0 X56.24 Y56.24
G1 F3600 X53.818 Y53.818 E0.05696
G1 X53.748 Y53.748
G0 F7200 X53.906 Y53.941
G0 X52.857 Y54.484
G0 X51.945 Y54.76
G0 X51 Y54.854
G0 X50.055 Y54.76
G0 X46.747 Y53.405
G0 X46.747 Y53.252
G1 F3600 X43.76 Y56.239 E0.07025
G1 X43.69 Y56.309
G0 F7200 X43.91 Y56.309
G0 X51.92 Y54.823
G0 X51.891 Y54.513
;TYPE:WALL-INNER
G1 F3600 X51 Y54.596 E0.01488
G1 X50.103 Y54.513 E0.01498
G1 X49.236 Y54.253 E0.01505
G1 X48.443 Y53.829 E0.01495
G1 X47.786 Y53.288 E0.01415
G1 X47.61 Y53.092 E0.00438
G1 X45.919 Y53.087 E0.02812
G1 X45.903 Y53.068 E0.00041
G1 X43.6 Y53.068 E0.0383
G1 X43.6 Y57.9 E0.08036
G1 X56.272 Y57.9 E0.21074
G1 X56.4 Y57.683 E0.00419
G1 X56.4 Y53.092 E0.07635
G1 X54.386 Y53.092 E0.03349
G1 X54.21 Y53.288 E0.00438
G1 X53.553 Y53.829 E0.01415
G1 X52.761 Y54.255 E0.01496
G1 X51.891 Y54.513 E0.01509
G0 F7200 X51.8 Y54.12
;TYPE:WALL-OUTER
G1 F1800 X50.98 Y54.196 E0.0137
G1 X50.196 Y54.12 E0.0131
G1 X49.373 Y53.873 E0.01429
G1 X48.652 Y53.483 E0.01363
G1 X48.04 Y52.979 E0.01318
G1 X47.798 Y52.692 E0.00624
G1 X45.973 Y52.691 E0.03035
G1 X45.953 Y52.668 E0.00051
G1 X43.5 Y52.668 E0.04079
G1 F1589.4 X43.251 Y52.511 E0.00554
G1 X43.2 Y52.968 E0.00866
G1 F1800 X43.2 Y58.3 E0.08867
G1 X56.354 Y58.3 E0.21875
G1 X56.635 Y58.12 E0.00555
G1 X56.8 Y57.734 E0.00698
G1 X56.8 Y52.692 E0.08385
G1 X54.198 Y52.692 E0.04327
G1 X53.956 Y52.979 E0.00624
G1 X53.311 Y53.505 E0.01384
G1 X52.627 Y53.873 E0.01292
G1 X51.8 Y54.12 E0.01435
G0 F7200 X51.601 Y54.138
G0 X51.67 Y54.848
G0 X43.48 Y52.951
G0 X43.251 Y52.511
G1 F1431.4 X43.25 Y51.742 E0.01608
G0 F7200 X44.21 Y53.563
G1 F1500 E-6.5
G0 F7200 X45.576 Y52.895
G0 X45.576 Y51.806
G0 X45.577 Y48.194
G0 X45.576 Y47.082
G0 X46.744 Y46.595
G0 X46.744 Y46.744
;TYPE:FILL
G1 F1500 E6.5
G1 F3600 X43.76 Y43.76 E0.07018
G1 X43.69 Y43.69
G0 F7200 X43.91 Y43.69
G0 X43.91 Y44.925
G0 X43.76 Y44.925
G1 F3600 X46.424 Y42.262 E0.06264
G1 X46.494 Y42.192
G0 F7200 X46.494 Y42.41
G0 X47.919 Y42.41
G0 X47.919 Y42.262
G1 F3600 X50.901 Y45.244 E0.07013
G1 X50.971 Y45.314
G0 F7200 X50.95 Y45.091
G0 X50.055 Y45.24
G0 X48.008 Y46.129
G0 X48.1 Y46.242
G1 F3600 X52.082 Y42.26 E0.09365
G1 X52.152 Y42.19
G0 F7200 X52.152 Y42.41
G0 X53.575 Y42.41
G0 X53.575 Y42.261
G1 F3600 X56.24 Y44.927 E0.06269
G1 X56.31 Y44.997
G0 F7200 X56.09 Y44.997
G0 X56.09 Y43.759
G0 X56.24 Y43.759
G1 F3600 X53.819 Y46.18 E0.05694
G1 X53.749 Y46.25
G0 F7200 X53.906 Y46.059
G0 X52.857 Y45.516
G0 X51.945 Y45.24
G0 X51 Y45.146
G0 X50.15 Y45.231
G0 X45.919 Y46.595
G0 X45.919 Y46.909
;TYPE:WALL-INNER
G1 F3600 X47.611 Y46.904 E0.02814
G1 X47.786 Y46.708 E0.00437
G1 X48.444 Y46.166 E0.01418
G1 X49.235 Y45.748 E0.01488
G1 X50.102 Y45.483 E0.01508
G1 X51.001 Y45.396 E0.01502
G1 X51.897 Y45.484 E0.01497
G1 X52.761 Y45.745 E0.01501
G1 X53.554 Y46.168 E0.01495
G1 X54.21 Y46.708 E0.01413
G1 X54.386 Y46.904 E0.00438
G1 X56.4 Y46.904 E0.03349
G1 X56.4 Y42.313 E0.07635
G1 X56.274 Y42.101 E0.0041
G1 X43.6 Y42.101 E0.21077
G1 X43.6 Y46.928 E0.08027
G1 X45.903 Y46.928 E0.0383
G1 X45.919 Y46.909 E0.00041
G0 F7200 X45.973 Y47.305
;TYPE:WALL-OUTER
G1 F1800 X47.801 Y47.304 E0.0304
G1 X48.04 Y47.017 E0.00621
G1 X48.652 Y46.513 E0.01318
G1 X49.409 Y46.112 E0.01425
G1 X50.196 Y45.876 E0.01366
G1 X51.02 Y45.8 E0.01376
G1 X51.8 Y45.876 E0.01303
G1 X52.627 Y46.127 E0.01437
G1 X53.344 Y46.513 E0.01354
G1 X53.956 Y47.017 E0.01318
G1 X54.198 Y47.304 E0.00624
G1 X56.8 Y47.304 E0.04327
G1 X56.8 Y42.262 E0.08385
G1 X56.635 Y41.879 E0.00694
G1 X56.356 Y41.701 E0.0055
G1 X43.2 Y41.701 E0.21879
G1 X43.2 Y47.028 E0.08859
G1 F1600 X43.25 Y47.528 E0.0094
G1 X43.5 Y47.328 E0.00599
G1 F1800 X45.953 Y47.328 E0.04079
G1 X45.973 Y47.305 E0.00051
G0 F7200 X46.173 Y47.305
G0 X46.173 Y46.595
G0 X43.48 Y47.05
G0 X43.25 Y47.528
G1 F1440 X43.25 Y48.254 E0.01509
G0 F7200 X44.093 Y46.319
G1 F1500 E-6.5
;MESH:NONMESH
G0 F600 X44.093 Y46.319 Z5.2
G0 F7200 X43.907 Y47.119
G0 X44.153 Y48.183
G0 X44.153 Y51.818
G0 X43.907 Y52.901
G0 X43.91 Y55.074
G0 X43.76 Y55.074
;TIME_ELAPSED:524.210986
;LAYER:49
;TYPE:FILL
;MESH:head.stl
G1 F1500 E6.5
G1 F3600 X46.426 Y57.74 E0.0627
G1 X46.496 Y57.81
G0 F7200 X46.496 Y57.59
G0 X47.916 Y57.59
G0 X47.916 Y57.74
G1 F3600 X50.909 Y54.747 E0.07039
G1 X50.979 Y54.677
G0 F7200 X50.956 Y54.909
G0 X50.055 Y54.76
G0 X47.987 Y53.853
G0 X48.082 Y53.739
G1 F3600 X52.083 Y57.74 E0.0941
G1 X52.153 Y57.81
G0 F7200 X52.153 Y57.59
G0 X53.573 Y57.59
G0 X53.573 Y57.74
G1 F3600 X56.24 Y55.073 E0.06272
G1 X56.31 Y55.003
G0 F7200 X56.09 Y55.003
G0 X56.09 Y56.24
G0 X56.24 Y56.24
G1 F3600 X53.818 Y53.818 E0.05696
G1 X53.748 Y53.748
G0 F7200 X53.906 Y53.941
G0 X52.857 Y54.484
G0 X51.945 Y54.76
G0 X51 Y54.854
G0 X50.055 Y54.76
G0 X46.755 Y53.395
G0 X46.755 Y53.244
G1 F3600 X43.76 Y56.239 E0.07044
G1 X43.69 Y56.309
G0 F7200 X43.91 Y56.309
G0 X51.92 Y54.823
G0 X51.891 Y54.513
;TYPE:WALL-INNER
G1 F3600 X51 Y54.596 E0.01488
G1 X50.103 Y54.513 E0.01498
G1 X49.236 Y54.253 E0.01505
G1 X48.443 Y53.829 E0.01495
G1 X47.786 Y53.288 E0.01415
G1 X47.603 Y53.084 E0.00456
G1 X45.867 Y53.084 E0.02887
G1 X45.812 Y53.012 E0.00151
G1 X43.6 Y53.012 E0.03679
G1 X43.6 Y57.9 E0.08129
G1 X56.272 Y57.9 E0.21074
G1 X56.4 Y57.683 E0.00419
G1 X56.4 Y53.084 E0.07648
G1 X54.393 Y53.084 E0.03338
G1 X54.21 Y53.288 E0.00456
G1 X53.553 Y53.829 E0.01415
G1 X52.761 Y54.255 E0.01496
G1 X51.891 Y54.513 E0.01509
G0 F7200 X51.8 Y54.12
;TYPE:WALL-OUTER
G1 F1800 X50.98 Y54.196 E0.0137
G1 X50.196 Y54.12 E0.0131
G1 X49.373 Y53.873 E0.01429
G1 X48.652 Y53.483 E0.01363
G1 X48.014 Y52.953 E0.01379
G1 X47.79 Y52.684 E0.00582
G1 X45.951 Y52.679 E0.03058
G1 X45.899 Y52.612 E0.00141
G1 X43.5 Y52.612 E0.0399
G1 F1589.4 X43.251 Y52.455 E0.00554
G1 X43.2 Y52.912 E0.00866
G1 F1800 X43.2 Y58.3 E0.0896
G1 X56.354 Y58.3 E0.21875
G1 X56.635 Y58.12 E0.00555
G1 X56.8 Y57.734 E0.00698
G1 X56.8 Y52.684 E0.08398
G1 X54.206 Y52.684 E0.04314
G1 X53.956 Y52.979 E0.00643
G1 X53.311 Y53.505 E0.01384
G1 X52.627 Y53.873 E0.01292
G1 X51.8 Y54.12 E0.01435
G0 F7200 X51.601 Y54.138
G0 X51.67 Y54.848
G0 X43.48 Y52.894
G0 X43.251 Y52.455
G1 F1431.4 X43.25 Y51.734 E0.01508
G0 F7200 X44.21 Y53.506
G1 F1500 E-6.5
G0 F7200 X45.576 Y52.838
G0 X45.576 Y51.749
G0 X45.577 Y48.251
G0 X45.576 Y47.092
G0 X46.753 Y46.605
G0 X46.753 Y46.753
;TYPE:FILL
G1 F1500 E6.5
G1 F3600 X43.76 Y43.76 E0.07039
G1 X43.69 Y43.69
G0 F7200 X43.91 Y43.69
G0 X43.91 Y44.925
G0 X43.76 Y44.925
G1 F3600 X46.426 Y42.26 E0.06269
G1 X46.496 Y42.19
G0 F7200 X46.496 Y42.41
G0 X47.917 Y42.41
G0 X47.917 Y42.26
G1 F3600 X50.901 Y45.244 E0.07018
G1 X50.971 Y45.314
G0 F7200 X50.95 Y45.091
G0 X50.055 Y45.24
G0 X48.008 Y46.129
G0 X48.1 Y46.242
G1 F3600 X52.083 Y42.26 E0.09366
G1 X52.153 Y42.19
G0 F7200 X52.153 Y42.41
G0 X53.574 Y42.41
G0 X53.574 Y42.26
G1 F3600 X56.24 Y44.926 E0.0627
G1 X56.31 Y44.996
G0 F7200 X56.09 Y44.996
G0 X56.09 Y43.759
G0 X56.24 Y43.759
G1 F3600 X53.819 Y46.18 E0.05694
G1 X53.749 Y46.25
G0 F7200 X53.906 Y46.059
G0 X52.857 Y45.516
G0 X51.945 Y45.24
G0 X51 Y45.146
G0 X50.15 Y45.231
G0 X45.87 Y46.605
G0 X45.87 Y46.916
;TYPE:WALL-INNER
G1 F3600 X47.604 Y46.912 E0.02884
G1 X47.786 Y46.708 E0.00455
G1 X48.444 Y46.166 E0.01418
G1 X49.235 Y45.748 E0.01488
G1 X50.102 Y45.483 E0.01508
G1 X51.001 Y45.396 E0.01502
G1 X51.897 Y45.484 E0.01497
G1 X52.761 Y45.745 E0.01501
G1 X53.554 Y46.168 E0.01495
G1 X54.21 Y46.708 E0.01413
G1 X54.394 Y46.912 E0.00457
G1 X56.4 Y46.915 E0.03336
G1 X56.4 Y42.313 E0.07653
G1 X56.274 Y42.101 E0.0041
G1 X43.6 Y42.1 E0.21077
G1 X43.6 Y46.984 E0.08122
G1 X45.818 Y46.984 E0.03689
G1 X45.87 Y46.916 E0.00142
G0 F7200 X45.952 Y47.321
;TYPE:WALL-OUTER
G1 F1800 X47.793 Y47.312 E0.03062
G1 X48.04 Y47.017 E0.0064
G1 X48.652 Y46.513 E0.01318
G1 X49.409 Y46.112 E0.01425
G1 X50.196 Y45.876 E0.01366
G1 X51.02 Y45.8 E0.01376
G1 X51.8 Y45.876 E0.01303
G1 X52.627 Y46.127 E0.01437
G1 X53.344 Y46.513 E0.01354
G1 X53.982 Y47.043 E0.01379
G1 X54.206 Y47.312 E0.00582
G1 X56.8 Y47.315 E0.04314
G1 X56.8 Y42.262 E0.08403
G1 X56.635 Y41.879 E0.00694
G1 X56.356 Y41.701 E0.0055
G1 X43.2 Y41.7 E0.21879
G1 X43.2 Y47.084 E0.08954
G1 F1600 X43.25 Y47.584 E0.0094
G1 X43.5 Y47.384 E0.00599
G1 F1800 X45.903 Y47.384 E0.03996
G1 X45.952 Y47.321 E0.00133
G0 F7200 X46.152 Y47.321
G0 X46.152 Y46.605
G0 X43.48 Y47.107
G0 X43.25 Y47.584
G1 F1440 X43.25 Y48.264 E0.01414
G0 F7200 X44.093 Y46.376
G1 F1500 E-6.5
;MESH:NONMESH
G0 F600 X44.093 Y46.376 Z5.3
G0 F7200 X43.907 Y47.176
G0 X44.153 Y48.24
G0 X44.153 Y51.761
G0 X43.907 Y52.844
G0 X43.91 Y55.074
G0 X43.76 Y55.074
;TIME_ELAPSED:531.717863
;LAYER:50
;TYPE:FILL
;MESH:head.stl
G1 F1500 E6.5
G1 F3600 X46.426 Y57.74 E0.0627
G1 X46.496 Y57.81
G0 F7200 X46.496 Y57.59
G0 X47.916 Y57.59
G0 X47.916 Y57.74
G1 F3600 X50.909 Y54.747 E0.07039
G1 X50.979 Y54.677
G0 F7200 X50.956 Y54.909
G0 X50.055 Y54.76
G0 X47.988 Y53.854
G0 X48.083 Y53.74
G1 F3600 X52.083 Y57.74 E0.09407
G1 X52.153 Y57.81
G0 F7200 X52.153 Y57.59
G0 X53.573 Y57.59
G0 X53.573 Y57.74
G1 F3600 X56.24 Y55.073 E0.06272
G1 X56.31 Y55.003
G0 F7200 X56.09 Y55.003
G0 X56.09 Y56.24
G0 X56.24 Y56.24
G1 F3600 X53.818 Y53.818 E0.05696
G1 X53.748 Y53.748
G0 F7200 X53.906 Y53.941
G0 X52.857 Y54.484
G0 X51.945 Y54.76
G0 X51 Y54.854
G0 X50.055 Y54.76
G0 X46.765 Y53.386
G0 X46.765 Y53.234
G1 F3600 X43.76 Y56.239 E0.07067
G1 X43.69 Y56.309
G0 F7200 X43.91 Y56.309
G0 X51.92 Y54.823
G0 X51.891 Y54.513
;TYPE:WALL-INNER
G1 F3600 X51 Y54.596 E0.01488
G1 X50.103 Y54.513 E0.01498
G1 X49.236 Y54.253 E0.01505
G1 X48.443 Y53.829 E0.01495
G1 X47.786 Y53.288 E0.01415
G1 X47.594 Y53.073 E0.00479
G1 X46.002 Y53.076 E0.02648
G1 X45.807 Y53.045 E0.00328
G1 X45.744 Y52.956 E0.00181
G1 X43.6 Y52.956 E0.03565
G1 X43.6 Y57.9 E0.08222
G1 X56.272 Y57.9 E0.21074
G1 X56.4 Y57.683 E0.00419
G1 X56.4 Y53.073 E0.07666
G1 X54.401 Y53.076 E0.03324
G1 X54.21 Y53.288 E0.00475
G1 X53.553 Y53.829 E0.01415
G1 X52.761 Y54.255 E0.01496
G1 X51.891 Y54.513 E0.01509
G0 F7200 X51.8 Y54.12
;TYPE:WALL-OUTER
G1 F1800 X50.98 Y54.196 E0.0137
G1 X50.196 Y54.12 E0.0131
G1 X49.373 Y53.873 E0.01429
G1 X48.652 Y53.483 E0.01363
G1 X48.04 Y52.979 E0.01318
G1 X47.782 Y52.673 E0.00666
G1 X45.942 Y52.676 E0.0306
G1 X45.857 Y52.556 E0.00245
G1 X43.5 Y52.556 E0.0392
G1 F1589.4 X43.251 Y52.399 E0.00554
G1 X43.2 Y52.856 E0.00866
G1 F1800 X43.2 Y58.3 E0.09053
G1 X56.354 Y58.3 E0.21875
G1 X56.635 Y58.12 E0.00555
G1 X56.8 Y57.734 E0.00698
G1 X56.8 Y52.673 E0.08416
G1 X54.214 Y52.676 E0.04301
G1 X53.956 Y52.979 E0.00662
G1 X53.311 Y53.505 E0.01384
G1 X52.627 Y53.873 E0.01292
G1 X51.8 Y54.12 E0.01435
G0 F7200 X51.601 Y54.138
G0 X51.67 Y54.848
G0 X43.48 Y52.836
G0 X43.251 Y52.399
G1 F1431.4 X43.25 Y51.722 E0.01416
G0 F7200 X44.21 Y53.448
G1 F1500 E-6.5
G0 F7200 X45.576 Y52.78
G0 X45.576 Y51.691
G0 X45.577 Y48.309
G0 X45.576 Y47.101
G0 X46.764 Y46.614
G0 X46.764 Y46.764
;TYPE:FILL
G1 F1500 E6.5
G1 F3600 X43.76 Y43.76 E0.07065
G1 X43.69 Y43.69
G0 F7200 X43.91 Y43.69
G0 X43.91 Y44.925
G0 X43.76 Y44.925
G1 F3600 X46.426 Y42.26 E0.06269
G1 X46.496 Y42.19
G0 F7200 X46.496 Y42.41
G0 X47.917 Y42.41
G0 X47.917 Y42.26
G1 F3600 X50.901 Y45.244 E0.07018
G1 X50.971 Y45.314
G0 F7200 X50.95 Y45.091
G0 X50.055 Y45.24
G0 X48.008 Y46.129
G0 X48.1 Y46.242
G1 F3600 X52.083 Y42.26 E0.09366
G1 X52.153 Y42.19
G0 F7200 X52.153 Y42.41
G0 X53.574 Y42.41
G0 X53.574 Y42.26
G1 F3600 X56.24 Y44.926 E0.0627
G1 X56.31 Y44.996
G0 F7200 X56.09 Y44.996
G0 X56.09 Y43.759
G0 X56.24 Y43.759
G1 F3600 X53.819 Y46.18 E0.05694
G1 X53.749 Y46.25
G0 F7200 X53.906 Y46.059
G0 X52.857 Y45.516
G0 X51.945 Y45.24
G0 X51 Y45.146
G0 X50.055 Y45.24
G0 X46 Y46.614
G0 X46 Y46.924
;TYPE:WALL-INNER
G1 F3600 X47.595 Y46.924 E0.02652
G1 X47.786 Y46.708 E0.0048
G1 X48.444 Y46.166 E0.01418
G1 X49.235 Y45.748 E0.01488
G1 X50.102 Y45.483 E0.01508
G1 X51.001 Y45.396 E0.01502
G1 X51.897 Y45.484 E0.01497
G1 X52.761 Y45.745 E0.01501
G1 X53.554 Y46.168 E0.01495
G1 X54.21 Y46.708 E0.01413
G1 X54.399 Y46.92 E0.00472
G1 X56.4 Y46.923 E0.03328
G1 X56.4 Y42.313 E0.07666
G1 X56.274 Y42.101 E0.0041
G1 X43.6 Y42.1 E0.21077
G1 X43.6 Y47.044 E0.08222
G1 X45.744 Y47.044 E0.03565
G1 X45.807 Y46.955 E0.00181
G1 X46 Y46.924 E0.00325
G0 F7200 X45.942 Y47.324
;TYPE:WALL-OUTER
G1 F1800 X47.785 Y47.324 E0.03065
G1 X48.04 Y47.017 E0.00664
G1 X48.652 Y46.513 E0.01318
G1 X49.409 Y46.112 E0.01425
G1 X50.196 Y45.876 E0.01366
G1 X51.02 Y45.8 E0.01376
G1 X51.8 Y45.876 E0.01303
G1 X52.627 Y46.127 E0.01437
G1 X53.344 Y46.513 E0.01354
G1 X53.983 Y47.044 E0.01382
G1 X54.211 Y47.32 E0.00595
G1 X56.8 Y47.323 E0.04306
G1 X56.8 Y42.262 E0.08416
G1 X56.635 Y41.879 E0.00694
G1 X56.356 Y41.701 E0.0055
G1 X43.2 Y41.7 E0.21879
G1 X43.2 Y47.144 E0.09053
G1 F1600 X43.25 Y47.644 E0.0094
G1 X43.5 Y47.444 E0.00599
G1 F1800 X45.857 Y47.444 E0.0392
G1 X45.942 Y47.324 E0.00245
G0 F7200 X46.142 Y47.324
G0 X46.142 Y46.614
G0 X43.48 Y47.165
G0 X43.25 Y47.644
G1 F1440 X43.25 Y48.274 E0.0131
G0 F7200 X44.093 Y46.434
G1 F1500 E-6.5
;MESH:NONMESH
G0 F600 X44.093 Y46.434 Z5.4
G0 F7200 X43.907 Y47.234
G0 X44.153 Y48.298
G0 X44.153 Y51.703
G0 X43.907 Y52.786
G0 X43.91 Y55.074
G0 X43.76 Y55.074
;TIME_ELAPSED:539.233134
;LAYER:51
;TYPE:FILL
;MESH:head.stl
G1 F1500 E6.5
G1 F3600 X46.426 Y57.74 E0.0627
G1 X46.496 Y57.81
G0 F7200 X46.496 Y57.59
G0 X47.916 Y57.59
G0 X47.916 Y57.74
G1 F3600 X50.909 Y54.747 E0.07039
G1 X50.979 Y54.677
G0 F7200 X50.956 Y54.909
G0 X50.055 Y54.76
G0 X47.988 Y53.854
G0 X48.083 Y53.74
G1 F3600 X52.083 Y57.74 E0.09407
G1 X52.153 Y57.81
G0 F7200 X52.153 Y57.59
G0 X53.573 Y57.59
G0 X53.573 Y57.74
G1 F3600 X56.24 Y55.073 E0.06272
G1 X56.31 Y55.003
G0 F7200 X56.09 Y55.003
G0 X56.09 Y56.24
G0 X56.24 Y56.24
G1 F3600 X53.818 Y53.818 E0.05696
G1 X53.748 Y53.748
G0 F7200 X53.906 Y53.941
G0 X52.857 Y54.484
G0 X51.945 Y54.76
G0 X51 Y54.854
G0 X50.055 Y54.76
G0 X46.775 Y53.376
G0 X46.775 Y53.224
G1 F3600 X43.76 Y56.239 E0.07091
G1 X43.69 Y56.309
G0 F7200 X43.91 Y56.309
G0 X51.92 Y54.823
G0 X51.891 Y54.513
;TYPE:WALL-INNER
G1 F3600 X51 Y54.596 E0.01488
G1 X50.103 Y54.513 E0.01498
G1 X49.236 Y54.253 E0.01505
G1 X48.443 Y53.829 E0.01495
G1 X47.786 Y53.288 E0.01415
G1 X47.586 Y53.064 E0.00499
G1 X46 Y53.064 E0.02638
G1 X45.768 Y53.018 E0.00393
G1 X45.687 Y52.896 E0.00244
G1 X43.6 Y52.896 E0.03471
G1 X43.6 Y57.9 E0.08322
G1 X56.272 Y57.9 E0.21074
G1 X56.4 Y57.683 E0.00419
G1 X56.4 Y53.064 E0.07681
G1 X54.41 Y53.064 E0.03309
G1 X54.21 Y53.288 E0.00499
G1 X53.553 Y53.829 E0.01415
G1 X52.761 Y54.255 E0.01496
G1 X51.891 Y54.513 E0.01509
G0 F7200 X51.8 Y54.12
;TYPE:WALL-OUTER
G1 F1800 X50.98 Y54.196 E0.0137
G1 X50.196 Y54.12 E0.0131
G1 X49.373 Y53.873 E0.01429
G1 X48.652 Y53.483 E0.01363
G1 X48.014 Y52.953 E0.01379
G1 X47.774 Y52.664 E0.00625
G1 X45.932 Y52.664 E0.03063
G1 X45.821 Y52.496 E0.00335
G1 X43.5 Y52.496 E0.0386
G1 F1589.4 X43.251 Y52.339 E0.00554
G1 X43.2 Y52.796 E0.00866
G1 F1800 X43.2 Y58.3 E0.09153
G1 X56.354 Y58.3 E0.21875
G1 X56.635 Y58.12 E0.00555
G1 X56.8 Y57.734 E0.00698
G1 X56.8 Y52.664 E0.08431
G1 X54.222 Y52.664 E0.04287
G1 X53.956 Y52.979 E0.00686
G1 X53.311 Y53.505 E0.01384
G1 X52.627 Y53.873 E0.01292
G1 X51.8 Y54.12 E0.01435
G0 F7200 X51.601 Y54.138
G0 X51.67 Y54.848
G0 X43.48 Y52.777
G0 X43.251 Y52.339
G1 F1431.4 X43.25 Y51.702 E0.01332
G0 F7200 X44.092 Y53.507
G1 F1500 E-6.5
G0 F7200 X45.576 Y52.722
G0 X45.576 Y51.632
G0 X45.577 Y48.367
G0 X45.576 Y47.111
G0 X46.772 Y46.624
G0 X46.772 Y46.772
;TYPE:FILL
G1 F1500 E6.5
G1 F3600 X43.76 Y43.76 E0.07084
G1 X43.69 Y43.69
G0 F7200 X43.91 Y43.69
G0 X43.91 Y44.925
G0 X43.76 Y44.925
G1 F3600 X46.426 Y42.26 E0.06269
G1 X46.496 Y42.19
G0 F7200 X46.496 Y42.41
G0 X47.917 Y42.41
G0 X47.917 Y42.26
G1 F3600 X50.901 Y45.244 E0.07018
G1 X50.971 Y45.314
G0 F7200 X50.95 Y45.091
G0 X50.055 Y45.24
G0 X48.008 Y46.129
G0 X48.1 Y46.242
G1 F3600 X52.083 Y42.26 E0.09366
G1 X52.153 Y42.19
G0 F7200 X52.153 Y42.41
G0 X53.574 Y42.41
G0 X53.574 Y42.26
G1 F3600 X56.24 Y44.926 E0.0627
G1 X56.31 Y44.996
G0 F7200 X56.09 Y44.996
G0 X56.09 Y43.759
G0 X56.24 Y43.759
G1 F3600 X53.819 Y46.18 E0.05694
G1 X53.749 Y46.25
G0 F7200 X53.906 Y46.059
G0 X52.857 Y45.516
G0 X51.945 Y45.24
G0 X51 Y45.146
G0 X50.055 Y45.24
G0 X46 Y46.624
G0 X46 Y46.932
;TYPE:WALL-INNER
G1 F3600 X47.588 Y46.932 E0.02641
G1 X47.786 Y46.708 E0.00497
G1 X48.444 Y46.166 E0.01418
G1 X49.235 Y45.748 E0.01488
G1 X50.102 Y45.483 E0.01508
G1 X51.001 Y45.396 E0.01502
G1 X51.897 Y45.484 E0.01497
G1 X52.761 Y45.745 E0.01501
G1 X53.554 Y46.168 E0.01495
G1 X54.21 Y46.708 E0.01413
G1 X54.41 Y46.932 E0.00499
G1 X56.4 Y46.932 E0.03309
G1 X56.4 Y42.313 E0.07681
G1 X56.274 Y42.101 E0.0041
G1 X43.6 Y42.1 E0.21077
G1 X43.6 Y47.1 E0.08315
G1 X45.687 Y47.1 E0.03471
G1 X45.768 Y46.978 E0.00244
G1 X46 Y46.932 E0.00393
G0 F7200 X45.932 Y47.332
;TYPE:WALL-OUTER
G1 F1800 X47.777 Y47.332 E0.03068
G1 X48.04 Y47.017 E0.00682
G1 X48.652 Y46.513 E0.01318
G1 X49.409 Y46.112 E0.01425
G1 X50.196 Y45.876 E0.01366
G1 X51.02 Y45.8 E0.01376
G1 X51.8 Y45.876 E0.01303
G1 X52.627 Y46.127 E0.01437
G1 X53.344 Y46.513 E0.01354
G1 X53.982 Y47.043 E0.01379
G1 X54.222 Y47.332 E0.00625
G1 X56.8 Y47.332 E0.04287
G1 X56.8 Y42.262 E0.08431
G1 X56.635 Y41.879 E0.00694
G1 X56.356 Y41.701 E0.0055
G1 X43.2 Y41.7 E0.21879
G1 X43.2 Y47.2 E0.09147
G1 F1600 X43.25 Y47.7 E0.0094
G1 X43.5 Y47.5 E0.00599
G1 F1800 X45.821 Y47.5 E0.0386
G1 X45.932 Y47.332 E0.00335
G0 F7200 X46.132 Y47.332
G0 X46.132 Y46.624
G0 X43.48 Y47.223
G0 X43.25 Y47.7
G1 F1440 X43.25 Y48.294 E0.01235
G0 F7200 X44.093 Y46.492
G1 F1500 E-6.5
;MESH:NONMESH
G0 F600 X44.093 Y46.492 Z5.5
G0 F7200 X43.907 Y47.292
G0 X44.153 Y48.356
G0 X44.153 Y51.644
G0 X43.903 Y52.727
G0 X43.91 Y55.074
G0 X43.76 Y55.074
;TIME_ELAPSED:546.759118
;LAYER:52
;TYPE:FILL
;MESH:head.stl
G1 F1500 E6.5
G1 F3600 X46.426 Y57.74 E0.0627
G1 X46.496 Y57.81
G0 F7200 X46.496 Y57.59
G0 X47.916 Y57.59
G0 X47.916 Y57.74
G1 F3600 X50.909 Y54.747 E0.07039
G1 X50.979 Y54.677
G0 F7200 X50.956 Y54.909
G0 X50.055 Y54.76
G0 X47.991 Y53.856
G0 X48.085 Y53.742
G1 F3600 X52.083 Y57.74 E0.09403
G1 X52.153 Y57.81
G0 F7200 X52.153 Y57.59
G0 X53.573 Y57.59
G0 X53.573 Y57.74
G1 F3600 X56.24 Y55.073 E0.06272
G1 X56.31 Y55.003
G0 F7200 X56.09 Y55.003
G0 X56.09 Y56.24
G0 X56.24 Y56.24
G1 F3600 X53.818 Y53.818 E0.05696
G1 X53.748 Y53.748
G0 F7200 X53.906 Y53.941
G0 X52.857 Y54.484
G0 X51.945 Y54.76
G0 X51 Y54.854
G0 X50.055 Y54.76
G0 X46.785 Y53.366
G0 X46.785 Y53.214
G1 F3600 X43.76 Y56.239 E0.07114
G1 X43.69 Y56.309
G0 F7200 X43.91 Y56.309
G0 X51.92 Y54.823
G0 X51.891 Y54.513
;TYPE:WALL-INNER
G1 F3600 X51 Y54.596 E0.01488
G1 X50.103 Y54.513 E0.01498
G1 X49.236 Y54.253 E0.01505
G1 X48.443 Y53.829 E0.01495
G1 X47.79 Y53.292 E0.01406
G1 X47.58 Y53.053 E0.00529
G1 X46.002 Y53.056 E0.02624
G1 X45.732 Y52.993 E0.00461
G1 X45.637 Y52.84 E0.00299
G1 X43.6 Y52.837 E0.03388
G1 X43.6 Y57.9 E0.0842
G1 X56.272 Y57.9 E0.21074
G1 X56.4 Y57.683 E0.00419
G1 X56.4 Y53.053 E0.077
G1 X54.417 Y53.056 E0.03298
G1 X54.21 Y53.287 E0.00516
G1 X53.553 Y53.829 E0.01416
G1 X52.761 Y54.255 E0.01496
G1 X51.891 Y54.513 E0.01509
G0 F7200 X51.8 Y54.12
;TYPE:WALL-OUTER
G1 F1800 X50.98 Y54.196 E0.0137
G1 X50.196 Y54.12 E0.0131
G1 X49.373 Y53.873 E0.01429
G1 X48.652 Y53.483 E0.01363
G1 X48.044 Y52.983 E0.01309
G1 X47.769 Y52.653 E0.00714
G1 X45.922 Y52.656 E0.03072
G1 X45.8 Y52.44 E0.00413
G1 X43.499 Y52.436 E0.03827
G1 F1589.4 X43.251 Y52.279 E0.00553
G1 X43.2 Y52.735 E0.00864
G1 F1800 X43.2 Y58.3 E0.09255
G1 X56.354 Y58.3 E0.21875
G1 X56.635 Y58.12 E0.00555
G1 X56.8 Y57.734 E0.00698
G1 X56.8 Y52.653 E0.0845
G1 X54.23 Y52.656 E0.04274
G1 X53.956 Y52.979 E0.00704
G1 X53.311 Y53.505 E0.01384
G1 X52.627 Y53.873 E0.01292
G1 X51.8 Y54.12 E0.01435
G0 F7200 X51.601 Y54.138
G0 X51.67 Y54.848
G0 X43.48 Y52.719
G0 X43.251 Y52.279
G1 F1431.4 X43.25 Y51.67 E0.01274
G0 F7200 X44.092 Y53.449
G1 F1500 E-6.5
G0 F7200 X45.576 Y52.664
G0 X45.576 Y51.574
G0 X45.577 Y48.425
G0 X45.576 Y47.121
G0 X46.784 Y46.634
G0 X46.784 Y46.784
;TYPE:FILL
G1 F1500 E6.5
G1 F3600 X43.76 Y43.76 E0.07112
G1 X43.69 Y43.69
G0 F7200 X43.91 Y43.69
G0 X43.91 Y44.925
G0 X43.76 Y44.925
G1 F3600 X46.426 Y42.26 E0.06269
G1 X46.496 Y42.19
G0 F7200 X46.496 Y42.41
G0 X47.917 Y42.41
G0 X47.917 Y42.26
G1 F3600 X50.901 Y45.244 E0.07018
G1 X50.971 Y45.314
G0 F7200 X50.95 Y45.091
G0 X50.055 Y45.24
G0 X48.008 Y46.129
G0 X48.1 Y46.242
G1 F3600 X52.083 Y42.26 E0.09366
G1 X52.153 Y42.19
G0 F7200 X52.153 Y42.41
G0 X53.574 Y42.41
G0 X53.574 Y42.26
G1 F3600 X56.24 Y44.926 E0.0627
G1 X56.31 Y44.996
G0 F7200 X56.09 Y44.996
G0 X56.09 Y43.759
G0 X56.24 Y43.759
G1 F3600 X53.819 Y46.18 E0.05694
G1 X53.749 Y46.25
G0 F7200 X53.906 Y46.059
G0 X52.857 Y45.516
G0 X51.945 Y45.24
G0 X51 Y45.146
G0 X50.055 Y45.24
G0 X46 Y46.634
G0 X46 Y46.944
;TYPE:WALL-INNER
G1 F3600 X47.579 Y46.944 E0.02626
G1 X47.786 Y46.708 E0.00522
G1 X48.444 Y46.166 E0.01418
G1 X49.235 Y45.748 E0.01488
G1 X50.102 Y45.483 E0.01508
G1 X51.001 Y45.396 E0.01502
G1 X51.897 Y45.484 E0.01497
G1 X52.761 Y45.745 E0.01501
G1 X53.554 Y46.168 E0.01495
G1 X54.21 Y46.708 E0.01413
G1 X54.419 Y46.944 E0.00524
G1 X56.4 Y46.944 E0.03294
G1 X56.4 Y42.313 E0.07701
G1 X56.274 Y42.101 E0.0041
G1 X43.6 Y42.1 E0.21077
G1 X43.6 Y47.16 E0.08415
G1 X45.638 Y47.16 E0.03389
G1 X45.733 Y47.006 E0.00301
G1 X46 Y46.944 E0.00456
G0 F7200 X45.922 Y47.344
;TYPE:WALL-OUTER
G1 F1800 X47.769 Y47.344 E0.03072
G1 X48.04 Y47.017 E0.00706
G1 X48.652 Y46.513 E0.01318
G1 X49.409 Y46.112 E0.01425
G1 X50.196 Y45.876 E0.01366
G1 X51.02 Y45.8 E0.01376
G1 X51.8 Y45.876 E0.01303
G1 X52.627 Y46.127 E0.01437
G1 X53.344 Y46.513 E0.01354
G1 X53.983 Y47.044 E0.01382
G1 X54.231 Y47.344 E0.00647
G1 X56.8 Y47.344 E0.04272
G1 X56.8 Y42.262 E0.08451
G1 X56.635 Y41.879 E0.00694
G1 X56.356 Y41.701 E0.0055
G1 X43.2 Y41.7 E0.21879
G1 X43.2 Y47.26 E0.09246
G1 F1600 X43.25 Y47.76 E0.0094
G1 X43.5 Y47.56 E0.00599
G1 F1800 X45.8 Y47.56 E0.03825
G1 X45.922 Y47.344 E0.00413
G0 F7200 X46.122 Y47.344
G0 X46.122 Y46.634
G0 X43.48 Y47.281
G0 X43.25 Y47.76
G1 F1440 X43.25 Y48.326 E0.01177
G0 F7200 X44.093 Y46.55
G1 F1500 E-6.5
;MESH:NONMESH
G0 F600 X44.093 Y46.55 Z5.6
G0 F7200 X43.907 Y47.35
G0 X44.153 Y48.414
G0 X44.153 Y51.586
G0 X43.903 Y52.669
G0 X43.91 Y55.074
G0 X43.76 Y55.074
;TIME_ELAPSED:554.296021
;LAYER:53
;TYPE:FILL
;MESH:head.stl
G1 F1500 E6.5
G1 F3600 X46.426 Y57.74 E0.0627
G1 X46.496 Y57.81
G0 F7200 X46.496 Y57.59
G0 X47.916 Y57.59
G0 X47.916 Y57.74
G1 F3600 X50.909 Y54.747 E0.07039
G1 X50.979 Y54.677
G0 F7200 X50.956 Y54.909
G0 X50.055 Y54.76
G0 X47.99 Y53.855
G0 X48.084 Y53.741
G1 F3600 X52.083 Y57.74 E0.09405
G1 X52.153 Y57.81
G0 F7200 X52.153 Y57.59
G0 X53.573 Y57.59
G0 X53.573 Y57.74
G1 F3600 X56.24 Y55.073 E0.06272
G1 X56.31 Y55.003
G0 F7200 X56.09 Y55.003
G0 X56.09 Y56.24
G0 X56.24 Y56.24
G1 F3600 X53.819 Y53.819 E0.05694
G1 X53.749 Y53.749
G0 F7200 X53.906 Y53.941
G0 X52.857 Y54.484
G0 X51.945 Y54.76
G0 X51 Y54.854
G0 X50.055 Y54.76
G0 X46.808 Y53.342
G0 X46.808 Y53.191
G1 F3600 X43.76 Y56.239 E0.07168
G1 X43.69 Y56.309
G0 F7200 X43.91 Y56.309
G0 X51.92 Y54.823
G0 X51.891 Y54.513
;TYPE:WALL-INNER
G1 F3600 X51 Y54.596 E0.01488
G1 X50.103 Y54.513 E0.01498
G1 X49.236 Y54.253 E0.01505
G1 X48.443 Y53.829 E0.01495
G1 X47.79 Y53.292 E0.01406
G1 X47.562 Y53.032 E0.00575
G1 X45.903 Y53.032 E0.02759
G1 X45.709 Y52.958 E0.00345
G1 X45.605 Y52.78 E0.00343
G1 X43.6 Y52.78 E0.03334
G1 X43.6 Y57.9 E0.08515
G1 X56.272 Y57.9 E0.21074
G1 X56.4 Y57.683 E0.00419
G1 X56.4 Y53.032 E0.07735
G1 X54.437 Y53.032 E0.03264
G1 X54.208 Y53.293 E0.00577
G1 X53.55 Y53.831 E0.01413
G1 X52.761 Y54.255 E0.0149
G1 X51.891 Y54.513 E0.01509
G0 F7200 X51.8 Y54.12
;TYPE:WALL-OUTER
G1 F1800 X50.98 Y54.196 E0.0137
G1 X50.196 Y54.12 E0.0131
G1 X49.373 Y53.873 E0.01429
G1 X48.652 Y53.483 E0.01363
G1 X48.044 Y52.983 E0.01309
G1 X47.75 Y52.632 E0.00761
G1 X45.914 Y52.627 E0.03053
G1 X45.8 Y52.38 E0.00452
G1 X43.5 Y52.38 E0.03825
G1 F1589.4 X43.251 Y52.223 E0.00554
G1 X43.2 Y52.68 E0.00866
G1 F1800 X43.2 Y58.3 E0.09346
G1 X56.354 Y58.3 E0.21875
G1 X56.635 Y58.12 E0.00555
G1 X56.8 Y57.734 E0.00698
G1 X56.8 Y52.632 E0.08485
G1 X54.247 Y52.632 E0.04246
G1 X53.955 Y52.983 E0.00759
G1 X53.311 Y53.505 E0.01379
G1 X52.627 Y53.873 E0.01292
G1 X51.8 Y54.12 E0.01435
G0 F7200 X51.601 Y54.138
G0 X51.67 Y54.848
G0 X43.48 Y52.662
G0 X43.251 Y52.223
G1 F1431.4 X43.25 Y51.642 E0.01215
G0 F7200 X44.092 Y53.392
G1 F1500 E-6.5
G0 F7200 X45.576 Y52.607
G0 X45.576 Y51.517
G0 X45.577 Y48.482
G0 X45.576 Y47.143
G0 X46.803 Y46.657
G0 X46.803 Y46.803
;TYPE:FILL
G1 F1500 E6.5
G1 F3600 X43.76 Y43.76 E0.07157
G1 X43.69 Y43.69
G0 F7200 X43.91 Y43.69
G0 X43.91 Y44.925
G0 X43.76 Y44.925
G1 F3600 X46.426 Y42.26 E0.06269
G1 X46.496 Y42.19
G0 F7200 X46.496 Y42.41
G0 X47.917 Y42.41
G0 X47.917 Y42.26
G1 F3600 X50.901 Y45.244 E0.07018
G1 X50.971 Y45.314
G0 F7200 X50.95 Y45.091
G0 X50.055 Y45.24
G0 X47.988 Y46.146
G0 X48.081 Y46.261
G1 F3600 X52.083 Y42.26 E0.09411
G1 X52.153 Y42.19
G0 F7200 X52.153 Y42.41
G0 X53.574 Y42.41
G0 X53.574 Y42.26
G1 F3600 X56.24 Y44.926 E0.0627
G1 X56.31 Y44.996
G0 F7200 X56.09 Y44.996
G0 X56.09 Y43.759
G0 X56.24 Y43.759
G1 F3600 X53.819 Y46.18 E0.05694
G1 X53.749 Y46.25
G0 F7200 X53.906 Y46.059
G0 X52.857 Y45.516
G0 X51.945 Y45.24
G0 X51 Y45.146
G0 X50.055 Y45.24
G0 X45.903 Y46.657
G0 X45.903 Y46.964
;TYPE:WALL-INNER
G1 F3600 X47.563 Y46.964 E0.02761
G1 X47.789 Y46.71 E0.00565
G1 X48.447 Y46.164 E0.01422
G1 X49.235 Y45.748 E0.01482
G1 X50.102 Y45.483 E0.01508
G1 X51.001 Y45.396 E0.01502
G1 X51.897 Y45.484 E0.01497
G1 X52.761 Y45.745 E0.01501
G1 X53.554 Y46.168 E0.01495
G1 X54.21 Y46.708 E0.01413
G1 X54.435 Y46.964 E0.00567
G1 X56.4 Y46.964 E0.03268
G1 X56.4 Y42.313 E0.07735
G1 X56.274 Y42.101 E0.0041
G1 X43.6 Y42.1 E0.21077
G1 X43.6 Y47.216 E0.08508
G1 X45.605 Y47.216 E0.03334
G1 X45.709 Y47.038 E0.00343
G1 X45.903 Y46.964 E0.00345
G0 F7200 X45.914 Y47.369
;TYPE:WALL-OUTER
G1 F1800 X47.75 Y47.364 E0.03053
G1 X48.018 Y47.043 E0.00695
G1 X48.686 Y46.491 E0.01441
G1 X49.409 Y46.112 E0.01358
G1 X50.196 Y45.876 E0.01366
G1 X51.02 Y45.8 E0.01376
G1 X51.8 Y45.876 E0.01303
G1 X52.627 Y46.127 E0.01437
G1 X53.344 Y46.513 E0.01354
G1 X53.983 Y47.044 E0.01382
G1 X54.247 Y47.364 E0.0069
G1 X56.8 Y47.364 E0.04246
G1 X56.8 Y42.262 E0.08485
G1 X56.635 Y41.879 E0.00694
G1 X56.356 Y41.701 E0.0055
G1 X43.2 Y41.7 E0.21879
G1 X43.2 Y47.316 E0.09339
G1 F1600 X43.25 Y47.816 E0.0094
G1 X43.5 Y47.616 E0.00599
G1 F1800 X45.8 Y47.616 E0.03825
G1 X45.914 Y47.369 E0.00452
G0 F7200 X46.114 Y47.369
G0 X46.114 Y46.657
G0 X43.48 Y47.338
G0 X43.25 Y47.816
G1 F1440 X43.25 Y48.354 E0.01118
G0 F7200 X44.093 Y46.607
G1 F1500 E-6.5
;MESH:NONMESH
G0 F600 X44.093 Y46.607 Z5.7
G0 F7200 X43.907 Y47.407
G0 X44.153 Y48.471
G0 X44.153 Y51.529
G0 X43.903 Y52.612
G0 X43.91 Y55.074
G0 X43.76 Y55.074
;TIME_ELAPSED:561.843587
;LAYER:54
;TYPE:FILL
;MESH:head.stl
G1 F1500 E6.5
G1 F3600 X46.426 Y57.74 E0.0627
G1 X46.496 Y57.81
G0 F7200 X46.496 Y57.59
G0 X47.916 Y57.59
G0 X47.916 Y57.74
G1 F3600 X50.909 Y54.747 E0.07039
G1 X50.979 Y54.677
G0 F7200 X50.956 Y54.909
G0 X50.055 Y54.76
G0 X47.988 Y53.854
G0 X48.083 Y53.739
G1 F3600 X52.083 Y57.74 E0.09409
G1 X52.153 Y57.81
G0 F7200 X52.153 Y57.59
G0 X53.573 Y57.59
G0 X53.573 Y57.74
G1 F3600 X56.24 Y55.073 E0.06272
G1 X56.31 Y55.003
G0 F7200 X56.09 Y55.003
G0 X56.09 Y56.24
G0 X56.24 Y56.24
G1 F3600 X53.818 Y53.818 E0.05696
G1 X53.748 Y53.748
G0 F7200 X53.906 Y53.941
G0 X52.857 Y54.484
G0 X51.945 Y54.76
G0 X51 Y54.854
G0 X50.055 Y54.76
G0 X46.839 Y53.312
G0 X46.839 Y53.16
G1 F3600 X43.76 Y56.239 E0.07241
G1 X43.69 Y56.309
G0 F7200 X43.91 Y56.309
G0 X51.92 Y54.823
G0 X51.891 Y54.513
;TYPE:WALL-INNER
G1 F3600 X51 Y54.596 E0.01488
G1 X50.103 Y54.513 E0.01498
G1 X49.236 Y54.253 E0.01505
G1 X48.443 Y53.829 E0.01495
G1 X47.786 Y53.288 E0.01415
G1 X47.536 Y53 E0.00634
G1 X45.899 Y53 E0.02722
G1 X45.695 Y52.917 E0.00366
G1 X45.584 Y52.724 E0.0037
G1 X43.6 Y52.724 E0.03299
G1 X43.6 Y57.9 E0.08608
G1 X56.272 Y57.9 E0.21074
G1 X56.4 Y57.683 E0.00419
G1 X56.4 Y53 E0.07788
G1 X54.46 Y53 E0.03226
G1 X54.21 Y53.288 E0.00634
G1 X53.553 Y53.829 E0.01415
G1 X52.761 Y54.255 E0.01496
G1 X51.891 Y54.513 E0.01509
G0 F7200 X51.8 Y54.12
;TYPE:WALL-OUTER
G1 F1800 X50.98 Y54.196 E0.0137
G1 X50.196 Y54.12 E0.0131
G1 X49.373 Y53.873 E0.01429
G1 X48.652 Y53.483 E0.01363
G1 X48.04 Y52.979 E0.01318
G1 X47.725 Y52.6 E0.0082
G1 X45.91 Y52.595 E0.03018
G1 X45.8 Y52.4 E0.00372
G1 X45.8 Y52.324 E0.00126
G1 X43.5 Y52.324 E0.03825
G1 F1589.4 X43.251 Y52.167 E0.00554
G1 X43.2 Y52.624 E0.00866
G1 F1800 X43.2 Y58.3 E0.09439
G1 X56.354 Y58.3 E0.21875
G1 X56.635 Y58.12 E0.00555
G1 X56.8 Y57.734 E0.00698
G1 X56.8 Y52.6 E0.08538
G1 X54.271 Y52.6 E0.04206
G1 X53.956 Y52.979 E0.0082
G1 X53.311 Y53.505 E0.01384
G1 X52.627 Y53.873 E0.01292
G1 X51.8 Y54.12 E0.01435
G0 F7200 X51.601 Y54.138
G0 X51.67 Y54.848
G0 X43.48 Y52.604
G0 X43.251 Y52.167
G1 F1431.4 X43.25 Y51.594 E0.01198
G0 F7200 X44.092 Y53.334
G1 F1500 E-6.5
G0 F7200 X45.576 Y52.549
G0 X45.576 Y51.459
G0 X45.577 Y48.54
G0 X45.576 Y47.173
G0 X46.836 Y46.687
G0 X46.836 Y46.836
;TYPE:FILL
G1 F1500 E6.5
G1 F3600 X43.76 Y43.76 E0.07234
G1 X43.69 Y43.69
G0 F7200 X43.91 Y43.69
G0 X43.91 Y44.925
G0 X43.76 Y44.925
G1 F3600 X46.426 Y42.26 E0.06269
G1 X46.496 Y42.19
G0 F7200 X46.496 Y42.41
G0 X47.917 Y42.41
G0 X47.917 Y42.26
G1 F3600 X50.901 Y45.244 E0.07018
G1 X50.971 Y45.314
G0 F7200 X50.95 Y45.091
G0 X50.055 Y45.24
G0 X48.008 Y46.13
G0 X48.1 Y46.243
G1 F3600 X52.083 Y42.26 E0.09367
G1 X52.153 Y42.19
G0 F7200 X52.153 Y42.41
G0 X53.574 Y42.41
G0 X53.574 Y42.26
G1 F3600 X56.24 Y44.927 E0.06271
G1 X56.31 Y44.997
G0 F7200 X56.09 Y44.997
G0 X56.09 Y43.759
G0 X56.24 Y43.759
G1 F3600 X53.819 Y46.18 E0.05694
G1 X53.749 Y46.25
G0 F7200 X53.906 Y46.059
G0 X52.857 Y45.516
G0 X51.945 Y45.24
G0 X51 Y45.146
G0 X50.055 Y45.24
G0 X45.899 Y46.687
G0 X45.899 Y46.996
;TYPE:WALL-INNER
G1 F3600 X47.536 Y46.996 E0.02722
G1 X47.786 Y46.708 E0.00634
G1 X48.444 Y46.166 E0.01418
G1 X49.235 Y45.748 E0.01488
G1 X50.102 Y45.483 E0.01508
G1 X51.001 Y45.396 E0.01502
G1 X51.897 Y45.484 E0.01497
G1 X52.761 Y45.745 E0.01501
G1 X53.554 Y46.168 E0.01495
G1 X54.21 Y46.708 E0.01413
G1 X54.46 Y46.996 E0.00634
G1 X56.4 Y46.996 E0.03226
G1 X56.4 Y42.313 E0.07788
G1 X56.274 Y42.101 E0.0041
G1 X43.6 Y42.1 E0.21077
G1 X43.6 Y47.275 E0.08606
G1 X45.584 Y47.272 E0.03299
G1 X45.694 Y47.079 E0.00369
G1 X45.899 Y46.996 E0.00368
G0 F7200 X45.91 Y47.401
;TYPE:WALL-OUTER
G1 F1800 X47.725 Y47.396 E0.03018
G1 X48.04 Y47.017 E0.0082
G1 X48.652 Y46.513 E0.01318
G1 X49.409 Y46.112 E0.01425
G1 X50.196 Y45.876 E0.01366
G1 X51.02 Y45.8 E0.01376
G1 X51.8 Y45.876 E0.01303
G1 X52.627 Y46.127 E0.01437
G1 X53.344 Y46.513 E0.01354
G1 X53.956 Y47.017 E0.01318
G1 X54.271 Y47.396 E0.0082
G1 X56.8 Y47.396 E0.04206
G1 X56.8 Y42.262 E0.08538
G1 X56.635 Y41.879 E0.00694
G1 X56.356 Y41.701 E0.0055
G1 X43.2 Y41.7 E0.21879
G1 X43.2 Y47.377 E0.09441
G1 F1600 X43.25 Y47.876 E0.00938
G1 X43.499 Y47.676 E0.00598
G1 F1800 X45.8 Y47.672 E0.03827
G1 X45.8 Y47.596 E0.00126
G1 X45.91 Y47.401 E0.00372
G0 F7200 X46.11 Y47.401
G0 X46.11 Y47.087
G0 X43.48 Y47.396
G0 X43.25 Y47.876
G1 F1440 X43.25 Y48.402 E0.01093
G0 F7200 X44.093 Y46.665
G1 F1500 E-6.5
;MESH:NONMESH
G0 F600 X44.093 Y46.665 Z5.8
G0 F7200 X43.907 Y47.465
G0 X44.153 Y48.529
G0 X44.153 Y51.471
G0 X43.903 Y52.554
G0 X43.91 Y55.074
G0 X43.76 Y55.074
;TIME_ELAPSED:569.399642
;LAYER:55
;TYPE:FILL
;MESH:head.stl
G1 F1500 E6.5
G1 F3600 X46.426 Y57.74 E0.0627
G1 X46.496 Y57.81
G0 F7200 X46.496 Y57.59
G0 X47.916 Y57.59
G0 X47.916 Y57.74
G1 F3600 X50.909 Y54.747 E0.07039
G1 X50.979 Y54.677
G0 F7200 X50.956 Y54.909
G0 X50.055 Y54.76
G0 X47.988 Y53.854
G0 X48.083 Y53.739
G1 F3600 X52.083 Y57.74 E0.09409
G1 X52.153 Y57.81
G0 F7200 X52.153 Y57.59
G0 X53.573 Y57.59
G0 X53.573 Y57.74
G1 F3600 X56.24 Y55.073 E0.06272
G1 X56.31 Y55.003
G0 F7200 X56.09 Y55.003
G0 X56.09 Y56.24
G0 X56.24 Y56.24
G1 F3600 X53.818 Y53.818 E0.05696
G1 X53.748 Y53.748
G0 F7200 X53.906 Y53.941
G0 X52.857 Y54.484
G0 X51.945 Y54.76
G0 X51 Y54.854
G0 X50.055 Y54.76
G0 X46.867 Y53.282
G0 X46.867 Y53.132
G1 F3600 X43.76 Y56.239 E0.07307
G1 X43.69 Y56.309
G0 F7200 X43.91 Y56.309
G0 X51.92 Y54.823
G0 X51.891 Y54.513
;TYPE:WALL-INNER
G1 F3600 X51 Y54.596 E0.01488
G1 X50.103 Y54.513 E0.01498
G1 X49.236 Y54.253 E0.01505
G1 X48.443 Y53.829 E0.01495
G1 X47.786 Y53.288 E0.01415
G1 X47.51 Y52.972 E0.00698
G1 X45.893 Y52.972 E0.02689
G1 X45.676 Y52.878 E0.00393
G1 X45.559 Y52.664 E0.00406
G1 X43.6 Y52.664 E0.03258
G1 X43.6 Y57.9 E0.08708
G1 X56.272 Y57.9 E0.21074
G1 X56.4 Y57.683 E0.00419
G1 X56.4 Y52.972 E0.07834
G1 X54.486 Y52.972 E0.03183
G1 X54.21 Y53.288 E0.00698
G1 X53.553 Y53.829 E0.01415
G1 X52.761 Y54.255 E0.01496
G1 X51.891 Y54.513 E0.01509
G0 F7200 X51.8 Y54.12
;TYPE:WALL-OUTER
G1 F1800 X50.98 Y54.196 E0.0137
G1 X50.196 Y54.12 E0.0131
G1 X49.373 Y53.873 E0.01429
G1 X48.652 Y53.483 E0.01363
G1 X48.04 Y52.979 E0.01318
G1 X47.698 Y52.572 E0.00884
G1 X45.906 Y52.566 E0.0298
G1 X45.8 Y52.372 E0.00368
G1 X45.8 Y52.264 E0.0018
G1 X43.5 Y52.264 E0.03825
G1 F1589.4 X43.251 Y52.107 E0.00554
G1 X43.2 Y52.564 E0.00866
G1 F1800 X43.2 Y58.3 E0.09539
G1 X56.354 Y58.3 E0.21875
G1 X56.635 Y58.12 E0.00555
G1 X56.8 Y57.734 E0.00698
G1 X56.8 Y52.572 E0.08584
G1 X54.298 Y52.572 E0.04161
G1 X53.956 Y52.979 E0.00884
G1 X53.311 Y53.505 E0.01384
G1 X52.627 Y53.873 E0.01292
G1 X51.8 Y54.12 E0.01435
G0 F7200 X51.601 Y54.138
G0 X51.67 Y54.848
G0 X43.48 Y52.546
G0 X43.251 Y52.107
G1 F1431.4 X43.25 Y51.538 E0.0119
G0 F7200 X44.092 Y53.276
G1 F1500 E-6.5
G0 F7200 X45.576 Y52.491
G0 X45.576 Y51.401
G0 X45.577 Y48.598
G0 X45.576 Y47.203
G0 X46.864 Y46.717
G0 X46.864 Y46.864
;TYPE:FILL
G1 F1500 E6.5
G1 F3600 X43.76 Y43.76 E0.073
G1 X43.69 Y43.69
G0 F7200 X43.91 Y43.69
G0 X43.91 Y44.925
G0 X43.76 Y44.925
G1 F3600 X46.426 Y42.26 E0.06269
G1 X46.496 Y42.19
G0 F7200 X46.496 Y42.41
G0 X47.917 Y42.41
G0 X47.917 Y42.26
G1 F3600 X50.901 Y45.244 E0.07018
G1 X50.971 Y45.314
G0 F7200 X50.95 Y45.091
G0 X50.055 Y45.24
G0 X48.008 Y46.13
G0 X48.1 Y46.243
G1 F3600 X52.083 Y42.26 E0.09367
G1 X52.153 Y42.19
G0 F7200 X52.153 Y42.41
G0 X53.574 Y42.41
G0 X53.574 Y42.26
G1 F3600 X56.24 Y44.927 E0.06271
G1 X56.31 Y44.997
G0 F7200 X56.09 Y44.997
G0 X56.09 Y43.759
G0 X56.24 Y43.759
G1 F3600 X53.819 Y46.18 E0.05694
G1 X53.749 Y46.25
G0 F7200 X53.906 Y46.059
G0 X52.857 Y45.516
G0 X51.945 Y45.24
G0 X51 Y45.146
G0 X50.055 Y45.24
G0 X45.893 Y46.717
G0 X45.893 Y47.024
;TYPE:WALL-INNER
G1 F3600 X47.512 Y47.024 E0.02692
G1 X47.786 Y46.708 E0.00696
G1 X48.444 Y46.166 E0.01418
G1 X49.235 Y45.748 E0.01488
G1 X50.102 Y45.483 E0.01508
G1 X51.001 Y45.396 E0.01502
G1 X51.897 Y45.484 E0.01497
G1 X52.761 Y45.745 E0.01501
G1 X53.555 Y46.168 E0.01496
G1 X54.214 Y46.712 E0.01421
G1 X54.486 Y47.024 E0.00688
G1 X56.4 Y47.024 E0.03183
G1 X56.4 Y42.313 E0.07834
G1 X56.274 Y42.101 E0.0041
G1 X43.6 Y42.1 E0.21077
G1 X43.6 Y47.332 E0.08701
G1 X45.559 Y47.332 E0.03258
G1 X45.676 Y47.118 E0.00406
G1 X45.893 Y47.024 E0.00393
G0 F7200 X45.906 Y47.43
;TYPE:WALL-OUTER
G1 F1800 X47.701 Y47.424 E0.02985
G1 X48.04 Y47.017 E0.00881
G1 X48.652 Y46.513 E0.01318
G1 X49.409 Y46.112 E0.01425
G1 X50.196 Y45.876 E0.01366
G1 X51.02 Y45.8 E0.01376
G1 X51.8 Y45.876 E0.01303
G1 X52.627 Y46.127 E0.01437
G1 X53.344 Y46.513 E0.01354
G1 X53.957 Y47.018 E0.01321
G1 X54.298 Y47.424 E0.00882
G1 X56.8 Y47.424 E0.04161
G1 X56.8 Y42.262 E0.08584
G1 X56.635 Y41.879 E0.00694
G1 X56.356 Y41.701 E0.0055
G1 X43.2 Y41.7 E0.21879
G1 X43.2 Y47.432 E0.09532
G1 F1600 X43.25 Y47.932 E0.0094
G1 X43.5 Y47.732 E0.00599
G1 F1800 X45.8 Y47.732 E0.03825
G1 X45.8 Y47.624 E0.0018
G1 X45.906 Y47.43 E0.00368
G0 F7200 X46.106 Y47.43
G0 X46.106 Y46.717
G0 X43.48 Y47.454
G0 X43.25 Y47.932
G1 F1440 X43.25 Y48.458 E0.01093
G0 F7200 X44.093 Y46.723
G1 F1500 E-6.5
;MESH:NONMESH
G0 F600 X44.093 Y46.723 Z5.9
G0 F7200 X43.907 Y47.523
G0 X44.153 Y48.587
G0 X44.153 Y51.413
G0 X43.903 Y52.496
G0 X43.91 Y55.074
G0 X43.76 Y55.074
;TIME_ELAPSED:576.979727
;LAYER:56
;TYPE:FILL
;MESH:head.stl
G1 F1500 E6.5
G1 F3600 X46.426 Y57.74 E0.0627
G1 X46.496 Y57.81
G0 F7200 X46.496 Y57.59
G0 X47.916 Y57.59
G0 X47.916 Y57.74
G1 F3600 X50.909 Y54.747 E0.07039
G1 X50.979 Y54.677
G0 F7200 X50.956 Y54.909
G0 X50.055 Y54.76
G0 X47.988 Y53.854
G0 X48.083 Y53.739
G1 F3600 X52.083 Y57.74 E0.09409
G1 X52.153 Y57.81
G0 F7200 X52.153 Y57.59
G0 X53.573 Y57.59
G0 X53.573 Y57.74
G1 F3600 X56.24 Y55.073 E0.06272
G1 X56.31 Y55.003
G0 F7200 X56.09 Y55.003
G0 X56.09 Y56.24
G0 X56.24 Y56.24
G1 F3600 X53.819 Y53.819 E0.05694
G1 X53.749 Y53.749
G0 F7200 X53.906 Y53.941
G0 X52.857 Y54.484
G0 X51.945 Y54.76
G0 X51 Y54.854
G0 X50.055 Y54.76
G0 X46.9 Y53.252
G0 X46.9 Y53.099
G1 F3600 X43.76 Y56.239 E0.07385
G1 X43.69 Y56.309
G0 F7200 X43.91 Y56.309
G0 X51.92 Y54.823
G0 X51.891 Y54.513
;TYPE:WALL-INNER
G1 F3600 X51 Y54.596 E0.01488
G1 X50.103 Y54.513 E0.01498
G1 X49.236 Y54.253 E0.01505
G1 X48.443 Y53.829 E0.01495
G1 X47.786 Y53.288 E0.01415
G1 X47.485 Y52.94 E0.00765
G1 X45.885 Y52.94 E0.02661
G1 X45.662 Y52.837 E0.00408
G1 X45.542 Y52.608 E0.0043
G1 X43.6 Y52.608 E0.0323
G1 X43.6 Y57.9 E0.08801
G1 X56.272 Y57.9 E0.21074
G1 X56.4 Y57.683 E0.00419
G1 X56.4 Y52.94 E0.07888
G1 X54.511 Y52.94 E0.03141
G1 X54.228 Y53.272 E0.00725
G1 X53.553 Y53.829 E0.01455
G1 X52.761 Y54.255 E0.01496
G1 X51.891 Y54.513 E0.01509
G0 F7200 X51.8 Y54.12
;TYPE:WALL-OUTER
G1 F1800 X50.98 Y54.196 E0.0137
G1 X50.196 Y54.12 E0.0131
G1 X49.373 Y53.873 E0.01429
G1 X48.652 Y53.483 E0.01363
G1 X48.013 Y52.952 E0.01382
G1 X47.673 Y52.54 E0.00888
G1 X45.947 Y52.534 E0.0287
G1 X45.887 Y52.506 E0.0011
G1 X45.8 Y52.34 E0.00312
G1 X45.8 Y52.208 E0.0022
G1 X43.5 Y52.208 E0.03825
G1 F1589.4 X43.251 Y52.051 E0.00554
G1 X43.2 Y52.508 E0.00866
G1 F1800 X43.2 Y58.3 E0.09632
G1 X56.354 Y58.3 E0.21875
G1 X56.635 Y58.12 E0.00555
G1 X56.8 Y57.734 E0.00698
G1 X56.8 Y52.54 E0.08638
G1 X54.323 Y52.54 E0.04119
G1 X53.956 Y52.979 E0.00952
G1 X53.311 Y53.505 E0.01384
G1 X52.627 Y53.873 E0.01292
G1 X51.8 Y54.12 E0.01435
G0 F7200 X51.601 Y54.138
G0 X51.67 Y54.848
G0 X43.48 Y52.488
G0 X43.251 Y52.051
G1 F1431.4 X43.25 Y51.482 E0.0119
G0 F7200 X44.092 Y53.218
G1 F1500 E-6.5
G0 F7200 X45.576 Y52.434
G0 X45.576 Y51.344
G0 X45.578 Y48.655
G0 X45.576 Y47.233
G0 X46.896 Y46.747
G0 X46.896 Y46.896
;TYPE:FILL
G1 F1500 E6.5
G1 F3600 X43.76 Y43.76 E0.07375
G1 X43.69 Y43.69
G0 F7200 X43.91 Y43.69
G0 X43.91 Y44.925
G0 X43.76 Y44.925
G1 F3600 X46.426 Y42.26 E0.06269
G1 X46.496 Y42.19
G0 F7200 X46.496 Y42.41
G0 X47.917 Y42.41
G0 X47.917 Y42.26
G1 F3600 X50.901 Y45.244 E0.07018
G1 X50.971 Y45.314
G0 F7200 X50.95 Y45.091
G0 X50.055 Y45.24
G0 X48.008 Y46.13
G0 X48.1 Y46.243
G1 F3600 X52.083 Y42.26 E0.09367
G1 X52.153 Y42.19
G0 F7200 X52.153 Y42.41
G0 X53.574 Y42.41
G0 X53.574 Y42.26
G1 F3600 X56.24 Y44.926 E0.0627
G1 X56.31 Y44.996
G0 F7200 X56.09 Y44.996
G0 X56.09 Y43.759
G0 X56.24 Y43.759
G1 F3600 X53.819 Y46.18 E0.05694
G1 X53.749 Y46.25
G0 F7200 X53.906 Y46.059
G0 X52.857 Y45.516
G0 X51.945 Y45.24
G0 X51 Y45.146
G0 X50.055 Y45.24
G0 X45.885 Y46.747
G0 X45.885 Y47.056
;TYPE:WALL-INNER
G1 F3600 X47.485 Y47.056 E0.02661
G1 X47.786 Y46.708 E0.00765
G1 X48.444 Y46.166 E0.01418
G1 X49.235 Y45.748 E0.01488
G1 X50.102 Y45.483 E0.01508
G1 X51.001 Y45.396 E0.01502
G1 X51.897 Y45.484 E0.01497
G1 X52.761 Y45.745 E0.01501
G1 X53.555 Y46.168 E0.01496
G1 X54.228 Y46.724 E0.01452
G1 X54.511 Y47.056 E0.00725
G1 X56.4 Y47.056 E0.03141
G1 X56.4 Y42.313 E0.07888
G1 X56.274 Y42.101 E0.0041
G1 X43.6 Y42.1 E0.21077
G1 X43.6 Y47.391 E0.08799
G1 X45.541 Y47.389 E0.03228
G1 X45.662 Y47.16 E0.00431
G1 X45.885 Y47.056 E0.00409
G0 F7200 X45.947 Y47.462
;TYPE:WALL-OUTER
G1 F1800 X47.673 Y47.456 E0.0287
G1 X48.04 Y47.017 E0.00952
G1 X48.652 Y46.513 E0.01318
G1 X49.409 Y46.112 E0.01425
G1 X50.196 Y45.876 E0.01366
G1 X51.02 Y45.8 E0.01376
G1 X51.8 Y45.876 E0.01303
G1 X52.627 Y46.127 E0.01437
G1 X53.344 Y46.513 E0.01354
G1 X53.962 Y47.022 E0.01331
G1 X54.323 Y47.456 E0.00939
G1 X56.8 Y47.456 E0.04119
G1 X56.8 Y42.262 E0.08638
G1 X56.635 Y41.879 E0.00694
G1 X56.356 Y41.701 E0.0055
G1 X43.2 Y41.7 E0.21879
G1 X43.2 Y47.493 E0.09634
G1 F1600 X43.25 Y47.992 E0.00938
G1 X43.499 Y47.792 E0.00598
G1 F1800 X45.8 Y47.788 E0.03827
G1 X45.8 Y47.656 E0.0022
G1 X45.887 Y47.49 E0.00312
G1 X45.947 Y47.462 E0.0011
G0 F7200 X46.147 Y47.462
G0 X46.147 Y46.747
G0 X43.48 Y47.512
G0 X43.25 Y47.992
G1 F1440 X43.25 Y48.514 E0.01085
G0 F7200 X44.093 Y46.781
G1 F1500 E-6.5
;MESH:NONMESH
G0 F600 X44.093 Y46.781 Z6
G0 F7200 X43.904 Y47.581
G0 X44.153 Y48.645
G0 X44.153 Y51.355
G0 X43.898 Y52.438
G0 X43.91 Y55.074
G0 X43.76 Y55.074
;TIME_ELAPSED:584.575393
;LAYER:57
;TYPE:FILL
;MESH:head.stl
G1 F1500 E6.5
G1 F3600 X46.426 Y57.74 E0.0627
G1 X46.496 Y57.81
G0 F7200 X46.496 Y57.59
G0 X47.916 Y57.59
G0 X47.916 Y57.74
G1 F3600 X50.909 Y54.747 E0.07039
G1 X50.979 Y54.677
G0 F7200 X50.956 Y54.909
G0 X50.055 Y54.76
G0 X47.991 Y53.856
G0 X48.085 Y53.742
G1 F3600 X52.083 Y57.74 E0.09403
G1 X52.153 Y57.81
G0 F7200 X52.153 Y57.59
G0 X53.573 Y57.59
G0 X53.573 Y57.74
G1 F3600 X56.24 Y55.073 E0.06272
G1 X56.31 Y55.003
G0 F7200 X56.09 Y55.003
G0 X56.09 Y56.24
G0 X56.24 Y56.24
G1 F3600 X53.819 Y53.819 E0.05694
G1 X53.749 Y53.749
G0 F7200 X53.906 Y53.941
G0 X52.857 Y54.484
G0 X51.945 Y54.76
G0 X51 Y54.854
G0 X50.055 Y54.76
G0 X49.234 Y54.512
G0 X46.931 Y53.221
G0 X46.931 Y53.068
G1 F3600 X43.76 Y56.239 E0.07458
G1 X43.69 Y56.309
G0 F7200 X43.91 Y56.309
G0 X51.92 Y54.823
G0 X51.891 Y54.513
;TYPE:WALL-INNER
G1 F3600 X51 Y54.596 E0.01488
G1 X50.103 Y54.513 E0.01498
G1 X49.236 Y54.253 E0.01505
G1 X48.443 Y53.829 E0.01495
G1 X47.786 Y53.288 E0.01415
G1 X47.46 Y52.908 E0.00833
G1 X45.881 Y52.908 E0.02626
G1 X45.649 Y52.795 E0.00429
G1 X45.524 Y52.551 E0.00456
G1 X43.6 Y52.549 E0.032
G1 X43.6 Y57.9 E0.08899
G1 X56.272 Y57.9 E0.21074
G1 X56.4 Y57.683 E0.00419
G1 X56.4 Y52.909 E0.07939
G1 X54.535 Y52.912 E0.03102
G1 X54.24 Y53.261 E0.0076
G1 X53.554 Y53.829 E0.01481
G1 X52.761 Y54.255 E0.01497
G1 X51.891 Y54.513 E0.01509
G0 F7200 X51.8 Y54.12
;TYPE:WALL-OUTER
G1 F1800 X50.98 Y54.196 E0.0137
G1 X50.196 Y54.12 E0.0131
G1 X49.373 Y53.873 E0.01429
G1 X48.652 Y53.483 E0.01363
G1 X48.04 Y52.979 E0.01318
G1 X47.649 Y52.508 E0.01018
G1 X45.959 Y52.508 E0.0281
G1 X45.883 Y52.471 E0.00141
G1 X45.8 Y52.308 E0.00304
G1 X45.8 Y52.152 E0.00259
G1 X43.499 Y52.148 E0.03827
G1 F1589.4 X43.251 Y51.991 E0.00553
G1 X43.2 Y52.447 E0.00864
G1 F1800 X43.2 Y58.3 E0.09734
G1 X56.354 Y58.3 E0.21875
G1 X56.635 Y58.12 E0.00555
G1 X56.8 Y57.734 E0.00698
G1 X56.8 Y52.509 E0.08689
G1 X54.347 Y52.512 E0.04079
G1 X53.956 Y52.979 E0.01013
G1 X53.311 Y53.505 E0.01384
G1 X52.627 Y53.873 E0.01292
G1 X51.8 Y54.12 E0.01435
G0 F7200 X51.601 Y54.138
G0 X51.67 Y54.848
G0 X43.48 Y52.431
G0 X43.251 Y51.991
G1 F1431.4 X43.25 Y51.398 E0.0124
G0 F7200 X44.092 Y53.161
G1 F1500 E-6.5
G0 F7200 X45.576 Y52.376
G0 X45.576 Y51.286
G0 X45.577 Y48.713
G0 X45.576 Y47.264
G0 X46.928 Y46.778
G0 X46.928 Y46.928
;TYPE:FILL
G1 F1500 E6.5
G1 F3600 X43.76 Y43.76 E0.07451
G1 X43.69 Y43.69
G0 F7200 X43.91 Y43.69
G0 X43.91 Y44.925
G0 X43.76 Y44.925
G1 F3600 X46.426 Y42.26 E0.06269
G1 X46.496 Y42.19
G0 F7200 X46.496 Y42.41
G0 X47.917 Y42.41
G0 X47.917 Y42.26
G1 F3600 X50.901 Y45.244 E0.07018
G1 X50.971 Y45.314
G0 F7200 X50.95 Y45.091
G0 X50.055 Y45.24
G0 X48.01 Y46.128
G0 X48.102 Y46.241
G1 F3600 X52.083 Y42.26 E0.09363
G1 X52.153 Y42.19
G0 F7200 X52.153 Y42.41
G0 X53.574 Y42.41
G0 X53.574 Y42.26
G1 F3600 X56.24 Y44.927 E0.06271
G1 X56.31 Y44.997
G0 F7200 X56.09 Y44.997
G0 X56.09 Y43.759
G0 X56.24 Y43.759
G1 F3600 X53.819 Y46.18 E0.05694
G1 X53.749 Y46.25
G0 F7200 X53.906 Y46.059
G0 X52.857 Y45.516
G0 X51.945 Y45.24
G0 X51 Y45.146
G0 X50.055 Y45.24
G0 X45.88 Y46.778
G0 X45.88 Y47.088
;TYPE:WALL-INNER
G1 F3600 X47.46 Y47.088 E0.02628
G1 X47.786 Y46.708 E0.00833
G1 X48.444 Y46.166 E0.01418
G1 X49.235 Y45.748 E0.01488
G1 X50.102 Y45.483 E0.01508
G1 X51.001 Y45.396 E0.01502
G1 X51.897 Y45.484 E0.01497
G1 X52.761 Y45.745 E0.01501
G1 X53.555 Y46.168 E0.01496
G1 X54.241 Y46.736 E0.01481
G1 X54.536 Y47.088 E0.00764
G1 X56.4 Y47.088 E0.031
G1 X56.4 Y42.313 E0.07941
G1 X56.274 Y42.101 E0.0041
G1 X43.6 Y42.1 E0.21077
G1 X43.6 Y47.448 E0.08894
G1 X45.522 Y47.448 E0.03196
G1 X45.647 Y47.202 E0.00459
G1 X45.88 Y47.088 E0.00431
G0 F7200 X45.959 Y47.488
;TYPE:WALL-OUTER
G1 F1800 X47.649 Y47.488 E0.0281
G1 X48.04 Y47.017 E0.01018
G1 X48.652 Y46.513 E0.01318
G1 X49.409 Y46.112 E0.01425
G1 X50.196 Y45.876 E0.01366
G1 X51.02 Y45.8 E0.01376
G1 X51.8 Y45.876 E0.01303
G1 X52.627 Y46.127 E0.01437
G1 X53.344 Y46.513 E0.01354
G1 X53.966 Y47.026 E0.01341
G1 X54.347 Y47.488 E0.00996
G1 X56.8 Y47.488 E0.04079
G1 X56.8 Y42.262 E0.08691
G1 X56.635 Y41.879 E0.00694
G1 X56.356 Y41.701 E0.0055
G1 X43.2 Y41.7 E0.21879
G1 X43.2 Y47.548 E0.09725
G1 F1600 X43.25 Y48.048 E0.0094
G1 X43.5 Y47.848 E0.00599
G1 F1800 X45.8 Y47.848 E0.03825
G1 X45.8 Y47.688 E0.00266
G1 X45.882 Y47.526 E0.00302
G1 X45.959 Y47.488 E0.00143
G0 F7200 X46.159 Y47.488
G0 X46.159 Y46.778
G0 X43.48 Y47.569
G0 X43.25 Y48.048
G1 F1440 X43.25 Y48.598 E0.01143
G0 F7200 X44.093 Y46.838
G1 F1500 E-6.5
;MESH:NONMESH
G0 F600 X44.093 Y46.838 Z6.1
G0 F7200 X43.907 Y47.638
G0 X44.153 Y48.702
G0 X44.153 Y51.298
G0 X43.903 Y52.381
G0 X43.91 Y55.074
G0 X43.76 Y55.074
;TIME_ELAPSED:592.183566
;LAYER:58
;TYPE:FILL
;MESH:head.stl
G1 F1500 E6.5
G1 F3600 X46.426 Y57.74 E0.0627
G1 X46.496 Y57.81
G0 F7200 X46.496 Y57.59
G0 X47.916 Y57.59
G0 X47.916 Y57.74
G1 F3600 X50.909 Y54.747 E0.07039
G1 X50.979 Y54.677
G0 F7200 X50.956 Y54.909
G0 X50.055 Y54.76
G0 X47.99 Y53.855
G0 X48.084 Y53.741
G1 F3600 X52.083 Y57.74 E0.09405
G1 X52.153 Y57.81
G0 F7200 X52.153 Y57.59
G0 X53.573 Y57.59
G0 X53.573 Y57.74
G1 F3600 X56.24 Y55.073 E0.06272
G1 X56.31 Y55.003
G0 F7200 X56.09 Y55.003
G0 X56.09 Y56.24
G0 X56.24 Y56.24
G1 F3600 X53.817 Y53.817 E0.05699
G1 X53.747 Y53.747
G0 F7200 X53.906 Y53.941
G0 X52.857 Y54.484
G0 X51.945 Y54.76
G0 X51 Y54.854
G0 X50.055 Y54.76
G0 X49.143 Y54.484
G0 X46.979 Y53.171
G0 X46.979 Y53.02
G1 F3600 X43.76 Y56.239 E0.07571
G1 X43.69 Y56.309
G0 F7200 X43.91 Y56.309
G0 X51.92 Y54.823
G0 X51.891 Y54.513
;TYPE:WALL-INNER
G1 F3600 X51 Y54.596 E0.01488
G1 X50.103 Y54.513 E0.01498
G1 X49.236 Y54.253 E0.01505
G1 X48.443 Y53.829 E0.01495
G1 X47.786 Y53.288 E0.01415
G1 X47.418 Y52.86 E0.00939
G1 X45.879 Y52.86 E0.02559
G1 X45.643 Y52.743 E0.00438
G1 X45.517 Y52.492 E0.00467
G1 X43.6 Y52.492 E0.03188
G1 X43.6 Y57.9 E0.08994
G1 X56.272 Y57.9 E0.21074
G1 X56.4 Y57.683 E0.00419
G1 X56.4 Y52.86 E0.08021
G1 X54.578 Y52.86 E0.0303
G1 X54.261 Y53.241 E0.00824
G1 X53.554 Y53.828 E0.01528
G1 X52.761 Y54.255 E0.01498
G1 X51.891 Y54.513 E0.01509
G0 F7200 X51.8 Y54.12
;TYPE:WALL-OUTER
G1 F1800 X50.98 Y54.196 E0.0137
G1 X50.196 Y54.12 E0.0131
G1 X49.373 Y53.873 E0.01429
G1 X48.652 Y53.483 E0.01363
G1 X48.04 Y52.979 E0.01318
G1 X47.606 Y52.46 E0.01125
G1 X45.958 Y52.46 E0.02741
G1 X45.881 Y52.421 E0.00144
G1 X45.8 Y52.26 E0.003
G1 X45.8 Y52.092 E0.00279
G1 X43.5 Y52.092 E0.03825
G1 F1589.4 X43.251 Y51.935 E0.00554
G1 X43.2 Y52.392 E0.00866
G1 F1800 X43.2 Y58.3 E0.09825
G1 X56.354 Y58.3 E0.21875
G1 X56.635 Y58.12 E0.00555
G1 X56.8 Y57.734 E0.00698
G1 X56.8 Y52.46 E0.08771
G1 X54.39 Y52.46 E0.04008
G1 X53.973 Y52.963 E0.01087
G1 X53.311 Y53.505 E0.01423
G1 X52.627 Y53.873 E0.01292
G1 X51.8 Y54.12 E0.01435
G0 F7200 X51.601 Y54.138
G0 X51.67 Y54.848
G0 X43.48 Y52.373
G0 X43.251 Y51.935
G1 F1431.4 X43.25 Y51.318 E0.0129
G0 F7200 X44.092 Y53.103
G1 F1500 E-6.5
G0 F7200 X45.576 Y52.318
G0 X45.576 Y51.228
G0 X45.577 Y48.771
G0 X45.576 Y47.316
G0 X46.979 Y46.83
G0 X46.979 Y46.979
;TYPE:FILL
G1 F1500 E6.5
G1 F3600 X43.76 Y43.76 E0.07571
G1 X43.69 Y43.69
G0 F7200 X43.91 Y43.69
G0 X43.91 Y44.925
G0 X43.76 Y44.925
G1 F3600 X46.426 Y42.26 E0.06269
G1 X46.496 Y42.19
G0 F7200 X46.496 Y42.41
G0 X47.917 Y42.41
G0 X47.917 Y42.26
G1 F3600 X50.901 Y45.244 E0.07018
G1 X50.971 Y45.314
G0 F7200 X50.95 Y45.091
G0 X50.055 Y45.24
G0 X48.01 Y46.128
G0 X48.102 Y46.241
G1 F3600 X52.083 Y42.26 E0.09363
G1 X52.153 Y42.19
G0 F7200 X52.153 Y42.41
G0 X53.574 Y42.41
G0 X53.574 Y42.26
G1 F3600 X56.24 Y44.926 E0.0627
G1 X56.31 Y44.996
G0 F7200 X56.09 Y44.996
G0 X56.09 Y43.759
G0 X56.24 Y43.759
G1 F3600 X53.819 Y46.18 E0.05694
G1 X53.749 Y46.25
G0 F7200 X53.906 Y46.059
G0 X52.857 Y45.516
G0 X51.945 Y45.24
G0 X51 Y45.146
G0 X50.055 Y45.24
G0 X45.881 Y46.83
G0 X45.881 Y47.14
;TYPE:WALL-INNER
G1 F3600 X47.416 Y47.14 E0.02553
G1 X47.786 Y46.708 E0.00946
G1 X48.444 Y46.166 E0.01418
G1 X49.235 Y45.748 E0.01488
G1 X50.102 Y45.483 E0.01508
G1 X51.001 Y45.396 E0.01502
G1 X51.897 Y45.484 E0.01497
G1 X52.761 Y45.745 E0.01501
G1 X53.554 Y46.168 E0.01495
G1 X54.21 Y46.708 E0.01413
G1 X54.579 Y47.139 E0.00944
G1 X56.4 Y47.136 E0.03028
G1 X56.4 Y42.313 E0.08021
G1 X56.274 Y42.101 E0.0041
G1 X43.6 Y42.1 E0.21077
G1 X43.6 Y47.504 E0.08987
G1 X45.519 Y47.504 E0.03191
G1 X45.645 Y47.255 E0.00464
G1 X45.881 Y47.14 E0.00437
G0 F7200 X45.958 Y47.54
;TYPE:WALL-OUTER
G1 F1800 X47.605 Y47.54 E0.02739
G1 X48.04 Y47.017 E0.01131
G1 X48.652 Y46.513 E0.01318
G1 X49.409 Y46.112 E0.01425
G1 X50.196 Y45.876 E0.01366
G1 X51.02 Y45.8 E0.01376
G1 X51.8 Y45.876 E0.01303
G1 X52.627 Y46.127 E0.01437
G1 X53.344 Y46.513 E0.01354
G1 X53.983 Y47.044 E0.01382
G1 X54.391 Y47.539 E0.01067
G1 X56.8 Y47.536 E0.04006
G1 X56.8 Y42.262 E0.08771
G1 X56.635 Y41.879 E0.00694
G1 X56.356 Y41.701 E0.0055
G1 X43.2 Y41.7 E0.21879
G1 X43.2 Y47.604 E0.09818
G1 F1600 X43.25 Y48.104 E0.0094
G1 X43.5 Y47.904 E0.00599
G1 F1800 X45.8 Y47.904 E0.03825
G1 X45.8 Y47.74 E0.00273
G1 X45.881 Y47.578 E0.00301
G1 X45.958 Y47.54 E0.00143
G0 F7200 X46.158 Y47.54
G0 X46.158 Y46.83
G0 X43.48 Y47.627
G0 X43.25 Y48.104
G1 F1440 X43.25 Y48.678 E0.01193
G0 F7200 X44.093 Y46.896
G1 F1500 E-6.5
;MESH:NONMESH
G0 F600 X44.093 Y46.896 Z6.2
G0 F7200 X43.907 Y47.696
G0 X44.153 Y48.76
G0 X44.153 Y51.24
G0 X43.903 Y52.323
G0 X43.91 Y55.074
G0 X43.76 Y55.074
;TIME_ELAPSED:599.813876
;LAYER:59
;TYPE:FILL
;MESH:head.stl
G1 F1500 E6.5
G1 F3600 X46.426 Y57.74 E0.0627
G1 X46.496 Y57.81
G0 F7200 X46.496 Y57.59
G0 X47.916 Y57.59
G0 X47.916 Y57.74
G1 F3600 X50.909 Y54.747 E0.07039
G1 X50.979 Y54.677
G0 F7200 X50.956 Y54.909
G0 X50.055 Y54.76
G0 X47.992 Y53.857
G0 X48.086 Y53.743
G1 F3600 X52.083 Y57.74 E0.094
G1 X52.153 Y57.81
G0 F7200 X52.153 Y57.59
G0 X53.573 Y57.59
G0 X53.573 Y57.74
G1 F3600 X56.24 Y55.073 E0.06272
G1 X56.31 Y55.003
G0 F7200 X56.09 Y55.003
G0 X56.09 Y56.24
G0 X56.24 Y56.24
G1 F3600 X53.819 Y53.819 E0.05694
G1 X53.749 Y53.749
G0 F7200 X53.906 Y53.941
G0 X52.857 Y54.484
G0 X51.945 Y54.76
G0 X51 Y54.854
G0 X50.055 Y54.76
G0 X49.143 Y54.484
G0 X47.035 Y53.117
G0 X47.035 Y52.964
G1 F3600 X43.76 Y56.239 E0.07702
G1 X43.69 Y56.309
G0 F7200 X43.91 Y56.309
G0 X51.92 Y54.823
G0 X51.891 Y54.513
;TYPE:WALL-INNER
G1 F3600 X51 Y54.596 E0.01488
G1 X50.103 Y54.513 E0.01498
G1 X49.236 Y54.253 E0.01505
G1 X48.443 Y53.829 E0.01495
G1 X47.745 Y53.255 E0.01503
G1 X47.378 Y52.804 E0.00967
G1 X45.879 Y52.804 E0.02493
G1 X45.642 Y52.686 E0.0044
G1 X45.516 Y52.435 E0.00467
G1 X43.6 Y52.433 E0.03186
G1 X43.6 Y57.9 E0.09092
G1 X56.272 Y57.9 E0.21074
G1 X56.4 Y57.683 E0.00419
G1 X56.4 Y52.804 E0.08114
G1 X54.619 Y52.804 E0.02962
G1 X54.255 Y53.255 E0.00964
G1 X53.55 Y53.831 E0.01514
G1 X52.761 Y54.255 E0.0149
G1 X51.891 Y54.513 E0.01509
G0 F7200 X51.8 Y54.12
;TYPE:WALL-OUTER
G1 F1800 X50.98 Y54.196 E0.0137
G1 X50.196 Y54.12 E0.0131
G1 X49.373 Y53.873 E0.01429
G1 X48.652 Y53.483 E0.01363
G1 X48.016 Y52.955 E0.01375
G1 X47.568 Y52.404 E0.01181
G1 X45.958 Y52.404 E0.02677
G1 X45.88 Y52.365 E0.00145
G1 X45.8 Y52.204 E0.00299
G1 X45.8 Y52.036 E0.00279
G1 X43.499 Y52.032 E0.03827
G1 F1589.4 X43.251 Y51.875 E0.00553
G1 X43.2 Y52.331 E0.00864
G1 F1800 X43.2 Y58.3 E0.09926
G1 X56.354 Y58.3 E0.21875
G1 X56.635 Y58.12 E0.00555
G1 X56.8 Y57.734 E0.00698
G1 X56.8 Y52.404 E0.08864
G1 X54.428 Y52.404 E0.03945
G1 X53.98 Y52.959 E0.01186
G1 X53.311 Y53.505 E0.01436
G1 X52.627 Y53.873 E0.01292
G1 X51.8 Y54.12 E0.01435
G0 F7200 X51.601 Y54.138
G0 X51.67 Y54.848
G0 X43.48 Y52.315
G0 X43.251 Y51.875
G1 F1431.4 X43.25 Y51.198 E0.01416
G0 F7200 X44.092 Y53.045
G1 F1500 E-6.5
G0 F7200 X45.576 Y52.26
G0 X45.576 Y51.17
G0 X45.577 Y48.829
G0 X45.576 Y47.37
G0 X47.032 Y46.884
G0 X47.032 Y47.032
;TYPE:FILL
G1 F1500 E6.5
G1 F3600 X43.76 Y43.76 E0.07695
G1 X43.69 Y43.69
G0 F7200 X43.91 Y43.69
G0 X43.91 Y44.925
G0 X43.76 Y44.925
G1 F3600 X46.426 Y42.26 E0.06269
G1 X46.496 Y42.19
G0 F7200 X46.496 Y42.41
G0 X47.917 Y42.41
G0 X47.917 Y42.26
G1 F3600 X50.901 Y45.244 E0.07018
G1 X50.971 Y45.314
G0 F7200 X50.95 Y45.091
G0 X50.055 Y45.24
G0 X47.989 Y46.145
G0 X48.082 Y46.26
G1 F3600 X52.083 Y42.26 E0.09409
G1 X52.153 Y42.19
G0 F7200 X52.153 Y42.41
G0 X53.574 Y42.41
G0 X53.574 Y42.26
G1 F3600 X56.24 Y44.926 E0.0627
G1 X56.31 Y44.996
G0 F7200 X56.09 Y44.996
G0 X56.09 Y43.759
G0 X56.24 Y43.759
G1 F3600 X53.819 Y46.18 E0.05694
G1 X53.749 Y46.25
G0 F7200 X53.906 Y46.059
G0 X52.857 Y45.516
G0 X51.945 Y45.24
G0 X51 Y45.146
G0 X50.055 Y45.24
G0 X45.878 Y46.884
G0 X45.878 Y47.192
;TYPE:WALL-INNER
G1 F3600 X47.379 Y47.192 E0.02496
G1 X47.74 Y46.751 E0.00948
G1 X48.447 Y46.164 E0.01528
G1 X49.235 Y45.748 E0.01482
G1 X50.102 Y45.483 E0.01508
G1 X51.001 Y45.396 E0.01502
G1 X51.897 Y45.484 E0.01497
G1 X52.761 Y45.745 E0.01501
G1 X53.554 Y46.168 E0.01495
G1 X54.255 Y46.745 E0.0151
G1 X54.618 Y47.192 E0.00958
G1 X56.4 Y47.192 E0.02963
G1 X56.4 Y42.313 E0.08114
G1 X56.274 Y42.101 E0.0041
G1 X43.6 Y42.1 E0.21077
G1 X43.6 Y47.564 E0.09087
G1 X45.514 Y47.564 E0.03183
G1 X45.641 Y47.31 E0.00472
G1 X45.878 Y47.192 E0.0044
G0 F7200 X45.958 Y47.592
;TYPE:WALL-OUTER
G1 F1800 X47.569 Y47.592 E0.02679
G1 X48.044 Y47.018 E0.01239
G1 X48.686 Y46.491 E0.01381
G1 X49.409 Y46.112 E0.01358
G1 X50.196 Y45.876 E0.01366
G1 X51.02 Y45.8 E0.01376
G1 X51.8 Y45.876 E0.01303
G1 X52.627 Y46.127 E0.01437
G1 X53.344 Y46.513 E0.01354
G1 X53.984 Y47.045 E0.01384
G1 X54.428 Y47.592 E0.01172
G1 X56.8 Y47.592 E0.03945
G1 X56.8 Y42.262 E0.08864
G1 X56.635 Y41.879 E0.00694
G1 X56.356 Y41.701 E0.0055
G1 X43.2 Y41.7 E0.21879
G1 X43.2 Y47.664 E0.09918
G1 F1600 X43.25 Y48.164 E0.0094
G1 X43.5 Y47.964 E0.00599
G1 F1800 X45.8 Y47.964 E0.03825
G1 X45.8 Y47.792 E0.00286
G1 X45.88 Y47.631 E0.00299
G1 X45.958 Y47.592 E0.00145
G0 F7200 X46.158 Y47.592
G0 X46.158 Y46.884
G0 X43.48 Y47.685
G0 X43.25 Y48.164
G1 F1440 X43.25 Y48.798 E0.01318
G0 F7200 X44.093 Y46.954
G1 F1500 E-6.5
;MESH:NONMESH
G0 F600 X44.093 Y46.954 Z6.3
G0 F7200 X43.907 Y47.754
G0 X44.153 Y48.818
G0 X44.153 Y51.182
G0 X43.903 Y52.265
G0 X43.91 Y55.074
G0 X43.76 Y55.074
;TIME_ELAPSED:607.473223
;LAYER:60
;TYPE:FILL
;MESH:head.stl
G1 F1500 E6.5
G1 F3600 X46.426 Y57.74 E0.0627
G1 X46.496 Y57.81
G0 F7200 X46.496 Y57.59
G0 X47.916 Y57.59
G0 X47.916 Y57.74
G1 F3600 X50.909 Y54.747 E0.07039
G1 X50.979 Y54.677
G0 F7200 X50.956 Y54.909
G0 X50.055 Y54.76
G0 X47.988 Y53.854
G0 X48.083 Y53.739
G1 F3600 X52.083 Y57.74 E0.09409
G1 X52.153 Y57.81
G0 F7200 X52.153 Y57.59
G0 X53.573 Y57.59
G0 X53.573 Y57.74
G1 F3600 X56.24 Y55.073 E0.06272
G1 X56.31 Y55.003
G0 F7200 X56.09 Y55.003
G0 X56.09 Y56.24
G0 X56.24 Y56.24
G1 F3600 X53.819 Y53.819 E0.05694
G1 X53.749 Y53.749
G0 F7200 X53.906 Y53.941
G0 X52.857 Y54.484
G0 X51.945 Y54.76
G0 X51 Y54.854
G0 X50.055 Y54.76
G0 X49.143 Y54.484
G0 X47.087 Y53.064
G0 X47.087 Y52.912
G1 F3600 X43.76 Y56.239 E0.07825
G1 X43.69 Y56.309
G0 F7200 X43.91 Y56.309
G0 X51.92 Y54.823
G0 X51.891 Y54.513
;TYPE:WALL-INNER
G1 F3600 X51 Y54.596 E0.01488
G1 X50.103 Y54.513 E0.01498
G1 X49.236 Y54.253 E0.01505
G1 X48.443 Y53.829 E0.01495
G1 X47.742 Y53.252 E0.0151
G1 X47.329 Y52.752 E0.01078
G1 X45.879 Y52.752 E0.02411
G1 X45.639 Y52.632 E0.00446
G1 X45.511 Y52.376 E0.00476
G1 X43.6 Y52.376 E0.03178
G1 X43.6 Y57.9 E0.09186
G1 X56.272 Y57.9 E0.21074
G1 X56.4 Y57.683 E0.00419
G1 X56.4 Y52.752 E0.082
G1 X54.667 Y52.752 E0.02882
G1 X54.254 Y53.252 E0.01078
G1 X53.553 Y53.829 E0.0151
G1 X52.761 Y54.255 E0.01496
G1 X51.891 Y54.513 E0.01509
G0 F7200 X51.8 Y54.12
;TYPE:WALL-OUTER
G1 F1800 X50.98 Y54.196 E0.0137
G1 X50.196 Y54.12 E0.0131
G1 X49.373 Y53.873 E0.01429
G1 X48.652 Y53.483 E0.01363
G1 X48.013 Y52.952 E0.01382
G1 X47.517 Y52.352 E0.01295
G1 X45.959 Y52.352 E0.02591
G1 X45.879 Y52.312 E0.00149
G1 X45.8 Y52.152 E0.00297
G1 X45.8 Y51.976 E0.00293
G1 X43.5 Y51.976 E0.03825
G1 F1589.4 X43.251 Y51.819 E0.00554
G1 X43.2 Y52.276 E0.00866
G1 F1800 X43.2 Y58.3 E0.10018
G1 X56.354 Y58.3 E0.21875
G1 X56.635 Y58.12 E0.00555
G1 X56.8 Y57.734 E0.00698
G1 X56.8 Y52.352 E0.0895
G1 X54.479 Y52.352 E0.0386
G1 X53.956 Y52.979 E0.01358
G1 X53.311 Y53.505 E0.01384
G1 X52.627 Y53.873 E0.01292
G1 X51.8 Y54.12 E0.01435
G0 F7200 X51.601 Y54.138
G0 X51.67 Y54.848
G0 X43.48 Y52.258
G0 X43.251 Y51.819
G1 F1431.4 X43.25 Y51.076 E0.01554
G0 F7200 X44.092 Y52.988
G1 F1500 E-6.5
G0 F7200 X45.576 Y52.203
G0 X45.576 Y51.113
G0 X45.577 Y48.886
G0 X45.576 Y47.423
G0 X47.083 Y46.937
G0 X47.083 Y47.083
;TYPE:FILL
G1 F1500 E6.5
G1 F3600 X43.76 Y43.76 E0.07815
G1 X43.69 Y43.69
G0 F7200 X43.91 Y43.69
G0 X43.91 Y44.925
G0 X43.76 Y44.925
G1 F3600 X46.426 Y42.26 E0.06269
G1 X46.496 Y42.19
G0 F7200 X46.496 Y42.41
G0 X47.917 Y42.41
G0 X47.917 Y42.26
G1 F3600 X50.901 Y45.244 E0.07018
G1 X50.971 Y45.314
G0 F7200 X50.95 Y45.091
G0 X50.055 Y45.24
G0 X48.01 Y46.128
G0 X48.102 Y46.241
G1 F3600 X52.083 Y42.26 E0.09363
G1 X52.153 Y42.19
G0 F7200 X52.153 Y42.41
G0 X53.574 Y42.41
G0 X53.574 Y42.26
G1 F3600 X56.24 Y44.927 E0.06271
G1 X56.31 Y44.997
G0 F7200 X56.09 Y44.997
G0 X56.09 Y43.759
G0 X56.24 Y43.759
G1 F3600 X53.819 Y46.18 E0.05694
G1 X53.749 Y46.25
G0 F7200 X53.906 Y46.059
G0 X52.857 Y45.516
G0 X51.945 Y45.24
G0 X51 Y45.146
G0 X50.055 Y45.24
G0 X45.879 Y46.937
G0 X45.879 Y47.244
;TYPE:WALL-INNER
G1 F3600 X47.329 Y47.244 E0.02411
G1 X47.742 Y46.744 E0.01078
G1 X48.444 Y46.166 E0.01512
G1 X49.235 Y45.748 E0.01488
G1 X50.102 Y45.483 E0.01508
G1 X51.001 Y45.396 E0.01502
G1 X51.897 Y45.484 E0.01497
G1 X52.761 Y45.745 E0.01501
G1 X53.554 Y46.168 E0.01495
G1 X54.255 Y46.745 E0.0151
G1 X54.667 Y47.247 E0.0108
G1 X56.4 Y47.245 E0.02882
G1 X56.4 Y42.313 E0.08202
G1 X56.274 Y42.101 E0.0041
G1 X43.6 Y42.1 E0.21077
G1 X43.6 Y47.62 E0.0918
G1 X45.511 Y47.62 E0.03178
G1 X45.639 Y47.364 E0.00476
G1 X45.879 Y47.244 E0.00446
G0 F7200 X45.959 Y47.644
;TYPE:WALL-OUTER
G1 F1800 X47.517 Y47.644 E0.02591
G1 X48.04 Y47.017 E0.01358
G1 X48.652 Y46.513 E0.01318
G1 X49.409 Y46.112 E0.01425
G1 X50.196 Y45.876 E0.01366
G1 X51.02 Y45.8 E0.01376
G1 X51.8 Y45.876 E0.01303
G1 X52.627 Y46.127 E0.01437
G1 X53.344 Y46.513 E0.01354
G1 X53.983 Y47.044 E0.01382
G1 X54.479 Y47.647 E0.01298
G1 X56.8 Y47.644 E0.0386
G1 X56.8 Y42.262 E0.0895
G1 X56.635 Y41.879 E0.00694
G1 X56.356 Y41.701 E0.0055
G1 X43.2 Y41.7 E0.21879
G1 X43.2 Y47.72 E0.10011
G1 F1600 X43.25 Y48.22 E0.0094
G1 X43.5 Y48.02 E0.00599
G1 F1800 X45.8 Y48.02 E0.03825
G1 X45.8 Y47.844 E0.00293
G1 X45.879 Y47.684 E0.00297
G1 X45.959 Y47.644 E0.00149
G0 F7200 X46.159 Y47.644
G0 X46.159 Y46.937
G0 X43.48 Y47.742
G0 X43.25 Y48.22
G1 F1440 X43.25 Y48.922 E0.01459
G0 F7200 X44.093 Y47.011
G1 F1500 E-6.5
;MESH:NONMESH
G0 F600 X44.093 Y47.011 Z6.4
G0 F7200 X43.907 Y47.811
G0 X44.153 Y48.875
G0 X44.153 Y51.125
G0 X43.903 Y52.208
G0 X43.91 Y55.074
G0 X43.76 Y55.074
;TIME_ELAPSED:615.157628
;LAYER:61
;TYPE:FILL
;MESH:head.stl
G1 F1500 E6.5
G1 F3600 X46.426 Y57.74 E0.0627
G1 X46.496 Y57.81
G0 F7200 X46.496 Y57.59
G0 X47.916 Y57.59
G0 X47.916 Y57.74
G1 F3600 X50.909 Y54.747 E0.07039
G1 X50.979 Y54.677
G0 F7200 X50.956 Y54.909
G0 X50.055 Y54.76
G0 X47.986 Y53.852
G0 X48.081 Y53.738
G1 F3600 X52.083 Y57.74 E0.09412
G1 X52.153 Y57.81
G0 F7200 X52.153 Y57.59
G0 X53.573 Y57.59
G0 X53.573 Y57.74
G1 F3600 X56.24 Y55.073 E0.06272
G1 X56.31 Y55.003
G0 F7200 X56.09 Y55.003
G0 X56.09 Y56.24
G0 X56.24 Y56.24
G1 F3600 X53.819 Y53.819 E0.05694
G1 X53.749 Y53.749
G0 F7200 X53.906 Y53.941
G0 X52.857 Y54.484
G0 X51.945 Y54.76
G0 X51 Y54.854
G0 X50.055 Y54.76
G0 X49.143 Y54.484
G0 X48.303 Y54.035
G0 X47.15 Y53.017
G0 X47.266 Y52.923
G1 F3600 X47.204 Y52.86 E0.00147
G1 X47.139 Y52.86
G1 X43.76 Y56.239 E0.07947
G1 X43.69 Y56.309
G0 F7200 X43.91 Y56.309
G0 X51.92 Y54.823
G0 X51.891 Y54.513
;TYPE:WALL-INNER
G1 F3600 X51 Y54.596 E0.01488
G1 X50.103 Y54.513 E0.01498
G1 X49.236 Y54.253 E0.01505
G1 X48.443 Y53.829 E0.01495
G1 X47.744 Y53.254 E0.01505
G1 X47.289 Y52.7 E0.01192
G1 X45.878 Y52.7 E0.02347
G1 X45.637 Y52.579 E0.00448
G1 X45.509 Y52.32 E0.0048
G1 X43.6 Y52.32 E0.03175
G1 X43.6 Y57.9 E0.0928
G1 X56.272 Y57.9 E0.21074
G1 X56.4 Y57.683 E0.00419
G1 X56.4 Y52.7 E0.08287
G1 X54.71 Y52.7 E0.0281
G1 X54.256 Y53.254 E0.01191
G1 X53.55 Y53.831 E0.01516
G1 X52.761 Y54.255 E0.0149
G1 X51.891 Y54.513 E0.01509
G0 F7200 X51.8 Y54.12
;TYPE:WALL-OUTER
G1 F1800 X50.98 Y54.196 E0.0137
G1 X50.196 Y54.12 E0.0131
G1 X49.373 Y53.873 E0.01429
G1 X48.652 Y53.483 E0.01363
G1 X48.017 Y52.956 E0.01372
G1 X47.478 Y52.3 E0.01412
G1 X45.959 Y52.3 E0.02526
G1 X45.879 Y52.26 E0.00149
G1 X45.8 Y52.1 E0.00297
G1 X45.8 Y51.92 E0.00299
G1 X43.5 Y51.92 E0.03825
G1 F1589.4 X43.251 Y51.763 E0.00554
G1 X43.2 Y52.22 E0.00866
G1 F1800 X43.2 Y58.3 E0.10111
G1 X56.354 Y58.3 E0.21875
G1 X56.635 Y58.12 E0.00555
G1 X56.8 Y57.734 E0.00698
G1 X56.8 Y52.3 E0.09037
G1 X54.522 Y52.3 E0.03788
G1 X53.983 Y52.956 E0.01412
G1 X53.311 Y53.505 E0.01443
G1 X52.627 Y53.873 E0.01292
G1 X51.8 Y54.12 E0.01435
G0 F7200 X51.601 Y54.138
G0 X51.67 Y54.848
G0 X43.48 Y52.2
G0 X43.251 Y51.763
G1 F1431.4 X43.25 Y50.89 E0.01826
G0 F7200 X44.092 Y52.93
G1 F1500 E-6.5
G0 F7200 X45.576 Y52.145
G0 X45.576 Y51.055
G0 X45.577 Y48.944
G0 X45.576 Y47.477
G0 X47.14 Y46.99
G0 X47.14 Y47.14
;TYPE:FILL
G1 F1500 E6.5
G1 F3600 X43.76 Y43.76 E0.07949
G1 X43.69 Y43.69
G0 F7200 X43.91 Y43.69
G0 X43.91 Y44.925
G0 X43.76 Y44.925
G1 F3600 X46.426 Y42.26 E0.06269
G1 X46.496 Y42.19
G0 F7200 X46.496 Y42.41
G0 X47.917 Y42.41
G0 X47.917 Y42.26
G1 F3600 X50.901 Y45.244 E0.07018
G1 X50.971 Y45.314
G0 F7200 X50.95 Y45.091
G0 X50.055 Y45.24
G0 X47.997 Y46.139
G0 X48.09 Y46.253
G1 F3600 X52.083 Y42.26 E0.09391
G1 X52.153 Y42.19
G0 F7200 X52.153 Y42.41
G0 X53.574 Y42.41
G0 X53.574 Y42.26
G1 F3600 X56.24 Y44.927 E0.06271
G1 X56.31 Y44.997
G0 F7200 X56.09 Y44.997
G0 X56.09 Y43.759
G0 X56.24 Y43.759
G1 F3600 X53.819 Y46.18 E0.05694
G1 X53.749 Y46.25
G0 F7200 X53.906 Y46.06
G0 X52.857 Y45.516
G0 X51.945 Y45.24
G0 X51 Y45.146
G0 X50.055 Y45.24
G0 X49.143 Y45.516
G0 X48.303 Y45.965
G0 X47.151 Y46.982
G0 X47.265 Y47.077
G1 F3600 X47.202 Y47.14 E0.00148
G0 F7200 X47.149 Y47
G0 X45.879 Y46.991
G0 X45.879 Y47.3
;TYPE:WALL-INNER
G1 F3600 X47.289 Y47.3 E0.02345
G1 X47.743 Y46.747 E0.0119
G1 X48.448 Y46.164 E0.01521
G1 X49.235 Y45.748 E0.0148
G1 X50.102 Y45.483 E0.01508
G1 X51.001 Y45.396 E0.01502
G1 X51.897 Y45.484 E0.01497
G1 X52.761 Y45.745 E0.01501
G1 X53.554 Y46.168 E0.01495
G1 X54.253 Y46.743 E0.01505
G1 X54.71 Y47.3 E0.01198
G1 X56.4 Y47.3 E0.0281
G1 X56.4 Y42.313 E0.08293
G1 X56.274 Y42.101 E0.0041
G1 X43.6 Y42.1 E0.21077
G1 X43.6 Y47.679 E0.09278
G1 X45.51 Y47.677 E0.03176
G1 X45.638 Y47.421 E0.00476
G1 X45.879 Y47.3 E0.00448
G0 F7200 X45.959 Y47.7
;TYPE:WALL-OUTER
G1 F1800 X47.478 Y47.7 E0.02526
G1 X48.017 Y47.044 E0.01412
G1 X48.686 Y46.491 E0.01443
G1 X49.409 Y46.112 E0.01358
G1 X50.196 Y45.876 E0.01366
G1 X51.02 Y45.8 E0.01376
G1 X51.8 Y45.876 E0.01303
G1 X52.627 Y46.127 E0.01437
G1 X53.344 Y46.513 E0.01354
G1 X53.956 Y47.017 E0.01318
G1 X54.521 Y47.7 E0.01474
G1 X56.8 Y47.7 E0.0379
G1 X56.8 Y42.262 E0.09043
G1 X56.635 Y41.879 E0.00694
G1 X56.356 Y41.701 E0.0055
G1 X43.2 Y41.7 E0.21879
G1 X43.2 Y47.781 E0.10113
G1 F1600 X43.25 Y48.28 E0.00938
G1 X43.499 Y48.08 E0.00598
G1 F1800 X45.8 Y48.076 E0.03827
G1 X45.8 Y47.9 E0.00293
G1 X45.879 Y47.74 E0.00297
G1 X45.959 Y47.7 E0.00149
G0 F7200 X46.159 Y47.7
G0 X46.159 Y46.991
G0 X43.48 Y47.8
G0 X43.25 Y48.28
G1 F1440 X43.25 Y49.108 E0.01721
G0 F7200 X44.093 Y47.069
G1 F1500 E-6.5
;MESH:NONMESH
G0 F600 X44.093 Y47.069 Z6.5
G0 F7200 X43.907 Y47.869
G0 X44.153 Y48.933
G0 X44.153 Y51.067
G0 X43.904 Y52.15
G0 X43.91 Y55.074
G0 X43.76 Y55.074
;TIME_ELAPSED:622.915787
;LAYER:62
;TYPE:FILL
;MESH:head.stl
G1 F1500 E6.5
G1 F3600 X46.426 Y57.74 E0.0627
G1 X46.496 Y57.81
G0 F7200 X46.496 Y57.59
G0 X47.916 Y57.59
G0 X47.916 Y57.74
G1 F3600 X50.909 Y54.747 E0.07039
G1 X50.979 Y54.677
G0 F7200 X50.956 Y54.909
G0 X50.055 Y54.76
G0 X47.99 Y53.855
G0 X48.084 Y53.741
G1 F3600 X52.083 Y57.74 E0.09405
G1 X52.153 Y57.81
G0 F7200 X52.153 Y57.59
G0 X53.573 Y57.59
G0 X53.573 Y57.74
G1 F3600 X56.24 Y55.073 E0.06272
G1 X56.31 Y55.003
G0 F7200 X56.09 Y55.003
G0 X56.09 Y56.24
G0 X56.24 Y56.24
G1 F3600 X53.819 Y53.819 E0.05694
G1 X53.749 Y53.749
G0 F7200 X53.906 Y53.941
G0 X52.857 Y54.484
G0 X51.945 Y54.76
G0 X51 Y54.854
G0 X50.055 Y54.76
G0 X49.143 Y54.484
G0 X48.303 Y54.035
G0 X47.144 Y53.009
G0 X47.259 Y52.916
G1 F3600 X47.131 Y52.788 E0.00301
G1 X47.18 Y52.819
G1 X43.76 Y56.239 E0.08043
G1 X43.69 Y56.309
G0 F7200 X43.91 Y56.309
G0 X51.92 Y54.823
G0 X51.891 Y54.513
;TYPE:WALL-INNER
G1 F3600 X51 Y54.596 E0.01488
G1 X50.103 Y54.513 E0.01498
G1 X49.236 Y54.253 E0.01505
G1 X48.443 Y53.829 E0.01495
G1 X47.74 Y53.249 E0.01516
G1 X47.23 Y52.628 E0.01336
G1 X45.879 Y52.628 E0.02247
G1 X45.643 Y52.511 E0.00438
G1 X45.517 Y52.26 E0.00467
G1 X43.6 Y52.26 E0.03188
G1 X43.6 Y57.9 E0.09379
G1 X56.272 Y57.9 E0.21074
G1 X56.4 Y57.683 E0.00419
G1 X56.4 Y52.628 E0.08406
G1 X54.766 Y52.628 E0.02717
G1 X54.255 Y53.255 E0.01345
G1 X53.55 Y53.831 E0.01514
G1 X52.761 Y54.255 E0.0149
G1 X51.891 Y54.513 E0.01509
G0 F7200 X51.8 Y54.12
;TYPE:WALL-OUTER
G1 F1800 X50.98 Y54.196 E0.0137
G1 X50.196 Y54.12 E0.0131
G1 X49.373 Y53.873 E0.01429
G1 X48.652 Y53.483 E0.01363
G1 X48.037 Y52.977 E0.01324
G1 X47.513 Y52.344 E0.01367
G1 X47.447 Y52.228 E0.00222
G1 X45.958 Y52.228 E0.02476
G1 X45.881 Y52.189 E0.00144
G1 X45.8 Y52.028 E0.003
G1 X45.8 Y51.86 E0.00279
G1 X43.5 Y51.86 E0.03825
G1 F1589.4 X43.251 Y51.703 E0.00554
G1 X43.2 Y52.16 E0.00866
G1 F1800 X43.2 Y58.3 E0.10211
G1 X56.354 Y58.3 E0.21875
G1 X56.635 Y58.12 E0.00555
G1 X56.8 Y57.734 E0.00698
G1 X56.8 Y52.228 E0.09157
G1 X54.549 Y52.228 E0.03743
G1 X54.483 Y52.343 E0.00221
G1 X53.955 Y52.983 E0.0138
G1 X53.311 Y53.505 E0.01379
G1 X52.627 Y53.873 E0.01292
G1 X51.8 Y54.12 E0.01435
G0 F7200 X51.601 Y54.138
G0 X51.67 Y54.848
G0 X43.48 Y52.142
G0 X43.251 Y51.703
G1 F1431.4 X43.25 Y50.61 E0.02286
G0 F7200 X44.092 Y52.872
G1 F1500 E-6.5
G0 F7200 X45.576 Y52.087
G0 X45.576 Y50.997
G0 X45.577 Y49.002
G0 X45.576 Y47.547
G0 X47.084 Y47.064
G0 X47.134 Y47.209
;TYPE:FILL
G1 F1500 E6.5
G1 F3600 X47.259 Y47.083 E0.00295
G1 X47.18 Y47.18
G1 X43.76 Y43.76 E0.08043
G1 X43.69 Y43.69
G0 F7200 X43.91 Y43.69
G0 X43.91 Y44.925
G0 X43.76 Y44.925
G1 F3600 X46.426 Y42.26 E0.06269
G1 X46.496 Y42.19
G0 F7200 X46.496 Y42.41
G0 X47.917 Y42.41
G0 X47.917 Y42.26
G1 F3600 X50.901 Y45.244 E0.07018
G1 X50.971 Y45.314
G0 F7200 X50.95 Y45.091
G0 X50.055 Y45.24
G0 X47.986 Y46.148
G0 X48.079 Y46.263
G1 F3600 X52.083 Y42.26 E0.09416
G1 X52.153 Y42.19
G0 F7200 X52.153 Y42.41
G0 X53.574 Y42.41
G0 X53.574 Y42.26
G1 F3600 X56.24 Y44.927 E0.06271
G1 X56.31 Y44.997
G0 F7200 X56.09 Y44.997
G0 X56.09 Y43.759
G0 X56.24 Y43.759
G1 F3600 X53.819 Y46.18 E0.05694
G1 X53.749 Y46.25
G0 F7200 X53.906 Y46.06
G0 X52.857 Y45.516
G0 X51.945 Y45.24
G0 X51 Y45.146
G0 X50.055 Y45.24
G0 X45.879 Y47.061
G0 X45.879 Y47.368
;TYPE:WALL-INNER
G1 F3600 X47.23 Y47.368 E0.02247
G1 X47.77 Y46.726 E0.01395
G1 X48.447 Y46.164 E0.01463
G1 X49.235 Y45.748 E0.01482
G1 X50.102 Y45.483 E0.01508
G1 X51.001 Y45.396 E0.01502
G1 X51.897 Y45.484 E0.01497
G1 X52.761 Y45.745 E0.01501
G1 X53.554 Y46.168 E0.01495
G1 X54.255 Y46.745 E0.0151
G1 X54.767 Y47.368 E0.01341
G1 X56.4 Y47.368 E0.02716
G1 X56.4 Y42.313 E0.08406
G1 X56.274 Y42.101 E0.0041
G1 X43.6 Y42.1 E0.21077
G1 X43.6 Y47.736 E0.09373
G1 X45.517 Y47.736 E0.03188
G1 X45.643 Y47.485 E0.00467
G1 X45.879 Y47.368 E0.00438
G0 F7200 X45.958 Y47.768
;TYPE:WALL-OUTER
G1 F1800 X47.447 Y47.768 E0.02476
G1 X47.514 Y47.652 E0.00223
G1 X48.018 Y47.044 E0.01313
G1 X48.686 Y46.491 E0.01442
G1 X49.409 Y46.112 E0.01358
G1 X50.196 Y45.876 E0.01366
G1 X51.02 Y45.8 E0.01376
G1 X51.8 Y45.876 E0.01303
G1 X52.627 Y46.127 E0.01437
G1 X53.344 Y46.513 E0.01354
G1 X53.983 Y47.044 E0.01382
G1 X54.483 Y47.653 E0.0131
G1 X54.549 Y47.768 E0.00221
G1 X56.8 Y47.768 E0.03743
G1 X56.8 Y42.262 E0.09157
G1 X56.635 Y41.879 E0.00694
G1 X56.356 Y41.701 E0.0055
G1 X43.2 Y41.7 E0.21879
G1 X43.2 Y47.836 E0.10204
G1 F1600 X43.25 Y48.336 E0.0094
G1 X43.5 Y48.136 E0.00599
G1 F1800 X45.8 Y48.136 E0.03825
G1 X45.8 Y47.968 E0.00279
G1 X45.881 Y47.807 E0.003
G1 X45.958 Y47.768 E0.00144
G0 F7200 X46.158 Y47.768
G0 X46.158 Y47.061
G0 X43.48 Y47.858
G0 X43.25 Y48.336
G1 F1440 X43.25 Y49.386 E0.02183
G0 F7200 X44.093 Y47.127
;MESH:NONMESH
G0 F600 X44.093 Y47.127 Z6.6
G0 F7200 X43.91 Y43.76
G0 X43.76 Y43.76
;TIME_ELAPSED:630.390596
;LAYER:63
;TYPE:FILL
;MESH:head.stl
G1 F3600 X47.18 Y47.18 E0.08043
G1 X47.264 Y47.078
G1 X47.05 Y47.292 E0.00503
G0 F7200 X47.05 Y47.143
G0 X47.986 Y46.148
G0 X48.079 Y46.263
G1 F3600 X52.083 Y42.26 E0.09416
G1 X52.153 Y42.19
G0 F7200 X52.153 Y42.41
G0 X53.574 Y42.41
G0 X53.574 Y42.26
G1 F3600 X56.24 Y44.926 E0.0627
G1 X56.31 Y44.996
G0 F7200 X56.09 Y44.996
G0 X56.09 Y43.759
G0 X56.24 Y43.759
G1 F3600 X53.819 Y46.18 E0.05694
G1 X53.749 Y46.25
G0 F7200 X53.906 Y46.06
G0 X52.857 Y45.516
G0 X50.888 Y45.097
G0 X50.901 Y45.244
G1 F3600 X47.917 Y42.26 E0.07018
G1 X47.847 Y42.19
G0 F7200 X47.847 Y42.41
G0 X46.426 Y42.41
G0 X46.426 Y42.26
G1 F3600 X43.76 Y44.925 E0.06269
G1 X43.69 Y44.995
G1 F1500 E-6.5
G0 F7200 X43.91 Y44.995
G0 X45.576 Y47.971
G0 X45.577 Y49.06
G0 X45.576 Y50.939
G0 X45.576 Y52.37
G0 X47.029 Y52.869
G0 X47.047 Y52.704
G1 F1500 E6.5
G1 F3600 X47.274 Y52.93 E0.00533
G1 X47.18 Y52.819
G1 X43.76 Y56.239 E0.08043
G1 X43.69 Y56.309
G0 F7200 X43.91 Y56.309
G0 X43.91 Y55.074
G0 X43.76 Y55.074
G1 F3600 X46.426 Y57.74 E0.0627
G1 X46.496 Y57.81
G0 F7200 X46.496 Y57.59
G0 X47.916 Y57.59
G0 X47.916 Y57.74
G1 F3600 X50.909 Y54.747 E0.07039
G1 X50.979 Y54.677
G0 F7200 X50.956 Y54.909
G0 X50.055 Y54.76
G0 X47.971 Y53.84
G0 X48.067 Y53.724
G1 F3600 X52.083 Y57.74 E0.09445
G1 X52.153 Y57.81
G0 F7200 X52.153 Y57.59
G0 X53.573 Y57.59
G0 X53.573 Y57.74
G1 F3600 X56.24 Y55.073 E0.06272
G1 X56.31 Y55.003
G0 F7200 X56.09 Y55.003
G0 X56.09 Y56.24
G0 X56.24 Y56.24
G1 F3600 X53.819 Y53.819 E0.05694
G1 X53.749 Y53.749
G0 F7200 X53.906 Y53.941
G0 X53.056 Y54.381
G0 X51.92 Y54.823
G0 X51.891 Y54.513
;TYPE:WALL-INNER
G1 F3600 X51 Y54.596 E0.01488
G1 X50.103 Y54.513 E0.01498
G1 X49.236 Y54.253 E0.01505
G1 X48.443 Y53.829 E0.01495
G1 X47.748 Y53.254 E0.015
G1 X47.16 Y52.544 E0.01533
G1 X45.885 Y52.544 E0.0212
G1 X45.658 Y52.438 E0.00417
G1 X45.536 Y52.204 E0.00439
G1 X43.6 Y52.204 E0.0322
G1 X43.6 Y57.9 E0.09472
G1 X56.272 Y57.9 E0.21074
G1 X56.4 Y57.683 E0.00419
G1 X56.4 Y52.544 E0.08546
G1 X54.827 Y52.544 E0.02616
G1 X54.257 Y53.253 E0.01513
G1 X53.55 Y53.831 E0.01519
G1 X52.761 Y54.255 E0.0149
G1 X51.891 Y54.513 E0.01509
G1 F1500 E-6.5
G0 F7200 X51.919 Y54.823
G0 X50.137 Y54.346
G0 X50.348 Y53.268
G0 X47.272 Y48.718
G0 X47.272 Y47.626
G0 X45.885 Y47.143
G0 X45.885 Y47.452
G1 F1500 E6.5
G1 F3600 X47.16 Y47.452 E0.0212
G1 X47.749 Y46.745 E0.0153
G1 X48.447 Y46.165 E0.01509
G1 X49.235 Y45.748 E0.01483
G1 X50.102 Y45.483 E0.01508
G1 X51.001 Y45.396 E0.01502
G1 X51.897 Y45.484 E0.01497
G1 X52.761 Y45.745 E0.01501
G1 X53.554 Y46.168 E0.01495
G1 X54.255 Y46.745 E0.0151
G1 X54.836 Y47.452 E0.01522
G1 X56.4 Y47.452 E0.02601
G1 X56.4 Y42.313 E0.08546
G1 X56.274 Y42.101 E0.0041
G1 X43.6 Y42.1 E0.21077
G1 X43.6 Y47.795 E0.09471
G1 X45.535 Y47.793 E0.03218
G1 X45.657 Y47.559 E0.00439
G1 X45.885 Y47.452 E0.00419
G0 F7200 X45.961 Y47.852
;TYPE:WALL-OUTER
G1 F1800 X47.403 Y47.852 E0.02398
G1 X47.514 Y47.652 E0.0038
G1 X48.031 Y47.029 E0.01346
G1 X48.686 Y46.491 E0.0141
G1 X49.409 Y46.112 E0.01358
G1 X50.196 Y45.876 E0.01366
G1 X51.02 Y45.8 E0.01376
G1 X51.8 Y45.876 E0.01303
G1 X52.627 Y46.127 E0.01437
G1 X53.344 Y46.513 E0.01354
G1 X53.983 Y47.044 E0.01382
G1 X54.483 Y47.652 E0.01309
G1 X54.593 Y47.852 E0.0038
G1 X56.8 Y47.852 E0.0367
G1 X56.8 Y42.262 E0.09296
G1 X56.635 Y41.879 E0.00694
G1 X56.356 Y41.701 E0.0055
G1 X43.2 Y41.7 E0.21879
G1 X43.2 Y47.897 E0.10306
G1 F1600 X43.25 Y48.396 E0.00938
G1 X43.499 Y48.196 E0.00598
G1 F1800 X45.8 Y48.192 E0.03827
G1 X45.8 Y48.052 E0.00233
G1 X45.885 Y47.887 E0.00309
G1 X45.961 Y47.852 E0.00139
G0 F7200 X46.161 Y47.852
G0 X46.161 Y47.143
G0 X43.48 Y47.916
G0 X43.25 Y48.396
G1 F1431.4 X43.251 Y51.647 E0.06799
G0 F7200 X43.48 Y52.084
G0 X49.468 Y54.138
G0 X51.869 Y54.828
G0 X51.8 Y54.12
G1 F1800 X50.98 Y54.196 E0.0137
G1 X50.196 Y54.12 E0.0131
G1 X49.373 Y53.873 E0.01429
G1 X48.652 Y53.483 E0.01363
G1 X48.017 Y52.956 E0.01372
G1 X47.513 Y52.344 E0.01318
G1 X47.403 Y52.144 E0.0038
G1 X45.961 Y52.144 E0.02398
G1 X45.886 Y52.109 E0.00138
G1 X45.8 Y51.944 E0.00309
G1 X45.8 Y51.804 E0.00233
G1 X43.5 Y51.804 E0.03825
G1 F1589.4 X43.251 Y51.647 E0.00554
G1 X43.2 Y52.104 E0.00866
G1 F1800 X43.2 Y58.3 E0.10304
G1 X56.354 Y58.3 E0.21875
G1 X56.635 Y58.12 E0.00555
G1 X56.8 Y57.734 E0.00698
G1 X56.8 Y52.144 E0.09296
G1 X54.593 Y52.144 E0.0367
G1 X54.483 Y52.343 E0.00378
G1 X53.955 Y52.983 E0.0138
G1 X53.311 Y53.505 E0.01379
G1 X52.627 Y53.873 E0.01292
G1 X51.8 Y54.12 E0.01435
G0 F7200 X51.601 Y54.138
G0 X51.699 Y55.146
G1 F1500 E-6.5
;MESH:NONMESH
G0 F600 X51.699 Y55.146 Z6.7
G0 F7200 X50.137 Y54.346
G0 X50.348 Y53.268
G0 X47.272 Y48.718
G0 X47.272 Y47.626
G0 X43.91 Y43.76
G0 X43.76 Y43.76
;TIME_ELAPSED:638.538737
;LAYER:64
;TYPE:FILL
;MESH:head.stl
G1 F1500 E6.5
G1 F3600 X47.18 Y47.18 E0.08043
G1 X47.262 Y47.081
G1 X46.97 Y47.373 E0.00687
G0 F7200 X46.97 Y47.225
G0 X48.003 Y46.134
G0 X48.095 Y46.247
G1 F3600 X52.083 Y42.26 E0.09378
G1 X52.153 Y42.19
G0 F7200 X52.153 Y42.41
G0 X53.574 Y42.41
G0 X53.574 Y42.26
G1 F3600 X56.24 Y44.927 E0.06271
G1 X56.31 Y44.997
G0 F7200 X56.09 Y44.997
G0 X56.09 Y43.759
G0 X56.24 Y43.759
G1 F3600 X53.819 Y46.18 E0.05694
G1 X53.749 Y46.25
G0 F7200 X53.906 Y46.06
G0 X52.857 Y45.516
G0 X50.888 Y45.097
G0 X50.901 Y45.244
G1 F3600 X47.917 Y42.26 E0.07018
G1 X47.847 Y42.19
G0 F7200 X47.847 Y42.41
G0 X46.426 Y42.41
G0 X46.426 Y42.26
G1 F3600 X43.76 Y44.925 E0.06269
G1 X43.69 Y44.995
G1 F1500 E-6.5
G0 F7200 X43.91 Y44.995
G0 X45.576 Y48.028
G0 X45.577 Y49.117
G0 X45.576 Y50.882
G0 X45.576 Y52.288
G0 X46.957 Y52.781
G0 X46.967 Y52.624
G1 F1500 E6.5
G1 F3600 X47.262 Y52.918 E0.00693
G1 X47.18 Y52.819
G1 X43.76 Y56.239 E0.08043
G1 X43.69 Y56.309
G0 F7200 X43.91 Y56.309
G0 X43.91 Y55.074
G0 X43.76 Y55.074
G1 F3600 X46.426 Y57.74 E0.0627
G1 X46.496 Y57.81
G0 F7200 X46.496 Y57.59
G0 X47.916 Y57.59
G0 X47.916 Y57.74
G1 F3600 X50.909 Y54.747 E0.07039
G1 X50.979 Y54.677
G0 F7200 X50.956 Y54.909
G0 X50.055 Y54.76
G0 X47.991 Y53.856
G0 X48.085 Y53.742
G1 F3600 X52.083 Y57.74 E0.09403
G1 X52.153 Y57.81
G0 F7200 X52.153 Y57.59
G0 X53.573 Y57.59
G0 X53.573 Y57.74
G1 F3600 X56.24 Y55.073 E0.06272
G1 X56.31 Y55.003
G0 F7200 X56.09 Y55.003
G0 X56.09 Y56.24
G0 X56.24 Y56.24
G1 F3600 X53.819 Y53.819 E0.05694
G1 X53.749 Y53.749
G0 F7200 X53.906 Y53.941
G0 X53.056 Y54.381
G0 X51.92 Y54.823
G0 X51.891 Y54.513
;TYPE:WALL-INNER
G1 F3600 X51 Y54.596 E0.01488
G1 X50.103 Y54.513 E0.01498
G1 X49.236 Y54.253 E0.01505
G1 X48.443 Y53.829 E0.01495
G1 X47.745 Y53.255 E0.01503
G1 X47.204 Y52.598 E0.01415
G1 X47.12 Y52.464 E0.00263
G1 X45.887 Y52.464 E0.0205
G1 X45.67 Y52.366 E0.00396
G1 X45.552 Y52.147 E0.00414
G1 X43.6 Y52.145 E0.03246
G1 X43.6 Y57.9 E0.09571
G1 X56.272 Y57.9 E0.21074
G1 X56.4 Y57.683 E0.00419
G1 X56.4 Y52.464 E0.08679
G1 X54.901 Y52.464 E0.02493
G1 X54.255 Y53.255 E0.01698
G1 X53.55 Y53.831 E0.01514
G1 X52.761 Y54.255 E0.0149
G1 X51.891 Y54.513 E0.01509
G1 F1500 E-6.5
G0 F7200 X51.919 Y54.823
G0 X50.137 Y54.346
G0 X50.348 Y53.268
G0 X47.228 Y48.8
G0 X47.228 Y47.708
G0 X45.887 Y47.225
G0 X45.887 Y47.532
G1 F1500 E6.5
G1 F3600 X47.12 Y47.532 E0.0205
G1 X47.206 Y47.397 E0.00266
G1 X47.731 Y46.765 E0.01366
G1 X48.446 Y46.165 E0.01552
G1 X49.235 Y45.748 E0.01484
G1 X50.102 Y45.483 E0.01508
G1 X51.001 Y45.396 E0.01502
G1 X51.897 Y45.484 E0.01497
G1 X52.761 Y45.745 E0.01501
G1 X53.554 Y46.168 E0.01495
G1 X54.255 Y46.745 E0.0151
G1 X54.792 Y47.398 E0.01406
G1 X54.876 Y47.532 E0.00263
G1 X56.4 Y47.532 E0.02534
G1 X56.4 Y42.313 E0.08679
G1 X56.274 Y42.101 E0.0041
G1 X43.6 Y42.1 E0.21077
G1 X43.6 Y47.852 E0.09566
G1 X45.55 Y47.852 E0.03243
G1 X45.669 Y47.631 E0.00417
G1 X45.887 Y47.532 E0.00398
G0 F7200 X45.903 Y47.938
;TYPE:WALL-OUTER
G1 F1800 X47.36 Y47.932 E0.02423
G1 X47.491 Y47.685 E0.00465
G1 X48.025 Y47.036 E0.01398
G1 X48.686 Y46.491 E0.01425
G1 X49.409 Y46.112 E0.01358
G1 X50.196 Y45.876 E0.01366
G1 X51.02 Y45.8 E0.01376
G1 X51.8 Y45.876 E0.01303
G1 X52.627 Y46.127 E0.01437
G1 X53.344 Y46.513 E0.01354
G1 X53.983 Y47.044 E0.01382
G1 X54.505 Y47.685 E0.01375
G1 X54.636 Y47.932 E0.00465
G1 X56.8 Y47.932 E0.03599
G1 X56.8 Y42.262 E0.09429
G1 X56.635 Y41.879 E0.00694
G1 X56.356 Y41.701 E0.0055
G1 X43.2 Y41.7 E0.21879
G1 X43.2 Y47.952 E0.10397
G1 F1600 X43.25 Y48.452 E0.0094
G1 X43.5 Y48.252 E0.00599
G1 F1800 X45.8 Y48.252 E0.03825
G1 X45.8 Y48.132 E0.002
G1 X45.903 Y47.938 E0.00365
G0 F7200 X46.103 Y47.938
G0 X46.103 Y47.225
G0 X43.48 Y47.973
G0 X43.25 Y48.452
G1 F1431.4 X43.251 Y51.587 E0.06556
G0 F7200 X43.48 Y52.027
G0 X49.296 Y54.113
G0 X51.869 Y54.828
G0 X51.8 Y54.12
G1 F1800 X50.98 Y54.196 E0.0137
G1 X50.196 Y54.12 E0.0131
G1 X49.373 Y53.873 E0.01429
G1 X48.652 Y53.483 E0.01363
G1 X48.017 Y52.956 E0.01372
G1 X47.491 Y52.311 E0.01384
G1 X47.36 Y52.064 E0.00465
G1 X45.904 Y52.058 E0.02421
G1 X45.8 Y51.864 E0.00366
G1 X45.8 Y51.748 E0.00193
G1 X43.499 Y51.744 E0.03827
G1 F1589.4 X43.251 Y51.587 E0.00553
G1 X43.2 Y52.043 E0.00864
G1 F1800 X43.2 Y58.3 E0.10405
G1 X56.354 Y58.3 E0.21875
G1 X56.635 Y58.12 E0.00555
G1 X56.8 Y57.734 E0.00698
G1 X56.8 Y52.064 E0.09429
G1 X54.636 Y52.064 E0.03599
G1 X54.483 Y52.343 E0.00529
G1 X53.955 Y52.983 E0.0138
G1 X53.311 Y53.505 E0.01379
G1 X52.627 Y53.873 E0.01292
G1 X51.8 Y54.12 E0.01435
G0 F7200 X51.601 Y54.138
G0 X51.699 Y55.146
G1 F1500 E-6.5
;MESH:NONMESH
G0 F600 X51.699 Y55.146 Z6.8
G0 F7200 X50.137 Y54.346
G0 X50.348 Y53.268
G0 X47.228 Y48.8
G0 X47.228 Y47.708
G0 X43.91 Y43.76
G0 X43.76 Y43.76
;TIME_ELAPSED:646.972440
;LAYER:65
;TYPE:FILL
;MESH:head.stl
G1 F1500 E6.5
G1 F3600 X47.179 Y47.179 E0.08041
G1 X47.253 Y47.089
G1 X46.886 Y47.456 E0.00863
G0 F7200 X46.886 Y47.307
G0 X47.989 Y46.145
G0 X48.082 Y46.26
G1 F3600 X52.083 Y42.26 E0.09409
G1 X52.153 Y42.19
G0 F7200 X52.153 Y42.41
G0 X53.574 Y42.41
G0 X53.574 Y42.26
G1 F3600 X56.24 Y44.926 E0.0627
G1 X56.31 Y44.996
G0 F7200 X56.09 Y44.996
G0 X56.09 Y43.759
G0 X56.24 Y43.759
G1 F3600 X53.819 Y46.18 E0.05694
G1 X53.749 Y46.25
G0 F7200 X53.906 Y46.06
G0 X52.857 Y45.516
G0 X50.888 Y45.097
G0 X50.901 Y45.244
G1 F3600 X47.917 Y42.26 E0.07018
G1 X47.847 Y42.19
G0 F7200 X47.847 Y42.41
G0 X46.426 Y42.41
G0 X46.426 Y42.26
G1 F3600 X43.76 Y44.925 E0.06269
G1 X43.69 Y44.995
G1 F1500 E-6.5
G0 F7200 X43.91 Y44.995
G0 X45.576 Y48.086
G0 X45.577 Y49.175
G0 X45.576 Y50.824
G0 X45.576 Y52.206
G0 X46.883 Y52.692
G0 X46.883 Y52.54
G1 F1500 E6.5
G1 F3600 X47.258 Y52.915 E0.00882
G1 X47.179 Y52.82
G1 X43.76 Y56.239 E0.08041
G1 X43.69 Y56.309
G0 F7200 X43.91 Y56.309
G0 X43.91 Y55.074
G0 X43.76 Y55.074
G1 F3600 X46.426 Y57.74 E0.0627
G1 X46.496 Y57.81
G0 F7200 X46.496 Y57.59
G0 X47.916 Y57.59
G0 X47.916 Y57.74
G1 F3600 X50.909 Y54.747 E0.07039
G1 X50.979 Y54.677
G0 F7200 X50.956 Y54.909
G0 X50.055 Y54.76
G0 X47.991 Y53.856
G0 X48.085 Y53.742
G1 F3600 X52.083 Y57.74 E0.09403
G1 X52.153 Y57.81
G0 F7200 X52.153 Y57.59
G0 X53.573 Y57.59
G0 X53.573 Y57.74
G1 F3600 X56.24 Y55.073 E0.06272
G1 X56.31 Y55.003
G0 F7200 X56.09 Y55.003
G0 X56.09 Y56.24
G0 X56.24 Y56.24
G1 F3600 X53.819 Y53.819 E0.05694
G1 X53.749 Y53.749
G0 F7200 X53.906 Y53.941
G0 X53.056 Y54.381
G0 X51.92 Y54.823
G0 X51.891 Y54.513
;TYPE:WALL-INNER
G1 F3600 X51 Y54.596 E0.01488
G1 X50.103 Y54.513 E0.01498
G1 X49.236 Y54.253 E0.01505
G1 X48.443 Y53.829 E0.01495
G1 X47.745 Y53.255 E0.01503
G1 X47.204 Y52.598 E0.01415
G1 X47.075 Y52.38 E0.00421
G1 X45.89 Y52.38 E0.01971
G1 X45.685 Y52.291 E0.00372
G1 X45.572 Y52.088 E0.00386
G1 X43.6 Y52.088 E0.03279
G1 X43.6 Y57.9 E0.09665
G1 X56.272 Y57.9 E0.21074
G1 X56.4 Y57.683 E0.00419
G1 X56.4 Y52.38 E0.08819
G1 X54.921 Y52.38 E0.0246
G1 X54.793 Y52.596 E0.00418
G1 X54.255 Y53.255 E0.01415
G1 X53.55 Y53.831 E0.01514
G1 X52.761 Y54.255 E0.0149
G1 X51.891 Y54.513 E0.01509
G1 F1500 E-6.5
G0 F7200 X51.919 Y54.823
G0 X50.137 Y54.346
G0 X50.348 Y53.268
G0 X47.184 Y48.882
G0 X47.184 Y47.79
G0 X45.89 Y47.307
G0 X45.89 Y47.616
G1 F1500 E6.5
G1 F3600 X47.075 Y47.616 E0.01971
G1 X47.205 Y47.397 E0.00424
G1 X47.744 Y46.747 E0.01404
G1 X48.447 Y46.164 E0.01519
G1 X49.235 Y45.748 E0.01482
G1 X50.102 Y45.483 E0.01508
G1 X51.001 Y45.396 E0.01502
G1 X51.897 Y45.484 E0.01497
G1 X52.761 Y45.745 E0.01501
G1 X53.554 Y46.168 E0.01495
G1 X54.255 Y46.745 E0.0151
G1 X54.792 Y47.398 E0.01406
G1 X54.921 Y47.616 E0.00421
G1 X56.4 Y47.616 E0.0246
G1 X56.4 Y42.313 E0.08819
G1 X56.274 Y42.101 E0.0041
G1 X43.6 Y42.1 E0.21077
G1 X43.6 Y47.908 E0.09659
G1 X45.572 Y47.908 E0.03279
G1 X45.685 Y47.705 E0.00386
G1 X45.89 Y47.616 E0.00372
G0 F7200 X45.908 Y48.022
;TYPE:WALL-OUTER
G1 F1800 X47.315 Y48.016 E0.0234
G1 X47.513 Y47.652 E0.00689
G1 X48.018 Y47.043 E0.01316
G1 X48.686 Y46.491 E0.01441
G1 X49.409 Y46.112 E0.01358
G1 X50.196 Y45.876 E0.01366
G1 X51.02 Y45.8 E0.01376
G1 X51.8 Y45.876 E0.01303
G1 X52.627 Y46.127 E0.01437
G1 X53.344 Y46.513 E0.01354
G1 X53.983 Y47.044 E0.01382
G1 X54.483 Y47.652 E0.01309
G1 X54.681 Y48.016 E0.00689
G1 X56.8 Y48.016 E0.03524
G1 X56.8 Y42.262 E0.09569
G1 X56.635 Y41.879 E0.00694
G1 X56.356 Y41.701 E0.0055
G1 X43.2 Y41.7 E0.21879
G1 X43.2 Y48.008 E0.1049
G1 F1600 X43.25 Y48.508 E0.0094
G1 X43.5 Y48.308 E0.00599
G1 F1800 X45.8 Y48.308 E0.03825
G1 X45.8 Y48.216 E0.00153
G1 X45.908 Y48.022 E0.00369
G0 F7200 X46.108 Y48.022
G0 X46.108 Y47.307
G0 X43.48 Y48.031
G0 X43.25 Y48.508
G1 F1431.4 X43.251 Y51.531 E0.06322
G0 F7200 X43.48 Y51.969
G0 X49.296 Y54.113
G0 X51.869 Y54.828
G0 X51.8 Y54.12
G1 F1800 X50.98 Y54.196 E0.0137
G1 X50.196 Y54.12 E0.0131
G1 X49.373 Y53.873 E0.01429
G1 X48.652 Y53.483 E0.01363
G1 X48.017 Y52.956 E0.01372
G1 X47.513 Y52.344 E0.01318
G1 X47.315 Y51.98 E0.00689
G1 X45.908 Y51.974 E0.0234
G1 X45.8 Y51.78 E0.00369
G1 X45.8 Y51.688 E0.00153
G1 X43.5 Y51.688 E0.03825
G1 F1589.4 X43.251 Y51.531 E0.00554
G1 X43.2 Y51.988 E0.00866
G1 F1800 X43.2 Y58.3 E0.10497
G1 X56.354 Y58.3 E0.21875
G1 X56.635 Y58.12 E0.00555
G1 X56.8 Y57.734 E0.00698
G1 X56.8 Y51.98 E0.09569
G1 X54.681 Y51.98 E0.03524
G1 X54.483 Y52.343 E0.00688
G1 X53.955 Y52.983 E0.0138
G1 X53.311 Y53.505 E0.01379
G1 X52.627 Y53.873 E0.01292
G1 X51.8 Y54.12 E0.01435
G0 F7200 X51.601 Y54.138
G0 X51.699 Y55.146
G1 F1500 E-6.5
;MESH:NONMESH
G0 F600 X51.699 Y55.146 Z6.9
G0 F7200 X50.137 Y54.346
G0 X50.348 Y53.268
G0 X47.184 Y48.882
G0 X47.184 Y47.79
G0 X43.91 Y43.76
G0 X43.76 Y43.76
;TIME_ELAPSED:655.427567
;LAYER:66
;TYPE:FILL
;MESH:head.stl
G1 F1500 E6.5
G1 F3600 X47.179 Y47.179 E0.08041
G1 X47.247 Y47.095
G1 X46.771 Y47.571 E0.01119
G0 F7200 X46.771 Y47.422
G0 X47.996 Y46.14
G0 X48.088 Y46.254
G1 F3600 X52.083 Y42.26 E0.09394
G1 X52.153 Y42.19
G0 F7200 X52.153 Y42.41
G0 X53.574 Y42.41
G0 X53.574 Y42.26
G1 F3600 X56.24 Y44.926 E0.0627
G1 X56.31 Y44.996
G0 F7200 X56.09 Y44.996
G0 X56.09 Y43.759
G0 X56.24 Y43.759
G1 F3600 X53.819 Y46.18 E0.05694
G1 X53.749 Y46.25
G0 F7200 X53.906 Y46.06
G0 X52.857 Y45.516
G0 X50.888 Y45.097
G0 X50.901 Y45.244
G1 F3600 X47.917 Y42.26 E0.07018
G1 X47.847 Y42.19
G0 F7200 X47.847 Y42.41
G0 X46.426 Y42.41
G0 X46.426 Y42.26
G1 F3600 X43.76 Y44.925 E0.06269
G1 X43.69 Y44.995
G1 F1500 E-6.5
G0 F7200 X43.91 Y44.995
G0 X45.576 Y48.145
G0 X45.576 Y49.234
G0 X45.576 Y50.766
G0 X45.576 Y52.092
G0 X46.771 Y52.578
G0 X46.771 Y52.428
G1 F1500 E6.5
G1 F3600 X47.255 Y52.912 E0.01138
G1 X47.179 Y52.82
G1 X43.761 Y56.238 E0.08039
G1 X43.691 Y56.308
G0 F7200 X43.91 Y56.308
G0 X43.91 Y55.074
G0 X43.76 Y55.074
G1 F3600 X46.426 Y57.74 E0.0627
G1 X46.496 Y57.81
G0 F7200 X46.496 Y57.59
G0 X47.916 Y57.59
G0 X47.916 Y57.74
G1 F3600 X50.909 Y54.747 E0.07039
G1 X50.979 Y54.677
G0 F7200 X50.956 Y54.909
G0 X50.055 Y54.76
G0 X47.991 Y53.856
G0 X48.085 Y53.742
G1 F3600 X52.083 Y57.74 E0.09403
G1 X52.153 Y57.81
G0 F7200 X52.153 Y57.59
G0 X53.573 Y57.59
G0 X53.573 Y57.74
G1 F3600 X56.24 Y55.073 E0.06272
G1 X56.31 Y55.003
G0 F7200 X56.09 Y55.003
G0 X56.09 Y56.24
G0 X56.24 Y56.24
G1 F3600 X53.819 Y53.819 E0.05694
G1 X53.749 Y53.749
G0 F7200 X53.906 Y53.941
G0 X53.056 Y54.381
G0 X51.92 Y54.823
G0 X51.891 Y54.513
;TYPE:WALL-INNER
G1 F3600 X51 Y54.596 E0.01488
G1 X50.103 Y54.513 E0.01498
G1 X49.236 Y54.253 E0.01505
G1 X48.443 Y53.829 E0.01495
G1 X47.745 Y53.255 E0.01503
G1 X47.204 Y52.598 E0.01415
G1 X47.015 Y52.268 E0.00632
G1 X45.971 Y52.268 E0.01736
G1 X45.719 Y52.199 E0.00435
G1 X45.618 Y52.032 E0.00325
G1 X43.601 Y52.029 E0.03354
G1 X43.6 Y57.9 E0.09764
G1 X56.272 Y57.9 E0.21074
G1 X56.4 Y57.683 E0.00419
G1 X56.4 Y52.268 E0.09005
G1 X54.981 Y52.268 E0.0236
G1 X54.788 Y52.602 E0.00642
G1 X54.255 Y53.255 E0.01402
G1 X53.55 Y53.831 E0.01514
G1 X52.761 Y54.255 E0.0149
G1 X51.891 Y54.513 E0.01509
G1 F1500 E-6.5
G0 F7200 X51.919 Y54.823
G0 X50.137 Y54.346
G0 X50.348 Y53.268
G0 X47.122 Y48.997
G0 X47.122 Y47.905
G0 X45.971 Y47.422
G0 X45.971 Y47.732
G1 F1500 E6.5
G1 F3600 X47.014 Y47.731 E0.01735
G1 X47.206 Y47.397 E0.00641
G1 X47.742 Y46.749 E0.01399
G1 X48.447 Y46.164 E0.01523
G1 X49.235 Y45.748 E0.01482
G1 X50.102 Y45.483 E0.01508
G1 X51.001 Y45.396 E0.01502
G1 X51.897 Y45.484 E0.01497
G1 X52.761 Y45.745 E0.01501
G1 X53.554 Y46.168 E0.01495
G1 X54.255 Y46.745 E0.0151
G1 X54.793 Y47.399 E0.01408
G1 X54.982 Y47.732 E0.00637
G1 X56.4 Y47.732 E0.02358
G1 X56.4 Y42.313 E0.09012
G1 X56.274 Y42.101 E0.0041
G1 X43.6 Y42.1 E0.21077
G1 X43.6 Y47.968 E0.09759
G1 X45.619 Y47.968 E0.03358
G1 X45.72 Y47.801 E0.00325
G1 X45.971 Y47.732 E0.00433
G0 F7200 X45.917 Y48.132
;TYPE:WALL-OUTER
G1 F1800 X47.255 Y48.131 E0.02225
G1 X47.491 Y47.686 E0.00838
G1 X48.017 Y47.044 E0.0138
G1 X48.686 Y46.491 E0.01443
G1 X49.409 Y46.112 E0.01358
G1 X50.196 Y45.876 E0.01366
G1 X51.02 Y45.8 E0.01376
G1 X51.8 Y45.876 E0.01303
G1 X52.627 Y46.127 E0.01437
G1 X53.344 Y46.513 E0.01354
G1 X53.983 Y47.044 E0.01382
G1 X54.505 Y47.686 E0.01376
G1 X54.741 Y48.132 E0.00839
G1 X56.8 Y48.132 E0.03424
G1 X56.8 Y42.262 E0.09762
G1 X56.635 Y41.879 E0.00694
G1 X56.356 Y41.701 E0.0055
G1 X43.2 Y41.7 E0.21879
G1 X43.2 Y48.068 E0.1059
G1 F1600 X43.25 Y48.568 E0.0094
G1 X43.5 Y48.368 E0.00599
G1 F1800 X45.8 Y48.368 E0.03825
G1 X45.917 Y48.132 E0.00438
G0 F7200 X46.117 Y48.132
G0 X46.117 Y47.422
G0 X43.48 Y48.089
G0 X43.25 Y48.568
G1 F1431.4 X43.251 Y51.471 E0.06071
G0 F7200 X43.48 Y51.911
G0 X49.296 Y54.113
G0 X51.869 Y54.828
G0 X51.8 Y54.12
G1 F1800 X50.98 Y54.196 E0.0137
G1 X50.196 Y54.12 E0.0131
G1 X49.373 Y53.873 E0.01429
G1 X48.652 Y53.483 E0.01363
G1 X48.017 Y52.956 E0.01372
G1 X47.491 Y52.311 E0.01384
G1 X47.255 Y51.868 E0.00835
G1 X45.917 Y51.868 E0.02225
G1 X45.8 Y51.632 E0.00438
G1 X43.499 Y51.628 E0.03827
G1 F1589.4 X43.251 Y51.471 E0.00553
G1 X43.2 Y51.927 E0.00864
G1 F1800 X43.2 Y58.3 E0.10598
G1 X56.354 Y58.3 E0.21875
G1 X56.635 Y58.12 E0.00555
G1 X56.8 Y57.734 E0.00698
G1 X56.8 Y51.868 E0.09755
G1 X54.741 Y51.868 E0.03424
G1 X54.505 Y52.311 E0.00835
G1 X53.955 Y52.983 E0.01444
G1 X53.311 Y53.505 E0.01379
G1 X52.627 Y53.873 E0.01292
G1 X51.8 Y54.12 E0.01435
G0 F7200 X51.601 Y54.138
G0 X51.699 Y55.146
G1 F1500 E-6.5
;MESH:NONMESH
G0 F600 X51.699 Y55.146 Z7
G0 F7200 X50.137 Y54.346
G0 X50.348 Y53.268
G0 X47.122 Y48.997
G0 X47.122 Y47.905
G0 X43.91 Y43.76
G0 X43.76 Y43.76
;TIME_ELAPSED:663.905955
;LAYER:67
;TYPE:FILL
;MESH:head.stl
G1 F1500 E6.5
G1 F3600 X47.18 Y47.18 E0.08043
G1 X47.254 Y47.088
G1 X46.65 Y47.692 E0.01421
G1 X46.58 Y47.762
G0 F7200 X46.58 Y47.544
G0 X47.993 Y46.142
G0 X48.086 Y46.256
G1 F3600 X52.083 Y42.26 E0.09399
G1 X52.153 Y42.19
G0 F7200 X52.153 Y42.41
G0 X53.574 Y42.41
G0 X53.574 Y42.26
G1 F3600 X56.24 Y44.926 E0.0627
G1 X56.31 Y44.996
G0 F7200 X56.09 Y44.996
G0 X56.09 Y43.759
G0 X56.24 Y43.759
G1 F3600 X53.819 Y46.18 E0.05694
G1 X53.749 Y46.25
G0 F7200 X53.906 Y46.06
G0 X52.857 Y45.516
G0 X50.888 Y45.097
G0 X50.901 Y45.244
G1 F3600 X47.917 Y42.26 E0.07018
G1 X47.847 Y42.19
G0 F7200 X47.847 Y42.41
G0 X46.426 Y42.41
G0 X46.426 Y42.26
G1 F3600 X43.76 Y44.925 E0.06269
G1 X43.69 Y44.995
G1 F1500 E-6.5
G0 F7200 X43.91 Y44.995
G0 X45.576 Y48.202
G0 X45.577 Y49.291
G0 X45.576 Y50.709
G0 X45.576 Y51.97
G0 X46.647 Y52.456
G0 X46.647 Y52.304
G1 F1500 E6.5
G1 F3600 X47.257 Y52.914 E0.01435
G1 X47.179 Y52.82
G1 X43.76 Y56.239 E0.08041
G1 X43.69 Y56.309
G0 F7200 X43.91 Y56.309
G0 X43.91 Y55.074
G0 X43.76 Y55.074
G1 F3600 X46.426 Y57.74 E0.0627
G1 X46.496 Y57.81
G0 F7200 X46.496 Y57.59
G0 X47.916 Y57.59
G0 X47.916 Y57.74
G1 F3600 X50.909 Y54.747 E0.07039
G1 X50.979 Y54.677
G0 F7200 X50.956 Y54.909
G0 X50.055 Y54.76
G0 X47.991 Y53.856
G0 X48.085 Y53.742
G1 F3600 X52.083 Y57.74 E0.09403
G1 X52.153 Y57.81
G0 F7200 X52.153 Y57.59
G0 X53.573 Y57.59
G0 X53.573 Y57.74
G1 F3600 X56.24 Y55.073 E0.06272
G1 X56.31 Y55.003
G0 F7200 X56.09 Y55.003
G0 X56.09 Y56.24
G0 X56.24 Y56.24
G1 F3600 X53.819 Y53.819 E0.05694
G1 X53.749 Y53.749
G0 F7200 X53.906 Y53.941
G0 X53.056 Y54.381
G0 X51.92 Y54.823
G0 X51.891 Y54.513
;TYPE:WALL-INNER
G1 F3600 X51 Y54.596 E0.01488
G1 X50.103 Y54.513 E0.01498
G1 X49.236 Y54.253 E0.01505
G1 X48.443 Y53.829 E0.01495
G1 X47.745 Y53.255 E0.01503
G1 X47.204 Y52.598 E0.01415
G1 X46.95 Y52.144 E0.00865
G1 X45.955 Y52.143 E0.01655
G1 X45.765 Y52.097 E0.00325
G1 X45.683 Y51.972 E0.00249
G1 X43.6 Y51.972 E0.03464
G1 X43.6 Y57.9 E0.09858
G1 X56.272 Y57.9 E0.21074
G1 X56.4 Y57.683 E0.00419
G1 X56.4 Y52.144 E0.09211
G1 X55.048 Y52.144 E0.02248
G1 X54.835 Y52.538 E0.00745
G1 X54.256 Y53.254 E0.01531
G1 X53.55 Y53.831 E0.01516
G1 X52.761 Y54.255 E0.0149
G1 X51.891 Y54.513 E0.01509
G1 F1500 E-6.5
G0 F7200 X51.919 Y54.823
G0 X50.137 Y54.346
G0 X50.348 Y53.268
G0 X48.019 Y48.54
G0 X47.057 Y48.027
G0 X45.955 Y47.544
G0 X45.955 Y47.853
G1 F1500 E6.5
G1 F3600 X46.95 Y47.852 E0.01655
G1 X47.205 Y47.397 E0.00867
G1 X47.743 Y46.748 E0.01402
G1 X48.447 Y46.164 E0.01521
G1 X49.235 Y45.748 E0.01482
G1 X50.102 Y45.483 E0.01508
G1 X51.001 Y45.396 E0.01502
G1 X51.897 Y45.484 E0.01497
G1 X52.761 Y45.745 E0.01501
G1 X53.554 Y46.168 E0.01495
G1 X54.256 Y46.746 E0.01512
G1 X54.835 Y47.458 E0.01526
G1 X55.048 Y47.852 E0.00745
G1 X56.4 Y47.852 E0.02248
G1 X56.4 Y42.313 E0.09211
G1 X56.274 Y42.101 E0.0041
G1 X43.6 Y42.1 E0.21077
G1 X43.6 Y48.024 E0.09852
G1 X45.683 Y48.024 E0.03464
G1 X45.765 Y47.899 E0.00249
G1 X45.955 Y47.853 E0.00325
G0 F7200 X45.932 Y48.251
;TYPE:WALL-OUTER
G1 F1800 X47.191 Y48.252 E0.02094
G1 X47.513 Y47.652 E0.01132
G1 X48.017 Y47.044 E0.01313
G1 X48.686 Y46.491 E0.01443
G1 X49.409 Y46.112 E0.01358
G1 X50.196 Y45.876 E0.01366
G1 X51.02 Y45.8 E0.01376
G1 X51.8 Y45.876 E0.01303
G1 X52.627 Y46.127 E0.01437
G1 X53.344 Y46.513 E0.01354
G1 X53.983 Y47.044 E0.01382
G1 X54.505 Y47.685 E0.01375
G1 X54.808 Y48.252 E0.01069
G1 X56.8 Y48.252 E0.03313
G1 X56.8 Y42.262 E0.09961
G1 X56.635 Y41.879 E0.00694
G1 X56.356 Y41.701 E0.0055
G1 X43.2 Y41.7 E0.21879
G1 X43.2 Y48.124 E0.10683
G1 F1600 X43.25 Y48.624 E0.0094
G1 X43.5 Y48.424 E0.00599
G1 F1800 X45.818 Y48.424 E0.03855
G1 X45.932 Y48.251 E0.00345
G0 F7200 X46.132 Y48.251
G0 X46.132 Y47.544
G0 X43.48 Y48.147
G0 X43.25 Y48.624
G1 F1431.4 X43.251 Y51.415 E0.05837
G0 F7200 X43.48 Y51.853
G0 X49.296 Y54.113
G0 X51.869 Y54.828
G0 X51.8 Y54.12
G1 F1800 X50.98 Y54.196 E0.0137
G1 X50.196 Y54.12 E0.0131
G1 X49.373 Y53.873 E0.01429
G1 X48.652 Y53.483 E0.01363
G1 X48.017 Y52.956 E0.01372
G1 X47.513 Y52.344 E0.01318
G1 X47.191 Y51.744 E0.01132
G1 X45.931 Y51.744 E0.02095
G1 X45.818 Y51.572 E0.00342
G1 X43.5 Y51.572 E0.03855
G1 F1589.4 X43.251 Y51.415 E0.00554
G1 X43.2 Y51.872 E0.00866
G1 F1800 X43.2 Y58.3 E0.1069
G1 X56.354 Y58.3 E0.21875
G1 X56.635 Y58.12 E0.00555
G1 X56.8 Y57.734 E0.00698
G1 X56.8 Y51.744 E0.09961
G1 X54.808 Y51.744 E0.03313
G1 X54.497 Y52.324 E0.01094
G1 X53.955 Y52.983 E0.01419
G1 X53.311 Y53.505 E0.01379
G1 X52.627 Y53.873 E0.01292
G1 X51.8 Y54.12 E0.01435
G0 F7200 X51.601 Y54.138
G0 X51.699 Y55.146
G1 F1500 E-6.5
;MESH:NONMESH
G0 F600 X51.699 Y55.146 Z7.1
G0 F7200 X50.137 Y54.346
G0 X50.348 Y53.268
G0 X48.019 Y48.54
G0 X47.057 Y48.027
G0 X43.91 Y43.76
G0 X43.76 Y43.76
;TIME_ELAPSED:672.391087
;LAYER:68
;TYPE:FILL
;MESH:head.stl
G1 F1500 E6.5
G1 F3600 X47.179 Y47.179 E0.08041
G1 X47.249 Y47.093
G1 X46.528 Y47.815 E0.01697
G1 X46.458 Y47.885
G0 F7200 X46.459 Y47.666
G0 X47.996 Y46.14
G0 X48.088 Y46.254
G1 F3600 X52.083 Y42.26 E0.09394
G1 X52.153 Y42.19
G0 F7200 X52.153 Y42.41
G0 X53.574 Y42.41
G0 X53.574 Y42.26
G1 F3600 X56.24 Y44.927 E0.06271
G1 X56.31 Y44.997
G0 F7200 X56.09 Y44.997
G0 X56.09 Y43.759
G0 X56.24 Y43.759
G1 F3600 X53.819 Y46.18 E0.05694
G1 X53.749 Y46.25
G0 F7200 X53.906 Y46.06
G0 X52.857 Y45.516
G0 X50.888 Y45.097
G0 X50.901 Y45.244
G1 F3600 X47.917 Y42.26 E0.07018
G1 X47.847 Y42.19
G0 F7200 X47.847 Y42.41
G0 X46.426 Y42.41
G0 X46.426 Y42.26
G1 F3600 X43.76 Y44.925 E0.06269
G1 X43.69 Y44.995
G1 F1500 E-6.5
G0 F7200 X43.91 Y44.995
G0 X45.576 Y48.26
G0 X45.576 Y49.349
G0 X45.576 Y50.651
G0 X45.576 Y51.849
G0 X46.526 Y52.335
G0 X46.526 Y52.183
G1 F1500 E6.5
G1 F3600 X47.255 Y52.911 E0.01713
G1 X47.179 Y52.82
G1 X43.76 Y56.239 E0.08041
G1 X43.69 Y56.309
G0 F7200 X43.91 Y56.309
G0 X43.91 Y55.074
G0 X43.76 Y55.074
G1 F3600 X46.426 Y57.74 E0.0627
G1 X46.496 Y57.81
G0 F7200 X46.496 Y57.59
G0 X47.916 Y57.59
G0 X47.916 Y57.74
G1 F3600 X50.909 Y54.747 E0.07039
G1 X50.979 Y54.677
G0 F7200 X50.956 Y54.909
G0 X50.055 Y54.76
G0 X47.991 Y53.856
G0 X48.085 Y53.742
G1 F3600 X52.083 Y57.74 E0.09403
G1 X52.153 Y57.81
G0 F7200 X52.153 Y57.59
G0 X53.573 Y57.59
G0 X53.573 Y57.74
G1 F3600 X56.24 Y55.073 E0.06272
G1 X56.31 Y55.003
G0 F7200 X56.09 Y55.003
G0 X56.09 Y56.24
G0 X56.24 Y56.24
G1 F3600 X53.819 Y53.819 E0.05694
G1 X53.749 Y53.749
G0 F7200 X53.906 Y53.941
G0 X55.233 Y52.455
G0 X55.132 Y52.4
G1 F3600 X56.2 Y52.4 E0.01776
G1 X56.3 Y52.4
G0 F7200 X56.09 Y52.4
G0 X53.697 Y54.035
G0 X52.857 Y54.484
G0 X51.945 Y54.76
G0 X51 Y54.854
G0 X50.055 Y54.76
G0 X49.143 Y54.484
G0 X48.303 Y54.035
G0 X46.822 Y52.56
G0 X46.925 Y52.506
G1 F3600 X43.8 Y53.141 E0.05303
G1 X43.703 Y53.16
G1 F1500 E-6.5
G0 F7200 X43.91 Y53.16
G0 X45.576 Y51.741
G0 X45.576 Y50.651
G0 X45.576 Y49.349
G0 X45.576 Y48.151
G0 X45.833 Y47.975
;TYPE:WALL-INNER
G1 F1500 E6.5
G1 F3600 X46.884 Y47.974 E0.01748
G1 X47.166 Y47.444 E0.00998
G1 X47.743 Y46.748 E0.01503
G1 X48.447 Y46.164 E0.01521
G1 X49.235 Y45.748 E0.01482
G1 X50.102 Y45.483 E0.01508
G1 X51.001 Y45.396 E0.01502
G1 X51.897 Y45.484 E0.01497
G1 X52.761 Y45.745 E0.01501
G1 X53.554 Y46.168 E0.01495
G1 X54.255 Y46.745 E0.0151
G1 X54.83 Y47.444 E0.01505
G1 X55.112 Y47.975 E0.01
G1 X56.4 Y47.972 E0.02142
G1 X56.4 Y42.313 E0.09411
G1 X56.274 Y42.101 E0.0041
G1 X43.6 Y42.1 E0.21077
G1 X43.6 Y48.084 E0.09951
G1 X45.754 Y48.084 E0.03582
G1 X45.833 Y47.975 E0.00224
G1 F1500 E-6.5
G0 F7200 X45.834 Y47.665
G0 X46.991 Y48.149
G0 X46.99 Y49.241
G0 X50.348 Y53.268
G0 X50.137 Y54.346
G0 X51.919 Y54.823
G0 X51.891 Y54.513
G1 F1500 E6.5
G1 F3600 X51 Y54.596 E0.01488
G1 X50.103 Y54.513 E0.01498
G1 X49.236 Y54.253 E0.01505
G1 X48.443 Y53.829 E0.01495
G1 X47.745 Y53.255 E0.01503
G1 X47.169 Y52.556 E0.01506
G1 X46.884 Y52.024 E0.01004
G1 X45.836 Y52.021 E0.01743
G1 X45.759 Y51.916 E0.00217
G1 X43.6 Y51.916 E0.0359
G1 X43.6 Y57.9 E0.09951
G1 X56.272 Y57.9 E0.21074
G1 X56.4 Y57.683 E0.00419
G1 X56.4 Y52.024 E0.09411
G1 X55.112 Y52.024 E0.02142
G1 X54.833 Y52.547 E0.00986
G1 X54.255 Y53.255 E0.0152
G1 X53.55 Y53.831 E0.01514
G1 X52.761 Y54.255 E0.0149
G1 X51.891 Y54.513 E0.01509
G0 F7200 X51.8 Y54.12
;TYPE:WALL-OUTER
G1 F1800 X50.98 Y54.196 E0.0137
G1 X50.196 Y54.12 E0.0131
G1 X49.373 Y53.873 E0.01429
G1 X48.652 Y53.483 E0.01363
G1 X48.017 Y52.956 E0.01372
G1 X47.491 Y52.311 E0.01384
G1 X47.124 Y51.624 E0.01295
G1 X45.945 Y51.623 E0.01961
G1 X45.867 Y51.516 E0.0022
G1 X43.5 Y51.516 E0.03936
G1 F1589.4 X43.251 Y51.359 E0.00554
G1 X43.2 Y51.816 E0.00866
G1 F1800 X43.2 Y58.3 E0.10783
G1 X56.354 Y58.3 E0.21875
G1 X56.635 Y58.12 E0.00555
G1 X56.8 Y57.734 E0.00698
G1 X56.8 Y51.624 E0.10161
G1 X54.872 Y51.624 E0.03206
G1 X54.505 Y52.311 E0.01295
G1 X53.955 Y52.983 E0.01444
G1 X53.311 Y53.505 E0.01379
G1 X52.627 Y53.873 E0.01292
G1 X51.8 Y54.12 E0.01435
G0 F7200 X51.601 Y54.138
G1 F1500 E-6.5
G0 F7200 X51.67 Y54.848
G0 X50.137 Y54.346
G0 X50.348 Y53.268
G0 X47.954 Y48.663
G0 X45.944 Y48.373
G1 F1500 E6.5
G1 F1800 X47.124 Y48.375 E0.01962
G1 X47.491 Y47.685 E0.013
G1 X48.017 Y47.044 E0.01379
G1 X48.686 Y46.491 E0.01443
G1 X49.409 Y46.112 E0.01358
G1 X50.196 Y45.876 E0.01366
G1 X51.02 Y45.8 E0.01376
G1 X51.8 Y45.876 E0.01303
G1 X52.627 Y46.127 E0.01437
G1 X53.344 Y46.513 E0.01354
G1 X53.983 Y47.044 E0.01382
G1 X54.505 Y47.685 E0.01375
G1 X54.872 Y48.375 E0.013
G1 X56.8 Y48.372 E0.03206
G1 X56.8 Y42.262 E0.10161
G1 X56.635 Y41.879 E0.00694
G1 X56.356 Y41.701 E0.0055
G1 X43.2 Y41.7 E0.21879
G1 X43.2 Y48.184 E0.10783
G1 F1600 X43.25 Y48.684 E0.0094
G1 X43.5 Y48.484 E0.00599
G1 F1800 X45.863 Y48.484 E0.0393
G1 X45.944 Y48.373 E0.00229
G0 F7200 X46.144 Y48.373
G0 X46.145 Y47.666
G0 X43.48 Y48.204
G0 X43.25 Y48.684
G1 F1431.4 X43.251 Y51.359 E0.05594
G0 F7200 X44.092 Y52.526
G1 F1500 E-6.5
;MESH:NONMESH
G0 F600 X44.092 Y52.526 Z7.2
G0 F7200 X43.905 Y51.746
G0 X44.153 Y50.663
G0 X44.153 Y49.337
G0 X43.905 Y48.254
G0 X43.91 Y43.76
G0 X43.76 Y43.76
;TIME_ELAPSED:682.257991
;LAYER:69
;TYPE:FILL
;MESH:head.stl
G1 F1500 E6.5
G1 F3600 X47.141 Y47.141 E0.07952
G1 X47.211 Y47.211
G0 F7200 X47.063 Y47.089
G0 X47.993 Y46.142
G0 X48.086 Y46.256
G1 F3600 X52.083 Y42.26 E0.09399
G1 X52.153 Y42.19
G0 F7200 X52.153 Y42.41
G0 X53.574 Y42.41
G0 X53.574 Y42.26
G1 F3600 X56.24 Y44.927 E0.06271
G1 X56.31 Y44.997
G0 F7200 X56.09 Y44.997
G0 X56.09 Y43.759
G0 X56.24 Y43.759
G1 F3600 X53.819 Y46.18 E0.05694
G1 X53.749 Y46.25
G0 F7200 X53.906 Y46.06
G0 X52.857 Y45.516
G0 X50.888 Y45.097
G0 X50.901 Y45.244
G1 F3600 X47.917 Y42.26 E0.07018
G1 X47.847 Y42.19
G0 F7200 X47.847 Y42.41
G0 X46.426 Y42.41
G0 X46.426 Y42.26
G1 F3600 X43.76 Y44.925 E0.06269
G1 X43.69 Y44.995
G1 F1500 E-6.5
G0 F7200 X43.91 Y44.995
G0 X46.905 Y48.304
G0 X46.905 Y49.407
G0 X46.903 Y50.593
G0 X46.903 Y51.688
G0 X47.067 Y52.916
G0 X47.139 Y52.86
G1 F1500 E6.5
G1 F3600 X43.76 Y56.239 E0.07947
G1 X43.69 Y56.309
G0 F7200 X43.91 Y56.309
G0 X43.91 Y55.074
G0 X43.76 Y55.074
G1 F3600 X46.426 Y57.74 E0.0627
G1 X46.496 Y57.81
G0 F7200 X46.496 Y57.59
G0 X47.916 Y57.59
G0 X47.916 Y57.74
G1 F3600 X50.909 Y54.747 E0.07039
G1 X50.979 Y54.677
G0 F7200 X50.956 Y54.909
G0 X50.055 Y54.76
G0 X47.991 Y53.856
G0 X48.085 Y53.742
G1 F3600 X52.083 Y57.74 E0.09403
G1 X52.153 Y57.81
G0 F7200 X52.153 Y57.59
G0 X53.573 Y57.59
G0 X53.573 Y57.74
G1 F3600 X56.24 Y55.073 E0.06272
G1 X56.31 Y55.003
G0 F7200 X56.09 Y55.003
G0 X56.09 Y56.24
G0 X56.24 Y56.24
G1 F3600 X53.819 Y53.819 E0.05694
G1 X53.749 Y53.749
G0 F7200 X53.906 Y53.941
G0 X53.056 Y54.381
G0 X51.92 Y54.823
G0 X51.891 Y54.513
;TYPE:WALL-INNER
G1 F3600 X51 Y54.596 E0.01488
G1 X50.103 Y54.513 E0.01498
G1 X49.236 Y54.253 E0.01505
G1 X48.443 Y53.829 E0.01495
G1 X47.745 Y53.255 E0.01503
G1 X47.166 Y52.552 E0.01515
G1 X46.797 Y51.856 E0.0131
G1 X43.6 Y51.856 E0.05317
G1 X43.6 Y57.9 E0.10051
G1 X56.272 Y57.9 E0.21074
G1 X56.4 Y57.683 E0.00419
G1 X56.4 Y51.853 E0.09695
G1 X55.204 Y51.855 E0.01989
G1 X54.831 Y52.55 E0.01312
G1 X54.255 Y53.255 E0.01514
G1 X53.55 Y53.831 E0.01514
G1 X52.761 Y54.255 E0.0149
G1 X51.891 Y54.513 E0.01509
G1 F1500 E-6.5
G0 F7200 X51.919 Y54.823
G0 X53.462 Y53.684
G0 X52.85 Y52.772
G0 X55.095 Y49.409
G0 X55.094 Y48.319
G0 X55.103 Y47.301
G0 X54.831 Y47.445
G1 F1500 E6.5
G1 F3600 X55.204 Y48.144 E0.01318
G1 X56.4 Y48.144 E0.01989
G1 X56.4 Y42.313 E0.09697
G1 X56.274 Y42.101 E0.0041
G1 X43.6 Y42.1 E0.21077
G1 X43.6 Y48.14 E0.10045
G1 X46.798 Y48.14 E0.05318
G1 X47.166 Y47.443 E0.01311
G1 X47.743 Y46.748 E0.01502
G1 X48.447 Y46.164 E0.01521
G1 X49.235 Y45.748 E0.01482
G1 X50.102 Y45.483 E0.01508
G1 X51.001 Y45.396 E0.01502
G1 X51.897 Y45.484 E0.01497
G1 X52.761 Y45.745 E0.01501
G1 X53.554 Y46.168 E0.01495
G1 X54.255 Y46.745 E0.0151
G1 X54.831 Y47.445 E0.01508
G0 F7200 X54.505 Y47.685
;TYPE:WALL-OUTER
G1 F1800 X54.873 Y48.373 E0.01298
G1 X54.927 Y48.544 E0.00298
G1 X56.8 Y48.544 E0.03115
G1 X56.8 Y42.262 E0.10447
G1 X56.635 Y41.879 E0.00694
G1 X56.356 Y41.701 E0.0055
G1 X43.2 Y41.7 E0.21879
G1 X43.2 Y48.24 E0.10876
G1 F1600 X43.25 Y48.74 E0.0094
G1 X43.5 Y48.54 E0.00599
G1 F1800 X47.072 Y48.54 E0.0594
G1 X47.112 Y48.408 E0.00229
G1 X47.491 Y47.686 E0.01356
G1 X48.017 Y47.044 E0.0138
G1 X48.686 Y46.491 E0.01443
G1 X49.409 Y46.112 E0.01358
G1 X50.196 Y45.876 E0.01366
G1 X51.02 Y45.8 E0.01376
G1 X51.8 Y45.876 E0.01303
G1 X52.627 Y46.127 E0.01437
G1 X53.344 Y46.513 E0.01354
G1 X53.983 Y47.044 E0.01382
G1 X54.505 Y47.685 E0.01375
G0 F7200 X54.599 Y47.861
G1 F1500 E-6.5
G0 F7200 X55.224 Y47.527
G0 X55.094 Y48.319
G0 X55.095 Y49.409
G0 X52.85 Y52.772
G0 X51.8 Y54.12
G1 F1500 E6.5
G1 F1800 X50.98 Y54.196 E0.0137
G1 X50.196 Y54.12 E0.0131
G1 X49.373 Y53.873 E0.01429
G1 X48.652 Y53.483 E0.01363
G1 X48.017 Y52.956 E0.01372
G1 X47.491 Y52.311 E0.01384
G1 X47.112 Y51.591 E0.01353
G1 X47.071 Y51.456 E0.00235
G1 X43.5 Y51.456 E0.05939
G1 F1589.4 X43.251 Y51.299 E0.00554
G1 X43.2 Y51.756 E0.00866
G1 F1800 X43.2 Y58.3 E0.10883
G1 X56.354 Y58.3 E0.21875
G1 X56.635 Y58.12 E0.00555
G1 X56.8 Y57.734 E0.00698
G1 X56.8 Y51.453 E0.10445
G1 X54.926 Y51.456 E0.03116
G1 X54.873 Y51.627 E0.00298
G1 X54.505 Y52.311 E0.01292
G1 X53.955 Y52.983 E0.01444
G1 X53.311 Y53.505 E0.01379
G1 X52.627 Y53.873 E0.01292
G1 X51.8 Y54.12 E0.01435
G0 F7200 X51.601 Y54.138
G0 X51.67 Y54.848
G0 X49.533 Y54.186
G0 X43.48 Y51.738
G0 X43.251 Y51.299
G1 F1431.4 X43.25 Y48.74 E0.05351
G0 F7200 X43.48 Y48.262
G0 X46.554 Y47.74
;TYPE:SKIN
G1 F1636.4 X45.4 Y47.74 E0.02111
G1 X45.4 Y47.3 E0.00805
G1 X46.784 Y47.301 E0.02532
G1 F1632.7 X46.554 Y47.74 E0.00909
G1 F1500 E-6.5
G0 F7200 X46.555 Y49.407
G0 X46.553 Y50.593
G0 X46.553 Y51.688
G0 X46.555 Y52.257
G1 F1500 E6.5
G1 F1629 X46.789 Y52.699 E0.00919
G1 X45.401 Y52.699 E0.02551
G1 X45.401 Y52.257 E0.00812
G1 X46.555 Y52.257 E0.02121
G0 F7200 X47.569 Y53.431
G0 X48.303 Y54.035
G0 X49.143 Y54.484
G0 X50.055 Y54.76
G0 X51 Y54.854
G0 X51.945 Y54.76
G0 X52.857 Y54.484
G0 X55.998 Y52.698
G1 F1621.6 X55.208 Y52.697 E0.01458
G1 X55.442 Y52.254 E0.00925
G1 X55.998 Y52.254 E0.01026
G1 X55.998 Y52.698 E0.0082
G1 F1500 E-6.5
G0 F7200 X56.001 Y51.666
G0 X56 Y50.591
G0 X56 Y49.409
G0 X55.999 Y48.334
G0 X55.999 Y47.743
G1 F1500 E6.5
G1 F1629 X55.445 Y47.743 E0.01018
G1 X55.209 Y47.301 E0.00921
G1 X55.999 Y47.301 E0.01452
G1 X55.999 Y47.743 E0.00812
G0 F7200 X55.791 Y47.534
;MESH:NONMESH
G0 F600 X55.791 Y47.534 Z7.3
G0 F7200 X53.697 Y45.965
G0 X52.857 Y45.516
G0 X43.91 Y43.76
G0 X43.76 Y43.76
;TIME_ELAPSED:692.749443
;LAYER:70
;TYPE:FILL
;MESH:head.stl
G1 F3600 X47.18 Y47.18 E0.08043
G1 X47.131 Y47.211
G1 X47.254 Y47.088 E0.00289
G0 F7200 X47.141 Y46.995
G0 X47.988 Y46.146
G0 X48.081 Y46.261
G1 F3600 X52.083 Y42.26 E0.09411
G1 X52.153 Y42.19
G0 F7200 X52.153 Y42.41
G0 X53.574 Y42.41
G0 X53.574 Y42.26
G1 F3600 X56.24 Y44.926 E0.0627
G1 X56.31 Y44.996
G0 F7200 X56.09 Y44.996
G0 X56.09 Y43.759
G0 X56.24 Y43.759
G1 F3600 X53.819 Y46.18 E0.05694
G1 X53.749 Y46.25
G0 F7200 X53.906 Y46.06
G0 X52.857 Y45.516
G0 X50.888 Y45.097
G0 X50.901 Y45.244
G1 F3600 X47.917 Y42.26 E0.07018
G1 X47.847 Y42.19
G0 F7200 X47.847 Y42.41
G0 X46.426 Y42.41
G0 X46.426 Y42.26
G1 F3600 X43.76 Y44.925 E0.06269
G1 X43.69 Y44.995
G0 F7200 X43.91 Y44.995
G0 X45.162 Y51.908
G0 X47.03 Y52.87
G0 X47.131 Y52.788
G1 F3600 X47.259 Y52.916 E0.00301
G1 X47.18 Y52.819
G1 X43.76 Y56.239 E0.08043
G1 X43.69 Y56.309
G0 F7200 X43.91 Y56.309
G0 X43.91 Y55.074
G0 X43.76 Y55.074
G1 F3600 X46.426 Y57.74 E0.0627
G1 X46.496 Y57.81
G0 F7200 X46.496 Y57.59
G0 X47.916 Y57.59
G0 X47.916 Y57.74
G1 F3600 X50.909 Y54.747 E0.07039
G1 X50.979 Y54.677
G0 F7200 X50.956 Y54.909
G0 X50.055 Y54.76
G0 X47.991 Y53.856
G0 X48.085 Y53.742
G1 F3600 X52.083 Y57.74 E0.09403
G1 X52.153 Y57.81
G0 F7200 X52.153 Y57.59
G0 X53.573 Y57.59
G0 X53.573 Y57.74
G1 F3600 X56.24 Y55.073 E0.06272
G1 X56.31 Y55.003
G0 F7200 X56.09 Y55.003
G0 X56.09 Y56.24
G0 X56.24 Y56.24
G1 F3600 X53.819 Y53.819 E0.05694
G1 X53.749 Y53.749
G0 F7200 X53.906 Y53.941
G0 X52.857 Y54.484
G0 X51.945 Y54.76
G0 X51 Y54.854
G0 X50.055 Y54.76
G0 X49.143 Y54.484
G0 X45.678 Y51.98
G0 X45.678 Y51.576
;TYPE:WALL-INNER
G1 F3600 X45.484 Y51.376 E0.00463
G1 X45.4 Y51.148 E0.00404
G1 X45.4 Y48.932 E0.03685
G1 X45.484 Y48.624 E0.00531
G1 X45.678 Y48.425 E0.00462
G1 X45.913 Y48.331 E0.00421
G1 X46.698 Y48.328 E0.01305
G1 X47.157 Y47.465 E0.01626
G1 X47.741 Y46.75 E0.01535
G1 X48.447 Y46.164 E0.01526
G1 X49.235 Y45.748 E0.01482
G1 X50.102 Y45.483 E0.01508
G1 X51.001 Y45.396 E0.01502
G1 X51.897 Y45.484 E0.01497
G1 X52.761 Y45.745 E0.01501
G1 X53.554 Y46.168 E0.01495
G1 X54.255 Y46.745 E0.0151
G1 X54.831 Y47.446 E0.01509
G1 X55.303 Y48.332 E0.01669
G1 X56.4 Y48.328 E0.01824
G1 X56.4 Y42.313 E0.10003
G1 X56.274 Y42.101 E0.0041
G1 X43.6 Y42.1 E0.21077
G1 X43.6 Y57.9 E0.26276
G1 X56.272 Y57.9 E0.21074
G1 X56.4 Y57.683 E0.00419
G1 X56.4 Y51.668 E0.10003
G1 X55.305 Y51.668 E0.01821
G1 X54.831 Y52.55 E0.01665
G1 X54.255 Y53.255 E0.01514
G1 X53.55 Y53.831 E0.01514
G1 X52.761 Y54.255 E0.0149
G1 X51.891 Y54.513 E0.01509
G1 X51 Y54.596 E0.01488
G1 X50.103 Y54.513 E0.01498
G1 X49.236 Y54.253 E0.01505
G1 X48.443 Y53.829 E0.01495
G1 X47.744 Y53.254 E0.01505
G1 X47.158 Y52.533 E0.01545
G1 X46.696 Y51.668 E0.01631
G1 X45.911 Y51.668 E0.01305
G1 X45.678 Y51.576 E0.00417
G0 F7200 X45.678 Y51.98
G0 X45.09 Y48.829
G0 X45.828 Y48.829
;TYPE:WALL-OUTER
G1 F1800 X45.962 Y48.735 E0.00272
G1 X47.015 Y48.728 E0.01751
G1 X47.112 Y48.409 E0.00554
G1 X47.497 Y47.675 E0.01378
G1 X48.017 Y47.044 E0.0136
G1 X48.686 Y46.491 E0.01443
G1 X49.409 Y46.112 E0.01358
G1 X50.196 Y45.876 E0.01366
G1 X51.02 Y45.8 E0.01376
G1 X51.8 Y45.876 E0.01303
G1 X52.627 Y46.127 E0.01437
G1 X53.344 Y46.513 E0.01354
G1 X53.983 Y47.044 E0.01382
G1 X54.505 Y47.685 E0.01375
G1 X54.873 Y48.373 E0.01298
G1 X54.985 Y48.732 E0.00625
G1 X56.8 Y48.728 E0.03018
G1 X56.8 Y42.262 E0.10753
G1 X56.635 Y41.879 E0.00694
G1 X56.356 Y41.701 E0.0055
G1 X43.2 Y41.7 E0.21879
G1 X43.2 Y58.3 E0.27606
G1 X56.354 Y58.3 E0.21875
G1 X56.635 Y58.12 E0.00555
G1 X56.8 Y57.734 E0.00698
G1 X56.8 Y51.268 E0.10753
G1 X54.982 Y51.268 E0.03023
G1 X54.873 Y51.627 E0.00624
G1 X54.505 Y52.311 E0.01292
G1 X53.955 Y52.983 E0.01444
G1 X53.311 Y53.505 E0.01379
G1 X52.627 Y53.873 E0.01292
G1 X51.8 Y54.12 E0.01435
G1 X50.98 Y54.196 E0.0137
G1 X50.196 Y54.12 E0.0131
G1 X49.373 Y53.873 E0.01429
G1 X48.652 Y53.483 E0.01363
G1 X48.017 Y52.956 E0.01372
G1 X47.513 Y52.344 E0.01318
G1 X47.112 Y51.59 E0.0142
G1 X47.015 Y51.268 E0.00559
G1 X45.91 Y51.265 E0.01838
G1 X45.803 Y51.103 E0.00323
G1 X45.8 Y48.932 E0.0361
G1 X45.828 Y48.829 E0.00178
G0 F7200 X45.962 Y48.735
G0 X45.998 Y48.735
G0 X45.998 Y48.022
G0 X45.162 Y48.095
G0 X45.162 Y51.908
G0 X45.501 Y51.909
;TYPE:SKIN
G1 F1565.2 X45.482 Y51.966 E0.00115
G1 F1395.3 X45.815 Y52.098 E0.00768
G1 F1422.9 X46.44 Y52.095 E0.01315
G1 F1437.1 X46.703 Y52.598 E0.01182
G1 F1422.9 X45.441 Y52.598 E0.02655
G1 F1395.3 X45.43 Y52.403 E0.00419
G1 F1382 X45.325 Y52.264 E0.00377
G1 F1565.2 X45.289 Y52.311 E0.00113
G1 F1800 X45.215 Y52.283 E0.00132
G1 X43.98 Y52.28 E0.02054
G1 X43.98 Y47.716 E0.0759
G1 F1769 X45.251 Y47.723 E0.02151
G1 F1538.5 X45.43 Y47.593 E0.0043
G1 F1382 X45.44 Y47.408 E0.00401
G1 F1411.8 X46.707 Y47.397 E0.02687
G1 F1442.9 X46.441 Y47.898 E0.01177
G1 F1428.6 X45.799 Y47.899 E0.01345
G1 F1531.9 X45.464 Y48.091 E0.00754
G1 F1739.1 X45.136 Y48.474 E0.00868
G1 F1800 X45.026 Y48.879 E0.00698
G1 X45.023 Y51.203 E0.03865
G1 X45.184 Y51.604 E0.00719
G1 X45.501 Y51.909 E0.00732
G0 F7200 X44.725 Y52.079
G1 F1800 X44.18 Y51.534 E0.01282
G0 F7200 X44.18 Y50.968
G1 F1800 X45.328 Y52.116 E0.027
G1 X45.398 Y52.186
G0 F7200 X44.826 Y51.049
G1 F1800 X44.18 Y50.403 E0.01519
G0 F7200 X44.18 Y49.837
G1 F1800 X44.824 Y50.481 E0.01515
G0 F7200 X44.823 Y49.914
G1 F1800 X44.18 Y49.271 E0.01512
G0 F7200 X44.18 Y48.706
G1 F1800 X44.821 Y49.347 E0.01508
G0 F7200 X44.85 Y48.81
G1 F1800 X44.18 Y48.14 E0.01576
G0 F7200 X44.521 Y47.915
G1 F1800 X44.973 Y48.368 E0.01064
G0 F7200 X45.222 Y48.051
G1 F1800 X45.084 Y47.912 E0.00326
G0 F7200 X48.303 Y45.965
G0 X49.143 Y45.516
G0 X50.055 Y45.24
G0 X51 Y45.146
G0 X51.945 Y45.24
G0 X52.857 Y45.516
G0 X53.613 Y45.92
G0 X55.97 Y47.898
G1 F1440 X55.555 Y47.898 E0.00863
G1 X55.292 Y47.399 E0.01173
G1 X55.97 Y47.398 E0.01409
G1 X55.97 Y47.898 E0.01039
G0 F7200 X53.697 Y45.965
G0 X52.857 Y45.516
G0 X51.945 Y45.24
G0 X51 Y45.146
G0 X50.055 Y45.24
G0 X49.143 Y45.516
G0 X48.303 Y45.965
G0 X45.162 Y48.095
G0 X45.162 Y51.908
G0 X48.303 Y54.035
G0 X49.143 Y54.484
G0 X50.055 Y54.76
G0 X51 Y54.854
G0 X51.945 Y54.76
G0 X52.857 Y54.484
G0 X55.97 Y52.598
G1 F1440 X55.292 Y52.598 E0.01409
G1 X55.555 Y52.098 E0.01174
G1 X55.97 Y52.098 E0.00863
G1 X55.97 Y52.598 E0.01039
G0 F7200 X55.79 Y52.598
;MESH:NONMESH
G0 F600 X55.79 Y52.598 Z7.4
G0 F7200 X53.697 Y54.035
G0 X52.857 Y54.484
G0 X51.945 Y54.76
G0 X51 Y54.854
G0 X50.055 Y54.76
G0 X49.143 Y54.484
G0 X48.303 Y54.035
G0 X45.162 Y51.908
G0 X43.91 Y43.76
G0 X43.76 Y43.76
;TIME_ELAPSED:701.204631
;LAYER:71
;TYPE:FILL
;MESH:head.stl
G1 F3600 X47.179 Y47.179 E0.08041
G1 X47.251 Y47.091
G1 X47.049 Y47.293 E0.00475
G0 F7200 X46.958 Y47.217
G0 X47.996 Y46.14
G0 X48.088 Y46.254
G1 F3600 X52.083 Y42.26 E0.09394
G1 X52.153 Y42.19
G0 F7200 X52.153 Y42.41
G0 X53.574 Y42.41
G0 X53.574 Y42.26
G1 F3600 X56.24 Y44.926 E0.0627
G1 X56.31 Y44.996
G0 F7200 X56.09 Y44.996
G0 X56.09 Y43.759
G0 X56.24 Y43.759
G1 F3600 X53.819 Y46.18 E0.05694
G1 X53.749 Y46.25
G0 F7200 X53.906 Y46.06
G0 X52.857 Y45.516
G0 X50.888 Y45.097
G0 X50.901 Y45.244
G1 F3600 X47.917 Y42.26 E0.07018
G1 X47.847 Y42.19
G0 F7200 X47.847 Y42.41
G0 X46.426 Y42.41
G0 X46.426 Y42.26
G1 F3600 X43.76 Y44.925 E0.06269
G1 X43.69 Y44.995
G0 F7200 X43.91 Y44.995
G0 X45.162 Y51.662
G0 X46.956 Y52.781
G0 X47.049 Y52.706
G1 F3600 X47.257 Y52.914 E0.00489
G1 X47.179 Y52.82
G1 X43.76 Y56.239 E0.08041
G1 X43.69 Y56.309
G0 F7200 X43.91 Y56.309
G0 X43.91 Y55.074
G0 X43.76 Y55.074
G1 F3600 X46.426 Y57.74 E0.0627
G1 X46.496 Y57.81
G0 F7200 X46.496 Y57.59
G0 X47.916 Y57.59
G0 X47.916 Y57.74
G1 F3600 X50.909 Y54.747 E0.07039
G1 X50.979 Y54.677
G0 F7200 X50.956 Y54.909
G0 X50.055 Y54.76
G0 X47.991 Y53.856
G0 X48.085 Y53.742
G1 F3600 X52.083 Y57.74 E0.09403
G1 X52.153 Y57.81
G0 F7200 X52.153 Y57.59
G0 X53.573 Y57.59
G0 X53.573 Y57.74
G1 F3600 X56.24 Y55.073 E0.06272
G1 X56.31 Y55.003
G0 F7200 X56.09 Y55.003
G0 X56.09 Y56.24
G0 X56.24 Y56.24
G1 F3600 X53.819 Y53.819 E0.05694
G1 X53.749 Y53.749
G0 F7200 X53.906 Y53.941
G0 X52.857 Y54.484
G0 X51.945 Y54.76
G0 X51 Y54.854
G0 X50.055 Y54.76
G0 X49.143 Y54.484
G0 X48.303 Y54.035
G0 X45.659 Y51.734
G0 X45.659 Y51.318
;TYPE:WALL-INNER
G1 F3600 X45.477 Y51.119 E0.00448
G1 X45.4 Y50.903 E0.00381
G1 X45.4 Y49.172 E0.02879
G1 X45.477 Y48.877 E0.00507
G1 X45.659 Y48.678 E0.00448
G1 X45.895 Y48.572 E0.0043
G1 X46.644 Y48.574 E0.01246
G1 X46.773 Y48.187 E0.00678
G1 X47.164 Y47.447 E0.01392
G1 X47.742 Y46.749 E0.01507
G1 X48.447 Y46.164 E0.01523
G1 X49.235 Y45.748 E0.01482
G1 X50.102 Y45.483 E0.01508
G1 X51.001 Y45.396 E0.01502
G1 X51.897 Y45.484 E0.01497
G1 X52.761 Y45.745 E0.01501
G1 X53.554 Y46.168 E0.01495
G1 X54.255 Y46.745 E0.0151
G1 X54.831 Y47.446 E0.01509
G1 X55.243 Y48.219 E0.01457
G1 X55.355 Y48.575 E0.00621
G1 X56.4 Y48.572 E0.01738
G1 X56.4 Y42.313 E0.10409
G1 X56.274 Y42.101 E0.0041
G1 X43.6 Y42.1 E0.21077
G1 X43.6 Y57.9 E0.26276
G1 X56.272 Y57.9 E0.21074
G1 X56.4 Y57.683 E0.00419
G1 X56.4 Y51.424 E0.10409
G1 X55.355 Y51.424 E0.01738
G1 X55.243 Y51.78 E0.00621
G1 X54.831 Y52.549 E0.01451
G1 X54.255 Y53.255 E0.01515
G1 X53.55 Y53.831 E0.01514
G1 X52.761 Y54.255 E0.0149
G1 X51.891 Y54.513 E0.01509
G1 X51 Y54.596 E0.01488
G1 X50.103 Y54.513 E0.01498
G1 X49.236 Y54.253 E0.01505
G1 X48.443 Y53.829 E0.01495
G1 X47.745 Y53.255 E0.01503
G1 X47.168 Y52.554 E0.0151
G1 X46.774 Y51.814 E0.01394
G1 X46.644 Y51.424 E0.00684
G1 X45.895 Y51.424 E0.01246
G1 X45.659 Y51.318 E0.0043
G0 F7200 X45.886 Y50.989
;TYPE:WALL-OUTER
G1 F1800 X45.803 Y50.859 E0.00256
G1 X45.8 Y49.092 E0.02939
G1 X45.953 Y48.977 E0.00318
G1 X46.94 Y48.975 E0.01641
G1 X47.112 Y48.409 E0.00984
G1 X47.491 Y47.686 E0.01358
G1 X48.017 Y47.044 E0.0138
G1 X48.686 Y46.491 E0.01443
G1 X49.409 Y46.112 E0.01358
G1 X50.196 Y45.876 E0.01366
G1 X51.02 Y45.8 E0.01376
G1 X51.8 Y45.876 E0.01303
G1 X52.627 Y46.127 E0.01437
G1 X53.344 Y46.513 E0.01354
G1 X53.983 Y47.044 E0.01382
G1 X54.505 Y47.685 E0.01375
G1 X54.879 Y48.385 E0.0132
G1 X55.057 Y48.975 E0.01025
G1 X56.8 Y48.972 E0.02899
G1 X56.8 Y42.262 E0.11159
G1 X56.635 Y41.879 E0.00694
G1 X56.356 Y41.701 E0.0055
G1 X43.2 Y41.7 E0.21879
G1 X43.2 Y58.3 E0.27606
G1 X56.354 Y58.3 E0.21875
G1 X56.635 Y58.12 E0.00555
G1 X56.8 Y57.734 E0.00698
G1 X56.8 Y51.024 E0.11159
G1 X55.057 Y51.024 E0.02899
G1 X54.879 Y51.615 E0.01026
G1 X54.505 Y52.311 E0.01314
G1 X53.955 Y52.983 E0.01444
G1 X53.311 Y53.505 E0.01379
G1 X52.627 Y53.873 E0.01292
G1 X51.8 Y54.12 E0.01435
G1 X50.98 Y54.196 E0.0137
G1 X50.196 Y54.12 E0.0131
G1 X49.373 Y53.873 E0.01429
G1 X48.652 Y53.483 E0.01363
G1 X48.017 Y52.956 E0.01372
G1 X47.513 Y52.344 E0.01318
G1 X47.112 Y51.591 E0.01419
G1 X46.94 Y51.024 E0.00985
G1 X45.953 Y51.019 E0.01641
G1 X45.886 Y50.989 E0.00122
G0 F7200 X45.803 Y50.859
G0 X45.803 Y50.813
G0 X45.09 Y50.813
G0 X44.784 Y48.494
;TYPE:SKIN
G1 F1343.3 X44.505 Y49.087 E0.0146
G1 X44.39 Y48.496 E0.01342
G1 F1710.2 X44.39 Y48.182 E0.0055
G1 X44.971 Y48.217 E0.01019
G1 X44.784 Y48.494 E0.00585
G0 F7200 X44.505 Y49.087
G1 F1111.1 X44.502 Y50.979 E0.05097
G0 F7200 X44.784 Y51.498
G1 F1710.2 X44.978 Y51.778 E0.00596
G1 X44.39 Y51.81 E0.01031
G1 X44.39 Y51.517 E0.00513
G1 F1348.3 X44.502 Y50.979 E0.0122
G1 X44.784 Y51.498 E0.01311
G0 F7200 X45.451 Y51.7
G1 F1295 X45.767 Y51.874 E0.00834
G1 F1218.3 X46.279 Y51.889 E0.01259
G1 F1228.7 X46.585 Y52.47 E0.016
G1 F1218.3 X45.478 Y52.466 E0.0272
G1 F1208.1 X45.449 Y52.296 E0.00427
G1 F1295 X45.263 Y52.179 E0.00508
G1 F1572.1 X44.78 Y52.223 E0.00924
G1 F1800 X43.981 Y52.223 E0.01329
G1 X43.98 Y47.776 E0.07395
G1 X44.781 Y47.774 E0.01332
G1 F1572.1 X45.254 Y47.819 E0.00905
G1 F1299.6 X45.449 Y47.699 E0.00527
G1 F1212.1 X45.477 Y47.529 E0.00425
G1 F1220.3 X46.586 Y47.525 E0.0272
G1 F1230.8 X46.302 Y48.106 E0.01573
G1 F1220.3 X45.766 Y48.119 E0.01315
G1 F1299.6 X45.442 Y48.297 E0.00851
G1 F1572.1 X45.144 Y48.692 E0.00942
G1 F1800 X45.026 Y49.121 E0.0074
G1 X45.02 Y50.924 E0.02998
G1 X45.145 Y51.301 E0.00661
G1 F1572.1 X45.451 Y51.7 E0.00957
G0 F7200 X45.451 Y51.734
G0 X48.303 Y54.035
G0 X49.143 Y54.484
G0 X50.055 Y54.76
G0 X51 Y54.854
G0 X51.945 Y54.76
G0 X52.857 Y54.484
G0 X55.976 Y52.521
G1 F1475.4 X55.324 Y52.523 E0.01323
G1 X55.685 Y51.848 E0.01553
G1 X55.976 Y51.848 E0.0059
G1 X55.976 Y52.521 E0.01365
G0 F7200 X53.697 Y54.035
G0 X52.857 Y54.484
G0 X51.945 Y54.76
G0 X51 Y54.854
G0 X50.055 Y54.76
G0 X49.143 Y54.484
G0 X48.303 Y54.035
G0 X45.162 Y51.662
G0 X45.162 Y48.336
G0 X48.303 Y45.965
G0 X49.143 Y45.516
G0 X50.055 Y45.24
G0 X51 Y45.146
G0 X51.945 Y45.24
G0 X52.857 Y45.516
G0 X53.697 Y45.965
G0 X55.977 Y48.149
G1 F1478.4 X55.687 Y48.149 E0.00587
G1 X55.328 Y47.475 E0.01546
G1 X55.977 Y47.475 E0.01314
G1 X55.977 Y48.149 E0.01365
G0 F7200 X55.791 Y47.965
;MESH:NONMESH
G0 F600 X55.791 Y47.965 Z7.5
G0 F7200 X54.431 Y46.569
G0 X53.697 Y45.965
G0 X52.857 Y45.516
G0 X43.91 Y43.76
G0 X43.76 Y43.76
;TIME_ELAPSED:709.424571
;LAYER:72
;TYPE:FILL
;MESH:head.stl
G1 F3600 X47.179 Y47.179 E0.08041
G1 X47.251 Y47.091
G1 X46.967 Y47.375 E0.00668
G0 F7200 X46.883 Y47.329
G0 X47.996 Y46.14
G0 X48.088 Y46.254
G1 F3600 X52.083 Y42.26 E0.09394
G1 X52.153 Y42.19
G0 F7200 X52.153 Y42.41
G0 X53.574 Y42.41
G0 X53.574 Y42.26
G1 F3600 X56.24 Y44.927 E0.06271
G1 X56.31 Y44.997
G0 F7200 X56.09 Y44.997
G0 X56.09 Y43.759
G0 X56.24 Y43.759
G1 F3600 X53.819 Y46.18 E0.05694
G1 X53.749 Y46.25
G0 F7200 X53.906 Y46.06
G0 X52.857 Y45.516
G0 X50.888 Y45.097
G0 X50.901 Y45.244
G1 F3600 X47.917 Y42.26 E0.07018
G1 X47.847 Y42.19
G0 F7200 X47.847 Y42.41
G0 X46.426 Y42.41
G0 X46.426 Y42.26
G1 F3600 X43.76 Y44.925 E0.06269
G1 X43.69 Y44.995
G0 F7200 X43.91 Y44.995
G0 X45.162 Y51.331
G0 X46.881 Y52.669
G0 X46.967 Y52.624
G1 F3600 X47.26 Y52.917 E0.00689
G1 X47.18 Y52.819
G1 X43.76 Y56.239 E0.08043
G1 X43.69 Y56.309
G0 F7200 X43.91 Y56.309
G0 X43.91 Y55.074
G0 X43.76 Y55.074
G1 F3600 X46.426 Y57.74 E0.0627
G1 X46.496 Y57.81
G0 F7200 X46.496 Y57.59
G0 X47.916 Y57.59
G0 X47.916 Y57.74
G1 F3600 X50.909 Y54.747 E0.07039
G1 X50.979 Y54.677
G0 F7200 X50.956 Y54.909
G0 X50.055 Y54.76
G0 X47.991 Y53.856
G0 X48.085 Y53.742
G1 F3600 X52.083 Y57.74 E0.09403
G1 X52.153 Y57.81
G0 F7200 X52.153 Y57.59
G0 X53.573 Y57.59
G0 X53.573 Y57.74
G1 F3600 X56.24 Y55.073 E0.06272
G1 X56.31 Y55.003
G0 F7200 X56.09 Y55.003
G0 X56.09 Y56.24
G0 X56.24 Y56.24
G1 F3600 X53.819 Y53.819 E0.05694
G1 X53.749 Y53.749
G0 F7200 X53.906 Y53.941
G0 X52.857 Y54.484
G0 X51.945 Y54.76
G0 X51 Y54.854
G0 X50.055 Y54.76
G0 X49.143 Y54.484
G0 X48.303 Y54.035
G0 X45.63 Y51.403
G0 X45.631 Y50.966
;TYPE:WALL-INNER
G1 F3600 X45.467 Y50.769 E0.00426
G1 X45.4 Y50.569 E0.00351
G1 X45.4 Y49.504 E0.01771
G1 X45.467 Y49.226 E0.00476
G1 X45.631 Y49.03 E0.00425
G1 X45.869 Y48.905 E0.00447
G1 X46.543 Y48.904 E0.01121
G1 X46.753 Y48.229 E0.01176
G1 X47.164 Y47.448 E0.01468
G1 X47.742 Y46.749 E0.01508
G1 X48.447 Y46.164 E0.01523
G1 X49.235 Y45.748 E0.01482
G1 X50.102 Y45.483 E0.01508
G1 X51.001 Y45.396 E0.01502
G1 X51.897 Y45.484 E0.01497
G1 X52.761 Y45.745 E0.01501
G1 X53.554 Y46.168 E0.01495
G1 X54.255 Y46.745 E0.0151
G1 X54.831 Y47.445 E0.01508
G1 X55.254 Y48.237 E0.01493
G1 X55.453 Y48.904 E0.01158
G1 X56.4 Y48.904 E0.01575
G1 X56.4 Y42.313 E0.10961
G1 X56.274 Y42.101 E0.0041
G1 X43.6 Y42.1 E0.21077
G1 X43.6 Y57.9 E0.26276
G1 X56.272 Y57.9 E0.21074
G1 X56.4 Y57.683 E0.00419
G1 X56.4 Y51.092 E0.10961
G1 X55.454 Y51.092 E0.01573
G1 X55.255 Y51.761 E0.01161
G1 X54.831 Y52.55 E0.0149
G1 X54.255 Y53.255 E0.01514
G1 X53.55 Y53.831 E0.01514
G1 X52.761 Y54.255 E0.0149
G1 X51.891 Y54.513 E0.01509
G1 X51 Y54.596 E0.01488
G1 X50.103 Y54.513 E0.01498
G1 X49.236 Y54.253 E0.01505
G1 X48.443 Y53.829 E0.01495
G1 X47.745 Y53.255 E0.01503
G1 X47.167 Y52.554 E0.01511
G1 X46.753 Y51.771 E0.01473
G1 X46.544 Y51.092 E0.01181
G1 X45.869 Y51.091 E0.01123
G1 X45.631 Y50.966 E0.00447
G0 F7200 X45.877 Y50.65
;TYPE:WALL-OUTER
G1 F1800 X45.803 Y50.527 E0.00239
G1 X45.8 Y49.429 E0.01826
G1 X45.948 Y49.31 E0.00316
G1 X46.866 Y49.304 E0.01527
G1 X46.884 Y49.157 E0.00246
G1 X47.112 Y48.409 E0.013
G1 X47.491 Y47.686 E0.01358
G1 X48.017 Y47.044 E0.0138
G1 X48.686 Y46.491 E0.01443
G1 X49.409 Y46.112 E0.01358
G1 X50.196 Y45.876 E0.01366
G1 X51.02 Y45.8 E0.01376
G1 X51.8 Y45.876 E0.01303
G1 X52.627 Y46.127 E0.01437
G1 X53.344 Y46.513 E0.01354
G1 X53.983 Y47.044 E0.01382
G1 X54.505 Y47.685 E0.01375
G1 X54.873 Y48.373 E0.01298
G1 X55.156 Y49.304 E0.01618
G1 X56.8 Y49.304 E0.02734
G1 X56.8 Y42.262 E0.11711
G1 X56.635 Y41.879 E0.00694
G1 X56.356 Y41.701 E0.0055
G1 X43.2 Y41.7 E0.21879
G1 X43.2 Y58.3 E0.27606
G1 X56.354 Y58.3 E0.21875
G1 X56.635 Y58.12 E0.00555
G1 X56.8 Y57.734 E0.00698
G1 X56.8 Y50.692 E0.11711
G1 X55.156 Y50.692 E0.02734
G1 X54.873 Y51.627 E0.01625
G1 X54.505 Y52.311 E0.01292
G1 X53.955 Y52.983 E0.01444
G1 X53.311 Y53.505 E0.01379
G1 X52.627 Y53.873 E0.01292
G1 X51.8 Y54.12 E0.01435
G1 X50.98 Y54.196 E0.0137
G1 X50.196 Y54.12 E0.0131
G1 X49.373 Y53.873 E0.01429
G1 X48.652 Y53.483 E0.01363
G1 X48.017 Y52.956 E0.01372
G1 X47.513 Y52.344 E0.01318
G1 X47.12 Y51.612 E0.01382
G1 X46.884 Y50.839 E0.01344
G1 X46.866 Y50.692 E0.00246
G1 X45.947 Y50.686 E0.01528
G1 X45.877 Y50.65 E0.00131
G0 F7200 X45.803 Y50.527
G0 X45.803 Y50.471
G0 X45.09 Y50.471
G0 X44.5 Y49.548
;TYPE:SKIN
G1 F1119.8 X44.502 Y50.448 E0.02406
G0 F7200 X45.037 Y51.164
G0 X45.857 Y51.956
G1 F1263.2 X45.451 Y51.791 E0.01039
G0 F7200 X45.36 Y51.235
G1 F1800 X45.71 Y51.429 E0.00665
G1 X46.257 Y51.464 E0.00912
G1 X46.392 Y51.9 E0.00759
G1 X46.699 Y52.484 E0.01097
G1 X45.38 Y52.484 E0.02194
G1 X45.346 Y52.255 E0.00385
G1 X45.192 Y52.168 E0.00294
G1 X43.981 Y52.164 E0.02014
G1 X43.98 Y47.832 E0.07204
G1 X45.249 Y47.832 E0.0211
G1 X45.346 Y47.744 E0.00218
G1 X45.38 Y47.512 E0.0039
G1 X46.697 Y47.512 E0.0219
G1 X46.406 Y48.067 E0.01042
G1 X46.258 Y48.528 E0.00805
G1 X45.751 Y48.56 E0.00845
G1 X45.426 Y48.71 E0.00595
G1 X45.154 Y49.011 E0.00675
G1 X45.025 Y49.452 E0.00764
G1 X45.023 Y50.627 E0.01954
G1 X45.118 Y50.917 E0.00507
G1 X45.36 Y51.235 E0.00665
G0 F7200 X45.359 Y51.403
G0 X44.611 Y51.965
G1 F1800 X44.181 Y51.535 E0.01011
G0 F7200 X44.181 Y50.969
G1 F1800 X45.13 Y51.918 E0.02232
G0 F7200 X45.322 Y51.545
G1 F1800 X44.55 Y50.772 E0.01817
G1 X44.48 Y50.702
G0 F7200 X44.754 Y49.28
G1 F1800 X44.18 Y48.706 E0.0135
G0 F7200 X44.18 Y48.14
G1 F1800 X44.975 Y48.935 E0.0187
G0 F7200 X45.236 Y48.63
G1 F1800 X44.638 Y48.032 E0.01406
G0 F7200 X45.203 Y48.031
G1 F1800 X45.594 Y48.422 E0.0092
G0 F7200 X46.076 Y48.339
G1 F1800 X45.53 Y47.793 E0.01284
G0 F7200 X46.015 Y47.712
G1 F1800 X46.246 Y47.943 E0.00543
G0 F7200 X45.162 Y48.667
G0 X45.162 Y51.331
G0 X48.303 Y54.035
G0 X49.143 Y54.484
G0 X50.055 Y54.76
G0 X51 Y54.854
G0 X51.945 Y54.76
G0 X52.857 Y54.484
G0 X53.697 Y54.035
G0 X55.604 Y51.978
G1 F1528.7 X55.758 Y51.507 E0.0097
G1 X55.985 Y51.507 E0.00445
G1 X55.985 Y52.449 E0.01845
G1 X55.354 Y52.449 E0.01236
G1 X55.604 Y51.978 E0.01044
G0 F7200 X54.431 Y53.431
G0 X53.697 Y54.035
G0 X52.857 Y54.484
G0 X51.945 Y54.76
G0 X51 Y54.854
G0 X50.055 Y54.76
G0 X49.143 Y54.484
G0 X48.303 Y54.035
G0 X45.162 Y51.331
G0 X45.162 Y48.667
G0 X48.303 Y45.965
G0 X49.143 Y45.516
G0 X50.055 Y45.24
G0 X51 Y45.146
G0 X51.945 Y45.24
G0 X52.857 Y45.516
G0 X53.697 Y45.965
G0 X55.604 Y48.018
G1 F1528.7 X55.356 Y47.547 E0.01042
G1 X55.985 Y47.547 E0.01232
G1 X55.985 Y48.489 E0.01845
G1 X55.758 Y48.489 E0.00445
G1 X55.604 Y48.018 E0.0097
G0 F7200 X55.778 Y47.928
;MESH:NONMESH
G0 F600 X55.778 Y47.928 Z7.6
G0 F7200 X54.431 Y46.569
G0 X53.697 Y45.965
G0 X52.857 Y45.516
G0 X43.91 Y43.76
G0 X43.76 Y43.76
;TIME_ELAPSED:717.933832
;LAYER:73
;TYPE:FILL
;MESH:head.stl
G1 F3600 X47.179 Y47.179 E0.08041
G1 X47.25 Y47.092
G1 X46.885 Y47.457 E0.00858
G0 F7200 X46.83 Y47.427
G0 X47.996 Y46.14
G0 X48.088 Y46.254
G1 F3600 X52.083 Y42.26 E0.09394
G1 X52.153 Y42.19
G0 F7200 X52.153 Y42.41
G0 X53.574 Y42.41
G0 X53.574 Y42.26
G1 F3600 X56.24 Y44.927 E0.06271
G1 X56.31 Y44.997
G0 F7200 X56.09 Y44.997
G0 X56.09 Y43.759
G0 X56.24 Y43.759
G1 F3600 X53.819 Y46.18 E0.05694
G1 X53.749 Y46.25
G0 F7200 X53.906 Y46.06
G0 X52.857 Y45.516
G0 X50.888 Y45.097
G0 X50.901 Y45.244
G1 F3600 X47.917 Y42.26 E0.07018
G1 X47.847 Y42.19
G0 F7200 X47.847 Y42.41
G0 X46.426 Y42.41
G0 X46.426 Y42.26
G1 F3600 X43.76 Y44.925 E0.06269
G1 X43.69 Y44.995
G0 F7200 X43.91 Y44.995
G0 X46.829 Y52.571
G0 X46.885 Y52.542
G1 F3600 X47.259 Y52.916 E0.0088
G1 X47.18 Y52.819
G1 X43.76 Y56.239 E0.08043
G1 X43.69 Y56.309
G0 F7200 X43.91 Y56.309
G0 X43.91 Y55.074
G0 X43.76 Y55.074
G1 F3600 X46.426 Y57.74 E0.0627
G1 X46.496 Y57.81
G0 F7200 X46.496 Y57.59
G0 X47.916 Y57.59
G0 X47.916 Y57.74
G1 F3600 X50.909 Y54.747 E0.07039
G1 X50.979 Y54.677
G0 F7200 X50.956 Y54.909
G0 X50.055 Y54.76
G0 X47.991 Y53.856
G0 X48.085 Y53.742
G1 F3600 X52.083 Y57.74 E0.09403
G1 X52.153 Y57.81
G0 F7200 X52.153 Y57.59
G0 X53.573 Y57.59
G0 X53.573 Y57.74
G1 F3600 X56.24 Y55.073 E0.06272
G1 X56.31 Y55.003
G0 F7200 X56.09 Y55.003
G0 X56.09 Y56.24
G0 X56.24 Y56.24
G1 F3600 X53.819 Y53.819 E0.05694
G1 X53.749 Y53.749
G0 F7200 X53.906 Y53.941
G0 X53.056 Y54.381
G0 X51.92 Y54.823
G0 X51.891 Y54.513
;TYPE:WALL-INNER
G1 F3600 X51 Y54.596 E0.01488
G1 X50.103 Y54.513 E0.01498
G1 X49.236 Y54.253 E0.01505
G1 X48.443 Y53.829 E0.01495
G1 X47.745 Y53.255 E0.01503
G1 X47.168 Y52.554 E0.0151
G1 X46.746 Y51.761 E0.01494
G1 X46.484 Y50.897 E0.01501
G1 X46.396 Y50.001 E0.01497
G1 X46.484 Y49.097 E0.0151
G1 X46.745 Y48.239 E0.01491
G1 X47.164 Y47.447 E0.0149
G1 X47.742 Y46.749 E0.01507
G1 X48.447 Y46.164 E0.01523
G1 X49.235 Y45.748 E0.01482
G1 X50.102 Y45.483 E0.01508
G1 X51.001 Y45.396 E0.01502
G1 X51.897 Y45.484 E0.01497
G1 X52.761 Y45.745 E0.01501
G1 X53.554 Y46.168 E0.01495
G1 X54.255 Y46.745 E0.0151
G1 X54.831 Y47.445 E0.01508
G1 X55.253 Y48.236 E0.01491
G1 X55.512 Y49.097 E0.01495
G1 X55.6 Y50.001 E0.0151
G1 X55.512 Y50.884 E0.01476
G1 X55.256 Y51.76 E0.01518
G1 X54.831 Y52.55 E0.01492
G1 X54.255 Y53.255 E0.01514
G1 X53.55 Y53.831 E0.01514
G1 X52.761 Y54.255 E0.0149
G1 X51.891 Y54.513 E0.01509
G0 F7200 X51.92 Y54.823
G0 X56.128 Y57.605
G0 X56.272 Y57.9
G1 F3600 X56.4 Y57.683 E0.00419
G1 X56.4 Y42.313 E0.2556
G1 X56.274 Y42.101 E0.0041
G1 X43.6 Y42.1 E0.21077
G1 X43.6 Y57.9 E0.26276
G1 X56.272 Y57.9 E0.21074
G0 F7200 X56.354 Y58.3
;TYPE:WALL-OUTER
G1 F1800 X56.635 Y58.12 E0.00555
G1 X56.8 Y57.734 E0.00698
G1 X56.8 Y42.262 E0.2573
G1 X56.635 Y41.879 E0.00694
G1 X56.356 Y41.701 E0.0055
G1 X43.2 Y41.7 E0.21879
G1 X43.2 Y58.3 E0.27606
G1 X56.354 Y58.3 E0.21875
G0 F7200 X56.522 Y58.193
G0 X56.128 Y57.605
G0 X51.869 Y54.828
G0 X51.8 Y54.12
G1 F1800 X50.98 Y54.196 E0.0137
G1 X50.196 Y54.12 E0.0131
G1 X49.373 Y53.873 E0.01429
G1 X48.652 Y53.483 E0.01363
G1 X48.017 Y52.956 E0.01372
G1 X47.513 Y52.344 E0.01318
G1 X47.112 Y51.59 E0.0142
G1 X46.876 Y50.8 E0.01371
G1 X46.8 Y50.02 E0.01303
G1 X46.876 Y49.196 E0.01376
G1 X47.112 Y48.409 E0.01366
G1 X47.491 Y47.686 E0.01358
G1 X48.017 Y47.044 E0.0138
G1 X48.686 Y46.491 E0.01443
G1 X49.409 Y46.112 E0.01358
G1 X50.196 Y45.876 E0.01366
G1 X51.02 Y45.8 E0.01376
G1 X51.8 Y45.876 E0.01303
G1 X52.627 Y46.127 E0.01437
G1 X53.344 Y46.513 E0.01354
G1 X53.983 Y47.044 E0.01382
G1 X54.505 Y47.685 E0.01375
G1 X54.873 Y48.373 E0.01298
G1 X55.12 Y49.196 E0.01429
G1 X55.196 Y50.02 E0.01376
G1 X55.118 Y50.815 E0.01328
G1 X54.873 Y51.627 E0.0141
G1 X54.505 Y52.311 E0.01292
G1 X53.955 Y52.983 E0.01444
G1 X53.311 Y53.505 E0.01379
G1 X52.627 Y53.873 E0.01292
G1 X51.8 Y54.12 E0.01435
G0 F7200 X51.601 Y54.138
G0 X51.67 Y54.848
G0 X52.857 Y54.484
G0 X53.697 Y54.035
G0 X54.431 Y53.431
G0 X55.035 Y52.697
G0 X55.484 Y51.857
G0 X55.76 Y50.945
G0 X55.621 Y48.061
;TYPE:SKIN
G1 F1585.9 X55.387 Y47.623 E0.00937
G1 F1519 X56.01 Y47.623 E0.01228
G1 F1400.8 X55.953 Y49.03 E0.03009
G1 F1457.5 X55.621 Y48.061 E0.02104
G0 F7200 X55.953 Y49.03
G1 F1478.4 X56 Y49.996 E0.01958
G1 X55.953 Y50.966 E0.01966
G0 F7200 X55.625 Y51.928
G1 F1457.5 X55.953 Y50.966 E0.02087
G1 F1400.8 X56.011 Y52.373 E0.03009
G1 F1519 X55.384 Y52.373 E0.01236
G1 F1582.4 X55.625 Y51.928 E0.00957
G0 F7200 X54.431 Y53.431
G0 X53.697 Y54.035
G0 X52.857 Y54.484
G0 X51.945 Y54.76
G0 X51 Y54.854
G0 X50.055 Y54.76
G0 X49.143 Y54.484
G0 X45.338 Y52.184
G1 F1800 X45.197 Y52.108 E0.00266
G1 X43.98 Y52.108 E0.02024
G1 X43.98 Y47.888 E0.07018
G1 X45.201 Y47.887 E0.02031
G1 X45.338 Y47.812 E0.0026
G1 X45.38 Y47.596 E0.00366
G1 X46.653 Y47.596 E0.02117
G1 X46.384 Y48.113 E0.00969
G1 X46.108 Y49.036 E0.01602
G1 X46.016 Y49.984 E0.01584
G1 X46.112 Y50.961 E0.01633
G1 X46.399 Y51.923 E0.01669
G1 X46.654 Y52.4 E0.00899
G1 X45.38 Y52.4 E0.02119
G1 X45.338 Y52.184 E0.00366
G0 F7200 X46.29 Y52.139
G1 F1800 X46.229 Y52.2 E0.00143
G0 F7200 X46.131 Y51.733
G1 F1800 X45.664 Y52.2 E0.01098
G0 F7200 X45.327 Y51.971
G1 F1800 X46.002 Y51.296 E0.01587
G0 F7200 X45.899 Y50.833
G1 F1800 X44.823 Y51.909 E0.02531
G0 F7200 X44.258 Y51.909
G1 F1800 X45.847 Y50.319 E0.03738
G0 F7200 X45.839 Y49.762
G1 F1800 X44.18 Y51.421 E0.03902
G0 F7200 X44.18 Y50.855
G1 F1800 X45.898 Y49.138 E0.04039
G0 F7200 X46.096 Y48.374
G1 F1800 X44.18 Y50.289 E0.04505
G0 F7200 X44.18 Y49.724
G1 F1800 X46.108 Y47.795 E0.04536
G1 X46.178 Y47.725
G0 F7200 X45.289 Y48.049
G1 F1800 X44.18 Y49.158 E0.02608
G0 F7200 X44.18 Y48.592
G1 F1800 X44.686 Y48.087 E0.01189
;MESH:NONMESH
G0 F600 X44.686 Y48.087 Z7.7
G0 F7200 X43.91 Y43.76
G0 X43.76 Y43.76
;TIME_ELAPSED:726.415585
;LAYER:74
;TYPE:FILL
;MESH:head.stl
G1 F3600 X47.179 Y47.179 E0.08041
G1 X47.246 Y47.096
G1 X46.77 Y47.572 E0.01119
G0 F7200 X46.757 Y47.564
G0 X47.996 Y46.14
G0 X48.088 Y46.254
G1 F3600 X52.083 Y42.26 E0.09394
G1 X52.153 Y42.19
G0 F7200 X52.153 Y42.41
G0 X53.574 Y42.41
G0 X53.574 Y42.26
G1 F3600 X56.24 Y44.926 E0.0627
G1 X56.31 Y44.996
G0 F7200 X56.09 Y44.996
G0 X56.09 Y43.759
G0 X56.24 Y43.759
G1 F3600 X53.819 Y46.18 E0.05694
G1 X53.749 Y46.25
G0 F7200 X53.906 Y46.06
G0 X52.857 Y45.516
G0 X50.888 Y45.097
G0 X50.901 Y45.244
G1 F3600 X47.917 Y42.26 E0.07018
G1 X47.847 Y42.19
G0 F7200 X47.847 Y42.41
G0 X46.426 Y42.41
G0 X46.426 Y42.26
G1 F3600 X43.76 Y44.925 E0.06269
G1 X43.69 Y44.995
G0 F7200 X43.91 Y44.995
G0 X46.756 Y52.435
G0 X46.772 Y52.428
G1 F3600 X47.261 Y52.918 E0.01151
G1 X47.18 Y52.819
G1 X43.76 Y56.239 E0.08043
G1 X43.69 Y56.309
G0 F7200 X43.91 Y56.309
G0 X43.91 Y55.074
G0 X43.76 Y55.074
G1 F3600 X46.426 Y57.74 E0.0627
G1 X46.496 Y57.81
G0 F7200 X46.496 Y57.59
G0 X47.916 Y57.59
G0 X47.916 Y57.74
G1 F3600 X50.909 Y54.747 E0.07039
G1 X50.979 Y54.677
G0 F7200 X50.956 Y54.909
G0 X50.055 Y54.76
G0 X47.991 Y53.856
G0 X48.085 Y53.742
G1 F3600 X52.083 Y57.74 E0.09403
G1 X52.153 Y57.81
G0 F7200 X52.153 Y57.59
G0 X53.573 Y57.59
G0 X53.573 Y57.74
G1 F3600 X56.24 Y55.073 E0.06272
G1 X56.31 Y55.003
G0 F7200 X56.09 Y55.003
G0 X56.09 Y56.24
G0 X56.24 Y56.24
G1 F3600 X53.819 Y53.819 E0.05694
G1 X53.749 Y53.749
G0 F7200 X53.906 Y53.941
G0 X53.056 Y54.381
G0 X51.92 Y54.823
G0 X51.891 Y54.513
;TYPE:WALL-INNER
G1 F3600 X51 Y54.596 E0.01488
G1 X50.103 Y54.513 E0.01498
G1 X49.236 Y54.253 E0.01505
G1 X48.443 Y53.829 E0.01495
G1 X47.745 Y53.255 E0.01503
G1 X47.168 Y52.554 E0.0151
G1 X46.746 Y51.761 E0.01494
G1 X46.484 Y50.897 E0.01501
G1 X46.396 Y50.001 E0.01497
G1 X46.484 Y49.097 E0.0151
G1 X46.745 Y48.239 E0.01491
G1 X47.164 Y47.447 E0.0149
G1 X47.742 Y46.749 E0.01507
G1 X48.447 Y46.164 E0.01523
G1 X49.235 Y45.748 E0.01482
G1 X50.102 Y45.483 E0.01508
G1 X51.001 Y45.396 E0.01502
G1 X51.897 Y45.484 E0.01497
G1 X52.761 Y45.745 E0.01501
G1 X53.554 Y46.168 E0.01495
G1 X54.255 Y46.745 E0.0151
G1 X54.831 Y47.445 E0.01508
G1 X55.253 Y48.236 E0.01491
G1 X55.512 Y49.097 E0.01495
G1 X55.6 Y50.001 E0.0151
G1 X55.512 Y50.884 E0.01476
G1 X55.256 Y51.76 E0.01518
G1 X54.831 Y52.55 E0.01492
G1 X54.255 Y53.255 E0.01514
G1 X53.55 Y53.831 E0.01514
G1 X52.761 Y54.255 E0.0149
G1 X51.891 Y54.513 E0.01509
G0 F7200 X51.92 Y54.823
G0 X56.128 Y57.605
G0 X56.272 Y57.9
G1 F3600 X56.4 Y57.683 E0.00419
G1 X56.4 Y42.313 E0.2556
G1 X56.274 Y42.101 E0.0041
G1 X43.6 Y42.1 E0.21077
G1 X43.6 Y57.9 E0.26276
G1 X56.272 Y57.9 E0.21074
G0 F7200 X56.354 Y58.3
;TYPE:WALL-OUTER
G1 F1800 X56.635 Y58.12 E0.00555
G1 X56.8 Y57.734 E0.00698
G1 X56.8 Y42.262 E0.2573
G1 X56.635 Y41.879 E0.00694
G1 X56.356 Y41.701 E0.0055
G1 X43.2 Y41.7 E0.21879
G1 X43.2 Y58.3 E0.27606
G1 X56.354 Y58.3 E0.21875
G0 F7200 X56.522 Y58.193
G0 X56.128 Y57.605
G0 X51.869 Y54.828
G0 X51.8 Y54.12
G1 F1800 X50.98 Y54.196 E0.0137
G1 X50.196 Y54.12 E0.0131
G1 X49.373 Y53.873 E0.01429
G1 X48.652 Y53.483 E0.01363
G1 X48.017 Y52.956 E0.01372
G1 X47.513 Y52.344 E0.01318
G1 X47.112 Y51.59 E0.0142
G1 X46.876 Y50.8 E0.01371
G1 X46.8 Y50.02 E0.01303
G1 X46.876 Y49.196 E0.01376
G1 X47.112 Y48.409 E0.01366
G1 X47.491 Y47.686 E0.01358
G1 X48.017 Y47.044 E0.0138
G1 X48.686 Y46.491 E0.01443
G1 X49.409 Y46.112 E0.01358
G1 X50.196 Y45.876 E0.01366
G1 X51.02 Y45.8 E0.01376
G1 X51.8 Y45.876 E0.01303
G1 X52.627 Y46.127 E0.01437
G1 X53.344 Y46.513 E0.01354
G1 X53.983 Y47.044 E0.01382
G1 X54.505 Y47.685 E0.01375
G1 X54.873 Y48.373 E0.01298
G1 X55.12 Y49.196 E0.01429
G1 X55.196 Y50.02 E0.01376
G1 X55.118 Y50.815 E0.01328
G1 X54.873 Y51.627 E0.0141
G1 X54.505 Y52.311 E0.01292
G1 X53.955 Y52.983 E0.01444
G1 X53.311 Y53.505 E0.01379
G1 X52.627 Y53.873 E0.01292
G1 X51.8 Y54.12 E0.01435
G0 F7200 X51.601 Y54.138
G0 X51.67 Y54.848
G0 X52.857 Y54.484
G0 X53.697 Y54.035
G0 X54.431 Y53.431
G0 X55.035 Y52.697
G0 X55.484 Y51.857
G0 X55.76 Y50.945
G0 X55.845 Y50.095
G0 X55.61 Y48.066
;TYPE:SKIN
G1 F1670.5 X55.428 Y47.727 E0.00689
G1 F1578.9 X56.022 Y47.727 E0.01126
G1 F1417.3 X55.953 Y49.03 E0.02756
G1 F1493.8 X55.61 Y48.066 E0.0205
G0 F7200 X55.953 Y49.03
G1 F1478.4 X56 Y49.996 E0.01958
G1 X55.953 Y50.966 E0.01966
G0 F7200 X55.615 Y51.922
G1 F1490.7 X55.953 Y50.966 E0.02036
G1 F1417.3 X56.022 Y52.272 E0.02762
G1 F1572.1 X55.428 Y52.272 E0.01131
G1 F1666.7 X55.615 Y51.922 E0.00713
G0 F7200 X54.431 Y53.431
G0 X53.697 Y54.035
G0 X52.857 Y54.484
G0 X51.945 Y54.76
G0 X51 Y54.854
G0 X50.055 Y54.76
G0 X49.143 Y54.484
G0 X45.324 Y52.113
G1 F1800 X45.205 Y52.053 E0.00222
G1 X43.98 Y52.048 E0.02037
G1 X43.98 Y47.948 E0.06818
G1 X45.21 Y47.946 E0.02046
G1 X45.325 Y47.888 E0.00214
G1 X45.38 Y47.712 E0.00307
G1 X46.592 Y47.712 E0.02016
G1 X46.399 Y48.078 E0.00688
G1 X46.11 Y49.026 E0.01648
G1 X46.016 Y49.984 E0.01601
G1 X46.11 Y50.954 E0.01621
G1 X46.384 Y51.885 E0.01614
G1 X46.594 Y52.288 E0.00756
G1 X45.38 Y52.288 E0.02019
G1 X45.324 Y52.113 E0.00306
G0 F7200 X44.18 Y51.534
G1 F1800 X44.497 Y51.851 E0.00746
G0 F7200 X45.065 Y51.854
G1 F1800 X44.18 Y50.968 E0.02083
G0 F7200 X44.18 Y50.403
G1 F1800 X45.866 Y52.088 E0.03964
G0 F7200 X46.153 Y51.81
G1 F1800 X44.18 Y49.837 E0.0464
G0 F7200 X44.18 Y49.271
G1 F1800 X45.917 Y51.008 E0.04085
G0 F7200 X45.853 Y50.379
G1 F1800 X44.18 Y48.706 E0.03935
G0 F7200 X44.189 Y48.148
G1 F1800 X45.837 Y49.797 E0.03877
G0 F7200 X45.886 Y49.28
G1 F1800 X44.752 Y48.146 E0.02667
G0 F7200 X45.29 Y48.119
G1 F1800 X45.972 Y48.8 E0.01603
G0 F7200 X46.102 Y48.365
G1 F1800 X45.651 Y47.914 E0.01061
;MESH:NONMESH
G0 F600 X45.651 Y47.914 Z7.8
G0 F7200 X43.91 Y43.76
G0 X43.76 Y43.76
;TIME_ELAPSED:734.793472
;LAYER:75
;TYPE:FILL
;MESH:head.stl
G1 F3600 X47.179 Y47.179 E0.08041
G1 X47.246 Y47.096
G1 X46.649 Y47.694 E0.01405
G1 X46.579 Y47.764
G0 F7200 X47.996 Y46.14
G0 X48.088 Y46.254
G1 F3600 X52.083 Y42.26 E0.09394
G1 X52.153 Y42.19
G0 F7200 X52.153 Y42.41
G0 X53.574 Y42.41
G0 X53.574 Y42.26
G1 F3600 X56.24 Y44.926 E0.0627
G1 X56.31 Y44.996
G0 F7200 X56.09 Y44.996
G0 X56.09 Y43.759
G0 X56.24 Y43.759
G1 F3600 X53.819 Y46.18 E0.05694
G1 X53.749 Y46.25
G0 F7200 X53.906 Y46.06
G0 X52.857 Y45.516
G0 X50.888 Y45.097
G0 X50.901 Y45.244
G1 F3600 X47.917 Y42.26 E0.07018
G1 X47.847 Y42.19
G0 F7200 X47.847 Y42.41
G0 X46.426 Y42.41
G0 X46.426 Y42.26
G1 F3600 X43.76 Y44.925 E0.06269
G1 X43.69 Y44.995
G0 F7200 X43.91 Y44.995
G0 X46.649 Y52.306
G1 F3600 X47.261 Y52.918 E0.01439
G1 X47.18 Y52.819
G1 X43.76 Y56.239 E0.08043
G1 X43.69 Y56.309
G0 F7200 X43.91 Y56.309
G0 X43.91 Y55.074
G0 X43.76 Y55.074
G1 F3600 X46.426 Y57.74 E0.0627
G1 X46.496 Y57.81
G0 F7200 X46.496 Y57.59
G0 X47.916 Y57.59
G0 X47.916 Y57.74
G1 F3600 X50.909 Y54.747 E0.07039
G1 X50.979 Y54.677
G0 F7200 X50.956 Y54.909
G0 X50.055 Y54.76
G0 X47.991 Y53.856
G0 X48.085 Y53.742
G1 F3600 X52.083 Y57.74 E0.09403
G1 X52.153 Y57.81
G0 F7200 X52.153 Y57.59
G0 X53.573 Y57.59
G0 X53.573 Y57.74
G1 F3600 X56.24 Y55.073 E0.06272
G1 X56.31 Y55.003
G0 F7200 X56.09 Y55.003
G0 X56.09 Y56.24
G0 X56.24 Y56.24
G1 F3600 X53.819 Y53.819 E0.05694
G1 X53.749 Y53.749
G0 F7200 X53.906 Y53.941
G0 X53.056 Y54.381
G0 X51.92 Y54.823
G0 X51.891 Y54.513
;TYPE:WALL-INNER
G1 F3600 X51 Y54.596 E0.01488
G1 X50.103 Y54.513 E0.01498
G1 X49.236 Y54.253 E0.01505
G1 X48.443 Y53.829 E0.01495
G1 X47.745 Y53.255 E0.01503
G1 X47.168 Y52.554 E0.0151
G1 X46.746 Y51.761 E0.01494
G1 X46.484 Y50.897 E0.01501
G1 X46.396 Y50.001 E0.01497
G1 X46.484 Y49.097 E0.0151
G1 X46.745 Y48.239 E0.01491
G1 X47.164 Y47.447 E0.0149
G1 X47.742 Y46.749 E0.01507
G1 X48.447 Y46.164 E0.01523
G1 X49.235 Y45.748 E0.01482
G1 X50.102 Y45.483 E0.01508
G1 X51.001 Y45.396 E0.01502
G1 X51.897 Y45.484 E0.01497
G1 X52.761 Y45.745 E0.01501
G1 X53.554 Y46.168 E0.01495
G1 X54.255 Y46.745 E0.0151
G1 X54.831 Y47.445 E0.01508
G1 X55.253 Y48.236 E0.01491
G1 X55.512 Y49.097 E0.01495
G1 X55.6 Y50.001 E0.0151
G1 X55.512 Y50.884 E0.01476
G1 X55.256 Y51.76 E0.01518
G1 X54.831 Y52.55 E0.01492
G1 X54.255 Y53.255 E0.01514
G1 X53.55 Y53.831 E0.01514
G1 X52.761 Y54.255 E0.0149
G1 X51.891 Y54.513 E0.01509
G0 F7200 X51.92 Y54.823
G0 X56.128 Y57.605
G0 X56.272 Y57.9
G1 F3600 X56.4 Y57.683 E0.00419
G1 X56.4 Y42.313 E0.2556
G1 X56.274 Y42.101 E0.0041
G1 X43.6 Y42.1 E0.21077
G1 X43.6 Y57.9 E0.26276
G1 X56.272 Y57.9 E0.21074
G0 F7200 X56.354 Y58.3
;TYPE:WALL-OUTER
G1 F1800 X56.635 Y58.12 E0.00555
G1 X56.8 Y57.734 E0.00698
G1 X56.8 Y42.262 E0.2573
G1 X56.635 Y41.879 E0.00694
G1 X56.356 Y41.701 E0.0055
G1 X43.2 Y41.7 E0.21879
G1 X43.2 Y58.3 E0.27606
G1 X56.354 Y58.3 E0.21875
G0 F7200 X56.522 Y58.193
G0 X56.128 Y57.605
G0 X51.869 Y54.828
G0 X51.8 Y54.12
G1 F1800 X50.98 Y54.196 E0.0137
G1 X50.196 Y54.12 E0.0131
G1 X49.373 Y53.873 E0.01429
G1 X48.652 Y53.483 E0.01363
G1 X48.017 Y52.956 E0.01372
G1 X47.513 Y52.344 E0.01318
G1 X47.112 Y51.59 E0.0142
G1 X46.876 Y50.8 E0.01371
G1 X46.8 Y50.02 E0.01303
G1 X46.876 Y49.196 E0.01376
G1 X47.112 Y48.409 E0.01366
G1 X47.491 Y47.686 E0.01358
G1 X48.017 Y47.044 E0.0138
G1 X48.686 Y46.491 E0.01443
G1 X49.409 Y46.112 E0.01358
G1 X50.196 Y45.876 E0.01366
G1 X51.02 Y45.8 E0.01376
G1 X51.8 Y45.876 E0.01303
G1 X52.627 Y46.127 E0.01437
G1 X53.344 Y46.513 E0.01354
G1 X53.983 Y47.044 E0.01382
G1 X54.505 Y47.685 E0.01375
G1 X54.873 Y48.373 E0.01298
G1 X55.12 Y49.196 E0.01429
G1 X55.196 Y50.02 E0.01376
G1 X55.118 Y50.815 E0.01328
G1 X54.873 Y51.627 E0.0141
G1 X54.505 Y52.311 E0.01292
G1 X53.955 Y52.983 E0.01444
G1 X53.311 Y53.505 E0.01379
G1 X52.627 Y53.873 E0.01292
G1 X51.8 Y54.12 E0.01435
G0 F7200 X51.601 Y54.138
G0 X51.67 Y54.848
G0 X52.857 Y54.484
G0 X53.697 Y54.035
G0 X54.431 Y53.431
G0 X55.035 Y52.697
G0 X55.484 Y51.857
G0 X55.76 Y50.945
G0 X55.854 Y50
G0 X55.602 Y48.071
;TYPE:SKIN
G1 F1756.1 X55.477 Y47.837 E0.00452
G1 F1632.7 X56.028 Y47.837 E0.0101
G1 F1431.4 X55.953 Y49.03 E0.025
G1 F1525.4 X55.602 Y48.071 E0.02004
G0 F7200 X55.953 Y49.03
G1 F1478.4 X56 Y49.996 E0.01958
G1 X55.953 Y50.966 E0.01966
G0 F7200 X55.618 Y51.888
G1 F1525.4 X55.953 Y50.966 E0.01925
G1 F1434.3 X56.031 Y52.16 E0.02497
G1 F1636.4 X55.474 Y52.16 E0.01019
G1 F1760.4 X55.618 Y51.888 E0.00523
G0 F7200 X54.431 Y53.431
G0 X53.697 Y54.035
G0 X52.857 Y54.484
G0 X51.945 Y54.76
G0 X51 Y54.854
G0 X50.055 Y54.76
G0 X49.143 Y54.484
G0 X45.305 Y52.035
G1 F1800 X45.214 Y51.994 E0.00166
G1 X43.98 Y51.992 E0.02052
G1 X43.981 Y48.005 E0.0663
G1 X45.218 Y48.001 E0.02057
G1 X45.305 Y47.961 E0.00159
G1 X45.367 Y47.833 E0.00237
G1 X46.529 Y47.832 E0.01932
G1 X46.399 Y48.078 E0.00463
G1 X46.116 Y48.997 E0.01599
G1 X46.016 Y49.984 E0.0165
G1 X46.109 Y50.941 E0.01599
G1 X46.384 Y51.885 E0.01635
G1 X46.528 Y52.164 E0.00522
G1 X45.367 Y52.164 E0.01931
G1 X45.305 Y52.035 E0.00238
G0 F7200 X46.133 Y51.731
G1 F1800 X45.9 Y51.964 E0.00548
G0 F7200 X45.422 Y51.876
G1 F1800 X46.004 Y51.294 E0.01369
G0 F7200 X45.896 Y50.836
G1 F1800 X44.937 Y51.796 E0.02257
G0 F7200 X44.374 Y51.793
G1 F1800 X45.847 Y50.32 E0.03464
G0 F7200 X45.839 Y49.762
G1 F1800 X44.181 Y51.42 E0.03899
G0 F7200 X44.181 Y50.854
G1 F1800 X45.898 Y49.137 E0.04038
G0 F7200 X46.1 Y48.37
G1 F1800 X44.181 Y50.289 E0.04513
G0 F7200 X44.181 Y49.722
G1 F1800 X45.872 Y48.032 E0.03976
G0 F7200 X45.133 Y48.205
G1 F1800 X44.181 Y49.157 E0.02239
G0 F7200 X44.181 Y48.591
G1 F1800 X44.568 Y48.205 E0.00909
;MESH:NONMESH
G0 F600 X44.568 Y48.205 Z7.9
G0 F7200 X43.91 Y43.76
G0 X43.76 Y43.76
;TIME_ELAPSED:743.108289
;LAYER:76
;TYPE:FILL
;MESH:head.stl
G1 F3600 X47.179 Y47.179 E0.08041
G1 X47.246 Y47.096
G1 X46.527 Y47.815 E0.01691
G1 X46.457 Y47.885
G0 F7200 X47.996 Y46.14
G0 X48.088 Y46.254
G1 F3600 X52.083 Y42.26 E0.09394
G1 X52.153 Y42.19
G0 F7200 X52.153 Y42.41
G0 X53.574 Y42.41
G0 X53.574 Y42.26
G1 F3600 X56.24 Y44.926 E0.0627
G1 X56.31 Y44.996
G0 F7200 X56.09 Y44.996
G0 X56.09 Y43.759
G0 X56.24 Y43.759
G1 F3600 X53.819 Y46.18 E0.05694
G1 X53.749 Y46.25
G0 F7200 X53.906 Y46.06
G0 X52.857 Y45.516
G0 X50.888 Y45.097
G0 X50.901 Y45.244
G1 F3600 X47.917 Y42.26 E0.07018
G1 X47.847 Y42.19
G0 F7200 X47.847 Y42.41
G0 X46.426 Y42.41
G0 X46.426 Y42.26
G1 F3600 X43.76 Y44.925 E0.06269
G1 X43.69 Y44.995
G0 F7200 X43.91 Y44.995
G0 X46.528 Y52.185
G1 F3600 X47.261 Y52.918 E0.01724
G1 X47.18 Y52.819
G1 X43.76 Y56.239 E0.08043
G1 X43.69 Y56.309
G0 F7200 X43.91 Y56.309
G0 X43.91 Y55.074
G0 X43.76 Y55.074
G1 F3600 X46.426 Y57.74 E0.0627
G1 X46.496 Y57.81
G0 F7200 X46.496 Y57.59
G0 X47.916 Y57.59
G0 X47.916 Y57.74
G1 F3600 X50.909 Y54.747 E0.07039
G1 X50.979 Y54.677
G0 F7200 X50.956 Y54.909
G0 X50.055 Y54.76
G0 X47.991 Y53.856
G0 X48.085 Y53.742
G1 F3600 X52.083 Y57.74 E0.09403
G1 X52.153 Y57.81
G0 F7200 X52.153 Y57.59
G0 X53.573 Y57.59
G0 X53.573 Y57.74
G1 F3600 X56.24 Y55.073 E0.06272
G1 X56.31 Y55.003
G0 F7200 X56.09 Y55.003
G0 X56.09 Y56.24
G0 X56.24 Y56.24
G1 F3600 X53.819 Y53.819 E0.05694
G1 X53.749 Y53.749
G0 F7200 X53.906 Y53.941
G0 X53.056 Y54.381
G0 X51.92 Y54.823
G0 X51.891 Y54.513
;TYPE:WALL-INNER
G1 F3600 X51 Y54.596 E0.01488
G1 X50.103 Y54.513 E0.01498
G1 X49.236 Y54.253 E0.01505
G1 X48.443 Y53.829 E0.01495
G1 X47.745 Y53.255 E0.01503
G1 X47.168 Y52.554 E0.0151
G1 X46.746 Y51.761 E0.01494
G1 X46.484 Y50.897 E0.01501
G1 X46.396 Y50.001 E0.01497
G1 X46.484 Y49.097 E0.0151
G1 X46.745 Y48.239 E0.01491
G1 X47.164 Y47.447 E0.0149
G1 X47.742 Y46.749 E0.01507
G1 X48.447 Y46.164 E0.01523
G1 X49.235 Y45.748 E0.01482
G1 X50.102 Y45.483 E0.01508
G1 X51.001 Y45.396 E0.01502
G1 X51.897 Y45.484 E0.01497
G1 X52.761 Y45.745 E0.01501
G1 X53.554 Y46.168 E0.01495
G1 X54.255 Y46.745 E0.0151
G1 X54.831 Y47.445 E0.01508
G1 X55.253 Y48.236 E0.01491
G1 X55.512 Y49.097 E0.01495
G1 X55.6 Y50.001 E0.0151
G1 X55.512 Y50.884 E0.01476
G1 X55.256 Y51.76 E0.01518
G1 X54.831 Y52.55 E0.01492
G1 X54.255 Y53.255 E0.01514
G1 X53.55 Y53.831 E0.01514
G1 X52.761 Y54.255 E0.0149
G1 X51.891 Y54.513 E0.01509
G0 F7200 X51.92 Y54.823
G0 X56.128 Y57.605
G0 X56.272 Y57.9
G1 F3600 X56.4 Y57.683 E0.00419
G1 X56.4 Y42.313 E0.2556
G1 X56.274 Y42.101 E0.0041
G1 X43.6 Y42.1 E0.21077
G1 X43.6 Y57.9 E0.26276
G1 X56.272 Y57.9 E0.21074
G0 F7200 X56.354 Y58.3
;TYPE:WALL-OUTER
G1 F1800 X56.635 Y58.12 E0.00555
G1 X56.8 Y57.734 E0.00698
G1 X56.8 Y42.262 E0.2573
G1 X56.635 Y41.879 E0.00694
G1 X56.356 Y41.701 E0.0055
G1 X43.2 Y41.7 E0.21879
G1 X43.2 Y58.3 E0.27606
G1 X56.354 Y58.3 E0.21875
G0 F7200 X56.522 Y58.193
G0 X56.128 Y57.605
G0 X51.869 Y54.828
G0 X51.8 Y54.12
G1 F1800 X50.98 Y54.196 E0.0137
G1 X50.196 Y54.12 E0.0131
G1 X49.373 Y53.873 E0.01429
G1 X48.652 Y53.483 E0.01363
G1 X48.017 Y52.956 E0.01372
G1 X47.513 Y52.344 E0.01318
G1 X47.112 Y51.59 E0.0142
G1 X46.876 Y50.8 E0.01371
G1 X46.8 Y50.02 E0.01303
G1 X46.876 Y49.196 E0.01376
G1 X47.112 Y48.409 E0.01366
G1 X47.491 Y47.686 E0.01358
G1 X48.017 Y47.044 E0.0138
G1 X48.686 Y46.491 E0.01443
G1 X49.409 Y46.112 E0.01358
G1 X50.196 Y45.876 E0.01366
G1 X51.02 Y45.8 E0.01376
G1 X51.8 Y45.876 E0.01303
G1 X52.627 Y46.127 E0.01437
G1 X53.344 Y46.513 E0.01354
G1 X53.983 Y47.044 E0.01382
G1 X54.505 Y47.685 E0.01375
G1 X54.873 Y48.373 E0.01298
G1 X55.12 Y49.196 E0.01429
G1 X55.196 Y50.02 E0.01376
G1 X55.118 Y50.815 E0.01328
G1 X54.873 Y51.627 E0.0141
G1 X54.505 Y52.311 E0.01292
G1 X53.955 Y52.983 E0.01444
G1 X53.311 Y53.505 E0.01379
G1 X52.627 Y53.873 E0.01292
G1 X51.8 Y54.12 E0.01435
G0 F7200 X51.601 Y54.138
G0 X51.67 Y54.848
G0 X52.857 Y54.484
G0 X53.697 Y54.035
G0 X54.431 Y53.431
G0 X55.035 Y52.697
G0 X55.484 Y51.857
G0 X55.953 Y49.03
;TYPE:SKIN
G1 F1442.9 X55.548 Y47.952 E0.02389
G1 F1551.7 X56.039 Y47.95 E0.00947
G1 F1442.9 X55.953 Y49.03 E0.02248
G1 F1478.4 X56 Y49.996 E0.01958
G1 X55.953 Y50.966 E0.01966
G0 F7200 X56.039 Y52.046
G1 F1551.7 X55.542 Y52.044 E0.00959
G1 F1442.9 X55.953 Y50.966 E0.02393
G1 X56.039 Y52.046 E0.02248
G0 F7200 X53.697 Y54.035
G0 X52.857 Y54.484
G0 X51.945 Y54.76
G0 X51 Y54.854
G0 X50.055 Y54.76
G0 X49.143 Y54.484
G0 X45.266 Y51.94
G1 F1800 X43.98 Y51.936 E0.02139
G1 X43.981 Y48.065 E0.06437
G1 X45.268 Y48.059 E0.0214
G1 X45.33 Y47.953 E0.00204
G1 X46.465 Y47.952 E0.01888
G1 X46.398 Y48.079 E0.00239
G1 X46.108 Y49.036 E0.01663
G1 X46.016 Y49.984 E0.01584
G1 X46.109 Y50.941 E0.01599
G1 X46.384 Y51.885 E0.01635
G1 X46.464 Y52.044 E0.00296
G1 X45.327 Y52.044 E0.01891
G1 X45.266 Y51.94 E0.00201
G0 F7200 X44.18 Y51.534
G1 F1800 X44.382 Y51.736 E0.00475
G0 F7200 X44.948 Y51.736
G1 F1800 X44.18 Y50.968 E0.01806
G0 F7200 X44.18 Y50.403
G1 F1800 X45.621 Y51.844 E0.03389
G0 F7200 X46.153 Y51.81
G1 F1800 X44.18 Y49.837 E0.0464
G0 F7200 X44.18 Y49.271
G1 F1800 X45.917 Y51.008 E0.04085
G0 F7200 X45.853 Y50.379
G1 F1800 X44.18 Y48.706 E0.03935
G0 F7200 X44.305 Y48.265
G1 F1800 X45.836 Y49.796 E0.03601
G0 F7200 X45.884 Y49.278
G1 F1800 X44.871 Y48.265 E0.02382
G0 F7200 X45.382 Y48.211
G1 F1800 X45.968 Y48.797 E0.01378
G0 F7200 X46.101 Y48.363
G1 F1800 X45.891 Y48.153 E0.00494
;MESH:NONMESH
G0 F600 X45.891 Y48.153 Z8
G0 F7200 X43.91 Y43.76
G0 X43.76 Y43.76
;TIME_ELAPSED:751.331572
;LAYER:77
;TYPE:FILL
;MESH:head.stl
G1 F3600 X47.179 Y47.179 E0.08041
G1 X47.246 Y47.096
G1 X46.36 Y47.982 E0.02084
G1 X46.29 Y48.052
G0 F7200 X47.996 Y46.14
G0 X48.088 Y46.254
G1 F3600 X52.083 Y42.26 E0.09394
G1 X52.153 Y42.19
G0 F7200 X52.153 Y42.41
G0 X53.574 Y42.41
G0 X53.574 Y42.26
G1 F3600 X56.24 Y44.926 E0.0627
G1 X56.31 Y44.996
G0 F7200 X56.09 Y44.996
G0 X56.09 Y43.759
G0 X56.24 Y43.759
G1 F3600 X53.819 Y46.18 E0.05694
G1 X53.749 Y46.25
G0 F7200 X53.906 Y46.06
G0 X52.857 Y45.516
G0 X50.888 Y45.097
G0 X50.901 Y45.244
G1 F3600 X47.917 Y42.26 E0.07018
G1 X47.847 Y42.19
G0 F7200 X47.847 Y42.41
G0 X46.426 Y42.41
G0 X46.426 Y42.26
G1 F3600 X43.76 Y44.925 E0.06269
G1 X43.69 Y44.995
G0 F7200 X43.91 Y44.995
G0 X46.362 Y52.019
G1 F3600 X47.261 Y52.918 E0.02114
G1 X47.18 Y52.819
G1 X43.76 Y56.239 E0.08043
G1 X43.69 Y56.309
G0 F7200 X43.91 Y56.309
G0 X43.91 Y55.074
G0 X43.76 Y55.074
G1 F3600 X46.426 Y57.74 E0.0627
G1 X46.496 Y57.81
G0 F7200 X46.496 Y57.59
G0 X47.916 Y57.59
G0 X47.916 Y57.74
G1 F3600 X50.909 Y54.747 E0.07039
G1 X50.979 Y54.677
G0 F7200 X50.956 Y54.909
G0 X50.055 Y54.76
G0 X47.991 Y53.856
G0 X48.085 Y53.742
G1 F3600 X52.083 Y57.74 E0.09403
G1 X52.153 Y57.81
G0 F7200 X52.153 Y57.59
G0 X53.573 Y57.59
G0 X53.573 Y57.74
G1 F3600 X56.24 Y55.073 E0.06272
G1 X56.31 Y55.003
G0 F7200 X56.09 Y55.003
G0 X56.09 Y56.24
G0 X56.24 Y56.24
G1 F3600 X53.819 Y53.819 E0.05694
G1 X53.749 Y53.749
G0 F7200 X53.906 Y53.941
G0 X53.056 Y54.381
G0 X51.92 Y54.823
G0 X51.891 Y54.513
;TYPE:WALL-INNER
G1 F3600 X51 Y54.596 E0.01488
G1 X50.103 Y54.513 E0.01498
G1 X49.236 Y54.253 E0.01505
G1 X48.443 Y53.829 E0.01495
G1 X47.745 Y53.255 E0.01503
G1 X47.168 Y52.554 E0.0151
G1 X46.746 Y51.761 E0.01494
G1 X46.484 Y50.897 E0.01501
G1 X46.396 Y50.001 E0.01497
G1 X46.484 Y49.097 E0.0151
G1 X46.745 Y48.239 E0.01491
G1 X47.164 Y47.447 E0.0149
G1 X47.742 Y46.749 E0.01507
G1 X48.447 Y46.164 E0.01523
G1 X49.235 Y45.748 E0.01482
G1 X50.102 Y45.483 E0.01508
G1 X51.001 Y45.396 E0.01502
G1 X51.897 Y45.484 E0.01497
G1 X52.761 Y45.745 E0.01501
G1 X53.554 Y46.168 E0.01495
G1 X54.255 Y46.745 E0.0151
G1 X54.831 Y47.445 E0.01508
G1 X55.253 Y48.236 E0.01491
G1 X55.512 Y49.097 E0.01495
G1 X55.6 Y50.001 E0.0151
G1 X55.512 Y50.884 E0.01476
G1 X55.256 Y51.76 E0.01518
G1 X54.831 Y52.55 E0.01492
G1 X54.255 Y53.255 E0.01514
G1 X53.55 Y53.831 E0.01514
G1 X52.761 Y54.255 E0.0149
G1 X51.891 Y54.513 E0.01509
G0 F7200 X51.92 Y54.823
G0 X56.128 Y57.605
G0 X56.272 Y57.9
G1 F3600 X56.4 Y57.683 E0.00419
G1 X56.4 Y42.313 E0.2556
G1 X56.274 Y42.101 E0.0041
G1 X43.6 Y42.1 E0.21077
G1 X43.6 Y57.9 E0.26276
G1 X56.272 Y57.9 E0.21074
G0 F7200 X56.354 Y58.3
;TYPE:WALL-OUTER
G1 F1800 X56.635 Y58.12 E0.00555
G1 X56.8 Y57.734 E0.00698
G1 X56.8 Y42.262 E0.2573
G1 X56.635 Y41.879 E0.00694
G1 X56.356 Y41.701 E0.0055
G1 X43.2 Y41.7 E0.21879
G1 X43.2 Y58.3 E0.27606
G1 X56.354 Y58.3 E0.21875
G0 F7200 X56.522 Y58.193
G0 X56.128 Y57.605
G0 X51.869 Y54.828
G0 X51.8 Y54.12
G1 F1800 X50.98 Y54.196 E0.0137
G1 X50.196 Y54.12 E0.0131
G1 X49.373 Y53.873 E0.01429
G1 X48.652 Y53.483 E0.01363
G1 X48.017 Y52.956 E0.01372
G1 X47.513 Y52.344 E0.01318
G1 X47.112 Y51.59 E0.0142
G1 X46.876 Y50.8 E0.01371
G1 X46.8 Y50.02 E0.01303
G1 X46.876 Y49.196 E0.01376
G1 X47.112 Y48.409 E0.01366
G1 X47.491 Y47.686 E0.01358
G1 X48.017 Y47.044 E0.0138
G1 X48.686 Y46.491 E0.01443
G1 X49.409 Y46.112 E0.01358
G1 X50.196 Y45.876 E0.01366
G1 X51.02 Y45.8 E0.01376
G1 X51.8 Y45.876 E0.01303
G1 X52.627 Y46.127 E0.01437
G1 X53.344 Y46.513 E0.01354
G1 X53.983 Y47.044 E0.01382
G1 X54.505 Y47.685 E0.01375
G1 X54.873 Y48.373 E0.01298
G1 X55.12 Y49.196 E0.01429
G1 X55.196 Y50.02 E0.01376
G1 X55.118 Y50.815 E0.01328
G1 X54.873 Y51.627 E0.0141
G1 X54.505 Y52.311 E0.01292
G1 X53.955 Y52.983 E0.01444
G1 X53.311 Y53.505 E0.01379
G1 X52.627 Y53.873 E0.01292
G1 X51.8 Y54.12 E0.01435
G0 F7200 X51.601 Y54.138
G0 X51.67 Y54.848
G0 X52.857 Y54.484
G0 X53.697 Y54.035
G0 X54.431 Y53.431
G0 X55.035 Y52.697
G0 X55.484 Y51.857
G0 X55.76 Y50.945
G0 X55.67 Y48.349
;TYPE:SKIN
G1 F1935.5 X55.601 Y48.113 E0.0038
G1 F1747.6 X56.055 Y48.11 E0.00778
G1 F1457.5 X55.953 Y49.03 E0.01901
G1 F1589.4 X55.67 Y48.349 E0.01389
G0 F7200 X55.953 Y49.03
G1 F1478.4 X56 Y49.996 E0.01958
G1 X55.953 Y50.966 E0.01966
G0 F7200 X55.67 Y51.648
G1 F1589.4 X55.953 Y50.966 E0.01391
G1 F1457.5 X56.054 Y51.886 E0.01901
G1 F1747.6 X55.599 Y51.888 E0.00779
G1 F1935.5 X55.67 Y51.648 E0.00387
G0 F7200 X55.035 Y52.697
G0 X54.431 Y53.431
G0 X53.697 Y54.035
G0 X52.857 Y54.484
G0 X51.945 Y54.76
G0 X51 Y54.854
G0 X50.055 Y54.76
G0 X49.143 Y54.484
G0 X48.303 Y54.035
G0 X47.569 Y53.431
G0 X46.965 Y52.697
G0 X46.108 Y50.94
G1 F1800 X46.382 Y51.876 E0.01622
G1 X43.98 Y51.876 E0.03995
G1 X43.98 Y48.12 E0.06246
G1 X46.382 Y48.12 E0.03995
G1 X46.108 Y49.036 E0.0159
G1 X46.016 Y49.984 E0.01584
G1 X46.108 Y50.94 E0.01597
G0 F7200 X46.002 Y51.296
G1 F1800 X45.622 Y51.676 E0.00894
G0 F7200 X45.056 Y51.676
G1 F1800 X45.897 Y50.835 E0.01978
G0 F7200 X45.847 Y50.32
G1 F1800 X44.49 Y51.676 E0.0319
G0 F7200 X44.18 Y51.421
G1 F1800 X45.838 Y49.763 E0.03899
G0 F7200 X45.897 Y49.138
G1 F1800 X44.18 Y50.855 E0.04038
G0 F7200 X44.18 Y50.289
G1 F1800 X46.096 Y48.373 E0.04506
G0 F7200 X45.584 Y48.319
G1 F1800 X44.18 Y49.724 E0.03303
G0 F7200 X44.18 Y49.158
G1 F1800 X45.019 Y48.319 E0.01973
G0 F7200 X44.453 Y48.319
G1 F1800 X44.18 Y48.592 E0.00642
G0 F7200 X44.21 Y48.592
;MESH:NONMESH
G0 F600 X44.21 Y48.592 Z8.1
G0 F7200 X43.91 Y43.76
G0 X43.76 Y43.76
;TIME_ELAPSED:759.458574
;LAYER:78
;TYPE:FILL
;MESH:head.stl
G1 F3600 X47.179 Y47.179 E0.08041
G1 X47.246 Y47.096
G1 X46.17 Y48.172 E0.02531
G1 X46.1 Y48.242
G0 F7200 X45.24 Y49.102
G1 F3600 X43.76 Y50.582 E0.03481
G1 X43.69 Y50.652
G0 F7200 X43.91 Y50.652
G0 X43.91 Y49.417
G0 X43.76 Y49.417
G1 F3600 X45.24 Y50.897 E0.03481
G1 X45.31 Y50.967
G0 F7200 X46.172 Y51.829
G1 F3600 X47.261 Y52.918 E0.02561
G1 X47.18 Y52.819
G1 X43.76 Y56.239 E0.08043
G1 X43.69 Y56.309
G0 F7200 X43.91 Y56.309
G0 X43.91 Y55.074
G0 X43.76 Y55.074
G1 F3600 X46.426 Y57.74 E0.0627
G1 X46.496 Y57.81
G0 F7200 X46.496 Y57.59
G0 X47.916 Y57.59
G0 X47.916 Y57.74
G1 F3600 X50.909 Y54.747 E0.07039
G1 X50.979 Y54.677
G0 F7200 X50.956 Y54.909
G0 X50.055 Y54.76
G0 X47.991 Y53.856
G0 X48.085 Y53.742
G1 F3600 X52.083 Y57.74 E0.09403
G1 X52.153 Y57.81
G0 F7200 X52.153 Y57.59
G0 X53.573 Y57.59
G0 X53.573 Y57.74
G1 F3600 X56.24 Y55.073 E0.06272
G1 X56.31 Y55.003
G0 F7200 X56.09 Y55.003
G0 X56.09 Y56.24
G0 X56.24 Y56.24
G1 F3600 X53.819 Y53.819 E0.05694
G1 X53.749 Y53.749
G0 F7200 X53.906 Y53.941
G0 X55.035 Y52.697
G0 X55.484 Y51.857
G0 X55.76 Y50.945
G0 X55.854 Y50
G0 X55.76 Y49.055
G0 X55.484 Y48.143
G0 X55.035 Y47.303
G0 X53.914 Y46.066
G0 X53.819 Y46.18
G1 F3600 X56.24 Y43.759 E0.05694
G1 X56.31 Y43.689
G0 F7200 X56.09 Y43.689
G0 X56.09 Y44.927
G0 X56.24 Y44.927
G1 F3600 X53.574 Y42.26 E0.06271
G1 X53.504 Y42.19
G0 F7200 X53.504 Y42.41
G0 X52.083 Y42.41
G0 X52.083 Y42.26
G1 F3600 X48.088 Y46.254 E0.09394
G1 X48.018 Y46.324
G0 F7200 X47.919 Y46.203
G0 X49.143 Y45.516
G0 X50.888 Y45.097
G0 X50.901 Y45.244
G1 F3600 X47.917 Y42.26 E0.07018
G1 X47.847 Y42.19
G0 F7200 X47.847 Y42.41
G0 X46.426 Y42.41
G0 X46.426 Y42.26
G1 F3600 X43.76 Y44.925 E0.06269
G1 X43.69 Y44.995
G0 F7200 X43.91 Y44.995
G0 X46.516 Y51.857
G0 X46.965 Y52.697
G0 X47.569 Y53.431
G0 X48.303 Y54.035
G0 X49.143 Y54.484
G0 X50.055 Y54.76
G0 X51.92 Y54.823
G0 X51.891 Y54.513
;TYPE:WALL-INNER
G1 F3600 X51 Y54.596 E0.01488
G1 X50.103 Y54.513 E0.01498
G1 X49.236 Y54.253 E0.01505
G1 X48.443 Y53.829 E0.01495
G1 X47.745 Y53.255 E0.01503
G1 X47.168 Y52.554 E0.0151
G1 X46.746 Y51.761 E0.01494
G1 X46.484 Y50.897 E0.01501
G1 X46.396 Y50.001 E0.01497
G1 X46.484 Y49.097 E0.0151
G1 X46.745 Y48.239 E0.01491
G1 X47.164 Y47.447 E0.0149
G1 X47.742 Y46.749 E0.01507
G1 X48.447 Y46.164 E0.01523
G1 X49.235 Y45.748 E0.01482
G1 X50.102 Y45.483 E0.01508
G1 X51.001 Y45.396 E0.01502
G1 X51.897 Y45.484 E0.01497
G1 X52.761 Y45.745 E0.01501
G1 X53.554 Y46.168 E0.01495
G1 X54.255 Y46.745 E0.0151
G1 X54.831 Y47.445 E0.01508
G1 X55.253 Y48.236 E0.01491
G1 X55.512 Y49.097 E0.01495
G1 X55.6 Y50.001 E0.0151
G1 X55.512 Y50.884 E0.01476
G1 X55.256 Y51.76 E0.01518
G1 X54.831 Y52.55 E0.01492
G1 X54.255 Y53.255 E0.01514
G1 X53.55 Y53.831 E0.01514
G1 X52.761 Y54.255 E0.0149
G1 X51.891 Y54.513 E0.01509
G0 F7200 X51.92 Y54.823
G0 X56.128 Y57.605
G0 X56.272 Y57.9
G1 F3600 X56.4 Y57.683 E0.00419
G1 X56.4 Y42.313 E0.2556
G1 X56.274 Y42.101 E0.0041
G1 X43.6 Y42.1 E0.21077
G1 X43.6 Y57.9 E0.26276
G1 X56.272 Y57.9 E0.21074
G0 F7200 X56.354 Y58.3
;TYPE:WALL-OUTER
G1 F1800 X56.635 Y58.12 E0.00555
G1 X56.8 Y57.734 E0.00698
G1 X56.8 Y42.262 E0.2573
G1 X56.635 Y41.879 E0.00694
G1 X56.356 Y41.701 E0.0055
G1 X43.2 Y41.7 E0.21879
G1 X43.2 Y58.3 E0.27606
G1 X56.354 Y58.3 E0.21875
G0 F7200 X56.522 Y58.193
G0 X56.128 Y57.605
G0 X51.869 Y54.828
G0 X51.8 Y54.12
G1 F1800 X50.98 Y54.196 E0.0137
G1 X50.196 Y54.12 E0.0131
G1 X49.373 Y53.873 E0.01429
G1 X48.652 Y53.483 E0.01363
G1 X48.017 Y52.956 E0.01372
G1 X47.513 Y52.344 E0.01318
G1 X47.112 Y51.59 E0.0142
G1 X46.876 Y50.8 E0.01371
G1 X46.8 Y50.02 E0.01303
G1 X46.876 Y49.196 E0.01376
G1 X47.112 Y48.409 E0.01366
G1 X47.491 Y47.686 E0.01358
G1 X48.017 Y47.044 E0.0138
G1 X48.686 Y46.491 E0.01443
G1 X49.409 Y46.112 E0.01358
G1 X50.196 Y45.876 E0.01366
G1 X51.02 Y45.8 E0.01376
G1 X51.8 Y45.876 E0.01303
G1 X52.627 Y46.127 E0.01437
G1 X53.344 Y46.513 E0.01354
G1 X53.983 Y47.044 E0.01382
G1 X54.505 Y47.685 E0.01375
G1 X54.873 Y48.373 E0.01298
G1 X55.12 Y49.196 E0.01429
G1 X55.196 Y50.02 E0.01376
G1 X55.118 Y50.815 E0.01328
G1 X54.873 Y51.627 E0.0141
G1 X54.505 Y52.311 E0.01292
G1 X53.955 Y52.983 E0.01444
G1 X53.311 Y53.505 E0.01379
G1 X52.627 Y53.873 E0.01292
G1 X51.8 Y54.12 E0.01435
G0 F7200 X51.601 Y54.138
G0 X51.67 Y54.848
G0 X52.857 Y54.484
G0 X53.697 Y54.035
G0 X54.431 Y53.431
G0 X55.035 Y52.697
G0 X55.484 Y51.857
G0 X55.953 Y49.03
;TYPE:SKIN
G1 F1632.7 X55.705 Y48.508 E0.0106
G1 F2069 X55.638 Y48.285 E0.00337
G1 X56.046 Y48.283 E0.0059
G1 X56.046 Y48.458 E0.00253
G1 F1632.7 X55.953 Y49.03 E0.01063
G1 F1478.4 X56 Y49.996 E0.01958
G1 X55.953 Y50.966 E0.01966
G0 F7200 X56.046 Y51.714
G1 F2063 X55.638 Y51.714 E0.00592
G1 X55.704 Y51.49 E0.00339
G1 F1629 X55.953 Y50.966 E0.01066
G1 X56.046 Y51.539 E0.01067
G1 F2063 X56.046 Y51.714 E0.00254
G0 F7200 X54.431 Y53.431
G0 X53.697 Y54.035
G0 X52.857 Y54.484
G0 X51.945 Y54.76
G0 X51 Y54.854
G0 X50.055 Y54.76
G0 X49.143 Y54.484
G0 X48.303 Y54.035
G0 X47.569 Y53.431
G0 X46.965 Y52.697
G0 X45.957 Y49.979
G1 F1313.9 X46.032 Y51.001 E0.02335
G1 F1220.3 X46.188 Y51.585 E0.01483
G1 F1192.1 X45.483 Y51.585 E0.0177
G1 F1281.1 X45.439 Y49.954 E0.03812
G1 F1285.7 X45.481 Y48.413 E0.03589
G1 F1196 X46.187 Y48.413 E0.01767
G1 F1222.4 X46.032 Y48.973 E0.01423
G1 F1313.9 X45.957 Y49.979 E0.02298
G0 F7200 X45.786 Y50
;MESH:NONMESH
G0 F600 X45.786 Y50 Z8.2
G0 F7200 X43.91 Y43.76
G0 X43.76 Y43.76
;TIME_ELAPSED:767.077775
;LAYER:79
;TYPE:FILL
;MESH:head.stl
G1 F3600 X47.179 Y47.179 E0.08041
G1 X47.246 Y47.096
G1 X45.927 Y48.415 E0.03102
G1 X45.857 Y48.485
G0 F7200 X45.24 Y49.102
G1 F3600 X43.76 Y50.582 E0.03481
G1 X43.69 Y50.652
G0 F7200 X43.91 Y50.652
G0 X43.91 Y49.417
G0 X43.76 Y49.417
G1 F3600 X45.24 Y50.897 E0.03481
G1 X45.31 Y50.967
G0 F7200 X45.927 Y51.584
G1 F3600 X47.261 Y52.918 E0.03137
G1 X47.18 Y52.819
G1 X43.76 Y56.239 E0.08043
G1 X43.69 Y56.309
G0 F7200 X43.91 Y56.309
G0 X43.91 Y55.074
G0 X43.76 Y55.074
G1 F3600 X46.426 Y57.74 E0.0627
G1 X46.496 Y57.81
G0 F7200 X46.496 Y57.59
G0 X47.916 Y57.59
G0 X47.916 Y57.74
G1 F3600 X50.909 Y54.747 E0.07039
G1 X50.979 Y54.677
G0 F7200 X50.956 Y54.909
G0 X50.055 Y54.76
G0 X47.991 Y53.856
G0 X48.085 Y53.742
G1 F3600 X52.083 Y57.74 E0.09403
G1 X52.153 Y57.81
G0 F7200 X52.153 Y57.59
G0 X53.573 Y57.59
G0 X53.573 Y57.74
G1 F3600 X56.24 Y55.073 E0.06272
G1 X56.31 Y55.003
G0 F7200 X56.09 Y55.003
G0 X56.09 Y56.24
G0 X56.24 Y56.24
G1 F3600 X53.819 Y53.819 E0.05694
G1 X53.749 Y53.749
G0 F7200 X53.906 Y53.941
G0 X55.035 Y52.697
G0 X55.484 Y51.857
G0 X55.76 Y50.945
G0 X55.854 Y50
G0 X55.76 Y49.055
G0 X55.484 Y48.143
G0 X55.035 Y47.303
G0 X53.914 Y46.066
G0 X53.819 Y46.18
G1 F3600 X56.24 Y43.759 E0.05694
G1 X56.31 Y43.689
G0 F7200 X56.09 Y43.689
G0 X56.09 Y44.926
G0 X56.24 Y44.926
G1 F3600 X53.574 Y42.26 E0.0627
G1 X53.504 Y42.19
G0 F7200 X53.504 Y42.41
G0 X52.083 Y42.41
G0 X52.083 Y42.26
G1 F3600 X48.088 Y46.254 E0.09394
G1 X48.018 Y46.324
G0 F7200 X47.919 Y46.203
G0 X49.143 Y45.516
G0 X50.888 Y45.097
G0 X50.901 Y45.244
G1 F3600 X47.917 Y42.26 E0.07018
G1 X47.847 Y42.19
G0 F7200 X47.847 Y42.41
G0 X46.426 Y42.41
G0 X46.426 Y42.26
G1 F3600 X43.76 Y44.925 E0.06269
G1 X43.69 Y44.995
G0 F7200 X43.91 Y44.995
G0 X46.516 Y51.857
G0 X46.965 Y52.697
G0 X47.569 Y53.431
G0 X48.303 Y54.035
G0 X49.143 Y54.484
G0 X50.055 Y54.76
G0 X51.92 Y54.823
G0 X51.891 Y54.513
;TYPE:WALL-INNER
G1 F3600 X51 Y54.596 E0.01488
G1 X50.103 Y54.513 E0.01498
G1 X49.236 Y54.253 E0.01505
G1 X48.443 Y53.829 E0.01495
G1 X47.745 Y53.255 E0.01503
G1 X47.168 Y52.554 E0.0151
G1 X46.746 Y51.761 E0.01494
G1 X46.484 Y50.897 E0.01501
G1 X46.396 Y50.001 E0.01497
G1 X46.484 Y49.097 E0.0151
G1 X46.745 Y48.239 E0.01491
G1 X47.164 Y47.447 E0.0149
G1 X47.742 Y46.749 E0.01507
G1 X48.447 Y46.164 E0.01523
G1 X49.235 Y45.748 E0.01482
G1 X50.102 Y45.483 E0.01508
G1 X51.001 Y45.396 E0.01502
G1 X51.897 Y45.484 E0.01497
G1 X52.761 Y45.745 E0.01501
G1 X53.554 Y46.168 E0.01495
G1 X54.255 Y46.745 E0.0151
G1 X54.831 Y47.445 E0.01508
G1 X55.253 Y48.236 E0.01491
G1 X55.512 Y49.097 E0.01495
G1 X55.6 Y50.001 E0.0151
G1 X55.512 Y50.884 E0.01476
G1 X55.256 Y51.76 E0.01518
G1 X54.831 Y52.55 E0.01492
G1 X54.255 Y53.255 E0.01514
G1 X53.55 Y53.831 E0.01514
G1 X52.761 Y54.255 E0.0149
G1 X51.891 Y54.513 E0.01509
G0 F7200 X51.92 Y54.823
G0 X56.128 Y57.605
G0 X56.272 Y57.9
G1 F3600 X56.4 Y57.683 E0.00419
G1 X56.4 Y42.313 E0.2556
G1 X56.274 Y42.101 E0.0041
G1 X43.6 Y42.1 E0.21077
G1 X43.6 Y57.9 E0.26276
G1 X56.272 Y57.9 E0.21074
G0 F7200 X56.354 Y58.3
;TYPE:WALL-OUTER
G1 F1800 X56.635 Y58.12 E0.00555
G1 X56.8 Y57.734 E0.00698
G1 X56.8 Y42.262 E0.2573
G1 X56.635 Y41.879 E0.00694
G1 X56.356 Y41.701 E0.0055
G1 X43.2 Y41.7 E0.21879
G1 X43.2 Y58.3 E0.27606
G1 X56.354 Y58.3 E0.21875
G0 F7200 X56.522 Y58.193
G0 X56.128 Y57.605
G0 X51.869 Y54.828
G0 X51.8 Y54.12
G1 F1800 X50.98 Y54.196 E0.0137
G1 X50.196 Y54.12 E0.0131
G1 X49.373 Y53.873 E0.01429
G1 X48.652 Y53.483 E0.01363
G1 X48.017 Y52.956 E0.01372
G1 X47.513 Y52.344 E0.01318
G1 X47.112 Y51.59 E0.0142
G1 X46.876 Y50.8 E0.01371
G1 X46.8 Y50.02 E0.01303
G1 X46.876 Y49.196 E0.01376
G1 X47.112 Y48.409 E0.01366
G1 X47.491 Y47.686 E0.01358
G1 X48.017 Y47.044 E0.0138
G1 X48.686 Y46.491 E0.01443
G1 X49.409 Y46.112 E0.01358
G1 X50.196 Y45.876 E0.01366
G1 X51.02 Y45.8 E0.01376
G1 X51.8 Y45.876 E0.01303
G1 X52.627 Y46.127 E0.01437
G1 X53.344 Y46.513 E0.01354
G1 X53.983 Y47.044 E0.01382
G1 X54.505 Y47.685 E0.01375
G1 X54.873 Y48.373 E0.01298
G1 X55.12 Y49.196 E0.01429
G1 X55.196 Y50.02 E0.01376
G1 X55.118 Y50.815 E0.01328
G1 X54.873 Y51.627 E0.0141
G1 X54.505 Y52.311 E0.01292
G1 X53.955 Y52.983 E0.01444
G1 X53.311 Y53.505 E0.01379
G1 X52.627 Y53.873 E0.01292
G1 X51.8 Y54.12 E0.01435
G0 F7200 X51.601 Y54.138
G0 X51.67 Y54.848
G0 X52.857 Y54.484
G0 X53.697 Y54.035
G0 X54.431 Y53.431
G0 X55.035 Y52.697
G0 X55.484 Y51.857
G0 X55.76 Y50.945
G0 X55.903 Y48.671
;TYPE:SKIN
G1 F1222.4 X55.948 Y48.977 E0.00757
G1 F1463.4 X56 Y49.996 E0.02087
G1 F1478.4 X55.953 Y50.966 E0.01966
G1 F1228.7 X55.901 Y51.325 E0.00884
G0 F7200 X55.035 Y52.697
G0 X54.431 Y53.431
G0 X53.697 Y54.035
G0 X52.857 Y54.484
G0 X51.945 Y54.76
G0 X51 Y54.854
G0 X50.055 Y54.76
G0 X49.143 Y54.484
G0 X48.303 Y54.035
G0 X47.569 Y53.431
G0 X46.965 Y52.697
G0 X45.957 Y49.979
G1 F1316.3 X46.031 Y50.993 E0.02312
G1 F1252.2 X46.139 Y51.356 E0.00905
G1 X45.467 Y51.357 E0.01606
G1 F1316.3 X45.439 Y49.954 E0.03191
G1 F1321.1 X45.466 Y48.638 E0.02982
G1 F1260.9 X46.136 Y48.637 E0.01591
G1 X46.03 Y48.99 E0.00875
G1 F1321.1 X45.957 Y49.979 E0.02247
G0 F7200 X45.786 Y50
;MESH:NONMESH
G0 F600 X45.786 Y50 Z8.3
G0 F7200 X43.91 Y43.76
G0 X43.76 Y43.76
;TIME_ELAPSED:774.511520
;LAYER:80
;TYPE:FILL
;MESH:head.stl
G1 F3600 X47.179 Y47.179 E0.08041
G1 X47.246 Y47.096
G1 X45.598 Y48.744 E0.03876
G0 F7200 X45.24 Y49.102
G1 F3600 X43.76 Y50.582 E0.03481
G1 X43.69 Y50.652
G0 F7200 X43.91 Y50.652
G0 X43.91 Y49.417
G0 X43.76 Y49.417
G1 F3600 X45.24 Y50.897 E0.03481
G0 F7200 X45.598 Y51.255
G1 F3600 X47.261 Y52.918 E0.03911
G1 X47.18 Y52.819
G1 X43.76 Y56.239 E0.08043
G1 X43.69 Y56.309
G0 F7200 X43.91 Y56.309
G0 X43.91 Y55.074
G0 X43.76 Y55.074
G1 F3600 X46.426 Y57.74 E0.0627
G1 X46.496 Y57.81
G0 F7200 X46.496 Y57.59
G0 X47.916 Y57.59
G0 X47.916 Y57.74
G1 F3600 X50.909 Y54.747 E0.07039
G1 X50.979 Y54.677
G0 F7200 X50.956 Y54.909
G0 X50.055 Y54.76
G0 X47.991 Y53.856
G0 X48.085 Y53.742
G1 F3600 X52.083 Y57.74 E0.09403
G1 X52.153 Y57.81
G0 F7200 X52.153 Y57.59
G0 X53.573 Y57.59
G0 X53.573 Y57.74
G1 F3600 X56.24 Y55.073 E0.06272
G1 X56.31 Y55.003
G0 F7200 X56.09 Y55.003
G0 X56.09 Y56.24
G0 X56.24 Y56.24
G1 F3600 X53.819 Y53.819 E0.05694
G1 X53.749 Y53.749
G0 F7200 X53.906 Y53.941
G0 X55.035 Y52.697
G0 X55.484 Y51.857
G0 X55.76 Y50.945
G0 X55.854 Y50
G0 X55.76 Y49.055
G0 X55.484 Y48.143
G0 X55.035 Y47.303
G0 X53.914 Y46.066
G0 X53.819 Y46.18
G1 F3600 X56.24 Y43.759 E0.05694
G1 X56.31 Y43.689
G0 F7200 X56.09 Y43.689
G0 X56.09 Y44.927
G0 X56.24 Y44.927
G1 F3600 X53.574 Y42.26 E0.06271
G1 X53.504 Y42.19
G0 F7200 X53.504 Y42.41
G0 X52.083 Y42.41
G0 X52.083 Y42.26
G1 F3600 X48.088 Y46.254 E0.09394
G1 X48.018 Y46.324
G0 F7200 X47.919 Y46.203
G0 X49.143 Y45.516
G0 X50.888 Y45.097
G0 X50.901 Y45.244
G1 F3600 X47.917 Y42.26 E0.07018
G1 X47.847 Y42.19
G0 F7200 X47.847 Y42.41
G0 X46.426 Y42.41
G0 X46.426 Y42.26
G1 F3600 X43.76 Y44.925 E0.06269
G1 X43.69 Y44.995
G0 F7200 X43.91 Y44.995
G0 X46.516 Y51.857
G0 X46.965 Y52.697
G0 X47.569 Y53.431
G0 X48.303 Y54.035
G0 X49.143 Y54.484
G0 X50.055 Y54.76
G0 X51.92 Y54.823
G0 X51.891 Y54.513
;TYPE:WALL-INNER
G1 F3600 X51 Y54.596 E0.01488
G1 X50.103 Y54.513 E0.01498
G1 X49.236 Y54.253 E0.01505
G1 X48.443 Y53.829 E0.01495
G1 X47.745 Y53.255 E0.01503
G1 X47.168 Y52.554 E0.0151
G1 X46.746 Y51.761 E0.01494
G1 X46.484 Y50.897 E0.01501
G1 X46.396 Y50.001 E0.01497
G1 X46.484 Y49.097 E0.0151
G1 X46.745 Y48.239 E0.01491
G1 X47.164 Y47.447 E0.0149
G1 X47.742 Y46.749 E0.01507
G1 X48.447 Y46.164 E0.01523
G1 X49.235 Y45.748 E0.01482
G1 X50.102 Y45.483 E0.01508
G1 X51.001 Y45.396 E0.01502
G1 X51.897 Y45.484 E0.01497
G1 X52.761 Y45.745 E0.01501
G1 X53.554 Y46.168 E0.01495
G1 X54.255 Y46.745 E0.0151
G1 X54.831 Y47.445 E0.01508
G1 X55.253 Y48.236 E0.01491
G1 X55.512 Y49.097 E0.01495
G1 X55.6 Y50.001 E0.0151
G1 X55.512 Y50.884 E0.01476
G1 X55.256 Y51.76 E0.01518
G1 X54.831 Y52.55 E0.01492
G1 X54.255 Y53.255 E0.01514
G1 X53.55 Y53.831 E0.01514
G1 X52.761 Y54.255 E0.0149
G1 X51.891 Y54.513 E0.01509
G0 F7200 X51.92 Y54.823
G0 X56.128 Y57.605
G0 X56.272 Y57.9
G1 F3600 X56.4 Y57.683 E0.00419
G1 X56.4 Y42.313 E0.2556
G1 X56.274 Y42.101 E0.0041
G1 X43.6 Y42.1 E0.21077
G1 X43.6 Y57.9 E0.26276
G1 X56.272 Y57.9 E0.21074
G0 F7200 X56.354 Y58.3
;TYPE:WALL-OUTER
G1 F1800 X56.635 Y58.12 E0.00555
G1 X56.8 Y57.734 E0.00698
G1 X56.8 Y42.262 E0.2573
G1 X56.635 Y41.879 E0.00694
G1 X56.356 Y41.701 E0.0055
G1 X43.2 Y41.7 E0.21879
G1 X43.2 Y58.3 E0.27606
G1 X56.354 Y58.3 E0.21875
G0 F7200 X56.522 Y58.193
G0 X56.128 Y57.605
G0 X51.869 Y54.828
G0 X51.8 Y54.12
G1 F1800 X50.98 Y54.196 E0.0137
G1 X50.196 Y54.12 E0.0131
G1 X49.373 Y53.873 E0.01429
G1 X48.652 Y53.483 E0.01363
G1 X48.017 Y52.956 E0.01372
G1 X47.513 Y52.344 E0.01318
G1 X47.112 Y51.59 E0.0142
G1 X46.876 Y50.8 E0.01371
G1 X46.8 Y50.02 E0.01303
G1 X46.876 Y49.196 E0.01376
G1 X47.112 Y48.409 E0.01366
G1 X47.491 Y47.686 E0.01358
G1 X48.017 Y47.044 E0.0138
G1 X48.686 Y46.491 E0.01443
G1 X49.409 Y46.112 E0.01358
G1 X50.196 Y45.876 E0.01366
G1 X51.02 Y45.8 E0.01376
G1 X51.8 Y45.876 E0.01303
G1 X52.627 Y46.127 E0.01437
G1 X53.344 Y46.513 E0.01354
G1 X53.983 Y47.044 E0.01382
G1 X54.505 Y47.685 E0.01375
G1 X54.873 Y48.373 E0.01298
G1 X55.12 Y49.196 E0.01429
G1 X55.196 Y50.02 E0.01376
G1 X55.118 Y50.815 E0.01328
G1 X54.873 Y51.627 E0.0141
G1 X54.505 Y52.311 E0.01292
G1 X53.955 Y52.983 E0.01444
G1 X53.311 Y53.505 E0.01379
G1 X52.627 Y53.873 E0.01292
G1 X51.8 Y54.12 E0.01435
G0 F7200 X51.601 Y54.138
G0 X51.67 Y54.848
G0 X52.857 Y54.484
G0 X53.697 Y54.035
G0 X54.431 Y53.431
G0 X55.035 Y52.697
G0 X55.484 Y51.857
G0 X55.945 Y48.959
;TYPE:SKIN
G1 F1454.5 X56 Y49.996 E0.02137
G1 F1478.4 X55.953 Y50.966 E0.01966
G1 F1323.5 X55.943 Y51.035 E0.00158
G0 F7200 X55.035 Y52.697
G0 X54.431 Y53.431
G0 X53.697 Y54.035
G0 X52.857 Y54.484
G0 X51.945 Y54.76
G0 X51 Y54.854
G0 X50.055 Y54.76
G0 X49.143 Y54.484
G0 X48.303 Y54.035
G0 X47.569 Y53.431
G0 X46.965 Y52.697
G0 X45.957 Y49.979
G1 F1363.6 X46.039 Y51.035 E0.02325
G1 F1318.7 X45.457 Y51.035 E0.01321
G1 F1340.8 X45.439 Y49.954 E0.02414
G1 F1343.3 X45.457 Y48.961 E0.02213
G1 F1321.1 X46.037 Y48.962 E0.01314
G1 F1363.6 X45.957 Y49.979 E0.02239
G0 F7200 X45.786 Y50
;MESH:NONMESH
G0 F600 X45.786 Y50 Z8.4
G0 F7200 X43.91 Y43.76
G0 X43.76 Y43.76
;TIME_ELAPSED:781.843174
;LAYER:81
;TYPE:FILL
;MESH:head.stl
G1 F3600 X47.179 Y47.179 E0.08041
G1 X47.246 Y47.096
G1 X43.76 Y50.582 E0.08199
G1 X43.69 Y50.652
G0 F7200 X43.91 Y50.652
G0 X43.91 Y49.417
G0 X43.76 Y49.417
G1 F3600 X47.261 Y52.918 E0.08234
G1 X47.18 Y52.819
G1 X43.76 Y56.239 E0.08043
G1 X43.69 Y56.309
G0 F7200 X43.91 Y56.309
G0 X43.91 Y55.074
G0 X43.76 Y55.074
G1 F3600 X46.426 Y57.74 E0.0627
G1 X46.496 Y57.81
G0 F7200 X46.496 Y57.59
G0 X47.916 Y57.59
G0 X47.916 Y57.74
G1 F3600 X50.909 Y54.747 E0.07039
G1 X50.979 Y54.677
G0 F7200 X50.956 Y54.909
G0 X50.055 Y54.76
G0 X47.991 Y53.856
G0 X48.085 Y53.742
G1 F3600 X52.083 Y57.74 E0.09403
G1 X52.153 Y57.81
G0 F7200 X52.153 Y57.59
G0 X53.573 Y57.59
G0 X53.573 Y57.74
G1 F3600 X56.24 Y55.073 E0.06272
G1 X56.31 Y55.003
G0 F7200 X56.09 Y55.003
G0 X56.09 Y56.24
G0 X56.24 Y56.24
G1 F3600 X53.819 Y53.819 E0.05694
G1 X53.749 Y53.749
G0 F7200 X53.906 Y53.941
G0 X54.975 Y52.77
G0 X56.09 Y50.583
G0 X56.24 Y50.583
G1 F3600 X55.751 Y50.094 E0.0115
G1 X55.752 Y49.904
G1 X56.24 Y49.416 E0.01148
G0 F7200 X56.09 Y49.416
G0 X55.035 Y47.303
G0 X53.914 Y46.066
G0 X53.819 Y46.18
G1 F3600 X56.24 Y43.759 E0.05694
G1 X56.31 Y43.689
G0 F7200 X56.09 Y43.689
G0 X56.09 Y44.926
G0 X56.24 Y44.926
G1 F3600 X53.574 Y42.26 E0.0627
G1 X53.504 Y42.19
G0 F7200 X53.504 Y42.41
G0 X52.083 Y42.41
G0 X52.083 Y42.26
G1 F3600 X48.088 Y46.254 E0.09394
G1 X48.018 Y46.324
G0 F7200 X47.919 Y46.203
G0 X49.143 Y45.516
G0 X50.888 Y45.097
G0 X50.901 Y45.244
G1 F3600 X47.917 Y42.26 E0.07018
G1 X47.847 Y42.19
G0 F7200 X47.847 Y42.41
G0 X46.426 Y42.41
G0 X46.426 Y42.26
G1 F3600 X43.76 Y44.925 E0.06269
G1 X43.69 Y44.995
G0 F7200 X43.91 Y44.995
G0 X46.516 Y51.857
G0 X46.965 Y52.697
G0 X47.569 Y53.431
G0 X48.303 Y54.035
G0 X49.143 Y54.484
G0 X50.055 Y54.76
G0 X51.92 Y54.823
G0 X51.891 Y54.513
;TYPE:WALL-INNER
G1 F3600 X51 Y54.596 E0.01488
G1 X50.103 Y54.513 E0.01498
G1 X49.236 Y54.253 E0.01505
G1 X48.443 Y53.829 E0.01495
G1 X47.745 Y53.255 E0.01503
G1 X47.168 Y52.554 E0.0151
G1 X46.746 Y51.761 E0.01494
G1 X46.484 Y50.897 E0.01501
G1 X46.396 Y50.001 E0.01497
G1 X46.484 Y49.097 E0.0151
G1 X46.745 Y48.239 E0.01491
G1 X47.164 Y47.447 E0.0149
G1 X47.742 Y46.749 E0.01507
G1 X48.447 Y46.164 E0.01523
G1 X49.235 Y45.748 E0.01482
G1 X50.102 Y45.483 E0.01508
G1 X51.001 Y45.396 E0.01502
G1 X51.897 Y45.484 E0.01497
G1 X52.761 Y45.745 E0.01501
G1 X53.554 Y46.168 E0.01495
G1 X54.255 Y46.745 E0.0151
G1 X54.831 Y47.445 E0.01508
G1 X55.253 Y48.236 E0.01491
G1 X55.512 Y49.097 E0.01495
G1 X55.6 Y50.001 E0.0151
G1 X55.512 Y50.884 E0.01476
G1 X55.256 Y51.76 E0.01518
G1 X54.831 Y52.55 E0.01492
G1 X54.255 Y53.255 E0.01514
G1 X53.55 Y53.831 E0.01514
G1 X52.761 Y54.255 E0.0149
G1 X51.891 Y54.513 E0.01509
G0 F7200 X51.92 Y54.823
G0 X56.128 Y57.605
G0 X56.272 Y57.9
G1 F3600 X56.4 Y57.683 E0.00419
G1 X56.4 Y42.313 E0.2556
G1 X56.274 Y42.101 E0.0041
G1 X43.6 Y42.1 E0.21077
G1 X43.6 Y57.9 E0.26276
G1 X56.272 Y57.9 E0.21074
G0 F7200 X56.354 Y58.3
;TYPE:WALL-OUTER
G1 F1800 X56.635 Y58.12 E0.00555
G1 X56.8 Y57.734 E0.00698
G1 X56.8 Y42.262 E0.2573
G1 X56.635 Y41.879 E0.00694
G1 X56.356 Y41.701 E0.0055
G1 X43.2 Y41.7 E0.21879
G1 X43.2 Y58.3 E0.27606
G1 X56.354 Y58.3 E0.21875
G0 F7200 X56.522 Y58.193
G0 X56.128 Y57.605
G0 X51.869 Y54.828
G0 X51.8 Y54.12
G1 F1800 X50.98 Y54.196 E0.0137
G1 X50.196 Y54.12 E0.0131
G1 X49.373 Y53.873 E0.01429
G1 X48.652 Y53.483 E0.01363
G1 X48.017 Y52.956 E0.01372
G1 X47.513 Y52.344 E0.01318
G1 X47.112 Y51.59 E0.0142
G1 X46.876 Y50.8 E0.01371
G1 X46.8 Y50.02 E0.01303
G1 X46.876 Y49.196 E0.01376
G1 X47.112 Y48.409 E0.01366
G1 X47.491 Y47.686 E0.01358
G1 X48.017 Y47.044 E0.0138
G1 X48.686 Y46.491 E0.01443
G1 X49.409 Y46.112 E0.01358
G1 X50.196 Y45.876 E0.01366
G1 X51.02 Y45.8 E0.01376
G1 X51.8 Y45.876 E0.01303
G1 X52.627 Y46.127 E0.01437
G1 X53.344 Y46.513 E0.01354
G1 X53.983 Y47.044 E0.01382
G1 X54.505 Y47.685 E0.01375
G1 X54.873 Y48.373 E0.01298
G1 X55.12 Y49.196 E0.01429
G1 X55.196 Y50.02 E0.01376
G1 X55.118 Y50.815 E0.01328
G1 X54.873 Y51.627 E0.0141
G1 X54.505 Y52.311 E0.01292
G1 X53.955 Y52.983 E0.01444
G1 X53.311 Y53.505 E0.01379
G1 X52.627 Y53.873 E0.01292
G1 X51.8 Y54.12 E0.01435
G0 F7200 X51.601 Y54.138
G0 X51.699 Y55.146
;MESH:NONMESH
G0 F600 X51.699 Y55.146 Z8.5
G0 F7200 X49.143 Y54.484
G0 X48.303 Y54.035
G0 X47.569 Y53.431
G0 X46.965 Y52.697
G0 X43.91 Y43.76
G0 X43.76 Y43.76
;TIME_ELAPSED:788.719642
;LAYER:82
;TYPE:FILL
;MESH:head.stl
G1 F3600 X47.179 Y47.179 E0.08041
G1 X47.246 Y47.096
G1 X43.76 Y50.582 E0.08199
G1 X43.69 Y50.652
G0 F7200 X43.91 Y50.652
G0 X43.91 Y49.417
G0 X43.76 Y49.417
G1 F3600 X47.261 Y52.918 E0.08234
G1 X47.18 Y52.819
G1 X43.76 Y56.239 E0.08043
G1 X43.69 Y56.309
G0 F7200 X43.91 Y56.309
G0 X43.91 Y55.074
G0 X43.76 Y55.074
G1 F3600 X46.426 Y57.74 E0.0627
G1 X46.496 Y57.81
G0 F7200 X46.496 Y57.59
G0 X47.916 Y57.59
G0 X47.916 Y57.74
G1 F3600 X50.909 Y54.747 E0.07039
G1 X50.979 Y54.677
G0 F7200 X50.956 Y54.909
G0 X50.055 Y54.76
G0 X47.991 Y53.856
G0 X48.085 Y53.742
G1 F3600 X52.083 Y57.74 E0.09403
G1 X52.153 Y57.81
G0 F7200 X52.153 Y57.59
G0 X53.573 Y57.59
G0 X53.573 Y57.74
G1 F3600 X56.24 Y55.073 E0.06272
G1 X56.31 Y55.003
G0 F7200 X56.09 Y55.003
G0 X56.09 Y56.24
G0 X56.24 Y56.24
G1 F3600 X53.819 Y53.819 E0.05694
G1 X53.749 Y53.749
G0 F7200 X53.906 Y53.941
G0 X54.975 Y52.77
G0 X56.09 Y50.583
G0 X56.24 Y50.583
G1 F3600 X55.751 Y50.094 E0.0115
G1 X55.752 Y49.904
G1 X56.24 Y49.416 E0.01148
G0 F7200 X56.09 Y49.416
G0 X55.035 Y47.303
G0 X53.914 Y46.066
G0 X53.819 Y46.18
G1 F3600 X56.24 Y43.759 E0.05694
G1 X56.31 Y43.689
G0 F7200 X56.09 Y43.689
G0 X56.09 Y44.926
G0 X56.24 Y44.926
G1 F3600 X53.574 Y42.26 E0.0627
G1 X53.504 Y42.19
G0 F7200 X53.504 Y42.41
G0 X52.083 Y42.41
G0 X52.083 Y42.26
G1 F3600 X48.088 Y46.254 E0.09394
G1 X48.018 Y46.324
G0 F7200 X47.919 Y46.203
G0 X49.143 Y45.516
G0 X50.888 Y45.097
G0 X50.901 Y45.244
G1 F3600 X47.917 Y42.26 E0.07018
G1 X47.847 Y42.19
G0 F7200 X47.847 Y42.41
G0 X46.426 Y42.41
G0 X46.426 Y42.26
G1 F3600 X43.76 Y44.925 E0.06269
G1 X43.69 Y44.995
G0 F7200 X43.91 Y44.995
G0 X46.516 Y51.857
G0 X46.965 Y52.697
G0 X47.569 Y53.431
G0 X48.303 Y54.035
G0 X49.143 Y54.484
G0 X50.055 Y54.76
G0 X51.92 Y54.823
G0 X51.891 Y54.513
;TYPE:WALL-INNER
G1 F3600 X51 Y54.596 E0.01488
G1 X50.103 Y54.513 E0.01498
G1 X49.236 Y54.253 E0.01505
G1 X48.443 Y53.829 E0.01495
G1 X47.745 Y53.255 E0.01503
G1 X47.168 Y52.554 E0.0151
G1 X46.746 Y51.761 E0.01494
G1 X46.484 Y50.897 E0.01501
G1 X46.396 Y50.001 E0.01497
G1 X46.484 Y49.097 E0.0151
G1 X46.745 Y48.239 E0.01491
G1 X47.164 Y47.447 E0.0149
G1 X47.742 Y46.749 E0.01507
G1 X48.447 Y46.164 E0.01523
G1 X49.235 Y45.748 E0.01482
G1 X50.102 Y45.483 E0.01508
G1 X51.001 Y45.396 E0.01502
G1 X51.897 Y45.484 E0.01497
G1 X52.761 Y45.745 E0.01501
G1 X53.554 Y46.168 E0.01495
G1 X54.255 Y46.745 E0.0151
G1 X54.831 Y47.445 E0.01508
G1 X55.253 Y48.236 E0.01491
G1 X55.512 Y49.097 E0.01495
G1 X55.6 Y50.001 E0.0151
G1 X55.512 Y50.884 E0.01476
G1 X55.256 Y51.76 E0.01518
G1 X54.831 Y52.55 E0.01492
G1 X54.255 Y53.255 E0.01514
G1 X53.55 Y53.831 E0.01514
G1 X52.761 Y54.255 E0.0149
G1 X51.891 Y54.513 E0.01509
G0 F7200 X51.92 Y54.823
G0 X56.128 Y57.605
G0 X56.272 Y57.9
G1 F3600 X56.4 Y57.683 E0.00419
G1 X56.4 Y42.313 E0.2556
G1 X56.274 Y42.101 E0.0041
G1 X43.6 Y42.1 E0.21077
G1 X43.6 Y57.9 E0.26276
G1 X56.272 Y57.9 E0.21074
G0 F7200 X56.354 Y58.3
;TYPE:WALL-OUTER
G1 F1800 X56.635 Y58.12 E0.00555
G1 X56.8 Y57.734 E0.00698
G1 X56.8 Y42.262 E0.2573
G1 X56.635 Y41.879 E0.00694
G1 X56.356 Y41.701 E0.0055
G1 X43.2 Y41.7 E0.21879
G1 X43.2 Y58.3 E0.27606
G1 X56.354 Y58.3 E0.21875
G0 F7200 X56.522 Y58.193
G0 X56.128 Y57.605
G0 X51.869 Y54.828
G0 X51.8 Y54.12
G1 F1800 X50.98 Y54.196 E0.0137
G1 X50.196 Y54.12 E0.0131
G1 X49.373 Y53.873 E0.01429
G1 X48.652 Y53.483 E0.01363
G1 X48.017 Y52.956 E0.01372
G1 X47.513 Y52.344 E0.01318
G1 X47.112 Y51.59 E0.0142
G1 X46.876 Y50.8 E0.01371
G1 X46.8 Y50.02 E0.01303
G1 X46.876 Y49.196 E0.01376
G1 X47.112 Y48.409 E0.01366
G1 X47.491 Y47.686 E0.01358
G1 X48.017 Y47.044 E0.0138
G1 X48.686 Y46.491 E0.01443
G1 X49.409 Y46.112 E0.01358
G1 X50.196 Y45.876 E0.01366
G1 X51.02 Y45.8 E0.01376
G1 X51.8 Y45.876 E0.01303
G1 X52.627 Y46.127 E0.01437
G1 X53.344 Y46.513 E0.01354
G1 X53.983 Y47.044 E0.01382
G1 X54.505 Y47.685 E0.01375
G1 X54.873 Y48.373 E0.01298
G1 X55.12 Y49.196 E0.01429
G1 X55.196 Y50.02 E0.01376
G1 X55.118 Y50.815 E0.01328
G1 X54.873 Y51.627 E0.0141
G1 X54.505 Y52.311 E0.01292
G1 X53.955 Y52.983 E0.01444
G1 X53.311 Y53.505 E0.01379
G1 X52.627 Y53.873 E0.01292
G1 X51.8 Y54.12 E0.01435
G0 F7200 X51.601 Y54.138
G0 X51.699 Y55.146
;MESH:NONMESH
G0 F600 X51.699 Y55.146 Z8.6
G0 F7200 X49.143 Y54.484
G0 X48.303 Y54.035
G0 X47.569 Y53.431
G0 X46.965 Y52.697
G0 X43.91 Y43.76
G0 X43.76 Y43.76
;TIME_ELAPSED:795.596109
;LAYER:83
;TYPE:FILL
;MESH:head.stl
G1 F3600 X47.179 Y47.179 E0.08041
G1 X47.246 Y47.096
G1 X43.76 Y50.582 E0.08199
G1 X43.69 Y50.652
G0 F7200 X43.91 Y50.652
G0 X43.91 Y49.417
G0 X43.76 Y49.417
G1 F3600 X47.261 Y52.918 E0.08234
G1 X47.18 Y52.819
G1 X43.76 Y56.239 E0.08043
G1 X43.69 Y56.309
G0 F7200 X43.91 Y56.309
G0 X43.91 Y55.074
G0 X43.76 Y55.074
G1 F3600 X46.426 Y57.74 E0.0627
G1 X46.496 Y57.81
G0 F7200 X46.496 Y57.59
G0 X47.916 Y57.59
G0 X47.916 Y57.74
G1 F3600 X50.909 Y54.747 E0.07039
G1 X50.979 Y54.677
G0 F7200 X50.956 Y54.909
G0 X50.055 Y54.76
G0 X47.991 Y53.856
G0 X48.085 Y53.742
G1 F3600 X52.083 Y57.74 E0.09403
G1 X52.153 Y57.81
G0 F7200 X52.153 Y57.59
G0 X53.573 Y57.59
G0 X53.573 Y57.74
G1 F3600 X56.24 Y55.073 E0.06272
G1 X56.31 Y55.003
G0 F7200 X56.09 Y55.003
G0 X56.09 Y56.24
G0 X56.24 Y56.24
G1 F3600 X53.819 Y53.819 E0.05694
G1 X53.749 Y53.749
G0 F7200 X53.906 Y53.941
G0 X54.975 Y52.77
G0 X56.09 Y50.583
G0 X56.24 Y50.583
G1 F3600 X55.751 Y50.094 E0.0115
G1 X55.752 Y49.904
G1 X56.24 Y49.416 E0.01148
G0 F7200 X56.09 Y49.416
G0 X55.035 Y47.303
G0 X53.914 Y46.066
G0 X53.819 Y46.18
G1 F3600 X56.24 Y43.759 E0.05694
G1 X56.31 Y43.689
G0 F7200 X56.09 Y43.689
G0 X56.09 Y44.926
G0 X56.24 Y44.926
G1 F3600 X53.574 Y42.26 E0.0627
G1 X53.504 Y42.19
G0 F7200 X53.504 Y42.41
G0 X52.083 Y42.41
G0 X52.083 Y42.26
G1 F3600 X48.088 Y46.254 E0.09394
G1 X48.018 Y46.324
G0 F7200 X47.919 Y46.203
G0 X49.143 Y45.516
G0 X50.888 Y45.097
G0 X50.901 Y45.244
G1 F3600 X47.917 Y42.26 E0.07018
G1 X47.847 Y42.19
G0 F7200 X47.847 Y42.41
G0 X46.426 Y42.41
G0 X46.426 Y42.26
G1 F3600 X43.76 Y44.925 E0.06269
G1 X43.69 Y44.995
G0 F7200 X43.91 Y44.995
G0 X46.516 Y51.857
G0 X46.965 Y52.697
G0 X47.569 Y53.431
G0 X48.303 Y54.035
G0 X49.143 Y54.484
G0 X50.055 Y54.76
G0 X51.92 Y54.823
G0 X51.891 Y54.513
;TYPE:WALL-INNER
G1 F3600 X51 Y54.596 E0.01488
G1 X50.103 Y54.513 E0.01498
G1 X49.236 Y54.253 E0.01505
G1 X48.443 Y53.829 E0.01495
G1 X47.745 Y53.255 E0.01503
G1 X47.168 Y52.554 E0.0151
G1 X46.746 Y51.761 E0.01494
G1 X46.484 Y50.897 E0.01501
G1 X46.396 Y50.001 E0.01497
G1 X46.484 Y49.097 E0.0151
G1 X46.745 Y48.239 E0.01491
G1 X47.164 Y47.447 E0.0149
G1 X47.742 Y46.749 E0.01507
G1 X48.447 Y46.164 E0.01523
G1 X49.235 Y45.748 E0.01482
G1 X50.102 Y45.483 E0.01508
G1 X51.001 Y45.396 E0.01502
G1 X51.897 Y45.484 E0.01497
G1 X52.761 Y45.745 E0.01501
G1 X53.554 Y46.168 E0.01495
G1 X54.255 Y46.745 E0.0151
G1 X54.831 Y47.445 E0.01508
G1 X55.253 Y48.236 E0.01491
G1 X55.512 Y49.097 E0.01495
G1 X55.6 Y50.001 E0.0151
G1 X55.512 Y50.884 E0.01476
G1 X55.256 Y51.76 E0.01518
G1 X54.831 Y52.55 E0.01492
G1 X54.255 Y53.255 E0.01514
G1 X53.55 Y53.831 E0.01514
G1 X52.761 Y54.255 E0.0149
G1 X51.891 Y54.513 E0.01509
G0 F7200 X51.92 Y54.823
G0 X56.128 Y57.605
G0 X56.272 Y57.9
G1 F3600 X56.4 Y57.683 E0.00419
G1 X56.4 Y42.313 E0.2556
G1 X56.274 Y42.101 E0.0041
G1 X43.6 Y42.1 E0.21077
G1 X43.6 Y57.9 E0.26276
G1 X56.272 Y57.9 E0.21074
G0 F7200 X56.354 Y58.3
;TYPE:WALL-OUTER
G1 F1800 X56.635 Y58.12 E0.00555
G1 X56.8 Y57.734 E0.00698
G1 X56.8 Y42.262 E0.2573
G1 X56.635 Y41.879 E0.00694
G1 X56.356 Y41.701 E0.0055
G1 X43.2 Y41.7 E0.21879
G1 X43.2 Y58.3 E0.27606
G1 X56.354 Y58.3 E0.21875
G0 F7200 X56.522 Y58.193
G0 X56.128 Y57.605
G0 X51.869 Y54.828
G0 X51.8 Y54.12
G1 F1800 X50.98 Y54.196 E0.0137
G1 X50.196 Y54.12 E0.0131
G1 X49.373 Y53.873 E0.01429
G1 X48.652 Y53.483 E0.01363
G1 X48.017 Y52.956 E0.01372
G1 X47.513 Y52.344 E0.01318
G1 X47.112 Y51.59 E0.0142
G1 X46.876 Y50.8 E0.01371
G1 X46.8 Y50.02 E0.01303
G1 X46.876 Y49.196 E0.01376
G1 X47.112 Y48.409 E0.01366
G1 X47.491 Y47.686 E0.01358
G1 X48.017 Y47.044 E0.0138
G1 X48.686 Y46.491 E0.01443
G1 X49.409 Y46.112 E0.01358
G1 X50.196 Y45.876 E0.01366
G1 X51.02 Y45.8 E0.01376
G1 X51.8 Y45.876 E0.01303
G1 X52.627 Y46.127 E0.01437
G1 X53.344 Y46.513 E0.01354
G1 X53.983 Y47.044 E0.01382
G1 X54.505 Y47.685 E0.01375
G1 X54.873 Y48.373 E0.01298
G1 X55.12 Y49.196 E0.01429
G1 X55.196 Y50.02 E0.01376
G1 X55.118 Y50.815 E0.01328
G1 X54.873 Y51.627 E0.0141
G1 X54.505 Y52.311 E0.01292
G1 X53.955 Y52.983 E0.01444
G1 X53.311 Y53.505 E0.01379
G1 X52.627 Y53.873 E0.01292
G1 X51.8 Y54.12 E0.01435
G0 F7200 X51.601 Y54.138
G0 X51.699 Y55.146
;MESH:NONMESH
G0 F600 X51.699 Y55.146 Z8.7
G0 F7200 X49.143 Y54.484
G0 X48.303 Y54.035
G0 X47.569 Y53.431
G0 X46.965 Y52.697
G0 X43.91 Y43.76
G0 X43.76 Y43.76
;TIME_ELAPSED:802.472577
;LAYER:84
;TYPE:FILL
;MESH:head.stl
G1 F3600 X47.179 Y47.179 E0.08041
G1 X47.246 Y47.096
G1 X43.76 Y50.582 E0.08199
G1 X43.69 Y50.652
G0 F7200 X43.91 Y50.652
G0 X43.91 Y49.417
G0 X43.76 Y49.417
G1 F3600 X47.261 Y52.918 E0.08234
G1 X47.18 Y52.819
G1 X43.76 Y56.239 E0.08043
G1 X43.69 Y56.309
G0 F7200 X43.91 Y56.309
G0 X43.91 Y55.074
G0 X43.76 Y55.074
G1 F3600 X46.426 Y57.74 E0.0627
G1 X46.496 Y57.81
G0 F7200 X46.496 Y57.59
G0 X47.916 Y57.59
G0 X47.916 Y57.74
G1 F3600 X50.909 Y54.747 E0.07039
G1 X50.979 Y54.677
G0 F7200 X50.956 Y54.909
G0 X50.055 Y54.76
G0 X47.991 Y53.856
G0 X48.085 Y53.742
G1 F3600 X52.083 Y57.74 E0.09403
G1 X52.153 Y57.81
G0 F7200 X52.153 Y57.59
G0 X53.573 Y57.59
G0 X53.573 Y57.74
G1 F3600 X56.24 Y55.073 E0.06272
G1 X56.31 Y55.003
G0 F7200 X56.09 Y55.003
G0 X56.09 Y56.24
G0 X56.24 Y56.24
G1 F3600 X53.819 Y53.819 E0.05694
G1 X53.749 Y53.749
G0 F7200 X53.906 Y53.941
G0 X54.975 Y52.77
G0 X56.09 Y50.583
G0 X56.24 Y50.583
G1 F3600 X55.751 Y50.094 E0.0115
G1 X55.752 Y49.904
G1 X56.24 Y49.416 E0.01148
G0 F7200 X56.09 Y49.416
G0 X55.035 Y47.303
G0 X53.914 Y46.066
G0 X53.819 Y46.18
G1 F3600 X56.24 Y43.759 E0.05694
G1 X56.31 Y43.689
G0 F7200 X56.09 Y43.689
G0 X56.09 Y44.926
G0 X56.24 Y44.926
G1 F3600 X53.574 Y42.26 E0.0627
G1 X53.504 Y42.19
G0 F7200 X53.504 Y42.41
G0 X52.083 Y42.41
G0 X52.083 Y42.26
G1 F3600 X48.088 Y46.254 E0.09394
G1 X48.018 Y46.324
G0 F7200 X47.919 Y46.203
G0 X49.143 Y45.516
G0 X50.888 Y45.097
G0 X50.901 Y45.244
G1 F3600 X47.917 Y42.26 E0.07018
G1 X47.847 Y42.19
G0 F7200 X47.847 Y42.41
G0 X46.426 Y42.41
G0 X46.426 Y42.26
G1 F3600 X43.76 Y44.925 E0.06269
G1 X43.69 Y44.995
G0 F7200 X43.91 Y44.995
G0 X46.516 Y51.857
G0 X46.965 Y52.697
G0 X47.569 Y53.431
G0 X48.303 Y54.035
G0 X49.143 Y54.484
G0 X50.055 Y54.76
G0 X51.92 Y54.823
G0 X51.891 Y54.513
;TYPE:WALL-INNER
G1 F3600 X51 Y54.596 E0.01488
G1 X50.103 Y54.513 E0.01498
G1 X49.236 Y54.253 E0.01505
G1 X48.443 Y53.829 E0.01495
G1 X47.745 Y53.255 E0.01503
G1 X47.168 Y52.554 E0.0151
G1 X46.746 Y51.761 E0.01494
G1 X46.484 Y50.897 E0.01501
G1 X46.396 Y50.001 E0.01497
G1 X46.484 Y49.097 E0.0151
G1 X46.745 Y48.239 E0.01491
G1 X47.164 Y47.447 E0.0149
G1 X47.742 Y46.749 E0.01507
G1 X48.447 Y46.164 E0.01523
G1 X49.235 Y45.748 E0.01482
G1 X50.102 Y45.483 E0.01508
G1 X51.001 Y45.396 E0.01502
G1 X51.897 Y45.484 E0.01497
G1 X52.761 Y45.745 E0.01501
G1 X53.554 Y46.168 E0.01495
G1 X54.255 Y46.745 E0.0151
G1 X54.831 Y47.445 E0.01508
G1 X55.253 Y48.236 E0.01491
G1 X55.512 Y49.097 E0.01495
G1 X55.6 Y50.001 E0.0151
G1 X55.512 Y50.884 E0.01476
G1 X55.256 Y51.76 E0.01518
G1 X54.831 Y52.55 E0.01492
G1 X54.255 Y53.255 E0.01514
G1 X53.55 Y53.831 E0.01514
G1 X52.761 Y54.255 E0.0149
G1 X51.891 Y54.513 E0.01509
G0 F7200 X51.92 Y54.823
G0 X56.128 Y57.605
G0 X56.272 Y57.9
G1 F3600 X56.4 Y57.683 E0.00419
G1 X56.4 Y42.313 E0.2556
G1 X56.274 Y42.101 E0.0041
G1 X43.6 Y42.1 E0.21077
G1 X43.6 Y57.9 E0.26276
G1 X56.272 Y57.9 E0.21074
G0 F7200 X56.354 Y58.3
;TYPE:WALL-OUTER
G1 F1800 X56.635 Y58.12 E0.00555
G1 X56.8 Y57.734 E0.00698
G1 X56.8 Y42.262 E0.2573
G1 X56.635 Y41.879 E0.00694
G1 X56.356 Y41.701 E0.0055
G1 X43.2 Y41.7 E0.21879
G1 X43.2 Y58.3 E0.27606
G1 X56.354 Y58.3 E0.21875
G0 F7200 X56.522 Y58.193
G0 X56.128 Y57.605
G0 X51.869 Y54.828
G0 X51.8 Y54.12
G1 F1800 X50.98 Y54.196 E0.0137
G1 X50.196 Y54.12 E0.0131
G1 X49.373 Y53.873 E0.01429
G1 X48.652 Y53.483 E0.01363
G1 X48.017 Y52.956 E0.01372
G1 X47.513 Y52.344 E0.01318
G1 X47.112 Y51.59 E0.0142
G1 X46.876 Y50.8 E0.01371
G1 X46.8 Y50.02 E0.01303
G1 X46.876 Y49.196 E0.01376
G1 X47.112 Y48.409 E0.01366
G1 X47.491 Y47.686 E0.01358
G1 X48.017 Y47.044 E0.0138
G1 X48.686 Y46.491 E0.01443
G1 X49.409 Y46.112 E0.01358
G1 X50.196 Y45.876 E0.01366
G1 X51.02 Y45.8 E0.01376
G1 X51.8 Y45.876 E0.01303
G1 X52.627 Y46.127 E0.01437
G1 X53.344 Y46.513 E0.01354
G1 X53.983 Y47.044 E0.01382
G1 X54.505 Y47.685 E0.01375
G1 X54.873 Y48.373 E0.01298
G1 X55.12 Y49.196 E0.01429
G1 X55.196 Y50.02 E0.01376
G1 X55.118 Y50.815 E0.01328
G1 X54.873 Y51.627 E0.0141
G1 X54.505 Y52.311 E0.01292
G1 X53.955 Y52.983 E0.01444
G1 X53.311 Y53.505 E0.01379
G1 X52.627 Y53.873 E0.01292
G1 X51.8 Y54.12 E0.01435
G0 F7200 X51.601 Y54.138
G0 X51.699 Y55.146
;MESH:NONMESH
G0 F600 X51.699 Y55.146 Z8.8
G0 F7200 X49.143 Y54.484
G0 X48.303 Y54.035
G0 X47.569 Y53.431
G0 X46.965 Y52.697
G0 X43.91 Y43.76
G0 X43.76 Y43.76
;TIME_ELAPSED:809.349045
;LAYER:85
;TYPE:FILL
;MESH:head.stl
G1 F3600 X47.179 Y47.179 E0.08041
G1 X47.246 Y47.096
G1 X43.76 Y50.582 E0.08199
G1 X43.69 Y50.652
G0 F7200 X43.91 Y50.652
G0 X43.91 Y49.417
G0 X43.76 Y49.417
G1 F3600 X47.261 Y52.918 E0.08234
G1 X47.18 Y52.819
G1 X43.76 Y56.239 E0.08043
G1 X43.69 Y56.309
G0 F7200 X43.91 Y56.309
G0 X43.91 Y55.074
G0 X43.76 Y55.074
G1 F3600 X46.426 Y57.74 E0.0627
G1 X46.496 Y57.81
G0 F7200 X46.496 Y57.59
G0 X47.916 Y57.59
G0 X47.916 Y57.74
G1 F3600 X50.909 Y54.747 E0.07039
G1 X50.979 Y54.677
G0 F7200 X50.956 Y54.909
G0 X50.055 Y54.76
G0 X47.991 Y53.856
G0 X48.085 Y53.742
G1 F3600 X52.083 Y57.74 E0.09403
G1 X52.153 Y57.81
G0 F7200 X52.153 Y57.59
G0 X53.573 Y57.59
G0 X53.573 Y57.74
G1 F3600 X56.24 Y55.073 E0.06272
G1 X56.31 Y55.003
G0 F7200 X56.09 Y55.003
G0 X56.09 Y56.24
G0 X56.24 Y56.24
G1 F3600 X53.819 Y53.819 E0.05694
G1 X53.749 Y53.749
G0 F7200 X53.906 Y53.941
G0 X54.975 Y52.77
G0 X56.09 Y50.583
G0 X56.24 Y50.583
G1 F3600 X55.751 Y50.094 E0.0115
G1 X55.752 Y49.904
G1 X56.24 Y49.416 E0.01148
G0 F7200 X56.09 Y49.416
G0 X55.035 Y47.303
G0 X53.914 Y46.066
G0 X53.819 Y46.18
G1 F3600 X56.24 Y43.759 E0.05694
G1 X56.31 Y43.689
G0 F7200 X56.09 Y43.689
G0 X56.09 Y44.926
G0 X56.24 Y44.926
G1 F3600 X53.574 Y42.26 E0.0627
G1 X53.504 Y42.19
G0 F7200 X53.504 Y42.41
G0 X52.083 Y42.41
G0 X52.083 Y42.26
G1 F3600 X48.088 Y46.254 E0.09394
G1 X48.018 Y46.324
G0 F7200 X47.919 Y46.203
G0 X49.143 Y45.516
G0 X50.888 Y45.097
G0 X50.901 Y45.244
G1 F3600 X47.917 Y42.26 E0.07018
G1 X47.847 Y42.19
G0 F7200 X47.847 Y42.41
G0 X46.426 Y42.41
G0 X46.426 Y42.26
G1 F3600 X43.76 Y44.925 E0.06269
G1 X43.69 Y44.995
G0 F7200 X43.91 Y44.995
G0 X46.516 Y51.857
G0 X46.965 Y52.697
G0 X47.569 Y53.431
G0 X48.303 Y54.035
G0 X49.143 Y54.484
G0 X50.055 Y54.76
G0 X51.92 Y54.823
G0 X51.891 Y54.513
;TYPE:WALL-INNER
G1 F3600 X51 Y54.596 E0.01488
G1 X50.103 Y54.513 E0.01498
G1 X49.236 Y54.253 E0.01505
G1 X48.443 Y53.829 E0.01495
G1 X47.745 Y53.255 E0.01503
G1 X47.168 Y52.554 E0.0151
G1 X46.746 Y51.761 E0.01494
G1 X46.484 Y50.897 E0.01501
G1 X46.396 Y50.001 E0.01497
G1 X46.484 Y49.097 E0.0151
G1 X46.745 Y48.239 E0.01491
G1 X47.164 Y47.447 E0.0149
G1 X47.742 Y46.749 E0.01507
G1 X48.447 Y46.164 E0.01523
G1 X49.235 Y45.748 E0.01482
G1 X50.102 Y45.483 E0.01508
G1 X51.001 Y45.396 E0.01502
G1 X51.897 Y45.484 E0.01497
G1 X52.761 Y45.745 E0.01501
G1 X53.554 Y46.168 E0.01495
G1 X54.255 Y46.745 E0.0151
G1 X54.831 Y47.445 E0.01508
G1 X55.253 Y48.236 E0.01491
G1 X55.512 Y49.097 E0.01495
G1 X55.6 Y50.001 E0.0151
G1 X55.512 Y50.884 E0.01476
G1 X55.256 Y51.76 E0.01518
G1 X54.831 Y52.55 E0.01492
G1 X54.255 Y53.255 E0.01514
G1 X53.55 Y53.831 E0.01514
G1 X52.761 Y54.255 E0.0149
G1 X51.891 Y54.513 E0.01509
G0 F7200 X51.92 Y54.823
G0 X56.128 Y57.605
G0 X56.272 Y57.9
G1 F3600 X56.4 Y57.683 E0.00419
G1 X56.4 Y42.313 E0.2556
G1 X56.274 Y42.101 E0.0041
G1 X43.6 Y42.1 E0.21077
G1 X43.6 Y57.9 E0.26276
G1 X56.272 Y57.9 E0.21074
G0 F7200 X56.354 Y58.3
;TYPE:WALL-OUTER
G1 F1800 X56.635 Y58.12 E0.00555
G1 X56.8 Y57.734 E0.00698
G1 X56.8 Y42.262 E0.2573
G1 X56.635 Y41.879 E0.00694
G1 X56.356 Y41.701 E0.0055
G1 X43.2 Y41.7 E0.21879
G1 X43.2 Y58.3 E0.27606
G1 X56.354 Y58.3 E0.21875
G0 F7200 X56.522 Y58.193
G0 X56.128 Y57.605
G0 X51.869 Y54.828
G0 X51.8 Y54.12
G1 F1800 X50.98 Y54.196 E0.0137
G1 X50.196 Y54.12 E0.0131
G1 X49.373 Y53.873 E0.01429
G1 X48.652 Y53.483 E0.01363
G1 X48.017 Y52.956 E0.01372
G1 X47.513 Y52.344 E0.01318
G1 X47.112 Y51.59 E0.0142
G1 X46.876 Y50.8 E0.01371
G1 X46.8 Y50.02 E0.01303
G1 X46.876 Y49.196 E0.01376
G1 X47.112 Y48.409 E0.01366
G1 X47.491 Y47.686 E0.01358
G1 X48.017 Y47.044 E0.0138
G1 X48.686 Y46.491 E0.01443
G1 X49.409 Y46.112 E0.01358
G1 X50.196 Y45.876 E0.01366
G1 X51.02 Y45.8 E0.01376
G1 X51.8 Y45.876 E0.01303
G1 X52.627 Y46.127 E0.01437
G1 X53.344 Y46.513 E0.01354
G1 X53.983 Y47.044 E0.01382
G1 X54.505 Y47.685 E0.01375
G1 X54.873 Y48.373 E0.01298
G1 X55.12 Y49.196 E0.01429
G1 X55.196 Y50.02 E0.01376
G1 X55.118 Y50.815 E0.01328
G1 X54.873 Y51.627 E0.0141
G1 X54.505 Y52.311 E0.01292
G1 X53.955 Y52.983 E0.01444
G1 X53.311 Y53.505 E0.01379
G1 X52.627 Y53.873 E0.01292
G1 X51.8 Y54.12 E0.01435
G0 F7200 X51.601 Y54.138
G0 X51.699 Y55.146
;MESH:NONMESH
G0 F600 X51.699 Y55.146 Z8.9
G0 F7200 X49.143 Y54.484
G0 X48.303 Y54.035
G0 X47.569 Y53.431
G0 X46.965 Y52.697
G0 X43.91 Y43.76
G0 X43.76 Y43.76
;TIME_ELAPSED:816.225512
;LAYER:86
;TYPE:FILL
;MESH:head.stl
G1 F3600 X47.179 Y47.179 E0.08041
G1 X47.246 Y47.096
G1 X43.76 Y50.582 E0.08199
G1 X43.69 Y50.652
G0 F7200 X43.91 Y50.652
G0 X43.91 Y49.417
G0 X43.76 Y49.417
G1 F3600 X47.261 Y52.918 E0.08234
G1 X47.18 Y52.819
G1 X43.76 Y56.239 E0.08043
G1 X43.69 Y56.309
G0 F7200 X43.91 Y56.309
G0 X43.91 Y55.074
G0 X43.76 Y55.074
G1 F3600 X46.426 Y57.74 E0.0627
G1 X46.496 Y57.81
G0 F7200 X46.496 Y57.59
G0 X47.916 Y57.59
G0 X47.916 Y57.74
G1 F3600 X50.909 Y54.747 E0.07039
G1 X50.979 Y54.677
G0 F7200 X50.956 Y54.909
G0 X50.055 Y54.76
G0 X47.991 Y53.856
G0 X48.085 Y53.742
G1 F3600 X52.083 Y57.74 E0.09403
G1 X52.153 Y57.81
G0 F7200 X52.153 Y57.59
G0 X53.573 Y57.59
G0 X53.573 Y57.74
G1 F3600 X56.24 Y55.073 E0.06272
G1 X56.31 Y55.003
G0 F7200 X56.09 Y55.003
G0 X56.09 Y56.24
G0 X56.24 Y56.24
G1 F3600 X53.819 Y53.819 E0.05694
G1 X53.749 Y53.749
G0 F7200 X53.906 Y53.941
G0 X54.975 Y52.77
G0 X56.09 Y50.583
G0 X56.24 Y50.583
G1 F3600 X55.751 Y50.094 E0.0115
G1 X55.752 Y49.904
G1 X56.24 Y49.416 E0.01148
G0 F7200 X56.09 Y49.416
G0 X55.035 Y47.303
G0 X53.914 Y46.066
G0 X53.819 Y46.18
G1 F3600 X56.24 Y43.759 E0.05694
G1 X56.31 Y43.689
G0 F7200 X56.09 Y43.689
G0 X56.09 Y44.926
G0 X56.24 Y44.926
G1 F3600 X53.574 Y42.26 E0.0627
G1 X53.504 Y42.19
G0 F7200 X53.504 Y42.41
G0 X52.083 Y42.41
G0 X52.083 Y42.26
G1 F3600 X48.088 Y46.254 E0.09394
G1 X48.018 Y46.324
G0 F7200 X47.919 Y46.203
G0 X49.143 Y45.516
G0 X50.888 Y45.097
G0 X50.901 Y45.244
G1 F3600 X47.917 Y42.26 E0.07018
G1 X47.847 Y42.19
G0 F7200 X47.847 Y42.41
G0 X46.426 Y42.41
G0 X46.426 Y42.26
G1 F3600 X43.76 Y44.925 E0.06269
G1 X43.69 Y44.995
G0 F7200 X43.91 Y44.995
G0 X46.516 Y51.857
G0 X46.965 Y52.697
G0 X47.569 Y53.431
G0 X48.303 Y54.035
G0 X49.143 Y54.484
G0 X50.055 Y54.76
G0 X51.92 Y54.823
G0 X51.891 Y54.513
;TYPE:WALL-INNER
G1 F3600 X51 Y54.596 E0.01488
G1 X50.103 Y54.513 E0.01498
G1 X49.236 Y54.253 E0.01505
G1 X48.443 Y53.829 E0.01495
G1 X47.745 Y53.255 E0.01503
G1 X47.168 Y52.554 E0.0151
G1 X46.746 Y51.761 E0.01494
G1 X46.484 Y50.897 E0.01501
G1 X46.396 Y50.001 E0.01497
G1 X46.484 Y49.097 E0.0151
G1 X46.745 Y48.239 E0.01491
G1 X47.164 Y47.447 E0.0149
G1 X47.742 Y46.749 E0.01507
G1 X48.447 Y46.164 E0.01523
G1 X49.235 Y45.748 E0.01482
G1 X50.102 Y45.483 E0.01508
G1 X51.001 Y45.396 E0.01502
G1 X51.897 Y45.484 E0.01497
G1 X52.761 Y45.745 E0.01501
G1 X53.554 Y46.168 E0.01495
G1 X54.255 Y46.745 E0.0151
G1 X54.831 Y47.445 E0.01508
G1 X55.253 Y48.236 E0.01491
G1 X55.512 Y49.097 E0.01495
G1 X55.6 Y50.001 E0.0151
G1 X55.512 Y50.884 E0.01476
G1 X55.256 Y51.76 E0.01518
G1 X54.831 Y52.55 E0.01492
G1 X54.255 Y53.255 E0.01514
G1 X53.55 Y53.831 E0.01514
G1 X52.761 Y54.255 E0.0149
G1 X51.891 Y54.513 E0.01509
G0 F7200 X51.92 Y54.823
G0 X56.128 Y57.605
G0 X56.272 Y57.9
G1 F3600 X56.4 Y57.683 E0.00419
G1 X56.4 Y42.313 E0.2556
G1 X56.274 Y42.101 E0.0041
G1 X43.6 Y42.1 E0.21077
G1 X43.6 Y57.9 E0.26276
G1 X56.272 Y57.9 E0.21074
G0 F7200 X56.354 Y58.3
;TYPE:WALL-OUTER
G1 F1800 X56.635 Y58.12 E0.00555
G1 X56.8 Y57.734 E0.00698
G1 X56.8 Y42.262 E0.2573
G1 X56.635 Y41.879 E0.00694
G1 X56.356 Y41.701 E0.0055
G1 X43.2 Y41.7 E0.21879
G1 X43.2 Y58.3 E0.27606
G1 X56.354 Y58.3 E0.21875
G0 F7200 X56.522 Y58.193
G0 X56.128 Y57.605
G0 X51.869 Y54.828
G0 X51.8 Y54.12
G1 F1800 X50.98 Y54.196 E0.0137
G1 X50.196 Y54.12 E0.0131
G1 X49.373 Y53.873 E0.01429
G1 X48.652 Y53.483 E0.01363
G1 X48.017 Y52.956 E0.01372
G1 X47.513 Y52.344 E0.01318
G1 X47.112 Y51.59 E0.0142
G1 X46.876 Y50.8 E0.01371
G1 X46.8 Y50.02 E0.01303
G1 X46.876 Y49.196 E0.01376
G1 X47.112 Y48.409 E0.01366
G1 X47.491 Y47.686 E0.01358
G1 X48.017 Y47.044 E0.0138
G1 X48.686 Y46.491 E0.01443
G1 X49.409 Y46.112 E0.01358
G1 X50.196 Y45.876 E0.01366
G1 X51.02 Y45.8 E0.01376
G1 X51.8 Y45.876 E0.01303
G1 X52.627 Y46.127 E0.01437
G1 X53.344 Y46.513 E0.01354
G1 X53.983 Y47.044 E0.01382
G1 X54.505 Y47.685 E0.01375
G1 X54.873 Y48.373 E0.01298
G1 X55.12 Y49.196 E0.01429
G1 X55.196 Y50.02 E0.01376
G1 X55.118 Y50.815 E0.01328
G1 X54.873 Y51.627 E0.0141
G1 X54.505 Y52.311 E0.01292
G1 X53.955 Y52.983 E0.01444
G1 X53.311 Y53.505 E0.01379
G1 X52.627 Y53.873 E0.01292
G1 X51.8 Y54.12 E0.01435
G0 F7200 X51.601 Y54.138
G0 X51.699 Y55.146
;MESH:NONMESH
G0 F600 X51.699 Y55.146 Z9
G0 F7200 X49.143 Y54.484
G0 X48.303 Y54.035
G0 X47.569 Y53.431
G0 X46.965 Y52.697
G0 X43.91 Y43.76
G0 X43.76 Y43.76
;TIME_ELAPSED:823.101980
;LAYER:87
;TYPE:FILL
;MESH:head.stl
G1 F3600 X47.179 Y47.179 E0.08041
G1 X47.246 Y47.096
G1 X43.76 Y50.582 E0.08199
G1 X43.69 Y50.652
G0 F7200 X43.91 Y50.652
G0 X43.91 Y49.417
G0 X43.76 Y49.417
G1 F3600 X47.261 Y52.918 E0.08234
G1 X47.18 Y52.819
G1 X43.76 Y56.239 E0.08043
G1 X43.69 Y56.309
G0 F7200 X43.91 Y56.309
G0 X43.91 Y55.074
G0 X43.76 Y55.074
G1 F3600 X46.426 Y57.74 E0.0627
G1 X46.496 Y57.81
G0 F7200 X46.496 Y57.59
G0 X47.916 Y57.59
G0 X47.916 Y57.74
G1 F3600 X50.909 Y54.747 E0.07039
G1 X50.979 Y54.677
G0 F7200 X50.956 Y54.909
G0 X50.055 Y54.76
G0 X47.991 Y53.856
G0 X48.085 Y53.742
G1 F3600 X52.083 Y57.74 E0.09403
G1 X52.153 Y57.81
G0 F7200 X52.153 Y57.59
G0 X53.573 Y57.59
G0 X53.573 Y57.74
G1 F3600 X56.24 Y55.073 E0.06272
G1 X56.31 Y55.003
G0 F7200 X56.09 Y55.003
G0 X56.09 Y56.24
G0 X56.24 Y56.24
G1 F3600 X53.819 Y53.819 E0.05694
G1 X53.749 Y53.749
G0 F7200 X53.906 Y53.941
G0 X54.975 Y52.77
G0 X56.09 Y50.583
G0 X56.24 Y50.583
G1 F3600 X55.751 Y50.094 E0.0115
G1 X55.752 Y49.904
G1 X56.24 Y49.416 E0.01148
G0 F7200 X56.09 Y49.416
G0 X55.035 Y47.303
G0 X53.914 Y46.066
G0 X53.819 Y46.18
G1 F3600 X56.24 Y43.759 E0.05694
G1 X56.31 Y43.689
G0 F7200 X56.09 Y43.689
G0 X56.09 Y44.926
G0 X56.24 Y44.926
G1 F3600 X53.574 Y42.26 E0.0627
G1 X53.504 Y42.19
G0 F7200 X53.504 Y42.41
G0 X52.083 Y42.41
G0 X52.083 Y42.26
G1 F3600 X48.088 Y46.254 E0.09394
G1 X48.018 Y46.324
G0 F7200 X47.919 Y46.203
G0 X49.143 Y45.516
G0 X50.888 Y45.097
G0 X50.901 Y45.244
G1 F3600 X47.917 Y42.26 E0.07018
G1 X47.847 Y42.19
G0 F7200 X47.847 Y42.41
G0 X46.426 Y42.41
G0 X46.426 Y42.26
G1 F3600 X43.76 Y44.925 E0.06269
G1 X43.69 Y44.995
G0 F7200 X43.91 Y44.995
G0 X46.516 Y51.857
G0 X46.965 Y52.697
G0 X47.569 Y53.431
G0 X48.303 Y54.035
G0 X49.143 Y54.484
G0 X50.055 Y54.76
G0 X51.92 Y54.823
G0 X51.891 Y54.513
;TYPE:WALL-INNER
G1 F3600 X51 Y54.596 E0.01488
G1 X50.103 Y54.513 E0.01498
G1 X49.236 Y54.253 E0.01505
G1 X48.443 Y53.829 E0.01495
G1 X47.745 Y53.255 E0.01503
G1 X47.168 Y52.554 E0.0151
G1 X46.746 Y51.761 E0.01494
G1 X46.484 Y50.897 E0.01501
G1 X46.396 Y50.001 E0.01497
G1 X46.484 Y49.097 E0.0151
G1 X46.745 Y48.239 E0.01491
G1 X47.164 Y47.447 E0.0149
G1 X47.742 Y46.749 E0.01507
G1 X48.447 Y46.164 E0.01523
G1 X49.235 Y45.748 E0.01482
G1 X50.102 Y45.483 E0.01508
G1 X51.001 Y45.396 E0.01502
G1 X51.897 Y45.484 E0.01497
G1 X52.761 Y45.745 E0.01501
G1 X53.554 Y46.168 E0.01495
G1 X54.255 Y46.745 E0.0151
G1 X54.831 Y47.445 E0.01508
G1 X55.253 Y48.236 E0.01491
G1 X55.512 Y49.097 E0.01495
G1 X55.6 Y50.001 E0.0151
G1 X55.512 Y50.884 E0.01476
G1 X55.256 Y51.76 E0.01518
G1 X54.831 Y52.55 E0.01492
G1 X54.255 Y53.255 E0.01514
G1 X53.55 Y53.831 E0.01514
G1 X52.761 Y54.255 E0.0149
G1 X51.891 Y54.513 E0.01509
G0 F7200 X51.92 Y54.823
G0 X56.128 Y57.605
G0 X56.272 Y57.9
G1 F3600 X56.4 Y57.683 E0.00419
G1 X56.4 Y42.313 E0.2556
G1 X56.274 Y42.101 E0.0041
G1 X43.6 Y42.1 E0.21077
G1 X43.6 Y57.9 E0.26276
G1 X56.272 Y57.9 E0.21074
G0 F7200 X56.354 Y58.3
;TYPE:WALL-OUTER
G1 F1800 X56.635 Y58.12 E0.00555
G1 X56.8 Y57.734 E0.00698
G1 X56.8 Y42.262 E0.2573
G1 X56.635 Y41.879 E0.00694
G1 X56.356 Y41.701 E0.0055
G1 X43.2 Y41.7 E0.21879
G1 X43.2 Y58.3 E0.27606
G1 X56.354 Y58.3 E0.21875
G0 F7200 X56.522 Y58.193
G0 X56.128 Y57.605
G0 X51.869 Y54.828
G0 X51.8 Y54.12
G1 F1800 X50.98 Y54.196 E0.0137
G1 X50.196 Y54.12 E0.0131
G1 X49.373 Y53.873 E0.01429
G1 X48.652 Y53.483 E0.01363
G1 X48.017 Y52.956 E0.01372
G1 X47.513 Y52.344 E0.01318
G1 X47.112 Y51.59 E0.0142
G1 X46.876 Y50.8 E0.01371
G1 X46.8 Y50.02 E0.01303
G1 X46.876 Y49.196 E0.01376
G1 X47.112 Y48.409 E0.01366
G1 X47.491 Y47.686 E0.01358
G1 X48.017 Y47.044 E0.0138
G1 X48.686 Y46.491 E0.01443
G1 X49.409 Y46.112 E0.01358
G1 X50.196 Y45.876 E0.01366
G1 X51.02 Y45.8 E0.01376
G1 X51.8 Y45.876 E0.01303
G1 X52.627 Y46.127 E0.01437
G1 X53.344 Y46.513 E0.01354
G1 X53.983 Y47.044 E0.01382
G1 X54.505 Y47.685 E0.01375
G1 X54.873 Y48.373 E0.01298
G1 X55.12 Y49.196 E0.01429
G1 X55.196 Y50.02 E0.01376
G1 X55.118 Y50.815 E0.01328
G1 X54.873 Y51.627 E0.0141
G1 X54.505 Y52.311 E0.01292
G1 X53.955 Y52.983 E0.01444
G1 X53.311 Y53.505 E0.01379
G1 X52.627 Y53.873 E0.01292
G1 X51.8 Y54.12 E0.01435
G0 F7200 X51.601 Y54.138
G0 X51.699 Y55.146
;MESH:NONMESH
G0 F600 X51.699 Y55.146 Z9.1
G0 F7200 X49.143 Y54.484
G0 X48.303 Y54.035
G0 X47.569 Y53.431
G0 X46.965 Y52.697
G0 X43.91 Y43.76
G0 X43.76 Y43.76
;TIME_ELAPSED:829.978448
;LAYER:88
;TYPE:FILL
;MESH:head.stl
G1 F3600 X47.179 Y47.179 E0.08041
G1 X47.246 Y47.096
G1 X43.76 Y50.582 E0.08199
G1 X43.69 Y50.652
G0 F7200 X43.91 Y50.652
G0 X43.91 Y49.417
G0 X43.76 Y49.417
G1 F3600 X47.261 Y52.918 E0.08234
G1 X47.18 Y52.819
G1 X43.76 Y56.239 E0.08043
G1 X43.69 Y56.309
G0 F7200 X43.91 Y56.309
G0 X43.91 Y55.074
G0 X43.76 Y55.074
G1 F3600 X46.426 Y57.74 E0.0627
G1 X46.496 Y57.81
G0 F7200 X46.496 Y57.59
G0 X47.916 Y57.59
G0 X47.916 Y57.74
G1 F3600 X50.909 Y54.747 E0.07039
G1 X50.979 Y54.677
G0 F7200 X50.956 Y54.909
G0 X50.055 Y54.76
G0 X47.991 Y53.856
G0 X48.085 Y53.742
G1 F3600 X52.083 Y57.74 E0.09403
G1 X52.153 Y57.81
G0 F7200 X52.153 Y57.59
G0 X53.573 Y57.59
G0 X53.573 Y57.74
G1 F3600 X56.24 Y55.073 E0.06272
G1 X56.31 Y55.003
G0 F7200 X56.09 Y55.003
G0 X56.09 Y56.24
G0 X56.24 Y56.24
G1 F3600 X53.819 Y53.819 E0.05694
G1 X53.749 Y53.749
G0 F7200 X53.906 Y53.941
G0 X54.975 Y52.77
G0 X56.09 Y50.583
G0 X56.24 Y50.583
G1 F3600 X55.751 Y50.094 E0.0115
G1 X55.752 Y49.904
G1 X56.24 Y49.416 E0.01148
G0 F7200 X56.09 Y49.416
G0 X55.035 Y47.303
G0 X53.914 Y46.066
G0 X53.819 Y46.18
G1 F3600 X56.24 Y43.759 E0.05694
G1 X56.31 Y43.689
G0 F7200 X56.09 Y43.689
G0 X56.09 Y44.926
G0 X56.24 Y44.926
G1 F3600 X53.574 Y42.26 E0.0627
G1 X53.504 Y42.19
G0 F7200 X53.504 Y42.41
G0 X52.083 Y42.41
G0 X52.083 Y42.26
G1 F3600 X48.088 Y46.254 E0.09394
G1 X48.018 Y46.324
G0 F7200 X47.919 Y46.203
G0 X49.143 Y45.516
G0 X50.888 Y45.097
G0 X50.901 Y45.244
G1 F3600 X47.917 Y42.26 E0.07018
G1 X47.847 Y42.19
G0 F7200 X47.847 Y42.41
G0 X46.426 Y42.41
G0 X46.426 Y42.26
G1 F3600 X43.76 Y44.925 E0.06269
G1 X43.69 Y44.995
G0 F7200 X43.91 Y44.995
G0 X46.516 Y51.857
G0 X46.965 Y52.697
G0 X47.569 Y53.431
G0 X48.303 Y54.035
G0 X49.143 Y54.484
G0 X50.055 Y54.76
G0 X51.92 Y54.823
G0 X51.891 Y54.513
;TYPE:WALL-INNER
G1 F3600 X51 Y54.596 E0.01488
G1 X50.103 Y54.513 E0.01498
G1 X49.236 Y54.253 E0.01505
G1 X48.443 Y53.829 E0.01495
G1 X47.745 Y53.255 E0.01503
G1 X47.168 Y52.554 E0.0151
G1 X46.746 Y51.761 E0.01494
G1 X46.484 Y50.897 E0.01501
G1 X46.396 Y50.001 E0.01497
G1 X46.484 Y49.097 E0.0151
G1 X46.745 Y48.239 E0.01491
G1 X47.164 Y47.447 E0.0149
G1 X47.742 Y46.749 E0.01507
G1 X48.447 Y46.164 E0.01523
G1 X49.235 Y45.748 E0.01482
G1 X50.102 Y45.483 E0.01508
G1 X51.001 Y45.396 E0.01502
G1 X51.897 Y45.484 E0.01497
G1 X52.761 Y45.745 E0.01501
G1 X53.554 Y46.168 E0.01495
G1 X54.255 Y46.745 E0.0151
G1 X54.831 Y47.445 E0.01508
G1 X55.253 Y48.236 E0.01491
G1 X55.512 Y49.097 E0.01495
G1 X55.6 Y50.001 E0.0151
G1 X55.512 Y50.884 E0.01476
G1 X55.256 Y51.76 E0.01518
G1 X54.831 Y52.55 E0.01492
G1 X54.255 Y53.255 E0.01514
G1 X53.55 Y53.831 E0.01514
G1 X52.761 Y54.255 E0.0149
G1 X51.891 Y54.513 E0.01509
G0 F7200 X51.92 Y54.823
G0 X56.128 Y57.605
G0 X56.272 Y57.9
G1 F3600 X56.4 Y57.683 E0.00419
G1 X56.4 Y42.313 E0.2556
G1 X56.274 Y42.101 E0.0041
G1 X43.6 Y42.1 E0.21077
G1 X43.6 Y57.9 E0.26276
G1 X56.272 Y57.9 E0.21074
G0 F7200 X56.354 Y58.3
;TYPE:WALL-OUTER
G1 F1800 X56.635 Y58.12 E0.00555
G1 X56.8 Y57.734 E0.00698
G1 X56.8 Y42.262 E0.2573
G1 X56.635 Y41.879 E0.00694
G1 X56.356 Y41.701 E0.0055
G1 X43.2 Y41.7 E0.21879
G1 X43.2 Y58.3 E0.27606
G1 X56.354 Y58.3 E0.21875
G0 F7200 X56.522 Y58.193
G0 X56.128 Y57.605
G0 X51.869 Y54.828
G0 X51.8 Y54.12
G1 F1800 X50.98 Y54.196 E0.0137
G1 X50.196 Y54.12 E0.0131
G1 X49.373 Y53.873 E0.01429
G1 X48.652 Y53.483 E0.01363
G1 X48.017 Y52.956 E0.01372
G1 X47.513 Y52.344 E0.01318
G1 X47.112 Y51.59 E0.0142
G1 X46.876 Y50.8 E0.01371
G1 X46.8 Y50.02 E0.01303
G1 X46.876 Y49.196 E0.01376
G1 X47.112 Y48.409 E0.01366
G1 X47.491 Y47.686 E0.01358
G1 X48.017 Y47.044 E0.0138
G1 X48.686 Y46.491 E0.01443
G1 X49.409 Y46.112 E0.01358
G1 X50.196 Y45.876 E0.01366
G1 X51.02 Y45.8 E0.01376
G1 X51.8 Y45.876 E0.01303
G1 X52.627 Y46.127 E0.01437
G1 X53.344 Y46.513 E0.01354
G1 X53.983 Y47.044 E0.01382
G1 X54.505 Y47.685 E0.01375
G1 X54.873 Y48.373 E0.01298
G1 X55.12 Y49.196 E0.01429
G1 X55.196 Y50.02 E0.01376
G1 X55.118 Y50.815 E0.01328
G1 X54.873 Y51.627 E0.0141
G1 X54.505 Y52.311 E0.01292
G1 X53.955 Y52.983 E0.01444
G1 X53.311 Y53.505 E0.01379
G1 X52.627 Y53.873 E0.01292
G1 X51.8 Y54.12 E0.01435
G0 F7200 X51.601 Y54.138
G0 X51.699 Y55.146
;MESH:NONMESH
G0 F600 X51.699 Y55.146 Z9.2
G0 F7200 X49.143 Y54.484
G0 X48.303 Y54.035
G0 X47.569 Y53.431
G0 X46.965 Y52.697
G0 X43.91 Y43.76
G0 X43.76 Y43.76
;TIME_ELAPSED:836.854916
;LAYER:89
;TYPE:FILL
;MESH:head.stl
G1 F3600 X45.882 Y45.882 E0.04991
G1 X45.911 Y45.913
G1 X46.169 Y46.169 E0.00604
G0 F7200 X46.456 Y46.456
G1 F3600 X46.169 Y46.169 E0.00675
G1 X49.47 Y43.814 E0.06743
G1 X49.183 Y43.527 E0.00675
G0 F7200 X49.47 Y43.814
G1 F3600 X49.658 Y44 E0.0044
G1 X50.342 Y44 E0.01137
G1 X50.792 Y43.552 E0.01056
G0 F7200 X50.342 Y44
G1 F3600 X50.147 Y44.197 E0.00461
G1 X54.524 Y45.473 E0.07582
G1 X54.201 Y45.796 E0.0076
G0 F7200 X54.524 Y45.473
G1 F3600 X55.17 Y44.828 E0.01518
G1 X50.792 Y43.552 E0.07584
G1 X52.083 Y42.26 E0.03037
G1 X52.153 Y42.19
G0 F7200 X52.153 Y42.41
G0 X53.574 Y42.41
G0 X53.574 Y42.26
G1 F3600 X56.24 Y44.926 E0.0627
G1 X56.31 Y44.996
G0 F7200 X55.509 Y44.491
G1 F3600 X56.2 Y47.467 E0.05081
G1 X56.222 Y47.564
G0 F7200 X56.09 Y47.564
G0 X56.09 Y49.234
G0 X56.2 Y49.234
G1 F3600 X55.176 Y44.824 E0.07529
G1 X55.17 Y44.828
G1 X56.24 Y43.759 E0.02515
G1 X56.31 Y43.689
G0 F7200 X56.09 Y43.689
G0 X53.914 Y46.066
G0 X53.819 Y46.18
G1 F3600 X54.201 Y45.796 E0.00901
G1 X50.322 Y44.665 E0.06719
G1 X50.901 Y45.244 E0.01362
G1 X50.971 Y45.314
G0 F7200 X50.322 Y44.665
G1 F3600 X49.757 Y44.1 E0.01329
G1 X49.658 Y44
G1 X49.757 Y44.1 E0.00234
G1 X46.456 Y46.456 E0.06744
G1 X46.553 Y46.554 E0.00229
G1 X46.021 Y48.321 E0.03069
G1 X47.246 Y47.096 E0.02881
G1 X47.179 Y47.179
G1 X46.743 Y46.742 E0.01027
G1 X49.733 Y44.609 E0.06108
G1 X48.088 Y46.254 E0.03869
G1 X48.018 Y46.324
G0 F7200 X47.919 Y46.203
G0 X46.743 Y46.742
G1 F3600 X46.553 Y46.554 E0.00445
G0 F7200 X46.021 Y48.321
G1 F3600 X45.6 Y48.743 E0.00991
G1 X45.6 Y51.256 E0.04179
G1 X44.847 Y50.505 E0.01769
G0 F7200 X44.335 Y50.009
G1 F3600 X44.825 Y49.517 E0.01155
G0 F7200 X43.91 Y49.417
G0 X43.76 Y49.417
G1 F3600 X44.847 Y50.505 E0.02558
G1 X45.648 Y54.35 E0.06532
G1 X46.662 Y53.336 E0.02385
G0 F7200 X47.2 Y52.907
G1 F3600 X47.2 Y57.7 E0.07971
G0 F7200 X47.916 Y57.74
G1 F3600 X49.2 Y56.456 E0.0302
G1 X49.2 Y54.858 E0.02657
G1 X50.067 Y55.723 E0.02037
G0 F7200 X50.342 Y56
G1 F3600 X50.067 Y55.723 E0.00649
G1 X54.046 Y54.045 E0.07181
G1 X53.819 Y53.819 E0.00533
G0 F7200 X54.046 Y54.045
G1 F3600 X54.35 Y54.351 E0.00717
G1 X50.373 Y56.029 E0.07178
G1 X50.677 Y56.334 E0.00716
G0 F7200 X50.373 Y56.029
G1 F3600 X50.342 Y56 E0.00071
G1 X49.658 Y56 E0.01137
G1 X49.2 Y56.456 E0.01075
G0 F7200 X49.658 Y56
G1 F3600 X50.909 Y54.747 E0.02945
G1 X50.979 Y54.677
G0 F7200 X50.956 Y54.909
G0 X49.2 Y54.858
G1 F3600 X48.085 Y53.742 E0.02623
G0 F7200 X48.4 Y54.033
G1 F3600 X48.4 Y57.256 E0.0536
G1 X48.4 Y57.356
G0 F7200 X46.426 Y57.59
G0 X46.426 Y57.74
G1 F3600 X43.76 Y55.074 E0.0627
G1 X43.69 Y55.004
G0 F7200 X43.91 Y55.004
G0 X43.91 Y56.239
G0 X43.76 Y56.239
G1 F3600 X45.31 Y54.69 E0.03644
G0 F7200 X45.648 Y54.35
G1 F3600 X45.31 Y54.69 E0.00797
G1 X44.335 Y50.009 E0.07952
G1 X43.76 Y50.582 E0.0135
G1 X43.69 Y50.652
G0 F7200 X43.91 Y50.652
G0 X45.6 Y51.256
G1 F3600 X46.395 Y52.054 E0.01873
G1 X46.662 Y53.336 E0.02178
G1 X47.18 Y52.819 E0.01217
G1 X47.261 Y52.918
G1 X46.395 Y52.054 E0.02034
G1 X46.325 Y51.984
G0 F7200 X45.6 Y48.743
G1 F3600 X44.825 Y49.517 E0.01822
G1 X45.911 Y45.913 E0.0626
G1 X45.882 Y45.882 E0.00071
G1 X49.183 Y43.527 E0.06743
G1 X47.917 Y42.26 E0.02979
G1 X47.847 Y42.19
G0 F7200 X47.847 Y42.41
G0 X46.426 Y42.41
G0 X46.426 Y42.26
G1 F3600 X43.76 Y44.925 E0.06269
G1 X43.69 Y44.995
G0 F7200 X43.91 Y44.995
G0 X49.733 Y44.609
G1 F3600 X50.147 Y44.197 E0.00971
G0 F7200 X53.697 Y45.965
G0 X54.431 Y46.569
G0 X55.035 Y47.303
G0 X55.484 Y48.143
G0 X55.903 Y49.89
G0 X55.752 Y49.904
G1 F3600 X56.24 Y49.416 E0.01148
G0 F7200 X55.751 Y50.094
G1 F3600 X56.24 Y50.583 E0.0115
G0 F7200 X55.645 Y51.142
G1 F3600 X55.649 Y55.647 E0.07492
G0 F7200 X55.249 Y55.247
G1 F3600 X55.246 Y52.199 E0.05069
G0 F7200 X54.847 Y52.847
G1 F3600 X54.848 Y54.848 E0.03328
G1 X54.961 Y54.962
G1 X56.24 Y56.24 E0.03007
G1 X56.31 Y56.31
G0 F7200 X56.09 Y56.31
G0 X56.09 Y55.073
G0 X56.24 Y55.073
G1 F3600 X53.573 Y57.74 E0.06272
G1 X53.503 Y57.81
G0 F7200 X53.503 Y57.59
G0 X52.083 Y57.59
G0 X52.083 Y57.74
G1 F3600 X50.983 Y56.639 E0.02588
G1 X54.961 Y54.962 E0.07179
G1 X54.656 Y54.656 E0.00718
G0 F7200 X54.448 Y54.447
G1 F3600 X54.447 Y53.336 E0.01848
G1 X54.447 Y53.236
G0 F7200 X54.579 Y53.345
G0 X54.35 Y54.351
G1 F3600 X54.656 Y54.656 E0.00718
G1 X50.677 Y56.334 E0.07181
G1 X50.983 Y56.639 E0.00718
G1 X51.053 Y56.709
G0 F7200 X51.92 Y54.823
G0 X51.891 Y54.513
;TYPE:WALL-INNER
G1 F3600 X51 Y54.596 E0.01488
G1 X50.103 Y54.513 E0.01498
G1 X49.236 Y54.253 E0.01505
G1 X48.443 Y53.829 E0.01495
G1 X47.745 Y53.255 E0.01503
G1 X47.168 Y52.554 E0.0151
G1 X46.746 Y51.761 E0.01494
G1 X46.484 Y50.897 E0.01501
G1 X46.396 Y50.001 E0.01497
G1 X46.484 Y49.097 E0.0151
G1 X46.745 Y48.239 E0.01491
G1 X47.164 Y47.447 E0.0149
G1 X47.742 Y46.749 E0.01507
G1 X48.447 Y46.164 E0.01523
G1 X49.235 Y45.748 E0.01482
G1 X50.102 Y45.483 E0.01508
G1 X51.001 Y45.396 E0.01502
G1 X51.897 Y45.484 E0.01497
G1 X52.761 Y45.745 E0.01501
G1 X53.554 Y46.168 E0.01495
G1 X54.255 Y46.745 E0.0151
G1 X54.831 Y47.445 E0.01508
G1 X55.253 Y48.236 E0.01491
G1 X55.512 Y49.097 E0.01495
G1 X55.6 Y50.001 E0.0151
G1 X55.512 Y50.884 E0.01476
G1 X55.256 Y51.76 E0.01518
G1 X54.831 Y52.55 E0.01492
G1 X54.255 Y53.255 E0.01514
G1 X53.55 Y53.831 E0.01514
G1 X52.761 Y54.255 E0.0149
G1 X51.891 Y54.513 E0.01509
G0 F7200 X51.92 Y54.823
G0 X56.128 Y57.605
G0 X56.272 Y57.9
G1 F3600 X56.4 Y57.683 E0.00419
G1 X56.4 Y42.313 E0.2556
G1 X56.274 Y42.101 E0.0041
G1 X43.6 Y42.1 E0.21077
G1 X43.6 Y57.9 E0.26276
G1 X56.272 Y57.9 E0.21074
G0 F7200 X56.354 Y58.3
;TYPE:WALL-OUTER
G1 F1800 X56.635 Y58.12 E0.00555
G1 X56.8 Y57.734 E0.00698
G1 X56.8 Y42.262 E0.2573
G1 X56.635 Y41.879 E0.00694
G1 X56.356 Y41.701 E0.0055
G1 X43.2 Y41.7 E0.21879
G1 X43.2 Y58.3 E0.27606
G1 X56.354 Y58.3 E0.21875
G0 F7200 X56.522 Y58.193
G0 X56.128 Y57.605
G0 X51.869 Y54.828
G0 X51.8 Y54.12
G1 F1800 X50.98 Y54.196 E0.0137
G1 X50.196 Y54.12 E0.0131
G1 X49.373 Y53.873 E0.01429
G1 X48.652 Y53.483 E0.01363
G1 X48.017 Y52.956 E0.01372
G1 X47.513 Y52.344 E0.01318
G1 X47.112 Y51.59 E0.0142
G1 X46.876 Y50.8 E0.01371
G1 X46.8 Y50.02 E0.01303
G1 X46.876 Y49.196 E0.01376
G1 X47.112 Y48.409 E0.01366
G1 X47.491 Y47.686 E0.01358
G1 X48.017 Y47.044 E0.0138
G1 X48.686 Y46.491 E0.01443
G1 X49.409 Y46.112 E0.01358
G1 X50.196 Y45.876 E0.01366
G1 X51.02 Y45.8 E0.01376
G1 X51.8 Y45.876 E0.01303
G1 X52.627 Y46.127 E0.01437
G1 X53.344 Y46.513 E0.01354
G1 X53.983 Y47.044 E0.01382
G1 X54.505 Y47.685 E0.01375
G1 X54.873 Y48.373 E0.01298
G1 X55.12 Y49.196 E0.01429
G1 X55.196 Y50.02 E0.01376
G1 X55.118 Y50.815 E0.01328
G1 X54.873 Y51.627 E0.0141
G1 X54.505 Y52.311 E0.01292
G1 X53.955 Y52.983 E0.01444
G1 X53.311 Y53.505 E0.01379
G1 X52.627 Y53.873 E0.01292
G1 X51.8 Y54.12 E0.01435
G0 F7200 X51.601 Y54.138
G0 X51.699 Y55.146
;MESH:NONMESH
G0 F600 X51.699 Y55.146 Z9.3
G0 F7200 X49.143 Y54.484
G0 X48.303 Y54.035
G0 X47.569 Y53.431
G0 X46.965 Y52.697
G0 X43.91 Y43.76
G0 X43.76 Y43.76
;TIME_ELAPSED:846.203803
;LAYER:90
;TYPE:FILL
;MESH:head.stl
G1 F3600 X45.767 Y45.767 E0.0472
G1 X45.837 Y45.837
G0 F7200 X43.91 Y44.925
G0 X43.76 Y44.925
G1 F3600 X46.426 Y42.26 E0.06269
G1 X46.496 Y42.19
G0 F7200 X46.496 Y42.41
G0 X47.917 Y42.41
G0 X47.917 Y42.26
G1 F3600 X49.176 Y43.52 E0.02962
G1 X49.246 Y43.59
G0 F7200 X51.096 Y43.247
G1 F3600 X52.083 Y42.26 E0.02321
G1 X52.153 Y42.19
G0 F7200 X52.153 Y42.41
G0 X53.574 Y42.41
G0 X53.574 Y42.26
G1 F3600 X56.054 Y44.74 E0.05833
G0 F7200 X55.259 Y44.74
G1 F3600 X56.24 Y43.759 E0.02307
G1 X56.31 Y43.689
G0 F7200 X56.09 Y43.689
G0 X56.053 Y55.26
G1 F3600 X53.573 Y57.74 E0.05833
G1 X53.503 Y57.81
G0 F7200 X53.503 Y57.59
G0 X52.083 Y57.59
G0 X52.083 Y57.74
G1 F3600 X51.098 Y56.755 E0.02317
G1 X51.028 Y56.685
G0 F7200 X49.176 Y56.48
G1 F3600 X47.916 Y57.74 E0.02963
G1 X47.846 Y57.81
G0 F7200 X47.846 Y57.59
G0 X46.426 Y57.59
G0 X46.426 Y57.74
G1 F3600 X43.76 Y55.074 E0.0627
G1 X43.69 Y55.004
G0 F7200 X43.91 Y55.004
G0 X43.91 Y56.239
G0 X43.76 Y56.239
G1 F3600 X45.766 Y54.233 E0.04718
G1 X45.836 Y54.163
G0 F7200 X43.91 Y50.582
G0 X43.76 Y50.582
G1 F3600 X44.245 Y50.097 E0.01141
G1 X44.246 Y49.903
G1 X43.76 Y49.417 E0.01143
G0 F7200 X43.91 Y49.417
G0 X47.569 Y53.431
G0 X48.303 Y54.035
G0 X49.143 Y54.484
G0 X55.26 Y55.26
G1 F3600 X56.24 Y56.24 E0.02305
G1 X56.31 Y56.31
G0 F7200 X56.09 Y56.31
G0 X56.128 Y57.605
G0 X56.272 Y57.9
;TYPE:WALL-INNER
G1 F3600 X56.4 Y57.683 E0.00419
G1 X56.4 Y42.313 E0.2556
G1 X56.274 Y42.101 E0.0041
G1 X43.6 Y42.1 E0.21077
G1 X43.6 Y57.9 E0.26276
G1 X56.272 Y57.9 E0.21074
G0 F7200 X56.128 Y57.605
G0 X51.92 Y54.823
G0 X51.891 Y54.513
G1 F3600 X51 Y54.596 E0.01488
G1 X50.103 Y54.513 E0.01498
G1 X49.236 Y54.253 E0.01505
G1 X48.443 Y53.829 E0.01495
G1 X47.745 Y53.255 E0.01503
G1 X47.168 Y52.554 E0.0151
G1 X46.746 Y51.761 E0.01494
G1 X46.484 Y50.897 E0.01501
G1 X46.396 Y50.001 E0.01497
G1 X46.484 Y49.097 E0.0151
G1 X46.745 Y48.239 E0.01491
G1 X47.164 Y47.447 E0.0149
G1 X47.742 Y46.749 E0.01507
G1 X48.447 Y46.164 E0.01523
G1 X49.235 Y45.748 E0.01482
G1 X50.102 Y45.483 E0.01508
G1 X51.001 Y45.396 E0.01502
G1 X51.897 Y45.484 E0.01497
G1 X52.761 Y45.745 E0.01501
G1 X53.554 Y46.168 E0.01495
G1 X54.255 Y46.745 E0.0151
G1 X54.831 Y47.445 E0.01508
G1 X55.253 Y48.236 E0.01491
G1 X55.512 Y49.097 E0.01495
G1 X55.6 Y50.001 E0.0151
G1 X55.512 Y50.884 E0.01476
G1 X55.256 Y51.76 E0.01518
G1 X54.831 Y52.55 E0.01492
G1 X54.255 Y53.255 E0.01514
G1 X53.55 Y53.831 E0.01514
G1 X52.761 Y54.255 E0.0149
G1 X51.891 Y54.513 E0.01509
G0 F7200 X51.8 Y54.12
;TYPE:WALL-OUTER
G1 F1800 X50.98 Y54.196 E0.0137
G1 X50.196 Y54.12 E0.0131
G1 X49.373 Y53.873 E0.01429
G1 X48.652 Y53.483 E0.01363
G1 X48.017 Y52.956 E0.01372
G1 X47.513 Y52.344 E0.01318
G1 X47.112 Y51.59 E0.0142
G1 X46.876 Y50.8 E0.01371
G1 X46.8 Y50.02 E0.01303
G1 X46.876 Y49.196 E0.01376
G1 X47.112 Y48.409 E0.01366
G1 X47.491 Y47.686 E0.01358
G1 X48.017 Y47.044 E0.0138
G1 X48.686 Y46.491 E0.01443
G1 X49.409 Y46.112 E0.01358
G1 X50.196 Y45.876 E0.01366
G1 X51.02 Y45.8 E0.01376
G1 X51.8 Y45.876 E0.01303
G1 X52.627 Y46.127 E0.01437
G1 X53.344 Y46.513 E0.01354
G1 X53.983 Y47.044 E0.01382
G1 X54.505 Y47.685 E0.01375
G1 X54.873 Y48.373 E0.01298
G1 X55.12 Y49.196 E0.01429
G1 X55.196 Y50.02 E0.01376
G1 X55.118 Y50.815 E0.01328
G1 X54.873 Y51.627 E0.0141
G1 X54.505 Y52.311 E0.01292
G1 X53.955 Y52.983 E0.01444
G1 X53.311 Y53.505 E0.01379
G1 X52.627 Y53.873 E0.01292
G1 X51.8 Y54.12 E0.01435
G0 F7200 X51.601 Y54.138
G0 X51.67 Y54.848
G0 X56.128 Y57.605
G0 X56.354 Y58.3
G1 F1800 X56.635 Y58.12 E0.00555
G1 X56.8 Y57.734 E0.00698
G1 X56.8 Y42.262 E0.2573
G1 X56.635 Y41.879 E0.00694
G1 X56.356 Y41.701 E0.0055
G1 X43.2 Y41.7 E0.21879
G1 X43.2 Y58.3 E0.27606
G1 X56.354 Y58.3 E0.21875
G0 F7200 X56.522 Y58.193
G0 X56.128 Y57.605
G0 X55.953 Y49.03
;TYPE:SKIN
G1 F1478.4 X56 Y49.996 E0.01958
G1 X55.953 Y50.966 E0.01966
G0 F7200 X55.146 Y55.121
G1 F1800 X54.68 Y55.5 E0.00999
G1 X53.531 Y56.118 E0.0217
G1 X52.296 Y56.49 E0.02145
G1 X51.003 Y56.623 E0.02162
G1 X49.708 Y56.494 E0.02164
G1 X48.466 Y56.118 E0.02158
G1 X47.328 Y55.508 E0.02147
G1 X46.314 Y54.681 E0.02176
G1 X45.496 Y53.68 E0.0215
G1 X44.882 Y52.535 E0.02161
G1 X44.505 Y51.288 E0.02166
G1 X44.378 Y49.996 E0.02159
G1 X44.506 Y48.707 E0.02154
G1 X44.878 Y47.465 E0.02156
G1 X45.488 Y46.328 E0.02146
G1 X46.315 Y45.314 E0.02176
G1 X47.316 Y44.496 E0.0215
G1 X48.466 Y43.878 E0.02171
G1 X49.7 Y43.506 E0.02143
G1 X50.992 Y43.377 E0.02159
G1 X52.292 Y43.506 E0.02173
G1 X53.531 Y43.878 E0.02151
G1 X54.672 Y44.491 E0.02154
G1 X55.152 Y44.879 E0.01026
G1 X56.02 Y44.88 E0.01443
G1 X56.02 Y48.05 E0.05272
G1 F1541.8 X55.953 Y49.03 E0.01907
G1 X55.597 Y48.073 E0.01982
G1 F1800 X55.157 Y47.249 E0.01553
G1 X54.531 Y46.484 E0.01644
G1 X53.764 Y45.849 E0.01656
G1 X52.927 Y45.399 E0.0158
G1 X51.972 Y45.107 E0.01661
G1 X51.015 Y45.016 E0.01599
G1 X50.033 Y45.112 E0.01641
G1 X49.094 Y45.391 E0.01629
G1 X48.247 Y45.834 E0.0159
G1 X47.471 Y46.477 E0.01676
G1 X46.848 Y47.23 E0.01625
G1 X46.391 Y48.094 E0.01625
G1 X46.108 Y49.032 E0.01629
G1 X46.016 Y49.984 E0.01591
G1 X46.112 Y50.962 E0.01634
G1 X46.391 Y51.906 E0.01637
G1 X46.857 Y52.776 E0.01641
G1 X47.461 Y53.508 E0.01578
G1 X48.216 Y54.135 E0.01632
G1 X49.073 Y54.597 E0.01619
G1 X50.042 Y54.888 E0.01683
G1 X50.982 Y54.972 E0.01569
G1 X51.947 Y54.888 E0.01611
G1 X52.905 Y54.606 E0.01661
G1 X53.762 Y54.145 E0.01618
G1 X54.511 Y53.536 E0.01605
G1 X55.136 Y52.775 E0.01638
G1 X55.601 Y51.915 E0.01626
G1 F1541.8 X55.953 Y50.966 E0.01965
G1 X56.02 Y51.934 E0.01884
G1 F1800 X56.02 Y55.12 E0.05298
G1 X55.146 Y55.121 E0.01453
G0 F7200 X47.345 Y55.265
G1 F1800 X45.726 Y53.645 E0.03809
G1 X45.656 Y53.575
G0 F7200 X46.817 Y53.039
G1 F1800 X44.667 Y50.889 E0.05056
G0 F7200 X44.605 Y50.262
G1 F1800 X46.154 Y51.811 E0.03643
G1 X46.224 Y51.881
G0 F7200 X45.918 Y51.009
G1 F1800 X44.609 Y49.7 E0.03079
G0 F7200 X44.659 Y49.184
G1 F1800 X45.853 Y50.379 E0.02809
G0 F7200 X45.835 Y49.794
G1 F1800 X44.722 Y48.681 E0.02618
G0 F7200 X44.852 Y48.247
G1 F1800 X45.885 Y49.279 E0.02428
G0 F7200 X45.969 Y48.797
G1 F1800 X44.983 Y47.811 E0.02319
G0 F7200 X45.139 Y47.402
G1 F1800 X46.101 Y48.363 E0.02261
G0 F7200 X46.245 Y47.943
G1 F1800 X45.336 Y47.033 E0.02139
G0 F7200 X45.533 Y46.665
G1 F1800 X46.441 Y47.573 E0.02135
G0 F7200 X46.637 Y47.203
G1 F1800 X45.753 Y46.319 E0.02079
G0 F7200 X46.007 Y46.007
G1 F1800 X46.88 Y46.88 E0.02053
G0 F7200 X47.136 Y46.57
G1 F1800 X46.261 Y45.695 E0.02058
G0 F7200 X46.529 Y45.398
G1 F1800 X47.404 Y46.273 E0.02058
G0 F7200 X47.713 Y46.016
G1 F1800 X46.84 Y45.143 E0.02053
G0 F7200 X47.152 Y44.889
G1 F1800 X48.021 Y45.758 E0.02044
G0 F7200 X48.372 Y45.544
G1 F1800 X47.469 Y44.641 E0.02124
G0 F7200 X47.838 Y44.444
G1 F1800 X48.744 Y45.35 E0.02131
G0 F7200 X49.132 Y45.172
G1 F1800 X48.206 Y44.246 E0.02178
G0 F7200 X48.579 Y44.053
G1 F1800 X49.567 Y45.042 E0.02325
G0 F7200 X50.006 Y44.915
G1 F1800 X49.014 Y43.923 E0.02333
G0 F7200 X49.448 Y43.791
G1 F1800 X50.519 Y44.862 E0.02519
G0 F7200 X51.04 Y44.817
G1 F1800 X49.909 Y43.686 E0.0266
G0 F7200 X50.423 Y43.635
G1 F1800 X51.665 Y44.877 E0.02921
G0 F7200 X52.373 Y45.019
G1 F1800 X50.938 Y43.584 E0.03375
G0 F7200 X51.554 Y43.634
G1 F1800 X53.283 Y45.363 E0.04066
G1 X53.353 Y45.433
G0 F7200 X53.944 Y44.328
G1 F1800 X55.82 Y46.203 E0.04411
G0 F7200 X55.82 Y46.769
G1 F1800 X52.969 Y43.918 E0.06705
G1 X52.899 Y43.848
G0 F7200 X52.181 Y43.696
G1 F1800 X55.82 Y47.334 E0.08557
G0 F7200 X55.629 Y47.709
G1 F1800 X55.82 Y47.9 E0.00449
G0 F7200 X55.82 Y45.637
G1 F1800 X55.26 Y45.078 E0.01316
G0 F7200 X55.854 Y50
G0 X55.646 Y52.252
G1 F1800 X55.82 Y52.426 E0.00409
G0 F7200 X55.448 Y52.62
G1 F1800 X55.82 Y52.992 E0.00875
G0 F7200 X55.82 Y53.558
G1 F1800 X55.233 Y52.97 E0.01382
G0 F7200 X54.98 Y53.283
G1 F1800 X55.82 Y54.123 E0.01976
G0 F7200 X55.82 Y54.689
G1 F1800 X54.726 Y53.594 E0.02574
G0 F7200 X54.427 Y53.862
G1 F1800 X55.487 Y54.922 E0.02493
G0 F7200 X54.996 Y54.996
G1 F1800 X54.116 Y54.116 E0.0207
G0 F7200 X53.79 Y54.356
G1 F1800 X54.678 Y55.243 E0.02087
G0 F7200 X54.33 Y55.461
G1 F1800 X53.423 Y54.554 E0.02133
G0 F7200 X53.055 Y54.752
G1 F1800 X53.961 Y55.658 E0.02131
G0 F7200 X53.594 Y55.856
G1 F1800 X52.633 Y54.896 E0.02259
G0 F7200 X52.197 Y55.025
G1 F1800 X53.184 Y56.013 E0.02322
G0 F7200 X52.749 Y56.144
G1 F1800 X51.714 Y55.108 E0.02435
G0 F7200 X51.197 Y55.156
G1 F1800 X52.315 Y56.275 E0.02631
G0 F7200 X51.813 Y56.338
G1 F1800 X50.614 Y55.139 E0.0282
G0 F7200 X49.993 Y55.084
G1 F1800 X51.3 Y56.391 E0.03074
G0 F7200 X50.738 Y56.395
G1 F1800 X49.188 Y54.845 E0.03645
G1 X49.118 Y54.775
G0 F7200 X48.593 Y55.947
G1 F1800 X45.051 Y52.405 E0.0833
G1 X44.981 Y52.335
G0 F7200 X44.807 Y51.595
G1 F1800 X49.405 Y56.193 E0.10814
G0 F7200 X50.111 Y56.333
G1 F1800 X47.947 Y54.169 E0.05089
G1 X47.877 Y54.099
G0 F7200 X47.85 Y54.128
;MESH:NONMESH
G0 F600 X47.85 Y54.128 Z9.4
G0 F7200 X46.516 Y51.857
G0 X43.91 Y43.76
G0 X43.76 Y43.76
;TIME_ELAPSED:859.338498
;LAYER:91
;TYPE:FILL
;MESH:head.stl
G1 F3600 X45.767 Y45.767 E0.0472
G1 X45.837 Y45.837
G0 F7200 X43.91 Y44.925
G0 X43.76 Y44.925
G1 F3600 X46.426 Y42.26 E0.06269
G1 X46.496 Y42.19
G0 F7200 X46.496 Y42.41
G0 X47.917 Y42.41
G0 X47.917 Y42.26
G1 F3600 X49.176 Y43.519 E0.02961
G1 X49.246 Y43.589
G0 F7200 X51.096 Y43.246
G1 F3600 X52.083 Y42.26 E0.0232
G1 X52.153 Y42.19
G0 F7200 X52.153 Y42.41
G0 X53.574 Y42.41
G0 X53.574 Y42.26
G1 F3600 X56.054 Y44.74 E0.05833
G0 F7200 X55.259 Y44.74
G1 F3600 X56.24 Y43.759 E0.02307
G1 X56.31 Y43.689
G0 F7200 X56.09 Y43.689
G0 X56.053 Y55.26
G1 F3600 X53.573 Y57.74 E0.05833
G1 X53.503 Y57.81
G0 F7200 X53.503 Y57.59
G0 X52.083 Y57.59
G0 X52.083 Y57.74
G1 F3600 X51.098 Y56.755 E0.02317
G1 X51.028 Y56.685
G0 F7200 X49.176 Y56.48
G1 F3600 X47.916 Y57.74 E0.02963
G1 X47.846 Y57.81
G0 F7200 X47.846 Y57.59
G0 X46.426 Y57.59
G0 X46.426 Y57.74
G1 F3600 X43.76 Y55.074 E0.0627
G1 X43.69 Y55.004
G0 F7200 X43.91 Y55.004
G0 X43.91 Y56.239
G0 X43.76 Y56.239
G1 F3600 X45.766 Y54.233 E0.04718
G1 X45.836 Y54.163
G0 F7200 X43.91 Y50.582
G0 X43.76 Y50.582
G1 F3600 X44.245 Y50.097 E0.01141
G1 X44.246 Y49.903
G1 X43.76 Y49.417 E0.01143
G0 F7200 X43.91 Y49.417
G0 X47.569 Y53.431
G0 X48.303 Y54.035
G0 X49.143 Y54.484
G0 X55.26 Y55.26
G1 F3600 X56.24 Y56.24 E0.02305
G1 X56.31 Y56.31
G0 F7200 X56.09 Y56.31
G0 X56.128 Y57.605
G0 X56.272 Y57.9
;TYPE:WALL-INNER
G1 F3600 X56.4 Y57.683 E0.00419
G1 X56.4 Y42.313 E0.2556
G1 X56.274 Y42.101 E0.0041
G1 X43.6 Y42.1 E0.21077
G1 X43.6 Y57.9 E0.26276
G1 X56.272 Y57.9 E0.21074
G0 F7200 X56.128 Y57.605
G0 X51.92 Y54.823
G0 X51.891 Y54.513
G1 F3600 X51 Y54.596 E0.01488
G1 X50.103 Y54.513 E0.01498
G1 X49.236 Y54.253 E0.01505
G1 X48.443 Y53.829 E0.01495
G1 X47.745 Y53.255 E0.01503
G1 X47.168 Y52.554 E0.0151
G1 X46.746 Y51.761 E0.01494
G1 X46.484 Y50.897 E0.01501
G1 X46.396 Y50.001 E0.01497
G1 X46.484 Y49.097 E0.0151
G1 X46.745 Y48.239 E0.01491
G1 X47.164 Y47.447 E0.0149
G1 X47.742 Y46.749 E0.01507
G1 X48.447 Y46.164 E0.01523
G1 X49.235 Y45.748 E0.01482
G1 X50.102 Y45.483 E0.01508
G1 X51.001 Y45.396 E0.01502
G1 X51.897 Y45.484 E0.01497
G1 X52.761 Y45.745 E0.01501
G1 X53.554 Y46.168 E0.01495
G1 X54.255 Y46.745 E0.0151
G1 X54.831 Y47.445 E0.01508
G1 X55.253 Y48.236 E0.01491
G1 X55.512 Y49.097 E0.01495
G1 X55.6 Y50.001 E0.0151
G1 X55.512 Y50.884 E0.01476
G1 X55.256 Y51.76 E0.01518
G1 X54.831 Y52.55 E0.01492
G1 X54.255 Y53.255 E0.01514
G1 X53.55 Y53.831 E0.01514
G1 X52.761 Y54.255 E0.0149
G1 X51.891 Y54.513 E0.01509
G0 F7200 X51.8 Y54.12
;TYPE:WALL-OUTER
G1 F1800 X50.98 Y54.196 E0.0137
G1 X50.196 Y54.12 E0.0131
G1 X49.373 Y53.873 E0.01429
G1 X48.652 Y53.483 E0.01363
G1 X48.017 Y52.956 E0.01372
G1 X47.513 Y52.344 E0.01318
G1 X47.112 Y51.59 E0.0142
G1 X46.876 Y50.8 E0.01371
G1 X46.8 Y50.02 E0.01303
G1 X46.876 Y49.196 E0.01376
G1 X47.112 Y48.409 E0.01366
G1 X47.491 Y47.686 E0.01358
G1 X48.017 Y47.044 E0.0138
G1 X48.686 Y46.491 E0.01443
G1 X49.409 Y46.112 E0.01358
G1 X50.196 Y45.876 E0.01366
G1 X51.02 Y45.8 E0.01376
G1 X51.8 Y45.876 E0.01303
G1 X52.627 Y46.127 E0.01437
G1 X53.344 Y46.513 E0.01354
G1 X53.983 Y47.044 E0.01382
G1 X54.505 Y47.685 E0.01375
G1 X54.873 Y48.373 E0.01298
G1 X55.12 Y49.196 E0.01429
G1 X55.196 Y50.02 E0.01376
G1 X55.118 Y50.815 E0.01328
G1 X54.873 Y51.627 E0.0141
G1 X54.505 Y52.311 E0.01292
G1 X53.955 Y52.983 E0.01444
G1 X53.311 Y53.505 E0.01379
G1 X52.627 Y53.873 E0.01292
G1 X51.8 Y54.12 E0.01435
G0 F7200 X51.601 Y54.138
G0 X51.67 Y54.848
G0 X56.128 Y57.605
G0 X56.354 Y58.3
G1 F1800 X56.635 Y58.12 E0.00555
G1 X56.8 Y57.734 E0.00698
G1 X56.8 Y42.262 E0.2573
G1 X56.635 Y41.879 E0.00694
G1 X56.356 Y41.701 E0.0055
G1 X43.2 Y41.7 E0.21879
G1 X43.2 Y58.3 E0.27606
G1 X56.354 Y58.3 E0.21875
G0 F7200 X56.522 Y58.193
G0 X56.128 Y57.605
G0 X55.953 Y49.03
;TYPE:SKIN
G1 F1478.4 X56 Y49.996 E0.01958
G1 X55.953 Y50.966 E0.01966
G0 F7200 X55.194 Y55.121
G1 F1800 X55.093 Y55.165 E0.00183
G1 X54.706 Y55.493 E0.00844
G1 X53.531 Y56.118 E0.02213
G1 X52.411 Y56.459 E0.01947
G1 X52.343 Y56.492 E0.00126
G1 X51.001 Y56.623 E0.02242
G1 X49.708 Y56.494 E0.02161
G1 X48.465 Y56.118 E0.0216
G1 X47.301 Y55.497 E0.02194
G1 X46.315 Y54.681 E0.02128
G1 X45.492 Y53.676 E0.0216
G1 X44.878 Y52.531 E0.02161
G1 X44.506 Y51.292 E0.02151
G1 X44.378 Y49.996 E0.02166
G1 X44.506 Y48.707 E0.02154
G1 X44.878 Y47.469 E0.0215
G1 X45.492 Y46.32 E0.02167
G1 X46.315 Y45.315 E0.0216
G1 X47.32 Y44.492 E0.0216
G1 X48.469 Y43.878 E0.02167
G1 X49.585 Y43.541 E0.01939
G1 X49.653 Y43.508 E0.00126
G1 X50.995 Y43.377 E0.02242
G1 X52.292 Y43.506 E0.02168
G1 X53.531 Y43.878 E0.02151
G1 X54.706 Y44.507 E0.02216
G1 X55.151 Y44.879 E0.00965
G1 X56.02 Y44.88 E0.01445
G1 X56.02 Y48.05 E0.05272
G1 F1541.8 X55.953 Y49.03 E0.01907
G1 X55.597 Y48.073 E0.01982
G1 F1800 X55.157 Y47.249 E0.01553
G1 X54.531 Y46.484 E0.01644
G1 X53.78 Y45.861 E0.01623
G1 X52.908 Y45.39 E0.01648
G1 X51.972 Y45.107 E0.01626
G1 X50.995 Y45.015 E0.01632
G1 X50.023 Y45.114 E0.01625
G1 X49.079 Y45.398 E0.01639
G1 X48.247 Y45.834 E0.01562
G1 X47.471 Y46.477 E0.01676
G1 X46.849 Y47.228 E0.01622
G1 X46.384 Y48.113 E0.01663
G1 X46.108 Y49.032 E0.01596
G1 X46.016 Y49.984 E0.01591
G1 X46.112 Y50.962 E0.01634
G1 X46.391 Y51.905 E0.01635
G1 X46.846 Y52.761 E0.01612
G1 X47.461 Y53.508 E0.01609
G1 X48.229 Y54.145 E0.01659
G1 X49.073 Y54.597 E0.01592
G1 X50.042 Y54.888 E0.01683
G1 X50.982 Y54.972 E0.01569
G1 X51.979 Y54.882 E0.01665
G1 X52.923 Y54.597 E0.0164
G1 X53.765 Y54.143 E0.01591
G1 X54.511 Y53.536 E0.01599
G1 X55.136 Y52.775 E0.01638
G1 X55.601 Y51.915 E0.01626
G1 F1541.8 X55.953 Y50.966 E0.01965
G1 X56.02 Y51.934 E0.01884
G1 F1800 X56.02 Y55.12 E0.05298
G1 X55.194 Y55.121 E0.01374
G0 F7200 X55.82 Y54.489
G1 F1800 X55.386 Y54.922 E0.0102
G0 F7200 X55.82 Y53.923
G1 F1800 X54.217 Y55.526 E0.0377
G1 X54.147 Y55.596
G0 F7200 X53.153 Y56.025
G1 F1800 X55.82 Y53.358 E0.06272
G0 F7200 X55.82 Y52.792
G1 F1800 X52.337 Y56.274 E0.0819
G0 F7200 X51.692 Y56.354
G1 F1800 X53.574 Y54.472 E0.04426
G1 X53.644 Y54.402
G0 F7200 X52.563 Y54.917
G1 F1800 X51.064 Y56.417 E0.03527
G0 F7200 X50.538 Y56.376
G1 F1800 X51.818 Y55.096 E0.0301
G0 F7200 X51.193 Y55.156
G1 F1800 X50.024 Y56.325 E0.02749
G0 F7200 X49.546 Y56.237
G1 F1800 X50.642 Y55.142 E0.02576
G0 F7200 X50.123 Y55.095
G1 F1800 X49.112 Y56.105 E0.02377
G0 F7200 X48.677 Y55.975
G1 F1800 X49.664 Y54.987 E0.02322
G0 F7200 X49.229 Y54.857
G1 F1800 X48.288 Y55.798 E0.02213
G0 F7200 X47.919 Y55.601
G1 F1800 X48.829 Y54.692 E0.02139
G0 F7200 X48.46 Y54.495
G1 F1800 X47.55 Y55.405 E0.0214
G0 F7200 X47.22 Y55.169
G1 F1800 X48.096 Y54.293 E0.0206
G0 F7200 X47.786 Y54.038
G1 F1800 X46.909 Y54.914 E0.02061
G0 F7200 X46.6 Y54.658
G1 F1800 X47.475 Y53.783 E0.02058
G0 F7200 X47.194 Y53.498
G1 F1800 X46.32 Y54.372 E0.02056
G0 F7200 X46.066 Y54.06
G1 F1800 X46.938 Y53.188 E0.02051
G0 F7200 X46.683 Y52.877
G1 F1800 X45.811 Y53.749 E0.02051
G0 F7200 X45.579 Y53.416
G1 F1800 X46.486 Y52.509 E0.02133
G0 F7200 X46.289 Y52.14
G1 F1800 X45.382 Y53.047 E0.02133
G0 F7200 X45.185 Y52.679
G1 F1800 X46.131 Y51.733 E0.02225
G0 F7200 X46.002 Y51.296
G1 F1800 X45.013 Y52.285 E0.02326
G0 F7200 X44.882 Y51.85
G1 F1800 X45.896 Y50.836 E0.02385
G0 F7200 X45.845 Y50.321
G1 F1800 X44.751 Y51.415 E0.02573
G0 F7200 X44.671 Y50.929
G1 F1800 X45.837 Y49.764 E0.02741
G0 F7200 X45.898 Y49.137
G1 F1800 X44.621 Y50.415 E0.03004
G0 F7200 X44.592 Y49.878
G1 F1800 X46.098 Y48.371 E0.03543
G1 X46.168 Y48.301
G0 F7200 X46.566 Y47.338
G1 F1800 X44.653 Y49.251 E0.04499
G0 F7200 X44.751 Y48.587
G1 F1800 X49.591 Y43.747 E0.11383
G0 F7200 X50.254 Y43.65
G1 F1800 X48.348 Y45.556 E0.04483
G1 X48.278 Y45.626
G0 F7200 X49.367 Y45.103
G1 F1800 X50.881 Y43.589 E0.03561
G0 F7200 X51.416 Y43.619
G1 F1800 X50.133 Y44.902 E0.03017
G0 F7200 X50.762 Y44.839
G1 F1800 X51.931 Y43.67 E0.02749
G0 F7200 X52.416 Y43.751
G1 F1800 X51.32 Y44.846 E0.02576
G0 F7200 X51.837 Y44.895
G1 F1800 X52.85 Y43.882 E0.02382
G0 F7200 X53.285 Y44.013
G1 F1800 X52.3 Y44.998 E0.02317
G0 F7200 X52.734 Y45.13
G1 F1800 X53.679 Y44.184 E0.02224
G0 F7200 X54.048 Y44.382
G1 F1800 X53.14 Y45.289 E0.02134
G0 F7200 X53.509 Y45.486
G1 F1800 X54.416 Y44.579 E0.02133
G0 F7200 X54.754 Y44.807
G1 F1800 X53.877 Y45.683 E0.02061
G0 F7200 X54.188 Y45.939
G1 F1800 X55.079 Y45.047 E0.02097
G0 F7200 X55.613 Y45.079
G1 F1800 X54.498 Y46.194 E0.02622
G0 F7200 X54.78 Y46.477
G1 F1800 X55.82 Y45.438 E0.02445
G0 F7200 X55.82 Y46.004
G1 F1800 X55.038 Y46.786 E0.01839
G0 F7200 X55.294 Y47.095
G1 F1800 X55.82 Y46.569 E0.01237
G0 F7200 X55.82 Y47.135
G1 F1800 X55.496 Y47.459 E0.00762
G0 F7200 X55.82 Y47.701
G1 F1800 X55.692 Y47.828 E0.003
G0 F7200 X55.823 Y49.588
G0 X55.82 Y52.226
G1 F1800 X55.476 Y52.57 E0.00809
G0 F7200 X55.76 Y50.945
G0 X55.854 Y50
G0 X55.76 Y49.055
G0 X55.484 Y48.143
G0 X55.035 Y47.303
G0 X54.431 Y46.569
G0 X53.697 Y45.965
G0 X48.781 Y43.991
G1 F1800 X44.994 Y47.778 E0.08906
G1 X44.924 Y47.848
G0 F7200 X45.526 Y46.68
G1 F1800 X47.682 Y44.525 E0.05069
G1 X47.752 Y44.455
;MESH:NONMESH
G0 F600 X47.752 Y44.455 Z9.5
G0 F7200 X43.91 Y43.76
G0 X43.76 Y43.76
;TIME_ELAPSED:872.416564
;LAYER:92
;TYPE:FILL
;MESH:head.stl
G1 F3600 X45.767 Y45.767 E0.0472
G1 X45.837 Y45.837
G0 F7200 X43.91 Y44.925
G0 X43.76 Y44.925
G1 F3600 X46.426 Y42.26 E0.06269
G1 X46.496 Y42.19
G0 F7200 X46.496 Y42.41
G0 X47.917 Y42.41
G0 X47.917 Y42.26
G1 F3600 X49.175 Y43.518 E0.02959
G1 X49.245 Y43.588
G0 F7200 X51.096 Y43.246
G1 F3600 X52.083 Y42.26 E0.0232
G1 X52.153 Y42.19
G0 F7200 X52.153 Y42.41
G0 X53.574 Y42.41
G0 X53.574 Y42.26
G1 F3600 X56.054 Y44.74 E0.05833
G0 F7200 X55.259 Y44.74
G1 F3600 X56.24 Y43.759 E0.02307
G1 X56.31 Y43.689
G0 F7200 X56.09 Y43.689
G0 X56.053 Y55.26
G1 F3600 X53.573 Y57.74 E0.05833
G1 X53.503 Y57.81
G0 F7200 X53.503 Y57.59
G0 X52.083 Y57.59
G0 X52.083 Y57.74
G1 F3600 X51.098 Y56.755 E0.02317
G1 X51.028 Y56.685
G0 F7200 X49.176 Y56.48
G1 F3600 X47.916 Y57.74 E0.02963
G1 X47.846 Y57.81
G0 F7200 X47.846 Y57.59
G0 X46.426 Y57.59
G0 X46.426 Y57.74
G1 F3600 X43.76 Y55.074 E0.0627
G1 X43.69 Y55.004
G0 F7200 X43.91 Y55.004
G0 X43.91 Y56.239
G0 X43.76 Y56.239
G1 F3600 X45.766 Y54.233 E0.04718
G1 X45.836 Y54.163
G0 F7200 X43.91 Y50.582
G0 X43.76 Y50.582
G1 F3600 X44.245 Y50.097 E0.01141
G1 X44.246 Y49.903
G1 X43.76 Y49.417 E0.01143
G0 F7200 X43.91 Y49.417
G0 X47.569 Y53.431
G0 X48.303 Y54.035
G0 X49.143 Y54.484
G0 X55.26 Y55.26
G1 F3600 X56.24 Y56.24 E0.02305
G1 X56.31 Y56.31
G0 F7200 X56.09 Y56.31
G0 X56.128 Y57.605
G0 X56.272 Y57.9
;TYPE:WALL-INNER
G1 F3600 X56.4 Y57.683 E0.00419
G1 X56.4 Y42.313 E0.2556
G1 X56.274 Y42.101 E0.0041
G1 X43.6 Y42.1 E0.21077
G1 X43.6 Y57.9 E0.26276
G1 X56.272 Y57.9 E0.21074
G0 F7200 X56.128 Y57.605
G0 X51.92 Y54.823
G0 X51.891 Y54.513
G1 F3600 X51 Y54.596 E0.01488
G1 X50.103 Y54.513 E0.01498
G1 X49.236 Y54.253 E0.01505
G1 X48.443 Y53.829 E0.01495
G1 X47.745 Y53.255 E0.01503
G1 X47.168 Y52.554 E0.0151
G1 X46.746 Y51.761 E0.01494
G1 X46.484 Y50.897 E0.01501
G1 X46.396 Y50.001 E0.01497
G1 X46.484 Y49.097 E0.0151
G1 X46.745 Y48.239 E0.01491
G1 X47.164 Y47.447 E0.0149
G1 X47.742 Y46.749 E0.01507
G1 X48.447 Y46.164 E0.01523
G1 X49.235 Y45.748 E0.01482
G1 X50.102 Y45.483 E0.01508
G1 X51.001 Y45.396 E0.01502
G1 X51.897 Y45.484 E0.01497
G1 X52.761 Y45.745 E0.01501
G1 X53.554 Y46.168 E0.01495
G1 X54.255 Y46.745 E0.0151
G1 X54.831 Y47.445 E0.01508
G1 X55.253 Y48.236 E0.01491
G1 X55.512 Y49.097 E0.01495
G1 X55.6 Y50.001 E0.0151
G1 X55.512 Y50.884 E0.01476
G1 X55.256 Y51.76 E0.01518
G1 X54.831 Y52.55 E0.01492
G1 X54.255 Y53.255 E0.01514
G1 X53.55 Y53.831 E0.01514
G1 X52.761 Y54.255 E0.0149
G1 X51.891 Y54.513 E0.01509
G0 F7200 X51.8 Y54.12
;TYPE:WALL-OUTER
G1 F1800 X50.98 Y54.196 E0.0137
G1 X50.196 Y54.12 E0.0131
G1 X49.373 Y53.873 E0.01429
G1 X48.652 Y53.483 E0.01363
G1 X48.017 Y52.956 E0.01372
G1 X47.513 Y52.344 E0.01318
G1 X47.112 Y51.59 E0.0142
G1 X46.876 Y50.8 E0.01371
G1 X46.8 Y50.02 E0.01303
G1 X46.876 Y49.196 E0.01376
G1 X47.112 Y48.409 E0.01366
G1 X47.491 Y47.686 E0.01358
G1 X48.017 Y47.044 E0.0138
G1 X48.686 Y46.491 E0.01443
G1 X49.409 Y46.112 E0.01358
G1 X50.196 Y45.876 E0.01366
G1 X51.02 Y45.8 E0.01376
G1 X51.8 Y45.876 E0.01303
G1 X52.627 Y46.127 E0.01437
G1 X53.344 Y46.513 E0.01354
G1 X53.983 Y47.044 E0.01382
G1 X54.505 Y47.685 E0.01375
G1 X54.873 Y48.373 E0.01298
G1 X55.12 Y49.196 E0.01429
G1 X55.196 Y50.02 E0.01376
G1 X55.118 Y50.815 E0.01328
G1 X54.873 Y51.627 E0.0141
G1 X54.505 Y52.311 E0.01292
G1 X53.955 Y52.983 E0.01444
G1 X53.311 Y53.505 E0.01379
G1 X52.627 Y53.873 E0.01292
G1 X51.8 Y54.12 E0.01435
G0 F7200 X51.601 Y54.138
G0 X51.67 Y54.848
G0 X56.128 Y57.605
G0 X56.354 Y58.3
G1 F1800 X56.635 Y58.12 E0.00555
G1 X56.8 Y57.734 E0.00698
G1 X56.8 Y42.262 E0.2573
G1 X56.635 Y41.879 E0.00694
G1 X56.356 Y41.701 E0.0055
G1 X43.2 Y41.7 E0.21879
G1 X43.2 Y58.3 E0.27606
G1 X56.354 Y58.3 E0.21875
G0 F7200 X56.522 Y58.193
G0 X56.128 Y57.605
G0 X55.953 Y49.03
;TYPE:SKIN
G1 F1478.4 X56 Y49.996 E0.01958
G1 X55.953 Y50.966 E0.01966
G0 F7200 X55.194 Y55.121
G1 F1800 X55.093 Y55.165 E0.00183
G1 X54.706 Y55.493 E0.00844
G1 X53.53 Y56.118 E0.02215
G1 X52.289 Y56.501 E0.0216
G1 X51.001 Y56.623 E0.02152
G1 X49.708 Y56.494 E0.02161
G1 X48.465 Y56.118 E0.0216
G1 X47.301 Y55.497 E0.02194
G1 X46.315 Y54.681 E0.02128
G1 X45.492 Y53.676 E0.0216
G1 X44.878 Y52.531 E0.02161
G1 X44.506 Y51.292 E0.02151
G1 X44.378 Y49.996 E0.02166
G1 X44.506 Y48.707 E0.02154
G1 X44.878 Y47.469 E0.0215
G1 X45.492 Y46.32 E0.02167
G1 X46.315 Y45.315 E0.0216
G1 X47.32 Y44.492 E0.0216
G1 X48.469 Y43.878 E0.02167
G1 X49.73 Y43.496 E0.02191
G1 X50.996 Y43.378 E0.02114
G1 X52.292 Y43.506 E0.02166
G1 X53.531 Y43.878 E0.02151
G1 X54.706 Y44.507 E0.02216
G1 X55.151 Y44.879 E0.00965
G1 X56.02 Y44.88 E0.01445
G1 X56.02 Y48.05 E0.05272
G1 F1541.8 X55.953 Y49.03 E0.01907
G1 X55.597 Y48.073 E0.01982
G1 F1800 X55.157 Y47.249 E0.01553
G1 X54.531 Y46.484 E0.01644
G1 X53.78 Y45.861 E0.01623
G1 X52.908 Y45.39 E0.01648
G1 X51.972 Y45.107 E0.01626
G1 X50.996 Y45.015 E0.0163
G1 X50.035 Y45.112 E0.01606
G1 X49.079 Y45.398 E0.01659
G1 X48.247 Y45.834 E0.01562
G1 X47.471 Y46.477 E0.01676
G1 X46.849 Y47.228 E0.01622
G1 X46.384 Y48.113 E0.01663
G1 X46.108 Y49.032 E0.01596
G1 X46.016 Y49.984 E0.01591
G1 X46.112 Y50.962 E0.01634
G1 X46.391 Y51.905 E0.01635
G1 X46.846 Y52.761 E0.01612
G1 X47.461 Y53.508 E0.01609
G1 X48.229 Y54.145 E0.01659
G1 X49.073 Y54.597 E0.01592
G1 X50.042 Y54.888 E0.01683
G1 X50.982 Y54.972 E0.01569
G1 X51.967 Y54.885 E0.01644
G1 X52.923 Y54.597 E0.0166
G1 X53.765 Y54.143 E0.01591
G1 X54.511 Y53.536 E0.01599
G1 X55.136 Y52.775 E0.01638
G1 X55.601 Y51.915 E0.01626
G1 F1541.8 X55.953 Y50.966 E0.01965
G1 X56.02 Y51.934 E0.01884
G1 F1800 X56.02 Y55.12 E0.05298
G1 X55.194 Y55.121 E0.01374
G0 F7200 X50.055 Y54.76
G0 X45.722 Y53.642
G1 F1800 X47.388 Y55.308 E0.03918
G1 X47.458 Y55.378
G0 F7200 X47.957 Y54.179
G1 F1800 X50.111 Y56.333 E0.05066
G0 F7200 X50.739 Y56.396
G1 F1800 X49.188 Y54.845 E0.03648
G1 X49.118 Y54.775
G0 F7200 X49.993 Y55.084
G1 F1800 X51.302 Y56.393 E0.03079
G0 F7200 X51.818 Y56.344
G1 F1800 X50.614 Y55.139 E0.02833
G0 F7200 X51.197 Y55.156
G1 F1800 X52.321 Y56.281 E0.02645
G0 F7200 X52.754 Y56.148
G1 F1800 X51.716 Y55.11 E0.02441
G0 F7200 X52.198 Y55.026
G1 F1800 X53.186 Y56.014 E0.02324
G0 F7200 X53.594 Y55.856
G1 F1800 X52.633 Y54.896 E0.02259
G0 F7200 X53.056 Y54.753
G1 F1800 X53.963 Y55.66 E0.02133
G0 F7200 X54.332 Y55.463
G1 F1800 X53.423 Y54.555 E0.02137
G0 F7200 X53.79 Y54.356
G1 F1800 X54.683 Y55.248 E0.02099
G0 F7200 X54.996 Y54.996
G1 F1800 X54.116 Y54.116 E0.0207
G0 F7200 X54.428 Y53.862
G1 F1800 X55.487 Y54.922 E0.02492
G0 F7200 X55.82 Y54.689
G1 F1800 X54.726 Y53.594 E0.02574
G0 F7200 X54.98 Y53.283
G1 F1800 X55.82 Y54.123 E0.01976
G0 F7200 X55.82 Y53.558
G1 F1800 X55.233 Y52.97 E0.01382
G0 F7200 X55.448 Y52.62
G1 F1800 X55.82 Y52.992 E0.00875
G0 F7200 X55.82 Y52.426
G1 F1800 X55.646 Y52.252 E0.00409
G0 F7200 X55.814 Y50.428
G0 X55.82 Y47.9
G1 F1800 X55.629 Y47.709 E0.00449
G0 F7200 X55.82 Y47.334
G1 F1800 X52.181 Y43.696 E0.08557
G0 F7200 X51.554 Y43.634
G1 F1800 X53.285 Y45.365 E0.04071
G1 X53.355 Y45.435
G0 F7200 X52.374 Y45.02
G1 F1800 X50.939 Y43.585 E0.03375
G0 F7200 X50.422 Y43.633
G1 F1800 X51.666 Y44.878 E0.02927
G0 F7200 X51.042 Y44.819
G1 F1800 X49.905 Y43.682 E0.02674
G0 F7200 X49.448 Y43.791
G1 F1800 X50.52 Y44.863 E0.02521
G0 F7200 X50.006 Y44.915
G1 F1800 X49.014 Y43.923 E0.02333
G0 F7200 X48.58 Y44.054
G1 F1800 X49.568 Y45.043 E0.02325
G0 F7200 X49.132 Y45.172
G1 F1800 X48.206 Y44.246 E0.02178
G0 F7200 X47.837 Y44.443
G1 F1800 X48.744 Y45.35 E0.02133
G0 F7200 X48.372 Y45.543
G1 F1800 X47.468 Y44.64 E0.02125
G0 F7200 X47.152 Y44.889
G1 F1800 X48.02 Y45.758 E0.02043
G0 F7200 X47.712 Y46.015
G1 F1800 X46.841 Y45.144 E0.02048
G0 F7200 X46.53 Y45.398
G1 F1800 X47.404 Y46.272 E0.02056
G0 F7200 X47.136 Y46.57
G1 F1800 X46.261 Y45.695 E0.02058
G0 F7200 X46.006 Y46.006
G1 F1800 X46.88 Y46.88 E0.02056
G0 F7200 X46.638 Y47.204
G1 F1800 X45.752 Y46.318 E0.02084
G0 F7200 X45.533 Y46.665
G1 F1800 X46.442 Y47.573 E0.02137
G0 F7200 X46.246 Y47.943
G1 F1800 X45.337 Y47.034 E0.02138
G0 F7200 X45.14 Y47.402
G1 F1800 X46.101 Y48.364 E0.02261
G0 F7200 X45.97 Y48.798
G1 F1800 X44.983 Y47.812 E0.0232
G0 F7200 X44.852 Y48.247
G1 F1800 X45.885 Y49.279 E0.02428
G0 F7200 X45.835 Y49.794
G1 F1800 X44.722 Y48.681 E0.02618
G0 F7200 X44.659 Y49.184
G1 F1800 X45.851 Y50.376 E0.02803
G0 F7200 X45.917 Y51.008
G1 F1800 X44.609 Y49.7 E0.03076
G0 F7200 X44.605 Y50.262
G1 F1800 X46.155 Y51.812 E0.03645
G1 X46.225 Y51.882
G0 F7200 X45.048 Y52.402
G1 F1800 X48.594 Y55.948 E0.0834
G1 X48.664 Y56.018
G0 F7200 X49.406 Y56.194
G1 F1800 X44.804 Y51.593 E0.10822
G0 F7200 X44.667 Y50.889
G1 F1800 X46.818 Y53.04 E0.05059
G1 X46.888 Y53.11
G0 F7200 X48.303 Y54.035
G0 X49.143 Y54.484
G0 X50.055 Y54.76
G0 X51 Y54.854
G0 X51.945 Y54.76
G0 X52.857 Y54.484
G0 X53.697 Y54.035
G0 X54.431 Y53.431
G0 X55.035 Y52.697
G0 X55.484 Y51.857
G0 X55.76 Y50.945
G0 X55.82 Y46.769
G1 F1800 X52.969 Y43.918 E0.06705
G1 X52.899 Y43.848
G0 F7200 X53.942 Y44.325
G1 F1800 X55.82 Y46.203 E0.04417
G0 F7200 X55.82 Y45.637
G1 F1800 X55.26 Y45.078 E0.01316
;MESH:NONMESH
G0 F600 X55.26 Y45.078 Z9.6
G0 F7200 X43.91 Y43.76
G0 X43.76 Y43.76
;TIME_ELAPSED:885.661463
;LAYER:93
;TYPE:FILL
;MESH:head.stl
G1 F3600 X45.767 Y45.767 E0.0472
G1 X45.837 Y45.837
G0 F7200 X43.91 Y44.925
G0 X43.76 Y44.925
G1 F3600 X46.426 Y42.26 E0.06269
G1 X46.496 Y42.19
G0 F7200 X46.496 Y42.41
G0 X47.917 Y42.41
G0 X47.917 Y42.26
G1 F3600 X49.175 Y43.518 E0.02959
G1 X49.245 Y43.588
G0 F7200 X51.096 Y43.246
G1 F3600 X52.083 Y42.26 E0.0232
G1 X52.153 Y42.19
G0 F7200 X52.153 Y42.41
G0 X53.574 Y42.41
G0 X53.574 Y42.26
G1 F3600 X56.054 Y44.74 E0.05833
G0 F7200 X55.259 Y44.74
G1 F3600 X56.24 Y43.759 E0.02307
G1 X56.31 Y43.689
G0 F7200 X56.09 Y43.689
G0 X56.053 Y55.26
G1 F3600 X53.573 Y57.74 E0.05833
G1 X53.503 Y57.81
G0 F7200 X53.503 Y57.59
G0 X52.083 Y57.59
G0 X52.083 Y57.74
G1 F3600 X51.098 Y56.755 E0.02317
G1 X51.028 Y56.685
G0 F7200 X49.176 Y56.48
G1 F3600 X47.916 Y57.74 E0.02963
G1 X47.846 Y57.81
G0 F7200 X47.846 Y57.59
G0 X46.426 Y57.59
G0 X46.426 Y57.74
G1 F3600 X43.76 Y55.074 E0.0627
G1 X43.69 Y55.004
G0 F7200 X43.91 Y55.004
G0 X43.91 Y56.239
G0 X43.76 Y56.239
G1 F3600 X45.766 Y54.233 E0.04718
G1 X45.836 Y54.163
G0 F7200 X43.91 Y50.582
G0 X43.76 Y50.582
G1 F3600 X44.245 Y50.097 E0.01141
G1 X44.246 Y49.903
G1 X43.76 Y49.417 E0.01143
G0 F7200 X43.91 Y49.417
G0 X47.569 Y53.431
G0 X48.303 Y54.035
G0 X49.143 Y54.484
G0 X55.26 Y55.26
G1 F3600 X56.24 Y56.24 E0.02305
G1 X56.31 Y56.31
G0 F7200 X56.09 Y56.31
G0 X56.128 Y57.605
G0 X56.272 Y57.9
;TYPE:WALL-INNER
G1 F3600 X56.4 Y57.683 E0.00419
G1 X56.4 Y42.313 E0.2556
G1 X56.274 Y42.101 E0.0041
G1 X43.6 Y42.1 E0.21077
G1 X43.6 Y57.9 E0.26276
G1 X56.272 Y57.9 E0.21074
G0 F7200 X56.128 Y57.605
G0 X51.92 Y54.823
G0 X51.891 Y54.513
G1 F3600 X51 Y54.596 E0.01488
G1 X50.103 Y54.513 E0.01498
G1 X49.236 Y54.253 E0.01505
G1 X48.443 Y53.829 E0.01495
G1 X47.745 Y53.255 E0.01503
G1 X47.168 Y52.554 E0.0151
G1 X46.746 Y51.761 E0.01494
G1 X46.484 Y50.897 E0.01501
G1 X46.396 Y50.001 E0.01497
G1 X46.484 Y49.097 E0.0151
G1 X46.745 Y48.239 E0.01491
G1 X47.164 Y47.447 E0.0149
G1 X47.742 Y46.749 E0.01507
G1 X48.447 Y46.164 E0.01523
G1 X49.235 Y45.748 E0.01482
G1 X50.102 Y45.483 E0.01508
G1 X51.001 Y45.396 E0.01502
G1 X51.897 Y45.484 E0.01497
G1 X52.761 Y45.745 E0.01501
G1 X53.554 Y46.168 E0.01495
G1 X54.255 Y46.745 E0.0151
G1 X54.831 Y47.445 E0.01508
G1 X55.253 Y48.236 E0.01491
G1 X55.512 Y49.097 E0.01495
G1 X55.6 Y50.001 E0.0151
G1 X55.512 Y50.884 E0.01476
G1 X55.256 Y51.76 E0.01518
G1 X54.831 Y52.55 E0.01492
G1 X54.255 Y53.255 E0.01514
G1 X53.55 Y53.831 E0.01514
G1 X52.761 Y54.255 E0.0149
G1 X51.891 Y54.513 E0.01509
G0 F7200 X51.8 Y54.12
;TYPE:WALL-OUTER
G1 F1800 X50.98 Y54.196 E0.0137
G1 X50.196 Y54.12 E0.0131
G1 X49.373 Y53.873 E0.01429
G1 X48.652 Y53.483 E0.01363
G1 X48.017 Y52.956 E0.01372
G1 X47.513 Y52.344 E0.01318
G1 X47.112 Y51.59 E0.0142
G1 X46.876 Y50.8 E0.01371
G1 X46.8 Y50.02 E0.01303
G1 X46.876 Y49.196 E0.01376
G1 X47.112 Y48.409 E0.01366
G1 X47.491 Y47.686 E0.01358
G1 X48.017 Y47.044 E0.0138
G1 X48.686 Y46.491 E0.01443
G1 X49.409 Y46.112 E0.01358
G1 X50.196 Y45.876 E0.01366
G1 X51.02 Y45.8 E0.01376
G1 X51.8 Y45.876 E0.01303
G1 X52.627 Y46.127 E0.01437
G1 X53.344 Y46.513 E0.01354
G1 X53.983 Y47.044 E0.01382
G1 X54.505 Y47.685 E0.01375
G1 X54.873 Y48.373 E0.01298
G1 X55.12 Y49.196 E0.01429
G1 X55.196 Y50.02 E0.01376
G1 X55.118 Y50.815 E0.01328
G1 X54.873 Y51.627 E0.0141
G1 X54.505 Y52.311 E0.01292
G1 X53.955 Y52.983 E0.01444
G1 X53.311 Y53.505 E0.01379
G1 X52.627 Y53.873 E0.01292
G1 X51.8 Y54.12 E0.01435
G0 F7200 X51.601 Y54.138
G0 X51.67 Y54.848
G0 X56.128 Y57.605
G0 X56.354 Y58.3
G1 F1800 X56.635 Y58.12 E0.00555
G1 X56.8 Y57.734 E0.00698
G1 X56.8 Y42.262 E0.2573
G1 X56.635 Y41.879 E0.00694
G1 X56.356 Y41.701 E0.0055
G1 X43.2 Y41.7 E0.21879
G1 X43.2 Y58.3 E0.27606
G1 X56.354 Y58.3 E0.21875
G0 F7200 X56.522 Y58.193
G0 X56.128 Y57.605
G0 X55.953 Y49.03
;TYPE:SKIN
G1 F1478.4 X56 Y49.996 E0.01958
G1 X55.953 Y50.966 E0.01966
G0 F7200 X55.194 Y55.121
G1 F1800 X55.093 Y55.165 E0.00183
G1 X54.706 Y55.493 E0.00844
G1 X53.53 Y56.118 E0.02215
G1 X52.289 Y56.501 E0.0216
G1 X51.001 Y56.623 E0.02152
G1 X49.708 Y56.494 E0.02161
G1 X48.465 Y56.118 E0.0216
G1 X47.301 Y55.497 E0.02194
G1 X46.315 Y54.681 E0.02128
G1 X45.492 Y53.676 E0.0216
G1 X44.878 Y52.531 E0.02161
G1 X44.506 Y51.292 E0.02151
G1 X44.378 Y49.996 E0.02166
G1 X44.506 Y48.707 E0.02154
G1 X44.878 Y47.469 E0.0215
G1 X45.492 Y46.32 E0.02167
G1 X46.315 Y45.315 E0.0216
G1 X47.32 Y44.492 E0.0216
G1 X48.469 Y43.878 E0.02167
G1 X49.73 Y43.496 E0.02191
G1 X50.996 Y43.378 E0.02114
G1 X52.292 Y43.506 E0.02166
G1 X53.531 Y43.878 E0.02151
G1 X54.706 Y44.507 E0.02216
G1 X55.151 Y44.879 E0.00965
G1 X56.02 Y44.88 E0.01445
G1 X56.02 Y48.05 E0.05272
G1 F1541.8 X55.953 Y49.03 E0.01907
G1 X55.597 Y48.073 E0.01982
G1 F1800 X55.157 Y47.249 E0.01553
G1 X54.531 Y46.484 E0.01644
G1 X53.78 Y45.861 E0.01623
G1 X52.908 Y45.39 E0.01648
G1 X51.972 Y45.107 E0.01626
G1 X50.996 Y45.015 E0.0163
G1 X50.035 Y45.112 E0.01606
G1 X49.079 Y45.398 E0.01659
G1 X48.247 Y45.834 E0.01562
G1 X47.471 Y46.477 E0.01676
G1 X46.849 Y47.228 E0.01622
G1 X46.384 Y48.113 E0.01663
G1 X46.108 Y49.032 E0.01596
G1 X46.016 Y49.984 E0.01591
G1 X46.112 Y50.962 E0.01634
G1 X46.391 Y51.905 E0.01635
G1 X46.846 Y52.761 E0.01612
G1 X47.461 Y53.508 E0.01609
G1 X48.229 Y54.145 E0.01659
G1 X49.073 Y54.597 E0.01592
G1 X50.042 Y54.888 E0.01683
G1 X50.982 Y54.972 E0.01569
G1 X51.967 Y54.885 E0.01644
G1 X52.923 Y54.597 E0.0166
G1 X53.765 Y54.143 E0.01591
G1 X54.511 Y53.536 E0.01599
G1 X55.136 Y52.775 E0.01638
G1 X55.601 Y51.915 E0.01626
G1 F1541.8 X55.953 Y50.966 E0.01965
G1 X56.02 Y51.934 E0.01884
G1 F1800 X56.02 Y55.12 E0.05298
G1 X55.194 Y55.121 E0.01374
G0 F7200 X55.82 Y54.489
G1 F1800 X55.386 Y54.922 E0.0102
G0 F7200 X55.82 Y53.923
G1 F1800 X54.217 Y55.526 E0.0377
G1 X54.147 Y55.596
G0 F7200 X53.152 Y56.025
G1 F1800 X55.82 Y53.358 E0.06274
G0 F7200 X55.82 Y52.792
G1 F1800 X52.334 Y56.278 E0.08199
G0 F7200 X51.69 Y56.356
G1 F1800 X53.574 Y54.472 E0.04431
G1 X53.644 Y54.402
G0 F7200 X52.563 Y54.917
G1 F1800 X51.064 Y56.417 E0.03527
G0 F7200 X50.538 Y56.376
G1 F1800 X51.815 Y55.1 E0.03002
G0 F7200 X51.192 Y55.156
G1 F1800 X50.024 Y56.325 E0.02748
G0 F7200 X49.546 Y56.237
G1 F1800 X50.642 Y55.142 E0.02576
G0 F7200 X50.123 Y55.095
G1 F1800 X49.112 Y56.105 E0.02377
G0 F7200 X48.677 Y55.975
G1 F1800 X49.664 Y54.987 E0.02322
G0 F7200 X49.229 Y54.857
G1 F1800 X48.288 Y55.798 E0.02213
G0 F7200 X47.919 Y55.601
G1 F1800 X48.829 Y54.692 E0.02139
G0 F7200 X48.46 Y54.495
G1 F1800 X47.55 Y55.405 E0.0214
G0 F7200 X47.22 Y55.169
G1 F1800 X48.096 Y54.293 E0.0206
G0 F7200 X47.786 Y54.038
G1 F1800 X46.909 Y54.914 E0.02061
G0 F7200 X46.6 Y54.658
G1 F1800 X47.475 Y53.783 E0.02058
G0 F7200 X47.194 Y53.498
G1 F1800 X46.32 Y54.372 E0.02056
G0 F7200 X46.066 Y54.06
G1 F1800 X46.938 Y53.188 E0.02051
G0 F7200 X46.683 Y52.877
G1 F1800 X45.811 Y53.749 E0.02051
G0 F7200 X45.579 Y53.416
G1 F1800 X46.486 Y52.509 E0.02133
G0 F7200 X46.289 Y52.14
G1 F1800 X45.382 Y53.047 E0.02133
G0 F7200 X45.185 Y52.679
G1 F1800 X46.131 Y51.733 E0.02225
G0 F7200 X46.002 Y51.296
G1 F1800 X45.013 Y52.285 E0.02326
G0 F7200 X44.882 Y51.85
G1 F1800 X45.896 Y50.836 E0.02385
G0 F7200 X45.845 Y50.321
G1 F1800 X44.751 Y51.415 E0.02573
G0 F7200 X44.671 Y50.929
G1 F1800 X45.837 Y49.764 E0.02741
G0 F7200 X45.898 Y49.137
G1 F1800 X44.621 Y50.415 E0.03004
G0 F7200 X44.592 Y49.878
G1 F1800 X46.098 Y48.371 E0.03543
G1 X46.168 Y48.301
G0 F7200 X46.566 Y47.338
G1 F1800 X44.653 Y49.251 E0.04499
G0 F7200 X44.751 Y48.587
G1 F1800 X49.592 Y43.747 E0.11384
G0 F7200 X50.255 Y43.648
G1 F1800 X48.346 Y45.558 E0.04491
G1 X48.276 Y45.628
G0 F7200 X49.366 Y45.104
G1 F1800 X50.88 Y43.59 E0.03561
G0 F7200 X51.415 Y43.62
G1 F1800 X50.132 Y44.903 E0.03017
G0 F7200 X50.762 Y44.839
G1 F1800 X51.931 Y43.67 E0.02749
G0 F7200 X52.416 Y43.751
G1 F1800 X51.32 Y44.846 E0.02576
G0 F7200 X51.837 Y44.895
G1 F1800 X52.85 Y43.882 E0.02382
G0 F7200 X53.285 Y44.013
G1 F1800 X52.3 Y44.998 E0.02317
G0 F7200 X52.734 Y45.13
G1 F1800 X53.679 Y44.184 E0.02224
G0 F7200 X54.048 Y44.382
G1 F1800 X53.14 Y45.289 E0.02134
G0 F7200 X53.509 Y45.486
G1 F1800 X54.416 Y44.579 E0.02133
G0 F7200 X54.754 Y44.807
G1 F1800 X53.877 Y45.683 E0.02061
G0 F7200 X54.188 Y45.939
G1 F1800 X55.079 Y45.047 E0.02097
G0 F7200 X55.613 Y45.079
G1 F1800 X54.498 Y46.194 E0.02622
G0 F7200 X54.78 Y46.477
G1 F1800 X55.82 Y45.438 E0.02445
G0 F7200 X55.82 Y46.004
G1 F1800 X55.038 Y46.786 E0.01839
G0 F7200 X55.294 Y47.095
G1 F1800 X55.82 Y46.569 E0.01237
G0 F7200 X55.82 Y47.135
G1 F1800 X55.496 Y47.459 E0.00762
G0 F7200 X55.82 Y47.701
G1 F1800 X55.692 Y47.828 E0.003
G0 F7200 X55.823 Y49.588
G0 X55.82 Y52.226
G1 F1800 X55.476 Y52.57 E0.00809
G0 F7200 X55.76 Y50.945
G0 X55.854 Y50
G0 X55.76 Y49.055
G0 X55.484 Y48.143
G0 X55.035 Y47.303
G0 X54.431 Y46.569
G0 X53.697 Y45.965
G0 X48.78 Y43.993
G1 F1800 X44.994 Y47.778 E0.08903
G1 X44.924 Y47.848
G0 F7200 X45.526 Y46.68
G1 F1800 X47.681 Y44.526 E0.05067
G1 X47.751 Y44.456
;MESH:NONMESH
G0 F600 X47.751 Y44.456 Z9.7
G0 F7200 X43.91 Y43.76
G0 X43.76 Y43.76
;TIME_ELAPSED:898.739584
;LAYER:94
;TYPE:FILL
;MESH:head.stl
G1 F3600 X45.767 Y45.767 E0.0472
G1 X45.837 Y45.837
G0 F7200 X43.91 Y44.925
G0 X43.76 Y44.925
G1 F3600 X46.426 Y42.26 E0.06269
G1 X46.496 Y42.19
G0 F7200 X46.496 Y42.41
G0 X47.917 Y42.41
G0 X47.917 Y42.26
G1 F3600 X49.175 Y43.518 E0.02959
G1 X49.245 Y43.588
G0 F7200 X51.096 Y43.246
G1 F3600 X52.083 Y42.26 E0.0232
G1 X52.153 Y42.19
G0 F7200 X52.153 Y42.41
G0 X53.574 Y42.41
G0 X53.574 Y42.26
G1 F3600 X56.054 Y44.74 E0.05833
G0 F7200 X55.259 Y44.74
G1 F3600 X56.24 Y43.759 E0.02307
G1 X56.31 Y43.689
G0 F7200 X56.09 Y43.689
G0 X56.053 Y55.26
G1 F3600 X53.573 Y57.74 E0.05833
G1 X53.503 Y57.81
G0 F7200 X53.503 Y57.59
G0 X52.083 Y57.59
G0 X52.083 Y57.74
G1 F3600 X51.098 Y56.755 E0.02317
G1 X51.028 Y56.685
G0 F7200 X49.176 Y56.48
G1 F3600 X47.916 Y57.74 E0.02963
G1 X47.846 Y57.81
G0 F7200 X47.846 Y57.59
G0 X46.426 Y57.59
G0 X46.426 Y57.74
G1 F3600 X43.76 Y55.074 E0.0627
G1 X43.69 Y55.004
G0 F7200 X43.91 Y55.004
G0 X43.91 Y56.239
G0 X43.76 Y56.239
G1 F3600 X45.766 Y54.233 E0.04718
G1 X45.836 Y54.163
G0 F7200 X43.91 Y50.582
G0 X43.76 Y50.582
G1 F3600 X44.245 Y50.097 E0.01141
G1 X44.246 Y49.903
G1 X43.76 Y49.417 E0.01143
G0 F7200 X43.91 Y49.417
G0 X47.569 Y53.431
G0 X48.303 Y54.035
G0 X49.143 Y54.484
G0 X55.26 Y55.26
G1 F3600 X56.24 Y56.24 E0.02305
G1 X56.31 Y56.31
G0 F7200 X56.09 Y56.31
G0 X56.128 Y57.605
G0 X56.272 Y57.9
;TYPE:WALL-INNER
G1 F3600 X56.4 Y57.683 E0.00419
G1 X56.4 Y42.313 E0.2556
G1 X56.274 Y42.101 E0.0041
G1 X43.6 Y42.1 E0.21077
G1 X43.6 Y57.9 E0.26276
G1 X56.272 Y57.9 E0.21074
G0 F7200 X56.128 Y57.605
G0 X51.92 Y54.823
G0 X51.891 Y54.513
G1 F3600 X51 Y54.596 E0.01488
G1 X50.103 Y54.513 E0.01498
G1 X49.236 Y54.253 E0.01505
G1 X48.443 Y53.829 E0.01495
G1 X47.745 Y53.255 E0.01503
G1 X47.168 Y52.554 E0.0151
G1 X46.746 Y51.761 E0.01494
G1 X46.484 Y50.897 E0.01501
G1 X46.396 Y50.001 E0.01497
G1 X46.484 Y49.097 E0.0151
G1 X46.745 Y48.239 E0.01491
G1 X47.164 Y47.447 E0.0149
G1 X47.742 Y46.749 E0.01507
G1 X48.447 Y46.164 E0.01523
G1 X49.235 Y45.748 E0.01482
G1 X50.102 Y45.483 E0.01508
G1 X51.001 Y45.396 E0.01502
G1 X51.897 Y45.484 E0.01497
G1 X52.761 Y45.745 E0.01501
G1 X53.554 Y46.168 E0.01495
G1 X54.255 Y46.745 E0.0151
G1 X54.831 Y47.445 E0.01508
G1 X55.253 Y48.236 E0.01491
G1 X55.512 Y49.097 E0.01495
G1 X55.6 Y50.001 E0.0151
G1 X55.512 Y50.884 E0.01476
G1 X55.256 Y51.76 E0.01518
G1 X54.831 Y52.55 E0.01492
G1 X54.255 Y53.255 E0.01514
G1 X53.55 Y53.831 E0.01514
G1 X52.761 Y54.255 E0.0149
G1 X51.891 Y54.513 E0.01509
G0 F7200 X51.8 Y54.12
;TYPE:WALL-OUTER
G1 F1800 X50.98 Y54.196 E0.0137
G1 X50.196 Y54.12 E0.0131
G1 X49.373 Y53.873 E0.01429
G1 X48.652 Y53.483 E0.01363
G1 X48.017 Y52.956 E0.01372
G1 X47.513 Y52.344 E0.01318
G1 X47.112 Y51.59 E0.0142
G1 X46.876 Y50.8 E0.01371
G1 X46.8 Y50.02 E0.01303
G1 X46.876 Y49.196 E0.01376
G1 X47.112 Y48.409 E0.01366
G1 X47.491 Y47.686 E0.01358
G1 X48.017 Y47.044 E0.0138
G1 X48.686 Y46.491 E0.01443
G1 X49.409 Y46.112 E0.01358
G1 X50.196 Y45.876 E0.01366
G1 X51.02 Y45.8 E0.01376
G1 X51.8 Y45.876 E0.01303
G1 X52.627 Y46.127 E0.01437
G1 X53.344 Y46.513 E0.01354
G1 X53.983 Y47.044 E0.01382
G1 X54.505 Y47.685 E0.01375
G1 X54.873 Y48.373 E0.01298
G1 X55.12 Y49.196 E0.01429
G1 X55.196 Y50.02 E0.01376
G1 X55.118 Y50.815 E0.01328
G1 X54.873 Y51.627 E0.0141
G1 X54.505 Y52.311 E0.01292
G1 X53.955 Y52.983 E0.01444
G1 X53.311 Y53.505 E0.01379
G1 X52.627 Y53.873 E0.01292
G1 X51.8 Y54.12 E0.01435
G0 F7200 X51.601 Y54.138
G0 X51.67 Y54.848
G0 X56.128 Y57.605
G0 X56.354 Y58.3
G1 F1800 X56.635 Y58.12 E0.00555
G1 X56.8 Y57.734 E0.00698
G1 X56.8 Y42.262 E0.2573
G1 X56.635 Y41.879 E0.00694
G1 X56.356 Y41.701 E0.0055
G1 X43.2 Y41.7 E0.21879
G1 X43.2 Y58.3 E0.27606
G1 X56.354 Y58.3 E0.21875
G0 F7200 X56.522 Y58.193
G0 X56.128 Y57.605
G0 X55.953 Y49.03
;TYPE:SKIN
G1 F1478.4 X56 Y49.996 E0.01958
G1 X55.953 Y50.966 E0.01966
G0 F7200 X55.194 Y55.121
G1 F1800 X55.093 Y55.165 E0.00183
G1 X54.706 Y55.493 E0.00844
G1 X53.53 Y56.118 E0.02215
G1 X52.289 Y56.501 E0.0216
G1 X51.001 Y56.623 E0.02152
G1 X49.708 Y56.494 E0.02161
G1 X48.465 Y56.118 E0.0216
G1 X47.301 Y55.497 E0.02194
G1 X46.315 Y54.681 E0.02128
G1 X45.492 Y53.676 E0.0216
G1 X44.878 Y52.531 E0.02161
G1 X44.506 Y51.292 E0.02151
G1 X44.378 Y49.996 E0.02166
G1 X44.506 Y48.707 E0.02154
G1 X44.878 Y47.469 E0.0215
G1 X45.492 Y46.32 E0.02167
G1 X46.315 Y45.315 E0.0216
G1 X47.32 Y44.492 E0.0216
G1 X48.469 Y43.878 E0.02167
G1 X49.73 Y43.496 E0.02191
G1 X50.996 Y43.378 E0.02114
G1 X52.292 Y43.506 E0.02166
G1 X53.531 Y43.878 E0.02151
G1 X54.706 Y44.507 E0.02216
G1 X55.151 Y44.879 E0.00965
G1 X56.02 Y44.88 E0.01445
G1 X56.02 Y48.05 E0.05272
G1 F1541.8 X55.953 Y49.03 E0.01907
G1 X55.597 Y48.073 E0.01982
G1 F1800 X55.157 Y47.249 E0.01553
G1 X54.531 Y46.484 E0.01644
G1 X53.78 Y45.861 E0.01623
G1 X52.908 Y45.39 E0.01648
G1 X51.972 Y45.107 E0.01626
G1 X50.996 Y45.015 E0.0163
G1 X50.035 Y45.112 E0.01606
G1 X49.079 Y45.398 E0.01659
G1 X48.247 Y45.834 E0.01562
G1 X47.471 Y46.477 E0.01676
G1 X46.849 Y47.228 E0.01622
G1 X46.384 Y48.113 E0.01663
G1 X46.108 Y49.032 E0.01596
G1 X46.016 Y49.984 E0.01591
G1 X46.112 Y50.962 E0.01634
G1 X46.391 Y51.905 E0.01635
G1 X46.846 Y52.761 E0.01612
G1 X47.461 Y53.508 E0.01609
G1 X48.229 Y54.145 E0.01659
G1 X49.073 Y54.597 E0.01592
G1 X50.042 Y54.888 E0.01683
G1 X50.982 Y54.972 E0.01569
G1 X51.967 Y54.885 E0.01644
G1 X52.923 Y54.597 E0.0166
G1 X53.765 Y54.143 E0.01591
G1 X54.511 Y53.536 E0.01599
G1 X55.136 Y52.775 E0.01638
G1 X55.601 Y51.915 E0.01626
G1 F1541.8 X55.953 Y50.966 E0.01965
G1 X56.02 Y51.934 E0.01884
G1 F1800 X56.02 Y55.12 E0.05298
G1 X55.194 Y55.121 E0.01374
G0 F7200 X50.055 Y54.76
G0 X45.722 Y53.642
G1 F1800 X47.388 Y55.308 E0.03918
G1 X47.458 Y55.378
G0 F7200 X47.957 Y54.179
G1 F1800 X50.111 Y56.333 E0.05066
G0 F7200 X50.739 Y56.396
G1 F1800 X49.188 Y54.845 E0.03648
G1 X49.118 Y54.775
G0 F7200 X49.993 Y55.084
G1 F1800 X51.302 Y56.393 E0.03079
G0 F7200 X51.818 Y56.344
G1 F1800 X50.614 Y55.139 E0.02833
G0 F7200 X51.197 Y55.156
G1 F1800 X52.321 Y56.281 E0.02645
G0 F7200 X52.754 Y56.148
G1 F1800 X51.716 Y55.11 E0.02441
G0 F7200 X52.198 Y55.026
G1 F1800 X53.186 Y56.014 E0.02324
G0 F7200 X53.594 Y55.856
G1 F1800 X52.633 Y54.896 E0.02259
G0 F7200 X53.056 Y54.753
G1 F1800 X53.963 Y55.66 E0.02133
G0 F7200 X54.332 Y55.463
G1 F1800 X53.423 Y54.555 E0.02137
G0 F7200 X53.79 Y54.356
G1 F1800 X54.683 Y55.248 E0.02099
G0 F7200 X54.996 Y54.996
G1 F1800 X54.116 Y54.116 E0.0207
G0 F7200 X54.428 Y53.862
G1 F1800 X55.487 Y54.922 E0.02492
G0 F7200 X55.82 Y54.689
G1 F1800 X54.726 Y53.594 E0.02574
G0 F7200 X54.98 Y53.283
G1 F1800 X55.82 Y54.123 E0.01976
G0 F7200 X55.82 Y53.558
G1 F1800 X55.233 Y52.97 E0.01382
G0 F7200 X55.448 Y52.62
G1 F1800 X55.82 Y52.992 E0.00875
G0 F7200 X55.82 Y52.426
G1 F1800 X55.646 Y52.252 E0.00409
G0 F7200 X55.814 Y50.428
G0 X55.82 Y47.9
G1 F1800 X55.629 Y47.709 E0.00449
G0 F7200 X55.82 Y47.334
G1 F1800 X52.181 Y43.696 E0.08557
G0 F7200 X51.554 Y43.634
G1 F1800 X53.285 Y45.365 E0.04071
G1 X53.355 Y45.435
G0 F7200 X52.374 Y45.02
G1 F1800 X50.939 Y43.585 E0.03375
G0 F7200 X50.422 Y43.633
G1 F1800 X51.666 Y44.878 E0.02927
G0 F7200 X51.042 Y44.819
G1 F1800 X49.905 Y43.682 E0.02674
G0 F7200 X49.448 Y43.791
G1 F1800 X50.52 Y44.863 E0.02521
G0 F7200 X50.006 Y44.915
G1 F1800 X49.014 Y43.923 E0.02333
G0 F7200 X48.58 Y44.054
G1 F1800 X49.568 Y45.043 E0.02325
G0 F7200 X49.132 Y45.172
G1 F1800 X48.206 Y44.246 E0.02178
G0 F7200 X47.837 Y44.443
G1 F1800 X48.744 Y45.35 E0.02133
G0 F7200 X48.372 Y45.543
G1 F1800 X47.468 Y44.64 E0.02125
G0 F7200 X47.152 Y44.889
G1 F1800 X48.02 Y45.758 E0.02043
G0 F7200 X47.712 Y46.015
G1 F1800 X46.841 Y45.144 E0.02048
G0 F7200 X46.53 Y45.398
G1 F1800 X47.404 Y46.272 E0.02056
G0 F7200 X47.136 Y46.57
G1 F1800 X46.261 Y45.695 E0.02058
G0 F7200 X46.006 Y46.006
G1 F1800 X46.88 Y46.88 E0.02056
G0 F7200 X46.638 Y47.204
G1 F1800 X45.752 Y46.318 E0.02084
G0 F7200 X45.533 Y46.665
G1 F1800 X46.442 Y47.573 E0.02137
G0 F7200 X46.246 Y47.943
G1 F1800 X45.337 Y47.034 E0.02138
G0 F7200 X45.14 Y47.402
G1 F1800 X46.101 Y48.364 E0.02261
G0 F7200 X45.97 Y48.798
G1 F1800 X44.983 Y47.812 E0.0232
G0 F7200 X44.852 Y48.247
G1 F1800 X45.885 Y49.279 E0.02428
G0 F7200 X45.835 Y49.794
G1 F1800 X44.722 Y48.681 E0.02618
G0 F7200 X44.659 Y49.184
G1 F1800 X45.851 Y50.376 E0.02803
G0 F7200 X45.917 Y51.008
G1 F1800 X44.609 Y49.7 E0.03076
G0 F7200 X44.605 Y50.262
G1 F1800 X46.155 Y51.812 E0.03645
G1 X46.225 Y51.882
G0 F7200 X45.048 Y52.402
G1 F1800 X48.594 Y55.948 E0.0834
G1 X48.664 Y56.018
G0 F7200 X49.406 Y56.194
G1 F1800 X44.804 Y51.593 E0.10822
G0 F7200 X44.667 Y50.889
G1 F1800 X46.818 Y53.04 E0.05059
G1 X46.888 Y53.11
G0 F7200 X48.303 Y54.035
G0 X49.143 Y54.484
G0 X50.055 Y54.76
G0 X51 Y54.854
G0 X51.945 Y54.76
G0 X52.857 Y54.484
G0 X53.697 Y54.035
G0 X54.431 Y53.431
G0 X55.035 Y52.697
G0 X55.484 Y51.857
G0 X55.76 Y50.945
G0 X55.82 Y46.769
G1 F1800 X52.969 Y43.918 E0.06705
G1 X52.899 Y43.848
G0 F7200 X53.942 Y44.325
G1 F1800 X55.82 Y46.203 E0.04417
G0 F7200 X55.82 Y45.637
G1 F1800 X55.26 Y45.078 E0.01316
;MESH:NONMESH
G0 F600 X55.26 Y45.078 Z9.8
G0 F7200 X43.91 Y43.76
G0 X43.76 Y43.76
;TIME_ELAPSED:911.984484
;LAYER:95
;TYPE:FILL
;MESH:head.stl
G1 F3600 X45.767 Y45.767 E0.0472
G1 X45.837 Y45.837
G0 F7200 X43.91 Y44.925
G0 X43.76 Y44.925
G1 F3600 X46.426 Y42.26 E0.06269
G1 X46.496 Y42.19
G0 F7200 X46.496 Y42.41
G0 X47.917 Y42.41
G0 X47.917 Y42.26
G1 F3600 X49.175 Y43.518 E0.02959
G1 X49.245 Y43.588
G0 F7200 X51.096 Y43.246
G1 F3600 X52.083 Y42.26 E0.0232
G1 X52.153 Y42.19
G0 F7200 X52.153 Y42.41
G0 X53.574 Y42.41
G0 X53.574 Y42.26
G1 F3600 X56.054 Y44.74 E0.05833
G0 F7200 X55.259 Y44.74
G1 F3600 X56.24 Y43.759 E0.02307
G1 X56.31 Y43.689
G0 F7200 X56.09 Y43.689
G0 X56.053 Y55.26
G1 F3600 X53.573 Y57.74 E0.05833
G1 X53.503 Y57.81
G0 F7200 X53.503 Y57.59
G0 X52.083 Y57.59
G0 X52.083 Y57.74
G1 F3600 X51.098 Y56.755 E0.02317
G1 X51.028 Y56.685
G0 F7200 X49.176 Y56.48
G1 F3600 X47.916 Y57.74 E0.02963
G1 X47.846 Y57.81
G0 F7200 X47.846 Y57.59
G0 X46.426 Y57.59
G0 X46.426 Y57.74
G1 F3600 X43.76 Y55.074 E0.0627
G1 X43.69 Y55.004
G0 F7200 X43.91 Y55.004
G0 X43.91 Y56.239
G0 X43.76 Y56.239
G1 F3600 X45.766 Y54.233 E0.04718
G1 X45.836 Y54.163
G0 F7200 X43.91 Y50.582
G0 X43.76 Y50.582
G1 F3600 X44.245 Y50.097 E0.01141
G1 X44.246 Y49.903
G1 X43.76 Y49.417 E0.01143
G0 F7200 X43.91 Y49.417
G0 X47.569 Y53.431
G0 X48.303 Y54.035
G0 X49.143 Y54.484
G0 X55.26 Y55.26
G1 F3600 X56.24 Y56.24 E0.02305
G1 X56.31 Y56.31
G0 F7200 X56.09 Y56.31
G0 X56.128 Y57.605
G0 X56.272 Y57.9
;TYPE:WALL-INNER
G1 F3600 X56.4 Y57.683 E0.00419
G1 X56.4 Y42.313 E0.2556
G1 X56.274 Y42.101 E0.0041
G1 X43.6 Y42.1 E0.21077
G1 X43.6 Y57.9 E0.26276
G1 X56.272 Y57.9 E0.21074
G0 F7200 X56.128 Y57.605
G0 X51.92 Y54.823
G0 X51.891 Y54.513
G1 F3600 X51 Y54.596 E0.01488
G1 X50.103 Y54.513 E0.01498
G1 X49.236 Y54.253 E0.01505
G1 X48.443 Y53.829 E0.01495
G1 X47.745 Y53.255 E0.01503
G1 X47.168 Y52.554 E0.0151
G1 X46.746 Y51.761 E0.01494
G1 X46.484 Y50.897 E0.01501
G1 X46.396 Y50.001 E0.01497
G1 X46.484 Y49.097 E0.0151
G1 X46.745 Y48.239 E0.01491
G1 X47.164 Y47.447 E0.0149
G1 X47.742 Y46.749 E0.01507
G1 X48.447 Y46.164 E0.01523
G1 X49.235 Y45.748 E0.01482
G1 X50.102 Y45.483 E0.01508
G1 X51.001 Y45.396 E0.01502
G1 X51.897 Y45.484 E0.01497
G1 X52.761 Y45.745 E0.01501
G1 X53.554 Y46.168 E0.01495
G1 X54.255 Y46.745 E0.0151
G1 X54.831 Y47.445 E0.01508
G1 X55.253 Y48.236 E0.01491
G1 X55.512 Y49.097 E0.01495
G1 X55.6 Y50.001 E0.0151
G1 X55.512 Y50.884 E0.01476
G1 X55.256 Y51.76 E0.01518
G1 X54.831 Y52.55 E0.01492
G1 X54.255 Y53.255 E0.01514
G1 X53.55 Y53.831 E0.01514
G1 X52.761 Y54.255 E0.0149
G1 X51.891 Y54.513 E0.01509
G0 F7200 X51.8 Y54.12
;TYPE:WALL-OUTER
G1 F1800 X50.98 Y54.196 E0.0137
G1 X50.196 Y54.12 E0.0131
G1 X49.373 Y53.873 E0.01429
G1 X48.652 Y53.483 E0.01363
G1 X48.017 Y52.956 E0.01372
G1 X47.513 Y52.344 E0.01318
G1 X47.112 Y51.59 E0.0142
G1 X46.876 Y50.8 E0.01371
G1 X46.8 Y50.02 E0.01303
G1 X46.876 Y49.196 E0.01376
G1 X47.112 Y48.409 E0.01366
G1 X47.491 Y47.686 E0.01358
G1 X48.017 Y47.044 E0.0138
G1 X48.686 Y46.491 E0.01443
G1 X49.409 Y46.112 E0.01358
G1 X50.196 Y45.876 E0.01366
G1 X51.02 Y45.8 E0.01376
G1 X51.8 Y45.876 E0.01303
G1 X52.627 Y46.127 E0.01437
G1 X53.344 Y46.513 E0.01354
G1 X53.983 Y47.044 E0.01382
G1 X54.505 Y47.685 E0.01375
G1 X54.873 Y48.373 E0.01298
G1 X55.12 Y49.196 E0.01429
G1 X55.196 Y50.02 E0.01376
G1 X55.118 Y50.815 E0.01328
G1 X54.873 Y51.627 E0.0141
G1 X54.505 Y52.311 E0.01292
G1 X53.955 Y52.983 E0.01444
G1 X53.311 Y53.505 E0.01379
G1 X52.627 Y53.873 E0.01292
G1 X51.8 Y54.12 E0.01435
G0 F7200 X51.601 Y54.138
G0 X51.67 Y54.848
G0 X56.128 Y57.605
G0 X56.354 Y58.3
G1 F1800 X56.635 Y58.12 E0.00555
G1 X56.8 Y57.734 E0.00698
G1 X56.8 Y42.262 E0.2573
G1 X56.635 Y41.879 E0.00694
G1 X56.356 Y41.701 E0.0055
G1 X43.2 Y41.7 E0.21879
G1 X43.2 Y58.3 E0.27606
G1 X56.354 Y58.3 E0.21875
G0 F7200 X56.522 Y58.193
G0 X56.128 Y57.605
G0 X55.953 Y49.03
;TYPE:SKIN
G1 F1478.4 X56 Y49.996 E0.01958
G1 X55.953 Y50.966 E0.01966
G0 F7200 X55.194 Y55.121
G1 F1800 X55.093 Y55.165 E0.00183
G1 X54.706 Y55.493 E0.00844
G1 X53.53 Y56.118 E0.02215
G1 X52.289 Y56.501 E0.0216
G1 X51.001 Y56.623 E0.02152
G1 X49.708 Y56.494 E0.02161
G1 X48.465 Y56.118 E0.0216
G1 X47.301 Y55.497 E0.02194
G1 X46.315 Y54.681 E0.02128
G1 X45.492 Y53.676 E0.0216
G1 X44.878 Y52.531 E0.02161
G1 X44.506 Y51.292 E0.02151
G1 X44.378 Y49.996 E0.02166
G1 X44.506 Y48.707 E0.02154
G1 X44.878 Y47.469 E0.0215
G1 X45.492 Y46.32 E0.02167
G1 X46.315 Y45.315 E0.0216
G1 X47.32 Y44.492 E0.0216
G1 X48.469 Y43.878 E0.02167
G1 X49.73 Y43.496 E0.02191
G1 X50.996 Y43.378 E0.02114
G1 X52.292 Y43.506 E0.02166
G1 X53.531 Y43.878 E0.02151
G1 X54.706 Y44.507 E0.02216
G1 X55.151 Y44.879 E0.00965
G1 X56.02 Y44.88 E0.01445
G1 X56.02 Y48.05 E0.05272
G1 F1541.8 X55.953 Y49.03 E0.01907
G1 X55.597 Y48.073 E0.01982
G1 F1800 X55.157 Y47.249 E0.01553
G1 X54.531 Y46.484 E0.01644
G1 X53.78 Y45.861 E0.01623
G1 X52.908 Y45.39 E0.01648
G1 X51.972 Y45.107 E0.01626
G1 X50.996 Y45.015 E0.0163
G1 X50.035 Y45.112 E0.01606
G1 X49.079 Y45.398 E0.01659
G1 X48.247 Y45.834 E0.01562
G1 X47.471 Y46.477 E0.01676
G1 X46.849 Y47.228 E0.01622
G1 X46.384 Y48.113 E0.01663
G1 X46.108 Y49.032 E0.01596
G1 X46.016 Y49.984 E0.01591
G1 X46.112 Y50.962 E0.01634
G1 X46.391 Y51.905 E0.01635
G1 X46.846 Y52.761 E0.01612
G1 X47.461 Y53.508 E0.01609
G1 X48.229 Y54.145 E0.01659
G1 X49.073 Y54.597 E0.01592
G1 X50.042 Y54.888 E0.01683
G1 X50.982 Y54.972 E0.01569
G1 X51.967 Y54.885 E0.01644
G1 X52.923 Y54.597 E0.0166
G1 X53.765 Y54.143 E0.01591
G1 X54.511 Y53.536 E0.01599
G1 X55.136 Y52.775 E0.01638
G1 X55.601 Y51.915 E0.01626
G1 F1541.8 X55.953 Y50.966 E0.01965
G1 X56.02 Y51.934 E0.01884
G1 F1800 X56.02 Y55.12 E0.05298
G1 X55.194 Y55.121 E0.01374
G0 F7200 X55.82 Y54.489
G1 F1800 X55.386 Y54.922 E0.0102
G0 F7200 X55.82 Y53.923
G1 F1800 X54.217 Y55.526 E0.0377
G1 X54.147 Y55.596
G0 F7200 X53.152 Y56.025
G1 F1800 X55.82 Y53.358 E0.06274
G0 F7200 X55.82 Y52.792
G1 F1800 X52.334 Y56.278 E0.08199
G0 F7200 X51.69 Y56.356
G1 F1800 X53.574 Y54.472 E0.04431
G1 X53.644 Y54.402
G0 F7200 X52.563 Y54.917
G1 F1800 X51.064 Y56.417 E0.03527
G0 F7200 X50.538 Y56.376
G1 F1800 X51.815 Y55.1 E0.03002
G0 F7200 X51.192 Y55.156
G1 F1800 X50.024 Y56.325 E0.02748
G0 F7200 X49.546 Y56.237
G1 F1800 X50.642 Y55.142 E0.02576
G0 F7200 X50.123 Y55.095
G1 F1800 X49.112 Y56.105 E0.02377
G0 F7200 X48.677 Y55.975
G1 F1800 X49.664 Y54.987 E0.02322
G0 F7200 X49.229 Y54.857
G1 F1800 X48.288 Y55.798 E0.02213
G0 F7200 X47.919 Y55.601
G1 F1800 X48.829 Y54.692 E0.02139
G0 F7200 X48.46 Y54.495
G1 F1800 X47.55 Y55.405 E0.0214
G0 F7200 X47.22 Y55.169
G1 F1800 X48.096 Y54.293 E0.0206
G0 F7200 X47.786 Y54.038
G1 F1800 X46.909 Y54.914 E0.02061
G0 F7200 X46.6 Y54.658
G1 F1800 X47.475 Y53.783 E0.02058
G0 F7200 X47.194 Y53.498
G1 F1800 X46.32 Y54.372 E0.02056
G0 F7200 X46.066 Y54.06
G1 F1800 X46.938 Y53.188 E0.02051
G0 F7200 X46.683 Y52.877
G1 F1800 X45.811 Y53.749 E0.02051
G0 F7200 X45.579 Y53.416
G1 F1800 X46.486 Y52.509 E0.02133
G0 F7200 X46.289 Y52.14
G1 F1800 X45.382 Y53.047 E0.02133
G0 F7200 X45.185 Y52.679
G1 F1800 X46.131 Y51.733 E0.02225
G0 F7200 X46.002 Y51.296
G1 F1800 X45.013 Y52.285 E0.02326
G0 F7200 X44.882 Y51.85
G1 F1800 X45.896 Y50.836 E0.02385
G0 F7200 X45.845 Y50.321
G1 F1800 X44.751 Y51.415 E0.02573
G0 F7200 X44.671 Y50.929
G1 F1800 X45.837 Y49.764 E0.02741
G0 F7200 X45.898 Y49.137
G1 F1800 X44.621 Y50.415 E0.03004
G0 F7200 X44.592 Y49.878
G1 F1800 X46.098 Y48.371 E0.03543
G1 X46.168 Y48.301
G0 F7200 X46.566 Y47.338
G1 F1800 X44.653 Y49.251 E0.04499
G0 F7200 X44.751 Y48.587
G1 F1800 X49.592 Y43.747 E0.11384
G0 F7200 X50.255 Y43.648
G1 F1800 X48.346 Y45.558 E0.04491
G1 X48.276 Y45.628
G0 F7200 X49.366 Y45.104
G1 F1800 X50.88 Y43.59 E0.03561
G0 F7200 X51.415 Y43.62
G1 F1800 X50.132 Y44.903 E0.03017
G0 F7200 X50.762 Y44.839
G1 F1800 X51.931 Y43.67 E0.02749
G0 F7200 X52.416 Y43.751
G1 F1800 X51.32 Y44.846 E0.02576
G0 F7200 X51.837 Y44.895
G1 F1800 X52.85 Y43.882 E0.02382
G0 F7200 X53.285 Y44.013
G1 F1800 X52.3 Y44.998 E0.02317
G0 F7200 X52.734 Y45.13
G1 F1800 X53.679 Y44.184 E0.02224
G0 F7200 X54.048 Y44.382
G1 F1800 X53.14 Y45.289 E0.02134
G0 F7200 X53.509 Y45.486
G1 F1800 X54.416 Y44.579 E0.02133
G0 F7200 X54.754 Y44.807
G1 F1800 X53.877 Y45.683 E0.02061
G0 F7200 X54.188 Y45.939
G1 F1800 X55.079 Y45.047 E0.02097
G0 F7200 X55.613 Y45.079
G1 F1800 X54.498 Y46.194 E0.02622
G0 F7200 X54.78 Y46.477
G1 F1800 X55.82 Y45.438 E0.02445
G0 F7200 X55.82 Y46.004
G1 F1800 X55.038 Y46.786 E0.01839
G0 F7200 X55.294 Y47.095
G1 F1800 X55.82 Y46.569 E0.01237
G0 F7200 X55.82 Y47.135
G1 F1800 X55.496 Y47.459 E0.00762
G0 F7200 X55.82 Y47.701
G1 F1800 X55.692 Y47.828 E0.003
G0 F7200 X55.823 Y49.588
G0 X55.82 Y52.226
G1 F1800 X55.476 Y52.57 E0.00809
G0 F7200 X55.76 Y50.945
G0 X55.854 Y50
G0 X55.76 Y49.055
G0 X55.484 Y48.143
G0 X55.035 Y47.303
G0 X54.431 Y46.569
G0 X53.697 Y45.965
G0 X48.78 Y43.993
G1 F1800 X44.994 Y47.778 E0.08903
G1 X44.924 Y47.848
G0 F7200 X45.526 Y46.68
G1 F1800 X47.681 Y44.526 E0.05067
G1 X47.751 Y44.456
;MESH:NONMESH
G0 F600 X47.751 Y44.456 Z9.9
G0 F7200 X43.91 Y43.76
G0 X43.76 Y43.76
;TIME_ELAPSED:925.062605
;LAYER:96
;TYPE:FILL
;MESH:head.stl
G1 F3600 X45.767 Y45.767 E0.0472
G1 X45.837 Y45.837
G0 F7200 X43.91 Y44.925
G0 X43.76 Y44.925
G1 F3600 X46.426 Y42.26 E0.06269
G1 X46.496 Y42.19
G0 F7200 X46.496 Y42.41
G0 X47.917 Y42.41
G0 X47.917 Y42.26
G1 F3600 X49.175 Y43.518 E0.02959
G1 X49.245 Y43.588
G0 F7200 X51.096 Y43.246
G1 F3600 X52.083 Y42.26 E0.0232
G1 X52.153 Y42.19
G0 F7200 X52.153 Y42.41
G0 X53.574 Y42.41
G0 X53.574 Y42.26
G1 F3600 X56.054 Y44.74 E0.05833
G0 F7200 X55.259 Y44.74
G1 F3600 X56.24 Y43.759 E0.02307
G1 X56.31 Y43.689
G0 F7200 X56.09 Y43.689
G0 X56.053 Y55.26
G1 F3600 X53.573 Y57.74 E0.05833
G1 X53.503 Y57.81
G0 F7200 X53.503 Y57.59
G0 X52.083 Y57.59
G0 X52.083 Y57.74
G1 F3600 X51.098 Y56.755 E0.02317
G1 X51.028 Y56.685
G0 F7200 X49.176 Y56.48
G1 F3600 X47.916 Y57.74 E0.02963
G1 X47.846 Y57.81
G0 F7200 X47.846 Y57.59
G0 X46.426 Y57.59
G0 X46.426 Y57.74
G1 F3600 X43.76 Y55.074 E0.0627
G1 X43.69 Y55.004
G0 F7200 X43.91 Y55.004
G0 X43.91 Y56.239
G0 X43.76 Y56.239
G1 F3600 X45.766 Y54.233 E0.04718
G1 X45.836 Y54.163
G0 F7200 X43.91 Y50.582
G0 X43.76 Y50.582
G1 F3600 X44.245 Y50.097 E0.01141
G1 X44.246 Y49.903
G1 X43.76 Y49.417 E0.01143
G0 F7200 X43.91 Y49.417
G0 X47.569 Y53.432
G0 X48.303 Y54.035
G0 X49.143 Y54.484
G0 X55.26 Y55.26
G1 F3600 X56.24 Y56.24 E0.02305
G1 X56.31 Y56.31
G0 F7200 X56.09 Y56.31
G0 X56.128 Y57.605
G0 X56.272 Y57.9
;TYPE:WALL-INNER
G1 F3600 X56.4 Y57.683 E0.00419
G1 X56.4 Y42.313 E0.2556
G1 X56.274 Y42.101 E0.0041
G1 X43.6 Y42.1 E0.21077
G1 X43.6 Y57.9 E0.26276
G1 X56.272 Y57.9 E0.21074
G0 F7200 X56.128 Y57.605
G0 X51.92 Y54.823
G0 X51.891 Y54.513
G1 F3600 X51 Y54.596 E0.01488
G1 X50.103 Y54.513 E0.01498
G1 X49.236 Y54.253 E0.01505
G1 X48.443 Y53.829 E0.01495
G1 X47.742 Y53.252 E0.0151
G1 X47.172 Y52.562 E0.01488
G1 X46.745 Y51.76 E0.01511
G1 X46.484 Y50.897 E0.01499
G1 X46.396 Y50.001 E0.01497
G1 X46.484 Y49.097 E0.0151
G1 X46.745 Y48.239 E0.01491
G1 X47.164 Y47.447 E0.0149
G1 X47.742 Y46.749 E0.01507
G1 X48.447 Y46.164 E0.01523
G1 X49.235 Y45.748 E0.01482
G1 X50.102 Y45.483 E0.01508
G1 X51.001 Y45.396 E0.01502
G1 X51.897 Y45.484 E0.01497
G1 X52.761 Y45.745 E0.01501
G1 X53.554 Y46.168 E0.01495
G1 X54.254 Y46.744 E0.01508
G1 X54.825 Y47.435 E0.01491
G1 X55.253 Y48.236 E0.0151
G1 X55.512 Y49.097 E0.01495
G1 X55.6 Y50.001 E0.0151
G1 X55.512 Y50.884 E0.01476
G1 X55.256 Y51.76 E0.01518
G1 X54.831 Y52.55 E0.01492
G1 X54.255 Y53.255 E0.01514
G1 X53.55 Y53.831 E0.01514
G1 X52.761 Y54.255 E0.0149
G1 X51.891 Y54.513 E0.01509
G0 F7200 X51.8 Y54.12
;TYPE:WALL-OUTER
G1 F1800 X50.98 Y54.196 E0.0137
G1 X50.196 Y54.12 E0.0131
G1 X49.373 Y53.873 E0.01429
G1 X48.652 Y53.483 E0.01363
G1 X48.013 Y52.952 E0.01382
G1 X47.517 Y52.352 E0.01295
G1 X47.112 Y51.59 E0.01435
G1 X46.876 Y50.8 E0.01371
G1 X46.8 Y50.02 E0.01303
G1 X46.876 Y49.196 E0.01376
G1 X47.112 Y48.409 E0.01366
G1 X47.491 Y47.686 E0.01358
G1 X48.017 Y47.044 E0.0138
G1 X48.686 Y46.491 E0.01443
G1 X49.409 Y46.112 E0.01358
G1 X50.196 Y45.876 E0.01366
G1 X51.02 Y45.8 E0.01376
G1 X51.8 Y45.876 E0.01303
G1 X52.627 Y46.127 E0.01437
G1 X53.344 Y46.513 E0.01354
G1 X53.983 Y47.044 E0.01382
G1 X54.501 Y47.677 E0.0136
G1 X54.873 Y48.373 E0.01312
G1 X55.12 Y49.196 E0.01429
G1 X55.196 Y50.02 E0.01376
G1 X55.118 Y50.815 E0.01328
G1 X54.873 Y51.627 E0.0141
G1 X54.505 Y52.311 E0.01292
G1 X53.955 Y52.983 E0.01444
G1 X53.311 Y53.505 E0.01379
G1 X52.627 Y53.873 E0.01292
G1 X51.8 Y54.12 E0.01435
G0 F7200 X51.601 Y54.138
G0 X51.67 Y54.848
G0 X56.128 Y57.605
G0 X56.354 Y58.3
G1 F1800 X56.635 Y58.12 E0.00555
G1 X56.8 Y57.734 E0.00698
G1 X56.8 Y42.262 E0.2573
G1 X56.635 Y41.879 E0.00694
G1 X56.356 Y41.701 E0.0055
G1 X43.2 Y41.7 E0.21879
G1 X43.2 Y58.3 E0.27606
G1 X56.354 Y58.3 E0.21875
G0 F7200 X56.522 Y58.193
G0 X56.128 Y57.605
G0 X55.953 Y49.03
;TYPE:SKIN
G1 F1478.4 X56 Y49.996 E0.01958
G1 X55.953 Y50.966 E0.01966
G0 F7200 X55.194 Y55.121
G1 F1800 X55.093 Y55.165 E0.00183
G1 X54.706 Y55.493 E0.00844
G1 X53.53 Y56.118 E0.02215
G1 X52.289 Y56.501 E0.0216
G1 X51.001 Y56.623 E0.02152
G1 X49.708 Y56.494 E0.02161
G1 X48.465 Y56.118 E0.0216
G1 X47.301 Y55.497 E0.02194
G1 X46.315 Y54.681 E0.02128
G1 X45.492 Y53.676 E0.0216
G1 X44.878 Y52.531 E0.02161
G1 X44.506 Y51.292 E0.02151
G1 X44.378 Y49.996 E0.02166
G1 X44.506 Y48.707 E0.02154
G1 X44.878 Y47.469 E0.0215
G1 X45.492 Y46.32 E0.02167
G1 X46.315 Y45.315 E0.0216
G1 X47.32 Y44.492 E0.0216
G1 X48.469 Y43.878 E0.02167
G1 X49.73 Y43.496 E0.02191
G1 X50.996 Y43.378 E0.02114
G1 X52.292 Y43.506 E0.02166
G1 X53.531 Y43.878 E0.02151
G1 X54.706 Y44.507 E0.02216
G1 X55.15 Y44.879 E0.00963
G1 X56.02 Y44.88 E0.01447
G1 X56.02 Y48.05 E0.05272
G1 F1541.8 X55.953 Y49.03 E0.01907
G1 X55.597 Y48.073 E0.01982
G1 F1800 X55.149 Y47.237 E0.01577
G1 X54.513 Y46.462 E0.01667
G1 X53.747 Y45.839 E0.01642
G1 X52.908 Y45.39 E0.01582
G1 X51.972 Y45.107 E0.01626
G1 X50.996 Y45.015 E0.0163
G1 X50.035 Y45.112 E0.01606
G1 X49.079 Y45.398 E0.01659
G1 X48.247 Y45.834 E0.01562
G1 X47.471 Y46.477 E0.01676
G1 X46.849 Y47.228 E0.01622
G1 X46.384 Y48.113 E0.01663
G1 X46.108 Y49.032 E0.01596
G1 X46.016 Y49.984 E0.01591
G1 X46.112 Y50.962 E0.01634
G1 X46.391 Y51.902 E0.01631
G1 X46.865 Y52.788 E0.01671
G1 X47.471 Y53.519 E0.01579
G1 X48.226 Y54.145 E0.01631
G1 X49.11 Y54.612 E0.01663
G1 X50.042 Y54.888 E0.01616
G1 X50.982 Y54.972 E0.01569
G1 X51.967 Y54.885 E0.01644
G1 X52.923 Y54.597 E0.0166
G1 X53.765 Y54.143 E0.01591
G1 X54.511 Y53.536 E0.01599
G1 X55.157 Y52.747 E0.01696
G1 X55.601 Y51.915 E0.01568
G1 F1541.8 X55.953 Y50.966 E0.01965
G1 X56.02 Y51.934 E0.01884
G1 F1800 X56.02 Y55.12 E0.05298
G1 X55.194 Y55.121 E0.01374
G0 F7200 X50.055 Y54.76
G0 X45.722 Y53.642
G1 F1800 X47.388 Y55.308 E0.03918
G1 X47.458 Y55.378
G0 F7200 X47.97 Y54.193
G1 F1800 X50.111 Y56.333 E0.05034
G0 F7200 X50.739 Y56.396
G1 F1800 X49.188 Y54.845 E0.03648
G1 X49.118 Y54.775
G0 F7200 X49.993 Y55.084
G1 F1800 X51.302 Y56.393 E0.03079
G0 F7200 X51.818 Y56.344
G1 F1800 X50.614 Y55.139 E0.02833
G0 F7200 X51.197 Y55.156
G1 F1800 X52.321 Y56.281 E0.02645
G0 F7200 X52.754 Y56.148
G1 F1800 X51.716 Y55.11 E0.02441
G0 F7200 X52.198 Y55.026
G1 F1800 X53.186 Y56.014 E0.02324
G0 F7200 X53.594 Y55.856
G1 F1800 X52.633 Y54.896 E0.02259
G0 F7200 X53.056 Y54.753
G1 F1800 X53.963 Y55.66 E0.02133
G0 F7200 X54.332 Y55.463
G1 F1800 X53.423 Y54.555 E0.02137
G0 F7200 X53.79 Y54.356
G1 F1800 X54.683 Y55.248 E0.02099
G0 F7200 X54.996 Y54.996
G1 F1800 X54.116 Y54.116 E0.0207
G0 F7200 X54.428 Y53.862
G1 F1800 X55.487 Y54.922 E0.02492
G0 F7200 X55.82 Y54.688
G1 F1800 X54.726 Y53.594 E0.02573
G0 F7200 X54.981 Y53.284
G1 F1800 X55.82 Y54.123 E0.01973
G0 F7200 X55.82 Y53.557
G1 F1800 X55.236 Y52.973 E0.01373
G0 F7200 X55.45 Y52.621
G1 F1800 X55.82 Y52.991 E0.0087
G0 F7200 X55.82 Y52.426
G1 F1800 X55.646 Y52.252 E0.00409
G0 F7200 X55.814 Y50.428
G0 X55.82 Y47.9
G1 F1800 X55.628 Y47.708 E0.00452
G0 F7200 X55.82 Y47.334
G1 F1800 X52.181 Y43.696 E0.08557
G0 F7200 X51.554 Y43.634
G1 F1800 X53.285 Y45.365 E0.04071
G1 X53.355 Y45.435
G0 F7200 X52.374 Y45.02
G1 F1800 X50.939 Y43.585 E0.03375
G0 F7200 X50.422 Y43.633
G1 F1800 X51.666 Y44.878 E0.02927
G0 F7200 X51.042 Y44.819
G1 F1800 X49.905 Y43.682 E0.02674
G0 F7200 X49.448 Y43.791
G1 F1800 X50.52 Y44.863 E0.02521
G0 F7200 X50.006 Y44.915
G1 F1800 X49.014 Y43.923 E0.02333
G0 F7200 X48.58 Y44.054
G1 F1800 X49.568 Y45.043 E0.02325
G0 F7200 X49.132 Y45.172
G1 F1800 X48.206 Y44.246 E0.02178
G0 F7200 X47.837 Y44.443
G1 F1800 X48.744 Y45.35 E0.02133
G0 F7200 X48.372 Y45.543
G1 F1800 X47.468 Y44.64 E0.02125
G0 F7200 X47.152 Y44.889
G1 F1800 X48.02 Y45.758 E0.02043
G0 F7200 X47.712 Y46.015
G1 F1800 X46.841 Y45.144 E0.02048
G0 F7200 X46.53 Y45.398
G1 F1800 X47.404 Y46.272 E0.02056
G0 F7200 X47.136 Y46.57
G1 F1800 X46.261 Y45.695 E0.02058
G0 F7200 X46.006 Y46.006
G1 F1800 X46.88 Y46.88 E0.02056
G0 F7200 X46.638 Y47.204
G1 F1800 X45.752 Y46.318 E0.02084
G0 F7200 X45.533 Y46.665
G1 F1800 X46.442 Y47.573 E0.02137
G0 F7200 X46.246 Y47.943
G1 F1800 X45.337 Y47.034 E0.02138
G0 F7200 X45.14 Y47.402
G1 F1800 X46.101 Y48.364 E0.02261
G0 F7200 X45.97 Y48.798
G1 F1800 X44.983 Y47.812 E0.0232
G0 F7200 X44.852 Y48.247
G1 F1800 X45.885 Y49.279 E0.02428
G0 F7200 X45.835 Y49.794
G1 F1800 X44.722 Y48.681 E0.02618
G0 F7200 X44.659 Y49.184
G1 F1800 X45.852 Y50.377 E0.02806
G0 F7200 X45.915 Y51.006
G1 F1800 X44.609 Y49.7 E0.03072
G0 F7200 X44.605 Y50.262
G1 F1800 X46.154 Y51.811 E0.03643
G1 X46.224 Y51.881
G0 F7200 X45.048 Y52.402
G1 F1800 X48.594 Y55.948 E0.0834
G1 X48.664 Y56.018
G0 F7200 X49.406 Y56.194
G1 F1800 X44.804 Y51.593 E0.10822
G0 F7200 X44.667 Y50.889
G1 F1800 X46.802 Y53.025 E0.05022
G1 X46.872 Y53.095
G0 F7200 X48.303 Y54.035
G0 X49.143 Y54.484
G0 X50.055 Y54.76
G0 X51 Y54.854
G0 X51.945 Y54.76
G0 X52.857 Y54.484
G0 X53.697 Y54.035
G0 X54.431 Y53.431
G0 X55.035 Y52.697
G0 X55.484 Y51.857
G0 X55.76 Y50.945
G0 X55.82 Y46.769
G1 F1800 X52.969 Y43.918 E0.06705
G1 X52.899 Y43.848
G0 F7200 X53.941 Y44.324
G1 F1800 X55.82 Y46.203 E0.04419
G0 F7200 X55.82 Y45.637
G1 F1800 X55.26 Y45.078 E0.01316
;MESH:NONMESH
G0 F600 X55.26 Y45.078 Z10
G0 F7200 X43.91 Y43.76
G0 X43.76 Y43.76
;TIME_ELAPSED:938.305858
;LAYER:97
;TYPE:FILL
;MESH:head.stl
G1 F3600 X45.767 Y45.767 E0.0472
G1 X45.837 Y45.837
G0 F7200 X43.91 Y44.925
G0 X43.76 Y44.925
G1 F3600 X46.426 Y42.26 E0.06269
G1 X46.496 Y42.19
G0 F7200 X46.496 Y42.41
G0 X47.917 Y42.41
G0 X47.917 Y42.26
G1 F3600 X49.175 Y43.518 E0.02959
G1 X49.245 Y43.588
G0 F7200 X51.096 Y43.246
G1 F3600 X52.083 Y42.26 E0.0232
G1 X52.153 Y42.19
G0 F7200 X52.153 Y42.41
G0 X53.574 Y42.41
G0 X53.574 Y42.26
G1 F3600 X56.054 Y44.74 E0.05833
G0 F7200 X55.259 Y44.74
G1 F3600 X56.24 Y43.759 E0.02307
G1 X56.31 Y43.689
G0 F7200 X56.09 Y43.689
G0 X56.053 Y55.26
G1 F3600 X53.573 Y57.74 E0.05833
G1 X53.503 Y57.81
G0 F7200 X53.503 Y57.59
G0 X52.083 Y57.59
G0 X52.083 Y57.74
G1 F3600 X51.098 Y56.755 E0.02317
G1 X51.028 Y56.685
G0 F7200 X49.176 Y56.48
G1 F3600 X47.916 Y57.74 E0.02963
G1 X47.846 Y57.81
G0 F7200 X47.846 Y57.59
G0 X46.426 Y57.59
G0 X46.426 Y57.74
G1 F3600 X43.76 Y55.074 E0.0627
G1 X43.69 Y55.004
G0 F7200 X43.91 Y55.004
G0 X43.91 Y56.239
G0 X43.76 Y56.239
G1 F3600 X45.766 Y54.233 E0.04718
G1 X45.836 Y54.163
G0 F7200 X43.91 Y50.582
G0 X43.76 Y50.582
G1 F3600 X44.245 Y50.097 E0.01141
G1 X44.246 Y49.903
G1 X43.76 Y49.417 E0.01143
G0 F7200 X43.91 Y49.417
G0 X47.569 Y53.432
G0 X48.303 Y54.035
G0 X49.143 Y54.484
G0 X55.26 Y55.26
G1 F3600 X56.24 Y56.24 E0.02305
G1 X56.31 Y56.31
G0 F7200 X56.09 Y56.31
G0 X56.128 Y57.605
G0 X56.272 Y57.9
;TYPE:WALL-INNER
G1 F3600 X56.4 Y57.683 E0.00419
G1 X56.4 Y42.313 E0.2556
G1 X56.274 Y42.101 E0.0041
G1 X43.6 Y42.1 E0.21077
G1 X43.6 Y57.9 E0.26276
G1 X56.272 Y57.9 E0.21074
G0 F7200 X56.128 Y57.605
G0 X51.92 Y54.823
G0 X51.891 Y54.513
G1 F3600 X51 Y54.596 E0.01488
G1 X50.103 Y54.513 E0.01498
G1 X49.236 Y54.253 E0.01505
G1 X48.443 Y53.829 E0.01495
G1 X47.743 Y53.253 E0.01508
G1 X47.175 Y52.56 E0.0149
G1 X46.746 Y51.767 E0.01499
G1 X46.484 Y50.896 E0.01513
G1 X46.396 Y49.987 E0.01519
G1 X46.484 Y49.097 E0.01487
G1 X46.745 Y48.239 E0.01491
G1 X47.164 Y47.447 E0.0149
G1 X47.742 Y46.749 E0.01507
G1 X48.447 Y46.164 E0.01523
G1 X49.235 Y45.748 E0.01482
G1 X50.102 Y45.483 E0.01508
G1 X51.001 Y45.396 E0.01502
G1 X51.897 Y45.484 E0.01497
G1 X52.761 Y45.745 E0.01501
G1 X53.554 Y46.168 E0.01495
G1 X54.254 Y46.744 E0.01508
G1 X54.825 Y47.435 E0.01491
G1 X55.253 Y48.236 E0.0151
G1 X55.512 Y49.097 E0.01495
G1 X55.6 Y50.001 E0.0151
G1 X55.512 Y50.884 E0.01476
G1 X55.258 Y51.746 E0.01494
G1 X54.836 Y52.545 E0.01503
G1 X54.255 Y53.255 E0.01526
G1 X53.55 Y53.831 E0.01514
G1 X52.761 Y54.255 E0.0149
G1 X51.891 Y54.513 E0.01509
G0 F7200 X51.8 Y54.12
;TYPE:WALL-OUTER
G1 F1800 X50.98 Y54.196 E0.0137
G1 X50.196 Y54.12 E0.0131
G1 X49.373 Y53.873 E0.01429
G1 X48.652 Y53.483 E0.01363
G1 X48.04 Y52.979 E0.01318
G1 X47.5 Y52.32 E0.01417
G1 X47.112 Y51.594 E0.01369
G1 X46.876 Y50.8 E0.01378
G1 X46.8 Y50.008 E0.01323
G1 X46.876 Y49.196 E0.01356
G1 X47.112 Y48.409 E0.01366
G1 X47.491 Y47.686 E0.01358
G1 X48.017 Y47.044 E0.0138
G1 X48.686 Y46.491 E0.01443
G1 X49.409 Y46.112 E0.01358
G1 X50.196 Y45.876 E0.01366
G1 X51.02 Y45.8 E0.01376
G1 X51.8 Y45.876 E0.01303
G1 X52.627 Y46.127 E0.01437
G1 X53.344 Y46.513 E0.01354
G1 X53.983 Y47.044 E0.01382
G1 X54.501 Y47.677 E0.0136
G1 X54.873 Y48.373 E0.01312
G1 X55.12 Y49.196 E0.01429
G1 X55.196 Y50.02 E0.01376
G1 X55.118 Y50.815 E0.01328
G1 X54.877 Y51.61 E0.01382
G1 X54.487 Y52.339 E0.01375
G1 X53.955 Y52.983 E0.01389
G1 X53.311 Y53.505 E0.01379
G1 X52.627 Y53.873 E0.01292
G1 X51.8 Y54.12 E0.01435
G0 F7200 X51.601 Y54.138
G0 X51.67 Y54.848
G0 X56.128 Y57.605
G0 X56.354 Y58.3
G1 F1800 X56.635 Y58.12 E0.00555
G1 X56.8 Y57.734 E0.00698
G1 X56.8 Y42.262 E0.2573
G1 X56.635 Y41.879 E0.00694
G1 X56.356 Y41.701 E0.0055
G1 X43.2 Y41.7 E0.21879
G1 X43.2 Y58.3 E0.27606
G1 X56.354 Y58.3 E0.21875
G0 F7200 X56.522 Y58.193
G0 X56.128 Y57.605
G0 X55.953 Y49.03
;TYPE:SKIN
G1 F1478.4 X56 Y49.996 E0.01958
G1 X55.953 Y50.966 E0.01966
G0 F7200 X55.193 Y55.121
G1 F1800 X55.093 Y55.164 E0.00181
G1 X54.706 Y55.493 E0.00845
G1 X53.53 Y56.118 E0.02215
G1 X52.289 Y56.501 E0.0216
G1 X51.001 Y56.623 E0.02152
G1 X49.708 Y56.494 E0.02161
G1 X48.465 Y56.118 E0.0216
G1 X47.301 Y55.497 E0.02194
G1 X46.315 Y54.681 E0.02128
G1 X45.491 Y53.676 E0.02161
G1 X44.878 Y52.531 E0.0216
G1 X44.506 Y51.292 E0.02151
G1 X44.378 Y49.996 E0.02166
G1 X44.506 Y48.707 E0.02154
G1 X44.878 Y47.469 E0.0215
G1 X45.492 Y46.32 E0.02167
G1 X46.315 Y45.315 E0.0216
G1 X47.32 Y44.492 E0.0216
G1 X48.469 Y43.878 E0.02167
G1 X49.73 Y43.496 E0.02191
G1 X50.996 Y43.378 E0.02114
G1 X52.292 Y43.506 E0.02166
G1 X53.531 Y43.878 E0.02151
G1 X54.706 Y44.507 E0.02216
G1 X55.15 Y44.879 E0.00963
G1 X56.02 Y44.88 E0.01447
G1 X56.02 Y48.05 E0.05272
G1 F1541.8 X55.953 Y49.03 E0.01907
G1 X55.597 Y48.073 E0.01982
G1 F1800 X55.149 Y47.237 E0.01577
G1 X54.513 Y46.462 E0.01667
G1 X53.747 Y45.839 E0.01642
G1 X52.908 Y45.39 E0.01582
G1 X51.972 Y45.107 E0.01626
G1 X50.996 Y45.015 E0.0163
G1 X50.035 Y45.112 E0.01606
G1 X49.079 Y45.398 E0.01659
G1 X48.247 Y45.834 E0.01562
G1 X47.471 Y46.477 E0.01676
G1 X46.849 Y47.228 E0.01622
G1 X46.399 Y48.078 E0.01599
G1 X46.116 Y48.993 E0.01593
G1 X46.016 Y49.968 E0.0163
G1 X46.112 Y50.962 E0.01661
G1 X46.391 Y51.905 E0.01635
G1 X46.857 Y52.771 E0.01635
G1 X47.47 Y53.522 E0.01612
G1 X48.226 Y54.145 E0.01629
G1 X49.11 Y54.612 E0.01663
G1 X50.042 Y54.888 E0.01616
G1 X50.982 Y54.972 E0.01569
G1 X51.967 Y54.885 E0.01644
G1 X52.905 Y54.605 E0.01628
G1 X53.762 Y54.143 E0.01619
G1 X54.54 Y53.507 E0.01671
G1 X55.14 Y52.771 E0.01579
G1 X55.602 Y51.902 E0.01637
G1 F1541.8 X55.953 Y50.966 E0.01941
G1 X56.02 Y51.924 E0.01865
G1 F1800 X56.02 Y55.12 E0.05315
G1 X55.193 Y55.121 E0.01375
G0 F7200 X55.82 Y54.489
G1 F1800 X55.387 Y54.922 E0.01018
G0 F7200 X55.82 Y53.923
G1 F1800 X54.217 Y55.526 E0.0377
G1 X54.147 Y55.596
G0 F7200 X53.152 Y56.025
G1 F1800 X55.82 Y53.358 E0.06274
G0 F7200 X55.82 Y52.792
G1 F1800 X52.334 Y56.278 E0.08199
G0 F7200 X51.69 Y56.356
G1 F1800 X53.578 Y54.468 E0.0444
G1 X53.648 Y54.398
G0 F7200 X52.566 Y54.915
G1 F1800 X51.064 Y56.417 E0.03532
G0 F7200 X50.538 Y56.376
G1 F1800 X51.815 Y55.1 E0.03002
G0 F7200 X51.192 Y55.156
G1 F1800 X50.024 Y56.325 E0.02748
G0 F7200 X49.546 Y56.237
G1 F1800 X50.642 Y55.142 E0.02576
G0 F7200 X50.123 Y55.095
G1 F1800 X49.112 Y56.105 E0.02377
G0 F7200 X48.677 Y55.975
G1 F1800 X49.665 Y54.987 E0.02324
G0 F7200 X49.229 Y54.857
G1 F1800 X48.288 Y55.798 E0.02213
G0 F7200 X47.919 Y55.601
G1 F1800 X48.829 Y54.692 E0.02139
G0 F7200 X48.459 Y54.495
G1 F1800 X47.55 Y55.405 E0.02139
G0 F7200 X47.22 Y55.169
G1 F1800 X48.094 Y54.295 E0.02056
G0 F7200 X47.784 Y54.039
G1 F1800 X46.909 Y54.914 E0.02058
G0 F7200 X46.6 Y54.658
G1 F1800 X47.474 Y53.784 E0.02056
G0 F7200 X47.193 Y53.499
G1 F1800 X46.32 Y54.372 E0.02053
G0 F7200 X46.066 Y54.06
G1 F1800 X46.938 Y53.189 E0.0205
G0 F7200 X46.685 Y52.876
G1 F1800 X45.811 Y53.749 E0.02054
G0 F7200 X45.579 Y53.416
G1 F1800 X46.487 Y52.508 E0.02135
G0 F7200 X46.29 Y52.139
G1 F1800 X45.382 Y53.047 E0.02135
G0 F7200 X45.185 Y52.679
G1 F1800 X46.131 Y51.733 E0.02225
G0 F7200 X46.002 Y51.296
G1 F1800 X45.013 Y52.285 E0.02326
G0 F7200 X44.882 Y51.85
G1 F1800 X45.897 Y50.835 E0.02387
G0 F7200 X45.847 Y50.32
G1 F1800 X44.751 Y51.415 E0.02576
G0 F7200 X44.671 Y50.929
G1 F1800 X45.837 Y49.763 E0.02742
G0 F7200 X45.898 Y49.137
G1 F1800 X44.621 Y50.415 E0.03004
G0 F7200 X44.592 Y49.878
G1 F1800 X46.098 Y48.371 E0.03543
G1 X46.168 Y48.301
G0 F7200 X46.565 Y47.339
G1 F1800 X44.653 Y49.251 E0.04497
G0 F7200 X44.751 Y48.587
G1 F1800 X49.592 Y43.747 E0.11384
G0 F7200 X50.255 Y43.648
G1 F1800 X48.346 Y45.558 E0.04491
G1 X48.276 Y45.628
G0 F7200 X49.367 Y45.103
G1 F1800 X50.88 Y43.59 E0.03558
G0 F7200 X51.415 Y43.62
G1 F1800 X50.132 Y44.903 E0.03017
G0 F7200 X50.762 Y44.839
G1 F1800 X51.931 Y43.67 E0.02749
G0 F7200 X52.416 Y43.751
G1 F1800 X51.32 Y44.846 E0.02576
G0 F7200 X51.837 Y44.895
G1 F1800 X52.85 Y43.882 E0.02382
G0 F7200 X53.285 Y44.013
G1 F1800 X52.3 Y44.998 E0.02317
G0 F7200 X52.734 Y45.13
G1 F1800 X53.679 Y44.184 E0.02224
G0 F7200 X54.048 Y44.381
G1 F1800 X53.14 Y45.289 E0.02135
G0 F7200 X53.509 Y45.486
G1 F1800 X54.417 Y44.578 E0.02135
G0 F7200 X54.755 Y44.806
G1 F1800 X53.877 Y45.683 E0.02064
G0 F7200 X54.188 Y45.939
G1 F1800 X55.079 Y45.048 E0.02095
G0 F7200 X55.613 Y45.079
G1 F1800 X54.499 Y46.193 E0.0262
G0 F7200 X54.782 Y46.476
G1 F1800 X55.82 Y45.438 E0.02441
G0 F7200 X55.82 Y46.004
G1 F1800 X55.039 Y46.784 E0.01836
G0 F7200 X55.296 Y47.093
G1 F1800 X55.82 Y46.569 E0.01232
G0 F7200 X55.82 Y47.135
G1 F1800 X55.495 Y47.46 E0.00764
G0 F7200 X55.82 Y47.701
G1 F1800 X55.692 Y47.828 E0.003
G0 F7200 X55.823 Y49.588
G0 X55.82 Y52.226
G1 F1800 X55.475 Y52.571 E0.00811
G0 F7200 X55.76 Y50.945
G0 X55.854 Y50
G0 X55.76 Y49.055
G0 X55.484 Y48.142
G0 X55.033 Y47.3
G0 X54.431 Y46.568
G0 X53.697 Y45.965
G0 X48.78 Y43.993
G1 F1800 X44.994 Y47.778 E0.08903
G1 X44.924 Y47.848
G0 F7200 X45.526 Y46.681
G1 F1800 X47.681 Y44.526 E0.05068
G1 X47.751 Y44.456
;MESH:NONMESH
G0 F600 X47.751 Y44.456 Z10.1
G0 F7200 X43.91 Y43.76
G0 X43.76 Y43.76
;TIME_ELAPSED:951.384063
;LAYER:98
;TYPE:FILL
;MESH:head.stl
G1 F3600 X45.765 Y45.765 E0.04715
G1 X45.835 Y45.835
G0 F7200 X45.646 Y45.679
G0 X43.91 Y44.925
G0 X43.761 Y44.925
G1 F3600 X46.426 Y42.26 E0.06268
G1 X46.496 Y42.19
G0 F7200 X46.496 Y42.41
G0 X47.917 Y42.41
G0 X47.917 Y42.26
G1 F3600 X49.174 Y43.517 E0.02956
G1 X49.244 Y43.587
G0 F7200 X49.176 Y43.362
G0 X51.11 Y43.098
G0 X51.096 Y43.246
G1 F3600 X52.083 Y42.26 E0.0232
G1 X52.153 Y42.19
G0 F7200 X52.153 Y42.41
G0 X53.574 Y42.41
G0 X53.574 Y42.26
G1 F3600 X56.054 Y44.74 E0.05833
G0 F7200 X55.259 Y44.74
G1 F3600 X56.24 Y43.759 E0.02307
G1 X56.31 Y43.689
G0 F7200 X56.09 Y43.689
G0 X50.993 Y43.146
G0 X49.658 Y43.279
G0 X48.377 Y43.669
G0 X47.189 Y44.304
G0 X46.153 Y45.154
G0 X45.298 Y46.198
G0 X44.669 Y47.377
G0 X44.278 Y48.663
G0 X44.146 Y50
G0 X44.278 Y51.337
G0 X44.672 Y52.628
G0 X45.304 Y53.811
G0 X46.154 Y54.847
G0 X47.198 Y55.702
G0 X48.377 Y56.331
G0 X49.663 Y56.722
G0 X51.007 Y56.854
G0 X52.342 Y56.721
G0 X56.053 Y55.41
G0 X56.053 Y55.26
G1 F3600 X53.573 Y57.74 E0.05833
G1 X53.503 Y57.81
G0 F7200 X53.503 Y57.59
G0 X52.083 Y57.59
G0 X52.083 Y57.74
G1 F3600 X51.091 Y56.748 E0.02333
G1 X51.021 Y56.678
G0 F7200 X51.043 Y56.911
G0 X49.131 Y56.623
G0 X49.175 Y56.481
G1 F3600 X47.916 Y57.74 E0.02961
G1 X47.846 Y57.81
G0 F7200 X47.846 Y57.59
G0 X46.425 Y57.59
G0 X46.425 Y57.739
G1 F3600 X43.76 Y55.074 E0.06268
G1 X43.69 Y55.004
G0 F7200 X43.91 Y55.004
G0 X43.91 Y56.238
G0 X43.761 Y56.238
G1 F3600 X45.765 Y54.234 E0.04713
G1 X45.835 Y54.164
G0 F7200 X45.644 Y54.32
G0 X44.792 Y52.853
G0 X43.91 Y50.581
G0 X43.761 Y50.581
G1 F3600 X44.249 Y50.094 E0.01147
G1 X44.249 Y49.906
G1 X43.76 Y49.417 E0.0115
G0 F7200 X43.91 Y49.417
G0 X44.278 Y51.337
G0 X44.672 Y52.628
G0 X45.304 Y53.811
G0 X46.154 Y54.847
G0 X47.198 Y55.702
G0 X48.377 Y56.331
G0 X49.663 Y56.722
G0 X51.007 Y56.854
G0 X52.342 Y56.721
G0 X53.495 Y56.37
G0 X55.26 Y55.41
G0 X55.26 Y55.26
G1 F3600 X56.24 Y56.24 E0.02305
G1 X56.31 Y56.31
G0 F7200 X56.09 Y56.31
G0 X52.384 Y56.771
G0 X52.294 Y56.472
;TYPE:WALL-INNER
G1 F3600 X51.004 Y56.596 E0.02155
G1 X49.709 Y56.477 E0.02163
G1 X48.464 Y56.096 E0.02165
G1 X47.341 Y55.493 E0.0212
G1 X46.328 Y54.666 E0.02175
G1 X45.505 Y53.666 E0.02154
G1 X44.902 Y52.53 E0.02139
G1 X44.523 Y51.285 E0.02164
G1 X44.4 Y50 E0.02147
G1 X44.523 Y48.708 E0.02158
G1 X44.899 Y47.466 E0.02158
G1 X45.504 Y46.339 E0.02127
G1 X46.33 Y45.328 E0.02171
G1 X47.326 Y44.508 E0.02145
G1 X48.47 Y43.898 E0.02156
G1 X49.707 Y43.523 E0.0215
G1 X50.992 Y43.396 E0.02147
G1 X52.289 Y43.524 E0.02167
G1 X53.527 Y43.898 E0.02151
G1 X54.657 Y44.501 E0.0213
G1 X55.143 Y44.9 E0.01046
G1 X56.4 Y44.9 E0.0209
G1 X56.4 Y42.313 E0.04302
G1 X56.274 Y42.101 E0.0041
G1 X43.6 Y42.1 E0.21077
G1 X43.601 Y57.899 E0.26274
G1 X56.272 Y57.9 E0.21072
G1 X56.4 Y57.683 E0.00419
G1 X56.4 Y55.1 E0.04296
G1 X55.143 Y55.1 E0.0209
G1 X54.671 Y55.488 E0.01016
G1 X53.526 Y56.098 E0.02158
G1 X52.294 Y56.472 E0.02141
G0 F7200 X52.196 Y56.08
;TYPE:WALL-OUTER
G1 F1800 X50.985 Y56.196 E0.02023
G1 X49.805 Y56.084 E0.01971
G1 X48.605 Y55.717 E0.02087
G1 X47.581 Y55.169 E0.01931
G1 X46.601 Y54.368 E0.02105
G1 X45.853 Y53.46 E0.01956
G1 X45.268 Y52.359 E0.02073
G1 X44.916 Y51.192 E0.02027
G1 X44.8 Y49.98 E0.02025
G1 X44.916 Y48.804 E0.01965
G1 X45.279 Y47.605 E0.02083
G1 X45.827 Y46.581 E0.01931
G1 X46.628 Y45.601 E0.02105
G1 X47.536 Y44.853 E0.01956
G1 X48.641 Y44.264 E0.02082
G1 X49.8 Y43.916 E0.02012
G1 X51.012 Y43.8 E0.02025
G1 X52.192 Y43.916 E0.01972
G1 X53.391 Y44.279 E0.02083
G1 X54.419 Y44.827 E0.01937
G1 X55 Y45.3 E0.01246
G1 X56.8 Y45.3 E0.02993
G1 X56.8 Y42.262 E0.05052
G1 X56.635 Y41.879 E0.00694
G1 X56.356 Y41.701 E0.0055
G1 X43.2 Y41.7 E0.21879
G1 X43.201 Y58.299 E0.27604
G1 X56.354 Y58.3 E0.21874
G1 X56.635 Y58.12 E0.00555
G1 X56.8 Y57.734 E0.00698
G1 X56.8 Y54.7 E0.05046
G1 X55 Y54.7 E0.02993
G1 X54.426 Y55.165 E0.01228
G1 X53.355 Y55.732 E0.02015
G1 X52.196 Y56.08 E0.02012
G0 F7200 X51.997 Y56.099
G0 X52.095 Y57.107
;MESH:NONMESH
G0 F600 X52.095 Y57.107 Z10.2
G0 F7200 X49.663 Y56.722
G0 X48.377 Y56.331
G0 X47.198 Y55.702
G0 X46.154 Y54.847
G0 X45.304 Y53.811
G0 X44.672 Y52.628
G0 X44.278 Y51.337
G0 X43.91 Y43.76
G0 X43.76 Y43.76
;TIME_ELAPSED:957.531288
;LAYER:99
;TYPE:FILL
;MESH:head.stl
G1 F3600 X45.765 Y45.765 E0.04715
G1 X45.835 Y45.835
G0 F7200 X45.645 Y45.678
G0 X43.91 Y44.925
G0 X43.761 Y44.925
G1 F3600 X46.426 Y42.26 E0.06268
G1 X46.496 Y42.19
G0 F7200 X46.496 Y42.41
G0 X47.917 Y42.41
G0 X47.917 Y42.26
G1 F3600 X49.174 Y43.517 E0.02956
G1 X49.244 Y43.587
G0 F7200 X49.176 Y43.363
G0 X51.112 Y43.098
G0 X51.098 Y43.245
G1 F3600 X52.083 Y42.26 E0.02317
G1 X52.153 Y42.19
G0 F7200 X52.153 Y42.41
G0 X53.574 Y42.41
G0 X53.574 Y42.26
G1 F3600 X56.054 Y44.74 E0.05833
G0 F7200 X55.259 Y44.74
G1 F3600 X56.24 Y43.759 E0.02307
G1 X56.31 Y43.689
G0 F7200 X56.09 Y43.689
G0 X51 Y43.146
G0 X49.663 Y43.278
G0 X48.377 Y43.669
G0 X47.193 Y44.301
G0 X46.153 Y45.153
G0 X45.301 Y46.193
G0 X44.669 Y47.377
G0 X44.278 Y48.663
G0 X44.146 Y50
G0 X44.278 Y51.337
G0 X44.669 Y52.623
G0 X45.301 Y53.807
G0 X46.153 Y54.847
G0 X47.193 Y55.699
G0 X48.377 Y56.331
G0 X49.663 Y56.722
G0 X51 Y56.854
G0 X52.337 Y56.722
G0 X56.053 Y55.41
G0 X56.053 Y55.26
G1 F3600 X53.573 Y57.74 E0.05833
G1 X53.503 Y57.81
G0 F7200 X53.503 Y57.59
G0 X52.083 Y57.59
G0 X52.083 Y57.74
G1 F3600 X51.091 Y56.748 E0.02333
G1 X51.021 Y56.678
G0 F7200 X51.043 Y56.91
G0 X49.131 Y56.623
G0 X49.175 Y56.481
G1 F3600 X47.916 Y57.74 E0.02961
G1 X47.846 Y57.81
G0 F7200 X47.846 Y57.59
G0 X46.425 Y57.59
G0 X46.425 Y57.739
G1 F3600 X43.76 Y55.074 E0.06268
G1 X43.69 Y55.004
G0 F7200 X43.91 Y55.004
G0 X43.91 Y56.238
G0 X43.761 Y56.238
G1 F3600 X45.765 Y54.234 E0.04713
G1 X45.835 Y54.164
G0 F7200 X45.643 Y54.32
G0 X44.789 Y52.848
G0 X43.91 Y50.581
G0 X43.761 Y50.581
G1 F3600 X44.249 Y50.094 E0.01147
G1 X44.249 Y49.906
G1 X43.76 Y49.417 E0.0115
G0 F7200 X43.91 Y49.417
G0 X44.278 Y51.337
G0 X44.669 Y52.623
G0 X45.301 Y53.807
G0 X46.153 Y54.847
G0 X47.193 Y55.699
G0 X48.377 Y56.331
G0 X49.663 Y56.722
G0 X51 Y56.854
G0 X52.337 Y56.722
G0 X53.494 Y56.37
G0 X55.26 Y55.41
G0 X55.26 Y55.26
G1 F3600 X56.24 Y56.24 E0.02305
G1 X56.31 Y56.31
G0 F7200 X56.09 Y56.31
G0 X52.376 Y56.773
G0 X52.287 Y56.477
;TYPE:WALL-INNER
G1 F3600 X51 Y56.599 E0.0215
G1 X49.708 Y56.476 E0.02158
G1 X48.469 Y56.097 E0.02155
G1 X47.334 Y55.494 E0.02137
G1 X46.328 Y54.666 E0.02167
G1 X45.505 Y53.661 E0.0216
G1 X44.899 Y52.53 E0.02134
G1 X44.523 Y51.288 E0.02158
G1 X44.4 Y50 E0.02152
G1 X44.523 Y48.708 E0.02158
G1 X44.899 Y47.466 E0.02158
G1 X45.505 Y46.335 E0.02134
G1 X46.326 Y45.332 E0.02156
G1 X47.335 Y44.505 E0.0217
G1 X48.471 Y43.898 E0.02142
G1 X49.708 Y43.524 E0.02149
G1 X51 Y43.396 E0.02159
G1 X52.288 Y43.524 E0.02153
G1 X53.525 Y43.898 E0.02149
G1 X54.665 Y44.508 E0.0215
G1 X55.143 Y44.9 E0.01028
G1 X56.4 Y44.9 E0.0209
G1 X56.4 Y42.313 E0.04302
G1 X56.274 Y42.101 E0.0041
G1 X43.6 Y42.1 E0.21077
G1 X43.601 Y57.899 E0.26274
G1 X56.272 Y57.9 E0.21072
G1 X56.4 Y57.683 E0.00419
G1 X56.4 Y55.1 E0.04296
G1 X55.143 Y55.1 E0.0209
G1 X54.663 Y55.494 E0.01033
G1 X53.527 Y56.097 E0.02139
G1 X52.287 Y56.477 E0.02157
G0 F7200 X52.192 Y56.084
;TYPE:WALL-OUTER
G1 F1800 X50.981 Y56.196 E0.02022
G1 X49.805 Y56.084 E0.01965
G1 X48.641 Y55.732 E0.02022
G1 X47.54 Y55.147 E0.02073
G1 X46.628 Y54.395 E0.01966
G1 X45.831 Y53.423 E0.0209
G1 X45.279 Y52.391 E0.01946
G1 X44.916 Y51.192 E0.02083
G1 X44.8 Y49.98 E0.02025
G1 X44.916 Y48.804 E0.01965
G1 X45.279 Y47.605 E0.02083
G1 X45.831 Y46.573 E0.01946
G1 X46.629 Y45.601 E0.02091
G1 X47.573 Y44.831 E0.02026
G1 X48.605 Y44.279 E0.01946
G1 X49.804 Y43.916 E0.02083
G1 X51.02 Y43.8 E0.02031
G1 X52.192 Y43.916 E0.01959
G1 X53.391 Y44.279 E0.02083
G1 X54.423 Y44.831 E0.01946
G1 X55 Y45.3 E0.01237
G1 X56.8 Y45.3 E0.02993
G1 X56.8 Y42.262 E0.05052
G1 X56.635 Y41.879 E0.00694
G1 X56.356 Y41.701 E0.0055
G1 X43.2 Y41.7 E0.21879
G1 X43.201 Y58.299 E0.27604
G1 X56.354 Y58.3 E0.21874
G1 X56.635 Y58.12 E0.00555
G1 X56.8 Y57.734 E0.00698
G1 X56.8 Y54.7 E0.05046
G1 X55 Y54.7 E0.02993
G1 X54.422 Y55.169 E0.01238
G1 X53.355 Y55.732 E0.02006
G1 X52.192 Y56.084 E0.02021
G0 F7200 X51.993 Y56.102
G0 X52.091 Y57.109
;MESH:NONMESH
G0 F600 X52.091 Y57.109 Z10.3
G0 F7200 X49.663 Y56.722
G0 X48.377 Y56.331
G0 X47.193 Y55.699
G0 X46.153 Y54.847
G0 X45.301 Y53.807
G0 X44.669 Y52.623
G0 X44.278 Y51.337
G0 X43.91 Y43.76
G0 X43.76 Y43.76
;TIME_ELAPSED:963.678475
;LAYER:100
;TYPE:FILL
;MESH:head.stl
G1 F3600 X45.765 Y45.765 E0.04715
G1 X45.835 Y45.835
G0 F7200 X45.645 Y45.678
G0 X43.91 Y44.925
G0 X43.761 Y44.925
G1 F3600 X46.426 Y42.26 E0.06268
G1 X46.496 Y42.19
G0 F7200 X46.496 Y42.41
G0 X47.917 Y42.41
G0 X47.917 Y42.26
G1 F3600 X49.174 Y43.517 E0.02956
G1 X49.244 Y43.587
G0 F7200 X49.176 Y43.363
G0 X51.112 Y43.098
G0 X51.098 Y43.245
G1 F3600 X52.083 Y42.26 E0.02317
G1 X52.153 Y42.19
G0 F7200 X52.153 Y42.41
G0 X53.574 Y42.41
G0 X53.574 Y42.26
G1 F3600 X56.054 Y44.74 E0.05833
G0 F7200 X55.259 Y44.74
G1 F3600 X56.24 Y43.759 E0.02307
G1 X56.31 Y43.689
G0 F7200 X56.09 Y43.689
G0 X51 Y43.146
G0 X49.663 Y43.278
G0 X48.377 Y43.669
G0 X47.193 Y44.301
G0 X46.153 Y45.153
G0 X45.301 Y46.193
G0 X44.669 Y47.377
G0 X44.278 Y48.663
G0 X44.146 Y50
G0 X44.278 Y51.337
G0 X44.669 Y52.623
G0 X45.301 Y53.807
G0 X46.153 Y54.847
G0 X47.193 Y55.699
G0 X48.377 Y56.331
G0 X49.663 Y56.722
G0 X51 Y56.854
G0 X52.337 Y56.722
G0 X56.053 Y55.41
G0 X56.053 Y55.26
G1 F3600 X53.573 Y57.74 E0.05833
G1 X53.503 Y57.81
G0 F7200 X53.503 Y57.59
G0 X52.083 Y57.59
G0 X52.083 Y57.74
G1 F3600 X51.091 Y56.748 E0.02333
G1 X51.021 Y56.678
G0 F7200 X51.043 Y56.91
G0 X49.131 Y56.623
G0 X49.175 Y56.481
G1 F3600 X47.916 Y57.74 E0.02961
G1 X47.846 Y57.81
G0 F7200 X47.846 Y57.59
G0 X46.425 Y57.59
G0 X46.425 Y57.739
G1 F3600 X43.76 Y55.074 E0.06268
G1 X43.69 Y55.004
G0 F7200 X43.91 Y55.004
G0 X43.91 Y56.238
G0 X43.761 Y56.238
G1 F3600 X45.765 Y54.234 E0.04713
G1 X45.835 Y54.164
G0 F7200 X45.643 Y54.32
G0 X44.789 Y52.848
G0 X43.91 Y50.581
G0 X43.761 Y50.581
G1 F3600 X44.249 Y50.094 E0.01147
G1 X44.249 Y49.906
G1 X43.76 Y49.417 E0.0115
G0 F7200 X43.91 Y49.417
G0 X44.278 Y51.337
G0 X44.669 Y52.623
G0 X45.301 Y53.807
G0 X46.153 Y54.847
G0 X47.193 Y55.699
G0 X48.377 Y56.331
G0 X49.663 Y56.722
G0 X51 Y56.854
G0 X52.337 Y56.722
G0 X53.494 Y56.37
G0 X55.26 Y55.41
G0 X55.26 Y55.26
G1 F3600 X56.24 Y56.24 E0.02305
G1 X56.31 Y56.31
G0 F7200 X56.09 Y56.31
G0 X52.376 Y56.773
G0 X52.287 Y56.477
;TYPE:WALL-INNER
G1 F3600 X51 Y56.599 E0.0215
G1 X49.708 Y56.476 E0.02158
G1 X48.469 Y56.097 E0.02155
G1 X47.334 Y55.494 E0.02137
G1 X46.328 Y54.666 E0.02167
G1 X45.505 Y53.661 E0.0216
G1 X44.899 Y52.53 E0.02134
G1 X44.523 Y51.288 E0.02158
G1 X44.4 Y50 E0.02152
G1 X44.523 Y48.708 E0.02158
G1 X44.899 Y47.466 E0.02158
G1 X45.505 Y46.335 E0.02134
G1 X46.326 Y45.332 E0.02156
G1 X47.335 Y44.505 E0.0217
G1 X48.471 Y43.898 E0.02142
G1 X49.708 Y43.524 E0.02149
G1 X51 Y43.396 E0.02159
G1 X52.288 Y43.524 E0.02153
G1 X53.525 Y43.898 E0.02149
G1 X54.665 Y44.508 E0.0215
G1 X55.143 Y44.9 E0.01028
G1 X56.4 Y44.9 E0.0209
G1 X56.4 Y42.313 E0.04302
G1 X56.274 Y42.101 E0.0041
G1 X43.6 Y42.1 E0.21077
G1 X43.601 Y57.899 E0.26274
G1 X56.272 Y57.9 E0.21072
G1 X56.4 Y57.683 E0.00419
G1 X56.4 Y55.1 E0.04296
G1 X55.143 Y55.1 E0.0209
G1 X54.663 Y55.494 E0.01033
G1 X53.527 Y56.097 E0.02139
G1 X52.287 Y56.477 E0.02157
G0 F7200 X52.192 Y56.084
;TYPE:WALL-OUTER
G1 F1800 X50.981 Y56.196 E0.02022
G1 X49.805 Y56.084 E0.01965
G1 X48.641 Y55.732 E0.02022
G1 X47.54 Y55.147 E0.02073
G1 X46.628 Y54.395 E0.01966
G1 X45.831 Y53.423 E0.0209
G1 X45.279 Y52.391 E0.01946
G1 X44.916 Y51.192 E0.02083
G1 X44.8 Y49.98 E0.02025
G1 X44.916 Y48.804 E0.01965
G1 X45.279 Y47.605 E0.02083
G1 X45.831 Y46.573 E0.01946
G1 X46.629 Y45.601 E0.02091
G1 X47.573 Y44.831 E0.02026
G1 X48.605 Y44.279 E0.01946
G1 X49.804 Y43.916 E0.02083
G1 X51.02 Y43.8 E0.02031
G1 X52.192 Y43.916 E0.01959
G1 X53.391 Y44.279 E0.02083
G1 X54.423 Y44.831 E0.01946
G1 X55 Y45.3 E0.01237
G1 X56.8 Y45.3 E0.02993
G1 X56.8 Y42.262 E0.05052
G1 X56.635 Y41.879 E0.00694
G1 X56.356 Y41.701 E0.0055
G1 X43.2 Y41.7 E0.21879
G1 X43.201 Y58.299 E0.27604
G1 X56.354 Y58.3 E0.21874
G1 X56.635 Y58.12 E0.00555
G1 X56.8 Y57.734 E0.00698
G1 X56.8 Y54.7 E0.05046
G1 X55 Y54.7 E0.02993
G1 X54.422 Y55.169 E0.01238
G1 X53.355 Y55.732 E0.02006
G1 X52.192 Y56.084 E0.02021
G0 F7200 X51.993 Y56.102
G0 X52.091 Y57.109
;MESH:NONMESH
G0 F600 X52.091 Y57.109 Z10.4
G0 F7200 X49.663 Y56.722
G0 X48.377 Y56.331
G0 X47.193 Y55.699
G0 X46.153 Y54.847
G0 X45.301 Y53.807
G0 X44.669 Y52.623
G0 X44.278 Y51.337
G0 X43.91 Y43.76
G0 X43.76 Y43.76
;TIME_ELAPSED:969.825662
;LAYER:101
;TYPE:FILL
;MESH:head.stl
G1 F3600 X45.765 Y45.765 E0.04715
G1 X45.835 Y45.835
G0 F7200 X45.645 Y45.678
G0 X43.91 Y44.925
G0 X43.761 Y44.925
G1 F3600 X46.426 Y42.26 E0.06268
G1 X46.496 Y42.19
G0 F7200 X46.496 Y42.41
G0 X47.917 Y42.41
G0 X47.917 Y42.26
G1 F3600 X49.174 Y43.517 E0.02956
G1 X49.244 Y43.587
G0 F7200 X49.176 Y43.363
G0 X51.112 Y43.098
G0 X51.098 Y43.245
G1 F3600 X52.083 Y42.26 E0.02317
G1 X52.153 Y42.19
G0 F7200 X52.153 Y42.41
G0 X53.574 Y42.41
G0 X53.574 Y42.26
G1 F3600 X56.054 Y44.74 E0.05833
G0 F7200 X55.259 Y44.74
G1 F3600 X56.24 Y43.759 E0.02307
G1 X56.31 Y43.689
G0 F7200 X56.09 Y43.689
G0 X51 Y43.146
G0 X49.663 Y43.278
G0 X48.377 Y43.669
G0 X47.193 Y44.301
G0 X46.153 Y45.153
G0 X45.301 Y46.193
G0 X44.669 Y47.377
G0 X44.278 Y48.663
G0 X44.146 Y50
G0 X44.278 Y51.337
G0 X44.669 Y52.623
G0 X45.301 Y53.807
G0 X46.153 Y54.847
G0 X47.193 Y55.699
G0 X48.377 Y56.331
G0 X49.663 Y56.722
G0 X51 Y56.854
G0 X52.337 Y56.722
G0 X56.053 Y55.41
G0 X56.053 Y55.26
G1 F3600 X53.573 Y57.74 E0.05833
G1 X53.503 Y57.81
G0 F7200 X53.503 Y57.59
G0 X52.083 Y57.59
G0 X52.083 Y57.74
G1 F3600 X51.091 Y56.748 E0.02333
G1 X51.021 Y56.678
G0 F7200 X51.043 Y56.91
G0 X49.131 Y56.623
G0 X49.175 Y56.481
G1 F3600 X47.916 Y57.74 E0.02961
G1 X47.846 Y57.81
G0 F7200 X47.846 Y57.59
G0 X46.425 Y57.59
G0 X46.425 Y57.739
G1 F3600 X43.76 Y55.074 E0.06268
G1 X43.69 Y55.004
G0 F7200 X43.91 Y55.004
G0 X43.91 Y56.238
G0 X43.761 Y56.238
G1 F3600 X45.765 Y54.234 E0.04713
G1 X45.835 Y54.164
G0 F7200 X45.643 Y54.32
G0 X44.789 Y52.848
G0 X43.91 Y50.581
G0 X43.761 Y50.581
G1 F3600 X44.249 Y50.094 E0.01147
G1 X44.249 Y49.906
G1 X43.76 Y49.417 E0.0115
G0 F7200 X43.91 Y49.417
G0 X44.278 Y51.337
G0 X44.669 Y52.623
G0 X45.301 Y53.807
G0 X46.153 Y54.847
G0 X47.193 Y55.699
G0 X48.377 Y56.331
G0 X49.663 Y56.722
G0 X51 Y56.854
G0 X52.337 Y56.722
G0 X53.494 Y56.37
G0 X55.26 Y55.41
G0 X55.26 Y55.26
G1 F3600 X56.24 Y56.24 E0.02305
G1 X56.31 Y56.31
G0 F7200 X56.09 Y56.31
G0 X52.376 Y56.773
G0 X52.287 Y56.477
;TYPE:WALL-INNER
G1 F3600 X51 Y56.599 E0.0215
G1 X49.708 Y56.476 E0.02158
G1 X48.469 Y56.097 E0.02155
G1 X47.334 Y55.494 E0.02137
G1 X46.328 Y54.666 E0.02167
G1 X45.505 Y53.661 E0.0216
G1 X44.899 Y52.53 E0.02134
G1 X44.523 Y51.288 E0.02158
G1 X44.4 Y50 E0.02152
G1 X44.523 Y48.708 E0.02158
G1 X44.899 Y47.466 E0.02158
G1 X45.505 Y46.335 E0.02134
G1 X46.326 Y45.332 E0.02156
G1 X47.335 Y44.505 E0.0217
G1 X48.471 Y43.898 E0.02142
G1 X49.708 Y43.524 E0.02149
G1 X51 Y43.396 E0.02159
G1 X52.288 Y43.524 E0.02153
G1 X53.525 Y43.898 E0.02149
G1 X54.665 Y44.508 E0.0215
G1 X55.143 Y44.9 E0.01028
G1 X56.4 Y44.9 E0.0209
G1 X56.4 Y42.313 E0.04302
G1 X56.274 Y42.101 E0.0041
G1 X43.6 Y42.1 E0.21077
G1 X43.601 Y57.899 E0.26274
G1 X56.272 Y57.9 E0.21072
G1 X56.4 Y57.683 E0.00419
G1 X56.4 Y55.1 E0.04296
G1 X55.143 Y55.1 E0.0209
G1 X54.663 Y55.494 E0.01033
G1 X53.527 Y56.097 E0.02139
G1 X52.287 Y56.477 E0.02157
G0 F7200 X52.192 Y56.084
;TYPE:WALL-OUTER
G1 F1800 X50.981 Y56.196 E0.02022
G1 X49.805 Y56.084 E0.01965
G1 X48.641 Y55.732 E0.02022
G1 X47.54 Y55.147 E0.02073
G1 X46.628 Y54.395 E0.01966
G1 X45.831 Y53.423 E0.0209
G1 X45.279 Y52.391 E0.01946
G1 X44.916 Y51.192 E0.02083
G1 X44.8 Y49.98 E0.02025
G1 X44.916 Y48.804 E0.01965
G1 X45.279 Y47.605 E0.02083
G1 X45.831 Y46.573 E0.01946
G1 X46.629 Y45.601 E0.02091
G1 X47.573 Y44.831 E0.02026
G1 X48.605 Y44.279 E0.01946
G1 X49.804 Y43.916 E0.02083
G1 X51.02 Y43.8 E0.02031
G1 X52.192 Y43.916 E0.01959
G1 X53.391 Y44.279 E0.02083
G1 X54.423 Y44.831 E0.01946
G1 X55 Y45.3 E0.01237
G1 X56.8 Y45.3 E0.02993
G1 X56.8 Y42.262 E0.05052
G1 X56.635 Y41.879 E0.00694
G1 X56.356 Y41.701 E0.0055
G1 X43.2 Y41.7 E0.21879
G1 X43.201 Y58.299 E0.27604
G1 X56.354 Y58.3 E0.21874
G1 X56.635 Y58.12 E0.00555
G1 X56.8 Y57.734 E0.00698
G1 X56.8 Y54.7 E0.05046
G1 X55 Y54.7 E0.02993
G1 X54.422 Y55.169 E0.01238
G1 X53.355 Y55.732 E0.02006
G1 X52.192 Y56.084 E0.02021
G0 F7200 X51.993 Y56.102
G0 X52.091 Y57.109
;MESH:NONMESH
G0 F600 X52.091 Y57.109 Z10.5
G0 F7200 X49.663 Y56.722
G0 X48.377 Y56.331
G0 X47.193 Y55.699
G0 X46.153 Y54.847
G0 X45.301 Y53.807
G0 X44.669 Y52.623
G0 X44.278 Y51.337
G0 X43.91 Y43.76
G0 X43.76 Y43.76
;TIME_ELAPSED:975.972849
;LAYER:102
;TYPE:FILL
;MESH:head.stl
G1 F3600 X45.765 Y45.765 E0.04715
G1 X45.835 Y45.835
G0 F7200 X45.645 Y45.678
G0 X43.91 Y44.925
G0 X43.761 Y44.925
G1 F3600 X46.426 Y42.26 E0.06268
G1 X46.496 Y42.19
G0 F7200 X46.496 Y42.41
G0 X47.917 Y42.41
G0 X47.917 Y42.26
G1 F3600 X49.174 Y43.517 E0.02956
G1 X49.244 Y43.587
G0 F7200 X49.176 Y43.363
G0 X51.112 Y43.098
G0 X51.098 Y43.245
G1 F3600 X52.083 Y42.26 E0.02317
G1 X52.153 Y42.19
G0 F7200 X52.153 Y42.41
G0 X53.574 Y42.41
G0 X53.574 Y42.26
G1 F3600 X56.054 Y44.74 E0.05833
G0 F7200 X55.259 Y44.74
G1 F3600 X56.24 Y43.759 E0.02307
G1 X56.31 Y43.689
G0 F7200 X56.09 Y43.689
G0 X51 Y43.146
G0 X49.663 Y43.278
G0 X48.377 Y43.669
G0 X47.193 Y44.301
G0 X46.153 Y45.153
G0 X45.301 Y46.193
G0 X44.669 Y47.377
G0 X44.278 Y48.663
G0 X44.146 Y50
G0 X44.278 Y51.337
G0 X44.669 Y52.623
G0 X45.301 Y53.807
G0 X46.153 Y54.847
G0 X47.193 Y55.699
G0 X48.377 Y56.331
G0 X49.663 Y56.722
G0 X51 Y56.854
G0 X52.337 Y56.722
G0 X56.053 Y55.41
G0 X56.053 Y55.26
G1 F3600 X53.573 Y57.74 E0.05833
G1 X53.503 Y57.81
G0 F7200 X53.503 Y57.59
G0 X52.083 Y57.59
G0 X52.083 Y57.74
G1 F3600 X51.091 Y56.748 E0.02333
G1 X51.021 Y56.678
G0 F7200 X51.043 Y56.91
G0 X49.131 Y56.623
G0 X49.175 Y56.481
G1 F3600 X47.916 Y57.74 E0.02961
G1 X47.846 Y57.81
G0 F7200 X47.846 Y57.59
G0 X46.425 Y57.59
G0 X46.425 Y57.739
G1 F3600 X43.76 Y55.074 E0.06268
G1 X43.69 Y55.004
G0 F7200 X43.91 Y55.004
G0 X43.91 Y56.238
G0 X43.761 Y56.238
G1 F3600 X45.765 Y54.234 E0.04713
G1 X45.835 Y54.164
G0 F7200 X45.643 Y54.32
G0 X44.789 Y52.848
G0 X43.91 Y50.581
G0 X43.761 Y50.581
G1 F3600 X44.249 Y50.094 E0.01147
G1 X44.249 Y49.906
G1 X43.76 Y49.417 E0.0115
G0 F7200 X43.91 Y49.417
G0 X44.278 Y51.337
G0 X44.669 Y52.623
G0 X45.301 Y53.807
G0 X46.153 Y54.847
G0 X47.193 Y55.699
G0 X48.377 Y56.331
G0 X49.663 Y56.722
G0 X51 Y56.854
G0 X52.337 Y56.722
G0 X53.494 Y56.37
G0 X55.26 Y55.41
G0 X55.26 Y55.26
G1 F3600 X56.24 Y56.24 E0.02305
G1 X56.31 Y56.31
G0 F7200 X56.09 Y56.31
G0 X52.376 Y56.773
G0 X52.287 Y56.477
;TYPE:WALL-INNER
G1 F3600 X51 Y56.599 E0.0215
G1 X49.708 Y56.476 E0.02158
G1 X48.469 Y56.097 E0.02155
G1 X47.334 Y55.494 E0.02137
G1 X46.328 Y54.666 E0.02167
G1 X45.505 Y53.661 E0.0216
G1 X44.899 Y52.53 E0.02134
G1 X44.523 Y51.288 E0.02158
G1 X44.4 Y50 E0.02152
G1 X44.523 Y48.708 E0.02158
G1 X44.899 Y47.466 E0.02158
G1 X45.505 Y46.335 E0.02134
G1 X46.326 Y45.332 E0.02156
G1 X47.335 Y44.505 E0.0217
G1 X48.471 Y43.898 E0.02142
G1 X49.708 Y43.524 E0.02149
G1 X51 Y43.396 E0.02159
G1 X52.288 Y43.524 E0.02153
G1 X53.525 Y43.898 E0.02149
G1 X54.665 Y44.508 E0.0215
G1 X55.143 Y44.9 E0.01028
G1 X56.4 Y44.9 E0.0209
G1 X56.4 Y42.313 E0.04302
G1 X56.274 Y42.101 E0.0041
G1 X43.6 Y42.1 E0.21077
G1 X43.601 Y57.899 E0.26274
G1 X56.272 Y57.9 E0.21072
G1 X56.4 Y57.683 E0.00419
G1 X56.4 Y55.1 E0.04296
G1 X55.143 Y55.1 E0.0209
G1 X54.663 Y55.494 E0.01033
G1 X53.527 Y56.097 E0.02139
G1 X52.287 Y56.477 E0.02157
G0 F7200 X52.192 Y56.084
;TYPE:WALL-OUTER
G1 F1800 X50.981 Y56.196 E0.02022
G1 X49.805 Y56.084 E0.01965
G1 X48.641 Y55.732 E0.02022
G1 X47.54 Y55.147 E0.02073
G1 X46.628 Y54.395 E0.01966
G1 X45.831 Y53.423 E0.0209
G1 X45.279 Y52.391 E0.01946
G1 X44.916 Y51.192 E0.02083
G1 X44.8 Y49.98 E0.02025
G1 X44.916 Y48.804 E0.01965
G1 X45.279 Y47.605 E0.02083
G1 X45.831 Y46.573 E0.01946
G1 X46.629 Y45.601 E0.02091
G1 X47.573 Y44.831 E0.02026
G1 X48.605 Y44.279 E0.01946
G1 X49.804 Y43.916 E0.02083
G1 X51.02 Y43.8 E0.02031
G1 X52.192 Y43.916 E0.01959
G1 X53.391 Y44.279 E0.02083
G1 X54.423 Y44.831 E0.01946
G1 X55 Y45.3 E0.01237
G1 X56.8 Y45.3 E0.02993
G1 X56.8 Y42.262 E0.05052
G1 X56.635 Y41.879 E0.00694
G1 X56.356 Y41.701 E0.0055
G1 X43.2 Y41.7 E0.21879
G1 X43.201 Y58.299 E0.27604
G1 X56.354 Y58.3 E0.21874
G1 X56.635 Y58.12 E0.00555
G1 X56.8 Y57.734 E0.00698
G1 X56.8 Y54.7 E0.05046
G1 X55 Y54.7 E0.02993
G1 X54.422 Y55.169 E0.01238
G1 X53.355 Y55.732 E0.02006
G1 X52.192 Y56.084 E0.02021
G0 F7200 X51.993 Y56.102
G0 X52.091 Y57.109
;MESH:NONMESH
G0 F600 X52.091 Y57.109 Z10.6
G0 F7200 X49.663 Y56.722
G0 X48.377 Y56.331
G0 X47.193 Y55.699
G0 X46.153 Y54.847
G0 X45.301 Y53.807
G0 X44.669 Y52.623
G0 X44.278 Y51.337
G0 X43.91 Y43.76
G0 X43.76 Y43.76
;TIME_ELAPSED:982.120036
;LAYER:103
;TYPE:FILL
;MESH:head.stl
G1 F3600 X45.765 Y45.765 E0.04715
G1 X45.835 Y45.835
G0 F7200 X45.645 Y45.678
G0 X43.91 Y44.925
G0 X43.761 Y44.925
G1 F3600 X46.426 Y42.26 E0.06268
G1 X46.496 Y42.19
G0 F7200 X46.496 Y42.41
G0 X47.917 Y42.41
G0 X47.917 Y42.26
G1 F3600 X49.174 Y43.517 E0.02956
G1 X49.244 Y43.587
G0 F7200 X49.176 Y43.363
G0 X51.112 Y43.098
G0 X51.098 Y43.245
G1 F3600 X52.083 Y42.26 E0.02317
G1 X52.153 Y42.19
G0 F7200 X52.153 Y42.41
G0 X53.574 Y42.41
G0 X53.574 Y42.26
G1 F3600 X56.054 Y44.74 E0.05833
G0 F7200 X55.259 Y44.74
G1 F3600 X56.24 Y43.759 E0.02307
G1 X56.31 Y43.689
G0 F7200 X56.09 Y43.689
G0 X51 Y43.146
G0 X49.663 Y43.278
G0 X48.377 Y43.669
G0 X47.193 Y44.301
G0 X46.153 Y45.153
G0 X45.301 Y46.193
G0 X44.669 Y47.377
G0 X44.278 Y48.663
G0 X44.146 Y50
G0 X44.278 Y51.337
G0 X44.669 Y52.623
G0 X45.301 Y53.807
G0 X46.153 Y54.847
G0 X47.193 Y55.699
G0 X48.377 Y56.331
G0 X49.663 Y56.722
G0 X51 Y56.854
G0 X52.337 Y56.722
G0 X56.053 Y55.41
G0 X56.053 Y55.26
G1 F3600 X53.573 Y57.74 E0.05833
G1 X53.503 Y57.81
G0 F7200 X53.503 Y57.59
G0 X52.083 Y57.59
G0 X52.083 Y57.74
G1 F3600 X51.091 Y56.748 E0.02333
G1 X51.021 Y56.678
G0 F7200 X51.043 Y56.91
G0 X49.131 Y56.623
G0 X49.175 Y56.481
G1 F3600 X47.916 Y57.74 E0.02961
G1 X47.846 Y57.81
G0 F7200 X47.846 Y57.59
G0 X46.425 Y57.59
G0 X46.425 Y57.739
G1 F3600 X43.76 Y55.074 E0.06268
G1 X43.69 Y55.004
G0 F7200 X43.91 Y55.004
G0 X43.91 Y56.238
G0 X43.761 Y56.238
G1 F3600 X45.765 Y54.234 E0.04713
G1 X45.835 Y54.164
G0 F7200 X45.643 Y54.32
G0 X44.789 Y52.848
G0 X43.91 Y50.581
G0 X43.761 Y50.581
G1 F3600 X44.249 Y50.094 E0.01147
G1 X44.249 Y49.906
G1 X43.76 Y49.417 E0.0115
G0 F7200 X43.91 Y49.417
G0 X44.278 Y51.337
G0 X44.669 Y52.623
G0 X45.301 Y53.807
G0 X46.153 Y54.847
G0 X47.193 Y55.699
G0 X48.377 Y56.331
G0 X49.663 Y56.722
G0 X51 Y56.854
G0 X52.337 Y56.722
G0 X53.494 Y56.37
G0 X55.26 Y55.41
G0 X55.26 Y55.26
G1 F3600 X56.24 Y56.24 E0.02305
G1 X56.31 Y56.31
G0 F7200 X56.09 Y56.31
G0 X52.376 Y56.773
G0 X52.287 Y56.477
;TYPE:WALL-INNER
G1 F3600 X51 Y56.599 E0.0215
G1 X49.708 Y56.476 E0.02158
G1 X48.469 Y56.097 E0.02155
G1 X47.334 Y55.494 E0.02137
G1 X46.328 Y54.666 E0.02167
G1 X45.505 Y53.661 E0.0216
G1 X44.899 Y52.53 E0.02134
G1 X44.523 Y51.288 E0.02158
G1 X44.4 Y50 E0.02152
G1 X44.523 Y48.708 E0.02158
G1 X44.899 Y47.466 E0.02158
G1 X45.505 Y46.335 E0.02134
G1 X46.326 Y45.332 E0.02156
G1 X47.335 Y44.505 E0.0217
G1 X48.471 Y43.898 E0.02142
G1 X49.708 Y43.524 E0.02149
G1 X51 Y43.396 E0.02159
G1 X52.288 Y43.524 E0.02153
G1 X53.525 Y43.898 E0.02149
G1 X54.665 Y44.508 E0.0215
G1 X55.143 Y44.9 E0.01028
G1 X56.4 Y44.9 E0.0209
G1 X56.4 Y42.313 E0.04302
G1 X56.274 Y42.101 E0.0041
G1 X43.6 Y42.1 E0.21077
G1 X43.601 Y57.899 E0.26274
G1 X56.272 Y57.9 E0.21072
G1 X56.4 Y57.683 E0.00419
G1 X56.4 Y55.1 E0.04296
G1 X55.143 Y55.1 E0.0209
G1 X54.663 Y55.494 E0.01033
G1 X53.527 Y56.097 E0.02139
G1 X52.287 Y56.477 E0.02157
G0 F7200 X52.192 Y56.084
;TYPE:WALL-OUTER
G1 F1800 X50.981 Y56.196 E0.02022
G1 X49.805 Y56.084 E0.01965
G1 X48.641 Y55.732 E0.02022
G1 X47.54 Y55.147 E0.02073
G1 X46.628 Y54.395 E0.01966
G1 X45.831 Y53.423 E0.0209
G1 X45.279 Y52.391 E0.01946
G1 X44.916 Y51.192 E0.02083
G1 X44.8 Y49.98 E0.02025
G1 X44.916 Y48.804 E0.01965
G1 X45.279 Y47.605 E0.02083
G1 X45.831 Y46.573 E0.01946
G1 X46.629 Y45.601 E0.02091
G1 X47.573 Y44.831 E0.02026
G1 X48.605 Y44.279 E0.01946
G1 X49.804 Y43.916 E0.02083
G1 X51.02 Y43.8 E0.02031
G1 X52.192 Y43.916 E0.01959
G1 X53.391 Y44.279 E0.02083
G1 X54.423 Y44.831 E0.01946
G1 X55 Y45.3 E0.01237
G1 X56.8 Y45.3 E0.02993
G1 X56.8 Y42.262 E0.05052
G1 X56.635 Y41.879 E0.00694
G1 X56.356 Y41.701 E0.0055
G1 X43.2 Y41.7 E0.21879
G1 X43.201 Y58.299 E0.27604
G1 X56.354 Y58.3 E0.21874
G1 X56.635 Y58.12 E0.00555
G1 X56.8 Y57.734 E0.00698
G1 X56.8 Y54.7 E0.05046
G1 X55 Y54.7 E0.02993
G1 X54.422 Y55.169 E0.01238
G1 X53.355 Y55.732 E0.02006
G1 X52.192 Y56.084 E0.02021
G0 F7200 X51.993 Y56.102
G0 X52.091 Y57.109
;MESH:NONMESH
G0 F600 X52.091 Y57.109 Z10.7
G0 F7200 X49.663 Y56.722
G0 X48.377 Y56.331
G0 X47.193 Y55.699
G0 X46.153 Y54.847
G0 X45.301 Y53.807
G0 X44.669 Y52.623
G0 X44.278 Y51.337
G0 X43.91 Y43.76
G0 X43.76 Y43.76
;TIME_ELAPSED:988.267223
;LAYER:104
;TYPE:FILL
;MESH:head.stl
G1 F3600 X45.765 Y45.765 E0.04715
G1 X45.835 Y45.835
G0 F7200 X45.645 Y45.678
G0 X43.91 Y44.925
G0 X43.761 Y44.925
G1 F3600 X46.426 Y42.26 E0.06268
G1 X46.496 Y42.19
G0 F7200 X46.496 Y42.41
G0 X47.917 Y42.41
G0 X47.917 Y42.26
G1 F3600 X49.174 Y43.517 E0.02956
G1 X49.244 Y43.587
G0 F7200 X49.176 Y43.363
G0 X51.112 Y43.098
G0 X51.098 Y43.245
G1 F3600 X52.083 Y42.26 E0.02317
G1 X52.153 Y42.19
G0 F7200 X52.153 Y42.41
G0 X53.574 Y42.41
G0 X53.574 Y42.26
G1 F3600 X56.054 Y44.74 E0.05833
G0 F7200 X55.259 Y44.74
G1 F3600 X56.24 Y43.759 E0.02307
G1 X56.31 Y43.689
G0 F7200 X56.09 Y43.689
G0 X51 Y43.146
G0 X49.663 Y43.278
G0 X48.377 Y43.669
G0 X47.193 Y44.301
G0 X46.153 Y45.153
G0 X45.301 Y46.193
G0 X44.669 Y47.377
G0 X44.278 Y48.663
G0 X44.146 Y50
G0 X44.278 Y51.337
G0 X44.669 Y52.623
G0 X45.301 Y53.807
G0 X46.153 Y54.847
G0 X47.193 Y55.699
G0 X48.377 Y56.331
G0 X49.663 Y56.722
G0 X51 Y56.854
G0 X52.337 Y56.722
G0 X56.053 Y55.41
G0 X56.053 Y55.26
G1 F3600 X53.573 Y57.74 E0.05833
G1 X53.503 Y57.81
G0 F7200 X53.503 Y57.59
G0 X52.083 Y57.59
G0 X52.083 Y57.74
G1 F3600 X51.091 Y56.748 E0.02333
G1 X51.021 Y56.678
G0 F7200 X51.043 Y56.91
G0 X49.131 Y56.623
G0 X49.175 Y56.481
G1 F3600 X47.916 Y57.74 E0.02961
G1 X47.846 Y57.81
G0 F7200 X47.846 Y57.59
G0 X46.425 Y57.59
G0 X46.425 Y57.739
G1 F3600 X43.76 Y55.074 E0.06268
G1 X43.69 Y55.004
G0 F7200 X43.91 Y55.004
G0 X43.91 Y56.238
G0 X43.761 Y56.238
G1 F3600 X45.765 Y54.234 E0.04713
G1 X45.835 Y54.164
G0 F7200 X45.643 Y54.32
G0 X44.789 Y52.848
G0 X43.91 Y50.581
G0 X43.761 Y50.581
G1 F3600 X44.249 Y50.094 E0.01147
G1 X44.249 Y49.906
G1 X43.76 Y49.417 E0.0115
G0 F7200 X43.91 Y49.417
G0 X44.278 Y51.337
G0 X44.669 Y52.623
G0 X45.301 Y53.807
G0 X46.153 Y54.847
G0 X47.193 Y55.699
G0 X48.377 Y56.331
G0 X49.663 Y56.722
G0 X51 Y56.854
G0 X52.337 Y56.722
G0 X53.494 Y56.37
G0 X55.26 Y55.41
G0 X55.26 Y55.26
G1 F3600 X56.24 Y56.24 E0.02305
G1 X56.31 Y56.31
G0 F7200 X56.09 Y56.31
G0 X52.376 Y56.773
G0 X52.287 Y56.477
;TYPE:WALL-INNER
G1 F3600 X51 Y56.599 E0.0215
G1 X49.708 Y56.476 E0.02158
G1 X48.469 Y56.097 E0.02155
G1 X47.334 Y55.494 E0.02137
G1 X46.328 Y54.666 E0.02167
G1 X45.505 Y53.661 E0.0216
G1 X44.899 Y52.53 E0.02134
G1 X44.523 Y51.288 E0.02158
G1 X44.4 Y50 E0.02152
G1 X44.523 Y48.708 E0.02158
G1 X44.899 Y47.466 E0.02158
G1 X45.505 Y46.335 E0.02134
G1 X46.326 Y45.332 E0.02156
G1 X47.335 Y44.505 E0.0217
G1 X48.471 Y43.898 E0.02142
G1 X49.708 Y43.524 E0.02149
G1 X51 Y43.396 E0.02159
G1 X52.288 Y43.524 E0.02153
G1 X53.525 Y43.898 E0.02149
G1 X54.665 Y44.508 E0.0215
G1 X55.143 Y44.9 E0.01028
G1 X56.4 Y44.9 E0.0209
G1 X56.4 Y42.313 E0.04302
G1 X56.274 Y42.101 E0.0041
G1 X43.6 Y42.1 E0.21077
G1 X43.601 Y57.899 E0.26274
G1 X56.272 Y57.9 E0.21072
G1 X56.4 Y57.683 E0.00419
G1 X56.4 Y55.1 E0.04296
G1 X55.143 Y55.1 E0.0209
G1 X54.663 Y55.494 E0.01033
G1 X53.527 Y56.097 E0.02139
G1 X52.287 Y56.477 E0.02157
G0 F7200 X52.192 Y56.084
;TYPE:WALL-OUTER
G1 F1800 X50.981 Y56.196 E0.02022
G1 X49.805 Y56.084 E0.01965
G1 X48.641 Y55.732 E0.02022
G1 X47.54 Y55.147 E0.02073
G1 X46.628 Y54.395 E0.01966
G1 X45.831 Y53.423 E0.0209
G1 X45.279 Y52.391 E0.01946
G1 X44.916 Y51.192 E0.02083
G1 X44.8 Y49.98 E0.02025
G1 X44.916 Y48.804 E0.01965
G1 X45.279 Y47.605 E0.02083
G1 X45.831 Y46.573 E0.01946
G1 X46.629 Y45.601 E0.02091
G1 X47.573 Y44.831 E0.02026
G1 X48.605 Y44.279 E0.01946
G1 X49.804 Y43.916 E0.02083
G1 X51.02 Y43.8 E0.02031
G1 X52.192 Y43.916 E0.01959
G1 X53.391 Y44.279 E0.02083
G1 X54.423 Y44.831 E0.01946
G1 X55 Y45.3 E0.01237
G1 X56.8 Y45.3 E0.02993
G1 X56.8 Y42.262 E0.05052
G1 X56.635 Y41.879 E0.00694
G1 X56.356 Y41.701 E0.0055
G1 X43.2 Y41.7 E0.21879
G1 X43.201 Y58.299 E0.27604
G1 X56.354 Y58.3 E0.21874
G1 X56.635 Y58.12 E0.00555
G1 X56.8 Y57.734 E0.00698
G1 X56.8 Y54.7 E0.05046
G1 X55 Y54.7 E0.02993
G1 X54.422 Y55.169 E0.01238
G1 X53.355 Y55.732 E0.02006
G1 X52.192 Y56.084 E0.02021
G0 F7200 X51.993 Y56.102
G0 X52.091 Y57.109
;MESH:NONMESH
G0 F600 X52.091 Y57.109 Z10.8
G0 F7200 X49.663 Y56.722
G0 X48.377 Y56.331
G0 X47.193 Y55.699
G0 X46.153 Y54.847
G0 X45.301 Y53.807
G0 X44.669 Y52.623
G0 X44.278 Y51.337
G0 X43.91 Y43.76
G0 X43.76 Y43.76
;TIME_ELAPSED:994.414409
;LAYER:105
;TYPE:FILL
;MESH:head.stl
G1 F3600 X45.765 Y45.765 E0.04715
G1 X45.835 Y45.835
G0 F7200 X45.645 Y45.678
G0 X43.91 Y44.925
G0 X43.761 Y44.925
G1 F3600 X46.426 Y42.26 E0.06268
G1 X46.496 Y42.19
G0 F7200 X46.496 Y42.41
G0 X47.917 Y42.41
G0 X47.917 Y42.26
G1 F3600 X49.174 Y43.517 E0.02956
G1 X49.244 Y43.587
G0 F7200 X49.176 Y43.363
G0 X51.112 Y43.098
G0 X51.098 Y43.245
G1 F3600 X52.083 Y42.26 E0.02317
G1 X52.153 Y42.19
G0 F7200 X52.153 Y42.41
G0 X53.574 Y42.41
G0 X53.574 Y42.26
G1 F3600 X56.054 Y44.74 E0.05833
G0 F7200 X55.259 Y44.74
G1 F3600 X56.24 Y43.759 E0.02307
G1 X56.31 Y43.689
G0 F7200 X56.09 Y43.689
G0 X51 Y43.146
G0 X49.663 Y43.278
G0 X48.377 Y43.669
G0 X47.193 Y44.301
G0 X46.153 Y45.153
G0 X45.301 Y46.193
G0 X44.669 Y47.377
G0 X44.278 Y48.663
G0 X44.146 Y50
G0 X44.278 Y51.337
G0 X44.669 Y52.623
G0 X45.301 Y53.807
G0 X46.153 Y54.847
G0 X47.193 Y55.699
G0 X48.377 Y56.331
G0 X49.663 Y56.722
G0 X51 Y56.854
G0 X52.337 Y56.722
G0 X56.053 Y55.41
G0 X56.053 Y55.26
G1 F3600 X53.573 Y57.74 E0.05833
G1 X53.503 Y57.81
G0 F7200 X53.503 Y57.59
G0 X52.083 Y57.59
G0 X52.083 Y57.74
G1 F3600 X51.091 Y56.748 E0.02333
G1 X51.021 Y56.678
G0 F7200 X51.043 Y56.91
G0 X49.131 Y56.623
G0 X49.175 Y56.481
G1 F3600 X47.916 Y57.74 E0.02961
G1 X47.846 Y57.81
G0 F7200 X47.846 Y57.59
G0 X46.425 Y57.59
G0 X46.425 Y57.739
G1 F3600 X43.76 Y55.074 E0.06268
G1 X43.69 Y55.004
G0 F7200 X43.91 Y55.004
G0 X43.91 Y56.238
G0 X43.761 Y56.238
G1 F3600 X45.765 Y54.234 E0.04713
G1 X45.835 Y54.164
G0 F7200 X45.643 Y54.32
G0 X44.789 Y52.848
G0 X43.91 Y50.581
G0 X43.761 Y50.581
G1 F3600 X44.249 Y50.094 E0.01147
G1 X44.249 Y49.906
G1 X43.76 Y49.417 E0.0115
G0 F7200 X43.91 Y49.417
G0 X44.278 Y51.337
G0 X44.669 Y52.623
G0 X45.301 Y53.807
G0 X46.153 Y54.847
G0 X47.193 Y55.699
G0 X48.377 Y56.331
G0 X49.663 Y56.722
G0 X51 Y56.854
G0 X52.337 Y56.722
G0 X53.494 Y56.37
G0 X55.26 Y55.41
G0 X55.26 Y55.26
G1 F3600 X56.24 Y56.24 E0.02305
G1 X56.31 Y56.31
G0 F7200 X56.09 Y56.31
G0 X52.376 Y56.773
G0 X52.287 Y56.477
;TYPE:WALL-INNER
G1 F3600 X51 Y56.599 E0.0215
G1 X49.708 Y56.476 E0.02158
G1 X48.469 Y56.097 E0.02155
G1 X47.334 Y55.494 E0.02137
G1 X46.328 Y54.666 E0.02167
G1 X45.505 Y53.661 E0.0216
G1 X44.899 Y52.53 E0.02134
G1 X44.523 Y51.288 E0.02158
G1 X44.4 Y50 E0.02152
G1 X44.523 Y48.708 E0.02158
G1 X44.899 Y47.466 E0.02158
G1 X45.505 Y46.335 E0.02134
G1 X46.326 Y45.332 E0.02156
G1 X47.335 Y44.505 E0.0217
G1 X48.471 Y43.898 E0.02142
G1 X49.708 Y43.524 E0.02149
G1 X51 Y43.396 E0.02159
G1 X52.288 Y43.524 E0.02153
G1 X53.525 Y43.898 E0.02149
G1 X54.665 Y44.508 E0.0215
G1 X55.143 Y44.9 E0.01028
G1 X56.4 Y44.9 E0.0209
G1 X56.4 Y42.313 E0.04302
G1 X56.274 Y42.101 E0.0041
G1 X43.6 Y42.1 E0.21077
G1 X43.601 Y57.899 E0.26274
G1 X56.272 Y57.9 E0.21072
G1 X56.4 Y57.683 E0.00419
G1 X56.4 Y55.1 E0.04296
G1 X55.143 Y55.1 E0.0209
G1 X54.663 Y55.494 E0.01033
G1 X53.527 Y56.097 E0.02139
G1 X52.287 Y56.477 E0.02157
G0 F7200 X52.192 Y56.084
;TYPE:WALL-OUTER
G1 F1800 X50.981 Y56.196 E0.02022
G1 X49.805 Y56.084 E0.01965
G1 X48.641 Y55.732 E0.02022
G1 X47.54 Y55.147 E0.02073
G1 X46.628 Y54.395 E0.01966
G1 X45.831 Y53.423 E0.0209
G1 X45.279 Y52.391 E0.01946
G1 X44.916 Y51.192 E0.02083
G1 X44.8 Y49.98 E0.02025
G1 X44.916 Y48.804 E0.01965
G1 X45.279 Y47.605 E0.02083
G1 X45.831 Y46.573 E0.01946
G1 X46.629 Y45.601 E0.02091
G1 X47.573 Y44.831 E0.02026
G1 X48.605 Y44.279 E0.01946
G1 X49.804 Y43.916 E0.02083
G1 X51.02 Y43.8 E0.02031
G1 X52.192 Y43.916 E0.01959
G1 X53.391 Y44.279 E0.02083
G1 X54.423 Y44.831 E0.01946
G1 X55 Y45.3 E0.01237
G1 X56.8 Y45.3 E0.02993
G1 X56.8 Y42.262 E0.05052
G1 X56.635 Y41.879 E0.00694
G1 X56.356 Y41.701 E0.0055
G1 X43.2 Y41.7 E0.21879
G1 X43.201 Y58.299 E0.27604
G1 X56.354 Y58.3 E0.21874
G1 X56.635 Y58.12 E0.00555
G1 X56.8 Y57.734 E0.00698
G1 X56.8 Y54.7 E0.05046
G1 X55 Y54.7 E0.02993
G1 X54.422 Y55.169 E0.01238
G1 X53.355 Y55.732 E0.02006
G1 X52.192 Y56.084 E0.02021
G0 F7200 X51.993 Y56.102
G0 X52.091 Y57.109
;MESH:NONMESH
G0 F600 X52.091 Y57.109 Z10.9
G0 F7200 X49.663 Y56.722
G0 X48.377 Y56.331
G0 X47.193 Y55.699
G0 X46.153 Y54.847
G0 X45.301 Y53.807
G0 X44.669 Y52.623
G0 X44.278 Y51.337
G0 X43.91 Y43.76
G0 X43.76 Y43.76
;TIME_ELAPSED:1000.561596
;LAYER:106
;TYPE:FILL
;MESH:head.stl
G1 F3600 X45.765 Y45.765 E0.04715
G1 X45.835 Y45.835
G0 F7200 X45.645 Y45.678
G0 X43.91 Y44.925
G0 X43.761 Y44.925
G1 F3600 X46.426 Y42.26 E0.06268
G1 X46.496 Y42.19
G0 F7200 X46.496 Y42.41
G0 X47.917 Y42.41
G0 X47.917 Y42.26
G1 F3600 X49.174 Y43.517 E0.02956
G1 X49.244 Y43.587
G0 F7200 X49.176 Y43.363
G0 X51.112 Y43.098
G0 X51.098 Y43.245
G1 F3600 X52.083 Y42.26 E0.02317
G1 X52.153 Y42.19
G0 F7200 X52.153 Y42.41
G0 X53.574 Y42.41
G0 X53.574 Y42.26
G1 F3600 X56.054 Y44.74 E0.05833
G0 F7200 X55.259 Y44.74
G1 F3600 X56.24 Y43.759 E0.02307
G1 X56.31 Y43.689
G0 F7200 X56.09 Y43.689
G0 X51 Y43.146
G0 X49.663 Y43.278
G0 X48.377 Y43.669
G0 X47.193 Y44.301
G0 X46.153 Y45.153
G0 X45.301 Y46.193
G0 X44.669 Y47.377
G0 X44.278 Y48.663
G0 X44.146 Y50
G0 X44.278 Y51.337
G0 X44.669 Y52.623
G0 X45.301 Y53.807
G0 X46.153 Y54.847
G0 X47.193 Y55.699
G0 X48.377 Y56.331
G0 X49.663 Y56.722
G0 X51 Y56.854
G0 X52.337 Y56.722
G0 X56.053 Y55.41
G0 X56.053 Y55.26
G1 F3600 X53.573 Y57.74 E0.05833
G1 X53.503 Y57.81
G0 F7200 X53.503 Y57.59
G0 X52.083 Y57.59
G0 X52.083 Y57.74
G1 F3600 X51.091 Y56.748 E0.02333
G1 X51.021 Y56.678
G0 F7200 X51.043 Y56.91
G0 X49.131 Y56.623
G0 X49.175 Y56.481
G1 F3600 X47.916 Y57.74 E0.02961
G1 X47.846 Y57.81
G0 F7200 X47.846 Y57.59
G0 X46.425 Y57.59
G0 X46.425 Y57.739
G1 F3600 X43.76 Y55.074 E0.06268
G1 X43.69 Y55.004
G0 F7200 X43.91 Y55.004
G0 X43.91 Y56.238
G0 X43.761 Y56.238
G1 F3600 X45.765 Y54.234 E0.04713
G1 X45.835 Y54.164
G0 F7200 X45.643 Y54.32
G0 X44.789 Y52.848
G0 X43.91 Y50.581
G0 X43.761 Y50.581
G1 F3600 X44.249 Y50.094 E0.01147
G1 X44.249 Y49.906
G1 X43.76 Y49.417 E0.0115
G0 F7200 X43.91 Y49.417
G0 X44.278 Y51.337
G0 X44.669 Y52.623
G0 X45.301 Y53.807
G0 X46.153 Y54.847
G0 X47.193 Y55.699
G0 X48.377 Y56.331
G0 X49.663 Y56.722
G0 X51 Y56.854
G0 X52.337 Y56.722
G0 X53.494 Y56.37
G0 X55.26 Y55.41
G0 X55.26 Y55.26
G1 F3600 X56.24 Y56.24 E0.02305
G1 X56.31 Y56.31
G0 F7200 X56.09 Y56.31
G0 X52.376 Y56.773
G0 X52.287 Y56.477
;TYPE:WALL-INNER
G1 F3600 X51 Y56.599 E0.0215
G1 X49.708 Y56.476 E0.02158
G1 X48.469 Y56.097 E0.02155
G1 X47.334 Y55.494 E0.02137
G1 X46.328 Y54.666 E0.02167
G1 X45.505 Y53.661 E0.0216
G1 X44.899 Y52.53 E0.02134
G1 X44.523 Y51.288 E0.02158
G1 X44.4 Y50 E0.02152
G1 X44.523 Y48.708 E0.02158
G1 X44.899 Y47.466 E0.02158
G1 X45.505 Y46.335 E0.02134
G1 X46.326 Y45.332 E0.02156
G1 X47.335 Y44.505 E0.0217
G1 X48.471 Y43.898 E0.02142
G1 X49.708 Y43.524 E0.02149
G1 X51 Y43.396 E0.02159
G1 X52.288 Y43.524 E0.02153
G1 X53.525 Y43.898 E0.02149
G1 X54.665 Y44.508 E0.0215
G1 X55.143 Y44.9 E0.01028
G1 X56.4 Y44.9 E0.0209
G1 X56.4 Y42.313 E0.04302
G1 X56.274 Y42.101 E0.0041
G1 X43.6 Y42.1 E0.21077
G1 X43.601 Y57.899 E0.26274
G1 X56.272 Y57.9 E0.21072
G1 X56.4 Y57.683 E0.00419
G1 X56.4 Y55.1 E0.04296
G1 X55.143 Y55.1 E0.0209
G1 X54.663 Y55.494 E0.01033
G1 X53.527 Y56.097 E0.02139
G1 X52.287 Y56.477 E0.02157
G0 F7200 X52.192 Y56.084
;TYPE:WALL-OUTER
G1 F1800 X50.981 Y56.196 E0.02022
G1 X49.805 Y56.084 E0.01965
G1 X48.641 Y55.732 E0.02022
G1 X47.54 Y55.147 E0.02073
G1 X46.628 Y54.395 E0.01966
G1 X45.831 Y53.423 E0.0209
G1 X45.279 Y52.391 E0.01946
G1 X44.916 Y51.192 E0.02083
G1 X44.8 Y49.98 E0.02025
G1 X44.916 Y48.804 E0.01965
G1 X45.279 Y47.605 E0.02083
G1 X45.831 Y46.573 E0.01946
G1 X46.629 Y45.601 E0.02091
G1 X47.573 Y44.831 E0.02026
G1 X48.605 Y44.279 E0.01946
G1 X49.804 Y43.916 E0.02083
G1 X51.02 Y43.8 E0.02031
G1 X52.192 Y43.916 E0.01959
G1 X53.391 Y44.279 E0.02083
G1 X54.423 Y44.831 E0.01946
G1 X55 Y45.3 E0.01237
G1 X56.8 Y45.3 E0.02993
G1 X56.8 Y42.262 E0.05052
G1 X56.635 Y41.879 E0.00694
G1 X56.356 Y41.701 E0.0055
G1 X43.2 Y41.7 E0.21879
G1 X43.201 Y58.299 E0.27604
G1 X56.354 Y58.3 E0.21874
G1 X56.635 Y58.12 E0.00555
G1 X56.8 Y57.734 E0.00698
G1 X56.8 Y54.7 E0.05046
G1 X55 Y54.7 E0.02993
G1 X54.422 Y55.169 E0.01238
G1 X53.355 Y55.732 E0.02006
G1 X52.192 Y56.084 E0.02021
G0 F7200 X51.993 Y56.102
G0 X52.091 Y57.109
;MESH:NONMESH
G0 F600 X52.091 Y57.109 Z11
G0 F7200 X49.663 Y56.722
G0 X48.377 Y56.331
G0 X47.193 Y55.699
G0 X46.153 Y54.847
G0 X45.301 Y53.807
G0 X44.669 Y52.623
G0 X44.278 Y51.337
G0 X43.91 Y43.76
G0 X43.76 Y43.76
;TIME_ELAPSED:1006.708783
;LAYER:107
;TYPE:FILL
;MESH:head.stl
G1 F3600 X45.765 Y45.765 E0.04715
G1 X45.835 Y45.835
G0 F7200 X45.645 Y45.678
G0 X43.91 Y44.925
G0 X43.761 Y44.925
G1 F3600 X46.426 Y42.26 E0.06268
G1 X46.496 Y42.19
G0 F7200 X46.496 Y42.41
G0 X47.917 Y42.41
G0 X47.917 Y42.26
G1 F3600 X49.174 Y43.517 E0.02956
G1 X49.244 Y43.587
G0 F7200 X49.176 Y43.363
G0 X51.112 Y43.098
G0 X51.098 Y43.245
G1 F3600 X52.083 Y42.26 E0.02317
G1 X52.153 Y42.19
G0 F7200 X52.153 Y42.41
G0 X53.574 Y42.41
G0 X53.574 Y42.26
G1 F3600 X56.054 Y44.74 E0.05833
G0 F7200 X55.259 Y44.74
G1 F3600 X56.24 Y43.759 E0.02307
G1 X56.31 Y43.689
G0 F7200 X56.09 Y43.689
G0 X51 Y43.146
G0 X49.663 Y43.278
G0 X48.377 Y43.669
G0 X47.193 Y44.301
G0 X46.153 Y45.153
G0 X45.301 Y46.193
G0 X44.669 Y47.377
G0 X44.278 Y48.663
G0 X44.146 Y50
G0 X44.278 Y51.337
G0 X44.669 Y52.623
G0 X45.301 Y53.807
G0 X46.153 Y54.847
G0 X47.193 Y55.699
G0 X48.377 Y56.331
G0 X49.663 Y56.722
G0 X51 Y56.854
G0 X52.337 Y56.722
G0 X56.053 Y55.41
G0 X56.053 Y55.26
G1 F3600 X53.573 Y57.74 E0.05833
G1 X53.503 Y57.81
G0 F7200 X53.503 Y57.59
G0 X52.083 Y57.59
G0 X52.083 Y57.74
G1 F3600 X51.091 Y56.748 E0.02333
G1 X51.021 Y56.678
G0 F7200 X51.043 Y56.91
G0 X49.131 Y56.623
G0 X49.175 Y56.481
G1 F3600 X47.916 Y57.74 E0.02961
G1 X47.846 Y57.81
G0 F7200 X47.846 Y57.59
G0 X46.425 Y57.59
G0 X46.425 Y57.739
G1 F3600 X43.76 Y55.074 E0.06268
G1 X43.69 Y55.004
G0 F7200 X43.91 Y55.004
G0 X43.91 Y56.238
G0 X43.761 Y56.238
G1 F3600 X45.765 Y54.234 E0.04713
G1 X45.835 Y54.164
G0 F7200 X45.643 Y54.32
G0 X44.789 Y52.848
G0 X43.91 Y50.581
G0 X43.761 Y50.581
G1 F3600 X44.249 Y50.094 E0.01147
G1 X44.249 Y49.906
G1 X43.76 Y49.417 E0.0115
G0 F7200 X43.91 Y49.417
G0 X44.278 Y51.337
G0 X44.669 Y52.623
G0 X45.301 Y53.807
G0 X46.153 Y54.847
G0 X47.193 Y55.699
G0 X48.377 Y56.331
G0 X49.663 Y56.722
G0 X51 Y56.854
G0 X52.337 Y56.722
G0 X53.494 Y56.37
G0 X55.26 Y55.41
G0 X55.26 Y55.26
G1 F3600 X56.24 Y56.24 E0.02305
G1 X56.31 Y56.31
G0 F7200 X56.09 Y56.31
G0 X52.376 Y56.773
G0 X52.287 Y56.477
;TYPE:WALL-INNER
G1 F3600 X51 Y56.599 E0.0215
G1 X49.708 Y56.476 E0.02158
G1 X48.469 Y56.097 E0.02155
G1 X47.334 Y55.494 E0.02137
G1 X46.328 Y54.666 E0.02167
G1 X45.505 Y53.661 E0.0216
G1 X44.899 Y52.53 E0.02134
G1 X44.523 Y51.288 E0.02158
G1 X44.4 Y50 E0.02152
G1 X44.523 Y48.708 E0.02158
G1 X44.899 Y47.466 E0.02158
G1 X45.505 Y46.335 E0.02134
G1 X46.326 Y45.332 E0.02156
G1 X47.335 Y44.505 E0.0217
G1 X48.471 Y43.898 E0.02142
G1 X49.708 Y43.524 E0.02149
G1 X51 Y43.396 E0.02159
G1 X52.288 Y43.524 E0.02153
G1 X53.525 Y43.898 E0.02149
G1 X54.665 Y44.508 E0.0215
G1 X55.143 Y44.9 E0.01028
G1 X56.4 Y44.9 E0.0209
G1 X56.4 Y42.313 E0.04302
G1 X56.274 Y42.101 E0.0041
G1 X43.6 Y42.1 E0.21077
G1 X43.601 Y57.899 E0.26274
G1 X56.272 Y57.9 E0.21072
G1 X56.4 Y57.683 E0.00419
G1 X56.4 Y55.1 E0.04296
G1 X55.143 Y55.1 E0.0209
G1 X54.663 Y55.494 E0.01033
G1 X53.527 Y56.097 E0.02139
G1 X52.287 Y56.477 E0.02157
G0 F7200 X52.192 Y56.084
;TYPE:WALL-OUTER
G1 F1800 X50.981 Y56.196 E0.02022
G1 X49.805 Y56.084 E0.01965
G1 X48.641 Y55.732 E0.02022
G1 X47.54 Y55.147 E0.02073
G1 X46.628 Y54.395 E0.01966
G1 X45.831 Y53.423 E0.0209
G1 X45.279 Y52.391 E0.01946
G1 X44.916 Y51.192 E0.02083
G1 X44.8 Y49.98 E0.02025
G1 X44.916 Y48.804 E0.01965
G1 X45.279 Y47.605 E0.02083
G1 X45.831 Y46.573 E0.01946
G1 X46.629 Y45.601 E0.02091
G1 X47.573 Y44.831 E0.02026
G1 X48.605 Y44.279 E0.01946
G1 X49.804 Y43.916 E0.02083
G1 X51.02 Y43.8 E0.02031
G1 X52.192 Y43.916 E0.01959
G1 X53.391 Y44.279 E0.02083
G1 X54.423 Y44.831 E0.01946
G1 X55 Y45.3 E0.01237
G1 X56.8 Y45.3 E0.02993
G1 X56.8 Y42.262 E0.05052
G1 X56.635 Y41.879 E0.00694
G1 X56.356 Y41.701 E0.0055
G1 X43.2 Y41.7 E0.21879
G1 X43.201 Y58.299 E0.27604
G1 X56.354 Y58.3 E0.21874
G1 X56.635 Y58.12 E0.00555
G1 X56.8 Y57.734 E0.00698
G1 X56.8 Y54.7 E0.05046
G1 X55 Y54.7 E0.02993
G1 X54.422 Y55.169 E0.01238
G1 X53.355 Y55.732 E0.02006
G1 X52.192 Y56.084 E0.02021
G0 F7200 X51.993 Y56.102
G0 X52.091 Y57.109
;MESH:NONMESH
G0 F600 X52.091 Y57.109 Z11.1
G0 F7200 X49.663 Y56.722
G0 X48.377 Y56.331
G0 X47.193 Y55.699
G0 X46.153 Y54.847
G0 X45.301 Y53.807
G0 X44.669 Y52.623
G0 X44.278 Y51.337
G0 X43.91 Y43.76
G0 X43.76 Y43.76
;TIME_ELAPSED:1012.855970
;LAYER:108
;TYPE:FILL
;MESH:head.stl
G1 F3600 X45.765 Y45.765 E0.04715
G1 X45.835 Y45.835
G0 F7200 X45.645 Y45.678
G0 X43.91 Y44.925
G0 X43.761 Y44.925
G1 F3600 X46.426 Y42.26 E0.06268
G1 X46.496 Y42.19
G0 F7200 X46.496 Y42.41
G0 X47.917 Y42.41
G0 X47.917 Y42.26
G1 F3600 X49.174 Y43.517 E0.02956
G1 X49.244 Y43.587
G0 F7200 X49.176 Y43.363
G0 X51.112 Y43.098
G0 X51.098 Y43.245
G1 F3600 X52.083 Y42.26 E0.02317
G1 X52.153 Y42.19
G0 F7200 X52.153 Y42.41
G0 X53.574 Y42.41
G0 X53.574 Y42.26
G1 F3600 X56.054 Y44.74 E0.05833
G0 F7200 X55.259 Y44.74
G1 F3600 X56.24 Y43.759 E0.02307
G1 X56.31 Y43.689
G0 F7200 X56.09 Y43.689
G0 X51 Y43.146
G0 X49.663 Y43.278
G0 X48.377 Y43.669
G0 X47.193 Y44.301
G0 X46.153 Y45.153
G0 X45.301 Y46.193
G0 X44.669 Y47.377
G0 X44.278 Y48.663
G0 X44.146 Y50
G0 X44.278 Y51.337
G0 X44.669 Y52.623
G0 X45.301 Y53.807
G0 X46.153 Y54.847
G0 X47.193 Y55.699
G0 X48.377 Y56.331
G0 X49.663 Y56.722
G0 X51 Y56.854
G0 X52.337 Y56.722
G0 X56.053 Y55.41
G0 X56.053 Y55.26
G1 F3600 X53.573 Y57.74 E0.05833
G1 X53.503 Y57.81
G0 F7200 X53.503 Y57.59
G0 X52.083 Y57.59
G0 X52.083 Y57.74
G1 F3600 X51.091 Y56.748 E0.02333
G1 X51.021 Y56.678
G0 F7200 X51.043 Y56.91
G0 X49.131 Y56.623
G0 X49.175 Y56.481
G1 F3600 X47.916 Y57.74 E0.02961
G1 X47.846 Y57.81
G0 F7200 X47.846 Y57.59
G0 X46.425 Y57.59
G0 X46.425 Y57.739
G1 F3600 X43.76 Y55.074 E0.06268
G1 X43.69 Y55.004
G0 F7200 X43.91 Y55.004
G0 X43.91 Y56.238
G0 X43.761 Y56.238
G1 F3600 X45.765 Y54.234 E0.04713
G1 X45.835 Y54.164
G0 F7200 X45.643 Y54.32
G0 X44.789 Y52.848
G0 X43.91 Y50.581
G0 X43.761 Y50.581
G1 F3600 X44.249 Y50.094 E0.01147
G1 X44.249 Y49.906
G1 X43.76 Y49.417 E0.0115
G0 F7200 X43.91 Y49.417
G0 X44.278 Y51.337
G0 X44.669 Y52.623
G0 X45.301 Y53.807
G0 X46.153 Y54.847
G0 X47.193 Y55.699
G0 X48.377 Y56.331
G0 X49.663 Y56.722
G0 X51 Y56.854
G0 X52.337 Y56.722
G0 X53.494 Y56.37
G0 X55.26 Y55.41
G0 X55.26 Y55.26
G1 F3600 X56.24 Y56.24 E0.02305
G1 X56.31 Y56.31
G0 F7200 X56.09 Y56.31
G0 X52.376 Y56.773
G0 X52.287 Y56.477
;TYPE:WALL-INNER
G1 F3600 X51 Y56.599 E0.0215
G1 X49.708 Y56.476 E0.02158
G1 X48.469 Y56.097 E0.02155
G1 X47.334 Y55.494 E0.02137
G1 X46.328 Y54.666 E0.02167
G1 X45.505 Y53.661 E0.0216
G1 X44.899 Y52.53 E0.02134
G1 X44.523 Y51.288 E0.02158
G1 X44.4 Y50 E0.02152
G1 X44.523 Y48.708 E0.02158
G1 X44.899 Y47.466 E0.02158
G1 X45.505 Y46.335 E0.02134
G1 X46.326 Y45.332 E0.02156
G1 X47.335 Y44.505 E0.0217
G1 X48.471 Y43.898 E0.02142
G1 X49.708 Y43.524 E0.02149
G1 X51 Y43.396 E0.02159
G1 X52.288 Y43.524 E0.02153
G1 X53.525 Y43.898 E0.02149
G1 X54.665 Y44.508 E0.0215
G1 X55.143 Y44.9 E0.01028
G1 X56.4 Y44.9 E0.0209
G1 X56.4 Y42.313 E0.04302
G1 X56.274 Y42.101 E0.0041
G1 X43.6 Y42.1 E0.21077
G1 X43.601 Y57.899 E0.26274
G1 X56.272 Y57.9 E0.21072
G1 X56.4 Y57.683 E0.00419
G1 X56.4 Y55.1 E0.04296
G1 X55.143 Y55.1 E0.0209
G1 X54.663 Y55.494 E0.01033
G1 X53.527 Y56.097 E0.02139
G1 X52.287 Y56.477 E0.02157
G0 F7200 X52.192 Y56.084
;TYPE:WALL-OUTER
G1 F1800 X50.981 Y56.196 E0.02022
G1 X49.805 Y56.084 E0.01965
G1 X48.641 Y55.732 E0.02022
G1 X47.54 Y55.147 E0.02073
G1 X46.628 Y54.395 E0.01966
G1 X45.831 Y53.423 E0.0209
G1 X45.279 Y52.391 E0.01946
G1 X44.916 Y51.192 E0.02083
G1 X44.8 Y49.98 E0.02025
G1 X44.916 Y48.804 E0.01965
G1 X45.279 Y47.605 E0.02083
G1 X45.831 Y46.573 E0.01946
G1 X46.629 Y45.601 E0.02091
G1 X47.573 Y44.831 E0.02026
G1 X48.605 Y44.279 E0.01946
G1 X49.804 Y43.916 E0.02083
G1 X51.02 Y43.8 E0.02031
G1 X52.192 Y43.916 E0.01959
G1 X53.391 Y44.279 E0.02083
G1 X54.423 Y44.831 E0.01946
G1 X55 Y45.3 E0.01237
G1 X56.8 Y45.3 E0.02993
G1 X56.8 Y42.262 E0.05052
G1 X56.635 Y41.879 E0.00694
G1 X56.356 Y41.701 E0.0055
G1 X43.2 Y41.7 E0.21879
G1 X43.201 Y58.299 E0.27604
G1 X56.354 Y58.3 E0.21874
G1 X56.635 Y58.12 E0.00555
G1 X56.8 Y57.734 E0.00698
G1 X56.8 Y54.7 E0.05046
G1 X55 Y54.7 E0.02993
G1 X54.422 Y55.169 E0.01238
G1 X53.355 Y55.732 E0.02006
G1 X52.192 Y56.084 E0.02021
G0 F7200 X51.993 Y56.102
G0 X52.091 Y57.109
;MESH:NONMESH
G0 F600 X52.091 Y57.109 Z11.2
G0 F7200 X49.663 Y56.722
G0 X48.377 Y56.331
G0 X47.193 Y55.699
G0 X46.153 Y54.847
G0 X45.301 Y53.807
G0 X44.669 Y52.623
G0 X44.278 Y51.337
G0 X43.91 Y43.76
G0 X43.76 Y43.76
;TIME_ELAPSED:1019.003157
;LAYER:109
;TYPE:FILL
;MESH:head.stl
G1 F3600 X45.765 Y45.765 E0.04715
G1 X45.835 Y45.835
G0 F7200 X45.645 Y45.678
G0 X43.91 Y44.925
G0 X43.761 Y44.925
G1 F3600 X46.426 Y42.26 E0.06268
G1 X46.496 Y42.19
G0 F7200 X46.496 Y42.41
G0 X47.917 Y42.41
G0 X47.917 Y42.26
G1 F3600 X49.174 Y43.517 E0.02956
G1 X49.244 Y43.587
G0 F7200 X49.176 Y43.363
G0 X51.112 Y43.098
G0 X51.098 Y43.245
G1 F3600 X52.083 Y42.26 E0.02317
G1 X52.153 Y42.19
G0 F7200 X52.153 Y42.41
G0 X53.574 Y42.41
G0 X53.574 Y42.26
G1 F3600 X56.054 Y44.74 E0.05833
G0 F7200 X55.259 Y44.74
G1 F3600 X56.24 Y43.759 E0.02307
G1 X56.31 Y43.689
G0 F7200 X56.09 Y43.689
G0 X51 Y43.146
G0 X49.663 Y43.278
G0 X48.377 Y43.669
G0 X47.193 Y44.301
G0 X46.153 Y45.153
G0 X45.301 Y46.193
G0 X44.669 Y47.377
G0 X44.278 Y48.663
G0 X44.146 Y50
G0 X44.278 Y51.337
G0 X44.669 Y52.623
G0 X45.301 Y53.807
G0 X46.153 Y54.847
G0 X47.193 Y55.699
G0 X48.377 Y56.331
G0 X49.663 Y56.722
G0 X51 Y56.854
G0 X52.337 Y56.722
G0 X56.053 Y55.41
G0 X56.053 Y55.26
G1 F3600 X53.573 Y57.74 E0.05833
G1 X53.503 Y57.81
G0 F7200 X53.503 Y57.59
G0 X52.083 Y57.59
G0 X52.083 Y57.74
G1 F3600 X51.091 Y56.748 E0.02333
G1 X51.021 Y56.678
G0 F7200 X51.043 Y56.91
G0 X49.131 Y56.623
G0 X49.175 Y56.481
G1 F3600 X47.916 Y57.74 E0.02961
G1 X47.846 Y57.81
G0 F7200 X47.846 Y57.59
G0 X46.425 Y57.59
G0 X46.425 Y57.739
G1 F3600 X43.76 Y55.074 E0.06268
G1 X43.69 Y55.004
G0 F7200 X43.91 Y55.004
G0 X43.91 Y56.238
G0 X43.761 Y56.238
G1 F3600 X45.765 Y54.234 E0.04713
G1 X45.835 Y54.164
G0 F7200 X45.643 Y54.32
G0 X44.789 Y52.848
G0 X43.91 Y50.581
G0 X43.761 Y50.581
G1 F3600 X44.249 Y50.094 E0.01147
G1 X44.249 Y49.906
G1 X43.76 Y49.417 E0.0115
G0 F7200 X43.91 Y49.417
G0 X44.278 Y51.337
G0 X44.669 Y52.623
G0 X45.301 Y53.807
G0 X46.153 Y54.847
G0 X47.193 Y55.699
G0 X48.377 Y56.331
G0 X49.663 Y56.722
G0 X51 Y56.854
G0 X52.337 Y56.722
G0 X53.494 Y56.37
G0 X55.26 Y55.41
G0 X55.26 Y55.26
G1 F3600 X56.24 Y56.24 E0.02305
G1 X56.31 Y56.31
G0 F7200 X56.09 Y56.31
G0 X52.376 Y56.773
G0 X52.287 Y56.477
;TYPE:WALL-INNER
G1 F3600 X51 Y56.599 E0.0215
G1 X49.708 Y56.476 E0.02158
G1 X48.469 Y56.097 E0.02155
G1 X47.334 Y55.494 E0.02137
G1 X46.328 Y54.666 E0.02167
G1 X45.505 Y53.661 E0.0216
G1 X44.899 Y52.53 E0.02134
G1 X44.523 Y51.288 E0.02158
G1 X44.4 Y50 E0.02152
G1 X44.523 Y48.708 E0.02158
G1 X44.899 Y47.466 E0.02158
G1 X45.505 Y46.335 E0.02134
G1 X46.326 Y45.332 E0.02156
G1 X47.335 Y44.505 E0.0217
G1 X48.471 Y43.898 E0.02142
G1 X49.708 Y43.524 E0.02149
G1 X51 Y43.396 E0.02159
G1 X52.288 Y43.524 E0.02153
G1 X53.525 Y43.898 E0.02149
G1 X54.665 Y44.508 E0.0215
G1 X55.143 Y44.9 E0.01028
G1 X56.4 Y44.9 E0.0209
G1 X56.4 Y42.313 E0.04302
G1 X56.274 Y42.101 E0.0041
G1 X43.6 Y42.1 E0.21077
G1 X43.601 Y57.899 E0.26274
G1 X56.272 Y57.9 E0.21072
G1 X56.4 Y57.683 E0.00419
G1 X56.4 Y55.1 E0.04296
G1 X55.143 Y55.1 E0.0209
G1 X54.663 Y55.494 E0.01033
G1 X53.527 Y56.097 E0.02139
G1 X52.287 Y56.477 E0.02157
G0 F7200 X52.192 Y56.084
;TYPE:WALL-OUTER
G1 F1800 X50.981 Y56.196 E0.02022
G1 X49.805 Y56.084 E0.01965
G1 X48.641 Y55.732 E0.02022
G1 X47.54 Y55.147 E0.02073
G1 X46.628 Y54.395 E0.01966
G1 X45.831 Y53.423 E0.0209
G1 X45.279 Y52.391 E0.01946
G1 X44.916 Y51.192 E0.02083
G1 X44.8 Y49.98 E0.02025
G1 X44.916 Y48.804 E0.01965
G1 X45.279 Y47.605 E0.02083
G1 X45.831 Y46.573 E0.01946
G1 X46.629 Y45.601 E0.02091
G1 X47.573 Y44.831 E0.02026
G1 X48.605 Y44.279 E0.01946
G1 X49.804 Y43.916 E0.02083
G1 X51.02 Y43.8 E0.02031
G1 X52.192 Y43.916 E0.01959
G1 X53.391 Y44.279 E0.02083
G1 X54.423 Y44.831 E0.01946
G1 X55 Y45.3 E0.01237
G1 X56.8 Y45.3 E0.02993
G1 X56.8 Y42.262 E0.05052
G1 X56.635 Y41.879 E0.00694
G1 X56.356 Y41.701 E0.0055
G1 X43.2 Y41.7 E0.21879
G1 X43.201 Y58.299 E0.27604
G1 X56.354 Y58.3 E0.21874
G1 X56.635 Y58.12 E0.00555
G1 X56.8 Y57.734 E0.00698
G1 X56.8 Y54.7 E0.05046
G1 X55 Y54.7 E0.02993
G1 X54.422 Y55.169 E0.01238
G1 X53.355 Y55.732 E0.02006
G1 X52.192 Y56.084 E0.02021
G0 F7200 X51.993 Y56.102
G0 X52.091 Y57.109
;MESH:NONMESH
G0 F600 X52.091 Y57.109 Z11.3
G0 F7200 X49.663 Y56.722
G0 X48.377 Y56.331
G0 X47.193 Y55.699
G0 X46.153 Y54.847
G0 X45.301 Y53.807
G0 X44.669 Y52.623
G0 X44.278 Y51.337
G0 X43.91 Y43.76
G0 X43.76 Y43.76
;TIME_ELAPSED:1025.150344
;LAYER:110
;TYPE:FILL
;MESH:head.stl
G1 F3600 X45.765 Y45.765 E0.04715
G1 X45.835 Y45.835
G0 F7200 X45.645 Y45.678
G0 X43.91 Y44.925
G0 X43.761 Y44.925
G1 F3600 X46.426 Y42.26 E0.06268
G1 X46.496 Y42.19
G0 F7200 X46.496 Y42.41
G0 X47.917 Y42.41
G0 X47.917 Y42.26
G1 F3600 X49.174 Y43.517 E0.02956
G1 X49.244 Y43.587
G0 F7200 X49.176 Y43.363
G0 X51.112 Y43.098
G0 X51.098 Y43.245
G1 F3600 X52.083 Y42.26 E0.02317
G1 X52.153 Y42.19
G0 F7200 X52.153 Y42.41
G0 X53.574 Y42.41
G0 X53.574 Y42.26
G1 F3600 X56.054 Y44.74 E0.05833
G0 F7200 X55.259 Y44.74
G1 F3600 X56.24 Y43.759 E0.02307
G1 X56.31 Y43.689
G0 F7200 X56.09 Y43.689
G0 X51 Y43.146
G0 X49.663 Y43.278
G0 X48.377 Y43.669
G0 X47.193 Y44.301
G0 X46.153 Y45.153
G0 X45.301 Y46.193
G0 X44.669 Y47.377
G0 X44.278 Y48.663
G0 X44.146 Y50
G0 X44.278 Y51.337
G0 X44.669 Y52.623
G0 X45.301 Y53.807
G0 X46.153 Y54.847
G0 X47.193 Y55.699
G0 X48.377 Y56.331
G0 X49.663 Y56.722
G0 X51 Y56.854
G0 X52.337 Y56.722
G0 X56.053 Y55.41
G0 X56.053 Y55.26
G1 F3600 X53.573 Y57.74 E0.05833
G1 X53.503 Y57.81
G0 F7200 X53.503 Y57.59
G0 X52.083 Y57.59
G0 X52.083 Y57.74
G1 F3600 X51.091 Y56.748 E0.02333
G1 X51.021 Y56.678
G0 F7200 X51.043 Y56.91
G0 X49.131 Y56.623
G0 X49.175 Y56.481
G1 F3600 X47.916 Y57.74 E0.02961
G1 X47.846 Y57.81
G0 F7200 X47.846 Y57.59
G0 X46.425 Y57.59
G0 X46.425 Y57.739
G1 F3600 X43.76 Y55.074 E0.06268
G1 X43.69 Y55.004
G0 F7200 X43.91 Y55.004
G0 X43.91 Y56.238
G0 X43.761 Y56.238
G1 F3600 X45.765 Y54.234 E0.04713
G1 X45.835 Y54.164
G0 F7200 X45.643 Y54.32
G0 X44.789 Y52.848
G0 X43.91 Y50.581
G0 X43.761 Y50.581
G1 F3600 X44.249 Y50.094 E0.01147
G1 X44.249 Y49.906
G1 X43.76 Y49.417 E0.0115
G0 F7200 X43.91 Y49.417
G0 X44.278 Y51.337
G0 X44.669 Y52.623
G0 X45.301 Y53.807
G0 X46.153 Y54.847
G0 X47.193 Y55.699
G0 X48.377 Y56.331
G0 X49.663 Y56.722
G0 X51 Y56.854
G0 X52.337 Y56.722
G0 X53.494 Y56.37
G0 X55.26 Y55.41
G0 X55.26 Y55.26
G1 F3600 X56.24 Y56.24 E0.02305
G1 X56.31 Y56.31
G0 F7200 X56.09 Y56.31
G0 X52.376 Y56.773
G0 X52.287 Y56.477
;TYPE:WALL-INNER
G1 F3600 X51 Y56.599 E0.0215
G1 X49.708 Y56.476 E0.02158
G1 X48.469 Y56.097 E0.02155
G1 X47.334 Y55.494 E0.02137
G1 X46.328 Y54.666 E0.02167
G1 X45.505 Y53.661 E0.0216
G1 X44.899 Y52.53 E0.02134
G1 X44.523 Y51.288 E0.02158
G1 X44.4 Y50 E0.02152
G1 X44.523 Y48.708 E0.02158
G1 X44.899 Y47.466 E0.02158
G1 X45.505 Y46.335 E0.02134
G1 X46.326 Y45.332 E0.02156
G1 X47.335 Y44.505 E0.0217
G1 X48.471 Y43.898 E0.02142
G1 X49.708 Y43.524 E0.02149
G1 X51 Y43.396 E0.02159
G1 X52.288 Y43.524 E0.02153
G1 X53.525 Y43.898 E0.02149
G1 X54.665 Y44.508 E0.0215
G1 X55.143 Y44.9 E0.01028
G1 X56.4 Y44.9 E0.0209
G1 X56.4 Y42.313 E0.04302
G1 X56.274 Y42.101 E0.0041
G1 X43.6 Y42.1 E0.21077
G1 X43.601 Y57.899 E0.26274
G1 X56.272 Y57.9 E0.21072
G1 X56.4 Y57.683 E0.00419
G1 X56.4 Y55.1 E0.04296
G1 X55.143 Y55.1 E0.0209
G1 X54.663 Y55.494 E0.01033
G1 X53.527 Y56.097 E0.02139
G1 X52.287 Y56.477 E0.02157
G0 F7200 X52.192 Y56.084
;TYPE:WALL-OUTER
G1 F1800 X50.981 Y56.196 E0.02022
G1 X49.805 Y56.084 E0.01965
G1 X48.641 Y55.732 E0.02022
G1 X47.54 Y55.147 E0.02073
G1 X46.628 Y54.395 E0.01966
G1 X45.831 Y53.423 E0.0209
G1 X45.279 Y52.391 E0.01946
G1 X44.916 Y51.192 E0.02083
G1 X44.8 Y49.98 E0.02025
G1 X44.916 Y48.804 E0.01965
G1 X45.279 Y47.605 E0.02083
G1 X45.831 Y46.573 E0.01946
G1 X46.629 Y45.601 E0.02091
G1 X47.573 Y44.831 E0.02026
G1 X48.605 Y44.279 E0.01946
G1 X49.804 Y43.916 E0.02083
G1 X51.02 Y43.8 E0.02031
G1 X52.192 Y43.916 E0.01959
G1 X53.391 Y44.279 E0.02083
G1 X54.423 Y44.831 E0.01946
G1 X55 Y45.3 E0.01237
G1 X56.8 Y45.3 E0.02993
G1 X56.8 Y42.262 E0.05052
G1 X56.635 Y41.879 E0.00694
G1 X56.356 Y41.701 E0.0055
G1 X43.2 Y41.7 E0.21879
G1 X43.201 Y58.299 E0.27604
G1 X56.354 Y58.3 E0.21874
G1 X56.635 Y58.12 E0.00555
G1 X56.8 Y57.734 E0.00698
G1 X56.8 Y54.7 E0.05046
G1 X55 Y54.7 E0.02993
G1 X54.422 Y55.169 E0.01238
G1 X53.355 Y55.732 E0.02006
G1 X52.192 Y56.084 E0.02021
G0 F7200 X51.993 Y56.102
G0 X52.091 Y57.109
;MESH:NONMESH
G0 F600 X52.091 Y57.109 Z11.4
G0 F7200 X49.663 Y56.722
G0 X48.377 Y56.331
G0 X47.193 Y55.699
G0 X46.153 Y54.847
G0 X45.301 Y53.807
G0 X44.669 Y52.623
G0 X44.278 Y51.337
G0 X43.91 Y43.76
G0 X43.76 Y43.76
;TIME_ELAPSED:1031.297530
;LAYER:111
;TYPE:FILL
;MESH:head.stl
G1 F3600 X45.765 Y45.765 E0.04715
G1 X45.835 Y45.835
G0 F7200 X45.645 Y45.678
G0 X43.91 Y44.925
G0 X43.761 Y44.925
G1 F3600 X46.426 Y42.26 E0.06268
G1 X46.496 Y42.19
G0 F7200 X46.496 Y42.41
G0 X47.917 Y42.41
G0 X47.917 Y42.26
G1 F3600 X49.174 Y43.517 E0.02956
G1 X49.244 Y43.587
G0 F7200 X49.176 Y43.363
G0 X51.112 Y43.098
G0 X51.098 Y43.245
G1 F3600 X52.083 Y42.26 E0.02317
G1 X52.153 Y42.19
G0 F7200 X52.153 Y42.41
G0 X53.574 Y42.41
G0 X53.574 Y42.26
G1 F3600 X56.054 Y44.74 E0.05833
G0 F7200 X55.259 Y44.74
G1 F3600 X56.24 Y43.759 E0.02307
G1 X56.31 Y43.689
G0 F7200 X56.09 Y43.689
G0 X51 Y43.146
G0 X49.663 Y43.278
G0 X48.377 Y43.669
G0 X47.193 Y44.301
G0 X46.153 Y45.153
G0 X45.301 Y46.193
G0 X44.669 Y47.377
G0 X44.278 Y48.663
G0 X44.146 Y50
G0 X44.278 Y51.337
G0 X44.669 Y52.623
G0 X45.301 Y53.807
G0 X46.153 Y54.847
G0 X47.193 Y55.699
G0 X48.377 Y56.331
G0 X49.663 Y56.722
G0 X51 Y56.854
G0 X52.337 Y56.722
G0 X56.053 Y55.41
G0 X56.053 Y55.26
G1 F3600 X53.573 Y57.74 E0.05833
G1 X53.503 Y57.81
G0 F7200 X53.503 Y57.59
G0 X52.083 Y57.59
G0 X52.083 Y57.74
G1 F3600 X51.091 Y56.748 E0.02333
G1 X51.021 Y56.678
G0 F7200 X51.043 Y56.91
G0 X49.131 Y56.623
G0 X49.175 Y56.481
G1 F3600 X47.916 Y57.74 E0.02961
G1 X47.846 Y57.81
G0 F7200 X47.846 Y57.59
G0 X46.425 Y57.59
G0 X46.425 Y57.739
G1 F3600 X43.76 Y55.074 E0.06268
G1 X43.69 Y55.004
G0 F7200 X43.91 Y55.004
G0 X43.91 Y56.238
G0 X43.761 Y56.238
G1 F3600 X45.765 Y54.234 E0.04713
G1 X45.835 Y54.164
G0 F7200 X45.643 Y54.32
G0 X44.789 Y52.848
G0 X43.91 Y50.581
G0 X43.761 Y50.581
G1 F3600 X44.249 Y50.094 E0.01147
G1 X44.249 Y49.906
G1 X43.76 Y49.417 E0.0115
G0 F7200 X43.91 Y49.417
G0 X44.278 Y51.337
G0 X44.669 Y52.623
G0 X45.301 Y53.807
G0 X46.153 Y54.847
G0 X47.193 Y55.699
G0 X48.377 Y56.331
G0 X49.663 Y56.722
G0 X51 Y56.854
G0 X52.337 Y56.722
G0 X53.494 Y56.37
G0 X55.26 Y55.41
G0 X55.26 Y55.26
G1 F3600 X56.24 Y56.24 E0.02305
G1 X56.31 Y56.31
G0 F7200 X56.09 Y56.31
G0 X52.376 Y56.773
G0 X52.287 Y56.477
;TYPE:WALL-INNER
G1 F3600 X51 Y56.599 E0.0215
G1 X49.708 Y56.476 E0.02158
G1 X48.469 Y56.097 E0.02155
G1 X47.334 Y55.494 E0.02137
G1 X46.328 Y54.666 E0.02167
G1 X45.505 Y53.661 E0.0216
G1 X44.899 Y52.53 E0.02134
G1 X44.523 Y51.288 E0.02158
G1 X44.4 Y50 E0.02152
G1 X44.523 Y48.708 E0.02158
G1 X44.899 Y47.466 E0.02158
G1 X45.505 Y46.335 E0.02134
G1 X46.326 Y45.332 E0.02156
G1 X47.335 Y44.505 E0.0217
G1 X48.471 Y43.898 E0.02142
G1 X49.708 Y43.524 E0.02149
G1 X51 Y43.396 E0.02159
G1 X52.288 Y43.524 E0.02153
G1 X53.525 Y43.898 E0.02149
G1 X54.665 Y44.508 E0.0215
G1 X55.143 Y44.9 E0.01028
G1 X56.4 Y44.9 E0.0209
G1 X56.4 Y42.313 E0.04302
G1 X56.274 Y42.101 E0.0041
G1 X43.6 Y42.1 E0.21077
G1 X43.601 Y57.899 E0.26274
G1 X56.272 Y57.9 E0.21072
G1 X56.4 Y57.683 E0.00419
G1 X56.4 Y55.1 E0.04296
G1 X55.143 Y55.1 E0.0209
G1 X54.663 Y55.494 E0.01033
G1 X53.527 Y56.097 E0.02139
G1 X52.287 Y56.477 E0.02157
G0 F7200 X52.192 Y56.084
;TYPE:WALL-OUTER
G1 F1800 X50.981 Y56.196 E0.02022
G1 X49.805 Y56.084 E0.01965
G1 X48.641 Y55.732 E0.02022
G1 X47.54 Y55.147 E0.02073
G1 X46.628 Y54.395 E0.01966
G1 X45.831 Y53.423 E0.0209
G1 X45.279 Y52.391 E0.01946
G1 X44.916 Y51.192 E0.02083
G1 X44.8 Y49.98 E0.02025
G1 X44.916 Y48.804 E0.01965
G1 X45.279 Y47.605 E0.02083
G1 X45.831 Y46.573 E0.01946
G1 X46.629 Y45.601 E0.02091
G1 X47.573 Y44.831 E0.02026
G1 X48.605 Y44.279 E0.01946
G1 X49.804 Y43.916 E0.02083
G1 X51.02 Y43.8 E0.02031
G1 X52.192 Y43.916 E0.01959
G1 X53.391 Y44.279 E0.02083
G1 X54.423 Y44.831 E0.01946
G1 X55 Y45.3 E0.01237
G1 X56.8 Y45.3 E0.02993
G1 X56.8 Y42.262 E0.05052
G1 X56.635 Y41.879 E0.00694
G1 X56.356 Y41.701 E0.0055
G1 X43.2 Y41.7 E0.21879
G1 X43.201 Y58.299 E0.27604
G1 X56.354 Y58.3 E0.21874
G1 X56.635 Y58.12 E0.00555
G1 X56.8 Y57.734 E0.00698
G1 X56.8 Y54.7 E0.05046
G1 X55 Y54.7 E0.02993
G1 X54.422 Y55.169 E0.01238
G1 X53.355 Y55.732 E0.02006
G1 X52.192 Y56.084 E0.02021
G0 F7200 X51.993 Y56.102
G0 X52.091 Y57.109
;MESH:NONMESH
G0 F600 X52.091 Y57.109 Z11.5
G0 F7200 X49.663 Y56.722
G0 X48.377 Y56.331
G0 X47.193 Y55.699
G0 X46.153 Y54.847
G0 X45.301 Y53.807
G0 X44.669 Y52.623
G0 X44.278 Y51.337
G0 X43.91 Y43.76
G0 X43.76 Y43.76
;TIME_ELAPSED:1037.444717
;LAYER:112
;TYPE:FILL
;MESH:head.stl
G1 F3600 X45.765 Y45.765 E0.04715
G1 X45.835 Y45.835
G0 F7200 X45.645 Y45.678
G0 X43.91 Y44.925
G0 X43.761 Y44.925
G1 F3600 X46.426 Y42.26 E0.06268
G1 X46.496 Y42.19
G0 F7200 X46.496 Y42.41
G0 X47.917 Y42.41
G0 X47.917 Y42.26
G1 F3600 X49.174 Y43.517 E0.02956
G1 X49.244 Y43.587
G0 F7200 X49.176 Y43.363
G0 X51.112 Y43.098
G0 X51.098 Y43.245
G1 F3600 X52.083 Y42.26 E0.02317
G1 X52.153 Y42.19
G0 F7200 X52.153 Y42.41
G0 X53.574 Y42.41
G0 X53.574 Y42.26
G1 F3600 X56.054 Y44.74 E0.05833
G0 F7200 X55.259 Y44.74
G1 F3600 X56.24 Y43.759 E0.02307
G1 X56.31 Y43.689
G0 F7200 X56.09 Y43.689
G0 X51 Y43.146
G0 X49.663 Y43.278
G0 X48.377 Y43.669
G0 X47.193 Y44.301
G0 X46.153 Y45.153
G0 X45.301 Y46.193
G0 X44.669 Y47.377
G0 X44.278 Y48.663
G0 X44.146 Y50
G0 X44.278 Y51.337
G0 X44.669 Y52.623
G0 X45.301 Y53.807
G0 X46.153 Y54.847
G0 X47.193 Y55.699
G0 X48.377 Y56.331
G0 X49.663 Y56.722
G0 X51 Y56.854
G0 X52.337 Y56.722
G0 X56.053 Y55.41
G0 X56.053 Y55.26
G1 F3600 X53.573 Y57.74 E0.05833
G1 X53.503 Y57.81
G0 F7200 X53.503 Y57.59
G0 X52.083 Y57.59
G0 X52.083 Y57.74
G1 F3600 X51.091 Y56.748 E0.02333
G1 X51.021 Y56.678
G0 F7200 X51.043 Y56.91
G0 X49.131 Y56.623
G0 X49.175 Y56.481
G1 F3600 X47.916 Y57.74 E0.02961
G1 X47.846 Y57.81
G0 F7200 X47.846 Y57.59
G0 X46.425 Y57.59
G0 X46.425 Y57.739
G1 F3600 X43.76 Y55.074 E0.06268
G1 X43.69 Y55.004
G0 F7200 X43.91 Y55.004
G0 X43.91 Y56.238
G0 X43.761 Y56.238
G1 F3600 X45.765 Y54.234 E0.04713
G1 X45.835 Y54.164
G0 F7200 X45.643 Y54.32
G0 X44.789 Y52.848
G0 X43.91 Y50.581
G0 X43.761 Y50.581
G1 F3600 X44.249 Y50.094 E0.01147
G1 X44.249 Y49.906
G1 X43.76 Y49.417 E0.0115
G0 F7200 X43.91 Y49.417
G0 X44.278 Y51.337
G0 X44.669 Y52.623
G0 X45.301 Y53.807
G0 X46.153 Y54.847
G0 X47.193 Y55.699
G0 X48.377 Y56.331
G0 X49.663 Y56.722
G0 X51 Y56.854
G0 X52.337 Y56.722
G0 X53.494 Y56.37
G0 X55.26 Y55.41
G0 X55.26 Y55.26
G1 F3600 X56.24 Y56.24 E0.02305
G1 X56.31 Y56.31
G0 F7200 X56.09 Y56.31
G0 X52.376 Y56.773
G0 X52.287 Y56.477
;TYPE:WALL-INNER
G1 F3600 X51 Y56.599 E0.0215
G1 X49.708 Y56.476 E0.02158
G1 X48.469 Y56.097 E0.02155
G1 X47.334 Y55.494 E0.02137
G1 X46.328 Y54.666 E0.02167
G1 X45.505 Y53.661 E0.0216
G1 X44.899 Y52.53 E0.02134
G1 X44.523 Y51.288 E0.02158
G1 X44.4 Y50 E0.02152
G1 X44.523 Y48.708 E0.02158
G1 X44.899 Y47.466 E0.02158
G1 X45.505 Y46.335 E0.02134
G1 X46.326 Y45.332 E0.02156
G1 X47.335 Y44.505 E0.0217
G1 X48.471 Y43.898 E0.02142
G1 X49.708 Y43.524 E0.02149
G1 X51 Y43.396 E0.02159
G1 X52.288 Y43.524 E0.02153
G1 X53.525 Y43.898 E0.02149
G1 X54.665 Y44.508 E0.0215
G1 X55.143 Y44.9 E0.01028
G1 X56.4 Y44.9 E0.0209
G1 X56.4 Y42.313 E0.04302
G1 X56.274 Y42.101 E0.0041
G1 X43.6 Y42.1 E0.21077
G1 X43.601 Y57.899 E0.26274
G1 X56.272 Y57.9 E0.21072
G1 X56.4 Y57.683 E0.00419
G1 X56.4 Y55.1 E0.04296
G1 X55.143 Y55.1 E0.0209
G1 X54.663 Y55.494 E0.01033
G1 X53.527 Y56.097 E0.02139
G1 X52.287 Y56.477 E0.02157
G0 F7200 X52.192 Y56.084
;TYPE:WALL-OUTER
G1 F1800 X50.981 Y56.196 E0.02022
G1 X49.805 Y56.084 E0.01965
G1 X48.641 Y55.732 E0.02022
G1 X47.54 Y55.147 E0.02073
G1 X46.628 Y54.395 E0.01966
G1 X45.831 Y53.423 E0.0209
G1 X45.279 Y52.391 E0.01946
G1 X44.916 Y51.192 E0.02083
G1 X44.8 Y49.98 E0.02025
G1 X44.916 Y48.804 E0.01965
G1 X45.279 Y47.605 E0.02083
G1 X45.831 Y46.573 E0.01946
G1 X46.629 Y45.601 E0.02091
G1 X47.573 Y44.831 E0.02026
G1 X48.605 Y44.279 E0.01946
G1 X49.804 Y43.916 E0.02083
G1 X51.02 Y43.8 E0.02031
G1 X52.192 Y43.916 E0.01959
G1 X53.391 Y44.279 E0.02083
G1 X54.423 Y44.831 E0.01946
G1 X55 Y45.3 E0.01237
G1 X56.8 Y45.3 E0.02993
G1 X56.8 Y42.262 E0.05052
G1 X56.635 Y41.879 E0.00694
G1 X56.356 Y41.701 E0.0055
G1 X43.2 Y41.7 E0.21879
G1 X43.201 Y58.299 E0.27604
G1 X56.354 Y58.3 E0.21874
G1 X56.635 Y58.12 E0.00555
G1 X56.8 Y57.734 E0.00698
G1 X56.8 Y54.7 E0.05046
G1 X55 Y54.7 E0.02993
G1 X54.422 Y55.169 E0.01238
G1 X53.355 Y55.732 E0.02006
G1 X52.192 Y56.084 E0.02021
G0 F7200 X51.993 Y56.102
G0 X52.091 Y57.109
;MESH:NONMESH
G0 F600 X52.091 Y57.109 Z11.6
G0 F7200 X49.663 Y56.722
G0 X48.377 Y56.331
G0 X47.193 Y55.699
G0 X46.153 Y54.847
G0 X45.301 Y53.807
G0 X44.669 Y52.623
G0 X44.278 Y51.337
G0 X43.91 Y43.76
G0 X43.76 Y43.76
;TIME_ELAPSED:1043.591904
;LAYER:113
;TYPE:FILL
;MESH:head.stl
G1 F3600 X45.765 Y45.765 E0.04715
G1 X45.835 Y45.835
G0 F7200 X45.645 Y45.678
G0 X43.91 Y44.925
G0 X43.761 Y44.925
G1 F3600 X46.426 Y42.26 E0.06268
G1 X46.496 Y42.19
G0 F7200 X46.496 Y42.41
G0 X47.917 Y42.41
G0 X47.917 Y42.26
G1 F3600 X49.174 Y43.517 E0.02956
G1 X49.244 Y43.587
G0 F7200 X49.176 Y43.363
G0 X51.112 Y43.098
G0 X51.098 Y43.245
G1 F3600 X52.083 Y42.26 E0.02317
G1 X52.153 Y42.19
G0 F7200 X52.153 Y42.41
G0 X53.574 Y42.41
G0 X53.574 Y42.26
G1 F3600 X56.054 Y44.74 E0.05833
G0 F7200 X55.259 Y44.74
G1 F3600 X56.24 Y43.759 E0.02307
G1 X56.31 Y43.689
G0 F7200 X56.09 Y43.689
G0 X51 Y43.146
G0 X49.663 Y43.278
G0 X48.377 Y43.669
G0 X47.193 Y44.301
G0 X46.153 Y45.153
G0 X45.301 Y46.193
G0 X44.669 Y47.377
G0 X44.278 Y48.663
G0 X44.146 Y50
G0 X44.278 Y51.337
G0 X44.669 Y52.623
G0 X45.301 Y53.807
G0 X46.153 Y54.847
G0 X47.193 Y55.699
G0 X48.377 Y56.331
G0 X49.663 Y56.722
G0 X51 Y56.854
G0 X52.337 Y56.722
G0 X56.053 Y55.41
G0 X56.053 Y55.26
G1 F3600 X53.573 Y57.74 E0.05833
G1 X53.503 Y57.81
G0 F7200 X53.503 Y57.59
G0 X52.083 Y57.59
G0 X52.083 Y57.74
G1 F3600 X51.091 Y56.748 E0.02333
G1 X51.021 Y56.678
G0 F7200 X51.043 Y56.91
G0 X49.131 Y56.623
G0 X49.175 Y56.481
G1 F3600 X47.916 Y57.74 E0.02961
G1 X47.846 Y57.81
G0 F7200 X47.846 Y57.59
G0 X46.425 Y57.59
G0 X46.425 Y57.739
G1 F3600 X43.76 Y55.074 E0.06268
G1 X43.69 Y55.004
G0 F7200 X43.91 Y55.004
G0 X43.91 Y56.238
G0 X43.761 Y56.238
G1 F3600 X45.765 Y54.234 E0.04713
G1 X45.835 Y54.164
G0 F7200 X45.643 Y54.32
G0 X44.789 Y52.848
G0 X43.91 Y50.581
G0 X43.761 Y50.581
G1 F3600 X44.249 Y50.094 E0.01147
G1 X44.249 Y49.906
G1 X43.76 Y49.417 E0.0115
G0 F7200 X43.91 Y49.417
G0 X44.278 Y51.337
G0 X44.669 Y52.623
G0 X45.301 Y53.807
G0 X46.153 Y54.847
G0 X47.193 Y55.699
G0 X48.377 Y56.331
G0 X49.663 Y56.722
G0 X51 Y56.854
G0 X52.337 Y56.722
G0 X53.494 Y56.37
G0 X55.26 Y55.41
G0 X55.26 Y55.26
G1 F3600 X56.24 Y56.24 E0.02305
G1 X56.31 Y56.31
G0 F7200 X56.09 Y56.31
G0 X52.376 Y56.773
G0 X52.287 Y56.477
;TYPE:WALL-INNER
G1 F3600 X51 Y56.599 E0.0215
G1 X49.708 Y56.476 E0.02158
G1 X48.469 Y56.097 E0.02155
G1 X47.334 Y55.494 E0.02137
G1 X46.328 Y54.666 E0.02167
G1 X45.505 Y53.661 E0.0216
G1 X44.899 Y52.53 E0.02134
G1 X44.523 Y51.288 E0.02158
G1 X44.4 Y50 E0.02152
G1 X44.523 Y48.708 E0.02158
G1 X44.899 Y47.466 E0.02158
G1 X45.505 Y46.335 E0.02134
G1 X46.326 Y45.332 E0.02156
G1 X47.335 Y44.505 E0.0217
G1 X48.471 Y43.898 E0.02142
G1 X49.708 Y43.524 E0.02149
G1 X51 Y43.396 E0.02159
G1 X52.288 Y43.524 E0.02153
G1 X53.525 Y43.898 E0.02149
G1 X54.665 Y44.508 E0.0215
G1 X55.143 Y44.9 E0.01028
G1 X56.4 Y44.9 E0.0209
G1 X56.4 Y42.313 E0.04302
G1 X56.274 Y42.101 E0.0041
G1 X43.6 Y42.1 E0.21077
G1 X43.601 Y57.899 E0.26274
G1 X56.272 Y57.9 E0.21072
G1 X56.4 Y57.683 E0.00419
G1 X56.4 Y55.1 E0.04296
G1 X55.143 Y55.1 E0.0209
G1 X54.663 Y55.494 E0.01033
G1 X53.527 Y56.097 E0.02139
G1 X52.287 Y56.477 E0.02157
G0 F7200 X52.192 Y56.084
;TYPE:WALL-OUTER
G1 F1800 X50.981 Y56.196 E0.02022
G1 X49.805 Y56.084 E0.01965
G1 X48.641 Y55.732 E0.02022
G1 X47.54 Y55.147 E0.02073
G1 X46.628 Y54.395 E0.01966
G1 X45.831 Y53.423 E0.0209
G1 X45.279 Y52.391 E0.01946
G1 X44.916 Y51.192 E0.02083
G1 X44.8 Y49.98 E0.02025
G1 X44.916 Y48.804 E0.01965
G1 X45.279 Y47.605 E0.02083
G1 X45.831 Y46.573 E0.01946
G1 X46.629 Y45.601 E0.02091
G1 X47.573 Y44.831 E0.02026
G1 X48.605 Y44.279 E0.01946
G1 X49.804 Y43.916 E0.02083
G1 X51.02 Y43.8 E0.02031
G1 X52.192 Y43.916 E0.01959
G1 X53.391 Y44.279 E0.02083
G1 X54.423 Y44.831 E0.01946
G1 X55 Y45.3 E0.01237
G1 X56.8 Y45.3 E0.02993
G1 X56.8 Y42.262 E0.05052
G1 X56.635 Y41.879 E0.00694
G1 X56.356 Y41.701 E0.0055
G1 X43.2 Y41.7 E0.21879
G1 X43.201 Y58.299 E0.27604
G1 X56.354 Y58.3 E0.21874
G1 X56.635 Y58.12 E0.00555
G1 X56.8 Y57.734 E0.00698
G1 X56.8 Y54.7 E0.05046
G1 X55 Y54.7 E0.02993
G1 X54.422 Y55.169 E0.01238
G1 X53.355 Y55.732 E0.02006
G1 X52.192 Y56.084 E0.02021
G0 F7200 X51.993 Y56.102
G0 X52.091 Y57.109
;MESH:NONMESH
G0 F600 X52.091 Y57.109 Z11.7
G0 F7200 X49.663 Y56.722
G0 X48.377 Y56.331
G0 X47.193 Y55.699
G0 X46.153 Y54.847
G0 X45.301 Y53.807
G0 X44.669 Y52.623
G0 X44.278 Y51.337
G0 X43.91 Y43.76
G0 X43.76 Y43.76
;TIME_ELAPSED:1049.739091
;LAYER:114
;TYPE:FILL
;MESH:head.stl
G1 F3600 X45.765 Y45.765 E0.04715
G1 X45.835 Y45.835
G0 F7200 X45.645 Y45.678
G0 X43.91 Y44.925
G0 X43.761 Y44.925
G1 F3600 X46.426 Y42.26 E0.06268
G1 X46.496 Y42.19
G0 F7200 X46.496 Y42.41
G0 X47.917 Y42.41
G0 X47.917 Y42.26
G1 F3600 X49.174 Y43.517 E0.02956
G1 X49.244 Y43.587
G0 F7200 X49.176 Y43.363
G0 X51.112 Y43.098
G0 X51.098 Y43.245
G1 F3600 X52.083 Y42.26 E0.02317
G1 X52.153 Y42.19
G0 F7200 X52.153 Y42.41
G0 X53.574 Y42.41
G0 X53.574 Y42.26
G1 F3600 X56.054 Y44.74 E0.05833
G0 F7200 X55.259 Y44.74
G1 F3600 X56.24 Y43.759 E0.02307
G1 X56.31 Y43.689
G0 F7200 X56.09 Y43.689
G0 X51 Y43.146
G0 X49.663 Y43.278
G0 X48.377 Y43.669
G0 X47.193 Y44.301
G0 X46.153 Y45.153
G0 X45.301 Y46.193
G0 X44.669 Y47.377
G0 X44.278 Y48.663
G0 X44.146 Y50
G0 X44.278 Y51.337
G0 X44.669 Y52.623
G0 X45.301 Y53.807
G0 X46.153 Y54.847
G0 X47.193 Y55.699
G0 X48.377 Y56.331
G0 X49.663 Y56.722
G0 X51 Y56.854
G0 X52.337 Y56.722
G0 X56.053 Y55.41
G0 X56.053 Y55.26
G1 F3600 X53.573 Y57.74 E0.05833
G1 X53.503 Y57.81
G0 F7200 X53.503 Y57.59
G0 X52.083 Y57.59
G0 X52.083 Y57.74
G1 F3600 X51.091 Y56.748 E0.02333
G1 X51.021 Y56.678
G0 F7200 X51.043 Y56.91
G0 X49.131 Y56.623
G0 X49.175 Y56.481
G1 F3600 X47.916 Y57.74 E0.02961
G1 X47.846 Y57.81
G0 F7200 X47.846 Y57.59
G0 X46.425 Y57.59
G0 X46.425 Y57.739
G1 F3600 X43.76 Y55.074 E0.06268
G1 X43.69 Y55.004
G0 F7200 X43.91 Y55.004
G0 X43.91 Y56.238
G0 X43.761 Y56.238
G1 F3600 X45.765 Y54.234 E0.04713
G1 X45.835 Y54.164
G0 F7200 X45.643 Y54.32
G0 X44.789 Y52.848
G0 X43.91 Y50.581
G0 X43.761 Y50.581
G1 F3600 X44.249 Y50.094 E0.01147
G1 X44.249 Y49.906
G1 X43.76 Y49.417 E0.0115
G0 F7200 X43.91 Y49.417
G0 X44.278 Y51.337
G0 X44.669 Y52.623
G0 X45.301 Y53.807
G0 X46.153 Y54.847
G0 X47.193 Y55.699
G0 X48.377 Y56.331
G0 X49.663 Y56.722
G0 X51 Y56.854
G0 X52.337 Y56.722
G0 X53.494 Y56.37
G0 X55.26 Y55.41
G0 X55.26 Y55.26
G1 F3600 X56.24 Y56.24 E0.02305
G1 X56.31 Y56.31
G0 F7200 X56.09 Y56.31
G0 X52.376 Y56.773
G0 X52.287 Y56.477
;TYPE:WALL-INNER
G1 F3600 X51 Y56.599 E0.0215
G1 X49.708 Y56.476 E0.02158
G1 X48.469 Y56.097 E0.02155
G1 X47.334 Y55.494 E0.02137
G1 X46.328 Y54.666 E0.02167
G1 X45.505 Y53.661 E0.0216
G1 X44.899 Y52.53 E0.02134
G1 X44.523 Y51.288 E0.02158
G1 X44.4 Y50 E0.02152
G1 X44.523 Y48.708 E0.02158
G1 X44.899 Y47.466 E0.02158
G1 X45.505 Y46.335 E0.02134
G1 X46.326 Y45.332 E0.02156
G1 X47.335 Y44.505 E0.0217
G1 X48.471 Y43.898 E0.02142
G1 X49.708 Y43.524 E0.02149
G1 X51 Y43.396 E0.02159
G1 X52.288 Y43.524 E0.02153
G1 X53.525 Y43.898 E0.02149
G1 X54.665 Y44.508 E0.0215
G1 X55.143 Y44.9 E0.01028
G1 X56.4 Y44.9 E0.0209
G1 X56.4 Y42.313 E0.04302
G1 X56.274 Y42.101 E0.0041
G1 X43.6 Y42.1 E0.21077
G1 X43.601 Y57.899 E0.26274
G1 X56.272 Y57.9 E0.21072
G1 X56.4 Y57.683 E0.00419
G1 X56.4 Y55.1 E0.04296
G1 X55.143 Y55.1 E0.0209
G1 X54.663 Y55.494 E0.01033
G1 X53.527 Y56.097 E0.02139
G1 X52.287 Y56.477 E0.02157
G0 F7200 X52.192 Y56.084
;TYPE:WALL-OUTER
G1 F1800 X50.981 Y56.196 E0.02022
G1 X49.805 Y56.084 E0.01965
G1 X48.641 Y55.732 E0.02022
G1 X47.54 Y55.147 E0.02073
G1 X46.628 Y54.395 E0.01966
G1 X45.831 Y53.423 E0.0209
G1 X45.279 Y52.391 E0.01946
G1 X44.916 Y51.192 E0.02083
G1 X44.8 Y49.98 E0.02025
G1 X44.916 Y48.804 E0.01965
G1 X45.279 Y47.605 E0.02083
G1 X45.831 Y46.573 E0.01946
G1 X46.629 Y45.601 E0.02091
G1 X47.573 Y44.831 E0.02026
G1 X48.605 Y44.279 E0.01946
G1 X49.804 Y43.916 E0.02083
G1 X51.02 Y43.8 E0.02031
G1 X52.192 Y43.916 E0.01959
G1 X53.391 Y44.279 E0.02083
G1 X54.423 Y44.831 E0.01946
G1 X55 Y45.3 E0.01237
G1 X56.8 Y45.3 E0.02993
G1 X56.8 Y42.262 E0.05052
G1 X56.635 Y41.879 E0.00694
G1 X56.356 Y41.701 E0.0055
G1 X43.2 Y41.7 E0.21879
G1 X43.201 Y58.299 E0.27604
G1 X56.354 Y58.3 E0.21874
G1 X56.635 Y58.12 E0.00555
G1 X56.8 Y57.734 E0.00698
G1 X56.8 Y54.7 E0.05046
G1 X55 Y54.7 E0.02993
G1 X54.422 Y55.169 E0.01238
G1 X53.355 Y55.732 E0.02006
G1 X52.192 Y56.084 E0.02021
G0 F7200 X51.993 Y56.102
G0 X52.091 Y57.109
;MESH:NONMESH
G0 F600 X52.091 Y57.109 Z11.8
G0 F7200 X49.663 Y56.722
G0 X48.377 Y56.331
G0 X47.193 Y55.699
G0 X46.153 Y54.847
G0 X45.301 Y53.807
G0 X44.669 Y52.623
G0 X44.278 Y51.337
G0 X43.91 Y43.76
G0 X43.76 Y43.76
;TIME_ELAPSED:1055.886278
;LAYER:115
;TYPE:FILL
;MESH:head.stl
G1 F3600 X45.765 Y45.765 E0.04715
G1 X45.835 Y45.835
G0 F7200 X45.645 Y45.678
G0 X43.91 Y44.925
G0 X43.761 Y44.925
G1 F3600 X46.426 Y42.26 E0.06268
G1 X46.496 Y42.19
G0 F7200 X46.496 Y42.41
G0 X47.917 Y42.41
G0 X47.917 Y42.26
G1 F3600 X49.174 Y43.517 E0.02956
G1 X49.244 Y43.587
G0 F7200 X49.176 Y43.363
G0 X51.112 Y43.098
G0 X51.098 Y43.245
G1 F3600 X52.083 Y42.26 E0.02317
G1 X52.153 Y42.19
G0 F7200 X52.153 Y42.41
G0 X53.574 Y42.41
G0 X53.574 Y42.26
G1 F3600 X56.054 Y44.74 E0.05833
G0 F7200 X55.259 Y44.74
G1 F3600 X56.24 Y43.759 E0.02307
G1 X56.31 Y43.689
G0 F7200 X56.09 Y43.689
G0 X51 Y43.146
G0 X49.663 Y43.278
G0 X48.377 Y43.669
G0 X47.193 Y44.301
G0 X46.153 Y45.153
G0 X45.301 Y46.193
G0 X44.669 Y47.377
G0 X44.278 Y48.663
G0 X44.146 Y50
G0 X44.278 Y51.337
G0 X44.669 Y52.623
G0 X45.301 Y53.807
G0 X46.153 Y54.847
G0 X47.193 Y55.699
G0 X48.377 Y56.331
G0 X49.663 Y56.722
G0 X51 Y56.854
G0 X52.337 Y56.722
G0 X56.053 Y55.41
G0 X56.053 Y55.26
G1 F3600 X53.573 Y57.74 E0.05833
G1 X53.503 Y57.81
G0 F7200 X53.503 Y57.59
G0 X52.083 Y57.59
G0 X52.083 Y57.74
G1 F3600 X51.091 Y56.748 E0.02333
G1 X51.021 Y56.678
G0 F7200 X51.043 Y56.91
G0 X49.131 Y56.623
G0 X49.175 Y56.481
G1 F3600 X47.916 Y57.74 E0.02961
G1 X47.846 Y57.81
G0 F7200 X47.846 Y57.59
G0 X46.425 Y57.59
G0 X46.425 Y57.739
G1 F3600 X43.76 Y55.074 E0.06268
G1 X43.69 Y55.004
G0 F7200 X43.91 Y55.004
G0 X43.91 Y56.238
G0 X43.761 Y56.238
G1 F3600 X45.765 Y54.234 E0.04713
G1 X45.835 Y54.164
G0 F7200 X45.643 Y54.32
G0 X44.789 Y52.848
G0 X43.91 Y50.581
G0 X43.761 Y50.581
G1 F3600 X44.249 Y50.094 E0.01147
G1 X44.249 Y49.906
G1 X43.76 Y49.417 E0.0115
G0 F7200 X43.91 Y49.417
G0 X44.278 Y51.337
G0 X44.669 Y52.623
G0 X45.301 Y53.807
G0 X46.153 Y54.847
G0 X47.193 Y55.699
G0 X48.377 Y56.331
G0 X49.663 Y56.722
G0 X51 Y56.854
G0 X52.337 Y56.722
G0 X53.494 Y56.37
G0 X55.26 Y55.41
G0 X55.26 Y55.26
G1 F3600 X56.24 Y56.24 E0.02305
G1 X56.31 Y56.31
G0 F7200 X56.09 Y56.31
G0 X52.376 Y56.773
G0 X52.287 Y56.477
;TYPE:WALL-INNER
G1 F3600 X51 Y56.599 E0.0215
G1 X49.708 Y56.476 E0.02158
G1 X48.469 Y56.097 E0.02155
G1 X47.334 Y55.494 E0.02137
G1 X46.328 Y54.666 E0.02167
G1 X45.505 Y53.661 E0.0216
G1 X44.899 Y52.53 E0.02134
G1 X44.523 Y51.288 E0.02158
G1 X44.4 Y50 E0.02152
G1 X44.523 Y48.708 E0.02158
G1 X44.899 Y47.466 E0.02158
G1 X45.505 Y46.335 E0.02134
G1 X46.326 Y45.332 E0.02156
G1 X47.335 Y44.505 E0.0217
G1 X48.471 Y43.898 E0.02142
G1 X49.708 Y43.524 E0.02149
G1 X51 Y43.396 E0.02159
G1 X52.288 Y43.524 E0.02153
G1 X53.525 Y43.898 E0.02149
G1 X54.665 Y44.508 E0.0215
G1 X55.143 Y44.9 E0.01028
G1 X56.4 Y44.9 E0.0209
G1 X56.4 Y42.313 E0.04302
G1 X56.274 Y42.101 E0.0041
G1 X43.6 Y42.1 E0.21077
G1 X43.601 Y57.899 E0.26274
G1 X56.272 Y57.9 E0.21072
G1 X56.4 Y57.683 E0.00419
G1 X56.4 Y55.1 E0.04296
G1 X55.143 Y55.1 E0.0209
G1 X54.663 Y55.494 E0.01033
G1 X53.527 Y56.097 E0.02139
G1 X52.287 Y56.477 E0.02157
G0 F7200 X52.192 Y56.084
;TYPE:WALL-OUTER
G1 F1800 X50.981 Y56.196 E0.02022
G1 X49.805 Y56.084 E0.01965
G1 X48.641 Y55.732 E0.02022
G1 X47.54 Y55.147 E0.02073
G1 X46.628 Y54.395 E0.01966
G1 X45.831 Y53.423 E0.0209
G1 X45.279 Y52.391 E0.01946
G1 X44.916 Y51.192 E0.02083
G1 X44.8 Y49.98 E0.02025
G1 X44.916 Y48.804 E0.01965
G1 X45.279 Y47.605 E0.02083
G1 X45.831 Y46.573 E0.01946
G1 X46.629 Y45.601 E0.02091
G1 X47.573 Y44.831 E0.02026
G1 X48.605 Y44.279 E0.01946
G1 X49.804 Y43.916 E0.02083
G1 X51.02 Y43.8 E0.02031
G1 X52.192 Y43.916 E0.01959
G1 X53.391 Y44.279 E0.02083
G1 X54.423 Y44.831 E0.01946
G1 X55 Y45.3 E0.01237
G1 X56.8 Y45.3 E0.02993
G1 X56.8 Y42.262 E0.05052
G1 X56.635 Y41.879 E0.00694
G1 X56.356 Y41.701 E0.0055
G1 X43.2 Y41.7 E0.21879
G1 X43.201 Y58.299 E0.27604
G1 X56.354 Y58.3 E0.21874
G1 X56.635 Y58.12 E0.00555
G1 X56.8 Y57.734 E0.00698
G1 X56.8 Y54.7 E0.05046
G1 X55 Y54.7 E0.02993
G1 X54.422 Y55.169 E0.01238
G1 X53.355 Y55.732 E0.02006
G1 X52.192 Y56.084 E0.02021
G0 F7200 X51.993 Y56.102
G0 X52.091 Y57.109
;MESH:NONMESH
G0 F600 X52.091 Y57.109 Z11.9
G0 F7200 X49.663 Y56.722
G0 X48.377 Y56.331
G0 X47.193 Y55.699
G0 X46.153 Y54.847
G0 X45.301 Y53.807
G0 X44.669 Y52.623
G0 X44.278 Y51.337
G0 X43.91 Y43.76
G0 X43.76 Y43.76
;TIME_ELAPSED:1062.033465
;LAYER:116
;TYPE:FILL
;MESH:head.stl
G1 F3600 X45.765 Y45.765 E0.04715
G1 X45.835 Y45.835
G0 F7200 X45.645 Y45.678
G0 X43.91 Y44.925
G0 X43.761 Y44.925
G1 F3600 X46.426 Y42.26 E0.06268
G1 X46.496 Y42.19
G0 F7200 X46.496 Y42.41
G0 X47.917 Y42.41
G0 X47.917 Y42.26
G1 F3600 X49.174 Y43.517 E0.02956
G1 X49.244 Y43.587
G0 F7200 X49.176 Y43.363
G0 X51.112 Y43.098
G0 X51.098 Y43.245
G1 F3600 X52.083 Y42.26 E0.02317
G1 X52.153 Y42.19
G0 F7200 X52.153 Y42.41
G0 X53.574 Y42.41
G0 X53.574 Y42.26
G1 F3600 X56.054 Y44.74 E0.05833
G0 F7200 X55.259 Y44.74
G1 F3600 X56.24 Y43.759 E0.02307
G1 X56.31 Y43.689
G0 F7200 X56.09 Y43.689
G0 X51 Y43.146
G0 X49.663 Y43.278
G0 X48.377 Y43.669
G0 X47.193 Y44.301
G0 X46.153 Y45.153
G0 X45.301 Y46.193
G0 X44.669 Y47.377
G0 X44.278 Y48.663
G0 X44.146 Y50
G0 X44.278 Y51.337
G0 X44.669 Y52.623
G0 X45.301 Y53.807
G0 X46.153 Y54.847
G0 X47.193 Y55.699
G0 X48.377 Y56.331
G0 X49.663 Y56.722
G0 X51 Y56.854
G0 X52.337 Y56.722
G0 X56.053 Y55.41
G0 X56.053 Y55.26
G1 F3600 X53.573 Y57.74 E0.05833
G1 X53.503 Y57.81
G0 F7200 X53.503 Y57.59
G0 X52.083 Y57.59
G0 X52.083 Y57.74
G1 F3600 X51.091 Y56.748 E0.02333
G1 X51.021 Y56.678
G0 F7200 X51.043 Y56.91
G0 X49.131 Y56.623
G0 X49.175 Y56.481
G1 F3600 X47.916 Y57.74 E0.02961
G1 X47.846 Y57.81
G0 F7200 X47.846 Y57.59
G0 X46.425 Y57.59
G0 X46.425 Y57.739
G1 F3600 X43.76 Y55.074 E0.06268
G1 X43.69 Y55.004
G0 F7200 X43.91 Y55.004
G0 X43.91 Y56.238
G0 X43.761 Y56.238
G1 F3600 X45.765 Y54.234 E0.04713
G1 X45.835 Y54.164
G0 F7200 X45.643 Y54.32
G0 X44.789 Y52.848
G0 X43.91 Y50.581
G0 X43.761 Y50.581
G1 F3600 X44.249 Y50.094 E0.01147
G1 X44.249 Y49.906
G1 X43.76 Y49.417 E0.0115
G0 F7200 X43.91 Y49.417
G0 X44.278 Y51.337
G0 X44.669 Y52.623
G0 X45.301 Y53.807
G0 X46.153 Y54.847
G0 X47.193 Y55.699
G0 X48.377 Y56.331
G0 X49.663 Y56.722
G0 X51 Y56.854
G0 X52.337 Y56.722
G0 X53.494 Y56.37
G0 X55.26 Y55.41
G0 X55.26 Y55.26
G1 F3600 X56.24 Y56.24 E0.02305
G1 X56.31 Y56.31
G0 F7200 X56.09 Y56.31
G0 X52.376 Y56.773
G0 X52.287 Y56.477
;TYPE:WALL-INNER
G1 F3600 X51 Y56.599 E0.0215
G1 X49.708 Y56.476 E0.02158
G1 X48.469 Y56.097 E0.02155
G1 X47.334 Y55.494 E0.02137
G1 X46.328 Y54.666 E0.02167
G1 X45.505 Y53.661 E0.0216
G1 X44.899 Y52.53 E0.02134
G1 X44.523 Y51.288 E0.02158
G1 X44.4 Y50 E0.02152
G1 X44.523 Y48.708 E0.02158
G1 X44.899 Y47.466 E0.02158
G1 X45.505 Y46.335 E0.02134
G1 X46.326 Y45.332 E0.02156
G1 X47.335 Y44.505 E0.0217
G1 X48.471 Y43.898 E0.02142
G1 X49.708 Y43.524 E0.02149
G1 X51 Y43.396 E0.02159
G1 X52.288 Y43.524 E0.02153
G1 X53.525 Y43.898 E0.02149
G1 X54.665 Y44.508 E0.0215
G1 X55.143 Y44.9 E0.01028
G1 X56.4 Y44.9 E0.0209
G1 X56.4 Y42.313 E0.04302
G1 X56.274 Y42.101 E0.0041
G1 X43.6 Y42.1 E0.21077
G1 X43.601 Y57.899 E0.26274
G1 X56.272 Y57.9 E0.21072
G1 X56.4 Y57.683 E0.00419
G1 X56.4 Y55.1 E0.04296
G1 X55.143 Y55.1 E0.0209
G1 X54.663 Y55.494 E0.01033
G1 X53.527 Y56.097 E0.02139
G1 X52.287 Y56.477 E0.02157
G0 F7200 X52.192 Y56.084
;TYPE:WALL-OUTER
G1 F1800 X50.981 Y56.196 E0.02022
G1 X49.805 Y56.084 E0.01965
G1 X48.641 Y55.732 E0.02022
G1 X47.54 Y55.147 E0.02073
G1 X46.628 Y54.395 E0.01966
G1 X45.831 Y53.423 E0.0209
G1 X45.279 Y52.391 E0.01946
G1 X44.916 Y51.192 E0.02083
G1 X44.8 Y49.98 E0.02025
G1 X44.916 Y48.804 E0.01965
G1 X45.279 Y47.605 E0.02083
G1 X45.831 Y46.573 E0.01946
G1 X46.629 Y45.601 E0.02091
G1 X47.573 Y44.831 E0.02026
G1 X48.605 Y44.279 E0.01946
G1 X49.804 Y43.916 E0.02083
G1 X51.02 Y43.8 E0.02031
G1 X52.192 Y43.916 E0.01959
G1 X53.391 Y44.279 E0.02083
G1 X54.423 Y44.831 E0.01946
G1 X55 Y45.3 E0.01237
G1 X56.8 Y45.3 E0.02993
G1 X56.8 Y42.262 E0.05052
G1 X56.635 Y41.879 E0.00694
G1 X56.356 Y41.701 E0.0055
G1 X43.2 Y41.7 E0.21879
G1 X43.201 Y58.299 E0.27604
G1 X56.354 Y58.3 E0.21874
G1 X56.635 Y58.12 E0.00555
G1 X56.8 Y57.734 E0.00698
G1 X56.8 Y54.7 E0.05046
G1 X55 Y54.7 E0.02993
G1 X54.422 Y55.169 E0.01238
G1 X53.355 Y55.732 E0.02006
G1 X52.192 Y56.084 E0.02021
G0 F7200 X51.993 Y56.102
G0 X52.091 Y57.109
;MESH:NONMESH
G0 F600 X52.091 Y57.109 Z12
G0 F7200 X49.663 Y56.722
G0 X48.377 Y56.331
G0 X47.193 Y55.699
G0 X46.153 Y54.847
G0 X45.301 Y53.807
G0 X44.669 Y52.623
G0 X44.278 Y51.337
G0 X43.91 Y43.76
G0 X43.76 Y43.76
;TIME_ELAPSED:1068.180651
;LAYER:117
;TYPE:FILL
;MESH:head.stl
G1 F3600 X45.765 Y45.765 E0.04715
G1 X45.835 Y45.835
G0 F7200 X45.645 Y45.678
G0 X43.91 Y44.925
G0 X43.761 Y44.925
G1 F3600 X46.426 Y42.26 E0.06268
G1 X46.496 Y42.19
G0 F7200 X46.496 Y42.41
G0 X47.917 Y42.41
G0 X47.917 Y42.26
G1 F3600 X49.174 Y43.517 E0.02956
G1 X49.244 Y43.587
G0 F7200 X49.176 Y43.363
G0 X51.112 Y43.098
G0 X51.098 Y43.245
G1 F3600 X52.083 Y42.26 E0.02317
G1 X52.153 Y42.19
G0 F7200 X52.153 Y42.41
G0 X53.574 Y42.41
G0 X53.574 Y42.26
G1 F3600 X56.054 Y44.74 E0.05833
G0 F7200 X55.259 Y44.74
G1 F3600 X56.24 Y43.759 E0.02307
G1 X56.31 Y43.689
G0 F7200 X56.09 Y43.689
G0 X51 Y43.146
G0 X49.663 Y43.278
G0 X48.377 Y43.669
G0 X47.193 Y44.301
G0 X46.153 Y45.153
G0 X45.301 Y46.193
G0 X44.669 Y47.377
G0 X44.278 Y48.663
G0 X44.146 Y50
G0 X44.278 Y51.337
G0 X44.669 Y52.623
G0 X45.301 Y53.807
G0 X46.153 Y54.847
G0 X47.193 Y55.699
G0 X48.377 Y56.331
G0 X49.663 Y56.722
G0 X51 Y56.854
G0 X52.337 Y56.722
G0 X56.053 Y55.41
G0 X56.053 Y55.26
G1 F3600 X53.573 Y57.74 E0.05833
G1 X53.503 Y57.81
G0 F7200 X53.503 Y57.59
G0 X52.083 Y57.59
G0 X52.083 Y57.74
G1 F3600 X51.091 Y56.748 E0.02333
G1 X51.021 Y56.678
G0 F7200 X51.043 Y56.91
G0 X49.131 Y56.623
G0 X49.175 Y56.481
G1 F3600 X47.916 Y57.74 E0.02961
G1 X47.846 Y57.81
G0 F7200 X47.846 Y57.59
G0 X46.425 Y57.59
G0 X46.425 Y57.739
G1 F3600 X43.76 Y55.074 E0.06268
G1 X43.69 Y55.004
G0 F7200 X43.91 Y55.004
G0 X43.91 Y56.238
G0 X43.761 Y56.238
G1 F3600 X45.765 Y54.234 E0.04713
G1 X45.835 Y54.164
G0 F7200 X45.643 Y54.32
G0 X44.789 Y52.848
G0 X43.91 Y50.581
G0 X43.761 Y50.581
G1 F3600 X44.249 Y50.094 E0.01147
G1 X44.249 Y49.906
G1 X43.76 Y49.417 E0.0115
G0 F7200 X43.91 Y49.417
G0 X44.278 Y51.337
G0 X44.669 Y52.623
G0 X45.301 Y53.807
G0 X46.153 Y54.847
G0 X47.193 Y55.699
G0 X48.377 Y56.331
G0 X49.663 Y56.722
G0 X51 Y56.854
G0 X52.337 Y56.722
G0 X53.494 Y56.37
G0 X55.26 Y55.41
G0 X55.26 Y55.26
G1 F3600 X56.24 Y56.24 E0.02305
G1 X56.31 Y56.31
G0 F7200 X56.09 Y56.31
G0 X52.376 Y56.773
G0 X52.287 Y56.477
;TYPE:WALL-INNER
G1 F3600 X51 Y56.599 E0.0215
G1 X49.708 Y56.476 E0.02158
G1 X48.469 Y56.097 E0.02155
G1 X47.334 Y55.494 E0.02137
G1 X46.328 Y54.666 E0.02167
G1 X45.505 Y53.661 E0.0216
G1 X44.899 Y52.53 E0.02134
G1 X44.523 Y51.288 E0.02158
G1 X44.4 Y50 E0.02152
G1 X44.523 Y48.708 E0.02158
G1 X44.899 Y47.466 E0.02158
G1 X45.505 Y46.335 E0.02134
G1 X46.326 Y45.332 E0.02156
G1 X47.335 Y44.505 E0.0217
G1 X48.471 Y43.898 E0.02142
G1 X49.708 Y43.524 E0.02149
G1 X51 Y43.396 E0.02159
G1 X52.288 Y43.524 E0.02153
G1 X53.525 Y43.898 E0.02149
G1 X54.665 Y44.508 E0.0215
G1 X55.143 Y44.9 E0.01028
G1 X56.4 Y44.9 E0.0209
G1 X56.4 Y42.313 E0.04302
G1 X56.274 Y42.101 E0.0041
G1 X43.6 Y42.1 E0.21077
G1 X43.601 Y57.899 E0.26274
G1 X56.272 Y57.9 E0.21072
G1 X56.4 Y57.683 E0.00419
G1 X56.4 Y55.1 E0.04296
G1 X55.143 Y55.1 E0.0209
G1 X54.663 Y55.494 E0.01033
G1 X53.527 Y56.097 E0.02139
G1 X52.287 Y56.477 E0.02157
G0 F7200 X52.192 Y56.084
;TYPE:WALL-OUTER
G1 F1800 X50.981 Y56.196 E0.02022
G1 X49.805 Y56.084 E0.01965
G1 X48.641 Y55.732 E0.02022
G1 X47.54 Y55.147 E0.02073
G1 X46.628 Y54.395 E0.01966
G1 X45.831 Y53.423 E0.0209
G1 X45.279 Y52.391 E0.01946
G1 X44.916 Y51.192 E0.02083
G1 X44.8 Y49.98 E0.02025
G1 X44.916 Y48.804 E0.01965
G1 X45.279 Y47.605 E0.02083
G1 X45.831 Y46.573 E0.01946
G1 X46.629 Y45.601 E0.02091
G1 X47.573 Y44.831 E0.02026
G1 X48.605 Y44.279 E0.01946
G1 X49.804 Y43.916 E0.02083
G1 X51.02 Y43.8 E0.02031
G1 X52.192 Y43.916 E0.01959
G1 X53.391 Y44.279 E0.02083
G1 X54.423 Y44.831 E0.01946
G1 X55 Y45.3 E0.01237
G1 X56.8 Y45.3 E0.02993
G1 X56.8 Y42.262 E0.05052
G1 X56.635 Y41.879 E0.00694
G1 X56.356 Y41.701 E0.0055
G1 X43.2 Y41.7 E0.21879
G1 X43.201 Y58.299 E0.27604
G1 X56.354 Y58.3 E0.21874
G1 X56.635 Y58.12 E0.00555
G1 X56.8 Y57.734 E0.00698
G1 X56.8 Y54.7 E0.05046
G1 X55 Y54.7 E0.02993
G1 X54.422 Y55.169 E0.01238
G1 X53.355 Y55.732 E0.02006
G1 X52.192 Y56.084 E0.02021
G0 F7200 X51.993 Y56.102
G0 X52.091 Y57.109
;MESH:NONMESH
G0 F600 X52.091 Y57.109 Z12.1
G0 F7200 X49.663 Y56.722
G0 X48.377 Y56.331
G0 X47.193 Y55.699
G0 X46.153 Y54.847
G0 X45.301 Y53.807
G0 X44.669 Y52.623
G0 X44.278 Y51.337
G0 X43.91 Y43.76
G0 X43.76 Y43.76
;TIME_ELAPSED:1074.327838
;LAYER:118
;TYPE:FILL
;MESH:head.stl
G1 F3600 X45.765 Y45.765 E0.04715
G1 X45.835 Y45.835
G0 F7200 X45.645 Y45.678
G0 X43.91 Y44.925
G0 X43.761 Y44.925
G1 F3600 X46.426 Y42.26 E0.06268
G1 X46.496 Y42.19
G0 F7200 X46.496 Y42.41
G0 X47.917 Y42.41
G0 X47.917 Y42.26
G1 F3600 X49.174 Y43.517 E0.02956
G1 X49.244 Y43.587
G0 F7200 X49.176 Y43.363
G0 X51.112 Y43.098
G0 X51.098 Y43.245
G1 F3600 X52.083 Y42.26 E0.02317
G1 X52.153 Y42.19
G0 F7200 X52.153 Y42.41
G0 X53.574 Y42.41
G0 X53.574 Y42.26
G1 F3600 X56.054 Y44.74 E0.05833
G0 F7200 X55.259 Y44.74
G1 F3600 X56.24 Y43.759 E0.02307
G1 X56.31 Y43.689
G0 F7200 X56.09 Y43.689
G0 X51 Y43.146
G0 X49.663 Y43.278
G0 X48.377 Y43.669
G0 X47.193 Y44.301
G0 X46.153 Y45.153
G0 X45.301 Y46.193
G0 X44.669 Y47.377
G0 X44.278 Y48.663
G0 X44.146 Y50
G0 X44.278 Y51.337
G0 X44.669 Y52.623
G0 X45.301 Y53.807
G0 X46.153 Y54.847
G0 X47.193 Y55.699
G0 X48.377 Y56.331
G0 X49.663 Y56.722
G0 X51 Y56.854
G0 X52.337 Y56.722
G0 X56.053 Y55.41
G0 X56.053 Y55.26
G1 F3600 X53.573 Y57.74 E0.05833
G1 X53.503 Y57.81
G0 F7200 X53.503 Y57.59
G0 X52.083 Y57.59
G0 X52.083 Y57.74
G1 F3600 X51.091 Y56.748 E0.02333
G1 X51.021 Y56.678
G0 F7200 X51.043 Y56.91
G0 X49.131 Y56.623
G0 X49.175 Y56.481
G1 F3600 X47.916 Y57.74 E0.02961
G1 X47.846 Y57.81
G0 F7200 X47.846 Y57.59
G0 X46.425 Y57.59
G0 X46.425 Y57.739
G1 F3600 X43.76 Y55.074 E0.06268
G1 X43.69 Y55.004
G0 F7200 X43.91 Y55.004
G0 X43.91 Y56.238
G0 X43.761 Y56.238
G1 F3600 X45.765 Y54.234 E0.04713
G1 X45.835 Y54.164
G0 F7200 X45.643 Y54.32
G0 X44.789 Y52.848
G0 X43.91 Y50.581
G0 X43.761 Y50.581
G1 F3600 X43.841 Y50.502 E0.00187
G0 F7200 X43.91 Y50.502
G0 X43.91 Y49.497
G0 X43.841 Y49.497
G1 F3600 X43.76 Y49.417 E0.00189
G0 F7200 X43.91 Y49.417
G0 X44.278 Y51.337
G0 X44.669 Y52.623
G0 X45.301 Y53.807
G0 X46.153 Y54.847
G0 X47.193 Y55.699
G0 X48.377 Y56.331
G0 X49.663 Y56.722
G0 X51 Y56.854
G0 X52.337 Y56.722
G0 X53.494 Y56.37
G0 X55.26 Y55.41
G0 X55.26 Y55.26
G1 F3600 X56.24 Y56.24 E0.02305
G1 X56.31 Y56.31
G0 F7200 X56.09 Y56.31
G0 X52.376 Y56.773
G0 X52.287 Y56.477
;TYPE:WALL-INNER
G1 F3600 X51 Y56.599 E0.0215
G1 X49.708 Y56.476 E0.02158
G1 X48.469 Y56.097 E0.02155
G1 X47.334 Y55.494 E0.02137
G1 X46.328 Y54.666 E0.02167
G1 X45.505 Y53.661 E0.0216
G1 X44.899 Y52.53 E0.02134
G1 X44.523 Y51.288 E0.02158
G1 X44.4 Y50 E0.02152
G1 X44.523 Y48.708 E0.02158
G1 X44.899 Y47.466 E0.02158
G1 X45.505 Y46.335 E0.02134
G1 X46.326 Y45.332 E0.02156
G1 X47.335 Y44.505 E0.0217
G1 X48.471 Y43.898 E0.02142
G1 X49.708 Y43.524 E0.02149
G1 X51 Y43.396 E0.02159
G1 X52.288 Y43.524 E0.02153
G1 X53.525 Y43.898 E0.02149
G1 X54.665 Y44.508 E0.0215
G1 X55.143 Y44.9 E0.01028
G1 X56.4 Y44.9 E0.0209
G1 X56.4 Y42.313 E0.04302
G1 X56.274 Y42.101 E0.0041
G1 X43.6 Y42.1 E0.21077
G1 X43.601 Y57.899 E0.26274
G1 X56.272 Y57.9 E0.21072
G1 X56.4 Y57.683 E0.00419
G1 X56.4 Y55.1 E0.04296
G1 X55.143 Y55.1 E0.0209
G1 X54.663 Y55.494 E0.01033
G1 X53.527 Y56.097 E0.02139
G1 X52.287 Y56.477 E0.02157
G0 F7200 X52.192 Y56.084
;TYPE:WALL-OUTER
G1 F1800 X50.981 Y56.196 E0.02022
G1 X49.805 Y56.084 E0.01965
G1 X48.641 Y55.732 E0.02022
G1 X47.54 Y55.147 E0.02073
G1 X46.628 Y54.395 E0.01966
G1 X45.831 Y53.423 E0.0209
G1 X45.279 Y52.391 E0.01946
G1 X44.916 Y51.192 E0.02083
G1 X44.8 Y49.98 E0.02025
G1 X44.916 Y48.804 E0.01965
G1 X45.279 Y47.605 E0.02083
G1 X45.831 Y46.573 E0.01946
G1 X46.629 Y45.601 E0.02091
G1 X47.573 Y44.831 E0.02026
G1 X48.605 Y44.279 E0.01946
G1 X49.804 Y43.916 E0.02083
G1 X51.02 Y43.8 E0.02031
G1 X52.192 Y43.916 E0.01959
G1 X53.391 Y44.279 E0.02083
G1 X54.423 Y44.831 E0.01946
G1 X55 Y45.3 E0.01237
G1 X56.8 Y45.3 E0.02993
G1 X56.8 Y42.262 E0.05052
G1 X56.635 Y41.879 E0.00694
G1 X56.356 Y41.701 E0.0055
G1 X43.2 Y41.7 E0.21879
G1 X43.201 Y58.299 E0.27604
G1 X56.354 Y58.3 E0.21874
G1 X56.635 Y58.12 E0.00555
G1 X56.8 Y57.734 E0.00698
G1 X56.8 Y54.7 E0.05046
G1 X55 Y54.7 E0.02993
G1 X54.422 Y55.169 E0.01238
G1 X53.355 Y55.732 E0.02006
G1 X52.192 Y56.084 E0.02021
G0 F7200 X51.993 Y56.102
G0 X52.061 Y56.81
G0 X51 Y56.854
G0 X49.663 Y56.722
G0 X48.377 Y56.331
G0 X47.193 Y55.699
G0 X46.153 Y54.847
G0 X45.301 Y53.807
G0 X44.669 Y52.623
G0 X44.278 Y51.337
G0 X44.117 Y48.257
;TYPE:SKIN
G1 F1152 X44.068 Y48.584 E0.00859
G1 F1414.5 X44 Y49.98 E0.02958
G1 F1420.1 X44.066 Y51.361 E0.02914
G1 F1150.2 X44.12 Y51.736 E0.00986
G0 F7200 X44.21 Y51.762
;MESH:NONMESH
G0 F600 X44.21 Y51.762 Z12.2
G0 F7200 X43.91 Y43.76
G0 X43.76 Y43.76
;TIME_ELAPSED:1080.686597
;LAYER:119
;TYPE:FILL
;MESH:head.stl
G1 F3600 X45.765 Y45.765 E0.04715
G1 X45.835 Y45.835
G0 F7200 X45.645 Y45.678
G0 X43.91 Y44.925
G0 X43.761 Y44.925
G1 F3600 X46.426 Y42.26 E0.06268
G1 X46.496 Y42.19
G0 F7200 X46.496 Y42.41
G0 X47.917 Y42.41
G0 X47.917 Y42.26
G1 F3600 X49.174 Y43.517 E0.02956
G1 X49.244 Y43.587
G0 F7200 X49.176 Y43.363
G0 X51.112 Y43.098
G0 X51.098 Y43.245
G1 F3600 X52.083 Y42.26 E0.02317
G1 X52.153 Y42.19
G0 F7200 X52.153 Y42.41
G0 X53.574 Y42.41
G0 X53.574 Y42.26
G1 F3600 X56.054 Y44.74 E0.05833
G0 F7200 X55.259 Y44.74
G1 F3600 X56.24 Y43.759 E0.02307
G1 X56.31 Y43.689
G0 F7200 X56.09 Y43.689
G0 X51 Y43.146
G0 X49.663 Y43.278
G0 X48.377 Y43.669
G0 X47.193 Y44.301
G0 X46.153 Y45.153
G0 X45.301 Y46.193
G0 X44.669 Y47.377
G0 X44.278 Y48.663
G0 X44.146 Y50
G0 X44.278 Y51.337
G0 X44.669 Y52.623
G0 X45.301 Y53.807
G0 X46.153 Y54.847
G0 X47.193 Y55.699
G0 X48.377 Y56.331
G0 X49.663 Y56.722
G0 X51 Y56.854
G0 X52.337 Y56.722
G0 X56.053 Y55.41
G0 X56.053 Y55.26
G1 F3600 X53.573 Y57.74 E0.05833
G1 X53.503 Y57.81
G0 F7200 X53.503 Y57.59
G0 X52.083 Y57.59
G0 X52.083 Y57.74
G1 F3600 X51.091 Y56.748 E0.02333
G1 X51.021 Y56.678
G0 F7200 X51.043 Y56.91
G0 X49.131 Y56.623
G0 X49.175 Y56.481
G1 F3600 X47.916 Y57.74 E0.02961
G1 X47.846 Y57.81
G0 F7200 X47.846 Y57.59
G0 X46.425 Y57.59
G0 X46.425 Y57.739
G1 F3600 X43.76 Y55.074 E0.06268
G1 X43.69 Y55.004
G0 F7200 X43.91 Y55.004
G0 X43.91 Y56.238
G0 X43.761 Y56.238
G1 F3600 X45.765 Y54.234 E0.04713
G1 X45.835 Y54.164
G0 F7200 X45.643 Y54.32
G0 X44.789 Y52.848
G0 X43.91 Y50.581
G0 X43.761 Y50.581
G1 F3600 X43.841 Y50.502 E0.00187
G0 F7200 X43.91 Y50.502
G0 X43.91 Y49.497
G0 X43.841 Y49.497
G1 F3600 X43.76 Y49.417 E0.00189
G0 F7200 X43.91 Y49.417
G0 X44.278 Y51.337
G0 X44.669 Y52.623
G0 X45.301 Y53.807
G0 X46.153 Y54.847
G0 X47.193 Y55.699
G0 X48.377 Y56.331
G0 X49.663 Y56.722
G0 X51 Y56.854
G0 X52.337 Y56.722
G0 X53.494 Y56.37
G0 X55.26 Y55.41
G0 X55.26 Y55.26
G1 F3600 X56.24 Y56.24 E0.02305
G1 X56.31 Y56.31
G0 F7200 X56.09 Y56.31
G0 X52.376 Y56.773
G0 X52.287 Y56.477
;TYPE:WALL-INNER
G1 F3600 X51 Y56.599 E0.0215
G1 X49.708 Y56.476 E0.02158
G1 X48.469 Y56.097 E0.02155
G1 X47.334 Y55.494 E0.02137
G1 X46.328 Y54.666 E0.02167
G1 X45.505 Y53.661 E0.0216
G1 X44.899 Y52.53 E0.02134
G1 X44.523 Y51.288 E0.02158
G1 X44.4 Y50 E0.02152
G1 X44.523 Y48.708 E0.02158
G1 X44.899 Y47.466 E0.02158
G1 X45.505 Y46.335 E0.02134
G1 X46.326 Y45.332 E0.02156
G1 X47.335 Y44.505 E0.0217
G1 X48.471 Y43.898 E0.02142
G1 X49.708 Y43.524 E0.02149
G1 X51 Y43.396 E0.02159
G1 X52.288 Y43.524 E0.02153
G1 X53.525 Y43.898 E0.02149
G1 X54.665 Y44.508 E0.0215
G1 X55.143 Y44.9 E0.01028
G1 X56.4 Y44.9 E0.0209
G1 X56.4 Y42.313 E0.04302
G1 X56.274 Y42.101 E0.0041
G1 X43.6 Y42.1 E0.21077
G1 X43.601 Y57.899 E0.26274
G1 X56.272 Y57.9 E0.21072
G1 X56.4 Y57.683 E0.00419
G1 X56.4 Y55.1 E0.04296
G1 X55.143 Y55.1 E0.0209
G1 X54.663 Y55.494 E0.01033
G1 X53.527 Y56.097 E0.02139
G1 X52.287 Y56.477 E0.02157
G0 F7200 X52.192 Y56.084
;TYPE:WALL-OUTER
G1 F1800 X50.981 Y56.196 E0.02022
G1 X49.805 Y56.084 E0.01965
G1 X48.641 Y55.732 E0.02022
G1 X47.54 Y55.147 E0.02073
G1 X46.628 Y54.395 E0.01966
G1 X45.831 Y53.423 E0.0209
G1 X45.279 Y52.391 E0.01946
G1 X44.916 Y51.192 E0.02083
G1 X44.8 Y49.98 E0.02025
G1 X44.916 Y48.804 E0.01965
G1 X45.279 Y47.605 E0.02083
G1 X45.831 Y46.573 E0.01946
G1 X46.629 Y45.601 E0.02091
G1 X47.573 Y44.831 E0.02026
G1 X48.605 Y44.279 E0.01946
G1 X49.804 Y43.916 E0.02083
G1 X51.02 Y43.8 E0.02031
G1 X52.192 Y43.916 E0.01959
G1 X53.391 Y44.279 E0.02083
G1 X54.423 Y44.831 E0.01946
G1 X55 Y45.3 E0.01237
G1 X56.8 Y45.3 E0.02993
G1 X56.8 Y42.262 E0.05052
G1 X56.635 Y41.879 E0.00694
G1 X56.356 Y41.701 E0.0055
G1 X43.2 Y41.7 E0.21879
G1 X43.201 Y58.299 E0.27604
G1 X56.354 Y58.3 E0.21874
G1 X56.635 Y58.12 E0.00555
G1 X56.8 Y57.734 E0.00698
G1 X56.8 Y54.7 E0.05046
G1 X55 Y54.7 E0.02993
G1 X54.422 Y55.169 E0.01238
G1 X53.355 Y55.732 E0.02006
G1 X52.192 Y56.084 E0.02021
G0 F7200 X51.993 Y56.102
G0 X52.061 Y56.81
G0 X51 Y56.854
G0 X49.663 Y56.722
G0 X48.377 Y56.331
G0 X47.193 Y55.699
G0 X46.153 Y54.847
G0 X45.301 Y53.807
G0 X44.065 Y51.34
;TYPE:SKIN
G1 F1572.1 X44.295 Y51.739 E0.00877
G1 F2069 X44.362 Y51.962 E0.00337
G1 X43.954 Y51.962 E0.0059
G1 X43.954 Y51.788 E0.00252
G1 F1572.1 X44.065 Y51.34 E0.00879
G0 F7200 X44.063 Y48.642
G1 F1585.9 X43.952 Y48.204 E0.00853
G1 F2093 X43.952 Y48.032 E0.00246
G1 X44.356 Y48.032 E0.00578
G1 X44.288 Y48.254 E0.00332
G1 F1585.9 X44.063 Y48.642 E0.00847
G1 F1431.4 X44 Y49.98 E0.02801
G1 F1425.7 X44.065 Y51.34 E0.02859
G0 F7200 X44.21 Y51.354
;MESH:NONMESH
G0 F600 X44.21 Y51.354 Z12.3
G0 F7200 X43.91 Y43.76
G0 X43.76 Y43.76
;TIME_ELAPSED:1087.152910
;LAYER:120
;TYPE:FILL
;MESH:head.stl
G1 F3600 X45.765 Y45.765 E0.04715
G1 X45.835 Y45.835
G0 F7200 X45.645 Y45.678
G0 X43.91 Y44.925
G0 X43.761 Y44.925
G1 F3600 X46.426 Y42.26 E0.06268
G1 X46.496 Y42.19
G0 F7200 X46.496 Y42.41
G0 X47.917 Y42.41
G0 X47.917 Y42.26
G1 F3600 X49.174 Y43.517 E0.02956
G1 X49.244 Y43.587
G0 F7200 X49.176 Y43.363
G0 X51.112 Y43.098
G0 X51.098 Y43.245
G1 F3600 X52.083 Y42.26 E0.02317
G1 X52.153 Y42.19
G0 F7200 X52.153 Y42.41
G0 X53.574 Y42.41
G0 X53.574 Y42.26
G1 F3600 X56.054 Y44.74 E0.05833
G0 F7200 X55.259 Y44.74
G1 F3600 X56.24 Y43.759 E0.02307
G1 X56.31 Y43.689
G0 F7200 X56.09 Y43.689
G0 X51 Y43.146
G0 X49.663 Y43.278
G0 X48.377 Y43.669
G0 X47.193 Y44.301
G0 X46.153 Y45.153
G0 X45.301 Y46.193
G0 X44.669 Y47.377
G0 X44.278 Y48.663
G0 X44.146 Y50
G0 X44.278 Y51.337
G0 X44.669 Y52.623
G0 X45.301 Y53.807
G0 X46.153 Y54.847
G0 X47.193 Y55.699
G0 X48.377 Y56.331
G0 X49.663 Y56.722
G0 X51 Y56.854
G0 X52.337 Y56.722
G0 X56.053 Y55.41
G0 X56.053 Y55.26
G1 F3600 X53.573 Y57.74 E0.05833
G1 X53.503 Y57.81
G0 F7200 X53.503 Y57.59
G0 X52.083 Y57.59
G0 X52.083 Y57.74
G1 F3600 X51.091 Y56.748 E0.02333
G1 X51.021 Y56.678
G0 F7200 X51.043 Y56.91
G0 X49.131 Y56.623
G0 X49.175 Y56.481
G1 F3600 X47.916 Y57.74 E0.02961
G1 X47.846 Y57.81
G0 F7200 X47.846 Y57.59
G0 X46.425 Y57.59
G0 X46.425 Y57.739
G1 F3600 X43.76 Y55.074 E0.06268
G1 X43.69 Y55.004
G0 F7200 X43.91 Y55.004
G0 X43.91 Y56.238
G0 X43.761 Y56.238
G1 F3600 X45.765 Y54.234 E0.04713
G1 X45.835 Y54.164
G0 F7200 X45.643 Y54.32
G0 X44.789 Y52.848
G0 X43.91 Y50.581
G0 X43.761 Y50.581
G1 F3600 X43.841 Y50.502 E0.00187
G0 F7200 X43.91 Y50.502
G0 X43.91 Y49.497
G0 X43.841 Y49.497
G1 F3600 X43.76 Y49.417 E0.00189
G0 F7200 X43.91 Y49.417
G0 X44.278 Y51.337
G0 X44.669 Y52.623
G0 X45.301 Y53.807
G0 X46.153 Y54.847
G0 X47.193 Y55.699
G0 X48.377 Y56.331
G0 X49.663 Y56.722
G0 X51 Y56.854
G0 X52.337 Y56.722
G0 X53.494 Y56.37
G0 X55.26 Y55.41
G0 X55.26 Y55.26
G1 F3600 X56.24 Y56.24 E0.02305
G1 X56.31 Y56.31
G0 F7200 X56.09 Y56.31
G0 X52.376 Y56.773
G0 X52.287 Y56.477
;TYPE:WALL-INNER
G1 F3600 X51 Y56.599 E0.0215
G1 X49.708 Y56.476 E0.02158
G1 X48.469 Y56.097 E0.02155
G1 X47.334 Y55.494 E0.02137
G1 X46.328 Y54.666 E0.02167
G1 X45.505 Y53.661 E0.0216
G1 X44.899 Y52.53 E0.02134
G1 X44.523 Y51.288 E0.02158
G1 X44.4 Y50 E0.02152
G1 X44.523 Y48.708 E0.02158
G1 X44.899 Y47.466 E0.02158
G1 X45.505 Y46.335 E0.02134
G1 X46.326 Y45.332 E0.02156
G1 X47.335 Y44.505 E0.0217
G1 X48.471 Y43.898 E0.02142
G1 X49.708 Y43.524 E0.02149
G1 X51 Y43.396 E0.02159
G1 X52.288 Y43.524 E0.02153
G1 X53.525 Y43.898 E0.02149
G1 X54.665 Y44.508 E0.0215
G1 X55.143 Y44.9 E0.01028
G1 X56.4 Y44.9 E0.0209
G1 X56.4 Y42.313 E0.04302
G1 X56.274 Y42.101 E0.0041
G1 X43.6 Y42.1 E0.21077
G1 X43.601 Y57.899 E0.26274
G1 X56.272 Y57.9 E0.21072
G1 X56.4 Y57.683 E0.00419
G1 X56.4 Y55.1 E0.04296
G1 X55.143 Y55.1 E0.0209
G1 X54.663 Y55.494 E0.01033
G1 X53.527 Y56.097 E0.02139
G1 X52.287 Y56.477 E0.02157
G0 F7200 X52.192 Y56.084
;TYPE:WALL-OUTER
G1 F1800 X50.981 Y56.196 E0.02022
G1 X49.805 Y56.084 E0.01965
G1 X48.641 Y55.732 E0.02022
G1 X47.54 Y55.147 E0.02073
G1 X46.628 Y54.395 E0.01966
G1 X45.831 Y53.423 E0.0209
G1 X45.279 Y52.391 E0.01946
G1 X44.916 Y51.192 E0.02083
G1 X44.8 Y49.98 E0.02025
G1 X44.916 Y48.804 E0.01965
G1 X45.279 Y47.605 E0.02083
G1 X45.831 Y46.573 E0.01946
G1 X46.629 Y45.601 E0.02091
G1 X47.573 Y44.831 E0.02026
G1 X48.605 Y44.279 E0.01946
G1 X49.804 Y43.916 E0.02083
G1 X51.02 Y43.8 E0.02031
G1 X52.192 Y43.916 E0.01959
G1 X53.391 Y44.279 E0.02083
G1 X54.423 Y44.831 E0.01946
G1 X55 Y45.3 E0.01237
G1 X56.8 Y45.3 E0.02993
G1 X56.8 Y42.262 E0.05052
G1 X56.635 Y41.879 E0.00694
G1 X56.356 Y41.701 E0.0055
G1 X43.2 Y41.7 E0.21879
G1 X43.201 Y58.299 E0.27604
G1 X56.354 Y58.3 E0.21874
G1 X56.635 Y58.12 E0.00555
G1 X56.8 Y57.734 E0.00698
G1 X56.8 Y54.7 E0.05046
G1 X55 Y54.7 E0.02993
G1 X54.422 Y55.169 E0.01238
G1 X53.355 Y55.732 E0.02006
G1 X52.192 Y56.084 E0.02021
G0 F7200 X51.993 Y56.102
G0 X52.061 Y56.81
G0 X51 Y56.854
G0 X49.663 Y56.722
G0 X48.377 Y56.331
G0 X47.193 Y55.699
G0 X46.153 Y54.847
G0 X45.301 Y53.807
G0 X44.669 Y52.623
G0 X44.317 Y51.466
G0 X44.063 Y48.642
;TYPE:SKIN
G1 F1572.1 X43.956 Y48.156 E0.00948
G1 F2045.5 X43.956 Y47.98 E0.00258
G1 X44.37 Y47.98 E0.00606
G1 X44.3 Y48.208 E0.00349
G1 F1572.1 X44.063 Y48.642 E0.00942
G1 F1431.4 X44 Y49.98 E0.02801
G1 F1425.7 X44.065 Y51.34 E0.02859
G0 F7200 X44.374 Y52.015
G1 F2028.2 X43.957 Y52.015 E0.00615
G1 X43.957 Y51.837 E0.00263
G1 F1558.4 X44.065 Y51.34 E0.00977
G1 X44.305 Y51.787 E0.00975
G1 F2028.2 X44.374 Y52.015 E0.00352
G0 F7200 X44.21 Y52.089
;MESH:NONMESH
G0 F600 X44.21 Y52.089 Z12.4
G0 F7200 X43.91 Y43.76
G0 X43.76 Y43.76
;TIME_ELAPSED:1093.634162
;LAYER:121
;TYPE:FILL
;MESH:head.stl
G1 F3600 X45.765 Y45.765 E0.04715
G1 X45.835 Y45.835
G0 F7200 X45.645 Y45.678
G0 X43.91 Y44.925
G0 X43.761 Y44.925
G1 F3600 X46.426 Y42.26 E0.06268
G1 X46.496 Y42.19
G0 F7200 X46.496 Y42.41
G0 X47.917 Y42.41
G0 X47.917 Y42.26
G1 F3600 X49.174 Y43.517 E0.02956
G1 X49.244 Y43.587
G0 F7200 X49.176 Y43.363
G0 X51.112 Y43.098
G0 X51.098 Y43.245
G1 F3600 X52.083 Y42.26 E0.02317
G1 X52.153 Y42.19
G0 F7200 X52.153 Y42.41
G0 X53.574 Y42.41
G0 X53.574 Y42.26
G1 F3600 X56.054 Y44.74 E0.05833
G0 F7200 X55.259 Y44.74
G1 F3600 X56.24 Y43.759 E0.02307
G1 X56.31 Y43.689
G0 F7200 X56.09 Y43.689
G0 X51 Y43.146
G0 X49.663 Y43.278
G0 X48.377 Y43.669
G0 X47.193 Y44.301
G0 X46.153 Y45.153
G0 X45.301 Y46.193
G0 X44.669 Y47.377
G0 X44.278 Y48.663
G0 X44.146 Y50
G0 X44.278 Y51.337
G0 X44.669 Y52.623
G0 X45.301 Y53.807
G0 X46.153 Y54.847
G0 X47.193 Y55.699
G0 X48.377 Y56.331
G0 X49.663 Y56.722
G0 X51 Y56.854
G0 X52.337 Y56.722
G0 X56.053 Y55.41
G0 X56.053 Y55.26
G1 F3600 X53.573 Y57.74 E0.05833
G1 X53.503 Y57.81
G0 F7200 X53.503 Y57.59
G0 X52.083 Y57.59
G0 X52.083 Y57.74
G1 F3600 X51.091 Y56.748 E0.02333
G1 X51.021 Y56.678
G0 F7200 X51.043 Y56.91
G0 X49.131 Y56.623
G0 X49.175 Y56.481
G1 F3600 X47.916 Y57.74 E0.02961
G1 X47.846 Y57.81
G0 F7200 X47.846 Y57.59
G0 X46.425 Y57.59
G0 X46.425 Y57.739
G1 F3600 X43.76 Y55.074 E0.06268
G1 X43.69 Y55.004
G0 F7200 X43.91 Y55.004
G0 X43.91 Y56.238
G0 X43.761 Y56.238
G1 F3600 X45.765 Y54.234 E0.04713
G1 X45.835 Y54.164
G0 F7200 X45.643 Y54.32
G0 X44.789 Y52.848
G0 X43.91 Y50.581
G0 X43.761 Y50.581
G1 F3600 X43.841 Y50.502 E0.00187
G0 F7200 X43.91 Y50.502
G0 X43.91 Y49.497
G0 X43.841 Y49.497
G1 F3600 X43.76 Y49.417 E0.00189
G0 F7200 X43.91 Y49.417
G0 X44.278 Y51.337
G0 X44.669 Y52.623
G0 X45.301 Y53.807
G0 X46.153 Y54.847
G0 X47.193 Y55.699
G0 X48.377 Y56.331
G0 X49.663 Y56.722
G0 X51 Y56.854
G0 X52.337 Y56.722
G0 X53.494 Y56.37
G0 X55.26 Y55.41
G0 X55.26 Y55.26
G1 F3600 X56.24 Y56.24 E0.02305
G1 X56.31 Y56.31
G0 F7200 X56.09 Y56.31
G0 X52.376 Y56.773
G0 X52.287 Y56.477
;TYPE:WALL-INNER
G1 F3600 X51 Y56.599 E0.0215
G1 X49.708 Y56.476 E0.02158
G1 X48.469 Y56.097 E0.02155
G1 X47.334 Y55.494 E0.02137
G1 X46.328 Y54.666 E0.02167
G1 X45.505 Y53.661 E0.0216
G1 X44.899 Y52.53 E0.02134
G1 X44.523 Y51.288 E0.02158
G1 X44.4 Y50 E0.02152
G1 X44.523 Y48.708 E0.02158
G1 X44.899 Y47.466 E0.02158
G1 X45.505 Y46.335 E0.02134
G1 X46.326 Y45.332 E0.02156
G1 X47.335 Y44.505 E0.0217
G1 X48.471 Y43.898 E0.02142
G1 X49.708 Y43.524 E0.02149
G1 X51 Y43.396 E0.02159
G1 X52.288 Y43.524 E0.02153
G1 X53.525 Y43.898 E0.02149
G1 X54.665 Y44.508 E0.0215
G1 X55.143 Y44.9 E0.01028
G1 X56.4 Y44.9 E0.0209
G1 X56.4 Y42.313 E0.04302
G1 X56.274 Y42.101 E0.0041
G1 X43.6 Y42.1 E0.21077
G1 X43.601 Y57.899 E0.26274
G1 X56.272 Y57.9 E0.21072
G1 X56.4 Y57.683 E0.00419
G1 X56.4 Y55.1 E0.04296
G1 X55.143 Y55.1 E0.0209
G1 X54.663 Y55.494 E0.01033
G1 X53.527 Y56.097 E0.02139
G1 X52.287 Y56.477 E0.02157
G0 F7200 X52.192 Y56.084
;TYPE:WALL-OUTER
G1 F1800 X50.981 Y56.196 E0.02022
G1 X49.805 Y56.084 E0.01965
G1 X48.641 Y55.732 E0.02022
G1 X47.54 Y55.147 E0.02073
G1 X46.628 Y54.395 E0.01966
G1 X45.831 Y53.423 E0.0209
G1 X45.279 Y52.391 E0.01946
G1 X44.916 Y51.192 E0.02083
G1 X44.8 Y49.98 E0.02025
G1 X44.916 Y48.804 E0.01965
G1 X45.279 Y47.605 E0.02083
G1 X45.831 Y46.573 E0.01946
G1 X46.629 Y45.601 E0.02091
G1 X47.573 Y44.831 E0.02026
G1 X48.605 Y44.279 E0.01946
G1 X49.804 Y43.916 E0.02083
G1 X51.02 Y43.8 E0.02031
G1 X52.192 Y43.916 E0.01959
G1 X53.391 Y44.279 E0.02083
G1 X54.423 Y44.831 E0.01946
G1 X55 Y45.3 E0.01237
G1 X56.8 Y45.3 E0.02993
G1 X56.8 Y42.262 E0.05052
G1 X56.635 Y41.879 E0.00694
G1 X56.356 Y41.701 E0.0055
G1 X43.2 Y41.7 E0.21879
G1 X43.201 Y58.299 E0.27604
G1 X56.354 Y58.3 E0.21874
G1 X56.635 Y58.12 E0.00555
G1 X56.8 Y57.734 E0.00698
G1 X56.8 Y54.7 E0.05046
G1 X55 Y54.7 E0.02993
G1 X54.422 Y55.169 E0.01238
G1 X53.355 Y55.732 E0.02006
G1 X52.192 Y56.084 E0.02021
G0 F7200 X51.993 Y56.102
G0 X52.061 Y56.81
G0 X51 Y56.854
G0 X49.663 Y56.722
G0 X48.377 Y56.331
G0 X47.193 Y55.699
G0 X46.153 Y54.847
G0 X45.301 Y53.807
G0 X44.065 Y51.34
;TYPE:SKIN
G1 F1545.1 X44.316 Y51.839 E0.01082
G1 F1983.5 X44.385 Y52.071 E0.00365
G1 X43.961 Y52.071 E0.0064
G1 X43.961 Y51.89 E0.00273
G1 F1545.1 X44.065 Y51.34 E0.01084
G0 F7200 X44.063 Y48.642
G1 F1558.4 X43.96 Y48.103 E0.01054
G1 F2000 X43.96 Y47.924 E0.00268
G1 X44.381 Y47.924 E0.0063
G1 X44.311 Y48.155 E0.00361
G1 F1558.4 X44.063 Y48.642 E0.0105
G1 F1431.4 X44 Y49.98 E0.02801
G1 F1425.7 X44.065 Y51.34 E0.02859
G0 F7200 X44.21 Y51.354
;MESH:NONMESH
G0 F600 X44.21 Y51.354 Z12.5
G0 F7200 X43.91 Y43.76
G0 X43.76 Y43.76
;TIME_ELAPSED:1100.119373
;LAYER:122
;TYPE:FILL
;MESH:head.stl
G1 F3600 X45.765 Y45.765 E0.04715
G1 X45.835 Y45.835
G0 F7200 X45.645 Y45.678
G0 X43.91 Y44.925
G0 X43.761 Y44.925
G1 F3600 X46.426 Y42.26 E0.06268
G1 X46.496 Y42.19
G0 F7200 X46.496 Y42.41
G0 X47.917 Y42.41
G0 X47.917 Y42.26
G1 F3600 X49.174 Y43.517 E0.02956
G1 X49.244 Y43.587
G0 F7200 X49.176 Y43.363
G0 X51.112 Y43.098
G0 X51.098 Y43.245
G1 F3600 X52.083 Y42.26 E0.02317
G1 X52.153 Y42.19
G0 F7200 X52.153 Y42.41
G0 X53.574 Y42.41
G0 X53.574 Y42.26
G1 F3600 X56.054 Y44.74 E0.05833
G0 F7200 X55.259 Y44.74
G1 F3600 X56.24 Y43.759 E0.02307
G1 X56.31 Y43.689
G0 F7200 X56.09 Y43.689
G0 X51 Y43.146
G0 X49.663 Y43.278
G0 X48.377 Y43.669
G0 X47.193 Y44.301
G0 X46.153 Y45.153
G0 X45.301 Y46.193
G0 X44.669 Y47.377
G0 X44.278 Y48.663
G0 X44.146 Y50
G0 X44.278 Y51.337
G0 X44.669 Y52.623
G0 X45.301 Y53.807
G0 X46.153 Y54.847
G0 X47.193 Y55.699
G0 X48.377 Y56.331
G0 X49.663 Y56.722
G0 X51 Y56.854
G0 X52.337 Y56.722
G0 X56.053 Y55.41
G0 X56.053 Y55.26
G1 F3600 X53.573 Y57.74 E0.05833
G1 X53.503 Y57.81
G0 F7200 X53.503 Y57.59
G0 X52.083 Y57.59
G0 X52.083 Y57.74
G1 F3600 X51.091 Y56.748 E0.02333
G1 X51.021 Y56.678
G0 F7200 X51.043 Y56.91
G0 X49.131 Y56.623
G0 X49.175 Y56.481
G1 F3600 X47.916 Y57.74 E0.02961
G1 X47.846 Y57.81
G0 F7200 X47.846 Y57.59
G0 X46.425 Y57.59
G0 X46.425 Y57.739
G1 F3600 X43.76 Y55.074 E0.06268
G1 X43.69 Y55.004
G0 F7200 X43.91 Y55.004
G0 X43.91 Y56.238
G0 X43.761 Y56.238
G1 F3600 X45.765 Y54.234 E0.04713
G1 X45.835 Y54.164
G0 F7200 X45.643 Y54.32
G0 X44.789 Y52.848
G0 X43.91 Y50.581
G0 X43.761 Y50.581
G1 F3600 X43.841 Y50.502 E0.00187
G0 F7200 X43.91 Y50.502
G0 X43.91 Y49.497
G0 X43.841 Y49.497
G1 F3600 X43.76 Y49.417 E0.00189
G0 F7200 X43.91 Y49.417
G0 X44.278 Y51.337
G0 X44.669 Y52.623
G0 X45.301 Y53.807
G0 X46.153 Y54.847
G0 X47.193 Y55.699
G0 X48.377 Y56.331
G0 X49.663 Y56.722
G0 X51 Y56.854
G0 X52.337 Y56.722
G0 X53.494 Y56.37
G0 X55.26 Y55.41
G0 X55.26 Y55.26
G1 F3600 X56.24 Y56.24 E0.02305
G1 X56.31 Y56.31
G0 F7200 X56.09 Y56.31
G0 X52.376 Y56.773
G0 X52.287 Y56.477
;TYPE:WALL-INNER
G1 F3600 X51 Y56.599 E0.0215
G1 X49.708 Y56.476 E0.02158
G1 X48.469 Y56.097 E0.02155
G1 X47.334 Y55.494 E0.02137
G1 X46.328 Y54.666 E0.02167
G1 X45.505 Y53.661 E0.0216
G1 X44.899 Y52.53 E0.02134
G1 X44.523 Y51.288 E0.02158
G1 X44.4 Y50 E0.02152
G1 X44.523 Y48.708 E0.02158
G1 X44.899 Y47.466 E0.02158
G1 X45.505 Y46.335 E0.02134
G1 X46.326 Y45.332 E0.02156
G1 X47.335 Y44.505 E0.0217
G1 X48.471 Y43.898 E0.02142
G1 X49.708 Y43.524 E0.02149
G1 X51 Y43.396 E0.02159
G1 X52.288 Y43.524 E0.02153
G1 X53.525 Y43.898 E0.02149
G1 X54.665 Y44.508 E0.0215
G1 X55.143 Y44.9 E0.01028
G1 X56.4 Y44.9 E0.0209
G1 X56.4 Y42.313 E0.04302
G1 X56.274 Y42.101 E0.0041
G1 X43.6 Y42.1 E0.21077
G1 X43.601 Y57.899 E0.26274
G1 X56.272 Y57.9 E0.21072
G1 X56.4 Y57.683 E0.00419
G1 X56.4 Y55.1 E0.04296
G1 X55.143 Y55.1 E0.0209
G1 X54.663 Y55.494 E0.01033
G1 X53.527 Y56.097 E0.02139
G1 X52.287 Y56.477 E0.02157
G0 F7200 X52.192 Y56.084
;TYPE:WALL-OUTER
G1 F1800 X50.981 Y56.196 E0.02022
G1 X49.805 Y56.084 E0.01965
G1 X48.641 Y55.732 E0.02022
G1 X47.54 Y55.147 E0.02073
G1 X46.628 Y54.395 E0.01966
G1 X45.831 Y53.423 E0.0209
G1 X45.279 Y52.391 E0.01946
G1 X44.916 Y51.192 E0.02083
G1 X44.8 Y49.98 E0.02025
G1 X44.916 Y48.804 E0.01965
G1 X45.279 Y47.605 E0.02083
G1 X45.831 Y46.573 E0.01946
G1 X46.629 Y45.601 E0.02091
G1 X47.573 Y44.831 E0.02026
G1 X48.605 Y44.279 E0.01946
G1 X49.804 Y43.916 E0.02083
G1 X51.02 Y43.8 E0.02031
G1 X52.192 Y43.916 E0.01959
G1 X53.391 Y44.279 E0.02083
G1 X54.423 Y44.831 E0.01946
G1 X55 Y45.3 E0.01237
G1 X56.8 Y45.3 E0.02993
G1 X56.8 Y42.262 E0.05052
G1 X56.635 Y41.879 E0.00694
G1 X56.356 Y41.701 E0.0055
G1 X43.2 Y41.7 E0.21879
G1 X43.201 Y58.299 E0.27604
G1 X56.354 Y58.3 E0.21874
G1 X56.635 Y58.12 E0.00555
G1 X56.8 Y57.734 E0.00698
G1 X56.8 Y54.7 E0.05046
G1 X55 Y54.7 E0.02993
G1 X54.422 Y55.169 E0.01238
G1 X53.355 Y55.732 E0.02006
G1 X52.192 Y56.084 E0.02021
G0 F7200 X51.993 Y56.102
G0 X52.061 Y56.81
G0 X51 Y56.854
G0 X49.663 Y56.722
G0 X48.377 Y56.331
G0 X47.193 Y55.699
G0 X46.153 Y54.847
G0 X45.301 Y53.807
G0 X44.669 Y52.623
G0 X44.317 Y51.466
G0 X44.058 Y48.653
;TYPE:SKIN
G1 F1730.8 X43.963 Y48.054 E0.01049
G1 F1961.9 X43.963 Y47.871 E0.00279
G1 X44.393 Y47.871 E0.00656
G1 X44.321 Y48.107 E0.00376
G1 F1730.8 X44.058 Y48.653 E0.01048
G0 F7200 X44.063 Y48.642
G1 F1431.4 X44 Y49.98 E0.02801
G1 F1425.7 X44.065 Y51.34 E0.02859
G0 F7200 X44.396 Y52.123
G1 F1945.9 X43.965 Y52.123 E0.00663
G1 X43.965 Y51.939 E0.00283
G1 F1535.2 X44.065 Y51.34 E0.01184
G1 X44.326 Y51.887 E0.01182
G1 F1945.9 X44.396 Y52.123 E0.00379
G0 F7200 X44.21 Y52.194
;MESH:NONMESH
G0 F600 X44.21 Y52.194 Z12.6
G0 F7200 X43.91 Y43.76
G0 X43.76 Y43.76
;TIME_ELAPSED:1106.624040
;LAYER:123
;TYPE:FILL
;MESH:head.stl
G1 F3600 X45.765 Y45.765 E0.04715
G1 X45.835 Y45.835
G0 F7200 X45.645 Y45.678
G0 X43.91 Y44.925
G0 X43.761 Y44.925
G1 F3600 X46.426 Y42.26 E0.06268
G1 X46.496 Y42.19
G0 F7200 X46.496 Y42.41
G0 X47.917 Y42.41
G0 X47.917 Y42.26
G1 F3600 X49.174 Y43.517 E0.02956
G1 X49.244 Y43.587
G0 F7200 X49.176 Y43.363
G0 X51.112 Y43.098
G0 X51.098 Y43.245
G1 F3600 X52.083 Y42.26 E0.02317
G1 X52.153 Y42.19
G0 F7200 X52.153 Y42.41
G0 X53.574 Y42.41
G0 X53.574 Y42.26
G1 F3600 X56.054 Y44.74 E0.05833
G0 F7200 X55.259 Y44.74
G1 F3600 X56.24 Y43.759 E0.02307
G1 X56.31 Y43.689
G0 F7200 X56.09 Y43.689
G0 X51 Y43.146
G0 X49.663 Y43.278
G0 X48.377 Y43.669
G0 X47.193 Y44.301
G0 X46.153 Y45.153
G0 X45.301 Y46.193
G0 X44.669 Y47.377
G0 X44.278 Y48.663
G0 X44.146 Y50
G0 X44.278 Y51.337
G0 X44.669 Y52.623
G0 X45.301 Y53.807
G0 X46.153 Y54.847
G0 X47.193 Y55.699
G0 X48.377 Y56.331
G0 X49.663 Y56.722
G0 X51 Y56.854
G0 X52.337 Y56.722
G0 X56.053 Y55.41
G0 X56.053 Y55.26
G1 F3600 X53.573 Y57.74 E0.05833
G1 X53.503 Y57.81
G0 F7200 X53.503 Y57.59
G0 X52.083 Y57.59
G0 X52.083 Y57.74
G1 F3600 X51.091 Y56.748 E0.02333
G1 X51.021 Y56.678
G0 F7200 X51.043 Y56.91
G0 X49.131 Y56.623
G0 X49.175 Y56.481
G1 F3600 X47.916 Y57.74 E0.02961
G1 X47.846 Y57.81
G0 F7200 X47.846 Y57.59
G0 X46.425 Y57.59
G0 X46.425 Y57.739
G1 F3600 X43.76 Y55.074 E0.06268
G1 X43.69 Y55.004
G0 F7200 X43.91 Y55.004
G0 X43.91 Y56.238
G0 X43.761 Y56.238
G1 F3600 X45.765 Y54.234 E0.04713
G1 X45.835 Y54.164
G0 F7200 X45.643 Y54.32
G0 X44.789 Y52.848
G0 X43.91 Y50.581
G0 X43.761 Y50.581
G1 F3600 X43.841 Y50.502 E0.00187
G0 F7200 X43.91 Y50.502
G0 X43.91 Y49.497
G0 X43.841 Y49.497
G1 F3600 X43.76 Y49.417 E0.00189
G0 F7200 X43.91 Y49.417
G0 X44.278 Y51.337
G0 X44.669 Y52.623
G0 X45.301 Y53.807
G0 X46.153 Y54.847
G0 X47.193 Y55.699
G0 X48.377 Y56.331
G0 X49.663 Y56.722
G0 X51 Y56.854
G0 X52.337 Y56.722
G0 X53.494 Y56.37
G0 X55.26 Y55.41
G0 X55.26 Y55.26
G1 F3600 X56.24 Y56.24 E0.02305
G1 X56.31 Y56.31
G0 F7200 X56.09 Y56.31
G0 X52.376 Y56.773
G0 X52.287 Y56.477
;TYPE:WALL-INNER
G1 F3600 X51 Y56.599 E0.0215
G1 X49.708 Y56.476 E0.02158
G1 X48.469 Y56.097 E0.02155
G1 X47.334 Y55.494 E0.02137
G1 X46.328 Y54.666 E0.02167
G1 X45.505 Y53.661 E0.0216
G1 X44.899 Y52.53 E0.02134
G1 X44.523 Y51.288 E0.02158
G1 X44.4 Y50 E0.02152
G1 X44.523 Y48.708 E0.02158
G1 X44.899 Y47.466 E0.02158
G1 X45.505 Y46.335 E0.02134
G1 X46.326 Y45.332 E0.02156
G1 X47.335 Y44.505 E0.0217
G1 X48.471 Y43.898 E0.02142
G1 X49.708 Y43.524 E0.02149
G1 X51 Y43.396 E0.02159
G1 X52.288 Y43.524 E0.02153
G1 X53.525 Y43.898 E0.02149
G1 X54.665 Y44.508 E0.0215
G1 X55.143 Y44.9 E0.01028
G1 X56.4 Y44.9 E0.0209
G1 X56.4 Y42.313 E0.04302
G1 X56.274 Y42.101 E0.0041
G1 X43.6 Y42.1 E0.21077
G1 X43.601 Y57.899 E0.26274
G1 X56.272 Y57.9 E0.21072
G1 X56.4 Y57.683 E0.00419
G1 X56.4 Y55.1 E0.04296
G1 X55.143 Y55.1 E0.0209
G1 X54.663 Y55.494 E0.01033
G1 X53.527 Y56.097 E0.02139
G1 X52.287 Y56.477 E0.02157
G0 F7200 X52.192 Y56.084
;TYPE:WALL-OUTER
G1 F1800 X50.981 Y56.196 E0.02022
G1 X49.805 Y56.084 E0.01965
G1 X48.641 Y55.732 E0.02022
G1 X47.54 Y55.147 E0.02073
G1 X46.628 Y54.395 E0.01966
G1 X45.831 Y53.423 E0.0209
G1 X45.279 Y52.391 E0.01946
G1 X44.916 Y51.192 E0.02083
G1 X44.8 Y49.98 E0.02025
G1 X44.916 Y48.804 E0.01965
G1 X45.279 Y47.605 E0.02083
G1 X45.831 Y46.573 E0.01946
G1 X46.629 Y45.601 E0.02091
G1 X47.573 Y44.831 E0.02026
G1 X48.605 Y44.279 E0.01946
G1 X49.804 Y43.916 E0.02083
G1 X51.02 Y43.8 E0.02031
G1 X52.192 Y43.916 E0.01959
G1 X53.391 Y44.279 E0.02083
G1 X54.423 Y44.831 E0.01946
G1 X55 Y45.3 E0.01237
G1 X56.8 Y45.3 E0.02993
G1 X56.8 Y42.262 E0.05052
G1 X56.635 Y41.879 E0.00694
G1 X56.356 Y41.701 E0.0055
G1 X43.2 Y41.7 E0.21879
G1 X43.201 Y58.299 E0.27604
G1 X56.354 Y58.3 E0.21874
G1 X56.635 Y58.12 E0.00555
G1 X56.8 Y57.734 E0.00698
G1 X56.8 Y54.7 E0.05046
G1 X55 Y54.7 E0.02993
G1 X54.422 Y55.169 E0.01238
G1 X53.355 Y55.732 E0.02006
G1 X52.192 Y56.084 E0.02021
G0 F7200 X51.993 Y56.102
G0 X52.061 Y56.81
G0 X51 Y56.854
G0 X49.663 Y56.722
G0 X48.377 Y56.331
G0 X47.193 Y55.699
G0 X46.153 Y54.847
G0 X45.301 Y53.807
G0 X44.669 Y52.623
G0 X44.317 Y51.466
G0 X44.058 Y48.653
;TYPE:SKIN
G1 F1706.2 X43.967 Y48.006 E0.01146
G1 F1920 X43.967 Y47.819 E0.00292
G1 X44.407 Y47.819 E0.00686
G1 X44.333 Y48.061 E0.00395
G1 F1706.2 X44.058 Y48.653 E0.01145
G0 F7200 X44.063 Y48.642
G1 F1431.4 X44 Y49.98 E0.02801
G1 F1425.7 X44.065 Y51.34 E0.02859
G0 F7200 X43.969 Y51.987
G1 F1690.1 X44.059 Y51.327 E0.0118
G1 X44.338 Y51.933 E0.01182
G1 F1904.8 X44.41 Y52.175 E0.00397
G1 X43.969 Y52.175 E0.00693
G1 X43.969 Y51.987 E0.00295
G0 F7200 X44.108 Y52.017
;MESH:NONMESH
G0 F600 X44.108 Y52.017 Z12.7
G0 F7200 X43.91 Y43.76
G0 X43.76 Y43.76
;TIME_ELAPSED:1113.130903
;LAYER:124
;TYPE:FILL
;MESH:head.stl
G1 F3600 X45.765 Y45.765 E0.04715
G1 X45.835 Y45.835
G0 F7200 X45.645 Y45.678
G0 X43.91 Y44.925
G0 X43.761 Y44.925
G1 F3600 X46.426 Y42.26 E0.06268
G1 X46.496 Y42.19
G0 F7200 X46.496 Y42.41
G0 X47.917 Y42.41
G0 X47.917 Y42.26
G1 F3600 X49.174 Y43.517 E0.02956
G1 X49.244 Y43.587
G0 F7200 X49.176 Y43.363
G0 X51.112 Y43.098
G0 X51.098 Y43.245
G1 F3600 X52.083 Y42.26 E0.02317
G1 X52.153 Y42.19
G0 F7200 X52.153 Y42.41
G0 X53.574 Y42.41
G0 X53.574 Y42.26
G1 F3600 X56.054 Y44.74 E0.05833
G0 F7200 X55.259 Y44.74
G1 F3600 X56.24 Y43.759 E0.02307
G1 X56.31 Y43.689
G0 F7200 X56.09 Y43.689
G0 X51 Y43.146
G0 X49.663 Y43.278
G0 X48.377 Y43.669
G0 X47.193 Y44.301
G0 X46.153 Y45.153
G0 X45.301 Y46.193
G0 X44.669 Y47.377
G0 X44.278 Y48.663
G0 X44.146 Y50
G0 X44.278 Y51.337
G0 X44.669 Y52.623
G0 X45.301 Y53.807
G0 X46.153 Y54.847
G0 X47.193 Y55.699
G0 X48.377 Y56.331
G0 X49.663 Y56.722
G0 X51 Y56.854
G0 X52.337 Y56.722
G0 X56.053 Y55.41
G0 X56.053 Y55.26
G1 F3600 X53.573 Y57.74 E0.05833
G1 X53.503 Y57.81
G0 F7200 X53.503 Y57.59
G0 X52.083 Y57.59
G0 X52.083 Y57.74
G1 F3600 X51.091 Y56.748 E0.02333
G1 X51.021 Y56.678
G0 F7200 X51.043 Y56.91
G0 X49.131 Y56.623
G0 X49.175 Y56.481
G1 F3600 X47.916 Y57.74 E0.02961
G1 X47.846 Y57.81
G0 F7200 X47.846 Y57.59
G0 X46.425 Y57.59
G0 X46.425 Y57.739
G1 F3600 X43.76 Y55.074 E0.06268
G1 X43.69 Y55.004
G0 F7200 X43.91 Y55.004
G0 X43.91 Y56.238
G0 X43.761 Y56.238
G1 F3600 X45.765 Y54.234 E0.04713
G1 X45.835 Y54.164
G0 F7200 X45.643 Y54.32
G0 X44.789 Y52.848
G0 X43.91 Y50.581
G0 X43.761 Y50.581
G1 F3600 X43.841 Y50.502 E0.00187
G0 F7200 X43.91 Y50.502
G0 X43.91 Y49.497
G0 X43.841 Y49.497
G1 F3600 X43.76 Y49.417 E0.00189
G0 F7200 X43.91 Y49.417
G0 X44.278 Y51.337
G0 X44.669 Y52.623
G0 X45.301 Y53.807
G0 X46.153 Y54.847
G0 X47.193 Y55.699
G0 X48.377 Y56.331
G0 X49.663 Y56.722
G0 X51 Y56.854
G0 X52.337 Y56.722
G0 X53.494 Y56.37
G0 X55.26 Y55.41
G0 X55.26 Y55.26
G1 F3600 X56.24 Y56.24 E0.02305
G1 X56.31 Y56.31
G0 F7200 X56.09 Y56.31
G0 X52.376 Y56.773
G0 X52.287 Y56.477
;TYPE:WALL-INNER
G1 F3600 X51 Y56.599 E0.0215
G1 X49.708 Y56.476 E0.02158
G1 X48.469 Y56.097 E0.02155
G1 X47.334 Y55.494 E0.02137
G1 X46.328 Y54.666 E0.02167
G1 X45.505 Y53.661 E0.0216
G1 X44.899 Y52.53 E0.02134
G1 X44.523 Y51.288 E0.02158
G1 X44.4 Y50 E0.02152
G1 X44.523 Y48.708 E0.02158
G1 X44.899 Y47.466 E0.02158
G1 X45.505 Y46.335 E0.02134
G1 X46.326 Y45.332 E0.02156
G1 X47.335 Y44.505 E0.0217
G1 X48.471 Y43.898 E0.02142
G1 X49.708 Y43.524 E0.02149
G1 X51 Y43.396 E0.02159
G1 X52.288 Y43.524 E0.02153
G1 X53.525 Y43.898 E0.02149
G1 X54.665 Y44.508 E0.0215
G1 X55.143 Y44.9 E0.01028
G1 X56.4 Y44.9 E0.0209
G1 X56.4 Y42.313 E0.04302
G1 X56.274 Y42.101 E0.0041
G1 X43.6 Y42.1 E0.21077
G1 X43.601 Y57.899 E0.26274
G1 X56.272 Y57.9 E0.21072
G1 X56.4 Y57.683 E0.00419
G1 X56.4 Y55.1 E0.04296
G1 X55.143 Y55.1 E0.0209
G1 X54.663 Y55.494 E0.01033
G1 X53.527 Y56.097 E0.02139
G1 X52.287 Y56.477 E0.02157
G0 F7200 X52.192 Y56.084
;TYPE:WALL-OUTER
G1 F1800 X50.981 Y56.196 E0.02022
G1 X49.805 Y56.084 E0.01965
G1 X48.641 Y55.732 E0.02022
G1 X47.54 Y55.147 E0.02073
G1 X46.628 Y54.395 E0.01966
G1 X45.831 Y53.423 E0.0209
G1 X45.279 Y52.391 E0.01946
G1 X44.916 Y51.192 E0.02083
G1 X44.8 Y49.98 E0.02025
G1 X44.916 Y48.804 E0.01965
G1 X45.279 Y47.605 E0.02083
G1 X45.831 Y46.573 E0.01946
G1 X46.629 Y45.601 E0.02091
G1 X47.573 Y44.831 E0.02026
G1 X48.605 Y44.279 E0.01946
G1 X49.804 Y43.916 E0.02083
G1 X51.02 Y43.8 E0.02031
G1 X52.192 Y43.916 E0.01959
G1 X53.391 Y44.279 E0.02083
G1 X54.423 Y44.831 E0.01946
G1 X55 Y45.3 E0.01237
G1 X56.8 Y45.3 E0.02993
G1 X56.8 Y42.262 E0.05052
G1 X56.635 Y41.879 E0.00694
G1 X56.356 Y41.701 E0.0055
G1 X43.2 Y41.7 E0.21879
G1 X43.201 Y58.299 E0.27604
G1 X56.354 Y58.3 E0.21874
G1 X56.635 Y58.12 E0.00555
G1 X56.8 Y57.734 E0.00698
G1 X56.8 Y54.7 E0.05046
G1 X55 Y54.7 E0.02993
G1 X54.422 Y55.169 E0.01238
G1 X53.355 Y55.732 E0.02006
G1 X52.192 Y56.084 E0.02021
G0 F7200 X51.993 Y56.102
G0 X52.061 Y56.81
G0 X51 Y56.854
G0 X49.663 Y56.722
G0 X48.377 Y56.331
G0 X47.193 Y55.699
G0 X46.153 Y54.847
G0 X45.301 Y53.807
G0 X44.669 Y52.623
G0 X44.278 Y51.337
G0 X44.159 Y50.134
G0 X44.344 Y48.009
;TYPE:SKIN
G1 F1690.1 X44.057 Y48.656 E0.01254
G1 F1603.6 X43.948 Y47.763 E0.01679
G1 F1782.2 X44.419 Y47.763 E0.00791
G1 F1889.8 X44.344 Y48.009 E0.00407
G0 F7200 X44.063 Y48.642
G1 F1431.4 X44 Y49.98 E0.02801
G1 F1425.7 X44.065 Y51.34 E0.02859
G0 F7200 X44.348 Y51.986
G1 F1870.1 X44.422 Y52.232 E0.00411
G1 F1764.7 X43.949 Y52.232 E0.00802
G1 F1589.4 X44.059 Y51.327 E0.01717
G1 F1674.4 X44.348 Y51.986 E0.01286
G0 F7200 X44.21 Y52.055
;MESH:NONMESH
G0 F600 X44.21 Y52.055 Z12.8
G0 F7200 X43.91 Y43.76
G0 X43.76 Y43.76
;TIME_ELAPSED:1119.680539
;LAYER:125
;TYPE:FILL
;MESH:head.stl
G1 F3600 X45.765 Y45.765 E0.04715
G1 X45.835 Y45.835
G0 F7200 X45.645 Y45.678
G0 X43.91 Y44.925
G0 X43.761 Y44.925
G1 F3600 X46.426 Y42.26 E0.06268
G1 X46.496 Y42.19
G0 F7200 X46.496 Y42.41
G0 X47.917 Y42.41
G0 X47.917 Y42.26
G1 F3600 X49.174 Y43.517 E0.02956
G1 X49.244 Y43.587
G0 F7200 X49.176 Y43.363
G0 X51.112 Y43.098
G0 X51.098 Y43.245
G1 F3600 X52.083 Y42.26 E0.02317
G1 X52.153 Y42.19
G0 F7200 X52.153 Y42.41
G0 X53.574 Y42.41
G0 X53.574 Y42.26
G1 F3600 X56.054 Y44.74 E0.05833
G0 F7200 X55.259 Y44.74
G1 F3600 X56.24 Y43.759 E0.02307
G1 X56.31 Y43.689
G0 F7200 X56.09 Y43.689
G0 X51 Y43.146
G0 X49.663 Y43.278
G0 X48.377 Y43.669
G0 X47.193 Y44.301
G0 X46.153 Y45.153
G0 X45.301 Y46.193
G0 X44.669 Y47.377
G0 X44.278 Y48.663
G0 X44.146 Y50
G0 X44.278 Y51.337
G0 X44.669 Y52.623
G0 X45.301 Y53.807
G0 X46.153 Y54.847
G0 X47.193 Y55.699
G0 X48.377 Y56.331
G0 X49.663 Y56.722
G0 X51 Y56.854
G0 X52.337 Y56.722
G0 X56.053 Y55.41
G0 X56.053 Y55.26
G1 F3600 X53.573 Y57.74 E0.05833
G1 X53.503 Y57.81
G0 F7200 X53.503 Y57.59
G0 X52.083 Y57.59
G0 X52.083 Y57.74
G1 F3600 X51.091 Y56.748 E0.02333
G1 X51.021 Y56.678
G0 F7200 X51.043 Y56.91
G0 X49.131 Y56.623
G0 X49.175 Y56.481
G1 F3600 X47.916 Y57.74 E0.02961
G1 X47.846 Y57.81
G0 F7200 X47.846 Y57.59
G0 X46.425 Y57.59
G0 X46.425 Y57.739
G1 F3600 X43.76 Y55.074 E0.06268
G1 X43.69 Y55.004
G0 F7200 X43.91 Y55.004
G0 X43.91 Y56.238
G0 X43.761 Y56.238
G1 F3600 X45.765 Y54.234 E0.04713
G1 X45.835 Y54.164
G0 F7200 X45.643 Y54.32
G0 X44.789 Y52.848
G0 X43.91 Y50.581
G0 X43.761 Y50.581
G1 F3600 X43.841 Y50.502 E0.00187
G0 F7200 X43.91 Y50.502
G0 X43.91 Y49.497
G0 X43.841 Y49.497
G1 F3600 X43.76 Y49.417 E0.00189
G0 F7200 X43.91 Y49.417
G0 X44.278 Y51.337
G0 X44.669 Y52.623
G0 X45.301 Y53.807
G0 X46.153 Y54.847
G0 X47.193 Y55.699
G0 X48.377 Y56.331
G0 X49.663 Y56.722
G0 X51 Y56.854
G0 X52.337 Y56.722
G0 X53.494 Y56.37
G0 X55.26 Y55.41
G0 X55.26 Y55.26
G1 F3600 X56.24 Y56.24 E0.02305
G1 X56.31 Y56.31
G0 F7200 X56.09 Y56.31
G0 X52.376 Y56.773
G0 X52.287 Y56.477
;TYPE:WALL-INNER
G1 F3600 X51 Y56.599 E0.0215
G1 X49.708 Y56.476 E0.02158
G1 X48.469 Y56.097 E0.02155
G1 X47.334 Y55.494 E0.02137
G1 X46.328 Y54.666 E0.02167
G1 X45.505 Y53.661 E0.0216
G1 X44.899 Y52.53 E0.02134
G1 X44.523 Y51.288 E0.02158
G1 X44.4 Y50 E0.02152
G1 X44.523 Y48.708 E0.02158
G1 X44.899 Y47.466 E0.02158
G1 X45.505 Y46.335 E0.02134
G1 X46.326 Y45.332 E0.02156
G1 X47.335 Y44.505 E0.0217
G1 X48.471 Y43.898 E0.02142
G1 X49.708 Y43.524 E0.02149
G1 X51 Y43.396 E0.02159
G1 X52.288 Y43.524 E0.02153
G1 X53.525 Y43.898 E0.02149
G1 X54.665 Y44.508 E0.0215
G1 X55.143 Y44.9 E0.01028
G1 X56.4 Y44.9 E0.0209
G1 X56.4 Y42.313 E0.04302
G1 X56.274 Y42.101 E0.0041
G1 X43.6 Y42.1 E0.21077
G1 X43.601 Y57.899 E0.26274
G1 X56.272 Y57.9 E0.21072
G1 X56.4 Y57.683 E0.00419
G1 X56.4 Y55.1 E0.04296
G1 X55.143 Y55.1 E0.0209
G1 X54.663 Y55.494 E0.01033
G1 X53.527 Y56.097 E0.02139
G1 X52.287 Y56.477 E0.02157
G0 F7200 X52.192 Y56.084
;TYPE:WALL-OUTER
G1 F1800 X50.981 Y56.196 E0.02022
G1 X49.805 Y56.084 E0.01965
G1 X48.641 Y55.732 E0.02022
G1 X47.54 Y55.147 E0.02073
G1 X46.628 Y54.395 E0.01966
G1 X45.831 Y53.423 E0.0209
G1 X45.279 Y52.391 E0.01946
G1 X44.916 Y51.192 E0.02083
G1 X44.8 Y49.98 E0.02025
G1 X44.916 Y48.804 E0.01965
G1 X45.279 Y47.605 E0.02083
G1 X45.831 Y46.573 E0.01946
G1 X46.629 Y45.601 E0.02091
G1 X47.573 Y44.831 E0.02026
G1 X48.605 Y44.279 E0.01946
G1 X49.804 Y43.916 E0.02083
G1 X51.02 Y43.8 E0.02031
G1 X52.192 Y43.916 E0.01959
G1 X53.391 Y44.279 E0.02083
G1 X54.423 Y44.831 E0.01946
G1 X55 Y45.3 E0.01237
G1 X56.8 Y45.3 E0.02993
G1 X56.8 Y42.262 E0.05052
G1 X56.635 Y41.879 E0.00694
G1 X56.356 Y41.701 E0.0055
G1 X43.2 Y41.7 E0.21879
G1 X43.201 Y58.299 E0.27604
G1 X56.354 Y58.3 E0.21874
G1 X56.635 Y58.12 E0.00555
G1 X56.8 Y57.734 E0.00698
G1 X56.8 Y54.7 E0.05046
G1 X55 Y54.7 E0.02993
G1 X54.422 Y55.169 E0.01238
G1 X53.355 Y55.732 E0.02006
G1 X52.192 Y56.084 E0.02021
G0 F7200 X51.993 Y56.102
G0 X52.061 Y56.81
G0 X51 Y56.854
G0 X49.663 Y56.722
G0 X48.377 Y56.331
G0 X47.193 Y55.699
G0 X46.153 Y54.847
G0 X45.301 Y53.807
G0 X44.669 Y52.623
G0 X44.278 Y51.337
G0 X44.159 Y50.134
G0 X44.354 Y47.961
;TYPE:SKIN
G1 F1666.7 X44.057 Y48.657 E0.01359
G1 F1585.9 X43.954 Y47.711 E0.01796
G1 F1756.1 X44.43 Y47.711 E0.00811
G1 F1855.7 X44.354 Y47.961 E0.00422
G0 F7200 X44.063 Y48.642
G1 F1431.4 X44 Y49.98 E0.02801
G1 F1425.7 X44.065 Y51.34 E0.02859
G0 F7200 X44.359 Y52.034
G1 F1836.7 X44.433 Y52.284 E0.00425
G1 F1739.1 X43.955 Y52.284 E0.00823
G1 F1572.1 X44.059 Y51.325 E0.01837
G1 F1651.4 X44.359 Y52.034 E0.01396
G0 F7200 X44.21 Y52.102
;MESH:NONMESH
G0 F600 X44.21 Y52.102 Z12.9
G0 F7200 X43.91 Y43.76
G0 X43.76 Y43.76
;TIME_ELAPSED:1126.242948
;LAYER:126
;TYPE:FILL
;MESH:head.stl
G1 F3600 X45.765 Y45.765 E0.04715
G1 X45.835 Y45.835
G0 F7200 X45.645 Y45.678
G0 X43.91 Y44.925
G0 X43.761 Y44.925
G1 F3600 X46.426 Y42.26 E0.06268
G1 X46.496 Y42.19
G0 F7200 X46.496 Y42.41
G0 X47.917 Y42.41
G0 X47.917 Y42.26
G1 F3600 X49.174 Y43.517 E0.02956
G1 X49.244 Y43.587
G0 F7200 X49.176 Y43.363
G0 X51.112 Y43.098
G0 X51.098 Y43.245
G1 F3600 X52.083 Y42.26 E0.02317
G1 X52.153 Y42.19
G0 F7200 X52.153 Y42.41
G0 X53.574 Y42.41
G0 X53.574 Y42.26
G1 F3600 X56.054 Y44.74 E0.05833
G0 F7200 X55.259 Y44.74
G1 F3600 X56.24 Y43.759 E0.02307
G1 X56.31 Y43.689
G1 F1500 E-6.5
G0 F7200 X56.09 Y43.689
G0 X56.053 Y45.07
G0 X56.053 Y46.165
G0 X56.053 Y53.835
G0 X56.053 Y54.93
G0 X56.053 Y55.26
G1 F1500 E6.5
G1 F3600 X53.573 Y57.74 E0.05833
G1 X53.503 Y57.81
G0 F7200 X53.503 Y57.59
G0 X52.083 Y57.59
G0 X52.083 Y57.74
G1 F3600 X51.091 Y56.748 E0.02333
G1 X51.021 Y56.678
G0 F7200 X51.043 Y56.91
G0 X49.131 Y56.623
G0 X49.175 Y56.481
G1 F3600 X47.916 Y57.74 E0.02961
G1 X47.846 Y57.81
G0 F7200 X47.846 Y57.59
G0 X46.425 Y57.59
G0 X46.425 Y57.739
G1 F3600 X43.76 Y55.074 E0.06268
G1 X43.69 Y55.004
G0 F7200 X43.91 Y55.004
G0 X43.91 Y56.238
G0 X43.761 Y56.238
G1 F3600 X45.765 Y54.234 E0.04713
G1 X45.835 Y54.164
G0 F7200 X45.643 Y54.32
G0 X47.193 Y55.699
G0 X48.377 Y56.331
G0 X49.663 Y56.722
G0 X51 Y56.854
G0 X52.337 Y56.722
G0 X53.494 Y56.37
G0 X55.26 Y55.41
G0 X55.26 Y55.26
G1 F3600 X56.24 Y56.24 E0.02305
G1 X56.31 Y56.31
G0 F7200 X56.09 Y56.31
G0 X52.376 Y56.773
G0 X52.287 Y56.477
;TYPE:WALL-INNER
G1 F3600 X51 Y56.599 E0.0215
G1 X49.708 Y56.476 E0.02158
G1 X48.469 Y56.097 E0.02155
G1 X47.334 Y55.494 E0.02137
G1 X46.328 Y54.666 E0.02167
G1 X45.505 Y53.661 E0.0216
G1 X44.898 Y52.528 E0.02138
G1 X44.695 Y51.856 E0.01167
G1 X43.6 Y51.856 E0.01821
G1 X43.601 Y57.899 E0.1005
G1 X56.272 Y57.9 E0.21072
G1 X56.4 Y57.683 E0.00419
G1 X56.4 Y55.1 E0.04296
G1 X55.143 Y55.1 E0.0209
G1 X54.663 Y55.494 E0.01033
G1 X53.527 Y56.097 E0.02139
G1 X52.287 Y56.477 E0.02157
G1 F1500 E-6.5
G0 F7200 X52.376 Y56.773
G0 X51 Y56.432
G0 X51 Y55.332
G0 X46.073 Y47.959
G0 X45.058 Y47.539
G0 X45.235 Y46.189
G0 X45.505 Y46.335
G1 F1500 E6.5
G1 F3600 X46.326 Y45.332 E0.02156
G1 X47.335 Y44.505 E0.0217
G1 X48.471 Y43.898 E0.02142
G1 X49.708 Y43.524 E0.02149
G1 X51 Y43.396 E0.02159
G1 X52.288 Y43.524 E0.02153
G1 X53.525 Y43.898 E0.02149
G1 X54.665 Y44.508 E0.0215
G1 X55.143 Y44.9 E0.01028
G1 X56.4 Y44.9 E0.0209
G1 X56.4 Y42.313 E0.04302
G1 X56.274 Y42.101 E0.0041
G1 X43.6 Y42.1 E0.21077
G1 X43.601 Y48.139 E0.10043
G1 X44.694 Y48.139 E0.01818
G1 X44.899 Y47.467 E0.01168
G1 X45.505 Y46.335 E0.02135
G0 F7200 X45.235 Y46.189
G0 X44.656 Y47.272
G0 X45.279 Y47.605
;TYPE:WALL-OUTER
G1 F1800 X45.831 Y46.573 E0.01946
G1 X46.629 Y45.601 E0.02091
G1 X47.573 Y44.831 E0.02026
G1 X48.605 Y44.279 E0.01946
G1 X49.804 Y43.916 E0.02083
G1 X51.02 Y43.8 E0.02031
G1 X52.192 Y43.916 E0.01959
G1 X53.391 Y44.279 E0.02083
G1 X54.423 Y44.831 E0.01946
G1 X55 Y45.3 E0.01237
G1 X56.8 Y45.3 E0.02993
G1 X56.8 Y42.262 E0.05052
G1 X56.635 Y41.879 E0.00694
G1 X56.356 Y41.701 E0.0055
G1 X43.2 Y41.7 E0.21879
G1 X43.2 Y48.24 E0.10876
G1 F1600 X43.25 Y48.74 E0.0094
G1 X43.5 Y48.54 E0.00599
G1 F1800 X44.991 Y48.539 E0.0248
G1 X45.279 Y47.605 E0.01625
G0 F7200 X45.373 Y47.429
G0 X44.751 Y47.096
G0 X43.48 Y48.261
G0 X43.25 Y48.74
G1 F1431.4 X43.251 Y51.299 E0.05351
G0 F7200 X43.48 Y51.738
G0 X46.438 Y54.562
G0 X47.416 Y55.365
G0 X48.531 Y55.96
G0 X49.512 Y56.258
G0 X52.26 Y56.79
G0 X52.192 Y56.084
G1 F1800 X50.981 Y56.196 E0.02022
G1 X49.805 Y56.084 E0.01965
G1 X48.641 Y55.732 E0.02022
G1 X47.54 Y55.147 E0.02073
G1 X46.628 Y54.395 E0.01966
G1 X45.831 Y53.423 E0.0209
G1 X45.264 Y52.355 E0.02011
G1 X44.991 Y51.456 E0.01562
G1 X43.5 Y51.456 E0.0248
G1 F1589.4 X43.251 Y51.299 E0.00554
G1 X43.2 Y51.756 E0.00866
G1 F1800 X43.201 Y58.299 E0.10881
G1 X56.354 Y58.3 E0.21874
G1 X56.635 Y58.12 E0.00555
G1 X56.8 Y57.734 E0.00698
G1 X56.8 Y54.7 E0.05046
G1 X55 Y54.7 E0.02993
G1 X54.422 Y55.169 E0.01238
G1 X53.355 Y55.732 E0.02006
G1 X52.192 Y56.084 E0.02021
G0 F7200 X51.993 Y56.102
G0 X52.091 Y57.109
G1 F1500 E-6.5
;MESH:NONMESH
G0 F600 X52.091 Y57.109 Z13
G0 F7200 X51 Y56.432
G0 X51 Y55.332
G0 X46.073 Y47.959
G0 X45.058 Y47.539
G0 X43.91 Y43.76
G0 X43.76 Y43.76
;TIME_ELAPSED:1133.894781
;LAYER:127
;TYPE:FILL
;MESH:head.stl
G1 F1500 E6.5
G1 F3600 X45.765 Y45.765 E0.04715
G1 X45.835 Y45.835
G0 F7200 X45.645 Y45.678
G0 X43.91 Y44.925
G0 X43.761 Y44.925
G1 F3600 X46.426 Y42.26 E0.06268
G1 X46.496 Y42.19
G0 F7200 X46.496 Y42.41
G0 X47.917 Y42.41
G0 X47.917 Y42.26
G1 F3600 X49.174 Y43.517 E0.02956
G1 X49.244 Y43.587
G0 F7200 X49.176 Y43.363
G0 X51.112 Y43.098
G0 X51.098 Y43.245
G1 F3600 X52.083 Y42.26 E0.02317
G1 X52.153 Y42.19
G0 F7200 X52.153 Y42.41
G0 X53.574 Y42.41
G0 X53.574 Y42.26
G1 F3600 X56.054 Y44.74 E0.05833
G0 F7200 X55.259 Y44.74
G1 F3600 X56.24 Y43.759 E0.02307
G1 X56.31 Y43.689
G1 F1500 E-6.5
G0 F7200 X56.09 Y43.689
G0 X56.053 Y45.07
G0 X56.053 Y46.165
G0 X56.053 Y53.835
G0 X56.053 Y54.93
G0 X56.053 Y55.26
G1 F1500 E6.5
G1 F3600 X53.573 Y57.74 E0.05833
G1 X53.503 Y57.81
G0 F7200 X53.503 Y57.59
G0 X52.083 Y57.59
G0 X52.083 Y57.74
G1 F3600 X51.091 Y56.748 E0.02333
G1 X51.021 Y56.678
G0 F7200 X51.043 Y56.91
G0 X49.131 Y56.623
G0 X49.175 Y56.481
G1 F3600 X47.916 Y57.74 E0.02961
G1 X47.846 Y57.81
G0 F7200 X47.846 Y57.59
G0 X46.425 Y57.59
G0 X46.425 Y57.739
G1 F3600 X43.76 Y55.074 E0.06268
G1 X43.69 Y55.004
G0 F7200 X43.91 Y55.004
G0 X43.91 Y56.238
G0 X43.761 Y56.238
G1 F3600 X45.765 Y54.234 E0.04713
G1 X45.835 Y54.164
G0 F7200 X45.643 Y54.32
G0 X47.193 Y55.699
G0 X48.377 Y56.331
G0 X49.663 Y56.722
G0 X51 Y56.854
G0 X52.337 Y56.722
G0 X53.494 Y56.37
G0 X55.26 Y55.41
G0 X55.26 Y55.26
G1 F3600 X56.24 Y56.24 E0.02305
G1 X56.31 Y56.31
G0 F7200 X56.09 Y56.31
G0 X52.376 Y56.773
G0 X52.287 Y56.477
;TYPE:WALL-INNER
G1 F3600 X51 Y56.599 E0.0215
G1 X49.708 Y56.476 E0.02158
G1 X48.469 Y56.097 E0.02155
G1 X47.334 Y55.494 E0.02137
G1 X46.328 Y54.666 E0.02167
G1 X45.505 Y53.661 E0.0216
G1 X44.899 Y52.529 E0.02135
G1 X44.714 Y51.916 E0.01065
G1 X43.6 Y51.916 E0.01853
G1 X43.601 Y57.899 E0.0995
G1 X56.272 Y57.9 E0.21072
G1 X56.4 Y57.683 E0.00419
G1 X56.4 Y55.1 E0.04296
G1 X55.143 Y55.1 E0.0209
G1 X54.663 Y55.494 E0.01033
G1 X53.527 Y56.097 E0.02139
G1 X52.287 Y56.477 E0.02157
G1 F1500 E-6.5
G0 F7200 X52.376 Y56.773
G0 X51 Y56.432
G0 X51 Y55.332
G0 X46.073 Y47.96
G0 X45.058 Y47.539
G0 X45.235 Y46.189
G0 X45.505 Y46.335
G1 F1500 E6.5
G1 F3600 X46.326 Y45.332 E0.02156
G1 X47.335 Y44.505 E0.0217
G1 X48.471 Y43.898 E0.02142
G1 X49.708 Y43.524 E0.02149
G1 X51 Y43.396 E0.02159
G1 X52.288 Y43.524 E0.02153
G1 X53.525 Y43.898 E0.02149
G1 X54.665 Y44.508 E0.0215
G1 X55.143 Y44.9 E0.01028
G1 X56.4 Y44.9 E0.0209
G1 X56.4 Y42.313 E0.04302
G1 X56.274 Y42.101 E0.0041
G1 X43.6 Y42.1 E0.21077
G1 X43.601 Y48.079 E0.09943
G1 X44.714 Y48.079 E0.01851
G1 X44.899 Y47.466 E0.01065
G1 X45.505 Y46.335 E0.02134
G0 F7200 X45.235 Y46.189
G0 X44.657 Y47.272
G0 X45.279 Y47.605
;TYPE:WALL-OUTER
G1 F1800 X45.831 Y46.573 E0.01946
G1 X46.629 Y45.601 E0.02091
G1 X47.573 Y44.831 E0.02026
G1 X48.605 Y44.279 E0.01946
G1 X49.804 Y43.916 E0.02083
G1 X51.02 Y43.8 E0.02031
G1 X52.192 Y43.916 E0.01959
G1 X53.391 Y44.279 E0.02083
G1 X54.423 Y44.831 E0.01946
G1 X55 Y45.3 E0.01237
G1 X56.8 Y45.3 E0.02993
G1 X56.8 Y42.262 E0.05052
G1 X56.635 Y41.879 E0.00694
G1 X56.356 Y41.701 E0.0055
G1 X43.2 Y41.7 E0.21879
G1 X43.2 Y48.18 E0.10776
G1 F1600 X43.25 Y48.68 E0.0094
G1 X43.5 Y48.48 E0.00599
G1 F1800 X45.011 Y48.479 E0.02513
G1 X45.279 Y47.605 E0.0152
G0 F7200 X45.373 Y47.429
G0 X44.751 Y47.096
G0 X43.48 Y48.203
G0 X43.25 Y48.68
G1 F1431.4 X43.251 Y51.359 E0.05602
G0 F7200 X43.48 Y51.796
G0 X46.438 Y54.562
G0 X47.416 Y55.365
G0 X48.531 Y55.96
G0 X49.512 Y56.258
G0 X52.26 Y56.79
G0 X52.192 Y56.084
G1 F1800 X50.981 Y56.196 E0.02022
G1 X49.805 Y56.084 E0.01965
G1 X48.641 Y55.732 E0.02022
G1 X47.54 Y55.147 E0.02073
G1 X46.628 Y54.395 E0.01966
G1 X45.831 Y53.423 E0.0209
G1 X45.279 Y52.391 E0.01946
G1 X45.011 Y51.516 E0.01522
G1 X43.5 Y51.516 E0.02513
G1 F1589.4 X43.251 Y51.359 E0.00554
G1 X43.2 Y51.816 E0.00866
G1 F1800 X43.201 Y58.299 E0.10781
G1 X56.354 Y58.3 E0.21874
G1 X56.635 Y58.12 E0.00555
G1 X56.8 Y57.734 E0.00698
G1 X56.8 Y54.7 E0.05046
G1 X55 Y54.7 E0.02993
G1 X54.422 Y55.169 E0.01238
G1 X53.355 Y55.732 E0.02006
G1 X52.192 Y56.084 E0.02021
G0 F7200 X51.993 Y56.102
G0 X52.091 Y57.109
G1 F1500 E-6.5
;MESH:NONMESH
G0 F600 X52.091 Y57.109 Z13.1
G0 F7200 X51 Y56.432
G0 X51 Y55.332
G0 X46.073 Y47.96
G0 X45.058 Y47.539
G0 X43.91 Y43.76
G0 X43.76 Y43.76
;TIME_ELAPSED:1141.803765
;LAYER:128
;TYPE:FILL
;MESH:head.stl
G1 F1500 E6.5
G1 F3600 X45.765 Y45.765 E0.04715
G1 X45.835 Y45.835
G0 F7200 X45.645 Y45.678
G0 X43.91 Y44.925
G0 X43.76 Y44.925
G1 F3600 X46.426 Y42.26 E0.06269
G1 X46.496 Y42.19
G0 F7200 X46.496 Y42.41
G0 X47.917 Y42.41
G0 X47.917 Y42.26
G1 F3600 X49.174 Y43.517 E0.02956
G1 X49.244 Y43.587
G0 F7200 X49.176 Y43.363
G0 X51.112 Y43.098
G0 X51.098 Y43.245
G1 F3600 X52.083 Y42.26 E0.02317
G1 X52.153 Y42.19
G0 F7200 X52.153 Y42.41
G0 X53.574 Y42.41
G0 X53.574 Y42.26
G1 F3600 X56.054 Y44.74 E0.05833
G0 F7200 X55.259 Y44.74
G1 F3600 X56.24 Y43.759 E0.02307
G1 X56.31 Y43.689
G1 F1500 E-6.5
G0 F7200 X56.09 Y43.689
G0 X56.053 Y45.07
G0 X56.053 Y46.165
G0 X56.053 Y53.835
G0 X56.053 Y54.93
G0 X56.053 Y55.26
G1 F1500 E6.5
G1 F3600 X53.573 Y57.74 E0.05833
G1 X53.503 Y57.81
G0 F7200 X53.503 Y57.59
G0 X52.083 Y57.59
G0 X52.083 Y57.74
G1 F3600 X51.091 Y56.748 E0.02333
G1 X51.021 Y56.678
G0 F7200 X51.043 Y56.91
G0 X49.131 Y56.623
G0 X49.175 Y56.481
G1 F3600 X47.916 Y57.74 E0.02961
G1 X47.846 Y57.81
G0 F7200 X47.846 Y57.59
G0 X46.425 Y57.59
G0 X46.425 Y57.739
G1 F3600 X43.76 Y55.074 E0.06268
G1 X43.69 Y55.004
G0 F7200 X43.91 Y55.004
G0 X43.91 Y56.238
G0 X43.761 Y56.238
G1 F3600 X45.765 Y54.234 E0.04713
G1 X45.835 Y54.164
G0 F7200 X45.643 Y54.32
G0 X47.193 Y55.699
G0 X48.377 Y56.331
G0 X49.663 Y56.722
G0 X51 Y56.854
G0 X52.337 Y56.722
G0 X53.494 Y56.37
G0 X55.26 Y55.41
G0 X55.26 Y55.26
G1 F3600 X56.24 Y56.24 E0.02305
G1 X56.31 Y56.31
G0 F7200 X56.09 Y56.31
G0 X52.376 Y56.773
G0 X52.287 Y56.477
;TYPE:WALL-INNER
G1 F3600 X51 Y56.599 E0.0215
G1 X49.708 Y56.476 E0.02158
G1 X48.469 Y56.097 E0.02155
G1 X47.334 Y55.494 E0.02137
G1 X46.328 Y54.666 E0.02167
G1 X45.505 Y53.661 E0.0216
G1 X44.898 Y52.528 E0.02138
G1 X44.731 Y51.972 E0.00965
G1 X43.6 Y51.972 E0.01881
G1 X43.601 Y57.899 E0.09857
G1 X56.272 Y57.9 E0.21072
G1 X56.4 Y57.683 E0.00419
G1 X56.4 Y55.1 E0.04296
G1 X55.143 Y55.1 E0.0209
G1 X54.663 Y55.494 E0.01033
G1 X53.527 Y56.097 E0.02139
G1 X52.287 Y56.477 E0.02157
G1 F1500 E-6.5
G0 F7200 X52.376 Y56.773
G0 X51 Y56.432
G0 X51 Y55.332
G0 X46.073 Y47.959
G0 X45.058 Y47.539
G0 X45.235 Y46.189
G0 X45.505 Y46.335
G1 F1500 E6.5
G1 F3600 X46.326 Y45.332 E0.02156
G1 X47.335 Y44.505 E0.0217
G1 X48.471 Y43.898 E0.02142
G1 X49.708 Y43.524 E0.02149
G1 X51 Y43.396 E0.02159
G1 X52.288 Y43.524 E0.02153
G1 X53.525 Y43.898 E0.02149
G1 X54.665 Y44.508 E0.0215
G1 X55.143 Y44.9 E0.01028
G1 X56.4 Y44.9 E0.0209
G1 X56.4 Y42.313 E0.04302
G1 X56.274 Y42.101 E0.0041
G1 X43.6 Y42.1 E0.21077
G1 X43.6 Y48.024 E0.09852
G1 X44.73 Y48.024 E0.01879
G1 X44.898 Y47.468 E0.00966
G1 X45.505 Y46.335 E0.02138
G0 F7200 X45.235 Y46.189
G0 X44.656 Y47.272
G0 X45.279 Y47.605
;TYPE:WALL-OUTER
G1 F1800 X45.831 Y46.573 E0.01946
G1 X46.629 Y45.601 E0.02091
G1 X47.573 Y44.831 E0.02026
G1 X48.605 Y44.279 E0.01946
G1 X49.804 Y43.916 E0.02083
G1 X51.02 Y43.8 E0.02031
G1 X52.192 Y43.916 E0.01959
G1 X53.391 Y44.279 E0.02083
G1 X54.423 Y44.831 E0.01946
G1 X55 Y45.3 E0.01237
G1 X56.8 Y45.3 E0.02993
G1 X56.8 Y42.262 E0.05052
G1 X56.635 Y41.879 E0.00694
G1 X56.356 Y41.701 E0.0055
G1 X43.2 Y41.7 E0.21879
G1 X43.2 Y48.124 E0.10683
G1 F1600 X43.25 Y48.624 E0.0094
G1 X43.5 Y48.424 E0.00599
G1 F1800 X45.027 Y48.424 E0.02539
G1 X45.279 Y47.605 E0.01425
G0 F7200 X45.373 Y47.429
G0 X44.751 Y47.096
G0 X43.48 Y48.145
G0 X43.25 Y48.624
G1 F1431.4 X43.251 Y51.415 E0.05837
G0 F7200 X43.48 Y51.854
G0 X46.438 Y54.562
G0 X47.416 Y55.365
G0 X48.531 Y55.96
G0 X49.512 Y56.258
G0 X52.26 Y56.79
G0 X52.192 Y56.084
G1 F1800 X50.981 Y56.196 E0.02022
G1 X49.805 Y56.084 E0.01965
G1 X48.641 Y55.732 E0.02022
G1 X47.54 Y55.147 E0.02073
G1 X46.628 Y54.395 E0.01966
G1 X45.831 Y53.423 E0.0209
G1 X45.264 Y52.355 E0.02011
G1 X45.027 Y51.572 E0.0136
G1 X43.5 Y51.572 E0.02539
G1 F1589.4 X43.251 Y51.415 E0.00554
G1 X43.2 Y51.872 E0.00866
G1 F1800 X43.201 Y58.299 E0.10688
G1 X56.354 Y58.3 E0.21874
G1 X56.635 Y58.12 E0.00555
G1 X56.8 Y57.734 E0.00698
G1 X56.8 Y54.7 E0.05046
G1 X55 Y54.7 E0.02993
G1 X54.422 Y55.169 E0.01238
G1 X53.355 Y55.732 E0.02006
G1 X52.192 Y56.084 E0.02021
G0 F7200 X51.993 Y56.102
G0 X52.091 Y57.109
G1 F1500 E-6.5
;MESH:NONMESH
G0 F600 X52.091 Y57.109 Z13.2
G0 F7200 X51 Y56.432
G0 X51 Y55.332
G0 X46.073 Y47.959
G0 X45.058 Y47.539
G0 X43.91 Y43.76
G0 X43.76 Y43.76
;TIME_ELAPSED:1149.707805
;LAYER:129
;TYPE:FILL
;MESH:head.stl
G1 F1500 E6.5
G1 F3600 X45.765 Y45.765 E0.04715
G1 X45.835 Y45.835
G0 F7200 X45.645 Y45.678
G0 X43.91 Y44.925
G0 X43.76 Y44.925
G1 F3600 X46.426 Y42.26 E0.06269
G1 X46.496 Y42.19
G0 F7200 X46.496 Y42.41
G0 X47.917 Y42.41
G0 X47.917 Y42.26
G1 F3600 X49.174 Y43.517 E0.02956
G1 X49.244 Y43.587
G0 F7200 X49.176 Y43.363
G0 X51.112 Y43.098
G0 X51.098 Y43.245
G1 F3600 X52.083 Y42.26 E0.02317
G1 X52.153 Y42.19
G0 F7200 X52.153 Y42.41
G0 X53.574 Y42.41
G0 X53.574 Y42.26
G1 F3600 X56.054 Y44.74 E0.05833
G0 F7200 X55.259 Y44.74
G1 F3600 X56.24 Y43.759 E0.02307
G1 X56.31 Y43.689
G1 F1500 E-6.5
G0 F7200 X56.09 Y43.689
G0 X56.053 Y45.07
G0 X56.053 Y46.165
G0 X56.053 Y53.835
G0 X56.053 Y54.93
G0 X56.053 Y55.26
G1 F1500 E6.5
G1 F3600 X53.573 Y57.74 E0.05833
G1 X53.503 Y57.81
G0 F7200 X53.503 Y57.59
G0 X52.083 Y57.59
G0 X52.083 Y57.74
G1 F3600 X51.091 Y56.748 E0.02333
G1 X51.021 Y56.678
G0 F7200 X51.043 Y56.91
G0 X49.131 Y56.623
G0 X49.175 Y56.481
G1 F3600 X47.916 Y57.74 E0.02961
G1 X47.846 Y57.81
G0 F7200 X47.846 Y57.59
G0 X46.425 Y57.59
G0 X46.425 Y57.739
G1 F3600 X43.76 Y55.074 E0.06268
G1 X43.69 Y55.004
G0 F7200 X43.91 Y55.004
G0 X43.91 Y56.238
G0 X43.761 Y56.238
G1 F3600 X45.765 Y54.234 E0.04713
G1 X45.835 Y54.164
G0 F7200 X45.643 Y54.32
G0 X47.193 Y55.699
G0 X48.377 Y56.331
G0 X49.663 Y56.722
G0 X51 Y56.854
G0 X52.337 Y56.722
G0 X53.494 Y56.37
G0 X55.26 Y55.41
G0 X55.26 Y55.26
G1 F3600 X56.24 Y56.24 E0.02305
G1 X56.31 Y56.31
G0 F7200 X56.09 Y56.31
G0 X52.376 Y56.773
G0 X52.287 Y56.477
;TYPE:WALL-INNER
G1 F3600 X51 Y56.599 E0.0215
G1 X49.708 Y56.476 E0.02158
G1 X48.469 Y56.097 E0.02155
G1 X47.334 Y55.494 E0.02137
G1 X46.328 Y54.666 E0.02167
G1 X45.505 Y53.661 E0.0216
G1 X44.901 Y52.533 E0.02128
G1 X44.747 Y52.033 E0.0087
G1 X43.6 Y52.032 E0.01907
G1 X43.601 Y57.899 E0.09757
G1 X56.272 Y57.9 E0.21072
G1 X56.4 Y57.683 E0.00419
G1 X56.4 Y55.1 E0.04296
G1 X55.143 Y55.1 E0.0209
G1 X54.663 Y55.494 E0.01033
G1 X53.527 Y56.097 E0.02139
G1 X52.287 Y56.477 E0.02157
G1 F1500 E-6.5
G0 F7200 X52.376 Y56.773
G0 X51 Y56.432
G0 X51 Y55.332
G0 X46.073 Y47.959
G0 X45.058 Y47.539
G0 X45.235 Y46.189
G0 X45.505 Y46.335
G1 F1500 E6.5
G1 F3600 X46.326 Y45.332 E0.02156
G1 X47.335 Y44.505 E0.0217
G1 X48.471 Y43.898 E0.02142
G1 X49.708 Y43.524 E0.02149
G1 X51 Y43.396 E0.02159
G1 X52.288 Y43.524 E0.02153
G1 X53.525 Y43.898 E0.02149
G1 X54.665 Y44.508 E0.0215
G1 X55.143 Y44.9 E0.01028
G1 X56.4 Y44.9 E0.0209
G1 X56.4 Y42.313 E0.04302
G1 X56.274 Y42.101 E0.0041
G1 X43.6 Y42.1 E0.21077
G1 X43.6 Y47.964 E0.09752
G1 X44.75 Y47.964 E0.01912
G1 X44.9 Y47.465 E0.00867
G1 X45.505 Y46.335 E0.02132
G0 F7200 X45.235 Y46.189
G0 X44.657 Y47.272
G0 X45.279 Y47.605
;TYPE:WALL-OUTER
G1 F1800 X45.831 Y46.573 E0.01946
G1 X46.629 Y45.601 E0.02091
G1 X47.573 Y44.831 E0.02026
G1 X48.605 Y44.279 E0.01946
G1 X49.804 Y43.916 E0.02083
G1 X51.02 Y43.8 E0.02031
G1 X52.192 Y43.916 E0.01959
G1 X53.391 Y44.279 E0.02083
G1 X54.423 Y44.831 E0.01946
G1 X55 Y45.3 E0.01237
G1 X56.8 Y45.3 E0.02993
G1 X56.8 Y42.262 E0.05052
G1 X56.635 Y41.879 E0.00694
G1 X56.356 Y41.701 E0.0055
G1 X43.2 Y41.7 E0.21879
G1 X43.2 Y48.064 E0.10583
G1 F1600 X43.25 Y48.564 E0.0094
G1 X43.5 Y48.364 E0.00599
G1 F1800 X45.047 Y48.364 E0.02573
G1 X45.279 Y47.605 E0.0132
G0 F7200 X45.373 Y47.429
G0 X44.751 Y47.096
G0 X43.48 Y48.087
G0 X43.25 Y48.564
G1 F1431.4 X43.251 Y51.475 E0.06088
G0 F7200 X43.48 Y51.912
G0 X46.438 Y54.562
G0 X47.416 Y55.365
G0 X48.531 Y55.96
G0 X49.512 Y56.258
G0 X52.26 Y56.79
G0 X52.192 Y56.084
G1 F1800 X50.981 Y56.196 E0.02022
G1 X49.805 Y56.084 E0.01965
G1 X48.641 Y55.732 E0.02022
G1 X47.54 Y55.147 E0.02073
G1 X46.628 Y54.395 E0.01966
G1 X45.831 Y53.423 E0.0209
G1 X45.264 Y52.355 E0.02011
G1 X45.043 Y51.633 E0.01256
G1 X43.5 Y51.632 E0.02566
G1 F1589.4 X43.251 Y51.475 E0.00554
G1 X43.2 Y51.932 E0.00866
G1 F1800 X43.201 Y58.299 E0.10588
G1 X56.354 Y58.3 E0.21874
G1 X56.635 Y58.12 E0.00555
G1 X56.8 Y57.734 E0.00698
G1 X56.8 Y54.7 E0.05046
G1 X55 Y54.7 E0.02993
G1 X54.422 Y55.169 E0.01238
G1 X53.355 Y55.732 E0.02006
G1 X52.192 Y56.084 E0.02021
G0 F7200 X51.993 Y56.102
G0 X52.091 Y57.109
G1 F1500 E-6.5
;MESH:NONMESH
G0 F600 X52.091 Y57.109 Z13.3
G0 F7200 X51 Y56.432
G0 X51 Y55.332
G0 X46.073 Y47.959
G0 X45.058 Y47.539
G0 X43.91 Y43.76
G0 X43.76 Y43.76
;TIME_ELAPSED:1157.606026
;LAYER:130
;TYPE:FILL
;MESH:head.stl
G1 F1500 E6.5
G1 F3600 X45.765 Y45.765 E0.04715
G1 X45.835 Y45.835
G0 F7200 X45.645 Y45.678
G0 X43.91 Y44.925
G0 X43.76 Y44.925
G1 F3600 X46.426 Y42.26 E0.06269
G1 X46.496 Y42.19
G0 F7200 X46.496 Y42.41
G0 X47.917 Y42.41
G0 X47.917 Y42.26
G1 F3600 X49.174 Y43.517 E0.02956
G1 X49.244 Y43.587
G0 F7200 X49.176 Y43.363
G0 X51.112 Y43.098
G0 X51.098 Y43.245
G1 F3600 X52.083 Y42.26 E0.02317
G1 X52.153 Y42.19
G0 F7200 X52.153 Y42.41
G0 X53.574 Y42.41
G0 X53.574 Y42.26
G1 F3600 X56.054 Y44.74 E0.05833
G0 F7200 X55.259 Y44.74
G1 F3600 X56.24 Y43.759 E0.02307
G1 X56.31 Y43.689
G1 F1500 E-6.5
G0 F7200 X56.09 Y43.689
G0 X56.053 Y45.07
G0 X56.053 Y46.165
G0 X56.053 Y53.835
G0 X56.053 Y54.93
G0 X56.053 Y55.26
G1 F1500 E6.5
G1 F3600 X53.573 Y57.74 E0.05833
G1 X53.503 Y57.81
G0 F7200 X53.503 Y57.59
G0 X52.083 Y57.59
G0 X52.083 Y57.74
G1 F3600 X51.091 Y56.748 E0.02333
G1 X51.021 Y56.678
G0 F7200 X51.043 Y56.91
G0 X49.131 Y56.623
G0 X49.175 Y56.481
G1 F3600 X47.916 Y57.74 E0.02961
G1 X47.846 Y57.81
G0 F7200 X47.846 Y57.59
G0 X46.425 Y57.59
G0 X46.425 Y57.739
G1 F3600 X43.76 Y55.074 E0.06268
G1 X43.69 Y55.004
G0 F7200 X43.91 Y55.004
G0 X43.91 Y56.238
G0 X43.761 Y56.238
G1 F3600 X45.765 Y54.234 E0.04713
G1 X45.835 Y54.164
G0 F7200 X45.643 Y54.32
G0 X47.193 Y55.699
G0 X48.377 Y56.331
G0 X49.663 Y56.722
G0 X51 Y56.854
G0 X52.337 Y56.722
G0 X53.494 Y56.37
G0 X55.26 Y55.41
G0 X55.26 Y55.26
G1 F3600 X56.24 Y56.24 E0.02305
G1 X56.31 Y56.31
G0 F7200 X56.09 Y56.31
G0 X52.376 Y56.773
G0 X52.287 Y56.477
;TYPE:WALL-INNER
G1 F3600 X51 Y56.599 E0.0215
G1 X49.708 Y56.476 E0.02158
G1 X48.469 Y56.097 E0.02155
G1 X47.334 Y55.494 E0.02137
G1 X46.328 Y54.666 E0.02167
G1 X45.505 Y53.661 E0.0216
G1 X44.926 Y52.58 E0.02039
G1 X44.766 Y52.088 E0.0086
G1 X43.6 Y52.088 E0.01939
G1 X43.601 Y57.899 E0.09664
G1 X56.272 Y57.9 E0.21072
G1 X56.4 Y57.683 E0.00419
G1 X56.4 Y55.1 E0.04296
G1 X55.143 Y55.1 E0.0209
G1 X54.663 Y55.494 E0.01033
G1 X53.527 Y56.097 E0.02139
G1 X52.287 Y56.477 E0.02157
G1 F1500 E-6.5
G0 F7200 X52.376 Y56.773
G0 X51 Y56.432
G0 X51 Y55.332
G0 X46.073 Y47.96
G0 X45.058 Y47.539
G0 X45.234 Y46.19
G0 X45.504 Y46.336
G1 F1500 E6.5
G1 F3600 X46.326 Y45.332 E0.02158
G1 X47.335 Y44.505 E0.0217
G1 X48.471 Y43.898 E0.02142
G1 X49.708 Y43.524 E0.02149
G1 X51 Y43.396 E0.02159
G1 X52.288 Y43.524 E0.02153
G1 X53.525 Y43.898 E0.02149
G1 X54.665 Y44.508 E0.0215
G1 X55.143 Y44.9 E0.01028
G1 X56.4 Y44.9 E0.0209
G1 X56.4 Y42.313 E0.04302
G1 X56.274 Y42.101 E0.0041
G1 X43.6 Y42.1 E0.21077
G1 X43.6 Y47.908 E0.09659
G1 X44.766 Y47.908 E0.01939
G1 X44.897 Y47.481 E0.00743
G1 X45.504 Y46.336 E0.02155
G0 F7200 X45.831 Y46.573
;TYPE:WALL-OUTER
G1 F1800 X46.629 Y45.601 E0.02091
G1 X47.573 Y44.831 E0.02026
G1 X48.605 Y44.279 E0.01946
G1 X49.804 Y43.916 E0.02083
G1 X51.02 Y43.8 E0.02031
G1 X52.192 Y43.916 E0.01959
G1 X53.391 Y44.279 E0.02083
G1 X54.423 Y44.831 E0.01946
G1 X55 Y45.3 E0.01237
G1 X56.8 Y45.3 E0.02993
G1 X56.8 Y42.262 E0.05052
G1 X56.635 Y41.879 E0.00694
G1 X56.356 Y41.701 E0.0055
G1 X43.2 Y41.7 E0.21879
G1 X43.2 Y48.008 E0.1049
G1 F1600 X43.25 Y48.508 E0.0094
G1 X43.5 Y48.308 E0.00599
G1 F1800 X45.063 Y48.308 E0.02599
G1 X45.269 Y47.627 E0.01183
G1 X45.831 Y46.573 E0.01986
G0 F7200 X45.957 Y46.419
G0 X45.408 Y45.968
G0 X43.48 Y48.03
G0 X43.25 Y48.508
G1 F1431.4 X43.251 Y51.531 E0.06322
G0 F7200 X43.48 Y51.969
G0 X47.416 Y55.365
G0 X48.531 Y55.96
G0 X49.512 Y56.258
G0 X52.26 Y56.79
G0 X52.192 Y56.084
G1 F1800 X50.981 Y56.196 E0.02022
G1 X49.805 Y56.084 E0.01965
G1 X48.641 Y55.732 E0.02022
G1 X47.54 Y55.147 E0.02073
G1 X46.628 Y54.395 E0.01966
G1 X45.831 Y53.423 E0.0209
G1 X45.269 Y52.369 E0.01986
G1 X45.063 Y51.688 E0.01183
G1 X43.5 Y51.688 E0.02599
G1 F1589.4 X43.251 Y51.531 E0.00554
G1 X43.2 Y51.988 E0.00866
G1 F1800 X43.201 Y58.299 E0.10495
G1 X56.354 Y58.3 E0.21874
G1 X56.635 Y58.12 E0.00555
G1 X56.8 Y57.734 E0.00698
G1 X56.8 Y54.7 E0.05046
G1 X55 Y54.7 E0.02993
G1 X54.422 Y55.169 E0.01238
G1 X53.355 Y55.732 E0.02006
G1 X52.192 Y56.084 E0.02021
G0 F7200 X51.993 Y56.102
G0 X52.091 Y57.109
G1 F1500 E-6.5
;MESH:NONMESH
G0 F600 X52.091 Y57.109 Z13.4
G0 F7200 X51 Y56.432
G0 X51 Y55.332
G0 X46.073 Y47.96
G0 X45.058 Y47.539
G0 X43.91 Y43.76
G0 X43.76 Y43.76
;TIME_ELAPSED:1165.464303
;LAYER:131
;TYPE:FILL
;MESH:head.stl
G1 F1500 E6.5
G1 F3600 X45.765 Y45.765 E0.04715
G1 X45.835 Y45.835
G0 F7200 X45.645 Y45.678
G0 X43.91 Y44.925
G0 X43.76 Y44.925
G1 F3600 X46.426 Y42.26 E0.06269
G1 X46.496 Y42.19
G0 F7200 X46.496 Y42.41
G0 X47.917 Y42.41
G0 X47.917 Y42.26
G1 F3600 X49.174 Y43.517 E0.02956
G1 X49.244 Y43.587
G0 F7200 X49.176 Y43.363
G0 X51.112 Y43.098
G0 X51.098 Y43.245
G1 F3600 X52.083 Y42.26 E0.02317
G1 X52.153 Y42.19
G0 F7200 X52.153 Y42.41
G0 X53.574 Y42.41
G0 X53.574 Y42.26
G1 F3600 X56.054 Y44.74 E0.05833
G0 F7200 X55.259 Y44.74
G1 F3600 X56.24 Y43.759 E0.02307
G1 X56.31 Y43.689
G1 F1500 E-6.5
G0 F7200 X56.09 Y43.689
G0 X56.053 Y45.07
G0 X56.053 Y46.165
G0 X56.053 Y53.835
G0 X56.053 Y54.93
G0 X56.053 Y55.26
G1 F1500 E6.5
G1 F3600 X53.573 Y57.74 E0.05833
G1 X53.503 Y57.81
G0 F7200 X53.503 Y57.59
G0 X52.083 Y57.59
G0 X52.083 Y57.74
G1 F3600 X51.091 Y56.748 E0.02333
G1 X51.021 Y56.678
G0 F7200 X51.043 Y56.91
G0 X49.131 Y56.623
G0 X49.175 Y56.481
G1 F3600 X47.916 Y57.74 E0.02961
G1 X47.846 Y57.81
G0 F7200 X47.846 Y57.59
G0 X46.425 Y57.59
G0 X46.425 Y57.739
G1 F3600 X43.76 Y55.074 E0.06268
G1 X43.69 Y55.004
G0 F7200 X43.91 Y55.004
G0 X43.91 Y56.238
G0 X43.761 Y56.238
G1 F3600 X45.765 Y54.234 E0.04713
G1 X45.835 Y54.164
G0 F7200 X45.643 Y54.32
G0 X47.193 Y55.699
G0 X48.377 Y56.331
G0 X49.663 Y56.722
G0 X51 Y56.854
G0 X52.337 Y56.722
G0 X53.494 Y56.37
G0 X55.26 Y55.41
G0 X55.26 Y55.26
G1 F3600 X56.24 Y56.24 E0.02305
G1 X56.31 Y56.31
G0 F7200 X56.09 Y56.31
G0 X52.376 Y56.773
G0 X52.287 Y56.477
;TYPE:WALL-INNER
G1 F3600 X51 Y56.599 E0.0215
G1 X49.708 Y56.476 E0.02158
G1 X48.469 Y56.097 E0.02155
G1 X47.334 Y55.494 E0.02137
G1 X46.328 Y54.666 E0.02167
G1 X45.505 Y53.661 E0.0216
G1 X44.91 Y52.546 E0.02102
G1 X44.782 Y52.144 E0.00702
G1 X43.6 Y52.144 E0.01966
G1 X43.601 Y57.899 E0.09571
G1 X56.272 Y57.9 E0.21072
G1 X56.4 Y57.683 E0.00419
G1 X56.4 Y55.1 E0.04296
G1 X55.143 Y55.1 E0.0209
G1 X54.663 Y55.494 E0.01033
G1 X53.527 Y56.097 E0.02139
G1 X52.287 Y56.477 E0.02157
G1 F1500 E-6.5
G0 F7200 X52.376 Y56.773
G0 X51 Y56.432
G0 X51 Y55.332
G0 X46.073 Y47.96
G0 X45.058 Y47.539
G0 X45.235 Y46.189
G0 X45.505 Y46.335
G1 F1500 E6.5
G1 F3600 X46.326 Y45.332 E0.02156
G1 X47.335 Y44.505 E0.0217
G1 X48.471 Y43.898 E0.02142
G1 X49.708 Y43.524 E0.02149
G1 X51 Y43.396 E0.02159
G1 X52.288 Y43.524 E0.02153
G1 X53.525 Y43.898 E0.02149
G1 X54.665 Y44.508 E0.0215
G1 X55.143 Y44.9 E0.01028
G1 X56.4 Y44.9 E0.0209
G1 X56.4 Y42.313 E0.04302
G1 X56.274 Y42.101 E0.0041
G1 X43.6 Y42.1 E0.21077
G1 X43.6 Y47.852 E0.09566
G1 X44.782 Y47.852 E0.01966
G1 X44.926 Y47.416 E0.00764
G1 X45.505 Y46.335 E0.02039
G0 F7200 X45.831 Y46.573
;TYPE:WALL-OUTER
G1 F1800 X46.629 Y45.601 E0.02091
G1 X47.573 Y44.831 E0.02026
G1 X48.605 Y44.279 E0.01946
G1 X49.804 Y43.916 E0.02083
G1 X51.02 Y43.8 E0.02031
G1 X52.192 Y43.916 E0.01959
G1 X53.391 Y44.279 E0.02083
G1 X54.423 Y44.831 E0.01946
G1 X55 Y45.3 E0.01237
G1 X56.8 Y45.3 E0.02993
G1 X56.8 Y42.262 E0.05052
G1 X56.635 Y41.879 E0.00694
G1 X56.356 Y41.701 E0.0055
G1 X43.2 Y41.7 E0.21879
G1 X43.2 Y47.952 E0.10397
G1 F1600 X43.25 Y48.452 E0.0094
G1 X43.5 Y48.252 E0.00599
G1 F1800 X45.079 Y48.252 E0.02626
G1 X45.279 Y47.605 E0.01126
G1 X45.831 Y46.573 E0.01946
G0 F7200 X45.957 Y46.419
G0 X45.408 Y45.968
G0 X43.48 Y47.972
G0 X43.25 Y48.452
G1 F1431.4 X43.251 Y51.587 E0.06556
G0 F7200 X43.48 Y52.027
G0 X47.416 Y55.365
G0 X48.531 Y55.96
G0 X49.512 Y56.258
G0 X52.26 Y56.79
G0 X52.192 Y56.084
G1 F1800 X50.981 Y56.196 E0.02022
G1 X49.805 Y56.084 E0.01965
G1 X48.641 Y55.732 E0.02022
G1 X47.54 Y55.147 E0.02073
G1 X46.628 Y54.395 E0.01966
G1 X45.831 Y53.423 E0.0209
G1 X45.274 Y52.38 E0.01966
G1 X45.079 Y51.744 E0.01106
G1 X43.5 Y51.744 E0.02626
G1 F1589.4 X43.251 Y51.587 E0.00554
G1 X43.2 Y52.044 E0.00866
G1 F1800 X43.201 Y58.299 E0.10402
G1 X56.354 Y58.3 E0.21874
G1 X56.635 Y58.12 E0.00555
G1 X56.8 Y57.734 E0.00698
G1 X56.8 Y54.7 E0.05046
G1 X55 Y54.7 E0.02993
G1 X54.422 Y55.169 E0.01238
G1 X53.355 Y55.732 E0.02006
G1 X52.192 Y56.084 E0.02021
G0 F7200 X51.993 Y56.102
G0 X52.091 Y57.109
G1 F1500 E-6.5
;MESH:NONMESH
G0 F600 X52.091 Y57.109 Z13.5
G0 F7200 X51 Y56.432
G0 X51 Y55.332
G0 X46.073 Y47.96
G0 X45.058 Y47.539
G0 X43.91 Y43.76
G0 X43.76 Y43.76
;TIME_ELAPSED:1173.316801
;LAYER:132
;TYPE:FILL
;MESH:head.stl
G1 F1500 E6.5
G1 F3600 X45.765 Y45.765 E0.04715
G1 X45.835 Y45.835
G0 F7200 X45.645 Y45.678
G0 X43.91 Y44.925
G0 X43.76 Y44.925
G1 F3600 X46.426 Y42.26 E0.06269
G1 X46.496 Y42.19
G0 F7200 X46.496 Y42.41
G0 X47.917 Y42.41
G0 X47.917 Y42.26
G1 F3600 X49.174 Y43.517 E0.02956
G1 X49.244 Y43.587
G0 F7200 X49.176 Y43.363
G0 X51.112 Y43.098
G0 X51.098 Y43.245
G1 F3600 X52.083 Y42.26 E0.02317
G1 X52.153 Y42.19
G0 F7200 X52.153 Y42.41
G0 X53.574 Y42.41
G0 X53.574 Y42.26
G1 F3600 X56.054 Y44.74 E0.05833
G0 F7200 X55.259 Y44.74
G1 F3600 X56.24 Y43.759 E0.02307
G1 X56.31 Y43.689
G1 F1500 E-6.5
G0 F7200 X56.09 Y43.689
G0 X56.053 Y45.07
G0 X56.053 Y46.165
G0 X56.053 Y53.835
G0 X56.053 Y54.93
G0 X56.053 Y55.26
G1 F1500 E6.5
G1 F3600 X53.573 Y57.74 E0.05833
G1 X53.503 Y57.81
G0 F7200 X53.503 Y57.59
G0 X52.083 Y57.59
G0 X52.083 Y57.74
G1 F3600 X51.091 Y56.748 E0.02333
G1 X51.021 Y56.678
G0 F7200 X51.043 Y56.91
G0 X49.131 Y56.623
G0 X49.175 Y56.481
G1 F3600 X47.916 Y57.74 E0.02961
G1 X47.846 Y57.81
G0 F7200 X47.846 Y57.59
G0 X46.425 Y57.59
G0 X46.425 Y57.739
G1 F3600 X43.76 Y55.074 E0.06268
G1 X43.69 Y55.004
G0 F7200 X43.91 Y55.004
G0 X43.91 Y56.238
G0 X43.761 Y56.238
G1 F3600 X45.765 Y54.234 E0.04713
G1 X45.835 Y54.164
G0 F7200 X45.643 Y54.32
G0 X47.193 Y55.699
G0 X48.377 Y56.331
G0 X49.663 Y56.722
G0 X51 Y56.854
G0 X52.337 Y56.722
G0 X53.494 Y56.37
G0 X55.26 Y55.41
G0 X55.26 Y55.26
G1 F3600 X56.24 Y56.24 E0.02305
G1 X56.31 Y56.31
G0 F7200 X56.09 Y56.31
G0 X52.376 Y56.773
G0 X52.287 Y56.477
;TYPE:WALL-INNER
G1 F3600 X51 Y56.599 E0.0215
G1 X49.708 Y56.476 E0.02158
G1 X48.469 Y56.097 E0.02155
G1 X47.334 Y55.494 E0.02137
G1 X46.328 Y54.666 E0.02167
G1 X45.505 Y53.661 E0.0216
G1 X44.926 Y52.58 E0.02039
G1 X44.801 Y52.204 E0.00659
G1 X43.6 Y52.205 E0.01997
G1 X43.601 Y57.899 E0.09469
G1 X56.272 Y57.9 E0.21072
G1 X56.4 Y57.683 E0.00419
G1 X56.4 Y55.1 E0.04296
G1 X55.143 Y55.1 E0.0209
G1 X54.663 Y55.494 E0.01033
G1 X53.527 Y56.097 E0.02139
G1 X52.287 Y56.477 E0.02157
G1 F1500 E-6.5
G0 F7200 X52.376 Y56.773
G0 X51 Y56.432
G0 X51 Y55.332
G0 X46.073 Y47.96
G0 X45.058 Y47.539
G0 X45.235 Y46.189
G0 X45.505 Y46.335
G1 F1500 E6.5
G1 F3600 X46.326 Y45.332 E0.02156
G1 X47.335 Y44.505 E0.0217
G1 X48.471 Y43.898 E0.02142
G1 X49.708 Y43.524 E0.02149
G1 X51 Y43.396 E0.02159
G1 X52.288 Y43.524 E0.02153
G1 X53.525 Y43.898 E0.02149
G1 X54.665 Y44.508 E0.0215
G1 X55.143 Y44.9 E0.01028
G1 X56.4 Y44.9 E0.0209
G1 X56.4 Y42.313 E0.04302
G1 X56.274 Y42.101 E0.0041
G1 X43.6 Y42.1 E0.21077
G1 X43.6 Y47.792 E0.09466
G1 X44.801 Y47.792 E0.01997
G1 X44.925 Y47.418 E0.00655
G1 X45.505 Y46.335 E0.02043
G0 F7200 X45.831 Y46.573
;TYPE:WALL-OUTER
G1 F1800 X46.629 Y45.601 E0.02091
G1 X47.573 Y44.831 E0.02026
G1 X48.605 Y44.279 E0.01946
G1 X49.804 Y43.916 E0.02083
G1 X51.02 Y43.8 E0.02031
G1 X52.192 Y43.916 E0.01959
G1 X53.391 Y44.279 E0.02083
G1 X54.423 Y44.831 E0.01946
G1 X55 Y45.3 E0.01237
G1 X56.8 Y45.3 E0.02993
G1 X56.8 Y42.262 E0.05052
G1 X56.635 Y41.879 E0.00694
G1 X56.356 Y41.701 E0.0055
G1 X43.2 Y41.7 E0.21879
G1 X43.2 Y47.892 E0.10297
G1 F1600 X43.25 Y48.392 E0.0094
G1 X43.5 Y48.192 E0.00599
G1 F1800 X45.099 Y48.192 E0.02659
G1 X45.279 Y47.606 E0.01019
G1 X45.831 Y46.573 E0.01948
G0 F7200 X45.957 Y46.419
G0 X45.408 Y45.968
G0 X43.48 Y47.914
G0 X43.25 Y48.392
G1 F1431.4 X43.251 Y51.647 E0.06807
G0 F7200 X43.48 Y52.085
G0 X47.416 Y55.365
G0 X48.531 Y55.96
G0 X49.512 Y56.258
G0 X52.26 Y56.79
G0 X52.192 Y56.084
G1 F1800 X50.981 Y56.196 E0.02022
G1 X49.805 Y56.084 E0.01965
G1 X48.641 Y55.732 E0.02022
G1 X47.54 Y55.147 E0.02073
G1 X46.628 Y54.395 E0.01966
G1 X45.831 Y53.423 E0.0209
G1 X45.279 Y52.391 E0.01946
G1 X45.099 Y51.804 E0.01021
G1 X43.5 Y51.804 E0.02659
G1 F1589.4 X43.251 Y51.647 E0.00554
G1 X43.2 Y52.104 E0.00866
G1 F1800 X43.201 Y58.299 E0.10302
G1 X56.354 Y58.3 E0.21874
G1 X56.635 Y58.12 E0.00555
G1 X56.8 Y57.734 E0.00698
G1 X56.8 Y54.7 E0.05046
G1 X55 Y54.7 E0.02993
G1 X54.422 Y55.169 E0.01238
G1 X53.355 Y55.732 E0.02006
G1 X52.192 Y56.084 E0.02021
G0 F7200 X51.993 Y56.102
G0 X52.091 Y57.109
;MESH:NONMESH
G0 F600 X52.091 Y57.109 Z13.6
G0 F7200 X49.906 Y56.761
G0 X43.91 Y55.074
G0 X43.76 Y55.074
;TIME_ELAPSED:1180.772664
;LAYER:133
;TYPE:FILL
;MESH:head.stl
G1 F3600 X46.425 Y57.739 E0.06268
G1 X46.495 Y57.809
G0 F7200 X46.495 Y57.59
G0 X47.916 Y57.59
G0 X47.916 Y57.74
G1 F3600 X49.175 Y56.481 E0.02961
G1 X49.245 Y56.411
G0 F7200 X49.176 Y56.636
G0 X51.105 Y56.904
G0 X51.091 Y56.748
G1 F3600 X52.083 Y57.74 E0.02333
G1 X52.153 Y57.81
G0 F7200 X52.153 Y57.59
G0 X53.573 Y57.59
G0 X53.573 Y57.74
G1 F3600 X56.053 Y55.26 E0.05833
G0 F7200 X55.26 Y55.26
G1 F3600 X56.24 Y56.24 E0.02305
G1 X56.31 Y56.31
G0 F7200 X56.09 Y56.31
G0 X51 Y56.854
G0 X49.663 Y56.722
G0 X48.377 Y56.331
G0 X47.193 Y55.699
G0 X45.65 Y54.327
G0 X45.765 Y54.234
G1 F3600 X43.761 Y56.238 E0.04713
G1 X43.691 Y56.308
G0 F7200 X43.91 Y56.308
G0 X51 Y56.854
G0 X52.376 Y56.773
G0 X52.287 Y56.477
;TYPE:WALL-INNER
G1 F3600 X51 Y56.599 E0.0215
G1 X49.708 Y56.476 E0.02158
G1 X48.469 Y56.097 E0.02155
G1 X47.334 Y55.494 E0.02137
G1 X46.328 Y54.666 E0.02167
G1 X45.505 Y53.661 E0.0216
G1 X44.926 Y52.58 E0.02039
G1 X44.818 Y52.261 E0.0056
G1 X43.6 Y52.26 E0.02026
G1 X43.601 Y57.899 E0.09378
G1 X56.272 Y57.9 E0.21072
G1 X56.4 Y57.683 E0.00419
G1 X56.4 Y55.1 E0.04296
G1 X55.143 Y55.1 E0.0209
G1 X54.663 Y55.494 E0.01033
G1 X53.527 Y56.097 E0.02139
G1 X52.287 Y56.477 E0.02157
G0 F7200 X52.192 Y56.084
;TYPE:WALL-OUTER
G1 F1800 X50.981 Y56.196 E0.02022
G1 X49.805 Y56.084 E0.01965
G1 X48.641 Y55.732 E0.02022
G1 X47.54 Y55.147 E0.02073
G1 X46.628 Y54.395 E0.01966
G1 X45.831 Y53.423 E0.0209
G1 X45.279 Y52.391 E0.01946
G1 X45.115 Y51.861 E0.00923
G1 X43.5 Y51.86 E0.02686
G1 F1589.4 X43.251 Y51.703 E0.00554
G1 X43.2 Y52.16 E0.00866
G1 F1800 X43.201 Y58.299 E0.10209
G1 X56.354 Y58.3 E0.21874
G1 X56.635 Y58.12 E0.00555
G1 X56.8 Y57.734 E0.00698
G1 X56.8 Y54.7 E0.05046
G1 X55 Y54.7 E0.02993
G1 X54.422 Y55.169 E0.01238
G1 X53.355 Y55.732 E0.02006
G1 X52.192 Y56.084 E0.02021
G0 F7200 X51.993 Y56.102
G0 X52.061 Y56.81
G0 X49.742 Y56.328
G0 X48.531 Y55.96
G0 X47.527 Y55.424
G0 X43.48 Y52.143
G0 X43.251 Y51.703
G1 F1431.4 X43.25 Y50.61 E0.02286
G0 F7200 X44.21 Y52.755
G1 F1500 E-6.5
G0 F7200 X44.949 Y52.088
G0 X44.948 Y50.998
G0 X44.95 Y49.002
G0 X44.95 Y47.911
G0 X45.651 Y45.671
G0 X45.765 Y45.765
;TYPE:FILL
G1 F1500 E6.5
G1 F3600 X43.76 Y43.76 E0.04715
G1 X43.69 Y43.69
G0 F7200 X43.91 Y43.69
G0 X43.91 Y44.925
G0 X43.76 Y44.925
G1 F3600 X46.426 Y42.26 E0.06269
G1 X46.496 Y42.19
G0 F7200 X46.496 Y42.41
G0 X47.917 Y42.41
G0 X47.917 Y42.26
G1 F3600 X49.174 Y43.517 E0.02956
G1 X49.244 Y43.587
G0 F7200 X49.176 Y43.363
G0 X51.112 Y43.098
G0 X51.098 Y43.245
G1 F3600 X52.083 Y42.26 E0.02317
G1 X52.153 Y42.19
G0 F7200 X52.153 Y42.41
G0 X53.574 Y42.41
G0 X53.574 Y42.26
G1 F3600 X56.054 Y44.74 E0.05833
G0 F7200 X55.259 Y44.74
G1 F3600 X56.24 Y43.759 E0.02307
G1 X56.31 Y43.689
G0 F7200 X56.09 Y43.689
G0 X51 Y43.146
G0 X49.663 Y43.278
G0 X48.377 Y43.669
G0 X47.193 Y44.301
G0 X46.351 Y44.991
G0 X45.235 Y46.19
G0 X45.505 Y46.335
;TYPE:WALL-INNER
G1 F3600 X46.326 Y45.332 E0.02156
G1 X47.335 Y44.505 E0.0217
G1 X48.471 Y43.898 E0.02142
G1 X49.708 Y43.524 E0.02149
G1 X51 Y43.396 E0.02159
G1 X52.288 Y43.524 E0.02153
G1 X53.525 Y43.898 E0.02149
G1 X54.665 Y44.508 E0.0215
G1 X55.143 Y44.9 E0.01028
G1 X56.4 Y44.9 E0.0209
G1 X56.4 Y42.313 E0.04302
G1 X56.274 Y42.101 E0.0041
G1 X43.6 Y42.1 E0.21077
G1 X43.6 Y47.736 E0.09373
G1 X44.818 Y47.735 E0.02026
G1 X44.926 Y47.416 E0.0056
G1 X45.505 Y46.335 E0.02039
G0 F7200 X45.831 Y46.573
;TYPE:WALL-OUTER
G1 F1800 X46.629 Y45.601 E0.02091
G1 X47.573 Y44.831 E0.02026
G1 X48.605 Y44.279 E0.01946
G1 X49.804 Y43.916 E0.02083
G1 X51.02 Y43.8 E0.02031
G1 X52.192 Y43.916 E0.01959
G1 X53.391 Y44.279 E0.02083
G1 X54.423 Y44.831 E0.01946
G1 X55 Y45.3 E0.01237
G1 X56.8 Y45.3 E0.02993
G1 X56.8 Y42.262 E0.05052
G1 X56.635 Y41.879 E0.00694
G1 X56.356 Y41.701 E0.0055
G1 X43.2 Y41.7 E0.21879
G1 X43.2 Y47.836 E0.10204
G1 F1600 X43.25 Y48.336 E0.0094
G1 X43.5 Y48.136 E0.00599
G1 F1800 X45.115 Y48.135 E0.02686
G1 X45.279 Y47.605 E0.00923
G1 X45.831 Y46.573 E0.01946
G0 F7200 X45.957 Y46.419
G0 X45.408 Y45.968
G0 X43.48 Y47.856
G0 X43.25 Y48.336
G1 F1440 X43.25 Y49.386 E0.02183
G0 F7200 X44.21 Y47.244
G1 F1500 E-6.5
;MESH:NONMESH
G0 F600 X44.21 Y47.244 Z13.7
G0 F7200 X44.153 Y48.989
G0 X44.153 Y51.01
G0 X43.918 Y52.073
G0 X43.91 Y55.074
G0 X43.76 Y55.074
;TIME_ELAPSED:1187.640614
;LAYER:134
;TYPE:FILL
;MESH:head.stl
G1 F1500 E6.5
G1 F3600 X46.425 Y57.739 E0.06268
G1 X46.495 Y57.809
G0 F7200 X46.495 Y57.59
G0 X47.916 Y57.59
G0 X47.916 Y57.74
G1 F3600 X49.175 Y56.481 E0.02961
G1 X49.245 Y56.411
G0 F7200 X49.176 Y56.636
G0 X51.105 Y56.904
G0 X51.091 Y56.748
G1 F3600 X52.083 Y57.74 E0.02333
G1 X52.153 Y57.81
G0 F7200 X52.153 Y57.59
G0 X53.573 Y57.59
G0 X53.573 Y57.74
G1 F3600 X56.053 Y55.26 E0.05833
G0 F7200 X55.26 Y55.26
G1 F3600 X56.24 Y56.24 E0.02305
G1 X56.31 Y56.31
G0 F7200 X56.09 Y56.31
G0 X51 Y56.854
G0 X49.663 Y56.722
G0 X48.377 Y56.331
G0 X47.193 Y55.699
G0 X45.65 Y54.327
G0 X45.765 Y54.234
G1 F3600 X43.761 Y56.238 E0.04713
G1 X43.691 Y56.308
G0 F7200 X43.91 Y56.308
G0 X51 Y56.854
G0 X52.376 Y56.773
G0 X52.287 Y56.477
;TYPE:WALL-INNER
G1 F3600 X51 Y56.599 E0.0215
G1 X49.708 Y56.476 E0.02158
G1 X48.469 Y56.097 E0.02155
G1 X47.334 Y55.494 E0.02137
G1 X46.328 Y54.666 E0.02167
G1 X45.505 Y53.661 E0.0216
G1 X44.927 Y52.579 E0.0204
G1 X44.836 Y52.32 E0.00457
G1 X43.6 Y52.32 E0.02055
G1 X43.601 Y57.899 E0.09278
G1 X56.272 Y57.9 E0.21072
G1 X56.4 Y57.683 E0.00419
G1 X56.4 Y55.1 E0.04296
G1 X55.143 Y55.1 E0.0209
G1 X54.663 Y55.494 E0.01033
G1 X53.527 Y56.097 E0.02139
G1 X52.287 Y56.477 E0.02157
G0 F7200 X52.192 Y56.084
;TYPE:WALL-OUTER
G1 F1800 X50.981 Y56.196 E0.02022
G1 X49.805 Y56.084 E0.01965
G1 X48.641 Y55.732 E0.02022
G1 X47.54 Y55.147 E0.02073
G1 X46.628 Y54.395 E0.01966
G1 X45.831 Y53.423 E0.0209
G1 X45.264 Y52.355 E0.02011
G1 X45.132 Y51.92 E0.00756
G1 X43.5 Y51.92 E0.02714
G1 F1589.4 X43.251 Y51.763 E0.00554
G1 X43.2 Y52.22 E0.00866
G1 F1800 X43.201 Y58.299 E0.10109
G1 X56.354 Y58.3 E0.21874
G1 X56.635 Y58.12 E0.00555
G1 X56.8 Y57.734 E0.00698
G1 X56.8 Y54.7 E0.05046
G1 X55 Y54.7 E0.02993
G1 X54.422 Y55.169 E0.01238
G1 X53.355 Y55.732 E0.02006
G1 X52.192 Y56.084 E0.02021
G0 F7200 X51.993 Y56.102
G0 X52.061 Y56.81
G0 X49.742 Y56.328
G0 X48.531 Y55.96
G0 X47.527 Y55.424
G0 X43.48 Y52.2
G0 X43.251 Y51.763
G1 F1431.4 X43.25 Y50.89 E0.01826
G0 F7200 X44.21 Y52.812
G1 F1500 E-6.5
G0 F7200 X44.967 Y52.146
G0 X44.967 Y51.055
G0 X44.968 Y48.944
G0 X44.968 Y47.853
G0 X45.651 Y45.671
G0 X45.765 Y45.765
;TYPE:FILL
G1 F1500 E6.5
G1 F3600 X43.76 Y43.76 E0.04715
G1 X43.69 Y43.69
G0 F7200 X43.91 Y43.69
G0 X43.91 Y44.925
G0 X43.76 Y44.925
G1 F3600 X46.426 Y42.26 E0.06269
G1 X46.496 Y42.19
G0 F7200 X46.496 Y42.41
G0 X47.917 Y42.41
G0 X47.917 Y42.26
G1 F3600 X49.174 Y43.517 E0.02956
G1 X49.244 Y43.587
G0 F7200 X49.176 Y43.363
G0 X51.112 Y43.098
G0 X51.098 Y43.245
G1 F3600 X52.083 Y42.26 E0.02317
G1 X52.153 Y42.19
G0 F7200 X52.153 Y42.41
G0 X53.574 Y42.41
G0 X53.574 Y42.26
G1 F3600 X56.054 Y44.74 E0.05833
G0 F7200 X55.259 Y44.74
G1 F3600 X56.24 Y43.759 E0.02307
G1 X56.31 Y43.689
G0 F7200 X56.09 Y43.689
G0 X51 Y43.146
G0 X49.663 Y43.278
G0 X48.377 Y43.669
G0 X47.193 Y44.301
G0 X46.351 Y44.991
G0 X45.235 Y46.19
G0 X45.505 Y46.335
;TYPE:WALL-INNER
G1 F3600 X46.326 Y45.332 E0.02156
G1 X47.335 Y44.505 E0.0217
G1 X48.471 Y43.898 E0.02142
G1 X49.708 Y43.524 E0.02149
G1 X51 Y43.396 E0.02159
G1 X52.288 Y43.524 E0.02153
G1 X53.525 Y43.898 E0.02149
G1 X54.665 Y44.508 E0.0215
G1 X55.143 Y44.9 E0.01028
G1 X56.4 Y44.9 E0.0209
G1 X56.4 Y42.313 E0.04302
G1 X56.274 Y42.101 E0.0041
G1 X43.6 Y42.1 E0.21077
G1 X43.6 Y47.676 E0.09273
G1 X44.837 Y47.676 E0.02057
G1 X44.927 Y47.417 E0.00456
G1 X45.505 Y46.335 E0.0204
G0 F7200 X45.831 Y46.573
;TYPE:WALL-OUTER
G1 F1800 X46.629 Y45.601 E0.02091
G1 X47.573 Y44.831 E0.02026
G1 X48.605 Y44.279 E0.01946
G1 X49.804 Y43.916 E0.02083
G1 X51.02 Y43.8 E0.02031
G1 X52.192 Y43.916 E0.01959
G1 X53.391 Y44.279 E0.02083
G1 X54.423 Y44.831 E0.01946
G1 X55 Y45.3 E0.01237
G1 X56.8 Y45.3 E0.02993
G1 X56.8 Y42.262 E0.05052
G1 X56.635 Y41.879 E0.00694
G1 X56.356 Y41.701 E0.0055
G1 X43.2 Y41.7 E0.21879
G1 X43.2 Y47.776 E0.10104
G1 F1600 X43.25 Y48.276 E0.0094
G1 X43.5 Y48.076 E0.00599
G1 F1800 X45.135 Y48.076 E0.02719
G1 X45.279 Y47.605 E0.00819
G1 X45.831 Y46.573 E0.01946
G0 F7200 X45.957 Y46.419
G0 X45.408 Y45.968
G0 X43.48 Y47.799
G0 X43.25 Y48.276
G1 F1440 X43.25 Y49.106 E0.01725
G0 F7200 X44.092 Y47.069
G1 F1500 E-6.5
;MESH:NONMESH
G0 F600 X44.092 Y47.069 Z13.8
G0 F7200 X43.91 Y47.849
G0 X44.153 Y48.932
G0 X44.153 Y51.067
G0 X43.91 Y52.15
G0 X43.91 Y55.074
G0 X43.76 Y55.074
;TIME_ELAPSED:1194.747540
;LAYER:135
;TYPE:FILL
;MESH:head.stl
G1 F1500 E6.5
G1 F3600 X46.425 Y57.739 E0.06268
G1 X46.495 Y57.809
G0 F7200 X46.495 Y57.59
G0 X47.916 Y57.59
G0 X47.916 Y57.74
G1 F3600 X49.175 Y56.481 E0.02961
G1 X49.245 Y56.411
G0 F7200 X49.176 Y56.636
G0 X51.105 Y56.904
G0 X51.091 Y56.748
G1 F3600 X52.083 Y57.74 E0.02333
G1 X52.153 Y57.81
G0 F7200 X52.153 Y57.59
G0 X53.573 Y57.59
G0 X53.573 Y57.74
G1 F3600 X56.053 Y55.26 E0.05833
G0 F7200 X55.26 Y55.26
G1 F3600 X56.24 Y56.24 E0.02305
G1 X56.31 Y56.31
G0 F7200 X56.09 Y56.31
G0 X51 Y56.854
G0 X49.663 Y56.722
G0 X48.377 Y56.331
G0 X47.193 Y55.699
G0 X45.65 Y54.327
G0 X45.765 Y54.234
G1 F3600 X43.761 Y56.238 E0.04713
G1 X43.691 Y56.308
G0 F7200 X43.91 Y56.308
G0 X51 Y56.854
G0 X52.376 Y56.773
G0 X52.287 Y56.477
;TYPE:WALL-INNER
G1 F3600 X51 Y56.599 E0.0215
G1 X49.708 Y56.476 E0.02158
G1 X48.469 Y56.097 E0.02155
G1 X47.334 Y55.494 E0.02137
G1 X46.328 Y54.666 E0.02167
G1 X45.505 Y53.661 E0.0216
G1 X44.926 Y52.579 E0.02041
G1 X44.853 Y52.376 E0.00359
G1 X43.6 Y52.376 E0.02084
G1 X43.601 Y57.899 E0.09185
G1 X56.272 Y57.9 E0.21072
G1 X56.4 Y57.683 E0.00419
G1 X56.4 Y55.1 E0.04296
G1 X55.143 Y55.1 E0.0209
G1 X54.663 Y55.494 E0.01033
G1 X53.527 Y56.097 E0.02139
G1 X52.287 Y56.477 E0.02157
G0 F7200 X52.192 Y56.084
;TYPE:WALL-OUTER
G1 F1800 X50.981 Y56.196 E0.02022
G1 X49.805 Y56.084 E0.01965
G1 X48.641 Y55.732 E0.02022
G1 X47.54 Y55.147 E0.02073
G1 X46.628 Y54.395 E0.01966
G1 X45.831 Y53.423 E0.0209
G1 X45.279 Y52.391 E0.01946
G1 X45.151 Y51.976 E0.00722
G1 X43.5 Y51.976 E0.02746
G1 F1589.4 X43.251 Y51.819 E0.00554
G1 X43.2 Y52.276 E0.00866
G1 F1800 X43.201 Y58.299 E0.10016
G1 X56.354 Y58.3 E0.21874
G1 X56.635 Y58.12 E0.00555
G1 X56.8 Y57.734 E0.00698
G1 X56.8 Y54.7 E0.05046
G1 X55 Y54.7 E0.02993
G1 X54.422 Y55.169 E0.01238
G1 X53.355 Y55.732 E0.02006
G1 X52.192 Y56.084 E0.02021
G0 F7200 X51.993 Y56.102
G0 X52.061 Y56.81
G0 X49.742 Y56.328
G0 X48.531 Y55.96
G0 X47.527 Y55.424
G0 X43.48 Y52.258
G0 X43.251 Y51.819
G1 F1431.4 X43.25 Y51.076 E0.01554
G0 F7200 X44.21 Y52.87
G1 F1500 E-6.5
G0 F7200 X44.985 Y52.204
G0 X44.985 Y51.113
G0 X44.985 Y48.886
G0 X44.985 Y47.795
G0 X45.651 Y45.671
G0 X45.765 Y45.765
;TYPE:FILL
G1 F1500 E6.5
G1 F3600 X43.76 Y43.76 E0.04715
G1 X43.69 Y43.69
G0 F7200 X43.91 Y43.69
G0 X43.91 Y44.925
G0 X43.761 Y44.925
G1 F3600 X46.426 Y42.26 E0.06268
G1 X46.496 Y42.19
G0 F7200 X46.496 Y42.41
G0 X47.917 Y42.41
G0 X47.917 Y42.26
G1 F3600 X49.174 Y43.517 E0.02956
G1 X49.244 Y43.587
G0 F7200 X49.176 Y43.363
G0 X51.112 Y43.098
G0 X51.098 Y43.245
G1 F3600 X52.083 Y42.26 E0.02317
G1 X52.153 Y42.19
G0 F7200 X52.153 Y42.41
G0 X53.574 Y42.41
G0 X53.574 Y42.26
G1 F3600 X56.054 Y44.74 E0.05833
G0 F7200 X55.259 Y44.74
G1 F3600 X56.24 Y43.759 E0.02307
G1 X56.31 Y43.689
G0 F7200 X56.09 Y43.689
G0 X51 Y43.146
G0 X49.663 Y43.278
G0 X48.377 Y43.669
G0 X47.193 Y44.301
G0 X46.351 Y44.991
G0 X45.235 Y46.19
G0 X45.505 Y46.335
;TYPE:WALL-INNER
G1 F3600 X46.326 Y45.332 E0.02156
G1 X47.335 Y44.505 E0.0217
G1 X48.471 Y43.898 E0.02142
G1 X49.708 Y43.524 E0.02149
G1 X51 Y43.396 E0.02159
G1 X52.288 Y43.524 E0.02153
G1 X53.525 Y43.898 E0.02149
G1 X54.665 Y44.508 E0.0215
G1 X55.143 Y44.9 E0.01028
G1 X56.4 Y44.9 E0.0209
G1 X56.4 Y42.313 E0.04302
G1 X56.274 Y42.101 E0.0041
G1 X43.6 Y42.1 E0.21077
G1 X43.601 Y47.619 E0.09178
G1 X44.853 Y47.62 E0.02082
G1 X44.926 Y47.417 E0.00359
G1 X45.505 Y46.335 E0.02041
G0 F7200 X45.831 Y46.573
;TYPE:WALL-OUTER
G1 F1800 X46.629 Y45.601 E0.02091
G1 X47.573 Y44.831 E0.02026
G1 X48.605 Y44.279 E0.01946
G1 X49.804 Y43.916 E0.02083
G1 X51.02 Y43.8 E0.02031
G1 X52.192 Y43.916 E0.01959
G1 X53.391 Y44.279 E0.02083
G1 X54.423 Y44.831 E0.01946
G1 X55 Y45.3 E0.01237
G1 X56.8 Y45.3 E0.02993
G1 X56.8 Y42.262 E0.05052
G1 X56.635 Y41.879 E0.00694
G1 X56.356 Y41.701 E0.0055
G1 X43.2 Y41.7 E0.21879
G1 X43.2 Y47.72 E0.10011
G1 F1600 X43.25 Y48.22 E0.0094
G1 X43.5 Y48.02 E0.00599
G1 F1800 X45.151 Y48.02 E0.02746
G1 X45.279 Y47.605 E0.00722
G1 X45.831 Y46.573 E0.01946
G0 F7200 X45.957 Y46.419
G0 X45.408 Y45.968
G0 X43.48 Y47.741
G0 X43.25 Y48.22
G1 F1440 X43.25 Y48.922 E0.01459
G0 F7200 X44.092 Y47.011
G1 F1500 E-6.5
;MESH:NONMESH
G0 F600 X44.092 Y47.011 Z13.9
G0 F7200 X43.91 Y47.791
G0 X44.153 Y48.874
G0 X44.153 Y51.125
G0 X43.91 Y52.208
G0 X43.91 Y55.074
G0 X43.76 Y55.074
;TIME_ELAPSED:1201.832284
;LAYER:136
;TYPE:FILL
;MESH:head.stl
G1 F1500 E6.5
G1 F3600 X46.425 Y57.739 E0.06268
G1 X46.495 Y57.809
G0 F7200 X46.495 Y57.59
G0 X47.916 Y57.59
G0 X47.916 Y57.74
G1 F3600 X49.175 Y56.481 E0.02961
G1 X49.245 Y56.411
G0 F7200 X49.176 Y56.636
G0 X51.105 Y56.904
G0 X51.091 Y56.748
G1 F3600 X52.083 Y57.74 E0.02333
G1 X52.153 Y57.81
G0 F7200 X52.153 Y57.59
G0 X53.573 Y57.59
G0 X53.573 Y57.74
G1 F3600 X56.053 Y55.26 E0.05833
G0 F7200 X55.26 Y55.26
G1 F3600 X56.24 Y56.24 E0.02305
G1 X56.31 Y56.31
G0 F7200 X56.09 Y56.31
G0 X51 Y56.854
G0 X49.663 Y56.722
G0 X48.377 Y56.331
G0 X47.193 Y55.699
G0 X45.65 Y54.327
G0 X45.765 Y54.234
G1 F3600 X43.761 Y56.238 E0.04713
G1 X43.691 Y56.308
G0 F7200 X43.91 Y56.308
G0 X51 Y56.854
G0 X52.376 Y56.773
G0 X52.287 Y56.477
;TYPE:WALL-INNER
G1 F3600 X51 Y56.599 E0.0215
G1 X49.708 Y56.476 E0.02158
G1 X48.469 Y56.097 E0.02155
G1 X47.334 Y55.494 E0.02137
G1 X46.328 Y54.666 E0.02167
G1 X45.505 Y53.661 E0.0216
G1 X44.849 Y52.436 E0.02311
G1 X43.6 Y52.436 E0.02077
G1 X43.601 Y57.899 E0.09085
G1 X56.272 Y57.9 E0.21072
G1 X56.4 Y57.683 E0.00419
G1 X56.4 Y55.1 E0.04296
G1 X55.143 Y55.1 E0.0209
G1 X54.663 Y55.494 E0.01033
G1 X53.527 Y56.097 E0.02139
G1 X52.287 Y56.477 E0.02157
G0 F7200 X52.192 Y56.084
;TYPE:WALL-OUTER
G1 F1800 X50.981 Y56.196 E0.02022
G1 X49.805 Y56.084 E0.01965
G1 X48.641 Y55.732 E0.02022
G1 X47.54 Y55.147 E0.02073
G1 X46.628 Y54.395 E0.01966
G1 X45.831 Y53.423 E0.0209
G1 X45.264 Y52.355 E0.02011
G1 X45.167 Y52.036 E0.00554
G1 X43.5 Y52.036 E0.02772
G1 F1589.4 X43.251 Y51.879 E0.00554
G1 X43.2 Y52.336 E0.00866
G1 F1800 X43.201 Y58.299 E0.09917
G1 X56.354 Y58.3 E0.21874
G1 X56.635 Y58.12 E0.00555
G1 X56.8 Y57.734 E0.00698
G1 X56.8 Y54.7 E0.05046
G1 X55 Y54.7 E0.02993
G1 X54.422 Y55.169 E0.01238
G1 X53.355 Y55.732 E0.02006
G1 X52.192 Y56.084 E0.02021
G0 F7200 X51.993 Y56.102
G0 X52.061 Y56.81
G0 X49.742 Y56.328
G0 X48.531 Y55.96
G0 X47.627 Y55.478
G0 X43.48 Y52.316
G0 X43.251 Y51.879
G1 F1431.4 X43.25 Y51.202 E0.01416
G0 F7200 X44.21 Y52.928
G1 F1500 E-6.5
G0 F7200 X45.002 Y52.262
G0 X45.002 Y51.171
G0 X45.003 Y48.828
G0 X45.003 Y47.737
G0 X45.651 Y45.671
G0 X45.765 Y45.765
;TYPE:FILL
G1 F1500 E6.5
G1 F3600 X43.76 Y43.76 E0.04715
G1 X43.69 Y43.69
G0 F7200 X43.91 Y43.69
G0 X43.91 Y44.925
G0 X43.76 Y44.925
G1 F3600 X46.426 Y42.26 E0.06269
G1 X46.496 Y42.19
G0 F7200 X46.496 Y42.41
G0 X47.917 Y42.41
G0 X47.917 Y42.26
G1 F3600 X49.174 Y43.517 E0.02956
G1 X49.244 Y43.587
G0 F7200 X49.176 Y43.363
G0 X51.112 Y43.098
G0 X51.098 Y43.245
G1 F3600 X52.083 Y42.26 E0.02317
G1 X52.153 Y42.19
G0 F7200 X52.153 Y42.41
G0 X53.574 Y42.41
G0 X53.574 Y42.26
G1 F3600 X56.054 Y44.74 E0.05833
G0 F7200 X55.259 Y44.74
G1 F3600 X56.24 Y43.759 E0.02307
G1 X56.31 Y43.689
G0 F7200 X56.09 Y43.689
G0 X51 Y43.146
G0 X49.663 Y43.278
G0 X48.377 Y43.669
G0 X47.193 Y44.301
G0 X46.351 Y44.991
G0 X45.235 Y46.19
G0 X45.505 Y46.335
;TYPE:WALL-INNER
G1 F3600 X46.326 Y45.332 E0.02156
G1 X47.335 Y44.505 E0.0217
G1 X48.471 Y43.898 E0.02142
G1 X49.708 Y43.524 E0.02149
G1 X51 Y43.396 E0.02159
G1 X52.288 Y43.524 E0.02153
G1 X53.525 Y43.898 E0.02149
G1 X54.665 Y44.508 E0.0215
G1 X55.143 Y44.9 E0.01028
G1 X56.4 Y44.9 E0.0209
G1 X56.4 Y42.313 E0.04302
G1 X56.274 Y42.101 E0.0041
G1 X43.6 Y42.1 E0.21077
G1 X43.6 Y47.56 E0.0908
G1 X44.849 Y47.56 E0.02077
G1 X45.505 Y46.335 E0.02311
G0 F7200 X45.831 Y46.573
;TYPE:WALL-OUTER
G1 F1800 X46.629 Y45.601 E0.02091
G1 X47.573 Y44.831 E0.02026
G1 X48.605 Y44.279 E0.01946
G1 X49.804 Y43.916 E0.02083
G1 X51.02 Y43.8 E0.02031
G1 X52.192 Y43.916 E0.01959
G1 X53.391 Y44.279 E0.02083
G1 X54.423 Y44.831 E0.01946
G1 X55 Y45.3 E0.01237
G1 X56.8 Y45.3 E0.02993
G1 X56.8 Y42.262 E0.05052
G1 X56.635 Y41.879 E0.00694
G1 X56.356 Y41.701 E0.0055
G1 X43.2 Y41.7 E0.21879
G1 X43.2 Y47.66 E0.09912
G1 F1600 X43.25 Y48.16 E0.0094
G1 X43.5 Y47.96 E0.00599
G1 F1800 X45.167 Y47.96 E0.02772
G1 X45.279 Y47.605 E0.00619
G1 X45.831 Y46.573 E0.01946
G0 F7200 X45.957 Y46.419
G0 X45.408 Y45.968
G0 X43.48 Y47.683
G0 X43.25 Y48.16
G1 F1440 X43.25 Y48.796 E0.01322
G0 F7200 X44.092 Y46.953
G1 F1500 E-6.5
;MESH:NONMESH
G0 F600 X44.092 Y46.953 Z14
G0 F7200 X43.91 Y47.733
G0 X44.153 Y48.816
G0 X44.153 Y51.183
G0 X43.91 Y52.266
G0 X43.91 Y55.074
G0 X43.761 Y55.074
;TIME_ELAPSED:1208.898633
;LAYER:137
;TYPE:FILL
;MESH:head.stl
G1 F1500 E6.5
G1 F3600 X46.425 Y57.739 E0.06266
G1 X46.495 Y57.809
G0 F7200 X46.495 Y57.59
G0 X47.916 Y57.59
G0 X47.916 Y57.74
G1 F3600 X49.175 Y56.481 E0.02961
G1 X49.245 Y56.411
G0 F7200 X49.176 Y56.636
G0 X51.105 Y56.904
G0 X51.091 Y56.748
G1 F3600 X52.083 Y57.74 E0.02333
G1 X52.153 Y57.81
G0 F7200 X52.153 Y57.59
G0 X53.573 Y57.59
G0 X53.573 Y57.74
G1 F3600 X56.053 Y55.26 E0.05833
G0 F7200 X55.26 Y55.26
G1 F3600 X56.24 Y56.24 E0.02305
G1 X56.31 Y56.31
G0 F7200 X56.09 Y56.31
G0 X51 Y56.854
G0 X49.663 Y56.722
G0 X48.377 Y56.331
G0 X47.193 Y55.699
G0 X45.65 Y54.327
G0 X45.765 Y54.234
G1 F3600 X43.761 Y56.238 E0.04713
G1 X43.691 Y56.308
G0 F7200 X43.91 Y56.308
G0 X51 Y56.854
G0 X52.376 Y56.773
G0 X52.287 Y56.477
;TYPE:WALL-INNER
G1 F3600 X51 Y56.599 E0.0215
G1 X49.708 Y56.476 E0.02158
G1 X48.469 Y56.097 E0.02155
G1 X47.334 Y55.494 E0.02137
G1 X46.328 Y54.666 E0.02167
G1 X45.505 Y53.661 E0.0216
G1 X44.88 Y52.492 E0.02204
G1 X43.601 Y52.493 E0.02127
G1 X43.601 Y57.899 E0.0899
G1 X56.272 Y57.9 E0.21072
G1 X56.4 Y57.683 E0.00419
G1 X56.4 Y55.1 E0.04296
G1 X55.143 Y55.1 E0.0209
G1 X54.663 Y55.494 E0.01033
G1 X53.527 Y56.097 E0.02139
G1 X52.287 Y56.477 E0.02157
G0 F7200 X52.192 Y56.084
;TYPE:WALL-OUTER
G1 F1800 X50.981 Y56.196 E0.02022
G1 X49.805 Y56.084 E0.01965
G1 X48.641 Y55.732 E0.02022
G1 X47.54 Y55.147 E0.02073
G1 X46.628 Y54.395 E0.01966
G1 X45.831 Y53.423 E0.0209
G1 X45.264 Y52.355 E0.02011
G1 X45.184 Y52.092 E0.00457
G1 X43.5 Y52.092 E0.02801
G1 F1589.4 X43.251 Y51.935 E0.00554
G1 X43.2 Y52.392 E0.00866
G1 F1800 X43.201 Y58.299 E0.09823
G1 X56.354 Y58.3 E0.21874
G1 X56.635 Y58.12 E0.00555
G1 X56.8 Y57.734 E0.00698
G1 X56.8 Y54.7 E0.05046
G1 X55 Y54.7 E0.02993
G1 X54.422 Y55.169 E0.01238
G1 X53.355 Y55.732 E0.02006
G1 X52.192 Y56.084 E0.02021
G0 F7200 X51.993 Y56.102
G0 X52.061 Y56.81
G0 X49.742 Y56.328
G0 X48.531 Y55.96
G0 X47.627 Y55.478
G0 X43.48 Y52.374
G0 X43.251 Y51.935
G1 F1431.4 X43.25 Y51.318 E0.0129
G0 F7200 X44.21 Y52.986
G1 F1500 E-6.5
G0 F7200 X45.02 Y52.319
G0 X45.019 Y51.229
G0 X45.02 Y48.771
G0 X45.02 Y47.68
G0 X45.651 Y45.671
G0 X45.765 Y45.765
;TYPE:FILL
G1 F1500 E6.5
G1 F3600 X43.76 Y43.76 E0.04715
G1 X43.69 Y43.69
G0 F7200 X43.91 Y43.69
G0 X43.91 Y44.925
G0 X43.761 Y44.925
G1 F3600 X46.426 Y42.26 E0.06268
G1 X46.496 Y42.19
G0 F7200 X46.496 Y42.41
G0 X47.917 Y42.41
G0 X47.917 Y42.26
G1 F3600 X49.174 Y43.517 E0.02956
G1 X49.244 Y43.587
G0 F7200 X49.176 Y43.363
G0 X51.112 Y43.098
G0 X51.098 Y43.245
G1 F3600 X52.083 Y42.26 E0.02317
G1 X52.153 Y42.19
G0 F7200 X52.153 Y42.41
G0 X53.574 Y42.41
G0 X53.574 Y42.26
G1 F3600 X56.054 Y44.74 E0.05833
G0 F7200 X55.259 Y44.74
G1 F3600 X56.24 Y43.759 E0.02307
G1 X56.31 Y43.689
G0 F7200 X56.09 Y43.689
G0 X51 Y43.146
G0 X49.663 Y43.278
G0 X48.377 Y43.669
G0 X47.193 Y44.301
G0 X46.351 Y44.991
G0 X45.235 Y46.19
G0 X45.505 Y46.335
;TYPE:WALL-INNER
G1 F3600 X46.326 Y45.332 E0.02156
G1 X47.335 Y44.505 E0.0217
G1 X48.471 Y43.898 E0.02142
G1 X49.708 Y43.524 E0.02149
G1 X51 Y43.396 E0.02159
G1 X52.288 Y43.524 E0.02153
G1 X53.525 Y43.898 E0.02149
G1 X54.665 Y44.508 E0.0215
G1 X55.143 Y44.9 E0.01028
G1 X56.4 Y44.9 E0.0209
G1 X56.4 Y42.313 E0.04302
G1 X56.274 Y42.101 E0.0041
G1 X43.6 Y42.1 E0.21077
G1 X43.601 Y47.503 E0.08985
G1 X44.881 Y47.503 E0.02129
G1 X45.505 Y46.335 E0.02202
G0 F7200 X45.831 Y46.573
;TYPE:WALL-OUTER
G1 F1800 X46.629 Y45.601 E0.02091
G1 X47.573 Y44.831 E0.02026
G1 X48.605 Y44.279 E0.01946
G1 X49.804 Y43.916 E0.02083
G1 X51.02 Y43.8 E0.02031
G1 X52.192 Y43.916 E0.01959
G1 X53.391 Y44.279 E0.02083
G1 X54.423 Y44.831 E0.01946
G1 X55 Y45.3 E0.01237
G1 X56.8 Y45.3 E0.02993
G1 X56.8 Y42.262 E0.05052
G1 X56.635 Y41.879 E0.00694
G1 X56.356 Y41.701 E0.0055
G1 X43.2 Y41.7 E0.21879
G1 X43.2 Y47.604 E0.09818
G1 F1600 X43.25 Y48.104 E0.0094
G1 X43.5 Y47.904 E0.00599
G1 F1800 X45.186 Y47.903 E0.02804
G1 X45.279 Y47.605 E0.00519
G1 X45.831 Y46.573 E0.01946
G0 F7200 X45.957 Y46.419
G0 X45.408 Y45.968
G0 X43.48 Y47.625
G0 X43.25 Y48.104
G1 F1440 X43.25 Y48.678 E0.01193
G0 F7200 X44.21 Y47.013
G1 F1500 E-6.5
;MESH:NONMESH
G0 F600 X44.21 Y47.013 Z14.1
G0 F7200 X44.153 Y48.758
G0 X44.153 Y51.241
G0 X43.918 Y52.304
G0 X43.91 Y55.074
G0 X43.76 Y55.074
;TIME_ELAPSED:1215.941722
;LAYER:138
;TYPE:FILL
;MESH:head.stl
G1 F1500 E6.5
G1 F3600 X46.425 Y57.739 E0.06268
G1 X46.495 Y57.809
G0 F7200 X46.495 Y57.59
G0 X47.916 Y57.59
G0 X47.916 Y57.74
G1 F3600 X49.175 Y56.481 E0.02961
G1 X49.245 Y56.411
G0 F7200 X49.176 Y56.636
G0 X51.105 Y56.904
G0 X51.091 Y56.748
G1 F3600 X52.083 Y57.74 E0.02333
G1 X52.153 Y57.81
G0 F7200 X52.153 Y57.59
G0 X53.573 Y57.59
G0 X53.573 Y57.74
G1 F3600 X56.053 Y55.26 E0.05833
G0 F7200 X55.26 Y55.26
G1 F3600 X56.24 Y56.24 E0.02305
G1 X56.31 Y56.31
G0 F7200 X56.09 Y56.31
G0 X51 Y56.854
G0 X49.663 Y56.722
G0 X48.377 Y56.331
G0 X47.193 Y55.699
G0 X45.65 Y54.327
G0 X45.765 Y54.234
G1 F3600 X43.761 Y56.238 E0.04713
G1 X43.691 Y56.308
G0 F7200 X43.91 Y56.308
G0 X51 Y56.854
G0 X52.376 Y56.773
G0 X52.287 Y56.477
;TYPE:WALL-INNER
G1 F3600 X51 Y56.599 E0.0215
G1 X49.708 Y56.476 E0.02158
G1 X48.469 Y56.097 E0.02155
G1 X47.334 Y55.494 E0.02137
G1 X46.328 Y54.666 E0.02167
G1 X45.504 Y53.66 E0.02163
G1 X44.914 Y52.548 E0.02093
G1 X43.6 Y52.548 E0.02185
G1 X43.601 Y57.899 E0.08899
G1 X56.272 Y57.9 E0.21072
G1 X56.4 Y57.683 E0.00419
G1 X56.4 Y55.1 E0.04296
G1 X55.143 Y55.1 E0.0209
G1 X54.663 Y55.494 E0.01033
G1 X53.527 Y56.097 E0.02139
G1 X52.287 Y56.477 E0.02157
G0 F7200 X52.192 Y56.084
;TYPE:WALL-OUTER
G1 F1800 X50.981 Y56.196 E0.02022
G1 X49.805 Y56.084 E0.01965
G1 X48.641 Y55.732 E0.02022
G1 X47.54 Y55.147 E0.02073
G1 X46.628 Y54.395 E0.01966
G1 X45.831 Y53.423 E0.0209
G1 X45.279 Y52.391 E0.01946
G1 X45.203 Y52.148 E0.00423
G1 X43.5 Y52.148 E0.02832
G1 F1589.4 X43.251 Y51.991 E0.00554
G1 X43.2 Y52.448 E0.00866
G1 F1800 X43.201 Y58.299 E0.0973
G1 X56.354 Y58.3 E0.21874
G1 X56.635 Y58.12 E0.00555
G1 X56.8 Y57.734 E0.00698
G1 X56.8 Y54.7 E0.05046
G1 X55 Y54.7 E0.02993
G1 X54.422 Y55.169 E0.01238
G1 X53.355 Y55.732 E0.02006
G1 X52.192 Y56.084 E0.02021
G0 F7200 X51.993 Y56.102
G0 X52.061 Y56.81
G0 X49.742 Y56.328
G0 X48.531 Y55.96
G0 X47.627 Y55.478
G0 X43.48 Y52.431
G0 X43.251 Y51.991
G1 F1431.4 X43.25 Y51.402 E0.01232
G0 F7200 X44.21 Y53.043
G1 F1500 E-6.5
G0 F7200 X45.037 Y52.377
G0 X45.037 Y51.286
G0 X45.038 Y48.713
G0 X45.038 Y47.622
G0 X45.651 Y45.671
G0 X45.765 Y45.765
;TYPE:FILL
G1 F1500 E6.5
G1 F3600 X43.76 Y43.76 E0.04715
G1 X43.69 Y43.69
G0 F7200 X43.91 Y43.69
G0 X43.91 Y44.925
G0 X43.76 Y44.925
G1 F3600 X46.426 Y42.26 E0.06269
G1 X46.496 Y42.19
G0 F7200 X46.496 Y42.41
G0 X47.917 Y42.41
G0 X47.917 Y42.26
G1 F3600 X49.174 Y43.517 E0.02956
G1 X49.244 Y43.587
G0 F7200 X49.176 Y43.363
G0 X51.112 Y43.098
G0 X51.098 Y43.245
G1 F3600 X52.083 Y42.26 E0.02317
G1 X52.153 Y42.19
G0 F7200 X52.153 Y42.41
G0 X53.574 Y42.41
G0 X53.574 Y42.26
G1 F3600 X56.054 Y44.74 E0.05833
G0 F7200 X55.259 Y44.74
G1 F3600 X56.24 Y43.759 E0.02307
G1 X56.31 Y43.689
G0 F7200 X56.09 Y43.689
G0 X51 Y43.146
G0 X49.663 Y43.278
G0 X48.377 Y43.669
G0 X47.193 Y44.301
G0 X46.351 Y44.991
G0 X45.234 Y46.191
G0 X45.504 Y46.336
;TYPE:WALL-INNER
G1 F3600 X46.326 Y45.332 E0.02158
G1 X47.335 Y44.505 E0.0217
G1 X48.471 Y43.898 E0.02142
G1 X49.708 Y43.524 E0.02149
G1 X51 Y43.396 E0.02159
G1 X52.288 Y43.524 E0.02153
G1 X53.525 Y43.898 E0.02149
G1 X54.665 Y44.508 E0.0215
G1 X55.143 Y44.9 E0.01028
G1 X56.4 Y44.9 E0.0209
G1 X56.4 Y42.313 E0.04302
G1 X56.274 Y42.101 E0.0041
G1 X43.6 Y42.1 E0.21077
G1 X43.6 Y47.448 E0.08894
G1 X44.914 Y47.448 E0.02185
G1 X45.504 Y46.336 E0.02093
G0 F7200 X45.831 Y46.573
;TYPE:WALL-OUTER
G1 F1800 X46.629 Y45.601 E0.02091
G1 X47.573 Y44.831 E0.02026
G1 X48.605 Y44.279 E0.01946
G1 X49.804 Y43.916 E0.02083
G1 X51.02 Y43.8 E0.02031
G1 X52.192 Y43.916 E0.01959
G1 X53.391 Y44.279 E0.02083
G1 X54.423 Y44.831 E0.01946
G1 X55 Y45.3 E0.01237
G1 X56.8 Y45.3 E0.02993
G1 X56.8 Y42.262 E0.05052
G1 X56.635 Y41.879 E0.00694
G1 X56.356 Y41.701 E0.0055
G1 X43.2 Y41.7 E0.21879
G1 X43.2 Y47.548 E0.09725
G1 F1600 X43.25 Y48.048 E0.0094
G1 X43.5 Y47.848 E0.00599
G1 F1800 X45.203 Y47.848 E0.02832
G1 X45.279 Y47.605 E0.00423
G1 X45.831 Y46.573 E0.01946
G0 F7200 X45.957 Y46.419
G0 X45.408 Y45.968
G0 X43.48 Y47.568
G0 X43.25 Y48.048
G1 F1440 X43.25 Y48.598 E0.01143
G0 F7200 X44.092 Y46.838
G1 F1500 E-6.5
;MESH:NONMESH
G0 F600 X44.092 Y46.838 Z14.2
G0 F7200 X43.91 Y47.618
G0 X44.153 Y48.701
G0 X44.153 Y51.298
G0 X43.91 Y52.381
G0 X43.91 Y55.074
G0 X43.76 Y55.074
;TIME_ELAPSED:1222.982588
;LAYER:139
;TYPE:FILL
;MESH:head.stl
G1 F1500 E6.5
G1 F3600 X46.425 Y57.739 E0.06268
G1 X46.495 Y57.809
G0 F7200 X46.495 Y57.59
G0 X47.916 Y57.59
G0 X47.916 Y57.74
G1 F3600 X49.175 Y56.481 E0.02961
G1 X49.245 Y56.411
G0 F7200 X49.176 Y56.636
G0 X51.105 Y56.904
G0 X51.091 Y56.748
G1 F3600 X52.083 Y57.74 E0.02333
G1 X52.153 Y57.81
G0 F7200 X52.153 Y57.59
G0 X53.573 Y57.59
G0 X53.573 Y57.74
G1 F3600 X56.053 Y55.26 E0.05833
G0 F7200 X55.26 Y55.26
G1 F3600 X56.24 Y56.24 E0.02305
G1 X56.31 Y56.31
G0 F7200 X56.09 Y56.31
G0 X51 Y56.854
G0 X49.663 Y56.722
G0 X48.377 Y56.331
G0 X47.193 Y55.699
G0 X45.65 Y54.327
G0 X45.765 Y54.234
G1 F3600 X43.761 Y56.238 E0.04713
G1 X43.691 Y56.308
G0 F7200 X43.91 Y56.308
G0 X51 Y56.854
G0 X52.376 Y56.773
G0 X52.287 Y56.477
;TYPE:WALL-INNER
G1 F3600 X51 Y56.599 E0.0215
G1 X49.708 Y56.476 E0.02158
G1 X48.469 Y56.097 E0.02155
G1 X47.334 Y55.494 E0.02137
G1 X46.328 Y54.666 E0.02167
G1 X45.505 Y53.661 E0.0216
G1 X44.942 Y52.608 E0.01986
G1 X43.6 Y52.608 E0.02232
G1 X43.601 Y57.899 E0.08799
G1 X56.272 Y57.9 E0.21072
G1 X56.4 Y57.683 E0.00419
G1 X56.4 Y55.1 E0.04296
G1 X55.143 Y55.1 E0.0209
G1 X54.663 Y55.494 E0.01033
G1 X53.527 Y56.097 E0.02139
G1 X52.287 Y56.477 E0.02157
G0 F7200 X52.192 Y56.084
;TYPE:WALL-OUTER
G1 F1800 X50.981 Y56.196 E0.02022
G1 X49.805 Y56.084 E0.01965
G1 X48.641 Y55.732 E0.02022
G1 X47.54 Y55.147 E0.02073
G1 X46.628 Y54.395 E0.01966
G1 X45.831 Y53.423 E0.0209
G1 X45.264 Y52.355 E0.02011
G1 X45.22 Y52.208 E0.00255
G1 X43.5 Y52.208 E0.0286
G1 F1589.4 X43.251 Y52.051 E0.00554
G1 X43.2 Y52.508 E0.00866
G1 F1800 X43.201 Y58.299 E0.0963
G1 X56.354 Y58.3 E0.21874
G1 X56.635 Y58.12 E0.00555
G1 X56.8 Y57.734 E0.00698
G1 X56.8 Y54.7 E0.05046
G1 X55 Y54.7 E0.02993
G1 X54.422 Y55.169 E0.01238
G1 X53.355 Y55.732 E0.02006
G1 X52.192 Y56.084 E0.02021
G0 F7200 X51.993 Y56.102
G0 X52.061 Y56.81
G0 X49.742 Y56.328
G0 X48.531 Y55.96
G0 X47.627 Y55.478
G0 X43.48 Y52.489
G0 X43.251 Y52.051
G1 F1431.4 X43.25 Y51.482 E0.0119
G0 F7200 X44.21 Y53.101
G1 F1500 E-6.5
G0 F7200 X45.054 Y52.435
G0 X45.054 Y51.344
G0 X45.058 Y48.655
G0 X45.058 Y47.54
G0 X45.651 Y45.671
G0 X45.765 Y45.765
;TYPE:FILL
G1 F1500 E6.5
G1 F3600 X43.76 Y43.76 E0.04715
G1 X43.69 Y43.69
G0 F7200 X43.91 Y43.69
G0 X43.91 Y44.925
G0 X43.76 Y44.925
G1 F3600 X46.426 Y42.26 E0.06269
G1 X46.496 Y42.19
G0 F7200 X46.496 Y42.41
G0 X47.917 Y42.41
G0 X47.917 Y42.26
G1 F3600 X49.174 Y43.517 E0.02956
G1 X49.244 Y43.587
G0 F7200 X49.176 Y43.363
G0 X51.112 Y43.098
G0 X51.098 Y43.245
G1 F3600 X52.083 Y42.26 E0.02317
G1 X52.153 Y42.19
G0 F7200 X52.153 Y42.41
G0 X53.574 Y42.41
G0 X53.574 Y42.26
G1 F3600 X56.054 Y44.74 E0.05833
G0 F7200 X55.259 Y44.74
G1 F3600 X56.24 Y43.759 E0.02307
G1 X56.31 Y43.689
G0 F7200 X56.09 Y43.689
G0 X51 Y43.146
G0 X49.663 Y43.278
G0 X48.377 Y43.669
G0 X47.193 Y44.301
G0 X46.351 Y44.991
G0 X45.235 Y46.19
G0 X45.505 Y46.335
;TYPE:WALL-INNER
G1 F3600 X46.326 Y45.332 E0.02156
G1 X47.335 Y44.505 E0.0217
G1 X48.471 Y43.898 E0.02142
G1 X49.708 Y43.524 E0.02149
G1 X51 Y43.396 E0.02159
G1 X52.288 Y43.524 E0.02153
G1 X53.525 Y43.898 E0.02149
G1 X54.665 Y44.508 E0.0215
G1 X55.143 Y44.9 E0.01028
G1 X56.4 Y44.9 E0.0209
G1 X56.4 Y42.313 E0.04302
G1 X56.274 Y42.101 E0.0041
G1 X43.6 Y42.1 E0.21077
G1 X43.6 Y47.388 E0.08794
G1 X44.942 Y47.388 E0.02232
G1 X45.505 Y46.335 E0.01986
G0 F7200 X45.831 Y46.573
;TYPE:WALL-OUTER
G1 F1800 X46.629 Y45.601 E0.02091
G1 X47.573 Y44.831 E0.02026
G1 X48.605 Y44.279 E0.01946
G1 X49.804 Y43.916 E0.02083
G1 X51.02 Y43.8 E0.02031
G1 X52.192 Y43.916 E0.01959
G1 X53.391 Y44.279 E0.02083
G1 X54.423 Y44.831 E0.01946
G1 X55 Y45.3 E0.01237
G1 X56.8 Y45.3 E0.02993
G1 X56.8 Y42.262 E0.05052
G1 X56.635 Y41.879 E0.00694
G1 X56.356 Y41.701 E0.0055
G1 X43.2 Y41.7 E0.21879
G1 X43.2 Y47.488 E0.09625
G1 F1600 X43.25 Y47.988 E0.0094
G1 X43.5 Y47.788 E0.00599
G1 F1800 X45.222 Y47.788 E0.02864
G1 X45.279 Y47.605 E0.00319
G1 X45.831 Y46.573 E0.01946
G0 F7200 X45.957 Y46.419
G0 X45.408 Y45.968
G0 X43.48 Y47.51
G0 X43.25 Y47.988
G1 F1440 X43.25 Y48.514 E0.01093
G0 F7200 X44.092 Y46.78
G1 F1500 E-6.5
;MESH:NONMESH
G0 F600 X44.092 Y46.78 Z14.3
G0 F7200 X43.91 Y47.56
G0 X44.153 Y48.643
G0 X44.153 Y51.356
G0 X43.91 Y52.439
G0 X43.91 Y55.074
G0 X43.76 Y55.074
;TIME_ELAPSED:1230.011778
;LAYER:140
;TYPE:FILL
;MESH:head.stl
G1 F1500 E6.5
G1 F3600 X46.425 Y57.739 E0.06268
G1 X46.495 Y57.809
G0 F7200 X46.495 Y57.59
G0 X47.916 Y57.59
G0 X47.916 Y57.74
G1 F3600 X49.175 Y56.481 E0.02961
G1 X49.245 Y56.411
G0 F7200 X49.176 Y56.636
G0 X51.105 Y56.904
G0 X51.091 Y56.748
G1 F3600 X52.083 Y57.74 E0.02333
G1 X52.153 Y57.81
G0 F7200 X52.153 Y57.59
G0 X53.573 Y57.59
G0 X53.573 Y57.74
G1 F3600 X56.053 Y55.26 E0.05833
G0 F7200 X55.26 Y55.26
G1 F3600 X56.24 Y56.24 E0.02305
G1 X56.31 Y56.31
G0 F7200 X56.09 Y56.31
G0 X51 Y56.854
G0 X49.663 Y56.722
G0 X48.377 Y56.331
G0 X47.193 Y55.699
G0 X45.65 Y54.327
G0 X45.765 Y54.234
G1 F3600 X43.761 Y56.238 E0.04713
G1 X43.691 Y56.308
G0 F7200 X43.91 Y56.308
G0 X51 Y56.854
G0 X52.376 Y56.773
G0 X52.287 Y56.477
;TYPE:WALL-INNER
G1 F3600 X51 Y56.599 E0.0215
G1 X49.708 Y56.476 E0.02158
G1 X48.469 Y56.097 E0.02155
G1 X47.334 Y55.494 E0.02137
G1 X46.328 Y54.666 E0.02167
G1 X45.505 Y53.661 E0.0216
G1 X44.972 Y52.664 E0.0188
G1 X43.6 Y52.664 E0.02282
G1 X43.601 Y57.899 E0.08706
G1 X56.272 Y57.9 E0.21072
G1 X56.4 Y57.683 E0.00419
G1 X56.4 Y55.1 E0.04296
G1 X55.143 Y55.1 E0.0209
G1 X54.663 Y55.494 E0.01033
G1 X53.527 Y56.097 E0.02139
G1 X52.287 Y56.477 E0.02157
G0 F7200 X52.192 Y56.084
;TYPE:WALL-OUTER
G1 F1800 X50.981 Y56.196 E0.02022
G1 X49.805 Y56.084 E0.01965
G1 X48.641 Y55.732 E0.02022
G1 X47.54 Y55.147 E0.02073
G1 X46.628 Y54.395 E0.01966
G1 X45.831 Y53.423 E0.0209
G1 X45.279 Y52.391 E0.01946
G1 X45.238 Y52.264 E0.00222
G1 X43.5 Y52.264 E0.0289
G1 F1589.4 X43.251 Y52.107 E0.00554
G1 X43.2 Y52.564 E0.00866
G1 F1800 X43.201 Y58.299 E0.09537
G1 X56.354 Y58.3 E0.21874
G1 X56.635 Y58.12 E0.00555
G1 X56.8 Y57.734 E0.00698
G1 X56.8 Y54.7 E0.05046
G1 X55 Y54.7 E0.02993
G1 X54.422 Y55.169 E0.01238
G1 X53.355 Y55.732 E0.02006
G1 X52.192 Y56.084 E0.02021
G0 F7200 X51.993 Y56.102
G0 X52.061 Y56.81
G0 X49.742 Y56.328
G0 X48.531 Y55.96
G0 X47.627 Y55.478
G0 X43.48 Y52.547
G0 X43.251 Y52.107
G1 F1431.4 X43.25 Y51.542 E0.01182
G0 F7200 X44.21 Y53.159
G1 F1500 E-6.5
G0 F7200 X45.079 Y52.494
G0 X45.079 Y51.402
G0 X45.079 Y48.597
G0 X45.079 Y47.505
G0 X45.651 Y45.671
G0 X45.765 Y45.765
;TYPE:FILL
G1 F1500 E6.5
G1 F3600 X43.76 Y43.76 E0.04715
G1 X43.69 Y43.69
G0 F7200 X43.91 Y43.69
G0 X43.91 Y44.925
G0 X43.76 Y44.925
G1 F3600 X46.426 Y42.26 E0.06269
G1 X46.496 Y42.19
G0 F7200 X46.496 Y42.41
G0 X47.917 Y42.41
G0 X47.917 Y42.26
G1 F3600 X49.174 Y43.517 E0.02956
G1 X49.244 Y43.587
G0 F7200 X49.176 Y43.363
G0 X51.112 Y43.098
G0 X51.098 Y43.245
G1 F3600 X52.083 Y42.26 E0.02317
G1 X52.153 Y42.19
G0 F7200 X52.153 Y42.41
G0 X53.574 Y42.41
G0 X53.574 Y42.26
G1 F3600 X56.054 Y44.74 E0.05833
G0 F7200 X55.259 Y44.74
G1 F3600 X56.24 Y43.759 E0.02307
G1 X56.31 Y43.689
G0 F7200 X56.09 Y43.689
G0 X51 Y43.146
G0 X49.663 Y43.278
G0 X48.377 Y43.669
G0 X47.193 Y44.301
G0 X46.351 Y44.991
G0 X45.235 Y46.19
G0 X45.505 Y46.335
;TYPE:WALL-INNER
G1 F3600 X46.326 Y45.332 E0.02156
G1 X47.335 Y44.505 E0.0217
G1 X48.471 Y43.898 E0.02142
G1 X49.708 Y43.524 E0.02149
G1 X51 Y43.396 E0.02159
G1 X52.288 Y43.524 E0.02153
G1 X53.525 Y43.898 E0.02149
G1 X54.665 Y44.508 E0.0215
G1 X55.143 Y44.9 E0.01028
G1 X56.4 Y44.9 E0.0209
G1 X56.4 Y42.313 E0.04302
G1 X56.274 Y42.101 E0.0041
G1 X43.6 Y42.1 E0.21077
G1 X43.6 Y47.332 E0.08701
G1 X44.972 Y47.332 E0.02282
G1 X45.505 Y46.335 E0.0188
G0 F7200 X45.831 Y46.573
;TYPE:WALL-OUTER
G1 F1800 X46.629 Y45.601 E0.02091
G1 X47.573 Y44.831 E0.02026
G1 X48.605 Y44.279 E0.01946
G1 X49.804 Y43.916 E0.02083
G1 X51.02 Y43.8 E0.02031
G1 X52.192 Y43.916 E0.01959
G1 X53.391 Y44.279 E0.02083
G1 X54.423 Y44.831 E0.01946
G1 X55 Y45.3 E0.01237
G1 X56.8 Y45.3 E0.02993
G1 X56.8 Y42.262 E0.05052
G1 X56.635 Y41.879 E0.00694
G1 X56.356 Y41.701 E0.0055
G1 X43.2 Y41.7 E0.21879
G1 X43.2 Y47.432 E0.09532
G1 F1600 X43.25 Y47.932 E0.0094
G1 X43.5 Y47.732 E0.00599
G1 F1800 X45.238 Y47.732 E0.0289
G1 X45.279 Y47.605 E0.00222
G1 X45.831 Y46.573 E0.01946
G0 F7200 X45.957 Y46.419
G0 X45.408 Y45.968
G0 X43.48 Y47.452
G0 X43.25 Y47.932
G1 F1440 X43.25 Y48.458 E0.01093
G0 F7200 X44.092 Y46.722
G1 F1500 E-6.5
;MESH:NONMESH
G0 F600 X44.092 Y46.722 Z14.4
G0 F7200 X43.91 Y47.502
G0 X44.153 Y48.585
G0 X44.153 Y51.414
G0 X43.91 Y52.497
G0 X43.91 Y55.074
G0 X43.76 Y55.074
;TIME_ELAPSED:1237.032266
;LAYER:141
;TYPE:FILL
;MESH:head.stl
G1 F1500 E6.5
G1 F3600 X46.425 Y57.739 E0.06268
G1 X46.495 Y57.809
G0 F7200 X46.495 Y57.59
G0 X47.916 Y57.59
G0 X47.916 Y57.74
G1 F3600 X49.175 Y56.481 E0.02961
G1 X49.245 Y56.411
G0 F7200 X49.176 Y56.636
G0 X51.105 Y56.904
G0 X51.091 Y56.748
G1 F3600 X52.083 Y57.74 E0.02333
G1 X52.153 Y57.81
G0 F7200 X52.153 Y57.59
G0 X53.573 Y57.59
G0 X53.573 Y57.74
G1 F3600 X56.053 Y55.26 E0.05833
G0 F7200 X55.26 Y55.26
G1 F3600 X56.24 Y56.24 E0.02305
G1 X56.31 Y56.31
G0 F7200 X56.09 Y56.31
G0 X51 Y56.854
G0 X49.663 Y56.722
G0 X48.377 Y56.331
G0 X47.193 Y55.699
G0 X45.65 Y54.327
G0 X45.765 Y54.234
G1 F3600 X43.761 Y56.238 E0.04713
G1 X43.691 Y56.308
G0 F7200 X43.91 Y56.308
G0 X51 Y56.854
G0 X52.376 Y56.773
G0 X52.287 Y56.477
;TYPE:WALL-INNER
G1 F3600 X51 Y56.599 E0.0215
G1 X49.708 Y56.476 E0.02158
G1 X48.469 Y56.097 E0.02155
G1 X47.334 Y55.494 E0.02137
G1 X46.328 Y54.666 E0.02167
G1 X45.505 Y53.661 E0.0216
G1 X45.004 Y52.724 E0.01767
G1 X43.6 Y52.724 E0.02335
G1 X43.601 Y57.899 E0.08606
G1 X56.272 Y57.9 E0.21072
G1 X56.4 Y57.683 E0.00419
G1 X56.4 Y55.1 E0.04296
G1 X55.143 Y55.1 E0.0209
G1 X54.663 Y55.494 E0.01033
G1 X53.527 Y56.097 E0.02139
G1 X52.287 Y56.477 E0.02157
G0 F7200 X52.192 Y56.084
;TYPE:WALL-OUTER
G1 F1800 X50.981 Y56.196 E0.02022
G1 X49.805 Y56.084 E0.01965
G1 X48.641 Y55.732 E0.02022
G1 X47.54 Y55.147 E0.02073
G1 X46.628 Y54.395 E0.01966
G1 X45.831 Y53.423 E0.0209
G1 X45.243 Y52.324 E0.02073
G1 X43.5 Y52.324 E0.02899
G1 F1589.4 X43.251 Y52.167 E0.00554
G1 X43.2 Y52.624 E0.00866
G1 F1800 X43.201 Y58.299 E0.09438
G1 X56.354 Y58.3 E0.21874
G1 X56.635 Y58.12 E0.00555
G1 X56.8 Y57.734 E0.00698
G1 X56.8 Y54.7 E0.05046
G1 X55 Y54.7 E0.02993
G1 X54.422 Y55.169 E0.01238
G1 X53.355 Y55.732 E0.02006
G1 X52.192 Y56.084 E0.02021
G0 F7200 X51.993 Y56.102
G0 X52.061 Y56.81
G0 X49.742 Y56.328
G0 X48.531 Y55.96
G0 X47.627 Y55.478
G0 X43.48 Y52.604
G0 X43.251 Y52.167
G1 F1431.4 X43.25 Y51.594 E0.01198
G0 F7200 X44.21 Y53.216
G1 F1500 E-6.5
G0 F7200 X45.109 Y52.551
G0 X45.109 Y51.459
G0 X45.11 Y48.54
G0 X45.11 Y47.448
G0 X45.651 Y45.671
G0 X45.765 Y45.765
;TYPE:FILL
G1 F1500 E6.5
G1 F3600 X43.76 Y43.76 E0.04715
G1 X43.69 Y43.69
G0 F7200 X43.91 Y43.69
G0 X43.91 Y44.925
G0 X43.761 Y44.925
G1 F3600 X46.426 Y42.26 E0.06268
G1 X46.496 Y42.19
G0 F7200 X46.496 Y42.41
G0 X47.917 Y42.41
G0 X47.917 Y42.26
G1 F3600 X49.174 Y43.517 E0.02956
G1 X49.244 Y43.587
G0 F7200 X49.176 Y43.363
G0 X51.112 Y43.098
G0 X51.098 Y43.245
G1 F3600 X52.083 Y42.26 E0.02317
G1 X52.153 Y42.19
G0 F7200 X52.153 Y42.41
G0 X53.574 Y42.41
G0 X53.574 Y42.26
G1 F3600 X56.054 Y44.74 E0.05833
G0 F7200 X55.259 Y44.74
G1 F3600 X56.24 Y43.759 E0.02307
G1 X56.31 Y43.689
G0 F7200 X56.09 Y43.689
G0 X51 Y43.146
G0 X49.663 Y43.278
G0 X48.377 Y43.669
G0 X47.193 Y44.301
G0 X46.351 Y44.991
G0 X45.236 Y46.188
G0 X45.506 Y46.333
;TYPE:WALL-INNER
G1 F3600 X46.326 Y45.332 E0.02152
G1 X47.335 Y44.505 E0.0217
G1 X48.471 Y43.898 E0.02142
G1 X49.708 Y43.524 E0.02149
G1 X51 Y43.396 E0.02159
G1 X52.288 Y43.524 E0.02153
G1 X53.525 Y43.898 E0.02149
G1 X54.665 Y44.508 E0.0215
G1 X55.143 Y44.9 E0.01028
G1 X56.4 Y44.9 E0.0209
G1 X56.4 Y42.313 E0.04302
G1 X56.274 Y42.101 E0.0041
G1 X43.6 Y42.1 E0.21077
G1 X43.601 Y47.271 E0.08599
G1 X45.006 Y47.271 E0.02337
G1 X45.506 Y46.333 E0.01768
G0 F7200 X45.853 Y46.541
;TYPE:WALL-OUTER
G1 F1800 X46.629 Y45.601 E0.02027
G1 X47.573 Y44.831 E0.02026
G1 X48.605 Y44.279 E0.01946
G1 X49.804 Y43.916 E0.02083
G1 X51.02 Y43.8 E0.02031
G1 X52.192 Y43.916 E0.01959
G1 X53.391 Y44.279 E0.02083
G1 X54.423 Y44.831 E0.01946
G1 X55 Y45.3 E0.01237
G1 X56.8 Y45.3 E0.02993
G1 X56.8 Y42.262 E0.05052
G1 X56.635 Y41.879 E0.00694
G1 X56.356 Y41.701 E0.0055
G1 X43.2 Y41.7 E0.21879
G1 X43.2 Y47.372 E0.09433
G1 F1600 X43.25 Y47.872 E0.0094
G1 X43.5 Y47.672 E0.00599
G1 F1800 X45.245 Y47.672 E0.02902
G1 X45.853 Y46.541 E0.02135
G0 F7200 X45.98 Y46.387
G0 X45.433 Y45.938
G0 X43.48 Y47.395
G0 X43.25 Y47.872
G1 F1440 X43.25 Y48.402 E0.01102
G0 F7200 X44.092 Y46.665
G1 F1500 E-6.5
;MESH:NONMESH
G0 F600 X44.092 Y46.665 Z14.5
G0 F7200 X43.91 Y47.445
G0 X44.153 Y48.528
G0 X44.153 Y51.471
G0 X43.91 Y52.554
G0 X43.91 Y55.074
G0 X43.76 Y55.074
;TIME_ELAPSED:1244.042290
;LAYER:142
;TYPE:FILL
;MESH:head.stl
G1 F1500 E6.5
G1 F3600 X46.425 Y57.739 E0.06268
G1 X46.495 Y57.809
G0 F7200 X46.495 Y57.59
G0 X47.916 Y57.59
G0 X47.916 Y57.74
G1 F3600 X49.175 Y56.481 E0.02961
G1 X49.245 Y56.411
G0 F7200 X49.176 Y56.636
G0 X51.105 Y56.904
G0 X51.091 Y56.748
G1 F3600 X52.083 Y57.74 E0.02333
G1 X52.153 Y57.81
G0 F7200 X52.153 Y57.59
G0 X53.573 Y57.59
G0 X53.573 Y57.74
G1 F3600 X56.053 Y55.26 E0.05833
G0 F7200 X55.26 Y55.26
G1 F3600 X56.24 Y56.24 E0.02305
G1 X56.31 Y56.31
G0 F7200 X56.09 Y56.31
G0 X51 Y56.854
G0 X49.663 Y56.722
G0 X48.377 Y56.331
G0 X47.193 Y55.699
G0 X45.65 Y54.327
G0 X45.765 Y54.234
G1 F3600 X43.761 Y56.238 E0.04713
G1 X43.691 Y56.308
G0 F7200 X43.91 Y56.308
G0 X51 Y56.854
G0 X52.376 Y56.773
G0 X52.287 Y56.477
;TYPE:WALL-INNER
G1 F3600 X51 Y56.599 E0.0215
G1 X49.708 Y56.476 E0.02158
G1 X48.469 Y56.097 E0.02155
G1 X47.334 Y55.494 E0.02137
G1 X46.328 Y54.666 E0.02167
G1 X45.505 Y53.661 E0.0216
G1 X45.034 Y52.78 E0.01661
G1 X43.6 Y52.78 E0.02385
G1 X43.601 Y57.899 E0.08513
G1 X56.272 Y57.9 E0.21072
G1 X56.4 Y57.683 E0.00419
G1 X56.4 Y55.1 E0.04296
G1 X55.143 Y55.1 E0.0209
G1 X54.663 Y55.494 E0.01033
G1 X53.527 Y56.097 E0.02139
G1 X52.287 Y56.477 E0.02157
G0 F7200 X52.192 Y56.084
;TYPE:WALL-OUTER
G1 F1800 X50.981 Y56.196 E0.02022
G1 X49.805 Y56.084 E0.01965
G1 X48.641 Y55.732 E0.02022
G1 X47.54 Y55.147 E0.02073
G1 X46.628 Y54.395 E0.01966
G1 X45.831 Y53.423 E0.0209
G1 X45.275 Y52.381 E0.01964
G1 X43.5 Y52.38 E0.02952
G1 F1589.4 X43.251 Y52.223 E0.00554
G1 X43.2 Y52.68 E0.00866
G1 F1800 X43.201 Y58.299 E0.09344
G1 X56.354 Y58.3 E0.21874
G1 X56.635 Y58.12 E0.00555
G1 X56.8 Y57.734 E0.00698
G1 X56.8 Y54.7 E0.05046
G1 X55 Y54.7 E0.02993
G1 X54.422 Y55.169 E0.01238
G1 X53.355 Y55.732 E0.02006
G1 X52.192 Y56.084 E0.02021
G0 F7200 X51.993 Y56.102
G0 X52.061 Y56.81
G0 X49.742 Y56.328
G0 X48.531 Y55.96
G0 X47.627 Y55.478
G0 X43.48 Y52.663
G0 X43.251 Y52.223
G1 F1431.4 X43.25 Y51.642 E0.01215
G0 F7200 X44.21 Y53.275
G1 F1500 E-6.5
G0 F7200 X45.141 Y52.609
G0 X45.14 Y51.518
G0 X45.141 Y48.482
G0 X45.141 Y47.39
G0 X45.651 Y45.671
G0 X45.765 Y45.765
;TYPE:FILL
G1 F1500 E6.5
G1 F3600 X43.76 Y43.76 E0.04715
G1 X43.69 Y43.69
G0 F7200 X43.91 Y43.69
G0 X43.91 Y44.925
G0 X43.76 Y44.925
G1 F3600 X46.426 Y42.26 E0.06269
G1 X46.496 Y42.19
G0 F7200 X46.496 Y42.41
G0 X47.917 Y42.41
G0 X47.917 Y42.26
G1 F3600 X49.174 Y43.517 E0.02956
G1 X49.244 Y43.587
G0 F7200 X49.176 Y43.363
G0 X51.112 Y43.098
G0 X51.098 Y43.245
G1 F3600 X52.083 Y42.26 E0.02317
G1 X52.153 Y42.19
G0 F7200 X52.153 Y42.41
G0 X53.574 Y42.41
G0 X53.574 Y42.26
G1 F3600 X56.054 Y44.74 E0.05833
G0 F7200 X55.259 Y44.74
G1 F3600 X56.24 Y43.759 E0.02307
G1 X56.31 Y43.689
G0 F7200 X56.09 Y43.689
G0 X51 Y43.146
G0 X49.663 Y43.278
G0 X48.377 Y43.669
G0 X47.193 Y44.301
G0 X46.351 Y44.991
G0 X45.236 Y46.188
G0 X45.506 Y46.333
;TYPE:WALL-INNER
G1 F3600 X46.326 Y45.332 E0.02152
G1 X47.335 Y44.505 E0.0217
G1 X48.471 Y43.898 E0.02142
G1 X49.708 Y43.524 E0.02149
G1 X51 Y43.396 E0.02159
G1 X52.288 Y43.524 E0.02153
G1 X53.525 Y43.898 E0.02149
G1 X54.665 Y44.508 E0.0215
G1 X55.143 Y44.9 E0.01028
G1 X56.4 Y44.9 E0.0209
G1 X56.4 Y42.313 E0.04302
G1 X56.274 Y42.101 E0.0041
G1 X43.6 Y42.1 E0.21077
G1 X43.6 Y47.216 E0.08508
G1 X45.035 Y47.216 E0.02386
G1 X45.506 Y46.333 E0.01664
G0 F7200 X45.853 Y46.541
;TYPE:WALL-OUTER
G1 F1800 X46.629 Y45.601 E0.02027
G1 X47.573 Y44.831 E0.02026
G1 X48.605 Y44.279 E0.01946
G1 X49.804 Y43.916 E0.02083
G1 X51.02 Y43.8 E0.02031
G1 X52.192 Y43.916 E0.01959
G1 X53.391 Y44.279 E0.02083
G1 X54.423 Y44.831 E0.01946
G1 X55 Y45.3 E0.01237
G1 X56.8 Y45.3 E0.02993
G1 X56.8 Y42.262 E0.05052
G1 X56.635 Y41.879 E0.00694
G1 X56.356 Y41.701 E0.0055
G1 X43.2 Y41.7 E0.21879
G1 X43.2 Y47.316 E0.09339
G1 F1600 X43.25 Y47.816 E0.0094
G1 X43.5 Y47.616 E0.00599
G1 F1800 X45.276 Y47.617 E0.02954
G1 X45.853 Y46.541 E0.0203
G0 F7200 X45.98 Y46.387
G0 X45.433 Y45.938
G0 X43.48 Y47.337
G0 X43.25 Y47.816
G1 F1440 X43.25 Y48.354 E0.01118
G0 F7200 X44.092 Y46.607
G1 F1500 E-6.5
;MESH:NONMESH
G0 F600 X44.092 Y46.607 Z14.6
G0 F7200 X43.91 Y47.387
G0 X44.153 Y48.47
G0 X44.153 Y51.53
G0 X43.912 Y52.593
G0 X43.91 Y55.074
G0 X43.76 Y55.074
;TIME_ELAPSED:1251.045535
;LAYER:143
;TYPE:FILL
;MESH:head.stl
G1 F1500 E6.5
G1 F3600 X46.425 Y57.739 E0.06268
G1 X46.495 Y57.809
G0 F7200 X46.495 Y57.59
G0 X47.916 Y57.59
G0 X47.916 Y57.74
G1 F3600 X49.175 Y56.481 E0.02961
G1 X49.245 Y56.411
G0 F7200 X49.176 Y56.636
G0 X51.105 Y56.904
G0 X51.091 Y56.748
G1 F3600 X52.083 Y57.74 E0.02333
G1 X52.153 Y57.81
G0 F7200 X52.153 Y57.59
G0 X53.573 Y57.59
G0 X53.573 Y57.74
G1 F3600 X56.053 Y55.26 E0.05833
G0 F7200 X55.26 Y55.26
G1 F3600 X56.24 Y56.24 E0.02305
G1 X56.31 Y56.31
G0 F7200 X56.09 Y56.31
G0 X51 Y56.854
G0 X49.663 Y56.722
G0 X48.377 Y56.331
G0 X47.193 Y55.699
G0 X45.65 Y54.327
G0 X45.765 Y54.234
G1 F3600 X43.761 Y56.238 E0.04713
G1 X43.691 Y56.308
G0 F7200 X43.91 Y56.308
G0 X51 Y56.854
G0 X52.376 Y56.773
G0 X52.287 Y56.477
;TYPE:WALL-INNER
G1 F3600 X51 Y56.599 E0.0215
G1 X49.708 Y56.476 E0.02158
G1 X48.469 Y56.097 E0.02155
G1 X47.334 Y55.494 E0.02137
G1 X46.328 Y54.666 E0.02167
G1 X45.506 Y53.663 E0.02157
G1 X45.065 Y52.84 E0.01553
G1 X43.6 Y52.84 E0.02436
G1 X43.601 Y57.899 E0.08413
G1 X56.272 Y57.9 E0.21072
G1 X56.4 Y57.683 E0.00419
G1 X56.4 Y55.1 E0.04296
G1 X55.143 Y55.1 E0.0209
G1 X54.663 Y55.494 E0.01033
G1 X53.527 Y56.097 E0.02139
G1 X52.287 Y56.477 E0.02157
G0 F7200 X52.192 Y56.084
;TYPE:WALL-OUTER
G1 F1800 X50.981 Y56.196 E0.02022
G1 X49.805 Y56.084 E0.01965
G1 X48.641 Y55.732 E0.02022
G1 X47.54 Y55.147 E0.02073
G1 X46.628 Y54.395 E0.01966
G1 X45.831 Y53.423 E0.0209
G1 X45.304 Y52.44 E0.01855
G1 X43.5 Y52.44 E0.03
G1 F1589.4 X43.251 Y52.283 E0.00554
G1 X43.2 Y52.74 E0.00866
G1 F1800 X43.201 Y58.299 E0.09245
G1 X56.354 Y58.3 E0.21874
G1 X56.635 Y58.12 E0.00555
G1 X56.8 Y57.734 E0.00698
G1 X56.8 Y54.7 E0.05046
G1 X55 Y54.7 E0.02993
G1 X54.422 Y55.169 E0.01238
G1 X53.355 Y55.732 E0.02006
G1 X52.192 Y56.084 E0.02021
G0 F7200 X51.993 Y56.102
G0 X52.061 Y56.81
G0 X49.742 Y56.328
G0 X48.531 Y55.96
G0 X47.627 Y55.478
G0 X43.48 Y52.721
G0 X43.251 Y52.283
G1 F1431.4 X43.25 Y51.674 E0.01274
G0 F7200 X44.21 Y53.333
G1 F1500 E-6.5
G0 F7200 X45.171 Y52.667
G0 X45.17 Y51.576
G0 X45.172 Y48.424
G0 X45.172 Y47.332
G0 X45.651 Y45.671
G0 X45.765 Y45.765
;TYPE:FILL
G1 F1500 E6.5
G1 F3600 X43.76 Y43.76 E0.04715
G1 X43.69 Y43.69
G0 F7200 X43.91 Y43.69
G0 X43.91 Y44.925
G0 X43.76 Y44.925
G1 F3600 X46.426 Y42.26 E0.06269
G1 X46.496 Y42.19
G0 F7200 X46.496 Y42.41
G0 X47.917 Y42.41
G0 X47.917 Y42.26
G1 F3600 X49.174 Y43.517 E0.02956
G1 X49.244 Y43.587
G0 F7200 X49.176 Y43.363
G0 X51.112 Y43.098
G0 X51.098 Y43.245
G1 F3600 X52.083 Y42.26 E0.02317
G1 X52.153 Y42.19
G0 F7200 X52.153 Y42.41
G0 X53.574 Y42.41
G0 X53.574 Y42.26
G1 F3600 X56.054 Y44.74 E0.05833
G0 F7200 X55.259 Y44.74
G1 F3600 X56.24 Y43.759 E0.02307
G1 X56.31 Y43.689
G0 F7200 X56.09 Y43.689
G0 X51 Y43.146
G0 X49.663 Y43.278
G0 X48.377 Y43.669
G0 X47.193 Y44.301
G0 X46.351 Y44.991
G0 X45.235 Y46.19
G0 X45.505 Y46.335
;TYPE:WALL-INNER
G1 F3600 X46.326 Y45.332 E0.02156
G1 X47.335 Y44.505 E0.0217
G1 X48.471 Y43.898 E0.02142
G1 X49.708 Y43.524 E0.02149
G1 X51 Y43.396 E0.02159
G1 X52.288 Y43.524 E0.02153
G1 X53.525 Y43.898 E0.02149
G1 X54.665 Y44.508 E0.0215
G1 X55.143 Y44.9 E0.01028
G1 X56.4 Y44.9 E0.0209
G1 X56.4 Y42.313 E0.04302
G1 X56.274 Y42.101 E0.0041
G1 X43.6 Y42.1 E0.21077
G1 X43.6 Y47.156 E0.08408
G1 X45.067 Y47.156 E0.0244
G1 X45.505 Y46.335 E0.01547
G0 F7200 X45.831 Y46.573
;TYPE:WALL-OUTER
G1 F1800 X46.629 Y45.601 E0.02091
G1 X47.573 Y44.831 E0.02026
G1 X48.605 Y44.279 E0.01946
G1 X49.804 Y43.916 E0.02083
G1 X51.02 Y43.8 E0.02031
G1 X52.192 Y43.916 E0.01959
G1 X53.391 Y44.279 E0.02083
G1 X54.423 Y44.831 E0.01946
G1 X55 Y45.3 E0.01237
G1 X56.8 Y45.3 E0.02993
G1 X56.8 Y42.262 E0.05052
G1 X56.635 Y41.879 E0.00694
G1 X56.356 Y41.701 E0.0055
G1 X43.2 Y41.7 E0.21879
G1 X43.2 Y47.256 E0.0924
G1 F1600 X43.25 Y47.756 E0.0094
G1 X43.5 Y47.556 E0.00599
G1 F1800 X45.307 Y47.556 E0.03005
G1 X45.831 Y46.573 E0.01852
G0 F7200 X45.957 Y46.419
G0 X45.408 Y45.968
G0 X43.48 Y47.279
G0 X43.25 Y47.756
G1 F1440 X43.25 Y48.326 E0.01185
G0 F7200 X44.092 Y46.549
G1 F1500 E-6.5
;MESH:NONMESH
G0 F600 X44.092 Y46.549 Z14.7
G0 F7200 X43.91 Y47.329
G0 X44.153 Y48.412
G0 X44.153 Y51.588
G0 X43.913 Y52.651
G0 X43.91 Y55.074
G0 X43.76 Y55.074
;TIME_ELAPSED:1258.042643
;LAYER:144
;TYPE:FILL
;MESH:head.stl
G1 F1500 E6.5
G1 F3600 X46.425 Y57.739 E0.06268
G1 X46.495 Y57.809
G0 F7200 X46.495 Y57.59
G0 X47.916 Y57.59
G0 X47.916 Y57.74
G1 F3600 X49.175 Y56.481 E0.02961
G1 X49.245 Y56.411
G0 F7200 X49.176 Y56.636
G0 X51.105 Y56.904
G0 X51.091 Y56.748
G1 F3600 X52.083 Y57.74 E0.02333
G1 X52.153 Y57.81
G0 F7200 X52.153 Y57.59
G0 X53.573 Y57.59
G0 X53.573 Y57.74
G1 F3600 X56.053 Y55.26 E0.05833
G0 F7200 X55.26 Y55.26
G1 F3600 X56.24 Y56.24 E0.02305
G1 X56.31 Y56.31
G0 F7200 X56.09 Y56.31
G0 X51 Y56.854
G0 X49.663 Y56.722
G0 X48.377 Y56.331
G0 X47.193 Y55.699
G0 X45.65 Y54.327
G0 X45.765 Y54.234
G1 F3600 X43.761 Y56.238 E0.04713
G1 X43.691 Y56.308
G0 F7200 X43.91 Y56.308
G0 X51 Y56.854
G0 X52.376 Y56.773
G0 X52.287 Y56.477
;TYPE:WALL-INNER
G1 F3600 X51 Y56.599 E0.0215
G1 X49.708 Y56.476 E0.02158
G1 X48.469 Y56.097 E0.02155
G1 X47.334 Y55.494 E0.02137
G1 X46.328 Y54.666 E0.02167
G1 X45.505 Y53.661 E0.0216
G1 X45.096 Y52.896 E0.01443
G1 X43.6 Y52.896 E0.02488
G1 X43.601 Y57.899 E0.0832
G1 X56.272 Y57.9 E0.21072
G1 X56.4 Y57.683 E0.00419
G1 X56.4 Y55.1 E0.04296
G1 X55.143 Y55.1 E0.0209
G1 X54.663 Y55.494 E0.01033
G1 X53.527 Y56.097 E0.02139
G1 X52.287 Y56.477 E0.02157
G0 F7200 X52.192 Y56.084
;TYPE:WALL-OUTER
G1 F1800 X50.981 Y56.196 E0.02022
G1 X49.805 Y56.084 E0.01965
G1 X48.641 Y55.732 E0.02022
G1 X47.54 Y55.147 E0.02073
G1 X46.628 Y54.395 E0.01966
G1 X45.831 Y53.423 E0.0209
G1 X45.336 Y52.496 E0.01748
G1 X43.5 Y52.496 E0.03053
G1 F1589.4 X43.251 Y52.339 E0.00554
G1 X43.2 Y52.796 E0.00866
G1 F1800 X43.201 Y58.299 E0.09152
G1 X56.354 Y58.3 E0.21874
G1 X56.635 Y58.12 E0.00555
G1 X56.8 Y57.734 E0.00698
G1 X56.8 Y54.7 E0.05046
G1 X55 Y54.7 E0.02993
G1 X54.422 Y55.169 E0.01238
G1 X53.355 Y55.732 E0.02006
G1 X52.192 Y56.084 E0.02021
G0 F7200 X51.993 Y56.102
G0 X52.061 Y56.81
G0 X49.742 Y56.328
G0 X48.531 Y55.96
G0 X47.627 Y55.478
G0 X43.48 Y52.779
G0 X43.251 Y52.339
G1 F1431.4 X43.25 Y51.702 E0.01332
G0 F7200 X44.21 Y53.391
G1 F1500 E-6.5
G0 F7200 X45.202 Y52.724
G0 X45.201 Y51.633
G0 X45.203 Y48.367
G0 X45.203 Y47.275
G0 X45.651 Y45.671
G0 X45.765 Y45.765
;TYPE:FILL
G1 F1500 E6.5
G1 F3600 X43.76 Y43.76 E0.04715
G1 X43.69 Y43.69
G0 F7200 X43.91 Y43.69
G0 X43.91 Y44.925
G0 X43.76 Y44.925
G1 F3600 X46.426 Y42.26 E0.06269
G1 X46.496 Y42.19
G0 F7200 X46.496 Y42.41
G0 X47.917 Y42.41
G0 X47.917 Y42.26
G1 F3600 X49.174 Y43.517 E0.02956
G1 X49.244 Y43.587
G0 F7200 X49.176 Y43.363
G0 X51.112 Y43.098
G0 X51.098 Y43.245
G1 F3600 X52.083 Y42.26 E0.02317
G1 X52.153 Y42.19
G0 F7200 X52.153 Y42.41
G0 X53.574 Y42.41
G0 X53.574 Y42.26
G1 F3600 X56.054 Y44.74 E0.05833
G0 F7200 X55.259 Y44.74
G1 F3600 X56.24 Y43.759 E0.02307
G1 X56.31 Y43.689
G0 F7200 X56.09 Y43.689
G0 X51 Y43.146
G0 X49.663 Y43.278
G0 X48.377 Y43.669
G0 X47.193 Y44.301
G0 X46.351 Y44.991
G0 X45.235 Y46.19
G0 X45.505 Y46.335
;TYPE:WALL-INNER
G1 F3600 X46.326 Y45.332 E0.02156
G1 X47.335 Y44.505 E0.0217
G1 X48.471 Y43.898 E0.02142
G1 X49.708 Y43.524 E0.02149
G1 X51 Y43.396 E0.02159
G1 X52.288 Y43.524 E0.02153
G1 X53.525 Y43.898 E0.02149
G1 X54.665 Y44.508 E0.0215
G1 X55.143 Y44.9 E0.01028
G1 X56.4 Y44.9 E0.0209
G1 X56.4 Y42.313 E0.04302
G1 X56.274 Y42.101 E0.0041
G1 X43.6 Y42.1 E0.21077
G1 X43.6 Y47.1 E0.08315
G1 X45.096 Y47.1 E0.02488
G1 X45.505 Y46.335 E0.01443
G0 F7200 X45.831 Y46.573
;TYPE:WALL-OUTER
G1 F1800 X46.629 Y45.601 E0.02091
G1 X47.573 Y44.831 E0.02026
G1 X48.605 Y44.279 E0.01946
G1 X49.804 Y43.916 E0.02083
G1 X51.02 Y43.8 E0.02031
G1 X52.192 Y43.916 E0.01959
G1 X53.391 Y44.279 E0.02083
G1 X54.423 Y44.831 E0.01946
G1 X55 Y45.3 E0.01237
G1 X56.8 Y45.3 E0.02993
G1 X56.8 Y42.262 E0.05052
G1 X56.635 Y41.879 E0.00694
G1 X56.356 Y41.701 E0.0055
G1 X43.2 Y41.7 E0.21879
G1 X43.2 Y47.2 E0.09147
G1 F1600 X43.25 Y47.7 E0.0094
G1 X43.5 Y47.5 E0.00599
G1 F1800 X45.336 Y47.5 E0.03053
G1 X45.831 Y46.573 E0.01748
G0 F7200 X45.957 Y46.419
G0 X45.408 Y45.968
G0 X43.48 Y47.221
G0 X43.25 Y47.7
G1 F1440 X43.25 Y48.294 E0.01235
G0 F7200 X44.21 Y46.609
G1 F1500 E-6.5
;MESH:NONMESH
G0 F600 X44.21 Y46.609 Z14.8
G0 F7200 X44.153 Y48.354
G0 X44.153 Y51.645
G0 X43.922 Y52.709
G0 X43.91 Y55.074
G0 X43.76 Y55.074
;TIME_ELAPSED:1265.025320
;LAYER:145
;TYPE:FILL
;MESH:head.stl
G1 F1500 E6.5
G1 F3600 X46.425 Y57.739 E0.06268
G1 X46.495 Y57.809
G0 F7200 X46.495 Y57.59
G0 X47.916 Y57.59
G0 X47.916 Y57.74
G1 F3600 X49.175 Y56.481 E0.02961
G1 X49.245 Y56.411
G0 F7200 X49.176 Y56.636
G0 X51.105 Y56.904
G0 X51.091 Y56.748
G1 F3600 X52.083 Y57.74 E0.02333
G1 X52.153 Y57.81
G0 F7200 X52.153 Y57.59
G0 X53.573 Y57.59
G0 X53.573 Y57.74
G1 F3600 X56.053 Y55.26 E0.05833
G0 F7200 X55.26 Y55.26
G1 F3600 X56.24 Y56.24 E0.02305
G1 X56.31 Y56.31
G0 F7200 X56.09 Y56.31
G0 X51 Y56.854
G0 X49.663 Y56.722
G0 X48.377 Y56.331
G0 X47.193 Y55.699
G0 X45.65 Y54.327
G0 X45.765 Y54.234
G1 F3600 X43.761 Y56.238 E0.04713
G1 X43.691 Y56.308
G0 F7200 X43.91 Y56.308
G0 X51 Y56.854
G0 X52.376 Y56.773
G0 X52.287 Y56.477
;TYPE:WALL-INNER
G1 F3600 X51 Y56.599 E0.0215
G1 X49.708 Y56.476 E0.02158
G1 X48.469 Y56.097 E0.02155
G1 X47.334 Y55.494 E0.02137
G1 X46.328 Y54.666 E0.02167
G1 X45.506 Y53.663 E0.02157
G1 X45.128 Y52.953 E0.01338
G1 X43.6 Y52.956 E0.02541
G1 X43.601 Y57.899 E0.0822
G1 X56.272 Y57.9 E0.21072
G1 X56.4 Y57.683 E0.00419
G1 X56.4 Y55.1 E0.04296
G1 X55.143 Y55.1 E0.0209
G1 X54.663 Y55.494 E0.01033
G1 X53.527 Y56.097 E0.02139
G1 X52.287 Y56.477 E0.02157
G0 F7200 X52.192 Y56.084
;TYPE:WALL-OUTER
G1 F1800 X50.981 Y56.196 E0.02022
G1 X49.805 Y56.084 E0.01965
G1 X48.641 Y55.732 E0.02022
G1 X47.54 Y55.147 E0.02073
G1 X46.628 Y54.395 E0.01966
G1 X45.831 Y53.422 E0.02092
G1 X45.368 Y52.553 E0.01637
G1 X43.501 Y52.556 E0.03105
G1 F1589.4 X43.251 Y52.399 E0.00556
G1 X43.2 Y52.857 E0.00868
G1 F1800 X43.201 Y58.299 E0.0905
G1 X56.354 Y58.3 E0.21874
G1 X56.635 Y58.12 E0.00555
G1 X56.8 Y57.734 E0.00698
G1 X56.8 Y54.7 E0.05046
G1 X55 Y54.7 E0.02993
G1 X54.422 Y55.169 E0.01238
G1 X53.355 Y55.732 E0.02006
G1 X52.192 Y56.084 E0.02021
G0 F7200 X51.993 Y56.102
G0 X52.061 Y56.81
G0 X49.742 Y56.328
G0 X48.531 Y55.96
G0 X43.48 Y52.836
G0 X43.251 Y52.399
G1 F1431.4 X43.25 Y51.726 E0.01407
G0 F7200 X44.21 Y53.448
G1 F1500 E-6.5
G0 F7200 X45.233 Y52.782
G0 X45.232 Y51.691
G0 X45.234 Y48.309
G0 X45.234 Y47.217
G0 X45.651 Y45.671
G0 X45.765 Y45.765
;TYPE:FILL
G1 F1500 E6.5
G1 F3600 X43.76 Y43.76 E0.04715
G1 X43.69 Y43.69
G0 F7200 X43.91 Y43.69
G0 X43.91 Y44.925
G0 X43.761 Y44.925
G1 F3600 X46.426 Y42.26 E0.06268
G1 X46.496 Y42.19
G0 F7200 X46.496 Y42.41
G0 X47.917 Y42.41
G0 X47.917 Y42.26
G1 F3600 X49.174 Y43.517 E0.02956
G1 X49.244 Y43.587
G0 F7200 X49.176 Y43.363
G0 X51.112 Y43.098
G0 X51.098 Y43.245
G1 F3600 X52.083 Y42.26 E0.02317
G1 X52.153 Y42.19
G0 F7200 X52.153 Y42.41
G0 X53.574 Y42.41
G0 X53.574 Y42.26
G1 F3600 X56.054 Y44.74 E0.05833
G0 F7200 X55.259 Y44.74
G1 F3600 X56.24 Y43.759 E0.02307
G1 X56.31 Y43.689
G0 F7200 X56.09 Y43.689
G0 X51 Y43.146
G0 X49.663 Y43.278
G0 X48.377 Y43.669
G0 X47.193 Y44.301
G0 X46.351 Y44.991
G0 X45.236 Y46.188
G0 X45.506 Y46.333
;TYPE:WALL-INNER
G1 F3600 X46.326 Y45.332 E0.02152
G1 X47.335 Y44.505 E0.0217
G1 X48.471 Y43.898 E0.02142
G1 X49.708 Y43.524 E0.02149
G1 X51 Y43.396 E0.02159
G1 X52.288 Y43.524 E0.02153
G1 X53.525 Y43.898 E0.02149
G1 X54.665 Y44.508 E0.0215
G1 X55.143 Y44.9 E0.01028
G1 X56.4 Y44.9 E0.0209
G1 X56.4 Y42.313 E0.04302
G1 X56.274 Y42.101 E0.0041
G1 X43.6 Y42.1 E0.21077
G1 X43.601 Y47.043 E0.0822
G1 X45.127 Y47.043 E0.02538
G1 X45.506 Y46.333 E0.01338
G0 F7200 X45.853 Y46.541
;TYPE:WALL-OUTER
G1 F1800 X46.629 Y45.601 E0.02027
G1 X47.573 Y44.831 E0.02026
G1 X48.605 Y44.279 E0.01946
G1 X49.804 Y43.916 E0.02083
G1 X51.02 Y43.8 E0.02031
G1 X52.192 Y43.916 E0.01959
G1 X53.391 Y44.279 E0.02083
G1 X54.423 Y44.831 E0.01946
G1 X55 Y45.3 E0.01237
G1 X56.8 Y45.3 E0.02993
G1 X56.8 Y42.262 E0.05052
G1 X56.635 Y41.879 E0.00694
G1 X56.356 Y41.701 E0.0055
G1 X43.2 Y41.7 E0.21879
G1 X43.2 Y47.144 E0.09053
G1 F1600 X43.25 Y47.644 E0.0094
G1 X43.5 Y47.444 E0.00599
G1 F1800 X45.367 Y47.443 E0.03105
G1 X45.853 Y46.541 E0.01704
G0 F7200 X45.98 Y46.387
G0 X45.433 Y45.938
G0 X43.48 Y47.164
G0 X43.25 Y47.644
G1 F1440 X43.25 Y48.274 E0.0131
G0 F7200 X44.092 Y46.434
G1 F1500 E-6.5
;MESH:NONMESH
G0 F600 X44.092 Y46.434 Z14.9
G0 F7200 X43.91 Y47.214
G0 X44.153 Y48.297
G0 X44.153 Y51.703
G0 X43.913 Y52.766
G0 X43.91 Y55.074
G0 X43.76 Y55.074
;TIME_ELAPSED:1272.015586
;LAYER:146
;TYPE:FILL
;MESH:head.stl
G1 F1500 E6.5
G1 F3600 X46.425 Y57.739 E0.06268
G1 X46.495 Y57.809
G0 F7200 X46.495 Y57.59
G0 X47.916 Y57.59
G0 X47.916 Y57.74
G1 F3600 X49.175 Y56.481 E0.02961
G1 X49.245 Y56.411
G0 F7200 X49.176 Y56.636
G0 X51.105 Y56.904
G0 X51.091 Y56.748
G1 F3600 X52.083 Y57.74 E0.02333
G1 X52.153 Y57.81
G0 F7200 X52.153 Y57.59
G0 X53.573 Y57.59
G0 X53.573 Y57.74
G1 F3600 X56.053 Y55.26 E0.05833
G0 F7200 X55.26 Y55.26
G1 F3600 X56.24 Y56.24 E0.02305
G1 X56.31 Y56.31
G0 F7200 X56.09 Y56.31
G0 X51 Y56.854
G0 X49.663 Y56.722
G0 X48.377 Y56.331
G0 X47.193 Y55.699
G0 X45.65 Y54.327
G0 X45.765 Y54.234
G1 F3600 X43.761 Y56.238 E0.04713
G1 X43.691 Y56.308
G0 F7200 X43.91 Y56.308
G0 X51 Y56.854
G0 X52.376 Y56.773
G0 X52.287 Y56.477
;TYPE:WALL-INNER
G1 F3600 X51 Y56.599 E0.0215
G1 X49.708 Y56.476 E0.02158
G1 X48.469 Y56.097 E0.02155
G1 X47.334 Y55.494 E0.02137
G1 X46.328 Y54.666 E0.02167
G1 X45.505 Y53.661 E0.0216
G1 X45.157 Y53.012 E0.01225
G1 X43.6 Y53.012 E0.02589
G1 X43.601 Y57.899 E0.08127
G1 X56.272 Y57.9 E0.21072
G1 X56.4 Y57.683 E0.00419
G1 X56.4 Y55.1 E0.04296
G1 X55.143 Y55.1 E0.0209
G1 X54.663 Y55.494 E0.01033
G1 X53.527 Y56.097 E0.02139
G1 X52.287 Y56.477 E0.02157
G0 F7200 X52.192 Y56.084
;TYPE:WALL-OUTER
G1 F1800 X50.981 Y56.196 E0.02022
G1 X49.805 Y56.084 E0.01965
G1 X48.641 Y55.732 E0.02022
G1 X47.54 Y55.147 E0.02073
G1 X46.628 Y54.395 E0.01966
G1 X45.831 Y53.423 E0.0209
G1 X45.396 Y52.612 E0.0153
G1 X43.5 Y52.612 E0.03153
G1 F1589.4 X43.251 Y52.455 E0.00554
G1 X43.2 Y52.912 E0.00866
G1 F1800 X43.201 Y58.299 E0.08959
G1 X56.354 Y58.3 E0.21874
G1 X56.635 Y58.12 E0.00555
G1 X56.8 Y57.734 E0.00698
G1 X56.8 Y54.7 E0.05046
G1 X55 Y54.7 E0.02993
G1 X54.422 Y55.169 E0.01238
G1 X53.355 Y55.732 E0.02006
G1 X52.192 Y56.084 E0.02021
G0 F7200 X51.993 Y56.102
G0 X52.061 Y56.81
G0 X49.742 Y56.328
G0 X48.531 Y55.96
G0 X43.48 Y52.894
G0 X43.251 Y52.455
G1 F1431.4 X43.25 Y51.734 E0.01508
G0 F7200 X44.21 Y53.506
G1 F1500 E-6.5
G0 F7200 X45.263 Y52.84
G0 X45.262 Y51.749
G0 X45.264 Y48.251
G0 X45.264 Y47.159
G0 X45.651 Y45.671
G0 X45.765 Y45.765
;TYPE:FILL
G1 F1500 E6.5
G1 F3600 X43.76 Y43.76 E0.04715
G1 X43.69 Y43.69
G0 F7200 X43.91 Y43.69
G0 X43.91 Y44.925
G0 X43.76 Y44.925
G1 F3600 X46.426 Y42.26 E0.06269
G1 X46.496 Y42.19
G0 F7200 X46.496 Y42.41
G0 X47.917 Y42.41
G0 X47.917 Y42.26
G1 F3600 X49.174 Y43.517 E0.02956
G1 X49.244 Y43.587
G0 F7200 X49.176 Y43.363
G0 X51.112 Y43.098
G0 X51.098 Y43.245
G1 F3600 X52.083 Y42.26 E0.02317
G1 X52.153 Y42.19
G0 F7200 X52.153 Y42.41
G0 X53.574 Y42.41
G0 X53.574 Y42.26
G1 F3600 X56.054 Y44.74 E0.05833
G0 F7200 X55.259 Y44.74
G1 F3600 X56.24 Y43.759 E0.02307
G1 X56.31 Y43.689
G0 F7200 X56.09 Y43.689
G0 X51 Y43.146
G0 X49.663 Y43.278
G0 X48.377 Y43.669
G0 X47.193 Y44.301
G0 X46.351 Y44.991
G0 X45.235 Y46.189
G0 X45.506 Y46.334
;TYPE:WALL-INNER
G1 F3600 X46.326 Y45.332 E0.02153
G1 X47.335 Y44.505 E0.0217
G1 X48.471 Y43.898 E0.02142
G1 X49.708 Y43.524 E0.02149
G1 X51 Y43.396 E0.02159
G1 X52.288 Y43.524 E0.02153
G1 X53.525 Y43.898 E0.02149
G1 X54.665 Y44.508 E0.0215
G1 X55.143 Y44.9 E0.01028
G1 X56.4 Y44.9 E0.0209
G1 X56.4 Y42.313 E0.04302
G1 X56.274 Y42.101 E0.0041
G1 X43.6 Y42.1 E0.21077
G1 X43.6 Y46.984 E0.08122
G1 X45.16 Y46.984 E0.02594
G1 X45.506 Y46.334 E0.01225
G0 F7200 X45.853 Y46.541
;TYPE:WALL-OUTER
G1 F1800 X46.629 Y45.601 E0.02027
G1 X47.573 Y44.831 E0.02026
G1 X48.605 Y44.279 E0.01946
G1 X49.804 Y43.916 E0.02083
G1 X51.02 Y43.8 E0.02031
G1 X52.192 Y43.916 E0.01959
G1 X53.391 Y44.279 E0.02083
G1 X54.423 Y44.831 E0.01946
G1 X55 Y45.3 E0.01237
G1 X56.8 Y45.3 E0.02993
G1 X56.8 Y42.262 E0.05052
G1 X56.635 Y41.879 E0.00694
G1 X56.356 Y41.701 E0.0055
G1 X43.2 Y41.7 E0.21879
G1 X43.2 Y47.084 E0.08954
G1 F1600 X43.25 Y47.584 E0.0094
G1 X43.5 Y47.384 E0.00599
G1 F1800 X45.4 Y47.384 E0.0316
G1 X45.853 Y46.541 E0.01592
G0 F7200 X45.98 Y46.387
G0 X45.433 Y45.938
G0 X43.48 Y47.106
G0 X43.25 Y47.584
G1 F1440 X43.25 Y48.262 E0.01409
G0 F7200 X44.092 Y46.376
G1 F1500 E-6.5
;MESH:NONMESH
G0 F600 X44.092 Y46.376 Z15
G0 F7200 X43.91 Y47.156
G0 X44.153 Y48.239
G0 X44.153 Y51.761
G0 X43.913 Y52.824
G0 X43.91 Y55.074
G0 X43.76 Y55.074
;TIME_ELAPSED:1279.001698
;LAYER:147
;TYPE:FILL
;MESH:head.stl
G1 F1500 E6.5
G1 F3600 X46.425 Y57.739 E0.06268
G1 X46.495 Y57.809
G0 F7200 X46.495 Y57.59
G0 X47.916 Y57.59
G0 X47.916 Y57.74
G1 F3600 X49.175 Y56.481 E0.02961
G1 X49.245 Y56.411
G0 F7200 X49.176 Y56.636
G0 X51.105 Y56.904
G0 X51.091 Y56.748
G1 F3600 X52.083 Y57.74 E0.02333
G1 X52.153 Y57.81
G0 F7200 X52.153 Y57.59
G0 X53.573 Y57.59
G0 X53.573 Y57.74
G1 F3600 X56.053 Y55.26 E0.05833
G0 F7200 X55.26 Y55.26
G1 F3600 X56.24 Y56.24 E0.02305
G1 X56.31 Y56.31
G0 F7200 X56.09 Y56.31
G0 X51 Y56.854
G0 X49.663 Y56.722
G0 X48.377 Y56.331
G0 X47.193 Y55.699
G0 X45.65 Y54.327
G0 X45.765 Y54.234
G1 F3600 X43.761 Y56.238 E0.04713
G1 X43.691 Y56.308
G0 F7200 X43.91 Y56.308
G0 X51 Y56.854
G0 X52.376 Y56.773
G0 X52.287 Y56.477
;TYPE:WALL-INNER
G1 F3600 X51 Y56.599 E0.0215
G1 X49.708 Y56.476 E0.02158
G1 X48.469 Y56.097 E0.02155
G1 X47.334 Y55.494 E0.02137
G1 X46.328 Y54.666 E0.02167
G1 X45.505 Y53.661 E0.0216
G1 X45.188 Y53.069 E0.01117
G1 X43.6 Y53.071 E0.02641
G1 X43.601 Y57.899 E0.08029
G1 X56.272 Y57.9 E0.21072
G1 X56.4 Y57.683 E0.00419
G1 X56.4 Y55.1 E0.04296
G1 X55.143 Y55.1 E0.0209
G1 X54.663 Y55.494 E0.01033
G1 X53.527 Y56.097 E0.02139
G1 X52.287 Y56.477 E0.02157
G0 F7200 X52.192 Y56.084
;TYPE:WALL-OUTER
G1 F1800 X50.981 Y56.196 E0.02022
G1 X49.805 Y56.084 E0.01965
G1 X48.641 Y55.732 E0.02022
G1 X47.54 Y55.147 E0.02073
G1 X46.628 Y54.395 E0.01966
G1 X45.853 Y53.455 E0.02026
G1 X45.428 Y52.669 E0.01486
G1 X43.501 Y52.672 E0.03205
G1 F1589.4 X43.251 Y52.515 E0.00556
G1 X43.2 Y52.973 E0.00868
G1 F1800 X43.201 Y58.299 E0.08857
G1 X56.354 Y58.3 E0.21874
G1 X56.635 Y58.12 E0.00555
G1 X56.8 Y57.734 E0.00698
G1 X56.8 Y54.7 E0.05046
G1 X55 Y54.7 E0.02993
G1 X54.422 Y55.169 E0.01238
G1 X53.355 Y55.732 E0.02006
G1 X52.192 Y56.084 E0.02021
G0 F7200 X51.993 Y56.102
G0 X52.061 Y56.81
G0 X49.742 Y56.328
G0 X48.531 Y55.96
G0 X43.48 Y52.952
G0 X43.251 Y52.515
G1 F1431.4 X43.25 Y51.746 E0.01608
G0 F7200 X44.21 Y53.564
G1 F1500 E-6.5
G0 F7200 X45.294 Y52.898
G0 X45.293 Y51.807
G0 X45.295 Y48.193
G0 X45.295 Y47.101
G0 X45.651 Y45.671
G0 X45.765 Y45.765
;TYPE:FILL
G1 F1500 E6.5
G1 F3600 X43.76 Y43.76 E0.04715
G1 X43.69 Y43.69
G0 F7200 X43.91 Y43.69
G0 X43.91 Y44.925
G0 X43.76 Y44.925
G1 F3600 X46.426 Y42.26 E0.06269
G1 X46.496 Y42.19
G0 F7200 X46.496 Y42.41
G0 X47.917 Y42.41
G0 X47.917 Y42.26
G1 F3600 X49.174 Y43.517 E0.02956
G1 X49.244 Y43.587
G0 F7200 X49.176 Y43.363
G0 X51.112 Y43.098
G0 X51.098 Y43.245
G1 F3600 X52.083 Y42.26 E0.02317
G1 X52.153 Y42.19
G0 F7200 X52.153 Y42.41
G0 X53.574 Y42.41
G0 X53.574 Y42.26
G1 F3600 X56.054 Y44.74 E0.05833
G0 F7200 X55.259 Y44.74
G1 F3600 X56.24 Y43.759 E0.02307
G1 X56.31 Y43.689
G0 F7200 X56.09 Y43.689
G0 X51 Y43.146
G0 X49.663 Y43.278
G0 X48.377 Y43.669
G0 X47.418 Y44.181
G0 X46.089 Y45.137
G0 X46.326 Y45.332
;TYPE:WALL-INNER
G1 F3600 X47.335 Y44.505 E0.0217
G1 X48.471 Y43.898 E0.02142
G1 X49.708 Y43.524 E0.02149
G1 X51 Y43.396 E0.02159
G1 X52.288 Y43.524 E0.02153
G1 X53.525 Y43.898 E0.02149
G1 X54.665 Y44.508 E0.0215
G1 X55.143 Y44.9 E0.01028
G1 X56.4 Y44.9 E0.0209
G1 X56.4 Y42.313 E0.04302
G1 X56.274 Y42.101 E0.0041
G1 X43.6 Y42.1 E0.21077
G1 X43.6 Y46.928 E0.08029
G1 X45.188 Y46.928 E0.02641
G1 X45.505 Y46.335 E0.01118
G1 X46.326 Y45.332 E0.02156
G0 F7200 X46.089 Y45.136
G0 X45.208 Y46.239
G0 X45.831 Y46.573
;TYPE:WALL-OUTER
G1 F1800 X46.629 Y45.601 E0.02091
G1 X47.573 Y44.831 E0.02026
G1 X48.605 Y44.279 E0.01946
G1 X49.804 Y43.916 E0.02083
G1 X51.02 Y43.8 E0.02031
G1 X52.192 Y43.916 E0.01959
G1 X53.391 Y44.279 E0.02083
G1 X54.423 Y44.831 E0.01946
G1 X55 Y45.3 E0.01237
G1 X56.8 Y45.3 E0.02993
G1 X56.8 Y42.262 E0.05052
G1 X56.635 Y41.879 E0.00694
G1 X56.356 Y41.701 E0.0055
G1 X43.2 Y41.7 E0.21879
G1 X43.2 Y47.028 E0.0886
G1 F1600 X43.25 Y47.528 E0.0094
G1 X43.5 Y47.328 E0.00599
G1 F1800 X45.428 Y47.328 E0.03206
G1 X45.831 Y46.573 E0.01423
G0 F7200 X45.957 Y46.419
G0 X45.408 Y45.968
G0 X43.48 Y47.048
G0 X43.25 Y47.528
G1 F1440 X43.25 Y48.254 E0.01509
G0 F7200 X44.092 Y46.318
G1 F1500 E-6.5
;MESH:NONMESH
G0 F600 X44.092 Y46.318 Z15.1
G0 F7200 X43.91 Y47.098
G0 X44.153 Y48.181
G0 X44.153 Y51.819
G0 X43.913 Y52.882
G0 X43.91 Y55.074
G0 X43.76 Y55.074
;TIME_ELAPSED:1286.021293
;LAYER:148
;TYPE:FILL
;MESH:head.stl
G1 F1500 E6.5
G1 F3600 X46.425 Y57.739 E0.06268
G1 X46.495 Y57.809
G0 F7200 X46.495 Y57.59
G0 X47.916 Y57.59
G0 X47.916 Y57.74
G1 F3600 X49.175 Y56.481 E0.02961
G1 X49.245 Y56.411
G0 F7200 X49.176 Y56.636
G0 X51.105 Y56.904
G0 X51.091 Y56.748
G1 F3600 X52.082 Y57.739 E0.02331
G1 X52.152 Y57.809
G0 F7200 X52.152 Y57.59
G0 X53.573 Y57.59
G0 X53.573 Y57.74
G1 F3600 X56.053 Y55.26 E0.05833
G0 F7200 X55.26 Y55.26
G1 F3600 X56.238 Y56.238 E0.023
G1 X56.308 Y56.308
G0 F7200 X56.09 Y56.307
G0 X51 Y56.854
G0 X49.663 Y56.722
G0 X48.377 Y56.331
G0 X47.193 Y55.699
G0 X45.65 Y54.327
G0 X45.765 Y54.234
G1 F3600 X43.761 Y56.238 E0.04713
G1 X43.691 Y56.308
G0 F7200 X43.91 Y56.308
G0 X51 Y56.854
G0 X52.376 Y56.773
G0 X52.287 Y56.477
;TYPE:WALL-INNER
G1 F3600 X51 Y56.599 E0.0215
G1 X49.708 Y56.476 E0.02158
G1 X48.469 Y56.097 E0.02155
G1 X47.334 Y55.494 E0.02137
G1 X46.328 Y54.666 E0.02167
G1 X45.505 Y53.661 E0.0216
G1 X45.188 Y53.068 E0.01118
G1 X43.6 Y53.068 E0.02641
G1 X43.601 Y57.899 E0.08034
G1 X56.272 Y57.9 E0.21072
G1 X56.396 Y57.693 E0.00401
G1 X56.399 Y55.1 E0.04312
G1 X55.143 Y55.1 E0.02089
G1 X54.666 Y55.492 E0.01027
G1 X53.527 Y56.097 E0.02145
G1 X52.287 Y56.477 E0.02157
G0 F7200 X52.192 Y56.084
;TYPE:WALL-OUTER
G1 F1800 X50.981 Y56.196 E0.02022
G1 X49.805 Y56.084 E0.01965
G1 X48.641 Y55.732 E0.02022
G1 X47.54 Y55.147 E0.02073
G1 X46.628 Y54.395 E0.01966
G1 X45.831 Y53.423 E0.0209
G1 X45.428 Y52.668 E0.01423
G1 X43.5 Y52.668 E0.03206
G1 F1589.4 X43.251 Y52.511 E0.00554
G1 X43.2 Y52.968 E0.00866
G1 F1800 X43.201 Y58.299 E0.08865
G1 X56.354 Y58.3 E0.21874
G1 X56.635 Y58.12 E0.00555
G1 X56.796 Y57.743 E0.00682
G1 X56.799 Y54.7 E0.05061
G1 X55 Y54.7 E0.02992
G1 X54.422 Y55.169 E0.01238
G1 X53.355 Y55.732 E0.02006
G1 X52.192 Y56.084 E0.02021
G0 F7200 X51.993 Y56.102
G0 X52.061 Y56.81
G0 X49.742 Y56.328
G0 X48.531 Y55.96
G0 X43.48 Y52.951
G0 X43.251 Y52.511
G1 F1431.4 X43.25 Y51.742 E0.01608
G0 F7200 X44.21 Y53.563
G1 F1500 E-6.5
G0 F7200 X45.295 Y52.898
G0 X45.295 Y51.806
G0 X45.295 Y48.194
G0 X45.295 Y47.102
G0 X45.651 Y45.671
G0 X45.765 Y45.765
;TYPE:FILL
G1 F1500 E6.5
G1 F3600 X43.76 Y43.76 E0.04715
G1 X43.69 Y43.69
G0 F7200 X43.91 Y43.69
G0 X43.91 Y44.925
G0 X43.76 Y44.925
G1 F3600 X46.426 Y42.26 E0.06269
G1 X46.496 Y42.19
G0 F7200 X46.496 Y42.41
G0 X47.917 Y42.41
G0 X47.917 Y42.26
G1 F3600 X49.174 Y43.517 E0.02956
G1 X49.244 Y43.587
G0 F7200 X49.176 Y43.363
G0 X51.112 Y43.098
G0 X51.098 Y43.245
G1 F3600 X52.083 Y42.26 E0.02317
G1 X52.153 Y42.19
G0 F7200 X52.153 Y42.41
G0 X53.574 Y42.41
G0 X53.574 Y42.26
G1 F3600 X56.054 Y44.74 E0.05833
G0 F7200 X55.259 Y44.74
G1 F3600 X56.24 Y43.759 E0.02307
G1 X56.31 Y43.689
G0 F7200 X56.09 Y43.689
G0 X51 Y43.146
G0 X49.663 Y43.278
G0 X48.377 Y43.669
G0 X47.418 Y44.181
G0 X46.089 Y45.137
G0 X46.326 Y45.332
;TYPE:WALL-INNER
G1 F3600 X47.335 Y44.505 E0.0217
G1 X48.471 Y43.898 E0.02142
G1 X49.708 Y43.524 E0.02149
G1 X51 Y43.396 E0.02159
G1 X52.288 Y43.524 E0.02153
G1 X53.525 Y43.898 E0.02149
G1 X54.665 Y44.508 E0.0215
G1 X55.143 Y44.9 E0.01028
G1 X56.4 Y44.9 E0.0209
G1 X56.4 Y42.313 E0.04302
G1 X56.274 Y42.101 E0.0041
G1 X43.6 Y42.1 E0.21077
G1 X43.6 Y46.928 E0.08029
G1 X45.188 Y46.928 E0.02641
G1 X45.505 Y46.335 E0.01118
G1 X46.326 Y45.332 E0.02156
G0 F7200 X46.089 Y45.136
G0 X45.208 Y46.24
G0 X45.831 Y46.573
;TYPE:WALL-OUTER
G1 F1800 X46.629 Y45.601 E0.02091
G1 X47.573 Y44.831 E0.02026
G1 X48.605 Y44.279 E0.01946
G1 X49.804 Y43.916 E0.02083
G1 X51.02 Y43.8 E0.02031
G1 X52.192 Y43.916 E0.01959
G1 X53.391 Y44.279 E0.02083
G1 X54.423 Y44.831 E0.01946
G1 X55 Y45.3 E0.01237
G1 X56.8 Y45.3 E0.02993
G1 X56.8 Y42.262 E0.05052
G1 X56.635 Y41.879 E0.00694
G1 X56.356 Y41.701 E0.0055
G1 X43.2 Y41.7 E0.21879
G1 X43.2 Y47.028 E0.0886
G1 F1600 X43.25 Y47.528 E0.0094
G1 X43.5 Y47.328 E0.00599
G1 F1800 X45.428 Y47.328 E0.03206
G1 X45.831 Y46.573 E0.01423
G0 F7200 X45.957 Y46.419
G0 X45.408 Y45.968
G0 X43.48 Y47.049
G0 X43.25 Y47.528
G1 F1440 X43.25 Y48.254 E0.01509
G0 F7200 X44.092 Y46.319
G1 F1500 E-6.5
;MESH:NONMESH
G0 F600 X44.092 Y46.319 Z15.2
G0 F7200 X43.91 Y47.099
G0 X44.153 Y48.182
G0 X44.153 Y51.818
G0 X43.91 Y52.901
G0 X43.91 Y55.074
G0 X43.76 Y55.074
;TIME_ELAPSED:1293.040968
;LAYER:149
;TYPE:FILL
;MESH:head.stl
G1 F1500 E6.5
G1 F3600 X46.425 Y57.739 E0.06268
G1 X46.495 Y57.809
G0 F7200 X46.495 Y57.59
G0 X47.916 Y57.59
G0 X47.916 Y57.74
G1 F3600 X49.175 Y56.481 E0.02961
G1 X49.245 Y56.411
G0 F7200 X49.176 Y56.636
G0 X51.105 Y56.904
G0 X51.091 Y56.748
G1 F3600 X52.082 Y57.739 E0.02331
G1 X52.152 Y57.809
G0 F7200 X52.152 Y57.59
G0 X53.573 Y57.59
G0 X53.573 Y57.74
G1 F3600 X56.053 Y55.26 E0.05833
G0 F7200 X55.26 Y55.26
G1 F3600 X56.238 Y56.238 E0.023
G1 X56.308 Y56.308
G0 F7200 X56.09 Y56.307
G0 X51 Y56.854
G0 X49.663 Y56.722
G0 X48.377 Y56.331
G0 X47.193 Y55.699
G0 X45.65 Y54.327
G0 X45.765 Y54.234
G1 F3600 X43.761 Y56.238 E0.04713
G1 X43.691 Y56.308
G0 F7200 X43.91 Y56.308
G0 X51 Y56.854
G0 X52.376 Y56.773
G0 X52.287 Y56.477
;TYPE:WALL-INNER
G1 F3600 X51 Y56.599 E0.0215
G1 X49.708 Y56.476 E0.02158
G1 X48.469 Y56.097 E0.02155
G1 X47.334 Y55.494 E0.02137
G1 X46.328 Y54.666 E0.02167
G1 X45.506 Y53.663 E0.02157
G1 X45.16 Y53.012 E0.01226
G1 X43.6 Y53.012 E0.02594
G1 X43.601 Y57.899 E0.08127
G1 X56.272 Y57.9 E0.21072
G1 X56.396 Y57.693 E0.00401
G1 X56.399 Y55.1 E0.04312
G1 X55.143 Y55.1 E0.02089
G1 X54.666 Y55.492 E0.01027
G1 X53.527 Y56.097 E0.02145
G1 X52.287 Y56.477 E0.02157
G0 F7200 X52.192 Y56.084
;TYPE:WALL-OUTER
G1 F1800 X50.981 Y56.196 E0.02022
G1 X49.805 Y56.084 E0.01965
G1 X48.641 Y55.732 E0.02022
G1 X47.54 Y55.147 E0.02073
G1 X46.628 Y54.395 E0.01966
G1 X45.831 Y53.422 E0.02092
G1 X45.4 Y52.612 E0.01526
G1 X43.5 Y52.612 E0.0316
G1 F1589.4 X43.251 Y52.455 E0.00554
G1 X43.2 Y52.912 E0.00866
G1 F1800 X43.201 Y58.299 E0.08959
G1 X56.354 Y58.3 E0.21874
G1 X56.635 Y58.12 E0.00555
G1 X56.796 Y57.743 E0.00682
G1 X56.799 Y54.7 E0.05061
G1 X55 Y54.7 E0.02992
G1 X54.422 Y55.169 E0.01238
G1 X53.355 Y55.732 E0.02006
G1 X52.192 Y56.084 E0.02021
G0 F7200 X51.993 Y56.102
G0 X52.061 Y56.81
G0 X49.742 Y56.328
G0 X48.531 Y55.96
G0 X43.48 Y52.894
G0 X43.251 Y52.455
G1 F1431.4 X43.25 Y51.734 E0.01508
G0 F7200 X44.21 Y53.506
G1 F1500 E-6.5
G0 F7200 X45.264 Y52.841
G0 X45.264 Y51.749
G0 X45.264 Y48.251
G0 X45.264 Y47.159
G0 X45.651 Y45.671
G0 X45.765 Y45.765
;TYPE:FILL
G1 F1500 E6.5
G1 F3600 X43.76 Y43.76 E0.04715
G1 X43.69 Y43.69
G0 F7200 X43.91 Y43.69
G0 X43.91 Y44.925
G0 X43.76 Y44.925
G1 F3600 X46.426 Y42.26 E0.06269
G1 X46.496 Y42.19
G0 F7200 X46.496 Y42.41
G0 X47.917 Y42.41
G0 X47.917 Y42.26
G1 F3600 X49.174 Y43.517 E0.02956
G1 X49.244 Y43.587
G0 F7200 X49.176 Y43.363
G0 X51.112 Y43.098
G0 X51.098 Y43.245
G1 F3600 X52.083 Y42.26 E0.02317
G1 X52.153 Y42.19
G0 F7200 X52.153 Y42.41
G0 X53.574 Y42.41
G0 X53.574 Y42.26
G1 F3600 X56.054 Y44.74 E0.05833
G0 F7200 X55.259 Y44.74
G1 F3600 X56.24 Y43.759 E0.02307
G1 X56.31 Y43.689
G0 F7200 X56.09 Y43.689
G0 X51 Y43.146
G0 X49.663 Y43.278
G0 X48.377 Y43.669
G0 X47.193 Y44.301
G0 X46.351 Y44.991
G0 X45.235 Y46.189
G0 X45.506 Y46.334
;TYPE:WALL-INNER
G1 F3600 X46.326 Y45.332 E0.02153
G1 X47.335 Y44.505 E0.0217
G1 X48.471 Y43.898 E0.02142
G1 X49.708 Y43.524 E0.02149
G1 X51 Y43.396 E0.02159
G1 X52.288 Y43.524 E0.02153
G1 X53.525 Y43.898 E0.02149
G1 X54.665 Y44.508 E0.0215
G1 X55.143 Y44.9 E0.01028
G1 X56.4 Y44.9 E0.0209
G1 X56.4 Y42.313 E0.04302
G1 X56.274 Y42.101 E0.0041
G1 X43.6 Y42.1 E0.21077
G1 X43.6 Y46.984 E0.08122
G1 X45.16 Y46.984 E0.02594
G1 X45.506 Y46.334 E0.01225
G0 F7200 X45.853 Y46.541
;TYPE:WALL-OUTER
G1 F1800 X46.629 Y45.601 E0.02027
G1 X47.573 Y44.831 E0.02026
G1 X48.605 Y44.279 E0.01946
G1 X49.804 Y43.916 E0.02083
G1 X51.02 Y43.8 E0.02031
G1 X52.192 Y43.916 E0.01959
G1 X53.391 Y44.279 E0.02083
G1 X54.423 Y44.831 E0.01946
G1 X55 Y45.3 E0.01237
G1 X56.8 Y45.3 E0.02993
G1 X56.8 Y42.262 E0.05052
G1 X56.635 Y41.879 E0.00694
G1 X56.356 Y41.701 E0.0055
G1 X43.2 Y41.7 E0.21879
G1 X43.2 Y47.084 E0.08954
G1 F1600 X43.25 Y47.584 E0.0094
G1 X43.5 Y47.384 E0.00599
G1 F1800 X45.4 Y47.384 E0.0316
G1 X45.853 Y46.541 E0.01592
G0 F7200 X45.98 Y46.387
G0 X45.433 Y45.938
G0 X43.48 Y47.106
G0 X43.25 Y47.584
G1 F1440 X43.25 Y48.264 E0.01414
G0 F7200 X44.092 Y46.376
G1 F1500 E-6.5
;MESH:NONMESH
G0 F600 X44.092 Y46.376 Z15.3
G0 F7200 X43.91 Y47.156
G0 X44.153 Y48.239
G0 X44.153 Y51.761
G0 X43.91 Y52.844
G0 X43.91 Y55.074
G0 X43.76 Y55.074
;TIME_ELAPSED:1300.027068
;LAYER:150
;TYPE:FILL
;MESH:head.stl
G1 F1500 E6.5
G1 F3600 X46.425 Y57.739 E0.06268
G1 X46.495 Y57.809
G0 F7200 X46.495 Y57.59
G0 X47.916 Y57.59
G0 X47.916 Y57.74
G1 F3600 X49.175 Y56.481 E0.02961
G1 X49.245 Y56.411
G0 F7200 X49.176 Y56.636
G0 X51.105 Y56.904
G0 X51.091 Y56.748
G1 F3600 X52.082 Y57.739 E0.02331
G1 X52.152 Y57.809
G0 F7200 X52.152 Y57.59
G0 X53.573 Y57.59
G0 X53.573 Y57.74
G1 F3600 X56.053 Y55.26 E0.05833
G0 F7200 X55.26 Y55.26
G1 F3600 X56.238 Y56.238 E0.023
G1 X56.308 Y56.308
G0 F7200 X56.09 Y56.307
G0 X51 Y56.854
G0 X49.663 Y56.722
G0 X48.377 Y56.331
G0 X47.193 Y55.699
G0 X45.65 Y54.327
G0 X45.765 Y54.234
G1 F3600 X43.761 Y56.238 E0.04713
G1 X43.691 Y56.308
G0 F7200 X43.91 Y56.308
G0 X51 Y56.854
G0 X52.376 Y56.773
G0 X52.287 Y56.477
;TYPE:WALL-INNER
G1 F3600 X51 Y56.599 E0.0215
G1 X49.708 Y56.476 E0.02158
G1 X48.469 Y56.097 E0.02155
G1 X47.334 Y55.494 E0.02137
G1 X46.328 Y54.666 E0.02167
G1 X45.503 Y53.659 E0.02165
G1 X45.128 Y52.956 E0.01325
G1 X43.6 Y52.956 E0.02541
G1 X43.601 Y57.899 E0.0822
G1 X56.272 Y57.9 E0.21072
G1 X56.396 Y57.693 E0.00401
G1 X56.399 Y55.1 E0.04312
G1 X55.143 Y55.1 E0.02089
G1 X54.666 Y55.492 E0.01027
G1 X53.527 Y56.097 E0.02145
G1 X52.287 Y56.477 E0.02157
G0 F7200 X52.192 Y56.084
;TYPE:WALL-OUTER
G1 F1800 X50.981 Y56.196 E0.02022
G1 X49.805 Y56.084 E0.01965
G1 X48.641 Y55.732 E0.02022
G1 X47.54 Y55.147 E0.02073
G1 X46.628 Y54.395 E0.01966
G1 X45.831 Y53.423 E0.0209
G1 X45.368 Y52.556 E0.01635
G1 X43.5 Y52.556 E0.03106
G1 F1589.4 X43.251 Y52.399 E0.00554
G1 X43.2 Y52.856 E0.00866
G1 F1800 X43.201 Y58.299 E0.09052
G1 X56.354 Y58.3 E0.21874
G1 X56.635 Y58.12 E0.00555
G1 X56.796 Y57.743 E0.00682
G1 X56.799 Y54.7 E0.05061
G1 X55 Y54.7 E0.02992
G1 X54.422 Y55.169 E0.01238
G1 X53.355 Y55.732 E0.02006
G1 X52.192 Y56.084 E0.02021
G0 F7200 X51.993 Y56.102
G0 X52.061 Y56.81
G0 X49.742 Y56.328
G0 X48.531 Y55.96
G0 X43.48 Y52.836
G0 X43.251 Y52.399
G1 F1431.4 X43.25 Y51.722 E0.01416
G0 F7200 X44.21 Y53.448
G1 F1500 E-6.5
G0 F7200 X45.233 Y52.783
G0 X45.233 Y51.691
G0 X45.233 Y48.309
G0 X45.233 Y47.217
G0 X45.651 Y45.671
G0 X45.765 Y45.765
;TYPE:FILL
G1 F1500 E6.5
G1 F3600 X43.76 Y43.76 E0.04715
G1 X43.69 Y43.69
G0 F7200 X43.91 Y43.69
G0 X43.91 Y44.925
G0 X43.761 Y44.925
G1 F3600 X46.426 Y42.26 E0.06268
G1 X46.496 Y42.19
G0 F7200 X46.496 Y42.41
G0 X47.917 Y42.41
G0 X47.917 Y42.26
G1 F3600 X49.174 Y43.517 E0.02956
G1 X49.244 Y43.587
G0 F7200 X49.176 Y43.363
G0 X51.112 Y43.098
G0 X51.098 Y43.245
G1 F3600 X52.083 Y42.26 E0.02317
G1 X52.153 Y42.19
G0 F7200 X52.153 Y42.41
G0 X53.574 Y42.41
G0 X53.574 Y42.26
G1 F3600 X56.054 Y44.74 E0.05833
G0 F7200 X55.259 Y44.74
G1 F3600 X56.24 Y43.759 E0.02307
G1 X56.31 Y43.689
G0 F7200 X56.09 Y43.689
G0 X51 Y43.146
G0 X49.663 Y43.278
G0 X48.377 Y43.669
G0 X47.193 Y44.301
G0 X46.351 Y44.991
G0 X45.236 Y46.188
G0 X45.506 Y46.333
;TYPE:WALL-INNER
G1 F3600 X46.326 Y45.332 E0.02152
G1 X47.335 Y44.505 E0.0217
G1 X48.471 Y43.898 E0.02142
G1 X49.708 Y43.524 E0.02149
G1 X51 Y43.396 E0.02159
G1 X52.288 Y43.524 E0.02153
G1 X53.525 Y43.898 E0.02149
G1 X54.665 Y44.508 E0.0215
G1 X55.143 Y44.9 E0.01028
G1 X56.4 Y44.9 E0.0209
G1 X56.4 Y42.313 E0.04302
G1 X56.274 Y42.101 E0.0041
G1 X43.6 Y42.1 E0.21077
G1 X43.601 Y47.043 E0.0822
G1 X45.127 Y47.043 E0.02538
G1 X45.506 Y46.333 E0.01338
G0 F7200 X45.853 Y46.541
;TYPE:WALL-OUTER
G1 F1800 X46.629 Y45.601 E0.02027
G1 X47.573 Y44.831 E0.02026
G1 X48.605 Y44.279 E0.01946
G1 X49.804 Y43.916 E0.02083
G1 X51.02 Y43.8 E0.02031
G1 X52.192 Y43.916 E0.01959
G1 X53.391 Y44.279 E0.02083
G1 X54.423 Y44.831 E0.01946
G1 X55 Y45.3 E0.01237
G1 X56.8 Y45.3 E0.02993
G1 X56.8 Y42.262 E0.05052
G1 X56.635 Y41.879 E0.00694
G1 X56.356 Y41.701 E0.0055
G1 X43.2 Y41.7 E0.21879
G1 X43.2 Y47.144 E0.09053
G1 F1600 X43.25 Y47.644 E0.0094
G1 X43.5 Y47.444 E0.00599
G1 F1800 X45.367 Y47.443 E0.03105
G1 X45.853 Y46.541 E0.01704
G0 F7200 X45.98 Y46.387
G0 X45.433 Y45.938
G0 X43.48 Y47.164
G0 X43.25 Y47.644
G1 F1440 X43.25 Y48.274 E0.0131
G0 F7200 X44.092 Y46.434
G1 F1500 E-6.5
;MESH:NONMESH
G0 F600 X44.092 Y46.434 Z15.4
G0 F7200 X43.91 Y47.214
G0 X44.153 Y48.297
G0 X44.153 Y51.703
G0 X43.91 Y52.786
G0 X43.91 Y55.074
G0 X43.76 Y55.074
;TIME_ELAPSED:1307.017166
;LAYER:151
;TYPE:FILL
;MESH:head.stl
G1 F1500 E6.5
G1 F3600 X46.425 Y57.739 E0.06268
G1 X46.495 Y57.809
G0 F7200 X46.495 Y57.59
G0 X47.916 Y57.59
G0 X47.916 Y57.74
G1 F3600 X49.175 Y56.481 E0.02961
G1 X49.245 Y56.411
G0 F7200 X49.176 Y56.636
G0 X51.105 Y56.904
G0 X51.091 Y56.748
G1 F3600 X52.083 Y57.74 E0.02333
G1 X52.153 Y57.81
G0 F7200 X52.153 Y57.59
G0 X53.573 Y57.59
G0 X53.573 Y57.74
G1 F3600 X56.053 Y55.26 E0.05833
G0 F7200 X55.26 Y55.26
G1 F3600 X56.24 Y56.24 E0.02305
G1 X56.31 Y56.31
G0 F7200 X56.09 Y56.31
G0 X51 Y56.854
G0 X49.663 Y56.722
G0 X48.377 Y56.331
G0 X47.193 Y55.699
G0 X45.65 Y54.327
G0 X45.765 Y54.234
G1 F3600 X43.761 Y56.238 E0.04713
G1 X43.691 Y56.308
G0 F7200 X43.91 Y56.308
G0 X51 Y56.854
G0 X52.376 Y56.773
G0 X52.287 Y56.477
;TYPE:WALL-INNER
G1 F3600 X51 Y56.599 E0.0215
G1 X49.708 Y56.476 E0.02158
G1 X48.469 Y56.097 E0.02155
G1 X47.334 Y55.494 E0.02137
G1 X46.328 Y54.666 E0.02167
G1 X45.505 Y53.661 E0.0216
G1 X45.096 Y52.896 E0.01443
G1 X43.6 Y52.896 E0.02488
G1 X43.601 Y57.899 E0.0832
G1 X56.272 Y57.9 E0.21072
G1 X56.4 Y57.683 E0.00419
G1 X56.4 Y55.1 E0.04296
G1 X55.143 Y55.1 E0.0209
G1 X54.663 Y55.494 E0.01033
G1 X53.527 Y56.097 E0.02139
G1 X52.287 Y56.477 E0.02157
G0 F7200 X52.192 Y56.084
;TYPE:WALL-OUTER
G1 F1800 X50.981 Y56.196 E0.02022
G1 X49.805 Y56.084 E0.01965
G1 X48.641 Y55.732 E0.02022
G1 X47.54 Y55.147 E0.02073
G1 X46.628 Y54.395 E0.01966
G1 X45.831 Y53.423 E0.0209
G1 X45.336 Y52.496 E0.01748
G1 X43.5 Y52.496 E0.03053
G1 F1589.4 X43.251 Y52.339 E0.00554
G1 X43.2 Y52.796 E0.00866
G1 F1800 X43.201 Y58.299 E0.09152
G1 X56.354 Y58.3 E0.21874
G1 X56.635 Y58.12 E0.00555
G1 X56.8 Y57.734 E0.00698
G1 X56.8 Y54.7 E0.05046
G1 X55 Y54.7 E0.02993
G1 X54.422 Y55.169 E0.01238
G1 X53.355 Y55.732 E0.02006
G1 X52.192 Y56.084 E0.02021
G0 F7200 X51.993 Y56.102
G0 X52.061 Y56.81
G0 X49.742 Y56.328
G0 X48.531 Y55.96
G0 X47.627 Y55.478
G0 X43.48 Y52.777
G0 X43.251 Y52.339
G1 F1431.4 X43.25 Y51.702 E0.01332
G0 F7200 X44.092 Y53.507
G1 F1500 E-6.5
G0 F7200 X45.202 Y52.725
G0 X45.202 Y51.632
G0 X45.202 Y48.367
G0 X45.202 Y47.275
G0 X45.651 Y45.671
G0 X45.765 Y45.765
;TYPE:FILL
G1 F1500 E6.5
G1 F3600 X43.76 Y43.76 E0.04715
G1 X43.69 Y43.69
G0 F7200 X43.91 Y43.69
G0 X43.91 Y44.925
G0 X43.76 Y44.925
G1 F3600 X46.426 Y42.26 E0.06269
G1 X46.496 Y42.19
G0 F7200 X46.496 Y42.41
G0 X47.917 Y42.41
G0 X47.917 Y42.26
G1 F3600 X49.174 Y43.517 E0.02956
G1 X49.244 Y43.587
G0 F7200 X49.176 Y43.363
G0 X51.112 Y43.098
G0 X51.098 Y43.245
G1 F3600 X52.083 Y42.26 E0.02317
G1 X52.153 Y42.19
G0 F7200 X52.153 Y42.41
G0 X53.574 Y42.41
G0 X53.574 Y42.26
G1 F3600 X56.054 Y44.74 E0.05833
G0 F7200 X55.259 Y44.74
G1 F3600 X56.24 Y43.759 E0.02307
G1 X56.31 Y43.689
G0 F7200 X56.09 Y43.689
G0 X51 Y43.146
G0 X49.663 Y43.278
G0 X48.377 Y43.669
G0 X47.193 Y44.301
G0 X46.351 Y44.991
G0 X45.235 Y46.19
G0 X45.505 Y46.335
;TYPE:WALL-INNER
G1 F3600 X46.326 Y45.332 E0.02156
G1 X47.335 Y44.505 E0.0217
G1 X48.471 Y43.898 E0.02142
G1 X49.708 Y43.524 E0.02149
G1 X51 Y43.396 E0.02159
G1 X52.288 Y43.524 E0.02153
G1 X53.525 Y43.898 E0.02149
G1 X54.665 Y44.508 E0.0215
G1 X55.143 Y44.9 E0.01028
G1 X56.4 Y44.9 E0.0209
G1 X56.4 Y42.313 E0.04302
G1 X56.274 Y42.101 E0.0041
G1 X43.6 Y42.1 E0.21077
G1 X43.6 Y47.1 E0.08315
G1 X45.096 Y47.1 E0.02488
G1 X45.505 Y46.335 E0.01443
G0 F7200 X45.831 Y46.573
;TYPE:WALL-OUTER
G1 F1800 X46.629 Y45.601 E0.02091
G1 X47.573 Y44.831 E0.02026
G1 X48.605 Y44.279 E0.01946
G1 X49.804 Y43.916 E0.02083
G1 X51.02 Y43.8 E0.02031
G1 X52.192 Y43.916 E0.01959
G1 X53.391 Y44.279 E0.02083
G1 X54.423 Y44.831 E0.01946
G1 X55 Y45.3 E0.01237
G1 X56.8 Y45.3 E0.02993
G1 X56.8 Y42.262 E0.05052
G1 X56.635 Y41.879 E0.00694
G1 X56.356 Y41.701 E0.0055
G1 X43.2 Y41.7 E0.21879
G1 X43.2 Y47.2 E0.09147
G1 F1600 X43.25 Y47.7 E0.0094
G1 X43.5 Y47.5 E0.00599
G1 F1800 X45.336 Y47.5 E0.03053
G1 X45.831 Y46.573 E0.01748
G0 F7200 X45.957 Y46.419
G0 X45.408 Y45.968
G0 X43.48 Y47.222
G0 X43.25 Y47.7
G1 F1440 X43.25 Y48.294 E0.01235
G0 F7200 X44.092 Y46.492
G1 F1500 E-6.5
;MESH:NONMESH
G0 F600 X44.092 Y46.492 Z15.5
G0 F7200 X43.91 Y47.272
G0 X44.153 Y48.355
G0 X44.153 Y51.644
G0 X43.905 Y52.727
G0 X43.91 Y55.074
G0 X43.761 Y55.074
;TIME_ELAPSED:1314.011826
;LAYER:152
;TYPE:FILL
;MESH:head.stl
G1 F1500 E6.5
G1 F3600 X46.425 Y57.739 E0.06266
G1 X46.495 Y57.809
G0 F7200 X46.495 Y57.59
G0 X47.916 Y57.59
G0 X47.916 Y57.74
G1 F3600 X49.175 Y56.481 E0.02961
G1 X49.245 Y56.411
G0 F7200 X49.176 Y56.636
G0 X51.105 Y56.904
G0 X51.091 Y56.748
G1 F3600 X52.083 Y57.74 E0.02333
G1 X52.153 Y57.81
G0 F7200 X52.153 Y57.59
G0 X53.573 Y57.59
G0 X53.573 Y57.74
G1 F3600 X56.053 Y55.26 E0.05833
G0 F7200 X55.26 Y55.26
G1 F3600 X56.24 Y56.24 E0.02305
G1 X56.31 Y56.31
G0 F7200 X56.09 Y56.31
G0 X51 Y56.854
G0 X49.663 Y56.722
G0 X48.377 Y56.331
G0 X47.193 Y55.699
G0 X45.65 Y54.327
G0 X45.765 Y54.234
G1 F3600 X43.761 Y56.238 E0.04713
G1 X43.691 Y56.308
G0 F7200 X43.91 Y56.308
G0 X51 Y56.854
G0 X52.376 Y56.773
G0 X52.287 Y56.477
;TYPE:WALL-INNER
G1 F3600 X51 Y56.599 E0.0215
G1 X49.708 Y56.476 E0.02158
G1 X48.469 Y56.097 E0.02155
G1 X47.334 Y55.494 E0.02137
G1 X46.328 Y54.666 E0.02167
G1 X45.507 Y53.663 E0.02156
G1 X45.064 Y52.84 E0.01554
G1 X43.601 Y52.838 E0.02433
G1 X43.601 Y57.899 E0.08416
G1 X56.272 Y57.9 E0.21072
G1 X56.4 Y57.683 E0.00419
G1 X56.4 Y55.1 E0.04296
G1 X55.143 Y55.1 E0.0209
G1 X54.663 Y55.494 E0.01033
G1 X53.527 Y56.097 E0.02139
G1 X52.287 Y56.477 E0.02157
G0 F7200 X52.192 Y56.084
;TYPE:WALL-OUTER
G1 F1800 X50.981 Y56.196 E0.02022
G1 X49.805 Y56.084 E0.01965
G1 X48.641 Y55.732 E0.02022
G1 X47.54 Y55.147 E0.02073
G1 X46.628 Y54.395 E0.01966
G1 X45.831 Y53.423 E0.0209
G1 X45.304 Y52.44 E0.01855
G1 X43.499 Y52.437 E0.03002
G1 F1589.4 X43.251 Y52.279 E0.00554
G1 X43.201 Y52.735 E0.00864
G1 F1800 X43.201 Y58.299 E0.09253
G1 X56.354 Y58.3 E0.21874
G1 X56.635 Y58.12 E0.00555
G1 X56.8 Y57.734 E0.00698
G1 X56.8 Y54.7 E0.05046
G1 X55 Y54.7 E0.02993
G1 X54.422 Y55.169 E0.01238
G1 X53.355 Y55.732 E0.02006
G1 X52.192 Y56.084 E0.02021
G0 F7200 X51.993 Y56.102
G0 X52.061 Y56.81
G0 X49.742 Y56.328
G0 X48.531 Y55.96
G0 X47.627 Y55.478
G0 X43.48 Y52.719
G0 X43.251 Y52.279
G1 F1431.4 X43.25 Y51.67 E0.01274
G0 F7200 X44.092 Y53.449
G1 F1500 E-6.5
G0 F7200 X45.171 Y52.667
G0 X45.171 Y51.574
G0 X45.171 Y48.425
G0 X45.171 Y47.333
G0 X45.651 Y45.671
G0 X45.765 Y45.765
;TYPE:FILL
G1 F1500 E6.5
G1 F3600 X43.76 Y43.76 E0.04715
G1 X43.69 Y43.69
G0 F7200 X43.91 Y43.69
G0 X43.91 Y44.925
G0 X43.76 Y44.925
G1 F3600 X46.426 Y42.26 E0.06269
G1 X46.496 Y42.19
G0 F7200 X46.496 Y42.41
G0 X47.917 Y42.41
G0 X47.917 Y42.26
G1 F3600 X49.174 Y43.517 E0.02956
G1 X49.244 Y43.587
G0 F7200 X49.176 Y43.363
G0 X51.112 Y43.098
G0 X51.098 Y43.245
G1 F3600 X52.083 Y42.26 E0.02317
G1 X52.153 Y42.19
G0 F7200 X52.153 Y42.41
G0 X53.574 Y42.41
G0 X53.574 Y42.26
G1 F3600 X56.054 Y44.74 E0.05833
G0 F7200 X55.259 Y44.74
G1 F3600 X56.24 Y43.759 E0.02307
G1 X56.31 Y43.689
G0 F7200 X56.09 Y43.689
G0 X51 Y43.146
G0 X49.663 Y43.278
G0 X48.377 Y43.669
G0 X47.193 Y44.301
G0 X46.351 Y44.991
G0 X45.235 Y46.19
G0 X45.505 Y46.335
;TYPE:WALL-INNER
G1 F3600 X46.326 Y45.332 E0.02156
G1 X47.335 Y44.505 E0.0217
G1 X48.471 Y43.898 E0.02142
G1 X49.708 Y43.524 E0.02149
G1 X51 Y43.396 E0.02159
G1 X52.288 Y43.524 E0.02153
G1 X53.525 Y43.898 E0.02149
G1 X54.665 Y44.508 E0.0215
G1 X55.143 Y44.9 E0.01028
G1 X56.4 Y44.9 E0.0209
G1 X56.4 Y42.313 E0.04302
G1 X56.274 Y42.101 E0.0041
G1 X43.6 Y42.1 E0.21077
G1 X43.6 Y47.16 E0.08415
G1 X45.064 Y47.16 E0.02435
G1 X45.505 Y46.335 E0.01556
G0 F7200 X45.831 Y46.573
;TYPE:WALL-OUTER
G1 F1800 X46.629 Y45.601 E0.02091
G1 X47.573 Y44.831 E0.02026
G1 X48.605 Y44.279 E0.01946
G1 X49.804 Y43.916 E0.02083
G1 X51.02 Y43.8 E0.02031
G1 X52.192 Y43.916 E0.01959
G1 X53.391 Y44.279 E0.02083
G1 X54.423 Y44.831 E0.01946
G1 X55 Y45.3 E0.01237
G1 X56.8 Y45.3 E0.02993
G1 X56.8 Y42.262 E0.05052
G1 X56.635 Y41.879 E0.00694
G1 X56.356 Y41.701 E0.0055
G1 X43.2 Y41.7 E0.21879
G1 X43.2 Y47.26 E0.09246
G1 F1600 X43.25 Y47.76 E0.0094
G1 X43.5 Y47.56 E0.00599
G1 F1800 X45.304 Y47.56 E0.03
G1 X45.831 Y46.573 E0.01861
G0 F7200 X45.957 Y46.419
G0 X45.408 Y45.968
G0 X43.48 Y47.28
G0 X43.25 Y47.76
G1 F1440 X43.25 Y48.326 E0.01177
G0 F7200 X44.092 Y46.55
G1 F1500 E-6.5
;MESH:NONMESH
G0 F600 X44.092 Y46.55 Z15.6
G0 F7200 X43.91 Y47.33
G0 X44.153 Y48.413
G0 X44.153 Y51.586
G0 X43.905 Y52.669
G0 X43.91 Y55.074
G0 X43.76 Y55.074
;TIME_ELAPSED:1321.012430
;LAYER:153
;TYPE:FILL
;MESH:head.stl
G1 F1500 E6.5
G1 F3600 X46.425 Y57.739 E0.06268
G1 X46.495 Y57.809
G0 F7200 X46.495 Y57.59
G0 X47.916 Y57.59
G0 X47.916 Y57.74
G1 F3600 X49.175 Y56.481 E0.02961
G1 X49.245 Y56.411
G0 F7200 X49.176 Y56.636
G0 X51.105 Y56.904
G0 X51.091 Y56.748
G1 F3600 X52.083 Y57.74 E0.02333
G1 X52.153 Y57.81
G0 F7200 X52.153 Y57.59
G0 X53.573 Y57.59
G0 X53.573 Y57.74
G1 F3600 X56.053 Y55.26 E0.05833
G0 F7200 X55.26 Y55.26
G1 F3600 X56.24 Y56.24 E0.02305
G1 X56.31 Y56.31
G0 F7200 X56.09 Y56.31
G0 X51 Y56.854
G0 X49.663 Y56.722
G0 X48.377 Y56.331
G0 X47.193 Y55.699
G0 X45.65 Y54.327
G0 X45.765 Y54.234
G1 F3600 X43.761 Y56.238 E0.04713
G1 X43.691 Y56.308
G0 F7200 X43.91 Y56.308
G0 X51 Y56.854
G0 X52.376 Y56.773
G0 X52.287 Y56.477
;TYPE:WALL-INNER
G1 F3600 X51 Y56.599 E0.0215
G1 X49.708 Y56.476 E0.02158
G1 X48.469 Y56.097 E0.02155
G1 X47.334 Y55.494 E0.02137
G1 X46.328 Y54.666 E0.02167
G1 X45.505 Y53.661 E0.0216
G1 X45.034 Y52.78 E0.01661
G1 X43.6 Y52.78 E0.02385
G1 X43.601 Y57.899 E0.08513
G1 X56.272 Y57.9 E0.21072
G1 X56.4 Y57.683 E0.00419
G1 X56.4 Y55.1 E0.04296
G1 X55.143 Y55.1 E0.0209
G1 X54.663 Y55.494 E0.01033
G1 X53.527 Y56.097 E0.02139
G1 X52.287 Y56.477 E0.02157
G0 F7200 X52.192 Y56.084
;TYPE:WALL-OUTER
G1 F1800 X50.981 Y56.196 E0.02022
G1 X49.805 Y56.084 E0.01965
G1 X48.641 Y55.732 E0.02022
G1 X47.54 Y55.147 E0.02073
G1 X46.628 Y54.395 E0.01966
G1 X45.831 Y53.423 E0.0209
G1 X45.275 Y52.381 E0.01964
G1 X43.5 Y52.38 E0.02952
G1 F1589.4 X43.251 Y52.223 E0.00554
G1 X43.2 Y52.68 E0.00866
G1 F1800 X43.201 Y58.299 E0.09344
G1 X56.354 Y58.3 E0.21874
G1 X56.635 Y58.12 E0.00555
G1 X56.8 Y57.734 E0.00698
G1 X56.8 Y54.7 E0.05046
G1 X55 Y54.7 E0.02993
G1 X54.422 Y55.169 E0.01238
G1 X53.355 Y55.732 E0.02006
G1 X52.192 Y56.084 E0.02021
G0 F7200 X51.993 Y56.102
G0 X52.061 Y56.81
G0 X49.742 Y56.328
G0 X48.531 Y55.96
G0 X47.627 Y55.478
G0 X43.48 Y52.662
G0 X43.251 Y52.223
G1 F1431.4 X43.25 Y51.642 E0.01215
G0 F7200 X44.092 Y53.392
G1 F1500 E-6.5
G0 F7200 X45.141 Y52.61
G0 X45.141 Y51.517
G0 X45.141 Y48.482
G0 X45.141 Y47.39
G0 X45.651 Y45.671
G0 X45.765 Y45.765
;TYPE:FILL
G1 F1500 E6.5
G1 F3600 X43.76 Y43.76 E0.04715
G1 X43.69 Y43.69
G0 F7200 X43.91 Y43.69
G0 X43.91 Y44.925
G0 X43.76 Y44.925
G1 F3600 X46.426 Y42.26 E0.06269
G1 X46.496 Y42.19
G0 F7200 X46.496 Y42.41
G0 X47.917 Y42.41
G0 X47.917 Y42.26
G1 F3600 X49.174 Y43.517 E0.02956
G1 X49.244 Y43.587
G0 F7200 X49.176 Y43.363
G0 X51.112 Y43.098
G0 X51.098 Y43.245
G1 F3600 X52.083 Y42.26 E0.02317
G1 X52.153 Y42.19
G0 F7200 X52.153 Y42.41
G0 X53.574 Y42.41
G0 X53.574 Y42.26
G1 F3600 X56.054 Y44.74 E0.05833
G0 F7200 X55.259 Y44.74
G1 F3600 X56.24 Y43.759 E0.02307
G1 X56.31 Y43.689
G0 F7200 X56.09 Y43.689
G0 X51 Y43.146
G0 X49.663 Y43.278
G0 X48.377 Y43.669
G0 X47.193 Y44.301
G0 X46.351 Y44.991
G0 X45.236 Y46.188
G0 X45.506 Y46.333
;TYPE:WALL-INNER
G1 F3600 X46.326 Y45.332 E0.02152
G1 X47.335 Y44.505 E0.0217
G1 X48.471 Y43.898 E0.02142
G1 X49.708 Y43.524 E0.02149
G1 X51 Y43.396 E0.02159
G1 X52.288 Y43.524 E0.02153
G1 X53.525 Y43.898 E0.02149
G1 X54.665 Y44.508 E0.0215
G1 X55.143 Y44.9 E0.01028
G1 X56.4 Y44.9 E0.0209
G1 X56.4 Y42.313 E0.04302
G1 X56.274 Y42.101 E0.0041
G1 X43.6 Y42.1 E0.21077
G1 X43.6 Y47.216 E0.08508
G1 X45.035 Y47.216 E0.02386
G1 X45.506 Y46.333 E0.01664
G0 F7200 X45.853 Y46.541
;TYPE:WALL-OUTER
G1 F1800 X46.629 Y45.601 E0.02027
G1 X47.573 Y44.831 E0.02026
G1 X48.605 Y44.279 E0.01946
G1 X49.804 Y43.916 E0.02083
G1 X51.02 Y43.8 E0.02031
G1 X52.192 Y43.916 E0.01959
G1 X53.391 Y44.279 E0.02083
G1 X54.423 Y44.831 E0.01946
G1 X55 Y45.3 E0.01237
G1 X56.8 Y45.3 E0.02993
G1 X56.8 Y42.262 E0.05052
G1 X56.635 Y41.879 E0.00694
G1 X56.356 Y41.701 E0.0055
G1 X43.2 Y41.7 E0.21879
G1 X43.2 Y47.316 E0.09339
G1 F1600 X43.25 Y47.816 E0.0094
G1 X43.5 Y47.616 E0.00599
G1 F1800 X45.276 Y47.617 E0.02954
G1 X45.853 Y46.541 E0.0203
G0 F7200 X45.98 Y46.387
G0 X45.433 Y45.938
G0 X43.48 Y47.337
G0 X43.25 Y47.816
G1 F1440 X43.25 Y48.354 E0.01118
G0 F7200 X44.092 Y46.607
G1 F1500 E-6.5
;MESH:NONMESH
G0 F600 X44.092 Y46.607 Z15.7
G0 F7200 X43.91 Y47.387
G0 X44.153 Y48.47
G0 X44.153 Y51.529
G0 X43.906 Y52.612
G0 X43.91 Y55.074
G0 X43.76 Y55.074
;TIME_ELAPSED:1328.018532
;LAYER:154
;TYPE:FILL
;MESH:head.stl
G1 F1500 E6.5
G1 F3600 X46.425 Y57.739 E0.06268
G1 X46.495 Y57.809
G0 F7200 X46.495 Y57.59
G0 X47.916 Y57.59
G0 X47.916 Y57.74
G1 F3600 X49.175 Y56.481 E0.02961
G1 X49.245 Y56.411
G0 F7200 X49.176 Y56.636
G0 X51.105 Y56.904
G0 X51.091 Y56.748
G1 F3600 X52.083 Y57.74 E0.02333
G1 X52.153 Y57.81
G0 F7200 X52.153 Y57.59
G0 X53.573 Y57.59
G0 X53.573 Y57.74
G1 F3600 X56.053 Y55.26 E0.05833
G0 F7200 X55.26 Y55.26
G1 F3600 X56.24 Y56.24 E0.02305
G1 X56.31 Y56.31
G0 F7200 X56.09 Y56.31
G0 X51 Y56.854
G0 X49.663 Y56.722
G0 X48.377 Y56.331
G0 X47.193 Y55.699
G0 X45.65 Y54.327
G0 X45.765 Y54.234
G1 F3600 X43.761 Y56.238 E0.04713
G1 X43.691 Y56.308
G0 F7200 X43.91 Y56.308
G0 X51 Y56.854
G0 X52.376 Y56.773
G0 X52.287 Y56.477
;TYPE:WALL-INNER
G1 F3600 X51 Y56.599 E0.0215
G1 X49.708 Y56.476 E0.02158
G1 X48.469 Y56.097 E0.02155
G1 X47.334 Y55.494 E0.02137
G1 X46.328 Y54.666 E0.02167
G1 X45.505 Y53.661 E0.0216
G1 X45.004 Y52.724 E0.01767
G1 X43.6 Y52.724 E0.02335
G1 X43.601 Y57.899 E0.08606
G1 X56.272 Y57.9 E0.21072
G1 X56.4 Y57.683 E0.00419
G1 X56.4 Y55.1 E0.04296
G1 X55.143 Y55.1 E0.0209
G1 X54.663 Y55.494 E0.01033
G1 X53.527 Y56.097 E0.02139
G1 X52.287 Y56.477 E0.02157
G0 F7200 X52.192 Y56.084
;TYPE:WALL-OUTER
G1 F1800 X50.981 Y56.196 E0.02022
G1 X49.805 Y56.084 E0.01965
G1 X48.641 Y55.732 E0.02022
G1 X47.54 Y55.147 E0.02073
G1 X46.628 Y54.395 E0.01966
G1 X45.831 Y53.423 E0.0209
G1 X45.243 Y52.324 E0.02073
G1 X43.5 Y52.324 E0.02899
G1 F1589.4 X43.251 Y52.167 E0.00554
G1 X43.2 Y52.624 E0.00866
G1 F1800 X43.201 Y58.299 E0.09438
G1 X56.354 Y58.3 E0.21874
G1 X56.635 Y58.12 E0.00555
G1 X56.8 Y57.734 E0.00698
G1 X56.8 Y54.7 E0.05046
G1 X55 Y54.7 E0.02993
G1 X54.422 Y55.169 E0.01238
G1 X53.355 Y55.732 E0.02006
G1 X52.192 Y56.084 E0.02021
G0 F7200 X51.993 Y56.102
G0 X52.061 Y56.81
G0 X49.742 Y56.328
G0 X48.531 Y55.96
G0 X47.627 Y55.478
G0 X43.48 Y52.604
G0 X43.251 Y52.167
G1 F1431.4 X43.25 Y51.594 E0.01198
G0 F7200 X44.092 Y53.334
G1 F1500 E-6.5
G0 F7200 X45.109 Y52.552
G0 X45.109 Y51.459
G0 X45.109 Y48.54
G0 X45.109 Y47.448
G0 X45.651 Y45.671
G0 X45.765 Y45.765
;TYPE:FILL
G1 F1500 E6.5
G1 F3600 X43.76 Y43.76 E0.04715
G1 X43.69 Y43.69
G0 F7200 X43.91 Y43.69
G0 X43.91 Y44.925
G0 X43.76 Y44.925
G1 F3600 X46.426 Y42.26 E0.06269
G1 X46.496 Y42.19
G0 F7200 X46.496 Y42.41
G0 X47.917 Y42.41
G0 X47.917 Y42.26
G1 F3600 X49.174 Y43.517 E0.02956
G1 X49.244 Y43.587
G0 F7200 X49.176 Y43.363
G0 X51.112 Y43.098
G0 X51.098 Y43.245
G1 F3600 X52.083 Y42.26 E0.02317
G1 X52.153 Y42.19
G0 F7200 X52.153 Y42.41
G0 X53.574 Y42.41
G0 X53.574 Y42.26
G1 F3600 X56.054 Y44.74 E0.05833
G0 F7200 X55.259 Y44.74
G1 F3600 X56.24 Y43.759 E0.02307
G1 X56.31 Y43.689
G0 F7200 X56.09 Y43.689
G0 X51 Y43.146
G0 X49.663 Y43.278
G0 X48.377 Y43.669
G0 X47.193 Y44.301
G0 X46.351 Y44.991
G0 X45.235 Y46.19
G0 X45.505 Y46.335
;TYPE:WALL-INNER
G1 F3600 X46.326 Y45.332 E0.02156
G1 X47.335 Y44.505 E0.0217
G1 X48.471 Y43.898 E0.02142
G1 X49.708 Y43.524 E0.02149
G1 X51 Y43.396 E0.02159
G1 X52.288 Y43.524 E0.02153
G1 X53.525 Y43.898 E0.02149
G1 X54.665 Y44.508 E0.0215
G1 X55.143 Y44.9 E0.01028
G1 X56.4 Y44.9 E0.0209
G1 X56.4 Y42.313 E0.04302
G1 X56.274 Y42.101 E0.0041
G1 X43.6 Y42.1 E0.21077
G1 X43.6 Y47.272 E0.08601
G1 X45.004 Y47.272 E0.02335
G1 X45.505 Y46.335 E0.01767
G0 F7200 X45.831 Y46.573
;TYPE:WALL-OUTER
G1 F1800 X46.629 Y45.601 E0.02091
G1 X47.573 Y44.831 E0.02026
G1 X48.605 Y44.279 E0.01946
G1 X49.804 Y43.916 E0.02083
G1 X51.02 Y43.8 E0.02031
G1 X52.192 Y43.916 E0.01959
G1 X53.391 Y44.279 E0.02083
G1 X54.423 Y44.831 E0.01946
G1 X55 Y45.3 E0.01237
G1 X56.8 Y45.3 E0.02993
G1 X56.8 Y42.262 E0.05052
G1 X56.635 Y41.879 E0.00694
G1 X56.356 Y41.701 E0.0055
G1 X43.2 Y41.7 E0.21879
G1 X43.2 Y47.372 E0.09433
G1 F1600 X43.25 Y47.872 E0.0094
G1 X43.5 Y47.672 E0.00599
G1 F1800 X45.243 Y47.672 E0.02899
G1 X45.831 Y46.573 E0.02073
G0 F7200 X45.957 Y46.419
G0 X45.408 Y45.968
G0 X43.48 Y47.395
G0 X43.25 Y47.872
G1 F1440 X43.25 Y48.402 E0.01102
G0 F7200 X44.092 Y46.665
G1 F1500 E-6.5
;MESH:NONMESH
G0 F600 X44.092 Y46.665 Z15.8
G0 F7200 X43.91 Y47.445
G0 X44.153 Y48.528
G0 X44.153 Y51.471
G0 X43.906 Y52.554
G0 X43.91 Y55.074
G0 X43.76 Y55.074
;TIME_ELAPSED:1335.031658
;LAYER:155
;TYPE:FILL
;MESH:head.stl
G1 F1500 E6.5
G1 F3600 X46.425 Y57.739 E0.06268
G1 X46.495 Y57.809
G0 F7200 X46.495 Y57.59
G0 X47.916 Y57.59
G0 X47.916 Y57.74
G1 F3600 X49.175 Y56.481 E0.02961
G1 X49.245 Y56.411
G0 F7200 X49.176 Y56.636
G0 X51.105 Y56.904
G0 X51.091 Y56.748
G1 F3600 X52.083 Y57.74 E0.02333
G1 X52.153 Y57.81
G0 F7200 X52.153 Y57.59
G0 X53.573 Y57.59
G0 X53.573 Y57.74
G1 F3600 X56.053 Y55.26 E0.05833
G0 F7200 X55.26 Y55.26
G1 F3600 X56.24 Y56.24 E0.02305
G1 X56.31 Y56.31
G0 F7200 X56.09 Y56.31
G0 X51 Y56.854
G0 X49.663 Y56.722
G0 X48.377 Y56.331
G0 X47.193 Y55.699
G0 X45.65 Y54.327
G0 X45.765 Y54.234
G1 F3600 X43.761 Y56.238 E0.04713
G1 X43.691 Y56.308
G0 F7200 X43.91 Y56.308
G0 X51 Y56.854
G0 X52.376 Y56.773
G0 X52.287 Y56.477
;TYPE:WALL-INNER
G1 F3600 X51 Y56.599 E0.0215
G1 X49.708 Y56.476 E0.02158
G1 X48.469 Y56.097 E0.02155
G1 X47.334 Y55.494 E0.02137
G1 X46.328 Y54.666 E0.02167
G1 X45.505 Y53.661 E0.0216
G1 X44.972 Y52.664 E0.0188
G1 X43.6 Y52.664 E0.02282
G1 X43.601 Y57.899 E0.08706
G1 X56.272 Y57.9 E0.21072
G1 X56.4 Y57.683 E0.00419
G1 X56.4 Y55.1 E0.04296
G1 X55.143 Y55.1 E0.0209
G1 X54.663 Y55.494 E0.01033
G1 X53.527 Y56.097 E0.02139
G1 X52.287 Y56.477 E0.02157
G0 F7200 X52.192 Y56.084
;TYPE:WALL-OUTER
G1 F1800 X50.981 Y56.196 E0.02022
G1 X49.805 Y56.084 E0.01965
G1 X48.641 Y55.732 E0.02022
G1 X47.54 Y55.147 E0.02073
G1 X46.628 Y54.395 E0.01966
G1 X45.831 Y53.423 E0.0209
G1 X45.279 Y52.391 E0.01946
G1 X45.238 Y52.264 E0.00222
G1 X43.5 Y52.264 E0.0289
G1 F1589.4 X43.251 Y52.107 E0.00554
G1 X43.2 Y52.564 E0.00866
G1 F1800 X43.201 Y58.299 E0.09537
G1 X56.354 Y58.3 E0.21874
G1 X56.635 Y58.12 E0.00555
G1 X56.8 Y57.734 E0.00698
G1 X56.8 Y54.7 E0.05046
G1 X55 Y54.7 E0.02993
G1 X54.422 Y55.169 E0.01238
G1 X53.355 Y55.732 E0.02006
G1 X52.192 Y56.084 E0.02021
G0 F7200 X51.993 Y56.102
G0 X52.061 Y56.81
G0 X49.742 Y56.328
G0 X48.531 Y55.96
G0 X47.627 Y55.478
G0 X43.48 Y52.546
G0 X43.251 Y52.107
G1 F1431.4 X43.25 Y51.54 E0.01186
G0 F7200 X44.092 Y53.276
G1 F1500 E-6.5
G0 F7200 X45.079 Y52.494
G0 X45.079 Y51.401
G0 X45.079 Y48.598
G0 X45.079 Y47.506
G0 X45.651 Y45.671
G0 X45.765 Y45.765
;TYPE:FILL
G1 F1500 E6.5
G1 F3600 X43.76 Y43.76 E0.04715
G1 X43.69 Y43.69
G0 F7200 X43.91 Y43.69
G0 X43.91 Y44.925
G0 X43.76 Y44.925
G1 F3600 X46.426 Y42.26 E0.06269
G1 X46.496 Y42.19
G0 F7200 X46.496 Y42.41
G0 X47.917 Y42.41
G0 X47.917 Y42.26
G1 F3600 X49.174 Y43.517 E0.02956
G1 X49.244 Y43.587
G0 F7200 X49.176 Y43.363
G0 X51.112 Y43.098
G0 X51.098 Y43.245
G1 F3600 X52.083 Y42.26 E0.02317
G1 X52.153 Y42.19
G0 F7200 X52.153 Y42.41
G0 X53.574 Y42.41
G0 X53.574 Y42.26
G1 F3600 X56.054 Y44.74 E0.05833
G0 F7200 X55.259 Y44.74
G1 F3600 X56.24 Y43.759 E0.02307
G1 X56.31 Y43.689
G0 F7200 X56.09 Y43.689
G0 X51 Y43.146
G0 X49.663 Y43.278
G0 X48.377 Y43.669
G0 X47.193 Y44.301
G0 X46.351 Y44.991
G0 X45.235 Y46.19
G0 X45.505 Y46.335
;TYPE:WALL-INNER
G1 F3600 X46.326 Y45.332 E0.02156
G1 X47.335 Y44.505 E0.0217
G1 X48.471 Y43.898 E0.02142
G1 X49.708 Y43.524 E0.02149
G1 X51 Y43.396 E0.02159
G1 X52.288 Y43.524 E0.02153
G1 X53.525 Y43.898 E0.02149
G1 X54.665 Y44.508 E0.0215
G1 X55.143 Y44.9 E0.01028
G1 X56.4 Y44.9 E0.0209
G1 X56.4 Y42.313 E0.04302
G1 X56.274 Y42.101 E0.0041
G1 X43.6 Y42.1 E0.21077
G1 X43.6 Y47.332 E0.08701
G1 X44.972 Y47.332 E0.02282
G1 X45.505 Y46.335 E0.0188
G0 F7200 X45.831 Y46.573
;TYPE:WALL-OUTER
G1 F1800 X46.629 Y45.601 E0.02091
G1 X47.573 Y44.831 E0.02026
G1 X48.605 Y44.279 E0.01946
G1 X49.804 Y43.916 E0.02083
G1 X51.02 Y43.8 E0.02031
G1 X52.192 Y43.916 E0.01959
G1 X53.391 Y44.279 E0.02083
G1 X54.423 Y44.831 E0.01946
G1 X55 Y45.3 E0.01237
G1 X56.8 Y45.3 E0.02993
G1 X56.8 Y42.262 E0.05052
G1 X56.635 Y41.879 E0.00694
G1 X56.356 Y41.701 E0.0055
G1 X43.2 Y41.7 E0.21879
G1 X43.2 Y47.432 E0.09532
G1 F1600 X43.25 Y47.932 E0.0094
G1 X43.5 Y47.732 E0.00599
G1 F1800 X45.238 Y47.732 E0.0289
G1 X45.279 Y47.605 E0.00222
G1 X45.831 Y46.573 E0.01946
G0 F7200 X45.957 Y46.419
G0 X45.408 Y45.968
G0 X43.48 Y47.453
G0 X43.25 Y47.932
G1 F1440 X43.25 Y48.458 E0.01093
G0 F7200 X44.092 Y46.723
G1 F1500 E-6.5
;MESH:NONMESH
G0 F600 X44.092 Y46.723 Z15.9
G0 F7200 X43.91 Y47.503
G0 X44.153 Y48.586
G0 X44.153 Y51.413
G0 X43.906 Y52.496
G0 X43.91 Y55.074
G0 X43.76 Y55.074
;TIME_ELAPSED:1342.055273
;LAYER:156
;TYPE:FILL
;MESH:head.stl
G1 F1500 E6.5
G1 F3600 X46.425 Y57.739 E0.06268
G1 X46.495 Y57.809
G0 F7200 X46.495 Y57.59
G0 X47.916 Y57.59
G0 X47.916 Y57.74
G1 F3600 X49.175 Y56.481 E0.02961
G1 X49.245 Y56.411
G0 F7200 X49.176 Y56.636
G0 X51.105 Y56.904
G0 X51.091 Y56.748
G1 F3600 X52.083 Y57.74 E0.02333
G1 X52.153 Y57.81
G0 F7200 X52.153 Y57.59
G0 X53.573 Y57.59
G0 X53.573 Y57.74
G1 F3600 X56.053 Y55.26 E0.05833
G0 F7200 X55.26 Y55.26
G1 F3600 X56.24 Y56.24 E0.02305
G1 X56.31 Y56.31
G0 F7200 X56.09 Y56.31
G0 X51 Y56.854
G0 X49.663 Y56.722
G0 X48.377 Y56.331
G0 X47.193 Y55.699
G0 X45.65 Y54.327
G0 X45.765 Y54.234
G1 F3600 X43.761 Y56.238 E0.04713
G1 X43.691 Y56.308
G0 F7200 X43.91 Y56.308
G0 X51 Y56.854
G0 X52.376 Y56.773
G0 X52.287 Y56.477
;TYPE:WALL-INNER
G1 F3600 X51 Y56.599 E0.0215
G1 X49.708 Y56.476 E0.02158
G1 X48.469 Y56.097 E0.02155
G1 X47.334 Y55.494 E0.02137
G1 X46.328 Y54.666 E0.02167
G1 X45.505 Y53.661 E0.0216
G1 X44.942 Y52.608 E0.01986
G1 X43.6 Y52.608 E0.02232
G1 X43.601 Y57.899 E0.08799
G1 X56.272 Y57.9 E0.21072
G1 X56.4 Y57.683 E0.00419
G1 X56.4 Y55.1 E0.04296
G1 X55.143 Y55.1 E0.0209
G1 X54.663 Y55.494 E0.01033
G1 X53.527 Y56.097 E0.02139
G1 X52.287 Y56.477 E0.02157
G0 F7200 X52.192 Y56.084
;TYPE:WALL-OUTER
G1 F1800 X50.981 Y56.196 E0.02022
G1 X49.805 Y56.084 E0.01965
G1 X48.641 Y55.732 E0.02022
G1 X47.54 Y55.147 E0.02073
G1 X46.628 Y54.395 E0.01966
G1 X45.831 Y53.423 E0.0209
G1 X45.264 Y52.355 E0.02011
G1 X45.22 Y52.208 E0.00255
G1 X43.5 Y52.208 E0.0286
G1 F1589.4 X43.251 Y52.051 E0.00554
G1 X43.2 Y52.508 E0.00866
G1 F1800 X43.201 Y58.299 E0.0963
G1 X56.354 Y58.3 E0.21874
G1 X56.635 Y58.12 E0.00555
G1 X56.8 Y57.734 E0.00698
G1 X56.8 Y54.7 E0.05046
G1 X55 Y54.7 E0.02993
G1 X54.422 Y55.169 E0.01238
G1 X53.355 Y55.732 E0.02006
G1 X52.192 Y56.084 E0.02021
G0 F7200 X51.993 Y56.102
G0 X52.061 Y56.81
G0 X49.742 Y56.328
G0 X48.531 Y55.96
G0 X47.627 Y55.478
G0 X43.48 Y52.488
G0 X43.251 Y52.051
G1 F1431.4 X43.25 Y51.482 E0.0119
G0 F7200 X44.092 Y53.218
G1 F1500 E-6.5
G0 F7200 X45.054 Y52.435
G0 X45.054 Y51.343
G0 X45.058 Y48.656
G0 X45.058 Y47.539
G0 X45.651 Y45.671
G0 X45.765 Y45.765
;TYPE:FILL
G1 F1500 E6.5
G1 F3600 X43.76 Y43.76 E0.04715
G1 X43.69 Y43.69
G0 F7200 X43.91 Y43.69
G0 X43.91 Y44.925
G0 X43.76 Y44.925
G1 F3600 X46.426 Y42.26 E0.06269
G1 X46.496 Y42.19
G0 F7200 X46.496 Y42.41
G0 X47.917 Y42.41
G0 X47.917 Y42.26
G1 F3600 X49.174 Y43.517 E0.02956
G1 X49.244 Y43.587
G0 F7200 X49.176 Y43.363
G0 X51.112 Y43.098
G0 X51.098 Y43.245
G1 F3600 X52.083 Y42.26 E0.02317
G1 X52.153 Y42.19
G0 F7200 X52.153 Y42.41
G0 X53.574 Y42.41
G0 X53.574 Y42.26
G1 F3600 X56.054 Y44.74 E0.05833
G0 F7200 X55.259 Y44.74
G1 F3600 X56.24 Y43.759 E0.02307
G1 X56.31 Y43.689
G0 F7200 X56.09 Y43.689
G0 X51 Y43.146
G0 X49.663 Y43.278
G0 X48.377 Y43.669
G0 X47.193 Y44.301
G0 X46.351 Y44.991
G0 X45.235 Y46.19
G0 X45.505 Y46.335
;TYPE:WALL-INNER
G1 F3600 X46.326 Y45.332 E0.02156
G1 X47.335 Y44.505 E0.0217
G1 X48.471 Y43.898 E0.02142
G1 X49.708 Y43.524 E0.02149
G1 X51 Y43.396 E0.02159
G1 X52.288 Y43.524 E0.02153
G1 X53.525 Y43.898 E0.02149
G1 X54.665 Y44.508 E0.0215
G1 X55.143 Y44.9 E0.01028
G1 X56.4 Y44.9 E0.0209
G1 X56.4 Y42.313 E0.04302
G1 X56.274 Y42.101 E0.0041
G1 X43.6 Y42.1 E0.21077
G1 X43.6 Y47.388 E0.08794
G1 X44.942 Y47.388 E0.02232
G1 X45.505 Y46.335 E0.01986
G0 F7200 X45.831 Y46.573
;TYPE:WALL-OUTER
G1 F1800 X46.629 Y45.601 E0.02091
G1 X47.573 Y44.831 E0.02026
G1 X48.605 Y44.279 E0.01946
G1 X49.804 Y43.916 E0.02083
G1 X51.02 Y43.8 E0.02031
G1 X52.192 Y43.916 E0.01959
G1 X53.391 Y44.279 E0.02083
G1 X54.423 Y44.831 E0.01946
G1 X55 Y45.3 E0.01237
G1 X56.8 Y45.3 E0.02993
G1 X56.8 Y42.262 E0.05052
G1 X56.635 Y41.879 E0.00694
G1 X56.356 Y41.701 E0.0055
G1 X43.2 Y41.7 E0.21879
G1 X43.2 Y47.488 E0.09625
G1 F1600 X43.25 Y47.988 E0.0094
G1 X43.5 Y47.788 E0.00599
G1 F1800 X45.22 Y47.788 E0.0286
G1 X45.279 Y47.605 E0.0032
G1 X45.831 Y46.573 E0.01946
G0 F7200 X45.957 Y46.419
G0 X45.408 Y45.968
G0 X43.48 Y47.511
G0 X43.25 Y47.988
G1 F1440 X43.25 Y48.514 E0.01093
G0 F7200 X44.092 Y46.781
G1 F1500 E-6.5
;MESH:NONMESH
G0 F600 X44.092 Y46.781 Z16
G0 F7200 X43.91 Y47.561
G0 X44.153 Y48.644
G0 X44.153 Y51.355
G0 X43.906 Y52.438
G0 X43.91 Y55.074
G0 X43.761 Y55.074
;TIME_ELAPSED:1349.087415
;LAYER:157
;TYPE:FILL
;MESH:head.stl
G1 F1500 E6.5
G1 F3600 X46.425 Y57.739 E0.06266
G1 X46.495 Y57.809
G0 F7200 X46.495 Y57.59
G0 X47.916 Y57.59
G0 X47.916 Y57.74
G1 F3600 X49.175 Y56.481 E0.02961
G1 X49.245 Y56.411
G0 F7200 X49.176 Y56.636
G0 X51.105 Y56.904
G0 X51.091 Y56.748
G1 F3600 X52.083 Y57.74 E0.02333
G1 X52.153 Y57.81
G0 F7200 X52.153 Y57.59
G0 X53.573 Y57.59
G0 X53.573 Y57.74
G1 F3600 X56.053 Y55.26 E0.05833
G0 F7200 X55.26 Y55.26
G1 F3600 X56.24 Y56.24 E0.02305
G1 X56.31 Y56.31
G0 F7200 X56.09 Y56.31
G0 X51 Y56.854
G0 X49.663 Y56.722
G0 X48.377 Y56.331
G0 X47.193 Y55.699
G0 X45.65 Y54.327
G0 X45.765 Y54.234
G1 F3600 X43.761 Y56.238 E0.04713
G1 X43.691 Y56.308
G0 F7200 X43.91 Y56.308
G0 X51 Y56.854
G0 X52.376 Y56.773
G0 X52.287 Y56.477
;TYPE:WALL-INNER
G1 F3600 X51 Y56.599 E0.0215
G1 X49.708 Y56.476 E0.02158
G1 X48.469 Y56.097 E0.02155
G1 X47.334 Y55.494 E0.02137
G1 X46.328 Y54.666 E0.02167
G1 X45.504 Y53.661 E0.02161
G1 X44.915 Y52.551 E0.0209
G1 X43.601 Y52.549 E0.02185
G1 X43.601 Y57.899 E0.08897
G1 X56.272 Y57.9 E0.21072
G1 X56.4 Y57.683 E0.00419
G1 X56.4 Y55.1 E0.04296
G1 X55.143 Y55.1 E0.0209
G1 X54.663 Y55.494 E0.01033
G1 X53.527 Y56.097 E0.02139
G1 X52.287 Y56.477 E0.02157
G0 F7200 X52.192 Y56.084
;TYPE:WALL-OUTER
G1 F1800 X50.981 Y56.196 E0.02022
G1 X49.805 Y56.084 E0.01965
G1 X48.641 Y55.732 E0.02022
G1 X47.54 Y55.147 E0.02073
G1 X46.628 Y54.395 E0.01966
G1 X45.831 Y53.423 E0.0209
G1 X45.279 Y52.391 E0.01946
G1 X45.203 Y52.152 E0.00417
G1 X43.499 Y52.149 E0.02834
G1 F1589.4 X43.251 Y51.991 E0.00554
G1 X43.201 Y52.447 E0.00864
G1 F1800 X43.201 Y58.299 E0.09732
G1 X56.354 Y58.3 E0.21874
G1 X56.635 Y58.12 E0.00555
G1 X56.8 Y57.734 E0.00698
G1 X56.8 Y54.7 E0.05046
G1 X55 Y54.7 E0.02993
G1 X54.422 Y55.169 E0.01238
G1 X53.355 Y55.732 E0.02006
G1 X52.192 Y56.084 E0.02021
G0 F7200 X51.993 Y56.102
G0 X52.061 Y56.81
G0 X49.742 Y56.328
G0 X48.531 Y55.96
G0 X47.627 Y55.478
G0 X43.48 Y52.431
G0 X43.251 Y51.991
G1 F1431.4 X43.25 Y51.4 E0.01236
G0 F7200 X44.092 Y53.161
G1 F1500 E-6.5
G0 F7200 X45.038 Y52.378
G0 X45.038 Y51.286
G0 X45.038 Y48.713
G0 X45.038 Y47.622
G0 X45.651 Y45.671
G0 X45.765 Y45.765
;TYPE:FILL
G1 F1500 E6.5
G1 F3600 X43.76 Y43.76 E0.04715
G1 X43.69 Y43.69
G0 F7200 X43.91 Y43.69
G0 X43.91 Y44.925
G0 X43.76 Y44.925
G1 F3600 X46.426 Y42.26 E0.06269
G1 X46.496 Y42.19
G0 F7200 X46.495 Y42.41
G0 X47.916 Y42.41
G0 X47.917 Y42.26
G1 F3600 X49.174 Y43.517 E0.02956
G1 X49.244 Y43.587
G0 F7200 X49.176 Y43.363
G0 X51.112 Y43.098
G0 X51.098 Y43.245
G1 F3600 X52.083 Y42.26 E0.02317
G1 X52.153 Y42.19
G0 F7200 X52.152 Y42.411
G0 X53.573 Y42.411
G0 X53.574 Y42.26
G1 F3600 X56.054 Y44.74 E0.05833
G0 F7200 X55.259 Y44.74
G1 F3600 X56.24 Y43.759 E0.02307
G1 X56.31 Y43.689
G0 F7200 X56.09 Y43.689
G0 X51 Y43.146
G0 X49.663 Y43.278
G0 X48.377 Y43.669
G0 X47.193 Y44.301
G0 X46.351 Y44.991
G0 X45.234 Y46.191
G0 X45.504 Y46.336
;TYPE:WALL-INNER
G1 F3600 X46.326 Y45.332 E0.02158
G1 X47.335 Y44.505 E0.0217
G1 X48.471 Y43.898 E0.02142
G1 X49.708 Y43.524 E0.02149
G1 X51 Y43.396 E0.02159
G1 X52.288 Y43.524 E0.02153
G1 X53.525 Y43.898 E0.02149
G1 X54.665 Y44.508 E0.0215
G1 X55.143 Y44.9 E0.01028
G1 X56.4 Y44.9 E0.0209
G1 X56.4 Y42.313 E0.04302
G1 X56.275 Y42.1 E0.00411
G1 X43.6 Y42.1 E0.21079
G1 X43.6 Y47.448 E0.08894
G1 X44.914 Y47.448 E0.02185
G1 X45.504 Y46.336 E0.02093
G0 F7200 X45.831 Y46.573
;TYPE:WALL-OUTER
G1 F1800 X46.629 Y45.601 E0.02091
G1 X47.573 Y44.831 E0.02026
G1 X48.605 Y44.279 E0.01946
G1 X49.804 Y43.916 E0.02083
G1 X51.02 Y43.8 E0.02031
G1 X52.192 Y43.916 E0.01959
G1 X53.391 Y44.279 E0.02083
G1 X54.423 Y44.831 E0.01946
G1 X55 Y45.3 E0.01237
G1 X56.8 Y45.3 E0.02993
G1 X56.8 Y42.262 E0.05052
G1 X56.635 Y41.879 E0.00694
G1 X56.363 Y41.7 E0.00541
G1 X43.2 Y41.7 E0.2189
G1 X43.2 Y47.548 E0.09725
G1 F1600 X43.25 Y48.048 E0.0094
G1 X43.5 Y47.848 E0.00599
G1 F1800 X45.203 Y47.848 E0.02832
G1 X45.279 Y47.605 E0.00423
G1 X45.831 Y46.573 E0.01946
G0 F7200 X45.957 Y46.419
G0 X45.408 Y45.968
G0 X43.48 Y47.568
G0 X43.25 Y48.048
G1 F1440 X43.25 Y48.598 E0.01143
G0 F7200 X44.092 Y46.838
G1 F1500 E-6.5
;MESH:NONMESH
G0 F600 X44.092 Y46.838 Z16.1
G0 F7200 X43.91 Y47.618
G0 X44.153 Y48.701
G0 X44.153 Y51.298
G0 X43.906 Y52.381
G0 X43.91 Y55.074
G0 X43.761 Y55.074
;TIME_ELAPSED:1356.131461
;LAYER:158
;TYPE:FILL
;MESH:head.stl
G1 F1500 E6.5
G1 F3600 X46.425 Y57.739 E0.06266
G1 X46.495 Y57.809
G0 F7200 X46.495 Y57.59
G0 X47.916 Y57.59
G0 X47.916 Y57.74
G1 F3600 X49.175 Y56.481 E0.02961
G1 X49.245 Y56.411
G0 F7200 X49.176 Y56.636
G0 X51.105 Y56.904
G0 X51.091 Y56.748
G1 F3600 X52.083 Y57.74 E0.02333
G1 X52.153 Y57.81
G0 F7200 X52.153 Y57.59
G0 X53.573 Y57.59
G0 X53.573 Y57.74
G1 F3600 X56.053 Y55.26 E0.05833
G0 F7200 X55.26 Y55.26
G1 F3600 X56.24 Y56.24 E0.02305
G1 X56.31 Y56.31
G0 F7200 X56.09 Y56.31
G0 X51 Y56.854
G0 X49.663 Y56.722
G0 X48.377 Y56.331
G0 X47.193 Y55.699
G0 X45.65 Y54.327
G0 X45.765 Y54.234
G1 F3600 X43.761 Y56.238 E0.04713
G1 X43.691 Y56.308
G0 F7200 X43.91 Y56.308
G0 X51 Y56.854
G0 X52.376 Y56.773
G0 X52.287 Y56.477
;TYPE:WALL-INNER
G1 F3600 X51 Y56.599 E0.0215
G1 X49.708 Y56.476 E0.02158
G1 X48.469 Y56.097 E0.02155
G1 X47.334 Y55.494 E0.02137
G1 X46.328 Y54.666 E0.02167
G1 X45.505 Y53.661 E0.0216
G1 X44.881 Y52.493 E0.02202
G1 X43.601 Y52.493 E0.02129
G1 X43.601 Y57.899 E0.0899
G1 X56.272 Y57.9 E0.21072
G1 X56.4 Y57.683 E0.00419
G1 X56.4 Y55.1 E0.04296
G1 X55.143 Y55.1 E0.0209
G1 X54.663 Y55.494 E0.01033
G1 X53.527 Y56.097 E0.02139
G1 X52.287 Y56.477 E0.02157
G0 F7200 X52.192 Y56.084
;TYPE:WALL-OUTER
G1 F1800 X50.981 Y56.196 E0.02022
G1 X49.805 Y56.084 E0.01965
G1 X48.641 Y55.732 E0.02022
G1 X47.54 Y55.147 E0.02073
G1 X46.628 Y54.395 E0.01966
G1 X45.831 Y53.423 E0.0209
G1 X45.279 Y52.391 E0.01946
G1 X45.186 Y52.093 E0.00519
G1 X43.5 Y52.092 E0.02804
G1 F1589.4 X43.251 Y51.935 E0.00554
G1 X43.2 Y52.392 E0.00866
G1 F1800 X43.201 Y58.299 E0.09823
G1 X56.354 Y58.3 E0.21874
G1 X56.635 Y58.12 E0.00555
G1 X56.8 Y57.734 E0.00698
G1 X56.8 Y54.7 E0.05046
G1 X55 Y54.7 E0.02993
G1 X54.422 Y55.169 E0.01238
G1 X53.355 Y55.732 E0.02006
G1 X52.192 Y56.084 E0.02021
G0 F7200 X51.993 Y56.102
G0 X52.061 Y56.81
G0 X49.742 Y56.328
G0 X48.531 Y55.96
G0 X47.627 Y55.478
G0 X43.48 Y52.373
G0 X43.251 Y51.935
G1 F1431.4 X43.25 Y51.318 E0.0129
G0 F7200 X44.092 Y53.103
G1 F1500 E-6.5
G0 F7200 X45.02 Y52.32
G0 X45.02 Y51.228
G0 X45.02 Y48.771
G0 X45.02 Y47.68
G0 X45.651 Y45.671
G0 X45.765 Y45.765
;TYPE:FILL
G1 F1500 E6.5
G1 F3600 X43.76 Y43.76 E0.04715
G1 X43.69 Y43.69
G0 F7200 X43.91 Y43.69
G0 X43.91 Y44.925
G0 X43.761 Y44.925
G1 F3600 X46.426 Y42.26 E0.06268
G1 X46.496 Y42.19
G0 F7200 X46.495 Y42.41
G0 X47.916 Y42.41
G0 X47.917 Y42.26
G1 F3600 X49.174 Y43.517 E0.02956
G1 X49.244 Y43.587
G0 F7200 X49.176 Y43.363
G0 X51.112 Y43.098
G0 X51.098 Y43.245
G1 F3600 X52.083 Y42.26 E0.02317
G1 X52.153 Y42.19
G0 F7200 X52.152 Y42.411
G0 X53.573 Y42.411
G0 X53.574 Y42.26
G1 F3600 X56.054 Y44.74 E0.05833
G0 F7200 X55.259 Y44.74
G1 F3600 X56.24 Y43.759 E0.02307
G1 X56.31 Y43.689
G0 F7200 X56.09 Y43.689
G0 X51 Y43.146
G0 X49.663 Y43.278
G0 X48.377 Y43.669
G0 X47.193 Y44.301
G0 X46.351 Y44.991
G0 X45.235 Y46.19
G0 X45.505 Y46.335
;TYPE:WALL-INNER
G1 F3600 X46.326 Y45.332 E0.02156
G1 X47.335 Y44.505 E0.0217
G1 X48.471 Y43.898 E0.02142
G1 X49.708 Y43.524 E0.02149
G1 X51 Y43.396 E0.02159
G1 X52.288 Y43.524 E0.02153
G1 X53.525 Y43.898 E0.02149
G1 X54.665 Y44.508 E0.0215
G1 X55.143 Y44.9 E0.01028
G1 X56.4 Y44.9 E0.0209
G1 X56.4 Y42.313 E0.04302
G1 X56.275 Y42.1 E0.00411
G1 X43.6 Y42.1 E0.21079
G1 X43.601 Y47.503 E0.08985
G1 X44.881 Y47.503 E0.02129
G1 X45.505 Y46.335 E0.02202
G0 F7200 X45.831 Y46.573
;TYPE:WALL-OUTER
G1 F1800 X46.629 Y45.601 E0.02091
G1 X47.573 Y44.831 E0.02026
G1 X48.605 Y44.279 E0.01946
G1 X49.804 Y43.916 E0.02083
G1 X51.02 Y43.8 E0.02031
G1 X52.192 Y43.916 E0.01959
G1 X53.391 Y44.279 E0.02083
G1 X54.423 Y44.831 E0.01946
G1 X55 Y45.3 E0.01237
G1 X56.8 Y45.3 E0.02993
G1 X56.8 Y42.262 E0.05052
G1 X56.635 Y41.879 E0.00694
G1 X56.363 Y41.7 E0.00541
G1 X43.2 Y41.7 E0.2189
G1 X43.2 Y47.604 E0.09818
G1 F1600 X43.25 Y48.104 E0.0094
G1 X43.5 Y47.904 E0.00599
G1 F1800 X45.186 Y47.903 E0.02804
G1 X45.279 Y47.605 E0.00519
G1 X45.831 Y46.573 E0.01946
G0 F7200 X45.957 Y46.419
G0 X45.408 Y45.968
G0 X43.48 Y47.626
G0 X43.25 Y48.104
G1 F1440 X43.25 Y48.678 E0.01193
G0 F7200 X44.092 Y46.896
G1 F1500 E-6.5
;MESH:NONMESH
G0 F600 X44.092 Y46.896 Z16.2
G0 F7200 X43.91 Y47.676
G0 X44.153 Y48.759
G0 X44.153 Y51.24
G0 X43.906 Y52.323
G0 X43.91 Y55.074
G0 X43.761 Y55.074
;TIME_ELAPSED:1363.186337
;LAYER:159
;TYPE:FILL
;MESH:head.stl
G1 F1500 E6.5
G1 F3600 X46.425 Y57.739 E0.06266
G1 X46.495 Y57.809
G0 F7200 X46.495 Y57.59
G0 X47.916 Y57.59
G0 X47.916 Y57.74
G1 F3600 X49.175 Y56.481 E0.02961
G1 X49.245 Y56.411
G0 F7200 X49.176 Y56.636
G0 X51.105 Y56.904
G0 X51.091 Y56.748
G1 F3600 X52.083 Y57.74 E0.02333
G1 X52.153 Y57.81
G0 F7200 X52.153 Y57.59
G0 X53.573 Y57.59
G0 X53.573 Y57.74
G1 F3600 X56.053 Y55.26 E0.05833
G0 F7200 X55.26 Y55.26
G1 F3600 X56.24 Y56.24 E0.02305
G1 X56.31 Y56.31
G0 F7200 X56.09 Y56.31
G0 X51 Y56.854
G0 X49.663 Y56.722
G0 X48.377 Y56.331
G0 X47.193 Y55.699
G0 X45.65 Y54.327
G0 X45.765 Y54.234
G1 F3600 X43.761 Y56.238 E0.04713
G1 X43.691 Y56.308
G0 F7200 X43.91 Y56.308
G0 X51 Y56.854
G0 X52.376 Y56.773
G0 X52.287 Y56.477
;TYPE:WALL-INNER
G1 F3600 X51 Y56.599 E0.0215
G1 X49.708 Y56.476 E0.02158
G1 X48.469 Y56.097 E0.02155
G1 X47.334 Y55.494 E0.02137
G1 X46.328 Y54.666 E0.02167
G1 X45.505 Y53.661 E0.0216
G1 X44.849 Y52.436 E0.02311
G1 X43.601 Y52.434 E0.02075
G1 X43.601 Y57.899 E0.09088
G1 X56.272 Y57.9 E0.21072
G1 X56.4 Y57.683 E0.00419
G1 X56.4 Y55.1 E0.04296
G1 X55.143 Y55.1 E0.0209
G1 X54.663 Y55.494 E0.01033
G1 X53.527 Y56.097 E0.02139
G1 X52.287 Y56.477 E0.02157
G0 F7200 X52.192 Y56.084
;TYPE:WALL-OUTER
G1 F1800 X50.981 Y56.196 E0.02022
G1 X49.805 Y56.084 E0.01965
G1 X48.641 Y55.732 E0.02022
G1 X47.54 Y55.147 E0.02073
G1 X46.628 Y54.395 E0.01966
G1 X45.831 Y53.423 E0.0209
G1 X45.264 Y52.355 E0.02011
G1 X45.167 Y52.036 E0.00554
G1 X43.499 Y52.033 E0.02774
G1 F1589.4 X43.251 Y51.875 E0.00554
G1 X43.201 Y52.331 E0.00864
G1 F1800 X43.201 Y58.299 E0.09925
G1 X56.354 Y58.3 E0.21874
G1 X56.635 Y58.12 E0.00555
G1 X56.8 Y57.734 E0.00698
G1 X56.8 Y54.7 E0.05046
G1 X55 Y54.7 E0.02993
G1 X54.422 Y55.169 E0.01238
G1 X53.355 Y55.732 E0.02006
G1 X52.192 Y56.084 E0.02021
G0 F7200 X51.993 Y56.102
G0 X52.061 Y56.81
G0 X49.742 Y56.328
G0 X48.531 Y55.96
G0 X47.627 Y55.478
G0 X43.48 Y52.315
G0 X43.251 Y51.875
G1 F1431.4 X43.25 Y51.2 E0.01412
G0 F7200 X44.092 Y53.045
G1 F1500 E-6.5
G0 F7200 X45.002 Y52.262
G0 X45.002 Y51.17
G0 X45.002 Y48.829
G0 X45.002 Y47.738
G0 X45.651 Y45.671
G0 X45.765 Y45.765
;TYPE:FILL
G1 F1500 E6.5
G1 F3600 X43.76 Y43.76 E0.04715
G1 X43.69 Y43.69
G0 F7200 X43.91 Y43.69
G0 X43.91 Y44.925
G0 X43.76 Y44.925
G1 F3600 X46.426 Y42.26 E0.06269
G1 X46.496 Y42.19
G0 F7200 X46.495 Y42.41
G0 X47.916 Y42.41
G0 X47.917 Y42.26
G1 F3600 X49.174 Y43.517 E0.02956
G1 X49.244 Y43.587
G0 F7200 X49.176 Y43.363
G0 X51.112 Y43.098
G0 X51.098 Y43.245
G1 F3600 X52.083 Y42.26 E0.02317
G1 X52.153 Y42.19
G0 F7200 X52.152 Y42.411
G0 X53.573 Y42.411
G0 X53.574 Y42.26
G1 F3600 X56.054 Y44.74 E0.05833
G0 F7200 X55.259 Y44.74
G1 F3600 X56.24 Y43.759 E0.02307
G1 X56.31 Y43.689
G0 F7200 X56.09 Y43.689
G0 X51 Y43.146
G0 X49.663 Y43.278
G0 X48.377 Y43.669
G0 X47.193 Y44.301
G0 X46.351 Y44.991
G0 X45.235 Y46.19
G0 X45.505 Y46.335
;TYPE:WALL-INNER
G1 F3600 X46.326 Y45.332 E0.02156
G1 X47.335 Y44.505 E0.0217
G1 X48.471 Y43.898 E0.02142
G1 X49.708 Y43.524 E0.02149
G1 X51 Y43.396 E0.02159
G1 X52.288 Y43.524 E0.02153
G1 X53.525 Y43.898 E0.02149
G1 X54.665 Y44.508 E0.0215
G1 X55.143 Y44.9 E0.01028
G1 X56.4 Y44.9 E0.0209
G1 X56.4 Y42.313 E0.04302
G1 X56.275 Y42.1 E0.00411
G1 X43.6 Y42.1 E0.21079
G1 X43.6 Y47.564 E0.09087
G1 X44.848 Y47.564 E0.02075
G1 X45.505 Y46.335 E0.02318
G0 F7200 X45.831 Y46.573
;TYPE:WALL-OUTER
G1 F1800 X46.629 Y45.601 E0.02091
G1 X47.573 Y44.831 E0.02026
G1 X48.605 Y44.279 E0.01946
G1 X49.804 Y43.916 E0.02083
G1 X51.02 Y43.8 E0.02031
G1 X52.192 Y43.916 E0.01959
G1 X53.391 Y44.279 E0.02083
G1 X54.423 Y44.831 E0.01946
G1 X55 Y45.3 E0.01237
G1 X56.8 Y45.3 E0.02993
G1 X56.8 Y42.262 E0.05052
G1 X56.635 Y41.879 E0.00694
G1 X56.363 Y41.7 E0.00541
G1 X43.2 Y41.7 E0.2189
G1 X43.2 Y47.664 E0.09918
G1 F1600 X43.25 Y48.164 E0.0094
G1 X43.5 Y47.964 E0.00599
G1 F1800 X45.167 Y47.964 E0.02772
G1 X45.279 Y47.605 E0.00625
G1 X45.831 Y46.573 E0.01946
G0 F7200 X45.957 Y46.419
G0 X45.408 Y45.968
G0 X43.48 Y47.684
G0 X43.25 Y48.164
G1 F1440 X43.25 Y48.798 E0.01318
G0 F7200 X44.092 Y46.954
G1 F1500 E-6.5
;MESH:NONMESH
G0 F600 X44.092 Y46.954 Z16.3
G0 F7200 X43.91 Y47.734
G0 X44.153 Y48.817
G0 X44.153 Y51.182
G0 X43.906 Y52.265
G0 X43.91 Y55.074
G0 X43.76 Y55.074
;TIME_ELAPSED:1370.256693
;LAYER:160
;TYPE:FILL
;MESH:head.stl
G1 F1500 E6.5
G1 F3600 X46.425 Y57.739 E0.06268
G1 X46.495 Y57.809
G0 F7200 X46.495 Y57.59
G0 X47.916 Y57.59
G0 X47.916 Y57.74
G1 F3600 X49.175 Y56.481 E0.02961
G1 X49.245 Y56.411
G0 F7200 X49.176 Y56.636
G0 X51.105 Y56.904
G0 X51.091 Y56.748
G1 F3600 X52.083 Y57.74 E0.02333
G1 X52.153 Y57.81
G0 F7200 X52.153 Y57.59
G0 X53.573 Y57.59
G0 X53.573 Y57.74
G1 F3600 X56.053 Y55.26 E0.05833
G0 F7200 X55.26 Y55.26
G1 F3600 X56.24 Y56.24 E0.02305
G1 X56.31 Y56.31
G0 F7200 X56.09 Y56.31
G0 X51 Y56.854
G0 X49.663 Y56.722
G0 X48.377 Y56.331
G0 X47.193 Y55.699
G0 X45.65 Y54.327
G0 X45.765 Y54.234
G1 F3600 X43.761 Y56.238 E0.04713
G1 X43.691 Y56.308
G0 F7200 X43.91 Y56.308
G0 X51 Y56.854
G0 X52.376 Y56.773
G0 X52.287 Y56.477
;TYPE:WALL-INNER
G1 F3600 X51 Y56.599 E0.0215
G1 X49.708 Y56.476 E0.02158
G1 X48.469 Y56.097 E0.02155
G1 X47.334 Y55.494 E0.02137
G1 X46.328 Y54.666 E0.02167
G1 X45.505 Y53.661 E0.0216
G1 X44.926 Y52.579 E0.02041
G1 X44.853 Y52.376 E0.00359
G1 X43.6 Y52.376 E0.02084
G1 X43.601 Y57.899 E0.09185
G1 X56.272 Y57.9 E0.21072
G1 X56.4 Y57.683 E0.00419
G1 X56.4 Y55.1 E0.04296
G1 X55.143 Y55.1 E0.0209
G1 X54.663 Y55.494 E0.01033
G1 X53.527 Y56.097 E0.02139
G1 X52.287 Y56.477 E0.02157
G0 F7200 X52.192 Y56.084
;TYPE:WALL-OUTER
G1 F1800 X50.981 Y56.196 E0.02022
G1 X49.805 Y56.084 E0.01965
G1 X48.641 Y55.732 E0.02022
G1 X47.54 Y55.147 E0.02073
G1 X46.628 Y54.395 E0.01966
G1 X45.831 Y53.423 E0.0209
G1 X45.279 Y52.391 E0.01946
G1 X45.151 Y51.976 E0.00722
G1 X43.5 Y51.976 E0.02746
G1 F1589.4 X43.251 Y51.819 E0.00554
G1 X43.2 Y52.276 E0.00866
G1 F1800 X43.201 Y58.299 E0.10016
G1 X56.354 Y58.3 E0.21874
G1 X56.635 Y58.12 E0.00555
G1 X56.8 Y57.734 E0.00698
G1 X56.8 Y54.7 E0.05046
G1 X55 Y54.7 E0.02993
G1 X54.422 Y55.169 E0.01238
G1 X53.355 Y55.732 E0.02006
G1 X52.192 Y56.084 E0.02021
G0 F7200 X51.993 Y56.102
G0 X52.061 Y56.81
G0 X49.742 Y56.328
G0 X48.531 Y55.96
G0 X47.527 Y55.424
G0 X43.48 Y52.258
G0 X43.251 Y51.819
G1 F1431.4 X43.25 Y51.076 E0.01554
G0 F7200 X44.21 Y52.87
G1 F1500 E-6.5
G0 F7200 X44.985 Y52.204
G0 X44.985 Y51.113
G0 X44.985 Y48.887
G0 X44.985 Y47.796
G0 X45.651 Y45.671
G0 X45.765 Y45.765
;TYPE:FILL
G1 F1500 E6.5
G1 F3600 X43.76 Y43.76 E0.04715
G1 X43.69 Y43.69
G0 F7200 X43.91 Y43.69
G0 X43.91 Y44.925
G0 X43.761 Y44.925
G1 F3600 X46.426 Y42.26 E0.06268
G1 X46.496 Y42.19
G0 F7200 X46.496 Y42.41
G0 X47.917 Y42.41
G0 X47.917 Y42.26
G1 F3600 X49.174 Y43.517 E0.02956
G1 X49.244 Y43.587
G0 F7200 X49.176 Y43.363
G0 X51.112 Y43.098
G0 X51.098 Y43.245
G1 F3600 X52.083 Y42.26 E0.02317
G1 X52.153 Y42.19
G0 F7200 X52.153 Y42.41
G0 X53.574 Y42.41
G0 X53.574 Y42.26
G1 F3600 X56.054 Y44.74 E0.05833
G0 F7200 X55.259 Y44.74
G1 F3600 X56.24 Y43.759 E0.02307
G1 X56.31 Y43.689
G0 F7200 X56.09 Y43.689
G0 X51 Y43.146
G0 X49.663 Y43.278
G0 X48.377 Y43.669
G0 X47.193 Y44.301
G0 X46.351 Y44.991
G0 X45.235 Y46.19
G0 X45.505 Y46.335
;TYPE:WALL-INNER
G1 F3600 X46.326 Y45.332 E0.02156
G1 X47.335 Y44.505 E0.0217
G1 X48.471 Y43.898 E0.02142
G1 X49.708 Y43.524 E0.02149
G1 X51 Y43.396 E0.02159
G1 X52.288 Y43.524 E0.02153
G1 X53.525 Y43.898 E0.02149
G1 X54.665 Y44.508 E0.0215
G1 X55.143 Y44.9 E0.01028
G1 X56.4 Y44.9 E0.0209
G1 X56.4 Y42.313 E0.04302
G1 X56.274 Y42.101 E0.0041
G1 X43.6 Y42.1 E0.21077
G1 X43.601 Y47.619 E0.09178
G1 X44.853 Y47.62 E0.02082
G1 X44.926 Y47.417 E0.00359
G1 X45.505 Y46.335 E0.02041
G0 F7200 X45.831 Y46.573
;TYPE:WALL-OUTER
G1 F1800 X46.629 Y45.601 E0.02091
G1 X47.573 Y44.831 E0.02026
G1 X48.605 Y44.279 E0.01946
G1 X49.804 Y43.916 E0.02083
G1 X51.02 Y43.8 E0.02031
G1 X52.192 Y43.916 E0.01959
G1 X53.391 Y44.279 E0.02083
G1 X54.423 Y44.831 E0.01946
G1 X55 Y45.3 E0.01237
G1 X56.8 Y45.3 E0.02993
G1 X56.8 Y42.262 E0.05052
G1 X56.635 Y41.879 E0.00694
G1 X56.356 Y41.701 E0.0055
G1 X43.2 Y41.7 E0.21879
G1 X43.2 Y47.72 E0.10011
G1 F1600 X43.25 Y48.22 E0.0094
G1 X43.5 Y48.02 E0.00599
G1 F1800 X45.151 Y48.02 E0.02746
G1 X45.279 Y47.605 E0.00722
G1 X45.831 Y46.573 E0.01946
G0 F7200 X45.957 Y46.419
G0 X45.408 Y45.968
G0 X43.48 Y47.741
G0 X43.25 Y48.22
G1 F1440 X43.25 Y48.922 E0.01459
G0 F7200 X44.21 Y47.129
G1 F1500 E-6.5
;MESH:NONMESH
G0 F600 X44.21 Y47.129 Z16.4
G0 F7200 X44.153 Y48.874
G0 X44.153 Y51.125
G0 X43.916 Y52.208
G0 X43.91 Y55.074
G0 X43.76 Y55.074
;TIME_ELAPSED:1377.332651
;LAYER:161
;TYPE:FILL
;MESH:head.stl
G1 F1500 E6.5
G1 F3600 X46.425 Y57.739 E0.06268
G1 X46.495 Y57.809
G0 F7200 X46.495 Y57.59
G0 X47.916 Y57.59
G0 X47.916 Y57.74
G1 F3600 X49.175 Y56.481 E0.02961
G1 X49.245 Y56.411
G0 F7200 X49.176 Y56.636
G0 X51.105 Y56.904
G0 X51.091 Y56.748
G1 F3600 X52.083 Y57.74 E0.02333
G1 X52.153 Y57.81
G0 F7200 X52.153 Y57.59
G0 X53.573 Y57.59
G0 X53.573 Y57.74
G1 F3600 X56.053 Y55.26 E0.05833
G0 F7200 X55.26 Y55.26
G1 F3600 X56.24 Y56.24 E0.02305
G1 X56.31 Y56.31
G0 F7200 X56.09 Y56.31
G0 X51 Y56.854
G0 X49.663 Y56.722
G0 X48.377 Y56.331
G0 X47.193 Y55.699
G0 X45.65 Y54.327
G0 X45.765 Y54.234
G1 F3600 X43.761 Y56.238 E0.04713
G1 X43.691 Y56.308
G0 F7200 X43.91 Y56.308
G0 X51 Y56.854
G0 X52.376 Y56.773
G0 X52.287 Y56.477
;TYPE:WALL-INNER
G1 F3600 X51 Y56.599 E0.0215
G1 X49.708 Y56.476 E0.02158
G1 X48.469 Y56.097 E0.02155
G1 X47.334 Y55.494 E0.02137
G1 X46.328 Y54.666 E0.02167
G1 X45.505 Y53.661 E0.0216
G1 X44.927 Y52.579 E0.0204
G1 X44.836 Y52.32 E0.00457
G1 X43.6 Y52.32 E0.02055
G1 X43.601 Y57.899 E0.09278
G1 X56.272 Y57.9 E0.21072
G1 X56.4 Y57.683 E0.00419
G1 X56.4 Y55.1 E0.04296
G1 X55.143 Y55.1 E0.0209
G1 X54.663 Y55.494 E0.01033
G1 X53.527 Y56.097 E0.02139
G1 X52.287 Y56.477 E0.02157
G0 F7200 X52.192 Y56.084
;TYPE:WALL-OUTER
G1 F1800 X50.981 Y56.196 E0.02022
G1 X49.805 Y56.084 E0.01965
G1 X48.641 Y55.732 E0.02022
G1 X47.54 Y55.147 E0.02073
G1 X46.628 Y54.395 E0.01966
G1 X45.831 Y53.423 E0.0209
G1 X45.264 Y52.355 E0.02011
G1 X45.132 Y51.92 E0.00756
G1 X43.5 Y51.92 E0.02714
G1 F1589.4 X43.251 Y51.763 E0.00554
G1 X43.2 Y52.22 E0.00866
G1 F1800 X43.201 Y58.299 E0.10109
G1 X56.354 Y58.3 E0.21874
G1 X56.635 Y58.12 E0.00555
G1 X56.8 Y57.734 E0.00698
G1 X56.8 Y54.7 E0.05046
G1 X55 Y54.7 E0.02993
G1 X54.422 Y55.169 E0.01238
G1 X53.355 Y55.732 E0.02006
G1 X52.192 Y56.084 E0.02021
G0 F7200 X51.993 Y56.102
G0 X52.061 Y56.81
G0 X49.742 Y56.328
G0 X48.531 Y55.96
G0 X47.527 Y55.424
G0 X43.48 Y52.2
G0 X43.251 Y51.763
G1 F1431.4 X43.25 Y50.89 E0.01826
G0 F7200 X44.21 Y52.813
G1 F1500 E-6.5
G0 F7200 X44.967 Y52.147
G0 X44.967 Y51.055
G0 X44.967 Y48.944
G0 X44.967 Y47.853
G0 X45.651 Y45.671
G0 X45.765 Y45.765
;TYPE:FILL
G1 F1500 E6.5
G1 F3600 X43.76 Y43.76 E0.04715
G1 X43.69 Y43.69
G0 F7200 X43.91 Y43.69
G0 X43.91 Y44.925
G0 X43.76 Y44.925
G1 F3600 X46.426 Y42.26 E0.06269
G1 X46.496 Y42.19
G0 F7200 X46.496 Y42.41
G0 X47.917 Y42.41
G0 X47.917 Y42.26
G1 F3600 X49.174 Y43.517 E0.02956
G1 X49.244 Y43.587
G0 F7200 X49.176 Y43.363
G0 X51.112 Y43.098
G0 X51.098 Y43.245
G1 F3600 X52.083 Y42.26 E0.02317
G1 X52.153 Y42.19
G0 F7200 X52.153 Y42.41
G0 X53.574 Y42.41
G0 X53.574 Y42.26
G1 F3600 X56.054 Y44.74 E0.05833
G0 F7200 X55.259 Y44.74
G1 F3600 X56.24 Y43.759 E0.02307
G1 X56.31 Y43.689
G0 F7200 X56.09 Y43.689
G0 X51 Y43.146
G0 X49.663 Y43.278
G0 X48.377 Y43.669
G0 X47.193 Y44.301
G0 X46.351 Y44.991
G0 X45.235 Y46.19
G0 X45.505 Y46.335
;TYPE:WALL-INNER
G1 F3600 X46.326 Y45.332 E0.02156
G1 X47.335 Y44.505 E0.0217
G1 X48.471 Y43.898 E0.02142
G1 X49.708 Y43.524 E0.02149
G1 X51 Y43.396 E0.02159
G1 X52.288 Y43.524 E0.02153
G1 X53.525 Y43.898 E0.02149
G1 X54.665 Y44.508 E0.0215
G1 X55.143 Y44.9 E0.01028
G1 X56.4 Y44.9 E0.0209
G1 X56.4 Y42.313 E0.04302
G1 X56.274 Y42.101 E0.0041
G1 X43.6 Y42.1 E0.21077
G1 X43.6 Y47.676 E0.09273
G1 X44.836 Y47.676 E0.02055
G1 X44.927 Y47.417 E0.00457
G1 X45.505 Y46.335 E0.0204
G0 F7200 X45.831 Y46.573
;TYPE:WALL-OUTER
G1 F1800 X46.629 Y45.601 E0.02091
G1 X47.573 Y44.831 E0.02026
G1 X48.605 Y44.279 E0.01946
G1 X49.804 Y43.916 E0.02083
G1 X51.02 Y43.8 E0.02031
G1 X52.192 Y43.916 E0.01959
G1 X53.391 Y44.279 E0.02083
G1 X54.423 Y44.831 E0.01946
G1 X55 Y45.3 E0.01237
G1 X56.8 Y45.3 E0.02993
G1 X56.8 Y42.262 E0.05052
G1 X56.635 Y41.879 E0.00694
G1 X56.356 Y41.701 E0.0055
G1 X43.2 Y41.7 E0.21879
G1 X43.2 Y47.776 E0.10104
G1 F1600 X43.25 Y48.276 E0.0094
G1 X43.5 Y48.076 E0.00599
G1 F1800 X45.132 Y48.076 E0.02714
G1 X45.279 Y47.605 E0.00821
G1 X45.831 Y46.573 E0.01946
G0 F7200 X45.957 Y46.419
G0 X45.408 Y45.968
G0 X43.48 Y47.799
G0 X43.25 Y48.276
G1 F1440 X43.25 Y49.108 E0.0173
G0 F7200 X44.092 Y47.069
G1 F1500 E-6.5
;MESH:NONMESH
G0 F600 X44.092 Y47.069 Z16.5
G0 F7200 X43.91 Y47.849
G0 X44.153 Y48.932
G0 X44.153 Y51.067
G0 X43.906 Y52.15
G0 X43.91 Y55.074
G0 X43.76 Y55.074
;TIME_ELAPSED:1384.439995
;LAYER:162
;TYPE:FILL
;MESH:head.stl
G1 F1500 E6.5
G1 F3600 X46.425 Y57.739 E0.06268
G1 X46.495 Y57.809
G0 F7200 X46.495 Y57.59
G0 X47.916 Y57.59
G0 X47.916 Y57.74
G1 F3600 X49.175 Y56.481 E0.02961
G1 X49.245 Y56.411
G0 F7200 X49.176 Y56.636
G0 X51.105 Y56.904
G0 X51.091 Y56.748
G1 F3600 X52.083 Y57.74 E0.02333
G1 X52.153 Y57.81
G0 F7200 X52.153 Y57.59
G0 X53.573 Y57.59
G0 X53.573 Y57.74
G1 F3600 X56.053 Y55.26 E0.05833
G0 F7200 X55.26 Y55.26
G1 F3600 X56.24 Y56.24 E0.02305
G1 X56.31 Y56.31
G0 F7200 X56.09 Y56.31
G0 X51 Y56.854
G0 X49.663 Y56.722
G0 X48.377 Y56.331
G0 X47.193 Y55.699
G0 X45.65 Y54.327
G0 X45.765 Y54.234
G1 F3600 X43.761 Y56.238 E0.04713
G1 X43.691 Y56.308
G0 F7200 X43.91 Y56.308
G0 X51 Y56.854
G0 X52.376 Y56.773
G0 X52.287 Y56.477
;TYPE:WALL-INNER
G1 F3600 X51 Y56.599 E0.0215
G1 X49.708 Y56.476 E0.02158
G1 X48.469 Y56.097 E0.02155
G1 X47.334 Y55.494 E0.02137
G1 X46.328 Y54.666 E0.02167
G1 X45.505 Y53.661 E0.0216
G1 X44.926 Y52.58 E0.02039
G1 X44.818 Y52.261 E0.0056
G1 X43.6 Y52.26 E0.02026
G1 X43.601 Y57.899 E0.09378
G1 X56.272 Y57.9 E0.21072
G1 X56.4 Y57.683 E0.00419
G1 X56.4 Y55.1 E0.04296
G1 X55.143 Y55.1 E0.0209
G1 X54.663 Y55.494 E0.01033
G1 X53.527 Y56.097 E0.02139
G1 X52.287 Y56.477 E0.02157
G0 F7200 X52.192 Y56.084
;TYPE:WALL-OUTER
G1 F1800 X50.981 Y56.196 E0.02022
G1 X49.805 Y56.084 E0.01965
G1 X48.641 Y55.732 E0.02022
G1 X47.54 Y55.147 E0.02073
G1 X46.628 Y54.395 E0.01966
G1 X45.831 Y53.423 E0.0209
G1 X45.279 Y52.391 E0.01946
G1 X45.115 Y51.861 E0.00923
G1 X43.5 Y51.86 E0.02686
G1 F1589.4 X43.251 Y51.703 E0.00554
G1 X43.2 Y52.16 E0.00866
G1 F1800 X43.201 Y58.299 E0.10209
G1 X56.354 Y58.3 E0.21874
G1 X56.635 Y58.12 E0.00555
G1 X56.8 Y57.734 E0.00698
G1 X56.8 Y54.7 E0.05046
G1 X55 Y54.7 E0.02993
G1 X54.422 Y55.169 E0.01238
G1 X53.355 Y55.732 E0.02006
G1 X52.192 Y56.084 E0.02021
G0 F7200 X51.993 Y56.102
G0 X52.061 Y56.81
G0 X49.742 Y56.328
G0 X48.531 Y55.96
G0 X47.527 Y55.424
G0 X43.48 Y52.142
G0 X43.251 Y51.703
G1 F1431.4 X43.25 Y50.61 E0.02286
G0 F7200 X44.21 Y52.755
G1 F1500 E-6.5
G0 F7200 X44.95 Y52.089
G0 X44.95 Y50.997
G0 X44.95 Y49.002
G0 X44.95 Y47.911
G0 X45.651 Y45.671
G0 X45.765 Y45.765
;TYPE:FILL
G1 F1500 E6.5
G1 F3600 X43.76 Y43.76 E0.04715
G1 X43.69 Y43.69
G0 F7200 X43.91 Y43.69
G0 X43.91 Y44.925
G0 X43.76 Y44.925
G1 F3600 X46.426 Y42.26 E0.06269
G1 X46.496 Y42.19
G0 F7200 X46.496 Y42.41
G0 X47.917 Y42.41
G0 X47.917 Y42.26
G1 F3600 X49.174 Y43.517 E0.02956
G1 X49.244 Y43.587
G0 F7200 X49.176 Y43.363
G0 X51.112 Y43.098
G0 X51.098 Y43.245
G1 F3600 X52.083 Y42.26 E0.02317
G1 X52.153 Y42.19
G0 F7200 X52.153 Y42.41
G0 X53.574 Y42.41
G0 X53.574 Y42.26
G1 F3600 X56.054 Y44.74 E0.05833
G0 F7200 X55.259 Y44.74
G1 F3600 X56.24 Y43.759 E0.02307
G1 X56.31 Y43.689
G0 F7200 X56.09 Y43.689
G0 X51 Y43.146
G0 X49.663 Y43.278
G0 X48.377 Y43.669
G0 X47.193 Y44.301
G0 X46.351 Y44.991
G0 X45.235 Y46.19
G0 X45.505 Y46.335
;TYPE:WALL-INNER
G1 F3600 X46.326 Y45.332 E0.02156
G1 X47.335 Y44.505 E0.0217
G1 X48.471 Y43.898 E0.02142
G1 X49.708 Y43.524 E0.02149
G1 X51 Y43.396 E0.02159
G1 X52.288 Y43.524 E0.02153
G1 X53.525 Y43.898 E0.02149
G1 X54.665 Y44.508 E0.0215
G1 X55.143 Y44.9 E0.01028
G1 X56.4 Y44.9 E0.0209
G1 X56.4 Y42.313 E0.04302
G1 X56.274 Y42.101 E0.0041
G1 X43.6 Y42.1 E0.21077
G1 X43.6 Y47.736 E0.09373
G1 X44.818 Y47.735 E0.02026
G1 X44.926 Y47.416 E0.0056
G1 X45.505 Y46.335 E0.02039
G0 F7200 X45.831 Y46.573
;TYPE:WALL-OUTER
G1 F1800 X46.629 Y45.601 E0.02091
G1 X47.573 Y44.831 E0.02026
G1 X48.605 Y44.279 E0.01946
G1 X49.804 Y43.916 E0.02083
G1 X51.02 Y43.8 E0.02031
G1 X52.192 Y43.916 E0.01959
G1 X53.391 Y44.279 E0.02083
G1 X54.423 Y44.831 E0.01946
G1 X55 Y45.3 E0.01237
G1 X56.8 Y45.3 E0.02993
G1 X56.8 Y42.262 E0.05052
G1 X56.635 Y41.879 E0.00694
G1 X56.356 Y41.701 E0.0055
G1 X43.2 Y41.7 E0.21879
G1 X43.2 Y47.836 E0.10204
G1 F1600 X43.25 Y48.336 E0.0094
G1 X43.5 Y48.136 E0.00599
G1 F1800 X45.115 Y48.135 E0.02686
G1 X45.279 Y47.605 E0.00923
G1 X45.831 Y46.573 E0.01946
G0 F7200 X45.957 Y46.419
G0 X45.408 Y45.968
G0 X43.48 Y47.857
G0 X43.25 Y48.336
G1 F1440 X43.25 Y49.386 E0.02183
G0 F7200 X44.092 Y47.127
;MESH:NONMESH
G0 F600 X44.092 Y47.127 Z16.6
G0 F7200 X43.91 Y43.76
G0 X43.76 Y43.76
;TIME_ELAPSED:1391.266537
;LAYER:163
;TYPE:FILL
;MESH:head.stl
G1 F3600 X45.765 Y45.765 E0.04715
G1 X45.835 Y45.835
G0 F7200 X45.645 Y45.678
G0 X43.91 Y44.925
G0 X43.76 Y44.925
G1 F3600 X46.426 Y42.26 E0.06269
G1 X46.496 Y42.19
G0 F7200 X46.496 Y42.41
G0 X47.917 Y42.41
G0 X47.917 Y42.26
G1 F3600 X49.174 Y43.517 E0.02956
G1 X49.244 Y43.587
G0 F7200 X49.176 Y43.363
G0 X51.112 Y43.098
G0 X51.098 Y43.245
G1 F3600 X52.083 Y42.26 E0.02317
G1 X52.153 Y42.19
G0 F7200 X52.153 Y42.41
G0 X53.574 Y42.41
G0 X53.574 Y42.26
G1 F3600 X56.054 Y44.74 E0.05833
G0 F7200 X55.259 Y44.74
G1 F3600 X56.24 Y43.759 E0.02307
G1 X56.31 Y43.689
G1 F1500 E-6.5
G0 F7200 X56.09 Y43.689
G0 X56.053 Y45.07
G0 X56.053 Y46.165
G0 X56.053 Y53.835
G0 X56.053 Y54.93
G0 X56.053 Y55.26
G1 F1500 E6.5
G1 F3600 X53.573 Y57.74 E0.05833
G1 X53.503 Y57.81
G0 F7200 X53.503 Y57.59
G0 X52.083 Y57.59
G0 X52.083 Y57.74
G1 F3600 X51.091 Y56.748 E0.02333
G1 X51.021 Y56.678
G0 F7200 X51.043 Y56.91
G0 X49.131 Y56.623
G0 X49.175 Y56.481
G1 F3600 X47.916 Y57.74 E0.02961
G1 X47.846 Y57.81
G0 F7200 X47.846 Y57.59
G0 X46.425 Y57.59
G0 X46.425 Y57.739
G1 F3600 X43.76 Y55.074 E0.06268
G1 X43.69 Y55.004
G0 F7200 X43.91 Y55.004
G0 X43.91 Y56.238
G0 X43.761 Y56.238
G1 F3600 X45.765 Y54.234 E0.04713
G1 X45.835 Y54.164
G0 F7200 X45.643 Y54.32
G0 X47.193 Y55.699
G0 X48.377 Y56.331
G0 X49.663 Y56.722
G0 X51 Y56.854
G0 X52.337 Y56.722
G0 X53.494 Y56.37
G0 X55.26 Y55.41
G0 X55.26 Y55.26
G1 F3600 X56.236 Y56.236 E0.02295
G1 X56.306 Y56.306
G0 F7200 X56.09 Y56.305
G0 X52.376 Y56.773
G0 X52.287 Y56.477
;TYPE:WALL-INNER
G1 F3600 X51 Y56.599 E0.0215
G1 X49.708 Y56.476 E0.02158
G1 X48.469 Y56.097 E0.02155
G1 X47.334 Y55.494 E0.02137
G1 X46.328 Y54.666 E0.02167
G1 X45.505 Y53.661 E0.0216
G1 X44.926 Y52.58 E0.02039
G1 X44.801 Y52.204 E0.00659
G1 X43.6 Y52.205 E0.01997
G1 X43.601 Y57.899 E0.09469
G1 X56.272 Y57.9 E0.21072
G1 X56.396 Y57.69 E0.00406
G1 X56.399 Y55.1 E0.04307
G1 X55.143 Y55.1 E0.02089
G1 X54.666 Y55.492 E0.01027
G1 X53.527 Y56.097 E0.02145
G1 X52.287 Y56.477 E0.02157
G1 F1500 E-6.5
G0 F7200 X52.376 Y56.773
G0 X51 Y56.432
G0 X51 Y55.332
G0 X46.073 Y47.959
G0 X45.058 Y47.539
G0 X45.235 Y46.189
G0 X45.505 Y46.335
G1 F1500 E6.5
G1 F3600 X46.326 Y45.332 E0.02156
G1 X47.335 Y44.505 E0.0217
G1 X48.471 Y43.898 E0.02142
G1 X49.708 Y43.524 E0.02149
G1 X51 Y43.396 E0.02159
G1 X52.288 Y43.524 E0.02153
G1 X53.525 Y43.898 E0.02149
G1 X54.665 Y44.508 E0.0215
G1 X55.143 Y44.9 E0.01028
G1 X56.4 Y44.9 E0.0209
G1 X56.4 Y42.313 E0.04302
G1 X56.274 Y42.101 E0.0041
G1 X43.6 Y42.1 E0.21077
G1 X43.6 Y47.792 E0.09466
G1 X44.801 Y47.792 E0.01997
G1 X44.925 Y47.418 E0.00655
G1 X45.505 Y46.335 E0.02043
G0 F7200 X45.831 Y46.573
;TYPE:WALL-OUTER
G1 F1800 X46.629 Y45.601 E0.02091
G1 X47.573 Y44.831 E0.02026
G1 X48.605 Y44.279 E0.01946
G1 X49.804 Y43.916 E0.02083
G1 X51.02 Y43.8 E0.02031
G1 X52.192 Y43.916 E0.01959
G1 X53.391 Y44.279 E0.02083
G1 X54.423 Y44.831 E0.01946
G1 X55 Y45.3 E0.01237
G1 X56.8 Y45.3 E0.02993
G1 X56.8 Y42.262 E0.05052
G1 X56.635 Y41.879 E0.00694
G1 X56.356 Y41.701 E0.0055
G1 X43.2 Y41.7 E0.21879
G1 X43.2 Y47.892 E0.10297
G1 F1600 X43.25 Y48.392 E0.0094
G1 X43.5 Y48.192 E0.00599
G1 F1800 X45.099 Y48.192 E0.02659
G1 X45.279 Y47.606 E0.01019
G1 X45.831 Y46.573 E0.01948
G0 F7200 X45.957 Y46.419
G0 X45.408 Y45.968
G0 X43.48 Y47.915
G0 X43.25 Y48.392
G1 F1431.4 X43.251 Y51.647 E0.06807
G0 F7200 X43.48 Y52.084
G0 X47.416 Y55.365
G0 X48.531 Y55.96
G0 X49.512 Y56.258
G0 X52.26 Y56.79
G0 X52.192 Y56.084
G1 F1800 X50.981 Y56.196 E0.02022
G1 X49.805 Y56.084 E0.01965
G1 X48.641 Y55.732 E0.02022
G1 X47.54 Y55.147 E0.02073
G1 X46.628 Y54.395 E0.01966
G1 X45.831 Y53.423 E0.0209
G1 X45.279 Y52.391 E0.01946
G1 X45.099 Y51.804 E0.01021
G1 X43.5 Y51.804 E0.02659
G1 F1589.4 X43.251 Y51.647 E0.00554
G1 X43.2 Y52.104 E0.00866
G1 F1800 X43.201 Y58.299 E0.10302
G1 X56.354 Y58.3 E0.21874
G1 X56.635 Y58.12 E0.00555
G1 X56.756 Y57.902 E0.00415
G1 X56.796 Y57.739 E0.00279
G1 X56.799 Y54.7 E0.05054
G1 X55 Y54.7 E0.02992
G1 X54.422 Y55.169 E0.01238
G1 X53.355 Y55.732 E0.02006
G1 X52.192 Y56.084 E0.02021
G0 F7200 X51.993 Y56.102
G0 X52.091 Y57.109
G1 F1500 E-6.5
;MESH:NONMESH
G0 F600 X52.091 Y57.109 Z16.7
G0 F7200 X51 Y56.432
G0 X51 Y55.332
G0 X46.073 Y47.959
G0 X45.058 Y47.539
G0 X43.91 Y43.76
G0 X43.76 Y43.76
;TIME_ELAPSED:1398.849954
;LAYER:164
;TYPE:FILL
;MESH:head.stl
G1 F1500 E6.5
G1 F3600 X45.765 Y45.765 E0.04715
G1 X45.835 Y45.835
G0 F7200 X45.645 Y45.678
G0 X43.91 Y44.925
G0 X43.76 Y44.925
G1 F3600 X46.426 Y42.26 E0.06269
G1 X46.496 Y42.19
G0 F7200 X46.496 Y42.41
G0 X47.917 Y42.41
G0 X47.917 Y42.26
G1 F3600 X49.174 Y43.517 E0.02956
G1 X49.244 Y43.587
G0 F7200 X49.176 Y43.363
G0 X51.112 Y43.098
G0 X51.098 Y43.245
G1 F3600 X52.083 Y42.26 E0.02317
G1 X52.153 Y42.19
G0 F7200 X52.153 Y42.41
G0 X53.574 Y42.41
G0 X53.574 Y42.26
G1 F3600 X56.054 Y44.74 E0.05833
G0 F7200 X55.259 Y44.74
G1 F3600 X56.24 Y43.759 E0.02307
G1 X56.31 Y43.689
G1 F1500 E-6.5
G0 F7200 X56.09 Y43.689
G0 X56.053 Y45.07
G0 X56.053 Y46.165
G0 X56.053 Y53.835
G0 X56.053 Y54.93
G0 X56.053 Y55.26
G1 F1500 E6.5
G1 F3600 X53.573 Y57.74 E0.05833
G1 X53.503 Y57.81
G0 F7200 X53.503 Y57.59
G0 X52.083 Y57.59
G0 X52.083 Y57.74
G1 F3600 X51.091 Y56.748 E0.02333
G1 X51.021 Y56.678
G0 F7200 X51.043 Y56.91
G0 X49.131 Y56.623
G0 X49.175 Y56.481
G1 F3600 X47.916 Y57.74 E0.02961
G1 X47.846 Y57.81
G0 F7200 X47.846 Y57.59
G0 X46.425 Y57.59
G0 X46.425 Y57.739
G1 F3600 X43.761 Y55.074 E0.06266
G1 X43.691 Y55.004
G0 F7200 X43.91 Y55.004
G0 X43.91 Y56.238
G0 X43.761 Y56.238
G1 F3600 X45.765 Y54.234 E0.04713
G1 X45.835 Y54.164
G0 F7200 X45.643 Y54.32
G0 X47.193 Y55.699
G0 X48.377 Y56.331
G0 X49.663 Y56.722
G0 X51 Y56.854
G0 X52.337 Y56.722
G0 X53.494 Y56.37
G0 X55.26 Y55.41
G0 X55.26 Y55.26
G1 F3600 X56.236 Y56.236 E0.02295
G1 X56.306 Y56.306
G0 F7200 X56.09 Y56.305
G0 X52.376 Y56.773
G0 X52.287 Y56.477
;TYPE:WALL-INNER
G1 F3600 X51 Y56.599 E0.0215
G1 X49.708 Y56.476 E0.02158
G1 X48.469 Y56.097 E0.02155
G1 X47.334 Y55.494 E0.02137
G1 X46.328 Y54.666 E0.02167
G1 X45.505 Y53.661 E0.0216
G1 X44.91 Y52.547 E0.021
G1 X44.783 Y52.148 E0.00696
G1 X43.601 Y52.146 E0.01966
G1 X43.601 Y57.899 E0.09567
G1 X56.272 Y57.9 E0.21072
G1 X56.396 Y57.69 E0.00406
G1 X56.399 Y55.1 E0.04307
G1 X55.143 Y55.1 E0.02089
G1 X54.666 Y55.492 E0.01027
G1 X53.527 Y56.097 E0.02145
G1 X52.287 Y56.477 E0.02157
G1 F1500 E-6.5
G0 F7200 X52.376 Y56.773
G0 X51 Y56.432
G0 X51 Y55.332
G0 X46.073 Y47.96
G0 X45.058 Y47.539
G0 X45.235 Y46.189
G0 X45.505 Y46.335
G1 F1500 E6.5
G1 F3600 X46.326 Y45.332 E0.02156
G1 X47.335 Y44.505 E0.0217
G1 X48.471 Y43.898 E0.02142
G1 X49.708 Y43.524 E0.02149
G1 X51 Y43.396 E0.02159
G1 X52.288 Y43.524 E0.02153
G1 X53.525 Y43.898 E0.02149
G1 X54.665 Y44.508 E0.0215
G1 X55.143 Y44.9 E0.01028
G1 X56.4 Y44.9 E0.0209
G1 X56.4 Y42.313 E0.04302
G1 X56.274 Y42.101 E0.0041
G1 X43.6 Y42.1 E0.21077
G1 X43.6 Y47.852 E0.09566
G1 X44.782 Y47.852 E0.01966
G1 X44.926 Y47.416 E0.00764
G1 X45.505 Y46.335 E0.02039
G0 F7200 X45.831 Y46.573
;TYPE:WALL-OUTER
G1 F1800 X46.629 Y45.601 E0.02091
G1 X47.573 Y44.831 E0.02026
G1 X48.605 Y44.279 E0.01946
G1 X49.804 Y43.916 E0.02083
G1 X51.02 Y43.8 E0.02031
G1 X52.192 Y43.916 E0.01959
G1 X53.391 Y44.279 E0.02083
G1 X54.423 Y44.831 E0.01946
G1 X55 Y45.3 E0.01237
G1 X56.8 Y45.3 E0.02993
G1 X56.8 Y42.262 E0.05052
G1 X56.635 Y41.879 E0.00694
G1 X56.356 Y41.701 E0.0055
G1 X43.2 Y41.7 E0.21879
G1 X43.2 Y47.952 E0.10397
G1 F1600 X43.25 Y48.452 E0.0094
G1 X43.5 Y48.252 E0.00599
G1 F1800 X45.079 Y48.252 E0.02626
G1 X45.279 Y47.605 E0.01126
G1 X45.831 Y46.573 E0.01946
G0 F7200 X45.957 Y46.419
G0 X45.408 Y45.968
G0 X43.48 Y47.972
G0 X43.25 Y48.452
G1 F1431.4 X43.251 Y51.587 E0.06556
G0 F7200 X43.48 Y52.027
G0 X47.416 Y55.365
G0 X48.531 Y55.96
G0 X49.512 Y56.258
G0 X52.26 Y56.79
G0 X52.192 Y56.084
G1 F1800 X50.981 Y56.196 E0.02022
G1 X49.805 Y56.084 E0.01965
G1 X48.641 Y55.732 E0.02022
G1 X47.54 Y55.147 E0.02073
G1 X46.628 Y54.395 E0.01966
G1 X45.831 Y53.423 E0.0209
G1 X45.264 Y52.355 E0.02011
G1 X45.079 Y51.748 E0.01055
G1 X43.499 Y51.745 E0.02628
G1 F1589.4 X43.251 Y51.587 E0.00554
G1 X43.201 Y52.043 E0.00864
G1 F1800 X43.201 Y58.299 E0.10404
G1 X56.354 Y58.3 E0.21874
G1 X56.635 Y58.12 E0.00555
G1 X56.756 Y57.902 E0.00415
G1 X56.796 Y57.739 E0.00279
G1 X56.799 Y54.7 E0.05054
G1 X55 Y54.7 E0.02992
G1 X54.422 Y55.169 E0.01238
G1 X53.355 Y55.732 E0.02006
G1 X52.192 Y56.084 E0.02021
G0 F7200 X51.993 Y56.102
G0 X52.091 Y57.109
G1 F1500 E-6.5
;MESH:NONMESH
G0 F600 X52.091 Y57.109 Z16.8
G0 F7200 X51 Y56.432
G0 X51 Y55.332
G0 X46.073 Y47.96
G0 X45.058 Y47.539
G0 X43.91 Y43.76
G0 X43.76 Y43.76
;TIME_ELAPSED:1406.702049
;LAYER:165
;TYPE:FILL
;MESH:head.stl
G1 F1500 E6.5
G1 F3600 X45.765 Y45.765 E0.04715
G1 X45.835 Y45.835
G0 F7200 X45.645 Y45.678
G0 X43.91 Y44.925
G0 X43.76 Y44.925
G1 F3600 X46.426 Y42.26 E0.06269
G1 X46.496 Y42.19
G0 F7200 X46.496 Y42.41
G0 X47.917 Y42.41
G0 X47.917 Y42.26
G1 F3600 X49.174 Y43.517 E0.02956
G1 X49.244 Y43.587
G0 F7200 X49.176 Y43.363
G0 X51.112 Y43.098
G0 X51.098 Y43.245
G1 F3600 X52.083 Y42.26 E0.02317
G1 X52.153 Y42.19
G0 F7200 X52.153 Y42.41
G0 X53.574 Y42.41
G0 X53.574 Y42.26
G1 F3600 X56.054 Y44.74 E0.05833
G0 F7200 X55.259 Y44.74
G1 F3600 X56.24 Y43.759 E0.02307
G1 X56.31 Y43.689
G1 F1500 E-6.5
G0 F7200 X56.09 Y43.689
G0 X56.053 Y45.07
G0 X56.053 Y46.165
G0 X56.053 Y53.835
G0 X56.053 Y54.93
G0 X56.053 Y55.26
G1 F1500 E6.5
G1 F3600 X53.573 Y57.74 E0.05833
G1 X53.503 Y57.81
G0 F7200 X53.503 Y57.59
G0 X52.083 Y57.59
G0 X52.083 Y57.74
G1 F3600 X51.091 Y56.748 E0.02333
G1 X51.021 Y56.678
G0 F7200 X51.043 Y56.91
G0 X49.131 Y56.623
G0 X49.175 Y56.481
G1 F3600 X47.916 Y57.74 E0.02961
G1 X47.846 Y57.81
G0 F7200 X47.846 Y57.59
G0 X46.425 Y57.59
G0 X46.425 Y57.739
G1 F3600 X43.76 Y55.074 E0.06268
G1 X43.69 Y55.004
G0 F7200 X43.91 Y55.004
G0 X43.91 Y56.238
G0 X43.761 Y56.238
G1 F3600 X45.765 Y54.234 E0.04713
G1 X45.835 Y54.164
G0 F7200 X45.643 Y54.32
G0 X47.193 Y55.699
G0 X48.377 Y56.331
G0 X49.663 Y56.722
G0 X51 Y56.854
G0 X52.337 Y56.722
G0 X53.494 Y56.37
G0 X55.26 Y55.41
G0 X55.26 Y55.26
G1 F3600 X56.236 Y56.236 E0.02295
G1 X56.306 Y56.306
G0 F7200 X56.09 Y56.305
G0 X52.376 Y56.773
G0 X52.287 Y56.477
;TYPE:WALL-INNER
G1 F3600 X51 Y56.599 E0.0215
G1 X49.708 Y56.476 E0.02158
G1 X48.469 Y56.097 E0.02155
G1 X47.334 Y55.494 E0.02137
G1 X46.328 Y54.666 E0.02167
G1 X45.505 Y53.661 E0.0216
G1 X44.926 Y52.58 E0.02039
G1 X44.766 Y52.088 E0.0086
G1 X43.6 Y52.088 E0.01939
G1 X43.601 Y57.899 E0.09664
G1 X56.272 Y57.9 E0.21072
G1 X56.396 Y57.69 E0.00406
G1 X56.399 Y55.1 E0.04307
G1 X55.143 Y55.1 E0.02089
G1 X54.666 Y55.492 E0.01027
G1 X53.527 Y56.097 E0.02145
G1 X52.287 Y56.477 E0.02157
G1 F1500 E-6.5
G0 F7200 X52.376 Y56.773
G0 X51 Y56.432
G0 X51 Y55.332
G0 X46.073 Y47.959
G0 X45.058 Y47.539
G0 X45.234 Y46.19
G0 X45.504 Y46.336
G1 F1500 E6.5
G1 F3600 X46.326 Y45.332 E0.02158
G1 X47.335 Y44.505 E0.0217
G1 X48.471 Y43.898 E0.02142
G1 X49.708 Y43.524 E0.02149
G1 X51 Y43.396 E0.02159
G1 X52.288 Y43.524 E0.02153
G1 X53.525 Y43.898 E0.02149
G1 X54.665 Y44.508 E0.0215
G1 X55.143 Y44.9 E0.01028
G1 X56.4 Y44.9 E0.0209
G1 X56.4 Y42.313 E0.04302
G1 X56.274 Y42.101 E0.0041
G1 X43.6 Y42.1 E0.21077
G1 X43.6 Y47.908 E0.09659
G1 X44.766 Y47.908 E0.01939
G1 X44.897 Y47.481 E0.00743
G1 X45.504 Y46.336 E0.02155
G0 F7200 X45.831 Y46.573
;TYPE:WALL-OUTER
G1 F1800 X46.629 Y45.601 E0.02091
G1 X47.573 Y44.831 E0.02026
G1 X48.605 Y44.279 E0.01946
G1 X49.804 Y43.916 E0.02083
G1 X51.02 Y43.8 E0.02031
G1 X52.192 Y43.916 E0.01959
G1 X53.391 Y44.279 E0.02083
G1 X54.423 Y44.831 E0.01946
G1 X55 Y45.3 E0.01237
G1 X56.8 Y45.3 E0.02993
G1 X56.8 Y42.262 E0.05052
G1 X56.635 Y41.879 E0.00694
G1 X56.356 Y41.701 E0.0055
G1 X43.2 Y41.7 E0.21879
G1 X43.2 Y48.008 E0.1049
G1 F1600 X43.25 Y48.508 E0.0094
G1 X43.5 Y48.308 E0.00599
G1 F1800 X45.063 Y48.308 E0.02599
G1 X45.269 Y47.627 E0.01183
G1 X45.831 Y46.573 E0.01986
G0 F7200 X45.957 Y46.419
G0 X45.408 Y45.968
G0 X43.48 Y48.03
G0 X43.25 Y48.508
G1 F1431.4 X43.251 Y51.531 E0.06322
G0 F7200 X43.48 Y51.969
G0 X47.416 Y55.365
G0 X48.531 Y55.96
G0 X49.512 Y56.258
G0 X52.26 Y56.79
G0 X52.192 Y56.084
G1 F1800 X50.981 Y56.196 E0.02022
G1 X49.805 Y56.084 E0.01965
G1 X48.641 Y55.732 E0.02022
G1 X47.54 Y55.147 E0.02073
G1 X46.628 Y54.395 E0.01966
G1 X45.831 Y53.423 E0.0209
G1 X45.269 Y52.369 E0.01986
G1 X45.063 Y51.688 E0.01183
G1 X43.5 Y51.688 E0.02599
G1 F1589.4 X43.251 Y51.531 E0.00554
G1 X43.2 Y51.988 E0.00866
G1 F1800 X43.201 Y58.299 E0.10495
G1 X56.354 Y58.3 E0.21874
G1 X56.635 Y58.12 E0.00555
G1 X56.756 Y57.902 E0.00415
G1 X56.796 Y57.739 E0.00279
G1 X56.799 Y54.7 E0.05054
G1 X55 Y54.7 E0.02992
G1 X54.422 Y55.169 E0.01238
G1 X53.355 Y55.732 E0.02006
G1 X52.192 Y56.084 E0.02021
G0 F7200 X51.993 Y56.102
G0 X52.091 Y57.109
G1 F1500 E-6.5
;MESH:NONMESH
G0 F600 X52.091 Y57.109 Z16.9
G0 F7200 X51 Y56.432
G0 X51 Y55.332
G0 X46.073 Y47.959
G0 X45.058 Y47.539
G0 X43.91 Y43.76
G0 X43.76 Y43.76
;TIME_ELAPSED:1414.560221
;LAYER:166
;TYPE:FILL
;MESH:head.stl
G1 F1500 E6.5
G1 F3600 X45.765 Y45.765 E0.04715
G1 X45.835 Y45.835
G0 F7200 X45.645 Y45.678
G0 X43.91 Y44.925
G0 X43.76 Y44.925
G1 F3600 X46.426 Y42.26 E0.06269
G1 X46.496 Y42.19
G0 F7200 X46.496 Y42.41
G0 X47.917 Y42.41
G0 X47.917 Y42.26
G1 F3600 X49.174 Y43.517 E0.02956
G1 X49.244 Y43.587
G0 F7200 X49.176 Y43.363
G0 X51.112 Y43.098
G0 X51.098 Y43.245
G1 F3600 X52.083 Y42.26 E0.02317
G1 X52.153 Y42.19
G0 F7200 X52.153 Y42.41
G0 X53.574 Y42.41
G0 X53.574 Y42.26
G1 F3600 X56.054 Y44.74 E0.05833
G0 F7200 X55.259 Y44.74
G1 F3600 X56.24 Y43.759 E0.02307
G1 X56.31 Y43.689
G1 F1500 E-6.5
G0 F7200 X56.09 Y43.689
G0 X56.053 Y45.07
G0 X56.053 Y46.165
G0 X56.053 Y53.835
G0 X56.053 Y54.93
G0 X56.053 Y55.26
G1 F1500 E6.5
G1 F3600 X53.573 Y57.74 E0.05833
G1 X53.503 Y57.81
G0 F7200 X53.503 Y57.59
G0 X52.083 Y57.59
G0 X52.083 Y57.74
G1 F3600 X51.091 Y56.748 E0.02333
G1 X51.021 Y56.678
G0 F7200 X51.043 Y56.91
G0 X49.131 Y56.623
G0 X49.175 Y56.481
G1 F3600 X47.916 Y57.74 E0.02961
G1 X47.846 Y57.81
G0 F7200 X47.846 Y57.59
G0 X46.425 Y57.59
G0 X46.425 Y57.739
G1 F3600 X43.761 Y55.074 E0.06266
G1 X43.691 Y55.004
G0 F7200 X43.91 Y55.004
G0 X43.91 Y56.238
G0 X43.761 Y56.238
G1 F3600 X45.765 Y54.234 E0.04713
G1 X45.835 Y54.164
G0 F7200 X45.643 Y54.32
G0 X47.193 Y55.699
G0 X48.377 Y56.331
G0 X49.663 Y56.722
G0 X51 Y56.854
G0 X52.337 Y56.722
G0 X53.494 Y56.37
G0 X55.26 Y55.41
G0 X55.26 Y55.26
G1 F3600 X56.236 Y56.236 E0.02295
G1 X56.306 Y56.306
G0 F7200 X56.09 Y56.305
G0 X52.376 Y56.773
G0 X52.287 Y56.477
;TYPE:WALL-INNER
G1 F3600 X51 Y56.599 E0.0215
G1 X49.708 Y56.476 E0.02158
G1 X48.469 Y56.097 E0.02155
G1 X47.334 Y55.494 E0.02137
G1 X46.328 Y54.666 E0.02167
G1 X45.505 Y53.661 E0.0216
G1 X44.926 Y52.58 E0.02039
G1 X44.749 Y52.032 E0.00958
G1 X43.601 Y52.029 E0.01909
G1 X43.601 Y57.899 E0.09762
G1 X56.272 Y57.9 E0.21072
G1 X56.396 Y57.69 E0.00406
G1 X56.399 Y55.1 E0.04307
G1 X55.143 Y55.1 E0.02089
G1 X54.666 Y55.492 E0.01027
G1 X53.527 Y56.097 E0.02145
G1 X52.287 Y56.477 E0.02157
G1 F1500 E-6.5
G0 F7200 X52.376 Y56.773
G0 X51 Y56.432
G0 X51 Y55.332
G0 X46.073 Y47.96
G0 X45.058 Y47.539
G0 X45.235 Y46.189
G0 X45.505 Y46.335
G1 F1500 E6.5
G1 F3600 X46.326 Y45.332 E0.02156
G1 X47.335 Y44.505 E0.0217
G1 X48.471 Y43.898 E0.02142
G1 X49.708 Y43.524 E0.02149
G1 X51 Y43.396 E0.02159
G1 X52.288 Y43.524 E0.02153
G1 X53.525 Y43.898 E0.02149
G1 X54.665 Y44.508 E0.0215
G1 X55.143 Y44.9 E0.01028
G1 X56.4 Y44.9 E0.0209
G1 X56.4 Y42.313 E0.04302
G1 X56.274 Y42.101 E0.0041
G1 X43.6 Y42.1 E0.21077
G1 X43.6 Y47.968 E0.09759
G1 X44.749 Y47.968 E0.01911
G1 X44.899 Y47.467 E0.0087
G1 X45.505 Y46.335 E0.02135
G0 F7200 X45.235 Y46.189
G0 X44.59 Y47.431
G0 X45.265 Y47.637
;TYPE:WALL-OUTER
G1 F1800 X45.831 Y46.573 E0.02004
G1 X46.629 Y45.601 E0.02091
G1 X47.573 Y44.831 E0.02026
G1 X48.605 Y44.279 E0.01946
G1 X49.804 Y43.916 E0.02083
G1 X51.02 Y43.8 E0.02031
G1 X52.192 Y43.916 E0.01959
G1 X53.391 Y44.279 E0.02083
G1 X54.423 Y44.831 E0.01946
G1 X55 Y45.3 E0.01237
G1 X56.8 Y45.3 E0.02993
G1 X56.8 Y42.262 E0.05052
G1 X56.635 Y41.879 E0.00694
G1 X56.356 Y41.701 E0.0055
G1 X43.2 Y41.7 E0.21879
G1 X43.2 Y48.068 E0.1059
G1 F1600 X43.25 Y48.568 E0.0094
G1 X43.5 Y48.368 E0.00599
G1 F1800 X45.047 Y48.368 E0.02573
G1 X45.265 Y47.637 E0.01269
G0 F7200 X45.358 Y47.461
G0 X44.734 Y47.127
G0 X43.48 Y48.088
G0 X43.25 Y48.568
G1 F1431.4 X43.251 Y51.471 E0.06071
G0 F7200 X43.48 Y51.911
G0 X46.438 Y54.562
G0 X47.416 Y55.365
G0 X48.531 Y55.96
G0 X49.512 Y56.258
G0 X52.26 Y56.79
G0 X52.192 Y56.084
G1 F1800 X50.981 Y56.196 E0.02022
G1 X49.805 Y56.084 E0.01965
G1 X48.641 Y55.732 E0.02022
G1 X47.54 Y55.147 E0.02073
G1 X46.628 Y54.395 E0.01966
G1 X45.831 Y53.423 E0.0209
G1 X45.279 Y52.391 E0.01946
G1 X45.047 Y51.632 E0.0132
G1 X43.499 Y51.629 E0.02574
G1 F1589.4 X43.251 Y51.471 E0.00554
G1 X43.201 Y51.927 E0.00864
G1 F1800 X43.201 Y58.299 E0.10597
G1 X56.354 Y58.3 E0.21874
G1 X56.635 Y58.12 E0.00555
G1 X56.756 Y57.902 E0.00415
G1 X56.796 Y57.739 E0.00279
G1 X56.799 Y54.7 E0.05054
G1 X55 Y54.7 E0.02992
G1 X54.422 Y55.169 E0.01238
G1 X53.355 Y55.732 E0.02006
G1 X52.192 Y56.084 E0.02021
G0 F7200 X51.993 Y56.102
G0 X52.091 Y57.109
G1 F1500 E-6.5
;MESH:NONMESH
G0 F600 X52.091 Y57.109 Z17
G0 F7200 X51 Y56.432
G0 X51 Y55.332
G0 X46.073 Y47.96
G0 X45.058 Y47.539
G0 X43.91 Y43.76
G0 X43.76 Y43.76
;TIME_ELAPSED:1422.461205
;LAYER:167
;TYPE:FILL
;MESH:head.stl
G1 F1500 E6.5
G1 F3600 X45.765 Y45.765 E0.04715
G1 X45.835 Y45.835
G0 F7200 X45.645 Y45.678
G0 X43.91 Y44.925
G0 X43.76 Y44.925
G1 F3600 X46.426 Y42.26 E0.06269
G1 X46.496 Y42.19
G0 F7200 X46.496 Y42.41
G0 X47.917 Y42.41
G0 X47.917 Y42.26
G1 F3600 X49.174 Y43.517 E0.02956
G1 X49.244 Y43.587
G0 F7200 X49.176 Y43.363
G0 X51.112 Y43.098
G0 X51.098 Y43.245
G1 F3600 X52.083 Y42.26 E0.02317
G1 X52.153 Y42.19
G0 F7200 X52.153 Y42.41
G0 X53.574 Y42.41
G0 X53.574 Y42.26
G1 F3600 X56.054 Y44.74 E0.05833
G0 F7200 X55.259 Y44.74
G1 F3600 X56.24 Y43.759 E0.02307
G1 X56.31 Y43.689
G1 F1500 E-6.5
G0 F7200 X56.09 Y43.689
G0 X56.053 Y45.07
G0 X56.053 Y46.165
G0 X56.053 Y53.835
G0 X56.053 Y54.93
G0 X56.053 Y55.26
G1 F1500 E6.5
G1 F3600 X53.573 Y57.74 E0.05833
G1 X53.503 Y57.81
G0 F7200 X53.503 Y57.59
G0 X52.083 Y57.59
G0 X52.083 Y57.74
G1 F3600 X51.091 Y56.748 E0.02333
G1 X51.021 Y56.678
G0 F7200 X51.043 Y56.91
G0 X49.131 Y56.623
G0 X49.175 Y56.481
G1 F3600 X47.916 Y57.74 E0.02961
G1 X47.846 Y57.81
G0 F7200 X47.846 Y57.59
G0 X46.425 Y57.59
G0 X46.425 Y57.739
G1 F3600 X43.76 Y55.074 E0.06268
G1 X43.69 Y55.004
G0 F7200 X43.91 Y55.004
G0 X43.91 Y56.238
G0 X43.761 Y56.238
G1 F3600 X45.765 Y54.234 E0.04713
G1 X45.835 Y54.164
G0 F7200 X45.643 Y54.32
G0 X47.193 Y55.699
G0 X48.377 Y56.331
G0 X49.663 Y56.722
G0 X51 Y56.854
G0 X52.337 Y56.722
G0 X53.494 Y56.37
G0 X55.26 Y55.41
G0 X55.26 Y55.26
G1 F3600 X56.236 Y56.236 E0.02295
G1 X56.306 Y56.306
G0 F7200 X56.09 Y56.305
G0 X52.376 Y56.773
G0 X52.287 Y56.477
;TYPE:WALL-INNER
G1 F3600 X51 Y56.599 E0.0215
G1 X49.708 Y56.476 E0.02158
G1 X48.469 Y56.097 E0.02155
G1 X47.334 Y55.494 E0.02137
G1 X46.328 Y54.666 E0.02167
G1 X45.505 Y53.661 E0.0216
G1 X44.898 Y52.528 E0.02138
G1 X44.731 Y51.972 E0.00965
G1 X43.6 Y51.972 E0.01881
G1 X43.601 Y57.899 E0.09857
G1 X56.272 Y57.9 E0.21072
G1 X56.396 Y57.69 E0.00406
G1 X56.399 Y55.1 E0.04307
G1 X55.143 Y55.1 E0.02089
G1 X54.666 Y55.492 E0.01027
G1 X53.527 Y56.097 E0.02145
G1 X52.287 Y56.477 E0.02157
G1 F1500 E-6.5
G0 F7200 X52.376 Y56.773
G0 X51 Y56.432
G0 X51 Y55.332
G0 X46.073 Y47.959
G0 X45.058 Y47.539
G0 X45.235 Y46.189
G0 X45.505 Y46.335
G1 F1500 E6.5
G1 F3600 X46.326 Y45.332 E0.02156
G1 X47.335 Y44.505 E0.0217
G1 X48.471 Y43.898 E0.02142
G1 X49.708 Y43.524 E0.02149
G1 X51 Y43.396 E0.02159
G1 X52.288 Y43.524 E0.02153
G1 X53.525 Y43.898 E0.02149
G1 X54.665 Y44.508 E0.0215
G1 X55.143 Y44.9 E0.01028
G1 X56.4 Y44.9 E0.0209
G1 X56.4 Y42.313 E0.04302
G1 X56.274 Y42.101 E0.0041
G1 X43.6 Y42.1 E0.21077
G1 X43.6 Y48.024 E0.09852
G1 X44.73 Y48.024 E0.01879
G1 X44.898 Y47.468 E0.00966
G1 X45.505 Y46.335 E0.02138
G0 F7200 X45.235 Y46.189
G0 X44.656 Y47.272
G0 X45.279 Y47.605
;TYPE:WALL-OUTER
G1 F1800 X45.831 Y46.573 E0.01946
G1 X46.629 Y45.601 E0.02091
G1 X47.573 Y44.831 E0.02026
G1 X48.605 Y44.279 E0.01946
G1 X49.804 Y43.916 E0.02083
G1 X51.02 Y43.8 E0.02031
G1 X52.192 Y43.916 E0.01959
G1 X53.391 Y44.279 E0.02083
G1 X54.423 Y44.831 E0.01946
G1 X55 Y45.3 E0.01237
G1 X56.8 Y45.3 E0.02993
G1 X56.8 Y42.262 E0.05052
G1 X56.635 Y41.879 E0.00694
G1 X56.356 Y41.701 E0.0055
G1 X43.2 Y41.7 E0.21879
G1 X43.2 Y48.124 E0.10683
G1 F1600 X43.25 Y48.624 E0.0094
G1 X43.5 Y48.424 E0.00599
G1 F1800 X45.027 Y48.424 E0.02539
G1 X45.279 Y47.605 E0.01425
G0 F7200 X45.373 Y47.429
G0 X44.751 Y47.096
G0 X43.48 Y48.146
G0 X43.25 Y48.624
G1 F1431.4 X43.251 Y51.415 E0.05837
G0 F7200 X43.48 Y51.853
G0 X46.438 Y54.562
G0 X47.416 Y55.365
G0 X48.531 Y55.96
G0 X49.512 Y56.258
G0 X52.26 Y56.79
G0 X52.192 Y56.084
G1 F1800 X50.981 Y56.196 E0.02022
G1 X49.805 Y56.084 E0.01965
G1 X48.641 Y55.732 E0.02022
G1 X47.54 Y55.147 E0.02073
G1 X46.628 Y54.395 E0.01966
G1 X45.831 Y53.423 E0.0209
G1 X45.264 Y52.355 E0.02011
G1 X45.027 Y51.572 E0.0136
G1 X43.5 Y51.572 E0.02539
G1 F1589.4 X43.251 Y51.415 E0.00554
G1 X43.2 Y51.872 E0.00866
G1 F1800 X43.201 Y58.299 E0.10688
G1 X56.354 Y58.3 E0.21874
G1 X56.635 Y58.12 E0.00555
G1 X56.756 Y57.902 E0.00415
G1 X56.796 Y57.739 E0.00279
G1 X56.799 Y54.7 E0.05054
G1 X55 Y54.7 E0.02992
G1 X54.422 Y55.169 E0.01238
G1 X53.355 Y55.732 E0.02006
G1 X52.192 Y56.084 E0.02021
G0 F7200 X51.993 Y56.102
G0 X52.091 Y57.109
G1 F1500 E-6.5
;MESH:NONMESH
G0 F600 X52.091 Y57.109 Z17.1
G0 F7200 X51 Y56.432
G0 X51 Y55.332
G0 X46.073 Y47.959
G0 X45.058 Y47.539
G0 X43.91 Y43.76
G0 X43.76 Y43.76
;TIME_ELAPSED:1430.365031
;LAYER:168
;TYPE:FILL
;MESH:head.stl
G1 F1500 E6.5
G1 F3600 X45.765 Y45.765 E0.04715
G1 X45.835 Y45.835
G0 F7200 X45.645 Y45.678
G0 X43.91 Y44.925
G0 X43.761 Y44.925
G1 F3600 X46.426 Y42.26 E0.06268
G1 X46.496 Y42.19
G0 F7200 X46.496 Y42.41
G0 X47.917 Y42.41
G0 X47.917 Y42.26
G1 F3600 X49.174 Y43.517 E0.02956
G1 X49.244 Y43.587
G0 F7200 X49.176 Y43.363
G0 X51.112 Y43.098
G0 X51.098 Y43.245
G1 F3600 X52.083 Y42.26 E0.02317
G1 X52.153 Y42.19
G0 F7200 X52.153 Y42.41
G0 X53.574 Y42.41
G0 X53.574 Y42.26
G1 F3600 X56.054 Y44.74 E0.05833
G0 F7200 X55.259 Y44.74
G1 F3600 X56.24 Y43.759 E0.02307
G1 X56.31 Y43.689
G1 F1500 E-6.5
G0 F7200 X56.09 Y43.689
G0 X56.053 Y45.07
G0 X56.053 Y46.165
G0 X56.053 Y53.835
G0 X56.053 Y54.93
G0 X56.053 Y55.26
G1 F1500 E6.5
G1 F3600 X53.573 Y57.74 E0.05833
G1 X53.503 Y57.81
G0 F7200 X53.503 Y57.59
G0 X52.083 Y57.59
G0 X52.083 Y57.74
G1 F3600 X51.091 Y56.748 E0.02333
G1 X51.021 Y56.678
G0 F7200 X51.043 Y56.91
G0 X49.131 Y56.623
G0 X49.175 Y56.481
G1 F3600 X47.916 Y57.74 E0.02961
G1 X47.846 Y57.81
G0 F7200 X47.846 Y57.59
G0 X46.425 Y57.59
G0 X46.425 Y57.739
G1 F3600 X43.76 Y55.074 E0.06268
G1 X43.69 Y55.004
G0 F7200 X43.91 Y55.004
G0 X43.91 Y56.238
G0 X43.761 Y56.238
G1 F3600 X45.765 Y54.234 E0.04713
G1 X45.835 Y54.164
G0 F7200 X45.643 Y54.32
G0 X47.193 Y55.699
G0 X48.377 Y56.331
G0 X49.663 Y56.722
G0 X51 Y56.854
G0 X52.337 Y56.722
G0 X53.494 Y56.37
G0 X55.26 Y55.41
G0 X55.26 Y55.26
G1 F3600 X56.236 Y56.236 E0.02295
G1 X56.306 Y56.306
G0 F7200 X56.09 Y56.305
G0 X52.376 Y56.773
G0 X52.287 Y56.477
;TYPE:WALL-INNER
G1 F3600 X51 Y56.599 E0.0215
G1 X49.708 Y56.476 E0.02158
G1 X48.469 Y56.097 E0.02155
G1 X47.334 Y55.494 E0.02137
G1 X46.328 Y54.666 E0.02167
G1 X45.505 Y53.661 E0.0216
G1 X44.899 Y52.529 E0.02135
G1 X44.714 Y51.916 E0.01065
G1 X43.6 Y51.916 E0.01853
G1 X43.601 Y57.899 E0.0995
G1 X56.272 Y57.9 E0.21072
G1 X56.396 Y57.69 E0.00406
G1 X56.399 Y55.1 E0.04307
G1 X55.143 Y55.1 E0.02089
G1 X54.666 Y55.492 E0.01027
G1 X53.527 Y56.097 E0.02145
G1 X52.287 Y56.477 E0.02157
G1 F1500 E-6.5
G0 F7200 X52.376 Y56.773
G0 X51 Y56.432
G0 X51 Y55.332
G0 X46.073 Y47.959
G0 X45.058 Y47.539
G0 X45.235 Y46.189
G0 X45.505 Y46.335
G1 F1500 E6.5
G1 F3600 X46.326 Y45.332 E0.02156
G1 X47.335 Y44.505 E0.0217
G1 X48.471 Y43.898 E0.02142
G1 X49.708 Y43.524 E0.02149
G1 X51 Y43.396 E0.02159
G1 X52.288 Y43.524 E0.02153
G1 X53.525 Y43.898 E0.02149
G1 X54.665 Y44.508 E0.0215
G1 X55.143 Y44.9 E0.01028
G1 X56.4 Y44.9 E0.0209
G1 X56.4 Y42.313 E0.04302
G1 X56.274 Y42.101 E0.0041
G1 X43.6 Y42.1 E0.21077
G1 X43.601 Y48.079 E0.09943
G1 X44.714 Y48.079 E0.01851
G1 X44.899 Y47.466 E0.01065
G1 X45.505 Y46.335 E0.02134
G0 F7200 X45.235 Y46.189
G0 X44.656 Y47.272
G0 X45.279 Y47.605
;TYPE:WALL-OUTER
G1 F1800 X45.831 Y46.573 E0.01946
G1 X46.629 Y45.601 E0.02091
G1 X47.573 Y44.831 E0.02026
G1 X48.605 Y44.279 E0.01946
G1 X49.804 Y43.916 E0.02083
G1 X51.02 Y43.8 E0.02031
G1 X52.192 Y43.916 E0.01959
G1 X53.391 Y44.279 E0.02083
G1 X54.423 Y44.831 E0.01946
G1 X55 Y45.3 E0.01237
G1 X56.8 Y45.3 E0.02993
G1 X56.8 Y42.262 E0.05052
G1 X56.635 Y41.879 E0.00694
G1 X56.356 Y41.701 E0.0055
G1 X43.2 Y41.7 E0.21879
G1 X43.2 Y48.18 E0.10776
G1 F1600 X43.25 Y48.68 E0.0094
G1 X43.5 Y48.48 E0.00599
G1 F1800 X45.011 Y48.479 E0.02513
G1 X45.279 Y47.605 E0.0152
G0 F7200 X45.373 Y47.429
G0 X44.751 Y47.096
G0 X43.48 Y48.203
G0 X43.25 Y48.68
G1 F1431.4 X43.251 Y51.359 E0.05602
G0 F7200 X43.48 Y51.796
G0 X46.438 Y54.562
G0 X47.416 Y55.365
G0 X48.531 Y55.96
G0 X49.512 Y56.258
G0 X52.26 Y56.79
G0 X52.192 Y56.084
G1 F1800 X50.981 Y56.196 E0.02022
G1 X49.805 Y56.084 E0.01965
G1 X48.641 Y55.732 E0.02022
G1 X47.54 Y55.147 E0.02073
G1 X46.628 Y54.395 E0.01966
G1 X45.831 Y53.423 E0.0209
G1 X45.279 Y52.391 E0.01946
G1 X45.011 Y51.516 E0.01522
G1 X43.5 Y51.516 E0.02513
G1 F1589.4 X43.251 Y51.359 E0.00554
G1 X43.2 Y51.816 E0.00866
G1 F1800 X43.201 Y58.299 E0.10781
G1 X56.354 Y58.3 E0.21874
G1 X56.635 Y58.12 E0.00555
G1 X56.756 Y57.902 E0.00415
G1 X56.796 Y57.739 E0.00279
G1 X56.799 Y54.7 E0.05054
G1 X55 Y54.7 E0.02992
G1 X54.422 Y55.169 E0.01238
G1 X53.355 Y55.732 E0.02006
G1 X52.192 Y56.084 E0.02021
G0 F7200 X51.993 Y56.102
G0 X52.091 Y57.109
G1 F1500 E-6.5
;MESH:NONMESH
G0 F600 X52.091 Y57.109 Z17.2
G0 F7200 X51 Y56.432
G0 X51 Y55.332
G0 X46.073 Y47.959
G0 X45.058 Y47.539
G0 X43.91 Y43.76
G0 X43.76 Y43.76
;TIME_ELAPSED:1438.273936
;LAYER:169
;TYPE:FILL
;MESH:head.stl
G1 F1500 E6.5
G1 F3600 X45.765 Y45.765 E0.04715
G1 X45.835 Y45.835
G0 F7200 X45.645 Y45.678
G0 X43.91 Y44.925
G0 X43.761 Y44.925
G1 F3600 X46.426 Y42.26 E0.06268
G1 X46.496 Y42.19
G0 F7200 X46.496 Y42.41
G0 X47.917 Y42.41
G0 X47.917 Y42.26
G1 F3600 X49.174 Y43.517 E0.02956
G1 X49.244 Y43.587
G0 F7200 X49.176 Y43.363
G0 X51.112 Y43.098
G0 X51.098 Y43.245
G1 F3600 X52.083 Y42.26 E0.02317
G1 X52.153 Y42.19
G0 F7200 X52.153 Y42.41
G0 X53.574 Y42.41
G0 X53.574 Y42.26
G1 F3600 X56.054 Y44.74 E0.05833
G0 F7200 X55.259 Y44.74
G1 F3600 X56.24 Y43.759 E0.02307
G1 X56.31 Y43.689
G1 F1500 E-6.5
G0 F7200 X56.09 Y43.689
G0 X56.053 Y45.07
G0 X56.053 Y46.165
G0 X56.053 Y53.835
G0 X56.053 Y54.93
G0 X56.053 Y55.26
G1 F1500 E6.5
G1 F3600 X53.573 Y57.74 E0.05833
G1 X53.503 Y57.81
G0 F7200 X53.503 Y57.59
G0 X52.083 Y57.59
G0 X52.083 Y57.74
G1 F3600 X51.091 Y56.748 E0.02333
G1 X51.021 Y56.678
G0 F7200 X51.043 Y56.91
G0 X49.131 Y56.623
G0 X49.175 Y56.481
G1 F3600 X47.916 Y57.74 E0.02961
G1 X47.846 Y57.81
G0 F7200 X47.846 Y57.59
G0 X46.425 Y57.59
G0 X46.425 Y57.739
G1 F3600 X43.76 Y55.074 E0.06268
G1 X43.69 Y55.004
G0 F7200 X43.91 Y55.004
G0 X43.91 Y56.238
G0 X43.761 Y56.238
G1 F3600 X45.765 Y54.234 E0.04713
G1 X45.835 Y54.164
G0 F7200 X45.643 Y54.32
G0 X47.193 Y55.699
G0 X48.377 Y56.331
G0 X49.663 Y56.722
G0 X51 Y56.854
G0 X52.337 Y56.722
G0 X53.494 Y56.37
G0 X55.26 Y55.41
G0 X55.26 Y55.26
G1 F3600 X56.236 Y56.236 E0.02295
G1 X56.306 Y56.306
G0 F7200 X56.09 Y56.305
G0 X52.376 Y56.773
G0 X52.287 Y56.477
;TYPE:WALL-INNER
G1 F3600 X51 Y56.599 E0.0215
G1 X49.708 Y56.476 E0.02158
G1 X48.469 Y56.097 E0.02155
G1 X47.334 Y55.494 E0.02137
G1 X46.328 Y54.666 E0.02167
G1 X45.505 Y53.661 E0.0216
G1 X44.898 Y52.528 E0.02138
G1 X44.695 Y51.856 E0.01167
G1 X43.6 Y51.856 E0.01821
G1 X43.601 Y57.899 E0.1005
G1 X56.272 Y57.9 E0.21072
G1 X56.396 Y57.69 E0.00406
G1 X56.399 Y55.1 E0.04307
G1 X55.143 Y55.1 E0.02089
G1 X54.666 Y55.492 E0.01027
G1 X53.527 Y56.097 E0.02145
G1 X52.287 Y56.477 E0.02157
G1 F1500 E-6.5
G0 F7200 X52.376 Y56.773
G0 X51 Y56.432
G0 X51 Y55.332
G0 X46.073 Y47.959
G0 X45.058 Y47.539
G0 X45.235 Y46.189
G0 X45.505 Y46.335
G1 F1500 E6.5
G1 F3600 X46.326 Y45.332 E0.02156
G1 X47.335 Y44.505 E0.0217
G1 X48.471 Y43.898 E0.02142
G1 X49.708 Y43.524 E0.02149
G1 X51 Y43.396 E0.02159
G1 X52.288 Y43.524 E0.02153
G1 X53.525 Y43.898 E0.02149
G1 X54.665 Y44.508 E0.0215
G1 X55.143 Y44.9 E0.01028
G1 X56.4 Y44.9 E0.0209
G1 X56.4 Y42.313 E0.04302
G1 X56.274 Y42.101 E0.0041
G1 X43.6 Y42.1 E0.21077
G1 X43.601 Y48.139 E0.10043
G1 X44.694 Y48.139 E0.01818
G1 X44.899 Y47.467 E0.01168
G1 X45.505 Y46.335 E0.02135
G0 F7200 X45.235 Y46.189
G0 X44.656 Y47.272
G0 X45.279 Y47.605
;TYPE:WALL-OUTER
G1 F1800 X45.831 Y46.573 E0.01946
G1 X46.629 Y45.601 E0.02091
G1 X47.573 Y44.831 E0.02026
G1 X48.605 Y44.279 E0.01946
G1 X49.804 Y43.916 E0.02083
G1 X51.02 Y43.8 E0.02031
G1 X52.192 Y43.916 E0.01959
G1 X53.391 Y44.279 E0.02083
G1 X54.423 Y44.831 E0.01946
G1 X55 Y45.3 E0.01237
G1 X56.8 Y45.3 E0.02993
G1 X56.8 Y42.262 E0.05052
G1 X56.635 Y41.879 E0.00694
G1 X56.356 Y41.701 E0.0055
G1 X43.2 Y41.7 E0.21879
G1 X43.2 Y48.24 E0.10876
G1 F1600 X43.25 Y48.74 E0.0094
G1 X43.5 Y48.54 E0.00599
G1 F1800 X44.991 Y48.539 E0.0248
G1 X45.279 Y47.605 E0.01625
G0 F7200 X45.373 Y47.429
G0 X44.751 Y47.096
G0 X43.48 Y48.261
G0 X43.25 Y48.74
G1 F1431.4 X43.251 Y51.299 E0.05351
G0 F7200 X43.48 Y51.738
G0 X46.438 Y54.562
G0 X47.416 Y55.365
G0 X48.531 Y55.96
G0 X49.512 Y56.258
G0 X52.26 Y56.79
G0 X52.192 Y56.084
G1 F1800 X50.981 Y56.196 E0.02022
G1 X49.805 Y56.084 E0.01965
G1 X48.641 Y55.732 E0.02022
G1 X47.54 Y55.147 E0.02073
G1 X46.628 Y54.395 E0.01966
G1 X45.831 Y53.423 E0.0209
G1 X45.264 Y52.355 E0.02011
G1 X44.991 Y51.456 E0.01562
G1 X43.5 Y51.456 E0.0248
G1 F1589.4 X43.251 Y51.299 E0.00554
G1 X43.2 Y51.756 E0.00866
G1 F1800 X43.201 Y58.299 E0.10881
G1 X56.354 Y58.3 E0.21874
G1 X56.635 Y58.12 E0.00555
G1 X56.756 Y57.902 E0.00415
G1 X56.796 Y57.739 E0.00279
G1 X56.799 Y54.7 E0.05054
G1 X55 Y54.7 E0.02992
G1 X54.422 Y55.169 E0.01238
G1 X53.355 Y55.732 E0.02006
G1 X52.192 Y56.084 E0.02021
G0 F7200 X51.993 Y56.102
G0 X52.091 Y57.109
G1 F1500 E-6.5
;MESH:NONMESH
G0 F600 X52.091 Y57.109 Z17.3
G0 F7200 X51 Y56.432
G0 X51 Y55.332
G0 X46.073 Y47.959
G0 X45.058 Y47.539
G0 X43.91 Y43.76
G0 X43.76 Y43.76
;TIME_ELAPSED:1446.188424
;LAYER:170
;TYPE:FILL
;MESH:head.stl
G1 F1500 E6.5
G1 F3600 X45.765 Y45.765 E0.04715
G1 X45.835 Y45.835
G0 F7200 X45.645 Y45.678
G0 X43.91 Y44.925
G0 X43.761 Y44.925
G1 F3600 X46.426 Y42.26 E0.06268
G1 X46.496 Y42.19
G0 F7200 X46.495 Y42.41
G0 X47.916 Y42.41
G0 X47.917 Y42.26
G1 F3600 X49.174 Y43.517 E0.02956
G1 X49.244 Y43.587
G0 F7200 X49.176 Y43.363
G0 X51.112 Y43.098
G0 X51.098 Y43.245
G1 F3600 X52.083 Y42.26 E0.02317
G1 X52.153 Y42.19
G0 F7200 X52.152 Y42.41
G0 X53.573 Y42.41
G0 X53.574 Y42.26
G1 F3600 X56.054 Y44.74 E0.05833
G0 F7200 X55.259 Y44.74
G1 F3600 X56.24 Y43.759 E0.02307
G1 X56.31 Y43.689
G0 F7200 X56.09 Y43.689
G0 X51 Y43.146
G0 X49.663 Y43.278
G0 X48.377 Y43.669
G0 X47.193 Y44.301
G0 X46.153 Y45.153
G0 X45.301 Y46.193
G0 X44.669 Y47.377
G0 X44.278 Y48.663
G0 X44.146 Y50
G0 X44.278 Y51.337
G0 X44.669 Y52.623
G0 X45.301 Y53.807
G0 X46.153 Y54.847
G0 X47.193 Y55.699
G0 X48.377 Y56.331
G0 X49.663 Y56.722
G0 X51 Y56.854
G0 X52.337 Y56.722
G0 X56.053 Y55.41
G0 X56.053 Y55.26
G1 F3600 X53.573 Y57.74 E0.05833
G1 X53.503 Y57.81
G0 F7200 X53.503 Y57.59
G0 X52.083 Y57.59
G0 X52.083 Y57.74
G1 F3600 X51.091 Y56.748 E0.02333
G1 X51.021 Y56.678
G0 F7200 X51.043 Y56.91
G0 X49.131 Y56.623
G0 X49.175 Y56.481
G1 F3600 X47.916 Y57.74 E0.02961
G1 X47.846 Y57.81
G0 F7200 X47.846 Y57.59
G0 X46.425 Y57.59
G0 X46.425 Y57.739
G1 F3600 X43.76 Y55.074 E0.06268
G1 X43.69 Y55.004
G0 F7200 X43.91 Y55.004
G0 X43.91 Y56.238
G0 X43.761 Y56.238
G1 F3600 X45.765 Y54.234 E0.04713
G1 X45.835 Y54.164
G0 F7200 X45.643 Y54.32
G0 X44.789 Y52.848
G0 X43.91 Y50.581
G0 X43.761 Y50.581
G1 F3600 X43.841 Y50.502 E0.00187
G0 F7200 X43.91 Y50.502
G0 X43.91 Y49.497
G0 X43.841 Y49.497
G1 F3600 X43.76 Y49.417 E0.00189
G0 F7200 X43.91 Y49.417
G0 X44.278 Y51.337
G0 X44.669 Y52.623
G0 X45.301 Y53.807
G0 X46.153 Y54.847
G0 X47.193 Y55.699
G0 X48.377 Y56.331
G0 X49.663 Y56.722
G0 X51 Y56.854
G0 X52.337 Y56.722
G0 X53.494 Y56.37
G0 X55.26 Y55.41
G0 X55.26 Y55.26
G1 F3600 X56.236 Y56.236 E0.02295
G1 X56.306 Y56.306
G0 F7200 X56.09 Y56.305
G0 X52.376 Y56.773
G0 X52.287 Y56.477
;TYPE:WALL-INNER
G1 F3600 X51 Y56.599 E0.0215
G1 X49.708 Y56.476 E0.02158
G1 X48.469 Y56.097 E0.02155
G1 X47.334 Y55.494 E0.02137
G1 X46.328 Y54.666 E0.02167
G1 X45.505 Y53.661 E0.0216
G1 X44.899 Y52.53 E0.02134
G1 X44.523 Y51.288 E0.02158
G1 X44.4 Y50 E0.02152
G1 X44.523 Y48.708 E0.02158
G1 X44.899 Y47.466 E0.02158
G1 X45.505 Y46.335 E0.02134
G1 X46.326 Y45.332 E0.02156
G1 X47.335 Y44.505 E0.0217
G1 X48.471 Y43.898 E0.02142
G1 X49.708 Y43.524 E0.02149
G1 X51 Y43.396 E0.02159
G1 X52.288 Y43.524 E0.02153
G1 X53.525 Y43.898 E0.02149
G1 X54.665 Y44.508 E0.0215
G1 X55.143 Y44.9 E0.01028
G1 X56.4 Y44.9 E0.0209
G1 X56.4 Y42.313 E0.04302
G1 X56.275 Y42.1 E0.00411
G1 X43.6 Y42.1 E0.21079
G1 X43.601 Y57.899 E0.26274
G1 X56.272 Y57.9 E0.21072
G1 X56.396 Y57.69 E0.00406
G1 X56.399 Y55.1 E0.04307
G1 X55.143 Y55.1 E0.02089
G1 X54.666 Y55.492 E0.01027
G1 X53.527 Y56.097 E0.02145
G1 X52.287 Y56.477 E0.02157
G0 F7200 X52.192 Y56.084
;TYPE:WALL-OUTER
G1 F1800 X50.981 Y56.196 E0.02022
G1 X49.805 Y56.084 E0.01965
G1 X48.641 Y55.732 E0.02022
G1 X47.54 Y55.147 E0.02073
G1 X46.628 Y54.395 E0.01966
G1 X45.831 Y53.423 E0.0209
G1 X45.279 Y52.391 E0.01946
G1 X44.916 Y51.192 E0.02083
G1 X44.8 Y49.98 E0.02025
G1 X44.916 Y48.804 E0.01965
G1 X45.279 Y47.605 E0.02083
G1 X45.831 Y46.573 E0.01946
G1 X46.629 Y45.601 E0.02091
G1 X47.573 Y44.831 E0.02026
G1 X48.605 Y44.279 E0.01946
G1 X49.804 Y43.916 E0.02083
G1 X51.02 Y43.8 E0.02031
G1 X52.192 Y43.916 E0.01959
G1 X53.391 Y44.279 E0.02083
G1 X54.423 Y44.831 E0.01946
G1 X55 Y45.3 E0.01237
G1 X56.8 Y45.3 E0.02993
G1 X56.8 Y42.262 E0.05052
G1 X56.635 Y41.879 E0.00694
G1 X56.36 Y41.7 E0.00546
G1 X43.2 Y41.7 E0.21885
G1 X43.201 Y58.299 E0.27604
G1 X56.354 Y58.3 E0.21874
G1 X56.635 Y58.12 E0.00555
G1 X56.756 Y57.902 E0.00415
G1 X56.796 Y57.739 E0.00279
G1 X56.799 Y54.7 E0.05054
G1 X55 Y54.7 E0.02992
G1 X54.422 Y55.169 E0.01238
G1 X53.355 Y55.732 E0.02006
G1 X52.192 Y56.084 E0.02021
G0 F7200 X51.993 Y56.102
G0 X52.061 Y56.81
G0 X51 Y56.854
G0 X49.663 Y56.722
G0 X48.377 Y56.331
G0 X47.193 Y55.699
G0 X46.153 Y54.847
G0 X45.301 Y53.807
G0 X44.669 Y52.623
G0 X44.278 Y51.337
G0 X44.159 Y50.134
G0 X44.354 Y47.961
;TYPE:SKIN
G1 F1666.7 X44.057 Y48.657 E0.01359
G1 F1585.9 X43.954 Y47.711 E0.01796
G1 F1756.1 X44.43 Y47.711 E0.00811
G1 F1855.7 X44.354 Y47.961 E0.00422
G0 F7200 X44.063 Y48.642
G1 F1431.4 X44 Y49.98 E0.02801
G1 F1425.7 X44.065 Y51.34 E0.02859
G0 F7200 X44.359 Y52.036
G1 F1836.7 X44.433 Y52.287 E0.00426
G1 F1739.1 X43.955 Y52.285 E0.00823
G1 F1572.1 X44.059 Y51.325 E0.01839
G1 F1651.4 X44.359 Y52.036 E0.01399
G0 F7200 X44.21 Y52.104
;MESH:NONMESH
G0 F600 X44.21 Y52.104 Z17.4
G0 F7200 X43.91 Y43.76
G0 X43.76 Y43.76
;TIME_ELAPSED:1453.013711
;LAYER:171
;TYPE:FILL
;MESH:head.stl
G1 F3600 X45.765 Y45.765 E0.04715
G1 X45.835 Y45.835
G0 F7200 X45.645 Y45.678
G0 X43.91 Y44.925
G0 X43.761 Y44.925
G1 F3600 X46.426 Y42.26 E0.06268
G1 X46.496 Y42.19
G0 F7200 X46.495 Y42.41
G0 X47.916 Y42.41
G0 X47.917 Y42.26
G1 F3600 X49.174 Y43.517 E0.02956
G1 X49.244 Y43.587
G0 F7200 X49.176 Y43.363
G0 X51.112 Y43.098
G0 X51.098 Y43.245
G1 F3600 X52.083 Y42.26 E0.02317
G1 X52.153 Y42.19
G0 F7200 X52.152 Y42.41
G0 X53.573 Y42.41
G0 X53.574 Y42.26
G1 F3600 X56.054 Y44.74 E0.05833
G0 F7200 X55.259 Y44.74
G1 F3600 X56.24 Y43.759 E0.02307
G1 X56.31 Y43.689
G0 F7200 X56.09 Y43.689
G0 X51 Y43.146
G0 X49.663 Y43.278
G0 X48.377 Y43.669
G0 X47.193 Y44.301
G0 X46.153 Y45.153
G0 X45.301 Y46.193
G0 X44.669 Y47.377
G0 X44.278 Y48.663
G0 X44.146 Y50
G0 X44.278 Y51.337
G0 X44.669 Y52.623
G0 X45.301 Y53.807
G0 X46.153 Y54.847
G0 X47.193 Y55.699
G0 X48.377 Y56.331
G0 X49.663 Y56.722
G0 X51 Y56.854
G0 X52.337 Y56.722
G0 X56.053 Y55.41
G0 X56.053 Y55.26
G1 F3600 X53.573 Y57.74 E0.05833
G1 X53.503 Y57.81
G0 F7200 X53.503 Y57.59
G0 X52.083 Y57.59
G0 X52.083 Y57.74
G1 F3600 X51.091 Y56.748 E0.02333
G1 X51.021 Y56.678
G0 F7200 X51.043 Y56.91
G0 X49.131 Y56.623
G0 X49.175 Y56.481
G1 F3600 X47.916 Y57.74 E0.02961
G1 X47.846 Y57.81
G0 F7200 X47.846 Y57.59
G0 X46.425 Y57.59
G0 X46.425 Y57.739
G1 F3600 X43.76 Y55.074 E0.06268
G1 X43.69 Y55.004
G0 F7200 X43.91 Y55.004
G0 X43.91 Y56.238
G0 X43.761 Y56.238
G1 F3600 X45.765 Y54.234 E0.04713
G1 X45.835 Y54.164
G0 F7200 X45.643 Y54.32
G0 X44.789 Y52.848
G0 X43.91 Y50.581
G0 X43.761 Y50.581
G1 F3600 X43.841 Y50.502 E0.00187
G0 F7200 X43.91 Y50.502
G0 X43.91 Y49.497
G0 X43.841 Y49.497
G1 F3600 X43.76 Y49.417 E0.00189
G0 F7200 X43.91 Y49.417
G0 X44.278 Y51.337
G0 X44.669 Y52.623
G0 X45.301 Y53.807
G0 X46.153 Y54.847
G0 X47.193 Y55.699
G0 X48.377 Y56.331
G0 X49.663 Y56.722
G0 X51 Y56.854
G0 X52.337 Y56.722
G0 X53.494 Y56.37
G0 X55.26 Y55.41
G0 X55.26 Y55.26
G1 F3600 X56.236 Y56.236 E0.02295
G1 X56.306 Y56.306
G0 F7200 X56.09 Y56.305
G0 X52.376 Y56.773
G0 X52.287 Y56.477
;TYPE:WALL-INNER
G1 F3600 X51 Y56.599 E0.0215
G1 X49.708 Y56.476 E0.02158
G1 X48.469 Y56.097 E0.02155
G1 X47.334 Y55.494 E0.02137
G1 X46.328 Y54.666 E0.02167
G1 X45.505 Y53.661 E0.0216
G1 X44.899 Y52.53 E0.02134
G1 X44.523 Y51.288 E0.02158
G1 X44.4 Y50 E0.02152
G1 X44.523 Y48.708 E0.02158
G1 X44.899 Y47.466 E0.02158
G1 X45.505 Y46.335 E0.02134
G1 X46.326 Y45.332 E0.02156
G1 X47.335 Y44.505 E0.0217
G1 X48.471 Y43.898 E0.02142
G1 X49.708 Y43.524 E0.02149
G1 X51 Y43.396 E0.02159
G1 X52.288 Y43.524 E0.02153
G1 X53.525 Y43.898 E0.02149
G1 X54.665 Y44.508 E0.0215
G1 X55.143 Y44.9 E0.01028
G1 X56.4 Y44.9 E0.0209
G1 X56.4 Y42.313 E0.04302
G1 X56.275 Y42.1 E0.00411
G1 X43.6 Y42.1 E0.21079
G1 X43.601 Y57.899 E0.26274
G1 X56.272 Y57.9 E0.21072
G1 X56.396 Y57.69 E0.00406
G1 X56.399 Y55.1 E0.04307
G1 X55.143 Y55.1 E0.02089
G1 X54.666 Y55.492 E0.01027
G1 X53.527 Y56.097 E0.02145
G1 X52.287 Y56.477 E0.02157
G0 F7200 X52.192 Y56.084
;TYPE:WALL-OUTER
G1 F1800 X50.981 Y56.196 E0.02022
G1 X49.805 Y56.084 E0.01965
G1 X48.641 Y55.732 E0.02022
G1 X47.54 Y55.147 E0.02073
G1 X46.628 Y54.395 E0.01966
G1 X45.831 Y53.423 E0.0209
G1 X45.279 Y52.391 E0.01946
G1 X44.916 Y51.192 E0.02083
G1 X44.8 Y49.98 E0.02025
G1 X44.916 Y48.804 E0.01965
G1 X45.279 Y47.605 E0.02083
G1 X45.831 Y46.573 E0.01946
G1 X46.629 Y45.601 E0.02091
G1 X47.573 Y44.831 E0.02026
G1 X48.605 Y44.279 E0.01946
G1 X49.804 Y43.916 E0.02083
G1 X51.02 Y43.8 E0.02031
G1 X52.192 Y43.916 E0.01959
G1 X53.391 Y44.279 E0.02083
G1 X54.423 Y44.831 E0.01946
G1 X55 Y45.3 E0.01237
G1 X56.8 Y45.3 E0.02993
G1 X56.8 Y42.262 E0.05052
G1 X56.635 Y41.879 E0.00694
G1 X56.36 Y41.7 E0.00546
G1 X43.2 Y41.7 E0.21885
G1 X43.201 Y58.299 E0.27604
G1 X56.354 Y58.3 E0.21874
G1 X56.635 Y58.12 E0.00555
G1 X56.756 Y57.902 E0.00415
G1 X56.796 Y57.739 E0.00279
G1 X56.799 Y54.7 E0.05054
G1 X55 Y54.7 E0.02992
G1 X54.422 Y55.169 E0.01238
G1 X53.355 Y55.732 E0.02006
G1 X52.192 Y56.084 E0.02021
G0 F7200 X51.993 Y56.102
G0 X52.061 Y56.81
G0 X51 Y56.854
G0 X49.663 Y56.722
G0 X48.377 Y56.331
G0 X47.193 Y55.699
G0 X46.153 Y54.847
G0 X45.301 Y53.807
G0 X44.669 Y52.623
G0 X44.278 Y51.337
G0 X44.159 Y50.134
G0 X44.344 Y48.009
;TYPE:SKIN
G1 F1690.1 X44.057 Y48.656 E0.01254
G1 F1603.6 X43.948 Y47.763 E0.01679
G1 F1782.2 X44.419 Y47.763 E0.00791
G1 F1889.8 X44.344 Y48.009 E0.00407
G0 F7200 X44.063 Y48.642
G1 F1431.4 X44 Y49.98 E0.02801
G1 F1425.7 X44.065 Y51.34 E0.02859
G0 F7200 X44.348 Y51.986
G1 F1870.1 X44.422 Y52.232 E0.00411
G1 F1764.7 X43.949 Y52.232 E0.00802
G1 F1589.4 X44.059 Y51.327 E0.01717
G1 F1674.4 X44.348 Y51.986 E0.01286
G0 F7200 X44.21 Y52.055
;MESH:NONMESH
G0 F600 X44.21 Y52.055 Z17.5
G0 F7200 X43.91 Y43.76
G0 X43.76 Y43.76
;TIME_ELAPSED:1459.563236
;LAYER:172
;TYPE:FILL
;MESH:head.stl
G1 F3600 X45.765 Y45.765 E0.04715
G1 X45.835 Y45.835
G0 F7200 X45.645 Y45.678
G0 X43.91 Y44.925
G0 X43.761 Y44.925
G1 F3600 X46.426 Y42.26 E0.06268
G1 X46.496 Y42.19
G0 F7200 X46.495 Y42.41
G0 X47.916 Y42.41
G0 X47.917 Y42.26
G1 F3600 X49.174 Y43.517 E0.02956
G1 X49.244 Y43.587
G0 F7200 X49.176 Y43.363
G0 X51.112 Y43.098
G0 X51.098 Y43.245
G1 F3600 X52.083 Y42.26 E0.02317
G1 X52.153 Y42.19
G0 F7200 X52.152 Y42.41
G0 X53.573 Y42.41
G0 X53.574 Y42.26
G1 F3600 X56.054 Y44.74 E0.05833
G0 F7200 X55.259 Y44.74
G1 F3600 X56.24 Y43.759 E0.02307
G1 X56.31 Y43.689
G0 F7200 X56.09 Y43.689
G0 X51 Y43.146
G0 X49.663 Y43.278
G0 X48.377 Y43.669
G0 X47.193 Y44.301
G0 X46.153 Y45.153
G0 X45.301 Y46.193
G0 X44.669 Y47.377
G0 X44.278 Y48.663
G0 X44.146 Y50
G0 X44.278 Y51.337
G0 X44.669 Y52.623
G0 X45.301 Y53.807
G0 X46.153 Y54.847
G0 X47.193 Y55.699
G0 X48.377 Y56.331
G0 X49.663 Y56.722
G0 X51 Y56.854
G0 X52.337 Y56.722
G0 X56.053 Y55.41
G0 X56.053 Y55.26
G1 F3600 X53.573 Y57.74 E0.05833
G1 X53.503 Y57.81
G0 F7200 X53.503 Y57.59
G0 X52.083 Y57.59
G0 X52.083 Y57.74
G1 F3600 X51.091 Y56.748 E0.02333
G1 X51.021 Y56.678
G0 F7200 X51.043 Y56.91
G0 X49.131 Y56.623
G0 X49.175 Y56.481
G1 F3600 X47.916 Y57.74 E0.02961
G1 X47.846 Y57.81
G0 F7200 X47.846 Y57.59
G0 X46.425 Y57.59
G0 X46.425 Y57.739
G1 F3600 X43.76 Y55.074 E0.06268
G1 X43.69 Y55.004
G0 F7200 X43.91 Y55.004
G0 X43.91 Y56.238
G0 X43.761 Y56.238
G1 F3600 X45.765 Y54.234 E0.04713
G1 X45.835 Y54.164
G0 F7200 X45.643 Y54.32
G0 X44.789 Y52.848
G0 X43.91 Y50.581
G0 X43.761 Y50.581
G1 F3600 X43.841 Y50.502 E0.00187
G0 F7200 X43.91 Y50.502
G0 X43.91 Y49.497
G0 X43.841 Y49.497
G1 F3600 X43.76 Y49.417 E0.00189
G0 F7200 X43.91 Y49.417
G0 X44.278 Y51.337
G0 X44.669 Y52.623
G0 X45.301 Y53.807
G0 X46.153 Y54.847
G0 X47.193 Y55.699
G0 X48.377 Y56.331
G0 X49.663 Y56.722
G0 X51 Y56.854
G0 X52.337 Y56.722
G0 X53.494 Y56.37
G0 X55.26 Y55.41
G0 X55.26 Y55.26
G1 F3600 X56.236 Y56.236 E0.02295
G1 X56.306 Y56.306
G0 F7200 X56.09 Y56.305
G0 X52.376 Y56.773
G0 X52.287 Y56.477
;TYPE:WALL-INNER
G1 F3600 X51 Y56.599 E0.0215
G1 X49.708 Y56.476 E0.02158
G1 X48.469 Y56.097 E0.02155
G1 X47.334 Y55.494 E0.02137
G1 X46.328 Y54.666 E0.02167
G1 X45.505 Y53.661 E0.0216
G1 X44.899 Y52.53 E0.02134
G1 X44.523 Y51.288 E0.02158
G1 X44.4 Y50 E0.02152
G1 X44.523 Y48.708 E0.02158
G1 X44.899 Y47.466 E0.02158
G1 X45.505 Y46.335 E0.02134
G1 X46.326 Y45.332 E0.02156
G1 X47.335 Y44.505 E0.0217
G1 X48.471 Y43.898 E0.02142
G1 X49.708 Y43.524 E0.02149
G1 X51 Y43.396 E0.02159
G1 X52.288 Y43.524 E0.02153
G1 X53.525 Y43.898 E0.02149
G1 X54.665 Y44.508 E0.0215
G1 X55.143 Y44.9 E0.01028
G1 X56.4 Y44.9 E0.0209
G1 X56.4 Y42.313 E0.04302
G1 X56.275 Y42.1 E0.00411
G1 X43.6 Y42.1 E0.21079
G1 X43.601 Y57.899 E0.26274
G1 X56.272 Y57.9 E0.21072
G1 X56.396 Y57.69 E0.00406
G1 X56.399 Y55.1 E0.04307
G1 X55.143 Y55.1 E0.02089
G1 X54.666 Y55.492 E0.01027
G1 X53.527 Y56.097 E0.02145
G1 X52.287 Y56.477 E0.02157
G0 F7200 X52.192 Y56.084
;TYPE:WALL-OUTER
G1 F1800 X50.981 Y56.196 E0.02022
G1 X49.805 Y56.084 E0.01965
G1 X48.641 Y55.732 E0.02022
G1 X47.54 Y55.147 E0.02073
G1 X46.628 Y54.395 E0.01966
G1 X45.831 Y53.423 E0.0209
G1 X45.279 Y52.391 E0.01946
G1 X44.916 Y51.192 E0.02083
G1 X44.8 Y49.98 E0.02025
G1 X44.916 Y48.804 E0.01965
G1 X45.279 Y47.605 E0.02083
G1 X45.831 Y46.573 E0.01946
G1 X46.629 Y45.601 E0.02091
G1 X47.573 Y44.831 E0.02026
G1 X48.605 Y44.279 E0.01946
G1 X49.804 Y43.916 E0.02083
G1 X51.02 Y43.8 E0.02031
G1 X52.192 Y43.916 E0.01959
G1 X53.391 Y44.279 E0.02083
G1 X54.423 Y44.831 E0.01946
G1 X55 Y45.3 E0.01237
G1 X56.8 Y45.3 E0.02993
G1 X56.8 Y42.262 E0.05052
G1 X56.635 Y41.879 E0.00694
G1 X56.36 Y41.7 E0.00546
G1 X43.2 Y41.7 E0.21885
G1 X43.201 Y58.299 E0.27604
G1 X56.354 Y58.3 E0.21874
G1 X56.635 Y58.12 E0.00555
G1 X56.756 Y57.902 E0.00415
G1 X56.796 Y57.739 E0.00279
G1 X56.799 Y54.7 E0.05054
G1 X55 Y54.7 E0.02992
G1 X54.422 Y55.169 E0.01238
G1 X53.355 Y55.732 E0.02006
G1 X52.192 Y56.084 E0.02021
G0 F7200 X51.993 Y56.102
G0 X52.061 Y56.81
G0 X51 Y56.854
G0 X49.663 Y56.722
G0 X48.377 Y56.331
G0 X47.193 Y55.699
G0 X46.153 Y54.847
G0 X45.301 Y53.807
G0 X44.669 Y52.623
G0 X44.317 Y51.466
G0 X44.058 Y48.653
;TYPE:SKIN
G1 F1706.2 X43.967 Y48.006 E0.01146
G1 F1920 X43.967 Y47.819 E0.00292
G1 X44.407 Y47.819 E0.00686
G1 X44.333 Y48.061 E0.00395
G1 F1706.2 X44.058 Y48.653 E0.01145
G0 F7200 X44.063 Y48.642
G1 F1431.4 X44 Y49.98 E0.02801
G1 F1425.7 X44.065 Y51.34 E0.02859
G0 F7200 X43.968 Y51.989
G1 F1698.1 X44.059 Y51.328 E0.01176
G1 X44.338 Y51.936 E0.01179
G1 F1909.8 X44.411 Y52.179 E0.00398
G1 X43.968 Y52.176 E0.00694
G1 X43.968 Y51.989 E0.00293
G0 F7200 X44.109 Y52.019
;MESH:NONMESH
G0 F600 X44.109 Y52.019 Z17.6
G0 F7200 X43.91 Y43.76
G0 X43.76 Y43.76
;TIME_ELAPSED:1466.070073
;LAYER:173
;TYPE:FILL
;MESH:head.stl
G1 F3600 X45.765 Y45.765 E0.04715
G1 X45.835 Y45.835
G0 F7200 X45.645 Y45.678
G0 X43.91 Y44.925
G0 X43.761 Y44.925
G1 F3600 X46.426 Y42.26 E0.06268
G1 X46.496 Y42.19
G0 F7200 X46.495 Y42.41
G0 X47.916 Y42.41
G0 X47.917 Y42.26
G1 F3600 X49.174 Y43.517 E0.02956
G1 X49.244 Y43.587
G0 F7200 X49.176 Y43.363
G0 X51.112 Y43.098
G0 X51.098 Y43.245
G1 F3600 X52.083 Y42.26 E0.02317
G1 X52.153 Y42.19
G0 F7200 X52.152 Y42.41
G0 X53.573 Y42.41
G0 X53.574 Y42.26
G1 F3600 X56.054 Y44.74 E0.05833
G0 F7200 X55.259 Y44.74
G1 F3600 X56.24 Y43.759 E0.02307
G1 X56.31 Y43.689
G0 F7200 X56.09 Y43.689
G0 X51 Y43.146
G0 X49.663 Y43.278
G0 X48.377 Y43.669
G0 X47.193 Y44.301
G0 X46.153 Y45.153
G0 X45.301 Y46.193
G0 X44.669 Y47.377
G0 X44.278 Y48.663
G0 X44.146 Y50
G0 X44.278 Y51.337
G0 X44.669 Y52.623
G0 X45.301 Y53.807
G0 X46.153 Y54.847
G0 X47.193 Y55.699
G0 X48.377 Y56.331
G0 X49.663 Y56.722
G0 X51 Y56.854
G0 X52.337 Y56.722
G0 X56.053 Y55.41
G0 X56.053 Y55.26
G1 F3600 X53.573 Y57.74 E0.05833
G1 X53.503 Y57.81
G0 F7200 X53.503 Y57.59
G0 X52.083 Y57.59
G0 X52.083 Y57.74
G1 F3600 X51.091 Y56.748 E0.02333
G1 X51.021 Y56.678
G0 F7200 X51.043 Y56.91
G0 X49.131 Y56.623
G0 X49.175 Y56.481
G1 F3600 X47.916 Y57.74 E0.02961
G1 X47.846 Y57.81
G0 F7200 X47.846 Y57.59
G0 X46.425 Y57.59
G0 X46.425 Y57.739
G1 F3600 X43.76 Y55.074 E0.06268
G1 X43.69 Y55.004
G0 F7200 X43.91 Y55.004
G0 X43.91 Y56.238
G0 X43.761 Y56.238
G1 F3600 X45.765 Y54.234 E0.04713
G1 X45.835 Y54.164
G0 F7200 X45.643 Y54.32
G0 X44.789 Y52.848
G0 X43.91 Y50.581
G0 X43.761 Y50.581
G1 F3600 X43.841 Y50.502 E0.00187
G0 F7200 X43.91 Y50.502
G0 X43.91 Y49.497
G0 X43.841 Y49.497
G1 F3600 X43.76 Y49.417 E0.00189
G0 F7200 X43.91 Y49.417
G0 X44.278 Y51.337
G0 X44.669 Y52.623
G0 X45.301 Y53.807
G0 X46.153 Y54.847
G0 X47.193 Y55.699
G0 X48.377 Y56.331
G0 X49.663 Y56.722
G0 X51 Y56.854
G0 X52.337 Y56.722
G0 X53.494 Y56.37
G0 X55.26 Y55.41
G0 X55.26 Y55.26
G1 F3600 X56.236 Y56.236 E0.02295
G1 X56.306 Y56.306
G0 F7200 X56.09 Y56.305
G0 X52.376 Y56.773
G0 X52.287 Y56.477
;TYPE:WALL-INNER
G1 F3600 X51 Y56.599 E0.0215
G1 X49.708 Y56.476 E0.02158
G1 X48.469 Y56.097 E0.02155
G1 X47.334 Y55.494 E0.02137
G1 X46.328 Y54.666 E0.02167
G1 X45.505 Y53.661 E0.0216
G1 X44.899 Y52.53 E0.02134
G1 X44.523 Y51.288 E0.02158
G1 X44.4 Y50 E0.02152
G1 X44.523 Y48.708 E0.02158
G1 X44.899 Y47.466 E0.02158
G1 X45.505 Y46.335 E0.02134
G1 X46.326 Y45.332 E0.02156
G1 X47.335 Y44.505 E0.0217
G1 X48.471 Y43.898 E0.02142
G1 X49.708 Y43.524 E0.02149
G1 X51 Y43.396 E0.02159
G1 X52.288 Y43.524 E0.02153
G1 X53.525 Y43.898 E0.02149
G1 X54.665 Y44.508 E0.0215
G1 X55.143 Y44.9 E0.01028
G1 X56.4 Y44.9 E0.0209
G1 X56.4 Y42.313 E0.04302
G1 X56.275 Y42.1 E0.00411
G1 X43.6 Y42.1 E0.21079
G1 X43.601 Y57.899 E0.26274
G1 X56.272 Y57.9 E0.21072
G1 X56.396 Y57.69 E0.00406
G1 X56.399 Y55.1 E0.04307
G1 X55.143 Y55.1 E0.02089
G1 X54.666 Y55.492 E0.01027
G1 X53.527 Y56.097 E0.02145
G1 X52.287 Y56.477 E0.02157
G0 F7200 X52.192 Y56.084
;TYPE:WALL-OUTER
G1 F1800 X50.981 Y56.196 E0.02022
G1 X49.805 Y56.084 E0.01965
G1 X48.641 Y55.732 E0.02022
G1 X47.54 Y55.147 E0.02073
G1 X46.628 Y54.395 E0.01966
G1 X45.831 Y53.423 E0.0209
G1 X45.279 Y52.391 E0.01946
G1 X44.916 Y51.192 E0.02083
G1 X44.8 Y49.98 E0.02025
G1 X44.916 Y48.804 E0.01965
G1 X45.279 Y47.605 E0.02083
G1 X45.831 Y46.573 E0.01946
G1 X46.629 Y45.601 E0.02091
G1 X47.573 Y44.831 E0.02026
G1 X48.605 Y44.279 E0.01946
G1 X49.804 Y43.916 E0.02083
G1 X51.02 Y43.8 E0.02031
G1 X52.192 Y43.916 E0.01959
G1 X53.391 Y44.279 E0.02083
G1 X54.423 Y44.831 E0.01946
G1 X55 Y45.3 E0.01237
G1 X56.8 Y45.3 E0.02993
G1 X56.8 Y42.262 E0.05052
G1 X56.635 Y41.879 E0.00694
G1 X56.36 Y41.7 E0.00546
G1 X43.2 Y41.7 E0.21885
G1 X43.201 Y58.299 E0.27604
G1 X56.354 Y58.3 E0.21874
G1 X56.635 Y58.12 E0.00555
G1 X56.756 Y57.902 E0.00415
G1 X56.796 Y57.739 E0.00279
G1 X56.799 Y54.7 E0.05054
G1 X55 Y54.7 E0.02992
G1 X54.422 Y55.169 E0.01238
G1 X53.355 Y55.732 E0.02006
G1 X52.192 Y56.084 E0.02021
G0 F7200 X51.993 Y56.102
G0 X52.061 Y56.81
G0 X51 Y56.854
G0 X49.663 Y56.722
G0 X48.377 Y56.331
G0 X47.193 Y55.699
G0 X46.153 Y54.847
G0 X45.301 Y53.807
G0 X44.669 Y52.623
G0 X44.317 Y51.466
G0 X44.058 Y48.653
;TYPE:SKIN
G1 F1730.8 X43.963 Y48.054 E0.01049
G1 F1961.9 X43.963 Y47.871 E0.00279
G1 X44.393 Y47.871 E0.00656
G1 X44.321 Y48.107 E0.00376
G1 F1730.8 X44.058 Y48.653 E0.01048
G0 F7200 X44.063 Y48.642
G1 F1431.4 X44 Y49.98 E0.02801
G1 F1425.7 X44.065 Y51.34 E0.02859
G0 F7200 X44.399 Y52.123
G1 F1945.9 X43.965 Y52.123 E0.00668
G1 X43.965 Y51.938 E0.00285
G1 F1535.2 X44.065 Y51.34 E0.01182
G1 X44.327 Y51.885 E0.01179
G1 F1945.9 X44.399 Y52.123 E0.00382
G0 F7200 X44.21 Y52.194
;MESH:NONMESH
G0 F600 X44.21 Y52.194 Z17.7
G0 F7200 X43.91 Y43.76
G0 X43.76 Y43.76
;TIME_ELAPSED:1472.574856
;LAYER:174
;TYPE:FILL
;MESH:head.stl
G1 F3600 X45.765 Y45.765 E0.04715
G1 X45.835 Y45.835
G0 F7200 X45.645 Y45.678
G0 X43.91 Y44.925
G0 X43.761 Y44.925
G1 F3600 X46.426 Y42.26 E0.06268
G1 X46.496 Y42.19
G0 F7200 X46.495 Y42.41
G0 X47.916 Y42.41
G0 X47.917 Y42.26
G1 F3600 X49.174 Y43.517 E0.02956
G1 X49.244 Y43.587
G0 F7200 X49.176 Y43.363
G0 X51.112 Y43.098
G0 X51.098 Y43.245
G1 F3600 X52.083 Y42.26 E0.02317
G1 X52.153 Y42.19
G0 F7200 X52.152 Y42.41
G0 X53.573 Y42.41
G0 X53.574 Y42.26
G1 F3600 X56.054 Y44.74 E0.05833
G0 F7200 X55.259 Y44.74
G1 F3600 X56.24 Y43.759 E0.02307
G1 X56.31 Y43.689
G0 F7200 X56.09 Y43.689
G0 X51 Y43.146
G0 X49.663 Y43.278
G0 X48.377 Y43.669
G0 X47.193 Y44.301
G0 X46.153 Y45.153
G0 X45.301 Y46.193
G0 X44.669 Y47.377
G0 X44.278 Y48.663
G0 X44.146 Y50
G0 X44.278 Y51.337
G0 X44.669 Y52.623
G0 X45.301 Y53.807
G0 X46.153 Y54.847
G0 X47.193 Y55.699
G0 X48.377 Y56.331
G0 X49.663 Y56.722
G0 X51 Y56.854
G0 X52.337 Y56.722
G0 X56.053 Y55.41
G0 X56.053 Y55.26
G1 F3600 X53.573 Y57.74 E0.05833
G1 X53.503 Y57.81
G0 F7200 X53.503 Y57.59
G0 X52.083 Y57.59
G0 X52.083 Y57.74
G1 F3600 X51.091 Y56.748 E0.02333
G1 X51.021 Y56.678
G0 F7200 X51.043 Y56.91
G0 X49.131 Y56.623
G0 X49.175 Y56.481
G1 F3600 X47.916 Y57.74 E0.02961
G1 X47.846 Y57.81
G0 F7200 X47.846 Y57.59
G0 X46.425 Y57.59
G0 X46.425 Y57.739
G1 F3600 X43.76 Y55.074 E0.06268
G1 X43.69 Y55.004
G0 F7200 X43.91 Y55.004
G0 X43.91 Y56.238
G0 X43.761 Y56.238
G1 F3600 X45.765 Y54.234 E0.04713
G1 X45.835 Y54.164
G0 F7200 X45.643 Y54.32
G0 X44.789 Y52.848
G0 X43.91 Y50.581
G0 X43.761 Y50.581
G1 F3600 X43.841 Y50.502 E0.00187
G0 F7200 X43.91 Y50.502
G0 X43.91 Y49.497
G0 X43.841 Y49.497
G1 F3600 X43.76 Y49.417 E0.00189
G0 F7200 X43.91 Y49.417
G0 X44.278 Y51.337
G0 X44.669 Y52.623
G0 X45.301 Y53.807
G0 X46.153 Y54.847
G0 X47.193 Y55.699
G0 X48.377 Y56.331
G0 X49.663 Y56.722
G0 X51 Y56.854
G0 X52.337 Y56.722
G0 X53.494 Y56.37
G0 X55.26 Y55.41
G0 X55.26 Y55.26
G1 F3600 X56.236 Y56.236 E0.02295
G1 X56.306 Y56.306
G0 F7200 X56.09 Y56.305
G0 X52.376 Y56.773
G0 X52.287 Y56.477
;TYPE:WALL-INNER
G1 F3600 X51 Y56.599 E0.0215
G1 X49.708 Y56.476 E0.02158
G1 X48.469 Y56.097 E0.02155
G1 X47.334 Y55.494 E0.02137
G1 X46.328 Y54.666 E0.02167
G1 X45.505 Y53.661 E0.0216
G1 X44.899 Y52.53 E0.02134
G1 X44.523 Y51.288 E0.02158
G1 X44.4 Y50 E0.02152
G1 X44.523 Y48.708 E0.02158
G1 X44.899 Y47.466 E0.02158
G1 X45.505 Y46.335 E0.02134
G1 X46.326 Y45.332 E0.02156
G1 X47.335 Y44.505 E0.0217
G1 X48.471 Y43.898 E0.02142
G1 X49.708 Y43.524 E0.02149
G1 X51 Y43.396 E0.02159
G1 X52.288 Y43.524 E0.02153
G1 X53.525 Y43.898 E0.02149
G1 X54.665 Y44.508 E0.0215
G1 X55.143 Y44.9 E0.01028
G1 X56.4 Y44.9 E0.0209
G1 X56.4 Y42.313 E0.04302
G1 X56.275 Y42.1 E0.00411
G1 X43.6 Y42.1 E0.21079
G1 X43.601 Y57.899 E0.26274
G1 X56.272 Y57.9 E0.21072
G1 X56.396 Y57.69 E0.00406
G1 X56.399 Y55.1 E0.04307
G1 X55.143 Y55.1 E0.02089
G1 X54.666 Y55.492 E0.01027
G1 X53.527 Y56.097 E0.02145
G1 X52.287 Y56.477 E0.02157
G0 F7200 X52.192 Y56.084
;TYPE:WALL-OUTER
G1 F1800 X50.981 Y56.196 E0.02022
G1 X49.805 Y56.084 E0.01965
G1 X48.641 Y55.732 E0.02022
G1 X47.54 Y55.147 E0.02073
G1 X46.628 Y54.395 E0.01966
G1 X45.831 Y53.423 E0.0209
G1 X45.279 Y52.391 E0.01946
G1 X44.916 Y51.192 E0.02083
G1 X44.8 Y49.98 E0.02025
G1 X44.916 Y48.804 E0.01965
G1 X45.279 Y47.605 E0.02083
G1 X45.831 Y46.573 E0.01946
G1 X46.629 Y45.601 E0.02091
G1 X47.573 Y44.831 E0.02026
G1 X48.605 Y44.279 E0.01946
G1 X49.804 Y43.916 E0.02083
G1 X51.02 Y43.8 E0.02031
G1 X52.192 Y43.916 E0.01959
G1 X53.391 Y44.279 E0.02083
G1 X54.423 Y44.831 E0.01946
G1 X55 Y45.3 E0.01237
G1 X56.8 Y45.3 E0.02993
G1 X56.8 Y42.262 E0.05052
G1 X56.635 Y41.879 E0.00694
G1 X56.36 Y41.7 E0.00546
G1 X43.2 Y41.7 E0.21885
G1 X43.201 Y58.299 E0.27604
G1 X56.354 Y58.3 E0.21874
G1 X56.635 Y58.12 E0.00555
G1 X56.756 Y57.902 E0.00415
G1 X56.796 Y57.739 E0.00279
G1 X56.799 Y54.7 E0.05054
G1 X55 Y54.7 E0.02992
G1 X54.422 Y55.169 E0.01238
G1 X53.355 Y55.732 E0.02006
G1 X52.192 Y56.084 E0.02021
G0 F7200 X51.993 Y56.102
G0 X52.061 Y56.81
G0 X51 Y56.854
G0 X49.663 Y56.722
G0 X48.377 Y56.331
G0 X47.193 Y55.699
G0 X46.153 Y54.847
G0 X45.301 Y53.807
G0 X44.669 Y52.623
G0 X44.317 Y51.466
G0 X44.063 Y48.642
;TYPE:SKIN
G1 F1558.4 X43.959 Y48.107 E0.01047
G1 F2005.6 X43.959 Y47.927 E0.00269
G1 X44.382 Y47.927 E0.00631
G1 X44.31 Y48.16 E0.00364
G1 F1558.4 X44.063 Y48.642 E0.0104
G1 F1431.4 X44 Y49.98 E0.02801
G1 F1425.7 X44.065 Y51.34 E0.02859
G0 F7200 X44.385 Y52.07
G1 F1989 X43.961 Y52.068 E0.00638
G1 X43.961 Y51.888 E0.00271
G1 F1548.4 X44.065 Y51.34 E0.01078
G1 X44.315 Y51.837 E0.01076
G1 F1989 X44.385 Y52.07 E0.00366
G0 F7200 X44.21 Y52.142
;MESH:NONMESH
G0 F600 X44.21 Y52.142 Z17.8
G0 F7200 X43.91 Y43.76
G0 X43.76 Y43.76
;TIME_ELAPSED:1479.067061
;LAYER:175
;TYPE:FILL
;MESH:head.stl
G1 F3600 X45.765 Y45.765 E0.04715
G1 X45.835 Y45.835
G0 F7200 X45.645 Y45.678
G0 X43.91 Y44.925
G0 X43.761 Y44.925
G1 F3600 X46.426 Y42.26 E0.06268
G1 X46.496 Y42.19
G0 F7200 X46.495 Y42.41
G0 X47.916 Y42.41
G0 X47.917 Y42.26
G1 F3600 X49.174 Y43.517 E0.02956
G1 X49.244 Y43.587
G0 F7200 X49.176 Y43.363
G0 X51.112 Y43.098
G0 X51.098 Y43.245
G1 F3600 X52.083 Y42.26 E0.02317
G1 X52.153 Y42.19
G0 F7200 X52.152 Y42.41
G0 X53.573 Y42.41
G0 X53.574 Y42.26
G1 F3600 X56.054 Y44.74 E0.05833
G0 F7200 X55.259 Y44.74
G1 F3600 X56.24 Y43.759 E0.02307
G1 X56.31 Y43.689
G0 F7200 X56.09 Y43.689
G0 X51 Y43.146
G0 X49.663 Y43.278
G0 X48.377 Y43.669
G0 X47.193 Y44.301
G0 X46.153 Y45.153
G0 X45.301 Y46.193
G0 X44.669 Y47.377
G0 X44.278 Y48.663
G0 X44.146 Y50
G0 X44.278 Y51.337
G0 X44.669 Y52.623
G0 X45.301 Y53.807
G0 X46.153 Y54.847
G0 X47.193 Y55.699
G0 X48.377 Y56.331
G0 X49.663 Y56.722
G0 X51 Y56.854
G0 X52.337 Y56.722
G0 X56.053 Y55.41
G0 X56.053 Y55.26
G1 F3600 X53.573 Y57.74 E0.05833
G1 X53.503 Y57.81
G0 F7200 X53.503 Y57.59
G0 X52.083 Y57.59
G0 X52.083 Y57.74
G1 F3600 X51.091 Y56.748 E0.02333
G1 X51.021 Y56.678
G0 F7200 X51.043 Y56.91
G0 X49.131 Y56.623
G0 X49.175 Y56.481
G1 F3600 X47.916 Y57.74 E0.02961
G1 X47.846 Y57.81
G0 F7200 X47.846 Y57.59
G0 X46.425 Y57.59
G0 X46.425 Y57.739
G1 F3600 X43.76 Y55.074 E0.06268
G1 X43.69 Y55.004
G0 F7200 X43.91 Y55.004
G0 X43.91 Y56.238
G0 X43.761 Y56.238
G1 F3600 X45.765 Y54.234 E0.04713
G1 X45.835 Y54.164
G0 F7200 X45.643 Y54.32
G0 X44.789 Y52.848
G0 X43.91 Y50.581
G0 X43.761 Y50.581
G1 F3600 X43.841 Y50.502 E0.00187
G0 F7200 X43.91 Y50.502
G0 X43.91 Y49.497
G0 X43.841 Y49.497
G1 F3600 X43.76 Y49.417 E0.00189
G0 F7200 X43.91 Y49.417
G0 X44.278 Y51.337
G0 X44.669 Y52.623
G0 X45.301 Y53.807
G0 X46.153 Y54.847
G0 X47.193 Y55.699
G0 X48.377 Y56.331
G0 X49.663 Y56.722
G0 X51 Y56.854
G0 X52.337 Y56.722
G0 X53.494 Y56.37
G0 X55.26 Y55.41
G0 X55.26 Y55.26
G1 F3600 X56.236 Y56.236 E0.02295
G1 X56.306 Y56.306
G0 F7200 X56.09 Y56.305
G0 X52.376 Y56.773
G0 X52.287 Y56.477
;TYPE:WALL-INNER
G1 F3600 X51 Y56.599 E0.0215
G1 X49.708 Y56.476 E0.02158
G1 X48.469 Y56.097 E0.02155
G1 X47.334 Y55.494 E0.02137
G1 X46.328 Y54.666 E0.02167
G1 X45.505 Y53.661 E0.0216
G1 X44.899 Y52.53 E0.02134
G1 X44.523 Y51.288 E0.02158
G1 X44.4 Y50 E0.02152
G1 X44.523 Y48.708 E0.02158
G1 X44.899 Y47.466 E0.02158
G1 X45.505 Y46.335 E0.02134
G1 X46.326 Y45.332 E0.02156
G1 X47.335 Y44.505 E0.0217
G1 X48.471 Y43.898 E0.02142
G1 X49.708 Y43.524 E0.02149
G1 X51 Y43.396 E0.02159
G1 X52.288 Y43.524 E0.02153
G1 X53.525 Y43.898 E0.02149
G1 X54.665 Y44.508 E0.0215
G1 X55.143 Y44.9 E0.01028
G1 X56.4 Y44.9 E0.0209
G1 X56.4 Y42.313 E0.04302
G1 X56.275 Y42.1 E0.00411
G1 X43.6 Y42.1 E0.21079
G1 X43.601 Y57.899 E0.26274
G1 X56.272 Y57.9 E0.21072
G1 X56.396 Y57.69 E0.00406
G1 X56.399 Y55.1 E0.04307
G1 X55.143 Y55.1 E0.02089
G1 X54.666 Y55.492 E0.01027
G1 X53.527 Y56.097 E0.02145
G1 X52.287 Y56.477 E0.02157
G0 F7200 X52.192 Y56.084
;TYPE:WALL-OUTER
G1 F1800 X50.981 Y56.196 E0.02022
G1 X49.805 Y56.084 E0.01965
G1 X48.641 Y55.732 E0.02022
G1 X47.54 Y55.147 E0.02073
G1 X46.628 Y54.395 E0.01966
G1 X45.831 Y53.423 E0.0209
G1 X45.279 Y52.391 E0.01946
G1 X44.916 Y51.192 E0.02083
G1 X44.8 Y49.98 E0.02025
G1 X44.916 Y48.804 E0.01965
G1 X45.279 Y47.605 E0.02083
G1 X45.831 Y46.573 E0.01946
G1 X46.629 Y45.601 E0.02091
G1 X47.573 Y44.831 E0.02026
G1 X48.605 Y44.279 E0.01946
G1 X49.804 Y43.916 E0.02083
G1 X51.02 Y43.8 E0.02031
G1 X52.192 Y43.916 E0.01959
G1 X53.391 Y44.279 E0.02083
G1 X54.423 Y44.831 E0.01946
G1 X55 Y45.3 E0.01237
G1 X56.8 Y45.3 E0.02993
G1 X56.8 Y42.262 E0.05052
G1 X56.635 Y41.879 E0.00694
G1 X56.36 Y41.7 E0.00546
G1 X43.2 Y41.7 E0.21885
G1 X43.201 Y58.299 E0.27604
G1 X56.354 Y58.3 E0.21874
G1 X56.635 Y58.12 E0.00555
G1 X56.756 Y57.902 E0.00415
G1 X56.796 Y57.739 E0.00279
G1 X56.799 Y54.7 E0.05054
G1 X55 Y54.7 E0.02992
G1 X54.422 Y55.169 E0.01238
G1 X53.355 Y55.732 E0.02006
G1 X52.192 Y56.084 E0.02021
G0 F7200 X51.993 Y56.102
G0 X52.061 Y56.81
G0 X51 Y56.854
G0 X49.663 Y56.722
G0 X48.377 Y56.331
G0 X47.193 Y55.699
G0 X46.153 Y54.847
G0 X45.301 Y53.807
G0 X44.669 Y52.623
G0 X44.317 Y51.466
G0 X44.063 Y48.642
;TYPE:SKIN
G1 F1572.1 X43.956 Y48.156 E0.00948
G1 F2045.5 X43.956 Y47.98 E0.00258
G1 X44.37 Y47.98 E0.00606
G1 X44.3 Y48.208 E0.00349
G1 F1572.1 X44.063 Y48.642 E0.00942
G1 F1431.4 X44 Y49.98 E0.02801
G1 F1425.7 X44.065 Y51.34 E0.02859
G0 F7200 X44.374 Y52.015
G1 F2028.2 X43.957 Y52.015 E0.00615
G1 X43.957 Y51.837 E0.00263
G1 F1558.4 X44.065 Y51.34 E0.00977
G1 X44.305 Y51.787 E0.00975
G1 F2028.2 X44.374 Y52.015 E0.00352
G0 F7200 X44.21 Y52.089
;MESH:NONMESH
G0 F600 X44.21 Y52.089 Z17.9
G0 F7200 X43.91 Y43.76
G0 X43.76 Y43.76
;TIME_ELAPSED:1485.548202
;LAYER:176
;TYPE:FILL
;MESH:head.stl
G1 F3600 X45.765 Y45.765 E0.04715
G1 X45.835 Y45.835
G0 F7200 X45.645 Y45.678
G0 X43.91 Y44.925
G0 X43.761 Y44.925
G1 F3600 X46.426 Y42.26 E0.06268
G1 X46.496 Y42.19
G0 F7200 X46.495 Y42.41
G0 X47.916 Y42.41
G0 X47.917 Y42.26
G1 F3600 X49.174 Y43.517 E0.02956
G1 X49.244 Y43.587
G0 F7200 X49.176 Y43.363
G0 X51.112 Y43.098
G0 X51.098 Y43.245
G1 F3600 X52.083 Y42.26 E0.02317
G1 X52.153 Y42.19
G0 F7200 X52.152 Y42.41
G0 X53.573 Y42.41
G0 X53.574 Y42.26
G1 F3600 X56.054 Y44.74 E0.05833
G0 F7200 X55.259 Y44.74
G1 F3600 X56.24 Y43.759 E0.02307
G1 X56.31 Y43.689
G0 F7200 X56.09 Y43.689
G0 X51 Y43.146
G0 X49.663 Y43.278
G0 X48.377 Y43.669
G0 X47.193 Y44.301
G0 X46.153 Y45.153
G0 X45.301 Y46.193
G0 X44.669 Y47.377
G0 X44.278 Y48.663
G0 X44.146 Y50
G0 X44.278 Y51.337
G0 X44.669 Y52.623
G0 X45.301 Y53.807
G0 X46.153 Y54.847
G0 X47.193 Y55.699
G0 X48.377 Y56.331
G0 X49.663 Y56.722
G0 X51 Y56.854
G0 X52.337 Y56.722
G0 X56.053 Y55.41
G0 X56.053 Y55.26
G1 F3600 X53.573 Y57.74 E0.05833
G1 X53.503 Y57.81
G0 F7200 X53.503 Y57.59
G0 X52.083 Y57.59
G0 X52.083 Y57.74
G1 F3600 X51.091 Y56.748 E0.02333
G1 X51.021 Y56.678
G0 F7200 X51.043 Y56.91
G0 X49.131 Y56.623
G0 X49.175 Y56.481
G1 F3600 X47.916 Y57.74 E0.02961
G1 X47.846 Y57.81
G0 F7200 X47.846 Y57.59
G0 X46.425 Y57.59
G0 X46.425 Y57.739
G1 F3600 X43.76 Y55.074 E0.06268
G1 X43.69 Y55.004
G0 F7200 X43.91 Y55.004
G0 X43.91 Y56.238
G0 X43.761 Y56.238
G1 F3600 X45.765 Y54.234 E0.04713
G1 X45.835 Y54.164
G0 F7200 X45.643 Y54.32
G0 X44.789 Y52.848
G0 X43.91 Y50.581
G0 X43.761 Y50.581
G1 F3600 X43.841 Y50.502 E0.00187
G0 F7200 X43.91 Y50.502
G0 X43.91 Y49.497
G0 X43.841 Y49.497
G1 F3600 X43.76 Y49.417 E0.00189
G0 F7200 X43.91 Y49.417
G0 X44.278 Y51.337
G0 X44.669 Y52.623
G0 X45.301 Y53.807
G0 X46.153 Y54.847
G0 X47.193 Y55.699
G0 X48.377 Y56.331
G0 X49.663 Y56.722
G0 X51 Y56.854
G0 X52.337 Y56.722
G0 X53.494 Y56.37
G0 X55.26 Y55.41
G0 X55.26 Y55.26
G1 F3600 X56.236 Y56.236 E0.02295
G1 X56.306 Y56.306
G0 F7200 X56.09 Y56.305
G0 X52.376 Y56.773
G0 X52.287 Y56.477
;TYPE:WALL-INNER
G1 F3600 X51 Y56.599 E0.0215
G1 X49.708 Y56.476 E0.02158
G1 X48.469 Y56.097 E0.02155
G1 X47.334 Y55.494 E0.02137
G1 X46.328 Y54.666 E0.02167
G1 X45.505 Y53.661 E0.0216
G1 X44.899 Y52.53 E0.02134
G1 X44.523 Y51.288 E0.02158
G1 X44.4 Y50 E0.02152
G1 X44.523 Y48.708 E0.02158
G1 X44.899 Y47.466 E0.02158
G1 X45.505 Y46.335 E0.02134
G1 X46.326 Y45.332 E0.02156
G1 X47.335 Y44.505 E0.0217
G1 X48.471 Y43.898 E0.02142
G1 X49.708 Y43.524 E0.02149
G1 X51 Y43.396 E0.02159
G1 X52.288 Y43.524 E0.02153
G1 X53.525 Y43.898 E0.02149
G1 X54.665 Y44.508 E0.0215
G1 X55.143 Y44.9 E0.01028
G1 X56.4 Y44.9 E0.0209
G1 X56.4 Y42.313 E0.04302
G1 X56.275 Y42.1 E0.00411
G1 X43.6 Y42.1 E0.21079
G1 X43.601 Y57.899 E0.26274
G1 X56.272 Y57.9 E0.21072
G1 X56.396 Y57.69 E0.00406
G1 X56.399 Y55.1 E0.04307
G1 X55.143 Y55.1 E0.02089
G1 X54.666 Y55.492 E0.01027
G1 X53.527 Y56.097 E0.02145
G1 X52.287 Y56.477 E0.02157
G0 F7200 X52.192 Y56.084
;TYPE:WALL-OUTER
G1 F1800 X50.981 Y56.196 E0.02022
G1 X49.805 Y56.084 E0.01965
G1 X48.641 Y55.732 E0.02022
G1 X47.54 Y55.147 E0.02073
G1 X46.628 Y54.395 E0.01966
G1 X45.831 Y53.423 E0.0209
G1 X45.279 Y52.391 E0.01946
G1 X44.916 Y51.192 E0.02083
G1 X44.8 Y49.98 E0.02025
G1 X44.916 Y48.804 E0.01965
G1 X45.279 Y47.605 E0.02083
G1 X45.831 Y46.573 E0.01946
G1 X46.629 Y45.601 E0.02091
G1 X47.573 Y44.831 E0.02026
G1 X48.605 Y44.279 E0.01946
G1 X49.804 Y43.916 E0.02083
G1 X51.02 Y43.8 E0.02031
G1 X52.192 Y43.916 E0.01959
G1 X53.391 Y44.279 E0.02083
G1 X54.423 Y44.831 E0.01946
G1 X55 Y45.3 E0.01237
G1 X56.8 Y45.3 E0.02993
G1 X56.8 Y42.262 E0.05052
G1 X56.635 Y41.879 E0.00694
G1 X56.36 Y41.7 E0.00546
G1 X43.2 Y41.7 E0.21885
G1 X43.201 Y58.299 E0.27604
G1 X56.354 Y58.3 E0.21874
G1 X56.635 Y58.12 E0.00555
G1 X56.756 Y57.902 E0.00415
G1 X56.796 Y57.739 E0.00279
G1 X56.799 Y54.7 E0.05054
G1 X55 Y54.7 E0.02992
G1 X54.422 Y55.169 E0.01238
G1 X53.355 Y55.732 E0.02006
G1 X52.192 Y56.084 E0.02021
G0 F7200 X51.993 Y56.102
G0 X52.061 Y56.81
G0 X51 Y56.854
G0 X49.663 Y56.722
G0 X48.377 Y56.331
G0 X47.193 Y55.699
G0 X46.153 Y54.847
G0 X45.301 Y53.807
G0 X44.065 Y51.34
;TYPE:SKIN
G1 F1572.1 X44.295 Y51.739 E0.00877
G1 F2069 X44.362 Y51.962 E0.00337
G1 X43.954 Y51.962 E0.0059
G1 X43.954 Y51.788 E0.00252
G1 F1572.1 X44.065 Y51.34 E0.00879
G0 F7200 X44.063 Y48.642
G1 F1585.9 X43.952 Y48.204 E0.00853
G1 F2093 X43.952 Y48.032 E0.00246
G1 X44.356 Y48.032 E0.00578
G1 X44.288 Y48.254 E0.00332
G1 F1585.9 X44.063 Y48.642 E0.00847
G1 F1431.4 X44 Y49.98 E0.02801
G1 F1425.7 X44.065 Y51.34 E0.02859
G0 F7200 X44.21 Y51.354
;MESH:NONMESH
G0 F600 X44.21 Y51.354 Z18
G0 F7200 X43.91 Y43.76
G0 X43.76 Y43.76
;TIME_ELAPSED:1492.014405
;LAYER:177
;TYPE:FILL
;MESH:head.stl
G1 F3600 X45.765 Y45.765 E0.04715
G1 X45.835 Y45.835
G0 F7200 X45.645 Y45.678
G0 X43.91 Y44.925
G0 X43.761 Y44.925
G1 F3600 X46.426 Y42.26 E0.06268
G1 X46.496 Y42.19
G0 F7200 X46.495 Y42.41
G0 X47.916 Y42.41
G0 X47.917 Y42.26
G1 F3600 X49.174 Y43.517 E0.02956
G1 X49.244 Y43.587
G0 F7200 X49.176 Y43.363
G0 X51.112 Y43.098
G0 X51.098 Y43.245
G1 F3600 X52.083 Y42.26 E0.02317
G1 X52.153 Y42.19
G0 F7200 X52.152 Y42.41
G0 X53.573 Y42.41
G0 X53.574 Y42.26
G1 F3600 X56.054 Y44.74 E0.05833
G0 F7200 X55.259 Y44.74
G1 F3600 X56.24 Y43.759 E0.02307
G1 X56.31 Y43.689
G0 F7200 X56.09 Y43.689
G0 X51 Y43.146
G0 X49.663 Y43.278
G0 X48.377 Y43.669
G0 X47.193 Y44.301
G0 X46.153 Y45.153
G0 X45.301 Y46.193
G0 X44.669 Y47.377
G0 X44.278 Y48.663
G0 X44.146 Y50
G0 X44.278 Y51.337
G0 X44.669 Y52.623
G0 X45.301 Y53.807
G0 X46.153 Y54.847
G0 X47.193 Y55.699
G0 X48.377 Y56.331
G0 X49.663 Y56.722
G0 X51 Y56.854
G0 X52.337 Y56.722
G0 X56.053 Y55.41
G0 X56.053 Y55.26
G1 F3600 X53.573 Y57.74 E0.05833
G1 X53.503 Y57.81
G0 F7200 X53.503 Y57.59
G0 X52.083 Y57.59
G0 X52.083 Y57.74
G1 F3600 X51.091 Y56.748 E0.02333
G1 X51.021 Y56.678
G0 F7200 X51.043 Y56.91
G0 X49.131 Y56.623
G0 X49.175 Y56.481
G1 F3600 X47.916 Y57.74 E0.02961
G1 X47.846 Y57.81
G0 F7200 X47.846 Y57.59
G0 X46.425 Y57.59
G0 X46.425 Y57.739
G1 F3600 X43.76 Y55.074 E0.06268
G1 X43.69 Y55.004
G0 F7200 X43.91 Y55.004
G0 X43.91 Y56.238
G0 X43.761 Y56.238
G1 F3600 X45.765 Y54.234 E0.04713
G1 X45.835 Y54.164
G0 F7200 X45.643 Y54.32
G0 X44.789 Y52.848
G0 X43.91 Y50.581
G0 X43.761 Y50.581
G1 F3600 X43.841 Y50.502 E0.00187
G0 F7200 X43.91 Y50.502
G0 X43.91 Y49.497
G0 X43.841 Y49.497
G1 F3600 X43.76 Y49.417 E0.00189
G0 F7200 X43.91 Y49.417
G0 X44.278 Y51.337
G0 X44.669 Y52.623
G0 X45.301 Y53.807
G0 X46.153 Y54.847
G0 X47.193 Y55.699
G0 X48.377 Y56.331
G0 X49.663 Y56.722
G0 X51 Y56.854
G0 X52.337 Y56.722
G0 X53.494 Y56.37
G0 X55.26 Y55.41
G0 X55.26 Y55.26
G1 F3600 X56.236 Y56.236 E0.02295
G1 X56.306 Y56.306
G0 F7200 X56.09 Y56.305
G0 X52.376 Y56.773
G0 X52.287 Y56.477
;TYPE:WALL-INNER
G1 F3600 X51 Y56.599 E0.0215
G1 X49.708 Y56.476 E0.02158
G1 X48.469 Y56.097 E0.02155
G1 X47.334 Y55.494 E0.02137
G1 X46.328 Y54.666 E0.02167
G1 X45.505 Y53.661 E0.0216
G1 X44.899 Y52.53 E0.02134
G1 X44.523 Y51.288 E0.02158
G1 X44.4 Y50 E0.02152
G1 X44.523 Y48.708 E0.02158
G1 X44.899 Y47.466 E0.02158
G1 X45.505 Y46.335 E0.02134
G1 X46.326 Y45.332 E0.02156
G1 X47.335 Y44.505 E0.0217
G1 X48.471 Y43.898 E0.02142
G1 X49.708 Y43.524 E0.02149
G1 X51 Y43.396 E0.02159
G1 X52.288 Y43.524 E0.02153
G1 X53.525 Y43.898 E0.02149
G1 X54.665 Y44.508 E0.0215
G1 X55.143 Y44.9 E0.01028
G1 X56.4 Y44.9 E0.0209
G1 X56.4 Y42.313 E0.04302
G1 X56.275 Y42.1 E0.00411
G1 X43.6 Y42.1 E0.21079
G1 X43.601 Y57.899 E0.26274
G1 X56.272 Y57.9 E0.21072
G1 X56.396 Y57.69 E0.00406
G1 X56.399 Y55.1 E0.04307
G1 X55.143 Y55.1 E0.02089
G1 X54.666 Y55.492 E0.01027
G1 X53.527 Y56.097 E0.02145
G1 X52.287 Y56.477 E0.02157
G0 F7200 X52.192 Y56.084
;TYPE:WALL-OUTER
G1 F1800 X50.981 Y56.196 E0.02022
G1 X49.805 Y56.084 E0.01965
G1 X48.641 Y55.732 E0.02022
G1 X47.54 Y55.147 E0.02073
G1 X46.628 Y54.395 E0.01966
G1 X45.831 Y53.423 E0.0209
G1 X45.279 Y52.391 E0.01946
G1 X44.916 Y51.192 E0.02083
G1 X44.8 Y49.98 E0.02025
G1 X44.916 Y48.804 E0.01965
G1 X45.279 Y47.605 E0.02083
G1 X45.831 Y46.573 E0.01946
G1 X46.629 Y45.601 E0.02091
G1 X47.573 Y44.831 E0.02026
G1 X48.605 Y44.279 E0.01946
G1 X49.804 Y43.916 E0.02083
G1 X51.02 Y43.8 E0.02031
G1 X52.192 Y43.916 E0.01959
G1 X53.391 Y44.279 E0.02083
G1 X54.423 Y44.831 E0.01946
G1 X55 Y45.3 E0.01237
G1 X56.8 Y45.3 E0.02993
G1 X56.8 Y42.262 E0.05052
G1 X56.635 Y41.879 E0.00694
G1 X56.36 Y41.7 E0.00546
G1 X43.2 Y41.7 E0.21885
G1 X43.201 Y58.299 E0.27604
G1 X56.354 Y58.3 E0.21874
G1 X56.635 Y58.12 E0.00555
G1 X56.756 Y57.902 E0.00415
G1 X56.796 Y57.739 E0.00279
G1 X56.799 Y54.7 E0.05054
G1 X55 Y54.7 E0.02992
G1 X54.422 Y55.169 E0.01238
G1 X53.355 Y55.732 E0.02006
G1 X52.192 Y56.084 E0.02021
G0 F7200 X51.993 Y56.102
G0 X52.061 Y56.81
G0 X51 Y56.854
G0 X49.663 Y56.722
G0 X48.377 Y56.331
G0 X47.193 Y55.699
G0 X46.153 Y54.847
G0 X45.301 Y53.807
G0 X44.669 Y52.623
G0 X44.278 Y51.337
G0 X44.117 Y48.257
;TYPE:SKIN
G1 F1152 X44.068 Y48.584 E0.00859
G1 F1414.5 X44 Y49.98 E0.02958
G1 F1420.1 X44.066 Y51.361 E0.02914
G1 F1150.2 X44.12 Y51.738 E0.00991
G0 F7200 X44.21 Y51.764
;MESH:NONMESH
G0 F600 X44.21 Y51.764 Z18.1
G0 F7200 X43.91 Y43.76
G0 X43.76 Y43.76
;TIME_ELAPSED:1498.373174
;LAYER:178
;TYPE:FILL
;MESH:head.stl
G1 F3600 X45.765 Y45.765 E0.04715
G1 X45.835 Y45.835
G0 F7200 X45.645 Y45.678
G0 X43.91 Y44.925
G0 X43.761 Y44.925
G1 F3600 X46.426 Y42.26 E0.06268
G1 X46.496 Y42.19
G0 F7200 X46.495 Y42.41
G0 X47.916 Y42.41
G0 X47.917 Y42.26
G1 F3600 X49.174 Y43.517 E0.02956
G1 X49.244 Y43.587
G0 F7200 X49.176 Y43.363
G0 X51.112 Y43.098
G0 X51.098 Y43.245
G1 F3600 X52.083 Y42.26 E0.02317
G1 X52.153 Y42.19
G0 F7200 X52.152 Y42.41
G0 X53.573 Y42.41
G0 X53.574 Y42.26
G1 F3600 X56.054 Y44.74 E0.05833
G0 F7200 X55.259 Y44.74
G1 F3600 X56.24 Y43.759 E0.02307
G1 X56.31 Y43.689
G0 F7200 X56.09 Y43.689
G0 X51 Y43.146
G0 X49.663 Y43.278
G0 X48.377 Y43.669
G0 X47.193 Y44.301
G0 X46.153 Y45.153
G0 X45.301 Y46.193
G0 X44.669 Y47.377
G0 X44.278 Y48.663
G0 X44.146 Y50
G0 X44.278 Y51.337
G0 X44.669 Y52.623
G0 X45.301 Y53.807
G0 X46.153 Y54.847
G0 X47.193 Y55.699
G0 X48.377 Y56.331
G0 X49.663 Y56.722
G0 X51 Y56.854
G0 X52.337 Y56.722
G0 X56.053 Y55.41
G0 X56.053 Y55.26
G1 F3600 X53.573 Y57.74 E0.05833
G1 X53.503 Y57.81
G0 F7200 X53.503 Y57.59
G0 X52.083 Y57.59
G0 X52.083 Y57.74
G1 F3600 X51.091 Y56.748 E0.02333
G1 X51.021 Y56.678
G0 F7200 X51.043 Y56.91
G0 X49.131 Y56.623
G0 X49.175 Y56.481
G1 F3600 X47.916 Y57.74 E0.02961
G1 X47.846 Y57.81
G0 F7200 X47.846 Y57.59
G0 X46.425 Y57.59
G0 X46.425 Y57.739
G1 F3600 X43.76 Y55.074 E0.06268
G1 X43.69 Y55.004
G0 F7200 X43.91 Y55.004
G0 X43.91 Y56.238
G0 X43.761 Y56.238
G1 F3600 X45.765 Y54.234 E0.04713
G1 X45.835 Y54.164
G0 F7200 X45.643 Y54.32
G0 X44.789 Y52.848
G0 X43.91 Y50.581
G0 X43.761 Y50.581
G1 F3600 X44.249 Y50.094 E0.01147
G1 X44.249 Y49.906
G1 X43.76 Y49.417 E0.0115
G0 F7200 X43.91 Y49.417
G0 X44.278 Y51.337
G0 X44.669 Y52.623
G0 X45.301 Y53.807
G0 X46.153 Y54.847
G0 X47.193 Y55.699
G0 X48.377 Y56.331
G0 X49.663 Y56.722
G0 X51 Y56.854
G0 X52.337 Y56.722
G0 X53.494 Y56.37
G0 X55.26 Y55.41
G0 X55.26 Y55.26
G1 F3600 X56.236 Y56.236 E0.02295
G1 X56.306 Y56.306
G0 F7200 X56.09 Y56.305
G0 X52.376 Y56.773
G0 X52.287 Y56.477
;TYPE:WALL-INNER
G1 F3600 X51 Y56.599 E0.0215
G1 X49.708 Y56.476 E0.02158
G1 X48.469 Y56.097 E0.02155
G1 X47.334 Y55.494 E0.02137
G1 X46.328 Y54.666 E0.02167
G1 X45.505 Y53.661 E0.0216
G1 X44.899 Y52.53 E0.02134
G1 X44.523 Y51.288 E0.02158
G1 X44.4 Y50 E0.02152
G1 X44.523 Y48.708 E0.02158
G1 X44.899 Y47.466 E0.02158
G1 X45.505 Y46.335 E0.02134
G1 X46.326 Y45.332 E0.02156
G1 X47.335 Y44.505 E0.0217
G1 X48.471 Y43.898 E0.02142
G1 X49.708 Y43.524 E0.02149
G1 X51 Y43.396 E0.02159
G1 X52.288 Y43.524 E0.02153
G1 X53.525 Y43.898 E0.02149
G1 X54.665 Y44.508 E0.0215
G1 X55.143 Y44.9 E0.01028
G1 X56.4 Y44.9 E0.0209
G1 X56.4 Y42.313 E0.04302
G1 X56.275 Y42.1 E0.00411
G1 X43.6 Y42.1 E0.21079
G1 X43.601 Y57.899 E0.26274
G1 X56.272 Y57.9 E0.21072
G1 X56.396 Y57.69 E0.00406
G1 X56.399 Y55.1 E0.04307
G1 X55.143 Y55.1 E0.02089
G1 X54.666 Y55.492 E0.01027
G1 X53.527 Y56.097 E0.02145
G1 X52.287 Y56.477 E0.02157
G0 F7200 X52.192 Y56.084
;TYPE:WALL-OUTER
G1 F1800 X50.981 Y56.196 E0.02022
G1 X49.805 Y56.084 E0.01965
G1 X48.641 Y55.732 E0.02022
G1 X47.54 Y55.147 E0.02073
G1 X46.628 Y54.395 E0.01966
G1 X45.831 Y53.423 E0.0209
G1 X45.279 Y52.391 E0.01946
G1 X44.916 Y51.192 E0.02083
G1 X44.8 Y49.98 E0.02025
G1 X44.916 Y48.804 E0.01965
G1 X45.279 Y47.605 E0.02083
G1 X45.831 Y46.573 E0.01946
G1 X46.629 Y45.601 E0.02091
G1 X47.573 Y44.831 E0.02026
G1 X48.605 Y44.279 E0.01946
G1 X49.804 Y43.916 E0.02083
G1 X51.02 Y43.8 E0.02031
G1 X52.192 Y43.916 E0.01959
G1 X53.391 Y44.279 E0.02083
G1 X54.423 Y44.831 E0.01946
G1 X55 Y45.3 E0.01237
G1 X56.8 Y45.3 E0.02993
G1 X56.8 Y42.262 E0.05052
G1 X56.635 Y41.879 E0.00694
G1 X56.36 Y41.7 E0.00546
G1 X43.2 Y41.7 E0.21885
G1 X43.201 Y58.299 E0.27604
G1 X56.354 Y58.3 E0.21874
G1 X56.635 Y58.12 E0.00555
G1 X56.756 Y57.902 E0.00415
G1 X56.796 Y57.739 E0.00279
G1 X56.799 Y54.7 E0.05054
G1 X55 Y54.7 E0.02992
G1 X54.422 Y55.169 E0.01238
G1 X53.355 Y55.732 E0.02006
G1 X52.192 Y56.084 E0.02021
G0 F7200 X51.993 Y56.102
G0 X52.091 Y57.109
;MESH:NONMESH
G0 F600 X52.091 Y57.109 Z18.2
G0 F7200 X49.663 Y56.722
G0 X48.377 Y56.331
G0 X47.193 Y55.699
G0 X46.153 Y54.847
G0 X45.301 Y53.807
G0 X44.669 Y52.623
G0 X44.278 Y51.337
G0 X43.91 Y43.76
G0 X43.76 Y43.76
;TIME_ELAPSED:1504.520250
;LAYER:179
;TYPE:FILL
;MESH:head.stl
G1 F3600 X45.765 Y45.765 E0.04715
G1 X45.835 Y45.835
G0 F7200 X45.645 Y45.678
G0 X43.91 Y44.925
G0 X43.761 Y44.925
G1 F3600 X46.426 Y42.26 E0.06268
G1 X46.496 Y42.19
G0 F7200 X46.495 Y42.41
G0 X47.916 Y42.41
G0 X47.917 Y42.26
G1 F3600 X49.174 Y43.517 E0.02956
G1 X49.244 Y43.587
G0 F7200 X49.176 Y43.363
G0 X51.112 Y43.098
G0 X51.098 Y43.245
G1 F3600 X52.083 Y42.26 E0.02317
G1 X52.153 Y42.19
G0 F7200 X52.152 Y42.41
G0 X53.573 Y42.41
G0 X53.574 Y42.26
G1 F3600 X56.054 Y44.74 E0.05833
G0 F7200 X55.259 Y44.74
G1 F3600 X56.24 Y43.759 E0.02307
G1 X56.31 Y43.689
G0 F7200 X56.09 Y43.689
G0 X51 Y43.146
G0 X49.663 Y43.278
G0 X48.377 Y43.669
G0 X47.193 Y44.301
G0 X46.153 Y45.153
G0 X45.301 Y46.193
G0 X44.669 Y47.377
G0 X44.278 Y48.663
G0 X44.146 Y50
G0 X44.278 Y51.337
G0 X44.669 Y52.623
G0 X45.301 Y53.807
G0 X46.153 Y54.847
G0 X47.193 Y55.699
G0 X48.377 Y56.331
G0 X49.663 Y56.722
G0 X51 Y56.854
G0 X52.337 Y56.722
G0 X56.053 Y55.41
G0 X56.053 Y55.26
G1 F3600 X53.573 Y57.74 E0.05833
G1 X53.503 Y57.81
G0 F7200 X53.503 Y57.59
G0 X52.083 Y57.59
G0 X52.083 Y57.74
G1 F3600 X51.091 Y56.748 E0.02333
G1 X51.021 Y56.678
G0 F7200 X51.043 Y56.91
G0 X49.131 Y56.623
G0 X49.175 Y56.481
G1 F3600 X47.916 Y57.74 E0.02961
G1 X47.846 Y57.81
G0 F7200 X47.846 Y57.59
G0 X46.425 Y57.59
G0 X46.425 Y57.739
G1 F3600 X43.76 Y55.074 E0.06268
G1 X43.69 Y55.004
G0 F7200 X43.91 Y55.004
G0 X43.91 Y56.238
G0 X43.761 Y56.238
G1 F3600 X45.765 Y54.234 E0.04713
G1 X45.835 Y54.164
G0 F7200 X45.643 Y54.32
G0 X44.789 Y52.848
G0 X43.91 Y50.581
G0 X43.761 Y50.581
G1 F3600 X44.249 Y50.094 E0.01147
G1 X44.249 Y49.906
G1 X43.76 Y49.417 E0.0115
G0 F7200 X43.91 Y49.417
G0 X44.278 Y51.337
G0 X44.669 Y52.623
G0 X45.301 Y53.807
G0 X46.153 Y54.847
G0 X47.193 Y55.699
G0 X48.377 Y56.331
G0 X49.663 Y56.722
G0 X51 Y56.854
G0 X52.337 Y56.722
G0 X53.494 Y56.37
G0 X55.26 Y55.41
G0 X55.26 Y55.26
G1 F3600 X56.24 Y56.24 E0.02305
G1 X56.31 Y56.31
G0 F7200 X56.09 Y56.31
G0 X52.376 Y56.773
G0 X52.287 Y56.477
;TYPE:WALL-INNER
G1 F3600 X51 Y56.599 E0.0215
G1 X49.708 Y56.476 E0.02158
G1 X48.469 Y56.097 E0.02155
G1 X47.334 Y55.494 E0.02137
G1 X46.328 Y54.666 E0.02167
G1 X45.505 Y53.661 E0.0216
G1 X44.899 Y52.53 E0.02134
G1 X44.523 Y51.288 E0.02158
G1 X44.4 Y50 E0.02152
G1 X44.523 Y48.708 E0.02158
G1 X44.899 Y47.466 E0.02158
G1 X45.505 Y46.335 E0.02134
G1 X46.326 Y45.332 E0.02156
G1 X47.335 Y44.505 E0.0217
G1 X48.471 Y43.898 E0.02142
G1 X49.708 Y43.524 E0.02149
G1 X51 Y43.396 E0.02159
G1 X52.288 Y43.524 E0.02153
G1 X53.525 Y43.898 E0.02149
G1 X54.665 Y44.508 E0.0215
G1 X55.143 Y44.9 E0.01028
G1 X56.4 Y44.9 E0.0209
G1 X56.4 Y42.313 E0.04302
G1 X56.275 Y42.1 E0.00411
G1 X43.6 Y42.1 E0.21079
G1 X43.601 Y57.899 E0.26274
G1 X56.272 Y57.9 E0.21072
G1 X56.4 Y57.683 E0.00419
G1 X56.4 Y55.1 E0.04296
G1 X55.143 Y55.1 E0.0209
G1 X54.663 Y55.494 E0.01033
G1 X53.527 Y56.097 E0.02139
G1 X52.287 Y56.477 E0.02157
G0 F7200 X52.192 Y56.084
;TYPE:WALL-OUTER
G1 F1800 X50.981 Y56.196 E0.02022
G1 X49.805 Y56.084 E0.01965
G1 X48.641 Y55.732 E0.02022
G1 X47.54 Y55.147 E0.02073
G1 X46.628 Y54.395 E0.01966
G1 X45.831 Y53.423 E0.0209
G1 X45.279 Y52.391 E0.01946
G1 X44.916 Y51.192 E0.02083
G1 X44.8 Y49.98 E0.02025
G1 X44.916 Y48.804 E0.01965
G1 X45.279 Y47.605 E0.02083
G1 X45.831 Y46.573 E0.01946
G1 X46.629 Y45.601 E0.02091
G1 X47.573 Y44.831 E0.02026
G1 X48.605 Y44.279 E0.01946
G1 X49.804 Y43.916 E0.02083
G1 X51.02 Y43.8 E0.02031
G1 X52.192 Y43.916 E0.01959
G1 X53.391 Y44.279 E0.02083
G1 X54.423 Y44.831 E0.01946
G1 X55 Y45.3 E0.01237
G1 X56.8 Y45.3 E0.02993
G1 X56.8 Y42.262 E0.05052
G1 X56.635 Y41.879 E0.00694
G1 X56.36 Y41.7 E0.00546
G1 X43.2 Y41.7 E0.21885
G1 X43.201 Y58.299 E0.27604
G1 X56.354 Y58.3 E0.21874
G1 X56.635 Y58.12 E0.00555
G1 X56.8 Y57.734 E0.00698
G1 X56.8 Y54.7 E0.05046
G1 X55 Y54.7 E0.02993
G1 X54.422 Y55.169 E0.01238
G1 X53.355 Y55.732 E0.02006
G1 X52.192 Y56.084 E0.02021
G0 F7200 X51.993 Y56.102
G0 X52.091 Y57.109
;MESH:NONMESH
G0 F600 X52.091 Y57.109 Z18.3
G0 F7200 X49.663 Y56.722
G0 X48.377 Y56.331
G0 X47.193 Y55.699
G0 X46.153 Y54.847
G0 X45.301 Y53.807
G0 X44.669 Y52.623
G0 X44.278 Y51.337
G0 X43.91 Y43.76
G0 X43.76 Y43.76
;TIME_ELAPSED:1510.667475
;LAYER:180
;TYPE:FILL
;MESH:head.stl
G1 F3600 X45.765 Y45.765 E0.04715
G1 X45.835 Y45.835
G0 F7200 X45.645 Y45.678
G0 X43.91 Y44.925
G0 X43.761 Y44.925
G1 F3600 X46.426 Y42.26 E0.06268
G1 X46.496 Y42.19
G0 F7200 X46.495 Y42.41
G0 X47.916 Y42.41
G0 X47.917 Y42.26
G1 F3600 X49.174 Y43.517 E0.02956
G1 X49.244 Y43.587
G0 F7200 X49.176 Y43.363
G0 X51.112 Y43.098
G0 X51.098 Y43.245
G1 F3600 X52.083 Y42.26 E0.02317
G1 X52.153 Y42.19
G0 F7200 X52.152 Y42.41
G0 X53.573 Y42.41
G0 X53.574 Y42.26
G1 F3600 X56.054 Y44.74 E0.05833
G0 F7200 X55.259 Y44.74
G1 F3600 X56.24 Y43.759 E0.02307
G1 X56.31 Y43.689
G0 F7200 X56.09 Y43.689
G0 X51 Y43.146
G0 X49.663 Y43.278
G0 X48.377 Y43.669
G0 X47.193 Y44.301
G0 X46.153 Y45.153
G0 X45.301 Y46.193
G0 X44.669 Y47.377
G0 X44.278 Y48.663
G0 X44.146 Y50
G0 X44.278 Y51.337
G0 X44.669 Y52.623
G0 X45.301 Y53.807
G0 X46.153 Y54.847
G0 X47.193 Y55.699
G0 X48.377 Y56.331
G0 X49.663 Y56.722
G0 X51 Y56.854
G0 X52.337 Y56.722
G0 X56.053 Y55.41
G0 X56.053 Y55.26
G1 F3600 X53.573 Y57.74 E0.05833
G1 X53.503 Y57.81
G0 F7200 X53.503 Y57.59
G0 X52.083 Y57.59
G0 X52.083 Y57.74
G1 F3600 X51.091 Y56.748 E0.02333
G1 X51.021 Y56.678
G0 F7200 X51.043 Y56.91
G0 X49.131 Y56.623
G0 X49.175 Y56.481
G1 F3600 X47.916 Y57.74 E0.02961
G1 X47.846 Y57.81
G0 F7200 X47.846 Y57.59
G0 X46.425 Y57.59
G0 X46.425 Y57.739
G1 F3600 X43.76 Y55.074 E0.06268
G1 X43.69 Y55.004
G0 F7200 X43.91 Y55.004
G0 X43.91 Y56.238
G0 X43.761 Y56.238
G1 F3600 X45.765 Y54.234 E0.04713
G1 X45.835 Y54.164
G0 F7200 X45.643 Y54.32
G0 X44.789 Y52.848
G0 X43.91 Y50.581
G0 X43.761 Y50.581
G1 F3600 X44.249 Y50.094 E0.01147
G1 X44.249 Y49.906
G1 X43.76 Y49.417 E0.0115
G0 F7200 X43.91 Y49.417
G0 X44.278 Y51.337
G0 X44.669 Y52.623
G0 X45.301 Y53.807
G0 X46.153 Y54.847
G0 X47.193 Y55.699
G0 X48.377 Y56.331
G0 X49.663 Y56.722
G0 X51 Y56.854
G0 X52.337 Y56.722
G0 X53.494 Y56.37
G0 X55.26 Y55.41
G0 X55.26 Y55.26
G1 F3600 X56.24 Y56.24 E0.02305
G1 X56.31 Y56.31
G0 F7200 X56.09 Y56.31
G0 X52.376 Y56.773
G0 X52.287 Y56.477
;TYPE:WALL-INNER
G1 F3600 X51 Y56.599 E0.0215
G1 X49.708 Y56.476 E0.02158
G1 X48.469 Y56.097 E0.02155
G1 X47.334 Y55.494 E0.02137
G1 X46.328 Y54.666 E0.02167
G1 X45.505 Y53.661 E0.0216
G1 X44.899 Y52.53 E0.02134
G1 X44.523 Y51.288 E0.02158
G1 X44.4 Y50 E0.02152
G1 X44.523 Y48.708 E0.02158
G1 X44.899 Y47.466 E0.02158
G1 X45.505 Y46.335 E0.02134
G1 X46.326 Y45.332 E0.02156
G1 X47.335 Y44.505 E0.0217
G1 X48.471 Y43.898 E0.02142
G1 X49.708 Y43.524 E0.02149
G1 X51 Y43.396 E0.02159
G1 X52.288 Y43.524 E0.02153
G1 X53.525 Y43.898 E0.02149
G1 X54.665 Y44.508 E0.0215
G1 X55.143 Y44.9 E0.01028
G1 X56.4 Y44.9 E0.0209
G1 X56.4 Y42.313 E0.04302
G1 X56.275 Y42.1 E0.00411
G1 X43.6 Y42.1 E0.21079
G1 X43.601 Y57.899 E0.26274
G1 X56.272 Y57.9 E0.21072
G1 X56.4 Y57.683 E0.00419
G1 X56.4 Y55.1 E0.04296
G1 X55.143 Y55.1 E0.0209
G1 X54.663 Y55.494 E0.01033
G1 X53.527 Y56.097 E0.02139
G1 X52.287 Y56.477 E0.02157
G0 F7200 X52.192 Y56.084
;TYPE:WALL-OUTER
G1 F1800 X50.981 Y56.196 E0.02022
G1 X49.805 Y56.084 E0.01965
G1 X48.641 Y55.732 E0.02022
G1 X47.54 Y55.147 E0.02073
G1 X46.628 Y54.395 E0.01966
G1 X45.831 Y53.423 E0.0209
G1 X45.279 Y52.391 E0.01946
G1 X44.916 Y51.192 E0.02083
G1 X44.8 Y49.98 E0.02025
G1 X44.916 Y48.804 E0.01965
G1 X45.279 Y47.605 E0.02083
G1 X45.831 Y46.573 E0.01946
G1 X46.629 Y45.601 E0.02091
G1 X47.573 Y44.831 E0.02026
G1 X48.605 Y44.279 E0.01946
G1 X49.804 Y43.916 E0.02083
G1 X51.02 Y43.8 E0.02031
G1 X52.192 Y43.916 E0.01959
G1 X53.391 Y44.279 E0.02083
G1 X54.423 Y44.831 E0.01946
G1 X55 Y45.3 E0.01237
G1 X56.8 Y45.3 E0.02993
G1 X56.8 Y42.262 E0.05052
G1 X56.635 Y41.879 E0.00694
G1 X56.36 Y41.7 E0.00546
G1 X43.2 Y41.7 E0.21885
G1 X43.201 Y58.299 E0.27604
G1 X56.354 Y58.3 E0.21874
G1 X56.635 Y58.12 E0.00555
G1 X56.8 Y57.734 E0.00698
G1 X56.8 Y54.7 E0.05046
G1 X55 Y54.7 E0.02993
G1 X54.422 Y55.169 E0.01238
G1 X53.355 Y55.732 E0.02006
G1 X52.192 Y56.084 E0.02021
G0 F7200 X51.993 Y56.102
G0 X52.091 Y57.109
;MESH:NONMESH
G0 F600 X52.091 Y57.109 Z18.4
G0 F7200 X49.663 Y56.722
G0 X48.377 Y56.331
G0 X47.193 Y55.699
G0 X46.153 Y54.847
G0 X45.301 Y53.807
G0 X44.669 Y52.623
G0 X44.278 Y51.337
G0 X43.91 Y43.76
G0 X43.76 Y43.76
;TIME_ELAPSED:1516.814700
;LAYER:181
;TYPE:FILL
;MESH:head.stl
G1 F3600 X45.765 Y45.765 E0.04715
G1 X45.835 Y45.835
G0 F7200 X45.645 Y45.678
G0 X43.91 Y44.925
G0 X43.761 Y44.925
G1 F3600 X46.426 Y42.26 E0.06268
G1 X46.496 Y42.19
G0 F7200 X46.495 Y42.41
G0 X47.916 Y42.41
G0 X47.917 Y42.26
G1 F3600 X49.174 Y43.517 E0.02956
G1 X49.244 Y43.587
G0 F7200 X49.176 Y43.363
G0 X51.112 Y43.098
G0 X51.098 Y43.245
G1 F3600 X52.083 Y42.26 E0.02317
G1 X52.153 Y42.19
G0 F7200 X52.152 Y42.41
G0 X53.573 Y42.41
G0 X53.574 Y42.26
G1 F3600 X56.054 Y44.74 E0.05833
G0 F7200 X55.259 Y44.74
G1 F3600 X56.24 Y43.759 E0.02307
G1 X56.31 Y43.689
G0 F7200 X56.09 Y43.689
G0 X51 Y43.146
G0 X49.663 Y43.278
G0 X48.377 Y43.669
G0 X47.193 Y44.301
G0 X46.153 Y45.153
G0 X45.301 Y46.193
G0 X44.669 Y47.377
G0 X44.278 Y48.663
G0 X44.146 Y50
G0 X44.278 Y51.337
G0 X44.669 Y52.623
G0 X45.301 Y53.807
G0 X46.153 Y54.847
G0 X47.193 Y55.699
G0 X48.377 Y56.331
G0 X49.663 Y56.722
G0 X51 Y56.854
G0 X52.337 Y56.722
G0 X56.053 Y55.41
G0 X56.053 Y55.26
G1 F3600 X53.573 Y57.74 E0.05833
G1 X53.503 Y57.81
G0 F7200 X53.503 Y57.59
G0 X52.083 Y57.59
G0 X52.083 Y57.74
G1 F3600 X51.091 Y56.748 E0.02333
G1 X51.021 Y56.678
G0 F7200 X51.043 Y56.91
G0 X49.131 Y56.623
G0 X49.175 Y56.481
G1 F3600 X47.916 Y57.74 E0.02961
G1 X47.846 Y57.81
G0 F7200 X47.846 Y57.59
G0 X46.425 Y57.59
G0 X46.425 Y57.739
G1 F3600 X43.76 Y55.074 E0.06268
G1 X43.69 Y55.004
G0 F7200 X43.91 Y55.004
G0 X43.91 Y56.238
G0 X43.761 Y56.238
G1 F3600 X45.765 Y54.234 E0.04713
G1 X45.835 Y54.164
G0 F7200 X45.643 Y54.32
G0 X44.789 Y52.848
G0 X43.91 Y50.581
G0 X43.761 Y50.581
G1 F3600 X44.249 Y50.094 E0.01147
G1 X44.249 Y49.906
G1 X43.76 Y49.417 E0.0115
G0 F7200 X43.91 Y49.417
G0 X44.278 Y51.337
G0 X44.669 Y52.623
G0 X45.301 Y53.807
G0 X46.153 Y54.847
G0 X47.193 Y55.699
G0 X48.377 Y56.331
G0 X49.663 Y56.722
G0 X51 Y56.854
G0 X52.337 Y56.722
G0 X53.494 Y56.37
G0 X55.26 Y55.41
G0 X55.26 Y55.26
G1 F3600 X56.24 Y56.24 E0.02305
G1 X56.31 Y56.31
G0 F7200 X56.09 Y56.31
G0 X52.376 Y56.773
G0 X52.287 Y56.477
;TYPE:WALL-INNER
G1 F3600 X51 Y56.599 E0.0215
G1 X49.708 Y56.476 E0.02158
G1 X48.469 Y56.097 E0.02155
G1 X47.334 Y55.494 E0.02137
G1 X46.328 Y54.666 E0.02167
G1 X45.505 Y53.661 E0.0216
G1 X44.899 Y52.53 E0.02134
G1 X44.523 Y51.288 E0.02158
G1 X44.4 Y50 E0.02152
G1 X44.523 Y48.708 E0.02158
G1 X44.899 Y47.466 E0.02158
G1 X45.505 Y46.335 E0.02134
G1 X46.326 Y45.332 E0.02156
G1 X47.335 Y44.505 E0.0217
G1 X48.471 Y43.898 E0.02142
G1 X49.708 Y43.524 E0.02149
G1 X51 Y43.396 E0.02159
G1 X52.288 Y43.524 E0.02153
G1 X53.525 Y43.898 E0.02149
G1 X54.665 Y44.508 E0.0215
G1 X55.143 Y44.9 E0.01028
G1 X56.4 Y44.9 E0.0209
G1 X56.4 Y42.313 E0.04302
G1 X56.275 Y42.1 E0.00411
G1 X43.6 Y42.1 E0.21079
G1 X43.601 Y57.899 E0.26274
G1 X56.272 Y57.9 E0.21072
G1 X56.4 Y57.683 E0.00419
G1 X56.4 Y55.1 E0.04296
G1 X55.143 Y55.1 E0.0209
G1 X54.663 Y55.494 E0.01033
G1 X53.527 Y56.097 E0.02139
G1 X52.287 Y56.477 E0.02157
G0 F7200 X52.192 Y56.084
;TYPE:WALL-OUTER
G1 F1800 X50.981 Y56.196 E0.02022
G1 X49.805 Y56.084 E0.01965
G1 X48.641 Y55.732 E0.02022
G1 X47.54 Y55.147 E0.02073
G1 X46.628 Y54.395 E0.01966
G1 X45.831 Y53.423 E0.0209
G1 X45.279 Y52.391 E0.01946
G1 X44.916 Y51.192 E0.02083
G1 X44.8 Y49.98 E0.02025
G1 X44.916 Y48.804 E0.01965
G1 X45.279 Y47.605 E0.02083
G1 X45.831 Y46.573 E0.01946
G1 X46.629 Y45.601 E0.02091
G1 X47.573 Y44.831 E0.02026
G1 X48.605 Y44.279 E0.01946
G1 X49.804 Y43.916 E0.02083
G1 X51.02 Y43.8 E0.02031
G1 X52.192 Y43.916 E0.01959
G1 X53.391 Y44.279 E0.02083
G1 X54.423 Y44.831 E0.01946
G1 X55 Y45.3 E0.01237
G1 X56.8 Y45.3 E0.02993
G1 X56.8 Y42.262 E0.05052
G1 X56.635 Y41.879 E0.00694
G1 X56.36 Y41.7 E0.00546
G1 X43.2 Y41.7 E0.21885
G1 X43.201 Y58.299 E0.27604
G1 X56.354 Y58.3 E0.21874
G1 X56.635 Y58.12 E0.00555
G1 X56.8 Y57.734 E0.00698
G1 X56.8 Y54.7 E0.05046
G1 X55 Y54.7 E0.02993
G1 X54.422 Y55.169 E0.01238
G1 X53.355 Y55.732 E0.02006
G1 X52.192 Y56.084 E0.02021
G0 F7200 X51.993 Y56.102
G0 X52.091 Y57.109
;MESH:NONMESH
G0 F600 X52.091 Y57.109 Z18.5
G0 F7200 X49.663 Y56.722
G0 X48.377 Y56.331
G0 X47.193 Y55.699
G0 X46.153 Y54.847
G0 X45.301 Y53.807
G0 X44.669 Y52.623
G0 X44.278 Y51.337
G0 X43.91 Y43.76
G0 X43.76 Y43.76
;TIME_ELAPSED:1522.961925
;LAYER:182
;TYPE:FILL
;MESH:head.stl
G1 F3600 X45.765 Y45.765 E0.04715
G1 X45.835 Y45.835
G0 F7200 X45.645 Y45.678
G0 X43.91 Y44.925
G0 X43.761 Y44.925
G1 F3600 X46.426 Y42.26 E0.06268
G1 X46.496 Y42.19
G0 F7200 X46.496 Y42.41
G0 X47.917 Y42.41
G0 X47.917 Y42.26
G1 F3600 X49.174 Y43.517 E0.02956
G1 X49.244 Y43.587
G0 F7200 X49.176 Y43.363
G0 X51.112 Y43.098
G0 X51.098 Y43.245
G1 F3600 X52.083 Y42.26 E0.02317
G1 X52.153 Y42.19
G0 F7200 X52.153 Y42.41
G0 X53.574 Y42.41
G0 X53.574 Y42.26
G1 F3600 X56.054 Y44.74 E0.05833
G0 F7200 X55.259 Y44.74
G1 F3600 X56.24 Y43.759 E0.02307
G1 X56.31 Y43.689
G0 F7200 X56.09 Y43.689
G0 X51 Y43.146
G0 X49.663 Y43.278
G0 X48.377 Y43.669
G0 X47.193 Y44.301
G0 X46.153 Y45.153
G0 X45.301 Y46.193
G0 X44.669 Y47.377
G0 X44.278 Y48.663
G0 X44.146 Y50
G0 X44.278 Y51.337
G0 X44.669 Y52.623
G0 X45.301 Y53.807
G0 X46.153 Y54.847
G0 X47.193 Y55.699
G0 X48.377 Y56.331
G0 X49.663 Y56.722
G0 X51 Y56.854
G0 X52.337 Y56.722
G0 X56.053 Y55.41
G0 X56.053 Y55.26
G1 F3600 X53.574 Y57.739 E0.0583
G1 X53.504 Y57.809
G0 F7200 X53.504 Y57.59
G0 X52.082 Y57.59
G0 X52.082 Y57.739
G1 F3600 X51.091 Y56.748 E0.02331
G1 X51.021 Y56.678
G0 F7200 X51.043 Y56.91
G0 X49.131 Y56.623
G0 X49.175 Y56.481
G1 F3600 X47.917 Y57.739 E0.02959
G1 X47.847 Y57.809
G0 F7200 X47.847 Y57.59
G0 X46.425 Y57.59
G0 X46.425 Y57.739
G1 F3600 X43.76 Y55.074 E0.06268
G1 X43.69 Y55.004
G0 F7200 X43.91 Y55.004
G0 X43.91 Y56.238
G0 X43.761 Y56.238
G1 F3600 X45.765 Y54.234 E0.04713
G1 X45.835 Y54.164
G0 F7200 X45.643 Y54.32
G0 X44.789 Y52.848
G0 X43.91 Y50.581
G0 X43.761 Y50.581
G1 F3600 X44.249 Y50.094 E0.01147
G1 X44.249 Y49.906
G1 X43.76 Y49.417 E0.0115
G0 F7200 X43.91 Y49.417
G0 X44.278 Y51.337
G0 X44.669 Y52.623
G0 X45.301 Y53.807
G0 X46.153 Y54.847
G0 X47.193 Y55.699
G0 X48.377 Y56.331
G0 X49.663 Y56.722
G0 X51 Y56.854
G0 X52.337 Y56.722
G0 X53.494 Y56.37
G0 X55.26 Y55.41
G0 X55.26 Y55.26
G1 F3600 X56.24 Y56.24 E0.02305
G1 X56.31 Y56.31
G0 F7200 X56.09 Y56.31
G0 X52.376 Y56.773
G0 X52.287 Y56.477
;TYPE:WALL-INNER
G1 F3600 X51 Y56.599 E0.0215
G1 X49.708 Y56.476 E0.02158
G1 X48.469 Y56.097 E0.02155
G1 X47.334 Y55.494 E0.02137
G1 X46.328 Y54.666 E0.02167
G1 X45.505 Y53.661 E0.0216
G1 X44.899 Y52.53 E0.02134
G1 X44.523 Y51.288 E0.02158
G1 X44.4 Y50 E0.02152
G1 X44.523 Y48.708 E0.02158
G1 X44.899 Y47.466 E0.02158
G1 X45.505 Y46.335 E0.02134
G1 X46.326 Y45.332 E0.02156
G1 X47.335 Y44.505 E0.0217
G1 X48.471 Y43.898 E0.02142
G1 X49.708 Y43.524 E0.02149
G1 X51 Y43.396 E0.02159
G1 X52.288 Y43.524 E0.02153
G1 X53.525 Y43.898 E0.02149
G1 X54.665 Y44.508 E0.0215
G1 X55.143 Y44.9 E0.01028
G1 X56.4 Y44.9 E0.0209
G1 X56.4 Y42.313 E0.04302
G1 X56.274 Y42.101 E0.0041
G1 X43.6 Y42.1 E0.21077
G1 X43.601 Y57.899 E0.26274
G1 X56.272 Y57.9 E0.21072
G1 X56.37 Y57.769 E0.00272
G1 X56.4 Y57.612 E0.00266
G1 X56.4 Y55.1 E0.04177
G1 X55.143 Y55.1 E0.0209
G1 X54.663 Y55.494 E0.01033
G1 X53.527 Y56.097 E0.02139
G1 X52.287 Y56.477 E0.02157
G0 F7200 X52.192 Y56.084
;TYPE:WALL-OUTER
G1 F1800 X50.981 Y56.196 E0.02022
G1 X49.805 Y56.084 E0.01965
G1 X48.641 Y55.732 E0.02022
G1 X47.54 Y55.147 E0.02073
G1 X46.628 Y54.395 E0.01966
G1 X45.831 Y53.423 E0.0209
G1 X45.279 Y52.391 E0.01946
G1 X44.916 Y51.192 E0.02083
G1 X44.8 Y49.98 E0.02025
G1 X44.916 Y48.804 E0.01965
G1 X45.279 Y47.605 E0.02083
G1 X45.831 Y46.573 E0.01946
G1 X46.629 Y45.601 E0.02091
G1 X47.573 Y44.831 E0.02026
G1 X48.605 Y44.279 E0.01946
G1 X49.804 Y43.916 E0.02083
G1 X51.02 Y43.8 E0.02031
G1 X52.192 Y43.916 E0.01959
G1 X53.391 Y44.279 E0.02083
G1 X54.423 Y44.831 E0.01946
G1 X55 Y45.3 E0.01237
G1 X56.8 Y45.3 E0.02993
G1 X56.8 Y42.262 E0.05052
G1 X56.635 Y41.879 E0.00694
G1 X56.356 Y41.701 E0.0055
G1 X43.2 Y41.7 E0.21879
G1 X43.201 Y58.299 E0.27604
G1 X56.354 Y58.3 E0.21874
G1 X56.635 Y58.121 E0.00554
G1 X56.752 Y57.904 E0.0041
G1 X56.8 Y57.649 E0.00432
G1 X56.8 Y54.7 E0.04904
G1 X55 Y54.7 E0.02993
G1 X54.422 Y55.169 E0.01238
G1 X53.355 Y55.732 E0.02006
G1 X52.192 Y56.084 E0.02021
G0 F7200 X51.993 Y56.102
G0 X52.091 Y57.109
;MESH:NONMESH
G0 F600 X52.091 Y57.109 Z18.6
G0 F7200 X49.663 Y56.722
G0 X48.377 Y56.331
G0 X47.193 Y55.699
G0 X46.153 Y54.847
G0 X45.301 Y53.807
G0 X44.669 Y52.623
G0 X44.278 Y51.337
G0 X43.91 Y43.76
G0 X43.76 Y43.76
;TIME_ELAPSED:1529.107365
;LAYER:183
;TYPE:FILL
;MESH:head.stl
G1 F3600 X45.765 Y45.765 E0.04715
G1 X45.835 Y45.835
G0 F7200 X45.645 Y45.678
G0 X43.91 Y44.925
G0 X43.761 Y44.925
G1 F3600 X46.426 Y42.26 E0.06268
G1 X46.496 Y42.19
G0 F7200 X46.496 Y42.41
G0 X47.917 Y42.41
G0 X47.917 Y42.26
G1 F3600 X49.174 Y43.517 E0.02956
G1 X49.244 Y43.587
G0 F7200 X49.176 Y43.363
G0 X51.112 Y43.098
G0 X51.098 Y43.245
G1 F3600 X52.083 Y42.26 E0.02317
G1 X52.153 Y42.19
G0 F7200 X52.153 Y42.41
G0 X53.574 Y42.41
G0 X53.574 Y42.26
G1 F3600 X56.054 Y44.74 E0.05833
G0 F7200 X55.259 Y44.74
G1 F3600 X56.24 Y43.759 E0.02307
G1 X56.31 Y43.689
G0 F7200 X56.09 Y43.689
G0 X51 Y43.146
G0 X49.663 Y43.278
G0 X48.377 Y43.669
G0 X47.193 Y44.301
G0 X46.153 Y45.153
G0 X45.301 Y46.193
G0 X44.669 Y47.377
G0 X44.278 Y48.663
G0 X44.146 Y50
G0 X44.278 Y51.337
G0 X44.669 Y52.623
G0 X45.301 Y53.807
G0 X46.153 Y54.847
G0 X47.193 Y55.699
G0 X48.377 Y56.331
G0 X49.663 Y56.722
G0 X51 Y56.854
G0 X52.337 Y56.722
G0 X56.053 Y55.41
G0 X56.053 Y55.26
G1 F3600 X53.573 Y57.74 E0.05833
G1 X53.503 Y57.81
G0 F7200 X53.503 Y57.59
G0 X52.083 Y57.59
G0 X52.083 Y57.74
G1 F3600 X51.091 Y56.748 E0.02333
G1 X51.021 Y56.678
G0 F7200 X51.043 Y56.91
G0 X49.131 Y56.623
G0 X49.175 Y56.481
G1 F3600 X47.916 Y57.74 E0.02961
G1 X47.846 Y57.81
G0 F7200 X47.846 Y57.59
G0 X46.425 Y57.59
G0 X46.425 Y57.739
G1 F3600 X43.76 Y55.074 E0.06268
G1 X43.69 Y55.004
G0 F7200 X43.91 Y55.004
G0 X43.91 Y56.238
G0 X43.761 Y56.238
G1 F3600 X45.765 Y54.234 E0.04713
G1 X45.835 Y54.164
G0 F7200 X45.643 Y54.32
G0 X44.789 Y52.848
G0 X43.91 Y50.581
G0 X43.761 Y50.581
G1 F3600 X44.249 Y50.094 E0.01147
G1 X44.249 Y49.906
G1 X43.76 Y49.417 E0.0115
G0 F7200 X43.91 Y49.417
G0 X44.278 Y51.337
G0 X44.669 Y52.623
G0 X45.301 Y53.807
G0 X46.153 Y54.847
G0 X47.193 Y55.699
G0 X48.377 Y56.331
G0 X49.663 Y56.722
G0 X51 Y56.854
G0 X52.337 Y56.722
G0 X53.494 Y56.37
G0 X55.26 Y55.41
G0 X55.26 Y55.26
G1 F3600 X56.24 Y56.24 E0.02305
G1 X56.31 Y56.31
G0 F7200 X56.09 Y56.31
G0 X52.376 Y56.773
G0 X52.287 Y56.477
;TYPE:WALL-INNER
G1 F3600 X51 Y56.599 E0.0215
G1 X49.708 Y56.476 E0.02158
G1 X48.469 Y56.097 E0.02155
G1 X47.334 Y55.494 E0.02137
G1 X46.328 Y54.666 E0.02167
G1 X45.505 Y53.661 E0.0216
G1 X44.899 Y52.53 E0.02134
G1 X44.523 Y51.288 E0.02158
G1 X44.4 Y50 E0.02152
G1 X44.523 Y48.708 E0.02158
G1 X44.899 Y47.466 E0.02158
G1 X45.505 Y46.335 E0.02134
G1 X46.326 Y45.332 E0.02156
G1 X47.335 Y44.505 E0.0217
G1 X48.471 Y43.898 E0.02142
G1 X49.708 Y43.524 E0.02149
G1 X51 Y43.396 E0.02159
G1 X52.288 Y43.524 E0.02153
G1 X53.525 Y43.898 E0.02149
G1 X54.665 Y44.508 E0.0215
G1 X55.143 Y44.9 E0.01028
G1 X56.4 Y44.9 E0.0209
G1 X56.4 Y42.313 E0.04302
G1 X56.274 Y42.101 E0.0041
G1 X43.6 Y42.1 E0.21077
G1 X43.601 Y57.899 E0.26274
G1 X56.272 Y57.9 E0.21072
G1 X56.4 Y57.683 E0.00419
G1 X56.4 Y55.1 E0.04296
G1 X55.143 Y55.1 E0.0209
G1 X54.663 Y55.494 E0.01033
G1 X53.527 Y56.097 E0.02139
G1 X52.287 Y56.477 E0.02157
G0 F7200 X52.192 Y56.084
;TYPE:WALL-OUTER
G1 F1800 X50.981 Y56.196 E0.02022
G1 X49.805 Y56.084 E0.01965
G1 X48.641 Y55.732 E0.02022
G1 X47.54 Y55.147 E0.02073
G1 X46.628 Y54.395 E0.01966
G1 X45.831 Y53.423 E0.0209
G1 X45.279 Y52.391 E0.01946
G1 X44.916 Y51.192 E0.02083
G1 X44.8 Y49.98 E0.02025
G1 X44.916 Y48.804 E0.01965
G1 X45.279 Y47.605 E0.02083
G1 X45.831 Y46.573 E0.01946
G1 X46.629 Y45.601 E0.02091
G1 X47.573 Y44.831 E0.02026
G1 X48.605 Y44.279 E0.01946
G1 X49.804 Y43.916 E0.02083
G1 X51.02 Y43.8 E0.02031
G1 X52.192 Y43.916 E0.01959
G1 X53.391 Y44.279 E0.02083
G1 X54.423 Y44.831 E0.01946
G1 X55 Y45.3 E0.01237
G1 X56.8 Y45.3 E0.02993
G1 X56.8 Y42.262 E0.05052
G1 X56.635 Y41.879 E0.00694
G1 X56.356 Y41.701 E0.0055
G1 X43.2 Y41.7 E0.21879
G1 X43.201 Y58.299 E0.27604
G1 X56.354 Y58.3 E0.21874
G1 X56.635 Y58.12 E0.00555
G1 X56.8 Y57.734 E0.00698
G1 X56.8 Y54.7 E0.05046
G1 X55 Y54.7 E0.02993
G1 X54.422 Y55.169 E0.01238
G1 X53.355 Y55.732 E0.02006
G1 X52.192 Y56.084 E0.02021
G0 F7200 X51.993 Y56.102
G0 X52.091 Y57.109
;MESH:NONMESH
G0 F600 X52.091 Y57.109 Z18.7
G0 F7200 X49.663 Y56.722
G0 X48.377 Y56.331
G0 X47.193 Y55.699
G0 X46.153 Y54.847
G0 X45.301 Y53.807
G0 X44.669 Y52.623
G0 X44.278 Y51.337
G0 X43.91 Y43.76
G0 X43.76 Y43.76
;TIME_ELAPSED:1535.254551
;LAYER:184
;TYPE:FILL
;MESH:head.stl
G1 F3600 X45.765 Y45.765 E0.04715
G1 X45.835 Y45.835
G0 F7200 X45.645 Y45.678
G0 X43.91 Y44.925
G0 X43.761 Y44.925
G1 F3600 X46.426 Y42.26 E0.06268
G1 X46.496 Y42.19
G0 F7200 X46.496 Y42.41
G0 X47.917 Y42.41
G0 X47.917 Y42.26
G1 F3600 X49.174 Y43.517 E0.02956
G1 X49.244 Y43.587
G0 F7200 X49.176 Y43.363
G0 X51.112 Y43.098
G0 X51.098 Y43.245
G1 F3600 X52.083 Y42.26 E0.02317
G1 X52.153 Y42.19
G0 F7200 X52.153 Y42.41
G0 X53.574 Y42.41
G0 X53.574 Y42.26
G1 F3600 X56.054 Y44.74 E0.05833
G0 F7200 X55.259 Y44.74
G1 F3600 X56.24 Y43.759 E0.02307
G1 X56.31 Y43.689
G0 F7200 X56.09 Y43.689
G0 X51 Y43.146
G0 X49.663 Y43.278
G0 X48.377 Y43.669
G0 X47.193 Y44.301
G0 X46.153 Y45.153
G0 X45.301 Y46.193
G0 X44.669 Y47.377
G0 X44.278 Y48.663
G0 X44.146 Y50
G0 X44.278 Y51.337
G0 X44.669 Y52.623
G0 X45.301 Y53.807
G0 X46.153 Y54.847
G0 X47.193 Y55.699
G0 X48.377 Y56.331
G0 X49.663 Y56.722
G0 X51 Y56.854
G0 X52.337 Y56.722
G0 X56.053 Y55.41
G0 X56.053 Y55.26
G1 F3600 X53.573 Y57.74 E0.05833
G1 X53.503 Y57.81
G0 F7200 X53.503 Y57.59
G0 X52.083 Y57.59
G0 X52.083 Y57.74
G1 F3600 X51.091 Y56.748 E0.02333
G1 X51.021 Y56.678
G0 F7200 X51.043 Y56.91
G0 X49.131 Y56.623
G0 X49.175 Y56.481
G1 F3600 X47.916 Y57.74 E0.02961
G1 X47.846 Y57.81
G0 F7200 X47.846 Y57.59
G0 X46.425 Y57.59
G0 X46.425 Y57.739
G1 F3600 X43.76 Y55.074 E0.06268
G1 X43.69 Y55.004
G0 F7200 X43.91 Y55.004
G0 X43.91 Y56.238
G0 X43.761 Y56.238
G1 F3600 X45.765 Y54.234 E0.04713
G1 X45.835 Y54.164
G0 F7200 X45.643 Y54.32
G0 X44.789 Y52.848
G0 X43.91 Y50.581
G0 X43.761 Y50.581
G1 F3600 X44.249 Y50.094 E0.01147
G1 X44.249 Y49.906
G1 X43.76 Y49.417 E0.0115
G0 F7200 X43.91 Y49.417
G0 X44.278 Y51.337
G0 X44.669 Y52.623
G0 X45.301 Y53.807
G0 X46.153 Y54.847
G0 X47.193 Y55.699
G0 X48.377 Y56.331
G0 X49.663 Y56.722
G0 X51 Y56.854
G0 X52.337 Y56.722
G0 X53.494 Y56.37
G0 X55.26 Y55.41
G0 X55.26 Y55.26
G1 F3600 X56.24 Y56.24 E0.02305
G1 X56.31 Y56.31
G0 F7200 X56.09 Y56.31
G0 X52.376 Y56.773
G0 X52.287 Y56.477
;TYPE:WALL-INNER
G1 F3600 X51 Y56.599 E0.0215
G1 X49.708 Y56.476 E0.02158
G1 X48.469 Y56.097 E0.02155
G1 X47.334 Y55.494 E0.02137
G1 X46.328 Y54.666 E0.02167
G1 X45.505 Y53.661 E0.0216
G1 X44.899 Y52.53 E0.02134
G1 X44.523 Y51.288 E0.02158
G1 X44.4 Y50 E0.02152
G1 X44.523 Y48.708 E0.02158
G1 X44.899 Y47.466 E0.02158
G1 X45.505 Y46.335 E0.02134
G1 X46.326 Y45.332 E0.02156
G1 X47.335 Y44.505 E0.0217
G1 X48.471 Y43.898 E0.02142
G1 X49.708 Y43.524 E0.02149
G1 X51 Y43.396 E0.02159
G1 X52.288 Y43.524 E0.02153
G1 X53.525 Y43.898 E0.02149
G1 X54.665 Y44.508 E0.0215
G1 X55.143 Y44.9 E0.01028
G1 X56.4 Y44.9 E0.0209
G1 X56.4 Y42.313 E0.04302
G1 X56.274 Y42.101 E0.0041
G1 X43.6 Y42.1 E0.21077
G1 X43.601 Y57.899 E0.26274
G1 X56.272 Y57.9 E0.21072
G1 X56.4 Y57.683 E0.00419
G1 X56.4 Y55.1 E0.04296
G1 X55.143 Y55.1 E0.0209
G1 X54.663 Y55.494 E0.01033
G1 X53.527 Y56.097 E0.02139
G1 X52.287 Y56.477 E0.02157
G0 F7200 X52.192 Y56.084
;TYPE:WALL-OUTER
G1 F1800 X50.981 Y56.196 E0.02022
G1 X49.805 Y56.084 E0.01965
G1 X48.641 Y55.732 E0.02022
G1 X47.54 Y55.147 E0.02073
G1 X46.628 Y54.395 E0.01966
G1 X45.831 Y53.423 E0.0209
G1 X45.279 Y52.391 E0.01946
G1 X44.916 Y51.192 E0.02083
G1 X44.8 Y49.98 E0.02025
G1 X44.916 Y48.804 E0.01965
G1 X45.279 Y47.605 E0.02083
G1 X45.831 Y46.573 E0.01946
G1 X46.629 Y45.601 E0.02091
G1 X47.573 Y44.831 E0.02026
G1 X48.605 Y44.279 E0.01946
G1 X49.804 Y43.916 E0.02083
G1 X51.02 Y43.8 E0.02031
G1 X52.192 Y43.916 E0.01959
G1 X53.391 Y44.279 E0.02083
G1 X54.423 Y44.831 E0.01946
G1 X55 Y45.3 E0.01237
G1 X56.8 Y45.3 E0.02993
G1 X56.8 Y42.262 E0.05052
G1 X56.635 Y41.879 E0.00694
G1 X56.356 Y41.701 E0.0055
G1 X43.2 Y41.7 E0.21879
G1 X43.201 Y58.299 E0.27604
G1 X56.354 Y58.3 E0.21874
G1 X56.635 Y58.12 E0.00555
G1 X56.8 Y57.734 E0.00698
G1 X56.8 Y54.7 E0.05046
G1 X55 Y54.7 E0.02993
G1 X54.422 Y55.169 E0.01238
G1 X53.355 Y55.732 E0.02006
G1 X52.192 Y56.084 E0.02021
G0 F7200 X51.993 Y56.102
G0 X52.091 Y57.109
;MESH:NONMESH
G0 F600 X52.091 Y57.109 Z18.8
G0 F7200 X49.663 Y56.722
G0 X48.377 Y56.331
G0 X47.193 Y55.699
G0 X46.153 Y54.847
G0 X45.301 Y53.807
G0 X44.669 Y52.623
G0 X44.278 Y51.337
G0 X43.91 Y43.76
G0 X43.76 Y43.76
;TIME_ELAPSED:1541.401738
;LAYER:185
;TYPE:FILL
;MESH:head.stl
G1 F3600 X45.765 Y45.765 E0.04715
G1 X45.835 Y45.835
G0 F7200 X45.645 Y45.678
G0 X43.91 Y44.925
G0 X43.761 Y44.925
G1 F3600 X46.426 Y42.26 E0.06268
G1 X46.496 Y42.19
G0 F7200 X46.496 Y42.41
G0 X47.917 Y42.41
G0 X47.917 Y42.26
G1 F3600 X49.174 Y43.517 E0.02956
G1 X49.244 Y43.587
G0 F7200 X49.176 Y43.363
G0 X51.112 Y43.098
G0 X51.098 Y43.245
G1 F3600 X52.083 Y42.26 E0.02317
G1 X52.153 Y42.19
G0 F7200 X52.153 Y42.41
G0 X53.574 Y42.41
G0 X53.574 Y42.26
G1 F3600 X56.054 Y44.74 E0.05833
G0 F7200 X55.259 Y44.74
G1 F3600 X56.24 Y43.759 E0.02307
G1 X56.31 Y43.689
G0 F7200 X56.09 Y43.689
G0 X51 Y43.146
G0 X49.663 Y43.278
G0 X48.377 Y43.669
G0 X47.193 Y44.301
G0 X46.153 Y45.153
G0 X45.301 Y46.193
G0 X44.669 Y47.377
G0 X44.278 Y48.663
G0 X44.146 Y50
G0 X44.278 Y51.337
G0 X44.669 Y52.623
G0 X45.301 Y53.807
G0 X46.153 Y54.847
G0 X47.193 Y55.699
G0 X48.377 Y56.331
G0 X49.663 Y56.722
G0 X51 Y56.854
G0 X52.337 Y56.722
G0 X56.053 Y55.41
G0 X56.053 Y55.26
G1 F3600 X53.574 Y57.739 E0.0583
G1 X53.504 Y57.809
G0 F7200 X53.504 Y57.59
G0 X52.082 Y57.59
G0 X52.082 Y57.739
G1 F3600 X51.091 Y56.748 E0.02331
G1 X51.021 Y56.678
G0 F7200 X51.043 Y56.91
G0 X49.131 Y56.623
G0 X49.175 Y56.481
G1 F3600 X47.917 Y57.739 E0.02959
G1 X47.847 Y57.809
G0 F7200 X47.847 Y57.59
G0 X46.425 Y57.59
G0 X46.425 Y57.739
G1 F3600 X43.76 Y55.074 E0.06268
G1 X43.69 Y55.004
G0 F7200 X43.91 Y55.004
G0 X43.91 Y56.238
G0 X43.761 Y56.238
G1 F3600 X45.765 Y54.234 E0.04713
G1 X45.835 Y54.164
G0 F7200 X45.643 Y54.32
G0 X44.789 Y52.848
G0 X43.91 Y50.581
G0 X43.761 Y50.581
G1 F3600 X44.249 Y50.094 E0.01147
G1 X44.249 Y49.906
G1 X43.76 Y49.417 E0.0115
G0 F7200 X43.91 Y49.417
G0 X44.278 Y51.337
G0 X44.669 Y52.623
G0 X45.301 Y53.807
G0 X46.153 Y54.847
G0 X47.193 Y55.699
G0 X48.377 Y56.331
G0 X49.663 Y56.722
G0 X51 Y56.854
G0 X52.337 Y56.722
G0 X53.494 Y56.37
G0 X55.26 Y55.41
G0 X55.26 Y55.26
G1 F3600 X56.24 Y56.24 E0.02305
G1 X56.31 Y56.31
G0 F7200 X56.09 Y56.31
G0 X52.376 Y56.773
G0 X52.287 Y56.477
;TYPE:WALL-INNER
G1 F3600 X51 Y56.599 E0.0215
G1 X49.708 Y56.476 E0.02158
G1 X48.469 Y56.097 E0.02155
G1 X47.334 Y55.494 E0.02137
G1 X46.328 Y54.666 E0.02167
G1 X45.505 Y53.661 E0.0216
G1 X44.899 Y52.53 E0.02134
G1 X44.523 Y51.288 E0.02158
G1 X44.4 Y50 E0.02152
G1 X44.523 Y48.708 E0.02158
G1 X44.899 Y47.466 E0.02158
G1 X45.505 Y46.335 E0.02134
G1 X46.326 Y45.332 E0.02156
G1 X47.335 Y44.505 E0.0217
G1 X48.471 Y43.898 E0.02142
G1 X49.708 Y43.524 E0.02149
G1 X51 Y43.396 E0.02159
G1 X52.288 Y43.524 E0.02153
G1 X53.525 Y43.898 E0.02149
G1 X54.665 Y44.508 E0.0215
G1 X55.143 Y44.9 E0.01028
G1 X56.4 Y44.9 E0.0209
G1 X56.4 Y42.313 E0.04302
G1 X56.274 Y42.101 E0.0041
G1 X43.6 Y42.1 E0.21077
G1 X43.601 Y57.899 E0.26274
G1 X56.272 Y57.899 E0.21072
G1 X56.4 Y57.681 E0.0042
G1 X56.4 Y55.1 E0.04292
G1 X55.143 Y55.1 E0.0209
G1 X54.663 Y55.494 E0.01033
G1 X53.527 Y56.097 E0.02139
G1 X52.287 Y56.477 E0.02157
G0 F7200 X52.192 Y56.084
;TYPE:WALL-OUTER
G1 F1800 X50.981 Y56.196 E0.02022
G1 X49.805 Y56.084 E0.01965
G1 X48.641 Y55.732 E0.02022
G1 X47.54 Y55.147 E0.02073
G1 X46.628 Y54.395 E0.01966
G1 X45.831 Y53.423 E0.0209
G1 X45.279 Y52.391 E0.01946
G1 X44.916 Y51.192 E0.02083
G1 X44.8 Y49.98 E0.02025
G1 X44.916 Y48.804 E0.01965
G1 X45.279 Y47.605 E0.02083
G1 X45.831 Y46.573 E0.01946
G1 X46.629 Y45.601 E0.02091
G1 X47.573 Y44.831 E0.02026
G1 X48.605 Y44.279 E0.01946
G1 X49.804 Y43.916 E0.02083
G1 X51.02 Y43.8 E0.02031
G1 X52.192 Y43.916 E0.01959
G1 X53.391 Y44.279 E0.02083
G1 X54.423 Y44.831 E0.01946
G1 X55 Y45.3 E0.01237
G1 X56.8 Y45.3 E0.02993
G1 X56.8 Y42.262 E0.05052
G1 X56.635 Y41.879 E0.00694
G1 X56.356 Y41.701 E0.0055
G1 X43.2 Y41.7 E0.21879
G1 X43.201 Y58.299 E0.27604
G1 X56.354 Y58.3 E0.21874
G1 X56.635 Y58.12 E0.00555
G1 X56.8 Y57.733 E0.007
G1 X56.8 Y54.7 E0.05044
G1 X55 Y54.7 E0.02993
G1 X54.422 Y55.169 E0.01238
G1 X53.355 Y55.732 E0.02006
G1 X52.192 Y56.084 E0.02021
G0 F7200 X51.993 Y56.102
G0 X52.091 Y57.109
;MESH:NONMESH
G0 F600 X52.091 Y57.109 Z18.9
G0 F7200 X49.663 Y56.722
G0 X48.377 Y56.331
G0 X47.193 Y55.699
G0 X46.153 Y54.847
G0 X45.301 Y53.807
G0 X44.669 Y52.623
G0 X44.278 Y51.337
G0 X43.91 Y43.76
G0 X43.76 Y43.76
;TIME_ELAPSED:1547.548772
;LAYER:186
;TYPE:FILL
;MESH:head.stl
G1 F3600 X45.765 Y45.765 E0.04715
G1 X45.835 Y45.835
G0 F7200 X45.645 Y45.678
G0 X43.91 Y44.925
G0 X43.761 Y44.925
G1 F3600 X46.426 Y42.26 E0.06268
G1 X46.496 Y42.19
G0 F7200 X46.496 Y42.41
G0 X47.917 Y42.41
G0 X47.917 Y42.26
G1 F3600 X49.174 Y43.517 E0.02956
G1 X49.244 Y43.587
G0 F7200 X49.176 Y43.363
G0 X51.112 Y43.098
G0 X51.098 Y43.245
G1 F3600 X52.083 Y42.26 E0.02317
G1 X52.153 Y42.19
G0 F7200 X52.153 Y42.41
G0 X53.574 Y42.41
G0 X53.574 Y42.26
G1 F3600 X56.054 Y44.74 E0.05833
G0 F7200 X55.259 Y44.74
G1 F3600 X56.24 Y43.759 E0.02307
G1 X56.31 Y43.689
G0 F7200 X56.09 Y43.689
G0 X51 Y43.146
G0 X49.663 Y43.278
G0 X48.377 Y43.669
G0 X47.193 Y44.301
G0 X46.153 Y45.153
G0 X45.301 Y46.193
G0 X44.669 Y47.377
G0 X44.278 Y48.663
G0 X44.146 Y50
G0 X44.278 Y51.337
G0 X44.669 Y52.623
G0 X45.301 Y53.807
G0 X46.153 Y54.847
G0 X47.193 Y55.699
G0 X48.377 Y56.331
G0 X49.663 Y56.722
G0 X51 Y56.854
G0 X52.337 Y56.722
G0 X56.053 Y55.41
G0 X56.053 Y55.26
G1 F3600 X53.574 Y57.739 E0.0583
G1 X53.504 Y57.809
G0 F7200 X53.504 Y57.59
G0 X52.082 Y57.59
G0 X52.082 Y57.739
G1 F3600 X51.091 Y56.748 E0.02331
G1 X51.021 Y56.678
G0 F7200 X51.043 Y56.91
G0 X49.131 Y56.623
G0 X49.175 Y56.481
G1 F3600 X47.917 Y57.739 E0.02959
G1 X47.847 Y57.809
G0 F7200 X47.847 Y57.59
G0 X46.425 Y57.59
G0 X46.425 Y57.739
G1 F3600 X43.76 Y55.074 E0.06268
G1 X43.69 Y55.004
G0 F7200 X43.91 Y55.004
G0 X43.91 Y56.238
G0 X43.761 Y56.238
G1 F3600 X45.765 Y54.234 E0.04713
G1 X45.835 Y54.164
G0 F7200 X45.643 Y54.32
G0 X44.789 Y52.848
G0 X43.91 Y50.581
G0 X43.761 Y50.581
G1 F3600 X44.249 Y50.094 E0.01147
G1 X44.249 Y49.906
G1 X43.76 Y49.417 E0.0115
G0 F7200 X43.91 Y49.417
G0 X44.278 Y51.337
G0 X44.669 Y52.623
G0 X45.301 Y53.807
G0 X46.153 Y54.847
G0 X47.193 Y55.699
G0 X48.377 Y56.331
G0 X49.663 Y56.722
G0 X51 Y56.854
G0 X52.337 Y56.722
G0 X53.494 Y56.37
G0 X55.26 Y55.41
G0 X55.26 Y55.26
G1 F3600 X56.24 Y56.24 E0.02305
G1 X56.31 Y56.31
G0 F7200 X56.09 Y56.31
G0 X52.376 Y56.773
G0 X52.287 Y56.477
;TYPE:WALL-INNER
G1 F3600 X51 Y56.599 E0.0215
G1 X49.708 Y56.476 E0.02158
G1 X48.469 Y56.097 E0.02155
G1 X47.334 Y55.494 E0.02137
G1 X46.328 Y54.666 E0.02167
G1 X45.505 Y53.661 E0.0216
G1 X44.899 Y52.53 E0.02134
G1 X44.523 Y51.288 E0.02158
G1 X44.4 Y50 E0.02152
G1 X44.523 Y48.708 E0.02158
G1 X44.899 Y47.466 E0.02158
G1 X45.505 Y46.335 E0.02134
G1 X46.326 Y45.332 E0.02156
G1 X47.335 Y44.505 E0.0217
G1 X48.471 Y43.898 E0.02142
G1 X49.708 Y43.524 E0.02149
G1 X51 Y43.396 E0.02159
G1 X52.288 Y43.524 E0.02153
G1 X53.525 Y43.898 E0.02149
G1 X54.665 Y44.508 E0.0215
G1 X55.143 Y44.9 E0.01028
G1 X56.4 Y44.9 E0.0209
G1 X56.4 Y42.313 E0.04302
G1 X56.274 Y42.101 E0.0041
G1 X43.6 Y42.1 E0.21077
G1 X43.601 Y57.899 E0.26274
G1 X56.272 Y57.899 E0.21072
G1 X56.4 Y57.681 E0.0042
G1 X56.4 Y55.1 E0.04292
G1 X55.143 Y55.1 E0.0209
G1 X54.663 Y55.494 E0.01033
G1 X53.527 Y56.097 E0.02139
G1 X52.287 Y56.477 E0.02157
G0 F7200 X52.192 Y56.084
;TYPE:WALL-OUTER
G1 F1800 X50.981 Y56.196 E0.02022
G1 X49.805 Y56.084 E0.01965
G1 X48.641 Y55.732 E0.02022
G1 X47.54 Y55.147 E0.02073
G1 X46.628 Y54.395 E0.01966
G1 X45.831 Y53.423 E0.0209
G1 X45.279 Y52.391 E0.01946
G1 X44.916 Y51.192 E0.02083
G1 X44.8 Y49.98 E0.02025
G1 X44.916 Y48.804 E0.01965
G1 X45.279 Y47.605 E0.02083
G1 X45.831 Y46.573 E0.01946
G1 X46.629 Y45.601 E0.02091
G1 X47.573 Y44.831 E0.02026
G1 X48.605 Y44.279 E0.01946
G1 X49.804 Y43.916 E0.02083
G1 X51.02 Y43.8 E0.02031
G1 X52.192 Y43.916 E0.01959
G1 X53.391 Y44.279 E0.02083
G1 X54.423 Y44.831 E0.01946
G1 X55 Y45.3 E0.01237
G1 X56.8 Y45.3 E0.02993
G1 X56.8 Y42.262 E0.05052
G1 X56.635 Y41.879 E0.00694
G1 X56.356 Y41.701 E0.0055
G1 X43.2 Y41.7 E0.21879
G1 X43.201 Y58.299 E0.27604
G1 X56.354 Y58.3 E0.21874
G1 X56.635 Y58.12 E0.00555
G1 X56.8 Y57.733 E0.007
G1 X56.8 Y54.7 E0.05044
G1 X55 Y54.7 E0.02993
G1 X54.422 Y55.169 E0.01238
G1 X53.355 Y55.732 E0.02006
G1 X52.192 Y56.084 E0.02021
G0 F7200 X51.993 Y56.102
G0 X52.091 Y57.109
;MESH:NONMESH
G0 F600 X52.091 Y57.109 Z19
G0 F7200 X49.663 Y56.722
G0 X48.377 Y56.331
G0 X47.193 Y55.699
G0 X46.153 Y54.847
G0 X45.301 Y53.807
G0 X44.669 Y52.623
G0 X44.278 Y51.337
G0 X43.91 Y43.76
G0 X43.76 Y43.76
;TIME_ELAPSED:1553.695806
;LAYER:187
;TYPE:FILL
;MESH:head.stl
G1 F3600 X45.765 Y45.765 E0.04715
G1 X45.835 Y45.835
G0 F7200 X45.645 Y45.678
G0 X43.91 Y44.925
G0 X43.761 Y44.925
G1 F3600 X46.426 Y42.26 E0.06268
G1 X46.496 Y42.19
G0 F7200 X46.496 Y42.41
G0 X47.917 Y42.41
G0 X47.917 Y42.26
G1 F3600 X49.174 Y43.517 E0.02956
G1 X49.244 Y43.587
G0 F7200 X49.176 Y43.363
G0 X51.112 Y43.098
G0 X51.098 Y43.245
G1 F3600 X52.083 Y42.26 E0.02317
G1 X52.153 Y42.19
G0 F7200 X52.153 Y42.41
G0 X53.574 Y42.41
G0 X53.574 Y42.26
G1 F3600 X56.054 Y44.74 E0.05833
G0 F7200 X55.259 Y44.74
G1 F3600 X56.24 Y43.759 E0.02307
G1 X56.31 Y43.689
G0 F7200 X56.09 Y43.689
G0 X51 Y43.146
G0 X49.663 Y43.278
G0 X48.377 Y43.669
G0 X47.193 Y44.301
G0 X46.153 Y45.153
G0 X45.301 Y46.193
G0 X44.669 Y47.377
G0 X44.278 Y48.663
G0 X44.146 Y50
G0 X44.278 Y51.337
G0 X44.669 Y52.623
G0 X45.301 Y53.807
G0 X46.153 Y54.847
G0 X47.193 Y55.699
G0 X48.377 Y56.331
G0 X49.663 Y56.722
G0 X51 Y56.854
G0 X52.337 Y56.722
G0 X56.053 Y55.41
G0 X56.053 Y55.26
G1 F3600 X53.573 Y57.74 E0.05833
G1 X53.503 Y57.81
G0 F7200 X53.503 Y57.59
G0 X52.083 Y57.59
G0 X52.083 Y57.74
G1 F3600 X51.091 Y56.748 E0.02333
G1 X51.021 Y56.678
G0 F7200 X51.043 Y56.91
G0 X49.131 Y56.623
G0 X49.175 Y56.481
G1 F3600 X47.916 Y57.74 E0.02961
G1 X47.846 Y57.81
G0 F7200 X47.846 Y57.59
G0 X46.425 Y57.59
G0 X46.425 Y57.739
G1 F3600 X43.76 Y55.074 E0.06268
G1 X43.69 Y55.004
G0 F7200 X43.91 Y55.004
G0 X43.91 Y56.238
G0 X43.761 Y56.238
G1 F3600 X45.765 Y54.234 E0.04713
G1 X45.835 Y54.164
G0 F7200 X45.643 Y54.32
G0 X44.789 Y52.848
G0 X43.91 Y50.581
G0 X43.761 Y50.581
G1 F3600 X44.249 Y50.094 E0.01147
G1 X44.249 Y49.906
G1 X43.76 Y49.417 E0.0115
G0 F7200 X43.91 Y49.417
G0 X44.278 Y51.337
G0 X44.669 Y52.623
G0 X45.301 Y53.807
G0 X46.153 Y54.847
G0 X47.193 Y55.699
G0 X48.377 Y56.331
G0 X49.663 Y56.722
G0 X51 Y56.854
G0 X52.337 Y56.722
G0 X53.494 Y56.37
G0 X55.26 Y55.41
G0 X55.26 Y55.26
G1 F3600 X56.24 Y56.24 E0.02305
G1 X56.31 Y56.31
G0 F7200 X56.09 Y56.31
G0 X52.376 Y56.773
G0 X52.287 Y56.477
;TYPE:WALL-INNER
G1 F3600 X51 Y56.599 E0.0215
G1 X49.708 Y56.476 E0.02158
G1 X48.469 Y56.097 E0.02155
G1 X47.334 Y55.494 E0.02137
G1 X46.328 Y54.666 E0.02167
G1 X45.505 Y53.661 E0.0216
G1 X44.899 Y52.53 E0.02134
G1 X44.523 Y51.288 E0.02158
G1 X44.4 Y50 E0.02152
G1 X44.523 Y48.708 E0.02158
G1 X44.899 Y47.466 E0.02158
G1 X45.505 Y46.335 E0.02134
G1 X46.326 Y45.332 E0.02156
G1 X47.335 Y44.505 E0.0217
G1 X48.471 Y43.898 E0.02142
G1 X49.708 Y43.524 E0.02149
G1 X51 Y43.396 E0.02159
G1 X52.288 Y43.524 E0.02153
G1 X53.525 Y43.898 E0.02149
G1 X54.665 Y44.508 E0.0215
G1 X55.143 Y44.9 E0.01028
G1 X56.4 Y44.9 E0.0209
G1 X56.4 Y42.313 E0.04302
G1 X56.277 Y42.1 E0.00409
G1 X43.6 Y42.1 E0.21082
G1 X43.601 Y57.899 E0.26274
G1 X56.26 Y57.9 E0.21052
G1 X56.352 Y57.818 E0.00205
G1 X56.4 Y57.682 E0.0024
G1 X56.4 Y55.1 E0.04294
G1 X55.143 Y55.1 E0.0209
G1 X54.663 Y55.494 E0.01033
G1 X53.527 Y56.097 E0.02139
G1 X52.287 Y56.477 E0.02157
G0 F7200 X52.192 Y56.084
;TYPE:WALL-OUTER
G1 F1800 X50.981 Y56.196 E0.02022
G1 X49.805 Y56.084 E0.01965
G1 X48.641 Y55.732 E0.02022
G1 X47.54 Y55.147 E0.02073
G1 X46.628 Y54.395 E0.01966
G1 X45.831 Y53.423 E0.0209
G1 X45.279 Y52.391 E0.01946
G1 X44.916 Y51.192 E0.02083
G1 X44.8 Y49.98 E0.02025
G1 X44.916 Y48.804 E0.01965
G1 X45.279 Y47.605 E0.02083
G1 X45.831 Y46.573 E0.01946
G1 X46.629 Y45.601 E0.02091
G1 X47.573 Y44.831 E0.02026
G1 X48.605 Y44.279 E0.01946
G1 X49.804 Y43.916 E0.02083
G1 X51.02 Y43.8 E0.02031
G1 X52.192 Y43.916 E0.01959
G1 X53.391 Y44.279 E0.02083
G1 X54.423 Y44.831 E0.01946
G1 X55 Y45.3 E0.01237
G1 X56.8 Y45.3 E0.02993
G1 X56.8 Y42.262 E0.05052
G1 X56.638 Y41.882 E0.00687
G1 X56.47 Y41.74 E0.00366
G1 X56.36 Y41.7 E0.00195
G1 X43.2 Y41.7 E0.21885
G1 X43.201 Y58.299 E0.27604
G1 X56.356 Y58.3 E0.21877
G1 X56.559 Y58.196 E0.00379
G1 X56.706 Y58.016 E0.00386
G1 X56.8 Y57.75 E0.00469
G1 X56.8 Y54.7 E0.05072
G1 X55 Y54.7 E0.02993
G1 X54.422 Y55.169 E0.01238
G1 X53.355 Y55.732 E0.02006
G1 X52.192 Y56.084 E0.02021
G0 F7200 X51.993 Y56.102
G0 X52.091 Y57.109
;MESH:NONMESH
G0 F600 X52.091 Y57.109 Z19.1
G0 F7200 X49.663 Y56.722
G0 X48.377 Y56.331
G0 X47.193 Y55.699
G0 X46.153 Y54.847
G0 X45.301 Y53.807
G0 X44.669 Y52.623
G0 X44.278 Y51.337
G0 X43.91 Y43.76
G0 X43.76 Y43.76
;TIME_ELAPSED:1559.840313
;LAYER:188
;TYPE:FILL
;MESH:head.stl
G1 F3600 X45.765 Y45.765 E0.04715
G1 X45.835 Y45.835
G0 F7200 X45.645 Y45.678
G0 X43.91 Y44.925
G0 X43.761 Y44.925
G1 F3600 X46.426 Y42.26 E0.06268
G1 X46.496 Y42.19
G0 F7200 X46.496 Y42.41
G0 X47.917 Y42.41
G0 X47.917 Y42.26
G1 F3600 X49.174 Y43.517 E0.02956
G1 X49.244 Y43.587
G0 F7200 X49.176 Y43.363
G0 X51.112 Y43.098
G0 X51.098 Y43.245
G1 F3600 X52.083 Y42.26 E0.02317
G1 X52.153 Y42.19
G0 F7200 X52.153 Y42.41
G0 X53.574 Y42.41
G0 X53.574 Y42.26
G1 F3600 X56.054 Y44.74 E0.05833
G0 F7200 X55.259 Y44.74
G1 F3600 X56.24 Y43.759 E0.02307
G1 X56.31 Y43.689
G0 F7200 X56.09 Y43.689
G0 X51 Y43.146
G0 X49.663 Y43.278
G0 X48.377 Y43.669
G0 X47.193 Y44.301
G0 X46.153 Y45.153
G0 X45.301 Y46.193
G0 X44.669 Y47.377
G0 X44.278 Y48.663
G0 X44.146 Y50
G0 X44.278 Y51.337
G0 X44.669 Y52.623
G0 X45.301 Y53.807
G0 X46.153 Y54.847
G0 X47.193 Y55.699
G0 X48.377 Y56.331
G0 X49.663 Y56.722
G0 X51 Y56.854
G0 X52.337 Y56.722
G0 X56.053 Y55.41
G0 X56.053 Y55.26
G1 F3600 X53.574 Y57.739 E0.0583
G1 X53.504 Y57.809
G0 F7200 X53.504 Y57.59
G0 X52.082 Y57.59
G0 X52.082 Y57.739
G1 F3600 X51.091 Y56.748 E0.02331
G1 X51.021 Y56.678
G0 F7200 X51.043 Y56.91
G0 X49.131 Y56.623
G0 X49.175 Y56.481
G1 F3600 X47.917 Y57.739 E0.02959
G1 X47.847 Y57.809
G0 F7200 X47.847 Y57.59
G0 X46.425 Y57.59
G0 X46.425 Y57.739
G1 F3600 X43.76 Y55.074 E0.06268
G1 X43.69 Y55.004
G0 F7200 X43.91 Y55.004
G0 X43.91 Y56.238
G0 X43.761 Y56.238
G1 F3600 X45.765 Y54.234 E0.04713
G1 X45.835 Y54.164
G0 F7200 X45.643 Y54.32
G0 X44.789 Y52.848
G0 X43.91 Y50.581
G0 X43.761 Y50.581
G1 F3600 X44.249 Y50.094 E0.01147
G1 X44.249 Y49.906
G1 X43.76 Y49.417 E0.0115
G0 F7200 X43.91 Y49.417
G0 X44.278 Y51.337
G0 X44.669 Y52.623
G0 X45.301 Y53.807
G0 X46.153 Y54.847
G0 X47.193 Y55.699
G0 X48.377 Y56.331
G0 X49.663 Y56.722
G0 X51 Y56.854
G0 X52.337 Y56.722
G0 X53.494 Y56.37
G0 X55.26 Y55.41
G0 X55.26 Y55.26
G1 F3600 X56.24 Y56.24 E0.02305
G1 X56.31 Y56.31
G0 F7200 X56.09 Y56.31
G0 X52.376 Y56.773
G0 X52.287 Y56.477
;TYPE:WALL-INNER
G1 F3600 X51 Y56.599 E0.0215
G1 X49.708 Y56.476 E0.02158
G1 X48.469 Y56.097 E0.02155
G1 X47.334 Y55.494 E0.02137
G1 X46.328 Y54.666 E0.02167
G1 X45.505 Y53.661 E0.0216
G1 X44.899 Y52.53 E0.02134
G1 X44.523 Y51.288 E0.02158
G1 X44.4 Y50 E0.02152
G1 X44.523 Y48.708 E0.02158
G1 X44.899 Y47.466 E0.02158
G1 X45.505 Y46.335 E0.02134
G1 X46.326 Y45.332 E0.02156
G1 X47.335 Y44.505 E0.0217
G1 X48.471 Y43.898 E0.02142
G1 X49.708 Y43.524 E0.02149
G1 X51 Y43.396 E0.02159
G1 X52.288 Y43.524 E0.02153
G1 X53.525 Y43.898 E0.02149
G1 X54.665 Y44.508 E0.0215
G1 X55.143 Y44.9 E0.01028
G1 X56.4 Y44.9 E0.0209
G1 X56.4 Y42.313 E0.04302
G1 X56.274 Y42.101 E0.0041
G1 X43.6 Y42.1 E0.21077
G1 X43.601 Y57.899 E0.26274
G1 X56.272 Y57.899 E0.21072
G1 X56.4 Y57.683 E0.00418
G1 X56.4 Y55.1 E0.04296
G1 X55.143 Y55.1 E0.0209
G1 X54.663 Y55.494 E0.01033
G1 X53.527 Y56.097 E0.02139
G1 X52.287 Y56.477 E0.02157
G0 F7200 X52.192 Y56.084
;TYPE:WALL-OUTER
G1 F1800 X50.981 Y56.196 E0.02022
G1 X49.805 Y56.084 E0.01965
G1 X48.641 Y55.732 E0.02022
G1 X47.54 Y55.147 E0.02073
G1 X46.628 Y54.395 E0.01966
G1 X45.831 Y53.423 E0.0209
G1 X45.279 Y52.391 E0.01946
G1 X44.916 Y51.192 E0.02083
G1 X44.8 Y49.98 E0.02025
G1 X44.916 Y48.804 E0.01965
G1 X45.279 Y47.605 E0.02083
G1 X45.831 Y46.573 E0.01946
G1 X46.629 Y45.601 E0.02091
G1 X47.573 Y44.831 E0.02026
G1 X48.605 Y44.279 E0.01946
G1 X49.804 Y43.916 E0.02083
G1 X51.02 Y43.8 E0.02031
G1 X52.192 Y43.916 E0.01959
G1 X53.391 Y44.279 E0.02083
G1 X54.423 Y44.831 E0.01946
G1 X55 Y45.3 E0.01237
G1 X56.8 Y45.3 E0.02993
G1 X56.8 Y42.262 E0.05052
G1 X56.635 Y41.879 E0.00694
G1 X56.356 Y41.701 E0.0055
G1 X43.2 Y41.7 E0.21879
G1 X43.201 Y58.299 E0.27604
G1 X56.354 Y58.3 E0.21874
G1 X56.635 Y58.12 E0.00555
G1 X56.8 Y57.737 E0.00694
G1 X56.8 Y54.7 E0.05051
G1 X55 Y54.7 E0.02993
G1 X54.422 Y55.169 E0.01238
G1 X53.355 Y55.732 E0.02006
G1 X52.192 Y56.084 E0.02021
G0 F7200 X51.993 Y56.102
G0 X52.091 Y57.109
;MESH:NONMESH
G0 F600 X52.091 Y57.109 Z19.2
G0 F7200 X49.663 Y56.722
G0 X48.377 Y56.331
G0 X47.193 Y55.699
G0 X46.153 Y54.847
G0 X45.301 Y53.807
G0 X44.669 Y52.623
G0 X44.278 Y51.337
G0 X44.171 Y50.254
G0 X44.277 Y42.41
G0 X44.277 Y42.301
;TIME_ELAPSED:1565.990826
;LAYER:189
;TYPE:FILL
;MESH:head.stl
G1 F3600 X44.522 Y44.164 E0.03125
G0 F7200 X44.799 Y44.8
G1 F3600 X43.76 Y43.76 E0.02445
G1 X43.69 Y43.69
G0 F7200 X43.91 Y43.69
G0 X43.91 Y44.8
G0 X43.887 Y44.8
G1 F3600 X45.777 Y42.909 E0.04446
G1 X45.683 Y45.682 E0.04614
G1 X45.765 Y45.765 E0.00194
G1 X45.683 Y45.682
G1 X44.799 Y44.8 E0.02077
G1 X43.887 Y44.8 E0.01517
G1 X43.761 Y44.925 E0.00295
G0 F7200 X43.8 Y45.6
G1 F3600 X45.599 Y45.6 E0.02992
G0 F7200 X45.519 Y46
G1 F3600 X43.8 Y46 E0.02859
G0 F7200 X43.8 Y46.4
G1 F3600 X45.243 Y46.4 E0.024
G0 F7200 X45.029 Y46.8
G1 F3600 X43.8 Y46.8 E0.02044
G0 F7200 X43.8 Y47.2
G1 F3600 X44.816 Y47.2 E0.0169
G0 F7200 X44.65 Y47.6
G1 F3600 X43.8 Y47.6 E0.01414
G0 F7200 X43.8 Y48.4
G1 F3600 X44.407 Y48.4 E0.01009
G0 F7200 X44.305 Y48.368
G0 X43.91 Y49.417
G0 X43.76 Y49.417
G1 F3600 X44.249 Y49.906 E0.0115
G1 X44.249 Y50.094
G1 X43.913 Y50.43 E0.0079
G0 F7200 X43.761 Y50.581
G1 F3600 X43.913 Y50.43 E0.00356
G1 X44.583 Y55.415 E0.08365
G1 X45.765 Y54.234 E0.02779
G0 F7200 X45.295 Y54.704
G1 F3600 X45.114 Y53.353 E0.02267
G1 X45.101 Y53.254
G0 F7200 X44.973 Y53.322
G0 X44.583 Y55.415
G1 F3600 X43.761 Y56.238 E0.01934
G1 X43.801 Y56.4
G1 X45.085 Y56.4 E0.02135
G0 F7200 X44.687 Y56
G1 F3600 X47.859 Y56 E0.05275
G1 X47.959 Y56
G0 F7200 X47.885 Y56.137
G0 X48.855 Y56.8
G1 F3600 X49.175 Y56.481 E0.00751
G0 F7200 X49.131 Y56.623
G0 X48.455 Y57.2
G1 F3600 X47.916 Y57.74 E0.01269
G0 F7200 X47.916 Y57.59
G0 X46.425 Y57.59
G0 X46.425 Y57.739
G1 F3600 X45.887 Y57.2 E0.01266
G1 X45.885 Y57.2
G1 X43.801 Y57.2 E0.03466
G0 F7200 X43.801 Y56.8
G1 F3600 X45.485 Y56.8 E0.02801
G1 X45.487 Y56.8
G1 X45.887 Y57.2 E0.00941
G1 X48.455 Y57.2 E0.04271
G1 X48.855 Y56.8 E0.00941
G1 X45.487 Y56.8 E0.05601
G1 X43.76 Y55.074 E0.0406
G1 X43.69 Y55.004
G0 F7200 X43.91 Y55.004
G0 X49.663 Y56.722
G0 X51.105 Y56.904
G0 X51.091 Y56.748
G1 F3600 X51.649 Y57.305 E0.01311
G0 F7200 X51.373 Y56.925
G1 F3600 X54.646 Y56.666 E0.0546
G1 X54.597 Y56.717
G1 X56.2 Y56.968 E0.02698
G0 F7200 X56.2 Y57.372
G1 F3600 X54.247 Y57.067 E0.03287
G1 X54.21 Y57.102
G1 X55.298 Y56.017 E0.02555
G1 X56.15 Y56.15 E0.01434
G1 X56.24 Y56.24 E0.00212
G1 X56.15 Y56.15
G1 X55.26 Y55.26 E0.02093
G0 F7200 X55.298 Y56.017
G1 F3600 X56.053 Y55.26 E0.01778
G1 X56.123 Y55.19
G0 F7200 X56.123 Y55.41
G0 X53.573 Y57.59
G0 X53.573 Y57.74
G1 F3600 X54.21 Y57.102 E0.01499
G1 X51.649 Y57.305 E0.04272
G1 X52.083 Y57.74 E0.01022
G1 X52.153 Y57.81
G0 F7200 X52.153 Y57.59
G0 X48.377 Y56.331
G0 X47.193 Y55.699
G0 X46.153 Y54.847
G0 X45.301 Y53.807
G0 X44.669 Y52.623
G0 X44.278 Y51.337
G0 X44.146 Y50
G0 X44.278 Y48.663
G0 X44.669 Y47.377
G0 X45.301 Y46.193
G0 X46.153 Y45.153
G0 X47.193 Y44.301
G0 X48.377 Y43.669
G0 X49.663 Y43.278
G0 X51 Y43.146
G0 X52.337 Y43.278
G0 X53.494 Y43.63
G0 X55.259 Y44.59
G0 X55.259 Y44.74
G1 F3600 X56.24 Y43.759 E0.02307
G1 X56.31 Y43.689
G0 F7200 X55.542 Y44.227
G1 F3600 X55.794 Y42.299 E0.03234
G0 F7200 X55.39 Y42.299
G1 F3600 X55.185 Y43.871 E0.02636
G0 F7200 X54.828 Y43.514
G1 F3600 X54.987 Y42.299 E0.02038
G1 X54.999 Y42.2
G0 F7200 X54.999 Y42.41
G0 X54.4 Y43.088
G1 F3600 X54.4 Y44.138 E0.01746
G1 X54.4 Y44.238
G0 F7200 X53.6 Y43.711
G1 F3600 X53.6 Y42.299 E0.02348
G1 X53.573 Y42.26
G1 X56.054 Y44.74 E0.05834
G1 X56.124 Y44.81
G0 F7200 X56.124 Y44.59
G0 X53.232 Y43.487
G0 X53.2 Y43.59
G1 F3600 X53.2 Y42.299 E0.02147
G0 F7200 X52.4 Y42.299
G1 F3600 X52.4 Y43.348 E0.01744
G1 X52.4 Y43.448
G0 F7200 X52.46 Y43.253
G0 X52.083 Y42.41
G0 X52.083 Y42.259
G1 F3600 X51.098 Y43.245 E0.02318
G1 X51.028 Y43.315
G0 F7200 X51.05 Y43.091
G0 X49.169 Y43.365
G0 X49.2 Y43.468
G1 F3600 X49.2 Y42.3 E0.01942
G1 X49.2 Y42.2
G0 F7200 X49.2 Y42.41
G0 X48.191 Y42.536
G1 F3600 X48.147 Y43.844 E0.02176
G0 F7200 X47.739 Y44.062
G1 F3600 X47.799 Y42.3 E0.02932
G1 X47.916 Y42.26
G1 X49.174 Y43.517 E0.02957
G1 X49.244 Y43.587
G0 F7200 X49.176 Y43.363
G0 X47.282 Y44.185
G0 X47.332 Y44.28
G1 F3600 X47.399 Y42.3 E0.03295
G0 F7200 X46.998 Y42.3
G1 F3600 X46.921 Y44.585 E0.03802
G0 F7200 X46.509 Y44.923
G1 F3600 X46.598 Y42.3 E0.04365
G1 X46.427 Y42.259
G1 X45.777 Y42.909 E0.01529
G0 F7200 X46.191 Y42.495
G1 F3600 X46.097 Y45.297 E0.04662
G1 X46.094 Y45.396
G0 F7200 X45.964 Y45.289
G0 X45.235 Y43.45
G1 F3600 X45.084 Y42.301 E0.01927
G1 X45.071 Y42.202
G0 F7200 X45.071 Y42.41
G0 X44.146 Y50
G0 X44.278 Y51.337
G0 X44.669 Y52.623
G0 X45.301 Y53.807
G0 X46.153 Y54.847
G0 X47.193 Y55.699
G0 X48.377 Y56.331
G0 X49.663 Y56.722
G0 X50.746 Y56.829
G0 X52.376 Y56.773
G0 X52.287 Y56.477
;TYPE:WALL-INNER
G1 F3600 X51 Y56.599 E0.0215
G1 X49.708 Y56.476 E0.02158
G1 X48.469 Y56.097 E0.02155
G1 X47.334 Y55.494 E0.02137
G1 X46.328 Y54.666 E0.02167
G1 X45.505 Y53.661 E0.0216
G1 X44.899 Y52.53 E0.02134
G1 X44.523 Y51.288 E0.02158
G1 X44.4 Y50 E0.02152
G1 X44.523 Y48.708 E0.02158
G1 X44.899 Y47.466 E0.02158
G1 X45.505 Y46.335 E0.02134
G1 X46.326 Y45.332 E0.02156
G1 X47.335 Y44.505 E0.0217
G1 X48.471 Y43.898 E0.02142
G1 X49.708 Y43.524 E0.02149
G1 X51 Y43.396 E0.02159
G1 X52.288 Y43.524 E0.02153
G1 X53.525 Y43.898 E0.02149
G1 X54.665 Y44.508 E0.0215
G1 X55.143 Y44.9 E0.01028
G1 X56.4 Y44.9 E0.0209
G1 X56.4 Y42.313 E0.04302
G1 X56.317 Y42.127 E0.00339
G1 X56.264 Y42.1 E0.00099
G1 X43.6 Y42.1 E0.2106
G1 X43.601 Y57.899 E0.26274
G1 X56.26 Y57.9 E0.21052
G1 X56.317 Y57.87 E0.00107
G1 X56.4 Y57.683 E0.0034
G1 X56.4 Y55.1 E0.04296
G1 X55.143 Y55.1 E0.0209
G1 X54.663 Y55.494 E0.01033
G1 X53.527 Y56.097 E0.02139
G1 X52.287 Y56.477 E0.02157
G0 F7200 X52.192 Y56.084
;TYPE:WALL-OUTER
G1 F1800 X50.981 Y56.196 E0.02022
G1 X49.805 Y56.084 E0.01965
G1 X48.641 Y55.732 E0.02022
G1 X47.54 Y55.147 E0.02073
G1 X46.628 Y54.395 E0.01966
G1 X45.831 Y53.423 E0.0209
G1 X45.279 Y52.391 E0.01946
G1 X44.916 Y51.192 E0.02083
G1 X44.8 Y49.98 E0.02025
G1 X44.916 Y48.804 E0.01965
G1 X45.279 Y47.605 E0.02083
G1 X45.831 Y46.573 E0.01946
G1 X46.629 Y45.601 E0.02091
G1 X47.573 Y44.831 E0.02026
G1 X48.605 Y44.279 E0.01946
G1 X49.804 Y43.916 E0.02083
G1 X51.02 Y43.8 E0.02031
G1 X52.192 Y43.916 E0.01959
G1 X53.391 Y44.279 E0.02083
G1 X54.423 Y44.831 E0.01946
G1 X55 Y45.3 E0.01237
G1 X56.8 Y45.3 E0.02993
G1 X56.8 Y42.262 E0.05052
G1 X56.756 Y42.095 E0.00287
G1 X56.565 Y41.804 E0.00579
G1 X56.36 Y41.7 E0.00382
G1 X43.2 Y41.7 E0.21885
G1 X43.201 Y58.299 E0.27604
G1 X56.356 Y58.3 E0.21877
G1 X56.634 Y58.125 E0.00546
G1 X56.8 Y57.737 E0.00702
G1 X56.8 Y54.7 E0.05051
G1 X55 Y54.7 E0.02993
G1 X54.422 Y55.169 E0.01238
G1 X53.355 Y55.732 E0.02006
G1 X52.192 Y56.084 E0.02021
G0 F7200 X51.993 Y56.102
G0 X52.091 Y57.109
;MESH:NONMESH
G0 F600 X52.091 Y57.109 Z19.3
G0 F7200 X52.287 Y56.477
;TIME_ELAPSED:1574.136976
;LAYER:190
;TYPE:WALL-INNER
;MESH:head.stl
G1 F3600 X51 Y56.599 E0.0215
G1 X49.708 Y56.476 E0.02158
G1 X48.469 Y56.097 E0.02155
G1 X47.334 Y55.494 E0.02137
G1 X46.328 Y54.666 E0.02167
G1 X45.505 Y53.661 E0.0216
G1 X44.899 Y52.53 E0.02134
G1 X44.523 Y51.288 E0.02158
G1 X44.4 Y50 E0.02152
G1 X44.523 Y48.708 E0.02158
G1 X44.899 Y47.466 E0.02158
G1 X45.505 Y46.335 E0.02134
G1 X46.326 Y45.332 E0.02156
G1 X47.335 Y44.505 E0.0217
G1 X48.471 Y43.898 E0.02142
G1 X49.708 Y43.524 E0.02149
G1 X51 Y43.396 E0.02159
G1 X52.288 Y43.524 E0.02153
G1 X53.525 Y43.898 E0.02149
G1 X54.665 Y44.508 E0.0215
G1 X55.143 Y44.9 E0.01028
G1 X56.4 Y44.9 E0.0209
G1 X56.4 Y42.313 E0.04302
G1 X56.319 Y42.128 E0.00336
G1 X56.264 Y42.1 E0.00103
G1 X43.6 Y42.1 E0.2106
G1 X43.601 Y57.899 E0.26274
G1 X56.258 Y57.9 E0.21049
G1 X56.346 Y57.821 E0.00197
G1 X56.4 Y57.665 E0.00275
G1 X56.4 Y55.1 E0.04266
G1 X55.143 Y55.1 E0.0209
G1 X54.663 Y55.494 E0.01033
G1 X53.527 Y56.097 E0.02139
G1 X52.287 Y56.477 E0.02157
G0 F7200 X52.192 Y56.084
;TYPE:WALL-OUTER
G1 F1800 X50.981 Y56.196 E0.02022
G1 X49.805 Y56.084 E0.01965
G1 X48.641 Y55.732 E0.02022
G1 X47.54 Y55.147 E0.02073
G1 X46.628 Y54.395 E0.01966
G1 X45.831 Y53.423 E0.0209
G1 X45.279 Y52.391 E0.01946
G1 X44.916 Y51.192 E0.02083
G1 X44.8 Y49.98 E0.02025
G1 X44.916 Y48.804 E0.01965
G1 X45.279 Y47.605 E0.02083
G1 X45.831 Y46.573 E0.01946
G1 X46.629 Y45.601 E0.02091
G1 X47.573 Y44.831 E0.02026
G1 X48.605 Y44.279 E0.01946
G1 X49.804 Y43.916 E0.02083
G1 X51.02 Y43.8 E0.02031
G1 X52.192 Y43.916 E0.01959
G1 X53.391 Y44.279 E0.02083
G1 X54.423 Y44.831 E0.01946
G1 X55 Y45.3 E0.01237
G1 X56.8 Y45.3 E0.02993
G1 X56.8 Y42.262 E0.05052
G1 X56.756 Y42.095 E0.00287
G1 X56.571 Y41.807 E0.00569
G1 X56.36 Y41.7 E0.00393
G1 X43.2 Y41.7 E0.21885
G1 X43.201 Y58.299 E0.27604
G1 X56.355 Y58.3 E0.21875
G1 X56.556 Y58.196 E0.00376
G1 X56.702 Y58.02 E0.0038
G1 X56.8 Y57.731 E0.00507
G1 X56.8 Y54.7 E0.05041
G1 X55 Y54.7 E0.02993
G1 X54.422 Y55.169 E0.01238
G1 X53.355 Y55.732 E0.02006
G1 X52.192 Y56.084 E0.02021
G0 F7200 X51.993 Y56.102
G0 X52.061 Y56.81
G0 X51 Y56.854
G0 X49.663 Y56.722
G0 X48.377 Y56.331
G0 X47.193 Y55.699
G0 X46.153 Y54.847
G0 X45.301 Y53.807
G0 X44.669 Y52.623
G0 X44.278 Y51.337
G0 X44.146 Y50
G0 X44.253 Y48.917
G0 X44.555 Y47.301
;TYPE:SKIN
G1 F1632.7 X44.309 Y47.972 E0.0131
G1 F1376.7 X44.063 Y48.642 E0.01552
G1 F1304.3 X44.05 Y48.584 E0.00136
G1 F1531.9 X43.981 Y47.254 E0.02602
G1 F1800 X43.98 Y42.48 E0.07939
G1 X48.179 Y42.48 E0.06983
G1 F1607.1 X49.509 Y42.528 E0.02479
G1 F1400.8 X49.617 Y42.546 E0.00234
G1 F1437.1 X50.955 Y42.514 E0.02788
G1 X52.375 Y42.546 E0.02958
G1 F1400.8 X52.483 Y42.528 E0.00234
G1 F1607.1 X53.813 Y42.48 E0.02479
G1 F1800 X56.02 Y42.48 E0.0367
G1 X56.02 Y44.52 E0.03393
G1 X55.274 Y44.52 E0.01241
G1 X54.787 Y44.139 E0.01028
G1 X53.691 Y43.555 E0.02065
G1 F1607.1 X52.397 Y43.106 E0.02551
G1 F1400.8 X52.35 Y43.078 E0.00117
G1 F1437.1 X51.023 Y42.982 E0.02771
G1 X49.642 Y43.078 E0.02883
G1 F1400.8 X49.595 Y43.106 E0.00117
G1 F1607.1 X48.301 Y43.555 E0.02551
G1 F1800 X47.138 Y44.175 E0.02192
G1 X46.073 Y45.045 E0.02287
G1 X45.175 Y46.137 E0.02351
G1 X44.555 Y47.301 E0.02193
G0 F7200 X44.063 Y48.642
G1 F1431.4 X44 Y49.98 E0.02801
G1 F1425.7 X44.065 Y51.34 E0.02859
G0 F7200 X45.301 Y53.807
G0 X46.153 Y54.847
G0 X47.193 Y55.699
G0 X48.377 Y56.331
G0 X52.488 Y57.469
G1 F1400.8 X52.376 Y57.45 E0.00243
G1 F1431.4 X51.043 Y57.48 E0.02788
G1 X49.616 Y57.45 E0.02985
G1 F1400.8 X49.504 Y57.469 E0.00243
G1 F1607.1 X48.186 Y57.516 E0.02456
G1 F1800 X43.98 Y57.516 E0.06995
G1 X43.98 Y52.733 E0.07954
G1 F1525.4 X44.052 Y51.394 E0.02631
G1 F1295 X44.065 Y51.34 E0.00128
G1 F1368.8 X44.308 Y52.016 E0.01571
G1 F1629 X44.551 Y52.691 E0.01318
G1 F1800 X45.175 Y53.855 E0.02196
G1 X46.045 Y54.923 E0.02291
G1 X47.101 Y55.795 E0.02277
G1 X48.31 Y56.441 E0.0228
G1 F1607.1 X49.591 Y56.889 E0.02528
G1 F1400.8 X49.64 Y56.918 E0.00122
G1 F1431.4 X50.979 Y57.008 E0.02806
G1 X52.352 Y56.918 E0.02877
G1 F1400.8 X52.401 Y56.889 E0.00122
G1 F1607.1 X53.682 Y56.441 E0.02528
G1 F1800 X54.79 Y55.853 E0.02086
G1 X55.273 Y55.48 E0.01015
G1 X56.02 Y55.48 E0.01242
G1 X56.02 Y57.516 E0.03386
G1 X53.806 Y57.516 E0.03682
G1 F1607.1 X52.488 Y57.469 E0.02456
G0 F7200 X44.305 Y57.316
G1 F1800 X44.18 Y57.191 E0.00294
G0 F7200 X44.18 Y56.625
G1 F1800 X44.871 Y57.316 E0.01625
G0 F7200 X45.437 Y57.316
G1 F1800 X44.18 Y56.059 E0.02956
G0 F7200 X44.18 Y55.494
G1 F1800 X46.002 Y57.316 E0.04285
G0 F7200 X46.568 Y57.316
G1 F1800 X44.18 Y54.928 E0.05616
G0 F7200 X44.18 Y54.362
G1 F1800 X47.134 Y57.316 E0.06947
G0 F7200 X47.699 Y57.316
G1 F1800 X44.18 Y53.797 E0.08276
G0 F7200 X44.18 Y53.231
G1 F1800 X45.4 Y54.451 E0.02869
G1 X45.47 Y54.521
G0 F7200 X46.557 Y55.608
G1 F1800 X48.259 Y57.31 E0.04003
G0 F7200 X48.788 Y57.273
G1 F1800 X48.038 Y56.523 E0.01764
G1 X47.968 Y56.453
G0 F7200 X49.007 Y56.926
G1 F1800 X49.316 Y57.235 E0.00727
G0 F7200 X52.565 Y57.09
G1 F1800 X52.712 Y57.237 E0.00346
G0 F7200 X52.971 Y56.931
G1 F1800 X53.322 Y57.281 E0.00824
G0 F7200 X53.379 Y56.773
G1 F1800 X53.922 Y57.316 E0.01277
G0 F7200 X54.488 Y57.316
G1 F1800 X53.785 Y56.613 E0.01653
G0 F7200 X54.154 Y56.417
G1 F1800 X55.053 Y57.316 E0.02114
G0 F7200 X55.619 Y57.316
G1 F1800 X54.525 Y56.222 E0.02573
G0 F7200 X54.893 Y56.024
G1 F1800 X55.82 Y56.951 E0.0218
G0 F7200 X55.82 Y56.385
G1 F1800 X55.213 Y55.779 E0.01426
G0 F7200 X55.68 Y55.68
G1 F1800 X55.82 Y55.82 E0.00329
G0 F7200 X52.337 Y56.722
G0 X51 Y56.854
G0 X49.663 Y56.722
G0 X48.377 Y56.331
G0 X47.193 Y55.699
G0 X46.153 Y54.847
G0 X45.301 Y53.807
G0 X44.669 Y52.623
G0 X44.278 Y51.337
G0 X44.146 Y50
G0 X44.278 Y48.663
G0 X44.669 Y47.377
G0 X45.301 Y46.193
G0 X46.153 Y45.153
G0 X47.193 Y44.301
G0 X48.377 Y43.669
G0 X49.663 Y43.278
G0 X51 Y43.146
G0 X52.203 Y43.265
G0 X55.634 Y44.32
G1 F1800 X53.994 Y42.68 E0.03857
G0 F7200 X53.454 Y42.706
G1 F1800 X54.517 Y43.768 E0.02499
G1 X54.587 Y43.838
G0 F7200 X54.56 Y42.68
G1 F1800 X55.82 Y43.941 E0.02965
G0 F7200 X55.82 Y43.375
G1 F1800 X55.125 Y42.68 E0.01635
G0 F7200 X55.691 Y42.68
G1 F1800 X55.82 Y42.81 E0.00305
G0 F7200 X53.421 Y43.238
G1 F1800 X52.926 Y42.744 E0.01163
G0 F7200 X52.496 Y42.88
G1 F1800 X52.416 Y42.799 E0.00189
G0 F7200 X49.212 Y42.989
G1 F1800 X48.959 Y42.737 E0.00594
G0 F7200 X48.805 Y43.148
G1 F1800 X48.35 Y42.693 E0.0107
G0 F7200 X47.771 Y42.68
G1 F1800 X48.379 Y43.288 E0.0143
G0 F7200 X48.009 Y43.484
G1 F1800 X47.206 Y42.68 E0.0189
G0 F7200 X46.64 Y42.68
G1 F1800 X47.64 Y43.68 E0.02352
G0 F7200 X47.271 Y43.877
G1 F1800 X46.074 Y42.68 E0.02815
G0 F7200 X45.509 Y42.68
G1 F1800 X46.919 Y44.091 E0.03317
G0 F7200 X46.609 Y44.346
G1 F1800 X44.943 Y42.68 E0.03918
G0 F7200 X44.377 Y42.68
G1 F1800 X46.299 Y44.601 E0.04519
G0 F7200 X45.988 Y44.857
G1 F1800 X44.18 Y43.049 E0.04252
G0 F7200 X44.18 Y43.614
G1 F1800 X45.72 Y45.154 E0.03622
G0 F7200 X45.465 Y45.465
G1 F1800 X44.18 Y44.18 E0.03022
G0 F7200 X44.18 Y44.746
G1 F1800 X45.21 Y45.775 E0.02421
G0 F7200 X44.968 Y46.1
G1 F1800 X44.18 Y45.311 E0.01854
G0 F7200 X44.18 Y45.877
G1 F1800 X44.772 Y46.469 E0.01392
G0 F7200 X44.575 Y46.838
G1 F1800 X44.181 Y46.443 E0.00928
G0 F7200 X44.181 Y47.009
G1 F1800 X44.379 Y47.208 E0.00467
G0 F7200 X44.181 Y47.575
G1 F1800 X44.241 Y47.635 E0.00141
G0 F7200 X44.187 Y48.975
G0 X44.18 Y52.665
G1 F1800 X44.461 Y52.947 E0.00662
G0 F7200 X44.439 Y52.957
;MESH:NONMESH
G0 F600 X44.439 Y52.957 Z19.4
G0 F7200 X46.153 Y54.847
G0 X47.193 Y55.699
G0 X48.377 Y56.331
G0 X49.663 Y56.722
G0 X50.746 Y56.829
G0 X52.376 Y56.773
G0 X52.287 Y56.477
;TIME_ELAPSED:1585.041246
;LAYER:191
;TYPE:WALL-INNER
;MESH:head.stl
G1 F3600 X51 Y56.599 E0.0215
G1 X49.708 Y56.476 E0.02158
G1 X48.469 Y56.097 E0.02155
G1 X47.334 Y55.494 E0.02137
G1 X46.328 Y54.666 E0.02167
G1 X45.505 Y53.661 E0.0216
G1 X44.899 Y52.53 E0.02134
G1 X44.523 Y51.288 E0.02158
G1 X44.4 Y50 E0.02152
G1 X44.523 Y48.708 E0.02158
G1 X44.899 Y47.466 E0.02158
G1 X45.505 Y46.335 E0.02134
G1 X46.326 Y45.332 E0.02156
G1 X47.335 Y44.505 E0.0217
G1 X48.471 Y43.898 E0.02142
G1 X49.708 Y43.524 E0.02149
G1 X51 Y43.396 E0.02159
G1 X52.288 Y43.524 E0.02153
G1 X53.525 Y43.898 E0.02149
G1 X54.665 Y44.508 E0.0215
G1 X55.143 Y44.9 E0.01028
G1 X56.4 Y44.9 E0.0209
G1 X56.4 Y42.335 E0.04266
G1 X56.346 Y42.174 E0.00282
G1 X56.262 Y42.1 E0.00186
G1 X43.6 Y42.1 E0.21057
G1 X43.601 Y57.899 E0.26274
G1 X56.26 Y57.9 E0.21052
G1 X56.315 Y57.872 E0.00103
G1 X56.4 Y57.684 E0.00343
G1 X56.4 Y55.1 E0.04297
G1 X55.143 Y55.1 E0.0209
G1 X54.663 Y55.494 E0.01033
G1 X53.527 Y56.097 E0.02139
G1 X52.287 Y56.477 E0.02157
G0 F7200 X52.192 Y56.084
;TYPE:WALL-OUTER
G1 F1800 X50.981 Y56.196 E0.02022
G1 X49.805 Y56.084 E0.01965
G1 X48.641 Y55.732 E0.02022
G1 X47.54 Y55.147 E0.02073
G1 X46.628 Y54.395 E0.01966
G1 X45.831 Y53.423 E0.0209
G1 X45.279 Y52.391 E0.01946
G1 X44.916 Y51.192 E0.02083
G1 X44.8 Y49.98 E0.02025
G1 X44.916 Y48.804 E0.01965
G1 X45.279 Y47.605 E0.02083
G1 X45.831 Y46.573 E0.01946
G1 X46.629 Y45.601 E0.02091
G1 X47.573 Y44.831 E0.02026
G1 X48.605 Y44.279 E0.01946
G1 X49.804 Y43.916 E0.02083
G1 X51.02 Y43.8 E0.02031
G1 X52.192 Y43.916 E0.01959
G1 X53.391 Y44.279 E0.02083
G1 X54.423 Y44.831 E0.01946
G1 X55 Y45.3 E0.01237
G1 X56.8 Y45.3 E0.02993
G1 X56.8 Y42.269 E0.05041
G1 X56.702 Y41.978 E0.00511
G1 X56.559 Y41.803 E0.00376
G1 X56.359 Y41.7 E0.00374
G1 X43.2 Y41.7 E0.21884
G1 X43.201 Y58.299 E0.27604
G1 X56.356 Y58.3 E0.21877
G1 X56.561 Y58.196 E0.00382
G1 X56.756 Y57.904 E0.00584
G1 X56.8 Y57.734 E0.00292
G1 X56.8 Y54.7 E0.05046
G1 X55 Y54.7 E0.02993
G1 X54.422 Y55.169 E0.01238
G1 X53.355 Y55.732 E0.02006
G1 X52.192 Y56.084 E0.02021
G0 F7200 X51.993 Y56.102
G0 X52.061 Y56.81
G0 X51 Y56.854
G0 X49.663 Y56.722
G0 X48.377 Y56.331
G0 X47.193 Y55.699
G0 X46.153 Y54.847
G0 X45.301 Y53.807
G0 X44.669 Y52.623
G0 X44.278 Y51.337
G0 X44.146 Y50
G0 X44.253 Y48.917
G0 X44.555 Y47.301
;TYPE:SKIN
G1 F1632.7 X44.309 Y47.972 E0.0131
G1 F1376.7 X44.063 Y48.642 E0.01552
G1 F1304.3 X44.05 Y48.584 E0.00136
G1 F1531.9 X43.981 Y47.254 E0.02602
G1 F1800 X43.98 Y42.48 E0.07939
G1 X48.179 Y42.48 E0.06983
G1 F1607.1 X49.509 Y42.528 E0.02479
G1 F1400.8 X49.617 Y42.546 E0.00234
G1 F1437.1 X50.955 Y42.514 E0.02788
G1 X52.375 Y42.546 E0.02958
G1 F1400.8 X52.483 Y42.528 E0.00234
G1 F1607.1 X53.813 Y42.48 E0.02479
G1 F1800 X56.02 Y42.48 E0.0367
G1 X56.02 Y44.52 E0.03393
G1 X55.274 Y44.52 E0.01241
G1 X54.787 Y44.139 E0.01028
G1 X53.691 Y43.555 E0.02065
G1 F1607.1 X52.397 Y43.106 E0.02551
G1 F1400.8 X52.35 Y43.078 E0.00117
G1 F1437.1 X51.023 Y42.982 E0.02771
G1 X49.642 Y43.078 E0.02883
G1 F1400.8 X49.595 Y43.106 E0.00117
G1 F1607.1 X48.301 Y43.555 E0.02551
G1 F1800 X47.138 Y44.175 E0.02192
G1 X46.073 Y45.045 E0.02287
G1 X45.175 Y46.137 E0.02351
G1 X44.555 Y47.301 E0.02193
G0 F7200 X44.063 Y48.642
G1 F1431.4 X44 Y49.98 E0.02801
G1 F1425.7 X44.065 Y51.34 E0.02859
G0 F7200 X45.301 Y53.807
G0 X46.153 Y54.847
G0 X47.193 Y55.699
G0 X48.377 Y56.331
G0 X52.489 Y57.446
G1 F1411.8 X51 Y57.482 E0.03158
G1 F1428.6 X49.616 Y57.45 E0.02901
G1 F1398.1 X49.504 Y57.469 E0.00243
G1 F1607.1 X48.185 Y57.517 E0.02458
G1 F1800 X43.98 Y57.516 E0.06993
G1 X43.98 Y52.733 E0.07954
G1 F1525.4 X44.052 Y51.394 E0.02631
G1 F1295 X44.065 Y51.34 E0.00128
G1 F1368.8 X44.308 Y52.016 E0.01571
G1 F1629 X44.551 Y52.691 E0.01318
G1 F1800 X45.175 Y53.855 E0.02196
G1 X46.045 Y54.923 E0.02291
G1 X47.101 Y55.795 E0.02277
G1 X48.31 Y56.441 E0.0228
G1 F1607.1 X49.591 Y56.89 E0.02528
G1 F1398.1 X49.64 Y56.918 E0.00121
G1 F1428.6 X51 Y57.009 E0.02856
G1 F1411.8 X52.409 Y56.913 E0.02994
G1 F1525.4 X53.682 Y56.441 E0.02664
G1 F1800 X54.79 Y55.853 E0.02086
G1 X55.273 Y55.48 E0.01015
G1 X56.02 Y55.48 E0.01242
G1 X56.02 Y57.519 E0.03391
G1 X53.807 Y57.519 E0.0368
G1 F1525.4 X52.489 Y57.446 E0.0259
G0 F7200 X55.253 Y57.319
G1 F1800 X55.82 Y56.752 E0.01333
G0 F7200 X55.82 Y56.186
G1 F1800 X54.687 Y57.319 E0.02665
G0 F7200 X54.121 Y57.319
G1 F1800 X55.76 Y55.68 E0.03855
G1 X55.83 Y55.61
G0 F7200 X54.8 Y56.074
G1 F1800 X53.58 Y57.294 E0.02869
G0 F7200 X53.07 Y57.238
G1 F1800 X53.626 Y56.682 E0.01308
G0 F7200 X52.631 Y57.112
G1 F1800 X52.561 Y57.182 E0.00165
G0 F7200 X49.306 Y57.043
G1 F1800 X49.098 Y57.251 E0.00489
G0 F7200 X48.899 Y56.884
G1 F1800 X48.488 Y57.295 E0.00967
G0 F7200 X48.492 Y56.726
G1 F1800 X47.901 Y57.317 E0.0139
G0 F7200 X47.335 Y57.317
G1 F1800 X48.097 Y56.554 E0.01793
G0 F7200 X47.728 Y56.359
G1 F1800 X46.769 Y57.317 E0.02254
G0 F7200 X46.204 Y57.317
G1 F1800 X47.358 Y56.162 E0.02715
G0 F7200 X46.991 Y55.963
G1 F1800 X45.638 Y57.317 E0.03183
G0 F7200 X45.072 Y57.317
G1 F1800 X46.68 Y55.709 E0.03782
G0 F7200 X46.37 Y55.453
G1 F1800 X44.507 Y57.317 E0.04383
G0 F7200 X44.18 Y57.078
G1 F1800 X46.06 Y55.198 E0.04421
G0 F7200 X45.778 Y54.914
G1 F1800 X44.18 Y56.512 E0.03758
G0 F7200 X44.18 Y55.946
G1 F1800 X45.524 Y54.603 E0.0316
G0 F7200 X45.269 Y54.292
G1 F1800 X44.18 Y55.381 E0.02561
G0 F7200 X44.18 Y54.815
G1 F1800 X45.015 Y53.98 E0.01964
G0 F7200 X44.817 Y53.612
G1 F1800 X44.18 Y54.249 E0.01498
G0 F7200 X44.18 Y53.684
G1 F1800 X44.62 Y53.244 E0.01035
G0 F7200 X44.423 Y52.875
G1 F1800 X44.18 Y53.118 E0.00571
G0 F7200 X44.18 Y52.552
G1 F1800 X44.271 Y52.462 E0.00213
G0 F7200 X44.17 Y50.468
G0 X44.181 Y47.46
G1 F1800 X44.343 Y47.298 E0.00381
G0 F7200 X44.181 Y46.895
G1 F1800 X44.958 Y46.118 E0.01827
G1 X45.028 Y46.048
G0 F7200 X44.181 Y46.329
G1 F1800 X47.83 Y42.68 E0.08582
G0 F7200 X48.381 Y42.694
G1 F1800 X47.115 Y43.961 E0.02979
G1 X47.045 Y44.031
G0 F7200 X47.264 Y42.68
G1 F1800 X44.181 Y45.763 E0.07251
G0 F7200 X44.181 Y45.198
G1 F1800 X46.699 Y42.68 E0.05922
G0 F7200 X46.133 Y42.68
G1 F1800 X44.181 Y44.632 E0.04591
G0 F7200 X44.181 Y44.066
G1 F1800 X45.567 Y42.68 E0.0326
G0 F7200 X45.002 Y42.68
G1 F1800 X44.181 Y43.501 E0.01931
G0 F7200 X44.181 Y42.935
G1 F1800 X44.436 Y42.68 E0.006
G0 F7200 X48.324 Y43.317
G1 F1800 X48.908 Y42.733 E0.01373
G0 F7200 X49.22 Y42.986
G1 F1800 X49.437 Y42.77 E0.00509
G0 F7200 X52.658 Y42.943
G1 F1800 X52.852 Y42.749 E0.00456
G0 F7200 X53.066 Y43.101
G1 F1800 X53.462 Y42.705 E0.00931
G0 F7200 X53.473 Y43.259
G1 F1800 X54.052 Y42.68 E0.01362
G0 F7200 X54.618 Y42.68
G1 F1800 X53.872 Y43.426 E0.01754
G0 F7200 X54.241 Y43.623
G1 F1800 X55.183 Y42.68 E0.02217
G0 F7200 X55.749 Y42.68
G1 F1800 X54.611 Y43.819 E0.02678
G0 F7200 X54.966 Y44.029
G1 F1800 X55.82 Y43.175 E0.02008
G0 F7200 X55.82 Y43.741
G1 F1800 X55.284 Y44.276 E0.01259
G0 F7200 X55.308 Y44.247
;MESH:NONMESH
G0 F600 X55.308 Y44.247 Z19.5
G0 F7200 X52.337 Y43.278
G0 X51 Y43.146
G0 X49.663 Y43.278
G0 X48.377 Y43.669
G0 X47.193 Y44.301
G0 X46.153 Y45.153
G0 X45.301 Y46.193
G0 X44.669 Y47.377
G0 X44.278 Y48.663
G0 X44.146 Y50
G0 X44.278 Y51.337
G0 X44.669 Y52.623
G0 X45.301 Y53.807
G0 X46.153 Y54.847
G0 X47.193 Y55.699
G0 X48.377 Y56.331
G0 X49.663 Y56.722
G0 X50.746 Y56.829
G0 X52.376 Y56.773
G0 X52.287 Y56.477
;TIME_ELAPSED:1595.746864
;LAYER:192
;TYPE:WALL-INNER
;MESH:head.stl
G1 F3600 X51 Y56.599 E0.0215
G1 X49.708 Y56.476 E0.02158
G1 X48.469 Y56.097 E0.02155
G1 X47.334 Y55.494 E0.02137
G1 X46.328 Y54.666 E0.02167
G1 X45.505 Y53.661 E0.0216
G1 X44.899 Y52.53 E0.02134
G1 X44.523 Y51.288 E0.02158
G1 X44.4 Y50 E0.02152
G1 X44.523 Y48.708 E0.02158
G1 X44.899 Y47.466 E0.02158
G1 X45.505 Y46.335 E0.02134
G1 X46.326 Y45.332 E0.02156
G1 X47.335 Y44.505 E0.0217
G1 X48.471 Y43.898 E0.02142
G1 X49.708 Y43.524 E0.02149
G1 X51 Y43.396 E0.02159
G1 X52.288 Y43.524 E0.02153
G1 X53.525 Y43.898 E0.02149
G1 X54.665 Y44.508 E0.0215
G1 X55.143 Y44.9 E0.01028
G1 X56.4 Y44.9 E0.0209
G1 X56.4 Y42.318 E0.04294
G1 X56.307 Y42.1 E0.00394
G1 X43.6 Y42.1 E0.21132
G1 X43.601 Y57.899 E0.26274
G1 X56.258 Y57.9 E0.21049
G1 X56.319 Y57.868 E0.00115
G1 X56.4 Y57.69 E0.00325
G1 X56.4 Y55.1 E0.04307
G1 X55.143 Y55.1 E0.0209
G1 X54.663 Y55.494 E0.01033
G1 X53.527 Y56.097 E0.02139
G1 X52.287 Y56.477 E0.02157
G0 F7200 X52.192 Y56.084
;TYPE:WALL-OUTER
G1 F1800 X50.981 Y56.196 E0.02022
G1 X49.805 Y56.084 E0.01965
G1 X48.641 Y55.732 E0.02022
G1 X47.54 Y55.147 E0.02073
G1 X46.628 Y54.395 E0.01966
G1 X45.831 Y53.423 E0.0209
G1 X45.279 Y52.391 E0.01946
G1 X44.916 Y51.192 E0.02083
G1 X44.8 Y49.98 E0.02025
G1 X44.916 Y48.804 E0.01965
G1 X45.279 Y47.605 E0.02083
G1 X45.831 Y46.573 E0.01946
G1 X46.629 Y45.601 E0.02091
G1 X47.573 Y44.831 E0.02026
G1 X48.605 Y44.279 E0.01946
G1 X49.804 Y43.916 E0.02083
G1 X51.02 Y43.8 E0.02031
G1 X52.192 Y43.916 E0.01959
G1 X53.391 Y44.279 E0.02083
G1 X54.423 Y44.831 E0.01946
G1 X55 Y45.3 E0.01237
G1 X56.8 Y45.3 E0.02993
G1 X56.8 Y42.269 E0.05041
G1 X56.756 Y42.094 E0.003
G1 X56.567 Y41.804 E0.00576
G1 X56.36 Y41.7 E0.00385
G1 X43.2 Y41.7 E0.21885
G1 X43.201 Y58.299 E0.27604
G1 X56.355 Y58.3 E0.21875
G1 X56.635 Y58.124 E0.0055
G1 X56.8 Y57.742 E0.00692
G1 X56.8 Y54.7 E0.05059
G1 X55 Y54.7 E0.02993
G1 X54.422 Y55.169 E0.01238
G1 X53.355 Y55.732 E0.02006
G1 X52.192 Y56.084 E0.02021
G0 F7200 X51.993 Y56.102
G0 X52.061 Y56.81
G0 X51 Y56.854
G0 X49.663 Y56.722
G0 X48.377 Y56.331
G0 X47.193 Y55.699
G0 X46.153 Y54.847
G0 X45.301 Y53.807
G0 X44.669 Y52.623
G0 X44.278 Y51.337
G0 X44.146 Y50
G0 X44.253 Y48.917
G0 X44.555 Y47.301
;TYPE:SKIN
G1 F1632.7 X44.309 Y47.972 E0.0131
G1 F1376.7 X44.063 Y48.642 E0.01552
G1 F1304.3 X44.05 Y48.584 E0.00136
G1 F1531.9 X43.981 Y47.254 E0.02602
G1 F1800 X43.98 Y42.48 E0.07939
G1 X48.179 Y42.48 E0.06983
G1 F1607.1 X49.509 Y42.528 E0.02479
G1 F1400.8 X49.617 Y42.546 E0.00234
G1 F1437.1 X50.955 Y42.514 E0.02788
G1 X52.375 Y42.546 E0.02958
G1 F1400.8 X52.483 Y42.528 E0.00234
G1 F1607.1 X53.813 Y42.48 E0.02479
G1 F1800 X56.02 Y42.48 E0.0367
G1 X56.02 Y44.52 E0.03393
G1 X55.274 Y44.52 E0.01241
G1 X54.787 Y44.139 E0.01028
G1 X53.691 Y43.555 E0.02065
G1 F1607.1 X52.397 Y43.106 E0.02551
G1 F1400.8 X52.35 Y43.078 E0.00117
G1 F1437.1 X51.023 Y42.982 E0.02771
G1 X49.642 Y43.078 E0.02883
G1 F1400.8 X49.595 Y43.106 E0.00117
G1 F1607.1 X48.301 Y43.555 E0.02551
G1 F1800 X47.138 Y44.175 E0.02192
G1 X46.073 Y45.045 E0.02287
G1 X45.175 Y46.137 E0.02351
G1 X44.555 Y47.301 E0.02193
G0 F7200 X44.063 Y48.642
G1 F1431.4 X44 Y49.98 E0.02801
G1 F1425.7 X44.065 Y51.34 E0.02859
G0 F7200 X45.301 Y53.807
G0 X46.153 Y54.847
G0 X47.193 Y55.699
G0 X48.377 Y56.331
G0 X52.489 Y57.446
G1 F1411.8 X51 Y57.482 E0.03158
G1 F1428.6 X49.616 Y57.45 E0.02901
G1 F1398.1 X49.504 Y57.469 E0.00243
G1 F1607.1 X48.185 Y57.517 E0.02458
G1 F1800 X43.98 Y57.516 E0.06993
G1 X43.98 Y52.733 E0.07954
G1 F1525.4 X44.052 Y51.394 E0.02631
G1 F1295 X44.065 Y51.34 E0.00128
G1 F1368.8 X44.308 Y52.016 E0.01571
G1 F1629 X44.551 Y52.691 E0.01318
G1 F1800 X45.175 Y53.855 E0.02196
G1 X46.045 Y54.923 E0.02291
G1 X47.101 Y55.795 E0.02277
G1 X48.31 Y56.441 E0.0228
G1 F1607.1 X49.591 Y56.89 E0.02528
G1 F1398.1 X49.64 Y56.918 E0.00121
G1 F1428.6 X51 Y57.009 E0.02856
G1 F1411.8 X52.409 Y56.913 E0.02994
G1 F1525.4 X53.682 Y56.441 E0.02664
G1 F1800 X54.79 Y55.853 E0.02086
G1 X55.273 Y55.48 E0.01015
G1 X56.02 Y55.48 E0.01242
G1 X56.02 Y57.519 E0.03391
G1 X53.807 Y57.519 E0.0368
G1 F1525.4 X52.489 Y57.446 E0.0259
G0 F7200 X44.306 Y57.317
G1 F1800 X44.18 Y57.191 E0.00296
G0 F7200 X44.18 Y56.625
G1 F1800 X44.872 Y57.317 E0.01627
G0 F7200 X45.437 Y57.317
G1 F1800 X44.18 Y56.059 E0.02957
G0 F7200 X44.18 Y55.494
G1 F1800 X46.003 Y57.317 E0.04287
G0 F7200 X46.569 Y57.317
G1 F1800 X44.18 Y54.928 E0.05619
G0 F7200 X44.18 Y54.362
G1 F1800 X47.134 Y57.317 E0.06949
G0 F7200 X47.7 Y57.317
G1 F1800 X44.18 Y53.797 E0.08279
G0 F7200 X44.18 Y53.231
G1 F1800 X45.4 Y54.451 E0.02869
G1 X45.47 Y54.521
G0 F7200 X46.555 Y55.606
G1 F1800 X48.26 Y57.311 E0.0401
G0 F7200 X48.788 Y57.273
G1 F1800 X48.039 Y56.524 E0.01762
G1 X47.969 Y56.454
G0 F7200 X49.008 Y56.928
G1 F1800 X49.315 Y57.235 E0.00722
G0 F7200 X52.6 Y57.126
G1 F1800 X52.667 Y57.192 E0.00156
G0 F7200 X52.996 Y56.955
G1 F1800 X53.303 Y57.263 E0.00723
G0 F7200 X53.391 Y56.785
G1 F1800 X53.925 Y57.319 E0.01256
G0 F7200 X54.49 Y57.319
G1 F1800 X53.785 Y56.614 E0.01658
G0 F7200 X54.154 Y56.417
G1 F1800 X55.056 Y57.319 E0.02121
G0 F7200 X55.622 Y57.319
G1 F1800 X54.524 Y56.221 E0.02582
G0 F7200 X54.893 Y56.024
G1 F1800 X55.82 Y56.951 E0.0218
G0 F7200 X55.82 Y56.385
G1 F1800 X55.213 Y55.779 E0.01426
G0 F7200 X55.68 Y55.68
G1 F1800 X55.82 Y55.82 E0.00329
G0 F7200 X52.337 Y56.722
G0 X51 Y56.854
G0 X49.663 Y56.722
G0 X48.377 Y56.331
G0 X47.193 Y55.699
G0 X46.153 Y54.847
G0 X45.301 Y53.807
G0 X44.669 Y52.623
G0 X44.278 Y51.337
G0 X44.146 Y50
G0 X44.278 Y48.663
G0 X44.669 Y47.377
G0 X45.301 Y46.193
G0 X46.153 Y45.153
G0 X47.193 Y44.301
G0 X48.377 Y43.669
G0 X49.663 Y43.278
G0 X51 Y43.146
G0 X52.203 Y43.265
G0 X55.634 Y44.32
G1 F1800 X53.994 Y42.68 E0.03857
G0 F7200 X53.454 Y42.706
G1 F1800 X54.517 Y43.768 E0.02499
G1 X54.587 Y43.838
G0 F7200 X54.56 Y42.68
G1 F1800 X55.82 Y43.941 E0.02965
G0 F7200 X55.82 Y43.375
G1 F1800 X55.125 Y42.68 E0.01635
G0 F7200 X55.691 Y42.68
G1 F1800 X55.82 Y42.81 E0.00305
G0 F7200 X53.421 Y43.238
G1 F1800 X52.926 Y42.744 E0.01163
G0 F7200 X52.496 Y42.88
G1 F1800 X52.416 Y42.799 E0.00189
G0 F7200 X49.212 Y42.989
G1 F1800 X48.959 Y42.737 E0.00594
G0 F7200 X48.805 Y43.148
G1 F1800 X48.35 Y42.693 E0.0107
G0 F7200 X47.771 Y42.68
G1 F1800 X48.379 Y43.288 E0.0143
G0 F7200 X48.009 Y43.484
G1 F1800 X47.206 Y42.68 E0.0189
G0 F7200 X46.64 Y42.68
G1 F1800 X47.64 Y43.68 E0.02352
G0 F7200 X47.271 Y43.877
G1 F1800 X46.074 Y42.68 E0.02815
G0 F7200 X45.509 Y42.68
G1 F1800 X46.919 Y44.091 E0.03317
G0 F7200 X46.609 Y44.346
G1 F1800 X44.943 Y42.68 E0.03918
G0 F7200 X44.377 Y42.68
G1 F1800 X46.299 Y44.601 E0.04519
G0 F7200 X45.988 Y44.857
G1 F1800 X44.18 Y43.049 E0.04252
G0 F7200 X44.18 Y43.614
G1 F1800 X45.72 Y45.154 E0.03622
G0 F7200 X45.465 Y45.465
G1 F1800 X44.18 Y44.18 E0.03022
G0 F7200 X44.18 Y44.746
G1 F1800 X45.21 Y45.775 E0.02421
G0 F7200 X44.968 Y46.1
G1 F1800 X44.18 Y45.311 E0.01854
G0 F7200 X44.18 Y45.877
G1 F1800 X44.772 Y46.469 E0.01392
G0 F7200 X44.575 Y46.838
G1 F1800 X44.181 Y46.443 E0.00928
G0 F7200 X44.181 Y47.009
G1 F1800 X44.379 Y47.208 E0.00467
G0 F7200 X44.181 Y47.575
G1 F1800 X44.241 Y47.635 E0.00141
G0 F7200 X44.187 Y48.975
G0 X44.18 Y52.665
G1 F1800 X44.461 Y52.947 E0.00662
G0 F7200 X44.439 Y52.957
;MESH:NONMESH
G0 F600 X44.439 Y52.957 Z19.6
G0 F7200 X46.153 Y54.847
G0 X47.193 Y55.699
G0 X48.377 Y56.331
G0 X49.663 Y56.722
G0 X50.746 Y56.829
G0 X52.376 Y56.773
G0 X52.287 Y56.477
;TIME_ELAPSED:1606.655193
;LAYER:193
;TYPE:WALL-INNER
;MESH:head.stl
G1 F3600 X51 Y56.599 E0.0215
G1 X49.708 Y56.476 E0.02158
G1 X48.469 Y56.097 E0.02155
G1 X47.334 Y55.494 E0.02137
G1 X46.328 Y54.666 E0.02167
G1 X45.505 Y53.661 E0.0216
G1 X44.899 Y52.53 E0.02134
G1 X44.523 Y51.288 E0.02158
G1 X44.4 Y50 E0.02152
G1 X44.523 Y48.708 E0.02158
G1 X44.899 Y47.466 E0.02158
G1 X45.505 Y46.335 E0.02134
G1 X46.326 Y45.332 E0.02156
G1 X47.335 Y44.505 E0.0217
G1 X48.471 Y43.898 E0.02142
G1 X49.708 Y43.524 E0.02149
G1 X51 Y43.396 E0.02159
G1 X52.288 Y43.524 E0.02153
G1 X53.525 Y43.898 E0.02149
G1 X54.665 Y44.508 E0.0215
G1 X55.143 Y44.9 E0.01028
G1 X56.4 Y44.9 E0.0209
G1 X56.4 Y42.316 E0.04297
G1 X56.275 Y42.1 E0.00415
G1 X43.6 Y42.1 E0.21079
G1 X43.601 Y57.899 E0.26274
G1 X56.271 Y57.9 E0.2107
G1 X56.4 Y57.687 E0.00414
G1 X56.4 Y55.1 E0.04302
G1 X55.143 Y55.1 E0.0209
G1 X54.663 Y55.494 E0.01033
G1 X53.527 Y56.097 E0.02139
G1 X52.287 Y56.477 E0.02157
G0 F7200 X52.192 Y56.084
;TYPE:WALL-OUTER
G1 F1800 X50.981 Y56.196 E0.02022
G1 X49.805 Y56.084 E0.01965
G1 X48.641 Y55.732 E0.02022
G1 X47.54 Y55.147 E0.02073
G1 X46.628 Y54.395 E0.01966
G1 X45.831 Y53.423 E0.0209
G1 X45.279 Y52.391 E0.01946
G1 X44.916 Y51.192 E0.02083
G1 X44.8 Y49.98 E0.02025
G1 X44.916 Y48.804 E0.01965
G1 X45.279 Y47.605 E0.02083
G1 X45.831 Y46.573 E0.01946
G1 X46.629 Y45.601 E0.02091
G1 X47.573 Y44.831 E0.02026
G1 X48.605 Y44.279 E0.01946
G1 X49.804 Y43.916 E0.02083
G1 X51.02 Y43.8 E0.02031
G1 X52.192 Y43.916 E0.01959
G1 X53.391 Y44.279 E0.02083
G1 X54.423 Y44.831 E0.01946
G1 X55 Y45.3 E0.01237
G1 X56.8 Y45.3 E0.02993
G1 X56.8 Y42.266 E0.05046
G1 X56.639 Y41.883 E0.00691
G1 X56.359 Y41.7 E0.00556
G1 X43.2 Y41.7 E0.21884
G1 X43.201 Y58.299 E0.27604
G1 X56.354 Y58.3 E0.21874
G1 X56.636 Y58.12 E0.00556
G1 X56.8 Y57.738 E0.00691
G1 X56.8 Y54.7 E0.05052
G1 X55 Y54.7 E0.02993
G1 X54.422 Y55.169 E0.01238
G1 X53.355 Y55.732 E0.02006
G1 X52.192 Y56.084 E0.02021
G0 F7200 X51.993 Y56.102
G0 X52.061 Y56.81
G0 X51 Y56.854
G0 X49.663 Y56.722
G0 X48.377 Y56.331
G0 X47.193 Y55.699
G0 X46.153 Y54.847
G0 X45.301 Y53.807
G0 X44.669 Y52.623
G0 X44.278 Y51.337
G0 X44.146 Y50
G0 X44.253 Y48.917
G0 X44.555 Y47.301
;TYPE:SKIN
G1 F1632.7 X44.309 Y47.972 E0.0131
G1 F1376.7 X44.063 Y48.642 E0.01552
G1 F1304.3 X44.05 Y48.584 E0.00136
G1 F1531.9 X43.981 Y47.254 E0.02602
G1 F1800 X43.98 Y42.48 E0.07939
G1 X48.179 Y42.48 E0.06983
G1 F1607.1 X49.509 Y42.528 E0.02479
G1 F1400.8 X49.617 Y42.546 E0.00234
G1 F1437.1 X50.955 Y42.514 E0.02788
G1 X52.375 Y42.546 E0.02958
G1 F1400.8 X52.483 Y42.528 E0.00234
G1 F1607.1 X53.813 Y42.48 E0.02479
G1 F1800 X56.02 Y42.48 E0.0367
G1 X56.02 Y44.52 E0.03393
G1 X55.274 Y44.52 E0.01241
G1 X54.787 Y44.139 E0.01028
G1 X53.691 Y43.555 E0.02065
G1 F1607.1 X52.397 Y43.106 E0.02551
G1 F1400.8 X52.35 Y43.078 E0.00117
G1 F1437.1 X51.023 Y42.982 E0.02771
G1 X49.642 Y43.078 E0.02883
G1 F1400.8 X49.595 Y43.106 E0.00117
G1 F1607.1 X48.301 Y43.555 E0.02551
G1 F1800 X47.138 Y44.175 E0.02192
G1 X46.073 Y45.045 E0.02287
G1 X45.175 Y46.137 E0.02351
G1 X44.555 Y47.301 E0.02193
G0 F7200 X44.063 Y48.642
G1 F1431.4 X44 Y49.98 E0.02801
G1 F1425.7 X44.065 Y51.34 E0.02859
G0 F7200 X45.301 Y53.807
G0 X46.153 Y54.847
G0 X47.193 Y55.699
G0 X48.377 Y56.331
G0 X52.488 Y57.469
G1 F1400.8 X52.376 Y57.45 E0.00243
G1 F1431.4 X51.043 Y57.48 E0.02788
G1 X49.616 Y57.45 E0.02985
G1 F1400.8 X49.504 Y57.469 E0.00243
G1 F1607.1 X48.186 Y57.516 E0.02456
G1 F1800 X43.98 Y57.516 E0.06995
G1 X43.98 Y52.733 E0.07954
G1 F1525.4 X44.052 Y51.394 E0.02631
G1 F1295 X44.065 Y51.34 E0.00128
G1 F1368.8 X44.308 Y52.016 E0.01571
G1 F1629 X44.551 Y52.691 E0.01318
G1 F1800 X45.175 Y53.855 E0.02196
G1 X46.045 Y54.923 E0.02291
G1 X47.101 Y55.795 E0.02277
G1 X48.31 Y56.441 E0.0228
G1 F1607.1 X49.591 Y56.889 E0.02528
G1 F1400.8 X49.64 Y56.918 E0.00122
G1 F1431.4 X50.979 Y57.008 E0.02806
G1 X52.352 Y56.918 E0.02877
G1 F1400.8 X52.401 Y56.889 E0.00122
G1 F1607.1 X53.682 Y56.441 E0.02528
G1 F1800 X54.79 Y55.853 E0.02086
G1 X55.273 Y55.48 E0.01015
G1 X56.02 Y55.48 E0.01242
G1 X56.02 Y57.516 E0.03386
G1 X53.806 Y57.516 E0.03682
G1 F1607.1 X52.488 Y57.469 E0.02456
G0 F7200 X55.255 Y57.316
G1 F1800 X55.82 Y56.752 E0.01328
G0 F7200 X55.82 Y56.186
G1 F1800 X54.69 Y57.316 E0.02658
G0 F7200 X54.124 Y57.316
G1 F1800 X55.76 Y55.68 E0.03848
G1 X55.83 Y55.61
G0 F7200 X54.797 Y56.078
G1 F1800 X53.575 Y57.3 E0.02874
G0 F7200 X53.046 Y57.262
G1 F1800 X53.638 Y56.671 E0.01391
G1 X53.708 Y56.601
G0 F7200 X52.711 Y57.032
G1 F1800 X52.518 Y57.225 E0.00454
G0 F7200 X49.307 Y57.042
G1 F1800 X49.097 Y57.252 E0.00494
G0 F7200 X48.899 Y56.884
G1 F1800 X48.488 Y57.295 E0.00967
G0 F7200 X48.492 Y56.726
G1 F1800 X47.901 Y57.317 E0.0139
G0 F7200 X47.335 Y57.317
G1 F1800 X48.097 Y56.554 E0.01793
G0 F7200 X47.728 Y56.359
G1 F1800 X46.769 Y57.317 E0.02254
G0 F7200 X46.204 Y57.317
G1 F1800 X47.358 Y56.163 E0.02714
G0 F7200 X46.991 Y55.964
G1 F1800 X45.638 Y57.317 E0.03182
G0 F7200 X45.072 Y57.317
G1 F1800 X46.68 Y55.709 E0.03782
G0 F7200 X46.37 Y55.453
G1 F1800 X44.507 Y57.317 E0.04383
G0 F7200 X44.18 Y57.078
G1 F1800 X46.06 Y55.198 E0.04421
G0 F7200 X45.778 Y54.914
G1 F1800 X44.18 Y56.512 E0.03758
G0 F7200 X44.18 Y55.946
G1 F1800 X45.524 Y54.603 E0.0316
G0 F7200 X45.269 Y54.292
G1 F1800 X44.18 Y55.381 E0.02561
G0 F7200 X44.18 Y54.815
G1 F1800 X45.015 Y53.98 E0.01964
G0 F7200 X44.817 Y53.612
G1 F1800 X44.18 Y54.249 E0.01498
G0 F7200 X44.18 Y53.684
G1 F1800 X44.62 Y53.244 E0.01035
G0 F7200 X44.423 Y52.875
G1 F1800 X44.18 Y53.118 E0.00571
G0 F7200 X44.18 Y52.552
G1 F1800 X44.271 Y52.462 E0.00213
G0 F7200 X44.17 Y50.468
G0 X44.181 Y47.46
G1 F1800 X44.343 Y47.298 E0.00381
G0 F7200 X44.181 Y46.895
G1 F1800 X44.958 Y46.118 E0.01827
G1 X45.028 Y46.048
G0 F7200 X44.181 Y46.329
G1 F1800 X47.83 Y42.68 E0.08582
G0 F7200 X48.381 Y42.694
G1 F1800 X47.115 Y43.961 E0.02979
G1 X47.045 Y44.031
G0 F7200 X47.264 Y42.68
G1 F1800 X44.181 Y45.763 E0.07251
G0 F7200 X44.181 Y45.198
G1 F1800 X46.699 Y42.68 E0.05922
G0 F7200 X46.133 Y42.68
G1 F1800 X44.181 Y44.632 E0.04591
G0 F7200 X44.181 Y44.066
G1 F1800 X45.567 Y42.68 E0.0326
G0 F7200 X45.002 Y42.68
G1 F1800 X44.181 Y43.501 E0.01931
G0 F7200 X44.181 Y42.935
G1 F1800 X44.436 Y42.68 E0.006
G0 F7200 X48.324 Y43.317
G1 F1800 X48.908 Y42.733 E0.01373
G0 F7200 X49.22 Y42.986
G1 F1800 X49.437 Y42.77 E0.00509
G0 F7200 X52.658 Y42.943
G1 F1800 X52.852 Y42.749 E0.00456
G0 F7200 X53.066 Y43.101
G1 F1800 X53.462 Y42.705 E0.00931
G0 F7200 X53.473 Y43.259
G1 F1800 X54.052 Y42.68 E0.01362
G0 F7200 X54.618 Y42.68
G1 F1800 X53.872 Y43.426 E0.01754
G0 F7200 X54.241 Y43.623
G1 F1800 X55.183 Y42.68 E0.02217
G0 F7200 X55.749 Y42.68
G1 F1800 X54.611 Y43.819 E0.02678
G0 F7200 X54.966 Y44.029
G1 F1800 X55.82 Y43.175 E0.02008
G0 F7200 X55.82 Y43.741
G1 F1800 X55.284 Y44.276 E0.01259
G0 F7200 X55.308 Y44.247
;MESH:NONMESH
G0 F600 X55.308 Y44.247 Z19.7
G0 F7200 X52.337 Y43.278
G0 X51 Y43.146
G0 X49.663 Y43.278
G0 X48.377 Y43.669
G0 X47.193 Y44.301
G0 X46.153 Y45.153
G0 X45.301 Y46.193
G0 X44.669 Y47.377
G0 X44.278 Y48.663
G0 X44.146 Y50
G0 X44.278 Y51.337
G0 X44.669 Y52.623
G0 X45.301 Y53.807
G0 X46.153 Y54.847
G0 X47.193 Y55.699
G0 X48.377 Y56.331
G0 X49.663 Y56.722
G0 X50.746 Y56.829
G0 X52.376 Y56.773
G0 X52.287 Y56.477
;TIME_ELAPSED:1617.370602
;LAYER:194
;TYPE:WALL-INNER
;MESH:head.stl
G1 F3600 X51 Y56.599 E0.0215
G1 X49.708 Y56.476 E0.02158
G1 X48.469 Y56.097 E0.02155
G1 X47.334 Y55.494 E0.02137
G1 X46.328 Y54.666 E0.02167
G1 X45.505 Y53.661 E0.0216
G1 X44.899 Y52.53 E0.02134
G1 X44.523 Y51.288 E0.02158
G1 X44.4 Y50 E0.02152
G1 X44.523 Y48.708 E0.02158
G1 X44.899 Y47.466 E0.02158
G1 X45.505 Y46.335 E0.02134
G1 X46.326 Y45.332 E0.02156
G1 X47.335 Y44.505 E0.0217
G1 X48.471 Y43.898 E0.02142
G1 X49.708 Y43.524 E0.02149
G1 X51 Y43.396 E0.02159
G1 X52.288 Y43.524 E0.02153
G1 X53.525 Y43.898 E0.02149
G1 X54.665 Y44.508 E0.0215
G1 X55.143 Y44.9 E0.01028
G1 X56.4 Y44.9 E0.0209
G1 X56.4 Y42.337 E0.04262
G1 X56.345 Y42.17 E0.00292
G1 X56.266 Y42.1 E0.00176
G1 X43.6 Y42.1 E0.21064
G1 X43.601 Y57.899 E0.26274
G1 X56.271 Y57.9 E0.2107
G1 X56.4 Y57.684 E0.00418
G1 X56.4 Y55.1 E0.04297
G1 X55.143 Y55.1 E0.0209
G1 X54.663 Y55.494 E0.01033
G1 X53.527 Y56.097 E0.02139
G1 X52.287 Y56.477 E0.02157
G0 F7200 X52.192 Y56.084
;TYPE:WALL-OUTER
G1 F1800 X50.981 Y56.196 E0.02022
G1 X49.805 Y56.084 E0.01965
G1 X48.641 Y55.732 E0.02022
G1 X47.54 Y55.147 E0.02073
G1 X46.628 Y54.395 E0.01966
G1 X45.831 Y53.423 E0.0209
G1 X45.279 Y52.391 E0.01946
G1 X44.916 Y51.192 E0.02083
G1 X44.8 Y49.98 E0.02025
G1 X44.916 Y48.804 E0.01965
G1 X45.279 Y47.605 E0.02083
G1 X45.831 Y46.573 E0.01946
G1 X46.629 Y45.601 E0.02091
G1 X47.573 Y44.831 E0.02026
G1 X48.605 Y44.279 E0.01946
G1 X49.804 Y43.916 E0.02083
G1 X51.02 Y43.8 E0.02031
G1 X52.192 Y43.916 E0.01959
G1 X53.391 Y44.279 E0.02083
G1 X54.423 Y44.831 E0.01946
G1 X55 Y45.3 E0.01237
G1 X56.8 Y45.3 E0.02993
G1 X56.8 Y42.273 E0.05034
G1 X56.701 Y41.974 E0.00524
G1 X56.56 Y41.8 E0.00372
G1 X56.36 Y41.7 E0.00372
G1 X43.2 Y41.7 E0.21885
G1 X43.201 Y58.299 E0.27604
G1 X56.354 Y58.3 E0.21874
G1 X56.636 Y58.12 E0.00556
G1 X56.756 Y57.905 E0.00409
G1 X56.8 Y57.734 E0.00294
G1 X56.8 Y54.7 E0.05046
G1 X55 Y54.7 E0.02993
G1 X54.422 Y55.169 E0.01238
G1 X53.355 Y55.732 E0.02006
G1 X52.192 Y56.084 E0.02021
G0 F7200 X51.993 Y56.102
G0 X52.061 Y56.81
G0 X51 Y56.854
G0 X49.663 Y56.722
G0 X48.377 Y56.331
G0 X47.193 Y55.699
G0 X46.153 Y54.847
G0 X45.301 Y53.807
G0 X44.669 Y52.623
G0 X44.278 Y51.337
G0 X44.146 Y50
G0 X44.253 Y48.917
G0 X44.555 Y47.301
;TYPE:SKIN
G1 F1632.7 X44.309 Y47.972 E0.0131
G1 F1376.7 X44.063 Y48.642 E0.01552
G1 F1304.3 X44.05 Y48.584 E0.00136
G1 F1531.9 X43.981 Y47.254 E0.02602
G1 F1800 X43.98 Y42.48 E0.07939
G1 X48.179 Y42.48 E0.06983
G1 F1607.1 X49.509 Y42.528 E0.02479
G1 F1400.8 X49.617 Y42.546 E0.00234
G1 F1437.1 X50.955 Y42.514 E0.02788
G1 X52.375 Y42.546 E0.02958
G1 F1400.8 X52.483 Y42.528 E0.00234
G1 F1607.1 X53.813 Y42.48 E0.02479
G1 F1800 X56.02 Y42.48 E0.0367
G1 X56.02 Y44.52 E0.03393
G1 X55.274 Y44.52 E0.01241
G1 X54.787 Y44.139 E0.01028
G1 X53.691 Y43.555 E0.02065
G1 F1607.1 X52.397 Y43.106 E0.02551
G1 F1400.8 X52.35 Y43.078 E0.00117
G1 F1437.1 X51.023 Y42.982 E0.02771
G1 X49.642 Y43.078 E0.02883
G1 F1400.8 X49.595 Y43.106 E0.00117
G1 F1607.1 X48.301 Y43.555 E0.02551
G1 F1800 X47.138 Y44.175 E0.02192
G1 X46.073 Y45.045 E0.02287
G1 X45.175 Y46.137 E0.02351
G1 X44.555 Y47.301 E0.02193
G0 F7200 X44.063 Y48.642
G1 F1431.4 X44 Y49.98 E0.02801
G1 F1425.7 X44.065 Y51.34 E0.02859
G0 F7200 X45.301 Y53.807
G0 X46.153 Y54.847
G0 X47.193 Y55.699
G0 X48.377 Y56.331
G0 X52.489 Y57.446
G1 F1411.8 X51 Y57.482 E0.03158
G1 F1428.6 X49.616 Y57.45 E0.02901
G1 F1398.1 X49.504 Y57.469 E0.00243
G1 F1607.1 X48.185 Y57.517 E0.02458
G1 F1800 X43.98 Y57.516 E0.06993
G1 X43.98 Y52.733 E0.07954
G1 F1525.4 X44.052 Y51.394 E0.02631
G1 F1295 X44.065 Y51.34 E0.00128
G1 F1368.8 X44.308 Y52.016 E0.01571
G1 F1629 X44.551 Y52.691 E0.01318
G1 F1800 X45.175 Y53.855 E0.02196
G1 X46.045 Y54.923 E0.02291
G1 X47.101 Y55.795 E0.02277
G1 X48.31 Y56.441 E0.0228
G1 F1607.1 X49.591 Y56.89 E0.02528
G1 F1398.1 X49.64 Y56.918 E0.00121
G1 F1428.6 X51 Y57.009 E0.02856
G1 F1411.8 X52.409 Y56.913 E0.02994
G1 F1525.4 X53.682 Y56.441 E0.02664
G1 F1800 X54.79 Y55.853 E0.02086
G1 X55.273 Y55.48 E0.01015
G1 X56.02 Y55.48 E0.01242
G1 X56.02 Y57.519 E0.03391
G1 X53.807 Y57.519 E0.0368
G1 F1525.4 X52.489 Y57.446 E0.0259
G0 F7200 X44.306 Y57.317
G1 F1800 X44.18 Y57.191 E0.00296
G0 F7200 X44.18 Y56.625
G1 F1800 X44.872 Y57.317 E0.01627
G0 F7200 X45.437 Y57.317
G1 F1800 X44.18 Y56.059 E0.02957
G0 F7200 X44.18 Y55.494
G1 F1800 X46.003 Y57.317 E0.04287
G0 F7200 X46.569 Y57.317
G1 F1800 X44.18 Y54.928 E0.05619
G0 F7200 X44.18 Y54.362
G1 F1800 X47.134 Y57.317 E0.06949
G0 F7200 X47.7 Y57.317
G1 F1800 X44.18 Y53.797 E0.08279
G0 F7200 X44.18 Y53.231
G1 F1800 X45.4 Y54.451 E0.02869
G1 X45.47 Y54.521
G0 F7200 X46.555 Y55.606
G1 F1800 X48.26 Y57.311 E0.0401
G0 F7200 X48.788 Y57.273
G1 F1800 X48.039 Y56.524 E0.01762
G1 X47.969 Y56.454
G0 F7200 X49.008 Y56.928
G1 F1800 X49.315 Y57.235 E0.00722
G0 F7200 X52.6 Y57.126
G1 F1800 X52.667 Y57.192 E0.00156
G0 F7200 X52.996 Y56.955
G1 F1800 X53.303 Y57.263 E0.00723
G0 F7200 X53.391 Y56.785
G1 F1800 X53.925 Y57.319 E0.01256
G0 F7200 X54.49 Y57.319
G1 F1800 X53.785 Y56.614 E0.01658
G0 F7200 X54.154 Y56.417
G1 F1800 X55.056 Y57.319 E0.02121
G0 F7200 X55.622 Y57.319
G1 F1800 X54.524 Y56.221 E0.02582
G0 F7200 X54.893 Y56.024
G1 F1800 X55.82 Y56.951 E0.0218
G0 F7200 X55.82 Y56.385
G1 F1800 X55.213 Y55.779 E0.01426
G0 F7200 X55.68 Y55.68
G1 F1800 X55.82 Y55.82 E0.00329
G0 F7200 X52.337 Y56.722
G0 X51 Y56.854
G0 X49.663 Y56.722
G0 X48.377 Y56.331
G0 X47.193 Y55.699
G0 X46.153 Y54.847
G0 X45.301 Y53.807
G0 X44.669 Y52.623
G0 X44.278 Y51.337
G0 X44.146 Y50
G0 X44.278 Y48.663
G0 X44.669 Y47.377
G0 X45.301 Y46.193
G0 X46.153 Y45.153
G0 X47.193 Y44.301
G0 X48.377 Y43.669
G0 X49.663 Y43.278
G0 X51 Y43.146
G0 X52.203 Y43.265
G0 X55.634 Y44.32
G1 F1800 X53.994 Y42.68 E0.03857
G0 F7200 X53.454 Y42.706
G1 F1800 X54.517 Y43.768 E0.02499
G1 X54.587 Y43.838
G0 F7200 X54.56 Y42.68
G1 F1800 X55.82 Y43.941 E0.02965
G0 F7200 X55.82 Y43.375
G1 F1800 X55.125 Y42.68 E0.01635
G0 F7200 X55.691 Y42.68
G1 F1800 X55.82 Y42.81 E0.00305
G0 F7200 X53.421 Y43.238
G1 F1800 X52.926 Y42.744 E0.01163
G0 F7200 X52.496 Y42.88
G1 F1800 X52.416 Y42.799 E0.00189
G0 F7200 X49.212 Y42.989
G1 F1800 X48.959 Y42.737 E0.00594
G0 F7200 X48.805 Y43.148
G1 F1800 X48.35 Y42.693 E0.0107
G0 F7200 X47.771 Y42.68
G1 F1800 X48.379 Y43.288 E0.0143
G0 F7200 X48.009 Y43.484
G1 F1800 X47.206 Y42.68 E0.0189
G0 F7200 X46.64 Y42.68
G1 F1800 X47.64 Y43.68 E0.02352
G0 F7200 X47.271 Y43.877
G1 F1800 X46.074 Y42.68 E0.02815
G0 F7200 X45.509 Y42.68
G1 F1800 X46.919 Y44.091 E0.03317
G0 F7200 X46.609 Y44.346
G1 F1800 X44.943 Y42.68 E0.03918
G0 F7200 X44.377 Y42.68
G1 F1800 X46.299 Y44.601 E0.04519
G0 F7200 X45.988 Y44.857
G1 F1800 X44.18 Y43.049 E0.04252
G0 F7200 X44.18 Y43.614
G1 F1800 X45.72 Y45.154 E0.03622
G0 F7200 X45.465 Y45.465
G1 F1800 X44.18 Y44.18 E0.03022
G0 F7200 X44.18 Y44.746
G1 F1800 X45.21 Y45.775 E0.02421
G0 F7200 X44.968 Y46.1
G1 F1800 X44.18 Y45.311 E0.01854
G0 F7200 X44.18 Y45.877
G1 F1800 X44.772 Y46.469 E0.01392
G0 F7200 X44.575 Y46.838
G1 F1800 X44.181 Y46.443 E0.00928
G0 F7200 X44.181 Y47.009
G1 F1800 X44.379 Y47.208 E0.00467
G0 F7200 X44.181 Y47.575
G1 F1800 X44.241 Y47.635 E0.00141
G0 F7200 X44.187 Y48.975
G0 X44.18 Y52.665
G1 F1800 X44.461 Y52.947 E0.00662
G0 F7200 X44.439 Y52.957
;MESH:NONMESH
G0 F600 X44.439 Y52.957 Z19.8
G0 F7200 X46.153 Y54.847
G0 X47.193 Y55.699
G0 X48.377 Y56.331
G0 X49.663 Y56.722
G0 X50.746 Y56.829
G0 X52.376 Y56.773
G0 X52.287 Y56.477
;TIME_ELAPSED:1628.279619
;LAYER:195
;TYPE:WALL-INNER
;MESH:head.stl
G1 F3600 X51 Y56.599 E0.0215
G1 X49.708 Y56.476 E0.02158
G1 X48.469 Y56.097 E0.02155
G1 X47.334 Y55.494 E0.02137
G1 X46.328 Y54.666 E0.02167
G1 X45.505 Y53.661 E0.0216
G1 X44.901 Y52.533 E0.02128
G1 X44.523 Y51.293 E0.02156
G1 X44.4 Y50 E0.0216
G1 X44.523 Y48.708 E0.02158
G1 X44.899 Y47.466 E0.02158
G1 X45.505 Y46.335 E0.02134
G1 X46.326 Y45.332 E0.02156
G1 X47.335 Y44.505 E0.0217
G1 X48.471 Y43.898 E0.02142
G1 X49.708 Y43.524 E0.02149
G1 X51 Y43.396 E0.02159
G1 X52.288 Y43.524 E0.02153
G1 X53.525 Y43.898 E0.02149
G1 X54.665 Y44.508 E0.0215
G1 X55.143 Y44.9 E0.01028
G1 X56.4 Y44.9 E0.0209
G1 X56.4 Y42.316 E0.04297
G1 X56.276 Y42.1 E0.00414
G1 X43.6 Y42.1 E0.2108
G1 X43.601 Y57.899 E0.26274
G1 X56.272 Y57.9 E0.21072
G1 X56.4 Y57.683 E0.00419
G1 X56.4 Y55.1 E0.04296
G1 X55.143 Y55.1 E0.0209
G1 X54.663 Y55.494 E0.01033
G1 X53.527 Y56.097 E0.02139
G1 X52.287 Y56.477 E0.02157
G0 F7200 X52.192 Y56.084
;TYPE:WALL-OUTER
G1 F1800 X50.981 Y56.196 E0.02022
G1 X49.805 Y56.084 E0.01965
G1 X48.641 Y55.732 E0.02022
G1 X47.54 Y55.147 E0.02073
G1 X46.628 Y54.395 E0.01966
G1 X45.831 Y53.423 E0.0209
G1 X45.264 Y52.355 E0.02011
G1 X44.916 Y51.2 E0.02006
G1 X44.8 Y49.98 E0.02038
G1 X44.916 Y48.804 E0.01965
G1 X45.279 Y47.605 E0.02083
G1 X45.831 Y46.573 E0.01946
G1 X46.629 Y45.601 E0.02091
G1 X47.573 Y44.831 E0.02026
G1 X48.605 Y44.279 E0.01946
G1 X49.804 Y43.916 E0.02083
G1 X51.02 Y43.8 E0.02031
G1 X52.192 Y43.916 E0.01959
G1 X53.391 Y44.279 E0.02083
G1 X54.423 Y44.831 E0.01946
G1 X55 Y45.3 E0.01237
G1 X56.8 Y45.3 E0.02993
G1 X56.8 Y42.266 E0.05046
G1 X56.639 Y41.879 E0.00697
G1 X56.356 Y41.7 E0.00557
G1 X43.2 Y41.7 E0.21879
G1 X43.201 Y58.299 E0.27604
G1 X56.354 Y58.3 E0.21874
G1 X56.635 Y58.12 E0.00555
G1 X56.8 Y57.734 E0.00698
G1 X56.8 Y54.7 E0.05046
G1 X55 Y54.7 E0.02993
G1 X54.422 Y55.169 E0.01238
G1 X53.355 Y55.732 E0.02006
G1 X52.192 Y56.084 E0.02021
G0 F7200 X51.993 Y56.102
G0 X52.061 Y56.81
G0 X51 Y56.854
G0 X49.663 Y56.722
G0 X48.377 Y56.331
G0 X47.193 Y55.699
G0 X46.153 Y54.847
G0 X45.301 Y53.807
G0 X44.669 Y52.623
G0 X44.279 Y51.343
G0 X44.146 Y50
G0 X44.253 Y48.917
G0 X44.555 Y47.301
;TYPE:SKIN
G1 F1632.7 X44.309 Y47.972 E0.0131
G1 F1376.7 X44.063 Y48.642 E0.01552
G1 F1304.3 X44.05 Y48.584 E0.00136
G1 F1531.9 X43.981 Y47.254 E0.02602
G1 F1800 X43.98 Y42.48 E0.07939
G1 X48.179 Y42.48 E0.06983
G1 F1607.1 X49.509 Y42.528 E0.02479
G1 F1400.8 X49.617 Y42.546 E0.00234
G1 F1437.1 X50.955 Y42.514 E0.02788
G1 X52.375 Y42.546 E0.02958
G1 F1400.8 X52.483 Y42.528 E0.00234
G1 F1607.1 X53.813 Y42.48 E0.02479
G1 F1800 X56.02 Y42.48 E0.0367
G1 X56.02 Y44.52 E0.03393
G1 X55.274 Y44.52 E0.01241
G1 X54.787 Y44.139 E0.01028
G1 X53.691 Y43.555 E0.02065
G1 F1607.1 X52.397 Y43.106 E0.02551
G1 F1400.8 X52.35 Y43.078 E0.00117
G1 F1437.1 X51.023 Y42.982 E0.02771
G1 X49.642 Y43.078 E0.02883
G1 F1400.8 X49.595 Y43.106 E0.00117
G1 F1607.1 X48.301 Y43.555 E0.02551
G1 F1800 X47.138 Y44.175 E0.02192
G1 X46.073 Y45.045 E0.02287
G1 X45.175 Y46.137 E0.02351
G1 X44.555 Y47.301 E0.02193
G0 F7200 X44.063 Y48.642
G1 F1431.4 X44 Y49.98 E0.02801
G1 F1425.7 X44.065 Y51.347 E0.02873
G0 F7200 X45.301 Y53.807
G0 X46.153 Y54.847
G0 X47.193 Y55.699
G0 X48.377 Y56.331
G0 X52.489 Y57.446
G1 F1411.8 X51 Y57.482 E0.03158
G1 F1428.6 X49.616 Y57.45 E0.02901
G1 F1398.1 X49.504 Y57.469 E0.00243
G1 F1607.1 X48.185 Y57.517 E0.02458
G1 F1800 X43.98 Y57.516 E0.06993
G1 X43.98 Y52.736 E0.07949
G1 F1525.4 X44.052 Y51.404 E0.02618
G1 F1295 X44.065 Y51.347 E0.00135
G1 F1368.8 X44.31 Y52.019 E0.01564
G1 F1629 X44.555 Y52.692 E0.01316
G1 F1800 X45.175 Y53.855 E0.02192
G1 X46.045 Y54.923 E0.02291
G1 X47.101 Y55.795 E0.02277
G1 X48.31 Y56.441 E0.0228
G1 F1607.1 X49.591 Y56.89 E0.02528
G1 F1398.1 X49.64 Y56.918 E0.00121
G1 F1428.6 X51 Y57.009 E0.02856
G1 F1411.8 X52.409 Y56.913 E0.02994
G1 F1525.4 X53.682 Y56.441 E0.02664
G1 F1800 X54.79 Y55.853 E0.02086
G1 X55.273 Y55.48 E0.01015
G1 X56.02 Y55.48 E0.01242
G1 X56.02 Y57.519 E0.03391
G1 X53.807 Y57.519 E0.0368
G1 F1525.4 X52.489 Y57.446 E0.0259
G0 F7200 X55.253 Y57.319
G1 F1800 X55.82 Y56.752 E0.01333
G0 F7200 X55.82 Y56.186
G1 F1800 X54.687 Y57.319 E0.02665
G0 F7200 X54.121 Y57.319
G1 F1800 X55.76 Y55.68 E0.03855
G1 X55.83 Y55.61
G0 F7200 X54.8 Y56.074
G1 F1800 X53.58 Y57.294 E0.02869
G0 F7200 X53.07 Y57.238
G1 F1800 X53.626 Y56.682 E0.01308
G0 F7200 X52.631 Y57.112
G1 F1800 X52.561 Y57.182 E0.00165
G0 F7200 X49.306 Y57.043
G1 F1800 X49.098 Y57.251 E0.00489
G0 F7200 X48.899 Y56.884
G1 F1800 X48.488 Y57.295 E0.00967
G0 F7200 X48.492 Y56.726
G1 F1800 X47.901 Y57.317 E0.0139
G0 F7200 X47.335 Y57.317
G1 F1800 X48.097 Y56.554 E0.01793
G0 F7200 X47.728 Y56.359
G1 F1800 X46.769 Y57.317 E0.02254
G0 F7200 X46.204 Y57.317
G1 F1800 X47.358 Y56.162 E0.02715
G0 F7200 X46.991 Y55.963
G1 F1800 X45.638 Y57.317 E0.03183
G0 F7200 X45.072 Y57.317
G1 F1800 X46.68 Y55.709 E0.03782
G0 F7200 X46.37 Y55.453
G1 F1800 X44.507 Y57.317 E0.04383
G0 F7200 X44.18 Y57.078
G1 F1800 X46.06 Y55.198 E0.04421
G0 F7200 X45.778 Y54.914
G1 F1800 X44.18 Y56.512 E0.03758
G0 F7200 X44.18 Y55.946
G1 F1800 X45.524 Y54.603 E0.0316
G0 F7200 X45.269 Y54.292
G1 F1800 X44.18 Y55.381 E0.02561
G0 F7200 X44.18 Y54.815
G1 F1800 X45.014 Y53.981 E0.01961
G0 F7200 X44.818 Y53.611
G1 F1800 X44.18 Y54.249 E0.015
G0 F7200 X44.179 Y53.684
G1 F1800 X44.621 Y53.242 E0.0104
G0 F7200 X44.425 Y52.873
G1 F1800 X44.179 Y53.119 E0.00579
G0 F7200 X44.179 Y52.553
G1 F1800 X44.273 Y52.46 E0.0022
G0 F7200 X44.17 Y50.467
G0 X44.181 Y47.46
G1 F1800 X44.343 Y47.298 E0.00381
G0 F7200 X44.181 Y46.895
G1 F1800 X44.958 Y46.118 E0.01827
G1 X45.028 Y46.048
G0 F7200 X44.181 Y46.329
G1 F1800 X47.83 Y42.68 E0.08582
G0 F7200 X48.381 Y42.694
G1 F1800 X47.115 Y43.961 E0.02979
G1 X47.045 Y44.031
G0 F7200 X47.264 Y42.68
G1 F1800 X44.181 Y45.763 E0.07251
G0 F7200 X44.181 Y45.198
G1 F1800 X46.699 Y42.68 E0.05922
G0 F7200 X46.133 Y42.68
G1 F1800 X44.181 Y44.632 E0.04591
G0 F7200 X44.181 Y44.066
G1 F1800 X45.567 Y42.68 E0.0326
G0 F7200 X45.002 Y42.68
G1 F1800 X44.181 Y43.501 E0.01931
G0 F7200 X44.181 Y42.935
G1 F1800 X44.436 Y42.68 E0.006
G0 F7200 X48.324 Y43.317
G1 F1800 X48.908 Y42.733 E0.01373
G0 F7200 X49.22 Y42.986
G1 F1800 X49.437 Y42.77 E0.00509
G0 F7200 X52.658 Y42.943
G1 F1800 X52.852 Y42.749 E0.00456
G0 F7200 X53.066 Y43.101
G1 F1800 X53.462 Y42.705 E0.00931
G0 F7200 X53.473 Y43.259
G1 F1800 X54.052 Y42.68 E0.01362
G0 F7200 X54.618 Y42.68
G1 F1800 X53.872 Y43.426 E0.01754
G0 F7200 X54.241 Y43.623
G1 F1800 X55.183 Y42.68 E0.02217
G0 F7200 X55.749 Y42.68
G1 F1800 X54.611 Y43.819 E0.02678
G0 F7200 X54.966 Y44.029
G1 F1800 X55.82 Y43.175 E0.02008
G0 F7200 X55.82 Y43.741
G1 F1800 X55.284 Y44.276 E0.01259
G0 F7200 X55.308 Y44.247
;MESH:NONMESH
G0 F600 X55.308 Y44.247 Z19.9
G0 F7200 X52.337 Y43.278
G0 X51 Y43.146
G0 X49.663 Y43.278
G0 X48.377 Y43.669
G0 X47.193 Y44.301
G0 X46.153 Y45.153
G0 X45.301 Y46.193
G0 X44.669 Y47.377
G0 X44.278 Y48.663
G0 X44.146 Y50
G0 X44.279 Y51.343
G0 X44.669 Y52.623
G0 X45.301 Y53.807
G0 X46.153 Y54.847
G0 X47.193 Y55.699
G0 X48.377 Y56.331
G0 X49.663 Y56.722
G0 X50.746 Y56.829
G0 X52.376 Y56.773
G0 X52.287 Y56.477
;TIME_ELAPSED:1638.991700
;LAYER:196
;TYPE:WALL-INNER
;MESH:head.stl
G1 F3600 X51 Y56.599 E0.0215
G1 X49.708 Y56.476 E0.02158
G1 X48.469 Y56.097 E0.02155
G1 X47.334 Y55.494 E0.02137
G1 X46.328 Y54.666 E0.02167
G1 X45.505 Y53.661 E0.0216
G1 X44.898 Y52.528 E0.02138
G1 X44.523 Y51.289 E0.02153
G1 X44.4 Y50 E0.02153
G1 X44.523 Y48.708 E0.02158
G1 X44.899 Y47.466 E0.02158
G1 X45.505 Y46.335 E0.02134
G1 X46.326 Y45.332 E0.02156
G1 X47.335 Y44.505 E0.0217
G1 X48.471 Y43.898 E0.02142
G1 X49.708 Y43.524 E0.02149
G1 X51 Y43.396 E0.02159
G1 X52.288 Y43.524 E0.02153
G1 X53.525 Y43.898 E0.02149
G1 X54.665 Y44.508 E0.0215
G1 X55.143 Y44.9 E0.01028
G1 X56.4 Y44.9 E0.0209
G1 X56.4 Y42.313 E0.04302
G1 X56.274 Y42.101 E0.0041
G1 X43.6 Y42.1 E0.21077
G1 X43.601 Y57.899 E0.26274
G1 X56.272 Y57.9 E0.21072
G1 X56.4 Y57.683 E0.00419
G1 X56.4 Y55.1 E0.04296
G1 X55.143 Y55.1 E0.0209
G1 X54.663 Y55.494 E0.01033
G1 X53.527 Y56.097 E0.02139
G1 X52.287 Y56.477 E0.02157
G0 F7200 X52.192 Y56.084
;TYPE:WALL-OUTER
G1 F1800 X50.981 Y56.196 E0.02022
G1 X49.805 Y56.084 E0.01965
G1 X48.641 Y55.732 E0.02022
G1 X47.54 Y55.147 E0.02073
G1 X46.628 Y54.395 E0.01966
G1 X45.831 Y53.423 E0.0209
G1 X45.264 Y52.355 E0.02011
G1 X44.916 Y51.196 E0.02012
G1 X44.8 Y49.98 E0.02031
G1 X44.916 Y48.804 E0.01965
G1 X45.279 Y47.605 E0.02083
G1 X45.831 Y46.573 E0.01946
G1 X46.629 Y45.601 E0.02091
G1 X47.573 Y44.831 E0.02026
G1 X48.605 Y44.279 E0.01946
G1 X49.804 Y43.916 E0.02083
G1 X51.02 Y43.8 E0.02031
G1 X52.192 Y43.916 E0.01959
G1 X53.391 Y44.279 E0.02083
G1 X54.423 Y44.831 E0.01946
G1 X55 Y45.3 E0.01237
G1 X56.8 Y45.3 E0.02993
G1 X56.8 Y42.262 E0.05052
G1 X56.635 Y41.879 E0.00694
G1 X56.356 Y41.701 E0.0055
G1 X43.2 Y41.7 E0.21879
G1 X43.201 Y58.299 E0.27604
G1 X56.354 Y58.3 E0.21874
G1 X56.635 Y58.12 E0.00555
G1 X56.8 Y57.734 E0.00698
G1 X56.8 Y54.7 E0.05046
G1 X55 Y54.7 E0.02993
G1 X54.422 Y55.169 E0.01238
G1 X53.355 Y55.732 E0.02006
G1 X52.192 Y56.084 E0.02021
G0 F7200 X51.993 Y56.102
G0 X52.061 Y56.81
G0 X51 Y56.854
G0 X49.663 Y56.722
G0 X48.377 Y56.331
G0 X47.193 Y55.699
G0 X46.153 Y54.847
G0 X45.301 Y53.807
G0 X44.669 Y52.623
G0 X44.279 Y51.34
G0 X44.146 Y50
G0 X44.253 Y48.917
G0 X44.555 Y47.301
;TYPE:SKIN
G1 F1632.7 X44.309 Y47.972 E0.0131
G1 F1376.7 X44.063 Y48.642 E0.01552
G1 F1304.3 X44.05 Y48.584 E0.00136
G1 F1531.9 X43.981 Y47.254 E0.02602
G1 F1800 X43.98 Y42.48 E0.07939
G1 X48.179 Y42.48 E0.06983
G1 F1607.1 X49.509 Y42.528 E0.02479
G1 F1400.8 X49.617 Y42.546 E0.00234
G1 F1437.1 X50.955 Y42.514 E0.02788
G1 X52.375 Y42.546 E0.02958
G1 F1400.8 X52.483 Y42.528 E0.00234
G1 F1607.1 X53.813 Y42.48 E0.02479
G1 F1800 X56.02 Y42.48 E0.0367
G1 X56.02 Y44.52 E0.03393
G1 X55.274 Y44.52 E0.01241
G1 X54.787 Y44.139 E0.01028
G1 X53.691 Y43.555 E0.02065
G1 F1607.1 X52.397 Y43.106 E0.02551
G1 F1400.8 X52.35 Y43.078 E0.00117
G1 F1437.1 X51.023 Y42.982 E0.02771
G1 X49.642 Y43.078 E0.02883
G1 F1400.8 X49.595 Y43.106 E0.00117
G1 F1607.1 X48.301 Y43.555 E0.02551
G1 F1800 X47.138 Y44.175 E0.02192
G1 X46.073 Y45.045 E0.02287
G1 X45.175 Y46.137 E0.02351
G1 X44.555 Y47.301 E0.02193
G0 F7200 X44.063 Y48.642
G1 F1431.4 X44 Y49.98 E0.02801
G1 F1425.7 X44.065 Y51.344 E0.02867
G0 F7200 X45.301 Y53.807
G0 X46.153 Y54.847
G0 X47.193 Y55.699
G0 X48.377 Y56.331
G0 X52.489 Y57.446
G1 F1411.8 X51 Y57.482 E0.03158
G1 F1428.6 X49.616 Y57.45 E0.02901
G1 F1398.1 X49.504 Y57.469 E0.00243
G1 F1607.1 X48.185 Y57.517 E0.02458
G1 F1800 X43.98 Y57.516 E0.06993
G1 X43.98 Y52.73 E0.07959
G1 F1525.4 X44.052 Y51.399 E0.02616
G1 F1295 X44.065 Y51.344 E0.00131
G1 F1368.8 X44.308 Y52.016 E0.01563
G1 F1629 X44.551 Y52.687 E0.01311
G1 F1800 X45.175 Y53.855 E0.02202
G1 X46.045 Y54.923 E0.02291
G1 X47.101 Y55.795 E0.02277
G1 X48.31 Y56.441 E0.0228
G1 F1607.1 X49.591 Y56.89 E0.02528
G1 F1398.1 X49.64 Y56.918 E0.00121
G1 F1428.6 X51 Y57.009 E0.02856
G1 F1411.8 X52.409 Y56.913 E0.02994
G1 F1525.4 X53.682 Y56.441 E0.02664
G1 F1800 X54.79 Y55.853 E0.02086
G1 X55.273 Y55.48 E0.01015
G1 X56.02 Y55.48 E0.01242
G1 X56.02 Y57.519 E0.03391
G1 X53.807 Y57.519 E0.0368
G1 F1525.4 X52.489 Y57.446 E0.0259
G0 F7200 X44.306 Y57.317
G1 F1800 X44.18 Y57.191 E0.00296
G0 F7200 X44.18 Y56.625
G1 F1800 X44.872 Y57.317 E0.01627
G0 F7200 X45.437 Y57.317
G1 F1800 X44.18 Y56.059 E0.02957
G0 F7200 X44.18 Y55.494
G1 F1800 X46.003 Y57.317 E0.04287
G0 F7200 X46.569 Y57.317
G1 F1800 X44.18 Y54.928 E0.05619
G0 F7200 X44.18 Y54.362
G1 F1800 X47.134 Y57.317 E0.06949
G0 F7200 X47.7 Y57.317
G1 F1800 X44.18 Y53.797 E0.08279
G0 F7200 X44.18 Y53.231
G1 F1800 X45.396 Y54.447 E0.0286
G1 X45.466 Y54.517
G0 F7200 X46.555 Y55.606
G1 F1800 X48.26 Y57.311 E0.0401
G0 F7200 X48.788 Y57.273
G1 F1800 X48.039 Y56.524 E0.01762
G1 X47.969 Y56.454
G0 F7200 X49.008 Y56.928
G1 F1800 X49.315 Y57.235 E0.00722
G0 F7200 X52.6 Y57.126
G1 F1800 X52.667 Y57.192 E0.00156
G0 F7200 X52.996 Y56.955
G1 F1800 X53.303 Y57.263 E0.00723
G0 F7200 X53.391 Y56.785
G1 F1800 X53.925 Y57.319 E0.01256
G0 F7200 X54.49 Y57.319
G1 F1800 X53.785 Y56.614 E0.01658
G0 F7200 X54.154 Y56.417
G1 F1800 X55.056 Y57.319 E0.02121
G0 F7200 X55.622 Y57.319
G1 F1800 X54.524 Y56.221 E0.02582
G0 F7200 X54.893 Y56.024
G1 F1800 X55.82 Y56.951 E0.0218
G0 F7200 X55.82 Y56.385
G1 F1800 X55.213 Y55.779 E0.01426
G0 F7200 X55.68 Y55.68
G1 F1800 X55.82 Y55.82 E0.00329
G0 F7200 X52.337 Y56.722
G0 X51 Y56.854
G0 X49.663 Y56.722
G0 X48.377 Y56.331
G0 X47.193 Y55.699
G0 X46.153 Y54.847
G0 X45.301 Y53.807
G0 X44.669 Y52.623
G0 X44.279 Y51.34
G0 X44.146 Y50
G0 X44.278 Y48.663
G0 X44.669 Y47.377
G0 X45.301 Y46.193
G0 X46.153 Y45.153
G0 X47.193 Y44.301
G0 X48.377 Y43.669
G0 X49.663 Y43.278
G0 X51 Y43.146
G0 X52.203 Y43.265
G0 X55.634 Y44.32
G1 F1800 X53.994 Y42.68 E0.03857
G0 F7200 X53.454 Y42.706
G1 F1800 X54.517 Y43.768 E0.02499
G1 X54.587 Y43.838
G0 F7200 X54.56 Y42.68
G1 F1800 X55.82 Y43.941 E0.02965
G0 F7200 X55.82 Y43.375
G1 F1800 X55.125 Y42.68 E0.01635
G0 F7200 X55.691 Y42.68
G1 F1800 X55.82 Y42.81 E0.00305
G0 F7200 X53.421 Y43.238
G1 F1800 X52.926 Y42.744 E0.01163
G0 F7200 X52.496 Y42.88
G1 F1800 X52.416 Y42.799 E0.00189
G0 F7200 X49.212 Y42.989
G1 F1800 X48.959 Y42.737 E0.00594
G0 F7200 X48.805 Y43.148
G1 F1800 X48.35 Y42.693 E0.0107
G0 F7200 X47.771 Y42.68
G1 F1800 X48.379 Y43.288 E0.0143
G0 F7200 X48.009 Y43.484
G1 F1800 X47.206 Y42.68 E0.0189
G0 F7200 X46.64 Y42.68
G1 F1800 X47.64 Y43.68 E0.02352
G0 F7200 X47.271 Y43.877
G1 F1800 X46.074 Y42.68 E0.02815
G0 F7200 X45.509 Y42.68
G1 F1800 X46.919 Y44.091 E0.03317
G0 F7200 X46.609 Y44.346
G1 F1800 X44.943 Y42.68 E0.03918
G0 F7200 X44.377 Y42.68
G1 F1800 X46.299 Y44.601 E0.04519
G0 F7200 X45.988 Y44.857
G1 F1800 X44.18 Y43.049 E0.04252
G0 F7200 X44.18 Y43.614
G1 F1800 X45.72 Y45.154 E0.03622
G0 F7200 X45.465 Y45.465
G1 F1800 X44.18 Y44.18 E0.03022
G0 F7200 X44.18 Y44.746
G1 F1800 X45.21 Y45.775 E0.02421
G0 F7200 X44.968 Y46.1
G1 F1800 X44.18 Y45.311 E0.01854
G0 F7200 X44.18 Y45.877
G1 F1800 X44.772 Y46.469 E0.01392
G0 F7200 X44.575 Y46.838
G1 F1800 X44.181 Y46.443 E0.00928
G0 F7200 X44.181 Y47.009
G1 F1800 X44.379 Y47.208 E0.00467
G0 F7200 X44.181 Y47.575
G1 F1800 X44.241 Y47.635 E0.00141
G0 F7200 X44.187 Y48.975
G0 X44.18 Y52.665
G1 F1800 X44.465 Y52.95 E0.0067
G0 F7200 X44.441 Y52.961
;MESH:NONMESH
G0 F600 X44.441 Y52.961 Z20
G0 F7200 X46.153 Y54.847
G0 X47.193 Y55.699
G0 X48.377 Y56.331
G0 X49.663 Y56.722
G0 X50.746 Y56.829
G0 X52.376 Y56.773
G0 X52.287 Y56.477
;TIME_ELAPSED:1649.903259
;LAYER:197
;TYPE:WALL-INNER
;MESH:head.stl
G1 F3600 X51 Y56.599 E0.0215
G1 X49.708 Y56.476 E0.02158
G1 X48.469 Y56.097 E0.02155
G1 X47.334 Y55.494 E0.02137
G1 X46.328 Y54.666 E0.02167
G1 X45.505 Y53.661 E0.0216
G1 X44.899 Y52.53 E0.02134
G1 X44.523 Y51.288 E0.02158
G1 X44.4 Y50 E0.02152
G1 X44.523 Y48.708 E0.02158
G1 X44.899 Y47.466 E0.02158
G1 X45.505 Y46.335 E0.02134
G1 X46.326 Y45.332 E0.02156
G1 X47.335 Y44.505 E0.0217
G1 X48.471 Y43.898 E0.02142
G1 X49.708 Y43.524 E0.02149
G1 X51 Y43.396 E0.02159
G1 X52.288 Y43.524 E0.02153
G1 X53.525 Y43.898 E0.02149
G1 X54.665 Y44.508 E0.0215
G1 X55.143 Y44.9 E0.01028
G1 X56.4 Y44.9 E0.0209
G1 X56.4 Y42.313 E0.04302
G1 X56.274 Y42.101 E0.0041
G1 X43.6 Y42.1 E0.21077
G1 X43.601 Y57.899 E0.26274
G1 X56.272 Y57.9 E0.21072
G1 X56.4 Y57.683 E0.00419
G1 X56.4 Y55.1 E0.04296
G1 X55.143 Y55.1 E0.0209
G1 X54.661 Y55.495 E0.01036
G1 X53.535 Y56.096 E0.02123
G1 X52.287 Y56.477 E0.0217
G0 F7200 X52.192 Y56.084
;TYPE:WALL-OUTER
G1 F1800 X50.981 Y56.196 E0.02022
G1 X49.805 Y56.084 E0.01965
G1 X48.641 Y55.732 E0.02022
G1 X47.54 Y55.147 E0.02073
G1 X46.628 Y54.395 E0.01966
G1 X45.831 Y53.423 E0.0209
G1 X45.279 Y52.391 E0.01946
G1 X44.916 Y51.192 E0.02083
G1 X44.8 Y49.98 E0.02025
G1 X44.916 Y48.804 E0.01965
G1 X45.279 Y47.605 E0.02083
G1 X45.831 Y46.573 E0.01946
G1 X46.629 Y45.601 E0.02091
G1 X47.573 Y44.831 E0.02026
G1 X48.605 Y44.279 E0.01946
G1 X49.804 Y43.916 E0.02083
G1 X51.02 Y43.8 E0.02031
G1 X52.192 Y43.916 E0.01959
G1 X53.391 Y44.279 E0.02083
G1 X54.423 Y44.831 E0.01946
G1 X55 Y45.3 E0.01237
G1 X56.8 Y45.3 E0.02993
G1 X56.8 Y42.262 E0.05052
G1 X56.635 Y41.879 E0.00694
G1 X56.356 Y41.701 E0.0055
G1 X43.2 Y41.7 E0.21879
G1 X43.201 Y58.299 E0.27604
G1 X56.354 Y58.3 E0.21874
G1 X56.635 Y58.12 E0.00555
G1 X56.8 Y57.734 E0.00698
G1 X56.8 Y54.7 E0.05046
G1 X55 Y54.7 E0.02993
G1 X54.423 Y55.169 E0.01237
G1 X53.359 Y55.732 E0.02002
G1 X52.192 Y56.084 E0.02027
G0 F7200 X51.993 Y56.102
G0 X52.061 Y56.81
G0 X51 Y56.854
G0 X49.663 Y56.722
G0 X48.377 Y56.331
G0 X47.193 Y55.699
G0 X46.153 Y54.847
G0 X45.301 Y53.807
G0 X44.669 Y52.623
G0 X44.278 Y51.338
G0 X44.146 Y50
G0 X44.253 Y48.917
G0 X44.555 Y47.301
;TYPE:SKIN
G1 F1632.7 X44.309 Y47.972 E0.0131
G1 F1376.7 X44.063 Y48.642 E0.01552
G1 F1304.3 X44.05 Y48.584 E0.00136
G1 F1531.9 X43.981 Y47.254 E0.02602
G1 F1800 X43.98 Y42.48 E0.07939
G1 X48.179 Y42.48 E0.06983
G1 F1607.1 X49.509 Y42.528 E0.02479
G1 F1400.8 X49.617 Y42.546 E0.00234
G1 F1437.1 X50.955 Y42.514 E0.02788
G1 X52.375 Y42.546 E0.02958
G1 F1400.8 X52.483 Y42.528 E0.00234
G1 F1607.1 X53.813 Y42.48 E0.02479
G1 F1800 X56.02 Y42.48 E0.0367
G1 X56.02 Y44.52 E0.03393
G1 X55.274 Y44.52 E0.01241
G1 X54.787 Y44.139 E0.01028
G1 X53.691 Y43.555 E0.02065
G1 F1607.1 X52.397 Y43.106 E0.02551
G1 F1400.8 X52.35 Y43.078 E0.00117
G1 F1437.1 X51.023 Y42.982 E0.02771
G1 X49.642 Y43.078 E0.02883
G1 F1400.8 X49.595 Y43.106 E0.00117
G1 F1607.1 X48.301 Y43.555 E0.02551
G1 F1800 X47.138 Y44.175 E0.02192
G1 X46.073 Y45.045 E0.02287
G1 X45.175 Y46.137 E0.02351
G1 X44.555 Y47.301 E0.02193
G0 F7200 X44.063 Y48.642
G1 F1431.4 X44 Y49.98 E0.02801
G1 F1425.7 X44.065 Y51.34 E0.02859
G0 F7200 X45.301 Y53.807
G0 X46.153 Y54.847
G0 X47.193 Y55.699
G0 X48.377 Y56.331
G0 X52.488 Y57.47
G1 F1398.1 X52.376 Y57.451 E0.00243
G1 F1428.6 X51 Y57.482 E0.02884
G1 X49.616 Y57.45 E0.02901
G1 F1398.1 X49.504 Y57.469 E0.00243
G1 F1607.1 X48.185 Y57.517 E0.02458
G1 F1800 X43.98 Y57.516 E0.06993
G1 X43.98 Y52.733 E0.07954
G1 F1525.4 X44.052 Y51.394 E0.02631
G1 F1295 X44.065 Y51.34 E0.00128
G1 F1368.8 X44.308 Y52.016 E0.01571
G1 F1629 X44.551 Y52.691 E0.01318
G1 F1800 X45.175 Y53.855 E0.02196
G1 X46.045 Y54.923 E0.02291
G1 X47.101 Y55.795 E0.02277
G1 X48.31 Y56.441 E0.0228
G1 F1607.1 X49.591 Y56.89 E0.02528
G1 F1398.1 X49.64 Y56.918 E0.00121
G1 F1428.6 X51 Y57.009 E0.02856
G1 X52.352 Y56.918 E0.02839
G1 F1398.1 X52.401 Y56.889 E0.00122
G1 F1607.1 X53.69 Y56.441 E0.02542
G1 F1800 X54.786 Y55.861 E0.02062
G1 X55.274 Y55.48 E0.0103
G1 X56.02 Y55.48 E0.01241
G1 X56.02 Y57.52 E0.03393
G1 X53.814 Y57.519 E0.03669
G1 F1607.1 X52.488 Y57.47 E0.02471
G0 F7200 X55.82 Y56.752
G1 F1800 X55.251 Y57.32 E0.01337
G0 F7200 X54.686 Y57.319
G1 F1800 X55.82 Y56.186 E0.02666
G0 F7200 X55.76 Y55.68
G1 F1800 X54.121 Y57.319 E0.03855
G0 F7200 X53.573 Y57.302
G1 F1800 X54.787 Y56.087 E0.02856
G1 X54.857 Y56.017
G0 F7200 X53.633 Y56.676
G1 F1800 X53.046 Y57.263 E0.01381
G0 F7200 X52.708 Y57.035
G1 F1800 X52.518 Y57.225 E0.00447
G0 F7200 X49.306 Y57.043
G1 F1800 X49.098 Y57.251 E0.00489
G0 F7200 X48.899 Y56.884
G1 F1800 X48.488 Y57.295 E0.00967
G0 F7200 X48.492 Y56.726
G1 F1800 X47.901 Y57.317 E0.0139
G0 F7200 X47.335 Y57.317
G1 F1800 X48.097 Y56.554 E0.01793
G0 F7200 X47.728 Y56.359
G1 F1800 X46.769 Y57.317 E0.02254
G0 F7200 X46.204 Y57.317
G1 F1800 X47.358 Y56.162 E0.02715
G0 F7200 X46.991 Y55.963
G1 F1800 X45.638 Y57.317 E0.03183
G0 F7200 X45.072 Y57.317
G1 F1800 X46.68 Y55.709 E0.03782
G0 F7200 X46.37 Y55.453
G1 F1800 X44.507 Y57.317 E0.04383
G0 F7200 X44.18 Y57.078
G1 F1800 X46.06 Y55.198 E0.04421
G0 F7200 X45.778 Y54.914
G1 F1800 X44.18 Y56.512 E0.03758
G0 F7200 X44.18 Y55.946
G1 F1800 X45.524 Y54.603 E0.0316
G0 F7200 X45.269 Y54.292
G1 F1800 X44.18 Y55.381 E0.02561
G0 F7200 X44.18 Y54.815
G1 F1800 X45.015 Y53.98 E0.01964
G0 F7200 X44.817 Y53.612
G1 F1800 X44.18 Y54.249 E0.01498
G0 F7200 X44.18 Y53.684
G1 F1800 X44.62 Y53.244 E0.01035
G0 F7200 X44.423 Y52.875
G1 F1800 X44.18 Y53.118 E0.00571
G0 F7200 X44.18 Y52.552
G1 F1800 X44.271 Y52.462 E0.00213
G0 F7200 X44.17 Y50.468
G0 X44.181 Y47.46
G1 F1800 X44.343 Y47.298 E0.00381
G0 F7200 X44.181 Y46.895
G1 F1800 X44.958 Y46.118 E0.01827
G1 X45.028 Y46.048
G0 F7200 X44.181 Y46.329
G1 F1800 X47.83 Y42.68 E0.08582
G0 F7200 X48.381 Y42.694
G1 F1800 X47.115 Y43.961 E0.02979
G1 X47.045 Y44.031
G0 F7200 X47.264 Y42.68
G1 F1800 X44.181 Y45.763 E0.07251
G0 F7200 X44.181 Y45.198
G1 F1800 X46.699 Y42.68 E0.05922
G0 F7200 X46.133 Y42.68
G1 F1800 X44.181 Y44.632 E0.04591
G0 F7200 X44.181 Y44.066
G1 F1800 X45.567 Y42.68 E0.0326
G0 F7200 X45.002 Y42.68
G1 F1800 X44.181 Y43.501 E0.01931
G0 F7200 X44.181 Y42.935
G1 F1800 X44.436 Y42.68 E0.006
G0 F7200 X48.297 Y43.344
G1 F1800 X48.908 Y42.733 E0.01437
G0 F7200 X49.22 Y42.986
G1 F1800 X49.437 Y42.77 E0.00509
G0 F7200 X52.658 Y42.943
G1 F1800 X52.852 Y42.749 E0.00456
G0 F7200 X53.066 Y43.101
G1 F1800 X53.462 Y42.705 E0.00931
G0 F7200 X53.474 Y43.259
G1 F1800 X54.052 Y42.68 E0.01361
G0 F7200 X54.618 Y42.68
G1 F1800 X53.872 Y43.426 E0.01754
G0 F7200 X54.241 Y43.622
G1 F1800 X55.183 Y42.68 E0.02215
G0 F7200 X55.749 Y42.68
G1 F1800 X54.611 Y43.819 E0.02678
G0 F7200 X54.966 Y44.029
G1 F1800 X55.82 Y43.175 E0.02008
G0 F7200 X55.82 Y43.741
G1 F1800 X55.284 Y44.276 E0.01259
G0 F7200 X55.308 Y44.247
;TIME_ELAPSED:1660.291418
G1 F1500 E-6.5
M82 ;absolute extrusion mode
M107
M104 S0
M140 S0
;Retract the filament
G92 E1
G1 E-1 F300
G28 X0 Y0
M84
M83 ;relative extrusion mode
M104 S0
;End of Gcode
;SETTING_3 {"global_quality": "[general]\\nversion = 4\\nname = Fine #2\\ndefini
;SETTING_3 tion = custom\\n\\n[metadata]\\ntype = quality_changes\\nquality_type
;SETTING_3  = normal\\nsetting_version = 25\\n\\n[values]\\nadhesion_type = none
;SETTING_3 \\n\\n", "extruder_quality": ["[general]\\nversion = 4\\nname = Fine 
;SETTING_3 #2\\ndefinition = fdmprinter\\n\\n[metadata]\\ntype = quality_changes
;SETTING_3 \\nquality_type = normal\\nsetting_version = 25\\nposition = 0\\n\\n[
;SETTING_3 values]\\n\\n"]}
