;FLAVOR:RepRap
;TIME:1409
;Filament used: 0.661567m
;Layer height: 0.1
;MINX:43.2
;MINY:41.7
;MINZ:0.3
;MAXX:56.8
;MAXY:58.3
;MAXZ:20
;TARGET_MACHINE.NAME:Unknown
;Generated with Cura_SteamEngine 5.11.0
T0
M104 S200
M109 S200
G28 ;Home
G1 Z15.0 F6000 ;Move the platform down 15mm
;Prime the extruder
G92 E0
G1 F200 E3
G92 E0
M82 ;absolute extrusion mode
M83 ;relative extrusion mode
G1 F1500 E-6.5
;LAYER_COUNT:198
;LAYER:0
M107
;MESH:hold.stl
G0 F3600 X52.288 Y56.477 Z0.3
;TYPE:WALL-INNER
G1 F1500 E6.5
G1 F1800 X51 Y56.599 E0.06455
G1 X49.708 Y56.476 E0.06475
G1 X48.469 Y56.097 E0.06464
G1 X47.334 Y55.494 E0.06412
G1 X46.328 Y54.666 E0.065
G1 X45.505 Y53.661 E0.06481
G1 X44.898 Y52.528 E0.06413
G1 X44.523 Y51.289 E0.06458
G1 X44.4 Y50 E0.0646
G1 X44.523 Y48.708 E0.06475
G1 X44.899 Y47.466 E0.06474
G1 X45.505 Y46.335 E0.06402
G1 X46.326 Y45.332 E0.06467
G1 X47.335 Y44.505 E0.06509
G1 X48.471 Y43.898 E0.06426
G1 X49.708 Y43.524 E0.06447
G1 X51 Y43.396 E0.06477
G1 X52.288 Y43.524 E0.06458
G1 X53.525 Y43.898 E0.06447
G1 X54.665 Y44.508 E0.06451
G1 X55.143 Y44.9 E0.03084
G1 X56.4 Y44.9 E0.06271
G1 X56.4 Y42.313 E0.12907
G1 X56.274 Y42.101 E0.0123
G1 X43.6 Y42.1 E0.63231
G1 X43.601 Y57.899 E0.78822
G1 X56.272 Y57.9 E0.63216
G1 X56.4 Y57.683 E0.01257
G1 X56.4 Y55.1 E0.12887
G1 X55.143 Y55.1 E0.06271
G1 X54.671 Y55.488 E0.03048
G1 X53.529 Y56.096 E0.06455
G1 X52.288 Y56.477 E0.06477
G0 F3600 X52.192 Y56.084
;TYPE:WALL-OUTER
G1 F1800 X50.981 Y56.196 E0.06067
G1 X49.805 Y56.084 E0.05894
G1 X48.641 Y55.732 E0.06067
G1 X47.54 Y55.147 E0.0622
G1 X46.628 Y54.395 E0.05897
G1 X45.831 Y53.423 E0.06271
G1 X45.264 Y52.355 E0.06033
G1 X44.916 Y51.196 E0.06037
G1 X44.8 Y49.98 E0.06094
G1 X44.916 Y48.804 E0.05896
G1 X45.279 Y47.605 E0.0625
G1 X45.831 Y46.573 E0.05839
G1 X46.629 Y45.601 E0.06274
G1 X47.573 Y44.831 E0.06078
G1 X48.605 Y44.279 E0.05839
G1 X49.804 Y43.916 E0.0625
G1 X51.02 Y43.8 E0.06094
G1 X52.192 Y43.916 E0.05876
G1 X53.391 Y44.279 E0.0625
G1 X54.423 Y44.831 E0.05839
G1 X55 Y45.3 E0.0371
G1 X56.8 Y45.3 E0.0898
G1 X56.8 Y42.262 E0.15157
G1 X56.635 Y41.879 E0.02081
G1 X56.356 Y41.701 E0.01651
G1 X43.2 Y41.7 E0.65636
G1 X43.201 Y58.299 E0.82813
G1 X56.354 Y58.3 E0.65621
G1 X56.635 Y58.12 E0.01665
G1 X56.8 Y57.734 E0.02094
G1 X56.8 Y54.7 E0.15137
G1 X55 Y54.7 E0.0898
G1 X54.426 Y55.165 E0.03685
G1 X53.355 Y55.732 E0.06046
G1 X52.192 Y56.084 E0.06062
G0 F3600 X51.993 Y56.102
G0 X52.061 Y56.81
G0 X51 Y56.854
G0 X49.663 Y56.722
G0 X48.377 Y56.331
G0 X47.193 Y55.699
G0 X46.153 Y54.847
G0 X45.301 Y53.807
G0 X44.669 Y52.623
G0 X44.279 Y51.341
G0 X44.146 Y50
G0 X44.253 Y48.917
G0 X44.555 Y47.301
;TYPE:SKIN
G1 F1632.7 X44.309 Y47.972 E0.03931
G1 F1376.7 X44.063 Y48.642 E0.04656
G1 F1304.3 X44.05 Y48.584 E0.00409
G1 F1531.9 X43.981 Y47.254 E0.07807
G1 F1800 X43.98 Y42.48 E0.23818
G1 X48.179 Y42.48 E0.20949
G1 F1607.1 X49.509 Y42.528 E0.07436
G1 F1400.8 X49.617 Y42.546 E0.00702
G1 F1437.1 X50.955 Y42.514 E0.08363
G1 X52.375 Y42.546 E0.08875
G1 F1400.8 X52.483 Y42.528 E0.00702
G1 F1607.1 X53.813 Y42.48 E0.07436
G1 F1800 X56.02 Y42.48 E0.11011
G1 X56.02 Y44.52 E0.10178
G1 X55.274 Y44.52 E0.03722
G1 X54.787 Y44.139 E0.03085
G1 X53.691 Y43.555 E0.06196
G1 F1607.1 X52.397 Y43.106 E0.07653
G1 F1400.8 X52.35 Y43.078 E0.00351
G1 F1437.1 X51.023 Y42.982 E0.08314
G1 X49.642 Y43.078 E0.0865
G1 F1400.8 X49.595 Y43.106 E0.00351
G1 F1607.1 X48.301 Y43.555 E0.07653
G1 F1800 X47.138 Y44.175 E0.06575
G1 X46.073 Y45.045 E0.06861
G1 X45.175 Y46.137 E0.07054
G1 X44.555 Y47.301 E0.0658
G0 F3600 X44.063 Y48.642
G1 F1431.4 X44 Y49.98 E0.08404
G1 F1425.7 X44.065 Y51.344 E0.08601
G0 F3600 X45.301 Y53.807
G0 X46.153 Y54.847
G0 X47.193 Y55.699
G0 X48.377 Y56.331
G0 X52.488 Y57.47
G1 F1398.1 X52.376 Y57.451 E0.0073
G1 F1428.6 X51 Y57.482 E0.08652
G1 X49.616 Y57.45 E0.08702
G1 F1398.1 X49.504 Y57.469 E0.0073
G1 F1607.1 X48.185 Y57.517 E0.07375
G1 F1800 X43.98 Y57.516 E0.20979
G1 X43.98 Y52.73 E0.23877
G1 F1525.4 X44.052 Y51.399 E0.07847
G1 F1295 X44.065 Y51.344 E0.00392
G1 F1368.8 X44.308 Y52.016 E0.04688
G1 F1629 X44.551 Y52.687 E0.03934
G1 F1800 X45.175 Y53.855 E0.06607
G1 X46.045 Y54.923 E0.06872
G1 X47.101 Y55.795 E0.06832
G1 X48.31 Y56.441 E0.06839
G1 F1607.1 X49.591 Y56.89 E0.07585
G1 F1398.1 X49.64 Y56.918 E0.00363
G1 F1428.6 X51 Y57.009 E0.08568
G1 X52.352 Y56.918 E0.08518
G1 F1398.1 X52.401 Y56.889 E0.00366
G1 F1607.1 X53.691 Y56.441 E0.0763
G1 F1800 X54.791 Y55.853 E0.06223
G1 X55.273 Y55.48 E0.03041
G1 X56.02 Y55.48 E0.03727
G1 X56.02 Y57.52 E0.10178
G1 X53.814 Y57.519 E0.11006
G1 F1607.1 X52.488 Y57.47 E0.07414
G0 F3600 X44.306 Y57.317
G1 F1800 X44.18 Y57.191 E0.00889
G0 F3600 X44.18 Y56.625
G1 F1800 X44.872 Y57.317 E0.04882
G0 F3600 X45.437 Y57.317
G1 F1800 X44.18 Y56.059 E0.08872
G0 F3600 X44.18 Y55.494
G1 F1800 X46.003 Y57.317 E0.12862
G0 F3600 X46.569 Y57.317
G1 F1800 X44.18 Y54.928 E0.16856
G0 F3600 X44.18 Y54.362
G1 F1800 X47.134 Y57.317 E0.20846
G0 F3600 X47.7 Y57.317
G1 F1800 X44.18 Y53.797 E0.24836
G0 F3600 X44.18 Y53.231
G1 F1800 X45.396 Y54.447 E0.0858
G1 X45.466 Y54.517
G0 F3600 X46.555 Y55.606
G1 F1800 X48.26 Y57.311 E0.1203
G0 F3600 X48.788 Y57.273
G1 F1800 X48.039 Y56.524 E0.05285
G1 X47.969 Y56.454
G0 F3600 X49.008 Y56.928
G1 F1800 X49.315 Y57.235 E0.02166
G0 F3600 X52.566 Y57.091
G1 F1800 X52.713 Y57.238 E0.01037
G0 F3600 X52.973 Y56.933
G1 F1800 X53.323 Y57.283 E0.02469
G0 F3600 X53.38 Y56.774
G1 F1800 X53.925 Y57.319 E0.03845
G0 F3600 X54.49 Y57.319
G1 F1800 X53.787 Y56.616 E0.0496
G0 F3600 X54.157 Y56.419
G1 F1800 X55.057 Y57.319 E0.0635
G0 F3600 X55.622 Y57.319
G1 F1800 X54.525 Y56.222 E0.0774
G0 F3600 X54.893 Y56.024
G1 F1800 X55.82 Y56.951 E0.0654
G0 F3600 X55.82 Y56.385
G1 F1800 X55.213 Y55.779 E0.04279
G0 F3600 X55.68 Y55.68
G1 F1800 X55.82 Y55.82 E0.00988
G0 F3600 X52.337 Y56.722
G0 X51 Y56.854
G0 X49.663 Y56.722
G0 X48.377 Y56.331
G0 X47.193 Y55.699
G0 X46.153 Y54.847
G0 X45.301 Y53.807
G0 X44.669 Y52.623
G0 X44.279 Y51.341
G0 X44.146 Y50
G0 X44.278 Y48.663
G0 X44.669 Y47.377
G0 X45.301 Y46.193
G0 X46.153 Y45.153
G0 X47.193 Y44.301
G0 X48.377 Y43.669
G0 X49.663 Y43.278
G0 X51 Y43.146
G0 X52.203 Y43.265
G0 X55.634 Y44.32
G1 F1800 X53.994 Y42.68 E0.11571
G0 F3600 X53.454 Y42.706
G1 F1800 X54.516 Y43.768 E0.07493
G1 X54.586 Y43.838
G0 F3600 X54.56 Y42.68
G1 F1800 X55.82 Y43.941 E0.08894
G0 F3600 X55.82 Y43.375
G1 F1800 X55.125 Y42.68 E0.04904
G0 F3600 X55.691 Y42.68
G1 F1800 X55.82 Y42.81 E0.00914
G0 F3600 X53.42 Y43.237
G1 F1800 X52.926 Y42.744 E0.03482
G0 F3600 X52.496 Y42.88
G1 F1800 X52.416 Y42.799 E0.00568
G0 F3600 X49.212 Y42.989
G1 F1800 X48.959 Y42.737 E0.01782
G0 F3600 X48.804 Y43.147
G1 F1800 X48.35 Y42.693 E0.03203
G0 F3600 X47.771 Y42.68
G1 F1800 X48.397 Y43.305 E0.04413
G0 F3600 X48.009 Y43.484
G1 F1800 X47.206 Y42.68 E0.05669
G0 F3600 X46.64 Y42.68
G1 F1800 X47.64 Y43.68 E0.07056
G0 F3600 X47.271 Y43.877
G1 F1800 X46.074 Y42.68 E0.08445
G0 F3600 X45.509 Y42.68
G1 F1800 X46.919 Y44.091 E0.09952
G0 F3600 X46.609 Y44.346
G1 F1800 X44.943 Y42.68 E0.11755
G0 F3600 X44.377 Y42.68
G1 F1800 X46.299 Y44.601 E0.13557
G0 F3600 X45.988 Y44.857
G1 F1800 X44.18 Y43.049 E0.12756
G0 F3600 X44.18 Y43.614
G1 F1800 X45.72 Y45.154 E0.10866
G0 F3600 X45.465 Y45.465
G1 F1800 X44.18 Y44.18 E0.09066
G0 F3600 X44.18 Y44.746
G1 F1800 X45.21 Y45.775 E0.07264
G0 F3600 X44.968 Y46.1
G1 F1800 X44.18 Y45.311 E0.05563
G0 F3600 X44.18 Y45.877
G1 F1800 X44.772 Y46.469 E0.04177
G0 F3600 X44.575 Y46.838
G1 F1800 X44.18 Y46.443 E0.02787
G0 F3600 X44.18 Y47.008
G1 F1800 X44.379 Y47.208 E0.01408
G0 F3600 X44.18 Y47.574
G1 F1800 X44.241 Y47.635 E0.0043
G0 F3600 X44.187 Y48.975
G0 X44.18 Y52.665
G1 F1800 X44.465 Y52.95 E0.02011
G0 F3600 X44.441 Y52.961
;MESH:NONMESH
G0 F600 X44.441 Y52.961 Z0.4
G0 F3600 X46.153 Y54.847
G0 X47.193 Y55.699
G0 X48.377 Y56.331
G0 X49.663 Y56.722
G0 X50.746 Y56.829
G0 X52.376 Y56.773
G0 X52.287 Y56.477
;TIME_ELAPSED:15.889171
;LAYER:1
M106 S255
;TYPE:WALL-INNER
;MESH:hold.stl
G1 F2700 X51 Y56.599 E0.0215
G1 X49.708 Y56.476 E0.02158
G1 X48.469 Y56.097 E0.02155
G1 X47.334 Y55.494 E0.02137
G1 X46.328 Y54.666 E0.02167
G1 X45.505 Y53.661 E0.0216
G1 X44.899 Y52.53 E0.02134
G1 X44.523 Y51.288 E0.02158
G1 X44.4 Y50 E0.02152
G1 X44.523 Y48.708 E0.02158
G1 X44.899 Y47.466 E0.02158
G1 X45.505 Y46.335 E0.02134
G1 X46.326 Y45.332 E0.02156
G1 X47.335 Y44.505 E0.0217
G1 X48.471 Y43.898 E0.02142
G1 X49.708 Y43.524 E0.02149
G1 X51 Y43.396 E0.02159
G1 X52.288 Y43.524 E0.02153
G1 X53.525 Y43.898 E0.02149
G1 X54.665 Y44.508 E0.0215
G1 X55.143 Y44.9 E0.01028
G1 X56.4 Y44.9 E0.0209
G1 X56.4 Y42.335 E0.04266
G1 X56.346 Y42.176 E0.00279
G1 X56.255 Y42.1 E0.00197
G1 X43.6 Y42.1 E0.21045
G1 X43.601 Y57.899 E0.26274
G1 X56.272 Y57.9 E0.21072
G1 X56.4 Y57.683 E0.00419
G1 X56.4 Y55.1 E0.04296
G1 X55.143 Y55.1 E0.0209
G1 X54.663 Y55.494 E0.01033
G1 X53.527 Y56.097 E0.02139
G1 X52.287 Y56.477 E0.02157
G0 F5400 X52.192 Y56.084
;TYPE:WALL-OUTER
G1 F1800 X50.981 Y56.196 E0.02022
G1 X49.805 Y56.084 E0.01965
G1 X48.641 Y55.732 E0.02022
G1 X47.54 Y55.147 E0.02073
G1 X46.628 Y54.395 E0.01966
G1 X45.831 Y53.423 E0.0209
G1 X45.279 Y52.391 E0.01946
G1 X44.916 Y51.192 E0.02083
G1 X44.8 Y49.98 E0.02025
G1 X44.916 Y48.804 E0.01965
G1 X45.279 Y47.605 E0.02083
G1 X45.831 Y46.573 E0.01946
G1 X46.629 Y45.601 E0.02091
G1 X47.573 Y44.831 E0.02026
G1 X48.605 Y44.279 E0.01946
G1 X49.804 Y43.916 E0.02083
G1 X51.02 Y43.8 E0.02031
G1 X52.192 Y43.916 E0.01959
G1 X53.391 Y44.279 E0.02083
G1 X54.423 Y44.831 E0.01946
G1 X55 Y45.3 E0.01237
G1 X56.8 Y45.3 E0.02993
G1 X56.8 Y42.269 E0.05041
G1 X56.702 Y41.979 E0.00509
G1 X56.557 Y41.802 E0.00381
G1 X56.346 Y41.7 E0.0039
G1 X43.2 Y41.7 E0.21862
G1 X43.201 Y58.299 E0.27604
G1 X56.354 Y58.3 E0.21874
G1 X56.635 Y58.12 E0.00555
G1 X56.8 Y57.734 E0.00698
G1 X56.8 Y54.7 E0.05046
G1 X55 Y54.7 E0.02993
G1 X54.422 Y55.169 E0.01238
G1 X53.355 Y55.732 E0.02006
G1 X52.192 Y56.084 E0.02021
G0 F5400 X51.993 Y56.102
G0 X52.061 Y56.81
G0 X51 Y56.854
G0 X49.663 Y56.722
G0 X48.377 Y56.331
G0 X47.193 Y55.699
G0 X46.153 Y54.847
G0 X45.301 Y53.807
G0 X44.669 Y52.623
G0 X44.278 Y51.337
G0 X44.146 Y50
G0 X44.253 Y48.917
G0 X44.555 Y47.301
;TYPE:SKIN
G1 F1632.7 X44.309 Y47.972 E0.0131
G1 F1376.7 X44.063 Y48.642 E0.01552
G1 F1304.3 X44.05 Y48.584 E0.00136
G1 F1531.9 X43.981 Y47.254 E0.02602
G1 F1800 X43.98 Y42.48 E0.07939
G1 X48.179 Y42.48 E0.06983
G1 F1607.1 X49.509 Y42.528 E0.02479
G1 F1400.8 X49.617 Y42.546 E0.00234
G1 F1437.1 X50.955 Y42.514 E0.02788
G1 X52.375 Y42.546 E0.02958
G1 F1400.8 X52.483 Y42.528 E0.00234
G1 F1607.1 X53.813 Y42.48 E0.02479
G1 F1800 X56.02 Y42.48 E0.0367
G1 X56.02 Y44.52 E0.03393
G1 X55.274 Y44.52 E0.01241
G1 X54.787 Y44.139 E0.01028
G1 X53.691 Y43.555 E0.02065
G1 F1607.1 X52.397 Y43.106 E0.02551
G1 F1400.8 X52.35 Y43.078 E0.00117
G1 F1437.1 X51.023 Y42.982 E0.02771
G1 X49.642 Y43.078 E0.02883
G1 F1400.8 X49.595 Y43.106 E0.00117
G1 F1607.1 X48.301 Y43.555 E0.02551
G1 F1800 X47.138 Y44.175 E0.02192
G1 X46.073 Y45.045 E0.02287
G1 X45.175 Y46.137 E0.02351
G1 X44.555 Y47.301 E0.02193
G0 F5400 X44.063 Y48.642
G1 F1431.4 X44 Y49.98 E0.02801
G1 F1425.7 X44.065 Y51.34 E0.02859
G0 F5400 X45.301 Y53.807
G0 X46.153 Y54.847
G0 X47.193 Y55.699
G0 X48.377 Y56.331
G0 X52.489 Y57.446
G1 F1411.8 X51 Y57.482 E0.03158
G1 F1428.6 X49.616 Y57.45 E0.02901
G1 F1398.1 X49.504 Y57.469 E0.00243
G1 F1607.1 X48.185 Y57.517 E0.02458
G1 F1800 X43.98 Y57.516 E0.06993
G1 X43.98 Y52.733 E0.07954
G1 F1525.4 X44.052 Y51.394 E0.02631
G1 F1295 X44.065 Y51.34 E0.00128
G1 F1368.8 X44.308 Y52.016 E0.01571
G1 F1629 X44.551 Y52.691 E0.01318
G1 F1800 X45.175 Y53.855 E0.02196
G1 X46.045 Y54.923 E0.02291
G1 X47.101 Y55.795 E0.02277
G1 X48.31 Y56.441 E0.0228
G1 F1607.1 X49.591 Y56.89 E0.02528
G1 F1398.1 X49.64 Y56.918 E0.00121
G1 F1428.6 X51 Y57.009 E0.02856
G1 F1411.8 X52.409 Y56.913 E0.02994
G1 F1525.4 X53.682 Y56.441 E0.02664
G1 F1800 X54.79 Y55.853 E0.02086
G1 X55.273 Y55.48 E0.01015
G1 X56.02 Y55.48 E0.01242
G1 X56.02 Y57.519 E0.03391
G1 X53.807 Y57.519 E0.0368
G1 F1525.4 X52.489 Y57.446 E0.0259
G0 F5400 X55.253 Y57.319
G1 F1800 X55.82 Y56.752 E0.01333
G0 F5400 X55.82 Y56.186
G1 F1800 X54.687 Y57.319 E0.02665
G0 F5400 X54.121 Y57.319
G1 F1800 X55.76 Y55.68 E0.03855
G1 X55.83 Y55.61
G0 F5400 X54.8 Y56.074
G1 F1800 X53.58 Y57.294 E0.02869
G0 F5400 X53.07 Y57.238
G1 F1800 X53.626 Y56.682 E0.01308
G0 F5400 X52.631 Y57.112
G1 F1800 X52.561 Y57.182 E0.00165
G0 F5400 X49.306 Y57.043
G1 F1800 X49.098 Y57.251 E0.00489
G0 F5400 X48.899 Y56.884
G1 F1800 X48.488 Y57.295 E0.00967
G0 F5400 X48.492 Y56.726
G1 F1800 X47.901 Y57.317 E0.0139
G0 F5400 X47.335 Y57.317
G1 F1800 X48.097 Y56.554 E0.01793
G0 F5400 X47.728 Y56.359
G1 F1800 X46.769 Y57.317 E0.02254
G0 F5400 X46.204 Y57.317
G1 F1800 X47.358 Y56.162 E0.02715
G0 F5400 X46.991 Y55.963
G1 F1800 X45.638 Y57.317 E0.03183
G0 F5400 X45.072 Y57.317
G1 F1800 X46.68 Y55.709 E0.03782
G0 F5400 X46.37 Y55.453
G1 F1800 X44.507 Y57.317 E0.04383
G0 F5400 X44.18 Y57.078
G1 F1800 X46.06 Y55.198 E0.04421
G0 F5400 X45.778 Y54.914
G1 F1800 X44.18 Y56.512 E0.03758
G0 F5400 X44.18 Y55.946
G1 F1800 X45.524 Y54.603 E0.0316
G0 F5400 X45.269 Y54.292
G1 F1800 X44.18 Y55.381 E0.02561
G0 F5400 X44.18 Y54.815
G1 F1800 X45.015 Y53.98 E0.01964
G0 F5400 X44.817 Y53.612
G1 F1800 X44.18 Y54.249 E0.01498
G0 F5400 X44.18 Y53.684
G1 F1800 X44.62 Y53.244 E0.01035
G0 F5400 X44.423 Y52.875
G1 F1800 X44.18 Y53.118 E0.00571
G0 F5400 X44.18 Y52.552
G1 F1800 X44.271 Y52.462 E0.00213
G0 F5400 X44.17 Y50.468
G0 X44.181 Y47.46
G1 F1800 X44.343 Y47.298 E0.00381
G0 F5400 X44.181 Y46.895
G1 F1800 X44.958 Y46.118 E0.01827
G1 X45.028 Y46.048
G0 F5400 X44.181 Y46.329
G1 F1800 X47.83 Y42.68 E0.08582
G0 F5400 X48.381 Y42.694
G1 F1800 X47.115 Y43.961 E0.02979
G1 X47.045 Y44.031
G0 F5400 X47.264 Y42.68
G1 F1800 X44.181 Y45.763 E0.07251
G0 F5400 X44.181 Y45.198
G1 F1800 X46.699 Y42.68 E0.05922
G0 F5400 X46.133 Y42.68
G1 F1800 X44.181 Y44.632 E0.04591
G0 F5400 X44.181 Y44.066
G1 F1800 X45.567 Y42.68 E0.0326
G0 F5400 X45.002 Y42.68
G1 F1800 X44.181 Y43.501 E0.01931
G0 F5400 X44.181 Y42.935
G1 F1800 X44.436 Y42.68 E0.006
G0 F5400 X48.324 Y43.317
G1 F1800 X48.908 Y42.733 E0.01373
G0 F5400 X49.22 Y42.986
G1 F1800 X49.437 Y42.77 E0.00509
G0 F5400 X52.658 Y42.943
G1 F1800 X52.852 Y42.749 E0.00456
G0 F5400 X53.066 Y43.101
G1 F1800 X53.462 Y42.705 E0.00931
G0 F5400 X53.473 Y43.259
G1 F1800 X54.052 Y42.68 E0.01362
G0 F5400 X54.618 Y42.68
G1 F1800 X53.872 Y43.426 E0.01754
G0 F5400 X54.241 Y43.623
G1 F1800 X55.183 Y42.68 E0.02217
G0 F5400 X55.749 Y42.68
G1 F1800 X54.611 Y43.819 E0.02678
G0 F5400 X54.966 Y44.029
G1 F1800 X55.82 Y43.175 E0.02008
G0 F5400 X55.82 Y43.741
G1 F1800 X55.284 Y44.276 E0.01259
G0 F5400 X55.308 Y44.247
;MESH:NONMESH
G0 F600 X55.308 Y44.247 Z0.5
G0 F5400 X52.337 Y43.278
G0 X51 Y43.146
G0 X49.663 Y43.278
G0 X48.377 Y43.669
G0 X47.193 Y44.301
G0 X46.153 Y45.153
G0 X45.301 Y46.193
G0 X44.669 Y47.377
G0 X44.278 Y48.663
G0 X44.146 Y50
G0 X44.278 Y51.337
G0 X44.669 Y52.623
G0 X45.301 Y53.807
G0 X46.153 Y54.847
G0 X47.193 Y55.699
G0 X48.377 Y56.331
G0 X49.663 Y56.722
G0 X50.746 Y56.829
G0 X52.376 Y56.773
G0 X52.287 Y56.477
;TIME_ELAPSED:27.092940
;LAYER:2
;TYPE:WALL-INNER
;MESH:hold.stl
G1 F3600 X51 Y56.599 E0.0215
G1 X49.708 Y56.476 E0.02158
G1 X48.469 Y56.097 E0.02155
G1 X47.334 Y55.494 E0.02137
G1 X46.328 Y54.666 E0.02167
G1 X45.505 Y53.661 E0.0216
G1 X44.899 Y52.53 E0.02134
G1 X44.523 Y51.288 E0.02158
G1 X44.4 Y50 E0.02152
G1 X44.523 Y48.708 E0.02158
G1 X44.899 Y47.466 E0.02158
G1 X45.505 Y46.335 E0.02134
G1 X46.326 Y45.332 E0.02156
G1 X47.335 Y44.505 E0.0217
G1 X48.471 Y43.898 E0.02142
G1 X49.708 Y43.524 E0.02149
G1 X51 Y43.396 E0.02159
G1 X52.288 Y43.524 E0.02153
G1 X53.525 Y43.898 E0.02149
G1 X54.665 Y44.508 E0.0215
G1 X55.143 Y44.9 E0.01028
G1 X56.4 Y44.9 E0.0209
G1 X56.4 Y42.313 E0.04302
G1 X56.274 Y42.101 E0.0041
G1 X43.6 Y42.1 E0.21077
G1 X43.601 Y57.899 E0.26274
G1 X56.272 Y57.9 E0.21072
G1 X56.4 Y57.683 E0.00419
G1 X56.4 Y55.1 E0.04296
G1 X55.143 Y55.1 E0.0209
G1 X54.663 Y55.494 E0.01033
G1 X53.527 Y56.097 E0.02139
G1 X52.287 Y56.477 E0.02157
G0 F7200 X52.192 Y56.084
;TYPE:WALL-OUTER
G1 F1800 X50.981 Y56.196 E0.02022
G1 X49.805 Y56.084 E0.01965
G1 X48.641 Y55.732 E0.02022
G1 X47.54 Y55.147 E0.02073
G1 X46.628 Y54.395 E0.01966
G1 X45.831 Y53.423 E0.0209
G1 X45.279 Y52.391 E0.01946
G1 X44.916 Y51.192 E0.02083
G1 X44.8 Y49.98 E0.02025
G1 X44.916 Y48.804 E0.01965
G1 X45.279 Y47.605 E0.02083
G1 X45.831 Y46.573 E0.01946
G1 X46.629 Y45.601 E0.02091
G1 X47.573 Y44.831 E0.02026
G1 X48.605 Y44.279 E0.01946
G1 X49.804 Y43.916 E0.02083
G1 X51.02 Y43.8 E0.02031
G1 X52.192 Y43.916 E0.01959
G1 X53.391 Y44.279 E0.02083
G1 X54.423 Y44.831 E0.01946
G1 X55 Y45.3 E0.01237
G1 X56.8 Y45.3 E0.02993
G1 X56.8 Y42.262 E0.05052
G1 X56.635 Y41.879 E0.00694
G1 X56.356 Y41.701 E0.0055
G1 X43.2 Y41.7 E0.21879
G1 X43.201 Y58.299 E0.27604
G1 X56.354 Y58.3 E0.21874
G1 X56.635 Y58.12 E0.00555
G1 X56.8 Y57.734 E0.00698
G1 X56.8 Y54.7 E0.05046
G1 X55 Y54.7 E0.02993
G1 X54.422 Y55.169 E0.01238
G1 X53.355 Y55.732 E0.02006
G1 X52.192 Y56.084 E0.02021
G0 F7200 X51.993 Y56.102
G0 X52.061 Y56.81
G0 X51 Y56.854
G0 X49.663 Y56.722
G0 X48.377 Y56.331
G0 X47.193 Y55.699
G0 X46.153 Y54.847
G0 X45.301 Y53.807
G0 X44.669 Y52.623
G0 X44.278 Y51.337
G0 X44.146 Y50
G0 X44.253 Y48.917
G0 X44.555 Y47.301
;TYPE:SKIN
G1 F1632.7 X44.309 Y47.972 E0.0131
G1 F1376.7 X44.063 Y48.642 E0.01552
G1 F1304.3 X44.05 Y48.584 E0.00136
G1 F1531.9 X43.981 Y47.254 E0.02602
G1 F1800 X43.98 Y42.48 E0.07939
G1 X48.179 Y42.48 E0.06983
G1 F1607.1 X49.509 Y42.528 E0.02479
G1 F1400.8 X49.617 Y42.546 E0.00234
G1 F1437.1 X50.955 Y42.514 E0.02788
G1 X52.375 Y42.546 E0.02958
G1 F1400.8 X52.483 Y42.528 E0.00234
G1 F1607.1 X53.813 Y42.48 E0.02479
G1 F1800 X56.02 Y42.48 E0.0367
G1 X56.02 Y44.52 E0.03393
G1 X55.274 Y44.52 E0.01241
G1 X54.787 Y44.139 E0.01028
G1 X53.691 Y43.555 E0.02065
G1 F1607.1 X52.397 Y43.106 E0.02551
G1 F1400.8 X52.35 Y43.078 E0.00117
G1 F1437.1 X51.023 Y42.982 E0.02771
G1 X49.642 Y43.078 E0.02883
G1 F1400.8 X49.595 Y43.106 E0.00117
G1 F1607.1 X48.301 Y43.555 E0.02551
G1 F1800 X47.138 Y44.175 E0.02192
G1 X46.073 Y45.045 E0.02287
G1 X45.175 Y46.137 E0.02351
G1 X44.555 Y47.301 E0.02193
G0 F7200 X44.063 Y48.642
G1 F1431.4 X44 Y49.98 E0.02801
G1 F1425.7 X44.065 Y51.34 E0.02859
G0 F7200 X45.301 Y53.807
G0 X46.153 Y54.847
G0 X47.193 Y55.699
G0 X48.377 Y56.331
G0 X52.489 Y57.446
G1 F1411.8 X51 Y57.482 E0.03158
G1 F1428.6 X49.616 Y57.45 E0.02901
G1 F1398.1 X49.504 Y57.469 E0.00243
G1 F1607.1 X48.185 Y57.517 E0.02458
G1 F1800 X43.98 Y57.516 E0.06993
G1 X43.98 Y52.733 E0.07954
G1 F1525.4 X44.052 Y51.394 E0.02631
G1 F1295 X44.065 Y51.34 E0.00128
G1 F1368.8 X44.308 Y52.016 E0.01571
G1 F1629 X44.551 Y52.691 E0.01318
G1 F1800 X45.175 Y53.855 E0.02196
G1 X46.045 Y54.923 E0.02291
G1 X47.101 Y55.795 E0.02277
G1 X48.31 Y56.441 E0.0228
G1 F1607.1 X49.591 Y56.89 E0.02528
G1 F1398.1 X49.64 Y56.918 E0.00121
G1 F1428.6 X51 Y57.009 E0.02856
G1 F1411.8 X52.409 Y56.913 E0.02994
G1 F1525.4 X53.682 Y56.441 E0.02664
G1 F1800 X54.79 Y55.853 E0.02086
G1 X55.273 Y55.48 E0.01015
G1 X56.02 Y55.48 E0.01242
G1 X56.02 Y57.519 E0.03391
G1 X53.807 Y57.519 E0.0368
G1 F1525.4 X52.489 Y57.446 E0.0259
G0 F7200 X44.306 Y57.317
G1 F1800 X44.18 Y57.191 E0.00296
G0 F7200 X44.18 Y56.625
G1 F1800 X44.872 Y57.317 E0.01627
G0 F7200 X45.437 Y57.317
G1 F1800 X44.18 Y56.059 E0.02957
G0 F7200 X44.18 Y55.494
G1 F1800 X46.003 Y57.317 E0.04287
G0 F7200 X46.569 Y57.317
G1 F1800 X44.18 Y54.928 E0.05619
G0 F7200 X44.18 Y54.362
G1 F1800 X47.134 Y57.317 E0.06949
G0 F7200 X47.7 Y57.317
G1 F1800 X44.18 Y53.797 E0.08279
G0 F7200 X44.18 Y53.231
G1 F1800 X45.4 Y54.451 E0.02869
G1 X45.47 Y54.521
G0 F7200 X46.555 Y55.606
G1 F1800 X48.26 Y57.311 E0.0401
G0 F7200 X48.788 Y57.273
G1 F1800 X48.039 Y56.524 E0.01762
G1 X47.969 Y56.454
G0 F7200 X49.008 Y56.928
G1 F1800 X49.315 Y57.235 E0.00722
G0 F7200 X52.6 Y57.126
G1 F1800 X52.667 Y57.192 E0.00156
G0 F7200 X52.996 Y56.955
G1 F1800 X53.303 Y57.263 E0.00723
G0 F7200 X53.391 Y56.785
G1 F1800 X53.925 Y57.319 E0.01256
G0 F7200 X54.49 Y57.319
G1 F1800 X53.785 Y56.614 E0.01658
G0 F7200 X54.154 Y56.417
G1 F1800 X55.056 Y57.319 E0.02121
G0 F7200 X55.622 Y57.319
G1 F1800 X54.524 Y56.221 E0.02582
G0 F7200 X54.893 Y56.024
G1 F1800 X55.82 Y56.951 E0.0218
G0 F7200 X55.82 Y56.385
G1 F1800 X55.213 Y55.779 E0.01426
G0 F7200 X55.68 Y55.68
G1 F1800 X55.82 Y55.82 E0.00329
G0 F7200 X52.337 Y56.722
G0 X51 Y56.854
G0 X49.663 Y56.722
G0 X48.377 Y56.331
G0 X47.193 Y55.699
G0 X46.153 Y54.847
G0 X45.301 Y53.807
G0 X44.669 Y52.623
G0 X44.278 Y51.337
G0 X44.146 Y50
G0 X44.278 Y48.663
G0 X44.669 Y47.377
G0 X45.301 Y46.193
G0 X46.153 Y45.153
G0 X47.193 Y44.301
G0 X48.377 Y43.669
G0 X49.663 Y43.278
G0 X51 Y43.146
G0 X52.203 Y43.265
G0 X55.634 Y44.32
G1 F1800 X53.994 Y42.68 E0.03857
G0 F7200 X53.454 Y42.706
G1 F1800 X54.517 Y43.768 E0.02499
G1 X54.587 Y43.838
G0 F7200 X54.56 Y42.68
G1 F1800 X55.82 Y43.941 E0.02965
G0 F7200 X55.82 Y43.375
G1 F1800 X55.125 Y42.68 E0.01635
G0 F7200 X55.691 Y42.68
G1 F1800 X55.82 Y42.81 E0.00305
G0 F7200 X53.421 Y43.238
G1 F1800 X52.926 Y42.744 E0.01163
G0 F7200 X52.496 Y42.88
G1 F1800 X52.416 Y42.799 E0.00189
G0 F7200 X49.212 Y42.989
G1 F1800 X48.959 Y42.737 E0.00594
G0 F7200 X48.805 Y43.148
G1 F1800 X48.35 Y42.693 E0.0107
G0 F7200 X47.771 Y42.68
G1 F1800 X48.379 Y43.288 E0.0143
G0 F7200 X48.009 Y43.484
G1 F1800 X47.206 Y42.68 E0.0189
G0 F7200 X46.64 Y42.68
G1 F1800 X47.64 Y43.68 E0.02352
G0 F7200 X47.271 Y43.877
G1 F1800 X46.074 Y42.68 E0.02815
G0 F7200 X45.509 Y42.68
G1 F1800 X46.919 Y44.091 E0.03317
G0 F7200 X46.609 Y44.346
G1 F1800 X44.943 Y42.68 E0.03918
G0 F7200 X44.377 Y42.68
G1 F1800 X46.299 Y44.601 E0.04519
G0 F7200 X45.988 Y44.857
G1 F1800 X44.18 Y43.049 E0.04252
G0 F7200 X44.18 Y43.614
G1 F1800 X45.72 Y45.154 E0.03622
G0 F7200 X45.465 Y45.465
G1 F1800 X44.18 Y44.18 E0.03022
G0 F7200 X44.18 Y44.746
G1 F1800 X45.21 Y45.775 E0.02421
G0 F7200 X44.968 Y46.1
G1 F1800 X44.18 Y45.311 E0.01854
G0 F7200 X44.18 Y45.877
G1 F1800 X44.772 Y46.469 E0.01392
G0 F7200 X44.575 Y46.838
G1 F1800 X44.181 Y46.443 E0.00928
G0 F7200 X44.181 Y47.009
G1 F1800 X44.379 Y47.208 E0.00467
G0 F7200 X44.181 Y47.575
G1 F1800 X44.241 Y47.635 E0.00141
G0 F7200 X44.187 Y48.975
G0 X44.18 Y52.665
G1 F1800 X44.461 Y52.947 E0.00662
G0 F7200 X44.439 Y52.957
;MESH:NONMESH
G0 F600 X44.439 Y52.957 Z0.6
G0 F7200 X46.153 Y54.847
G0 X47.193 Y55.699
G0 X48.377 Y56.331
G0 X49.663 Y56.722
G0 X50.746 Y56.829
G0 X52.376 Y56.773
G0 X52.287 Y56.477
;TIME_ELAPSED:38.004655
;LAYER:3
;TYPE:WALL-INNER
;MESH:hold.stl
G1 F3600 X51 Y56.599 E0.0215
G1 X49.708 Y56.476 E0.02158
G1 X48.469 Y56.097 E0.02155
G1 X47.334 Y55.494 E0.02137
G1 X46.328 Y54.666 E0.02167
G1 X45.505 Y53.661 E0.0216
G1 X44.899 Y52.53 E0.02134
G1 X44.523 Y51.288 E0.02158
G1 X44.4 Y50 E0.02152
G1 X44.523 Y48.708 E0.02158
G1 X44.899 Y47.466 E0.02158
G1 X45.505 Y46.335 E0.02134
G1 X46.326 Y45.332 E0.02156
G1 X47.335 Y44.505 E0.0217
G1 X48.471 Y43.898 E0.02142
G1 X49.708 Y43.524 E0.02149
G1 X51 Y43.396 E0.02159
G1 X52.288 Y43.524 E0.02153
G1 X53.525 Y43.898 E0.02149
G1 X54.665 Y44.508 E0.0215
G1 X55.143 Y44.9 E0.01028
G1 X56.4 Y44.9 E0.0209
G1 X56.4 Y42.313 E0.04302
G1 X56.274 Y42.101 E0.0041
G1 X43.6 Y42.1 E0.21077
G1 X43.601 Y57.899 E0.26274
G1 X56.272 Y57.9 E0.21072
G1 X56.4 Y57.683 E0.00419
G1 X56.4 Y55.1 E0.04296
G1 X55.143 Y55.1 E0.0209
G1 X54.663 Y55.494 E0.01033
G1 X53.527 Y56.097 E0.02139
G1 X52.287 Y56.477 E0.02157
G0 F7200 X52.192 Y56.084
;TYPE:WALL-OUTER
G1 F1800 X50.981 Y56.196 E0.02022
G1 X49.805 Y56.084 E0.01965
G1 X48.641 Y55.732 E0.02022
G1 X47.54 Y55.147 E0.02073
G1 X46.628 Y54.395 E0.01966
G1 X45.831 Y53.423 E0.0209
G1 X45.279 Y52.391 E0.01946
G1 X44.916 Y51.192 E0.02083
G1 X44.8 Y49.98 E0.02025
G1 X44.916 Y48.804 E0.01965
G1 X45.279 Y47.605 E0.02083
G1 X45.831 Y46.573 E0.01946
G1 X46.629 Y45.601 E0.02091
G1 X47.573 Y44.831 E0.02026
G1 X48.605 Y44.279 E0.01946
G1 X49.804 Y43.916 E0.02083
G1 X51.02 Y43.8 E0.02031
G1 X52.192 Y43.916 E0.01959
G1 X53.391 Y44.279 E0.02083
G1 X54.423 Y44.831 E0.01946
G1 X55 Y45.3 E0.01237
G1 X56.8 Y45.3 E0.02993
G1 X56.8 Y42.262 E0.05052
G1 X56.635 Y41.879 E0.00694
G1 X56.356 Y41.701 E0.0055
G1 X43.2 Y41.7 E0.21879
G1 X43.201 Y58.299 E0.27604
G1 X56.354 Y58.3 E0.21874
G1 X56.635 Y58.12 E0.00555
G1 X56.8 Y57.734 E0.00698
G1 X56.8 Y54.7 E0.05046
G1 X55 Y54.7 E0.02993
G1 X54.422 Y55.169 E0.01238
G1 X53.355 Y55.732 E0.02006
G1 X52.192 Y56.084 E0.02021
G0 F7200 X51.993 Y56.102
G0 X52.061 Y56.81
G0 X51 Y56.854
G0 X49.663 Y56.722
G0 X48.377 Y56.331
G0 X47.193 Y55.699
G0 X46.153 Y54.847
G0 X45.301 Y53.807
G0 X44.669 Y52.623
G0 X44.278 Y51.337
G0 X44.146 Y50
G0 X44.253 Y48.917
G0 X44.555 Y47.301
;TYPE:SKIN
G1 F1632.7 X44.309 Y47.972 E0.0131
G1 F1376.7 X44.063 Y48.642 E0.01552
G1 F1304.3 X44.05 Y48.584 E0.00136
G1 F1531.9 X43.981 Y47.254 E0.02602
G1 F1800 X43.98 Y42.48 E0.07939
G1 X48.179 Y42.48 E0.06983
G1 F1607.1 X49.509 Y42.528 E0.02479
G1 F1400.8 X49.617 Y42.546 E0.00234
G1 F1437.1 X50.955 Y42.514 E0.02788
G1 X52.375 Y42.546 E0.02958
G1 F1400.8 X52.483 Y42.528 E0.00234
G1 F1607.1 X53.813 Y42.48 E0.02479
G1 F1800 X56.02 Y42.48 E0.0367
G1 X56.02 Y44.52 E0.03393
G1 X55.274 Y44.52 E0.01241
G1 X54.787 Y44.139 E0.01028
G1 X53.691 Y43.555 E0.02065
G1 F1607.1 X52.397 Y43.106 E0.02551
G1 F1400.8 X52.35 Y43.078 E0.00117
G1 F1437.1 X51.023 Y42.982 E0.02771
G1 X49.642 Y43.078 E0.02883
G1 F1400.8 X49.595 Y43.106 E0.00117
G1 F1607.1 X48.301 Y43.555 E0.02551
G1 F1800 X47.138 Y44.175 E0.02192
G1 X46.073 Y45.045 E0.02287
G1 X45.175 Y46.137 E0.02351
G1 X44.555 Y47.301 E0.02193
G0 F7200 X44.063 Y48.642
G1 F1431.4 X44 Y49.98 E0.02801
G1 F1425.7 X44.065 Y51.34 E0.02859
G0 F7200 X45.301 Y53.807
G0 X46.153 Y54.847
G0 X47.193 Y55.699
G0 X48.377 Y56.331
G0 X52.489 Y57.446
G1 F1411.8 X51 Y57.482 E0.03158
G1 F1428.6 X49.616 Y57.45 E0.02901
G1 F1398.1 X49.504 Y57.469 E0.00243
G1 F1607.1 X48.185 Y57.517 E0.02458
G1 F1800 X43.98 Y57.516 E0.06993
G1 X43.98 Y52.733 E0.07954
G1 F1525.4 X44.052 Y51.394 E0.02631
G1 F1295 X44.065 Y51.34 E0.00128
G1 F1368.8 X44.308 Y52.016 E0.01571
G1 F1629 X44.551 Y52.691 E0.01318
G1 F1800 X45.175 Y53.855 E0.02196
G1 X46.045 Y54.923 E0.02291
G1 X47.101 Y55.795 E0.02277
G1 X48.31 Y56.441 E0.0228
G1 F1607.1 X49.591 Y56.89 E0.02528
G1 F1398.1 X49.64 Y56.918 E0.00121
G1 F1428.6 X51 Y57.009 E0.02856
G1 F1411.8 X52.409 Y56.913 E0.02994
G1 F1525.4 X53.682 Y56.441 E0.02664
G1 F1800 X54.79 Y55.853 E0.02086
G1 X55.273 Y55.48 E0.01015
G1 X56.02 Y55.48 E0.01242
G1 X56.02 Y57.519 E0.03391
G1 X53.807 Y57.519 E0.0368
G1 F1525.4 X52.489 Y57.446 E0.0259
G0 F7200 X55.253 Y57.319
G1 F1800 X55.82 Y56.752 E0.01333
G0 F7200 X55.82 Y56.186
G1 F1800 X54.687 Y57.319 E0.02665
G0 F7200 X54.121 Y57.319
G1 F1800 X55.76 Y55.68 E0.03855
G1 X55.83 Y55.61
G0 F7200 X54.8 Y56.074
G1 F1800 X53.58 Y57.294 E0.02869
G0 F7200 X53.07 Y57.238
G1 F1800 X53.626 Y56.682 E0.01308
G0 F7200 X52.631 Y57.112
G1 F1800 X52.561 Y57.182 E0.00165
G0 F7200 X49.306 Y57.043
G1 F1800 X49.098 Y57.251 E0.00489
G0 F7200 X48.899 Y56.884
G1 F1800 X48.488 Y57.295 E0.00967
G0 F7200 X48.492 Y56.726
G1 F1800 X47.901 Y57.317 E0.0139
G0 F7200 X47.335 Y57.317
G1 F1800 X48.097 Y56.554 E0.01793
G0 F7200 X47.728 Y56.359
G1 F1800 X46.769 Y57.317 E0.02254
G0 F7200 X46.204 Y57.317
G1 F1800 X47.358 Y56.162 E0.02715
G0 F7200 X46.991 Y55.963
G1 F1800 X45.638 Y57.317 E0.03183
G0 F7200 X45.072 Y57.317
G1 F1800 X46.68 Y55.709 E0.03782
G0 F7200 X46.37 Y55.453
G1 F1800 X44.507 Y57.317 E0.04383
G0 F7200 X44.18 Y57.078
G1 F1800 X46.06 Y55.198 E0.04421
G0 F7200 X45.778 Y54.914
G1 F1800 X44.18 Y56.512 E0.03758
G0 F7200 X44.18 Y55.946
G1 F1800 X45.524 Y54.603 E0.0316
G0 F7200 X45.269 Y54.292
G1 F1800 X44.18 Y55.381 E0.02561
G0 F7200 X44.18 Y54.815
G1 F1800 X45.015 Y53.98 E0.01964
G0 F7200 X44.817 Y53.612
G1 F1800 X44.18 Y54.249 E0.01498
G0 F7200 X44.18 Y53.684
G1 F1800 X44.62 Y53.244 E0.01035
G0 F7200 X44.423 Y52.875
G1 F1800 X44.18 Y53.118 E0.00571
G0 F7200 X44.18 Y52.552
G1 F1800 X44.271 Y52.462 E0.00213
G0 F7200 X44.17 Y50.468
G0 X44.181 Y47.46
G1 F1800 X44.343 Y47.298 E0.00381
G0 F7200 X44.181 Y46.895
G1 F1800 X44.958 Y46.118 E0.01827
G1 X45.028 Y46.048
G0 F7200 X44.181 Y46.329
G1 F1800 X47.83 Y42.68 E0.08582
G0 F7200 X48.381 Y42.694
G1 F1800 X47.115 Y43.961 E0.02979
G1 X47.045 Y44.031
G0 F7200 X47.264 Y42.68
G1 F1800 X44.181 Y45.763 E0.07251
G0 F7200 X44.181 Y45.198
G1 F1800 X46.699 Y42.68 E0.05922
G0 F7200 X46.133 Y42.68
G1 F1800 X44.181 Y44.632 E0.04591
G0 F7200 X44.181 Y44.066
G1 F1800 X45.567 Y42.68 E0.0326
G0 F7200 X45.002 Y42.68
G1 F1800 X44.181 Y43.501 E0.01931
G0 F7200 X44.181 Y42.935
G1 F1800 X44.436 Y42.68 E0.006
G0 F7200 X48.324 Y43.317
G1 F1800 X48.908 Y42.733 E0.01373
G0 F7200 X49.22 Y42.986
G1 F1800 X49.437 Y42.77 E0.00509
G0 F7200 X52.658 Y42.943
G1 F1800 X52.852 Y42.749 E0.00456
G0 F7200 X53.066 Y43.101
G1 F1800 X53.462 Y42.705 E0.00931
G0 F7200 X53.473 Y43.259
G1 F1800 X54.052 Y42.68 E0.01362
G0 F7200 X54.618 Y42.68
G1 F1800 X53.872 Y43.426 E0.01754
G0 F7200 X54.241 Y43.623
G1 F1800 X55.183 Y42.68 E0.02217
G0 F7200 X55.749 Y42.68
G1 F1800 X54.611 Y43.819 E0.02678
G0 F7200 X54.966 Y44.029
G1 F1800 X55.82 Y43.175 E0.02008
G0 F7200 X55.82 Y43.741
G1 F1800 X55.284 Y44.276 E0.01259
G0 F7200 X55.308 Y44.247
;MESH:NONMESH
G0 F600 X55.308 Y44.247 Z0.7
G0 F7200 X52.337 Y43.278
G0 X51 Y43.146
G0 X49.663 Y43.278
G0 X48.377 Y43.669
G0 X47.193 Y44.301
G0 X46.153 Y45.153
G0 X45.301 Y46.193
G0 X44.669 Y47.377
G0 X44.278 Y48.663
G0 X44.146 Y50
G0 X44.278 Y51.337
G0 X44.669 Y52.623
G0 X45.301 Y53.807
G0 X46.153 Y54.847
G0 X47.193 Y55.699
G0 X48.377 Y56.331
G0 X49.663 Y56.722
G0 X50.746 Y56.829
G0 X52.376 Y56.773
G0 X52.287 Y56.477
;TIME_ELAPSED:48.716618
;LAYER:4
;TYPE:WALL-INNER
;MESH:hold.stl
G1 F3600 X51 Y56.599 E0.0215
G1 X49.708 Y56.476 E0.02158
G1 X48.469 Y56.097 E0.02155
G1 X47.334 Y55.494 E0.02137
G1 X46.328 Y54.666 E0.02167
G1 X45.505 Y53.661 E0.0216
G1 X44.899 Y52.53 E0.02134
G1 X44.523 Y51.288 E0.02158
G1 X44.4 Y50 E0.02152
G1 X44.523 Y48.708 E0.02158
G1 X44.899 Y47.466 E0.02158
G1 X45.505 Y46.335 E0.02134
G1 X46.326 Y45.332 E0.02156
G1 X47.335 Y44.505 E0.0217
G1 X48.471 Y43.898 E0.02142
G1 X49.708 Y43.524 E0.02149
G1 X51 Y43.396 E0.02159
G1 X52.288 Y43.524 E0.02153
G1 X53.525 Y43.898 E0.02149
G1 X54.665 Y44.508 E0.0215
G1 X55.143 Y44.9 E0.01028
G1 X56.4 Y44.9 E0.0209
G1 X56.4 Y42.313 E0.04302
G1 X56.274 Y42.101 E0.0041
G1 X43.6 Y42.1 E0.21077
G1 X43.601 Y57.899 E0.26274
G1 X56.272 Y57.9 E0.21072
G1 X56.4 Y57.683 E0.00419
G1 X56.4 Y55.1 E0.04296
G1 X55.143 Y55.1 E0.0209
G1 X54.663 Y55.494 E0.01033
G1 X53.527 Y56.097 E0.02139
G1 X52.287 Y56.477 E0.02157
G0 F7200 X52.192 Y56.084
;TYPE:WALL-OUTER
G1 F1800 X50.981 Y56.196 E0.02022
G1 X49.805 Y56.084 E0.01965
G1 X48.641 Y55.732 E0.02022
G1 X47.54 Y55.147 E0.02073
G1 X46.628 Y54.395 E0.01966
G1 X45.831 Y53.423 E0.0209
G1 X45.279 Y52.391 E0.01946
G1 X44.916 Y51.192 E0.02083
G1 X44.8 Y49.98 E0.02025
G1 X44.916 Y48.804 E0.01965
G1 X45.279 Y47.605 E0.02083
G1 X45.831 Y46.573 E0.01946
G1 X46.629 Y45.601 E0.02091
G1 X47.573 Y44.831 E0.02026
G1 X48.605 Y44.279 E0.01946
G1 X49.804 Y43.916 E0.02083
G1 X51.02 Y43.8 E0.02031
G1 X52.192 Y43.916 E0.01959
G1 X53.391 Y44.279 E0.02083
G1 X54.423 Y44.831 E0.01946
G1 X55 Y45.3 E0.01237
G1 X56.8 Y45.3 E0.02993
G1 X56.8 Y42.262 E0.05052
G1 X56.635 Y41.879 E0.00694
G1 X56.356 Y41.701 E0.0055
G1 X43.2 Y41.7 E0.21879
G1 X43.201 Y58.299 E0.27604
G1 X56.354 Y58.3 E0.21874
G1 X56.635 Y58.12 E0.00555
G1 X56.8 Y57.734 E0.00698
G1 X56.8 Y54.7 E0.05046
G1 X55 Y54.7 E0.02993
G1 X54.422 Y55.169 E0.01238
G1 X53.355 Y55.732 E0.02006
G1 X52.192 Y56.084 E0.02021
G0 F7200 X51.993 Y56.102
G0 X52.061 Y56.81
G0 X51 Y56.854
G0 X49.663 Y56.722
G0 X48.377 Y56.331
G0 X47.193 Y55.699
G0 X46.153 Y54.847
G0 X45.301 Y53.807
G0 X44.669 Y52.623
G0 X44.278 Y51.337
G0 X44.146 Y50
G0 X44.253 Y48.917
G0 X44.555 Y47.301
;TYPE:SKIN
G1 F1632.7 X44.309 Y47.972 E0.0131
G1 F1376.7 X44.063 Y48.642 E0.01552
G1 F1304.3 X44.05 Y48.584 E0.00136
G1 F1531.9 X43.981 Y47.254 E0.02602
G1 F1800 X43.98 Y42.48 E0.07939
G1 X48.179 Y42.48 E0.06983
G1 F1607.1 X49.509 Y42.528 E0.02479
G1 F1400.8 X49.617 Y42.546 E0.00234
G1 F1437.1 X50.955 Y42.514 E0.02788
G1 X52.375 Y42.546 E0.02958
G1 F1400.8 X52.483 Y42.528 E0.00234
G1 F1607.1 X53.813 Y42.48 E0.02479
G1 F1800 X56.02 Y42.48 E0.0367
G1 X56.02 Y44.52 E0.03393
G1 X55.274 Y44.52 E0.01241
G1 X54.787 Y44.139 E0.01028
G1 X53.691 Y43.555 E0.02065
G1 F1607.1 X52.397 Y43.106 E0.02551
G1 F1400.8 X52.35 Y43.078 E0.00117
G1 F1437.1 X51.023 Y42.982 E0.02771
G1 X49.642 Y43.078 E0.02883
G1 F1400.8 X49.595 Y43.106 E0.00117
G1 F1607.1 X48.301 Y43.555 E0.02551
G1 F1800 X47.138 Y44.175 E0.02192
G1 X46.073 Y45.045 E0.02287
G1 X45.175 Y46.137 E0.02351
G1 X44.555 Y47.301 E0.02193
G0 F7200 X44.063 Y48.642
G1 F1431.4 X44 Y49.98 E0.02801
G1 F1425.7 X44.065 Y51.34 E0.02859
G0 F7200 X45.301 Y53.807
G0 X46.153 Y54.847
G0 X47.193 Y55.699
G0 X48.377 Y56.331
G0 X52.489 Y57.446
G1 F1411.8 X51 Y57.482 E0.03158
G1 F1428.6 X49.616 Y57.45 E0.02901
G1 F1398.1 X49.504 Y57.469 E0.00243
G1 F1607.1 X48.185 Y57.517 E0.02458
G1 F1800 X43.98 Y57.516 E0.06993
G1 X43.98 Y52.733 E0.07954
G1 F1525.4 X44.052 Y51.394 E0.02631
G1 F1295 X44.065 Y51.34 E0.00128
G1 F1368.8 X44.308 Y52.016 E0.01571
G1 F1629 X44.551 Y52.691 E0.01318
G1 F1800 X45.175 Y53.855 E0.02196
G1 X46.045 Y54.923 E0.02291
G1 X47.101 Y55.795 E0.02277
G1 X48.31 Y56.441 E0.0228
G1 F1607.1 X49.591 Y56.89 E0.02528
G1 F1398.1 X49.64 Y56.918 E0.00121
G1 F1428.6 X51 Y57.009 E0.02856
G1 F1411.8 X52.409 Y56.913 E0.02994
G1 F1525.4 X53.682 Y56.441 E0.02664
G1 F1800 X54.79 Y55.853 E0.02086
G1 X55.273 Y55.48 E0.01015
G1 X56.02 Y55.48 E0.01242
G1 X56.02 Y57.519 E0.03391
G1 X53.807 Y57.519 E0.0368
G1 F1525.4 X52.489 Y57.446 E0.0259
G0 F7200 X44.306 Y57.317
G1 F1800 X44.18 Y57.191 E0.00296
G0 F7200 X44.18 Y56.625
G1 F1800 X44.872 Y57.317 E0.01627
G0 F7200 X45.437 Y57.317
G1 F1800 X44.18 Y56.059 E0.02957
G0 F7200 X44.18 Y55.494
G1 F1800 X46.003 Y57.317 E0.04287
G0 F7200 X46.569 Y57.317
G1 F1800 X44.18 Y54.928 E0.05619
G0 F7200 X44.18 Y54.362
G1 F1800 X47.134 Y57.317 E0.06949
G0 F7200 X47.7 Y57.317
G1 F1800 X44.18 Y53.797 E0.08279
G0 F7200 X44.18 Y53.231
G1 F1800 X45.4 Y54.451 E0.02869
G1 X45.47 Y54.521
G0 F7200 X46.555 Y55.606
G1 F1800 X48.26 Y57.311 E0.0401
G0 F7200 X48.788 Y57.273
G1 F1800 X48.039 Y56.524 E0.01762
G1 X47.969 Y56.454
G0 F7200 X49.008 Y56.928
G1 F1800 X49.315 Y57.235 E0.00722
G0 F7200 X52.6 Y57.126
G1 F1800 X52.667 Y57.192 E0.00156
G0 F7200 X52.996 Y56.955
G1 F1800 X53.303 Y57.263 E0.00723
G0 F7200 X53.391 Y56.785
G1 F1800 X53.925 Y57.319 E0.01256
G0 F7200 X54.49 Y57.319
G1 F1800 X53.785 Y56.614 E0.01658
G0 F7200 X54.154 Y56.417
G1 F1800 X55.056 Y57.319 E0.02121
G0 F7200 X55.622 Y57.319
G1 F1800 X54.524 Y56.221 E0.02582
G0 F7200 X54.893 Y56.024
G1 F1800 X55.82 Y56.951 E0.0218
G0 F7200 X55.82 Y56.385
G1 F1800 X55.213 Y55.779 E0.01426
G0 F7200 X55.68 Y55.68
G1 F1800 X55.82 Y55.82 E0.00329
G0 F7200 X52.337 Y56.722
G0 X51 Y56.854
G0 X49.663 Y56.722
G0 X48.377 Y56.331
G0 X47.193 Y55.699
G0 X46.153 Y54.847
G0 X45.301 Y53.807
G0 X44.669 Y52.623
G0 X44.278 Y51.337
G0 X44.146 Y50
G0 X44.278 Y48.663
G0 X44.669 Y47.377
G0 X45.301 Y46.193
G0 X46.153 Y45.153
G0 X47.193 Y44.301
G0 X48.377 Y43.669
G0 X49.663 Y43.278
G0 X51 Y43.146
G0 X52.203 Y43.265
G0 X55.634 Y44.32
G1 F1800 X53.994 Y42.68 E0.03857
G0 F7200 X53.454 Y42.706
G1 F1800 X54.517 Y43.768 E0.02499
G1 X54.587 Y43.838
G0 F7200 X54.56 Y42.68
G1 F1800 X55.82 Y43.941 E0.02965
G0 F7200 X55.82 Y43.375
G1 F1800 X55.125 Y42.68 E0.01635
G0 F7200 X55.691 Y42.68
G1 F1800 X55.82 Y42.81 E0.00305
G0 F7200 X53.421 Y43.238
G1 F1800 X52.926 Y42.744 E0.01163
G0 F7200 X52.496 Y42.88
G1 F1800 X52.416 Y42.799 E0.00189
G0 F7200 X49.212 Y42.989
G1 F1800 X48.959 Y42.737 E0.00594
G0 F7200 X48.805 Y43.148
G1 F1800 X48.35 Y42.693 E0.0107
G0 F7200 X47.771 Y42.68
G1 F1800 X48.379 Y43.288 E0.0143
G0 F7200 X48.009 Y43.484
G1 F1800 X47.206 Y42.68 E0.0189
G0 F7200 X46.64 Y42.68
G1 F1800 X47.64 Y43.68 E0.02352
G0 F7200 X47.271 Y43.877
G1 F1800 X46.074 Y42.68 E0.02815
G0 F7200 X45.509 Y42.68
G1 F1800 X46.919 Y44.091 E0.03317
G0 F7200 X46.609 Y44.346
G1 F1800 X44.943 Y42.68 E0.03918
G0 F7200 X44.377 Y42.68
G1 F1800 X46.299 Y44.601 E0.04519
G0 F7200 X45.988 Y44.857
G1 F1800 X44.18 Y43.049 E0.04252
G0 F7200 X44.18 Y43.614
G1 F1800 X45.72 Y45.154 E0.03622
G0 F7200 X45.465 Y45.465
G1 F1800 X44.18 Y44.18 E0.03022
G0 F7200 X44.18 Y44.746
G1 F1800 X45.21 Y45.775 E0.02421
G0 F7200 X44.968 Y46.1
G1 F1800 X44.18 Y45.311 E0.01854
G0 F7200 X44.18 Y45.877
G1 F1800 X44.772 Y46.469 E0.01392
G0 F7200 X44.575 Y46.838
G1 F1800 X44.181 Y46.443 E0.00928
G0 F7200 X44.181 Y47.009
G1 F1800 X44.379 Y47.208 E0.00467
G0 F7200 X44.181 Y47.575
G1 F1800 X44.241 Y47.635 E0.00141
G0 F7200 X44.187 Y48.975
G0 X44.18 Y52.665
G1 F1800 X44.461 Y52.947 E0.00662
G0 F7200 X44.439 Y52.957
;MESH:NONMESH
G0 F600 X44.439 Y52.957 Z0.8
G0 F7200 X46.153 Y54.847
G0 X47.193 Y55.699
G0 X48.377 Y56.331
G0 X49.663 Y56.722
G0 X50.746 Y56.829
G0 X52.376 Y56.773
G0 X52.287 Y56.477
;TIME_ELAPSED:59.628332
;LAYER:5
;TYPE:WALL-INNER
;MESH:hold.stl
G1 F3600 X51 Y56.599 E0.0215
G1 X49.708 Y56.476 E0.02158
G1 X48.469 Y56.097 E0.02155
G1 X47.334 Y55.494 E0.02137
G1 X46.328 Y54.666 E0.02167
G1 X45.505 Y53.661 E0.0216
G1 X44.899 Y52.53 E0.02134
G1 X44.523 Y51.288 E0.02158
G1 X44.4 Y50 E0.02152
G1 X44.523 Y48.708 E0.02158
G1 X44.899 Y47.466 E0.02158
G1 X45.505 Y46.335 E0.02134
G1 X46.326 Y45.332 E0.02156
G1 X47.335 Y44.505 E0.0217
G1 X48.471 Y43.898 E0.02142
G1 X49.708 Y43.524 E0.02149
G1 X51 Y43.396 E0.02159
G1 X52.288 Y43.524 E0.02153
G1 X53.525 Y43.898 E0.02149
G1 X54.665 Y44.508 E0.0215
G1 X55.143 Y44.9 E0.01028
G1 X56.4 Y44.9 E0.0209
G1 X56.4 Y42.313 E0.04302
G1 X56.274 Y42.101 E0.0041
G1 X43.6 Y42.1 E0.21077
G1 X43.601 Y57.899 E0.26274
G1 X56.272 Y57.9 E0.21072
G1 X56.4 Y57.683 E0.00419
G1 X56.4 Y55.1 E0.04296
G1 X55.143 Y55.1 E0.0209
G1 X54.663 Y55.494 E0.01033
G1 X53.527 Y56.097 E0.02139
G1 X52.287 Y56.477 E0.02157
G0 F7200 X52.192 Y56.084
;TYPE:WALL-OUTER
G1 F1800 X50.981 Y56.196 E0.02022
G1 X49.805 Y56.084 E0.01965
G1 X48.641 Y55.732 E0.02022
G1 X47.54 Y55.147 E0.02073
G1 X46.628 Y54.395 E0.01966
G1 X45.831 Y53.423 E0.0209
G1 X45.279 Y52.391 E0.01946
G1 X44.916 Y51.192 E0.02083
G1 X44.8 Y49.98 E0.02025
G1 X44.916 Y48.804 E0.01965
G1 X45.279 Y47.605 E0.02083
G1 X45.831 Y46.573 E0.01946
G1 X46.629 Y45.601 E0.02091
G1 X47.573 Y44.831 E0.02026
G1 X48.605 Y44.279 E0.01946
G1 X49.804 Y43.916 E0.02083
G1 X51.02 Y43.8 E0.02031
G1 X52.192 Y43.916 E0.01959
G1 X53.391 Y44.279 E0.02083
G1 X54.423 Y44.831 E0.01946
G1 X55 Y45.3 E0.01237
G1 X56.8 Y45.3 E0.02993
G1 X56.8 Y42.262 E0.05052
G1 X56.635 Y41.879 E0.00694
G1 X56.356 Y41.701 E0.0055
G1 X43.2 Y41.7 E0.21879
G1 X43.201 Y58.299 E0.27604
G1 X56.354 Y58.3 E0.21874
G1 X56.635 Y58.12 E0.00555
G1 X56.8 Y57.734 E0.00698
G1 X56.8 Y54.7 E0.05046
G1 X55 Y54.7 E0.02993
G1 X54.422 Y55.169 E0.01238
G1 X53.355 Y55.732 E0.02006
G1 X52.192 Y56.084 E0.02021
G0 F7200 X51.993 Y56.102
G0 X52.061 Y56.81
G0 X51 Y56.854
G0 X49.663 Y56.722
G0 X48.377 Y56.331
G0 X47.193 Y55.699
G0 X46.153 Y54.847
G0 X45.301 Y53.807
G0 X44.669 Y52.623
G0 X44.278 Y51.337
G0 X44.146 Y50
G0 X44.253 Y48.917
G0 X44.555 Y47.301
;TYPE:SKIN
G1 F1632.7 X44.309 Y47.972 E0.0131
G1 F1376.7 X44.063 Y48.642 E0.01552
G1 F1304.3 X44.05 Y48.584 E0.00136
G1 F1531.9 X43.981 Y47.254 E0.02602
G1 F1800 X43.98 Y42.48 E0.07939
G1 X48.179 Y42.48 E0.06983
G1 F1607.1 X49.509 Y42.528 E0.02479
G1 F1400.8 X49.617 Y42.546 E0.00234
G1 F1437.1 X50.955 Y42.514 E0.02788
G1 X52.375 Y42.546 E0.02958
G1 F1400.8 X52.483 Y42.528 E0.00234
G1 F1607.1 X53.813 Y42.48 E0.02479
G1 F1800 X56.02 Y42.48 E0.0367
G1 X56.02 Y44.52 E0.03393
G1 X55.274 Y44.52 E0.01241
G1 X54.787 Y44.139 E0.01028
G1 X53.691 Y43.555 E0.02065
G1 F1607.1 X52.397 Y43.106 E0.02551
G1 F1400.8 X52.35 Y43.078 E0.00117
G1 F1437.1 X51.023 Y42.982 E0.02771
G1 X49.642 Y43.078 E0.02883
G1 F1400.8 X49.595 Y43.106 E0.00117
G1 F1607.1 X48.301 Y43.555 E0.02551
G1 F1800 X47.138 Y44.175 E0.02192
G1 X46.073 Y45.045 E0.02287
G1 X45.175 Y46.137 E0.02351
G1 X44.555 Y47.301 E0.02193
G0 F7200 X44.063 Y48.642
G1 F1431.4 X44 Y49.98 E0.02801
G1 F1425.7 X44.065 Y51.34 E0.02859
G0 F7200 X45.301 Y53.807
G0 X46.153 Y54.847
G0 X47.193 Y55.699
G0 X48.377 Y56.331
G0 X52.489 Y57.446
G1 F1411.8 X51 Y57.482 E0.03158
G1 F1428.6 X49.616 Y57.45 E0.02901
G1 F1398.1 X49.504 Y57.469 E0.00243
G1 F1607.1 X48.185 Y57.517 E0.02458
G1 F1800 X43.98 Y57.516 E0.06993
G1 X43.98 Y52.733 E0.07954
G1 F1525.4 X44.052 Y51.394 E0.02631
G1 F1295 X44.065 Y51.34 E0.00128
G1 F1368.8 X44.308 Y52.016 E0.01571
G1 F1629 X44.551 Y52.691 E0.01318
G1 F1800 X45.175 Y53.855 E0.02196
G1 X46.045 Y54.923 E0.02291
G1 X47.101 Y55.795 E0.02277
G1 X48.31 Y56.441 E0.0228
G1 F1607.1 X49.591 Y56.89 E0.02528
G1 F1398.1 X49.64 Y56.918 E0.00121
G1 F1428.6 X51 Y57.009 E0.02856
G1 F1411.8 X52.409 Y56.913 E0.02994
G1 F1525.4 X53.682 Y56.441 E0.02664
G1 F1800 X54.79 Y55.853 E0.02086
G1 X55.273 Y55.48 E0.01015
G1 X56.02 Y55.48 E0.01242
G1 X56.02 Y57.519 E0.03391
G1 X53.807 Y57.519 E0.0368
G1 F1525.4 X52.489 Y57.446 E0.0259
G0 F7200 X55.253 Y57.319
G1 F1800 X55.82 Y56.752 E0.01333
G0 F7200 X55.82 Y56.186
G1 F1800 X54.687 Y57.319 E0.02665
G0 F7200 X54.121 Y57.319
G1 F1800 X55.76 Y55.68 E0.03855
G1 X55.83 Y55.61
G0 F7200 X54.8 Y56.074
G1 F1800 X53.58 Y57.294 E0.02869
G0 F7200 X53.07 Y57.238
G1 F1800 X53.626 Y56.682 E0.01308
G0 F7200 X52.631 Y57.112
G1 F1800 X52.561 Y57.182 E0.00165
G0 F7200 X49.306 Y57.043
G1 F1800 X49.098 Y57.251 E0.00489
G0 F7200 X48.899 Y56.884
G1 F1800 X48.488 Y57.295 E0.00967
G0 F7200 X48.492 Y56.726
G1 F1800 X47.901 Y57.317 E0.0139
G0 F7200 X47.335 Y57.317
G1 F1800 X48.097 Y56.554 E0.01793
G0 F7200 X47.728 Y56.359
G1 F1800 X46.769 Y57.317 E0.02254
G0 F7200 X46.204 Y57.317
G1 F1800 X47.358 Y56.162 E0.02715
G0 F7200 X46.991 Y55.963
G1 F1800 X45.638 Y57.317 E0.03183
G0 F7200 X45.072 Y57.317
G1 F1800 X46.68 Y55.709 E0.03782
G0 F7200 X46.37 Y55.453
G1 F1800 X44.507 Y57.317 E0.04383
G0 F7200 X44.18 Y57.078
G1 F1800 X46.06 Y55.198 E0.04421
G0 F7200 X45.778 Y54.914
G1 F1800 X44.18 Y56.512 E0.03758
G0 F7200 X44.18 Y55.946
G1 F1800 X45.524 Y54.603 E0.0316
G0 F7200 X45.269 Y54.292
G1 F1800 X44.18 Y55.381 E0.02561
G0 F7200 X44.18 Y54.815
G1 F1800 X45.015 Y53.98 E0.01964
G0 F7200 X44.817 Y53.612
G1 F1800 X44.18 Y54.249 E0.01498
G0 F7200 X44.18 Y53.684
G1 F1800 X44.62 Y53.244 E0.01035
G0 F7200 X44.423 Y52.875
G1 F1800 X44.18 Y53.118 E0.00571
G0 F7200 X44.18 Y52.552
G1 F1800 X44.271 Y52.462 E0.00213
G0 F7200 X44.17 Y50.468
G0 X44.181 Y47.46
G1 F1800 X44.343 Y47.298 E0.00381
G0 F7200 X44.181 Y46.895
G1 F1800 X44.958 Y46.118 E0.01827
G1 X45.028 Y46.048
G0 F7200 X44.181 Y46.329
G1 F1800 X47.83 Y42.68 E0.08582
G0 F7200 X48.381 Y42.694
G1 F1800 X47.115 Y43.961 E0.02979
G1 X47.045 Y44.031
G0 F7200 X47.264 Y42.68
G1 F1800 X44.181 Y45.763 E0.07251
G0 F7200 X44.181 Y45.198
G1 F1800 X46.699 Y42.68 E0.05922
G0 F7200 X46.133 Y42.68
G1 F1800 X44.181 Y44.632 E0.04591
G0 F7200 X44.181 Y44.066
G1 F1800 X45.567 Y42.68 E0.0326
G0 F7200 X45.002 Y42.68
G1 F1800 X44.181 Y43.501 E0.01931
G0 F7200 X44.181 Y42.935
G1 F1800 X44.436 Y42.68 E0.006
G0 F7200 X48.324 Y43.317
G1 F1800 X48.908 Y42.733 E0.01373
G0 F7200 X49.22 Y42.986
G1 F1800 X49.437 Y42.77 E0.00509
G0 F7200 X52.658 Y42.943
G1 F1800 X52.852 Y42.749 E0.00456
G0 F7200 X53.066 Y43.101
G1 F1800 X53.462 Y42.705 E0.00931
G0 F7200 X53.473 Y43.259
G1 F1800 X54.052 Y42.68 E0.01362
G0 F7200 X54.618 Y42.68
G1 F1800 X53.872 Y43.426 E0.01754
G0 F7200 X54.241 Y43.623
G1 F1800 X55.183 Y42.68 E0.02217
G0 F7200 X55.749 Y42.68
G1 F1800 X54.611 Y43.819 E0.02678
G0 F7200 X54.966 Y44.029
G1 F1800 X55.82 Y43.175 E0.02008
G0 F7200 X55.82 Y43.741
G1 F1800 X55.284 Y44.276 E0.01259
G0 F7200 X55.308 Y44.247
;MESH:NONMESH
G0 F600 X55.308 Y44.247 Z0.9
G0 F7200 X52.337 Y43.278
G0 X51 Y43.146
G0 X49.663 Y43.278
G0 X48.377 Y43.669
G0 X47.193 Y44.301
G0 X46.153 Y45.153
G0 X45.301 Y46.193
G0 X44.669 Y47.377
G0 X44.278 Y48.663
G0 X44.146 Y50
G0 X44.278 Y51.337
G0 X44.669 Y52.623
G0 X45.301 Y53.807
G0 X46.153 Y54.847
G0 X47.193 Y55.699
G0 X48.377 Y56.331
G0 X49.663 Y56.722
G0 X50.746 Y56.829
G0 X52.376 Y56.773
G0 X52.287 Y56.477
;TIME_ELAPSED:70.340295
;LAYER:6
;TYPE:WALL-INNER
;MESH:hold.stl
G1 F3600 X51 Y56.599 E0.0215
G1 X49.708 Y56.476 E0.02158
G1 X48.469 Y56.097 E0.02155
G1 X47.334 Y55.494 E0.02137
G1 X46.328 Y54.666 E0.02167
G1 X45.505 Y53.661 E0.0216
G1 X44.899 Y52.53 E0.02134
G1 X44.523 Y51.288 E0.02158
G1 X44.4 Y50 E0.02152
G1 X44.523 Y48.708 E0.02158
G1 X44.899 Y47.466 E0.02158
G1 X45.505 Y46.335 E0.02134
G1 X46.326 Y45.332 E0.02156
G1 X47.335 Y44.505 E0.0217
G1 X48.471 Y43.898 E0.02142
G1 X49.708 Y43.524 E0.02149
G1 X51 Y43.396 E0.02159
G1 X52.288 Y43.524 E0.02153
G1 X53.525 Y43.898 E0.02149
G1 X54.665 Y44.508 E0.0215
G1 X55.143 Y44.9 E0.01028
G1 X56.4 Y44.9 E0.0209
G1 X56.4 Y42.313 E0.04302
G1 X56.274 Y42.101 E0.0041
G1 X43.6 Y42.1 E0.21077
G1 X43.601 Y57.899 E0.26274
G1 X56.272 Y57.9 E0.21072
G1 X56.4 Y57.683 E0.00419
G1 X56.4 Y55.1 E0.04296
G1 X55.143 Y55.1 E0.0209
G1 X54.663 Y55.494 E0.01033
G1 X53.527 Y56.097 E0.02139
G1 X52.287 Y56.477 E0.02157
G0 F7200 X52.192 Y56.084
;TYPE:WALL-OUTER
G1 F1800 X50.981 Y56.196 E0.02022
G1 X49.805 Y56.084 E0.01965
G1 X48.641 Y55.732 E0.02022
G1 X47.54 Y55.147 E0.02073
G1 X46.628 Y54.395 E0.01966
G1 X45.831 Y53.423 E0.0209
G1 X45.279 Y52.391 E0.01946
G1 X44.916 Y51.192 E0.02083
G1 X44.8 Y49.98 E0.02025
G1 X44.916 Y48.804 E0.01965
G1 X45.279 Y47.605 E0.02083
G1 X45.831 Y46.573 E0.01946
G1 X46.629 Y45.601 E0.02091
G1 X47.573 Y44.831 E0.02026
G1 X48.605 Y44.279 E0.01946
G1 X49.804 Y43.916 E0.02083
G1 X51.02 Y43.8 E0.02031
G1 X52.192 Y43.916 E0.01959
G1 X53.391 Y44.279 E0.02083
G1 X54.423 Y44.831 E0.01946
G1 X55 Y45.3 E0.01237
G1 X56.8 Y45.3 E0.02993
G1 X56.8 Y42.262 E0.05052
G1 X56.635 Y41.879 E0.00694
G1 X56.356 Y41.701 E0.0055
G1 X43.2 Y41.7 E0.21879
G1 X43.201 Y58.299 E0.27604
G1 X56.354 Y58.3 E0.21874
G1 X56.635 Y58.12 E0.00555
G1 X56.8 Y57.734 E0.00698
G1 X56.8 Y54.7 E0.05046
G1 X55 Y54.7 E0.02993
G1 X54.422 Y55.169 E0.01238
G1 X53.355 Y55.732 E0.02006
G1 X52.192 Y56.084 E0.02021
G0 F7200 X51.993 Y56.102
G0 X52.061 Y56.81
G0 X51 Y56.854
G0 X49.663 Y56.722
G0 X48.377 Y56.331
G0 X47.193 Y55.699
G0 X46.153 Y54.847
G0 X45.301 Y53.807
G0 X44.669 Y52.623
G0 X44.278 Y51.337
G0 X44.146 Y50
G0 X44.253 Y48.917
G0 X44.555 Y47.301
;TYPE:SKIN
G1 F1632.7 X44.309 Y47.972 E0.0131
G1 F1376.7 X44.063 Y48.642 E0.01552
G1 F1304.3 X44.05 Y48.584 E0.00136
G1 F1531.9 X43.981 Y47.254 E0.02602
G1 F1800 X43.98 Y42.48 E0.07939
G1 X48.179 Y42.48 E0.06983
G1 F1607.1 X49.509 Y42.528 E0.02479
G1 F1400.8 X49.617 Y42.546 E0.00234
G1 F1437.1 X50.955 Y42.514 E0.02788
G1 X52.375 Y42.546 E0.02958
G1 F1400.8 X52.483 Y42.528 E0.00234
G1 F1607.1 X53.813 Y42.48 E0.02479
G1 F1800 X56.02 Y42.48 E0.0367
G1 X56.02 Y44.52 E0.03393
G1 X55.274 Y44.52 E0.01241
G1 X54.787 Y44.139 E0.01028
G1 X53.691 Y43.555 E0.02065
G1 F1607.1 X52.397 Y43.106 E0.02551
G1 F1400.8 X52.35 Y43.078 E0.00117
G1 F1437.1 X51.023 Y42.982 E0.02771
G1 X49.642 Y43.078 E0.02883
G1 F1400.8 X49.595 Y43.106 E0.00117
G1 F1607.1 X48.301 Y43.555 E0.02551
G1 F1800 X47.138 Y44.175 E0.02192
G1 X46.073 Y45.045 E0.02287
G1 X45.175 Y46.137 E0.02351
G1 X44.555 Y47.301 E0.02193
G0 F7200 X44.063 Y48.642
G1 F1431.4 X44 Y49.98 E0.02801
G1 F1425.7 X44.065 Y51.34 E0.02859
G0 F7200 X45.301 Y53.807
G0 X46.153 Y54.847
G0 X47.193 Y55.699
G0 X48.377 Y56.331
G0 X52.489 Y57.446
G1 F1411.8 X51 Y57.482 E0.03158
G1 F1428.6 X49.616 Y57.45 E0.02901
G1 F1398.1 X49.504 Y57.469 E0.00243
G1 F1607.1 X48.185 Y57.517 E0.02458
G1 F1800 X43.98 Y57.516 E0.06993
G1 X43.98 Y52.733 E0.07954
G1 F1525.4 X44.052 Y51.394 E0.02631
G1 F1295 X44.065 Y51.34 E0.00128
G1 F1368.8 X44.308 Y52.016 E0.01571
G1 F1629 X44.551 Y52.691 E0.01318
G1 F1800 X45.175 Y53.855 E0.02196
G1 X46.045 Y54.923 E0.02291
G1 X47.101 Y55.795 E0.02277
G1 X48.31 Y56.441 E0.0228
G1 F1607.1 X49.591 Y56.89 E0.02528
G1 F1398.1 X49.64 Y56.918 E0.00121
G1 F1428.6 X51 Y57.009 E0.02856
G1 F1411.8 X52.409 Y56.913 E0.02994
G1 F1525.4 X53.682 Y56.441 E0.02664
G1 F1800 X54.79 Y55.853 E0.02086
G1 X55.273 Y55.48 E0.01015
G1 X56.02 Y55.48 E0.01242
G1 X56.02 Y57.519 E0.03391
G1 X53.807 Y57.519 E0.0368
G1 F1525.4 X52.489 Y57.446 E0.0259
G0 F7200 X44.306 Y57.317
G1 F1800 X44.18 Y57.191 E0.00296
G0 F7200 X44.18 Y56.625
G1 F1800 X44.872 Y57.317 E0.01627
G0 F7200 X45.437 Y57.317
G1 F1800 X44.18 Y56.059 E0.02957
G0 F7200 X44.18 Y55.494
G1 F1800 X46.003 Y57.317 E0.04287
G0 F7200 X46.569 Y57.317
G1 F1800 X44.18 Y54.928 E0.05619
G0 F7200 X44.18 Y54.362
G1 F1800 X47.134 Y57.317 E0.06949
G0 F7200 X47.7 Y57.317
G1 F1800 X44.18 Y53.797 E0.08279
G0 F7200 X44.18 Y53.231
G1 F1800 X45.4 Y54.451 E0.02869
G1 X45.47 Y54.521
G0 F7200 X46.555 Y55.606
G1 F1800 X48.26 Y57.311 E0.0401
G0 F7200 X48.788 Y57.273
G1 F1800 X48.039 Y56.524 E0.01762
G1 X47.969 Y56.454
G0 F7200 X49.008 Y56.928
G1 F1800 X49.315 Y57.235 E0.00722
G0 F7200 X52.6 Y57.126
G1 F1800 X52.667 Y57.192 E0.00156
G0 F7200 X52.996 Y56.955
G1 F1800 X53.303 Y57.263 E0.00723
G0 F7200 X53.391 Y56.785
G1 F1800 X53.925 Y57.319 E0.01256
G0 F7200 X54.49 Y57.319
G1 F1800 X53.785 Y56.614 E0.01658
G0 F7200 X54.154 Y56.417
G1 F1800 X55.056 Y57.319 E0.02121
G0 F7200 X55.622 Y57.319
G1 F1800 X54.524 Y56.221 E0.02582
G0 F7200 X54.893 Y56.024
G1 F1800 X55.82 Y56.951 E0.0218
G0 F7200 X55.82 Y56.385
G1 F1800 X55.213 Y55.779 E0.01426
G0 F7200 X55.68 Y55.68
G1 F1800 X55.82 Y55.82 E0.00329
G0 F7200 X52.337 Y56.722
G0 X51 Y56.854
G0 X49.663 Y56.722
G0 X48.377 Y56.331
G0 X47.193 Y55.699
G0 X46.153 Y54.847
G0 X45.301 Y53.807
G0 X44.669 Y52.623
G0 X44.278 Y51.337
G0 X44.146 Y50
G0 X44.278 Y48.663
G0 X44.669 Y47.377
G0 X45.301 Y46.193
G0 X46.153 Y45.153
G0 X47.193 Y44.301
G0 X48.377 Y43.669
G0 X49.663 Y43.278
G0 X51 Y43.146
G0 X52.203 Y43.265
G0 X55.634 Y44.32
G1 F1800 X53.994 Y42.68 E0.03857
G0 F7200 X53.454 Y42.706
G1 F1800 X54.517 Y43.768 E0.02499
G1 X54.587 Y43.838
G0 F7200 X54.56 Y42.68
G1 F1800 X55.82 Y43.941 E0.02965
G0 F7200 X55.82 Y43.375
G1 F1800 X55.125 Y42.68 E0.01635
G0 F7200 X55.691 Y42.68
G1 F1800 X55.82 Y42.81 E0.00305
G0 F7200 X53.421 Y43.238
G1 F1800 X52.926 Y42.744 E0.01163
G0 F7200 X52.496 Y42.88
G1 F1800 X52.416 Y42.799 E0.00189
G0 F7200 X49.212 Y42.989
G1 F1800 X48.959 Y42.737 E0.00594
G0 F7200 X48.805 Y43.148
G1 F1800 X48.35 Y42.693 E0.0107
G0 F7200 X47.771 Y42.68
G1 F1800 X48.379 Y43.288 E0.0143
G0 F7200 X48.009 Y43.484
G1 F1800 X47.206 Y42.68 E0.0189
G0 F7200 X46.64 Y42.68
G1 F1800 X47.64 Y43.68 E0.02352
G0 F7200 X47.271 Y43.877
G1 F1800 X46.074 Y42.68 E0.02815
G0 F7200 X45.509 Y42.68
G1 F1800 X46.919 Y44.091 E0.03317
G0 F7200 X46.609 Y44.346
G1 F1800 X44.943 Y42.68 E0.03918
G0 F7200 X44.377 Y42.68
G1 F1800 X46.299 Y44.601 E0.04519
G0 F7200 X45.988 Y44.857
G1 F1800 X44.18 Y43.049 E0.04252
G0 F7200 X44.18 Y43.614
G1 F1800 X45.72 Y45.154 E0.03622
G0 F7200 X45.465 Y45.465
G1 F1800 X44.18 Y44.18 E0.03022
G0 F7200 X44.18 Y44.746
G1 F1800 X45.21 Y45.775 E0.02421
G0 F7200 X44.968 Y46.1
G1 F1800 X44.18 Y45.311 E0.01854
G0 F7200 X44.18 Y45.877
G1 F1800 X44.772 Y46.469 E0.01392
G0 F7200 X44.575 Y46.838
G1 F1800 X44.181 Y46.443 E0.00928
G0 F7200 X44.181 Y47.009
G1 F1800 X44.379 Y47.208 E0.00467
G0 F7200 X44.181 Y47.575
G1 F1800 X44.241 Y47.635 E0.00141
G0 F7200 X44.187 Y48.975
G0 X44.18 Y52.665
G1 F1800 X44.461 Y52.947 E0.00662
G0 F7200 X44.439 Y52.957
;MESH:NONMESH
G0 F600 X44.439 Y52.957 Z1
G0 F7200 X46.153 Y54.847
G0 X47.193 Y55.699
G0 X48.377 Y56.331
G0 X49.663 Y56.722
G0 X50.746 Y56.829
G0 X52.376 Y56.773
G0 X52.287 Y56.477
;TIME_ELAPSED:81.252010
;LAYER:7
;TYPE:WALL-INNER
;MESH:hold.stl
G1 F3600 X51 Y56.599 E0.0215
G1 X49.708 Y56.476 E0.02158
G1 X48.469 Y56.097 E0.02155
G1 X47.334 Y55.494 E0.02137
G1 X46.328 Y54.666 E0.02167
G1 X45.505 Y53.661 E0.0216
G1 X44.899 Y52.53 E0.02134
G1 X44.523 Y51.288 E0.02158
G1 X44.4 Y50 E0.02152
G1 X44.523 Y48.708 E0.02158
G1 X44.899 Y47.466 E0.02158
G1 X45.505 Y46.335 E0.02134
G1 X46.326 Y45.332 E0.02156
G1 X47.335 Y44.505 E0.0217
G1 X48.471 Y43.898 E0.02142
G1 X49.708 Y43.524 E0.02149
G1 X51 Y43.396 E0.02159
G1 X52.288 Y43.524 E0.02153
G1 X53.525 Y43.898 E0.02149
G1 X54.665 Y44.508 E0.0215
G1 X55.143 Y44.9 E0.01028
G1 X56.4 Y44.9 E0.0209
G1 X56.4 Y42.313 E0.04302
G1 X56.274 Y42.101 E0.0041
G1 X43.6 Y42.1 E0.21077
G1 X43.601 Y57.899 E0.26274
G1 X56.272 Y57.9 E0.21072
G1 X56.4 Y57.683 E0.00419
G1 X56.4 Y55.1 E0.04296
G1 X55.143 Y55.1 E0.0209
G1 X54.663 Y55.494 E0.01033
G1 X53.527 Y56.097 E0.02139
G1 X52.287 Y56.477 E0.02157
G0 F7200 X52.192 Y56.084
;TYPE:WALL-OUTER
G1 F1800 X50.981 Y56.196 E0.02022
G1 X49.805 Y56.084 E0.01965
G1 X48.641 Y55.732 E0.02022
G1 X47.54 Y55.147 E0.02073
G1 X46.628 Y54.395 E0.01966
G1 X45.831 Y53.423 E0.0209
G1 X45.279 Y52.391 E0.01946
G1 X44.916 Y51.192 E0.02083
G1 X44.8 Y49.98 E0.02025
G1 X44.916 Y48.804 E0.01965
G1 X45.279 Y47.605 E0.02083
G1 X45.831 Y46.573 E0.01946
G1 X46.629 Y45.601 E0.02091
G1 X47.573 Y44.831 E0.02026
G1 X48.605 Y44.279 E0.01946
G1 X49.804 Y43.916 E0.02083
G1 X51.02 Y43.8 E0.02031
G1 X52.192 Y43.916 E0.01959
G1 X53.391 Y44.279 E0.02083
G1 X54.423 Y44.831 E0.01946
G1 X55 Y45.3 E0.01237
G1 X56.8 Y45.3 E0.02993
G1 X56.8 Y42.262 E0.05052
G1 X56.635 Y41.879 E0.00694
G1 X56.356 Y41.701 E0.0055
G1 X43.2 Y41.7 E0.21879
G1 X43.201 Y58.299 E0.27604
G1 X56.354 Y58.3 E0.21874
G1 X56.635 Y58.12 E0.00555
G1 X56.8 Y57.734 E0.00698
G1 X56.8 Y54.7 E0.05046
G1 X55 Y54.7 E0.02993
G1 X54.422 Y55.169 E0.01238
G1 X53.355 Y55.732 E0.02006
G1 X52.192 Y56.084 E0.02021
G0 F7200 X51.993 Y56.102
G0 X52.061 Y56.81
G0 X51 Y56.854
G0 X49.663 Y56.722
G0 X48.377 Y56.331
G0 X47.193 Y55.699
G0 X46.153 Y54.847
G0 X45.301 Y53.807
G0 X44.669 Y52.623
G0 X44.278 Y51.337
G0 X44.146 Y50
G0 X44.253 Y48.917
G0 X44.555 Y47.301
;TYPE:SKIN
G1 F1632.7 X44.309 Y47.972 E0.0131
G1 F1376.7 X44.063 Y48.642 E0.01552
G1 F1304.3 X44.05 Y48.584 E0.00136
G1 F1531.9 X43.981 Y47.254 E0.02602
G1 F1800 X43.98 Y42.48 E0.07939
G1 X48.179 Y42.48 E0.06983
G1 F1607.1 X49.509 Y42.528 E0.02479
G1 F1400.8 X49.617 Y42.546 E0.00234
G1 F1437.1 X50.955 Y42.514 E0.02788
G1 X52.375 Y42.546 E0.02958
G1 F1400.8 X52.483 Y42.528 E0.00234
G1 F1607.1 X53.813 Y42.48 E0.02479
G1 F1800 X56.02 Y42.48 E0.0367
G1 X56.02 Y44.52 E0.03393
G1 X55.274 Y44.52 E0.01241
G1 X54.787 Y44.139 E0.01028
G1 X53.691 Y43.555 E0.02065
G1 F1607.1 X52.397 Y43.106 E0.02551
G1 F1400.8 X52.35 Y43.078 E0.00117
G1 F1437.1 X51.023 Y42.982 E0.02771
G1 X49.642 Y43.078 E0.02883
G1 F1400.8 X49.595 Y43.106 E0.00117
G1 F1607.1 X48.301 Y43.555 E0.02551
G1 F1800 X47.138 Y44.175 E0.02192
G1 X46.073 Y45.045 E0.02287
G1 X45.175 Y46.137 E0.02351
G1 X44.555 Y47.301 E0.02193
G0 F7200 X44.063 Y48.642
G1 F1431.4 X44 Y49.98 E0.02801
G1 F1425.7 X44.065 Y51.34 E0.02859
G0 F7200 X45.301 Y53.807
G0 X46.153 Y54.847
G0 X47.193 Y55.699
G0 X48.377 Y56.331
G0 X52.489 Y57.446
G1 F1411.8 X51 Y57.482 E0.03158
G1 F1428.6 X49.616 Y57.45 E0.02901
G1 F1398.1 X49.504 Y57.469 E0.00243
G1 F1607.1 X48.185 Y57.517 E0.02458
G1 F1800 X43.98 Y57.516 E0.06993
G1 X43.98 Y52.733 E0.07954
G1 F1525.4 X44.052 Y51.394 E0.02631
G1 F1295 X44.065 Y51.34 E0.00128
G1 F1368.8 X44.308 Y52.016 E0.01571
G1 F1629 X44.551 Y52.691 E0.01318
G1 F1800 X45.175 Y53.855 E0.02196
G1 X46.045 Y54.923 E0.02291
G1 X47.101 Y55.795 E0.02277
G1 X48.31 Y56.441 E0.0228
G1 F1607.1 X49.591 Y56.89 E0.02528
G1 F1398.1 X49.64 Y56.918 E0.00121
G1 F1428.6 X51 Y57.009 E0.02856
G1 F1411.8 X52.409 Y56.913 E0.02994
G1 F1525.4 X53.682 Y56.441 E0.02664
G1 F1800 X54.79 Y55.853 E0.02086
G1 X55.273 Y55.48 E0.01015
G1 X56.02 Y55.48 E0.01242
G1 X56.02 Y57.519 E0.03391
G1 X53.807 Y57.519 E0.0368
G1 F1525.4 X52.489 Y57.446 E0.0259
G0 F7200 X55.253 Y57.319
G1 F1800 X55.82 Y56.752 E0.01333
G0 F7200 X55.82 Y56.186
G1 F1800 X54.687 Y57.319 E0.02665
G0 F7200 X54.121 Y57.319
G1 F1800 X55.76 Y55.68 E0.03855
G1 X55.83 Y55.61
G0 F7200 X54.8 Y56.074
G1 F1800 X53.58 Y57.294 E0.02869
G0 F7200 X53.07 Y57.238
G1 F1800 X53.626 Y56.682 E0.01308
G0 F7200 X52.631 Y57.112
G1 F1800 X52.561 Y57.182 E0.00165
G0 F7200 X49.306 Y57.043
G1 F1800 X49.098 Y57.251 E0.00489
G0 F7200 X48.899 Y56.884
G1 F1800 X48.488 Y57.295 E0.00967
G0 F7200 X48.492 Y56.726
G1 F1800 X47.901 Y57.317 E0.0139
G0 F7200 X47.335 Y57.317
G1 F1800 X48.097 Y56.554 E0.01793
G0 F7200 X47.728 Y56.359
G1 F1800 X46.769 Y57.317 E0.02254
G0 F7200 X46.204 Y57.317
G1 F1800 X47.358 Y56.162 E0.02715
G0 F7200 X46.991 Y55.963
G1 F1800 X45.638 Y57.317 E0.03183
G0 F7200 X45.072 Y57.317
G1 F1800 X46.68 Y55.709 E0.03782
G0 F7200 X46.37 Y55.453
G1 F1800 X44.507 Y57.317 E0.04383
G0 F7200 X44.18 Y57.078
G1 F1800 X46.06 Y55.198 E0.04421
G0 F7200 X45.778 Y54.914
G1 F1800 X44.18 Y56.512 E0.03758
G0 F7200 X44.18 Y55.946
G1 F1800 X45.524 Y54.603 E0.0316
G0 F7200 X45.269 Y54.292
G1 F1800 X44.18 Y55.381 E0.02561
G0 F7200 X44.18 Y54.815
G1 F1800 X45.015 Y53.98 E0.01964
G0 F7200 X44.817 Y53.612
G1 F1800 X44.18 Y54.249 E0.01498
G0 F7200 X44.18 Y53.684
G1 F1800 X44.62 Y53.244 E0.01035
G0 F7200 X44.423 Y52.875
G1 F1800 X44.18 Y53.118 E0.00571
G0 F7200 X44.18 Y52.552
G1 F1800 X44.271 Y52.462 E0.00213
G0 F7200 X44.17 Y50.468
G0 X44.181 Y47.46
G1 F1800 X44.343 Y47.298 E0.00381
G0 F7200 X44.181 Y46.895
G1 F1800 X44.958 Y46.118 E0.01827
G1 X45.028 Y46.048
G0 F7200 X44.181 Y46.329
G1 F1800 X47.83 Y42.68 E0.08582
G0 F7200 X48.381 Y42.694
G1 F1800 X47.115 Y43.961 E0.02979
G1 X47.045 Y44.031
G0 F7200 X47.264 Y42.68
G1 F1800 X44.181 Y45.763 E0.07251
G0 F7200 X44.181 Y45.198
G1 F1800 X46.699 Y42.68 E0.05922
G0 F7200 X46.133 Y42.68
G1 F1800 X44.181 Y44.632 E0.04591
G0 F7200 X44.181 Y44.066
G1 F1800 X45.567 Y42.68 E0.0326
G0 F7200 X45.002 Y42.68
G1 F1800 X44.181 Y43.501 E0.01931
G0 F7200 X44.181 Y42.935
G1 F1800 X44.436 Y42.68 E0.006
G0 F7200 X48.324 Y43.317
G1 F1800 X48.908 Y42.733 E0.01373
G0 F7200 X49.22 Y42.986
G1 F1800 X49.437 Y42.77 E0.00509
G0 F7200 X52.658 Y42.943
G1 F1800 X52.852 Y42.749 E0.00456
G0 F7200 X53.066 Y43.101
G1 F1800 X53.462 Y42.705 E0.00931
G0 F7200 X53.473 Y43.259
G1 F1800 X54.052 Y42.68 E0.01362
G0 F7200 X54.618 Y42.68
G1 F1800 X53.872 Y43.426 E0.01754
G0 F7200 X54.241 Y43.623
G1 F1800 X55.183 Y42.68 E0.02217
G0 F7200 X55.749 Y42.68
G1 F1800 X54.611 Y43.819 E0.02678
G0 F7200 X54.966 Y44.029
G1 F1800 X55.82 Y43.175 E0.02008
G0 F7200 X55.82 Y43.741
G1 F1800 X55.284 Y44.276 E0.01259
G0 F7200 X55.308 Y44.247
;MESH:NONMESH
G0 F600 X55.308 Y44.247 Z1.1
G0 F7200 X52.337 Y43.278
G0 X51.134 Y43.159
G0 X43.91 Y43.76
G0 X43.76 Y43.76
;TIME_ELAPSED:91.811325
;LAYER:8
;TYPE:FILL
;MESH:hold.stl
G1 F3600 X45.765 Y45.765 E0.04715
G1 X45.835 Y45.835
G0 F7200 X45.645 Y45.678
G0 X43.91 Y44.925
G0 X43.761 Y44.925
G1 F3600 X46.426 Y42.26 E0.06268
G1 X46.496 Y42.19
G0 F7200 X46.496 Y42.41
G0 X47.917 Y42.41
G0 X47.917 Y42.26
G1 F3600 X49.174 Y43.517 E0.02956
G1 X49.244 Y43.587
G0 F7200 X49.176 Y43.363
G0 X51.112 Y43.098
G0 X51.098 Y43.245
G1 F3600 X52.083 Y42.26 E0.02317
G1 X52.153 Y42.19
G0 F7200 X52.153 Y42.41
G0 X53.574 Y42.41
G0 X53.574 Y42.26
G1 F3600 X56.054 Y44.74 E0.05833
G0 F7200 X55.259 Y44.74
G1 F3600 X56.24 Y43.759 E0.02307
G1 X56.31 Y43.689
G0 F7200 X56.09 Y43.689
G0 X51 Y43.146
G0 X49.663 Y43.278
G0 X48.377 Y43.669
G0 X47.193 Y44.301
G0 X46.153 Y45.153
G0 X45.301 Y46.193
G0 X44.669 Y47.377
G0 X44.278 Y48.663
G0 X44.146 Y50
G0 X44.278 Y51.337
G0 X44.669 Y52.623
G0 X45.301 Y53.807
G0 X46.153 Y54.847
G0 X47.193 Y55.699
G0 X48.377 Y56.331
G0 X49.663 Y56.722
G0 X51 Y56.854
G0 X52.337 Y56.722
G0 X56.053 Y55.41
G0 X56.053 Y55.26
G1 F3600 X53.573 Y57.74 E0.05833
G1 X53.503 Y57.81
G0 F7200 X53.503 Y57.59
G0 X52.083 Y57.59
G0 X52.083 Y57.74
G1 F3600 X51.091 Y56.748 E0.02333
G1 X51.021 Y56.678
G0 F7200 X51.043 Y56.91
G0 X49.131 Y56.623
G0 X49.175 Y56.481
G1 F3600 X47.916 Y57.74 E0.02961
G1 X47.846 Y57.81
G0 F7200 X47.846 Y57.59
G0 X46.425 Y57.59
G0 X46.425 Y57.739
G1 F3600 X43.76 Y55.074 E0.06268
G1 X43.69 Y55.004
G0 F7200 X43.91 Y55.004
G0 X43.91 Y56.238
G0 X43.761 Y56.238
G1 F3600 X45.765 Y54.234 E0.04713
G1 X45.835 Y54.164
G0 F7200 X45.643 Y54.32
G0 X44.789 Y52.848
G0 X43.91 Y50.581
G0 X43.761 Y50.581
G1 F3600 X44.249 Y50.094 E0.01147
G1 X44.249 Y49.906
G1 X43.76 Y49.417 E0.0115
G0 F7200 X43.91 Y49.417
G0 X44.278 Y51.337
G0 X44.669 Y52.623
G0 X45.301 Y53.807
G0 X46.153 Y54.847
G0 X47.193 Y55.699
G0 X48.377 Y56.331
G0 X49.663 Y56.722
G0 X51 Y56.854
G0 X52.337 Y56.722
G0 X53.494 Y56.37
G0 X55.26 Y55.41
G0 X55.26 Y55.26
G1 F3600 X56.24 Y56.24 E0.02305
G1 X56.31 Y56.31
G0 F7200 X56.09 Y56.31
G0 X52.376 Y56.773
G0 X52.287 Y56.477
;TYPE:WALL-INNER
G1 F3600 X51 Y56.599 E0.0215
G1 X49.708 Y56.476 E0.02158
G1 X48.469 Y56.097 E0.02155
G1 X47.334 Y55.494 E0.02137
G1 X46.328 Y54.666 E0.02167
G1 X45.505 Y53.661 E0.0216
G1 X44.899 Y52.53 E0.02134
G1 X44.523 Y51.288 E0.02158
G1 X44.4 Y50 E0.02152
G1 X44.523 Y48.708 E0.02158
G1 X44.899 Y47.466 E0.02158
G1 X45.505 Y46.335 E0.02134
G1 X46.326 Y45.332 E0.02156
G1 X47.335 Y44.505 E0.0217
G1 X48.471 Y43.898 E0.02142
G1 X49.708 Y43.524 E0.02149
G1 X51 Y43.396 E0.02159
G1 X52.288 Y43.524 E0.02153
G1 X53.525 Y43.898 E0.02149
G1 X54.665 Y44.508 E0.0215
G1 X55.143 Y44.9 E0.01028
G1 X56.4 Y44.9 E0.0209
G1 X56.4 Y42.313 E0.04302
G1 X56.275 Y42.1 E0.00411
G1 X43.6 Y42.1 E0.21079
G1 X43.601 Y57.899 E0.26274
G1 X56.272 Y57.9 E0.21072
G1 X56.4 Y57.683 E0.00419
G1 X56.4 Y55.1 E0.04296
G1 X55.143 Y55.1 E0.0209
G1 X54.663 Y55.494 E0.01033
G1 X53.527 Y56.097 E0.02139
G1 X52.287 Y56.477 E0.02157
G0 F7200 X52.192 Y56.084
;TYPE:WALL-OUTER
G1 F1800 X50.981 Y56.196 E0.02022
G1 X49.805 Y56.084 E0.01965
G1 X48.641 Y55.732 E0.02022
G1 X47.54 Y55.147 E0.02073
G1 X46.628 Y54.395 E0.01966
G1 X45.831 Y53.423 E0.0209
G1 X45.279 Y52.391 E0.01946
G1 X44.916 Y51.192 E0.02083
G1 X44.8 Y49.98 E0.02025
G1 X44.916 Y48.804 E0.01965
G1 X45.279 Y47.605 E0.02083
G1 X45.831 Y46.573 E0.01946
G1 X46.629 Y45.601 E0.02091
G1 X47.573 Y44.831 E0.02026
G1 X48.605 Y44.279 E0.01946
G1 X49.804 Y43.916 E0.02083
G1 X51.02 Y43.8 E0.02031
G1 X52.192 Y43.916 E0.01959
G1 X53.391 Y44.279 E0.02083
G1 X54.423 Y44.831 E0.01946
G1 X55 Y45.3 E0.01237
G1 X56.8 Y45.3 E0.02993
G1 X56.8 Y42.262 E0.05052
G1 X56.635 Y41.879 E0.00694
G1 X56.468 Y41.741 E0.0036
G1 X56.353 Y41.7 E0.00203
G1 X43.2 Y41.7 E0.21874
G1 X43.201 Y58.299 E0.27604
G1 X56.354 Y58.3 E0.21874
G1 X56.635 Y58.12 E0.00555
G1 X56.8 Y57.734 E0.00698
G1 X56.8 Y54.7 E0.05046
G1 X55 Y54.7 E0.02993
G1 X54.422 Y55.169 E0.01238
G1 X53.355 Y55.732 E0.02006
G1 X52.192 Y56.084 E0.02021
G0 F7200 X51.993 Y56.102
G0 X52.091 Y57.109
;MESH:NONMESH
G0 F600 X52.091 Y57.109 Z1.2
G0 F7200 X49.663 Y56.722
G0 X48.377 Y56.331
G0 X47.193 Y55.699
G0 X46.153 Y54.847
G0 X45.301 Y53.807
G0 X44.669 Y52.623
G0 X44.278 Y51.337
G0 X43.91 Y43.76
G0 X43.76 Y43.76
;TIME_ELAPSED:97.958677
;LAYER:9
;TYPE:FILL
;MESH:hold.stl
G1 F3600 X45.765 Y45.765 E0.04715
G1 X45.835 Y45.835
G0 F7200 X45.645 Y45.678
G0 X43.91 Y44.925
G0 X43.761 Y44.925
G1 F3600 X46.426 Y42.26 E0.06268
G1 X46.496 Y42.19
G0 F7200 X46.496 Y42.41
G0 X47.917 Y42.41
G0 X47.917 Y42.26
G1 F3600 X49.174 Y43.517 E0.02956
G1 X49.244 Y43.587
G0 F7200 X49.176 Y43.363
G0 X51.112 Y43.098
G0 X51.098 Y43.245
G1 F3600 X52.083 Y42.26 E0.02317
G1 X52.153 Y42.19
G0 F7200 X52.153 Y42.41
G0 X53.574 Y42.41
G0 X53.574 Y42.26
G1 F3600 X56.054 Y44.74 E0.05833
G0 F7200 X55.259 Y44.74
G1 F3600 X56.24 Y43.759 E0.02307
G1 X56.31 Y43.689
G0 F7200 X56.09 Y43.689
G0 X51 Y43.146
G0 X49.663 Y43.278
G0 X48.377 Y43.669
G0 X47.193 Y44.301
G0 X46.153 Y45.153
G0 X45.301 Y46.193
G0 X44.669 Y47.377
G0 X44.278 Y48.663
G0 X44.146 Y50
G0 X44.278 Y51.337
G0 X44.669 Y52.623
G0 X45.301 Y53.807
G0 X46.153 Y54.847
G0 X47.193 Y55.699
G0 X48.377 Y56.331
G0 X49.663 Y56.722
G0 X51 Y56.854
G0 X52.337 Y56.722
G0 X56.053 Y55.41
G0 X56.053 Y55.26
G1 F3600 X53.573 Y57.74 E0.05833
G1 X53.503 Y57.81
G0 F7200 X53.503 Y57.59
G0 X52.083 Y57.59
G0 X52.083 Y57.74
G1 F3600 X51.091 Y56.748 E0.02333
G1 X51.021 Y56.678
G0 F7200 X51.043 Y56.91
G0 X49.131 Y56.623
G0 X49.175 Y56.481
G1 F3600 X47.916 Y57.74 E0.02961
G1 X47.846 Y57.81
G0 F7200 X47.846 Y57.59
G0 X46.425 Y57.59
G0 X46.425 Y57.739
G1 F3600 X43.76 Y55.074 E0.06268
G1 X43.69 Y55.004
G0 F7200 X43.91 Y55.004
G0 X43.91 Y56.238
G0 X43.761 Y56.238
G1 F3600 X45.765 Y54.234 E0.04713
G1 X45.835 Y54.164
G0 F7200 X45.643 Y54.32
G0 X44.789 Y52.848
G0 X43.91 Y50.581
G0 X43.761 Y50.581
G1 F3600 X44.249 Y50.094 E0.01147
G1 X44.249 Y49.906
G1 X43.76 Y49.417 E0.0115
G0 F7200 X43.91 Y49.417
G0 X44.278 Y51.337
G0 X44.669 Y52.623
G0 X45.301 Y53.807
G0 X46.153 Y54.847
G0 X47.193 Y55.699
G0 X48.377 Y56.331
G0 X49.663 Y56.722
G0 X51 Y56.854
G0 X52.337 Y56.722
G0 X53.494 Y56.37
G0 X55.26 Y55.41
G0 X55.26 Y55.26
G1 F3600 X56.24 Y56.24 E0.02305
G1 X56.31 Y56.31
G0 F7200 X56.09 Y56.31
G0 X52.376 Y56.773
G0 X52.287 Y56.477
;TYPE:WALL-INNER
G1 F3600 X51 Y56.599 E0.0215
G1 X49.708 Y56.476 E0.02158
G1 X48.469 Y56.097 E0.02155
G1 X47.334 Y55.494 E0.02137
G1 X46.328 Y54.666 E0.02167
G1 X45.505 Y53.661 E0.0216
G1 X44.899 Y52.53 E0.02134
G1 X44.523 Y51.288 E0.02158
G1 X44.4 Y50 E0.02152
G1 X44.523 Y48.708 E0.02158
G1 X44.899 Y47.466 E0.02158
G1 X45.505 Y46.335 E0.02134
G1 X46.326 Y45.332 E0.02156
G1 X47.335 Y44.505 E0.0217
G1 X48.471 Y43.898 E0.02142
G1 X49.708 Y43.524 E0.02149
G1 X51 Y43.396 E0.02159
G1 X52.288 Y43.524 E0.02153
G1 X53.525 Y43.898 E0.02149
G1 X54.665 Y44.508 E0.0215
G1 X55.143 Y44.9 E0.01028
G1 X56.4 Y44.9 E0.0209
G1 X56.4 Y42.313 E0.04302
G1 X56.274 Y42.101 E0.0041
G1 X43.6 Y42.1 E0.21077
G1 X43.601 Y57.899 E0.26274
G1 X56.272 Y57.9 E0.21072
G1 X56.4 Y57.683 E0.00419
G1 X56.4 Y55.1 E0.04296
G1 X55.143 Y55.1 E0.0209
G1 X54.663 Y55.494 E0.01033
G1 X53.527 Y56.097 E0.02139
G1 X52.287 Y56.477 E0.02157
G0 F7200 X52.192 Y56.084
;TYPE:WALL-OUTER
G1 F1800 X50.981 Y56.196 E0.02022
G1 X49.805 Y56.084 E0.01965
G1 X48.641 Y55.732 E0.02022
G1 X47.54 Y55.147 E0.02073
G1 X46.628 Y54.395 E0.01966
G1 X45.831 Y53.423 E0.0209
G1 X45.279 Y52.391 E0.01946
G1 X44.916 Y51.192 E0.02083
G1 X44.8 Y49.98 E0.02025
G1 X44.916 Y48.804 E0.01965
G1 X45.279 Y47.605 E0.02083
G1 X45.831 Y46.573 E0.01946
G1 X46.629 Y45.601 E0.02091
G1 X47.573 Y44.831 E0.02026
G1 X48.605 Y44.279 E0.01946
G1 X49.804 Y43.916 E0.02083
G1 X51.02 Y43.8 E0.02031
G1 X52.192 Y43.916 E0.01959
G1 X53.391 Y44.279 E0.02083
G1 X54.423 Y44.831 E0.01946
G1 X55 Y45.3 E0.01237
G1 X56.8 Y45.3 E0.02993
G1 X56.8 Y42.262 E0.05052
G1 X56.635 Y41.879 E0.00694
G1 X56.356 Y41.701 E0.0055
G1 X43.2 Y41.7 E0.21879
G1 X43.201 Y58.299 E0.27604
G1 X56.354 Y58.3 E0.21874
G1 X56.635 Y58.12 E0.00555
G1 X56.8 Y57.734 E0.00698
G1 X56.8 Y54.7 E0.05046
G1 X55 Y54.7 E0.02993
G1 X54.422 Y55.169 E0.01238
G1 X53.355 Y55.732 E0.02006
G1 X52.192 Y56.084 E0.02021
G0 F7200 X51.993 Y56.102
G0 X52.091 Y57.109
;MESH:NONMESH
G0 F600 X52.091 Y57.109 Z1.3
G0 F7200 X49.663 Y56.722
G0 X48.377 Y56.331
G0 X47.193 Y55.699
G0 X46.153 Y54.847
G0 X45.301 Y53.807
G0 X44.669 Y52.623
G0 X44.278 Y51.337
G0 X43.91 Y43.76
G0 X43.76 Y43.76
;TIME_ELAPSED:104.105864
;LAYER:10
;TYPE:FILL
;MESH:hold.stl
G1 F3600 X45.765 Y45.765 E0.04715
G1 X45.835 Y45.835
G0 F7200 X45.645 Y45.678
G0 X43.91 Y44.925
G0 X43.761 Y44.925
G1 F3600 X46.426 Y42.26 E0.06268
G1 X46.496 Y42.19
G0 F7200 X46.496 Y42.41
G0 X47.917 Y42.41
G0 X47.917 Y42.26
G1 F3600 X49.174 Y43.517 E0.02956
G1 X49.244 Y43.587
G0 F7200 X49.176 Y43.363
G0 X51.112 Y43.098
G0 X51.098 Y43.245
G1 F3600 X52.083 Y42.26 E0.02317
G1 X52.153 Y42.19
G0 F7200 X52.153 Y42.41
G0 X53.574 Y42.41
G0 X53.574 Y42.26
G1 F3600 X56.054 Y44.74 E0.05833
G0 F7200 X55.259 Y44.74
G1 F3600 X56.24 Y43.759 E0.02307
G1 X56.31 Y43.689
G0 F7200 X56.09 Y43.689
G0 X51 Y43.146
G0 X49.663 Y43.278
G0 X48.377 Y43.669
G0 X47.193 Y44.301
G0 X46.153 Y45.153
G0 X45.301 Y46.193
G0 X44.669 Y47.377
G0 X44.278 Y48.663
G0 X44.146 Y50
G0 X44.278 Y51.337
G0 X44.669 Y52.623
G0 X45.301 Y53.807
G0 X46.153 Y54.847
G0 X47.193 Y55.699
G0 X48.377 Y56.331
G0 X49.663 Y56.722
G0 X51 Y56.854
G0 X52.337 Y56.722
G0 X56.053 Y55.41
G0 X56.053 Y55.26
G1 F3600 X53.573 Y57.74 E0.05833
G1 X53.503 Y57.81
G0 F7200 X53.503 Y57.59
G0 X52.083 Y57.59
G0 X52.083 Y57.74
G1 F3600 X51.091 Y56.748 E0.02333
G1 X51.021 Y56.678
G0 F7200 X51.043 Y56.91
G0 X49.131 Y56.623
G0 X49.175 Y56.481
G1 F3600 X47.916 Y57.74 E0.02961
G1 X47.846 Y57.81
G0 F7200 X47.846 Y57.59
G0 X46.425 Y57.59
G0 X46.425 Y57.739
G1 F3600 X43.76 Y55.074 E0.06268
G1 X43.69 Y55.004
G0 F7200 X43.91 Y55.004
G0 X43.91 Y56.238
G0 X43.761 Y56.238
G1 F3600 X45.765 Y54.234 E0.04713
G1 X45.835 Y54.164
G0 F7200 X45.643 Y54.32
G0 X44.789 Y52.848
G0 X43.91 Y50.581
G0 X43.761 Y50.581
G1 F3600 X44.249 Y50.094 E0.01147
G1 X44.249 Y49.906
G1 X43.76 Y49.417 E0.0115
G0 F7200 X43.91 Y49.417
G0 X44.278 Y51.337
G0 X44.669 Y52.623
G0 X45.301 Y53.807
G0 X46.153 Y54.847
G0 X47.193 Y55.699
G0 X48.377 Y56.331
G0 X49.663 Y56.722
G0 X51 Y56.854
G0 X52.337 Y56.722
G0 X53.494 Y56.37
G0 X55.26 Y55.41
G0 X55.26 Y55.26
G1 F3600 X56.24 Y56.24 E0.02305
G1 X56.31 Y56.31
G0 F7200 X56.09 Y56.31
G0 X52.376 Y56.773
G0 X52.287 Y56.477
;TYPE:WALL-INNER
G1 F3600 X51 Y56.599 E0.0215
G1 X49.708 Y56.476 E0.02158
G1 X48.469 Y56.097 E0.02155
G1 X47.334 Y55.494 E0.02137
G1 X46.328 Y54.666 E0.02167
G1 X45.505 Y53.661 E0.0216
G1 X44.899 Y52.53 E0.02134
G1 X44.523 Y51.288 E0.02158
G1 X44.4 Y50 E0.02152
G1 X44.523 Y48.708 E0.02158
G1 X44.899 Y47.466 E0.02158
G1 X45.505 Y46.335 E0.02134
G1 X46.326 Y45.332 E0.02156
G1 X47.335 Y44.505 E0.0217
G1 X48.471 Y43.898 E0.02142
G1 X49.708 Y43.524 E0.02149
G1 X51 Y43.396 E0.02159
G1 X52.288 Y43.524 E0.02153
G1 X53.525 Y43.898 E0.02149
G1 X54.665 Y44.508 E0.0215
G1 X55.143 Y44.9 E0.01028
G1 X56.4 Y44.9 E0.0209
G1 X56.4 Y42.313 E0.04302
G1 X56.274 Y42.101 E0.0041
G1 X43.6 Y42.1 E0.21077
G1 X43.601 Y57.899 E0.26274
G1 X56.272 Y57.9 E0.21072
G1 X56.4 Y57.68 E0.00423
G1 X56.4 Y55.1 E0.04291
G1 X55.143 Y55.1 E0.0209
G1 X54.663 Y55.494 E0.01033
G1 X53.527 Y56.097 E0.02139
G1 X52.287 Y56.477 E0.02157
G0 F7200 X52.192 Y56.084
;TYPE:WALL-OUTER
G1 F1800 X50.981 Y56.196 E0.02022
G1 X49.805 Y56.084 E0.01965
G1 X48.641 Y55.732 E0.02022
G1 X47.54 Y55.147 E0.02073
G1 X46.628 Y54.395 E0.01966
G1 X45.831 Y53.423 E0.0209
G1 X45.279 Y52.391 E0.01946
G1 X44.916 Y51.192 E0.02083
G1 X44.8 Y49.98 E0.02025
G1 X44.916 Y48.804 E0.01965
G1 X45.279 Y47.605 E0.02083
G1 X45.831 Y46.573 E0.01946
G1 X46.629 Y45.601 E0.02091
G1 X47.573 Y44.831 E0.02026
G1 X48.605 Y44.279 E0.01946
G1 X49.804 Y43.916 E0.02083
G1 X51.02 Y43.8 E0.02031
G1 X52.192 Y43.916 E0.01959
G1 X53.391 Y44.279 E0.02083
G1 X54.423 Y44.831 E0.01946
G1 X55 Y45.3 E0.01237
G1 X56.8 Y45.3 E0.02993
G1 X56.8 Y42.262 E0.05052
G1 X56.635 Y41.879 E0.00694
G1 X56.356 Y41.701 E0.0055
G1 X43.2 Y41.7 E0.21879
G1 X43.201 Y58.299 E0.27604
G1 X56.354 Y58.3 E0.21874
G1 X56.635 Y58.12 E0.00555
G1 X56.756 Y57.901 E0.00416
G1 X56.8 Y57.73 E0.00294
G1 X56.8 Y54.7 E0.05039
G1 X55 Y54.7 E0.02993
G1 X54.422 Y55.169 E0.01238
G1 X53.355 Y55.732 E0.02006
G1 X52.192 Y56.084 E0.02021
G0 F7200 X51.993 Y56.102
G0 X52.091 Y57.109
;MESH:NONMESH
G0 F600 X52.091 Y57.109 Z1.4
G0 F7200 X49.663 Y56.722
G0 X48.377 Y56.331
G0 X47.193 Y55.699
G0 X46.153 Y54.847
G0 X45.301 Y53.807
G0 X44.669 Y52.623
G0 X44.278 Y51.337
G0 X43.91 Y43.76
G0 X43.76 Y43.76
;TIME_ELAPSED:110.253139
;LAYER:11
;TYPE:FILL
;MESH:hold.stl
G1 F3600 X45.765 Y45.765 E0.04715
G1 X45.835 Y45.835
G0 F7200 X45.645 Y45.678
G0 X43.91 Y44.925
G0 X43.761 Y44.925
G1 F3600 X46.426 Y42.26 E0.06268
G1 X46.496 Y42.19
G0 F7200 X46.496 Y42.41
G0 X47.917 Y42.41
G0 X47.917 Y42.26
G1 F3600 X49.174 Y43.517 E0.02956
G1 X49.244 Y43.587
G0 F7200 X49.176 Y43.363
G0 X51.112 Y43.098
G0 X51.098 Y43.245
G1 F3600 X52.083 Y42.26 E0.02317
G1 X52.153 Y42.19
G0 F7200 X52.153 Y42.41
G0 X53.574 Y42.41
G0 X53.574 Y42.26
G1 F3600 X56.054 Y44.74 E0.05833
G0 F7200 X55.259 Y44.74
G1 F3600 X56.24 Y43.759 E0.02307
G1 X56.31 Y43.689
G0 F7200 X56.09 Y43.689
G0 X51 Y43.146
G0 X49.663 Y43.278
G0 X48.377 Y43.669
G0 X47.193 Y44.301
G0 X46.153 Y45.153
G0 X45.301 Y46.193
G0 X44.669 Y47.377
G0 X44.278 Y48.663
G0 X44.146 Y50
G0 X44.278 Y51.337
G0 X44.669 Y52.623
G0 X45.301 Y53.807
G0 X46.153 Y54.847
G0 X47.193 Y55.699
G0 X48.377 Y56.331
G0 X49.663 Y56.722
G0 X51 Y56.854
G0 X52.337 Y56.722
G0 X56.053 Y55.41
G0 X56.053 Y55.26
G1 F3600 X53.573 Y57.74 E0.05833
G1 X53.503 Y57.81
G0 F7200 X53.503 Y57.59
G0 X52.083 Y57.59
G0 X52.083 Y57.74
G1 F3600 X51.091 Y56.748 E0.02333
G1 X51.021 Y56.678
G0 F7200 X51.043 Y56.91
G0 X49.131 Y56.623
G0 X49.175 Y56.481
G1 F3600 X47.916 Y57.74 E0.02961
G1 X47.846 Y57.81
G0 F7200 X47.846 Y57.59
G0 X46.425 Y57.59
G0 X46.425 Y57.739
G1 F3600 X43.76 Y55.074 E0.06268
G1 X43.69 Y55.004
G0 F7200 X43.91 Y55.004
G0 X43.91 Y56.238
G0 X43.761 Y56.238
G1 F3600 X45.765 Y54.234 E0.04713
G1 X45.835 Y54.164
G0 F7200 X45.643 Y54.32
G0 X44.789 Y52.848
G0 X43.91 Y50.581
G0 X43.761 Y50.581
G1 F3600 X44.249 Y50.094 E0.01147
G1 X44.249 Y49.906
G1 X43.76 Y49.417 E0.0115
G0 F7200 X43.91 Y49.417
G0 X44.278 Y51.337
G0 X44.669 Y52.623
G0 X45.301 Y53.807
G0 X46.153 Y54.847
G0 X47.193 Y55.699
G0 X48.377 Y56.331
G0 X49.663 Y56.722
G0 X51 Y56.854
G0 X52.337 Y56.722
G0 X53.494 Y56.37
G0 X55.26 Y55.41
G0 X55.26 Y55.26
G1 F3600 X56.24 Y56.24 E0.02305
G1 X56.31 Y56.31
G0 F7200 X56.09 Y56.31
G0 X52.376 Y56.773
G0 X52.287 Y56.477
;TYPE:WALL-INNER
G1 F3600 X51 Y56.599 E0.0215
G1 X49.708 Y56.476 E0.02158
G1 X48.469 Y56.097 E0.02155
G1 X47.334 Y55.494 E0.02137
G1 X46.328 Y54.666 E0.02167
G1 X45.505 Y53.661 E0.0216
G1 X44.899 Y52.53 E0.02134
G1 X44.523 Y51.288 E0.02158
G1 X44.4 Y50 E0.02152
G1 X44.523 Y48.708 E0.02158
G1 X44.899 Y47.466 E0.02158
G1 X45.505 Y46.335 E0.02134
G1 X46.326 Y45.332 E0.02156
G1 X47.335 Y44.505 E0.0217
G1 X48.471 Y43.898 E0.02142
G1 X49.708 Y43.524 E0.02149
G1 X51 Y43.396 E0.02159
G1 X52.288 Y43.524 E0.02153
G1 X53.525 Y43.898 E0.02149
G1 X54.665 Y44.508 E0.0215
G1 X55.143 Y44.9 E0.01028
G1 X56.4 Y44.9 E0.0209
G1 X56.4 Y42.313 E0.04302
G1 X56.274 Y42.101 E0.0041
G1 X43.6 Y42.1 E0.21077
G1 X43.601 Y57.899 E0.26274
G1 X56.272 Y57.9 E0.21072
G1 X56.4 Y57.68 E0.00423
G1 X56.4 Y55.1 E0.04291
G1 X55.143 Y55.1 E0.0209
G1 X54.663 Y55.494 E0.01033
G1 X53.527 Y56.097 E0.02139
G1 X52.287 Y56.477 E0.02157
G0 F7200 X52.192 Y56.084
;TYPE:WALL-OUTER
G1 F1800 X50.981 Y56.196 E0.02022
G1 X49.805 Y56.084 E0.01965
G1 X48.641 Y55.732 E0.02022
G1 X47.54 Y55.147 E0.02073
G1 X46.628 Y54.395 E0.01966
G1 X45.831 Y53.423 E0.0209
G1 X45.279 Y52.391 E0.01946
G1 X44.916 Y51.192 E0.02083
G1 X44.8 Y49.98 E0.02025
G1 X44.916 Y48.804 E0.01965
G1 X45.279 Y47.605 E0.02083
G1 X45.831 Y46.573 E0.01946
G1 X46.629 Y45.601 E0.02091
G1 X47.573 Y44.831 E0.02026
G1 X48.605 Y44.279 E0.01946
G1 X49.804 Y43.916 E0.02083
G1 X51.02 Y43.8 E0.02031
G1 X52.192 Y43.916 E0.01959
G1 X53.391 Y44.279 E0.02083
G1 X54.423 Y44.831 E0.01946
G1 X55 Y45.3 E0.01237
G1 X56.8 Y45.3 E0.02993
G1 X56.8 Y42.262 E0.05052
G1 X56.635 Y41.879 E0.00694
G1 X56.356 Y41.701 E0.0055
G1 X43.2 Y41.7 E0.21879
G1 X43.201 Y58.299 E0.27604
G1 X56.354 Y58.3 E0.21874
G1 X56.635 Y58.12 E0.00555
G1 X56.756 Y57.901 E0.00416
G1 X56.8 Y57.73 E0.00294
G1 X56.8 Y54.7 E0.05039
G1 X55 Y54.7 E0.02993
G1 X54.422 Y55.169 E0.01238
G1 X53.355 Y55.732 E0.02006
G1 X52.192 Y56.084 E0.02021
G0 F7200 X51.993 Y56.102
G0 X52.091 Y57.109
;MESH:NONMESH
G0 F600 X52.091 Y57.109 Z1.5
G0 F7200 X49.663 Y56.722
G0 X48.377 Y56.331
G0 X47.193 Y55.699
G0 X46.153 Y54.847
G0 X45.301 Y53.807
G0 X44.669 Y52.623
G0 X44.278 Y51.337
G0 X43.91 Y43.76
G0 X43.76 Y43.76
;TIME_ELAPSED:116.400413
;LAYER:12
;TYPE:FILL
;MESH:hold.stl
G1 F3600 X45.765 Y45.765 E0.04715
G1 X45.835 Y45.835
G0 F7200 X45.645 Y45.678
G0 X43.91 Y44.925
G0 X43.761 Y44.925
G1 F3600 X46.426 Y42.26 E0.06268
G1 X46.496 Y42.19
G0 F7200 X46.496 Y42.41
G0 X47.917 Y42.41
G0 X47.917 Y42.26
G1 F3600 X49.174 Y43.517 E0.02956
G1 X49.244 Y43.587
G0 F7200 X49.176 Y43.363
G0 X51.112 Y43.098
G0 X51.098 Y43.245
G1 F3600 X52.083 Y42.26 E0.02317
G1 X52.153 Y42.19
G0 F7200 X52.153 Y42.41
G0 X53.574 Y42.41
G0 X53.574 Y42.26
G1 F3600 X56.054 Y44.74 E0.05833
G0 F7200 X55.259 Y44.74
G1 F3600 X56.24 Y43.759 E0.02307
G1 X56.31 Y43.689
G0 F7200 X56.09 Y43.689
G0 X51 Y43.146
G0 X49.663 Y43.278
G0 X48.377 Y43.669
G0 X47.193 Y44.301
G0 X46.153 Y45.153
G0 X45.301 Y46.193
G0 X44.669 Y47.377
G0 X44.278 Y48.663
G0 X44.146 Y50
G0 X44.278 Y51.337
G0 X44.669 Y52.623
G0 X45.301 Y53.807
G0 X46.153 Y54.847
G0 X47.193 Y55.699
G0 X48.377 Y56.331
G0 X49.663 Y56.722
G0 X51 Y56.854
G0 X52.337 Y56.722
G0 X56.053 Y55.41
G0 X56.053 Y55.26
G1 F3600 X53.573 Y57.74 E0.05833
G1 X53.503 Y57.81
G0 F7200 X53.503 Y57.59
G0 X52.083 Y57.59
G0 X52.083 Y57.74
G1 F3600 X51.091 Y56.748 E0.02333
G1 X51.021 Y56.678
G0 F7200 X51.043 Y56.91
G0 X49.131 Y56.623
G0 X49.175 Y56.481
G1 F3600 X47.916 Y57.74 E0.02961
G1 X47.846 Y57.81
G0 F7200 X47.846 Y57.59
G0 X46.425 Y57.59
G0 X46.425 Y57.739
G1 F3600 X43.76 Y55.074 E0.06268
G1 X43.69 Y55.004
G0 F7200 X43.91 Y55.004
G0 X43.91 Y56.238
G0 X43.761 Y56.238
G1 F3600 X45.765 Y54.234 E0.04713
G1 X45.835 Y54.164
G0 F7200 X45.643 Y54.32
G0 X44.789 Y52.848
G0 X43.91 Y50.581
G0 X43.761 Y50.581
G1 F3600 X44.249 Y50.094 E0.01147
G1 X44.249 Y49.906
G1 X43.76 Y49.417 E0.0115
G0 F7200 X43.91 Y49.417
G0 X44.278 Y51.337
G0 X44.669 Y52.623
G0 X45.301 Y53.807
G0 X46.153 Y54.847
G0 X47.193 Y55.699
G0 X48.377 Y56.331
G0 X49.663 Y56.722
G0 X51 Y56.854
G0 X52.337 Y56.722
G0 X53.494 Y56.37
G0 X55.26 Y55.41
G0 X55.26 Y55.26
G1 F3600 X56.24 Y56.24 E0.02305
G1 X56.31 Y56.31
G0 F7200 X56.09 Y56.31
G0 X52.376 Y56.773
G0 X52.287 Y56.477
;TYPE:WALL-INNER
G1 F3600 X51 Y56.599 E0.0215
G1 X49.708 Y56.476 E0.02158
G1 X48.469 Y56.097 E0.02155
G1 X47.334 Y55.494 E0.02137
G1 X46.328 Y54.666 E0.02167
G1 X45.505 Y53.661 E0.0216
G1 X44.899 Y52.53 E0.02134
G1 X44.523 Y51.288 E0.02158
G1 X44.4 Y50 E0.02152
G1 X44.523 Y48.708 E0.02158
G1 X44.899 Y47.466 E0.02158
G1 X45.505 Y46.335 E0.02134
G1 X46.326 Y45.332 E0.02156
G1 X47.335 Y44.505 E0.0217
G1 X48.471 Y43.898 E0.02142
G1 X49.708 Y43.524 E0.02149
G1 X51 Y43.396 E0.02159
G1 X52.288 Y43.524 E0.02153
G1 X53.525 Y43.898 E0.02149
G1 X54.665 Y44.508 E0.0215
G1 X55.143 Y44.9 E0.01028
G1 X56.4 Y44.9 E0.0209
G1 X56.4 Y42.313 E0.04302
G1 X56.274 Y42.101 E0.0041
G1 X43.6 Y42.1 E0.21077
G1 X43.601 Y57.899 E0.26274
G1 X56.272 Y57.9 E0.21072
G1 X56.4 Y57.683 E0.00419
G1 X56.4 Y55.1 E0.04296
G1 X55.143 Y55.1 E0.0209
G1 X54.663 Y55.494 E0.01033
G1 X53.527 Y56.097 E0.02139
G1 X52.287 Y56.477 E0.02157
G0 F7200 X52.192 Y56.084
;TYPE:WALL-OUTER
G1 F1800 X50.981 Y56.196 E0.02022
G1 X49.805 Y56.084 E0.01965
G1 X48.641 Y55.732 E0.02022
G1 X47.54 Y55.147 E0.02073
G1 X46.628 Y54.395 E0.01966
G1 X45.831 Y53.423 E0.0209
G1 X45.279 Y52.391 E0.01946
G1 X44.916 Y51.192 E0.02083
G1 X44.8 Y49.98 E0.02025
G1 X44.916 Y48.804 E0.01965
G1 X45.279 Y47.605 E0.02083
G1 X45.831 Y46.573 E0.01946
G1 X46.629 Y45.601 E0.02091
G1 X47.573 Y44.831 E0.02026
G1 X48.605 Y44.279 E0.01946
G1 X49.804 Y43.916 E0.02083
G1 X51.02 Y43.8 E0.02031
G1 X52.192 Y43.916 E0.01959
G1 X53.391 Y44.279 E0.02083
G1 X54.423 Y44.831 E0.01946
G1 X55 Y45.3 E0.01237
G1 X56.8 Y45.3 E0.02993
G1 X56.8 Y42.262 E0.05052
G1 X56.635 Y41.879 E0.00694
G1 X56.356 Y41.701 E0.0055
G1 X43.2 Y41.7 E0.21879
G1 X43.201 Y58.299 E0.27604
G1 X56.354 Y58.3 E0.21874
G1 X56.635 Y58.12 E0.00555
G1 X56.8 Y57.734 E0.00698
G1 X56.8 Y54.7 E0.05046
G1 X55 Y54.7 E0.02993
G1 X54.422 Y55.169 E0.01238
G1 X53.355 Y55.732 E0.02006
G1 X52.192 Y56.084 E0.02021
G0 F7200 X51.993 Y56.102
G0 X52.091 Y57.109
;MESH:NONMESH
G0 F600 X52.091 Y57.109 Z1.6
G0 F7200 X49.663 Y56.722
G0 X48.377 Y56.331
G0 X47.193 Y55.699
G0 X46.153 Y54.847
G0 X45.301 Y53.807
G0 X44.669 Y52.623
G0 X44.278 Y51.337
G0 X43.91 Y43.76
G0 X43.76 Y43.76
;TIME_ELAPSED:122.547600
;LAYER:13
;TYPE:FILL
;MESH:hold.stl
G1 F3600 X45.765 Y45.765 E0.04715
G1 X45.835 Y45.835
G0 F7200 X45.645 Y45.678
G0 X43.91 Y44.925
G0 X43.761 Y44.925
G1 F3600 X46.426 Y42.26 E0.06268
G1 X46.496 Y42.19
G0 F7200 X46.496 Y42.41
G0 X47.917 Y42.41
G0 X47.917 Y42.26
G1 F3600 X49.174 Y43.517 E0.02956
G1 X49.244 Y43.587
G0 F7200 X49.176 Y43.363
G0 X51.112 Y43.098
G0 X51.098 Y43.245
G1 F3600 X52.083 Y42.26 E0.02317
G1 X52.153 Y42.19
G0 F7200 X52.153 Y42.41
G0 X53.574 Y42.41
G0 X53.574 Y42.26
G1 F3600 X56.054 Y44.74 E0.05833
G0 F7200 X55.259 Y44.74
G1 F3600 X56.24 Y43.759 E0.02307
G1 X56.31 Y43.689
G0 F7200 X56.09 Y43.689
G0 X51 Y43.146
G0 X49.663 Y43.278
G0 X48.377 Y43.669
G0 X47.193 Y44.301
G0 X46.153 Y45.153
G0 X45.301 Y46.193
G0 X44.669 Y47.377
G0 X44.278 Y48.663
G0 X44.146 Y50
G0 X44.278 Y51.337
G0 X44.669 Y52.623
G0 X45.301 Y53.807
G0 X46.153 Y54.847
G0 X47.193 Y55.699
G0 X48.377 Y56.331
G0 X49.663 Y56.722
G0 X51 Y56.854
G0 X52.337 Y56.722
G0 X56.053 Y55.41
G0 X56.053 Y55.26
G1 F3600 X53.573 Y57.74 E0.05833
G1 X53.503 Y57.81
G0 F7200 X53.503 Y57.59
G0 X52.083 Y57.59
G0 X52.083 Y57.74
G1 F3600 X51.091 Y56.748 E0.02333
G1 X51.021 Y56.678
G0 F7200 X51.043 Y56.91
G0 X49.131 Y56.623
G0 X49.175 Y56.481
G1 F3600 X47.916 Y57.74 E0.02961
G1 X47.846 Y57.81
G0 F7200 X47.846 Y57.59
G0 X46.425 Y57.59
G0 X46.425 Y57.739
G1 F3600 X43.76 Y55.074 E0.06268
G1 X43.69 Y55.004
G0 F7200 X43.91 Y55.004
G0 X43.91 Y56.238
G0 X43.761 Y56.238
G1 F3600 X45.765 Y54.234 E0.04713
G1 X45.835 Y54.164
G0 F7200 X45.643 Y54.32
G0 X44.789 Y52.848
G0 X43.91 Y50.581
G0 X43.761 Y50.581
G1 F3600 X44.249 Y50.094 E0.01147
G1 X44.249 Y49.906
G1 X43.76 Y49.417 E0.0115
G0 F7200 X43.91 Y49.417
G0 X44.278 Y51.337
G0 X44.669 Y52.623
G0 X45.301 Y53.807
G0 X46.153 Y54.847
G0 X47.193 Y55.699
G0 X48.377 Y56.331
G0 X49.663 Y56.722
G0 X51 Y56.854
G0 X52.337 Y56.722
G0 X53.494 Y56.37
G0 X55.26 Y55.41
G0 X55.26 Y55.26
G1 F3600 X56.24 Y56.24 E0.02305
G1 X56.31 Y56.31
G0 F7200 X56.09 Y56.31
G0 X52.376 Y56.773
G0 X52.287 Y56.477
;TYPE:WALL-INNER
G1 F3600 X51 Y56.599 E0.0215
G1 X49.708 Y56.476 E0.02158
G1 X48.469 Y56.097 E0.02155
G1 X47.334 Y55.494 E0.02137
G1 X46.328 Y54.666 E0.02167
G1 X45.505 Y53.661 E0.0216
G1 X44.899 Y52.53 E0.02134
G1 X44.523 Y51.288 E0.02158
G1 X44.4 Y50 E0.02152
G1 X44.523 Y48.708 E0.02158
G1 X44.899 Y47.466 E0.02158
G1 X45.505 Y46.335 E0.02134
G1 X46.326 Y45.332 E0.02156
G1 X47.335 Y44.505 E0.0217
G1 X48.471 Y43.898 E0.02142
G1 X49.708 Y43.524 E0.02149
G1 X51 Y43.396 E0.02159
G1 X52.288 Y43.524 E0.02153
G1 X53.525 Y43.898 E0.02149
G1 X54.665 Y44.508 E0.0215
G1 X55.143 Y44.9 E0.01028
G1 X56.4 Y44.9 E0.0209
G1 X56.4 Y42.313 E0.04302
G1 X56.274 Y42.101 E0.0041
G1 X43.6 Y42.1 E0.21077
G1 X43.601 Y57.899 E0.26274
G1 X56.272 Y57.9 E0.21072
G1 X56.4 Y57.683 E0.00419
G1 X56.4 Y55.1 E0.04296
G1 X55.143 Y55.1 E0.0209
G1 X54.663 Y55.494 E0.01033
G1 X53.527 Y56.097 E0.02139
G1 X52.287 Y56.477 E0.02157
G0 F7200 X52.192 Y56.084
;TYPE:WALL-OUTER
G1 F1800 X50.981 Y56.196 E0.02022
G1 X49.805 Y56.084 E0.01965
G1 X48.641 Y55.732 E0.02022
G1 X47.54 Y55.147 E0.02073
G1 X46.628 Y54.395 E0.01966
G1 X45.831 Y53.423 E0.0209
G1 X45.279 Y52.391 E0.01946
G1 X44.916 Y51.192 E0.02083
G1 X44.8 Y49.98 E0.02025
G1 X44.916 Y48.804 E0.01965
G1 X45.279 Y47.605 E0.02083
G1 X45.831 Y46.573 E0.01946
G1 X46.629 Y45.601 E0.02091
G1 X47.573 Y44.831 E0.02026
G1 X48.605 Y44.279 E0.01946
G1 X49.804 Y43.916 E0.02083
G1 X51.02 Y43.8 E0.02031
G1 X52.192 Y43.916 E0.01959
G1 X53.391 Y44.279 E0.02083
G1 X54.423 Y44.831 E0.01946
G1 X55 Y45.3 E0.01237
G1 X56.8 Y45.3 E0.02993
G1 X56.8 Y42.262 E0.05052
G1 X56.635 Y41.879 E0.00694
G1 X56.356 Y41.701 E0.0055
G1 X43.2 Y41.7 E0.21879
G1 X43.201 Y58.299 E0.27604
G1 X56.354 Y58.3 E0.21874
G1 X56.635 Y58.12 E0.00555
G1 X56.8 Y57.734 E0.00698
G1 X56.8 Y54.7 E0.05046
G1 X55 Y54.7 E0.02993
G1 X54.422 Y55.169 E0.01238
G1 X53.355 Y55.732 E0.02006
G1 X52.192 Y56.084 E0.02021
G0 F7200 X51.993 Y56.102
G0 X52.091 Y57.109
;MESH:NONMESH
G0 F600 X52.091 Y57.109 Z1.7
G0 F7200 X49.663 Y56.722
G0 X48.377 Y56.331
G0 X47.193 Y55.699
G0 X46.153 Y54.847
G0 X45.301 Y53.807
G0 X44.669 Y52.623
G0 X44.278 Y51.337
G0 X43.91 Y43.76
G0 X43.76 Y43.76
;TIME_ELAPSED:128.694787
;LAYER:14
;TYPE:FILL
;MESH:hold.stl
G1 F3600 X45.765 Y45.765 E0.04715
G1 X45.835 Y45.835
G0 F7200 X45.645 Y45.678
G0 X43.91 Y44.925
G0 X43.761 Y44.925
G1 F3600 X46.426 Y42.26 E0.06268
G1 X46.496 Y42.19
G0 F7200 X46.496 Y42.41
G0 X47.917 Y42.41
G0 X47.917 Y42.26
G1 F3600 X49.174 Y43.517 E0.02956
G1 X49.244 Y43.587
G0 F7200 X49.176 Y43.363
G0 X51.112 Y43.098
G0 X51.098 Y43.245
G1 F3600 X52.083 Y42.26 E0.02317
G1 X52.153 Y42.19
G0 F7200 X52.153 Y42.41
G0 X53.574 Y42.41
G0 X53.574 Y42.26
G1 F3600 X56.054 Y44.74 E0.05833
G0 F7200 X55.259 Y44.74
G1 F3600 X56.24 Y43.759 E0.02307
G1 X56.31 Y43.689
G0 F7200 X56.09 Y43.689
G0 X51 Y43.146
G0 X49.663 Y43.278
G0 X48.377 Y43.669
G0 X47.193 Y44.301
G0 X46.153 Y45.153
G0 X45.301 Y46.193
G0 X44.669 Y47.377
G0 X44.278 Y48.663
G0 X44.146 Y50
G0 X44.278 Y51.337
G0 X44.669 Y52.623
G0 X45.301 Y53.807
G0 X46.153 Y54.847
G0 X47.193 Y55.699
G0 X48.377 Y56.331
G0 X49.663 Y56.722
G0 X51 Y56.854
G0 X52.337 Y56.722
G0 X56.053 Y55.41
G0 X56.053 Y55.26
G1 F3600 X53.573 Y57.74 E0.05833
G1 X53.503 Y57.81
G0 F7200 X53.503 Y57.59
G0 X52.083 Y57.59
G0 X52.083 Y57.74
G1 F3600 X51.091 Y56.748 E0.02333
G1 X51.021 Y56.678
G0 F7200 X51.043 Y56.91
G0 X49.131 Y56.623
G0 X49.175 Y56.481
G1 F3600 X47.916 Y57.74 E0.02961
G1 X47.846 Y57.81
G0 F7200 X47.846 Y57.59
G0 X46.425 Y57.59
G0 X46.425 Y57.739
G1 F3600 X43.76 Y55.074 E0.06268
G1 X43.69 Y55.004
G0 F7200 X43.91 Y55.004
G0 X43.91 Y56.238
G0 X43.761 Y56.238
G1 F3600 X45.765 Y54.234 E0.04713
G1 X45.835 Y54.164
G0 F7200 X45.643 Y54.32
G0 X44.789 Y52.848
G0 X43.91 Y50.581
G0 X43.761 Y50.581
G1 F3600 X44.249 Y50.094 E0.01147
G1 X44.249 Y49.906
G1 X43.76 Y49.417 E0.0115
G0 F7200 X43.91 Y49.417
G0 X44.278 Y51.337
G0 X44.669 Y52.623
G0 X45.301 Y53.807
G0 X46.153 Y54.847
G0 X47.193 Y55.699
G0 X48.377 Y56.331
G0 X49.663 Y56.722
G0 X51 Y56.854
G0 X52.337 Y56.722
G0 X53.494 Y56.37
G0 X55.26 Y55.41
G0 X55.26 Y55.26
G1 F3600 X56.24 Y56.24 E0.02305
G1 X56.31 Y56.31
G0 F7200 X56.09 Y56.31
G0 X52.376 Y56.773
G0 X52.287 Y56.477
;TYPE:WALL-INNER
G1 F3600 X51 Y56.599 E0.0215
G1 X49.708 Y56.476 E0.02158
G1 X48.469 Y56.097 E0.02155
G1 X47.334 Y55.494 E0.02137
G1 X46.328 Y54.666 E0.02167
G1 X45.505 Y53.661 E0.0216
G1 X44.899 Y52.53 E0.02134
G1 X44.523 Y51.288 E0.02158
G1 X44.4 Y50 E0.02152
G1 X44.523 Y48.708 E0.02158
G1 X44.899 Y47.466 E0.02158
G1 X45.505 Y46.335 E0.02134
G1 X46.326 Y45.332 E0.02156
G1 X47.335 Y44.505 E0.0217
G1 X48.471 Y43.898 E0.02142
G1 X49.708 Y43.524 E0.02149
G1 X51 Y43.396 E0.02159
G1 X52.288 Y43.524 E0.02153
G1 X53.525 Y43.898 E0.02149
G1 X54.665 Y44.508 E0.0215
G1 X55.143 Y44.9 E0.01028
G1 X56.4 Y44.9 E0.0209
G1 X56.4 Y42.313 E0.04302
G1 X56.274 Y42.101 E0.0041
G1 X43.6 Y42.1 E0.21077
G1 X43.601 Y57.899 E0.26274
G1 X56.272 Y57.9 E0.21072
G1 X56.4 Y57.683 E0.00419
G1 X56.4 Y55.1 E0.04296
G1 X55.143 Y55.1 E0.0209
G1 X54.663 Y55.494 E0.01033
G1 X53.527 Y56.097 E0.02139
G1 X52.287 Y56.477 E0.02157
G0 F7200 X52.192 Y56.084
;TYPE:WALL-OUTER
G1 F1800 X50.981 Y56.196 E0.02022
G1 X49.805 Y56.084 E0.01965
G1 X48.641 Y55.732 E0.02022
G1 X47.54 Y55.147 E0.02073
G1 X46.628 Y54.395 E0.01966
G1 X45.831 Y53.423 E0.0209
G1 X45.279 Y52.391 E0.01946
G1 X44.916 Y51.192 E0.02083
G1 X44.8 Y49.98 E0.02025
G1 X44.916 Y48.804 E0.01965
G1 X45.279 Y47.605 E0.02083
G1 X45.831 Y46.573 E0.01946
G1 X46.629 Y45.601 E0.02091
G1 X47.573 Y44.831 E0.02026
G1 X48.605 Y44.279 E0.01946
G1 X49.804 Y43.916 E0.02083
G1 X51.02 Y43.8 E0.02031
G1 X52.192 Y43.916 E0.01959
G1 X53.391 Y44.279 E0.02083
G1 X54.423 Y44.831 E0.01946
G1 X55 Y45.3 E0.01237
G1 X56.8 Y45.3 E0.02993
G1 X56.8 Y42.262 E0.05052
G1 X56.635 Y41.879 E0.00694
G1 X56.356 Y41.701 E0.0055
G1 X43.2 Y41.7 E0.21879
G1 X43.201 Y58.299 E0.27604
G1 X56.354 Y58.3 E0.21874
G1 X56.635 Y58.12 E0.00555
G1 X56.8 Y57.734 E0.00698
G1 X56.8 Y54.7 E0.05046
G1 X55 Y54.7 E0.02993
G1 X54.422 Y55.169 E0.01238
G1 X53.355 Y55.732 E0.02006
G1 X52.192 Y56.084 E0.02021
G0 F7200 X51.993 Y56.102
G0 X52.091 Y57.109
;MESH:NONMESH
G0 F600 X52.091 Y57.109 Z1.8
G0 F7200 X49.663 Y56.722
G0 X48.377 Y56.331
G0 X47.193 Y55.699
G0 X46.153 Y54.847
G0 X45.301 Y53.807
G0 X44.669 Y52.623
G0 X44.278 Y51.337
G0 X43.91 Y43.76
G0 X43.76 Y43.76
;TIME_ELAPSED:134.841974
;LAYER:15
;TYPE:FILL
;MESH:hold.stl
G1 F3600 X45.765 Y45.765 E0.04715
G1 X45.835 Y45.835
G0 F7200 X45.645 Y45.678
G0 X43.91 Y44.925
G0 X43.761 Y44.925
G1 F3600 X46.426 Y42.26 E0.06268
G1 X46.496 Y42.19
G0 F7200 X46.496 Y42.41
G0 X47.917 Y42.41
G0 X47.917 Y42.26
G1 F3600 X49.174 Y43.517 E0.02956
G1 X49.244 Y43.587
G0 F7200 X49.176 Y43.363
G0 X51.112 Y43.098
G0 X51.098 Y43.245
G1 F3600 X52.083 Y42.26 E0.02317
G1 X52.153 Y42.19
G0 F7200 X52.153 Y42.41
G0 X53.574 Y42.41
G0 X53.574 Y42.26
G1 F3600 X56.054 Y44.74 E0.05833
G0 F7200 X55.259 Y44.74
G1 F3600 X56.24 Y43.759 E0.02307
G1 X56.31 Y43.689
G0 F7200 X56.09 Y43.689
G0 X51 Y43.146
G0 X49.663 Y43.278
G0 X48.377 Y43.669
G0 X47.193 Y44.301
G0 X46.153 Y45.153
G0 X45.301 Y46.193
G0 X44.669 Y47.377
G0 X44.278 Y48.663
G0 X44.146 Y50
G0 X44.278 Y51.337
G0 X44.669 Y52.623
G0 X45.301 Y53.807
G0 X46.153 Y54.847
G0 X47.193 Y55.699
G0 X48.377 Y56.331
G0 X49.663 Y56.722
G0 X51 Y56.854
G0 X52.337 Y56.722
G0 X56.053 Y55.41
G0 X56.053 Y55.26
G1 F3600 X53.573 Y57.74 E0.05833
G1 X53.503 Y57.81
G0 F7200 X53.503 Y57.59
G0 X52.083 Y57.59
G0 X52.083 Y57.74
G1 F3600 X51.091 Y56.748 E0.02333
G1 X51.021 Y56.678
G0 F7200 X51.043 Y56.91
G0 X49.131 Y56.623
G0 X49.175 Y56.481
G1 F3600 X47.916 Y57.74 E0.02961
G1 X47.846 Y57.81
G0 F7200 X47.846 Y57.59
G0 X46.425 Y57.59
G0 X46.425 Y57.739
G1 F3600 X43.76 Y55.074 E0.06268
G1 X43.69 Y55.004
G0 F7200 X43.91 Y55.004
G0 X43.91 Y56.238
G0 X43.761 Y56.238
G1 F3600 X45.765 Y54.234 E0.04713
G1 X45.835 Y54.164
G0 F7200 X45.643 Y54.32
G0 X44.789 Y52.848
G0 X43.91 Y50.581
G0 X43.761 Y50.581
G1 F3600 X44.249 Y50.094 E0.01147
G1 X44.249 Y49.906
G1 X43.76 Y49.417 E0.0115
G0 F7200 X43.91 Y49.417
G0 X44.278 Y51.337
G0 X44.669 Y52.623
G0 X45.301 Y53.807
G0 X46.153 Y54.847
G0 X47.193 Y55.699
G0 X48.377 Y56.331
G0 X49.663 Y56.722
G0 X51 Y56.854
G0 X52.337 Y56.722
G0 X53.494 Y56.37
G0 X55.26 Y55.41
G0 X55.26 Y55.26
G1 F3600 X56.24 Y56.24 E0.02305
G1 X56.31 Y56.31
G0 F7200 X56.09 Y56.31
G0 X52.376 Y56.773
G0 X52.287 Y56.477
;TYPE:WALL-INNER
G1 F3600 X51 Y56.599 E0.0215
G1 X49.708 Y56.476 E0.02158
G1 X48.469 Y56.097 E0.02155
G1 X47.334 Y55.494 E0.02137
G1 X46.328 Y54.666 E0.02167
G1 X45.505 Y53.661 E0.0216
G1 X44.899 Y52.53 E0.02134
G1 X44.523 Y51.288 E0.02158
G1 X44.4 Y50 E0.02152
G1 X44.523 Y48.708 E0.02158
G1 X44.899 Y47.466 E0.02158
G1 X45.505 Y46.335 E0.02134
G1 X46.326 Y45.332 E0.02156
G1 X47.335 Y44.505 E0.0217
G1 X48.471 Y43.898 E0.02142
G1 X49.708 Y43.524 E0.02149
G1 X51 Y43.396 E0.02159
G1 X52.288 Y43.524 E0.02153
G1 X53.525 Y43.898 E0.02149
G1 X54.665 Y44.508 E0.0215
G1 X55.143 Y44.9 E0.01028
G1 X56.4 Y44.9 E0.0209
G1 X56.4 Y42.313 E0.04302
G1 X56.274 Y42.101 E0.0041
G1 X43.6 Y42.1 E0.21077
G1 X43.601 Y57.899 E0.26274
G1 X56.272 Y57.9 E0.21072
G1 X56.4 Y57.683 E0.00419
G1 X56.4 Y55.1 E0.04296
G1 X55.143 Y55.1 E0.0209
G1 X54.663 Y55.494 E0.01033
G1 X53.527 Y56.097 E0.02139
G1 X52.287 Y56.477 E0.02157
G0 F7200 X52.192 Y56.084
;TYPE:WALL-OUTER
G1 F1800 X50.981 Y56.196 E0.02022
G1 X49.805 Y56.084 E0.01965
G1 X48.641 Y55.732 E0.02022
G1 X47.54 Y55.147 E0.02073
G1 X46.628 Y54.395 E0.01966
G1 X45.831 Y53.423 E0.0209
G1 X45.279 Y52.391 E0.01946
G1 X44.916 Y51.192 E0.02083
G1 X44.8 Y49.98 E0.02025
G1 X44.916 Y48.804 E0.01965
G1 X45.279 Y47.605 E0.02083
G1 X45.831 Y46.573 E0.01946
G1 X46.629 Y45.601 E0.02091
G1 X47.573 Y44.831 E0.02026
G1 X48.605 Y44.279 E0.01946
G1 X49.804 Y43.916 E0.02083
G1 X51.02 Y43.8 E0.02031
G1 X52.192 Y43.916 E0.01959
G1 X53.391 Y44.279 E0.02083
G1 X54.423 Y44.831 E0.01946
G1 X55 Y45.3 E0.01237
G1 X56.8 Y45.3 E0.02993
G1 X56.8 Y42.262 E0.05052
G1 X56.635 Y41.879 E0.00694
G1 X56.356 Y41.701 E0.0055
G1 X43.2 Y41.7 E0.21879
G1 X43.201 Y58.299 E0.27604
G1 X56.354 Y58.3 E0.21874
G1 X56.635 Y58.12 E0.00555
G1 X56.8 Y57.734 E0.00698
G1 X56.8 Y54.7 E0.05046
G1 X55 Y54.7 E0.02993
G1 X54.422 Y55.169 E0.01238
G1 X53.355 Y55.732 E0.02006
G1 X52.192 Y56.084 E0.02021
G0 F7200 X51.993 Y56.102
G0 X52.091 Y57.109
;MESH:NONMESH
G0 F600 X52.091 Y57.109 Z1.9
G0 F7200 X49.663 Y56.722
G0 X48.377 Y56.331
G0 X47.193 Y55.699
G0 X46.153 Y54.847
G0 X45.301 Y53.807
G0 X44.669 Y52.623
G0 X44.278 Y51.337
G0 X43.91 Y43.76
G0 X43.76 Y43.76
;TIME_ELAPSED:140.989160
;LAYER:16
;TYPE:FILL
;MESH:hold.stl
G1 F3600 X45.765 Y45.765 E0.04715
G1 X45.835 Y45.835
G0 F7200 X45.645 Y45.678
G0 X43.91 Y44.925
G0 X43.761 Y44.925
G1 F3600 X46.426 Y42.26 E0.06268
G1 X46.496 Y42.19
G0 F7200 X46.496 Y42.41
G0 X47.917 Y42.41
G0 X47.917 Y42.26
G1 F3600 X49.174 Y43.517 E0.02956
G1 X49.244 Y43.587
G0 F7200 X49.176 Y43.363
G0 X51.112 Y43.098
G0 X51.098 Y43.245
G1 F3600 X52.083 Y42.26 E0.02317
G1 X52.153 Y42.19
G0 F7200 X52.153 Y42.41
G0 X53.574 Y42.41
G0 X53.574 Y42.26
G1 F3600 X56.054 Y44.74 E0.05833
G0 F7200 X55.259 Y44.74
G1 F3600 X56.24 Y43.759 E0.02307
G1 X56.31 Y43.689
G0 F7200 X56.09 Y43.689
G0 X51 Y43.146
G0 X49.663 Y43.278
G0 X48.377 Y43.669
G0 X47.193 Y44.301
G0 X46.153 Y45.153
G0 X45.301 Y46.193
G0 X44.669 Y47.377
G0 X44.278 Y48.663
G0 X44.146 Y50
G0 X44.278 Y51.337
G0 X44.669 Y52.623
G0 X45.301 Y53.807
G0 X46.153 Y54.847
G0 X47.193 Y55.699
G0 X48.377 Y56.331
G0 X49.663 Y56.722
G0 X51 Y56.854
G0 X52.337 Y56.722
G0 X56.053 Y55.41
G0 X56.053 Y55.26
G1 F3600 X53.573 Y57.74 E0.05833
G1 X53.503 Y57.81
G0 F7200 X53.503 Y57.59
G0 X52.083 Y57.59
G0 X52.083 Y57.74
G1 F3600 X51.091 Y56.748 E0.02333
G1 X51.021 Y56.678
G0 F7200 X51.043 Y56.91
G0 X49.131 Y56.623
G0 X49.175 Y56.481
G1 F3600 X47.916 Y57.74 E0.02961
G1 X47.846 Y57.81
G0 F7200 X47.846 Y57.59
G0 X46.425 Y57.59
G0 X46.425 Y57.739
G1 F3600 X43.76 Y55.074 E0.06268
G1 X43.69 Y55.004
G0 F7200 X43.91 Y55.004
G0 X43.91 Y56.238
G0 X43.761 Y56.238
G1 F3600 X45.765 Y54.234 E0.04713
G1 X45.835 Y54.164
G0 F7200 X45.643 Y54.32
G0 X44.789 Y52.848
G0 X43.91 Y50.581
G0 X43.761 Y50.581
G1 F3600 X44.249 Y50.094 E0.01147
G1 X44.249 Y49.906
G1 X43.76 Y49.417 E0.0115
G0 F7200 X43.91 Y49.417
G0 X44.278 Y51.337
G0 X44.669 Y52.623
G0 X45.301 Y53.807
G0 X46.153 Y54.847
G0 X47.193 Y55.699
G0 X48.377 Y56.331
G0 X49.663 Y56.722
G0 X51 Y56.854
G0 X52.337 Y56.722
G0 X53.494 Y56.37
G0 X55.26 Y55.41
G0 X55.26 Y55.26
G1 F3600 X56.24 Y56.24 E0.02305
G1 X56.31 Y56.31
G0 F7200 X56.09 Y56.31
G0 X52.376 Y56.773
G0 X52.287 Y56.477
;TYPE:WALL-INNER
G1 F3600 X51 Y56.599 E0.0215
G1 X49.708 Y56.476 E0.02158
G1 X48.469 Y56.097 E0.02155
G1 X47.334 Y55.494 E0.02137
G1 X46.328 Y54.666 E0.02167
G1 X45.505 Y53.661 E0.0216
G1 X44.899 Y52.53 E0.02134
G1 X44.523 Y51.288 E0.02158
G1 X44.4 Y50 E0.02152
G1 X44.523 Y48.708 E0.02158
G1 X44.899 Y47.466 E0.02158
G1 X45.505 Y46.335 E0.02134
G1 X46.326 Y45.332 E0.02156
G1 X47.335 Y44.505 E0.0217
G1 X48.471 Y43.898 E0.02142
G1 X49.708 Y43.524 E0.02149
G1 X51 Y43.396 E0.02159
G1 X52.288 Y43.524 E0.02153
G1 X53.525 Y43.898 E0.02149
G1 X54.665 Y44.508 E0.0215
G1 X55.143 Y44.9 E0.01028
G1 X56.4 Y44.9 E0.0209
G1 X56.4 Y42.313 E0.04302
G1 X56.274 Y42.101 E0.0041
G1 X43.6 Y42.1 E0.21077
G1 X43.601 Y57.899 E0.26274
G1 X56.272 Y57.9 E0.21072
G1 X56.4 Y57.683 E0.00419
G1 X56.4 Y55.1 E0.04296
G1 X55.143 Y55.1 E0.0209
G1 X54.663 Y55.494 E0.01033
G1 X53.527 Y56.097 E0.02139
G1 X52.287 Y56.477 E0.02157
G0 F7200 X52.192 Y56.084
;TYPE:WALL-OUTER
G1 F1800 X50.981 Y56.196 E0.02022
G1 X49.805 Y56.084 E0.01965
G1 X48.641 Y55.732 E0.02022
G1 X47.54 Y55.147 E0.02073
G1 X46.628 Y54.395 E0.01966
G1 X45.831 Y53.423 E0.0209
G1 X45.279 Y52.391 E0.01946
G1 X44.916 Y51.192 E0.02083
G1 X44.8 Y49.98 E0.02025
G1 X44.916 Y48.804 E0.01965
G1 X45.279 Y47.605 E0.02083
G1 X45.831 Y46.573 E0.01946
G1 X46.629 Y45.601 E0.02091
G1 X47.573 Y44.831 E0.02026
G1 X48.605 Y44.279 E0.01946
G1 X49.804 Y43.916 E0.02083
G1 X51.02 Y43.8 E0.02031
G1 X52.192 Y43.916 E0.01959
G1 X53.391 Y44.279 E0.02083
G1 X54.423 Y44.831 E0.01946
G1 X55 Y45.3 E0.01237
G1 X56.8 Y45.3 E0.02993
G1 X56.8 Y42.262 E0.05052
G1 X56.635 Y41.879 E0.00694
G1 X56.356 Y41.701 E0.0055
G1 X43.2 Y41.7 E0.21879
G1 X43.201 Y58.299 E0.27604
G1 X56.354 Y58.3 E0.21874
G1 X56.635 Y58.12 E0.00555
G1 X56.8 Y57.734 E0.00698
G1 X56.8 Y54.7 E0.05046
G1 X55 Y54.7 E0.02993
G1 X54.422 Y55.169 E0.01238
G1 X53.355 Y55.732 E0.02006
G1 X52.192 Y56.084 E0.02021
G0 F7200 X51.993 Y56.102
G0 X52.091 Y57.109
;MESH:NONMESH
G0 F600 X52.091 Y57.109 Z2
G0 F7200 X49.663 Y56.722
G0 X48.377 Y56.331
G0 X47.193 Y55.699
G0 X46.153 Y54.847
G0 X45.301 Y53.807
G0 X44.669 Y52.623
G0 X44.278 Y51.337
G0 X43.91 Y43.76
G0 X43.76 Y43.76
;TIME_ELAPSED:147.136347
;LAYER:17
;TYPE:FILL
;MESH:hold.stl
G1 F3600 X45.765 Y45.765 E0.04715
G1 X45.835 Y45.835
G0 F7200 X45.645 Y45.678
G0 X43.91 Y44.925
G0 X43.761 Y44.925
G1 F3600 X46.426 Y42.26 E0.06268
G1 X46.496 Y42.19
G0 F7200 X46.496 Y42.41
G0 X47.917 Y42.41
G0 X47.917 Y42.26
G1 F3600 X49.174 Y43.517 E0.02956
G1 X49.244 Y43.587
G0 F7200 X49.176 Y43.363
G0 X51.112 Y43.098
G0 X51.098 Y43.245
G1 F3600 X52.083 Y42.26 E0.02317
G1 X52.153 Y42.19
G0 F7200 X52.153 Y42.41
G0 X53.574 Y42.41
G0 X53.574 Y42.26
G1 F3600 X56.054 Y44.74 E0.05833
G0 F7200 X55.259 Y44.74
G1 F3600 X56.24 Y43.759 E0.02307
G1 X56.31 Y43.689
G0 F7200 X56.09 Y43.689
G0 X51 Y43.146
G0 X49.663 Y43.278
G0 X48.377 Y43.669
G0 X47.193 Y44.301
G0 X46.153 Y45.153
G0 X45.301 Y46.193
G0 X44.669 Y47.377
G0 X44.278 Y48.663
G0 X44.146 Y50
G0 X44.278 Y51.337
G0 X44.669 Y52.623
G0 X45.301 Y53.807
G0 X46.153 Y54.847
G0 X47.193 Y55.699
G0 X48.377 Y56.331
G0 X49.663 Y56.722
G0 X51 Y56.854
G0 X52.337 Y56.722
G0 X56.053 Y55.41
G0 X56.053 Y55.26
G1 F3600 X53.573 Y57.74 E0.05833
G1 X53.503 Y57.81
G0 F7200 X53.503 Y57.59
G0 X52.083 Y57.59
G0 X52.083 Y57.74
G1 F3600 X51.091 Y56.748 E0.02333
G1 X51.021 Y56.678
G0 F7200 X51.043 Y56.91
G0 X49.131 Y56.623
G0 X49.175 Y56.481
G1 F3600 X47.916 Y57.74 E0.02961
G1 X47.846 Y57.81
G0 F7200 X47.846 Y57.59
G0 X46.425 Y57.59
G0 X46.425 Y57.739
G1 F3600 X43.76 Y55.074 E0.06268
G1 X43.69 Y55.004
G0 F7200 X43.91 Y55.004
G0 X43.91 Y56.238
G0 X43.761 Y56.238
G1 F3600 X45.765 Y54.234 E0.04713
G1 X45.835 Y54.164
G0 F7200 X45.643 Y54.32
G0 X44.789 Y52.848
G0 X43.91 Y50.581
G0 X43.761 Y50.581
G1 F3600 X44.249 Y50.094 E0.01147
G1 X44.249 Y49.906
G1 X43.76 Y49.417 E0.0115
G0 F7200 X43.91 Y49.417
G0 X44.278 Y51.337
G0 X44.669 Y52.623
G0 X45.301 Y53.807
G0 X46.153 Y54.847
G0 X47.193 Y55.699
G0 X48.377 Y56.331
G0 X49.663 Y56.722
G0 X51 Y56.854
G0 X52.337 Y56.722
G0 X53.494 Y56.37
G0 X55.26 Y55.41
G0 X55.26 Y55.26
G1 F3600 X56.24 Y56.24 E0.02305
G1 X56.31 Y56.31
G0 F7200 X56.09 Y56.31
G0 X52.376 Y56.773
G0 X52.287 Y56.477
;TYPE:WALL-INNER
G1 F3600 X51 Y56.599 E0.0215
G1 X49.708 Y56.476 E0.02158
G1 X48.469 Y56.097 E0.02155
G1 X47.334 Y55.494 E0.02137
G1 X46.328 Y54.666 E0.02167
G1 X45.505 Y53.661 E0.0216
G1 X44.899 Y52.53 E0.02134
G1 X44.523 Y51.288 E0.02158
G1 X44.4 Y50 E0.02152
G1 X44.523 Y48.708 E0.02158
G1 X44.899 Y47.466 E0.02158
G1 X45.505 Y46.335 E0.02134
G1 X46.326 Y45.332 E0.02156
G1 X47.335 Y44.505 E0.0217
G1 X48.471 Y43.898 E0.02142
G1 X49.708 Y43.524 E0.02149
G1 X51 Y43.396 E0.02159
G1 X52.288 Y43.524 E0.02153
G1 X53.525 Y43.898 E0.02149
G1 X54.665 Y44.508 E0.0215
G1 X55.143 Y44.9 E0.01028
G1 X56.4 Y44.9 E0.0209
G1 X56.4 Y42.313 E0.04302
G1 X56.274 Y42.101 E0.0041
G1 X43.6 Y42.1 E0.21077
G1 X43.601 Y57.899 E0.26274
G1 X56.272 Y57.9 E0.21072
G1 X56.4 Y57.683 E0.00419
G1 X56.4 Y55.1 E0.04296
G1 X55.143 Y55.1 E0.0209
G1 X54.663 Y55.494 E0.01033
G1 X53.527 Y56.097 E0.02139
G1 X52.287 Y56.477 E0.02157
G0 F7200 X52.192 Y56.084
;TYPE:WALL-OUTER
G1 F1800 X50.981 Y56.196 E0.02022
G1 X49.805 Y56.084 E0.01965
G1 X48.641 Y55.732 E0.02022
G1 X47.54 Y55.147 E0.02073
G1 X46.628 Y54.395 E0.01966
G1 X45.831 Y53.423 E0.0209
G1 X45.279 Y52.391 E0.01946
G1 X44.916 Y51.192 E0.02083
G1 X44.8 Y49.98 E0.02025
G1 X44.916 Y48.804 E0.01965
G1 X45.279 Y47.605 E0.02083
G1 X45.831 Y46.573 E0.01946
G1 X46.629 Y45.601 E0.02091
G1 X47.573 Y44.831 E0.02026
G1 X48.605 Y44.279 E0.01946
G1 X49.804 Y43.916 E0.02083
G1 X51.02 Y43.8 E0.02031
G1 X52.192 Y43.916 E0.01959
G1 X53.391 Y44.279 E0.02083
G1 X54.423 Y44.831 E0.01946
G1 X55 Y45.3 E0.01237
G1 X56.8 Y45.3 E0.02993
G1 X56.8 Y42.262 E0.05052
G1 X56.635 Y41.879 E0.00694
G1 X56.356 Y41.701 E0.0055
G1 X43.2 Y41.7 E0.21879
G1 X43.201 Y58.299 E0.27604
G1 X56.354 Y58.3 E0.21874
G1 X56.635 Y58.12 E0.00555
G1 X56.8 Y57.734 E0.00698
G1 X56.8 Y54.7 E0.05046
G1 X55 Y54.7 E0.02993
G1 X54.422 Y55.169 E0.01238
G1 X53.355 Y55.732 E0.02006
G1 X52.192 Y56.084 E0.02021
G0 F7200 X51.993 Y56.102
G0 X52.091 Y57.109
;MESH:NONMESH
G0 F600 X52.091 Y57.109 Z2.1
G0 F7200 X49.663 Y56.722
G0 X48.377 Y56.331
G0 X47.193 Y55.699
G0 X46.153 Y54.847
G0 X45.301 Y53.807
G0 X44.669 Y52.623
G0 X44.278 Y51.337
G0 X43.91 Y43.76
G0 X43.76 Y43.76
;TIME_ELAPSED:153.283534
;LAYER:18
;TYPE:FILL
;MESH:hold.stl
G1 F3600 X45.765 Y45.765 E0.04715
G1 X45.835 Y45.835
G0 F7200 X45.645 Y45.678
G0 X43.91 Y44.925
G0 X43.761 Y44.925
G1 F3600 X46.426 Y42.26 E0.06268
G1 X46.496 Y42.19
G0 F7200 X46.496 Y42.41
G0 X47.917 Y42.41
G0 X47.917 Y42.26
G1 F3600 X49.174 Y43.517 E0.02956
G1 X49.244 Y43.587
G0 F7200 X49.176 Y43.363
G0 X51.112 Y43.098
G0 X51.098 Y43.245
G1 F3600 X52.083 Y42.26 E0.02317
G1 X52.153 Y42.19
G0 F7200 X52.153 Y42.41
G0 X53.574 Y42.41
G0 X53.574 Y42.26
G1 F3600 X56.054 Y44.74 E0.05833
G0 F7200 X55.259 Y44.74
G1 F3600 X56.24 Y43.759 E0.02307
G1 X56.31 Y43.689
G0 F7200 X56.09 Y43.689
G0 X51 Y43.146
G0 X49.663 Y43.278
G0 X48.377 Y43.669
G0 X47.193 Y44.301
G0 X46.153 Y45.153
G0 X45.301 Y46.193
G0 X44.669 Y47.377
G0 X44.278 Y48.663
G0 X44.146 Y50
G0 X44.278 Y51.337
G0 X44.669 Y52.623
G0 X45.301 Y53.807
G0 X46.153 Y54.847
G0 X47.193 Y55.699
G0 X48.377 Y56.331
G0 X49.663 Y56.722
G0 X51 Y56.854
G0 X52.337 Y56.722
G0 X56.053 Y55.41
G0 X56.053 Y55.26
G1 F3600 X53.573 Y57.74 E0.05833
G1 X53.503 Y57.81
G0 F7200 X53.503 Y57.59
G0 X52.083 Y57.59
G0 X52.083 Y57.74
G1 F3600 X51.091 Y56.748 E0.02333
G1 X51.021 Y56.678
G0 F7200 X51.043 Y56.91
G0 X49.131 Y56.623
G0 X49.175 Y56.481
G1 F3600 X47.916 Y57.74 E0.02961
G1 X47.846 Y57.81
G0 F7200 X47.846 Y57.59
G0 X46.425 Y57.59
G0 X46.425 Y57.739
G1 F3600 X43.76 Y55.074 E0.06268
G1 X43.69 Y55.004
G0 F7200 X43.91 Y55.004
G0 X43.91 Y56.238
G0 X43.761 Y56.238
G1 F3600 X45.765 Y54.234 E0.04713
G1 X45.835 Y54.164
G0 F7200 X45.643 Y54.32
G0 X44.789 Y52.848
G0 X43.91 Y50.581
G0 X43.761 Y50.581
G1 F3600 X43.841 Y50.502 E0.00187
G0 F7200 X43.91 Y50.502
G0 X43.91 Y49.497
G0 X43.841 Y49.497
G1 F3600 X43.76 Y49.417 E0.00189
G0 F7200 X43.91 Y49.417
G0 X44.278 Y51.337
G0 X44.669 Y52.623
G0 X45.301 Y53.807
G0 X46.153 Y54.847
G0 X47.193 Y55.699
G0 X48.377 Y56.331
G0 X49.663 Y56.722
G0 X51 Y56.854
G0 X52.337 Y56.722
G0 X53.494 Y56.37
G0 X55.26 Y55.41
G0 X55.26 Y55.26
G1 F3600 X56.24 Y56.24 E0.02305
G1 X56.31 Y56.31
G0 F7200 X56.09 Y56.31
G0 X52.376 Y56.773
G0 X52.287 Y56.477
;TYPE:WALL-INNER
G1 F3600 X51 Y56.599 E0.0215
G1 X49.708 Y56.476 E0.02158
G1 X48.469 Y56.097 E0.02155
G1 X47.334 Y55.494 E0.02137
G1 X46.328 Y54.666 E0.02167
G1 X45.505 Y53.661 E0.0216
G1 X44.899 Y52.53 E0.02134
G1 X44.523 Y51.288 E0.02158
G1 X44.4 Y50 E0.02152
G1 X44.523 Y48.708 E0.02158
G1 X44.899 Y47.466 E0.02158
G1 X45.505 Y46.335 E0.02134
G1 X46.326 Y45.332 E0.02156
G1 X47.335 Y44.505 E0.0217
G1 X48.471 Y43.898 E0.02142
G1 X49.708 Y43.524 E0.02149
G1 X51 Y43.396 E0.02159
G1 X52.288 Y43.524 E0.02153
G1 X53.525 Y43.898 E0.02149
G1 X54.665 Y44.508 E0.0215
G1 X55.143 Y44.9 E0.01028
G1 X56.4 Y44.9 E0.0209
G1 X56.4 Y42.313 E0.04302
G1 X56.274 Y42.101 E0.0041
G1 X43.6 Y42.1 E0.21077
G1 X43.601 Y57.899 E0.26274
G1 X56.272 Y57.9 E0.21072
G1 X56.4 Y57.683 E0.00419
G1 X56.4 Y55.1 E0.04296
G1 X55.143 Y55.1 E0.0209
G1 X54.663 Y55.494 E0.01033
G1 X53.527 Y56.097 E0.02139
G1 X52.287 Y56.477 E0.02157
G0 F7200 X52.192 Y56.084
;TYPE:WALL-OUTER
G1 F1800 X50.981 Y56.196 E0.02022
G1 X49.805 Y56.084 E0.01965
G1 X48.641 Y55.732 E0.02022
G1 X47.54 Y55.147 E0.02073
G1 X46.628 Y54.395 E0.01966
G1 X45.831 Y53.423 E0.0209
G1 X45.279 Y52.391 E0.01946
G1 X44.916 Y51.192 E0.02083
G1 X44.8 Y49.98 E0.02025
G1 X44.916 Y48.804 E0.01965
G1 X45.279 Y47.605 E0.02083
G1 X45.831 Y46.573 E0.01946
G1 X46.629 Y45.601 E0.02091
G1 X47.573 Y44.831 E0.02026
G1 X48.605 Y44.279 E0.01946
G1 X49.804 Y43.916 E0.02083
G1 X51.02 Y43.8 E0.02031
G1 X52.192 Y43.916 E0.01959
G1 X53.391 Y44.279 E0.02083
G1 X54.423 Y44.831 E0.01946
G1 X55 Y45.3 E0.01237
G1 X56.8 Y45.3 E0.02993
G1 X56.8 Y42.262 E0.05052
G1 X56.635 Y41.879 E0.00694
G1 X56.356 Y41.701 E0.0055
G1 X43.2 Y41.7 E0.21879
G1 X43.201 Y58.299 E0.27604
G1 X56.354 Y58.3 E0.21874
G1 X56.635 Y58.12 E0.00555
G1 X56.8 Y57.734 E0.00698
G1 X56.8 Y54.7 E0.05046
G1 X55 Y54.7 E0.02993
G1 X54.422 Y55.169 E0.01238
G1 X53.355 Y55.732 E0.02006
G1 X52.192 Y56.084 E0.02021
G0 F7200 X51.993 Y56.102
G0 X52.061 Y56.81
G0 X51 Y56.854
G0 X49.663 Y56.722
G0 X48.377 Y56.331
G0 X47.193 Y55.699
G0 X46.153 Y54.847
G0 X45.301 Y53.807
G0 X44.669 Y52.623
G0 X44.278 Y51.337
G0 X44.117 Y48.257
;TYPE:SKIN
G1 F1152 X44.068 Y48.584 E0.00859
G1 F1414.5 X44 Y49.98 E0.02958
G1 F1420.1 X44.066 Y51.361 E0.02914
G1 F1150.2 X44.12 Y51.736 E0.00986
G0 F7200 X44.21 Y51.762
;MESH:NONMESH
G0 F600 X44.21 Y51.762 Z2.2
G0 F7200 X43.91 Y43.76
G0 X43.76 Y43.76
;TIME_ELAPSED:159.642293
;LAYER:19
;TYPE:FILL
;MESH:hold.stl
G1 F3600 X45.765 Y45.765 E0.04715
G1 X45.835 Y45.835
G0 F7200 X45.645 Y45.678
G0 X43.91 Y44.925
G0 X43.761 Y44.925
G1 F3600 X46.426 Y42.26 E0.06268
G1 X46.496 Y42.19
G0 F7200 X46.496 Y42.41
G0 X47.917 Y42.41
G0 X47.917 Y42.26
G1 F3600 X49.174 Y43.517 E0.02956
G1 X49.244 Y43.587
G0 F7200 X49.176 Y43.363
G0 X51.112 Y43.098
G0 X51.098 Y43.245
G1 F3600 X52.083 Y42.26 E0.02317
G1 X52.153 Y42.19
G0 F7200 X52.153 Y42.41
G0 X53.574 Y42.41
G0 X53.574 Y42.26
G1 F3600 X56.054 Y44.74 E0.05833
G0 F7200 X55.259 Y44.74
G1 F3600 X56.24 Y43.759 E0.02307
G1 X56.31 Y43.689
G0 F7200 X56.09 Y43.689
G0 X51 Y43.146
G0 X49.663 Y43.278
G0 X48.377 Y43.669
G0 X47.193 Y44.301
G0 X46.153 Y45.153
G0 X45.301 Y46.193
G0 X44.669 Y47.377
G0 X44.278 Y48.663
G0 X44.146 Y50
G0 X44.278 Y51.337
G0 X44.669 Y52.623
G0 X45.301 Y53.807
G0 X46.153 Y54.847
G0 X47.193 Y55.699
G0 X48.377 Y56.331
G0 X49.663 Y56.722
G0 X51 Y56.854
G0 X52.337 Y56.722
G0 X56.053 Y55.41
G0 X56.053 Y55.26
G1 F3600 X53.573 Y57.74 E0.05833
G1 X53.503 Y57.81
G0 F7200 X53.503 Y57.59
G0 X52.083 Y57.59
G0 X52.083 Y57.74
G1 F3600 X51.091 Y56.748 E0.02333
G1 X51.021 Y56.678
G0 F7200 X51.043 Y56.91
G0 X49.131 Y56.623
G0 X49.175 Y56.481
G1 F3600 X47.916 Y57.74 E0.02961
G1 X47.846 Y57.81
G0 F7200 X47.846 Y57.59
G0 X46.425 Y57.59
G0 X46.425 Y57.739
G1 F3600 X43.76 Y55.074 E0.06268
G1 X43.69 Y55.004
G0 F7200 X43.91 Y55.004
G0 X43.91 Y56.238
G0 X43.761 Y56.238
G1 F3600 X45.765 Y54.234 E0.04713
G1 X45.835 Y54.164
G0 F7200 X45.643 Y54.32
G0 X44.789 Y52.848
G0 X43.91 Y50.581
G0 X43.761 Y50.581
G1 F3600 X43.841 Y50.502 E0.00187
G0 F7200 X43.91 Y50.502
G0 X43.91 Y49.497
G0 X43.841 Y49.497
G1 F3600 X43.76 Y49.417 E0.00189
G0 F7200 X43.91 Y49.417
G0 X44.278 Y51.337
G0 X44.669 Y52.623
G0 X45.301 Y53.807
G0 X46.153 Y54.847
G0 X47.193 Y55.699
G0 X48.377 Y56.331
G0 X49.663 Y56.722
G0 X51 Y56.854
G0 X52.337 Y56.722
G0 X53.494 Y56.37
G0 X55.26 Y55.41
G0 X55.26 Y55.26
G1 F3600 X56.24 Y56.24 E0.02305
G1 X56.31 Y56.31
G0 F7200 X56.09 Y56.31
G0 X52.376 Y56.773
G0 X52.287 Y56.477
;TYPE:WALL-INNER
G1 F3600 X51 Y56.599 E0.0215
G1 X49.708 Y56.476 E0.02158
G1 X48.469 Y56.097 E0.02155
G1 X47.334 Y55.494 E0.02137
G1 X46.328 Y54.666 E0.02167
G1 X45.505 Y53.661 E0.0216
G1 X44.899 Y52.53 E0.02134
G1 X44.523 Y51.288 E0.02158
G1 X44.4 Y50 E0.02152
G1 X44.523 Y48.708 E0.02158
G1 X44.899 Y47.466 E0.02158
G1 X45.505 Y46.335 E0.02134
G1 X46.326 Y45.332 E0.02156
G1 X47.335 Y44.505 E0.0217
G1 X48.471 Y43.898 E0.02142
G1 X49.708 Y43.524 E0.02149
G1 X51 Y43.396 E0.02159
G1 X52.288 Y43.524 E0.02153
G1 X53.525 Y43.898 E0.02149
G1 X54.665 Y44.508 E0.0215
G1 X55.143 Y44.9 E0.01028
G1 X56.4 Y44.9 E0.0209
G1 X56.4 Y42.313 E0.04302
G1 X56.274 Y42.101 E0.0041
G1 X43.6 Y42.1 E0.21077
G1 X43.601 Y57.899 E0.26274
G1 X56.272 Y57.9 E0.21072
G1 X56.4 Y57.683 E0.00419
G1 X56.4 Y55.1 E0.04296
G1 X55.143 Y55.1 E0.0209
G1 X54.663 Y55.494 E0.01033
G1 X53.527 Y56.097 E0.02139
G1 X52.287 Y56.477 E0.02157
G0 F7200 X52.192 Y56.084
;TYPE:WALL-OUTER
G1 F1800 X50.981 Y56.196 E0.02022
G1 X49.805 Y56.084 E0.01965
G1 X48.641 Y55.732 E0.02022
G1 X47.54 Y55.147 E0.02073
G1 X46.628 Y54.395 E0.01966
G1 X45.831 Y53.423 E0.0209
G1 X45.279 Y52.391 E0.01946
G1 X44.916 Y51.192 E0.02083
G1 X44.8 Y49.98 E0.02025
G1 X44.916 Y48.804 E0.01965
G1 X45.279 Y47.605 E0.02083
G1 X45.831 Y46.573 E0.01946
G1 X46.629 Y45.601 E0.02091
G1 X47.573 Y44.831 E0.02026
G1 X48.605 Y44.279 E0.01946
G1 X49.804 Y43.916 E0.02083
G1 X51.02 Y43.8 E0.02031
G1 X52.192 Y43.916 E0.01959
G1 X53.391 Y44.279 E0.02083
G1 X54.423 Y44.831 E0.01946
G1 X55 Y45.3 E0.01237
G1 X56.8 Y45.3 E0.02993
G1 X56.8 Y42.262 E0.05052
G1 X56.635 Y41.879 E0.00694
G1 X56.356 Y41.701 E0.0055
G1 X43.2 Y41.7 E0.21879
G1 X43.201 Y58.299 E0.27604
G1 X56.354 Y58.3 E0.21874
G1 X56.635 Y58.12 E0.00555
G1 X56.8 Y57.734 E0.00698
G1 X56.8 Y54.7 E0.05046
G1 X55 Y54.7 E0.02993
G1 X54.422 Y55.169 E0.01238
G1 X53.355 Y55.732 E0.02006
G1 X52.192 Y56.084 E0.02021
G0 F7200 X51.993 Y56.102
G0 X52.061 Y56.81
G0 X51 Y56.854
G0 X49.663 Y56.722
G0 X48.377 Y56.331
G0 X47.193 Y55.699
G0 X46.153 Y54.847
G0 X45.301 Y53.807
G0 X44.065 Y51.34
;TYPE:SKIN
G1 F1572.1 X44.295 Y51.739 E0.00877
G1 F2069 X44.362 Y51.962 E0.00337
G1 X43.954 Y51.962 E0.0059
G1 X43.954 Y51.788 E0.00252
G1 F1572.1 X44.065 Y51.34 E0.00879
G0 F7200 X44.063 Y48.642
G1 F1585.9 X43.952 Y48.204 E0.00853
G1 F2093 X43.952 Y48.032 E0.00246
G1 X44.356 Y48.032 E0.00578
G1 X44.288 Y48.254 E0.00332
G1 F1585.9 X44.063 Y48.642 E0.00847
G1 F1431.4 X44 Y49.98 E0.02801
G1 F1425.7 X44.065 Y51.34 E0.02859
G0 F7200 X44.21 Y51.354
;MESH:NONMESH
G0 F600 X44.21 Y51.354 Z2.3
G0 F7200 X43.91 Y43.76
G0 X43.76 Y43.76
;TIME_ELAPSED:166.108606
;LAYER:20
;TYPE:FILL
;MESH:hold.stl
G1 F3600 X45.765 Y45.765 E0.04715
G1 X45.835 Y45.835
G0 F7200 X45.645 Y45.678
G0 X43.91 Y44.925
G0 X43.761 Y44.925
G1 F3600 X46.426 Y42.26 E0.06268
G1 X46.496 Y42.19
G0 F7200 X46.496 Y42.41
G0 X47.917 Y42.41
G0 X47.917 Y42.26
G1 F3600 X49.174 Y43.517 E0.02956
G1 X49.244 Y43.587
G0 F7200 X49.176 Y43.363
G0 X51.112 Y43.098
G0 X51.098 Y43.245
G1 F3600 X52.083 Y42.26 E0.02317
G1 X52.153 Y42.19
G0 F7200 X52.153 Y42.41
G0 X53.574 Y42.41
G0 X53.574 Y42.26
G1 F3600 X56.054 Y44.74 E0.05833
G0 F7200 X55.259 Y44.74
G1 F3600 X56.24 Y43.759 E0.02307
G1 X56.31 Y43.689
G0 F7200 X56.09 Y43.689
G0 X51 Y43.146
G0 X49.663 Y43.278
G0 X48.377 Y43.669
G0 X47.193 Y44.301
G0 X46.153 Y45.153
G0 X45.301 Y46.193
G0 X44.669 Y47.377
G0 X44.278 Y48.663
G0 X44.146 Y50
G0 X44.278 Y51.337
G0 X44.669 Y52.623
G0 X45.301 Y53.807
G0 X46.153 Y54.847
G0 X47.193 Y55.699
G0 X48.377 Y56.331
G0 X49.663 Y56.722
G0 X51 Y56.854
G0 X52.337 Y56.722
G0 X56.053 Y55.41
G0 X56.053 Y55.26
G1 F3600 X53.573 Y57.74 E0.05833
G1 X53.503 Y57.81
G0 F7200 X53.503 Y57.59
G0 X52.083 Y57.59
G0 X52.083 Y57.74
G1 F3600 X51.091 Y56.748 E0.02333
G1 X51.021 Y56.678
G0 F7200 X51.043 Y56.91
G0 X49.131 Y56.623
G0 X49.175 Y56.481
G1 F3600 X47.916 Y57.74 E0.02961
G1 X47.846 Y57.81
G0 F7200 X47.846 Y57.59
G0 X46.425 Y57.59
G0 X46.425 Y57.739
G1 F3600 X43.76 Y55.074 E0.06268
G1 X43.69 Y55.004
G0 F7200 X43.91 Y55.004
G0 X43.91 Y56.238
G0 X43.761 Y56.238
G1 F3600 X45.765 Y54.234 E0.04713
G1 X45.835 Y54.164
G0 F7200 X45.643 Y54.32
G0 X44.789 Y52.848
G0 X43.91 Y50.581
G0 X43.761 Y50.581
G1 F3600 X43.841 Y50.502 E0.00187
G0 F7200 X43.91 Y50.502
G0 X43.91 Y49.497
G0 X43.841 Y49.497
G1 F3600 X43.76 Y49.417 E0.00189
G0 F7200 X43.91 Y49.417
G0 X44.278 Y51.337
G0 X44.669 Y52.623
G0 X45.301 Y53.807
G0 X46.153 Y54.847
G0 X47.193 Y55.699
G0 X48.377 Y56.331
G0 X49.663 Y56.722
G0 X51 Y56.854
G0 X52.337 Y56.722
G0 X53.494 Y56.37
G0 X55.26 Y55.41
G0 X55.26 Y55.26
G1 F3600 X56.24 Y56.24 E0.02305
G1 X56.31 Y56.31
G0 F7200 X56.09 Y56.31
G0 X52.376 Y56.773
G0 X52.287 Y56.477
;TYPE:WALL-INNER
G1 F3600 X51 Y56.599 E0.0215
G1 X49.708 Y56.476 E0.02158
G1 X48.469 Y56.097 E0.02155
G1 X47.334 Y55.494 E0.02137
G1 X46.328 Y54.666 E0.02167
G1 X45.505 Y53.661 E0.0216
G1 X44.899 Y52.53 E0.02134
G1 X44.523 Y51.288 E0.02158
G1 X44.4 Y50 E0.02152
G1 X44.523 Y48.708 E0.02158
G1 X44.899 Y47.466 E0.02158
G1 X45.505 Y46.335 E0.02134
G1 X46.326 Y45.332 E0.02156
G1 X47.335 Y44.505 E0.0217
G1 X48.471 Y43.898 E0.02142
G1 X49.708 Y43.524 E0.02149
G1 X51 Y43.396 E0.02159
G1 X52.288 Y43.524 E0.02153
G1 X53.525 Y43.898 E0.02149
G1 X54.665 Y44.508 E0.0215
G1 X55.143 Y44.9 E0.01028
G1 X56.4 Y44.9 E0.0209
G1 X56.4 Y42.313 E0.04302
G1 X56.274 Y42.101 E0.0041
G1 X43.6 Y42.1 E0.21077
G1 X43.601 Y57.899 E0.26274
G1 X56.272 Y57.9 E0.21072
G1 X56.4 Y57.683 E0.00419
G1 X56.4 Y55.1 E0.04296
G1 X55.143 Y55.1 E0.0209
G1 X54.663 Y55.494 E0.01033
G1 X53.527 Y56.097 E0.02139
G1 X52.287 Y56.477 E0.02157
G0 F7200 X52.192 Y56.084
;TYPE:WALL-OUTER
G1 F1800 X50.981 Y56.196 E0.02022
G1 X49.805 Y56.084 E0.01965
G1 X48.641 Y55.732 E0.02022
G1 X47.54 Y55.147 E0.02073
G1 X46.628 Y54.395 E0.01966
G1 X45.831 Y53.423 E0.0209
G1 X45.279 Y52.391 E0.01946
G1 X44.916 Y51.192 E0.02083
G1 X44.8 Y49.98 E0.02025
G1 X44.916 Y48.804 E0.01965
G1 X45.279 Y47.605 E0.02083
G1 X45.831 Y46.573 E0.01946
G1 X46.629 Y45.601 E0.02091
G1 X47.573 Y44.831 E0.02026
G1 X48.605 Y44.279 E0.01946
G1 X49.804 Y43.916 E0.02083
G1 X51.02 Y43.8 E0.02031
G1 X52.192 Y43.916 E0.01959
G1 X53.391 Y44.279 E0.02083
G1 X54.423 Y44.831 E0.01946
G1 X55 Y45.3 E0.01237
G1 X56.8 Y45.3 E0.02993
G1 X56.8 Y42.262 E0.05052
G1 X56.635 Y41.879 E0.00694
G1 X56.356 Y41.701 E0.0055
G1 X43.2 Y41.7 E0.21879
G1 X43.201 Y58.299 E0.27604
G1 X56.354 Y58.3 E0.21874
G1 X56.635 Y58.12 E0.00555
G1 X56.8 Y57.734 E0.00698
G1 X56.8 Y54.7 E0.05046
G1 X55 Y54.7 E0.02993
G1 X54.422 Y55.169 E0.01238
G1 X53.355 Y55.732 E0.02006
G1 X52.192 Y56.084 E0.02021
G0 F7200 X51.993 Y56.102
G0 X52.061 Y56.81
G0 X51 Y56.854
G0 X49.663 Y56.722
G0 X48.377 Y56.331
G0 X47.193 Y55.699
G0 X46.153 Y54.847
G0 X45.301 Y53.807
G0 X44.669 Y52.623
G0 X44.317 Y51.466
G0 X44.063 Y48.642
;TYPE:SKIN
G1 F1572.1 X43.956 Y48.156 E0.00948
G1 F2045.5 X43.956 Y47.98 E0.00258
G1 X44.37 Y47.98 E0.00606
G1 X44.3 Y48.208 E0.00349
G1 F1572.1 X44.063 Y48.642 E0.00942
G1 F1431.4 X44 Y49.98 E0.02801
G1 F1425.7 X44.065 Y51.34 E0.02859
G0 F7200 X44.374 Y52.015
G1 F2028.2 X43.957 Y52.015 E0.00615
G1 X43.957 Y51.837 E0.00263
G1 F1558.4 X44.065 Y51.34 E0.00977
G1 X44.305 Y51.787 E0.00975
G1 F2028.2 X44.374 Y52.015 E0.00352
G0 F7200 X44.21 Y52.089
;MESH:NONMESH
G0 F600 X44.21 Y52.089 Z2.4
G0 F7200 X43.91 Y43.76
G0 X43.76 Y43.76
;TIME_ELAPSED:172.589858
;LAYER:21
;TYPE:FILL
;MESH:hold.stl
G1 F3600 X45.765 Y45.765 E0.04715
G1 X45.835 Y45.835
G0 F7200 X45.645 Y45.678
G0 X43.91 Y44.925
G0 X43.761 Y44.925
G1 F3600 X46.426 Y42.26 E0.06268
G1 X46.496 Y42.19
G0 F7200 X46.496 Y42.41
G0 X47.917 Y42.41
G0 X47.917 Y42.26
G1 F3600 X49.174 Y43.517 E0.02956
G1 X49.244 Y43.587
G0 F7200 X49.176 Y43.363
G0 X51.112 Y43.098
G0 X51.098 Y43.245
G1 F3600 X52.083 Y42.26 E0.02317
G1 X52.153 Y42.19
G0 F7200 X52.153 Y42.41
G0 X53.574 Y42.41
G0 X53.574 Y42.26
G1 F3600 X56.054 Y44.74 E0.05833
G0 F7200 X55.259 Y44.74
G1 F3600 X56.24 Y43.759 E0.02307
G1 X56.31 Y43.689
G0 F7200 X56.09 Y43.689
G0 X51 Y43.146
G0 X49.663 Y43.278
G0 X48.377 Y43.669
G0 X47.193 Y44.301
G0 X46.153 Y45.153
G0 X45.301 Y46.193
G0 X44.669 Y47.377
G0 X44.278 Y48.663
G0 X44.146 Y50
G0 X44.278 Y51.337
G0 X44.669 Y52.623
G0 X45.301 Y53.807
G0 X46.153 Y54.847
G0 X47.193 Y55.699
G0 X48.377 Y56.331
G0 X49.663 Y56.722
G0 X51 Y56.854
G0 X52.337 Y56.722
G0 X56.053 Y55.41
G0 X56.053 Y55.26
G1 F3600 X53.573 Y57.74 E0.05833
G1 X53.503 Y57.81
G0 F7200 X53.503 Y57.59
G0 X52.083 Y57.59
G0 X52.083 Y57.74
G1 F3600 X51.091 Y56.748 E0.02333
G1 X51.021 Y56.678
G0 F7200 X51.043 Y56.91
G0 X49.131 Y56.623
G0 X49.175 Y56.481
G1 F3600 X47.916 Y57.74 E0.02961
G1 X47.846 Y57.81
G0 F7200 X47.846 Y57.59
G0 X46.425 Y57.59
G0 X46.425 Y57.739
G1 F3600 X43.76 Y55.074 E0.06268
G1 X43.69 Y55.004
G0 F7200 X43.91 Y55.004
G0 X43.91 Y56.238
G0 X43.761 Y56.238
G1 F3600 X45.765 Y54.234 E0.04713
G1 X45.835 Y54.164
G0 F7200 X45.643 Y54.32
G0 X44.789 Y52.848
G0 X43.91 Y50.581
G0 X43.761 Y50.581
G1 F3600 X43.841 Y50.502 E0.00187
G0 F7200 X43.91 Y50.502
G0 X43.91 Y49.497
G0 X43.841 Y49.497
G1 F3600 X43.76 Y49.417 E0.00189
G0 F7200 X43.91 Y49.417
G0 X44.278 Y51.337
G0 X44.669 Y52.623
G0 X45.301 Y53.807
G0 X46.153 Y54.847
G0 X47.193 Y55.699
G0 X48.377 Y56.331
G0 X49.663 Y56.722
G0 X51 Y56.854
G0 X52.337 Y56.722
G0 X53.494 Y56.37
G0 X55.26 Y55.41
G0 X55.26 Y55.26
G1 F3600 X56.24 Y56.24 E0.02305
G1 X56.31 Y56.31
G0 F7200 X56.09 Y56.31
G0 X52.376 Y56.773
G0 X52.287 Y56.477
;TYPE:WALL-INNER
G1 F3600 X51 Y56.599 E0.0215
G1 X49.708 Y56.476 E0.02158
G1 X48.469 Y56.097 E0.02155
G1 X47.334 Y55.494 E0.02137
G1 X46.328 Y54.666 E0.02167
G1 X45.505 Y53.661 E0.0216
G1 X44.899 Y52.53 E0.02134
G1 X44.523 Y51.288 E0.02158
G1 X44.4 Y50 E0.02152
G1 X44.523 Y48.708 E0.02158
G1 X44.899 Y47.466 E0.02158
G1 X45.505 Y46.335 E0.02134
G1 X46.326 Y45.332 E0.02156
G1 X47.335 Y44.505 E0.0217
G1 X48.471 Y43.898 E0.02142
G1 X49.708 Y43.524 E0.02149
G1 X51 Y43.396 E0.02159
G1 X52.288 Y43.524 E0.02153
G1 X53.525 Y43.898 E0.02149
G1 X54.665 Y44.508 E0.0215
G1 X55.143 Y44.9 E0.01028
G1 X56.4 Y44.9 E0.0209
G1 X56.4 Y42.313 E0.04302
G1 X56.274 Y42.101 E0.0041
G1 X43.6 Y42.1 E0.21077
G1 X43.601 Y57.899 E0.26274
G1 X56.272 Y57.9 E0.21072
G1 X56.4 Y57.683 E0.00419
G1 X56.4 Y55.1 E0.04296
G1 X55.143 Y55.1 E0.0209
G1 X54.663 Y55.494 E0.01033
G1 X53.527 Y56.097 E0.02139
G1 X52.287 Y56.477 E0.02157
G0 F7200 X52.192 Y56.084
;TYPE:WALL-OUTER
G1 F1800 X50.981 Y56.196 E0.02022
G1 X49.805 Y56.084 E0.01965
G1 X48.641 Y55.732 E0.02022
G1 X47.54 Y55.147 E0.02073
G1 X46.628 Y54.395 E0.01966
G1 X45.831 Y53.423 E0.0209
G1 X45.279 Y52.391 E0.01946
G1 X44.916 Y51.192 E0.02083
G1 X44.8 Y49.98 E0.02025
G1 X44.916 Y48.804 E0.01965
G1 X45.279 Y47.605 E0.02083
G1 X45.831 Y46.573 E0.01946
G1 X46.629 Y45.601 E0.02091
G1 X47.573 Y44.831 E0.02026
G1 X48.605 Y44.279 E0.01946
G1 X49.804 Y43.916 E0.02083
G1 X51.02 Y43.8 E0.02031
G1 X52.192 Y43.916 E0.01959
G1 X53.391 Y44.279 E0.02083
G1 X54.423 Y44.831 E0.01946
G1 X55 Y45.3 E0.01237
G1 X56.8 Y45.3 E0.02993
G1 X56.8 Y42.262 E0.05052
G1 X56.635 Y41.879 E0.00694
G1 X56.356 Y41.701 E0.0055
G1 X43.2 Y41.7 E0.21879
G1 X43.201 Y58.299 E0.27604
G1 X56.354 Y58.3 E0.21874
G1 X56.635 Y58.12 E0.00555
G1 X56.8 Y57.734 E0.00698
G1 X56.8 Y54.7 E0.05046
G1 X55 Y54.7 E0.02993
G1 X54.422 Y55.169 E0.01238
G1 X53.355 Y55.732 E0.02006
G1 X52.192 Y56.084 E0.02021
G0 F7200 X51.993 Y56.102
G0 X52.061 Y56.81
G0 X51 Y56.854
G0 X49.663 Y56.722
G0 X48.377 Y56.331
G0 X47.193 Y55.699
G0 X46.153 Y54.847
G0 X45.301 Y53.807
G0 X44.065 Y51.34
;TYPE:SKIN
G1 F1545.1 X44.316 Y51.839 E0.01082
G1 F1983.5 X44.385 Y52.071 E0.00365
G1 X43.961 Y52.071 E0.0064
G1 X43.961 Y51.89 E0.00273
G1 F1545.1 X44.065 Y51.34 E0.01084
G0 F7200 X44.063 Y48.642
G1 F1558.4 X43.96 Y48.103 E0.01054
G1 F2000 X43.96 Y47.924 E0.00268
G1 X44.381 Y47.924 E0.0063
G1 X44.311 Y48.155 E0.00361
G1 F1558.4 X44.063 Y48.642 E0.0105
G1 F1431.4 X44 Y49.98 E0.02801
G1 F1425.7 X44.065 Y51.34 E0.02859
G0 F7200 X44.21 Y51.354
;MESH:NONMESH
G0 F600 X44.21 Y51.354 Z2.5
G0 F7200 X43.91 Y43.76
G0 X43.76 Y43.76
;TIME_ELAPSED:179.075068
;LAYER:22
;TYPE:FILL
;MESH:hold.stl
G1 F3600 X45.765 Y45.765 E0.04715
G1 X45.835 Y45.835
G0 F7200 X45.645 Y45.678
G0 X43.91 Y44.925
G0 X43.761 Y44.925
G1 F3600 X46.426 Y42.26 E0.06268
G1 X46.496 Y42.19
G0 F7200 X46.496 Y42.41
G0 X47.917 Y42.41
G0 X47.917 Y42.26
G1 F3600 X49.174 Y43.517 E0.02956
G1 X49.244 Y43.587
G0 F7200 X49.176 Y43.363
G0 X51.112 Y43.098
G0 X51.098 Y43.245
G1 F3600 X52.083 Y42.26 E0.02317
G1 X52.153 Y42.19
G0 F7200 X52.153 Y42.41
G0 X53.574 Y42.41
G0 X53.574 Y42.26
G1 F3600 X56.054 Y44.74 E0.05833
G0 F7200 X55.259 Y44.74
G1 F3600 X56.24 Y43.759 E0.02307
G1 X56.31 Y43.689
G0 F7200 X56.09 Y43.689
G0 X51 Y43.146
G0 X49.663 Y43.278
G0 X48.377 Y43.669
G0 X47.193 Y44.301
G0 X46.153 Y45.153
G0 X45.301 Y46.193
G0 X44.669 Y47.377
G0 X44.278 Y48.663
G0 X44.146 Y50
G0 X44.278 Y51.337
G0 X44.669 Y52.623
G0 X45.301 Y53.807
G0 X46.153 Y54.847
G0 X47.193 Y55.699
G0 X48.377 Y56.331
G0 X49.663 Y56.722
G0 X51 Y56.854
G0 X52.337 Y56.722
G0 X56.053 Y55.41
G0 X56.053 Y55.26
G1 F3600 X53.573 Y57.74 E0.05833
G1 X53.503 Y57.81
G0 F7200 X53.503 Y57.59
G0 X52.083 Y57.59
G0 X52.083 Y57.74
G1 F3600 X51.091 Y56.748 E0.02333
G1 X51.021 Y56.678
G0 F7200 X51.043 Y56.91
G0 X49.131 Y56.623
G0 X49.175 Y56.481
G1 F3600 X47.916 Y57.74 E0.02961
G1 X47.846 Y57.81
G0 F7200 X47.846 Y57.59
G0 X46.425 Y57.59
G0 X46.425 Y57.739
G1 F3600 X43.76 Y55.074 E0.06268
G1 X43.69 Y55.004
G0 F7200 X43.91 Y55.004
G0 X43.91 Y56.238
G0 X43.761 Y56.238
G1 F3600 X45.765 Y54.234 E0.04713
G1 X45.835 Y54.164
G0 F7200 X45.643 Y54.32
G0 X44.789 Y52.848
G0 X43.91 Y50.581
G0 X43.761 Y50.581
G1 F3600 X43.841 Y50.502 E0.00187
G0 F7200 X43.91 Y50.502
G0 X43.91 Y49.497
G0 X43.841 Y49.497
G1 F3600 X43.76 Y49.417 E0.00189
G0 F7200 X43.91 Y49.417
G0 X44.278 Y51.337
G0 X44.669 Y52.623
G0 X45.301 Y53.807
G0 X46.153 Y54.847
G0 X47.193 Y55.699
G0 X48.377 Y56.331
G0 X49.663 Y56.722
G0 X51 Y56.854
G0 X52.337 Y56.722
G0 X53.494 Y56.37
G0 X55.26 Y55.41
G0 X55.26 Y55.26
G1 F3600 X56.24 Y56.24 E0.02305
G1 X56.31 Y56.31
G0 F7200 X56.09 Y56.31
G0 X52.376 Y56.773
G0 X52.287 Y56.477
;TYPE:WALL-INNER
G1 F3600 X51 Y56.599 E0.0215
G1 X49.708 Y56.476 E0.02158
G1 X48.469 Y56.097 E0.02155
G1 X47.334 Y55.494 E0.02137
G1 X46.328 Y54.666 E0.02167
G1 X45.505 Y53.661 E0.0216
G1 X44.899 Y52.53 E0.02134
G1 X44.523 Y51.288 E0.02158
G1 X44.4 Y50 E0.02152
G1 X44.523 Y48.708 E0.02158
G1 X44.899 Y47.466 E0.02158
G1 X45.505 Y46.335 E0.02134
G1 X46.326 Y45.332 E0.02156
G1 X47.335 Y44.505 E0.0217
G1 X48.471 Y43.898 E0.02142
G1 X49.708 Y43.524 E0.02149
G1 X51 Y43.396 E0.02159
G1 X52.288 Y43.524 E0.02153
G1 X53.525 Y43.898 E0.02149
G1 X54.665 Y44.508 E0.0215
G1 X55.143 Y44.9 E0.01028
G1 X56.4 Y44.9 E0.0209
G1 X56.4 Y42.313 E0.04302
G1 X56.274 Y42.101 E0.0041
G1 X43.6 Y42.1 E0.21077
G1 X43.601 Y57.899 E0.26274
G1 X56.272 Y57.9 E0.21072
G1 X56.4 Y57.683 E0.00419
G1 X56.4 Y55.1 E0.04296
G1 X55.143 Y55.1 E0.0209
G1 X54.663 Y55.494 E0.01033
G1 X53.527 Y56.097 E0.02139
G1 X52.287 Y56.477 E0.02157
G0 F7200 X52.192 Y56.084
;TYPE:WALL-OUTER
G1 F1800 X50.981 Y56.196 E0.02022
G1 X49.805 Y56.084 E0.01965
G1 X48.641 Y55.732 E0.02022
G1 X47.54 Y55.147 E0.02073
G1 X46.628 Y54.395 E0.01966
G1 X45.831 Y53.423 E0.0209
G1 X45.279 Y52.391 E0.01946
G1 X44.916 Y51.192 E0.02083
G1 X44.8 Y49.98 E0.02025
G1 X44.916 Y48.804 E0.01965
G1 X45.279 Y47.605 E0.02083
G1 X45.831 Y46.573 E0.01946
G1 X46.629 Y45.601 E0.02091
G1 X47.573 Y44.831 E0.02026
G1 X48.605 Y44.279 E0.01946
G1 X49.804 Y43.916 E0.02083
G1 X51.02 Y43.8 E0.02031
G1 X52.192 Y43.916 E0.01959
G1 X53.391 Y44.279 E0.02083
G1 X54.423 Y44.831 E0.01946
G1 X55 Y45.3 E0.01237
G1 X56.8 Y45.3 E0.02993
G1 X56.8 Y42.262 E0.05052
G1 X56.635 Y41.879 E0.00694
G1 X56.356 Y41.701 E0.0055
G1 X43.2 Y41.7 E0.21879
G1 X43.201 Y58.299 E0.27604
G1 X56.354 Y58.3 E0.21874
G1 X56.635 Y58.12 E0.00555
G1 X56.8 Y57.734 E0.00698
G1 X56.8 Y54.7 E0.05046
G1 X55 Y54.7 E0.02993
G1 X54.422 Y55.169 E0.01238
G1 X53.355 Y55.732 E0.02006
G1 X52.192 Y56.084 E0.02021
G0 F7200 X51.993 Y56.102
G0 X52.061 Y56.81
G0 X51 Y56.854
G0 X49.663 Y56.722
G0 X48.377 Y56.331
G0 X47.193 Y55.699
G0 X46.153 Y54.847
G0 X45.301 Y53.807
G0 X44.669 Y52.623
G0 X44.317 Y51.466
G0 X44.058 Y48.653
;TYPE:SKIN
G1 F1730.8 X43.963 Y48.054 E0.01049
G1 F1961.9 X43.963 Y47.871 E0.00279
G1 X44.393 Y47.871 E0.00656
G1 X44.321 Y48.107 E0.00376
G1 F1730.8 X44.058 Y48.653 E0.01048
G0 F7200 X44.063 Y48.642
G1 F1431.4 X44 Y49.98 E0.02801
G1 F1425.7 X44.065 Y51.34 E0.02859
G0 F7200 X44.396 Y52.123
G1 F1945.9 X43.965 Y52.123 E0.00663
G1 X43.965 Y51.939 E0.00283
G1 F1535.2 X44.065 Y51.34 E0.01184
G1 X44.326 Y51.887 E0.01182
G1 F1945.9 X44.396 Y52.123 E0.00379
G0 F7200 X44.21 Y52.194
;MESH:NONMESH
G0 F600 X44.21 Y52.194 Z2.6
G0 F7200 X43.91 Y43.76
G0 X43.76 Y43.76
;TIME_ELAPSED:185.579736
;LAYER:23
;TYPE:FILL
;MESH:hold.stl
G1 F3600 X45.765 Y45.765 E0.04715
G1 X45.835 Y45.835
G0 F7200 X45.645 Y45.678
G0 X43.91 Y44.925
G0 X43.761 Y44.925
G1 F3600 X46.426 Y42.26 E0.06268
G1 X46.496 Y42.19
G0 F7200 X46.496 Y42.41
G0 X47.917 Y42.41
G0 X47.917 Y42.26
G1 F3600 X49.174 Y43.517 E0.02956
G1 X49.244 Y43.587
G0 F7200 X49.176 Y43.363
G0 X51.112 Y43.098
G0 X51.098 Y43.245
G1 F3600 X52.083 Y42.26 E0.02317
G1 X52.153 Y42.19
G0 F7200 X52.153 Y42.41
G0 X53.574 Y42.41
G0 X53.574 Y42.26
G1 F3600 X56.054 Y44.74 E0.05833
G0 F7200 X55.259 Y44.74
G1 F3600 X56.24 Y43.759 E0.02307
G1 X56.31 Y43.689
G0 F7200 X56.09 Y43.689
G0 X51 Y43.146
G0 X49.663 Y43.278
G0 X48.377 Y43.669
G0 X47.193 Y44.301
G0 X46.153 Y45.153
G0 X45.301 Y46.193
G0 X44.669 Y47.377
G0 X44.278 Y48.663
G0 X44.146 Y50
G0 X44.278 Y51.337
G0 X44.669 Y52.623
G0 X45.301 Y53.807
G0 X46.153 Y54.847
G0 X47.193 Y55.699
G0 X48.377 Y56.331
G0 X49.663 Y56.722
G0 X51 Y56.854
G0 X52.337 Y56.722
G0 X56.053 Y55.41
G0 X56.053 Y55.26
G1 F3600 X53.573 Y57.74 E0.05833
G1 X53.503 Y57.81
G0 F7200 X53.503 Y57.59
G0 X52.083 Y57.59
G0 X52.083 Y57.74
G1 F3600 X51.091 Y56.748 E0.02333
G1 X51.021 Y56.678
G0 F7200 X51.043 Y56.91
G0 X49.131 Y56.623
G0 X49.175 Y56.481
G1 F3600 X47.916 Y57.74 E0.02961
G1 X47.846 Y57.81
G0 F7200 X47.846 Y57.59
G0 X46.425 Y57.59
G0 X46.425 Y57.739
G1 F3600 X43.76 Y55.074 E0.06268
G1 X43.69 Y55.004
G0 F7200 X43.91 Y55.004
G0 X43.91 Y56.238
G0 X43.761 Y56.238
G1 F3600 X45.765 Y54.234 E0.04713
G1 X45.835 Y54.164
G0 F7200 X45.643 Y54.32
G0 X44.789 Y52.848
G0 X43.91 Y50.581
G0 X43.761 Y50.581
G1 F3600 X43.841 Y50.502 E0.00187
G0 F7200 X43.91 Y50.502
G0 X43.91 Y49.497
G0 X43.841 Y49.497
G1 F3600 X43.76 Y49.417 E0.00189
G0 F7200 X43.91 Y49.417
G0 X44.278 Y51.337
G0 X44.669 Y52.623
G0 X45.301 Y53.807
G0 X46.153 Y54.847
G0 X47.193 Y55.699
G0 X48.377 Y56.331
G0 X49.663 Y56.722
G0 X51 Y56.854
G0 X52.337 Y56.722
G0 X53.494 Y56.37
G0 X55.26 Y55.41
G0 X55.26 Y55.26
G1 F3600 X56.24 Y56.24 E0.02305
G1 X56.31 Y56.31
G0 F7200 X56.09 Y56.31
G0 X52.376 Y56.773
G0 X52.287 Y56.477
;TYPE:WALL-INNER
G1 F3600 X51 Y56.599 E0.0215
G1 X49.708 Y56.476 E0.02158
G1 X48.469 Y56.097 E0.02155
G1 X47.334 Y55.494 E0.02137
G1 X46.328 Y54.666 E0.02167
G1 X45.505 Y53.661 E0.0216
G1 X44.899 Y52.53 E0.02134
G1 X44.523 Y51.288 E0.02158
G1 X44.4 Y50 E0.02152
G1 X44.523 Y48.708 E0.02158
G1 X44.899 Y47.466 E0.02158
G1 X45.505 Y46.335 E0.02134
G1 X46.326 Y45.332 E0.02156
G1 X47.335 Y44.505 E0.0217
G1 X48.471 Y43.898 E0.02142
G1 X49.708 Y43.524 E0.02149
G1 X51 Y43.396 E0.02159
G1 X52.288 Y43.524 E0.02153
G1 X53.525 Y43.898 E0.02149
G1 X54.665 Y44.508 E0.0215
G1 X55.143 Y44.9 E0.01028
G1 X56.4 Y44.9 E0.0209
G1 X56.4 Y42.313 E0.04302
G1 X56.274 Y42.101 E0.0041
G1 X43.6 Y42.1 E0.21077
G1 X43.601 Y57.899 E0.26274
G1 X56.272 Y57.9 E0.21072
G1 X56.4 Y57.683 E0.00419
G1 X56.4 Y55.1 E0.04296
G1 X55.143 Y55.1 E0.0209
G1 X54.663 Y55.494 E0.01033
G1 X53.527 Y56.097 E0.02139
G1 X52.287 Y56.477 E0.02157
G0 F7200 X52.192 Y56.084
;TYPE:WALL-OUTER
G1 F1800 X50.981 Y56.196 E0.02022
G1 X49.805 Y56.084 E0.01965
G1 X48.641 Y55.732 E0.02022
G1 X47.54 Y55.147 E0.02073
G1 X46.628 Y54.395 E0.01966
G1 X45.831 Y53.423 E0.0209
G1 X45.279 Y52.391 E0.01946
G1 X44.916 Y51.192 E0.02083
G1 X44.8 Y49.98 E0.02025
G1 X44.916 Y48.804 E0.01965
G1 X45.279 Y47.605 E0.02083
G1 X45.831 Y46.573 E0.01946
G1 X46.629 Y45.601 E0.02091
G1 X47.573 Y44.831 E0.02026
G1 X48.605 Y44.279 E0.01946
G1 X49.804 Y43.916 E0.02083
G1 X51.02 Y43.8 E0.02031
G1 X52.192 Y43.916 E0.01959
G1 X53.391 Y44.279 E0.02083
G1 X54.423 Y44.831 E0.01946
G1 X55 Y45.3 E0.01237
G1 X56.8 Y45.3 E0.02993
G1 X56.8 Y42.262 E0.05052
G1 X56.635 Y41.879 E0.00694
G1 X56.356 Y41.701 E0.0055
G1 X43.2 Y41.7 E0.21879
G1 X43.201 Y58.299 E0.27604
G1 X56.354 Y58.3 E0.21874
G1 X56.635 Y58.12 E0.00555
G1 X56.8 Y57.734 E0.00698
G1 X56.8 Y54.7 E0.05046
G1 X55 Y54.7 E0.02993
G1 X54.422 Y55.169 E0.01238
G1 X53.355 Y55.732 E0.02006
G1 X52.192 Y56.084 E0.02021
G0 F7200 X51.993 Y56.102
G0 X52.061 Y56.81
G0 X51 Y56.854
G0 X49.663 Y56.722
G0 X48.377 Y56.331
G0 X47.193 Y55.699
G0 X46.153 Y54.847
G0 X45.301 Y53.807
G0 X44.669 Y52.623
G0 X44.317 Y51.466
G0 X44.058 Y48.653
;TYPE:SKIN
G1 F1706.2 X43.967 Y48.006 E0.01146
G1 F1920 X43.967 Y47.819 E0.00292
G1 X44.407 Y47.819 E0.00686
G1 X44.333 Y48.061 E0.00395
G1 F1706.2 X44.058 Y48.653 E0.01145
G0 F7200 X44.063 Y48.642
G1 F1431.4 X44 Y49.98 E0.02801
G1 F1425.7 X44.065 Y51.34 E0.02859
G0 F7200 X43.969 Y51.987
G1 F1690.1 X44.059 Y51.327 E0.0118
G1 X44.338 Y51.933 E0.01182
G1 F1904.8 X44.41 Y52.175 E0.00397
G1 X43.969 Y52.175 E0.00693
G1 X43.969 Y51.987 E0.00295
G0 F7200 X44.108 Y52.017
;MESH:NONMESH
G0 F600 X44.108 Y52.017 Z2.7
G0 F7200 X43.91 Y43.76
G0 X43.76 Y43.76
;TIME_ELAPSED:192.086599
;LAYER:24
;TYPE:FILL
;MESH:hold.stl
G1 F3600 X45.765 Y45.765 E0.04715
G1 X45.835 Y45.835
G0 F7200 X45.645 Y45.678
G0 X43.91 Y44.925
G0 X43.761 Y44.925
G1 F3600 X46.426 Y42.26 E0.06268
G1 X46.496 Y42.19
G0 F7200 X46.496 Y42.41
G0 X47.917 Y42.41
G0 X47.917 Y42.26
G1 F3600 X49.174 Y43.517 E0.02956
G1 X49.244 Y43.587
G0 F7200 X49.176 Y43.363
G0 X51.112 Y43.098
G0 X51.098 Y43.245
G1 F3600 X52.083 Y42.26 E0.02317
G1 X52.153 Y42.19
G0 F7200 X52.153 Y42.41
G0 X53.574 Y42.41
G0 X53.574 Y42.26
G1 F3600 X56.054 Y44.74 E0.05833
G0 F7200 X55.259 Y44.74
G1 F3600 X56.24 Y43.759 E0.02307
G1 X56.31 Y43.689
G0 F7200 X56.09 Y43.689
G0 X51 Y43.146
G0 X49.663 Y43.278
G0 X48.377 Y43.669
G0 X47.193 Y44.301
G0 X46.153 Y45.153
G0 X45.301 Y46.193
G0 X44.669 Y47.377
G0 X44.278 Y48.663
G0 X44.146 Y50
G0 X44.278 Y51.337
G0 X44.669 Y52.623
G0 X45.301 Y53.807
G0 X46.153 Y54.847
G0 X47.193 Y55.699
G0 X48.377 Y56.331
G0 X49.663 Y56.722
G0 X51 Y56.854
G0 X52.337 Y56.722
G0 X56.053 Y55.41
G0 X56.053 Y55.26
G1 F3600 X53.573 Y57.74 E0.05833
G1 X53.503 Y57.81
G0 F7200 X53.503 Y57.59
G0 X52.083 Y57.59
G0 X52.083 Y57.74
G1 F3600 X51.091 Y56.748 E0.02333
G1 X51.021 Y56.678
G0 F7200 X51.043 Y56.91
G0 X49.131 Y56.623
G0 X49.175 Y56.481
G1 F3600 X47.916 Y57.74 E0.02961
G1 X47.846 Y57.81
G0 F7200 X47.846 Y57.59
G0 X46.425 Y57.59
G0 X46.425 Y57.739
G1 F3600 X43.76 Y55.074 E0.06268
G1 X43.69 Y55.004
G0 F7200 X43.91 Y55.004
G0 X43.91 Y56.238
G0 X43.761 Y56.238
G1 F3600 X45.765 Y54.234 E0.04713
G1 X45.835 Y54.164
G0 F7200 X45.643 Y54.32
G0 X44.789 Y52.848
G0 X43.91 Y50.581
G0 X43.761 Y50.581
G1 F3600 X43.841 Y50.502 E0.00187
G0 F7200 X43.91 Y50.502
G0 X43.91 Y49.497
G0 X43.841 Y49.497
G1 F3600 X43.76 Y49.417 E0.00189
G0 F7200 X43.91 Y49.417
G0 X44.278 Y51.337
G0 X44.669 Y52.623
G0 X45.301 Y53.807
G0 X46.153 Y54.847
G0 X47.193 Y55.699
G0 X48.377 Y56.331
G0 X49.663 Y56.722
G0 X51 Y56.854
G0 X52.337 Y56.722
G0 X53.494 Y56.37
G0 X55.26 Y55.41
G0 X55.26 Y55.26
G1 F3600 X56.24 Y56.24 E0.02305
G1 X56.31 Y56.31
G0 F7200 X56.09 Y56.31
G0 X52.376 Y56.773
G0 X52.287 Y56.477
;TYPE:WALL-INNER
G1 F3600 X51 Y56.599 E0.0215
G1 X49.708 Y56.476 E0.02158
G1 X48.469 Y56.097 E0.02155
G1 X47.334 Y55.494 E0.02137
G1 X46.328 Y54.666 E0.02167
G1 X45.505 Y53.661 E0.0216
G1 X44.899 Y52.53 E0.02134
G1 X44.523 Y51.288 E0.02158
G1 X44.4 Y50 E0.02152
G1 X44.523 Y48.708 E0.02158
G1 X44.899 Y47.466 E0.02158
G1 X45.505 Y46.335 E0.02134
G1 X46.326 Y45.332 E0.02156
G1 X47.335 Y44.505 E0.0217
G1 X48.471 Y43.898 E0.02142
G1 X49.708 Y43.524 E0.02149
G1 X51 Y43.396 E0.02159
G1 X52.288 Y43.524 E0.02153
G1 X53.525 Y43.898 E0.02149
G1 X54.665 Y44.508 E0.0215
G1 X55.143 Y44.9 E0.01028
G1 X56.4 Y44.9 E0.0209
G1 X56.4 Y42.313 E0.04302
G1 X56.274 Y42.101 E0.0041
G1 X43.6 Y42.1 E0.21077
G1 X43.601 Y57.899 E0.26274
G1 X56.272 Y57.9 E0.21072
G1 X56.4 Y57.683 E0.00419
G1 X56.4 Y55.1 E0.04296
G1 X55.143 Y55.1 E0.0209
G1 X54.663 Y55.494 E0.01033
G1 X53.527 Y56.097 E0.02139
G1 X52.287 Y56.477 E0.02157
G0 F7200 X52.192 Y56.084
;TYPE:WALL-OUTER
G1 F1800 X50.981 Y56.196 E0.02022
G1 X49.805 Y56.084 E0.01965
G1 X48.641 Y55.732 E0.02022
G1 X47.54 Y55.147 E0.02073
G1 X46.628 Y54.395 E0.01966
G1 X45.831 Y53.423 E0.0209
G1 X45.279 Y52.391 E0.01946
G1 X44.916 Y51.192 E0.02083
G1 X44.8 Y49.98 E0.02025
G1 X44.916 Y48.804 E0.01965
G1 X45.279 Y47.605 E0.02083
G1 X45.831 Y46.573 E0.01946
G1 X46.629 Y45.601 E0.02091
G1 X47.573 Y44.831 E0.02026
G1 X48.605 Y44.279 E0.01946
G1 X49.804 Y43.916 E0.02083
G1 X51.02 Y43.8 E0.02031
G1 X52.192 Y43.916 E0.01959
G1 X53.391 Y44.279 E0.02083
G1 X54.423 Y44.831 E0.01946
G1 X55 Y45.3 E0.01237
G1 X56.8 Y45.3 E0.02993
G1 X56.8 Y42.262 E0.05052
G1 X56.635 Y41.879 E0.00694
G1 X56.356 Y41.701 E0.0055
G1 X43.2 Y41.7 E0.21879
G1 X43.201 Y58.299 E0.27604
G1 X56.354 Y58.3 E0.21874
G1 X56.635 Y58.12 E0.00555
G1 X56.8 Y57.734 E0.00698
G1 X56.8 Y54.7 E0.05046
G1 X55 Y54.7 E0.02993
G1 X54.422 Y55.169 E0.01238
G1 X53.355 Y55.732 E0.02006
G1 X52.192 Y56.084 E0.02021
G0 F7200 X51.993 Y56.102
G0 X52.061 Y56.81
G0 X51 Y56.854
G0 X49.663 Y56.722
G0 X48.377 Y56.331
G0 X47.193 Y55.699
G0 X46.153 Y54.847
G0 X45.301 Y53.807
G0 X44.669 Y52.623
G0 X44.278 Y51.337
G0 X44.159 Y50.134
G0 X44.344 Y48.009
;TYPE:SKIN
G1 F1690.1 X44.057 Y48.656 E0.01254
G1 F1603.6 X43.948 Y47.763 E0.01679
G1 F1782.2 X44.419 Y47.763 E0.00791
G1 F1889.8 X44.344 Y48.009 E0.00407
G0 F7200 X44.063 Y48.642
G1 F1431.4 X44 Y49.98 E0.02801
G1 F1425.7 X44.065 Y51.34 E0.02859
G0 F7200 X44.348 Y51.986
G1 F1870.1 X44.422 Y52.232 E0.00411
G1 F1764.7 X43.949 Y52.232 E0.00802
G1 F1589.4 X44.059 Y51.327 E0.01717
G1 F1674.4 X44.348 Y51.986 E0.01286
G0 F7200 X44.21 Y52.055
;MESH:NONMESH
G0 F600 X44.21 Y52.055 Z2.8
G0 F7200 X43.91 Y43.76
G0 X43.76 Y43.76
;TIME_ELAPSED:198.636235
;LAYER:25
;TYPE:FILL
;MESH:hold.stl
G1 F3600 X45.765 Y45.765 E0.04715
G1 X45.835 Y45.835
G0 F7200 X45.645 Y45.678
G0 X43.91 Y44.925
G0 X43.761 Y44.925
G1 F3600 X46.426 Y42.26 E0.06268
G1 X46.496 Y42.19
G0 F7200 X46.496 Y42.41
G0 X47.917 Y42.41
G0 X47.917 Y42.26
G1 F3600 X49.174 Y43.517 E0.02956
G1 X49.244 Y43.587
G0 F7200 X49.176 Y43.363
G0 X51.112 Y43.098
G0 X51.098 Y43.245
G1 F3600 X52.083 Y42.26 E0.02317
G1 X52.153 Y42.19
G0 F7200 X52.153 Y42.41
G0 X53.574 Y42.41
G0 X53.574 Y42.26
G1 F3600 X56.054 Y44.74 E0.05833
G0 F7200 X55.259 Y44.74
G1 F3600 X56.24 Y43.759 E0.02307
G1 X56.31 Y43.689
G0 F7200 X56.09 Y43.689
G0 X51 Y43.146
G0 X49.663 Y43.278
G0 X48.377 Y43.669
G0 X47.193 Y44.301
G0 X46.153 Y45.153
G0 X45.301 Y46.193
G0 X44.669 Y47.377
G0 X44.278 Y48.663
G0 X44.146 Y50
G0 X44.278 Y51.337
G0 X44.669 Y52.623
G0 X45.301 Y53.807
G0 X46.153 Y54.847
G0 X47.193 Y55.699
G0 X48.377 Y56.331
G0 X49.663 Y56.722
G0 X51 Y56.854
G0 X52.337 Y56.722
G0 X56.053 Y55.41
G0 X56.053 Y55.26
G1 F3600 X53.573 Y57.74 E0.05833
G1 X53.503 Y57.81
G0 F7200 X53.503 Y57.59
G0 X52.083 Y57.59
G0 X52.083 Y57.74
G1 F3600 X51.091 Y56.748 E0.02333
G1 X51.021 Y56.678
G0 F7200 X51.043 Y56.91
G0 X49.131 Y56.623
G0 X49.175 Y56.481
G1 F3600 X47.916 Y57.74 E0.02961
G1 X47.846 Y57.81
G0 F7200 X47.846 Y57.59
G0 X46.425 Y57.59
G0 X46.425 Y57.739
G1 F3600 X43.76 Y55.074 E0.06268
G1 X43.69 Y55.004
G0 F7200 X43.91 Y55.004
G0 X43.91 Y56.238
G0 X43.761 Y56.238
G1 F3600 X45.765 Y54.234 E0.04713
G1 X45.835 Y54.164
G0 F7200 X45.643 Y54.32
G0 X44.789 Y52.848
G0 X43.91 Y50.581
G0 X43.761 Y50.581
G1 F3600 X43.841 Y50.502 E0.00187
G0 F7200 X43.91 Y50.502
G0 X43.91 Y49.497
G0 X43.841 Y49.497
G1 F3600 X43.76 Y49.417 E0.00189
G0 F7200 X43.91 Y49.417
G0 X44.278 Y51.337
G0 X44.669 Y52.623
G0 X45.301 Y53.807
G0 X46.153 Y54.847
G0 X47.193 Y55.699
G0 X48.377 Y56.331
G0 X49.663 Y56.722
G0 X51 Y56.854
G0 X52.337 Y56.722
G0 X53.494 Y56.37
G0 X55.26 Y55.41
G0 X55.26 Y55.26
G1 F3600 X56.24 Y56.24 E0.02305
G1 X56.31 Y56.31
G0 F7200 X56.09 Y56.31
G0 X52.376 Y56.773
G0 X52.287 Y56.477
;TYPE:WALL-INNER
G1 F3600 X51 Y56.599 E0.0215
G1 X49.708 Y56.476 E0.02158
G1 X48.469 Y56.097 E0.02155
G1 X47.334 Y55.494 E0.02137
G1 X46.328 Y54.666 E0.02167
G1 X45.505 Y53.661 E0.0216
G1 X44.899 Y52.53 E0.02134
G1 X44.523 Y51.288 E0.02158
G1 X44.4 Y50 E0.02152
G1 X44.523 Y48.708 E0.02158
G1 X44.899 Y47.466 E0.02158
G1 X45.505 Y46.335 E0.02134
G1 X46.326 Y45.332 E0.02156
G1 X47.335 Y44.505 E0.0217
G1 X48.471 Y43.898 E0.02142
G1 X49.708 Y43.524 E0.02149
G1 X51 Y43.396 E0.02159
G1 X52.288 Y43.524 E0.02153
G1 X53.525 Y43.898 E0.02149
G1 X54.665 Y44.508 E0.0215
G1 X55.143 Y44.9 E0.01028
G1 X56.4 Y44.9 E0.0209
G1 X56.4 Y42.313 E0.04302
G1 X56.274 Y42.101 E0.0041
G1 X43.6 Y42.1 E0.21077
G1 X43.601 Y57.899 E0.26274
G1 X56.272 Y57.9 E0.21072
G1 X56.4 Y57.683 E0.00419
G1 X56.4 Y55.1 E0.04296
G1 X55.143 Y55.1 E0.0209
G1 X54.663 Y55.494 E0.01033
G1 X53.527 Y56.097 E0.02139
G1 X52.287 Y56.477 E0.02157
G0 F7200 X52.192 Y56.084
;TYPE:WALL-OUTER
G1 F1800 X50.981 Y56.196 E0.02022
G1 X49.805 Y56.084 E0.01965
G1 X48.641 Y55.732 E0.02022
G1 X47.54 Y55.147 E0.02073
G1 X46.628 Y54.395 E0.01966
G1 X45.831 Y53.423 E0.0209
G1 X45.279 Y52.391 E0.01946
G1 X44.916 Y51.192 E0.02083
G1 X44.8 Y49.98 E0.02025
G1 X44.916 Y48.804 E0.01965
G1 X45.279 Y47.605 E0.02083
G1 X45.831 Y46.573 E0.01946
G1 X46.629 Y45.601 E0.02091
G1 X47.573 Y44.831 E0.02026
G1 X48.605 Y44.279 E0.01946
G1 X49.804 Y43.916 E0.02083
G1 X51.02 Y43.8 E0.02031
G1 X52.192 Y43.916 E0.01959
G1 X53.391 Y44.279 E0.02083
G1 X54.423 Y44.831 E0.01946
G1 X55 Y45.3 E0.01237
G1 X56.8 Y45.3 E0.02993
G1 X56.8 Y42.262 E0.05052
G1 X56.635 Y41.879 E0.00694
G1 X56.356 Y41.701 E0.0055
G1 X43.2 Y41.7 E0.21879
G1 X43.201 Y58.299 E0.27604
G1 X56.354 Y58.3 E0.21874
G1 X56.635 Y58.12 E0.00555
G1 X56.8 Y57.734 E0.00698
G1 X56.8 Y54.7 E0.05046
G1 X55 Y54.7 E0.02993
G1 X54.422 Y55.169 E0.01238
G1 X53.355 Y55.732 E0.02006
G1 X52.192 Y56.084 E0.02021
G0 F7200 X51.993 Y56.102
G0 X52.061 Y56.81
G0 X51 Y56.854
G0 X49.663 Y56.722
G0 X48.377 Y56.331
G0 X47.193 Y55.699
G0 X46.153 Y54.847
G0 X45.301 Y53.807
G0 X44.669 Y52.623
G0 X44.278 Y51.337
G0 X44.159 Y50.134
G0 X44.354 Y47.961
;TYPE:SKIN
G1 F1666.7 X44.057 Y48.657 E0.01359
G1 F1585.9 X43.954 Y47.711 E0.01796
G1 F1756.1 X44.43 Y47.711 E0.00811
G1 F1855.7 X44.354 Y47.961 E0.00422
G0 F7200 X44.063 Y48.642
G1 F1431.4 X44 Y49.98 E0.02801
G1 F1425.7 X44.065 Y51.34 E0.02859
G0 F7200 X44.359 Y52.034
G1 F1836.7 X44.433 Y52.284 E0.00425
G1 F1739.1 X43.955 Y52.284 E0.00823
G1 F1572.1 X44.059 Y51.325 E0.01837
G1 F1651.4 X44.359 Y52.034 E0.01396
G0 F7200 X44.21 Y52.102
;MESH:NONMESH
G0 F600 X44.21 Y52.102 Z2.9
G0 F7200 X43.91 Y43.76
G0 X43.76 Y43.76
;TIME_ELAPSED:205.198644
;LAYER:26
;TYPE:FILL
;MESH:hold.stl
G1 F3600 X45.765 Y45.765 E0.04715
G1 X45.835 Y45.835
G0 F7200 X45.645 Y45.678
G0 X43.91 Y44.925
G0 X43.761 Y44.925
G1 F3600 X46.426 Y42.26 E0.06268
G1 X46.496 Y42.19
G0 F7200 X46.496 Y42.41
G0 X47.917 Y42.41
G0 X47.917 Y42.26
G1 F3600 X49.174 Y43.517 E0.02956
G1 X49.244 Y43.587
G0 F7200 X49.176 Y43.363
G0 X51.112 Y43.098
G0 X51.098 Y43.245
G1 F3600 X52.083 Y42.26 E0.02317
G1 X52.153 Y42.19
G0 F7200 X52.153 Y42.41
G0 X53.574 Y42.41
G0 X53.574 Y42.26
G1 F3600 X56.054 Y44.74 E0.05833
G0 F7200 X55.259 Y44.74
G1 F3600 X56.24 Y43.759 E0.02307
G1 X56.31 Y43.689
G1 F1500 E-6.5
G0 F7200 X56.09 Y43.689
G0 X56.053 Y45.07
G0 X56.053 Y46.165
G0 X56.053 Y53.835
G0 X56.053 Y54.93
G0 X56.053 Y55.26
G1 F1500 E6.5
G1 F3600 X53.573 Y57.74 E0.05833
G1 X53.503 Y57.81
G0 F7200 X53.503 Y57.59
G0 X52.083 Y57.59
G0 X52.083 Y57.74
G1 F3600 X51.091 Y56.748 E0.02333
G1 X51.021 Y56.678
G0 F7200 X51.043 Y56.91
G0 X49.131 Y56.623
G0 X49.175 Y56.481
G1 F3600 X47.916 Y57.74 E0.02961
G1 X47.846 Y57.81
G0 F7200 X47.846 Y57.59
G0 X46.425 Y57.59
G0 X46.425 Y57.739
G1 F3600 X43.76 Y55.074 E0.06268
G1 X43.69 Y55.004
G0 F7200 X43.91 Y55.004
G0 X43.91 Y56.238
G0 X43.761 Y56.238
G1 F3600 X45.765 Y54.234 E0.04713
G1 X45.835 Y54.164
G0 F7200 X45.643 Y54.32
G0 X47.193 Y55.699
G0 X48.377 Y56.331
G0 X49.663 Y56.722
G0 X51 Y56.854
G0 X52.337 Y56.722
G0 X53.494 Y56.37
G0 X55.26 Y55.41
G0 X55.26 Y55.26
G1 F3600 X56.24 Y56.24 E0.02305
G1 X56.31 Y56.31
G0 F7200 X56.09 Y56.31
G0 X52.376 Y56.773
G0 X52.287 Y56.477
;TYPE:WALL-INNER
G1 F3600 X51 Y56.599 E0.0215
G1 X49.708 Y56.476 E0.02158
G1 X48.469 Y56.097 E0.02155
G1 X47.334 Y55.494 E0.02137
G1 X46.328 Y54.666 E0.02167
G1 X45.505 Y53.661 E0.0216
G1 X44.898 Y52.528 E0.02138
G1 X44.695 Y51.856 E0.01167
G1 X43.6 Y51.856 E0.01821
G1 X43.601 Y57.899 E0.1005
G1 X56.272 Y57.9 E0.21072
G1 X56.4 Y57.683 E0.00419
G1 X56.4 Y55.1 E0.04296
G1 X55.143 Y55.1 E0.0209
G1 X54.663 Y55.494 E0.01033
G1 X53.527 Y56.097 E0.02139
G1 X52.287 Y56.477 E0.02157
G1 F1500 E-6.5
G0 F7200 X52.376 Y56.773
G0 X51 Y56.432
G0 X51 Y55.332
G0 X46.073 Y47.959
G0 X45.058 Y47.539
G0 X45.235 Y46.189
G0 X45.505 Y46.335
G1 F1500 E6.5
G1 F3600 X46.326 Y45.332 E0.02156
G1 X47.335 Y44.505 E0.0217
G1 X48.471 Y43.898 E0.02142
G1 X49.708 Y43.524 E0.02149
G1 X51 Y43.396 E0.02159
G1 X52.288 Y43.524 E0.02153
G1 X53.525 Y43.898 E0.02149
G1 X54.665 Y44.508 E0.0215
G1 X55.143 Y44.9 E0.01028
G1 X56.4 Y44.9 E0.0209
G1 X56.4 Y42.313 E0.04302
G1 X56.274 Y42.101 E0.0041
G1 X43.6 Y42.1 E0.21077
G1 X43.601 Y48.139 E0.10043
G1 X44.694 Y48.139 E0.01818
G1 X44.899 Y47.467 E0.01168
G1 X45.505 Y46.335 E0.02135
G0 F7200 X45.235 Y46.189
G0 X44.656 Y47.272
G0 X45.279 Y47.605
;TYPE:WALL-OUTER
G1 F1800 X45.831 Y46.573 E0.01946
G1 X46.629 Y45.601 E0.02091
G1 X47.573 Y44.831 E0.02026
G1 X48.605 Y44.279 E0.01946
G1 X49.804 Y43.916 E0.02083
G1 X51.02 Y43.8 E0.02031
G1 X52.192 Y43.916 E0.01959
G1 X53.391 Y44.279 E0.02083
G1 X54.423 Y44.831 E0.01946
G1 X55 Y45.3 E0.01237
G1 X56.8 Y45.3 E0.02993
G1 X56.8 Y42.262 E0.05052
G1 X56.635 Y41.879 E0.00694
G1 X56.356 Y41.701 E0.0055
G1 X43.2 Y41.7 E0.21879
G1 X43.2 Y48.24 E0.10876
G1 F1600 X43.25 Y48.74 E0.0094
G1 X43.5 Y48.54 E0.00599
G1 F1800 X44.991 Y48.539 E0.0248
G1 X45.279 Y47.605 E0.01625
G0 F7200 X45.373 Y47.429
G0 X44.751 Y47.096
G0 X43.48 Y48.261
G0 X43.25 Y48.74
G1 F1431.4 X43.251 Y51.299 E0.05351
G0 F7200 X43.48 Y51.738
G0 X46.438 Y54.562
G0 X47.416 Y55.365
G0 X48.531 Y55.96
G0 X49.512 Y56.258
G0 X52.26 Y56.79
G0 X52.192 Y56.084
G1 F1800 X50.981 Y56.196 E0.02022
G1 X49.805 Y56.084 E0.01965
G1 X48.641 Y55.732 E0.02022
G1 X47.54 Y55.147 E0.02073
G1 X46.628 Y54.395 E0.01966
G1 X45.831 Y53.423 E0.0209
G1 X45.264 Y52.355 E0.02011
G1 X44.991 Y51.456 E0.01562
G1 X43.5 Y51.456 E0.0248
G1 F1589.4 X43.251 Y51.299 E0.00554
G1 X43.2 Y51.756 E0.00866
G1 F1800 X43.201 Y58.299 E0.10881
G1 X56.354 Y58.3 E0.21874
G1 X56.635 Y58.12 E0.00555
G1 X56.8 Y57.734 E0.00698
G1 X56.8 Y54.7 E0.05046
G1 X55 Y54.7 E0.02993
G1 X54.422 Y55.169 E0.01238
G1 X53.355 Y55.732 E0.02006
G1 X52.192 Y56.084 E0.02021
G0 F7200 X51.993 Y56.102
G0 X52.091 Y57.109
G1 F1500 E-6.5
;MESH:NONMESH
G0 F600 X52.091 Y57.109 Z3
G0 F7200 X51 Y56.432
G0 X51 Y55.332
G0 X46.073 Y47.959
G0 X45.058 Y47.539
G0 X43.91 Y43.76
G0 X43.76 Y43.76
;TIME_ELAPSED:212.850476
;LAYER:27
;TYPE:FILL
;MESH:hold.stl
G1 F1500 E6.5
G1 F3600 X45.765 Y45.765 E0.04715
G1 X45.835 Y45.835
G0 F7200 X45.645 Y45.678
G0 X43.91 Y44.925
G0 X43.761 Y44.925
G1 F3600 X46.426 Y42.26 E0.06268
G1 X46.496 Y42.19
G0 F7200 X46.496 Y42.41
G0 X47.917 Y42.41
G0 X47.917 Y42.26
G1 F3600 X49.174 Y43.517 E0.02956
G1 X49.244 Y43.587
G0 F7200 X49.176 Y43.363
G0 X51.112 Y43.098
G0 X51.098 Y43.245
G1 F3600 X52.083 Y42.26 E0.02317
G1 X52.153 Y42.19
G0 F7200 X52.153 Y42.41
G0 X53.574 Y42.41
G0 X53.574 Y42.26
G1 F3600 X56.054 Y44.74 E0.05833
G0 F7200 X55.259 Y44.74
G1 F3600 X56.24 Y43.759 E0.02307
G1 X56.31 Y43.689
G1 F1500 E-6.5
G0 F7200 X56.09 Y43.689
G0 X56.053 Y45.07
G0 X56.053 Y46.165
G0 X56.053 Y53.835
G0 X56.053 Y54.93
G0 X56.053 Y55.26
G1 F1500 E6.5
G1 F3600 X53.573 Y57.74 E0.05833
G1 X53.503 Y57.81
G0 F7200 X53.503 Y57.59
G0 X52.083 Y57.59
G0 X52.083 Y57.74
G1 F3600 X51.091 Y56.748 E0.02333
G1 X51.021 Y56.678
G0 F7200 X51.043 Y56.91
G0 X49.131 Y56.623
G0 X49.175 Y56.481
G1 F3600 X47.916 Y57.74 E0.02961
G1 X47.846 Y57.81
G0 F7200 X47.846 Y57.59
G0 X46.425 Y57.59
G0 X46.425 Y57.739
G1 F3600 X43.76 Y55.074 E0.06268
G1 X43.69 Y55.004
G0 F7200 X43.91 Y55.004
G0 X43.91 Y56.238
G0 X43.761 Y56.238
G1 F3600 X45.765 Y54.234 E0.04713
G1 X45.835 Y54.164
G0 F7200 X45.643 Y54.32
G0 X47.193 Y55.699
G0 X48.377 Y56.331
G0 X49.663 Y56.722
G0 X51 Y56.854
G0 X52.337 Y56.722
G0 X53.494 Y56.37
G0 X55.26 Y55.41
G0 X55.26 Y55.26
G1 F3600 X56.24 Y56.24 E0.02305
G1 X56.31 Y56.31
G0 F7200 X56.09 Y56.31
G0 X52.376 Y56.773
G0 X52.287 Y56.477
;TYPE:WALL-INNER
G1 F3600 X51 Y56.599 E0.0215
G1 X49.708 Y56.476 E0.02158
G1 X48.469 Y56.097 E0.02155
G1 X47.334 Y55.494 E0.02137
G1 X46.328 Y54.666 E0.02167
G1 X45.505 Y53.661 E0.0216
G1 X44.899 Y52.529 E0.02135
G1 X44.714 Y51.916 E0.01065
G1 X43.6 Y51.916 E0.01853
G1 X43.601 Y57.899 E0.0995
G1 X56.272 Y57.9 E0.21072
G1 X56.4 Y57.683 E0.00419
G1 X56.4 Y55.1 E0.04296
G1 X55.143 Y55.1 E0.0209
G1 X54.663 Y55.494 E0.01033
G1 X53.527 Y56.097 E0.02139
G1 X52.287 Y56.477 E0.02157
G1 F1500 E-6.5
G0 F7200 X52.376 Y56.773
G0 X51 Y56.432
G0 X51 Y55.332
G0 X46.073 Y47.96
G0 X45.058 Y47.539
G0 X45.235 Y46.189
G0 X45.505 Y46.335
G1 F1500 E6.5
G1 F3600 X46.326 Y45.332 E0.02156
G1 X47.335 Y44.505 E0.0217
G1 X48.471 Y43.898 E0.02142
G1 X49.708 Y43.524 E0.02149
G1 X51 Y43.396 E0.02159
G1 X52.288 Y43.524 E0.02153
G1 X53.525 Y43.898 E0.02149
G1 X54.665 Y44.508 E0.0215
G1 X55.143 Y44.9 E0.01028
G1 X56.4 Y44.9 E0.0209
G1 X56.4 Y42.313 E0.04302
G1 X56.274 Y42.101 E0.0041
G1 X43.6 Y42.1 E0.21077
G1 X43.601 Y48.079 E0.09943
G1 X44.714 Y48.079 E0.01851
G1 X44.899 Y47.466 E0.01065
G1 X45.505 Y46.335 E0.02134
G0 F7200 X45.235 Y46.189
G0 X44.657 Y47.272
G0 X45.279 Y47.605
;TYPE:WALL-OUTER
G1 F1800 X45.831 Y46.573 E0.01946
G1 X46.629 Y45.601 E0.02091
G1 X47.573 Y44.831 E0.02026
G1 X48.605 Y44.279 E0.01946
G1 X49.804 Y43.916 E0.02083
G1 X51.02 Y43.8 E0.02031
G1 X52.192 Y43.916 E0.01959
G1 X53.391 Y44.279 E0.02083
G1 X54.423 Y44.831 E0.01946
G1 X55 Y45.3 E0.01237
G1 X56.8 Y45.3 E0.02993
G1 X56.8 Y42.262 E0.05052
G1 X56.635 Y41.879 E0.00694
G1 X56.356 Y41.701 E0.0055
G1 X43.2 Y41.7 E0.21879
G1 X43.2 Y48.18 E0.10776
G1 F1600 X43.25 Y48.68 E0.0094
G1 X43.5 Y48.48 E0.00599
G1 F1800 X45.011 Y48.479 E0.02513
G1 X45.279 Y47.605 E0.0152
G0 F7200 X45.373 Y47.429
G0 X44.751 Y47.096
G0 X43.48 Y48.203
G0 X43.25 Y48.68
G1 F1431.4 X43.251 Y51.359 E0.05602
G0 F7200 X43.48 Y51.796
G0 X46.438 Y54.562
G0 X47.416 Y55.365
G0 X48.531 Y55.96
G0 X49.512 Y56.258
G0 X52.26 Y56.79
G0 X52.192 Y56.084
G1 F1800 X50.981 Y56.196 E0.02022
G1 X49.805 Y56.084 E0.01965
G1 X48.641 Y55.732 E0.02022
G1 X47.54 Y55.147 E0.02073
G1 X46.628 Y54.395 E0.01966
G1 X45.831 Y53.423 E0.0209
G1 X45.279 Y52.391 E0.01946
G1 X45.011 Y51.516 E0.01522
G1 X43.5 Y51.516 E0.02513
G1 F1589.4 X43.251 Y51.359 E0.00554
G1 X43.2 Y51.816 E0.00866
G1 F1800 X43.201 Y58.299 E0.10781
G1 X56.354 Y58.3 E0.21874
G1 X56.635 Y58.12 E0.00555
G1 X56.8 Y57.734 E0.00698
G1 X56.8 Y54.7 E0.05046
G1 X55 Y54.7 E0.02993
G1 X54.422 Y55.169 E0.01238
G1 X53.355 Y55.732 E0.02006
G1 X52.192 Y56.084 E0.02021
G0 F7200 X51.993 Y56.102
G0 X52.091 Y57.109
G1 F1500 E-6.5
;MESH:NONMESH
G0 F600 X52.091 Y57.109 Z3.1
G0 F7200 X51 Y56.432
G0 X51 Y55.332
G0 X46.073 Y47.96
G0 X45.058 Y47.539
G0 X43.91 Y43.76
G0 X43.76 Y43.76
;TIME_ELAPSED:220.759461
;LAYER:28
;TYPE:FILL
;MESH:hold.stl
G1 F1500 E6.5
G1 F3600 X45.765 Y45.765 E0.04715
G1 X45.835 Y45.835
G0 F7200 X45.645 Y45.678
G0 X43.91 Y44.925
G0 X43.76 Y44.925
G1 F3600 X46.426 Y42.26 E0.06269
G1 X46.496 Y42.19
G0 F7200 X46.496 Y42.41
G0 X47.917 Y42.41
G0 X47.917 Y42.26
G1 F3600 X49.174 Y43.517 E0.02956
G1 X49.244 Y43.587
G0 F7200 X49.176 Y43.363
G0 X51.112 Y43.098
G0 X51.098 Y43.245
G1 F3600 X52.083 Y42.26 E0.02317
G1 X52.153 Y42.19
G0 F7200 X52.153 Y42.41
G0 X53.574 Y42.41
G0 X53.574 Y42.26
G1 F3600 X56.054 Y44.74 E0.05833
G0 F7200 X55.259 Y44.74
G1 F3600 X56.24 Y43.759 E0.02307
G1 X56.31 Y43.689
G1 F1500 E-6.5
G0 F7200 X56.09 Y43.689
G0 X56.053 Y45.07
G0 X56.053 Y46.165
G0 X56.053 Y53.835
G0 X56.053 Y54.93
G0 X56.053 Y55.26
G1 F1500 E6.5
G1 F3600 X53.573 Y57.74 E0.05833
G1 X53.503 Y57.81
G0 F7200 X53.503 Y57.59
G0 X52.083 Y57.59
G0 X52.083 Y57.74
G1 F3600 X51.091 Y56.748 E0.02333
G1 X51.021 Y56.678
G0 F7200 X51.043 Y56.91
G0 X49.131 Y56.623
G0 X49.175 Y56.481
G1 F3600 X47.916 Y57.74 E0.02961
G1 X47.846 Y57.81
G0 F7200 X47.846 Y57.59
G0 X46.425 Y57.59
G0 X46.425 Y57.739
G1 F3600 X43.76 Y55.074 E0.06268
G1 X43.69 Y55.004
G0 F7200 X43.91 Y55.004
G0 X43.91 Y56.238
G0 X43.761 Y56.238
G1 F3600 X45.765 Y54.234 E0.04713
G1 X45.835 Y54.164
G0 F7200 X45.643 Y54.32
G0 X47.193 Y55.699
G0 X48.377 Y56.331
G0 X49.663 Y56.722
G0 X51 Y56.854
G0 X52.337 Y56.722
G0 X53.494 Y56.37
G0 X55.26 Y55.41
G0 X55.26 Y55.26
G1 F3600 X56.24 Y56.24 E0.02305
G1 X56.31 Y56.31
G0 F7200 X56.09 Y56.31
G0 X52.376 Y56.773
G0 X52.287 Y56.477
;TYPE:WALL-INNER
G1 F3600 X51 Y56.599 E0.0215
G1 X49.708 Y56.476 E0.02158
G1 X48.469 Y56.097 E0.02155
G1 X47.334 Y55.494 E0.02137
G1 X46.328 Y54.666 E0.02167
G1 X45.505 Y53.661 E0.0216
G1 X44.898 Y52.528 E0.02138
G1 X44.731 Y51.972 E0.00965
G1 X43.6 Y51.972 E0.01881
G1 X43.601 Y57.899 E0.09857
G1 X56.272 Y57.9 E0.21072
G1 X56.4 Y57.683 E0.00419
G1 X56.4 Y55.1 E0.04296
G1 X55.143 Y55.1 E0.0209
G1 X54.663 Y55.494 E0.01033
G1 X53.527 Y56.097 E0.02139
G1 X52.287 Y56.477 E0.02157
G1 F1500 E-6.5
G0 F7200 X52.376 Y56.773
G0 X51 Y56.432
G0 X51 Y55.332
G0 X46.073 Y47.959
G0 X45.058 Y47.539
G0 X45.235 Y46.189
G0 X45.505 Y46.335
G1 F1500 E6.5
G1 F3600 X46.326 Y45.332 E0.02156
G1 X47.335 Y44.505 E0.0217
G1 X48.471 Y43.898 E0.02142
G1 X49.708 Y43.524 E0.02149
G1 X51 Y43.396 E0.02159
G1 X52.288 Y43.524 E0.02153
G1 X53.525 Y43.898 E0.02149
G1 X54.665 Y44.508 E0.0215
G1 X55.143 Y44.9 E0.01028
G1 X56.4 Y44.9 E0.0209
G1 X56.4 Y42.313 E0.04302
G1 X56.274 Y42.101 E0.0041
G1 X43.6 Y42.1 E0.21077
G1 X43.6 Y48.024 E0.09852
G1 X44.73 Y48.024 E0.01879
G1 X44.898 Y47.468 E0.00966
G1 X45.505 Y46.335 E0.02138
G0 F7200 X45.235 Y46.189
G0 X44.656 Y47.272
G0 X45.279 Y47.605
;TYPE:WALL-OUTER
G1 F1800 X45.831 Y46.573 E0.01946
G1 X46.629 Y45.601 E0.02091
G1 X47.573 Y44.831 E0.02026
G1 X48.605 Y44.279 E0.01946
G1 X49.804 Y43.916 E0.02083
G1 X51.02 Y43.8 E0.02031
G1 X52.192 Y43.916 E0.01959
G1 X53.391 Y44.279 E0.02083
G1 X54.423 Y44.831 E0.01946
G1 X55 Y45.3 E0.01237
G1 X56.8 Y45.3 E0.02993
G1 X56.8 Y42.262 E0.05052
G1 X56.635 Y41.879 E0.00694
G1 X56.356 Y41.701 E0.0055
G1 X43.2 Y41.7 E0.21879
G1 X43.2 Y48.124 E0.10683
G1 F1600 X43.25 Y48.624 E0.0094
G1 X43.5 Y48.424 E0.00599
G1 F1800 X45.027 Y48.424 E0.02539
G1 X45.279 Y47.605 E0.01425
G0 F7200 X45.373 Y47.429
G0 X44.751 Y47.096
G0 X43.48 Y48.145
G0 X43.25 Y48.624
G1 F1431.4 X43.251 Y51.415 E0.05837
G0 F7200 X43.48 Y51.854
G0 X46.438 Y54.562
G0 X47.416 Y55.365
G0 X48.531 Y55.96
G0 X49.512 Y56.258
G0 X52.26 Y56.79
G0 X52.192 Y56.084
G1 F1800 X50.981 Y56.196 E0.02022
G1 X49.805 Y56.084 E0.01965
G1 X48.641 Y55.732 E0.02022
G1 X47.54 Y55.147 E0.02073
G1 X46.628 Y54.395 E0.01966
G1 X45.831 Y53.423 E0.0209
G1 X45.264 Y52.355 E0.02011
G1 X45.027 Y51.572 E0.0136
G1 X43.5 Y51.572 E0.02539
G1 F1589.4 X43.251 Y51.415 E0.00554
G1 X43.2 Y51.872 E0.00866
G1 F1800 X43.201 Y58.299 E0.10688
G1 X56.354 Y58.3 E0.21874
G1 X56.635 Y58.12 E0.00555
G1 X56.8 Y57.734 E0.00698
G1 X56.8 Y54.7 E0.05046
G1 X55 Y54.7 E0.02993
G1 X54.422 Y55.169 E0.01238
G1 X53.355 Y55.732 E0.02006
G1 X52.192 Y56.084 E0.02021
G0 F7200 X51.993 Y56.102
G0 X52.091 Y57.109
G1 F1500 E-6.5
;MESH:NONMESH
G0 F600 X52.091 Y57.109 Z3.2
G0 F7200 X51 Y56.432
G0 X51 Y55.332
G0 X46.073 Y47.959
G0 X45.058 Y47.539
G0 X43.91 Y43.76
G0 X43.76 Y43.76
;TIME_ELAPSED:228.663501
;LAYER:29
;TYPE:FILL
;MESH:hold.stl
G1 F1500 E6.5
G1 F3600 X45.765 Y45.765 E0.04715
G1 X45.835 Y45.835
G0 F7200 X45.645 Y45.678
G0 X43.91 Y44.925
G0 X43.76 Y44.925
G1 F3600 X46.426 Y42.26 E0.06269
G1 X46.496 Y42.19
G0 F7200 X46.496 Y42.41
G0 X47.917 Y42.41
G0 X47.917 Y42.26
G1 F3600 X49.174 Y43.517 E0.02956
G1 X49.244 Y43.587
G0 F7200 X49.176 Y43.363
G0 X51.112 Y43.098
G0 X51.098 Y43.245
G1 F3600 X52.083 Y42.26 E0.02317
G1 X52.153 Y42.19
G0 F7200 X52.153 Y42.41
G0 X53.574 Y42.41
G0 X53.574 Y42.26
G1 F3600 X56.054 Y44.74 E0.05833
G0 F7200 X55.259 Y44.74
G1 F3600 X56.24 Y43.759 E0.02307
G1 X56.31 Y43.689
G1 F1500 E-6.5
G0 F7200 X56.09 Y43.689
G0 X56.053 Y45.07
G0 X56.053 Y46.165
G0 X56.053 Y53.835
G0 X56.053 Y54.93
G0 X56.053 Y55.26
G1 F1500 E6.5
G1 F3600 X53.573 Y57.74 E0.05833
G1 X53.503 Y57.81
G0 F7200 X53.503 Y57.59
G0 X52.083 Y57.59
G0 X52.083 Y57.74
G1 F3600 X51.091 Y56.748 E0.02333
G1 X51.021 Y56.678
G0 F7200 X51.043 Y56.91
G0 X49.131 Y56.623
G0 X49.175 Y56.481
G1 F3600 X47.916 Y57.74 E0.02961
G1 X47.846 Y57.81
G0 F7200 X47.846 Y57.59
G0 X46.425 Y57.59
G0 X46.425 Y57.739
G1 F3600 X43.76 Y55.074 E0.06268
G1 X43.69 Y55.004
G0 F7200 X43.91 Y55.004
G0 X43.91 Y56.238
G0 X43.761 Y56.238
G1 F3600 X45.765 Y54.234 E0.04713
G1 X45.835 Y54.164
G0 F7200 X45.643 Y54.32
G0 X47.193 Y55.699
G0 X48.377 Y56.331
G0 X49.663 Y56.722
G0 X51 Y56.854
G0 X52.337 Y56.722
G0 X53.494 Y56.37
G0 X55.26 Y55.41
G0 X55.26 Y55.26
G1 F3600 X56.24 Y56.24 E0.02305
G1 X56.31 Y56.31
G0 F7200 X56.09 Y56.31
G0 X52.376 Y56.773
G0 X52.287 Y56.477
;TYPE:WALL-INNER
G1 F3600 X51 Y56.599 E0.0215
G1 X49.708 Y56.476 E0.02158
G1 X48.469 Y56.097 E0.02155
G1 X47.334 Y55.494 E0.02137
G1 X46.328 Y54.666 E0.02167
G1 X45.505 Y53.661 E0.0216
G1 X44.901 Y52.533 E0.02128
G1 X44.747 Y52.033 E0.0087
G1 X43.6 Y52.032 E0.01907
G1 X43.601 Y57.899 E0.09757
G1 X56.272 Y57.9 E0.21072
G1 X56.4 Y57.683 E0.00419
G1 X56.4 Y55.1 E0.04296
G1 X55.143 Y55.1 E0.0209
G1 X54.663 Y55.494 E0.01033
G1 X53.527 Y56.097 E0.02139
G1 X52.287 Y56.477 E0.02157
G1 F1500 E-6.5
G0 F7200 X52.376 Y56.773
G0 X51 Y56.432
G0 X51 Y55.332
G0 X46.073 Y47.959
G0 X45.058 Y47.539
G0 X45.235 Y46.189
G0 X45.505 Y46.335
G1 F1500 E6.5
G1 F3600 X46.326 Y45.332 E0.02156
G1 X47.335 Y44.505 E0.0217
G1 X48.471 Y43.898 E0.02142
G1 X49.708 Y43.524 E0.02149
G1 X51 Y43.396 E0.02159
G1 X52.288 Y43.524 E0.02153
G1 X53.525 Y43.898 E0.02149
G1 X54.665 Y44.508 E0.0215
G1 X55.143 Y44.9 E0.01028
G1 X56.4 Y44.9 E0.0209
G1 X56.4 Y42.313 E0.04302
G1 X56.274 Y42.101 E0.0041
G1 X43.6 Y42.1 E0.21077
G1 X43.6 Y47.964 E0.09752
G1 X44.75 Y47.964 E0.01912
G1 X44.9 Y47.465 E0.00867
G1 X45.505 Y46.335 E0.02132
G0 F7200 X45.235 Y46.189
G0 X44.657 Y47.272
G0 X45.279 Y47.605
;TYPE:WALL-OUTER
G1 F1800 X45.831 Y46.573 E0.01946
G1 X46.629 Y45.601 E0.02091
G1 X47.573 Y44.831 E0.02026
G1 X48.605 Y44.279 E0.01946
G1 X49.804 Y43.916 E0.02083
G1 X51.02 Y43.8 E0.02031
G1 X52.192 Y43.916 E0.01959
G1 X53.391 Y44.279 E0.02083
G1 X54.423 Y44.831 E0.01946
G1 X55 Y45.3 E0.01237
G1 X56.8 Y45.3 E0.02993
G1 X56.8 Y42.262 E0.05052
G1 X56.635 Y41.879 E0.00694
G1 X56.356 Y41.701 E0.0055
G1 X43.2 Y41.7 E0.21879
G1 X43.2 Y48.064 E0.10583
G1 F1600 X43.25 Y48.564 E0.0094
G1 X43.5 Y48.364 E0.00599
G1 F1800 X45.047 Y48.364 E0.02573
G1 X45.279 Y47.605 E0.0132
G0 F7200 X45.373 Y47.429
G0 X44.751 Y47.096
G0 X43.48 Y48.087
G0 X43.25 Y48.564
G1 F1431.4 X43.251 Y51.475 E0.06088
G0 F7200 X43.48 Y51.912
G0 X46.438 Y54.562
G0 X47.416 Y55.365
G0 X48.531 Y55.96
G0 X49.512 Y56.258
G0 X52.26 Y56.79
G0 X52.192 Y56.084
G1 F1800 X50.981 Y56.196 E0.02022
G1 X49.805 Y56.084 E0.01965
G1 X48.641 Y55.732 E0.02022
G1 X47.54 Y55.147 E0.02073
G1 X46.628 Y54.395 E0.01966
G1 X45.831 Y53.423 E0.0209
G1 X45.264 Y52.355 E0.02011
G1 X45.043 Y51.633 E0.01256
G1 X43.5 Y51.632 E0.02566
G1 F1589.4 X43.251 Y51.475 E0.00554
G1 X43.2 Y51.932 E0.00866
G1 F1800 X43.201 Y58.299 E0.10588
G1 X56.354 Y58.3 E0.21874
G1 X56.635 Y58.12 E0.00555
G1 X56.8 Y57.734 E0.00698
G1 X56.8 Y54.7 E0.05046
G1 X55 Y54.7 E0.02993
G1 X54.422 Y55.169 E0.01238
G1 X53.355 Y55.732 E0.02006
G1 X52.192 Y56.084 E0.02021
G0 F7200 X51.993 Y56.102
G0 X52.091 Y57.109
G1 F1500 E-6.5
;MESH:NONMESH
G0 F600 X52.091 Y57.109 Z3.3
G0 F7200 X51 Y56.432
G0 X51 Y55.332
G0 X46.073 Y47.959
G0 X45.058 Y47.539
G0 X43.91 Y43.76
G0 X43.76 Y43.76
;TIME_ELAPSED:236.561721
;LAYER:30
;TYPE:FILL
;MESH:hold.stl
G1 F1500 E6.5
G1 F3600 X45.765 Y45.765 E0.04715
G1 X45.835 Y45.835
G0 F7200 X45.645 Y45.678
G0 X43.91 Y44.925
G0 X43.76 Y44.925
G1 F3600 X46.426 Y42.26 E0.06269
G1 X46.496 Y42.19
G0 F7200 X46.496 Y42.41
G0 X47.917 Y42.41
G0 X47.917 Y42.26
G1 F3600 X49.174 Y43.517 E0.02956
G1 X49.244 Y43.587
G0 F7200 X49.176 Y43.363
G0 X51.112 Y43.098
G0 X51.098 Y43.245
G1 F3600 X52.083 Y42.26 E0.02317
G1 X52.153 Y42.19
G0 F7200 X52.153 Y42.41
G0 X53.574 Y42.41
G0 X53.574 Y42.26
G1 F3600 X56.054 Y44.74 E0.05833
G0 F7200 X55.259 Y44.74
G1 F3600 X56.24 Y43.759 E0.02307
G1 X56.31 Y43.689
G1 F1500 E-6.5
G0 F7200 X56.09 Y43.689
G0 X56.053 Y45.07
G0 X56.053 Y46.165
G0 X56.053 Y53.835
G0 X56.053 Y54.93
G0 X56.053 Y55.26
G1 F1500 E6.5
G1 F3600 X53.573 Y57.74 E0.05833
G1 X53.503 Y57.81
G0 F7200 X53.503 Y57.59
G0 X52.083 Y57.59
G0 X52.083 Y57.74
G1 F3600 X51.091 Y56.748 E0.02333
G1 X51.021 Y56.678
G0 F7200 X51.043 Y56.91
G0 X49.131 Y56.623
G0 X49.175 Y56.481
G1 F3600 X47.916 Y57.74 E0.02961
G1 X47.846 Y57.81
G0 F7200 X47.846 Y57.59
G0 X46.425 Y57.59
G0 X46.425 Y57.739
G1 F3600 X43.76 Y55.074 E0.06268
G1 X43.69 Y55.004
G0 F7200 X43.91 Y55.004
G0 X43.91 Y56.238
G0 X43.761 Y56.238
G1 F3600 X45.765 Y54.234 E0.04713
G1 X45.835 Y54.164
G0 F7200 X45.643 Y54.32
G0 X47.193 Y55.699
G0 X48.377 Y56.331
G0 X49.663 Y56.722
G0 X51 Y56.854
G0 X52.337 Y56.722
G0 X53.494 Y56.37
G0 X55.26 Y55.41
G0 X55.26 Y55.26
G1 F3600 X56.24 Y56.24 E0.02305
G1 X56.31 Y56.31
G0 F7200 X56.09 Y56.31
G0 X52.376 Y56.773
G0 X52.287 Y56.477
;TYPE:WALL-INNER
G1 F3600 X51 Y56.599 E0.0215
G1 X49.708 Y56.476 E0.02158
G1 X48.469 Y56.097 E0.02155
G1 X47.334 Y55.494 E0.02137
G1 X46.328 Y54.666 E0.02167
G1 X45.505 Y53.661 E0.0216
G1 X44.926 Y52.58 E0.02039
G1 X44.766 Y52.088 E0.0086
G1 X43.6 Y52.088 E0.01939
G1 X43.601 Y57.899 E0.09664
G1 X56.272 Y57.9 E0.21072
G1 X56.4 Y57.683 E0.00419
G1 X56.4 Y55.1 E0.04296
G1 X55.143 Y55.1 E0.0209
G1 X54.663 Y55.494 E0.01033
G1 X53.527 Y56.097 E0.02139
G1 X52.287 Y56.477 E0.02157
G1 F1500 E-6.5
G0 F7200 X52.376 Y56.773
G0 X51 Y56.432
G0 X51 Y55.332
G0 X46.073 Y47.96
G0 X45.058 Y47.539
G0 X45.234 Y46.19
G0 X45.504 Y46.336
G1 F1500 E6.5
G1 F3600 X46.326 Y45.332 E0.02158
G1 X47.335 Y44.505 E0.0217
G1 X48.471 Y43.898 E0.02142
G1 X49.708 Y43.524 E0.02149
G1 X51 Y43.396 E0.02159
G1 X52.288 Y43.524 E0.02153
G1 X53.525 Y43.898 E0.02149
G1 X54.665 Y44.508 E0.0215
G1 X55.143 Y44.9 E0.01028
G1 X56.4 Y44.9 E0.0209
G1 X56.4 Y42.313 E0.04302
G1 X56.274 Y42.101 E0.0041
G1 X43.6 Y42.1 E0.21077
G1 X43.6 Y47.908 E0.09659
G1 X44.766 Y47.908 E0.01939
G1 X44.897 Y47.481 E0.00743
G1 X45.504 Y46.336 E0.02155
G0 F7200 X45.831 Y46.573
;TYPE:WALL-OUTER
G1 F1800 X46.629 Y45.601 E0.02091
G1 X47.573 Y44.831 E0.02026
G1 X48.605 Y44.279 E0.01946
G1 X49.804 Y43.916 E0.02083
G1 X51.02 Y43.8 E0.02031
G1 X52.192 Y43.916 E0.01959
G1 X53.391 Y44.279 E0.02083
G1 X54.423 Y44.831 E0.01946
G1 X55 Y45.3 E0.01237
G1 X56.8 Y45.3 E0.02993
G1 X56.8 Y42.262 E0.05052
G1 X56.635 Y41.879 E0.00694
G1 X56.356 Y41.701 E0.0055
G1 X43.2 Y41.7 E0.21879
G1 X43.2 Y48.008 E0.1049
G1 F1600 X43.25 Y48.508 E0.0094
G1 X43.5 Y48.308 E0.00599
G1 F1800 X45.063 Y48.308 E0.02599
G1 X45.269 Y47.627 E0.01183
G1 X45.831 Y46.573 E0.01986
G0 F7200 X45.957 Y46.419
G0 X45.408 Y45.968
G0 X43.48 Y48.03
G0 X43.25 Y48.508
G1 F1431.4 X43.251 Y51.531 E0.06322
G0 F7200 X43.48 Y51.969
G0 X47.416 Y55.365
G0 X48.531 Y55.96
G0 X49.512 Y56.258
G0 X52.26 Y56.79
G0 X52.192 Y56.084
G1 F1800 X50.981 Y56.196 E0.02022
G1 X49.805 Y56.084 E0.01965
G1 X48.641 Y55.732 E0.02022
G1 X47.54 Y55.147 E0.02073
G1 X46.628 Y54.395 E0.01966
G1 X45.831 Y53.423 E0.0209
G1 X45.269 Y52.369 E0.01986
G1 X45.063 Y51.688 E0.01183
G1 X43.5 Y51.688 E0.02599
G1 F1589.4 X43.251 Y51.531 E0.00554
G1 X43.2 Y51.988 E0.00866
G1 F1800 X43.201 Y58.299 E0.10495
G1 X56.354 Y58.3 E0.21874
G1 X56.635 Y58.12 E0.00555
G1 X56.8 Y57.734 E0.00698
G1 X56.8 Y54.7 E0.05046
G1 X55 Y54.7 E0.02993
G1 X54.422 Y55.169 E0.01238
G1 X53.355 Y55.732 E0.02006
G1 X52.192 Y56.084 E0.02021
G0 F7200 X51.993 Y56.102
G0 X52.091 Y57.109
G1 F1500 E-6.5
;MESH:NONMESH
G0 F600 X52.091 Y57.109 Z3.4
G0 F7200 X51 Y56.432
G0 X51 Y55.332
G0 X46.073 Y47.96
G0 X45.058 Y47.539
G0 X43.91 Y43.76
G0 X43.76 Y43.76
;TIME_ELAPSED:244.419998
;LAYER:31
;TYPE:FILL
;MESH:hold.stl
G1 F1500 E6.5
G1 F3600 X45.765 Y45.765 E0.04715
G1 X45.835 Y45.835
G0 F7200 X45.645 Y45.678
G0 X43.91 Y44.925
G0 X43.76 Y44.925
G1 F3600 X46.426 Y42.26 E0.06269
G1 X46.496 Y42.19
G0 F7200 X46.496 Y42.41
G0 X47.917 Y42.41
G0 X47.917 Y42.26
G1 F3600 X49.174 Y43.517 E0.02956
G1 X49.244 Y43.587
G0 F7200 X49.176 Y43.363
G0 X51.112 Y43.098
G0 X51.098 Y43.245
G1 F3600 X52.083 Y42.26 E0.02317
G1 X52.153 Y42.19
G0 F7200 X52.153 Y42.41
G0 X53.574 Y42.41
G0 X53.574 Y42.26
G1 F3600 X56.054 Y44.74 E0.05833
G0 F7200 X55.259 Y44.74
G1 F3600 X56.24 Y43.759 E0.02307
G1 X56.31 Y43.689
G1 F1500 E-6.5
G0 F7200 X56.09 Y43.689
G0 X56.053 Y45.07
G0 X56.053 Y46.165
G0 X56.053 Y53.835
G0 X56.053 Y54.93
G0 X56.053 Y55.26
G1 F1500 E6.5
G1 F3600 X53.573 Y57.74 E0.05833
G1 X53.503 Y57.81
G0 F7200 X53.503 Y57.59
G0 X52.083 Y57.59
G0 X52.083 Y57.74
G1 F3600 X51.091 Y56.748 E0.02333
G1 X51.021 Y56.678
G0 F7200 X51.043 Y56.91
G0 X49.131 Y56.623
G0 X49.175 Y56.481
G1 F3600 X47.916 Y57.74 E0.02961
G1 X47.846 Y57.81
G0 F7200 X47.846 Y57.59
G0 X46.425 Y57.59
G0 X46.425 Y57.739
G1 F3600 X43.76 Y55.074 E0.06268
G1 X43.69 Y55.004
G0 F7200 X43.91 Y55.004
G0 X43.91 Y56.238
G0 X43.761 Y56.238
G1 F3600 X45.765 Y54.234 E0.04713
G1 X45.835 Y54.164
G0 F7200 X45.643 Y54.32
G0 X47.193 Y55.699
G0 X48.377 Y56.331
G0 X49.663 Y56.722
G0 X51 Y56.854
G0 X52.337 Y56.722
G0 X53.494 Y56.37
G0 X55.26 Y55.41
G0 X55.26 Y55.26
G1 F3600 X56.24 Y56.24 E0.02305
G1 X56.31 Y56.31
G0 F7200 X56.09 Y56.31
G0 X52.376 Y56.773
G0 X52.287 Y56.477
;TYPE:WALL-INNER
G1 F3600 X51 Y56.599 E0.0215
G1 X49.708 Y56.476 E0.02158
G1 X48.469 Y56.097 E0.02155
G1 X47.334 Y55.494 E0.02137
G1 X46.328 Y54.666 E0.02167
G1 X45.505 Y53.661 E0.0216
G1 X44.91 Y52.546 E0.02102
G1 X44.782 Y52.144 E0.00702
G1 X43.6 Y52.144 E0.01966
G1 X43.601 Y57.899 E0.09571
G1 X56.272 Y57.9 E0.21072
G1 X56.4 Y57.683 E0.00419
G1 X56.4 Y55.1 E0.04296
G1 X55.143 Y55.1 E0.0209
G1 X54.663 Y55.494 E0.01033
G1 X53.527 Y56.097 E0.02139
G1 X52.287 Y56.477 E0.02157
G1 F1500 E-6.5
G0 F7200 X52.376 Y56.773
G0 X51 Y56.432
G0 X51 Y55.332
G0 X46.073 Y47.96
G0 X45.058 Y47.539
G0 X45.235 Y46.189
G0 X45.505 Y46.335
G1 F1500 E6.5
G1 F3600 X46.326 Y45.332 E0.02156
G1 X47.335 Y44.505 E0.0217
G1 X48.471 Y43.898 E0.02142
G1 X49.708 Y43.524 E0.02149
G1 X51 Y43.396 E0.02159
G1 X52.288 Y43.524 E0.02153
G1 X53.525 Y43.898 E0.02149
G1 X54.665 Y44.508 E0.0215
G1 X55.143 Y44.9 E0.01028
G1 X56.4 Y44.9 E0.0209
G1 X56.4 Y42.313 E0.04302
G1 X56.274 Y42.101 E0.0041
G1 X43.6 Y42.1 E0.21077
G1 X43.6 Y47.852 E0.09566
G1 X44.782 Y47.852 E0.01966
G1 X44.926 Y47.416 E0.00764
G1 X45.505 Y46.335 E0.02039
G0 F7200 X45.831 Y46.573
;TYPE:WALL-OUTER
G1 F1800 X46.629 Y45.601 E0.02091
G1 X47.573 Y44.831 E0.02026
G1 X48.605 Y44.279 E0.01946
G1 X49.804 Y43.916 E0.02083
G1 X51.02 Y43.8 E0.02031
G1 X52.192 Y43.916 E0.01959
G1 X53.391 Y44.279 E0.02083
G1 X54.423 Y44.831 E0.01946
G1 X55 Y45.3 E0.01237
G1 X56.8 Y45.3 E0.02993
G1 X56.8 Y42.262 E0.05052
G1 X56.635 Y41.879 E0.00694
G1 X56.356 Y41.701 E0.0055
G1 X43.2 Y41.7 E0.21879
G1 X43.2 Y47.952 E0.10397
G1 F1600 X43.25 Y48.452 E0.0094
G1 X43.5 Y48.252 E0.00599
G1 F1800 X45.079 Y48.252 E0.02626
G1 X45.279 Y47.605 E0.01126
G1 X45.831 Y46.573 E0.01946
G0 F7200 X45.957 Y46.419
G0 X45.408 Y45.968
G0 X43.48 Y47.972
G0 X43.25 Y48.452
G1 F1431.4 X43.251 Y51.587 E0.06556
G0 F7200 X43.48 Y52.027
G0 X47.416 Y55.365
G0 X48.531 Y55.96
G0 X49.512 Y56.258
G0 X52.26 Y56.79
G0 X52.192 Y56.084
G1 F1800 X50.981 Y56.196 E0.02022
G1 X49.805 Y56.084 E0.01965
G1 X48.641 Y55.732 E0.02022
G1 X47.54 Y55.147 E0.02073
G1 X46.628 Y54.395 E0.01966
G1 X45.831 Y53.423 E0.0209
G1 X45.274 Y52.38 E0.01966
G1 X45.079 Y51.744 E0.01106
G1 X43.5 Y51.744 E0.02626
G1 F1589.4 X43.251 Y51.587 E0.00554
G1 X43.2 Y52.044 E0.00866
G1 F1800 X43.201 Y58.299 E0.10402
G1 X56.354 Y58.3 E0.21874
G1 X56.635 Y58.12 E0.00555
G1 X56.8 Y57.734 E0.00698
G1 X56.8 Y54.7 E0.05046
G1 X55 Y54.7 E0.02993
G1 X54.422 Y55.169 E0.01238
G1 X53.355 Y55.732 E0.02006
G1 X52.192 Y56.084 E0.02021
G0 F7200 X51.993 Y56.102
G0 X52.091 Y57.109
G1 F1500 E-6.5
;MESH:NONMESH
G0 F600 X52.091 Y57.109 Z3.5
G0 F7200 X51 Y56.432
G0 X51 Y55.332
G0 X46.073 Y47.96
G0 X45.058 Y47.539
G0 X43.91 Y43.76
G0 X43.76 Y43.76
;TIME_ELAPSED:252.272497
;LAYER:32
;TYPE:FILL
;MESH:hold.stl
G1 F1500 E6.5
G1 F3600 X45.765 Y45.765 E0.04715
G1 X45.835 Y45.835
G0 F7200 X45.645 Y45.678
G0 X43.91 Y44.925
G0 X43.76 Y44.925
G1 F3600 X46.426 Y42.26 E0.06269
G1 X46.496 Y42.19
G0 F7200 X46.496 Y42.41
G0 X47.917 Y42.41
G0 X47.917 Y42.26
G1 F3600 X49.174 Y43.517 E0.02956
G1 X49.244 Y43.587
G0 F7200 X49.176 Y43.363
G0 X51.112 Y43.098
G0 X51.098 Y43.245
G1 F3600 X52.083 Y42.26 E0.02317
G1 X52.153 Y42.19
G0 F7200 X52.153 Y42.41
G0 X53.574 Y42.41
G0 X53.574 Y42.26
G1 F3600 X56.054 Y44.74 E0.05833
G0 F7200 X55.259 Y44.74
G1 F3600 X56.24 Y43.759 E0.02307
G1 X56.31 Y43.689
G1 F1500 E-6.5
G0 F7200 X56.09 Y43.689
G0 X56.053 Y45.07
G0 X56.053 Y46.165
G0 X56.053 Y53.835
G0 X56.053 Y54.93
G0 X56.053 Y55.26
G1 F1500 E6.5
G1 F3600 X53.573 Y57.74 E0.05833
G1 X53.503 Y57.81
G0 F7200 X53.503 Y57.59
G0 X52.083 Y57.59
G0 X52.083 Y57.74
G1 F3600 X51.091 Y56.748 E0.02333
G1 X51.021 Y56.678
G0 F7200 X51.043 Y56.91
G0 X49.131 Y56.623
G0 X49.175 Y56.481
G1 F3600 X47.916 Y57.74 E0.02961
G1 X47.846 Y57.81
G0 F7200 X47.846 Y57.59
G0 X46.425 Y57.59
G0 X46.425 Y57.739
G1 F3600 X43.76 Y55.074 E0.06268
G1 X43.69 Y55.004
G0 F7200 X43.91 Y55.004
G0 X43.91 Y56.238
G0 X43.761 Y56.238
G1 F3600 X45.765 Y54.234 E0.04713
G1 X45.835 Y54.164
G0 F7200 X45.643 Y54.32
G0 X47.193 Y55.699
G0 X48.377 Y56.331
G0 X49.663 Y56.722
G0 X51 Y56.854
G0 X52.337 Y56.722
G0 X53.494 Y56.37
G0 X55.26 Y55.41
G0 X55.26 Y55.26
G1 F3600 X56.24 Y56.24 E0.02305
G1 X56.31 Y56.31
G0 F7200 X56.09 Y56.31
G0 X52.376 Y56.773
G0 X52.287 Y56.477
;TYPE:WALL-INNER
G1 F3600 X51 Y56.599 E0.0215
G1 X49.708 Y56.476 E0.02158
G1 X48.469 Y56.097 E0.02155
G1 X47.334 Y55.494 E0.02137
G1 X46.328 Y54.666 E0.02167
G1 X45.505 Y53.661 E0.0216
G1 X44.926 Y52.58 E0.02039
G1 X44.801 Y52.204 E0.00659
G1 X43.6 Y52.205 E0.01997
G1 X43.601 Y57.899 E0.09469
G1 X56.272 Y57.9 E0.21072
G1 X56.4 Y57.683 E0.00419
G1 X56.4 Y55.1 E0.04296
G1 X55.143 Y55.1 E0.0209
G1 X54.663 Y55.494 E0.01033
G1 X53.527 Y56.097 E0.02139
G1 X52.287 Y56.477 E0.02157
G1 F1500 E-6.5
G0 F7200 X52.376 Y56.773
G0 X51 Y56.432
G0 X51 Y55.332
G0 X46.073 Y47.96
G0 X45.058 Y47.539
G0 X45.235 Y46.189
G0 X45.505 Y46.335
G1 F1500 E6.5
G1 F3600 X46.326 Y45.332 E0.02156
G1 X47.335 Y44.505 E0.0217
G1 X48.471 Y43.898 E0.02142
G1 X49.708 Y43.524 E0.02149
G1 X51 Y43.396 E0.02159
G1 X52.288 Y43.524 E0.02153
G1 X53.525 Y43.898 E0.02149
G1 X54.665 Y44.508 E0.0215
G1 X55.143 Y44.9 E0.01028
G1 X56.4 Y44.9 E0.0209
G1 X56.4 Y42.313 E0.04302
G1 X56.274 Y42.101 E0.0041
G1 X43.6 Y42.1 E0.21077
G1 X43.6 Y47.792 E0.09466
G1 X44.801 Y47.792 E0.01997
G1 X44.925 Y47.418 E0.00655
G1 X45.505 Y46.335 E0.02043
G0 F7200 X45.831 Y46.573
;TYPE:WALL-OUTER
G1 F1800 X46.629 Y45.601 E0.02091
G1 X47.573 Y44.831 E0.02026
G1 X48.605 Y44.279 E0.01946
G1 X49.804 Y43.916 E0.02083
G1 X51.02 Y43.8 E0.02031
G1 X52.192 Y43.916 E0.01959
G1 X53.391 Y44.279 E0.02083
G1 X54.423 Y44.831 E0.01946
G1 X55 Y45.3 E0.01237
G1 X56.8 Y45.3 E0.02993
G1 X56.8 Y42.262 E0.05052
G1 X56.635 Y41.879 E0.00694
G1 X56.356 Y41.701 E0.0055
G1 X43.2 Y41.7 E0.21879
G1 X43.2 Y47.892 E0.10297
G1 F1600 X43.25 Y48.392 E0.0094
G1 X43.5 Y48.192 E0.00599
G1 F1800 X45.099 Y48.192 E0.02659
G1 X45.279 Y47.606 E0.01019
G1 X45.831 Y46.573 E0.01948
G0 F7200 X45.957 Y46.419
G0 X45.408 Y45.968
G0 X43.48 Y47.914
G0 X43.25 Y48.392
G1 F1431.4 X43.251 Y51.647 E0.06807
G0 F7200 X43.48 Y52.085
G0 X47.416 Y55.365
G0 X48.531 Y55.96
G0 X49.512 Y56.258
G0 X52.26 Y56.79
G0 X52.192 Y56.084
G1 F1800 X50.981 Y56.196 E0.02022
G1 X49.805 Y56.084 E0.01965
G1 X48.641 Y55.732 E0.02022
G1 X47.54 Y55.147 E0.02073
G1 X46.628 Y54.395 E0.01966
G1 X45.831 Y53.423 E0.0209
G1 X45.279 Y52.391 E0.01946
G1 X45.099 Y51.804 E0.01021
G1 X43.5 Y51.804 E0.02659
G1 F1589.4 X43.251 Y51.647 E0.00554
G1 X43.2 Y52.104 E0.00866
G1 F1800 X43.201 Y58.299 E0.10302
G1 X56.354 Y58.3 E0.21874
G1 X56.635 Y58.12 E0.00555
G1 X56.8 Y57.734 E0.00698
G1 X56.8 Y54.7 E0.05046
G1 X55 Y54.7 E0.02993
G1 X54.422 Y55.169 E0.01238
G1 X53.355 Y55.732 E0.02006
G1 X52.192 Y56.084 E0.02021
G0 F7200 X51.993 Y56.102
G0 X52.091 Y57.109
;MESH:NONMESH
G0 F600 X52.091 Y57.109 Z3.6
G0 F7200 X49.906 Y56.761
G0 X43.91 Y55.074
G0 X43.76 Y55.074
;TIME_ELAPSED:259.728360
;LAYER:33
;TYPE:FILL
;MESH:hold.stl
G1 F3600 X46.425 Y57.739 E0.06268
G1 X46.495 Y57.809
G0 F7200 X46.495 Y57.59
G0 X47.916 Y57.59
G0 X47.916 Y57.74
G1 F3600 X49.175 Y56.481 E0.02961
G1 X49.245 Y56.411
G0 F7200 X49.176 Y56.636
G0 X51.105 Y56.904
G0 X51.091 Y56.748
G1 F3600 X52.083 Y57.74 E0.02333
G1 X52.153 Y57.81
G0 F7200 X52.153 Y57.59
G0 X53.573 Y57.59
G0 X53.573 Y57.74
G1 F3600 X56.053 Y55.26 E0.05833
G0 F7200 X55.26 Y55.26
G1 F3600 X56.24 Y56.24 E0.02305
G1 X56.31 Y56.31
G0 F7200 X56.09 Y56.31
G0 X51 Y56.854
G0 X49.663 Y56.722
G0 X48.377 Y56.331
G0 X47.193 Y55.699
G0 X45.65 Y54.327
G0 X45.765 Y54.234
G1 F3600 X43.761 Y56.238 E0.04713
G1 X43.691 Y56.308
G0 F7200 X43.91 Y56.308
G0 X51 Y56.854
G0 X52.376 Y56.773
G0 X52.287 Y56.477
;TYPE:WALL-INNER
G1 F3600 X51 Y56.599 E0.0215
G1 X49.708 Y56.476 E0.02158
G1 X48.469 Y56.097 E0.02155
G1 X47.334 Y55.494 E0.02137
G1 X46.328 Y54.666 E0.02167
G1 X45.505 Y53.661 E0.0216
G1 X44.926 Y52.58 E0.02039
G1 X44.818 Y52.261 E0.0056
G1 X43.6 Y52.26 E0.02026
G1 X43.601 Y57.899 E0.09378
G1 X56.272 Y57.9 E0.21072
G1 X56.4 Y57.683 E0.00419
G1 X56.4 Y55.1 E0.04296
G1 X55.143 Y55.1 E0.0209
G1 X54.663 Y55.494 E0.01033
G1 X53.527 Y56.097 E0.02139
G1 X52.287 Y56.477 E0.02157
G0 F7200 X52.192 Y56.084
;TYPE:WALL-OUTER
G1 F1800 X50.981 Y56.196 E0.02022
G1 X49.805 Y56.084 E0.01965
G1 X48.641 Y55.732 E0.02022
G1 X47.54 Y55.147 E0.02073
G1 X46.628 Y54.395 E0.01966
G1 X45.831 Y53.423 E0.0209
G1 X45.279 Y52.391 E0.01946
G1 X45.115 Y51.861 E0.00923
G1 X43.5 Y51.86 E0.02686
G1 F1589.4 X43.251 Y51.703 E0.00554
G1 X43.2 Y52.16 E0.00866
G1 F1800 X43.201 Y58.299 E0.10209
G1 X56.354 Y58.3 E0.21874
G1 X56.635 Y58.12 E0.00555
G1 X56.8 Y57.734 E0.00698
G1 X56.8 Y54.7 E0.05046
G1 X55 Y54.7 E0.02993
G1 X54.422 Y55.169 E0.01238
G1 X53.355 Y55.732 E0.02006
G1 X52.192 Y56.084 E0.02021
G0 F7200 X51.993 Y56.102
G0 X52.061 Y56.81
G0 X49.742 Y56.328
G0 X48.531 Y55.96
G0 X47.527 Y55.424
G0 X43.48 Y52.143
G0 X43.251 Y51.703
G1 F1431.4 X43.25 Y50.61 E0.02286
G0 F7200 X44.21 Y52.755
G1 F1500 E-6.5
G0 F7200 X44.949 Y52.088
G0 X44.948 Y50.998
G0 X44.95 Y49.002
G0 X44.95 Y47.911
G0 X45.651 Y45.671
G0 X45.765 Y45.765
;TYPE:FILL
G1 F1500 E6.5
G1 F3600 X43.76 Y43.76 E0.04715
G1 X43.69 Y43.69
G0 F7200 X43.91 Y43.69
G0 X43.91 Y44.925
G0 X43.76 Y44.925
G1 F3600 X46.426 Y42.26 E0.06269
G1 X46.496 Y42.19
G0 F7200 X46.496 Y42.41
G0 X47.917 Y42.41
G0 X47.917 Y42.26
G1 F3600 X49.174 Y43.517 E0.02956
G1 X49.244 Y43.587
G0 F7200 X49.176 Y43.363
G0 X51.112 Y43.098
G0 X51.098 Y43.245
G1 F3600 X52.083 Y42.26 E0.02317
G1 X52.153 Y42.19
G0 F7200 X52.153 Y42.41
G0 X53.574 Y42.41
G0 X53.574 Y42.26
G1 F3600 X56.054 Y44.74 E0.05833
G0 F7200 X55.259 Y44.74
G1 F3600 X56.24 Y43.759 E0.02307
G1 X56.31 Y43.689
G0 F7200 X56.09 Y43.689
G0 X51 Y43.146
G0 X49.663 Y43.278
G0 X48.377 Y43.669
G0 X47.193 Y44.301
G0 X46.351 Y44.991
G0 X45.235 Y46.19
G0 X45.505 Y46.335
;TYPE:WALL-INNER
G1 F3600 X46.326 Y45.332 E0.02156
G1 X47.335 Y44.505 E0.0217
G1 X48.471 Y43.898 E0.02142
G1 X49.708 Y43.524 E0.02149
G1 X51 Y43.396 E0.02159
G1 X52.288 Y43.524 E0.02153
G1 X53.525 Y43.898 E0.02149
G1 X54.665 Y44.508 E0.0215
G1 X55.143 Y44.9 E0.01028
G1 X56.4 Y44.9 E0.0209
G1 X56.4 Y42.313 E0.04302
G1 X56.274 Y42.101 E0.0041
G1 X43.6 Y42.1 E0.21077
G1 X43.6 Y47.736 E0.09373
G1 X44.818 Y47.735 E0.02026
G1 X44.926 Y47.416 E0.0056
G1 X45.505 Y46.335 E0.02039
G0 F7200 X45.831 Y46.573
;TYPE:WALL-OUTER
G1 F1800 X46.629 Y45.601 E0.02091
G1 X47.573 Y44.831 E0.02026
G1 X48.605 Y44.279 E0.01946
G1 X49.804 Y43.916 E0.02083
G1 X51.02 Y43.8 E0.02031
G1 X52.192 Y43.916 E0.01959
G1 X53.391 Y44.279 E0.02083
G1 X54.423 Y44.831 E0.01946
G1 X55 Y45.3 E0.01237
G1 X56.8 Y45.3 E0.02993
G1 X56.8 Y42.262 E0.05052
G1 X56.635 Y41.879 E0.00694
G1 X56.356 Y41.701 E0.0055
G1 X43.2 Y41.7 E0.21879
G1 X43.2 Y47.836 E0.10204
G1 F1600 X43.25 Y48.336 E0.0094
G1 X43.5 Y48.136 E0.00599
G1 F1800 X45.115 Y48.135 E0.02686
G1 X45.279 Y47.605 E0.00923
G1 X45.831 Y46.573 E0.01946
G0 F7200 X45.957 Y46.419
G0 X45.408 Y45.968
G0 X43.48 Y47.856
G0 X43.25 Y48.336
G1 F1440 X43.25 Y49.386 E0.02183
G0 F7200 X44.21 Y47.244
G1 F1500 E-6.5
;MESH:NONMESH
G0 F600 X44.21 Y47.244 Z3.7
G0 F7200 X44.153 Y48.989
G0 X44.153 Y51.01
G0 X43.918 Y52.073
G0 X43.91 Y55.074
G0 X43.76 Y55.074
;TIME_ELAPSED:266.596310
;LAYER:34
;TYPE:FILL
;MESH:hold.stl
G1 F1500 E6.5
G1 F3600 X46.425 Y57.739 E0.06268
G1 X46.495 Y57.809
G0 F7200 X46.495 Y57.59
G0 X47.916 Y57.59
G0 X47.916 Y57.74
G1 F3600 X49.175 Y56.481 E0.02961
G1 X49.245 Y56.411
G0 F7200 X49.176 Y56.636
G0 X51.105 Y56.904
G0 X51.091 Y56.748
G1 F3600 X52.083 Y57.74 E0.02333
G1 X52.153 Y57.81
G0 F7200 X52.153 Y57.59
G0 X53.573 Y57.59
G0 X53.573 Y57.74
G1 F3600 X56.053 Y55.26 E0.05833
G0 F7200 X55.26 Y55.26
G1 F3600 X56.24 Y56.24 E0.02305
G1 X56.31 Y56.31
G0 F7200 X56.09 Y56.31
G0 X51 Y56.854
G0 X49.663 Y56.722
G0 X48.377 Y56.331
G0 X47.193 Y55.699
G0 X45.65 Y54.327
G0 X45.765 Y54.234
G1 F3600 X43.761 Y56.238 E0.04713
G1 X43.691 Y56.308
G0 F7200 X43.91 Y56.308
G0 X51 Y56.854
G0 X52.376 Y56.773
G0 X52.287 Y56.477
;TYPE:WALL-INNER
G1 F3600 X51 Y56.599 E0.0215
G1 X49.708 Y56.476 E0.02158
G1 X48.469 Y56.097 E0.02155
G1 X47.334 Y55.494 E0.02137
G1 X46.328 Y54.666 E0.02167
G1 X45.505 Y53.661 E0.0216
G1 X44.927 Y52.579 E0.0204
G1 X44.836 Y52.32 E0.00457
G1 X43.6 Y52.32 E0.02055
G1 X43.601 Y57.899 E0.09278
G1 X56.272 Y57.9 E0.21072
G1 X56.4 Y57.683 E0.00419
G1 X56.4 Y55.1 E0.04296
G1 X55.143 Y55.1 E0.0209
G1 X54.663 Y55.494 E0.01033
G1 X53.527 Y56.097 E0.02139
G1 X52.287 Y56.477 E0.02157
G0 F7200 X52.192 Y56.084
;TYPE:WALL-OUTER
G1 F1800 X50.981 Y56.196 E0.02022
G1 X49.805 Y56.084 E0.01965
G1 X48.641 Y55.732 E0.02022
G1 X47.54 Y55.147 E0.02073
G1 X46.628 Y54.395 E0.01966
G1 X45.831 Y53.423 E0.0209
G1 X45.264 Y52.355 E0.02011
G1 X45.132 Y51.92 E0.00756
G1 X43.5 Y51.92 E0.02714
G1 F1589.4 X43.251 Y51.763 E0.00554
G1 X43.2 Y52.22 E0.00866
G1 F1800 X43.201 Y58.299 E0.10109
G1 X56.354 Y58.3 E0.21874
G1 X56.635 Y58.12 E0.00555
G1 X56.8 Y57.734 E0.00698
G1 X56.8 Y54.7 E0.05046
G1 X55 Y54.7 E0.02993
G1 X54.422 Y55.169 E0.01238
G1 X53.355 Y55.732 E0.02006
G1 X52.192 Y56.084 E0.02021
G0 F7200 X51.993 Y56.102
G0 X52.061 Y56.81
G0 X49.742 Y56.328
G0 X48.531 Y55.96
G0 X47.527 Y55.424
G0 X43.48 Y52.2
G0 X43.251 Y51.763
G1 F1431.4 X43.25 Y50.89 E0.01826
G0 F7200 X44.21 Y52.812
G1 F1500 E-6.5
G0 F7200 X44.967 Y52.146
G0 X44.967 Y51.055
G0 X44.968 Y48.944
G0 X44.968 Y47.853
G0 X45.651 Y45.671
G0 X45.765 Y45.765
;TYPE:FILL
G1 F1500 E6.5
G1 F3600 X43.76 Y43.76 E0.04715
G1 X43.69 Y43.69
G0 F7200 X43.91 Y43.69
G0 X43.91 Y44.925
G0 X43.76 Y44.925
G1 F3600 X46.426 Y42.26 E0.06269
G1 X46.496 Y42.19
G0 F7200 X46.496 Y42.41
G0 X47.917 Y42.41
G0 X47.917 Y42.26
G1 F3600 X49.174 Y43.517 E0.02956
G1 X49.244 Y43.587
G0 F7200 X49.176 Y43.363
G0 X51.112 Y43.098
G0 X51.098 Y43.245
G1 F3600 X52.083 Y42.26 E0.02317
G1 X52.153 Y42.19
G0 F7200 X52.153 Y42.41
G0 X53.574 Y42.41
G0 X53.574 Y42.26
G1 F3600 X56.054 Y44.74 E0.05833
G0 F7200 X55.259 Y44.74
G1 F3600 X56.24 Y43.759 E0.02307
G1 X56.31 Y43.689
G0 F7200 X56.09 Y43.689
G0 X51 Y43.146
G0 X49.663 Y43.278
G0 X48.377 Y43.669
G0 X47.193 Y44.301
G0 X46.351 Y44.991
G0 X45.235 Y46.19
G0 X45.505 Y46.335
;TYPE:WALL-INNER
G1 F3600 X46.326 Y45.332 E0.02156
G1 X47.335 Y44.505 E0.0217
G1 X48.471 Y43.898 E0.02142
G1 X49.708 Y43.524 E0.02149
G1 X51 Y43.396 E0.02159
G1 X52.288 Y43.524 E0.02153
G1 X53.525 Y43.898 E0.02149
G1 X54.665 Y44.508 E0.0215
G1 X55.143 Y44.9 E0.01028
G1 X56.4 Y44.9 E0.0209
G1 X56.4 Y42.313 E0.04302
G1 X56.274 Y42.101 E0.0041
G1 X43.6 Y42.1 E0.21077
G1 X43.6 Y47.676 E0.09273
G1 X44.837 Y47.676 E0.02057
G1 X44.927 Y47.417 E0.00456
G1 X45.505 Y46.335 E0.0204
G0 F7200 X45.831 Y46.573
;TYPE:WALL-OUTER
G1 F1800 X46.629 Y45.601 E0.02091
G1 X47.573 Y44.831 E0.02026
G1 X48.605 Y44.279 E0.01946
G1 X49.804 Y43.916 E0.02083
G1 X51.02 Y43.8 E0.02031
G1 X52.192 Y43.916 E0.01959
G1 X53.391 Y44.279 E0.02083
G1 X54.423 Y44.831 E0.01946
G1 X55 Y45.3 E0.01237
G1 X56.8 Y45.3 E0.02993
G1 X56.8 Y42.262 E0.05052
G1 X56.635 Y41.879 E0.00694
G1 X56.356 Y41.701 E0.0055
G1 X43.2 Y41.7 E0.21879
G1 X43.2 Y47.776 E0.10104
G1 F1600 X43.25 Y48.276 E0.0094
G1 X43.5 Y48.076 E0.00599
G1 F1800 X45.135 Y48.076 E0.02719
G1 X45.279 Y47.605 E0.00819
G1 X45.831 Y46.573 E0.01946
G0 F7200 X45.957 Y46.419
G0 X45.408 Y45.968
G0 X43.48 Y47.799
G0 X43.25 Y48.276
G1 F1440 X43.25 Y49.106 E0.01725
G0 F7200 X44.092 Y47.069
G1 F1500 E-6.5
;MESH:NONMESH
G0 F600 X44.092 Y47.069 Z3.8
G0 F7200 X43.91 Y47.849
G0 X44.153 Y48.932
G0 X44.153 Y51.067
G0 X43.91 Y52.15
G0 X43.91 Y55.074
G0 X43.76 Y55.074
;TIME_ELAPSED:273.703235
;LAYER:35
;TYPE:FILL
;MESH:hold.stl
G1 F1500 E6.5
G1 F3600 X46.425 Y57.739 E0.06268
G1 X46.495 Y57.809
G0 F7200 X46.495 Y57.59
G0 X47.916 Y57.59
G0 X47.916 Y57.74
G1 F3600 X49.175 Y56.481 E0.02961
G1 X49.245 Y56.411
G0 F7200 X49.176 Y56.636
G0 X51.105 Y56.904
G0 X51.091 Y56.748
G1 F3600 X52.083 Y57.74 E0.02333
G1 X52.153 Y57.81
G0 F7200 X52.153 Y57.59
G0 X53.573 Y57.59
G0 X53.573 Y57.74
G1 F3600 X56.053 Y55.26 E0.05833
G0 F7200 X55.26 Y55.26
G1 F3600 X56.24 Y56.24 E0.02305
G1 X56.31 Y56.31
G0 F7200 X56.09 Y56.31
G0 X51 Y56.854
G0 X49.663 Y56.722
G0 X48.377 Y56.331
G0 X47.193 Y55.699
G0 X45.65 Y54.327
G0 X45.765 Y54.234
G1 F3600 X43.761 Y56.238 E0.04713
G1 X43.691 Y56.308
G0 F7200 X43.91 Y56.308
G0 X51 Y56.854
G0 X52.376 Y56.773
G0 X52.287 Y56.477
;TYPE:WALL-INNER
G1 F3600 X51 Y56.599 E0.0215
G1 X49.708 Y56.476 E0.02158
G1 X48.469 Y56.097 E0.02155
G1 X47.334 Y55.494 E0.02137
G1 X46.328 Y54.666 E0.02167
G1 X45.505 Y53.661 E0.0216
G1 X44.926 Y52.579 E0.02041
G1 X44.853 Y52.376 E0.00359
G1 X43.6 Y52.376 E0.02084
G1 X43.601 Y57.899 E0.09185
G1 X56.272 Y57.9 E0.21072
G1 X56.4 Y57.683 E0.00419
G1 X56.4 Y55.1 E0.04296
G1 X55.143 Y55.1 E0.0209
G1 X54.663 Y55.494 E0.01033
G1 X53.527 Y56.097 E0.02139
G1 X52.287 Y56.477 E0.02157
G0 F7200 X52.192 Y56.084
;TYPE:WALL-OUTER
G1 F1800 X50.981 Y56.196 E0.02022
G1 X49.805 Y56.084 E0.01965
G1 X48.641 Y55.732 E0.02022
G1 X47.54 Y55.147 E0.02073
G1 X46.628 Y54.395 E0.01966
G1 X45.831 Y53.423 E0.0209
G1 X45.279 Y52.391 E0.01946
G1 X45.151 Y51.976 E0.00722
G1 X43.5 Y51.976 E0.02746
G1 F1589.4 X43.251 Y51.819 E0.00554
G1 X43.2 Y52.276 E0.00866
G1 F1800 X43.201 Y58.299 E0.10016
G1 X56.354 Y58.3 E0.21874
G1 X56.635 Y58.12 E0.00555
G1 X56.8 Y57.734 E0.00698
G1 X56.8 Y54.7 E0.05046
G1 X55 Y54.7 E0.02993
G1 X54.422 Y55.169 E0.01238
G1 X53.355 Y55.732 E0.02006
G1 X52.192 Y56.084 E0.02021
G0 F7200 X51.993 Y56.102
G0 X52.061 Y56.81
G0 X49.742 Y56.328
G0 X48.531 Y55.96
G0 X47.527 Y55.424
G0 X43.48 Y52.258
G0 X43.251 Y51.819
G1 F1431.4 X43.25 Y51.076 E0.01554
G0 F7200 X44.21 Y52.87
G1 F1500 E-6.5
G0 F7200 X44.985 Y52.204
G0 X44.985 Y51.113
G0 X44.985 Y48.886
G0 X44.985 Y47.795
G0 X45.651 Y45.671
G0 X45.765 Y45.765
;TYPE:FILL
G1 F1500 E6.5
G1 F3600 X43.76 Y43.76 E0.04715
G1 X43.69 Y43.69
G0 F7200 X43.91 Y43.69
G0 X43.91 Y44.925
G0 X43.761 Y44.925
G1 F3600 X46.426 Y42.26 E0.06268
G1 X46.496 Y42.19
G0 F7200 X46.496 Y42.41
G0 X47.917 Y42.41
G0 X47.917 Y42.26
G1 F3600 X49.174 Y43.517 E0.02956
G1 X49.244 Y43.587
G0 F7200 X49.176 Y43.363
G0 X51.112 Y43.098
G0 X51.098 Y43.245
G1 F3600 X52.083 Y42.26 E0.02317
G1 X52.153 Y42.19
G0 F7200 X52.153 Y42.41
G0 X53.574 Y42.41
G0 X53.574 Y42.26
G1 F3600 X56.054 Y44.74 E0.05833
G0 F7200 X55.259 Y44.74
G1 F3600 X56.24 Y43.759 E0.02307
G1 X56.31 Y43.689
G0 F7200 X56.09 Y43.689
G0 X51 Y43.146
G0 X49.663 Y43.278
G0 X48.377 Y43.669
G0 X47.193 Y44.301
G0 X46.351 Y44.991
G0 X45.235 Y46.19
G0 X45.505 Y46.335
;TYPE:WALL-INNER
G1 F3600 X46.326 Y45.332 E0.02156
G1 X47.335 Y44.505 E0.0217
G1 X48.471 Y43.898 E0.02142
G1 X49.708 Y43.524 E0.02149
G1 X51 Y43.396 E0.02159
G1 X52.288 Y43.524 E0.02153
G1 X53.525 Y43.898 E0.02149
G1 X54.665 Y44.508 E0.0215
G1 X55.143 Y44.9 E0.01028
G1 X56.4 Y44.9 E0.0209
G1 X56.4 Y42.313 E0.04302
G1 X56.274 Y42.101 E0.0041
G1 X43.6 Y42.1 E0.21077
G1 X43.601 Y47.619 E0.09178
G1 X44.853 Y47.62 E0.02082
G1 X44.926 Y47.417 E0.00359
G1 X45.505 Y46.335 E0.02041
G0 F7200 X45.831 Y46.573
;TYPE:WALL-OUTER
G1 F1800 X46.629 Y45.601 E0.02091
G1 X47.573 Y44.831 E0.02026
G1 X48.605 Y44.279 E0.01946
G1 X49.804 Y43.916 E0.02083
G1 X51.02 Y43.8 E0.02031
G1 X52.192 Y43.916 E0.01959
G1 X53.391 Y44.279 E0.02083
G1 X54.423 Y44.831 E0.01946
G1 X55 Y45.3 E0.01237
G1 X56.8 Y45.3 E0.02993
G1 X56.8 Y42.262 E0.05052
G1 X56.635 Y41.879 E0.00694
G1 X56.356 Y41.701 E0.0055
G1 X43.2 Y41.7 E0.21879
G1 X43.2 Y47.72 E0.10011
G1 F1600 X43.25 Y48.22 E0.0094
G1 X43.5 Y48.02 E0.00599
G1 F1800 X45.151 Y48.02 E0.02746
G1 X45.279 Y47.605 E0.00722
G1 X45.831 Y46.573 E0.01946
G0 F7200 X45.957 Y46.419
G0 X45.408 Y45.968
G0 X43.48 Y47.741
G0 X43.25 Y48.22
G1 F1440 X43.25 Y48.922 E0.01459
G0 F7200 X44.092 Y47.011
G1 F1500 E-6.5
;MESH:NONMESH
G0 F600 X44.092 Y47.011 Z3.9
G0 F7200 X43.91 Y47.791
G0 X44.153 Y48.874
G0 X44.153 Y51.125
G0 X43.91 Y52.208
G0 X43.91 Y55.074
G0 X43.76 Y55.074
;TIME_ELAPSED:280.787979
;LAYER:36
;TYPE:FILL
;MESH:hold.stl
G1 F1500 E6.5
G1 F3600 X46.425 Y57.739 E0.06268
G1 X46.495 Y57.809
G0 F7200 X46.495 Y57.59
G0 X47.916 Y57.59
G0 X47.916 Y57.74
G1 F3600 X49.175 Y56.481 E0.02961
G1 X49.245 Y56.411
G0 F7200 X49.176 Y56.636
G0 X51.105 Y56.904
G0 X51.091 Y56.748
G1 F3600 X52.083 Y57.74 E0.02333
G1 X52.153 Y57.81
G0 F7200 X52.153 Y57.59
G0 X53.573 Y57.59
G0 X53.573 Y57.74
G1 F3600 X56.053 Y55.26 E0.05833
G0 F7200 X55.26 Y55.26
G1 F3600 X56.24 Y56.24 E0.02305
G1 X56.31 Y56.31
G0 F7200 X56.09 Y56.31
G0 X51 Y56.854
G0 X49.663 Y56.722
G0 X48.377 Y56.331
G0 X47.193 Y55.699
G0 X45.65 Y54.327
G0 X45.765 Y54.234
G1 F3600 X43.761 Y56.238 E0.04713
G1 X43.691 Y56.308
G0 F7200 X43.91 Y56.308
G0 X51 Y56.854
G0 X52.376 Y56.773
G0 X52.287 Y56.477
;TYPE:WALL-INNER
G1 F3600 X51 Y56.599 E0.0215
G1 X49.708 Y56.476 E0.02158
G1 X48.469 Y56.097 E0.02155
G1 X47.334 Y55.494 E0.02137
G1 X46.328 Y54.666 E0.02167
G1 X45.505 Y53.661 E0.0216
G1 X44.849 Y52.436 E0.02311
G1 X43.6 Y52.436 E0.02077
G1 X43.601 Y57.899 E0.09085
G1 X56.272 Y57.9 E0.21072
G1 X56.4 Y57.683 E0.00419
G1 X56.4 Y55.1 E0.04296
G1 X55.143 Y55.1 E0.0209
G1 X54.663 Y55.494 E0.01033
G1 X53.527 Y56.097 E0.02139
G1 X52.287 Y56.477 E0.02157
G0 F7200 X52.192 Y56.084
;TYPE:WALL-OUTER
G1 F1800 X50.981 Y56.196 E0.02022
G1 X49.805 Y56.084 E0.01965
G1 X48.641 Y55.732 E0.02022
G1 X47.54 Y55.147 E0.02073
G1 X46.628 Y54.395 E0.01966
G1 X45.831 Y53.423 E0.0209
G1 X45.264 Y52.355 E0.02011
G1 X45.167 Y52.036 E0.00554
G1 X43.5 Y52.036 E0.02772
G1 F1589.4 X43.251 Y51.879 E0.00554
G1 X43.2 Y52.336 E0.00866
G1 F1800 X43.201 Y58.299 E0.09917
G1 X56.354 Y58.3 E0.21874
G1 X56.635 Y58.12 E0.00555
G1 X56.8 Y57.734 E0.00698
G1 X56.8 Y54.7 E0.05046
G1 X55 Y54.7 E0.02993
G1 X54.422 Y55.169 E0.01238
G1 X53.355 Y55.732 E0.02006
G1 X52.192 Y56.084 E0.02021
G0 F7200 X51.993 Y56.102
G0 X52.061 Y56.81
G0 X49.742 Y56.328
G0 X48.531 Y55.96
G0 X47.627 Y55.478
G0 X43.48 Y52.316
G0 X43.251 Y51.879
G1 F1431.4 X43.25 Y51.202 E0.01416
G0 F7200 X44.21 Y52.928
G1 F1500 E-6.5
G0 F7200 X45.002 Y52.262
G0 X45.002 Y51.171
G0 X45.003 Y48.828
G0 X45.003 Y47.737
G0 X45.651 Y45.671
G0 X45.765 Y45.765
;TYPE:FILL
G1 F1500 E6.5
G1 F3600 X43.76 Y43.76 E0.04715
G1 X43.69 Y43.69
G0 F7200 X43.91 Y43.69
G0 X43.91 Y44.925
G0 X43.76 Y44.925
G1 F3600 X46.426 Y42.26 E0.06269
G1 X46.496 Y42.19
G0 F7200 X46.496 Y42.41
G0 X47.917 Y42.41
G0 X47.917 Y42.26
G1 F3600 X49.174 Y43.517 E0.02956
G1 X49.244 Y43.587
G0 F7200 X49.176 Y43.363
G0 X51.112 Y43.098
G0 X51.098 Y43.245
G1 F3600 X52.083 Y42.26 E0.02317
G1 X52.153 Y42.19
G0 F7200 X52.153 Y42.41
G0 X53.574 Y42.41
G0 X53.574 Y42.26
G1 F3600 X56.054 Y44.74 E0.05833
G0 F7200 X55.259 Y44.74
G1 F3600 X56.24 Y43.759 E0.02307
G1 X56.31 Y43.689
G0 F7200 X56.09 Y43.689
G0 X51 Y43.146
G0 X49.663 Y43.278
G0 X48.377 Y43.669
G0 X47.193 Y44.301
G0 X46.351 Y44.991
G0 X45.235 Y46.19
G0 X45.505 Y46.335
;TYPE:WALL-INNER
G1 F3600 X46.326 Y45.332 E0.02156
G1 X47.335 Y44.505 E0.0217
G1 X48.471 Y43.898 E0.02142
G1 X49.708 Y43.524 E0.02149
G1 X51 Y43.396 E0.02159
G1 X52.288 Y43.524 E0.02153
G1 X53.525 Y43.898 E0.02149
G1 X54.665 Y44.508 E0.0215
G1 X55.143 Y44.9 E0.01028
G1 X56.4 Y44.9 E0.0209
G1 X56.4 Y42.313 E0.04302
G1 X56.274 Y42.101 E0.0041
G1 X43.6 Y42.1 E0.21077
G1 X43.6 Y47.56 E0.0908
G1 X44.849 Y47.56 E0.02077
G1 X45.505 Y46.335 E0.02311
G0 F7200 X45.831 Y46.573
;TYPE:WALL-OUTER
G1 F1800 X46.629 Y45.601 E0.02091
G1 X47.573 Y44.831 E0.02026
G1 X48.605 Y44.279 E0.01946
G1 X49.804 Y43.916 E0.02083
G1 X51.02 Y43.8 E0.02031
G1 X52.192 Y43.916 E0.01959
G1 X53.391 Y44.279 E0.02083
G1 X54.423 Y44.831 E0.01946
G1 X55 Y45.3 E0.01237
G1 X56.8 Y45.3 E0.02993
G1 X56.8 Y42.262 E0.05052
G1 X56.635 Y41.879 E0.00694
G1 X56.356 Y41.701 E0.0055
G1 X43.2 Y41.7 E0.21879
G1 X43.2 Y47.66 E0.09912
G1 F1600 X43.25 Y48.16 E0.0094
G1 X43.5 Y47.96 E0.00599
G1 F1800 X45.167 Y47.96 E0.02772
G1 X45.279 Y47.605 E0.00619
G1 X45.831 Y46.573 E0.01946
G0 F7200 X45.957 Y46.419
G0 X45.408 Y45.968
G0 X43.48 Y47.683
G0 X43.25 Y48.16
G1 F1440 X43.25 Y48.796 E0.01322
G0 F7200 X44.092 Y46.953
G1 F1500 E-6.5
;MESH:NONMESH
G0 F600 X44.092 Y46.953 Z4
G0 F7200 X43.91 Y47.733
G0 X44.153 Y48.816
G0 X44.153 Y51.183
G0 X43.91 Y52.266
G0 X43.91 Y55.074
G0 X43.761 Y55.074
;TIME_ELAPSED:287.854329
;LAYER:37
;TYPE:FILL
;MESH:hold.stl
G1 F1500 E6.5
G1 F3600 X46.425 Y57.739 E0.06266
G1 X46.495 Y57.809
G0 F7200 X46.495 Y57.59
G0 X47.916 Y57.59
G0 X47.916 Y57.74
G1 F3600 X49.175 Y56.481 E0.02961
G1 X49.245 Y56.411
G0 F7200 X49.176 Y56.636
G0 X51.105 Y56.904
G0 X51.091 Y56.748
G1 F3600 X52.083 Y57.74 E0.02333
G1 X52.153 Y57.81
G0 F7200 X52.153 Y57.59
G0 X53.573 Y57.59
G0 X53.573 Y57.74
G1 F3600 X56.053 Y55.26 E0.05833
G0 F7200 X55.26 Y55.26
G1 F3600 X56.24 Y56.24 E0.02305
G1 X56.31 Y56.31
G0 F7200 X56.09 Y56.31
G0 X51 Y56.854
G0 X49.663 Y56.722
G0 X48.377 Y56.331
G0 X47.193 Y55.699
G0 X45.65 Y54.327
G0 X45.765 Y54.234
G1 F3600 X43.761 Y56.238 E0.04713
G1 X43.691 Y56.308
G0 F7200 X43.91 Y56.308
G0 X51 Y56.854
G0 X52.376 Y56.773
G0 X52.287 Y56.477
;TYPE:WALL-INNER
G1 F3600 X51 Y56.599 E0.0215
G1 X49.708 Y56.476 E0.02158
G1 X48.469 Y56.097 E0.02155
G1 X47.334 Y55.494 E0.02137
G1 X46.328 Y54.666 E0.02167
G1 X45.505 Y53.661 E0.0216
G1 X44.88 Y52.492 E0.02204
G1 X43.601 Y52.493 E0.02127
G1 X43.601 Y57.899 E0.0899
G1 X56.272 Y57.9 E0.21072
G1 X56.4 Y57.683 E0.00419
G1 X56.4 Y55.1 E0.04296
G1 X55.143 Y55.1 E0.0209
G1 X54.663 Y55.494 E0.01033
G1 X53.527 Y56.097 E0.02139
G1 X52.287 Y56.477 E0.02157
G0 F7200 X52.192 Y56.084
;TYPE:WALL-OUTER
G1 F1800 X50.981 Y56.196 E0.02022
G1 X49.805 Y56.084 E0.01965
G1 X48.641 Y55.732 E0.02022
G1 X47.54 Y55.147 E0.02073
G1 X46.628 Y54.395 E0.01966
G1 X45.831 Y53.423 E0.0209
G1 X45.264 Y52.355 E0.02011
G1 X45.184 Y52.092 E0.00457
G1 X43.5 Y52.092 E0.02801
G1 F1589.4 X43.251 Y51.935 E0.00554
G1 X43.2 Y52.392 E0.00866
G1 F1800 X43.201 Y58.299 E0.09823
G1 X56.354 Y58.3 E0.21874
G1 X56.635 Y58.12 E0.00555
G1 X56.8 Y57.734 E0.00698
G1 X56.8 Y54.7 E0.05046
G1 X55 Y54.7 E0.02993
G1 X54.422 Y55.169 E0.01238
G1 X53.355 Y55.732 E0.02006
G1 X52.192 Y56.084 E0.02021
G0 F7200 X51.993 Y56.102
G0 X52.061 Y56.81
G0 X49.742 Y56.328
G0 X48.531 Y55.96
G0 X47.627 Y55.478
G0 X43.48 Y52.374
G0 X43.251 Y51.935
G1 F1431.4 X43.25 Y51.318 E0.0129
G0 F7200 X44.21 Y52.986
G1 F1500 E-6.5
G0 F7200 X45.02 Y52.319
G0 X45.019 Y51.229
G0 X45.02 Y48.771
G0 X45.02 Y47.68
G0 X45.651 Y45.671
G0 X45.765 Y45.765
;TYPE:FILL
G1 F1500 E6.5
G1 F3600 X43.76 Y43.76 E0.04715
G1 X43.69 Y43.69
G0 F7200 X43.91 Y43.69
G0 X43.91 Y44.925
G0 X43.761 Y44.925
G1 F3600 X46.426 Y42.26 E0.06268
G1 X46.496 Y42.19
G0 F7200 X46.496 Y42.41
G0 X47.917 Y42.41
G0 X47.917 Y42.26
G1 F3600 X49.174 Y43.517 E0.02956
G1 X49.244 Y43.587
G0 F7200 X49.176 Y43.363
G0 X51.112 Y43.098
G0 X51.098 Y43.245
G1 F3600 X52.083 Y42.26 E0.02317
G1 X52.153 Y42.19
G0 F7200 X52.153 Y42.41
G0 X53.574 Y42.41
G0 X53.574 Y42.26
G1 F3600 X56.054 Y44.74 E0.05833
G0 F7200 X55.259 Y44.74
G1 F3600 X56.24 Y43.759 E0.02307
G1 X56.31 Y43.689
G0 F7200 X56.09 Y43.689
G0 X51 Y43.146
G0 X49.663 Y43.278
G0 X48.377 Y43.669
G0 X47.193 Y44.301
G0 X46.351 Y44.991
G0 X45.235 Y46.19
G0 X45.505 Y46.335
;TYPE:WALL-INNER
G1 F3600 X46.326 Y45.332 E0.02156
G1 X47.335 Y44.505 E0.0217
G1 X48.471 Y43.898 E0.02142
G1 X49.708 Y43.524 E0.02149
G1 X51 Y43.396 E0.02159
G1 X52.288 Y43.524 E0.02153
G1 X53.525 Y43.898 E0.02149
G1 X54.665 Y44.508 E0.0215
G1 X55.143 Y44.9 E0.01028
G1 X56.4 Y44.9 E0.0209
G1 X56.4 Y42.313 E0.04302
G1 X56.274 Y42.101 E0.0041
G1 X43.6 Y42.1 E0.21077
G1 X43.601 Y47.503 E0.08985
G1 X44.881 Y47.503 E0.02129
G1 X45.505 Y46.335 E0.02202
G0 F7200 X45.831 Y46.573
;TYPE:WALL-OUTER
G1 F1800 X46.629 Y45.601 E0.02091
G1 X47.573 Y44.831 E0.02026
G1 X48.605 Y44.279 E0.01946
G1 X49.804 Y43.916 E0.02083
G1 X51.02 Y43.8 E0.02031
G1 X52.192 Y43.916 E0.01959
G1 X53.391 Y44.279 E0.02083
G1 X54.423 Y44.831 E0.01946
G1 X55 Y45.3 E0.01237
G1 X56.8 Y45.3 E0.02993
G1 X56.8 Y42.262 E0.05052
G1 X56.635 Y41.879 E0.00694
G1 X56.356 Y41.701 E0.0055
G1 X43.2 Y41.7 E0.21879
G1 X43.2 Y47.604 E0.09818
G1 F1600 X43.25 Y48.104 E0.0094
G1 X43.5 Y47.904 E0.00599
G1 F1800 X45.186 Y47.903 E0.02804
G1 X45.279 Y47.605 E0.00519
G1 X45.831 Y46.573 E0.01946
G0 F7200 X45.957 Y46.419
G0 X45.408 Y45.968
G0 X43.48 Y47.625
G0 X43.25 Y48.104
G1 F1440 X43.25 Y48.678 E0.01193
G0 F7200 X44.21 Y47.013
G1 F1500 E-6.5
;MESH:NONMESH
G0 F600 X44.21 Y47.013 Z4.1
G0 F7200 X44.153 Y48.758
G0 X44.153 Y51.241
G0 X43.918 Y52.304
G0 X43.91 Y55.074
G0 X43.76 Y55.074
;TIME_ELAPSED:294.897418
;LAYER:38
;TYPE:FILL
;MESH:hold.stl
G1 F1500 E6.5
G1 F3600 X46.425 Y57.739 E0.06268
G1 X46.495 Y57.809
G0 F7200 X46.495 Y57.59
G0 X47.916 Y57.59
G0 X47.916 Y57.74
G1 F3600 X49.175 Y56.481 E0.02961
G1 X49.245 Y56.411
G0 F7200 X49.176 Y56.636
G0 X51.105 Y56.904
G0 X51.091 Y56.748
G1 F3600 X52.083 Y57.74 E0.02333
G1 X52.153 Y57.81
G0 F7200 X52.153 Y57.59
G0 X53.573 Y57.59
G0 X53.573 Y57.74
G1 F3600 X56.053 Y55.26 E0.05833
G0 F7200 X55.26 Y55.26
G1 F3600 X56.24 Y56.24 E0.02305
G1 X56.31 Y56.31
G0 F7200 X56.09 Y56.31
G0 X51 Y56.854
G0 X49.663 Y56.722
G0 X48.377 Y56.331
G0 X47.193 Y55.699
G0 X45.65 Y54.327
G0 X45.765 Y54.234
G1 F3600 X43.761 Y56.238 E0.04713
G1 X43.691 Y56.308
G0 F7200 X43.91 Y56.308
G0 X51 Y56.854
G0 X52.376 Y56.773
G0 X52.287 Y56.477
;TYPE:WALL-INNER
G1 F3600 X51 Y56.599 E0.0215
G1 X49.708 Y56.476 E0.02158
G1 X48.469 Y56.097 E0.02155
G1 X47.334 Y55.494 E0.02137
G1 X46.328 Y54.666 E0.02167
G1 X45.504 Y53.66 E0.02163
G1 X44.914 Y52.548 E0.02093
G1 X43.6 Y52.548 E0.02185
G1 X43.601 Y57.899 E0.08899
G1 X56.272 Y57.9 E0.21072
G1 X56.4 Y57.683 E0.00419
G1 X56.4 Y55.1 E0.04296
G1 X55.143 Y55.1 E0.0209
G1 X54.663 Y55.494 E0.01033
G1 X53.527 Y56.097 E0.02139
G1 X52.287 Y56.477 E0.02157
G0 F7200 X52.192 Y56.084
;TYPE:WALL-OUTER
G1 F1800 X50.981 Y56.196 E0.02022
G1 X49.805 Y56.084 E0.01965
G1 X48.641 Y55.732 E0.02022
G1 X47.54 Y55.147 E0.02073
G1 X46.628 Y54.395 E0.01966
G1 X45.831 Y53.423 E0.0209
G1 X45.279 Y52.391 E0.01946
G1 X45.203 Y52.148 E0.00423
G1 X43.5 Y52.148 E0.02832
G1 F1589.4 X43.251 Y51.991 E0.00554
G1 X43.2 Y52.448 E0.00866
G1 F1800 X43.201 Y58.299 E0.0973
G1 X56.354 Y58.3 E0.21874
G1 X56.635 Y58.12 E0.00555
G1 X56.8 Y57.734 E0.00698
G1 X56.8 Y54.7 E0.05046
G1 X55 Y54.7 E0.02993
G1 X54.422 Y55.169 E0.01238
G1 X53.355 Y55.732 E0.02006
G1 X52.192 Y56.084 E0.02021
G0 F7200 X51.993 Y56.102
G0 X52.061 Y56.81
G0 X49.742 Y56.328
G0 X48.531 Y55.96
G0 X47.627 Y55.478
G0 X43.48 Y52.431
G0 X43.251 Y51.991
G1 F1431.4 X43.25 Y51.402 E0.01232
G0 F7200 X44.21 Y53.043
G1 F1500 E-6.5
G0 F7200 X45.037 Y52.377
G0 X45.037 Y51.286
G0 X45.038 Y48.713
G0 X45.038 Y47.622
G0 X45.651 Y45.671
G0 X45.765 Y45.765
;TYPE:FILL
G1 F1500 E6.5
G1 F3600 X43.76 Y43.76 E0.04715
G1 X43.69 Y43.69
G0 F7200 X43.91 Y43.69
G0 X43.91 Y44.925
G0 X43.76 Y44.925
G1 F3600 X46.426 Y42.26 E0.06269
G1 X46.496 Y42.19
G0 F7200 X46.496 Y42.41
G0 X47.917 Y42.41
G0 X47.917 Y42.26
G1 F3600 X49.174 Y43.517 E0.02956
G1 X49.244 Y43.587
G0 F7200 X49.176 Y43.363
G0 X51.112 Y43.098
G0 X51.098 Y43.245
G1 F3600 X52.083 Y42.26 E0.02317
G1 X52.153 Y42.19
G0 F7200 X52.153 Y42.41
G0 X53.574 Y42.41
G0 X53.574 Y42.26
G1 F3600 X56.054 Y44.74 E0.05833
G0 F7200 X55.259 Y44.74
G1 F3600 X56.24 Y43.759 E0.02307
G1 X56.31 Y43.689
G0 F7200 X56.09 Y43.689
G0 X51 Y43.146
G0 X49.663 Y43.278
G0 X48.377 Y43.669
G0 X47.193 Y44.301
G0 X46.351 Y44.991
G0 X45.234 Y46.191
G0 X45.504 Y46.336
;TYPE:WALL-INNER
G1 F3600 X46.326 Y45.332 E0.02158
G1 X47.335 Y44.505 E0.0217
G1 X48.471 Y43.898 E0.02142
G1 X49.708 Y43.524 E0.02149
G1 X51 Y43.396 E0.02159
G1 X52.288 Y43.524 E0.02153
G1 X53.525 Y43.898 E0.02149
G1 X54.665 Y44.508 E0.0215
G1 X55.143 Y44.9 E0.01028
G1 X56.4 Y44.9 E0.0209
G1 X56.4 Y42.313 E0.04302
G1 X56.274 Y42.101 E0.0041
G1 X43.6 Y42.1 E0.21077
G1 X43.6 Y47.448 E0.08894
G1 X44.914 Y47.448 E0.02185
G1 X45.504 Y46.336 E0.02093
G0 F7200 X45.831 Y46.573
;TYPE:WALL-OUTER
G1 F1800 X46.629 Y45.601 E0.02091
G1 X47.573 Y44.831 E0.02026
G1 X48.605 Y44.279 E0.01946
G1 X49.804 Y43.916 E0.02083
G1 X51.02 Y43.8 E0.02031
G1 X52.192 Y43.916 E0.01959
G1 X53.391 Y44.279 E0.02083
G1 X54.423 Y44.831 E0.01946
G1 X55 Y45.3 E0.01237
G1 X56.8 Y45.3 E0.02993
G1 X56.8 Y42.262 E0.05052
G1 X56.635 Y41.879 E0.00694
G1 X56.356 Y41.701 E0.0055
G1 X43.2 Y41.7 E0.21879
G1 X43.2 Y47.548 E0.09725
G1 F1600 X43.25 Y48.048 E0.0094
G1 X43.5 Y47.848 E0.00599
G1 F1800 X45.203 Y47.848 E0.02832
G1 X45.279 Y47.605 E0.00423
G1 X45.831 Y46.573 E0.01946
G0 F7200 X45.957 Y46.419
G0 X45.408 Y45.968
G0 X43.48 Y47.568
G0 X43.25 Y48.048
G1 F1440 X43.25 Y48.598 E0.01143
G0 F7200 X44.092 Y46.838
G1 F1500 E-6.5
;MESH:NONMESH
G0 F600 X44.092 Y46.838 Z4.2
G0 F7200 X43.91 Y47.618
G0 X44.153 Y48.701
G0 X44.153 Y51.298
G0 X43.91 Y52.381
G0 X43.91 Y55.074
G0 X43.76 Y55.074
;TIME_ELAPSED:301.938284
;LAYER:39
;TYPE:FILL
;MESH:hold.stl
G1 F1500 E6.5
G1 F3600 X46.425 Y57.739 E0.06268
G1 X46.495 Y57.809
G0 F7200 X46.495 Y57.59
G0 X47.916 Y57.59
G0 X47.916 Y57.74
G1 F3600 X49.175 Y56.481 E0.02961
G1 X49.245 Y56.411
G0 F7200 X49.176 Y56.636
G0 X51.105 Y56.904
G0 X51.091 Y56.748
G1 F3600 X52.083 Y57.74 E0.02333
G1 X52.153 Y57.81
G0 F7200 X52.153 Y57.59
G0 X53.573 Y57.59
G0 X53.573 Y57.74
G1 F3600 X56.053 Y55.26 E0.05833
G0 F7200 X55.26 Y55.26
G1 F3600 X56.24 Y56.24 E0.02305
G1 X56.31 Y56.31
G0 F7200 X56.09 Y56.31
G0 X51 Y56.854
G0 X49.663 Y56.722
G0 X48.377 Y56.331
G0 X47.193 Y55.699
G0 X45.65 Y54.327
G0 X45.765 Y54.234
G1 F3600 X43.761 Y56.238 E0.04713
G1 X43.691 Y56.308
G0 F7200 X43.91 Y56.308
G0 X51 Y56.854
G0 X52.376 Y56.773
G0 X52.287 Y56.477
;TYPE:WALL-INNER
G1 F3600 X51 Y56.599 E0.0215
G1 X49.708 Y56.476 E0.02158
G1 X48.469 Y56.097 E0.02155
G1 X47.334 Y55.494 E0.02137
G1 X46.328 Y54.666 E0.02167
G1 X45.505 Y53.661 E0.0216
G1 X44.942 Y52.608 E0.01986
G1 X43.6 Y52.608 E0.02232
G1 X43.601 Y57.899 E0.08799
G1 X56.272 Y57.9 E0.21072
G1 X56.4 Y57.683 E0.00419
G1 X56.4 Y55.1 E0.04296
G1 X55.143 Y55.1 E0.0209
G1 X54.663 Y55.494 E0.01033
G1 X53.527 Y56.097 E0.02139
G1 X52.287 Y56.477 E0.02157
G0 F7200 X52.192 Y56.084
;TYPE:WALL-OUTER
G1 F1800 X50.981 Y56.196 E0.02022
G1 X49.805 Y56.084 E0.01965
G1 X48.641 Y55.732 E0.02022
G1 X47.54 Y55.147 E0.02073
G1 X46.628 Y54.395 E0.01966
G1 X45.831 Y53.423 E0.0209
G1 X45.264 Y52.355 E0.02011
G1 X45.22 Y52.208 E0.00255
G1 X43.5 Y52.208 E0.0286
G1 F1589.4 X43.251 Y52.051 E0.00554
G1 X43.2 Y52.508 E0.00866
G1 F1800 X43.201 Y58.299 E0.0963
G1 X56.354 Y58.3 E0.21874
G1 X56.635 Y58.12 E0.00555
G1 X56.8 Y57.734 E0.00698
G1 X56.8 Y54.7 E0.05046
G1 X55 Y54.7 E0.02993
G1 X54.422 Y55.169 E0.01238
G1 X53.355 Y55.732 E0.02006
G1 X52.192 Y56.084 E0.02021
G0 F7200 X51.993 Y56.102
G0 X52.061 Y56.81
G0 X49.742 Y56.328
G0 X48.531 Y55.96
G0 X47.627 Y55.478
G0 X43.48 Y52.489
G0 X43.251 Y52.051
G1 F1431.4 X43.25 Y51.482 E0.0119
G0 F7200 X44.21 Y53.101
G1 F1500 E-6.5
G0 F7200 X45.054 Y52.435
G0 X45.054 Y51.344
G0 X45.058 Y48.655
G0 X45.058 Y47.54
G0 X45.651 Y45.671
G0 X45.765 Y45.765
;TYPE:FILL
G1 F1500 E6.5
G1 F3600 X43.76 Y43.76 E0.04715
G1 X43.69 Y43.69
G0 F7200 X43.91 Y43.69
G0 X43.91 Y44.925
G0 X43.76 Y44.925
G1 F3600 X46.426 Y42.26 E0.06269
G1 X46.496 Y42.19
G0 F7200 X46.496 Y42.41
G0 X47.917 Y42.41
G0 X47.917 Y42.26
G1 F3600 X49.174 Y43.517 E0.02956
G1 X49.244 Y43.587
G0 F7200 X49.176 Y43.363
G0 X51.112 Y43.098
G0 X51.098 Y43.245
G1 F3600 X52.083 Y42.26 E0.02317
G1 X52.153 Y42.19
G0 F7200 X52.153 Y42.41
G0 X53.574 Y42.41
G0 X53.574 Y42.26
G1 F3600 X56.054 Y44.74 E0.05833
G0 F7200 X55.259 Y44.74
G1 F3600 X56.24 Y43.759 E0.02307
G1 X56.31 Y43.689
G0 F7200 X56.09 Y43.689
G0 X51 Y43.146
G0 X49.663 Y43.278
G0 X48.377 Y43.669
G0 X47.193 Y44.301
G0 X46.351 Y44.991
G0 X45.235 Y46.19
G0 X45.505 Y46.335
;TYPE:WALL-INNER
G1 F3600 X46.326 Y45.332 E0.02156
G1 X47.335 Y44.505 E0.0217
G1 X48.471 Y43.898 E0.02142
G1 X49.708 Y43.524 E0.02149
G1 X51 Y43.396 E0.02159
G1 X52.288 Y43.524 E0.02153
G1 X53.525 Y43.898 E0.02149
G1 X54.665 Y44.508 E0.0215
G1 X55.143 Y44.9 E0.01028
G1 X56.4 Y44.9 E0.0209
G1 X56.4 Y42.313 E0.04302
G1 X56.274 Y42.101 E0.0041
G1 X43.6 Y42.1 E0.21077
G1 X43.6 Y47.388 E0.08794
G1 X44.942 Y47.388 E0.02232
G1 X45.505 Y46.335 E0.01986
G0 F7200 X45.831 Y46.573
;TYPE:WALL-OUTER
G1 F1800 X46.629 Y45.601 E0.02091
G1 X47.573 Y44.831 E0.02026
G1 X48.605 Y44.279 E0.01946
G1 X49.804 Y43.916 E0.02083
G1 X51.02 Y43.8 E0.02031
G1 X52.192 Y43.916 E0.01959
G1 X53.391 Y44.279 E0.02083
G1 X54.423 Y44.831 E0.01946
G1 X55 Y45.3 E0.01237
G1 X56.8 Y45.3 E0.02993
G1 X56.8 Y42.262 E0.05052
G1 X56.635 Y41.879 E0.00694
G1 X56.356 Y41.701 E0.0055
G1 X43.2 Y41.7 E0.21879
G1 X43.2 Y47.488 E0.09625
G1 F1600 X43.25 Y47.988 E0.0094
G1 X43.5 Y47.788 E0.00599
G1 F1800 X45.222 Y47.788 E0.02864
G1 X45.279 Y47.605 E0.00319
G1 X45.831 Y46.573 E0.01946
G0 F7200 X45.957 Y46.419
G0 X45.408 Y45.968
G0 X43.48 Y47.51
G0 X43.25 Y47.988
G1 F1440 X43.25 Y48.514 E0.01093
G0 F7200 X44.092 Y46.78
G1 F1500 E-6.5
;MESH:NONMESH
G0 F600 X44.092 Y46.78 Z4.3
G0 F7200 X43.91 Y47.56
G0 X44.153 Y48.643
G0 X44.153 Y51.356
G0 X43.91 Y52.439
G0 X43.91 Y55.074
G0 X43.76 Y55.074
;TIME_ELAPSED:308.967474
;LAYER:40
;TYPE:FILL
;MESH:hold.stl
G1 F1500 E6.5
G1 F3600 X46.425 Y57.739 E0.06268
G1 X46.495 Y57.809
G0 F7200 X46.495 Y57.59
G0 X47.916 Y57.59
G0 X47.916 Y57.74
G1 F3600 X49.175 Y56.481 E0.02961
G1 X49.245 Y56.411
G0 F7200 X49.176 Y56.636
G0 X51.105 Y56.904
G0 X51.091 Y56.748
G1 F3600 X52.083 Y57.74 E0.02333
G1 X52.153 Y57.81
G0 F7200 X52.153 Y57.59
G0 X53.573 Y57.59
G0 X53.573 Y57.74
G1 F3600 X56.053 Y55.26 E0.05833
G0 F7200 X55.26 Y55.26
G1 F3600 X56.24 Y56.24 E0.02305
G1 X56.31 Y56.31
G0 F7200 X56.09 Y56.31
G0 X51 Y56.854
G0 X49.663 Y56.722
G0 X48.377 Y56.331
G0 X47.193 Y55.699
G0 X45.65 Y54.327
G0 X45.765 Y54.234
G1 F3600 X43.761 Y56.238 E0.04713
G1 X43.691 Y56.308
G0 F7200 X43.91 Y56.308
G0 X51 Y56.854
G0 X52.376 Y56.773
G0 X52.287 Y56.477
;TYPE:WALL-INNER
G1 F3600 X51 Y56.599 E0.0215
G1 X49.708 Y56.476 E0.02158
G1 X48.469 Y56.097 E0.02155
G1 X47.334 Y55.494 E0.02137
G1 X46.328 Y54.666 E0.02167
G1 X45.505 Y53.661 E0.0216
G1 X44.972 Y52.664 E0.0188
G1 X43.6 Y52.664 E0.02282
G1 X43.601 Y57.899 E0.08706
G1 X56.272 Y57.9 E0.21072
G1 X56.4 Y57.683 E0.00419
G1 X56.4 Y55.1 E0.04296
G1 X55.143 Y55.1 E0.0209
G1 X54.663 Y55.494 E0.01033
G1 X53.527 Y56.097 E0.02139
G1 X52.287 Y56.477 E0.02157
G0 F7200 X52.192 Y56.084
;TYPE:WALL-OUTER
G1 F1800 X50.981 Y56.196 E0.02022
G1 X49.805 Y56.084 E0.01965
G1 X48.641 Y55.732 E0.02022
G1 X47.54 Y55.147 E0.02073
G1 X46.628 Y54.395 E0.01966
G1 X45.831 Y53.423 E0.0209
G1 X45.279 Y52.391 E0.01946
G1 X45.238 Y52.264 E0.00222
G1 X43.5 Y52.264 E0.0289
G1 F1589.4 X43.251 Y52.107 E0.00554
G1 X43.2 Y52.564 E0.00866
G1 F1800 X43.201 Y58.299 E0.09537
G1 X56.354 Y58.3 E0.21874
G1 X56.635 Y58.12 E0.00555
G1 X56.8 Y57.734 E0.00698
G1 X56.8 Y54.7 E0.05046
G1 X55 Y54.7 E0.02993
G1 X54.422 Y55.169 E0.01238
G1 X53.355 Y55.732 E0.02006
G1 X52.192 Y56.084 E0.02021
G0 F7200 X51.993 Y56.102
G0 X52.061 Y56.81
G0 X49.742 Y56.328
G0 X48.531 Y55.96
G0 X47.627 Y55.478
G0 X43.48 Y52.547
G0 X43.251 Y52.107
G1 F1431.4 X43.25 Y51.542 E0.01182
G0 F7200 X44.21 Y53.159
G1 F1500 E-6.5
G0 F7200 X45.079 Y52.494
G0 X45.079 Y51.402
G0 X45.079 Y48.597
G0 X45.079 Y47.505
G0 X45.651 Y45.671
G0 X45.765 Y45.765
;TYPE:FILL
G1 F1500 E6.5
G1 F3600 X43.76 Y43.76 E0.04715
G1 X43.69 Y43.69
G0 F7200 X43.91 Y43.69
G0 X43.91 Y44.925
G0 X43.76 Y44.925
G1 F3600 X46.426 Y42.26 E0.06269
G1 X46.496 Y42.19
G0 F7200 X46.496 Y42.41
G0 X47.917 Y42.41
G0 X47.917 Y42.26
G1 F3600 X49.174 Y43.517 E0.02956
G1 X49.244 Y43.587
G0 F7200 X49.176 Y43.363
G0 X51.112 Y43.098
G0 X51.098 Y43.245
G1 F3600 X52.083 Y42.26 E0.02317
G1 X52.153 Y42.19
G0 F7200 X52.153 Y42.41
G0 X53.574 Y42.41
G0 X53.574 Y42.26
G1 F3600 X56.054 Y44.74 E0.05833
G0 F7200 X55.259 Y44.74
G1 F3600 X56.24 Y43.759 E0.02307
G1 X56.31 Y43.689
G0 F7200 X56.09 Y43.689
G0 X51 Y43.146
G0 X49.663 Y43.278
G0 X48.377 Y43.669
G0 X47.193 Y44.301
G0 X46.351 Y44.991
G0 X45.235 Y46.19
G0 X45.505 Y46.335
;TYPE:WALL-INNER
G1 F3600 X46.326 Y45.332 E0.02156
G1 X47.335 Y44.505 E0.0217
G1 X48.471 Y43.898 E0.02142
G1 X49.708 Y43.524 E0.02149
G1 X51 Y43.396 E0.02159
G1 X52.288 Y43.524 E0.02153
G1 X53.525 Y43.898 E0.02149
G1 X54.665 Y44.508 E0.0215
G1 X55.143 Y44.9 E0.01028
G1 X56.4 Y44.9 E0.0209
G1 X56.4 Y42.313 E0.04302
G1 X56.274 Y42.101 E0.0041
G1 X43.6 Y42.1 E0.21077
G1 X43.6 Y47.332 E0.08701
G1 X44.972 Y47.332 E0.02282
G1 X45.505 Y46.335 E0.0188
G0 F7200 X45.831 Y46.573
;TYPE:WALL-OUTER
G1 F1800 X46.629 Y45.601 E0.02091
G1 X47.573 Y44.831 E0.02026
G1 X48.605 Y44.279 E0.01946
G1 X49.804 Y43.916 E0.02083
G1 X51.02 Y43.8 E0.02031
G1 X52.192 Y43.916 E0.01959
G1 X53.391 Y44.279 E0.02083
G1 X54.423 Y44.831 E0.01946
G1 X55 Y45.3 E0.01237
G1 X56.8 Y45.3 E0.02993
G1 X56.8 Y42.262 E0.05052
G1 X56.635 Y41.879 E0.00694
G1 X56.356 Y41.701 E0.0055
G1 X43.2 Y41.7 E0.21879
G1 X43.2 Y47.432 E0.09532
G1 F1600 X43.25 Y47.932 E0.0094
G1 X43.5 Y47.732 E0.00599
G1 F1800 X45.238 Y47.732 E0.0289
G1 X45.279 Y47.605 E0.00222
G1 X45.831 Y46.573 E0.01946
G0 F7200 X45.957 Y46.419
G0 X45.408 Y45.968
G0 X43.48 Y47.452
G0 X43.25 Y47.932
G1 F1440 X43.25 Y48.458 E0.01093
G0 F7200 X44.092 Y46.722
G1 F1500 E-6.5
;MESH:NONMESH
G0 F600 X44.092 Y46.722 Z4.4
G0 F7200 X43.91 Y47.502
G0 X44.153 Y48.585
G0 X44.153 Y51.414
G0 X43.91 Y52.497
G0 X43.91 Y55.074
G0 X43.76 Y55.074
;TIME_ELAPSED:315.987962
;LAYER:41
;TYPE:FILL
;MESH:hold.stl
G1 F1500 E6.5
G1 F3600 X46.425 Y57.739 E0.06268
G1 X46.495 Y57.809
G0 F7200 X46.495 Y57.59
G0 X47.916 Y57.59
G0 X47.916 Y57.74
G1 F3600 X49.175 Y56.481 E0.02961
G1 X49.245 Y56.411
G0 F7200 X49.176 Y56.636
G0 X51.105 Y56.904
G0 X51.091 Y56.748
G1 F3600 X52.083 Y57.74 E0.02333
G1 X52.153 Y57.81
G0 F7200 X52.153 Y57.59
G0 X53.573 Y57.59
G0 X53.573 Y57.74
G1 F3600 X56.053 Y55.26 E0.05833
G0 F7200 X55.26 Y55.26
G1 F3600 X56.24 Y56.24 E0.02305
G1 X56.31 Y56.31
G0 F7200 X56.09 Y56.31
G0 X51 Y56.854
G0 X49.663 Y56.722
G0 X48.377 Y56.331
G0 X47.193 Y55.699
G0 X45.65 Y54.327
G0 X45.765 Y54.234
G1 F3600 X43.761 Y56.238 E0.04713
G1 X43.691 Y56.308
G0 F7200 X43.91 Y56.308
G0 X51 Y56.854
G0 X52.376 Y56.773
G0 X52.287 Y56.477
;TYPE:WALL-INNER
G1 F3600 X51 Y56.599 E0.0215
G1 X49.708 Y56.476 E0.02158
G1 X48.469 Y56.097 E0.02155
G1 X47.334 Y55.494 E0.02137
G1 X46.328 Y54.666 E0.02167
G1 X45.505 Y53.661 E0.0216
G1 X45.004 Y52.724 E0.01767
G1 X43.6 Y52.724 E0.02335
G1 X43.601 Y57.899 E0.08606
G1 X56.272 Y57.9 E0.21072
G1 X56.4 Y57.683 E0.00419
G1 X56.4 Y55.1 E0.04296
G1 X55.143 Y55.1 E0.0209
G1 X54.663 Y55.494 E0.01033
G1 X53.527 Y56.097 E0.02139
G1 X52.287 Y56.477 E0.02157
G0 F7200 X52.192 Y56.084
;TYPE:WALL-OUTER
G1 F1800 X50.981 Y56.196 E0.02022
G1 X49.805 Y56.084 E0.01965
G1 X48.641 Y55.732 E0.02022
G1 X47.54 Y55.147 E0.02073
G1 X46.628 Y54.395 E0.01966
G1 X45.831 Y53.423 E0.0209
G1 X45.243 Y52.324 E0.02073
G1 X43.5 Y52.324 E0.02899
G1 F1589.4 X43.251 Y52.167 E0.00554
G1 X43.2 Y52.624 E0.00866
G1 F1800 X43.201 Y58.299 E0.09438
G1 X56.354 Y58.3 E0.21874
G1 X56.635 Y58.12 E0.00555
G1 X56.8 Y57.734 E0.00698
G1 X56.8 Y54.7 E0.05046
G1 X55 Y54.7 E0.02993
G1 X54.422 Y55.169 E0.01238
G1 X53.355 Y55.732 E0.02006
G1 X52.192 Y56.084 E0.02021
G0 F7200 X51.993 Y56.102
G0 X52.061 Y56.81
G0 X49.742 Y56.328
G0 X48.531 Y55.96
G0 X47.627 Y55.478
G0 X43.48 Y52.604
G0 X43.251 Y52.167
G1 F1431.4 X43.25 Y51.594 E0.01198
G0 F7200 X44.21 Y53.216
G1 F1500 E-6.5
G0 F7200 X45.109 Y52.551
G0 X45.109 Y51.459
G0 X45.11 Y48.54
G0 X45.11 Y47.448
G0 X45.651 Y45.671
G0 X45.765 Y45.765
;TYPE:FILL
G1 F1500 E6.5
G1 F3600 X43.76 Y43.76 E0.04715
G1 X43.69 Y43.69
G0 F7200 X43.91 Y43.69
G0 X43.91 Y44.925
G0 X43.761 Y44.925
G1 F3600 X46.426 Y42.26 E0.06268
G1 X46.496 Y42.19
G0 F7200 X46.496 Y42.41
G0 X47.917 Y42.41
G0 X47.917 Y42.26
G1 F3600 X49.174 Y43.517 E0.02956
G1 X49.244 Y43.587
G0 F7200 X49.176 Y43.363
G0 X51.112 Y43.098
G0 X51.098 Y43.245
G1 F3600 X52.083 Y42.26 E0.02317
G1 X52.153 Y42.19
G0 F7200 X52.153 Y42.41
G0 X53.574 Y42.41
G0 X53.574 Y42.26
G1 F3600 X56.054 Y44.74 E0.05833
G0 F7200 X55.259 Y44.74
G1 F3600 X56.24 Y43.759 E0.02307
G1 X56.31 Y43.689
G0 F7200 X56.09 Y43.689
G0 X51 Y43.146
G0 X49.663 Y43.278
G0 X48.377 Y43.669
G0 X47.193 Y44.301
G0 X46.351 Y44.991
G0 X45.236 Y46.188
G0 X45.506 Y46.333
;TYPE:WALL-INNER
G1 F3600 X46.326 Y45.332 E0.02152
G1 X47.335 Y44.505 E0.0217
G1 X48.471 Y43.898 E0.02142
G1 X49.708 Y43.524 E0.02149
G1 X51 Y43.396 E0.02159
G1 X52.288 Y43.524 E0.02153
G1 X53.525 Y43.898 E0.02149
G1 X54.665 Y44.508 E0.0215
G1 X55.143 Y44.9 E0.01028
G1 X56.4 Y44.9 E0.0209
G1 X56.4 Y42.313 E0.04302
G1 X56.274 Y42.101 E0.0041
G1 X43.6 Y42.1 E0.21077
G1 X43.601 Y47.271 E0.08599
G1 X45.006 Y47.271 E0.02337
G1 X45.506 Y46.333 E0.01768
G0 F7200 X45.853 Y46.541
;TYPE:WALL-OUTER
G1 F1800 X46.629 Y45.601 E0.02027
G1 X47.573 Y44.831 E0.02026
G1 X48.605 Y44.279 E0.01946
G1 X49.804 Y43.916 E0.02083
G1 X51.02 Y43.8 E0.02031
G1 X52.192 Y43.916 E0.01959
G1 X53.391 Y44.279 E0.02083
G1 X54.423 Y44.831 E0.01946
G1 X55 Y45.3 E0.01237
G1 X56.8 Y45.3 E0.02993
G1 X56.8 Y42.262 E0.05052
G1 X56.635 Y41.879 E0.00694
G1 X56.356 Y41.701 E0.0055
G1 X43.2 Y41.7 E0.21879
G1 X43.2 Y47.372 E0.09433
G1 F1600 X43.25 Y47.872 E0.0094
G1 X43.5 Y47.672 E0.00599
G1 F1800 X45.245 Y47.672 E0.02902
G1 X45.853 Y46.541 E0.02135
G0 F7200 X45.98 Y46.387
G0 X45.433 Y45.938
G0 X43.48 Y47.395
G0 X43.25 Y47.872
G1 F1440 X43.25 Y48.402 E0.01102
G0 F7200 X44.092 Y46.665
G1 F1500 E-6.5
;MESH:NONMESH
G0 F600 X44.092 Y46.665 Z4.5
G0 F7200 X43.91 Y47.445
G0 X44.153 Y48.528
G0 X44.153 Y51.471
G0 X43.91 Y52.554
G0 X43.91 Y55.074
G0 X43.76 Y55.074
;TIME_ELAPSED:322.997986
;LAYER:42
;TYPE:FILL
;MESH:hold.stl
G1 F1500 E6.5
G1 F3600 X46.425 Y57.739 E0.06268
G1 X46.495 Y57.809
G0 F7200 X46.495 Y57.59
G0 X47.916 Y57.59
G0 X47.916 Y57.74
G1 F3600 X49.175 Y56.481 E0.02961
G1 X49.245 Y56.411
G0 F7200 X49.176 Y56.636
G0 X51.105 Y56.904
G0 X51.091 Y56.748
G1 F3600 X52.083 Y57.74 E0.02333
G1 X52.153 Y57.81
G0 F7200 X52.153 Y57.59
G0 X53.573 Y57.59
G0 X53.573 Y57.74
G1 F3600 X56.053 Y55.26 E0.05833
G0 F7200 X55.26 Y55.26
G1 F3600 X56.24 Y56.24 E0.02305
G1 X56.31 Y56.31
G0 F7200 X56.09 Y56.31
G0 X51 Y56.854
G0 X49.663 Y56.722
G0 X48.377 Y56.331
G0 X47.193 Y55.699
G0 X45.65 Y54.327
G0 X45.765 Y54.234
G1 F3600 X43.761 Y56.238 E0.04713
G1 X43.691 Y56.308
G0 F7200 X43.91 Y56.308
G0 X51 Y56.854
G0 X52.376 Y56.773
G0 X52.287 Y56.477
;TYPE:WALL-INNER
G1 F3600 X51 Y56.599 E0.0215
G1 X49.708 Y56.476 E0.02158
G1 X48.469 Y56.097 E0.02155
G1 X47.334 Y55.494 E0.02137
G1 X46.328 Y54.666 E0.02167
G1 X45.505 Y53.661 E0.0216
G1 X45.034 Y52.78 E0.01661
G1 X43.6 Y52.78 E0.02385
G1 X43.601 Y57.899 E0.08513
G1 X56.272 Y57.9 E0.21072
G1 X56.4 Y57.683 E0.00419
G1 X56.4 Y55.1 E0.04296
G1 X55.143 Y55.1 E0.0209
G1 X54.663 Y55.494 E0.01033
G1 X53.527 Y56.097 E0.02139
G1 X52.287 Y56.477 E0.02157
G0 F7200 X52.192 Y56.084
;TYPE:WALL-OUTER
G1 F1800 X50.981 Y56.196 E0.02022
G1 X49.805 Y56.084 E0.01965
G1 X48.641 Y55.732 E0.02022
G1 X47.54 Y55.147 E0.02073
G1 X46.628 Y54.395 E0.01966
G1 X45.831 Y53.423 E0.0209
G1 X45.275 Y52.381 E0.01964
G1 X43.5 Y52.38 E0.02952
G1 F1589.4 X43.251 Y52.223 E0.00554
G1 X43.2 Y52.68 E0.00866
G1 F1800 X43.201 Y58.299 E0.09344
G1 X56.354 Y58.3 E0.21874
G1 X56.635 Y58.12 E0.00555
G1 X56.8 Y57.734 E0.00698
G1 X56.8 Y54.7 E0.05046
G1 X55 Y54.7 E0.02993
G1 X54.422 Y55.169 E0.01238
G1 X53.355 Y55.732 E0.02006
G1 X52.192 Y56.084 E0.02021
G0 F7200 X51.993 Y56.102
G0 X52.061 Y56.81
G0 X49.742 Y56.328
G0 X48.531 Y55.96
G0 X47.627 Y55.478
G0 X43.48 Y52.663
G0 X43.251 Y52.223
G1 F1431.4 X43.25 Y51.642 E0.01215
G0 F7200 X44.21 Y53.275
G1 F1500 E-6.5
G0 F7200 X45.141 Y52.609
G0 X45.14 Y51.518
G0 X45.141 Y48.482
G0 X45.141 Y47.39
G0 X45.651 Y45.671
G0 X45.765 Y45.765
;TYPE:FILL
G1 F1500 E6.5
G1 F3600 X43.76 Y43.76 E0.04715
G1 X43.69 Y43.69
G0 F7200 X43.91 Y43.69
G0 X43.91 Y44.925
G0 X43.76 Y44.925
G1 F3600 X46.426 Y42.26 E0.06269
G1 X46.496 Y42.19
G0 F7200 X46.496 Y42.41
G0 X47.917 Y42.41
G0 X47.917 Y42.26
G1 F3600 X49.174 Y43.517 E0.02956
G1 X49.244 Y43.587
G0 F7200 X49.176 Y43.363
G0 X51.112 Y43.098
G0 X51.098 Y43.245
G1 F3600 X52.083 Y42.26 E0.02317
G1 X52.153 Y42.19
G0 F7200 X52.153 Y42.41
G0 X53.574 Y42.41
G0 X53.574 Y42.26
G1 F3600 X56.054 Y44.74 E0.05833
G0 F7200 X55.259 Y44.74
G1 F3600 X56.24 Y43.759 E0.02307
G1 X56.31 Y43.689
G0 F7200 X56.09 Y43.689
G0 X51 Y43.146
G0 X49.663 Y43.278
G0 X48.377 Y43.669
G0 X47.193 Y44.301
G0 X46.351 Y44.991
G0 X45.236 Y46.188
G0 X45.506 Y46.333
;TYPE:WALL-INNER
G1 F3600 X46.326 Y45.332 E0.02152
G1 X47.335 Y44.505 E0.0217
G1 X48.471 Y43.898 E0.02142
G1 X49.708 Y43.524 E0.02149
G1 X51 Y43.396 E0.02159
G1 X52.288 Y43.524 E0.02153
G1 X53.525 Y43.898 E0.02149
G1 X54.665 Y44.508 E0.0215
G1 X55.143 Y44.9 E0.01028
G1 X56.4 Y44.9 E0.0209
G1 X56.4 Y42.313 E0.04302
G1 X56.274 Y42.101 E0.0041
G1 X43.6 Y42.1 E0.21077
G1 X43.6 Y47.216 E0.08508
G1 X45.035 Y47.216 E0.02386
G1 X45.506 Y46.333 E0.01664
G0 F7200 X45.853 Y46.541
;TYPE:WALL-OUTER
G1 F1800 X46.629 Y45.601 E0.02027
G1 X47.573 Y44.831 E0.02026
G1 X48.605 Y44.279 E0.01946
G1 X49.804 Y43.916 E0.02083
G1 X51.02 Y43.8 E0.02031
G1 X52.192 Y43.916 E0.01959
G1 X53.391 Y44.279 E0.02083
G1 X54.423 Y44.831 E0.01946
G1 X55 Y45.3 E0.01237
G1 X56.8 Y45.3 E0.02993
G1 X56.8 Y42.262 E0.05052
G1 X56.635 Y41.879 E0.00694
G1 X56.356 Y41.701 E0.0055
G1 X43.2 Y41.7 E0.21879
G1 X43.2 Y47.316 E0.09339
G1 F1600 X43.25 Y47.816 E0.0094
G1 X43.5 Y47.616 E0.00599
G1 F1800 X45.276 Y47.617 E0.02954
G1 X45.853 Y46.541 E0.0203
G0 F7200 X45.98 Y46.387
G0 X45.433 Y45.938
G0 X43.48 Y47.337
G0 X43.25 Y47.816
G1 F1440 X43.25 Y48.354 E0.01118
G0 F7200 X44.092 Y46.607
G1 F1500 E-6.5
;MESH:NONMESH
G0 F600 X44.092 Y46.607 Z4.6
G0 F7200 X43.91 Y47.387
G0 X44.153 Y48.47
G0 X44.153 Y51.53
G0 X43.912 Y52.593
G0 X43.91 Y55.074
G0 X43.76 Y55.074
;TIME_ELAPSED:330.001231
;LAYER:43
;TYPE:FILL
;MESH:hold.stl
G1 F1500 E6.5
G1 F3600 X46.425 Y57.739 E0.06268
G1 X46.495 Y57.809
G0 F7200 X46.495 Y57.59
G0 X47.916 Y57.59
G0 X47.916 Y57.74
G1 F3600 X49.175 Y56.481 E0.02961
G1 X49.245 Y56.411
G0 F7200 X49.176 Y56.636
G0 X51.105 Y56.904
G0 X51.091 Y56.748
G1 F3600 X52.083 Y57.74 E0.02333
G1 X52.153 Y57.81
G0 F7200 X52.153 Y57.59
G0 X53.573 Y57.59
G0 X53.573 Y57.74
G1 F3600 X56.053 Y55.26 E0.05833
G0 F7200 X55.26 Y55.26
G1 F3600 X56.24 Y56.24 E0.02305
G1 X56.31 Y56.31
G0 F7200 X56.09 Y56.31
G0 X51 Y56.854
G0 X49.663 Y56.722
G0 X48.377 Y56.331
G0 X47.193 Y55.699
G0 X45.65 Y54.327
G0 X45.765 Y54.234
G1 F3600 X43.761 Y56.238 E0.04713
G1 X43.691 Y56.308
G0 F7200 X43.91 Y56.308
G0 X51 Y56.854
G0 X52.376 Y56.773
G0 X52.287 Y56.477
;TYPE:WALL-INNER
G1 F3600 X51 Y56.599 E0.0215
G1 X49.708 Y56.476 E0.02158
G1 X48.469 Y56.097 E0.02155
G1 X47.334 Y55.494 E0.02137
G1 X46.328 Y54.666 E0.02167
G1 X45.506 Y53.663 E0.02157
G1 X45.065 Y52.84 E0.01553
G1 X43.6 Y52.84 E0.02436
G1 X43.601 Y57.899 E0.08413
G1 X56.272 Y57.9 E0.21072
G1 X56.4 Y57.683 E0.00419
G1 X56.4 Y55.1 E0.04296
G1 X55.143 Y55.1 E0.0209
G1 X54.663 Y55.494 E0.01033
G1 X53.527 Y56.097 E0.02139
G1 X52.287 Y56.477 E0.02157
G0 F7200 X52.192 Y56.084
;TYPE:WALL-OUTER
G1 F1800 X50.981 Y56.196 E0.02022
G1 X49.805 Y56.084 E0.01965
G1 X48.641 Y55.732 E0.02022
G1 X47.54 Y55.147 E0.02073
G1 X46.628 Y54.395 E0.01966
G1 X45.831 Y53.423 E0.0209
G1 X45.304 Y52.44 E0.01855
G1 X43.5 Y52.44 E0.03
G1 F1589.4 X43.251 Y52.283 E0.00554
G1 X43.2 Y52.74 E0.00866
G1 F1800 X43.201 Y58.299 E0.09245
G1 X56.354 Y58.3 E0.21874
G1 X56.635 Y58.12 E0.00555
G1 X56.8 Y57.734 E0.00698
G1 X56.8 Y54.7 E0.05046
G1 X55 Y54.7 E0.02993
G1 X54.422 Y55.169 E0.01238
G1 X53.355 Y55.732 E0.02006
G1 X52.192 Y56.084 E0.02021
G0 F7200 X51.993 Y56.102
G0 X52.061 Y56.81
G0 X49.742 Y56.328
G0 X48.531 Y55.96
G0 X47.627 Y55.478
G0 X43.48 Y52.721
G0 X43.251 Y52.283
G1 F1431.4 X43.25 Y51.674 E0.01274
G0 F7200 X44.21 Y53.333
G1 F1500 E-6.5
G0 F7200 X45.171 Y52.667
G0 X45.17 Y51.576
G0 X45.172 Y48.424
G0 X45.172 Y47.332
G0 X45.651 Y45.671
G0 X45.765 Y45.765
;TYPE:FILL
G1 F1500 E6.5
G1 F3600 X43.76 Y43.76 E0.04715
G1 X43.69 Y43.69
G0 F7200 X43.91 Y43.69
G0 X43.91 Y44.925
G0 X43.76 Y44.925
G1 F3600 X46.426 Y42.26 E0.06269
G1 X46.496 Y42.19
G0 F7200 X46.496 Y42.41
G0 X47.917 Y42.41
G0 X47.917 Y42.26
G1 F3600 X49.174 Y43.517 E0.02956
G1 X49.244 Y43.587
G0 F7200 X49.176 Y43.363
G0 X51.112 Y43.098
G0 X51.098 Y43.245
G1 F3600 X52.083 Y42.26 E0.02317
G1 X52.153 Y42.19
G0 F7200 X52.153 Y42.41
G0 X53.574 Y42.41
G0 X53.574 Y42.26
G1 F3600 X56.054 Y44.74 E0.05833
G0 F7200 X55.259 Y44.74
G1 F3600 X56.24 Y43.759 E0.02307
G1 X56.31 Y43.689
G0 F7200 X56.09 Y43.689
G0 X51 Y43.146
G0 X49.663 Y43.278
G0 X48.377 Y43.669
G0 X47.193 Y44.301
G0 X46.351 Y44.991
G0 X45.235 Y46.19
G0 X45.505 Y46.335
;TYPE:WALL-INNER
G1 F3600 X46.326 Y45.332 E0.02156
G1 X47.335 Y44.505 E0.0217
G1 X48.471 Y43.898 E0.02142
G1 X49.708 Y43.524 E0.02149
G1 X51 Y43.396 E0.02159
G1 X52.288 Y43.524 E0.02153
G1 X53.525 Y43.898 E0.02149
G1 X54.665 Y44.508 E0.0215
G1 X55.143 Y44.9 E0.01028
G1 X56.4 Y44.9 E0.0209
G1 X56.4 Y42.313 E0.04302
G1 X56.274 Y42.101 E0.0041
G1 X43.6 Y42.1 E0.21077
G1 X43.6 Y47.156 E0.08408
G1 X45.067 Y47.156 E0.0244
G1 X45.505 Y46.335 E0.01547
G0 F7200 X45.831 Y46.573
;TYPE:WALL-OUTER
G1 F1800 X46.629 Y45.601 E0.02091
G1 X47.573 Y44.831 E0.02026
G1 X48.605 Y44.279 E0.01946
G1 X49.804 Y43.916 E0.02083
G1 X51.02 Y43.8 E0.02031
G1 X52.192 Y43.916 E0.01959
G1 X53.391 Y44.279 E0.02083
G1 X54.423 Y44.831 E0.01946
G1 X55 Y45.3 E0.01237
G1 X56.8 Y45.3 E0.02993
G1 X56.8 Y42.262 E0.05052
G1 X56.635 Y41.879 E0.00694
G1 X56.356 Y41.701 E0.0055
G1 X43.2 Y41.7 E0.21879
G1 X43.2 Y47.256 E0.0924
G1 F1600 X43.25 Y47.756 E0.0094
G1 X43.5 Y47.556 E0.00599
G1 F1800 X45.307 Y47.556 E0.03005
G1 X45.831 Y46.573 E0.01852
G0 F7200 X45.957 Y46.419
G0 X45.408 Y45.968
G0 X43.48 Y47.279
G0 X43.25 Y47.756
G1 F1440 X43.25 Y48.326 E0.01185
G0 F7200 X44.092 Y46.549
G1 F1500 E-6.5
;MESH:NONMESH
G0 F600 X44.092 Y46.549 Z4.7
G0 F7200 X43.91 Y47.329
G0 X44.153 Y48.412
G0 X44.153 Y51.588
G0 X43.913 Y52.651
G0 X43.91 Y55.074
G0 X43.76 Y55.074
;TIME_ELAPSED:336.998339
;LAYER:44
;TYPE:FILL
;MESH:hold.stl
G1 F1500 E6.5
G1 F3600 X46.425 Y57.739 E0.06268
G1 X46.495 Y57.809
G0 F7200 X46.495 Y57.59
G0 X47.916 Y57.59
G0 X47.916 Y57.74
G1 F3600 X49.175 Y56.481 E0.02961
G1 X49.245 Y56.411
G0 F7200 X49.176 Y56.636
G0 X51.105 Y56.904
G0 X51.091 Y56.748
G1 F3600 X52.083 Y57.74 E0.02333
G1 X52.153 Y57.81
G0 F7200 X52.153 Y57.59
G0 X53.573 Y57.59
G0 X53.573 Y57.74
G1 F3600 X56.053 Y55.26 E0.05833
G0 F7200 X55.26 Y55.26
G1 F3600 X56.24 Y56.24 E0.02305
G1 X56.31 Y56.31
G0 F7200 X56.09 Y56.31
G0 X51 Y56.854
G0 X49.663 Y56.722
G0 X48.377 Y56.331
G0 X47.193 Y55.699
G0 X45.65 Y54.327
G0 X45.765 Y54.234
G1 F3600 X43.761 Y56.238 E0.04713
G1 X43.691 Y56.308
G0 F7200 X43.91 Y56.308
G0 X51 Y56.854
G0 X52.376 Y56.773
G0 X52.287 Y56.477
;TYPE:WALL-INNER
G1 F3600 X51 Y56.599 E0.0215
G1 X49.708 Y56.476 E0.02158
G1 X48.469 Y56.097 E0.02155
G1 X47.334 Y55.494 E0.02137
G1 X46.328 Y54.666 E0.02167
G1 X45.505 Y53.661 E0.0216
G1 X45.096 Y52.896 E0.01443
G1 X43.6 Y52.896 E0.02488
G1 X43.601 Y57.899 E0.0832
G1 X56.272 Y57.9 E0.21072
G1 X56.4 Y57.683 E0.00419
G1 X56.4 Y55.1 E0.04296
G1 X55.143 Y55.1 E0.0209
G1 X54.663 Y55.494 E0.01033
G1 X53.527 Y56.097 E0.02139
G1 X52.287 Y56.477 E0.02157
G0 F7200 X52.192 Y56.084
;TYPE:WALL-OUTER
G1 F1800 X50.981 Y56.196 E0.02022
G1 X49.805 Y56.084 E0.01965
G1 X48.641 Y55.732 E0.02022
G1 X47.54 Y55.147 E0.02073
G1 X46.628 Y54.395 E0.01966
G1 X45.831 Y53.423 E0.0209
G1 X45.336 Y52.496 E0.01748
G1 X43.5 Y52.496 E0.03053
G1 F1589.4 X43.251 Y52.339 E0.00554
G1 X43.2 Y52.796 E0.00866
G1 F1800 X43.201 Y58.299 E0.09152
G1 X56.354 Y58.3 E0.21874
G1 X56.635 Y58.12 E0.00555
G1 X56.8 Y57.734 E0.00698
G1 X56.8 Y54.7 E0.05046
G1 X55 Y54.7 E0.02993
G1 X54.422 Y55.169 E0.01238
G1 X53.355 Y55.732 E0.02006
G1 X52.192 Y56.084 E0.02021
G0 F7200 X51.993 Y56.102
G0 X52.061 Y56.81
G0 X49.742 Y56.328
G0 X48.531 Y55.96
G0 X47.627 Y55.478
G0 X43.48 Y52.779
G0 X43.251 Y52.339
G1 F1431.4 X43.25 Y51.702 E0.01332
G0 F7200 X44.21 Y53.391
G1 F1500 E-6.5
G0 F7200 X45.202 Y52.724
G0 X45.201 Y51.633
G0 X45.203 Y48.367
G0 X45.203 Y47.275
G0 X45.651 Y45.671
G0 X45.765 Y45.765
;TYPE:FILL
G1 F1500 E6.5
G1 F3600 X43.76 Y43.76 E0.04715
G1 X43.69 Y43.69
G0 F7200 X43.91 Y43.69
G0 X43.91 Y44.925
G0 X43.76 Y44.925
G1 F3600 X46.426 Y42.26 E0.06269
G1 X46.496 Y42.19
G0 F7200 X46.496 Y42.41
G0 X47.917 Y42.41
G0 X47.917 Y42.26
G1 F3600 X49.174 Y43.517 E0.02956
G1 X49.244 Y43.587
G0 F7200 X49.176 Y43.363
G0 X51.112 Y43.098
G0 X51.098 Y43.245
G1 F3600 X52.083 Y42.26 E0.02317
G1 X52.153 Y42.19
G0 F7200 X52.153 Y42.41
G0 X53.574 Y42.41
G0 X53.574 Y42.26
G1 F3600 X56.054 Y44.74 E0.05833
G0 F7200 X55.259 Y44.74
G1 F3600 X56.24 Y43.759 E0.02307
G1 X56.31 Y43.689
G0 F7200 X56.09 Y43.689
G0 X51 Y43.146
G0 X49.663 Y43.278
G0 X48.377 Y43.669
G0 X47.193 Y44.301
G0 X46.351 Y44.991
G0 X45.235 Y46.19
G0 X45.505 Y46.335
;TYPE:WALL-INNER
G1 F3600 X46.326 Y45.332 E0.02156
G1 X47.335 Y44.505 E0.0217
G1 X48.471 Y43.898 E0.02142
G1 X49.708 Y43.524 E0.02149
G1 X51 Y43.396 E0.02159
G1 X52.288 Y43.524 E0.02153
G1 X53.525 Y43.898 E0.02149
G1 X54.665 Y44.508 E0.0215
G1 X55.143 Y44.9 E0.01028
G1 X56.4 Y44.9 E0.0209
G1 X56.4 Y42.313 E0.04302
G1 X56.274 Y42.101 E0.0041
G1 X43.6 Y42.1 E0.21077
G1 X43.6 Y47.1 E0.08315
G1 X45.096 Y47.1 E0.02488
G1 X45.505 Y46.335 E0.01443
G0 F7200 X45.831 Y46.573
;TYPE:WALL-OUTER
G1 F1800 X46.629 Y45.601 E0.02091
G1 X47.573 Y44.831 E0.02026
G1 X48.605 Y44.279 E0.01946
G1 X49.804 Y43.916 E0.02083
G1 X51.02 Y43.8 E0.02031
G1 X52.192 Y43.916 E0.01959
G1 X53.391 Y44.279 E0.02083
G1 X54.423 Y44.831 E0.01946
G1 X55 Y45.3 E0.01237
G1 X56.8 Y45.3 E0.02993
G1 X56.8 Y42.262 E0.05052
G1 X56.635 Y41.879 E0.00694
G1 X56.356 Y41.701 E0.0055
G1 X43.2 Y41.7 E0.21879
G1 X43.2 Y47.2 E0.09147
G1 F1600 X43.25 Y47.7 E0.0094
G1 X43.5 Y47.5 E0.00599
G1 F1800 X45.336 Y47.5 E0.03053
G1 X45.831 Y46.573 E0.01748
G0 F7200 X45.957 Y46.419
G0 X45.408 Y45.968
G0 X43.48 Y47.221
G0 X43.25 Y47.7
G1 F1440 X43.25 Y48.294 E0.01235
G0 F7200 X44.21 Y46.609
G1 F1500 E-6.5
;MESH:NONMESH
G0 F600 X44.21 Y46.609 Z4.8
G0 F7200 X44.153 Y48.354
G0 X44.153 Y51.645
G0 X43.922 Y52.709
G0 X43.91 Y55.074
G0 X43.76 Y55.074
;TIME_ELAPSED:343.981016
;LAYER:45
;TYPE:FILL
;MESH:hold.stl
G1 F1500 E6.5
G1 F3600 X46.425 Y57.739 E0.06268
G1 X46.495 Y57.809
G0 F7200 X46.495 Y57.59
G0 X47.916 Y57.59
G0 X47.916 Y57.74
G1 F3600 X49.175 Y56.481 E0.02961
G1 X49.245 Y56.411
G0 F7200 X49.176 Y56.636
G0 X51.105 Y56.904
G0 X51.091 Y56.748
G1 F3600 X52.083 Y57.74 E0.02333
G1 X52.153 Y57.81
G0 F7200 X52.153 Y57.59
G0 X53.573 Y57.59
G0 X53.573 Y57.74
G1 F3600 X56.053 Y55.26 E0.05833
G0 F7200 X55.26 Y55.26
G1 F3600 X56.24 Y56.24 E0.02305
G1 X56.31 Y56.31
G0 F7200 X56.09 Y56.31
G0 X51 Y56.854
G0 X49.663 Y56.722
G0 X48.377 Y56.331
G0 X47.193 Y55.699
G0 X45.65 Y54.327
G0 X45.765 Y54.234
G1 F3600 X43.761 Y56.238 E0.04713
G1 X43.691 Y56.308
G0 F7200 X43.91 Y56.308
G0 X51 Y56.854
G0 X52.376 Y56.773
G0 X52.287 Y56.477
;TYPE:WALL-INNER
G1 F3600 X51 Y56.599 E0.0215
G1 X49.708 Y56.476 E0.02158
G1 X48.469 Y56.097 E0.02155
G1 X47.334 Y55.494 E0.02137
G1 X46.328 Y54.666 E0.02167
G1 X45.506 Y53.663 E0.02157
G1 X45.128 Y52.953 E0.01338
G1 X43.6 Y52.956 E0.02541
G1 X43.601 Y57.899 E0.0822
G1 X56.272 Y57.9 E0.21072
G1 X56.4 Y57.683 E0.00419
G1 X56.4 Y55.1 E0.04296
G1 X55.143 Y55.1 E0.0209
G1 X54.663 Y55.494 E0.01033
G1 X53.527 Y56.097 E0.02139
G1 X52.287 Y56.477 E0.02157
G0 F7200 X52.192 Y56.084
;TYPE:WALL-OUTER
G1 F1800 X50.981 Y56.196 E0.02022
G1 X49.805 Y56.084 E0.01965
G1 X48.641 Y55.732 E0.02022
G1 X47.54 Y55.147 E0.02073
G1 X46.628 Y54.395 E0.01966
G1 X45.831 Y53.422 E0.02092
G1 X45.368 Y52.553 E0.01637
G1 X43.501 Y52.556 E0.03105
G1 F1589.4 X43.251 Y52.399 E0.00556
G1 X43.2 Y52.857 E0.00868
G1 F1800 X43.201 Y58.299 E0.0905
G1 X56.354 Y58.3 E0.21874
G1 X56.635 Y58.12 E0.00555
G1 X56.8 Y57.734 E0.00698
G1 X56.8 Y54.7 E0.05046
G1 X55 Y54.7 E0.02993
G1 X54.422 Y55.169 E0.01238
G1 X53.355 Y55.732 E0.02006
G1 X52.192 Y56.084 E0.02021
G0 F7200 X51.993 Y56.102
G0 X52.061 Y56.81
G0 X49.742 Y56.328
G0 X48.531 Y55.96
G0 X43.48 Y52.836
G0 X43.251 Y52.399
G1 F1431.4 X43.25 Y51.726 E0.01407
G0 F7200 X44.21 Y53.448
G1 F1500 E-6.5
G0 F7200 X45.233 Y52.782
G0 X45.232 Y51.691
G0 X45.234 Y48.309
G0 X45.234 Y47.217
G0 X45.651 Y45.671
G0 X45.765 Y45.765
;TYPE:FILL
G1 F1500 E6.5
G1 F3600 X43.76 Y43.76 E0.04715
G1 X43.69 Y43.69
G0 F7200 X43.91 Y43.69
G0 X43.91 Y44.925
G0 X43.761 Y44.925
G1 F3600 X46.426 Y42.26 E0.06268
G1 X46.496 Y42.19
G0 F7200 X46.496 Y42.41
G0 X47.917 Y42.41
G0 X47.917 Y42.26
G1 F3600 X49.174 Y43.517 E0.02956
G1 X49.244 Y43.587
G0 F7200 X49.176 Y43.363
G0 X51.112 Y43.098
G0 X51.098 Y43.245
G1 F3600 X52.083 Y42.26 E0.02317
G1 X52.153 Y42.19
G0 F7200 X52.153 Y42.41
G0 X53.574 Y42.41
G0 X53.574 Y42.26
G1 F3600 X56.054 Y44.74 E0.05833
G0 F7200 X55.259 Y44.74
G1 F3600 X56.24 Y43.759 E0.02307
G1 X56.31 Y43.689
G0 F7200 X56.09 Y43.689
G0 X51 Y43.146
G0 X49.663 Y43.278
G0 X48.377 Y43.669
G0 X47.193 Y44.301
G0 X46.351 Y44.991
G0 X45.236 Y46.188
G0 X45.506 Y46.333
;TYPE:WALL-INNER
G1 F3600 X46.326 Y45.332 E0.02152
G1 X47.335 Y44.505 E0.0217
G1 X48.471 Y43.898 E0.02142
G1 X49.708 Y43.524 E0.02149
G1 X51 Y43.396 E0.02159
G1 X52.288 Y43.524 E0.02153
G1 X53.525 Y43.898 E0.02149
G1 X54.665 Y44.508 E0.0215
G1 X55.143 Y44.9 E0.01028
G1 X56.4 Y44.9 E0.0209
G1 X56.4 Y42.313 E0.04302
G1 X56.274 Y42.101 E0.0041
G1 X43.6 Y42.1 E0.21077
G1 X43.601 Y47.043 E0.0822
G1 X45.127 Y47.043 E0.02538
G1 X45.506 Y46.333 E0.01338
G0 F7200 X45.853 Y46.541
;TYPE:WALL-OUTER
G1 F1800 X46.629 Y45.601 E0.02027
G1 X47.573 Y44.831 E0.02026
G1 X48.605 Y44.279 E0.01946
G1 X49.804 Y43.916 E0.02083
G1 X51.02 Y43.8 E0.02031
G1 X52.192 Y43.916 E0.01959
G1 X53.391 Y44.279 E0.02083
G1 X54.423 Y44.831 E0.01946
G1 X55 Y45.3 E0.01237
G1 X56.8 Y45.3 E0.02993
G1 X56.8 Y42.262 E0.05052
G1 X56.635 Y41.879 E0.00694
G1 X56.356 Y41.701 E0.0055
G1 X43.2 Y41.7 E0.21879
G1 X43.2 Y47.144 E0.09053
G1 F1600 X43.25 Y47.644 E0.0094
G1 X43.5 Y47.444 E0.00599
G1 F1800 X45.367 Y47.443 E0.03105
G1 X45.853 Y46.541 E0.01704
G0 F7200 X45.98 Y46.387
G0 X45.433 Y45.938
G0 X43.48 Y47.164
G0 X43.25 Y47.644
G1 F1440 X43.25 Y48.274 E0.0131
G0 F7200 X44.092 Y46.434
G1 F1500 E-6.5
;MESH:NONMESH
G0 F600 X44.092 Y46.434 Z4.9
G0 F7200 X43.91 Y47.214
G0 X44.153 Y48.297
G0 X44.153 Y51.703
G0 X43.913 Y52.766
G0 X43.91 Y55.074
G0 X43.76 Y55.074
;TIME_ELAPSED:350.971281
;LAYER:46
;TYPE:FILL
;MESH:hold.stl
G1 F1500 E6.5
G1 F3600 X46.425 Y57.739 E0.06268
G1 X46.495 Y57.809
G0 F7200 X46.495 Y57.59
G0 X47.916 Y57.59
G0 X47.916 Y57.74
G1 F3600 X49.175 Y56.481 E0.02961
G1 X49.245 Y56.411
G0 F7200 X49.176 Y56.636
G0 X51.105 Y56.904
G0 X51.091 Y56.748
G1 F3600 X52.083 Y57.74 E0.02333
G1 X52.153 Y57.81
G0 F7200 X52.153 Y57.59
G0 X53.573 Y57.59
G0 X53.573 Y57.74
G1 F3600 X56.053 Y55.26 E0.05833
G0 F7200 X55.26 Y55.26
G1 F3600 X56.24 Y56.24 E0.02305
G1 X56.31 Y56.31
G0 F7200 X56.09 Y56.31
G0 X51 Y56.854
G0 X49.663 Y56.722
G0 X48.377 Y56.331
G0 X47.193 Y55.699
G0 X45.65 Y54.327
G0 X45.765 Y54.234
G1 F3600 X43.761 Y56.238 E0.04713
G1 X43.691 Y56.308
G0 F7200 X43.91 Y56.308
G0 X51 Y56.854
G0 X52.376 Y56.773
G0 X52.287 Y56.477
;TYPE:WALL-INNER
G1 F3600 X51 Y56.599 E0.0215
G1 X49.708 Y56.476 E0.02158
G1 X48.469 Y56.097 E0.02155
G1 X47.334 Y55.494 E0.02137
G1 X46.328 Y54.666 E0.02167
G1 X45.505 Y53.661 E0.0216
G1 X45.157 Y53.012 E0.01225
G1 X43.6 Y53.012 E0.02589
G1 X43.601 Y57.899 E0.08127
G1 X56.272 Y57.9 E0.21072
G1 X56.4 Y57.683 E0.00419
G1 X56.4 Y55.1 E0.04296
G1 X55.143 Y55.1 E0.0209
G1 X54.663 Y55.494 E0.01033
G1 X53.527 Y56.097 E0.02139
G1 X52.287 Y56.477 E0.02157
G0 F7200 X52.192 Y56.084
;TYPE:WALL-OUTER
G1 F1800 X50.981 Y56.196 E0.02022
G1 X49.805 Y56.084 E0.01965
G1 X48.641 Y55.732 E0.02022
G1 X47.54 Y55.147 E0.02073
G1 X46.628 Y54.395 E0.01966
G1 X45.831 Y53.423 E0.0209
G1 X45.396 Y52.612 E0.0153
G1 X43.5 Y52.612 E0.03153
G1 F1589.4 X43.251 Y52.455 E0.00554
G1 X43.2 Y52.912 E0.00866
G1 F1800 X43.201 Y58.299 E0.08959
G1 X56.354 Y58.3 E0.21874
G1 X56.635 Y58.12 E0.00555
G1 X56.8 Y57.734 E0.00698
G1 X56.8 Y54.7 E0.05046
G1 X55 Y54.7 E0.02993
G1 X54.422 Y55.169 E0.01238
G1 X53.355 Y55.732 E0.02006
G1 X52.192 Y56.084 E0.02021
G0 F7200 X51.993 Y56.102
G0 X52.061 Y56.81
G0 X49.742 Y56.328
G0 X48.531 Y55.96
G0 X43.48 Y52.894
G0 X43.251 Y52.455
G1 F1431.4 X43.25 Y51.734 E0.01508
G0 F7200 X44.21 Y53.506
G1 F1500 E-6.5
G0 F7200 X45.263 Y52.84
G0 X45.262 Y51.749
G0 X45.264 Y48.251
G0 X45.264 Y47.159
G0 X45.651 Y45.671
G0 X45.765 Y45.765
;TYPE:FILL
G1 F1500 E6.5
G1 F3600 X43.76 Y43.76 E0.04715
G1 X43.69 Y43.69
G0 F7200 X43.91 Y43.69
G0 X43.91 Y44.925
G0 X43.76 Y44.925
G1 F3600 X46.426 Y42.26 E0.06269
G1 X46.496 Y42.19
G0 F7200 X46.496 Y42.41
G0 X47.917 Y42.41
G0 X47.917 Y42.26
G1 F3600 X49.174 Y43.517 E0.02956
G1 X49.244 Y43.587
G0 F7200 X49.176 Y43.363
G0 X51.112 Y43.098
G0 X51.098 Y43.245
G1 F3600 X52.083 Y42.26 E0.02317
G1 X52.153 Y42.19
G0 F7200 X52.153 Y42.41
G0 X53.574 Y42.41
G0 X53.574 Y42.26
G1 F3600 X56.054 Y44.74 E0.05833
G0 F7200 X55.259 Y44.74
G1 F3600 X56.24 Y43.759 E0.02307
G1 X56.31 Y43.689
G0 F7200 X56.09 Y43.689
G0 X51 Y43.146
G0 X49.663 Y43.278
G0 X48.377 Y43.669
G0 X47.193 Y44.301
G0 X46.351 Y44.991
G0 X45.235 Y46.189
G0 X45.506 Y46.334
;TYPE:WALL-INNER
G1 F3600 X46.326 Y45.332 E0.02153
G1 X47.335 Y44.505 E0.0217
G1 X48.471 Y43.898 E0.02142
G1 X49.708 Y43.524 E0.02149
G1 X51 Y43.396 E0.02159
G1 X52.288 Y43.524 E0.02153
G1 X53.525 Y43.898 E0.02149
G1 X54.665 Y44.508 E0.0215
G1 X55.143 Y44.9 E0.01028
G1 X56.4 Y44.9 E0.0209
G1 X56.4 Y42.313 E0.04302
G1 X56.274 Y42.101 E0.0041
G1 X43.6 Y42.1 E0.21077
G1 X43.6 Y46.984 E0.08122
G1 X45.16 Y46.984 E0.02594
G1 X45.506 Y46.334 E0.01225
G0 F7200 X45.853 Y46.541
;TYPE:WALL-OUTER
G1 F1800 X46.629 Y45.601 E0.02027
G1 X47.573 Y44.831 E0.02026
G1 X48.605 Y44.279 E0.01946
G1 X49.804 Y43.916 E0.02083
G1 X51.02 Y43.8 E0.02031
G1 X52.192 Y43.916 E0.01959
G1 X53.391 Y44.279 E0.02083
G1 X54.423 Y44.831 E0.01946
G1 X55 Y45.3 E0.01237
G1 X56.8 Y45.3 E0.02993
G1 X56.8 Y42.262 E0.05052
G1 X56.635 Y41.879 E0.00694
G1 X56.356 Y41.701 E0.0055
G1 X43.2 Y41.7 E0.21879
G1 X43.2 Y47.084 E0.08954
G1 F1600 X43.25 Y47.584 E0.0094
G1 X43.5 Y47.384 E0.00599
G1 F1800 X45.4 Y47.384 E0.0316
G1 X45.853 Y46.541 E0.01592
G0 F7200 X45.98 Y46.387
G0 X45.433 Y45.938
G0 X43.48 Y47.106
G0 X43.25 Y47.584
G1 F1440 X43.25 Y48.262 E0.01409
G0 F7200 X44.092 Y46.376
G1 F1500 E-6.5
;MESH:NONMESH
G0 F600 X44.092 Y46.376 Z5
G0 F7200 X43.91 Y47.156
G0 X44.153 Y48.239
G0 X44.153 Y51.761
G0 X43.913 Y52.824
G0 X43.91 Y55.074
G0 X43.76 Y55.074
;TIME_ELAPSED:357.957394
;LAYER:47
;TYPE:FILL
;MESH:hold.stl
G1 F1500 E6.5
G1 F3600 X46.425 Y57.739 E0.06268
G1 X46.495 Y57.809
G0 F7200 X46.495 Y57.59
G0 X47.916 Y57.59
G0 X47.916 Y57.74
G1 F3600 X49.175 Y56.481 E0.02961
G1 X49.245 Y56.411
G0 F7200 X49.176 Y56.636
G0 X51.105 Y56.904
G0 X51.091 Y56.748
G1 F3600 X52.083 Y57.74 E0.02333
G1 X52.153 Y57.81
G0 F7200 X52.153 Y57.59
G0 X53.573 Y57.59
G0 X53.573 Y57.74
G1 F3600 X56.053 Y55.26 E0.05833
G0 F7200 X55.26 Y55.26
G1 F3600 X56.24 Y56.24 E0.02305
G1 X56.31 Y56.31
G0 F7200 X56.09 Y56.31
G0 X51 Y56.854
G0 X49.663 Y56.722
G0 X48.377 Y56.331
G0 X47.193 Y55.699
G0 X45.65 Y54.327
G0 X45.765 Y54.234
G1 F3600 X43.761 Y56.238 E0.04713
G1 X43.691 Y56.308
G0 F7200 X43.91 Y56.308
G0 X51 Y56.854
G0 X52.376 Y56.773
G0 X52.287 Y56.477
;TYPE:WALL-INNER
G1 F3600 X51 Y56.599 E0.0215
G1 X49.708 Y56.476 E0.02158
G1 X48.469 Y56.097 E0.02155
G1 X47.334 Y55.494 E0.02137
G1 X46.328 Y54.666 E0.02167
G1 X45.505 Y53.661 E0.0216
G1 X45.188 Y53.069 E0.01117
G1 X43.6 Y53.071 E0.02641
G1 X43.601 Y57.899 E0.08029
G1 X56.272 Y57.9 E0.21072
G1 X56.4 Y57.683 E0.00419
G1 X56.4 Y55.1 E0.04296
G1 X55.143 Y55.1 E0.0209
G1 X54.663 Y55.494 E0.01033
G1 X53.527 Y56.097 E0.02139
G1 X52.287 Y56.477 E0.02157
G0 F7200 X52.192 Y56.084
;TYPE:WALL-OUTER
G1 F1800 X50.981 Y56.196 E0.02022
G1 X49.805 Y56.084 E0.01965
G1 X48.641 Y55.732 E0.02022
G1 X47.54 Y55.147 E0.02073
G1 X46.628 Y54.395 E0.01966
G1 X45.853 Y53.455 E0.02026
G1 X45.428 Y52.669 E0.01486
G1 X43.501 Y52.672 E0.03205
G1 F1589.4 X43.251 Y52.515 E0.00556
G1 X43.2 Y52.973 E0.00868
G1 F1800 X43.201 Y58.299 E0.08857
G1 X56.354 Y58.3 E0.21874
G1 X56.635 Y58.12 E0.00555
G1 X56.8 Y57.734 E0.00698
G1 X56.8 Y54.7 E0.05046
G1 X55 Y54.7 E0.02993
G1 X54.422 Y55.169 E0.01238
G1 X53.355 Y55.732 E0.02006
G1 X52.192 Y56.084 E0.02021
G0 F7200 X51.993 Y56.102
G0 X52.061 Y56.81
G0 X49.742 Y56.328
G0 X48.531 Y55.96
G0 X43.48 Y52.952
G0 X43.251 Y52.515
G1 F1431.4 X43.25 Y51.746 E0.01608
G0 F7200 X44.21 Y53.564
G1 F1500 E-6.5
G0 F7200 X45.294 Y52.898
G0 X45.293 Y51.807
G0 X45.295 Y48.193
G0 X45.295 Y47.101
G0 X45.651 Y45.671
G0 X45.765 Y45.765
;TYPE:FILL
G1 F1500 E6.5
G1 F3600 X43.76 Y43.76 E0.04715
G1 X43.69 Y43.69
G0 F7200 X43.91 Y43.69
G0 X43.91 Y44.925
G0 X43.76 Y44.925
G1 F3600 X46.426 Y42.26 E0.06269
G1 X46.496 Y42.19
G0 F7200 X46.496 Y42.41
G0 X47.917 Y42.41
G0 X47.917 Y42.26
G1 F3600 X49.174 Y43.517 E0.02956
G1 X49.244 Y43.587
G0 F7200 X49.176 Y43.363
G0 X51.112 Y43.098
G0 X51.098 Y43.245
G1 F3600 X52.083 Y42.26 E0.02317
G1 X52.153 Y42.19
G0 F7200 X52.153 Y42.41
G0 X53.574 Y42.41
G0 X53.574 Y42.26
G1 F3600 X56.054 Y44.74 E0.05833
G0 F7200 X55.259 Y44.74
G1 F3600 X56.24 Y43.759 E0.02307
G1 X56.31 Y43.689
G0 F7200 X56.09 Y43.689
G0 X51 Y43.146
G0 X49.663 Y43.278
G0 X48.377 Y43.669
G0 X47.418 Y44.181
G0 X46.089 Y45.137
G0 X46.326 Y45.332
;TYPE:WALL-INNER
G1 F3600 X47.335 Y44.505 E0.0217
G1 X48.471 Y43.898 E0.02142
G1 X49.708 Y43.524 E0.02149
G1 X51 Y43.396 E0.02159
G1 X52.288 Y43.524 E0.02153
G1 X53.525 Y43.898 E0.02149
G1 X54.665 Y44.508 E0.0215
G1 X55.143 Y44.9 E0.01028
G1 X56.4 Y44.9 E0.0209
G1 X56.4 Y42.313 E0.04302
G1 X56.274 Y42.101 E0.0041
G1 X43.6 Y42.1 E0.21077
G1 X43.6 Y46.928 E0.08029
G1 X45.188 Y46.928 E0.02641
G1 X45.505 Y46.335 E0.01118
G1 X46.326 Y45.332 E0.02156
G0 F7200 X46.089 Y45.136
G0 X45.208 Y46.239
G0 X45.831 Y46.573
;TYPE:WALL-OUTER
G1 F1800 X46.629 Y45.601 E0.02091
G1 X47.573 Y44.831 E0.02026
G1 X48.605 Y44.279 E0.01946
G1 X49.804 Y43.916 E0.02083
G1 X51.02 Y43.8 E0.02031
G1 X52.192 Y43.916 E0.01959
G1 X53.391 Y44.279 E0.02083
G1 X54.423 Y44.831 E0.01946
G1 X55 Y45.3 E0.01237
G1 X56.8 Y45.3 E0.02993
G1 X56.8 Y42.262 E0.05052
G1 X56.635 Y41.879 E0.00694
G1 X56.356 Y41.701 E0.0055
G1 X43.2 Y41.7 E0.21879
G1 X43.2 Y47.028 E0.0886
G1 F1600 X43.25 Y47.528 E0.0094
G1 X43.5 Y47.328 E0.00599
G1 F1800 X45.428 Y47.328 E0.03206
G1 X45.831 Y46.573 E0.01423
G0 F7200 X45.957 Y46.419
G0 X45.408 Y45.968
G0 X43.48 Y47.048
G0 X43.25 Y47.528
G1 F1440 X43.25 Y48.254 E0.01509
G0 F7200 X44.092 Y46.318
G1 F1500 E-6.5
;MESH:NONMESH
G0 F600 X44.092 Y46.318 Z5.1
G0 F7200 X43.91 Y47.098
G0 X44.153 Y48.181
G0 X44.153 Y51.819
G0 X43.913 Y52.882
G0 X43.91 Y55.074
G0 X43.76 Y55.074
;TIME_ELAPSED:364.976989
;LAYER:48
;TYPE:FILL
;MESH:hold.stl
G1 F1500 E6.5
G1 F3600 X46.425 Y57.739 E0.06268
G1 X46.495 Y57.809
G0 F7200 X46.495 Y57.59
G0 X47.916 Y57.59
G0 X47.916 Y57.74
G1 F3600 X49.175 Y56.481 E0.02961
G1 X49.245 Y56.411
G0 F7200 X49.176 Y56.636
G0 X51.105 Y56.904
G0 X51.091 Y56.748
G1 F3600 X52.083 Y57.74 E0.02333
G1 X52.153 Y57.81
G0 F7200 X52.153 Y57.59
G0 X53.573 Y57.59
G0 X53.573 Y57.74
G1 F3600 X56.053 Y55.26 E0.05833
G0 F7200 X55.26 Y55.26
G1 F3600 X56.24 Y56.24 E0.02305
G1 X56.31 Y56.31
G0 F7200 X56.09 Y56.31
G0 X51 Y56.854
G0 X49.663 Y56.722
G0 X48.377 Y56.331
G0 X47.193 Y55.699
G0 X45.65 Y54.327
G0 X45.765 Y54.234
G1 F3600 X43.761 Y56.238 E0.04713
G1 X43.691 Y56.308
G0 F7200 X43.91 Y56.308
G0 X51 Y56.854
G0 X52.376 Y56.773
G0 X52.287 Y56.477
;TYPE:WALL-INNER
G1 F3600 X51 Y56.599 E0.0215
G1 X49.708 Y56.476 E0.02158
G1 X48.469 Y56.097 E0.02155
G1 X47.334 Y55.494 E0.02137
G1 X46.328 Y54.666 E0.02167
G1 X45.505 Y53.661 E0.0216
G1 X45.188 Y53.068 E0.01118
G1 X43.6 Y53.068 E0.02641
G1 X43.601 Y57.899 E0.08034
G1 X56.272 Y57.9 E0.21072
G1 X56.4 Y57.683 E0.00419
G1 X56.4 Y55.1 E0.04296
G1 X55.143 Y55.1 E0.0209
G1 X54.663 Y55.494 E0.01033
G1 X53.527 Y56.097 E0.02139
G1 X52.287 Y56.477 E0.02157
G0 F7200 X52.192 Y56.084
;TYPE:WALL-OUTER
G1 F1800 X50.981 Y56.196 E0.02022
G1 X49.805 Y56.084 E0.01965
G1 X48.641 Y55.732 E0.02022
G1 X47.54 Y55.147 E0.02073
G1 X46.628 Y54.395 E0.01966
G1 X45.831 Y53.423 E0.0209
G1 X45.428 Y52.668 E0.01423
G1 X43.5 Y52.668 E0.03206
G1 F1589.4 X43.251 Y52.511 E0.00554
G1 X43.2 Y52.968 E0.00866
G1 F1800 X43.201 Y58.299 E0.08865
G1 X56.354 Y58.3 E0.21874
G1 X56.635 Y58.12 E0.00555
G1 X56.8 Y57.734 E0.00698
G1 X56.8 Y54.7 E0.05046
G1 X55 Y54.7 E0.02993
G1 X54.422 Y55.169 E0.01238
G1 X53.355 Y55.732 E0.02006
G1 X52.192 Y56.084 E0.02021
G0 F7200 X51.993 Y56.102
G0 X52.061 Y56.81
G0 X49.742 Y56.328
G0 X48.531 Y55.96
G0 X43.48 Y52.951
G0 X43.251 Y52.511
G1 F1431.4 X43.25 Y51.742 E0.01608
G0 F7200 X44.21 Y53.563
G1 F1500 E-6.5
G0 F7200 X45.295 Y52.898
G0 X45.295 Y51.806
G0 X45.295 Y48.194
G0 X45.295 Y47.102
G0 X45.651 Y45.671
G0 X45.765 Y45.765
;TYPE:FILL
G1 F1500 E6.5
G1 F3600 X43.76 Y43.76 E0.04715
G1 X43.69 Y43.69
G0 F7200 X43.91 Y43.69
G0 X43.91 Y44.925
G0 X43.76 Y44.925
G1 F3600 X46.426 Y42.26 E0.06269
G1 X46.496 Y42.19
G0 F7200 X46.496 Y42.41
G0 X47.917 Y42.41
G0 X47.917 Y42.26
G1 F3600 X49.174 Y43.517 E0.02956
G1 X49.244 Y43.587
G0 F7200 X49.176 Y43.363
G0 X51.112 Y43.098
G0 X51.098 Y43.245
G1 F3600 X52.083 Y42.26 E0.02317
G1 X52.153 Y42.19
G0 F7200 X52.153 Y42.41
G0 X53.574 Y42.41
G0 X53.574 Y42.26
G1 F3600 X56.054 Y44.74 E0.05833
G0 F7200 X55.259 Y44.74
G1 F3600 X56.24 Y43.759 E0.02307
G1 X56.31 Y43.689
G0 F7200 X56.09 Y43.689
G0 X51 Y43.146
G0 X49.663 Y43.278
G0 X48.377 Y43.669
G0 X47.418 Y44.181
G0 X46.089 Y45.137
G0 X46.326 Y45.332
;TYPE:WALL-INNER
G1 F3600 X47.335 Y44.505 E0.0217
G1 X48.471 Y43.898 E0.02142
G1 X49.708 Y43.524 E0.02149
G1 X51 Y43.396 E0.02159
G1 X52.288 Y43.524 E0.02153
G1 X53.525 Y43.898 E0.02149
G1 X54.665 Y44.508 E0.0215
G1 X55.143 Y44.9 E0.01028
G1 X56.4 Y44.9 E0.0209
G1 X56.4 Y42.313 E0.04302
G1 X56.274 Y42.101 E0.0041
G1 X43.6 Y42.1 E0.21077
G1 X43.6 Y46.928 E0.08029
G1 X45.188 Y46.928 E0.02641
G1 X45.505 Y46.335 E0.01118
G1 X46.326 Y45.332 E0.02156
G0 F7200 X46.089 Y45.136
G0 X45.208 Y46.24
G0 X45.831 Y46.573
;TYPE:WALL-OUTER
G1 F1800 X46.629 Y45.601 E0.02091
G1 X47.573 Y44.831 E0.02026
G1 X48.605 Y44.279 E0.01946
G1 X49.804 Y43.916 E0.02083
G1 X51.02 Y43.8 E0.02031
G1 X52.192 Y43.916 E0.01959
G1 X53.391 Y44.279 E0.02083
G1 X54.423 Y44.831 E0.01946
G1 X55 Y45.3 E0.01237
G1 X56.8 Y45.3 E0.02993
G1 X56.8 Y42.262 E0.05052
G1 X56.635 Y41.879 E0.00694
G1 X56.356 Y41.701 E0.0055
G1 X43.2 Y41.7 E0.21879
G1 X43.2 Y47.028 E0.0886
G1 F1600 X43.25 Y47.528 E0.0094
G1 X43.5 Y47.328 E0.00599
G1 F1800 X45.428 Y47.328 E0.03206
G1 X45.831 Y46.573 E0.01423
G0 F7200 X45.957 Y46.419
G0 X45.408 Y45.968
G0 X43.48 Y47.049
G0 X43.25 Y47.528
G1 F1440 X43.25 Y48.254 E0.01509
G0 F7200 X44.092 Y46.319
G1 F1500 E-6.5
;MESH:NONMESH
G0 F600 X44.092 Y46.319 Z5.2
G0 F7200 X43.91 Y47.099
G0 X44.153 Y48.182
G0 X44.153 Y51.818
G0 X43.91 Y52.901
G0 X43.91 Y55.074
G0 X43.76 Y55.074
;TIME_ELAPSED:371.996867
;LAYER:49
;TYPE:FILL
;MESH:hold.stl
G1 F1500 E6.5
G1 F3600 X46.425 Y57.739 E0.06268
G1 X46.495 Y57.809
G0 F7200 X46.495 Y57.59
G0 X47.916 Y57.59
G0 X47.916 Y57.74
G1 F3600 X49.175 Y56.481 E0.02961
G1 X49.245 Y56.411
G0 F7200 X49.176 Y56.636
G0 X51.105 Y56.904
G0 X51.091 Y56.748
G1 F3600 X52.083 Y57.74 E0.02333
G1 X52.153 Y57.81
G0 F7200 X52.153 Y57.59
G0 X53.573 Y57.59
G0 X53.573 Y57.74
G1 F3600 X56.053 Y55.26 E0.05833
G0 F7200 X55.26 Y55.26
G1 F3600 X56.24 Y56.24 E0.02305
G1 X56.31 Y56.31
G0 F7200 X56.09 Y56.31
G0 X51 Y56.854
G0 X49.663 Y56.722
G0 X48.377 Y56.331
G0 X47.193 Y55.699
G0 X45.65 Y54.327
G0 X45.765 Y54.234
G1 F3600 X43.761 Y56.238 E0.04713
G1 X43.691 Y56.308
G0 F7200 X43.91 Y56.308
G0 X51 Y56.854
G0 X52.376 Y56.773
G0 X52.287 Y56.477
;TYPE:WALL-INNER
G1 F3600 X51 Y56.599 E0.0215
G1 X49.708 Y56.476 E0.02158
G1 X48.469 Y56.097 E0.02155
G1 X47.334 Y55.494 E0.02137
G1 X46.328 Y54.666 E0.02167
G1 X45.506 Y53.663 E0.02157
G1 X45.16 Y53.012 E0.01226
G1 X43.6 Y53.012 E0.02594
G1 X43.601 Y57.899 E0.08127
G1 X56.272 Y57.9 E0.21072
G1 X56.4 Y57.683 E0.00419
G1 X56.4 Y55.1 E0.04296
G1 X55.143 Y55.1 E0.0209
G1 X54.663 Y55.494 E0.01033
G1 X53.527 Y56.097 E0.02139
G1 X52.287 Y56.477 E0.02157
G0 F7200 X52.192 Y56.084
;TYPE:WALL-OUTER
G1 F1800 X50.981 Y56.196 E0.02022
G1 X49.805 Y56.084 E0.01965
G1 X48.641 Y55.732 E0.02022
G1 X47.54 Y55.147 E0.02073
G1 X46.628 Y54.395 E0.01966
G1 X45.831 Y53.422 E0.02092
G1 X45.4 Y52.612 E0.01526
G1 X43.5 Y52.612 E0.0316
G1 F1589.4 X43.251 Y52.455 E0.00554
G1 X43.2 Y52.912 E0.00866
G1 F1800 X43.201 Y58.299 E0.08959
G1 X56.354 Y58.3 E0.21874
G1 X56.635 Y58.12 E0.00555
G1 X56.8 Y57.734 E0.00698
G1 X56.8 Y54.7 E0.05046
G1 X55 Y54.7 E0.02993
G1 X54.422 Y55.169 E0.01238
G1 X53.355 Y55.732 E0.02006
G1 X52.192 Y56.084 E0.02021
G0 F7200 X51.993 Y56.102
G0 X52.061 Y56.81
G0 X49.742 Y56.328
G0 X48.531 Y55.96
G0 X43.48 Y52.894
G0 X43.251 Y52.455
G1 F1431.4 X43.25 Y51.734 E0.01508
G0 F7200 X44.21 Y53.506
G1 F1500 E-6.5
G0 F7200 X45.264 Y52.841
G0 X45.264 Y51.749
G0 X45.264 Y48.251
G0 X45.264 Y47.159
G0 X45.651 Y45.671
G0 X45.765 Y45.765
;TYPE:FILL
G1 F1500 E6.5
G1 F3600 X43.76 Y43.76 E0.04715
G1 X43.69 Y43.69
G0 F7200 X43.91 Y43.69
G0 X43.91 Y44.925
G0 X43.76 Y44.925
G1 F3600 X46.426 Y42.26 E0.06269
G1 X46.496 Y42.19
G0 F7200 X46.496 Y42.41
G0 X47.917 Y42.41
G0 X47.917 Y42.26
G1 F3600 X49.174 Y43.517 E0.02956
G1 X49.244 Y43.587
G0 F7200 X49.176 Y43.363
G0 X51.112 Y43.098
G0 X51.098 Y43.245
G1 F3600 X52.083 Y42.26 E0.02317
G1 X52.153 Y42.19
G0 F7200 X52.153 Y42.41
G0 X53.574 Y42.41
G0 X53.574 Y42.26
G1 F3600 X56.054 Y44.74 E0.05833
G0 F7200 X55.259 Y44.74
G1 F3600 X56.24 Y43.759 E0.02307
G1 X56.31 Y43.689
G0 F7200 X56.09 Y43.689
G0 X51 Y43.146
G0 X49.663 Y43.278
G0 X48.377 Y43.669
G0 X47.193 Y44.301
G0 X46.351 Y44.991
G0 X45.235 Y46.189
G0 X45.506 Y46.334
;TYPE:WALL-INNER
G1 F3600 X46.326 Y45.332 E0.02153
G1 X47.335 Y44.505 E0.0217
G1 X48.471 Y43.898 E0.02142
G1 X49.708 Y43.524 E0.02149
G1 X51 Y43.396 E0.02159
G1 X52.288 Y43.524 E0.02153
G1 X53.525 Y43.898 E0.02149
G1 X54.665 Y44.508 E0.0215
G1 X55.143 Y44.9 E0.01028
G1 X56.4 Y44.9 E0.0209
G1 X56.4 Y42.313 E0.04302
G1 X56.274 Y42.101 E0.0041
G1 X43.6 Y42.1 E0.21077
G1 X43.6 Y46.984 E0.08122
G1 X45.16 Y46.984 E0.02594
G1 X45.506 Y46.334 E0.01225
G0 F7200 X45.853 Y46.541
;TYPE:WALL-OUTER
G1 F1800 X46.629 Y45.601 E0.02027
G1 X47.573 Y44.831 E0.02026
G1 X48.605 Y44.279 E0.01946
G1 X49.804 Y43.916 E0.02083
G1 X51.02 Y43.8 E0.02031
G1 X52.192 Y43.916 E0.01959
G1 X53.391 Y44.279 E0.02083
G1 X54.423 Y44.831 E0.01946
G1 X55 Y45.3 E0.01237
G1 X56.8 Y45.3 E0.02993
G1 X56.8 Y42.262 E0.05052
G1 X56.635 Y41.879 E0.00694
G1 X56.356 Y41.701 E0.0055
G1 X43.2 Y41.7 E0.21879
G1 X43.2 Y47.084 E0.08954
G1 F1600 X43.25 Y47.584 E0.0094
G1 X43.5 Y47.384 E0.00599
G1 F1800 X45.4 Y47.384 E0.0316
G1 X45.853 Y46.541 E0.01592
G0 F7200 X45.98 Y46.387
G0 X45.433 Y45.938
G0 X43.48 Y47.106
G0 X43.25 Y47.584
G1 F1440 X43.25 Y48.264 E0.01414
G0 F7200 X44.092 Y46.376
G1 F1500 E-6.5
;MESH:NONMESH
G0 F600 X44.092 Y46.376 Z5.3
G0 F7200 X43.91 Y47.156
G0 X44.153 Y48.239
G0 X44.153 Y51.761
G0 X43.91 Y52.844
G0 X43.91 Y55.074
G0 X43.76 Y55.074
;TIME_ELAPSED:378.983170
;LAYER:50
;TYPE:FILL
;MESH:hold.stl
G1 F1500 E6.5
G1 F3600 X46.425 Y57.739 E0.06268
G1 X46.495 Y57.809
G0 F7200 X46.495 Y57.59
G0 X47.916 Y57.59
G0 X47.916 Y57.74
G1 F3600 X49.175 Y56.481 E0.02961
G1 X49.245 Y56.411
G0 F7200 X49.176 Y56.636
G0 X51.105 Y56.904
G0 X51.091 Y56.748
G1 F3600 X52.083 Y57.74 E0.02333
G1 X52.153 Y57.81
G0 F7200 X52.153 Y57.59
G0 X53.573 Y57.59
G0 X53.573 Y57.74
G1 F3600 X56.053 Y55.26 E0.05833
G0 F7200 X55.26 Y55.26
G1 F3600 X56.24 Y56.24 E0.02305
G1 X56.31 Y56.31
G0 F7200 X56.09 Y56.31
G0 X51 Y56.854
G0 X49.663 Y56.722
G0 X48.377 Y56.331
G0 X47.193 Y55.699
G0 X45.65 Y54.327
G0 X45.765 Y54.234
G1 F3600 X43.761 Y56.238 E0.04713
G1 X43.691 Y56.308
G0 F7200 X43.91 Y56.308
G0 X51 Y56.854
G0 X52.376 Y56.773
G0 X52.287 Y56.477
;TYPE:WALL-INNER
G1 F3600 X51 Y56.599 E0.0215
G1 X49.708 Y56.476 E0.02158
G1 X48.469 Y56.097 E0.02155
G1 X47.334 Y55.494 E0.02137
G1 X46.328 Y54.666 E0.02167
G1 X45.503 Y53.659 E0.02165
G1 X45.128 Y52.956 E0.01325
G1 X43.6 Y52.956 E0.02541
G1 X43.601 Y57.899 E0.0822
G1 X56.272 Y57.9 E0.21072
G1 X56.4 Y57.683 E0.00419
G1 X56.4 Y55.1 E0.04296
G1 X55.143 Y55.1 E0.0209
G1 X54.663 Y55.494 E0.01033
G1 X53.527 Y56.097 E0.02139
G1 X52.287 Y56.477 E0.02157
G0 F7200 X52.192 Y56.084
;TYPE:WALL-OUTER
G1 F1800 X50.981 Y56.196 E0.02022
G1 X49.805 Y56.084 E0.01965
G1 X48.641 Y55.732 E0.02022
G1 X47.54 Y55.147 E0.02073
G1 X46.628 Y54.395 E0.01966
G1 X45.831 Y53.423 E0.0209
G1 X45.368 Y52.556 E0.01635
G1 X43.5 Y52.556 E0.03106
G1 F1589.4 X43.251 Y52.399 E0.00554
G1 X43.2 Y52.856 E0.00866
G1 F1800 X43.201 Y58.299 E0.09052
G1 X56.354 Y58.3 E0.21874
G1 X56.635 Y58.12 E0.00555
G1 X56.8 Y57.734 E0.00698
G1 X56.8 Y54.7 E0.05046
G1 X55 Y54.7 E0.02993
G1 X54.422 Y55.169 E0.01238
G1 X53.355 Y55.732 E0.02006
G1 X52.192 Y56.084 E0.02021
G0 F7200 X51.993 Y56.102
G0 X52.061 Y56.81
G0 X49.742 Y56.328
G0 X48.531 Y55.96
G0 X43.48 Y52.836
G0 X43.251 Y52.399
G1 F1431.4 X43.25 Y51.722 E0.01416
G0 F7200 X44.21 Y53.448
G1 F1500 E-6.5
G0 F7200 X45.233 Y52.783
G0 X45.233 Y51.691
G0 X45.233 Y48.309
G0 X45.233 Y47.217
G0 X45.651 Y45.671
G0 X45.765 Y45.765
;TYPE:FILL
G1 F1500 E6.5
G1 F3600 X43.76 Y43.76 E0.04715
G1 X43.69 Y43.69
G0 F7200 X43.91 Y43.69
G0 X43.91 Y44.925
G0 X43.761 Y44.925
G1 F3600 X46.426 Y42.26 E0.06268
G1 X46.496 Y42.19
G0 F7200 X46.496 Y42.41
G0 X47.917 Y42.41
G0 X47.917 Y42.26
G1 F3600 X49.174 Y43.517 E0.02956
G1 X49.244 Y43.587
G0 F7200 X49.176 Y43.363
G0 X51.112 Y43.098
G0 X51.098 Y43.245
G1 F3600 X52.083 Y42.26 E0.02317
G1 X52.153 Y42.19
G0 F7200 X52.153 Y42.41
G0 X53.574 Y42.41
G0 X53.574 Y42.26
G1 F3600 X56.054 Y44.74 E0.05833
G0 F7200 X55.259 Y44.74
G1 F3600 X56.24 Y43.759 E0.02307
G1 X56.31 Y43.689
G0 F7200 X56.09 Y43.689
G0 X51 Y43.146
G0 X49.663 Y43.278
G0 X48.377 Y43.669
G0 X47.193 Y44.301
G0 X46.351 Y44.991
G0 X45.236 Y46.188
G0 X45.506 Y46.333
;TYPE:WALL-INNER
G1 F3600 X46.326 Y45.332 E0.02152
G1 X47.335 Y44.505 E0.0217
G1 X48.471 Y43.898 E0.02142
G1 X49.708 Y43.524 E0.02149
G1 X51 Y43.396 E0.02159
G1 X52.288 Y43.524 E0.02153
G1 X53.525 Y43.898 E0.02149
G1 X54.665 Y44.508 E0.0215
G1 X55.143 Y44.9 E0.01028
G1 X56.4 Y44.9 E0.0209
G1 X56.4 Y42.313 E0.04302
G1 X56.274 Y42.101 E0.0041
G1 X43.6 Y42.1 E0.21077
G1 X43.601 Y47.043 E0.0822
G1 X45.127 Y47.043 E0.02538
G1 X45.506 Y46.333 E0.01338
G0 F7200 X45.853 Y46.541
;TYPE:WALL-OUTER
G1 F1800 X46.629 Y45.601 E0.02027
G1 X47.573 Y44.831 E0.02026
G1 X48.605 Y44.279 E0.01946
G1 X49.804 Y43.916 E0.02083
G1 X51.02 Y43.8 E0.02031
G1 X52.192 Y43.916 E0.01959
G1 X53.391 Y44.279 E0.02083
G1 X54.423 Y44.831 E0.01946
G1 X55 Y45.3 E0.01237
G1 X56.8 Y45.3 E0.02993
G1 X56.8 Y42.262 E0.05052
G1 X56.635 Y41.879 E0.00694
G1 X56.356 Y41.701 E0.0055
G1 X43.2 Y41.7 E0.21879
G1 X43.2 Y47.144 E0.09053
G1 F1600 X43.25 Y47.644 E0.0094
G1 X43.5 Y47.444 E0.00599
G1 F1800 X45.367 Y47.443 E0.03105
G1 X45.853 Y46.541 E0.01704
G0 F7200 X45.98 Y46.387
G0 X45.433 Y45.938
G0 X43.48 Y47.164
G0 X43.25 Y47.644
G1 F1440 X43.25 Y48.274 E0.0131
G0 F7200 X44.092 Y46.434
G1 F1500 E-6.5
;MESH:NONMESH
G0 F600 X44.092 Y46.434 Z5.4
G0 F7200 X43.91 Y47.214
G0 X44.153 Y48.297
G0 X44.153 Y51.703
G0 X43.91 Y52.786
G0 X43.91 Y55.074
G0 X43.76 Y55.074
;TIME_ELAPSED:385.973472
;LAYER:51
;TYPE:FILL
;MESH:hold.stl
G1 F1500 E6.5
G1 F3600 X46.425 Y57.739 E0.06268
G1 X46.495 Y57.809
G0 F7200 X46.495 Y57.59
G0 X47.916 Y57.59
G0 X47.916 Y57.74
G1 F3600 X49.175 Y56.481 E0.02961
G1 X49.245 Y56.411
G0 F7200 X49.176 Y56.636
G0 X51.105 Y56.904
G0 X51.091 Y56.748
G1 F3600 X52.083 Y57.74 E0.02333
G1 X52.153 Y57.81
G0 F7200 X52.153 Y57.59
G0 X53.573 Y57.59
G0 X53.573 Y57.74
G1 F3600 X56.053 Y55.26 E0.05833
G0 F7200 X55.26 Y55.26
G1 F3600 X56.24 Y56.24 E0.02305
G1 X56.31 Y56.31
G0 F7200 X56.09 Y56.31
G0 X51 Y56.854
G0 X49.663 Y56.722
G0 X48.377 Y56.331
G0 X47.193 Y55.699
G0 X45.65 Y54.327
G0 X45.765 Y54.234
G1 F3600 X43.761 Y56.238 E0.04713
G1 X43.691 Y56.308
G0 F7200 X43.91 Y56.308
G0 X51 Y56.854
G0 X52.376 Y56.773
G0 X52.287 Y56.477
;TYPE:WALL-INNER
G1 F3600 X51 Y56.599 E0.0215
G1 X49.708 Y56.476 E0.02158
G1 X48.469 Y56.097 E0.02155
G1 X47.334 Y55.494 E0.02137
G1 X46.328 Y54.666 E0.02167
G1 X45.505 Y53.661 E0.0216
G1 X45.096 Y52.896 E0.01443
G1 X43.6 Y52.896 E0.02488
G1 X43.601 Y57.899 E0.0832
G1 X56.272 Y57.9 E0.21072
G1 X56.4 Y57.683 E0.00419
G1 X56.4 Y55.1 E0.04296
G1 X55.143 Y55.1 E0.0209
G1 X54.663 Y55.494 E0.01033
G1 X53.527 Y56.097 E0.02139
G1 X52.287 Y56.477 E0.02157
G0 F7200 X52.192 Y56.084
;TYPE:WALL-OUTER
G1 F1800 X50.981 Y56.196 E0.02022
G1 X49.805 Y56.084 E0.01965
G1 X48.641 Y55.732 E0.02022
G1 X47.54 Y55.147 E0.02073
G1 X46.628 Y54.395 E0.01966
G1 X45.831 Y53.423 E0.0209
G1 X45.336 Y52.496 E0.01748
G1 X43.5 Y52.496 E0.03053
G1 F1589.4 X43.251 Y52.339 E0.00554
G1 X43.2 Y52.796 E0.00866
G1 F1800 X43.201 Y58.299 E0.09152
G1 X56.354 Y58.3 E0.21874
G1 X56.635 Y58.12 E0.00555
G1 X56.8 Y57.734 E0.00698
G1 X56.8 Y54.7 E0.05046
G1 X55 Y54.7 E0.02993
G1 X54.422 Y55.169 E0.01238
G1 X53.355 Y55.732 E0.02006
G1 X52.192 Y56.084 E0.02021
G0 F7200 X51.993 Y56.102
G0 X52.061 Y56.81
G0 X49.742 Y56.328
G0 X48.531 Y55.96
G0 X47.627 Y55.478
G0 X43.48 Y52.777
G0 X43.251 Y52.339
G1 F1431.4 X43.25 Y51.702 E0.01332
G0 F7200 X44.092 Y53.507
G1 F1500 E-6.5
G0 F7200 X45.202 Y52.725
G0 X45.202 Y51.632
G0 X45.202 Y48.367
G0 X45.202 Y47.275
G0 X45.651 Y45.671
G0 X45.765 Y45.765
;TYPE:FILL
G1 F1500 E6.5
G1 F3600 X43.76 Y43.76 E0.04715
G1 X43.69 Y43.69
G0 F7200 X43.91 Y43.69
G0 X43.91 Y44.925
G0 X43.76 Y44.925
G1 F3600 X46.426 Y42.26 E0.06269
G1 X46.496 Y42.19
G0 F7200 X46.496 Y42.41
G0 X47.917 Y42.41
G0 X47.917 Y42.26
G1 F3600 X49.174 Y43.517 E0.02956
G1 X49.244 Y43.587
G0 F7200 X49.176 Y43.363
G0 X51.112 Y43.098
G0 X51.098 Y43.245
G1 F3600 X52.083 Y42.26 E0.02317
G1 X52.153 Y42.19
G0 F7200 X52.153 Y42.41
G0 X53.574 Y42.41
G0 X53.574 Y42.26
G1 F3600 X56.054 Y44.74 E0.05833
G0 F7200 X55.259 Y44.74
G1 F3600 X56.24 Y43.759 E0.02307
G1 X56.31 Y43.689
G0 F7200 X56.09 Y43.689
G0 X51 Y43.146
G0 X49.663 Y43.278
G0 X48.377 Y43.669
G0 X47.193 Y44.301
G0 X46.351 Y44.991
G0 X45.235 Y46.19
G0 X45.505 Y46.335
;TYPE:WALL-INNER
G1 F3600 X46.326 Y45.332 E0.02156
G1 X47.335 Y44.505 E0.0217
G1 X48.471 Y43.898 E0.02142
G1 X49.708 Y43.524 E0.02149
G1 X51 Y43.396 E0.02159
G1 X52.288 Y43.524 E0.02153
G1 X53.525 Y43.898 E0.02149
G1 X54.665 Y44.508 E0.0215
G1 X55.143 Y44.9 E0.01028
G1 X56.4 Y44.9 E0.0209
G1 X56.4 Y42.313 E0.04302
G1 X56.274 Y42.101 E0.0041
G1 X43.6 Y42.1 E0.21077
G1 X43.6 Y47.1 E0.08315
G1 X45.096 Y47.1 E0.02488
G1 X45.505 Y46.335 E0.01443
G0 F7200 X45.831 Y46.573
;TYPE:WALL-OUTER
G1 F1800 X46.629 Y45.601 E0.02091
G1 X47.573 Y44.831 E0.02026
G1 X48.605 Y44.279 E0.01946
G1 X49.804 Y43.916 E0.02083
G1 X51.02 Y43.8 E0.02031
G1 X52.192 Y43.916 E0.01959
G1 X53.391 Y44.279 E0.02083
G1 X54.423 Y44.831 E0.01946
G1 X55 Y45.3 E0.01237
G1 X56.8 Y45.3 E0.02993
G1 X56.8 Y42.262 E0.05052
G1 X56.635 Y41.879 E0.00694
G1 X56.356 Y41.701 E0.0055
G1 X43.2 Y41.7 E0.21879
G1 X43.2 Y47.2 E0.09147
G1 F1600 X43.25 Y47.7 E0.0094
G1 X43.5 Y47.5 E0.00599
G1 F1800 X45.336 Y47.5 E0.03053
G1 X45.831 Y46.573 E0.01748
G0 F7200 X45.957 Y46.419
G0 X45.408 Y45.968
G0 X43.48 Y47.222
G0 X43.25 Y47.7
G1 F1440 X43.25 Y48.294 E0.01235
G0 F7200 X44.092 Y46.492
G1 F1500 E-6.5
;MESH:NONMESH
G0 F600 X44.092 Y46.492 Z5.5
G0 F7200 X43.91 Y47.272
G0 X44.153 Y48.355
G0 X44.153 Y51.644
G0 X43.905 Y52.727
G0 X43.91 Y55.074
G0 X43.761 Y55.074
;TIME_ELAPSED:392.968131
;LAYER:52
;TYPE:FILL
;MESH:hold.stl
G1 F1500 E6.5
G1 F3600 X46.425 Y57.739 E0.06266
G1 X46.495 Y57.809
G0 F7200 X46.495 Y57.59
G0 X47.916 Y57.59
G0 X47.916 Y57.74
G1 F3600 X49.175 Y56.481 E0.02961
G1 X49.245 Y56.411
G0 F7200 X49.176 Y56.636
G0 X51.105 Y56.904
G0 X51.091 Y56.748
G1 F3600 X52.083 Y57.74 E0.02333
G1 X52.153 Y57.81
G0 F7200 X52.153 Y57.59
G0 X53.573 Y57.59
G0 X53.573 Y57.74
G1 F3600 X56.053 Y55.26 E0.05833
G0 F7200 X55.26 Y55.26
G1 F3600 X56.24 Y56.24 E0.02305
G1 X56.31 Y56.31
G0 F7200 X56.09 Y56.31
G0 X51 Y56.854
G0 X49.663 Y56.722
G0 X48.377 Y56.331
G0 X47.193 Y55.699
G0 X45.65 Y54.327
G0 X45.765 Y54.234
G1 F3600 X43.761 Y56.238 E0.04713
G1 X43.691 Y56.308
G0 F7200 X43.91 Y56.308
G0 X51 Y56.854
G0 X52.376 Y56.773
G0 X52.287 Y56.477
;TYPE:WALL-INNER
G1 F3600 X51 Y56.599 E0.0215
G1 X49.708 Y56.476 E0.02158
G1 X48.469 Y56.097 E0.02155
G1 X47.334 Y55.494 E0.02137
G1 X46.328 Y54.666 E0.02167
G1 X45.507 Y53.663 E0.02156
G1 X45.064 Y52.84 E0.01554
G1 X43.601 Y52.838 E0.02433
G1 X43.601 Y57.899 E0.08416
G1 X56.272 Y57.9 E0.21072
G1 X56.4 Y57.683 E0.00419
G1 X56.4 Y55.1 E0.04296
G1 X55.143 Y55.1 E0.0209
G1 X54.663 Y55.494 E0.01033
G1 X53.527 Y56.097 E0.02139
G1 X52.287 Y56.477 E0.02157
G0 F7200 X52.192 Y56.084
;TYPE:WALL-OUTER
G1 F1800 X50.981 Y56.196 E0.02022
G1 X49.805 Y56.084 E0.01965
G1 X48.641 Y55.732 E0.02022
G1 X47.54 Y55.147 E0.02073
G1 X46.628 Y54.395 E0.01966
G1 X45.831 Y53.423 E0.0209
G1 X45.304 Y52.44 E0.01855
G1 X43.499 Y52.437 E0.03002
G1 F1589.4 X43.251 Y52.279 E0.00554
G1 X43.201 Y52.735 E0.00864
G1 F1800 X43.201 Y58.299 E0.09253
G1 X56.354 Y58.3 E0.21874
G1 X56.635 Y58.12 E0.00555
G1 X56.8 Y57.734 E0.00698
G1 X56.8 Y54.7 E0.05046
G1 X55 Y54.7 E0.02993
G1 X54.422 Y55.169 E0.01238
G1 X53.355 Y55.732 E0.02006
G1 X52.192 Y56.084 E0.02021
G0 F7200 X51.993 Y56.102
G0 X52.061 Y56.81
G0 X49.742 Y56.328
G0 X48.531 Y55.96
G0 X47.627 Y55.478
G0 X43.48 Y52.719
G0 X43.251 Y52.279
G1 F1431.4 X43.25 Y51.67 E0.01274
G0 F7200 X44.092 Y53.449
G1 F1500 E-6.5
G0 F7200 X45.171 Y52.667
G0 X45.171 Y51.574
G0 X45.171 Y48.425
G0 X45.171 Y47.333
G0 X45.651 Y45.671
G0 X45.765 Y45.765
;TYPE:FILL
G1 F1500 E6.5
G1 F3600 X43.76 Y43.76 E0.04715
G1 X43.69 Y43.69
G0 F7200 X43.91 Y43.69
G0 X43.91 Y44.925
G0 X43.76 Y44.925
G1 F3600 X46.426 Y42.26 E0.06269
G1 X46.496 Y42.19
G0 F7200 X46.496 Y42.41
G0 X47.917 Y42.41
G0 X47.917 Y42.26
G1 F3600 X49.174 Y43.517 E0.02956
G1 X49.244 Y43.587
G0 F7200 X49.176 Y43.363
G0 X51.112 Y43.098
G0 X51.098 Y43.245
G1 F3600 X52.083 Y42.26 E0.02317
G1 X52.153 Y42.19
G0 F7200 X52.153 Y42.41
G0 X53.574 Y42.41
G0 X53.574 Y42.26
G1 F3600 X56.054 Y44.74 E0.05833
G0 F7200 X55.259 Y44.74
G1 F3600 X56.24 Y43.759 E0.02307
G1 X56.31 Y43.689
G0 F7200 X56.09 Y43.689
G0 X51 Y43.146
G0 X49.663 Y43.278
G0 X48.377 Y43.669
G0 X47.193 Y44.301
G0 X46.351 Y44.991
G0 X45.235 Y46.19
G0 X45.505 Y46.335
;TYPE:WALL-INNER
G1 F3600 X46.326 Y45.332 E0.02156
G1 X47.335 Y44.505 E0.0217
G1 X48.471 Y43.898 E0.02142
G1 X49.708 Y43.524 E0.02149
G1 X51 Y43.396 E0.02159
G1 X52.288 Y43.524 E0.02153
G1 X53.525 Y43.898 E0.02149
G1 X54.665 Y44.508 E0.0215
G1 X55.143 Y44.9 E0.01028
G1 X56.4 Y44.9 E0.0209
G1 X56.4 Y42.313 E0.04302
G1 X56.274 Y42.101 E0.0041
G1 X43.6 Y42.1 E0.21077
G1 X43.6 Y47.16 E0.08415
G1 X45.064 Y47.16 E0.02435
G1 X45.505 Y46.335 E0.01556
G0 F7200 X45.831 Y46.573
;TYPE:WALL-OUTER
G1 F1800 X46.629 Y45.601 E0.02091
G1 X47.573 Y44.831 E0.02026
G1 X48.605 Y44.279 E0.01946
G1 X49.804 Y43.916 E0.02083
G1 X51.02 Y43.8 E0.02031
G1 X52.192 Y43.916 E0.01959
G1 X53.391 Y44.279 E0.02083
G1 X54.423 Y44.831 E0.01946
G1 X55 Y45.3 E0.01237
G1 X56.8 Y45.3 E0.02993
G1 X56.8 Y42.262 E0.05052
G1 X56.635 Y41.879 E0.00694
G1 X56.356 Y41.701 E0.0055
G1 X43.2 Y41.7 E0.21879
G1 X43.2 Y47.26 E0.09246
G1 F1600 X43.25 Y47.76 E0.0094
G1 X43.5 Y47.56 E0.00599
G1 F1800 X45.304 Y47.56 E0.03
G1 X45.831 Y46.573 E0.01861
G0 F7200 X45.957 Y46.419
G0 X45.408 Y45.968
G0 X43.48 Y47.28
G0 X43.25 Y47.76
G1 F1440 X43.25 Y48.326 E0.01177
G0 F7200 X44.092 Y46.55
G1 F1500 E-6.5
;MESH:NONMESH
G0 F600 X44.092 Y46.55 Z5.6
G0 F7200 X43.91 Y47.33
G0 X44.153 Y48.413
G0 X44.153 Y51.586
G0 X43.905 Y52.669
G0 X43.91 Y55.074
G0 X43.76 Y55.074
;TIME_ELAPSED:399.968735
;LAYER:53
;TYPE:FILL
;MESH:hold.stl
G1 F1500 E6.5
G1 F3600 X46.425 Y57.739 E0.06268
G1 X46.495 Y57.809
G0 F7200 X46.495 Y57.59
G0 X47.916 Y57.59
G0 X47.916 Y57.74
G1 F3600 X49.175 Y56.481 E0.02961
G1 X49.245 Y56.411
G0 F7200 X49.176 Y56.636
G0 X51.105 Y56.904
G0 X51.091 Y56.748
G1 F3600 X52.083 Y57.74 E0.02333
G1 X52.153 Y57.81
G0 F7200 X52.153 Y57.59
G0 X53.573 Y57.59
G0 X53.573 Y57.74
G1 F3600 X56.053 Y55.26 E0.05833
G0 F7200 X55.26 Y55.26
G1 F3600 X56.24 Y56.24 E0.02305
G1 X56.31 Y56.31
G0 F7200 X56.09 Y56.31
G0 X51 Y56.854
G0 X49.663 Y56.722
G0 X48.377 Y56.331
G0 X47.193 Y55.699
G0 X45.65 Y54.327
G0 X45.765 Y54.234
G1 F3600 X43.761 Y56.238 E0.04713
G1 X43.691 Y56.308
G0 F7200 X43.91 Y56.308
G0 X51 Y56.854
G0 X52.376 Y56.773
G0 X52.287 Y56.477
;TYPE:WALL-INNER
G1 F3600 X51 Y56.599 E0.0215
G1 X49.708 Y56.476 E0.02158
G1 X48.469 Y56.097 E0.02155
G1 X47.334 Y55.494 E0.02137
G1 X46.328 Y54.666 E0.02167
G1 X45.505 Y53.661 E0.0216
G1 X45.033 Y52.78 E0.01662
G1 X43.6 Y52.78 E0.02383
G1 X43.601 Y57.899 E0.08513
G1 X56.272 Y57.9 E0.21072
G1 X56.4 Y57.683 E0.00419
G1 X56.4 Y55.1 E0.04296
G1 X55.143 Y55.1 E0.0209
G1 X54.663 Y55.494 E0.01033
G1 X53.527 Y56.097 E0.02139
G1 X52.287 Y56.477 E0.02157
G0 F7200 X52.192 Y56.084
;TYPE:WALL-OUTER
G1 F1800 X50.981 Y56.196 E0.02022
G1 X49.805 Y56.084 E0.01965
G1 X48.641 Y55.732 E0.02022
G1 X47.54 Y55.147 E0.02073
G1 X46.628 Y54.395 E0.01966
G1 X45.831 Y53.423 E0.0209
G1 X45.274 Y52.38 E0.01966
G1 X43.5 Y52.38 E0.0295
G1 F1589.4 X43.251 Y52.223 E0.00554
G1 X43.2 Y52.68 E0.00866
G1 F1800 X43.201 Y58.299 E0.09344
G1 X56.354 Y58.3 E0.21874
G1 X56.635 Y58.12 E0.00555
G1 X56.8 Y57.734 E0.00698
G1 X56.8 Y54.7 E0.05046
G1 X55 Y54.7 E0.02993
G1 X54.422 Y55.169 E0.01238
G1 X53.355 Y55.732 E0.02006
G1 X52.192 Y56.084 E0.02021
G0 F7200 X51.993 Y56.102
G0 X52.061 Y56.81
G0 X49.742 Y56.328
G0 X48.531 Y55.96
G0 X47.627 Y55.478
G0 X43.48 Y52.662
G0 X43.251 Y52.223
G1 F1431.4 X43.25 Y51.642 E0.01215
G0 F7200 X44.092 Y53.392
G1 F1500 E-6.5
G0 F7200 X45.141 Y52.61
G0 X45.141 Y51.517
G0 X45.141 Y48.482
G0 X45.141 Y47.39
G0 X45.651 Y45.671
G0 X45.765 Y45.765
;TYPE:FILL
G1 F1500 E6.5
G1 F3600 X43.76 Y43.76 E0.04715
G1 X43.69 Y43.69
G0 F7200 X43.91 Y43.69
G0 X43.91 Y44.925
G0 X43.76 Y44.925
G1 F3600 X46.426 Y42.26 E0.06269
G1 X46.496 Y42.19
G0 F7200 X46.496 Y42.41
G0 X47.917 Y42.41
G0 X47.917 Y42.26
G1 F3600 X49.174 Y43.517 E0.02956
G1 X49.244 Y43.587
G0 F7200 X49.176 Y43.363
G0 X51.112 Y43.098
G0 X51.098 Y43.245
G1 F3600 X52.083 Y42.26 E0.02317
G1 X52.153 Y42.19
G0 F7200 X52.153 Y42.41
G0 X53.574 Y42.41
G0 X53.574 Y42.26
G1 F3600 X56.054 Y44.74 E0.05833
G0 F7200 X55.259 Y44.74
G1 F3600 X56.24 Y43.759 E0.02307
G1 X56.31 Y43.689
G0 F7200 X56.09 Y43.689
G0 X51 Y43.146
G0 X49.663 Y43.278
G0 X48.377 Y43.669
G0 X47.193 Y44.301
G0 X46.351 Y44.991
G0 X45.236 Y46.188
G0 X45.506 Y46.333
;TYPE:WALL-INNER
G1 F3600 X46.326 Y45.332 E0.02152
G1 X47.335 Y44.505 E0.0217
G1 X48.471 Y43.898 E0.02142
G1 X49.708 Y43.524 E0.02149
G1 X51 Y43.396 E0.02159
G1 X52.288 Y43.524 E0.02153
G1 X53.525 Y43.898 E0.02149
G1 X54.665 Y44.508 E0.0215
G1 X55.143 Y44.9 E0.01028
G1 X56.4 Y44.9 E0.0209
G1 X56.4 Y42.313 E0.04302
G1 X56.274 Y42.101 E0.0041
G1 X43.6 Y42.1 E0.21077
G1 X43.6 Y47.216 E0.08508
G1 X45.035 Y47.216 E0.02386
G1 X45.506 Y46.333 E0.01664
G0 F7200 X45.853 Y46.541
;TYPE:WALL-OUTER
G1 F1800 X46.629 Y45.601 E0.02027
G1 X47.573 Y44.831 E0.02026
G1 X48.605 Y44.279 E0.01946
G1 X49.804 Y43.916 E0.02083
G1 X51.02 Y43.8 E0.02031
G1 X52.192 Y43.916 E0.01959
G1 X53.391 Y44.279 E0.02083
G1 X54.423 Y44.831 E0.01946
G1 X55 Y45.3 E0.01237
G1 X56.8 Y45.3 E0.02993
G1 X56.8 Y42.262 E0.05052
G1 X56.635 Y41.879 E0.00694
G1 X56.356 Y41.701 E0.0055
G1 X43.2 Y41.7 E0.21879
G1 X43.2 Y47.316 E0.09339
G1 F1600 X43.25 Y47.816 E0.0094
G1 X43.5 Y47.616 E0.00599
G1 F1800 X45.276 Y47.617 E0.02954
G1 X45.853 Y46.541 E0.0203
G0 F7200 X45.98 Y46.387
G0 X45.433 Y45.938
G0 X43.48 Y47.337
G0 X43.25 Y47.816
G1 F1440 X43.25 Y48.354 E0.01118
G0 F7200 X44.092 Y46.607
G1 F1500 E-6.5
;MESH:NONMESH
G0 F600 X44.092 Y46.607 Z5.7
G0 F7200 X43.91 Y47.387
G0 X44.153 Y48.47
G0 X44.153 Y51.529
G0 X43.906 Y52.612
G0 X43.91 Y55.074
G0 X43.76 Y55.074
;TIME_ELAPSED:406.974836
;LAYER:54
;TYPE:FILL
;MESH:hold.stl
G1 F1500 E6.5
G1 F3600 X46.425 Y57.739 E0.06268
G1 X46.495 Y57.809
G0 F7200 X46.495 Y57.59
G0 X47.916 Y57.59
G0 X47.916 Y57.74
G1 F3600 X49.175 Y56.481 E0.02961
G1 X49.245 Y56.411
G0 F7200 X49.176 Y56.636
G0 X51.105 Y56.904
G0 X51.091 Y56.748
G1 F3600 X52.083 Y57.74 E0.02333
G1 X52.153 Y57.81
G0 F7200 X52.153 Y57.59
G0 X53.573 Y57.59
G0 X53.573 Y57.74
G1 F3600 X56.053 Y55.26 E0.05833
G0 F7200 X55.26 Y55.26
G1 F3600 X56.24 Y56.24 E0.02305
G1 X56.31 Y56.31
G0 F7200 X56.09 Y56.31
G0 X51 Y56.854
G0 X49.663 Y56.722
G0 X48.377 Y56.331
G0 X47.193 Y55.699
G0 X45.65 Y54.327
G0 X45.765 Y54.234
G1 F3600 X43.761 Y56.238 E0.04713
G1 X43.691 Y56.308
G0 F7200 X43.91 Y56.308
G0 X51 Y56.854
G0 X52.376 Y56.773
G0 X52.287 Y56.477
;TYPE:WALL-INNER
G1 F3600 X51 Y56.599 E0.0215
G1 X49.708 Y56.476 E0.02158
G1 X48.469 Y56.097 E0.02155
G1 X47.334 Y55.494 E0.02137
G1 X46.328 Y54.666 E0.02167
G1 X45.505 Y53.661 E0.0216
G1 X45.004 Y52.724 E0.01767
G1 X43.6 Y52.724 E0.02335
G1 X43.601 Y57.899 E0.08606
G1 X56.272 Y57.9 E0.21072
G1 X56.4 Y57.683 E0.00419
G1 X56.4 Y55.1 E0.04296
G1 X55.143 Y55.1 E0.0209
G1 X54.663 Y55.494 E0.01033
G1 X53.527 Y56.097 E0.02139
G1 X52.287 Y56.477 E0.02157
G0 F7200 X52.192 Y56.084
;TYPE:WALL-OUTER
G1 F1800 X50.981 Y56.196 E0.02022
G1 X49.805 Y56.084 E0.01965
G1 X48.641 Y55.732 E0.02022
G1 X47.54 Y55.147 E0.02073
G1 X46.628 Y54.395 E0.01966
G1 X45.831 Y53.423 E0.0209
G1 X45.243 Y52.324 E0.02073
G1 X43.5 Y52.324 E0.02899
G1 F1589.4 X43.251 Y52.167 E0.00554
G1 X43.2 Y52.624 E0.00866
G1 F1800 X43.201 Y58.299 E0.09438
G1 X56.354 Y58.3 E0.21874
G1 X56.635 Y58.12 E0.00555
G1 X56.8 Y57.734 E0.00698
G1 X56.8 Y54.7 E0.05046
G1 X55 Y54.7 E0.02993
G1 X54.422 Y55.169 E0.01238
G1 X53.355 Y55.732 E0.02006
G1 X52.192 Y56.084 E0.02021
G0 F7200 X51.993 Y56.102
G0 X52.061 Y56.81
G0 X49.742 Y56.328
G0 X48.531 Y55.96
G0 X47.627 Y55.478
G0 X43.48 Y52.604
G0 X43.251 Y52.167
G1 F1431.4 X43.25 Y51.594 E0.01198
G0 F7200 X44.092 Y53.334
G1 F1500 E-6.5
G0 F7200 X45.109 Y52.552
G0 X45.109 Y51.459
G0 X45.109 Y48.54
G0 X45.109 Y47.448
G0 X45.651 Y45.671
G0 X45.765 Y45.765
;TYPE:FILL
G1 F1500 E6.5
G1 F3600 X43.76 Y43.76 E0.04715
G1 X43.69 Y43.69
G0 F7200 X43.91 Y43.69
G0 X43.91 Y44.925
G0 X43.76 Y44.925
G1 F3600 X46.426 Y42.26 E0.06269
G1 X46.496 Y42.19
G0 F7200 X46.496 Y42.41
G0 X47.917 Y42.41
G0 X47.917 Y42.26
G1 F3600 X49.174 Y43.517 E0.02956
G1 X49.244 Y43.587
G0 F7200 X49.176 Y43.363
G0 X51.112 Y43.098
G0 X51.098 Y43.245
G1 F3600 X52.083 Y42.26 E0.02317
G1 X52.153 Y42.19
G0 F7200 X52.153 Y42.41
G0 X53.574 Y42.41
G0 X53.574 Y42.26
G1 F3600 X56.054 Y44.74 E0.05833
G0 F7200 X55.259 Y44.74
G1 F3600 X56.24 Y43.759 E0.02307
G1 X56.31 Y43.689
G0 F7200 X56.09 Y43.689
G0 X51 Y43.146
G0 X49.663 Y43.278
G0 X48.377 Y43.669
G0 X47.193 Y44.301
G0 X46.351 Y44.991
G0 X45.235 Y46.19
G0 X45.505 Y46.335
;TYPE:WALL-INNER
G1 F3600 X46.326 Y45.332 E0.02156
G1 X47.335 Y44.505 E0.0217
G1 X48.471 Y43.898 E0.02142
G1 X49.708 Y43.524 E0.02149
G1 X51 Y43.396 E0.02159
G1 X52.288 Y43.524 E0.02153
G1 X53.525 Y43.898 E0.02149
G1 X54.665 Y44.508 E0.0215
G1 X55.143 Y44.9 E0.01028
G1 X56.4 Y44.9 E0.0209
G1 X56.4 Y42.313 E0.04302
G1 X56.274 Y42.101 E0.0041
G1 X43.6 Y42.1 E0.21077
G1 X43.6 Y47.272 E0.08601
G1 X45.004 Y47.272 E0.02335
G1 X45.505 Y46.335 E0.01767
G0 F7200 X45.831 Y46.573
;TYPE:WALL-OUTER
G1 F1800 X46.629 Y45.601 E0.02091
G1 X47.573 Y44.831 E0.02026
G1 X48.605 Y44.279 E0.01946
G1 X49.804 Y43.916 E0.02083
G1 X51.02 Y43.8 E0.02031
G1 X52.192 Y43.916 E0.01959
G1 X53.391 Y44.279 E0.02083
G1 X54.423 Y44.831 E0.01946
G1 X55 Y45.3 E0.01237
G1 X56.8 Y45.3 E0.02993
G1 X56.8 Y42.262 E0.05052
G1 X56.635 Y41.879 E0.00694
G1 X56.356 Y41.701 E0.0055
G1 X43.2 Y41.7 E0.21879
G1 X43.2 Y47.372 E0.09433
G1 F1600 X43.25 Y47.872 E0.0094
G1 X43.5 Y47.672 E0.00599
G1 F1800 X45.243 Y47.672 E0.02899
G1 X45.831 Y46.573 E0.02073
G0 F7200 X45.957 Y46.419
G0 X45.408 Y45.968
G0 X43.48 Y47.395
G0 X43.25 Y47.872
G1 F1440 X43.25 Y48.402 E0.01102
G0 F7200 X44.092 Y46.665
G1 F1500 E-6.5
;MESH:NONMESH
G0 F600 X44.092 Y46.665 Z5.8
G0 F7200 X43.91 Y47.445
G0 X44.153 Y48.528
G0 X44.153 Y51.471
G0 X43.906 Y52.554
G0 X43.91 Y55.074
G0 X43.76 Y55.074
;TIME_ELAPSED:413.987962
;LAYER:55
;TYPE:FILL
;MESH:hold.stl
G1 F1500 E6.5
G1 F3600 X46.425 Y57.739 E0.06268
G1 X46.495 Y57.809
G0 F7200 X46.495 Y57.59
G0 X47.916 Y57.59
G0 X47.916 Y57.74
G1 F3600 X49.175 Y56.481 E0.02961
G1 X49.245 Y56.411
G0 F7200 X49.176 Y56.636
G0 X51.105 Y56.904
G0 X51.091 Y56.748
G1 F3600 X52.083 Y57.74 E0.02333
G1 X52.153 Y57.81
G0 F7200 X52.153 Y57.59
G0 X53.573 Y57.59
G0 X53.573 Y57.74
G1 F3600 X56.053 Y55.26 E0.05833
G0 F7200 X55.26 Y55.26
G1 F3600 X56.24 Y56.24 E0.02305
G1 X56.31 Y56.31
G0 F7200 X56.09 Y56.31
G0 X51 Y56.854
G0 X49.663 Y56.722
G0 X48.377 Y56.331
G0 X47.193 Y55.699
G0 X45.65 Y54.327
G0 X45.765 Y54.234
G1 F3600 X43.761 Y56.238 E0.04713
G1 X43.691 Y56.308
G0 F7200 X43.91 Y56.308
G0 X51 Y56.854
G0 X52.376 Y56.773
G0 X52.287 Y56.477
;TYPE:WALL-INNER
G1 F3600 X51 Y56.599 E0.0215
G1 X49.708 Y56.476 E0.02158
G1 X48.469 Y56.097 E0.02155
G1 X47.334 Y55.494 E0.02137
G1 X46.328 Y54.666 E0.02167
G1 X45.505 Y53.661 E0.0216
G1 X44.972 Y52.664 E0.0188
G1 X43.6 Y52.664 E0.02282
G1 X43.601 Y57.899 E0.08706
G1 X56.272 Y57.9 E0.21072
G1 X56.4 Y57.683 E0.00419
G1 X56.4 Y55.1 E0.04296
G1 X55.143 Y55.1 E0.0209
G1 X54.663 Y55.494 E0.01033
G1 X53.527 Y56.097 E0.02139
G1 X52.287 Y56.477 E0.02157
G0 F7200 X52.192 Y56.084
;TYPE:WALL-OUTER
G1 F1800 X50.981 Y56.196 E0.02022
G1 X49.805 Y56.084 E0.01965
G1 X48.641 Y55.732 E0.02022
G1 X47.54 Y55.147 E0.02073
G1 X46.628 Y54.395 E0.01966
G1 X45.831 Y53.423 E0.0209
G1 X45.279 Y52.391 E0.01946
G1 X45.238 Y52.264 E0.00222
G1 X43.5 Y52.264 E0.0289
G1 F1589.4 X43.251 Y52.107 E0.00554
G1 X43.2 Y52.564 E0.00866
G1 F1800 X43.201 Y58.299 E0.09537
G1 X56.354 Y58.3 E0.21874
G1 X56.635 Y58.12 E0.00555
G1 X56.8 Y57.734 E0.00698
G1 X56.8 Y54.7 E0.05046
G1 X55 Y54.7 E0.02993
G1 X54.422 Y55.169 E0.01238
G1 X53.355 Y55.732 E0.02006
G1 X52.192 Y56.084 E0.02021
G0 F7200 X51.993 Y56.102
G0 X52.061 Y56.81
G0 X49.742 Y56.328
G0 X48.531 Y55.96
G0 X47.627 Y55.478
G0 X43.48 Y52.546
G0 X43.251 Y52.107
G1 F1431.4 X43.25 Y51.538 E0.0119
G0 F7200 X44.092 Y53.276
G1 F1500 E-6.5
G0 F7200 X45.079 Y52.494
G0 X45.079 Y51.401
G0 X45.079 Y48.598
G0 X45.079 Y47.506
G0 X45.651 Y45.671
G0 X45.765 Y45.765
;TYPE:FILL
G1 F1500 E6.5
G1 F3600 X43.76 Y43.76 E0.04715
G1 X43.69 Y43.69
G0 F7200 X43.91 Y43.69
G0 X43.91 Y44.925
G0 X43.76 Y44.925
G1 F3600 X46.426 Y42.26 E0.06269
G1 X46.496 Y42.19
G0 F7200 X46.496 Y42.41
G0 X47.917 Y42.41
G0 X47.917 Y42.26
G1 F3600 X49.174 Y43.517 E0.02956
G1 X49.244 Y43.587
G0 F7200 X49.176 Y43.363
G0 X51.112 Y43.098
G0 X51.098 Y43.245
G1 F3600 X52.083 Y42.26 E0.02317
G1 X52.153 Y42.19
G0 F7200 X52.153 Y42.41
G0 X53.574 Y42.41
G0 X53.574 Y42.26
G1 F3600 X56.054 Y44.74 E0.05833
G0 F7200 X55.259 Y44.74
G1 F3600 X56.24 Y43.759 E0.02307
G1 X56.31 Y43.689
G0 F7200 X56.09 Y43.689
G0 X51 Y43.146
G0 X49.663 Y43.278
G0 X48.377 Y43.669
G0 X47.193 Y44.301
G0 X46.351 Y44.991
G0 X45.235 Y46.19
G0 X45.505 Y46.335
;TYPE:WALL-INNER
G1 F3600 X46.326 Y45.332 E0.02156
G1 X47.335 Y44.505 E0.0217
G1 X48.471 Y43.898 E0.02142
G1 X49.708 Y43.524 E0.02149
G1 X51 Y43.396 E0.02159
G1 X52.288 Y43.524 E0.02153
G1 X53.525 Y43.898 E0.02149
G1 X54.665 Y44.508 E0.0215
G1 X55.143 Y44.9 E0.01028
G1 X56.4 Y44.9 E0.0209
G1 X56.4 Y42.313 E0.04302
G1 X56.274 Y42.101 E0.0041
G1 X43.6 Y42.1 E0.21077
G1 X43.6 Y47.332 E0.08701
G1 X44.972 Y47.332 E0.02282
G1 X45.505 Y46.335 E0.0188
G0 F7200 X45.831 Y46.573
;TYPE:WALL-OUTER
G1 F1800 X46.629 Y45.601 E0.02091
G1 X47.573 Y44.831 E0.02026
G1 X48.605 Y44.279 E0.01946
G1 X49.804 Y43.916 E0.02083
G1 X51.02 Y43.8 E0.02031
G1 X52.192 Y43.916 E0.01959
G1 X53.391 Y44.279 E0.02083
G1 X54.423 Y44.831 E0.01946
G1 X55 Y45.3 E0.01237
G1 X56.8 Y45.3 E0.02993
G1 X56.8 Y42.262 E0.05052
G1 X56.635 Y41.879 E0.00694
G1 X56.356 Y41.701 E0.0055
G1 X43.2 Y41.7 E0.21879
G1 X43.2 Y47.432 E0.09532
G1 F1600 X43.25 Y47.932 E0.0094
G1 X43.5 Y47.732 E0.00599
G1 F1800 X45.238 Y47.732 E0.0289
G1 X45.279 Y47.605 E0.00222
G1 X45.831 Y46.573 E0.01946
G0 F7200 X45.957 Y46.419
G0 X45.408 Y45.968
G0 X43.48 Y47.453
G0 X43.25 Y47.932
G1 F1440 X43.25 Y48.458 E0.01093
G0 F7200 X44.092 Y46.723
G1 F1500 E-6.5
;MESH:NONMESH
G0 F600 X44.092 Y46.723 Z5.9
G0 F7200 X43.91 Y47.503
G0 X44.153 Y48.586
G0 X44.153 Y51.413
G0 X43.906 Y52.496
G0 X43.91 Y55.074
G0 X43.76 Y55.074
;TIME_ELAPSED:421.011681
;LAYER:56
;TYPE:FILL
;MESH:hold.stl
G1 F1500 E6.5
G1 F3600 X46.425 Y57.739 E0.06268
G1 X46.495 Y57.809
G0 F7200 X46.495 Y57.59
G0 X47.916 Y57.59
G0 X47.916 Y57.74
G1 F3600 X49.175 Y56.481 E0.02961
G1 X49.245 Y56.411
G0 F7200 X49.176 Y56.636
G0 X51.105 Y56.904
G0 X51.091 Y56.748
G1 F3600 X52.083 Y57.74 E0.02333
G1 X52.153 Y57.81
G0 F7200 X52.153 Y57.59
G0 X53.573 Y57.59
G0 X53.573 Y57.74
G1 F3600 X56.053 Y55.26 E0.05833
G0 F7200 X55.26 Y55.26
G1 F3600 X56.24 Y56.24 E0.02305
G1 X56.31 Y56.31
G0 F7200 X56.09 Y56.31
G0 X51 Y56.854
G0 X49.663 Y56.722
G0 X48.377 Y56.331
G0 X47.193 Y55.699
G0 X45.65 Y54.327
G0 X45.765 Y54.234
G1 F3600 X43.761 Y56.238 E0.04713
G1 X43.691 Y56.308
G0 F7200 X43.91 Y56.308
G0 X51 Y56.854
G0 X52.376 Y56.773
G0 X52.287 Y56.477
;TYPE:WALL-INNER
G1 F3600 X51 Y56.599 E0.0215
G1 X49.708 Y56.476 E0.02158
G1 X48.469 Y56.097 E0.02155
G1 X47.334 Y55.494 E0.02137
G1 X46.328 Y54.666 E0.02167
G1 X45.505 Y53.661 E0.0216
G1 X44.942 Y52.608 E0.01986
G1 X43.6 Y52.608 E0.02232
G1 X43.601 Y57.899 E0.08799
G1 X56.272 Y57.9 E0.21072
G1 X56.4 Y57.683 E0.00419
G1 X56.4 Y55.1 E0.04296
G1 X55.143 Y55.1 E0.0209
G1 X54.663 Y55.494 E0.01033
G1 X53.527 Y56.097 E0.02139
G1 X52.287 Y56.477 E0.02157
G0 F7200 X52.192 Y56.084
;TYPE:WALL-OUTER
G1 F1800 X50.981 Y56.196 E0.02022
G1 X49.805 Y56.084 E0.01965
G1 X48.641 Y55.732 E0.02022
G1 X47.54 Y55.147 E0.02073
G1 X46.628 Y54.395 E0.01966
G1 X45.831 Y53.423 E0.0209
G1 X45.264 Y52.355 E0.02011
G1 X45.22 Y52.208 E0.00255
G1 X43.5 Y52.208 E0.0286
G1 F1589.4 X43.251 Y52.051 E0.00554
G1 X43.2 Y52.508 E0.00866
G1 F1800 X43.201 Y58.299 E0.0963
G1 X56.354 Y58.3 E0.21874
G1 X56.635 Y58.12 E0.00555
G1 X56.8 Y57.734 E0.00698
G1 X56.8 Y54.7 E0.05046
G1 X55 Y54.7 E0.02993
G1 X54.422 Y55.169 E0.01238
G1 X53.355 Y55.732 E0.02006
G1 X52.192 Y56.084 E0.02021
G0 F7200 X51.993 Y56.102
G0 X52.061 Y56.81
G0 X49.742 Y56.328
G0 X48.531 Y55.96
G0 X47.627 Y55.478
G0 X43.48 Y52.488
G0 X43.251 Y52.051
G1 F1431.4 X43.25 Y51.482 E0.0119
G0 F7200 X44.092 Y53.218
G1 F1500 E-6.5
G0 F7200 X45.054 Y52.435
G0 X45.054 Y51.343
G0 X45.058 Y48.656
G0 X45.058 Y47.539
G0 X45.651 Y45.671
G0 X45.765 Y45.765
;TYPE:FILL
G1 F1500 E6.5
G1 F3600 X43.76 Y43.76 E0.04715
G1 X43.69 Y43.69
G0 F7200 X43.91 Y43.69
G0 X43.91 Y44.925
G0 X43.76 Y44.925
G1 F3600 X46.426 Y42.26 E0.06269
G1 X46.496 Y42.19
G0 F7200 X46.496 Y42.41
G0 X47.917 Y42.41
G0 X47.917 Y42.26
G1 F3600 X49.174 Y43.517 E0.02956
G1 X49.244 Y43.587
G0 F7200 X49.176 Y43.363
G0 X51.112 Y43.098
G0 X51.098 Y43.245
G1 F3600 X52.083 Y42.26 E0.02317
G1 X52.153 Y42.19
G0 F7200 X52.153 Y42.41
G0 X53.574 Y42.41
G0 X53.574 Y42.26
G1 F3600 X56.054 Y44.74 E0.05833
G0 F7200 X55.259 Y44.74
G1 F3600 X56.24 Y43.759 E0.02307
G1 X56.31 Y43.689
G0 F7200 X56.09 Y43.689
G0 X51 Y43.146
G0 X49.663 Y43.278
G0 X48.377 Y43.669
G0 X47.193 Y44.301
G0 X46.351 Y44.991
G0 X45.235 Y46.19
G0 X45.505 Y46.335
;TYPE:WALL-INNER
G1 F3600 X46.326 Y45.332 E0.02156
G1 X47.335 Y44.505 E0.0217
G1 X48.471 Y43.898 E0.02142
G1 X49.708 Y43.524 E0.02149
G1 X51 Y43.396 E0.02159
G1 X52.288 Y43.524 E0.02153
G1 X53.525 Y43.898 E0.02149
G1 X54.665 Y44.508 E0.0215
G1 X55.143 Y44.9 E0.01028
G1 X56.4 Y44.9 E0.0209
G1 X56.4 Y42.313 E0.04302
G1 X56.274 Y42.101 E0.0041
G1 X43.6 Y42.1 E0.21077
G1 X43.6 Y47.388 E0.08794
G1 X44.942 Y47.388 E0.02232
G1 X45.505 Y46.335 E0.01986
G0 F7200 X45.831 Y46.573
;TYPE:WALL-OUTER
G1 F1800 X46.629 Y45.601 E0.02091
G1 X47.573 Y44.831 E0.02026
G1 X48.605 Y44.279 E0.01946
G1 X49.804 Y43.916 E0.02083
G1 X51.02 Y43.8 E0.02031
G1 X52.192 Y43.916 E0.01959
G1 X53.391 Y44.279 E0.02083
G1 X54.423 Y44.831 E0.01946
G1 X55 Y45.3 E0.01237
G1 X56.8 Y45.3 E0.02993
G1 X56.8 Y42.262 E0.05052
G1 X56.635 Y41.879 E0.00694
G1 X56.356 Y41.701 E0.0055
G1 X43.2 Y41.7 E0.21879
G1 X43.2 Y47.488 E0.09625
G1 F1600 X43.25 Y47.988 E0.0094
G1 X43.5 Y47.788 E0.00599
G1 F1800 X45.22 Y47.788 E0.0286
G1 X45.279 Y47.605 E0.0032
G1 X45.831 Y46.573 E0.01946
G0 F7200 X45.957 Y46.419
G0 X45.408 Y45.968
G0 X43.48 Y47.511
G0 X43.25 Y47.988
G1 F1440 X43.25 Y48.514 E0.01093
G0 F7200 X44.092 Y46.781
G1 F1500 E-6.5
;MESH:NONMESH
G0 F600 X44.092 Y46.781 Z6
G0 F7200 X43.91 Y47.561
G0 X44.153 Y48.644
G0 X44.153 Y51.355
G0 X43.906 Y52.438
G0 X43.91 Y55.074
G0 X43.761 Y55.074
;TIME_ELAPSED:428.043823
;LAYER:57
;TYPE:FILL
;MESH:hold.stl
G1 F1500 E6.5
G1 F3600 X46.425 Y57.739 E0.06266
G1 X46.495 Y57.809
G0 F7200 X46.495 Y57.59
G0 X47.916 Y57.59
G0 X47.916 Y57.74
G1 F3600 X49.175 Y56.481 E0.02961
G1 X49.245 Y56.411
G0 F7200 X49.176 Y56.636
G0 X51.105 Y56.904
G0 X51.091 Y56.748
G1 F3600 X52.083 Y57.74 E0.02333
G1 X52.153 Y57.81
G0 F7200 X52.153 Y57.59
G0 X53.573 Y57.59
G0 X53.573 Y57.74
G1 F3600 X56.053 Y55.26 E0.05833
G0 F7200 X55.26 Y55.26
G1 F3600 X56.24 Y56.24 E0.02305
G1 X56.31 Y56.31
G0 F7200 X56.09 Y56.31
G0 X51 Y56.854
G0 X49.663 Y56.722
G0 X48.377 Y56.331
G0 X47.193 Y55.699
G0 X45.65 Y54.327
G0 X45.765 Y54.234
G1 F3600 X43.761 Y56.238 E0.04713
G1 X43.691 Y56.308
G0 F7200 X43.91 Y56.308
G0 X51 Y56.854
G0 X52.376 Y56.773
G0 X52.287 Y56.477
;TYPE:WALL-INNER
G1 F3600 X51 Y56.599 E0.0215
G1 X49.708 Y56.476 E0.02158
G1 X48.469 Y56.097 E0.02155
G1 X47.334 Y55.494 E0.02137
G1 X46.328 Y54.666 E0.02167
G1 X45.504 Y53.661 E0.02161
G1 X44.915 Y52.551 E0.0209
G1 X43.601 Y52.549 E0.02185
G1 X43.601 Y57.899 E0.08897
G1 X56.272 Y57.9 E0.21072
G1 X56.4 Y57.683 E0.00419
G1 X56.4 Y55.1 E0.04296
G1 X55.143 Y55.1 E0.0209
G1 X54.663 Y55.494 E0.01033
G1 X53.527 Y56.097 E0.02139
G1 X52.287 Y56.477 E0.02157
G0 F7200 X52.192 Y56.084
;TYPE:WALL-OUTER
G1 F1800 X50.981 Y56.196 E0.02022
G1 X49.805 Y56.084 E0.01965
G1 X48.641 Y55.732 E0.02022
G1 X47.54 Y55.147 E0.02073
G1 X46.628 Y54.395 E0.01966
G1 X45.831 Y53.423 E0.0209
G1 X45.279 Y52.391 E0.01946
G1 X45.203 Y52.152 E0.00417
G1 X43.499 Y52.149 E0.02834
G1 F1589.4 X43.251 Y51.991 E0.00554
G1 X43.201 Y52.447 E0.00864
G1 F1800 X43.201 Y58.299 E0.09732
G1 X56.354 Y58.3 E0.21874
G1 X56.635 Y58.12 E0.00555
G1 X56.8 Y57.734 E0.00698
G1 X56.8 Y54.7 E0.05046
G1 X55 Y54.7 E0.02993
G1 X54.422 Y55.169 E0.01238
G1 X53.355 Y55.732 E0.02006
G1 X52.192 Y56.084 E0.02021
G0 F7200 X51.993 Y56.102
G0 X52.061 Y56.81
G0 X49.742 Y56.328
G0 X48.531 Y55.96
G0 X47.627 Y55.478
G0 X43.48 Y52.431
G0 X43.251 Y51.991
G1 F1431.4 X43.25 Y51.398 E0.0124
G0 F7200 X44.092 Y53.161
G1 F1500 E-6.5
G0 F7200 X45.038 Y52.378
G0 X45.038 Y51.286
G0 X45.038 Y48.713
G0 X45.038 Y47.622
G0 X45.651 Y45.671
G0 X45.765 Y45.765
;TYPE:FILL
G1 F1500 E6.5
G1 F3600 X43.76 Y43.76 E0.04715
G1 X43.69 Y43.69
G0 F7200 X43.91 Y43.69
G0 X43.91 Y44.925
G0 X43.76 Y44.925
G1 F3600 X46.426 Y42.26 E0.06269
G1 X46.496 Y42.19
G0 F7200 X46.496 Y42.41
G0 X47.917 Y42.41
G0 X47.917 Y42.26
G1 F3600 X49.174 Y43.517 E0.02956
G1 X49.244 Y43.587
G0 F7200 X49.176 Y43.363
G0 X51.112 Y43.098
G0 X51.098 Y43.245
G1 F3600 X52.083 Y42.26 E0.02317
G1 X52.153 Y42.19
G0 F7200 X52.153 Y42.41
G0 X53.574 Y42.41
G0 X53.574 Y42.26
G1 F3600 X56.054 Y44.74 E0.05833
G0 F7200 X55.259 Y44.74
G1 F3600 X56.24 Y43.759 E0.02307
G1 X56.31 Y43.689
G0 F7200 X56.09 Y43.689
G0 X51 Y43.146
G0 X49.663 Y43.278
G0 X48.377 Y43.669
G0 X47.193 Y44.301
G0 X46.351 Y44.991
G0 X45.234 Y46.191
G0 X45.504 Y46.336
;TYPE:WALL-INNER
G1 F3600 X46.326 Y45.332 E0.02158
G1 X47.335 Y44.505 E0.0217
G1 X48.471 Y43.898 E0.02142
G1 X49.708 Y43.524 E0.02149
G1 X51 Y43.396 E0.02159
G1 X52.288 Y43.524 E0.02153
G1 X53.525 Y43.898 E0.02149
G1 X54.665 Y44.508 E0.0215
G1 X55.143 Y44.9 E0.01028
G1 X56.4 Y44.9 E0.0209
G1 X56.4 Y42.313 E0.04302
G1 X56.274 Y42.101 E0.0041
G1 X43.6 Y42.1 E0.21077
G1 X43.6 Y47.448 E0.08894
G1 X44.914 Y47.448 E0.02185
G1 X45.504 Y46.336 E0.02093
G0 F7200 X45.831 Y46.573
;TYPE:WALL-OUTER
G1 F1800 X46.629 Y45.601 E0.02091
G1 X47.573 Y44.831 E0.02026
G1 X48.605 Y44.279 E0.01946
G1 X49.804 Y43.916 E0.02083
G1 X51.02 Y43.8 E0.02031
G1 X52.192 Y43.916 E0.01959
G1 X53.391 Y44.279 E0.02083
G1 X54.423 Y44.831 E0.01946
G1 X55 Y45.3 E0.01237
G1 X56.8 Y45.3 E0.02993
G1 X56.8 Y42.262 E0.05052
G1 X56.635 Y41.879 E0.00694
G1 X56.356 Y41.701 E0.0055
G1 X43.2 Y41.7 E0.21879
G1 X43.2 Y47.548 E0.09725
G1 F1600 X43.25 Y48.048 E0.0094
G1 X43.5 Y47.848 E0.00599
G1 F1800 X45.203 Y47.848 E0.02832
G1 X45.279 Y47.605 E0.00423
G1 X45.831 Y46.573 E0.01946
G0 F7200 X45.957 Y46.419
G0 X45.408 Y45.968
G0 X43.48 Y47.568
G0 X43.25 Y48.048
G1 F1440 X43.25 Y48.598 E0.01143
G0 F7200 X44.092 Y46.838
G1 F1500 E-6.5
;MESH:NONMESH
G0 F600 X44.092 Y46.838 Z6.1
G0 F7200 X43.91 Y47.618
G0 X44.153 Y48.701
G0 X44.153 Y51.298
G0 X43.906 Y52.381
G0 X43.91 Y55.074
G0 X43.761 Y55.074
;TIME_ELAPSED:435.087852
;LAYER:58
;TYPE:FILL
;MESH:hold.stl
G1 F1500 E6.5
G1 F3600 X46.425 Y57.739 E0.06266
G1 X46.495 Y57.809
G0 F7200 X46.495 Y57.59
G0 X47.916 Y57.59
G0 X47.916 Y57.74
G1 F3600 X49.175 Y56.481 E0.02961
G1 X49.245 Y56.411
G0 F7200 X49.176 Y56.636
G0 X51.105 Y56.904
G0 X51.091 Y56.748
G1 F3600 X52.083 Y57.74 E0.02333
G1 X52.153 Y57.81
G0 F7200 X52.153 Y57.59
G0 X53.573 Y57.59
G0 X53.573 Y57.74
G1 F3600 X56.053 Y55.26 E0.05833
G0 F7200 X55.26 Y55.26
G1 F3600 X56.24 Y56.24 E0.02305
G1 X56.31 Y56.31
G0 F7200 X56.09 Y56.31
G0 X51 Y56.854
G0 X49.663 Y56.722
G0 X48.377 Y56.331
G0 X47.193 Y55.699
G0 X45.65 Y54.327
G0 X45.765 Y54.234
G1 F3600 X43.761 Y56.238 E0.04713
G1 X43.691 Y56.308
G0 F7200 X43.91 Y56.308
G0 X51 Y56.854
G0 X52.376 Y56.773
G0 X52.287 Y56.477
;TYPE:WALL-INNER
G1 F3600 X51 Y56.599 E0.0215
G1 X49.708 Y56.476 E0.02158
G1 X48.469 Y56.097 E0.02155
G1 X47.334 Y55.494 E0.02137
G1 X46.328 Y54.666 E0.02167
G1 X45.505 Y53.661 E0.0216
G1 X44.881 Y52.493 E0.02202
G1 X43.601 Y52.493 E0.02129
G1 X43.601 Y57.899 E0.0899
G1 X56.272 Y57.9 E0.21072
G1 X56.4 Y57.683 E0.00419
G1 X56.4 Y55.1 E0.04296
G1 X55.143 Y55.1 E0.0209
G1 X54.663 Y55.494 E0.01033
G1 X53.527 Y56.097 E0.02139
G1 X52.287 Y56.477 E0.02157
G0 F7200 X52.192 Y56.084
;TYPE:WALL-OUTER
G1 F1800 X50.981 Y56.196 E0.02022
G1 X49.805 Y56.084 E0.01965
G1 X48.641 Y55.732 E0.02022
G1 X47.54 Y55.147 E0.02073
G1 X46.628 Y54.395 E0.01966
G1 X45.831 Y53.423 E0.0209
G1 X45.279 Y52.391 E0.01946
G1 X45.186 Y52.093 E0.00519
G1 X43.5 Y52.092 E0.02804
G1 F1589.4 X43.251 Y51.935 E0.00554
G1 X43.2 Y52.392 E0.00866
G1 F1800 X43.201 Y58.299 E0.09823
G1 X56.354 Y58.3 E0.21874
G1 X56.635 Y58.12 E0.00555
G1 X56.8 Y57.734 E0.00698
G1 X56.8 Y54.7 E0.05046
G1 X55 Y54.7 E0.02993
G1 X54.422 Y55.169 E0.01238
G1 X53.355 Y55.732 E0.02006
G1 X52.192 Y56.084 E0.02021
G0 F7200 X51.993 Y56.102
G0 X52.061 Y56.81
G0 X49.742 Y56.328
G0 X48.531 Y55.96
G0 X47.627 Y55.478
G0 X43.48 Y52.373
G0 X43.251 Y51.935
G1 F1431.4 X43.25 Y51.318 E0.0129
G0 F7200 X44.092 Y53.103
G1 F1500 E-6.5
G0 F7200 X45.02 Y52.32
G0 X45.02 Y51.228
G0 X45.02 Y48.771
G0 X45.02 Y47.68
G0 X45.651 Y45.671
G0 X45.765 Y45.765
;TYPE:FILL
G1 F1500 E6.5
G1 F3600 X43.76 Y43.76 E0.04715
G1 X43.69 Y43.69
G0 F7200 X43.91 Y43.69
G0 X43.91 Y44.925
G0 X43.761 Y44.925
G1 F3600 X46.426 Y42.26 E0.06268
G1 X46.496 Y42.19
G0 F7200 X46.496 Y42.41
G0 X47.917 Y42.41
G0 X47.917 Y42.26
G1 F3600 X49.174 Y43.517 E0.02956
G1 X49.244 Y43.587
G0 F7200 X49.176 Y43.363
G0 X51.112 Y43.098
G0 X51.098 Y43.245
G1 F3600 X52.083 Y42.26 E0.02317
G1 X52.153 Y42.19
G0 F7200 X52.153 Y42.41
G0 X53.574 Y42.41
G0 X53.574 Y42.26
G1 F3600 X56.054 Y44.74 E0.05833
G0 F7200 X55.259 Y44.74
G1 F3600 X56.24 Y43.759 E0.02307
G1 X56.31 Y43.689
G0 F7200 X56.09 Y43.689
G0 X51 Y43.146
G0 X49.663 Y43.278
G0 X48.377 Y43.669
G0 X47.193 Y44.301
G0 X46.351 Y44.991
G0 X45.235 Y46.19
G0 X45.505 Y46.335
;TYPE:WALL-INNER
G1 F3600 X46.326 Y45.332 E0.02156
G1 X47.335 Y44.505 E0.0217
G1 X48.471 Y43.898 E0.02142
G1 X49.708 Y43.524 E0.02149
G1 X51 Y43.396 E0.02159
G1 X52.288 Y43.524 E0.02153
G1 X53.525 Y43.898 E0.02149
G1 X54.665 Y44.508 E0.0215
G1 X55.143 Y44.9 E0.01028
G1 X56.4 Y44.9 E0.0209
G1 X56.4 Y42.313 E0.04302
G1 X56.274 Y42.101 E0.0041
G1 X43.6 Y42.1 E0.21077
G1 X43.601 Y47.503 E0.08985
G1 X44.881 Y47.503 E0.02129
G1 X45.505 Y46.335 E0.02202
G0 F7200 X45.831 Y46.573
;TYPE:WALL-OUTER
G1 F1800 X46.629 Y45.601 E0.02091
G1 X47.573 Y44.831 E0.02026
G1 X48.605 Y44.279 E0.01946
G1 X49.804 Y43.916 E0.02083
G1 X51.02 Y43.8 E0.02031
G1 X52.192 Y43.916 E0.01959
G1 X53.391 Y44.279 E0.02083
G1 X54.423 Y44.831 E0.01946
G1 X55 Y45.3 E0.01237
G1 X56.8 Y45.3 E0.02993
G1 X56.8 Y42.262 E0.05052
G1 X56.635 Y41.879 E0.00694
G1 X56.356 Y41.701 E0.0055
G1 X43.2 Y41.7 E0.21879
G1 X43.2 Y47.604 E0.09818
G1 F1600 X43.25 Y48.104 E0.0094
G1 X43.5 Y47.904 E0.00599
G1 F1800 X45.186 Y47.903 E0.02804
G1 X45.279 Y47.605 E0.00519
G1 X45.831 Y46.573 E0.01946
G0 F7200 X45.957 Y46.419
G0 X45.408 Y45.968
G0 X43.48 Y47.626
G0 X43.25 Y48.104
G1 F1440 X43.25 Y48.678 E0.01193
G0 F7200 X44.092 Y46.896
G1 F1500 E-6.5
;MESH:NONMESH
G0 F600 X44.092 Y46.896 Z6.2
G0 F7200 X43.91 Y47.676
G0 X44.153 Y48.759
G0 X44.153 Y51.24
G0 X43.906 Y52.323
G0 X43.91 Y55.074
G0 X43.761 Y55.074
;TIME_ELAPSED:442.142605
;LAYER:59
;TYPE:FILL
;MESH:hold.stl
G1 F1500 E6.5
G1 F3600 X46.425 Y57.739 E0.06266
G1 X46.495 Y57.809
G0 F7200 X46.495 Y57.59
G0 X47.916 Y57.59
G0 X47.916 Y57.74
G1 F3600 X49.175 Y56.481 E0.02961
G1 X49.245 Y56.411
G0 F7200 X49.176 Y56.636
G0 X51.105 Y56.904
G0 X51.091 Y56.748
G1 F3600 X52.083 Y57.74 E0.02333
G1 X52.153 Y57.81
G0 F7200 X52.153 Y57.59
G0 X53.573 Y57.59
G0 X53.573 Y57.74
G1 F3600 X56.053 Y55.26 E0.05833
G0 F7200 X55.26 Y55.26
G1 F3600 X56.24 Y56.24 E0.02305
G1 X56.31 Y56.31
G0 F7200 X56.09 Y56.31
G0 X51 Y56.854
G0 X49.663 Y56.722
G0 X48.377 Y56.331
G0 X47.193 Y55.699
G0 X45.65 Y54.327
G0 X45.765 Y54.234
G1 F3600 X43.761 Y56.238 E0.04713
G1 X43.691 Y56.308
G0 F7200 X43.91 Y56.308
G0 X51 Y56.854
G0 X52.376 Y56.773
G0 X52.287 Y56.477
;TYPE:WALL-INNER
G1 F3600 X51 Y56.599 E0.0215
G1 X49.708 Y56.476 E0.02158
G1 X48.469 Y56.097 E0.02155
G1 X47.334 Y55.494 E0.02137
G1 X46.328 Y54.666 E0.02167
G1 X45.505 Y53.661 E0.0216
G1 X44.849 Y52.436 E0.02311
G1 X43.601 Y52.434 E0.02075
G1 X43.601 Y57.899 E0.09088
G1 X56.272 Y57.9 E0.21072
G1 X56.4 Y57.683 E0.00419
G1 X56.4 Y55.1 E0.04296
G1 X55.143 Y55.1 E0.0209
G1 X54.663 Y55.494 E0.01033
G1 X53.527 Y56.097 E0.02139
G1 X52.287 Y56.477 E0.02157
G0 F7200 X52.192 Y56.084
;TYPE:WALL-OUTER
G1 F1800 X50.981 Y56.196 E0.02022
G1 X49.805 Y56.084 E0.01965
G1 X48.641 Y55.732 E0.02022
G1 X47.54 Y55.147 E0.02073
G1 X46.628 Y54.395 E0.01966
G1 X45.831 Y53.423 E0.0209
G1 X45.264 Y52.355 E0.02011
G1 X45.167 Y52.036 E0.00554
G1 X43.499 Y52.033 E0.02774
G1 F1589.4 X43.251 Y51.875 E0.00554
G1 X43.201 Y52.331 E0.00864
G1 F1800 X43.201 Y58.299 E0.09925
G1 X56.354 Y58.3 E0.21874
G1 X56.635 Y58.12 E0.00555
G1 X56.8 Y57.734 E0.00698
G1 X56.8 Y54.7 E0.05046
G1 X55 Y54.7 E0.02993
G1 X54.422 Y55.169 E0.01238
G1 X53.355 Y55.732 E0.02006
G1 X52.192 Y56.084 E0.02021
G0 F7200 X51.993 Y56.102
G0 X52.061 Y56.81
G0 X49.742 Y56.328
G0 X48.531 Y55.96
G0 X47.627 Y55.478
G0 X43.48 Y52.315
G0 X43.251 Y51.875
G1 F1431.4 X43.25 Y51.198 E0.01416
G0 F7200 X44.092 Y53.045
G1 F1500 E-6.5
G0 F7200 X45.002 Y52.262
G0 X45.002 Y51.17
G0 X45.002 Y48.829
G0 X45.002 Y47.738
G0 X45.651 Y45.671
G0 X45.765 Y45.765
;TYPE:FILL
G1 F1500 E6.5
G1 F3600 X43.76 Y43.76 E0.04715
G1 X43.69 Y43.69
G0 F7200 X43.91 Y43.69
G0 X43.91 Y44.925
G0 X43.76 Y44.925
G1 F3600 X46.426 Y42.26 E0.06269
G1 X46.496 Y42.19
G0 F7200 X46.496 Y42.41
G0 X47.917 Y42.41
G0 X47.917 Y42.26
G1 F3600 X49.174 Y43.517 E0.02956
G1 X49.244 Y43.587
G0 F7200 X49.176 Y43.363
G0 X51.112 Y43.098
G0 X51.098 Y43.245
G1 F3600 X52.083 Y42.26 E0.02317
G1 X52.153 Y42.19
G0 F7200 X52.153 Y42.41
G0 X53.574 Y42.41
G0 X53.574 Y42.26
G1 F3600 X56.054 Y44.74 E0.05833
G0 F7200 X55.259 Y44.74
G1 F3600 X56.24 Y43.759 E0.02307
G1 X56.31 Y43.689
G0 F7200 X56.09 Y43.689
G0 X51 Y43.146
G0 X49.663 Y43.278
G0 X48.377 Y43.669
G0 X47.193 Y44.301
G0 X46.351 Y44.991
G0 X45.235 Y46.19
G0 X45.505 Y46.335
;TYPE:WALL-INNER
G1 F3600 X46.326 Y45.332 E0.02156
G1 X47.335 Y44.505 E0.0217
G1 X48.471 Y43.898 E0.02142
G1 X49.708 Y43.524 E0.02149
G1 X51 Y43.396 E0.02159
G1 X52.288 Y43.524 E0.02153
G1 X53.525 Y43.898 E0.02149
G1 X54.665 Y44.508 E0.0215
G1 X55.143 Y44.9 E0.01028
G1 X56.4 Y44.9 E0.0209
G1 X56.4 Y42.313 E0.04302
G1 X56.274 Y42.101 E0.0041
G1 X43.6 Y42.1 E0.21077
G1 X43.6 Y47.564 E0.09087
G1 X44.848 Y47.564 E0.02075
G1 X45.505 Y46.335 E0.02318
G0 F7200 X45.831 Y46.573
;TYPE:WALL-OUTER
G1 F1800 X46.629 Y45.601 E0.02091
G1 X47.573 Y44.831 E0.02026
G1 X48.605 Y44.279 E0.01946
G1 X49.804 Y43.916 E0.02083
G1 X51.02 Y43.8 E0.02031
G1 X52.192 Y43.916 E0.01959
G1 X53.391 Y44.279 E0.02083
G1 X54.423 Y44.831 E0.01946
G1 X55 Y45.3 E0.01237
G1 X56.8 Y45.3 E0.02993
G1 X56.8 Y42.262 E0.05052
G1 X56.635 Y41.879 E0.00694
G1 X56.356 Y41.701 E0.0055
G1 X43.2 Y41.7 E0.21879
G1 X43.2 Y47.664 E0.09918
G1 F1600 X43.25 Y48.164 E0.0094
G1 X43.5 Y47.964 E0.00599
G1 F1800 X45.167 Y47.964 E0.02772
G1 X45.279 Y47.605 E0.00625
G1 X45.831 Y46.573 E0.01946
G0 F7200 X45.957 Y46.419
G0 X45.408 Y45.968
G0 X43.48 Y47.684
G0 X43.25 Y48.164
G1 F1440 X43.25 Y48.798 E0.01318
G0 F7200 X44.092 Y46.954
G1 F1500 E-6.5
;MESH:NONMESH
G0 F600 X44.092 Y46.954 Z6.3
G0 F7200 X43.91 Y47.734
G0 X44.153 Y48.817
G0 X44.153 Y51.182
G0 X43.906 Y52.265
G0 X43.91 Y55.074
G0 X43.76 Y55.074
;TIME_ELAPSED:449.212943
;LAYER:60
;TYPE:FILL
;MESH:hold.stl
G1 F1500 E6.5
G1 F3600 X46.425 Y57.739 E0.06268
G1 X46.495 Y57.809
G0 F7200 X46.495 Y57.59
G0 X47.916 Y57.59
G0 X47.916 Y57.74
G1 F3600 X49.175 Y56.481 E0.02961
G1 X49.245 Y56.411
G0 F7200 X49.176 Y56.636
G0 X51.105 Y56.904
G0 X51.091 Y56.748
G1 F3600 X52.083 Y57.74 E0.02333
G1 X52.153 Y57.81
G0 F7200 X52.153 Y57.59
G0 X53.573 Y57.59
G0 X53.573 Y57.74
G1 F3600 X56.053 Y55.26 E0.05833
G0 F7200 X55.26 Y55.26
G1 F3600 X56.24 Y56.24 E0.02305
G1 X56.31 Y56.31
G0 F7200 X56.09 Y56.31
G0 X51 Y56.854
G0 X49.663 Y56.722
G0 X48.377 Y56.331
G0 X47.193 Y55.699
G0 X45.65 Y54.327
G0 X45.765 Y54.234
G1 F3600 X43.761 Y56.238 E0.04713
G1 X43.691 Y56.308
G0 F7200 X43.91 Y56.308
G0 X51 Y56.854
G0 X52.376 Y56.773
G0 X52.287 Y56.477
;TYPE:WALL-INNER
G1 F3600 X51 Y56.599 E0.0215
G1 X49.708 Y56.476 E0.02158
G1 X48.469 Y56.097 E0.02155
G1 X47.334 Y55.494 E0.02137
G1 X46.328 Y54.666 E0.02167
G1 X45.505 Y53.661 E0.0216
G1 X44.926 Y52.579 E0.02041
G1 X44.853 Y52.376 E0.00359
G1 X43.6 Y52.376 E0.02084
G1 X43.601 Y57.899 E0.09185
G1 X56.272 Y57.9 E0.21072
G1 X56.4 Y57.683 E0.00419
G1 X56.4 Y55.1 E0.04296
G1 X55.143 Y55.1 E0.0209
G1 X54.663 Y55.494 E0.01033
G1 X53.527 Y56.097 E0.02139
G1 X52.287 Y56.477 E0.02157
G0 F7200 X52.192 Y56.084
;TYPE:WALL-OUTER
G1 F1800 X50.981 Y56.196 E0.02022
G1 X49.805 Y56.084 E0.01965
G1 X48.641 Y55.732 E0.02022
G1 X47.54 Y55.147 E0.02073
G1 X46.628 Y54.395 E0.01966
G1 X45.831 Y53.423 E0.0209
G1 X45.279 Y52.391 E0.01946
G1 X45.151 Y51.976 E0.00722
G1 X43.5 Y51.976 E0.02746
G1 F1589.4 X43.251 Y51.819 E0.00554
G1 X43.2 Y52.276 E0.00866
G1 F1800 X43.201 Y58.299 E0.10016
G1 X56.354 Y58.3 E0.21874
G1 X56.635 Y58.12 E0.00555
G1 X56.8 Y57.734 E0.00698
G1 X56.8 Y54.7 E0.05046
G1 X55 Y54.7 E0.02993
G1 X54.422 Y55.169 E0.01238
G1 X53.355 Y55.732 E0.02006
G1 X52.192 Y56.084 E0.02021
G0 F7200 X51.993 Y56.102
G0 X52.061 Y56.81
G0 X49.742 Y56.328
G0 X48.531 Y55.96
G0 X47.527 Y55.424
G0 X43.48 Y52.258
G0 X43.251 Y51.819
G1 F1431.4 X43.25 Y51.076 E0.01554
G0 F7200 X44.21 Y52.87
G1 F1500 E-6.5
G0 F7200 X44.985 Y52.204
G0 X44.985 Y51.113
G0 X44.985 Y48.887
G0 X44.985 Y47.796
G0 X45.651 Y45.671
G0 X45.765 Y45.765
;TYPE:FILL
G1 F1500 E6.5
G1 F3600 X43.76 Y43.76 E0.04715
G1 X43.69 Y43.69
G0 F7200 X43.91 Y43.69
G0 X43.91 Y44.925
G0 X43.761 Y44.925
G1 F3600 X46.426 Y42.26 E0.06268
G1 X46.496 Y42.19
G0 F7200 X46.496 Y42.41
G0 X47.917 Y42.41
G0 X47.917 Y42.26
G1 F3600 X49.174 Y43.517 E0.02956
G1 X49.244 Y43.587
G0 F7200 X49.176 Y43.363
G0 X51.112 Y43.098
G0 X51.098 Y43.245
G1 F3600 X52.083 Y42.26 E0.02317
G1 X52.153 Y42.19
G0 F7200 X52.153 Y42.41
G0 X53.574 Y42.41
G0 X53.574 Y42.26
G1 F3600 X56.054 Y44.74 E0.05833
G0 F7200 X55.259 Y44.74
G1 F3600 X56.24 Y43.759 E0.02307
G1 X56.31 Y43.689
G0 F7200 X56.09 Y43.689
G0 X51 Y43.146
G0 X49.663 Y43.278
G0 X48.377 Y43.669
G0 X47.193 Y44.301
G0 X46.351 Y44.991
G0 X45.235 Y46.19
G0 X45.505 Y46.335
;TYPE:WALL-INNER
G1 F3600 X46.326 Y45.332 E0.02156
G1 X47.335 Y44.505 E0.0217
G1 X48.471 Y43.898 E0.02142
G1 X49.708 Y43.524 E0.02149
G1 X51 Y43.396 E0.02159
G1 X52.288 Y43.524 E0.02153
G1 X53.525 Y43.898 E0.02149
G1 X54.665 Y44.508 E0.0215
G1 X55.143 Y44.9 E0.01028
G1 X56.4 Y44.9 E0.0209
G1 X56.4 Y42.313 E0.04302
G1 X56.274 Y42.101 E0.0041
G1 X43.6 Y42.1 E0.21077
G1 X43.601 Y47.619 E0.09178
G1 X44.853 Y47.62 E0.02082
G1 X44.926 Y47.417 E0.00359
G1 X45.505 Y46.335 E0.02041
G0 F7200 X45.831 Y46.573
;TYPE:WALL-OUTER
G1 F1800 X46.629 Y45.601 E0.02091
G1 X47.573 Y44.831 E0.02026
G1 X48.605 Y44.279 E0.01946
G1 X49.804 Y43.916 E0.02083
G1 X51.02 Y43.8 E0.02031
G1 X52.192 Y43.916 E0.01959
G1 X53.391 Y44.279 E0.02083
G1 X54.423 Y44.831 E0.01946
G1 X55 Y45.3 E0.01237
G1 X56.8 Y45.3 E0.02993
G1 X56.8 Y42.262 E0.05052
G1 X56.635 Y41.879 E0.00694
G1 X56.356 Y41.701 E0.0055
G1 X43.2 Y41.7 E0.21879
G1 X43.2 Y47.72 E0.10011
G1 F1600 X43.25 Y48.22 E0.0094
G1 X43.5 Y48.02 E0.00599
G1 F1800 X45.151 Y48.02 E0.02746
G1 X45.279 Y47.605 E0.00722
G1 X45.831 Y46.573 E0.01946
G0 F7200 X45.957 Y46.419
G0 X45.408 Y45.968
G0 X43.48 Y47.741
G0 X43.25 Y48.22
G1 F1440 X43.25 Y48.922 E0.01459
G0 F7200 X44.21 Y47.129
G1 F1500 E-6.5
;MESH:NONMESH
G0 F600 X44.21 Y47.129 Z6.4
G0 F7200 X44.153 Y48.874
G0 X44.153 Y51.125
G0 X43.916 Y52.208
G0 X43.91 Y55.074
G0 X43.76 Y55.074
;TIME_ELAPSED:456.288901
;LAYER:61
;TYPE:FILL
;MESH:hold.stl
G1 F1500 E6.5
G1 F3600 X46.425 Y57.739 E0.06268
G1 X46.495 Y57.809
G0 F7200 X46.495 Y57.59
G0 X47.916 Y57.59
G0 X47.916 Y57.74
G1 F3600 X49.175 Y56.481 E0.02961
G1 X49.245 Y56.411
G0 F7200 X49.176 Y56.636
G0 X51.105 Y56.904
G0 X51.091 Y56.748
G1 F3600 X52.083 Y57.74 E0.02333
G1 X52.153 Y57.81
G0 F7200 X52.153 Y57.59
G0 X53.573 Y57.59
G0 X53.573 Y57.74
G1 F3600 X56.053 Y55.26 E0.05833
G0 F7200 X55.26 Y55.26
G1 F3600 X56.24 Y56.24 E0.02305
G1 X56.31 Y56.31
G0 F7200 X56.09 Y56.31
G0 X51 Y56.854
G0 X49.663 Y56.722
G0 X48.377 Y56.331
G0 X47.193 Y55.699
G0 X45.65 Y54.327
G0 X45.765 Y54.234
G1 F3600 X43.761 Y56.238 E0.04713
G1 X43.691 Y56.308
G0 F7200 X43.91 Y56.308
G0 X51 Y56.854
G0 X52.376 Y56.773
G0 X52.287 Y56.477
;TYPE:WALL-INNER
G1 F3600 X51 Y56.599 E0.0215
G1 X49.708 Y56.476 E0.02158
G1 X48.469 Y56.097 E0.02155
G1 X47.334 Y55.494 E0.02137
G1 X46.328 Y54.666 E0.02167
G1 X45.505 Y53.661 E0.0216
G1 X44.927 Y52.579 E0.0204
G1 X44.836 Y52.32 E0.00457
G1 X43.6 Y52.32 E0.02055
G1 X43.601 Y57.899 E0.09278
G1 X56.272 Y57.9 E0.21072
G1 X56.4 Y57.683 E0.00419
G1 X56.4 Y55.1 E0.04296
G1 X55.143 Y55.1 E0.0209
G1 X54.663 Y55.494 E0.01033
G1 X53.527 Y56.097 E0.02139
G1 X52.287 Y56.477 E0.02157
G0 F7200 X52.192 Y56.084
;TYPE:WALL-OUTER
G1 F1800 X50.981 Y56.196 E0.02022
G1 X49.805 Y56.084 E0.01965
G1 X48.641 Y55.732 E0.02022
G1 X47.54 Y55.147 E0.02073
G1 X46.628 Y54.395 E0.01966
G1 X45.831 Y53.423 E0.0209
G1 X45.264 Y52.355 E0.02011
G1 X45.132 Y51.92 E0.00756
G1 X43.5 Y51.92 E0.02714
G1 F1589.4 X43.251 Y51.763 E0.00554
G1 X43.2 Y52.22 E0.00866
G1 F1800 X43.201 Y58.299 E0.10109
G1 X56.354 Y58.3 E0.21874
G1 X56.635 Y58.12 E0.00555
G1 X56.8 Y57.734 E0.00698
G1 X56.8 Y54.7 E0.05046
G1 X55 Y54.7 E0.02993
G1 X54.422 Y55.169 E0.01238
G1 X53.355 Y55.732 E0.02006
G1 X52.192 Y56.084 E0.02021
G0 F7200 X51.993 Y56.102
G0 X52.061 Y56.81
G0 X49.742 Y56.328
G0 X48.531 Y55.96
G0 X47.527 Y55.424
G0 X43.48 Y52.2
G0 X43.251 Y51.763
G1 F1431.4 X43.25 Y50.89 E0.01826
G0 F7200 X44.21 Y52.813
G1 F1500 E-6.5
G0 F7200 X44.967 Y52.147
G0 X44.967 Y51.055
G0 X44.967 Y48.944
G0 X44.967 Y47.853
G0 X45.651 Y45.671
G0 X45.765 Y45.765
;TYPE:FILL
G1 F1500 E6.5
G1 F3600 X43.76 Y43.76 E0.04715
G1 X43.69 Y43.69
G0 F7200 X43.91 Y43.69
G0 X43.91 Y44.925
G0 X43.76 Y44.925
G1 F3600 X46.426 Y42.26 E0.06269
G1 X46.496 Y42.19
G0 F7200 X46.496 Y42.41
G0 X47.917 Y42.41
G0 X47.917 Y42.26
G1 F3600 X49.174 Y43.517 E0.02956
G1 X49.244 Y43.587
G0 F7200 X49.176 Y43.363
G0 X51.112 Y43.098
G0 X51.098 Y43.245
G1 F3600 X52.083 Y42.26 E0.02317
G1 X52.153 Y42.19
G0 F7200 X52.153 Y42.41
G0 X53.574 Y42.41
G0 X53.574 Y42.26
G1 F3600 X56.054 Y44.74 E0.05833
G0 F7200 X55.259 Y44.74
G1 F3600 X56.24 Y43.759 E0.02307
G1 X56.31 Y43.689
G0 F7200 X56.09 Y43.689
G0 X51 Y43.146
G0 X49.663 Y43.278
G0 X48.377 Y43.669
G0 X47.193 Y44.301
G0 X46.351 Y44.991
G0 X45.235 Y46.19
G0 X45.505 Y46.335
;TYPE:WALL-INNER
G1 F3600 X46.326 Y45.332 E0.02156
G1 X47.335 Y44.505 E0.0217
G1 X48.471 Y43.898 E0.02142
G1 X49.708 Y43.524 E0.02149
G1 X51 Y43.396 E0.02159
G1 X52.288 Y43.524 E0.02153
G1 X53.525 Y43.898 E0.02149
G1 X54.665 Y44.508 E0.0215
G1 X55.143 Y44.9 E0.01028
G1 X56.4 Y44.9 E0.0209
G1 X56.4 Y42.313 E0.04302
G1 X56.274 Y42.101 E0.0041
G1 X43.6 Y42.1 E0.21077
G1 X43.6 Y47.676 E0.09273
G1 X44.836 Y47.676 E0.02055
G1 X44.927 Y47.417 E0.00457
G1 X45.505 Y46.335 E0.0204
G0 F7200 X45.831 Y46.573
;TYPE:WALL-OUTER
G1 F1800 X46.629 Y45.601 E0.02091
G1 X47.573 Y44.831 E0.02026
G1 X48.605 Y44.279 E0.01946
G1 X49.804 Y43.916 E0.02083
G1 X51.02 Y43.8 E0.02031
G1 X52.192 Y43.916 E0.01959
G1 X53.391 Y44.279 E0.02083
G1 X54.423 Y44.831 E0.01946
G1 X55 Y45.3 E0.01237
G1 X56.8 Y45.3 E0.02993
G1 X56.8 Y42.262 E0.05052
G1 X56.635 Y41.879 E0.00694
G1 X56.356 Y41.701 E0.0055
G1 X43.2 Y41.7 E0.21879
G1 X43.2 Y47.776 E0.10104
G1 F1600 X43.25 Y48.276 E0.0094
G1 X43.5 Y48.076 E0.00599
G1 F1800 X45.132 Y48.076 E0.02714
G1 X45.279 Y47.605 E0.00821
G1 X45.831 Y46.573 E0.01946
G0 F7200 X45.957 Y46.419
G0 X45.408 Y45.968
G0 X43.48 Y47.799
G0 X43.25 Y48.276
G1 F1440 X43.25 Y49.108 E0.0173
G0 F7200 X44.092 Y47.069
G1 F1500 E-6.5
;MESH:NONMESH
G0 F600 X44.092 Y47.069 Z6.5
G0 F7200 X43.91 Y47.849
G0 X44.153 Y48.932
G0 X44.153 Y51.067
G0 X43.906 Y52.15
G0 X43.91 Y55.074
G0 X43.76 Y55.074
;TIME_ELAPSED:463.396245
;LAYER:62
;TYPE:FILL
;MESH:hold.stl
G1 F1500 E6.5
G1 F3600 X46.425 Y57.739 E0.06268
G1 X46.495 Y57.809
G0 F7200 X46.495 Y57.59
G0 X47.916 Y57.59
G0 X47.916 Y57.74
G1 F3600 X49.175 Y56.481 E0.02961
G1 X49.245 Y56.411
G0 F7200 X49.176 Y56.636
G0 X51.105 Y56.904
G0 X51.091 Y56.748
G1 F3600 X52.083 Y57.74 E0.02333
G1 X52.153 Y57.81
G0 F7200 X52.153 Y57.59
G0 X53.573 Y57.59
G0 X53.573 Y57.74
G1 F3600 X56.053 Y55.26 E0.05833
G0 F7200 X55.26 Y55.26
G1 F3600 X56.24 Y56.24 E0.02305
G1 X56.31 Y56.31
G0 F7200 X56.09 Y56.31
G0 X51 Y56.854
G0 X49.663 Y56.722
G0 X48.377 Y56.331
G0 X47.193 Y55.699
G0 X45.65 Y54.327
G0 X45.765 Y54.234
G1 F3600 X43.761 Y56.238 E0.04713
G1 X43.691 Y56.308
G0 F7200 X43.91 Y56.308
G0 X51 Y56.854
G0 X52.376 Y56.773
G0 X52.287 Y56.477
;TYPE:WALL-INNER
G1 F3600 X51 Y56.599 E0.0215
G1 X49.708 Y56.476 E0.02158
G1 X48.469 Y56.097 E0.02155
G1 X47.334 Y55.494 E0.02137
G1 X46.328 Y54.666 E0.02167
G1 X45.505 Y53.661 E0.0216
G1 X44.926 Y52.58 E0.02039
G1 X44.818 Y52.261 E0.0056
G1 X43.6 Y52.26 E0.02026
G1 X43.601 Y57.899 E0.09378
G1 X56.272 Y57.9 E0.21072
G1 X56.4 Y57.683 E0.00419
G1 X56.4 Y55.1 E0.04296
G1 X55.143 Y55.1 E0.0209
G1 X54.663 Y55.494 E0.01033
G1 X53.527 Y56.097 E0.02139
G1 X52.287 Y56.477 E0.02157
G0 F7200 X52.192 Y56.084
;TYPE:WALL-OUTER
G1 F1800 X50.981 Y56.196 E0.02022
G1 X49.805 Y56.084 E0.01965
G1 X48.641 Y55.732 E0.02022
G1 X47.54 Y55.147 E0.02073
G1 X46.628 Y54.395 E0.01966
G1 X45.831 Y53.423 E0.0209
G1 X45.279 Y52.391 E0.01946
G1 X45.115 Y51.861 E0.00923
G1 X43.5 Y51.86 E0.02686
G1 F1589.4 X43.251 Y51.703 E0.00554
G1 X43.2 Y52.16 E0.00866
G1 F1800 X43.201 Y58.299 E0.10209
G1 X56.354 Y58.3 E0.21874
G1 X56.635 Y58.12 E0.00555
G1 X56.8 Y57.734 E0.00698
G1 X56.8 Y54.7 E0.05046
G1 X55 Y54.7 E0.02993
G1 X54.422 Y55.169 E0.01238
G1 X53.355 Y55.732 E0.02006
G1 X52.192 Y56.084 E0.02021
G0 F7200 X51.993 Y56.102
G0 X52.061 Y56.81
G0 X49.742 Y56.328
G0 X48.531 Y55.96
G0 X47.527 Y55.424
G0 X43.48 Y52.142
G0 X43.251 Y51.703
G1 F1431.4 X43.25 Y50.61 E0.02286
G0 F7200 X44.21 Y52.755
G1 F1500 E-6.5
G0 F7200 X44.95 Y52.089
G0 X44.95 Y50.997
G0 X44.95 Y49.002
G0 X44.95 Y47.911
G0 X45.651 Y45.671
G0 X45.765 Y45.765
;TYPE:FILL
G1 F1500 E6.5
G1 F3600 X43.76 Y43.76 E0.04715
G1 X43.69 Y43.69
G0 F7200 X43.91 Y43.69
G0 X43.91 Y44.925
G0 X43.76 Y44.925
G1 F3600 X46.426 Y42.26 E0.06269
G1 X46.496 Y42.19
G0 F7200 X46.496 Y42.41
G0 X47.917 Y42.41
G0 X47.917 Y42.26
G1 F3600 X49.174 Y43.517 E0.02956
G1 X49.244 Y43.587
G0 F7200 X49.176 Y43.363
G0 X51.112 Y43.098
G0 X51.098 Y43.245
G1 F3600 X52.083 Y42.26 E0.02317
G1 X52.153 Y42.19
G0 F7200 X52.153 Y42.41
G0 X53.574 Y42.41
G0 X53.574 Y42.26
G1 F3600 X56.054 Y44.74 E0.05833
G0 F7200 X55.259 Y44.74
G1 F3600 X56.24 Y43.759 E0.02307
G1 X56.31 Y43.689
G0 F7200 X56.09 Y43.689
G0 X51 Y43.146
G0 X49.663 Y43.278
G0 X48.377 Y43.669
G0 X47.193 Y44.301
G0 X46.351 Y44.991
G0 X45.235 Y46.19
G0 X45.505 Y46.335
;TYPE:WALL-INNER
G1 F3600 X46.326 Y45.332 E0.02156
G1 X47.335 Y44.505 E0.0217
G1 X48.471 Y43.898 E0.02142
G1 X49.708 Y43.524 E0.02149
G1 X51 Y43.396 E0.02159
G1 X52.288 Y43.524 E0.02153
G1 X53.525 Y43.898 E0.02149
G1 X54.665 Y44.508 E0.0215
G1 X55.143 Y44.9 E0.01028
G1 X56.4 Y44.9 E0.0209
G1 X56.4 Y42.313 E0.04302
G1 X56.274 Y42.101 E0.0041
G1 X43.6 Y42.1 E0.21077
G1 X43.6 Y47.736 E0.09373
G1 X44.818 Y47.735 E0.02026
G1 X44.926 Y47.416 E0.0056
G1 X45.505 Y46.335 E0.02039
G0 F7200 X45.831 Y46.573
;TYPE:WALL-OUTER
G1 F1800 X46.629 Y45.601 E0.02091
G1 X47.573 Y44.831 E0.02026
G1 X48.605 Y44.279 E0.01946
G1 X49.804 Y43.916 E0.02083
G1 X51.02 Y43.8 E0.02031
G1 X52.192 Y43.916 E0.01959
G1 X53.391 Y44.279 E0.02083
G1 X54.423 Y44.831 E0.01946
G1 X55 Y45.3 E0.01237
G1 X56.8 Y45.3 E0.02993
G1 X56.8 Y42.262 E0.05052
G1 X56.635 Y41.879 E0.00694
G1 X56.356 Y41.701 E0.0055
G1 X43.2 Y41.7 E0.21879
G1 X43.2 Y47.836 E0.10204
G1 F1600 X43.25 Y48.336 E0.0094
G1 X43.5 Y48.136 E0.00599
G1 F1800 X45.115 Y48.135 E0.02686
G1 X45.279 Y47.605 E0.00923
G1 X45.831 Y46.573 E0.01946
G0 F7200 X45.957 Y46.419
G0 X45.408 Y45.968
G0 X43.48 Y47.857
G0 X43.25 Y48.336
G1 F1440 X43.25 Y49.386 E0.02183
G0 F7200 X44.092 Y47.127
;MESH:NONMESH
G0 F600 X44.092 Y47.127 Z6.6
G0 F7200 X43.91 Y43.76
G0 X43.76 Y43.76
;TIME_ELAPSED:470.222787
;LAYER:63
;TYPE:FILL
;MESH:hold.stl
G1 F3600 X45.765 Y45.765 E0.04715
G1 X45.835 Y45.835
G0 F7200 X45.645 Y45.678
G0 X43.91 Y44.925
G0 X43.76 Y44.925
G1 F3600 X46.426 Y42.26 E0.06269
G1 X46.496 Y42.19
G0 F7200 X46.496 Y42.41
G0 X47.917 Y42.41
G0 X47.917 Y42.26
G1 F3600 X49.174 Y43.517 E0.02956
G1 X49.244 Y43.587
G0 F7200 X49.176 Y43.363
G0 X51.112 Y43.098
G0 X51.098 Y43.245
G1 F3600 X52.083 Y42.26 E0.02317
G1 X52.153 Y42.19
G0 F7200 X52.153 Y42.41
G0 X53.574 Y42.41
G0 X53.574 Y42.26
G1 F3600 X56.054 Y44.74 E0.05833
G0 F7200 X55.259 Y44.74
G1 F3600 X56.24 Y43.759 E0.02307
G1 X56.31 Y43.689
G1 F1500 E-6.5
G0 F7200 X56.09 Y43.689
G0 X56.053 Y45.07
G0 X56.053 Y46.165
G0 X56.053 Y53.835
G0 X56.053 Y54.93
G0 X56.053 Y55.26
G1 F1500 E6.5
G1 F3600 X53.573 Y57.74 E0.05833
G1 X53.503 Y57.81
G0 F7200 X53.503 Y57.59
G0 X52.083 Y57.59
G0 X52.083 Y57.74
G1 F3600 X51.091 Y56.748 E0.02333
G1 X51.021 Y56.678
G0 F7200 X51.043 Y56.91
G0 X49.131 Y56.623
G0 X49.175 Y56.481
G1 F3600 X47.916 Y57.74 E0.02961
G1 X47.846 Y57.81
G0 F7200 X47.846 Y57.59
G0 X46.425 Y57.59
G0 X46.425 Y57.739
G1 F3600 X43.76 Y55.074 E0.06268
G1 X43.69 Y55.004
G0 F7200 X43.91 Y55.004
G0 X43.91 Y56.238
G0 X43.761 Y56.238
G1 F3600 X45.765 Y54.234 E0.04713
G1 X45.835 Y54.164
G0 F7200 X45.643 Y54.32
G0 X47.193 Y55.699
G0 X48.377 Y56.331
G0 X49.663 Y56.722
G0 X51 Y56.854
G0 X52.337 Y56.722
G0 X53.494 Y56.37
G0 X55.26 Y55.41
G0 X55.26 Y55.26
G1 F3600 X56.24 Y56.24 E0.02305
G1 X56.31 Y56.31
G0 F7200 X56.09 Y56.31
G0 X52.376 Y56.773
G0 X52.287 Y56.477
;TYPE:WALL-INNER
G1 F3600 X51 Y56.599 E0.0215
G1 X49.708 Y56.476 E0.02158
G1 X48.469 Y56.097 E0.02155
G1 X47.334 Y55.494 E0.02137
G1 X46.328 Y54.666 E0.02167
G1 X45.505 Y53.661 E0.0216
G1 X44.926 Y52.58 E0.02039
G1 X44.801 Y52.204 E0.00659
G1 X43.6 Y52.205 E0.01997
G1 X43.601 Y57.899 E0.09469
G1 X56.272 Y57.9 E0.21072
G1 X56.4 Y57.683 E0.00419
G1 X56.4 Y55.1 E0.04296
G1 X55.143 Y55.1 E0.0209
G1 X54.663 Y55.494 E0.01033
G1 X53.527 Y56.097 E0.02139
G1 X52.287 Y56.477 E0.02157
G1 F1500 E-6.5
G0 F7200 X52.376 Y56.773
G0 X51 Y56.432
G0 X51 Y55.332
G0 X46.073 Y47.959
G0 X45.058 Y47.539
G0 X45.235 Y46.189
G0 X45.505 Y46.335
G1 F1500 E6.5
G1 F3600 X46.326 Y45.332 E0.02156
G1 X47.335 Y44.505 E0.0217
G1 X48.471 Y43.898 E0.02142
G1 X49.708 Y43.524 E0.02149
G1 X51 Y43.396 E0.02159
G1 X52.288 Y43.524 E0.02153
G1 X53.525 Y43.898 E0.02149
G1 X54.665 Y44.508 E0.0215
G1 X55.143 Y44.9 E0.01028
G1 X56.4 Y44.9 E0.0209
G1 X56.4 Y42.313 E0.04302
G1 X56.274 Y42.101 E0.0041
G1 X43.6 Y42.1 E0.21077
G1 X43.6 Y47.792 E0.09466
G1 X44.801 Y47.792 E0.01997
G1 X44.925 Y47.418 E0.00655
G1 X45.505 Y46.335 E0.02043
G0 F7200 X45.831 Y46.573
;TYPE:WALL-OUTER
G1 F1800 X46.629 Y45.601 E0.02091
G1 X47.573 Y44.831 E0.02026
G1 X48.605 Y44.279 E0.01946
G1 X49.804 Y43.916 E0.02083
G1 X51.02 Y43.8 E0.02031
G1 X52.192 Y43.916 E0.01959
G1 X53.391 Y44.279 E0.02083
G1 X54.423 Y44.831 E0.01946
G1 X55 Y45.3 E0.01237
G1 X56.8 Y45.3 E0.02993
G1 X56.8 Y42.262 E0.05052
G1 X56.635 Y41.879 E0.00694
G1 X56.356 Y41.701 E0.0055
G1 X43.2 Y41.7 E0.21879
G1 X43.2 Y47.892 E0.10297
G1 F1600 X43.25 Y48.392 E0.0094
G1 X43.5 Y48.192 E0.00599
G1 F1800 X45.099 Y48.192 E0.02659
G1 X45.279 Y47.606 E0.01019
G1 X45.831 Y46.573 E0.01948
G0 F7200 X45.957 Y46.419
G0 X45.408 Y45.968
G0 X43.48 Y47.915
G0 X43.25 Y48.392
G1 F1431.4 X43.251 Y51.647 E0.06807
G0 F7200 X43.48 Y52.084
G0 X47.416 Y55.365
G0 X48.531 Y55.96
G0 X49.512 Y56.258
G0 X52.26 Y56.79
G0 X52.192 Y56.084
G1 F1800 X50.981 Y56.196 E0.02022
G1 X49.805 Y56.084 E0.01965
G1 X48.641 Y55.732 E0.02022
G1 X47.54 Y55.147 E0.02073
G1 X46.628 Y54.395 E0.01966
G1 X45.831 Y53.423 E0.0209
G1 X45.279 Y52.391 E0.01946
G1 X45.099 Y51.804 E0.01021
G1 X43.5 Y51.804 E0.02659
G1 F1589.4 X43.251 Y51.647 E0.00554
G1 X43.2 Y52.104 E0.00866
G1 F1800 X43.201 Y58.299 E0.10302
G1 X56.354 Y58.3 E0.21874
G1 X56.635 Y58.12 E0.00555
G1 X56.8 Y57.734 E0.00698
G1 X56.8 Y54.7 E0.05046
G1 X55 Y54.7 E0.02993
G1 X54.422 Y55.169 E0.01238
G1 X53.355 Y55.732 E0.02006
G1 X52.192 Y56.084 E0.02021
G0 F7200 X51.993 Y56.102
G0 X52.091 Y57.109
G1 F1500 E-6.5
;MESH:NONMESH
G0 F600 X52.091 Y57.109 Z6.7
G0 F7200 X51 Y56.432
G0 X51 Y55.332
G0 X46.073 Y47.959
G0 X45.058 Y47.539
G0 X43.91 Y43.76
G0 X43.76 Y43.76
;TIME_ELAPSED:477.806352
;LAYER:64
;TYPE:FILL
;MESH:hold.stl
G1 F1500 E6.5
G1 F3600 X45.765 Y45.765 E0.04715
G1 X45.835 Y45.835
G0 F7200 X45.645 Y45.678
G0 X43.91 Y44.925
G0 X43.76 Y44.925
G1 F3600 X46.426 Y42.26 E0.06269
G1 X46.496 Y42.19
G0 F7200 X46.496 Y42.41
G0 X47.917 Y42.41
G0 X47.917 Y42.26
G1 F3600 X49.174 Y43.517 E0.02956
G1 X49.244 Y43.587
G0 F7200 X49.176 Y43.363
G0 X51.112 Y43.098
G0 X51.098 Y43.245
G1 F3600 X52.083 Y42.26 E0.02317
G1 X52.153 Y42.19
G0 F7200 X52.153 Y42.41
G0 X53.574 Y42.41
G0 X53.574 Y42.26
G1 F3600 X56.054 Y44.74 E0.05833
G0 F7200 X55.259 Y44.74
G1 F3600 X56.24 Y43.759 E0.02307
G1 X56.31 Y43.689
G1 F1500 E-6.5
G0 F7200 X56.09 Y43.689
G0 X56.053 Y45.07
G0 X56.053 Y46.165
G0 X56.053 Y53.835
G0 X56.053 Y54.93
G0 X56.053 Y55.26
G1 F1500 E6.5
G1 F3600 X53.573 Y57.74 E0.05833
G1 X53.503 Y57.81
G0 F7200 X53.503 Y57.59
G0 X52.083 Y57.59
G0 X52.083 Y57.74
G1 F3600 X51.091 Y56.748 E0.02333
G1 X51.021 Y56.678
G0 F7200 X51.043 Y56.91
G0 X49.131 Y56.623
G0 X49.175 Y56.481
G1 F3600 X47.916 Y57.74 E0.02961
G1 X47.846 Y57.81
G0 F7200 X47.846 Y57.59
G0 X46.425 Y57.59
G0 X46.425 Y57.739
G1 F3600 X43.761 Y55.074 E0.06266
G1 X43.691 Y55.004
G0 F7200 X43.91 Y55.004
G0 X43.91 Y56.238
G0 X43.761 Y56.238
G1 F3600 X45.765 Y54.234 E0.04713
G1 X45.835 Y54.164
G0 F7200 X45.643 Y54.32
G0 X47.193 Y55.699
G0 X48.377 Y56.331
G0 X49.663 Y56.722
G0 X51 Y56.854
G0 X52.337 Y56.722
G0 X53.494 Y56.37
G0 X55.26 Y55.41
G0 X55.26 Y55.26
G1 F3600 X56.24 Y56.24 E0.02305
G1 X56.31 Y56.31
G0 F7200 X56.09 Y56.31
G0 X52.376 Y56.773
G0 X52.287 Y56.477
;TYPE:WALL-INNER
G1 F3600 X51 Y56.599 E0.0215
G1 X49.708 Y56.476 E0.02158
G1 X48.469 Y56.097 E0.02155
G1 X47.334 Y55.494 E0.02137
G1 X46.328 Y54.666 E0.02167
G1 X45.505 Y53.661 E0.0216
G1 X44.91 Y52.547 E0.021
G1 X44.783 Y52.148 E0.00696
G1 X43.601 Y52.146 E0.01966
G1 X43.601 Y57.899 E0.09567
G1 X56.272 Y57.9 E0.21072
G1 X56.4 Y57.683 E0.00419
G1 X56.4 Y55.1 E0.04296
G1 X55.143 Y55.1 E0.0209
G1 X54.663 Y55.494 E0.01033
G1 X53.527 Y56.097 E0.02139
G1 X52.287 Y56.477 E0.02157
G1 F1500 E-6.5
G0 F7200 X52.376 Y56.773
G0 X51 Y56.432
G0 X51 Y55.332
G0 X46.073 Y47.96
G0 X45.058 Y47.539
G0 X45.235 Y46.189
G0 X45.505 Y46.335
G1 F1500 E6.5
G1 F3600 X46.326 Y45.332 E0.02156
G1 X47.335 Y44.505 E0.0217
G1 X48.471 Y43.898 E0.02142
G1 X49.708 Y43.524 E0.02149
G1 X51 Y43.396 E0.02159
G1 X52.288 Y43.524 E0.02153
G1 X53.525 Y43.898 E0.02149
G1 X54.665 Y44.508 E0.0215
G1 X55.143 Y44.9 E0.01028
G1 X56.4 Y44.9 E0.0209
G1 X56.4 Y42.313 E0.04302
G1 X56.274 Y42.101 E0.0041
G1 X43.6 Y42.1 E0.21077
G1 X43.6 Y47.852 E0.09566
G1 X44.782 Y47.852 E0.01966
G1 X44.926 Y47.416 E0.00764
G1 X45.505 Y46.335 E0.02039
G0 F7200 X45.831 Y46.573
;TYPE:WALL-OUTER
G1 F1800 X46.629 Y45.601 E0.02091
G1 X47.573 Y44.831 E0.02026
G1 X48.605 Y44.279 E0.01946
G1 X49.804 Y43.916 E0.02083
G1 X51.02 Y43.8 E0.02031
G1 X52.192 Y43.916 E0.01959
G1 X53.391 Y44.279 E0.02083
G1 X54.423 Y44.831 E0.01946
G1 X55 Y45.3 E0.01237
G1 X56.8 Y45.3 E0.02993
G1 X56.8 Y42.262 E0.05052
G1 X56.635 Y41.879 E0.00694
G1 X56.356 Y41.701 E0.0055
G1 X43.2 Y41.7 E0.21879
G1 X43.2 Y47.952 E0.10397
G1 F1600 X43.25 Y48.452 E0.0094
G1 X43.5 Y48.252 E0.00599
G1 F1800 X45.079 Y48.252 E0.02626
G1 X45.279 Y47.605 E0.01126
G1 X45.831 Y46.573 E0.01946
G0 F7200 X45.957 Y46.419
G0 X45.408 Y45.968
G0 X43.48 Y47.972
G0 X43.25 Y48.452
G1 F1431.4 X43.251 Y51.587 E0.06556
G0 F7200 X43.48 Y52.027
G0 X47.416 Y55.365
G0 X48.531 Y55.96
G0 X49.512 Y56.258
G0 X52.26 Y56.79
G0 X52.192 Y56.084
G1 F1800 X50.981 Y56.196 E0.02022
G1 X49.805 Y56.084 E0.01965
G1 X48.641 Y55.732 E0.02022
G1 X47.54 Y55.147 E0.02073
G1 X46.628 Y54.395 E0.01966
G1 X45.831 Y53.423 E0.0209
G1 X45.264 Y52.355 E0.02011
G1 X45.079 Y51.748 E0.01055
G1 X43.499 Y51.745 E0.02628
G1 F1589.4 X43.251 Y51.587 E0.00554
G1 X43.201 Y52.043 E0.00864
G1 F1800 X43.201 Y58.299 E0.10404
G1 X56.354 Y58.3 E0.21874
G1 X56.635 Y58.12 E0.00555
G1 X56.8 Y57.734 E0.00698
G1 X56.8 Y54.7 E0.05046
G1 X55 Y54.7 E0.02993
G1 X54.422 Y55.169 E0.01238
G1 X53.355 Y55.732 E0.02006
G1 X52.192 Y56.084 E0.02021
G0 F7200 X51.993 Y56.102
G0 X52.091 Y57.109
G1 F1500 E-6.5
;MESH:NONMESH
G0 F600 X52.091 Y57.109 Z6.8
G0 F7200 X51 Y56.432
G0 X51 Y55.332
G0 X46.073 Y47.96
G0 X45.058 Y47.539
G0 X43.91 Y43.76
G0 X43.76 Y43.76
;TIME_ELAPSED:485.658596
;LAYER:65
;TYPE:FILL
;MESH:hold.stl
G1 F1500 E6.5
G1 F3600 X45.765 Y45.765 E0.04715
G1 X45.835 Y45.835
G0 F7200 X45.645 Y45.678
G0 X43.91 Y44.925
G0 X43.76 Y44.925
G1 F3600 X46.426 Y42.26 E0.06269
G1 X46.496 Y42.19
G0 F7200 X46.496 Y42.41
G0 X47.917 Y42.41
G0 X47.917 Y42.26
G1 F3600 X49.174 Y43.517 E0.02956
G1 X49.244 Y43.587
G0 F7200 X49.176 Y43.363
G0 X51.112 Y43.098
G0 X51.098 Y43.245
G1 F3600 X52.083 Y42.26 E0.02317
G1 X52.153 Y42.19
G0 F7200 X52.153 Y42.41
G0 X53.574 Y42.41
G0 X53.574 Y42.26
G1 F3600 X56.054 Y44.74 E0.05833
G0 F7200 X55.259 Y44.74
G1 F3600 X56.24 Y43.759 E0.02307
G1 X56.31 Y43.689
G1 F1500 E-6.5
G0 F7200 X56.09 Y43.689
G0 X56.053 Y45.07
G0 X56.053 Y46.165
G0 X56.053 Y53.835
G0 X56.053 Y54.93
G0 X56.053 Y55.26
G1 F1500 E6.5
G1 F3600 X53.573 Y57.74 E0.05833
G1 X53.503 Y57.81
G0 F7200 X53.503 Y57.59
G0 X52.083 Y57.59
G0 X52.083 Y57.74
G1 F3600 X51.091 Y56.748 E0.02333
G1 X51.021 Y56.678
G0 F7200 X51.043 Y56.91
G0 X49.131 Y56.623
G0 X49.175 Y56.481
G1 F3600 X47.916 Y57.74 E0.02961
G1 X47.846 Y57.81
G0 F7200 X47.846 Y57.59
G0 X46.425 Y57.59
G0 X46.425 Y57.739
G1 F3600 X43.76 Y55.074 E0.06268
G1 X43.69 Y55.004
G0 F7200 X43.91 Y55.004
G0 X43.91 Y56.238
G0 X43.761 Y56.238
G1 F3600 X45.765 Y54.234 E0.04713
G1 X45.835 Y54.164
G0 F7200 X45.643 Y54.32
G0 X47.193 Y55.699
G0 X48.377 Y56.331
G0 X49.663 Y56.722
G0 X51 Y56.854
G0 X52.337 Y56.722
G0 X53.494 Y56.37
G0 X55.26 Y55.41
G0 X55.26 Y55.26
G1 F3600 X56.24 Y56.24 E0.02305
G1 X56.31 Y56.31
G0 F7200 X56.09 Y56.31
G0 X52.376 Y56.773
G0 X52.287 Y56.477
;TYPE:WALL-INNER
G1 F3600 X51 Y56.599 E0.0215
G1 X49.708 Y56.476 E0.02158
G1 X48.469 Y56.097 E0.02155
G1 X47.334 Y55.494 E0.02137
G1 X46.328 Y54.666 E0.02167
G1 X45.505 Y53.661 E0.0216
G1 X44.926 Y52.58 E0.02039
G1 X44.766 Y52.088 E0.0086
G1 X43.6 Y52.088 E0.01939
G1 X43.601 Y57.899 E0.09664
G1 X56.272 Y57.9 E0.21072
G1 X56.4 Y57.683 E0.00419
G1 X56.4 Y55.1 E0.04296
G1 X55.143 Y55.1 E0.0209
G1 X54.663 Y55.494 E0.01033
G1 X53.527 Y56.097 E0.02139
G1 X52.287 Y56.477 E0.02157
G1 F1500 E-6.5
G0 F7200 X52.376 Y56.773
G0 X51 Y56.432
G0 X51 Y55.332
G0 X46.073 Y47.959
G0 X45.058 Y47.539
G0 X45.234 Y46.19
G0 X45.504 Y46.336
G1 F1500 E6.5
G1 F3600 X46.326 Y45.332 E0.02158
G1 X47.335 Y44.505 E0.0217
G1 X48.471 Y43.898 E0.02142
G1 X49.708 Y43.524 E0.02149
G1 X51 Y43.396 E0.02159
G1 X52.288 Y43.524 E0.02153
G1 X53.525 Y43.898 E0.02149
G1 X54.665 Y44.508 E0.0215
G1 X55.143 Y44.9 E0.01028
G1 X56.4 Y44.9 E0.0209
G1 X56.4 Y42.313 E0.04302
G1 X56.274 Y42.101 E0.0041
G1 X43.6 Y42.1 E0.21077
G1 X43.6 Y47.908 E0.09659
G1 X44.766 Y47.908 E0.01939
G1 X44.897 Y47.481 E0.00743
G1 X45.504 Y46.336 E0.02155
G0 F7200 X45.831 Y46.573
;TYPE:WALL-OUTER
G1 F1800 X46.629 Y45.601 E0.02091
G1 X47.573 Y44.831 E0.02026
G1 X48.605 Y44.279 E0.01946
G1 X49.804 Y43.916 E0.02083
G1 X51.02 Y43.8 E0.02031
G1 X52.192 Y43.916 E0.01959
G1 X53.391 Y44.279 E0.02083
G1 X54.423 Y44.831 E0.01946
G1 X55 Y45.3 E0.01237
G1 X56.8 Y45.3 E0.02993
G1 X56.8 Y42.262 E0.05052
G1 X56.635 Y41.879 E0.00694
G1 X56.356 Y41.701 E0.0055
G1 X43.2 Y41.7 E0.21879
G1 X43.2 Y48.008 E0.1049
G1 F1600 X43.25 Y48.508 E0.0094
G1 X43.5 Y48.308 E0.00599
G1 F1800 X45.063 Y48.308 E0.02599
G1 X45.269 Y47.627 E0.01183
G1 X45.831 Y46.573 E0.01986
G0 F7200 X45.957 Y46.419
G0 X45.408 Y45.968
G0 X43.48 Y48.03
G0 X43.25 Y48.508
G1 F1431.4 X43.251 Y51.531 E0.06322
G0 F7200 X43.48 Y51.969
G0 X47.416 Y55.365
G0 X48.531 Y55.96
G0 X49.512 Y56.258
G0 X52.26 Y56.79
G0 X52.192 Y56.084
G1 F1800 X50.981 Y56.196 E0.02022
G1 X49.805 Y56.084 E0.01965
G1 X48.641 Y55.732 E0.02022
G1 X47.54 Y55.147 E0.02073
G1 X46.628 Y54.395 E0.01966
G1 X45.831 Y53.423 E0.0209
G1 X45.269 Y52.369 E0.01986
G1 X45.063 Y51.688 E0.01183
G1 X43.5 Y51.688 E0.02599
G1 F1589.4 X43.251 Y51.531 E0.00554
G1 X43.2 Y51.988 E0.00866
G1 F1800 X43.201 Y58.299 E0.10495
G1 X56.354 Y58.3 E0.21874
G1 X56.635 Y58.12 E0.00555
G1 X56.8 Y57.734 E0.00698
G1 X56.8 Y54.7 E0.05046
G1 X55 Y54.7 E0.02993
G1 X54.422 Y55.169 E0.01238
G1 X53.355 Y55.732 E0.02006
G1 X52.192 Y56.084 E0.02021
G0 F7200 X51.993 Y56.102
G0 X52.091 Y57.109
G1 F1500 E-6.5
;MESH:NONMESH
G0 F600 X52.091 Y57.109 Z6.9
G0 F7200 X51 Y56.432
G0 X51 Y55.332
G0 X46.073 Y47.959
G0 X45.058 Y47.539
G0 X43.91 Y43.76
G0 X43.76 Y43.76
;TIME_ELAPSED:493.516917
;LAYER:66
;TYPE:FILL
;MESH:hold.stl
G1 F1500 E6.5
G1 F3600 X45.765 Y45.765 E0.04715
G1 X45.835 Y45.835
G0 F7200 X45.645 Y45.678
G0 X43.91 Y44.925
G0 X43.76 Y44.925
G1 F3600 X46.426 Y42.26 E0.06269
G1 X46.496 Y42.19
G0 F7200 X46.496 Y42.41
G0 X47.917 Y42.41
G0 X47.917 Y42.26
G1 F3600 X49.174 Y43.517 E0.02956
G1 X49.244 Y43.587
G0 F7200 X49.176 Y43.363
G0 X51.112 Y43.098
G0 X51.098 Y43.245
G1 F3600 X52.083 Y42.26 E0.02317
G1 X52.153 Y42.19
G0 F7200 X52.153 Y42.41
G0 X53.574 Y42.41
G0 X53.574 Y42.26
G1 F3600 X56.054 Y44.74 E0.05833
G0 F7200 X55.259 Y44.74
G1 F3600 X56.24 Y43.759 E0.02307
G1 X56.31 Y43.689
G1 F1500 E-6.5
G0 F7200 X56.09 Y43.689
G0 X56.053 Y45.07
G0 X56.053 Y46.165
G0 X56.053 Y53.835
G0 X56.053 Y54.93
G0 X56.053 Y55.26
G1 F1500 E6.5
G1 F3600 X53.573 Y57.74 E0.05833
G1 X53.503 Y57.81
G0 F7200 X53.503 Y57.59
G0 X52.083 Y57.59
G0 X52.083 Y57.74
G1 F3600 X51.091 Y56.748 E0.02333
G1 X51.021 Y56.678
G0 F7200 X51.043 Y56.91
G0 X49.131 Y56.623
G0 X49.175 Y56.481
G1 F3600 X47.916 Y57.74 E0.02961
G1 X47.846 Y57.81
G0 F7200 X47.846 Y57.59
G0 X46.425 Y57.59
G0 X46.425 Y57.739
G1 F3600 X43.761 Y55.074 E0.06266
G1 X43.691 Y55.004
G0 F7200 X43.91 Y55.004
G0 X43.91 Y56.238
G0 X43.761 Y56.238
G1 F3600 X45.765 Y54.234 E0.04713
G1 X45.835 Y54.164
G0 F7200 X45.643 Y54.32
G0 X47.193 Y55.699
G0 X48.377 Y56.331
G0 X49.663 Y56.722
G0 X51 Y56.854
G0 X52.337 Y56.722
G0 X53.494 Y56.37
G0 X55.26 Y55.41
G0 X55.26 Y55.26
G1 F3600 X56.24 Y56.24 E0.02305
G1 X56.31 Y56.31
G0 F7200 X56.09 Y56.31
G0 X52.376 Y56.773
G0 X52.287 Y56.477
;TYPE:WALL-INNER
G1 F3600 X51 Y56.599 E0.0215
G1 X49.708 Y56.476 E0.02158
G1 X48.469 Y56.097 E0.02155
G1 X47.334 Y55.494 E0.02137
G1 X46.328 Y54.666 E0.02167
G1 X45.505 Y53.661 E0.0216
G1 X44.926 Y52.58 E0.02039
G1 X44.749 Y52.032 E0.00958
G1 X43.601 Y52.029 E0.01909
G1 X43.601 Y57.899 E0.09762
G1 X56.272 Y57.9 E0.21072
G1 X56.4 Y57.683 E0.00419
G1 X56.4 Y55.1 E0.04296
G1 X55.143 Y55.1 E0.0209
G1 X54.663 Y55.494 E0.01033
G1 X53.527 Y56.097 E0.02139
G1 X52.287 Y56.477 E0.02157
G1 F1500 E-6.5
G0 F7200 X52.376 Y56.773
G0 X51 Y56.432
G0 X51 Y55.332
G0 X46.073 Y47.96
G0 X45.058 Y47.539
G0 X45.235 Y46.189
G0 X45.505 Y46.335
G1 F1500 E6.5
G1 F3600 X46.326 Y45.332 E0.02156
G1 X47.335 Y44.505 E0.0217
G1 X48.471 Y43.898 E0.02142
G1 X49.708 Y43.524 E0.02149
G1 X51 Y43.396 E0.02159
G1 X52.288 Y43.524 E0.02153
G1 X53.525 Y43.898 E0.02149
G1 X54.665 Y44.508 E0.0215
G1 X55.143 Y44.9 E0.01028
G1 X56.4 Y44.9 E0.0209
G1 X56.4 Y42.313 E0.04302
G1 X56.274 Y42.101 E0.0041
G1 X43.6 Y42.1 E0.21077
G1 X43.6 Y47.968 E0.09759
G1 X44.749 Y47.968 E0.01911
G1 X44.899 Y47.467 E0.0087
G1 X45.505 Y46.335 E0.02135
G0 F7200 X45.235 Y46.189
G0 X44.59 Y47.431
G0 X45.265 Y47.637
;TYPE:WALL-OUTER
G1 F1800 X45.831 Y46.573 E0.02004
G1 X46.629 Y45.601 E0.02091
G1 X47.573 Y44.831 E0.02026
G1 X48.605 Y44.279 E0.01946
G1 X49.804 Y43.916 E0.02083
G1 X51.02 Y43.8 E0.02031
G1 X52.192 Y43.916 E0.01959
G1 X53.391 Y44.279 E0.02083
G1 X54.423 Y44.831 E0.01946
G1 X55 Y45.3 E0.01237
G1 X56.8 Y45.3 E0.02993
G1 X56.8 Y42.262 E0.05052
G1 X56.635 Y41.879 E0.00694
G1 X56.356 Y41.701 E0.0055
G1 X43.2 Y41.7 E0.21879
G1 X43.2 Y48.068 E0.1059
G1 F1600 X43.25 Y48.568 E0.0094
G1 X43.5 Y48.368 E0.00599
G1 F1800 X45.047 Y48.368 E0.02573
G1 X45.265 Y47.637 E0.01269
G0 F7200 X45.358 Y47.461
G0 X44.734 Y47.127
G0 X43.48 Y48.088
G0 X43.25 Y48.568
G1 F1431.4 X43.251 Y51.471 E0.06071
G0 F7200 X43.48 Y51.911
G0 X46.438 Y54.562
G0 X47.416 Y55.365
G0 X48.531 Y55.96
G0 X49.512 Y56.258
G0 X52.26 Y56.79
G0 X52.192 Y56.084
G1 F1800 X50.981 Y56.196 E0.02022
G1 X49.805 Y56.084 E0.01965
G1 X48.641 Y55.732 E0.02022
G1 X47.54 Y55.147 E0.02073
G1 X46.628 Y54.395 E0.01966
G1 X45.831 Y53.423 E0.0209
G1 X45.279 Y52.391 E0.01946
G1 X45.047 Y51.632 E0.0132
G1 X43.499 Y51.629 E0.02574
G1 F1589.4 X43.251 Y51.471 E0.00554
G1 X43.201 Y51.927 E0.00864
G1 F1800 X43.201 Y58.299 E0.10597
G1 X56.354 Y58.3 E0.21874
G1 X56.635 Y58.12 E0.00555
G1 X56.8 Y57.734 E0.00698
G1 X56.8 Y54.7 E0.05046
G1 X55 Y54.7 E0.02993
G1 X54.422 Y55.169 E0.01238
G1 X53.355 Y55.732 E0.02006
G1 X52.192 Y56.084 E0.02021
G0 F7200 X51.993 Y56.102
G0 X52.091 Y57.109
G1 F1500 E-6.5
;MESH:NONMESH
G0 F600 X52.091 Y57.109 Z7
G0 F7200 X51 Y56.432
G0 X51 Y55.332
G0 X46.073 Y47.96
G0 X45.058 Y47.539
G0 X43.91 Y43.76
G0 X43.76 Y43.76
;TIME_ELAPSED:501.418049
;LAYER:67
;TYPE:FILL
;MESH:hold.stl
G1 F1500 E6.5
G1 F3600 X45.765 Y45.765 E0.04715
G1 X45.835 Y45.835
G0 F7200 X45.645 Y45.678
G0 X43.91 Y44.925
G0 X43.76 Y44.925
G1 F3600 X46.426 Y42.26 E0.06269
G1 X46.496 Y42.19
G0 F7200 X46.496 Y42.41
G0 X47.917 Y42.41
G0 X47.917 Y42.26
G1 F3600 X49.174 Y43.517 E0.02956
G1 X49.244 Y43.587
G0 F7200 X49.176 Y43.363
G0 X51.112 Y43.098
G0 X51.098 Y43.245
G1 F3600 X52.083 Y42.26 E0.02317
G1 X52.153 Y42.19
G0 F7200 X52.153 Y42.41
G0 X53.574 Y42.41
G0 X53.574 Y42.26
G1 F3600 X56.054 Y44.74 E0.05833
G0 F7200 X55.259 Y44.74
G1 F3600 X56.24 Y43.759 E0.02307
G1 X56.31 Y43.689
G1 F1500 E-6.5
G0 F7200 X56.09 Y43.689
G0 X56.053 Y45.07
G0 X56.053 Y46.165
G0 X56.053 Y53.835
G0 X56.053 Y54.93
G0 X56.053 Y55.26
G1 F1500 E6.5
G1 F3600 X53.573 Y57.74 E0.05833
G1 X53.503 Y57.81
G0 F7200 X53.503 Y57.59
G0 X52.083 Y57.59
G0 X52.083 Y57.74
G1 F3600 X51.091 Y56.748 E0.02333
G1 X51.021 Y56.678
G0 F7200 X51.043 Y56.91
G0 X49.131 Y56.623
G0 X49.175 Y56.481
G1 F3600 X47.916 Y57.74 E0.02961
G1 X47.846 Y57.81
G0 F7200 X47.846 Y57.59
G0 X46.425 Y57.59
G0 X46.425 Y57.739
G1 F3600 X43.76 Y55.074 E0.06268
G1 X43.69 Y55.004
G0 F7200 X43.91 Y55.004
G0 X43.91 Y56.238
G0 X43.761 Y56.238
G1 F3600 X45.765 Y54.234 E0.04713
G1 X45.835 Y54.164
G0 F7200 X45.643 Y54.32
G0 X47.193 Y55.699
G0 X48.377 Y56.331
G0 X49.663 Y56.722
G0 X51 Y56.854
G0 X52.337 Y56.722
G0 X53.494 Y56.37
G0 X55.26 Y55.41
G0 X55.26 Y55.26
G1 F3600 X56.24 Y56.24 E0.02305
G1 X56.31 Y56.31
G0 F7200 X56.09 Y56.31
G0 X52.376 Y56.773
G0 X52.287 Y56.477
;TYPE:WALL-INNER
G1 F3600 X51 Y56.599 E0.0215
G1 X49.708 Y56.476 E0.02158
G1 X48.469 Y56.097 E0.02155
G1 X47.334 Y55.494 E0.02137
G1 X46.328 Y54.666 E0.02167
G1 X45.505 Y53.661 E0.0216
G1 X44.898 Y52.528 E0.02138
G1 X44.731 Y51.972 E0.00965
G1 X43.6 Y51.972 E0.01881
G1 X43.601 Y57.899 E0.09857
G1 X56.272 Y57.9 E0.21072
G1 X56.4 Y57.683 E0.00419
G1 X56.4 Y55.1 E0.04296
G1 X55.143 Y55.1 E0.0209
G1 X54.663 Y55.494 E0.01033
G1 X53.527 Y56.097 E0.02139
G1 X52.287 Y56.477 E0.02157
G1 F1500 E-6.5
G0 F7200 X52.376 Y56.773
G0 X51 Y56.432
G0 X51 Y55.332
G0 X46.073 Y47.959
G0 X45.058 Y47.539
G0 X45.235 Y46.189
G0 X45.505 Y46.335
G1 F1500 E6.5
G1 F3600 X46.326 Y45.332 E0.02156
G1 X47.335 Y44.505 E0.0217
G1 X48.471 Y43.898 E0.02142
G1 X49.708 Y43.524 E0.02149
G1 X51 Y43.396 E0.02159
G1 X52.288 Y43.524 E0.02153
G1 X53.525 Y43.898 E0.02149
G1 X54.665 Y44.508 E0.0215
G1 X55.143 Y44.9 E0.01028
G1 X56.4 Y44.9 E0.0209
G1 X56.4 Y42.313 E0.04302
G1 X56.274 Y42.101 E0.0041
G1 X43.6 Y42.1 E0.21077
G1 X43.6 Y48.024 E0.09852
G1 X44.73 Y48.024 E0.01879
G1 X44.898 Y47.468 E0.00966
G1 X45.505 Y46.335 E0.02138
G0 F7200 X45.235 Y46.189
G0 X44.656 Y47.272
G0 X45.279 Y47.605
;TYPE:WALL-OUTER
G1 F1800 X45.831 Y46.573 E0.01946
G1 X46.629 Y45.601 E0.02091
G1 X47.573 Y44.831 E0.02026
G1 X48.605 Y44.279 E0.01946
G1 X49.804 Y43.916 E0.02083
G1 X51.02 Y43.8 E0.02031
G1 X52.192 Y43.916 E0.01959
G1 X53.391 Y44.279 E0.02083
G1 X54.423 Y44.831 E0.01946
G1 X55 Y45.3 E0.01237
G1 X56.8 Y45.3 E0.02993
G1 X56.8 Y42.262 E0.05052
G1 X56.635 Y41.879 E0.00694
G1 X56.356 Y41.701 E0.0055
G1 X43.2 Y41.7 E0.21879
G1 X43.2 Y48.124 E0.10683
G1 F1600 X43.25 Y48.624 E0.0094
G1 X43.5 Y48.424 E0.00599
G1 F1800 X45.027 Y48.424 E0.02539
G1 X45.279 Y47.605 E0.01425
G0 F7200 X45.373 Y47.429
G0 X44.751 Y47.096
G0 X43.48 Y48.146
G0 X43.25 Y48.624
G1 F1431.4 X43.251 Y51.415 E0.05837
G0 F7200 X43.48 Y51.853
G0 X46.438 Y54.562
G0 X47.416 Y55.365
G0 X48.531 Y55.96
G0 X49.512 Y56.258
G0 X52.26 Y56.79
G0 X52.192 Y56.084
G1 F1800 X50.981 Y56.196 E0.02022
G1 X49.805 Y56.084 E0.01965
G1 X48.641 Y55.732 E0.02022
G1 X47.54 Y55.147 E0.02073
G1 X46.628 Y54.395 E0.01966
G1 X45.831 Y53.423 E0.0209
G1 X45.264 Y52.355 E0.02011
G1 X45.027 Y51.572 E0.0136
G1 X43.5 Y51.572 E0.02539
G1 F1589.4 X43.251 Y51.415 E0.00554
G1 X43.2 Y51.872 E0.00866
G1 F1800 X43.201 Y58.299 E0.10688
G1 X56.354 Y58.3 E0.21874
G1 X56.635 Y58.12 E0.00555
G1 X56.8 Y57.734 E0.00698
G1 X56.8 Y54.7 E0.05046
G1 X55 Y54.7 E0.02993
G1 X54.422 Y55.169 E0.01238
G1 X53.355 Y55.732 E0.02006
G1 X52.192 Y56.084 E0.02021
G0 F7200 X51.993 Y56.102
G0 X52.091 Y57.109
G1 F1500 E-6.5
;MESH:NONMESH
G0 F600 X52.091 Y57.109 Z7.1
G0 F7200 X51 Y56.432
G0 X51 Y55.332
G0 X46.073 Y47.959
G0 X45.058 Y47.539
G0 X43.91 Y43.76
G0 X43.76 Y43.76
;TIME_ELAPSED:509.322024
;LAYER:68
;TYPE:FILL
;MESH:hold.stl
G1 F1500 E6.5
G1 F3600 X45.765 Y45.765 E0.04715
G1 X45.835 Y45.835
G0 F7200 X45.645 Y45.678
G0 X43.91 Y44.925
G0 X43.761 Y44.925
G1 F3600 X46.426 Y42.26 E0.06268
G1 X46.496 Y42.19
G0 F7200 X46.496 Y42.41
G0 X47.917 Y42.41
G0 X47.917 Y42.26
G1 F3600 X49.174 Y43.517 E0.02956
G1 X49.244 Y43.587
G0 F7200 X49.176 Y43.363
G0 X51.112 Y43.098
G0 X51.098 Y43.245
G1 F3600 X52.083 Y42.26 E0.02317
G1 X52.153 Y42.19
G0 F7200 X52.153 Y42.41
G0 X53.574 Y42.41
G0 X53.574 Y42.26
G1 F3600 X56.054 Y44.74 E0.05833
G0 F7200 X55.259 Y44.74
G1 F3600 X56.24 Y43.759 E0.02307
G1 X56.31 Y43.689
G1 F1500 E-6.5
G0 F7200 X56.09 Y43.689
G0 X56.053 Y45.07
G0 X56.053 Y46.165
G0 X56.053 Y53.835
G0 X56.053 Y54.93
G0 X56.053 Y55.26
G1 F1500 E6.5
G1 F3600 X53.573 Y57.74 E0.05833
G1 X53.503 Y57.81
G0 F7200 X53.503 Y57.59
G0 X52.083 Y57.59
G0 X52.083 Y57.74
G1 F3600 X51.091 Y56.748 E0.02333
G1 X51.021 Y56.678
G0 F7200 X51.043 Y56.91
G0 X49.131 Y56.623
G0 X49.175 Y56.481
G1 F3600 X47.916 Y57.74 E0.02961
G1 X47.846 Y57.81
G0 F7200 X47.846 Y57.59
G0 X46.425 Y57.59
G0 X46.425 Y57.739
G1 F3600 X43.76 Y55.074 E0.06268
G1 X43.69 Y55.004
G0 F7200 X43.91 Y55.004
G0 X43.91 Y56.238
G0 X43.761 Y56.238
G1 F3600 X45.765 Y54.234 E0.04713
G1 X45.835 Y54.164
G0 F7200 X45.643 Y54.32
G0 X47.193 Y55.699
G0 X48.377 Y56.331
G0 X49.663 Y56.722
G0 X51 Y56.854
G0 X52.337 Y56.722
G0 X53.494 Y56.37
G0 X55.26 Y55.41
G0 X55.26 Y55.26
G1 F3600 X56.24 Y56.24 E0.02305
G1 X56.31 Y56.31
G0 F7200 X56.09 Y56.31
G0 X52.376 Y56.773
G0 X52.287 Y56.477
;TYPE:WALL-INNER
G1 F3600 X51 Y56.599 E0.0215
G1 X49.708 Y56.476 E0.02158
G1 X48.469 Y56.097 E0.02155
G1 X47.334 Y55.494 E0.02137
G1 X46.328 Y54.666 E0.02167
G1 X45.505 Y53.661 E0.0216
G1 X44.899 Y52.529 E0.02135
G1 X44.714 Y51.916 E0.01065
G1 X43.6 Y51.916 E0.01853
G1 X43.601 Y57.899 E0.0995
G1 X56.272 Y57.9 E0.21072
G1 X56.4 Y57.683 E0.00419
G1 X56.4 Y55.1 E0.04296
G1 X55.143 Y55.1 E0.0209
G1 X54.663 Y55.494 E0.01033
G1 X53.527 Y56.097 E0.02139
G1 X52.287 Y56.477 E0.02157
G1 F1500 E-6.5
G0 F7200 X52.376 Y56.773
G0 X51 Y56.432
G0 X51 Y55.332
G0 X46.073 Y47.959
G0 X45.058 Y47.539
G0 X45.235 Y46.189
G0 X45.505 Y46.335
G1 F1500 E6.5
G1 F3600 X46.326 Y45.332 E0.02156
G1 X47.335 Y44.505 E0.0217
G1 X48.471 Y43.898 E0.02142
G1 X49.708 Y43.524 E0.02149
G1 X51 Y43.396 E0.02159
G1 X52.288 Y43.524 E0.02153
G1 X53.525 Y43.898 E0.02149
G1 X54.665 Y44.508 E0.0215
G1 X55.143 Y44.9 E0.01028
G1 X56.4 Y44.9 E0.0209
G1 X56.4 Y42.313 E0.04302
G1 X56.274 Y42.101 E0.0041
G1 X43.6 Y42.1 E0.21077
G1 X43.601 Y48.079 E0.09943
G1 X44.714 Y48.079 E0.01851
G1 X44.899 Y47.466 E0.01065
G1 X45.505 Y46.335 E0.02134
G0 F7200 X45.235 Y46.189
G0 X44.656 Y47.272
G0 X45.279 Y47.605
;TYPE:WALL-OUTER
G1 F1800 X45.831 Y46.573 E0.01946
G1 X46.629 Y45.601 E0.02091
G1 X47.573 Y44.831 E0.02026
G1 X48.605 Y44.279 E0.01946
G1 X49.804 Y43.916 E0.02083
G1 X51.02 Y43.8 E0.02031
G1 X52.192 Y43.916 E0.01959
G1 X53.391 Y44.279 E0.02083
G1 X54.423 Y44.831 E0.01946
G1 X55 Y45.3 E0.01237
G1 X56.8 Y45.3 E0.02993
G1 X56.8 Y42.262 E0.05052
G1 X56.635 Y41.879 E0.00694
G1 X56.356 Y41.701 E0.0055
G1 X43.2 Y41.7 E0.21879
G1 X43.2 Y48.18 E0.10776
G1 F1600 X43.25 Y48.68 E0.0094
G1 X43.5 Y48.48 E0.00599
G1 F1800 X45.011 Y48.479 E0.02513
G1 X45.279 Y47.605 E0.0152
G0 F7200 X45.373 Y47.429
G0 X44.751 Y47.096
G0 X43.48 Y48.203
G0 X43.25 Y48.68
G1 F1431.4 X43.251 Y51.359 E0.05602
G0 F7200 X43.48 Y51.796
G0 X46.438 Y54.562
G0 X47.416 Y55.365
G0 X48.531 Y55.96
G0 X49.512 Y56.258
G0 X52.26 Y56.79
G0 X52.192 Y56.084
G1 F1800 X50.981 Y56.196 E0.02022
G1 X49.805 Y56.084 E0.01965
G1 X48.641 Y55.732 E0.02022
G1 X47.54 Y55.147 E0.02073
G1 X46.628 Y54.395 E0.01966
G1 X45.831 Y53.423 E0.0209
G1 X45.279 Y52.391 E0.01946
G1 X45.011 Y51.516 E0.01522
G1 X43.5 Y51.516 E0.02513
G1 F1589.4 X43.251 Y51.359 E0.00554
G1 X43.2 Y51.816 E0.00866
G1 F1800 X43.201 Y58.299 E0.10781
G1 X56.354 Y58.3 E0.21874
G1 X56.635 Y58.12 E0.00555
G1 X56.8 Y57.734 E0.00698
G1 X56.8 Y54.7 E0.05046
G1 X55 Y54.7 E0.02993
G1 X54.422 Y55.169 E0.01238
G1 X53.355 Y55.732 E0.02006
G1 X52.192 Y56.084 E0.02021
G0 F7200 X51.993 Y56.102
G0 X52.091 Y57.109
G1 F1500 E-6.5
;MESH:NONMESH
G0 F600 X52.091 Y57.109 Z7.2
G0 F7200 X51 Y56.432
G0 X51 Y55.332
G0 X46.073 Y47.959
G0 X45.058 Y47.539
G0 X43.91 Y43.76
G0 X43.76 Y43.76
;TIME_ELAPSED:517.231078
;LAYER:69
;TYPE:FILL
;MESH:hold.stl
G1 F1500 E6.5
G1 F3600 X45.765 Y45.765 E0.04715
G1 X45.835 Y45.835
G0 F7200 X45.645 Y45.678
G0 X43.91 Y44.925
G0 X43.761 Y44.925
G1 F3600 X46.426 Y42.26 E0.06268
G1 X46.496 Y42.19
G0 F7200 X46.496 Y42.41
G0 X47.917 Y42.41
G0 X47.917 Y42.26
G1 F3600 X49.174 Y43.517 E0.02956
G1 X49.244 Y43.587
G0 F7200 X49.176 Y43.363
G0 X51.112 Y43.098
G0 X51.098 Y43.245
G1 F3600 X52.083 Y42.26 E0.02317
G1 X52.153 Y42.19
G0 F7200 X52.153 Y42.41
G0 X53.574 Y42.41
G0 X53.574 Y42.26
G1 F3600 X56.054 Y44.74 E0.05833
G0 F7200 X55.259 Y44.74
G1 F3600 X56.24 Y43.759 E0.02307
G1 X56.31 Y43.689
G1 F1500 E-6.5
G0 F7200 X56.09 Y43.689
G0 X56.053 Y45.07
G0 X56.053 Y46.165
G0 X56.053 Y53.835
G0 X56.053 Y54.93
G0 X56.053 Y55.26
G1 F1500 E6.5
G1 F3600 X53.573 Y57.74 E0.05833
G1 X53.503 Y57.81
G0 F7200 X53.503 Y57.59
G0 X52.083 Y57.59
G0 X52.083 Y57.74
G1 F3600 X51.091 Y56.748 E0.02333
G1 X51.021 Y56.678
G0 F7200 X51.043 Y56.91
G0 X49.131 Y56.623
G0 X49.175 Y56.481
G1 F3600 X47.916 Y57.74 E0.02961
G1 X47.846 Y57.81
G0 F7200 X47.846 Y57.59
G0 X46.425 Y57.59
G0 X46.425 Y57.739
G1 F3600 X43.76 Y55.074 E0.06268
G1 X43.69 Y55.004
G0 F7200 X43.91 Y55.004
G0 X43.91 Y56.238
G0 X43.761 Y56.238
G1 F3600 X45.765 Y54.234 E0.04713
G1 X45.835 Y54.164
G0 F7200 X45.643 Y54.32
G0 X47.193 Y55.699
G0 X48.377 Y56.331
G0 X49.663 Y56.722
G0 X51 Y56.854
G0 X52.337 Y56.722
G0 X53.494 Y56.37
G0 X55.26 Y55.41
G0 X55.26 Y55.26
G1 F3600 X56.24 Y56.24 E0.02305
G1 X56.31 Y56.31
G0 F7200 X56.09 Y56.31
G0 X52.376 Y56.773
G0 X52.287 Y56.477
;TYPE:WALL-INNER
G1 F3600 X51 Y56.599 E0.0215
G1 X49.708 Y56.476 E0.02158
G1 X48.469 Y56.097 E0.02155
G1 X47.334 Y55.494 E0.02137
G1 X46.328 Y54.666 E0.02167
G1 X45.505 Y53.661 E0.0216
G1 X44.898 Y52.528 E0.02138
G1 X44.695 Y51.856 E0.01167
G1 X43.6 Y51.856 E0.01821
G1 X43.601 Y57.899 E0.1005
G1 X56.272 Y57.9 E0.21072
G1 X56.4 Y57.683 E0.00419
G1 X56.4 Y55.1 E0.04296
G1 X55.143 Y55.1 E0.0209
G1 X54.663 Y55.494 E0.01033
G1 X53.527 Y56.097 E0.02139
G1 X52.287 Y56.477 E0.02157
G1 F1500 E-6.5
G0 F7200 X52.376 Y56.773
G0 X51 Y56.432
G0 X51 Y55.332
G0 X46.073 Y47.959
G0 X45.058 Y47.539
G0 X45.235 Y46.189
G0 X45.505 Y46.335
G1 F1500 E6.5
G1 F3600 X46.326 Y45.332 E0.02156
G1 X47.335 Y44.505 E0.0217
G1 X48.471 Y43.898 E0.02142
G1 X49.708 Y43.524 E0.02149
G1 X51 Y43.396 E0.02159
G1 X52.288 Y43.524 E0.02153
G1 X53.525 Y43.898 E0.02149
G1 X54.665 Y44.508 E0.0215
G1 X55.143 Y44.9 E0.01028
G1 X56.4 Y44.9 E0.0209
G1 X56.4 Y42.313 E0.04302
G1 X56.274 Y42.101 E0.0041
G1 X43.6 Y42.1 E0.21077
G1 X43.601 Y48.139 E0.10043
G1 X44.694 Y48.139 E0.01818
G1 X44.899 Y47.467 E0.01168
G1 X45.505 Y46.335 E0.02135
G0 F7200 X45.235 Y46.189
G0 X44.656 Y47.272
G0 X45.279 Y47.605
;TYPE:WALL-OUTER
G1 F1800 X45.831 Y46.573 E0.01946
G1 X46.629 Y45.601 E0.02091
G1 X47.573 Y44.831 E0.02026
G1 X48.605 Y44.279 E0.01946
G1 X49.804 Y43.916 E0.02083
G1 X51.02 Y43.8 E0.02031
G1 X52.192 Y43.916 E0.01959
G1 X53.391 Y44.279 E0.02083
G1 X54.423 Y44.831 E0.01946
G1 X55 Y45.3 E0.01237
G1 X56.8 Y45.3 E0.02993
G1 X56.8 Y42.262 E0.05052
G1 X56.635 Y41.879 E0.00694
G1 X56.356 Y41.701 E0.0055
G1 X43.2 Y41.7 E0.21879
G1 X43.2 Y48.24 E0.10876
G1 F1600 X43.25 Y48.74 E0.0094
G1 X43.5 Y48.54 E0.00599
G1 F1800 X44.991 Y48.539 E0.0248
G1 X45.279 Y47.605 E0.01625
G0 F7200 X45.373 Y47.429
G0 X44.751 Y47.096
G0 X43.48 Y48.261
G0 X43.25 Y48.74
G1 F1431.4 X43.251 Y51.299 E0.05351
G0 F7200 X43.48 Y51.738
G0 X46.438 Y54.562
G0 X47.416 Y55.365
G0 X48.531 Y55.96
G0 X49.512 Y56.258
G0 X52.26 Y56.79
G0 X52.192 Y56.084
G1 F1800 X50.981 Y56.196 E0.02022
G1 X49.805 Y56.084 E0.01965
G1 X48.641 Y55.732 E0.02022
G1 X47.54 Y55.147 E0.02073
G1 X46.628 Y54.395 E0.01966
G1 X45.831 Y53.423 E0.0209
G1 X45.264 Y52.355 E0.02011
G1 X44.991 Y51.456 E0.01562
G1 X43.5 Y51.456 E0.0248
G1 F1589.4 X43.251 Y51.299 E0.00554
G1 X43.2 Y51.756 E0.00866
G1 F1800 X43.201 Y58.299 E0.10881
G1 X56.354 Y58.3 E0.21874
G1 X56.635 Y58.12 E0.00555
G1 X56.8 Y57.734 E0.00698
G1 X56.8 Y54.7 E0.05046
G1 X55 Y54.7 E0.02993
G1 X54.422 Y55.169 E0.01238
G1 X53.355 Y55.732 E0.02006
G1 X52.192 Y56.084 E0.02021
G0 F7200 X51.993 Y56.102
G0 X52.091 Y57.109
G1 F1500 E-6.5
;MESH:NONMESH
G0 F600 X52.091 Y57.109 Z7.3
G0 F7200 X51 Y56.432
G0 X51 Y55.332
G0 X46.073 Y47.959
G0 X45.058 Y47.539
G0 X43.91 Y43.76
G0 X43.76 Y43.76
;TIME_ELAPSED:525.145715
;LAYER:70
;TYPE:FILL
;MESH:hold.stl
G1 F1500 E6.5
G1 F3600 X45.765 Y45.765 E0.04715
G1 X45.835 Y45.835
G0 F7200 X45.645 Y45.678
G0 X43.91 Y44.925
G0 X43.761 Y44.925
G1 F3600 X46.426 Y42.26 E0.06268
G1 X46.496 Y42.19
G0 F7200 X46.496 Y42.41
G0 X47.917 Y42.41
G0 X47.917 Y42.26
G1 F3600 X49.174 Y43.517 E0.02956
G1 X49.244 Y43.587
G0 F7200 X49.176 Y43.363
G0 X51.112 Y43.098
G0 X51.098 Y43.245
G1 F3600 X52.083 Y42.26 E0.02317
G1 X52.153 Y42.19
G0 F7200 X52.153 Y42.41
G0 X53.574 Y42.41
G0 X53.574 Y42.26
G1 F3600 X56.054 Y44.74 E0.05833
G0 F7200 X55.259 Y44.74
G1 F3600 X56.24 Y43.759 E0.02307
G1 X56.31 Y43.689
G0 F7200 X56.09 Y43.689
G0 X51 Y43.146
G0 X49.663 Y43.278
G0 X48.377 Y43.669
G0 X47.193 Y44.301
G0 X46.153 Y45.153
G0 X45.301 Y46.193
G0 X44.669 Y47.377
G0 X44.278 Y48.663
G0 X44.146 Y50
G0 X44.278 Y51.338
G0 X44.669 Y52.623
G0 X45.301 Y53.807
G0 X46.153 Y54.847
G0 X47.193 Y55.699
G0 X48.377 Y56.331
G0 X49.663 Y56.722
G0 X51 Y56.854
G0 X52.337 Y56.722
G0 X56.053 Y55.41
G0 X56.053 Y55.26
G1 F3600 X53.573 Y57.74 E0.05833
G1 X53.503 Y57.81
G0 F7200 X53.503 Y57.59
G0 X52.083 Y57.59
G0 X52.083 Y57.74
G1 F3600 X51.091 Y56.748 E0.02333
G1 X51.021 Y56.678
G0 F7200 X51.043 Y56.91
G0 X49.131 Y56.623
G0 X49.175 Y56.481
G1 F3600 X47.916 Y57.74 E0.02961
G1 X47.846 Y57.81
G0 F7200 X47.846 Y57.59
G0 X46.425 Y57.59
G0 X46.425 Y57.739
G1 F3600 X43.76 Y55.074 E0.06268
G1 X43.69 Y55.004
G0 F7200 X43.91 Y55.004
G0 X43.91 Y56.238
G0 X43.761 Y56.238
G1 F3600 X45.765 Y54.234 E0.04713
G1 X45.835 Y54.164
G0 F7200 X45.643 Y54.32
G0 X44.789 Y52.848
G0 X43.91 Y50.581
G0 X43.761 Y50.581
G1 F3600 X43.841 Y50.502 E0.00187
G0 F7200 X43.91 Y50.502
G0 X43.91 Y49.497
G0 X43.841 Y49.497
G1 F3600 X43.76 Y49.417 E0.00189
G0 F7200 X43.91 Y49.417
G0 X44.278 Y51.338
G0 X44.669 Y52.623
G0 X45.301 Y53.807
G0 X46.153 Y54.847
G0 X47.193 Y55.699
G0 X48.377 Y56.331
G0 X49.663 Y56.722
G0 X51 Y56.854
G0 X52.337 Y56.722
G0 X53.494 Y56.37
G0 X55.26 Y55.41
G0 X55.26 Y55.26
G1 F3600 X56.24 Y56.24 E0.02305
G1 X56.31 Y56.31
G0 F7200 X56.09 Y56.31
G0 X52.376 Y56.773
G0 X52.287 Y56.477
;TYPE:WALL-INNER
G1 F3600 X51 Y56.599 E0.0215
G1 X49.708 Y56.476 E0.02158
G1 X48.469 Y56.097 E0.02155
G1 X47.334 Y55.494 E0.02137
G1 X46.328 Y54.666 E0.02167
G1 X45.505 Y53.661 E0.0216
G1 X44.899 Y52.53 E0.02134
G1 X44.523 Y51.288 E0.02158
G1 X44.4 Y50 E0.02152
G1 X44.523 Y48.708 E0.02158
G1 X44.899 Y47.466 E0.02158
G1 X45.505 Y46.335 E0.02134
G1 X46.326 Y45.332 E0.02156
G1 X47.335 Y44.505 E0.0217
G1 X48.471 Y43.898 E0.02142
G1 X49.708 Y43.524 E0.02149
G1 X51 Y43.396 E0.02159
G1 X52.288 Y43.524 E0.02153
G1 X53.525 Y43.898 E0.02149
G1 X54.665 Y44.508 E0.0215
G1 X55.143 Y44.9 E0.01028
G1 X56.4 Y44.9 E0.0209
G1 X56.4 Y42.313 E0.04302
G1 X56.274 Y42.101 E0.0041
G1 X43.6 Y42.1 E0.21077
G1 X43.601 Y57.899 E0.26274
G1 X56.272 Y57.9 E0.21072
G1 X56.4 Y57.683 E0.00419
G1 X56.4 Y55.1 E0.04296
G1 X55.143 Y55.1 E0.0209
G1 X54.663 Y55.494 E0.01033
G1 X53.527 Y56.097 E0.02139
G1 X52.287 Y56.477 E0.02157
G0 F7200 X52.192 Y56.084
;TYPE:WALL-OUTER
G1 F1800 X50.981 Y56.196 E0.02022
G1 X49.805 Y56.084 E0.01965
G1 X48.641 Y55.732 E0.02022
G1 X47.54 Y55.147 E0.02073
G1 X46.628 Y54.395 E0.01966
G1 X45.831 Y53.423 E0.0209
G1 X45.279 Y52.391 E0.01946
G1 X44.916 Y51.192 E0.02083
G1 X44.8 Y49.98 E0.02025
G1 X44.916 Y48.804 E0.01965
G1 X45.279 Y47.605 E0.02083
G1 X45.831 Y46.573 E0.01946
G1 X46.629 Y45.601 E0.02091
G1 X47.573 Y44.831 E0.02026
G1 X48.605 Y44.279 E0.01946
G1 X49.804 Y43.916 E0.02083
G1 X51.02 Y43.8 E0.02031
G1 X52.192 Y43.916 E0.01959
G1 X53.391 Y44.279 E0.02083
G1 X54.423 Y44.831 E0.01946
G1 X55 Y45.3 E0.01237
G1 X56.8 Y45.3 E0.02993
G1 X56.8 Y42.262 E0.05052
G1 X56.635 Y41.879 E0.00694
G1 X56.356 Y41.701 E0.0055
G1 X43.2 Y41.7 E0.21879
G1 X43.201 Y58.299 E0.27604
G1 X56.354 Y58.3 E0.21874
G1 X56.635 Y58.12 E0.00555
G1 X56.8 Y57.734 E0.00698
G1 X56.8 Y54.7 E0.05046
G1 X55 Y54.7 E0.02993
G1 X54.422 Y55.169 E0.01238
G1 X53.355 Y55.732 E0.02006
G1 X52.192 Y56.084 E0.02021
G0 F7200 X51.993 Y56.102
G0 X52.061 Y56.81
G0 X51 Y56.854
G0 X49.663 Y56.722
G0 X48.377 Y56.331
G0 X47.193 Y55.699
G0 X46.153 Y54.847
G0 X45.301 Y53.807
G0 X44.669 Y52.623
G0 X44.278 Y51.338
G0 X44.159 Y50.134
G0 X44.354 Y47.961
;TYPE:SKIN
G1 F1666.7 X44.057 Y48.657 E0.01359
G1 F1585.9 X43.954 Y47.711 E0.01796
G1 F1756.1 X44.43 Y47.711 E0.00811
G1 F1855.7 X44.354 Y47.961 E0.00422
G0 F7200 X44.063 Y48.642
G1 F1431.4 X44 Y49.98 E0.02801
G1 F1425.7 X44.065 Y51.34 E0.02859
G0 F7200 X44.359 Y52.036
G1 F1836.7 X44.433 Y52.287 E0.00426
G1 F1739.1 X43.955 Y52.285 E0.00823
G1 F1572.1 X44.059 Y51.325 E0.01839
G1 F1651.4 X44.359 Y52.036 E0.01399
G0 F7200 X44.21 Y52.104
;MESH:NONMESH
G0 F600 X44.21 Y52.104 Z7.4
G0 F7200 X43.91 Y43.76
G0 X43.76 Y43.76
;TIME_ELAPSED:531.971106
;LAYER:71
;TYPE:FILL
;MESH:hold.stl
G1 F3600 X45.765 Y45.765 E0.04715
G1 X45.835 Y45.835
G0 F7200 X45.645 Y45.678
G0 X43.91 Y44.925
G0 X43.761 Y44.925
G1 F3600 X46.426 Y42.26 E0.06268
G1 X46.496 Y42.19
G0 F7200 X46.496 Y42.41
G0 X47.917 Y42.41
G0 X47.917 Y42.26
G1 F3600 X49.174 Y43.517 E0.02956
G1 X49.244 Y43.587
G0 F7200 X49.176 Y43.363
G0 X51.112 Y43.098
G0 X51.098 Y43.245
G1 F3600 X52.083 Y42.26 E0.02317
G1 X52.153 Y42.19
G0 F7200 X52.153 Y42.41
G0 X53.574 Y42.41
G0 X53.574 Y42.26
G1 F3600 X56.054 Y44.74 E0.05833
G0 F7200 X55.259 Y44.74
G1 F3600 X56.24 Y43.759 E0.02307
G1 X56.31 Y43.689
G0 F7200 X56.09 Y43.689
G0 X51 Y43.146
G0 X49.663 Y43.278
G0 X48.377 Y43.669
G0 X47.193 Y44.301
G0 X46.153 Y45.153
G0 X45.301 Y46.193
G0 X44.669 Y47.377
G0 X44.278 Y48.663
G0 X44.146 Y50
G0 X44.279 Y51.339
G0 X44.669 Y52.622
G0 X45.301 Y53.807
G0 X46.153 Y54.847
G0 X47.193 Y55.699
G0 X48.377 Y56.331
G0 X49.663 Y56.722
G0 X51 Y56.854
G0 X52.337 Y56.722
G0 X56.053 Y55.41
G0 X56.053 Y55.26
G1 F3600 X53.573 Y57.74 E0.05833
G1 X53.503 Y57.81
G0 F7200 X53.503 Y57.59
G0 X52.083 Y57.59
G0 X52.083 Y57.74
G1 F3600 X51.091 Y56.748 E0.02333
G1 X51.021 Y56.678
G0 F7200 X51.043 Y56.91
G0 X49.131 Y56.623
G0 X49.175 Y56.481
G1 F3600 X47.916 Y57.74 E0.02961
G1 X47.846 Y57.81
G0 F7200 X47.846 Y57.59
G0 X46.425 Y57.59
G0 X46.425 Y57.739
G1 F3600 X43.76 Y55.074 E0.06268
G1 X43.69 Y55.004
G0 F7200 X43.91 Y55.004
G0 X43.91 Y56.238
G0 X43.761 Y56.238
G1 F3600 X45.765 Y54.234 E0.04713
G1 X45.835 Y54.164
G0 F7200 X45.643 Y54.32
G0 X44.789 Y52.848
G0 X43.91 Y50.581
G0 X43.761 Y50.581
G1 F3600 X43.841 Y50.502 E0.00187
G0 F7200 X43.91 Y50.502
G0 X43.91 Y49.497
G0 X43.841 Y49.497
G1 F3600 X43.76 Y49.417 E0.00189
G0 F7200 X43.91 Y49.417
G0 X44.279 Y51.339
G0 X44.669 Y52.622
G0 X45.301 Y53.807
G0 X46.153 Y54.847
G0 X47.193 Y55.699
G0 X48.377 Y56.331
G0 X49.663 Y56.722
G0 X51 Y56.854
G0 X52.337 Y56.722
G0 X53.494 Y56.37
G0 X55.26 Y55.41
G0 X55.26 Y55.26
G1 F3600 X56.24 Y56.24 E0.02305
G1 X56.31 Y56.31
G0 F7200 X56.09 Y56.31
G0 X52.376 Y56.773
G0 X52.287 Y56.477
;TYPE:WALL-INNER
G1 F3600 X51 Y56.599 E0.0215
G1 X49.708 Y56.476 E0.02158
G1 X48.469 Y56.097 E0.02155
G1 X47.334 Y55.494 E0.02137
G1 X46.328 Y54.666 E0.02167
G1 X45.505 Y53.661 E0.0216
G1 X44.898 Y52.528 E0.02138
G1 X44.523 Y51.289 E0.02153
G1 X44.4 Y50 E0.02153
G1 X44.523 Y48.708 E0.02158
G1 X44.899 Y47.466 E0.02158
G1 X45.505 Y46.335 E0.02134
G1 X46.326 Y45.332 E0.02156
G1 X47.335 Y44.505 E0.0217
G1 X48.471 Y43.898 E0.02142
G1 X49.708 Y43.524 E0.02149
G1 X51 Y43.396 E0.02159
G1 X52.288 Y43.524 E0.02153
G1 X53.525 Y43.898 E0.02149
G1 X54.665 Y44.508 E0.0215
G1 X55.143 Y44.9 E0.01028
G1 X56.4 Y44.9 E0.0209
G1 X56.4 Y42.313 E0.04302
G1 X56.274 Y42.101 E0.0041
G1 X43.6 Y42.1 E0.21077
G1 X43.601 Y57.899 E0.26274
G1 X56.272 Y57.9 E0.21072
G1 X56.4 Y57.683 E0.00419
G1 X56.4 Y55.1 E0.04296
G1 X55.143 Y55.1 E0.0209
G1 X54.663 Y55.494 E0.01033
G1 X53.527 Y56.097 E0.02139
G1 X52.287 Y56.477 E0.02157
G0 F7200 X52.192 Y56.084
;TYPE:WALL-OUTER
G1 F1800 X50.981 Y56.196 E0.02022
G1 X49.805 Y56.084 E0.01965
G1 X48.641 Y55.732 E0.02022
G1 X47.54 Y55.147 E0.02073
G1 X46.628 Y54.395 E0.01966
G1 X45.831 Y53.423 E0.0209
G1 X45.264 Y52.355 E0.02011
G1 X44.916 Y51.196 E0.02012
G1 X44.8 Y49.98 E0.02031
G1 X44.916 Y48.804 E0.01965
G1 X45.279 Y47.605 E0.02083
G1 X45.831 Y46.573 E0.01946
G1 X46.629 Y45.601 E0.02091
G1 X47.573 Y44.831 E0.02026
G1 X48.605 Y44.279 E0.01946
G1 X49.804 Y43.916 E0.02083
G1 X51.02 Y43.8 E0.02031
G1 X52.192 Y43.916 E0.01959
G1 X53.391 Y44.279 E0.02083
G1 X54.423 Y44.831 E0.01946
G1 X55 Y45.3 E0.01237
G1 X56.8 Y45.3 E0.02993
G1 X56.8 Y42.262 E0.05052
G1 X56.635 Y41.879 E0.00694
G1 X56.356 Y41.701 E0.0055
G1 X43.2 Y41.7 E0.21879
G1 X43.201 Y58.299 E0.27604
G1 X56.354 Y58.3 E0.21874
G1 X56.635 Y58.12 E0.00555
G1 X56.8 Y57.734 E0.00698
G1 X56.8 Y54.7 E0.05046
G1 X55 Y54.7 E0.02993
G1 X54.422 Y55.169 E0.01238
G1 X53.355 Y55.732 E0.02006
G1 X52.192 Y56.084 E0.02021
G0 F7200 X51.993 Y56.102
G0 X52.061 Y56.81
G0 X51 Y56.854
G0 X49.663 Y56.722
G0 X48.377 Y56.331
G0 X47.193 Y55.699
G0 X46.153 Y54.847
G0 X45.301 Y53.807
G0 X44.669 Y52.622
G0 X44.279 Y51.339
G0 X44.159 Y50.134
G0 X44.344 Y48.009
;TYPE:SKIN
G1 F1690.1 X44.057 Y48.656 E0.01254
G1 F1603.6 X43.948 Y47.763 E0.01679
G1 F1782.2 X44.419 Y47.763 E0.00791
G1 F1889.8 X44.344 Y48.009 E0.00407
G0 F7200 X44.063 Y48.642
G1 F1431.4 X44 Y49.98 E0.02801
G1 F1425.7 X44.065 Y51.344 E0.02867
G0 F7200 X44.348 Y51.986
G1 F1870.1 X44.422 Y52.232 E0.00411
G1 F1764.7 X43.948 Y52.232 E0.00804
G1 F1589.4 X44.059 Y51.331 E0.0171
G1 F1674.4 X44.348 Y51.986 E0.0128
G0 F7200 X44.21 Y52.055
;MESH:NONMESH
G0 F600 X44.21 Y52.055 Z7.5
G0 F7200 X43.91 Y43.76
G0 X43.76 Y43.76
;TIME_ELAPSED:538.520604
;LAYER:72
;TYPE:FILL
;MESH:hold.stl
G1 F3600 X45.765 Y45.765 E0.04715
G1 X45.835 Y45.835
G0 F7200 X45.645 Y45.678
G0 X43.91 Y44.925
G0 X43.761 Y44.925
G1 F3600 X46.426 Y42.26 E0.06268
G1 X46.496 Y42.19
G0 F7200 X46.496 Y42.41
G0 X47.917 Y42.41
G0 X47.917 Y42.26
G1 F3600 X49.174 Y43.517 E0.02956
G1 X49.244 Y43.587
G0 F7200 X49.176 Y43.363
G0 X51.112 Y43.098
G0 X51.098 Y43.245
G1 F3600 X52.083 Y42.26 E0.02317
G1 X52.153 Y42.19
G0 F7200 X52.153 Y42.41
G0 X53.574 Y42.41
G0 X53.574 Y42.26
G1 F3600 X56.054 Y44.74 E0.05833
G0 F7200 X55.259 Y44.74
G1 F3600 X56.24 Y43.759 E0.02307
G1 X56.31 Y43.689
G0 F7200 X56.09 Y43.689
G0 X51 Y43.146
G0 X49.663 Y43.278
G0 X48.377 Y43.669
G0 X47.193 Y44.301
G0 X46.153 Y45.153
G0 X45.301 Y46.193
G0 X44.669 Y47.377
G0 X44.278 Y48.663
G0 X44.146 Y50
G0 X44.279 Y51.341
G0 X44.669 Y52.623
G0 X45.301 Y53.807
G0 X46.153 Y54.847
G0 X47.193 Y55.699
G0 X48.377 Y56.331
G0 X49.663 Y56.722
G0 X51 Y56.854
G0 X52.337 Y56.722
G0 X56.053 Y55.41
G0 X56.053 Y55.26
G1 F3600 X53.573 Y57.74 E0.05833
G1 X53.503 Y57.81
G0 F7200 X53.503 Y57.59
G0 X52.083 Y57.59
G0 X52.083 Y57.74
G1 F3600 X51.091 Y56.748 E0.02333
G1 X51.021 Y56.678
G0 F7200 X51.043 Y56.91
G0 X49.131 Y56.623
G0 X49.175 Y56.481
G1 F3600 X47.916 Y57.74 E0.02961
G1 X47.846 Y57.81
G0 F7200 X47.846 Y57.59
G0 X46.425 Y57.59
G0 X46.425 Y57.739
G1 F3600 X43.76 Y55.074 E0.06268
G1 X43.69 Y55.004
G0 F7200 X43.91 Y55.004
G0 X43.91 Y56.238
G0 X43.761 Y56.238
G1 F3600 X45.765 Y54.234 E0.04713
G1 X45.835 Y54.164
G0 F7200 X45.643 Y54.32
G0 X44.789 Y52.848
G0 X43.91 Y50.581
G0 X43.761 Y50.581
G1 F3600 X43.841 Y50.502 E0.00187
G0 F7200 X43.91 Y50.502
G0 X43.91 Y49.497
G0 X43.841 Y49.497
G1 F3600 X43.76 Y49.417 E0.00189
G0 F7200 X43.91 Y49.417
G0 X44.279 Y51.341
G0 X44.669 Y52.623
G0 X45.301 Y53.807
G0 X46.153 Y54.847
G0 X47.193 Y55.699
G0 X48.377 Y56.331
G0 X49.663 Y56.722
G0 X51 Y56.854
G0 X52.337 Y56.722
G0 X53.494 Y56.37
G0 X55.26 Y55.41
G0 X55.26 Y55.26
G1 F3600 X56.24 Y56.24 E0.02305
G1 X56.31 Y56.31
G0 F7200 X56.09 Y56.31
G0 X52.376 Y56.773
G0 X52.287 Y56.477
;TYPE:WALL-INNER
G1 F3600 X51 Y56.599 E0.0215
G1 X49.708 Y56.476 E0.02158
G1 X48.469 Y56.097 E0.02155
G1 X47.334 Y55.494 E0.02137
G1 X46.328 Y54.666 E0.02167
G1 X45.505 Y53.661 E0.0216
G1 X44.898 Y52.528 E0.02138
G1 X44.523 Y51.289 E0.02153
G1 X44.4 Y50 E0.02153
G1 X44.523 Y48.708 E0.02158
G1 X44.899 Y47.466 E0.02158
G1 X45.505 Y46.335 E0.02134
G1 X46.326 Y45.332 E0.02156
G1 X47.335 Y44.505 E0.0217
G1 X48.471 Y43.898 E0.02142
G1 X49.708 Y43.524 E0.02149
G1 X51 Y43.396 E0.02159
G1 X52.288 Y43.524 E0.02153
G1 X53.525 Y43.898 E0.02149
G1 X54.665 Y44.508 E0.0215
G1 X55.143 Y44.9 E0.01028
G1 X56.4 Y44.9 E0.0209
G1 X56.4 Y42.313 E0.04302
G1 X56.274 Y42.101 E0.0041
G1 X43.6 Y42.1 E0.21077
G1 X43.601 Y57.899 E0.26274
G1 X56.272 Y57.9 E0.21072
G1 X56.4 Y57.683 E0.00419
G1 X56.4 Y55.1 E0.04296
G1 X55.143 Y55.1 E0.0209
G1 X54.663 Y55.494 E0.01033
G1 X53.527 Y56.097 E0.02139
G1 X52.287 Y56.477 E0.02157
G0 F7200 X52.192 Y56.084
;TYPE:WALL-OUTER
G1 F1800 X50.981 Y56.196 E0.02022
G1 X49.805 Y56.084 E0.01965
G1 X48.641 Y55.732 E0.02022
G1 X47.54 Y55.147 E0.02073
G1 X46.628 Y54.395 E0.01966
G1 X45.831 Y53.423 E0.0209
G1 X45.264 Y52.355 E0.02011
G1 X44.916 Y51.196 E0.02012
G1 X44.8 Y49.98 E0.02031
G1 X44.916 Y48.804 E0.01965
G1 X45.279 Y47.605 E0.02083
G1 X45.831 Y46.573 E0.01946
G1 X46.629 Y45.601 E0.02091
G1 X47.573 Y44.831 E0.02026
G1 X48.605 Y44.279 E0.01946
G1 X49.804 Y43.916 E0.02083
G1 X51.02 Y43.8 E0.02031
G1 X52.192 Y43.916 E0.01959
G1 X53.391 Y44.279 E0.02083
G1 X54.423 Y44.831 E0.01946
G1 X55 Y45.3 E0.01237
G1 X56.8 Y45.3 E0.02993
G1 X56.8 Y42.262 E0.05052
G1 X56.635 Y41.879 E0.00694
G1 X56.356 Y41.701 E0.0055
G1 X43.2 Y41.7 E0.21879
G1 X43.201 Y58.299 E0.27604
G1 X56.354 Y58.3 E0.21874
G1 X56.635 Y58.12 E0.00555
G1 X56.8 Y57.734 E0.00698
G1 X56.8 Y54.7 E0.05046
G1 X55 Y54.7 E0.02993
G1 X54.422 Y55.169 E0.01238
G1 X53.355 Y55.732 E0.02006
G1 X52.192 Y56.084 E0.02021
G0 F7200 X51.993 Y56.102
G0 X52.061 Y56.81
G0 X51 Y56.854
G0 X49.663 Y56.722
G0 X48.377 Y56.331
G0 X47.193 Y55.699
G0 X46.153 Y54.847
G0 X45.301 Y53.807
G0 X44.669 Y52.623
G0 X44.318 Y51.469
G0 X44.058 Y48.653
;TYPE:SKIN
G1 F1706.2 X43.967 Y48.006 E0.01146
G1 F1920 X43.967 Y47.819 E0.00292
G1 X44.407 Y47.819 E0.00686
G1 X44.333 Y48.061 E0.00395
G1 F1706.2 X44.058 Y48.653 E0.01145
G0 F7200 X44.063 Y48.642
G1 F1431.4 X44 Y49.98 E0.02801
G1 F1425.7 X44.065 Y51.344 E0.02867
G0 F7200 X43.968 Y51.989
G1 F1698.1 X44.059 Y51.332 E0.01169
G1 X44.337 Y51.935 E0.0117
G1 F1909.8 X44.411 Y52.179 E0.004
G1 X43.968 Y52.176 E0.00694
G1 X43.968 Y51.989 E0.00293
G0 F7200 X44.109 Y52.019
;MESH:NONMESH
G0 F600 X44.109 Y52.019 Z7.6
G0 F7200 X43.91 Y43.76
G0 X43.76 Y43.76
;TIME_ELAPSED:545.027360
;LAYER:73
;TYPE:FILL
;MESH:hold.stl
G1 F3600 X45.765 Y45.765 E0.04715
G1 X45.835 Y45.835
G0 F7200 X45.645 Y45.678
G0 X43.91 Y44.925
G0 X43.761 Y44.925
G1 F3600 X46.426 Y42.26 E0.06268
G1 X46.496 Y42.19
G0 F7200 X46.496 Y42.41
G0 X47.917 Y42.41
G0 X47.917 Y42.26
G1 F3600 X49.174 Y43.517 E0.02956
G1 X49.244 Y43.587
G0 F7200 X49.176 Y43.363
G0 X51.112 Y43.098
G0 X51.098 Y43.245
G1 F3600 X52.083 Y42.26 E0.02317
G1 X52.153 Y42.19
G0 F7200 X52.153 Y42.41
G0 X53.574 Y42.41
G0 X53.574 Y42.26
G1 F3600 X56.054 Y44.74 E0.05833
G0 F7200 X55.259 Y44.74
G1 F3600 X56.24 Y43.759 E0.02307
G1 X56.31 Y43.689
G0 F7200 X56.09 Y43.689
G0 X51 Y43.146
G0 X49.663 Y43.278
G0 X48.377 Y43.669
G0 X47.193 Y44.301
G0 X46.153 Y45.153
G0 X45.301 Y46.193
G0 X44.669 Y47.377
G0 X44.278 Y48.663
G0 X44.146 Y50
G0 X44.279 Y51.342
G0 X44.669 Y52.623
G0 X45.301 Y53.807
G0 X46.153 Y54.847
G0 X47.193 Y55.699
G0 X48.377 Y56.331
G0 X49.663 Y56.722
G0 X51 Y56.854
G0 X52.337 Y56.722
G0 X56.053 Y55.41
G0 X56.053 Y55.26
G1 F3600 X53.573 Y57.74 E0.05833
G1 X53.503 Y57.81
G0 F7200 X53.503 Y57.59
G0 X52.083 Y57.59
G0 X52.083 Y57.74
G1 F3600 X51.091 Y56.748 E0.02333
G1 X51.021 Y56.678
G0 F7200 X51.043 Y56.91
G0 X49.131 Y56.623
G0 X49.175 Y56.481
G1 F3600 X47.916 Y57.74 E0.02961
G1 X47.846 Y57.81
G0 F7200 X47.846 Y57.59
G0 X46.425 Y57.59
G0 X46.425 Y57.739
G1 F3600 X43.76 Y55.074 E0.06268
G1 X43.69 Y55.004
G0 F7200 X43.91 Y55.004
G0 X43.91 Y56.238
G0 X43.761 Y56.238
G1 F3600 X45.765 Y54.234 E0.04713
G1 X45.835 Y54.164
G0 F7200 X45.643 Y54.32
G0 X44.789 Y52.848
G0 X43.91 Y50.581
G0 X43.761 Y50.581
G1 F3600 X43.841 Y50.502 E0.00187
G0 F7200 X43.91 Y50.502
G0 X43.91 Y49.497
G0 X43.841 Y49.497
G1 F3600 X43.76 Y49.417 E0.00189
G0 F7200 X43.91 Y49.417
G0 X44.279 Y51.342
G0 X44.669 Y52.623
G0 X45.301 Y53.807
G0 X46.153 Y54.847
G0 X47.193 Y55.699
G0 X48.377 Y56.331
G0 X49.663 Y56.722
G0 X51 Y56.854
G0 X52.337 Y56.722
G0 X53.494 Y56.37
G0 X55.26 Y55.41
G0 X55.26 Y55.26
G1 F3600 X56.24 Y56.24 E0.02305
G1 X56.31 Y56.31
G0 F7200 X56.09 Y56.31
G0 X52.376 Y56.773
G0 X52.287 Y56.477
;TYPE:WALL-INNER
G1 F3600 X51 Y56.599 E0.0215
G1 X49.708 Y56.476 E0.02158
G1 X48.469 Y56.097 E0.02155
G1 X47.334 Y55.494 E0.02137
G1 X46.328 Y54.666 E0.02167
G1 X45.505 Y53.661 E0.0216
G1 X44.898 Y52.528 E0.02138
G1 X44.523 Y51.289 E0.02153
G1 X44.4 Y50 E0.02153
G1 X44.523 Y48.708 E0.02158
G1 X44.899 Y47.466 E0.02158
G1 X45.505 Y46.335 E0.02134
G1 X46.326 Y45.332 E0.02156
G1 X47.335 Y44.505 E0.0217
G1 X48.471 Y43.898 E0.02142
G1 X49.708 Y43.524 E0.02149
G1 X51 Y43.396 E0.02159
G1 X52.288 Y43.524 E0.02153
G1 X53.525 Y43.898 E0.02149
G1 X54.665 Y44.508 E0.0215
G1 X55.143 Y44.9 E0.01028
G1 X56.4 Y44.9 E0.0209
G1 X56.4 Y42.313 E0.04302
G1 X56.274 Y42.101 E0.0041
G1 X43.6 Y42.1 E0.21077
G1 X43.601 Y57.899 E0.26274
G1 X56.272 Y57.9 E0.21072
G1 X56.4 Y57.683 E0.00419
G1 X56.4 Y55.1 E0.04296
G1 X55.143 Y55.1 E0.0209
G1 X54.663 Y55.494 E0.01033
G1 X53.527 Y56.097 E0.02139
G1 X52.287 Y56.477 E0.02157
G0 F7200 X52.192 Y56.084
;TYPE:WALL-OUTER
G1 F1800 X50.981 Y56.196 E0.02022
G1 X49.805 Y56.084 E0.01965
G1 X48.641 Y55.732 E0.02022
G1 X47.54 Y55.147 E0.02073
G1 X46.628 Y54.395 E0.01966
G1 X45.831 Y53.423 E0.0209
G1 X45.264 Y52.355 E0.02011
G1 X44.916 Y51.196 E0.02012
G1 X44.8 Y49.98 E0.02031
G1 X44.916 Y48.804 E0.01965
G1 X45.279 Y47.605 E0.02083
G1 X45.831 Y46.573 E0.01946
G1 X46.629 Y45.601 E0.02091
G1 X47.573 Y44.831 E0.02026
G1 X48.605 Y44.279 E0.01946
G1 X49.804 Y43.916 E0.02083
G1 X51.02 Y43.8 E0.02031
G1 X52.192 Y43.916 E0.01959
G1 X53.391 Y44.279 E0.02083
G1 X54.423 Y44.831 E0.01946
G1 X55 Y45.3 E0.01237
G1 X56.8 Y45.3 E0.02993
G1 X56.8 Y42.262 E0.05052
G1 X56.635 Y41.879 E0.00694
G1 X56.356 Y41.701 E0.0055
G1 X43.2 Y41.7 E0.21879
G1 X43.201 Y58.299 E0.27604
G1 X56.354 Y58.3 E0.21874
G1 X56.635 Y58.12 E0.00555
G1 X56.8 Y57.734 E0.00698
G1 X56.8 Y54.7 E0.05046
G1 X55 Y54.7 E0.02993
G1 X54.422 Y55.169 E0.01238
G1 X53.355 Y55.732 E0.02006
G1 X52.192 Y56.084 E0.02021
G0 F7200 X51.993 Y56.102
G0 X52.061 Y56.81
G0 X51 Y56.854
G0 X49.663 Y56.722
G0 X48.377 Y56.331
G0 X47.193 Y55.699
G0 X46.153 Y54.847
G0 X45.301 Y53.807
G0 X44.669 Y52.623
G0 X44.318 Y51.47
G0 X44.058 Y48.653
;TYPE:SKIN
G1 F1730.8 X43.963 Y48.054 E0.01049
G1 F1961.9 X43.963 Y47.871 E0.00279
G1 X44.393 Y47.871 E0.00656
G1 X44.321 Y48.107 E0.00376
G1 F1730.8 X44.058 Y48.653 E0.01048
G0 F7200 X44.063 Y48.642
G1 F1431.4 X44 Y49.98 E0.02801
G1 F1425.7 X44.065 Y51.344 E0.02867
G0 F7200 X44.397 Y52.124
G1 F1951.2 X43.964 Y52.124 E0.00664
G1 X43.964 Y51.939 E0.00284
G1 F1538.5 X44.065 Y51.344 E0.01174
G1 X44.326 Y51.887 E0.01172
G1 F1951.2 X44.397 Y52.124 E0.0038
G0 F7200 X44.21 Y52.195
;MESH:NONMESH
G0 F600 X44.21 Y52.195 Z7.7
G0 F7200 X43.91 Y43.76
G0 X43.76 Y43.76
;TIME_ELAPSED:551.531897
;LAYER:74
;TYPE:FILL
;MESH:hold.stl
G1 F3600 X45.765 Y45.765 E0.04715
G1 X45.835 Y45.835
G0 F7200 X45.645 Y45.678
G0 X43.91 Y44.925
G0 X43.761 Y44.925
G1 F3600 X46.426 Y42.26 E0.06268
G1 X46.496 Y42.19
G0 F7200 X46.496 Y42.41
G0 X47.917 Y42.41
G0 X47.917 Y42.26
G1 F3600 X49.174 Y43.517 E0.02956
G1 X49.244 Y43.587
G0 F7200 X49.176 Y43.363
G0 X51.112 Y43.098
G0 X51.098 Y43.245
G1 F3600 X52.083 Y42.26 E0.02317
G1 X52.153 Y42.19
G0 F7200 X52.153 Y42.41
G0 X53.574 Y42.41
G0 X53.574 Y42.26
G1 F3600 X56.054 Y44.74 E0.05833
G0 F7200 X55.259 Y44.74
G1 F3600 X56.24 Y43.759 E0.02307
G1 X56.31 Y43.689
G0 F7200 X56.09 Y43.689
G0 X51 Y43.146
G0 X49.663 Y43.278
G0 X48.377 Y43.669
G0 X47.193 Y44.301
G0 X46.153 Y45.153
G0 X45.301 Y46.193
G0 X44.669 Y47.377
G0 X44.278 Y48.663
G0 X44.146 Y50
G0 X44.278 Y51.337
G0 X44.669 Y52.623
G0 X45.301 Y53.807
G0 X46.153 Y54.847
G0 X47.193 Y55.699
G0 X48.377 Y56.331
G0 X49.663 Y56.722
G0 X51 Y56.854
G0 X52.337 Y56.722
G0 X56.053 Y55.41
G0 X56.053 Y55.26
G1 F3600 X53.573 Y57.74 E0.05833
G1 X53.503 Y57.81
G0 F7200 X53.503 Y57.59
G0 X52.083 Y57.59
G0 X52.083 Y57.74
G1 F3600 X51.091 Y56.748 E0.02333
G1 X51.021 Y56.678
G0 F7200 X51.043 Y56.91
G0 X49.131 Y56.623
G0 X49.175 Y56.481
G1 F3600 X47.916 Y57.74 E0.02961
G1 X47.846 Y57.81
G0 F7200 X47.846 Y57.59
G0 X46.425 Y57.59
G0 X46.425 Y57.739
G1 F3600 X43.76 Y55.074 E0.06268
G1 X43.69 Y55.004
G0 F7200 X43.91 Y55.004
G0 X43.91 Y56.238
G0 X43.761 Y56.238
G1 F3600 X45.765 Y54.234 E0.04713
G1 X45.835 Y54.164
G0 F7200 X45.643 Y54.32
G0 X44.789 Y52.848
G0 X43.91 Y50.581
G0 X43.761 Y50.581
G1 F3600 X43.841 Y50.502 E0.00187
G0 F7200 X43.91 Y50.502
G0 X43.91 Y49.497
G0 X43.841 Y49.497
G1 F3600 X43.76 Y49.417 E0.00189
G0 F7200 X43.91 Y49.417
G0 X44.278 Y51.337
G0 X44.669 Y52.623
G0 X45.301 Y53.807
G0 X46.153 Y54.847
G0 X47.193 Y55.699
G0 X48.377 Y56.331
G0 X49.663 Y56.722
G0 X51 Y56.854
G0 X52.337 Y56.722
G0 X53.494 Y56.37
G0 X55.26 Y55.41
G0 X55.26 Y55.26
G1 F3600 X56.24 Y56.24 E0.02305
G1 X56.31 Y56.31
G0 F7200 X56.09 Y56.31
G0 X52.376 Y56.773
G0 X52.287 Y56.477
;TYPE:WALL-INNER
G1 F3600 X51 Y56.599 E0.0215
G1 X49.708 Y56.476 E0.02158
G1 X48.469 Y56.097 E0.02155
G1 X47.334 Y55.494 E0.02137
G1 X46.328 Y54.666 E0.02167
G1 X45.505 Y53.661 E0.0216
G1 X44.899 Y52.53 E0.02134
G1 X44.523 Y51.288 E0.02158
G1 X44.4 Y50 E0.02152
G1 X44.523 Y48.708 E0.02158
G1 X44.899 Y47.466 E0.02158
G1 X45.505 Y46.335 E0.02134
G1 X46.326 Y45.332 E0.02156
G1 X47.335 Y44.505 E0.0217
G1 X48.471 Y43.898 E0.02142
G1 X49.708 Y43.524 E0.02149
G1 X51 Y43.396 E0.02159
G1 X52.288 Y43.524 E0.02153
G1 X53.525 Y43.898 E0.02149
G1 X54.665 Y44.508 E0.0215
G1 X55.143 Y44.9 E0.01028
G1 X56.4 Y44.9 E0.0209
G1 X56.4 Y42.313 E0.04302
G1 X56.274 Y42.101 E0.0041
G1 X43.6 Y42.1 E0.21077
G1 X43.601 Y57.899 E0.26274
G1 X56.272 Y57.9 E0.21072
G1 X56.4 Y57.683 E0.00419
G1 X56.4 Y55.1 E0.04296
G1 X55.143 Y55.1 E0.0209
G1 X54.663 Y55.494 E0.01033
G1 X53.527 Y56.097 E0.02139
G1 X52.287 Y56.477 E0.02157
G0 F7200 X52.192 Y56.084
;TYPE:WALL-OUTER
G1 F1800 X50.981 Y56.196 E0.02022
G1 X49.805 Y56.084 E0.01965
G1 X48.641 Y55.732 E0.02022
G1 X47.54 Y55.147 E0.02073
G1 X46.628 Y54.395 E0.01966
G1 X45.831 Y53.423 E0.0209
G1 X45.279 Y52.391 E0.01946
G1 X44.916 Y51.192 E0.02083
G1 X44.8 Y49.98 E0.02025
G1 X44.916 Y48.804 E0.01965
G1 X45.279 Y47.605 E0.02083
G1 X45.831 Y46.573 E0.01946
G1 X46.629 Y45.601 E0.02091
G1 X47.573 Y44.831 E0.02026
G1 X48.605 Y44.279 E0.01946
G1 X49.804 Y43.916 E0.02083
G1 X51.02 Y43.8 E0.02031
G1 X52.192 Y43.916 E0.01959
G1 X53.391 Y44.279 E0.02083
G1 X54.423 Y44.831 E0.01946
G1 X55 Y45.3 E0.01237
G1 X56.8 Y45.3 E0.02993
G1 X56.8 Y42.262 E0.05052
G1 X56.635 Y41.879 E0.00694
G1 X56.356 Y41.701 E0.0055
G1 X43.2 Y41.7 E0.21879
G1 X43.201 Y58.299 E0.27604
G1 X56.354 Y58.3 E0.21874
G1 X56.635 Y58.12 E0.00555
G1 X56.8 Y57.734 E0.00698
G1 X56.8 Y54.7 E0.05046
G1 X55 Y54.7 E0.02993
G1 X54.422 Y55.169 E0.01238
G1 X53.355 Y55.732 E0.02006
G1 X52.192 Y56.084 E0.02021
G0 F7200 X51.993 Y56.102
G0 X52.061 Y56.81
G0 X51 Y56.854
G0 X49.663 Y56.722
G0 X48.377 Y56.331
G0 X47.193 Y55.699
G0 X46.153 Y54.847
G0 X45.301 Y53.807
G0 X44.669 Y52.623
G0 X44.317 Y51.466
G0 X44.063 Y48.642
;TYPE:SKIN
G1 F1558.4 X43.959 Y48.107 E0.01047
G1 F2005.6 X43.959 Y47.927 E0.00269
G1 X44.382 Y47.927 E0.00631
G1 X44.31 Y48.16 E0.00364
G1 F1558.4 X44.063 Y48.642 E0.0104
G1 F1431.4 X44 Y49.98 E0.02801
G1 F1425.7 X44.065 Y51.34 E0.02859
G0 F7200 X44.385 Y52.07
G1 F1989 X43.961 Y52.068 E0.00638
G1 X43.961 Y51.888 E0.00271
G1 F1548.4 X44.065 Y51.34 E0.01078
G1 X44.315 Y51.837 E0.01076
G1 F1989 X44.385 Y52.07 E0.00366
G0 F7200 X44.21 Y52.142
;MESH:NONMESH
G0 F600 X44.21 Y52.142 Z7.8
G0 F7200 X43.91 Y43.76
G0 X43.76 Y43.76
;TIME_ELAPSED:558.024212
;LAYER:75
;TYPE:FILL
;MESH:hold.stl
G1 F3600 X45.765 Y45.765 E0.04715
G1 X45.835 Y45.835
G0 F7200 X45.645 Y45.678
G0 X43.91 Y44.925
G0 X43.761 Y44.925
G1 F3600 X46.426 Y42.26 E0.06268
G1 X46.496 Y42.19
G0 F7200 X46.496 Y42.41
G0 X47.917 Y42.41
G0 X47.917 Y42.26
G1 F3600 X49.174 Y43.517 E0.02956
G1 X49.244 Y43.587
G0 F7200 X49.176 Y43.363
G0 X51.112 Y43.098
G0 X51.098 Y43.245
G1 F3600 X52.083 Y42.26 E0.02317
G1 X52.153 Y42.19
G0 F7200 X52.153 Y42.41
G0 X53.574 Y42.41
G0 X53.574 Y42.26
G1 F3600 X56.054 Y44.74 E0.05833
G0 F7200 X55.259 Y44.74
G1 F3600 X56.24 Y43.759 E0.02307
G1 X56.31 Y43.689
G0 F7200 X56.09 Y43.689
G0 X51 Y43.146
G0 X49.663 Y43.278
G0 X48.377 Y43.669
G0 X47.193 Y44.301
G0 X46.153 Y45.153
G0 X45.301 Y46.193
G0 X44.669 Y47.377
G0 X44.278 Y48.663
G0 X44.146 Y50
G0 X44.278 Y51.337
G0 X44.669 Y52.623
G0 X45.301 Y53.807
G0 X46.153 Y54.847
G0 X47.193 Y55.699
G0 X48.377 Y56.331
G0 X49.663 Y56.722
G0 X51 Y56.854
G0 X52.337 Y56.722
G0 X56.053 Y55.41
G0 X56.053 Y55.26
G1 F3600 X53.573 Y57.74 E0.05833
G1 X53.503 Y57.81
G0 F7200 X53.503 Y57.59
G0 X52.083 Y57.59
G0 X52.083 Y57.74
G1 F3600 X51.091 Y56.748 E0.02333
G1 X51.021 Y56.678
G0 F7200 X51.043 Y56.91
G0 X49.131 Y56.623
G0 X49.175 Y56.481
G1 F3600 X47.916 Y57.74 E0.02961
G1 X47.846 Y57.81
G0 F7200 X47.846 Y57.59
G0 X46.425 Y57.59
G0 X46.425 Y57.739
G1 F3600 X43.76 Y55.074 E0.06268
G1 X43.69 Y55.004
G0 F7200 X43.91 Y55.004
G0 X43.91 Y56.238
G0 X43.761 Y56.238
G1 F3600 X45.765 Y54.234 E0.04713
G1 X45.835 Y54.164
G0 F7200 X45.643 Y54.32
G0 X44.789 Y52.848
G0 X43.91 Y50.581
G0 X43.761 Y50.581
G1 F3600 X43.841 Y50.502 E0.00187
G0 F7200 X43.91 Y50.502
G0 X43.91 Y49.497
G0 X43.841 Y49.497
G1 F3600 X43.76 Y49.417 E0.00189
G0 F7200 X43.91 Y49.417
G0 X44.278 Y51.337
G0 X44.669 Y52.623
G0 X45.301 Y53.807
G0 X46.153 Y54.847
G0 X47.193 Y55.699
G0 X48.377 Y56.331
G0 X49.663 Y56.722
G0 X51 Y56.854
G0 X52.337 Y56.722
G0 X53.494 Y56.37
G0 X55.26 Y55.41
G0 X55.26 Y55.26
G1 F3600 X56.24 Y56.24 E0.02305
G1 X56.31 Y56.31
G0 F7200 X56.09 Y56.31
G0 X52.376 Y56.773
G0 X52.287 Y56.477
;TYPE:WALL-INNER
G1 F3600 X51 Y56.599 E0.0215
G1 X49.708 Y56.476 E0.02158
G1 X48.469 Y56.097 E0.02155
G1 X47.334 Y55.494 E0.02137
G1 X46.328 Y54.666 E0.02167
G1 X45.505 Y53.661 E0.0216
G1 X44.899 Y52.53 E0.02134
G1 X44.523 Y51.288 E0.02158
G1 X44.4 Y50 E0.02152
G1 X44.523 Y48.708 E0.02158
G1 X44.899 Y47.466 E0.02158
G1 X45.505 Y46.335 E0.02134
G1 X46.326 Y45.332 E0.02156
G1 X47.335 Y44.505 E0.0217
G1 X48.471 Y43.898 E0.02142
G1 X49.708 Y43.524 E0.02149
G1 X51 Y43.396 E0.02159
G1 X52.288 Y43.524 E0.02153
G1 X53.525 Y43.898 E0.02149
G1 X54.665 Y44.508 E0.0215
G1 X55.143 Y44.9 E0.01028
G1 X56.4 Y44.9 E0.0209
G1 X56.4 Y42.313 E0.04302
G1 X56.274 Y42.101 E0.0041
G1 X43.6 Y42.1 E0.21077
G1 X43.601 Y57.899 E0.26274
G1 X56.272 Y57.9 E0.21072
G1 X56.4 Y57.683 E0.00419
G1 X56.4 Y55.1 E0.04296
G1 X55.143 Y55.1 E0.0209
G1 X54.663 Y55.494 E0.01033
G1 X53.527 Y56.097 E0.02139
G1 X52.287 Y56.477 E0.02157
G0 F7200 X52.192 Y56.084
;TYPE:WALL-OUTER
G1 F1800 X50.981 Y56.196 E0.02022
G1 X49.805 Y56.084 E0.01965
G1 X48.641 Y55.732 E0.02022
G1 X47.54 Y55.147 E0.02073
G1 X46.628 Y54.395 E0.01966
G1 X45.831 Y53.423 E0.0209
G1 X45.279 Y52.391 E0.01946
G1 X44.916 Y51.192 E0.02083
G1 X44.8 Y49.98 E0.02025
G1 X44.916 Y48.804 E0.01965
G1 X45.279 Y47.605 E0.02083
G1 X45.831 Y46.573 E0.01946
G1 X46.629 Y45.601 E0.02091
G1 X47.573 Y44.831 E0.02026
G1 X48.605 Y44.279 E0.01946
G1 X49.804 Y43.916 E0.02083
G1 X51.02 Y43.8 E0.02031
G1 X52.192 Y43.916 E0.01959
G1 X53.391 Y44.279 E0.02083
G1 X54.423 Y44.831 E0.01946
G1 X55 Y45.3 E0.01237
G1 X56.8 Y45.3 E0.02993
G1 X56.8 Y42.262 E0.05052
G1 X56.635 Y41.879 E0.00694
G1 X56.356 Y41.701 E0.0055
G1 X43.2 Y41.7 E0.21879
G1 X43.201 Y58.299 E0.27604
G1 X56.354 Y58.3 E0.21874
G1 X56.635 Y58.12 E0.00555
G1 X56.8 Y57.734 E0.00698
G1 X56.8 Y54.7 E0.05046
G1 X55 Y54.7 E0.02993
G1 X54.422 Y55.169 E0.01238
G1 X53.355 Y55.732 E0.02006
G1 X52.192 Y56.084 E0.02021
G0 F7200 X51.993 Y56.102
G0 X52.061 Y56.81
G0 X51 Y56.854
G0 X49.663 Y56.722
G0 X48.377 Y56.331
G0 X47.193 Y55.699
G0 X46.153 Y54.847
G0 X45.301 Y53.807
G0 X44.669 Y52.623
G0 X44.317 Y51.466
G0 X44.063 Y48.642
;TYPE:SKIN
G1 F1572.1 X43.956 Y48.156 E0.00948
G1 F2045.5 X43.956 Y47.98 E0.00258
G1 X44.37 Y47.98 E0.00606
G1 X44.3 Y48.208 E0.00349
G1 F1572.1 X44.063 Y48.642 E0.00942
G1 F1431.4 X44 Y49.98 E0.02801
G1 F1425.7 X44.065 Y51.34 E0.02859
G0 F7200 X44.374 Y52.015
G1 F2028.2 X43.957 Y52.015 E0.00615
G1 X43.957 Y51.837 E0.00263
G1 F1558.4 X44.065 Y51.34 E0.00977
G1 X44.305 Y51.787 E0.00975
G1 F2028.2 X44.374 Y52.015 E0.00352
G0 F7200 X44.21 Y52.089
;MESH:NONMESH
G0 F600 X44.21 Y52.089 Z7.9
G0 F7200 X43.91 Y43.76
G0 X43.76 Y43.76
;TIME_ELAPSED:564.505464
;LAYER:76
;TYPE:FILL
;MESH:hold.stl
G1 F3600 X45.765 Y45.765 E0.04715
G1 X45.835 Y45.835
G0 F7200 X45.645 Y45.678
G0 X43.91 Y44.925
G0 X43.761 Y44.925
G1 F3600 X46.426 Y42.26 E0.06268
G1 X46.496 Y42.19
G0 F7200 X46.496 Y42.41
G0 X47.917 Y42.41
G0 X47.917 Y42.26
G1 F3600 X49.174 Y43.517 E0.02956
G1 X49.244 Y43.587
G0 F7200 X49.176 Y43.363
G0 X51.112 Y43.098
G0 X51.098 Y43.245
G1 F3600 X52.083 Y42.26 E0.02317
G1 X52.153 Y42.19
G0 F7200 X52.153 Y42.41
G0 X53.574 Y42.41
G0 X53.574 Y42.26
G1 F3600 X56.054 Y44.74 E0.05833
G0 F7200 X55.259 Y44.74
G1 F3600 X56.24 Y43.759 E0.02307
G1 X56.31 Y43.689
G0 F7200 X56.09 Y43.689
G0 X51 Y43.146
G0 X49.663 Y43.278
G0 X48.377 Y43.669
G0 X47.193 Y44.301
G0 X46.153 Y45.153
G0 X45.301 Y46.193
G0 X44.669 Y47.377
G0 X44.278 Y48.663
G0 X44.146 Y50
G0 X44.278 Y51.337
G0 X44.669 Y52.623
G0 X45.301 Y53.807
G0 X46.153 Y54.847
G0 X47.193 Y55.699
G0 X48.377 Y56.331
G0 X49.663 Y56.722
G0 X51 Y56.854
G0 X52.337 Y56.722
G0 X56.053 Y55.41
G0 X56.053 Y55.26
G1 F3600 X53.573 Y57.74 E0.05833
G1 X53.503 Y57.81
G0 F7200 X53.503 Y57.59
G0 X52.083 Y57.59
G0 X52.083 Y57.74
G1 F3600 X51.091 Y56.748 E0.02333
G1 X51.021 Y56.678
G0 F7200 X51.043 Y56.91
G0 X49.131 Y56.623
G0 X49.175 Y56.481
G1 F3600 X47.916 Y57.74 E0.02961
G1 X47.846 Y57.81
G0 F7200 X47.846 Y57.59
G0 X46.425 Y57.59
G0 X46.425 Y57.739
G1 F3600 X43.76 Y55.074 E0.06268
G1 X43.69 Y55.004
G0 F7200 X43.91 Y55.004
G0 X43.91 Y56.238
G0 X43.761 Y56.238
G1 F3600 X45.765 Y54.234 E0.04713
G1 X45.835 Y54.164
G0 F7200 X45.643 Y54.32
G0 X44.789 Y52.848
G0 X43.91 Y50.581
G0 X43.761 Y50.581
G1 F3600 X43.841 Y50.502 E0.00187
G0 F7200 X43.91 Y50.502
G0 X43.91 Y49.497
G0 X43.841 Y49.497
G1 F3600 X43.76 Y49.417 E0.00189
G0 F7200 X43.91 Y49.417
G0 X44.278 Y51.337
G0 X44.669 Y52.623
G0 X45.301 Y53.807
G0 X46.153 Y54.847
G0 X47.193 Y55.699
G0 X48.377 Y56.331
G0 X49.663 Y56.722
G0 X51 Y56.854
G0 X52.337 Y56.722
G0 X53.494 Y56.37
G0 X55.26 Y55.41
G0 X55.26 Y55.26
G1 F3600 X56.24 Y56.24 E0.02305
G1 X56.31 Y56.31
G0 F7200 X56.09 Y56.31
G0 X52.376 Y56.773
G0 X52.287 Y56.477
;TYPE:WALL-INNER
G1 F3600 X51 Y56.599 E0.0215
G1 X49.708 Y56.476 E0.02158
G1 X48.469 Y56.097 E0.02155
G1 X47.334 Y55.494 E0.02137
G1 X46.328 Y54.666 E0.02167
G1 X45.505 Y53.661 E0.0216
G1 X44.899 Y52.53 E0.02134
G1 X44.523 Y51.288 E0.02158
G1 X44.4 Y50 E0.02152
G1 X44.523 Y48.708 E0.02158
G1 X44.899 Y47.466 E0.02158
G1 X45.505 Y46.335 E0.02134
G1 X46.326 Y45.332 E0.02156
G1 X47.335 Y44.505 E0.0217
G1 X48.471 Y43.898 E0.02142
G1 X49.708 Y43.524 E0.02149
G1 X51 Y43.396 E0.02159
G1 X52.288 Y43.524 E0.02153
G1 X53.525 Y43.898 E0.02149
G1 X54.665 Y44.508 E0.0215
G1 X55.143 Y44.9 E0.01028
G1 X56.4 Y44.9 E0.0209
G1 X56.4 Y42.313 E0.04302
G1 X56.274 Y42.101 E0.0041
G1 X43.6 Y42.1 E0.21077
G1 X43.601 Y57.899 E0.26274
G1 X56.272 Y57.9 E0.21072
G1 X56.4 Y57.683 E0.00419
G1 X56.4 Y55.1 E0.04296
G1 X55.143 Y55.1 E0.0209
G1 X54.663 Y55.494 E0.01033
G1 X53.527 Y56.097 E0.02139
G1 X52.287 Y56.477 E0.02157
G0 F7200 X52.192 Y56.084
;TYPE:WALL-OUTER
G1 F1800 X50.981 Y56.196 E0.02022
G1 X49.805 Y56.084 E0.01965
G1 X48.641 Y55.732 E0.02022
G1 X47.54 Y55.147 E0.02073
G1 X46.628 Y54.395 E0.01966
G1 X45.831 Y53.423 E0.0209
G1 X45.279 Y52.391 E0.01946
G1 X44.916 Y51.192 E0.02083
G1 X44.8 Y49.98 E0.02025
G1 X44.916 Y48.804 E0.01965
G1 X45.279 Y47.605 E0.02083
G1 X45.831 Y46.573 E0.01946
G1 X46.629 Y45.601 E0.02091
G1 X47.573 Y44.831 E0.02026
G1 X48.605 Y44.279 E0.01946
G1 X49.804 Y43.916 E0.02083
G1 X51.02 Y43.8 E0.02031
G1 X52.192 Y43.916 E0.01959
G1 X53.391 Y44.279 E0.02083
G1 X54.423 Y44.831 E0.01946
G1 X55 Y45.3 E0.01237
G1 X56.8 Y45.3 E0.02993
G1 X56.8 Y42.262 E0.05052
G1 X56.635 Y41.879 E0.00694
G1 X56.356 Y41.701 E0.0055
G1 X43.2 Y41.7 E0.21879
G1 X43.201 Y58.299 E0.27604
G1 X56.354 Y58.3 E0.21874
G1 X56.635 Y58.12 E0.00555
G1 X56.8 Y57.734 E0.00698
G1 X56.8 Y54.7 E0.05046
G1 X55 Y54.7 E0.02993
G1 X54.422 Y55.169 E0.01238
G1 X53.355 Y55.732 E0.02006
G1 X52.192 Y56.084 E0.02021
G0 F7200 X51.993 Y56.102
G0 X52.061 Y56.81
G0 X51 Y56.854
G0 X49.663 Y56.722
G0 X48.377 Y56.331
G0 X47.193 Y55.699
G0 X46.153 Y54.847
G0 X45.301 Y53.807
G0 X44.065 Y51.34
;TYPE:SKIN
G1 F1572.1 X44.295 Y51.739 E0.00877
G1 F2069 X44.362 Y51.962 E0.00337
G1 X43.954 Y51.962 E0.0059
G1 X43.954 Y51.788 E0.00252
G1 F1572.1 X44.065 Y51.34 E0.00879
G0 F7200 X44.063 Y48.642
G1 F1585.9 X43.952 Y48.204 E0.00853
G1 F2093 X43.952 Y48.032 E0.00246
G1 X44.356 Y48.032 E0.00578
G1 X44.288 Y48.254 E0.00332
G1 F1585.9 X44.063 Y48.642 E0.00847
G1 F1431.4 X44 Y49.98 E0.02801
G1 F1425.7 X44.065 Y51.34 E0.02859
G0 F7200 X44.21 Y51.354
;MESH:NONMESH
G0 F600 X44.21 Y51.354 Z8
G0 F7200 X43.91 Y43.76
G0 X43.76 Y43.76
;TIME_ELAPSED:570.971777
;LAYER:77
;TYPE:FILL
;MESH:hold.stl
G1 F3600 X45.765 Y45.765 E0.04715
G1 X45.835 Y45.835
G0 F7200 X45.645 Y45.678
G0 X43.91 Y44.925
G0 X43.761 Y44.925
G1 F3600 X46.426 Y42.26 E0.06268
G1 X46.496 Y42.19
G0 F7200 X46.496 Y42.41
G0 X47.917 Y42.41
G0 X47.917 Y42.26
G1 F3600 X49.174 Y43.517 E0.02956
G1 X49.244 Y43.587
G0 F7200 X49.176 Y43.363
G0 X51.112 Y43.098
G0 X51.098 Y43.245
G1 F3600 X52.083 Y42.26 E0.02317
G1 X52.153 Y42.19
G0 F7200 X52.153 Y42.41
G0 X53.574 Y42.41
G0 X53.574 Y42.26
G1 F3600 X56.054 Y44.74 E0.05833
G0 F7200 X55.259 Y44.74
G1 F3600 X56.24 Y43.759 E0.02307
G1 X56.31 Y43.689
G0 F7200 X56.09 Y43.689
G0 X51 Y43.146
G0 X49.663 Y43.278
G0 X48.377 Y43.669
G0 X47.193 Y44.301
G0 X46.153 Y45.153
G0 X45.301 Y46.193
G0 X44.669 Y47.377
G0 X44.278 Y48.663
G0 X44.146 Y50
G0 X44.278 Y51.337
G0 X44.669 Y52.623
G0 X45.301 Y53.807
G0 X46.153 Y54.847
G0 X47.193 Y55.699
G0 X48.377 Y56.331
G0 X49.663 Y56.722
G0 X51 Y56.854
G0 X52.337 Y56.722
G0 X56.053 Y55.41
G0 X56.053 Y55.26
G1 F3600 X53.573 Y57.74 E0.05833
G1 X53.503 Y57.81
G0 F7200 X53.503 Y57.59
G0 X52.083 Y57.59
G0 X52.083 Y57.74
G1 F3600 X51.091 Y56.748 E0.02333
G1 X51.021 Y56.678
G0 F7200 X51.043 Y56.91
G0 X49.131 Y56.623
G0 X49.175 Y56.481
G1 F3600 X47.916 Y57.74 E0.02961
G1 X47.846 Y57.81
G0 F7200 X47.846 Y57.59
G0 X46.425 Y57.59
G0 X46.425 Y57.739
G1 F3600 X43.76 Y55.074 E0.06268
G1 X43.69 Y55.004
G0 F7200 X43.91 Y55.004
G0 X43.91 Y56.238
G0 X43.761 Y56.238
G1 F3600 X45.765 Y54.234 E0.04713
G1 X45.835 Y54.164
G0 F7200 X45.643 Y54.32
G0 X44.789 Y52.848
G0 X43.91 Y50.581
G0 X43.761 Y50.581
G1 F3600 X43.841 Y50.502 E0.00187
G0 F7200 X43.91 Y50.502
G0 X43.91 Y49.497
G0 X43.841 Y49.497
G1 F3600 X43.76 Y49.417 E0.00189
G0 F7200 X43.91 Y49.417
G0 X44.278 Y51.337
G0 X44.669 Y52.623
G0 X45.301 Y53.807
G0 X46.153 Y54.847
G0 X47.193 Y55.699
G0 X48.377 Y56.331
G0 X49.663 Y56.722
G0 X51 Y56.854
G0 X52.337 Y56.722
G0 X53.494 Y56.37
G0 X55.26 Y55.41
G0 X55.26 Y55.26
G1 F3600 X56.24 Y56.24 E0.02305
G1 X56.31 Y56.31
G0 F7200 X56.09 Y56.31
G0 X52.376 Y56.773
G0 X52.287 Y56.477
;TYPE:WALL-INNER
G1 F3600 X51 Y56.599 E0.0215
G1 X49.708 Y56.476 E0.02158
G1 X48.469 Y56.097 E0.02155
G1 X47.334 Y55.494 E0.02137
G1 X46.328 Y54.666 E0.02167
G1 X45.505 Y53.661 E0.0216
G1 X44.899 Y52.53 E0.02134
G1 X44.523 Y51.288 E0.02158
G1 X44.4 Y50 E0.02152
G1 X44.523 Y48.708 E0.02158
G1 X44.899 Y47.466 E0.02158
G1 X45.505 Y46.335 E0.02134
G1 X46.326 Y45.332 E0.02156
G1 X47.335 Y44.505 E0.0217
G1 X48.471 Y43.898 E0.02142
G1 X49.708 Y43.524 E0.02149
G1 X51 Y43.396 E0.02159
G1 X52.288 Y43.524 E0.02153
G1 X53.525 Y43.898 E0.02149
G1 X54.665 Y44.508 E0.0215
G1 X55.143 Y44.9 E0.01028
G1 X56.4 Y44.9 E0.0209
G1 X56.4 Y42.313 E0.04302
G1 X56.274 Y42.101 E0.0041
G1 X43.6 Y42.1 E0.21077
G1 X43.601 Y57.899 E0.26274
G1 X56.272 Y57.9 E0.21072
G1 X56.4 Y57.683 E0.00419
G1 X56.4 Y55.1 E0.04296
G1 X55.143 Y55.1 E0.0209
G1 X54.663 Y55.494 E0.01033
G1 X53.527 Y56.097 E0.02139
G1 X52.287 Y56.477 E0.02157
G0 F7200 X52.192 Y56.084
;TYPE:WALL-OUTER
G1 F1800 X50.981 Y56.196 E0.02022
G1 X49.805 Y56.084 E0.01965
G1 X48.641 Y55.732 E0.02022
G1 X47.54 Y55.147 E0.02073
G1 X46.628 Y54.395 E0.01966
G1 X45.831 Y53.423 E0.0209
G1 X45.279 Y52.391 E0.01946
G1 X44.916 Y51.192 E0.02083
G1 X44.8 Y49.98 E0.02025
G1 X44.916 Y48.804 E0.01965
G1 X45.279 Y47.605 E0.02083
G1 X45.831 Y46.573 E0.01946
G1 X46.629 Y45.601 E0.02091
G1 X47.573 Y44.831 E0.02026
G1 X48.605 Y44.279 E0.01946
G1 X49.804 Y43.916 E0.02083
G1 X51.02 Y43.8 E0.02031
G1 X52.192 Y43.916 E0.01959
G1 X53.391 Y44.279 E0.02083
G1 X54.423 Y44.831 E0.01946
G1 X55 Y45.3 E0.01237
G1 X56.8 Y45.3 E0.02993
G1 X56.8 Y42.262 E0.05052
G1 X56.635 Y41.879 E0.00694
G1 X56.356 Y41.701 E0.0055
G1 X43.2 Y41.7 E0.21879
G1 X43.201 Y58.299 E0.27604
G1 X56.354 Y58.3 E0.21874
G1 X56.635 Y58.12 E0.00555
G1 X56.8 Y57.734 E0.00698
G1 X56.8 Y54.7 E0.05046
G1 X55 Y54.7 E0.02993
G1 X54.422 Y55.169 E0.01238
G1 X53.355 Y55.732 E0.02006
G1 X52.192 Y56.084 E0.02021
G0 F7200 X51.993 Y56.102
G0 X52.061 Y56.81
G0 X51 Y56.854
G0 X49.663 Y56.722
G0 X48.377 Y56.331
G0 X47.193 Y55.699
G0 X46.153 Y54.847
G0 X45.301 Y53.807
G0 X44.669 Y52.623
G0 X44.278 Y51.337
G0 X44.117 Y48.257
;TYPE:SKIN
G1 F1152 X44.068 Y48.584 E0.00859
G1 F1414.5 X44 Y49.98 E0.02958
G1 F1420.1 X44.066 Y51.361 E0.02914
G1 F1150.2 X44.12 Y51.738 E0.00991
G0 F7200 X44.21 Y51.764
;MESH:NONMESH
G0 F600 X44.21 Y51.764 Z8.1
G0 F7200 X43.91 Y43.76
G0 X43.76 Y43.76
;TIME_ELAPSED:577.330656
;LAYER:78
;TYPE:FILL
;MESH:hold.stl
G1 F3600 X45.765 Y45.765 E0.04715
G1 X45.835 Y45.835
G0 F7200 X45.645 Y45.678
G0 X43.91 Y44.925
G0 X43.761 Y44.925
G1 F3600 X46.426 Y42.26 E0.06268
G1 X46.496 Y42.19
G0 F7200 X46.496 Y42.41
G0 X47.917 Y42.41
G0 X47.917 Y42.26
G1 F3600 X49.174 Y43.517 E0.02956
G1 X49.244 Y43.587
G0 F7200 X49.176 Y43.363
G0 X51.112 Y43.098
G0 X51.098 Y43.245
G1 F3600 X52.083 Y42.26 E0.02317
G1 X52.153 Y42.19
G0 F7200 X52.153 Y42.41
G0 X53.574 Y42.41
G0 X53.574 Y42.26
G1 F3600 X56.054 Y44.74 E0.05833
G0 F7200 X55.259 Y44.74
G1 F3600 X56.24 Y43.759 E0.02307
G1 X56.31 Y43.689
G0 F7200 X56.09 Y43.689
G0 X51 Y43.146
G0 X49.663 Y43.278
G0 X48.377 Y43.669
G0 X47.193 Y44.301
G0 X46.153 Y45.153
G0 X45.301 Y46.193
G0 X44.669 Y47.377
G0 X44.278 Y48.663
G0 X44.146 Y50
G0 X44.278 Y51.337
G0 X44.669 Y52.623
G0 X45.301 Y53.807
G0 X46.153 Y54.847
G0 X47.193 Y55.699
G0 X48.377 Y56.331
G0 X49.663 Y56.722
G0 X51 Y56.854
G0 X52.337 Y56.722
G0 X56.053 Y55.41
G0 X56.053 Y55.26
G1 F3600 X53.573 Y57.74 E0.05833
G1 X53.503 Y57.81
G0 F7200 X53.503 Y57.59
G0 X52.083 Y57.59
G0 X52.083 Y57.74
G1 F3600 X51.091 Y56.748 E0.02333
G1 X51.021 Y56.678
G0 F7200 X51.043 Y56.91
G0 X49.131 Y56.623
G0 X49.175 Y56.481
G1 F3600 X47.916 Y57.74 E0.02961
G1 X47.846 Y57.81
G0 F7200 X47.846 Y57.59
G0 X46.425 Y57.59
G0 X46.425 Y57.739
G1 F3600 X43.76 Y55.074 E0.06268
G1 X43.69 Y55.004
G0 F7200 X43.91 Y55.004
G0 X43.91 Y56.238
G0 X43.761 Y56.238
G1 F3600 X45.765 Y54.234 E0.04713
G1 X45.835 Y54.164
G0 F7200 X45.643 Y54.32
G0 X44.789 Y52.848
G0 X43.91 Y50.581
G0 X43.761 Y50.581
G1 F3600 X44.249 Y50.094 E0.01147
G1 X44.249 Y49.906
G1 X43.76 Y49.417 E0.0115
G0 F7200 X43.91 Y49.417
G0 X44.278 Y51.337
G0 X44.669 Y52.623
G0 X45.301 Y53.807
G0 X46.153 Y54.847
G0 X47.193 Y55.699
G0 X48.377 Y56.331
G0 X49.663 Y56.722
G0 X51 Y56.854
G0 X52.337 Y56.722
G0 X53.494 Y56.37
G0 X55.26 Y55.41
G0 X55.26 Y55.26
G1 F3600 X56.24 Y56.24 E0.02305
G1 X56.31 Y56.31
G0 F7200 X56.09 Y56.31
G0 X52.376 Y56.773
G0 X52.287 Y56.477
;TYPE:WALL-INNER
G1 F3600 X51 Y56.599 E0.0215
G1 X49.708 Y56.476 E0.02158
G1 X48.469 Y56.097 E0.02155
G1 X47.334 Y55.494 E0.02137
G1 X46.328 Y54.666 E0.02167
G1 X45.505 Y53.661 E0.0216
G1 X44.899 Y52.53 E0.02134
G1 X44.523 Y51.288 E0.02158
G1 X44.4 Y50 E0.02152
G1 X44.523 Y48.708 E0.02158
G1 X44.899 Y47.466 E0.02158
G1 X45.505 Y46.335 E0.02134
G1 X46.326 Y45.332 E0.02156
G1 X47.335 Y44.505 E0.0217
G1 X48.471 Y43.898 E0.02142
G1 X49.708 Y43.524 E0.02149
G1 X51 Y43.396 E0.02159
G1 X52.288 Y43.524 E0.02153
G1 X53.525 Y43.898 E0.02149
G1 X54.665 Y44.508 E0.0215
G1 X55.143 Y44.9 E0.01028
G1 X56.4 Y44.9 E0.0209
G1 X56.4 Y42.313 E0.04302
G1 X56.274 Y42.101 E0.0041
G1 X43.6 Y42.1 E0.21077
G1 X43.601 Y57.899 E0.26274
G1 X56.272 Y57.9 E0.21072
G1 X56.4 Y57.683 E0.00419
G1 X56.4 Y55.1 E0.04296
G1 X55.143 Y55.1 E0.0209
G1 X54.663 Y55.494 E0.01033
G1 X53.527 Y56.097 E0.02139
G1 X52.287 Y56.477 E0.02157
G0 F7200 X52.192 Y56.084
;TYPE:WALL-OUTER
G1 F1800 X50.981 Y56.196 E0.02022
G1 X49.805 Y56.084 E0.01965
G1 X48.641 Y55.732 E0.02022
G1 X47.54 Y55.147 E0.02073
G1 X46.628 Y54.395 E0.01966
G1 X45.831 Y53.423 E0.0209
G1 X45.279 Y52.391 E0.01946
G1 X44.916 Y51.192 E0.02083
G1 X44.8 Y49.98 E0.02025
G1 X44.916 Y48.804 E0.01965
G1 X45.279 Y47.605 E0.02083
G1 X45.831 Y46.573 E0.01946
G1 X46.629 Y45.601 E0.02091
G1 X47.573 Y44.831 E0.02026
G1 X48.605 Y44.279 E0.01946
G1 X49.804 Y43.916 E0.02083
G1 X51.02 Y43.8 E0.02031
G1 X52.192 Y43.916 E0.01959
G1 X53.391 Y44.279 E0.02083
G1 X54.423 Y44.831 E0.01946
G1 X55 Y45.3 E0.01237
G1 X56.8 Y45.3 E0.02993
G1 X56.8 Y42.262 E0.05052
G1 X56.635 Y41.879 E0.00694
G1 X56.356 Y41.701 E0.0055
G1 X43.2 Y41.7 E0.21879
G1 X43.201 Y58.299 E0.27604
G1 X56.354 Y58.3 E0.21874
G1 X56.635 Y58.12 E0.00555
G1 X56.8 Y57.734 E0.00698
G1 X56.8 Y54.7 E0.05046
G1 X55 Y54.7 E0.02993
G1 X54.422 Y55.169 E0.01238
G1 X53.355 Y55.732 E0.02006
G1 X52.192 Y56.084 E0.02021
G0 F7200 X51.993 Y56.102
G0 X52.091 Y57.109
;MESH:NONMESH
G0 F600 X52.091 Y57.109 Z8.2
G0 F7200 X49.663 Y56.722
G0 X48.377 Y56.331
G0 X47.193 Y55.699
G0 X46.153 Y54.847
G0 X45.301 Y53.807
G0 X44.669 Y52.623
G0 X44.278 Y51.337
G0 X43.91 Y43.76
G0 X43.76 Y43.76
;TIME_ELAPSED:583.477843
;LAYER:79
;TYPE:FILL
;MESH:hold.stl
G1 F3600 X45.765 Y45.765 E0.04715
G1 X45.835 Y45.835
G0 F7200 X45.645 Y45.678
G0 X43.91 Y44.925
G0 X43.761 Y44.925
G1 F3600 X46.426 Y42.26 E0.06268
G1 X46.496 Y42.19
G0 F7200 X46.496 Y42.41
G0 X47.917 Y42.41
G0 X47.917 Y42.26
G1 F3600 X49.174 Y43.517 E0.02956
G1 X49.244 Y43.587
G0 F7200 X49.176 Y43.363
G0 X51.112 Y43.098
G0 X51.098 Y43.245
G1 F3600 X52.083 Y42.26 E0.02317
G1 X52.153 Y42.19
G0 F7200 X52.153 Y42.41
G0 X53.574 Y42.41
G0 X53.574 Y42.26
G1 F3600 X56.054 Y44.74 E0.05833
G0 F7200 X55.259 Y44.74
G1 F3600 X56.24 Y43.759 E0.02307
G1 X56.31 Y43.689
G0 F7200 X56.09 Y43.689
G0 X51 Y43.146
G0 X49.663 Y43.278
G0 X48.377 Y43.669
G0 X47.193 Y44.301
G0 X46.153 Y45.153
G0 X45.301 Y46.193
G0 X44.669 Y47.377
G0 X44.278 Y48.663
G0 X44.146 Y50
G0 X44.278 Y51.337
G0 X44.669 Y52.623
G0 X45.301 Y53.807
G0 X46.153 Y54.847
G0 X47.193 Y55.699
G0 X48.377 Y56.331
G0 X49.663 Y56.722
G0 X51 Y56.854
G0 X52.337 Y56.722
G0 X56.053 Y55.41
G0 X56.053 Y55.26
G1 F3600 X53.573 Y57.74 E0.05833
G1 X53.503 Y57.81
G0 F7200 X53.503 Y57.59
G0 X52.083 Y57.59
G0 X52.083 Y57.74
G1 F3600 X51.091 Y56.748 E0.02333
G1 X51.021 Y56.678
G0 F7200 X51.043 Y56.91
G0 X49.131 Y56.623
G0 X49.175 Y56.481
G1 F3600 X47.916 Y57.74 E0.02961
G1 X47.846 Y57.81
G0 F7200 X47.846 Y57.59
G0 X46.425 Y57.59
G0 X46.425 Y57.739
G1 F3600 X43.76 Y55.074 E0.06268
G1 X43.69 Y55.004
G0 F7200 X43.91 Y55.004
G0 X43.91 Y56.238
G0 X43.761 Y56.238
G1 F3600 X45.765 Y54.234 E0.04713
G1 X45.835 Y54.164
G0 F7200 X45.643 Y54.32
G0 X44.789 Y52.848
G0 X43.91 Y50.581
G0 X43.761 Y50.581
G1 F3600 X44.249 Y50.094 E0.01147
G1 X44.249 Y49.906
G1 X43.76 Y49.417 E0.0115
G0 F7200 X43.91 Y49.417
G0 X44.278 Y51.337
G0 X44.669 Y52.623
G0 X45.301 Y53.807
G0 X46.153 Y54.847
G0 X47.193 Y55.699
G0 X48.377 Y56.331
G0 X49.663 Y56.722
G0 X51 Y56.854
G0 X52.337 Y56.722
G0 X53.494 Y56.37
G0 X55.26 Y55.41
G0 X55.26 Y55.26
G1 F3600 X56.24 Y56.24 E0.02305
G1 X56.31 Y56.31
G0 F7200 X56.09 Y56.31
G0 X52.376 Y56.773
G0 X52.287 Y56.477
;TYPE:WALL-INNER
G1 F3600 X51 Y56.599 E0.0215
G1 X49.708 Y56.476 E0.02158
G1 X48.469 Y56.097 E0.02155
G1 X47.334 Y55.494 E0.02137
G1 X46.328 Y54.666 E0.02167
G1 X45.505 Y53.661 E0.0216
G1 X44.899 Y52.53 E0.02134
G1 X44.523 Y51.288 E0.02158
G1 X44.4 Y50 E0.02152
G1 X44.523 Y48.708 E0.02158
G1 X44.899 Y47.466 E0.02158
G1 X45.505 Y46.335 E0.02134
G1 X46.326 Y45.332 E0.02156
G1 X47.335 Y44.505 E0.0217
G1 X48.471 Y43.898 E0.02142
G1 X49.708 Y43.524 E0.02149
G1 X51 Y43.396 E0.02159
G1 X52.288 Y43.524 E0.02153
G1 X53.525 Y43.898 E0.02149
G1 X54.665 Y44.508 E0.0215
G1 X55.143 Y44.9 E0.01028
G1 X56.4 Y44.9 E0.0209
G1 X56.4 Y42.313 E0.04302
G1 X56.274 Y42.101 E0.0041
G1 X43.6 Y42.1 E0.21077
G1 X43.601 Y57.899 E0.26274
G1 X56.272 Y57.9 E0.21072
G1 X56.4 Y57.683 E0.00419
G1 X56.4 Y55.1 E0.04296
G1 X55.143 Y55.1 E0.0209
G1 X54.663 Y55.494 E0.01033
G1 X53.527 Y56.097 E0.02139
G1 X52.287 Y56.477 E0.02157
G0 F7200 X52.192 Y56.084
;TYPE:WALL-OUTER
G1 F1800 X50.981 Y56.196 E0.02022
G1 X49.805 Y56.084 E0.01965
G1 X48.641 Y55.732 E0.02022
G1 X47.54 Y55.147 E0.02073
G1 X46.628 Y54.395 E0.01966
G1 X45.831 Y53.423 E0.0209
G1 X45.279 Y52.391 E0.01946
G1 X44.916 Y51.192 E0.02083
G1 X44.8 Y49.98 E0.02025
G1 X44.916 Y48.804 E0.01965
G1 X45.279 Y47.605 E0.02083
G1 X45.831 Y46.573 E0.01946
G1 X46.629 Y45.601 E0.02091
G1 X47.573 Y44.831 E0.02026
G1 X48.605 Y44.279 E0.01946
G1 X49.804 Y43.916 E0.02083
G1 X51.02 Y43.8 E0.02031
G1 X52.192 Y43.916 E0.01959
G1 X53.391 Y44.279 E0.02083
G1 X54.423 Y44.831 E0.01946
G1 X55 Y45.3 E0.01237
G1 X56.8 Y45.3 E0.02993
G1 X56.8 Y42.262 E0.05052
G1 X56.635 Y41.879 E0.00694
G1 X56.356 Y41.701 E0.0055
G1 X43.2 Y41.7 E0.21879
G1 X43.201 Y58.299 E0.27604
G1 X56.354 Y58.3 E0.21874
G1 X56.635 Y58.12 E0.00555
G1 X56.8 Y57.734 E0.00698
G1 X56.8 Y54.7 E0.05046
G1 X55 Y54.7 E0.02993
G1 X54.422 Y55.169 E0.01238
G1 X53.355 Y55.732 E0.02006
G1 X52.192 Y56.084 E0.02021
G0 F7200 X51.993 Y56.102
G0 X52.091 Y57.109
;MESH:NONMESH
G0 F600 X52.091 Y57.109 Z8.3
G0 F7200 X49.663 Y56.722
G0 X48.377 Y56.331
G0 X47.193 Y55.699
G0 X46.153 Y54.847
G0 X45.301 Y53.807
G0 X44.669 Y52.623
G0 X44.278 Y51.337
G0 X43.91 Y43.76
G0 X43.76 Y43.76
;TIME_ELAPSED:589.625030
;LAYER:80
;TYPE:FILL
;MESH:hold.stl
G1 F3600 X45.765 Y45.765 E0.04715
G1 X45.835 Y45.835
G0 F7200 X45.645 Y45.678
G0 X43.91 Y44.925
G0 X43.761 Y44.925
G1 F3600 X46.426 Y42.26 E0.06268
G1 X46.496 Y42.19
G0 F7200 X46.496 Y42.41
G0 X47.917 Y42.41
G0 X47.917 Y42.26
G1 F3600 X49.174 Y43.517 E0.02956
G1 X49.244 Y43.587
G0 F7200 X49.176 Y43.363
G0 X51.112 Y43.098
G0 X51.098 Y43.245
G1 F3600 X52.083 Y42.26 E0.02317
G1 X52.153 Y42.19
G0 F7200 X52.153 Y42.41
G0 X53.574 Y42.41
G0 X53.574 Y42.26
G1 F3600 X56.054 Y44.74 E0.05833
G0 F7200 X55.259 Y44.74
G1 F3600 X56.24 Y43.759 E0.02307
G1 X56.31 Y43.689
G0 F7200 X56.09 Y43.689
G0 X51 Y43.146
G0 X49.663 Y43.278
G0 X48.377 Y43.669
G0 X47.193 Y44.301
G0 X46.153 Y45.153
G0 X45.301 Y46.193
G0 X44.669 Y47.377
G0 X44.278 Y48.663
G0 X44.146 Y50
G0 X44.278 Y51.337
G0 X44.669 Y52.623
G0 X45.301 Y53.807
G0 X46.153 Y54.847
G0 X47.193 Y55.699
G0 X48.377 Y56.331
G0 X49.663 Y56.722
G0 X51 Y56.854
G0 X52.337 Y56.722
G0 X56.053 Y55.41
G0 X56.053 Y55.26
G1 F3600 X53.573 Y57.74 E0.05833
G1 X53.503 Y57.81
G0 F7200 X53.503 Y57.59
G0 X52.083 Y57.59
G0 X52.083 Y57.74
G1 F3600 X51.091 Y56.748 E0.02333
G1 X51.021 Y56.678
G0 F7200 X51.043 Y56.91
G0 X49.131 Y56.623
G0 X49.175 Y56.481
G1 F3600 X47.916 Y57.74 E0.02961
G1 X47.846 Y57.81
G0 F7200 X47.846 Y57.59
G0 X46.425 Y57.59
G0 X46.425 Y57.739
G1 F3600 X43.76 Y55.074 E0.06268
G1 X43.69 Y55.004
G0 F7200 X43.91 Y55.004
G0 X43.91 Y56.238
G0 X43.761 Y56.238
G1 F3600 X45.765 Y54.234 E0.04713
G1 X45.835 Y54.164
G0 F7200 X45.643 Y54.32
G0 X44.789 Y52.848
G0 X43.91 Y50.581
G0 X43.761 Y50.581
G1 F3600 X44.249 Y50.094 E0.01147
G1 X44.249 Y49.906
G1 X43.76 Y49.417 E0.0115
G0 F7200 X43.91 Y49.417
G0 X44.278 Y51.337
G0 X44.669 Y52.623
G0 X45.301 Y53.807
G0 X46.153 Y54.847
G0 X47.193 Y55.699
G0 X48.377 Y56.331
G0 X49.663 Y56.722
G0 X51 Y56.854
G0 X52.337 Y56.722
G0 X53.494 Y56.37
G0 X55.26 Y55.41
G0 X55.26 Y55.26
G1 F3600 X56.24 Y56.24 E0.02305
G1 X56.31 Y56.31
G0 F7200 X56.09 Y56.31
G0 X52.376 Y56.773
G0 X52.287 Y56.477
;TYPE:WALL-INNER
G1 F3600 X51 Y56.599 E0.0215
G1 X49.708 Y56.476 E0.02158
G1 X48.469 Y56.097 E0.02155
G1 X47.334 Y55.494 E0.02137
G1 X46.328 Y54.666 E0.02167
G1 X45.505 Y53.661 E0.0216
G1 X44.899 Y52.53 E0.02134
G1 X44.523 Y51.288 E0.02158
G1 X44.4 Y50 E0.02152
G1 X44.523 Y48.708 E0.02158
G1 X44.899 Y47.466 E0.02158
G1 X45.505 Y46.335 E0.02134
G1 X46.326 Y45.332 E0.02156
G1 X47.335 Y44.505 E0.0217
G1 X48.471 Y43.898 E0.02142
G1 X49.708 Y43.524 E0.02149
G1 X51 Y43.396 E0.02159
G1 X52.288 Y43.524 E0.02153
G1 X53.525 Y43.898 E0.02149
G1 X54.665 Y44.508 E0.0215
G1 X55.143 Y44.9 E0.01028
G1 X56.4 Y44.9 E0.0209
G1 X56.4 Y42.313 E0.04302
G1 X56.274 Y42.101 E0.0041
G1 X43.6 Y42.1 E0.21077
G1 X43.601 Y57.899 E0.26274
G1 X56.272 Y57.9 E0.21072
G1 X56.4 Y57.683 E0.00419
G1 X56.4 Y55.1 E0.04296
G1 X55.143 Y55.1 E0.0209
G1 X54.663 Y55.494 E0.01033
G1 X53.527 Y56.097 E0.02139
G1 X52.287 Y56.477 E0.02157
G0 F7200 X52.192 Y56.084
;TYPE:WALL-OUTER
G1 F1800 X50.981 Y56.196 E0.02022
G1 X49.805 Y56.084 E0.01965
G1 X48.641 Y55.732 E0.02022
G1 X47.54 Y55.147 E0.02073
G1 X46.628 Y54.395 E0.01966
G1 X45.831 Y53.423 E0.0209
G1 X45.279 Y52.391 E0.01946
G1 X44.916 Y51.192 E0.02083
G1 X44.8 Y49.98 E0.02025
G1 X44.916 Y48.804 E0.01965
G1 X45.279 Y47.605 E0.02083
G1 X45.831 Y46.573 E0.01946
G1 X46.629 Y45.601 E0.02091
G1 X47.573 Y44.831 E0.02026
G1 X48.605 Y44.279 E0.01946
G1 X49.804 Y43.916 E0.02083
G1 X51.02 Y43.8 E0.02031
G1 X52.192 Y43.916 E0.01959
G1 X53.391 Y44.279 E0.02083
G1 X54.423 Y44.831 E0.01946
G1 X55 Y45.3 E0.01237
G1 X56.8 Y45.3 E0.02993
G1 X56.8 Y42.262 E0.05052
G1 X56.635 Y41.879 E0.00694
G1 X56.356 Y41.701 E0.0055
G1 X43.2 Y41.7 E0.21879
G1 X43.201 Y58.299 E0.27604
G1 X56.354 Y58.3 E0.21874
G1 X56.635 Y58.12 E0.00555
G1 X56.8 Y57.734 E0.00698
G1 X56.8 Y54.7 E0.05046
G1 X55 Y54.7 E0.02993
G1 X54.422 Y55.169 E0.01238
G1 X53.355 Y55.732 E0.02006
G1 X52.192 Y56.084 E0.02021
G0 F7200 X51.993 Y56.102
G0 X52.091 Y57.109
;MESH:NONMESH
G0 F600 X52.091 Y57.109 Z8.4
G0 F7200 X49.663 Y56.722
G0 X48.377 Y56.331
G0 X47.193 Y55.699
G0 X46.153 Y54.847
G0 X45.301 Y53.807
G0 X44.669 Y52.623
G0 X44.278 Y51.337
G0 X43.91 Y43.76
G0 X43.76 Y43.76
;TIME_ELAPSED:595.772217
;LAYER:81
;TYPE:FILL
;MESH:hold.stl
G1 F3600 X45.765 Y45.765 E0.04715
G1 X45.835 Y45.835
G0 F7200 X45.645 Y45.678
G0 X43.91 Y44.925
G0 X43.761 Y44.925
G1 F3600 X46.426 Y42.26 E0.06268
G1 X46.496 Y42.19
G0 F7200 X46.496 Y42.41
G0 X47.917 Y42.41
G0 X47.917 Y42.26
G1 F3600 X49.174 Y43.517 E0.02956
G1 X49.244 Y43.587
G0 F7200 X49.176 Y43.363
G0 X51.112 Y43.098
G0 X51.098 Y43.245
G1 F3600 X52.083 Y42.26 E0.02317
G1 X52.153 Y42.19
G0 F7200 X52.153 Y42.41
G0 X53.574 Y42.41
G0 X53.574 Y42.26
G1 F3600 X56.054 Y44.74 E0.05833
G0 F7200 X55.259 Y44.74
G1 F3600 X56.24 Y43.759 E0.02307
G1 X56.31 Y43.689
G0 F7200 X56.09 Y43.689
G0 X51 Y43.146
G0 X49.663 Y43.278
G0 X48.377 Y43.669
G0 X47.193 Y44.301
G0 X46.153 Y45.153
G0 X45.301 Y46.193
G0 X44.669 Y47.377
G0 X44.278 Y48.663
G0 X44.146 Y50
G0 X44.278 Y51.337
G0 X44.669 Y52.623
G0 X45.301 Y53.807
G0 X46.153 Y54.847
G0 X47.193 Y55.699
G0 X48.377 Y56.331
G0 X49.663 Y56.722
G0 X51 Y56.854
G0 X52.337 Y56.722
G0 X56.053 Y55.41
G0 X56.053 Y55.26
G1 F3600 X53.573 Y57.74 E0.05833
G1 X53.503 Y57.81
G0 F7200 X53.503 Y57.59
G0 X52.083 Y57.59
G0 X52.083 Y57.74
G1 F3600 X51.091 Y56.748 E0.02333
G1 X51.021 Y56.678
G0 F7200 X51.043 Y56.91
G0 X49.131 Y56.623
G0 X49.175 Y56.481
G1 F3600 X47.916 Y57.74 E0.02961
G1 X47.846 Y57.81
G0 F7200 X47.846 Y57.59
G0 X46.425 Y57.59
G0 X46.425 Y57.739
G1 F3600 X43.76 Y55.074 E0.06268
G1 X43.69 Y55.004
G0 F7200 X43.91 Y55.004
G0 X43.91 Y56.238
G0 X43.761 Y56.238
G1 F3600 X45.765 Y54.234 E0.04713
G1 X45.835 Y54.164
G0 F7200 X45.643 Y54.32
G0 X44.789 Y52.848
G0 X43.91 Y50.581
G0 X43.761 Y50.581
G1 F3600 X44.249 Y50.094 E0.01147
G1 X44.249 Y49.906
G1 X43.76 Y49.417 E0.0115
G0 F7200 X43.91 Y49.417
G0 X44.278 Y51.337
G0 X44.669 Y52.623
G0 X45.301 Y53.807
G0 X46.153 Y54.847
G0 X47.193 Y55.699
G0 X48.377 Y56.331
G0 X49.663 Y56.722
G0 X51 Y56.854
G0 X52.337 Y56.722
G0 X53.494 Y56.37
G0 X55.26 Y55.41
G0 X55.26 Y55.26
G1 F3600 X56.24 Y56.24 E0.02305
G1 X56.31 Y56.31
G0 F7200 X56.09 Y56.31
G0 X52.376 Y56.773
G0 X52.287 Y56.477
;TYPE:WALL-INNER
G1 F3600 X51 Y56.599 E0.0215
G1 X49.708 Y56.476 E0.02158
G1 X48.469 Y56.097 E0.02155
G1 X47.334 Y55.494 E0.02137
G1 X46.328 Y54.666 E0.02167
G1 X45.505 Y53.661 E0.0216
G1 X44.899 Y52.53 E0.02134
G1 X44.523 Y51.288 E0.02158
G1 X44.4 Y50 E0.02152
G1 X44.523 Y48.708 E0.02158
G1 X44.899 Y47.466 E0.02158
G1 X45.505 Y46.335 E0.02134
G1 X46.326 Y45.332 E0.02156
G1 X47.335 Y44.505 E0.0217
G1 X48.471 Y43.898 E0.02142
G1 X49.708 Y43.524 E0.02149
G1 X51 Y43.396 E0.02159
G1 X52.288 Y43.524 E0.02153
G1 X53.525 Y43.898 E0.02149
G1 X54.665 Y44.508 E0.0215
G1 X55.143 Y44.9 E0.01028
G1 X56.4 Y44.9 E0.0209
G1 X56.4 Y42.313 E0.04302
G1 X56.274 Y42.101 E0.0041
G1 X43.6 Y42.1 E0.21077
G1 X43.601 Y57.899 E0.26274
G1 X56.272 Y57.9 E0.21072
G1 X56.4 Y57.683 E0.00419
G1 X56.4 Y55.1 E0.04296
G1 X55.143 Y55.1 E0.0209
G1 X54.663 Y55.494 E0.01033
G1 X53.527 Y56.097 E0.02139
G1 X52.287 Y56.477 E0.02157
G0 F7200 X52.192 Y56.084
;TYPE:WALL-OUTER
G1 F1800 X50.981 Y56.196 E0.02022
G1 X49.805 Y56.084 E0.01965
G1 X48.641 Y55.732 E0.02022
G1 X47.54 Y55.147 E0.02073
G1 X46.628 Y54.395 E0.01966
G1 X45.831 Y53.423 E0.0209
G1 X45.279 Y52.391 E0.01946
G1 X44.916 Y51.192 E0.02083
G1 X44.8 Y49.98 E0.02025
G1 X44.916 Y48.804 E0.01965
G1 X45.279 Y47.605 E0.02083
G1 X45.831 Y46.573 E0.01946
G1 X46.629 Y45.601 E0.02091
G1 X47.573 Y44.831 E0.02026
G1 X48.605 Y44.279 E0.01946
G1 X49.804 Y43.916 E0.02083
G1 X51.02 Y43.8 E0.02031
G1 X52.192 Y43.916 E0.01959
G1 X53.391 Y44.279 E0.02083
G1 X54.423 Y44.831 E0.01946
G1 X55 Y45.3 E0.01237
G1 X56.8 Y45.3 E0.02993
G1 X56.8 Y42.262 E0.05052
G1 X56.635 Y41.879 E0.00694
G1 X56.356 Y41.701 E0.0055
G1 X43.2 Y41.7 E0.21879
G1 X43.201 Y58.299 E0.27604
G1 X56.354 Y58.3 E0.21874
G1 X56.635 Y58.12 E0.00555
G1 X56.8 Y57.734 E0.00698
G1 X56.8 Y54.7 E0.05046
G1 X55 Y54.7 E0.02993
G1 X54.422 Y55.169 E0.01238
G1 X53.355 Y55.732 E0.02006
G1 X52.192 Y56.084 E0.02021
G0 F7200 X51.993 Y56.102
G0 X52.091 Y57.109
;MESH:NONMESH
G0 F600 X52.091 Y57.109 Z8.5
G0 F7200 X49.663 Y56.722
G0 X48.377 Y56.331
G0 X47.193 Y55.699
G0 X46.153 Y54.847
G0 X45.301 Y53.807
G0 X44.669 Y52.623
G0 X44.278 Y51.337
G0 X43.91 Y43.76
G0 X43.76 Y43.76
;TIME_ELAPSED:601.919403
;LAYER:82
;TYPE:FILL
;MESH:hold.stl
G1 F3600 X45.765 Y45.765 E0.04715
G1 X45.835 Y45.835
G0 F7200 X45.645 Y45.678
G0 X43.91 Y44.925
G0 X43.761 Y44.925
G1 F3600 X46.426 Y42.26 E0.06268
G1 X46.496 Y42.19
G0 F7200 X46.496 Y42.41
G0 X47.917 Y42.41
G0 X47.917 Y42.26
G1 F3600 X49.174 Y43.517 E0.02956
G1 X49.244 Y43.587
G0 F7200 X49.176 Y43.363
G0 X51.112 Y43.098
G0 X51.098 Y43.245
G1 F3600 X52.083 Y42.26 E0.02317
G1 X52.153 Y42.19
G0 F7200 X52.153 Y42.41
G0 X53.574 Y42.41
G0 X53.574 Y42.26
G1 F3600 X56.054 Y44.74 E0.05833
G0 F7200 X55.259 Y44.74
G1 F3600 X56.24 Y43.759 E0.02307
G1 X56.31 Y43.689
G0 F7200 X56.09 Y43.689
G0 X51 Y43.146
G0 X49.663 Y43.278
G0 X48.377 Y43.669
G0 X47.193 Y44.301
G0 X46.153 Y45.153
G0 X45.301 Y46.193
G0 X44.669 Y47.377
G0 X44.278 Y48.663
G0 X44.146 Y50
G0 X44.278 Y51.337
G0 X44.669 Y52.623
G0 X45.301 Y53.807
G0 X46.153 Y54.847
G0 X47.193 Y55.699
G0 X48.377 Y56.331
G0 X49.663 Y56.722
G0 X51 Y56.854
G0 X52.337 Y56.722
G0 X56.053 Y55.41
G0 X56.053 Y55.26
G1 F3600 X53.573 Y57.74 E0.05833
G1 X53.503 Y57.81
G0 F7200 X53.503 Y57.59
G0 X52.083 Y57.59
G0 X52.083 Y57.74
G1 F3600 X51.091 Y56.748 E0.02333
G1 X51.021 Y56.678
G0 F7200 X51.043 Y56.91
G0 X49.131 Y56.623
G0 X49.175 Y56.481
G1 F3600 X47.916 Y57.74 E0.02961
G1 X47.846 Y57.81
G0 F7200 X47.846 Y57.59
G0 X46.425 Y57.59
G0 X46.425 Y57.739
G1 F3600 X43.76 Y55.074 E0.06268
G1 X43.69 Y55.004
G0 F7200 X43.91 Y55.004
G0 X43.91 Y56.238
G0 X43.761 Y56.238
G1 F3600 X45.765 Y54.234 E0.04713
G1 X45.835 Y54.164
G0 F7200 X45.643 Y54.32
G0 X44.789 Y52.848
G0 X43.91 Y50.581
G0 X43.761 Y50.581
G1 F3600 X44.249 Y50.094 E0.01147
G1 X44.249 Y49.906
G1 X43.76 Y49.417 E0.0115
G0 F7200 X43.91 Y49.417
G0 X44.278 Y51.337
G0 X44.669 Y52.623
G0 X45.301 Y53.807
G0 X46.153 Y54.847
G0 X47.193 Y55.699
G0 X48.377 Y56.331
G0 X49.663 Y56.722
G0 X51 Y56.854
G0 X52.337 Y56.722
G0 X53.494 Y56.37
G0 X55.26 Y55.41
G0 X55.26 Y55.26
G1 F3600 X56.24 Y56.24 E0.02305
G1 X56.31 Y56.31
G0 F7200 X56.09 Y56.31
G0 X52.376 Y56.773
G0 X52.287 Y56.477
;TYPE:WALL-INNER
G1 F3600 X51 Y56.599 E0.0215
G1 X49.708 Y56.476 E0.02158
G1 X48.469 Y56.097 E0.02155
G1 X47.334 Y55.494 E0.02137
G1 X46.328 Y54.666 E0.02167
G1 X45.505 Y53.661 E0.0216
G1 X44.899 Y52.53 E0.02134
G1 X44.523 Y51.288 E0.02158
G1 X44.4 Y50 E0.02152
G1 X44.523 Y48.708 E0.02158
G1 X44.899 Y47.466 E0.02158
G1 X45.505 Y46.335 E0.02134
G1 X46.326 Y45.332 E0.02156
G1 X47.335 Y44.505 E0.0217
G1 X48.471 Y43.898 E0.02142
G1 X49.708 Y43.524 E0.02149
G1 X51 Y43.396 E0.02159
G1 X52.288 Y43.524 E0.02153
G1 X53.525 Y43.898 E0.02149
G1 X54.665 Y44.508 E0.0215
G1 X55.143 Y44.9 E0.01028
G1 X56.4 Y44.9 E0.0209
G1 X56.4 Y42.313 E0.04302
G1 X56.274 Y42.101 E0.0041
G1 X43.6 Y42.1 E0.21077
G1 X43.601 Y57.899 E0.26274
G1 X56.272 Y57.9 E0.21072
G1 X56.4 Y57.683 E0.00419
G1 X56.4 Y55.1 E0.04296
G1 X55.143 Y55.1 E0.0209
G1 X54.663 Y55.494 E0.01033
G1 X53.527 Y56.097 E0.02139
G1 X52.287 Y56.477 E0.02157
G0 F7200 X52.192 Y56.084
;TYPE:WALL-OUTER
G1 F1800 X50.981 Y56.196 E0.02022
G1 X49.805 Y56.084 E0.01965
G1 X48.641 Y55.732 E0.02022
G1 X47.54 Y55.147 E0.02073
G1 X46.628 Y54.395 E0.01966
G1 X45.831 Y53.423 E0.0209
G1 X45.279 Y52.391 E0.01946
G1 X44.916 Y51.192 E0.02083
G1 X44.8 Y49.98 E0.02025
G1 X44.916 Y48.804 E0.01965
G1 X45.279 Y47.605 E0.02083
G1 X45.831 Y46.573 E0.01946
G1 X46.629 Y45.601 E0.02091
G1 X47.573 Y44.831 E0.02026
G1 X48.605 Y44.279 E0.01946
G1 X49.804 Y43.916 E0.02083
G1 X51.02 Y43.8 E0.02031
G1 X52.192 Y43.916 E0.01959
G1 X53.391 Y44.279 E0.02083
G1 X54.423 Y44.831 E0.01946
G1 X55 Y45.3 E0.01237
G1 X56.8 Y45.3 E0.02993
G1 X56.8 Y42.262 E0.05052
G1 X56.635 Y41.879 E0.00694
G1 X56.356 Y41.701 E0.0055
G1 X43.2 Y41.7 E0.21879
G1 X43.201 Y58.299 E0.27604
G1 X56.354 Y58.3 E0.21874
G1 X56.635 Y58.12 E0.00555
G1 X56.8 Y57.734 E0.00698
G1 X56.8 Y54.7 E0.05046
G1 X55 Y54.7 E0.02993
G1 X54.422 Y55.169 E0.01238
G1 X53.355 Y55.732 E0.02006
G1 X52.192 Y56.084 E0.02021
G0 F7200 X51.993 Y56.102
G0 X52.091 Y57.109
;MESH:NONMESH
G0 F600 X52.091 Y57.109 Z8.6
G0 F7200 X49.663 Y56.722
G0 X48.377 Y56.331
G0 X47.193 Y55.699
G0 X46.153 Y54.847
G0 X45.301 Y53.807
G0 X44.669 Y52.623
G0 X44.278 Y51.337
G0 X43.91 Y43.76
G0 X43.76 Y43.76
;TIME_ELAPSED:608.066590
;LAYER:83
;TYPE:FILL
;MESH:hold.stl
G1 F3600 X45.765 Y45.765 E0.04715
G1 X45.835 Y45.835
G0 F7200 X45.645 Y45.678
G0 X43.91 Y44.925
G0 X43.761 Y44.925
G1 F3600 X46.426 Y42.26 E0.06268
G1 X46.496 Y42.19
G0 F7200 X46.496 Y42.41
G0 X47.917 Y42.41
G0 X47.917 Y42.26
G1 F3600 X49.174 Y43.517 E0.02956
G1 X49.244 Y43.587
G0 F7200 X49.176 Y43.363
G0 X51.112 Y43.098
G0 X51.098 Y43.245
G1 F3600 X52.083 Y42.26 E0.02317
G1 X52.153 Y42.19
G0 F7200 X52.153 Y42.41
G0 X53.574 Y42.41
G0 X53.574 Y42.26
G1 F3600 X56.054 Y44.74 E0.05833
G0 F7200 X55.259 Y44.74
G1 F3600 X56.24 Y43.759 E0.02307
G1 X56.31 Y43.689
G0 F7200 X56.09 Y43.689
G0 X51 Y43.146
G0 X49.663 Y43.278
G0 X48.377 Y43.669
G0 X47.193 Y44.301
G0 X46.153 Y45.153
G0 X45.301 Y46.193
G0 X44.669 Y47.377
G0 X44.278 Y48.663
G0 X44.146 Y50
G0 X44.278 Y51.337
G0 X44.669 Y52.623
G0 X45.301 Y53.807
G0 X46.153 Y54.847
G0 X47.193 Y55.699
G0 X48.377 Y56.331
G0 X49.663 Y56.722
G0 X51 Y56.854
G0 X52.337 Y56.722
G0 X56.053 Y55.41
G0 X56.053 Y55.26
G1 F3600 X53.573 Y57.74 E0.05833
G1 X53.503 Y57.81
G0 F7200 X53.503 Y57.59
G0 X52.083 Y57.59
G0 X52.083 Y57.74
G1 F3600 X51.091 Y56.748 E0.02333
G1 X51.021 Y56.678
G0 F7200 X51.043 Y56.91
G0 X49.131 Y56.623
G0 X49.175 Y56.481
G1 F3600 X47.916 Y57.74 E0.02961
G1 X47.846 Y57.81
G0 F7200 X47.846 Y57.59
G0 X46.425 Y57.59
G0 X46.425 Y57.739
G1 F3600 X43.76 Y55.074 E0.06268
G1 X43.69 Y55.004
G0 F7200 X43.91 Y55.004
G0 X43.91 Y56.238
G0 X43.761 Y56.238
G1 F3600 X45.765 Y54.234 E0.04713
G1 X45.835 Y54.164
G0 F7200 X45.643 Y54.32
G0 X44.789 Y52.848
G0 X43.91 Y50.581
G0 X43.761 Y50.581
G1 F3600 X44.249 Y50.094 E0.01147
G1 X44.249 Y49.906
G1 X43.76 Y49.417 E0.0115
G0 F7200 X43.91 Y49.417
G0 X44.278 Y51.337
G0 X44.669 Y52.623
G0 X45.301 Y53.807
G0 X46.153 Y54.847
G0 X47.193 Y55.699
G0 X48.377 Y56.331
G0 X49.663 Y56.722
G0 X51 Y56.854
G0 X52.337 Y56.722
G0 X53.494 Y56.37
G0 X55.26 Y55.41
G0 X55.26 Y55.26
G1 F3600 X56.24 Y56.24 E0.02305
G1 X56.31 Y56.31
G0 F7200 X56.09 Y56.31
G0 X52.376 Y56.773
G0 X52.287 Y56.477
;TYPE:WALL-INNER
G1 F3600 X51 Y56.599 E0.0215
G1 X49.708 Y56.476 E0.02158
G1 X48.469 Y56.097 E0.02155
G1 X47.334 Y55.494 E0.02137
G1 X46.328 Y54.666 E0.02167
G1 X45.505 Y53.661 E0.0216
G1 X44.899 Y52.53 E0.02134
G1 X44.523 Y51.288 E0.02158
G1 X44.4 Y50 E0.02152
G1 X44.523 Y48.708 E0.02158
G1 X44.899 Y47.466 E0.02158
G1 X45.505 Y46.335 E0.02134
G1 X46.326 Y45.332 E0.02156
G1 X47.335 Y44.505 E0.0217
G1 X48.471 Y43.898 E0.02142
G1 X49.708 Y43.524 E0.02149
G1 X51 Y43.396 E0.02159
G1 X52.288 Y43.524 E0.02153
G1 X53.525 Y43.898 E0.02149
G1 X54.665 Y44.508 E0.0215
G1 X55.143 Y44.9 E0.01028
G1 X56.4 Y44.9 E0.0209
G1 X56.4 Y42.313 E0.04302
G1 X56.274 Y42.101 E0.0041
G1 X43.6 Y42.1 E0.21077
G1 X43.601 Y57.899 E0.26274
G1 X56.272 Y57.9 E0.21072
G1 X56.4 Y57.683 E0.00419
G1 X56.4 Y55.1 E0.04296
G1 X55.143 Y55.1 E0.0209
G1 X54.663 Y55.494 E0.01033
G1 X53.527 Y56.097 E0.02139
G1 X52.287 Y56.477 E0.02157
G0 F7200 X52.192 Y56.084
;TYPE:WALL-OUTER
G1 F1800 X50.981 Y56.196 E0.02022
G1 X49.805 Y56.084 E0.01965
G1 X48.641 Y55.732 E0.02022
G1 X47.54 Y55.147 E0.02073
G1 X46.628 Y54.395 E0.01966
G1 X45.831 Y53.423 E0.0209
G1 X45.279 Y52.391 E0.01946
G1 X44.916 Y51.192 E0.02083
G1 X44.8 Y49.98 E0.02025
G1 X44.916 Y48.804 E0.01965
G1 X45.279 Y47.605 E0.02083
G1 X45.831 Y46.573 E0.01946
G1 X46.629 Y45.601 E0.02091
G1 X47.573 Y44.831 E0.02026
G1 X48.605 Y44.279 E0.01946
G1 X49.804 Y43.916 E0.02083
G1 X51.02 Y43.8 E0.02031
G1 X52.192 Y43.916 E0.01959
G1 X53.391 Y44.279 E0.02083
G1 X54.423 Y44.831 E0.01946
G1 X55 Y45.3 E0.01237
G1 X56.8 Y45.3 E0.02993
G1 X56.8 Y42.262 E0.05052
G1 X56.635 Y41.879 E0.00694
G1 X56.356 Y41.701 E0.0055
G1 X43.2 Y41.7 E0.21879
G1 X43.201 Y58.299 E0.27604
G1 X56.354 Y58.3 E0.21874
G1 X56.635 Y58.12 E0.00555
G1 X56.8 Y57.734 E0.00698
G1 X56.8 Y54.7 E0.05046
G1 X55 Y54.7 E0.02993
G1 X54.422 Y55.169 E0.01238
G1 X53.355 Y55.732 E0.02006
G1 X52.192 Y56.084 E0.02021
G0 F7200 X51.993 Y56.102
G0 X52.091 Y57.109
;MESH:NONMESH
G0 F600 X52.091 Y57.109 Z8.7
G0 F7200 X49.663 Y56.722
G0 X48.377 Y56.331
G0 X47.193 Y55.699
G0 X46.153 Y54.847
G0 X45.301 Y53.807
G0 X44.669 Y52.623
G0 X44.278 Y51.337
G0 X43.91 Y43.76
G0 X43.76 Y43.76
;TIME_ELAPSED:614.213777
;LAYER:84
;TYPE:FILL
;MESH:hold.stl
G1 F3600 X45.765 Y45.765 E0.04715
G1 X45.835 Y45.835
G0 F7200 X45.645 Y45.678
G0 X43.91 Y44.925
G0 X43.761 Y44.925
G1 F3600 X46.426 Y42.26 E0.06268
G1 X46.496 Y42.19
G0 F7200 X46.496 Y42.41
G0 X47.917 Y42.41
G0 X47.917 Y42.26
G1 F3600 X49.174 Y43.517 E0.02956
G1 X49.244 Y43.587
G0 F7200 X49.176 Y43.363
G0 X51.112 Y43.098
G0 X51.098 Y43.245
G1 F3600 X52.083 Y42.26 E0.02317
G1 X52.153 Y42.19
G0 F7200 X52.153 Y42.41
G0 X53.574 Y42.41
G0 X53.574 Y42.26
G1 F3600 X56.054 Y44.74 E0.05833
G0 F7200 X55.259 Y44.74
G1 F3600 X56.24 Y43.759 E0.02307
G1 X56.31 Y43.689
G0 F7200 X56.09 Y43.689
G0 X51 Y43.146
G0 X49.663 Y43.278
G0 X48.377 Y43.669
G0 X47.193 Y44.301
G0 X46.153 Y45.153
G0 X45.301 Y46.193
G0 X44.669 Y47.377
G0 X44.278 Y48.663
G0 X44.146 Y50
G0 X44.278 Y51.337
G0 X44.669 Y52.623
G0 X45.301 Y53.807
G0 X46.153 Y54.847
G0 X47.193 Y55.699
G0 X48.377 Y56.331
G0 X49.663 Y56.722
G0 X51 Y56.854
G0 X52.337 Y56.722
G0 X56.053 Y55.41
G0 X56.053 Y55.26
G1 F3600 X53.573 Y57.74 E0.05833
G1 X53.503 Y57.81
G0 F7200 X53.503 Y57.59
G0 X52.083 Y57.59
G0 X52.083 Y57.74
G1 F3600 X51.091 Y56.748 E0.02333
G1 X51.021 Y56.678
G0 F7200 X51.043 Y56.91
G0 X49.131 Y56.623
G0 X49.175 Y56.481
G1 F3600 X47.916 Y57.74 E0.02961
G1 X47.846 Y57.81
G0 F7200 X47.846 Y57.59
G0 X46.425 Y57.59
G0 X46.425 Y57.739
G1 F3600 X43.76 Y55.074 E0.06268
G1 X43.69 Y55.004
G0 F7200 X43.91 Y55.004
G0 X43.91 Y56.238
G0 X43.761 Y56.238
G1 F3600 X45.765 Y54.234 E0.04713
G1 X45.835 Y54.164
G0 F7200 X45.643 Y54.32
G0 X44.789 Y52.848
G0 X43.91 Y50.581
G0 X43.761 Y50.581
G1 F3600 X44.249 Y50.094 E0.01147
G1 X44.249 Y49.906
G1 X43.76 Y49.417 E0.0115
G0 F7200 X43.91 Y49.417
G0 X44.278 Y51.337
G0 X44.669 Y52.623
G0 X45.301 Y53.807
G0 X46.153 Y54.847
G0 X47.193 Y55.699
G0 X48.377 Y56.331
G0 X49.663 Y56.722
G0 X51 Y56.854
G0 X52.337 Y56.722
G0 X53.494 Y56.37
G0 X55.26 Y55.41
G0 X55.26 Y55.26
G1 F3600 X56.24 Y56.24 E0.02305
G1 X56.31 Y56.31
G0 F7200 X56.09 Y56.31
G0 X52.376 Y56.773
G0 X52.287 Y56.477
;TYPE:WALL-INNER
G1 F3600 X51 Y56.599 E0.0215
G1 X49.708 Y56.476 E0.02158
G1 X48.469 Y56.097 E0.02155
G1 X47.334 Y55.494 E0.02137
G1 X46.328 Y54.666 E0.02167
G1 X45.505 Y53.661 E0.0216
G1 X44.899 Y52.53 E0.02134
G1 X44.523 Y51.288 E0.02158
G1 X44.4 Y50 E0.02152
G1 X44.523 Y48.708 E0.02158
G1 X44.899 Y47.466 E0.02158
G1 X45.505 Y46.335 E0.02134
G1 X46.326 Y45.332 E0.02156
G1 X47.335 Y44.505 E0.0217
G1 X48.471 Y43.898 E0.02142
G1 X49.708 Y43.524 E0.02149
G1 X51 Y43.396 E0.02159
G1 X52.288 Y43.524 E0.02153
G1 X53.525 Y43.898 E0.02149
G1 X54.665 Y44.508 E0.0215
G1 X55.143 Y44.9 E0.01028
G1 X56.4 Y44.9 E0.0209
G1 X56.4 Y42.313 E0.04302
G1 X56.274 Y42.101 E0.0041
G1 X43.6 Y42.1 E0.21077
G1 X43.601 Y57.899 E0.26274
G1 X56.272 Y57.9 E0.21072
G1 X56.4 Y57.683 E0.00419
G1 X56.4 Y55.1 E0.04296
G1 X55.143 Y55.1 E0.0209
G1 X54.663 Y55.494 E0.01033
G1 X53.527 Y56.097 E0.02139
G1 X52.287 Y56.477 E0.02157
G0 F7200 X52.192 Y56.084
;TYPE:WALL-OUTER
G1 F1800 X50.981 Y56.196 E0.02022
G1 X49.805 Y56.084 E0.01965
G1 X48.641 Y55.732 E0.02022
G1 X47.54 Y55.147 E0.02073
G1 X46.628 Y54.395 E0.01966
G1 X45.831 Y53.423 E0.0209
G1 X45.279 Y52.391 E0.01946
G1 X44.916 Y51.192 E0.02083
G1 X44.8 Y49.98 E0.02025
G1 X44.916 Y48.804 E0.01965
G1 X45.279 Y47.605 E0.02083
G1 X45.831 Y46.573 E0.01946
G1 X46.629 Y45.601 E0.02091
G1 X47.573 Y44.831 E0.02026
G1 X48.605 Y44.279 E0.01946
G1 X49.804 Y43.916 E0.02083
G1 X51.02 Y43.8 E0.02031
G1 X52.192 Y43.916 E0.01959
G1 X53.391 Y44.279 E0.02083
G1 X54.423 Y44.831 E0.01946
G1 X55 Y45.3 E0.01237
G1 X56.8 Y45.3 E0.02993
G1 X56.8 Y42.262 E0.05052
G1 X56.635 Y41.879 E0.00694
G1 X56.356 Y41.701 E0.0055
G1 X43.2 Y41.7 E0.21879
G1 X43.201 Y58.299 E0.27604
G1 X56.354 Y58.3 E0.21874
G1 X56.635 Y58.12 E0.00555
G1 X56.8 Y57.734 E0.00698
G1 X56.8 Y54.7 E0.05046
G1 X55 Y54.7 E0.02993
G1 X54.422 Y55.169 E0.01238
G1 X53.355 Y55.732 E0.02006
G1 X52.192 Y56.084 E0.02021
G0 F7200 X51.993 Y56.102
G0 X52.091 Y57.109
;MESH:NONMESH
G0 F600 X52.091 Y57.109 Z8.8
G0 F7200 X49.663 Y56.722
G0 X48.377 Y56.331
G0 X47.193 Y55.699
G0 X46.153 Y54.847
G0 X45.301 Y53.807
G0 X44.669 Y52.623
G0 X44.278 Y51.337
G0 X43.91 Y43.76
G0 X43.76 Y43.76
;TIME_ELAPSED:620.360964
;LAYER:85
;TYPE:FILL
;MESH:hold.stl
G1 F3600 X45.765 Y45.765 E0.04715
G1 X45.835 Y45.835
G0 F7200 X45.645 Y45.678
G0 X43.91 Y44.925
G0 X43.761 Y44.925
G1 F3600 X46.426 Y42.26 E0.06268
G1 X46.496 Y42.19
G0 F7200 X46.496 Y42.41
G0 X47.917 Y42.41
G0 X47.917 Y42.26
G1 F3600 X49.174 Y43.517 E0.02956
G1 X49.244 Y43.587
G0 F7200 X49.176 Y43.363
G0 X51.112 Y43.098
G0 X51.098 Y43.245
G1 F3600 X52.083 Y42.26 E0.02317
G1 X52.153 Y42.19
G0 F7200 X52.153 Y42.41
G0 X53.574 Y42.41
G0 X53.574 Y42.26
G1 F3600 X56.054 Y44.74 E0.05833
G0 F7200 X55.259 Y44.74
G1 F3600 X56.24 Y43.759 E0.02307
G1 X56.31 Y43.689
G0 F7200 X56.09 Y43.689
G0 X51 Y43.146
G0 X49.663 Y43.278
G0 X48.377 Y43.669
G0 X47.193 Y44.301
G0 X46.153 Y45.153
G0 X45.301 Y46.193
G0 X44.669 Y47.377
G0 X44.278 Y48.663
G0 X44.146 Y50
G0 X44.278 Y51.337
G0 X44.669 Y52.623
G0 X45.301 Y53.807
G0 X46.153 Y54.847
G0 X47.193 Y55.699
G0 X48.377 Y56.331
G0 X49.663 Y56.722
G0 X51 Y56.854
G0 X52.337 Y56.722
G0 X56.053 Y55.41
G0 X56.053 Y55.26
G1 F3600 X53.573 Y57.74 E0.05833
G1 X53.503 Y57.81
G0 F7200 X53.503 Y57.59
G0 X52.083 Y57.59
G0 X52.083 Y57.74
G1 F3600 X51.091 Y56.748 E0.02333
G1 X51.021 Y56.678
G0 F7200 X51.043 Y56.91
G0 X49.131 Y56.623
G0 X49.175 Y56.481
G1 F3600 X47.916 Y57.74 E0.02961
G1 X47.846 Y57.81
G0 F7200 X47.846 Y57.59
G0 X46.425 Y57.59
G0 X46.425 Y57.739
G1 F3600 X43.76 Y55.074 E0.06268
G1 X43.69 Y55.004
G0 F7200 X43.91 Y55.004
G0 X43.91 Y56.238
G0 X43.761 Y56.238
G1 F3600 X45.765 Y54.234 E0.04713
G1 X45.835 Y54.164
G0 F7200 X45.643 Y54.32
G0 X44.789 Y52.848
G0 X43.91 Y50.581
G0 X43.761 Y50.581
G1 F3600 X44.249 Y50.094 E0.01147
G1 X44.249 Y49.906
G1 X43.76 Y49.417 E0.0115
G0 F7200 X43.91 Y49.417
G0 X44.278 Y51.337
G0 X44.669 Y52.623
G0 X45.301 Y53.807
G0 X46.153 Y54.847
G0 X47.193 Y55.699
G0 X48.377 Y56.331
G0 X49.663 Y56.722
G0 X51 Y56.854
G0 X52.337 Y56.722
G0 X53.494 Y56.37
G0 X55.26 Y55.41
G0 X55.26 Y55.26
G1 F3600 X56.24 Y56.24 E0.02305
G1 X56.31 Y56.31
G0 F7200 X56.09 Y56.31
G0 X52.376 Y56.773
G0 X52.287 Y56.477
;TYPE:WALL-INNER
G1 F3600 X51 Y56.599 E0.0215
G1 X49.708 Y56.476 E0.02158
G1 X48.469 Y56.097 E0.02155
G1 X47.334 Y55.494 E0.02137
G1 X46.328 Y54.666 E0.02167
G1 X45.505 Y53.661 E0.0216
G1 X44.899 Y52.53 E0.02134
G1 X44.523 Y51.288 E0.02158
G1 X44.4 Y50 E0.02152
G1 X44.523 Y48.708 E0.02158
G1 X44.899 Y47.466 E0.02158
G1 X45.505 Y46.335 E0.02134
G1 X46.326 Y45.332 E0.02156
G1 X47.335 Y44.505 E0.0217
G1 X48.471 Y43.898 E0.02142
G1 X49.708 Y43.524 E0.02149
G1 X51 Y43.396 E0.02159
G1 X52.288 Y43.524 E0.02153
G1 X53.525 Y43.898 E0.02149
G1 X54.665 Y44.508 E0.0215
G1 X55.143 Y44.9 E0.01028
G1 X56.4 Y44.9 E0.0209
G1 X56.4 Y42.313 E0.04302
G1 X56.274 Y42.101 E0.0041
G1 X43.6 Y42.1 E0.21077
G1 X43.601 Y57.899 E0.26274
G1 X56.272 Y57.9 E0.21072
G1 X56.4 Y57.683 E0.00419
G1 X56.4 Y55.1 E0.04296
G1 X55.143 Y55.1 E0.0209
G1 X54.663 Y55.494 E0.01033
G1 X53.527 Y56.097 E0.02139
G1 X52.287 Y56.477 E0.02157
G0 F7200 X52.192 Y56.084
;TYPE:WALL-OUTER
G1 F1800 X50.981 Y56.196 E0.02022
G1 X49.805 Y56.084 E0.01965
G1 X48.641 Y55.732 E0.02022
G1 X47.54 Y55.147 E0.02073
G1 X46.628 Y54.395 E0.01966
G1 X45.831 Y53.423 E0.0209
G1 X45.279 Y52.391 E0.01946
G1 X44.916 Y51.192 E0.02083
G1 X44.8 Y49.98 E0.02025
G1 X44.916 Y48.804 E0.01965
G1 X45.279 Y47.605 E0.02083
G1 X45.831 Y46.573 E0.01946
G1 X46.629 Y45.601 E0.02091
G1 X47.573 Y44.831 E0.02026
G1 X48.605 Y44.279 E0.01946
G1 X49.804 Y43.916 E0.02083
G1 X51.02 Y43.8 E0.02031
G1 X52.192 Y43.916 E0.01959
G1 X53.391 Y44.279 E0.02083
G1 X54.423 Y44.831 E0.01946
G1 X55 Y45.3 E0.01237
G1 X56.8 Y45.3 E0.02993
G1 X56.8 Y42.262 E0.05052
G1 X56.635 Y41.879 E0.00694
G1 X56.356 Y41.701 E0.0055
G1 X43.2 Y41.7 E0.21879
G1 X43.201 Y58.299 E0.27604
G1 X56.354 Y58.3 E0.21874
G1 X56.635 Y58.12 E0.00555
G1 X56.8 Y57.734 E0.00698
G1 X56.8 Y54.7 E0.05046
G1 X55 Y54.7 E0.02993
G1 X54.422 Y55.169 E0.01238
G1 X53.355 Y55.732 E0.02006
G1 X52.192 Y56.084 E0.02021
G0 F7200 X51.993 Y56.102
G0 X52.091 Y57.109
;MESH:NONMESH
G0 F600 X52.091 Y57.109 Z8.9
G0 F7200 X49.663 Y56.722
G0 X48.377 Y56.331
G0 X47.193 Y55.699
G0 X46.153 Y54.847
G0 X45.301 Y53.807
G0 X44.669 Y52.623
G0 X44.278 Y51.337
G0 X43.91 Y43.76
G0 X43.76 Y43.76
;TIME_ELAPSED:626.508151
;LAYER:86
;TYPE:FILL
;MESH:hold.stl
G1 F3600 X45.765 Y45.765 E0.04715
G1 X45.835 Y45.835
G0 F7200 X45.645 Y45.678
G0 X43.91 Y44.925
G0 X43.761 Y44.925
G1 F3600 X46.426 Y42.26 E0.06268
G1 X46.496 Y42.19
G0 F7200 X46.496 Y42.41
G0 X47.917 Y42.41
G0 X47.917 Y42.26
G1 F3600 X49.174 Y43.517 E0.02956
G1 X49.244 Y43.587
G0 F7200 X49.176 Y43.363
G0 X51.112 Y43.098
G0 X51.098 Y43.245
G1 F3600 X52.083 Y42.26 E0.02317
G1 X52.153 Y42.19
G0 F7200 X52.153 Y42.41
G0 X53.574 Y42.41
G0 X53.574 Y42.26
G1 F3600 X56.054 Y44.74 E0.05833
G0 F7200 X55.259 Y44.74
G1 F3600 X56.24 Y43.759 E0.02307
G1 X56.31 Y43.689
G0 F7200 X56.09 Y43.689
G0 X51 Y43.146
G0 X49.663 Y43.278
G0 X48.377 Y43.669
G0 X47.193 Y44.301
G0 X46.153 Y45.153
G0 X45.301 Y46.193
G0 X44.669 Y47.377
G0 X44.278 Y48.663
G0 X44.146 Y50
G0 X44.278 Y51.337
G0 X44.669 Y52.623
G0 X45.301 Y53.807
G0 X46.153 Y54.847
G0 X47.193 Y55.699
G0 X48.377 Y56.331
G0 X49.663 Y56.722
G0 X51 Y56.854
G0 X52.337 Y56.722
G0 X56.053 Y55.41
G0 X56.053 Y55.26
G1 F3600 X53.573 Y57.74 E0.05833
G1 X53.503 Y57.81
G0 F7200 X53.503 Y57.59
G0 X52.083 Y57.59
G0 X52.083 Y57.74
G1 F3600 X51.091 Y56.748 E0.02333
G1 X51.021 Y56.678
G0 F7200 X51.043 Y56.91
G0 X49.131 Y56.623
G0 X49.175 Y56.481
G1 F3600 X47.916 Y57.74 E0.02961
G1 X47.846 Y57.81
G0 F7200 X47.846 Y57.59
G0 X46.425 Y57.59
G0 X46.425 Y57.739
G1 F3600 X43.76 Y55.074 E0.06268
G1 X43.69 Y55.004
G0 F7200 X43.91 Y55.004
G0 X43.91 Y56.238
G0 X43.761 Y56.238
G1 F3600 X45.765 Y54.234 E0.04713
G1 X45.835 Y54.164
G0 F7200 X45.643 Y54.32
G0 X44.789 Y52.848
G0 X43.91 Y50.581
G0 X43.761 Y50.581
G1 F3600 X44.249 Y50.094 E0.01147
G1 X44.249 Y49.906
G1 X43.76 Y49.417 E0.0115
G0 F7200 X43.91 Y49.417
G0 X44.278 Y51.337
G0 X44.669 Y52.623
G0 X45.301 Y53.807
G0 X46.153 Y54.847
G0 X47.193 Y55.699
G0 X48.377 Y56.331
G0 X49.663 Y56.722
G0 X51 Y56.854
G0 X52.337 Y56.722
G0 X53.494 Y56.37
G0 X55.26 Y55.41
G0 X55.26 Y55.26
G1 F3600 X56.24 Y56.24 E0.02305
G1 X56.31 Y56.31
G0 F7200 X56.09 Y56.31
G0 X52.376 Y56.773
G0 X52.287 Y56.477
;TYPE:WALL-INNER
G1 F3600 X51 Y56.599 E0.0215
G1 X49.708 Y56.476 E0.02158
G1 X48.469 Y56.097 E0.02155
G1 X47.334 Y55.494 E0.02137
G1 X46.328 Y54.666 E0.02167
G1 X45.505 Y53.661 E0.0216
G1 X44.899 Y52.53 E0.02134
G1 X44.523 Y51.288 E0.02158
G1 X44.4 Y50 E0.02152
G1 X44.523 Y48.708 E0.02158
G1 X44.899 Y47.466 E0.02158
G1 X45.505 Y46.335 E0.02134
G1 X46.326 Y45.332 E0.02156
G1 X47.335 Y44.505 E0.0217
G1 X48.471 Y43.898 E0.02142
G1 X49.708 Y43.524 E0.02149
G1 X51 Y43.396 E0.02159
G1 X52.288 Y43.524 E0.02153
G1 X53.525 Y43.898 E0.02149
G1 X54.665 Y44.508 E0.0215
G1 X55.143 Y44.9 E0.01028
G1 X56.4 Y44.9 E0.0209
G1 X56.4 Y42.313 E0.04302
G1 X56.274 Y42.101 E0.0041
G1 X43.6 Y42.1 E0.21077
G1 X43.601 Y57.899 E0.26274
G1 X56.272 Y57.9 E0.21072
G1 X56.4 Y57.683 E0.00419
G1 X56.4 Y55.1 E0.04296
G1 X55.143 Y55.1 E0.0209
G1 X54.663 Y55.494 E0.01033
G1 X53.527 Y56.097 E0.02139
G1 X52.287 Y56.477 E0.02157
G0 F7200 X52.192 Y56.084
;TYPE:WALL-OUTER
G1 F1800 X50.981 Y56.196 E0.02022
G1 X49.805 Y56.084 E0.01965
G1 X48.641 Y55.732 E0.02022
G1 X47.54 Y55.147 E0.02073
G1 X46.628 Y54.395 E0.01966
G1 X45.831 Y53.423 E0.0209
G1 X45.279 Y52.391 E0.01946
G1 X44.916 Y51.192 E0.02083
G1 X44.8 Y49.98 E0.02025
G1 X44.916 Y48.804 E0.01965
G1 X45.279 Y47.605 E0.02083
G1 X45.831 Y46.573 E0.01946
G1 X46.629 Y45.601 E0.02091
G1 X47.573 Y44.831 E0.02026
G1 X48.605 Y44.279 E0.01946
G1 X49.804 Y43.916 E0.02083
G1 X51.02 Y43.8 E0.02031
G1 X52.192 Y43.916 E0.01959
G1 X53.391 Y44.279 E0.02083
G1 X54.423 Y44.831 E0.01946
G1 X55 Y45.3 E0.01237
G1 X56.8 Y45.3 E0.02993
G1 X56.8 Y42.262 E0.05052
G1 X56.635 Y41.879 E0.00694
G1 X56.356 Y41.701 E0.0055
G1 X43.2 Y41.7 E0.21879
G1 X43.201 Y58.299 E0.27604
G1 X56.354 Y58.3 E0.21874
G1 X56.635 Y58.12 E0.00555
G1 X56.8 Y57.734 E0.00698
G1 X56.8 Y54.7 E0.05046
G1 X55 Y54.7 E0.02993
G1 X54.422 Y55.169 E0.01238
G1 X53.355 Y55.732 E0.02006
G1 X52.192 Y56.084 E0.02021
G0 F7200 X51.993 Y56.102
G0 X52.091 Y57.109
;MESH:NONMESH
G0 F600 X52.091 Y57.109 Z9
G0 F7200 X49.663 Y56.722
G0 X48.377 Y56.331
G0 X47.193 Y55.699
G0 X46.153 Y54.847
G0 X45.301 Y53.807
G0 X44.669 Y52.623
G0 X44.278 Y51.337
G0 X43.91 Y43.76
G0 X43.76 Y43.76
;TIME_ELAPSED:632.655338
;LAYER:87
;TYPE:FILL
;MESH:hold.stl
G1 F3600 X45.765 Y45.765 E0.04715
G1 X45.835 Y45.835
G0 F7200 X45.645 Y45.678
G0 X43.91 Y44.925
G0 X43.761 Y44.925
G1 F3600 X46.426 Y42.26 E0.06268
G1 X46.496 Y42.19
G0 F7200 X46.496 Y42.41
G0 X47.917 Y42.41
G0 X47.917 Y42.26
G1 F3600 X49.174 Y43.517 E0.02956
G1 X49.244 Y43.587
G0 F7200 X49.176 Y43.363
G0 X51.112 Y43.098
G0 X51.098 Y43.245
G1 F3600 X52.083 Y42.26 E0.02317
G1 X52.153 Y42.19
G0 F7200 X52.153 Y42.41
G0 X53.574 Y42.41
G0 X53.574 Y42.26
G1 F3600 X56.054 Y44.74 E0.05833
G0 F7200 X55.259 Y44.74
G1 F3600 X56.24 Y43.759 E0.02307
G1 X56.31 Y43.689
G0 F7200 X56.09 Y43.689
G0 X51 Y43.146
G0 X49.663 Y43.278
G0 X48.377 Y43.669
G0 X47.193 Y44.301
G0 X46.153 Y45.153
G0 X45.301 Y46.193
G0 X44.669 Y47.377
G0 X44.278 Y48.663
G0 X44.146 Y50
G0 X44.278 Y51.337
G0 X44.669 Y52.623
G0 X45.301 Y53.807
G0 X46.153 Y54.847
G0 X47.193 Y55.699
G0 X48.377 Y56.331
G0 X49.663 Y56.722
G0 X51 Y56.854
G0 X52.337 Y56.722
G0 X56.053 Y55.41
G0 X56.053 Y55.26
G1 F3600 X53.573 Y57.74 E0.05833
G1 X53.503 Y57.81
G0 F7200 X53.503 Y57.59
G0 X52.083 Y57.59
G0 X52.083 Y57.74
G1 F3600 X51.091 Y56.748 E0.02333
G1 X51.021 Y56.678
G0 F7200 X51.043 Y56.91
G0 X49.131 Y56.623
G0 X49.175 Y56.481
G1 F3600 X47.916 Y57.74 E0.02961
G1 X47.846 Y57.81
G0 F7200 X47.846 Y57.59
G0 X46.425 Y57.59
G0 X46.425 Y57.739
G1 F3600 X43.76 Y55.074 E0.06268
G1 X43.69 Y55.004
G0 F7200 X43.91 Y55.004
G0 X43.91 Y56.238
G0 X43.761 Y56.238
G1 F3600 X45.765 Y54.234 E0.04713
G1 X45.835 Y54.164
G0 F7200 X45.643 Y54.32
G0 X44.789 Y52.848
G0 X43.91 Y50.581
G0 X43.761 Y50.581
G1 F3600 X44.249 Y50.094 E0.01147
G1 X44.249 Y49.906
G1 X43.76 Y49.417 E0.0115
G0 F7200 X43.91 Y49.417
G0 X44.278 Y51.337
G0 X44.669 Y52.623
G0 X45.301 Y53.807
G0 X46.153 Y54.847
G0 X47.193 Y55.699
G0 X48.377 Y56.331
G0 X49.663 Y56.722
G0 X51 Y56.854
G0 X52.337 Y56.722
G0 X53.494 Y56.37
G0 X55.26 Y55.41
G0 X55.26 Y55.26
G1 F3600 X56.24 Y56.24 E0.02305
G1 X56.31 Y56.31
G0 F7200 X56.09 Y56.31
G0 X52.376 Y56.773
G0 X52.287 Y56.477
;TYPE:WALL-INNER
G1 F3600 X51 Y56.599 E0.0215
G1 X49.708 Y56.476 E0.02158
G1 X48.469 Y56.097 E0.02155
G1 X47.334 Y55.494 E0.02137
G1 X46.328 Y54.666 E0.02167
G1 X45.505 Y53.661 E0.0216
G1 X44.899 Y52.53 E0.02134
G1 X44.523 Y51.288 E0.02158
G1 X44.4 Y50 E0.02152
G1 X44.523 Y48.708 E0.02158
G1 X44.899 Y47.466 E0.02158
G1 X45.505 Y46.335 E0.02134
G1 X46.326 Y45.332 E0.02156
G1 X47.335 Y44.505 E0.0217
G1 X48.471 Y43.898 E0.02142
G1 X49.708 Y43.524 E0.02149
G1 X51 Y43.396 E0.02159
G1 X52.288 Y43.524 E0.02153
G1 X53.525 Y43.898 E0.02149
G1 X54.665 Y44.508 E0.0215
G1 X55.143 Y44.9 E0.01028
G1 X56.4 Y44.9 E0.0209
G1 X56.4 Y42.313 E0.04302
G1 X56.274 Y42.101 E0.0041
G1 X43.6 Y42.1 E0.21077
G1 X43.601 Y57.899 E0.26274
G1 X56.272 Y57.9 E0.21072
G1 X56.4 Y57.683 E0.00419
G1 X56.4 Y55.1 E0.04296
G1 X55.143 Y55.1 E0.0209
G1 X54.663 Y55.494 E0.01033
G1 X53.527 Y56.097 E0.02139
G1 X52.287 Y56.477 E0.02157
G0 F7200 X52.192 Y56.084
;TYPE:WALL-OUTER
G1 F1800 X50.981 Y56.196 E0.02022
G1 X49.805 Y56.084 E0.01965
G1 X48.641 Y55.732 E0.02022
G1 X47.54 Y55.147 E0.02073
G1 X46.628 Y54.395 E0.01966
G1 X45.831 Y53.423 E0.0209
G1 X45.279 Y52.391 E0.01946
G1 X44.916 Y51.192 E0.02083
G1 X44.8 Y49.98 E0.02025
G1 X44.916 Y48.804 E0.01965
G1 X45.279 Y47.605 E0.02083
G1 X45.831 Y46.573 E0.01946
G1 X46.629 Y45.601 E0.02091
G1 X47.573 Y44.831 E0.02026
G1 X48.605 Y44.279 E0.01946
G1 X49.804 Y43.916 E0.02083
G1 X51.02 Y43.8 E0.02031
G1 X52.192 Y43.916 E0.01959
G1 X53.391 Y44.279 E0.02083
G1 X54.423 Y44.831 E0.01946
G1 X55 Y45.3 E0.01237
G1 X56.8 Y45.3 E0.02993
G1 X56.8 Y42.262 E0.05052
G1 X56.635 Y41.879 E0.00694
G1 X56.356 Y41.701 E0.0055
G1 X43.2 Y41.7 E0.21879
G1 X43.201 Y58.299 E0.27604
G1 X56.354 Y58.3 E0.21874
G1 X56.635 Y58.12 E0.00555
G1 X56.8 Y57.734 E0.00698
G1 X56.8 Y54.7 E0.05046
G1 X55 Y54.7 E0.02993
G1 X54.422 Y55.169 E0.01238
G1 X53.355 Y55.732 E0.02006
G1 X52.192 Y56.084 E0.02021
G0 F7200 X51.993 Y56.102
G0 X52.091 Y57.109
;MESH:NONMESH
G0 F600 X52.091 Y57.109 Z9.1
G0 F7200 X49.663 Y56.722
G0 X48.377 Y56.331
G0 X47.193 Y55.699
G0 X46.153 Y54.847
G0 X45.301 Y53.807
G0 X44.669 Y52.623
G0 X44.278 Y51.337
G0 X43.91 Y43.76
G0 X43.76 Y43.76
;TIME_ELAPSED:638.802524
;LAYER:88
;TYPE:FILL
;MESH:hold.stl
G1 F3600 X45.765 Y45.765 E0.04715
G1 X45.835 Y45.835
G0 F7200 X45.645 Y45.678
G0 X43.91 Y44.925
G0 X43.761 Y44.925
G1 F3600 X46.426 Y42.26 E0.06268
G1 X46.496 Y42.19
G0 F7200 X46.496 Y42.41
G0 X47.917 Y42.41
G0 X47.917 Y42.26
G1 F3600 X49.174 Y43.517 E0.02956
G1 X49.244 Y43.587
G0 F7200 X49.176 Y43.363
G0 X51.112 Y43.098
G0 X51.098 Y43.245
G1 F3600 X52.083 Y42.26 E0.02317
G1 X52.153 Y42.19
G0 F7200 X52.153 Y42.41
G0 X53.574 Y42.41
G0 X53.574 Y42.26
G1 F3600 X56.054 Y44.74 E0.05833
G0 F7200 X55.259 Y44.74
G1 F3600 X56.24 Y43.759 E0.02307
G1 X56.31 Y43.689
G0 F7200 X56.09 Y43.689
G0 X51 Y43.146
G0 X49.663 Y43.278
G0 X48.377 Y43.669
G0 X47.193 Y44.301
G0 X46.153 Y45.153
G0 X45.301 Y46.193
G0 X44.669 Y47.377
G0 X44.278 Y48.663
G0 X44.146 Y50
G0 X44.278 Y51.337
G0 X44.669 Y52.623
G0 X45.301 Y53.807
G0 X46.153 Y54.847
G0 X47.193 Y55.699
G0 X48.377 Y56.331
G0 X49.663 Y56.722
G0 X51 Y56.854
G0 X52.337 Y56.722
G0 X56.053 Y55.41
G0 X56.053 Y55.26
G1 F3600 X53.573 Y57.74 E0.05833
G1 X53.503 Y57.81
G0 F7200 X53.503 Y57.59
G0 X52.083 Y57.59
G0 X52.083 Y57.74
G1 F3600 X51.091 Y56.748 E0.02333
G1 X51.021 Y56.678
G0 F7200 X51.043 Y56.91
G0 X49.131 Y56.623
G0 X49.175 Y56.481
G1 F3600 X47.916 Y57.74 E0.02961
G1 X47.846 Y57.81
G0 F7200 X47.846 Y57.59
G0 X46.425 Y57.59
G0 X46.425 Y57.739
G1 F3600 X43.76 Y55.074 E0.06268
G1 X43.69 Y55.004
G0 F7200 X43.91 Y55.004
G0 X43.91 Y56.238
G0 X43.761 Y56.238
G1 F3600 X45.765 Y54.234 E0.04713
G1 X45.835 Y54.164
G0 F7200 X45.643 Y54.32
G0 X44.789 Y52.848
G0 X43.91 Y50.581
G0 X43.761 Y50.581
G1 F3600 X44.249 Y50.094 E0.01147
G1 X44.249 Y49.906
G1 X43.76 Y49.417 E0.0115
G0 F7200 X43.91 Y49.417
G0 X44.278 Y51.337
G0 X44.669 Y52.623
G0 X45.301 Y53.807
G0 X46.153 Y54.847
G0 X47.193 Y55.699
G0 X48.377 Y56.331
G0 X49.663 Y56.722
G0 X51 Y56.854
G0 X52.337 Y56.722
G0 X53.494 Y56.37
G0 X55.26 Y55.41
G0 X55.26 Y55.26
G1 F3600 X56.24 Y56.24 E0.02305
G1 X56.31 Y56.31
G0 F7200 X56.09 Y56.31
G0 X52.376 Y56.773
G0 X52.287 Y56.477
;TYPE:WALL-INNER
G1 F3600 X51 Y56.599 E0.0215
G1 X49.708 Y56.476 E0.02158
G1 X48.469 Y56.097 E0.02155
G1 X47.334 Y55.494 E0.02137
G1 X46.328 Y54.666 E0.02167
G1 X45.505 Y53.661 E0.0216
G1 X44.899 Y52.53 E0.02134
G1 X44.523 Y51.288 E0.02158
G1 X44.4 Y50 E0.02152
G1 X44.523 Y48.708 E0.02158
G1 X44.899 Y47.466 E0.02158
G1 X45.505 Y46.335 E0.02134
G1 X46.326 Y45.332 E0.02156
G1 X47.335 Y44.505 E0.0217
G1 X48.471 Y43.898 E0.02142
G1 X49.708 Y43.524 E0.02149
G1 X51 Y43.396 E0.02159
G1 X52.288 Y43.524 E0.02153
G1 X53.525 Y43.898 E0.02149
G1 X54.665 Y44.508 E0.0215
G1 X55.143 Y44.9 E0.01028
G1 X56.4 Y44.9 E0.0209
G1 X56.4 Y42.313 E0.04302
G1 X56.274 Y42.101 E0.0041
G1 X43.6 Y42.1 E0.21077
G1 X43.601 Y57.899 E0.26274
G1 X56.272 Y57.9 E0.21072
G1 X56.4 Y57.683 E0.00419
G1 X56.4 Y55.1 E0.04296
G1 X55.143 Y55.1 E0.0209
G1 X54.663 Y55.494 E0.01033
G1 X53.527 Y56.097 E0.02139
G1 X52.287 Y56.477 E0.02157
G0 F7200 X52.192 Y56.084
;TYPE:WALL-OUTER
G1 F1800 X50.981 Y56.196 E0.02022
G1 X49.805 Y56.084 E0.01965
G1 X48.641 Y55.732 E0.02022
G1 X47.54 Y55.147 E0.02073
G1 X46.628 Y54.395 E0.01966
G1 X45.831 Y53.423 E0.0209
G1 X45.279 Y52.391 E0.01946
G1 X44.916 Y51.192 E0.02083
G1 X44.8 Y49.98 E0.02025
G1 X44.916 Y48.804 E0.01965
G1 X45.279 Y47.605 E0.02083
G1 X45.831 Y46.573 E0.01946
G1 X46.629 Y45.601 E0.02091
G1 X47.573 Y44.831 E0.02026
G1 X48.605 Y44.279 E0.01946
G1 X49.804 Y43.916 E0.02083
G1 X51.02 Y43.8 E0.02031
G1 X52.192 Y43.916 E0.01959
G1 X53.391 Y44.279 E0.02083
G1 X54.423 Y44.831 E0.01946
G1 X55 Y45.3 E0.01237
G1 X56.8 Y45.3 E0.02993
G1 X56.8 Y42.262 E0.05052
G1 X56.635 Y41.879 E0.00694
G1 X56.356 Y41.701 E0.0055
G1 X43.2 Y41.7 E0.21879
G1 X43.201 Y58.299 E0.27604
G1 X56.354 Y58.3 E0.21874
G1 X56.635 Y58.12 E0.00555
G1 X56.8 Y57.734 E0.00698
G1 X56.8 Y54.7 E0.05046
G1 X55 Y54.7 E0.02993
G1 X54.422 Y55.169 E0.01238
G1 X53.355 Y55.732 E0.02006
G1 X52.192 Y56.084 E0.02021
G0 F7200 X51.993 Y56.102
G0 X52.091 Y57.109
;MESH:NONMESH
G0 F600 X52.091 Y57.109 Z9.2
G0 F7200 X49.663 Y56.722
G0 X48.377 Y56.331
G0 X47.193 Y55.699
G0 X46.153 Y54.847
G0 X45.301 Y53.807
G0 X44.669 Y52.623
G0 X44.278 Y51.337
G0 X43.91 Y43.76
G0 X43.76 Y43.76
;TIME_ELAPSED:644.949711
;LAYER:89
;TYPE:FILL
;MESH:hold.stl
G1 F3600 X45.765 Y45.765 E0.04715
G1 X45.835 Y45.835
G0 F7200 X45.645 Y45.678
G0 X43.91 Y44.925
G0 X43.761 Y44.925
G1 F3600 X46.426 Y42.26 E0.06268
G1 X46.496 Y42.19
G0 F7200 X46.496 Y42.41
G0 X47.917 Y42.41
G0 X47.917 Y42.26
G1 F3600 X49.174 Y43.517 E0.02956
G1 X49.244 Y43.587
G0 F7200 X49.176 Y43.363
G0 X51.112 Y43.098
G0 X51.098 Y43.245
G1 F3600 X52.083 Y42.26 E0.02317
G1 X52.153 Y42.19
G0 F7200 X52.153 Y42.41
G0 X53.574 Y42.41
G0 X53.574 Y42.26
G1 F3600 X56.054 Y44.74 E0.05833
G0 F7200 X55.259 Y44.74
G1 F3600 X56.24 Y43.759 E0.02307
G1 X56.31 Y43.689
G0 F7200 X56.09 Y43.689
G0 X51 Y43.146
G0 X49.663 Y43.278
G0 X48.377 Y43.669
G0 X47.193 Y44.301
G0 X46.153 Y45.153
G0 X45.301 Y46.193
G0 X44.669 Y47.377
G0 X44.278 Y48.663
G0 X44.146 Y50
G0 X44.278 Y51.337
G0 X44.669 Y52.623
G0 X45.301 Y53.807
G0 X46.153 Y54.847
G0 X47.193 Y55.699
G0 X48.377 Y56.331
G0 X49.663 Y56.722
G0 X51 Y56.854
G0 X52.337 Y56.722
G0 X56.053 Y55.41
G0 X56.053 Y55.26
G1 F3600 X53.573 Y57.74 E0.05833
G1 X53.503 Y57.81
G0 F7200 X53.503 Y57.59
G0 X52.083 Y57.59
G0 X52.083 Y57.74
G1 F3600 X51.091 Y56.748 E0.02333
G1 X51.021 Y56.678
G0 F7200 X51.043 Y56.91
G0 X49.131 Y56.623
G0 X49.175 Y56.481
G1 F3600 X47.916 Y57.74 E0.02961
G1 X47.846 Y57.81
G0 F7200 X47.846 Y57.59
G0 X46.425 Y57.59
G0 X46.425 Y57.739
G1 F3600 X43.76 Y55.074 E0.06268
G1 X43.69 Y55.004
G0 F7200 X43.91 Y55.004
G0 X43.91 Y56.238
G0 X43.761 Y56.238
G1 F3600 X45.765 Y54.234 E0.04713
G1 X45.835 Y54.164
G0 F7200 X45.643 Y54.32
G0 X44.789 Y52.848
G0 X43.91 Y50.581
G0 X43.761 Y50.581
G1 F3600 X44.249 Y50.094 E0.01147
G1 X44.249 Y49.906
G1 X43.76 Y49.417 E0.0115
G0 F7200 X43.91 Y49.417
G0 X44.278 Y51.337
G0 X44.669 Y52.623
G0 X45.301 Y53.807
G0 X46.153 Y54.847
G0 X47.193 Y55.699
G0 X48.377 Y56.331
G0 X49.663 Y56.722
G0 X51 Y56.854
G0 X52.337 Y56.722
G0 X53.494 Y56.37
G0 X55.26 Y55.41
G0 X55.26 Y55.26
G1 F3600 X56.24 Y56.24 E0.02305
G1 X56.31 Y56.31
G0 F7200 X56.09 Y56.31
G0 X52.376 Y56.773
G0 X52.287 Y56.477
;TYPE:WALL-INNER
G1 F3600 X51 Y56.599 E0.0215
G1 X49.708 Y56.476 E0.02158
G1 X48.469 Y56.097 E0.02155
G1 X47.334 Y55.494 E0.02137
G1 X46.328 Y54.666 E0.02167
G1 X45.505 Y53.661 E0.0216
G1 X44.899 Y52.53 E0.02134
G1 X44.523 Y51.288 E0.02158
G1 X44.4 Y50 E0.02152
G1 X44.523 Y48.708 E0.02158
G1 X44.899 Y47.466 E0.02158
G1 X45.505 Y46.335 E0.02134
G1 X46.326 Y45.332 E0.02156
G1 X47.335 Y44.505 E0.0217
G1 X48.471 Y43.898 E0.02142
G1 X49.708 Y43.524 E0.02149
G1 X51 Y43.396 E0.02159
G1 X52.288 Y43.524 E0.02153
G1 X53.525 Y43.898 E0.02149
G1 X54.665 Y44.508 E0.0215
G1 X55.143 Y44.9 E0.01028
G1 X56.4 Y44.9 E0.0209
G1 X56.4 Y42.313 E0.04302
G1 X56.274 Y42.101 E0.0041
G1 X43.6 Y42.1 E0.21077
G1 X43.601 Y57.899 E0.26274
G1 X56.272 Y57.9 E0.21072
G1 X56.4 Y57.683 E0.00419
G1 X56.4 Y55.1 E0.04296
G1 X55.143 Y55.1 E0.0209
G1 X54.663 Y55.494 E0.01033
G1 X53.527 Y56.097 E0.02139
G1 X52.287 Y56.477 E0.02157
G0 F7200 X52.192 Y56.084
;TYPE:WALL-OUTER
G1 F1800 X50.981 Y56.196 E0.02022
G1 X49.805 Y56.084 E0.01965
G1 X48.641 Y55.732 E0.02022
G1 X47.54 Y55.147 E0.02073
G1 X46.628 Y54.395 E0.01966
G1 X45.831 Y53.423 E0.0209
G1 X45.279 Y52.391 E0.01946
G1 X44.916 Y51.192 E0.02083
G1 X44.8 Y49.98 E0.02025
G1 X44.916 Y48.804 E0.01965
G1 X45.279 Y47.605 E0.02083
G1 X45.831 Y46.573 E0.01946
G1 X46.629 Y45.601 E0.02091
G1 X47.573 Y44.831 E0.02026
G1 X48.605 Y44.279 E0.01946
G1 X49.804 Y43.916 E0.02083
G1 X51.02 Y43.8 E0.02031
G1 X52.192 Y43.916 E0.01959
G1 X53.391 Y44.279 E0.02083
G1 X54.423 Y44.831 E0.01946
G1 X55 Y45.3 E0.01237
G1 X56.8 Y45.3 E0.02993
G1 X56.8 Y42.262 E0.05052
G1 X56.635 Y41.879 E0.00694
G1 X56.356 Y41.701 E0.0055
G1 X43.2 Y41.7 E0.21879
G1 X43.201 Y58.299 E0.27604
G1 X56.354 Y58.3 E0.21874
G1 X56.635 Y58.12 E0.00555
G1 X56.8 Y57.734 E0.00698
G1 X56.8 Y54.7 E0.05046
G1 X55 Y54.7 E0.02993
G1 X54.422 Y55.169 E0.01238
G1 X53.355 Y55.732 E0.02006
G1 X52.192 Y56.084 E0.02021
G0 F7200 X51.993 Y56.102
G0 X52.091 Y57.109
;MESH:NONMESH
G0 F600 X52.091 Y57.109 Z9.3
G0 F7200 X49.663 Y56.722
G0 X48.377 Y56.331
G0 X47.193 Y55.699
G0 X46.153 Y54.847
G0 X45.301 Y53.807
G0 X44.669 Y52.623
G0 X44.278 Y51.337
G0 X43.91 Y43.76
G0 X43.76 Y43.76
;TIME_ELAPSED:651.096898
;LAYER:90
;TYPE:FILL
;MESH:hold.stl
G1 F3600 X45.765 Y45.765 E0.04715
G1 X45.835 Y45.835
G0 F7200 X45.645 Y45.678
G0 X43.91 Y44.925
G0 X43.761 Y44.925
G1 F3600 X46.426 Y42.26 E0.06268
G1 X46.496 Y42.19
G0 F7200 X46.496 Y42.41
G0 X47.917 Y42.41
G0 X47.917 Y42.26
G1 F3600 X49.174 Y43.517 E0.02956
G1 X49.244 Y43.587
G0 F7200 X49.176 Y43.363
G0 X51.112 Y43.098
G0 X51.098 Y43.245
G1 F3600 X52.083 Y42.26 E0.02317
G1 X52.153 Y42.19
G0 F7200 X52.153 Y42.41
G0 X53.574 Y42.41
G0 X53.574 Y42.26
G1 F3600 X56.054 Y44.74 E0.05833
G0 F7200 X55.259 Y44.74
G1 F3600 X56.24 Y43.759 E0.02307
G1 X56.31 Y43.689
G0 F7200 X56.09 Y43.689
G0 X51 Y43.146
G0 X49.663 Y43.278
G0 X48.377 Y43.669
G0 X47.193 Y44.301
G0 X46.153 Y45.153
G0 X45.301 Y46.193
G0 X44.669 Y47.377
G0 X44.278 Y48.663
G0 X44.146 Y50
G0 X44.278 Y51.337
G0 X44.669 Y52.623
G0 X45.301 Y53.807
G0 X46.153 Y54.847
G0 X47.193 Y55.699
G0 X48.377 Y56.331
G0 X49.663 Y56.722
G0 X51 Y56.854
G0 X52.337 Y56.722
G0 X56.053 Y55.41
G0 X56.053 Y55.26
G1 F3600 X53.573 Y57.74 E0.05833
G1 X53.503 Y57.81
G0 F7200 X53.503 Y57.59
G0 X52.083 Y57.59
G0 X52.083 Y57.74
G1 F3600 X51.091 Y56.748 E0.02333
G1 X51.021 Y56.678
G0 F7200 X51.043 Y56.91
G0 X49.131 Y56.623
G0 X49.175 Y56.481
G1 F3600 X47.916 Y57.74 E0.02961
G1 X47.846 Y57.81
G0 F7200 X47.846 Y57.59
G0 X46.425 Y57.59
G0 X46.425 Y57.739
G1 F3600 X43.76 Y55.074 E0.06268
G1 X43.69 Y55.004
G0 F7200 X43.91 Y55.004
G0 X43.91 Y56.238
G0 X43.761 Y56.238
G1 F3600 X45.765 Y54.234 E0.04713
G1 X45.835 Y54.164
G0 F7200 X45.643 Y54.32
G0 X44.789 Y52.848
G0 X43.91 Y50.581
G0 X43.761 Y50.581
G1 F3600 X44.249 Y50.094 E0.01147
G1 X44.249 Y49.906
G1 X43.76 Y49.417 E0.0115
G0 F7200 X43.91 Y49.417
G0 X44.278 Y51.337
G0 X44.669 Y52.623
G0 X45.301 Y53.807
G0 X46.153 Y54.847
G0 X47.193 Y55.699
G0 X48.377 Y56.331
G0 X49.663 Y56.722
G0 X51 Y56.854
G0 X52.337 Y56.722
G0 X53.494 Y56.37
G0 X55.26 Y55.41
G0 X55.26 Y55.26
G1 F3600 X56.24 Y56.24 E0.02305
G1 X56.31 Y56.31
G0 F7200 X56.09 Y56.31
G0 X52.376 Y56.773
G0 X52.287 Y56.477
;TYPE:WALL-INNER
G1 F3600 X51 Y56.599 E0.0215
G1 X49.708 Y56.476 E0.02158
G1 X48.469 Y56.097 E0.02155
G1 X47.334 Y55.494 E0.02137
G1 X46.328 Y54.666 E0.02167
G1 X45.505 Y53.661 E0.0216
G1 X44.899 Y52.53 E0.02134
G1 X44.523 Y51.288 E0.02158
G1 X44.4 Y50 E0.02152
G1 X44.523 Y48.708 E0.02158
G1 X44.899 Y47.466 E0.02158
G1 X45.505 Y46.335 E0.02134
G1 X46.326 Y45.332 E0.02156
G1 X47.335 Y44.505 E0.0217
G1 X48.471 Y43.898 E0.02142
G1 X49.708 Y43.524 E0.02149
G1 X51 Y43.396 E0.02159
G1 X52.288 Y43.524 E0.02153
G1 X53.525 Y43.898 E0.02149
G1 X54.665 Y44.508 E0.0215
G1 X55.143 Y44.9 E0.01028
G1 X56.4 Y44.9 E0.0209
G1 X56.4 Y42.313 E0.04302
G1 X56.274 Y42.101 E0.0041
G1 X43.6 Y42.1 E0.21077
G1 X43.601 Y57.899 E0.26274
G1 X56.272 Y57.9 E0.21072
G1 X56.4 Y57.683 E0.00419
G1 X56.4 Y55.1 E0.04296
G1 X55.143 Y55.1 E0.0209
G1 X54.663 Y55.494 E0.01033
G1 X53.527 Y56.097 E0.02139
G1 X52.287 Y56.477 E0.02157
G0 F7200 X52.192 Y56.084
;TYPE:WALL-OUTER
G1 F1800 X50.981 Y56.196 E0.02022
G1 X49.805 Y56.084 E0.01965
G1 X48.641 Y55.732 E0.02022
G1 X47.54 Y55.147 E0.02073
G1 X46.628 Y54.395 E0.01966
G1 X45.831 Y53.423 E0.0209
G1 X45.279 Y52.391 E0.01946
G1 X44.916 Y51.192 E0.02083
G1 X44.8 Y49.98 E0.02025
G1 X44.916 Y48.804 E0.01965
G1 X45.279 Y47.605 E0.02083
G1 X45.831 Y46.573 E0.01946
G1 X46.629 Y45.601 E0.02091
G1 X47.573 Y44.831 E0.02026
G1 X48.605 Y44.279 E0.01946
G1 X49.804 Y43.916 E0.02083
G1 X51.02 Y43.8 E0.02031
G1 X52.192 Y43.916 E0.01959
G1 X53.391 Y44.279 E0.02083
G1 X54.423 Y44.831 E0.01946
G1 X55 Y45.3 E0.01237
G1 X56.8 Y45.3 E0.02993
G1 X56.8 Y42.262 E0.05052
G1 X56.635 Y41.879 E0.00694
G1 X56.356 Y41.701 E0.0055
G1 X43.2 Y41.7 E0.21879
G1 X43.201 Y58.299 E0.27604
G1 X56.354 Y58.3 E0.21874
G1 X56.635 Y58.12 E0.00555
G1 X56.8 Y57.734 E0.00698
G1 X56.8 Y54.7 E0.05046
G1 X55 Y54.7 E0.02993
G1 X54.422 Y55.169 E0.01238
G1 X53.355 Y55.732 E0.02006
G1 X52.192 Y56.084 E0.02021
G0 F7200 X51.993 Y56.102
G0 X52.091 Y57.109
;MESH:NONMESH
G0 F600 X52.091 Y57.109 Z9.4
G0 F7200 X49.663 Y56.722
G0 X48.377 Y56.331
G0 X47.193 Y55.699
G0 X46.153 Y54.847
G0 X45.301 Y53.807
G0 X44.669 Y52.623
G0 X44.278 Y51.337
G0 X43.91 Y43.76
G0 X43.76 Y43.76
;TIME_ELAPSED:657.244085
;LAYER:91
;TYPE:FILL
;MESH:hold.stl
G1 F3600 X45.765 Y45.765 E0.04715
G1 X45.835 Y45.835
G0 F7200 X45.645 Y45.678
G0 X43.91 Y44.925
G0 X43.761 Y44.925
G1 F3600 X46.426 Y42.26 E0.06268
G1 X46.496 Y42.19
G0 F7200 X46.496 Y42.41
G0 X47.917 Y42.41
G0 X47.917 Y42.26
G1 F3600 X49.174 Y43.517 E0.02956
G1 X49.244 Y43.587
G0 F7200 X49.176 Y43.363
G0 X51.112 Y43.098
G0 X51.098 Y43.245
G1 F3600 X52.083 Y42.26 E0.02317
G1 X52.153 Y42.19
G0 F7200 X52.153 Y42.41
G0 X53.574 Y42.41
G0 X53.574 Y42.26
G1 F3600 X56.054 Y44.74 E0.05833
G0 F7200 X55.259 Y44.74
G1 F3600 X56.24 Y43.759 E0.02307
G1 X56.31 Y43.689
G0 F7200 X56.09 Y43.689
G0 X51 Y43.146
G0 X49.663 Y43.278
G0 X48.377 Y43.669
G0 X47.193 Y44.301
G0 X46.153 Y45.153
G0 X45.301 Y46.193
G0 X44.669 Y47.377
G0 X44.278 Y48.663
G0 X44.146 Y50
G0 X44.278 Y51.337
G0 X44.669 Y52.623
G0 X45.301 Y53.807
G0 X46.153 Y54.847
G0 X47.193 Y55.699
G0 X48.377 Y56.331
G0 X49.663 Y56.722
G0 X51 Y56.854
G0 X52.337 Y56.722
G0 X56.053 Y55.41
G0 X56.053 Y55.26
G1 F3600 X53.573 Y57.74 E0.05833
G1 X53.503 Y57.81
G0 F7200 X53.503 Y57.59
G0 X52.083 Y57.59
G0 X52.083 Y57.74
G1 F3600 X51.091 Y56.748 E0.02333
G1 X51.021 Y56.678
G0 F7200 X51.043 Y56.91
G0 X49.131 Y56.623
G0 X49.175 Y56.481
G1 F3600 X47.916 Y57.74 E0.02961
G1 X47.846 Y57.81
G0 F7200 X47.846 Y57.59
G0 X46.425 Y57.59
G0 X46.425 Y57.739
G1 F3600 X43.76 Y55.074 E0.06268
G1 X43.69 Y55.004
G0 F7200 X43.91 Y55.004
G0 X43.91 Y56.238
G0 X43.761 Y56.238
G1 F3600 X45.765 Y54.234 E0.04713
G1 X45.835 Y54.164
G0 F7200 X45.643 Y54.32
G0 X44.789 Y52.848
G0 X43.91 Y50.581
G0 X43.761 Y50.581
G1 F3600 X44.249 Y50.094 E0.01147
G1 X44.249 Y49.906
G1 X43.76 Y49.417 E0.0115
G0 F7200 X43.91 Y49.417
G0 X44.278 Y51.337
G0 X44.669 Y52.623
G0 X45.301 Y53.807
G0 X46.153 Y54.847
G0 X47.193 Y55.699
G0 X48.377 Y56.331
G0 X49.663 Y56.722
G0 X51 Y56.854
G0 X52.337 Y56.722
G0 X53.494 Y56.37
G0 X55.26 Y55.41
G0 X55.26 Y55.26
G1 F3600 X56.24 Y56.24 E0.02305
G1 X56.31 Y56.31
G0 F7200 X56.09 Y56.31
G0 X52.376 Y56.773
G0 X52.287 Y56.477
;TYPE:WALL-INNER
G1 F3600 X51 Y56.599 E0.0215
G1 X49.708 Y56.476 E0.02158
G1 X48.469 Y56.097 E0.02155
G1 X47.334 Y55.494 E0.02137
G1 X46.328 Y54.666 E0.02167
G1 X45.505 Y53.661 E0.0216
G1 X44.899 Y52.53 E0.02134
G1 X44.523 Y51.288 E0.02158
G1 X44.4 Y50 E0.02152
G1 X44.523 Y48.708 E0.02158
G1 X44.899 Y47.466 E0.02158
G1 X45.505 Y46.335 E0.02134
G1 X46.326 Y45.332 E0.02156
G1 X47.335 Y44.505 E0.0217
G1 X48.471 Y43.898 E0.02142
G1 X49.708 Y43.524 E0.02149
G1 X51 Y43.396 E0.02159
G1 X52.288 Y43.524 E0.02153
G1 X53.525 Y43.898 E0.02149
G1 X54.665 Y44.508 E0.0215
G1 X55.143 Y44.9 E0.01028
G1 X56.4 Y44.9 E0.0209
G1 X56.4 Y42.313 E0.04302
G1 X56.274 Y42.101 E0.0041
G1 X43.6 Y42.1 E0.21077
G1 X43.601 Y57.899 E0.26274
G1 X56.272 Y57.9 E0.21072
G1 X56.4 Y57.683 E0.00419
G1 X56.4 Y55.1 E0.04296
G1 X55.143 Y55.1 E0.0209
G1 X54.663 Y55.494 E0.01033
G1 X53.527 Y56.097 E0.02139
G1 X52.287 Y56.477 E0.02157
G0 F7200 X52.192 Y56.084
;TYPE:WALL-OUTER
G1 F1800 X50.981 Y56.196 E0.02022
G1 X49.805 Y56.084 E0.01965
G1 X48.641 Y55.732 E0.02022
G1 X47.54 Y55.147 E0.02073
G1 X46.628 Y54.395 E0.01966
G1 X45.831 Y53.423 E0.0209
G1 X45.279 Y52.391 E0.01946
G1 X44.916 Y51.192 E0.02083
G1 X44.8 Y49.98 E0.02025
G1 X44.916 Y48.804 E0.01965
G1 X45.279 Y47.605 E0.02083
G1 X45.831 Y46.573 E0.01946
G1 X46.629 Y45.601 E0.02091
G1 X47.573 Y44.831 E0.02026
G1 X48.605 Y44.279 E0.01946
G1 X49.804 Y43.916 E0.02083
G1 X51.02 Y43.8 E0.02031
G1 X52.192 Y43.916 E0.01959
G1 X53.391 Y44.279 E0.02083
G1 X54.423 Y44.831 E0.01946
G1 X55 Y45.3 E0.01237
G1 X56.8 Y45.3 E0.02993
G1 X56.8 Y42.262 E0.05052
G1 X56.635 Y41.879 E0.00694
G1 X56.356 Y41.701 E0.0055
G1 X43.2 Y41.7 E0.21879
G1 X43.201 Y58.299 E0.27604
G1 X56.354 Y58.3 E0.21874
G1 X56.635 Y58.12 E0.00555
G1 X56.8 Y57.734 E0.00698
G1 X56.8 Y54.7 E0.05046
G1 X55 Y54.7 E0.02993
G1 X54.422 Y55.169 E0.01238
G1 X53.355 Y55.732 E0.02006
G1 X52.192 Y56.084 E0.02021
G0 F7200 X51.993 Y56.102
G0 X52.091 Y57.109
;MESH:NONMESH
G0 F600 X52.091 Y57.109 Z9.5
G0 F7200 X49.663 Y56.722
G0 X48.377 Y56.331
G0 X47.193 Y55.699
G0 X46.153 Y54.847
G0 X45.301 Y53.807
G0 X44.669 Y52.623
G0 X44.278 Y51.337
G0 X43.91 Y43.76
G0 X43.76 Y43.76
;TIME_ELAPSED:663.391272
;LAYER:92
;TYPE:FILL
;MESH:hold.stl
G1 F3600 X45.765 Y45.765 E0.04715
G1 X45.835 Y45.835
G0 F7200 X45.645 Y45.678
G0 X43.91 Y44.925
G0 X43.761 Y44.925
G1 F3600 X46.426 Y42.26 E0.06268
G1 X46.496 Y42.19
G0 F7200 X46.496 Y42.41
G0 X47.917 Y42.41
G0 X47.917 Y42.26
G1 F3600 X49.174 Y43.517 E0.02956
G1 X49.244 Y43.587
G0 F7200 X49.176 Y43.363
G0 X51.112 Y43.098
G0 X51.098 Y43.245
G1 F3600 X52.083 Y42.26 E0.02317
G1 X52.153 Y42.19
G0 F7200 X52.153 Y42.41
G0 X53.574 Y42.41
G0 X53.574 Y42.26
G1 F3600 X56.054 Y44.74 E0.05833
G0 F7200 X55.259 Y44.74
G1 F3600 X56.24 Y43.759 E0.02307
G1 X56.31 Y43.689
G0 F7200 X56.09 Y43.689
G0 X51 Y43.146
G0 X49.663 Y43.278
G0 X48.377 Y43.669
G0 X47.193 Y44.301
G0 X46.153 Y45.153
G0 X45.301 Y46.193
G0 X44.669 Y47.377
G0 X44.278 Y48.663
G0 X44.146 Y50
G0 X44.278 Y51.337
G0 X44.669 Y52.623
G0 X45.301 Y53.807
G0 X46.153 Y54.847
G0 X47.193 Y55.699
G0 X48.377 Y56.331
G0 X49.663 Y56.722
G0 X51 Y56.854
G0 X52.337 Y56.722
G0 X56.053 Y55.41
G0 X56.053 Y55.26
G1 F3600 X53.573 Y57.74 E0.05833
G1 X53.503 Y57.81
G0 F7200 X53.503 Y57.59
G0 X52.083 Y57.59
G0 X52.083 Y57.74
G1 F3600 X51.091 Y56.748 E0.02333
G1 X51.021 Y56.678
G0 F7200 X51.043 Y56.91
G0 X49.131 Y56.623
G0 X49.175 Y56.481
G1 F3600 X47.916 Y57.74 E0.02961
G1 X47.846 Y57.81
G0 F7200 X47.846 Y57.59
G0 X46.425 Y57.59
G0 X46.425 Y57.739
G1 F3600 X43.76 Y55.074 E0.06268
G1 X43.69 Y55.004
G0 F7200 X43.91 Y55.004
G0 X43.91 Y56.238
G0 X43.761 Y56.238
G1 F3600 X45.765 Y54.234 E0.04713
G1 X45.835 Y54.164
G0 F7200 X45.643 Y54.32
G0 X44.789 Y52.848
G0 X43.91 Y50.581
G0 X43.761 Y50.581
G1 F3600 X44.249 Y50.094 E0.01147
G1 X44.249 Y49.906
G1 X43.76 Y49.417 E0.0115
G0 F7200 X43.91 Y49.417
G0 X44.278 Y51.337
G0 X44.669 Y52.623
G0 X45.301 Y53.807
G0 X46.153 Y54.847
G0 X47.193 Y55.699
G0 X48.377 Y56.331
G0 X49.663 Y56.722
G0 X51 Y56.854
G0 X52.337 Y56.722
G0 X53.494 Y56.37
G0 X55.26 Y55.41
G0 X55.26 Y55.26
G1 F3600 X56.24 Y56.24 E0.02305
G1 X56.31 Y56.31
G0 F7200 X56.09 Y56.31
G0 X52.376 Y56.773
G0 X52.287 Y56.477
;TYPE:WALL-INNER
G1 F3600 X51 Y56.599 E0.0215
G1 X49.708 Y56.476 E0.02158
G1 X48.469 Y56.097 E0.02155
G1 X47.334 Y55.494 E0.02137
G1 X46.328 Y54.666 E0.02167
G1 X45.505 Y53.661 E0.0216
G1 X44.899 Y52.53 E0.02134
G1 X44.523 Y51.288 E0.02158
G1 X44.4 Y50 E0.02152
G1 X44.523 Y48.708 E0.02158
G1 X44.899 Y47.466 E0.02158
G1 X45.505 Y46.335 E0.02134
G1 X46.326 Y45.332 E0.02156
G1 X47.335 Y44.505 E0.0217
G1 X48.471 Y43.898 E0.02142
G1 X49.708 Y43.524 E0.02149
G1 X51 Y43.396 E0.02159
G1 X52.288 Y43.524 E0.02153
G1 X53.525 Y43.898 E0.02149
G1 X54.665 Y44.508 E0.0215
G1 X55.143 Y44.9 E0.01028
G1 X56.4 Y44.9 E0.0209
G1 X56.4 Y42.313 E0.04302
G1 X56.274 Y42.101 E0.0041
G1 X43.6 Y42.1 E0.21077
G1 X43.601 Y57.899 E0.26274
G1 X56.272 Y57.9 E0.21072
G1 X56.4 Y57.683 E0.00419
G1 X56.4 Y55.1 E0.04296
G1 X55.143 Y55.1 E0.0209
G1 X54.663 Y55.494 E0.01033
G1 X53.527 Y56.097 E0.02139
G1 X52.287 Y56.477 E0.02157
G0 F7200 X52.192 Y56.084
;TYPE:WALL-OUTER
G1 F1800 X50.981 Y56.196 E0.02022
G1 X49.805 Y56.084 E0.01965
G1 X48.641 Y55.732 E0.02022
G1 X47.54 Y55.147 E0.02073
G1 X46.628 Y54.395 E0.01966
G1 X45.831 Y53.423 E0.0209
G1 X45.279 Y52.391 E0.01946
G1 X44.916 Y51.192 E0.02083
G1 X44.8 Y49.98 E0.02025
G1 X44.916 Y48.804 E0.01965
G1 X45.279 Y47.605 E0.02083
G1 X45.831 Y46.573 E0.01946
G1 X46.629 Y45.601 E0.02091
G1 X47.573 Y44.831 E0.02026
G1 X48.605 Y44.279 E0.01946
G1 X49.804 Y43.916 E0.02083
G1 X51.02 Y43.8 E0.02031
G1 X52.192 Y43.916 E0.01959
G1 X53.391 Y44.279 E0.02083
G1 X54.423 Y44.831 E0.01946
G1 X55 Y45.3 E0.01237
G1 X56.8 Y45.3 E0.02993
G1 X56.8 Y42.262 E0.05052
G1 X56.635 Y41.879 E0.00694
G1 X56.356 Y41.701 E0.0055
G1 X43.2 Y41.7 E0.21879
G1 X43.201 Y58.299 E0.27604
G1 X56.354 Y58.3 E0.21874
G1 X56.635 Y58.12 E0.00555
G1 X56.8 Y57.734 E0.00698
G1 X56.8 Y54.7 E0.05046
G1 X55 Y54.7 E0.02993
G1 X54.422 Y55.169 E0.01238
G1 X53.355 Y55.732 E0.02006
G1 X52.192 Y56.084 E0.02021
G0 F7200 X51.993 Y56.102
G0 X52.091 Y57.109
;MESH:NONMESH
G0 F600 X52.091 Y57.109 Z9.6
G0 F7200 X49.663 Y56.722
G0 X48.377 Y56.331
G0 X47.193 Y55.699
G0 X46.153 Y54.847
G0 X45.301 Y53.807
G0 X44.669 Y52.623
G0 X44.278 Y51.337
G0 X43.91 Y43.76
G0 X43.76 Y43.76
;TIME_ELAPSED:669.538459
;LAYER:93
;TYPE:FILL
;MESH:hold.stl
G1 F3600 X45.765 Y45.765 E0.04715
G1 X45.835 Y45.835
G0 F7200 X45.645 Y45.678
G0 X43.91 Y44.925
G0 X43.761 Y44.925
G1 F3600 X46.426 Y42.26 E0.06268
G1 X46.496 Y42.19
G0 F7200 X46.496 Y42.41
G0 X47.917 Y42.41
G0 X47.917 Y42.26
G1 F3600 X49.174 Y43.517 E0.02956
G1 X49.244 Y43.587
G0 F7200 X49.176 Y43.363
G0 X51.112 Y43.098
G0 X51.098 Y43.245
G1 F3600 X52.083 Y42.26 E0.02317
G1 X52.153 Y42.19
G0 F7200 X52.153 Y42.41
G0 X53.574 Y42.41
G0 X53.574 Y42.26
G1 F3600 X56.054 Y44.74 E0.05833
G0 F7200 X55.259 Y44.74
G1 F3600 X56.24 Y43.759 E0.02307
G1 X56.31 Y43.689
G0 F7200 X56.09 Y43.689
G0 X51 Y43.146
G0 X49.663 Y43.278
G0 X48.377 Y43.669
G0 X47.193 Y44.301
G0 X46.153 Y45.153
G0 X45.301 Y46.193
G0 X44.669 Y47.377
G0 X44.278 Y48.663
G0 X44.146 Y50
G0 X44.278 Y51.337
G0 X44.669 Y52.623
G0 X45.301 Y53.807
G0 X46.153 Y54.847
G0 X47.193 Y55.699
G0 X48.377 Y56.331
G0 X49.663 Y56.722
G0 X51 Y56.854
G0 X52.337 Y56.722
G0 X56.053 Y55.41
G0 X56.053 Y55.26
G1 F3600 X53.573 Y57.74 E0.05833
G1 X53.503 Y57.81
G0 F7200 X53.503 Y57.59
G0 X52.083 Y57.59
G0 X52.083 Y57.74
G1 F3600 X51.091 Y56.748 E0.02333
G1 X51.021 Y56.678
G0 F7200 X51.043 Y56.91
G0 X49.131 Y56.623
G0 X49.175 Y56.481
G1 F3600 X47.916 Y57.74 E0.02961
G1 X47.846 Y57.81
G0 F7200 X47.846 Y57.59
G0 X46.425 Y57.59
G0 X46.425 Y57.739
G1 F3600 X43.76 Y55.074 E0.06268
G1 X43.69 Y55.004
G0 F7200 X43.91 Y55.004
G0 X43.91 Y56.238
G0 X43.761 Y56.238
G1 F3600 X45.765 Y54.234 E0.04713
G1 X45.835 Y54.164
G0 F7200 X45.643 Y54.32
G0 X44.789 Y52.848
G0 X43.91 Y50.581
G0 X43.761 Y50.581
G1 F3600 X44.249 Y50.094 E0.01147
G1 X44.249 Y49.906
G1 X43.76 Y49.417 E0.0115
G0 F7200 X43.91 Y49.417
G0 X44.278 Y51.337
G0 X44.669 Y52.623
G0 X45.301 Y53.807
G0 X46.153 Y54.847
G0 X47.193 Y55.699
G0 X48.377 Y56.331
G0 X49.663 Y56.722
G0 X51 Y56.854
G0 X52.337 Y56.722
G0 X53.494 Y56.37
G0 X55.26 Y55.41
G0 X55.26 Y55.26
G1 F3600 X56.24 Y56.24 E0.02305
G1 X56.31 Y56.31
G0 F7200 X56.09 Y56.31
G0 X52.376 Y56.773
G0 X52.287 Y56.477
;TYPE:WALL-INNER
G1 F3600 X51 Y56.599 E0.0215
G1 X49.708 Y56.476 E0.02158
G1 X48.469 Y56.097 E0.02155
G1 X47.334 Y55.494 E0.02137
G1 X46.328 Y54.666 E0.02167
G1 X45.505 Y53.661 E0.0216
G1 X44.899 Y52.53 E0.02134
G1 X44.523 Y51.288 E0.02158
G1 X44.4 Y50 E0.02152
G1 X44.523 Y48.708 E0.02158
G1 X44.899 Y47.466 E0.02158
G1 X45.505 Y46.335 E0.02134
G1 X46.326 Y45.332 E0.02156
G1 X47.335 Y44.505 E0.0217
G1 X48.471 Y43.898 E0.02142
G1 X49.708 Y43.524 E0.02149
G1 X51 Y43.396 E0.02159
G1 X52.288 Y43.524 E0.02153
G1 X53.525 Y43.898 E0.02149
G1 X54.665 Y44.508 E0.0215
G1 X55.143 Y44.9 E0.01028
G1 X56.4 Y44.9 E0.0209
G1 X56.4 Y42.313 E0.04302
G1 X56.274 Y42.101 E0.0041
G1 X43.6 Y42.1 E0.21077
G1 X43.601 Y57.899 E0.26274
G1 X56.272 Y57.9 E0.21072
G1 X56.4 Y57.683 E0.00419
G1 X56.4 Y55.1 E0.04296
G1 X55.143 Y55.1 E0.0209
G1 X54.663 Y55.494 E0.01033
G1 X53.527 Y56.097 E0.02139
G1 X52.287 Y56.477 E0.02157
G0 F7200 X52.192 Y56.084
;TYPE:WALL-OUTER
G1 F1800 X50.981 Y56.196 E0.02022
G1 X49.805 Y56.084 E0.01965
G1 X48.641 Y55.732 E0.02022
G1 X47.54 Y55.147 E0.02073
G1 X46.628 Y54.395 E0.01966
G1 X45.831 Y53.423 E0.0209
G1 X45.279 Y52.391 E0.01946
G1 X44.916 Y51.192 E0.02083
G1 X44.8 Y49.98 E0.02025
G1 X44.916 Y48.804 E0.01965
G1 X45.279 Y47.605 E0.02083
G1 X45.831 Y46.573 E0.01946
G1 X46.629 Y45.601 E0.02091
G1 X47.573 Y44.831 E0.02026
G1 X48.605 Y44.279 E0.01946
G1 X49.804 Y43.916 E0.02083
G1 X51.02 Y43.8 E0.02031
G1 X52.192 Y43.916 E0.01959
G1 X53.391 Y44.279 E0.02083
G1 X54.423 Y44.831 E0.01946
G1 X55 Y45.3 E0.01237
G1 X56.8 Y45.3 E0.02993
G1 X56.8 Y42.262 E0.05052
G1 X56.635 Y41.879 E0.00694
G1 X56.356 Y41.701 E0.0055
G1 X43.2 Y41.7 E0.21879
G1 X43.201 Y58.299 E0.27604
G1 X56.354 Y58.3 E0.21874
G1 X56.635 Y58.12 E0.00555
G1 X56.8 Y57.734 E0.00698
G1 X56.8 Y54.7 E0.05046
G1 X55 Y54.7 E0.02993
G1 X54.422 Y55.169 E0.01238
G1 X53.355 Y55.732 E0.02006
G1 X52.192 Y56.084 E0.02021
G0 F7200 X51.993 Y56.102
G0 X52.091 Y57.109
;MESH:NONMESH
G0 F600 X52.091 Y57.109 Z9.7
G0 F7200 X49.663 Y56.722
G0 X48.377 Y56.331
G0 X47.193 Y55.699
G0 X46.153 Y54.847
G0 X45.301 Y53.807
G0 X44.669 Y52.623
G0 X44.278 Y51.337
G0 X43.91 Y43.76
G0 X43.76 Y43.76
;TIME_ELAPSED:675.685645
;LAYER:94
;TYPE:FILL
;MESH:hold.stl
G1 F3600 X45.765 Y45.765 E0.04715
G1 X45.835 Y45.835
G0 F7200 X45.645 Y45.678
G0 X43.91 Y44.925
G0 X43.761 Y44.925
G1 F3600 X46.426 Y42.26 E0.06268
G1 X46.496 Y42.19
G0 F7200 X46.496 Y42.41
G0 X47.917 Y42.41
G0 X47.917 Y42.26
G1 F3600 X49.174 Y43.517 E0.02956
G1 X49.244 Y43.587
G0 F7200 X49.176 Y43.363
G0 X51.112 Y43.098
G0 X51.098 Y43.245
G1 F3600 X52.083 Y42.26 E0.02317
G1 X52.153 Y42.19
G0 F7200 X52.153 Y42.41
G0 X53.574 Y42.41
G0 X53.574 Y42.26
G1 F3600 X56.054 Y44.74 E0.05833
G0 F7200 X55.259 Y44.74
G1 F3600 X56.24 Y43.759 E0.02307
G1 X56.31 Y43.689
G0 F7200 X56.09 Y43.689
G0 X51 Y43.146
G0 X49.663 Y43.278
G0 X48.377 Y43.669
G0 X47.193 Y44.301
G0 X46.153 Y45.153
G0 X45.301 Y46.193
G0 X44.669 Y47.377
G0 X44.278 Y48.663
G0 X44.146 Y50
G0 X44.278 Y51.337
G0 X44.669 Y52.623
G0 X45.301 Y53.807
G0 X46.153 Y54.847
G0 X47.193 Y55.699
G0 X48.377 Y56.331
G0 X49.663 Y56.722
G0 X51 Y56.854
G0 X52.337 Y56.722
G0 X56.053 Y55.41
G0 X56.053 Y55.26
G1 F3600 X53.573 Y57.74 E0.05833
G1 X53.503 Y57.81
G0 F7200 X53.503 Y57.59
G0 X52.083 Y57.59
G0 X52.083 Y57.74
G1 F3600 X51.091 Y56.748 E0.02333
G1 X51.021 Y56.678
G0 F7200 X51.043 Y56.91
G0 X49.131 Y56.623
G0 X49.175 Y56.481
G1 F3600 X47.916 Y57.74 E0.02961
G1 X47.846 Y57.81
G0 F7200 X47.846 Y57.59
G0 X46.425 Y57.59
G0 X46.425 Y57.739
G1 F3600 X43.76 Y55.074 E0.06268
G1 X43.69 Y55.004
G0 F7200 X43.91 Y55.004
G0 X43.91 Y56.238
G0 X43.761 Y56.238
G1 F3600 X45.765 Y54.234 E0.04713
G1 X45.835 Y54.164
G0 F7200 X45.643 Y54.32
G0 X44.789 Y52.848
G0 X43.91 Y50.581
G0 X43.761 Y50.581
G1 F3600 X44.249 Y50.094 E0.01147
G1 X44.249 Y49.906
G1 X43.76 Y49.417 E0.0115
G0 F7200 X43.91 Y49.417
G0 X44.278 Y51.337
G0 X44.669 Y52.623
G0 X45.301 Y53.807
G0 X46.153 Y54.847
G0 X47.193 Y55.699
G0 X48.377 Y56.331
G0 X49.663 Y56.722
G0 X51 Y56.854
G0 X52.337 Y56.722
G0 X53.494 Y56.37
G0 X55.26 Y55.41
G0 X55.26 Y55.26
G1 F3600 X56.24 Y56.24 E0.02305
G1 X56.31 Y56.31
G0 F7200 X56.09 Y56.31
G0 X52.376 Y56.773
G0 X52.287 Y56.477
;TYPE:WALL-INNER
G1 F3600 X51 Y56.599 E0.0215
G1 X49.708 Y56.476 E0.02158
G1 X48.469 Y56.097 E0.02155
G1 X47.334 Y55.494 E0.02137
G1 X46.328 Y54.666 E0.02167
G1 X45.505 Y53.661 E0.0216
G1 X44.899 Y52.53 E0.02134
G1 X44.523 Y51.288 E0.02158
G1 X44.4 Y50 E0.02152
G1 X44.523 Y48.708 E0.02158
G1 X44.899 Y47.466 E0.02158
G1 X45.505 Y46.335 E0.02134
G1 X46.326 Y45.332 E0.02156
G1 X47.335 Y44.505 E0.0217
G1 X48.471 Y43.898 E0.02142
G1 X49.708 Y43.524 E0.02149
G1 X51 Y43.396 E0.02159
G1 X52.288 Y43.524 E0.02153
G1 X53.525 Y43.898 E0.02149
G1 X54.665 Y44.508 E0.0215
G1 X55.143 Y44.9 E0.01028
G1 X56.4 Y44.9 E0.0209
G1 X56.4 Y42.313 E0.04302
G1 X56.274 Y42.101 E0.0041
G1 X43.6 Y42.1 E0.21077
G1 X43.601 Y57.899 E0.26274
G1 X56.272 Y57.9 E0.21072
G1 X56.4 Y57.683 E0.00419
G1 X56.4 Y55.1 E0.04296
G1 X55.143 Y55.1 E0.0209
G1 X54.663 Y55.494 E0.01033
G1 X53.527 Y56.097 E0.02139
G1 X52.287 Y56.477 E0.02157
G0 F7200 X52.192 Y56.084
;TYPE:WALL-OUTER
G1 F1800 X50.981 Y56.196 E0.02022
G1 X49.805 Y56.084 E0.01965
G1 X48.641 Y55.732 E0.02022
G1 X47.54 Y55.147 E0.02073
G1 X46.628 Y54.395 E0.01966
G1 X45.831 Y53.423 E0.0209
G1 X45.279 Y52.391 E0.01946
G1 X44.916 Y51.192 E0.02083
G1 X44.8 Y49.98 E0.02025
G1 X44.916 Y48.804 E0.01965
G1 X45.279 Y47.605 E0.02083
G1 X45.831 Y46.573 E0.01946
G1 X46.629 Y45.601 E0.02091
G1 X47.573 Y44.831 E0.02026
G1 X48.605 Y44.279 E0.01946
G1 X49.804 Y43.916 E0.02083
G1 X51.02 Y43.8 E0.02031
G1 X52.192 Y43.916 E0.01959
G1 X53.391 Y44.279 E0.02083
G1 X54.423 Y44.831 E0.01946
G1 X55 Y45.3 E0.01237
G1 X56.8 Y45.3 E0.02993
G1 X56.8 Y42.262 E0.05052
G1 X56.635 Y41.879 E0.00694
G1 X56.356 Y41.701 E0.0055
G1 X43.2 Y41.7 E0.21879
G1 X43.201 Y58.299 E0.27604
G1 X56.354 Y58.3 E0.21874
G1 X56.635 Y58.12 E0.00555
G1 X56.8 Y57.734 E0.00698
G1 X56.8 Y54.7 E0.05046
G1 X55 Y54.7 E0.02993
G1 X54.422 Y55.169 E0.01238
G1 X53.355 Y55.732 E0.02006
G1 X52.192 Y56.084 E0.02021
G0 F7200 X51.993 Y56.102
G0 X52.091 Y57.109
;MESH:NONMESH
G0 F600 X52.091 Y57.109 Z9.8
G0 F7200 X49.663 Y56.722
G0 X48.377 Y56.331
G0 X47.193 Y55.699
G0 X46.153 Y54.847
G0 X45.301 Y53.807
G0 X44.669 Y52.623
G0 X44.278 Y51.337
G0 X43.91 Y43.76
G0 X43.76 Y43.76
;TIME_ELAPSED:681.832832
;LAYER:95
;TYPE:FILL
;MESH:hold.stl
G1 F3600 X45.765 Y45.765 E0.04715
G1 X45.835 Y45.835
G0 F7200 X45.645 Y45.678
G0 X43.91 Y44.925
G0 X43.761 Y44.925
G1 F3600 X46.426 Y42.26 E0.06268
G1 X46.496 Y42.19
G0 F7200 X46.496 Y42.41
G0 X47.917 Y42.41
G0 X47.917 Y42.26
G1 F3600 X49.174 Y43.517 E0.02956
G1 X49.244 Y43.587
G0 F7200 X49.176 Y43.363
G0 X51.112 Y43.098
G0 X51.098 Y43.245
G1 F3600 X52.083 Y42.26 E0.02317
G1 X52.153 Y42.19
G0 F7200 X52.153 Y42.41
G0 X53.574 Y42.41
G0 X53.574 Y42.26
G1 F3600 X56.054 Y44.74 E0.05833
G0 F7200 X55.259 Y44.74
G1 F3600 X56.24 Y43.759 E0.02307
G1 X56.31 Y43.689
G0 F7200 X56.09 Y43.689
G0 X51 Y43.146
G0 X49.663 Y43.278
G0 X48.377 Y43.669
G0 X47.193 Y44.301
G0 X46.153 Y45.153
G0 X45.301 Y46.193
G0 X44.669 Y47.377
G0 X44.278 Y48.663
G0 X44.146 Y50
G0 X44.278 Y51.337
G0 X44.669 Y52.623
G0 X45.301 Y53.807
G0 X46.153 Y54.847
G0 X47.193 Y55.699
G0 X48.377 Y56.331
G0 X49.663 Y56.722
G0 X51 Y56.854
G0 X52.337 Y56.722
G0 X56.053 Y55.41
G0 X56.053 Y55.26
G1 F3600 X53.573 Y57.74 E0.05833
G1 X53.503 Y57.81
G0 F7200 X53.503 Y57.59
G0 X52.083 Y57.59
G0 X52.083 Y57.74
G1 F3600 X51.091 Y56.748 E0.02333
G1 X51.021 Y56.678
G0 F7200 X51.043 Y56.91
G0 X49.131 Y56.623
G0 X49.175 Y56.481
G1 F3600 X47.916 Y57.74 E0.02961
G1 X47.846 Y57.81
G0 F7200 X47.846 Y57.59
G0 X46.425 Y57.59
G0 X46.425 Y57.739
G1 F3600 X43.76 Y55.074 E0.06268
G1 X43.69 Y55.004
G0 F7200 X43.91 Y55.004
G0 X43.91 Y56.238
G0 X43.761 Y56.238
G1 F3600 X45.765 Y54.234 E0.04713
G1 X45.835 Y54.164
G0 F7200 X45.643 Y54.32
G0 X44.789 Y52.848
G0 X43.91 Y50.581
G0 X43.761 Y50.581
G1 F3600 X44.249 Y50.094 E0.01147
G1 X44.249 Y49.906
G1 X43.76 Y49.417 E0.0115
G0 F7200 X43.91 Y49.417
G0 X44.278 Y51.337
G0 X44.669 Y52.623
G0 X45.301 Y53.807
G0 X46.153 Y54.847
G0 X47.193 Y55.699
G0 X48.377 Y56.331
G0 X49.663 Y56.722
G0 X51 Y56.854
G0 X52.337 Y56.722
G0 X53.494 Y56.37
G0 X55.26 Y55.41
G0 X55.26 Y55.26
G1 F3600 X56.24 Y56.24 E0.02305
G1 X56.31 Y56.31
G0 F7200 X56.09 Y56.31
G0 X52.376 Y56.773
G0 X52.287 Y56.477
;TYPE:WALL-INNER
G1 F3600 X51 Y56.599 E0.0215
G1 X49.708 Y56.476 E0.02158
G1 X48.469 Y56.097 E0.02155
G1 X47.334 Y55.494 E0.02137
G1 X46.328 Y54.666 E0.02167
G1 X45.505 Y53.661 E0.0216
G1 X44.899 Y52.53 E0.02134
G1 X44.523 Y51.288 E0.02158
G1 X44.4 Y50 E0.02152
G1 X44.523 Y48.708 E0.02158
G1 X44.899 Y47.466 E0.02158
G1 X45.505 Y46.335 E0.02134
G1 X46.326 Y45.332 E0.02156
G1 X47.335 Y44.505 E0.0217
G1 X48.471 Y43.898 E0.02142
G1 X49.708 Y43.524 E0.02149
G1 X51 Y43.396 E0.02159
G1 X52.288 Y43.524 E0.02153
G1 X53.525 Y43.898 E0.02149
G1 X54.665 Y44.508 E0.0215
G1 X55.143 Y44.9 E0.01028
G1 X56.4 Y44.9 E0.0209
G1 X56.4 Y42.313 E0.04302
G1 X56.274 Y42.101 E0.0041
G1 X43.6 Y42.1 E0.21077
G1 X43.601 Y57.899 E0.26274
G1 X56.272 Y57.9 E0.21072
G1 X56.4 Y57.683 E0.00419
G1 X56.4 Y55.1 E0.04296
G1 X55.143 Y55.1 E0.0209
G1 X54.663 Y55.494 E0.01033
G1 X53.527 Y56.097 E0.02139
G1 X52.287 Y56.477 E0.02157
G0 F7200 X52.192 Y56.084
;TYPE:WALL-OUTER
G1 F1800 X50.981 Y56.196 E0.02022
G1 X49.805 Y56.084 E0.01965
G1 X48.641 Y55.732 E0.02022
G1 X47.54 Y55.147 E0.02073
G1 X46.628 Y54.395 E0.01966
G1 X45.831 Y53.423 E0.0209
G1 X45.279 Y52.391 E0.01946
G1 X44.916 Y51.192 E0.02083
G1 X44.8 Y49.98 E0.02025
G1 X44.916 Y48.804 E0.01965
G1 X45.279 Y47.605 E0.02083
G1 X45.831 Y46.573 E0.01946
G1 X46.629 Y45.601 E0.02091
G1 X47.573 Y44.831 E0.02026
G1 X48.605 Y44.279 E0.01946
G1 X49.804 Y43.916 E0.02083
G1 X51.02 Y43.8 E0.02031
G1 X52.192 Y43.916 E0.01959
G1 X53.391 Y44.279 E0.02083
G1 X54.423 Y44.831 E0.01946
G1 X55 Y45.3 E0.01237
G1 X56.8 Y45.3 E0.02993
G1 X56.8 Y42.262 E0.05052
G1 X56.635 Y41.879 E0.00694
G1 X56.356 Y41.701 E0.0055
G1 X43.2 Y41.7 E0.21879
G1 X43.201 Y58.299 E0.27604
G1 X56.354 Y58.3 E0.21874
G1 X56.635 Y58.12 E0.00555
G1 X56.8 Y57.734 E0.00698
G1 X56.8 Y54.7 E0.05046
G1 X55 Y54.7 E0.02993
G1 X54.422 Y55.169 E0.01238
G1 X53.355 Y55.732 E0.02006
G1 X52.192 Y56.084 E0.02021
G0 F7200 X51.993 Y56.102
G0 X52.091 Y57.109
;MESH:NONMESH
G0 F600 X52.091 Y57.109 Z9.9
G0 F7200 X49.663 Y56.722
G0 X48.377 Y56.331
G0 X47.193 Y55.699
G0 X46.153 Y54.847
G0 X45.301 Y53.807
G0 X44.669 Y52.623
G0 X44.278 Y51.337
G0 X43.91 Y43.76
G0 X43.76 Y43.76
;TIME_ELAPSED:687.980019
;LAYER:96
;TYPE:FILL
;MESH:hold.stl
G1 F3600 X45.765 Y45.765 E0.04715
G1 X45.835 Y45.835
G0 F7200 X45.645 Y45.678
G0 X43.91 Y44.925
G0 X43.761 Y44.925
G1 F3600 X46.426 Y42.26 E0.06268
G1 X46.496 Y42.19
G0 F7200 X46.496 Y42.41
G0 X47.917 Y42.41
G0 X47.917 Y42.26
G1 F3600 X49.174 Y43.517 E0.02956
G1 X49.244 Y43.587
G0 F7200 X49.176 Y43.363
G0 X51.112 Y43.098
G0 X51.098 Y43.245
G1 F3600 X52.083 Y42.26 E0.02317
G1 X52.153 Y42.19
G0 F7200 X52.153 Y42.41
G0 X53.574 Y42.41
G0 X53.574 Y42.26
G1 F3600 X56.054 Y44.74 E0.05833
G0 F7200 X55.259 Y44.74
G1 F3600 X56.24 Y43.759 E0.02307
G1 X56.31 Y43.689
G0 F7200 X56.09 Y43.689
G0 X51 Y43.146
G0 X49.663 Y43.278
G0 X48.377 Y43.669
G0 X47.193 Y44.301
G0 X46.153 Y45.153
G0 X45.301 Y46.193
G0 X44.669 Y47.377
G0 X44.278 Y48.663
G0 X44.146 Y50
G0 X44.278 Y51.337
G0 X44.669 Y52.623
G0 X45.301 Y53.807
G0 X46.153 Y54.847
G0 X47.193 Y55.699
G0 X48.377 Y56.331
G0 X49.663 Y56.722
G0 X51 Y56.854
G0 X52.337 Y56.722
G0 X56.053 Y55.41
G0 X56.053 Y55.26
G1 F3600 X53.573 Y57.74 E0.05833
G1 X53.503 Y57.81
G0 F7200 X53.503 Y57.59
G0 X52.083 Y57.59
G0 X52.083 Y57.74
G1 F3600 X51.091 Y56.748 E0.02333
G1 X51.021 Y56.678
G0 F7200 X51.043 Y56.91
G0 X49.131 Y56.623
G0 X49.175 Y56.481
G1 F3600 X47.916 Y57.74 E0.02961
G1 X47.846 Y57.81
G0 F7200 X47.846 Y57.59
G0 X46.425 Y57.59
G0 X46.425 Y57.739
G1 F3600 X43.76 Y55.074 E0.06268
G1 X43.69 Y55.004
G0 F7200 X43.91 Y55.004
G0 X43.91 Y56.238
G0 X43.761 Y56.238
G1 F3600 X45.765 Y54.234 E0.04713
G1 X45.835 Y54.164
G0 F7200 X45.643 Y54.32
G0 X44.789 Y52.848
G0 X43.91 Y50.581
G0 X43.761 Y50.581
G1 F3600 X44.249 Y50.094 E0.01147
G1 X44.249 Y49.906
G1 X43.76 Y49.417 E0.0115
G0 F7200 X43.91 Y49.417
G0 X44.278 Y51.337
G0 X44.669 Y52.623
G0 X45.301 Y53.807
G0 X46.153 Y54.847
G0 X47.193 Y55.699
G0 X48.377 Y56.331
G0 X49.663 Y56.722
G0 X51 Y56.854
G0 X52.337 Y56.722
G0 X53.494 Y56.37
G0 X55.26 Y55.41
G0 X55.26 Y55.26
G1 F3600 X56.24 Y56.24 E0.02305
G1 X56.31 Y56.31
G0 F7200 X56.09 Y56.31
G0 X52.376 Y56.773
G0 X52.287 Y56.477
;TYPE:WALL-INNER
G1 F3600 X51 Y56.599 E0.0215
G1 X49.708 Y56.476 E0.02158
G1 X48.469 Y56.097 E0.02155
G1 X47.334 Y55.494 E0.02137
G1 X46.328 Y54.666 E0.02167
G1 X45.505 Y53.661 E0.0216
G1 X44.899 Y52.53 E0.02134
G1 X44.523 Y51.288 E0.02158
G1 X44.4 Y50 E0.02152
G1 X44.523 Y48.708 E0.02158
G1 X44.899 Y47.466 E0.02158
G1 X45.505 Y46.335 E0.02134
G1 X46.326 Y45.332 E0.02156
G1 X47.335 Y44.505 E0.0217
G1 X48.471 Y43.898 E0.02142
G1 X49.708 Y43.524 E0.02149
G1 X51 Y43.396 E0.02159
G1 X52.288 Y43.524 E0.02153
G1 X53.525 Y43.898 E0.02149
G1 X54.665 Y44.508 E0.0215
G1 X55.143 Y44.9 E0.01028
G1 X56.4 Y44.9 E0.0209
G1 X56.4 Y42.313 E0.04302
G1 X56.274 Y42.101 E0.0041
G1 X43.6 Y42.1 E0.21077
G1 X43.601 Y57.899 E0.26274
G1 X56.272 Y57.9 E0.21072
G1 X56.4 Y57.683 E0.00419
G1 X56.4 Y55.1 E0.04296
G1 X55.143 Y55.1 E0.0209
G1 X54.663 Y55.494 E0.01033
G1 X53.527 Y56.097 E0.02139
G1 X52.287 Y56.477 E0.02157
G0 F7200 X52.192 Y56.084
;TYPE:WALL-OUTER
G1 F1800 X50.981 Y56.196 E0.02022
G1 X49.805 Y56.084 E0.01965
G1 X48.641 Y55.732 E0.02022
G1 X47.54 Y55.147 E0.02073
G1 X46.628 Y54.395 E0.01966
G1 X45.831 Y53.423 E0.0209
G1 X45.279 Y52.391 E0.01946
G1 X44.916 Y51.192 E0.02083
G1 X44.8 Y49.98 E0.02025
G1 X44.916 Y48.804 E0.01965
G1 X45.279 Y47.605 E0.02083
G1 X45.831 Y46.573 E0.01946
G1 X46.629 Y45.601 E0.02091
G1 X47.573 Y44.831 E0.02026
G1 X48.605 Y44.279 E0.01946
G1 X49.804 Y43.916 E0.02083
G1 X51.02 Y43.8 E0.02031
G1 X52.192 Y43.916 E0.01959
G1 X53.391 Y44.279 E0.02083
G1 X54.423 Y44.831 E0.01946
G1 X55 Y45.3 E0.01237
G1 X56.8 Y45.3 E0.02993
G1 X56.8 Y42.262 E0.05052
G1 X56.635 Y41.879 E0.00694
G1 X56.356 Y41.701 E0.0055
G1 X43.2 Y41.7 E0.21879
G1 X43.201 Y58.299 E0.27604
G1 X56.354 Y58.3 E0.21874
G1 X56.635 Y58.12 E0.00555
G1 X56.8 Y57.734 E0.00698
G1 X56.8 Y54.7 E0.05046
G1 X55 Y54.7 E0.02993
G1 X54.422 Y55.169 E0.01238
G1 X53.355 Y55.732 E0.02006
G1 X52.192 Y56.084 E0.02021
G0 F7200 X51.993 Y56.102
G0 X52.091 Y57.109
;MESH:NONMESH
G0 F600 X52.091 Y57.109 Z10
G0 F7200 X49.663 Y56.722
G0 X48.377 Y56.331
G0 X47.193 Y55.699
G0 X46.153 Y54.847
G0 X45.301 Y53.807
G0 X44.669 Y52.623
G0 X44.278 Y51.337
G0 X43.91 Y43.76
G0 X43.76 Y43.76
;TIME_ELAPSED:694.127206
;LAYER:97
;TYPE:FILL
;MESH:hold.stl
G1 F3600 X45.765 Y45.765 E0.04715
G1 X45.835 Y45.835
G0 F7200 X45.645 Y45.678
G0 X43.91 Y44.925
G0 X43.761 Y44.925
G1 F3600 X46.426 Y42.26 E0.06268
G1 X46.496 Y42.19
G0 F7200 X46.496 Y42.41
G0 X47.917 Y42.41
G0 X47.917 Y42.26
G1 F3600 X49.174 Y43.517 E0.02956
G1 X49.244 Y43.587
G0 F7200 X49.176 Y43.363
G0 X51.112 Y43.098
G0 X51.098 Y43.245
G1 F3600 X52.083 Y42.26 E0.02317
G1 X52.153 Y42.19
G0 F7200 X52.153 Y42.41
G0 X53.574 Y42.41
G0 X53.574 Y42.26
G1 F3600 X56.054 Y44.74 E0.05833
G0 F7200 X55.259 Y44.74
G1 F3600 X56.24 Y43.759 E0.02307
G1 X56.31 Y43.689
G0 F7200 X56.09 Y43.689
G0 X51 Y43.146
G0 X49.663 Y43.278
G0 X48.377 Y43.669
G0 X47.193 Y44.301
G0 X46.153 Y45.153
G0 X45.301 Y46.193
G0 X44.669 Y47.377
G0 X44.278 Y48.663
G0 X44.146 Y50
G0 X44.278 Y51.337
G0 X44.669 Y52.623
G0 X45.301 Y53.807
G0 X46.153 Y54.847
G0 X47.193 Y55.699
G0 X48.377 Y56.331
G0 X49.663 Y56.722
G0 X51 Y56.854
G0 X52.337 Y56.722
G0 X56.053 Y55.41
G0 X56.053 Y55.26
G1 F3600 X53.573 Y57.74 E0.05833
G1 X53.503 Y57.81
G0 F7200 X53.503 Y57.59
G0 X52.083 Y57.59
G0 X52.083 Y57.74
G1 F3600 X51.091 Y56.748 E0.02333
G1 X51.021 Y56.678
G0 F7200 X51.043 Y56.91
G0 X49.131 Y56.623
G0 X49.175 Y56.481
G1 F3600 X47.916 Y57.74 E0.02961
G1 X47.846 Y57.81
G0 F7200 X47.846 Y57.59
G0 X46.425 Y57.59
G0 X46.425 Y57.739
G1 F3600 X43.76 Y55.074 E0.06268
G1 X43.69 Y55.004
G0 F7200 X43.91 Y55.004
G0 X43.91 Y56.238
G0 X43.761 Y56.238
G1 F3600 X45.765 Y54.234 E0.04713
G1 X45.835 Y54.164
G0 F7200 X45.643 Y54.32
G0 X44.789 Y52.848
G0 X43.91 Y50.581
G0 X43.761 Y50.581
G1 F3600 X44.249 Y50.094 E0.01147
G1 X44.249 Y49.906
G1 X43.76 Y49.417 E0.0115
G0 F7200 X43.91 Y49.417
G0 X44.278 Y51.337
G0 X44.669 Y52.623
G0 X45.301 Y53.807
G0 X46.153 Y54.847
G0 X47.193 Y55.699
G0 X48.377 Y56.331
G0 X49.663 Y56.722
G0 X51 Y56.854
G0 X52.337 Y56.722
G0 X53.494 Y56.37
G0 X55.26 Y55.41
G0 X55.26 Y55.26
G1 F3600 X56.24 Y56.24 E0.02305
G1 X56.31 Y56.31
G0 F7200 X56.09 Y56.31
G0 X52.376 Y56.773
G0 X52.287 Y56.477
;TYPE:WALL-INNER
G1 F3600 X51 Y56.599 E0.0215
G1 X49.708 Y56.476 E0.02158
G1 X48.469 Y56.097 E0.02155
G1 X47.334 Y55.494 E0.02137
G1 X46.328 Y54.666 E0.02167
G1 X45.505 Y53.661 E0.0216
G1 X44.899 Y52.53 E0.02134
G1 X44.523 Y51.288 E0.02158
G1 X44.4 Y50 E0.02152
G1 X44.523 Y48.708 E0.02158
G1 X44.899 Y47.466 E0.02158
G1 X45.505 Y46.335 E0.02134
G1 X46.326 Y45.332 E0.02156
G1 X47.335 Y44.505 E0.0217
G1 X48.471 Y43.898 E0.02142
G1 X49.708 Y43.524 E0.02149
G1 X51 Y43.396 E0.02159
G1 X52.288 Y43.524 E0.02153
G1 X53.525 Y43.898 E0.02149
G1 X54.665 Y44.508 E0.0215
G1 X55.143 Y44.9 E0.01028
G1 X56.4 Y44.9 E0.0209
G1 X56.4 Y42.313 E0.04302
G1 X56.274 Y42.101 E0.0041
G1 X43.6 Y42.1 E0.21077
G1 X43.601 Y57.899 E0.26274
G1 X56.272 Y57.9 E0.21072
G1 X56.4 Y57.683 E0.00419
G1 X56.4 Y55.1 E0.04296
G1 X55.143 Y55.1 E0.0209
G1 X54.663 Y55.494 E0.01033
G1 X53.527 Y56.097 E0.02139
G1 X52.287 Y56.477 E0.02157
G0 F7200 X52.192 Y56.084
;TYPE:WALL-OUTER
G1 F1800 X50.981 Y56.196 E0.02022
G1 X49.805 Y56.084 E0.01965
G1 X48.641 Y55.732 E0.02022
G1 X47.54 Y55.147 E0.02073
G1 X46.628 Y54.395 E0.01966
G1 X45.831 Y53.423 E0.0209
G1 X45.279 Y52.391 E0.01946
G1 X44.916 Y51.192 E0.02083
G1 X44.8 Y49.98 E0.02025
G1 X44.916 Y48.804 E0.01965
G1 X45.279 Y47.605 E0.02083
G1 X45.831 Y46.573 E0.01946
G1 X46.629 Y45.601 E0.02091
G1 X47.573 Y44.831 E0.02026
G1 X48.605 Y44.279 E0.01946
G1 X49.804 Y43.916 E0.02083
G1 X51.02 Y43.8 E0.02031
G1 X52.192 Y43.916 E0.01959
G1 X53.391 Y44.279 E0.02083
G1 X54.423 Y44.831 E0.01946
G1 X55 Y45.3 E0.01237
G1 X56.8 Y45.3 E0.02993
G1 X56.8 Y42.262 E0.05052
G1 X56.635 Y41.879 E0.00694
G1 X56.356 Y41.701 E0.0055
G1 X43.2 Y41.7 E0.21879
G1 X43.201 Y58.299 E0.27604
G1 X56.354 Y58.3 E0.21874
G1 X56.635 Y58.12 E0.00555
G1 X56.8 Y57.734 E0.00698
G1 X56.8 Y54.7 E0.05046
G1 X55 Y54.7 E0.02993
G1 X54.422 Y55.169 E0.01238
G1 X53.355 Y55.732 E0.02006
G1 X52.192 Y56.084 E0.02021
G0 F7200 X51.993 Y56.102
G0 X52.091 Y57.109
;MESH:NONMESH
G0 F600 X52.091 Y57.109 Z10.1
G0 F7200 X49.663 Y56.722
G0 X48.377 Y56.331
G0 X47.193 Y55.699
G0 X46.153 Y54.847
G0 X45.301 Y53.807
G0 X44.669 Y52.623
G0 X44.278 Y51.337
G0 X43.91 Y43.76
G0 X43.76 Y43.76
;TIME_ELAPSED:700.274393
;LAYER:98
;TYPE:FILL
;MESH:hold.stl
G1 F3600 X45.765 Y45.765 E0.04715
G1 X45.835 Y45.835
G0 F7200 X45.645 Y45.678
G0 X43.91 Y44.925
G0 X43.761 Y44.925
G1 F3600 X46.426 Y42.26 E0.06268
G1 X46.496 Y42.19
G0 F7200 X46.496 Y42.41
G0 X47.917 Y42.41
G0 X47.917 Y42.26
G1 F3600 X49.174 Y43.517 E0.02956
G1 X49.244 Y43.587
G0 F7200 X49.176 Y43.363
G0 X51.112 Y43.098
G0 X51.098 Y43.245
G1 F3600 X52.083 Y42.26 E0.02317
G1 X52.153 Y42.19
G0 F7200 X52.153 Y42.41
G0 X53.574 Y42.41
G0 X53.574 Y42.26
G1 F3600 X56.054 Y44.74 E0.05833
G0 F7200 X55.259 Y44.74
G1 F3600 X56.24 Y43.759 E0.02307
G1 X56.31 Y43.689
G0 F7200 X56.09 Y43.689
G0 X51 Y43.146
G0 X49.663 Y43.278
G0 X48.377 Y43.669
G0 X47.193 Y44.301
G0 X46.153 Y45.153
G0 X45.301 Y46.193
G0 X44.669 Y47.377
G0 X44.278 Y48.663
G0 X44.146 Y50
G0 X44.278 Y51.337
G0 X44.669 Y52.623
G0 X45.301 Y53.807
G0 X46.153 Y54.847
G0 X47.193 Y55.699
G0 X48.377 Y56.331
G0 X49.663 Y56.722
G0 X51 Y56.854
G0 X52.337 Y56.722
G0 X56.053 Y55.41
G0 X56.053 Y55.26
G1 F3600 X53.573 Y57.74 E0.05833
G1 X53.503 Y57.81
G0 F7200 X53.503 Y57.59
G0 X52.083 Y57.59
G0 X52.083 Y57.74
G1 F3600 X51.091 Y56.748 E0.02333
G1 X51.021 Y56.678
G0 F7200 X51.043 Y56.91
G0 X49.131 Y56.623
G0 X49.175 Y56.481
G1 F3600 X47.916 Y57.74 E0.02961
G1 X47.846 Y57.81
G0 F7200 X47.846 Y57.59
G0 X46.425 Y57.59
G0 X46.425 Y57.739
G1 F3600 X43.76 Y55.074 E0.06268
G1 X43.69 Y55.004
G0 F7200 X43.91 Y55.004
G0 X43.91 Y56.238
G0 X43.761 Y56.238
G1 F3600 X45.765 Y54.234 E0.04713
G1 X45.835 Y54.164
G0 F7200 X45.643 Y54.32
G0 X44.789 Y52.848
G0 X43.91 Y50.581
G0 X43.761 Y50.581
G1 F3600 X44.249 Y50.094 E0.01147
G1 X44.249 Y49.906
G1 X43.76 Y49.417 E0.0115
G0 F7200 X43.91 Y49.417
G0 X44.278 Y51.337
G0 X44.669 Y52.623
G0 X45.301 Y53.807
G0 X46.153 Y54.847
G0 X47.193 Y55.699
G0 X48.377 Y56.331
G0 X49.663 Y56.722
G0 X51 Y56.854
G0 X52.337 Y56.722
G0 X53.494 Y56.37
G0 X55.26 Y55.41
G0 X55.26 Y55.26
G1 F3600 X56.24 Y56.24 E0.02305
G1 X56.31 Y56.31
G0 F7200 X56.09 Y56.31
G0 X52.376 Y56.773
G0 X52.287 Y56.477
;TYPE:WALL-INNER
G1 F3600 X51 Y56.599 E0.0215
G1 X49.708 Y56.476 E0.02158
G1 X48.469 Y56.097 E0.02155
G1 X47.334 Y55.494 E0.02137
G1 X46.328 Y54.666 E0.02167
G1 X45.505 Y53.661 E0.0216
G1 X44.899 Y52.53 E0.02134
G1 X44.523 Y51.288 E0.02158
G1 X44.4 Y50 E0.02152
G1 X44.523 Y48.708 E0.02158
G1 X44.899 Y47.466 E0.02158
G1 X45.505 Y46.335 E0.02134
G1 X46.326 Y45.332 E0.02156
G1 X47.335 Y44.505 E0.0217
G1 X48.471 Y43.898 E0.02142
G1 X49.708 Y43.524 E0.02149
G1 X51 Y43.396 E0.02159
G1 X52.288 Y43.524 E0.02153
G1 X53.525 Y43.898 E0.02149
G1 X54.665 Y44.508 E0.0215
G1 X55.143 Y44.9 E0.01028
G1 X56.4 Y44.9 E0.0209
G1 X56.4 Y42.313 E0.04302
G1 X56.274 Y42.101 E0.0041
G1 X43.6 Y42.1 E0.21077
G1 X43.601 Y57.899 E0.26274
G1 X56.272 Y57.9 E0.21072
G1 X56.4 Y57.683 E0.00419
G1 X56.4 Y55.1 E0.04296
G1 X55.143 Y55.1 E0.0209
G1 X54.663 Y55.494 E0.01033
G1 X53.527 Y56.097 E0.02139
G1 X52.287 Y56.477 E0.02157
G0 F7200 X52.192 Y56.084
;TYPE:WALL-OUTER
G1 F1800 X50.981 Y56.196 E0.02022
G1 X49.805 Y56.084 E0.01965
G1 X48.641 Y55.732 E0.02022
G1 X47.54 Y55.147 E0.02073
G1 X46.628 Y54.395 E0.01966
G1 X45.831 Y53.423 E0.0209
G1 X45.279 Y52.391 E0.01946
G1 X44.916 Y51.192 E0.02083
G1 X44.8 Y49.98 E0.02025
G1 X44.916 Y48.804 E0.01965
G1 X45.279 Y47.605 E0.02083
G1 X45.831 Y46.573 E0.01946
G1 X46.629 Y45.601 E0.02091
G1 X47.573 Y44.831 E0.02026
G1 X48.605 Y44.279 E0.01946
G1 X49.804 Y43.916 E0.02083
G1 X51.02 Y43.8 E0.02031
G1 X52.192 Y43.916 E0.01959
G1 X53.391 Y44.279 E0.02083
G1 X54.423 Y44.831 E0.01946
G1 X55 Y45.3 E0.01237
G1 X56.8 Y45.3 E0.02993
G1 X56.8 Y42.262 E0.05052
G1 X56.635 Y41.879 E0.00694
G1 X56.356 Y41.701 E0.0055
G1 X43.2 Y41.7 E0.21879
G1 X43.201 Y58.299 E0.27604
G1 X56.354 Y58.3 E0.21874
G1 X56.635 Y58.12 E0.00555
G1 X56.8 Y57.734 E0.00698
G1 X56.8 Y54.7 E0.05046
G1 X55 Y54.7 E0.02993
G1 X54.422 Y55.169 E0.01238
G1 X53.355 Y55.732 E0.02006
G1 X52.192 Y56.084 E0.02021
G0 F7200 X51.993 Y56.102
G0 X52.091 Y57.109
;MESH:NONMESH
G0 F600 X52.091 Y57.109 Z10.2
G0 F7200 X49.663 Y56.722
G0 X48.377 Y56.331
G0 X47.193 Y55.699
G0 X46.153 Y54.847
G0 X45.301 Y53.807
G0 X44.669 Y52.623
G0 X44.278 Y51.337
G0 X43.91 Y43.76
G0 X43.76 Y43.76
;TIME_ELAPSED:706.421580
;LAYER:99
;TYPE:FILL
;MESH:hold.stl
G1 F3600 X45.765 Y45.765 E0.04715
G1 X45.835 Y45.835
G0 F7200 X45.645 Y45.678
G0 X43.91 Y44.925
G0 X43.761 Y44.925
G1 F3600 X46.426 Y42.26 E0.06268
G1 X46.496 Y42.19
G0 F7200 X46.496 Y42.41
G0 X47.917 Y42.41
G0 X47.917 Y42.26
G1 F3600 X49.174 Y43.517 E0.02956
G1 X49.244 Y43.587
G0 F7200 X49.176 Y43.363
G0 X51.112 Y43.098
G0 X51.098 Y43.245
G1 F3600 X52.083 Y42.26 E0.02317
G1 X52.153 Y42.19
G0 F7200 X52.153 Y42.41
G0 X53.574 Y42.41
G0 X53.574 Y42.26
G1 F3600 X56.054 Y44.74 E0.05833
G0 F7200 X55.259 Y44.74
G1 F3600 X56.24 Y43.759 E0.02307
G1 X56.31 Y43.689
G0 F7200 X56.09 Y43.689
G0 X51 Y43.146
G0 X49.663 Y43.278
G0 X48.377 Y43.669
G0 X47.193 Y44.301
G0 X46.153 Y45.153
G0 X45.301 Y46.193
G0 X44.669 Y47.377
G0 X44.278 Y48.663
G0 X44.146 Y50
G0 X44.278 Y51.337
G0 X44.669 Y52.623
G0 X45.301 Y53.807
G0 X46.153 Y54.847
G0 X47.193 Y55.699
G0 X48.377 Y56.331
G0 X49.663 Y56.722
G0 X51 Y56.854
G0 X52.337 Y56.722
G0 X56.053 Y55.41
G0 X56.053 Y55.26
G1 F3600 X53.573 Y57.74 E0.05833
G1 X53.503 Y57.81
G0 F7200 X53.503 Y57.59
G0 X52.083 Y57.59
G0 X52.083 Y57.74
G1 F3600 X51.091 Y56.748 E0.02333
G1 X51.021 Y56.678
G0 F7200 X51.043 Y56.91
G0 X49.131 Y56.623
G0 X49.175 Y56.481
G1 F3600 X47.916 Y57.74 E0.02961
G1 X47.846 Y57.81
G0 F7200 X47.846 Y57.59
G0 X46.425 Y57.59
G0 X46.425 Y57.739
G1 F3600 X43.76 Y55.074 E0.06268
G1 X43.69 Y55.004
G0 F7200 X43.91 Y55.004
G0 X43.91 Y56.238
G0 X43.761 Y56.238
G1 F3600 X45.765 Y54.234 E0.04713
G1 X45.835 Y54.164
G0 F7200 X45.643 Y54.32
G0 X44.789 Y52.848
G0 X43.91 Y50.581
G0 X43.761 Y50.581
G1 F3600 X44.249 Y50.094 E0.01147
G1 X44.249 Y49.906
G1 X43.76 Y49.417 E0.0115
G0 F7200 X43.91 Y49.417
G0 X44.278 Y51.337
G0 X44.669 Y52.623
G0 X45.301 Y53.807
G0 X46.153 Y54.847
G0 X47.193 Y55.699
G0 X48.377 Y56.331
G0 X49.663 Y56.722
G0 X51 Y56.854
G0 X52.337 Y56.722
G0 X53.494 Y56.37
G0 X55.26 Y55.41
G0 X55.26 Y55.26
G1 F3600 X56.24 Y56.24 E0.02305
G1 X56.31 Y56.31
G0 F7200 X56.09 Y56.31
G0 X52.376 Y56.773
G0 X52.287 Y56.477
;TYPE:WALL-INNER
G1 F3600 X51 Y56.599 E0.0215
G1 X49.708 Y56.476 E0.02158
G1 X48.469 Y56.097 E0.02155
G1 X47.334 Y55.494 E0.02137
G1 X46.328 Y54.666 E0.02167
G1 X45.505 Y53.661 E0.0216
G1 X44.899 Y52.53 E0.02134
G1 X44.523 Y51.288 E0.02158
G1 X44.4 Y50 E0.02152
G1 X44.523 Y48.708 E0.02158
G1 X44.899 Y47.466 E0.02158
G1 X45.505 Y46.335 E0.02134
G1 X46.326 Y45.332 E0.02156
G1 X47.335 Y44.505 E0.0217
G1 X48.471 Y43.898 E0.02142
G1 X49.708 Y43.524 E0.02149
G1 X51 Y43.396 E0.02159
G1 X52.288 Y43.524 E0.02153
G1 X53.525 Y43.898 E0.02149
G1 X54.665 Y44.508 E0.0215
G1 X55.143 Y44.9 E0.01028
G1 X56.4 Y44.9 E0.0209
G1 X56.4 Y42.313 E0.04302
G1 X56.274 Y42.101 E0.0041
G1 X43.6 Y42.1 E0.21077
G1 X43.601 Y57.899 E0.26274
G1 X56.272 Y57.9 E0.21072
G1 X56.4 Y57.683 E0.00419
G1 X56.4 Y55.1 E0.04296
G1 X55.143 Y55.1 E0.0209
G1 X54.663 Y55.494 E0.01033
G1 X53.527 Y56.097 E0.02139
G1 X52.287 Y56.477 E0.02157
G0 F7200 X52.192 Y56.084
;TYPE:WALL-OUTER
G1 F1800 X50.981 Y56.196 E0.02022
G1 X49.805 Y56.084 E0.01965
G1 X48.641 Y55.732 E0.02022
G1 X47.54 Y55.147 E0.02073
G1 X46.628 Y54.395 E0.01966
G1 X45.831 Y53.423 E0.0209
G1 X45.279 Y52.391 E0.01946
G1 X44.916 Y51.192 E0.02083
G1 X44.8 Y49.98 E0.02025
G1 X44.916 Y48.804 E0.01965
G1 X45.279 Y47.605 E0.02083
G1 X45.831 Y46.573 E0.01946
G1 X46.629 Y45.601 E0.02091
G1 X47.573 Y44.831 E0.02026
G1 X48.605 Y44.279 E0.01946
G1 X49.804 Y43.916 E0.02083
G1 X51.02 Y43.8 E0.02031
G1 X52.192 Y43.916 E0.01959
G1 X53.391 Y44.279 E0.02083
G1 X54.423 Y44.831 E0.01946
G1 X55 Y45.3 E0.01237
G1 X56.8 Y45.3 E0.02993
G1 X56.8 Y42.262 E0.05052
G1 X56.635 Y41.879 E0.00694
G1 X56.356 Y41.701 E0.0055
G1 X43.2 Y41.7 E0.21879
G1 X43.201 Y58.299 E0.27604
G1 X56.354 Y58.3 E0.21874
G1 X56.635 Y58.12 E0.00555
G1 X56.8 Y57.734 E0.00698
G1 X56.8 Y54.7 E0.05046
G1 X55 Y54.7 E0.02993
G1 X54.422 Y55.169 E0.01238
G1 X53.355 Y55.732 E0.02006
G1 X52.192 Y56.084 E0.02021
G0 F7200 X51.993 Y56.102
G0 X52.091 Y57.109
;MESH:NONMESH
G0 F600 X52.091 Y57.109 Z10.3
G0 F7200 X49.663 Y56.722
G0 X48.377 Y56.331
G0 X47.193 Y55.699
G0 X46.153 Y54.847
G0 X45.301 Y53.807
G0 X44.669 Y52.623
G0 X44.278 Y51.337
G0 X43.91 Y43.76
G0 X43.76 Y43.76
;TIME_ELAPSED:712.568766
;LAYER:100
;TYPE:FILL
;MESH:hold.stl
G1 F3600 X45.765 Y45.765 E0.04715
G1 X45.835 Y45.835
G0 F7200 X45.645 Y45.678
G0 X43.91 Y44.925
G0 X43.761 Y44.925
G1 F3600 X46.426 Y42.26 E0.06268
G1 X46.496 Y42.19
G0 F7200 X46.496 Y42.41
G0 X47.917 Y42.41
G0 X47.917 Y42.26
G1 F3600 X49.174 Y43.517 E0.02956
G1 X49.244 Y43.587
G0 F7200 X49.176 Y43.363
G0 X51.112 Y43.098
G0 X51.098 Y43.245
G1 F3600 X52.083 Y42.26 E0.02317
G1 X52.153 Y42.19
G0 F7200 X52.153 Y42.41
G0 X53.574 Y42.41
G0 X53.574 Y42.26
G1 F3600 X56.054 Y44.74 E0.05833
G0 F7200 X55.259 Y44.74
G1 F3600 X56.24 Y43.759 E0.02307
G1 X56.31 Y43.689
G0 F7200 X56.09 Y43.689
G0 X51 Y43.146
G0 X49.663 Y43.278
G0 X48.377 Y43.669
G0 X47.193 Y44.301
G0 X46.153 Y45.153
G0 X45.301 Y46.193
G0 X44.669 Y47.377
G0 X44.278 Y48.663
G0 X44.146 Y50
G0 X44.278 Y51.337
G0 X44.669 Y52.623
G0 X45.301 Y53.807
G0 X46.153 Y54.847
G0 X47.193 Y55.699
G0 X48.377 Y56.331
G0 X49.663 Y56.722
G0 X51 Y56.854
G0 X52.337 Y56.722
G0 X56.053 Y55.41
G0 X56.053 Y55.26
G1 F3600 X53.573 Y57.74 E0.05833
G1 X53.503 Y57.81
G0 F7200 X53.503 Y57.59
G0 X52.083 Y57.59
G0 X52.083 Y57.74
G1 F3600 X51.091 Y56.748 E0.02333
G1 X51.021 Y56.678
G0 F7200 X51.043 Y56.91
G0 X49.131 Y56.623
G0 X49.175 Y56.481
G1 F3600 X47.916 Y57.74 E0.02961
G1 X47.846 Y57.81
G0 F7200 X47.846 Y57.59
G0 X46.425 Y57.59
G0 X46.425 Y57.739
G1 F3600 X43.76 Y55.074 E0.06268
G1 X43.69 Y55.004
G0 F7200 X43.91 Y55.004
G0 X43.91 Y56.238
G0 X43.761 Y56.238
G1 F3600 X45.765 Y54.234 E0.04713
G1 X45.835 Y54.164
G0 F7200 X45.643 Y54.32
G0 X44.789 Y52.848
G0 X43.91 Y50.581
G0 X43.761 Y50.581
G1 F3600 X44.249 Y50.094 E0.01147
G1 X44.249 Y49.906
G1 X43.76 Y49.417 E0.0115
G0 F7200 X43.91 Y49.417
G0 X44.278 Y51.337
G0 X44.669 Y52.623
G0 X45.301 Y53.807
G0 X46.153 Y54.847
G0 X47.193 Y55.699
G0 X48.377 Y56.331
G0 X49.663 Y56.722
G0 X51 Y56.854
G0 X52.337 Y56.722
G0 X53.494 Y56.37
G0 X55.26 Y55.41
G0 X55.26 Y55.26
G1 F3600 X56.24 Y56.24 E0.02305
G1 X56.31 Y56.31
G0 F7200 X56.09 Y56.31
G0 X52.376 Y56.773
G0 X52.287 Y56.477
;TYPE:WALL-INNER
G1 F3600 X51 Y56.599 E0.0215
G1 X49.708 Y56.476 E0.02158
G1 X48.469 Y56.097 E0.02155
G1 X47.334 Y55.494 E0.02137
G1 X46.328 Y54.666 E0.02167
G1 X45.505 Y53.661 E0.0216
G1 X44.899 Y52.53 E0.02134
G1 X44.523 Y51.288 E0.02158
G1 X44.4 Y50 E0.02152
G1 X44.523 Y48.708 E0.02158
G1 X44.899 Y47.466 E0.02158
G1 X45.505 Y46.335 E0.02134
G1 X46.326 Y45.332 E0.02156
G1 X47.335 Y44.505 E0.0217
G1 X48.471 Y43.898 E0.02142
G1 X49.708 Y43.524 E0.02149
G1 X51 Y43.396 E0.02159
G1 X52.288 Y43.524 E0.02153
G1 X53.525 Y43.898 E0.02149
G1 X54.665 Y44.508 E0.0215
G1 X55.143 Y44.9 E0.01028
G1 X56.4 Y44.9 E0.0209
G1 X56.4 Y42.313 E0.04302
G1 X56.274 Y42.101 E0.0041
G1 X43.6 Y42.1 E0.21077
G1 X43.601 Y57.899 E0.26274
G1 X56.272 Y57.9 E0.21072
G1 X56.4 Y57.683 E0.00419
G1 X56.4 Y55.1 E0.04296
G1 X55.143 Y55.1 E0.0209
G1 X54.663 Y55.494 E0.01033
G1 X53.527 Y56.097 E0.02139
G1 X52.287 Y56.477 E0.02157
G0 F7200 X52.192 Y56.084
;TYPE:WALL-OUTER
G1 F1800 X50.981 Y56.196 E0.02022
G1 X49.805 Y56.084 E0.01965
G1 X48.641 Y55.732 E0.02022
G1 X47.54 Y55.147 E0.02073
G1 X46.628 Y54.395 E0.01966
G1 X45.831 Y53.423 E0.0209
G1 X45.279 Y52.391 E0.01946
G1 X44.916 Y51.192 E0.02083
G1 X44.8 Y49.98 E0.02025
G1 X44.916 Y48.804 E0.01965
G1 X45.279 Y47.605 E0.02083
G1 X45.831 Y46.573 E0.01946
G1 X46.629 Y45.601 E0.02091
G1 X47.573 Y44.831 E0.02026
G1 X48.605 Y44.279 E0.01946
G1 X49.804 Y43.916 E0.02083
G1 X51.02 Y43.8 E0.02031
G1 X52.192 Y43.916 E0.01959
G1 X53.391 Y44.279 E0.02083
G1 X54.423 Y44.831 E0.01946
G1 X55 Y45.3 E0.01237
G1 X56.8 Y45.3 E0.02993
G1 X56.8 Y42.262 E0.05052
G1 X56.635 Y41.879 E0.00694
G1 X56.356 Y41.701 E0.0055
G1 X43.2 Y41.7 E0.21879
G1 X43.201 Y58.299 E0.27604
G1 X56.354 Y58.3 E0.21874
G1 X56.635 Y58.12 E0.00555
G1 X56.8 Y57.734 E0.00698
G1 X56.8 Y54.7 E0.05046
G1 X55 Y54.7 E0.02993
G1 X54.422 Y55.169 E0.01238
G1 X53.355 Y55.732 E0.02006
G1 X52.192 Y56.084 E0.02021
G0 F7200 X51.993 Y56.102
G0 X52.091 Y57.109
;MESH:NONMESH
G0 F600 X52.091 Y57.109 Z10.4
G0 F7200 X49.663 Y56.722
G0 X48.377 Y56.331
G0 X47.193 Y55.699
G0 X46.153 Y54.847
G0 X45.301 Y53.807
G0 X44.669 Y52.623
G0 X44.278 Y51.337
G0 X43.91 Y43.76
G0 X43.76 Y43.76
;TIME_ELAPSED:718.715953
;LAYER:101
;TYPE:FILL
;MESH:hold.stl
G1 F3600 X45.765 Y45.765 E0.04715
G1 X45.835 Y45.835
G0 F7200 X45.645 Y45.678
G0 X43.91 Y44.925
G0 X43.761 Y44.925
G1 F3600 X46.426 Y42.26 E0.06268
G1 X46.496 Y42.19
G0 F7200 X46.496 Y42.41
G0 X47.917 Y42.41
G0 X47.917 Y42.26
G1 F3600 X49.174 Y43.517 E0.02956
G1 X49.244 Y43.587
G0 F7200 X49.176 Y43.363
G0 X51.112 Y43.098
G0 X51.098 Y43.245
G1 F3600 X52.083 Y42.26 E0.02317
G1 X52.153 Y42.19
G0 F7200 X52.153 Y42.41
G0 X53.574 Y42.41
G0 X53.574 Y42.26
G1 F3600 X56.054 Y44.74 E0.05833
G0 F7200 X55.259 Y44.74
G1 F3600 X56.24 Y43.759 E0.02307
G1 X56.31 Y43.689
G0 F7200 X56.09 Y43.689
G0 X51 Y43.146
G0 X49.663 Y43.278
G0 X48.377 Y43.669
G0 X47.193 Y44.301
G0 X46.153 Y45.153
G0 X45.301 Y46.193
G0 X44.669 Y47.377
G0 X44.278 Y48.663
G0 X44.146 Y50
G0 X44.278 Y51.337
G0 X44.669 Y52.623
G0 X45.301 Y53.807
G0 X46.153 Y54.847
G0 X47.193 Y55.699
G0 X48.377 Y56.331
G0 X49.663 Y56.722
G0 X51 Y56.854
G0 X52.337 Y56.722
G0 X56.053 Y55.41
G0 X56.053 Y55.26
G1 F3600 X53.573 Y57.74 E0.05833
G1 X53.503 Y57.81
G0 F7200 X53.503 Y57.59
G0 X52.083 Y57.59
G0 X52.083 Y57.74
G1 F3600 X51.091 Y56.748 E0.02333
G1 X51.021 Y56.678
G0 F7200 X51.043 Y56.91
G0 X49.131 Y56.623
G0 X49.175 Y56.481
G1 F3600 X47.916 Y57.74 E0.02961
G1 X47.846 Y57.81
G0 F7200 X47.846 Y57.59
G0 X46.425 Y57.59
G0 X46.425 Y57.739
G1 F3600 X43.76 Y55.074 E0.06268
G1 X43.69 Y55.004
G0 F7200 X43.91 Y55.004
G0 X43.91 Y56.238
G0 X43.761 Y56.238
G1 F3600 X45.765 Y54.234 E0.04713
G1 X45.835 Y54.164
G0 F7200 X45.643 Y54.32
G0 X44.789 Y52.848
G0 X43.91 Y50.581
G0 X43.761 Y50.581
G1 F3600 X44.249 Y50.094 E0.01147
G1 X44.249 Y49.906
G1 X43.76 Y49.417 E0.0115
G0 F7200 X43.91 Y49.417
G0 X44.278 Y51.337
G0 X44.669 Y52.623
G0 X45.301 Y53.807
G0 X46.153 Y54.847
G0 X47.193 Y55.699
G0 X48.377 Y56.331
G0 X49.663 Y56.722
G0 X51 Y56.854
G0 X52.337 Y56.722
G0 X53.494 Y56.37
G0 X55.26 Y55.41
G0 X55.26 Y55.26
G1 F3600 X56.24 Y56.24 E0.02305
G1 X56.31 Y56.31
G0 F7200 X56.09 Y56.31
G0 X52.376 Y56.773
G0 X52.287 Y56.477
;TYPE:WALL-INNER
G1 F3600 X51 Y56.599 E0.0215
G1 X49.708 Y56.476 E0.02158
G1 X48.469 Y56.097 E0.02155
G1 X47.334 Y55.494 E0.02137
G1 X46.328 Y54.666 E0.02167
G1 X45.505 Y53.661 E0.0216
G1 X44.899 Y52.53 E0.02134
G1 X44.523 Y51.288 E0.02158
G1 X44.4 Y50 E0.02152
G1 X44.523 Y48.708 E0.02158
G1 X44.899 Y47.466 E0.02158
G1 X45.505 Y46.335 E0.02134
G1 X46.326 Y45.332 E0.02156
G1 X47.335 Y44.505 E0.0217
G1 X48.471 Y43.898 E0.02142
G1 X49.708 Y43.524 E0.02149
G1 X51 Y43.396 E0.02159
G1 X52.288 Y43.524 E0.02153
G1 X53.525 Y43.898 E0.02149
G1 X54.665 Y44.508 E0.0215
G1 X55.143 Y44.9 E0.01028
G1 X56.4 Y44.9 E0.0209
G1 X56.4 Y42.313 E0.04302
G1 X56.274 Y42.101 E0.0041
G1 X43.6 Y42.1 E0.21077
G1 X43.601 Y57.899 E0.26274
G1 X56.272 Y57.9 E0.21072
G1 X56.4 Y57.683 E0.00419
G1 X56.4 Y55.1 E0.04296
G1 X55.143 Y55.1 E0.0209
G1 X54.663 Y55.494 E0.01033
G1 X53.527 Y56.097 E0.02139
G1 X52.287 Y56.477 E0.02157
G0 F7200 X52.192 Y56.084
;TYPE:WALL-OUTER
G1 F1800 X50.981 Y56.196 E0.02022
G1 X49.805 Y56.084 E0.01965
G1 X48.641 Y55.732 E0.02022
G1 X47.54 Y55.147 E0.02073
G1 X46.628 Y54.395 E0.01966
G1 X45.831 Y53.423 E0.0209
G1 X45.279 Y52.391 E0.01946
G1 X44.916 Y51.192 E0.02083
G1 X44.8 Y49.98 E0.02025
G1 X44.916 Y48.804 E0.01965
G1 X45.279 Y47.605 E0.02083
G1 X45.831 Y46.573 E0.01946
G1 X46.629 Y45.601 E0.02091
G1 X47.573 Y44.831 E0.02026
G1 X48.605 Y44.279 E0.01946
G1 X49.804 Y43.916 E0.02083
G1 X51.02 Y43.8 E0.02031
G1 X52.192 Y43.916 E0.01959
G1 X53.391 Y44.279 E0.02083
G1 X54.423 Y44.831 E0.01946
G1 X55 Y45.3 E0.01237
G1 X56.8 Y45.3 E0.02993
G1 X56.8 Y42.262 E0.05052
G1 X56.635 Y41.879 E0.00694
G1 X56.356 Y41.701 E0.0055
G1 X43.2 Y41.7 E0.21879
G1 X43.201 Y58.299 E0.27604
G1 X56.354 Y58.3 E0.21874
G1 X56.635 Y58.12 E0.00555
G1 X56.8 Y57.734 E0.00698
G1 X56.8 Y54.7 E0.05046
G1 X55 Y54.7 E0.02993
G1 X54.422 Y55.169 E0.01238
G1 X53.355 Y55.732 E0.02006
G1 X52.192 Y56.084 E0.02021
G0 F7200 X51.993 Y56.102
G0 X52.091 Y57.109
;MESH:NONMESH
G0 F600 X52.091 Y57.109 Z10.5
G0 F7200 X49.663 Y56.722
G0 X48.377 Y56.331
G0 X47.193 Y55.699
G0 X46.153 Y54.847
G0 X45.301 Y53.807
G0 X44.669 Y52.623
G0 X44.278 Y51.337
G0 X43.91 Y43.76
G0 X43.76 Y43.76
;TIME_ELAPSED:724.863140
;LAYER:102
;TYPE:FILL
;MESH:hold.stl
G1 F3600 X45.765 Y45.765 E0.04715
G1 X45.835 Y45.835
G0 F7200 X45.645 Y45.678
G0 X43.91 Y44.925
G0 X43.761 Y44.925
G1 F3600 X46.426 Y42.26 E0.06268
G1 X46.496 Y42.19
G0 F7200 X46.496 Y42.41
G0 X47.917 Y42.41
G0 X47.917 Y42.26
G1 F3600 X49.174 Y43.517 E0.02956
G1 X49.244 Y43.587
G0 F7200 X49.176 Y43.363
G0 X51.112 Y43.098
G0 X51.098 Y43.245
G1 F3600 X52.083 Y42.26 E0.02317
G1 X52.153 Y42.19
G0 F7200 X52.153 Y42.41
G0 X53.574 Y42.41
G0 X53.574 Y42.26
G1 F3600 X56.054 Y44.74 E0.05833
G0 F7200 X55.259 Y44.74
G1 F3600 X56.24 Y43.759 E0.02307
G1 X56.31 Y43.689
G0 F7200 X56.09 Y43.689
G0 X51 Y43.146
G0 X49.663 Y43.278
G0 X48.377 Y43.669
G0 X47.193 Y44.301
G0 X46.153 Y45.153
G0 X45.301 Y46.193
G0 X44.669 Y47.377
G0 X44.278 Y48.663
G0 X44.146 Y50
G0 X44.278 Y51.337
G0 X44.669 Y52.623
G0 X45.301 Y53.807
G0 X46.153 Y54.847
G0 X47.193 Y55.699
G0 X48.377 Y56.331
G0 X49.663 Y56.722
G0 X51 Y56.854
G0 X52.337 Y56.722
G0 X56.053 Y55.41
G0 X56.053 Y55.26
G1 F3600 X53.573 Y57.74 E0.05833
G1 X53.503 Y57.81
G0 F7200 X53.503 Y57.59
G0 X52.083 Y57.59
G0 X52.083 Y57.74
G1 F3600 X51.091 Y56.748 E0.02333
G1 X51.021 Y56.678
G0 F7200 X51.043 Y56.91
G0 X49.131 Y56.623
G0 X49.175 Y56.481
G1 F3600 X47.916 Y57.74 E0.02961
G1 X47.846 Y57.81
G0 F7200 X47.846 Y57.59
G0 X46.425 Y57.59
G0 X46.425 Y57.739
G1 F3600 X43.76 Y55.074 E0.06268
G1 X43.69 Y55.004
G0 F7200 X43.91 Y55.004
G0 X43.91 Y56.238
G0 X43.761 Y56.238
G1 F3600 X45.765 Y54.234 E0.04713
G1 X45.835 Y54.164
G0 F7200 X45.643 Y54.32
G0 X44.789 Y52.848
G0 X43.91 Y50.581
G0 X43.761 Y50.581
G1 F3600 X44.249 Y50.094 E0.01147
G1 X44.249 Y49.906
G1 X43.76 Y49.417 E0.0115
G0 F7200 X43.91 Y49.417
G0 X44.278 Y51.337
G0 X44.669 Y52.623
G0 X45.301 Y53.807
G0 X46.153 Y54.847
G0 X47.193 Y55.699
G0 X48.377 Y56.331
G0 X49.663 Y56.722
G0 X51 Y56.854
G0 X52.337 Y56.722
G0 X53.494 Y56.37
G0 X55.26 Y55.41
G0 X55.26 Y55.26
G1 F3600 X56.24 Y56.24 E0.02305
G1 X56.31 Y56.31
G0 F7200 X56.09 Y56.31
G0 X52.376 Y56.773
G0 X52.287 Y56.477
;TYPE:WALL-INNER
G1 F3600 X51 Y56.599 E0.0215
G1 X49.708 Y56.476 E0.02158
G1 X48.469 Y56.097 E0.02155
G1 X47.334 Y55.494 E0.02137
G1 X46.328 Y54.666 E0.02167
G1 X45.505 Y53.661 E0.0216
G1 X44.899 Y52.53 E0.02134
G1 X44.523 Y51.288 E0.02158
G1 X44.4 Y50 E0.02152
G1 X44.523 Y48.708 E0.02158
G1 X44.899 Y47.466 E0.02158
G1 X45.505 Y46.335 E0.02134
G1 X46.326 Y45.332 E0.02156
G1 X47.335 Y44.505 E0.0217
G1 X48.471 Y43.898 E0.02142
G1 X49.708 Y43.524 E0.02149
G1 X51 Y43.396 E0.02159
G1 X52.288 Y43.524 E0.02153
G1 X53.525 Y43.898 E0.02149
G1 X54.665 Y44.508 E0.0215
G1 X55.143 Y44.9 E0.01028
G1 X56.4 Y44.9 E0.0209
G1 X56.4 Y42.313 E0.04302
G1 X56.274 Y42.101 E0.0041
G1 X43.6 Y42.1 E0.21077
G1 X43.601 Y57.899 E0.26274
G1 X56.272 Y57.9 E0.21072
G1 X56.4 Y57.683 E0.00419
G1 X56.4 Y55.1 E0.04296
G1 X55.143 Y55.1 E0.0209
G1 X54.663 Y55.494 E0.01033
G1 X53.527 Y56.097 E0.02139
G1 X52.287 Y56.477 E0.02157
G0 F7200 X52.192 Y56.084
;TYPE:WALL-OUTER
G1 F1800 X50.981 Y56.196 E0.02022
G1 X49.805 Y56.084 E0.01965
G1 X48.641 Y55.732 E0.02022
G1 X47.54 Y55.147 E0.02073
G1 X46.628 Y54.395 E0.01966
G1 X45.831 Y53.423 E0.0209
G1 X45.279 Y52.391 E0.01946
G1 X44.916 Y51.192 E0.02083
G1 X44.8 Y49.98 E0.02025
G1 X44.916 Y48.804 E0.01965
G1 X45.279 Y47.605 E0.02083
G1 X45.831 Y46.573 E0.01946
G1 X46.629 Y45.601 E0.02091
G1 X47.573 Y44.831 E0.02026
G1 X48.605 Y44.279 E0.01946
G1 X49.804 Y43.916 E0.02083
G1 X51.02 Y43.8 E0.02031
G1 X52.192 Y43.916 E0.01959
G1 X53.391 Y44.279 E0.02083
G1 X54.423 Y44.831 E0.01946
G1 X55 Y45.3 E0.01237
G1 X56.8 Y45.3 E0.02993
G1 X56.8 Y42.262 E0.05052
G1 X56.635 Y41.879 E0.00694
G1 X56.356 Y41.701 E0.0055
G1 X43.2 Y41.7 E0.21879
G1 X43.201 Y58.299 E0.27604
G1 X56.354 Y58.3 E0.21874
G1 X56.635 Y58.12 E0.00555
G1 X56.8 Y57.734 E0.00698
G1 X56.8 Y54.7 E0.05046
G1 X55 Y54.7 E0.02993
G1 X54.422 Y55.169 E0.01238
G1 X53.355 Y55.732 E0.02006
G1 X52.192 Y56.084 E0.02021
G0 F7200 X51.993 Y56.102
G0 X52.091 Y57.109
;MESH:NONMESH
G0 F600 X52.091 Y57.109 Z10.6
G0 F7200 X49.663 Y56.722
G0 X48.377 Y56.331
G0 X47.193 Y55.699
G0 X46.153 Y54.847
G0 X45.301 Y53.807
G0 X44.669 Y52.623
G0 X44.278 Y51.337
G0 X43.91 Y43.76
G0 X43.76 Y43.76
;TIME_ELAPSED:731.010327
;LAYER:103
;TYPE:FILL
;MESH:hold.stl
G1 F3600 X45.765 Y45.765 E0.04715
G1 X45.835 Y45.835
G0 F7200 X45.645 Y45.678
G0 X43.91 Y44.925
G0 X43.761 Y44.925
G1 F3600 X46.426 Y42.26 E0.06268
G1 X46.496 Y42.19
G0 F7200 X46.496 Y42.41
G0 X47.917 Y42.41
G0 X47.917 Y42.26
G1 F3600 X49.174 Y43.517 E0.02956
G1 X49.244 Y43.587
G0 F7200 X49.176 Y43.363
G0 X51.112 Y43.098
G0 X51.098 Y43.245
G1 F3600 X52.083 Y42.26 E0.02317
G1 X52.153 Y42.19
G0 F7200 X52.153 Y42.41
G0 X53.574 Y42.41
G0 X53.574 Y42.26
G1 F3600 X56.054 Y44.74 E0.05833
G0 F7200 X55.259 Y44.74
G1 F3600 X56.24 Y43.759 E0.02307
G1 X56.31 Y43.689
G0 F7200 X56.09 Y43.689
G0 X51 Y43.146
G0 X49.663 Y43.278
G0 X48.377 Y43.669
G0 X47.193 Y44.301
G0 X46.153 Y45.153
G0 X45.301 Y46.193
G0 X44.669 Y47.377
G0 X44.278 Y48.663
G0 X44.146 Y50
G0 X44.278 Y51.337
G0 X44.669 Y52.623
G0 X45.301 Y53.807
G0 X46.153 Y54.847
G0 X47.193 Y55.699
G0 X48.377 Y56.331
G0 X49.663 Y56.722
G0 X51 Y56.854
G0 X52.337 Y56.722
G0 X56.053 Y55.41
G0 X56.053 Y55.26
G1 F3600 X53.573 Y57.74 E0.05833
G1 X53.503 Y57.81
G0 F7200 X53.503 Y57.59
G0 X52.083 Y57.59
G0 X52.083 Y57.74
G1 F3600 X51.091 Y56.748 E0.02333
G1 X51.021 Y56.678
G0 F7200 X51.043 Y56.91
G0 X49.131 Y56.623
G0 X49.175 Y56.481
G1 F3600 X47.916 Y57.74 E0.02961
G1 X47.846 Y57.81
G0 F7200 X47.846 Y57.59
G0 X46.425 Y57.59
G0 X46.425 Y57.739
G1 F3600 X43.76 Y55.074 E0.06268
G1 X43.69 Y55.004
G0 F7200 X43.91 Y55.004
G0 X43.91 Y56.238
G0 X43.761 Y56.238
G1 F3600 X45.765 Y54.234 E0.04713
G1 X45.835 Y54.164
G0 F7200 X45.643 Y54.32
G0 X44.789 Y52.848
G0 X43.91 Y50.581
G0 X43.761 Y50.581
G1 F3600 X44.249 Y50.094 E0.01147
G1 X44.249 Y49.906
G1 X43.76 Y49.417 E0.0115
G0 F7200 X43.91 Y49.417
G0 X44.278 Y51.337
G0 X44.669 Y52.623
G0 X45.301 Y53.807
G0 X46.153 Y54.847
G0 X47.193 Y55.699
G0 X48.377 Y56.331
G0 X49.663 Y56.722
G0 X51 Y56.854
G0 X52.337 Y56.722
G0 X53.494 Y56.37
G0 X55.26 Y55.41
G0 X55.26 Y55.26
G1 F3600 X56.24 Y56.24 E0.02305
G1 X56.31 Y56.31
G0 F7200 X56.09 Y56.31
G0 X52.376 Y56.773
G0 X52.287 Y56.477
;TYPE:WALL-INNER
G1 F3600 X51 Y56.599 E0.0215
G1 X49.708 Y56.476 E0.02158
G1 X48.469 Y56.097 E0.02155
G1 X47.334 Y55.494 E0.02137
G1 X46.328 Y54.666 E0.02167
G1 X45.505 Y53.661 E0.0216
G1 X44.899 Y52.53 E0.02134
G1 X44.523 Y51.288 E0.02158
G1 X44.4 Y50 E0.02152
G1 X44.523 Y48.708 E0.02158
G1 X44.899 Y47.466 E0.02158
G1 X45.505 Y46.335 E0.02134
G1 X46.326 Y45.332 E0.02156
G1 X47.335 Y44.505 E0.0217
G1 X48.471 Y43.898 E0.02142
G1 X49.708 Y43.524 E0.02149
G1 X51 Y43.396 E0.02159
G1 X52.288 Y43.524 E0.02153
G1 X53.525 Y43.898 E0.02149
G1 X54.665 Y44.508 E0.0215
G1 X55.143 Y44.9 E0.01028
G1 X56.4 Y44.9 E0.0209
G1 X56.4 Y42.313 E0.04302
G1 X56.274 Y42.101 E0.0041
G1 X43.6 Y42.1 E0.21077
G1 X43.601 Y57.899 E0.26274
G1 X56.272 Y57.9 E0.21072
G1 X56.4 Y57.683 E0.00419
G1 X56.4 Y55.1 E0.04296
G1 X55.143 Y55.1 E0.0209
G1 X54.663 Y55.494 E0.01033
G1 X53.527 Y56.097 E0.02139
G1 X52.287 Y56.477 E0.02157
G0 F7200 X52.192 Y56.084
;TYPE:WALL-OUTER
G1 F1800 X50.981 Y56.196 E0.02022
G1 X49.805 Y56.084 E0.01965
G1 X48.641 Y55.732 E0.02022
G1 X47.54 Y55.147 E0.02073
G1 X46.628 Y54.395 E0.01966
G1 X45.831 Y53.423 E0.0209
G1 X45.279 Y52.391 E0.01946
G1 X44.916 Y51.192 E0.02083
G1 X44.8 Y49.98 E0.02025
G1 X44.916 Y48.804 E0.01965
G1 X45.279 Y47.605 E0.02083
G1 X45.831 Y46.573 E0.01946
G1 X46.629 Y45.601 E0.02091
G1 X47.573 Y44.831 E0.02026
G1 X48.605 Y44.279 E0.01946
G1 X49.804 Y43.916 E0.02083
G1 X51.02 Y43.8 E0.02031
G1 X52.192 Y43.916 E0.01959
G1 X53.391 Y44.279 E0.02083
G1 X54.423 Y44.831 E0.01946
G1 X55 Y45.3 E0.01237
G1 X56.8 Y45.3 E0.02993
G1 X56.8 Y42.262 E0.05052
G1 X56.635 Y41.879 E0.00694
G1 X56.356 Y41.701 E0.0055
G1 X43.2 Y41.7 E0.21879
G1 X43.201 Y58.299 E0.27604
G1 X56.354 Y58.3 E0.21874
G1 X56.635 Y58.12 E0.00555
G1 X56.8 Y57.734 E0.00698
G1 X56.8 Y54.7 E0.05046
G1 X55 Y54.7 E0.02993
G1 X54.422 Y55.169 E0.01238
G1 X53.355 Y55.732 E0.02006
G1 X52.192 Y56.084 E0.02021
G0 F7200 X51.993 Y56.102
G0 X52.091 Y57.109
;MESH:NONMESH
G0 F600 X52.091 Y57.109 Z10.7
G0 F7200 X49.663 Y56.722
G0 X48.377 Y56.331
G0 X47.193 Y55.699
G0 X46.153 Y54.847
G0 X45.301 Y53.807
G0 X44.669 Y52.623
G0 X44.278 Y51.337
G0 X43.91 Y43.76
G0 X43.76 Y43.76
;TIME_ELAPSED:737.157514
;LAYER:104
;TYPE:FILL
;MESH:hold.stl
G1 F3600 X45.765 Y45.765 E0.04715
G1 X45.835 Y45.835
G0 F7200 X45.645 Y45.678
G0 X43.91 Y44.925
G0 X43.761 Y44.925
G1 F3600 X46.426 Y42.26 E0.06268
G1 X46.496 Y42.19
G0 F7200 X46.496 Y42.41
G0 X47.917 Y42.41
G0 X47.917 Y42.26
G1 F3600 X49.174 Y43.517 E0.02956
G1 X49.244 Y43.587
G0 F7200 X49.176 Y43.363
G0 X51.112 Y43.098
G0 X51.098 Y43.245
G1 F3600 X52.083 Y42.26 E0.02317
G1 X52.153 Y42.19
G0 F7200 X52.153 Y42.41
G0 X53.574 Y42.41
G0 X53.574 Y42.26
G1 F3600 X56.054 Y44.74 E0.05833
G0 F7200 X55.259 Y44.74
G1 F3600 X56.24 Y43.759 E0.02307
G1 X56.31 Y43.689
G0 F7200 X56.09 Y43.689
G0 X51 Y43.146
G0 X49.663 Y43.278
G0 X48.377 Y43.669
G0 X47.193 Y44.301
G0 X46.153 Y45.153
G0 X45.301 Y46.193
G0 X44.669 Y47.377
G0 X44.278 Y48.663
G0 X44.146 Y50
G0 X44.278 Y51.337
G0 X44.669 Y52.623
G0 X45.301 Y53.807
G0 X46.153 Y54.847
G0 X47.193 Y55.699
G0 X48.377 Y56.331
G0 X49.663 Y56.722
G0 X51 Y56.854
G0 X52.337 Y56.722
G0 X56.053 Y55.41
G0 X56.053 Y55.26
G1 F3600 X53.573 Y57.74 E0.05833
G1 X53.503 Y57.81
G0 F7200 X53.503 Y57.59
G0 X52.083 Y57.59
G0 X52.083 Y57.74
G1 F3600 X51.091 Y56.748 E0.02333
G1 X51.021 Y56.678
G0 F7200 X51.043 Y56.91
G0 X49.131 Y56.623
G0 X49.175 Y56.481
G1 F3600 X47.916 Y57.74 E0.02961
G1 X47.846 Y57.81
G0 F7200 X47.846 Y57.59
G0 X46.425 Y57.59
G0 X46.425 Y57.739
G1 F3600 X43.76 Y55.074 E0.06268
G1 X43.69 Y55.004
G0 F7200 X43.91 Y55.004
G0 X43.91 Y56.238
G0 X43.761 Y56.238
G1 F3600 X45.765 Y54.234 E0.04713
G1 X45.835 Y54.164
G0 F7200 X45.643 Y54.32
G0 X44.789 Y52.848
G0 X43.91 Y50.581
G0 X43.761 Y50.581
G1 F3600 X44.249 Y50.094 E0.01147
G1 X44.249 Y49.906
G1 X43.76 Y49.417 E0.0115
G0 F7200 X43.91 Y49.417
G0 X44.278 Y51.337
G0 X44.669 Y52.623
G0 X45.301 Y53.807
G0 X46.153 Y54.847
G0 X47.193 Y55.699
G0 X48.377 Y56.331
G0 X49.663 Y56.722
G0 X51 Y56.854
G0 X52.337 Y56.722
G0 X53.494 Y56.37
G0 X55.26 Y55.41
G0 X55.26 Y55.26
G1 F3600 X56.24 Y56.24 E0.02305
G1 X56.31 Y56.31
G0 F7200 X56.09 Y56.31
G0 X52.376 Y56.773
G0 X52.287 Y56.477
;TYPE:WALL-INNER
G1 F3600 X51 Y56.599 E0.0215
G1 X49.708 Y56.476 E0.02158
G1 X48.469 Y56.097 E0.02155
G1 X47.334 Y55.494 E0.02137
G1 X46.328 Y54.666 E0.02167
G1 X45.505 Y53.661 E0.0216
G1 X44.899 Y52.53 E0.02134
G1 X44.523 Y51.288 E0.02158
G1 X44.4 Y50 E0.02152
G1 X44.523 Y48.708 E0.02158
G1 X44.899 Y47.466 E0.02158
G1 X45.505 Y46.335 E0.02134
G1 X46.326 Y45.332 E0.02156
G1 X47.335 Y44.505 E0.0217
G1 X48.471 Y43.898 E0.02142
G1 X49.708 Y43.524 E0.02149
G1 X51 Y43.396 E0.02159
G1 X52.288 Y43.524 E0.02153
G1 X53.525 Y43.898 E0.02149
G1 X54.665 Y44.508 E0.0215
G1 X55.143 Y44.9 E0.01028
G1 X56.4 Y44.9 E0.0209
G1 X56.4 Y42.313 E0.04302
G1 X56.274 Y42.101 E0.0041
G1 X43.6 Y42.1 E0.21077
G1 X43.601 Y57.899 E0.26274
G1 X56.272 Y57.9 E0.21072
G1 X56.4 Y57.683 E0.00419
G1 X56.4 Y55.1 E0.04296
G1 X55.143 Y55.1 E0.0209
G1 X54.663 Y55.494 E0.01033
G1 X53.527 Y56.097 E0.02139
G1 X52.287 Y56.477 E0.02157
G0 F7200 X52.192 Y56.084
;TYPE:WALL-OUTER
G1 F1800 X50.981 Y56.196 E0.02022
G1 X49.805 Y56.084 E0.01965
G1 X48.641 Y55.732 E0.02022
G1 X47.54 Y55.147 E0.02073
G1 X46.628 Y54.395 E0.01966
G1 X45.831 Y53.423 E0.0209
G1 X45.279 Y52.391 E0.01946
G1 X44.916 Y51.192 E0.02083
G1 X44.8 Y49.98 E0.02025
G1 X44.916 Y48.804 E0.01965
G1 X45.279 Y47.605 E0.02083
G1 X45.831 Y46.573 E0.01946
G1 X46.629 Y45.601 E0.02091
G1 X47.573 Y44.831 E0.02026
G1 X48.605 Y44.279 E0.01946
G1 X49.804 Y43.916 E0.02083
G1 X51.02 Y43.8 E0.02031
G1 X52.192 Y43.916 E0.01959
G1 X53.391 Y44.279 E0.02083
G1 X54.423 Y44.831 E0.01946
G1 X55 Y45.3 E0.01237
G1 X56.8 Y45.3 E0.02993
G1 X56.8 Y42.262 E0.05052
G1 X56.635 Y41.879 E0.00694
G1 X56.356 Y41.701 E0.0055
G1 X43.2 Y41.7 E0.21879
G1 X43.201 Y58.299 E0.27604
G1 X56.354 Y58.3 E0.21874
G1 X56.635 Y58.12 E0.00555
G1 X56.8 Y57.734 E0.00698
G1 X56.8 Y54.7 E0.05046
G1 X55 Y54.7 E0.02993
G1 X54.422 Y55.169 E0.01238
G1 X53.355 Y55.732 E0.02006
G1 X52.192 Y56.084 E0.02021
G0 F7200 X51.993 Y56.102
G0 X52.091 Y57.109
;MESH:NONMESH
G0 F600 X52.091 Y57.109 Z10.8
G0 F7200 X49.663 Y56.722
G0 X48.377 Y56.331
G0 X47.193 Y55.699
G0 X46.153 Y54.847
G0 X45.301 Y53.807
G0 X44.669 Y52.623
G0 X44.278 Y51.337
G0 X43.91 Y43.76
G0 X43.76 Y43.76
;TIME_ELAPSED:743.304701
;LAYER:105
;TYPE:FILL
;MESH:hold.stl
G1 F3600 X45.765 Y45.765 E0.04715
G1 X45.835 Y45.835
G0 F7200 X45.645 Y45.678
G0 X43.91 Y44.925
G0 X43.761 Y44.925
G1 F3600 X46.426 Y42.26 E0.06268
G1 X46.496 Y42.19
G0 F7200 X46.496 Y42.41
G0 X47.917 Y42.41
G0 X47.917 Y42.26
G1 F3600 X49.174 Y43.517 E0.02956
G1 X49.244 Y43.587
G0 F7200 X49.176 Y43.363
G0 X51.112 Y43.098
G0 X51.098 Y43.245
G1 F3600 X52.083 Y42.26 E0.02317
G1 X52.153 Y42.19
G0 F7200 X52.153 Y42.41
G0 X53.574 Y42.41
G0 X53.574 Y42.26
G1 F3600 X56.054 Y44.74 E0.05833
G0 F7200 X55.259 Y44.74
G1 F3600 X56.24 Y43.759 E0.02307
G1 X56.31 Y43.689
G0 F7200 X56.09 Y43.689
G0 X51 Y43.146
G0 X49.663 Y43.278
G0 X48.377 Y43.669
G0 X47.193 Y44.301
G0 X46.153 Y45.153
G0 X45.301 Y46.193
G0 X44.669 Y47.377
G0 X44.278 Y48.663
G0 X44.146 Y50
G0 X44.278 Y51.337
G0 X44.669 Y52.623
G0 X45.301 Y53.807
G0 X46.153 Y54.847
G0 X47.193 Y55.699
G0 X48.377 Y56.331
G0 X49.663 Y56.722
G0 X51 Y56.854
G0 X52.337 Y56.722
G0 X56.053 Y55.41
G0 X56.053 Y55.26
G1 F3600 X53.573 Y57.74 E0.05833
G1 X53.503 Y57.81
G0 F7200 X53.503 Y57.59
G0 X52.083 Y57.59
G0 X52.083 Y57.74
G1 F3600 X51.091 Y56.748 E0.02333
G1 X51.021 Y56.678
G0 F7200 X51.043 Y56.91
G0 X49.131 Y56.623
G0 X49.175 Y56.481
G1 F3600 X47.916 Y57.74 E0.02961
G1 X47.846 Y57.81
G0 F7200 X47.846 Y57.59
G0 X46.425 Y57.59
G0 X46.425 Y57.739
G1 F3600 X43.76 Y55.074 E0.06268
G1 X43.69 Y55.004
G0 F7200 X43.91 Y55.004
G0 X43.91 Y56.238
G0 X43.761 Y56.238
G1 F3600 X45.765 Y54.234 E0.04713
G1 X45.835 Y54.164
G0 F7200 X45.643 Y54.32
G0 X44.789 Y52.848
G0 X43.91 Y50.581
G0 X43.761 Y50.581
G1 F3600 X44.249 Y50.094 E0.01147
G1 X44.249 Y49.906
G1 X43.76 Y49.417 E0.0115
G0 F7200 X43.91 Y49.417
G0 X44.278 Y51.337
G0 X44.669 Y52.623
G0 X45.301 Y53.807
G0 X46.153 Y54.847
G0 X47.193 Y55.699
G0 X48.377 Y56.331
G0 X49.663 Y56.722
G0 X51 Y56.854
G0 X52.337 Y56.722
G0 X53.494 Y56.37
G0 X55.26 Y55.41
G0 X55.26 Y55.26
G1 F3600 X56.24 Y56.24 E0.02305
G1 X56.31 Y56.31
G0 F7200 X56.09 Y56.31
G0 X52.376 Y56.773
G0 X52.287 Y56.477
;TYPE:WALL-INNER
G1 F3600 X51 Y56.599 E0.0215
G1 X49.708 Y56.476 E0.02158
G1 X48.469 Y56.097 E0.02155
G1 X47.334 Y55.494 E0.02137
G1 X46.328 Y54.666 E0.02167
G1 X45.505 Y53.661 E0.0216
G1 X44.899 Y52.53 E0.02134
G1 X44.523 Y51.288 E0.02158
G1 X44.4 Y50 E0.02152
G1 X44.523 Y48.708 E0.02158
G1 X44.899 Y47.466 E0.02158
G1 X45.505 Y46.335 E0.02134
G1 X46.326 Y45.332 E0.02156
G1 X47.335 Y44.505 E0.0217
G1 X48.471 Y43.898 E0.02142
G1 X49.708 Y43.524 E0.02149
G1 X51 Y43.396 E0.02159
G1 X52.288 Y43.524 E0.02153
G1 X53.525 Y43.898 E0.02149
G1 X54.665 Y44.508 E0.0215
G1 X55.143 Y44.9 E0.01028
G1 X56.4 Y44.9 E0.0209
G1 X56.4 Y42.313 E0.04302
G1 X56.274 Y42.101 E0.0041
G1 X43.6 Y42.1 E0.21077
G1 X43.601 Y57.899 E0.26274
G1 X56.272 Y57.9 E0.21072
G1 X56.4 Y57.683 E0.00419
G1 X56.4 Y55.1 E0.04296
G1 X55.143 Y55.1 E0.0209
G1 X54.663 Y55.494 E0.01033
G1 X53.527 Y56.097 E0.02139
G1 X52.287 Y56.477 E0.02157
G0 F7200 X52.192 Y56.084
;TYPE:WALL-OUTER
G1 F1800 X50.981 Y56.196 E0.02022
G1 X49.805 Y56.084 E0.01965
G1 X48.641 Y55.732 E0.02022
G1 X47.54 Y55.147 E0.02073
G1 X46.628 Y54.395 E0.01966
G1 X45.831 Y53.423 E0.0209
G1 X45.279 Y52.391 E0.01946
G1 X44.916 Y51.192 E0.02083
G1 X44.8 Y49.98 E0.02025
G1 X44.916 Y48.804 E0.01965
G1 X45.279 Y47.605 E0.02083
G1 X45.831 Y46.573 E0.01946
G1 X46.629 Y45.601 E0.02091
G1 X47.573 Y44.831 E0.02026
G1 X48.605 Y44.279 E0.01946
G1 X49.804 Y43.916 E0.02083
G1 X51.02 Y43.8 E0.02031
G1 X52.192 Y43.916 E0.01959
G1 X53.391 Y44.279 E0.02083
G1 X54.423 Y44.831 E0.01946
G1 X55 Y45.3 E0.01237
G1 X56.8 Y45.3 E0.02993
G1 X56.8 Y42.262 E0.05052
G1 X56.635 Y41.879 E0.00694
G1 X56.356 Y41.701 E0.0055
G1 X43.2 Y41.7 E0.21879
G1 X43.201 Y58.299 E0.27604
G1 X56.354 Y58.3 E0.21874
G1 X56.635 Y58.12 E0.00555
G1 X56.8 Y57.734 E0.00698
G1 X56.8 Y54.7 E0.05046
G1 X55 Y54.7 E0.02993
G1 X54.422 Y55.169 E0.01238
G1 X53.355 Y55.732 E0.02006
G1 X52.192 Y56.084 E0.02021
G0 F7200 X51.993 Y56.102
G0 X52.091 Y57.109
;MESH:NONMESH
G0 F600 X52.091 Y57.109 Z10.9
G0 F7200 X49.663 Y56.722
G0 X48.377 Y56.331
G0 X47.193 Y55.699
G0 X46.153 Y54.847
G0 X45.301 Y53.807
G0 X44.669 Y52.623
G0 X44.278 Y51.337
G0 X43.91 Y43.76
G0 X43.76 Y43.76
;TIME_ELAPSED:749.451887
;LAYER:106
;TYPE:FILL
;MESH:hold.stl
G1 F3600 X45.765 Y45.765 E0.04715
G1 X45.835 Y45.835
G0 F7200 X45.645 Y45.678
G0 X43.91 Y44.925
G0 X43.761 Y44.925
G1 F3600 X46.426 Y42.26 E0.06268
G1 X46.496 Y42.19
G0 F7200 X46.496 Y42.41
G0 X47.917 Y42.41
G0 X47.917 Y42.26
G1 F3600 X49.174 Y43.517 E0.02956
G1 X49.244 Y43.587
G0 F7200 X49.176 Y43.363
G0 X51.112 Y43.098
G0 X51.098 Y43.245
G1 F3600 X52.083 Y42.26 E0.02317
G1 X52.153 Y42.19
G0 F7200 X52.153 Y42.41
G0 X53.574 Y42.41
G0 X53.574 Y42.26
G1 F3600 X56.054 Y44.74 E0.05833
G0 F7200 X55.259 Y44.74
G1 F3600 X56.24 Y43.759 E0.02307
G1 X56.31 Y43.689
G0 F7200 X56.09 Y43.689
G0 X51 Y43.146
G0 X49.663 Y43.278
G0 X48.377 Y43.669
G0 X47.193 Y44.301
G0 X46.153 Y45.153
G0 X45.301 Y46.193
G0 X44.669 Y47.377
G0 X44.278 Y48.663
G0 X44.146 Y50
G0 X44.278 Y51.337
G0 X44.669 Y52.623
G0 X45.301 Y53.807
G0 X46.153 Y54.847
G0 X47.193 Y55.699
G0 X48.377 Y56.331
G0 X49.663 Y56.722
G0 X51 Y56.854
G0 X52.337 Y56.722
G0 X56.053 Y55.41
G0 X56.053 Y55.26
G1 F3600 X53.573 Y57.74 E0.05833
G1 X53.503 Y57.81
G0 F7200 X53.503 Y57.59
G0 X52.083 Y57.59
G0 X52.083 Y57.74
G1 F3600 X51.091 Y56.748 E0.02333
G1 X51.021 Y56.678
G0 F7200 X51.043 Y56.91
G0 X49.131 Y56.623
G0 X49.175 Y56.481
G1 F3600 X47.916 Y57.74 E0.02961
G1 X47.846 Y57.81
G0 F7200 X47.846 Y57.59
G0 X46.425 Y57.59
G0 X46.425 Y57.739
G1 F3600 X43.76 Y55.074 E0.06268
G1 X43.69 Y55.004
G0 F7200 X43.91 Y55.004
G0 X43.91 Y56.238
G0 X43.761 Y56.238
G1 F3600 X45.765 Y54.234 E0.04713
G1 X45.835 Y54.164
G0 F7200 X45.643 Y54.32
G0 X44.789 Y52.848
G0 X43.91 Y50.581
G0 X43.761 Y50.581
G1 F3600 X44.249 Y50.094 E0.01147
G1 X44.249 Y49.906
G1 X43.76 Y49.417 E0.0115
G0 F7200 X43.91 Y49.417
G0 X44.278 Y51.337
G0 X44.669 Y52.623
G0 X45.301 Y53.807
G0 X46.153 Y54.847
G0 X47.193 Y55.699
G0 X48.377 Y56.331
G0 X49.663 Y56.722
G0 X51 Y56.854
G0 X52.337 Y56.722
G0 X53.494 Y56.37
G0 X55.26 Y55.41
G0 X55.26 Y55.26
G1 F3600 X56.24 Y56.24 E0.02305
G1 X56.31 Y56.31
G0 F7200 X56.09 Y56.31
G0 X52.376 Y56.773
G0 X52.287 Y56.477
;TYPE:WALL-INNER
G1 F3600 X51 Y56.599 E0.0215
G1 X49.708 Y56.476 E0.02158
G1 X48.469 Y56.097 E0.02155
G1 X47.334 Y55.494 E0.02137
G1 X46.328 Y54.666 E0.02167
G1 X45.505 Y53.661 E0.0216
G1 X44.899 Y52.53 E0.02134
G1 X44.523 Y51.288 E0.02158
G1 X44.4 Y50 E0.02152
G1 X44.523 Y48.708 E0.02158
G1 X44.899 Y47.466 E0.02158
G1 X45.505 Y46.335 E0.02134
G1 X46.326 Y45.332 E0.02156
G1 X47.335 Y44.505 E0.0217
G1 X48.471 Y43.898 E0.02142
G1 X49.708 Y43.524 E0.02149
G1 X51 Y43.396 E0.02159
G1 X52.288 Y43.524 E0.02153
G1 X53.525 Y43.898 E0.02149
G1 X54.665 Y44.508 E0.0215
G1 X55.143 Y44.9 E0.01028
G1 X56.4 Y44.9 E0.0209
G1 X56.4 Y42.313 E0.04302
G1 X56.274 Y42.101 E0.0041
G1 X43.6 Y42.1 E0.21077
G1 X43.601 Y57.899 E0.26274
G1 X56.272 Y57.9 E0.21072
G1 X56.4 Y57.683 E0.00419
G1 X56.4 Y55.1 E0.04296
G1 X55.143 Y55.1 E0.0209
G1 X54.663 Y55.494 E0.01033
G1 X53.527 Y56.097 E0.02139
G1 X52.287 Y56.477 E0.02157
G0 F7200 X52.192 Y56.084
;TYPE:WALL-OUTER
G1 F1800 X50.981 Y56.196 E0.02022
G1 X49.805 Y56.084 E0.01965
G1 X48.641 Y55.732 E0.02022
G1 X47.54 Y55.147 E0.02073
G1 X46.628 Y54.395 E0.01966
G1 X45.831 Y53.423 E0.0209
G1 X45.279 Y52.391 E0.01946
G1 X44.916 Y51.192 E0.02083
G1 X44.8 Y49.98 E0.02025
G1 X44.916 Y48.804 E0.01965
G1 X45.279 Y47.605 E0.02083
G1 X45.831 Y46.573 E0.01946
G1 X46.629 Y45.601 E0.02091
G1 X47.573 Y44.831 E0.02026
G1 X48.605 Y44.279 E0.01946
G1 X49.804 Y43.916 E0.02083
G1 X51.02 Y43.8 E0.02031
G1 X52.192 Y43.916 E0.01959
G1 X53.391 Y44.279 E0.02083
G1 X54.423 Y44.831 E0.01946
G1 X55 Y45.3 E0.01237
G1 X56.8 Y45.3 E0.02993
G1 X56.8 Y42.262 E0.05052
G1 X56.635 Y41.879 E0.00694
G1 X56.356 Y41.701 E0.0055
G1 X43.2 Y41.7 E0.21879
G1 X43.201 Y58.299 E0.27604
G1 X56.354 Y58.3 E0.21874
G1 X56.635 Y58.12 E0.00555
G1 X56.8 Y57.734 E0.00698
G1 X56.8 Y54.7 E0.05046
G1 X55 Y54.7 E0.02993
G1 X54.422 Y55.169 E0.01238
G1 X53.355 Y55.732 E0.02006
G1 X52.192 Y56.084 E0.02021
G0 F7200 X51.993 Y56.102
G0 X52.091 Y57.109
;MESH:NONMESH
G0 F600 X52.091 Y57.109 Z11
G0 F7200 X49.663 Y56.722
G0 X48.377 Y56.331
G0 X47.193 Y55.699
G0 X46.153 Y54.847
G0 X45.301 Y53.807
G0 X44.669 Y52.623
G0 X44.278 Y51.337
G0 X43.91 Y43.76
G0 X43.76 Y43.76
;TIME_ELAPSED:755.599074
;LAYER:107
;TYPE:FILL
;MESH:hold.stl
G1 F3600 X45.765 Y45.765 E0.04715
G1 X45.835 Y45.835
G0 F7200 X45.645 Y45.678
G0 X43.91 Y44.925
G0 X43.761 Y44.925
G1 F3600 X46.426 Y42.26 E0.06268
G1 X46.496 Y42.19
G0 F7200 X46.496 Y42.41
G0 X47.917 Y42.41
G0 X47.917 Y42.26
G1 F3600 X49.174 Y43.517 E0.02956
G1 X49.244 Y43.587
G0 F7200 X49.176 Y43.363
G0 X51.112 Y43.098
G0 X51.098 Y43.245
G1 F3600 X52.083 Y42.26 E0.02317
G1 X52.153 Y42.19
G0 F7200 X52.153 Y42.41
G0 X53.574 Y42.41
G0 X53.574 Y42.26
G1 F3600 X56.054 Y44.74 E0.05833
G0 F7200 X55.259 Y44.74
G1 F3600 X56.24 Y43.759 E0.02307
G1 X56.31 Y43.689
G0 F7200 X56.09 Y43.689
G0 X51 Y43.146
G0 X49.663 Y43.278
G0 X48.377 Y43.669
G0 X47.193 Y44.301
G0 X46.153 Y45.153
G0 X45.301 Y46.193
G0 X44.669 Y47.377
G0 X44.278 Y48.663
G0 X44.146 Y50
G0 X44.278 Y51.337
G0 X44.669 Y52.623
G0 X45.301 Y53.807
G0 X46.153 Y54.847
G0 X47.193 Y55.699
G0 X48.377 Y56.331
G0 X49.663 Y56.722
G0 X51 Y56.854
G0 X52.337 Y56.722
G0 X56.053 Y55.41
G0 X56.053 Y55.26
G1 F3600 X53.573 Y57.74 E0.05833
G1 X53.503 Y57.81
G0 F7200 X53.503 Y57.59
G0 X52.083 Y57.59
G0 X52.083 Y57.74
G1 F3600 X51.091 Y56.748 E0.02333
G1 X51.021 Y56.678
G0 F7200 X51.043 Y56.91
G0 X49.131 Y56.623
G0 X49.175 Y56.481
G1 F3600 X47.916 Y57.74 E0.02961
G1 X47.846 Y57.81
G0 F7200 X47.846 Y57.59
G0 X46.425 Y57.59
G0 X46.425 Y57.739
G1 F3600 X43.76 Y55.074 E0.06268
G1 X43.69 Y55.004
G0 F7200 X43.91 Y55.004
G0 X43.91 Y56.238
G0 X43.761 Y56.238
G1 F3600 X45.765 Y54.234 E0.04713
G1 X45.835 Y54.164
G0 F7200 X45.643 Y54.32
G0 X44.789 Y52.848
G0 X43.91 Y50.581
G0 X43.761 Y50.581
G1 F3600 X44.249 Y50.094 E0.01147
G1 X44.249 Y49.906
G1 X43.76 Y49.417 E0.0115
G0 F7200 X43.91 Y49.417
G0 X44.278 Y51.337
G0 X44.669 Y52.623
G0 X45.301 Y53.807
G0 X46.153 Y54.847
G0 X47.193 Y55.699
G0 X48.377 Y56.331
G0 X49.663 Y56.722
G0 X51 Y56.854
G0 X52.337 Y56.722
G0 X53.494 Y56.37
G0 X55.26 Y55.41
G0 X55.26 Y55.26
G1 F3600 X56.24 Y56.24 E0.02305
G1 X56.31 Y56.31
G0 F7200 X56.09 Y56.31
G0 X52.376 Y56.773
G0 X52.287 Y56.477
;TYPE:WALL-INNER
G1 F3600 X51 Y56.599 E0.0215
G1 X49.708 Y56.476 E0.02158
G1 X48.469 Y56.097 E0.02155
G1 X47.334 Y55.494 E0.02137
G1 X46.328 Y54.666 E0.02167
G1 X45.505 Y53.661 E0.0216
G1 X44.899 Y52.53 E0.02134
G1 X44.523 Y51.288 E0.02158
G1 X44.4 Y50 E0.02152
G1 X44.523 Y48.708 E0.02158
G1 X44.899 Y47.466 E0.02158
G1 X45.505 Y46.335 E0.02134
G1 X46.326 Y45.332 E0.02156
G1 X47.335 Y44.505 E0.0217
G1 X48.471 Y43.898 E0.02142
G1 X49.708 Y43.524 E0.02149
G1 X51 Y43.396 E0.02159
G1 X52.288 Y43.524 E0.02153
G1 X53.525 Y43.898 E0.02149
G1 X54.665 Y44.508 E0.0215
G1 X55.143 Y44.9 E0.01028
G1 X56.4 Y44.9 E0.0209
G1 X56.4 Y42.313 E0.04302
G1 X56.274 Y42.101 E0.0041
G1 X43.6 Y42.1 E0.21077
G1 X43.601 Y57.899 E0.26274
G1 X56.272 Y57.9 E0.21072
G1 X56.4 Y57.683 E0.00419
G1 X56.4 Y55.1 E0.04296
G1 X55.143 Y55.1 E0.0209
G1 X54.663 Y55.494 E0.01033
G1 X53.527 Y56.097 E0.02139
G1 X52.287 Y56.477 E0.02157
G0 F7200 X52.192 Y56.084
;TYPE:WALL-OUTER
G1 F1800 X50.981 Y56.196 E0.02022
G1 X49.805 Y56.084 E0.01965
G1 X48.641 Y55.732 E0.02022
G1 X47.54 Y55.147 E0.02073
G1 X46.628 Y54.395 E0.01966
G1 X45.831 Y53.423 E0.0209
G1 X45.279 Y52.391 E0.01946
G1 X44.916 Y51.192 E0.02083
G1 X44.8 Y49.98 E0.02025
G1 X44.916 Y48.804 E0.01965
G1 X45.279 Y47.605 E0.02083
G1 X45.831 Y46.573 E0.01946
G1 X46.629 Y45.601 E0.02091
G1 X47.573 Y44.831 E0.02026
G1 X48.605 Y44.279 E0.01946
G1 X49.804 Y43.916 E0.02083
G1 X51.02 Y43.8 E0.02031
G1 X52.192 Y43.916 E0.01959
G1 X53.391 Y44.279 E0.02083
G1 X54.423 Y44.831 E0.01946
G1 X55 Y45.3 E0.01237
G1 X56.8 Y45.3 E0.02993
G1 X56.8 Y42.262 E0.05052
G1 X56.635 Y41.879 E0.00694
G1 X56.356 Y41.701 E0.0055
G1 X43.2 Y41.7 E0.21879
G1 X43.201 Y58.299 E0.27604
G1 X56.354 Y58.3 E0.21874
G1 X56.635 Y58.12 E0.00555
G1 X56.8 Y57.734 E0.00698
G1 X56.8 Y54.7 E0.05046
G1 X55 Y54.7 E0.02993
G1 X54.422 Y55.169 E0.01238
G1 X53.355 Y55.732 E0.02006
G1 X52.192 Y56.084 E0.02021
G0 F7200 X51.993 Y56.102
G0 X52.091 Y57.109
;MESH:NONMESH
G0 F600 X52.091 Y57.109 Z11.1
G0 F7200 X49.663 Y56.722
G0 X48.377 Y56.331
G0 X47.193 Y55.699
G0 X46.153 Y54.847
G0 X45.301 Y53.807
G0 X44.669 Y52.623
G0 X44.278 Y51.337
G0 X43.91 Y43.76
G0 X43.76 Y43.76
;TIME_ELAPSED:761.746261
;LAYER:108
;TYPE:FILL
;MESH:hold.stl
G1 F3600 X45.765 Y45.765 E0.04715
G1 X45.835 Y45.835
G0 F7200 X45.645 Y45.678
G0 X43.91 Y44.925
G0 X43.761 Y44.925
G1 F3600 X46.426 Y42.26 E0.06268
G1 X46.496 Y42.19
G0 F7200 X46.496 Y42.41
G0 X47.917 Y42.41
G0 X47.917 Y42.26
G1 F3600 X49.174 Y43.517 E0.02956
G1 X49.244 Y43.587
G0 F7200 X49.176 Y43.363
G0 X51.112 Y43.098
G0 X51.098 Y43.245
G1 F3600 X52.083 Y42.26 E0.02317
G1 X52.153 Y42.19
G0 F7200 X52.153 Y42.41
G0 X53.574 Y42.41
G0 X53.574 Y42.26
G1 F3600 X56.054 Y44.74 E0.05833
G0 F7200 X55.259 Y44.74
G1 F3600 X56.24 Y43.759 E0.02307
G1 X56.31 Y43.689
G0 F7200 X56.09 Y43.689
G0 X51 Y43.146
G0 X49.663 Y43.278
G0 X48.377 Y43.669
G0 X47.193 Y44.301
G0 X46.153 Y45.153
G0 X45.301 Y46.193
G0 X44.669 Y47.377
G0 X44.278 Y48.663
G0 X44.146 Y50
G0 X44.278 Y51.337
G0 X44.669 Y52.623
G0 X45.301 Y53.807
G0 X46.153 Y54.847
G0 X47.193 Y55.699
G0 X48.377 Y56.331
G0 X49.663 Y56.722
G0 X51 Y56.854
G0 X52.337 Y56.722
G0 X56.053 Y55.41
G0 X56.053 Y55.26
G1 F3600 X53.573 Y57.74 E0.05833
G1 X53.503 Y57.81
G0 F7200 X53.503 Y57.59
G0 X52.083 Y57.59
G0 X52.083 Y57.74
G1 F3600 X51.091 Y56.748 E0.02333
G1 X51.021 Y56.678
G0 F7200 X51.043 Y56.91
G0 X49.131 Y56.623
G0 X49.175 Y56.481
G1 F3600 X47.916 Y57.74 E0.02961
G1 X47.846 Y57.81
G0 F7200 X47.846 Y57.59
G0 X46.425 Y57.59
G0 X46.425 Y57.739
G1 F3600 X43.76 Y55.074 E0.06268
G1 X43.69 Y55.004
G0 F7200 X43.91 Y55.004
G0 X43.91 Y56.238
G0 X43.761 Y56.238
G1 F3600 X45.765 Y54.234 E0.04713
G1 X45.835 Y54.164
G0 F7200 X45.643 Y54.32
G0 X44.789 Y52.848
G0 X43.91 Y50.581
G0 X43.761 Y50.581
G1 F3600 X44.249 Y50.094 E0.01147
G1 X44.249 Y49.906
G1 X43.76 Y49.417 E0.0115
G0 F7200 X43.91 Y49.417
G0 X44.278 Y51.337
G0 X44.669 Y52.623
G0 X45.301 Y53.807
G0 X46.153 Y54.847
G0 X47.193 Y55.699
G0 X48.377 Y56.331
G0 X49.663 Y56.722
G0 X51 Y56.854
G0 X52.337 Y56.722
G0 X53.494 Y56.37
G0 X55.26 Y55.41
G0 X55.26 Y55.26
G1 F3600 X56.24 Y56.24 E0.02305
G1 X56.31 Y56.31
G0 F7200 X56.09 Y56.31
G0 X52.376 Y56.773
G0 X52.287 Y56.477
;TYPE:WALL-INNER
G1 F3600 X51 Y56.599 E0.0215
G1 X49.708 Y56.476 E0.02158
G1 X48.469 Y56.097 E0.02155
G1 X47.334 Y55.494 E0.02137
G1 X46.328 Y54.666 E0.02167
G1 X45.505 Y53.661 E0.0216
G1 X44.899 Y52.53 E0.02134
G1 X44.523 Y51.288 E0.02158
G1 X44.4 Y50 E0.02152
G1 X44.523 Y48.708 E0.02158
G1 X44.899 Y47.466 E0.02158
G1 X45.505 Y46.335 E0.02134
G1 X46.326 Y45.332 E0.02156
G1 X47.335 Y44.505 E0.0217
G1 X48.471 Y43.898 E0.02142
G1 X49.708 Y43.524 E0.02149
G1 X51 Y43.396 E0.02159
G1 X52.288 Y43.524 E0.02153
G1 X53.525 Y43.898 E0.02149
G1 X54.665 Y44.508 E0.0215
G1 X55.143 Y44.9 E0.01028
G1 X56.4 Y44.9 E0.0209
G1 X56.4 Y42.313 E0.04302
G1 X56.274 Y42.101 E0.0041
G1 X43.6 Y42.1 E0.21077
G1 X43.601 Y57.899 E0.26274
G1 X56.272 Y57.9 E0.21072
G1 X56.4 Y57.683 E0.00419
G1 X56.4 Y55.1 E0.04296
G1 X55.143 Y55.1 E0.0209
G1 X54.663 Y55.494 E0.01033
G1 X53.527 Y56.097 E0.02139
G1 X52.287 Y56.477 E0.02157
G0 F7200 X52.192 Y56.084
;TYPE:WALL-OUTER
G1 F1800 X50.981 Y56.196 E0.02022
G1 X49.805 Y56.084 E0.01965
G1 X48.641 Y55.732 E0.02022
G1 X47.54 Y55.147 E0.02073
G1 X46.628 Y54.395 E0.01966
G1 X45.831 Y53.423 E0.0209
G1 X45.279 Y52.391 E0.01946
G1 X44.916 Y51.192 E0.02083
G1 X44.8 Y49.98 E0.02025
G1 X44.916 Y48.804 E0.01965
G1 X45.279 Y47.605 E0.02083
G1 X45.831 Y46.573 E0.01946
G1 X46.629 Y45.601 E0.02091
G1 X47.573 Y44.831 E0.02026
G1 X48.605 Y44.279 E0.01946
G1 X49.804 Y43.916 E0.02083
G1 X51.02 Y43.8 E0.02031
G1 X52.192 Y43.916 E0.01959
G1 X53.391 Y44.279 E0.02083
G1 X54.423 Y44.831 E0.01946
G1 X55 Y45.3 E0.01237
G1 X56.8 Y45.3 E0.02993
G1 X56.8 Y42.262 E0.05052
G1 X56.635 Y41.879 E0.00694
G1 X56.356 Y41.701 E0.0055
G1 X43.2 Y41.7 E0.21879
G1 X43.201 Y58.299 E0.27604
G1 X56.354 Y58.3 E0.21874
G1 X56.635 Y58.12 E0.00555
G1 X56.8 Y57.734 E0.00698
G1 X56.8 Y54.7 E0.05046
G1 X55 Y54.7 E0.02993
G1 X54.422 Y55.169 E0.01238
G1 X53.355 Y55.732 E0.02006
G1 X52.192 Y56.084 E0.02021
G0 F7200 X51.993 Y56.102
G0 X52.091 Y57.109
;MESH:NONMESH
G0 F600 X52.091 Y57.109 Z11.2
G0 F7200 X49.663 Y56.722
G0 X48.377 Y56.331
G0 X47.193 Y55.699
G0 X46.153 Y54.847
G0 X45.301 Y53.807
G0 X44.669 Y52.623
G0 X44.278 Y51.337
G0 X43.91 Y43.76
G0 X43.76 Y43.76
;TIME_ELAPSED:767.893448
;LAYER:109
;TYPE:FILL
;MESH:hold.stl
G1 F3600 X45.765 Y45.765 E0.04715
G1 X45.835 Y45.835
G0 F7200 X45.645 Y45.678
G0 X43.91 Y44.925
G0 X43.761 Y44.925
G1 F3600 X46.426 Y42.26 E0.06268
G1 X46.496 Y42.19
G0 F7200 X46.496 Y42.41
G0 X47.917 Y42.41
G0 X47.917 Y42.26
G1 F3600 X49.174 Y43.517 E0.02956
G1 X49.244 Y43.587
G0 F7200 X49.176 Y43.363
G0 X51.112 Y43.098
G0 X51.098 Y43.245
G1 F3600 X52.083 Y42.26 E0.02317
G1 X52.153 Y42.19
G0 F7200 X52.153 Y42.41
G0 X53.574 Y42.41
G0 X53.574 Y42.26
G1 F3600 X56.054 Y44.74 E0.05833
G0 F7200 X55.259 Y44.74
G1 F3600 X56.24 Y43.759 E0.02307
G1 X56.31 Y43.689
G0 F7200 X56.09 Y43.689
G0 X51 Y43.146
G0 X49.663 Y43.278
G0 X48.377 Y43.669
G0 X47.193 Y44.301
G0 X46.153 Y45.153
G0 X45.301 Y46.193
G0 X44.669 Y47.377
G0 X44.278 Y48.663
G0 X44.146 Y50
G0 X44.278 Y51.337
G0 X44.669 Y52.623
G0 X45.301 Y53.807
G0 X46.153 Y54.847
G0 X47.193 Y55.699
G0 X48.377 Y56.331
G0 X49.663 Y56.722
G0 X51 Y56.854
G0 X52.337 Y56.722
G0 X56.053 Y55.41
G0 X56.053 Y55.26
G1 F3600 X53.573 Y57.74 E0.05833
G1 X53.503 Y57.81
G0 F7200 X53.503 Y57.59
G0 X52.083 Y57.59
G0 X52.083 Y57.74
G1 F3600 X51.091 Y56.748 E0.02333
G1 X51.021 Y56.678
G0 F7200 X51.043 Y56.91
G0 X49.131 Y56.623
G0 X49.175 Y56.481
G1 F3600 X47.916 Y57.74 E0.02961
G1 X47.846 Y57.81
G0 F7200 X47.846 Y57.59
G0 X46.425 Y57.59
G0 X46.425 Y57.739
G1 F3600 X43.76 Y55.074 E0.06268
G1 X43.69 Y55.004
G0 F7200 X43.91 Y55.004
G0 X43.91 Y56.238
G0 X43.761 Y56.238
G1 F3600 X45.765 Y54.234 E0.04713
G1 X45.835 Y54.164
G0 F7200 X45.643 Y54.32
G0 X44.789 Y52.848
G0 X43.91 Y50.581
G0 X43.761 Y50.581
G1 F3600 X44.249 Y50.094 E0.01147
G1 X44.249 Y49.906
G1 X43.76 Y49.417 E0.0115
G0 F7200 X43.91 Y49.417
G0 X44.278 Y51.337
G0 X44.669 Y52.623
G0 X45.301 Y53.807
G0 X46.153 Y54.847
G0 X47.193 Y55.699
G0 X48.377 Y56.331
G0 X49.663 Y56.722
G0 X51 Y56.854
G0 X52.337 Y56.722
G0 X53.494 Y56.37
G0 X55.26 Y55.41
G0 X55.26 Y55.26
G1 F3600 X56.24 Y56.24 E0.02305
G1 X56.31 Y56.31
G0 F7200 X56.09 Y56.31
G0 X52.376 Y56.773
G0 X52.287 Y56.477
;TYPE:WALL-INNER
G1 F3600 X51 Y56.599 E0.0215
G1 X49.708 Y56.476 E0.02158
G1 X48.469 Y56.097 E0.02155
G1 X47.334 Y55.494 E0.02137
G1 X46.328 Y54.666 E0.02167
G1 X45.505 Y53.661 E0.0216
G1 X44.899 Y52.53 E0.02134
G1 X44.523 Y51.288 E0.02158
G1 X44.4 Y50 E0.02152
G1 X44.523 Y48.708 E0.02158
G1 X44.899 Y47.466 E0.02158
G1 X45.505 Y46.335 E0.02134
G1 X46.326 Y45.332 E0.02156
G1 X47.335 Y44.505 E0.0217
G1 X48.471 Y43.898 E0.02142
G1 X49.708 Y43.524 E0.02149
G1 X51 Y43.396 E0.02159
G1 X52.288 Y43.524 E0.02153
G1 X53.525 Y43.898 E0.02149
G1 X54.665 Y44.508 E0.0215
G1 X55.143 Y44.9 E0.01028
G1 X56.4 Y44.9 E0.0209
G1 X56.4 Y42.313 E0.04302
G1 X56.274 Y42.101 E0.0041
G1 X43.6 Y42.1 E0.21077
G1 X43.601 Y57.899 E0.26274
G1 X56.272 Y57.9 E0.21072
G1 X56.4 Y57.683 E0.00419
G1 X56.4 Y55.1 E0.04296
G1 X55.143 Y55.1 E0.0209
G1 X54.663 Y55.494 E0.01033
G1 X53.527 Y56.097 E0.02139
G1 X52.287 Y56.477 E0.02157
G0 F7200 X52.192 Y56.084
;TYPE:WALL-OUTER
G1 F1800 X50.981 Y56.196 E0.02022
G1 X49.805 Y56.084 E0.01965
G1 X48.641 Y55.732 E0.02022
G1 X47.54 Y55.147 E0.02073
G1 X46.628 Y54.395 E0.01966
G1 X45.831 Y53.423 E0.0209
G1 X45.279 Y52.391 E0.01946
G1 X44.916 Y51.192 E0.02083
G1 X44.8 Y49.98 E0.02025
G1 X44.916 Y48.804 E0.01965
G1 X45.279 Y47.605 E0.02083
G1 X45.831 Y46.573 E0.01946
G1 X46.629 Y45.601 E0.02091
G1 X47.573 Y44.831 E0.02026
G1 X48.605 Y44.279 E0.01946
G1 X49.804 Y43.916 E0.02083
G1 X51.02 Y43.8 E0.02031
G1 X52.192 Y43.916 E0.01959
G1 X53.391 Y44.279 E0.02083
G1 X54.423 Y44.831 E0.01946
G1 X55 Y45.3 E0.01237
G1 X56.8 Y45.3 E0.02993
G1 X56.8 Y42.262 E0.05052
G1 X56.635 Y41.879 E0.00694
G1 X56.356 Y41.701 E0.0055
G1 X43.2 Y41.7 E0.21879
G1 X43.201 Y58.299 E0.27604
G1 X56.354 Y58.3 E0.21874
G1 X56.635 Y58.12 E0.00555
G1 X56.8 Y57.734 E0.00698
G1 X56.8 Y54.7 E0.05046
G1 X55 Y54.7 E0.02993
G1 X54.422 Y55.169 E0.01238
G1 X53.355 Y55.732 E0.02006
G1 X52.192 Y56.084 E0.02021
G0 F7200 X51.993 Y56.102
G0 X52.091 Y57.109
;MESH:NONMESH
G0 F600 X52.091 Y57.109 Z11.3
G0 F7200 X49.663 Y56.722
G0 X48.377 Y56.331
G0 X47.193 Y55.699
G0 X46.153 Y54.847
G0 X45.301 Y53.807
G0 X44.669 Y52.623
G0 X44.278 Y51.337
G0 X43.91 Y43.76
G0 X43.76 Y43.76
;TIME_ELAPSED:774.040635
;LAYER:110
;TYPE:FILL
;MESH:hold.stl
G1 F3600 X45.765 Y45.765 E0.04715
G1 X45.835 Y45.835
G0 F7200 X45.645 Y45.678
G0 X43.91 Y44.925
G0 X43.761 Y44.925
G1 F3600 X46.426 Y42.26 E0.06268
G1 X46.496 Y42.19
G0 F7200 X46.496 Y42.41
G0 X47.917 Y42.41
G0 X47.917 Y42.26
G1 F3600 X49.174 Y43.517 E0.02956
G1 X49.244 Y43.587
G0 F7200 X49.176 Y43.363
G0 X51.112 Y43.098
G0 X51.098 Y43.245
G1 F3600 X52.083 Y42.26 E0.02317
G1 X52.153 Y42.19
G0 F7200 X52.153 Y42.41
G0 X53.574 Y42.41
G0 X53.574 Y42.26
G1 F3600 X56.054 Y44.74 E0.05833
G0 F7200 X55.259 Y44.74
G1 F3600 X56.24 Y43.759 E0.02307
G1 X56.31 Y43.689
G0 F7200 X56.09 Y43.689
G0 X51 Y43.146
G0 X49.663 Y43.278
G0 X48.377 Y43.669
G0 X47.193 Y44.301
G0 X46.153 Y45.153
G0 X45.301 Y46.193
G0 X44.669 Y47.377
G0 X44.278 Y48.663
G0 X44.146 Y50
G0 X44.278 Y51.337
G0 X44.669 Y52.623
G0 X45.301 Y53.807
G0 X46.153 Y54.847
G0 X47.193 Y55.699
G0 X48.377 Y56.331
G0 X49.663 Y56.722
G0 X51 Y56.854
G0 X52.337 Y56.722
G0 X56.053 Y55.41
G0 X56.053 Y55.26
G1 F3600 X53.573 Y57.74 E0.05833
G1 X53.503 Y57.81
G0 F7200 X53.503 Y57.59
G0 X52.083 Y57.59
G0 X52.083 Y57.74
G1 F3600 X51.091 Y56.748 E0.02333
G1 X51.021 Y56.678
G0 F7200 X51.043 Y56.91
G0 X49.131 Y56.623
G0 X49.175 Y56.481
G1 F3600 X47.916 Y57.74 E0.02961
G1 X47.846 Y57.81
G0 F7200 X47.846 Y57.59
G0 X46.425 Y57.59
G0 X46.425 Y57.739
G1 F3600 X43.76 Y55.074 E0.06268
G1 X43.69 Y55.004
G0 F7200 X43.91 Y55.004
G0 X43.91 Y56.238
G0 X43.761 Y56.238
G1 F3600 X45.765 Y54.234 E0.04713
G1 X45.835 Y54.164
G0 F7200 X45.643 Y54.32
G0 X44.789 Y52.848
G0 X43.91 Y50.581
G0 X43.761 Y50.581
G1 F3600 X44.249 Y50.094 E0.01147
G1 X44.249 Y49.906
G1 X43.76 Y49.417 E0.0115
G0 F7200 X43.91 Y49.417
G0 X44.278 Y51.337
G0 X44.669 Y52.623
G0 X45.301 Y53.807
G0 X46.153 Y54.847
G0 X47.193 Y55.699
G0 X48.377 Y56.331
G0 X49.663 Y56.722
G0 X51 Y56.854
G0 X52.337 Y56.722
G0 X53.494 Y56.37
G0 X55.26 Y55.41
G0 X55.26 Y55.26
G1 F3600 X56.24 Y56.24 E0.02305
G1 X56.31 Y56.31
G0 F7200 X56.09 Y56.31
G0 X52.376 Y56.773
G0 X52.287 Y56.477
;TYPE:WALL-INNER
G1 F3600 X51 Y56.599 E0.0215
G1 X49.708 Y56.476 E0.02158
G1 X48.469 Y56.097 E0.02155
G1 X47.334 Y55.494 E0.02137
G1 X46.328 Y54.666 E0.02167
G1 X45.505 Y53.661 E0.0216
G1 X44.899 Y52.53 E0.02134
G1 X44.523 Y51.288 E0.02158
G1 X44.4 Y50 E0.02152
G1 X44.523 Y48.708 E0.02158
G1 X44.899 Y47.466 E0.02158
G1 X45.505 Y46.335 E0.02134
G1 X46.326 Y45.332 E0.02156
G1 X47.335 Y44.505 E0.0217
G1 X48.471 Y43.898 E0.02142
G1 X49.708 Y43.524 E0.02149
G1 X51 Y43.396 E0.02159
G1 X52.288 Y43.524 E0.02153
G1 X53.525 Y43.898 E0.02149
G1 X54.665 Y44.508 E0.0215
G1 X55.143 Y44.9 E0.01028
G1 X56.4 Y44.9 E0.0209
G1 X56.4 Y42.313 E0.04302
G1 X56.274 Y42.101 E0.0041
G1 X43.6 Y42.1 E0.21077
G1 X43.601 Y57.899 E0.26274
G1 X56.272 Y57.9 E0.21072
G1 X56.4 Y57.683 E0.00419
G1 X56.4 Y55.1 E0.04296
G1 X55.143 Y55.1 E0.0209
G1 X54.663 Y55.494 E0.01033
G1 X53.527 Y56.097 E0.02139
G1 X52.287 Y56.477 E0.02157
G0 F7200 X52.192 Y56.084
;TYPE:WALL-OUTER
G1 F1800 X50.981 Y56.196 E0.02022
G1 X49.805 Y56.084 E0.01965
G1 X48.641 Y55.732 E0.02022
G1 X47.54 Y55.147 E0.02073
G1 X46.628 Y54.395 E0.01966
G1 X45.831 Y53.423 E0.0209
G1 X45.279 Y52.391 E0.01946
G1 X44.916 Y51.192 E0.02083
G1 X44.8 Y49.98 E0.02025
G1 X44.916 Y48.804 E0.01965
G1 X45.279 Y47.605 E0.02083
G1 X45.831 Y46.573 E0.01946
G1 X46.629 Y45.601 E0.02091
G1 X47.573 Y44.831 E0.02026
G1 X48.605 Y44.279 E0.01946
G1 X49.804 Y43.916 E0.02083
G1 X51.02 Y43.8 E0.02031
G1 X52.192 Y43.916 E0.01959
G1 X53.391 Y44.279 E0.02083
G1 X54.423 Y44.831 E0.01946
G1 X55 Y45.3 E0.01237
G1 X56.8 Y45.3 E0.02993
G1 X56.8 Y42.262 E0.05052
G1 X56.635 Y41.879 E0.00694
G1 X56.356 Y41.701 E0.0055
G1 X43.2 Y41.7 E0.21879
G1 X43.201 Y58.299 E0.27604
G1 X56.354 Y58.3 E0.21874
G1 X56.635 Y58.12 E0.00555
G1 X56.8 Y57.734 E0.00698
G1 X56.8 Y54.7 E0.05046
G1 X55 Y54.7 E0.02993
G1 X54.422 Y55.169 E0.01238
G1 X53.355 Y55.732 E0.02006
G1 X52.192 Y56.084 E0.02021
G0 F7200 X51.993 Y56.102
G0 X52.091 Y57.109
;MESH:NONMESH
G0 F600 X52.091 Y57.109 Z11.4
G0 F7200 X49.663 Y56.722
G0 X48.377 Y56.331
G0 X47.193 Y55.699
G0 X46.153 Y54.847
G0 X45.301 Y53.807
G0 X44.669 Y52.623
G0 X44.278 Y51.337
G0 X43.91 Y43.76
G0 X43.76 Y43.76
;TIME_ELAPSED:780.187822
;LAYER:111
;TYPE:FILL
;MESH:hold.stl
G1 F3600 X45.765 Y45.765 E0.04715
G1 X45.835 Y45.835
G0 F7200 X45.645 Y45.678
G0 X43.91 Y44.925
G0 X43.761 Y44.925
G1 F3600 X46.426 Y42.26 E0.06268
G1 X46.496 Y42.19
G0 F7200 X46.496 Y42.41
G0 X47.917 Y42.41
G0 X47.917 Y42.26
G1 F3600 X49.174 Y43.517 E0.02956
G1 X49.244 Y43.587
G0 F7200 X49.176 Y43.363
G0 X51.112 Y43.098
G0 X51.098 Y43.245
G1 F3600 X52.083 Y42.26 E0.02317
G1 X52.153 Y42.19
G0 F7200 X52.153 Y42.41
G0 X53.574 Y42.41
G0 X53.574 Y42.26
G1 F3600 X56.054 Y44.74 E0.05833
G0 F7200 X55.259 Y44.74
G1 F3600 X56.24 Y43.759 E0.02307
G1 X56.31 Y43.689
G0 F7200 X56.09 Y43.689
G0 X51 Y43.146
G0 X49.663 Y43.278
G0 X48.377 Y43.669
G0 X47.193 Y44.301
G0 X46.153 Y45.153
G0 X45.301 Y46.193
G0 X44.669 Y47.377
G0 X44.278 Y48.663
G0 X44.146 Y50
G0 X44.278 Y51.337
G0 X44.669 Y52.623
G0 X45.301 Y53.807
G0 X46.153 Y54.847
G0 X47.193 Y55.699
G0 X48.377 Y56.331
G0 X49.663 Y56.722
G0 X51 Y56.854
G0 X52.337 Y56.722
G0 X56.053 Y55.41
G0 X56.053 Y55.26
G1 F3600 X53.573 Y57.74 E0.05833
G1 X53.503 Y57.81
G0 F7200 X53.503 Y57.59
G0 X52.083 Y57.59
G0 X52.083 Y57.74
G1 F3600 X51.091 Y56.748 E0.02333
G1 X51.021 Y56.678
G0 F7200 X51.043 Y56.91
G0 X49.131 Y56.623
G0 X49.175 Y56.481
G1 F3600 X47.916 Y57.74 E0.02961
G1 X47.846 Y57.81
G0 F7200 X47.846 Y57.59
G0 X46.425 Y57.59
G0 X46.425 Y57.739
G1 F3600 X43.76 Y55.074 E0.06268
G1 X43.69 Y55.004
G0 F7200 X43.91 Y55.004
G0 X43.91 Y56.238
G0 X43.761 Y56.238
G1 F3600 X45.765 Y54.234 E0.04713
G1 X45.835 Y54.164
G0 F7200 X45.643 Y54.32
G0 X44.789 Y52.848
G0 X43.91 Y50.581
G0 X43.761 Y50.581
G1 F3600 X44.249 Y50.094 E0.01147
G1 X44.249 Y49.906
G1 X43.76 Y49.417 E0.0115
G0 F7200 X43.91 Y49.417
G0 X44.278 Y51.337
G0 X44.669 Y52.623
G0 X45.301 Y53.807
G0 X46.153 Y54.847
G0 X47.193 Y55.699
G0 X48.377 Y56.331
G0 X49.663 Y56.722
G0 X51 Y56.854
G0 X52.337 Y56.722
G0 X53.494 Y56.37
G0 X55.26 Y55.41
G0 X55.26 Y55.26
G1 F3600 X56.24 Y56.24 E0.02305
G1 X56.31 Y56.31
G0 F7200 X56.09 Y56.31
G0 X52.376 Y56.773
G0 X52.287 Y56.477
;TYPE:WALL-INNER
G1 F3600 X51 Y56.599 E0.0215
G1 X49.708 Y56.476 E0.02158
G1 X48.469 Y56.097 E0.02155
G1 X47.334 Y55.494 E0.02137
G1 X46.328 Y54.666 E0.02167
G1 X45.505 Y53.661 E0.0216
G1 X44.899 Y52.53 E0.02134
G1 X44.523 Y51.288 E0.02158
G1 X44.4 Y50 E0.02152
G1 X44.523 Y48.708 E0.02158
G1 X44.899 Y47.466 E0.02158
G1 X45.505 Y46.335 E0.02134
G1 X46.326 Y45.332 E0.02156
G1 X47.335 Y44.505 E0.0217
G1 X48.471 Y43.898 E0.02142
G1 X49.708 Y43.524 E0.02149
G1 X51 Y43.396 E0.02159
G1 X52.288 Y43.524 E0.02153
G1 X53.525 Y43.898 E0.02149
G1 X54.665 Y44.508 E0.0215
G1 X55.143 Y44.9 E0.01028
G1 X56.4 Y44.9 E0.0209
G1 X56.4 Y42.313 E0.04302
G1 X56.274 Y42.101 E0.0041
G1 X43.6 Y42.1 E0.21077
G1 X43.601 Y57.899 E0.26274
G1 X56.272 Y57.9 E0.21072
G1 X56.4 Y57.683 E0.00419
G1 X56.4 Y55.1 E0.04296
G1 X55.143 Y55.1 E0.0209
G1 X54.663 Y55.494 E0.01033
G1 X53.527 Y56.097 E0.02139
G1 X52.287 Y56.477 E0.02157
G0 F7200 X52.192 Y56.084
;TYPE:WALL-OUTER
G1 F1800 X50.981 Y56.196 E0.02022
G1 X49.805 Y56.084 E0.01965
G1 X48.641 Y55.732 E0.02022
G1 X47.54 Y55.147 E0.02073
G1 X46.628 Y54.395 E0.01966
G1 X45.831 Y53.423 E0.0209
G1 X45.279 Y52.391 E0.01946
G1 X44.916 Y51.192 E0.02083
G1 X44.8 Y49.98 E0.02025
G1 X44.916 Y48.804 E0.01965
G1 X45.279 Y47.605 E0.02083
G1 X45.831 Y46.573 E0.01946
G1 X46.629 Y45.601 E0.02091
G1 X47.573 Y44.831 E0.02026
G1 X48.605 Y44.279 E0.01946
G1 X49.804 Y43.916 E0.02083
G1 X51.02 Y43.8 E0.02031
G1 X52.192 Y43.916 E0.01959
G1 X53.391 Y44.279 E0.02083
G1 X54.423 Y44.831 E0.01946
G1 X55 Y45.3 E0.01237
G1 X56.8 Y45.3 E0.02993
G1 X56.8 Y42.262 E0.05052
G1 X56.635 Y41.879 E0.00694
G1 X56.356 Y41.701 E0.0055
G1 X43.2 Y41.7 E0.21879
G1 X43.201 Y58.299 E0.27604
G1 X56.354 Y58.3 E0.21874
G1 X56.635 Y58.12 E0.00555
G1 X56.8 Y57.734 E0.00698
G1 X56.8 Y54.7 E0.05046
G1 X55 Y54.7 E0.02993
G1 X54.422 Y55.169 E0.01238
G1 X53.355 Y55.732 E0.02006
G1 X52.192 Y56.084 E0.02021
G0 F7200 X51.993 Y56.102
G0 X52.091 Y57.109
;MESH:NONMESH
G0 F600 X52.091 Y57.109 Z11.5
G0 F7200 X49.663 Y56.722
G0 X48.377 Y56.331
G0 X47.193 Y55.699
G0 X46.153 Y54.847
G0 X45.301 Y53.807
G0 X44.669 Y52.623
G0 X44.278 Y51.337
G0 X43.91 Y43.76
G0 X43.76 Y43.76
;TIME_ELAPSED:786.335008
;LAYER:112
;TYPE:FILL
;MESH:hold.stl
G1 F3600 X45.765 Y45.765 E0.04715
G1 X45.835 Y45.835
G0 F7200 X45.645 Y45.678
G0 X43.91 Y44.925
G0 X43.761 Y44.925
G1 F3600 X46.426 Y42.26 E0.06268
G1 X46.496 Y42.19
G0 F7200 X46.496 Y42.41
G0 X47.917 Y42.41
G0 X47.917 Y42.26
G1 F3600 X49.174 Y43.517 E0.02956
G1 X49.244 Y43.587
G0 F7200 X49.176 Y43.363
G0 X51.112 Y43.098
G0 X51.098 Y43.245
G1 F3600 X52.083 Y42.26 E0.02317
G1 X52.153 Y42.19
G0 F7200 X52.153 Y42.41
G0 X53.574 Y42.41
G0 X53.574 Y42.26
G1 F3600 X56.054 Y44.74 E0.05833
G0 F7200 X55.259 Y44.74
G1 F3600 X56.24 Y43.759 E0.02307
G1 X56.31 Y43.689
G0 F7200 X56.09 Y43.689
G0 X51 Y43.146
G0 X49.663 Y43.278
G0 X48.377 Y43.669
G0 X47.193 Y44.301
G0 X46.153 Y45.153
G0 X45.301 Y46.193
G0 X44.669 Y47.377
G0 X44.278 Y48.663
G0 X44.146 Y50
G0 X44.278 Y51.337
G0 X44.669 Y52.623
G0 X45.301 Y53.807
G0 X46.153 Y54.847
G0 X47.193 Y55.699
G0 X48.377 Y56.331
G0 X49.663 Y56.722
G0 X51 Y56.854
G0 X52.337 Y56.722
G0 X56.053 Y55.41
G0 X56.053 Y55.26
G1 F3600 X53.573 Y57.74 E0.05833
G1 X53.503 Y57.81
G0 F7200 X53.503 Y57.59
G0 X52.083 Y57.59
G0 X52.083 Y57.74
G1 F3600 X51.091 Y56.748 E0.02333
G1 X51.021 Y56.678
G0 F7200 X51.043 Y56.91
G0 X49.131 Y56.623
G0 X49.175 Y56.481
G1 F3600 X47.916 Y57.74 E0.02961
G1 X47.846 Y57.81
G0 F7200 X47.846 Y57.59
G0 X46.425 Y57.59
G0 X46.425 Y57.739
G1 F3600 X43.76 Y55.074 E0.06268
G1 X43.69 Y55.004
G0 F7200 X43.91 Y55.004
G0 X43.91 Y56.238
G0 X43.761 Y56.238
G1 F3600 X45.765 Y54.234 E0.04713
G1 X45.835 Y54.164
G0 F7200 X45.643 Y54.32
G0 X44.789 Y52.848
G0 X43.91 Y50.581
G0 X43.761 Y50.581
G1 F3600 X44.249 Y50.094 E0.01147
G1 X44.249 Y49.906
G1 X43.76 Y49.417 E0.0115
G0 F7200 X43.91 Y49.417
G0 X44.278 Y51.337
G0 X44.669 Y52.623
G0 X45.301 Y53.807
G0 X46.153 Y54.847
G0 X47.193 Y55.699
G0 X48.377 Y56.331
G0 X49.663 Y56.722
G0 X51 Y56.854
G0 X52.337 Y56.722
G0 X53.494 Y56.37
G0 X55.26 Y55.41
G0 X55.26 Y55.26
G1 F3600 X56.24 Y56.24 E0.02305
G1 X56.31 Y56.31
G0 F7200 X56.09 Y56.31
G0 X52.376 Y56.773
G0 X52.287 Y56.477
;TYPE:WALL-INNER
G1 F3600 X51 Y56.599 E0.0215
G1 X49.708 Y56.476 E0.02158
G1 X48.469 Y56.097 E0.02155
G1 X47.334 Y55.494 E0.02137
G1 X46.328 Y54.666 E0.02167
G1 X45.505 Y53.661 E0.0216
G1 X44.899 Y52.53 E0.02134
G1 X44.523 Y51.288 E0.02158
G1 X44.4 Y50 E0.02152
G1 X44.523 Y48.708 E0.02158
G1 X44.899 Y47.466 E0.02158
G1 X45.505 Y46.335 E0.02134
G1 X46.326 Y45.332 E0.02156
G1 X47.335 Y44.505 E0.0217
G1 X48.471 Y43.898 E0.02142
G1 X49.708 Y43.524 E0.02149
G1 X51 Y43.396 E0.02159
G1 X52.288 Y43.524 E0.02153
G1 X53.525 Y43.898 E0.02149
G1 X54.665 Y44.508 E0.0215
G1 X55.143 Y44.9 E0.01028
G1 X56.4 Y44.9 E0.0209
G1 X56.4 Y42.313 E0.04302
G1 X56.274 Y42.101 E0.0041
G1 X43.6 Y42.1 E0.21077
G1 X43.601 Y57.899 E0.26274
G1 X56.272 Y57.9 E0.21072
G1 X56.4 Y57.683 E0.00419
G1 X56.4 Y55.1 E0.04296
G1 X55.143 Y55.1 E0.0209
G1 X54.663 Y55.494 E0.01033
G1 X53.527 Y56.097 E0.02139
G1 X52.287 Y56.477 E0.02157
G0 F7200 X52.192 Y56.084
;TYPE:WALL-OUTER
G1 F1800 X50.981 Y56.196 E0.02022
G1 X49.805 Y56.084 E0.01965
G1 X48.641 Y55.732 E0.02022
G1 X47.54 Y55.147 E0.02073
G1 X46.628 Y54.395 E0.01966
G1 X45.831 Y53.423 E0.0209
G1 X45.279 Y52.391 E0.01946
G1 X44.916 Y51.192 E0.02083
G1 X44.8 Y49.98 E0.02025
G1 X44.916 Y48.804 E0.01965
G1 X45.279 Y47.605 E0.02083
G1 X45.831 Y46.573 E0.01946
G1 X46.629 Y45.601 E0.02091
G1 X47.573 Y44.831 E0.02026
G1 X48.605 Y44.279 E0.01946
G1 X49.804 Y43.916 E0.02083
G1 X51.02 Y43.8 E0.02031
G1 X52.192 Y43.916 E0.01959
G1 X53.391 Y44.279 E0.02083
G1 X54.423 Y44.831 E0.01946
G1 X55 Y45.3 E0.01237
G1 X56.8 Y45.3 E0.02993
G1 X56.8 Y42.262 E0.05052
G1 X56.635 Y41.879 E0.00694
G1 X56.356 Y41.701 E0.0055
G1 X43.2 Y41.7 E0.21879
G1 X43.201 Y58.299 E0.27604
G1 X56.354 Y58.3 E0.21874
G1 X56.635 Y58.12 E0.00555
G1 X56.8 Y57.734 E0.00698
G1 X56.8 Y54.7 E0.05046
G1 X55 Y54.7 E0.02993
G1 X54.422 Y55.169 E0.01238
G1 X53.355 Y55.732 E0.02006
G1 X52.192 Y56.084 E0.02021
G0 F7200 X51.993 Y56.102
G0 X52.091 Y57.109
;MESH:NONMESH
G0 F600 X52.091 Y57.109 Z11.6
G0 F7200 X49.663 Y56.722
G0 X48.377 Y56.331
G0 X47.193 Y55.699
G0 X46.153 Y54.847
G0 X45.301 Y53.807
G0 X44.669 Y52.623
G0 X44.278 Y51.337
G0 X43.91 Y43.76
G0 X43.76 Y43.76
;TIME_ELAPSED:792.482195
;LAYER:113
;TYPE:FILL
;MESH:hold.stl
G1 F3600 X45.765 Y45.765 E0.04715
G1 X45.835 Y45.835
G0 F7200 X45.645 Y45.678
G0 X43.91 Y44.925
G0 X43.761 Y44.925
G1 F3600 X46.426 Y42.26 E0.06268
G1 X46.496 Y42.19
G0 F7200 X46.496 Y42.41
G0 X47.917 Y42.41
G0 X47.917 Y42.26
G1 F3600 X49.174 Y43.517 E0.02956
G1 X49.244 Y43.587
G0 F7200 X49.176 Y43.363
G0 X51.112 Y43.098
G0 X51.098 Y43.245
G1 F3600 X52.083 Y42.26 E0.02317
G1 X52.153 Y42.19
G0 F7200 X52.153 Y42.41
G0 X53.574 Y42.41
G0 X53.574 Y42.26
G1 F3600 X56.054 Y44.74 E0.05833
G0 F7200 X55.259 Y44.74
G1 F3600 X56.24 Y43.759 E0.02307
G1 X56.31 Y43.689
G0 F7200 X56.09 Y43.689
G0 X51 Y43.146
G0 X49.663 Y43.278
G0 X48.377 Y43.669
G0 X47.193 Y44.301
G0 X46.153 Y45.153
G0 X45.301 Y46.193
G0 X44.669 Y47.377
G0 X44.278 Y48.663
G0 X44.146 Y50
G0 X44.278 Y51.337
G0 X44.669 Y52.623
G0 X45.301 Y53.807
G0 X46.153 Y54.847
G0 X47.193 Y55.699
G0 X48.377 Y56.331
G0 X49.663 Y56.722
G0 X51 Y56.854
G0 X52.337 Y56.722
G0 X56.053 Y55.41
G0 X56.053 Y55.26
G1 F3600 X53.573 Y57.74 E0.05833
G1 X53.503 Y57.81
G0 F7200 X53.503 Y57.59
G0 X52.083 Y57.59
G0 X52.083 Y57.74
G1 F3600 X51.091 Y56.748 E0.02333
G1 X51.021 Y56.678
G0 F7200 X51.043 Y56.91
G0 X49.131 Y56.623
G0 X49.175 Y56.481
G1 F3600 X47.916 Y57.74 E0.02961
G1 X47.846 Y57.81
G0 F7200 X47.846 Y57.59
G0 X46.425 Y57.59
G0 X46.425 Y57.739
G1 F3600 X43.76 Y55.074 E0.06268
G1 X43.69 Y55.004
G0 F7200 X43.91 Y55.004
G0 X43.91 Y56.238
G0 X43.761 Y56.238
G1 F3600 X45.765 Y54.234 E0.04713
G1 X45.835 Y54.164
G0 F7200 X45.643 Y54.32
G0 X44.789 Y52.848
G0 X43.91 Y50.581
G0 X43.761 Y50.581
G1 F3600 X44.249 Y50.094 E0.01147
G1 X44.249 Y49.906
G1 X43.76 Y49.417 E0.0115
G0 F7200 X43.91 Y49.417
G0 X44.278 Y51.337
G0 X44.669 Y52.623
G0 X45.301 Y53.807
G0 X46.153 Y54.847
G0 X47.193 Y55.699
G0 X48.377 Y56.331
G0 X49.663 Y56.722
G0 X51 Y56.854
G0 X52.337 Y56.722
G0 X53.494 Y56.37
G0 X55.26 Y55.41
G0 X55.26 Y55.26
G1 F3600 X56.24 Y56.24 E0.02305
G1 X56.31 Y56.31
G0 F7200 X56.09 Y56.31
G0 X52.376 Y56.773
G0 X52.287 Y56.477
;TYPE:WALL-INNER
G1 F3600 X51 Y56.599 E0.0215
G1 X49.708 Y56.476 E0.02158
G1 X48.469 Y56.097 E0.02155
G1 X47.334 Y55.494 E0.02137
G1 X46.328 Y54.666 E0.02167
G1 X45.505 Y53.661 E0.0216
G1 X44.899 Y52.53 E0.02134
G1 X44.523 Y51.288 E0.02158
G1 X44.4 Y50 E0.02152
G1 X44.523 Y48.708 E0.02158
G1 X44.899 Y47.466 E0.02158
G1 X45.505 Y46.335 E0.02134
G1 X46.326 Y45.332 E0.02156
G1 X47.335 Y44.505 E0.0217
G1 X48.471 Y43.898 E0.02142
G1 X49.708 Y43.524 E0.02149
G1 X51 Y43.396 E0.02159
G1 X52.288 Y43.524 E0.02153
G1 X53.525 Y43.898 E0.02149
G1 X54.665 Y44.508 E0.0215
G1 X55.143 Y44.9 E0.01028
G1 X56.4 Y44.9 E0.0209
G1 X56.4 Y42.313 E0.04302
G1 X56.274 Y42.101 E0.0041
G1 X43.6 Y42.1 E0.21077
G1 X43.601 Y57.899 E0.26274
G1 X56.272 Y57.9 E0.21072
G1 X56.4 Y57.683 E0.00419
G1 X56.4 Y55.1 E0.04296
G1 X55.143 Y55.1 E0.0209
G1 X54.663 Y55.494 E0.01033
G1 X53.527 Y56.097 E0.02139
G1 X52.287 Y56.477 E0.02157
G0 F7200 X52.192 Y56.084
;TYPE:WALL-OUTER
G1 F1800 X50.981 Y56.196 E0.02022
G1 X49.805 Y56.084 E0.01965
G1 X48.641 Y55.732 E0.02022
G1 X47.54 Y55.147 E0.02073
G1 X46.628 Y54.395 E0.01966
G1 X45.831 Y53.423 E0.0209
G1 X45.279 Y52.391 E0.01946
G1 X44.916 Y51.192 E0.02083
G1 X44.8 Y49.98 E0.02025
G1 X44.916 Y48.804 E0.01965
G1 X45.279 Y47.605 E0.02083
G1 X45.831 Y46.573 E0.01946
G1 X46.629 Y45.601 E0.02091
G1 X47.573 Y44.831 E0.02026
G1 X48.605 Y44.279 E0.01946
G1 X49.804 Y43.916 E0.02083
G1 X51.02 Y43.8 E0.02031
G1 X52.192 Y43.916 E0.01959
G1 X53.391 Y44.279 E0.02083
G1 X54.423 Y44.831 E0.01946
G1 X55 Y45.3 E0.01237
G1 X56.8 Y45.3 E0.02993
G1 X56.8 Y42.262 E0.05052
G1 X56.635 Y41.879 E0.00694
G1 X56.356 Y41.701 E0.0055
G1 X43.2 Y41.7 E0.21879
G1 X43.201 Y58.299 E0.27604
G1 X56.354 Y58.3 E0.21874
G1 X56.635 Y58.12 E0.00555
G1 X56.8 Y57.734 E0.00698
G1 X56.8 Y54.7 E0.05046
G1 X55 Y54.7 E0.02993
G1 X54.422 Y55.169 E0.01238
G1 X53.355 Y55.732 E0.02006
G1 X52.192 Y56.084 E0.02021
G0 F7200 X51.993 Y56.102
G0 X52.091 Y57.109
;MESH:NONMESH
G0 F600 X52.091 Y57.109 Z11.7
G0 F7200 X49.663 Y56.722
G0 X48.377 Y56.331
G0 X47.193 Y55.699
G0 X46.153 Y54.847
G0 X45.301 Y53.807
G0 X44.669 Y52.623
G0 X44.278 Y51.337
G0 X43.91 Y43.76
G0 X43.76 Y43.76
;TIME_ELAPSED:798.629382
;LAYER:114
;TYPE:FILL
;MESH:hold.stl
G1 F3600 X45.765 Y45.765 E0.04715
G1 X45.835 Y45.835
G0 F7200 X45.645 Y45.678
G0 X43.91 Y44.925
G0 X43.761 Y44.925
G1 F3600 X46.426 Y42.26 E0.06268
G1 X46.496 Y42.19
G0 F7200 X46.496 Y42.41
G0 X47.917 Y42.41
G0 X47.917 Y42.26
G1 F3600 X49.174 Y43.517 E0.02956
G1 X49.244 Y43.587
G0 F7200 X49.176 Y43.363
G0 X51.112 Y43.098
G0 X51.098 Y43.245
G1 F3600 X52.083 Y42.26 E0.02317
G1 X52.153 Y42.19
G0 F7200 X52.153 Y42.41
G0 X53.574 Y42.41
G0 X53.574 Y42.26
G1 F3600 X56.054 Y44.74 E0.05833
G0 F7200 X55.259 Y44.74
G1 F3600 X56.24 Y43.759 E0.02307
G1 X56.31 Y43.689
G0 F7200 X56.09 Y43.689
G0 X51 Y43.146
G0 X49.663 Y43.278
G0 X48.377 Y43.669
G0 X47.193 Y44.301
G0 X46.153 Y45.153
G0 X45.301 Y46.193
G0 X44.669 Y47.377
G0 X44.278 Y48.663
G0 X44.146 Y50
G0 X44.278 Y51.337
G0 X44.669 Y52.623
G0 X45.301 Y53.807
G0 X46.153 Y54.847
G0 X47.193 Y55.699
G0 X48.377 Y56.331
G0 X49.663 Y56.722
G0 X51 Y56.854
G0 X52.337 Y56.722
G0 X56.053 Y55.41
G0 X56.053 Y55.26
G1 F3600 X53.573 Y57.74 E0.05833
G1 X53.503 Y57.81
G0 F7200 X53.503 Y57.59
G0 X52.083 Y57.59
G0 X52.083 Y57.74
G1 F3600 X51.091 Y56.748 E0.02333
G1 X51.021 Y56.678
G0 F7200 X51.043 Y56.91
G0 X49.131 Y56.623
G0 X49.175 Y56.481
G1 F3600 X47.916 Y57.74 E0.02961
G1 X47.846 Y57.81
G0 F7200 X47.846 Y57.59
G0 X46.425 Y57.59
G0 X46.425 Y57.739
G1 F3600 X43.76 Y55.074 E0.06268
G1 X43.69 Y55.004
G0 F7200 X43.91 Y55.004
G0 X43.91 Y56.238
G0 X43.761 Y56.238
G1 F3600 X45.765 Y54.234 E0.04713
G1 X45.835 Y54.164
G0 F7200 X45.643 Y54.32
G0 X44.789 Y52.848
G0 X43.91 Y50.581
G0 X43.761 Y50.581
G1 F3600 X44.249 Y50.094 E0.01147
G1 X44.249 Y49.906
G1 X43.76 Y49.417 E0.0115
G0 F7200 X43.91 Y49.417
G0 X44.278 Y51.337
G0 X44.669 Y52.623
G0 X45.301 Y53.807
G0 X46.153 Y54.847
G0 X47.193 Y55.699
G0 X48.377 Y56.331
G0 X49.663 Y56.722
G0 X51 Y56.854
G0 X52.337 Y56.722
G0 X53.494 Y56.37
G0 X55.26 Y55.41
G0 X55.26 Y55.26
G1 F3600 X56.24 Y56.24 E0.02305
G1 X56.31 Y56.31
G0 F7200 X56.09 Y56.31
G0 X52.376 Y56.773
G0 X52.287 Y56.477
;TYPE:WALL-INNER
G1 F3600 X51 Y56.599 E0.0215
G1 X49.708 Y56.476 E0.02158
G1 X48.469 Y56.097 E0.02155
G1 X47.334 Y55.494 E0.02137
G1 X46.328 Y54.666 E0.02167
G1 X45.505 Y53.661 E0.0216
G1 X44.899 Y52.53 E0.02134
G1 X44.523 Y51.288 E0.02158
G1 X44.4 Y50 E0.02152
G1 X44.523 Y48.708 E0.02158
G1 X44.899 Y47.466 E0.02158
G1 X45.505 Y46.335 E0.02134
G1 X46.326 Y45.332 E0.02156
G1 X47.335 Y44.505 E0.0217
G1 X48.471 Y43.898 E0.02142
G1 X49.708 Y43.524 E0.02149
G1 X51 Y43.396 E0.02159
G1 X52.288 Y43.524 E0.02153
G1 X53.525 Y43.898 E0.02149
G1 X54.665 Y44.508 E0.0215
G1 X55.143 Y44.9 E0.01028
G1 X56.4 Y44.9 E0.0209
G1 X56.4 Y42.313 E0.04302
G1 X56.274 Y42.101 E0.0041
G1 X43.6 Y42.1 E0.21077
G1 X43.601 Y57.899 E0.26274
G1 X56.272 Y57.9 E0.21072
G1 X56.4 Y57.683 E0.00419
G1 X56.4 Y55.1 E0.04296
G1 X55.143 Y55.1 E0.0209
G1 X54.663 Y55.494 E0.01033
G1 X53.527 Y56.097 E0.02139
G1 X52.287 Y56.477 E0.02157
G0 F7200 X52.192 Y56.084
;TYPE:WALL-OUTER
G1 F1800 X50.981 Y56.196 E0.02022
G1 X49.805 Y56.084 E0.01965
G1 X48.641 Y55.732 E0.02022
G1 X47.54 Y55.147 E0.02073
G1 X46.628 Y54.395 E0.01966
G1 X45.831 Y53.423 E0.0209
G1 X45.279 Y52.391 E0.01946
G1 X44.916 Y51.192 E0.02083
G1 X44.8 Y49.98 E0.02025
G1 X44.916 Y48.804 E0.01965
G1 X45.279 Y47.605 E0.02083
G1 X45.831 Y46.573 E0.01946
G1 X46.629 Y45.601 E0.02091
G1 X47.573 Y44.831 E0.02026
G1 X48.605 Y44.279 E0.01946
G1 X49.804 Y43.916 E0.02083
G1 X51.02 Y43.8 E0.02031
G1 X52.192 Y43.916 E0.01959
G1 X53.391 Y44.279 E0.02083
G1 X54.423 Y44.831 E0.01946
G1 X55 Y45.3 E0.01237
G1 X56.8 Y45.3 E0.02993
G1 X56.8 Y42.262 E0.05052
G1 X56.635 Y41.879 E0.00694
G1 X56.356 Y41.701 E0.0055
G1 X43.2 Y41.7 E0.21879
G1 X43.201 Y58.299 E0.27604
G1 X56.354 Y58.3 E0.21874
G1 X56.635 Y58.12 E0.00555
G1 X56.8 Y57.734 E0.00698
G1 X56.8 Y54.7 E0.05046
G1 X55 Y54.7 E0.02993
G1 X54.422 Y55.169 E0.01238
G1 X53.355 Y55.732 E0.02006
G1 X52.192 Y56.084 E0.02021
G0 F7200 X51.993 Y56.102
G0 X52.091 Y57.109
;MESH:NONMESH
G0 F600 X52.091 Y57.109 Z11.8
G0 F7200 X49.663 Y56.722
G0 X48.377 Y56.331
G0 X47.193 Y55.699
G0 X46.153 Y54.847
G0 X45.301 Y53.807
G0 X44.669 Y52.623
G0 X44.278 Y51.337
G0 X43.91 Y43.76
G0 X43.76 Y43.76
;TIME_ELAPSED:804.776569
;LAYER:115
;TYPE:FILL
;MESH:hold.stl
G1 F3600 X45.765 Y45.765 E0.04715
G1 X45.835 Y45.835
G0 F7200 X45.645 Y45.678
G0 X43.91 Y44.925
G0 X43.761 Y44.925
G1 F3600 X46.426 Y42.26 E0.06268
G1 X46.496 Y42.19
G0 F7200 X46.496 Y42.41
G0 X47.917 Y42.41
G0 X47.917 Y42.26
G1 F3600 X49.174 Y43.517 E0.02956
G1 X49.244 Y43.587
G0 F7200 X49.176 Y43.363
G0 X51.112 Y43.098
G0 X51.098 Y43.245
G1 F3600 X52.083 Y42.26 E0.02317
G1 X52.153 Y42.19
G0 F7200 X52.153 Y42.41
G0 X53.574 Y42.41
G0 X53.574 Y42.26
G1 F3600 X56.054 Y44.74 E0.05833
G0 F7200 X55.259 Y44.74
G1 F3600 X56.24 Y43.759 E0.02307
G1 X56.31 Y43.689
G0 F7200 X56.09 Y43.689
G0 X51 Y43.146
G0 X49.663 Y43.278
G0 X48.377 Y43.669
G0 X47.193 Y44.301
G0 X46.153 Y45.153
G0 X45.301 Y46.193
G0 X44.669 Y47.377
G0 X44.278 Y48.663
G0 X44.146 Y50
G0 X44.278 Y51.337
G0 X44.669 Y52.623
G0 X45.301 Y53.807
G0 X46.153 Y54.847
G0 X47.193 Y55.699
G0 X48.377 Y56.331
G0 X49.663 Y56.722
G0 X51 Y56.854
G0 X52.337 Y56.722
G0 X56.053 Y55.41
G0 X56.053 Y55.26
G1 F3600 X53.573 Y57.74 E0.05833
G1 X53.503 Y57.81
G0 F7200 X53.503 Y57.59
G0 X52.083 Y57.59
G0 X52.083 Y57.74
G1 F3600 X51.091 Y56.748 E0.02333
G1 X51.021 Y56.678
G0 F7200 X51.043 Y56.91
G0 X49.131 Y56.623
G0 X49.175 Y56.481
G1 F3600 X47.916 Y57.74 E0.02961
G1 X47.846 Y57.81
G0 F7200 X47.846 Y57.59
G0 X46.425 Y57.59
G0 X46.425 Y57.739
G1 F3600 X43.76 Y55.074 E0.06268
G1 X43.69 Y55.004
G0 F7200 X43.91 Y55.004
G0 X43.91 Y56.238
G0 X43.761 Y56.238
G1 F3600 X45.765 Y54.234 E0.04713
G1 X45.835 Y54.164
G0 F7200 X45.643 Y54.32
G0 X44.789 Y52.848
G0 X43.91 Y50.581
G0 X43.761 Y50.581
G1 F3600 X44.249 Y50.094 E0.01147
G1 X44.249 Y49.906
G1 X43.76 Y49.417 E0.0115
G0 F7200 X43.91 Y49.417
G0 X44.278 Y51.337
G0 X44.669 Y52.623
G0 X45.301 Y53.807
G0 X46.153 Y54.847
G0 X47.193 Y55.699
G0 X48.377 Y56.331
G0 X49.663 Y56.722
G0 X51 Y56.854
G0 X52.337 Y56.722
G0 X53.494 Y56.37
G0 X55.26 Y55.41
G0 X55.26 Y55.26
G1 F3600 X56.24 Y56.24 E0.02305
G1 X56.31 Y56.31
G0 F7200 X56.09 Y56.31
G0 X52.376 Y56.773
G0 X52.287 Y56.477
;TYPE:WALL-INNER
G1 F3600 X51 Y56.599 E0.0215
G1 X49.708 Y56.476 E0.02158
G1 X48.469 Y56.097 E0.02155
G1 X47.334 Y55.494 E0.02137
G1 X46.328 Y54.666 E0.02167
G1 X45.505 Y53.661 E0.0216
G1 X44.899 Y52.53 E0.02134
G1 X44.523 Y51.288 E0.02158
G1 X44.4 Y50 E0.02152
G1 X44.523 Y48.708 E0.02158
G1 X44.899 Y47.466 E0.02158
G1 X45.505 Y46.335 E0.02134
G1 X46.326 Y45.332 E0.02156
G1 X47.335 Y44.505 E0.0217
G1 X48.471 Y43.898 E0.02142
G1 X49.708 Y43.524 E0.02149
G1 X51 Y43.396 E0.02159
G1 X52.288 Y43.524 E0.02153
G1 X53.525 Y43.898 E0.02149
G1 X54.665 Y44.508 E0.0215
G1 X55.143 Y44.9 E0.01028
G1 X56.4 Y44.9 E0.0209
G1 X56.4 Y42.313 E0.04302
G1 X56.274 Y42.101 E0.0041
G1 X43.6 Y42.1 E0.21077
G1 X43.601 Y57.899 E0.26274
G1 X56.272 Y57.9 E0.21072
G1 X56.4 Y57.683 E0.00419
G1 X56.4 Y55.1 E0.04296
G1 X55.143 Y55.1 E0.0209
G1 X54.663 Y55.494 E0.01033
G1 X53.527 Y56.097 E0.02139
G1 X52.287 Y56.477 E0.02157
G0 F7200 X52.192 Y56.084
;TYPE:WALL-OUTER
G1 F1800 X50.981 Y56.196 E0.02022
G1 X49.805 Y56.084 E0.01965
G1 X48.641 Y55.732 E0.02022
G1 X47.54 Y55.147 E0.02073
G1 X46.628 Y54.395 E0.01966
G1 X45.831 Y53.423 E0.0209
G1 X45.279 Y52.391 E0.01946
G1 X44.916 Y51.192 E0.02083
G1 X44.8 Y49.98 E0.02025
G1 X44.916 Y48.804 E0.01965
G1 X45.279 Y47.605 E0.02083
G1 X45.831 Y46.573 E0.01946
G1 X46.629 Y45.601 E0.02091
G1 X47.573 Y44.831 E0.02026
G1 X48.605 Y44.279 E0.01946
G1 X49.804 Y43.916 E0.02083
G1 X51.02 Y43.8 E0.02031
G1 X52.192 Y43.916 E0.01959
G1 X53.391 Y44.279 E0.02083
G1 X54.423 Y44.831 E0.01946
G1 X55 Y45.3 E0.01237
G1 X56.8 Y45.3 E0.02993
G1 X56.8 Y42.262 E0.05052
G1 X56.635 Y41.879 E0.00694
G1 X56.356 Y41.701 E0.0055
G1 X43.2 Y41.7 E0.21879
G1 X43.201 Y58.299 E0.27604
G1 X56.354 Y58.3 E0.21874
G1 X56.635 Y58.12 E0.00555
G1 X56.8 Y57.734 E0.00698
G1 X56.8 Y54.7 E0.05046
G1 X55 Y54.7 E0.02993
G1 X54.422 Y55.169 E0.01238
G1 X53.355 Y55.732 E0.02006
G1 X52.192 Y56.084 E0.02021
G0 F7200 X51.993 Y56.102
G0 X52.091 Y57.109
;MESH:NONMESH
G0 F600 X52.091 Y57.109 Z11.9
G0 F7200 X49.663 Y56.722
G0 X48.377 Y56.331
G0 X47.193 Y55.699
G0 X46.153 Y54.847
G0 X45.301 Y53.807
G0 X44.669 Y52.623
G0 X44.278 Y51.337
G0 X43.91 Y43.76
G0 X43.76 Y43.76
;TIME_ELAPSED:810.923756
;LAYER:116
;TYPE:FILL
;MESH:hold.stl
G1 F3600 X45.765 Y45.765 E0.04715
G1 X45.835 Y45.835
G0 F7200 X45.645 Y45.678
G0 X43.91 Y44.925
G0 X43.761 Y44.925
G1 F3600 X46.426 Y42.26 E0.06268
G1 X46.496 Y42.19
G0 F7200 X46.496 Y42.41
G0 X47.917 Y42.41
G0 X47.917 Y42.26
G1 F3600 X49.174 Y43.517 E0.02956
G1 X49.244 Y43.587
G0 F7200 X49.176 Y43.363
G0 X51.112 Y43.098
G0 X51.098 Y43.245
G1 F3600 X52.083 Y42.26 E0.02317
G1 X52.153 Y42.19
G0 F7200 X52.153 Y42.41
G0 X53.574 Y42.41
G0 X53.574 Y42.26
G1 F3600 X56.054 Y44.74 E0.05833
G0 F7200 X55.259 Y44.74
G1 F3600 X56.24 Y43.759 E0.02307
G1 X56.31 Y43.689
G0 F7200 X56.09 Y43.689
G0 X51 Y43.146
G0 X49.663 Y43.278
G0 X48.377 Y43.669
G0 X47.193 Y44.301
G0 X46.153 Y45.153
G0 X45.301 Y46.193
G0 X44.669 Y47.377
G0 X44.278 Y48.663
G0 X44.146 Y50
G0 X44.278 Y51.337
G0 X44.669 Y52.623
G0 X45.301 Y53.807
G0 X46.153 Y54.847
G0 X47.193 Y55.699
G0 X48.377 Y56.331
G0 X49.663 Y56.722
G0 X51 Y56.854
G0 X52.337 Y56.722
G0 X56.053 Y55.41
G0 X56.053 Y55.26
G1 F3600 X53.573 Y57.74 E0.05833
G1 X53.503 Y57.81
G0 F7200 X53.503 Y57.59
G0 X52.083 Y57.59
G0 X52.083 Y57.74
G1 F3600 X51.091 Y56.748 E0.02333
G1 X51.021 Y56.678
G0 F7200 X51.043 Y56.91
G0 X49.131 Y56.623
G0 X49.175 Y56.481
G1 F3600 X47.916 Y57.74 E0.02961
G1 X47.846 Y57.81
G0 F7200 X47.846 Y57.59
G0 X46.425 Y57.59
G0 X46.425 Y57.739
G1 F3600 X43.76 Y55.074 E0.06268
G1 X43.69 Y55.004
G0 F7200 X43.91 Y55.004
G0 X43.91 Y56.238
G0 X43.761 Y56.238
G1 F3600 X45.765 Y54.234 E0.04713
G1 X45.835 Y54.164
G0 F7200 X45.643 Y54.32
G0 X44.789 Y52.848
G0 X43.91 Y50.581
G0 X43.761 Y50.581
G1 F3600 X44.249 Y50.094 E0.01147
G1 X44.249 Y49.906
G1 X43.76 Y49.417 E0.0115
G0 F7200 X43.91 Y49.417
G0 X44.278 Y51.337
G0 X44.669 Y52.623
G0 X45.301 Y53.807
G0 X46.153 Y54.847
G0 X47.193 Y55.699
G0 X48.377 Y56.331
G0 X49.663 Y56.722
G0 X51 Y56.854
G0 X52.337 Y56.722
G0 X53.494 Y56.37
G0 X55.26 Y55.41
G0 X55.26 Y55.26
G1 F3600 X56.24 Y56.24 E0.02305
G1 X56.31 Y56.31
G0 F7200 X56.09 Y56.31
G0 X52.376 Y56.773
G0 X52.287 Y56.477
;TYPE:WALL-INNER
G1 F3600 X51 Y56.599 E0.0215
G1 X49.708 Y56.476 E0.02158
G1 X48.469 Y56.097 E0.02155
G1 X47.334 Y55.494 E0.02137
G1 X46.328 Y54.666 E0.02167
G1 X45.505 Y53.661 E0.0216
G1 X44.899 Y52.53 E0.02134
G1 X44.523 Y51.288 E0.02158
G1 X44.4 Y50 E0.02152
G1 X44.523 Y48.708 E0.02158
G1 X44.899 Y47.466 E0.02158
G1 X45.505 Y46.335 E0.02134
G1 X46.326 Y45.332 E0.02156
G1 X47.335 Y44.505 E0.0217
G1 X48.471 Y43.898 E0.02142
G1 X49.708 Y43.524 E0.02149
G1 X51 Y43.396 E0.02159
G1 X52.288 Y43.524 E0.02153
G1 X53.525 Y43.898 E0.02149
G1 X54.665 Y44.508 E0.0215
G1 X55.143 Y44.9 E0.01028
G1 X56.4 Y44.9 E0.0209
G1 X56.4 Y42.313 E0.04302
G1 X56.274 Y42.101 E0.0041
G1 X43.6 Y42.1 E0.21077
G1 X43.601 Y57.899 E0.26274
G1 X56.272 Y57.9 E0.21072
G1 X56.4 Y57.683 E0.00419
G1 X56.4 Y55.1 E0.04296
G1 X55.143 Y55.1 E0.0209
G1 X54.663 Y55.494 E0.01033
G1 X53.527 Y56.097 E0.02139
G1 X52.287 Y56.477 E0.02157
G0 F7200 X52.192 Y56.084
;TYPE:WALL-OUTER
G1 F1800 X50.981 Y56.196 E0.02022
G1 X49.805 Y56.084 E0.01965
G1 X48.641 Y55.732 E0.02022
G1 X47.54 Y55.147 E0.02073
G1 X46.628 Y54.395 E0.01966
G1 X45.831 Y53.423 E0.0209
G1 X45.279 Y52.391 E0.01946
G1 X44.916 Y51.192 E0.02083
G1 X44.8 Y49.98 E0.02025
G1 X44.916 Y48.804 E0.01965
G1 X45.279 Y47.605 E0.02083
G1 X45.831 Y46.573 E0.01946
G1 X46.629 Y45.601 E0.02091
G1 X47.573 Y44.831 E0.02026
G1 X48.605 Y44.279 E0.01946
G1 X49.804 Y43.916 E0.02083
G1 X51.02 Y43.8 E0.02031
G1 X52.192 Y43.916 E0.01959
G1 X53.391 Y44.279 E0.02083
G1 X54.423 Y44.831 E0.01946
G1 X55 Y45.3 E0.01237
G1 X56.8 Y45.3 E0.02993
G1 X56.8 Y42.262 E0.05052
G1 X56.635 Y41.879 E0.00694
G1 X56.356 Y41.701 E0.0055
G1 X43.2 Y41.7 E0.21879
G1 X43.201 Y58.299 E0.27604
G1 X56.354 Y58.3 E0.21874
G1 X56.635 Y58.12 E0.00555
G1 X56.8 Y57.734 E0.00698
G1 X56.8 Y54.7 E0.05046
G1 X55 Y54.7 E0.02993
G1 X54.422 Y55.169 E0.01238
G1 X53.355 Y55.732 E0.02006
G1 X52.192 Y56.084 E0.02021
G0 F7200 X51.993 Y56.102
G0 X52.091 Y57.109
;MESH:NONMESH
G0 F600 X52.091 Y57.109 Z12
G0 F7200 X49.663 Y56.722
G0 X48.377 Y56.331
G0 X47.193 Y55.699
G0 X46.153 Y54.847
G0 X45.301 Y53.807
G0 X44.669 Y52.623
G0 X44.278 Y51.337
G0 X43.91 Y43.76
G0 X43.76 Y43.76
;TIME_ELAPSED:817.070943
;LAYER:117
;TYPE:FILL
;MESH:hold.stl
G1 F3600 X45.765 Y45.765 E0.04715
G1 X45.835 Y45.835
G0 F7200 X45.645 Y45.678
G0 X43.91 Y44.925
G0 X43.761 Y44.925
G1 F3600 X46.426 Y42.26 E0.06268
G1 X46.496 Y42.19
G0 F7200 X46.496 Y42.41
G0 X47.917 Y42.41
G0 X47.917 Y42.26
G1 F3600 X49.174 Y43.517 E0.02956
G1 X49.244 Y43.587
G0 F7200 X49.176 Y43.363
G0 X51.112 Y43.098
G0 X51.098 Y43.245
G1 F3600 X52.083 Y42.26 E0.02317
G1 X52.153 Y42.19
G0 F7200 X52.153 Y42.41
G0 X53.574 Y42.41
G0 X53.574 Y42.26
G1 F3600 X56.054 Y44.74 E0.05833
G0 F7200 X55.259 Y44.74
G1 F3600 X56.24 Y43.759 E0.02307
G1 X56.31 Y43.689
G0 F7200 X56.09 Y43.689
G0 X51 Y43.146
G0 X49.663 Y43.278
G0 X48.377 Y43.669
G0 X47.193 Y44.301
G0 X46.153 Y45.153
G0 X45.301 Y46.193
G0 X44.669 Y47.377
G0 X44.278 Y48.663
G0 X44.146 Y50
G0 X44.278 Y51.337
G0 X44.669 Y52.623
G0 X45.301 Y53.807
G0 X46.153 Y54.847
G0 X47.193 Y55.699
G0 X48.377 Y56.331
G0 X49.663 Y56.722
G0 X51 Y56.854
G0 X52.337 Y56.722
G0 X56.053 Y55.41
G0 X56.053 Y55.26
G1 F3600 X53.573 Y57.74 E0.05833
G1 X53.503 Y57.81
G0 F7200 X53.503 Y57.59
G0 X52.083 Y57.59
G0 X52.083 Y57.74
G1 F3600 X51.091 Y56.748 E0.02333
G1 X51.021 Y56.678
G0 F7200 X51.043 Y56.91
G0 X49.131 Y56.623
G0 X49.175 Y56.481
G1 F3600 X47.916 Y57.74 E0.02961
G1 X47.846 Y57.81
G0 F7200 X47.846 Y57.59
G0 X46.425 Y57.59
G0 X46.425 Y57.739
G1 F3600 X43.76 Y55.074 E0.06268
G1 X43.69 Y55.004
G0 F7200 X43.91 Y55.004
G0 X43.91 Y56.238
G0 X43.761 Y56.238
G1 F3600 X45.765 Y54.234 E0.04713
G1 X45.835 Y54.164
G0 F7200 X45.643 Y54.32
G0 X44.789 Y52.848
G0 X43.91 Y50.581
G0 X43.761 Y50.581
G1 F3600 X44.249 Y50.094 E0.01147
G1 X44.249 Y49.906
G1 X43.76 Y49.417 E0.0115
G0 F7200 X43.91 Y49.417
G0 X44.278 Y51.337
G0 X44.669 Y52.623
G0 X45.301 Y53.807
G0 X46.153 Y54.847
G0 X47.193 Y55.699
G0 X48.377 Y56.331
G0 X49.663 Y56.722
G0 X51 Y56.854
G0 X52.337 Y56.722
G0 X53.494 Y56.37
G0 X55.26 Y55.41
G0 X55.26 Y55.26
G1 F3600 X56.24 Y56.24 E0.02305
G1 X56.31 Y56.31
G0 F7200 X56.09 Y56.31
G0 X52.376 Y56.773
G0 X52.287 Y56.477
;TYPE:WALL-INNER
G1 F3600 X51 Y56.599 E0.0215
G1 X49.708 Y56.476 E0.02158
G1 X48.469 Y56.097 E0.02155
G1 X47.334 Y55.494 E0.02137
G1 X46.328 Y54.666 E0.02167
G1 X45.505 Y53.661 E0.0216
G1 X44.899 Y52.53 E0.02134
G1 X44.523 Y51.288 E0.02158
G1 X44.4 Y50 E0.02152
G1 X44.523 Y48.708 E0.02158
G1 X44.899 Y47.466 E0.02158
G1 X45.505 Y46.335 E0.02134
G1 X46.326 Y45.332 E0.02156
G1 X47.335 Y44.505 E0.0217
G1 X48.471 Y43.898 E0.02142
G1 X49.708 Y43.524 E0.02149
G1 X51 Y43.396 E0.02159
G1 X52.288 Y43.524 E0.02153
G1 X53.525 Y43.898 E0.02149
G1 X54.665 Y44.508 E0.0215
G1 X55.143 Y44.9 E0.01028
G1 X56.4 Y44.9 E0.0209
G1 X56.4 Y42.313 E0.04302
G1 X56.274 Y42.101 E0.0041
G1 X43.6 Y42.1 E0.21077
G1 X43.601 Y57.899 E0.26274
G1 X56.272 Y57.9 E0.21072
G1 X56.4 Y57.683 E0.00419
G1 X56.4 Y55.1 E0.04296
G1 X55.143 Y55.1 E0.0209
G1 X54.663 Y55.494 E0.01033
G1 X53.527 Y56.097 E0.02139
G1 X52.287 Y56.477 E0.02157
G0 F7200 X52.192 Y56.084
;TYPE:WALL-OUTER
G1 F1800 X50.981 Y56.196 E0.02022
G1 X49.805 Y56.084 E0.01965
G1 X48.641 Y55.732 E0.02022
G1 X47.54 Y55.147 E0.02073
G1 X46.628 Y54.395 E0.01966
G1 X45.831 Y53.423 E0.0209
G1 X45.279 Y52.391 E0.01946
G1 X44.916 Y51.192 E0.02083
G1 X44.8 Y49.98 E0.02025
G1 X44.916 Y48.804 E0.01965
G1 X45.279 Y47.605 E0.02083
G1 X45.831 Y46.573 E0.01946
G1 X46.629 Y45.601 E0.02091
G1 X47.573 Y44.831 E0.02026
G1 X48.605 Y44.279 E0.01946
G1 X49.804 Y43.916 E0.02083
G1 X51.02 Y43.8 E0.02031
G1 X52.192 Y43.916 E0.01959
G1 X53.391 Y44.279 E0.02083
G1 X54.423 Y44.831 E0.01946
G1 X55 Y45.3 E0.01237
G1 X56.8 Y45.3 E0.02993
G1 X56.8 Y42.262 E0.05052
G1 X56.635 Y41.879 E0.00694
G1 X56.356 Y41.701 E0.0055
G1 X43.2 Y41.7 E0.21879
G1 X43.201 Y58.299 E0.27604
G1 X56.354 Y58.3 E0.21874
G1 X56.635 Y58.12 E0.00555
G1 X56.8 Y57.734 E0.00698
G1 X56.8 Y54.7 E0.05046
G1 X55 Y54.7 E0.02993
G1 X54.422 Y55.169 E0.01238
G1 X53.355 Y55.732 E0.02006
G1 X52.192 Y56.084 E0.02021
G0 F7200 X51.993 Y56.102
G0 X52.091 Y57.109
;MESH:NONMESH
G0 F600 X52.091 Y57.109 Z12.1
G0 F7200 X49.663 Y56.722
G0 X48.377 Y56.331
G0 X47.193 Y55.699
G0 X46.153 Y54.847
G0 X45.301 Y53.807
G0 X44.669 Y52.623
G0 X44.278 Y51.337
G0 X43.91 Y43.76
G0 X43.76 Y43.76
;TIME_ELAPSED:823.218129
;LAYER:118
;TYPE:FILL
;MESH:hold.stl
G1 F3600 X45.765 Y45.765 E0.04715
G1 X45.835 Y45.835
G0 F7200 X45.645 Y45.678
G0 X43.91 Y44.925
G0 X43.761 Y44.925
G1 F3600 X46.426 Y42.26 E0.06268
G1 X46.496 Y42.19
G0 F7200 X46.496 Y42.41
G0 X47.917 Y42.41
G0 X47.917 Y42.26
G1 F3600 X49.174 Y43.517 E0.02956
G1 X49.244 Y43.587
G0 F7200 X49.176 Y43.363
G0 X51.112 Y43.098
G0 X51.098 Y43.245
G1 F3600 X52.083 Y42.26 E0.02317
G1 X52.153 Y42.19
G0 F7200 X52.153 Y42.41
G0 X53.574 Y42.41
G0 X53.574 Y42.26
G1 F3600 X56.054 Y44.74 E0.05833
G0 F7200 X55.259 Y44.74
G1 F3600 X56.24 Y43.759 E0.02307
G1 X56.31 Y43.689
G0 F7200 X56.09 Y43.689
G0 X51 Y43.146
G0 X49.663 Y43.278
G0 X48.377 Y43.669
G0 X47.193 Y44.301
G0 X46.153 Y45.153
G0 X45.301 Y46.193
G0 X44.669 Y47.377
G0 X44.278 Y48.663
G0 X44.146 Y50
G0 X44.278 Y51.337
G0 X44.669 Y52.623
G0 X45.301 Y53.807
G0 X46.153 Y54.847
G0 X47.193 Y55.699
G0 X48.377 Y56.331
G0 X49.663 Y56.722
G0 X51 Y56.854
G0 X52.337 Y56.722
G0 X56.053 Y55.41
G0 X56.053 Y55.26
G1 F3600 X53.573 Y57.74 E0.05833
G1 X53.503 Y57.81
G0 F7200 X53.503 Y57.59
G0 X52.083 Y57.59
G0 X52.083 Y57.74
G1 F3600 X51.091 Y56.748 E0.02333
G1 X51.021 Y56.678
G0 F7200 X51.043 Y56.91
G0 X49.131 Y56.623
G0 X49.175 Y56.481
G1 F3600 X47.916 Y57.74 E0.02961
G1 X47.846 Y57.81
G0 F7200 X47.846 Y57.59
G0 X46.425 Y57.59
G0 X46.425 Y57.739
G1 F3600 X43.76 Y55.074 E0.06268
G1 X43.69 Y55.004
G0 F7200 X43.91 Y55.004
G0 X43.91 Y56.238
G0 X43.761 Y56.238
G1 F3600 X45.765 Y54.234 E0.04713
G1 X45.835 Y54.164
G0 F7200 X45.643 Y54.32
G0 X44.789 Y52.848
G0 X43.91 Y50.581
G0 X43.761 Y50.581
G1 F3600 X43.841 Y50.502 E0.00187
G0 F7200 X43.91 Y50.502
G0 X43.91 Y49.497
G0 X43.841 Y49.497
G1 F3600 X43.76 Y49.417 E0.00189
G0 F7200 X43.91 Y49.417
G0 X44.278 Y51.337
G0 X44.669 Y52.623
G0 X45.301 Y53.807
G0 X46.153 Y54.847
G0 X47.193 Y55.699
G0 X48.377 Y56.331
G0 X49.663 Y56.722
G0 X51 Y56.854
G0 X52.337 Y56.722
G0 X53.494 Y56.37
G0 X55.26 Y55.41
G0 X55.26 Y55.26
G1 F3600 X56.24 Y56.24 E0.02305
G1 X56.31 Y56.31
G0 F7200 X56.09 Y56.31
G0 X52.376 Y56.773
G0 X52.287 Y56.477
;TYPE:WALL-INNER
G1 F3600 X51 Y56.599 E0.0215
G1 X49.708 Y56.476 E0.02158
G1 X48.469 Y56.097 E0.02155
G1 X47.334 Y55.494 E0.02137
G1 X46.328 Y54.666 E0.02167
G1 X45.505 Y53.661 E0.0216
G1 X44.899 Y52.53 E0.02134
G1 X44.523 Y51.288 E0.02158
G1 X44.4 Y50 E0.02152
G1 X44.523 Y48.708 E0.02158
G1 X44.899 Y47.466 E0.02158
G1 X45.505 Y46.335 E0.02134
G1 X46.326 Y45.332 E0.02156
G1 X47.335 Y44.505 E0.0217
G1 X48.471 Y43.898 E0.02142
G1 X49.708 Y43.524 E0.02149
G1 X51 Y43.396 E0.02159
G1 X52.288 Y43.524 E0.02153
G1 X53.525 Y43.898 E0.02149
G1 X54.665 Y44.508 E0.0215
G1 X55.143 Y44.9 E0.01028
G1 X56.4 Y44.9 E0.0209
G1 X56.4 Y42.313 E0.04302
G1 X56.274 Y42.101 E0.0041
G1 X43.6 Y42.1 E0.21077
G1 X43.601 Y57.899 E0.26274
G1 X56.272 Y57.9 E0.21072
G1 X56.4 Y57.683 E0.00419
G1 X56.4 Y55.1 E0.04296
G1 X55.143 Y55.1 E0.0209
G1 X54.663 Y55.494 E0.01033
G1 X53.527 Y56.097 E0.02139
G1 X52.287 Y56.477 E0.02157
G0 F7200 X52.192 Y56.084
;TYPE:WALL-OUTER
G1 F1800 X50.981 Y56.196 E0.02022
G1 X49.805 Y56.084 E0.01965
G1 X48.641 Y55.732 E0.02022
G1 X47.54 Y55.147 E0.02073
G1 X46.628 Y54.395 E0.01966
G1 X45.831 Y53.423 E0.0209
G1 X45.279 Y52.391 E0.01946
G1 X44.916 Y51.192 E0.02083
G1 X44.8 Y49.98 E0.02025
G1 X44.916 Y48.804 E0.01965
G1 X45.279 Y47.605 E0.02083
G1 X45.831 Y46.573 E0.01946
G1 X46.629 Y45.601 E0.02091
G1 X47.573 Y44.831 E0.02026
G1 X48.605 Y44.279 E0.01946
G1 X49.804 Y43.916 E0.02083
G1 X51.02 Y43.8 E0.02031
G1 X52.192 Y43.916 E0.01959
G1 X53.391 Y44.279 E0.02083
G1 X54.423 Y44.831 E0.01946
G1 X55 Y45.3 E0.01237
G1 X56.8 Y45.3 E0.02993
G1 X56.8 Y42.262 E0.05052
G1 X56.635 Y41.879 E0.00694
G1 X56.356 Y41.701 E0.0055
G1 X43.2 Y41.7 E0.21879
G1 X43.201 Y58.299 E0.27604
G1 X56.354 Y58.3 E0.21874
G1 X56.635 Y58.12 E0.00555
G1 X56.8 Y57.734 E0.00698
G1 X56.8 Y54.7 E0.05046
G1 X55 Y54.7 E0.02993
G1 X54.422 Y55.169 E0.01238
G1 X53.355 Y55.732 E0.02006
G1 X52.192 Y56.084 E0.02021
G0 F7200 X51.993 Y56.102
G0 X52.061 Y56.81
G0 X51 Y56.854
G0 X49.663 Y56.722
G0 X48.377 Y56.331
G0 X47.193 Y55.699
G0 X46.153 Y54.847
G0 X45.301 Y53.807
G0 X44.669 Y52.623
G0 X44.278 Y51.337
G0 X44.117 Y48.257
;TYPE:SKIN
G1 F1152 X44.068 Y48.584 E0.00859
G1 F1414.5 X44 Y49.98 E0.02958
G1 F1420.1 X44.066 Y51.361 E0.02914
G1 F1150.2 X44.12 Y51.736 E0.00986
G0 F7200 X44.21 Y51.762
;MESH:NONMESH
G0 F600 X44.21 Y51.762 Z12.2
G0 F7200 X43.91 Y43.76
G0 X43.76 Y43.76
;TIME_ELAPSED:829.576889
;LAYER:119
;TYPE:FILL
;MESH:hold.stl
G1 F3600 X45.765 Y45.765 E0.04715
G1 X45.835 Y45.835
G0 F7200 X45.645 Y45.678
G0 X43.91 Y44.925
G0 X43.761 Y44.925
G1 F3600 X46.426 Y42.26 E0.06268
G1 X46.496 Y42.19
G0 F7200 X46.496 Y42.41
G0 X47.917 Y42.41
G0 X47.917 Y42.26
G1 F3600 X49.174 Y43.517 E0.02956
G1 X49.244 Y43.587
G0 F7200 X49.176 Y43.363
G0 X51.112 Y43.098
G0 X51.098 Y43.245
G1 F3600 X52.083 Y42.26 E0.02317
G1 X52.153 Y42.19
G0 F7200 X52.153 Y42.41
G0 X53.574 Y42.41
G0 X53.574 Y42.26
G1 F3600 X56.054 Y44.74 E0.05833
G0 F7200 X55.259 Y44.74
G1 F3600 X56.24 Y43.759 E0.02307
G1 X56.31 Y43.689
G0 F7200 X56.09 Y43.689
G0 X51 Y43.146
G0 X49.663 Y43.278
G0 X48.377 Y43.669
G0 X47.193 Y44.301
G0 X46.153 Y45.153
G0 X45.301 Y46.193
G0 X44.669 Y47.377
G0 X44.278 Y48.663
G0 X44.146 Y50
G0 X44.278 Y51.337
G0 X44.669 Y52.623
G0 X45.301 Y53.807
G0 X46.153 Y54.847
G0 X47.193 Y55.699
G0 X48.377 Y56.331
G0 X49.663 Y56.722
G0 X51 Y56.854
G0 X52.337 Y56.722
G0 X56.053 Y55.41
G0 X56.053 Y55.26
G1 F3600 X53.573 Y57.74 E0.05833
G1 X53.503 Y57.81
G0 F7200 X53.503 Y57.59
G0 X52.083 Y57.59
G0 X52.083 Y57.74
G1 F3600 X51.091 Y56.748 E0.02333
G1 X51.021 Y56.678
G0 F7200 X51.043 Y56.91
G0 X49.131 Y56.623
G0 X49.175 Y56.481
G1 F3600 X47.916 Y57.74 E0.02961
G1 X47.846 Y57.81
G0 F7200 X47.846 Y57.59
G0 X46.425 Y57.59
G0 X46.425 Y57.739
G1 F3600 X43.76 Y55.074 E0.06268
G1 X43.69 Y55.004
G0 F7200 X43.91 Y55.004
G0 X43.91 Y56.238
G0 X43.761 Y56.238
G1 F3600 X45.765 Y54.234 E0.04713
G1 X45.835 Y54.164
G0 F7200 X45.643 Y54.32
G0 X44.789 Y52.848
G0 X43.91 Y50.581
G0 X43.761 Y50.581
G1 F3600 X43.841 Y50.502 E0.00187
G0 F7200 X43.91 Y50.502
G0 X43.91 Y49.497
G0 X43.841 Y49.497
G1 F3600 X43.76 Y49.417 E0.00189
G0 F7200 X43.91 Y49.417
G0 X44.278 Y51.337
G0 X44.669 Y52.623
G0 X45.301 Y53.807
G0 X46.153 Y54.847
G0 X47.193 Y55.699
G0 X48.377 Y56.331
G0 X49.663 Y56.722
G0 X51 Y56.854
G0 X52.337 Y56.722
G0 X53.494 Y56.37
G0 X55.26 Y55.41
G0 X55.26 Y55.26
G1 F3600 X56.24 Y56.24 E0.02305
G1 X56.31 Y56.31
G0 F7200 X56.09 Y56.31
G0 X52.376 Y56.773
G0 X52.287 Y56.477
;TYPE:WALL-INNER
G1 F3600 X51 Y56.599 E0.0215
G1 X49.708 Y56.476 E0.02158
G1 X48.469 Y56.097 E0.02155
G1 X47.334 Y55.494 E0.02137
G1 X46.328 Y54.666 E0.02167
G1 X45.505 Y53.661 E0.0216
G1 X44.899 Y52.53 E0.02134
G1 X44.523 Y51.288 E0.02158
G1 X44.4 Y50 E0.02152
G1 X44.523 Y48.708 E0.02158
G1 X44.899 Y47.466 E0.02158
G1 X45.505 Y46.335 E0.02134
G1 X46.326 Y45.332 E0.02156
G1 X47.335 Y44.505 E0.0217
G1 X48.471 Y43.898 E0.02142
G1 X49.708 Y43.524 E0.02149
G1 X51 Y43.396 E0.02159
G1 X52.288 Y43.524 E0.02153
G1 X53.525 Y43.898 E0.02149
G1 X54.665 Y44.508 E0.0215
G1 X55.143 Y44.9 E0.01028
G1 X56.4 Y44.9 E0.0209
G1 X56.4 Y42.313 E0.04302
G1 X56.274 Y42.101 E0.0041
G1 X43.6 Y42.1 E0.21077
G1 X43.601 Y57.899 E0.26274
G1 X56.272 Y57.9 E0.21072
G1 X56.4 Y57.683 E0.00419
G1 X56.4 Y55.1 E0.04296
G1 X55.143 Y55.1 E0.0209
G1 X54.663 Y55.494 E0.01033
G1 X53.527 Y56.097 E0.02139
G1 X52.287 Y56.477 E0.02157
G0 F7200 X52.192 Y56.084
;TYPE:WALL-OUTER
G1 F1800 X50.981 Y56.196 E0.02022
G1 X49.805 Y56.084 E0.01965
G1 X48.641 Y55.732 E0.02022
G1 X47.54 Y55.147 E0.02073
G1 X46.628 Y54.395 E0.01966
G1 X45.831 Y53.423 E0.0209
G1 X45.279 Y52.391 E0.01946
G1 X44.916 Y51.192 E0.02083
G1 X44.8 Y49.98 E0.02025
G1 X44.916 Y48.804 E0.01965
G1 X45.279 Y47.605 E0.02083
G1 X45.831 Y46.573 E0.01946
G1 X46.629 Y45.601 E0.02091
G1 X47.573 Y44.831 E0.02026
G1 X48.605 Y44.279 E0.01946
G1 X49.804 Y43.916 E0.02083
G1 X51.02 Y43.8 E0.02031
G1 X52.192 Y43.916 E0.01959
G1 X53.391 Y44.279 E0.02083
G1 X54.423 Y44.831 E0.01946
G1 X55 Y45.3 E0.01237
G1 X56.8 Y45.3 E0.02993
G1 X56.8 Y42.262 E0.05052
G1 X56.635 Y41.879 E0.00694
G1 X56.356 Y41.701 E0.0055
G1 X43.2 Y41.7 E0.21879
G1 X43.201 Y58.299 E0.27604
G1 X56.354 Y58.3 E0.21874
G1 X56.635 Y58.12 E0.00555
G1 X56.8 Y57.734 E0.00698
G1 X56.8 Y54.7 E0.05046
G1 X55 Y54.7 E0.02993
G1 X54.422 Y55.169 E0.01238
G1 X53.355 Y55.732 E0.02006
G1 X52.192 Y56.084 E0.02021
G0 F7200 X51.993 Y56.102
G0 X52.061 Y56.81
G0 X51 Y56.854
G0 X49.663 Y56.722
G0 X48.377 Y56.331
G0 X47.193 Y55.699
G0 X46.153 Y54.847
G0 X45.301 Y53.807
G0 X44.065 Y51.34
;TYPE:SKIN
G1 F1572.1 X44.295 Y51.739 E0.00877
G1 F2069 X44.362 Y51.962 E0.00337
G1 X43.954 Y51.962 E0.0059
G1 X43.954 Y51.788 E0.00252
G1 F1572.1 X44.065 Y51.34 E0.00879
G0 F7200 X44.063 Y48.642
G1 F1585.9 X43.952 Y48.204 E0.00853
G1 F2093 X43.952 Y48.032 E0.00246
G1 X44.356 Y48.032 E0.00578
G1 X44.288 Y48.254 E0.00332
G1 F1585.9 X44.063 Y48.642 E0.00847
G1 F1431.4 X44 Y49.98 E0.02801
G1 F1425.7 X44.065 Y51.34 E0.02859
G0 F7200 X44.21 Y51.354
;MESH:NONMESH
G0 F600 X44.21 Y51.354 Z12.3
G0 F7200 X43.91 Y43.76
G0 X43.76 Y43.76
;TIME_ELAPSED:836.043201
;LAYER:120
;TYPE:FILL
;MESH:hold.stl
G1 F3600 X45.765 Y45.765 E0.04715
G1 X45.835 Y45.835
G0 F7200 X45.645 Y45.678
G0 X43.91 Y44.925
G0 X43.761 Y44.925
G1 F3600 X46.426 Y42.26 E0.06268
G1 X46.496 Y42.19
G0 F7200 X46.496 Y42.41
G0 X47.917 Y42.41
G0 X47.917 Y42.26
G1 F3600 X49.174 Y43.517 E0.02956
G1 X49.244 Y43.587
G0 F7200 X49.176 Y43.363
G0 X51.112 Y43.098
G0 X51.098 Y43.245
G1 F3600 X52.083 Y42.26 E0.02317
G1 X52.153 Y42.19
G0 F7200 X52.153 Y42.41
G0 X53.574 Y42.41
G0 X53.574 Y42.26
G1 F3600 X56.054 Y44.74 E0.05833
G0 F7200 X55.259 Y44.74
G1 F3600 X56.24 Y43.759 E0.02307
G1 X56.31 Y43.689
G0 F7200 X56.09 Y43.689
G0 X51 Y43.146
G0 X49.663 Y43.278
G0 X48.377 Y43.669
G0 X47.193 Y44.301
G0 X46.153 Y45.153
G0 X45.301 Y46.193
G0 X44.669 Y47.377
G0 X44.278 Y48.663
G0 X44.146 Y50
G0 X44.278 Y51.337
G0 X44.669 Y52.623
G0 X45.301 Y53.807
G0 X46.153 Y54.847
G0 X47.193 Y55.699
G0 X48.377 Y56.331
G0 X49.663 Y56.722
G0 X51 Y56.854
G0 X52.337 Y56.722
G0 X56.053 Y55.41
G0 X56.053 Y55.26
G1 F3600 X53.573 Y57.74 E0.05833
G1 X53.503 Y57.81
G0 F7200 X53.503 Y57.59
G0 X52.083 Y57.59
G0 X52.083 Y57.74
G1 F3600 X51.091 Y56.748 E0.02333
G1 X51.021 Y56.678
G0 F7200 X51.043 Y56.91
G0 X49.131 Y56.623
G0 X49.175 Y56.481
G1 F3600 X47.916 Y57.74 E0.02961
G1 X47.846 Y57.81
G0 F7200 X47.846 Y57.59
G0 X46.425 Y57.59
G0 X46.425 Y57.739
G1 F3600 X43.76 Y55.074 E0.06268
G1 X43.69 Y55.004
G0 F7200 X43.91 Y55.004
G0 X43.91 Y56.238
G0 X43.761 Y56.238
G1 F3600 X45.765 Y54.234 E0.04713
G1 X45.835 Y54.164
G0 F7200 X45.643 Y54.32
G0 X44.789 Y52.848
G0 X43.91 Y50.581
G0 X43.761 Y50.581
G1 F3600 X43.841 Y50.502 E0.00187
G0 F7200 X43.91 Y50.502
G0 X43.91 Y49.497
G0 X43.841 Y49.497
G1 F3600 X43.76 Y49.417 E0.00189
G0 F7200 X43.91 Y49.417
G0 X44.278 Y51.337
G0 X44.669 Y52.623
G0 X45.301 Y53.807
G0 X46.153 Y54.847
G0 X47.193 Y55.699
G0 X48.377 Y56.331
G0 X49.663 Y56.722
G0 X51 Y56.854
G0 X52.337 Y56.722
G0 X53.494 Y56.37
G0 X55.26 Y55.41
G0 X55.26 Y55.26
G1 F3600 X56.24 Y56.24 E0.02305
G1 X56.31 Y56.31
G0 F7200 X56.09 Y56.31
G0 X52.376 Y56.773
G0 X52.287 Y56.477
;TYPE:WALL-INNER
G1 F3600 X51 Y56.599 E0.0215
G1 X49.708 Y56.476 E0.02158
G1 X48.469 Y56.097 E0.02155
G1 X47.334 Y55.494 E0.02137
G1 X46.328 Y54.666 E0.02167
G1 X45.505 Y53.661 E0.0216
G1 X44.899 Y52.53 E0.02134
G1 X44.523 Y51.288 E0.02158
G1 X44.4 Y50 E0.02152
G1 X44.523 Y48.708 E0.02158
G1 X44.899 Y47.466 E0.02158
G1 X45.505 Y46.335 E0.02134
G1 X46.326 Y45.332 E0.02156
G1 X47.335 Y44.505 E0.0217
G1 X48.471 Y43.898 E0.02142
G1 X49.708 Y43.524 E0.02149
G1 X51 Y43.396 E0.02159
G1 X52.288 Y43.524 E0.02153
G1 X53.525 Y43.898 E0.02149
G1 X54.665 Y44.508 E0.0215
G1 X55.143 Y44.9 E0.01028
G1 X56.4 Y44.9 E0.0209
G1 X56.4 Y42.313 E0.04302
G1 X56.274 Y42.101 E0.0041
G1 X43.6 Y42.1 E0.21077
G1 X43.601 Y57.899 E0.26274
G1 X56.272 Y57.9 E0.21072
G1 X56.4 Y57.683 E0.00419
G1 X56.4 Y55.1 E0.04296
G1 X55.143 Y55.1 E0.0209
G1 X54.663 Y55.494 E0.01033
G1 X53.527 Y56.097 E0.02139
G1 X52.287 Y56.477 E0.02157
G0 F7200 X52.192 Y56.084
;TYPE:WALL-OUTER
G1 F1800 X50.981 Y56.196 E0.02022
G1 X49.805 Y56.084 E0.01965
G1 X48.641 Y55.732 E0.02022
G1 X47.54 Y55.147 E0.02073
G1 X46.628 Y54.395 E0.01966
G1 X45.831 Y53.423 E0.0209
G1 X45.279 Y52.391 E0.01946
G1 X44.916 Y51.192 E0.02083
G1 X44.8 Y49.98 E0.02025
G1 X44.916 Y48.804 E0.01965
G1 X45.279 Y47.605 E0.02083
G1 X45.831 Y46.573 E0.01946
G1 X46.629 Y45.601 E0.02091
G1 X47.573 Y44.831 E0.02026
G1 X48.605 Y44.279 E0.01946
G1 X49.804 Y43.916 E0.02083
G1 X51.02 Y43.8 E0.02031
G1 X52.192 Y43.916 E0.01959
G1 X53.391 Y44.279 E0.02083
G1 X54.423 Y44.831 E0.01946
G1 X55 Y45.3 E0.01237
G1 X56.8 Y45.3 E0.02993
G1 X56.8 Y42.262 E0.05052
G1 X56.635 Y41.879 E0.00694
G1 X56.356 Y41.701 E0.0055
G1 X43.2 Y41.7 E0.21879
G1 X43.201 Y58.299 E0.27604
G1 X56.354 Y58.3 E0.21874
G1 X56.635 Y58.12 E0.00555
G1 X56.8 Y57.734 E0.00698
G1 X56.8 Y54.7 E0.05046
G1 X55 Y54.7 E0.02993
G1 X54.422 Y55.169 E0.01238
G1 X53.355 Y55.732 E0.02006
G1 X52.192 Y56.084 E0.02021
G0 F7200 X51.993 Y56.102
G0 X52.061 Y56.81
G0 X51 Y56.854
G0 X49.663 Y56.722
G0 X48.377 Y56.331
G0 X47.193 Y55.699
G0 X46.153 Y54.847
G0 X45.301 Y53.807
G0 X44.669 Y52.623
G0 X44.317 Y51.466
G0 X44.063 Y48.642
;TYPE:SKIN
G1 F1572.1 X43.956 Y48.156 E0.00948
G1 F2045.5 X43.956 Y47.98 E0.00258
G1 X44.37 Y47.98 E0.00606
G1 X44.3 Y48.208 E0.00349
G1 F1572.1 X44.063 Y48.642 E0.00942
G1 F1431.4 X44 Y49.98 E0.02801
G1 F1425.7 X44.065 Y51.34 E0.02859
G0 F7200 X44.374 Y52.015
G1 F2028.2 X43.957 Y52.015 E0.00615
G1 X43.957 Y51.837 E0.00263
G1 F1558.4 X44.065 Y51.34 E0.00977
G1 X44.305 Y51.787 E0.00975
G1 F2028.2 X44.374 Y52.015 E0.00352
G0 F7200 X44.21 Y52.089
;MESH:NONMESH
G0 F600 X44.21 Y52.089 Z12.4
G0 F7200 X43.91 Y43.76
G0 X43.76 Y43.76
;TIME_ELAPSED:842.524453
;LAYER:121
;TYPE:FILL
;MESH:hold.stl
G1 F3600 X45.765 Y45.765 E0.04715
G1 X45.835 Y45.835
G0 F7200 X45.645 Y45.678
G0 X43.91 Y44.925
G0 X43.761 Y44.925
G1 F3600 X46.426 Y42.26 E0.06268
G1 X46.496 Y42.19
G0 F7200 X46.496 Y42.41
G0 X47.917 Y42.41
G0 X47.917 Y42.26
G1 F3600 X49.174 Y43.517 E0.02956
G1 X49.244 Y43.587
G0 F7200 X49.176 Y43.363
G0 X51.112 Y43.098
G0 X51.098 Y43.245
G1 F3600 X52.083 Y42.26 E0.02317
G1 X52.153 Y42.19
G0 F7200 X52.153 Y42.41
G0 X53.574 Y42.41
G0 X53.574 Y42.26
G1 F3600 X56.054 Y44.74 E0.05833
G0 F7200 X55.259 Y44.74
G1 F3600 X56.24 Y43.759 E0.02307
G1 X56.31 Y43.689
G0 F7200 X56.09 Y43.689
G0 X51 Y43.146
G0 X49.663 Y43.278
G0 X48.377 Y43.669
G0 X47.193 Y44.301
G0 X46.153 Y45.153
G0 X45.301 Y46.193
G0 X44.669 Y47.377
G0 X44.278 Y48.663
G0 X44.146 Y50
G0 X44.278 Y51.337
G0 X44.669 Y52.623
G0 X45.301 Y53.807
G0 X46.153 Y54.847
G0 X47.193 Y55.699
G0 X48.377 Y56.331
G0 X49.663 Y56.722
G0 X51 Y56.854
G0 X52.337 Y56.722
G0 X56.053 Y55.41
G0 X56.053 Y55.26
G1 F3600 X53.573 Y57.74 E0.05833
G1 X53.503 Y57.81
G0 F7200 X53.503 Y57.59
G0 X52.083 Y57.59
G0 X52.083 Y57.74
G1 F3600 X51.091 Y56.748 E0.02333
G1 X51.021 Y56.678
G0 F7200 X51.043 Y56.91
G0 X49.131 Y56.623
G0 X49.175 Y56.481
G1 F3600 X47.916 Y57.74 E0.02961
G1 X47.846 Y57.81
G0 F7200 X47.846 Y57.59
G0 X46.425 Y57.59
G0 X46.425 Y57.739
G1 F3600 X43.76 Y55.074 E0.06268
G1 X43.69 Y55.004
G0 F7200 X43.91 Y55.004
G0 X43.91 Y56.238
G0 X43.761 Y56.238
G1 F3600 X45.765 Y54.234 E0.04713
G1 X45.835 Y54.164
G0 F7200 X45.643 Y54.32
G0 X44.789 Y52.848
G0 X43.91 Y50.581
G0 X43.761 Y50.581
G1 F3600 X43.841 Y50.502 E0.00187
G0 F7200 X43.91 Y50.502
G0 X43.91 Y49.497
G0 X43.841 Y49.497
G1 F3600 X43.76 Y49.417 E0.00189
G0 F7200 X43.91 Y49.417
G0 X44.278 Y51.337
G0 X44.669 Y52.623
G0 X45.301 Y53.807
G0 X46.153 Y54.847
G0 X47.193 Y55.699
G0 X48.377 Y56.331
G0 X49.663 Y56.722
G0 X51 Y56.854
G0 X52.337 Y56.722
G0 X53.494 Y56.37
G0 X55.26 Y55.41
G0 X55.26 Y55.26
G1 F3600 X56.24 Y56.24 E0.02305
G1 X56.31 Y56.31
G0 F7200 X56.09 Y56.31
G0 X52.376 Y56.773
G0 X52.287 Y56.477
;TYPE:WALL-INNER
G1 F3600 X51 Y56.599 E0.0215
G1 X49.708 Y56.476 E0.02158
G1 X48.469 Y56.097 E0.02155
G1 X47.334 Y55.494 E0.02137
G1 X46.328 Y54.666 E0.02167
G1 X45.505 Y53.661 E0.0216
G1 X44.899 Y52.53 E0.02134
G1 X44.523 Y51.288 E0.02158
G1 X44.4 Y50 E0.02152
G1 X44.523 Y48.708 E0.02158
G1 X44.899 Y47.466 E0.02158
G1 X45.505 Y46.335 E0.02134
G1 X46.326 Y45.332 E0.02156
G1 X47.335 Y44.505 E0.0217
G1 X48.471 Y43.898 E0.02142
G1 X49.708 Y43.524 E0.02149
G1 X51 Y43.396 E0.02159
G1 X52.288 Y43.524 E0.02153
G1 X53.525 Y43.898 E0.02149
G1 X54.665 Y44.508 E0.0215
G1 X55.143 Y44.9 E0.01028
G1 X56.4 Y44.9 E0.0209
G1 X56.4 Y42.313 E0.04302
G1 X56.274 Y42.101 E0.0041
G1 X43.6 Y42.1 E0.21077
G1 X43.601 Y57.899 E0.26274
G1 X56.272 Y57.9 E0.21072
G1 X56.4 Y57.683 E0.00419
G1 X56.4 Y55.1 E0.04296
G1 X55.143 Y55.1 E0.0209
G1 X54.663 Y55.494 E0.01033
G1 X53.527 Y56.097 E0.02139
G1 X52.287 Y56.477 E0.02157
G0 F7200 X52.192 Y56.084
;TYPE:WALL-OUTER
G1 F1800 X50.981 Y56.196 E0.02022
G1 X49.805 Y56.084 E0.01965
G1 X48.641 Y55.732 E0.02022
G1 X47.54 Y55.147 E0.02073
G1 X46.628 Y54.395 E0.01966
G1 X45.831 Y53.423 E0.0209
G1 X45.279 Y52.391 E0.01946
G1 X44.916 Y51.192 E0.02083
G1 X44.8 Y49.98 E0.02025
G1 X44.916 Y48.804 E0.01965
G1 X45.279 Y47.605 E0.02083
G1 X45.831 Y46.573 E0.01946
G1 X46.629 Y45.601 E0.02091
G1 X47.573 Y44.831 E0.02026
G1 X48.605 Y44.279 E0.01946
G1 X49.804 Y43.916 E0.02083
G1 X51.02 Y43.8 E0.02031
G1 X52.192 Y43.916 E0.01959
G1 X53.391 Y44.279 E0.02083
G1 X54.423 Y44.831 E0.01946
G1 X55 Y45.3 E0.01237
G1 X56.8 Y45.3 E0.02993
G1 X56.8 Y42.262 E0.05052
G1 X56.635 Y41.879 E0.00694
G1 X56.356 Y41.701 E0.0055
G1 X43.2 Y41.7 E0.21879
G1 X43.201 Y58.299 E0.27604
G1 X56.354 Y58.3 E0.21874
G1 X56.635 Y58.12 E0.00555
G1 X56.8 Y57.734 E0.00698
G1 X56.8 Y54.7 E0.05046
G1 X55 Y54.7 E0.02993
G1 X54.422 Y55.169 E0.01238
G1 X53.355 Y55.732 E0.02006
G1 X52.192 Y56.084 E0.02021
G0 F7200 X51.993 Y56.102
G0 X52.061 Y56.81
G0 X51 Y56.854
G0 X49.663 Y56.722
G0 X48.377 Y56.331
G0 X47.193 Y55.699
G0 X46.153 Y54.847
G0 X45.301 Y53.807
G0 X44.065 Y51.34
;TYPE:SKIN
G1 F1545.1 X44.316 Y51.839 E0.01082
G1 F1983.5 X44.385 Y52.071 E0.00365
G1 X43.961 Y52.071 E0.0064
G1 X43.961 Y51.89 E0.00273
G1 F1545.1 X44.065 Y51.34 E0.01084
G0 F7200 X44.063 Y48.642
G1 F1558.4 X43.96 Y48.103 E0.01054
G1 F2000 X43.96 Y47.924 E0.00268
G1 X44.381 Y47.924 E0.0063
G1 X44.311 Y48.155 E0.00361
G1 F1558.4 X44.063 Y48.642 E0.0105
G1 F1431.4 X44 Y49.98 E0.02801
G1 F1425.7 X44.065 Y51.34 E0.02859
G0 F7200 X44.21 Y51.354
;MESH:NONMESH
G0 F600 X44.21 Y51.354 Z12.5
G0 F7200 X43.91 Y43.76
G0 X43.76 Y43.76
;TIME_ELAPSED:849.009664
;LAYER:122
;TYPE:FILL
;MESH:hold.stl
G1 F3600 X45.765 Y45.765 E0.04715
G1 X45.835 Y45.835
G0 F7200 X45.645 Y45.678
G0 X43.91 Y44.925
G0 X43.761 Y44.925
G1 F3600 X46.426 Y42.26 E0.06268
G1 X46.496 Y42.19
G0 F7200 X46.496 Y42.41
G0 X47.917 Y42.41
G0 X47.917 Y42.26
G1 F3600 X49.174 Y43.517 E0.02956
G1 X49.244 Y43.587
G0 F7200 X49.176 Y43.363
G0 X51.112 Y43.098
G0 X51.098 Y43.245
G1 F3600 X52.083 Y42.26 E0.02317
G1 X52.153 Y42.19
G0 F7200 X52.153 Y42.41
G0 X53.574 Y42.41
G0 X53.574 Y42.26
G1 F3600 X56.054 Y44.74 E0.05833
G0 F7200 X55.259 Y44.74
G1 F3600 X56.24 Y43.759 E0.02307
G1 X56.31 Y43.689
G0 F7200 X56.09 Y43.689
G0 X51 Y43.146
G0 X49.663 Y43.278
G0 X48.377 Y43.669
G0 X47.193 Y44.301
G0 X46.153 Y45.153
G0 X45.301 Y46.193
G0 X44.669 Y47.377
G0 X44.278 Y48.663
G0 X44.146 Y50
G0 X44.278 Y51.337
G0 X44.669 Y52.623
G0 X45.301 Y53.807
G0 X46.153 Y54.847
G0 X47.193 Y55.699
G0 X48.377 Y56.331
G0 X49.663 Y56.722
G0 X51 Y56.854
G0 X52.337 Y56.722
G0 X56.053 Y55.41
G0 X56.053 Y55.26
G1 F3600 X53.573 Y57.74 E0.05833
G1 X53.503 Y57.81
G0 F7200 X53.503 Y57.59
G0 X52.083 Y57.59
G0 X52.083 Y57.74
G1 F3600 X51.091 Y56.748 E0.02333
G1 X51.021 Y56.678
G0 F7200 X51.043 Y56.91
G0 X49.131 Y56.623
G0 X49.175 Y56.481
G1 F3600 X47.916 Y57.74 E0.02961
G1 X47.846 Y57.81
G0 F7200 X47.846 Y57.59
G0 X46.425 Y57.59
G0 X46.425 Y57.739
G1 F3600 X43.76 Y55.074 E0.06268
G1 X43.69 Y55.004
G0 F7200 X43.91 Y55.004
G0 X43.91 Y56.238
G0 X43.761 Y56.238
G1 F3600 X45.765 Y54.234 E0.04713
G1 X45.835 Y54.164
G0 F7200 X45.643 Y54.32
G0 X44.789 Y52.848
G0 X43.91 Y50.581
G0 X43.761 Y50.581
G1 F3600 X43.841 Y50.502 E0.00187
G0 F7200 X43.91 Y50.502
G0 X43.91 Y49.497
G0 X43.841 Y49.497
G1 F3600 X43.76 Y49.417 E0.00189
G0 F7200 X43.91 Y49.417
G0 X44.278 Y51.337
G0 X44.669 Y52.623
G0 X45.301 Y53.807
G0 X46.153 Y54.847
G0 X47.193 Y55.699
G0 X48.377 Y56.331
G0 X49.663 Y56.722
G0 X51 Y56.854
G0 X52.337 Y56.722
G0 X53.494 Y56.37
G0 X55.26 Y55.41
G0 X55.26 Y55.26
G1 F3600 X56.24 Y56.24 E0.02305
G1 X56.31 Y56.31
G0 F7200 X56.09 Y56.31
G0 X52.376 Y56.773
G0 X52.287 Y56.477
;TYPE:WALL-INNER
G1 F3600 X51 Y56.599 E0.0215
G1 X49.708 Y56.476 E0.02158
G1 X48.469 Y56.097 E0.02155
G1 X47.334 Y55.494 E0.02137
G1 X46.328 Y54.666 E0.02167
G1 X45.505 Y53.661 E0.0216
G1 X44.899 Y52.53 E0.02134
G1 X44.523 Y51.288 E0.02158
G1 X44.4 Y50 E0.02152
G1 X44.523 Y48.708 E0.02158
G1 X44.899 Y47.466 E0.02158
G1 X45.505 Y46.335 E0.02134
G1 X46.326 Y45.332 E0.02156
G1 X47.335 Y44.505 E0.0217
G1 X48.471 Y43.898 E0.02142
G1 X49.708 Y43.524 E0.02149
G1 X51 Y43.396 E0.02159
G1 X52.288 Y43.524 E0.02153
G1 X53.525 Y43.898 E0.02149
G1 X54.665 Y44.508 E0.0215
G1 X55.143 Y44.9 E0.01028
G1 X56.4 Y44.9 E0.0209
G1 X56.4 Y42.313 E0.04302
G1 X56.274 Y42.101 E0.0041
G1 X43.6 Y42.1 E0.21077
G1 X43.601 Y57.899 E0.26274
G1 X56.272 Y57.9 E0.21072
G1 X56.4 Y57.683 E0.00419
G1 X56.4 Y55.1 E0.04296
G1 X55.143 Y55.1 E0.0209
G1 X54.663 Y55.494 E0.01033
G1 X53.527 Y56.097 E0.02139
G1 X52.287 Y56.477 E0.02157
G0 F7200 X52.192 Y56.084
;TYPE:WALL-OUTER
G1 F1800 X50.981 Y56.196 E0.02022
G1 X49.805 Y56.084 E0.01965
G1 X48.641 Y55.732 E0.02022
G1 X47.54 Y55.147 E0.02073
G1 X46.628 Y54.395 E0.01966
G1 X45.831 Y53.423 E0.0209
G1 X45.279 Y52.391 E0.01946
G1 X44.916 Y51.192 E0.02083
G1 X44.8 Y49.98 E0.02025
G1 X44.916 Y48.804 E0.01965
G1 X45.279 Y47.605 E0.02083
G1 X45.831 Y46.573 E0.01946
G1 X46.629 Y45.601 E0.02091
G1 X47.573 Y44.831 E0.02026
G1 X48.605 Y44.279 E0.01946
G1 X49.804 Y43.916 E0.02083
G1 X51.02 Y43.8 E0.02031
G1 X52.192 Y43.916 E0.01959
G1 X53.391 Y44.279 E0.02083
G1 X54.423 Y44.831 E0.01946
G1 X55 Y45.3 E0.01237
G1 X56.8 Y45.3 E0.02993
G1 X56.8 Y42.262 E0.05052
G1 X56.635 Y41.879 E0.00694
G1 X56.356 Y41.701 E0.0055
G1 X43.2 Y41.7 E0.21879
G1 X43.201 Y58.299 E0.27604
G1 X56.354 Y58.3 E0.21874
G1 X56.635 Y58.12 E0.00555
G1 X56.8 Y57.734 E0.00698
G1 X56.8 Y54.7 E0.05046
G1 X55 Y54.7 E0.02993
G1 X54.422 Y55.169 E0.01238
G1 X53.355 Y55.732 E0.02006
G1 X52.192 Y56.084 E0.02021
G0 F7200 X51.993 Y56.102
G0 X52.061 Y56.81
G0 X51 Y56.854
G0 X49.663 Y56.722
G0 X48.377 Y56.331
G0 X47.193 Y55.699
G0 X46.153 Y54.847
G0 X45.301 Y53.807
G0 X44.669 Y52.623
G0 X44.317 Y51.466
G0 X44.058 Y48.653
;TYPE:SKIN
G1 F1730.8 X43.963 Y48.054 E0.01049
G1 F1961.9 X43.963 Y47.871 E0.00279
G1 X44.393 Y47.871 E0.00656
G1 X44.321 Y48.107 E0.00376
G1 F1730.8 X44.058 Y48.653 E0.01048
G0 F7200 X44.063 Y48.642
G1 F1431.4 X44 Y49.98 E0.02801
G1 F1425.7 X44.065 Y51.34 E0.02859
G0 F7200 X44.396 Y52.123
G1 F1945.9 X43.965 Y52.123 E0.00663
G1 X43.965 Y51.939 E0.00283
G1 F1535.2 X44.065 Y51.34 E0.01184
G1 X44.326 Y51.887 E0.01182
G1 F1945.9 X44.396 Y52.123 E0.00379
G0 F7200 X44.21 Y52.194
;MESH:NONMESH
G0 F600 X44.21 Y52.194 Z12.6
G0 F7200 X43.91 Y43.76
G0 X43.76 Y43.76
;TIME_ELAPSED:855.514332
;LAYER:123
;TYPE:FILL
;MESH:hold.stl
G1 F3600 X45.765 Y45.765 E0.04715
G1 X45.835 Y45.835
G0 F7200 X45.645 Y45.678
G0 X43.91 Y44.925
G0 X43.761 Y44.925
G1 F3600 X46.426 Y42.26 E0.06268
G1 X46.496 Y42.19
G0 F7200 X46.496 Y42.41
G0 X47.917 Y42.41
G0 X47.917 Y42.26
G1 F3600 X49.174 Y43.517 E0.02956
G1 X49.244 Y43.587
G0 F7200 X49.176 Y43.363
G0 X51.112 Y43.098
G0 X51.098 Y43.245
G1 F3600 X52.083 Y42.26 E0.02317
G1 X52.153 Y42.19
G0 F7200 X52.153 Y42.41
G0 X53.574 Y42.41
G0 X53.574 Y42.26
G1 F3600 X56.054 Y44.74 E0.05833
G0 F7200 X55.259 Y44.74
G1 F3600 X56.24 Y43.759 E0.02307
G1 X56.31 Y43.689
G0 F7200 X56.09 Y43.689
G0 X51 Y43.146
G0 X49.663 Y43.278
G0 X48.377 Y43.669
G0 X47.193 Y44.301
G0 X46.153 Y45.153
G0 X45.301 Y46.193
G0 X44.669 Y47.377
G0 X44.278 Y48.663
G0 X44.146 Y50
G0 X44.278 Y51.337
G0 X44.669 Y52.623
G0 X45.301 Y53.807
G0 X46.153 Y54.847
G0 X47.193 Y55.699
G0 X48.377 Y56.331
G0 X49.663 Y56.722
G0 X51 Y56.854
G0 X52.337 Y56.722
G0 X56.053 Y55.41
G0 X56.053 Y55.26
G1 F3600 X53.573 Y57.74 E0.05833
G1 X53.503 Y57.81
G0 F7200 X53.503 Y57.59
G0 X52.083 Y57.59
G0 X52.083 Y57.74
G1 F3600 X51.091 Y56.748 E0.02333
G1 X51.021 Y56.678
G0 F7200 X51.043 Y56.91
G0 X49.131 Y56.623
G0 X49.175 Y56.481
G1 F3600 X47.916 Y57.74 E0.02961
G1 X47.846 Y57.81
G0 F7200 X47.846 Y57.59
G0 X46.425 Y57.59
G0 X46.425 Y57.739
G1 F3600 X43.76 Y55.074 E0.06268
G1 X43.69 Y55.004
G0 F7200 X43.91 Y55.004
G0 X43.91 Y56.238
G0 X43.761 Y56.238
G1 F3600 X45.765 Y54.234 E0.04713
G1 X45.835 Y54.164
G0 F7200 X45.643 Y54.32
G0 X44.789 Y52.848
G0 X43.91 Y50.581
G0 X43.761 Y50.581
G1 F3600 X43.841 Y50.502 E0.00187
G0 F7200 X43.91 Y50.502
G0 X43.91 Y49.497
G0 X43.841 Y49.497
G1 F3600 X43.76 Y49.417 E0.00189
G0 F7200 X43.91 Y49.417
G0 X44.278 Y51.337
G0 X44.669 Y52.623
G0 X45.301 Y53.807
G0 X46.153 Y54.847
G0 X47.193 Y55.699
G0 X48.377 Y56.331
G0 X49.663 Y56.722
G0 X51 Y56.854
G0 X52.337 Y56.722
G0 X53.494 Y56.37
G0 X55.26 Y55.41
G0 X55.26 Y55.26
G1 F3600 X56.24 Y56.24 E0.02305
G1 X56.31 Y56.31
G0 F7200 X56.09 Y56.31
G0 X52.376 Y56.773
G0 X52.287 Y56.477
;TYPE:WALL-INNER
G1 F3600 X51 Y56.599 E0.0215
G1 X49.708 Y56.476 E0.02158
G1 X48.469 Y56.097 E0.02155
G1 X47.334 Y55.494 E0.02137
G1 X46.328 Y54.666 E0.02167
G1 X45.505 Y53.661 E0.0216
G1 X44.899 Y52.53 E0.02134
G1 X44.523 Y51.288 E0.02158
G1 X44.4 Y50 E0.02152
G1 X44.523 Y48.708 E0.02158
G1 X44.899 Y47.466 E0.02158
G1 X45.505 Y46.335 E0.02134
G1 X46.326 Y45.332 E0.02156
G1 X47.335 Y44.505 E0.0217
G1 X48.471 Y43.898 E0.02142
G1 X49.708 Y43.524 E0.02149
G1 X51 Y43.396 E0.02159
G1 X52.288 Y43.524 E0.02153
G1 X53.525 Y43.898 E0.02149
G1 X54.665 Y44.508 E0.0215
G1 X55.143 Y44.9 E0.01028
G1 X56.4 Y44.9 E0.0209
G1 X56.4 Y42.313 E0.04302
G1 X56.274 Y42.101 E0.0041
G1 X43.6 Y42.1 E0.21077
G1 X43.601 Y57.899 E0.26274
G1 X56.272 Y57.9 E0.21072
G1 X56.4 Y57.683 E0.00419
G1 X56.4 Y55.1 E0.04296
G1 X55.143 Y55.1 E0.0209
G1 X54.663 Y55.494 E0.01033
G1 X53.527 Y56.097 E0.02139
G1 X52.287 Y56.477 E0.02157
G0 F7200 X52.192 Y56.084
;TYPE:WALL-OUTER
G1 F1800 X50.981 Y56.196 E0.02022
G1 X49.805 Y56.084 E0.01965
G1 X48.641 Y55.732 E0.02022
G1 X47.54 Y55.147 E0.02073
G1 X46.628 Y54.395 E0.01966
G1 X45.831 Y53.423 E0.0209
G1 X45.279 Y52.391 E0.01946
G1 X44.916 Y51.192 E0.02083
G1 X44.8 Y49.98 E0.02025
G1 X44.916 Y48.804 E0.01965
G1 X45.279 Y47.605 E0.02083
G1 X45.831 Y46.573 E0.01946
G1 X46.629 Y45.601 E0.02091
G1 X47.573 Y44.831 E0.02026
G1 X48.605 Y44.279 E0.01946
G1 X49.804 Y43.916 E0.02083
G1 X51.02 Y43.8 E0.02031
G1 X52.192 Y43.916 E0.01959
G1 X53.391 Y44.279 E0.02083
G1 X54.423 Y44.831 E0.01946
G1 X55 Y45.3 E0.01237
G1 X56.8 Y45.3 E0.02993
G1 X56.8 Y42.262 E0.05052
G1 X56.635 Y41.879 E0.00694
G1 X56.356 Y41.701 E0.0055
G1 X43.2 Y41.7 E0.21879
G1 X43.201 Y58.299 E0.27604
G1 X56.354 Y58.3 E0.21874
G1 X56.635 Y58.12 E0.00555
G1 X56.8 Y57.734 E0.00698
G1 X56.8 Y54.7 E0.05046
G1 X55 Y54.7 E0.02993
G1 X54.422 Y55.169 E0.01238
G1 X53.355 Y55.732 E0.02006
G1 X52.192 Y56.084 E0.02021
G0 F7200 X51.993 Y56.102
G0 X52.061 Y56.81
G0 X51 Y56.854
G0 X49.663 Y56.722
G0 X48.377 Y56.331
G0 X47.193 Y55.699
G0 X46.153 Y54.847
G0 X45.301 Y53.807
G0 X44.669 Y52.623
G0 X44.317 Y51.466
G0 X44.058 Y48.653
;TYPE:SKIN
G1 F1706.2 X43.967 Y48.006 E0.01146
G1 F1920 X43.967 Y47.819 E0.00292
G1 X44.407 Y47.819 E0.00686
G1 X44.333 Y48.061 E0.00395
G1 F1706.2 X44.058 Y48.653 E0.01145
G0 F7200 X44.063 Y48.642
G1 F1431.4 X44 Y49.98 E0.02801
G1 F1425.7 X44.065 Y51.34 E0.02859
G0 F7200 X43.969 Y51.987
G1 F1690.1 X44.059 Y51.327 E0.0118
G1 X44.338 Y51.933 E0.01182
G1 F1904.8 X44.41 Y52.175 E0.00397
G1 X43.969 Y52.175 E0.00693
G1 X43.969 Y51.987 E0.00295
G0 F7200 X44.108 Y52.017
;MESH:NONMESH
G0 F600 X44.108 Y52.017 Z12.7
G0 F7200 X43.91 Y43.76
G0 X43.76 Y43.76
;TIME_ELAPSED:862.021194
;LAYER:124
;TYPE:FILL
;MESH:hold.stl
G1 F3600 X45.765 Y45.765 E0.04715
G1 X45.835 Y45.835
G0 F7200 X45.645 Y45.678
G0 X43.91 Y44.925
G0 X43.761 Y44.925
G1 F3600 X46.426 Y42.26 E0.06268
G1 X46.496 Y42.19
G0 F7200 X46.496 Y42.41
G0 X47.917 Y42.41
G0 X47.917 Y42.26
G1 F3600 X49.174 Y43.517 E0.02956
G1 X49.244 Y43.587
G0 F7200 X49.176 Y43.363
G0 X51.112 Y43.098
G0 X51.098 Y43.245
G1 F3600 X52.083 Y42.26 E0.02317
G1 X52.153 Y42.19
G0 F7200 X52.153 Y42.41
G0 X53.574 Y42.41
G0 X53.574 Y42.26
G1 F3600 X56.054 Y44.74 E0.05833
G0 F7200 X55.259 Y44.74
G1 F3600 X56.24 Y43.759 E0.02307
G1 X56.31 Y43.689
G0 F7200 X56.09 Y43.689
G0 X51 Y43.146
G0 X49.663 Y43.278
G0 X48.377 Y43.669
G0 X47.193 Y44.301
G0 X46.153 Y45.153
G0 X45.301 Y46.193
G0 X44.669 Y47.377
G0 X44.278 Y48.663
G0 X44.146 Y50
G0 X44.278 Y51.337
G0 X44.669 Y52.623
G0 X45.301 Y53.807
G0 X46.153 Y54.847
G0 X47.193 Y55.699
G0 X48.377 Y56.331
G0 X49.663 Y56.722
G0 X51 Y56.854
G0 X52.337 Y56.722
G0 X56.053 Y55.41
G0 X56.053 Y55.26
G1 F3600 X53.573 Y57.74 E0.05833
G1 X53.503 Y57.81
G0 F7200 X53.503 Y57.59
G0 X52.083 Y57.59
G0 X52.083 Y57.74
G1 F3600 X51.091 Y56.748 E0.02333
G1 X51.021 Y56.678
G0 F7200 X51.043 Y56.91
G0 X49.131 Y56.623
G0 X49.175 Y56.481
G1 F3600 X47.916 Y57.74 E0.02961
G1 X47.846 Y57.81
G0 F7200 X47.846 Y57.59
G0 X46.425 Y57.59
G0 X46.425 Y57.739
G1 F3600 X43.76 Y55.074 E0.06268
G1 X43.69 Y55.004
G0 F7200 X43.91 Y55.004
G0 X43.91 Y56.238
G0 X43.761 Y56.238
G1 F3600 X45.765 Y54.234 E0.04713
G1 X45.835 Y54.164
G0 F7200 X45.643 Y54.32
G0 X44.789 Y52.848
G0 X43.91 Y50.581
G0 X43.761 Y50.581
G1 F3600 X43.841 Y50.502 E0.00187
G0 F7200 X43.91 Y50.502
G0 X43.91 Y49.497
G0 X43.841 Y49.497
G1 F3600 X43.76 Y49.417 E0.00189
G0 F7200 X43.91 Y49.417
G0 X44.278 Y51.337
G0 X44.669 Y52.623
G0 X45.301 Y53.807
G0 X46.153 Y54.847
G0 X47.193 Y55.699
G0 X48.377 Y56.331
G0 X49.663 Y56.722
G0 X51 Y56.854
G0 X52.337 Y56.722
G0 X53.494 Y56.37
G0 X55.26 Y55.41
G0 X55.26 Y55.26
G1 F3600 X56.24 Y56.24 E0.02305
G1 X56.31 Y56.31
G0 F7200 X56.09 Y56.31
G0 X52.376 Y56.773
G0 X52.287 Y56.477
;TYPE:WALL-INNER
G1 F3600 X51 Y56.599 E0.0215
G1 X49.708 Y56.476 E0.02158
G1 X48.469 Y56.097 E0.02155
G1 X47.334 Y55.494 E0.02137
G1 X46.328 Y54.666 E0.02167
G1 X45.505 Y53.661 E0.0216
G1 X44.899 Y52.53 E0.02134
G1 X44.523 Y51.288 E0.02158
G1 X44.4 Y50 E0.02152
G1 X44.523 Y48.708 E0.02158
G1 X44.899 Y47.466 E0.02158
G1 X45.505 Y46.335 E0.02134
G1 X46.326 Y45.332 E0.02156
G1 X47.335 Y44.505 E0.0217
G1 X48.471 Y43.898 E0.02142
G1 X49.708 Y43.524 E0.02149
G1 X51 Y43.396 E0.02159
G1 X52.288 Y43.524 E0.02153
G1 X53.525 Y43.898 E0.02149
G1 X54.665 Y44.508 E0.0215
G1 X55.143 Y44.9 E0.01028
G1 X56.4 Y44.9 E0.0209
G1 X56.4 Y42.313 E0.04302
G1 X56.274 Y42.101 E0.0041
G1 X43.6 Y42.1 E0.21077
G1 X43.601 Y57.899 E0.26274
G1 X56.272 Y57.9 E0.21072
G1 X56.4 Y57.683 E0.00419
G1 X56.4 Y55.1 E0.04296
G1 X55.143 Y55.1 E0.0209
G1 X54.663 Y55.494 E0.01033
G1 X53.527 Y56.097 E0.02139
G1 X52.287 Y56.477 E0.02157
G0 F7200 X52.192 Y56.084
;TYPE:WALL-OUTER
G1 F1800 X50.981 Y56.196 E0.02022
G1 X49.805 Y56.084 E0.01965
G1 X48.641 Y55.732 E0.02022
G1 X47.54 Y55.147 E0.02073
G1 X46.628 Y54.395 E0.01966
G1 X45.831 Y53.423 E0.0209
G1 X45.279 Y52.391 E0.01946
G1 X44.916 Y51.192 E0.02083
G1 X44.8 Y49.98 E0.02025
G1 X44.916 Y48.804 E0.01965
G1 X45.279 Y47.605 E0.02083
G1 X45.831 Y46.573 E0.01946
G1 X46.629 Y45.601 E0.02091
G1 X47.573 Y44.831 E0.02026
G1 X48.605 Y44.279 E0.01946
G1 X49.804 Y43.916 E0.02083
G1 X51.02 Y43.8 E0.02031
G1 X52.192 Y43.916 E0.01959
G1 X53.391 Y44.279 E0.02083
G1 X54.423 Y44.831 E0.01946
G1 X55 Y45.3 E0.01237
G1 X56.8 Y45.3 E0.02993
G1 X56.8 Y42.262 E0.05052
G1 X56.635 Y41.879 E0.00694
G1 X56.356 Y41.701 E0.0055
G1 X43.2 Y41.7 E0.21879
G1 X43.201 Y58.299 E0.27604
G1 X56.354 Y58.3 E0.21874
G1 X56.635 Y58.12 E0.00555
G1 X56.8 Y57.734 E0.00698
G1 X56.8 Y54.7 E0.05046
G1 X55 Y54.7 E0.02993
G1 X54.422 Y55.169 E0.01238
G1 X53.355 Y55.732 E0.02006
G1 X52.192 Y56.084 E0.02021
G0 F7200 X51.993 Y56.102
G0 X52.061 Y56.81
G0 X51 Y56.854
G0 X49.663 Y56.722
G0 X48.377 Y56.331
G0 X47.193 Y55.699
G0 X46.153 Y54.847
G0 X45.301 Y53.807
G0 X44.669 Y52.623
G0 X44.278 Y51.337
G0 X44.159 Y50.134
G0 X44.344 Y48.009
;TYPE:SKIN
G1 F1690.1 X44.057 Y48.656 E0.01254
G1 F1603.6 X43.948 Y47.763 E0.01679
G1 F1782.2 X44.419 Y47.763 E0.00791
G1 F1889.8 X44.344 Y48.009 E0.00407
G0 F7200 X44.063 Y48.642
G1 F1431.4 X44 Y49.98 E0.02801
G1 F1425.7 X44.065 Y51.34 E0.02859
G0 F7200 X44.348 Y51.986
G1 F1870.1 X44.422 Y52.232 E0.00411
G1 F1764.7 X43.949 Y52.232 E0.00802
G1 F1589.4 X44.059 Y51.327 E0.01717
G1 F1674.4 X44.348 Y51.986 E0.01286
G0 F7200 X44.21 Y52.055
;MESH:NONMESH
G0 F600 X44.21 Y52.055 Z12.8
G0 F7200 X43.91 Y43.76
G0 X43.76 Y43.76
;TIME_ELAPSED:868.570830
;LAYER:125
;TYPE:FILL
;MESH:hold.stl
G1 F3600 X45.765 Y45.765 E0.04715
G1 X45.835 Y45.835
G0 F7200 X45.645 Y45.678
G0 X43.91 Y44.925
G0 X43.761 Y44.925
G1 F3600 X46.426 Y42.26 E0.06268
G1 X46.496 Y42.19
G0 F7200 X46.496 Y42.41
G0 X47.917 Y42.41
G0 X47.917 Y42.26
G1 F3600 X49.174 Y43.517 E0.02956
G1 X49.244 Y43.587
G0 F7200 X49.176 Y43.363
G0 X51.112 Y43.098
G0 X51.098 Y43.245
G1 F3600 X52.083 Y42.26 E0.02317
G1 X52.153 Y42.19
G0 F7200 X52.153 Y42.41
G0 X53.574 Y42.41
G0 X53.574 Y42.26
G1 F3600 X56.054 Y44.74 E0.05833
G0 F7200 X55.259 Y44.74
G1 F3600 X56.24 Y43.759 E0.02307
G1 X56.31 Y43.689
G0 F7200 X56.09 Y43.689
G0 X51 Y43.146
G0 X49.663 Y43.278
G0 X48.377 Y43.669
G0 X47.193 Y44.301
G0 X46.153 Y45.153
G0 X45.301 Y46.193
G0 X44.669 Y47.377
G0 X44.278 Y48.663
G0 X44.146 Y50
G0 X44.278 Y51.337
G0 X44.669 Y52.623
G0 X45.301 Y53.807
G0 X46.153 Y54.847
G0 X47.193 Y55.699
G0 X48.377 Y56.331
G0 X49.663 Y56.722
G0 X51 Y56.854
G0 X52.337 Y56.722
G0 X56.053 Y55.41
G0 X56.053 Y55.26
G1 F3600 X53.573 Y57.74 E0.05833
G1 X53.503 Y57.81
G0 F7200 X53.503 Y57.59
G0 X52.083 Y57.59
G0 X52.083 Y57.74
G1 F3600 X51.091 Y56.748 E0.02333
G1 X51.021 Y56.678
G0 F7200 X51.043 Y56.91
G0 X49.131 Y56.623
G0 X49.175 Y56.481
G1 F3600 X47.916 Y57.74 E0.02961
G1 X47.846 Y57.81
G0 F7200 X47.846 Y57.59
G0 X46.425 Y57.59
G0 X46.425 Y57.739
G1 F3600 X43.76 Y55.074 E0.06268
G1 X43.69 Y55.004
G0 F7200 X43.91 Y55.004
G0 X43.91 Y56.238
G0 X43.761 Y56.238
G1 F3600 X45.765 Y54.234 E0.04713
G1 X45.835 Y54.164
G0 F7200 X45.643 Y54.32
G0 X44.789 Y52.848
G0 X43.91 Y50.581
G0 X43.761 Y50.581
G1 F3600 X43.841 Y50.502 E0.00187
G0 F7200 X43.91 Y50.502
G0 X43.91 Y49.497
G0 X43.841 Y49.497
G1 F3600 X43.76 Y49.417 E0.00189
G0 F7200 X43.91 Y49.417
G0 X44.278 Y51.337
G0 X44.669 Y52.623
G0 X45.301 Y53.807
G0 X46.153 Y54.847
G0 X47.193 Y55.699
G0 X48.377 Y56.331
G0 X49.663 Y56.722
G0 X51 Y56.854
G0 X52.337 Y56.722
G0 X53.494 Y56.37
G0 X55.26 Y55.41
G0 X55.26 Y55.26
G1 F3600 X56.24 Y56.24 E0.02305
G1 X56.31 Y56.31
G0 F7200 X56.09 Y56.31
G0 X52.376 Y56.773
G0 X52.287 Y56.477
;TYPE:WALL-INNER
G1 F3600 X51 Y56.599 E0.0215
G1 X49.708 Y56.476 E0.02158
G1 X48.469 Y56.097 E0.02155
G1 X47.334 Y55.494 E0.02137
G1 X46.328 Y54.666 E0.02167
G1 X45.505 Y53.661 E0.0216
G1 X44.899 Y52.53 E0.02134
G1 X44.523 Y51.288 E0.02158
G1 X44.4 Y50 E0.02152
G1 X44.523 Y48.708 E0.02158
G1 X44.899 Y47.466 E0.02158
G1 X45.505 Y46.335 E0.02134
G1 X46.326 Y45.332 E0.02156
G1 X47.335 Y44.505 E0.0217
G1 X48.471 Y43.898 E0.02142
G1 X49.708 Y43.524 E0.02149
G1 X51 Y43.396 E0.02159
G1 X52.288 Y43.524 E0.02153
G1 X53.525 Y43.898 E0.02149
G1 X54.665 Y44.508 E0.0215
G1 X55.143 Y44.9 E0.01028
G1 X56.4 Y44.9 E0.0209
G1 X56.4 Y42.313 E0.04302
G1 X56.274 Y42.101 E0.0041
G1 X43.6 Y42.1 E0.21077
G1 X43.601 Y57.899 E0.26274
G1 X56.272 Y57.9 E0.21072
G1 X56.4 Y57.683 E0.00419
G1 X56.4 Y55.1 E0.04296
G1 X55.143 Y55.1 E0.0209
G1 X54.663 Y55.494 E0.01033
G1 X53.527 Y56.097 E0.02139
G1 X52.287 Y56.477 E0.02157
G0 F7200 X52.192 Y56.084
;TYPE:WALL-OUTER
G1 F1800 X50.981 Y56.196 E0.02022
G1 X49.805 Y56.084 E0.01965
G1 X48.641 Y55.732 E0.02022
G1 X47.54 Y55.147 E0.02073
G1 X46.628 Y54.395 E0.01966
G1 X45.831 Y53.423 E0.0209
G1 X45.279 Y52.391 E0.01946
G1 X44.916 Y51.192 E0.02083
G1 X44.8 Y49.98 E0.02025
G1 X44.916 Y48.804 E0.01965
G1 X45.279 Y47.605 E0.02083
G1 X45.831 Y46.573 E0.01946
G1 X46.629 Y45.601 E0.02091
G1 X47.573 Y44.831 E0.02026
G1 X48.605 Y44.279 E0.01946
G1 X49.804 Y43.916 E0.02083
G1 X51.02 Y43.8 E0.02031
G1 X52.192 Y43.916 E0.01959
G1 X53.391 Y44.279 E0.02083
G1 X54.423 Y44.831 E0.01946
G1 X55 Y45.3 E0.01237
G1 X56.8 Y45.3 E0.02993
G1 X56.8 Y42.262 E0.05052
G1 X56.635 Y41.879 E0.00694
G1 X56.356 Y41.701 E0.0055
G1 X43.2 Y41.7 E0.21879
G1 X43.201 Y58.299 E0.27604
G1 X56.354 Y58.3 E0.21874
G1 X56.635 Y58.12 E0.00555
G1 X56.8 Y57.734 E0.00698
G1 X56.8 Y54.7 E0.05046
G1 X55 Y54.7 E0.02993
G1 X54.422 Y55.169 E0.01238
G1 X53.355 Y55.732 E0.02006
G1 X52.192 Y56.084 E0.02021
G0 F7200 X51.993 Y56.102
G0 X52.061 Y56.81
G0 X51 Y56.854
G0 X49.663 Y56.722
G0 X48.377 Y56.331
G0 X47.193 Y55.699
G0 X46.153 Y54.847
G0 X45.301 Y53.807
G0 X44.669 Y52.623
G0 X44.278 Y51.337
G0 X44.159 Y50.134
G0 X44.354 Y47.961
;TYPE:SKIN
G1 F1666.7 X44.057 Y48.657 E0.01359
G1 F1585.9 X43.954 Y47.711 E0.01796
G1 F1756.1 X44.43 Y47.711 E0.00811
G1 F1855.7 X44.354 Y47.961 E0.00422
G0 F7200 X44.063 Y48.642
G1 F1431.4 X44 Y49.98 E0.02801
G1 F1425.7 X44.065 Y51.34 E0.02859
G0 F7200 X44.359 Y52.034
G1 F1836.7 X44.433 Y52.284 E0.00425
G1 F1739.1 X43.955 Y52.284 E0.00823
G1 F1572.1 X44.059 Y51.325 E0.01837
G1 F1651.4 X44.359 Y52.034 E0.01396
G0 F7200 X44.21 Y52.102
;MESH:NONMESH
G0 F600 X44.21 Y52.102 Z12.9
G0 F7200 X43.91 Y43.76
G0 X43.76 Y43.76
;TIME_ELAPSED:875.133239
;LAYER:126
;TYPE:FILL
;MESH:hold.stl
G1 F3600 X45.765 Y45.765 E0.04715
G1 X45.835 Y45.835
G0 F7200 X45.645 Y45.678
G0 X43.91 Y44.925
G0 X43.761 Y44.925
G1 F3600 X46.426 Y42.26 E0.06268
G1 X46.496 Y42.19
G0 F7200 X46.496 Y42.41
G0 X47.917 Y42.41
G0 X47.917 Y42.26
G1 F3600 X49.174 Y43.517 E0.02956
G1 X49.244 Y43.587
G0 F7200 X49.176 Y43.363
G0 X51.112 Y43.098
G0 X51.098 Y43.245
G1 F3600 X52.083 Y42.26 E0.02317
G1 X52.153 Y42.19
G0 F7200 X52.153 Y42.41
G0 X53.574 Y42.41
G0 X53.574 Y42.26
G1 F3600 X56.054 Y44.74 E0.05833
G0 F7200 X55.259 Y44.74
G1 F3600 X56.24 Y43.759 E0.02307
G1 X56.31 Y43.689
G1 F1500 E-6.5
G0 F7200 X56.09 Y43.689
G0 X56.053 Y45.07
G0 X56.053 Y46.165
G0 X56.053 Y53.835
G0 X56.053 Y54.93
G0 X56.053 Y55.26
G1 F1500 E6.5
G1 F3600 X53.573 Y57.74 E0.05833
G1 X53.503 Y57.81
G0 F7200 X53.503 Y57.59
G0 X52.083 Y57.59
G0 X52.083 Y57.74
G1 F3600 X51.091 Y56.748 E0.02333
G1 X51.021 Y56.678
G0 F7200 X51.043 Y56.91
G0 X49.131 Y56.623
G0 X49.175 Y56.481
G1 F3600 X47.916 Y57.74 E0.02961
G1 X47.846 Y57.81
G0 F7200 X47.846 Y57.59
G0 X46.425 Y57.59
G0 X46.425 Y57.739
G1 F3600 X43.76 Y55.074 E0.06268
G1 X43.69 Y55.004
G0 F7200 X43.91 Y55.004
G0 X43.91 Y56.238
G0 X43.761 Y56.238
G1 F3600 X45.765 Y54.234 E0.04713
G1 X45.835 Y54.164
G0 F7200 X45.643 Y54.32
G0 X47.193 Y55.699
G0 X48.377 Y56.331
G0 X49.663 Y56.722
G0 X51 Y56.854
G0 X52.337 Y56.722
G0 X53.494 Y56.37
G0 X55.26 Y55.41
G0 X55.26 Y55.26
G1 F3600 X56.24 Y56.24 E0.02305
G1 X56.31 Y56.31
G0 F7200 X56.09 Y56.31
G0 X52.376 Y56.773
G0 X52.287 Y56.477
;TYPE:WALL-INNER
G1 F3600 X51 Y56.599 E0.0215
G1 X49.708 Y56.476 E0.02158
G1 X48.469 Y56.097 E0.02155
G1 X47.334 Y55.494 E0.02137
G1 X46.328 Y54.666 E0.02167
G1 X45.505 Y53.661 E0.0216
G1 X44.898 Y52.528 E0.02138
G1 X44.695 Y51.856 E0.01167
G1 X43.6 Y51.856 E0.01821
G1 X43.601 Y57.899 E0.1005
G1 X56.272 Y57.9 E0.21072
G1 X56.4 Y57.683 E0.00419
G1 X56.4 Y55.1 E0.04296
G1 X55.143 Y55.1 E0.0209
G1 X54.663 Y55.494 E0.01033
G1 X53.527 Y56.097 E0.02139
G1 X52.287 Y56.477 E0.02157
G1 F1500 E-6.5
G0 F7200 X52.376 Y56.773
G0 X51 Y56.432
G0 X51 Y55.332
G0 X46.073 Y47.959
G0 X45.058 Y47.539
G0 X45.235 Y46.189
G0 X45.505 Y46.335
G1 F1500 E6.5
G1 F3600 X46.326 Y45.332 E0.02156
G1 X47.335 Y44.505 E0.0217
G1 X48.471 Y43.898 E0.02142
G1 X49.708 Y43.524 E0.02149
G1 X51 Y43.396 E0.02159
G1 X52.288 Y43.524 E0.02153
G1 X53.525 Y43.898 E0.02149
G1 X54.665 Y44.508 E0.0215
G1 X55.143 Y44.9 E0.01028
G1 X56.4 Y44.9 E0.0209
G1 X56.4 Y42.313 E0.04302
G1 X56.274 Y42.101 E0.0041
G1 X43.6 Y42.1 E0.21077
G1 X43.601 Y48.139 E0.10043
G1 X44.694 Y48.139 E0.01818
G1 X44.899 Y47.467 E0.01168
G1 X45.505 Y46.335 E0.02135
G0 F7200 X45.235 Y46.189
G0 X44.656 Y47.272
G0 X45.279 Y47.605
;TYPE:WALL-OUTER
G1 F1800 X45.831 Y46.573 E0.01946
G1 X46.629 Y45.601 E0.02091
G1 X47.573 Y44.831 E0.02026
G1 X48.605 Y44.279 E0.01946
G1 X49.804 Y43.916 E0.02083
G1 X51.02 Y43.8 E0.02031
G1 X52.192 Y43.916 E0.01959
G1 X53.391 Y44.279 E0.02083
G1 X54.423 Y44.831 E0.01946
G1 X55 Y45.3 E0.01237
G1 X56.8 Y45.3 E0.02993
G1 X56.8 Y42.262 E0.05052
G1 X56.635 Y41.879 E0.00694
G1 X56.356 Y41.701 E0.0055
G1 X43.2 Y41.7 E0.21879
G1 X43.2 Y48.24 E0.10876
G1 F1600 X43.25 Y48.74 E0.0094
G1 X43.5 Y48.54 E0.00599
G1 F1800 X44.991 Y48.539 E0.0248
G1 X45.279 Y47.605 E0.01625
G0 F7200 X45.373 Y47.429
G0 X44.751 Y47.096
G0 X43.48 Y48.261
G0 X43.25 Y48.74
G1 F1431.4 X43.251 Y51.299 E0.05351
G0 F7200 X43.48 Y51.738
G0 X46.438 Y54.562
G0 X47.416 Y55.365
G0 X48.531 Y55.96
G0 X49.512 Y56.258
G0 X52.26 Y56.79
G0 X52.192 Y56.084
G1 F1800 X50.981 Y56.196 E0.02022
G1 X49.805 Y56.084 E0.01965
G1 X48.641 Y55.732 E0.02022
G1 X47.54 Y55.147 E0.02073
G1 X46.628 Y54.395 E0.01966
G1 X45.831 Y53.423 E0.0209
G1 X45.264 Y52.355 E0.02011
G1 X44.991 Y51.456 E0.01562
G1 X43.5 Y51.456 E0.0248
G1 F1589.4 X43.251 Y51.299 E0.00554
G1 X43.2 Y51.756 E0.00866
G1 F1800 X43.201 Y58.299 E0.10881
G1 X56.354 Y58.3 E0.21874
G1 X56.635 Y58.12 E0.00555
G1 X56.8 Y57.734 E0.00698
G1 X56.8 Y54.7 E0.05046
G1 X55 Y54.7 E0.02993
G1 X54.422 Y55.169 E0.01238
G1 X53.355 Y55.732 E0.02006
G1 X52.192 Y56.084 E0.02021
G0 F7200 X51.993 Y56.102
G0 X52.091 Y57.109
G1 F1500 E-6.5
;MESH:NONMESH
G0 F600 X52.091 Y57.109 Z13
G0 F7200 X51 Y56.432
G0 X51 Y55.332
G0 X46.073 Y47.959
G0 X45.058 Y47.539
G0 X43.91 Y43.76
G0 X43.76 Y43.76
;TIME_ELAPSED:882.785072
;LAYER:127
;TYPE:FILL
;MESH:hold.stl
G1 F1500 E6.5
G1 F3600 X45.765 Y45.765 E0.04715
G1 X45.835 Y45.835
G0 F7200 X45.645 Y45.678
G0 X43.91 Y44.925
G0 X43.761 Y44.925
G1 F3600 X46.426 Y42.26 E0.06268
G1 X46.496 Y42.19
G0 F7200 X46.496 Y42.41
G0 X47.917 Y42.41
G0 X47.917 Y42.26
G1 F3600 X49.174 Y43.517 E0.02956
G1 X49.244 Y43.587
G0 F7200 X49.176 Y43.363
G0 X51.112 Y43.098
G0 X51.098 Y43.245
G1 F3600 X52.083 Y42.26 E0.02317
G1 X52.153 Y42.19
G0 F7200 X52.153 Y42.41
G0 X53.574 Y42.41
G0 X53.574 Y42.26
G1 F3600 X56.054 Y44.74 E0.05833
G0 F7200 X55.259 Y44.74
G1 F3600 X56.24 Y43.759 E0.02307
G1 X56.31 Y43.689
G1 F1500 E-6.5
G0 F7200 X56.09 Y43.689
G0 X56.053 Y45.07
G0 X56.053 Y46.165
G0 X56.053 Y53.835
G0 X56.053 Y54.93
G0 X56.053 Y55.26
G1 F1500 E6.5
G1 F3600 X53.573 Y57.74 E0.05833
G1 X53.503 Y57.81
G0 F7200 X53.503 Y57.59
G0 X52.083 Y57.59
G0 X52.083 Y57.74
G1 F3600 X51.091 Y56.748 E0.02333
G1 X51.021 Y56.678
G0 F7200 X51.043 Y56.91
G0 X49.131 Y56.623
G0 X49.175 Y56.481
G1 F3600 X47.916 Y57.74 E0.02961
G1 X47.846 Y57.81
G0 F7200 X47.846 Y57.59
G0 X46.425 Y57.59
G0 X46.425 Y57.739
G1 F3600 X43.76 Y55.074 E0.06268
G1 X43.69 Y55.004
G0 F7200 X43.91 Y55.004
G0 X43.91 Y56.238
G0 X43.761 Y56.238
G1 F3600 X45.765 Y54.234 E0.04713
G1 X45.835 Y54.164
G0 F7200 X45.643 Y54.32
G0 X47.193 Y55.699
G0 X48.377 Y56.331
G0 X49.663 Y56.722
G0 X51 Y56.854
G0 X52.337 Y56.722
G0 X53.494 Y56.37
G0 X55.26 Y55.41
G0 X55.26 Y55.26
G1 F3600 X56.24 Y56.24 E0.02305
G1 X56.31 Y56.31
G0 F7200 X56.09 Y56.31
G0 X52.376 Y56.773
G0 X52.287 Y56.477
;TYPE:WALL-INNER
G1 F3600 X51 Y56.599 E0.0215
G1 X49.708 Y56.476 E0.02158
G1 X48.469 Y56.097 E0.02155
G1 X47.334 Y55.494 E0.02137
G1 X46.328 Y54.666 E0.02167
G1 X45.505 Y53.661 E0.0216
G1 X44.899 Y52.529 E0.02135
G1 X44.714 Y51.916 E0.01065
G1 X43.6 Y51.916 E0.01853
G1 X43.601 Y57.899 E0.0995
G1 X56.272 Y57.9 E0.21072
G1 X56.4 Y57.683 E0.00419
G1 X56.4 Y55.1 E0.04296
G1 X55.143 Y55.1 E0.0209
G1 X54.663 Y55.494 E0.01033
G1 X53.527 Y56.097 E0.02139
G1 X52.287 Y56.477 E0.02157
G1 F1500 E-6.5
G0 F7200 X52.376 Y56.773
G0 X51 Y56.432
G0 X51 Y55.332
G0 X46.073 Y47.96
G0 X45.058 Y47.539
G0 X45.235 Y46.189
G0 X45.505 Y46.335
G1 F1500 E6.5
G1 F3600 X46.326 Y45.332 E0.02156
G1 X47.335 Y44.505 E0.0217
G1 X48.471 Y43.898 E0.02142
G1 X49.708 Y43.524 E0.02149
G1 X51 Y43.396 E0.02159
G1 X52.288 Y43.524 E0.02153
G1 X53.525 Y43.898 E0.02149
G1 X54.665 Y44.508 E0.0215
G1 X55.143 Y44.9 E0.01028
G1 X56.4 Y44.9 E0.0209
G1 X56.4 Y42.313 E0.04302
G1 X56.274 Y42.101 E0.0041
G1 X43.6 Y42.1 E0.21077
G1 X43.601 Y48.079 E0.09943
G1 X44.714 Y48.079 E0.01851
G1 X44.899 Y47.466 E0.01065
G1 X45.505 Y46.335 E0.02134
G0 F7200 X45.235 Y46.189
G0 X44.657 Y47.272
G0 X45.279 Y47.605
;TYPE:WALL-OUTER
G1 F1800 X45.831 Y46.573 E0.01946
G1 X46.629 Y45.601 E0.02091
G1 X47.573 Y44.831 E0.02026
G1 X48.605 Y44.279 E0.01946
G1 X49.804 Y43.916 E0.02083
G1 X51.02 Y43.8 E0.02031
G1 X52.192 Y43.916 E0.01959
G1 X53.391 Y44.279 E0.02083
G1 X54.423 Y44.831 E0.01946
G1 X55 Y45.3 E0.01237
G1 X56.8 Y45.3 E0.02993
G1 X56.8 Y42.262 E0.05052
G1 X56.635 Y41.879 E0.00694
G1 X56.356 Y41.701 E0.0055
G1 X43.2 Y41.7 E0.21879
G1 X43.2 Y48.18 E0.10776
G1 F1600 X43.25 Y48.68 E0.0094
G1 X43.5 Y48.48 E0.00599
G1 F1800 X45.011 Y48.479 E0.02513
G1 X45.279 Y47.605 E0.0152
G0 F7200 X45.373 Y47.429
G0 X44.751 Y47.096
G0 X43.48 Y48.203
G0 X43.25 Y48.68
G1 F1431.4 X43.251 Y51.359 E0.05602
G0 F7200 X43.48 Y51.796
G0 X46.438 Y54.562
G0 X47.416 Y55.365
G0 X48.531 Y55.96
G0 X49.512 Y56.258
G0 X52.26 Y56.79
G0 X52.192 Y56.084
G1 F1800 X50.981 Y56.196 E0.02022
G1 X49.805 Y56.084 E0.01965
G1 X48.641 Y55.732 E0.02022
G1 X47.54 Y55.147 E0.02073
G1 X46.628 Y54.395 E0.01966
G1 X45.831 Y53.423 E0.0209
G1 X45.279 Y52.391 E0.01946
G1 X45.011 Y51.516 E0.01522
G1 X43.5 Y51.516 E0.02513
G1 F1589.4 X43.251 Y51.359 E0.00554
G1 X43.2 Y51.816 E0.00866
G1 F1800 X43.201 Y58.299 E0.10781
G1 X56.354 Y58.3 E0.21874
G1 X56.635 Y58.12 E0.00555
G1 X56.8 Y57.734 E0.00698
G1 X56.8 Y54.7 E0.05046
G1 X55 Y54.7 E0.02993
G1 X54.422 Y55.169 E0.01238
G1 X53.355 Y55.732 E0.02006
G1 X52.192 Y56.084 E0.02021
G0 F7200 X51.993 Y56.102
G0 X52.091 Y57.109
G1 F1500 E-6.5
;MESH:NONMESH
G0 F600 X52.091 Y57.109 Z13.1
G0 F7200 X51 Y56.432
G0 X51 Y55.332
G0 X46.073 Y47.96
G0 X45.058 Y47.539
G0 X43.91 Y43.76
G0 X43.76 Y43.76
;TIME_ELAPSED:890.694056
;LAYER:128
;TYPE:FILL
;MESH:hold.stl
G1 F1500 E6.5
G1 F3600 X45.765 Y45.765 E0.04715
G1 X45.835 Y45.835
G0 F7200 X45.645 Y45.678
G0 X43.91 Y44.925
G0 X43.76 Y44.925
G1 F3600 X46.426 Y42.26 E0.06269
G1 X46.496 Y42.19
G0 F7200 X46.496 Y42.41
G0 X47.917 Y42.41
G0 X47.917 Y42.26
G1 F3600 X49.174 Y43.517 E0.02956
G1 X49.244 Y43.587
G0 F7200 X49.176 Y43.363
G0 X51.112 Y43.098
G0 X51.098 Y43.245
G1 F3600 X52.083 Y42.26 E0.02317
G1 X52.153 Y42.19
G0 F7200 X52.153 Y42.41
G0 X53.574 Y42.41
G0 X53.574 Y42.26
G1 F3600 X56.054 Y44.74 E0.05833
G0 F7200 X55.259 Y44.74
G1 F3600 X56.24 Y43.759 E0.02307
G1 X56.31 Y43.689
G1 F1500 E-6.5
G0 F7200 X56.09 Y43.689
G0 X56.053 Y45.07
G0 X56.053 Y46.165
G0 X56.053 Y53.835
G0 X56.053 Y54.93
G0 X56.053 Y55.26
G1 F1500 E6.5
G1 F3600 X53.573 Y57.74 E0.05833
G1 X53.503 Y57.81
G0 F7200 X53.503 Y57.59
G0 X52.083 Y57.59
G0 X52.083 Y57.74
G1 F3600 X51.091 Y56.748 E0.02333
G1 X51.021 Y56.678
G0 F7200 X51.043 Y56.91
G0 X49.131 Y56.623
G0 X49.175 Y56.481
G1 F3600 X47.916 Y57.74 E0.02961
G1 X47.846 Y57.81
G0 F7200 X47.846 Y57.59
G0 X46.425 Y57.59
G0 X46.425 Y57.739
G1 F3600 X43.76 Y55.074 E0.06268
G1 X43.69 Y55.004
G0 F7200 X43.91 Y55.004
G0 X43.91 Y56.238
G0 X43.761 Y56.238
G1 F3600 X45.765 Y54.234 E0.04713
G1 X45.835 Y54.164
G0 F7200 X45.643 Y54.32
G0 X47.193 Y55.699
G0 X48.377 Y56.331
G0 X49.663 Y56.722
G0 X51 Y56.854
G0 X52.337 Y56.722
G0 X53.494 Y56.37
G0 X55.26 Y55.41
G0 X55.26 Y55.26
G1 F3600 X56.24 Y56.24 E0.02305
G1 X56.31 Y56.31
G0 F7200 X56.09 Y56.31
G0 X52.376 Y56.773
G0 X52.287 Y56.477
;TYPE:WALL-INNER
G1 F3600 X51 Y56.599 E0.0215
G1 X49.708 Y56.476 E0.02158
G1 X48.469 Y56.097 E0.02155
G1 X47.334 Y55.494 E0.02137
G1 X46.328 Y54.666 E0.02167
G1 X45.505 Y53.661 E0.0216
G1 X44.898 Y52.528 E0.02138
G1 X44.731 Y51.972 E0.00965
G1 X43.6 Y51.972 E0.01881
G1 X43.601 Y57.899 E0.09857
G1 X56.272 Y57.9 E0.21072
G1 X56.4 Y57.683 E0.00419
G1 X56.4 Y55.1 E0.04296
G1 X55.143 Y55.1 E0.0209
G1 X54.663 Y55.494 E0.01033
G1 X53.527 Y56.097 E0.02139
G1 X52.287 Y56.477 E0.02157
G1 F1500 E-6.5
G0 F7200 X52.376 Y56.773
G0 X51 Y56.432
G0 X51 Y55.332
G0 X46.073 Y47.959
G0 X45.058 Y47.539
G0 X45.235 Y46.189
G0 X45.505 Y46.335
G1 F1500 E6.5
G1 F3600 X46.326 Y45.332 E0.02156
G1 X47.335 Y44.505 E0.0217
G1 X48.471 Y43.898 E0.02142
G1 X49.708 Y43.524 E0.02149
G1 X51 Y43.396 E0.02159
G1 X52.288 Y43.524 E0.02153
G1 X53.525 Y43.898 E0.02149
G1 X54.665 Y44.508 E0.0215
G1 X55.143 Y44.9 E0.01028
G1 X56.4 Y44.9 E0.0209
G1 X56.4 Y42.313 E0.04302
G1 X56.274 Y42.101 E0.0041
G1 X43.6 Y42.1 E0.21077
G1 X43.6 Y48.024 E0.09852
G1 X44.73 Y48.024 E0.01879
G1 X44.898 Y47.468 E0.00966
G1 X45.505 Y46.335 E0.02138
G0 F7200 X45.235 Y46.189
G0 X44.656 Y47.272
G0 X45.279 Y47.605
;TYPE:WALL-OUTER
G1 F1800 X45.831 Y46.573 E0.01946
G1 X46.629 Y45.601 E0.02091
G1 X47.573 Y44.831 E0.02026
G1 X48.605 Y44.279 E0.01946
G1 X49.804 Y43.916 E0.02083
G1 X51.02 Y43.8 E0.02031
G1 X52.192 Y43.916 E0.01959
G1 X53.391 Y44.279 E0.02083
G1 X54.423 Y44.831 E0.01946
G1 X55 Y45.3 E0.01237
G1 X56.8 Y45.3 E0.02993
G1 X56.8 Y42.262 E0.05052
G1 X56.635 Y41.879 E0.00694
G1 X56.356 Y41.701 E0.0055
G1 X43.2 Y41.7 E0.21879
G1 X43.2 Y48.124 E0.10683
G1 F1600 X43.25 Y48.624 E0.0094
G1 X43.5 Y48.424 E0.00599
G1 F1800 X45.027 Y48.424 E0.02539
G1 X45.279 Y47.605 E0.01425
G0 F7200 X45.373 Y47.429
G0 X44.751 Y47.096
G0 X43.48 Y48.145
G0 X43.25 Y48.624
G1 F1431.4 X43.251 Y51.415 E0.05837
G0 F7200 X43.48 Y51.854
G0 X46.438 Y54.562
G0 X47.416 Y55.365
G0 X48.531 Y55.96
G0 X49.512 Y56.258
G0 X52.26 Y56.79
G0 X52.192 Y56.084
G1 F1800 X50.981 Y56.196 E0.02022
G1 X49.805 Y56.084 E0.01965
G1 X48.641 Y55.732 E0.02022
G1 X47.54 Y55.147 E0.02073
G1 X46.628 Y54.395 E0.01966
G1 X45.831 Y53.423 E0.0209
G1 X45.264 Y52.355 E0.02011
G1 X45.027 Y51.572 E0.0136
G1 X43.5 Y51.572 E0.02539
G1 F1589.4 X43.251 Y51.415 E0.00554
G1 X43.2 Y51.872 E0.00866
G1 F1800 X43.201 Y58.299 E0.10688
G1 X56.354 Y58.3 E0.21874
G1 X56.635 Y58.12 E0.00555
G1 X56.8 Y57.734 E0.00698
G1 X56.8 Y54.7 E0.05046
G1 X55 Y54.7 E0.02993
G1 X54.422 Y55.169 E0.01238
G1 X53.355 Y55.732 E0.02006
G1 X52.192 Y56.084 E0.02021
G0 F7200 X51.993 Y56.102
G0 X52.091 Y57.109
G1 F1500 E-6.5
;MESH:NONMESH
G0 F600 X52.091 Y57.109 Z13.2
G0 F7200 X51 Y56.432
G0 X51 Y55.332
G0 X46.073 Y47.959
G0 X45.058 Y47.539
G0 X43.91 Y43.76
G0 X43.76 Y43.76
;TIME_ELAPSED:898.598096
;LAYER:129
;TYPE:FILL
;MESH:hold.stl
G1 F1500 E6.5
G1 F3600 X45.765 Y45.765 E0.04715
G1 X45.835 Y45.835
G0 F7200 X45.645 Y45.678
G0 X43.91 Y44.925
G0 X43.76 Y44.925
G1 F3600 X46.426 Y42.26 E0.06269
G1 X46.496 Y42.19
G0 F7200 X46.496 Y42.41
G0 X47.917 Y42.41
G0 X47.917 Y42.26
G1 F3600 X49.174 Y43.517 E0.02956
G1 X49.244 Y43.587
G0 F7200 X49.176 Y43.363
G0 X51.112 Y43.098
G0 X51.098 Y43.245
G1 F3600 X52.083 Y42.26 E0.02317
G1 X52.153 Y42.19
G0 F7200 X52.153 Y42.41
G0 X53.574 Y42.41
G0 X53.574 Y42.26
G1 F3600 X56.054 Y44.74 E0.05833
G0 F7200 X55.259 Y44.74
G1 F3600 X56.24 Y43.759 E0.02307
G1 X56.31 Y43.689
G1 F1500 E-6.5
G0 F7200 X56.09 Y43.689
G0 X56.053 Y45.07
G0 X56.053 Y46.165
G0 X56.053 Y53.835
G0 X56.053 Y54.93
G0 X56.053 Y55.26
G1 F1500 E6.5
G1 F3600 X53.573 Y57.74 E0.05833
G1 X53.503 Y57.81
G0 F7200 X53.503 Y57.59
G0 X52.083 Y57.59
G0 X52.083 Y57.74
G1 F3600 X51.091 Y56.748 E0.02333
G1 X51.021 Y56.678
G0 F7200 X51.043 Y56.91
G0 X49.131 Y56.623
G0 X49.175 Y56.481
G1 F3600 X47.916 Y57.74 E0.02961
G1 X47.846 Y57.81
G0 F7200 X47.846 Y57.59
G0 X46.425 Y57.59
G0 X46.425 Y57.739
G1 F3600 X43.76 Y55.074 E0.06268
G1 X43.69 Y55.004
G0 F7200 X43.91 Y55.004
G0 X43.91 Y56.238
G0 X43.761 Y56.238
G1 F3600 X45.765 Y54.234 E0.04713
G1 X45.835 Y54.164
G0 F7200 X45.643 Y54.32
G0 X47.193 Y55.699
G0 X48.377 Y56.331
G0 X49.663 Y56.722
G0 X51 Y56.854
G0 X52.337 Y56.722
G0 X53.494 Y56.37
G0 X55.26 Y55.41
G0 X55.26 Y55.26
G1 F3600 X56.24 Y56.24 E0.02305
G1 X56.31 Y56.31
G0 F7200 X56.09 Y56.31
G0 X52.376 Y56.773
G0 X52.287 Y56.477
;TYPE:WALL-INNER
G1 F3600 X51 Y56.599 E0.0215
G1 X49.708 Y56.476 E0.02158
G1 X48.469 Y56.097 E0.02155
G1 X47.334 Y55.494 E0.02137
G1 X46.328 Y54.666 E0.02167
G1 X45.505 Y53.661 E0.0216
G1 X44.901 Y52.533 E0.02128
G1 X44.747 Y52.033 E0.0087
G1 X43.6 Y52.032 E0.01907
G1 X43.601 Y57.899 E0.09757
G1 X56.272 Y57.9 E0.21072
G1 X56.4 Y57.683 E0.00419
G1 X56.4 Y55.1 E0.04296
G1 X55.143 Y55.1 E0.0209
G1 X54.663 Y55.494 E0.01033
G1 X53.527 Y56.097 E0.02139
G1 X52.287 Y56.477 E0.02157
G1 F1500 E-6.5
G0 F7200 X52.376 Y56.773
G0 X51 Y56.432
G0 X51 Y55.332
G0 X46.073 Y47.959
G0 X45.058 Y47.539
G0 X45.235 Y46.189
G0 X45.505 Y46.335
G1 F1500 E6.5
G1 F3600 X46.326 Y45.332 E0.02156
G1 X47.335 Y44.505 E0.0217
G1 X48.471 Y43.898 E0.02142
G1 X49.708 Y43.524 E0.02149
G1 X51 Y43.396 E0.02159
G1 X52.288 Y43.524 E0.02153
G1 X53.525 Y43.898 E0.02149
G1 X54.665 Y44.508 E0.0215
G1 X55.143 Y44.9 E0.01028
G1 X56.4 Y44.9 E0.0209
G1 X56.4 Y42.313 E0.04302
G1 X56.274 Y42.101 E0.0041
G1 X43.6 Y42.1 E0.21077
G1 X43.6 Y47.964 E0.09752
G1 X44.75 Y47.964 E0.01912
G1 X44.9 Y47.465 E0.00867
G1 X45.505 Y46.335 E0.02132
G0 F7200 X45.235 Y46.189
G0 X44.657 Y47.272
G0 X45.279 Y47.605
;TYPE:WALL-OUTER
G1 F1800 X45.831 Y46.573 E0.01946
G1 X46.629 Y45.601 E0.02091
G1 X47.573 Y44.831 E0.02026
G1 X48.605 Y44.279 E0.01946
G1 X49.804 Y43.916 E0.02083
G1 X51.02 Y43.8 E0.02031
G1 X52.192 Y43.916 E0.01959
G1 X53.391 Y44.279 E0.02083
G1 X54.423 Y44.831 E0.01946
G1 X55 Y45.3 E0.01237
G1 X56.8 Y45.3 E0.02993
G1 X56.8 Y42.262 E0.05052
G1 X56.635 Y41.879 E0.00694
G1 X56.356 Y41.701 E0.0055
G1 X43.2 Y41.7 E0.21879
G1 X43.2 Y48.064 E0.10583
G1 F1600 X43.25 Y48.564 E0.0094
G1 X43.5 Y48.364 E0.00599
G1 F1800 X45.047 Y48.364 E0.02573
G1 X45.279 Y47.605 E0.0132
G0 F7200 X45.373 Y47.429
G0 X44.751 Y47.096
G0 X43.48 Y48.087
G0 X43.25 Y48.564
G1 F1431.4 X43.251 Y51.475 E0.06088
G0 F7200 X43.48 Y51.912
G0 X46.438 Y54.562
G0 X47.416 Y55.365
G0 X48.531 Y55.96
G0 X49.512 Y56.258
G0 X52.26 Y56.79
G0 X52.192 Y56.084
G1 F1800 X50.981 Y56.196 E0.02022
G1 X49.805 Y56.084 E0.01965
G1 X48.641 Y55.732 E0.02022
G1 X47.54 Y55.147 E0.02073
G1 X46.628 Y54.395 E0.01966
G1 X45.831 Y53.423 E0.0209
G1 X45.264 Y52.355 E0.02011
G1 X45.043 Y51.633 E0.01256
G1 X43.5 Y51.632 E0.02566
G1 F1589.4 X43.251 Y51.475 E0.00554
G1 X43.2 Y51.932 E0.00866
G1 F1800 X43.201 Y58.299 E0.10588
G1 X56.354 Y58.3 E0.21874
G1 X56.635 Y58.12 E0.00555
G1 X56.8 Y57.734 E0.00698
G1 X56.8 Y54.7 E0.05046
G1 X55 Y54.7 E0.02993
G1 X54.422 Y55.169 E0.01238
G1 X53.355 Y55.732 E0.02006
G1 X52.192 Y56.084 E0.02021
G0 F7200 X51.993 Y56.102
G0 X52.091 Y57.109
G1 F1500 E-6.5
;MESH:NONMESH
G0 F600 X52.091 Y57.109 Z13.3
G0 F7200 X51 Y56.432
G0 X51 Y55.332
G0 X46.073 Y47.959
G0 X45.058 Y47.539
G0 X43.91 Y43.76
G0 X43.76 Y43.76
;TIME_ELAPSED:906.496317
;LAYER:130
;TYPE:FILL
;MESH:hold.stl
G1 F1500 E6.5
G1 F3600 X45.765 Y45.765 E0.04715
G1 X45.835 Y45.835
G0 F7200 X45.645 Y45.678
G0 X43.91 Y44.925
G0 X43.76 Y44.925
G1 F3600 X46.426 Y42.26 E0.06269
G1 X46.496 Y42.19
G0 F7200 X46.496 Y42.41
G0 X47.917 Y42.41
G0 X47.917 Y42.26
G1 F3600 X49.174 Y43.517 E0.02956
G1 X49.244 Y43.587
G0 F7200 X49.176 Y43.363
G0 X51.112 Y43.098
G0 X51.098 Y43.245
G1 F3600 X52.083 Y42.26 E0.02317
G1 X52.153 Y42.19
G0 F7200 X52.153 Y42.41
G0 X53.574 Y42.41
G0 X53.574 Y42.26
G1 F3600 X56.054 Y44.74 E0.05833
G0 F7200 X55.259 Y44.74
G1 F3600 X56.24 Y43.759 E0.02307
G1 X56.31 Y43.689
G1 F1500 E-6.5
G0 F7200 X56.09 Y43.689
G0 X56.053 Y45.07
G0 X56.053 Y46.165
G0 X56.053 Y53.835
G0 X56.053 Y54.93
G0 X56.053 Y55.26
G1 F1500 E6.5
G1 F3600 X53.573 Y57.74 E0.05833
G1 X53.503 Y57.81
G0 F7200 X53.503 Y57.59
G0 X52.083 Y57.59
G0 X52.083 Y57.74
G1 F3600 X51.091 Y56.748 E0.02333
G1 X51.021 Y56.678
G0 F7200 X51.043 Y56.91
G0 X49.131 Y56.623
G0 X49.175 Y56.481
G1 F3600 X47.916 Y57.74 E0.02961
G1 X47.846 Y57.81
G0 F7200 X47.846 Y57.59
G0 X46.425 Y57.59
G0 X46.425 Y57.739
G1 F3600 X43.76 Y55.074 E0.06268
G1 X43.69 Y55.004
G0 F7200 X43.91 Y55.004
G0 X43.91 Y56.238
G0 X43.761 Y56.238
G1 F3600 X45.765 Y54.234 E0.04713
G1 X45.835 Y54.164
G0 F7200 X45.643 Y54.32
G0 X47.193 Y55.699
G0 X48.377 Y56.331
G0 X49.663 Y56.722
G0 X51 Y56.854
G0 X52.337 Y56.722
G0 X53.494 Y56.37
G0 X55.26 Y55.41
G0 X55.26 Y55.26
G1 F3600 X56.24 Y56.24 E0.02305
G1 X56.31 Y56.31
G0 F7200 X56.09 Y56.31
G0 X52.376 Y56.773
G0 X52.287 Y56.477
;TYPE:WALL-INNER
G1 F3600 X51 Y56.599 E0.0215
G1 X49.708 Y56.476 E0.02158
G1 X48.469 Y56.097 E0.02155
G1 X47.334 Y55.494 E0.02137
G1 X46.328 Y54.666 E0.02167
G1 X45.505 Y53.661 E0.0216
G1 X44.926 Y52.58 E0.02039
G1 X44.766 Y52.088 E0.0086
G1 X43.6 Y52.088 E0.01939
G1 X43.601 Y57.899 E0.09664
G1 X56.272 Y57.9 E0.21072
G1 X56.4 Y57.683 E0.00419
G1 X56.4 Y55.1 E0.04296
G1 X55.143 Y55.1 E0.0209
G1 X54.663 Y55.494 E0.01033
G1 X53.527 Y56.097 E0.02139
G1 X52.287 Y56.477 E0.02157
G1 F1500 E-6.5
G0 F7200 X52.376 Y56.773
G0 X51 Y56.432
G0 X51 Y55.332
G0 X46.073 Y47.96
G0 X45.058 Y47.539
G0 X45.234 Y46.19
G0 X45.504 Y46.336
G1 F1500 E6.5
G1 F3600 X46.326 Y45.332 E0.02158
G1 X47.335 Y44.505 E0.0217
G1 X48.471 Y43.898 E0.02142
G1 X49.708 Y43.524 E0.02149
G1 X51 Y43.396 E0.02159
G1 X52.288 Y43.524 E0.02153
G1 X53.525 Y43.898 E0.02149
G1 X54.665 Y44.508 E0.0215
G1 X55.143 Y44.9 E0.01028
G1 X56.4 Y44.9 E0.0209
G1 X56.4 Y42.313 E0.04302
G1 X56.274 Y42.101 E0.0041
G1 X43.6 Y42.1 E0.21077
G1 X43.6 Y47.908 E0.09659
G1 X44.766 Y47.908 E0.01939
G1 X44.897 Y47.481 E0.00743
G1 X45.504 Y46.336 E0.02155
G0 F7200 X45.831 Y46.573
;TYPE:WALL-OUTER
G1 F1800 X46.629 Y45.601 E0.02091
G1 X47.573 Y44.831 E0.02026
G1 X48.605 Y44.279 E0.01946
G1 X49.804 Y43.916 E0.02083
G1 X51.02 Y43.8 E0.02031
G1 X52.192 Y43.916 E0.01959
G1 X53.391 Y44.279 E0.02083
G1 X54.423 Y44.831 E0.01946
G1 X55 Y45.3 E0.01237
G1 X56.8 Y45.3 E0.02993
G1 X56.8 Y42.262 E0.05052
G1 X56.635 Y41.879 E0.00694
G1 X56.356 Y41.701 E0.0055
G1 X43.2 Y41.7 E0.21879
G1 X43.2 Y48.008 E0.1049
G1 F1600 X43.25 Y48.508 E0.0094
G1 X43.5 Y48.308 E0.00599
G1 F1800 X45.063 Y48.308 E0.02599
G1 X45.269 Y47.627 E0.01183
G1 X45.831 Y46.573 E0.01986
G0 F7200 X45.957 Y46.419
G0 X45.408 Y45.968
G0 X43.48 Y48.03
G0 X43.25 Y48.508
G1 F1431.4 X43.251 Y51.531 E0.06322
G0 F7200 X43.48 Y51.969
G0 X47.416 Y55.365
G0 X48.531 Y55.96
G0 X49.512 Y56.258
G0 X52.26 Y56.79
G0 X52.192 Y56.084
G1 F1800 X50.981 Y56.196 E0.02022
G1 X49.805 Y56.084 E0.01965
G1 X48.641 Y55.732 E0.02022
G1 X47.54 Y55.147 E0.02073
G1 X46.628 Y54.395 E0.01966
G1 X45.831 Y53.423 E0.0209
G1 X45.269 Y52.369 E0.01986
G1 X45.063 Y51.688 E0.01183
G1 X43.5 Y51.688 E0.02599
G1 F1589.4 X43.251 Y51.531 E0.00554
G1 X43.2 Y51.988 E0.00866
G1 F1800 X43.201 Y58.299 E0.10495
G1 X56.354 Y58.3 E0.21874
G1 X56.635 Y58.12 E0.00555
G1 X56.8 Y57.734 E0.00698
G1 X56.8 Y54.7 E0.05046
G1 X55 Y54.7 E0.02993
G1 X54.422 Y55.169 E0.01238
G1 X53.355 Y55.732 E0.02006
G1 X52.192 Y56.084 E0.02021
G0 F7200 X51.993 Y56.102
G0 X52.091 Y57.109
G1 F1500 E-6.5
;MESH:NONMESH
G0 F600 X52.091 Y57.109 Z13.4
G0 F7200 X51 Y56.432
G0 X51 Y55.332
G0 X46.073 Y47.96
G0 X45.058 Y47.539
G0 X43.91 Y43.76
G0 X43.76 Y43.76
;TIME_ELAPSED:914.354594
;LAYER:131
;TYPE:FILL
;MESH:hold.stl
G1 F1500 E6.5
G1 F3600 X45.765 Y45.765 E0.04715
G1 X45.835 Y45.835
G0 F7200 X45.645 Y45.678
G0 X43.91 Y44.925
G0 X43.76 Y44.925
G1 F3600 X46.426 Y42.26 E0.06269
G1 X46.496 Y42.19
G0 F7200 X46.496 Y42.41
G0 X47.917 Y42.41
G0 X47.917 Y42.26
G1 F3600 X49.174 Y43.517 E0.02956
G1 X49.244 Y43.587
G0 F7200 X49.176 Y43.363
G0 X51.112 Y43.098
G0 X51.098 Y43.245
G1 F3600 X52.083 Y42.26 E0.02317
G1 X52.153 Y42.19
G0 F7200 X52.153 Y42.41
G0 X53.574 Y42.41
G0 X53.574 Y42.26
G1 F3600 X56.054 Y44.74 E0.05833
G0 F7200 X55.259 Y44.74
G1 F3600 X56.24 Y43.759 E0.02307
G1 X56.31 Y43.689
G1 F1500 E-6.5
G0 F7200 X56.09 Y43.689
G0 X56.053 Y45.07
G0 X56.053 Y46.165
G0 X56.053 Y53.835
G0 X56.053 Y54.93
G0 X56.053 Y55.26
G1 F1500 E6.5
G1 F3600 X53.573 Y57.74 E0.05833
G1 X53.503 Y57.81
G0 F7200 X53.503 Y57.59
G0 X52.083 Y57.59
G0 X52.083 Y57.74
G1 F3600 X51.091 Y56.748 E0.02333
G1 X51.021 Y56.678
G0 F7200 X51.043 Y56.91
G0 X49.131 Y56.623
G0 X49.175 Y56.481
G1 F3600 X47.916 Y57.74 E0.02961
G1 X47.846 Y57.81
G0 F7200 X47.846 Y57.59
G0 X46.425 Y57.59
G0 X46.425 Y57.739
G1 F3600 X43.76 Y55.074 E0.06268
G1 X43.69 Y55.004
G0 F7200 X43.91 Y55.004
G0 X43.91 Y56.238
G0 X43.761 Y56.238
G1 F3600 X45.765 Y54.234 E0.04713
G1 X45.835 Y54.164
G0 F7200 X45.643 Y54.32
G0 X47.193 Y55.699
G0 X48.377 Y56.331
G0 X49.663 Y56.722
G0 X51 Y56.854
G0 X52.337 Y56.722
G0 X53.494 Y56.37
G0 X55.26 Y55.41
G0 X55.26 Y55.26
G1 F3600 X56.24 Y56.24 E0.02305
G1 X56.31 Y56.31
G0 F7200 X56.09 Y56.31
G0 X52.376 Y56.773
G0 X52.287 Y56.477
;TYPE:WALL-INNER
G1 F3600 X51 Y56.599 E0.0215
G1 X49.708 Y56.476 E0.02158
G1 X48.469 Y56.097 E0.02155
G1 X47.334 Y55.494 E0.02137
G1 X46.328 Y54.666 E0.02167
G1 X45.505 Y53.661 E0.0216
G1 X44.91 Y52.546 E0.02102
G1 X44.782 Y52.144 E0.00702
G1 X43.6 Y52.144 E0.01966
G1 X43.601 Y57.899 E0.09571
G1 X56.272 Y57.9 E0.21072
G1 X56.4 Y57.683 E0.00419
G1 X56.4 Y55.1 E0.04296
G1 X55.143 Y55.1 E0.0209
G1 X54.663 Y55.494 E0.01033
G1 X53.527 Y56.097 E0.02139
G1 X52.287 Y56.477 E0.02157
G1 F1500 E-6.5
G0 F7200 X52.376 Y56.773
G0 X51 Y56.432
G0 X51 Y55.332
G0 X46.073 Y47.96
G0 X45.058 Y47.539
G0 X45.235 Y46.189
G0 X45.505 Y46.335
G1 F1500 E6.5
G1 F3600 X46.326 Y45.332 E0.02156
G1 X47.335 Y44.505 E0.0217
G1 X48.471 Y43.898 E0.02142
G1 X49.708 Y43.524 E0.02149
G1 X51 Y43.396 E0.02159
G1 X52.288 Y43.524 E0.02153
G1 X53.525 Y43.898 E0.02149
G1 X54.665 Y44.508 E0.0215
G1 X55.143 Y44.9 E0.01028
G1 X56.4 Y44.9 E0.0209
G1 X56.4 Y42.313 E0.04302
G1 X56.274 Y42.101 E0.0041
G1 X43.6 Y42.1 E0.21077
G1 X43.6 Y47.852 E0.09566
G1 X44.782 Y47.852 E0.01966
G1 X44.926 Y47.416 E0.00764
G1 X45.505 Y46.335 E0.02039
G0 F7200 X45.831 Y46.573
;TYPE:WALL-OUTER
G1 F1800 X46.629 Y45.601 E0.02091
G1 X47.573 Y44.831 E0.02026
G1 X48.605 Y44.279 E0.01946
G1 X49.804 Y43.916 E0.02083
G1 X51.02 Y43.8 E0.02031
G1 X52.192 Y43.916 E0.01959
G1 X53.391 Y44.279 E0.02083
G1 X54.423 Y44.831 E0.01946
G1 X55 Y45.3 E0.01237
G1 X56.8 Y45.3 E0.02993
G1 X56.8 Y42.262 E0.05052
G1 X56.635 Y41.879 E0.00694
G1 X56.356 Y41.701 E0.0055
G1 X43.2 Y41.7 E0.21879
G1 X43.2 Y47.952 E0.10397
G1 F1600 X43.25 Y48.452 E0.0094
G1 X43.5 Y48.252 E0.00599
G1 F1800 X45.079 Y48.252 E0.02626
G1 X45.279 Y47.605 E0.01126
G1 X45.831 Y46.573 E0.01946
G0 F7200 X45.957 Y46.419
G0 X45.408 Y45.968
G0 X43.48 Y47.972
G0 X43.25 Y48.452
G1 F1431.4 X43.251 Y51.587 E0.06556
G0 F7200 X43.48 Y52.027
G0 X47.416 Y55.365
G0 X48.531 Y55.96
G0 X49.512 Y56.258
G0 X52.26 Y56.79
G0 X52.192 Y56.084
G1 F1800 X50.981 Y56.196 E0.02022
G1 X49.805 Y56.084 E0.01965
G1 X48.641 Y55.732 E0.02022
G1 X47.54 Y55.147 E0.02073
G1 X46.628 Y54.395 E0.01966
G1 X45.831 Y53.423 E0.0209
G1 X45.274 Y52.38 E0.01966
G1 X45.079 Y51.744 E0.01106
G1 X43.5 Y51.744 E0.02626
G1 F1589.4 X43.251 Y51.587 E0.00554
G1 X43.2 Y52.044 E0.00866
G1 F1800 X43.201 Y58.299 E0.10402
G1 X56.354 Y58.3 E0.21874
G1 X56.635 Y58.12 E0.00555
G1 X56.8 Y57.734 E0.00698
G1 X56.8 Y54.7 E0.05046
G1 X55 Y54.7 E0.02993
G1 X54.422 Y55.169 E0.01238
G1 X53.355 Y55.732 E0.02006
G1 X52.192 Y56.084 E0.02021
G0 F7200 X51.993 Y56.102
G0 X52.091 Y57.109
G1 F1500 E-6.5
;MESH:NONMESH
G0 F600 X52.091 Y57.109 Z13.5
G0 F7200 X51 Y56.432
G0 X51 Y55.332
G0 X46.073 Y47.96
G0 X45.058 Y47.539
G0 X43.91 Y43.76
G0 X43.76 Y43.76
;TIME_ELAPSED:922.207092
;LAYER:132
;TYPE:FILL
;MESH:hold.stl
G1 F1500 E6.5
G1 F3600 X45.765 Y45.765 E0.04715
G1 X45.835 Y45.835
G0 F7200 X45.645 Y45.678
G0 X43.91 Y44.925
G0 X43.76 Y44.925
G1 F3600 X46.426 Y42.26 E0.06269
G1 X46.496 Y42.19
G0 F7200 X46.496 Y42.41
G0 X47.917 Y42.41
G0 X47.917 Y42.26
G1 F3600 X49.174 Y43.517 E0.02956
G1 X49.244 Y43.587
G0 F7200 X49.176 Y43.363
G0 X51.112 Y43.098
G0 X51.098 Y43.245
G1 F3600 X52.083 Y42.26 E0.02317
G1 X52.153 Y42.19
G0 F7200 X52.153 Y42.41
G0 X53.574 Y42.41
G0 X53.574 Y42.26
G1 F3600 X56.054 Y44.74 E0.05833
G0 F7200 X55.259 Y44.74
G1 F3600 X56.24 Y43.759 E0.02307
G1 X56.31 Y43.689
G1 F1500 E-6.5
G0 F7200 X56.09 Y43.689
G0 X56.053 Y45.07
G0 X56.053 Y46.165
G0 X56.053 Y53.835
G0 X56.053 Y54.93
G0 X56.053 Y55.26
G1 F1500 E6.5
G1 F3600 X53.573 Y57.74 E0.05833
G1 X53.503 Y57.81
G0 F7200 X53.503 Y57.59
G0 X52.083 Y57.59
G0 X52.083 Y57.74
G1 F3600 X51.091 Y56.748 E0.02333
G1 X51.021 Y56.678
G0 F7200 X51.043 Y56.91
G0 X49.131 Y56.623
G0 X49.175 Y56.481
G1 F3600 X47.916 Y57.74 E0.02961
G1 X47.846 Y57.81
G0 F7200 X47.846 Y57.59
G0 X46.425 Y57.59
G0 X46.425 Y57.739
G1 F3600 X43.76 Y55.074 E0.06268
G1 X43.69 Y55.004
G0 F7200 X43.91 Y55.004
G0 X43.91 Y56.238
G0 X43.761 Y56.238
G1 F3600 X45.765 Y54.234 E0.04713
G1 X45.835 Y54.164
G0 F7200 X45.643 Y54.32
G0 X47.193 Y55.699
G0 X48.377 Y56.331
G0 X49.663 Y56.722
G0 X51 Y56.854
G0 X52.337 Y56.722
G0 X53.494 Y56.37
G0 X55.26 Y55.41
G0 X55.26 Y55.26
G1 F3600 X56.24 Y56.24 E0.02305
G1 X56.31 Y56.31
G0 F7200 X56.09 Y56.31
G0 X52.376 Y56.773
G0 X52.287 Y56.477
;TYPE:WALL-INNER
G1 F3600 X51 Y56.599 E0.0215
G1 X49.708 Y56.476 E0.02158
G1 X48.469 Y56.097 E0.02155
G1 X47.334 Y55.494 E0.02137
G1 X46.328 Y54.666 E0.02167
G1 X45.505 Y53.661 E0.0216
G1 X44.926 Y52.58 E0.02039
G1 X44.801 Y52.204 E0.00659
G1 X43.6 Y52.205 E0.01997
G1 X43.601 Y57.899 E0.09469
G1 X56.272 Y57.9 E0.21072
G1 X56.4 Y57.683 E0.00419
G1 X56.4 Y55.1 E0.04296
G1 X55.143 Y55.1 E0.0209
G1 X54.663 Y55.494 E0.01033
G1 X53.527 Y56.097 E0.02139
G1 X52.287 Y56.477 E0.02157
G1 F1500 E-6.5
G0 F7200 X52.376 Y56.773
G0 X51 Y56.432
G0 X51 Y55.332
G0 X46.073 Y47.96
G0 X45.058 Y47.539
G0 X45.235 Y46.189
G0 X45.505 Y46.335
G1 F1500 E6.5
G1 F3600 X46.326 Y45.332 E0.02156
G1 X47.335 Y44.505 E0.0217
G1 X48.471 Y43.898 E0.02142
G1 X49.708 Y43.524 E0.02149
G1 X51 Y43.396 E0.02159
G1 X52.288 Y43.524 E0.02153
G1 X53.525 Y43.898 E0.02149
G1 X54.665 Y44.508 E0.0215
G1 X55.143 Y44.9 E0.01028
G1 X56.4 Y44.9 E0.0209
G1 X56.4 Y42.313 E0.04302
G1 X56.274 Y42.101 E0.0041
G1 X43.6 Y42.1 E0.21077
G1 X43.6 Y47.792 E0.09466
G1 X44.801 Y47.792 E0.01997
G1 X44.925 Y47.418 E0.00655
G1 X45.505 Y46.335 E0.02043
G0 F7200 X45.831 Y46.573
;TYPE:WALL-OUTER
G1 F1800 X46.629 Y45.601 E0.02091
G1 X47.573 Y44.831 E0.02026
G1 X48.605 Y44.279 E0.01946
G1 X49.804 Y43.916 E0.02083
G1 X51.02 Y43.8 E0.02031
G1 X52.192 Y43.916 E0.01959
G1 X53.391 Y44.279 E0.02083
G1 X54.423 Y44.831 E0.01946
G1 X55 Y45.3 E0.01237
G1 X56.8 Y45.3 E0.02993
G1 X56.8 Y42.262 E0.05052
G1 X56.635 Y41.879 E0.00694
G1 X56.356 Y41.701 E0.0055
G1 X43.2 Y41.7 E0.21879
G1 X43.2 Y47.892 E0.10297
G1 F1600 X43.25 Y48.392 E0.0094
G1 X43.5 Y48.192 E0.00599
G1 F1800 X45.099 Y48.192 E0.02659
G1 X45.279 Y47.606 E0.01019
G1 X45.831 Y46.573 E0.01948
G0 F7200 X45.957 Y46.419
G0 X45.408 Y45.968
G0 X43.48 Y47.914
G0 X43.25 Y48.392
G1 F1431.4 X43.251 Y51.647 E0.06807
G0 F7200 X43.48 Y52.085
G0 X47.416 Y55.365
G0 X48.531 Y55.96
G0 X49.512 Y56.258
G0 X52.26 Y56.79
G0 X52.192 Y56.084
G1 F1800 X50.981 Y56.196 E0.02022
G1 X49.805 Y56.084 E0.01965
G1 X48.641 Y55.732 E0.02022
G1 X47.54 Y55.147 E0.02073
G1 X46.628 Y54.395 E0.01966
G1 X45.831 Y53.423 E0.0209
G1 X45.279 Y52.391 E0.01946
G1 X45.099 Y51.804 E0.01021
G1 X43.5 Y51.804 E0.02659
G1 F1589.4 X43.251 Y51.647 E0.00554
G1 X43.2 Y52.104 E0.00866
G1 F1800 X43.201 Y58.299 E0.10302
G1 X56.354 Y58.3 E0.21874
G1 X56.635 Y58.12 E0.00555
G1 X56.8 Y57.734 E0.00698
G1 X56.8 Y54.7 E0.05046
G1 X55 Y54.7 E0.02993
G1 X54.422 Y55.169 E0.01238
G1 X53.355 Y55.732 E0.02006
G1 X52.192 Y56.084 E0.02021
G0 F7200 X51.993 Y56.102
G0 X52.091 Y57.109
;MESH:NONMESH
G0 F600 X52.091 Y57.109 Z13.6
G0 F7200 X49.906 Y56.761
G0 X43.91 Y55.074
G0 X43.76 Y55.074
;TIME_ELAPSED:929.662955
;LAYER:133
;TYPE:FILL
;MESH:hold.stl
G1 F3600 X46.425 Y57.739 E0.06268
G1 X46.495 Y57.809
G0 F7200 X46.495 Y57.59
G0 X47.916 Y57.59
G0 X47.916 Y57.74
G1 F3600 X49.175 Y56.481 E0.02961
G1 X49.245 Y56.411
G0 F7200 X49.176 Y56.636
G0 X51.105 Y56.904
G0 X51.091 Y56.748
G1 F3600 X52.083 Y57.74 E0.02333
G1 X52.153 Y57.81
G0 F7200 X52.153 Y57.59
G0 X53.573 Y57.59
G0 X53.573 Y57.74
G1 F3600 X56.053 Y55.26 E0.05833
G0 F7200 X55.26 Y55.26
G1 F3600 X56.24 Y56.24 E0.02305
G1 X56.31 Y56.31
G0 F7200 X56.09 Y56.31
G0 X51 Y56.854
G0 X49.663 Y56.722
G0 X48.377 Y56.331
G0 X47.193 Y55.699
G0 X45.65 Y54.327
G0 X45.765 Y54.234
G1 F3600 X43.761 Y56.238 E0.04713
G1 X43.691 Y56.308
G0 F7200 X43.91 Y56.308
G0 X51 Y56.854
G0 X52.376 Y56.773
G0 X52.287 Y56.477
;TYPE:WALL-INNER
G1 F3600 X51 Y56.599 E0.0215
G1 X49.708 Y56.476 E0.02158
G1 X48.469 Y56.097 E0.02155
G1 X47.334 Y55.494 E0.02137
G1 X46.328 Y54.666 E0.02167
G1 X45.505 Y53.661 E0.0216
G1 X44.926 Y52.58 E0.02039
G1 X44.818 Y52.261 E0.0056
G1 X43.6 Y52.26 E0.02026
G1 X43.601 Y57.899 E0.09378
G1 X56.272 Y57.9 E0.21072
G1 X56.4 Y57.683 E0.00419
G1 X56.4 Y55.1 E0.04296
G1 X55.143 Y55.1 E0.0209
G1 X54.663 Y55.494 E0.01033
G1 X53.527 Y56.097 E0.02139
G1 X52.287 Y56.477 E0.02157
G0 F7200 X52.192 Y56.084
;TYPE:WALL-OUTER
G1 F1800 X50.981 Y56.196 E0.02022
G1 X49.805 Y56.084 E0.01965
G1 X48.641 Y55.732 E0.02022
G1 X47.54 Y55.147 E0.02073
G1 X46.628 Y54.395 E0.01966
G1 X45.831 Y53.423 E0.0209
G1 X45.279 Y52.391 E0.01946
G1 X45.115 Y51.861 E0.00923
G1 X43.5 Y51.86 E0.02686
G1 F1589.4 X43.251 Y51.703 E0.00554
G1 X43.2 Y52.16 E0.00866
G1 F1800 X43.201 Y58.299 E0.10209
G1 X56.354 Y58.3 E0.21874
G1 X56.635 Y58.12 E0.00555
G1 X56.8 Y57.734 E0.00698
G1 X56.8 Y54.7 E0.05046
G1 X55 Y54.7 E0.02993
G1 X54.422 Y55.169 E0.01238
G1 X53.355 Y55.732 E0.02006
G1 X52.192 Y56.084 E0.02021
G0 F7200 X51.993 Y56.102
G0 X52.061 Y56.81
G0 X49.742 Y56.328
G0 X48.531 Y55.96
G0 X47.527 Y55.424
G0 X43.48 Y52.143
G0 X43.251 Y51.703
G1 F1431.4 X43.25 Y50.61 E0.02286
G0 F7200 X44.21 Y52.755
G1 F1500 E-6.5
G0 F7200 X44.949 Y52.088
G0 X44.948 Y50.998
G0 X44.95 Y49.002
G0 X44.95 Y47.911
G0 X45.651 Y45.671
G0 X45.765 Y45.765
;TYPE:FILL
G1 F1500 E6.5
G1 F3600 X43.76 Y43.76 E0.04715
G1 X43.69 Y43.69
G0 F7200 X43.91 Y43.69
G0 X43.91 Y44.925
G0 X43.76 Y44.925
G1 F3600 X46.426 Y42.26 E0.06269
G1 X46.496 Y42.19
G0 F7200 X46.496 Y42.41
G0 X47.917 Y42.41
G0 X47.917 Y42.26
G1 F3600 X49.174 Y43.517 E0.02956
G1 X49.244 Y43.587
G0 F7200 X49.176 Y43.363
G0 X51.112 Y43.098
G0 X51.098 Y43.245
G1 F3600 X52.083 Y42.26 E0.02317
G1 X52.153 Y42.19
G0 F7200 X52.153 Y42.41
G0 X53.574 Y42.41
G0 X53.574 Y42.26
G1 F3600 X56.054 Y44.74 E0.05833
G0 F7200 X55.259 Y44.74
G1 F3600 X56.24 Y43.759 E0.02307
G1 X56.31 Y43.689
G0 F7200 X56.09 Y43.689
G0 X51 Y43.146
G0 X49.663 Y43.278
G0 X48.377 Y43.669
G0 X47.193 Y44.301
G0 X46.351 Y44.991
G0 X45.235 Y46.19
G0 X45.505 Y46.335
;TYPE:WALL-INNER
G1 F3600 X46.326 Y45.332 E0.02156
G1 X47.335 Y44.505 E0.0217
G1 X48.471 Y43.898 E0.02142
G1 X49.708 Y43.524 E0.02149
G1 X51 Y43.396 E0.02159
G1 X52.288 Y43.524 E0.02153
G1 X53.525 Y43.898 E0.02149
G1 X54.665 Y44.508 E0.0215
G1 X55.143 Y44.9 E0.01028
G1 X56.4 Y44.9 E0.0209
G1 X56.4 Y42.313 E0.04302
G1 X56.274 Y42.101 E0.0041
G1 X43.6 Y42.1 E0.21077
G1 X43.6 Y47.736 E0.09373
G1 X44.818 Y47.735 E0.02026
G1 X44.926 Y47.416 E0.0056
G1 X45.505 Y46.335 E0.02039
G0 F7200 X45.831 Y46.573
;TYPE:WALL-OUTER
G1 F1800 X46.629 Y45.601 E0.02091
G1 X47.573 Y44.831 E0.02026
G1 X48.605 Y44.279 E0.01946
G1 X49.804 Y43.916 E0.02083
G1 X51.02 Y43.8 E0.02031
G1 X52.192 Y43.916 E0.01959
G1 X53.391 Y44.279 E0.02083
G1 X54.423 Y44.831 E0.01946
G1 X55 Y45.3 E0.01237
G1 X56.8 Y45.3 E0.02993
G1 X56.8 Y42.262 E0.05052
G1 X56.635 Y41.879 E0.00694
G1 X56.356 Y41.701 E0.0055
G1 X43.2 Y41.7 E0.21879
G1 X43.2 Y47.836 E0.10204
G1 F1600 X43.25 Y48.336 E0.0094
G1 X43.5 Y48.136 E0.00599
G1 F1800 X45.115 Y48.135 E0.02686
G1 X45.279 Y47.605 E0.00923
G1 X45.831 Y46.573 E0.01946
G0 F7200 X45.957 Y46.419
G0 X45.408 Y45.968
G0 X43.48 Y47.856
G0 X43.25 Y48.336
G1 F1440 X43.25 Y49.386 E0.02183
G0 F7200 X44.21 Y47.244
G1 F1500 E-6.5
;MESH:NONMESH
G0 F600 X44.21 Y47.244 Z13.7
G0 F7200 X44.153 Y48.989
G0 X44.153 Y51.01
G0 X43.918 Y52.073
G0 X43.91 Y55.074
G0 X43.76 Y55.074
;TIME_ELAPSED:936.530905
;LAYER:134
;TYPE:FILL
;MESH:hold.stl
G1 F1500 E6.5
G1 F3600 X46.425 Y57.739 E0.06268
G1 X46.495 Y57.809
G0 F7200 X46.495 Y57.59
G0 X47.916 Y57.59
G0 X47.916 Y57.74
G1 F3600 X49.175 Y56.481 E0.02961
G1 X49.245 Y56.411
G0 F7200 X49.176 Y56.636
G0 X51.105 Y56.904
G0 X51.091 Y56.748
G1 F3600 X52.083 Y57.74 E0.02333
G1 X52.153 Y57.81
G0 F7200 X52.153 Y57.59
G0 X53.573 Y57.59
G0 X53.573 Y57.74
G1 F3600 X56.053 Y55.26 E0.05833
G0 F7200 X55.26 Y55.26
G1 F3600 X56.24 Y56.24 E0.02305
G1 X56.31 Y56.31
G0 F7200 X56.09 Y56.31
G0 X51 Y56.854
G0 X49.663 Y56.722
G0 X48.377 Y56.331
G0 X47.193 Y55.699
G0 X45.65 Y54.327
G0 X45.765 Y54.234
G1 F3600 X43.761 Y56.238 E0.04713
G1 X43.691 Y56.308
G0 F7200 X43.91 Y56.308
G0 X51 Y56.854
G0 X52.376 Y56.773
G0 X52.287 Y56.477
;TYPE:WALL-INNER
G1 F3600 X51 Y56.599 E0.0215
G1 X49.708 Y56.476 E0.02158
G1 X48.469 Y56.097 E0.02155
G1 X47.334 Y55.494 E0.02137
G1 X46.328 Y54.666 E0.02167
G1 X45.505 Y53.661 E0.0216
G1 X44.927 Y52.579 E0.0204
G1 X44.836 Y52.32 E0.00457
G1 X43.6 Y52.32 E0.02055
G1 X43.601 Y57.899 E0.09278
G1 X56.272 Y57.9 E0.21072
G1 X56.4 Y57.683 E0.00419
G1 X56.4 Y55.1 E0.04296
G1 X55.143 Y55.1 E0.0209
G1 X54.663 Y55.494 E0.01033
G1 X53.527 Y56.097 E0.02139
G1 X52.287 Y56.477 E0.02157
G0 F7200 X52.192 Y56.084
;TYPE:WALL-OUTER
G1 F1800 X50.981 Y56.196 E0.02022
G1 X49.805 Y56.084 E0.01965
G1 X48.641 Y55.732 E0.02022
G1 X47.54 Y55.147 E0.02073
G1 X46.628 Y54.395 E0.01966
G1 X45.831 Y53.423 E0.0209
G1 X45.264 Y52.355 E0.02011
G1 X45.132 Y51.92 E0.00756
G1 X43.5 Y51.92 E0.02714
G1 F1589.4 X43.251 Y51.763 E0.00554
G1 X43.2 Y52.22 E0.00866
G1 F1800 X43.201 Y58.299 E0.10109
G1 X56.354 Y58.3 E0.21874
G1 X56.635 Y58.12 E0.00555
G1 X56.8 Y57.734 E0.00698
G1 X56.8 Y54.7 E0.05046
G1 X55 Y54.7 E0.02993
G1 X54.422 Y55.169 E0.01238
G1 X53.355 Y55.732 E0.02006
G1 X52.192 Y56.084 E0.02021
G0 F7200 X51.993 Y56.102
G0 X52.061 Y56.81
G0 X49.742 Y56.328
G0 X48.531 Y55.96
G0 X47.527 Y55.424
G0 X43.48 Y52.2
G0 X43.251 Y51.763
G1 F1431.4 X43.25 Y50.89 E0.01826
G0 F7200 X44.21 Y52.812
G1 F1500 E-6.5
G0 F7200 X44.967 Y52.146
G0 X44.967 Y51.055
G0 X44.968 Y48.944
G0 X44.968 Y47.853
G0 X45.651 Y45.671
G0 X45.765 Y45.765
;TYPE:FILL
G1 F1500 E6.5
G1 F3600 X43.76 Y43.76 E0.04715
G1 X43.69 Y43.69
G0 F7200 X43.91 Y43.69
G0 X43.91 Y44.925
G0 X43.76 Y44.925
G1 F3600 X46.426 Y42.26 E0.06269
G1 X46.496 Y42.19
G0 F7200 X46.496 Y42.41
G0 X47.917 Y42.41
G0 X47.917 Y42.26
G1 F3600 X49.174 Y43.517 E0.02956
G1 X49.244 Y43.587
G0 F7200 X49.176 Y43.363
G0 X51.112 Y43.098
G0 X51.098 Y43.245
G1 F3600 X52.083 Y42.26 E0.02317
G1 X52.153 Y42.19
G0 F7200 X52.153 Y42.41
G0 X53.574 Y42.41
G0 X53.574 Y42.26
G1 F3600 X56.054 Y44.74 E0.05833
G0 F7200 X55.259 Y44.74
G1 F3600 X56.24 Y43.759 E0.02307
G1 X56.31 Y43.689
G0 F7200 X56.09 Y43.689
G0 X51 Y43.146
G0 X49.663 Y43.278
G0 X48.377 Y43.669
G0 X47.193 Y44.301
G0 X46.351 Y44.991
G0 X45.235 Y46.19
G0 X45.505 Y46.335
;TYPE:WALL-INNER
G1 F3600 X46.326 Y45.332 E0.02156
G1 X47.335 Y44.505 E0.0217
G1 X48.471 Y43.898 E0.02142
G1 X49.708 Y43.524 E0.02149
G1 X51 Y43.396 E0.02159
G1 X52.288 Y43.524 E0.02153
G1 X53.525 Y43.898 E0.02149
G1 X54.665 Y44.508 E0.0215
G1 X55.143 Y44.9 E0.01028
G1 X56.4 Y44.9 E0.0209
G1 X56.4 Y42.313 E0.04302
G1 X56.274 Y42.101 E0.0041
G1 X43.6 Y42.1 E0.21077
G1 X43.6 Y47.676 E0.09273
G1 X44.837 Y47.676 E0.02057
G1 X44.927 Y47.417 E0.00456
G1 X45.505 Y46.335 E0.0204
G0 F7200 X45.831 Y46.573
;TYPE:WALL-OUTER
G1 F1800 X46.629 Y45.601 E0.02091
G1 X47.573 Y44.831 E0.02026
G1 X48.605 Y44.279 E0.01946
G1 X49.804 Y43.916 E0.02083
G1 X51.02 Y43.8 E0.02031
G1 X52.192 Y43.916 E0.01959
G1 X53.391 Y44.279 E0.02083
G1 X54.423 Y44.831 E0.01946
G1 X55 Y45.3 E0.01237
G1 X56.8 Y45.3 E0.02993
G1 X56.8 Y42.262 E0.05052
G1 X56.635 Y41.879 E0.00694
G1 X56.356 Y41.701 E0.0055
G1 X43.2 Y41.7 E0.21879
G1 X43.2 Y47.776 E0.10104
G1 F1600 X43.25 Y48.276 E0.0094
G1 X43.5 Y48.076 E0.00599
G1 F1800 X45.135 Y48.076 E0.02719
G1 X45.279 Y47.605 E0.00819
G1 X45.831 Y46.573 E0.01946
G0 F7200 X45.957 Y46.419
G0 X45.408 Y45.968
G0 X43.48 Y47.799
G0 X43.25 Y48.276
G1 F1440 X43.25 Y49.106 E0.01725
G0 F7200 X44.092 Y47.069
G1 F1500 E-6.5
;MESH:NONMESH
G0 F600 X44.092 Y47.069 Z13.8
G0 F7200 X43.91 Y47.849
G0 X44.153 Y48.932
G0 X44.153 Y51.067
G0 X43.91 Y52.15
G0 X43.91 Y55.074
G0 X43.76 Y55.074
;TIME_ELAPSED:943.637831
;LAYER:135
;TYPE:FILL
;MESH:hold.stl
G1 F1500 E6.5
G1 F3600 X46.425 Y57.739 E0.06268
G1 X46.495 Y57.809
G0 F7200 X46.495 Y57.59
G0 X47.916 Y57.59
G0 X47.916 Y57.74
G1 F3600 X49.175 Y56.481 E0.02961
G1 X49.245 Y56.411
G0 F7200 X49.176 Y56.636
G0 X51.105 Y56.904
G0 X51.091 Y56.748
G1 F3600 X52.083 Y57.74 E0.02333
G1 X52.153 Y57.81
G0 F7200 X52.153 Y57.59
G0 X53.573 Y57.59
G0 X53.573 Y57.74
G1 F3600 X56.053 Y55.26 E0.05833
G0 F7200 X55.26 Y55.26
G1 F3600 X56.24 Y56.24 E0.02305
G1 X56.31 Y56.31
G0 F7200 X56.09 Y56.31
G0 X51 Y56.854
G0 X49.663 Y56.722
G0 X48.377 Y56.331
G0 X47.193 Y55.699
G0 X45.65 Y54.327
G0 X45.765 Y54.234
G1 F3600 X43.761 Y56.238 E0.04713
G1 X43.691 Y56.308
G0 F7200 X43.91 Y56.308
G0 X51 Y56.854
G0 X52.376 Y56.773
G0 X52.287 Y56.477
;TYPE:WALL-INNER
G1 F3600 X51 Y56.599 E0.0215
G1 X49.708 Y56.476 E0.02158
G1 X48.469 Y56.097 E0.02155
G1 X47.334 Y55.494 E0.02137
G1 X46.328 Y54.666 E0.02167
G1 X45.505 Y53.661 E0.0216
G1 X44.926 Y52.579 E0.02041
G1 X44.853 Y52.376 E0.00359
G1 X43.6 Y52.376 E0.02084
G1 X43.601 Y57.899 E0.09185
G1 X56.272 Y57.9 E0.21072
G1 X56.4 Y57.683 E0.00419
G1 X56.4 Y55.1 E0.04296
G1 X55.143 Y55.1 E0.0209
G1 X54.663 Y55.494 E0.01033
G1 X53.527 Y56.097 E0.02139
G1 X52.287 Y56.477 E0.02157
G0 F7200 X52.192 Y56.084
;TYPE:WALL-OUTER
G1 F1800 X50.981 Y56.196 E0.02022
G1 X49.805 Y56.084 E0.01965
G1 X48.641 Y55.732 E0.02022
G1 X47.54 Y55.147 E0.02073
G1 X46.628 Y54.395 E0.01966
G1 X45.831 Y53.423 E0.0209
G1 X45.279 Y52.391 E0.01946
G1 X45.151 Y51.976 E0.00722
G1 X43.5 Y51.976 E0.02746
G1 F1589.4 X43.251 Y51.819 E0.00554
G1 X43.2 Y52.276 E0.00866
G1 F1800 X43.201 Y58.299 E0.10016
G1 X56.354 Y58.3 E0.21874
G1 X56.635 Y58.12 E0.00555
G1 X56.8 Y57.734 E0.00698
G1 X56.8 Y54.7 E0.05046
G1 X55 Y54.7 E0.02993
G1 X54.422 Y55.169 E0.01238
G1 X53.355 Y55.732 E0.02006
G1 X52.192 Y56.084 E0.02021
G0 F7200 X51.993 Y56.102
G0 X52.061 Y56.81
G0 X49.742 Y56.328
G0 X48.531 Y55.96
G0 X47.527 Y55.424
G0 X43.48 Y52.258
G0 X43.251 Y51.819
G1 F1431.4 X43.25 Y51.076 E0.01554
G0 F7200 X44.21 Y52.87
G1 F1500 E-6.5
G0 F7200 X44.985 Y52.204
G0 X44.985 Y51.113
G0 X44.985 Y48.886
G0 X44.985 Y47.795
G0 X45.651 Y45.671
G0 X45.765 Y45.765
;TYPE:FILL
G1 F1500 E6.5
G1 F3600 X43.76 Y43.76 E0.04715
G1 X43.69 Y43.69
G0 F7200 X43.91 Y43.69
G0 X43.91 Y44.925
G0 X43.761 Y44.925
G1 F3600 X46.426 Y42.26 E0.06268
G1 X46.496 Y42.19
G0 F7200 X46.496 Y42.41
G0 X47.917 Y42.41
G0 X47.917 Y42.26
G1 F3600 X49.174 Y43.517 E0.02956
G1 X49.244 Y43.587
G0 F7200 X49.176 Y43.363
G0 X51.112 Y43.098
G0 X51.098 Y43.245
G1 F3600 X52.083 Y42.26 E0.02317
G1 X52.153 Y42.19
G0 F7200 X52.153 Y42.41
G0 X53.574 Y42.41
G0 X53.574 Y42.26
G1 F3600 X56.054 Y44.74 E0.05833
G0 F7200 X55.259 Y44.74
G1 F3600 X56.24 Y43.759 E0.02307
G1 X56.31 Y43.689
G0 F7200 X56.09 Y43.689
G0 X51 Y43.146
G0 X49.663 Y43.278
G0 X48.377 Y43.669
G0 X47.193 Y44.301
G0 X46.351 Y44.991
G0 X45.235 Y46.19
G0 X45.505 Y46.335
;TYPE:WALL-INNER
G1 F3600 X46.326 Y45.332 E0.02156
G1 X47.335 Y44.505 E0.0217
G1 X48.471 Y43.898 E0.02142
G1 X49.708 Y43.524 E0.02149
G1 X51 Y43.396 E0.02159
G1 X52.288 Y43.524 E0.02153
G1 X53.525 Y43.898 E0.02149
G1 X54.665 Y44.508 E0.0215
G1 X55.143 Y44.9 E0.01028
G1 X56.4 Y44.9 E0.0209
G1 X56.4 Y42.313 E0.04302
G1 X56.274 Y42.101 E0.0041
G1 X43.6 Y42.1 E0.21077
G1 X43.601 Y47.619 E0.09178
G1 X44.853 Y47.62 E0.02082
G1 X44.926 Y47.417 E0.00359
G1 X45.505 Y46.335 E0.02041
G0 F7200 X45.831 Y46.573
;TYPE:WALL-OUTER
G1 F1800 X46.629 Y45.601 E0.02091
G1 X47.573 Y44.831 E0.02026
G1 X48.605 Y44.279 E0.01946
G1 X49.804 Y43.916 E0.02083
G1 X51.02 Y43.8 E0.02031
G1 X52.192 Y43.916 E0.01959
G1 X53.391 Y44.279 E0.02083
G1 X54.423 Y44.831 E0.01946
G1 X55 Y45.3 E0.01237
G1 X56.8 Y45.3 E0.02993
G1 X56.8 Y42.262 E0.05052
G1 X56.635 Y41.879 E0.00694
G1 X56.356 Y41.701 E0.0055
G1 X43.2 Y41.7 E0.21879
G1 X43.2 Y47.72 E0.10011
G1 F1600 X43.25 Y48.22 E0.0094
G1 X43.5 Y48.02 E0.00599
G1 F1800 X45.151 Y48.02 E0.02746
G1 X45.279 Y47.605 E0.00722
G1 X45.831 Y46.573 E0.01946
G0 F7200 X45.957 Y46.419
G0 X45.408 Y45.968
G0 X43.48 Y47.741
G0 X43.25 Y48.22
G1 F1440 X43.25 Y48.922 E0.01459
G0 F7200 X44.092 Y47.011
G1 F1500 E-6.5
;MESH:NONMESH
G0 F600 X44.092 Y47.011 Z13.9
G0 F7200 X43.91 Y47.791
G0 X44.153 Y48.874
G0 X44.153 Y51.125
G0 X43.91 Y52.208
G0 X43.91 Y55.074
G0 X43.76 Y55.074
;TIME_ELAPSED:950.722575
;LAYER:136
;TYPE:FILL
;MESH:hold.stl
G1 F1500 E6.5
G1 F3600 X46.425 Y57.739 E0.06268
G1 X46.495 Y57.809
G0 F7200 X46.495 Y57.59
G0 X47.916 Y57.59
G0 X47.916 Y57.74
G1 F3600 X49.175 Y56.481 E0.02961
G1 X49.245 Y56.411
G0 F7200 X49.176 Y56.636
G0 X51.105 Y56.904
G0 X51.091 Y56.748
G1 F3600 X52.083 Y57.74 E0.02333
G1 X52.153 Y57.81
G0 F7200 X52.153 Y57.59
G0 X53.573 Y57.59
G0 X53.573 Y57.74
G1 F3600 X56.053 Y55.26 E0.05833
G0 F7200 X55.26 Y55.26
G1 F3600 X56.24 Y56.24 E0.02305
G1 X56.31 Y56.31
G0 F7200 X56.09 Y56.31
G0 X51 Y56.854
G0 X49.663 Y56.722
G0 X48.377 Y56.331
G0 X47.193 Y55.699
G0 X45.65 Y54.327
G0 X45.765 Y54.234
G1 F3600 X43.761 Y56.238 E0.04713
G1 X43.691 Y56.308
G0 F7200 X43.91 Y56.308
G0 X51 Y56.854
G0 X52.376 Y56.773
G0 X52.287 Y56.477
;TYPE:WALL-INNER
G1 F3600 X51 Y56.599 E0.0215
G1 X49.708 Y56.476 E0.02158
G1 X48.469 Y56.097 E0.02155
G1 X47.334 Y55.494 E0.02137
G1 X46.328 Y54.666 E0.02167
G1 X45.505 Y53.661 E0.0216
G1 X44.849 Y52.436 E0.02311
G1 X43.6 Y52.436 E0.02077
G1 X43.601 Y57.899 E0.09085
G1 X56.272 Y57.9 E0.21072
G1 X56.4 Y57.683 E0.00419
G1 X56.4 Y55.1 E0.04296
G1 X55.143 Y55.1 E0.0209
G1 X54.663 Y55.494 E0.01033
G1 X53.527 Y56.097 E0.02139
G1 X52.287 Y56.477 E0.02157
G0 F7200 X52.192 Y56.084
;TYPE:WALL-OUTER
G1 F1800 X50.981 Y56.196 E0.02022
G1 X49.805 Y56.084 E0.01965
G1 X48.641 Y55.732 E0.02022
G1 X47.54 Y55.147 E0.02073
G1 X46.628 Y54.395 E0.01966
G1 X45.831 Y53.423 E0.0209
G1 X45.264 Y52.355 E0.02011
G1 X45.167 Y52.036 E0.00554
G1 X43.5 Y52.036 E0.02772
G1 F1589.4 X43.251 Y51.879 E0.00554
G1 X43.2 Y52.336 E0.00866
G1 F1800 X43.201 Y58.299 E0.09917
G1 X56.354 Y58.3 E0.21874
G1 X56.635 Y58.12 E0.00555
G1 X56.8 Y57.734 E0.00698
G1 X56.8 Y54.7 E0.05046
G1 X55 Y54.7 E0.02993
G1 X54.422 Y55.169 E0.01238
G1 X53.355 Y55.732 E0.02006
G1 X52.192 Y56.084 E0.02021
G0 F7200 X51.993 Y56.102
G0 X52.061 Y56.81
G0 X49.742 Y56.328
G0 X48.531 Y55.96
G0 X47.627 Y55.478
G0 X43.48 Y52.316
G0 X43.251 Y51.879
G1 F1431.4 X43.25 Y51.202 E0.01416
G0 F7200 X44.21 Y52.928
G1 F1500 E-6.5
G0 F7200 X45.002 Y52.262
G0 X45.002 Y51.171
G0 X45.003 Y48.828
G0 X45.003 Y47.737
G0 X45.651 Y45.671
G0 X45.765 Y45.765
;TYPE:FILL
G1 F1500 E6.5
G1 F3600 X43.76 Y43.76 E0.04715
G1 X43.69 Y43.69
G0 F7200 X43.91 Y43.69
G0 X43.91 Y44.925
G0 X43.76 Y44.925
G1 F3600 X46.426 Y42.26 E0.06269
G1 X46.496 Y42.19
G0 F7200 X46.496 Y42.41
G0 X47.917 Y42.41
G0 X47.917 Y42.26
G1 F3600 X49.174 Y43.517 E0.02956
G1 X49.244 Y43.587
G0 F7200 X49.176 Y43.363
G0 X51.112 Y43.098
G0 X51.098 Y43.245
G1 F3600 X52.083 Y42.26 E0.02317
G1 X52.153 Y42.19
G0 F7200 X52.153 Y42.41
G0 X53.574 Y42.41
G0 X53.574 Y42.26
G1 F3600 X56.054 Y44.74 E0.05833
G0 F7200 X55.259 Y44.74
G1 F3600 X56.24 Y43.759 E0.02307
G1 X56.31 Y43.689
G0 F7200 X56.09 Y43.689
G0 X51 Y43.146
G0 X49.663 Y43.278
G0 X48.377 Y43.669
G0 X47.193 Y44.301
G0 X46.351 Y44.991
G0 X45.235 Y46.19
G0 X45.505 Y46.335
;TYPE:WALL-INNER
G1 F3600 X46.326 Y45.332 E0.02156
G1 X47.335 Y44.505 E0.0217
G1 X48.471 Y43.898 E0.02142
G1 X49.708 Y43.524 E0.02149
G1 X51 Y43.396 E0.02159
G1 X52.288 Y43.524 E0.02153
G1 X53.525 Y43.898 E0.02149
G1 X54.665 Y44.508 E0.0215
G1 X55.143 Y44.9 E0.01028
G1 X56.4 Y44.9 E0.0209
G1 X56.4 Y42.313 E0.04302
G1 X56.274 Y42.101 E0.0041
G1 X43.6 Y42.1 E0.21077
G1 X43.6 Y47.56 E0.0908
G1 X44.849 Y47.56 E0.02077
G1 X45.505 Y46.335 E0.02311
G0 F7200 X45.831 Y46.573
;TYPE:WALL-OUTER
G1 F1800 X46.629 Y45.601 E0.02091
G1 X47.573 Y44.831 E0.02026
G1 X48.605 Y44.279 E0.01946
G1 X49.804 Y43.916 E0.02083
G1 X51.02 Y43.8 E0.02031
G1 X52.192 Y43.916 E0.01959
G1 X53.391 Y44.279 E0.02083
G1 X54.423 Y44.831 E0.01946
G1 X55 Y45.3 E0.01237
G1 X56.8 Y45.3 E0.02993
G1 X56.8 Y42.262 E0.05052
G1 X56.635 Y41.879 E0.00694
G1 X56.356 Y41.701 E0.0055
G1 X43.2 Y41.7 E0.21879
G1 X43.2 Y47.66 E0.09912
G1 F1600 X43.25 Y48.16 E0.0094
G1 X43.5 Y47.96 E0.00599
G1 F1800 X45.167 Y47.96 E0.02772
G1 X45.279 Y47.605 E0.00619
G1 X45.831 Y46.573 E0.01946
G0 F7200 X45.957 Y46.419
G0 X45.408 Y45.968
G0 X43.48 Y47.683
G0 X43.25 Y48.16
G1 F1440 X43.25 Y48.796 E0.01322
G0 F7200 X44.092 Y46.953
G1 F1500 E-6.5
;MESH:NONMESH
G0 F600 X44.092 Y46.953 Z14
G0 F7200 X43.91 Y47.733
G0 X44.153 Y48.816
G0 X44.153 Y51.183
G0 X43.91 Y52.266
G0 X43.91 Y55.074
G0 X43.761 Y55.074
;TIME_ELAPSED:957.788924
;LAYER:137
;TYPE:FILL
;MESH:hold.stl
G1 F1500 E6.5
G1 F3600 X46.425 Y57.739 E0.06266
G1 X46.495 Y57.809
G0 F7200 X46.495 Y57.59
G0 X47.916 Y57.59
G0 X47.916 Y57.74
G1 F3600 X49.175 Y56.481 E0.02961
G1 X49.245 Y56.411
G0 F7200 X49.176 Y56.636
G0 X51.105 Y56.904
G0 X51.091 Y56.748
G1 F3600 X52.083 Y57.74 E0.02333
G1 X52.153 Y57.81
G0 F7200 X52.153 Y57.59
G0 X53.573 Y57.59
G0 X53.573 Y57.74
G1 F3600 X56.053 Y55.26 E0.05833
G0 F7200 X55.26 Y55.26
G1 F3600 X56.24 Y56.24 E0.02305
G1 X56.31 Y56.31
G0 F7200 X56.09 Y56.31
G0 X51 Y56.854
G0 X49.663 Y56.722
G0 X48.377 Y56.331
G0 X47.193 Y55.699
G0 X45.65 Y54.327
G0 X45.765 Y54.234
G1 F3600 X43.761 Y56.238 E0.04713
G1 X43.691 Y56.308
G0 F7200 X43.91 Y56.308
G0 X51 Y56.854
G0 X52.376 Y56.773
G0 X52.287 Y56.477
;TYPE:WALL-INNER
G1 F3600 X51 Y56.599 E0.0215
G1 X49.708 Y56.476 E0.02158
G1 X48.469 Y56.097 E0.02155
G1 X47.334 Y55.494 E0.02137
G1 X46.328 Y54.666 E0.02167
G1 X45.505 Y53.661 E0.0216
G1 X44.88 Y52.492 E0.02204
G1 X43.601 Y52.493 E0.02127
G1 X43.601 Y57.899 E0.0899
G1 X56.272 Y57.9 E0.21072
G1 X56.4 Y57.683 E0.00419
G1 X56.4 Y55.1 E0.04296
G1 X55.143 Y55.1 E0.0209
G1 X54.663 Y55.494 E0.01033
G1 X53.527 Y56.097 E0.02139
G1 X52.287 Y56.477 E0.02157
G0 F7200 X52.192 Y56.084
;TYPE:WALL-OUTER
G1 F1800 X50.981 Y56.196 E0.02022
G1 X49.805 Y56.084 E0.01965
G1 X48.641 Y55.732 E0.02022
G1 X47.54 Y55.147 E0.02073
G1 X46.628 Y54.395 E0.01966
G1 X45.831 Y53.423 E0.0209
G1 X45.264 Y52.355 E0.02011
G1 X45.184 Y52.092 E0.00457
G1 X43.5 Y52.092 E0.02801
G1 F1589.4 X43.251 Y51.935 E0.00554
G1 X43.2 Y52.392 E0.00866
G1 F1800 X43.201 Y58.299 E0.09823
G1 X56.354 Y58.3 E0.21874
G1 X56.635 Y58.12 E0.00555
G1 X56.8 Y57.734 E0.00698
G1 X56.8 Y54.7 E0.05046
G1 X55 Y54.7 E0.02993
G1 X54.422 Y55.169 E0.01238
G1 X53.355 Y55.732 E0.02006
G1 X52.192 Y56.084 E0.02021
G0 F7200 X51.993 Y56.102
G0 X52.061 Y56.81
G0 X49.742 Y56.328
G0 X48.531 Y55.96
G0 X47.627 Y55.478
G0 X43.48 Y52.374
G0 X43.251 Y51.935
G1 F1431.4 X43.25 Y51.318 E0.0129
G0 F7200 X44.21 Y52.986
G1 F1500 E-6.5
G0 F7200 X45.02 Y52.319
G0 X45.019 Y51.229
G0 X45.02 Y48.771
G0 X45.02 Y47.68
G0 X45.651 Y45.671
G0 X45.765 Y45.765
;TYPE:FILL
G1 F1500 E6.5
G1 F3600 X43.76 Y43.76 E0.04715
G1 X43.69 Y43.69
G0 F7200 X43.91 Y43.69
G0 X43.91 Y44.925
G0 X43.761 Y44.925
G1 F3600 X46.426 Y42.26 E0.06268
G1 X46.496 Y42.19
G0 F7200 X46.496 Y42.41
G0 X47.917 Y42.41
G0 X47.917 Y42.26
G1 F3600 X49.174 Y43.517 E0.02956
G1 X49.244 Y43.587
G0 F7200 X49.176 Y43.363
G0 X51.112 Y43.098
G0 X51.098 Y43.245
G1 F3600 X52.083 Y42.26 E0.02317
G1 X52.153 Y42.19
G0 F7200 X52.153 Y42.41
G0 X53.574 Y42.41
G0 X53.574 Y42.26
G1 F3600 X56.054 Y44.74 E0.05833
G0 F7200 X55.259 Y44.74
G1 F3600 X56.24 Y43.759 E0.02307
G1 X56.31 Y43.689
G0 F7200 X56.09 Y43.689
G0 X51 Y43.146
G0 X49.663 Y43.278
G0 X48.377 Y43.669
G0 X47.193 Y44.301
G0 X46.351 Y44.991
G0 X45.235 Y46.19
G0 X45.505 Y46.335
;TYPE:WALL-INNER
G1 F3600 X46.326 Y45.332 E0.02156
G1 X47.335 Y44.505 E0.0217
G1 X48.471 Y43.898 E0.02142
G1 X49.708 Y43.524 E0.02149
G1 X51 Y43.396 E0.02159
G1 X52.288 Y43.524 E0.02153
G1 X53.525 Y43.898 E0.02149
G1 X54.665 Y44.508 E0.0215
G1 X55.143 Y44.9 E0.01028
G1 X56.4 Y44.9 E0.0209
G1 X56.4 Y42.313 E0.04302
G1 X56.274 Y42.101 E0.0041
G1 X43.6 Y42.1 E0.21077
G1 X43.601 Y47.503 E0.08985
G1 X44.881 Y47.503 E0.02129
G1 X45.505 Y46.335 E0.02202
G0 F7200 X45.831 Y46.573
;TYPE:WALL-OUTER
G1 F1800 X46.629 Y45.601 E0.02091
G1 X47.573 Y44.831 E0.02026
G1 X48.605 Y44.279 E0.01946
G1 X49.804 Y43.916 E0.02083
G1 X51.02 Y43.8 E0.02031
G1 X52.192 Y43.916 E0.01959
G1 X53.391 Y44.279 E0.02083
G1 X54.423 Y44.831 E0.01946
G1 X55 Y45.3 E0.01237
G1 X56.8 Y45.3 E0.02993
G1 X56.8 Y42.262 E0.05052
G1 X56.635 Y41.879 E0.00694
G1 X56.356 Y41.701 E0.0055
G1 X43.2 Y41.7 E0.21879
G1 X43.2 Y47.604 E0.09818
G1 F1600 X43.25 Y48.104 E0.0094
G1 X43.5 Y47.904 E0.00599
G1 F1800 X45.186 Y47.903 E0.02804
G1 X45.279 Y47.605 E0.00519
G1 X45.831 Y46.573 E0.01946
G0 F7200 X45.957 Y46.419
G0 X45.408 Y45.968
G0 X43.48 Y47.625
G0 X43.25 Y48.104
G1 F1440 X43.25 Y48.678 E0.01193
G0 F7200 X44.21 Y47.013
G1 F1500 E-6.5
;MESH:NONMESH
G0 F600 X44.21 Y47.013 Z14.1
G0 F7200 X44.153 Y48.758
G0 X44.153 Y51.241
G0 X43.918 Y52.304
G0 X43.91 Y55.074
G0 X43.76 Y55.074
;TIME_ELAPSED:964.832013
;LAYER:138
;TYPE:FILL
;MESH:hold.stl
G1 F1500 E6.5
G1 F3600 X46.425 Y57.739 E0.06268
G1 X46.495 Y57.809
G0 F7200 X46.495 Y57.59
G0 X47.916 Y57.59
G0 X47.916 Y57.74
G1 F3600 X49.175 Y56.481 E0.02961
G1 X49.245 Y56.411
G0 F7200 X49.176 Y56.636
G0 X51.105 Y56.904
G0 X51.091 Y56.748
G1 F3600 X52.083 Y57.74 E0.02333
G1 X52.153 Y57.81
G0 F7200 X52.153 Y57.59
G0 X53.573 Y57.59
G0 X53.573 Y57.74
G1 F3600 X56.053 Y55.26 E0.05833
G0 F7200 X55.26 Y55.26
G1 F3600 X56.24 Y56.24 E0.02305
G1 X56.31 Y56.31
G0 F7200 X56.09 Y56.31
G0 X51 Y56.854
G0 X49.663 Y56.722
G0 X48.377 Y56.331
G0 X47.193 Y55.699
G0 X45.65 Y54.327
G0 X45.765 Y54.234
G1 F3600 X43.761 Y56.238 E0.04713
G1 X43.691 Y56.308
G0 F7200 X43.91 Y56.308
G0 X51 Y56.854
G0 X52.376 Y56.773
G0 X52.287 Y56.477
;TYPE:WALL-INNER
G1 F3600 X51 Y56.599 E0.0215
G1 X49.708 Y56.476 E0.02158
G1 X48.469 Y56.097 E0.02155
G1 X47.334 Y55.494 E0.02137
G1 X46.328 Y54.666 E0.02167
G1 X45.504 Y53.66 E0.02163
G1 X44.914 Y52.548 E0.02093
G1 X43.6 Y52.548 E0.02185
G1 X43.601 Y57.899 E0.08899
G1 X56.272 Y57.9 E0.21072
G1 X56.4 Y57.683 E0.00419
G1 X56.4 Y55.1 E0.04296
G1 X55.143 Y55.1 E0.0209
G1 X54.663 Y55.494 E0.01033
G1 X53.527 Y56.097 E0.02139
G1 X52.287 Y56.477 E0.02157
G0 F7200 X52.192 Y56.084
;TYPE:WALL-OUTER
G1 F1800 X50.981 Y56.196 E0.02022
G1 X49.805 Y56.084 E0.01965
G1 X48.641 Y55.732 E0.02022
G1 X47.54 Y55.147 E0.02073
G1 X46.628 Y54.395 E0.01966
G1 X45.831 Y53.423 E0.0209
G1 X45.279 Y52.391 E0.01946
G1 X45.203 Y52.148 E0.00423
G1 X43.5 Y52.148 E0.02832
G1 F1589.4 X43.251 Y51.991 E0.00554
G1 X43.2 Y52.448 E0.00866
G1 F1800 X43.201 Y58.299 E0.0973
G1 X56.354 Y58.3 E0.21874
G1 X56.635 Y58.12 E0.00555
G1 X56.8 Y57.734 E0.00698
G1 X56.8 Y54.7 E0.05046
G1 X55 Y54.7 E0.02993
G1 X54.422 Y55.169 E0.01238
G1 X53.355 Y55.732 E0.02006
G1 X52.192 Y56.084 E0.02021
G0 F7200 X51.993 Y56.102
G0 X52.061 Y56.81
G0 X49.742 Y56.328
G0 X48.531 Y55.96
G0 X47.627 Y55.478
G0 X43.48 Y52.431
G0 X43.251 Y51.991
G1 F1431.4 X43.25 Y51.402 E0.01232
G0 F7200 X44.21 Y53.043
G1 F1500 E-6.5
G0 F7200 X45.037 Y52.377
G0 X45.037 Y51.286
G0 X45.038 Y48.713
G0 X45.038 Y47.622
G0 X45.651 Y45.671
G0 X45.765 Y45.765
;TYPE:FILL
G1 F1500 E6.5
G1 F3600 X43.76 Y43.76 E0.04715
G1 X43.69 Y43.69
G0 F7200 X43.91 Y43.69
G0 X43.91 Y44.925
G0 X43.76 Y44.925
G1 F3600 X46.426 Y42.26 E0.06269
G1 X46.496 Y42.19
G0 F7200 X46.496 Y42.41
G0 X47.917 Y42.41
G0 X47.917 Y42.26
G1 F3600 X49.174 Y43.517 E0.02956
G1 X49.244 Y43.587
G0 F7200 X49.176 Y43.363
G0 X51.112 Y43.098
G0 X51.098 Y43.245
G1 F3600 X52.083 Y42.26 E0.02317
G1 X52.153 Y42.19
G0 F7200 X52.153 Y42.41
G0 X53.574 Y42.41
G0 X53.574 Y42.26
G1 F3600 X56.054 Y44.74 E0.05833
G0 F7200 X55.259 Y44.74
G1 F3600 X56.24 Y43.759 E0.02307
G1 X56.31 Y43.689
G0 F7200 X56.09 Y43.689
G0 X51 Y43.146
G0 X49.663 Y43.278
G0 X48.377 Y43.669
G0 X47.193 Y44.301
G0 X46.351 Y44.991
G0 X45.234 Y46.191
G0 X45.504 Y46.336
;TYPE:WALL-INNER
G1 F3600 X46.326 Y45.332 E0.02158
G1 X47.335 Y44.505 E0.0217
G1 X48.471 Y43.898 E0.02142
G1 X49.708 Y43.524 E0.02149
G1 X51 Y43.396 E0.02159
G1 X52.288 Y43.524 E0.02153
G1 X53.525 Y43.898 E0.02149
G1 X54.665 Y44.508 E0.0215
G1 X55.143 Y44.9 E0.01028
G1 X56.4 Y44.9 E0.0209
G1 X56.4 Y42.313 E0.04302
G1 X56.274 Y42.101 E0.0041
G1 X43.6 Y42.1 E0.21077
G1 X43.6 Y47.448 E0.08894
G1 X44.914 Y47.448 E0.02185
G1 X45.504 Y46.336 E0.02093
G0 F7200 X45.831 Y46.573
;TYPE:WALL-OUTER
G1 F1800 X46.629 Y45.601 E0.02091
G1 X47.573 Y44.831 E0.02026
G1 X48.605 Y44.279 E0.01946
G1 X49.804 Y43.916 E0.02083
G1 X51.02 Y43.8 E0.02031
G1 X52.192 Y43.916 E0.01959
G1 X53.391 Y44.279 E0.02083
G1 X54.423 Y44.831 E0.01946
G1 X55 Y45.3 E0.01237
G1 X56.8 Y45.3 E0.02993
G1 X56.8 Y42.262 E0.05052
G1 X56.635 Y41.879 E0.00694
G1 X56.356 Y41.701 E0.0055
G1 X43.2 Y41.7 E0.21879
G1 X43.2 Y47.548 E0.09725
G1 F1600 X43.25 Y48.048 E0.0094
G1 X43.5 Y47.848 E0.00599
G1 F1800 X45.203 Y47.848 E0.02832
G1 X45.279 Y47.605 E0.00423
G1 X45.831 Y46.573 E0.01946
G0 F7200 X45.957 Y46.419
G0 X45.408 Y45.968
G0 X43.48 Y47.568
G0 X43.25 Y48.048
G1 F1440 X43.25 Y48.598 E0.01143
G0 F7200 X44.092 Y46.838
G1 F1500 E-6.5
;MESH:NONMESH
G0 F600 X44.092 Y46.838 Z14.2
G0 F7200 X43.91 Y47.618
G0 X44.153 Y48.701
G0 X44.153 Y51.298
G0 X43.91 Y52.381
G0 X43.91 Y55.074
G0 X43.76 Y55.074
;TIME_ELAPSED:971.872879
;LAYER:139
;TYPE:FILL
;MESH:hold.stl
G1 F1500 E6.5
G1 F3600 X46.425 Y57.739 E0.06268
G1 X46.495 Y57.809
G0 F7200 X46.495 Y57.59
G0 X47.916 Y57.59
G0 X47.916 Y57.74
G1 F3600 X49.175 Y56.481 E0.02961
G1 X49.245 Y56.411
G0 F7200 X49.176 Y56.636
G0 X51.105 Y56.904
G0 X51.091 Y56.748
G1 F3600 X52.083 Y57.74 E0.02333
G1 X52.153 Y57.81
G0 F7200 X52.153 Y57.59
G0 X53.573 Y57.59
G0 X53.573 Y57.74
G1 F3600 X56.053 Y55.26 E0.05833
G0 F7200 X55.26 Y55.26
G1 F3600 X56.24 Y56.24 E0.02305
G1 X56.31 Y56.31
G0 F7200 X56.09 Y56.31
G0 X51 Y56.854
G0 X49.663 Y56.722
G0 X48.377 Y56.331
G0 X47.193 Y55.699
G0 X45.65 Y54.327
G0 X45.765 Y54.234
G1 F3600 X43.761 Y56.238 E0.04713
G1 X43.691 Y56.308
G0 F7200 X43.91 Y56.308
G0 X51 Y56.854
G0 X52.376 Y56.773
G0 X52.287 Y56.477
;TYPE:WALL-INNER
G1 F3600 X51 Y56.599 E0.0215
G1 X49.708 Y56.476 E0.02158
G1 X48.469 Y56.097 E0.02155
G1 X47.334 Y55.494 E0.02137
G1 X46.328 Y54.666 E0.02167
G1 X45.505 Y53.661 E0.0216
G1 X44.942 Y52.608 E0.01986
G1 X43.6 Y52.608 E0.02232
G1 X43.601 Y57.899 E0.08799
G1 X56.272 Y57.9 E0.21072
G1 X56.4 Y57.683 E0.00419
G1 X56.4 Y55.1 E0.04296
G1 X55.143 Y55.1 E0.0209
G1 X54.663 Y55.494 E0.01033
G1 X53.527 Y56.097 E0.02139
G1 X52.287 Y56.477 E0.02157
G0 F7200 X52.192 Y56.084
;TYPE:WALL-OUTER
G1 F1800 X50.981 Y56.196 E0.02022
G1 X49.805 Y56.084 E0.01965
G1 X48.641 Y55.732 E0.02022
G1 X47.54 Y55.147 E0.02073
G1 X46.628 Y54.395 E0.01966
G1 X45.831 Y53.423 E0.0209
G1 X45.264 Y52.355 E0.02011
G1 X45.22 Y52.208 E0.00255
G1 X43.5 Y52.208 E0.0286
G1 F1589.4 X43.251 Y52.051 E0.00554
G1 X43.2 Y52.508 E0.00866
G1 F1800 X43.201 Y58.299 E0.0963
G1 X56.354 Y58.3 E0.21874
G1 X56.635 Y58.12 E0.00555
G1 X56.8 Y57.734 E0.00698
G1 X56.8 Y54.7 E0.05046
G1 X55 Y54.7 E0.02993
G1 X54.422 Y55.169 E0.01238
G1 X53.355 Y55.732 E0.02006
G1 X52.192 Y56.084 E0.02021
G0 F7200 X51.993 Y56.102
G0 X52.061 Y56.81
G0 X49.742 Y56.328
G0 X48.531 Y55.96
G0 X47.627 Y55.478
G0 X43.48 Y52.489
G0 X43.251 Y52.051
G1 F1431.4 X43.25 Y51.482 E0.0119
G0 F7200 X44.21 Y53.101
G1 F1500 E-6.5
G0 F7200 X45.054 Y52.435
G0 X45.054 Y51.344
G0 X45.058 Y48.655
G0 X45.058 Y47.54
G0 X45.651 Y45.671
G0 X45.765 Y45.765
;TYPE:FILL
G1 F1500 E6.5
G1 F3600 X43.76 Y43.76 E0.04715
G1 X43.69 Y43.69
G0 F7200 X43.91 Y43.69
G0 X43.91 Y44.925
G0 X43.76 Y44.925
G1 F3600 X46.426 Y42.26 E0.06269
G1 X46.496 Y42.19
G0 F7200 X46.496 Y42.41
G0 X47.917 Y42.41
G0 X47.917 Y42.26
G1 F3600 X49.174 Y43.517 E0.02956
G1 X49.244 Y43.587
G0 F7200 X49.176 Y43.363
G0 X51.112 Y43.098
G0 X51.098 Y43.245
G1 F3600 X52.083 Y42.26 E0.02317
G1 X52.153 Y42.19
G0 F7200 X52.153 Y42.41
G0 X53.574 Y42.41
G0 X53.574 Y42.26
G1 F3600 X56.054 Y44.74 E0.05833
G0 F7200 X55.259 Y44.74
G1 F3600 X56.24 Y43.759 E0.02307
G1 X56.31 Y43.689
G0 F7200 X56.09 Y43.689
G0 X51 Y43.146
G0 X49.663 Y43.278
G0 X48.377 Y43.669
G0 X47.193 Y44.301
G0 X46.351 Y44.991
G0 X45.235 Y46.19
G0 X45.505 Y46.335
;TYPE:WALL-INNER
G1 F3600 X46.326 Y45.332 E0.02156
G1 X47.335 Y44.505 E0.0217
G1 X48.471 Y43.898 E0.02142
G1 X49.708 Y43.524 E0.02149
G1 X51 Y43.396 E0.02159
G1 X52.288 Y43.524 E0.02153
G1 X53.525 Y43.898 E0.02149
G1 X54.665 Y44.508 E0.0215
G1 X55.143 Y44.9 E0.01028
G1 X56.4 Y44.9 E0.0209
G1 X56.4 Y42.313 E0.04302
G1 X56.274 Y42.101 E0.0041
G1 X43.6 Y42.1 E0.21077
G1 X43.6 Y47.388 E0.08794
G1 X44.942 Y47.388 E0.02232
G1 X45.505 Y46.335 E0.01986
G0 F7200 X45.831 Y46.573
;TYPE:WALL-OUTER
G1 F1800 X46.629 Y45.601 E0.02091
G1 X47.573 Y44.831 E0.02026
G1 X48.605 Y44.279 E0.01946
G1 X49.804 Y43.916 E0.02083
G1 X51.02 Y43.8 E0.02031
G1 X52.192 Y43.916 E0.01959
G1 X53.391 Y44.279 E0.02083
G1 X54.423 Y44.831 E0.01946
G1 X55 Y45.3 E0.01237
G1 X56.8 Y45.3 E0.02993
G1 X56.8 Y42.262 E0.05052
G1 X56.635 Y41.879 E0.00694
G1 X56.356 Y41.701 E0.0055
G1 X43.2 Y41.7 E0.21879
G1 X43.2 Y47.488 E0.09625
G1 F1600 X43.25 Y47.988 E0.0094
G1 X43.5 Y47.788 E0.00599
G1 F1800 X45.222 Y47.788 E0.02864
G1 X45.279 Y47.605 E0.00319
G1 X45.831 Y46.573 E0.01946
G0 F7200 X45.957 Y46.419
G0 X45.408 Y45.968
G0 X43.48 Y47.51
G0 X43.25 Y47.988
G1 F1440 X43.25 Y48.514 E0.01093
G0 F7200 X44.092 Y46.78
G1 F1500 E-6.5
;MESH:NONMESH
G0 F600 X44.092 Y46.78 Z14.3
G0 F7200 X43.91 Y47.56
G0 X44.153 Y48.643
G0 X44.153 Y51.356
G0 X43.91 Y52.439
G0 X43.91 Y55.074
G0 X43.76 Y55.074
;TIME_ELAPSED:978.902069
;LAYER:140
;TYPE:FILL
;MESH:hold.stl
G1 F1500 E6.5
G1 F3600 X46.425 Y57.739 E0.06268
G1 X46.495 Y57.809
G0 F7200 X46.495 Y57.59
G0 X47.916 Y57.59
G0 X47.916 Y57.74
G1 F3600 X49.175 Y56.481 E0.02961
G1 X49.245 Y56.411
G0 F7200 X49.176 Y56.636
G0 X51.105 Y56.904
G0 X51.091 Y56.748
G1 F3600 X52.083 Y57.74 E0.02333
G1 X52.153 Y57.81
G0 F7200 X52.153 Y57.59
G0 X53.573 Y57.59
G0 X53.573 Y57.74
G1 F3600 X56.053 Y55.26 E0.05833
G0 F7200 X55.26 Y55.26
G1 F3600 X56.24 Y56.24 E0.02305
G1 X56.31 Y56.31
G0 F7200 X56.09 Y56.31
G0 X51 Y56.854
G0 X49.663 Y56.722
G0 X48.377 Y56.331
G0 X47.193 Y55.699
G0 X45.65 Y54.327
G0 X45.765 Y54.234
G1 F3600 X43.761 Y56.238 E0.04713
G1 X43.691 Y56.308
G0 F7200 X43.91 Y56.308
G0 X51 Y56.854
G0 X52.376 Y56.773
G0 X52.287 Y56.477
;TYPE:WALL-INNER
G1 F3600 X51 Y56.599 E0.0215
G1 X49.708 Y56.476 E0.02158
G1 X48.469 Y56.097 E0.02155
G1 X47.334 Y55.494 E0.02137
G1 X46.328 Y54.666 E0.02167
G1 X45.505 Y53.661 E0.0216
G1 X44.972 Y52.664 E0.0188
G1 X43.6 Y52.664 E0.02282
G1 X43.601 Y57.899 E0.08706
G1 X56.272 Y57.9 E0.21072
G1 X56.4 Y57.683 E0.00419
G1 X56.4 Y55.1 E0.04296
G1 X55.143 Y55.1 E0.0209
G1 X54.663 Y55.494 E0.01033
G1 X53.527 Y56.097 E0.02139
G1 X52.287 Y56.477 E0.02157
G0 F7200 X52.192 Y56.084
;TYPE:WALL-OUTER
G1 F1800 X50.981 Y56.196 E0.02022
G1 X49.805 Y56.084 E0.01965
G1 X48.641 Y55.732 E0.02022
G1 X47.54 Y55.147 E0.02073
G1 X46.628 Y54.395 E0.01966
G1 X45.831 Y53.423 E0.0209
G1 X45.279 Y52.391 E0.01946
G1 X45.238 Y52.264 E0.00222
G1 X43.5 Y52.264 E0.0289
G1 F1589.4 X43.251 Y52.107 E0.00554
G1 X43.2 Y52.564 E0.00866
G1 F1800 X43.201 Y58.299 E0.09537
G1 X56.354 Y58.3 E0.21874
G1 X56.635 Y58.12 E0.00555
G1 X56.8 Y57.734 E0.00698
G1 X56.8 Y54.7 E0.05046
G1 X55 Y54.7 E0.02993
G1 X54.422 Y55.169 E0.01238
G1 X53.355 Y55.732 E0.02006
G1 X52.192 Y56.084 E0.02021
G0 F7200 X51.993 Y56.102
G0 X52.061 Y56.81
G0 X49.742 Y56.328
G0 X48.531 Y55.96
G0 X47.627 Y55.478
G0 X43.48 Y52.547
G0 X43.251 Y52.107
G1 F1431.4 X43.25 Y51.542 E0.01182
G0 F7200 X44.21 Y53.159
G1 F1500 E-6.5
G0 F7200 X45.079 Y52.494
G0 X45.079 Y51.402
G0 X45.079 Y48.597
G0 X45.079 Y47.505
G0 X45.651 Y45.671
G0 X45.765 Y45.765
;TYPE:FILL
G1 F1500 E6.5
G1 F3600 X43.76 Y43.76 E0.04715
G1 X43.69 Y43.69
G0 F7200 X43.91 Y43.69
G0 X43.91 Y44.925
G0 X43.76 Y44.925
G1 F3600 X46.426 Y42.26 E0.06269
G1 X46.496 Y42.19
G0 F7200 X46.496 Y42.41
G0 X47.917 Y42.41
G0 X47.917 Y42.26
G1 F3600 X49.174 Y43.517 E0.02956
G1 X49.244 Y43.587
G0 F7200 X49.176 Y43.363
G0 X51.112 Y43.098
G0 X51.098 Y43.245
G1 F3600 X52.083 Y42.26 E0.02317
G1 X52.153 Y42.19
G0 F7200 X52.153 Y42.41
G0 X53.574 Y42.41
G0 X53.574 Y42.26
G1 F3600 X56.054 Y44.74 E0.05833
G0 F7200 X55.259 Y44.74
G1 F3600 X56.24 Y43.759 E0.02307
G1 X56.31 Y43.689
G0 F7200 X56.09 Y43.689
G0 X51 Y43.146
G0 X49.663 Y43.278
G0 X48.377 Y43.669
G0 X47.193 Y44.301
G0 X46.351 Y44.991
G0 X45.235 Y46.19
G0 X45.505 Y46.335
;TYPE:WALL-INNER
G1 F3600 X46.326 Y45.332 E0.02156
G1 X47.335 Y44.505 E0.0217
G1 X48.471 Y43.898 E0.02142
G1 X49.708 Y43.524 E0.02149
G1 X51 Y43.396 E0.02159
G1 X52.288 Y43.524 E0.02153
G1 X53.525 Y43.898 E0.02149
G1 X54.665 Y44.508 E0.0215
G1 X55.143 Y44.9 E0.01028
G1 X56.4 Y44.9 E0.0209
G1 X56.4 Y42.313 E0.04302
G1 X56.274 Y42.101 E0.0041
G1 X43.6 Y42.1 E0.21077
G1 X43.6 Y47.332 E0.08701
G1 X44.972 Y47.332 E0.02282
G1 X45.505 Y46.335 E0.0188
G0 F7200 X45.831 Y46.573
;TYPE:WALL-OUTER
G1 F1800 X46.629 Y45.601 E0.02091
G1 X47.573 Y44.831 E0.02026
G1 X48.605 Y44.279 E0.01946
G1 X49.804 Y43.916 E0.02083
G1 X51.02 Y43.8 E0.02031
G1 X52.192 Y43.916 E0.01959
G1 X53.391 Y44.279 E0.02083
G1 X54.423 Y44.831 E0.01946
G1 X55 Y45.3 E0.01237
G1 X56.8 Y45.3 E0.02993
G1 X56.8 Y42.262 E0.05052
G1 X56.635 Y41.879 E0.00694
G1 X56.356 Y41.701 E0.0055
G1 X43.2 Y41.7 E0.21879
G1 X43.2 Y47.432 E0.09532
G1 F1600 X43.25 Y47.932 E0.0094
G1 X43.5 Y47.732 E0.00599
G1 F1800 X45.238 Y47.732 E0.0289
G1 X45.279 Y47.605 E0.00222
G1 X45.831 Y46.573 E0.01946
G0 F7200 X45.957 Y46.419
G0 X45.408 Y45.968
G0 X43.48 Y47.452
G0 X43.25 Y47.932
G1 F1440 X43.25 Y48.458 E0.01093
G0 F7200 X44.092 Y46.722
G1 F1500 E-6.5
;MESH:NONMESH
G0 F600 X44.092 Y46.722 Z14.4
G0 F7200 X43.91 Y47.502
G0 X44.153 Y48.585
G0 X44.153 Y51.414
G0 X43.91 Y52.497
G0 X43.91 Y55.074
G0 X43.76 Y55.074
;TIME_ELAPSED:985.922557
;LAYER:141
;TYPE:FILL
;MESH:hold.stl
G1 F1500 E6.5
G1 F3600 X46.425 Y57.739 E0.06268
G1 X46.495 Y57.809
G0 F7200 X46.495 Y57.59
G0 X47.916 Y57.59
G0 X47.916 Y57.74
G1 F3600 X49.175 Y56.481 E0.02961
G1 X49.245 Y56.411
G0 F7200 X49.176 Y56.636
G0 X51.105 Y56.904
G0 X51.091 Y56.748
G1 F3600 X52.083 Y57.74 E0.02333
G1 X52.153 Y57.81
G0 F7200 X52.153 Y57.59
G0 X53.573 Y57.59
G0 X53.573 Y57.74
G1 F3600 X56.053 Y55.26 E0.05833
G0 F7200 X55.26 Y55.26
G1 F3600 X56.24 Y56.24 E0.02305
G1 X56.31 Y56.31
G0 F7200 X56.09 Y56.31
G0 X51 Y56.854
G0 X49.663 Y56.722
G0 X48.377 Y56.331
G0 X47.193 Y55.699
G0 X45.65 Y54.327
G0 X45.765 Y54.234
G1 F3600 X43.761 Y56.238 E0.04713
G1 X43.691 Y56.308
G0 F7200 X43.91 Y56.308
G0 X51 Y56.854
G0 X52.376 Y56.773
G0 X52.287 Y56.477
;TYPE:WALL-INNER
G1 F3600 X51 Y56.599 E0.0215
G1 X49.708 Y56.476 E0.02158
G1 X48.469 Y56.097 E0.02155
G1 X47.334 Y55.494 E0.02137
G1 X46.328 Y54.666 E0.02167
G1 X45.505 Y53.661 E0.0216
G1 X45.004 Y52.724 E0.01767
G1 X43.6 Y52.724 E0.02335
G1 X43.601 Y57.899 E0.08606
G1 X56.272 Y57.9 E0.21072
G1 X56.4 Y57.683 E0.00419
G1 X56.4 Y55.1 E0.04296
G1 X55.143 Y55.1 E0.0209
G1 X54.663 Y55.494 E0.01033
G1 X53.527 Y56.097 E0.02139
G1 X52.287 Y56.477 E0.02157
G0 F7200 X52.192 Y56.084
;TYPE:WALL-OUTER
G1 F1800 X50.981 Y56.196 E0.02022
G1 X49.805 Y56.084 E0.01965
G1 X48.641 Y55.732 E0.02022
G1 X47.54 Y55.147 E0.02073
G1 X46.628 Y54.395 E0.01966
G1 X45.831 Y53.423 E0.0209
G1 X45.243 Y52.324 E0.02073
G1 X43.5 Y52.324 E0.02899
G1 F1589.4 X43.251 Y52.167 E0.00554
G1 X43.2 Y52.624 E0.00866
G1 F1800 X43.201 Y58.299 E0.09438
G1 X56.354 Y58.3 E0.21874
G1 X56.635 Y58.12 E0.00555
G1 X56.8 Y57.734 E0.00698
G1 X56.8 Y54.7 E0.05046
G1 X55 Y54.7 E0.02993
G1 X54.422 Y55.169 E0.01238
G1 X53.355 Y55.732 E0.02006
G1 X52.192 Y56.084 E0.02021
G0 F7200 X51.993 Y56.102
G0 X52.061 Y56.81
G0 X49.742 Y56.328
G0 X48.531 Y55.96
G0 X47.627 Y55.478
G0 X43.48 Y52.604
G0 X43.251 Y52.167
G1 F1431.4 X43.25 Y51.594 E0.01198
G0 F7200 X44.21 Y53.216
G1 F1500 E-6.5
G0 F7200 X45.109 Y52.551
G0 X45.109 Y51.459
G0 X45.11 Y48.54
G0 X45.11 Y47.448
G0 X45.651 Y45.671
G0 X45.765 Y45.765
;TYPE:FILL
G1 F1500 E6.5
G1 F3600 X43.76 Y43.76 E0.04715
G1 X43.69 Y43.69
G0 F7200 X43.91 Y43.69
G0 X43.91 Y44.925
G0 X43.761 Y44.925
G1 F3600 X46.426 Y42.26 E0.06268
G1 X46.496 Y42.19
G0 F7200 X46.496 Y42.41
G0 X47.917 Y42.41
G0 X47.917 Y42.26
G1 F3600 X49.174 Y43.517 E0.02956
G1 X49.244 Y43.587
G0 F7200 X49.176 Y43.363
G0 X51.112 Y43.098
G0 X51.098 Y43.245
G1 F3600 X52.083 Y42.26 E0.02317
G1 X52.153 Y42.19
G0 F7200 X52.153 Y42.41
G0 X53.574 Y42.41
G0 X53.574 Y42.26
G1 F3600 X56.054 Y44.74 E0.05833
G0 F7200 X55.259 Y44.74
G1 F3600 X56.24 Y43.759 E0.02307
G1 X56.31 Y43.689
G0 F7200 X56.09 Y43.689
G0 X51 Y43.146
G0 X49.663 Y43.278
G0 X48.377 Y43.669
G0 X47.193 Y44.301
G0 X46.351 Y44.991
G0 X45.236 Y46.188
G0 X45.506 Y46.333
;TYPE:WALL-INNER
G1 F3600 X46.326 Y45.332 E0.02152
G1 X47.335 Y44.505 E0.0217
G1 X48.471 Y43.898 E0.02142
G1 X49.708 Y43.524 E0.02149
G1 X51 Y43.396 E0.02159
G1 X52.288 Y43.524 E0.02153
G1 X53.525 Y43.898 E0.02149
G1 X54.665 Y44.508 E0.0215
G1 X55.143 Y44.9 E0.01028
G1 X56.4 Y44.9 E0.0209
G1 X56.4 Y42.313 E0.04302
G1 X56.274 Y42.101 E0.0041
G1 X43.6 Y42.1 E0.21077
G1 X43.601 Y47.271 E0.08599
G1 X45.006 Y47.271 E0.02337
G1 X45.506 Y46.333 E0.01768
G0 F7200 X45.853 Y46.541
;TYPE:WALL-OUTER
G1 F1800 X46.629 Y45.601 E0.02027
G1 X47.573 Y44.831 E0.02026
G1 X48.605 Y44.279 E0.01946
G1 X49.804 Y43.916 E0.02083
G1 X51.02 Y43.8 E0.02031
G1 X52.192 Y43.916 E0.01959
G1 X53.391 Y44.279 E0.02083
G1 X54.423 Y44.831 E0.01946
G1 X55 Y45.3 E0.01237
G1 X56.8 Y45.3 E0.02993
G1 X56.8 Y42.262 E0.05052
G1 X56.635 Y41.879 E0.00694
G1 X56.356 Y41.701 E0.0055
G1 X43.2 Y41.7 E0.21879
G1 X43.2 Y47.372 E0.09433
G1 F1600 X43.25 Y47.872 E0.0094
G1 X43.5 Y47.672 E0.00599
G1 F1800 X45.245 Y47.672 E0.02902
G1 X45.853 Y46.541 E0.02135
G0 F7200 X45.98 Y46.387
G0 X45.433 Y45.938
G0 X43.48 Y47.395
G0 X43.25 Y47.872
G1 F1440 X43.25 Y48.402 E0.01102
G0 F7200 X44.092 Y46.665
G1 F1500 E-6.5
;MESH:NONMESH
G0 F600 X44.092 Y46.665 Z14.5
G0 F7200 X43.91 Y47.445
G0 X44.153 Y48.528
G0 X44.153 Y51.471
G0 X43.91 Y52.554
G0 X43.91 Y55.074
G0 X43.76 Y55.074
;TIME_ELAPSED:992.932581
;LAYER:142
;TYPE:FILL
;MESH:hold.stl
G1 F1500 E6.5
G1 F3600 X46.425 Y57.739 E0.06268
G1 X46.495 Y57.809
G0 F7200 X46.495 Y57.59
G0 X47.916 Y57.59
G0 X47.916 Y57.74
G1 F3600 X49.175 Y56.481 E0.02961
G1 X49.245 Y56.411
G0 F7200 X49.176 Y56.636
G0 X51.105 Y56.904
G0 X51.091 Y56.748
G1 F3600 X52.083 Y57.74 E0.02333
G1 X52.153 Y57.81
G0 F7200 X52.153 Y57.59
G0 X53.573 Y57.59
G0 X53.573 Y57.74
G1 F3600 X56.053 Y55.26 E0.05833
G0 F7200 X55.26 Y55.26
G1 F3600 X56.24 Y56.24 E0.02305
G1 X56.31 Y56.31
G0 F7200 X56.09 Y56.31
G0 X51 Y56.854
G0 X49.663 Y56.722
G0 X48.377 Y56.331
G0 X47.193 Y55.699
G0 X45.65 Y54.327
G0 X45.765 Y54.234
G1 F3600 X43.761 Y56.238 E0.04713
G1 X43.691 Y56.308
G0 F7200 X43.91 Y56.308
G0 X51 Y56.854
G0 X52.376 Y56.773
G0 X52.287 Y56.477
;TYPE:WALL-INNER
G1 F3600 X51 Y56.599 E0.0215
G1 X49.708 Y56.476 E0.02158
G1 X48.469 Y56.097 E0.02155
G1 X47.334 Y55.494 E0.02137
G1 X46.328 Y54.666 E0.02167
G1 X45.505 Y53.661 E0.0216
G1 X45.034 Y52.78 E0.01661
G1 X43.6 Y52.78 E0.02385
G1 X43.601 Y57.899 E0.08513
G1 X56.272 Y57.9 E0.21072
G1 X56.4 Y57.683 E0.00419
G1 X56.4 Y55.1 E0.04296
G1 X55.143 Y55.1 E0.0209
G1 X54.663 Y55.494 E0.01033
G1 X53.527 Y56.097 E0.02139
G1 X52.287 Y56.477 E0.02157
G0 F7200 X52.192 Y56.084
;TYPE:WALL-OUTER
G1 F1800 X50.981 Y56.196 E0.02022
G1 X49.805 Y56.084 E0.01965
G1 X48.641 Y55.732 E0.02022
G1 X47.54 Y55.147 E0.02073
G1 X46.628 Y54.395 E0.01966
G1 X45.831 Y53.423 E0.0209
G1 X45.275 Y52.381 E0.01964
G1 X43.5 Y52.38 E0.02952
G1 F1589.4 X43.251 Y52.223 E0.00554
G1 X43.2 Y52.68 E0.00866
G1 F1800 X43.201 Y58.299 E0.09344
G1 X56.354 Y58.3 E0.21874
G1 X56.635 Y58.12 E0.00555
G1 X56.8 Y57.734 E0.00698
G1 X56.8 Y54.7 E0.05046
G1 X55 Y54.7 E0.02993
G1 X54.422 Y55.169 E0.01238
G1 X53.355 Y55.732 E0.02006
G1 X52.192 Y56.084 E0.02021
G0 F7200 X51.993 Y56.102
G0 X52.061 Y56.81
G0 X49.742 Y56.328
G0 X48.531 Y55.96
G0 X47.627 Y55.478
G0 X43.48 Y52.663
G0 X43.251 Y52.223
G1 F1431.4 X43.25 Y51.642 E0.01215
G0 F7200 X44.21 Y53.275
G1 F1500 E-6.5
G0 F7200 X45.141 Y52.609
G0 X45.14 Y51.518
G0 X45.141 Y48.482
G0 X45.141 Y47.39
G0 X45.651 Y45.671
G0 X45.765 Y45.765
;TYPE:FILL
G1 F1500 E6.5
G1 F3600 X43.76 Y43.76 E0.04715
G1 X43.69 Y43.69
G0 F7200 X43.91 Y43.69
G0 X43.91 Y44.925
G0 X43.76 Y44.925
G1 F3600 X46.426 Y42.26 E0.06269
G1 X46.496 Y42.19
G0 F7200 X46.496 Y42.41
G0 X47.917 Y42.41
G0 X47.917 Y42.26
G1 F3600 X49.174 Y43.517 E0.02956
G1 X49.244 Y43.587
G0 F7200 X49.176 Y43.363
G0 X51.112 Y43.098
G0 X51.098 Y43.245
G1 F3600 X52.083 Y42.26 E0.02317
G1 X52.153 Y42.19
G0 F7200 X52.153 Y42.41
G0 X53.574 Y42.41
G0 X53.574 Y42.26
G1 F3600 X56.054 Y44.74 E0.05833
G0 F7200 X55.259 Y44.74
G1 F3600 X56.24 Y43.759 E0.02307
G1 X56.31 Y43.689
G0 F7200 X56.09 Y43.689
G0 X51 Y43.146
G0 X49.663 Y43.278
G0 X48.377 Y43.669
G0 X47.193 Y44.301
G0 X46.351 Y44.991
G0 X45.236 Y46.188
G0 X45.506 Y46.333
;TYPE:WALL-INNER
G1 F3600 X46.326 Y45.332 E0.02152
G1 X47.335 Y44.505 E0.0217
G1 X48.471 Y43.898 E0.02142
G1 X49.708 Y43.524 E0.02149
G1 X51 Y43.396 E0.02159
G1 X52.288 Y43.524 E0.02153
G1 X53.525 Y43.898 E0.02149
G1 X54.665 Y44.508 E0.0215
G1 X55.143 Y44.9 E0.01028
G1 X56.4 Y44.9 E0.0209
G1 X56.4 Y42.313 E0.04302
G1 X56.274 Y42.101 E0.0041
G1 X43.6 Y42.1 E0.21077
G1 X43.6 Y47.216 E0.08508
G1 X45.035 Y47.216 E0.02386
G1 X45.506 Y46.333 E0.01664
G0 F7200 X45.853 Y46.541
;TYPE:WALL-OUTER
G1 F1800 X46.629 Y45.601 E0.02027
G1 X47.573 Y44.831 E0.02026
G1 X48.605 Y44.279 E0.01946
G1 X49.804 Y43.916 E0.02083
G1 X51.02 Y43.8 E0.02031
G1 X52.192 Y43.916 E0.01959
G1 X53.391 Y44.279 E0.02083
G1 X54.423 Y44.831 E0.01946
G1 X55 Y45.3 E0.01237
G1 X56.8 Y45.3 E0.02993
G1 X56.8 Y42.262 E0.05052
G1 X56.635 Y41.879 E0.00694
G1 X56.356 Y41.701 E0.0055
G1 X43.2 Y41.7 E0.21879
G1 X43.2 Y47.316 E0.09339
G1 F1600 X43.25 Y47.816 E0.0094
G1 X43.5 Y47.616 E0.00599
G1 F1800 X45.276 Y47.617 E0.02954
G1 X45.853 Y46.541 E0.0203
G0 F7200 X45.98 Y46.387
G0 X45.433 Y45.938
G0 X43.48 Y47.337
G0 X43.25 Y47.816
G1 F1440 X43.25 Y48.354 E0.01118
G0 F7200 X44.092 Y46.607
G1 F1500 E-6.5
;MESH:NONMESH
G0 F600 X44.092 Y46.607 Z14.6
G0 F7200 X43.91 Y47.387
G0 X44.153 Y48.47
G0 X44.153 Y51.53
G0 X43.912 Y52.593
G0 X43.91 Y55.074
G0 X43.76 Y55.074
;TIME_ELAPSED:999.935826
;LAYER:143
;TYPE:FILL
;MESH:hold.stl
G1 F1500 E6.5
G1 F3600 X46.425 Y57.739 E0.06268
G1 X46.495 Y57.809
G0 F7200 X46.495 Y57.59
G0 X47.916 Y57.59
G0 X47.916 Y57.74
G1 F3600 X49.175 Y56.481 E0.02961
G1 X49.245 Y56.411
G0 F7200 X49.176 Y56.636
G0 X51.105 Y56.904
G0 X51.091 Y56.748
G1 F3600 X52.083 Y57.74 E0.02333
G1 X52.153 Y57.81
G0 F7200 X52.153 Y57.59
G0 X53.573 Y57.59
G0 X53.573 Y57.74
G1 F3600 X56.053 Y55.26 E0.05833
G0 F7200 X55.26 Y55.26
G1 F3600 X56.24 Y56.24 E0.02305
G1 X56.31 Y56.31
G0 F7200 X56.09 Y56.31
G0 X51 Y56.854
G0 X49.663 Y56.722
G0 X48.377 Y56.331
G0 X47.193 Y55.699
G0 X45.65 Y54.327
G0 X45.765 Y54.234
G1 F3600 X43.761 Y56.238 E0.04713
G1 X43.691 Y56.308
G0 F7200 X43.91 Y56.308
G0 X51 Y56.854
G0 X52.376 Y56.773
G0 X52.287 Y56.477
;TYPE:WALL-INNER
G1 F3600 X51 Y56.599 E0.0215
G1 X49.708 Y56.476 E0.02158
G1 X48.469 Y56.097 E0.02155
G1 X47.334 Y55.494 E0.02137
G1 X46.328 Y54.666 E0.02167
G1 X45.506 Y53.663 E0.02157
G1 X45.065 Y52.84 E0.01553
G1 X43.6 Y52.84 E0.02436
G1 X43.601 Y57.899 E0.08413
G1 X56.272 Y57.9 E0.21072
G1 X56.4 Y57.683 E0.00419
G1 X56.4 Y55.1 E0.04296
G1 X55.143 Y55.1 E0.0209
G1 X54.663 Y55.494 E0.01033
G1 X53.527 Y56.097 E0.02139
G1 X52.287 Y56.477 E0.02157
G0 F7200 X52.192 Y56.084
;TYPE:WALL-OUTER
G1 F1800 X50.981 Y56.196 E0.02022
G1 X49.805 Y56.084 E0.01965
G1 X48.641 Y55.732 E0.02022
G1 X47.54 Y55.147 E0.02073
G1 X46.628 Y54.395 E0.01966
G1 X45.831 Y53.423 E0.0209
G1 X45.304 Y52.44 E0.01855
G1 X43.5 Y52.44 E0.03
G1 F1589.4 X43.251 Y52.283 E0.00554
G1 X43.2 Y52.74 E0.00866
G1 F1800 X43.201 Y58.299 E0.09245
G1 X56.354 Y58.3 E0.21874
G1 X56.635 Y58.12 E0.00555
G1 X56.8 Y57.734 E0.00698
G1 X56.8 Y54.7 E0.05046
G1 X55 Y54.7 E0.02993
G1 X54.422 Y55.169 E0.01238
G1 X53.355 Y55.732 E0.02006
G1 X52.192 Y56.084 E0.02021
G0 F7200 X51.993 Y56.102
G0 X52.061 Y56.81
G0 X49.742 Y56.328
G0 X48.531 Y55.96
G0 X47.627 Y55.478
G0 X43.48 Y52.721
G0 X43.251 Y52.283
G1 F1431.4 X43.25 Y51.674 E0.01274
G0 F7200 X44.21 Y53.333
G1 F1500 E-6.5
G0 F7200 X45.171 Y52.667
G0 X45.17 Y51.576
G0 X45.172 Y48.424
G0 X45.172 Y47.332
G0 X45.651 Y45.671
G0 X45.765 Y45.765
;TYPE:FILL
G1 F1500 E6.5
G1 F3600 X43.76 Y43.76 E0.04715
G1 X43.69 Y43.69
G0 F7200 X43.91 Y43.69
G0 X43.91 Y44.925
G0 X43.76 Y44.925
G1 F3600 X46.426 Y42.26 E0.06269
G1 X46.496 Y42.19
G0 F7200 X46.496 Y42.41
G0 X47.917 Y42.41
G0 X47.917 Y42.26
G1 F3600 X49.174 Y43.517 E0.02956
G1 X49.244 Y43.587
G0 F7200 X49.176 Y43.363
G0 X51.112 Y43.098
G0 X51.098 Y43.245
G1 F3600 X52.083 Y42.26 E0.02317
G1 X52.153 Y42.19
G0 F7200 X52.153 Y42.41
G0 X53.574 Y42.41
G0 X53.574 Y42.26
G1 F3600 X56.054 Y44.74 E0.05833
G0 F7200 X55.259 Y44.74
G1 F3600 X56.24 Y43.759 E0.02307
G1 X56.31 Y43.689
G0 F7200 X56.09 Y43.689
G0 X51 Y43.146
G0 X49.663 Y43.278
G0 X48.377 Y43.669
G0 X47.193 Y44.301
G0 X46.351 Y44.991
G0 X45.235 Y46.19
G0 X45.505 Y46.335
;TYPE:WALL-INNER
G1 F3600 X46.326 Y45.332 E0.02156
G1 X47.335 Y44.505 E0.0217
G1 X48.471 Y43.898 E0.02142
G1 X49.708 Y43.524 E0.02149
G1 X51 Y43.396 E0.02159
G1 X52.288 Y43.524 E0.02153
G1 X53.525 Y43.898 E0.02149
G1 X54.665 Y44.508 E0.0215
G1 X55.143 Y44.9 E0.01028
G1 X56.4 Y44.9 E0.0209
G1 X56.4 Y42.313 E0.04302
G1 X56.274 Y42.101 E0.0041
G1 X43.6 Y42.1 E0.21077
G1 X43.6 Y47.156 E0.08408
G1 X45.067 Y47.156 E0.0244
G1 X45.505 Y46.335 E0.01547
G0 F7200 X45.831 Y46.573
;TYPE:WALL-OUTER
G1 F1800 X46.629 Y45.601 E0.02091
G1 X47.573 Y44.831 E0.02026
G1 X48.605 Y44.279 E0.01946
G1 X49.804 Y43.916 E0.02083
G1 X51.02 Y43.8 E0.02031
G1 X52.192 Y43.916 E0.01959
G1 X53.391 Y44.279 E0.02083
G1 X54.423 Y44.831 E0.01946
G1 X55 Y45.3 E0.01237
G1 X56.8 Y45.3 E0.02993
G1 X56.8 Y42.262 E0.05052
G1 X56.635 Y41.879 E0.00694
G1 X56.356 Y41.701 E0.0055
G1 X43.2 Y41.7 E0.21879
G1 X43.2 Y47.256 E0.0924
G1 F1600 X43.25 Y47.756 E0.0094
G1 X43.5 Y47.556 E0.00599
G1 F1800 X45.307 Y47.556 E0.03005
G1 X45.831 Y46.573 E0.01852
G0 F7200 X45.957 Y46.419
G0 X45.408 Y45.968
G0 X43.48 Y47.279
G0 X43.25 Y47.756
G1 F1440 X43.25 Y48.326 E0.01185
G0 F7200 X44.092 Y46.549
G1 F1500 E-6.5
;MESH:NONMESH
G0 F600 X44.092 Y46.549 Z14.7
G0 F7200 X43.91 Y47.329
G0 X44.153 Y48.412
G0 X44.153 Y51.588
G0 X43.913 Y52.651
G0 X43.91 Y55.074
G0 X43.76 Y55.074
;TIME_ELAPSED:1006.932934
;LAYER:144
;TYPE:FILL
;MESH:hold.stl
G1 F1500 E6.5
G1 F3600 X46.425 Y57.739 E0.06268
G1 X46.495 Y57.809
G0 F7200 X46.495 Y57.59
G0 X47.916 Y57.59
G0 X47.916 Y57.74
G1 F3600 X49.175 Y56.481 E0.02961
G1 X49.245 Y56.411
G0 F7200 X49.176 Y56.636
G0 X51.105 Y56.904
G0 X51.091 Y56.748
G1 F3600 X52.083 Y57.74 E0.02333
G1 X52.153 Y57.81
G0 F7200 X52.153 Y57.59
G0 X53.573 Y57.59
G0 X53.573 Y57.74
G1 F3600 X56.053 Y55.26 E0.05833
G0 F7200 X55.26 Y55.26
G1 F3600 X56.24 Y56.24 E0.02305
G1 X56.31 Y56.31
G0 F7200 X56.09 Y56.31
G0 X51 Y56.854
G0 X49.663 Y56.722
G0 X48.377 Y56.331
G0 X47.193 Y55.699
G0 X45.65 Y54.327
G0 X45.765 Y54.234
G1 F3600 X43.761 Y56.238 E0.04713
G1 X43.691 Y56.308
G0 F7200 X43.91 Y56.308
G0 X51 Y56.854
G0 X52.376 Y56.773
G0 X52.287 Y56.477
;TYPE:WALL-INNER
G1 F3600 X51 Y56.599 E0.0215
G1 X49.708 Y56.476 E0.02158
G1 X48.469 Y56.097 E0.02155
G1 X47.334 Y55.494 E0.02137
G1 X46.328 Y54.666 E0.02167
G1 X45.505 Y53.661 E0.0216
G1 X45.096 Y52.896 E0.01443
G1 X43.6 Y52.896 E0.02488
G1 X43.601 Y57.899 E0.0832
G1 X56.272 Y57.9 E0.21072
G1 X56.4 Y57.683 E0.00419
G1 X56.4 Y55.1 E0.04296
G1 X55.143 Y55.1 E0.0209
G1 X54.663 Y55.494 E0.01033
G1 X53.527 Y56.097 E0.02139
G1 X52.287 Y56.477 E0.02157
G0 F7200 X52.192 Y56.084
;TYPE:WALL-OUTER
G1 F1800 X50.981 Y56.196 E0.02022
G1 X49.805 Y56.084 E0.01965
G1 X48.641 Y55.732 E0.02022
G1 X47.54 Y55.147 E0.02073
G1 X46.628 Y54.395 E0.01966
G1 X45.831 Y53.423 E0.0209
G1 X45.336 Y52.496 E0.01748
G1 X43.5 Y52.496 E0.03053
G1 F1589.4 X43.251 Y52.339 E0.00554
G1 X43.2 Y52.796 E0.00866
G1 F1800 X43.201 Y58.299 E0.09152
G1 X56.354 Y58.3 E0.21874
G1 X56.635 Y58.12 E0.00555
G1 X56.8 Y57.734 E0.00698
G1 X56.8 Y54.7 E0.05046
G1 X55 Y54.7 E0.02993
G1 X54.422 Y55.169 E0.01238
G1 X53.355 Y55.732 E0.02006
G1 X52.192 Y56.084 E0.02021
G0 F7200 X51.993 Y56.102
G0 X52.061 Y56.81
G0 X49.742 Y56.328
G0 X48.531 Y55.96
G0 X47.627 Y55.478
G0 X43.48 Y52.779
G0 X43.251 Y52.339
G1 F1431.4 X43.25 Y51.702 E0.01332
G0 F7200 X44.21 Y53.391
G1 F1500 E-6.5
G0 F7200 X45.202 Y52.724
G0 X45.201 Y51.633
G0 X45.203 Y48.367
G0 X45.203 Y47.275
G0 X45.651 Y45.671
G0 X45.765 Y45.765
;TYPE:FILL
G1 F1500 E6.5
G1 F3600 X43.76 Y43.76 E0.04715
G1 X43.69 Y43.69
G0 F7200 X43.91 Y43.69
G0 X43.91 Y44.925
G0 X43.76 Y44.925
G1 F3600 X46.426 Y42.26 E0.06269
G1 X46.496 Y42.19
G0 F7200 X46.496 Y42.41
G0 X47.917 Y42.41
G0 X47.917 Y42.26
G1 F3600 X49.174 Y43.517 E0.02956
G1 X49.244 Y43.587
G0 F7200 X49.176 Y43.363
G0 X51.112 Y43.098
G0 X51.098 Y43.245
G1 F3600 X52.083 Y42.26 E0.02317
G1 X52.153 Y42.19
G0 F7200 X52.153 Y42.41
G0 X53.574 Y42.41
G0 X53.574 Y42.26
G1 F3600 X56.054 Y44.74 E0.05833
G0 F7200 X55.259 Y44.74
G1 F3600 X56.24 Y43.759 E0.02307
G1 X56.31 Y43.689
G0 F7200 X56.09 Y43.689
G0 X51 Y43.146
G0 X49.663 Y43.278
G0 X48.377 Y43.669
G0 X47.193 Y44.301
G0 X46.351 Y44.991
G0 X45.235 Y46.19
G0 X45.505 Y46.335
;TYPE:WALL-INNER
G1 F3600 X46.326 Y45.332 E0.02156
G1 X47.335 Y44.505 E0.0217
G1 X48.471 Y43.898 E0.02142
G1 X49.708 Y43.524 E0.02149
G1 X51 Y43.396 E0.02159
G1 X52.288 Y43.524 E0.02153
G1 X53.525 Y43.898 E0.02149
G1 X54.665 Y44.508 E0.0215
G1 X55.143 Y44.9 E0.01028
G1 X56.4 Y44.9 E0.0209
G1 X56.4 Y42.313 E0.04302
G1 X56.274 Y42.101 E0.0041
G1 X43.6 Y42.1 E0.21077
G1 X43.6 Y47.1 E0.08315
G1 X45.096 Y47.1 E0.02488
G1 X45.505 Y46.335 E0.01443
G0 F7200 X45.831 Y46.573
;TYPE:WALL-OUTER
G1 F1800 X46.629 Y45.601 E0.02091
G1 X47.573 Y44.831 E0.02026
G1 X48.605 Y44.279 E0.01946
G1 X49.804 Y43.916 E0.02083
G1 X51.02 Y43.8 E0.02031
G1 X52.192 Y43.916 E0.01959
G1 X53.391 Y44.279 E0.02083
G1 X54.423 Y44.831 E0.01946
G1 X55 Y45.3 E0.01237
G1 X56.8 Y45.3 E0.02993
G1 X56.8 Y42.262 E0.05052
G1 X56.635 Y41.879 E0.00694
G1 X56.356 Y41.701 E0.0055
G1 X43.2 Y41.7 E0.21879
G1 X43.2 Y47.2 E0.09147
G1 F1600 X43.25 Y47.7 E0.0094
G1 X43.5 Y47.5 E0.00599
G1 F1800 X45.336 Y47.5 E0.03053
G1 X45.831 Y46.573 E0.01748
G0 F7200 X45.957 Y46.419
G0 X45.408 Y45.968
G0 X43.48 Y47.221
G0 X43.25 Y47.7
G1 F1440 X43.25 Y48.294 E0.01235
G0 F7200 X44.21 Y46.609
G1 F1500 E-6.5
;MESH:NONMESH
G0 F600 X44.21 Y46.609 Z14.8
G0 F7200 X44.153 Y48.354
G0 X44.153 Y51.645
G0 X43.922 Y52.709
G0 X43.91 Y55.074
G0 X43.76 Y55.074
;TIME_ELAPSED:1013.915611
;LAYER:145
;TYPE:FILL
;MESH:hold.stl
G1 F1500 E6.5
G1 F3600 X46.425 Y57.739 E0.06268
G1 X46.495 Y57.809
G0 F7200 X46.495 Y57.59
G0 X47.916 Y57.59
G0 X47.916 Y57.74
G1 F3600 X49.175 Y56.481 E0.02961
G1 X49.245 Y56.411
G0 F7200 X49.176 Y56.636
G0 X51.105 Y56.904
G0 X51.091 Y56.748
G1 F3600 X52.083 Y57.74 E0.02333
G1 X52.153 Y57.81
G0 F7200 X52.153 Y57.59
G0 X53.573 Y57.59
G0 X53.573 Y57.74
G1 F3600 X56.053 Y55.26 E0.05833
G0 F7200 X55.26 Y55.26
G1 F3600 X56.24 Y56.24 E0.02305
G1 X56.31 Y56.31
G0 F7200 X56.09 Y56.31
G0 X51 Y56.854
G0 X49.663 Y56.722
G0 X48.377 Y56.331
G0 X47.193 Y55.699
G0 X45.65 Y54.327
G0 X45.765 Y54.234
G1 F3600 X43.761 Y56.238 E0.04713
G1 X43.691 Y56.308
G0 F7200 X43.91 Y56.308
G0 X51 Y56.854
G0 X52.376 Y56.773
G0 X52.287 Y56.477
;TYPE:WALL-INNER
G1 F3600 X51 Y56.599 E0.0215
G1 X49.708 Y56.476 E0.02158
G1 X48.469 Y56.097 E0.02155
G1 X47.334 Y55.494 E0.02137
G1 X46.328 Y54.666 E0.02167
G1 X45.506 Y53.663 E0.02157
G1 X45.128 Y52.953 E0.01338
G1 X43.6 Y52.956 E0.02541
G1 X43.601 Y57.899 E0.0822
G1 X56.272 Y57.9 E0.21072
G1 X56.4 Y57.683 E0.00419
G1 X56.4 Y55.1 E0.04296
G1 X55.143 Y55.1 E0.0209
G1 X54.663 Y55.494 E0.01033
G1 X53.527 Y56.097 E0.02139
G1 X52.287 Y56.477 E0.02157
G0 F7200 X52.192 Y56.084
;TYPE:WALL-OUTER
G1 F1800 X50.981 Y56.196 E0.02022
G1 X49.805 Y56.084 E0.01965
G1 X48.641 Y55.732 E0.02022
G1 X47.54 Y55.147 E0.02073
G1 X46.628 Y54.395 E0.01966
G1 X45.831 Y53.422 E0.02092
G1 X45.368 Y52.553 E0.01637
G1 X43.501 Y52.556 E0.03105
G1 F1589.4 X43.251 Y52.399 E0.00556
G1 X43.2 Y52.857 E0.00868
G1 F1800 X43.201 Y58.299 E0.0905
G1 X56.354 Y58.3 E0.21874
G1 X56.635 Y58.12 E0.00555
G1 X56.8 Y57.734 E0.00698
G1 X56.8 Y54.7 E0.05046
G1 X55 Y54.7 E0.02993
G1 X54.422 Y55.169 E0.01238
G1 X53.355 Y55.732 E0.02006
G1 X52.192 Y56.084 E0.02021
G0 F7200 X51.993 Y56.102
G0 X52.061 Y56.81
G0 X49.742 Y56.328
G0 X48.531 Y55.96
G0 X43.48 Y52.836
G0 X43.251 Y52.399
G1 F1431.4 X43.25 Y51.726 E0.01407
G0 F7200 X44.21 Y53.448
G1 F1500 E-6.5
G0 F7200 X45.233 Y52.782
G0 X45.232 Y51.691
G0 X45.234 Y48.309
G0 X45.234 Y47.217
G0 X45.651 Y45.671
G0 X45.765 Y45.765
;TYPE:FILL
G1 F1500 E6.5
G1 F3600 X43.76 Y43.76 E0.04715
G1 X43.69 Y43.69
G0 F7200 X43.91 Y43.69
G0 X43.91 Y44.925
G0 X43.761 Y44.925
G1 F3600 X46.426 Y42.26 E0.06268
G1 X46.496 Y42.19
G0 F7200 X46.496 Y42.41
G0 X47.917 Y42.41
G0 X47.917 Y42.26
G1 F3600 X49.174 Y43.517 E0.02956
G1 X49.244 Y43.587
G0 F7200 X49.176 Y43.363
G0 X51.112 Y43.098
G0 X51.098 Y43.245
G1 F3600 X52.083 Y42.26 E0.02317
G1 X52.153 Y42.19
G0 F7200 X52.153 Y42.41
G0 X53.574 Y42.41
G0 X53.574 Y42.26
G1 F3600 X56.054 Y44.74 E0.05833
G0 F7200 X55.259 Y44.74
G1 F3600 X56.24 Y43.759 E0.02307
G1 X56.31 Y43.689
G0 F7200 X56.09 Y43.689
G0 X51 Y43.146
G0 X49.663 Y43.278
G0 X48.377 Y43.669
G0 X47.193 Y44.301
G0 X46.351 Y44.991
G0 X45.236 Y46.188
G0 X45.506 Y46.333
;TYPE:WALL-INNER
G1 F3600 X46.326 Y45.332 E0.02152
G1 X47.335 Y44.505 E0.0217
G1 X48.471 Y43.898 E0.02142
G1 X49.708 Y43.524 E0.02149
G1 X51 Y43.396 E0.02159
G1 X52.288 Y43.524 E0.02153
G1 X53.525 Y43.898 E0.02149
G1 X54.665 Y44.508 E0.0215
G1 X55.143 Y44.9 E0.01028
G1 X56.4 Y44.9 E0.0209
G1 X56.4 Y42.313 E0.04302
G1 X56.274 Y42.101 E0.0041
G1 X43.6 Y42.1 E0.21077
G1 X43.601 Y47.043 E0.0822
G1 X45.127 Y47.043 E0.02538
G1 X45.506 Y46.333 E0.01338
G0 F7200 X45.853 Y46.541
;TYPE:WALL-OUTER
G1 F1800 X46.629 Y45.601 E0.02027
G1 X47.573 Y44.831 E0.02026
G1 X48.605 Y44.279 E0.01946
G1 X49.804 Y43.916 E0.02083
G1 X51.02 Y43.8 E0.02031
G1 X52.192 Y43.916 E0.01959
G1 X53.391 Y44.279 E0.02083
G1 X54.423 Y44.831 E0.01946
G1 X55 Y45.3 E0.01237
G1 X56.8 Y45.3 E0.02993
G1 X56.8 Y42.262 E0.05052
G1 X56.635 Y41.879 E0.00694
G1 X56.356 Y41.701 E0.0055
G1 X43.2 Y41.7 E0.21879
G1 X43.2 Y47.144 E0.09053
G1 F1600 X43.25 Y47.644 E0.0094
G1 X43.5 Y47.444 E0.00599
G1 F1800 X45.367 Y47.443 E0.03105
G1 X45.853 Y46.541 E0.01704
G0 F7200 X45.98 Y46.387
G0 X45.433 Y45.938
G0 X43.48 Y47.164
G0 X43.25 Y47.644
G1 F1440 X43.25 Y48.274 E0.0131
G0 F7200 X44.092 Y46.434
G1 F1500 E-6.5
;MESH:NONMESH
G0 F600 X44.092 Y46.434 Z14.9
G0 F7200 X43.91 Y47.214
G0 X44.153 Y48.297
G0 X44.153 Y51.703
G0 X43.913 Y52.766
G0 X43.91 Y55.074
G0 X43.76 Y55.074
;TIME_ELAPSED:1020.905877
;LAYER:146
;TYPE:FILL
;MESH:hold.stl
G1 F1500 E6.5
G1 F3600 X46.425 Y57.739 E0.06268
G1 X46.495 Y57.809
G0 F7200 X46.495 Y57.59
G0 X47.916 Y57.59
G0 X47.916 Y57.74
G1 F3600 X49.175 Y56.481 E0.02961
G1 X49.245 Y56.411
G0 F7200 X49.176 Y56.636
G0 X51.105 Y56.904
G0 X51.091 Y56.748
G1 F3600 X52.083 Y57.74 E0.02333
G1 X52.153 Y57.81
G0 F7200 X52.153 Y57.59
G0 X53.573 Y57.59
G0 X53.573 Y57.74
G1 F3600 X56.053 Y55.26 E0.05833
G0 F7200 X55.26 Y55.26
G1 F3600 X56.24 Y56.24 E0.02305
G1 X56.31 Y56.31
G0 F7200 X56.09 Y56.31
G0 X51 Y56.854
G0 X49.663 Y56.722
G0 X48.377 Y56.331
G0 X47.193 Y55.699
G0 X45.65 Y54.327
G0 X45.765 Y54.234
G1 F3600 X43.761 Y56.238 E0.04713
G1 X43.691 Y56.308
G0 F7200 X43.91 Y56.308
G0 X51 Y56.854
G0 X52.376 Y56.773
G0 X52.287 Y56.477
;TYPE:WALL-INNER
G1 F3600 X51 Y56.599 E0.0215
G1 X49.708 Y56.476 E0.02158
G1 X48.469 Y56.097 E0.02155
G1 X47.334 Y55.494 E0.02137
G1 X46.328 Y54.666 E0.02167
G1 X45.505 Y53.661 E0.0216
G1 X45.157 Y53.012 E0.01225
G1 X43.6 Y53.012 E0.02589
G1 X43.601 Y57.899 E0.08127
G1 X56.272 Y57.9 E0.21072
G1 X56.4 Y57.683 E0.00419
G1 X56.4 Y55.1 E0.04296
G1 X55.143 Y55.1 E0.0209
G1 X54.663 Y55.494 E0.01033
G1 X53.527 Y56.097 E0.02139
G1 X52.287 Y56.477 E0.02157
G0 F7200 X52.192 Y56.084
;TYPE:WALL-OUTER
G1 F1800 X50.981 Y56.196 E0.02022
G1 X49.805 Y56.084 E0.01965
G1 X48.641 Y55.732 E0.02022
G1 X47.54 Y55.147 E0.02073
G1 X46.628 Y54.395 E0.01966
G1 X45.831 Y53.423 E0.0209
G1 X45.396 Y52.612 E0.0153
G1 X43.5 Y52.612 E0.03153
G1 F1589.4 X43.251 Y52.455 E0.00554
G1 X43.2 Y52.912 E0.00866
G1 F1800 X43.201 Y58.299 E0.08959
G1 X56.354 Y58.3 E0.21874
G1 X56.635 Y58.12 E0.00555
G1 X56.8 Y57.734 E0.00698
G1 X56.8 Y54.7 E0.05046
G1 X55 Y54.7 E0.02993
G1 X54.422 Y55.169 E0.01238
G1 X53.355 Y55.732 E0.02006
G1 X52.192 Y56.084 E0.02021
G0 F7200 X51.993 Y56.102
G0 X52.061 Y56.81
G0 X49.742 Y56.328
G0 X48.531 Y55.96
G0 X43.48 Y52.894
G0 X43.251 Y52.455
G1 F1431.4 X43.25 Y51.734 E0.01508
G0 F7200 X44.21 Y53.506
G1 F1500 E-6.5
G0 F7200 X45.263 Y52.84
G0 X45.262 Y51.749
G0 X45.264 Y48.251
G0 X45.264 Y47.159
G0 X45.651 Y45.671
G0 X45.765 Y45.765
;TYPE:FILL
G1 F1500 E6.5
G1 F3600 X43.76 Y43.76 E0.04715
G1 X43.69 Y43.69
G0 F7200 X43.91 Y43.69
G0 X43.91 Y44.925
G0 X43.76 Y44.925
G1 F3600 X46.426 Y42.26 E0.06269
G1 X46.496 Y42.19
G0 F7200 X46.496 Y42.41
G0 X47.917 Y42.41
G0 X47.917 Y42.26
G1 F3600 X49.174 Y43.517 E0.02956
G1 X49.244 Y43.587
G0 F7200 X49.176 Y43.363
G0 X51.112 Y43.098
G0 X51.098 Y43.245
G1 F3600 X52.083 Y42.26 E0.02317
G1 X52.153 Y42.19
G0 F7200 X52.153 Y42.41
G0 X53.574 Y42.41
G0 X53.574 Y42.26
G1 F3600 X56.054 Y44.74 E0.05833
G0 F7200 X55.259 Y44.74
G1 F3600 X56.24 Y43.759 E0.02307
G1 X56.31 Y43.689
G0 F7200 X56.09 Y43.689
G0 X51 Y43.146
G0 X49.663 Y43.278
G0 X48.377 Y43.669
G0 X47.193 Y44.301
G0 X46.351 Y44.991
G0 X45.235 Y46.189
G0 X45.506 Y46.334
;TYPE:WALL-INNER
G1 F3600 X46.326 Y45.332 E0.02153
G1 X47.335 Y44.505 E0.0217
G1 X48.471 Y43.898 E0.02142
G1 X49.708 Y43.524 E0.02149
G1 X51 Y43.396 E0.02159
G1 X52.288 Y43.524 E0.02153
G1 X53.525 Y43.898 E0.02149
G1 X54.665 Y44.508 E0.0215
G1 X55.143 Y44.9 E0.01028
G1 X56.4 Y44.9 E0.0209
G1 X56.4 Y42.313 E0.04302
G1 X56.274 Y42.101 E0.0041
G1 X43.6 Y42.1 E0.21077
G1 X43.6 Y46.984 E0.08122
G1 X45.16 Y46.984 E0.02594
G1 X45.506 Y46.334 E0.01225
G0 F7200 X45.853 Y46.541
;TYPE:WALL-OUTER
G1 F1800 X46.629 Y45.601 E0.02027
G1 X47.573 Y44.831 E0.02026
G1 X48.605 Y44.279 E0.01946
G1 X49.804 Y43.916 E0.02083
G1 X51.02 Y43.8 E0.02031
G1 X52.192 Y43.916 E0.01959
G1 X53.391 Y44.279 E0.02083
G1 X54.423 Y44.831 E0.01946
G1 X55 Y45.3 E0.01237
G1 X56.8 Y45.3 E0.02993
G1 X56.8 Y42.262 E0.05052
G1 X56.635 Y41.879 E0.00694
G1 X56.356 Y41.701 E0.0055
G1 X43.2 Y41.7 E0.21879
G1 X43.2 Y47.084 E0.08954
G1 F1600 X43.25 Y47.584 E0.0094
G1 X43.5 Y47.384 E0.00599
G1 F1800 X45.4 Y47.384 E0.0316
G1 X45.853 Y46.541 E0.01592
G0 F7200 X45.98 Y46.387
G0 X45.433 Y45.938
G0 X43.48 Y47.106
G0 X43.25 Y47.584
G1 F1440 X43.25 Y48.262 E0.01409
G0 F7200 X44.092 Y46.376
G1 F1500 E-6.5
;MESH:NONMESH
G0 F600 X44.092 Y46.376 Z15
G0 F7200 X43.91 Y47.156
G0 X44.153 Y48.239
G0 X44.153 Y51.761
G0 X43.913 Y52.824
G0 X43.91 Y55.074
G0 X43.76 Y55.074
;TIME_ELAPSED:1027.891990
;LAYER:147
;TYPE:FILL
;MESH:hold.stl
G1 F1500 E6.5
G1 F3600 X46.425 Y57.739 E0.06268
G1 X46.495 Y57.809
G0 F7200 X46.495 Y57.59
G0 X47.916 Y57.59
G0 X47.916 Y57.74
G1 F3600 X49.175 Y56.481 E0.02961
G1 X49.245 Y56.411
G0 F7200 X49.176 Y56.636
G0 X51.105 Y56.904
G0 X51.091 Y56.748
G1 F3600 X52.083 Y57.74 E0.02333
G1 X52.153 Y57.81
G0 F7200 X52.153 Y57.59
G0 X53.573 Y57.59
G0 X53.573 Y57.74
G1 F3600 X56.053 Y55.26 E0.05833
G0 F7200 X55.26 Y55.26
G1 F3600 X56.24 Y56.24 E0.02305
G1 X56.31 Y56.31
G0 F7200 X56.09 Y56.31
G0 X51 Y56.854
G0 X49.663 Y56.722
G0 X48.377 Y56.331
G0 X47.193 Y55.699
G0 X45.65 Y54.327
G0 X45.765 Y54.234
G1 F3600 X43.761 Y56.238 E0.04713
G1 X43.691 Y56.308
G0 F7200 X43.91 Y56.308
G0 X51 Y56.854
G0 X52.376 Y56.773
G0 X52.287 Y56.477
;TYPE:WALL-INNER
G1 F3600 X51 Y56.599 E0.0215
G1 X49.708 Y56.476 E0.02158
G1 X48.469 Y56.097 E0.02155
G1 X47.334 Y55.494 E0.02137
G1 X46.328 Y54.666 E0.02167
G1 X45.505 Y53.661 E0.0216
G1 X45.188 Y53.069 E0.01117
G1 X43.6 Y53.071 E0.02641
G1 X43.601 Y57.899 E0.08029
G1 X56.272 Y57.9 E0.21072
G1 X56.4 Y57.683 E0.00419
G1 X56.4 Y55.1 E0.04296
G1 X55.143 Y55.1 E0.0209
G1 X54.663 Y55.494 E0.01033
G1 X53.527 Y56.097 E0.02139
G1 X52.287 Y56.477 E0.02157
G0 F7200 X52.192 Y56.084
;TYPE:WALL-OUTER
G1 F1800 X50.981 Y56.196 E0.02022
G1 X49.805 Y56.084 E0.01965
G1 X48.641 Y55.732 E0.02022
G1 X47.54 Y55.147 E0.02073
G1 X46.628 Y54.395 E0.01966
G1 X45.853 Y53.455 E0.02026
G1 X45.428 Y52.669 E0.01486
G1 X43.501 Y52.672 E0.03205
G1 F1589.4 X43.251 Y52.515 E0.00556
G1 X43.2 Y52.973 E0.00868
G1 F1800 X43.201 Y58.299 E0.08857
G1 X56.354 Y58.3 E0.21874
G1 X56.635 Y58.12 E0.00555
G1 X56.8 Y57.734 E0.00698
G1 X56.8 Y54.7 E0.05046
G1 X55 Y54.7 E0.02993
G1 X54.422 Y55.169 E0.01238
G1 X53.355 Y55.732 E0.02006
G1 X52.192 Y56.084 E0.02021
G0 F7200 X51.993 Y56.102
G0 X52.061 Y56.81
G0 X49.742 Y56.328
G0 X48.531 Y55.96
G0 X43.48 Y52.952
G0 X43.251 Y52.515
G1 F1431.4 X43.25 Y51.746 E0.01608
G0 F7200 X44.21 Y53.564
G1 F1500 E-6.5
G0 F7200 X45.294 Y52.898
G0 X45.293 Y51.807
G0 X45.295 Y48.193
G0 X45.295 Y47.101
G0 X45.651 Y45.671
G0 X45.765 Y45.765
;TYPE:FILL
G1 F1500 E6.5
G1 F3600 X43.76 Y43.76 E0.04715
G1 X43.69 Y43.69
G0 F7200 X43.91 Y43.69
G0 X43.91 Y44.925
G0 X43.76 Y44.925
G1 F3600 X46.426 Y42.26 E0.06269
G1 X46.496 Y42.19
G0 F7200 X46.496 Y42.41
G0 X47.917 Y42.41
G0 X47.917 Y42.26
G1 F3600 X49.174 Y43.517 E0.02956
G1 X49.244 Y43.587
G0 F7200 X49.176 Y43.363
G0 X51.112 Y43.098
G0 X51.098 Y43.245
G1 F3600 X52.083 Y42.26 E0.02317
G1 X52.153 Y42.19
G0 F7200 X52.153 Y42.41
G0 X53.574 Y42.41
G0 X53.574 Y42.26
G1 F3600 X56.054 Y44.74 E0.05833
G0 F7200 X55.259 Y44.74
G1 F3600 X56.24 Y43.759 E0.02307
G1 X56.31 Y43.689
G0 F7200 X56.09 Y43.689
G0 X51 Y43.146
G0 X49.663 Y43.278
G0 X48.377 Y43.669
G0 X47.418 Y44.181
G0 X46.089 Y45.137
G0 X46.326 Y45.332
;TYPE:WALL-INNER
G1 F3600 X47.335 Y44.505 E0.0217
G1 X48.471 Y43.898 E0.02142
G1 X49.708 Y43.524 E0.02149
G1 X51 Y43.396 E0.02159
G1 X52.288 Y43.524 E0.02153
G1 X53.525 Y43.898 E0.02149
G1 X54.665 Y44.508 E0.0215
G1 X55.143 Y44.9 E0.01028
G1 X56.4 Y44.9 E0.0209
G1 X56.4 Y42.313 E0.04302
G1 X56.274 Y42.101 E0.0041
G1 X43.6 Y42.1 E0.21077
G1 X43.6 Y46.928 E0.08029
G1 X45.188 Y46.928 E0.02641
G1 X45.505 Y46.335 E0.01118
G1 X46.326 Y45.332 E0.02156
G0 F7200 X46.089 Y45.136
G0 X45.208 Y46.239
G0 X45.831 Y46.573
;TYPE:WALL-OUTER
G1 F1800 X46.629 Y45.601 E0.02091
G1 X47.573 Y44.831 E0.02026
G1 X48.605 Y44.279 E0.01946
G1 X49.804 Y43.916 E0.02083
G1 X51.02 Y43.8 E0.02031
G1 X52.192 Y43.916 E0.01959
G1 X53.391 Y44.279 E0.02083
G1 X54.423 Y44.831 E0.01946
G1 X55 Y45.3 E0.01237
G1 X56.8 Y45.3 E0.02993
G1 X56.8 Y42.262 E0.05052
G1 X56.635 Y41.879 E0.00694
G1 X56.356 Y41.701 E0.0055
G1 X43.2 Y41.7 E0.21879
G1 X43.2 Y47.028 E0.0886
G1 F1600 X43.25 Y47.528 E0.0094
G1 X43.5 Y47.328 E0.00599
G1 F1800 X45.428 Y47.328 E0.03206
G1 X45.831 Y46.573 E0.01423
G0 F7200 X45.957 Y46.419
G0 X45.408 Y45.968
G0 X43.48 Y47.048
G0 X43.25 Y47.528
G1 F1440 X43.25 Y48.254 E0.01509
G0 F7200 X44.092 Y46.318
G1 F1500 E-6.5
;MESH:NONMESH
G0 F600 X44.092 Y46.318 Z15.1
G0 F7200 X43.91 Y47.098
G0 X44.153 Y48.181
G0 X44.153 Y51.819
G0 X43.913 Y52.882
G0 X43.91 Y55.074
G0 X43.76 Y55.074
;TIME_ELAPSED:1034.911584
;LAYER:148
;TYPE:FILL
;MESH:hold.stl
G1 F1500 E6.5
G1 F3600 X46.425 Y57.739 E0.06268
G1 X46.495 Y57.809
G0 F7200 X46.495 Y57.59
G0 X47.916 Y57.59
G0 X47.916 Y57.74
G1 F3600 X49.175 Y56.481 E0.02961
G1 X49.245 Y56.411
G0 F7200 X49.176 Y56.636
G0 X51.105 Y56.904
G0 X51.091 Y56.748
G1 F3600 X52.082 Y57.739 E0.02331
G1 X52.152 Y57.809
G0 F7200 X52.152 Y57.59
G0 X53.573 Y57.59
G0 X53.573 Y57.74
G1 F3600 X56.053 Y55.26 E0.05833
G0 F7200 X55.26 Y55.26
G1 F3600 X56.238 Y56.238 E0.023
G1 X56.308 Y56.308
G0 F7200 X56.09 Y56.307
G0 X51 Y56.854
G0 X49.663 Y56.722
G0 X48.377 Y56.331
G0 X47.193 Y55.699
G0 X45.65 Y54.327
G0 X45.765 Y54.234
G1 F3600 X43.761 Y56.238 E0.04713
G1 X43.691 Y56.308
G0 F7200 X43.91 Y56.308
G0 X51 Y56.854
G0 X52.376 Y56.773
G0 X52.287 Y56.477
;TYPE:WALL-INNER
G1 F3600 X51 Y56.599 E0.0215
G1 X49.708 Y56.476 E0.02158
G1 X48.469 Y56.097 E0.02155
G1 X47.334 Y55.494 E0.02137
G1 X46.328 Y54.666 E0.02167
G1 X45.505 Y53.661 E0.0216
G1 X45.188 Y53.068 E0.01118
G1 X43.6 Y53.068 E0.02641
G1 X43.601 Y57.899 E0.08034
G1 X56.272 Y57.9 E0.21072
G1 X56.396 Y57.693 E0.00401
G1 X56.399 Y55.1 E0.04312
G1 X55.143 Y55.1 E0.02089
G1 X54.666 Y55.492 E0.01027
G1 X53.527 Y56.097 E0.02145
G1 X52.287 Y56.477 E0.02157
G0 F7200 X52.192 Y56.084
;TYPE:WALL-OUTER
G1 F1800 X50.981 Y56.196 E0.02022
G1 X49.805 Y56.084 E0.01965
G1 X48.641 Y55.732 E0.02022
G1 X47.54 Y55.147 E0.02073
G1 X46.628 Y54.395 E0.01966
G1 X45.831 Y53.423 E0.0209
G1 X45.428 Y52.668 E0.01423
G1 X43.5 Y52.668 E0.03206
G1 F1589.4 X43.251 Y52.511 E0.00554
G1 X43.2 Y52.968 E0.00866
G1 F1800 X43.201 Y58.299 E0.08865
G1 X56.354 Y58.3 E0.21874
G1 X56.635 Y58.12 E0.00555
G1 X56.796 Y57.743 E0.00682
G1 X56.799 Y54.7 E0.05061
G1 X55 Y54.7 E0.02992
G1 X54.422 Y55.169 E0.01238
G1 X53.355 Y55.732 E0.02006
G1 X52.192 Y56.084 E0.02021
G0 F7200 X51.993 Y56.102
G0 X52.061 Y56.81
G0 X49.742 Y56.328
G0 X48.531 Y55.96
G0 X43.48 Y52.951
G0 X43.251 Y52.511
G1 F1431.4 X43.25 Y51.742 E0.01608
G0 F7200 X44.21 Y53.563
G1 F1500 E-6.5
G0 F7200 X45.295 Y52.898
G0 X45.295 Y51.806
G0 X45.295 Y48.194
G0 X45.295 Y47.102
G0 X45.651 Y45.671
G0 X45.765 Y45.765
;TYPE:FILL
G1 F1500 E6.5
G1 F3600 X43.76 Y43.76 E0.04715
G1 X43.69 Y43.69
G0 F7200 X43.91 Y43.69
G0 X43.91 Y44.925
G0 X43.76 Y44.925
G1 F3600 X46.426 Y42.26 E0.06269
G1 X46.496 Y42.19
G0 F7200 X46.496 Y42.41
G0 X47.917 Y42.41
G0 X47.917 Y42.26
G1 F3600 X49.174 Y43.517 E0.02956
G1 X49.244 Y43.587
G0 F7200 X49.176 Y43.363
G0 X51.112 Y43.098
G0 X51.098 Y43.245
G1 F3600 X52.083 Y42.26 E0.02317
G1 X52.153 Y42.19
G0 F7200 X52.153 Y42.41
G0 X53.574 Y42.41
G0 X53.574 Y42.26
G1 F3600 X56.054 Y44.74 E0.05833
G0 F7200 X55.259 Y44.74
G1 F3600 X56.24 Y43.759 E0.02307
G1 X56.31 Y43.689
G0 F7200 X56.09 Y43.689
G0 X51 Y43.146
G0 X49.663 Y43.278
G0 X48.377 Y43.669
G0 X47.418 Y44.181
G0 X46.089 Y45.137
G0 X46.326 Y45.332
;TYPE:WALL-INNER
G1 F3600 X47.335 Y44.505 E0.0217
G1 X48.471 Y43.898 E0.02142
G1 X49.708 Y43.524 E0.02149
G1 X51 Y43.396 E0.02159
G1 X52.288 Y43.524 E0.02153
G1 X53.525 Y43.898 E0.02149
G1 X54.665 Y44.508 E0.0215
G1 X55.143 Y44.9 E0.01028
G1 X56.4 Y44.9 E0.0209
G1 X56.4 Y42.313 E0.04302
G1 X56.274 Y42.101 E0.0041
G1 X43.6 Y42.1 E0.21077
G1 X43.6 Y46.928 E0.08029
G1 X45.188 Y46.928 E0.02641
G1 X45.505 Y46.335 E0.01118
G1 X46.326 Y45.332 E0.02156
G0 F7200 X46.089 Y45.136
G0 X45.208 Y46.24
G0 X45.831 Y46.573
;TYPE:WALL-OUTER
G1 F1800 X46.629 Y45.601 E0.02091
G1 X47.573 Y44.831 E0.02026
G1 X48.605 Y44.279 E0.01946
G1 X49.804 Y43.916 E0.02083
G1 X51.02 Y43.8 E0.02031
G1 X52.192 Y43.916 E0.01959
G1 X53.391 Y44.279 E0.02083
G1 X54.423 Y44.831 E0.01946
G1 X55 Y45.3 E0.01237
G1 X56.8 Y45.3 E0.02993
G1 X56.8 Y42.262 E0.05052
G1 X56.635 Y41.879 E0.00694
G1 X56.356 Y41.701 E0.0055
G1 X43.2 Y41.7 E0.21879
G1 X43.2 Y47.028 E0.0886
G1 F1600 X43.25 Y47.528 E0.0094
G1 X43.5 Y47.328 E0.00599
G1 F1800 X45.428 Y47.328 E0.03206
G1 X45.831 Y46.573 E0.01423
G0 F7200 X45.957 Y46.419
G0 X45.408 Y45.968
G0 X43.48 Y47.049
G0 X43.25 Y47.528
G1 F1440 X43.25 Y48.254 E0.01509
G0 F7200 X44.092 Y46.319
G1 F1500 E-6.5
;MESH:NONMESH
G0 F600 X44.092 Y46.319 Z15.2
G0 F7200 X43.91 Y47.099
G0 X44.153 Y48.182
G0 X44.153 Y51.818
G0 X43.91 Y52.901
G0 X43.91 Y55.074
G0 X43.76 Y55.074
;TIME_ELAPSED:1041.931259
;LAYER:149
;TYPE:FILL
;MESH:hold.stl
G1 F1500 E6.5
G1 F3600 X46.425 Y57.739 E0.06268
G1 X46.495 Y57.809
G0 F7200 X46.495 Y57.59
G0 X47.916 Y57.59
G0 X47.916 Y57.74
G1 F3600 X49.175 Y56.481 E0.02961
G1 X49.245 Y56.411
G0 F7200 X49.176 Y56.636
G0 X51.105 Y56.904
G0 X51.091 Y56.748
G1 F3600 X52.082 Y57.739 E0.02331
G1 X52.152 Y57.809
G0 F7200 X52.152 Y57.59
G0 X53.573 Y57.59
G0 X53.573 Y57.74
G1 F3600 X56.053 Y55.26 E0.05833
G0 F7200 X55.26 Y55.26
G1 F3600 X56.238 Y56.238 E0.023
G1 X56.308 Y56.308
G0 F7200 X56.09 Y56.307
G0 X51 Y56.854
G0 X49.663 Y56.722
G0 X48.377 Y56.331
G0 X47.193 Y55.699
G0 X45.65 Y54.327
G0 X45.765 Y54.234
G1 F3600 X43.761 Y56.238 E0.04713
G1 X43.691 Y56.308
G0 F7200 X43.91 Y56.308
G0 X51 Y56.854
G0 X52.376 Y56.773
G0 X52.287 Y56.477
;TYPE:WALL-INNER
G1 F3600 X51 Y56.599 E0.0215
G1 X49.708 Y56.476 E0.02158
G1 X48.469 Y56.097 E0.02155
G1 X47.334 Y55.494 E0.02137
G1 X46.328 Y54.666 E0.02167
G1 X45.506 Y53.663 E0.02157
G1 X45.16 Y53.012 E0.01226
G1 X43.6 Y53.012 E0.02594
G1 X43.601 Y57.899 E0.08127
G1 X56.272 Y57.9 E0.21072
G1 X56.396 Y57.693 E0.00401
G1 X56.399 Y55.1 E0.04312
G1 X55.143 Y55.1 E0.02089
G1 X54.666 Y55.492 E0.01027
G1 X53.527 Y56.097 E0.02145
G1 X52.287 Y56.477 E0.02157
G0 F7200 X52.192 Y56.084
;TYPE:WALL-OUTER
G1 F1800 X50.981 Y56.196 E0.02022
G1 X49.805 Y56.084 E0.01965
G1 X48.641 Y55.732 E0.02022
G1 X47.54 Y55.147 E0.02073
G1 X46.628 Y54.395 E0.01966
G1 X45.831 Y53.422 E0.02092
G1 X45.4 Y52.612 E0.01526
G1 X43.5 Y52.612 E0.0316
G1 F1589.4 X43.251 Y52.455 E0.00554
G1 X43.2 Y52.912 E0.00866
G1 F1800 X43.201 Y58.299 E0.08959
G1 X56.354 Y58.3 E0.21874
G1 X56.635 Y58.12 E0.00555
G1 X56.796 Y57.743 E0.00682
G1 X56.799 Y54.7 E0.05061
G1 X55 Y54.7 E0.02992
G1 X54.422 Y55.169 E0.01238
G1 X53.355 Y55.732 E0.02006
G1 X52.192 Y56.084 E0.02021
G0 F7200 X51.993 Y56.102
G0 X52.061 Y56.81
G0 X49.742 Y56.328
G0 X48.531 Y55.96
G0 X43.48 Y52.894
G0 X43.251 Y52.455
G1 F1431.4 X43.25 Y51.734 E0.01508
G0 F7200 X44.21 Y53.506
G1 F1500 E-6.5
G0 F7200 X45.264 Y52.841
G0 X45.264 Y51.749
G0 X45.264 Y48.251
G0 X45.264 Y47.159
G0 X45.651 Y45.671
G0 X45.765 Y45.765
;TYPE:FILL
G1 F1500 E6.5
G1 F3600 X43.76 Y43.76 E0.04715
G1 X43.69 Y43.69
G0 F7200 X43.91 Y43.69
G0 X43.91 Y44.925
G0 X43.76 Y44.925
G1 F3600 X46.426 Y42.26 E0.06269
G1 X46.496 Y42.19
G0 F7200 X46.496 Y42.41
G0 X47.917 Y42.41
G0 X47.917 Y42.26
G1 F3600 X49.174 Y43.517 E0.02956
G1 X49.244 Y43.587
G0 F7200 X49.176 Y43.363
G0 X51.112 Y43.098
G0 X51.098 Y43.245
G1 F3600 X52.083 Y42.26 E0.02317
G1 X52.153 Y42.19
G0 F7200 X52.153 Y42.41
G0 X53.574 Y42.41
G0 X53.574 Y42.26
G1 F3600 X56.054 Y44.74 E0.05833
G0 F7200 X55.259 Y44.74
G1 F3600 X56.24 Y43.759 E0.02307
G1 X56.31 Y43.689
G0 F7200 X56.09 Y43.689
G0 X51 Y43.146
G0 X49.663 Y43.278
G0 X48.377 Y43.669
G0 X47.193 Y44.301
G0 X46.351 Y44.991
G0 X45.235 Y46.189
G0 X45.506 Y46.334
;TYPE:WALL-INNER
G1 F3600 X46.326 Y45.332 E0.02153
G1 X47.335 Y44.505 E0.0217
G1 X48.471 Y43.898 E0.02142
G1 X49.708 Y43.524 E0.02149
G1 X51 Y43.396 E0.02159
G1 X52.288 Y43.524 E0.02153
G1 X53.525 Y43.898 E0.02149
G1 X54.665 Y44.508 E0.0215
G1 X55.143 Y44.9 E0.01028
G1 X56.4 Y44.9 E0.0209
G1 X56.4 Y42.313 E0.04302
G1 X56.274 Y42.101 E0.0041
G1 X43.6 Y42.1 E0.21077
G1 X43.6 Y46.984 E0.08122
G1 X45.16 Y46.984 E0.02594
G1 X45.506 Y46.334 E0.01225
G0 F7200 X45.853 Y46.541
;TYPE:WALL-OUTER
G1 F1800 X46.629 Y45.601 E0.02027
G1 X47.573 Y44.831 E0.02026
G1 X48.605 Y44.279 E0.01946
G1 X49.804 Y43.916 E0.02083
G1 X51.02 Y43.8 E0.02031
G1 X52.192 Y43.916 E0.01959
G1 X53.391 Y44.279 E0.02083
G1 X54.423 Y44.831 E0.01946
G1 X55 Y45.3 E0.01237
G1 X56.8 Y45.3 E0.02993
G1 X56.8 Y42.262 E0.05052
G1 X56.635 Y41.879 E0.00694
G1 X56.356 Y41.701 E0.0055
G1 X43.2 Y41.7 E0.21879
G1 X43.2 Y47.084 E0.08954
G1 F1600 X43.25 Y47.584 E0.0094
G1 X43.5 Y47.384 E0.00599
G1 F1800 X45.4 Y47.384 E0.0316
G1 X45.853 Y46.541 E0.01592
G0 F7200 X45.98 Y46.387
G0 X45.433 Y45.938
G0 X43.48 Y47.106
G0 X43.25 Y47.584
G1 F1440 X43.25 Y48.264 E0.01414
G0 F7200 X44.092 Y46.376
G1 F1500 E-6.5
;MESH:NONMESH
G0 F600 X44.092 Y46.376 Z15.3
G0 F7200 X43.91 Y47.156
G0 X44.153 Y48.239
G0 X44.153 Y51.761
G0 X43.91 Y52.844
G0 X43.91 Y55.074
G0 X43.76 Y55.074
;TIME_ELAPSED:1048.917359
;LAYER:150
;TYPE:FILL
;MESH:hold.stl
G1 F1500 E6.5
G1 F3600 X46.425 Y57.739 E0.06268
G1 X46.495 Y57.809
G0 F7200 X46.495 Y57.59
G0 X47.916 Y57.59
G0 X47.916 Y57.74
G1 F3600 X49.175 Y56.481 E0.02961
G1 X49.245 Y56.411
G0 F7200 X49.176 Y56.636
G0 X51.105 Y56.904
G0 X51.091 Y56.748
G1 F3600 X52.082 Y57.739 E0.02331
G1 X52.152 Y57.809
G0 F7200 X52.152 Y57.59
G0 X53.573 Y57.59
G0 X53.573 Y57.74
G1 F3600 X56.053 Y55.26 E0.05833
G0 F7200 X55.26 Y55.26
G1 F3600 X56.238 Y56.238 E0.023
G1 X56.308 Y56.308
G0 F7200 X56.09 Y56.307
G0 X51 Y56.854
G0 X49.663 Y56.722
G0 X48.377 Y56.331
G0 X47.193 Y55.699
G0 X45.65 Y54.327
G0 X45.765 Y54.234
G1 F3600 X43.761 Y56.238 E0.04713
G1 X43.691 Y56.308
G0 F7200 X43.91 Y56.308
G0 X51 Y56.854
G0 X52.376 Y56.773
G0 X52.287 Y56.477
;TYPE:WALL-INNER
G1 F3600 X51 Y56.599 E0.0215
G1 X49.708 Y56.476 E0.02158
G1 X48.469 Y56.097 E0.02155
G1 X47.334 Y55.494 E0.02137
G1 X46.328 Y54.666 E0.02167
G1 X45.503 Y53.659 E0.02165
G1 X45.128 Y52.956 E0.01325
G1 X43.6 Y52.956 E0.02541
G1 X43.601 Y57.899 E0.0822
G1 X56.272 Y57.9 E0.21072
G1 X56.396 Y57.693 E0.00401
G1 X56.399 Y55.1 E0.04312
G1 X55.143 Y55.1 E0.02089
G1 X54.666 Y55.492 E0.01027
G1 X53.527 Y56.097 E0.02145
G1 X52.287 Y56.477 E0.02157
G0 F7200 X52.192 Y56.084
;TYPE:WALL-OUTER
G1 F1800 X50.981 Y56.196 E0.02022
G1 X49.805 Y56.084 E0.01965
G1 X48.641 Y55.732 E0.02022
G1 X47.54 Y55.147 E0.02073
G1 X46.628 Y54.395 E0.01966
G1 X45.831 Y53.423 E0.0209
G1 X45.368 Y52.556 E0.01635
G1 X43.5 Y52.556 E0.03106
G1 F1589.4 X43.251 Y52.399 E0.00554
G1 X43.2 Y52.856 E0.00866
G1 F1800 X43.201 Y58.299 E0.09052
G1 X56.354 Y58.3 E0.21874
G1 X56.635 Y58.12 E0.00555
G1 X56.796 Y57.743 E0.00682
G1 X56.799 Y54.7 E0.05061
G1 X55 Y54.7 E0.02992
G1 X54.422 Y55.169 E0.01238
G1 X53.355 Y55.732 E0.02006
G1 X52.192 Y56.084 E0.02021
G0 F7200 X51.993 Y56.102
G0 X52.061 Y56.81
G0 X49.742 Y56.328
G0 X48.531 Y55.96
G0 X43.48 Y52.836
G0 X43.251 Y52.399
G1 F1431.4 X43.25 Y51.722 E0.01416
G0 F7200 X44.21 Y53.448
G1 F1500 E-6.5
G0 F7200 X45.233 Y52.783
G0 X45.233 Y51.691
G0 X45.233 Y48.309
G0 X45.233 Y47.217
G0 X45.651 Y45.671
G0 X45.765 Y45.765
;TYPE:FILL
G1 F1500 E6.5
G1 F3600 X43.76 Y43.76 E0.04715
G1 X43.69 Y43.69
G0 F7200 X43.91 Y43.69
G0 X43.91 Y44.925
G0 X43.761 Y44.925
G1 F3600 X46.426 Y42.26 E0.06268
G1 X46.496 Y42.19
G0 F7200 X46.496 Y42.41
G0 X47.917 Y42.41
G0 X47.917 Y42.26
G1 F3600 X49.174 Y43.517 E0.02956
G1 X49.244 Y43.587
G0 F7200 X49.176 Y43.363
G0 X51.112 Y43.098
G0 X51.098 Y43.245
G1 F3600 X52.083 Y42.26 E0.02317
G1 X52.153 Y42.19
G0 F7200 X52.153 Y42.41
G0 X53.574 Y42.41
G0 X53.574 Y42.26
G1 F3600 X56.054 Y44.74 E0.05833
G0 F7200 X55.259 Y44.74
G1 F3600 X56.24 Y43.759 E0.02307
G1 X56.31 Y43.689
G0 F7200 X56.09 Y43.689
G0 X51 Y43.146
G0 X49.663 Y43.278
G0 X48.377 Y43.669
G0 X47.193 Y44.301
G0 X46.351 Y44.991
G0 X45.236 Y46.188
G0 X45.506 Y46.333
;TYPE:WALL-INNER
G1 F3600 X46.326 Y45.332 E0.02152
G1 X47.335 Y44.505 E0.0217
G1 X48.471 Y43.898 E0.02142
G1 X49.708 Y43.524 E0.02149
G1 X51 Y43.396 E0.02159
G1 X52.288 Y43.524 E0.02153
G1 X53.525 Y43.898 E0.02149
G1 X54.665 Y44.508 E0.0215
G1 X55.143 Y44.9 E0.01028
G1 X56.4 Y44.9 E0.0209
G1 X56.4 Y42.313 E0.04302
G1 X56.274 Y42.101 E0.0041
G1 X43.6 Y42.1 E0.21077
G1 X43.601 Y47.043 E0.0822
G1 X45.127 Y47.043 E0.02538
G1 X45.506 Y46.333 E0.01338
G0 F7200 X45.853 Y46.541
;TYPE:WALL-OUTER
G1 F1800 X46.629 Y45.601 E0.02027
G1 X47.573 Y44.831 E0.02026
G1 X48.605 Y44.279 E0.01946
G1 X49.804 Y43.916 E0.02083
G1 X51.02 Y43.8 E0.02031
G1 X52.192 Y43.916 E0.01959
G1 X53.391 Y44.279 E0.02083
G1 X54.423 Y44.831 E0.01946
G1 X55 Y45.3 E0.01237
G1 X56.8 Y45.3 E0.02993
G1 X56.8 Y42.262 E0.05052
G1 X56.635 Y41.879 E0.00694
G1 X56.356 Y41.701 E0.0055
G1 X43.2 Y41.7 E0.21879
G1 X43.2 Y47.144 E0.09053
G1 F1600 X43.25 Y47.644 E0.0094
G1 X43.5 Y47.444 E0.00599
G1 F1800 X45.367 Y47.443 E0.03105
G1 X45.853 Y46.541 E0.01704
G0 F7200 X45.98 Y46.387
G0 X45.433 Y45.938
G0 X43.48 Y47.164
G0 X43.25 Y47.644
G1 F1440 X43.25 Y48.274 E0.0131
G0 F7200 X44.092 Y46.434
G1 F1500 E-6.5
;MESH:NONMESH
G0 F600 X44.092 Y46.434 Z15.4
G0 F7200 X43.91 Y47.214
G0 X44.153 Y48.297
G0 X44.153 Y51.703
G0 X43.91 Y52.786
G0 X43.91 Y55.074
G0 X43.76 Y55.074
;TIME_ELAPSED:1055.907458
;LAYER:151
;TYPE:FILL
;MESH:hold.stl
G1 F1500 E6.5
G1 F3600 X46.425 Y57.739 E0.06268
G1 X46.495 Y57.809
G0 F7200 X46.495 Y57.59
G0 X47.916 Y57.59
G0 X47.916 Y57.74
G1 F3600 X49.175 Y56.481 E0.02961
G1 X49.245 Y56.411
G0 F7200 X49.176 Y56.636
G0 X51.105 Y56.904
G0 X51.091 Y56.748
G1 F3600 X52.083 Y57.74 E0.02333
G1 X52.153 Y57.81
G0 F7200 X52.153 Y57.59
G0 X53.573 Y57.59
G0 X53.573 Y57.74
G1 F3600 X56.053 Y55.26 E0.05833
G0 F7200 X55.26 Y55.26
G1 F3600 X56.24 Y56.24 E0.02305
G1 X56.31 Y56.31
G0 F7200 X56.09 Y56.31
G0 X51 Y56.854
G0 X49.663 Y56.722
G0 X48.377 Y56.331
G0 X47.193 Y55.699
G0 X45.65 Y54.327
G0 X45.765 Y54.234
G1 F3600 X43.761 Y56.238 E0.04713
G1 X43.691 Y56.308
G0 F7200 X43.91 Y56.308
G0 X51 Y56.854
G0 X52.376 Y56.773
G0 X52.287 Y56.477
;TYPE:WALL-INNER
G1 F3600 X51 Y56.599 E0.0215
G1 X49.708 Y56.476 E0.02158
G1 X48.469 Y56.097 E0.02155
G1 X47.334 Y55.494 E0.02137
G1 X46.328 Y54.666 E0.02167
G1 X45.505 Y53.661 E0.0216
G1 X45.096 Y52.896 E0.01443
G1 X43.6 Y52.896 E0.02488
G1 X43.601 Y57.899 E0.0832
G1 X56.272 Y57.9 E0.21072
G1 X56.4 Y57.683 E0.00419
G1 X56.4 Y55.1 E0.04296
G1 X55.143 Y55.1 E0.0209
G1 X54.663 Y55.494 E0.01033
G1 X53.527 Y56.097 E0.02139
G1 X52.287 Y56.477 E0.02157
G0 F7200 X52.192 Y56.084
;TYPE:WALL-OUTER
G1 F1800 X50.981 Y56.196 E0.02022
G1 X49.805 Y56.084 E0.01965
G1 X48.641 Y55.732 E0.02022
G1 X47.54 Y55.147 E0.02073
G1 X46.628 Y54.395 E0.01966
G1 X45.831 Y53.423 E0.0209
G1 X45.336 Y52.496 E0.01748
G1 X43.5 Y52.496 E0.03053
G1 F1589.4 X43.251 Y52.339 E0.00554
G1 X43.2 Y52.796 E0.00866
G1 F1800 X43.201 Y58.299 E0.09152
G1 X56.354 Y58.3 E0.21874
G1 X56.635 Y58.12 E0.00555
G1 X56.8 Y57.734 E0.00698
G1 X56.8 Y54.7 E0.05046
G1 X55 Y54.7 E0.02993
G1 X54.422 Y55.169 E0.01238
G1 X53.355 Y55.732 E0.02006
G1 X52.192 Y56.084 E0.02021
G0 F7200 X51.993 Y56.102
G0 X52.061 Y56.81
G0 X49.742 Y56.328
G0 X48.531 Y55.96
G0 X47.627 Y55.478
G0 X43.48 Y52.777
G0 X43.251 Y52.339
G1 F1431.4 X43.25 Y51.702 E0.01332
G0 F7200 X44.092 Y53.507
G1 F1500 E-6.5
G0 F7200 X45.202 Y52.725
G0 X45.202 Y51.632
G0 X45.202 Y48.367
G0 X45.202 Y47.275
G0 X45.651 Y45.671
G0 X45.765 Y45.765
;TYPE:FILL
G1 F1500 E6.5
G1 F3600 X43.76 Y43.76 E0.04715
G1 X43.69 Y43.69
G0 F7200 X43.91 Y43.69
G0 X43.91 Y44.925
G0 X43.76 Y44.925
G1 F3600 X46.426 Y42.26 E0.06269
G1 X46.496 Y42.19
G0 F7200 X46.496 Y42.41
G0 X47.917 Y42.41
G0 X47.917 Y42.26
G1 F3600 X49.174 Y43.517 E0.02956
G1 X49.244 Y43.587
G0 F7200 X49.176 Y43.363
G0 X51.112 Y43.098
G0 X51.098 Y43.245
G1 F3600 X52.083 Y42.26 E0.02317
G1 X52.153 Y42.19
G0 F7200 X52.153 Y42.41
G0 X53.574 Y42.41
G0 X53.574 Y42.26
G1 F3600 X56.054 Y44.74 E0.05833
G0 F7200 X55.259 Y44.74
G1 F3600 X56.24 Y43.759 E0.02307
G1 X56.31 Y43.689
G0 F7200 X56.09 Y43.689
G0 X51 Y43.146
G0 X49.663 Y43.278
G0 X48.377 Y43.669
G0 X47.193 Y44.301
G0 X46.351 Y44.991
G0 X45.235 Y46.19
G0 X45.505 Y46.335
;TYPE:WALL-INNER
G1 F3600 X46.326 Y45.332 E0.02156
G1 X47.335 Y44.505 E0.0217
G1 X48.471 Y43.898 E0.02142
G1 X49.708 Y43.524 E0.02149
G1 X51 Y43.396 E0.02159
G1 X52.288 Y43.524 E0.02153
G1 X53.525 Y43.898 E0.02149
G1 X54.665 Y44.508 E0.0215
G1 X55.143 Y44.9 E0.01028
G1 X56.4 Y44.9 E0.0209
G1 X56.4 Y42.313 E0.04302
G1 X56.274 Y42.101 E0.0041
G1 X43.6 Y42.1 E0.21077
G1 X43.6 Y47.1 E0.08315
G1 X45.096 Y47.1 E0.02488
G1 X45.505 Y46.335 E0.01443
G0 F7200 X45.831 Y46.573
;TYPE:WALL-OUTER
G1 F1800 X46.629 Y45.601 E0.02091
G1 X47.573 Y44.831 E0.02026
G1 X48.605 Y44.279 E0.01946
G1 X49.804 Y43.916 E0.02083
G1 X51.02 Y43.8 E0.02031
G1 X52.192 Y43.916 E0.01959
G1 X53.391 Y44.279 E0.02083
G1 X54.423 Y44.831 E0.01946
G1 X55 Y45.3 E0.01237
G1 X56.8 Y45.3 E0.02993
G1 X56.8 Y42.262 E0.05052
G1 X56.635 Y41.879 E0.00694
G1 X56.356 Y41.701 E0.0055
G1 X43.2 Y41.7 E0.21879
G1 X43.2 Y47.2 E0.09147
G1 F1600 X43.25 Y47.7 E0.0094
G1 X43.5 Y47.5 E0.00599
G1 F1800 X45.336 Y47.5 E0.03053
G1 X45.831 Y46.573 E0.01748
G0 F7200 X45.957 Y46.419
G0 X45.408 Y45.968
G0 X43.48 Y47.222
G0 X43.25 Y47.7
G1 F1440 X43.25 Y48.294 E0.01235
G0 F7200 X44.092 Y46.492
G1 F1500 E-6.5
;MESH:NONMESH
G0 F600 X44.092 Y46.492 Z15.5
G0 F7200 X43.91 Y47.272
G0 X44.153 Y48.355
G0 X44.153 Y51.644
G0 X43.905 Y52.727
G0 X43.91 Y55.074
G0 X43.761 Y55.074
;TIME_ELAPSED:1062.902117
;LAYER:152
;TYPE:FILL
;MESH:hold.stl
G1 F1500 E6.5
G1 F3600 X46.425 Y57.739 E0.06266
G1 X46.495 Y57.809
G0 F7200 X46.495 Y57.59
G0 X47.916 Y57.59
G0 X47.916 Y57.74
G1 F3600 X49.175 Y56.481 E0.02961
G1 X49.245 Y56.411
G0 F7200 X49.176 Y56.636
G0 X51.105 Y56.904
G0 X51.091 Y56.748
G1 F3600 X52.083 Y57.74 E0.02333
G1 X52.153 Y57.81
G0 F7200 X52.153 Y57.59
G0 X53.573 Y57.59
G0 X53.573 Y57.74
G1 F3600 X56.053 Y55.26 E0.05833
G0 F7200 X55.26 Y55.26
G1 F3600 X56.24 Y56.24 E0.02305
G1 X56.31 Y56.31
G0 F7200 X56.09 Y56.31
G0 X51 Y56.854
G0 X49.663 Y56.722
G0 X48.377 Y56.331
G0 X47.193 Y55.699
G0 X45.65 Y54.327
G0 X45.765 Y54.234
G1 F3600 X43.761 Y56.238 E0.04713
G1 X43.691 Y56.308
G0 F7200 X43.91 Y56.308
G0 X51 Y56.854
G0 X52.376 Y56.773
G0 X52.287 Y56.477
;TYPE:WALL-INNER
G1 F3600 X51 Y56.599 E0.0215
G1 X49.708 Y56.476 E0.02158
G1 X48.469 Y56.097 E0.02155
G1 X47.334 Y55.494 E0.02137
G1 X46.328 Y54.666 E0.02167
G1 X45.507 Y53.663 E0.02156
G1 X45.064 Y52.84 E0.01554
G1 X43.601 Y52.838 E0.02433
G1 X43.601 Y57.899 E0.08416
G1 X56.272 Y57.9 E0.21072
G1 X56.4 Y57.683 E0.00419
G1 X56.4 Y55.1 E0.04296
G1 X55.143 Y55.1 E0.0209
G1 X54.663 Y55.494 E0.01033
G1 X53.527 Y56.097 E0.02139
G1 X52.287 Y56.477 E0.02157
G0 F7200 X52.192 Y56.084
;TYPE:WALL-OUTER
G1 F1800 X50.981 Y56.196 E0.02022
G1 X49.805 Y56.084 E0.01965
G1 X48.641 Y55.732 E0.02022
G1 X47.54 Y55.147 E0.02073
G1 X46.628 Y54.395 E0.01966
G1 X45.831 Y53.423 E0.0209
G1 X45.304 Y52.44 E0.01855
G1 X43.499 Y52.437 E0.03002
G1 F1589.4 X43.251 Y52.279 E0.00554
G1 X43.201 Y52.735 E0.00864
G1 F1800 X43.201 Y58.299 E0.09253
G1 X56.354 Y58.3 E0.21874
G1 X56.635 Y58.12 E0.00555
G1 X56.8 Y57.734 E0.00698
G1 X56.8 Y54.7 E0.05046
G1 X55 Y54.7 E0.02993
G1 X54.422 Y55.169 E0.01238
G1 X53.355 Y55.732 E0.02006
G1 X52.192 Y56.084 E0.02021
G0 F7200 X51.993 Y56.102
G0 X52.061 Y56.81
G0 X49.742 Y56.328
G0 X48.531 Y55.96
G0 X47.627 Y55.478
G0 X43.48 Y52.719
G0 X43.251 Y52.279
G1 F1431.4 X43.25 Y51.67 E0.01274
G0 F7200 X44.092 Y53.449
G1 F1500 E-6.5
G0 F7200 X45.171 Y52.667
G0 X45.171 Y51.574
G0 X45.171 Y48.425
G0 X45.171 Y47.333
G0 X45.651 Y45.671
G0 X45.765 Y45.765
;TYPE:FILL
G1 F1500 E6.5
G1 F3600 X43.76 Y43.76 E0.04715
G1 X43.69 Y43.69
G0 F7200 X43.91 Y43.69
G0 X43.91 Y44.925
G0 X43.76 Y44.925
G1 F3600 X46.426 Y42.26 E0.06269
G1 X46.496 Y42.19
G0 F7200 X46.496 Y42.41
G0 X47.917 Y42.41
G0 X47.917 Y42.26
G1 F3600 X49.174 Y43.517 E0.02956
G1 X49.244 Y43.587
G0 F7200 X49.176 Y43.363
G0 X51.112 Y43.098
G0 X51.098 Y43.245
G1 F3600 X52.083 Y42.26 E0.02317
G1 X52.153 Y42.19
G0 F7200 X52.153 Y42.41
G0 X53.574 Y42.41
G0 X53.574 Y42.26
G1 F3600 X56.054 Y44.74 E0.05833
G0 F7200 X55.259 Y44.74
G1 F3600 X56.24 Y43.759 E0.02307
G1 X56.31 Y43.689
G0 F7200 X56.09 Y43.689
G0 X51 Y43.146
G0 X49.663 Y43.278
G0 X48.377 Y43.669
G0 X47.193 Y44.301
G0 X46.351 Y44.991
G0 X45.235 Y46.19
G0 X45.505 Y46.335
;TYPE:WALL-INNER
G1 F3600 X46.326 Y45.332 E0.02156
G1 X47.335 Y44.505 E0.0217
G1 X48.471 Y43.898 E0.02142
G1 X49.708 Y43.524 E0.02149
G1 X51 Y43.396 E0.02159
G1 X52.288 Y43.524 E0.02153
G1 X53.525 Y43.898 E0.02149
G1 X54.665 Y44.508 E0.0215
G1 X55.143 Y44.9 E0.01028
G1 X56.4 Y44.9 E0.0209
G1 X56.4 Y42.313 E0.04302
G1 X56.274 Y42.101 E0.0041
G1 X43.6 Y42.1 E0.21077
G1 X43.6 Y47.16 E0.08415
G1 X45.064 Y47.16 E0.02435
G1 X45.505 Y46.335 E0.01556
G0 F7200 X45.831 Y46.573
;TYPE:WALL-OUTER
G1 F1800 X46.629 Y45.601 E0.02091
G1 X47.573 Y44.831 E0.02026
G1 X48.605 Y44.279 E0.01946
G1 X49.804 Y43.916 E0.02083
G1 X51.02 Y43.8 E0.02031
G1 X52.192 Y43.916 E0.01959
G1 X53.391 Y44.279 E0.02083
G1 X54.423 Y44.831 E0.01946
G1 X55 Y45.3 E0.01237
G1 X56.8 Y45.3 E0.02993
G1 X56.8 Y42.262 E0.05052
G1 X56.635 Y41.879 E0.00694
G1 X56.356 Y41.701 E0.0055
G1 X43.2 Y41.7 E0.21879
G1 X43.2 Y47.26 E0.09246
G1 F1600 X43.25 Y47.76 E0.0094
G1 X43.5 Y47.56 E0.00599
G1 F1800 X45.304 Y47.56 E0.03
G1 X45.831 Y46.573 E0.01861
G0 F7200 X45.957 Y46.419
G0 X45.408 Y45.968
G0 X43.48 Y47.28
G0 X43.25 Y47.76
G1 F1440 X43.25 Y48.326 E0.01177
G0 F7200 X44.092 Y46.55
G1 F1500 E-6.5
;MESH:NONMESH
G0 F600 X44.092 Y46.55 Z15.6
G0 F7200 X43.91 Y47.33
G0 X44.153 Y48.413
G0 X44.153 Y51.586
G0 X43.905 Y52.669
G0 X43.91 Y55.074
G0 X43.76 Y55.074
;TIME_ELAPSED:1069.902721
;LAYER:153
;TYPE:FILL
;MESH:hold.stl
G1 F1500 E6.5
G1 F3600 X46.425 Y57.739 E0.06268
G1 X46.495 Y57.809
G0 F7200 X46.495 Y57.59
G0 X47.916 Y57.59
G0 X47.916 Y57.74
G1 F3600 X49.175 Y56.481 E0.02961
G1 X49.245 Y56.411
G0 F7200 X49.176 Y56.636
G0 X51.105 Y56.904
G0 X51.091 Y56.748
G1 F3600 X52.083 Y57.74 E0.02333
G1 X52.153 Y57.81
G0 F7200 X52.153 Y57.59
G0 X53.573 Y57.59
G0 X53.573 Y57.74
G1 F3600 X56.053 Y55.26 E0.05833
G0 F7200 X55.26 Y55.26
G1 F3600 X56.24 Y56.24 E0.02305
G1 X56.31 Y56.31
G0 F7200 X56.09 Y56.31
G0 X51 Y56.854
G0 X49.663 Y56.722
G0 X48.377 Y56.331
G0 X47.193 Y55.699
G0 X45.65 Y54.327
G0 X45.765 Y54.234
G1 F3600 X43.761 Y56.238 E0.04713
G1 X43.691 Y56.308
G0 F7200 X43.91 Y56.308
G0 X51 Y56.854
G0 X52.376 Y56.773
G0 X52.287 Y56.477
;TYPE:WALL-INNER
G1 F3600 X51 Y56.599 E0.0215
G1 X49.708 Y56.476 E0.02158
G1 X48.469 Y56.097 E0.02155
G1 X47.334 Y55.494 E0.02137
G1 X46.328 Y54.666 E0.02167
G1 X45.505 Y53.661 E0.0216
G1 X45.034 Y52.78 E0.01661
G1 X43.6 Y52.78 E0.02385
G1 X43.601 Y57.899 E0.08513
G1 X56.272 Y57.9 E0.21072
G1 X56.4 Y57.683 E0.00419
G1 X56.4 Y55.1 E0.04296
G1 X55.143 Y55.1 E0.0209
G1 X54.663 Y55.494 E0.01033
G1 X53.527 Y56.097 E0.02139
G1 X52.287 Y56.477 E0.02157
G0 F7200 X52.192 Y56.084
;TYPE:WALL-OUTER
G1 F1800 X50.981 Y56.196 E0.02022
G1 X49.805 Y56.084 E0.01965
G1 X48.641 Y55.732 E0.02022
G1 X47.54 Y55.147 E0.02073
G1 X46.628 Y54.395 E0.01966
G1 X45.831 Y53.423 E0.0209
G1 X45.275 Y52.381 E0.01964
G1 X43.5 Y52.38 E0.02952
G1 F1589.4 X43.251 Y52.223 E0.00554
G1 X43.2 Y52.68 E0.00866
G1 F1800 X43.201 Y58.299 E0.09344
G1 X56.354 Y58.3 E0.21874
G1 X56.635 Y58.12 E0.00555
G1 X56.8 Y57.734 E0.00698
G1 X56.8 Y54.7 E0.05046
G1 X55 Y54.7 E0.02993
G1 X54.422 Y55.169 E0.01238
G1 X53.355 Y55.732 E0.02006
G1 X52.192 Y56.084 E0.02021
G0 F7200 X51.993 Y56.102
G0 X52.061 Y56.81
G0 X49.742 Y56.328
G0 X48.531 Y55.96
G0 X47.627 Y55.478
G0 X43.48 Y52.662
G0 X43.251 Y52.223
G1 F1431.4 X43.25 Y51.642 E0.01215
G0 F7200 X44.092 Y53.392
G1 F1500 E-6.5
G0 F7200 X45.141 Y52.61
G0 X45.141 Y51.517
G0 X45.141 Y48.482
G0 X45.141 Y47.39
G0 X45.651 Y45.671
G0 X45.765 Y45.765
;TYPE:FILL
G1 F1500 E6.5
G1 F3600 X43.76 Y43.76 E0.04715
G1 X43.69 Y43.69
G0 F7200 X43.91 Y43.69
G0 X43.91 Y44.925
G0 X43.76 Y44.925
G1 F3600 X46.426 Y42.26 E0.06269
G1 X46.496 Y42.19
G0 F7200 X46.496 Y42.41
G0 X47.917 Y42.41
G0 X47.917 Y42.26
G1 F3600 X49.174 Y43.517 E0.02956
G1 X49.244 Y43.587
G0 F7200 X49.176 Y43.363
G0 X51.112 Y43.098
G0 X51.098 Y43.245
G1 F3600 X52.083 Y42.26 E0.02317
G1 X52.153 Y42.19
G0 F7200 X52.153 Y42.41
G0 X53.574 Y42.41
G0 X53.574 Y42.26
G1 F3600 X56.054 Y44.74 E0.05833
G0 F7200 X55.259 Y44.74
G1 F3600 X56.24 Y43.759 E0.02307
G1 X56.31 Y43.689
G0 F7200 X56.09 Y43.689
G0 X51 Y43.146
G0 X49.663 Y43.278
G0 X48.377 Y43.669
G0 X47.193 Y44.301
G0 X46.351 Y44.991
G0 X45.236 Y46.188
G0 X45.506 Y46.333
;TYPE:WALL-INNER
G1 F3600 X46.326 Y45.332 E0.02152
G1 X47.335 Y44.505 E0.0217
G1 X48.471 Y43.898 E0.02142
G1 X49.708 Y43.524 E0.02149
G1 X51 Y43.396 E0.02159
G1 X52.288 Y43.524 E0.02153
G1 X53.525 Y43.898 E0.02149
G1 X54.665 Y44.508 E0.0215
G1 X55.143 Y44.9 E0.01028
G1 X56.4 Y44.9 E0.0209
G1 X56.4 Y42.313 E0.04302
G1 X56.274 Y42.101 E0.0041
G1 X43.6 Y42.1 E0.21077
G1 X43.6 Y47.216 E0.08508
G1 X45.035 Y47.216 E0.02386
G1 X45.506 Y46.333 E0.01664
G0 F7200 X45.853 Y46.541
;TYPE:WALL-OUTER
G1 F1800 X46.629 Y45.601 E0.02027
G1 X47.573 Y44.831 E0.02026
G1 X48.605 Y44.279 E0.01946
G1 X49.804 Y43.916 E0.02083
G1 X51.02 Y43.8 E0.02031
G1 X52.192 Y43.916 E0.01959
G1 X53.391 Y44.279 E0.02083
G1 X54.423 Y44.831 E0.01946
G1 X55 Y45.3 E0.01237
G1 X56.8 Y45.3 E0.02993
G1 X56.8 Y42.262 E0.05052
G1 X56.635 Y41.879 E0.00694
G1 X56.356 Y41.701 E0.0055
G1 X43.2 Y41.7 E0.21879
G1 X43.2 Y47.316 E0.09339
G1 F1600 X43.25 Y47.816 E0.0094
G1 X43.5 Y47.616 E0.00599
G1 F1800 X45.276 Y47.617 E0.02954
G1 X45.853 Y46.541 E0.0203
G0 F7200 X45.98 Y46.387
G0 X45.433 Y45.938
G0 X43.48 Y47.337
G0 X43.25 Y47.816
G1 F1440 X43.25 Y48.354 E0.01118
G0 F7200 X44.092 Y46.607
G1 F1500 E-6.5
;MESH:NONMESH
G0 F600 X44.092 Y46.607 Z15.7
G0 F7200 X43.91 Y47.387
G0 X44.153 Y48.47
G0 X44.153 Y51.529
G0 X43.906 Y52.612
G0 X43.91 Y55.074
G0 X43.76 Y55.074
;TIME_ELAPSED:1076.908824
;LAYER:154
;TYPE:FILL
;MESH:hold.stl
G1 F1500 E6.5
G1 F3600 X46.425 Y57.739 E0.06268
G1 X46.495 Y57.809
G0 F7200 X46.495 Y57.59
G0 X47.916 Y57.59
G0 X47.916 Y57.74
G1 F3600 X49.175 Y56.481 E0.02961
G1 X49.245 Y56.411
G0 F7200 X49.176 Y56.636
G0 X51.105 Y56.904
G0 X51.091 Y56.748
G1 F3600 X52.083 Y57.74 E0.02333
G1 X52.153 Y57.81
G0 F7200 X52.153 Y57.59
G0 X53.573 Y57.59
G0 X53.573 Y57.74
G1 F3600 X56.053 Y55.26 E0.05833
G0 F7200 X55.26 Y55.26
G1 F3600 X56.24 Y56.24 E0.02305
G1 X56.31 Y56.31
G0 F7200 X56.09 Y56.31
G0 X51 Y56.854
G0 X49.663 Y56.722
G0 X48.377 Y56.331
G0 X47.193 Y55.699
G0 X45.65 Y54.327
G0 X45.765 Y54.234
G1 F3600 X43.761 Y56.238 E0.04713
G1 X43.691 Y56.308
G0 F7200 X43.91 Y56.308
G0 X51 Y56.854
G0 X52.376 Y56.773
G0 X52.287 Y56.477
;TYPE:WALL-INNER
G1 F3600 X51 Y56.599 E0.0215
G1 X49.708 Y56.476 E0.02158
G1 X48.469 Y56.097 E0.02155
G1 X47.334 Y55.494 E0.02137
G1 X46.328 Y54.666 E0.02167
G1 X45.505 Y53.661 E0.0216
G1 X45.004 Y52.724 E0.01767
G1 X43.6 Y52.724 E0.02335
G1 X43.601 Y57.899 E0.08606
G1 X56.272 Y57.9 E0.21072
G1 X56.4 Y57.683 E0.00419
G1 X56.4 Y55.1 E0.04296
G1 X55.143 Y55.1 E0.0209
G1 X54.663 Y55.494 E0.01033
G1 X53.527 Y56.097 E0.02139
G1 X52.287 Y56.477 E0.02157
G0 F7200 X52.192 Y56.084
;TYPE:WALL-OUTER
G1 F1800 X50.981 Y56.196 E0.02022
G1 X49.805 Y56.084 E0.01965
G1 X48.641 Y55.732 E0.02022
G1 X47.54 Y55.147 E0.02073
G1 X46.628 Y54.395 E0.01966
G1 X45.831 Y53.423 E0.0209
G1 X45.243 Y52.324 E0.02073
G1 X43.5 Y52.324 E0.02899
G1 F1589.4 X43.251 Y52.167 E0.00554
G1 X43.2 Y52.624 E0.00866
G1 F1800 X43.201 Y58.299 E0.09438
G1 X56.354 Y58.3 E0.21874
G1 X56.635 Y58.12 E0.00555
G1 X56.8 Y57.734 E0.00698
G1 X56.8 Y54.7 E0.05046
G1 X55 Y54.7 E0.02993
G1 X54.422 Y55.169 E0.01238
G1 X53.355 Y55.732 E0.02006
G1 X52.192 Y56.084 E0.02021
G0 F7200 X51.993 Y56.102
G0 X52.061 Y56.81
G0 X49.742 Y56.328
G0 X48.531 Y55.96
G0 X47.627 Y55.478
G0 X43.48 Y52.604
G0 X43.251 Y52.167
G1 F1431.4 X43.25 Y51.594 E0.01198
G0 F7200 X44.092 Y53.334
G1 F1500 E-6.5
G0 F7200 X45.109 Y52.552
G0 X45.109 Y51.459
G0 X45.109 Y48.54
G0 X45.109 Y47.448
G0 X45.651 Y45.671
G0 X45.765 Y45.765
;TYPE:FILL
G1 F1500 E6.5
G1 F3600 X43.76 Y43.76 E0.04715
G1 X43.69 Y43.69
G0 F7200 X43.91 Y43.69
G0 X43.91 Y44.925
G0 X43.76 Y44.925
G1 F3600 X46.426 Y42.26 E0.06269
G1 X46.496 Y42.19
G0 F7200 X46.496 Y42.41
G0 X47.917 Y42.41
G0 X47.917 Y42.26
G1 F3600 X49.174 Y43.517 E0.02956
G1 X49.244 Y43.587
G0 F7200 X49.176 Y43.363
G0 X51.112 Y43.098
G0 X51.098 Y43.245
G1 F3600 X52.083 Y42.26 E0.02317
G1 X52.153 Y42.19
G0 F7200 X52.153 Y42.41
G0 X53.574 Y42.41
G0 X53.574 Y42.26
G1 F3600 X56.054 Y44.74 E0.05833
G0 F7200 X55.259 Y44.74
G1 F3600 X56.24 Y43.759 E0.02307
G1 X56.31 Y43.689
G0 F7200 X56.09 Y43.689
G0 X51 Y43.146
G0 X49.663 Y43.278
G0 X48.377 Y43.669
G0 X47.193 Y44.301
G0 X46.351 Y44.991
G0 X45.235 Y46.19
G0 X45.505 Y46.335
;TYPE:WALL-INNER
G1 F3600 X46.326 Y45.332 E0.02156
G1 X47.335 Y44.505 E0.0217
G1 X48.471 Y43.898 E0.02142
G1 X49.708 Y43.524 E0.02149
G1 X51 Y43.396 E0.02159
G1 X52.288 Y43.524 E0.02153
G1 X53.525 Y43.898 E0.02149
G1 X54.665 Y44.508 E0.0215
G1 X55.143 Y44.9 E0.01028
G1 X56.4 Y44.9 E0.0209
G1 X56.4 Y42.313 E0.04302
G1 X56.274 Y42.101 E0.0041
G1 X43.6 Y42.1 E0.21077
G1 X43.6 Y47.272 E0.08601
G1 X45.004 Y47.272 E0.02335
G1 X45.505 Y46.335 E0.01767
G0 F7200 X45.831 Y46.573
;TYPE:WALL-OUTER
G1 F1800 X46.629 Y45.601 E0.02091
G1 X47.573 Y44.831 E0.02026
G1 X48.605 Y44.279 E0.01946
G1 X49.804 Y43.916 E0.02083
G1 X51.02 Y43.8 E0.02031
G1 X52.192 Y43.916 E0.01959
G1 X53.391 Y44.279 E0.02083
G1 X54.423 Y44.831 E0.01946
G1 X55 Y45.3 E0.01237
G1 X56.8 Y45.3 E0.02993
G1 X56.8 Y42.262 E0.05052
G1 X56.635 Y41.879 E0.00694
G1 X56.356 Y41.701 E0.0055
G1 X43.2 Y41.7 E0.21879
G1 X43.2 Y47.372 E0.09433
G1 F1600 X43.25 Y47.872 E0.0094
G1 X43.5 Y47.672 E0.00599
G1 F1800 X45.243 Y47.672 E0.02899
G1 X45.831 Y46.573 E0.02073
G0 F7200 X45.957 Y46.419
G0 X45.408 Y45.968
G0 X43.48 Y47.395
G0 X43.25 Y47.872
G1 F1440 X43.25 Y48.402 E0.01102
G0 F7200 X44.092 Y46.665
G1 F1500 E-6.5
;MESH:NONMESH
G0 F600 X44.092 Y46.665 Z15.8
G0 F7200 X43.91 Y47.445
G0 X44.153 Y48.528
G0 X44.153 Y51.471
G0 X43.906 Y52.554
G0 X43.91 Y55.074
G0 X43.76 Y55.074
;TIME_ELAPSED:1083.921949
;LAYER:155
;TYPE:FILL
;MESH:hold.stl
G1 F1500 E6.5
G1 F3600 X46.425 Y57.739 E0.06268
G1 X46.495 Y57.809
G0 F7200 X46.495 Y57.59
G0 X47.916 Y57.59
G0 X47.916 Y57.74
G1 F3600 X49.175 Y56.481 E0.02961
G1 X49.245 Y56.411
G0 F7200 X49.176 Y56.636
G0 X51.105 Y56.904
G0 X51.091 Y56.748
G1 F3600 X52.083 Y57.74 E0.02333
G1 X52.153 Y57.81
G0 F7200 X52.153 Y57.59
G0 X53.573 Y57.59
G0 X53.573 Y57.74
G1 F3600 X56.053 Y55.26 E0.05833
G0 F7200 X55.26 Y55.26
G1 F3600 X56.24 Y56.24 E0.02305
G1 X56.31 Y56.31
G0 F7200 X56.09 Y56.31
G0 X51 Y56.854
G0 X49.663 Y56.722
G0 X48.377 Y56.331
G0 X47.193 Y55.699
G0 X45.65 Y54.327
G0 X45.765 Y54.234
G1 F3600 X43.761 Y56.238 E0.04713
G1 X43.691 Y56.308
G0 F7200 X43.91 Y56.308
G0 X51 Y56.854
G0 X52.376 Y56.773
G0 X52.287 Y56.477
;TYPE:WALL-INNER
G1 F3600 X51 Y56.599 E0.0215
G1 X49.708 Y56.476 E0.02158
G1 X48.469 Y56.097 E0.02155
G1 X47.334 Y55.494 E0.02137
G1 X46.328 Y54.666 E0.02167
G1 X45.505 Y53.661 E0.0216
G1 X44.972 Y52.664 E0.0188
G1 X43.6 Y52.664 E0.02282
G1 X43.601 Y57.899 E0.08706
G1 X56.272 Y57.9 E0.21072
G1 X56.4 Y57.683 E0.00419
G1 X56.4 Y55.1 E0.04296
G1 X55.143 Y55.1 E0.0209
G1 X54.663 Y55.494 E0.01033
G1 X53.527 Y56.097 E0.02139
G1 X52.287 Y56.477 E0.02157
G0 F7200 X52.192 Y56.084
;TYPE:WALL-OUTER
G1 F1800 X50.981 Y56.196 E0.02022
G1 X49.805 Y56.084 E0.01965
G1 X48.641 Y55.732 E0.02022
G1 X47.54 Y55.147 E0.02073
G1 X46.628 Y54.395 E0.01966
G1 X45.831 Y53.423 E0.0209
G1 X45.279 Y52.391 E0.01946
G1 X45.238 Y52.264 E0.00222
G1 X43.5 Y52.264 E0.0289
G1 F1589.4 X43.251 Y52.107 E0.00554
G1 X43.2 Y52.564 E0.00866
G1 F1800 X43.201 Y58.299 E0.09537
G1 X56.354 Y58.3 E0.21874
G1 X56.635 Y58.12 E0.00555
G1 X56.8 Y57.734 E0.00698
G1 X56.8 Y54.7 E0.05046
G1 X55 Y54.7 E0.02993
G1 X54.422 Y55.169 E0.01238
G1 X53.355 Y55.732 E0.02006
G1 X52.192 Y56.084 E0.02021
G0 F7200 X51.993 Y56.102
G0 X52.061 Y56.81
G0 X49.742 Y56.328
G0 X48.531 Y55.96
G0 X47.627 Y55.478
G0 X43.48 Y52.546
G0 X43.251 Y52.107
G1 F1431.4 X43.25 Y51.54 E0.01186
G0 F7200 X44.092 Y53.276
G1 F1500 E-6.5
G0 F7200 X45.079 Y52.494
G0 X45.079 Y51.401
G0 X45.079 Y48.598
G0 X45.079 Y47.506
G0 X45.651 Y45.671
G0 X45.765 Y45.765
;TYPE:FILL
G1 F1500 E6.5
G1 F3600 X43.76 Y43.76 E0.04715
G1 X43.69 Y43.69
G0 F7200 X43.91 Y43.69
G0 X43.91 Y44.925
G0 X43.76 Y44.925
G1 F3600 X46.426 Y42.26 E0.06269
G1 X46.496 Y42.19
G0 F7200 X46.496 Y42.41
G0 X47.917 Y42.41
G0 X47.917 Y42.26
G1 F3600 X49.174 Y43.517 E0.02956
G1 X49.244 Y43.587
G0 F7200 X49.176 Y43.363
G0 X51.112 Y43.098
G0 X51.098 Y43.245
G1 F3600 X52.083 Y42.26 E0.02317
G1 X52.153 Y42.19
G0 F7200 X52.153 Y42.41
G0 X53.574 Y42.41
G0 X53.574 Y42.26
G1 F3600 X56.054 Y44.74 E0.05833
G0 F7200 X55.259 Y44.74
G1 F3600 X56.24 Y43.759 E0.02307
G1 X56.31 Y43.689
G0 F7200 X56.09 Y43.689
G0 X51 Y43.146
G0 X49.663 Y43.278
G0 X48.377 Y43.669
G0 X47.193 Y44.301
G0 X46.351 Y44.991
G0 X45.235 Y46.19
G0 X45.505 Y46.335
;TYPE:WALL-INNER
G1 F3600 X46.326 Y45.332 E0.02156
G1 X47.335 Y44.505 E0.0217
G1 X48.471 Y43.898 E0.02142
G1 X49.708 Y43.524 E0.02149
G1 X51 Y43.396 E0.02159
G1 X52.288 Y43.524 E0.02153
G1 X53.525 Y43.898 E0.02149
G1 X54.665 Y44.508 E0.0215
G1 X55.143 Y44.9 E0.01028
G1 X56.4 Y44.9 E0.0209
G1 X56.4 Y42.313 E0.04302
G1 X56.274 Y42.101 E0.0041
G1 X43.6 Y42.1 E0.21077
G1 X43.6 Y47.332 E0.08701
G1 X44.972 Y47.332 E0.02282
G1 X45.505 Y46.335 E0.0188
G0 F7200 X45.831 Y46.573
;TYPE:WALL-OUTER
G1 F1800 X46.629 Y45.601 E0.02091
G1 X47.573 Y44.831 E0.02026
G1 X48.605 Y44.279 E0.01946
G1 X49.804 Y43.916 E0.02083
G1 X51.02 Y43.8 E0.02031
G1 X52.192 Y43.916 E0.01959
G1 X53.391 Y44.279 E0.02083
G1 X54.423 Y44.831 E0.01946
G1 X55 Y45.3 E0.01237
G1 X56.8 Y45.3 E0.02993
G1 X56.8 Y42.262 E0.05052
G1 X56.635 Y41.879 E0.00694
G1 X56.356 Y41.701 E0.0055
G1 X43.2 Y41.7 E0.21879
G1 X43.2 Y47.432 E0.09532
G1 F1600 X43.25 Y47.932 E0.0094
G1 X43.5 Y47.732 E0.00599
G1 F1800 X45.238 Y47.732 E0.0289
G1 X45.279 Y47.605 E0.00222
G1 X45.831 Y46.573 E0.01946
G0 F7200 X45.957 Y46.419
G0 X45.408 Y45.968
G0 X43.48 Y47.453
G0 X43.25 Y47.932
G1 F1440 X43.25 Y48.458 E0.01093
G0 F7200 X44.092 Y46.723
G1 F1500 E-6.5
;MESH:NONMESH
G0 F600 X44.092 Y46.723 Z15.9
G0 F7200 X43.91 Y47.503
G0 X44.153 Y48.586
G0 X44.153 Y51.413
G0 X43.906 Y52.496
G0 X43.91 Y55.074
G0 X43.76 Y55.074
;TIME_ELAPSED:1090.945564
;LAYER:156
;TYPE:FILL
;MESH:hold.stl
G1 F1500 E6.5
G1 F3600 X46.425 Y57.739 E0.06268
G1 X46.495 Y57.809
G0 F7200 X46.495 Y57.59
G0 X47.916 Y57.59
G0 X47.916 Y57.74
G1 F3600 X49.175 Y56.481 E0.02961
G1 X49.245 Y56.411
G0 F7200 X49.176 Y56.636
G0 X51.105 Y56.904
G0 X51.091 Y56.748
G1 F3600 X52.083 Y57.74 E0.02333
G1 X52.153 Y57.81
G0 F7200 X52.153 Y57.59
G0 X53.573 Y57.59
G0 X53.573 Y57.74
G1 F3600 X56.053 Y55.26 E0.05833
G0 F7200 X55.26 Y55.26
G1 F3600 X56.24 Y56.24 E0.02305
G1 X56.31 Y56.31
G0 F7200 X56.09 Y56.31
G0 X51 Y56.854
G0 X49.663 Y56.722
G0 X48.377 Y56.331
G0 X47.193 Y55.699
G0 X45.65 Y54.327
G0 X45.765 Y54.234
G1 F3600 X43.761 Y56.238 E0.04713
G1 X43.691 Y56.308
G0 F7200 X43.91 Y56.308
G0 X51 Y56.854
G0 X52.376 Y56.773
G0 X52.287 Y56.477
;TYPE:WALL-INNER
G1 F3600 X51 Y56.599 E0.0215
G1 X49.708 Y56.476 E0.02158
G1 X48.469 Y56.097 E0.02155
G1 X47.334 Y55.494 E0.02137
G1 X46.328 Y54.666 E0.02167
G1 X45.505 Y53.661 E0.0216
G1 X44.942 Y52.608 E0.01986
G1 X43.6 Y52.608 E0.02232
G1 X43.601 Y57.899 E0.08799
G1 X56.272 Y57.9 E0.21072
G1 X56.4 Y57.683 E0.00419
G1 X56.4 Y55.1 E0.04296
G1 X55.143 Y55.1 E0.0209
G1 X54.663 Y55.494 E0.01033
G1 X53.527 Y56.097 E0.02139
G1 X52.287 Y56.477 E0.02157
G0 F7200 X52.192 Y56.084
;TYPE:WALL-OUTER
G1 F1800 X50.981 Y56.196 E0.02022
G1 X49.805 Y56.084 E0.01965
G1 X48.641 Y55.732 E0.02022
G1 X47.54 Y55.147 E0.02073
G1 X46.628 Y54.395 E0.01966
G1 X45.831 Y53.423 E0.0209
G1 X45.264 Y52.355 E0.02011
G1 X45.22 Y52.208 E0.00255
G1 X43.5 Y52.208 E0.0286
G1 F1589.4 X43.251 Y52.051 E0.00554
G1 X43.2 Y52.508 E0.00866
G1 F1800 X43.201 Y58.299 E0.0963
G1 X56.354 Y58.3 E0.21874
G1 X56.635 Y58.12 E0.00555
G1 X56.8 Y57.734 E0.00698
G1 X56.8 Y54.7 E0.05046
G1 X55 Y54.7 E0.02993
G1 X54.422 Y55.169 E0.01238
G1 X53.355 Y55.732 E0.02006
G1 X52.192 Y56.084 E0.02021
G0 F7200 X51.993 Y56.102
G0 X52.061 Y56.81
G0 X49.742 Y56.328
G0 X48.531 Y55.96
G0 X47.627 Y55.478
G0 X43.48 Y52.488
G0 X43.251 Y52.051
G1 F1431.4 X43.25 Y51.482 E0.0119
G0 F7200 X44.092 Y53.218
G1 F1500 E-6.5
G0 F7200 X45.054 Y52.435
G0 X45.054 Y51.343
G0 X45.058 Y48.656
G0 X45.058 Y47.539
G0 X45.651 Y45.671
G0 X45.765 Y45.765
;TYPE:FILL
G1 F1500 E6.5
G1 F3600 X43.76 Y43.76 E0.04715
G1 X43.69 Y43.69
G0 F7200 X43.91 Y43.69
G0 X43.91 Y44.925
G0 X43.76 Y44.925
G1 F3600 X46.426 Y42.26 E0.06269
G1 X46.496 Y42.19
G0 F7200 X46.496 Y42.41
G0 X47.917 Y42.41
G0 X47.917 Y42.26
G1 F3600 X49.174 Y43.517 E0.02956
G1 X49.244 Y43.587
G0 F7200 X49.176 Y43.363
G0 X51.112 Y43.098
G0 X51.098 Y43.245
G1 F3600 X52.083 Y42.26 E0.02317
G1 X52.153 Y42.19
G0 F7200 X52.153 Y42.41
G0 X53.574 Y42.41
G0 X53.574 Y42.26
G1 F3600 X56.054 Y44.74 E0.05833
G0 F7200 X55.259 Y44.74
G1 F3600 X56.24 Y43.759 E0.02307
G1 X56.31 Y43.689
G0 F7200 X56.09 Y43.689
G0 X51 Y43.146
G0 X49.663 Y43.278
G0 X48.377 Y43.669
G0 X47.193 Y44.301
G0 X46.351 Y44.991
G0 X45.235 Y46.19
G0 X45.505 Y46.335
;TYPE:WALL-INNER
G1 F3600 X46.326 Y45.332 E0.02156
G1 X47.335 Y44.505 E0.0217
G1 X48.471 Y43.898 E0.02142
G1 X49.708 Y43.524 E0.02149
G1 X51 Y43.396 E0.02159
G1 X52.288 Y43.524 E0.02153
G1 X53.525 Y43.898 E0.02149
G1 X54.665 Y44.508 E0.0215
G1 X55.143 Y44.9 E0.01028
G1 X56.4 Y44.9 E0.0209
G1 X56.4 Y42.313 E0.04302
G1 X56.274 Y42.101 E0.0041
G1 X43.6 Y42.1 E0.21077
G1 X43.6 Y47.388 E0.08794
G1 X44.942 Y47.388 E0.02232
G1 X45.505 Y46.335 E0.01986
G0 F7200 X45.831 Y46.573
;TYPE:WALL-OUTER
G1 F1800 X46.629 Y45.601 E0.02091
G1 X47.573 Y44.831 E0.02026
G1 X48.605 Y44.279 E0.01946
G1 X49.804 Y43.916 E0.02083
G1 X51.02 Y43.8 E0.02031
G1 X52.192 Y43.916 E0.01959
G1 X53.391 Y44.279 E0.02083
G1 X54.423 Y44.831 E0.01946
G1 X55 Y45.3 E0.01237
G1 X56.8 Y45.3 E0.02993
G1 X56.8 Y42.262 E0.05052
G1 X56.635 Y41.879 E0.00694
G1 X56.356 Y41.701 E0.0055
G1 X43.2 Y41.7 E0.21879
G1 X43.2 Y47.488 E0.09625
G1 F1600 X43.25 Y47.988 E0.0094
G1 X43.5 Y47.788 E0.00599
G1 F1800 X45.22 Y47.788 E0.0286
G1 X45.279 Y47.605 E0.0032
G1 X45.831 Y46.573 E0.01946
G0 F7200 X45.957 Y46.419
G0 X45.408 Y45.968
G0 X43.48 Y47.511
G0 X43.25 Y47.988
G1 F1440 X43.25 Y48.514 E0.01093
G0 F7200 X44.092 Y46.781
G1 F1500 E-6.5
;MESH:NONMESH
G0 F600 X44.092 Y46.781 Z16
G0 F7200 X43.91 Y47.561
G0 X44.153 Y48.644
G0 X44.153 Y51.355
G0 X43.906 Y52.438
G0 X43.91 Y55.074
G0 X43.761 Y55.074
;TIME_ELAPSED:1097.977706
;LAYER:157
;TYPE:FILL
;MESH:hold.stl
G1 F1500 E6.5
G1 F3600 X46.425 Y57.739 E0.06266
G1 X46.495 Y57.809
G0 F7200 X46.495 Y57.59
G0 X47.916 Y57.59
G0 X47.916 Y57.74
G1 F3600 X49.175 Y56.481 E0.02961
G1 X49.245 Y56.411
G0 F7200 X49.176 Y56.636
G0 X51.105 Y56.904
G0 X51.091 Y56.748
G1 F3600 X52.083 Y57.74 E0.02333
G1 X52.153 Y57.81
G0 F7200 X52.153 Y57.59
G0 X53.573 Y57.59
G0 X53.573 Y57.74
G1 F3600 X56.053 Y55.26 E0.05833
G0 F7200 X55.26 Y55.26
G1 F3600 X56.24 Y56.24 E0.02305
G1 X56.31 Y56.31
G0 F7200 X56.09 Y56.31
G0 X51 Y56.854
G0 X49.663 Y56.722
G0 X48.377 Y56.331
G0 X47.193 Y55.699
G0 X45.65 Y54.327
G0 X45.765 Y54.234
G1 F3600 X43.761 Y56.238 E0.04713
G1 X43.691 Y56.308
G0 F7200 X43.91 Y56.308
G0 X51 Y56.854
G0 X52.376 Y56.773
G0 X52.287 Y56.477
;TYPE:WALL-INNER
G1 F3600 X51 Y56.599 E0.0215
G1 X49.708 Y56.476 E0.02158
G1 X48.469 Y56.097 E0.02155
G1 X47.334 Y55.494 E0.02137
G1 X46.328 Y54.666 E0.02167
G1 X45.504 Y53.661 E0.02161
G1 X44.915 Y52.551 E0.0209
G1 X43.601 Y52.549 E0.02185
G1 X43.601 Y57.899 E0.08897
G1 X56.272 Y57.9 E0.21072
G1 X56.4 Y57.683 E0.00419
G1 X56.4 Y55.1 E0.04296
G1 X55.143 Y55.1 E0.0209
G1 X54.663 Y55.494 E0.01033
G1 X53.527 Y56.097 E0.02139
G1 X52.287 Y56.477 E0.02157
G0 F7200 X52.192 Y56.084
;TYPE:WALL-OUTER
G1 F1800 X50.981 Y56.196 E0.02022
G1 X49.805 Y56.084 E0.01965
G1 X48.641 Y55.732 E0.02022
G1 X47.54 Y55.147 E0.02073
G1 X46.628 Y54.395 E0.01966
G1 X45.831 Y53.423 E0.0209
G1 X45.279 Y52.391 E0.01946
G1 X45.203 Y52.152 E0.00417
G1 X43.499 Y52.149 E0.02834
G1 F1589.4 X43.251 Y51.991 E0.00554
G1 X43.201 Y52.447 E0.00864
G1 F1800 X43.201 Y58.299 E0.09732
G1 X56.354 Y58.3 E0.21874
G1 X56.635 Y58.12 E0.00555
G1 X56.8 Y57.734 E0.00698
G1 X56.8 Y54.7 E0.05046
G1 X55 Y54.7 E0.02993
G1 X54.422 Y55.169 E0.01238
G1 X53.355 Y55.732 E0.02006
G1 X52.192 Y56.084 E0.02021
G0 F7200 X51.993 Y56.102
G0 X52.061 Y56.81
G0 X49.742 Y56.328
G0 X48.531 Y55.96
G0 X47.627 Y55.478
G0 X43.48 Y52.431
G0 X43.251 Y51.991
G1 F1431.4 X43.25 Y51.4 E0.01236
G0 F7200 X44.092 Y53.161
G1 F1500 E-6.5
G0 F7200 X45.038 Y52.378
G0 X45.038 Y51.286
G0 X45.038 Y48.713
G0 X45.038 Y47.622
G0 X45.651 Y45.671
G0 X45.765 Y45.765
;TYPE:FILL
G1 F1500 E6.5
G1 F3600 X43.76 Y43.76 E0.04715
G1 X43.69 Y43.69
G0 F7200 X43.91 Y43.69
G0 X43.91 Y44.925
G0 X43.76 Y44.925
G1 F3600 X46.426 Y42.26 E0.06269
G1 X46.496 Y42.19
G0 F7200 X46.495 Y42.41
G0 X47.916 Y42.41
G0 X47.917 Y42.26
G1 F3600 X49.174 Y43.517 E0.02956
G1 X49.244 Y43.587
G0 F7200 X49.176 Y43.363
G0 X51.112 Y43.098
G0 X51.098 Y43.245
G1 F3600 X52.083 Y42.26 E0.02317
G1 X52.153 Y42.19
G0 F7200 X52.152 Y42.411
G0 X53.573 Y42.411
G0 X53.574 Y42.26
G1 F3600 X56.054 Y44.74 E0.05833
G0 F7200 X55.259 Y44.74
G1 F3600 X56.24 Y43.759 E0.02307
G1 X56.31 Y43.689
G0 F7200 X56.09 Y43.689
G0 X51 Y43.146
G0 X49.663 Y43.278
G0 X48.377 Y43.669
G0 X47.193 Y44.301
G0 X46.351 Y44.991
G0 X45.234 Y46.191
G0 X45.504 Y46.336
;TYPE:WALL-INNER
G1 F3600 X46.326 Y45.332 E0.02158
G1 X47.335 Y44.505 E0.0217
G1 X48.471 Y43.898 E0.02142
G1 X49.708 Y43.524 E0.02149
G1 X51 Y43.396 E0.02159
G1 X52.288 Y43.524 E0.02153
G1 X53.525 Y43.898 E0.02149
G1 X54.665 Y44.508 E0.0215
G1 X55.143 Y44.9 E0.01028
G1 X56.4 Y44.9 E0.0209
G1 X56.4 Y42.313 E0.04302
G1 X56.275 Y42.1 E0.00411
G1 X43.6 Y42.1 E0.21079
G1 X43.6 Y47.448 E0.08894
G1 X44.914 Y47.448 E0.02185
G1 X45.504 Y46.336 E0.02093
G0 F7200 X45.831 Y46.573
;TYPE:WALL-OUTER
G1 F1800 X46.629 Y45.601 E0.02091
G1 X47.573 Y44.831 E0.02026
G1 X48.605 Y44.279 E0.01946
G1 X49.804 Y43.916 E0.02083
G1 X51.02 Y43.8 E0.02031
G1 X52.192 Y43.916 E0.01959
G1 X53.391 Y44.279 E0.02083
G1 X54.423 Y44.831 E0.01946
G1 X55 Y45.3 E0.01237
G1 X56.8 Y45.3 E0.02993
G1 X56.8 Y42.262 E0.05052
G1 X56.635 Y41.879 E0.00694
G1 X56.363 Y41.7 E0.00541
G1 X43.2 Y41.7 E0.2189
G1 X43.2 Y47.548 E0.09725
G1 F1600 X43.25 Y48.048 E0.0094
G1 X43.5 Y47.848 E0.00599
G1 F1800 X45.203 Y47.848 E0.02832
G1 X45.279 Y47.605 E0.00423
G1 X45.831 Y46.573 E0.01946
G0 F7200 X45.957 Y46.419
G0 X45.408 Y45.968
G0 X43.48 Y47.568
G0 X43.25 Y48.048
G1 F1440 X43.25 Y48.598 E0.01143
G0 F7200 X44.092 Y46.838
G1 F1500 E-6.5
;MESH:NONMESH
G0 F600 X44.092 Y46.838 Z16.1
G0 F7200 X43.91 Y47.618
G0 X44.153 Y48.701
G0 X44.153 Y51.298
G0 X43.906 Y52.381
G0 X43.91 Y55.074
G0 X43.761 Y55.074
;TIME_ELAPSED:1105.021753
;LAYER:158
;TYPE:FILL
;MESH:hold.stl
G1 F1500 E6.5
G1 F3600 X46.425 Y57.739 E0.06266
G1 X46.495 Y57.809
G0 F7200 X46.495 Y57.59
G0 X47.916 Y57.59
G0 X47.916 Y57.74
G1 F3600 X49.175 Y56.481 E0.02961
G1 X49.245 Y56.411
G0 F7200 X49.176 Y56.636
G0 X51.105 Y56.904
G0 X51.091 Y56.748
G1 F3600 X52.083 Y57.74 E0.02333
G1 X52.153 Y57.81
G0 F7200 X52.153 Y57.59
G0 X53.573 Y57.59
G0 X53.573 Y57.74
G1 F3600 X56.053 Y55.26 E0.05833
G0 F7200 X55.26 Y55.26
G1 F3600 X56.24 Y56.24 E0.02305
G1 X56.31 Y56.31
G0 F7200 X56.09 Y56.31
G0 X51 Y56.854
G0 X49.663 Y56.722
G0 X48.377 Y56.331
G0 X47.193 Y55.699
G0 X45.65 Y54.327
G0 X45.765 Y54.234
G1 F3600 X43.761 Y56.238 E0.04713
G1 X43.691 Y56.308
G0 F7200 X43.91 Y56.308
G0 X51 Y56.854
G0 X52.376 Y56.773
G0 X52.287 Y56.477
;TYPE:WALL-INNER
G1 F3600 X51 Y56.599 E0.0215
G1 X49.708 Y56.476 E0.02158
G1 X48.469 Y56.097 E0.02155
G1 X47.334 Y55.494 E0.02137
G1 X46.328 Y54.666 E0.02167
G1 X45.505 Y53.661 E0.0216
G1 X44.881 Y52.493 E0.02202
G1 X43.601 Y52.493 E0.02129
G1 X43.601 Y57.899 E0.0899
G1 X56.272 Y57.9 E0.21072
G1 X56.4 Y57.683 E0.00419
G1 X56.4 Y55.1 E0.04296
G1 X55.143 Y55.1 E0.0209
G1 X54.663 Y55.494 E0.01033
G1 X53.527 Y56.097 E0.02139
G1 X52.287 Y56.477 E0.02157
G0 F7200 X52.192 Y56.084
;TYPE:WALL-OUTER
G1 F1800 X50.981 Y56.196 E0.02022
G1 X49.805 Y56.084 E0.01965
G1 X48.641 Y55.732 E0.02022
G1 X47.54 Y55.147 E0.02073
G1 X46.628 Y54.395 E0.01966
G1 X45.831 Y53.423 E0.0209
G1 X45.279 Y52.391 E0.01946
G1 X45.186 Y52.093 E0.00519
G1 X43.5 Y52.092 E0.02804
G1 F1589.4 X43.251 Y51.935 E0.00554
G1 X43.2 Y52.392 E0.00866
G1 F1800 X43.201 Y58.299 E0.09823
G1 X56.354 Y58.3 E0.21874
G1 X56.635 Y58.12 E0.00555
G1 X56.8 Y57.734 E0.00698
G1 X56.8 Y54.7 E0.05046
G1 X55 Y54.7 E0.02993
G1 X54.422 Y55.169 E0.01238
G1 X53.355 Y55.732 E0.02006
G1 X52.192 Y56.084 E0.02021
G0 F7200 X51.993 Y56.102
G0 X52.061 Y56.81
G0 X49.742 Y56.328
G0 X48.531 Y55.96
G0 X47.627 Y55.478
G0 X43.48 Y52.373
G0 X43.251 Y51.935
G1 F1431.4 X43.25 Y51.318 E0.0129
G0 F7200 X44.092 Y53.103
G1 F1500 E-6.5
G0 F7200 X45.02 Y52.32
G0 X45.02 Y51.228
G0 X45.02 Y48.771
G0 X45.02 Y47.68
G0 X45.651 Y45.671
G0 X45.765 Y45.765
;TYPE:FILL
G1 F1500 E6.5
G1 F3600 X43.76 Y43.76 E0.04715
G1 X43.69 Y43.69
G0 F7200 X43.91 Y43.69
G0 X43.91 Y44.925
G0 X43.761 Y44.925
G1 F3600 X46.426 Y42.26 E0.06268
G1 X46.496 Y42.19
G0 F7200 X46.495 Y42.41
G0 X47.916 Y42.41
G0 X47.917 Y42.26
G1 F3600 X49.174 Y43.517 E0.02956
G1 X49.244 Y43.587
G0 F7200 X49.176 Y43.363
G0 X51.112 Y43.098
G0 X51.098 Y43.245
G1 F3600 X52.083 Y42.26 E0.02317
G1 X52.153 Y42.19
G0 F7200 X52.152 Y42.411
G0 X53.573 Y42.411
G0 X53.574 Y42.26
G1 F3600 X56.054 Y44.74 E0.05833
G0 F7200 X55.259 Y44.74
G1 F3600 X56.24 Y43.759 E0.02307
G1 X56.31 Y43.689
G0 F7200 X56.09 Y43.689
G0 X51 Y43.146
G0 X49.663 Y43.278
G0 X48.377 Y43.669
G0 X47.193 Y44.301
G0 X46.351 Y44.991
G0 X45.235 Y46.19
G0 X45.505 Y46.335
;TYPE:WALL-INNER
G1 F3600 X46.326 Y45.332 E0.02156
G1 X47.335 Y44.505 E0.0217
G1 X48.471 Y43.898 E0.02142
G1 X49.708 Y43.524 E0.02149
G1 X51 Y43.396 E0.02159
G1 X52.288 Y43.524 E0.02153
G1 X53.525 Y43.898 E0.02149
G1 X54.665 Y44.508 E0.0215
G1 X55.143 Y44.9 E0.01028
G1 X56.4 Y44.9 E0.0209
G1 X56.4 Y42.313 E0.04302
G1 X56.275 Y42.1 E0.00411
G1 X43.6 Y42.1 E0.21079
G1 X43.601 Y47.503 E0.08985
G1 X44.881 Y47.503 E0.02129
G1 X45.505 Y46.335 E0.02202
G0 F7200 X45.831 Y46.573
;TYPE:WALL-OUTER
G1 F1800 X46.629 Y45.601 E0.02091
G1 X47.573 Y44.831 E0.02026
G1 X48.605 Y44.279 E0.01946
G1 X49.804 Y43.916 E0.02083
G1 X51.02 Y43.8 E0.02031
G1 X52.192 Y43.916 E0.01959
G1 X53.391 Y44.279 E0.02083
G1 X54.423 Y44.831 E0.01946
G1 X55 Y45.3 E0.01237
G1 X56.8 Y45.3 E0.02993
G1 X56.8 Y42.262 E0.05052
G1 X56.635 Y41.879 E0.00694
G1 X56.363 Y41.7 E0.00541
G1 X43.2 Y41.7 E0.2189
G1 X43.2 Y47.604 E0.09818
G1 F1600 X43.25 Y48.104 E0.0094
G1 X43.5 Y47.904 E0.00599
G1 F1800 X45.186 Y47.903 E0.02804
G1 X45.279 Y47.605 E0.00519
G1 X45.831 Y46.573 E0.01946
G0 F7200 X45.957 Y46.419
G0 X45.408 Y45.968
G0 X43.48 Y47.626
G0 X43.25 Y48.104
G1 F1440 X43.25 Y48.678 E0.01193
G0 F7200 X44.092 Y46.896
G1 F1500 E-6.5
;MESH:NONMESH
G0 F600 X44.092 Y46.896 Z16.2
G0 F7200 X43.91 Y47.676
G0 X44.153 Y48.759
G0 X44.153 Y51.24
G0 X43.906 Y52.323
G0 X43.91 Y55.074
G0 X43.761 Y55.074
;TIME_ELAPSED:1112.076628
;LAYER:159
;TYPE:FILL
;MESH:hold.stl
G1 F1500 E6.5
G1 F3600 X46.425 Y57.739 E0.06266
G1 X46.495 Y57.809
G0 F7200 X46.495 Y57.59
G0 X47.916 Y57.59
G0 X47.916 Y57.74
G1 F3600 X49.175 Y56.481 E0.02961
G1 X49.245 Y56.411
G0 F7200 X49.176 Y56.636
G0 X51.105 Y56.904
G0 X51.091 Y56.748
G1 F3600 X52.083 Y57.74 E0.02333
G1 X52.153 Y57.81
G0 F7200 X52.153 Y57.59
G0 X53.573 Y57.59
G0 X53.573 Y57.74
G1 F3600 X56.053 Y55.26 E0.05833
G0 F7200 X55.26 Y55.26
G1 F3600 X56.24 Y56.24 E0.02305
G1 X56.31 Y56.31
G0 F7200 X56.09 Y56.31
G0 X51 Y56.854
G0 X49.663 Y56.722
G0 X48.377 Y56.331
G0 X47.193 Y55.699
G0 X45.65 Y54.327
G0 X45.765 Y54.234
G1 F3600 X43.761 Y56.238 E0.04713
G1 X43.691 Y56.308
G0 F7200 X43.91 Y56.308
G0 X51 Y56.854
G0 X52.376 Y56.773
G0 X52.287 Y56.477
;TYPE:WALL-INNER
G1 F3600 X51 Y56.599 E0.0215
G1 X49.708 Y56.476 E0.02158
G1 X48.469 Y56.097 E0.02155
G1 X47.334 Y55.494 E0.02137
G1 X46.328 Y54.666 E0.02167
G1 X45.505 Y53.661 E0.0216
G1 X44.849 Y52.436 E0.02311
G1 X43.601 Y52.434 E0.02075
G1 X43.601 Y57.899 E0.09088
G1 X56.272 Y57.9 E0.21072
G1 X56.4 Y57.683 E0.00419
G1 X56.4 Y55.1 E0.04296
G1 X55.143 Y55.1 E0.0209
G1 X54.663 Y55.494 E0.01033
G1 X53.527 Y56.097 E0.02139
G1 X52.287 Y56.477 E0.02157
G0 F7200 X52.192 Y56.084
;TYPE:WALL-OUTER
G1 F1800 X50.981 Y56.196 E0.02022
G1 X49.805 Y56.084 E0.01965
G1 X48.641 Y55.732 E0.02022
G1 X47.54 Y55.147 E0.02073
G1 X46.628 Y54.395 E0.01966
G1 X45.831 Y53.423 E0.0209
G1 X45.264 Y52.355 E0.02011
G1 X45.167 Y52.036 E0.00554
G1 X43.499 Y52.033 E0.02774
G1 F1589.4 X43.251 Y51.875 E0.00554
G1 X43.201 Y52.331 E0.00864
G1 F1800 X43.201 Y58.299 E0.09925
G1 X56.354 Y58.3 E0.21874
G1 X56.635 Y58.12 E0.00555
G1 X56.8 Y57.734 E0.00698
G1 X56.8 Y54.7 E0.05046
G1 X55 Y54.7 E0.02993
G1 X54.422 Y55.169 E0.01238
G1 X53.355 Y55.732 E0.02006
G1 X52.192 Y56.084 E0.02021
G0 F7200 X51.993 Y56.102
G0 X52.061 Y56.81
G0 X49.742 Y56.328
G0 X48.531 Y55.96
G0 X47.627 Y55.478
G0 X43.48 Y52.315
G0 X43.251 Y51.875
G1 F1431.4 X43.25 Y51.2 E0.01412
G0 F7200 X44.092 Y53.045
G1 F1500 E-6.5
G0 F7200 X45.002 Y52.262
G0 X45.002 Y51.17
G0 X45.002 Y48.829
G0 X45.002 Y47.738
G0 X45.651 Y45.671
G0 X45.765 Y45.765
;TYPE:FILL
G1 F1500 E6.5
G1 F3600 X43.76 Y43.76 E0.04715
G1 X43.69 Y43.69
G0 F7200 X43.91 Y43.69
G0 X43.91 Y44.925
G0 X43.76 Y44.925
G1 F3600 X46.426 Y42.26 E0.06269
G1 X46.496 Y42.19
G0 F7200 X46.495 Y42.41
G0 X47.916 Y42.41
G0 X47.917 Y42.26
G1 F3600 X49.174 Y43.517 E0.02956
G1 X49.244 Y43.587
G0 F7200 X49.176 Y43.363
G0 X51.112 Y43.098
G0 X51.098 Y43.245
G1 F3600 X52.083 Y42.26 E0.02317
G1 X52.153 Y42.19
G0 F7200 X52.152 Y42.411
G0 X53.573 Y42.411
G0 X53.574 Y42.26
G1 F3600 X56.054 Y44.74 E0.05833
G0 F7200 X55.259 Y44.74
G1 F3600 X56.24 Y43.759 E0.02307
G1 X56.31 Y43.689
G0 F7200 X56.09 Y43.689
G0 X51 Y43.146
G0 X49.663 Y43.278
G0 X48.377 Y43.669
G0 X47.193 Y44.301
G0 X46.351 Y44.991
G0 X45.235 Y46.19
G0 X45.505 Y46.335
;TYPE:WALL-INNER
G1 F3600 X46.326 Y45.332 E0.02156
G1 X47.335 Y44.505 E0.0217
G1 X48.471 Y43.898 E0.02142
G1 X49.708 Y43.524 E0.02149
G1 X51 Y43.396 E0.02159
G1 X52.288 Y43.524 E0.02153
G1 X53.525 Y43.898 E0.02149
G1 X54.665 Y44.508 E0.0215
G1 X55.143 Y44.9 E0.01028
G1 X56.4 Y44.9 E0.0209
G1 X56.4 Y42.313 E0.04302
G1 X56.275 Y42.1 E0.00411
G1 X43.6 Y42.1 E0.21079
G1 X43.6 Y47.564 E0.09087
G1 X44.848 Y47.564 E0.02075
G1 X45.505 Y46.335 E0.02318
G0 F7200 X45.831 Y46.573
;TYPE:WALL-OUTER
G1 F1800 X46.629 Y45.601 E0.02091
G1 X47.573 Y44.831 E0.02026
G1 X48.605 Y44.279 E0.01946
G1 X49.804 Y43.916 E0.02083
G1 X51.02 Y43.8 E0.02031
G1 X52.192 Y43.916 E0.01959
G1 X53.391 Y44.279 E0.02083
G1 X54.423 Y44.831 E0.01946
G1 X55 Y45.3 E0.01237
G1 X56.8 Y45.3 E0.02993
G1 X56.8 Y42.262 E0.05052
G1 X56.635 Y41.879 E0.00694
G1 X56.363 Y41.7 E0.00541
G1 X43.2 Y41.7 E0.2189
G1 X43.2 Y47.664 E0.09918
G1 F1600 X43.25 Y48.164 E0.0094
G1 X43.5 Y47.964 E0.00599
G1 F1800 X45.167 Y47.964 E0.02772
G1 X45.279 Y47.605 E0.00625
G1 X45.831 Y46.573 E0.01946
G0 F7200 X45.957 Y46.419
G0 X45.408 Y45.968
G0 X43.48 Y47.684
G0 X43.25 Y48.164
G1 F1440 X43.25 Y48.798 E0.01318
G0 F7200 X44.092 Y46.954
G1 F1500 E-6.5
;MESH:NONMESH
G0 F600 X44.092 Y46.954 Z16.3
G0 F7200 X43.91 Y47.734
G0 X44.153 Y48.817
G0 X44.153 Y51.182
G0 X43.906 Y52.265
G0 X43.91 Y55.074
G0 X43.76 Y55.074
;TIME_ELAPSED:1119.146984
;LAYER:160
;TYPE:FILL
;MESH:hold.stl
G1 F1500 E6.5
G1 F3600 X46.425 Y57.739 E0.06268
G1 X46.495 Y57.809
G0 F7200 X46.495 Y57.59
G0 X47.916 Y57.59
G0 X47.916 Y57.74
G1 F3600 X49.175 Y56.481 E0.02961
G1 X49.245 Y56.411
G0 F7200 X49.176 Y56.636
G0 X51.105 Y56.904
G0 X51.091 Y56.748
G1 F3600 X52.083 Y57.74 E0.02333
G1 X52.153 Y57.81
G0 F7200 X52.153 Y57.59
G0 X53.573 Y57.59
G0 X53.573 Y57.74
G1 F3600 X56.053 Y55.26 E0.05833
G0 F7200 X55.26 Y55.26
G1 F3600 X56.24 Y56.24 E0.02305
G1 X56.31 Y56.31
G0 F7200 X56.09 Y56.31
G0 X51 Y56.854
G0 X49.663 Y56.722
G0 X48.377 Y56.331
G0 X47.193 Y55.699
G0 X45.65 Y54.327
G0 X45.765 Y54.234
G1 F3600 X43.761 Y56.238 E0.04713
G1 X43.691 Y56.308
G0 F7200 X43.91 Y56.308
G0 X51 Y56.854
G0 X52.376 Y56.773
G0 X52.287 Y56.477
;TYPE:WALL-INNER
G1 F3600 X51 Y56.599 E0.0215
G1 X49.708 Y56.476 E0.02158
G1 X48.469 Y56.097 E0.02155
G1 X47.334 Y55.494 E0.02137
G1 X46.328 Y54.666 E0.02167
G1 X45.505 Y53.661 E0.0216
G1 X44.926 Y52.579 E0.02041
G1 X44.853 Y52.376 E0.00359
G1 X43.6 Y52.376 E0.02084
G1 X43.601 Y57.899 E0.09185
G1 X56.272 Y57.9 E0.21072
G1 X56.4 Y57.683 E0.00419
G1 X56.4 Y55.1 E0.04296
G1 X55.143 Y55.1 E0.0209
G1 X54.663 Y55.494 E0.01033
G1 X53.527 Y56.097 E0.02139
G1 X52.287 Y56.477 E0.02157
G0 F7200 X52.192 Y56.084
;TYPE:WALL-OUTER
G1 F1800 X50.981 Y56.196 E0.02022
G1 X49.805 Y56.084 E0.01965
G1 X48.641 Y55.732 E0.02022
G1 X47.54 Y55.147 E0.02073
G1 X46.628 Y54.395 E0.01966
G1 X45.831 Y53.423 E0.0209
G1 X45.279 Y52.391 E0.01946
G1 X45.151 Y51.976 E0.00722
G1 X43.5 Y51.976 E0.02746
G1 F1589.4 X43.251 Y51.819 E0.00554
G1 X43.2 Y52.276 E0.00866
G1 F1800 X43.201 Y58.299 E0.10016
G1 X56.354 Y58.3 E0.21874
G1 X56.635 Y58.12 E0.00555
G1 X56.8 Y57.734 E0.00698
G1 X56.8 Y54.7 E0.05046
G1 X55 Y54.7 E0.02993
G1 X54.422 Y55.169 E0.01238
G1 X53.355 Y55.732 E0.02006
G1 X52.192 Y56.084 E0.02021
G0 F7200 X51.993 Y56.102
G0 X52.061 Y56.81
G0 X49.742 Y56.328
G0 X48.531 Y55.96
G0 X47.527 Y55.424
G0 X43.48 Y52.258
G0 X43.251 Y51.819
G1 F1431.4 X43.25 Y51.076 E0.01554
G0 F7200 X44.21 Y52.87
G1 F1500 E-6.5
G0 F7200 X44.985 Y52.204
G0 X44.985 Y51.113
G0 X44.985 Y48.887
G0 X44.985 Y47.796
G0 X45.651 Y45.671
G0 X45.765 Y45.765
;TYPE:FILL
G1 F1500 E6.5
G1 F3600 X43.76 Y43.76 E0.04715
G1 X43.69 Y43.69
G0 F7200 X43.91 Y43.69
G0 X43.91 Y44.925
G0 X43.761 Y44.925
G1 F3600 X46.426 Y42.26 E0.06268
G1 X46.496 Y42.19
G0 F7200 X46.496 Y42.41
G0 X47.917 Y42.41
G0 X47.917 Y42.26
G1 F3600 X49.174 Y43.517 E0.02956
G1 X49.244 Y43.587
G0 F7200 X49.176 Y43.363
G0 X51.112 Y43.098
G0 X51.098 Y43.245
G1 F3600 X52.083 Y42.26 E0.02317
G1 X52.153 Y42.19
G0 F7200 X52.153 Y42.41
G0 X53.574 Y42.41
G0 X53.574 Y42.26
G1 F3600 X56.054 Y44.74 E0.05833
G0 F7200 X55.259 Y44.74
G1 F3600 X56.24 Y43.759 E0.02307
G1 X56.31 Y43.689
G0 F7200 X56.09 Y43.689
G0 X51 Y43.146
G0 X49.663 Y43.278
G0 X48.377 Y43.669
G0 X47.193 Y44.301
G0 X46.351 Y44.991
G0 X45.235 Y46.19
G0 X45.505 Y46.335
;TYPE:WALL-INNER
G1 F3600 X46.326 Y45.332 E0.02156
G1 X47.335 Y44.505 E0.0217
G1 X48.471 Y43.898 E0.02142
G1 X49.708 Y43.524 E0.02149
G1 X51 Y43.396 E0.02159
G1 X52.288 Y43.524 E0.02153
G1 X53.525 Y43.898 E0.02149
G1 X54.665 Y44.508 E0.0215
G1 X55.143 Y44.9 E0.01028
G1 X56.4 Y44.9 E0.0209
G1 X56.4 Y42.313 E0.04302
G1 X56.274 Y42.101 E0.0041
G1 X43.6 Y42.1 E0.21077
G1 X43.601 Y47.619 E0.09178
G1 X44.853 Y47.62 E0.02082
G1 X44.926 Y47.417 E0.00359
G1 X45.505 Y46.335 E0.02041
G0 F7200 X45.831 Y46.573
;TYPE:WALL-OUTER
G1 F1800 X46.629 Y45.601 E0.02091
G1 X47.573 Y44.831 E0.02026
G1 X48.605 Y44.279 E0.01946
G1 X49.804 Y43.916 E0.02083
G1 X51.02 Y43.8 E0.02031
G1 X52.192 Y43.916 E0.01959
G1 X53.391 Y44.279 E0.02083
G1 X54.423 Y44.831 E0.01946
G1 X55 Y45.3 E0.01237
G1 X56.8 Y45.3 E0.02993
G1 X56.8 Y42.262 E0.05052
G1 X56.635 Y41.879 E0.00694
G1 X56.356 Y41.701 E0.0055
G1 X43.2 Y41.7 E0.21879
G1 X43.2 Y47.72 E0.10011
G1 F1600 X43.25 Y48.22 E0.0094
G1 X43.5 Y48.02 E0.00599
G1 F1800 X45.151 Y48.02 E0.02746
G1 X45.279 Y47.605 E0.00722
G1 X45.831 Y46.573 E0.01946
G0 F7200 X45.957 Y46.419
G0 X45.408 Y45.968
G0 X43.48 Y47.741
G0 X43.25 Y48.22
G1 F1440 X43.25 Y48.922 E0.01459
G0 F7200 X44.21 Y47.129
G1 F1500 E-6.5
;MESH:NONMESH
G0 F600 X44.21 Y47.129 Z16.4
G0 F7200 X44.153 Y48.874
G0 X44.153 Y51.125
G0 X43.916 Y52.208
G0 X43.91 Y55.074
G0 X43.76 Y55.074
;TIME_ELAPSED:1126.222942
;LAYER:161
;TYPE:FILL
;MESH:hold.stl
G1 F1500 E6.5
G1 F3600 X46.425 Y57.739 E0.06268
G1 X46.495 Y57.809
G0 F7200 X46.495 Y57.59
G0 X47.916 Y57.59
G0 X47.916 Y57.74
G1 F3600 X49.175 Y56.481 E0.02961
G1 X49.245 Y56.411
G0 F7200 X49.176 Y56.636
G0 X51.105 Y56.904
G0 X51.091 Y56.748
G1 F3600 X52.083 Y57.74 E0.02333
G1 X52.153 Y57.81
G0 F7200 X52.153 Y57.59
G0 X53.573 Y57.59
G0 X53.573 Y57.74
G1 F3600 X56.053 Y55.26 E0.05833
G0 F7200 X55.26 Y55.26
G1 F3600 X56.24 Y56.24 E0.02305
G1 X56.31 Y56.31
G0 F7200 X56.09 Y56.31
G0 X51 Y56.854
G0 X49.663 Y56.722
G0 X48.377 Y56.331
G0 X47.193 Y55.699
G0 X45.65 Y54.327
G0 X45.765 Y54.234
G1 F3600 X43.761 Y56.238 E0.04713
G1 X43.691 Y56.308
G0 F7200 X43.91 Y56.308
G0 X51 Y56.854
G0 X52.376 Y56.773
G0 X52.287 Y56.477
;TYPE:WALL-INNER
G1 F3600 X51 Y56.599 E0.0215
G1 X49.708 Y56.476 E0.02158
G1 X48.469 Y56.097 E0.02155
G1 X47.334 Y55.494 E0.02137
G1 X46.328 Y54.666 E0.02167
G1 X45.505 Y53.661 E0.0216
G1 X44.927 Y52.579 E0.0204
G1 X44.836 Y52.32 E0.00457
G1 X43.6 Y52.32 E0.02055
G1 X43.601 Y57.899 E0.09278
G1 X56.272 Y57.9 E0.21072
G1 X56.4 Y57.683 E0.00419
G1 X56.4 Y55.1 E0.04296
G1 X55.143 Y55.1 E0.0209
G1 X54.663 Y55.494 E0.01033
G1 X53.527 Y56.097 E0.02139
G1 X52.287 Y56.477 E0.02157
G0 F7200 X52.192 Y56.084
;TYPE:WALL-OUTER
G1 F1800 X50.981 Y56.196 E0.02022
G1 X49.805 Y56.084 E0.01965
G1 X48.641 Y55.732 E0.02022
G1 X47.54 Y55.147 E0.02073
G1 X46.628 Y54.395 E0.01966
G1 X45.831 Y53.423 E0.0209
G1 X45.264 Y52.355 E0.02011
G1 X45.132 Y51.92 E0.00756
G1 X43.5 Y51.92 E0.02714
G1 F1589.4 X43.251 Y51.763 E0.00554
G1 X43.2 Y52.22 E0.00866
G1 F1800 X43.201 Y58.299 E0.10109
G1 X56.354 Y58.3 E0.21874
G1 X56.635 Y58.12 E0.00555
G1 X56.8 Y57.734 E0.00698
G1 X56.8 Y54.7 E0.05046
G1 X55 Y54.7 E0.02993
G1 X54.422 Y55.169 E0.01238
G1 X53.355 Y55.732 E0.02006
G1 X52.192 Y56.084 E0.02021
G0 F7200 X51.993 Y56.102
G0 X52.061 Y56.81
G0 X49.742 Y56.328
G0 X48.531 Y55.96
G0 X47.527 Y55.424
G0 X43.48 Y52.2
G0 X43.251 Y51.763
G1 F1431.4 X43.25 Y50.89 E0.01826
G0 F7200 X44.21 Y52.813
G1 F1500 E-6.5
G0 F7200 X44.967 Y52.147
G0 X44.967 Y51.055
G0 X44.967 Y48.944
G0 X44.967 Y47.853
G0 X45.651 Y45.671
G0 X45.765 Y45.765
;TYPE:FILL
G1 F1500 E6.5
G1 F3600 X43.76 Y43.76 E0.04715
G1 X43.69 Y43.69
G0 F7200 X43.91 Y43.69
G0 X43.91 Y44.925
G0 X43.76 Y44.925
G1 F3600 X46.426 Y42.26 E0.06269
G1 X46.496 Y42.19
G0 F7200 X46.496 Y42.41
G0 X47.917 Y42.41
G0 X47.917 Y42.26
G1 F3600 X49.174 Y43.517 E0.02956
G1 X49.244 Y43.587
G0 F7200 X49.176 Y43.363
G0 X51.112 Y43.098
G0 X51.098 Y43.245
G1 F3600 X52.083 Y42.26 E0.02317
G1 X52.153 Y42.19
G0 F7200 X52.153 Y42.41
G0 X53.574 Y42.41
G0 X53.574 Y42.26
G1 F3600 X56.054 Y44.74 E0.05833
G0 F7200 X55.259 Y44.74
G1 F3600 X56.24 Y43.759 E0.02307
G1 X56.31 Y43.689
G0 F7200 X56.09 Y43.689
G0 X51 Y43.146
G0 X49.663 Y43.278
G0 X48.377 Y43.669
G0 X47.193 Y44.301
G0 X46.351 Y44.991
G0 X45.235 Y46.19
G0 X45.505 Y46.335
;TYPE:WALL-INNER
G1 F3600 X46.326 Y45.332 E0.02156
G1 X47.335 Y44.505 E0.0217
G1 X48.471 Y43.898 E0.02142
G1 X49.708 Y43.524 E0.02149
G1 X51 Y43.396 E0.02159
G1 X52.288 Y43.524 E0.02153
G1 X53.525 Y43.898 E0.02149
G1 X54.665 Y44.508 E0.0215
G1 X55.143 Y44.9 E0.01028
G1 X56.4 Y44.9 E0.0209
G1 X56.4 Y42.313 E0.04302
G1 X56.274 Y42.101 E0.0041
G1 X43.6 Y42.1 E0.21077
G1 X43.6 Y47.676 E0.09273
G1 X44.836 Y47.676 E0.02055
G1 X44.927 Y47.417 E0.00457
G1 X45.505 Y46.335 E0.0204
G0 F7200 X45.831 Y46.573
;TYPE:WALL-OUTER
G1 F1800 X46.629 Y45.601 E0.02091
G1 X47.573 Y44.831 E0.02026
G1 X48.605 Y44.279 E0.01946
G1 X49.804 Y43.916 E0.02083
G1 X51.02 Y43.8 E0.02031
G1 X52.192 Y43.916 E0.01959
G1 X53.391 Y44.279 E0.02083
G1 X54.423 Y44.831 E0.01946
G1 X55 Y45.3 E0.01237
G1 X56.8 Y45.3 E0.02993
G1 X56.8 Y42.262 E0.05052
G1 X56.635 Y41.879 E0.00694
G1 X56.356 Y41.701 E0.0055
G1 X43.2 Y41.7 E0.21879
G1 X43.2 Y47.776 E0.10104
G1 F1600 X43.25 Y48.276 E0.0094
G1 X43.5 Y48.076 E0.00599
G1 F1800 X45.132 Y48.076 E0.02714
G1 X45.279 Y47.605 E0.00821
G1 X45.831 Y46.573 E0.01946
G0 F7200 X45.957 Y46.419
G0 X45.408 Y45.968
G0 X43.48 Y47.799
G0 X43.25 Y48.276
G1 F1440 X43.25 Y49.108 E0.0173
G0 F7200 X44.092 Y47.069
G1 F1500 E-6.5
;MESH:NONMESH
G0 F600 X44.092 Y47.069 Z16.5
G0 F7200 X43.91 Y47.849
G0 X44.153 Y48.932
G0 X44.153 Y51.067
G0 X43.906 Y52.15
G0 X43.91 Y55.074
G0 X43.76 Y55.074
;TIME_ELAPSED:1133.330286
;LAYER:162
;TYPE:FILL
;MESH:hold.stl
G1 F1500 E6.5
G1 F3600 X46.425 Y57.739 E0.06268
G1 X46.495 Y57.809
G0 F7200 X46.495 Y57.59
G0 X47.916 Y57.59
G0 X47.916 Y57.74
G1 F3600 X49.175 Y56.481 E0.02961
G1 X49.245 Y56.411
G0 F7200 X49.176 Y56.636
G0 X51.105 Y56.904
G0 X51.091 Y56.748
G1 F3600 X52.083 Y57.74 E0.02333
G1 X52.153 Y57.81
G0 F7200 X52.153 Y57.59
G0 X53.573 Y57.59
G0 X53.573 Y57.74
G1 F3600 X56.053 Y55.26 E0.05833
G0 F7200 X55.26 Y55.26
G1 F3600 X56.24 Y56.24 E0.02305
G1 X56.31 Y56.31
G0 F7200 X56.09 Y56.31
G0 X51 Y56.854
G0 X49.663 Y56.722
G0 X48.377 Y56.331
G0 X47.193 Y55.699
G0 X45.65 Y54.327
G0 X45.765 Y54.234
G1 F3600 X43.761 Y56.238 E0.04713
G1 X43.691 Y56.308
G0 F7200 X43.91 Y56.308
G0 X51 Y56.854
G0 X52.376 Y56.773
G0 X52.287 Y56.477
;TYPE:WALL-INNER
G1 F3600 X51 Y56.599 E0.0215
G1 X49.708 Y56.476 E0.02158
G1 X48.469 Y56.097 E0.02155
G1 X47.334 Y55.494 E0.02137
G1 X46.328 Y54.666 E0.02167
G1 X45.505 Y53.661 E0.0216
G1 X44.926 Y52.58 E0.02039
G1 X44.818 Y52.261 E0.0056
G1 X43.6 Y52.26 E0.02026
G1 X43.601 Y57.899 E0.09378
G1 X56.272 Y57.9 E0.21072
G1 X56.4 Y57.683 E0.00419
G1 X56.4 Y55.1 E0.04296
G1 X55.143 Y55.1 E0.0209
G1 X54.663 Y55.494 E0.01033
G1 X53.527 Y56.097 E0.02139
G1 X52.287 Y56.477 E0.02157
G0 F7200 X52.192 Y56.084
;TYPE:WALL-OUTER
G1 F1800 X50.981 Y56.196 E0.02022
G1 X49.805 Y56.084 E0.01965
G1 X48.641 Y55.732 E0.02022
G1 X47.54 Y55.147 E0.02073
G1 X46.628 Y54.395 E0.01966
G1 X45.831 Y53.423 E0.0209
G1 X45.279 Y52.391 E0.01946
G1 X45.115 Y51.861 E0.00923
G1 X43.5 Y51.86 E0.02686
G1 F1589.4 X43.251 Y51.703 E0.00554
G1 X43.2 Y52.16 E0.00866
G1 F1800 X43.201 Y58.299 E0.10209
G1 X56.354 Y58.3 E0.21874
G1 X56.635 Y58.12 E0.00555
G1 X56.8 Y57.734 E0.00698
G1 X56.8 Y54.7 E0.05046
G1 X55 Y54.7 E0.02993
G1 X54.422 Y55.169 E0.01238
G1 X53.355 Y55.732 E0.02006
G1 X52.192 Y56.084 E0.02021
G0 F7200 X51.993 Y56.102
G0 X52.061 Y56.81
G0 X49.742 Y56.328
G0 X48.531 Y55.96
G0 X47.527 Y55.424
G0 X43.48 Y52.142
G0 X43.251 Y51.703
G1 F1431.4 X43.25 Y50.61 E0.02286
G0 F7200 X44.21 Y52.755
G1 F1500 E-6.5
G0 F7200 X44.95 Y52.089
G0 X44.95 Y50.997
G0 X44.95 Y49.002
G0 X44.95 Y47.911
G0 X45.651 Y45.671
G0 X45.765 Y45.765
;TYPE:FILL
G1 F1500 E6.5
G1 F3600 X43.76 Y43.76 E0.04715
G1 X43.69 Y43.69
G0 F7200 X43.91 Y43.69
G0 X43.91 Y44.925
G0 X43.76 Y44.925
G1 F3600 X46.426 Y42.26 E0.06269
G1 X46.496 Y42.19
G0 F7200 X46.496 Y42.41
G0 X47.917 Y42.41
G0 X47.917 Y42.26
G1 F3600 X49.174 Y43.517 E0.02956
G1 X49.244 Y43.587
G0 F7200 X49.176 Y43.363
G0 X51.112 Y43.098
G0 X51.098 Y43.245
G1 F3600 X52.083 Y42.26 E0.02317
G1 X52.153 Y42.19
G0 F7200 X52.153 Y42.41
G0 X53.574 Y42.41
G0 X53.574 Y42.26
G1 F3600 X56.054 Y44.74 E0.05833
G0 F7200 X55.259 Y44.74
G1 F3600 X56.24 Y43.759 E0.02307
G1 X56.31 Y43.689
G0 F7200 X56.09 Y43.689
G0 X51 Y43.146
G0 X49.663 Y43.278
G0 X48.377 Y43.669
G0 X47.193 Y44.301
G0 X46.351 Y44.991
G0 X45.235 Y46.19
G0 X45.505 Y46.335
;TYPE:WALL-INNER
G1 F3600 X46.326 Y45.332 E0.02156
G1 X47.335 Y44.505 E0.0217
G1 X48.471 Y43.898 E0.02142
G1 X49.708 Y43.524 E0.02149
G1 X51 Y43.396 E0.02159
G1 X52.288 Y43.524 E0.02153
G1 X53.525 Y43.898 E0.02149
G1 X54.665 Y44.508 E0.0215
G1 X55.143 Y44.9 E0.01028
G1 X56.4 Y44.9 E0.0209
G1 X56.4 Y42.313 E0.04302
G1 X56.274 Y42.101 E0.0041
G1 X43.6 Y42.1 E0.21077
G1 X43.6 Y47.736 E0.09373
G1 X44.818 Y47.735 E0.02026
G1 X44.926 Y47.416 E0.0056
G1 X45.505 Y46.335 E0.02039
G0 F7200 X45.831 Y46.573
;TYPE:WALL-OUTER
G1 F1800 X46.629 Y45.601 E0.02091
G1 X47.573 Y44.831 E0.02026
G1 X48.605 Y44.279 E0.01946
G1 X49.804 Y43.916 E0.02083
G1 X51.02 Y43.8 E0.02031
G1 X52.192 Y43.916 E0.01959
G1 X53.391 Y44.279 E0.02083
G1 X54.423 Y44.831 E0.01946
G1 X55 Y45.3 E0.01237
G1 X56.8 Y45.3 E0.02993
G1 X56.8 Y42.262 E0.05052
G1 X56.635 Y41.879 E0.00694
G1 X56.356 Y41.701 E0.0055
G1 X43.2 Y41.7 E0.21879
G1 X43.2 Y47.836 E0.10204
G1 F1600 X43.25 Y48.336 E0.0094
G1 X43.5 Y48.136 E0.00599
G1 F1800 X45.115 Y48.135 E0.02686
G1 X45.279 Y47.605 E0.00923
G1 X45.831 Y46.573 E0.01946
G0 F7200 X45.957 Y46.419
G0 X45.408 Y45.968
G0 X43.48 Y47.857
G0 X43.25 Y48.336
G1 F1440 X43.25 Y49.386 E0.02183
G0 F7200 X44.092 Y47.127
;MESH:NONMESH
G0 F600 X44.092 Y47.127 Z16.6
G0 F7200 X43.91 Y43.76
G0 X43.76 Y43.76
;TIME_ELAPSED:1140.156828
;LAYER:163
;TYPE:FILL
;MESH:hold.stl
G1 F3600 X45.765 Y45.765 E0.04715
G1 X45.835 Y45.835
G0 F7200 X45.645 Y45.678
G0 X43.91 Y44.925
G0 X43.76 Y44.925
G1 F3600 X46.426 Y42.26 E0.06269
G1 X46.496 Y42.19
G0 F7200 X46.496 Y42.41
G0 X47.917 Y42.41
G0 X47.917 Y42.26
G1 F3600 X49.174 Y43.517 E0.02956
G1 X49.244 Y43.587
G0 F7200 X49.176 Y43.363
G0 X51.112 Y43.098
G0 X51.098 Y43.245
G1 F3600 X52.083 Y42.26 E0.02317
G1 X52.153 Y42.19
G0 F7200 X52.153 Y42.41
G0 X53.574 Y42.41
G0 X53.574 Y42.26
G1 F3600 X56.054 Y44.74 E0.05833
G0 F7200 X55.259 Y44.74
G1 F3600 X56.24 Y43.759 E0.02307
G1 X56.31 Y43.689
G1 F1500 E-6.5
G0 F7200 X56.09 Y43.689
G0 X56.053 Y45.07
G0 X56.053 Y46.165
G0 X56.053 Y53.835
G0 X56.053 Y54.93
G0 X56.053 Y55.26
G1 F1500 E6.5
G1 F3600 X53.573 Y57.74 E0.05833
G1 X53.503 Y57.81
G0 F7200 X53.503 Y57.59
G0 X52.083 Y57.59
G0 X52.083 Y57.74
G1 F3600 X51.091 Y56.748 E0.02333
G1 X51.021 Y56.678
G0 F7200 X51.043 Y56.91
G0 X49.131 Y56.623
G0 X49.175 Y56.481
G1 F3600 X47.916 Y57.74 E0.02961
G1 X47.846 Y57.81
G0 F7200 X47.846 Y57.59
G0 X46.425 Y57.59
G0 X46.425 Y57.739
G1 F3600 X43.76 Y55.074 E0.06268
G1 X43.69 Y55.004
G0 F7200 X43.91 Y55.004
G0 X43.91 Y56.238
G0 X43.761 Y56.238
G1 F3600 X45.765 Y54.234 E0.04713
G1 X45.835 Y54.164
G0 F7200 X45.643 Y54.32
G0 X47.193 Y55.699
G0 X48.377 Y56.331
G0 X49.663 Y56.722
G0 X51 Y56.854
G0 X52.337 Y56.722
G0 X53.494 Y56.37
G0 X55.26 Y55.41
G0 X55.26 Y55.26
G1 F3600 X56.236 Y56.236 E0.02295
G1 X56.306 Y56.306
G0 F7200 X56.09 Y56.305
G0 X52.376 Y56.773
G0 X52.287 Y56.477
;TYPE:WALL-INNER
G1 F3600 X51 Y56.599 E0.0215
G1 X49.708 Y56.476 E0.02158
G1 X48.469 Y56.097 E0.02155
G1 X47.334 Y55.494 E0.02137
G1 X46.328 Y54.666 E0.02167
G1 X45.505 Y53.661 E0.0216
G1 X44.926 Y52.58 E0.02039
G1 X44.801 Y52.204 E0.00659
G1 X43.6 Y52.205 E0.01997
G1 X43.601 Y57.899 E0.09469
G1 X56.272 Y57.9 E0.21072
G1 X56.396 Y57.69 E0.00406
G1 X56.399 Y55.1 E0.04307
G1 X55.143 Y55.1 E0.02089
G1 X54.666 Y55.492 E0.01027
G1 X53.527 Y56.097 E0.02145
G1 X52.287 Y56.477 E0.02157
G1 F1500 E-6.5
G0 F7200 X52.376 Y56.773
G0 X51 Y56.432
G0 X51 Y55.332
G0 X46.073 Y47.959
G0 X45.058 Y47.539
G0 X45.235 Y46.189
G0 X45.505 Y46.335
G1 F1500 E6.5
G1 F3600 X46.326 Y45.332 E0.02156
G1 X47.335 Y44.505 E0.0217
G1 X48.471 Y43.898 E0.02142
G1 X49.708 Y43.524 E0.02149
G1 X51 Y43.396 E0.02159
G1 X52.288 Y43.524 E0.02153
G1 X53.525 Y43.898 E0.02149
G1 X54.665 Y44.508 E0.0215
G1 X55.143 Y44.9 E0.01028
G1 X56.4 Y44.9 E0.0209
G1 X56.4 Y42.313 E0.04302
G1 X56.274 Y42.101 E0.0041
G1 X43.6 Y42.1 E0.21077
G1 X43.6 Y47.792 E0.09466
G1 X44.801 Y47.792 E0.01997
G1 X44.925 Y47.418 E0.00655
G1 X45.505 Y46.335 E0.02043
G0 F7200 X45.831 Y46.573
;TYPE:WALL-OUTER
G1 F1800 X46.629 Y45.601 E0.02091
G1 X47.573 Y44.831 E0.02026
G1 X48.605 Y44.279 E0.01946
G1 X49.804 Y43.916 E0.02083
G1 X51.02 Y43.8 E0.02031
G1 X52.192 Y43.916 E0.01959
G1 X53.391 Y44.279 E0.02083
G1 X54.423 Y44.831 E0.01946
G1 X55 Y45.3 E0.01237
G1 X56.8 Y45.3 E0.02993
G1 X56.8 Y42.262 E0.05052
G1 X56.635 Y41.879 E0.00694
G1 X56.356 Y41.701 E0.0055
G1 X43.2 Y41.7 E0.21879
G1 X43.2 Y47.892 E0.10297
G1 F1600 X43.25 Y48.392 E0.0094
G1 X43.5 Y48.192 E0.00599
G1 F1800 X45.099 Y48.192 E0.02659
G1 X45.279 Y47.606 E0.01019
G1 X45.831 Y46.573 E0.01948
G0 F7200 X45.957 Y46.419
G0 X45.408 Y45.968
G0 X43.48 Y47.915
G0 X43.25 Y48.392
G1 F1431.4 X43.251 Y51.647 E0.06807
G0 F7200 X43.48 Y52.084
G0 X47.416 Y55.365
G0 X48.531 Y55.96
G0 X49.512 Y56.258
G0 X52.26 Y56.79
G0 X52.192 Y56.084
G1 F1800 X50.981 Y56.196 E0.02022
G1 X49.805 Y56.084 E0.01965
G1 X48.641 Y55.732 E0.02022
G1 X47.54 Y55.147 E0.02073
G1 X46.628 Y54.395 E0.01966
G1 X45.831 Y53.423 E0.0209
G1 X45.279 Y52.391 E0.01946
G1 X45.099 Y51.804 E0.01021
G1 X43.5 Y51.804 E0.02659
G1 F1589.4 X43.251 Y51.647 E0.00554
G1 X43.2 Y52.104 E0.00866
G1 F1800 X43.201 Y58.299 E0.10302
G1 X56.354 Y58.3 E0.21874
G1 X56.635 Y58.12 E0.00555
G1 X56.756 Y57.902 E0.00415
G1 X56.796 Y57.739 E0.00279
G1 X56.799 Y54.7 E0.05054
G1 X55 Y54.7 E0.02992
G1 X54.422 Y55.169 E0.01238
G1 X53.355 Y55.732 E0.02006
G1 X52.192 Y56.084 E0.02021
G0 F7200 X51.993 Y56.102
G0 X52.091 Y57.109
G1 F1500 E-6.5
;MESH:NONMESH
G0 F600 X52.091 Y57.109 Z16.7
G0 F7200 X51 Y56.432
G0 X51 Y55.332
G0 X46.073 Y47.959
G0 X45.058 Y47.539
G0 X43.91 Y43.76
G0 X43.76 Y43.76
;TIME_ELAPSED:1147.740245
;LAYER:164
;TYPE:FILL
;MESH:hold.stl
G1 F1500 E6.5
G1 F3600 X45.765 Y45.765 E0.04715
G1 X45.835 Y45.835
G0 F7200 X45.645 Y45.678
G0 X43.91 Y44.925
G0 X43.76 Y44.925
G1 F3600 X46.426 Y42.26 E0.06269
G1 X46.496 Y42.19
G0 F7200 X46.496 Y42.41
G0 X47.917 Y42.41
G0 X47.917 Y42.26
G1 F3600 X49.174 Y43.517 E0.02956
G1 X49.244 Y43.587
G0 F7200 X49.176 Y43.363
G0 X51.112 Y43.098
G0 X51.098 Y43.245
G1 F3600 X52.083 Y42.26 E0.02317
G1 X52.153 Y42.19
G0 F7200 X52.153 Y42.41
G0 X53.574 Y42.41
G0 X53.574 Y42.26
G1 F3600 X56.054 Y44.74 E0.05833
G0 F7200 X55.259 Y44.74
G1 F3600 X56.24 Y43.759 E0.02307
G1 X56.31 Y43.689
G1 F1500 E-6.5
G0 F7200 X56.09 Y43.689
G0 X56.053 Y45.07
G0 X56.053 Y46.165
G0 X56.053 Y53.835
G0 X56.053 Y54.93
G0 X56.053 Y55.26
G1 F1500 E6.5
G1 F3600 X53.573 Y57.74 E0.05833
G1 X53.503 Y57.81
G0 F7200 X53.503 Y57.59
G0 X52.083 Y57.59
G0 X52.083 Y57.74
G1 F3600 X51.091 Y56.748 E0.02333
G1 X51.021 Y56.678
G0 F7200 X51.043 Y56.91
G0 X49.131 Y56.623
G0 X49.175 Y56.481
G1 F3600 X47.916 Y57.74 E0.02961
G1 X47.846 Y57.81
G0 F7200 X47.846 Y57.59
G0 X46.425 Y57.59
G0 X46.425 Y57.739
G1 F3600 X43.761 Y55.074 E0.06266
G1 X43.691 Y55.004
G0 F7200 X43.91 Y55.004
G0 X43.91 Y56.238
G0 X43.761 Y56.238
G1 F3600 X45.765 Y54.234 E0.04713
G1 X45.835 Y54.164
G0 F7200 X45.643 Y54.32
G0 X47.193 Y55.699
G0 X48.377 Y56.331
G0 X49.663 Y56.722
G0 X51 Y56.854
G0 X52.337 Y56.722
G0 X53.494 Y56.37
G0 X55.26 Y55.41
G0 X55.26 Y55.26
G1 F3600 X56.236 Y56.236 E0.02295
G1 X56.306 Y56.306
G0 F7200 X56.09 Y56.305
G0 X52.376 Y56.773
G0 X52.287 Y56.477
;TYPE:WALL-INNER
G1 F3600 X51 Y56.599 E0.0215
G1 X49.708 Y56.476 E0.02158
G1 X48.469 Y56.097 E0.02155
G1 X47.334 Y55.494 E0.02137
G1 X46.328 Y54.666 E0.02167
G1 X45.505 Y53.661 E0.0216
G1 X44.91 Y52.547 E0.021
G1 X44.783 Y52.148 E0.00696
G1 X43.601 Y52.146 E0.01966
G1 X43.601 Y57.899 E0.09567
G1 X56.272 Y57.9 E0.21072
G1 X56.396 Y57.69 E0.00406
G1 X56.399 Y55.1 E0.04307
G1 X55.143 Y55.1 E0.02089
G1 X54.666 Y55.492 E0.01027
G1 X53.527 Y56.097 E0.02145
G1 X52.287 Y56.477 E0.02157
G1 F1500 E-6.5
G0 F7200 X52.376 Y56.773
G0 X51 Y56.432
G0 X51 Y55.332
G0 X46.073 Y47.96
G0 X45.058 Y47.539
G0 X45.235 Y46.189
G0 X45.505 Y46.335
G1 F1500 E6.5
G1 F3600 X46.326 Y45.332 E0.02156
G1 X47.335 Y44.505 E0.0217
G1 X48.471 Y43.898 E0.02142
G1 X49.708 Y43.524 E0.02149
G1 X51 Y43.396 E0.02159
G1 X52.288 Y43.524 E0.02153
G1 X53.525 Y43.898 E0.02149
G1 X54.665 Y44.508 E0.0215
G1 X55.143 Y44.9 E0.01028
G1 X56.4 Y44.9 E0.0209
G1 X56.4 Y42.313 E0.04302
G1 X56.274 Y42.101 E0.0041
G1 X43.6 Y42.1 E0.21077
G1 X43.6 Y47.852 E0.09566
G1 X44.782 Y47.852 E0.01966
G1 X44.926 Y47.416 E0.00764
G1 X45.505 Y46.335 E0.02039
G0 F7200 X45.831 Y46.573
;TYPE:WALL-OUTER
G1 F1800 X46.629 Y45.601 E0.02091
G1 X47.573 Y44.831 E0.02026
G1 X48.605 Y44.279 E0.01946
G1 X49.804 Y43.916 E0.02083
G1 X51.02 Y43.8 E0.02031
G1 X52.192 Y43.916 E0.01959
G1 X53.391 Y44.279 E0.02083
G1 X54.423 Y44.831 E0.01946
G1 X55 Y45.3 E0.01237
G1 X56.8 Y45.3 E0.02993
G1 X56.8 Y42.262 E0.05052
G1 X56.635 Y41.879 E0.00694
G1 X56.356 Y41.701 E0.0055
G1 X43.2 Y41.7 E0.21879
G1 X43.2 Y47.952 E0.10397
G1 F1600 X43.25 Y48.452 E0.0094
G1 X43.5 Y48.252 E0.00599
G1 F1800 X45.079 Y48.252 E0.02626
G1 X45.279 Y47.605 E0.01126
G1 X45.831 Y46.573 E0.01946
G0 F7200 X45.957 Y46.419
G0 X45.408 Y45.968
G0 X43.48 Y47.972
G0 X43.25 Y48.452
G1 F1431.4 X43.251 Y51.587 E0.06556
G0 F7200 X43.48 Y52.027
G0 X47.416 Y55.365
G0 X48.531 Y55.96
G0 X49.512 Y56.258
G0 X52.26 Y56.79
G0 X52.192 Y56.084
G1 F1800 X50.981 Y56.196 E0.02022
G1 X49.805 Y56.084 E0.01965
G1 X48.641 Y55.732 E0.02022
G1 X47.54 Y55.147 E0.02073
G1 X46.628 Y54.395 E0.01966
G1 X45.831 Y53.423 E0.0209
G1 X45.264 Y52.355 E0.02011
G1 X45.079 Y51.748 E0.01055
G1 X43.499 Y51.745 E0.02628
G1 F1589.4 X43.251 Y51.587 E0.00554
G1 X43.201 Y52.043 E0.00864
G1 F1800 X43.201 Y58.299 E0.10404
G1 X56.354 Y58.3 E0.21874
G1 X56.635 Y58.12 E0.00555
G1 X56.756 Y57.902 E0.00415
G1 X56.796 Y57.739 E0.00279
G1 X56.799 Y54.7 E0.05054
G1 X55 Y54.7 E0.02992
G1 X54.422 Y55.169 E0.01238
G1 X53.355 Y55.732 E0.02006
G1 X52.192 Y56.084 E0.02021
G0 F7200 X51.993 Y56.102
G0 X52.091 Y57.109
G1 F1500 E-6.5
;MESH:NONMESH
G0 F600 X52.091 Y57.109 Z16.8
G0 F7200 X51 Y56.432
G0 X51 Y55.332
G0 X46.073 Y47.96
G0 X45.058 Y47.539
G0 X43.91 Y43.76
G0 X43.76 Y43.76
;TIME_ELAPSED:1155.592340
;LAYER:165
;TYPE:FILL
;MESH:hold.stl
G1 F1500 E6.5
G1 F3600 X45.765 Y45.765 E0.04715
G1 X45.835 Y45.835
G0 F7200 X45.645 Y45.678
G0 X43.91 Y44.925
G0 X43.76 Y44.925
G1 F3600 X46.426 Y42.26 E0.06269
G1 X46.496 Y42.19
G0 F7200 X46.496 Y42.41
G0 X47.917 Y42.41
G0 X47.917 Y42.26
G1 F3600 X49.174 Y43.517 E0.02956
G1 X49.244 Y43.587
G0 F7200 X49.176 Y43.363
G0 X51.112 Y43.098
G0 X51.098 Y43.245
G1 F3600 X52.083 Y42.26 E0.02317
G1 X52.153 Y42.19
G0 F7200 X52.153 Y42.41
G0 X53.574 Y42.41
G0 X53.574 Y42.26
G1 F3600 X56.054 Y44.74 E0.05833
G0 F7200 X55.259 Y44.74
G1 F3600 X56.24 Y43.759 E0.02307
G1 X56.31 Y43.689
G1 F1500 E-6.5
G0 F7200 X56.09 Y43.689
G0 X56.053 Y45.07
G0 X56.053 Y46.165
G0 X56.053 Y53.835
G0 X56.053 Y54.93
G0 X56.053 Y55.26
G1 F1500 E6.5
G1 F3600 X53.573 Y57.74 E0.05833
G1 X53.503 Y57.81
G0 F7200 X53.503 Y57.59
G0 X52.083 Y57.59
G0 X52.083 Y57.74
G1 F3600 X51.091 Y56.748 E0.02333
G1 X51.021 Y56.678
G0 F7200 X51.043 Y56.91
G0 X49.131 Y56.623
G0 X49.175 Y56.481
G1 F3600 X47.916 Y57.74 E0.02961
G1 X47.846 Y57.81
G0 F7200 X47.846 Y57.59
G0 X46.425 Y57.59
G0 X46.425 Y57.739
G1 F3600 X43.76 Y55.074 E0.06268
G1 X43.69 Y55.004
G0 F7200 X43.91 Y55.004
G0 X43.91 Y56.238
G0 X43.761 Y56.238
G1 F3600 X45.765 Y54.234 E0.04713
G1 X45.835 Y54.164
G0 F7200 X45.643 Y54.32
G0 X47.193 Y55.699
G0 X48.377 Y56.331
G0 X49.663 Y56.722
G0 X51 Y56.854
G0 X52.337 Y56.722
G0 X53.494 Y56.37
G0 X55.26 Y55.41
G0 X55.26 Y55.26
G1 F3600 X56.236 Y56.236 E0.02295
G1 X56.306 Y56.306
G0 F7200 X56.09 Y56.305
G0 X52.376 Y56.773
G0 X52.287 Y56.477
;TYPE:WALL-INNER
G1 F3600 X51 Y56.599 E0.0215
G1 X49.708 Y56.476 E0.02158
G1 X48.469 Y56.097 E0.02155
G1 X47.334 Y55.494 E0.02137
G1 X46.328 Y54.666 E0.02167
G1 X45.505 Y53.661 E0.0216
G1 X44.926 Y52.58 E0.02039
G1 X44.766 Y52.088 E0.0086
G1 X43.6 Y52.088 E0.01939
G1 X43.601 Y57.899 E0.09664
G1 X56.272 Y57.9 E0.21072
G1 X56.396 Y57.69 E0.00406
G1 X56.399 Y55.1 E0.04307
G1 X55.143 Y55.1 E0.02089
G1 X54.666 Y55.492 E0.01027
G1 X53.527 Y56.097 E0.02145
G1 X52.287 Y56.477 E0.02157
G1 F1500 E-6.5
G0 F7200 X52.376 Y56.773
G0 X51 Y56.432
G0 X51 Y55.332
G0 X46.073 Y47.959
G0 X45.058 Y47.539
G0 X45.234 Y46.19
G0 X45.504 Y46.336
G1 F1500 E6.5
G1 F3600 X46.326 Y45.332 E0.02158
G1 X47.335 Y44.505 E0.0217
G1 X48.471 Y43.898 E0.02142
G1 X49.708 Y43.524 E0.02149
G1 X51 Y43.396 E0.02159
G1 X52.288 Y43.524 E0.02153
G1 X53.525 Y43.898 E0.02149
G1 X54.665 Y44.508 E0.0215
G1 X55.143 Y44.9 E0.01028
G1 X56.4 Y44.9 E0.0209
G1 X56.4 Y42.313 E0.04302
G1 X56.274 Y42.101 E0.0041
G1 X43.6 Y42.1 E0.21077
G1 X43.6 Y47.908 E0.09659
G1 X44.766 Y47.908 E0.01939
G1 X44.897 Y47.481 E0.00743
G1 X45.504 Y46.336 E0.02155
G0 F7200 X45.831 Y46.573
;TYPE:WALL-OUTER
G1 F1800 X46.629 Y45.601 E0.02091
G1 X47.573 Y44.831 E0.02026
G1 X48.605 Y44.279 E0.01946
G1 X49.804 Y43.916 E0.02083
G1 X51.02 Y43.8 E0.02031
G1 X52.192 Y43.916 E0.01959
G1 X53.391 Y44.279 E0.02083
G1 X54.423 Y44.831 E0.01946
G1 X55 Y45.3 E0.01237
G1 X56.8 Y45.3 E0.02993
G1 X56.8 Y42.262 E0.05052
G1 X56.635 Y41.879 E0.00694
G1 X56.356 Y41.701 E0.0055
G1 X43.2 Y41.7 E0.21879
G1 X43.2 Y48.008 E0.1049
G1 F1600 X43.25 Y48.508 E0.0094
G1 X43.5 Y48.308 E0.00599
G1 F1800 X45.063 Y48.308 E0.02599
G1 X45.269 Y47.627 E0.01183
G1 X45.831 Y46.573 E0.01986
G0 F7200 X45.957 Y46.419
G0 X45.408 Y45.968
G0 X43.48 Y48.03
G0 X43.25 Y48.508
G1 F1431.4 X43.251 Y51.531 E0.06322
G0 F7200 X43.48 Y51.969
G0 X47.416 Y55.365
G0 X48.531 Y55.96
G0 X49.512 Y56.258
G0 X52.26 Y56.79
G0 X52.192 Y56.084
G1 F1800 X50.981 Y56.196 E0.02022
G1 X49.805 Y56.084 E0.01965
G1 X48.641 Y55.732 E0.02022
G1 X47.54 Y55.147 E0.02073
G1 X46.628 Y54.395 E0.01966
G1 X45.831 Y53.423 E0.0209
G1 X45.269 Y52.369 E0.01986
G1 X45.063 Y51.688 E0.01183
G1 X43.5 Y51.688 E0.02599
G1 F1589.4 X43.251 Y51.531 E0.00554
G1 X43.2 Y51.988 E0.00866
G1 F1800 X43.201 Y58.299 E0.10495
G1 X56.354 Y58.3 E0.21874
G1 X56.635 Y58.12 E0.00555
G1 X56.756 Y57.902 E0.00415
G1 X56.796 Y57.739 E0.00279
G1 X56.799 Y54.7 E0.05054
G1 X55 Y54.7 E0.02992
G1 X54.422 Y55.169 E0.01238
G1 X53.355 Y55.732 E0.02006
G1 X52.192 Y56.084 E0.02021
G0 F7200 X51.993 Y56.102
G0 X52.091 Y57.109
G1 F1500 E-6.5
;MESH:NONMESH
G0 F600 X52.091 Y57.109 Z16.9
G0 F7200 X51 Y56.432
G0 X51 Y55.332
G0 X46.073 Y47.959
G0 X45.058 Y47.539
G0 X43.91 Y43.76
G0 X43.76 Y43.76
;TIME_ELAPSED:1163.450512
;LAYER:166
;TYPE:FILL
;MESH:hold.stl
G1 F1500 E6.5
G1 F3600 X45.765 Y45.765 E0.04715
G1 X45.835 Y45.835
G0 F7200 X45.645 Y45.678
G0 X43.91 Y44.925
G0 X43.76 Y44.925
G1 F3600 X46.426 Y42.26 E0.06269
G1 X46.496 Y42.19
G0 F7200 X46.496 Y42.41
G0 X47.917 Y42.41
G0 X47.917 Y42.26
G1 F3600 X49.174 Y43.517 E0.02956
G1 X49.244 Y43.587
G0 F7200 X49.176 Y43.363
G0 X51.112 Y43.098
G0 X51.098 Y43.245
G1 F3600 X52.083 Y42.26 E0.02317
G1 X52.153 Y42.19
G0 F7200 X52.153 Y42.41
G0 X53.574 Y42.41
G0 X53.574 Y42.26
G1 F3600 X56.054 Y44.74 E0.05833
G0 F7200 X55.259 Y44.74
G1 F3600 X56.24 Y43.759 E0.02307
G1 X56.31 Y43.689
G1 F1500 E-6.5
G0 F7200 X56.09 Y43.689
G0 X56.053 Y45.07
G0 X56.053 Y46.165
G0 X56.053 Y53.835
G0 X56.053 Y54.93
G0 X56.053 Y55.26
G1 F1500 E6.5
G1 F3600 X53.573 Y57.74 E0.05833
G1 X53.503 Y57.81
G0 F7200 X53.503 Y57.59
G0 X52.083 Y57.59
G0 X52.083 Y57.74
G1 F3600 X51.091 Y56.748 E0.02333
G1 X51.021 Y56.678
G0 F7200 X51.043 Y56.91
G0 X49.131 Y56.623
G0 X49.175 Y56.481
G1 F3600 X47.916 Y57.74 E0.02961
G1 X47.846 Y57.81
G0 F7200 X47.846 Y57.59
G0 X46.425 Y57.59
G0 X46.425 Y57.739
G1 F3600 X43.761 Y55.074 E0.06266
G1 X43.691 Y55.004
G0 F7200 X43.91 Y55.004
G0 X43.91 Y56.238
G0 X43.761 Y56.238
G1 F3600 X45.765 Y54.234 E0.04713
G1 X45.835 Y54.164
G0 F7200 X45.643 Y54.32
G0 X47.193 Y55.699
G0 X48.377 Y56.331
G0 X49.663 Y56.722
G0 X51 Y56.854
G0 X52.337 Y56.722
G0 X53.494 Y56.37
G0 X55.26 Y55.41
G0 X55.26 Y55.26
G1 F3600 X56.236 Y56.236 E0.02295
G1 X56.306 Y56.306
G0 F7200 X56.09 Y56.305
G0 X52.376 Y56.773
G0 X52.287 Y56.477
;TYPE:WALL-INNER
G1 F3600 X51 Y56.599 E0.0215
G1 X49.708 Y56.476 E0.02158
G1 X48.469 Y56.097 E0.02155
G1 X47.334 Y55.494 E0.02137
G1 X46.328 Y54.666 E0.02167
G1 X45.505 Y53.661 E0.0216
G1 X44.926 Y52.58 E0.02039
G1 X44.749 Y52.032 E0.00958
G1 X43.601 Y52.029 E0.01909
G1 X43.601 Y57.899 E0.09762
G1 X56.272 Y57.9 E0.21072
G1 X56.396 Y57.69 E0.00406
G1 X56.399 Y55.1 E0.04307
G1 X55.143 Y55.1 E0.02089
G1 X54.666 Y55.492 E0.01027
G1 X53.527 Y56.097 E0.02145
G1 X52.287 Y56.477 E0.02157
G1 F1500 E-6.5
G0 F7200 X52.376 Y56.773
G0 X51 Y56.432
G0 X51 Y55.332
G0 X46.073 Y47.96
G0 X45.058 Y47.539
G0 X45.235 Y46.189
G0 X45.505 Y46.335
G1 F1500 E6.5
G1 F3600 X46.326 Y45.332 E0.02156
G1 X47.335 Y44.505 E0.0217
G1 X48.471 Y43.898 E0.02142
G1 X49.708 Y43.524 E0.02149
G1 X51 Y43.396 E0.02159
G1 X52.288 Y43.524 E0.02153
G1 X53.525 Y43.898 E0.02149
G1 X54.665 Y44.508 E0.0215
G1 X55.143 Y44.9 E0.01028
G1 X56.4 Y44.9 E0.0209
G1 X56.4 Y42.313 E0.04302
G1 X56.274 Y42.101 E0.0041
G1 X43.6 Y42.1 E0.21077
G1 X43.6 Y47.968 E0.09759
G1 X44.749 Y47.968 E0.01911
G1 X44.899 Y47.467 E0.0087
G1 X45.505 Y46.335 E0.02135
G0 F7200 X45.235 Y46.189
G0 X44.59 Y47.431
G0 X45.265 Y47.637
;TYPE:WALL-OUTER
G1 F1800 X45.831 Y46.573 E0.02004
G1 X46.629 Y45.601 E0.02091
G1 X47.573 Y44.831 E0.02026
G1 X48.605 Y44.279 E0.01946
G1 X49.804 Y43.916 E0.02083
G1 X51.02 Y43.8 E0.02031
G1 X52.192 Y43.916 E0.01959
G1 X53.391 Y44.279 E0.02083
G1 X54.423 Y44.831 E0.01946
G1 X55 Y45.3 E0.01237
G1 X56.8 Y45.3 E0.02993
G1 X56.8 Y42.262 E0.05052
G1 X56.635 Y41.879 E0.00694
G1 X56.356 Y41.701 E0.0055
G1 X43.2 Y41.7 E0.21879
G1 X43.2 Y48.068 E0.1059
G1 F1600 X43.25 Y48.568 E0.0094
G1 X43.5 Y48.368 E0.00599
G1 F1800 X45.047 Y48.368 E0.02573
G1 X45.265 Y47.637 E0.01269
G0 F7200 X45.358 Y47.461
G0 X44.734 Y47.127
G0 X43.48 Y48.088
G0 X43.25 Y48.568
G1 F1431.4 X43.251 Y51.471 E0.06071
G0 F7200 X43.48 Y51.911
G0 X46.438 Y54.562
G0 X47.416 Y55.365
G0 X48.531 Y55.96
G0 X49.512 Y56.258
G0 X52.26 Y56.79
G0 X52.192 Y56.084
G1 F1800 X50.981 Y56.196 E0.02022
G1 X49.805 Y56.084 E0.01965
G1 X48.641 Y55.732 E0.02022
G1 X47.54 Y55.147 E0.02073
G1 X46.628 Y54.395 E0.01966
G1 X45.831 Y53.423 E0.0209
G1 X45.279 Y52.391 E0.01946
G1 X45.047 Y51.632 E0.0132
G1 X43.499 Y51.629 E0.02574
G1 F1589.4 X43.251 Y51.471 E0.00554
G1 X43.201 Y51.927 E0.00864
G1 F1800 X43.201 Y58.299 E0.10597
G1 X56.354 Y58.3 E0.21874
G1 X56.635 Y58.12 E0.00555
G1 X56.756 Y57.902 E0.00415
G1 X56.796 Y57.739 E0.00279
G1 X56.799 Y54.7 E0.05054
G1 X55 Y54.7 E0.02992
G1 X54.422 Y55.169 E0.01238
G1 X53.355 Y55.732 E0.02006
G1 X52.192 Y56.084 E0.02021
G0 F7200 X51.993 Y56.102
G0 X52.091 Y57.109
G1 F1500 E-6.5
;MESH:NONMESH
G0 F600 X52.091 Y57.109 Z17
G0 F7200 X51 Y56.432
G0 X51 Y55.332
G0 X46.073 Y47.96
G0 X45.058 Y47.539
G0 X43.91 Y43.76
G0 X43.76 Y43.76
;TIME_ELAPSED:1171.351496
;LAYER:167
;TYPE:FILL
;MESH:hold.stl
G1 F1500 E6.5
G1 F3600 X45.765 Y45.765 E0.04715
G1 X45.835 Y45.835
G0 F7200 X45.645 Y45.678
G0 X43.91 Y44.925
G0 X43.76 Y44.925
G1 F3600 X46.426 Y42.26 E0.06269
G1 X46.496 Y42.19
G0 F7200 X46.496 Y42.41
G0 X47.917 Y42.41
G0 X47.917 Y42.26
G1 F3600 X49.174 Y43.517 E0.02956
G1 X49.244 Y43.587
G0 F7200 X49.176 Y43.363
G0 X51.112 Y43.098
G0 X51.098 Y43.245
G1 F3600 X52.083 Y42.26 E0.02317
G1 X52.153 Y42.19
G0 F7200 X52.153 Y42.41
G0 X53.574 Y42.41
G0 X53.574 Y42.26
G1 F3600 X56.054 Y44.74 E0.05833
G0 F7200 X55.259 Y44.74
G1 F3600 X56.24 Y43.759 E0.02307
G1 X56.31 Y43.689
G1 F1500 E-6.5
G0 F7200 X56.09 Y43.689
G0 X56.053 Y45.07
G0 X56.053 Y46.165
G0 X56.053 Y53.835
G0 X56.053 Y54.93
G0 X56.053 Y55.26
G1 F1500 E6.5
G1 F3600 X53.573 Y57.74 E0.05833
G1 X53.503 Y57.81
G0 F7200 X53.503 Y57.59
G0 X52.083 Y57.59
G0 X52.083 Y57.74
G1 F3600 X51.091 Y56.748 E0.02333
G1 X51.021 Y56.678
G0 F7200 X51.043 Y56.91
G0 X49.131 Y56.623
G0 X49.175 Y56.481
G1 F3600 X47.916 Y57.74 E0.02961
G1 X47.846 Y57.81
G0 F7200 X47.846 Y57.59
G0 X46.425 Y57.59
G0 X46.425 Y57.739
G1 F3600 X43.76 Y55.074 E0.06268
G1 X43.69 Y55.004
G0 F7200 X43.91 Y55.004
G0 X43.91 Y56.238
G0 X43.761 Y56.238
G1 F3600 X45.765 Y54.234 E0.04713
G1 X45.835 Y54.164
G0 F7200 X45.643 Y54.32
G0 X47.193 Y55.699
G0 X48.377 Y56.331
G0 X49.663 Y56.722
G0 X51 Y56.854
G0 X52.337 Y56.722
G0 X53.494 Y56.37
G0 X55.26 Y55.41
G0 X55.26 Y55.26
G1 F3600 X56.236 Y56.236 E0.02295
G1 X56.306 Y56.306
G0 F7200 X56.09 Y56.305
G0 X52.376 Y56.773
G0 X52.287 Y56.477
;TYPE:WALL-INNER
G1 F3600 X51 Y56.599 E0.0215
G1 X49.708 Y56.476 E0.02158
G1 X48.469 Y56.097 E0.02155
G1 X47.334 Y55.494 E0.02137
G1 X46.328 Y54.666 E0.02167
G1 X45.505 Y53.661 E0.0216
G1 X44.898 Y52.528 E0.02138
G1 X44.731 Y51.972 E0.00965
G1 X43.6 Y51.972 E0.01881
G1 X43.601 Y57.899 E0.09857
G1 X56.272 Y57.9 E0.21072
G1 X56.396 Y57.69 E0.00406
G1 X56.399 Y55.1 E0.04307
G1 X55.143 Y55.1 E0.02089
G1 X54.666 Y55.492 E0.01027
G1 X53.527 Y56.097 E0.02145
G1 X52.287 Y56.477 E0.02157
G1 F1500 E-6.5
G0 F7200 X52.376 Y56.773
G0 X51 Y56.432
G0 X51 Y55.332
G0 X46.073 Y47.959
G0 X45.058 Y47.539
G0 X45.235 Y46.189
G0 X45.505 Y46.335
G1 F1500 E6.5
G1 F3600 X46.326 Y45.332 E0.02156
G1 X47.335 Y44.505 E0.0217
G1 X48.471 Y43.898 E0.02142
G1 X49.708 Y43.524 E0.02149
G1 X51 Y43.396 E0.02159
G1 X52.288 Y43.524 E0.02153
G1 X53.525 Y43.898 E0.02149
G1 X54.665 Y44.508 E0.0215
G1 X55.143 Y44.9 E0.01028
G1 X56.4 Y44.9 E0.0209
G1 X56.4 Y42.313 E0.04302
G1 X56.274 Y42.101 E0.0041
G1 X43.6 Y42.1 E0.21077
G1 X43.6 Y48.024 E0.09852
G1 X44.73 Y48.024 E0.01879
G1 X44.898 Y47.468 E0.00966
G1 X45.505 Y46.335 E0.02138
G0 F7200 X45.235 Y46.189
G0 X44.656 Y47.272
G0 X45.279 Y47.605
;TYPE:WALL-OUTER
G1 F1800 X45.831 Y46.573 E0.01946
G1 X46.629 Y45.601 E0.02091
G1 X47.573 Y44.831 E0.02026
G1 X48.605 Y44.279 E0.01946
G1 X49.804 Y43.916 E0.02083
G1 X51.02 Y43.8 E0.02031
G1 X52.192 Y43.916 E0.01959
G1 X53.391 Y44.279 E0.02083
G1 X54.423 Y44.831 E0.01946
G1 X55 Y45.3 E0.01237
G1 X56.8 Y45.3 E0.02993
G1 X56.8 Y42.262 E0.05052
G1 X56.635 Y41.879 E0.00694
G1 X56.356 Y41.701 E0.0055
G1 X43.2 Y41.7 E0.21879
G1 X43.2 Y48.124 E0.10683
G1 F1600 X43.25 Y48.624 E0.0094
G1 X43.5 Y48.424 E0.00599
G1 F1800 X45.027 Y48.424 E0.02539
G1 X45.279 Y47.605 E0.01425
G0 F7200 X45.373 Y47.429
G0 X44.751 Y47.096
G0 X43.48 Y48.146
G0 X43.25 Y48.624
G1 F1431.4 X43.251 Y51.415 E0.05837
G0 F7200 X43.48 Y51.853
G0 X46.438 Y54.562
G0 X47.416 Y55.365
G0 X48.531 Y55.96
G0 X49.512 Y56.258
G0 X52.26 Y56.79
G0 X52.192 Y56.084
G1 F1800 X50.981 Y56.196 E0.02022
G1 X49.805 Y56.084 E0.01965
G1 X48.641 Y55.732 E0.02022
G1 X47.54 Y55.147 E0.02073
G1 X46.628 Y54.395 E0.01966
G1 X45.831 Y53.423 E0.0209
G1 X45.264 Y52.355 E0.02011
G1 X45.027 Y51.572 E0.0136
G1 X43.5 Y51.572 E0.02539
G1 F1589.4 X43.251 Y51.415 E0.00554
G1 X43.2 Y51.872 E0.00866
G1 F1800 X43.201 Y58.299 E0.10688
G1 X56.354 Y58.3 E0.21874
G1 X56.635 Y58.12 E0.00555
G1 X56.756 Y57.902 E0.00415
G1 X56.796 Y57.739 E0.00279
G1 X56.799 Y54.7 E0.05054
G1 X55 Y54.7 E0.02992
G1 X54.422 Y55.169 E0.01238
G1 X53.355 Y55.732 E0.02006
G1 X52.192 Y56.084 E0.02021
G0 F7200 X51.993 Y56.102
G0 X52.091 Y57.109
G1 F1500 E-6.5
;MESH:NONMESH
G0 F600 X52.091 Y57.109 Z17.1
G0 F7200 X51 Y56.432
G0 X51 Y55.332
G0 X46.073 Y47.959
G0 X45.058 Y47.539
G0 X43.91 Y43.76
G0 X43.76 Y43.76
;TIME_ELAPSED:1179.255322
;LAYER:168
;TYPE:FILL
;MESH:hold.stl
G1 F1500 E6.5
G1 F3600 X45.765 Y45.765 E0.04715
G1 X45.835 Y45.835
G0 F7200 X45.645 Y45.678
G0 X43.91 Y44.925
G0 X43.761 Y44.925
G1 F3600 X46.426 Y42.26 E0.06268
G1 X46.496 Y42.19
G0 F7200 X46.496 Y42.41
G0 X47.917 Y42.41
G0 X47.917 Y42.26
G1 F3600 X49.174 Y43.517 E0.02956
G1 X49.244 Y43.587
G0 F7200 X49.176 Y43.363
G0 X51.112 Y43.098
G0 X51.098 Y43.245
G1 F3600 X52.083 Y42.26 E0.02317
G1 X52.153 Y42.19
G0 F7200 X52.153 Y42.41
G0 X53.574 Y42.41
G0 X53.574 Y42.26
G1 F3600 X56.054 Y44.74 E0.05833
G0 F7200 X55.259 Y44.74
G1 F3600 X56.24 Y43.759 E0.02307
G1 X56.31 Y43.689
G1 F1500 E-6.5
G0 F7200 X56.09 Y43.689
G0 X56.053 Y45.07
G0 X56.053 Y46.165
G0 X56.053 Y53.835
G0 X56.053 Y54.93
G0 X56.053 Y55.26
G1 F1500 E6.5
G1 F3600 X53.573 Y57.74 E0.05833
G1 X53.503 Y57.81
G0 F7200 X53.503 Y57.59
G0 X52.083 Y57.59
G0 X52.083 Y57.74
G1 F3600 X51.091 Y56.748 E0.02333
G1 X51.021 Y56.678
G0 F7200 X51.043 Y56.91
G0 X49.131 Y56.623
G0 X49.175 Y56.481
G1 F3600 X47.916 Y57.74 E0.02961
G1 X47.846 Y57.81
G0 F7200 X47.846 Y57.59
G0 X46.425 Y57.59
G0 X46.425 Y57.739
G1 F3600 X43.76 Y55.074 E0.06268
G1 X43.69 Y55.004
G0 F7200 X43.91 Y55.004
G0 X43.91 Y56.238
G0 X43.761 Y56.238
G1 F3600 X45.765 Y54.234 E0.04713
G1 X45.835 Y54.164
G0 F7200 X45.643 Y54.32
G0 X47.193 Y55.699
G0 X48.377 Y56.331
G0 X49.663 Y56.722
G0 X51 Y56.854
G0 X52.337 Y56.722
G0 X53.494 Y56.37
G0 X55.26 Y55.41
G0 X55.26 Y55.26
G1 F3600 X56.236 Y56.236 E0.02295
G1 X56.306 Y56.306
G0 F7200 X56.09 Y56.305
G0 X52.376 Y56.773
G0 X52.287 Y56.477
;TYPE:WALL-INNER
G1 F3600 X51 Y56.599 E0.0215
G1 X49.708 Y56.476 E0.02158
G1 X48.469 Y56.097 E0.02155
G1 X47.334 Y55.494 E0.02137
G1 X46.328 Y54.666 E0.02167
G1 X45.505 Y53.661 E0.0216
G1 X44.899 Y52.529 E0.02135
G1 X44.714 Y51.916 E0.01065
G1 X43.6 Y51.916 E0.01853
G1 X43.601 Y57.899 E0.0995
G1 X56.272 Y57.9 E0.21072
G1 X56.396 Y57.69 E0.00406
G1 X56.399 Y55.1 E0.04307
G1 X55.143 Y55.1 E0.02089
G1 X54.666 Y55.492 E0.01027
G1 X53.527 Y56.097 E0.02145
G1 X52.287 Y56.477 E0.02157
G1 F1500 E-6.5
G0 F7200 X52.376 Y56.773
G0 X51 Y56.432
G0 X51 Y55.332
G0 X46.073 Y47.959
G0 X45.058 Y47.539
G0 X45.235 Y46.189
G0 X45.505 Y46.335
G1 F1500 E6.5
G1 F3600 X46.326 Y45.332 E0.02156
G1 X47.335 Y44.505 E0.0217
G1 X48.471 Y43.898 E0.02142
G1 X49.708 Y43.524 E0.02149
G1 X51 Y43.396 E0.02159
G1 X52.288 Y43.524 E0.02153
G1 X53.525 Y43.898 E0.02149
G1 X54.665 Y44.508 E0.0215
G1 X55.143 Y44.9 E0.01028
G1 X56.4 Y44.9 E0.0209
G1 X56.4 Y42.313 E0.04302
G1 X56.274 Y42.101 E0.0041
G1 X43.6 Y42.1 E0.21077
G1 X43.601 Y48.079 E0.09943
G1 X44.714 Y48.079 E0.01851
G1 X44.899 Y47.466 E0.01065
G1 X45.505 Y46.335 E0.02134
G0 F7200 X45.235 Y46.189
G0 X44.656 Y47.272
G0 X45.279 Y47.605
;TYPE:WALL-OUTER
G1 F1800 X45.831 Y46.573 E0.01946
G1 X46.629 Y45.601 E0.02091
G1 X47.573 Y44.831 E0.02026
G1 X48.605 Y44.279 E0.01946
G1 X49.804 Y43.916 E0.02083
G1 X51.02 Y43.8 E0.02031
G1 X52.192 Y43.916 E0.01959
G1 X53.391 Y44.279 E0.02083
G1 X54.423 Y44.831 E0.01946
G1 X55 Y45.3 E0.01237
G1 X56.8 Y45.3 E0.02993
G1 X56.8 Y42.262 E0.05052
G1 X56.635 Y41.879 E0.00694
G1 X56.356 Y41.701 E0.0055
G1 X43.2 Y41.7 E0.21879
G1 X43.2 Y48.18 E0.10776
G1 F1600 X43.25 Y48.68 E0.0094
G1 X43.5 Y48.48 E0.00599
G1 F1800 X45.011 Y48.479 E0.02513
G1 X45.279 Y47.605 E0.0152
G0 F7200 X45.373 Y47.429
G0 X44.751 Y47.096
G0 X43.48 Y48.203
G0 X43.25 Y48.68
G1 F1431.4 X43.251 Y51.359 E0.05602
G0 F7200 X43.48 Y51.796
G0 X46.438 Y54.562
G0 X47.416 Y55.365
G0 X48.531 Y55.96
G0 X49.512 Y56.258
G0 X52.26 Y56.79
G0 X52.192 Y56.084
G1 F1800 X50.981 Y56.196 E0.02022
G1 X49.805 Y56.084 E0.01965
G1 X48.641 Y55.732 E0.02022
G1 X47.54 Y55.147 E0.02073
G1 X46.628 Y54.395 E0.01966
G1 X45.831 Y53.423 E0.0209
G1 X45.279 Y52.391 E0.01946
G1 X45.011 Y51.516 E0.01522
G1 X43.5 Y51.516 E0.02513
G1 F1589.4 X43.251 Y51.359 E0.00554
G1 X43.2 Y51.816 E0.00866
G1 F1800 X43.201 Y58.299 E0.10781
G1 X56.354 Y58.3 E0.21874
G1 X56.635 Y58.12 E0.00555
G1 X56.756 Y57.902 E0.00415
G1 X56.796 Y57.739 E0.00279
G1 X56.799 Y54.7 E0.05054
G1 X55 Y54.7 E0.02992
G1 X54.422 Y55.169 E0.01238
G1 X53.355 Y55.732 E0.02006
G1 X52.192 Y56.084 E0.02021
G0 F7200 X51.993 Y56.102
G0 X52.091 Y57.109
G1 F1500 E-6.5
;MESH:NONMESH
G0 F600 X52.091 Y57.109 Z17.2
G0 F7200 X51 Y56.432
G0 X51 Y55.332
G0 X46.073 Y47.959
G0 X45.058 Y47.539
G0 X43.91 Y43.76
G0 X43.76 Y43.76
;TIME_ELAPSED:1187.164227
;LAYER:169
;TYPE:FILL
;MESH:hold.stl
G1 F1500 E6.5
G1 F3600 X45.765 Y45.765 E0.04715
G1 X45.835 Y45.835
G0 F7200 X45.645 Y45.678
G0 X43.91 Y44.925
G0 X43.761 Y44.925
G1 F3600 X46.426 Y42.26 E0.06268
G1 X46.496 Y42.19
G0 F7200 X46.496 Y42.41
G0 X47.917 Y42.41
G0 X47.917 Y42.26
G1 F3600 X49.174 Y43.517 E0.02956
G1 X49.244 Y43.587
G0 F7200 X49.176 Y43.363
G0 X51.112 Y43.098
G0 X51.098 Y43.245
G1 F3600 X52.083 Y42.26 E0.02317
G1 X52.153 Y42.19
G0 F7200 X52.153 Y42.41
G0 X53.574 Y42.41
G0 X53.574 Y42.26
G1 F3600 X56.054 Y44.74 E0.05833
G0 F7200 X55.259 Y44.74
G1 F3600 X56.24 Y43.759 E0.02307
G1 X56.31 Y43.689
G1 F1500 E-6.5
G0 F7200 X56.09 Y43.689
G0 X56.053 Y45.07
G0 X56.053 Y46.165
G0 X56.053 Y53.835
G0 X56.053 Y54.93
G0 X56.053 Y55.26
G1 F1500 E6.5
G1 F3600 X53.573 Y57.74 E0.05833
G1 X53.503 Y57.81
G0 F7200 X53.503 Y57.59
G0 X52.083 Y57.59
G0 X52.083 Y57.74
G1 F3600 X51.091 Y56.748 E0.02333
G1 X51.021 Y56.678
G0 F7200 X51.043 Y56.91
G0 X49.131 Y56.623
G0 X49.175 Y56.481
G1 F3600 X47.916 Y57.74 E0.02961
G1 X47.846 Y57.81
G0 F7200 X47.846 Y57.59
G0 X46.425 Y57.59
G0 X46.425 Y57.739
G1 F3600 X43.76 Y55.074 E0.06268
G1 X43.69 Y55.004
G0 F7200 X43.91 Y55.004
G0 X43.91 Y56.238
G0 X43.761 Y56.238
G1 F3600 X45.765 Y54.234 E0.04713
G1 X45.835 Y54.164
G0 F7200 X45.643 Y54.32
G0 X47.193 Y55.699
G0 X48.377 Y56.331
G0 X49.663 Y56.722
G0 X51 Y56.854
G0 X52.337 Y56.722
G0 X53.494 Y56.37
G0 X55.26 Y55.41
G0 X55.26 Y55.26
G1 F3600 X56.236 Y56.236 E0.02295
G1 X56.306 Y56.306
G0 F7200 X56.09 Y56.305
G0 X52.376 Y56.773
G0 X52.287 Y56.477
;TYPE:WALL-INNER
G1 F3600 X51 Y56.599 E0.0215
G1 X49.708 Y56.476 E0.02158
G1 X48.469 Y56.097 E0.02155
G1 X47.334 Y55.494 E0.02137
G1 X46.328 Y54.666 E0.02167
G1 X45.505 Y53.661 E0.0216
G1 X44.898 Y52.528 E0.02138
G1 X44.695 Y51.856 E0.01167
G1 X43.6 Y51.856 E0.01821
G1 X43.601 Y57.899 E0.1005
G1 X56.272 Y57.9 E0.21072
G1 X56.396 Y57.69 E0.00406
G1 X56.399 Y55.1 E0.04307
G1 X55.143 Y55.1 E0.02089
G1 X54.666 Y55.492 E0.01027
G1 X53.527 Y56.097 E0.02145
G1 X52.287 Y56.477 E0.02157
G1 F1500 E-6.5
G0 F7200 X52.376 Y56.773
G0 X51 Y56.432
G0 X51 Y55.332
G0 X46.073 Y47.959
G0 X45.058 Y47.539
G0 X45.235 Y46.189
G0 X45.505 Y46.335
G1 F1500 E6.5
G1 F3600 X46.326 Y45.332 E0.02156
G1 X47.335 Y44.505 E0.0217
G1 X48.471 Y43.898 E0.02142
G1 X49.708 Y43.524 E0.02149
G1 X51 Y43.396 E0.02159
G1 X52.288 Y43.524 E0.02153
G1 X53.525 Y43.898 E0.02149
G1 X54.665 Y44.508 E0.0215
G1 X55.143 Y44.9 E0.01028
G1 X56.4 Y44.9 E0.0209
G1 X56.4 Y42.313 E0.04302
G1 X56.274 Y42.101 E0.0041
G1 X43.6 Y42.1 E0.21077
G1 X43.601 Y48.139 E0.10043
G1 X44.694 Y48.139 E0.01818
G1 X44.899 Y47.467 E0.01168
G1 X45.505 Y46.335 E0.02135
G0 F7200 X45.235 Y46.189
G0 X44.656 Y47.272
G0 X45.279 Y47.605
;TYPE:WALL-OUTER
G1 F1800 X45.831 Y46.573 E0.01946
G1 X46.629 Y45.601 E0.02091
G1 X47.573 Y44.831 E0.02026
G1 X48.605 Y44.279 E0.01946
G1 X49.804 Y43.916 E0.02083
G1 X51.02 Y43.8 E0.02031
G1 X52.192 Y43.916 E0.01959
G1 X53.391 Y44.279 E0.02083
G1 X54.423 Y44.831 E0.01946
G1 X55 Y45.3 E0.01237
G1 X56.8 Y45.3 E0.02993
G1 X56.8 Y42.262 E0.05052
G1 X56.635 Y41.879 E0.00694
G1 X56.356 Y41.701 E0.0055
G1 X43.2 Y41.7 E0.21879
G1 X43.2 Y48.24 E0.10876
G1 F1600 X43.25 Y48.74 E0.0094
G1 X43.5 Y48.54 E0.00599
G1 F1800 X44.991 Y48.539 E0.0248
G1 X45.279 Y47.605 E0.01625
G0 F7200 X45.373 Y47.429
G0 X44.751 Y47.096
G0 X43.48 Y48.261
G0 X43.25 Y48.74
G1 F1431.4 X43.251 Y51.299 E0.05351
G0 F7200 X43.48 Y51.738
G0 X46.438 Y54.562
G0 X47.416 Y55.365
G0 X48.531 Y55.96
G0 X49.512 Y56.258
G0 X52.26 Y56.79
G0 X52.192 Y56.084
G1 F1800 X50.981 Y56.196 E0.02022
G1 X49.805 Y56.084 E0.01965
G1 X48.641 Y55.732 E0.02022
G1 X47.54 Y55.147 E0.02073
G1 X46.628 Y54.395 E0.01966
G1 X45.831 Y53.423 E0.0209
G1 X45.264 Y52.355 E0.02011
G1 X44.991 Y51.456 E0.01562
G1 X43.5 Y51.456 E0.0248
G1 F1589.4 X43.251 Y51.299 E0.00554
G1 X43.2 Y51.756 E0.00866
G1 F1800 X43.201 Y58.299 E0.10881
G1 X56.354 Y58.3 E0.21874
G1 X56.635 Y58.12 E0.00555
G1 X56.756 Y57.902 E0.00415
G1 X56.796 Y57.739 E0.00279
G1 X56.799 Y54.7 E0.05054
G1 X55 Y54.7 E0.02992
G1 X54.422 Y55.169 E0.01238
G1 X53.355 Y55.732 E0.02006
G1 X52.192 Y56.084 E0.02021
G0 F7200 X51.993 Y56.102
G0 X52.091 Y57.109
G1 F1500 E-6.5
;MESH:NONMESH
G0 F600 X52.091 Y57.109 Z17.3
G0 F7200 X51 Y56.432
G0 X51 Y55.332
G0 X46.073 Y47.959
G0 X45.058 Y47.539
G0 X43.91 Y43.76
G0 X43.76 Y43.76
;TIME_ELAPSED:1195.078716
;LAYER:170
;TYPE:FILL
;MESH:hold.stl
G1 F1500 E6.5
G1 F3600 X45.765 Y45.765 E0.04715
G1 X45.835 Y45.835
G0 F7200 X45.645 Y45.678
G0 X43.91 Y44.925
G0 X43.761 Y44.925
G1 F3600 X46.426 Y42.26 E0.06268
G1 X46.496 Y42.19
G0 F7200 X46.495 Y42.41
G0 X47.916 Y42.41
G0 X47.917 Y42.26
G1 F3600 X49.174 Y43.517 E0.02956
G1 X49.244 Y43.587
G0 F7200 X49.176 Y43.363
G0 X51.112 Y43.098
G0 X51.098 Y43.245
G1 F3600 X52.083 Y42.26 E0.02317
G1 X52.153 Y42.19
G0 F7200 X52.152 Y42.41
G0 X53.573 Y42.41
G0 X53.574 Y42.26
G1 F3600 X56.054 Y44.74 E0.05833
G0 F7200 X55.259 Y44.74
G1 F3600 X56.24 Y43.759 E0.02307
G1 X56.31 Y43.689
G0 F7200 X56.09 Y43.689
G0 X51 Y43.146
G0 X49.663 Y43.278
G0 X48.377 Y43.669
G0 X47.193 Y44.301
G0 X46.153 Y45.153
G0 X45.301 Y46.193
G0 X44.669 Y47.377
G0 X44.278 Y48.663
G0 X44.146 Y50
G0 X44.278 Y51.337
G0 X44.669 Y52.623
G0 X45.301 Y53.807
G0 X46.153 Y54.847
G0 X47.193 Y55.699
G0 X48.377 Y56.331
G0 X49.663 Y56.722
G0 X51 Y56.854
G0 X52.337 Y56.722
G0 X56.053 Y55.41
G0 X56.053 Y55.26
G1 F3600 X53.573 Y57.74 E0.05833
G1 X53.503 Y57.81
G0 F7200 X53.503 Y57.59
G0 X52.083 Y57.59
G0 X52.083 Y57.74
G1 F3600 X51.091 Y56.748 E0.02333
G1 X51.021 Y56.678
G0 F7200 X51.043 Y56.91
G0 X49.131 Y56.623
G0 X49.175 Y56.481
G1 F3600 X47.916 Y57.74 E0.02961
G1 X47.846 Y57.81
G0 F7200 X47.846 Y57.59
G0 X46.425 Y57.59
G0 X46.425 Y57.739
G1 F3600 X43.76 Y55.074 E0.06268
G1 X43.69 Y55.004
G0 F7200 X43.91 Y55.004
G0 X43.91 Y56.238
G0 X43.761 Y56.238
G1 F3600 X45.765 Y54.234 E0.04713
G1 X45.835 Y54.164
G0 F7200 X45.643 Y54.32
G0 X44.789 Y52.848
G0 X43.91 Y50.581
G0 X43.761 Y50.581
G1 F3600 X43.841 Y50.502 E0.00187
G0 F7200 X43.91 Y50.502
G0 X43.91 Y49.497
G0 X43.841 Y49.497
G1 F3600 X43.76 Y49.417 E0.00189
G0 F7200 X43.91 Y49.417
G0 X44.278 Y51.337
G0 X44.669 Y52.623
G0 X45.301 Y53.807
G0 X46.153 Y54.847
G0 X47.193 Y55.699
G0 X48.377 Y56.331
G0 X49.663 Y56.722
G0 X51 Y56.854
G0 X52.337 Y56.722
G0 X53.494 Y56.37
G0 X55.26 Y55.41
G0 X55.26 Y55.26
G1 F3600 X56.236 Y56.236 E0.02295
G1 X56.306 Y56.306
G0 F7200 X56.09 Y56.305
G0 X52.376 Y56.773
G0 X52.287 Y56.477
;TYPE:WALL-INNER
G1 F3600 X51 Y56.599 E0.0215
G1 X49.708 Y56.476 E0.02158
G1 X48.469 Y56.097 E0.02155
G1 X47.334 Y55.494 E0.02137
G1 X46.328 Y54.666 E0.02167
G1 X45.505 Y53.661 E0.0216
G1 X44.899 Y52.53 E0.02134
G1 X44.523 Y51.288 E0.02158
G1 X44.4 Y50 E0.02152
G1 X44.523 Y48.708 E0.02158
G1 X44.899 Y47.466 E0.02158
G1 X45.505 Y46.335 E0.02134
G1 X46.326 Y45.332 E0.02156
G1 X47.335 Y44.505 E0.0217
G1 X48.471 Y43.898 E0.02142
G1 X49.708 Y43.524 E0.02149
G1 X51 Y43.396 E0.02159
G1 X52.288 Y43.524 E0.02153
G1 X53.525 Y43.898 E0.02149
G1 X54.665 Y44.508 E0.0215
G1 X55.143 Y44.9 E0.01028
G1 X56.4 Y44.9 E0.0209
G1 X56.4 Y42.313 E0.04302
G1 X56.275 Y42.1 E0.00411
G1 X43.6 Y42.1 E0.21079
G1 X43.601 Y57.899 E0.26274
G1 X56.272 Y57.9 E0.21072
G1 X56.396 Y57.69 E0.00406
G1 X56.399 Y55.1 E0.04307
G1 X55.143 Y55.1 E0.02089
G1 X54.666 Y55.492 E0.01027
G1 X53.527 Y56.097 E0.02145
G1 X52.287 Y56.477 E0.02157
G0 F7200 X52.192 Y56.084
;TYPE:WALL-OUTER
G1 F1800 X50.981 Y56.196 E0.02022
G1 X49.805 Y56.084 E0.01965
G1 X48.641 Y55.732 E0.02022
G1 X47.54 Y55.147 E0.02073
G1 X46.628 Y54.395 E0.01966
G1 X45.831 Y53.423 E0.0209
G1 X45.279 Y52.391 E0.01946
G1 X44.916 Y51.192 E0.02083
G1 X44.8 Y49.98 E0.02025
G1 X44.916 Y48.804 E0.01965
G1 X45.279 Y47.605 E0.02083
G1 X45.831 Y46.573 E0.01946
G1 X46.629 Y45.601 E0.02091
G1 X47.573 Y44.831 E0.02026
G1 X48.605 Y44.279 E0.01946
G1 X49.804 Y43.916 E0.02083
G1 X51.02 Y43.8 E0.02031
G1 X52.192 Y43.916 E0.01959
G1 X53.391 Y44.279 E0.02083
G1 X54.423 Y44.831 E0.01946
G1 X55 Y45.3 E0.01237
G1 X56.8 Y45.3 E0.02993
G1 X56.8 Y42.262 E0.05052
G1 X56.635 Y41.879 E0.00694
G1 X56.36 Y41.7 E0.00546
G1 X43.2 Y41.7 E0.21885
G1 X43.201 Y58.299 E0.27604
G1 X56.354 Y58.3 E0.21874
G1 X56.635 Y58.12 E0.00555
G1 X56.756 Y57.902 E0.00415
G1 X56.796 Y57.739 E0.00279
G1 X56.799 Y54.7 E0.05054
G1 X55 Y54.7 E0.02992
G1 X54.422 Y55.169 E0.01238
G1 X53.355 Y55.732 E0.02006
G1 X52.192 Y56.084 E0.02021
G0 F7200 X51.993 Y56.102
G0 X52.061 Y56.81
G0 X51 Y56.854
G0 X49.663 Y56.722
G0 X48.377 Y56.331
G0 X47.193 Y55.699
G0 X46.153 Y54.847
G0 X45.301 Y53.807
G0 X44.669 Y52.623
G0 X44.278 Y51.337
G0 X44.159 Y50.134
G0 X44.354 Y47.961
;TYPE:SKIN
G1 F1666.7 X44.057 Y48.657 E0.01359
G1 F1585.9 X43.954 Y47.711 E0.01796
G1 F1756.1 X44.43 Y47.711 E0.00811
G1 F1855.7 X44.354 Y47.961 E0.00422
G0 F7200 X44.063 Y48.642
G1 F1431.4 X44 Y49.98 E0.02801
G1 F1425.7 X44.065 Y51.34 E0.02859
G0 F7200 X44.359 Y52.036
G1 F1836.7 X44.433 Y52.287 E0.00426
G1 F1739.1 X43.955 Y52.285 E0.00823
G1 F1572.1 X44.059 Y51.325 E0.01839
G1 F1651.4 X44.359 Y52.036 E0.01399
G0 F7200 X44.21 Y52.104
;MESH:NONMESH
G0 F600 X44.21 Y52.104 Z17.4
G0 F7200 X43.91 Y43.76
G0 X43.76 Y43.76
;TIME_ELAPSED:1201.904002
;LAYER:171
;TYPE:FILL
;MESH:hold.stl
G1 F3600 X45.765 Y45.765 E0.04715
G1 X45.835 Y45.835
G0 F7200 X45.645 Y45.678
G0 X43.91 Y44.925
G0 X43.761 Y44.925
G1 F3600 X46.426 Y42.26 E0.06268
G1 X46.496 Y42.19
G0 F7200 X46.495 Y42.41
G0 X47.916 Y42.41
G0 X47.917 Y42.26
G1 F3600 X49.174 Y43.517 E0.02956
G1 X49.244 Y43.587
G0 F7200 X49.176 Y43.363
G0 X51.112 Y43.098
G0 X51.098 Y43.245
G1 F3600 X52.083 Y42.26 E0.02317
G1 X52.153 Y42.19
G0 F7200 X52.152 Y42.41
G0 X53.573 Y42.41
G0 X53.574 Y42.26
G1 F3600 X56.054 Y44.74 E0.05833
G0 F7200 X55.259 Y44.74
G1 F3600 X56.24 Y43.759 E0.02307
G1 X56.31 Y43.689
G0 F7200 X56.09 Y43.689
G0 X51 Y43.146
G0 X49.663 Y43.278
G0 X48.377 Y43.669
G0 X47.193 Y44.301
G0 X46.153 Y45.153
G0 X45.301 Y46.193
G0 X44.669 Y47.377
G0 X44.278 Y48.663
G0 X44.146 Y50
G0 X44.278 Y51.337
G0 X44.669 Y52.623
G0 X45.301 Y53.807
G0 X46.153 Y54.847
G0 X47.193 Y55.699
G0 X48.377 Y56.331
G0 X49.663 Y56.722
G0 X51 Y56.854
G0 X52.337 Y56.722
G0 X56.053 Y55.41
G0 X56.053 Y55.26
G1 F3600 X53.573 Y57.74 E0.05833
G1 X53.503 Y57.81
G0 F7200 X53.503 Y57.59
G0 X52.083 Y57.59
G0 X52.083 Y57.74
G1 F3600 X51.091 Y56.748 E0.02333
G1 X51.021 Y56.678
G0 F7200 X51.043 Y56.91
G0 X49.131 Y56.623
G0 X49.175 Y56.481
G1 F3600 X47.916 Y57.74 E0.02961
G1 X47.846 Y57.81
G0 F7200 X47.846 Y57.59
G0 X46.425 Y57.59
G0 X46.425 Y57.739
G1 F3600 X43.76 Y55.074 E0.06268
G1 X43.69 Y55.004
G0 F7200 X43.91 Y55.004
G0 X43.91 Y56.238
G0 X43.761 Y56.238
G1 F3600 X45.765 Y54.234 E0.04713
G1 X45.835 Y54.164
G0 F7200 X45.643 Y54.32
G0 X44.789 Y52.848
G0 X43.91 Y50.581
G0 X43.761 Y50.581
G1 F3600 X43.841 Y50.502 E0.00187
G0 F7200 X43.91 Y50.502
G0 X43.91 Y49.497
G0 X43.841 Y49.497
G1 F3600 X43.76 Y49.417 E0.00189
G0 F7200 X43.91 Y49.417
G0 X44.278 Y51.337
G0 X44.669 Y52.623
G0 X45.301 Y53.807
G0 X46.153 Y54.847
G0 X47.193 Y55.699
G0 X48.377 Y56.331
G0 X49.663 Y56.722
G0 X51 Y56.854
G0 X52.337 Y56.722
G0 X53.494 Y56.37
G0 X55.26 Y55.41
G0 X55.26 Y55.26
G1 F3600 X56.236 Y56.236 E0.02295
G1 X56.306 Y56.306
G0 F7200 X56.09 Y56.305
G0 X52.376 Y56.773
G0 X52.287 Y56.477
;TYPE:WALL-INNER
G1 F3600 X51 Y56.599 E0.0215
G1 X49.708 Y56.476 E0.02158
G1 X48.469 Y56.097 E0.02155
G1 X47.334 Y55.494 E0.02137
G1 X46.328 Y54.666 E0.02167
G1 X45.505 Y53.661 E0.0216
G1 X44.899 Y52.53 E0.02134
G1 X44.523 Y51.288 E0.02158
G1 X44.4 Y50 E0.02152
G1 X44.523 Y48.708 E0.02158
G1 X44.899 Y47.466 E0.02158
G1 X45.505 Y46.335 E0.02134
G1 X46.326 Y45.332 E0.02156
G1 X47.335 Y44.505 E0.0217
G1 X48.471 Y43.898 E0.02142
G1 X49.708 Y43.524 E0.02149
G1 X51 Y43.396 E0.02159
G1 X52.288 Y43.524 E0.02153
G1 X53.525 Y43.898 E0.02149
G1 X54.665 Y44.508 E0.0215
G1 X55.143 Y44.9 E0.01028
G1 X56.4 Y44.9 E0.0209
G1 X56.4 Y42.313 E0.04302
G1 X56.275 Y42.1 E0.00411
G1 X43.6 Y42.1 E0.21079
G1 X43.601 Y57.899 E0.26274
G1 X56.272 Y57.9 E0.21072
G1 X56.396 Y57.69 E0.00406
G1 X56.399 Y55.1 E0.04307
G1 X55.143 Y55.1 E0.02089
G1 X54.666 Y55.492 E0.01027
G1 X53.527 Y56.097 E0.02145
G1 X52.287 Y56.477 E0.02157
G0 F7200 X52.192 Y56.084
;TYPE:WALL-OUTER
G1 F1800 X50.981 Y56.196 E0.02022
G1 X49.805 Y56.084 E0.01965
G1 X48.641 Y55.732 E0.02022
G1 X47.54 Y55.147 E0.02073
G1 X46.628 Y54.395 E0.01966
G1 X45.831 Y53.423 E0.0209
G1 X45.279 Y52.391 E0.01946
G1 X44.916 Y51.192 E0.02083
G1 X44.8 Y49.98 E0.02025
G1 X44.916 Y48.804 E0.01965
G1 X45.279 Y47.605 E0.02083
G1 X45.831 Y46.573 E0.01946
G1 X46.629 Y45.601 E0.02091
G1 X47.573 Y44.831 E0.02026
G1 X48.605 Y44.279 E0.01946
G1 X49.804 Y43.916 E0.02083
G1 X51.02 Y43.8 E0.02031
G1 X52.192 Y43.916 E0.01959
G1 X53.391 Y44.279 E0.02083
G1 X54.423 Y44.831 E0.01946
G1 X55 Y45.3 E0.01237
G1 X56.8 Y45.3 E0.02993
G1 X56.8 Y42.262 E0.05052
G1 X56.635 Y41.879 E0.00694
G1 X56.36 Y41.7 E0.00546
G1 X43.2 Y41.7 E0.21885
G1 X43.201 Y58.299 E0.27604
G1 X56.354 Y58.3 E0.21874
G1 X56.635 Y58.12 E0.00555
G1 X56.756 Y57.902 E0.00415
G1 X56.796 Y57.739 E0.00279
G1 X56.799 Y54.7 E0.05054
G1 X55 Y54.7 E0.02992
G1 X54.422 Y55.169 E0.01238
G1 X53.355 Y55.732 E0.02006
G1 X52.192 Y56.084 E0.02021
G0 F7200 X51.993 Y56.102
G0 X52.061 Y56.81
G0 X51 Y56.854
G0 X49.663 Y56.722
G0 X48.377 Y56.331
G0 X47.193 Y55.699
G0 X46.153 Y54.847
G0 X45.301 Y53.807
G0 X44.669 Y52.623
G0 X44.278 Y51.337
G0 X44.159 Y50.134
G0 X44.344 Y48.009
;TYPE:SKIN
G1 F1690.1 X44.057 Y48.656 E0.01254
G1 F1603.6 X43.948 Y47.763 E0.01679
G1 F1782.2 X44.419 Y47.763 E0.00791
G1 F1889.8 X44.344 Y48.009 E0.00407
G0 F7200 X44.063 Y48.642
G1 F1431.4 X44 Y49.98 E0.02801
G1 F1425.7 X44.065 Y51.34 E0.02859
G0 F7200 X44.348 Y51.986
G1 F1870.1 X44.422 Y52.232 E0.00411
G1 F1764.7 X43.949 Y52.232 E0.00802
G1 F1589.4 X44.059 Y51.327 E0.01717
G1 F1674.4 X44.348 Y51.986 E0.01286
G0 F7200 X44.21 Y52.055
;MESH:NONMESH
G0 F600 X44.21 Y52.055 Z17.5
G0 F7200 X43.91 Y43.76
G0 X43.76 Y43.76
;TIME_ELAPSED:1208.453527
;LAYER:172
;TYPE:FILL
;MESH:hold.stl
G1 F3600 X45.765 Y45.765 E0.04715
G1 X45.835 Y45.835
G0 F7200 X45.645 Y45.678
G0 X43.91 Y44.925
G0 X43.761 Y44.925
G1 F3600 X46.426 Y42.26 E0.06268
G1 X46.496 Y42.19
G0 F7200 X46.495 Y42.41
G0 X47.916 Y42.41
G0 X47.917 Y42.26
G1 F3600 X49.174 Y43.517 E0.02956
G1 X49.244 Y43.587
G0 F7200 X49.176 Y43.363
G0 X51.112 Y43.098
G0 X51.098 Y43.245
G1 F3600 X52.083 Y42.26 E0.02317
G1 X52.153 Y42.19
G0 F7200 X52.152 Y42.41
G0 X53.573 Y42.41
G0 X53.574 Y42.26
G1 F3600 X56.054 Y44.74 E0.05833
G0 F7200 X55.259 Y44.74
G1 F3600 X56.24 Y43.759 E0.02307
G1 X56.31 Y43.689
G0 F7200 X56.09 Y43.689
G0 X51 Y43.146
G0 X49.663 Y43.278
G0 X48.377 Y43.669
G0 X47.193 Y44.301
G0 X46.153 Y45.153
G0 X45.301 Y46.193
G0 X44.669 Y47.377
G0 X44.278 Y48.663
G0 X44.146 Y50
G0 X44.278 Y51.337
G0 X44.669 Y52.623
G0 X45.301 Y53.807
G0 X46.153 Y54.847
G0 X47.193 Y55.699
G0 X48.377 Y56.331
G0 X49.663 Y56.722
G0 X51 Y56.854
G0 X52.337 Y56.722
G0 X56.053 Y55.41
G0 X56.053 Y55.26
G1 F3600 X53.573 Y57.74 E0.05833
G1 X53.503 Y57.81
G0 F7200 X53.503 Y57.59
G0 X52.083 Y57.59
G0 X52.083 Y57.74
G1 F3600 X51.091 Y56.748 E0.02333
G1 X51.021 Y56.678
G0 F7200 X51.043 Y56.91
G0 X49.131 Y56.623
G0 X49.175 Y56.481
G1 F3600 X47.916 Y57.74 E0.02961
G1 X47.846 Y57.81
G0 F7200 X47.846 Y57.59
G0 X46.425 Y57.59
G0 X46.425 Y57.739
G1 F3600 X43.76 Y55.074 E0.06268
G1 X43.69 Y55.004
G0 F7200 X43.91 Y55.004
G0 X43.91 Y56.238
G0 X43.761 Y56.238
G1 F3600 X45.765 Y54.234 E0.04713
G1 X45.835 Y54.164
G0 F7200 X45.643 Y54.32
G0 X44.789 Y52.848
G0 X43.91 Y50.581
G0 X43.761 Y50.581
G1 F3600 X43.841 Y50.502 E0.00187
G0 F7200 X43.91 Y50.502
G0 X43.91 Y49.497
G0 X43.841 Y49.497
G1 F3600 X43.76 Y49.417 E0.00189
G0 F7200 X43.91 Y49.417
G0 X44.278 Y51.337
G0 X44.669 Y52.623
G0 X45.301 Y53.807
G0 X46.153 Y54.847
G0 X47.193 Y55.699
G0 X48.377 Y56.331
G0 X49.663 Y56.722
G0 X51 Y56.854
G0 X52.337 Y56.722
G0 X53.494 Y56.37
G0 X55.26 Y55.41
G0 X55.26 Y55.26
G1 F3600 X56.236 Y56.236 E0.02295
G1 X56.306 Y56.306
G0 F7200 X56.09 Y56.305
G0 X52.376 Y56.773
G0 X52.287 Y56.477
;TYPE:WALL-INNER
G1 F3600 X51 Y56.599 E0.0215
G1 X49.708 Y56.476 E0.02158
G1 X48.469 Y56.097 E0.02155
G1 X47.334 Y55.494 E0.02137
G1 X46.328 Y54.666 E0.02167
G1 X45.505 Y53.661 E0.0216
G1 X44.899 Y52.53 E0.02134
G1 X44.523 Y51.288 E0.02158
G1 X44.4 Y50 E0.02152
G1 X44.523 Y48.708 E0.02158
G1 X44.899 Y47.466 E0.02158
G1 X45.505 Y46.335 E0.02134
G1 X46.326 Y45.332 E0.02156
G1 X47.335 Y44.505 E0.0217
G1 X48.471 Y43.898 E0.02142
G1 X49.708 Y43.524 E0.02149
G1 X51 Y43.396 E0.02159
G1 X52.288 Y43.524 E0.02153
G1 X53.525 Y43.898 E0.02149
G1 X54.665 Y44.508 E0.0215
G1 X55.143 Y44.9 E0.01028
G1 X56.4 Y44.9 E0.0209
G1 X56.4 Y42.313 E0.04302
G1 X56.275 Y42.1 E0.00411
G1 X43.6 Y42.1 E0.21079
G1 X43.601 Y57.899 E0.26274
G1 X56.272 Y57.9 E0.21072
G1 X56.396 Y57.69 E0.00406
G1 X56.399 Y55.1 E0.04307
G1 X55.143 Y55.1 E0.02089
G1 X54.666 Y55.492 E0.01027
G1 X53.527 Y56.097 E0.02145
G1 X52.287 Y56.477 E0.02157
G0 F7200 X52.192 Y56.084
;TYPE:WALL-OUTER
G1 F1800 X50.981 Y56.196 E0.02022
G1 X49.805 Y56.084 E0.01965
G1 X48.641 Y55.732 E0.02022
G1 X47.54 Y55.147 E0.02073
G1 X46.628 Y54.395 E0.01966
G1 X45.831 Y53.423 E0.0209
G1 X45.279 Y52.391 E0.01946
G1 X44.916 Y51.192 E0.02083
G1 X44.8 Y49.98 E0.02025
G1 X44.916 Y48.804 E0.01965
G1 X45.279 Y47.605 E0.02083
G1 X45.831 Y46.573 E0.01946
G1 X46.629 Y45.601 E0.02091
G1 X47.573 Y44.831 E0.02026
G1 X48.605 Y44.279 E0.01946
G1 X49.804 Y43.916 E0.02083
G1 X51.02 Y43.8 E0.02031
G1 X52.192 Y43.916 E0.01959
G1 X53.391 Y44.279 E0.02083
G1 X54.423 Y44.831 E0.01946
G1 X55 Y45.3 E0.01237
G1 X56.8 Y45.3 E0.02993
G1 X56.8 Y42.262 E0.05052
G1 X56.635 Y41.879 E0.00694
G1 X56.36 Y41.7 E0.00546
G1 X43.2 Y41.7 E0.21885
G1 X43.201 Y58.299 E0.27604
G1 X56.354 Y58.3 E0.21874
G1 X56.635 Y58.12 E0.00555
G1 X56.756 Y57.902 E0.00415
G1 X56.796 Y57.739 E0.00279
G1 X56.799 Y54.7 E0.05054
G1 X55 Y54.7 E0.02992
G1 X54.422 Y55.169 E0.01238
G1 X53.355 Y55.732 E0.02006
G1 X52.192 Y56.084 E0.02021
G0 F7200 X51.993 Y56.102
G0 X52.061 Y56.81
G0 X51 Y56.854
G0 X49.663 Y56.722
G0 X48.377 Y56.331
G0 X47.193 Y55.699
G0 X46.153 Y54.847
G0 X45.301 Y53.807
G0 X44.669 Y52.623
G0 X44.317 Y51.466
G0 X44.058 Y48.653
;TYPE:SKIN
G1 F1706.2 X43.967 Y48.006 E0.01146
G1 F1920 X43.967 Y47.819 E0.00292
G1 X44.407 Y47.819 E0.00686
G1 X44.333 Y48.061 E0.00395
G1 F1706.2 X44.058 Y48.653 E0.01145
G0 F7200 X44.063 Y48.642
G1 F1431.4 X44 Y49.98 E0.02801
G1 F1425.7 X44.065 Y51.34 E0.02859
G0 F7200 X43.968 Y51.989
G1 F1698.1 X44.059 Y51.328 E0.01176
G1 X44.338 Y51.936 E0.01179
G1 F1909.8 X44.411 Y52.179 E0.00398
G1 X43.968 Y52.176 E0.00694
G1 X43.968 Y51.989 E0.00293
G0 F7200 X44.109 Y52.019
;MESH:NONMESH
G0 F600 X44.109 Y52.019 Z17.6
G0 F7200 X43.91 Y43.76
G0 X43.76 Y43.76
;TIME_ELAPSED:1214.960364
;LAYER:173
;TYPE:FILL
;MESH:hold.stl
G1 F3600 X45.765 Y45.765 E0.04715
G1 X45.835 Y45.835
G0 F7200 X45.645 Y45.678
G0 X43.91 Y44.925
G0 X43.761 Y44.925
G1 F3600 X46.426 Y42.26 E0.06268
G1 X46.496 Y42.19
G0 F7200 X46.495 Y42.41
G0 X47.916 Y42.41
G0 X47.917 Y42.26
G1 F3600 X49.174 Y43.517 E0.02956
G1 X49.244 Y43.587
G0 F7200 X49.176 Y43.363
G0 X51.112 Y43.098
G0 X51.098 Y43.245
G1 F3600 X52.083 Y42.26 E0.02317
G1 X52.153 Y42.19
G0 F7200 X52.152 Y42.41
G0 X53.573 Y42.41
G0 X53.574 Y42.26
G1 F3600 X56.054 Y44.74 E0.05833
G0 F7200 X55.259 Y44.74
G1 F3600 X56.24 Y43.759 E0.02307
G1 X56.31 Y43.689
G0 F7200 X56.09 Y43.689
G0 X51 Y43.146
G0 X49.663 Y43.278
G0 X48.377 Y43.669
G0 X47.193 Y44.301
G0 X46.153 Y45.153
G0 X45.301 Y46.193
G0 X44.669 Y47.377
G0 X44.278 Y48.663
G0 X44.146 Y50
G0 X44.278 Y51.337
G0 X44.669 Y52.623
G0 X45.301 Y53.807
G0 X46.153 Y54.847
G0 X47.193 Y55.699
G0 X48.377 Y56.331
G0 X49.663 Y56.722
G0 X51 Y56.854
G0 X52.337 Y56.722
G0 X56.053 Y55.41
G0 X56.053 Y55.26
G1 F3600 X53.573 Y57.74 E0.05833
G1 X53.503 Y57.81
G0 F7200 X53.503 Y57.59
G0 X52.083 Y57.59
G0 X52.083 Y57.74
G1 F3600 X51.091 Y56.748 E0.02333
G1 X51.021 Y56.678
G0 F7200 X51.043 Y56.91
G0 X49.131 Y56.623
G0 X49.175 Y56.481
G1 F3600 X47.916 Y57.74 E0.02961
G1 X47.846 Y57.81
G0 F7200 X47.846 Y57.59
G0 X46.425 Y57.59
G0 X46.425 Y57.739
G1 F3600 X43.76 Y55.074 E0.06268
G1 X43.69 Y55.004
G0 F7200 X43.91 Y55.004
G0 X43.91 Y56.238
G0 X43.761 Y56.238
G1 F3600 X45.765 Y54.234 E0.04713
G1 X45.835 Y54.164
G0 F7200 X45.643 Y54.32
G0 X44.789 Y52.848
G0 X43.91 Y50.581
G0 X43.761 Y50.581
G1 F3600 X43.841 Y50.502 E0.00187
G0 F7200 X43.91 Y50.502
G0 X43.91 Y49.497
G0 X43.841 Y49.497
G1 F3600 X43.76 Y49.417 E0.00189
G0 F7200 X43.91 Y49.417
G0 X44.278 Y51.337
G0 X44.669 Y52.623
G0 X45.301 Y53.807
G0 X46.153 Y54.847
G0 X47.193 Y55.699
G0 X48.377 Y56.331
G0 X49.663 Y56.722
G0 X51 Y56.854
G0 X52.337 Y56.722
G0 X53.494 Y56.37
G0 X55.26 Y55.41
G0 X55.26 Y55.26
G1 F3600 X56.236 Y56.236 E0.02295
G1 X56.306 Y56.306
G0 F7200 X56.09 Y56.305
G0 X52.376 Y56.773
G0 X52.287 Y56.477
;TYPE:WALL-INNER
G1 F3600 X51 Y56.599 E0.0215
G1 X49.708 Y56.476 E0.02158
G1 X48.469 Y56.097 E0.02155
G1 X47.334 Y55.494 E0.02137
G1 X46.328 Y54.666 E0.02167
G1 X45.505 Y53.661 E0.0216
G1 X44.899 Y52.53 E0.02134
G1 X44.523 Y51.288 E0.02158
G1 X44.4 Y50 E0.02152
G1 X44.523 Y48.708 E0.02158
G1 X44.899 Y47.466 E0.02158
G1 X45.505 Y46.335 E0.02134
G1 X46.326 Y45.332 E0.02156
G1 X47.335 Y44.505 E0.0217
G1 X48.471 Y43.898 E0.02142
G1 X49.708 Y43.524 E0.02149
G1 X51 Y43.396 E0.02159
G1 X52.288 Y43.524 E0.02153
G1 X53.525 Y43.898 E0.02149
G1 X54.665 Y44.508 E0.0215
G1 X55.143 Y44.9 E0.01028
G1 X56.4 Y44.9 E0.0209
G1 X56.4 Y42.313 E0.04302
G1 X56.275 Y42.1 E0.00411
G1 X43.6 Y42.1 E0.21079
G1 X43.601 Y57.899 E0.26274
G1 X56.272 Y57.9 E0.21072
G1 X56.396 Y57.69 E0.00406
G1 X56.399 Y55.1 E0.04307
G1 X55.143 Y55.1 E0.02089
G1 X54.666 Y55.492 E0.01027
G1 X53.527 Y56.097 E0.02145
G1 X52.287 Y56.477 E0.02157
G0 F7200 X52.192 Y56.084
;TYPE:WALL-OUTER
G1 F1800 X50.981 Y56.196 E0.02022
G1 X49.805 Y56.084 E0.01965
G1 X48.641 Y55.732 E0.02022
G1 X47.54 Y55.147 E0.02073
G1 X46.628 Y54.395 E0.01966
G1 X45.831 Y53.423 E0.0209
G1 X45.279 Y52.391 E0.01946
G1 X44.916 Y51.192 E0.02083
G1 X44.8 Y49.98 E0.02025
G1 X44.916 Y48.804 E0.01965
G1 X45.279 Y47.605 E0.02083
G1 X45.831 Y46.573 E0.01946
G1 X46.629 Y45.601 E0.02091
G1 X47.573 Y44.831 E0.02026
G1 X48.605 Y44.279 E0.01946
G1 X49.804 Y43.916 E0.02083
G1 X51.02 Y43.8 E0.02031
G1 X52.192 Y43.916 E0.01959
G1 X53.391 Y44.279 E0.02083
G1 X54.423 Y44.831 E0.01946
G1 X55 Y45.3 E0.01237
G1 X56.8 Y45.3 E0.02993
G1 X56.8 Y42.262 E0.05052
G1 X56.635 Y41.879 E0.00694
G1 X56.36 Y41.7 E0.00546
G1 X43.2 Y41.7 E0.21885
G1 X43.201 Y58.299 E0.27604
G1 X56.354 Y58.3 E0.21874
G1 X56.635 Y58.12 E0.00555
G1 X56.756 Y57.902 E0.00415
G1 X56.796 Y57.739 E0.00279
G1 X56.799 Y54.7 E0.05054
G1 X55 Y54.7 E0.02992
G1 X54.422 Y55.169 E0.01238
G1 X53.355 Y55.732 E0.02006
G1 X52.192 Y56.084 E0.02021
G0 F7200 X51.993 Y56.102
G0 X52.061 Y56.81
G0 X51 Y56.854
G0 X49.663 Y56.722
G0 X48.377 Y56.331
G0 X47.193 Y55.699
G0 X46.153 Y54.847
G0 X45.301 Y53.807
G0 X44.669 Y52.623
G0 X44.317 Y51.466
G0 X44.058 Y48.653
;TYPE:SKIN
G1 F1730.8 X43.963 Y48.054 E0.01049
G1 F1961.9 X43.963 Y47.871 E0.00279
G1 X44.393 Y47.871 E0.00656
G1 X44.321 Y48.107 E0.00376
G1 F1730.8 X44.058 Y48.653 E0.01048
G0 F7200 X44.063 Y48.642
G1 F1431.4 X44 Y49.98 E0.02801
G1 F1425.7 X44.065 Y51.34 E0.02859
G0 F7200 X44.399 Y52.123
G1 F1945.9 X43.965 Y52.123 E0.00668
G1 X43.965 Y51.938 E0.00285
G1 F1535.2 X44.065 Y51.34 E0.01182
G1 X44.327 Y51.885 E0.01179
G1 F1945.9 X44.399 Y52.123 E0.00382
G0 F7200 X44.21 Y52.194
;MESH:NONMESH
G0 F600 X44.21 Y52.194 Z17.7
G0 F7200 X43.91 Y43.76
G0 X43.76 Y43.76
;TIME_ELAPSED:1221.465148
;LAYER:174
;TYPE:FILL
;MESH:hold.stl
G1 F3600 X45.765 Y45.765 E0.04715
G1 X45.835 Y45.835
G0 F7200 X45.645 Y45.678
G0 X43.91 Y44.925
G0 X43.761 Y44.925
G1 F3600 X46.426 Y42.26 E0.06268
G1 X46.496 Y42.19
G0 F7200 X46.495 Y42.41
G0 X47.916 Y42.41
G0 X47.917 Y42.26
G1 F3600 X49.174 Y43.517 E0.02956
G1 X49.244 Y43.587
G0 F7200 X49.176 Y43.363
G0 X51.112 Y43.098
G0 X51.098 Y43.245
G1 F3600 X52.083 Y42.26 E0.02317
G1 X52.153 Y42.19
G0 F7200 X52.152 Y42.41
G0 X53.573 Y42.41
G0 X53.574 Y42.26
G1 F3600 X56.054 Y44.74 E0.05833
G0 F7200 X55.259 Y44.74
G1 F3600 X56.24 Y43.759 E0.02307
G1 X56.31 Y43.689
G0 F7200 X56.09 Y43.689
G0 X51 Y43.146
G0 X49.663 Y43.278
G0 X48.377 Y43.669
G0 X47.193 Y44.301
G0 X46.153 Y45.153
G0 X45.301 Y46.193
G0 X44.669 Y47.377
G0 X44.278 Y48.663
G0 X44.146 Y50
G0 X44.278 Y51.337
G0 X44.669 Y52.623
G0 X45.301 Y53.807
G0 X46.153 Y54.847
G0 X47.193 Y55.699
G0 X48.377 Y56.331
G0 X49.663 Y56.722
G0 X51 Y56.854
G0 X52.337 Y56.722
G0 X56.053 Y55.41
G0 X56.053 Y55.26
G1 F3600 X53.573 Y57.74 E0.05833
G1 X53.503 Y57.81
G0 F7200 X53.503 Y57.59
G0 X52.083 Y57.59
G0 X52.083 Y57.74
G1 F3600 X51.091 Y56.748 E0.02333
G1 X51.021 Y56.678
G0 F7200 X51.043 Y56.91
G0 X49.131 Y56.623
G0 X49.175 Y56.481
G1 F3600 X47.916 Y57.74 E0.02961
G1 X47.846 Y57.81
G0 F7200 X47.846 Y57.59
G0 X46.425 Y57.59
G0 X46.425 Y57.739
G1 F3600 X43.76 Y55.074 E0.06268
G1 X43.69 Y55.004
G0 F7200 X43.91 Y55.004
G0 X43.91 Y56.238
G0 X43.761 Y56.238
G1 F3600 X45.765 Y54.234 E0.04713
G1 X45.835 Y54.164
G0 F7200 X45.643 Y54.32
G0 X44.789 Y52.848
G0 X43.91 Y50.581
G0 X43.761 Y50.581
G1 F3600 X43.841 Y50.502 E0.00187
G0 F7200 X43.91 Y50.502
G0 X43.91 Y49.497
G0 X43.841 Y49.497
G1 F3600 X43.76 Y49.417 E0.00189
G0 F7200 X43.91 Y49.417
G0 X44.278 Y51.337
G0 X44.669 Y52.623
G0 X45.301 Y53.807
G0 X46.153 Y54.847
G0 X47.193 Y55.699
G0 X48.377 Y56.331
G0 X49.663 Y56.722
G0 X51 Y56.854
G0 X52.337 Y56.722
G0 X53.494 Y56.37
G0 X55.26 Y55.41
G0 X55.26 Y55.26
G1 F3600 X56.236 Y56.236 E0.02295
G1 X56.306 Y56.306
G0 F7200 X56.09 Y56.305
G0 X52.376 Y56.773
G0 X52.287 Y56.477
;TYPE:WALL-INNER
G1 F3600 X51 Y56.599 E0.0215
G1 X49.708 Y56.476 E0.02158
G1 X48.469 Y56.097 E0.02155
G1 X47.334 Y55.494 E0.02137
G1 X46.328 Y54.666 E0.02167
G1 X45.505 Y53.661 E0.0216
G1 X44.899 Y52.53 E0.02134
G1 X44.523 Y51.288 E0.02158
G1 X44.4 Y50 E0.02152
G1 X44.523 Y48.708 E0.02158
G1 X44.899 Y47.466 E0.02158
G1 X45.505 Y46.335 E0.02134
G1 X46.326 Y45.332 E0.02156
G1 X47.335 Y44.505 E0.0217
G1 X48.471 Y43.898 E0.02142
G1 X49.708 Y43.524 E0.02149
G1 X51 Y43.396 E0.02159
G1 X52.288 Y43.524 E0.02153
G1 X53.525 Y43.898 E0.02149
G1 X54.665 Y44.508 E0.0215
G1 X55.143 Y44.9 E0.01028
G1 X56.4 Y44.9 E0.0209
G1 X56.4 Y42.313 E0.04302
G1 X56.275 Y42.1 E0.00411
G1 X43.6 Y42.1 E0.21079
G1 X43.601 Y57.899 E0.26274
G1 X56.272 Y57.9 E0.21072
G1 X56.396 Y57.69 E0.00406
G1 X56.399 Y55.1 E0.04307
G1 X55.143 Y55.1 E0.02089
G1 X54.666 Y55.492 E0.01027
G1 X53.527 Y56.097 E0.02145
G1 X52.287 Y56.477 E0.02157
G0 F7200 X52.192 Y56.084
;TYPE:WALL-OUTER
G1 F1800 X50.981 Y56.196 E0.02022
G1 X49.805 Y56.084 E0.01965
G1 X48.641 Y55.732 E0.02022
G1 X47.54 Y55.147 E0.02073
G1 X46.628 Y54.395 E0.01966
G1 X45.831 Y53.423 E0.0209
G1 X45.279 Y52.391 E0.01946
G1 X44.916 Y51.192 E0.02083
G1 X44.8 Y49.98 E0.02025
G1 X44.916 Y48.804 E0.01965
G1 X45.279 Y47.605 E0.02083
G1 X45.831 Y46.573 E0.01946
G1 X46.629 Y45.601 E0.02091
G1 X47.573 Y44.831 E0.02026
G1 X48.605 Y44.279 E0.01946
G1 X49.804 Y43.916 E0.02083
G1 X51.02 Y43.8 E0.02031
G1 X52.192 Y43.916 E0.01959
G1 X53.391 Y44.279 E0.02083
G1 X54.423 Y44.831 E0.01946
G1 X55 Y45.3 E0.01237
G1 X56.8 Y45.3 E0.02993
G1 X56.8 Y42.262 E0.05052
G1 X56.635 Y41.879 E0.00694
G1 X56.36 Y41.7 E0.00546
G1 X43.2 Y41.7 E0.21885
G1 X43.201 Y58.299 E0.27604
G1 X56.354 Y58.3 E0.21874
G1 X56.635 Y58.12 E0.00555
G1 X56.756 Y57.902 E0.00415
G1 X56.796 Y57.739 E0.00279
G1 X56.799 Y54.7 E0.05054
G1 X55 Y54.7 E0.02992
G1 X54.422 Y55.169 E0.01238
G1 X53.355 Y55.732 E0.02006
G1 X52.192 Y56.084 E0.02021
G0 F7200 X51.993 Y56.102
G0 X52.061 Y56.81
G0 X51 Y56.854
G0 X49.663 Y56.722
G0 X48.377 Y56.331
G0 X47.193 Y55.699
G0 X46.153 Y54.847
G0 X45.301 Y53.807
G0 X44.669 Y52.623
G0 X44.317 Y51.466
G0 X44.063 Y48.642
;TYPE:SKIN
G1 F1558.4 X43.959 Y48.107 E0.01047
G1 F2005.6 X43.959 Y47.927 E0.00269
G1 X44.382 Y47.927 E0.00631
G1 X44.31 Y48.16 E0.00364
G1 F1558.4 X44.063 Y48.642 E0.0104
G1 F1431.4 X44 Y49.98 E0.02801
G1 F1425.7 X44.065 Y51.34 E0.02859
G0 F7200 X44.385 Y52.07
G1 F1989 X43.961 Y52.068 E0.00638
G1 X43.961 Y51.888 E0.00271
G1 F1548.4 X44.065 Y51.34 E0.01078
G1 X44.315 Y51.837 E0.01076
G1 F1989 X44.385 Y52.07 E0.00366
G0 F7200 X44.21 Y52.142
;MESH:NONMESH
G0 F600 X44.21 Y52.142 Z17.8
G0 F7200 X43.91 Y43.76
G0 X43.76 Y43.76
;TIME_ELAPSED:1227.957352
;LAYER:175
;TYPE:FILL
;MESH:hold.stl
G1 F3600 X45.765 Y45.765 E0.04715
G1 X45.835 Y45.835
G0 F7200 X45.645 Y45.678
G0 X43.91 Y44.925
G0 X43.761 Y44.925
G1 F3600 X46.426 Y42.26 E0.06268
G1 X46.496 Y42.19
G0 F7200 X46.495 Y42.41
G0 X47.916 Y42.41
G0 X47.917 Y42.26
G1 F3600 X49.174 Y43.517 E0.02956
G1 X49.244 Y43.587
G0 F7200 X49.176 Y43.363
G0 X51.112 Y43.098
G0 X51.098 Y43.245
G1 F3600 X52.083 Y42.26 E0.02317
G1 X52.153 Y42.19
G0 F7200 X52.152 Y42.41
G0 X53.573 Y42.41
G0 X53.574 Y42.26
G1 F3600 X56.054 Y44.74 E0.05833
G0 F7200 X55.259 Y44.74
G1 F3600 X56.24 Y43.759 E0.02307
G1 X56.31 Y43.689
G0 F7200 X56.09 Y43.689
G0 X51 Y43.146
G0 X49.663 Y43.278
G0 X48.377 Y43.669
G0 X47.193 Y44.301
G0 X46.153 Y45.153
G0 X45.301 Y46.193
G0 X44.669 Y47.377
G0 X44.278 Y48.663
G0 X44.146 Y50
G0 X44.278 Y51.337
G0 X44.669 Y52.623
G0 X45.301 Y53.807
G0 X46.153 Y54.847
G0 X47.193 Y55.699
G0 X48.377 Y56.331
G0 X49.663 Y56.722
G0 X51 Y56.854
G0 X52.337 Y56.722
G0 X56.053 Y55.41
G0 X56.053 Y55.26
G1 F3600 X53.573 Y57.74 E0.05833
G1 X53.503 Y57.81
G0 F7200 X53.503 Y57.59
G0 X52.083 Y57.59
G0 X52.083 Y57.74
G1 F3600 X51.091 Y56.748 E0.02333
G1 X51.021 Y56.678
G0 F7200 X51.043 Y56.91
G0 X49.131 Y56.623
G0 X49.175 Y56.481
G1 F3600 X47.916 Y57.74 E0.02961
G1 X47.846 Y57.81
G0 F7200 X47.846 Y57.59
G0 X46.425 Y57.59
G0 X46.425 Y57.739
G1 F3600 X43.76 Y55.074 E0.06268
G1 X43.69 Y55.004
G0 F7200 X43.91 Y55.004
G0 X43.91 Y56.238
G0 X43.761 Y56.238
G1 F3600 X45.765 Y54.234 E0.04713
G1 X45.835 Y54.164
G0 F7200 X45.643 Y54.32
G0 X44.789 Y52.848
G0 X43.91 Y50.581
G0 X43.761 Y50.581
G1 F3600 X43.841 Y50.502 E0.00187
G0 F7200 X43.91 Y50.502
G0 X43.91 Y49.497
G0 X43.841 Y49.497
G1 F3600 X43.76 Y49.417 E0.00189
G0 F7200 X43.91 Y49.417
G0 X44.278 Y51.337
G0 X44.669 Y52.623
G0 X45.301 Y53.807
G0 X46.153 Y54.847
G0 X47.193 Y55.699
G0 X48.377 Y56.331
G0 X49.663 Y56.722
G0 X51 Y56.854
G0 X52.337 Y56.722
G0 X53.494 Y56.37
G0 X55.26 Y55.41
G0 X55.26 Y55.26
G1 F3600 X56.236 Y56.236 E0.02295
G1 X56.306 Y56.306
G0 F7200 X56.09 Y56.305
G0 X52.376 Y56.773
G0 X52.287 Y56.477
;TYPE:WALL-INNER
G1 F3600 X51 Y56.599 E0.0215
G1 X49.708 Y56.476 E0.02158
G1 X48.469 Y56.097 E0.02155
G1 X47.334 Y55.494 E0.02137
G1 X46.328 Y54.666 E0.02167
G1 X45.505 Y53.661 E0.0216
G1 X44.899 Y52.53 E0.02134
G1 X44.523 Y51.288 E0.02158
G1 X44.4 Y50 E0.02152
G1 X44.523 Y48.708 E0.02158
G1 X44.899 Y47.466 E0.02158
G1 X45.505 Y46.335 E0.02134
G1 X46.326 Y45.332 E0.02156
G1 X47.335 Y44.505 E0.0217
G1 X48.471 Y43.898 E0.02142
G1 X49.708 Y43.524 E0.02149
G1 X51 Y43.396 E0.02159
G1 X52.288 Y43.524 E0.02153
G1 X53.525 Y43.898 E0.02149
G1 X54.665 Y44.508 E0.0215
G1 X55.143 Y44.9 E0.01028
G1 X56.4 Y44.9 E0.0209
G1 X56.4 Y42.313 E0.04302
G1 X56.275 Y42.1 E0.00411
G1 X43.6 Y42.1 E0.21079
G1 X43.601 Y57.899 E0.26274
G1 X56.272 Y57.9 E0.21072
G1 X56.396 Y57.69 E0.00406
G1 X56.399 Y55.1 E0.04307
G1 X55.143 Y55.1 E0.02089
G1 X54.666 Y55.492 E0.01027
G1 X53.527 Y56.097 E0.02145
G1 X52.287 Y56.477 E0.02157
G0 F7200 X52.192 Y56.084
;TYPE:WALL-OUTER
G1 F1800 X50.981 Y56.196 E0.02022
G1 X49.805 Y56.084 E0.01965
G1 X48.641 Y55.732 E0.02022
G1 X47.54 Y55.147 E0.02073
G1 X46.628 Y54.395 E0.01966
G1 X45.831 Y53.423 E0.0209
G1 X45.279 Y52.391 E0.01946
G1 X44.916 Y51.192 E0.02083
G1 X44.8 Y49.98 E0.02025
G1 X44.916 Y48.804 E0.01965
G1 X45.279 Y47.605 E0.02083
G1 X45.831 Y46.573 E0.01946
G1 X46.629 Y45.601 E0.02091
G1 X47.573 Y44.831 E0.02026
G1 X48.605 Y44.279 E0.01946
G1 X49.804 Y43.916 E0.02083
G1 X51.02 Y43.8 E0.02031
G1 X52.192 Y43.916 E0.01959
G1 X53.391 Y44.279 E0.02083
G1 X54.423 Y44.831 E0.01946
G1 X55 Y45.3 E0.01237
G1 X56.8 Y45.3 E0.02993
G1 X56.8 Y42.262 E0.05052
G1 X56.635 Y41.879 E0.00694
G1 X56.36 Y41.7 E0.00546
G1 X43.2 Y41.7 E0.21885
G1 X43.201 Y58.299 E0.27604
G1 X56.354 Y58.3 E0.21874
G1 X56.635 Y58.12 E0.00555
G1 X56.756 Y57.902 E0.00415
G1 X56.796 Y57.739 E0.00279
G1 X56.799 Y54.7 E0.05054
G1 X55 Y54.7 E0.02992
G1 X54.422 Y55.169 E0.01238
G1 X53.355 Y55.732 E0.02006
G1 X52.192 Y56.084 E0.02021
G0 F7200 X51.993 Y56.102
G0 X52.061 Y56.81
G0 X51 Y56.854
G0 X49.663 Y56.722
G0 X48.377 Y56.331
G0 X47.193 Y55.699
G0 X46.153 Y54.847
G0 X45.301 Y53.807
G0 X44.669 Y52.623
G0 X44.317 Y51.466
G0 X44.063 Y48.642
;TYPE:SKIN
G1 F1572.1 X43.956 Y48.156 E0.00948
G1 F2045.5 X43.956 Y47.98 E0.00258
G1 X44.37 Y47.98 E0.00606
G1 X44.3 Y48.208 E0.00349
G1 F1572.1 X44.063 Y48.642 E0.00942
G1 F1431.4 X44 Y49.98 E0.02801
G1 F1425.7 X44.065 Y51.34 E0.02859
G0 F7200 X44.374 Y52.015
G1 F2028.2 X43.957 Y52.015 E0.00615
G1 X43.957 Y51.837 E0.00263
G1 F1558.4 X44.065 Y51.34 E0.00977
G1 X44.305 Y51.787 E0.00975
G1 F2028.2 X44.374 Y52.015 E0.00352
G0 F7200 X44.21 Y52.089
;MESH:NONMESH
G0 F600 X44.21 Y52.089 Z17.9
G0 F7200 X43.91 Y43.76
G0 X43.76 Y43.76
;TIME_ELAPSED:1234.438493
;LAYER:176
;TYPE:FILL
;MESH:hold.stl
G1 F3600 X45.765 Y45.765 E0.04715
G1 X45.835 Y45.835
G0 F7200 X45.645 Y45.678
G0 X43.91 Y44.925
G0 X43.761 Y44.925
G1 F3600 X46.426 Y42.26 E0.06268
G1 X46.496 Y42.19
G0 F7200 X46.495 Y42.41
G0 X47.916 Y42.41
G0 X47.917 Y42.26
G1 F3600 X49.174 Y43.517 E0.02956
G1 X49.244 Y43.587
G0 F7200 X49.176 Y43.363
G0 X51.112 Y43.098
G0 X51.098 Y43.245
G1 F3600 X52.083 Y42.26 E0.02317
G1 X52.153 Y42.19
G0 F7200 X52.152 Y42.41
G0 X53.573 Y42.41
G0 X53.574 Y42.26
G1 F3600 X56.054 Y44.74 E0.05833
G0 F7200 X55.259 Y44.74
G1 F3600 X56.24 Y43.759 E0.02307
G1 X56.31 Y43.689
G0 F7200 X56.09 Y43.689
G0 X51 Y43.146
G0 X49.663 Y43.278
G0 X48.377 Y43.669
G0 X47.193 Y44.301
G0 X46.153 Y45.153
G0 X45.301 Y46.193
G0 X44.669 Y47.377
G0 X44.278 Y48.663
G0 X44.146 Y50
G0 X44.278 Y51.337
G0 X44.669 Y52.623
G0 X45.301 Y53.807
G0 X46.153 Y54.847
G0 X47.193 Y55.699
G0 X48.377 Y56.331
G0 X49.663 Y56.722
G0 X51 Y56.854
G0 X52.337 Y56.722
G0 X56.053 Y55.41
G0 X56.053 Y55.26
G1 F3600 X53.573 Y57.74 E0.05833
G1 X53.503 Y57.81
G0 F7200 X53.503 Y57.59
G0 X52.083 Y57.59
G0 X52.083 Y57.74
G1 F3600 X51.091 Y56.748 E0.02333
G1 X51.021 Y56.678
G0 F7200 X51.043 Y56.91
G0 X49.131 Y56.623
G0 X49.175 Y56.481
G1 F3600 X47.916 Y57.74 E0.02961
G1 X47.846 Y57.81
G0 F7200 X47.846 Y57.59
G0 X46.425 Y57.59
G0 X46.425 Y57.739
G1 F3600 X43.76 Y55.074 E0.06268
G1 X43.69 Y55.004
G0 F7200 X43.91 Y55.004
G0 X43.91 Y56.238
G0 X43.761 Y56.238
G1 F3600 X45.765 Y54.234 E0.04713
G1 X45.835 Y54.164
G0 F7200 X45.643 Y54.32
G0 X44.789 Y52.848
G0 X43.91 Y50.581
G0 X43.761 Y50.581
G1 F3600 X43.841 Y50.502 E0.00187
G0 F7200 X43.91 Y50.502
G0 X43.91 Y49.497
G0 X43.841 Y49.497
G1 F3600 X43.76 Y49.417 E0.00189
G0 F7200 X43.91 Y49.417
G0 X44.278 Y51.337
G0 X44.669 Y52.623
G0 X45.301 Y53.807
G0 X46.153 Y54.847
G0 X47.193 Y55.699
G0 X48.377 Y56.331
G0 X49.663 Y56.722
G0 X51 Y56.854
G0 X52.337 Y56.722
G0 X53.494 Y56.37
G0 X55.26 Y55.41
G0 X55.26 Y55.26
G1 F3600 X56.236 Y56.236 E0.02295
G1 X56.306 Y56.306
G0 F7200 X56.09 Y56.305
G0 X52.376 Y56.773
G0 X52.287 Y56.477
;TYPE:WALL-INNER
G1 F3600 X51 Y56.599 E0.0215
G1 X49.708 Y56.476 E0.02158
G1 X48.469 Y56.097 E0.02155
G1 X47.334 Y55.494 E0.02137
G1 X46.328 Y54.666 E0.02167
G1 X45.505 Y53.661 E0.0216
G1 X44.899 Y52.53 E0.02134
G1 X44.523 Y51.288 E0.02158
G1 X44.4 Y50 E0.02152
G1 X44.523 Y48.708 E0.02158
G1 X44.899 Y47.466 E0.02158
G1 X45.505 Y46.335 E0.02134
G1 X46.326 Y45.332 E0.02156
G1 X47.335 Y44.505 E0.0217
G1 X48.471 Y43.898 E0.02142
G1 X49.708 Y43.524 E0.02149
G1 X51 Y43.396 E0.02159
G1 X52.288 Y43.524 E0.02153
G1 X53.525 Y43.898 E0.02149
G1 X54.665 Y44.508 E0.0215
G1 X55.143 Y44.9 E0.01028
G1 X56.4 Y44.9 E0.0209
G1 X56.4 Y42.313 E0.04302
G1 X56.275 Y42.1 E0.00411
G1 X43.6 Y42.1 E0.21079
G1 X43.601 Y57.899 E0.26274
G1 X56.272 Y57.9 E0.21072
G1 X56.396 Y57.69 E0.00406
G1 X56.399 Y55.1 E0.04307
G1 X55.143 Y55.1 E0.02089
G1 X54.666 Y55.492 E0.01027
G1 X53.527 Y56.097 E0.02145
G1 X52.287 Y56.477 E0.02157
G0 F7200 X52.192 Y56.084
;TYPE:WALL-OUTER
G1 F1800 X50.981 Y56.196 E0.02022
G1 X49.805 Y56.084 E0.01965
G1 X48.641 Y55.732 E0.02022
G1 X47.54 Y55.147 E0.02073
G1 X46.628 Y54.395 E0.01966
G1 X45.831 Y53.423 E0.0209
G1 X45.279 Y52.391 E0.01946
G1 X44.916 Y51.192 E0.02083
G1 X44.8 Y49.98 E0.02025
G1 X44.916 Y48.804 E0.01965
G1 X45.279 Y47.605 E0.02083
G1 X45.831 Y46.573 E0.01946
G1 X46.629 Y45.601 E0.02091
G1 X47.573 Y44.831 E0.02026
G1 X48.605 Y44.279 E0.01946
G1 X49.804 Y43.916 E0.02083
G1 X51.02 Y43.8 E0.02031
G1 X52.192 Y43.916 E0.01959
G1 X53.391 Y44.279 E0.02083
G1 X54.423 Y44.831 E0.01946
G1 X55 Y45.3 E0.01237
G1 X56.8 Y45.3 E0.02993
G1 X56.8 Y42.262 E0.05052
G1 X56.635 Y41.879 E0.00694
G1 X56.36 Y41.7 E0.00546
G1 X43.2 Y41.7 E0.21885
G1 X43.201 Y58.299 E0.27604
G1 X56.354 Y58.3 E0.21874
G1 X56.635 Y58.12 E0.00555
G1 X56.756 Y57.902 E0.00415
G1 X56.796 Y57.739 E0.00279
G1 X56.799 Y54.7 E0.05054
G1 X55 Y54.7 E0.02992
G1 X54.422 Y55.169 E0.01238
G1 X53.355 Y55.732 E0.02006
G1 X52.192 Y56.084 E0.02021
G0 F7200 X51.993 Y56.102
G0 X52.061 Y56.81
G0 X51 Y56.854
G0 X49.663 Y56.722
G0 X48.377 Y56.331
G0 X47.193 Y55.699
G0 X46.153 Y54.847
G0 X45.301 Y53.807
G0 X44.065 Y51.34
;TYPE:SKIN
G1 F1572.1 X44.295 Y51.739 E0.00877
G1 F2069 X44.362 Y51.962 E0.00337
G1 X43.954 Y51.962 E0.0059
G1 X43.954 Y51.788 E0.00252
G1 F1572.1 X44.065 Y51.34 E0.00879
G0 F7200 X44.063 Y48.642
G1 F1585.9 X43.952 Y48.204 E0.00853
G1 F2093 X43.952 Y48.032 E0.00246
G1 X44.356 Y48.032 E0.00578
G1 X44.288 Y48.254 E0.00332
G1 F1585.9 X44.063 Y48.642 E0.00847
G1 F1431.4 X44 Y49.98 E0.02801
G1 F1425.7 X44.065 Y51.34 E0.02859
G0 F7200 X44.21 Y51.354
;MESH:NONMESH
G0 F600 X44.21 Y51.354 Z18
G0 F7200 X43.91 Y43.76
G0 X43.76 Y43.76
;TIME_ELAPSED:1240.904696
;LAYER:177
;TYPE:FILL
;MESH:hold.stl
G1 F3600 X45.765 Y45.765 E0.04715
G1 X45.835 Y45.835
G0 F7200 X45.645 Y45.678
G0 X43.91 Y44.925
G0 X43.761 Y44.925
G1 F3600 X46.426 Y42.26 E0.06268
G1 X46.496 Y42.19
G0 F7200 X46.495 Y42.41
G0 X47.916 Y42.41
G0 X47.917 Y42.26
G1 F3600 X49.174 Y43.517 E0.02956
G1 X49.244 Y43.587
G0 F7200 X49.176 Y43.363
G0 X51.112 Y43.098
G0 X51.098 Y43.245
G1 F3600 X52.083 Y42.26 E0.02317
G1 X52.153 Y42.19
G0 F7200 X52.152 Y42.41
G0 X53.573 Y42.41
G0 X53.574 Y42.26
G1 F3600 X56.054 Y44.74 E0.05833
G0 F7200 X55.259 Y44.74
G1 F3600 X56.24 Y43.759 E0.02307
G1 X56.31 Y43.689
G0 F7200 X56.09 Y43.689
G0 X51 Y43.146
G0 X49.663 Y43.278
G0 X48.377 Y43.669
G0 X47.193 Y44.301
G0 X46.153 Y45.153
G0 X45.301 Y46.193
G0 X44.669 Y47.377
G0 X44.278 Y48.663
G0 X44.146 Y50
G0 X44.278 Y51.337
G0 X44.669 Y52.623
G0 X45.301 Y53.807
G0 X46.153 Y54.847
G0 X47.193 Y55.699
G0 X48.377 Y56.331
G0 X49.663 Y56.722
G0 X51 Y56.854
G0 X52.337 Y56.722
G0 X56.053 Y55.41
G0 X56.053 Y55.26
G1 F3600 X53.573 Y57.74 E0.05833
G1 X53.503 Y57.81
G0 F7200 X53.503 Y57.59
G0 X52.083 Y57.59
G0 X52.083 Y57.74
G1 F3600 X51.091 Y56.748 E0.02333
G1 X51.021 Y56.678
G0 F7200 X51.043 Y56.91
G0 X49.131 Y56.623
G0 X49.175 Y56.481
G1 F3600 X47.916 Y57.74 E0.02961
G1 X47.846 Y57.81
G0 F7200 X47.846 Y57.59
G0 X46.425 Y57.59
G0 X46.425 Y57.739
G1 F3600 X43.76 Y55.074 E0.06268
G1 X43.69 Y55.004
G0 F7200 X43.91 Y55.004
G0 X43.91 Y56.238
G0 X43.761 Y56.238
G1 F3600 X45.765 Y54.234 E0.04713
G1 X45.835 Y54.164
G0 F7200 X45.643 Y54.32
G0 X44.789 Y52.848
G0 X43.91 Y50.581
G0 X43.761 Y50.581
G1 F3600 X43.841 Y50.502 E0.00187
G0 F7200 X43.91 Y50.502
G0 X43.91 Y49.497
G0 X43.841 Y49.497
G1 F3600 X43.76 Y49.417 E0.00189
G0 F7200 X43.91 Y49.417
G0 X44.278 Y51.337
G0 X44.669 Y52.623
G0 X45.301 Y53.807
G0 X46.153 Y54.847
G0 X47.193 Y55.699
G0 X48.377 Y56.331
G0 X49.663 Y56.722
G0 X51 Y56.854
G0 X52.337 Y56.722
G0 X53.494 Y56.37
G0 X55.26 Y55.41
G0 X55.26 Y55.26
G1 F3600 X56.236 Y56.236 E0.02295
G1 X56.306 Y56.306
G0 F7200 X56.09 Y56.305
G0 X52.376 Y56.773
G0 X52.287 Y56.477
;TYPE:WALL-INNER
G1 F3600 X51 Y56.599 E0.0215
G1 X49.708 Y56.476 E0.02158
G1 X48.469 Y56.097 E0.02155
G1 X47.334 Y55.494 E0.02137
G1 X46.328 Y54.666 E0.02167
G1 X45.505 Y53.661 E0.0216
G1 X44.899 Y52.53 E0.02134
G1 X44.523 Y51.288 E0.02158
G1 X44.4 Y50 E0.02152
G1 X44.523 Y48.708 E0.02158
G1 X44.899 Y47.466 E0.02158
G1 X45.505 Y46.335 E0.02134
G1 X46.326 Y45.332 E0.02156
G1 X47.335 Y44.505 E0.0217
G1 X48.471 Y43.898 E0.02142
G1 X49.708 Y43.524 E0.02149
G1 X51 Y43.396 E0.02159
G1 X52.288 Y43.524 E0.02153
G1 X53.525 Y43.898 E0.02149
G1 X54.665 Y44.508 E0.0215
G1 X55.143 Y44.9 E0.01028
G1 X56.4 Y44.9 E0.0209
G1 X56.4 Y42.313 E0.04302
G1 X56.275 Y42.1 E0.00411
G1 X43.6 Y42.1 E0.21079
G1 X43.601 Y57.899 E0.26274
G1 X56.272 Y57.9 E0.21072
G1 X56.396 Y57.69 E0.00406
G1 X56.399 Y55.1 E0.04307
G1 X55.143 Y55.1 E0.02089
G1 X54.666 Y55.492 E0.01027
G1 X53.527 Y56.097 E0.02145
G1 X52.287 Y56.477 E0.02157
G0 F7200 X52.192 Y56.084
;TYPE:WALL-OUTER
G1 F1800 X50.981 Y56.196 E0.02022
G1 X49.805 Y56.084 E0.01965
G1 X48.641 Y55.732 E0.02022
G1 X47.54 Y55.147 E0.02073
G1 X46.628 Y54.395 E0.01966
G1 X45.831 Y53.423 E0.0209
G1 X45.279 Y52.391 E0.01946
G1 X44.916 Y51.192 E0.02083
G1 X44.8 Y49.98 E0.02025
G1 X44.916 Y48.804 E0.01965
G1 X45.279 Y47.605 E0.02083
G1 X45.831 Y46.573 E0.01946
G1 X46.629 Y45.601 E0.02091
G1 X47.573 Y44.831 E0.02026
G1 X48.605 Y44.279 E0.01946
G1 X49.804 Y43.916 E0.02083
G1 X51.02 Y43.8 E0.02031
G1 X52.192 Y43.916 E0.01959
G1 X53.391 Y44.279 E0.02083
G1 X54.423 Y44.831 E0.01946
G1 X55 Y45.3 E0.01237
G1 X56.8 Y45.3 E0.02993
G1 X56.8 Y42.262 E0.05052
G1 X56.635 Y41.879 E0.00694
G1 X56.36 Y41.7 E0.00546
G1 X43.2 Y41.7 E0.21885
G1 X43.201 Y58.299 E0.27604
G1 X56.354 Y58.3 E0.21874
G1 X56.635 Y58.12 E0.00555
G1 X56.756 Y57.902 E0.00415
G1 X56.796 Y57.739 E0.00279
G1 X56.799 Y54.7 E0.05054
G1 X55 Y54.7 E0.02992
G1 X54.422 Y55.169 E0.01238
G1 X53.355 Y55.732 E0.02006
G1 X52.192 Y56.084 E0.02021
G0 F7200 X51.993 Y56.102
G0 X52.061 Y56.81
G0 X51 Y56.854
G0 X49.663 Y56.722
G0 X48.377 Y56.331
G0 X47.193 Y55.699
G0 X46.153 Y54.847
G0 X45.301 Y53.807
G0 X44.669 Y52.623
G0 X44.278 Y51.337
G0 X44.117 Y48.257
;TYPE:SKIN
G1 F1152 X44.068 Y48.584 E0.00859
G1 F1414.5 X44 Y49.98 E0.02958
G1 F1420.1 X44.066 Y51.361 E0.02914
G1 F1150.2 X44.12 Y51.738 E0.00991
G0 F7200 X44.21 Y51.764
;MESH:NONMESH
G0 F600 X44.21 Y51.764 Z18.1
G0 F7200 X43.91 Y43.76
G0 X43.76 Y43.76
;TIME_ELAPSED:1247.263465
;LAYER:178
;TYPE:FILL
;MESH:hold.stl
G1 F3600 X45.765 Y45.765 E0.04715
G1 X45.835 Y45.835
G0 F7200 X45.645 Y45.678
G0 X43.91 Y44.925
G0 X43.761 Y44.925
G1 F3600 X46.426 Y42.26 E0.06268
G1 X46.496 Y42.19
G0 F7200 X46.495 Y42.41
G0 X47.916 Y42.41
G0 X47.917 Y42.26
G1 F3600 X49.174 Y43.517 E0.02956
G1 X49.244 Y43.587
G0 F7200 X49.176 Y43.363
G0 X51.112 Y43.098
G0 X51.098 Y43.245
G1 F3600 X52.083 Y42.26 E0.02317
G1 X52.153 Y42.19
G0 F7200 X52.152 Y42.41
G0 X53.573 Y42.41
G0 X53.574 Y42.26
G1 F3600 X56.054 Y44.74 E0.05833
G0 F7200 X55.259 Y44.74
G1 F3600 X56.24 Y43.759 E0.02307
G1 X56.31 Y43.689
G0 F7200 X56.09 Y43.689
G0 X51 Y43.146
G0 X49.663 Y43.278
G0 X48.377 Y43.669
G0 X47.193 Y44.301
G0 X46.153 Y45.153
G0 X45.301 Y46.193
G0 X44.669 Y47.377
G0 X44.278 Y48.663
G0 X44.146 Y50
G0 X44.278 Y51.337
G0 X44.669 Y52.623
G0 X45.301 Y53.807
G0 X46.153 Y54.847
G0 X47.193 Y55.699
G0 X48.377 Y56.331
G0 X49.663 Y56.722
G0 X51 Y56.854
G0 X52.337 Y56.722
G0 X56.053 Y55.41
G0 X56.053 Y55.26
G1 F3600 X53.573 Y57.74 E0.05833
G1 X53.503 Y57.81
G0 F7200 X53.503 Y57.59
G0 X52.083 Y57.59
G0 X52.083 Y57.74
G1 F3600 X51.091 Y56.748 E0.02333
G1 X51.021 Y56.678
G0 F7200 X51.043 Y56.91
G0 X49.131 Y56.623
G0 X49.175 Y56.481
G1 F3600 X47.916 Y57.74 E0.02961
G1 X47.846 Y57.81
G0 F7200 X47.846 Y57.59
G0 X46.425 Y57.59
G0 X46.425 Y57.739
G1 F3600 X43.76 Y55.074 E0.06268
G1 X43.69 Y55.004
G0 F7200 X43.91 Y55.004
G0 X43.91 Y56.238
G0 X43.761 Y56.238
G1 F3600 X45.765 Y54.234 E0.04713
G1 X45.835 Y54.164
G0 F7200 X45.643 Y54.32
G0 X44.789 Y52.848
G0 X43.91 Y50.581
G0 X43.761 Y50.581
G1 F3600 X44.249 Y50.094 E0.01147
G1 X44.249 Y49.906
G1 X43.76 Y49.417 E0.0115
G0 F7200 X43.91 Y49.417
G0 X44.278 Y51.337
G0 X44.669 Y52.623
G0 X45.301 Y53.807
G0 X46.153 Y54.847
G0 X47.193 Y55.699
G0 X48.377 Y56.331
G0 X49.663 Y56.722
G0 X51 Y56.854
G0 X52.337 Y56.722
G0 X53.494 Y56.37
G0 X55.26 Y55.41
G0 X55.26 Y55.26
G1 F3600 X56.236 Y56.236 E0.02295
G1 X56.306 Y56.306
G0 F7200 X56.09 Y56.305
G0 X52.376 Y56.773
G0 X52.287 Y56.477
;TYPE:WALL-INNER
G1 F3600 X51 Y56.599 E0.0215
G1 X49.708 Y56.476 E0.02158
G1 X48.469 Y56.097 E0.02155
G1 X47.334 Y55.494 E0.02137
G1 X46.328 Y54.666 E0.02167
G1 X45.505 Y53.661 E0.0216
G1 X44.899 Y52.53 E0.02134
G1 X44.523 Y51.288 E0.02158
G1 X44.4 Y50 E0.02152
G1 X44.523 Y48.708 E0.02158
G1 X44.899 Y47.466 E0.02158
G1 X45.505 Y46.335 E0.02134
G1 X46.326 Y45.332 E0.02156
G1 X47.335 Y44.505 E0.0217
G1 X48.471 Y43.898 E0.02142
G1 X49.708 Y43.524 E0.02149
G1 X51 Y43.396 E0.02159
G1 X52.288 Y43.524 E0.02153
G1 X53.525 Y43.898 E0.02149
G1 X54.665 Y44.508 E0.0215
G1 X55.143 Y44.9 E0.01028
G1 X56.4 Y44.9 E0.0209
G1 X56.4 Y42.313 E0.04302
G1 X56.275 Y42.1 E0.00411
G1 X43.6 Y42.1 E0.21079
G1 X43.601 Y57.899 E0.26274
G1 X56.272 Y57.9 E0.21072
G1 X56.396 Y57.69 E0.00406
G1 X56.399 Y55.1 E0.04307
G1 X55.143 Y55.1 E0.02089
G1 X54.666 Y55.492 E0.01027
G1 X53.527 Y56.097 E0.02145
G1 X52.287 Y56.477 E0.02157
G0 F7200 X52.192 Y56.084
;TYPE:WALL-OUTER
G1 F1800 X50.981 Y56.196 E0.02022
G1 X49.805 Y56.084 E0.01965
G1 X48.641 Y55.732 E0.02022
G1 X47.54 Y55.147 E0.02073
G1 X46.628 Y54.395 E0.01966
G1 X45.831 Y53.423 E0.0209
G1 X45.279 Y52.391 E0.01946
G1 X44.916 Y51.192 E0.02083
G1 X44.8 Y49.98 E0.02025
G1 X44.916 Y48.804 E0.01965
G1 X45.279 Y47.605 E0.02083
G1 X45.831 Y46.573 E0.01946
G1 X46.629 Y45.601 E0.02091
G1 X47.573 Y44.831 E0.02026
G1 X48.605 Y44.279 E0.01946
G1 X49.804 Y43.916 E0.02083
G1 X51.02 Y43.8 E0.02031
G1 X52.192 Y43.916 E0.01959
G1 X53.391 Y44.279 E0.02083
G1 X54.423 Y44.831 E0.01946
G1 X55 Y45.3 E0.01237
G1 X56.8 Y45.3 E0.02993
G1 X56.8 Y42.262 E0.05052
G1 X56.635 Y41.879 E0.00694
G1 X56.36 Y41.7 E0.00546
G1 X43.2 Y41.7 E0.21885
G1 X43.201 Y58.299 E0.27604
G1 X56.354 Y58.3 E0.21874
G1 X56.635 Y58.12 E0.00555
G1 X56.756 Y57.902 E0.00415
G1 X56.796 Y57.739 E0.00279
G1 X56.799 Y54.7 E0.05054
G1 X55 Y54.7 E0.02992
G1 X54.422 Y55.169 E0.01238
G1 X53.355 Y55.732 E0.02006
G1 X52.192 Y56.084 E0.02021
G0 F7200 X51.993 Y56.102
G0 X52.091 Y57.109
;MESH:NONMESH
G0 F600 X52.091 Y57.109 Z18.2
G0 F7200 X49.663 Y56.722
G0 X48.377 Y56.331
G0 X47.193 Y55.699
G0 X46.153 Y54.847
G0 X45.301 Y53.807
G0 X44.669 Y52.623
G0 X44.278 Y51.337
G0 X43.91 Y43.76
G0 X43.76 Y43.76
;TIME_ELAPSED:1253.410541
;LAYER:179
;TYPE:FILL
;MESH:hold.stl
G1 F3600 X45.765 Y45.765 E0.04715
G1 X45.835 Y45.835
G0 F7200 X45.645 Y45.678
G0 X43.91 Y44.925
G0 X43.761 Y44.925
G1 F3600 X46.426 Y42.26 E0.06268
G1 X46.496 Y42.19
G0 F7200 X46.495 Y42.41
G0 X47.916 Y42.41
G0 X47.917 Y42.26
G1 F3600 X49.174 Y43.517 E0.02956
G1 X49.244 Y43.587
G0 F7200 X49.176 Y43.363
G0 X51.112 Y43.098
G0 X51.098 Y43.245
G1 F3600 X52.083 Y42.26 E0.02317
G1 X52.153 Y42.19
G0 F7200 X52.152 Y42.41
G0 X53.573 Y42.41
G0 X53.574 Y42.26
G1 F3600 X56.054 Y44.74 E0.05833
G0 F7200 X55.259 Y44.74
G1 F3600 X56.24 Y43.759 E0.02307
G1 X56.31 Y43.689
G0 F7200 X56.09 Y43.689
G0 X51 Y43.146
G0 X49.663 Y43.278
G0 X48.377 Y43.669
G0 X47.193 Y44.301
G0 X46.153 Y45.153
G0 X45.301 Y46.193
G0 X44.669 Y47.377
G0 X44.278 Y48.663
G0 X44.146 Y50
G0 X44.278 Y51.337
G0 X44.669 Y52.623
G0 X45.301 Y53.807
G0 X46.153 Y54.847
G0 X47.193 Y55.699
G0 X48.377 Y56.331
G0 X49.663 Y56.722
G0 X51 Y56.854
G0 X52.337 Y56.722
G0 X56.053 Y55.41
G0 X56.053 Y55.26
G1 F3600 X53.573 Y57.74 E0.05833
G1 X53.503 Y57.81
G0 F7200 X53.503 Y57.59
G0 X52.083 Y57.59
G0 X52.083 Y57.74
G1 F3600 X51.091 Y56.748 E0.02333
G1 X51.021 Y56.678
G0 F7200 X51.043 Y56.91
G0 X49.131 Y56.623
G0 X49.175 Y56.481
G1 F3600 X47.916 Y57.74 E0.02961
G1 X47.846 Y57.81
G0 F7200 X47.846 Y57.59
G0 X46.425 Y57.59
G0 X46.425 Y57.739
G1 F3600 X43.76 Y55.074 E0.06268
G1 X43.69 Y55.004
G0 F7200 X43.91 Y55.004
G0 X43.91 Y56.238
G0 X43.761 Y56.238
G1 F3600 X45.765 Y54.234 E0.04713
G1 X45.835 Y54.164
G0 F7200 X45.643 Y54.32
G0 X44.789 Y52.848
G0 X43.91 Y50.581
G0 X43.761 Y50.581
G1 F3600 X44.249 Y50.094 E0.01147
G1 X44.249 Y49.906
G1 X43.76 Y49.417 E0.0115
G0 F7200 X43.91 Y49.417
G0 X44.278 Y51.337
G0 X44.669 Y52.623
G0 X45.301 Y53.807
G0 X46.153 Y54.847
G0 X47.193 Y55.699
G0 X48.377 Y56.331
G0 X49.663 Y56.722
G0 X51 Y56.854
G0 X52.337 Y56.722
G0 X53.494 Y56.37
G0 X55.26 Y55.41
G0 X55.26 Y55.26
G1 F3600 X56.24 Y56.24 E0.02305
G1 X56.31 Y56.31
G0 F7200 X56.09 Y56.31
G0 X52.376 Y56.773
G0 X52.287 Y56.477
;TYPE:WALL-INNER
G1 F3600 X51 Y56.599 E0.0215
G1 X49.708 Y56.476 E0.02158
G1 X48.469 Y56.097 E0.02155
G1 X47.334 Y55.494 E0.02137
G1 X46.328 Y54.666 E0.02167
G1 X45.505 Y53.661 E0.0216
G1 X44.899 Y52.53 E0.02134
G1 X44.523 Y51.288 E0.02158
G1 X44.4 Y50 E0.02152
G1 X44.523 Y48.708 E0.02158
G1 X44.899 Y47.466 E0.02158
G1 X45.505 Y46.335 E0.02134
G1 X46.326 Y45.332 E0.02156
G1 X47.335 Y44.505 E0.0217
G1 X48.471 Y43.898 E0.02142
G1 X49.708 Y43.524 E0.02149
G1 X51 Y43.396 E0.02159
G1 X52.288 Y43.524 E0.02153
G1 X53.525 Y43.898 E0.02149
G1 X54.665 Y44.508 E0.0215
G1 X55.143 Y44.9 E0.01028
G1 X56.4 Y44.9 E0.0209
G1 X56.4 Y42.313 E0.04302
G1 X56.275 Y42.1 E0.00411
G1 X43.6 Y42.1 E0.21079
G1 X43.601 Y57.899 E0.26274
G1 X56.272 Y57.9 E0.21072
G1 X56.4 Y57.683 E0.00419
G1 X56.4 Y55.1 E0.04296
G1 X55.143 Y55.1 E0.0209
G1 X54.663 Y55.494 E0.01033
G1 X53.527 Y56.097 E0.02139
G1 X52.287 Y56.477 E0.02157
G0 F7200 X52.192 Y56.084
;TYPE:WALL-OUTER
G1 F1800 X50.981 Y56.196 E0.02022
G1 X49.805 Y56.084 E0.01965
G1 X48.641 Y55.732 E0.02022
G1 X47.54 Y55.147 E0.02073
G1 X46.628 Y54.395 E0.01966
G1 X45.831 Y53.423 E0.0209
G1 X45.279 Y52.391 E0.01946
G1 X44.916 Y51.192 E0.02083
G1 X44.8 Y49.98 E0.02025
G1 X44.916 Y48.804 E0.01965
G1 X45.279 Y47.605 E0.02083
G1 X45.831 Y46.573 E0.01946
G1 X46.629 Y45.601 E0.02091
G1 X47.573 Y44.831 E0.02026
G1 X48.605 Y44.279 E0.01946
G1 X49.804 Y43.916 E0.02083
G1 X51.02 Y43.8 E0.02031
G1 X52.192 Y43.916 E0.01959
G1 X53.391 Y44.279 E0.02083
G1 X54.423 Y44.831 E0.01946
G1 X55 Y45.3 E0.01237
G1 X56.8 Y45.3 E0.02993
G1 X56.8 Y42.262 E0.05052
G1 X56.635 Y41.879 E0.00694
G1 X56.36 Y41.7 E0.00546
G1 X43.2 Y41.7 E0.21885
G1 X43.201 Y58.299 E0.27604
G1 X56.354 Y58.3 E0.21874
G1 X56.635 Y58.12 E0.00555
G1 X56.8 Y57.734 E0.00698
G1 X56.8 Y54.7 E0.05046
G1 X55 Y54.7 E0.02993
G1 X54.422 Y55.169 E0.01238
G1 X53.355 Y55.732 E0.02006
G1 X52.192 Y56.084 E0.02021
G0 F7200 X51.993 Y56.102
G0 X52.091 Y57.109
;MESH:NONMESH
G0 F600 X52.091 Y57.109 Z18.3
G0 F7200 X49.663 Y56.722
G0 X48.377 Y56.331
G0 X47.193 Y55.699
G0 X46.153 Y54.847
G0 X45.301 Y53.807
G0 X44.669 Y52.623
G0 X44.278 Y51.337
G0 X43.91 Y43.76
G0 X43.76 Y43.76
;TIME_ELAPSED:1259.557766
;LAYER:180
;TYPE:FILL
;MESH:hold.stl
G1 F3600 X45.765 Y45.765 E0.04715
G1 X45.835 Y45.835
G0 F7200 X45.645 Y45.678
G0 X43.91 Y44.925
G0 X43.761 Y44.925
G1 F3600 X46.426 Y42.26 E0.06268
G1 X46.496 Y42.19
G0 F7200 X46.495 Y42.41
G0 X47.916 Y42.41
G0 X47.917 Y42.26
G1 F3600 X49.174 Y43.517 E0.02956
G1 X49.244 Y43.587
G0 F7200 X49.176 Y43.363
G0 X51.112 Y43.098
G0 X51.098 Y43.245
G1 F3600 X52.083 Y42.26 E0.02317
G1 X52.153 Y42.19
G0 F7200 X52.152 Y42.41
G0 X53.573 Y42.41
G0 X53.574 Y42.26
G1 F3600 X56.054 Y44.74 E0.05833
G0 F7200 X55.259 Y44.74
G1 F3600 X56.24 Y43.759 E0.02307
G1 X56.31 Y43.689
G0 F7200 X56.09 Y43.689
G0 X51 Y43.146
G0 X49.663 Y43.278
G0 X48.377 Y43.669
G0 X47.193 Y44.301
G0 X46.153 Y45.153
G0 X45.301 Y46.193
G0 X44.669 Y47.377
G0 X44.278 Y48.663
G0 X44.146 Y50
G0 X44.278 Y51.337
G0 X44.669 Y52.623
G0 X45.301 Y53.807
G0 X46.153 Y54.847
G0 X47.193 Y55.699
G0 X48.377 Y56.331
G0 X49.663 Y56.722
G0 X51 Y56.854
G0 X52.337 Y56.722
G0 X56.053 Y55.41
G0 X56.053 Y55.26
G1 F3600 X53.573 Y57.74 E0.05833
G1 X53.503 Y57.81
G0 F7200 X53.503 Y57.59
G0 X52.083 Y57.59
G0 X52.083 Y57.74
G1 F3600 X51.091 Y56.748 E0.02333
G1 X51.021 Y56.678
G0 F7200 X51.043 Y56.91
G0 X49.131 Y56.623
G0 X49.175 Y56.481
G1 F3600 X47.916 Y57.74 E0.02961
G1 X47.846 Y57.81
G0 F7200 X47.846 Y57.59
G0 X46.425 Y57.59
G0 X46.425 Y57.739
G1 F3600 X43.76 Y55.074 E0.06268
G1 X43.69 Y55.004
G0 F7200 X43.91 Y55.004
G0 X43.91 Y56.238
G0 X43.761 Y56.238
G1 F3600 X45.765 Y54.234 E0.04713
G1 X45.835 Y54.164
G0 F7200 X45.643 Y54.32
G0 X44.789 Y52.848
G0 X43.91 Y50.581
G0 X43.761 Y50.581
G1 F3600 X44.249 Y50.094 E0.01147
G1 X44.249 Y49.906
G1 X43.76 Y49.417 E0.0115
G0 F7200 X43.91 Y49.417
G0 X44.278 Y51.337
G0 X44.669 Y52.623
G0 X45.301 Y53.807
G0 X46.153 Y54.847
G0 X47.193 Y55.699
G0 X48.377 Y56.331
G0 X49.663 Y56.722
G0 X51 Y56.854
G0 X52.337 Y56.722
G0 X53.494 Y56.37
G0 X55.26 Y55.41
G0 X55.26 Y55.26
G1 F3600 X56.24 Y56.24 E0.02305
G1 X56.31 Y56.31
G0 F7200 X56.09 Y56.31
G0 X52.376 Y56.773
G0 X52.287 Y56.477
;TYPE:WALL-INNER
G1 F3600 X51 Y56.599 E0.0215
G1 X49.708 Y56.476 E0.02158
G1 X48.469 Y56.097 E0.02155
G1 X47.334 Y55.494 E0.02137
G1 X46.328 Y54.666 E0.02167
G1 X45.505 Y53.661 E0.0216
G1 X44.899 Y52.53 E0.02134
G1 X44.523 Y51.288 E0.02158
G1 X44.4 Y50 E0.02152
G1 X44.523 Y48.708 E0.02158
G1 X44.899 Y47.466 E0.02158
G1 X45.505 Y46.335 E0.02134
G1 X46.326 Y45.332 E0.02156
G1 X47.335 Y44.505 E0.0217
G1 X48.471 Y43.898 E0.02142
G1 X49.708 Y43.524 E0.02149
G1 X51 Y43.396 E0.02159
G1 X52.288 Y43.524 E0.02153
G1 X53.525 Y43.898 E0.02149
G1 X54.665 Y44.508 E0.0215
G1 X55.143 Y44.9 E0.01028
G1 X56.4 Y44.9 E0.0209
G1 X56.4 Y42.313 E0.04302
G1 X56.275 Y42.1 E0.00411
G1 X43.6 Y42.1 E0.21079
G1 X43.601 Y57.899 E0.26274
G1 X56.272 Y57.9 E0.21072
G1 X56.4 Y57.683 E0.00419
G1 X56.4 Y55.1 E0.04296
G1 X55.143 Y55.1 E0.0209
G1 X54.663 Y55.494 E0.01033
G1 X53.527 Y56.097 E0.02139
G1 X52.287 Y56.477 E0.02157
G0 F7200 X52.192 Y56.084
;TYPE:WALL-OUTER
G1 F1800 X50.981 Y56.196 E0.02022
G1 X49.805 Y56.084 E0.01965
G1 X48.641 Y55.732 E0.02022
G1 X47.54 Y55.147 E0.02073
G1 X46.628 Y54.395 E0.01966
G1 X45.831 Y53.423 E0.0209
G1 X45.279 Y52.391 E0.01946
G1 X44.916 Y51.192 E0.02083
G1 X44.8 Y49.98 E0.02025
G1 X44.916 Y48.804 E0.01965
G1 X45.279 Y47.605 E0.02083
G1 X45.831 Y46.573 E0.01946
G1 X46.629 Y45.601 E0.02091
G1 X47.573 Y44.831 E0.02026
G1 X48.605 Y44.279 E0.01946
G1 X49.804 Y43.916 E0.02083
G1 X51.02 Y43.8 E0.02031
G1 X52.192 Y43.916 E0.01959
G1 X53.391 Y44.279 E0.02083
G1 X54.423 Y44.831 E0.01946
G1 X55 Y45.3 E0.01237
G1 X56.8 Y45.3 E0.02993
G1 X56.8 Y42.262 E0.05052
G1 X56.635 Y41.879 E0.00694
G1 X56.36 Y41.7 E0.00546
G1 X43.2 Y41.7 E0.21885
G1 X43.201 Y58.299 E0.27604
G1 X56.354 Y58.3 E0.21874
G1 X56.635 Y58.12 E0.00555
G1 X56.8 Y57.734 E0.00698
G1 X56.8 Y54.7 E0.05046
G1 X55 Y54.7 E0.02993
G1 X54.422 Y55.169 E0.01238
G1 X53.355 Y55.732 E0.02006
G1 X52.192 Y56.084 E0.02021
G0 F7200 X51.993 Y56.102
G0 X52.091 Y57.109
;MESH:NONMESH
G0 F600 X52.091 Y57.109 Z18.4
G0 F7200 X49.663 Y56.722
G0 X48.377 Y56.331
G0 X47.193 Y55.699
G0 X46.153 Y54.847
G0 X45.301 Y53.807
G0 X44.669 Y52.623
G0 X44.278 Y51.337
G0 X43.91 Y43.76
G0 X43.76 Y43.76
;TIME_ELAPSED:1265.704991
;LAYER:181
;TYPE:FILL
;MESH:hold.stl
G1 F3600 X45.765 Y45.765 E0.04715
G1 X45.835 Y45.835
G0 F7200 X45.645 Y45.678
G0 X43.91 Y44.925
G0 X43.761 Y44.925
G1 F3600 X46.426 Y42.26 E0.06268
G1 X46.496 Y42.19
G0 F7200 X46.495 Y42.41
G0 X47.916 Y42.41
G0 X47.917 Y42.26
G1 F3600 X49.174 Y43.517 E0.02956
G1 X49.244 Y43.587
G0 F7200 X49.176 Y43.363
G0 X51.112 Y43.098
G0 X51.098 Y43.245
G1 F3600 X52.083 Y42.26 E0.02317
G1 X52.153 Y42.19
G0 F7200 X52.152 Y42.41
G0 X53.573 Y42.41
G0 X53.574 Y42.26
G1 F3600 X56.054 Y44.74 E0.05833
G0 F7200 X55.259 Y44.74
G1 F3600 X56.24 Y43.759 E0.02307
G1 X56.31 Y43.689
G0 F7200 X56.09 Y43.689
G0 X51 Y43.146
G0 X49.663 Y43.278
G0 X48.377 Y43.669
G0 X47.193 Y44.301
G0 X46.153 Y45.153
G0 X45.301 Y46.193
G0 X44.669 Y47.377
G0 X44.278 Y48.663
G0 X44.146 Y50
G0 X44.278 Y51.337
G0 X44.669 Y52.623
G0 X45.301 Y53.807
G0 X46.153 Y54.847
G0 X47.193 Y55.699
G0 X48.377 Y56.331
G0 X49.663 Y56.722
G0 X51 Y56.854
G0 X52.337 Y56.722
G0 X56.053 Y55.41
G0 X56.053 Y55.26
G1 F3600 X53.573 Y57.74 E0.05833
G1 X53.503 Y57.81
G0 F7200 X53.503 Y57.59
G0 X52.083 Y57.59
G0 X52.083 Y57.74
G1 F3600 X51.091 Y56.748 E0.02333
G1 X51.021 Y56.678
G0 F7200 X51.043 Y56.91
G0 X49.131 Y56.623
G0 X49.175 Y56.481
G1 F3600 X47.916 Y57.74 E0.02961
G1 X47.846 Y57.81
G0 F7200 X47.846 Y57.59
G0 X46.425 Y57.59
G0 X46.425 Y57.739
G1 F3600 X43.76 Y55.074 E0.06268
G1 X43.69 Y55.004
G0 F7200 X43.91 Y55.004
G0 X43.91 Y56.238
G0 X43.761 Y56.238
G1 F3600 X45.765 Y54.234 E0.04713
G1 X45.835 Y54.164
G0 F7200 X45.643 Y54.32
G0 X44.789 Y52.848
G0 X43.91 Y50.581
G0 X43.761 Y50.581
G1 F3600 X44.249 Y50.094 E0.01147
G1 X44.249 Y49.906
G1 X43.76 Y49.417 E0.0115
G0 F7200 X43.91 Y49.417
G0 X44.278 Y51.337
G0 X44.669 Y52.623
G0 X45.301 Y53.807
G0 X46.153 Y54.847
G0 X47.193 Y55.699
G0 X48.377 Y56.331
G0 X49.663 Y56.722
G0 X51 Y56.854
G0 X52.337 Y56.722
G0 X53.494 Y56.37
G0 X55.26 Y55.41
G0 X55.26 Y55.26
G1 F3600 X56.24 Y56.24 E0.02305
G1 X56.31 Y56.31
G0 F7200 X56.09 Y56.31
G0 X52.376 Y56.773
G0 X52.287 Y56.477
;TYPE:WALL-INNER
G1 F3600 X51 Y56.599 E0.0215
G1 X49.708 Y56.476 E0.02158
G1 X48.469 Y56.097 E0.02155
G1 X47.334 Y55.494 E0.02137
G1 X46.328 Y54.666 E0.02167
G1 X45.505 Y53.661 E0.0216
G1 X44.899 Y52.53 E0.02134
G1 X44.523 Y51.288 E0.02158
G1 X44.4 Y50 E0.02152
G1 X44.523 Y48.708 E0.02158
G1 X44.899 Y47.466 E0.02158
G1 X45.505 Y46.335 E0.02134
G1 X46.326 Y45.332 E0.02156
G1 X47.335 Y44.505 E0.0217
G1 X48.471 Y43.898 E0.02142
G1 X49.708 Y43.524 E0.02149
G1 X51 Y43.396 E0.02159
G1 X52.288 Y43.524 E0.02153
G1 X53.525 Y43.898 E0.02149
G1 X54.665 Y44.508 E0.0215
G1 X55.143 Y44.9 E0.01028
G1 X56.4 Y44.9 E0.0209
G1 X56.4 Y42.313 E0.04302
G1 X56.275 Y42.1 E0.00411
G1 X43.6 Y42.1 E0.21079
G1 X43.601 Y57.899 E0.26274
G1 X56.272 Y57.9 E0.21072
G1 X56.4 Y57.683 E0.00419
G1 X56.4 Y55.1 E0.04296
G1 X55.143 Y55.1 E0.0209
G1 X54.663 Y55.494 E0.01033
G1 X53.527 Y56.097 E0.02139
G1 X52.287 Y56.477 E0.02157
G0 F7200 X52.192 Y56.084
;TYPE:WALL-OUTER
G1 F1800 X50.981 Y56.196 E0.02022
G1 X49.805 Y56.084 E0.01965
G1 X48.641 Y55.732 E0.02022
G1 X47.54 Y55.147 E0.02073
G1 X46.628 Y54.395 E0.01966
G1 X45.831 Y53.423 E0.0209
G1 X45.279 Y52.391 E0.01946
G1 X44.916 Y51.192 E0.02083
G1 X44.8 Y49.98 E0.02025
G1 X44.916 Y48.804 E0.01965
G1 X45.279 Y47.605 E0.02083
G1 X45.831 Y46.573 E0.01946
G1 X46.629 Y45.601 E0.02091
G1 X47.573 Y44.831 E0.02026
G1 X48.605 Y44.279 E0.01946
G1 X49.804 Y43.916 E0.02083
G1 X51.02 Y43.8 E0.02031
G1 X52.192 Y43.916 E0.01959
G1 X53.391 Y44.279 E0.02083
G1 X54.423 Y44.831 E0.01946
G1 X55 Y45.3 E0.01237
G1 X56.8 Y45.3 E0.02993
G1 X56.8 Y42.262 E0.05052
G1 X56.635 Y41.879 E0.00694
G1 X56.36 Y41.7 E0.00546
G1 X43.2 Y41.7 E0.21885
G1 X43.201 Y58.299 E0.27604
G1 X56.354 Y58.3 E0.21874
G1 X56.635 Y58.12 E0.00555
G1 X56.8 Y57.734 E0.00698
G1 X56.8 Y54.7 E0.05046
G1 X55 Y54.7 E0.02993
G1 X54.422 Y55.169 E0.01238
G1 X53.355 Y55.732 E0.02006
G1 X52.192 Y56.084 E0.02021
G0 F7200 X51.993 Y56.102
G0 X52.091 Y57.109
;MESH:NONMESH
G0 F600 X52.091 Y57.109 Z18.5
G0 F7200 X49.663 Y56.722
G0 X48.377 Y56.331
G0 X47.193 Y55.699
G0 X46.153 Y54.847
G0 X45.301 Y53.807
G0 X44.669 Y52.623
G0 X44.278 Y51.337
G0 X43.91 Y43.76
G0 X43.76 Y43.76
;TIME_ELAPSED:1271.852216
;LAYER:182
;TYPE:FILL
;MESH:hold.stl
G1 F3600 X45.765 Y45.765 E0.04715
G1 X45.835 Y45.835
G0 F7200 X45.645 Y45.678
G0 X43.91 Y44.925
G0 X43.761 Y44.925
G1 F3600 X46.426 Y42.26 E0.06268
G1 X46.496 Y42.19
G0 F7200 X46.496 Y42.41
G0 X47.917 Y42.41
G0 X47.917 Y42.26
G1 F3600 X49.174 Y43.517 E0.02956
G1 X49.244 Y43.587
G0 F7200 X49.176 Y43.363
G0 X51.112 Y43.098
G0 X51.098 Y43.245
G1 F3600 X52.083 Y42.26 E0.02317
G1 X52.153 Y42.19
G0 F7200 X52.153 Y42.41
G0 X53.574 Y42.41
G0 X53.574 Y42.26
G1 F3600 X56.054 Y44.74 E0.05833
G0 F7200 X55.259 Y44.74
G1 F3600 X56.24 Y43.759 E0.02307
G1 X56.31 Y43.689
G0 F7200 X56.09 Y43.689
G0 X51 Y43.146
G0 X49.663 Y43.278
G0 X48.377 Y43.669
G0 X47.193 Y44.301
G0 X46.153 Y45.153
G0 X45.301 Y46.193
G0 X44.669 Y47.377
G0 X44.278 Y48.663
G0 X44.146 Y50
G0 X44.278 Y51.337
G0 X44.669 Y52.623
G0 X45.301 Y53.807
G0 X46.153 Y54.847
G0 X47.193 Y55.699
G0 X48.377 Y56.331
G0 X49.663 Y56.722
G0 X51 Y56.854
G0 X52.337 Y56.722
G0 X56.053 Y55.41
G0 X56.053 Y55.26
G1 F3600 X53.574 Y57.739 E0.0583
G1 X53.504 Y57.809
G0 F7200 X53.504 Y57.59
G0 X52.082 Y57.59
G0 X52.082 Y57.739
G1 F3600 X51.091 Y56.748 E0.02331
G1 X51.021 Y56.678
G0 F7200 X51.043 Y56.91
G0 X49.131 Y56.623
G0 X49.175 Y56.481
G1 F3600 X47.917 Y57.739 E0.02959
G1 X47.847 Y57.809
G0 F7200 X47.847 Y57.59
G0 X46.425 Y57.59
G0 X46.425 Y57.739
G1 F3600 X43.76 Y55.074 E0.06268
G1 X43.69 Y55.004
G0 F7200 X43.91 Y55.004
G0 X43.91 Y56.238
G0 X43.761 Y56.238
G1 F3600 X45.765 Y54.234 E0.04713
G1 X45.835 Y54.164
G0 F7200 X45.643 Y54.32
G0 X44.789 Y52.848
G0 X43.91 Y50.581
G0 X43.761 Y50.581
G1 F3600 X44.249 Y50.094 E0.01147
G1 X44.249 Y49.906
G1 X43.76 Y49.417 E0.0115
G0 F7200 X43.91 Y49.417
G0 X44.278 Y51.337
G0 X44.669 Y52.623
G0 X45.301 Y53.807
G0 X46.153 Y54.847
G0 X47.193 Y55.699
G0 X48.377 Y56.331
G0 X49.663 Y56.722
G0 X51 Y56.854
G0 X52.337 Y56.722
G0 X53.494 Y56.37
G0 X55.26 Y55.41
G0 X55.26 Y55.26
G1 F3600 X56.24 Y56.24 E0.02305
G1 X56.31 Y56.31
G0 F7200 X56.09 Y56.31
G0 X52.376 Y56.773
G0 X52.287 Y56.477
;TYPE:WALL-INNER
G1 F3600 X51 Y56.599 E0.0215
G1 X49.708 Y56.476 E0.02158
G1 X48.469 Y56.097 E0.02155
G1 X47.334 Y55.494 E0.02137
G1 X46.328 Y54.666 E0.02167
G1 X45.505 Y53.661 E0.0216
G1 X44.899 Y52.53 E0.02134
G1 X44.523 Y51.288 E0.02158
G1 X44.4 Y50 E0.02152
G1 X44.523 Y48.708 E0.02158
G1 X44.899 Y47.466 E0.02158
G1 X45.505 Y46.335 E0.02134
G1 X46.326 Y45.332 E0.02156
G1 X47.335 Y44.505 E0.0217
G1 X48.471 Y43.898 E0.02142
G1 X49.708 Y43.524 E0.02149
G1 X51 Y43.396 E0.02159
G1 X52.288 Y43.524 E0.02153
G1 X53.525 Y43.898 E0.02149
G1 X54.665 Y44.508 E0.0215
G1 X55.143 Y44.9 E0.01028
G1 X56.4 Y44.9 E0.0209
G1 X56.4 Y42.313 E0.04302
G1 X56.274 Y42.101 E0.0041
G1 X43.6 Y42.1 E0.21077
G1 X43.601 Y57.899 E0.26274
G1 X56.272 Y57.9 E0.21072
G1 X56.37 Y57.769 E0.00272
G1 X56.4 Y57.612 E0.00266
G1 X56.4 Y55.1 E0.04177
G1 X55.143 Y55.1 E0.0209
G1 X54.663 Y55.494 E0.01033
G1 X53.527 Y56.097 E0.02139
G1 X52.287 Y56.477 E0.02157
G0 F7200 X52.192 Y56.084
;TYPE:WALL-OUTER
G1 F1800 X50.981 Y56.196 E0.02022
G1 X49.805 Y56.084 E0.01965
G1 X48.641 Y55.732 E0.02022
G1 X47.54 Y55.147 E0.02073
G1 X46.628 Y54.395 E0.01966
G1 X45.831 Y53.423 E0.0209
G1 X45.279 Y52.391 E0.01946
G1 X44.916 Y51.192 E0.02083
G1 X44.8 Y49.98 E0.02025
G1 X44.916 Y48.804 E0.01965
G1 X45.279 Y47.605 E0.02083
G1 X45.831 Y46.573 E0.01946
G1 X46.629 Y45.601 E0.02091
G1 X47.573 Y44.831 E0.02026
G1 X48.605 Y44.279 E0.01946
G1 X49.804 Y43.916 E0.02083
G1 X51.02 Y43.8 E0.02031
G1 X52.192 Y43.916 E0.01959
G1 X53.391 Y44.279 E0.02083
G1 X54.423 Y44.831 E0.01946
G1 X55 Y45.3 E0.01237
G1 X56.8 Y45.3 E0.02993
G1 X56.8 Y42.262 E0.05052
G1 X56.635 Y41.879 E0.00694
G1 X56.356 Y41.701 E0.0055
G1 X43.2 Y41.7 E0.21879
G1 X43.201 Y58.299 E0.27604
G1 X56.354 Y58.3 E0.21874
G1 X56.635 Y58.121 E0.00554
G1 X56.752 Y57.904 E0.0041
G1 X56.8 Y57.649 E0.00432
G1 X56.8 Y54.7 E0.04904
G1 X55 Y54.7 E0.02993
G1 X54.422 Y55.169 E0.01238
G1 X53.355 Y55.732 E0.02006
G1 X52.192 Y56.084 E0.02021
G0 F7200 X51.993 Y56.102
G0 X52.091 Y57.109
;MESH:NONMESH
G0 F600 X52.091 Y57.109 Z18.6
G0 F7200 X49.663 Y56.722
G0 X48.377 Y56.331
G0 X47.193 Y55.699
G0 X46.153 Y54.847
G0 X45.301 Y53.807
G0 X44.669 Y52.623
G0 X44.278 Y51.337
G0 X43.91 Y43.76
G0 X43.76 Y43.76
;TIME_ELAPSED:1277.997656
;LAYER:183
;TYPE:FILL
;MESH:hold.stl
G1 F3600 X45.765 Y45.765 E0.04715
G1 X45.835 Y45.835
G0 F7200 X45.645 Y45.678
G0 X43.91 Y44.925
G0 X43.761 Y44.925
G1 F3600 X46.426 Y42.26 E0.06268
G1 X46.496 Y42.19
G0 F7200 X46.496 Y42.41
G0 X47.917 Y42.41
G0 X47.917 Y42.26
G1 F3600 X49.174 Y43.517 E0.02956
G1 X49.244 Y43.587
G0 F7200 X49.176 Y43.363
G0 X51.112 Y43.098
G0 X51.098 Y43.245
G1 F3600 X52.083 Y42.26 E0.02317
G1 X52.153 Y42.19
G0 F7200 X52.153 Y42.41
G0 X53.574 Y42.41
G0 X53.574 Y42.26
G1 F3600 X56.054 Y44.74 E0.05833
G0 F7200 X55.259 Y44.74
G1 F3600 X56.24 Y43.759 E0.02307
G1 X56.31 Y43.689
G0 F7200 X56.09 Y43.689
G0 X51 Y43.146
G0 X49.663 Y43.278
G0 X48.377 Y43.669
G0 X47.193 Y44.301
G0 X46.153 Y45.153
G0 X45.301 Y46.193
G0 X44.669 Y47.377
G0 X44.278 Y48.663
G0 X44.146 Y50
G0 X44.278 Y51.337
G0 X44.669 Y52.623
G0 X45.301 Y53.807
G0 X46.153 Y54.847
G0 X47.193 Y55.699
G0 X48.377 Y56.331
G0 X49.663 Y56.722
G0 X51 Y56.854
G0 X52.337 Y56.722
G0 X56.053 Y55.41
G0 X56.053 Y55.26
G1 F3600 X53.573 Y57.74 E0.05833
G1 X53.503 Y57.81
G0 F7200 X53.503 Y57.59
G0 X52.083 Y57.59
G0 X52.083 Y57.74
G1 F3600 X51.091 Y56.748 E0.02333
G1 X51.021 Y56.678
G0 F7200 X51.043 Y56.91
G0 X49.131 Y56.623
G0 X49.175 Y56.481
G1 F3600 X47.916 Y57.74 E0.02961
G1 X47.846 Y57.81
G0 F7200 X47.846 Y57.59
G0 X46.425 Y57.59
G0 X46.425 Y57.739
G1 F3600 X43.76 Y55.074 E0.06268
G1 X43.69 Y55.004
G0 F7200 X43.91 Y55.004
G0 X43.91 Y56.238
G0 X43.761 Y56.238
G1 F3600 X45.765 Y54.234 E0.04713
G1 X45.835 Y54.164
G0 F7200 X45.643 Y54.32
G0 X44.789 Y52.848
G0 X43.91 Y50.581
G0 X43.761 Y50.581
G1 F3600 X44.249 Y50.094 E0.01147
G1 X44.249 Y49.906
G1 X43.76 Y49.417 E0.0115
G0 F7200 X43.91 Y49.417
G0 X44.278 Y51.337
G0 X44.669 Y52.623
G0 X45.301 Y53.807
G0 X46.153 Y54.847
G0 X47.193 Y55.699
G0 X48.377 Y56.331
G0 X49.663 Y56.722
G0 X51 Y56.854
G0 X52.337 Y56.722
G0 X53.494 Y56.37
G0 X55.26 Y55.41
G0 X55.26 Y55.26
G1 F3600 X56.24 Y56.24 E0.02305
G1 X56.31 Y56.31
G0 F7200 X56.09 Y56.31
G0 X52.376 Y56.773
G0 X52.287 Y56.477
;TYPE:WALL-INNER
G1 F3600 X51 Y56.599 E0.0215
G1 X49.708 Y56.476 E0.02158
G1 X48.469 Y56.097 E0.02155
G1 X47.334 Y55.494 E0.02137
G1 X46.328 Y54.666 E0.02167
G1 X45.505 Y53.661 E0.0216
G1 X44.899 Y52.53 E0.02134
G1 X44.523 Y51.288 E0.02158
G1 X44.4 Y50 E0.02152
G1 X44.523 Y48.708 E0.02158
G1 X44.899 Y47.466 E0.02158
G1 X45.505 Y46.335 E0.02134
G1 X46.326 Y45.332 E0.02156
G1 X47.335 Y44.505 E0.0217
G1 X48.471 Y43.898 E0.02142
G1 X49.708 Y43.524 E0.02149
G1 X51 Y43.396 E0.02159
G1 X52.288 Y43.524 E0.02153
G1 X53.525 Y43.898 E0.02149
G1 X54.665 Y44.508 E0.0215
G1 X55.143 Y44.9 E0.01028
G1 X56.4 Y44.9 E0.0209
G1 X56.4 Y42.313 E0.04302
G1 X56.274 Y42.101 E0.0041
G1 X43.6 Y42.1 E0.21077
G1 X43.601 Y57.899 E0.26274
G1 X56.272 Y57.9 E0.21072
G1 X56.4 Y57.683 E0.00419
G1 X56.4 Y55.1 E0.04296
G1 X55.143 Y55.1 E0.0209
G1 X54.663 Y55.494 E0.01033
G1 X53.527 Y56.097 E0.02139
G1 X52.287 Y56.477 E0.02157
G0 F7200 X52.192 Y56.084
;TYPE:WALL-OUTER
G1 F1800 X50.981 Y56.196 E0.02022
G1 X49.805 Y56.084 E0.01965
G1 X48.641 Y55.732 E0.02022
G1 X47.54 Y55.147 E0.02073
G1 X46.628 Y54.395 E0.01966
G1 X45.831 Y53.423 E0.0209
G1 X45.279 Y52.391 E0.01946
G1 X44.916 Y51.192 E0.02083
G1 X44.8 Y49.98 E0.02025
G1 X44.916 Y48.804 E0.01965
G1 X45.279 Y47.605 E0.02083
G1 X45.831 Y46.573 E0.01946
G1 X46.629 Y45.601 E0.02091
G1 X47.573 Y44.831 E0.02026
G1 X48.605 Y44.279 E0.01946
G1 X49.804 Y43.916 E0.02083
G1 X51.02 Y43.8 E0.02031
G1 X52.192 Y43.916 E0.01959
G1 X53.391 Y44.279 E0.02083
G1 X54.423 Y44.831 E0.01946
G1 X55 Y45.3 E0.01237
G1 X56.8 Y45.3 E0.02993
G1 X56.8 Y42.262 E0.05052
G1 X56.635 Y41.879 E0.00694
G1 X56.356 Y41.701 E0.0055
G1 X43.2 Y41.7 E0.21879
G1 X43.201 Y58.299 E0.27604
G1 X56.354 Y58.3 E0.21874
G1 X56.635 Y58.12 E0.00555
G1 X56.8 Y57.734 E0.00698
G1 X56.8 Y54.7 E0.05046
G1 X55 Y54.7 E0.02993
G1 X54.422 Y55.169 E0.01238
G1 X53.355 Y55.732 E0.02006
G1 X52.192 Y56.084 E0.02021
G0 F7200 X51.993 Y56.102
G0 X52.091 Y57.109
;MESH:NONMESH
G0 F600 X52.091 Y57.109 Z18.7
G0 F7200 X49.663 Y56.722
G0 X48.377 Y56.331
G0 X47.193 Y55.699
G0 X46.153 Y54.847
G0 X45.301 Y53.807
G0 X44.669 Y52.623
G0 X44.278 Y51.337
G0 X43.91 Y43.76
G0 X43.76 Y43.76
;TIME_ELAPSED:1284.144842
;LAYER:184
;TYPE:FILL
;MESH:hold.stl
G1 F3600 X45.765 Y45.765 E0.04715
G1 X45.835 Y45.835
G0 F7200 X45.645 Y45.678
G0 X43.91 Y44.925
G0 X43.761 Y44.925
G1 F3600 X46.426 Y42.26 E0.06268
G1 X46.496 Y42.19
G0 F7200 X46.496 Y42.41
G0 X47.917 Y42.41
G0 X47.917 Y42.26
G1 F3600 X49.174 Y43.517 E0.02956
G1 X49.244 Y43.587
G0 F7200 X49.176 Y43.363
G0 X51.112 Y43.098
G0 X51.098 Y43.245
G1 F3600 X52.083 Y42.26 E0.02317
G1 X52.153 Y42.19
G0 F7200 X52.153 Y42.41
G0 X53.574 Y42.41
G0 X53.574 Y42.26
G1 F3600 X56.054 Y44.74 E0.05833
G0 F7200 X55.259 Y44.74
G1 F3600 X56.24 Y43.759 E0.02307
G1 X56.31 Y43.689
G0 F7200 X56.09 Y43.689
G0 X51 Y43.146
G0 X49.663 Y43.278
G0 X48.377 Y43.669
G0 X47.193 Y44.301
G0 X46.153 Y45.153
G0 X45.301 Y46.193
G0 X44.669 Y47.377
G0 X44.278 Y48.663
G0 X44.146 Y50
G0 X44.278 Y51.337
G0 X44.669 Y52.623
G0 X45.301 Y53.807
G0 X46.153 Y54.847
G0 X47.193 Y55.699
G0 X48.377 Y56.331
G0 X49.663 Y56.722
G0 X51 Y56.854
G0 X52.337 Y56.722
G0 X56.053 Y55.41
G0 X56.053 Y55.26
G1 F3600 X53.573 Y57.74 E0.05833
G1 X53.503 Y57.81
G0 F7200 X53.503 Y57.59
G0 X52.083 Y57.59
G0 X52.083 Y57.74
G1 F3600 X51.091 Y56.748 E0.02333
G1 X51.021 Y56.678
G0 F7200 X51.043 Y56.91
G0 X49.131 Y56.623
G0 X49.175 Y56.481
G1 F3600 X47.916 Y57.74 E0.02961
G1 X47.846 Y57.81
G0 F7200 X47.846 Y57.59
G0 X46.425 Y57.59
G0 X46.425 Y57.739
G1 F3600 X43.76 Y55.074 E0.06268
G1 X43.69 Y55.004
G0 F7200 X43.91 Y55.004
G0 X43.91 Y56.238
G0 X43.761 Y56.238
G1 F3600 X45.765 Y54.234 E0.04713
G1 X45.835 Y54.164
G0 F7200 X45.643 Y54.32
G0 X44.789 Y52.848
G0 X43.91 Y50.581
G0 X43.761 Y50.581
G1 F3600 X44.249 Y50.094 E0.01147
G1 X44.249 Y49.906
G1 X43.76 Y49.417 E0.0115
G0 F7200 X43.91 Y49.417
G0 X44.278 Y51.337
G0 X44.669 Y52.623
G0 X45.301 Y53.807
G0 X46.153 Y54.847
G0 X47.193 Y55.699
G0 X48.377 Y56.331
G0 X49.663 Y56.722
G0 X51 Y56.854
G0 X52.337 Y56.722
G0 X53.494 Y56.37
G0 X55.26 Y55.41
G0 X55.26 Y55.26
G1 F3600 X56.24 Y56.24 E0.02305
G1 X56.31 Y56.31
G0 F7200 X56.09 Y56.31
G0 X52.376 Y56.773
G0 X52.287 Y56.477
;TYPE:WALL-INNER
G1 F3600 X51 Y56.599 E0.0215
G1 X49.708 Y56.476 E0.02158
G1 X48.469 Y56.097 E0.02155
G1 X47.334 Y55.494 E0.02137
G1 X46.328 Y54.666 E0.02167
G1 X45.505 Y53.661 E0.0216
G1 X44.899 Y52.53 E0.02134
G1 X44.523 Y51.288 E0.02158
G1 X44.4 Y50 E0.02152
G1 X44.523 Y48.708 E0.02158
G1 X44.899 Y47.466 E0.02158
G1 X45.505 Y46.335 E0.02134
G1 X46.326 Y45.332 E0.02156
G1 X47.335 Y44.505 E0.0217
G1 X48.471 Y43.898 E0.02142
G1 X49.708 Y43.524 E0.02149
G1 X51 Y43.396 E0.02159
G1 X52.288 Y43.524 E0.02153
G1 X53.525 Y43.898 E0.02149
G1 X54.665 Y44.508 E0.0215
G1 X55.143 Y44.9 E0.01028
G1 X56.4 Y44.9 E0.0209
G1 X56.4 Y42.313 E0.04302
G1 X56.274 Y42.101 E0.0041
G1 X43.6 Y42.1 E0.21077
G1 X43.601 Y57.899 E0.26274
G1 X56.272 Y57.9 E0.21072
G1 X56.4 Y57.683 E0.00419
G1 X56.4 Y55.1 E0.04296
G1 X55.143 Y55.1 E0.0209
G1 X54.663 Y55.494 E0.01033
G1 X53.527 Y56.097 E0.02139
G1 X52.287 Y56.477 E0.02157
G0 F7200 X52.192 Y56.084
;TYPE:WALL-OUTER
G1 F1800 X50.981 Y56.196 E0.02022
G1 X49.805 Y56.084 E0.01965
G1 X48.641 Y55.732 E0.02022
G1 X47.54 Y55.147 E0.02073
G1 X46.628 Y54.395 E0.01966
G1 X45.831 Y53.423 E0.0209
G1 X45.279 Y52.391 E0.01946
G1 X44.916 Y51.192 E0.02083
G1 X44.8 Y49.98 E0.02025
G1 X44.916 Y48.804 E0.01965
G1 X45.279 Y47.605 E0.02083
G1 X45.831 Y46.573 E0.01946
G1 X46.629 Y45.601 E0.02091
G1 X47.573 Y44.831 E0.02026
G1 X48.605 Y44.279 E0.01946
G1 X49.804 Y43.916 E0.02083
G1 X51.02 Y43.8 E0.02031
G1 X52.192 Y43.916 E0.01959
G1 X53.391 Y44.279 E0.02083
G1 X54.423 Y44.831 E0.01946
G1 X55 Y45.3 E0.01237
G1 X56.8 Y45.3 E0.02993
G1 X56.8 Y42.262 E0.05052
G1 X56.635 Y41.879 E0.00694
G1 X56.356 Y41.701 E0.0055
G1 X43.2 Y41.7 E0.21879
G1 X43.201 Y58.299 E0.27604
G1 X56.354 Y58.3 E0.21874
G1 X56.635 Y58.12 E0.00555
G1 X56.8 Y57.734 E0.00698
G1 X56.8 Y54.7 E0.05046
G1 X55 Y54.7 E0.02993
G1 X54.422 Y55.169 E0.01238
G1 X53.355 Y55.732 E0.02006
G1 X52.192 Y56.084 E0.02021
G0 F7200 X51.993 Y56.102
G0 X52.091 Y57.109
;MESH:NONMESH
G0 F600 X52.091 Y57.109 Z18.8
G0 F7200 X49.663 Y56.722
G0 X48.377 Y56.331
G0 X47.193 Y55.699
G0 X46.153 Y54.847
G0 X45.301 Y53.807
G0 X44.669 Y52.623
G0 X44.278 Y51.337
G0 X43.91 Y43.76
G0 X43.76 Y43.76
;TIME_ELAPSED:1290.292029
;LAYER:185
;TYPE:FILL
;MESH:hold.stl
G1 F3600 X45.765 Y45.765 E0.04715
G1 X45.835 Y45.835
G0 F7200 X45.645 Y45.678
G0 X43.91 Y44.925
G0 X43.761 Y44.925
G1 F3600 X46.426 Y42.26 E0.06268
G1 X46.496 Y42.19
G0 F7200 X46.496 Y42.41
G0 X47.917 Y42.41
G0 X47.917 Y42.26
G1 F3600 X49.174 Y43.517 E0.02956
G1 X49.244 Y43.587
G0 F7200 X49.176 Y43.363
G0 X51.112 Y43.098
G0 X51.098 Y43.245
G1 F3600 X52.083 Y42.26 E0.02317
G1 X52.153 Y42.19
G0 F7200 X52.153 Y42.41
G0 X53.574 Y42.41
G0 X53.574 Y42.26
G1 F3600 X56.054 Y44.74 E0.05833
G0 F7200 X55.259 Y44.74
G1 F3600 X56.24 Y43.759 E0.02307
G1 X56.31 Y43.689
G0 F7200 X56.09 Y43.689
G0 X51 Y43.146
G0 X49.663 Y43.278
G0 X48.377 Y43.669
G0 X47.193 Y44.301
G0 X46.153 Y45.153
G0 X45.301 Y46.193
G0 X44.669 Y47.377
G0 X44.278 Y48.663
G0 X44.146 Y50
G0 X44.278 Y51.337
G0 X44.669 Y52.623
G0 X45.301 Y53.807
G0 X46.153 Y54.847
G0 X47.193 Y55.699
G0 X48.377 Y56.331
G0 X49.663 Y56.722
G0 X51 Y56.854
G0 X52.337 Y56.722
G0 X56.053 Y55.41
G0 X56.053 Y55.26
G1 F3600 X53.574 Y57.739 E0.0583
G1 X53.504 Y57.809
G0 F7200 X53.504 Y57.59
G0 X52.082 Y57.59
G0 X52.082 Y57.739
G1 F3600 X51.091 Y56.748 E0.02331
G1 X51.021 Y56.678
G0 F7200 X51.043 Y56.91
G0 X49.131 Y56.623
G0 X49.175 Y56.481
G1 F3600 X47.917 Y57.739 E0.02959
G1 X47.847 Y57.809
G0 F7200 X47.847 Y57.59
G0 X46.425 Y57.59
G0 X46.425 Y57.739
G1 F3600 X43.76 Y55.074 E0.06268
G1 X43.69 Y55.004
G0 F7200 X43.91 Y55.004
G0 X43.91 Y56.238
G0 X43.761 Y56.238
G1 F3600 X45.765 Y54.234 E0.04713
G1 X45.835 Y54.164
G0 F7200 X45.643 Y54.32
G0 X44.789 Y52.848
G0 X43.91 Y50.581
G0 X43.761 Y50.581
G1 F3600 X44.249 Y50.094 E0.01147
G1 X44.249 Y49.906
G1 X43.76 Y49.417 E0.0115
G0 F7200 X43.91 Y49.417
G0 X44.278 Y51.337
G0 X44.669 Y52.623
G0 X45.301 Y53.807
G0 X46.153 Y54.847
G0 X47.193 Y55.699
G0 X48.377 Y56.331
G0 X49.663 Y56.722
G0 X51 Y56.854
G0 X52.337 Y56.722
G0 X53.494 Y56.37
G0 X55.26 Y55.41
G0 X55.26 Y55.26
G1 F3600 X56.24 Y56.24 E0.02305
G1 X56.31 Y56.31
G0 F7200 X56.09 Y56.31
G0 X52.376 Y56.773
G0 X52.287 Y56.477
;TYPE:WALL-INNER
G1 F3600 X51 Y56.599 E0.0215
G1 X49.708 Y56.476 E0.02158
G1 X48.469 Y56.097 E0.02155
G1 X47.334 Y55.494 E0.02137
G1 X46.328 Y54.666 E0.02167
G1 X45.505 Y53.661 E0.0216
G1 X44.899 Y52.53 E0.02134
G1 X44.523 Y51.288 E0.02158
G1 X44.4 Y50 E0.02152
G1 X44.523 Y48.708 E0.02158
G1 X44.899 Y47.466 E0.02158
G1 X45.505 Y46.335 E0.02134
G1 X46.326 Y45.332 E0.02156
G1 X47.335 Y44.505 E0.0217
G1 X48.471 Y43.898 E0.02142
G1 X49.708 Y43.524 E0.02149
G1 X51 Y43.396 E0.02159
G1 X52.288 Y43.524 E0.02153
G1 X53.525 Y43.898 E0.02149
G1 X54.665 Y44.508 E0.0215
G1 X55.143 Y44.9 E0.01028
G1 X56.4 Y44.9 E0.0209
G1 X56.4 Y42.313 E0.04302
G1 X56.274 Y42.101 E0.0041
G1 X43.6 Y42.1 E0.21077
G1 X43.601 Y57.899 E0.26274
G1 X56.272 Y57.899 E0.21072
G1 X56.4 Y57.681 E0.0042
G1 X56.4 Y55.1 E0.04292
G1 X55.143 Y55.1 E0.0209
G1 X54.663 Y55.494 E0.01033
G1 X53.527 Y56.097 E0.02139
G1 X52.287 Y56.477 E0.02157
G0 F7200 X52.192 Y56.084
;TYPE:WALL-OUTER
G1 F1800 X50.981 Y56.196 E0.02022
G1 X49.805 Y56.084 E0.01965
G1 X48.641 Y55.732 E0.02022
G1 X47.54 Y55.147 E0.02073
G1 X46.628 Y54.395 E0.01966
G1 X45.831 Y53.423 E0.0209
G1 X45.279 Y52.391 E0.01946
G1 X44.916 Y51.192 E0.02083
G1 X44.8 Y49.98 E0.02025
G1 X44.916 Y48.804 E0.01965
G1 X45.279 Y47.605 E0.02083
G1 X45.831 Y46.573 E0.01946
G1 X46.629 Y45.601 E0.02091
G1 X47.573 Y44.831 E0.02026
G1 X48.605 Y44.279 E0.01946
G1 X49.804 Y43.916 E0.02083
G1 X51.02 Y43.8 E0.02031
G1 X52.192 Y43.916 E0.01959
G1 X53.391 Y44.279 E0.02083
G1 X54.423 Y44.831 E0.01946
G1 X55 Y45.3 E0.01237
G1 X56.8 Y45.3 E0.02993
G1 X56.8 Y42.262 E0.05052
G1 X56.635 Y41.879 E0.00694
G1 X56.356 Y41.701 E0.0055
G1 X43.2 Y41.7 E0.21879
G1 X43.201 Y58.299 E0.27604
G1 X56.354 Y58.3 E0.21874
G1 X56.635 Y58.12 E0.00555
G1 X56.8 Y57.733 E0.007
G1 X56.8 Y54.7 E0.05044
G1 X55 Y54.7 E0.02993
G1 X54.422 Y55.169 E0.01238
G1 X53.355 Y55.732 E0.02006
G1 X52.192 Y56.084 E0.02021
G0 F7200 X51.993 Y56.102
G0 X52.091 Y57.109
;MESH:NONMESH
G0 F600 X52.091 Y57.109 Z18.9
G0 F7200 X49.663 Y56.722
G0 X48.377 Y56.331
G0 X47.193 Y55.699
G0 X46.153 Y54.847
G0 X45.301 Y53.807
G0 X44.669 Y52.623
G0 X44.278 Y51.337
G0 X43.91 Y43.76
G0 X43.76 Y43.76
;TIME_ELAPSED:1296.439063
;LAYER:186
;TYPE:FILL
;MESH:hold.stl
G1 F3600 X45.765 Y45.765 E0.04715
G1 X45.835 Y45.835
G0 F7200 X45.645 Y45.678
G0 X43.91 Y44.925
G0 X43.761 Y44.925
G1 F3600 X46.426 Y42.26 E0.06268
G1 X46.496 Y42.19
G0 F7200 X46.496 Y42.41
G0 X47.917 Y42.41
G0 X47.917 Y42.26
G1 F3600 X49.174 Y43.517 E0.02956
G1 X49.244 Y43.587
G0 F7200 X49.176 Y43.363
G0 X51.112 Y43.098
G0 X51.098 Y43.245
G1 F3600 X52.083 Y42.26 E0.02317
G1 X52.153 Y42.19
G0 F7200 X52.153 Y42.41
G0 X53.574 Y42.41
G0 X53.574 Y42.26
G1 F3600 X56.054 Y44.74 E0.05833
G0 F7200 X55.259 Y44.74
G1 F3600 X56.24 Y43.759 E0.02307
G1 X56.31 Y43.689
G0 F7200 X56.09 Y43.689
G0 X51 Y43.146
G0 X49.663 Y43.278
G0 X48.377 Y43.669
G0 X47.193 Y44.301
G0 X46.153 Y45.153
G0 X45.301 Y46.193
G0 X44.669 Y47.377
G0 X44.278 Y48.663
G0 X44.146 Y50
G0 X44.278 Y51.337
G0 X44.669 Y52.623
G0 X45.301 Y53.807
G0 X46.153 Y54.847
G0 X47.193 Y55.699
G0 X48.377 Y56.331
G0 X49.663 Y56.722
G0 X51 Y56.854
G0 X52.337 Y56.722
G0 X56.053 Y55.41
G0 X56.053 Y55.26
G1 F3600 X53.574 Y57.739 E0.0583
G1 X53.504 Y57.809
G0 F7200 X53.504 Y57.59
G0 X52.082 Y57.59
G0 X52.082 Y57.739
G1 F3600 X51.091 Y56.748 E0.02331
G1 X51.021 Y56.678
G0 F7200 X51.043 Y56.91
G0 X49.131 Y56.623
G0 X49.175 Y56.481
G1 F3600 X47.917 Y57.739 E0.02959
G1 X47.847 Y57.809
G0 F7200 X47.847 Y57.59
G0 X46.425 Y57.59
G0 X46.425 Y57.739
G1 F3600 X43.76 Y55.074 E0.06268
G1 X43.69 Y55.004
G0 F7200 X43.91 Y55.004
G0 X43.91 Y56.238
G0 X43.761 Y56.238
G1 F3600 X45.765 Y54.234 E0.04713
G1 X45.835 Y54.164
G0 F7200 X45.643 Y54.32
G0 X44.789 Y52.848
G0 X43.91 Y50.581
G0 X43.761 Y50.581
G1 F3600 X44.249 Y50.094 E0.01147
G1 X44.249 Y49.906
G1 X43.76 Y49.417 E0.0115
G0 F7200 X43.91 Y49.417
G0 X44.278 Y51.337
G0 X44.669 Y52.623
G0 X45.301 Y53.807
G0 X46.153 Y54.847
G0 X47.193 Y55.699
G0 X48.377 Y56.331
G0 X49.663 Y56.722
G0 X51 Y56.854
G0 X52.337 Y56.722
G0 X53.494 Y56.37
G0 X55.26 Y55.41
G0 X55.26 Y55.26
G1 F3600 X56.24 Y56.24 E0.02305
G1 X56.31 Y56.31
G0 F7200 X56.09 Y56.31
G0 X52.376 Y56.773
G0 X52.287 Y56.477
;TYPE:WALL-INNER
G1 F3600 X51 Y56.599 E0.0215
G1 X49.708 Y56.476 E0.02158
G1 X48.469 Y56.097 E0.02155
G1 X47.334 Y55.494 E0.02137
G1 X46.328 Y54.666 E0.02167
G1 X45.505 Y53.661 E0.0216
G1 X44.899 Y52.53 E0.02134
G1 X44.523 Y51.288 E0.02158
G1 X44.4 Y50 E0.02152
G1 X44.523 Y48.708 E0.02158
G1 X44.899 Y47.466 E0.02158
G1 X45.505 Y46.335 E0.02134
G1 X46.326 Y45.332 E0.02156
G1 X47.335 Y44.505 E0.0217
G1 X48.471 Y43.898 E0.02142
G1 X49.708 Y43.524 E0.02149
G1 X51 Y43.396 E0.02159
G1 X52.288 Y43.524 E0.02153
G1 X53.525 Y43.898 E0.02149
G1 X54.665 Y44.508 E0.0215
G1 X55.143 Y44.9 E0.01028
G1 X56.4 Y44.9 E0.0209
G1 X56.4 Y42.313 E0.04302
G1 X56.274 Y42.101 E0.0041
G1 X43.6 Y42.1 E0.21077
G1 X43.601 Y57.899 E0.26274
G1 X56.272 Y57.899 E0.21072
G1 X56.4 Y57.681 E0.0042
G1 X56.4 Y55.1 E0.04292
G1 X55.143 Y55.1 E0.0209
G1 X54.663 Y55.494 E0.01033
G1 X53.527 Y56.097 E0.02139
G1 X52.287 Y56.477 E0.02157
G0 F7200 X52.192 Y56.084
;TYPE:WALL-OUTER
G1 F1800 X50.981 Y56.196 E0.02022
G1 X49.805 Y56.084 E0.01965
G1 X48.641 Y55.732 E0.02022
G1 X47.54 Y55.147 E0.02073
G1 X46.628 Y54.395 E0.01966
G1 X45.831 Y53.423 E0.0209
G1 X45.279 Y52.391 E0.01946
G1 X44.916 Y51.192 E0.02083
G1 X44.8 Y49.98 E0.02025
G1 X44.916 Y48.804 E0.01965
G1 X45.279 Y47.605 E0.02083
G1 X45.831 Y46.573 E0.01946
G1 X46.629 Y45.601 E0.02091
G1 X47.573 Y44.831 E0.02026
G1 X48.605 Y44.279 E0.01946
G1 X49.804 Y43.916 E0.02083
G1 X51.02 Y43.8 E0.02031
G1 X52.192 Y43.916 E0.01959
G1 X53.391 Y44.279 E0.02083
G1 X54.423 Y44.831 E0.01946
G1 X55 Y45.3 E0.01237
G1 X56.8 Y45.3 E0.02993
G1 X56.8 Y42.262 E0.05052
G1 X56.635 Y41.879 E0.00694
G1 X56.356 Y41.701 E0.0055
G1 X43.2 Y41.7 E0.21879
G1 X43.201 Y58.299 E0.27604
G1 X56.354 Y58.3 E0.21874
G1 X56.635 Y58.12 E0.00555
G1 X56.8 Y57.733 E0.007
G1 X56.8 Y54.7 E0.05044
G1 X55 Y54.7 E0.02993
G1 X54.422 Y55.169 E0.01238
G1 X53.355 Y55.732 E0.02006
G1 X52.192 Y56.084 E0.02021
G0 F7200 X51.993 Y56.102
G0 X52.091 Y57.109
;MESH:NONMESH
G0 F600 X52.091 Y57.109 Z19
G0 F7200 X49.663 Y56.722
G0 X48.377 Y56.331
G0 X47.193 Y55.699
G0 X46.153 Y54.847
G0 X45.301 Y53.807
G0 X44.669 Y52.623
G0 X44.278 Y51.337
G0 X43.91 Y43.76
G0 X43.76 Y43.76
;TIME_ELAPSED:1302.586097
;LAYER:187
;TYPE:FILL
;MESH:hold.stl
G1 F3600 X45.765 Y45.765 E0.04715
G1 X45.835 Y45.835
G0 F7200 X45.645 Y45.678
G0 X43.91 Y44.925
G0 X43.761 Y44.925
G1 F3600 X46.426 Y42.26 E0.06268
G1 X46.496 Y42.19
G0 F7200 X46.496 Y42.41
G0 X47.917 Y42.41
G0 X47.917 Y42.26
G1 F3600 X49.174 Y43.517 E0.02956
G1 X49.244 Y43.587
G0 F7200 X49.176 Y43.363
G0 X51.112 Y43.098
G0 X51.098 Y43.245
G1 F3600 X52.083 Y42.26 E0.02317
G1 X52.153 Y42.19
G0 F7200 X52.153 Y42.41
G0 X53.574 Y42.41
G0 X53.574 Y42.26
G1 F3600 X56.054 Y44.74 E0.05833
G0 F7200 X55.259 Y44.74
G1 F3600 X56.24 Y43.759 E0.02307
G1 X56.31 Y43.689
G0 F7200 X56.09 Y43.689
G0 X51 Y43.146
G0 X49.663 Y43.278
G0 X48.377 Y43.669
G0 X47.193 Y44.301
G0 X46.153 Y45.153
G0 X45.301 Y46.193
G0 X44.669 Y47.377
G0 X44.278 Y48.663
G0 X44.146 Y50
G0 X44.278 Y51.337
G0 X44.669 Y52.623
G0 X45.301 Y53.807
G0 X46.153 Y54.847
G0 X47.193 Y55.699
G0 X48.377 Y56.331
G0 X49.663 Y56.722
G0 X51 Y56.854
G0 X52.337 Y56.722
G0 X56.053 Y55.41
G0 X56.053 Y55.26
G1 F3600 X53.573 Y57.74 E0.05833
G1 X53.503 Y57.81
G0 F7200 X53.503 Y57.59
G0 X52.083 Y57.59
G0 X52.083 Y57.74
G1 F3600 X51.091 Y56.748 E0.02333
G1 X51.021 Y56.678
G0 F7200 X51.043 Y56.91
G0 X49.131 Y56.623
G0 X49.175 Y56.481
G1 F3600 X47.916 Y57.74 E0.02961
G1 X47.846 Y57.81
G0 F7200 X47.846 Y57.59
G0 X46.425 Y57.59
G0 X46.425 Y57.739
G1 F3600 X43.76 Y55.074 E0.06268
G1 X43.69 Y55.004
G0 F7200 X43.91 Y55.004
G0 X43.91 Y56.238
G0 X43.761 Y56.238
G1 F3600 X45.765 Y54.234 E0.04713
G1 X45.835 Y54.164
G0 F7200 X45.643 Y54.32
G0 X44.789 Y52.848
G0 X43.91 Y50.581
G0 X43.761 Y50.581
G1 F3600 X44.249 Y50.094 E0.01147
G1 X44.249 Y49.906
G1 X43.76 Y49.417 E0.0115
G0 F7200 X43.91 Y49.417
G0 X44.278 Y51.337
G0 X44.669 Y52.623
G0 X45.301 Y53.807
G0 X46.153 Y54.847
G0 X47.193 Y55.699
G0 X48.377 Y56.331
G0 X49.663 Y56.722
G0 X51 Y56.854
G0 X52.337 Y56.722
G0 X53.494 Y56.37
G0 X55.26 Y55.41
G0 X55.26 Y55.26
G1 F3600 X56.24 Y56.24 E0.02305
G1 X56.31 Y56.31
G0 F7200 X56.09 Y56.31
G0 X52.376 Y56.773
G0 X52.287 Y56.477
;TYPE:WALL-INNER
G1 F3600 X51 Y56.599 E0.0215
G1 X49.708 Y56.476 E0.02158
G1 X48.469 Y56.097 E0.02155
G1 X47.334 Y55.494 E0.02137
G1 X46.328 Y54.666 E0.02167
G1 X45.505 Y53.661 E0.0216
G1 X44.899 Y52.53 E0.02134
G1 X44.523 Y51.288 E0.02158
G1 X44.4 Y50 E0.02152
G1 X44.523 Y48.708 E0.02158
G1 X44.899 Y47.466 E0.02158
G1 X45.505 Y46.335 E0.02134
G1 X46.326 Y45.332 E0.02156
G1 X47.335 Y44.505 E0.0217
G1 X48.471 Y43.898 E0.02142
G1 X49.708 Y43.524 E0.02149
G1 X51 Y43.396 E0.02159
G1 X52.288 Y43.524 E0.02153
G1 X53.525 Y43.898 E0.02149
G1 X54.665 Y44.508 E0.0215
G1 X55.143 Y44.9 E0.01028
G1 X56.4 Y44.9 E0.0209
G1 X56.4 Y42.313 E0.04302
G1 X56.277 Y42.1 E0.00409
G1 X43.6 Y42.1 E0.21082
G1 X43.601 Y57.899 E0.26274
G1 X56.26 Y57.9 E0.21052
G1 X56.352 Y57.818 E0.00205
G1 X56.4 Y57.682 E0.0024
G1 X56.4 Y55.1 E0.04294
G1 X55.143 Y55.1 E0.0209
G1 X54.663 Y55.494 E0.01033
G1 X53.527 Y56.097 E0.02139
G1 X52.287 Y56.477 E0.02157
G0 F7200 X52.192 Y56.084
;TYPE:WALL-OUTER
G1 F1800 X50.981 Y56.196 E0.02022
G1 X49.805 Y56.084 E0.01965
G1 X48.641 Y55.732 E0.02022
G1 X47.54 Y55.147 E0.02073
G1 X46.628 Y54.395 E0.01966
G1 X45.831 Y53.423 E0.0209
G1 X45.279 Y52.391 E0.01946
G1 X44.916 Y51.192 E0.02083
G1 X44.8 Y49.98 E0.02025
G1 X44.916 Y48.804 E0.01965
G1 X45.279 Y47.605 E0.02083
G1 X45.831 Y46.573 E0.01946
G1 X46.629 Y45.601 E0.02091
G1 X47.573 Y44.831 E0.02026
G1 X48.605 Y44.279 E0.01946
G1 X49.804 Y43.916 E0.02083
G1 X51.02 Y43.8 E0.02031
G1 X52.192 Y43.916 E0.01959
G1 X53.391 Y44.279 E0.02083
G1 X54.423 Y44.831 E0.01946
G1 X55 Y45.3 E0.01237
G1 X56.8 Y45.3 E0.02993
G1 X56.8 Y42.262 E0.05052
G1 X56.638 Y41.882 E0.00687
G1 X56.47 Y41.74 E0.00366
G1 X56.36 Y41.7 E0.00195
G1 X43.2 Y41.7 E0.21885
G1 X43.201 Y58.299 E0.27604
G1 X56.356 Y58.3 E0.21877
G1 X56.559 Y58.196 E0.00379
G1 X56.706 Y58.016 E0.00386
G1 X56.8 Y57.75 E0.00469
G1 X56.8 Y54.7 E0.05072
G1 X55 Y54.7 E0.02993
G1 X54.422 Y55.169 E0.01238
G1 X53.355 Y55.732 E0.02006
G1 X52.192 Y56.084 E0.02021
G0 F7200 X51.993 Y56.102
G0 X52.091 Y57.109
;MESH:NONMESH
G0 F600 X52.091 Y57.109 Z19.1
G0 F7200 X49.663 Y56.722
G0 X48.377 Y56.331
G0 X47.193 Y55.699
G0 X46.153 Y54.847
G0 X45.301 Y53.807
G0 X44.669 Y52.623
G0 X44.278 Y51.337
G0 X43.91 Y43.76
G0 X43.76 Y43.76
;TIME_ELAPSED:1308.730605
;LAYER:188
;TYPE:FILL
;MESH:hold.stl
G1 F3600 X45.765 Y45.765 E0.04715
G1 X45.835 Y45.835
G0 F7200 X45.645 Y45.678
G0 X43.91 Y44.925
G0 X43.761 Y44.925
G1 F3600 X46.426 Y42.26 E0.06268
G1 X46.496 Y42.19
G0 F7200 X46.496 Y42.41
G0 X47.917 Y42.41
G0 X47.917 Y42.26
G1 F3600 X49.174 Y43.517 E0.02956
G1 X49.244 Y43.587
G0 F7200 X49.176 Y43.363
G0 X51.112 Y43.098
G0 X51.098 Y43.245
G1 F3600 X52.083 Y42.26 E0.02317
G1 X52.153 Y42.19
G0 F7200 X52.153 Y42.41
G0 X53.574 Y42.41
G0 X53.574 Y42.26
G1 F3600 X56.054 Y44.74 E0.05833
G0 F7200 X55.259 Y44.74
G1 F3600 X56.24 Y43.759 E0.02307
G1 X56.31 Y43.689
G0 F7200 X56.09 Y43.689
G0 X51 Y43.146
G0 X49.663 Y43.278
G0 X48.377 Y43.669
G0 X47.193 Y44.301
G0 X46.153 Y45.153
G0 X45.301 Y46.193
G0 X44.669 Y47.377
G0 X44.278 Y48.663
G0 X44.146 Y50
G0 X44.278 Y51.337
G0 X44.669 Y52.623
G0 X45.301 Y53.807
G0 X46.153 Y54.847
G0 X47.193 Y55.699
G0 X48.377 Y56.331
G0 X49.663 Y56.722
G0 X51 Y56.854
G0 X52.337 Y56.722
G0 X56.053 Y55.41
G0 X56.053 Y55.26
G1 F3600 X53.574 Y57.739 E0.0583
G1 X53.504 Y57.809
G0 F7200 X53.504 Y57.59
G0 X52.082 Y57.59
G0 X52.082 Y57.739
G1 F3600 X51.091 Y56.748 E0.02331
G1 X51.021 Y56.678
G0 F7200 X51.043 Y56.91
G0 X49.131 Y56.623
G0 X49.175 Y56.481
G1 F3600 X47.917 Y57.739 E0.02959
G1 X47.847 Y57.809
G0 F7200 X47.847 Y57.59
G0 X46.425 Y57.59
G0 X46.425 Y57.739
G1 F3600 X43.76 Y55.074 E0.06268
G1 X43.69 Y55.004
G0 F7200 X43.91 Y55.004
G0 X43.91 Y56.238
G0 X43.761 Y56.238
G1 F3600 X45.765 Y54.234 E0.04713
G1 X45.835 Y54.164
G0 F7200 X45.643 Y54.32
G0 X44.789 Y52.848
G0 X43.91 Y50.581
G0 X43.761 Y50.581
G1 F3600 X44.249 Y50.094 E0.01147
G1 X44.249 Y49.906
G1 X43.76 Y49.417 E0.0115
G0 F7200 X43.91 Y49.417
G0 X44.278 Y51.337
G0 X44.669 Y52.623
G0 X45.301 Y53.807
G0 X46.153 Y54.847
G0 X47.193 Y55.699
G0 X48.377 Y56.331
G0 X49.663 Y56.722
G0 X51 Y56.854
G0 X52.337 Y56.722
G0 X53.494 Y56.37
G0 X55.26 Y55.41
G0 X55.26 Y55.26
G1 F3600 X56.24 Y56.24 E0.02305
G1 X56.31 Y56.31
G0 F7200 X56.09 Y56.31
G0 X52.376 Y56.773
G0 X52.287 Y56.477
;TYPE:WALL-INNER
G1 F3600 X51 Y56.599 E0.0215
G1 X49.708 Y56.476 E0.02158
G1 X48.469 Y56.097 E0.02155
G1 X47.334 Y55.494 E0.02137
G1 X46.328 Y54.666 E0.02167
G1 X45.505 Y53.661 E0.0216
G1 X44.899 Y52.53 E0.02134
G1 X44.523 Y51.288 E0.02158
G1 X44.4 Y50 E0.02152
G1 X44.523 Y48.708 E0.02158
G1 X44.899 Y47.466 E0.02158
G1 X45.505 Y46.335 E0.02134
G1 X46.326 Y45.332 E0.02156
G1 X47.335 Y44.505 E0.0217
G1 X48.471 Y43.898 E0.02142
G1 X49.708 Y43.524 E0.02149
G1 X51 Y43.396 E0.02159
G1 X52.288 Y43.524 E0.02153
G1 X53.525 Y43.898 E0.02149
G1 X54.665 Y44.508 E0.0215
G1 X55.143 Y44.9 E0.01028
G1 X56.4 Y44.9 E0.0209
G1 X56.4 Y42.313 E0.04302
G1 X56.274 Y42.101 E0.0041
G1 X43.6 Y42.1 E0.21077
G1 X43.601 Y57.899 E0.26274
G1 X56.272 Y57.899 E0.21072
G1 X56.4 Y57.683 E0.00418
G1 X56.4 Y55.1 E0.04296
G1 X55.143 Y55.1 E0.0209
G1 X54.663 Y55.494 E0.01033
G1 X53.527 Y56.097 E0.02139
G1 X52.287 Y56.477 E0.02157
G0 F7200 X52.192 Y56.084
;TYPE:WALL-OUTER
G1 F1800 X50.981 Y56.196 E0.02022
G1 X49.805 Y56.084 E0.01965
G1 X48.641 Y55.732 E0.02022
G1 X47.54 Y55.147 E0.02073
G1 X46.628 Y54.395 E0.01966
G1 X45.831 Y53.423 E0.0209
G1 X45.279 Y52.391 E0.01946
G1 X44.916 Y51.192 E0.02083
G1 X44.8 Y49.98 E0.02025
G1 X44.916 Y48.804 E0.01965
G1 X45.279 Y47.605 E0.02083
G1 X45.831 Y46.573 E0.01946
G1 X46.629 Y45.601 E0.02091
G1 X47.573 Y44.831 E0.02026
G1 X48.605 Y44.279 E0.01946
G1 X49.804 Y43.916 E0.02083
G1 X51.02 Y43.8 E0.02031
G1 X52.192 Y43.916 E0.01959
G1 X53.391 Y44.279 E0.02083
G1 X54.423 Y44.831 E0.01946
G1 X55 Y45.3 E0.01237
G1 X56.8 Y45.3 E0.02993
G1 X56.8 Y42.262 E0.05052
G1 X56.635 Y41.879 E0.00694
G1 X56.356 Y41.701 E0.0055
G1 X43.2 Y41.7 E0.21879
G1 X43.201 Y58.299 E0.27604
G1 X56.354 Y58.3 E0.21874
G1 X56.635 Y58.12 E0.00555
G1 X56.8 Y57.737 E0.00694
G1 X56.8 Y54.7 E0.05051
G1 X55 Y54.7 E0.02993
G1 X54.422 Y55.169 E0.01238
G1 X53.355 Y55.732 E0.02006
G1 X52.192 Y56.084 E0.02021
G0 F7200 X51.993 Y56.102
G0 X52.091 Y57.109
;MESH:NONMESH
G0 F600 X52.091 Y57.109 Z19.2
G0 F7200 X49.663 Y56.722
G0 X48.377 Y56.331
G0 X47.193 Y55.699
G0 X46.153 Y54.847
G0 X45.301 Y53.807
G0 X44.669 Y52.623
G0 X44.278 Y51.337
G0 X44.171 Y50.254
G0 X44.277 Y42.41
G0 X44.277 Y42.301
;TIME_ELAPSED:1314.881117
;LAYER:189
;TYPE:FILL
;MESH:hold.stl
G1 F3600 X44.522 Y44.164 E0.03125
G0 F7200 X44.799 Y44.8
G1 F3600 X43.76 Y43.76 E0.02445
G1 X43.69 Y43.69
G0 F7200 X43.91 Y43.69
G0 X43.91 Y44.8
G0 X43.887 Y44.8
G1 F3600 X45.777 Y42.909 E0.04446
G1 X45.683 Y45.682 E0.04614
G1 X45.765 Y45.765 E0.00194
G1 X45.683 Y45.682
G1 X44.799 Y44.8 E0.02077
G1 X43.887 Y44.8 E0.01517
G1 X43.761 Y44.925 E0.00295
G0 F7200 X43.8 Y45.6
G1 F3600 X45.599 Y45.6 E0.02992
G0 F7200 X45.519 Y46
G1 F3600 X43.8 Y46 E0.02859
G0 F7200 X43.8 Y46.4
G1 F3600 X45.243 Y46.4 E0.024
G0 F7200 X45.029 Y46.8
G1 F3600 X43.8 Y46.8 E0.02044
G0 F7200 X43.8 Y47.2
G1 F3600 X44.816 Y47.2 E0.0169
G0 F7200 X44.65 Y47.6
G1 F3600 X43.8 Y47.6 E0.01414
G0 F7200 X43.8 Y48.4
G1 F3600 X44.407 Y48.4 E0.01009
G0 F7200 X44.305 Y48.368
G0 X43.91 Y49.417
G0 X43.76 Y49.417
G1 F3600 X44.249 Y49.906 E0.0115
G1 X44.249 Y50.094
G1 X43.913 Y50.43 E0.0079
G0 F7200 X43.761 Y50.581
G1 F3600 X43.913 Y50.43 E0.00356
G1 X44.583 Y55.415 E0.08365
G1 X45.765 Y54.234 E0.02779
G0 F7200 X45.295 Y54.704
G1 F3600 X45.114 Y53.353 E0.02267
G1 X45.101 Y53.254
G0 F7200 X44.973 Y53.322
G0 X44.583 Y55.415
G1 F3600 X43.761 Y56.238 E0.01934
G1 X43.801 Y56.4
G1 X45.085 Y56.4 E0.02135
G0 F7200 X44.687 Y56
G1 F3600 X47.859 Y56 E0.05275
G1 X47.959 Y56
G0 F7200 X47.885 Y56.137
G0 X48.855 Y56.8
G1 F3600 X49.175 Y56.481 E0.00751
G0 F7200 X49.131 Y56.623
G0 X48.455 Y57.2
G1 F3600 X47.916 Y57.74 E0.01269
G0 F7200 X47.916 Y57.59
G0 X46.425 Y57.59
G0 X46.425 Y57.739
G1 F3600 X45.887 Y57.2 E0.01266
G1 X45.885 Y57.2
G1 X43.801 Y57.2 E0.03466
G0 F7200 X43.801 Y56.8
G1 F3600 X45.485 Y56.8 E0.02801
G1 X45.487 Y56.8
G1 X45.887 Y57.2 E0.00941
G1 X48.455 Y57.2 E0.04271
G1 X48.855 Y56.8 E0.00941
G1 X45.487 Y56.8 E0.05601
G1 X43.76 Y55.074 E0.0406
G1 X43.69 Y55.004
G0 F7200 X43.91 Y55.004
G0 X49.663 Y56.722
G0 X51.105 Y56.904
G0 X51.091 Y56.748
G1 F3600 X51.649 Y57.305 E0.01311
G0 F7200 X51.373 Y56.925
G1 F3600 X54.646 Y56.666 E0.0546
G1 X54.597 Y56.717
G1 X56.2 Y56.968 E0.02698
G0 F7200 X56.2 Y57.372
G1 F3600 X54.247 Y57.067 E0.03287
G1 X54.21 Y57.102
G1 X55.298 Y56.017 E0.02555
G1 X56.15 Y56.15 E0.01434
G1 X56.24 Y56.24 E0.00212
G1 X56.15 Y56.15
G1 X55.26 Y55.26 E0.02093
G0 F7200 X55.298 Y56.017
G1 F3600 X56.053 Y55.26 E0.01778
G1 X56.123 Y55.19
G0 F7200 X56.123 Y55.41
G0 X53.573 Y57.59
G0 X53.573 Y57.74
G1 F3600 X54.21 Y57.102 E0.01499
G1 X51.649 Y57.305 E0.04272
G1 X52.083 Y57.74 E0.01022
G1 X52.153 Y57.81
G0 F7200 X52.153 Y57.59
G0 X48.377 Y56.331
G0 X47.193 Y55.699
G0 X46.153 Y54.847
G0 X45.301 Y53.807
G0 X44.669 Y52.623
G0 X44.278 Y51.337
G0 X44.146 Y50
G0 X44.278 Y48.663
G0 X44.669 Y47.377
G0 X45.301 Y46.193
G0 X46.153 Y45.153
G0 X47.193 Y44.301
G0 X48.377 Y43.669
G0 X49.663 Y43.278
G0 X51 Y43.146
G0 X52.337 Y43.278
G0 X53.494 Y43.63
G0 X55.259 Y44.59
G0 X55.259 Y44.74
G1 F3600 X56.24 Y43.759 E0.02307
G1 X56.31 Y43.689
G0 F7200 X55.542 Y44.227
G1 F3600 X55.794 Y42.299 E0.03234
G0 F7200 X55.39 Y42.299
G1 F3600 X55.185 Y43.871 E0.02636
G0 F7200 X54.828 Y43.514
G1 F3600 X54.987 Y42.299 E0.02038
G1 X54.999 Y42.2
G0 F7200 X54.999 Y42.41
G0 X54.4 Y43.088
G1 F3600 X54.4 Y44.138 E0.01746
G1 X54.4 Y44.238
G0 F7200 X53.6 Y43.711
G1 F3600 X53.6 Y42.299 E0.02348
G1 X53.573 Y42.26
G1 X56.054 Y44.74 E0.05834
G1 X56.124 Y44.81
G0 F7200 X56.124 Y44.59
G0 X53.232 Y43.487
G0 X53.2 Y43.59
G1 F3600 X53.2 Y42.299 E0.02147
G0 F7200 X52.4 Y42.299
G1 F3600 X52.4 Y43.348 E0.01744
G1 X52.4 Y43.448
G0 F7200 X52.46 Y43.253
G0 X52.083 Y42.41
G0 X52.083 Y42.259
G1 F3600 X51.098 Y43.245 E0.02318
G1 X51.028 Y43.315
G0 F7200 X51.05 Y43.091
G0 X49.169 Y43.365
G0 X49.2 Y43.468
G1 F3600 X49.2 Y42.3 E0.01942
G1 X49.2 Y42.2
G0 F7200 X49.2 Y42.41
G0 X48.191 Y42.536
G1 F3600 X48.147 Y43.844 E0.02176
G0 F7200 X47.739 Y44.062
G1 F3600 X47.799 Y42.3 E0.02932
G1 X47.916 Y42.26
G1 X49.174 Y43.517 E0.02957
G1 X49.244 Y43.587
G0 F7200 X49.176 Y43.363
G0 X47.282 Y44.185
G0 X47.332 Y44.28
G1 F3600 X47.399 Y42.3 E0.03295
G0 F7200 X46.998 Y42.3
G1 F3600 X46.921 Y44.585 E0.03802
G0 F7200 X46.509 Y44.923
G1 F3600 X46.598 Y42.3 E0.04365
G1 X46.427 Y42.259
G1 X45.777 Y42.909 E0.01529
G0 F7200 X46.191 Y42.495
G1 F3600 X46.097 Y45.297 E0.04662
G1 X46.094 Y45.396
G0 F7200 X45.964 Y45.289
G0 X45.235 Y43.45
G1 F3600 X45.084 Y42.301 E0.01927
G1 X45.071 Y42.202
G0 F7200 X45.071 Y42.41
G0 X44.146 Y50
G0 X44.278 Y51.337
G0 X44.669 Y52.623
G0 X45.301 Y53.807
G0 X46.153 Y54.847
G0 X47.193 Y55.699
G0 X48.377 Y56.331
G0 X49.663 Y56.722
G0 X50.746 Y56.829
G0 X52.376 Y56.773
G0 X52.287 Y56.477
;TYPE:WALL-INNER
G1 F3600 X51 Y56.599 E0.0215
G1 X49.708 Y56.476 E0.02158
G1 X48.469 Y56.097 E0.02155
G1 X47.334 Y55.494 E0.02137
G1 X46.328 Y54.666 E0.02167
G1 X45.505 Y53.661 E0.0216
G1 X44.899 Y52.53 E0.02134
G1 X44.523 Y51.288 E0.02158
G1 X44.4 Y50 E0.02152
G1 X44.523 Y48.708 E0.02158
G1 X44.899 Y47.466 E0.02158
G1 X45.505 Y46.335 E0.02134
G1 X46.326 Y45.332 E0.02156
G1 X47.335 Y44.505 E0.0217
G1 X48.471 Y43.898 E0.02142
G1 X49.708 Y43.524 E0.02149
G1 X51 Y43.396 E0.02159
G1 X52.288 Y43.524 E0.02153
G1 X53.525 Y43.898 E0.02149
G1 X54.665 Y44.508 E0.0215
G1 X55.143 Y44.9 E0.01028
G1 X56.4 Y44.9 E0.0209
G1 X56.4 Y42.313 E0.04302
G1 X56.317 Y42.127 E0.00339
G1 X56.264 Y42.1 E0.00099
G1 X43.6 Y42.1 E0.2106
G1 X43.601 Y57.899 E0.26274
G1 X56.26 Y57.9 E0.21052
G1 X56.317 Y57.87 E0.00107
G1 X56.4 Y57.683 E0.0034
G1 X56.4 Y55.1 E0.04296
G1 X55.143 Y55.1 E0.0209
G1 X54.663 Y55.494 E0.01033
G1 X53.527 Y56.097 E0.02139
G1 X52.287 Y56.477 E0.02157
G0 F7200 X52.192 Y56.084
;TYPE:WALL-OUTER
G1 F1800 X50.981 Y56.196 E0.02022
G1 X49.805 Y56.084 E0.01965
G1 X48.641 Y55.732 E0.02022
G1 X47.54 Y55.147 E0.02073
G1 X46.628 Y54.395 E0.01966
G1 X45.831 Y53.423 E0.0209
G1 X45.279 Y52.391 E0.01946
G1 X44.916 Y51.192 E0.02083
G1 X44.8 Y49.98 E0.02025
G1 X44.916 Y48.804 E0.01965
G1 X45.279 Y47.605 E0.02083
G1 X45.831 Y46.573 E0.01946
G1 X46.629 Y45.601 E0.02091
G1 X47.573 Y44.831 E0.02026
G1 X48.605 Y44.279 E0.01946
G1 X49.804 Y43.916 E0.02083
G1 X51.02 Y43.8 E0.02031
G1 X52.192 Y43.916 E0.01959
G1 X53.391 Y44.279 E0.02083
G1 X54.423 Y44.831 E0.01946
G1 X55 Y45.3 E0.01237
G1 X56.8 Y45.3 E0.02993
G1 X56.8 Y42.262 E0.05052
G1 X56.756 Y42.095 E0.00287
G1 X56.565 Y41.804 E0.00579
G1 X56.36 Y41.7 E0.00382
G1 X43.2 Y41.7 E0.21885
G1 X43.201 Y58.299 E0.27604
G1 X56.356 Y58.3 E0.21877
G1 X56.634 Y58.125 E0.00546
G1 X56.8 Y57.737 E0.00702
G1 X56.8 Y54.7 E0.05051
G1 X55 Y54.7 E0.02993
G1 X54.422 Y55.169 E0.01238
G1 X53.355 Y55.732 E0.02006
G1 X52.192 Y56.084 E0.02021
G0 F7200 X51.993 Y56.102
G0 X52.091 Y57.109
;MESH:NONMESH
G0 F600 X52.091 Y57.109 Z19.3
G0 F7200 X52.287 Y56.477
;TIME_ELAPSED:1323.027267
;LAYER:190
;TYPE:WALL-INNER
;MESH:hold.stl
G1 F3600 X51 Y56.599 E0.0215
G1 X49.708 Y56.476 E0.02158
G1 X48.469 Y56.097 E0.02155
G1 X47.334 Y55.494 E0.02137
G1 X46.328 Y54.666 E0.02167
G1 X45.505 Y53.661 E0.0216
G1 X44.899 Y52.53 E0.02134
G1 X44.523 Y51.288 E0.02158
G1 X44.4 Y50 E0.02152
G1 X44.523 Y48.708 E0.02158
G1 X44.899 Y47.466 E0.02158
G1 X45.505 Y46.335 E0.02134
G1 X46.326 Y45.332 E0.02156
G1 X47.335 Y44.505 E0.0217
G1 X48.471 Y43.898 E0.02142
G1 X49.708 Y43.524 E0.02149
G1 X51 Y43.396 E0.02159
G1 X52.288 Y43.524 E0.02153
G1 X53.525 Y43.898 E0.02149
G1 X54.665 Y44.508 E0.0215
G1 X55.143 Y44.9 E0.01028
G1 X56.4 Y44.9 E0.0209
G1 X56.4 Y42.313 E0.04302
G1 X56.319 Y42.128 E0.00336
G1 X56.264 Y42.1 E0.00103
G1 X43.6 Y42.1 E0.2106
G1 X43.601 Y57.899 E0.26274
G1 X56.258 Y57.9 E0.21049
G1 X56.346 Y57.821 E0.00197
G1 X56.4 Y57.665 E0.00275
G1 X56.4 Y55.1 E0.04266
G1 X55.143 Y55.1 E0.0209
G1 X54.663 Y55.494 E0.01033
G1 X53.527 Y56.097 E0.02139
G1 X52.287 Y56.477 E0.02157
G0 F7200 X52.192 Y56.084
;TYPE:WALL-OUTER
G1 F1800 X50.981 Y56.196 E0.02022
G1 X49.805 Y56.084 E0.01965
G1 X48.641 Y55.732 E0.02022
G1 X47.54 Y55.147 E0.02073
G1 X46.628 Y54.395 E0.01966
G1 X45.831 Y53.423 E0.0209
G1 X45.279 Y52.391 E0.01946
G1 X44.916 Y51.192 E0.02083
G1 X44.8 Y49.98 E0.02025
G1 X44.916 Y48.804 E0.01965
G1 X45.279 Y47.605 E0.02083
G1 X45.831 Y46.573 E0.01946
G1 X46.629 Y45.601 E0.02091
G1 X47.573 Y44.831 E0.02026
G1 X48.605 Y44.279 E0.01946
G1 X49.804 Y43.916 E0.02083
G1 X51.02 Y43.8 E0.02031
G1 X52.192 Y43.916 E0.01959
G1 X53.391 Y44.279 E0.02083
G1 X54.423 Y44.831 E0.01946
G1 X55 Y45.3 E0.01237
G1 X56.8 Y45.3 E0.02993
G1 X56.8 Y42.262 E0.05052
G1 X56.756 Y42.095 E0.00287
G1 X56.571 Y41.807 E0.00569
G1 X56.36 Y41.7 E0.00393
G1 X43.2 Y41.7 E0.21885
G1 X43.201 Y58.299 E0.27604
G1 X56.355 Y58.3 E0.21875
G1 X56.556 Y58.196 E0.00376
G1 X56.702 Y58.02 E0.0038
G1 X56.8 Y57.731 E0.00507
G1 X56.8 Y54.7 E0.05041
G1 X55 Y54.7 E0.02993
G1 X54.422 Y55.169 E0.01238
G1 X53.355 Y55.732 E0.02006
G1 X52.192 Y56.084 E0.02021
G0 F7200 X51.993 Y56.102
G0 X52.061 Y56.81
G0 X51 Y56.854
G0 X49.663 Y56.722
G0 X48.377 Y56.331
G0 X47.193 Y55.699
G0 X46.153 Y54.847
G0 X45.301 Y53.807
G0 X44.669 Y52.623
G0 X44.278 Y51.337
G0 X44.146 Y50
G0 X44.253 Y48.917
G0 X44.555 Y47.301
;TYPE:SKIN
G1 F1632.7 X44.309 Y47.972 E0.0131
G1 F1376.7 X44.063 Y48.642 E0.01552
G1 F1304.3 X44.05 Y48.584 E0.00136
G1 F1531.9 X43.981 Y47.254 E0.02602
G1 F1800 X43.98 Y42.48 E0.07939
G1 X48.179 Y42.48 E0.06983
G1 F1607.1 X49.509 Y42.528 E0.02479
G1 F1400.8 X49.617 Y42.546 E0.00234
G1 F1437.1 X50.955 Y42.514 E0.02788
G1 X52.375 Y42.546 E0.02958
G1 F1400.8 X52.483 Y42.528 E0.00234
G1 F1607.1 X53.813 Y42.48 E0.02479
G1 F1800 X56.02 Y42.48 E0.0367
G1 X56.02 Y44.52 E0.03393
G1 X55.274 Y44.52 E0.01241
G1 X54.787 Y44.139 E0.01028
G1 X53.691 Y43.555 E0.02065
G1 F1607.1 X52.397 Y43.106 E0.02551
G1 F1400.8 X52.35 Y43.078 E0.00117
G1 F1437.1 X51.023 Y42.982 E0.02771
G1 X49.642 Y43.078 E0.02883
G1 F1400.8 X49.595 Y43.106 E0.00117
G1 F1607.1 X48.301 Y43.555 E0.02551
G1 F1800 X47.138 Y44.175 E0.02192
G1 X46.073 Y45.045 E0.02287
G1 X45.175 Y46.137 E0.02351
G1 X44.555 Y47.301 E0.02193
G0 F7200 X44.063 Y48.642
G1 F1431.4 X44 Y49.98 E0.02801
G1 F1425.7 X44.065 Y51.34 E0.02859
G0 F7200 X45.301 Y53.807
G0 X46.153 Y54.847
G0 X47.193 Y55.699
G0 X48.377 Y56.331
G0 X52.488 Y57.469
G1 F1400.8 X52.376 Y57.45 E0.00243
G1 F1431.4 X51.043 Y57.48 E0.02788
G1 X49.616 Y57.45 E0.02985
G1 F1400.8 X49.504 Y57.469 E0.00243
G1 F1607.1 X48.186 Y57.516 E0.02456
G1 F1800 X43.98 Y57.516 E0.06995
G1 X43.98 Y52.733 E0.07954
G1 F1525.4 X44.052 Y51.394 E0.02631
G1 F1295 X44.065 Y51.34 E0.00128
G1 F1368.8 X44.308 Y52.016 E0.01571
G1 F1629 X44.551 Y52.691 E0.01318
G1 F1800 X45.175 Y53.855 E0.02196
G1 X46.045 Y54.923 E0.02291
G1 X47.101 Y55.795 E0.02277
G1 X48.31 Y56.441 E0.0228
G1 F1607.1 X49.591 Y56.889 E0.02528
G1 F1400.8 X49.64 Y56.918 E0.00122
G1 F1431.4 X50.979 Y57.008 E0.02806
G1 X52.352 Y56.918 E0.02877
G1 F1400.8 X52.401 Y56.889 E0.00122
G1 F1607.1 X53.682 Y56.441 E0.02528
G1 F1800 X54.79 Y55.853 E0.02086
G1 X55.273 Y55.48 E0.01015
G1 X56.02 Y55.48 E0.01242
G1 X56.02 Y57.516 E0.03386
G1 X53.806 Y57.516 E0.03682
G1 F1607.1 X52.488 Y57.469 E0.02456
G0 F7200 X44.305 Y57.316
G1 F1800 X44.18 Y57.191 E0.00294
G0 F7200 X44.18 Y56.625
G1 F1800 X44.871 Y57.316 E0.01625
G0 F7200 X45.437 Y57.316
G1 F1800 X44.18 Y56.059 E0.02956
G0 F7200 X44.18 Y55.494
G1 F1800 X46.002 Y57.316 E0.04285
G0 F7200 X46.568 Y57.316
G1 F1800 X44.18 Y54.928 E0.05616
G0 F7200 X44.18 Y54.362
G1 F1800 X47.134 Y57.316 E0.06947
G0 F7200 X47.699 Y57.316
G1 F1800 X44.18 Y53.797 E0.08276
G0 F7200 X44.18 Y53.231
G1 F1800 X45.4 Y54.451 E0.02869
G1 X45.47 Y54.521
G0 F7200 X46.557 Y55.608
G1 F1800 X48.259 Y57.31 E0.04003
G0 F7200 X48.788 Y57.273
G1 F1800 X48.038 Y56.523 E0.01764
G1 X47.968 Y56.453
G0 F7200 X49.007 Y56.926
G1 F1800 X49.316 Y57.235 E0.00727
G0 F7200 X52.565 Y57.09
G1 F1800 X52.712 Y57.237 E0.00346
G0 F7200 X52.971 Y56.931
G1 F1800 X53.322 Y57.281 E0.00824
G0 F7200 X53.379 Y56.773
G1 F1800 X53.922 Y57.316 E0.01277
G0 F7200 X54.488 Y57.316
G1 F1800 X53.785 Y56.613 E0.01653
G0 F7200 X54.154 Y56.417
G1 F1800 X55.053 Y57.316 E0.02114
G0 F7200 X55.619 Y57.316
G1 F1800 X54.525 Y56.222 E0.02573
G0 F7200 X54.893 Y56.024
G1 F1800 X55.82 Y56.951 E0.0218
G0 F7200 X55.82 Y56.385
G1 F1800 X55.213 Y55.779 E0.01426
G0 F7200 X55.68 Y55.68
G1 F1800 X55.82 Y55.82 E0.00329
G0 F7200 X52.337 Y56.722
G0 X51 Y56.854
G0 X49.663 Y56.722
G0 X48.377 Y56.331
G0 X47.193 Y55.699
G0 X46.153 Y54.847
G0 X45.301 Y53.807
G0 X44.669 Y52.623
G0 X44.278 Y51.337
G0 X44.146 Y50
G0 X44.278 Y48.663
G0 X44.669 Y47.377
G0 X45.301 Y46.193
G0 X46.153 Y45.153
G0 X47.193 Y44.301
G0 X48.377 Y43.669
G0 X49.663 Y43.278
G0 X51 Y43.146
G0 X52.203 Y43.265
G0 X55.634 Y44.32
G1 F1800 X53.994 Y42.68 E0.03857
G0 F7200 X53.454 Y42.706
G1 F1800 X54.517 Y43.768 E0.02499
G1 X54.587 Y43.838
G0 F7200 X54.56 Y42.68
G1 F1800 X55.82 Y43.941 E0.02965
G0 F7200 X55.82 Y43.375
G1 F1800 X55.125 Y42.68 E0.01635
G0 F7200 X55.691 Y42.68
G1 F1800 X55.82 Y42.81 E0.00305
G0 F7200 X53.421 Y43.238
G1 F1800 X52.926 Y42.744 E0.01163
G0 F7200 X52.496 Y42.88
G1 F1800 X52.416 Y42.799 E0.00189
G0 F7200 X49.212 Y42.989
G1 F1800 X48.959 Y42.737 E0.00594
G0 F7200 X48.805 Y43.148
G1 F1800 X48.35 Y42.693 E0.0107
G0 F7200 X47.771 Y42.68
G1 F1800 X48.379 Y43.288 E0.0143
G0 F7200 X48.009 Y43.484
G1 F1800 X47.206 Y42.68 E0.0189
G0 F7200 X46.64 Y42.68
G1 F1800 X47.64 Y43.68 E0.02352
G0 F7200 X47.271 Y43.877
G1 F1800 X46.074 Y42.68 E0.02815
G0 F7200 X45.509 Y42.68
G1 F1800 X46.919 Y44.091 E0.03317
G0 F7200 X46.609 Y44.346
G1 F1800 X44.943 Y42.68 E0.03918
G0 F7200 X44.377 Y42.68
G1 F1800 X46.299 Y44.601 E0.04519
G0 F7200 X45.988 Y44.857
G1 F1800 X44.18 Y43.049 E0.04252
G0 F7200 X44.18 Y43.614
G1 F1800 X45.72 Y45.154 E0.03622
G0 F7200 X45.465 Y45.465
G1 F1800 X44.18 Y44.18 E0.03022
G0 F7200 X44.18 Y44.746
G1 F1800 X45.21 Y45.775 E0.02421
G0 F7200 X44.968 Y46.1
G1 F1800 X44.18 Y45.311 E0.01854
G0 F7200 X44.18 Y45.877
G1 F1800 X44.772 Y46.469 E0.01392
G0 F7200 X44.575 Y46.838
G1 F1800 X44.181 Y46.443 E0.00928
G0 F7200 X44.181 Y47.009
G1 F1800 X44.379 Y47.208 E0.00467
G0 F7200 X44.181 Y47.575
G1 F1800 X44.241 Y47.635 E0.00141
G0 F7200 X44.187 Y48.975
G0 X44.18 Y52.665
G1 F1800 X44.461 Y52.947 E0.00662
G0 F7200 X44.439 Y52.957
;MESH:NONMESH
G0 F600 X44.439 Y52.957 Z19.4
G0 F7200 X46.153 Y54.847
G0 X47.193 Y55.699
G0 X48.377 Y56.331
G0 X49.663 Y56.722
G0 X50.746 Y56.829
G0 X52.376 Y56.773
G0 X52.287 Y56.477
;TIME_ELAPSED:1333.931537
;LAYER:191
;TYPE:WALL-INNER
;MESH:hold.stl
G1 F3600 X51 Y56.599 E0.0215
G1 X49.708 Y56.476 E0.02158
G1 X48.469 Y56.097 E0.02155
G1 X47.334 Y55.494 E0.02137
G1 X46.328 Y54.666 E0.02167
G1 X45.505 Y53.661 E0.0216
G1 X44.899 Y52.53 E0.02134
G1 X44.523 Y51.288 E0.02158
G1 X44.4 Y50 E0.02152
G1 X44.523 Y48.708 E0.02158
G1 X44.899 Y47.466 E0.02158
G1 X45.505 Y46.335 E0.02134
G1 X46.326 Y45.332 E0.02156
G1 X47.335 Y44.505 E0.0217
G1 X48.471 Y43.898 E0.02142
G1 X49.708 Y43.524 E0.02149
G1 X51 Y43.396 E0.02159
G1 X52.288 Y43.524 E0.02153
G1 X53.525 Y43.898 E0.02149
G1 X54.665 Y44.508 E0.0215
G1 X55.143 Y44.9 E0.01028
G1 X56.4 Y44.9 E0.0209
G1 X56.4 Y42.335 E0.04266
G1 X56.346 Y42.174 E0.00282
G1 X56.262 Y42.1 E0.00186
G1 X43.6 Y42.1 E0.21057
G1 X43.601 Y57.899 E0.26274
G1 X56.26 Y57.9 E0.21052
G1 X56.315 Y57.872 E0.00103
G1 X56.4 Y57.684 E0.00343
G1 X56.4 Y55.1 E0.04297
G1 X55.143 Y55.1 E0.0209
G1 X54.663 Y55.494 E0.01033
G1 X53.527 Y56.097 E0.02139
G1 X52.287 Y56.477 E0.02157
G0 F7200 X52.192 Y56.084
;TYPE:WALL-OUTER
G1 F1800 X50.981 Y56.196 E0.02022
G1 X49.805 Y56.084 E0.01965
G1 X48.641 Y55.732 E0.02022
G1 X47.54 Y55.147 E0.02073
G1 X46.628 Y54.395 E0.01966
G1 X45.831 Y53.423 E0.0209
G1 X45.279 Y52.391 E0.01946
G1 X44.916 Y51.192 E0.02083
G1 X44.8 Y49.98 E0.02025
G1 X44.916 Y48.804 E0.01965
G1 X45.279 Y47.605 E0.02083
G1 X45.831 Y46.573 E0.01946
G1 X46.629 Y45.601 E0.02091
G1 X47.573 Y44.831 E0.02026
G1 X48.605 Y44.279 E0.01946
G1 X49.804 Y43.916 E0.02083
G1 X51.02 Y43.8 E0.02031
G1 X52.192 Y43.916 E0.01959
G1 X53.391 Y44.279 E0.02083
G1 X54.423 Y44.831 E0.01946
G1 X55 Y45.3 E0.01237
G1 X56.8 Y45.3 E0.02993
G1 X56.8 Y42.269 E0.05041
G1 X56.702 Y41.978 E0.00511
G1 X56.559 Y41.803 E0.00376
G1 X56.359 Y41.7 E0.00374
G1 X43.2 Y41.7 E0.21884
G1 X43.201 Y58.299 E0.27604
G1 X56.356 Y58.3 E0.21877
G1 X56.561 Y58.196 E0.00382
G1 X56.756 Y57.904 E0.00584
G1 X56.8 Y57.734 E0.00292
G1 X56.8 Y54.7 E0.05046
G1 X55 Y54.7 E0.02993
G1 X54.422 Y55.169 E0.01238
G1 X53.355 Y55.732 E0.02006
G1 X52.192 Y56.084 E0.02021
G0 F7200 X51.993 Y56.102
G0 X52.061 Y56.81
G0 X51 Y56.854
G0 X49.663 Y56.722
G0 X48.377 Y56.331
G0 X47.193 Y55.699
G0 X46.153 Y54.847
G0 X45.301 Y53.807
G0 X44.669 Y52.623
G0 X44.278 Y51.337
G0 X44.146 Y50
G0 X44.253 Y48.917
G0 X44.555 Y47.301
;TYPE:SKIN
G1 F1632.7 X44.309 Y47.972 E0.0131
G1 F1376.7 X44.063 Y48.642 E0.01552
G1 F1304.3 X44.05 Y48.584 E0.00136
G1 F1531.9 X43.981 Y47.254 E0.02602
G1 F1800 X43.98 Y42.48 E0.07939
G1 X48.179 Y42.48 E0.06983
G1 F1607.1 X49.509 Y42.528 E0.02479
G1 F1400.8 X49.617 Y42.546 E0.00234
G1 F1437.1 X50.955 Y42.514 E0.02788
G1 X52.375 Y42.546 E0.02958
G1 F1400.8 X52.483 Y42.528 E0.00234
G1 F1607.1 X53.813 Y42.48 E0.02479
G1 F1800 X56.02 Y42.48 E0.0367
G1 X56.02 Y44.52 E0.03393
G1 X55.274 Y44.52 E0.01241
G1 X54.787 Y44.139 E0.01028
G1 X53.691 Y43.555 E0.02065
G1 F1607.1 X52.397 Y43.106 E0.02551
G1 F1400.8 X52.35 Y43.078 E0.00117
G1 F1437.1 X51.023 Y42.982 E0.02771
G1 X49.642 Y43.078 E0.02883
G1 F1400.8 X49.595 Y43.106 E0.00117
G1 F1607.1 X48.301 Y43.555 E0.02551
G1 F1800 X47.138 Y44.175 E0.02192
G1 X46.073 Y45.045 E0.02287
G1 X45.175 Y46.137 E0.02351
G1 X44.555 Y47.301 E0.02193
G0 F7200 X44.063 Y48.642
G1 F1431.4 X44 Y49.98 E0.02801
G1 F1425.7 X44.065 Y51.34 E0.02859
G0 F7200 X45.301 Y53.807
G0 X46.153 Y54.847
G0 X47.193 Y55.699
G0 X48.377 Y56.331
G0 X52.489 Y57.446
G1 F1411.8 X51 Y57.482 E0.03158
G1 F1428.6 X49.616 Y57.45 E0.02901
G1 F1398.1 X49.504 Y57.469 E0.00243
G1 F1607.1 X48.185 Y57.517 E0.02458
G1 F1800 X43.98 Y57.516 E0.06993
G1 X43.98 Y52.733 E0.07954
G1 F1525.4 X44.052 Y51.394 E0.02631
G1 F1295 X44.065 Y51.34 E0.00128
G1 F1368.8 X44.308 Y52.016 E0.01571
G1 F1629 X44.551 Y52.691 E0.01318
G1 F1800 X45.175 Y53.855 E0.02196
G1 X46.045 Y54.923 E0.02291
G1 X47.101 Y55.795 E0.02277
G1 X48.31 Y56.441 E0.0228
G1 F1607.1 X49.591 Y56.89 E0.02528
G1 F1398.1 X49.64 Y56.918 E0.00121
G1 F1428.6 X51 Y57.009 E0.02856
G1 F1411.8 X52.409 Y56.913 E0.02994
G1 F1525.4 X53.682 Y56.441 E0.02664
G1 F1800 X54.79 Y55.853 E0.02086
G1 X55.273 Y55.48 E0.01015
G1 X56.02 Y55.48 E0.01242
G1 X56.02 Y57.519 E0.03391
G1 X53.807 Y57.519 E0.0368
G1 F1525.4 X52.489 Y57.446 E0.0259
G0 F7200 X55.253 Y57.319
G1 F1800 X55.82 Y56.752 E0.01333
G0 F7200 X55.82 Y56.186
G1 F1800 X54.687 Y57.319 E0.02665
G0 F7200 X54.121 Y57.319
G1 F1800 X55.76 Y55.68 E0.03855
G1 X55.83 Y55.61
G0 F7200 X54.8 Y56.074
G1 F1800 X53.58 Y57.294 E0.02869
G0 F7200 X53.07 Y57.238
G1 F1800 X53.626 Y56.682 E0.01308
G0 F7200 X52.631 Y57.112
G1 F1800 X52.561 Y57.182 E0.00165
G0 F7200 X49.306 Y57.043
G1 F1800 X49.098 Y57.251 E0.00489
G0 F7200 X48.899 Y56.884
G1 F1800 X48.488 Y57.295 E0.00967
G0 F7200 X48.492 Y56.726
G1 F1800 X47.901 Y57.317 E0.0139
G0 F7200 X47.335 Y57.317
G1 F1800 X48.097 Y56.554 E0.01793
G0 F7200 X47.728 Y56.359
G1 F1800 X46.769 Y57.317 E0.02254
G0 F7200 X46.204 Y57.317
G1 F1800 X47.358 Y56.162 E0.02715
G0 F7200 X46.991 Y55.963
G1 F1800 X45.638 Y57.317 E0.03183
G0 F7200 X45.072 Y57.317
G1 F1800 X46.68 Y55.709 E0.03782
G0 F7200 X46.37 Y55.453
G1 F1800 X44.507 Y57.317 E0.04383
G0 F7200 X44.18 Y57.078
G1 F1800 X46.06 Y55.198 E0.04421
G0 F7200 X45.778 Y54.914
G1 F1800 X44.18 Y56.512 E0.03758
G0 F7200 X44.18 Y55.946
G1 F1800 X45.524 Y54.603 E0.0316
G0 F7200 X45.269 Y54.292
G1 F1800 X44.18 Y55.381 E0.02561
G0 F7200 X44.18 Y54.815
G1 F1800 X45.015 Y53.98 E0.01964
G0 F7200 X44.817 Y53.612
G1 F1800 X44.18 Y54.249 E0.01498
G0 F7200 X44.18 Y53.684
G1 F1800 X44.62 Y53.244 E0.01035
G0 F7200 X44.423 Y52.875
G1 F1800 X44.18 Y53.118 E0.00571
G0 F7200 X44.18 Y52.552
G1 F1800 X44.271 Y52.462 E0.00213
G0 F7200 X44.17 Y50.468
G0 X44.181 Y47.46
G1 F1800 X44.343 Y47.298 E0.00381
G0 F7200 X44.181 Y46.895
G1 F1800 X44.958 Y46.118 E0.01827
G1 X45.028 Y46.048
G0 F7200 X44.181 Y46.329
G1 F1800 X47.83 Y42.68 E0.08582
G0 F7200 X48.381 Y42.694
G1 F1800 X47.115 Y43.961 E0.02979
G1 X47.045 Y44.031
G0 F7200 X47.264 Y42.68
G1 F1800 X44.181 Y45.763 E0.07251
G0 F7200 X44.181 Y45.198
G1 F1800 X46.699 Y42.68 E0.05922
G0 F7200 X46.133 Y42.68
G1 F1800 X44.181 Y44.632 E0.04591
G0 F7200 X44.181 Y44.066
G1 F1800 X45.567 Y42.68 E0.0326
G0 F7200 X45.002 Y42.68
G1 F1800 X44.181 Y43.501 E0.01931
G0 F7200 X44.181 Y42.935
G1 F1800 X44.436 Y42.68 E0.006
G0 F7200 X48.324 Y43.317
G1 F1800 X48.908 Y42.733 E0.01373
G0 F7200 X49.22 Y42.986
G1 F1800 X49.437 Y42.77 E0.00509
G0 F7200 X52.658 Y42.943
G1 F1800 X52.852 Y42.749 E0.00456
G0 F7200 X53.066 Y43.101
G1 F1800 X53.462 Y42.705 E0.00931
G0 F7200 X53.473 Y43.259
G1 F1800 X54.052 Y42.68 E0.01362
G0 F7200 X54.618 Y42.68
G1 F1800 X53.872 Y43.426 E0.01754
G0 F7200 X54.241 Y43.623
G1 F1800 X55.183 Y42.68 E0.02217
G0 F7200 X55.749 Y42.68
G1 F1800 X54.611 Y43.819 E0.02678
G0 F7200 X54.966 Y44.029
G1 F1800 X55.82 Y43.175 E0.02008
G0 F7200 X55.82 Y43.741
G1 F1800 X55.284 Y44.276 E0.01259
G0 F7200 X55.308 Y44.247
;MESH:NONMESH
G0 F600 X55.308 Y44.247 Z19.5
G0 F7200 X52.337 Y43.278
G0 X51 Y43.146
G0 X49.663 Y43.278
G0 X48.377 Y43.669
G0 X47.193 Y44.301
G0 X46.153 Y45.153
G0 X45.301 Y46.193
G0 X44.669 Y47.377
G0 X44.278 Y48.663
G0 X44.146 Y50
G0 X44.278 Y51.337
G0 X44.669 Y52.623
G0 X45.301 Y53.807
G0 X46.153 Y54.847
G0 X47.193 Y55.699
G0 X48.377 Y56.331
G0 X49.663 Y56.722
G0 X50.746 Y56.829
G0 X52.376 Y56.773
G0 X52.287 Y56.477
;TIME_ELAPSED:1344.637155
;LAYER:192
;TYPE:WALL-INNER
;MESH:hold.stl
G1 F3600 X51 Y56.599 E0.0215
G1 X49.708 Y56.476 E0.02158
G1 X48.469 Y56.097 E0.02155
G1 X47.334 Y55.494 E0.02137
G1 X46.328 Y54.666 E0.02167
G1 X45.505 Y53.661 E0.0216
G1 X44.899 Y52.53 E0.02134
G1 X44.523 Y51.288 E0.02158
G1 X44.4 Y50 E0.02152
G1 X44.523 Y48.708 E0.02158
G1 X44.899 Y47.466 E0.02158
G1 X45.505 Y46.335 E0.02134
G1 X46.326 Y45.332 E0.02156
G1 X47.335 Y44.505 E0.0217
G1 X48.471 Y43.898 E0.02142
G1 X49.708 Y43.524 E0.02149
G1 X51 Y43.396 E0.02159
G1 X52.288 Y43.524 E0.02153
G1 X53.525 Y43.898 E0.02149
G1 X54.665 Y44.508 E0.0215
G1 X55.143 Y44.9 E0.01028
G1 X56.4 Y44.9 E0.0209
G1 X56.4 Y42.318 E0.04294
G1 X56.307 Y42.1 E0.00394
G1 X43.6 Y42.1 E0.21132
G1 X43.601 Y57.899 E0.26274
G1 X56.258 Y57.9 E0.21049
G1 X56.319 Y57.868 E0.00115
G1 X56.4 Y57.69 E0.00325
G1 X56.4 Y55.1 E0.04307
G1 X55.143 Y55.1 E0.0209
G1 X54.663 Y55.494 E0.01033
G1 X53.527 Y56.097 E0.02139
G1 X52.287 Y56.477 E0.02157
G0 F7200 X52.192 Y56.084
;TYPE:WALL-OUTER
G1 F1800 X50.981 Y56.196 E0.02022
G1 X49.805 Y56.084 E0.01965
G1 X48.641 Y55.732 E0.02022
G1 X47.54 Y55.147 E0.02073
G1 X46.628 Y54.395 E0.01966
G1 X45.831 Y53.423 E0.0209
G1 X45.279 Y52.391 E0.01946
G1 X44.916 Y51.192 E0.02083
G1 X44.8 Y49.98 E0.02025
G1 X44.916 Y48.804 E0.01965
G1 X45.279 Y47.605 E0.02083
G1 X45.831 Y46.573 E0.01946
G1 X46.629 Y45.601 E0.02091
G1 X47.573 Y44.831 E0.02026
G1 X48.605 Y44.279 E0.01946
G1 X49.804 Y43.916 E0.02083
G1 X51.02 Y43.8 E0.02031
G1 X52.192 Y43.916 E0.01959
G1 X53.391 Y44.279 E0.02083
G1 X54.423 Y44.831 E0.01946
G1 X55 Y45.3 E0.01237
G1 X56.8 Y45.3 E0.02993
G1 X56.8 Y42.269 E0.05041
G1 X56.756 Y42.094 E0.003
G1 X56.567 Y41.804 E0.00576
G1 X56.36 Y41.7 E0.00385
G1 X43.2 Y41.7 E0.21885
G1 X43.201 Y58.299 E0.27604
G1 X56.355 Y58.3 E0.21875
G1 X56.635 Y58.124 E0.0055
G1 X56.8 Y57.742 E0.00692
G1 X56.8 Y54.7 E0.05059
G1 X55 Y54.7 E0.02993
G1 X54.422 Y55.169 E0.01238
G1 X53.355 Y55.732 E0.02006
G1 X52.192 Y56.084 E0.02021
G0 F7200 X51.993 Y56.102
G0 X52.061 Y56.81
G0 X51 Y56.854
G0 X49.663 Y56.722
G0 X48.377 Y56.331
G0 X47.193 Y55.699
G0 X46.153 Y54.847
G0 X45.301 Y53.807
G0 X44.669 Y52.623
G0 X44.278 Y51.337
G0 X44.146 Y50
G0 X44.253 Y48.917
G0 X44.555 Y47.301
;TYPE:SKIN
G1 F1632.7 X44.309 Y47.972 E0.0131
G1 F1376.7 X44.063 Y48.642 E0.01552
G1 F1304.3 X44.05 Y48.584 E0.00136
G1 F1531.9 X43.981 Y47.254 E0.02602
G1 F1800 X43.98 Y42.48 E0.07939
G1 X48.179 Y42.48 E0.06983
G1 F1607.1 X49.509 Y42.528 E0.02479
G1 F1400.8 X49.617 Y42.546 E0.00234
G1 F1437.1 X50.955 Y42.514 E0.02788
G1 X52.375 Y42.546 E0.02958
G1 F1400.8 X52.483 Y42.528 E0.00234
G1 F1607.1 X53.813 Y42.48 E0.02479
G1 F1800 X56.02 Y42.48 E0.0367
G1 X56.02 Y44.52 E0.03393
G1 X55.274 Y44.52 E0.01241
G1 X54.787 Y44.139 E0.01028
G1 X53.691 Y43.555 E0.02065
G1 F1607.1 X52.397 Y43.106 E0.02551
G1 F1400.8 X52.35 Y43.078 E0.00117
G1 F1437.1 X51.023 Y42.982 E0.02771
G1 X49.642 Y43.078 E0.02883
G1 F1400.8 X49.595 Y43.106 E0.00117
G1 F1607.1 X48.301 Y43.555 E0.02551
G1 F1800 X47.138 Y44.175 E0.02192
G1 X46.073 Y45.045 E0.02287
G1 X45.175 Y46.137 E0.02351
G1 X44.555 Y47.301 E0.02193
G0 F7200 X44.063 Y48.642
G1 F1431.4 X44 Y49.98 E0.02801
G1 F1425.7 X44.065 Y51.34 E0.02859
G0 F7200 X45.301 Y53.807
G0 X46.153 Y54.847
G0 X47.193 Y55.699
G0 X48.377 Y56.331
G0 X52.489 Y57.446
G1 F1411.8 X51 Y57.482 E0.03158
G1 F1428.6 X49.616 Y57.45 E0.02901
G1 F1398.1 X49.504 Y57.469 E0.00243
G1 F1607.1 X48.185 Y57.517 E0.02458
G1 F1800 X43.98 Y57.516 E0.06993
G1 X43.98 Y52.733 E0.07954
G1 F1525.4 X44.052 Y51.394 E0.02631
G1 F1295 X44.065 Y51.34 E0.00128
G1 F1368.8 X44.308 Y52.016 E0.01571
G1 F1629 X44.551 Y52.691 E0.01318
G1 F1800 X45.175 Y53.855 E0.02196
G1 X46.045 Y54.923 E0.02291
G1 X47.101 Y55.795 E0.02277
G1 X48.31 Y56.441 E0.0228
G1 F1607.1 X49.591 Y56.89 E0.02528
G1 F1398.1 X49.64 Y56.918 E0.00121
G1 F1428.6 X51 Y57.009 E0.02856
G1 F1411.8 X52.409 Y56.913 E0.02994
G1 F1525.4 X53.682 Y56.441 E0.02664
G1 F1800 X54.79 Y55.853 E0.02086
G1 X55.273 Y55.48 E0.01015
G1 X56.02 Y55.48 E0.01242
G1 X56.02 Y57.519 E0.03391
G1 X53.807 Y57.519 E0.0368
G1 F1525.4 X52.489 Y57.446 E0.0259
G0 F7200 X44.306 Y57.317
G1 F1800 X44.18 Y57.191 E0.00296
G0 F7200 X44.18 Y56.625
G1 F1800 X44.872 Y57.317 E0.01627
G0 F7200 X45.437 Y57.317
G1 F1800 X44.18 Y56.059 E0.02957
G0 F7200 X44.18 Y55.494
G1 F1800 X46.003 Y57.317 E0.04287
G0 F7200 X46.569 Y57.317
G1 F1800 X44.18 Y54.928 E0.05619
G0 F7200 X44.18 Y54.362
G1 F1800 X47.134 Y57.317 E0.06949
G0 F7200 X47.7 Y57.317
G1 F1800 X44.18 Y53.797 E0.08279
G0 F7200 X44.18 Y53.231
G1 F1800 X45.4 Y54.451 E0.02869
G1 X45.47 Y54.521
G0 F7200 X46.555 Y55.606
G1 F1800 X48.26 Y57.311 E0.0401
G0 F7200 X48.788 Y57.273
G1 F1800 X48.039 Y56.524 E0.01762
G1 X47.969 Y56.454
G0 F7200 X49.008 Y56.928
G1 F1800 X49.315 Y57.235 E0.00722
G0 F7200 X52.6 Y57.126
G1 F1800 X52.667 Y57.192 E0.00156
G0 F7200 X52.996 Y56.955
G1 F1800 X53.303 Y57.263 E0.00723
G0 F7200 X53.391 Y56.785
G1 F1800 X53.925 Y57.319 E0.01256
G0 F7200 X54.49 Y57.319
G1 F1800 X53.785 Y56.614 E0.01658
G0 F7200 X54.154 Y56.417
G1 F1800 X55.056 Y57.319 E0.02121
G0 F7200 X55.622 Y57.319
G1 F1800 X54.524 Y56.221 E0.02582
G0 F7200 X54.893 Y56.024
G1 F1800 X55.82 Y56.951 E0.0218
G0 F7200 X55.82 Y56.385
G1 F1800 X55.213 Y55.779 E0.01426
G0 F7200 X55.68 Y55.68
G1 F1800 X55.82 Y55.82 E0.00329
G0 F7200 X52.337 Y56.722
G0 X51 Y56.854
G0 X49.663 Y56.722
G0 X48.377 Y56.331
G0 X47.193 Y55.699
G0 X46.153 Y54.847
G0 X45.301 Y53.807
G0 X44.669 Y52.623
G0 X44.278 Y51.337
G0 X44.146 Y50
G0 X44.278 Y48.663
G0 X44.669 Y47.377
G0 X45.301 Y46.193
G0 X46.153 Y45.153
G0 X47.193 Y44.301
G0 X48.377 Y43.669
G0 X49.663 Y43.278
G0 X51 Y43.146
G0 X52.203 Y43.265
G0 X55.634 Y44.32
G1 F1800 X53.994 Y42.68 E0.03857
G0 F7200 X53.454 Y42.706
G1 F1800 X54.517 Y43.768 E0.02499
G1 X54.587 Y43.838
G0 F7200 X54.56 Y42.68
G1 F1800 X55.82 Y43.941 E0.02965
G0 F7200 X55.82 Y43.375
G1 F1800 X55.125 Y42.68 E0.01635
G0 F7200 X55.691 Y42.68
G1 F1800 X55.82 Y42.81 E0.00305
G0 F7200 X53.421 Y43.238
G1 F1800 X52.926 Y42.744 E0.01163
G0 F7200 X52.496 Y42.88
G1 F1800 X52.416 Y42.799 E0.00189
G0 F7200 X49.212 Y42.989
G1 F1800 X48.959 Y42.737 E0.00594
G0 F7200 X48.805 Y43.148
G1 F1800 X48.35 Y42.693 E0.0107
G0 F7200 X47.771 Y42.68
G1 F1800 X48.379 Y43.288 E0.0143
G0 F7200 X48.009 Y43.484
G1 F1800 X47.206 Y42.68 E0.0189
G0 F7200 X46.64 Y42.68
G1 F1800 X47.64 Y43.68 E0.02352
G0 F7200 X47.271 Y43.877
G1 F1800 X46.074 Y42.68 E0.02815
G0 F7200 X45.509 Y42.68
G1 F1800 X46.919 Y44.091 E0.03317
G0 F7200 X46.609 Y44.346
G1 F1800 X44.943 Y42.68 E0.03918
G0 F7200 X44.377 Y42.68
G1 F1800 X46.299 Y44.601 E0.04519
G0 F7200 X45.988 Y44.857
G1 F1800 X44.18 Y43.049 E0.04252
G0 F7200 X44.18 Y43.614
G1 F1800 X45.72 Y45.154 E0.03622
G0 F7200 X45.465 Y45.465
G1 F1800 X44.18 Y44.18 E0.03022
G0 F7200 X44.18 Y44.746
G1 F1800 X45.21 Y45.775 E0.02421
G0 F7200 X44.968 Y46.1
G1 F1800 X44.18 Y45.311 E0.01854
G0 F7200 X44.18 Y45.877
G1 F1800 X44.772 Y46.469 E0.01392
G0 F7200 X44.575 Y46.838
G1 F1800 X44.181 Y46.443 E0.00928
G0 F7200 X44.181 Y47.009
G1 F1800 X44.379 Y47.208 E0.00467
G0 F7200 X44.181 Y47.575
G1 F1800 X44.241 Y47.635 E0.00141
G0 F7200 X44.187 Y48.975
G0 X44.18 Y52.665
G1 F1800 X44.461 Y52.947 E0.00662
G0 F7200 X44.439 Y52.957
;MESH:NONMESH
G0 F600 X44.439 Y52.957 Z19.6
G0 F7200 X46.153 Y54.847
G0 X47.193 Y55.699
G0 X48.377 Y56.331
G0 X49.663 Y56.722
G0 X50.746 Y56.829
G0 X52.376 Y56.773
G0 X52.287 Y56.477
;TIME_ELAPSED:1355.545484
;LAYER:193
;TYPE:WALL-INNER
;MESH:hold.stl
G1 F3600 X51 Y56.599 E0.0215
G1 X49.708 Y56.476 E0.02158
G1 X48.469 Y56.097 E0.02155
G1 X47.334 Y55.494 E0.02137
G1 X46.328 Y54.666 E0.02167
G1 X45.505 Y53.661 E0.0216
G1 X44.899 Y52.53 E0.02134
G1 X44.523 Y51.288 E0.02158
G1 X44.4 Y50 E0.02152
G1 X44.523 Y48.708 E0.02158
G1 X44.899 Y47.466 E0.02158
G1 X45.505 Y46.335 E0.02134
G1 X46.326 Y45.332 E0.02156
G1 X47.335 Y44.505 E0.0217
G1 X48.471 Y43.898 E0.02142
G1 X49.708 Y43.524 E0.02149
G1 X51 Y43.396 E0.02159
G1 X52.288 Y43.524 E0.02153
G1 X53.525 Y43.898 E0.02149
G1 X54.665 Y44.508 E0.0215
G1 X55.143 Y44.9 E0.01028
G1 X56.4 Y44.9 E0.0209
G1 X56.4 Y42.316 E0.04297
G1 X56.275 Y42.1 E0.00415
G1 X43.6 Y42.1 E0.21079
G1 X43.601 Y57.899 E0.26274
G1 X56.271 Y57.9 E0.2107
G1 X56.4 Y57.687 E0.00414
G1 X56.4 Y55.1 E0.04302
G1 X55.143 Y55.1 E0.0209
G1 X54.663 Y55.494 E0.01033
G1 X53.527 Y56.097 E0.02139
G1 X52.287 Y56.477 E0.02157
G0 F7200 X52.192 Y56.084
;TYPE:WALL-OUTER
G1 F1800 X50.981 Y56.196 E0.02022
G1 X49.805 Y56.084 E0.01965
G1 X48.641 Y55.732 E0.02022
G1 X47.54 Y55.147 E0.02073
G1 X46.628 Y54.395 E0.01966
G1 X45.831 Y53.423 E0.0209
G1 X45.279 Y52.391 E0.01946
G1 X44.916 Y51.192 E0.02083
G1 X44.8 Y49.98 E0.02025
G1 X44.916 Y48.804 E0.01965
G1 X45.279 Y47.605 E0.02083
G1 X45.831 Y46.573 E0.01946
G1 X46.629 Y45.601 E0.02091
G1 X47.573 Y44.831 E0.02026
G1 X48.605 Y44.279 E0.01946
G1 X49.804 Y43.916 E0.02083
G1 X51.02 Y43.8 E0.02031
G1 X52.192 Y43.916 E0.01959
G1 X53.391 Y44.279 E0.02083
G1 X54.423 Y44.831 E0.01946
G1 X55 Y45.3 E0.01237
G1 X56.8 Y45.3 E0.02993
G1 X56.8 Y42.266 E0.05046
G1 X56.639 Y41.883 E0.00691
G1 X56.359 Y41.7 E0.00556
G1 X43.2 Y41.7 E0.21884
G1 X43.201 Y58.299 E0.27604
G1 X56.354 Y58.3 E0.21874
G1 X56.636 Y58.12 E0.00556
G1 X56.8 Y57.738 E0.00691
G1 X56.8 Y54.7 E0.05052
G1 X55 Y54.7 E0.02993
G1 X54.422 Y55.169 E0.01238
G1 X53.355 Y55.732 E0.02006
G1 X52.192 Y56.084 E0.02021
G0 F7200 X51.993 Y56.102
G0 X52.061 Y56.81
G0 X51 Y56.854
G0 X49.663 Y56.722
G0 X48.377 Y56.331
G0 X47.193 Y55.699
G0 X46.153 Y54.847
G0 X45.301 Y53.807
G0 X44.669 Y52.623
G0 X44.278 Y51.337
G0 X44.146 Y50
G0 X44.253 Y48.917
G0 X44.555 Y47.301
;TYPE:SKIN
G1 F1632.7 X44.309 Y47.972 E0.0131
G1 F1376.7 X44.063 Y48.642 E0.01552
G1 F1304.3 X44.05 Y48.584 E0.00136
G1 F1531.9 X43.981 Y47.254 E0.02602
G1 F1800 X43.98 Y42.48 E0.07939
G1 X48.179 Y42.48 E0.06983
G1 F1607.1 X49.509 Y42.528 E0.02479
G1 F1400.8 X49.617 Y42.546 E0.00234
G1 F1437.1 X50.955 Y42.514 E0.02788
G1 X52.375 Y42.546 E0.02958
G1 F1400.8 X52.483 Y42.528 E0.00234
G1 F1607.1 X53.813 Y42.48 E0.02479
G1 F1800 X56.02 Y42.48 E0.0367
G1 X56.02 Y44.52 E0.03393
G1 X55.274 Y44.52 E0.01241
G1 X54.787 Y44.139 E0.01028
G1 X53.691 Y43.555 E0.02065
G1 F1607.1 X52.397 Y43.106 E0.02551
G1 F1400.8 X52.35 Y43.078 E0.00117
G1 F1437.1 X51.023 Y42.982 E0.02771
G1 X49.642 Y43.078 E0.02883
G1 F1400.8 X49.595 Y43.106 E0.00117
G1 F1607.1 X48.301 Y43.555 E0.02551
G1 F1800 X47.138 Y44.175 E0.02192
G1 X46.073 Y45.045 E0.02287
G1 X45.175 Y46.137 E0.02351
G1 X44.555 Y47.301 E0.02193
G0 F7200 X44.063 Y48.642
G1 F1431.4 X44 Y49.98 E0.02801
G1 F1425.7 X44.065 Y51.34 E0.02859
G0 F7200 X45.301 Y53.807
G0 X46.153 Y54.847
G0 X47.193 Y55.699
G0 X48.377 Y56.331
G0 X52.488 Y57.469
G1 F1400.8 X52.376 Y57.45 E0.00243
G1 F1431.4 X51.043 Y57.48 E0.02788
G1 X49.616 Y57.45 E0.02985
G1 F1400.8 X49.504 Y57.469 E0.00243
G1 F1607.1 X48.186 Y57.516 E0.02456
G1 F1800 X43.98 Y57.516 E0.06995
G1 X43.98 Y52.733 E0.07954
G1 F1525.4 X44.052 Y51.394 E0.02631
G1 F1295 X44.065 Y51.34 E0.00128
G1 F1368.8 X44.308 Y52.016 E0.01571
G1 F1629 X44.551 Y52.691 E0.01318
G1 F1800 X45.175 Y53.855 E0.02196
G1 X46.045 Y54.923 E0.02291
G1 X47.101 Y55.795 E0.02277
G1 X48.31 Y56.441 E0.0228
G1 F1607.1 X49.591 Y56.889 E0.02528
G1 F1400.8 X49.64 Y56.918 E0.00122
G1 F1431.4 X50.979 Y57.008 E0.02806
G1 X52.352 Y56.918 E0.02877
G1 F1400.8 X52.401 Y56.889 E0.00122
G1 F1607.1 X53.682 Y56.441 E0.02528
G1 F1800 X54.79 Y55.853 E0.02086
G1 X55.273 Y55.48 E0.01015
G1 X56.02 Y55.48 E0.01242
G1 X56.02 Y57.516 E0.03386
G1 X53.806 Y57.516 E0.03682
G1 F1607.1 X52.488 Y57.469 E0.02456
G0 F7200 X55.255 Y57.316
G1 F1800 X55.82 Y56.752 E0.01328
G0 F7200 X55.82 Y56.186
G1 F1800 X54.69 Y57.316 E0.02658
G0 F7200 X54.124 Y57.316
G1 F1800 X55.76 Y55.68 E0.03848
G1 X55.83 Y55.61
G0 F7200 X54.797 Y56.078
G1 F1800 X53.575 Y57.3 E0.02874
G0 F7200 X53.046 Y57.262
G1 F1800 X53.638 Y56.671 E0.01391
G1 X53.708 Y56.601
G0 F7200 X52.711 Y57.032
G1 F1800 X52.518 Y57.225 E0.00454
G0 F7200 X49.307 Y57.042
G1 F1800 X49.097 Y57.252 E0.00494
G0 F7200 X48.899 Y56.884
G1 F1800 X48.488 Y57.295 E0.00967
G0 F7200 X48.492 Y56.726
G1 F1800 X47.901 Y57.317 E0.0139
G0 F7200 X47.335 Y57.317
G1 F1800 X48.097 Y56.554 E0.01793
G0 F7200 X47.728 Y56.359
G1 F1800 X46.769 Y57.317 E0.02254
G0 F7200 X46.204 Y57.317
G1 F1800 X47.358 Y56.163 E0.02714
G0 F7200 X46.991 Y55.964
G1 F1800 X45.638 Y57.317 E0.03182
G0 F7200 X45.072 Y57.317
G1 F1800 X46.68 Y55.709 E0.03782
G0 F7200 X46.37 Y55.453
G1 F1800 X44.507 Y57.317 E0.04383
G0 F7200 X44.18 Y57.078
G1 F1800 X46.06 Y55.198 E0.04421
G0 F7200 X45.778 Y54.914
G1 F1800 X44.18 Y56.512 E0.03758
G0 F7200 X44.18 Y55.946
G1 F1800 X45.524 Y54.603 E0.0316
G0 F7200 X45.269 Y54.292
G1 F1800 X44.18 Y55.381 E0.02561
G0 F7200 X44.18 Y54.815
G1 F1800 X45.015 Y53.98 E0.01964
G0 F7200 X44.817 Y53.612
G1 F1800 X44.18 Y54.249 E0.01498
G0 F7200 X44.18 Y53.684
G1 F1800 X44.62 Y53.244 E0.01035
G0 F7200 X44.423 Y52.875
G1 F1800 X44.18 Y53.118 E0.00571
G0 F7200 X44.18 Y52.552
G1 F1800 X44.271 Y52.462 E0.00213
G0 F7200 X44.17 Y50.468
G0 X44.181 Y47.46
G1 F1800 X44.343 Y47.298 E0.00381
G0 F7200 X44.181 Y46.895
G1 F1800 X44.958 Y46.118 E0.01827
G1 X45.028 Y46.048
G0 F7200 X44.181 Y46.329
G1 F1800 X47.83 Y42.68 E0.08582
G0 F7200 X48.381 Y42.694
G1 F1800 X47.115 Y43.961 E0.02979
G1 X47.045 Y44.031
G0 F7200 X47.264 Y42.68
G1 F1800 X44.181 Y45.763 E0.07251
G0 F7200 X44.181 Y45.198
G1 F1800 X46.699 Y42.68 E0.05922
G0 F7200 X46.133 Y42.68
G1 F1800 X44.181 Y44.632 E0.04591
G0 F7200 X44.181 Y44.066
G1 F1800 X45.567 Y42.68 E0.0326
G0 F7200 X45.002 Y42.68
G1 F1800 X44.181 Y43.501 E0.01931
G0 F7200 X44.181 Y42.935
G1 F1800 X44.436 Y42.68 E0.006
G0 F7200 X48.324 Y43.317
G1 F1800 X48.908 Y42.733 E0.01373
G0 F7200 X49.22 Y42.986
G1 F1800 X49.437 Y42.77 E0.00509
G0 F7200 X52.658 Y42.943
G1 F1800 X52.852 Y42.749 E0.00456
G0 F7200 X53.066 Y43.101
G1 F1800 X53.462 Y42.705 E0.00931
G0 F7200 X53.473 Y43.259
G1 F1800 X54.052 Y42.68 E0.01362
G0 F7200 X54.618 Y42.68
G1 F1800 X53.872 Y43.426 E0.01754
G0 F7200 X54.241 Y43.623
G1 F1800 X55.183 Y42.68 E0.02217
G0 F7200 X55.749 Y42.68
G1 F1800 X54.611 Y43.819 E0.02678
G0 F7200 X54.966 Y44.029
G1 F1800 X55.82 Y43.175 E0.02008
G0 F7200 X55.82 Y43.741
G1 F1800 X55.284 Y44.276 E0.01259
G0 F7200 X55.308 Y44.247
;MESH:NONMESH
G0 F600 X55.308 Y44.247 Z19.7
G0 F7200 X52.337 Y43.278
G0 X51 Y43.146
G0 X49.663 Y43.278
G0 X48.377 Y43.669
G0 X47.193 Y44.301
G0 X46.153 Y45.153
G0 X45.301 Y46.193
G0 X44.669 Y47.377
G0 X44.278 Y48.663
G0 X44.146 Y50
G0 X44.278 Y51.337
G0 X44.669 Y52.623
G0 X45.301 Y53.807
G0 X46.153 Y54.847
G0 X47.193 Y55.699
G0 X48.377 Y56.331
G0 X49.663 Y56.722
G0 X50.746 Y56.829
G0 X52.376 Y56.773
G0 X52.287 Y56.477
;TIME_ELAPSED:1366.260893
;LAYER:194
;TYPE:WALL-INNER
;MESH:hold.stl
G1 F3600 X51 Y56.599 E0.0215
G1 X49.708 Y56.476 E0.02158
G1 X48.469 Y56.097 E0.02155
G1 X47.334 Y55.494 E0.02137
G1 X46.328 Y54.666 E0.02167
G1 X45.505 Y53.661 E0.0216
G1 X44.899 Y52.53 E0.02134
G1 X44.523 Y51.288 E0.02158
G1 X44.4 Y50 E0.02152
G1 X44.523 Y48.708 E0.02158
G1 X44.899 Y47.466 E0.02158
G1 X45.505 Y46.335 E0.02134
G1 X46.326 Y45.332 E0.02156
G1 X47.335 Y44.505 E0.0217
G1 X48.471 Y43.898 E0.02142
G1 X49.708 Y43.524 E0.02149
G1 X51 Y43.396 E0.02159
G1 X52.288 Y43.524 E0.02153
G1 X53.525 Y43.898 E0.02149
G1 X54.665 Y44.508 E0.0215
G1 X55.143 Y44.9 E0.01028
G1 X56.4 Y44.9 E0.0209
G1 X56.4 Y42.337 E0.04262
G1 X56.345 Y42.17 E0.00292
G1 X56.266 Y42.1 E0.00176
G1 X43.6 Y42.1 E0.21064
G1 X43.601 Y57.899 E0.26274
G1 X56.271 Y57.9 E0.2107
G1 X56.4 Y57.684 E0.00418
G1 X56.4 Y55.1 E0.04297
G1 X55.143 Y55.1 E0.0209
G1 X54.663 Y55.494 E0.01033
G1 X53.527 Y56.097 E0.02139
G1 X52.287 Y56.477 E0.02157
G0 F7200 X52.192 Y56.084
;TYPE:WALL-OUTER
G1 F1800 X50.981 Y56.196 E0.02022
G1 X49.805 Y56.084 E0.01965
G1 X48.641 Y55.732 E0.02022
G1 X47.54 Y55.147 E0.02073
G1 X46.628 Y54.395 E0.01966
G1 X45.831 Y53.423 E0.0209
G1 X45.279 Y52.391 E0.01946
G1 X44.916 Y51.192 E0.02083
G1 X44.8 Y49.98 E0.02025
G1 X44.916 Y48.804 E0.01965
G1 X45.279 Y47.605 E0.02083
G1 X45.831 Y46.573 E0.01946
G1 X46.629 Y45.601 E0.02091
G1 X47.573 Y44.831 E0.02026
G1 X48.605 Y44.279 E0.01946
G1 X49.804 Y43.916 E0.02083
G1 X51.02 Y43.8 E0.02031
G1 X52.192 Y43.916 E0.01959
G1 X53.391 Y44.279 E0.02083
G1 X54.423 Y44.831 E0.01946
G1 X55 Y45.3 E0.01237
G1 X56.8 Y45.3 E0.02993
G1 X56.8 Y42.273 E0.05034
G1 X56.701 Y41.974 E0.00524
G1 X56.56 Y41.8 E0.00372
G1 X56.36 Y41.7 E0.00372
G1 X43.2 Y41.7 E0.21885
G1 X43.201 Y58.299 E0.27604
G1 X56.354 Y58.3 E0.21874
G1 X56.636 Y58.12 E0.00556
G1 X56.756 Y57.905 E0.00409
G1 X56.8 Y57.734 E0.00294
G1 X56.8 Y54.7 E0.05046
G1 X55 Y54.7 E0.02993
G1 X54.422 Y55.169 E0.01238
G1 X53.355 Y55.732 E0.02006
G1 X52.192 Y56.084 E0.02021
G0 F7200 X51.993 Y56.102
G0 X52.061 Y56.81
G0 X51 Y56.854
G0 X49.663 Y56.722
G0 X48.377 Y56.331
G0 X47.193 Y55.699
G0 X46.153 Y54.847
G0 X45.301 Y53.807
G0 X44.669 Y52.623
G0 X44.278 Y51.337
G0 X44.146 Y50
G0 X44.253 Y48.917
G0 X44.555 Y47.301
;TYPE:SKIN
G1 F1632.7 X44.309 Y47.972 E0.0131
G1 F1376.7 X44.063 Y48.642 E0.01552
G1 F1304.3 X44.05 Y48.584 E0.00136
G1 F1531.9 X43.981 Y47.254 E0.02602
G1 F1800 X43.98 Y42.48 E0.07939
G1 X48.179 Y42.48 E0.06983
G1 F1607.1 X49.509 Y42.528 E0.02479
G1 F1400.8 X49.617 Y42.546 E0.00234
G1 F1437.1 X50.955 Y42.514 E0.02788
G1 X52.375 Y42.546 E0.02958
G1 F1400.8 X52.483 Y42.528 E0.00234
G1 F1607.1 X53.813 Y42.48 E0.02479
G1 F1800 X56.02 Y42.48 E0.0367
G1 X56.02 Y44.52 E0.03393
G1 X55.274 Y44.52 E0.01241
G1 X54.787 Y44.139 E0.01028
G1 X53.691 Y43.555 E0.02065
G1 F1607.1 X52.397 Y43.106 E0.02551
G1 F1400.8 X52.35 Y43.078 E0.00117
G1 F1437.1 X51.023 Y42.982 E0.02771
G1 X49.642 Y43.078 E0.02883
G1 F1400.8 X49.595 Y43.106 E0.00117
G1 F1607.1 X48.301 Y43.555 E0.02551
G1 F1800 X47.138 Y44.175 E0.02192
G1 X46.073 Y45.045 E0.02287
G1 X45.175 Y46.137 E0.02351
G1 X44.555 Y47.301 E0.02193
G0 F7200 X44.063 Y48.642
G1 F1431.4 X44 Y49.98 E0.02801
G1 F1425.7 X44.065 Y51.34 E0.02859
G0 F7200 X45.301 Y53.807
G0 X46.153 Y54.847
G0 X47.193 Y55.699
G0 X48.377 Y56.331
G0 X52.489 Y57.446
G1 F1411.8 X51 Y57.482 E0.03158
G1 F1428.6 X49.616 Y57.45 E0.02901
G1 F1398.1 X49.504 Y57.469 E0.00243
G1 F1607.1 X48.185 Y57.517 E0.02458
G1 F1800 X43.98 Y57.516 E0.06993
G1 X43.98 Y52.733 E0.07954
G1 F1525.4 X44.052 Y51.394 E0.02631
G1 F1295 X44.065 Y51.34 E0.00128
G1 F1368.8 X44.308 Y52.016 E0.01571
G1 F1629 X44.551 Y52.691 E0.01318
G1 F1800 X45.175 Y53.855 E0.02196
G1 X46.045 Y54.923 E0.02291
G1 X47.101 Y55.795 E0.02277
G1 X48.31 Y56.441 E0.0228
G1 F1607.1 X49.591 Y56.89 E0.02528
G1 F1398.1 X49.64 Y56.918 E0.00121
G1 F1428.6 X51 Y57.009 E0.02856
G1 F1411.8 X52.409 Y56.913 E0.02994
G1 F1525.4 X53.682 Y56.441 E0.02664
G1 F1800 X54.79 Y55.853 E0.02086
G1 X55.273 Y55.48 E0.01015
G1 X56.02 Y55.48 E0.01242
G1 X56.02 Y57.519 E0.03391
G1 X53.807 Y57.519 E0.0368
G1 F1525.4 X52.489 Y57.446 E0.0259
G0 F7200 X44.306 Y57.317
G1 F1800 X44.18 Y57.191 E0.00296
G0 F7200 X44.18 Y56.625
G1 F1800 X44.872 Y57.317 E0.01627
G0 F7200 X45.437 Y57.317
G1 F1800 X44.18 Y56.059 E0.02957
G0 F7200 X44.18 Y55.494
G1 F1800 X46.003 Y57.317 E0.04287
G0 F7200 X46.569 Y57.317
G1 F1800 X44.18 Y54.928 E0.05619
G0 F7200 X44.18 Y54.362
G1 F1800 X47.134 Y57.317 E0.06949
G0 F7200 X47.7 Y57.317
G1 F1800 X44.18 Y53.797 E0.08279
G0 F7200 X44.18 Y53.231
G1 F1800 X45.4 Y54.451 E0.02869
G1 X45.47 Y54.521
G0 F7200 X46.555 Y55.606
G1 F1800 X48.26 Y57.311 E0.0401
G0 F7200 X48.788 Y57.273
G1 F1800 X48.039 Y56.524 E0.01762
G1 X47.969 Y56.454
G0 F7200 X49.008 Y56.928
G1 F1800 X49.315 Y57.235 E0.00722
G0 F7200 X52.6 Y57.126
G1 F1800 X52.667 Y57.192 E0.00156
G0 F7200 X52.996 Y56.955
G1 F1800 X53.303 Y57.263 E0.00723
G0 F7200 X53.391 Y56.785
G1 F1800 X53.925 Y57.319 E0.01256
G0 F7200 X54.49 Y57.319
G1 F1800 X53.785 Y56.614 E0.01658
G0 F7200 X54.154 Y56.417
G1 F1800 X55.056 Y57.319 E0.02121
G0 F7200 X55.622 Y57.319
G1 F1800 X54.524 Y56.221 E0.02582
G0 F7200 X54.893 Y56.024
G1 F1800 X55.82 Y56.951 E0.0218
G0 F7200 X55.82 Y56.385
G1 F1800 X55.213 Y55.779 E0.01426
G0 F7200 X55.68 Y55.68
G1 F1800 X55.82 Y55.82 E0.00329
G0 F7200 X52.337 Y56.722
G0 X51 Y56.854
G0 X49.663 Y56.722
G0 X48.377 Y56.331
G0 X47.193 Y55.699
G0 X46.153 Y54.847
G0 X45.301 Y53.807
G0 X44.669 Y52.623
G0 X44.278 Y51.337
G0 X44.146 Y50
G0 X44.278 Y48.663
G0 X44.669 Y47.377
G0 X45.301 Y46.193
G0 X46.153 Y45.153
G0 X47.193 Y44.301
G0 X48.377 Y43.669
G0 X49.663 Y43.278
G0 X51 Y43.146
G0 X52.203 Y43.265
G0 X55.634 Y44.32
G1 F1800 X53.994 Y42.68 E0.03857
G0 F7200 X53.454 Y42.706
G1 F1800 X54.517 Y43.768 E0.02499
G1 X54.587 Y43.838
G0 F7200 X54.56 Y42.68
G1 F1800 X55.82 Y43.941 E0.02965
G0 F7200 X55.82 Y43.375
G1 F1800 X55.125 Y42.68 E0.01635
G0 F7200 X55.691 Y42.68
G1 F1800 X55.82 Y42.81 E0.00305
G0 F7200 X53.421 Y43.238
G1 F1800 X52.926 Y42.744 E0.01163
G0 F7200 X52.496 Y42.88
G1 F1800 X52.416 Y42.799 E0.00189
G0 F7200 X49.212 Y42.989
G1 F1800 X48.959 Y42.737 E0.00594
G0 F7200 X48.805 Y43.148
G1 F1800 X48.35 Y42.693 E0.0107
G0 F7200 X47.771 Y42.68
G1 F1800 X48.379 Y43.288 E0.0143
G0 F7200 X48.009 Y43.484
G1 F1800 X47.206 Y42.68 E0.0189
G0 F7200 X46.64 Y42.68
G1 F1800 X47.64 Y43.68 E0.02352
G0 F7200 X47.271 Y43.877
G1 F1800 X46.074 Y42.68 E0.02815
G0 F7200 X45.509 Y42.68
G1 F1800 X46.919 Y44.091 E0.03317
G0 F7200 X46.609 Y44.346
G1 F1800 X44.943 Y42.68 E0.03918
G0 F7200 X44.377 Y42.68
G1 F1800 X46.299 Y44.601 E0.04519
G0 F7200 X45.988 Y44.857
G1 F1800 X44.18 Y43.049 E0.04252
G0 F7200 X44.18 Y43.614
G1 F1800 X45.72 Y45.154 E0.03622
G0 F7200 X45.465 Y45.465
G1 F1800 X44.18 Y44.18 E0.03022
G0 F7200 X44.18 Y44.746
G1 F1800 X45.21 Y45.775 E0.02421
G0 F7200 X44.968 Y46.1
G1 F1800 X44.18 Y45.311 E0.01854
G0 F7200 X44.18 Y45.877
G1 F1800 X44.772 Y46.469 E0.01392
G0 F7200 X44.575 Y46.838
G1 F1800 X44.181 Y46.443 E0.00928
G0 F7200 X44.181 Y47.009
G1 F1800 X44.379 Y47.208 E0.00467
G0 F7200 X44.181 Y47.575
G1 F1800 X44.241 Y47.635 E0.00141
G0 F7200 X44.187 Y48.975
G0 X44.18 Y52.665
G1 F1800 X44.461 Y52.947 E0.00662
G0 F7200 X44.439 Y52.957
;MESH:NONMESH
G0 F600 X44.439 Y52.957 Z19.8
G0 F7200 X46.153 Y54.847
G0 X47.193 Y55.699
G0 X48.377 Y56.331
G0 X49.663 Y56.722
G0 X50.746 Y56.829
G0 X52.376 Y56.773
G0 X52.287 Y56.477
;TIME_ELAPSED:1377.169910
;LAYER:195
;TYPE:WALL-INNER
;MESH:hold.stl
G1 F3600 X51 Y56.599 E0.0215
G1 X49.708 Y56.476 E0.02158
G1 X48.469 Y56.097 E0.02155
G1 X47.334 Y55.494 E0.02137
G1 X46.328 Y54.666 E0.02167
G1 X45.505 Y53.661 E0.0216
G1 X44.901 Y52.533 E0.02128
G1 X44.523 Y51.293 E0.02156
G1 X44.4 Y50 E0.0216
G1 X44.523 Y48.708 E0.02158
G1 X44.899 Y47.466 E0.02158
G1 X45.505 Y46.335 E0.02134
G1 X46.326 Y45.332 E0.02156
G1 X47.335 Y44.505 E0.0217
G1 X48.471 Y43.898 E0.02142
G1 X49.708 Y43.524 E0.02149
G1 X51 Y43.396 E0.02159
G1 X52.288 Y43.524 E0.02153
G1 X53.525 Y43.898 E0.02149
G1 X54.665 Y44.508 E0.0215
G1 X55.143 Y44.9 E0.01028
G1 X56.4 Y44.9 E0.0209
G1 X56.4 Y42.316 E0.04297
G1 X56.276 Y42.1 E0.00414
G1 X43.6 Y42.1 E0.2108
G1 X43.601 Y57.899 E0.26274
G1 X56.272 Y57.9 E0.21072
G1 X56.4 Y57.683 E0.00419
G1 X56.4 Y55.1 E0.04296
G1 X55.143 Y55.1 E0.0209
G1 X54.663 Y55.494 E0.01033
G1 X53.527 Y56.097 E0.02139
G1 X52.287 Y56.477 E0.02157
G0 F7200 X52.192 Y56.084
;TYPE:WALL-OUTER
G1 F1800 X50.981 Y56.196 E0.02022
G1 X49.805 Y56.084 E0.01965
G1 X48.641 Y55.732 E0.02022
G1 X47.54 Y55.147 E0.02073
G1 X46.628 Y54.395 E0.01966
G1 X45.831 Y53.423 E0.0209
G1 X45.264 Y52.355 E0.02011
G1 X44.916 Y51.2 E0.02006
G1 X44.8 Y49.98 E0.02038
G1 X44.916 Y48.804 E0.01965
G1 X45.279 Y47.605 E0.02083
G1 X45.831 Y46.573 E0.01946
G1 X46.629 Y45.601 E0.02091
G1 X47.573 Y44.831 E0.02026
G1 X48.605 Y44.279 E0.01946
G1 X49.804 Y43.916 E0.02083
G1 X51.02 Y43.8 E0.02031
G1 X52.192 Y43.916 E0.01959
G1 X53.391 Y44.279 E0.02083
G1 X54.423 Y44.831 E0.01946
G1 X55 Y45.3 E0.01237
G1 X56.8 Y45.3 E0.02993
G1 X56.8 Y42.266 E0.05046
G1 X56.639 Y41.879 E0.00697
G1 X56.356 Y41.7 E0.00557
G1 X43.2 Y41.7 E0.21879
G1 X43.201 Y58.299 E0.27604
G1 X56.354 Y58.3 E0.21874
G1 X56.635 Y58.12 E0.00555
G1 X56.8 Y57.734 E0.00698
G1 X56.8 Y54.7 E0.05046
G1 X55 Y54.7 E0.02993
G1 X54.422 Y55.169 E0.01238
G1 X53.355 Y55.732 E0.02006
G1 X52.192 Y56.084 E0.02021
G0 F7200 X51.993 Y56.102
G0 X52.061 Y56.81
G0 X51 Y56.854
G0 X49.663 Y56.722
G0 X48.377 Y56.331
G0 X47.193 Y55.699
G0 X46.153 Y54.847
G0 X45.301 Y53.807
G0 X44.669 Y52.623
G0 X44.279 Y51.343
G0 X44.146 Y50
G0 X44.253 Y48.917
G0 X44.555 Y47.301
;TYPE:SKIN
G1 F1632.7 X44.309 Y47.972 E0.0131
G1 F1376.7 X44.063 Y48.642 E0.01552
G1 F1304.3 X44.05 Y48.584 E0.00136
G1 F1531.9 X43.981 Y47.254 E0.02602
G1 F1800 X43.98 Y42.48 E0.07939
G1 X48.179 Y42.48 E0.06983
G1 F1607.1 X49.509 Y42.528 E0.02479
G1 F1400.8 X49.617 Y42.546 E0.00234
G1 F1437.1 X50.955 Y42.514 E0.02788
G1 X52.375 Y42.546 E0.02958
G1 F1400.8 X52.483 Y42.528 E0.00234
G1 F1607.1 X53.813 Y42.48 E0.02479
G1 F1800 X56.02 Y42.48 E0.0367
G1 X56.02 Y44.52 E0.03393
G1 X55.274 Y44.52 E0.01241
G1 X54.787 Y44.139 E0.01028
G1 X53.691 Y43.555 E0.02065
G1 F1607.1 X52.397 Y43.106 E0.02551
G1 F1400.8 X52.35 Y43.078 E0.00117
G1 F1437.1 X51.023 Y42.982 E0.02771
G1 X49.642 Y43.078 E0.02883
G1 F1400.8 X49.595 Y43.106 E0.00117
G1 F1607.1 X48.301 Y43.555 E0.02551
G1 F1800 X47.138 Y44.175 E0.02192
G1 X46.073 Y45.045 E0.02287
G1 X45.175 Y46.137 E0.02351
G1 X44.555 Y47.301 E0.02193
G0 F7200 X44.063 Y48.642
G1 F1431.4 X44 Y49.98 E0.02801
G1 F1425.7 X44.065 Y51.347 E0.02873
G0 F7200 X45.301 Y53.807
G0 X46.153 Y54.847
G0 X47.193 Y55.699
G0 X48.377 Y56.331
G0 X52.489 Y57.446
G1 F1411.8 X51 Y57.482 E0.03158
G1 F1428.6 X49.616 Y57.45 E0.02901
G1 F1398.1 X49.504 Y57.469 E0.00243
G1 F1607.1 X48.185 Y57.517 E0.02458
G1 F1800 X43.98 Y57.516 E0.06993
G1 X43.98 Y52.736 E0.07949
G1 F1525.4 X44.052 Y51.404 E0.02618
G1 F1295 X44.065 Y51.347 E0.00135
G1 F1368.8 X44.31 Y52.019 E0.01564
G1 F1629 X44.555 Y52.692 E0.01316
G1 F1800 X45.175 Y53.855 E0.02192
G1 X46.045 Y54.923 E0.02291
G1 X47.101 Y55.795 E0.02277
G1 X48.31 Y56.441 E0.0228
G1 F1607.1 X49.591 Y56.89 E0.02528
G1 F1398.1 X49.64 Y56.918 E0.00121
G1 F1428.6 X51 Y57.009 E0.02856
G1 F1411.8 X52.409 Y56.913 E0.02994
G1 F1525.4 X53.682 Y56.441 E0.02664
G1 F1800 X54.79 Y55.853 E0.02086
G1 X55.273 Y55.48 E0.01015
G1 X56.02 Y55.48 E0.01242
G1 X56.02 Y57.519 E0.03391
G1 X53.807 Y57.519 E0.0368
G1 F1525.4 X52.489 Y57.446 E0.0259
G0 F7200 X55.253 Y57.319
G1 F1800 X55.82 Y56.752 E0.01333
G0 F7200 X55.82 Y56.186
G1 F1800 X54.687 Y57.319 E0.02665
G0 F7200 X54.121 Y57.319
G1 F1800 X55.76 Y55.68 E0.03855
G1 X55.83 Y55.61
G0 F7200 X54.8 Y56.074
G1 F1800 X53.58 Y57.294 E0.02869
G0 F7200 X53.07 Y57.238
G1 F1800 X53.626 Y56.682 E0.01308
G0 F7200 X52.631 Y57.112
G1 F1800 X52.561 Y57.182 E0.00165
G0 F7200 X49.306 Y57.043
G1 F1800 X49.098 Y57.251 E0.00489
G0 F7200 X48.899 Y56.884
G1 F1800 X48.488 Y57.295 E0.00967
G0 F7200 X48.492 Y56.726
G1 F1800 X47.901 Y57.317 E0.0139
G0 F7200 X47.335 Y57.317
G1 F1800 X48.097 Y56.554 E0.01793
G0 F7200 X47.728 Y56.359
G1 F1800 X46.769 Y57.317 E0.02254
G0 F7200 X46.204 Y57.317
G1 F1800 X47.358 Y56.162 E0.02715
G0 F7200 X46.991 Y55.963
G1 F1800 X45.638 Y57.317 E0.03183
G0 F7200 X45.072 Y57.317
G1 F1800 X46.68 Y55.709 E0.03782
G0 F7200 X46.37 Y55.453
G1 F1800 X44.507 Y57.317 E0.04383
G0 F7200 X44.18 Y57.078
G1 F1800 X46.06 Y55.198 E0.04421
G0 F7200 X45.778 Y54.914
G1 F1800 X44.18 Y56.512 E0.03758
G0 F7200 X44.18 Y55.946
G1 F1800 X45.524 Y54.603 E0.0316
G0 F7200 X45.269 Y54.292
G1 F1800 X44.18 Y55.381 E0.02561
G0 F7200 X44.18 Y54.815
G1 F1800 X45.014 Y53.981 E0.01961
G0 F7200 X44.818 Y53.611
G1 F1800 X44.18 Y54.249 E0.015
G0 F7200 X44.179 Y53.684
G1 F1800 X44.621 Y53.242 E0.0104
G0 F7200 X44.425 Y52.873
G1 F1800 X44.179 Y53.119 E0.00579
G0 F7200 X44.179 Y52.553
G1 F1800 X44.273 Y52.46 E0.0022
G0 F7200 X44.17 Y50.467
G0 X44.181 Y47.46
G1 F1800 X44.343 Y47.298 E0.00381
G0 F7200 X44.181 Y46.895
G1 F1800 X44.958 Y46.118 E0.01827
G1 X45.028 Y46.048
G0 F7200 X44.181 Y46.329
G1 F1800 X47.83 Y42.68 E0.08582
G0 F7200 X48.381 Y42.694
G1 F1800 X47.115 Y43.961 E0.02979
G1 X47.045 Y44.031
G0 F7200 X47.264 Y42.68
G1 F1800 X44.181 Y45.763 E0.07251
G0 F7200 X44.181 Y45.198
G1 F1800 X46.699 Y42.68 E0.05922
G0 F7200 X46.133 Y42.68
G1 F1800 X44.181 Y44.632 E0.04591
G0 F7200 X44.181 Y44.066
G1 F1800 X45.567 Y42.68 E0.0326
G0 F7200 X45.002 Y42.68
G1 F1800 X44.181 Y43.501 E0.01931
G0 F7200 X44.181 Y42.935
G1 F1800 X44.436 Y42.68 E0.006
G0 F7200 X48.324 Y43.317
G1 F1800 X48.908 Y42.733 E0.01373
G0 F7200 X49.22 Y42.986
G1 F1800 X49.437 Y42.77 E0.00509
G0 F7200 X52.658 Y42.943
G1 F1800 X52.852 Y42.749 E0.00456
G0 F7200 X53.066 Y43.101
G1 F1800 X53.462 Y42.705 E0.00931
G0 F7200 X53.473 Y43.259
G1 F1800 X54.052 Y42.68 E0.01362
G0 F7200 X54.618 Y42.68
G1 F1800 X53.872 Y43.426 E0.01754
G0 F7200 X54.241 Y43.623
G1 F1800 X55.183 Y42.68 E0.02217
G0 F7200 X55.749 Y42.68
G1 F1800 X54.611 Y43.819 E0.02678
G0 F7200 X54.966 Y44.029
G1 F1800 X55.82 Y43.175 E0.02008
G0 F7200 X55.82 Y43.741
G1 F1800 X55.284 Y44.276 E0.01259
G0 F7200 X55.308 Y44.247
;MESH:NONMESH
G0 F600 X55.308 Y44.247 Z19.9
G0 F7200 X52.337 Y43.278
G0 X51 Y43.146
G0 X49.663 Y43.278
G0 X48.377 Y43.669
G0 X47.193 Y44.301
G0 X46.153 Y45.153
G0 X45.301 Y46.193
G0 X44.669 Y47.377
G0 X44.278 Y48.663
G0 X44.146 Y50
G0 X44.279 Y51.343
G0 X44.669 Y52.623
G0 X45.301 Y53.807
G0 X46.153 Y54.847
G0 X47.193 Y55.699
G0 X48.377 Y56.331
G0 X49.663 Y56.722
G0 X50.746 Y56.829
G0 X52.314 Y56.785
G0 X52.285 Y56.477
;TIME_ELAPSED:1387.881069
;LAYER:196
;TYPE:WALL-INNER
;MESH:hold.stl
G1 F3600 X51 Y56.599 E0.02147
G1 X49.708 Y56.476 E0.02158
G1 X48.469 Y56.097 E0.02155
G1 X47.334 Y55.494 E0.02137
G1 X46.328 Y54.666 E0.02167
G1 X45.505 Y53.661 E0.0216
G1 X44.898 Y52.528 E0.02138
G1 X44.523 Y51.289 E0.02153
G1 X44.4 Y50 E0.02153
G1 X44.523 Y48.708 E0.02158
G1 X44.899 Y47.466 E0.02158
G1 X45.505 Y46.335 E0.02134
G1 X46.326 Y45.332 E0.02156
G1 X47.335 Y44.505 E0.0217
G1 X48.471 Y43.898 E0.02142
G1 X49.708 Y43.524 E0.02149
G1 X51 Y43.396 E0.02159
G1 X52.288 Y43.524 E0.02153
G1 X53.525 Y43.898 E0.02149
G1 X54.665 Y44.508 E0.0215
G1 X55.143 Y44.9 E0.01028
G1 X56.4 Y44.9 E0.0209
G1 X56.4 Y42.313 E0.04302
G1 X56.274 Y42.101 E0.0041
G1 X43.6 Y42.1 E0.21077
G1 X43.601 Y57.899 E0.26274
G1 X56.272 Y57.9 E0.21072
G1 X56.4 Y57.683 E0.00419
G1 X56.4 Y55.1 E0.04296
G1 X55.143 Y55.1 E0.0209
G1 X54.66 Y55.497 E0.0104
G1 X53.536 Y56.098 E0.0212
G1 X52.285 Y56.477 E0.02174
G0 F7200 X52.192 Y56.084
;TYPE:WALL-OUTER
G1 F1800 X50.981 Y56.196 E0.02022
G1 X49.805 Y56.084 E0.01965
G1 X48.641 Y55.732 E0.02022
G1 X47.54 Y55.147 E0.02073
G1 X46.628 Y54.395 E0.01966
G1 X45.831 Y53.423 E0.0209
G1 X45.264 Y52.355 E0.02011
G1 X44.916 Y51.196 E0.02012
G1 X44.8 Y49.98 E0.02031
G1 X44.916 Y48.804 E0.01965
G1 X45.279 Y47.605 E0.02083
G1 X45.831 Y46.573 E0.01946
G1 X46.629 Y45.601 E0.02091
G1 X47.573 Y44.831 E0.02026
G1 X48.605 Y44.279 E0.01946
G1 X49.804 Y43.916 E0.02083
G1 X51.02 Y43.8 E0.02031
G1 X52.192 Y43.916 E0.01959
G1 X53.391 Y44.279 E0.02083
G1 X54.423 Y44.831 E0.01946
G1 X55 Y45.3 E0.01237
G1 X56.8 Y45.3 E0.02993
G1 X56.8 Y42.262 E0.05052
G1 X56.635 Y41.879 E0.00694
G1 X56.356 Y41.701 E0.0055
G1 X43.2 Y41.7 E0.21879
G1 X43.201 Y58.299 E0.27604
G1 X56.354 Y58.3 E0.21874
G1 X56.635 Y58.12 E0.00555
G1 X56.8 Y57.734 E0.00698
G1 X56.8 Y54.7 E0.05046
G1 X55 Y54.7 E0.02993
G1 X54.423 Y55.169 E0.01237
G1 X53.363 Y55.732 E0.01996
G1 X52.192 Y56.084 E0.02033
G0 F7200 X51.993 Y56.102
G0 X52.061 Y56.81
G0 X51 Y56.854
G0 X49.663 Y56.722
G0 X48.377 Y56.331
G0 X47.193 Y55.699
G0 X46.153 Y54.847
G0 X45.301 Y53.807
G0 X44.669 Y52.623
G0 X44.279 Y51.34
G0 X44.146 Y50
G0 X44.253 Y48.917
G0 X44.555 Y47.301
;TYPE:SKIN
G1 F1632.7 X44.309 Y47.972 E0.0131
G1 F1376.7 X44.063 Y48.642 E0.01552
G1 F1304.3 X44.05 Y48.584 E0.00136
G1 F1531.9 X43.981 Y47.254 E0.02602
G1 F1800 X43.98 Y42.48 E0.07939
G1 X48.179 Y42.48 E0.06983
G1 F1607.1 X49.509 Y42.528 E0.02479
G1 F1400.8 X49.617 Y42.546 E0.00234
G1 F1437.1 X50.955 Y42.514 E0.02788
G1 X52.375 Y42.546 E0.02958
G1 F1400.8 X52.483 Y42.528 E0.00234
G1 F1607.1 X53.813 Y42.48 E0.02479
G1 F1800 X56.02 Y42.48 E0.0367
G1 X56.02 Y44.52 E0.03393
G1 X55.274 Y44.52 E0.01241
G1 X54.787 Y44.139 E0.01028
G1 X53.691 Y43.555 E0.02065
G1 F1607.1 X52.397 Y43.106 E0.02551
G1 F1400.8 X52.35 Y43.078 E0.00117
G1 F1437.1 X51.023 Y42.982 E0.02771
G1 X49.642 Y43.078 E0.02883
G1 F1400.8 X49.595 Y43.106 E0.00117
G1 F1607.1 X48.301 Y43.555 E0.02551
G1 F1800 X47.138 Y44.175 E0.02192
G1 X46.073 Y45.045 E0.02287
G1 X45.175 Y46.137 E0.02351
G1 X44.555 Y47.301 E0.02193
G0 F7200 X44.063 Y48.642
G1 F1431.4 X44 Y49.98 E0.02801
G1 F1425.7 X44.065 Y51.344 E0.02867
G0 F7200 X45.301 Y53.807
G0 X46.153 Y54.847
G0 X47.193 Y55.699
G0 X48.377 Y56.331
G0 X52.478 Y57.47
G1 F1398.1 X52.368 Y57.451 E0.00239
G1 F1428.6 X51 Y57.482 E0.02867
G1 X49.616 Y57.45 E0.02901
G1 F1398.1 X49.504 Y57.469 E0.00243
G1 F1607.1 X48.185 Y57.517 E0.02458
G1 F1800 X43.98 Y57.516 E0.06993
G1 X43.98 Y52.73 E0.07959
G1 F1525.4 X44.052 Y51.399 E0.02616
G1 F1295 X44.065 Y51.344 E0.00131
G1 F1368.8 X44.308 Y52.016 E0.01563
G1 F1629 X44.551 Y52.687 E0.01311
G1 F1800 X45.175 Y53.855 E0.02202
G1 X46.045 Y54.923 E0.02291
G1 X47.101 Y55.795 E0.02277
G1 X48.31 Y56.441 E0.0228
G1 F1607.1 X49.591 Y56.89 E0.02528
G1 F1398.1 X49.64 Y56.918 E0.00121
G1 F1428.6 X51 Y57.009 E0.02856
G1 X52.344 Y56.918 E0.02823
G1 F1398.1 X52.392 Y56.89 E0.00119
G1 F1607.1 X53.699 Y56.441 E0.02574
G1 F1800 X54.787 Y55.857 E0.02054
G1 X55.273 Y55.48 E0.01023
G1 X56.02 Y55.48 E0.01242
G1 X56.02 Y57.519 E0.03391
G1 X53.819 Y57.519 E0.0366
G1 F1607.1 X52.478 Y57.47 E0.02499
G0 F7200 X44.306 Y57.317
G1 F1800 X44.18 Y57.191 E0.00296
G0 F7200 X44.18 Y56.625
G1 F1800 X44.872 Y57.317 E0.01627
G0 F7200 X45.437 Y57.317
G1 F1800 X44.18 Y56.059 E0.02957
G0 F7200 X44.18 Y55.494
G1 F1800 X46.003 Y57.317 E0.04287
G0 F7200 X46.569 Y57.317
G1 F1800 X44.18 Y54.928 E0.05619
G0 F7200 X44.18 Y54.362
G1 F1800 X47.134 Y57.317 E0.06949
G0 F7200 X47.7 Y57.317
G1 F1800 X44.18 Y53.797 E0.08279
G0 F7200 X44.18 Y53.231
G1 F1800 X45.396 Y54.447 E0.0286
G1 X45.466 Y54.517
G0 F7200 X46.557 Y55.608
G1 F1800 X48.26 Y57.311 E0.04005
G0 F7200 X48.788 Y57.273
G1 F1800 X48.039 Y56.524 E0.01762
G1 X47.969 Y56.454
G0 F7200 X49.008 Y56.928
G1 F1800 X49.315 Y57.235 E0.00722
G0 F7200 X52.564 Y57.09
G1 F1800 X52.713 Y57.239 E0.0035
G0 F7200 X52.973 Y56.933
G1 F1800 X53.323 Y57.283 E0.00823
G0 F7200 X53.382 Y56.776
G1 F1800 X53.925 Y57.319 E0.01277
G0 F7200 X54.49 Y57.319
G1 F1800 X53.79 Y56.619 E0.01646
G0 F7200 X54.159 Y56.421
G1 F1800 X55.056 Y57.319 E0.02111
G0 F7200 X55.622 Y57.319
G1 F1800 X54.527 Y56.224 E0.02575
G0 F7200 X54.893 Y56.025
G1 F1800 X55.82 Y56.951 E0.02179
G0 F7200 X55.82 Y56.385
G1 F1800 X55.213 Y55.779 E0.01426
G0 F7200 X55.68 Y55.68
G1 F1800 X55.82 Y55.82 E0.00329
G0 F7200 X52.337 Y56.722
G0 X51 Y56.854
G0 X49.663 Y56.722
G0 X48.377 Y56.331
G0 X47.193 Y55.699
G0 X46.153 Y54.847
G0 X45.301 Y53.807
G0 X44.669 Y52.623
G0 X44.279 Y51.34
G0 X44.146 Y50
G0 X44.278 Y48.663
G0 X44.669 Y47.377
G0 X45.301 Y46.193
G0 X46.153 Y45.153
G0 X47.193 Y44.301
G0 X48.377 Y43.669
G0 X49.663 Y43.278
G0 X51 Y43.146
G0 X52.203 Y43.265
G0 X55.634 Y44.32
G1 F1800 X53.994 Y42.68 E0.03857
G0 F7200 X53.454 Y42.706
G1 F1800 X54.517 Y43.768 E0.02499
G1 X54.587 Y43.838
G0 F7200 X54.56 Y42.68
G1 F1800 X55.82 Y43.941 E0.02965
G0 F7200 X55.82 Y43.375
G1 F1800 X55.125 Y42.68 E0.01635
G0 F7200 X55.691 Y42.68
G1 F1800 X55.82 Y42.81 E0.00305
G0 F7200 X53.421 Y43.238
G1 F1800 X52.926 Y42.744 E0.01163
G0 F7200 X52.496 Y42.88
G1 F1800 X52.416 Y42.799 E0.00189
G0 F7200 X49.212 Y42.989
G1 F1800 X48.959 Y42.737 E0.00594
G0 F7200 X48.805 Y43.148
G1 F1800 X48.35 Y42.693 E0.0107
G0 F7200 X47.771 Y42.68
G1 F1800 X48.379 Y43.288 E0.0143
G0 F7200 X48.009 Y43.484
G1 F1800 X47.206 Y42.68 E0.0189
G0 F7200 X46.64 Y42.68
G1 F1800 X47.64 Y43.68 E0.02352
G0 F7200 X47.271 Y43.877
G1 F1800 X46.074 Y42.68 E0.02815
G0 F7200 X45.509 Y42.68
G1 F1800 X46.919 Y44.091 E0.03317
G0 F7200 X46.609 Y44.346
G1 F1800 X44.943 Y42.68 E0.03918
G0 F7200 X44.377 Y42.68
G1 F1800 X46.299 Y44.601 E0.04519
G0 F7200 X45.988 Y44.857
G1 F1800 X44.18 Y43.049 E0.04252
G0 F7200 X44.18 Y43.614
G1 F1800 X45.72 Y45.154 E0.03622
G0 F7200 X45.465 Y45.465
G1 F1800 X44.18 Y44.18 E0.03022
G0 F7200 X44.18 Y44.746
G1 F1800 X45.21 Y45.775 E0.02421
G0 F7200 X44.968 Y46.1
G1 F1800 X44.18 Y45.311 E0.01854
G0 F7200 X44.18 Y45.877
G1 F1800 X44.772 Y46.469 E0.01392
G0 F7200 X44.575 Y46.838
G1 F1800 X44.181 Y46.443 E0.00928
G0 F7200 X44.181 Y47.009
G1 F1800 X44.379 Y47.208 E0.00467
G0 F7200 X44.181 Y47.575
G1 F1800 X44.241 Y47.635 E0.00141
G0 F7200 X44.187 Y48.975
G0 X44.18 Y52.665
G1 F1800 X44.465 Y52.95 E0.0067
G0 F7200 X44.441 Y52.961
;MESH:NONMESH
G0 F600 X44.441 Y52.961 Z20
G0 F7200 X46.153 Y54.847
G0 X47.193 Y55.699
G0 X48.377 Y56.331
G0 X49.663 Y56.722
G0 X50.746 Y56.829
G0 X52.316 Y56.785
G0 X52.287 Y56.477
;TIME_ELAPSED:1398.791061
;LAYER:197
;TYPE:WALL-INNER
;MESH:hold.stl
G1 F3600 X51 Y56.599 E0.0215
G1 X49.708 Y56.476 E0.02158
G1 X48.469 Y56.097 E0.02155
G1 X47.334 Y55.494 E0.02137
G1 X46.328 Y54.666 E0.02167
G1 X45.505 Y53.661 E0.0216
G1 X44.899 Y52.53 E0.02134
G1 X44.523 Y51.288 E0.02158
G1 X44.4 Y50 E0.02152
G1 X44.523 Y48.708 E0.02158
G1 X44.899 Y47.466 E0.02158
G1 X45.505 Y46.335 E0.02134
G1 X46.326 Y45.332 E0.02156
G1 X47.335 Y44.505 E0.0217
G1 X48.471 Y43.898 E0.02142
G1 X49.708 Y43.524 E0.02149
G1 X51 Y43.396 E0.02159
G1 X52.288 Y43.524 E0.02153
G1 X53.525 Y43.898 E0.02149
G1 X54.665 Y44.508 E0.0215
G1 X55.143 Y44.9 E0.01028
G1 X56.4 Y44.9 E0.0209
G1 X56.4 Y42.313 E0.04302
G1 X56.274 Y42.101 E0.0041
G1 X43.6 Y42.1 E0.21077
G1 X43.601 Y57.899 E0.26274
G1 X56.272 Y57.9 E0.21072
G1 X56.4 Y57.683 E0.00419
G1 X56.4 Y55.1 E0.04296
G1 X55.143 Y55.1 E0.0209
G1 X54.663 Y55.494 E0.01033
G1 X53.527 Y56.097 E0.02139
G1 X52.287 Y56.477 E0.02157
G0 F7200 X52.192 Y56.084
;TYPE:WALL-OUTER
G1 F1800 X50.981 Y56.196 E0.02022
G1 X49.805 Y56.084 E0.01965
G1 X48.641 Y55.732 E0.02022
G1 X47.54 Y55.147 E0.02073
G1 X46.628 Y54.395 E0.01966
G1 X45.831 Y53.423 E0.0209
G1 X45.279 Y52.391 E0.01946
G1 X44.916 Y51.192 E0.02083
G1 X44.8 Y49.98 E0.02025
G1 X44.916 Y48.804 E0.01965
G1 X45.279 Y47.605 E0.02083
G1 X45.831 Y46.573 E0.01946
G1 X46.629 Y45.601 E0.02091
G1 X47.573 Y44.831 E0.02026
G1 X48.605 Y44.279 E0.01946
G1 X49.804 Y43.916 E0.02083
G1 X51.02 Y43.8 E0.02031
G1 X52.192 Y43.916 E0.01959
G1 X53.391 Y44.279 E0.02083
G1 X54.423 Y44.831 E0.01946
G1 X55 Y45.3 E0.01237
G1 X56.8 Y45.3 E0.02993
G1 X56.8 Y42.262 E0.05052
G1 X56.635 Y41.879 E0.00694
G1 X56.356 Y41.701 E0.0055
G1 X43.2 Y41.7 E0.21879
G1 X43.201 Y58.299 E0.27604
G1 X56.354 Y58.3 E0.21874
G1 X56.635 Y58.12 E0.00555
G1 X56.8 Y57.734 E0.00698
G1 X56.8 Y54.7 E0.05046
G1 X55 Y54.7 E0.02993
G1 X54.422 Y55.169 E0.01238
G1 X53.355 Y55.732 E0.02006
G1 X52.192 Y56.084 E0.02021
G0 F7200 X51.993 Y56.102
G0 X52.061 Y56.81
G0 X51 Y56.854
G0 X49.663 Y56.722
G0 X48.377 Y56.331
G0 X47.193 Y55.699
G0 X46.154 Y54.847
G0 X45.302 Y53.809
G0 X44.669 Y52.623
G0 X44.278 Y51.338
G0 X44.146 Y50
G0 X44.253 Y48.917
G0 X44.555 Y47.301
;TYPE:SKIN
G1 F1632.7 X44.309 Y47.972 E0.0131
G1 F1376.7 X44.063 Y48.642 E0.01552
G1 F1304.3 X44.05 Y48.584 E0.00136
G1 F1531.9 X43.981 Y47.254 E0.02602
G1 F1800 X43.98 Y42.48 E0.07939
G1 X48.179 Y42.48 E0.06983
G1 F1607.1 X49.509 Y42.528 E0.02479
G1 F1400.8 X49.617 Y42.546 E0.00234
G1 F1437.1 X50.955 Y42.514 E0.02788
G1 X52.375 Y42.546 E0.02958
G1 F1400.8 X52.483 Y42.528 E0.00234
G1 F1607.1 X53.813 Y42.48 E0.02479
G1 F1800 X56.02 Y42.48 E0.0367
G1 X56.02 Y44.52 E0.03393
G1 X55.274 Y44.52 E0.01241
G1 X54.787 Y44.139 E0.01028
G1 X53.691 Y43.555 E0.02065
G1 F1607.1 X52.397 Y43.106 E0.02551
G1 F1400.8 X52.35 Y43.078 E0.00117
G1 F1437.1 X51.023 Y42.982 E0.02771
G1 X49.642 Y43.078 E0.02883
G1 F1400.8 X49.595 Y43.106 E0.00117
G1 F1607.1 X48.301 Y43.555 E0.02551
G1 F1800 X47.138 Y44.175 E0.02192
G1 X46.073 Y45.045 E0.02287
G1 X45.175 Y46.137 E0.02351
G1 X44.555 Y47.301 E0.02193
G0 F7200 X44.063 Y48.642
G1 F1431.4 X44 Y49.98 E0.02801
G1 F1425.7 X44.065 Y51.34 E0.02859
G0 F7200 X45.302 Y53.809
G0 X46.154 Y54.847
G0 X47.193 Y55.699
G0 X48.377 Y56.331
G0 X52.489 Y57.446
G1 F1411.8 X51 Y57.482 E0.03158
G1 F1428.6 X49.616 Y57.45 E0.02901
G1 F1398.1 X49.504 Y57.469 E0.00243
G1 F1607.1 X48.185 Y57.517 E0.02458
G1 F1800 X43.98 Y57.516 E0.06993
G1 X43.98 Y52.733 E0.07954
G1 F1525.4 X44.052 Y51.394 E0.02631
G1 F1295 X44.065 Y51.34 E0.00128
G1 F1368.8 X44.308 Y52.016 E0.01571
G1 F1629 X44.551 Y52.691 E0.01318
G1 F1800 X45.175 Y53.855 E0.02196
G1 X46.045 Y54.923 E0.02291
G1 X47.101 Y55.795 E0.02277
G1 X48.31 Y56.441 E0.0228
G1 F1607.1 X49.591 Y56.89 E0.02528
G1 F1398.1 X49.64 Y56.918 E0.00121
G1 F1428.6 X51 Y57.009 E0.02856
G1 F1411.8 X52.409 Y56.913 E0.02994
G1 F1525.4 X53.682 Y56.441 E0.02664
G1 F1800 X54.79 Y55.853 E0.02086
G1 X55.273 Y55.48 E0.01015
G1 X56.02 Y55.48 E0.01242
G1 X56.02 Y57.519 E0.03391
G1 X53.807 Y57.519 E0.0368
G1 F1525.4 X52.489 Y57.446 E0.0259
G0 F7200 X55.253 Y57.319
G1 F1800 X55.82 Y56.752 E0.01333
G0 F7200 X55.82 Y56.186
G1 F1800 X54.687 Y57.319 E0.02665
G0 F7200 X54.121 Y57.319
G1 F1800 X55.76 Y55.68 E0.03855
G1 X55.83 Y55.61
G0 F7200 X54.8 Y56.074
G1 F1800 X53.58 Y57.294 E0.02869
G0 F7200 X53.071 Y57.237
G1 F1800 X53.626 Y56.682 E0.01305
G0 F7200 X52.631 Y57.112
G1 F1800 X52.561 Y57.182 E0.00165
G0 F7200 X49.306 Y57.043
G1 F1800 X49.098 Y57.251 E0.00489
G0 F7200 X48.899 Y56.884
G1 F1800 X48.488 Y57.295 E0.00967
G0 F7200 X48.492 Y56.726
G1 F1800 X47.901 Y57.317 E0.0139
G0 F7200 X47.335 Y57.317
G1 F1800 X48.097 Y56.554 E0.01793
G0 F7200 X47.728 Y56.359
G1 F1800 X46.769 Y57.317 E0.02254
G0 F7200 X46.204 Y57.317
G1 F1800 X47.358 Y56.162 E0.02715
G0 F7200 X46.991 Y55.963
G1 F1800 X45.638 Y57.317 E0.03183
G0 F7200 X45.072 Y57.317
G1 F1800 X46.68 Y55.709 E0.03782
G0 F7200 X46.37 Y55.453
G1 F1800 X44.507 Y57.317 E0.04383
G0 F7200 X44.18 Y57.078
G1 F1800 X46.06 Y55.198 E0.04421
G0 F7200 X45.778 Y54.914
G1 F1800 X44.18 Y56.512 E0.03758
G0 F7200 X44.18 Y55.946
G1 F1800 X45.524 Y54.603 E0.0316
G0 F7200 X45.269 Y54.292
G1 F1800 X44.18 Y55.381 E0.02561
G0 F7200 X44.18 Y54.815
G1 F1800 X45.015 Y53.98 E0.01964
G0 F7200 X44.817 Y53.612
G1 F1800 X44.18 Y54.249 E0.01498
G0 F7200 X44.18 Y53.684
G1 F1800 X44.62 Y53.244 E0.01035
G0 F7200 X44.423 Y52.875
G1 F1800 X44.18 Y53.118 E0.00571
G0 F7200 X44.18 Y52.552
G1 F1800 X44.271 Y52.462 E0.00213
G0 F7200 X44.17 Y50.468
G0 X44.181 Y47.46
G1 F1800 X44.343 Y47.298 E0.00381
G0 F7200 X44.181 Y46.895
G1 F1800 X44.958 Y46.118 E0.01827
G1 X45.028 Y46.048
G0 F7200 X44.181 Y46.329
G1 F1800 X47.83 Y42.68 E0.08582
G0 F7200 X48.381 Y42.694
G1 F1800 X47.115 Y43.961 E0.02979
G1 X47.045 Y44.031
G0 F7200 X47.264 Y42.68
G1 F1800 X44.181 Y45.763 E0.07251
G0 F7200 X44.181 Y45.198
G1 F1800 X46.699 Y42.68 E0.05922
G0 F7200 X46.133 Y42.68
G1 F1800 X44.181 Y44.632 E0.04591
G0 F7200 X44.181 Y44.066
G1 F1800 X45.567 Y42.68 E0.0326
G0 F7200 X45.002 Y42.68
G1 F1800 X44.181 Y43.501 E0.01931
G0 F7200 X44.181 Y42.935
G1 F1800 X44.436 Y42.68 E0.006
G0 F7200 X48.297 Y43.344
G1 F1800 X48.908 Y42.733 E0.01437
G0 F7200 X49.22 Y42.986
G1 F1800 X49.437 Y42.77 E0.00509
G0 F7200 X52.658 Y42.943
G1 F1800 X52.852 Y42.749 E0.00456
G0 F7200 X53.066 Y43.101
G1 F1800 X53.462 Y42.705 E0.00931
G0 F7200 X53.474 Y43.259
G1 F1800 X54.052 Y42.68 E0.01361
G0 F7200 X54.618 Y42.68
G1 F1800 X53.872 Y43.426 E0.01754
G0 F7200 X54.241 Y43.622
G1 F1800 X55.183 Y42.68 E0.02215
G0 F7200 X55.749 Y42.68
G1 F1800 X54.611 Y43.819 E0.02678
G0 F7200 X54.966 Y44.029
G1 F1800 X55.82 Y43.175 E0.02008
G0 F7200 X55.82 Y43.741
G1 F1800 X55.284 Y44.276 E0.01259
G0 F7200 X55.308 Y44.248
;TIME_ELAPSED:1409.182076
G1 F1500 E-6.5
M82 ;absolute extrusion mode
M107
M104 S0
M140 S0
;Retract the filament
G92 E1
G1 E-1 F300
G28 X0 Y0
M84
M83 ;relative extrusion mode
M104 S0
;End of Gcode
;SETTING_3 {"global_quality": "[general]\\nversion = 4\\nname = Fine #2\\ndefini
;SETTING_3 tion = custom\\n\\n[metadata]\\ntype = quality_changes\\nquality_type
;SETTING_3  = normal\\nsetting_version = 25\\n\\n[values]\\nadhesion_type = none
;SETTING_3 \\n\\n", "extruder_quality": ["[general]\\nversion = 4\\nname = Fine 
;SETTING_3 #2\\ndefinition = fdmprinter\\n\\n[metadata]\\ntype = quality_changes
;SETTING_3 \\nquality_type = normal\\nsetting_version = 25\\nposition = 0\\n\\n[
;SETTING_3 values]\\n\\n"]}
